lcr name:,KeySight E4980A
Name and description of Resistor under test: ,BPO coaxial zero
GPIB source:,<bound method MessageBasedResource.read of <'GPIBInstrument'('GPIB0::17::INSTR')>>
2022-09-12,11:34:36
select the freq range,"[50, 100, 200, 300, 500, 800, 1000, 1591.5494309189535, 2000, 3000, 5000]"
50.0,-0.02911678479,0.002081776088
50.0,-0.02904384035,0.002082247802
50.0,-0.02906496386,0.00208138389
50.0,-0.02868035888,0.002080224763
50.0,-0.02752371111,0.002079678558
50.0,-0.0258526892,0.002079303083
50.0,-0.02449858391,0.00208201118
50.0,-0.02511409181,0.002084252967
50.0,-0.0249080402,0.002083785377
50.0,-0.02440677789,0.002082048372
50.0,-0.02732408673,0.002079608874
50.0,-0.02741960476,0.002084412772
50.0,-0.02613633214,0.00208015007
50.0,-0.02937938454,0.0020824045
50.0,-0.02778574412,0.002083908836
50.0,-0.02836215517,0.002084594913
Freq,50,Rp,0.0020819870028125,1.827024718763106e-06,Cp,-0.027163571841249998,0.0017698291650470256
":SOUR:DCS:STAT OFF;:BIAS:STAT OFF;:COMP:BIN:COUN:CLE;:LIST:CLE:ALL;:COMP:BIN:CLE;:AMPL:ALC ON;:APER LONG,16;:BIAS:POL:AUTO OFF;:BIAS:RANG:AUTO ON;:BIAS:VOLT:LEV 0;:COMP:ABIN OFF;:COMP:BIN:COUN:STAT OFF;:COMP:MODE PTOL;:COMP:SLIM -9.9e+037,9.9e+037;:COMP:STAT OFF;:COMP:SWAP OFF;:COMP:TOL:NOM 0;:CURR:LEV 0.1;:DISP:ENAB ON;:DISP:LINE """";:DISP:WIND:TEXT1:DATA:FMSD:DATA 1e-009;:DISP:WIND:TEXT2:DATA:FMSD:DATA 1e-009;:FORM:ASC:LONG ON;:FORM:BORD NORM;:FORM:DATA ASC,64;:FREQ:CW 50;:FUNC:DEV1:MODE OFF;:FUNC:DEV1:REF:VAL 0;:FUNC:DEV2:MODE OFF;:FUNC:DEV2:REF:VAL 0;:FUNC:IMP:TYPE CPRP;:FUNC:SMON:IDC:STAT OFF;:FUNC:SMON:VDC:STAT OFF;:INIT:CONT OFF;:LIST:MODE SEQ;:LIST:STIM:TYPE FREQ,NONE;:SOUR:DCS:VOLT:LEV 0;:TRIG:DEL 0;:TRIG:SOUR INT;:TRIG:TDEL 0;:DISP:WIND:TEXT1:DATA:FMSD:STAT OFF;:DISP:WIND:TEXT2:DATA:FMSD:STAT OFF;:FUNC:DCR:RANG:VAL 100;:FUNC:IMP:RANG:VAL 0.1;:OUTP:DC:ISOL:LEV:VAL 0.1;:OUTP:DC:ISOL:STAT OFF;:FUNC:DCR:RANG:AUTO ON;:FUNC:IMP:RANG:AUTO ON;:OUTP:DC:ISOL:LEV:AUTO ON;:DISP:PAGE MEASurement;
"
100.0,-0.01429498129,0.002063497398
100.0,-0.01409939799,0.002063480705
100.0,-0.01429622717,0.002063396914
100.0,-0.01419761429,0.002063300604
100.0,-0.01449859516,0.002063287434
100.0,-0.01430099046,0.002063281517
100.0,-0.01421182924,0.002063498374
100.0,-0.01421714849,0.002063488397
100.0,-0.01426027233,0.002063542139
100.0,-0.0142540987,0.002063366854
100.0,-0.01420265047,0.002063539951
100.0,-0.01413451525,0.002063697905
100.0,-0.01419277244,0.002063295263
100.0,-0.01416383499,0.002063657086
100.0,-0.0143348762,0.002063126897
100.0,-0.01407985957,0.002063894728
Freq,100,Rp,0.002063459510375,1.896427722974104e-07,Cp,-0.0142337290025,0.00010159971869477893
":SOUR:DCS:STAT OFF;:BIAS:STAT OFF;:COMP:BIN:COUN:CLE;:LIST:CLE:ALL;:COMP:BIN:CLE;:AMPL:ALC ON;:APER LONG,16;:BIAS:POL:AUTO OFF;:BIAS:RANG:AUTO ON;:BIAS:VOLT:LEV 0;:COMP:ABIN OFF;:COMP:BIN:COUN:STAT OFF;:COMP:MODE PTOL;:COMP:SLIM -9.9e+037,9.9e+037;:COMP:STAT OFF;:COMP:SWAP OFF;:COMP:TOL:NOM 0;:CURR:LEV 0.1;:DISP:ENAB ON;:DISP:LINE """";:DISP:WIND:TEXT1:DATA:FMSD:DATA 1e-009;:DISP:WIND:TEXT2:DATA:FMSD:DATA 1e-009;:FORM:ASC:LONG ON;:FORM:BORD NORM;:FORM:DATA ASC,64;:FREQ:CW 100;:FUNC:DEV1:MODE OFF;:FUNC:DEV1:REF:VAL 0;:FUNC:DEV2:MODE OFF;:FUNC:DEV2:REF:VAL 0;:FUNC:IMP:TYPE CPRP;:FUNC:SMON:IDC:STAT OFF;:FUNC:SMON:VDC:STAT OFF;:INIT:CONT OFF;:LIST:MODE SEQ;:LIST:STIM:TYPE FREQ,NONE;:SOUR:DCS:VOLT:LEV 0;:TRIG:DEL 0;:TRIG:SOUR INT;:TRIG:TDEL 0;:DISP:WIND:TEXT1:DATA:FMSD:STAT OFF;:DISP:WIND:TEXT2:DATA:FMSD:STAT OFF;:FUNC:DCR:RANG:VAL 100;:FUNC:IMP:RANG:VAL 0.1;:OUTP:DC:ISOL:LEV:VAL 0.1;:OUTP:DC:ISOL:STAT OFF;:FUNC:DCR:RANG:AUTO ON;:FUNC:IMP:RANG:AUTO ON;:OUTP:DC:ISOL:LEV:AUTO ON;:DISP:PAGE MEASurement;
"
200.0,-0.01304653422,0.002086027517
200.0,-0.01302237999,0.002085975198
200.0,-0.01304173713,0.002085966545
200.0,-0.01309331974,0.002085904002
200.0,-0.01302816347,0.002085972151
200.0,-0.01304066371,0.002085967512
200.0,-0.01299949057,0.002085935235
200.0,-0.01309121512,0.002085936288
200.0,-0.01303459089,0.002085922205
200.0,-0.0130914678,0.002085914511
200.0,-0.01303578777,0.002085707045
200.0,-0.01307451996,0.002085831963
200.0,-0.01301277508,0.002085572216
200.0,-0.01304685664,0.002086003377
200.0,-0.0130530743,0.002085731426
200.0,-0.01301755808,0.002086049048
Freq,200,Rp,0.0020859010149375,1.2909712317243775e-07,Cp,-0.013045633404375,2.880544607269014e-05
":SOUR:DCS:STAT OFF;:BIAS:STAT OFF;:COMP:BIN:COUN:CLE;:LIST:CLE:ALL;:COMP:BIN:CLE;:AMPL:ALC ON;:APER LONG,16;:BIAS:POL:AUTO OFF;:BIAS:RANG:AUTO ON;:BIAS:VOLT:LEV 0;:COMP:ABIN OFF;:COMP:BIN:COUN:STAT OFF;:COMP:MODE PTOL;:COMP:SLIM -9.9e+037,9.9e+037;:COMP:STAT OFF;:COMP:SWAP OFF;:COMP:TOL:NOM 0;:CURR:LEV 0.1;:DISP:ENAB ON;:DISP:LINE """";:DISP:WIND:TEXT1:DATA:FMSD:DATA 1e-009;:DISP:WIND:TEXT2:DATA:FMSD:DATA 1e-009;:FORM:ASC:LONG ON;:FORM:BORD NORM;:FORM:DATA ASC,64;:FREQ:CW 200;:FUNC:DEV1:MODE OFF;:FUNC:DEV1:REF:VAL 0;:FUNC:DEV2:MODE OFF;:FUNC:DEV2:REF:VAL 0;:FUNC:IMP:TYPE CPRP;:FUNC:SMON:IDC:STAT OFF;:FUNC:SMON:VDC:STAT OFF;:INIT:CONT OFF;:LIST:MODE SEQ;:LIST:STIM:TYPE FREQ,NONE;:SOUR:DCS:VOLT:LEV 0;:TRIG:DEL 0;:TRIG:SOUR INT;:TRIG:TDEL 0;:DISP:WIND:TEXT1:DATA:FMSD:STAT OFF;:DISP:WIND:TEXT2:DATA:FMSD:STAT OFF;:FUNC:DCR:RANG:VAL 100;:FUNC:IMP:RANG:VAL 0.1;:OUTP:DC:ISOL:LEV:VAL 0.1;:OUTP:DC:ISOL:STAT OFF;:FUNC:DCR:RANG:AUTO ON;:FUNC:IMP:RANG:AUTO ON;:OUTP:DC:ISOL:LEV:AUTO ON;:DISP:PAGE MEASurement;
"
300.0,-0.009884475664,0.002094268786
300.0,-0.009897022968,0.002093915286
300.0,-0.009882594156,0.002094486837
300.0,-0.009883890538,0.002094301814
300.0,-0.009893890919,0.002094163473
300.0,-0.0098962405,0.002094014085
300.0,-0.009874799194,0.002094561029
300.0,-0.009866297978,0.002094129248
300.0,-0.009901459028,0.002094222362
300.0,-0.009884258577,0.002094129518
300.0,-0.009906210216,0.002094466074
300.0,-0.009906069364,0.002094396098
300.0,-0.009888577344,0.00209446796
300.0,-0.009899704353,0.002094563599
300.0,-0.009877943397,0.002094295209
300.0,-0.00988330531,0.002094218966
Freq,300,Rp,0.0020942875214999997,1.9240064870748474e-07,Cp,-0.009889171219125,1.148797518081e-05
":SOUR:DCS:STAT OFF;:BIAS:STAT OFF;:COMP:BIN:COUN:CLE;:LIST:CLE:ALL;:COMP:BIN:CLE;:AMPL:ALC ON;:APER LONG,16;:BIAS:POL:AUTO OFF;:BIAS:RANG:AUTO ON;:BIAS:VOLT:LEV 0;:COMP:ABIN OFF;:COMP:BIN:COUN:STAT OFF;:COMP:MODE PTOL;:COMP:SLIM -9.9e+037,9.9e+037;:COMP:STAT OFF;:COMP:SWAP OFF;:COMP:TOL:NOM 0;:CURR:LEV 0.1;:DISP:ENAB ON;:DISP:LINE """";:DISP:WIND:TEXT1:DATA:FMSD:DATA 1e-009;:DISP:WIND:TEXT2:DATA:FMSD:DATA 1e-009;:FORM:ASC:LONG ON;:FORM:BORD NORM;:FORM:DATA ASC,64;:FREQ:CW 300;:FUNC:DEV1:MODE OFF;:FUNC:DEV1:REF:VAL 0;:FUNC:DEV2:MODE OFF;:FUNC:DEV2:REF:VAL 0;:FUNC:IMP:TYPE CPRP;:FUNC:SMON:IDC:STAT OFF;:FUNC:SMON:VDC:STAT OFF;:INIT:CONT OFF;:LIST:MODE SEQ;:LIST:STIM:TYPE FREQ,NONE;:SOUR:DCS:VOLT:LEV 0;:TRIG:DEL 0;:TRIG:SOUR INT;:TRIG:TDEL 0;:DISP:WIND:TEXT1:DATA:FMSD:STAT OFF;:DISP:WIND:TEXT2:DATA:FMSD:STAT OFF;:FUNC:DCR:RANG:VAL 100;:FUNC:IMP:RANG:VAL 0.1;:OUTP:DC:ISOL:LEV:VAL 0.1;:OUTP:DC:ISOL:STAT OFF;:FUNC:DCR:RANG:AUTO ON;:FUNC:IMP:RANG:AUTO ON;:OUTP:DC:ISOL:LEV:AUTO ON;:DISP:PAGE MEASurement;
"
500.0,-0.008172375504,0.002107894428
500.0,-0.008191549175,0.002108136916
500.0,-0.008171615013,0.002107977258
500.0,-0.008183821993,0.002107886135
500.0,-0.00816915966,0.002107936132
500.0,-0.008167185781,0.002107755301
500.0,-0.00816161234,0.002108017416
500.0,-0.00817143039,0.002107665943
500.0,-0.008181687896,0.002107945502
500.0,-0.008171336489,0.002107899099
500.0,-0.008180202845,0.002107532594
500.0,-0.008182163675,0.002107924147
500.0,-0.008175019885,0.002107893721
500.0,-0.008171188543,0.002107634151
500.0,-0.008186812602,0.002107742119
500.0,-0.008151755197,0.002107831812
Freq,500,Rp,0.002107854542125,1.5448920552661817e-07,Cp,-0.00817430731175,9.934579599231472e-06
":SOUR:DCS:STAT OFF;:BIAS:STAT OFF;:COMP:BIN:COUN:CLE;:LIST:CLE:ALL;:COMP:BIN:CLE;:AMPL:ALC ON;:APER LONG,16;:BIAS:POL:AUTO OFF;:BIAS:RANG:AUTO ON;:BIAS:VOLT:LEV 0;:COMP:ABIN OFF;:COMP:BIN:COUN:STAT OFF;:COMP:MODE PTOL;:COMP:SLIM -9.9e+037,9.9e+037;:COMP:STAT OFF;:COMP:SWAP OFF;:COMP:TOL:NOM 0;:CURR:LEV 0.1;:DISP:ENAB ON;:DISP:LINE """";:DISP:WIND:TEXT1:DATA:FMSD:DATA 1e-009;:DISP:WIND:TEXT2:DATA:FMSD:DATA 1e-009;:FORM:ASC:LONG ON;:FORM:BORD NORM;:FORM:DATA ASC,64;:FREQ:CW 500;:FUNC:DEV1:MODE OFF;:FUNC:DEV1:REF:VAL 0;:FUNC:DEV2:MODE OFF;:FUNC:DEV2:REF:VAL 0;:FUNC:IMP:TYPE CPRP;:FUNC:SMON:IDC:STAT OFF;:FUNC:SMON:VDC:STAT OFF;:INIT:CONT OFF;:LIST:MODE SEQ;:LIST:STIM:TYPE FREQ,NONE;:SOUR:DCS:VOLT:LEV 0;:TRIG:DEL 0;:TRIG:SOUR INT;:TRIG:TDEL 0;:DISP:WIND:TEXT1:DATA:FMSD:STAT OFF;:DISP:WIND:TEXT2:DATA:FMSD:STAT OFF;:FUNC:DCR:RANG:VAL 100;:FUNC:IMP:RANG:VAL 0.1;:OUTP:DC:ISOL:LEV:VAL 0.1;:OUTP:DC:ISOL:STAT OFF;:FUNC:DCR:RANG:AUTO ON;:FUNC:IMP:RANG:AUTO ON;:OUTP:DC:ISOL:LEV:AUTO ON;:DISP:PAGE MEASurement;
"
800.0,-0.007584323375,0.002123660308
800.0,-0.007583740517,0.002123632433
800.0,-0.007579230671,0.002123629801
800.0,-0.007579983447,0.002123665952
800.0,-0.00758066077,0.002123754067
800.0,-0.007581061279,0.002123766601
800.0,-0.007577062915,0.002123626282
800.0,-0.007577453888,0.002123525382
800.0,-0.007578266109,0.002123625802
800.0,-0.007588528273,0.002123522364
800.0,-0.007583772667,0.002123643828
800.0,-0.007579466371,0.002123535138
800.0,-0.007576523942,0.002123490128
800.0,-0.007577972067,0.002123582378
800.0,-0.007585001063,0.002123602502
800.0,-0.007577426091,0.002123439897
Freq,800,Rp,0.0021236064289375,8.864131083827173e-08,Cp,-0.0075806545903124994,3.475420106251183e-06
":SOUR:DCS:STAT OFF;:BIAS:STAT OFF;:COMP:BIN:COUN:CLE;:LIST:CLE:ALL;:COMP:BIN:CLE;:AMPL:ALC ON;:APER LONG,16;:BIAS:POL:AUTO OFF;:BIAS:RANG:AUTO ON;:BIAS:VOLT:LEV 0;:COMP:ABIN OFF;:COMP:BIN:COUN:STAT OFF;:COMP:MODE PTOL;:COMP:SLIM -9.9e+037,9.9e+037;:COMP:STAT OFF;:COMP:SWAP OFF;:COMP:TOL:NOM 0;:CURR:LEV 0.1;:DISP:ENAB ON;:DISP:LINE """";:DISP:WIND:TEXT1:DATA:FMSD:DATA 1e-009;:DISP:WIND:TEXT2:DATA:FMSD:DATA 1e-009;:FORM:ASC:LONG ON;:FORM:BORD NORM;:FORM:DATA ASC,64;:FREQ:CW 800;:FUNC:DEV1:MODE OFF;:FUNC:DEV1:REF:VAL 0;:FUNC:DEV2:MODE OFF;:FUNC:DEV2:REF:VAL 0;:FUNC:IMP:TYPE CPRP;:FUNC:SMON:IDC:STAT OFF;:FUNC:SMON:VDC:STAT OFF;:INIT:CONT OFF;:LIST:MODE SEQ;:LIST:STIM:TYPE FREQ,NONE;:SOUR:DCS:VOLT:LEV 0;:TRIG:DEL 0;:TRIG:SOUR INT;:TRIG:TDEL 0;:DISP:WIND:TEXT1:DATA:FMSD:STAT OFF;:DISP:WIND:TEXT2:DATA:FMSD:STAT OFF;:FUNC:DCR:RANG:VAL 100;:FUNC:IMP:RANG:VAL 0.1;:OUTP:DC:ISOL:LEV:VAL 0.1;:OUTP:DC:ISOL:STAT OFF;:FUNC:DCR:RANG:AUTO ON;:FUNC:IMP:RANG:AUTO ON;:OUTP:DC:ISOL:LEV:AUTO ON;:DISP:PAGE MEASurement;
"
1000.0,-0.007414916704,0.00212263575
1000.0,-0.007421497986,0.002122637091
1000.0,-0.007423445487,0.002122900731
1000.0,-0.007415446297,0.002122596122
1000.0,-0.007416629232,0.002122561495
1000.0,-0.00741384163,0.002122615767
1000.0,-0.007419496054,0.002122576913
1000.0,-0.007407326332,0.002122684865
1000.0,-0.007419226318,0.00212260804
1000.0,-0.007422848254,0.002122586482
1000.0,-0.007421973298,0.002122684961
1000.0,-0.007414047295,0.002122716103
1000.0,-0.007424685227,0.002122600497
1000.0,-0.007421695028,0.002122549258
1000.0,-0.007414795331,0.002122687319
1000.0,-0.007423618164,0.002122694786
Freq,1000,Rp,0.00212264601125,8.517878229276333e-08,Cp,-0.0074184680398125,4.805193984332118e-06
":SOUR:DCS:STAT OFF;:BIAS:STAT OFF;:COMP:BIN:COUN:CLE;:LIST:CLE:ALL;:COMP:BIN:CLE;:AMPL:ALC ON;:APER LONG,16;:BIAS:POL:AUTO OFF;:BIAS:RANG:AUTO ON;:BIAS:VOLT:LEV 0;:COMP:ABIN OFF;:COMP:BIN:COUN:STAT OFF;:COMP:MODE PTOL;:COMP:SLIM -9.9e+037,9.9e+037;:COMP:STAT OFF;:COMP:SWAP OFF;:COMP:TOL:NOM 0;:CURR:LEV 0.1;:DISP:ENAB ON;:DISP:LINE """";:DISP:WIND:TEXT1:DATA:FMSD:DATA 1e-009;:DISP:WIND:TEXT2:DATA:FMSD:DATA 1e-009;:FORM:ASC:LONG ON;:FORM:BORD NORM;:FORM:DATA ASC,64;:FREQ:CW 1000;:FUNC:DEV1:MODE OFF;:FUNC:DEV1:REF:VAL 0;:FUNC:DEV2:MODE OFF;:FUNC:DEV2:REF:VAL 0;:FUNC:IMP:TYPE CPRP;:FUNC:SMON:IDC:STAT OFF;:FUNC:SMON:VDC:STAT OFF;:INIT:CONT OFF;:LIST:MODE SEQ;:LIST:STIM:TYPE FREQ,NONE;:SOUR:DCS:VOLT:LEV 0;:TRIG:DEL 0;:TRIG:SOUR INT;:TRIG:TDEL 0;:DISP:WIND:TEXT1:DATA:FMSD:STAT OFF;:DISP:WIND:TEXT2:DATA:FMSD:STAT OFF;:FUNC:DCR:RANG:VAL 100;:FUNC:IMP:RANG:VAL 0.1;:OUTP:DC:ISOL:LEV:VAL 0.1;:OUTP:DC:ISOL:STAT OFF;:FUNC:DCR:RANG:AUTO ON;:FUNC:IMP:RANG:AUTO ON;:OUTP:DC:ISOL:LEV:AUTO ON;:DISP:PAGE MEASurement;
"
1591.5494309189535,-0.007283525941,0.002150238371
1591.5494309189535,-0.007282786903,0.002150051738
1591.5494309189535,-0.007285276605,0.002150019213
1591.5494309189535,-0.007284873342,0.002149983316
1591.5494309189535,-0.007284736278,0.002150052096
1591.5494309189535,-0.007283441489,0.002150053407
1591.5494309189535,-0.007287861492,0.002150291655
1591.5494309189535,-0.007284831598,0.002150238026
1591.5494309189535,-0.007287859247,0.002150295147
1591.5494309189535,-0.007283735305,0.002150179522
1591.5494309189535,-0.007286491261,0.002150018864
1591.5494309189535,-0.007282939982,0.002149968655
1591.5494309189535,-0.007286892313,0.002149914769
1591.5494309189535,-0.007285879793,0.002150143327
1591.5494309189535,-0.007288245509,0.002149928463
1591.5494309189535,-0.007287127295,0.002149826767
Freq,1591.5494309189535,Rp,0.0021500752085,1.415489778796952e-07,Cp,-0.0072854065220625,1.8419177805495901e-06
":SOUR:DCS:STAT OFF;:BIAS:STAT OFF;:COMP:BIN:COUN:CLE;:LIST:CLE:ALL;:COMP:BIN:CLE;:AMPL:ALC ON;:APER LONG,16;:BIAS:POL:AUTO OFF;:BIAS:RANG:AUTO ON;:BIAS:VOLT:LEV 0;:COMP:ABIN OFF;:COMP:BIN:COUN:STAT OFF;:COMP:MODE PTOL;:COMP:SLIM -9.9e+037,9.9e+037;:COMP:STAT OFF;:COMP:SWAP OFF;:COMP:TOL:NOM 0;:CURR:LEV 0.1;:DISP:ENAB ON;:DISP:LINE """";:DISP:WIND:TEXT1:DATA:FMSD:DATA 1e-009;:DISP:WIND:TEXT2:DATA:FMSD:DATA 1e-009;:FORM:ASC:LONG ON;:FORM:BORD NORM;:FORM:DATA ASC,64;:FREQ:CW 1592;:FUNC:DEV1:MODE OFF;:FUNC:DEV1:REF:VAL 0;:FUNC:DEV2:MODE OFF;:FUNC:DEV2:REF:VAL 0;:FUNC:IMP:TYPE CPRP;:FUNC:SMON:IDC:STAT OFF;:FUNC:SMON:VDC:STAT OFF;:INIT:CONT OFF;:LIST:MODE SEQ;:LIST:STIM:TYPE FREQ,NONE;:SOUR:DCS:VOLT:LEV 0;:TRIG:DEL 0;:TRIG:SOUR INT;:TRIG:TDEL 0;:DISP:WIND:TEXT1:DATA:FMSD:STAT OFF;:DISP:WIND:TEXT2:DATA:FMSD:STAT OFF;:FUNC:DCR:RANG:VAL 100;:FUNC:IMP:RANG:VAL 0.1;:OUTP:DC:ISOL:LEV:VAL 0.1;:OUTP:DC:ISOL:STAT OFF;:FUNC:DCR:RANG:AUTO ON;:FUNC:IMP:RANG:AUTO ON;:OUTP:DC:ISOL:LEV:AUTO ON;:DISP:PAGE MEASurement;
"
2000.0,-0.007244876175,0.002187255664
2000.0,-0.007243853611,0.002187145478
2000.0,-0.00724360309,0.002187204714
2000.0,-0.007245895607,0.002187149875
2000.0,-0.007242707249,0.002187298434
2000.0,-0.007241624865,0.002187219327
2000.0,-0.007243504373,0.002187160177
2000.0,-0.007248573976,0.002187113066
2000.0,-0.007243690928,0.002187185429
2000.0,-0.007245591491,0.00218716615
2000.0,-0.007243122723,0.002187034212
2000.0,-0.007244273391,0.002187087537
2000.0,-0.007244337171,0.002187183985
2000.0,-0.007243565378,0.002187035117
2000.0,-0.007248517266,0.002187162729
2000.0,-0.007242194491,0.002187137483
Freq,2000,Rp,0.0021871587110624995,7.060110127134537e-08,Cp,-0.0072443707365625,1.970804951145197e-06
":SOUR:DCS:STAT OFF;:BIAS:STAT OFF;:COMP:BIN:COUN:CLE;:LIST:CLE:ALL;:COMP:BIN:CLE;:AMPL:ALC ON;:APER LONG,16;:BIAS:POL:AUTO OFF;:BIAS:RANG:AUTO ON;:BIAS:VOLT:LEV 0;:COMP:ABIN OFF;:COMP:BIN:COUN:STAT OFF;:COMP:MODE PTOL;:COMP:SLIM -9.9e+037,9.9e+037;:COMP:STAT OFF;:COMP:SWAP OFF;:COMP:TOL:NOM 0;:CURR:LEV 0.1;:DISP:ENAB ON;:DISP:LINE """";:DISP:WIND:TEXT1:DATA:FMSD:DATA 1e-009;:DISP:WIND:TEXT2:DATA:FMSD:DATA 1e-009;:FORM:ASC:LONG ON;:FORM:BORD NORM;:FORM:DATA ASC,64;:FREQ:CW 2000;:FUNC:DEV1:MODE OFF;:FUNC:DEV1:REF:VAL 0;:FUNC:DEV2:MODE OFF;:FUNC:DEV2:REF:VAL 0;:FUNC:IMP:TYPE CPRP;:FUNC:SMON:IDC:STAT OFF;:FUNC:SMON:VDC:STAT OFF;:INIT:CONT OFF;:LIST:MODE SEQ;:LIST:STIM:TYPE FREQ,NONE;:SOUR:DCS:VOLT:LEV 0;:TRIG:DEL 0;:TRIG:SOUR INT;:TRIG:TDEL 0;:DISP:WIND:TEXT1:DATA:FMSD:STAT OFF;:DISP:WIND:TEXT2:DATA:FMSD:STAT OFF;:FUNC:DCR:RANG:VAL 100;:FUNC:IMP:RANG:VAL 0.1;:OUTP:DC:ISOL:LEV:VAL 0.1;:OUTP:DC:ISOL:STAT OFF;:FUNC:DCR:RANG:AUTO ON;:FUNC:IMP:RANG:AUTO ON;:OUTP:DC:ISOL:LEV:AUTO ON;:DISP:PAGE MEASurement;
"
3000.0,-0.006947458055,0.00228820677
3000.0,-0.006946206718,0.002288137152
3000.0,-0.006946545246,0.002288245667
3000.0,-0.006944869945,0.002288009815
3000.0,-0.006946140566,0.00228809854
3000.0,-0.00694516065,0.002288358006
3000.0,-0.006943537166,0.00228808414
3000.0,-0.006946809309,0.002288145996
3000.0,-0.006945072432,0.002287897299
3000.0,-0.00694783533,0.002288346111
3000.0,-0.006947288544,0.002288456817
3000.0,-0.006946687713,0.002288075872
3000.0,-0.006946843466,0.002288337017
3000.0,-0.006945780407,0.002288026698
3000.0,-0.006948213761,0.002288252277
3000.0,-0.006945527108,0.00228811115
Freq,3000,Rp,0.0022881743329375,1.4990758111334782e-07,Cp,-0.006946248526,1.2232651674537828e-06
":SOUR:DCS:STAT OFF;:BIAS:STAT OFF;:COMP:BIN:COUN:CLE;:LIST:CLE:ALL;:COMP:BIN:CLE;:AMPL:ALC ON;:APER LONG,16;:BIAS:POL:AUTO OFF;:BIAS:RANG:AUTO ON;:BIAS:VOLT:LEV 0;:COMP:ABIN OFF;:COMP:BIN:COUN:STAT OFF;:COMP:MODE PTOL;:COMP:SLIM -9.9e+037,9.9e+037;:COMP:STAT OFF;:COMP:SWAP OFF;:COMP:TOL:NOM 0;:CURR:LEV 0.1;:DISP:ENAB ON;:DISP:LINE """";:DISP:WIND:TEXT1:DATA:FMSD:DATA 1e-009;:DISP:WIND:TEXT2:DATA:FMSD:DATA 1e-009;:FORM:ASC:LONG ON;:FORM:BORD NORM;:FORM:DATA ASC,64;:FREQ:CW 3000;:FUNC:DEV1:MODE OFF;:FUNC:DEV1:REF:VAL 0;:FUNC:DEV2:MODE OFF;:FUNC:DEV2:REF:VAL 0;:FUNC:IMP:TYPE CPRP;:FUNC:SMON:IDC:STAT OFF;:FUNC:SMON:VDC:STAT OFF;:INIT:CONT OFF;:LIST:MODE SEQ;:LIST:STIM:TYPE FREQ,NONE;:SOUR:DCS:VOLT:LEV 0;:TRIG:DEL 0;:TRIG:SOUR INT;:TRIG:TDEL 0;:DISP:WIND:TEXT1:DATA:FMSD:STAT OFF;:DISP:WIND:TEXT2:DATA:FMSD:STAT OFF;:FUNC:DCR:RANG:VAL 100;:FUNC:IMP:RANG:VAL 0.1;:OUTP:DC:ISOL:LEV:VAL 0.1;:OUTP:DC:ISOL:STAT OFF;:FUNC:DCR:RANG:AUTO ON;:FUNC:IMP:RANG:AUTO ON;:OUTP:DC:ISOL:LEV:AUTO ON;:DISP:PAGE MEASurement;
"
5000.0,-0.005943325626,0.002626440669
5000.0,-0.005943178945,0.002626524081
5000.0,-0.005942803235,0.002626386145
5000.0,-0.005944552526,0.002626276894
5000.0,-0.005943433776,0.002626458502
5000.0,-0.00594703254,0.002626629769
5000.0,-0.00594551241,0.002626336752
5000.0,-0.005943826358,0.002626374328
5000.0,-0.005943549206,0.002626943794
5000.0,-0.00594387065,0.002626458815
5000.0,-0.005944527587,0.00262673011
5000.0,-0.005943746739,0.002626504238
5000.0,-0.005944383604,0.002626434073
5000.0,-0.005944549136,0.002626171163
5000.0,-0.005944309091,0.002626281493
5000.0,-0.005945056124,0.002626797358
Freq,5000,Rp,0.0026264842615,2.0398474865144674e-07,Cp,-0.0059442285970625,1.035594983755685e-06
":SOUR:DCS:STAT OFF;:BIAS:STAT OFF;:COMP:BIN:COUN:CLE;:LIST:CLE:ALL;:COMP:BIN:CLE;:AMPL:ALC ON;:APER LONG,16;:BIAS:POL:AUTO OFF;:BIAS:RANG:AUTO ON;:BIAS:VOLT:LEV 0;:COMP:ABIN OFF;:COMP:BIN:COUN:STAT OFF;:COMP:MODE PTOL;:COMP:SLIM -9.9e+037,9.9e+037;:COMP:STAT OFF;:COMP:SWAP OFF;:COMP:TOL:NOM 0;:CURR:LEV 0.1;:DISP:ENAB ON;:DISP:LINE """";:DISP:WIND:TEXT1:DATA:FMSD:DATA 1e-009;:DISP:WIND:TEXT2:DATA:FMSD:DATA 1e-009;:FORM:ASC:LONG ON;:FORM:BORD NORM;:FORM:DATA ASC,64;:FREQ:CW 5000;:FUNC:DEV1:MODE OFF;:FUNC:DEV1:REF:VAL 0;:FUNC:DEV2:MODE OFF;:FUNC:DEV2:REF:VAL 0;:FUNC:IMP:TYPE CPRP;:FUNC:SMON:IDC:STAT OFF;:FUNC:SMON:VDC:STAT OFF;:INIT:CONT OFF;:LIST:MODE SEQ;:LIST:STIM:TYPE FREQ,NONE;:SOUR:DCS:VOLT:LEV 0;:TRIG:DEL 0;:TRIG:SOUR INT;:TRIG:TDEL 0;:DISP:WIND:TEXT1:DATA:FMSD:STAT OFF;:DISP:WIND:TEXT2:DATA:FMSD:STAT OFF;:FUNC:DCR:RANG:VAL 100;:FUNC:IMP:RANG:VAL 0.1;:OUTP:DC:ISOL:LEV:VAL 0.1;:OUTP:DC:ISOL:STAT OFF;:FUNC:DCR:RANG:AUTO ON;:FUNC:IMP:RANG:AUTO ON;:OUTP:DC:ISOL:LEV:AUTO ON;:DISP:PAGE MEASurement;
"
":SOUR:DCS:STAT OFF;:BIAS:STAT OFF;:COMP:BIN:COUN:CLE;:LIST:CLE:ALL;:COMP:BIN:CLE;:AMPL:ALC ON;:APER LONG,16;:BIAS:POL:AUTO OFF;:BIAS:RANG:AUTO ON;:BIAS:VOLT:LEV 0;:COMP:ABIN OFF;:COMP:BIN:COUN:STAT OFF;:COMP:MODE PTOL;:COMP:SLIM -9.9e+037,9.9e+037;:COMP:STAT OFF;:COMP:SWAP OFF;:COMP:TOL:NOM 0;:CURR:LEV 0.1;:DISP:ENAB ON;:DISP:LINE """";:DISP:WIND:TEXT1:DATA:FMSD:DATA 1e-009;:DISP:WIND:TEXT2:DATA:FMSD:DATA 1e-009;:FORM:ASC:LONG ON;:FORM:BORD NORM;:FORM:DATA ASC,64;:FREQ:CW 5000;:FUNC:DEV1:MODE OFF;:FUNC:DEV1:REF:VAL 0;:FUNC:DEV2:MODE OFF;:FUNC:DEV2:REF:VAL 0;:FUNC:IMP:TYPE CPRP;:FUNC:SMON:IDC:STAT OFF;:FUNC:SMON:VDC:STAT OFF;:INIT:CONT OFF;:LIST:MODE SEQ;:LIST:STIM:TYPE FREQ,NONE;:SOUR:DCS:VOLT:LEV 0;:TRIG:DEL 0;:TRIG:SOUR INT;:TRIG:TDEL 0;:DISP:WIND:TEXT1:DATA:FMSD:STAT OFF;:DISP:WIND:TEXT2:DATA:FMSD:STAT OFF;:FUNC:DCR:RANG:VAL 100;:FUNC:IMP:RANG:VAL 0.1;:OUTP:DC:ISOL:LEV:VAL 0.1;:OUTP:DC:ISOL:STAT OFF;:FUNC:DCR:RANG:AUTO ON;:FUNC:IMP:RANG:AUTO ON;:OUTP:DC:ISOL:LEV:AUTO ON;:DISP:PAGE MEASurement;
"
2022-09-12,11:45:53
---------run finished---------
lcr name:,KeySight E4980A
Name and description of Resistor under test: ,BE0
GPIB source:,<bound method MessageBasedResource.read of <'GPIBInstrument'('GPIB0::17::INSTR')>>
2022-09-12,11:52:19
select the freq range,"[50, 100, 200, 300, 500, 800, 1000, 1591.5494309189535, 2000, 3000, 5000]"
50.0,-0.0005355602259,0.02369211643
50.0,-0.0005364884629,0.02368942112
50.0,-0.0005329757747,0.02368790094
50.0,-0.0005344998842,0.02368585288
50.0,-0.0005349628511,0.02368302396
50.0,-0.0005319255844,0.02368055838
50.0,-0.0005263872719,0.02367915782
50.0,-0.00051391514,0.02367745589
50.0,-0.0005060179541,0.02367345923
50.0,-0.0005023346858,0.0236708013
50.0,-0.0004996510321,0.02366741964
50.0,-0.0005064778007,0.02366578566
50.0,-0.0005053352878,0.0236637276
50.0,-0.0005108614354,0.02366219399
50.0,-0.0005144363725,0.02365956402
50.0,-0.0005231022919,0.02365768747
Freq,50,Rp,0.023674757895625002,1.1237567140513007e-05,Cp,-0.0005196832534625001,1.3610211877830944e-05
":SOUR:DCS:STAT OFF;:BIAS:STAT OFF;:COMP:BIN:COUN:CLE;:LIST:CLE:ALL;:COMP:BIN:CLE;:AMPL:ALC ON;:APER LONG,16;:BIAS:POL:AUTO OFF;:BIAS:RANG:AUTO ON;:BIAS:VOLT:LEV 0;:COMP:ABIN OFF;:COMP:BIN:COUN:STAT OFF;:COMP:MODE PTOL;:COMP:SLIM -9.9e+037,9.9e+037;:COMP:STAT OFF;:COMP:SWAP OFF;:COMP:TOL:NOM 0;:CURR:LEV 0.1;:DISP:ENAB ON;:DISP:LINE """";:DISP:WIND:TEXT1:DATA:FMSD:DATA 1e-009;:DISP:WIND:TEXT2:DATA:FMSD:DATA 1e-009;:FORM:ASC:LONG ON;:FORM:BORD NORM;:FORM:DATA ASC,64;:FREQ:CW 50;:FUNC:DEV1:MODE OFF;:FUNC:DEV1:REF:VAL 0;:FUNC:DEV2:MODE OFF;:FUNC:DEV2:REF:VAL 0;:FUNC:IMP:TYPE CPRP;:FUNC:SMON:IDC:STAT OFF;:FUNC:SMON:VDC:STAT OFF;:INIT:CONT OFF;:LIST:MODE SEQ;:LIST:STIM:TYPE FREQ,NONE;:SOUR:DCS:VOLT:LEV 0;:TRIG:DEL 0;:TRIG:SOUR INT;:TRIG:TDEL 0;:DISP:WIND:TEXT1:DATA:FMSD:STAT OFF;:DISP:WIND:TEXT2:DATA:FMSD:STAT OFF;:FUNC:DCR:RANG:VAL 100;:FUNC:IMP:RANG:VAL 0.1;:OUTP:DC:ISOL:LEV:VAL 0.1;:OUTP:DC:ISOL:STAT OFF;:FUNC:DCR:RANG:AUTO ON;:FUNC:IMP:RANG:AUTO ON;:OUTP:DC:ISOL:LEV:AUTO ON;:DISP:PAGE MEASurement;
"
100.0,-0.0004317739288,0.02364011257
100.0,-0.0004311048871,0.02363912915
100.0,-0.000431250281,0.02363865032
100.0,-0.0004311507972,0.02363680724
100.0,-0.0004324409879,0.02363597315
100.0,-0.0004317749401,0.0236353366
100.0,-0.0004325571461,0.02363412688
100.0,-0.0004337221071,0.02363321511
100.0,-0.0004326667847,0.02363207237
100.0,-0.0004318756879,0.02363110034
100.0,-0.000430400355,0.0236302678
100.0,-0.0004322362816,0.0236298336
100.0,-0.0004334274567,0.02362872438
100.0,-0.000432579406,0.02362766527
100.0,-0.000432529809,0.02362676599
100.0,-0.0004329813638,0.0236261874
Freq,100,Rp,0.023632873010625,4.501174928723178e-06,Cp,-0.00043215451375,8.931822916723459e-07
":SOUR:DCS:STAT OFF;:BIAS:STAT OFF;:COMP:BIN:COUN:CLE;:LIST:CLE:ALL;:COMP:BIN:CLE;:AMPL:ALC ON;:APER LONG,16;:BIAS:POL:AUTO OFF;:BIAS:RANG:AUTO ON;:BIAS:VOLT:LEV 0;:COMP:ABIN OFF;:COMP:BIN:COUN:STAT OFF;:COMP:MODE PTOL;:COMP:SLIM -9.9e+037,9.9e+037;:COMP:STAT OFF;:COMP:SWAP OFF;:COMP:TOL:NOM 0;:CURR:LEV 0.1;:DISP:ENAB ON;:DISP:LINE """";:DISP:WIND:TEXT1:DATA:FMSD:DATA 1e-009;:DISP:WIND:TEXT2:DATA:FMSD:DATA 1e-009;:FORM:ASC:LONG ON;:FORM:BORD NORM;:FORM:DATA ASC,64;:FREQ:CW 100;:FUNC:DEV1:MODE OFF;:FUNC:DEV1:REF:VAL 0;:FUNC:DEV2:MODE OFF;:FUNC:DEV2:REF:VAL 0;:FUNC:IMP:TYPE CPRP;:FUNC:SMON:IDC:STAT OFF;:FUNC:SMON:VDC:STAT OFF;:INIT:CONT OFF;:LIST:MODE SEQ;:LIST:STIM:TYPE FREQ,NONE;:SOUR:DCS:VOLT:LEV 0;:TRIG:DEL 0;:TRIG:SOUR INT;:TRIG:TDEL 0;:DISP:WIND:TEXT1:DATA:FMSD:STAT OFF;:DISP:WIND:TEXT2:DATA:FMSD:STAT OFF;:FUNC:DCR:RANG:VAL 100;:FUNC:IMP:RANG:VAL 0.1;:OUTP:DC:ISOL:LEV:VAL 0.1;:OUTP:DC:ISOL:STAT OFF;:FUNC:DCR:RANG:AUTO ON;:FUNC:IMP:RANG:AUTO ON;:OUTP:DC:ISOL:LEV:AUTO ON;:DISP:PAGE MEASurement;
"
200.0,-0.0004266425139,0.0236491939
200.0,-0.0004265960687,0.02364792658
200.0,-0.0004266198446,0.02364716719
200.0,-0.0004266989225,0.02364631863
200.0,-0.0004264676028,0.02364535465
200.0,-0.0004269837085,0.02364504514
200.0,-0.0004271103082,0.02364445372
200.0,-0.0004264737488,0.02364365701
200.0,-0.0004269853312,0.02364259917
200.0,-0.0004265977606,0.02364194868
200.0,-0.0004273437825,0.02364122212
200.0,-0.0004268362918,0.02364057116
200.0,-0.0004275994005,0.02363886924
200.0,-0.0004269798329,0.02363882582
200.0,-0.0004274891636,0.02363799042
200.0,-0.000427280742,0.02363761463
Freq,200,Rp,0.02364304737875,3.671162447139794e-06,Cp,-0.00042691906394375003,3.6321857045835377e-07
":SOUR:DCS:STAT OFF;:BIAS:STAT OFF;:COMP:BIN:COUN:CLE;:LIST:CLE:ALL;:COMP:BIN:CLE;:AMPL:ALC ON;:APER LONG,16;:BIAS:POL:AUTO OFF;:BIAS:RANG:AUTO ON;:BIAS:VOLT:LEV 0;:COMP:ABIN OFF;:COMP:BIN:COUN:STAT OFF;:COMP:MODE PTOL;:COMP:SLIM -9.9e+037,9.9e+037;:COMP:STAT OFF;:COMP:SWAP OFF;:COMP:TOL:NOM 0;:CURR:LEV 0.1;:DISP:ENAB ON;:DISP:LINE """";:DISP:WIND:TEXT1:DATA:FMSD:DATA 1e-009;:DISP:WIND:TEXT2:DATA:FMSD:DATA 1e-009;:FORM:ASC:LONG ON;:FORM:BORD NORM;:FORM:DATA ASC,64;:FREQ:CW 200;:FUNC:DEV1:MODE OFF;:FUNC:DEV1:REF:VAL 0;:FUNC:DEV2:MODE OFF;:FUNC:DEV2:REF:VAL 0;:FUNC:IMP:TYPE CPRP;:FUNC:SMON:IDC:STAT OFF;:FUNC:SMON:VDC:STAT OFF;:INIT:CONT OFF;:LIST:MODE SEQ;:LIST:STIM:TYPE FREQ,NONE;:SOUR:DCS:VOLT:LEV 0;:TRIG:DEL 0;:TRIG:SOUR INT;:TRIG:TDEL 0;:DISP:WIND:TEXT1:DATA:FMSD:STAT OFF;:DISP:WIND:TEXT2:DATA:FMSD:STAT OFF;:FUNC:DCR:RANG:VAL 100;:FUNC:IMP:RANG:VAL 0.1;:OUTP:DC:ISOL:LEV:VAL 0.1;:OUTP:DC:ISOL:STAT OFF;:FUNC:DCR:RANG:AUTO ON;:FUNC:IMP:RANG:AUTO ON;:OUTP:DC:ISOL:LEV:AUTO ON;:DISP:PAGE MEASurement;
"
300.0,-0.0004045569443,0.02364734727
300.0,-0.0004046103321,0.02364655577
300.0,-0.0004047707467,0.02364609575
300.0,-0.0004046319115,0.02364562404
300.0,-0.0004045659122,0.02364529547
300.0,-0.0004050678588,0.02364445644
300.0,-0.0004046692497,0.02364392864
300.0,-0.0004044779619,0.02364337438
300.0,-0.0004048352437,0.02364267572
300.0,-0.0004048627952,0.02364243918
300.0,-0.0004050186661,0.02364171566
300.0,-0.0004047897724,0.02364120934
300.0,-0.000404757406,0.02364039934
300.0,-0.0004050662021,0.023640086
300.0,-0.000404880771,0.02363958746
300.0,-0.0004049293024,0.02363929571
Freq,300,Rp,0.023643130385625,2.608066051469151e-06,Cp,-0.00040478069225625003,1.8521522070741138e-07
":SOUR:DCS:STAT OFF;:BIAS:STAT OFF;:COMP:BIN:COUN:CLE;:LIST:CLE:ALL;:COMP:BIN:CLE;:AMPL:ALC ON;:APER LONG,16;:BIAS:POL:AUTO OFF;:BIAS:RANG:AUTO ON;:BIAS:VOLT:LEV 0;:COMP:ABIN OFF;:COMP:BIN:COUN:STAT OFF;:COMP:MODE PTOL;:COMP:SLIM -9.9e+037,9.9e+037;:COMP:STAT OFF;:COMP:SWAP OFF;:COMP:TOL:NOM 0;:CURR:LEV 0.1;:DISP:ENAB ON;:DISP:LINE """";:DISP:WIND:TEXT1:DATA:FMSD:DATA 1e-009;:DISP:WIND:TEXT2:DATA:FMSD:DATA 1e-009;:FORM:ASC:LONG ON;:FORM:BORD NORM;:FORM:DATA ASC,64;:FREQ:CW 300;:FUNC:DEV1:MODE OFF;:FUNC:DEV1:REF:VAL 0;:FUNC:DEV2:MODE OFF;:FUNC:DEV2:REF:VAL 0;:FUNC:IMP:TYPE CPRP;:FUNC:SMON:IDC:STAT OFF;:FUNC:SMON:VDC:STAT OFF;:INIT:CONT OFF;:LIST:MODE SEQ;:LIST:STIM:TYPE FREQ,NONE;:SOUR:DCS:VOLT:LEV 0;:TRIG:DEL 0;:TRIG:SOUR INT;:TRIG:TDEL 0;:DISP:WIND:TEXT1:DATA:FMSD:STAT OFF;:DISP:WIND:TEXT2:DATA:FMSD:STAT OFF;:FUNC:DCR:RANG:VAL 100;:FUNC:IMP:RANG:VAL 0.1;:OUTP:DC:ISOL:LEV:VAL 0.1;:OUTP:DC:ISOL:STAT OFF;:FUNC:DCR:RANG:AUTO ON;:FUNC:IMP:RANG:AUTO ON;:OUTP:DC:ISOL:LEV:AUTO ON;:DISP:PAGE MEASurement;
"
500.0,-0.000392875222,0.0236619271
500.0,-0.0003927440484,0.02366160119
500.0,-0.0003928525979,0.02366138012
500.0,-0.0003928221113,0.02366066517
500.0,-0.0003929190409,0.02366025227
500.0,-0.0003929648604,0.02365942945
500.0,-0.0003928925062,0.02365937761
500.0,-0.0003928927872,0.02365913841
500.0,-0.0003929855827,0.02365859925
500.0,-0.0003929098167,0.02365816163
500.0,-0.0003930878511,0.02365779495
500.0,-0.0003930131962,0.02365722866
500.0,-0.0003929811545,0.02365715153
500.0,-0.0003928818638,0.02365679761
500.0,-0.0003930087029,0.0236569185
500.0,-0.0003929872695,0.0236561813
Freq,500,Rp,0.023658912796875,1.8540564683121871e-06,Cp,-0.00039292616323124995,8.518343970281658e-08
":SOUR:DCS:STAT OFF;:BIAS:STAT OFF;:COMP:BIN:COUN:CLE;:LIST:CLE:ALL;:COMP:BIN:CLE;:AMPL:ALC ON;:APER LONG,16;:BIAS:POL:AUTO OFF;:BIAS:RANG:AUTO ON;:BIAS:VOLT:LEV 0;:COMP:ABIN OFF;:COMP:BIN:COUN:STAT OFF;:COMP:MODE PTOL;:COMP:SLIM -9.9e+037,9.9e+037;:COMP:STAT OFF;:COMP:SWAP OFF;:COMP:TOL:NOM 0;:CURR:LEV 0.1;:DISP:ENAB ON;:DISP:LINE """";:DISP:WIND:TEXT1:DATA:FMSD:DATA 1e-009;:DISP:WIND:TEXT2:DATA:FMSD:DATA 1e-009;:FORM:ASC:LONG ON;:FORM:BORD NORM;:FORM:DATA ASC,64;:FREQ:CW 500;:FUNC:DEV1:MODE OFF;:FUNC:DEV1:REF:VAL 0;:FUNC:DEV2:MODE OFF;:FUNC:DEV2:REF:VAL 0;:FUNC:IMP:TYPE CPRP;:FUNC:SMON:IDC:STAT OFF;:FUNC:SMON:VDC:STAT OFF;:INIT:CONT OFF;:LIST:MODE SEQ;:LIST:STIM:TYPE FREQ,NONE;:SOUR:DCS:VOLT:LEV 0;:TRIG:DEL 0;:TRIG:SOUR INT;:TRIG:TDEL 0;:DISP:WIND:TEXT1:DATA:FMSD:STAT OFF;:DISP:WIND:TEXT2:DATA:FMSD:STAT OFF;:FUNC:DCR:RANG:VAL 100;:FUNC:IMP:RANG:VAL 0.1;:OUTP:DC:ISOL:LEV:VAL 0.1;:OUTP:DC:ISOL:STAT OFF;:FUNC:DCR:RANG:AUTO ON;:FUNC:IMP:RANG:AUTO ON;:OUTP:DC:ISOL:LEV:AUTO ON;:DISP:PAGE MEASurement;
"
800.0,-0.0003886796851,0.02369464417
800.0,-0.0003886399542,0.02369415225
800.0,-0.0003886102404,0.02369348967
800.0,-0.0003887647586,0.02369318409
800.0,-0.0003886614679,0.02369327014
800.0,-0.0003887504022,0.02369291632
800.0,-0.0003887150457,0.02369267479
800.0,-0.0003886455246,0.02369238882
800.0,-0.0003887125483,0.02369208351
800.0,-0.0003888160688,0.02369199794
800.0,-0.000388658543,0.02369202204
800.0,-0.0003887357562,0.02369208886
800.0,-0.0003886485887,0.02369208353
800.0,-0.0003887233281,0.02369183085
800.0,-0.0003887464382,0.02369190502
800.0,-0.0003886730042,0.02369176125
Freq,800,Rp,0.023692655828125,8.771022245799583e-07,Cp,-0.0003886988346375,5.54768357103565e-08
":SOUR:DCS:STAT OFF;:BIAS:STAT OFF;:COMP:BIN:COUN:CLE;:LIST:CLE:ALL;:COMP:BIN:CLE;:AMPL:ALC ON;:APER LONG,16;:BIAS:POL:AUTO OFF;:BIAS:RANG:AUTO ON;:BIAS:VOLT:LEV 0;:COMP:ABIN OFF;:COMP:BIN:COUN:STAT OFF;:COMP:MODE PTOL;:COMP:SLIM -9.9e+037,9.9e+037;:COMP:STAT OFF;:COMP:SWAP OFF;:COMP:TOL:NOM 0;:CURR:LEV 0.1;:DISP:ENAB ON;:DISP:LINE """";:DISP:WIND:TEXT1:DATA:FMSD:DATA 1e-009;:DISP:WIND:TEXT2:DATA:FMSD:DATA 1e-009;:FORM:ASC:LONG ON;:FORM:BORD NORM;:FORM:DATA ASC,64;:FREQ:CW 800;:FUNC:DEV1:MODE OFF;:FUNC:DEV1:REF:VAL 0;:FUNC:DEV2:MODE OFF;:FUNC:DEV2:REF:VAL 0;:FUNC:IMP:TYPE CPRP;:FUNC:SMON:IDC:STAT OFF;:FUNC:SMON:VDC:STAT OFF;:INIT:CONT OFF;:LIST:MODE SEQ;:LIST:STIM:TYPE FREQ,NONE;:SOUR:DCS:VOLT:LEV 0;:TRIG:DEL 0;:TRIG:SOUR INT;:TRIG:TDEL 0;:DISP:WIND:TEXT1:DATA:FMSD:STAT OFF;:DISP:WIND:TEXT2:DATA:FMSD:STAT OFF;:FUNC:DCR:RANG:VAL 100;:FUNC:IMP:RANG:VAL 0.1;:OUTP:DC:ISOL:LEV:VAL 0.1;:OUTP:DC:ISOL:STAT OFF;:FUNC:DCR:RANG:AUTO ON;:FUNC:IMP:RANG:AUTO ON;:OUTP:DC:ISOL:LEV:AUTO ON;:DISP:PAGE MEASurement;
"
1000.0,-0.0003872683072,0.02371191563
1000.0,-0.00038728077,0.02371189731
1000.0,-0.0003872270356,0.02371167059
1000.0,-0.0003873095124,0.02371130663
1000.0,-0.0003873252166,0.02371080128
1000.0,-0.0003872623137,0.02371047504
1000.0,-0.0003872954476,0.02371007922
1000.0,-0.0003872953061,0.0237097177
1000.0,-0.0003873516886,0.02370913863
1000.0,-0.0003873698915,0.02370863422
1000.0,-0.00038742794,0.02370797875
1000.0,-0.0003873613964,0.02370797143
1000.0,-0.0003874269049,0.02370745039
1000.0,-0.0003873485638,0.02370728362
1000.0,-0.0003873726665,0.02370679691
1000.0,-0.0003874021129,0.02370657189
Freq,1000,Rp,0.0237093555775,1.8757325450735073e-06,Cp,-0.0003873328171125,5.973355095871502e-08
":SOUR:DCS:STAT OFF;:BIAS:STAT OFF;:COMP:BIN:COUN:CLE;:LIST:CLE:ALL;:COMP:BIN:CLE;:AMPL:ALC ON;:APER LONG,16;:BIAS:POL:AUTO OFF;:BIAS:RANG:AUTO ON;:BIAS:VOLT:LEV 0;:COMP:ABIN OFF;:COMP:BIN:COUN:STAT OFF;:COMP:MODE PTOL;:COMP:SLIM -9.9e+037,9.9e+037;:COMP:STAT OFF;:COMP:SWAP OFF;:COMP:TOL:NOM 0;:CURR:LEV 0.1;:DISP:ENAB ON;:DISP:LINE """";:DISP:WIND:TEXT1:DATA:FMSD:DATA 1e-009;:DISP:WIND:TEXT2:DATA:FMSD:DATA 1e-009;:FORM:ASC:LONG ON;:FORM:BORD NORM;:FORM:DATA ASC,64;:FREQ:CW 1000;:FUNC:DEV1:MODE OFF;:FUNC:DEV1:REF:VAL 0;:FUNC:DEV2:MODE OFF;:FUNC:DEV2:REF:VAL 0;:FUNC:IMP:TYPE CPRP;:FUNC:SMON:IDC:STAT OFF;:FUNC:SMON:VDC:STAT OFF;:INIT:CONT OFF;:LIST:MODE SEQ;:LIST:STIM:TYPE FREQ,NONE;:SOUR:DCS:VOLT:LEV 0;:TRIG:DEL 0;:TRIG:SOUR INT;:TRIG:TDEL 0;:DISP:WIND:TEXT1:DATA:FMSD:STAT OFF;:DISP:WIND:TEXT2:DATA:FMSD:STAT OFF;:FUNC:DCR:RANG:VAL 100;:FUNC:IMP:RANG:VAL 0.1;:OUTP:DC:ISOL:LEV:VAL 0.1;:OUTP:DC:ISOL:STAT OFF;:FUNC:DCR:RANG:AUTO ON;:FUNC:IMP:RANG:AUTO ON;:OUTP:DC:ISOL:LEV:AUTO ON;:DISP:PAGE MEASurement;
"
1591.5494309189535,-0.0003851843755,0.02382638646
1591.5494309189535,-0.0003851752676,0.02382619725
1591.5494309189535,-0.0003851671965,0.02382621561
1591.5494309189535,-0.0003851591231,0.02382641552
1591.5494309189535,-0.0003851829231,0.02382674727
1591.5494309189535,-0.000385187677,0.02382678743
1591.5494309189535,-0.0003851496962,0.02382708477
1591.5494309189535,-0.0003851511495,0.02382685433
1591.5494309189535,-0.000385133082,0.02382690596
1591.5494309189535,-0.0003851822217,0.02382690161
1591.5494309189535,-0.0003851741698,0.02382683724
1591.5494309189535,-0.000385160628,0.02382663069
1591.5494309189535,-0.0003851372789,0.02382662944
1591.5494309189535,-0.0003851594158,0.02382659083
1591.5494309189535,-0.0003851848651,0.02382673892
1591.5494309189535,-0.0003851607792,0.02382651104
Freq,1591.5494309189535,Rp,0.023826652148125002,2.54631370552347e-07,Cp,-0.0003851656155625,1.7139205163479547e-08
":SOUR:DCS:STAT OFF;:BIAS:STAT OFF;:COMP:BIN:COUN:CLE;:LIST:CLE:ALL;:COMP:BIN:CLE;:AMPL:ALC ON;:APER LONG,16;:BIAS:POL:AUTO OFF;:BIAS:RANG:AUTO ON;:BIAS:VOLT:LEV 0;:COMP:ABIN OFF;:COMP:BIN:COUN:STAT OFF;:COMP:MODE PTOL;:COMP:SLIM -9.9e+037,9.9e+037;:COMP:STAT OFF;:COMP:SWAP OFF;:COMP:TOL:NOM 0;:CURR:LEV 0.1;:DISP:ENAB ON;:DISP:LINE """";:DISP:WIND:TEXT1:DATA:FMSD:DATA 1e-009;:DISP:WIND:TEXT2:DATA:FMSD:DATA 1e-009;:FORM:ASC:LONG ON;:FORM:BORD NORM;:FORM:DATA ASC,64;:FREQ:CW 1592;:FUNC:DEV1:MODE OFF;:FUNC:DEV1:REF:VAL 0;:FUNC:DEV2:MODE OFF;:FUNC:DEV2:REF:VAL 0;:FUNC:IMP:TYPE CPRP;:FUNC:SMON:IDC:STAT OFF;:FUNC:SMON:VDC:STAT OFF;:INIT:CONT OFF;:LIST:MODE SEQ;:LIST:STIM:TYPE FREQ,NONE;:SOUR:DCS:VOLT:LEV 0;:TRIG:DEL 0;:TRIG:SOUR INT;:TRIG:TDEL 0;:DISP:WIND:TEXT1:DATA:FMSD:STAT OFF;:DISP:WIND:TEXT2:DATA:FMSD:STAT OFF;:FUNC:DCR:RANG:VAL 100;:FUNC:IMP:RANG:VAL 0.1;:OUTP:DC:ISOL:LEV:VAL 0.1;:OUTP:DC:ISOL:STAT OFF;:FUNC:DCR:RANG:AUTO ON;:FUNC:IMP:RANG:AUTO ON;:OUTP:DC:ISOL:LEV:AUTO ON;:DISP:PAGE MEASurement;
"
2000.0,-0.0003838713303,0.02394971314
2000.0,-0.0003838242098,0.02394968727
2000.0,-0.0003838393901,0.02394969935
2000.0,-0.0003838509099,0.02394936299
2000.0,-0.0003838516632,0.02394947963
2000.0,-0.0003838581565,0.02394924925
2000.0,-0.0003838944962,0.02394918263
2000.0,-0.0003838865406,0.02394895249
2000.0,-0.0003838634697,0.02394888206
2000.0,-0.000383855092,0.02394911141
2000.0,-0.0003838886557,0.02394913389
2000.0,-0.0003838731035,0.02394875205
2000.0,-0.0003838665952,0.02394890136
2000.0,-0.0003838626289,0.02394904754
2000.0,-0.0003838844416,0.02394908366
2000.0,-0.0003838856384,0.02394911673
Freq,2000,Rp,0.023949209715625,3.015730484850372e-07,Cp,-0.0003838660201,1.9387699907370983e-08
":SOUR:DCS:STAT OFF;:BIAS:STAT OFF;:COMP:BIN:COUN:CLE;:LIST:CLE:ALL;:COMP:BIN:CLE;:AMPL:ALC ON;:APER LONG,16;:BIAS:POL:AUTO OFF;:BIAS:RANG:AUTO ON;:BIAS:VOLT:LEV 0;:COMP:ABIN OFF;:COMP:BIN:COUN:STAT OFF;:COMP:MODE PTOL;:COMP:SLIM -9.9e+037,9.9e+037;:COMP:STAT OFF;:COMP:SWAP OFF;:COMP:TOL:NOM 0;:CURR:LEV 0.1;:DISP:ENAB ON;:DISP:LINE """";:DISP:WIND:TEXT1:DATA:FMSD:DATA 1e-009;:DISP:WIND:TEXT2:DATA:FMSD:DATA 1e-009;:FORM:ASC:LONG ON;:FORM:BORD NORM;:FORM:DATA ASC,64;:FREQ:CW 2000;:FUNC:DEV1:MODE OFF;:FUNC:DEV1:REF:VAL 0;:FUNC:DEV2:MODE OFF;:FUNC:DEV2:REF:VAL 0;:FUNC:IMP:TYPE CPRP;:FUNC:SMON:IDC:STAT OFF;:FUNC:SMON:VDC:STAT OFF;:INIT:CONT OFF;:LIST:MODE SEQ;:LIST:STIM:TYPE FREQ,NONE;:SOUR:DCS:VOLT:LEV 0;:TRIG:DEL 0;:TRIG:SOUR INT;:TRIG:TDEL 0;:DISP:WIND:TEXT1:DATA:FMSD:STAT OFF;:DISP:WIND:TEXT2:DATA:FMSD:STAT OFF;:FUNC:DCR:RANG:VAL 100;:FUNC:IMP:RANG:VAL 0.1;:OUTP:DC:ISOL:LEV:VAL 0.1;:OUTP:DC:ISOL:STAT OFF;:FUNC:DCR:RANG:AUTO ON;:FUNC:IMP:RANG:AUTO ON;:OUTP:DC:ISOL:LEV:AUTO ON;:DISP:PAGE MEASurement;
"
3000.0,-0.0003776290528,0.02434568594
3000.0,-0.000377655483,0.02434562416
3000.0,-0.0003776471372,0.02434518451
3000.0,-0.0003776914572,0.02434543241
3000.0,-0.000377636416,0.02434531941
3000.0,-0.0003776552263,0.02434512156
3000.0,-0.000377652775,0.02434507161
3000.0,-0.0003777023008,0.02434505555
3000.0,-0.0003776629909,0.02434453711
3000.0,-0.0003777022252,0.02434451513
3000.0,-0.0003777050706,0.02434432419
3000.0,-0.0003776924462,0.0243439936
3000.0,-0.0003776711009,0.02434402149
3000.0,-0.0003777468673,0.02434367855
3000.0,-0.0003777519206,0.02434329617
3000.0,-0.000377717824,0.02434289191
Freq,3000,Rp,0.024344609581250003,8.460502165068406e-07,Cp,-0.000377682518375,3.721885995988675e-08
":SOUR:DCS:STAT OFF;:BIAS:STAT OFF;:COMP:BIN:COUN:CLE;:LIST:CLE:ALL;:COMP:BIN:CLE;:AMPL:ALC ON;:APER LONG,16;:BIAS:POL:AUTO OFF;:BIAS:RANG:AUTO ON;:BIAS:VOLT:LEV 0;:COMP:ABIN OFF;:COMP:BIN:COUN:STAT OFF;:COMP:MODE PTOL;:COMP:SLIM -9.9e+037,9.9e+037;:COMP:STAT OFF;:COMP:SWAP OFF;:COMP:TOL:NOM 0;:CURR:LEV 0.1;:DISP:ENAB ON;:DISP:LINE """";:DISP:WIND:TEXT1:DATA:FMSD:DATA 1e-009;:DISP:WIND:TEXT2:DATA:FMSD:DATA 1e-009;:FORM:ASC:LONG ON;:FORM:BORD NORM;:FORM:DATA ASC,64;:FREQ:CW 3000;:FUNC:DEV1:MODE OFF;:FUNC:DEV1:REF:VAL 0;:FUNC:DEV2:MODE OFF;:FUNC:DEV2:REF:VAL 0;:FUNC:IMP:TYPE CPRP;:FUNC:SMON:IDC:STAT OFF;:FUNC:SMON:VDC:STAT OFF;:INIT:CONT OFF;:LIST:MODE SEQ;:LIST:STIM:TYPE FREQ,NONE;:SOUR:DCS:VOLT:LEV 0;:TRIG:DEL 0;:TRIG:SOUR INT;:TRIG:TDEL 0;:DISP:WIND:TEXT1:DATA:FMSD:STAT OFF;:DISP:WIND:TEXT2:DATA:FMSD:STAT OFF;:FUNC:DCR:RANG:VAL 100;:FUNC:IMP:RANG:VAL 0.1;:OUTP:DC:ISOL:LEV:VAL 0.1;:OUTP:DC:ISOL:STAT OFF;:FUNC:DCR:RANG:AUTO ON;:FUNC:IMP:RANG:AUTO ON;:OUTP:DC:ISOL:LEV:AUTO ON;:DISP:PAGE MEASurement;
"
5000.0,-0.0003574778144,0.02563461204
5000.0,-0.0003574582802,0.02563516518
5000.0,-0.0003574647043,0.02563412208
5000.0,-0.0003574956492,0.02563440491
5000.0,-0.0003574888486,0.02563383392
5000.0,-0.0003574805828,0.02563372859
5000.0,-0.0003575123417,0.02563360608
5000.0,-0.0003574903077,0.02563346058
5000.0,-0.0003575120162,0.02563307155
5000.0,-0.0003575234724,0.0256332738
5000.0,-0.0003575073949,0.02563320028
5000.0,-0.0003574990743,0.02563286594
5000.0,-0.000357505832,0.02563275864
5000.0,-0.0003575238092,0.02563292313
5000.0,-0.0003575354387,0.0256327682
5000.0,-0.0003575295682,0.02563291761
Freq,5000,Rp,0.025633544533125,7.231338143268504e-07,Cp,-0.00035750032092499997,2.269420545292066e-08
":SOUR:DCS:STAT OFF;:BIAS:STAT OFF;:COMP:BIN:COUN:CLE;:LIST:CLE:ALL;:COMP:BIN:CLE;:AMPL:ALC ON;:APER LONG,16;:BIAS:POL:AUTO OFF;:BIAS:RANG:AUTO ON;:BIAS:VOLT:LEV 0;:COMP:ABIN OFF;:COMP:BIN:COUN:STAT OFF;:COMP:MODE PTOL;:COMP:SLIM -9.9e+037,9.9e+037;:COMP:STAT OFF;:COMP:SWAP OFF;:COMP:TOL:NOM 0;:CURR:LEV 0.1;:DISP:ENAB ON;:DISP:LINE """";:DISP:WIND:TEXT1:DATA:FMSD:DATA 1e-009;:DISP:WIND:TEXT2:DATA:FMSD:DATA 1e-009;:FORM:ASC:LONG ON;:FORM:BORD NORM;:FORM:DATA ASC,64;:FREQ:CW 5000;:FUNC:DEV1:MODE OFF;:FUNC:DEV1:REF:VAL 0;:FUNC:DEV2:MODE OFF;:FUNC:DEV2:REF:VAL 0;:FUNC:IMP:TYPE CPRP;:FUNC:SMON:IDC:STAT OFF;:FUNC:SMON:VDC:STAT OFF;:INIT:CONT OFF;:LIST:MODE SEQ;:LIST:STIM:TYPE FREQ,NONE;:SOUR:DCS:VOLT:LEV 0;:TRIG:DEL 0;:TRIG:SOUR INT;:TRIG:TDEL 0;:DISP:WIND:TEXT1:DATA:FMSD:STAT OFF;:DISP:WIND:TEXT2:DATA:FMSD:STAT OFF;:FUNC:DCR:RANG:VAL 100;:FUNC:IMP:RANG:VAL 0.1;:OUTP:DC:ISOL:LEV:VAL 0.1;:OUTP:DC:ISOL:STAT OFF;:FUNC:DCR:RANG:AUTO ON;:FUNC:IMP:RANG:AUTO ON;:OUTP:DC:ISOL:LEV:AUTO ON;:DISP:PAGE MEASurement;
"
":SOUR:DCS:STAT OFF;:BIAS:STAT OFF;:COMP:BIN:COUN:CLE;:LIST:CLE:ALL;:COMP:BIN:CLE;:AMPL:ALC ON;:APER LONG,16;:BIAS:POL:AUTO OFF;:BIAS:RANG:AUTO ON;:BIAS:VOLT:LEV 0;:COMP:ABIN OFF;:COMP:BIN:COUN:STAT OFF;:COMP:MODE PTOL;:COMP:SLIM -9.9e+037,9.9e+037;:COMP:STAT OFF;:COMP:SWAP OFF;:COMP:TOL:NOM 0;:CURR:LEV 0.1;:DISP:ENAB ON;:DISP:LINE """";:DISP:WIND:TEXT1:DATA:FMSD:DATA 1e-009;:DISP:WIND:TEXT2:DATA:FMSD:DATA 1e-009;:FORM:ASC:LONG ON;:FORM:BORD NORM;:FORM:DATA ASC,64;:FREQ:CW 5000;:FUNC:DEV1:MODE OFF;:FUNC:DEV1:REF:VAL 0;:FUNC:DEV2:MODE OFF;:FUNC:DEV2:REF:VAL 0;:FUNC:IMP:TYPE CPRP;:FUNC:SMON:IDC:STAT OFF;:FUNC:SMON:VDC:STAT OFF;:INIT:CONT OFF;:LIST:MODE SEQ;:LIST:STIM:TYPE FREQ,NONE;:SOUR:DCS:VOLT:LEV 0;:TRIG:DEL 0;:TRIG:SOUR INT;:TRIG:TDEL 0;:DISP:WIND:TEXT1:DATA:FMSD:STAT OFF;:DISP:WIND:TEXT2:DATA:FMSD:STAT OFF;:FUNC:DCR:RANG:VAL 100;:FUNC:IMP:RANG:VAL 0.1;:OUTP:DC:ISOL:LEV:VAL 0.1;:OUTP:DC:ISOL:STAT OFF;:FUNC:DCR:RANG:AUTO ON;:FUNC:IMP:RANG:AUTO ON;:OUTP:DC:ISOL:LEV:AUTO ON;:DISP:PAGE MEASurement;
"
2022-09-12,12:03:37
---------run finished---------
lcr name:,KeySight E4980A
Name and description of Resistor under test: ,BE0R
GPIB source:,<bound method MessageBasedResource.read of <'GPIBInstrument'('GPIB0::17::INSTR')>>
2022-09-12,12:42:30
select the freq range,"[50, 100, 200, 300, 500, 800, 1000, 1591.5494309189535, 2000, 3000, 5000]"
50.0,-0.0005347133319,0.02348484013
50.0,-0.0005176132034,0.02348261574
50.0,-0.0005141547567,0.02347972255
50.0,-0.0005189625887,0.02347804202
50.0,-0.0005427431195,0.02347640995
50.0,-0.0005379099519,0.02347059864
50.0,-0.0005149021466,0.02346961105
50.0,-0.0005297769645,0.02347159394
50.0,-0.0005456151029,0.02346774305
50.0,-0.0005444356842,0.02346400119
50.0,-0.0005436215284,0.02346145185
50.0,-0.0005459507067,0.02346140947
50.0,-0.0005358619841,0.02346272627
50.0,-0.0005125713084,0.0234610057
50.0,-0.0005104118925,0.02345700157
50.0,-0.000521521723,0.02345311875
Freq,50,Rp,0.023468868241875,9.444293282971718e-06,Cp,-0.0005294228745875,1.3371744759839884e-05
":SOUR:DCS:STAT OFF;:BIAS:STAT OFF;:COMP:BIN:COUN:CLE;:LIST:CLE:ALL;:COMP:BIN:CLE;:AMPL:ALC ON;:APER LONG,16;:BIAS:POL:AUTO OFF;:BIAS:RANG:AUTO ON;:BIAS:VOLT:LEV 0;:COMP:ABIN OFF;:COMP:BIN:COUN:STAT OFF;:COMP:MODE PTOL;:COMP:SLIM -9.9e+037,9.9e+037;:COMP:STAT OFF;:COMP:SWAP OFF;:COMP:TOL:NOM 0;:CURR:LEV 0.1;:DISP:ENAB ON;:DISP:LINE """";:DISP:WIND:TEXT1:DATA:FMSD:DATA 1e-009;:DISP:WIND:TEXT2:DATA:FMSD:DATA 1e-009;:FORM:ASC:LONG ON;:FORM:BORD NORM;:FORM:DATA ASC,64;:FREQ:CW 50;:FUNC:DEV1:MODE OFF;:FUNC:DEV1:REF:VAL 0;:FUNC:DEV2:MODE OFF;:FUNC:DEV2:REF:VAL 0;:FUNC:IMP:TYPE CPRP;:FUNC:SMON:IDC:STAT OFF;:FUNC:SMON:VDC:STAT OFF;:INIT:CONT OFF;:LIST:MODE SEQ;:LIST:STIM:TYPE FREQ,NONE;:SOUR:DCS:VOLT:LEV 0;:TRIG:DEL 0;:TRIG:SOUR INT;:TRIG:TDEL 0;:DISP:WIND:TEXT1:DATA:FMSD:STAT OFF;:DISP:WIND:TEXT2:DATA:FMSD:STAT OFF;:FUNC:DCR:RANG:VAL 100;:FUNC:IMP:RANG:VAL 0.1;:OUTP:DC:ISOL:LEV:VAL 0.1;:OUTP:DC:ISOL:STAT OFF;:FUNC:DCR:RANG:AUTO ON;:FUNC:IMP:RANG:AUTO ON;:OUTP:DC:ISOL:LEV:AUTO ON;:DISP:PAGE MEASurement;
"
100.0,-0.0004403267378,0.02343458803
100.0,-0.0004392351348,0.02343325639
100.0,-0.0004388808627,0.02343216987
100.0,-0.0004415382336,0.02343121755
100.0,-0.0004401912611,0.02342975664
100.0,-0.0004397942238,0.02342848369
100.0,-0.0004408295319,0.02342749055
100.0,-0.0004381944989,0.02342681004
100.0,-0.0004397028268,0.02342548595
100.0,-0.0004408547417,0.02342453476
100.0,-0.0004401648145,0.02342353954
100.0,-0.0004382395317,0.02342350541
100.0,-0.0004404923793,0.02342235631
100.0,-0.0004400488579,0.02342149532
100.0,-0.0004387024033,0.02342107374
100.0,-0.0004399520367,0.02341947313
Freq,100,Rp,0.0234265773075,4.65224466676815e-06,Cp,-0.00043982175478125005,9.558639188780613e-07
":SOUR:DCS:STAT OFF;:BIAS:STAT OFF;:COMP:BIN:COUN:CLE;:LIST:CLE:ALL;:COMP:BIN:CLE;:AMPL:ALC ON;:APER LONG,16;:BIAS:POL:AUTO OFF;:BIAS:RANG:AUTO ON;:BIAS:VOLT:LEV 0;:COMP:ABIN OFF;:COMP:BIN:COUN:STAT OFF;:COMP:MODE PTOL;:COMP:SLIM -9.9e+037,9.9e+037;:COMP:STAT OFF;:COMP:SWAP OFF;:COMP:TOL:NOM 0;:CURR:LEV 0.1;:DISP:ENAB ON;:DISP:LINE """";:DISP:WIND:TEXT1:DATA:FMSD:DATA 1e-009;:DISP:WIND:TEXT2:DATA:FMSD:DATA 1e-009;:FORM:ASC:LONG ON;:FORM:BORD NORM;:FORM:DATA ASC,64;:FREQ:CW 100;:FUNC:DEV1:MODE OFF;:FUNC:DEV1:REF:VAL 0;:FUNC:DEV2:MODE OFF;:FUNC:DEV2:REF:VAL 0;:FUNC:IMP:TYPE CPRP;:FUNC:SMON:IDC:STAT OFF;:FUNC:SMON:VDC:STAT OFF;:INIT:CONT OFF;:LIST:MODE SEQ;:LIST:STIM:TYPE FREQ,NONE;:SOUR:DCS:VOLT:LEV 0;:TRIG:DEL 0;:TRIG:SOUR INT;:TRIG:TDEL 0;:DISP:WIND:TEXT1:DATA:FMSD:STAT OFF;:DISP:WIND:TEXT2:DATA:FMSD:STAT OFF;:FUNC:DCR:RANG:VAL 100;:FUNC:IMP:RANG:VAL 0.1;:OUTP:DC:ISOL:LEV:VAL 0.1;:OUTP:DC:ISOL:STAT OFF;:FUNC:DCR:RANG:AUTO ON;:FUNC:IMP:RANG:AUTO ON;:OUTP:DC:ISOL:LEV:AUTO ON;:DISP:PAGE MEASurement;
"
200.0,-0.0004342019378,0.0234426474
200.0,-0.0004344058098,0.02344215927
200.0,-0.0004341545125,0.02344151051
200.0,-0.0004346096668,0.02344052314
200.0,-0.0004343509111,0.02344012914
200.0,-0.0004343918588,0.02343935962
200.0,-0.0004344731937,0.02343842293
200.0,-0.0004348274401,0.02343799226
200.0,-0.0004338012364,0.02343747967
200.0,-0.0004344512353,0.02343688072
200.0,-0.0004340342915,0.02343616129
200.0,-0.0004347198386,0.0234357221
200.0,-0.0004347565396,0.02343526883
200.0,-0.0004345846153,0.02343488839
200.0,-0.0004346024051,0.02343466082
200.0,-0.0004349047071,0.02343424879
Freq,200,Rp,0.02343800343,2.7881252309219728e-06,Cp,-0.00043445438746875,2.9897377753365667e-07
":SOUR:DCS:STAT OFF;:BIAS:STAT OFF;:COMP:BIN:COUN:CLE;:LIST:CLE:ALL;:COMP:BIN:CLE;:AMPL:ALC ON;:APER LONG,16;:BIAS:POL:AUTO OFF;:BIAS:RANG:AUTO ON;:BIAS:VOLT:LEV 0;:COMP:ABIN OFF;:COMP:BIN:COUN:STAT OFF;:COMP:MODE PTOL;:COMP:SLIM -9.9e+037,9.9e+037;:COMP:STAT OFF;:COMP:SWAP OFF;:COMP:TOL:NOM 0;:CURR:LEV 0.1;:DISP:ENAB ON;:DISP:LINE """";:DISP:WIND:TEXT1:DATA:FMSD:DATA 1e-009;:DISP:WIND:TEXT2:DATA:FMSD:DATA 1e-009;:FORM:ASC:LONG ON;:FORM:BORD NORM;:FORM:DATA ASC,64;:FREQ:CW 200;:FUNC:DEV1:MODE OFF;:FUNC:DEV1:REF:VAL 0;:FUNC:DEV2:MODE OFF;:FUNC:DEV2:REF:VAL 0;:FUNC:IMP:TYPE CPRP;:FUNC:SMON:IDC:STAT OFF;:FUNC:SMON:VDC:STAT OFF;:INIT:CONT OFF;:LIST:MODE SEQ;:LIST:STIM:TYPE FREQ,NONE;:SOUR:DCS:VOLT:LEV 0;:TRIG:DEL 0;:TRIG:SOUR INT;:TRIG:TDEL 0;:DISP:WIND:TEXT1:DATA:FMSD:STAT OFF;:DISP:WIND:TEXT2:DATA:FMSD:STAT OFF;:FUNC:DCR:RANG:VAL 100;:FUNC:IMP:RANG:VAL 0.1;:OUTP:DC:ISOL:LEV:VAL 0.1;:OUTP:DC:ISOL:STAT OFF;:FUNC:DCR:RANG:AUTO ON;:FUNC:IMP:RANG:AUTO ON;:OUTP:DC:ISOL:LEV:AUTO ON;:DISP:PAGE MEASurement;
"
300.0,-0.0004116046731,0.02344384172
300.0,-0.0004115938944,0.02344341137
300.0,-0.0004116695042,0.02344263228
300.0,-0.0004117260098,0.02344219206
300.0,-0.0004118006181,0.02344198982
300.0,-0.0004117243084,0.02344172703
300.0,-0.0004115754361,0.02344152314
300.0,-0.00041160171,0.02344126399
300.0,-0.0004115573437,0.02344091005
300.0,-0.0004117651409,0.02344085594
300.0,-0.0004118781279,0.02344053247
300.0,-0.0004117132792,0.02344004506
300.0,-0.0004117472253,0.02343969345
300.0,-0.0004117487625,0.02343905845
300.0,-0.000411837637,0.02343857601
300.0,-0.0004121500299,0.02343813208
Freq,300,Rp,0.0234410240575,1.6442742277266559e-06,Cp,-0.00041173085628125,1.472388661578448e-07
":SOUR:DCS:STAT OFF;:BIAS:STAT OFF;:COMP:BIN:COUN:CLE;:LIST:CLE:ALL;:COMP:BIN:CLE;:AMPL:ALC ON;:APER LONG,16;:BIAS:POL:AUTO OFF;:BIAS:RANG:AUTO ON;:BIAS:VOLT:LEV 0;:COMP:ABIN OFF;:COMP:BIN:COUN:STAT OFF;:COMP:MODE PTOL;:COMP:SLIM -9.9e+037,9.9e+037;:COMP:STAT OFF;:COMP:SWAP OFF;:COMP:TOL:NOM 0;:CURR:LEV 0.1;:DISP:ENAB ON;:DISP:LINE """";:DISP:WIND:TEXT1:DATA:FMSD:DATA 1e-009;:DISP:WIND:TEXT2:DATA:FMSD:DATA 1e-009;:FORM:ASC:LONG ON;:FORM:BORD NORM;:FORM:DATA ASC,64;:FREQ:CW 300;:FUNC:DEV1:MODE OFF;:FUNC:DEV1:REF:VAL 0;:FUNC:DEV2:MODE OFF;:FUNC:DEV2:REF:VAL 0;:FUNC:IMP:TYPE CPRP;:FUNC:SMON:IDC:STAT OFF;:FUNC:SMON:VDC:STAT OFF;:INIT:CONT OFF;:LIST:MODE SEQ;:LIST:STIM:TYPE FREQ,NONE;:SOUR:DCS:VOLT:LEV 0;:TRIG:DEL 0;:TRIG:SOUR INT;:TRIG:TDEL 0;:DISP:WIND:TEXT1:DATA:FMSD:STAT OFF;:DISP:WIND:TEXT2:DATA:FMSD:STAT OFF;:FUNC:DCR:RANG:VAL 100;:FUNC:IMP:RANG:VAL 0.1;:OUTP:DC:ISOL:LEV:VAL 0.1;:OUTP:DC:ISOL:STAT OFF;:FUNC:DCR:RANG:AUTO ON;:FUNC:IMP:RANG:AUTO ON;:OUTP:DC:ISOL:LEV:AUTO ON;:DISP:PAGE MEASurement;
"
500.0,-0.0003997625785,0.0234611234
500.0,-0.0003997677495,0.02346090838
500.0,-0.0003997346465,0.02346038152
500.0,-0.0003997222854,0.02345987078
500.0,-0.0003997808222,0.02345933887
500.0,-0.0003997985561,0.02345878689
500.0,-0.0003999180956,0.02345845512
500.0,-0.0003997506091,0.02345802323
500.0,-0.0003997891798,0.02345788585
500.0,-0.0003996925872,0.0234573137
500.0,-0.0003998511903,0.02345711081
500.0,-0.000399727104,0.02345689087
500.0,-0.0003996972956,0.02345658503
500.0,-0.0003997976342,0.02345593244
500.0,-0.0003999132433,0.02345562131
500.0,-0.000399855092,0.023455847
Freq,500,Rp,0.0234581297,1.803911157375945e-06,Cp,-0.00039978491683125,6.921887968241595e-08
":SOUR:DCS:STAT OFF;:BIAS:STAT OFF;:COMP:BIN:COUN:CLE;:LIST:CLE:ALL;:COMP:BIN:CLE;:AMPL:ALC ON;:APER LONG,16;:BIAS:POL:AUTO OFF;:BIAS:RANG:AUTO ON;:BIAS:VOLT:LEV 0;:COMP:ABIN OFF;:COMP:BIN:COUN:STAT OFF;:COMP:MODE PTOL;:COMP:SLIM -9.9e+037,9.9e+037;:COMP:STAT OFF;:COMP:SWAP OFF;:COMP:TOL:NOM 0;:CURR:LEV 0.1;:DISP:ENAB ON;:DISP:LINE """";:DISP:WIND:TEXT1:DATA:FMSD:DATA 1e-009;:DISP:WIND:TEXT2:DATA:FMSD:DATA 1e-009;:FORM:ASC:LONG ON;:FORM:BORD NORM;:FORM:DATA ASC,64;:FREQ:CW 500;:FUNC:DEV1:MODE OFF;:FUNC:DEV1:REF:VAL 0;:FUNC:DEV2:MODE OFF;:FUNC:DEV2:REF:VAL 0;:FUNC:IMP:TYPE CPRP;:FUNC:SMON:IDC:STAT OFF;:FUNC:SMON:VDC:STAT OFF;:INIT:CONT OFF;:LIST:MODE SEQ;:LIST:STIM:TYPE FREQ,NONE;:SOUR:DCS:VOLT:LEV 0;:TRIG:DEL 0;:TRIG:SOUR INT;:TRIG:TDEL 0;:DISP:WIND:TEXT1:DATA:FMSD:STAT OFF;:DISP:WIND:TEXT2:DATA:FMSD:STAT OFF;:FUNC:DCR:RANG:VAL 100;:FUNC:IMP:RANG:VAL 0.1;:OUTP:DC:ISOL:LEV:VAL 0.1;:OUTP:DC:ISOL:STAT OFF;:FUNC:DCR:RANG:AUTO ON;:FUNC:IMP:RANG:AUTO ON;:OUTP:DC:ISOL:LEV:AUTO ON;:DISP:PAGE MEASurement;
"
800.0,-0.0003953593369,0.02349408786
800.0,-0.0003953619556,0.02349406208
800.0,-0.0003954265964,0.02349375552
800.0,-0.0003954306959,0.02349341008
800.0,-0.0003954198971,0.02349322084
800.0,-0.0003954417959,0.02349292259
800.0,-0.0003954886394,0.02349299123
800.0,-0.0003954841511,0.02349262216
800.0,-0.000395525618,0.0234920222
800.0,-0.0003954753491,0.02349183846
800.0,-0.0003954862911,0.02349162284
800.0,-0.000395422575,0.02349121122
800.0,-0.000395520427,0.02349094524
800.0,-0.0003954556784,0.02349082201
800.0,-0.000395514305,0.02349051099
800.0,-0.0003954584898,0.02349021664
Freq,800,Rp,0.0234922663725,1.2896045225284152e-06,Cp,-0.00039545448760624997,5.022072310475365e-08
":SOUR:DCS:STAT OFF;:BIAS:STAT OFF;:COMP:BIN:COUN:CLE;:LIST:CLE:ALL;:COMP:BIN:CLE;:AMPL:ALC ON;:APER LONG,16;:BIAS:POL:AUTO OFF;:BIAS:RANG:AUTO ON;:BIAS:VOLT:LEV 0;:COMP:ABIN OFF;:COMP:BIN:COUN:STAT OFF;:COMP:MODE PTOL;:COMP:SLIM -9.9e+037,9.9e+037;:COMP:STAT OFF;:COMP:SWAP OFF;:COMP:TOL:NOM 0;:CURR:LEV 0.1;:DISP:ENAB ON;:DISP:LINE """";:DISP:WIND:TEXT1:DATA:FMSD:DATA 1e-009;:DISP:WIND:TEXT2:DATA:FMSD:DATA 1e-009;:FORM:ASC:LONG ON;:FORM:BORD NORM;:FORM:DATA ASC,64;:FREQ:CW 800;:FUNC:DEV1:MODE OFF;:FUNC:DEV1:REF:VAL 0;:FUNC:DEV2:MODE OFF;:FUNC:DEV2:REF:VAL 0;:FUNC:IMP:TYPE CPRP;:FUNC:SMON:IDC:STAT OFF;:FUNC:SMON:VDC:STAT OFF;:INIT:CONT OFF;:LIST:MODE SEQ;:LIST:STIM:TYPE FREQ,NONE;:SOUR:DCS:VOLT:LEV 0;:TRIG:DEL 0;:TRIG:SOUR INT;:TRIG:TDEL 0;:DISP:WIND:TEXT1:DATA:FMSD:STAT OFF;:DISP:WIND:TEXT2:DATA:FMSD:STAT OFF;:FUNC:DCR:RANG:VAL 100;:FUNC:IMP:RANG:VAL 0.1;:OUTP:DC:ISOL:LEV:VAL 0.1;:OUTP:DC:ISOL:STAT OFF;:FUNC:DCR:RANG:AUTO ON;:FUNC:IMP:RANG:AUTO ON;:OUTP:DC:ISOL:LEV:AUTO ON;:DISP:PAGE MEASurement;
"
1000.0,-0.0003939919924,0.02351046897
1000.0,-0.0003939862235,0.02351023786
1000.0,-0.0003939494141,0.02351032376
1000.0,-0.0003940543354,0.02350986886
1000.0,-0.0003940178863,0.02350979595
1000.0,-0.000393946721,0.02350937002
1000.0,-0.0003940198584,0.02350904621
1000.0,-0.0003940488676,0.02350905532
1000.0,-0.0003940668539,0.02350881479
1000.0,-0.0003940137222,0.02350857267
1000.0,-0.000394024819,0.02350815327
1000.0,-0.000394053614,0.02350806106
1000.0,-0.0003940609542,0.02350793556
1000.0,-0.0003940641188,0.02350747125
1000.0,-0.0003940858809,0.0235073966
1000.0,-0.0003940665799,0.02350718378
Freq,1000,Rp,0.023508859745625,1.089754226903337e-06,Cp,-0.00039402824010000004,4.2213216033040696e-08
":SOUR:DCS:STAT OFF;:BIAS:STAT OFF;:COMP:BIN:COUN:CLE;:LIST:CLE:ALL;:COMP:BIN:CLE;:AMPL:ALC ON;:APER LONG,16;:BIAS:POL:AUTO OFF;:BIAS:RANG:AUTO ON;:BIAS:VOLT:LEV 0;:COMP:ABIN OFF;:COMP:BIN:COUN:STAT OFF;:COMP:MODE PTOL;:COMP:SLIM -9.9e+037,9.9e+037;:COMP:STAT OFF;:COMP:SWAP OFF;:COMP:TOL:NOM 0;:CURR:LEV 0.1;:DISP:ENAB ON;:DISP:LINE """";:DISP:WIND:TEXT1:DATA:FMSD:DATA 1e-009;:DISP:WIND:TEXT2:DATA:FMSD:DATA 1e-009;:FORM:ASC:LONG ON;:FORM:BORD NORM;:FORM:DATA ASC,64;:FREQ:CW 1000;:FUNC:DEV1:MODE OFF;:FUNC:DEV1:REF:VAL 0;:FUNC:DEV2:MODE OFF;:FUNC:DEV2:REF:VAL 0;:FUNC:IMP:TYPE CPRP;:FUNC:SMON:IDC:STAT OFF;:FUNC:SMON:VDC:STAT OFF;:INIT:CONT OFF;:LIST:MODE SEQ;:LIST:STIM:TYPE FREQ,NONE;:SOUR:DCS:VOLT:LEV 0;:TRIG:DEL 0;:TRIG:SOUR INT;:TRIG:TDEL 0;:DISP:WIND:TEXT1:DATA:FMSD:STAT OFF;:DISP:WIND:TEXT2:DATA:FMSD:STAT OFF;:FUNC:DCR:RANG:VAL 100;:FUNC:IMP:RANG:VAL 0.1;:OUTP:DC:ISOL:LEV:VAL 0.1;:OUTP:DC:ISOL:STAT OFF;:FUNC:DCR:RANG:AUTO ON;:FUNC:IMP:RANG:AUTO ON;:OUTP:DC:ISOL:LEV:AUTO ON;:DISP:PAGE MEASurement;
"
1591.5494309189535,-0.0003917753835,0.0236273596
1591.5494309189535,-0.0003917799098,0.02362717607
1591.5494309189535,-0.0003917751165,0.02362692011
1591.5494309189535,-0.0003918113197,0.02362657882
1591.5494309189535,-0.0003917934979,0.023626246
1591.5494309189535,-0.0003918173698,0.02362626025
1591.5494309189535,-0.0003918068565,0.02362590205
1591.5494309189535,-0.0003918143843,0.02362553129
1591.5494309189535,-0.0003918506111,0.02362566066
1591.5494309189535,-0.0003918449094,0.02362564907
1591.5494309189535,-0.0003918295673,0.02362518641
1591.5494309189535,-0.0003918560179,0.02362518501
1591.5494309189535,-0.0003918488797,0.02362517203
1591.5494309189535,-0.0003918339453,0.02362508661
1591.5494309189535,-0.000391857242,0.02362499498
1591.5494309189535,-0.0003918625462,0.02362514656
Freq,1591.5494309189535,Rp,0.02362587847,7.898179545441844e-07,Cp,-0.00039182234730625006,3.0205006143139085e-08
":SOUR:DCS:STAT OFF;:BIAS:STAT OFF;:COMP:BIN:COUN:CLE;:LIST:CLE:ALL;:COMP:BIN:CLE;:AMPL:ALC ON;:APER LONG,16;:BIAS:POL:AUTO OFF;:BIAS:RANG:AUTO ON;:BIAS:VOLT:LEV 0;:COMP:ABIN OFF;:COMP:BIN:COUN:STAT OFF;:COMP:MODE PTOL;:COMP:SLIM -9.9e+037,9.9e+037;:COMP:STAT OFF;:COMP:SWAP OFF;:COMP:TOL:NOM 0;:CURR:LEV 0.1;:DISP:ENAB ON;:DISP:LINE """";:DISP:WIND:TEXT1:DATA:FMSD:DATA 1e-009;:DISP:WIND:TEXT2:DATA:FMSD:DATA 1e-009;:FORM:ASC:LONG ON;:FORM:BORD NORM;:FORM:DATA ASC,64;:FREQ:CW 1592;:FUNC:DEV1:MODE OFF;:FUNC:DEV1:REF:VAL 0;:FUNC:DEV2:MODE OFF;:FUNC:DEV2:REF:VAL 0;:FUNC:IMP:TYPE CPRP;:FUNC:SMON:IDC:STAT OFF;:FUNC:SMON:VDC:STAT OFF;:INIT:CONT OFF;:LIST:MODE SEQ;:LIST:STIM:TYPE FREQ,NONE;:SOUR:DCS:VOLT:LEV 0;:TRIG:DEL 0;:TRIG:SOUR INT;:TRIG:TDEL 0;:DISP:WIND:TEXT1:DATA:FMSD:STAT OFF;:DISP:WIND:TEXT2:DATA:FMSD:STAT OFF;:FUNC:DCR:RANG:VAL 100;:FUNC:IMP:RANG:VAL 0.1;:OUTP:DC:ISOL:LEV:VAL 0.1;:OUTP:DC:ISOL:STAT OFF;:FUNC:DCR:RANG:AUTO ON;:FUNC:IMP:RANG:AUTO ON;:OUTP:DC:ISOL:LEV:AUTO ON;:DISP:PAGE MEASurement;
"
2000.0,-0.0003904397227,0.02374944974
2000.0,-0.0003904512101,0.02374918078
2000.0,-0.0003904604187,0.02374962482
2000.0,-0.0003904602628,0.02374933848
2000.0,-0.0003904472826,0.02374941999
2000.0,-0.0003904636414,0.02374929722
2000.0,-0.0003904578217,0.02374931331
2000.0,-0.0003904727353,0.02374932623
2000.0,-0.0003904667766,0.02374920615
2000.0,-0.0003904799899,0.0237492545
2000.0,-0.0003904862578,0.02374896159
2000.0,-0.0003904649658,0.02374879444
2000.0,-0.0003904801444,0.02374876278
2000.0,-0.000390492438,0.02374850997
2000.0,-0.0003905053077,0.02374810306
2000.0,-0.0003904968283,0.02374794781
Freq,2000,Rp,0.023749030679375,4.867020536010159e-07,Cp,-0.00039047036273750005,1.850981895142068e-08
":SOUR:DCS:STAT OFF;:BIAS:STAT OFF;:COMP:BIN:COUN:CLE;:LIST:CLE:ALL;:COMP:BIN:CLE;:AMPL:ALC ON;:APER LONG,16;:BIAS:POL:AUTO OFF;:BIAS:RANG:AUTO ON;:BIAS:VOLT:LEV 0;:COMP:ABIN OFF;:COMP:BIN:COUN:STAT OFF;:COMP:MODE PTOL;:COMP:SLIM -9.9e+037,9.9e+037;:COMP:STAT OFF;:COMP:SWAP OFF;:COMP:TOL:NOM 0;:CURR:LEV 0.1;:DISP:ENAB ON;:DISP:LINE """";:DISP:WIND:TEXT1:DATA:FMSD:DATA 1e-009;:DISP:WIND:TEXT2:DATA:FMSD:DATA 1e-009;:FORM:ASC:LONG ON;:FORM:BORD NORM;:FORM:DATA ASC,64;:FREQ:CW 2000;:FUNC:DEV1:MODE OFF;:FUNC:DEV1:REF:VAL 0;:FUNC:DEV2:MODE OFF;:FUNC:DEV2:REF:VAL 0;:FUNC:IMP:TYPE CPRP;:FUNC:SMON:IDC:STAT OFF;:FUNC:SMON:VDC:STAT OFF;:INIT:CONT OFF;:LIST:MODE SEQ;:LIST:STIM:TYPE FREQ,NONE;:SOUR:DCS:VOLT:LEV 0;:TRIG:DEL 0;:TRIG:SOUR INT;:TRIG:TDEL 0;:DISP:WIND:TEXT1:DATA:FMSD:STAT OFF;:DISP:WIND:TEXT2:DATA:FMSD:STAT OFF;:FUNC:DCR:RANG:VAL 100;:FUNC:IMP:RANG:VAL 0.1;:OUTP:DC:ISOL:LEV:VAL 0.1;:OUTP:DC:ISOL:STAT OFF;:FUNC:DCR:RANG:AUTO ON;:FUNC:IMP:RANG:AUTO ON;:OUTP:DC:ISOL:LEV:AUTO ON;:DISP:PAGE MEASurement;
"
3000.0,-0.0003840232417,0.02414746445
3000.0,-0.0003841213861,0.02414776393
3000.0,-0.0003841579303,0.02414751128
3000.0,-0.0003841325125,0.02414684638
3000.0,-0.0003841097204,0.02414644205
3000.0,-0.0003841474816,0.02414707448
3000.0,-0.0003841458995,0.02414638983
3000.0,-0.0003841498433,0.02414651585
3000.0,-0.0003840944802,0.02414635792
3000.0,-0.0003841352856,0.02414586077
3000.0,-0.0003841796063,0.02414590901
3000.0,-0.0003841747196,0.02414576659
3000.0,-0.0003841549927,0.02414562504
3000.0,-0.000384172247,0.02414544541
3000.0,-0.0003841534826,0.02414553077
3000.0,-0.0003842151416,0.02414574889
Freq,3000,Rp,0.024146390790625,7.537703246696741e-07,Cp,-0.0003841417481875,4.2718644502989134e-08
":SOUR:DCS:STAT OFF;:BIAS:STAT OFF;:COMP:BIN:COUN:CLE;:LIST:CLE:ALL;:COMP:BIN:CLE;:AMPL:ALC ON;:APER LONG,16;:BIAS:POL:AUTO OFF;:BIAS:RANG:AUTO ON;:BIAS:VOLT:LEV 0;:COMP:ABIN OFF;:COMP:BIN:COUN:STAT OFF;:COMP:MODE PTOL;:COMP:SLIM -9.9e+037,9.9e+037;:COMP:STAT OFF;:COMP:SWAP OFF;:COMP:TOL:NOM 0;:CURR:LEV 0.1;:DISP:ENAB ON;:DISP:LINE """";:DISP:WIND:TEXT1:DATA:FMSD:DATA 1e-009;:DISP:WIND:TEXT2:DATA:FMSD:DATA 1e-009;:FORM:ASC:LONG ON;:FORM:BORD NORM;:FORM:DATA ASC,64;:FREQ:CW 3000;:FUNC:DEV1:MODE OFF;:FUNC:DEV1:REF:VAL 0;:FUNC:DEV2:MODE OFF;:FUNC:DEV2:REF:VAL 0;:FUNC:IMP:TYPE CPRP;:FUNC:SMON:IDC:STAT OFF;:FUNC:SMON:VDC:STAT OFF;:INIT:CONT OFF;:LIST:MODE SEQ;:LIST:STIM:TYPE FREQ,NONE;:SOUR:DCS:VOLT:LEV 0;:TRIG:DEL 0;:TRIG:SOUR INT;:TRIG:TDEL 0;:DISP:WIND:TEXT1:DATA:FMSD:STAT OFF;:DISP:WIND:TEXT2:DATA:FMSD:STAT OFF;:FUNC:DCR:RANG:VAL 100;:FUNC:IMP:RANG:VAL 0.1;:OUTP:DC:ISOL:LEV:VAL 0.1;:OUTP:DC:ISOL:STAT OFF;:FUNC:DCR:RANG:AUTO ON;:FUNC:IMP:RANG:AUTO ON;:OUTP:DC:ISOL:LEV:AUTO ON;:DISP:PAGE MEASurement;
"
5000.0,-0.000363273046,0.02544764335
5000.0,-0.00036329362,0.02544789097
5000.0,-0.00036327528,0.02544785412
5000.0,-0.0003632505163,0.02544746086
5000.0,-0.0003632498134,0.02544791791
5000.0,-0.0003632773035,0.02544797019
5000.0,-0.0003632695343,0.0254480397
5000.0,-0.0003632834237,0.02544796976
5000.0,-0.0003632993331,0.02544766787
5000.0,-0.0003632706539,0.02544766927
5000.0,-0.0003632846348,0.02544742291
5000.0,-0.0003632753308,0.02544697126
5000.0,-0.0003633038142,0.02544693442
5000.0,-0.0003633030891,0.0254469317
5000.0,-0.0003633165281,0.02544675394
5000.0,-0.0003633172824,0.02544642771
Freq,5000,Rp,0.025447470371250003,5.089577810632257e-07,Cp,-0.000363283950225,2.0403298444438058e-08
":SOUR:DCS:STAT OFF;:BIAS:STAT OFF;:COMP:BIN:COUN:CLE;:LIST:CLE:ALL;:COMP:BIN:CLE;:AMPL:ALC ON;:APER LONG,16;:BIAS:POL:AUTO OFF;:BIAS:RANG:AUTO ON;:BIAS:VOLT:LEV 0;:COMP:ABIN OFF;:COMP:BIN:COUN:STAT OFF;:COMP:MODE PTOL;:COMP:SLIM -9.9e+037,9.9e+037;:COMP:STAT OFF;:COMP:SWAP OFF;:COMP:TOL:NOM 0;:CURR:LEV 0.1;:DISP:ENAB ON;:DISP:LINE """";:DISP:WIND:TEXT1:DATA:FMSD:DATA 1e-009;:DISP:WIND:TEXT2:DATA:FMSD:DATA 1e-009;:FORM:ASC:LONG ON;:FORM:BORD NORM;:FORM:DATA ASC,64;:FREQ:CW 5000;:FUNC:DEV1:MODE OFF;:FUNC:DEV1:REF:VAL 0;:FUNC:DEV2:MODE OFF;:FUNC:DEV2:REF:VAL 0;:FUNC:IMP:TYPE CPRP;:FUNC:SMON:IDC:STAT OFF;:FUNC:SMON:VDC:STAT OFF;:INIT:CONT OFF;:LIST:MODE SEQ;:LIST:STIM:TYPE FREQ,NONE;:SOUR:DCS:VOLT:LEV 0;:TRIG:DEL 0;:TRIG:SOUR INT;:TRIG:TDEL 0;:DISP:WIND:TEXT1:DATA:FMSD:STAT OFF;:DISP:WIND:TEXT2:DATA:FMSD:STAT OFF;:FUNC:DCR:RANG:VAL 100;:FUNC:IMP:RANG:VAL 0.1;:OUTP:DC:ISOL:LEV:VAL 0.1;:OUTP:DC:ISOL:STAT OFF;:FUNC:DCR:RANG:AUTO ON;:FUNC:IMP:RANG:AUTO ON;:OUTP:DC:ISOL:LEV:AUTO ON;:DISP:PAGE MEASurement;
"
":SOUR:DCS:STAT OFF;:BIAS:STAT OFF;:COMP:BIN:COUN:CLE;:LIST:CLE:ALL;:COMP:BIN:CLE;:AMPL:ALC ON;:APER LONG,16;:BIAS:POL:AUTO OFF;:BIAS:RANG:AUTO ON;:BIAS:VOLT:LEV 0;:COMP:ABIN OFF;:COMP:BIN:COUN:STAT OFF;:COMP:MODE PTOL;:COMP:SLIM -9.9e+037,9.9e+037;:COMP:STAT OFF;:COMP:SWAP OFF;:COMP:TOL:NOM 0;:CURR:LEV 0.1;:DISP:ENAB ON;:DISP:LINE """";:DISP:WIND:TEXT1:DATA:FMSD:DATA 1e-009;:DISP:WIND:TEXT2:DATA:FMSD:DATA 1e-009;:FORM:ASC:LONG ON;:FORM:BORD NORM;:FORM:DATA ASC,64;:FREQ:CW 5000;:FUNC:DEV1:MODE OFF;:FUNC:DEV1:REF:VAL 0;:FUNC:DEV2:MODE OFF;:FUNC:DEV2:REF:VAL 0;:FUNC:IMP:TYPE CPRP;:FUNC:SMON:IDC:STAT OFF;:FUNC:SMON:VDC:STAT OFF;:INIT:CONT OFF;:LIST:MODE SEQ;:LIST:STIM:TYPE FREQ,NONE;:SOUR:DCS:VOLT:LEV 0;:TRIG:DEL 0;:TRIG:SOUR INT;:TRIG:TDEL 0;:DISP:WIND:TEXT1:DATA:FMSD:STAT OFF;:DISP:WIND:TEXT2:DATA:FMSD:STAT OFF;:FUNC:DCR:RANG:VAL 100;:FUNC:IMP:RANG:VAL 0.1;:OUTP:DC:ISOL:LEV:VAL 0.1;:OUTP:DC:ISOL:STAT OFF;:FUNC:DCR:RANG:AUTO ON;:FUNC:IMP:RANG:AUTO ON;:OUTP:DC:ISOL:LEV:AUTO ON;:DISP:PAGE MEASurement;
"
2022-09-12,12:53:48
---------run finished---------
lcr name:,KeySight E4980A
Name and description of Resistor under test: ,BM0
GPIB source:,<bound method MessageBasedResource.read of <'GPIBInstrument'('GPIB0::17::INSTR')>>
2022-09-12,13:11:42
select the freq range,"[50, 100, 200, 300, 500, 800, 1000, 1591.5494309189535, 2000, 3000, 5000]"
50.0,-0.0005600496144,0.02312254622
50.0,-0.0005580873092,0.02311774434
50.0,-0.0005389209175,0.02311492448
50.0,-0.0005365392651,0.02311202846
50.0,-0.0005388019137,0.02310985445
50.0,-0.0005490006848,0.02310776138
50.0,-0.0005583044947,0.0231052011
50.0,-0.0005550238702,0.02310325571
50.0,-0.0005557818358,0.0231006462
50.0,-0.0005586590909,0.02309745726
50.0,-0.0005594799077,0.02309606764
50.0,-0.0005578862328,0.02309350576
50.0,-0.0005589412438,0.0230913387
50.0,-0.0005516755332,0.02308861541
50.0,-0.0005592029722,0.02308660894
50.0,-0.0005570846584,0.02308405266
Freq,50,Rp,0.023101975544375,1.1621704789165728e-05,Cp,-0.000553339971525,8.126339972348846e-06
":SOUR:DCS:STAT OFF;:BIAS:STAT OFF;:COMP:BIN:COUN:CLE;:LIST:CLE:ALL;:COMP:BIN:CLE;:AMPL:ALC ON;:APER LONG,16;:BIAS:POL:AUTO OFF;:BIAS:RANG:AUTO ON;:BIAS:VOLT:LEV 0;:COMP:ABIN OFF;:COMP:BIN:COUN:STAT OFF;:COMP:MODE PTOL;:COMP:SLIM -9.9e+037,9.9e+037;:COMP:STAT OFF;:COMP:SWAP OFF;:COMP:TOL:NOM 0;:CURR:LEV 0.1;:DISP:ENAB ON;:DISP:LINE """";:DISP:WIND:TEXT1:DATA:FMSD:DATA 1e-009;:DISP:WIND:TEXT2:DATA:FMSD:DATA 1e-009;:FORM:ASC:LONG ON;:FORM:BORD NORM;:FORM:DATA ASC,64;:FREQ:CW 50;:FUNC:DEV1:MODE OFF;:FUNC:DEV1:REF:VAL 0;:FUNC:DEV2:MODE OFF;:FUNC:DEV2:REF:VAL 0;:FUNC:IMP:TYPE CPRP;:FUNC:SMON:IDC:STAT OFF;:FUNC:SMON:VDC:STAT OFF;:INIT:CONT OFF;:LIST:MODE SEQ;:LIST:STIM:TYPE FREQ,NONE;:SOUR:DCS:VOLT:LEV 0;:TRIG:DEL 0;:TRIG:SOUR INT;:TRIG:TDEL 0;:DISP:WIND:TEXT1:DATA:FMSD:STAT OFF;:DISP:WIND:TEXT2:DATA:FMSD:STAT OFF;:FUNC:DCR:RANG:VAL 100;:FUNC:IMP:RANG:VAL 0.1;:OUTP:DC:ISOL:LEV:VAL 0.1;:OUTP:DC:ISOL:STAT OFF;:FUNC:DCR:RANG:AUTO ON;:FUNC:IMP:RANG:AUTO ON;:OUTP:DC:ISOL:LEV:AUTO ON;:DISP:PAGE MEASurement;
"
100.0,-0.0004535501612,0.02306365128
100.0,-0.0004539219204,0.02306144431
100.0,-0.0004532413981,0.0230591201
100.0,-0.0004538062315,0.02305671709
100.0,-0.0004541854556,0.02305464641
100.0,-0.0004544621836,0.02305192184
100.0,-0.000454209458,0.02305020751
100.0,-0.0004544100249,0.02304781723
100.0,-0.0004535565265,0.02304545437
100.0,-0.0004543120978,0.02304465817
100.0,-0.000453692361,0.02304273812
100.0,-0.0004533918411,0.02304067862
100.0,-0.0004536477241,0.02303870929
100.0,-0.0004540624301,0.02303810056
100.0,-0.0004545619906,0.02303597348
100.0,-0.0004545471161,0.02303476068
Freq,100,Rp,0.023047912441250002,9.283917214765167e-06,Cp,-0.00045397243253750004,4.2981031543805536e-07
":SOUR:DCS:STAT OFF;:BIAS:STAT OFF;:COMP:BIN:COUN:CLE;:LIST:CLE:ALL;:COMP:BIN:CLE;:AMPL:ALC ON;:APER LONG,16;:BIAS:POL:AUTO OFF;:BIAS:RANG:AUTO ON;:BIAS:VOLT:LEV 0;:COMP:ABIN OFF;:COMP:BIN:COUN:STAT OFF;:COMP:MODE PTOL;:COMP:SLIM -9.9e+037,9.9e+037;:COMP:STAT OFF;:COMP:SWAP OFF;:COMP:TOL:NOM 0;:CURR:LEV 0.1;:DISP:ENAB ON;:DISP:LINE """";:DISP:WIND:TEXT1:DATA:FMSD:DATA 1e-009;:DISP:WIND:TEXT2:DATA:FMSD:DATA 1e-009;:FORM:ASC:LONG ON;:FORM:BORD NORM;:FORM:DATA ASC,64;:FREQ:CW 100;:FUNC:DEV1:MODE OFF;:FUNC:DEV1:REF:VAL 0;:FUNC:DEV2:MODE OFF;:FUNC:DEV2:REF:VAL 0;:FUNC:IMP:TYPE CPRP;:FUNC:SMON:IDC:STAT OFF;:FUNC:SMON:VDC:STAT OFF;:INIT:CONT OFF;:LIST:MODE SEQ;:LIST:STIM:TYPE FREQ,NONE;:SOUR:DCS:VOLT:LEV 0;:TRIG:DEL 0;:TRIG:SOUR INT;:TRIG:TDEL 0;:DISP:WIND:TEXT1:DATA:FMSD:STAT OFF;:DISP:WIND:TEXT2:DATA:FMSD:STAT OFF;:FUNC:DCR:RANG:VAL 100;:FUNC:IMP:RANG:VAL 0.1;:OUTP:DC:ISOL:LEV:VAL 0.1;:OUTP:DC:ISOL:STAT OFF;:FUNC:DCR:RANG:AUTO ON;:FUNC:IMP:RANG:AUTO ON;:OUTP:DC:ISOL:LEV:AUTO ON;:DISP:PAGE MEASurement;
"
200.0,-0.000447970587,0.02305724694
200.0,-0.0004482299804,0.02305608948
200.0,-0.0004474872945,0.02305476625
200.0,-0.0004481586667,0.02305394886
200.0,-0.0004485231988,0.0230528128
200.0,-0.0004481661105,0.0230517444
200.0,-0.0004484936246,0.02305093795
200.0,-0.0004484418402,0.02304940519
200.0,-0.0004480732783,0.023048574
200.0,-0.000448417085,0.02304747444
200.0,-0.0004485915038,0.02304678234
200.0,-0.0004487291571,0.02304568177
200.0,-0.0004476761576,0.02304472664
200.0,-0.0004485680437,0.02304421875
200.0,-0.0004486135866,0.02304323898
200.0,-0.0004486532828,0.02304269553
Freq,200,Rp,0.02304939652,4.70448070930851e-06,Cp,-0.00044829958735,3.5941299109134674e-07
":SOUR:DCS:STAT OFF;:BIAS:STAT OFF;:COMP:BIN:COUN:CLE;:LIST:CLE:ALL;:COMP:BIN:CLE;:AMPL:ALC ON;:APER LONG,16;:BIAS:POL:AUTO OFF;:BIAS:RANG:AUTO ON;:BIAS:VOLT:LEV 0;:COMP:ABIN OFF;:COMP:BIN:COUN:STAT OFF;:COMP:MODE PTOL;:COMP:SLIM -9.9e+037,9.9e+037;:COMP:STAT OFF;:COMP:SWAP OFF;:COMP:TOL:NOM 0;:CURR:LEV 0.1;:DISP:ENAB ON;:DISP:LINE """";:DISP:WIND:TEXT1:DATA:FMSD:DATA 1e-009;:DISP:WIND:TEXT2:DATA:FMSD:DATA 1e-009;:FORM:ASC:LONG ON;:FORM:BORD NORM;:FORM:DATA ASC,64;:FREQ:CW 200;:FUNC:DEV1:MODE OFF;:FUNC:DEV1:REF:VAL 0;:FUNC:DEV2:MODE OFF;:FUNC:DEV2:REF:VAL 0;:FUNC:IMP:TYPE CPRP;:FUNC:SMON:IDC:STAT OFF;:FUNC:SMON:VDC:STAT OFF;:INIT:CONT OFF;:LIST:MODE SEQ;:LIST:STIM:TYPE FREQ,NONE;:SOUR:DCS:VOLT:LEV 0;:TRIG:DEL 0;:TRIG:SOUR INT;:TRIG:TDEL 0;:DISP:WIND:TEXT1:DATA:FMSD:STAT OFF;:DISP:WIND:TEXT2:DATA:FMSD:STAT OFF;:FUNC:DCR:RANG:VAL 100;:FUNC:IMP:RANG:VAL 0.1;:OUTP:DC:ISOL:LEV:VAL 0.1;:OUTP:DC:ISOL:STAT OFF;:FUNC:DCR:RANG:AUTO ON;:FUNC:IMP:RANG:AUTO ON;:OUTP:DC:ISOL:LEV:AUTO ON;:DISP:PAGE MEASurement;
"
300.0,-0.0004249559472,0.0230518497
300.0,-0.000425158123,0.02305098882
300.0,-0.0004249955167,0.02305035319
300.0,-0.0004248774601,0.02304964669
300.0,-0.0004252037331,0.02304853866
300.0,-0.0004247117016,0.02304772873
300.0,-0.0004251664971,0.02304741727
300.0,-0.0004251366208,0.02304697133
300.0,-0.0004251953661,0.02304621115
300.0,-0.0004247065443,0.02304604507
300.0,-0.0004250402394,0.02304568563
300.0,-0.0004252933679,0.02304516262
300.0,-0.0004253178139,0.02304489853
300.0,-0.0004253931684,0.02304434957
300.0,-0.0004251204622,0.02304415155
300.0,-0.0004249855092,0.02304348087
Freq,300,Rp,0.02304709246125,2.5715417841546697e-06,Cp,-0.00042507862943749996,1.9938976917278418e-07
":SOUR:DCS:STAT OFF;:BIAS:STAT OFF;:COMP:BIN:COUN:CLE;:LIST:CLE:ALL;:COMP:BIN:CLE;:AMPL:ALC ON;:APER LONG,16;:BIAS:POL:AUTO OFF;:BIAS:RANG:AUTO ON;:BIAS:VOLT:LEV 0;:COMP:ABIN OFF;:COMP:BIN:COUN:STAT OFF;:COMP:MODE PTOL;:COMP:SLIM -9.9e+037,9.9e+037;:COMP:STAT OFF;:COMP:SWAP OFF;:COMP:TOL:NOM 0;:CURR:LEV 0.1;:DISP:ENAB ON;:DISP:LINE """";:DISP:WIND:TEXT1:DATA:FMSD:DATA 1e-009;:DISP:WIND:TEXT2:DATA:FMSD:DATA 1e-009;:FORM:ASC:LONG ON;:FORM:BORD NORM;:FORM:DATA ASC,64;:FREQ:CW 300;:FUNC:DEV1:MODE OFF;:FUNC:DEV1:REF:VAL 0;:FUNC:DEV2:MODE OFF;:FUNC:DEV2:REF:VAL 0;:FUNC:IMP:TYPE CPRP;:FUNC:SMON:IDC:STAT OFF;:FUNC:SMON:VDC:STAT OFF;:INIT:CONT OFF;:LIST:MODE SEQ;:LIST:STIM:TYPE FREQ,NONE;:SOUR:DCS:VOLT:LEV 0;:TRIG:DEL 0;:TRIG:SOUR INT;:TRIG:TDEL 0;:DISP:WIND:TEXT1:DATA:FMSD:STAT OFF;:DISP:WIND:TEXT2:DATA:FMSD:STAT OFF;:FUNC:DCR:RANG:VAL 100;:FUNC:IMP:RANG:VAL 0.1;:OUTP:DC:ISOL:LEV:VAL 0.1;:OUTP:DC:ISOL:STAT OFF;:FUNC:DCR:RANG:AUTO ON;:FUNC:IMP:RANG:AUTO ON;:OUTP:DC:ISOL:LEV:AUTO ON;:DISP:PAGE MEASurement;
"
500.0,-0.0004125558907,0.02306623839
500.0,-0.000412546955,0.02306566248
500.0,-0.000412745859,0.02306491013
500.0,-0.0004127544315,0.02306440562
500.0,-0.0004126285304,0.02306417764
500.0,-0.0004126245884,0.02306369667
500.0,-0.0004126394936,0.02306325511
500.0,-0.0004125793618,0.0230626944
500.0,-0.0004127772343,0.02306206061
500.0,-0.0004127746747,0.02306160147
500.0,-0.0004127861553,0.02306122314
500.0,-0.0004128441428,0.02306093419
500.0,-0.0004127165849,0.02306014865
500.0,-0.0004127363671,0.02305953771
500.0,-0.0004126645322,0.02305924282
500.0,-0.0004127076337,0.02305875519
Freq,500,Rp,0.02306240901375,2.3403469801887655e-06,Cp,-0.00041269265221250003,8.946390897443714e-08
":SOUR:DCS:STAT OFF;:BIAS:STAT OFF;:COMP:BIN:COUN:CLE;:LIST:CLE:ALL;:COMP:BIN:CLE;:AMPL:ALC ON;:APER LONG,16;:BIAS:POL:AUTO OFF;:BIAS:RANG:AUTO ON;:BIAS:VOLT:LEV 0;:COMP:ABIN OFF;:COMP:BIN:COUN:STAT OFF;:COMP:MODE PTOL;:COMP:SLIM -9.9e+037,9.9e+037;:COMP:STAT OFF;:COMP:SWAP OFF;:COMP:TOL:NOM 0;:CURR:LEV 0.1;:DISP:ENAB ON;:DISP:LINE """";:DISP:WIND:TEXT1:DATA:FMSD:DATA 1e-009;:DISP:WIND:TEXT2:DATA:FMSD:DATA 1e-009;:FORM:ASC:LONG ON;:FORM:BORD NORM;:FORM:DATA ASC,64;:FREQ:CW 500;:FUNC:DEV1:MODE OFF;:FUNC:DEV1:REF:VAL 0;:FUNC:DEV2:MODE OFF;:FUNC:DEV2:REF:VAL 0;:FUNC:IMP:TYPE CPRP;:FUNC:SMON:IDC:STAT OFF;:FUNC:SMON:VDC:STAT OFF;:INIT:CONT OFF;:LIST:MODE SEQ;:LIST:STIM:TYPE FREQ,NONE;:SOUR:DCS:VOLT:LEV 0;:TRIG:DEL 0;:TRIG:SOUR INT;:TRIG:TDEL 0;:DISP:WIND:TEXT1:DATA:FMSD:STAT OFF;:DISP:WIND:TEXT2:DATA:FMSD:STAT OFF;:FUNC:DCR:RANG:VAL 100;:FUNC:IMP:RANG:VAL 0.1;:OUTP:DC:ISOL:LEV:VAL 0.1;:OUTP:DC:ISOL:STAT OFF;:FUNC:DCR:RANG:AUTO ON;:FUNC:IMP:RANG:AUTO ON;:OUTP:DC:ISOL:LEV:AUTO ON;:DISP:PAGE MEASurement;
"
800.0,-0.0004081284695,0.0230972366
800.0,-0.0004082048745,0.02309647062
800.0,-0.0004081748482,0.02309606097
800.0,-0.0004082685693,0.02309523416
800.0,-0.000408269838,0.02309495493
800.0,-0.0004082620937,0.02309453523
800.0,-0.0004083018032,0.02309415259
800.0,-0.0004082889883,0.02309374135
800.0,-0.0004083991487,0.02309335556
800.0,-0.0004083716749,0.02309311828
800.0,-0.0004083693827,0.02309262388
800.0,-0.0004083485813,0.02309261768
800.0,-0.0004083558479,0.02309213691
800.0,-0.0004084535766,0.02309200379
800.0,-0.0004083590108,0.02309196952
800.0,-0.0004083400603,0.02309159124
Freq,800,Rp,0.023093862706875003,1.7457649122671303e-06,Cp,-0.00040830604799375,8.600079313124101e-08
":SOUR:DCS:STAT OFF;:BIAS:STAT OFF;:COMP:BIN:COUN:CLE;:LIST:CLE:ALL;:COMP:BIN:CLE;:AMPL:ALC ON;:APER LONG,16;:BIAS:POL:AUTO OFF;:BIAS:RANG:AUTO ON;:BIAS:VOLT:LEV 0;:COMP:ABIN OFF;:COMP:BIN:COUN:STAT OFF;:COMP:MODE PTOL;:COMP:SLIM -9.9e+037,9.9e+037;:COMP:STAT OFF;:COMP:SWAP OFF;:COMP:TOL:NOM 0;:CURR:LEV 0.1;:DISP:ENAB ON;:DISP:LINE """";:DISP:WIND:TEXT1:DATA:FMSD:DATA 1e-009;:DISP:WIND:TEXT2:DATA:FMSD:DATA 1e-009;:FORM:ASC:LONG ON;:FORM:BORD NORM;:FORM:DATA ASC,64;:FREQ:CW 800;:FUNC:DEV1:MODE OFF;:FUNC:DEV1:REF:VAL 0;:FUNC:DEV2:MODE OFF;:FUNC:DEV2:REF:VAL 0;:FUNC:IMP:TYPE CPRP;:FUNC:SMON:IDC:STAT OFF;:FUNC:SMON:VDC:STAT OFF;:INIT:CONT OFF;:LIST:MODE SEQ;:LIST:STIM:TYPE FREQ,NONE;:SOUR:DCS:VOLT:LEV 0;:TRIG:DEL 0;:TRIG:SOUR INT;:TRIG:TDEL 0;:DISP:WIND:TEXT1:DATA:FMSD:STAT OFF;:DISP:WIND:TEXT2:DATA:FMSD:STAT OFF;:FUNC:DCR:RANG:VAL 100;:FUNC:IMP:RANG:VAL 0.1;:OUTP:DC:ISOL:LEV:VAL 0.1;:OUTP:DC:ISOL:STAT OFF;:FUNC:DCR:RANG:AUTO ON;:FUNC:IMP:RANG:AUTO ON;:OUTP:DC:ISOL:LEV:AUTO ON;:DISP:PAGE MEASurement;
"
1000.0,-0.000406752787,0.02311207288
1000.0,-0.0004068120263,0.0231115363
1000.0,-0.0004067771346,0.02311136262
1000.0,-0.0004067881765,0.02311101149
1000.0,-0.0004067573694,0.02311076017
1000.0,-0.0004067973233,0.02311037144
1000.0,-0.0004069356009,0.02311002405
1000.0,-0.0004069049638,0.02310957292
1000.0,-0.0004068645013,0.02310940072
1000.0,-0.0004069118783,0.02310892384
1000.0,-0.0004069038346,0.02310851019
1000.0,-0.0004068927404,0.02310814224
1000.0,-0.000406916186,0.02310777452
1000.0,-0.0004068987819,0.02310749001
1000.0,-0.0004068785977,0.02310709962
1000.0,-0.000407007329,0.02310658563
Freq,1000,Rp,0.023109414915,1.7023416338326801e-06,Cp,-0.0004068624519375,7.318537461011276e-08
":SOUR:DCS:STAT OFF;:BIAS:STAT OFF;:COMP:BIN:COUN:CLE;:LIST:CLE:ALL;:COMP:BIN:CLE;:AMPL:ALC ON;:APER LONG,16;:BIAS:POL:AUTO OFF;:BIAS:RANG:AUTO ON;:BIAS:VOLT:LEV 0;:COMP:ABIN OFF;:COMP:BIN:COUN:STAT OFF;:COMP:MODE PTOL;:COMP:SLIM -9.9e+037,9.9e+037;:COMP:STAT OFF;:COMP:SWAP OFF;:COMP:TOL:NOM 0;:CURR:LEV 0.1;:DISP:ENAB ON;:DISP:LINE """";:DISP:WIND:TEXT1:DATA:FMSD:DATA 1e-009;:DISP:WIND:TEXT2:DATA:FMSD:DATA 1e-009;:FORM:ASC:LONG ON;:FORM:BORD NORM;:FORM:DATA ASC,64;:FREQ:CW 1000;:FUNC:DEV1:MODE OFF;:FUNC:DEV1:REF:VAL 0;:FUNC:DEV2:MODE OFF;:FUNC:DEV2:REF:VAL 0;:FUNC:IMP:TYPE CPRP;:FUNC:SMON:IDC:STAT OFF;:FUNC:SMON:VDC:STAT OFF;:INIT:CONT OFF;:LIST:MODE SEQ;:LIST:STIM:TYPE FREQ,NONE;:SOUR:DCS:VOLT:LEV 0;:TRIG:DEL 0;:TRIG:SOUR INT;:TRIG:TDEL 0;:DISP:WIND:TEXT1:DATA:FMSD:STAT OFF;:DISP:WIND:TEXT2:DATA:FMSD:STAT OFF;:FUNC:DCR:RANG:VAL 100;:FUNC:IMP:RANG:VAL 0.1;:OUTP:DC:ISOL:LEV:VAL 0.1;:OUTP:DC:ISOL:STAT OFF;:FUNC:DCR:RANG:AUTO ON;:FUNC:IMP:RANG:AUTO ON;:OUTP:DC:ISOL:LEV:AUTO ON;:DISP:PAGE MEASurement;
"
1591.5494309189535,-0.0004044910341,0.02322820738
1591.5494309189535,-0.0004045155626,0.02322808692
1591.5494309189535,-0.0004045117823,0.02322744168
1591.5494309189535,-0.0004045181008,0.02322735053
1591.5494309189535,-0.0004045248458,0.02322723514
1591.5494309189535,-0.0004044871626,0.02322705714
1591.5494309189535,-0.0004045214088,0.02322703959
1591.5494309189535,-0.0004045144849,0.02322711574
1591.5494309189535,-0.0004045223519,0.02322705306
1591.5494309189535,-0.0004045774403,0.02322727153
1591.5494309189535,-0.000404544694,0.02322715558
1591.5494309189535,-0.0004044972448,0.02322685342
1591.5494309189535,-0.0004045056201,0.0232266077
1591.5494309189535,-0.0004045620604,0.02322660126
1591.5494309189535,-0.0004045292493,0.02322641368
1591.5494309189535,-0.0004045436809,0.02322623
Freq,1591.5494309189535,Rp,0.023227107521875,5.302487761195183e-07,Cp,-0.000404522920225,2.4470787047351024e-08
":SOUR:DCS:STAT OFF;:BIAS:STAT OFF;:COMP:BIN:COUN:CLE;:LIST:CLE:ALL;:COMP:BIN:CLE;:AMPL:ALC ON;:APER LONG,16;:BIAS:POL:AUTO OFF;:BIAS:RANG:AUTO ON;:BIAS:VOLT:LEV 0;:COMP:ABIN OFF;:COMP:BIN:COUN:STAT OFF;:COMP:MODE PTOL;:COMP:SLIM -9.9e+037,9.9e+037;:COMP:STAT OFF;:COMP:SWAP OFF;:COMP:TOL:NOM 0;:CURR:LEV 0.1;:DISP:ENAB ON;:DISP:LINE """";:DISP:WIND:TEXT1:DATA:FMSD:DATA 1e-009;:DISP:WIND:TEXT2:DATA:FMSD:DATA 1e-009;:FORM:ASC:LONG ON;:FORM:BORD NORM;:FORM:DATA ASC,64;:FREQ:CW 1592;:FUNC:DEV1:MODE OFF;:FUNC:DEV1:REF:VAL 0;:FUNC:DEV2:MODE OFF;:FUNC:DEV2:REF:VAL 0;:FUNC:IMP:TYPE CPRP;:FUNC:SMON:IDC:STAT OFF;:FUNC:SMON:VDC:STAT OFF;:INIT:CONT OFF;:LIST:MODE SEQ;:LIST:STIM:TYPE FREQ,NONE;:SOUR:DCS:VOLT:LEV 0;:TRIG:DEL 0;:TRIG:SOUR INT;:TRIG:TDEL 0;:DISP:WIND:TEXT1:DATA:FMSD:STAT OFF;:DISP:WIND:TEXT2:DATA:FMSD:STAT OFF;:FUNC:DCR:RANG:VAL 100;:FUNC:IMP:RANG:VAL 0.1;:OUTP:DC:ISOL:LEV:VAL 0.1;:OUTP:DC:ISOL:STAT OFF;:FUNC:DCR:RANG:AUTO ON;:FUNC:IMP:RANG:AUTO ON;:OUTP:DC:ISOL:LEV:AUTO ON;:DISP:PAGE MEASurement;
"
2000.0,-0.0004030907179,0.02335147967
2000.0,-0.0004030699188,0.02335140213
2000.0,-0.0004030609077,0.02335108722
2000.0,-0.0004030798133,0.02335082262
2000.0,-0.0004031014913,0.02335070127
2000.0,-0.0004031149148,0.02335047911
2000.0,-0.0004031123071,0.02335042275
2000.0,-0.0004031162223,0.02335039733
2000.0,-0.0004031242798,0.02335035203
2000.0,-0.000403109779,0.02335012793
2000.0,-0.0004031255268,0.02335021869
2000.0,-0.0004031305262,0.02334998467
2000.0,-0.000403131148,0.02334994366
2000.0,-0.0004031149807,0.02334966824
2000.0,-0.0004030982965,0.02334984208
2000.0,-0.00040313797,0.02334968007
Freq,2000,Rp,0.023350413091875,5.639517435176376e-07,Cp,-0.0004031074250125,2.2497115022320542e-08
":SOUR:DCS:STAT OFF;:BIAS:STAT OFF;:COMP:BIN:COUN:CLE;:LIST:CLE:ALL;:COMP:BIN:CLE;:AMPL:ALC ON;:APER LONG,16;:BIAS:POL:AUTO OFF;:BIAS:RANG:AUTO ON;:BIAS:VOLT:LEV 0;:COMP:ABIN OFF;:COMP:BIN:COUN:STAT OFF;:COMP:MODE PTOL;:COMP:SLIM -9.9e+037,9.9e+037;:COMP:STAT OFF;:COMP:SWAP OFF;:COMP:TOL:NOM 0;:CURR:LEV 0.1;:DISP:ENAB ON;:DISP:LINE """";:DISP:WIND:TEXT1:DATA:FMSD:DATA 1e-009;:DISP:WIND:TEXT2:DATA:FMSD:DATA 1e-009;:FORM:ASC:LONG ON;:FORM:BORD NORM;:FORM:DATA ASC,64;:FREQ:CW 2000;:FUNC:DEV1:MODE OFF;:FUNC:DEV1:REF:VAL 0;:FUNC:DEV2:MODE OFF;:FUNC:DEV2:REF:VAL 0;:FUNC:IMP:TYPE CPRP;:FUNC:SMON:IDC:STAT OFF;:FUNC:SMON:VDC:STAT OFF;:INIT:CONT OFF;:LIST:MODE SEQ;:LIST:STIM:TYPE FREQ,NONE;:SOUR:DCS:VOLT:LEV 0;:TRIG:DEL 0;:TRIG:SOUR INT;:TRIG:TDEL 0;:DISP:WIND:TEXT1:DATA:FMSD:STAT OFF;:DISP:WIND:TEXT2:DATA:FMSD:STAT OFF;:FUNC:DCR:RANG:VAL 100;:FUNC:IMP:RANG:VAL 0.1;:OUTP:DC:ISOL:LEV:VAL 0.1;:OUTP:DC:ISOL:STAT OFF;:FUNC:DCR:RANG:AUTO ON;:FUNC:IMP:RANG:AUTO ON;:OUTP:DC:ISOL:LEV:AUTO ON;:DISP:PAGE MEASurement;
"
3000.0,-0.0003962176661,0.02375429605
3000.0,-0.0003962617818,0.02375459265
3000.0,-0.0003963172563,0.02375384369
3000.0,-0.0003963483578,0.02375445184
3000.0,-0.0003963376816,0.02375372894
3000.0,-0.0003963454834,0.02375379127
3000.0,-0.0003963183024,0.02375349676
3000.0,-0.0003962419619,0.02375318458
3000.0,-0.0003962775911,0.02375259445
3000.0,-0.0003963075356,0.02375264581
3000.0,-0.0003963560796,0.02375233217
3000.0,-0.0003963989383,0.02375246155
3000.0,-0.0003963982313,0.02375198777
3000.0,-0.0003963872627,0.02375193246
3000.0,-0.0003963734085,0.02375179618
3000.0,-0.0003963877742,0.02375173409
Freq,3000,Rp,0.02375305439125,9.888952732878026e-07,Cp,-0.0003963297070375,5.644915642034838e-08
":SOUR:DCS:STAT OFF;:BIAS:STAT OFF;:COMP:BIN:COUN:CLE;:LIST:CLE:ALL;:COMP:BIN:CLE;:AMPL:ALC ON;:APER LONG,16;:BIAS:POL:AUTO OFF;:BIAS:RANG:AUTO ON;:BIAS:VOLT:LEV 0;:COMP:ABIN OFF;:COMP:BIN:COUN:STAT OFF;:COMP:MODE PTOL;:COMP:SLIM -9.9e+037,9.9e+037;:COMP:STAT OFF;:COMP:SWAP OFF;:COMP:TOL:NOM 0;:CURR:LEV 0.1;:DISP:ENAB ON;:DISP:LINE """";:DISP:WIND:TEXT1:DATA:FMSD:DATA 1e-009;:DISP:WIND:TEXT2:DATA:FMSD:DATA 1e-009;:FORM:ASC:LONG ON;:FORM:BORD NORM;:FORM:DATA ASC,64;:FREQ:CW 3000;:FUNC:DEV1:MODE OFF;:FUNC:DEV1:REF:VAL 0;:FUNC:DEV2:MODE OFF;:FUNC:DEV2:REF:VAL 0;:FUNC:IMP:TYPE CPRP;:FUNC:SMON:IDC:STAT OFF;:FUNC:SMON:VDC:STAT OFF;:INIT:CONT OFF;:LIST:MODE SEQ;:LIST:STIM:TYPE FREQ,NONE;:SOUR:DCS:VOLT:LEV 0;:TRIG:DEL 0;:TRIG:SOUR INT;:TRIG:TDEL 0;:DISP:WIND:TEXT1:DATA:FMSD:STAT OFF;:DISP:WIND:TEXT2:DATA:FMSD:STAT OFF;:FUNC:DCR:RANG:VAL 100;:FUNC:IMP:RANG:VAL 0.1;:OUTP:DC:ISOL:LEV:VAL 0.1;:OUTP:DC:ISOL:STAT OFF;:FUNC:DCR:RANG:AUTO ON;:FUNC:IMP:RANG:AUTO ON;:OUTP:DC:ISOL:LEV:AUTO ON;:DISP:PAGE MEASurement;
"
5000.0,-0.0003742537421,0.02507008482
5000.0,-0.0003742517931,0.02506996017
5000.0,-0.000374262989,0.02506985679
5000.0,-0.000374258646,0.02507034395
5000.0,-0.0003742840032,0.02506974735
5000.0,-0.0003742637804,0.02506978188
5000.0,-0.0003742582483,0.02506946524
5000.0,-0.0003742923436,0.0250689502
5000.0,-0.000374261023,0.02506908873
5000.0,-0.000374288219,0.02506892865
5000.0,-0.0003742867093,0.02506904146
5000.0,-0.0003742887045,0.02506853837
5000.0,-0.0003742981373,0.02506933369
5000.0,-0.0003742811219,0.02506882659
5000.0,-0.0003742844425,0.02506876218
5000.0,-0.0003743059614,0.0250685808
Freq,5000,Rp,0.025069330679375,5.703658883032344e-07,Cp,-0.00037427624153749995,1.7284812569223576e-08
":SOUR:DCS:STAT OFF;:BIAS:STAT OFF;:COMP:BIN:COUN:CLE;:LIST:CLE:ALL;:COMP:BIN:CLE;:AMPL:ALC ON;:APER LONG,16;:BIAS:POL:AUTO OFF;:BIAS:RANG:AUTO ON;:BIAS:VOLT:LEV 0;:COMP:ABIN OFF;:COMP:BIN:COUN:STAT OFF;:COMP:MODE PTOL;:COMP:SLIM -9.9e+037,9.9e+037;:COMP:STAT OFF;:COMP:SWAP OFF;:COMP:TOL:NOM 0;:CURR:LEV 0.1;:DISP:ENAB ON;:DISP:LINE """";:DISP:WIND:TEXT1:DATA:FMSD:DATA 1e-009;:DISP:WIND:TEXT2:DATA:FMSD:DATA 1e-009;:FORM:ASC:LONG ON;:FORM:BORD NORM;:FORM:DATA ASC,64;:FREQ:CW 5000;:FUNC:DEV1:MODE OFF;:FUNC:DEV1:REF:VAL 0;:FUNC:DEV2:MODE OFF;:FUNC:DEV2:REF:VAL 0;:FUNC:IMP:TYPE CPRP;:FUNC:SMON:IDC:STAT OFF;:FUNC:SMON:VDC:STAT OFF;:INIT:CONT OFF;:LIST:MODE SEQ;:LIST:STIM:TYPE FREQ,NONE;:SOUR:DCS:VOLT:LEV 0;:TRIG:DEL 0;:TRIG:SOUR INT;:TRIG:TDEL 0;:DISP:WIND:TEXT1:DATA:FMSD:STAT OFF;:DISP:WIND:TEXT2:DATA:FMSD:STAT OFF;:FUNC:DCR:RANG:VAL 100;:FUNC:IMP:RANG:VAL 0.1;:OUTP:DC:ISOL:LEV:VAL 0.1;:OUTP:DC:ISOL:STAT OFF;:FUNC:DCR:RANG:AUTO ON;:FUNC:IMP:RANG:AUTO ON;:OUTP:DC:ISOL:LEV:AUTO ON;:DISP:PAGE MEASurement;
"
":SOUR:DCS:STAT OFF;:BIAS:STAT OFF;:COMP:BIN:COUN:CLE;:LIST:CLE:ALL;:COMP:BIN:CLE;:AMPL:ALC ON;:APER LONG,16;:BIAS:POL:AUTO OFF;:BIAS:RANG:AUTO ON;:BIAS:VOLT:LEV 0;:COMP:ABIN OFF;:COMP:BIN:COUN:STAT OFF;:COMP:MODE PTOL;:COMP:SLIM -9.9e+037,9.9e+037;:COMP:STAT OFF;:COMP:SWAP OFF;:COMP:TOL:NOM 0;:CURR:LEV 0.1;:DISP:ENAB ON;:DISP:LINE """";:DISP:WIND:TEXT1:DATA:FMSD:DATA 1e-009;:DISP:WIND:TEXT2:DATA:FMSD:DATA 1e-009;:FORM:ASC:LONG ON;:FORM:BORD NORM;:FORM:DATA ASC,64;:FREQ:CW 5000;:FUNC:DEV1:MODE OFF;:FUNC:DEV1:REF:VAL 0;:FUNC:DEV2:MODE OFF;:FUNC:DEV2:REF:VAL 0;:FUNC:IMP:TYPE CPRP;:FUNC:SMON:IDC:STAT OFF;:FUNC:SMON:VDC:STAT OFF;:INIT:CONT OFF;:LIST:MODE SEQ;:LIST:STIM:TYPE FREQ,NONE;:SOUR:DCS:VOLT:LEV 0;:TRIG:DEL 0;:TRIG:SOUR INT;:TRIG:TDEL 0;:DISP:WIND:TEXT1:DATA:FMSD:STAT OFF;:DISP:WIND:TEXT2:DATA:FMSD:STAT OFF;:FUNC:DCR:RANG:VAL 100;:FUNC:IMP:RANG:VAL 0.1;:OUTP:DC:ISOL:LEV:VAL 0.1;:OUTP:DC:ISOL:STAT OFF;:FUNC:DCR:RANG:AUTO ON;:FUNC:IMP:RANG:AUTO ON;:OUTP:DC:ISOL:LEV:AUTO ON;:DISP:PAGE MEASurement;
"
2022-09-12,13:22:59
---------run finished---------
lcr name:,KeySight E4980A
Name and description of Resistor under test: ,BM0R
GPIB source:,<bound method MessageBasedResource.read of <'GPIBInstrument'('GPIB0::17::INSTR')>>
2022-09-12,13:27:54
select the freq range,"[50, 100, 200, 300, 500, 800, 1000, 1591.5494309189535, 2000, 3000, 5000]"
50.0,-0.0005282440546,0.02303260296
50.0,-0.0005419282271,0.02302902815
50.0,-0.0005685605178,0.02303046089
50.0,-0.0005632288289,0.02303187014
50.0,-0.0005510596584,0.02303067004
50.0,-0.0005511564732,0.02302833962
50.0,-0.0005596144264,0.02302511265
50.0,-0.0005649883307,0.02302224207
50.0,-0.0005644275012,0.02301960385
50.0,-0.0005653495383,0.02301829518
50.0,-0.0005561481556,0.02301707442
50.0,-0.0005326739261,0.02301244216
50.0,-0.0005550982572,0.02300772309
50.0,-0.0005575197363,0.02301005659
50.0,-0.0005471382319,0.02300913984
50.0,-0.0005608446362,0.02300705723
Freq,50,Rp,0.02302073243,9.311104346611444e-06,Cp,-0.0005542487812437501,1.177220166592448e-05
":SOUR:DCS:STAT OFF;:BIAS:STAT OFF;:COMP:BIN:COUN:CLE;:LIST:CLE:ALL;:COMP:BIN:CLE;:AMPL:ALC ON;:APER LONG,16;:BIAS:POL:AUTO OFF;:BIAS:RANG:AUTO ON;:BIAS:VOLT:LEV 0;:COMP:ABIN OFF;:COMP:BIN:COUN:STAT OFF;:COMP:MODE PTOL;:COMP:SLIM -9.9e+037,9.9e+037;:COMP:STAT OFF;:COMP:SWAP OFF;:COMP:TOL:NOM 0;:CURR:LEV 0.1;:DISP:ENAB ON;:DISP:LINE """";:DISP:WIND:TEXT1:DATA:FMSD:DATA 1e-009;:DISP:WIND:TEXT2:DATA:FMSD:DATA 1e-009;:FORM:ASC:LONG ON;:FORM:BORD NORM;:FORM:DATA ASC,64;:FREQ:CW 50;:FUNC:DEV1:MODE OFF;:FUNC:DEV1:REF:VAL 0;:FUNC:DEV2:MODE OFF;:FUNC:DEV2:REF:VAL 0;:FUNC:IMP:TYPE CPRP;:FUNC:SMON:IDC:STAT OFF;:FUNC:SMON:VDC:STAT OFF;:INIT:CONT OFF;:LIST:MODE SEQ;:LIST:STIM:TYPE FREQ,NONE;:SOUR:DCS:VOLT:LEV 0;:TRIG:DEL 0;:TRIG:SOUR INT;:TRIG:TDEL 0;:DISP:WIND:TEXT1:DATA:FMSD:STAT OFF;:DISP:WIND:TEXT2:DATA:FMSD:STAT OFF;:FUNC:DCR:RANG:VAL 100;:FUNC:IMP:RANG:VAL 0.1;:OUTP:DC:ISOL:LEV:VAL 0.1;:OUTP:DC:ISOL:STAT OFF;:FUNC:DCR:RANG:AUTO ON;:FUNC:IMP:RANG:AUTO ON;:OUTP:DC:ISOL:LEV:AUTO ON;:DISP:PAGE MEASurement;
"
100.0,-0.0004569763686,0.02298283543
100.0,-0.0004556723696,0.02298094523
100.0,-0.0004567845159,0.0229797373
100.0,-0.0004563399471,0.02297833093
100.0,-0.0004572024039,0.02297683313
100.0,-0.0004562171419,0.02297523743
100.0,-0.0004572056907,0.02297484621
100.0,-0.0004562060087,0.02297336476
100.0,-0.0004571339988,0.02297203664
100.0,-0.0004570660287,0.02297075882
100.0,-0.000456977066,0.02296968849
100.0,-0.0004579894309,0.02296908307
100.0,-0.0004559630417,0.02296790729
100.0,-0.0004583656126,0.0229668188
100.0,-0.0004579457582,0.02296618782
100.0,-0.0004568319606,0.02296478597
Freq,100,Rp,0.0229730873325,5.580139069543818e-06,Cp,-0.00045692983399374994,7.464470461771252e-07
":SOUR:DCS:STAT OFF;:BIAS:STAT OFF;:COMP:BIN:COUN:CLE;:LIST:CLE:ALL;:COMP:BIN:CLE;:AMPL:ALC ON;:APER LONG,16;:BIAS:POL:AUTO OFF;:BIAS:RANG:AUTO ON;:BIAS:VOLT:LEV 0;:COMP:ABIN OFF;:COMP:BIN:COUN:STAT OFF;:COMP:MODE PTOL;:COMP:SLIM -9.9e+037,9.9e+037;:COMP:STAT OFF;:COMP:SWAP OFF;:COMP:TOL:NOM 0;:CURR:LEV 0.1;:DISP:ENAB ON;:DISP:LINE """";:DISP:WIND:TEXT1:DATA:FMSD:DATA 1e-009;:DISP:WIND:TEXT2:DATA:FMSD:DATA 1e-009;:FORM:ASC:LONG ON;:FORM:BORD NORM;:FORM:DATA ASC,64;:FREQ:CW 100;:FUNC:DEV1:MODE OFF;:FUNC:DEV1:REF:VAL 0;:FUNC:DEV2:MODE OFF;:FUNC:DEV2:REF:VAL 0;:FUNC:IMP:TYPE CPRP;:FUNC:SMON:IDC:STAT OFF;:FUNC:SMON:VDC:STAT OFF;:INIT:CONT OFF;:LIST:MODE SEQ;:LIST:STIM:TYPE FREQ,NONE;:SOUR:DCS:VOLT:LEV 0;:TRIG:DEL 0;:TRIG:SOUR INT;:TRIG:TDEL 0;:DISP:WIND:TEXT1:DATA:FMSD:STAT OFF;:DISP:WIND:TEXT2:DATA:FMSD:STAT OFF;:FUNC:DCR:RANG:VAL 100;:FUNC:IMP:RANG:VAL 0.1;:OUTP:DC:ISOL:LEV:VAL 0.1;:OUTP:DC:ISOL:STAT OFF;:FUNC:DCR:RANG:AUTO ON;:FUNC:IMP:RANG:AUTO ON;:OUTP:DC:ISOL:LEV:AUTO ON;:DISP:PAGE MEASurement;
"
200.0,-0.000451514127,0.02298841406
200.0,-0.0004507317082,0.02298779561
200.0,-0.0004509051743,0.02298747138
200.0,-0.0004508020651,0.02298671746
200.0,-0.000451001268,0.02298621835
200.0,-0.0004506737954,0.02298541443
200.0,-0.0004510505543,0.02298512932
200.0,-0.0004508179796,0.02298423927
200.0,-0.0004510729036,0.02298371435
200.0,-0.0004512070016,0.02298319118
200.0,-0.0004510598046,0.02298307371
200.0,-0.0004517758105,0.02298180467
200.0,-0.0004514314718,0.0229817568
200.0,-0.0004517017639,0.02298082209
200.0,-0.0004509823554,0.02298042509
200.0,-0.0004509248185,0.02298014098
Freq,200,Rp,0.022984145546875,2.7136366390724456e-06,Cp,-0.0004511032876125,3.360663935083993e-07
":SOUR:DCS:STAT OFF;:BIAS:STAT OFF;:COMP:BIN:COUN:CLE;:LIST:CLE:ALL;:COMP:BIN:CLE;:AMPL:ALC ON;:APER LONG,16;:BIAS:POL:AUTO OFF;:BIAS:RANG:AUTO ON;:BIAS:VOLT:LEV 0;:COMP:ABIN OFF;:COMP:BIN:COUN:STAT OFF;:COMP:MODE PTOL;:COMP:SLIM -9.9e+037,9.9e+037;:COMP:STAT OFF;:COMP:SWAP OFF;:COMP:TOL:NOM 0;:CURR:LEV 0.1;:DISP:ENAB ON;:DISP:LINE """";:DISP:WIND:TEXT1:DATA:FMSD:DATA 1e-009;:DISP:WIND:TEXT2:DATA:FMSD:DATA 1e-009;:FORM:ASC:LONG ON;:FORM:BORD NORM;:FORM:DATA ASC,64;:FREQ:CW 200;:FUNC:DEV1:MODE OFF;:FUNC:DEV1:REF:VAL 0;:FUNC:DEV2:MODE OFF;:FUNC:DEV2:REF:VAL 0;:FUNC:IMP:TYPE CPRP;:FUNC:SMON:IDC:STAT OFF;:FUNC:SMON:VDC:STAT OFF;:INIT:CONT OFF;:LIST:MODE SEQ;:LIST:STIM:TYPE FREQ,NONE;:SOUR:DCS:VOLT:LEV 0;:TRIG:DEL 0;:TRIG:SOUR INT;:TRIG:TDEL 0;:DISP:WIND:TEXT1:DATA:FMSD:STAT OFF;:DISP:WIND:TEXT2:DATA:FMSD:STAT OFF;:FUNC:DCR:RANG:VAL 100;:FUNC:IMP:RANG:VAL 0.1;:OUTP:DC:ISOL:LEV:VAL 0.1;:OUTP:DC:ISOL:STAT OFF;:FUNC:DCR:RANG:AUTO ON;:FUNC:IMP:RANG:AUTO ON;:OUTP:DC:ISOL:LEV:AUTO ON;:DISP:PAGE MEASurement;
"
300.0,-0.0004274082005,0.02298967796
300.0,-0.0004270690249,0.02298918897
300.0,-0.0004275628232,0.02298865417
300.0,-0.0004275654014,0.02298828564
300.0,-0.0004276723319,0.02298788137
300.0,-0.0004273464048,0.02298750937
300.0,-0.0004274717967,0.02298721293
300.0,-0.0004277206093,0.02298652353
300.0,-0.0004275456042,0.02298662818
300.0,-0.0004276585981,0.02298583429
300.0,-0.0004278366198,0.02298573189
300.0,-0.0004275757777,0.02298559075
300.0,-0.0004275274671,0.0229847325
300.0,-0.0004275582097,0.02298432583
300.0,-0.0004276473962,0.02298417538
300.0,-0.0004277087718,0.022983801
Freq,300,Rp,0.02298660961,1.8406232846767268e-06,Cp,-0.00042755468983125,1.7758212445341344e-07
":SOUR:DCS:STAT OFF;:BIAS:STAT OFF;:COMP:BIN:COUN:CLE;:LIST:CLE:ALL;:COMP:BIN:CLE;:AMPL:ALC ON;:APER LONG,16;:BIAS:POL:AUTO OFF;:BIAS:RANG:AUTO ON;:BIAS:VOLT:LEV 0;:COMP:ABIN OFF;:COMP:BIN:COUN:STAT OFF;:COMP:MODE PTOL;:COMP:SLIM -9.9e+037,9.9e+037;:COMP:STAT OFF;:COMP:SWAP OFF;:COMP:TOL:NOM 0;:CURR:LEV 0.1;:DISP:ENAB ON;:DISP:LINE """";:DISP:WIND:TEXT1:DATA:FMSD:DATA 1e-009;:DISP:WIND:TEXT2:DATA:FMSD:DATA 1e-009;:FORM:ASC:LONG ON;:FORM:BORD NORM;:FORM:DATA ASC,64;:FREQ:CW 300;:FUNC:DEV1:MODE OFF;:FUNC:DEV1:REF:VAL 0;:FUNC:DEV2:MODE OFF;:FUNC:DEV2:REF:VAL 0;:FUNC:IMP:TYPE CPRP;:FUNC:SMON:IDC:STAT OFF;:FUNC:SMON:VDC:STAT OFF;:INIT:CONT OFF;:LIST:MODE SEQ;:LIST:STIM:TYPE FREQ,NONE;:SOUR:DCS:VOLT:LEV 0;:TRIG:DEL 0;:TRIG:SOUR INT;:TRIG:TDEL 0;:DISP:WIND:TEXT1:DATA:FMSD:STAT OFF;:DISP:WIND:TEXT2:DATA:FMSD:STAT OFF;:FUNC:DCR:RANG:VAL 100;:FUNC:IMP:RANG:VAL 0.1;:OUTP:DC:ISOL:LEV:VAL 0.1;:OUTP:DC:ISOL:STAT OFF;:FUNC:DCR:RANG:AUTO ON;:FUNC:IMP:RANG:AUTO ON;:OUTP:DC:ISOL:LEV:AUTO ON;:DISP:PAGE MEASurement;
"
500.0,-0.0004149194626,0.0230069743
500.0,-0.0004148335325,0.023006273
500.0,-0.0004150060225,0.02300612366
500.0,-0.0004148953784,0.02300574406
500.0,-0.0004148738764,0.023005095
500.0,-0.0004149281917,0.02300481236
500.0,-0.0004149736604,0.02300434643
500.0,-0.0004149901207,0.02300377933
500.0,-0.0004148832942,0.02300346136
500.0,-0.0004150037419,0.02300279785
500.0,-0.0004150805258,0.02300274054
500.0,-0.000415100349,0.02300248962
500.0,-0.0004150795987,0.02300214902
500.0,-0.0004149846712,0.02300193422
500.0,-0.0004151092471,0.02300163105
500.0,-0.0004152295646,0.02300090498
Freq,500,Rp,0.02300382854875,1.8548932155135977e-06,Cp,-0.00041499320235625003,1.0573224819327817e-07
":SOUR:DCS:STAT OFF;:BIAS:STAT OFF;:COMP:BIN:COUN:CLE;:LIST:CLE:ALL;:COMP:BIN:CLE;:AMPL:ALC ON;:APER LONG,16;:BIAS:POL:AUTO OFF;:BIAS:RANG:AUTO ON;:BIAS:VOLT:LEV 0;:COMP:ABIN OFF;:COMP:BIN:COUN:STAT OFF;:COMP:MODE PTOL;:COMP:SLIM -9.9e+037,9.9e+037;:COMP:STAT OFF;:COMP:SWAP OFF;:COMP:TOL:NOM 0;:CURR:LEV 0.1;:DISP:ENAB ON;:DISP:LINE """";:DISP:WIND:TEXT1:DATA:FMSD:DATA 1e-009;:DISP:WIND:TEXT2:DATA:FMSD:DATA 1e-009;:FORM:ASC:LONG ON;:FORM:BORD NORM;:FORM:DATA ASC,64;:FREQ:CW 500;:FUNC:DEV1:MODE OFF;:FUNC:DEV1:REF:VAL 0;:FUNC:DEV2:MODE OFF;:FUNC:DEV2:REF:VAL 0;:FUNC:IMP:TYPE CPRP;:FUNC:SMON:IDC:STAT OFF;:FUNC:SMON:VDC:STAT OFF;:INIT:CONT OFF;:LIST:MODE SEQ;:LIST:STIM:TYPE FREQ,NONE;:SOUR:DCS:VOLT:LEV 0;:TRIG:DEL 0;:TRIG:SOUR INT;:TRIG:TDEL 0;:DISP:WIND:TEXT1:DATA:FMSD:STAT OFF;:DISP:WIND:TEXT2:DATA:FMSD:STAT OFF;:FUNC:DCR:RANG:VAL 100;:FUNC:IMP:RANG:VAL 0.1;:OUTP:DC:ISOL:LEV:VAL 0.1;:OUTP:DC:ISOL:STAT OFF;:FUNC:DCR:RANG:AUTO ON;:FUNC:IMP:RANG:AUTO ON;:OUTP:DC:ISOL:LEV:AUTO ON;:DISP:PAGE MEASurement;
"
800.0,-0.0004103853331,0.02304021109
800.0,-0.0004103776034,0.02303974312
800.0,-0.0004103897909,0.02303964211
800.0,-0.0004104629364,0.02303917256
800.0,-0.0004104149814,0.02303912029
800.0,-0.0004104250745,0.02303842397
800.0,-0.0004104656026,0.02303829971
800.0,-0.0004105338301,0.02303798861
800.0,-0.0004104274218,0.02303777002
800.0,-0.0004104940596,0.0230377167
800.0,-0.0004105188009,0.02303748314
800.0,-0.0004105123526,0.02303736081
800.0,-0.0004105309617,0.02303724612
800.0,-0.0004104358397,0.02303685559
800.0,-0.0004104974323,0.02303666118
800.0,-0.0004104620238,0.02303699128
Freq,800,Rp,0.023038167893750003,1.1126357220037148e-06,Cp,-0.0004104583778,5.255676983108189e-08
":SOUR:DCS:STAT OFF;:BIAS:STAT OFF;:COMP:BIN:COUN:CLE;:LIST:CLE:ALL;:COMP:BIN:CLE;:AMPL:ALC ON;:APER LONG,16;:BIAS:POL:AUTO OFF;:BIAS:RANG:AUTO ON;:BIAS:VOLT:LEV 0;:COMP:ABIN OFF;:COMP:BIN:COUN:STAT OFF;:COMP:MODE PTOL;:COMP:SLIM -9.9e+037,9.9e+037;:COMP:STAT OFF;:COMP:SWAP OFF;:COMP:TOL:NOM 0;:CURR:LEV 0.1;:DISP:ENAB ON;:DISP:LINE """";:DISP:WIND:TEXT1:DATA:FMSD:DATA 1e-009;:DISP:WIND:TEXT2:DATA:FMSD:DATA 1e-009;:FORM:ASC:LONG ON;:FORM:BORD NORM;:FORM:DATA ASC,64;:FREQ:CW 800;:FUNC:DEV1:MODE OFF;:FUNC:DEV1:REF:VAL 0;:FUNC:DEV2:MODE OFF;:FUNC:DEV2:REF:VAL 0;:FUNC:IMP:TYPE CPRP;:FUNC:SMON:IDC:STAT OFF;:FUNC:SMON:VDC:STAT OFF;:INIT:CONT OFF;:LIST:MODE SEQ;:LIST:STIM:TYPE FREQ,NONE;:SOUR:DCS:VOLT:LEV 0;:TRIG:DEL 0;:TRIG:SOUR INT;:TRIG:TDEL 0;:DISP:WIND:TEXT1:DATA:FMSD:STAT OFF;:DISP:WIND:TEXT2:DATA:FMSD:STAT OFF;:FUNC:DCR:RANG:VAL 100;:FUNC:IMP:RANG:VAL 0.1;:OUTP:DC:ISOL:LEV:VAL 0.1;:OUTP:DC:ISOL:STAT OFF;:FUNC:DCR:RANG:AUTO ON;:FUNC:IMP:RANG:AUTO ON;:OUTP:DC:ISOL:LEV:AUTO ON;:DISP:PAGE MEASurement;
"
1000.0,-0.0004089281951,0.02305734885
1000.0,-0.0004089364867,0.02305709508
1000.0,-0.0004089250971,0.02305698042
1000.0,-0.0004089380122,0.02305687089
1000.0,-0.0004089073962,0.02305647918
1000.0,-0.0004089286379,0.02305606266
1000.0,-0.0004089263183,0.0230560218
1000.0,-0.0004089622451,0.02305568569
1000.0,-0.0004089404999,0.02305546171
1000.0,-0.0004090006489,0.02305512165
1000.0,-0.0004089526678,0.02305481499
1000.0,-0.0004089749388,0.0230543022
1000.0,-0.0004089732582,0.0230545169
1000.0,-0.0004089524952,0.02305398908
1000.0,-0.000409049939,0.02305365486
1000.0,-0.0004090614185,0.02305349537
Freq,1000,Rp,0.023055493833125,1.2737363116841569e-06,Cp,-0.00040895989093124997,4.4024617726192685e-08
":SOUR:DCS:STAT OFF;:BIAS:STAT OFF;:COMP:BIN:COUN:CLE;:LIST:CLE:ALL;:COMP:BIN:CLE;:AMPL:ALC ON;:APER LONG,16;:BIAS:POL:AUTO OFF;:BIAS:RANG:AUTO ON;:BIAS:VOLT:LEV 0;:COMP:ABIN OFF;:COMP:BIN:COUN:STAT OFF;:COMP:MODE PTOL;:COMP:SLIM -9.9e+037,9.9e+037;:COMP:STAT OFF;:COMP:SWAP OFF;:COMP:TOL:NOM 0;:CURR:LEV 0.1;:DISP:ENAB ON;:DISP:LINE """";:DISP:WIND:TEXT1:DATA:FMSD:DATA 1e-009;:DISP:WIND:TEXT2:DATA:FMSD:DATA 1e-009;:FORM:ASC:LONG ON;:FORM:BORD NORM;:FORM:DATA ASC,64;:FREQ:CW 1000;:FUNC:DEV1:MODE OFF;:FUNC:DEV1:REF:VAL 0;:FUNC:DEV2:MODE OFF;:FUNC:DEV2:REF:VAL 0;:FUNC:IMP:TYPE CPRP;:FUNC:SMON:IDC:STAT OFF;:FUNC:SMON:VDC:STAT OFF;:INIT:CONT OFF;:LIST:MODE SEQ;:LIST:STIM:TYPE FREQ,NONE;:SOUR:DCS:VOLT:LEV 0;:TRIG:DEL 0;:TRIG:SOUR INT;:TRIG:TDEL 0;:DISP:WIND:TEXT1:DATA:FMSD:STAT OFF;:DISP:WIND:TEXT2:DATA:FMSD:STAT OFF;:FUNC:DCR:RANG:VAL 100;:FUNC:IMP:RANG:VAL 0.1;:OUTP:DC:ISOL:LEV:VAL 0.1;:OUTP:DC:ISOL:STAT OFF;:FUNC:DCR:RANG:AUTO ON;:FUNC:IMP:RANG:AUTO ON;:OUTP:DC:ISOL:LEV:AUTO ON;:DISP:PAGE MEASurement;
"
1591.5494309189535,-0.0004065388644,0.02317553905
1591.5494309189535,-0.000406531685,0.02317512011
1591.5494309189535,-0.0004065487381,0.02317497879
1591.5494309189535,-0.000406527491,0.02317472367
1591.5494309189535,-0.0004065792422,0.02317416981
1591.5494309189535,-0.0004066261421,0.02317412609
1591.5494309189535,-0.0004065861322,0.02317394874
1591.5494309189535,-0.0004065837384,0.02317364851
1591.5494309189535,-0.0004065919824,0.02317344839
1591.5494309189535,-0.0004066206651,0.02317307241
1591.5494309189535,-0.000406624655,0.02317314483
1591.5494309189535,-0.0004066311516,0.02317305628
1591.5494309189535,-0.0004066403765,0.02317285708
1591.5494309189535,-0.000406635707,0.02317273846
1591.5494309189535,-0.0004066160715,0.02317270489
1591.5494309189535,-0.0004066380153,0.02317249008
Freq,1591.5494309189535,Rp,0.023173735449375,9.59086420592828e-07,Cp,-0.00040659504111249995,4.012128913576795e-08
":SOUR:DCS:STAT OFF;:BIAS:STAT OFF;:COMP:BIN:COUN:CLE;:LIST:CLE:ALL;:COMP:BIN:CLE;:AMPL:ALC ON;:APER LONG,16;:BIAS:POL:AUTO OFF;:BIAS:RANG:AUTO ON;:BIAS:VOLT:LEV 0;:COMP:ABIN OFF;:COMP:BIN:COUN:STAT OFF;:COMP:MODE PTOL;:COMP:SLIM -9.9e+037,9.9e+037;:COMP:STAT OFF;:COMP:SWAP OFF;:COMP:TOL:NOM 0;:CURR:LEV 0.1;:DISP:ENAB ON;:DISP:LINE """";:DISP:WIND:TEXT1:DATA:FMSD:DATA 1e-009;:DISP:WIND:TEXT2:DATA:FMSD:DATA 1e-009;:FORM:ASC:LONG ON;:FORM:BORD NORM;:FORM:DATA ASC,64;:FREQ:CW 1592;:FUNC:DEV1:MODE OFF;:FUNC:DEV1:REF:VAL 0;:FUNC:DEV2:MODE OFF;:FUNC:DEV2:REF:VAL 0;:FUNC:IMP:TYPE CPRP;:FUNC:SMON:IDC:STAT OFF;:FUNC:SMON:VDC:STAT OFF;:INIT:CONT OFF;:LIST:MODE SEQ;:LIST:STIM:TYPE FREQ,NONE;:SOUR:DCS:VOLT:LEV 0;:TRIG:DEL 0;:TRIG:SOUR INT;:TRIG:TDEL 0;:DISP:WIND:TEXT1:DATA:FMSD:STAT OFF;:DISP:WIND:TEXT2:DATA:FMSD:STAT OFF;:FUNC:DCR:RANG:VAL 100;:FUNC:IMP:RANG:VAL 0.1;:OUTP:DC:ISOL:LEV:VAL 0.1;:OUTP:DC:ISOL:STAT OFF;:FUNC:DCR:RANG:AUTO ON;:FUNC:IMP:RANG:AUTO ON;:OUTP:DC:ISOL:LEV:AUTO ON;:DISP:PAGE MEASurement;
"
2000.0,-0.0004051170108,0.02329864048
2000.0,-0.000405125859,0.02329853982
2000.0,-0.0004051321546,0.02329837734
2000.0,-0.0004051045016,0.02329832275
2000.0,-0.0004051070308,0.02329830845
2000.0,-0.0004051217813,0.02329803068
2000.0,-0.0004051245861,0.02329803148
2000.0,-0.0004051034266,0.02329803588
2000.0,-0.0004051097203,0.02329844187
2000.0,-0.0004051460507,0.02329864205
2000.0,-0.0004050961462,0.02329900471
2000.0,-0.0004050816067,0.02329915009
2000.0,-0.0004050501716,0.02329904324
2000.0,-0.0004051010321,0.02329915184
2000.0,-0.0004050943038,0.02329882237
2000.0,-0.0004050878745,0.02329866707
Freq,2000,Rp,0.0232985756325,3.8478360206783704e-07,Cp,-0.00040510645354375,2.2682837760591597e-08
":SOUR:DCS:STAT OFF;:BIAS:STAT OFF;:COMP:BIN:COUN:CLE;:LIST:CLE:ALL;:COMP:BIN:CLE;:AMPL:ALC ON;:APER LONG,16;:BIAS:POL:AUTO OFF;:BIAS:RANG:AUTO ON;:BIAS:VOLT:LEV 0;:COMP:ABIN OFF;:COMP:BIN:COUN:STAT OFF;:COMP:MODE PTOL;:COMP:SLIM -9.9e+037,9.9e+037;:COMP:STAT OFF;:COMP:SWAP OFF;:COMP:TOL:NOM 0;:CURR:LEV 0.1;:DISP:ENAB ON;:DISP:LINE """";:DISP:WIND:TEXT1:DATA:FMSD:DATA 1e-009;:DISP:WIND:TEXT2:DATA:FMSD:DATA 1e-009;:FORM:ASC:LONG ON;:FORM:BORD NORM;:FORM:DATA ASC,64;:FREQ:CW 2000;:FUNC:DEV1:MODE OFF;:FUNC:DEV1:REF:VAL 0;:FUNC:DEV2:MODE OFF;:FUNC:DEV2:REF:VAL 0;:FUNC:IMP:TYPE CPRP;:FUNC:SMON:IDC:STAT OFF;:FUNC:SMON:VDC:STAT OFF;:INIT:CONT OFF;:LIST:MODE SEQ;:LIST:STIM:TYPE FREQ,NONE;:SOUR:DCS:VOLT:LEV 0;:TRIG:DEL 0;:TRIG:SOUR INT;:TRIG:TDEL 0;:DISP:WIND:TEXT1:DATA:FMSD:STAT OFF;:DISP:WIND:TEXT2:DATA:FMSD:STAT OFF;:FUNC:DCR:RANG:VAL 100;:FUNC:IMP:RANG:VAL 0.1;:OUTP:DC:ISOL:LEV:VAL 0.1;:OUTP:DC:ISOL:STAT OFF;:FUNC:DCR:RANG:AUTO ON;:FUNC:IMP:RANG:AUTO ON;:OUTP:DC:ISOL:LEV:AUTO ON;:DISP:PAGE MEASurement;
"
3000.0,-0.0003981878459,0.02370434328
3000.0,-0.0003982316425,0.0237040533
3000.0,-0.0003982018253,0.02370394021
3000.0,-0.0003982677883,0.0237039615
3000.0,-0.0003982388377,0.02370338699
3000.0,-0.0003982892095,0.02370367693
3000.0,-0.0003982250265,0.0237029305
3000.0,-0.0003982413998,0.02370296869
3000.0,-0.000398237402,0.02370297448
3000.0,-0.0003983048064,0.02370289992
3000.0,-0.0003983118094,0.02370280644
3000.0,-0.0003982495001,0.02370208935
3000.0,-0.0003982772119,0.02370231213
3000.0,-0.0003982688665,0.02370225847
3000.0,-0.0003982748964,0.02370254115
3000.0,-0.0003982763981,0.02370210261
Freq,3000,Rp,0.023703077871875,7.373556770080713e-07,Cp,-0.00039825527914374997,3.478245935132477e-08
":SOUR:DCS:STAT OFF;:BIAS:STAT OFF;:COMP:BIN:COUN:CLE;:LIST:CLE:ALL;:COMP:BIN:CLE;:AMPL:ALC ON;:APER LONG,16;:BIAS:POL:AUTO OFF;:BIAS:RANG:AUTO ON;:BIAS:VOLT:LEV 0;:COMP:ABIN OFF;:COMP:BIN:COUN:STAT OFF;:COMP:MODE PTOL;:COMP:SLIM -9.9e+037,9.9e+037;:COMP:STAT OFF;:COMP:SWAP OFF;:COMP:TOL:NOM 0;:CURR:LEV 0.1;:DISP:ENAB ON;:DISP:LINE """";:DISP:WIND:TEXT1:DATA:FMSD:DATA 1e-009;:DISP:WIND:TEXT2:DATA:FMSD:DATA 1e-009;:FORM:ASC:LONG ON;:FORM:BORD NORM;:FORM:DATA ASC,64;:FREQ:CW 3000;:FUNC:DEV1:MODE OFF;:FUNC:DEV1:REF:VAL 0;:FUNC:DEV2:MODE OFF;:FUNC:DEV2:REF:VAL 0;:FUNC:IMP:TYPE CPRP;:FUNC:SMON:IDC:STAT OFF;:FUNC:SMON:VDC:STAT OFF;:INIT:CONT OFF;:LIST:MODE SEQ;:LIST:STIM:TYPE FREQ,NONE;:SOUR:DCS:VOLT:LEV 0;:TRIG:DEL 0;:TRIG:SOUR INT;:TRIG:TDEL 0;:DISP:WIND:TEXT1:DATA:FMSD:STAT OFF;:DISP:WIND:TEXT2:DATA:FMSD:STAT OFF;:FUNC:DCR:RANG:VAL 100;:FUNC:IMP:RANG:VAL 0.1;:OUTP:DC:ISOL:LEV:VAL 0.1;:OUTP:DC:ISOL:STAT OFF;:FUNC:DCR:RANG:AUTO ON;:FUNC:IMP:RANG:AUTO ON;:OUTP:DC:ISOL:LEV:AUTO ON;:DISP:PAGE MEASurement;
"
5000.0,-0.0003759933356,0.02502381468
5000.0,-0.0003759954038,0.02502388037
5000.0,-0.0003759828025,0.02502353964
5000.0,-0.0003759943781,0.02502404871
5000.0,-0.000375991975,0.02502426287
5000.0,-0.0003759925696,0.02502339717
5000.0,-0.0003760223936,0.02502354034
5000.0,-0.0003759947438,0.02502355025
5000.0,-0.0003760085711,0.02502329722
5000.0,-0.0003760160989,0.02502306657
5000.0,-0.0003759851621,0.02502335754
5000.0,-0.0003760041393,0.02502358007
5000.0,-0.0003760037059,0.02502337332
5000.0,-0.0003760078056,0.02502329863
5000.0,-0.0003760011705,0.02502306162
5000.0,-0.0003760290741,0.02502317173
Freq,5000,Rp,0.025023515045625,3.4172671244694934e-07,Cp,-0.00037600145809375,1.290701293258667e-08
":SOUR:DCS:STAT OFF;:BIAS:STAT OFF;:COMP:BIN:COUN:CLE;:LIST:CLE:ALL;:COMP:BIN:CLE;:AMPL:ALC ON;:APER LONG,16;:BIAS:POL:AUTO OFF;:BIAS:RANG:AUTO ON;:BIAS:VOLT:LEV 0;:COMP:ABIN OFF;:COMP:BIN:COUN:STAT OFF;:COMP:MODE PTOL;:COMP:SLIM -9.9e+037,9.9e+037;:COMP:STAT OFF;:COMP:SWAP OFF;:COMP:TOL:NOM 0;:CURR:LEV 0.1;:DISP:ENAB ON;:DISP:LINE """";:DISP:WIND:TEXT1:DATA:FMSD:DATA 1e-009;:DISP:WIND:TEXT2:DATA:FMSD:DATA 1e-009;:FORM:ASC:LONG ON;:FORM:BORD NORM;:FORM:DATA ASC,64;:FREQ:CW 5000;:FUNC:DEV1:MODE OFF;:FUNC:DEV1:REF:VAL 0;:FUNC:DEV2:MODE OFF;:FUNC:DEV2:REF:VAL 0;:FUNC:IMP:TYPE CPRP;:FUNC:SMON:IDC:STAT OFF;:FUNC:SMON:VDC:STAT OFF;:INIT:CONT OFF;:LIST:MODE SEQ;:LIST:STIM:TYPE FREQ,NONE;:SOUR:DCS:VOLT:LEV 0;:TRIG:DEL 0;:TRIG:SOUR INT;:TRIG:TDEL 0;:DISP:WIND:TEXT1:DATA:FMSD:STAT OFF;:DISP:WIND:TEXT2:DATA:FMSD:STAT OFF;:FUNC:DCR:RANG:VAL 100;:FUNC:IMP:RANG:VAL 0.1;:OUTP:DC:ISOL:LEV:VAL 0.1;:OUTP:DC:ISOL:STAT OFF;:FUNC:DCR:RANG:AUTO ON;:FUNC:IMP:RANG:AUTO ON;:OUTP:DC:ISOL:LEV:AUTO ON;:DISP:PAGE MEASurement;
"
":SOUR:DCS:STAT OFF;:BIAS:STAT OFF;:COMP:BIN:COUN:CLE;:LIST:CLE:ALL;:COMP:BIN:CLE;:AMPL:ALC ON;:APER LONG,16;:BIAS:POL:AUTO OFF;:BIAS:RANG:AUTO ON;:BIAS:VOLT:LEV 0;:COMP:ABIN OFF;:COMP:BIN:COUN:STAT OFF;:COMP:MODE PTOL;:COMP:SLIM -9.9e+037,9.9e+037;:COMP:STAT OFF;:COMP:SWAP OFF;:COMP:TOL:NOM 0;:CURR:LEV 0.1;:DISP:ENAB ON;:DISP:LINE """";:DISP:WIND:TEXT1:DATA:FMSD:DATA 1e-009;:DISP:WIND:TEXT2:DATA:FMSD:DATA 1e-009;:FORM:ASC:LONG ON;:FORM:BORD NORM;:FORM:DATA ASC,64;:FREQ:CW 5000;:FUNC:DEV1:MODE OFF;:FUNC:DEV1:REF:VAL 0;:FUNC:DEV2:MODE OFF;:FUNC:DEV2:REF:VAL 0;:FUNC:IMP:TYPE CPRP;:FUNC:SMON:IDC:STAT OFF;:FUNC:SMON:VDC:STAT OFF;:INIT:CONT OFF;:LIST:MODE SEQ;:LIST:STIM:TYPE FREQ,NONE;:SOUR:DCS:VOLT:LEV 0;:TRIG:DEL 0;:TRIG:SOUR INT;:TRIG:TDEL 0;:DISP:WIND:TEXT1:DATA:FMSD:STAT OFF;:DISP:WIND:TEXT2:DATA:FMSD:STAT OFF;:FUNC:DCR:RANG:VAL 100;:FUNC:IMP:RANG:VAL 0.1;:OUTP:DC:ISOL:LEV:VAL 0.1;:OUTP:DC:ISOL:STAT OFF;:FUNC:DCR:RANG:AUTO ON;:FUNC:IMP:RANG:AUTO ON;:OUTP:DC:ISOL:LEV:AUTO ON;:DISP:PAGE MEASurement;
"
2022-09-12,13:39:12
---------run finished---------
lcr name:,KeySight E4980A
Name and description of Resistor under test: ,RE0
GPIB source:,<bound method MessageBasedResource.read of <'GPIBInstrument'('GPIB0::17::INSTR')>>
2022-09-12,13:58:34
select the freq range,"[50, 100, 200, 300, 500, 800, 1000, 1591.5494309189535, 2000, 3000, 5000]"
50.0,-0.000333011216,0.03033209833
50.0,-0.0003369379693,0.0303357672
50.0,-0.0003339947239,0.03033706843
50.0,-0.0003307301006,0.03033564782
50.0,-0.0003307361166,0.03033590307
50.0,-0.0003321846103,0.03033588042
50.0,-0.0003359656118,0.03033715711
50.0,-0.00033051444,0.03033808523
50.0,-0.0003250444872,0.03033772699
50.0,-0.0003278160644,0.03033613752
50.0,-0.0003324437385,0.03033276347
50.0,-0.0003376729224,0.03032822823
50.0,-0.0003344833525,0.03032393607
50.0,-0.0003386887584,0.03032160853
50.0,-0.0003339964624,0.03031947505
50.0,-0.000333019581,0.03031726323
Freq,50,Rp,0.03033154666875,7.0974611090745225e-06,Cp,-0.00033295250970625,3.5612833107090326e-06
":SOUR:DCS:STAT OFF;:BIAS:STAT OFF;:COMP:BIN:COUN:CLE;:LIST:CLE:ALL;:COMP:BIN:CLE;:AMPL:ALC ON;:APER LONG,16;:BIAS:POL:AUTO OFF;:BIAS:RANG:AUTO ON;:BIAS:VOLT:LEV 0;:COMP:ABIN OFF;:COMP:BIN:COUN:STAT OFF;:COMP:MODE PTOL;:COMP:SLIM -9.9e+037,9.9e+037;:COMP:STAT OFF;:COMP:SWAP OFF;:COMP:TOL:NOM 0;:CURR:LEV 0.1;:DISP:ENAB ON;:DISP:LINE """";:DISP:WIND:TEXT1:DATA:FMSD:DATA 1e-009;:DISP:WIND:TEXT2:DATA:FMSD:DATA 1e-009;:FORM:ASC:LONG ON;:FORM:BORD NORM;:FORM:DATA ASC,64;:FREQ:CW 50;:FUNC:DEV1:MODE OFF;:FUNC:DEV1:REF:VAL 0;:FUNC:DEV2:MODE OFF;:FUNC:DEV2:REF:VAL 0;:FUNC:IMP:TYPE CPRP;:FUNC:SMON:IDC:STAT OFF;:FUNC:SMON:VDC:STAT OFF;:INIT:CONT OFF;:LIST:MODE SEQ;:LIST:STIM:TYPE FREQ,NONE;:SOUR:DCS:VOLT:LEV 0;:TRIG:DEL 0;:TRIG:SOUR INT;:TRIG:TDEL 0;:DISP:WIND:TEXT1:DATA:FMSD:STAT OFF;:DISP:WIND:TEXT2:DATA:FMSD:STAT OFF;:FUNC:DCR:RANG:VAL 100;:FUNC:IMP:RANG:VAL 0.1;:OUTP:DC:ISOL:LEV:VAL 0.1;:OUTP:DC:ISOL:STAT OFF;:FUNC:DCR:RANG:AUTO ON;:FUNC:IMP:RANG:AUTO ON;:OUTP:DC:ISOL:LEV:AUTO ON;:DISP:PAGE MEASurement;
"
100.0,-0.0002762467546,0.03029162515
100.0,-0.0002761582699,0.03028925551
100.0,-0.0002755433854,0.03028619348
100.0,-0.0002767845225,0.03028301332
100.0,-0.0002759320939,0.03028071382
100.0,-0.0002765046629,0.03027809832
100.0,-0.0002759448427,0.03027613821
100.0,-0.000275872845,0.03027405455
100.0,-0.0002759566604,0.03027212399
100.0,-0.0002765836326,0.03027000455
100.0,-0.0002767833795,0.03026720938
100.0,-0.0002762258094,0.03026514386
100.0,-0.000276409159,0.03026287327
100.0,-0.0002763693736,0.03026085915
100.0,-0.0002768887435,0.0302591339
100.0,-0.0002759048185,0.03025744346
Freq,100,Rp,0.030273367745,1.0859652377125711e-05,Cp,-0.00027625680958749996,3.8670822283902527e-07
":SOUR:DCS:STAT OFF;:BIAS:STAT OFF;:COMP:BIN:COUN:CLE;:LIST:CLE:ALL;:COMP:BIN:CLE;:AMPL:ALC ON;:APER LONG,16;:BIAS:POL:AUTO OFF;:BIAS:RANG:AUTO ON;:BIAS:VOLT:LEV 0;:COMP:ABIN OFF;:COMP:BIN:COUN:STAT OFF;:COMP:MODE PTOL;:COMP:SLIM -9.9e+037,9.9e+037;:COMP:STAT OFF;:COMP:SWAP OFF;:COMP:TOL:NOM 0;:CURR:LEV 0.1;:DISP:ENAB ON;:DISP:LINE """";:DISP:WIND:TEXT1:DATA:FMSD:DATA 1e-009;:DISP:WIND:TEXT2:DATA:FMSD:DATA 1e-009;:FORM:ASC:LONG ON;:FORM:BORD NORM;:FORM:DATA ASC,64;:FREQ:CW 100;:FUNC:DEV1:MODE OFF;:FUNC:DEV1:REF:VAL 0;:FUNC:DEV2:MODE OFF;:FUNC:DEV2:REF:VAL 0;:FUNC:IMP:TYPE CPRP;:FUNC:SMON:IDC:STAT OFF;:FUNC:SMON:VDC:STAT OFF;:INIT:CONT OFF;:LIST:MODE SEQ;:LIST:STIM:TYPE FREQ,NONE;:SOUR:DCS:VOLT:LEV 0;:TRIG:DEL 0;:TRIG:SOUR INT;:TRIG:TDEL 0;:DISP:WIND:TEXT1:DATA:FMSD:STAT OFF;:DISP:WIND:TEXT2:DATA:FMSD:STAT OFF;:FUNC:DCR:RANG:VAL 100;:FUNC:IMP:RANG:VAL 0.1;:OUTP:DC:ISOL:LEV:VAL 0.1;:OUTP:DC:ISOL:STAT OFF;:FUNC:DCR:RANG:AUTO ON;:FUNC:IMP:RANG:AUTO ON;:OUTP:DC:ISOL:LEV:AUTO ON;:DISP:PAGE MEASurement;
"
200.0,-0.0002734977217,0.03027688608
200.0,-0.0002734809902,0.0302756597
200.0,-0.0002733423438,0.03027454642
200.0,-0.0002733565462,0.03027320292
200.0,-0.0002735994251,0.03027155604
200.0,-0.0002734571074,0.03027048109
200.0,-0.0002732197139,0.03026953297
200.0,-0.0002736116177,0.03026802123
200.0,-0.0002735170449,0.03026669456
200.0,-0.0002735955084,0.03026562354
200.0,-0.0002735922075,0.03026480504
200.0,-0.0002733851479,0.03026368167
200.0,-0.0002738300613,0.0302625733
200.0,-0.0002737764831,0.03026176144
200.0,-0.0002739615232,0.03026049819
200.0,-0.0002734899086,0.03025961537
Freq,200,Rp,0.0302678212225,5.533865816243675e-06,Cp,-0.00027354458443125,1.9084637826021967e-07
":SOUR:DCS:STAT OFF;:BIAS:STAT OFF;:COMP:BIN:COUN:CLE;:LIST:CLE:ALL;:COMP:BIN:CLE;:AMPL:ALC ON;:APER LONG,16;:BIAS:POL:AUTO OFF;:BIAS:RANG:AUTO ON;:BIAS:VOLT:LEV 0;:COMP:ABIN OFF;:COMP:BIN:COUN:STAT OFF;:COMP:MODE PTOL;:COMP:SLIM -9.9e+037,9.9e+037;:COMP:STAT OFF;:COMP:SWAP OFF;:COMP:TOL:NOM 0;:CURR:LEV 0.1;:DISP:ENAB ON;:DISP:LINE """";:DISP:WIND:TEXT1:DATA:FMSD:DATA 1e-009;:DISP:WIND:TEXT2:DATA:FMSD:DATA 1e-009;:FORM:ASC:LONG ON;:FORM:BORD NORM;:FORM:DATA ASC,64;:FREQ:CW 200;:FUNC:DEV1:MODE OFF;:FUNC:DEV1:REF:VAL 0;:FUNC:DEV2:MODE OFF;:FUNC:DEV2:REF:VAL 0;:FUNC:IMP:TYPE CPRP;:FUNC:SMON:IDC:STAT OFF;:FUNC:SMON:VDC:STAT OFF;:INIT:CONT OFF;:LIST:MODE SEQ;:LIST:STIM:TYPE FREQ,NONE;:SOUR:DCS:VOLT:LEV 0;:TRIG:DEL 0;:TRIG:SOUR INT;:TRIG:TDEL 0;:DISP:WIND:TEXT1:DATA:FMSD:STAT OFF;:DISP:WIND:TEXT2:DATA:FMSD:STAT OFF;:FUNC:DCR:RANG:VAL 100;:FUNC:IMP:RANG:VAL 0.1;:OUTP:DC:ISOL:LEV:VAL 0.1;:OUTP:DC:ISOL:STAT OFF;:FUNC:DCR:RANG:AUTO ON;:FUNC:IMP:RANG:AUTO ON;:OUTP:DC:ISOL:LEV:AUTO ON;:DISP:PAGE MEASurement;
"
300.0,-0.0002603013986,0.03026857741
300.0,-0.0002603696567,0.03026797107
300.0,-0.0002604180988,0.03026622538
300.0,-0.0002603376669,0.03026555612
300.0,-0.0002604981667,0.0302649332
300.0,-0.000260361125,0.03026410106
300.0,-0.0002603358435,0.03026336647
300.0,-0.0002603778283,0.03026257284
300.0,-0.00026036402,0.03026160587
300.0,-0.0002606134836,0.03026095807
300.0,-0.0002604622705,0.03026030102
300.0,-0.000260355898,0.0302597406
300.0,-0.0002604551862,0.03025888222
300.0,-0.0002604447398,0.03025830717
300.0,-0.0002605771313,0.03025729378
300.0,-0.0002604896383,0.03025646108
Freq,300,Rp,0.030262303335,3.728942630832332e-06,Cp,-0.0002604226345125,8.928027061913854e-08
":SOUR:DCS:STAT OFF;:BIAS:STAT OFF;:COMP:BIN:COUN:CLE;:LIST:CLE:ALL;:COMP:BIN:CLE;:AMPL:ALC ON;:APER LONG,16;:BIAS:POL:AUTO OFF;:BIAS:RANG:AUTO ON;:BIAS:VOLT:LEV 0;:COMP:ABIN OFF;:COMP:BIN:COUN:STAT OFF;:COMP:MODE PTOL;:COMP:SLIM -9.9e+037,9.9e+037;:COMP:STAT OFF;:COMP:SWAP OFF;:COMP:TOL:NOM 0;:CURR:LEV 0.1;:DISP:ENAB ON;:DISP:LINE """";:DISP:WIND:TEXT1:DATA:FMSD:DATA 1e-009;:DISP:WIND:TEXT2:DATA:FMSD:DATA 1e-009;:FORM:ASC:LONG ON;:FORM:BORD NORM;:FORM:DATA ASC,64;:FREQ:CW 300;:FUNC:DEV1:MODE OFF;:FUNC:DEV1:REF:VAL 0;:FUNC:DEV2:MODE OFF;:FUNC:DEV2:REF:VAL 0;:FUNC:IMP:TYPE CPRP;:FUNC:SMON:IDC:STAT OFF;:FUNC:SMON:VDC:STAT OFF;:INIT:CONT OFF;:LIST:MODE SEQ;:LIST:STIM:TYPE FREQ,NONE;:SOUR:DCS:VOLT:LEV 0;:TRIG:DEL 0;:TRIG:SOUR INT;:TRIG:TDEL 0;:DISP:WIND:TEXT1:DATA:FMSD:STAT OFF;:DISP:WIND:TEXT2:DATA:FMSD:STAT OFF;:FUNC:DCR:RANG:VAL 100;:FUNC:IMP:RANG:VAL 0.1;:OUTP:DC:ISOL:LEV:VAL 0.1;:OUTP:DC:ISOL:STAT OFF;:FUNC:DCR:RANG:AUTO ON;:FUNC:IMP:RANG:AUTO ON;:OUTP:DC:ISOL:LEV:AUTO ON;:DISP:PAGE MEASurement;
"
500.0,-0.0002535935213,0.0302774633
500.0,-0.0002536175623,0.03027664895
500.0,-0.0002535190789,0.03027629528
500.0,-0.0002536362174,0.03027591059
500.0,-0.0002535162766,0.03027586558
500.0,-0.0002535600174,0.03027550578
500.0,-0.0002536221937,0.03027532395
500.0,-0.0002536523403,0.03027511468
500.0,-0.0002535216744,0.03027461124
500.0,-0.0002535448094,0.03027423674
500.0,-0.0002536057778,0.03027372973
500.0,-0.000253638735,0.03027308586
500.0,-0.0002535806082,0.03027256747
500.0,-0.0002536388637,0.03027195855
500.0,-0.0002536112768,0.03027126565
500.0,-0.0002537299652,0.03027046807
Freq,500,Rp,0.03027437821375,2.031315700823276e-06,Cp,-0.0002535993074,5.753965258651825e-08
":SOUR:DCS:STAT OFF;:BIAS:STAT OFF;:COMP:BIN:COUN:CLE;:LIST:CLE:ALL;:COMP:BIN:CLE;:AMPL:ALC ON;:APER LONG,16;:BIAS:POL:AUTO OFF;:BIAS:RANG:AUTO ON;:BIAS:VOLT:LEV 0;:COMP:ABIN OFF;:COMP:BIN:COUN:STAT OFF;:COMP:MODE PTOL;:COMP:SLIM -9.9e+037,9.9e+037;:COMP:STAT OFF;:COMP:SWAP OFF;:COMP:TOL:NOM 0;:CURR:LEV 0.1;:DISP:ENAB ON;:DISP:LINE """";:DISP:WIND:TEXT1:DATA:FMSD:DATA 1e-009;:DISP:WIND:TEXT2:DATA:FMSD:DATA 1e-009;:FORM:ASC:LONG ON;:FORM:BORD NORM;:FORM:DATA ASC,64;:FREQ:CW 500;:FUNC:DEV1:MODE OFF;:FUNC:DEV1:REF:VAL 0;:FUNC:DEV2:MODE OFF;:FUNC:DEV2:REF:VAL 0;:FUNC:IMP:TYPE CPRP;:FUNC:SMON:IDC:STAT OFF;:FUNC:SMON:VDC:STAT OFF;:INIT:CONT OFF;:LIST:MODE SEQ;:LIST:STIM:TYPE FREQ,NONE;:SOUR:DCS:VOLT:LEV 0;:TRIG:DEL 0;:TRIG:SOUR INT;:TRIG:TDEL 0;:DISP:WIND:TEXT1:DATA:FMSD:STAT OFF;:DISP:WIND:TEXT2:DATA:FMSD:STAT OFF;:FUNC:DCR:RANG:VAL 100;:FUNC:IMP:RANG:VAL 0.1;:OUTP:DC:ISOL:LEV:VAL 0.1;:OUTP:DC:ISOL:STAT OFF;:FUNC:DCR:RANG:AUTO ON;:FUNC:IMP:RANG:AUTO ON;:OUTP:DC:ISOL:LEV:AUTO ON;:DISP:PAGE MEASurement;
"
800.0,-0.0002512413205,0.03030343286
800.0,-0.0002512047909,0.03030277982
800.0,-0.0002512415151,0.03030229585
800.0,-0.0002512543628,0.0303017785
800.0,-0.0002512555169,0.03030106841
800.0,-0.0002512992248,0.0303003298
800.0,-0.0002512853686,0.03029957211
800.0,-0.0002513454797,0.03029896264
800.0,-0.0002513236379,0.0302981997
800.0,-0.0002513196596,0.03029758947
800.0,-0.0002512843253,0.03029725192
800.0,-0.000251344198,0.03029670233
800.0,-0.000251357059,0.03029613327
800.0,-0.0002513599673,0.03029573519
800.0,-0.0002513916324,0.03029534932
800.0,-0.0002513816993,0.03029485276
Freq,800,Rp,0.030298877121874998,2.816890968566031e-06,Cp,-0.00025130560988124995,5.587908274395459e-08
":SOUR:DCS:STAT OFF;:BIAS:STAT OFF;:COMP:BIN:COUN:CLE;:LIST:CLE:ALL;:COMP:BIN:CLE;:AMPL:ALC ON;:APER LONG,16;:BIAS:POL:AUTO OFF;:BIAS:RANG:AUTO ON;:BIAS:VOLT:LEV 0;:COMP:ABIN OFF;:COMP:BIN:COUN:STAT OFF;:COMP:MODE PTOL;:COMP:SLIM -9.9e+037,9.9e+037;:COMP:STAT OFF;:COMP:SWAP OFF;:COMP:TOL:NOM 0;:CURR:LEV 0.1;:DISP:ENAB ON;:DISP:LINE """";:DISP:WIND:TEXT1:DATA:FMSD:DATA 1e-009;:DISP:WIND:TEXT2:DATA:FMSD:DATA 1e-009;:FORM:ASC:LONG ON;:FORM:BORD NORM;:FORM:DATA ASC,64;:FREQ:CW 800;:FUNC:DEV1:MODE OFF;:FUNC:DEV1:REF:VAL 0;:FUNC:DEV2:MODE OFF;:FUNC:DEV2:REF:VAL 0;:FUNC:IMP:TYPE CPRP;:FUNC:SMON:IDC:STAT OFF;:FUNC:SMON:VDC:STAT OFF;:INIT:CONT OFF;:LIST:MODE SEQ;:LIST:STIM:TYPE FREQ,NONE;:SOUR:DCS:VOLT:LEV 0;:TRIG:DEL 0;:TRIG:SOUR INT;:TRIG:TDEL 0;:DISP:WIND:TEXT1:DATA:FMSD:STAT OFF;:DISP:WIND:TEXT2:DATA:FMSD:STAT OFF;:FUNC:DCR:RANG:VAL 100;:FUNC:IMP:RANG:VAL 0.1;:OUTP:DC:ISOL:LEV:VAL 0.1;:OUTP:DC:ISOL:STAT OFF;:FUNC:DCR:RANG:AUTO ON;:FUNC:IMP:RANG:AUTO ON;:OUTP:DC:ISOL:LEV:AUTO ON;:DISP:PAGE MEASurement;
"
1000.0,-0.0002505095767,0.03031111882
1000.0,-0.0002504808852,0.0303107713
1000.0,-0.000250576573,0.03031014382
1000.0,-0.0002505559277,0.03030972987
1000.0,-0.000250587173,0.03030915571
1000.0,-0.0002505750342,0.03030863006
1000.0,-0.0002505980968,0.0303079055
1000.0,-0.0002505702417,0.03030743331
1000.0,-0.0002506230205,0.0303067394
1000.0,-0.0002506266301,0.03030598308
1000.0,-0.0002506258745,0.030305776
1000.0,-0.0002506273832,0.03030496682
1000.0,-0.000250670754,0.03030434571
1000.0,-0.0002506466685,0.0303038753
1000.0,-0.000250625865,0.03030365088
1000.0,-0.0002506716613,0.03030299423
Freq,1000,Rp,0.030307076238125,2.6776592812680455e-06,Cp,-0.0002505982103375,5.29959172803957e-08
":SOUR:DCS:STAT OFF;:BIAS:STAT OFF;:COMP:BIN:COUN:CLE;:LIST:CLE:ALL;:COMP:BIN:CLE;:AMPL:ALC ON;:APER LONG,16;:BIAS:POL:AUTO OFF;:BIAS:RANG:AUTO ON;:BIAS:VOLT:LEV 0;:COMP:ABIN OFF;:COMP:BIN:COUN:STAT OFF;:COMP:MODE PTOL;:COMP:SLIM -9.9e+037,9.9e+037;:COMP:STAT OFF;:COMP:SWAP OFF;:COMP:TOL:NOM 0;:CURR:LEV 0.1;:DISP:ENAB ON;:DISP:LINE """";:DISP:WIND:TEXT1:DATA:FMSD:DATA 1e-009;:DISP:WIND:TEXT2:DATA:FMSD:DATA 1e-009;:FORM:ASC:LONG ON;:FORM:BORD NORM;:FORM:DATA ASC,64;:FREQ:CW 1000;:FUNC:DEV1:MODE OFF;:FUNC:DEV1:REF:VAL 0;:FUNC:DEV2:MODE OFF;:FUNC:DEV2:REF:VAL 0;:FUNC:IMP:TYPE CPRP;:FUNC:SMON:IDC:STAT OFF;:FUNC:SMON:VDC:STAT OFF;:INIT:CONT OFF;:LIST:MODE SEQ;:LIST:STIM:TYPE FREQ,NONE;:SOUR:DCS:VOLT:LEV 0;:TRIG:DEL 0;:TRIG:SOUR INT;:TRIG:TDEL 0;:DISP:WIND:TEXT1:DATA:FMSD:STAT OFF;:DISP:WIND:TEXT2:DATA:FMSD:STAT OFF;:FUNC:DCR:RANG:VAL 100;:FUNC:IMP:RANG:VAL 0.1;:OUTP:DC:ISOL:LEV:VAL 0.1;:OUTP:DC:ISOL:STAT OFF;:FUNC:DCR:RANG:AUTO ON;:FUNC:IMP:RANG:AUTO ON;:OUTP:DC:ISOL:LEV:AUTO ON;:DISP:PAGE MEASurement;
"
1591.5494309189535,-0.0002496455194,0.03040781228
1591.5494309189535,-0.0002496283139,0.03040752053
1591.5494309189535,-0.0002496358521,0.0304070141
1591.5494309189535,-0.0002496520438,0.03040673821
1591.5494309189535,-0.0002496589254,0.03040641142
1591.5494309189535,-0.0002496657709,0.03040600796
1591.5494309189535,-0.0002496843497,0.03040571833
1591.5494309189535,-0.0002497007805,0.03040506735
1591.5494309189535,-0.0002496980244,0.03040483477
1591.5494309189535,-0.00024966244,0.03040444881
1591.5494309189535,-0.0002496833512,0.03040418587
1591.5494309189535,-0.000249689435,0.03040392079
1591.5494309189535,-0.0002496941922,0.03040373334
1591.5494309189535,-0.0002497085818,0.03040288405
1591.5494309189535,-0.0002497144483,0.03040280767
1591.5494309189535,-0.000249723559,0.03040233936
Freq,1591.5494309189535,Rp,0.0304050903025,1.7294260216483709e-06,Cp,-0.000249677849225,2.8809934331628937e-08
":SOUR:DCS:STAT OFF;:BIAS:STAT OFF;:COMP:BIN:COUN:CLE;:LIST:CLE:ALL;:COMP:BIN:CLE;:AMPL:ALC ON;:APER LONG,16;:BIAS:POL:AUTO OFF;:BIAS:RANG:AUTO ON;:BIAS:VOLT:LEV 0;:COMP:ABIN OFF;:COMP:BIN:COUN:STAT OFF;:COMP:MODE PTOL;:COMP:SLIM -9.9e+037,9.9e+037;:COMP:STAT OFF;:COMP:SWAP OFF;:COMP:TOL:NOM 0;:CURR:LEV 0.1;:DISP:ENAB ON;:DISP:LINE """";:DISP:WIND:TEXT1:DATA:FMSD:DATA 1e-009;:DISP:WIND:TEXT2:DATA:FMSD:DATA 1e-009;:FORM:ASC:LONG ON;:FORM:BORD NORM;:FORM:DATA ASC,64;:FREQ:CW 1592;:FUNC:DEV1:MODE OFF;:FUNC:DEV1:REF:VAL 0;:FUNC:DEV2:MODE OFF;:FUNC:DEV2:REF:VAL 0;:FUNC:IMP:TYPE CPRP;:FUNC:SMON:IDC:STAT OFF;:FUNC:SMON:VDC:STAT OFF;:INIT:CONT OFF;:LIST:MODE SEQ;:LIST:STIM:TYPE FREQ,NONE;:SOUR:DCS:VOLT:LEV 0;:TRIG:DEL 0;:TRIG:SOUR INT;:TRIG:TDEL 0;:DISP:WIND:TEXT1:DATA:FMSD:STAT OFF;:DISP:WIND:TEXT2:DATA:FMSD:STAT OFF;:FUNC:DCR:RANG:VAL 100;:FUNC:IMP:RANG:VAL 0.1;:OUTP:DC:ISOL:LEV:VAL 0.1;:OUTP:DC:ISOL:STAT OFF;:FUNC:DCR:RANG:AUTO ON;:FUNC:IMP:RANG:AUTO ON;:OUTP:DC:ISOL:LEV:AUTO ON;:DISP:PAGE MEASurement;
"
2000.0,-0.0002492577957,0.0305100582
2000.0,-0.0002492800079,0.03050972151
2000.0,-0.0002492957369,0.03050917349
2000.0,-0.0002492834949,0.03050863049
2000.0,-0.0002492981114,0.03050816299
2000.0,-0.000249291235,0.03050775889
2000.0,-0.0002493051446,0.03050783387
2000.0,-0.0002492989031,0.03050754849
2000.0,-0.0002493011223,0.03050750589
2000.0,-0.0002493136323,0.03050752699
2000.0,-0.0002493004274,0.03050739494
2000.0,-0.0002492960869,0.03050733217
2000.0,-0.0002493129612,0.03050705392
2000.0,-0.0002493215462,0.03050705824
2000.0,-0.0002493249652,0.03050663694
2000.0,-0.0002493061414,0.03050646445
Freq,2000,Rp,0.030507866341875,1.0418736952958128e-06,Cp,-0.000249299207025,1.6462653007072985e-08
":SOUR:DCS:STAT OFF;:BIAS:STAT OFF;:COMP:BIN:COUN:CLE;:LIST:CLE:ALL;:COMP:BIN:CLE;:AMPL:ALC ON;:APER LONG,16;:BIAS:POL:AUTO OFF;:BIAS:RANG:AUTO ON;:BIAS:VOLT:LEV 0;:COMP:ABIN OFF;:COMP:BIN:COUN:STAT OFF;:COMP:MODE PTOL;:COMP:SLIM -9.9e+037,9.9e+037;:COMP:STAT OFF;:COMP:SWAP OFF;:COMP:TOL:NOM 0;:CURR:LEV 0.1;:DISP:ENAB ON;:DISP:LINE """";:DISP:WIND:TEXT1:DATA:FMSD:DATA 1e-009;:DISP:WIND:TEXT2:DATA:FMSD:DATA 1e-009;:FORM:ASC:LONG ON;:FORM:BORD NORM;:FORM:DATA ASC,64;:FREQ:CW 2000;:FUNC:DEV1:MODE OFF;:FUNC:DEV1:REF:VAL 0;:FUNC:DEV2:MODE OFF;:FUNC:DEV2:REF:VAL 0;:FUNC:IMP:TYPE CPRP;:FUNC:SMON:IDC:STAT OFF;:FUNC:SMON:VDC:STAT OFF;:INIT:CONT OFF;:LIST:MODE SEQ;:LIST:STIM:TYPE FREQ,NONE;:SOUR:DCS:VOLT:LEV 0;:TRIG:DEL 0;:TRIG:SOUR INT;:TRIG:TDEL 0;:DISP:WIND:TEXT1:DATA:FMSD:STAT OFF;:DISP:WIND:TEXT2:DATA:FMSD:STAT OFF;:FUNC:DCR:RANG:VAL 100;:FUNC:IMP:RANG:VAL 0.1;:OUTP:DC:ISOL:LEV:VAL 0.1;:OUTP:DC:ISOL:STAT OFF;:FUNC:DCR:RANG:AUTO ON;:FUNC:IMP:RANG:AUTO ON;:OUTP:DC:ISOL:LEV:AUTO ON;:DISP:PAGE MEASurement;
"
3000.0,-0.0002465712563,0.03085244294
3000.0,-0.0002465587081,0.0308525777
3000.0,-0.0002465468829,0.03085297953
3000.0,-0.000246555865,0.03085270632
3000.0,-0.0002465396168,0.03085270928
3000.0,-0.0002465623434,0.03085257929
3000.0,-0.0002465058279,0.03085255861
3000.0,-0.0002465574582,0.03085221751
3000.0,-0.0002465624818,0.03085222668
3000.0,-0.0002465872033,0.03085182574
3000.0,-0.0002465295072,0.03085132832
3000.0,-0.000246589505,0.03085142041
3000.0,-0.0002465742844,0.03085122564
3000.0,-0.0002465680771,0.03085088596
3000.0,-0.0002465812169,0.03085088656
3000.0,-0.0002465999263,0.03085033284
Freq,3000,Rp,0.030851931458125,8.099325743313762e-07,Cp,-0.00024656188503749995,2.3780670226293988e-08
":SOUR:DCS:STAT OFF;:BIAS:STAT OFF;:COMP:BIN:COUN:CLE;:LIST:CLE:ALL;:COMP:BIN:CLE;:AMPL:ALC ON;:APER LONG,16;:BIAS:POL:AUTO OFF;:BIAS:RANG:AUTO ON;:BIAS:VOLT:LEV 0;:COMP:ABIN OFF;:COMP:BIN:COUN:STAT OFF;:COMP:MODE PTOL;:COMP:SLIM -9.9e+037,9.9e+037;:COMP:STAT OFF;:COMP:SWAP OFF;:COMP:TOL:NOM 0;:CURR:LEV 0.1;:DISP:ENAB ON;:DISP:LINE """";:DISP:WIND:TEXT1:DATA:FMSD:DATA 1e-009;:DISP:WIND:TEXT2:DATA:FMSD:DATA 1e-009;:FORM:ASC:LONG ON;:FORM:BORD NORM;:FORM:DATA ASC,64;:FREQ:CW 3000;:FUNC:DEV1:MODE OFF;:FUNC:DEV1:REF:VAL 0;:FUNC:DEV2:MODE OFF;:FUNC:DEV2:REF:VAL 0;:FUNC:IMP:TYPE CPRP;:FUNC:SMON:IDC:STAT OFF;:FUNC:SMON:VDC:STAT OFF;:INIT:CONT OFF;:LIST:MODE SEQ;:LIST:STIM:TYPE FREQ,NONE;:SOUR:DCS:VOLT:LEV 0;:TRIG:DEL 0;:TRIG:SOUR INT;:TRIG:TDEL 0;:DISP:WIND:TEXT1:DATA:FMSD:STAT OFF;:DISP:WIND:TEXT2:DATA:FMSD:STAT OFF;:FUNC:DCR:RANG:VAL 100;:FUNC:IMP:RANG:VAL 0.1;:OUTP:DC:ISOL:LEV:VAL 0.1;:OUTP:DC:ISOL:STAT OFF;:FUNC:DCR:RANG:AUTO ON;:FUNC:IMP:RANG:AUTO ON;:OUTP:DC:ISOL:LEV:AUTO ON;:DISP:PAGE MEASurement;
"
5000.0,-0.0002371850772,0.03198424726
5000.0,-0.0002372070692,0.03198371668
5000.0,-0.0002372058512,0.03198393732
5000.0,-0.0002372071031,0.03198342723
5000.0,-0.0002372131746,0.0319830283
5000.0,-0.0002372147585,0.03198324283
5000.0,-0.0002372167245,0.03198314429
5000.0,-0.0002372057313,0.03198302847
5000.0,-0.0002372292325,0.03198289757
5000.0,-0.0002372150056,0.0319824752
5000.0,-0.0002372200496,0.03198237061
5000.0,-0.0002372311095,0.03198199978
5000.0,-0.0002372205862,0.03198233804
5000.0,-0.0002372222982,0.03198181366
5000.0,-0.0002372261751,0.03198212976
5000.0,-0.0002372336079,0.03198207321
Freq,5000,Rp,0.031982866888125,7.336033830013431e-07,Cp,-0.0002372158471375,1.2188269360052202e-08
":SOUR:DCS:STAT OFF;:BIAS:STAT OFF;:COMP:BIN:COUN:CLE;:LIST:CLE:ALL;:COMP:BIN:CLE;:AMPL:ALC ON;:APER LONG,16;:BIAS:POL:AUTO OFF;:BIAS:RANG:AUTO ON;:BIAS:VOLT:LEV 0;:COMP:ABIN OFF;:COMP:BIN:COUN:STAT OFF;:COMP:MODE PTOL;:COMP:SLIM -9.9e+037,9.9e+037;:COMP:STAT OFF;:COMP:SWAP OFF;:COMP:TOL:NOM 0;:CURR:LEV 0.1;:DISP:ENAB ON;:DISP:LINE """";:DISP:WIND:TEXT1:DATA:FMSD:DATA 1e-009;:DISP:WIND:TEXT2:DATA:FMSD:DATA 1e-009;:FORM:ASC:LONG ON;:FORM:BORD NORM;:FORM:DATA ASC,64;:FREQ:CW 5000;:FUNC:DEV1:MODE OFF;:FUNC:DEV1:REF:VAL 0;:FUNC:DEV2:MODE OFF;:FUNC:DEV2:REF:VAL 0;:FUNC:IMP:TYPE CPRP;:FUNC:SMON:IDC:STAT OFF;:FUNC:SMON:VDC:STAT OFF;:INIT:CONT OFF;:LIST:MODE SEQ;:LIST:STIM:TYPE FREQ,NONE;:SOUR:DCS:VOLT:LEV 0;:TRIG:DEL 0;:TRIG:SOUR INT;:TRIG:TDEL 0;:DISP:WIND:TEXT1:DATA:FMSD:STAT OFF;:DISP:WIND:TEXT2:DATA:FMSD:STAT OFF;:FUNC:DCR:RANG:VAL 100;:FUNC:IMP:RANG:VAL 0.1;:OUTP:DC:ISOL:LEV:VAL 0.1;:OUTP:DC:ISOL:STAT OFF;:FUNC:DCR:RANG:AUTO ON;:FUNC:IMP:RANG:AUTO ON;:OUTP:DC:ISOL:LEV:AUTO ON;:DISP:PAGE MEASurement;
"
":SOUR:DCS:STAT OFF;:BIAS:STAT OFF;:COMP:BIN:COUN:CLE;:LIST:CLE:ALL;:COMP:BIN:CLE;:AMPL:ALC ON;:APER LONG,16;:BIAS:POL:AUTO OFF;:BIAS:RANG:AUTO ON;:BIAS:VOLT:LEV 0;:COMP:ABIN OFF;:COMP:BIN:COUN:STAT OFF;:COMP:MODE PTOL;:COMP:SLIM -9.9e+037,9.9e+037;:COMP:STAT OFF;:COMP:SWAP OFF;:COMP:TOL:NOM 0;:CURR:LEV 0.1;:DISP:ENAB ON;:DISP:LINE """";:DISP:WIND:TEXT1:DATA:FMSD:DATA 1e-009;:DISP:WIND:TEXT2:DATA:FMSD:DATA 1e-009;:FORM:ASC:LONG ON;:FORM:BORD NORM;:FORM:DATA ASC,64;:FREQ:CW 5000;:FUNC:DEV1:MODE OFF;:FUNC:DEV1:REF:VAL 0;:FUNC:DEV2:MODE OFF;:FUNC:DEV2:REF:VAL 0;:FUNC:IMP:TYPE CPRP;:FUNC:SMON:IDC:STAT OFF;:FUNC:SMON:VDC:STAT OFF;:INIT:CONT OFF;:LIST:MODE SEQ;:LIST:STIM:TYPE FREQ,NONE;:SOUR:DCS:VOLT:LEV 0;:TRIG:DEL 0;:TRIG:SOUR INT;:TRIG:TDEL 0;:DISP:WIND:TEXT1:DATA:FMSD:STAT OFF;:DISP:WIND:TEXT2:DATA:FMSD:STAT OFF;:FUNC:DCR:RANG:VAL 100;:FUNC:IMP:RANG:VAL 0.1;:OUTP:DC:ISOL:LEV:VAL 0.1;:OUTP:DC:ISOL:STAT OFF;:FUNC:DCR:RANG:AUTO ON;:FUNC:IMP:RANG:AUTO ON;:OUTP:DC:ISOL:LEV:AUTO ON;:DISP:PAGE MEASurement;
"
2022-09-12,14:09:52
---------run finished---------
lcr name:,KeySight E4980A
Name and description of Resistor under test: ,RE0R
GPIB source:,<bound method MessageBasedResource.read of <'GPIBInstrument'('GPIB0::17::INSTR')>>
2022-09-12,14:13:14
select the freq range,"[50, 100, 200, 300, 500, 800, 1000, 1591.5494309189535, 2000, 3000, 5000]"
50.0,-0.0003436365605,0.02985657492
50.0,-0.0003302170689,0.02985471104
50.0,-0.0003305232496,0.02984826837
50.0,-0.0003375122158,0.0298450799
50.0,-0.0003398087812,0.02984268803
50.0,-0.0003394941297,0.02984011463
50.0,-0.0003374631921,0.0298376469
50.0,-0.0003339858951,0.02983568151
50.0,-0.0003326745838,0.02983386029
50.0,-0.0003274877861,0.0298330202
50.0,-0.0003279126932,0.02983284291
50.0,-0.0003350517802,0.0298334775
50.0,-0.0003469509177,0.02983059492
50.0,-0.0003478671458,0.02982640953
50.0,-0.0003462554003,0.02982412255
50.0,-0.0003476508701,0.02982204541
Freq,50,Rp,0.029837321163125,1.0098574558676307e-05,Cp,-0.00033778076688125,7.107290824690889e-06
":SOUR:DCS:STAT OFF;:BIAS:STAT OFF;:COMP:BIN:COUN:CLE;:LIST:CLE:ALL;:COMP:BIN:CLE;:AMPL:ALC ON;:APER LONG,16;:BIAS:POL:AUTO OFF;:BIAS:RANG:AUTO ON;:BIAS:VOLT:LEV 0;:COMP:ABIN OFF;:COMP:BIN:COUN:STAT OFF;:COMP:MODE PTOL;:COMP:SLIM -9.9e+037,9.9e+037;:COMP:STAT OFF;:COMP:SWAP OFF;:COMP:TOL:NOM 0;:CURR:LEV 0.1;:DISP:ENAB ON;:DISP:LINE """";:DISP:WIND:TEXT1:DATA:FMSD:DATA 1e-009;:DISP:WIND:TEXT2:DATA:FMSD:DATA 1e-009;:FORM:ASC:LONG ON;:FORM:BORD NORM;:FORM:DATA ASC,64;:FREQ:CW 50;:FUNC:DEV1:MODE OFF;:FUNC:DEV1:REF:VAL 0;:FUNC:DEV2:MODE OFF;:FUNC:DEV2:REF:VAL 0;:FUNC:IMP:TYPE CPRP;:FUNC:SMON:IDC:STAT OFF;:FUNC:SMON:VDC:STAT OFF;:INIT:CONT OFF;:LIST:MODE SEQ;:LIST:STIM:TYPE FREQ,NONE;:SOUR:DCS:VOLT:LEV 0;:TRIG:DEL 0;:TRIG:SOUR INT;:TRIG:TDEL 0;:DISP:WIND:TEXT1:DATA:FMSD:STAT OFF;:DISP:WIND:TEXT2:DATA:FMSD:STAT OFF;:FUNC:DCR:RANG:VAL 100;:FUNC:IMP:RANG:VAL 0.1;:OUTP:DC:ISOL:LEV:VAL 0.1;:OUTP:DC:ISOL:STAT OFF;:FUNC:DCR:RANG:AUTO ON;:FUNC:IMP:RANG:AUTO ON;:OUTP:DC:ISOL:LEV:AUTO ON;:DISP:PAGE MEASurement;
"
100.0,-0.0002859686136,0.02980124641
100.0,-0.0002847558254,0.02979962833
100.0,-0.0002851936585,0.02979798716
100.0,-0.0002857475797,0.0297968255
100.0,-0.0002851506007,0.02979496501
100.0,-0.0002850566432,0.0297935185
100.0,-0.0002851249352,0.0297915557
100.0,-0.0002849927085,0.02979065323
100.0,-0.0002845355824,0.02978888551
100.0,-0.0002850273527,0.02978790403
100.0,-0.0002852484879,0.02978679238
100.0,-0.0002850830823,0.02978605204
100.0,-0.0002851132259,0.02978518129
100.0,-0.0002854383352,0.02978433328
100.0,-0.0002849211107,0.02978388196
100.0,-0.0002847760457,0.02978250421
Freq,100,Rp,0.02979074465875,6.005740691580336e-06,Cp,-0.000285133361725,3.5567922312129465e-07
":SOUR:DCS:STAT OFF;:BIAS:STAT OFF;:COMP:BIN:COUN:CLE;:LIST:CLE:ALL;:COMP:BIN:CLE;:AMPL:ALC ON;:APER LONG,16;:BIAS:POL:AUTO OFF;:BIAS:RANG:AUTO ON;:BIAS:VOLT:LEV 0;:COMP:ABIN OFF;:COMP:BIN:COUN:STAT OFF;:COMP:MODE PTOL;:COMP:SLIM -9.9e+037,9.9e+037;:COMP:STAT OFF;:COMP:SWAP OFF;:COMP:TOL:NOM 0;:CURR:LEV 0.1;:DISP:ENAB ON;:DISP:LINE """";:DISP:WIND:TEXT1:DATA:FMSD:DATA 1e-009;:DISP:WIND:TEXT2:DATA:FMSD:DATA 1e-009;:FORM:ASC:LONG ON;:FORM:BORD NORM;:FORM:DATA ASC,64;:FREQ:CW 100;:FUNC:DEV1:MODE OFF;:FUNC:DEV1:REF:VAL 0;:FUNC:DEV2:MODE OFF;:FUNC:DEV2:REF:VAL 0;:FUNC:IMP:TYPE CPRP;:FUNC:SMON:IDC:STAT OFF;:FUNC:SMON:VDC:STAT OFF;:INIT:CONT OFF;:LIST:MODE SEQ;:LIST:STIM:TYPE FREQ,NONE;:SOUR:DCS:VOLT:LEV 0;:TRIG:DEL 0;:TRIG:SOUR INT;:TRIG:TDEL 0;:DISP:WIND:TEXT1:DATA:FMSD:STAT OFF;:DISP:WIND:TEXT2:DATA:FMSD:STAT OFF;:FUNC:DCR:RANG:VAL 100;:FUNC:IMP:RANG:VAL 0.1;:OUTP:DC:ISOL:LEV:VAL 0.1;:OUTP:DC:ISOL:STAT OFF;:FUNC:DCR:RANG:AUTO ON;:FUNC:IMP:RANG:AUTO ON;:OUTP:DC:ISOL:LEV:AUTO ON;:DISP:PAGE MEASurement;
"
200.0,-0.0002820195558,0.02980520676
200.0,-0.0002819931988,0.02980517777
200.0,-0.0002822289654,0.02980475534
200.0,-0.0002819670384,0.02980407196
200.0,-0.0002817224995,0.02980357445
200.0,-0.0002820771534,0.02980294871
200.0,-0.0002820816834,0.02980229029
200.0,-0.0002820437566,0.02980157399
200.0,-0.0002819221718,0.02980133809
200.0,-0.0002821510057,0.02980027291
200.0,-0.000282008381,0.02979986103
200.0,-0.0002817982124,0.02979925151
200.0,-0.0002821026003,0.02979843902
200.0,-0.0002819265139,0.02979803469
200.0,-0.0002818453464,0.02979740614
200.0,-0.0002824268692,0.0297966769
Freq,200,Rp,0.029801304972499998,2.846936285549835e-06,Cp,-0.00028201968450000003,1.6950853118179294e-07
":SOUR:DCS:STAT OFF;:BIAS:STAT OFF;:COMP:BIN:COUN:CLE;:LIST:CLE:ALL;:COMP:BIN:CLE;:AMPL:ALC ON;:APER LONG,16;:BIAS:POL:AUTO OFF;:BIAS:RANG:AUTO ON;:BIAS:VOLT:LEV 0;:COMP:ABIN OFF;:COMP:BIN:COUN:STAT OFF;:COMP:MODE PTOL;:COMP:SLIM -9.9e+037,9.9e+037;:COMP:STAT OFF;:COMP:SWAP OFF;:COMP:TOL:NOM 0;:CURR:LEV 0.1;:DISP:ENAB ON;:DISP:LINE """";:DISP:WIND:TEXT1:DATA:FMSD:DATA 1e-009;:DISP:WIND:TEXT2:DATA:FMSD:DATA 1e-009;:FORM:ASC:LONG ON;:FORM:BORD NORM;:FORM:DATA ASC,64;:FREQ:CW 200;:FUNC:DEV1:MODE OFF;:FUNC:DEV1:REF:VAL 0;:FUNC:DEV2:MODE OFF;:FUNC:DEV2:REF:VAL 0;:FUNC:IMP:TYPE CPRP;:FUNC:SMON:IDC:STAT OFF;:FUNC:SMON:VDC:STAT OFF;:INIT:CONT OFF;:LIST:MODE SEQ;:LIST:STIM:TYPE FREQ,NONE;:SOUR:DCS:VOLT:LEV 0;:TRIG:DEL 0;:TRIG:SOUR INT;:TRIG:TDEL 0;:DISP:WIND:TEXT1:DATA:FMSD:STAT OFF;:DISP:WIND:TEXT2:DATA:FMSD:STAT OFF;:FUNC:DCR:RANG:VAL 100;:FUNC:IMP:RANG:VAL 0.1;:OUTP:DC:ISOL:LEV:VAL 0.1;:OUTP:DC:ISOL:STAT OFF;:FUNC:DCR:RANG:AUTO ON;:FUNC:IMP:RANG:AUTO ON;:OUTP:DC:ISOL:LEV:AUTO ON;:DISP:PAGE MEASurement;
"
300.0,-0.0002681513832,0.02980576318
300.0,-0.0002686489025,0.0298049719
300.0,-0.00026840133,0.02980486858
300.0,-0.0002684855804,0.02980429931
300.0,-0.0002683371935,0.02980383879
300.0,-0.0002684236102,0.02980287104
300.0,-0.0002684537445,0.02980239111
300.0,-0.0002684401078,0.02980194707
300.0,-0.0002682026879,0.02980154721
300.0,-0.0002685051012,0.02980109639
300.0,-0.0002684674131,0.02980080748
300.0,-0.0002684881921,0.0298000238
300.0,-0.0002685060389,0.02979953864
300.0,-0.0002684381159,0.02979939734
300.0,-0.000268395834,0.02979894876
300.0,-0.0002685420261,0.02979858608
Freq,300,Rp,0.0298019310425,2.321994608442102e-06,Cp,-0.00026843045383125,1.21225770467141e-07
":SOUR:DCS:STAT OFF;:BIAS:STAT OFF;:COMP:BIN:COUN:CLE;:LIST:CLE:ALL;:COMP:BIN:CLE;:AMPL:ALC ON;:APER LONG,16;:BIAS:POL:AUTO OFF;:BIAS:RANG:AUTO ON;:BIAS:VOLT:LEV 0;:COMP:ABIN OFF;:COMP:BIN:COUN:STAT OFF;:COMP:MODE PTOL;:COMP:SLIM -9.9e+037,9.9e+037;:COMP:STAT OFF;:COMP:SWAP OFF;:COMP:TOL:NOM 0;:CURR:LEV 0.1;:DISP:ENAB ON;:DISP:LINE """";:DISP:WIND:TEXT1:DATA:FMSD:DATA 1e-009;:DISP:WIND:TEXT2:DATA:FMSD:DATA 1e-009;:FORM:ASC:LONG ON;:FORM:BORD NORM;:FORM:DATA ASC,64;:FREQ:CW 300;:FUNC:DEV1:MODE OFF;:FUNC:DEV1:REF:VAL 0;:FUNC:DEV2:MODE OFF;:FUNC:DEV2:REF:VAL 0;:FUNC:IMP:TYPE CPRP;:FUNC:SMON:IDC:STAT OFF;:FUNC:SMON:VDC:STAT OFF;:INIT:CONT OFF;:LIST:MODE SEQ;:LIST:STIM:TYPE FREQ,NONE;:SOUR:DCS:VOLT:LEV 0;:TRIG:DEL 0;:TRIG:SOUR INT;:TRIG:TDEL 0;:DISP:WIND:TEXT1:DATA:FMSD:STAT OFF;:DISP:WIND:TEXT2:DATA:FMSD:STAT OFF;:FUNC:DCR:RANG:VAL 100;:FUNC:IMP:RANG:VAL 0.1;:OUTP:DC:ISOL:LEV:VAL 0.1;:OUTP:DC:ISOL:STAT OFF;:FUNC:DCR:RANG:AUTO ON;:FUNC:IMP:RANG:AUTO ON;:OUTP:DC:ISOL:LEV:AUTO ON;:DISP:PAGE MEASurement;
"
500.0,-0.000261323235,0.02981993809
500.0,-0.0002612955894,0.02981916643
500.0,-0.0002612775551,0.02981873555
500.0,-0.0002612270431,0.02981828249
500.0,-0.0002613446066,0.0298176387
500.0,-0.0002613706994,0.02981719768
500.0,-0.0002613504566,0.02981625415
500.0,-0.0002612266756,0.02981574624
500.0,-0.000261303164,0.02981496964
500.0,-0.0002612874041,0.02981416376
500.0,-0.0002613828451,0.02981385842
500.0,-0.0002613247466,0.02981338772
500.0,-0.0002613817001,0.02981318893
500.0,-0.0002614239979,0.02981277653
500.0,-0.0002613849136,0.02981228118
500.0,-0.0002613543218,0.0298121644
Freq,500,Rp,0.029815609369375,2.616782053913597e-06,Cp,-0.000261328684625,5.656106047718501e-08
":SOUR:DCS:STAT OFF;:BIAS:STAT OFF;:COMP:BIN:COUN:CLE;:LIST:CLE:ALL;:COMP:BIN:CLE;:AMPL:ALC ON;:APER LONG,16;:BIAS:POL:AUTO OFF;:BIAS:RANG:AUTO ON;:BIAS:VOLT:LEV 0;:COMP:ABIN OFF;:COMP:BIN:COUN:STAT OFF;:COMP:MODE PTOL;:COMP:SLIM -9.9e+037,9.9e+037;:COMP:STAT OFF;:COMP:SWAP OFF;:COMP:TOL:NOM 0;:CURR:LEV 0.1;:DISP:ENAB ON;:DISP:LINE """";:DISP:WIND:TEXT1:DATA:FMSD:DATA 1e-009;:DISP:WIND:TEXT2:DATA:FMSD:DATA 1e-009;:FORM:ASC:LONG ON;:FORM:BORD NORM;:FORM:DATA ASC,64;:FREQ:CW 500;:FUNC:DEV1:MODE OFF;:FUNC:DEV1:REF:VAL 0;:FUNC:DEV2:MODE OFF;:FUNC:DEV2:REF:VAL 0;:FUNC:IMP:TYPE CPRP;:FUNC:SMON:IDC:STAT OFF;:FUNC:SMON:VDC:STAT OFF;:INIT:CONT OFF;:LIST:MODE SEQ;:LIST:STIM:TYPE FREQ,NONE;:SOUR:DCS:VOLT:LEV 0;:TRIG:DEL 0;:TRIG:SOUR INT;:TRIG:TDEL 0;:DISP:WIND:TEXT1:DATA:FMSD:STAT OFF;:DISP:WIND:TEXT2:DATA:FMSD:STAT OFF;:FUNC:DCR:RANG:VAL 100;:FUNC:IMP:RANG:VAL 0.1;:OUTP:DC:ISOL:LEV:VAL 0.1;:OUTP:DC:ISOL:STAT OFF;:FUNC:DCR:RANG:AUTO ON;:FUNC:IMP:RANG:AUTO ON;:OUTP:DC:ISOL:LEV:AUTO ON;:DISP:PAGE MEASurement;
"
800.0,-0.0002588593604,0.02984651485
800.0,-0.0002588158928,0.02984620699
800.0,-0.0002588542467,0.02984581463
800.0,-0.0002588685948,0.02984545532
800.0,-0.0002588420082,0.02984511148
800.0,-0.0002588621853,0.02984496765
800.0,-0.000258789127,0.02984484775
800.0,-0.00025886543,0.02984482863
800.0,-0.0002588974318,0.02984467408
800.0,-0.0002588441684,0.02984512684
800.0,-0.0002588116006,0.02984484981
800.0,-0.0002587973626,0.02984466085
800.0,-0.0002588618247,0.02984450298
800.0,-0.0002588189841,0.02984441805
800.0,-0.0002588671392,0.0298439828
800.0,-0.000258870883,0.0298436247
Freq,800,Rp,0.029844974213125,7.505397600362168e-07,Cp,-0.000258845389975,3.0321932468879644e-08
":SOUR:DCS:STAT OFF;:BIAS:STAT OFF;:COMP:BIN:COUN:CLE;:LIST:CLE:ALL;:COMP:BIN:CLE;:AMPL:ALC ON;:APER LONG,16;:BIAS:POL:AUTO OFF;:BIAS:RANG:AUTO ON;:BIAS:VOLT:LEV 0;:COMP:ABIN OFF;:COMP:BIN:COUN:STAT OFF;:COMP:MODE PTOL;:COMP:SLIM -9.9e+037,9.9e+037;:COMP:STAT OFF;:COMP:SWAP OFF;:COMP:TOL:NOM 0;:CURR:LEV 0.1;:DISP:ENAB ON;:DISP:LINE """";:DISP:WIND:TEXT1:DATA:FMSD:DATA 1e-009;:DISP:WIND:TEXT2:DATA:FMSD:DATA 1e-009;:FORM:ASC:LONG ON;:FORM:BORD NORM;:FORM:DATA ASC,64;:FREQ:CW 800;:FUNC:DEV1:MODE OFF;:FUNC:DEV1:REF:VAL 0;:FUNC:DEV2:MODE OFF;:FUNC:DEV2:REF:VAL 0;:FUNC:IMP:TYPE CPRP;:FUNC:SMON:IDC:STAT OFF;:FUNC:SMON:VDC:STAT OFF;:INIT:CONT OFF;:LIST:MODE SEQ;:LIST:STIM:TYPE FREQ,NONE;:SOUR:DCS:VOLT:LEV 0;:TRIG:DEL 0;:TRIG:SOUR INT;:TRIG:TDEL 0;:DISP:WIND:TEXT1:DATA:FMSD:STAT OFF;:DISP:WIND:TEXT2:DATA:FMSD:STAT OFF;:FUNC:DCR:RANG:VAL 100;:FUNC:IMP:RANG:VAL 0.1;:OUTP:DC:ISOL:LEV:VAL 0.1;:OUTP:DC:ISOL:STAT OFF;:FUNC:DCR:RANG:AUTO ON;:FUNC:IMP:RANG:AUTO ON;:OUTP:DC:ISOL:LEV:AUTO ON;:DISP:PAGE MEASurement;
"
1000.0,-0.0002579764274,0.02986037014
1000.0,-0.0002580060211,0.02986004555
1000.0,-0.0002580070007,0.02985977929
1000.0,-0.0002579883143,0.02985943291
1000.0,-0.000258028661,0.0298593475
1000.0,-0.0002580125353,0.02985921244
1000.0,-0.0002580471546,0.02985863302
1000.0,-0.0002579941902,0.02985814087
1000.0,-0.0002580373296,0.02985769301
1000.0,-0.000258032153,0.02985722775
1000.0,-0.0002580682052,0.02985740094
1000.0,-0.0002580584779,0.02985704929
1000.0,-0.0002580693907,0.02985719021
1000.0,-0.0002580160605,0.02985702596
1000.0,-0.0002580456844,0.02985692802
1000.0,-0.0002580676771,0.02985673998
Freq,1000,Rp,0.029858263555,1.2625510910744048e-06,Cp,-0.0002580284551875,2.977405115173848e-08
":SOUR:DCS:STAT OFF;:BIAS:STAT OFF;:COMP:BIN:COUN:CLE;:LIST:CLE:ALL;:COMP:BIN:CLE;:AMPL:ALC ON;:APER LONG,16;:BIAS:POL:AUTO OFF;:BIAS:RANG:AUTO ON;:BIAS:VOLT:LEV 0;:COMP:ABIN OFF;:COMP:BIN:COUN:STAT OFF;:COMP:MODE PTOL;:COMP:SLIM -9.9e+037,9.9e+037;:COMP:STAT OFF;:COMP:SWAP OFF;:COMP:TOL:NOM 0;:CURR:LEV 0.1;:DISP:ENAB ON;:DISP:LINE """";:DISP:WIND:TEXT1:DATA:FMSD:DATA 1e-009;:DISP:WIND:TEXT2:DATA:FMSD:DATA 1e-009;:FORM:ASC:LONG ON;:FORM:BORD NORM;:FORM:DATA ASC,64;:FREQ:CW 1000;:FUNC:DEV1:MODE OFF;:FUNC:DEV1:REF:VAL 0;:FUNC:DEV2:MODE OFF;:FUNC:DEV2:REF:VAL 0;:FUNC:IMP:TYPE CPRP;:FUNC:SMON:IDC:STAT OFF;:FUNC:SMON:VDC:STAT OFF;:INIT:CONT OFF;:LIST:MODE SEQ;:LIST:STIM:TYPE FREQ,NONE;:SOUR:DCS:VOLT:LEV 0;:TRIG:DEL 0;:TRIG:SOUR INT;:TRIG:TDEL 0;:DISP:WIND:TEXT1:DATA:FMSD:STAT OFF;:DISP:WIND:TEXT2:DATA:FMSD:STAT OFF;:FUNC:DCR:RANG:VAL 100;:FUNC:IMP:RANG:VAL 0.1;:OUTP:DC:ISOL:LEV:VAL 0.1;:OUTP:DC:ISOL:STAT OFF;:FUNC:DCR:RANG:AUTO ON;:FUNC:IMP:RANG:AUTO ON;:OUTP:DC:ISOL:LEV:AUTO ON;:DISP:PAGE MEASurement;
"
1591.5494309189535,-0.0002569213287,0.02996387514
1591.5494309189535,-0.0002569476099,0.02996390688
1591.5494309189535,-0.0002569250821,0.02996377062
1591.5494309189535,-0.0002569507891,0.02996396551
1591.5494309189535,-0.0002569226812,0.02996497
1591.5494309189535,-0.0002569251294,0.02996455318
1591.5494309189535,-0.0002569586065,0.02996380673
1591.5494309189535,-0.0002569402822,0.02996395308
1591.5494309189535,-0.0002569455607,0.02996424927
1591.5494309189535,-0.0002569211116,0.02996439221
1591.5494309189535,-0.0002569173128,0.02996446128
1591.5494309189535,-0.0002569098181,0.02996490878
1591.5494309189535,-0.0002569049755,0.02996482464
1591.5494309189535,-0.0002569144256,0.02996510696
1591.5494309189535,-0.0002569244473,0.02996497671
1591.5494309189535,-0.0002569364033,0.02996505409
Freq,1591.5494309189535,Rp,0.0299644234425,4.980466139162985e-07,Cp,-0.00025692909774999997,1.5620554943408152e-08
":SOUR:DCS:STAT OFF;:BIAS:STAT OFF;:COMP:BIN:COUN:CLE;:LIST:CLE:ALL;:COMP:BIN:CLE;:AMPL:ALC ON;:APER LONG,16;:BIAS:POL:AUTO OFF;:BIAS:RANG:AUTO ON;:BIAS:VOLT:LEV 0;:COMP:ABIN OFF;:COMP:BIN:COUN:STAT OFF;:COMP:MODE PTOL;:COMP:SLIM -9.9e+037,9.9e+037;:COMP:STAT OFF;:COMP:SWAP OFF;:COMP:TOL:NOM 0;:CURR:LEV 0.1;:DISP:ENAB ON;:DISP:LINE """";:DISP:WIND:TEXT1:DATA:FMSD:DATA 1e-009;:DISP:WIND:TEXT2:DATA:FMSD:DATA 1e-009;:FORM:ASC:LONG ON;:FORM:BORD NORM;:FORM:DATA ASC,64;:FREQ:CW 1592;:FUNC:DEV1:MODE OFF;:FUNC:DEV1:REF:VAL 0;:FUNC:DEV2:MODE OFF;:FUNC:DEV2:REF:VAL 0;:FUNC:IMP:TYPE CPRP;:FUNC:SMON:IDC:STAT OFF;:FUNC:SMON:VDC:STAT OFF;:INIT:CONT OFF;:LIST:MODE SEQ;:LIST:STIM:TYPE FREQ,NONE;:SOUR:DCS:VOLT:LEV 0;:TRIG:DEL 0;:TRIG:SOUR INT;:TRIG:TDEL 0;:DISP:WIND:TEXT1:DATA:FMSD:STAT OFF;:DISP:WIND:TEXT2:DATA:FMSD:STAT OFF;:FUNC:DCR:RANG:VAL 100;:FUNC:IMP:RANG:VAL 0.1;:OUTP:DC:ISOL:LEV:VAL 0.1;:OUTP:DC:ISOL:STAT OFF;:FUNC:DCR:RANG:AUTO ON;:FUNC:IMP:RANG:AUTO ON;:OUTP:DC:ISOL:LEV:AUTO ON;:DISP:PAGE MEASurement;
"
2000.0,-0.0002564021648,0.03007526498
2000.0,-0.0002564110197,0.03007518842
2000.0,-0.0002564046016,0.03007488196
2000.0,-0.0002564161291,0.0300752559
2000.0,-0.0002563981939,0.030074494
2000.0,-0.0002564139465,0.03007460674
2000.0,-0.0002564180286,0.03007451531
2000.0,-0.0002564030171,0.03007515785
2000.0,-0.0002563672812,0.03007680851
2000.0,-0.0002563626617,0.030075746
2000.0,-0.0002563953999,0.03007537551
2000.0,-0.0002563938489,0.03007513145
2000.0,-0.000256402074,0.03007480048
2000.0,-0.000256410684,0.03007451614
2000.0,-0.0002564153289,0.03007404543
2000.0,-0.0002564008434,0.03007387213
Freq,2000,Rp,0.030074978800625,6.971948179714755e-07,Cp,-0.00025640095145625,1.5922018098047843e-08
":SOUR:DCS:STAT OFF;:BIAS:STAT OFF;:COMP:BIN:COUN:CLE;:LIST:CLE:ALL;:COMP:BIN:CLE;:AMPL:ALC ON;:APER LONG,16;:BIAS:POL:AUTO OFF;:BIAS:RANG:AUTO ON;:BIAS:VOLT:LEV 0;:COMP:ABIN OFF;:COMP:BIN:COUN:STAT OFF;:COMP:MODE PTOL;:COMP:SLIM -9.9e+037,9.9e+037;:COMP:STAT OFF;:COMP:SWAP OFF;:COMP:TOL:NOM 0;:CURR:LEV 0.1;:DISP:ENAB ON;:DISP:LINE """";:DISP:WIND:TEXT1:DATA:FMSD:DATA 1e-009;:DISP:WIND:TEXT2:DATA:FMSD:DATA 1e-009;:FORM:ASC:LONG ON;:FORM:BORD NORM;:FORM:DATA ASC,64;:FREQ:CW 2000;:FUNC:DEV1:MODE OFF;:FUNC:DEV1:REF:VAL 0;:FUNC:DEV2:MODE OFF;:FUNC:DEV2:REF:VAL 0;:FUNC:IMP:TYPE CPRP;:FUNC:SMON:IDC:STAT OFF;:FUNC:SMON:VDC:STAT OFF;:INIT:CONT OFF;:LIST:MODE SEQ;:LIST:STIM:TYPE FREQ,NONE;:SOUR:DCS:VOLT:LEV 0;:TRIG:DEL 0;:TRIG:SOUR INT;:TRIG:TDEL 0;:DISP:WIND:TEXT1:DATA:FMSD:STAT OFF;:DISP:WIND:TEXT2:DATA:FMSD:STAT OFF;:FUNC:DCR:RANG:VAL 100;:FUNC:IMP:RANG:VAL 0.1;:OUTP:DC:ISOL:LEV:VAL 0.1;:OUTP:DC:ISOL:STAT OFF;:FUNC:DCR:RANG:AUTO ON;:FUNC:IMP:RANG:AUTO ON;:OUTP:DC:ISOL:LEV:AUTO ON;:DISP:PAGE MEASurement;
"
3000.0,-0.000253485057,0.03042377246
3000.0,-0.0002530284438,0.03045468052
3000.0,-0.0002529808739,0.03045917761
3000.0,-0.0002530066822,0.03045771437
3000.0,-0.0002530501318,0.030456967
3000.0,-0.0002530282432,0.03045546557
3000.0,-0.0002530130223,0.03045544845
3000.0,-0.0002530612749,0.03045336974
3000.0,-0.000253034941,0.03045434891
3000.0,-0.0002530492835,0.03045567409
3000.0,-0.0002530303633,0.03045622693
3000.0,-0.0002530134799,0.03045694148
3000.0,-0.0002530219599,0.03045766792
3000.0,-0.000251918751,0.03052976237
3000.0,-0.0002521084967,0.03051576688
3000.0,-0.0002522143129,0.03051126367
Freq,3000,Rp,0.030465890498125002,2.7773219846864597e-05,Cp,-0.00025287783233124997,4.156403259274197e-07
":SOUR:DCS:STAT OFF;:BIAS:STAT OFF;:COMP:BIN:COUN:CLE;:LIST:CLE:ALL;:COMP:BIN:CLE;:AMPL:ALC ON;:APER LONG,16;:BIAS:POL:AUTO OFF;:BIAS:RANG:AUTO ON;:BIAS:VOLT:LEV 0;:COMP:ABIN OFF;:COMP:BIN:COUN:STAT OFF;:COMP:MODE PTOL;:COMP:SLIM -9.9e+037,9.9e+037;:COMP:STAT OFF;:COMP:SWAP OFF;:COMP:TOL:NOM 0;:CURR:LEV 0.1;:DISP:ENAB ON;:DISP:LINE """";:DISP:WIND:TEXT1:DATA:FMSD:DATA 1e-009;:DISP:WIND:TEXT2:DATA:FMSD:DATA 1e-009;:FORM:ASC:LONG ON;:FORM:BORD NORM;:FORM:DATA ASC,64;:FREQ:CW 3000;:FUNC:DEV1:MODE OFF;:FUNC:DEV1:REF:VAL 0;:FUNC:DEV2:MODE OFF;:FUNC:DEV2:REF:VAL 0;:FUNC:IMP:TYPE CPRP;:FUNC:SMON:IDC:STAT OFF;:FUNC:SMON:VDC:STAT OFF;:INIT:CONT OFF;:LIST:MODE SEQ;:LIST:STIM:TYPE FREQ,NONE;:SOUR:DCS:VOLT:LEV 0;:TRIG:DEL 0;:TRIG:SOUR INT;:TRIG:TDEL 0;:DISP:WIND:TEXT1:DATA:FMSD:STAT OFF;:DISP:WIND:TEXT2:DATA:FMSD:STAT OFF;:FUNC:DCR:RANG:VAL 100;:FUNC:IMP:RANG:VAL 0.1;:OUTP:DC:ISOL:LEV:VAL 0.1;:OUTP:DC:ISOL:STAT OFF;:FUNC:DCR:RANG:AUTO ON;:FUNC:IMP:RANG:AUTO ON;:OUTP:DC:ISOL:LEV:AUTO ON;:DISP:PAGE MEASurement;
"
5000.0,-0.0002425049943,0.03165260351
5000.0,-0.0002425250881,0.03165104525
5000.0,-0.0002425429438,0.03165024766
5000.0,-0.0002425601813,0.03164972336
5000.0,-0.0002425839856,0.03164960164
5000.0,-0.0002427585371,0.03163818476
5000.0,-0.0002413008707,0.03173247391
5000.0,-0.0002412648049,0.03172858183
5000.0,-0.0002413461549,0.03171728469
5000.0,-0.0002417456263,0.0316909624
5000.0,-0.000242187376,0.03166297586
5000.0,-0.0002423105135,0.03165426953
5000.0,-0.0002423714393,0.03165104334
5000.0,-0.0002419647437,0.03168881334
5000.0,-0.0002424447212,0.03166489455
5000.0,-0.0002425360881,0.03165783542
Freq,5000,Rp,0.031671283815625,3.0615202190845126e-05,Cp,-0.0002421842543,5.026576129508598e-07
":SOUR:DCS:STAT OFF;:BIAS:STAT OFF;:COMP:BIN:COUN:CLE;:LIST:CLE:ALL;:COMP:BIN:CLE;:AMPL:ALC ON;:APER LONG,16;:BIAS:POL:AUTO OFF;:BIAS:RANG:AUTO ON;:BIAS:VOLT:LEV 0;:COMP:ABIN OFF;:COMP:BIN:COUN:STAT OFF;:COMP:MODE PTOL;:COMP:SLIM -9.9e+037,9.9e+037;:COMP:STAT OFF;:COMP:SWAP OFF;:COMP:TOL:NOM 0;:CURR:LEV 0.1;:DISP:ENAB ON;:DISP:LINE """";:DISP:WIND:TEXT1:DATA:FMSD:DATA 1e-009;:DISP:WIND:TEXT2:DATA:FMSD:DATA 1e-009;:FORM:ASC:LONG ON;:FORM:BORD NORM;:FORM:DATA ASC,64;:FREQ:CW 5000;:FUNC:DEV1:MODE OFF;:FUNC:DEV1:REF:VAL 0;:FUNC:DEV2:MODE OFF;:FUNC:DEV2:REF:VAL 0;:FUNC:IMP:TYPE CPRP;:FUNC:SMON:IDC:STAT OFF;:FUNC:SMON:VDC:STAT OFF;:INIT:CONT OFF;:LIST:MODE SEQ;:LIST:STIM:TYPE FREQ,NONE;:SOUR:DCS:VOLT:LEV 0;:TRIG:DEL 0;:TRIG:SOUR INT;:TRIG:TDEL 0;:DISP:WIND:TEXT1:DATA:FMSD:STAT OFF;:DISP:WIND:TEXT2:DATA:FMSD:STAT OFF;:FUNC:DCR:RANG:VAL 100;:FUNC:IMP:RANG:VAL 0.1;:OUTP:DC:ISOL:LEV:VAL 0.1;:OUTP:DC:ISOL:STAT OFF;:FUNC:DCR:RANG:AUTO ON;:FUNC:IMP:RANG:AUTO ON;:OUTP:DC:ISOL:LEV:AUTO ON;:DISP:PAGE MEASurement;
"
":SOUR:DCS:STAT OFF;:BIAS:STAT OFF;:COMP:BIN:COUN:CLE;:LIST:CLE:ALL;:COMP:BIN:CLE;:AMPL:ALC ON;:APER LONG,16;:BIAS:POL:AUTO OFF;:BIAS:RANG:AUTO ON;:BIAS:VOLT:LEV 0;:COMP:ABIN OFF;:COMP:BIN:COUN:STAT OFF;:COMP:MODE PTOL;:COMP:SLIM -9.9e+037,9.9e+037;:COMP:STAT OFF;:COMP:SWAP OFF;:COMP:TOL:NOM 0;:CURR:LEV 0.1;:DISP:ENAB ON;:DISP:LINE """";:DISP:WIND:TEXT1:DATA:FMSD:DATA 1e-009;:DISP:WIND:TEXT2:DATA:FMSD:DATA 1e-009;:FORM:ASC:LONG ON;:FORM:BORD NORM;:FORM:DATA ASC,64;:FREQ:CW 5000;:FUNC:DEV1:MODE OFF;:FUNC:DEV1:REF:VAL 0;:FUNC:DEV2:MODE OFF;:FUNC:DEV2:REF:VAL 0;:FUNC:IMP:TYPE CPRP;:FUNC:SMON:IDC:STAT OFF;:FUNC:SMON:VDC:STAT OFF;:INIT:CONT OFF;:LIST:MODE SEQ;:LIST:STIM:TYPE FREQ,NONE;:SOUR:DCS:VOLT:LEV 0;:TRIG:DEL 0;:TRIG:SOUR INT;:TRIG:TDEL 0;:DISP:WIND:TEXT1:DATA:FMSD:STAT OFF;:DISP:WIND:TEXT2:DATA:FMSD:STAT OFF;:FUNC:DCR:RANG:VAL 100;:FUNC:IMP:RANG:VAL 0.1;:OUTP:DC:ISOL:LEV:VAL 0.1;:OUTP:DC:ISOL:STAT OFF;:FUNC:DCR:RANG:AUTO ON;:FUNC:IMP:RANG:AUTO ON;:OUTP:DC:ISOL:LEV:AUTO ON;:DISP:PAGE MEASurement;
"
2022-09-12,14:24:31
---------run finished---------
