lcr name:,KeySight E4980A,,,,,,
Name and description of Device under test: ,zero_point,,,,,,
GPIB source:,<bound method MessageBasedResource.read of <'GPIBInstrument'('GPIB0::17::INSTR')>>,,,,,,
2025-10-15,10:46:41,,,,,,
select the freq range 90% - 110%,"[1432.4, 1512.4, 1591.5, 1670.8, 1749.6]",,,,,,
1432.4,-7.811208992E-10,0.00001332928693,,,,,
1432.4,-8.025976707E-10,0.00001486519432,,,,,
1432.4,-8.157272357E-10,0.00001506892084,,,,,
1432.4,-7.691156467E-10,0.00001479018822,,,,,
1432.4,-9.250446047E-10,0.00001360745586,,,,,
1432.4,-9.286721307E-10,0.00001143053375,,,,,
1432.4,-1.178702311E-09,0.00001470382985,,,,,
1432.4,-9.228658458E-10,0.00001473767084,,,,,
1432.4,-9.080706629E-10,0.0000145658642,,,,,
1432.4,-9.778701291E-10,0.00001495574382,,,,,
1432.4,-8.933701099E-10,0.00001487362186,,,,,
1432.4,-9.656717654E-10,0.00001336371495,,,,,
1432.4,-9.304407468E-10,0.00001335542472,,,,,
1432.4,-9.799028641E-10,0.00001464561855,,,,,
1432.4,-1.189245801E-09,0.00001395769675,,,,,
1432.4,-1.170273849E-09,0.0000129229249,,,,,
Freq,1432.4,Rs,0.0000140733556475,1.00236371779641E-06,Ls,-9.4616826704375E-10,1.33642033253639E-10
":SOUR:DCS:STAT OFF;:BIAS:STAT OFF;:COMP:BIN:COUN:CLE;:LIST:CLE:ALL;:COMP:BIN:CLE;:AMPL:ALC ON;:APER MED,25;:BIAS:POL:AUTO OFF;:BIAS:RANG:AUTO ON;:BIAS:VOLT:LEV 0;:COMP:ABIN OFF;:COMP:BIN:COUN:STAT OFF;:COMP:MODE PTOL;:COMP:SLIM -9.9e+037,9.9e+037;:COMP:STAT OFF;:COMP:SWAP OFF;:COMP:TOL:NOM 0;:DISP:ENAB ON;:DISP:LINE """";:DISP:WIND:TEXT1:DATA:FMSD:DATA 1e-009;:DISP:WIND:TEXT2:DATA:FMSD:DATA 1e-009;:FORM:ASC:LONG ON;:FORM:BORD NORM;:FORM:DATA ASC,64;:FREQ:CW 1432;:FUNC:DEV1:MODE OFF;:FUNC:DEV1:REF:VAL 0;:FUNC:DEV2:MODE OFF;:FUNC:DEV2:REF:VAL 0;:FUNC:IMP:TYPE LSRS;:FUNC:SMON:IDC:STAT OFF;:FUNC:SMON:VDC:STAT OFF;:INIT:CONT OFF;:LIST:MODE SEQ;:LIST:STIM:TYPE FREQ,NONE;:SOUR:DCS:VOLT:LEV 0;:TRIG:DEL 0;:TRIG:SOUR INT;:TRIG:TDEL 0;:VOLT:LEV 1;:DISP:WIND:TEXT1:DATA:FMSD:STAT OFF;:DISP:WIND:TEXT2:DATA:FMSD:STAT OFF;:FUNC:DCR:RANG:VAL 100;:FUNC:IMP:RANG:VAL 1;:OUTP:DC:ISOL:LEV:VAL 0.02;:OUTP:DC:ISOL:STAT OFF;:FUNC:DCR:RANG:AUTO ON;:FUNC:IMP:RANG:AUTO ON;:OUTP:DC:ISOL:LEV:AUTO ON;:DISP:PAGE MEASurement;
",,,,,,,
1512.4,-9.219799315E-10,0.00001519124788,,,,,
1512.4,-6.323048025E-10,0.00001698439968,,,,,
1512.4,-7.058250732E-10,0.00001571284211,,,,,
1512.4,-8.248252685E-10,0.00001463119839,,,,,
1512.4,-8.634930234E-10,0.00001564259067,,,,,
1512.4,-7.541888418E-10,0.00001652550393,,,,,
1512.4,-8.362292312E-10,0.00001574221938,,,,,
1512.4,-8.230673226E-10,0.00001611656458,,,,,
1512.4,-1.002335751E-09,0.00001600432803,,,,,
1512.4,-9.571719892E-10,0.00001678911851,,,,,
1512.4,-9.27074593E-10,0.00001751777415,,,,,
1512.4,-9.27074593E-10,0.00001751777415,,,,,
1512.4,-6.777392763E-10,0.00001654839293,,,,,
1512.4,-8.010905697E-10,0.00001524334295,,,,,
1512.4,-5.615768644E-10,0.00001694678911,,,,,
1512.4,-6.537521603E-10,0.0000159250206,,,,,
Freq,1512.4,Rs,1.6189944190625E-05,8.36308283460451E-07,Ls,-8.04358080725E-10,1.29429101176177E-10
":SOUR:DCS:STAT OFF;:BIAS:STAT OFF;:COMP:BIN:COUN:CLE;:LIST:CLE:ALL;:COMP:BIN:CLE;:AMPL:ALC ON;:APER MED,25;:BIAS:POL:AUTO OFF;:BIAS:RANG:AUTO ON;:BIAS:VOLT:LEV 0;:COMP:ABIN OFF;:COMP:BIN:COUN:STAT OFF;:COMP:MODE PTOL;:COMP:SLIM -9.9e+037,9.9e+037;:COMP:STAT OFF;:COMP:SWAP OFF;:COMP:TOL:NOM 0;:DISP:ENAB ON;:DISP:LINE """";:DISP:WIND:TEXT1:DATA:FMSD:DATA 1e-009;:DISP:WIND:TEXT2:DATA:FMSD:DATA 1e-009;:FORM:ASC:LONG ON;:FORM:BORD NORM;:FORM:DATA ASC,64;:FREQ:CW 1512;:FUNC:DEV1:MODE OFF;:FUNC:DEV1:REF:VAL 0;:FUNC:DEV2:MODE OFF;:FUNC:DEV2:REF:VAL 0;:FUNC:IMP:TYPE LSRS;:FUNC:SMON:IDC:STAT OFF;:FUNC:SMON:VDC:STAT OFF;:INIT:CONT OFF;:LIST:MODE SEQ;:LIST:STIM:TYPE FREQ,NONE;:SOUR:DCS:VOLT:LEV 0;:TRIG:DEL 0;:TRIG:SOUR INT;:TRIG:TDEL 0;:VOLT:LEV 1;:DISP:WIND:TEXT1:DATA:FMSD:STAT OFF;:DISP:WIND:TEXT2:DATA:FMSD:STAT OFF;:FUNC:DCR:RANG:VAL 100;:FUNC:IMP:RANG:VAL 1;:OUTP:DC:ISOL:LEV:VAL 0.02;:OUTP:DC:ISOL:STAT OFF;:FUNC:DCR:RANG:AUTO ON;:FUNC:IMP:RANG:AUTO ON;:OUTP:DC:ISOL:LEV:AUTO ON;:DISP:PAGE MEASurement;
",,,,,,,
1591.5,-7.409016787E-10,0.00001841822032,,,,,
1591.5,-9.122169152E-10,0.00001890555171,,,,,
1591.5,-8.755127783E-10,0.00001703341774,,,,,
1591.5,-6.449400216E-10,0.00001902605761,,,,,
1591.5,-7.386157574E-10,0.00001829654948,,,,,
1591.5,-8.101373841E-10,0.0000174663817,,,,,
1591.5,-8.674830414E-10,0.00001826681496,,,,,
1591.5,-7.106899556E-10,0.00001930567314,,,,,
1591.5,-8.452310224E-10,0.00001735571977,,,,,
1591.5,-5.922620851E-10,0.00001764263581,,,,,
1591.5,-8.802678272E-10,0.00001833531177,,,,,
1591.5,-7.777321065E-10,0.00001684330406,,,,,
1591.5,-8.334584351E-10,0.00001863902007,,,,,
1591.5,-8.304823613E-10,0.00001716346962,,,,,
1591.5,-7.307740137E-10,0.00001616449126,,,,,
1591.5,-8.44827174E-10,0.00001643011741,,,,,
Freq,1591.5,Rs,1.7830796026875E-05,9.52454009054988E-07,Ls,-7.8972078485E-10,9.00116616443486E-11
":SOUR:DCS:STAT OFF;:BIAS:STAT OFF;:COMP:BIN:COUN:CLE;:LIST:CLE:ALL;:COMP:BIN:CLE;:AMPL:ALC ON;:APER MED,25;:BIAS:POL:AUTO OFF;:BIAS:RANG:AUTO ON;:BIAS:VOLT:LEV 0;:COMP:ABIN OFF;:COMP:BIN:COUN:STAT OFF;:COMP:MODE PTOL;:COMP:SLIM -9.9e+037,9.9e+037;:COMP:STAT OFF;:COMP:SWAP OFF;:COMP:TOL:NOM 0;:DISP:ENAB ON;:DISP:LINE """";:DISP:WIND:TEXT1:DATA:FMSD:DATA 1e-009;:DISP:WIND:TEXT2:DATA:FMSD:DATA 1e-009;:FORM:ASC:LONG ON;:FORM:BORD NORM;:FORM:DATA ASC,64;:FREQ:CW 1592;:FUNC:DEV1:MODE OFF;:FUNC:DEV1:REF:VAL 0;:FUNC:DEV2:MODE OFF;:FUNC:DEV2:REF:VAL 0;:FUNC:IMP:TYPE LSRS;:FUNC:SMON:IDC:STAT OFF;:FUNC:SMON:VDC:STAT OFF;:INIT:CONT OFF;:LIST:MODE SEQ;:LIST:STIM:TYPE FREQ,NONE;:SOUR:DCS:VOLT:LEV 0;:TRIG:DEL 0;:TRIG:SOUR INT;:TRIG:TDEL 0;:VOLT:LEV 1;:DISP:WIND:TEXT1:DATA:FMSD:STAT OFF;:DISP:WIND:TEXT2:DATA:FMSD:STAT OFF;:FUNC:DCR:RANG:VAL 100;:FUNC:IMP:RANG:VAL 1;:OUTP:DC:ISOL:LEV:VAL 0.02;:OUTP:DC:ISOL:STAT OFF;:FUNC:DCR:RANG:AUTO ON;:FUNC:IMP:RANG:AUTO ON;:OUTP:DC:ISOL:LEV:AUTO ON;:DISP:PAGE MEASurement;
",,,,,,,
1670.8,-6.336272634E-10,0.00001950619671,,,,,
1670.8,-8.175454079E-10,0.00001737452806,,,,,
1670.8,-8.143126519E-10,0.00001715620308,,,,,
1670.8,-7.787772727E-10,0.00001902614834,,,,,
1670.8,-7.736051034E-10,0.0000180013375,,,,,
1670.8,-1.066848858E-09,0.00001858039776,,,,,
1670.8,-7.609395585E-10,0.00001893213094,,,,,
1670.8,-7.76514486E-10,0.00001839885138,,,,,
1670.8,-6.321182732E-10,0.00001930249441,,,,,
1670.8,-5.979389613E-10,0.00001779384653,,,,,
1670.8,-8.667553561E-10,0.00001896735564,,,,,
1670.8,-8.11578635E-10,0.00001734946585,,,,,
1670.8,-9.410592624E-10,0.00001797263252,,,,,
1670.8,-7.328047335E-10,0.00001949588111,,,,,
1670.8,-7.416963688E-10,0.00001758103756,,,,,
1670.8,-7.64180305E-10,0.00001843034921,,,,,
Freq,1670.8,Rs,0.0000183668035375,7.88839469640718E-07,Ls,-7.8189390606875E-10,1.15492726767277E-10
":SOUR:DCS:STAT OFF;:BIAS:STAT OFF;:COMP:BIN:COUN:CLE;:LIST:CLE:ALL;:COMP:BIN:CLE;:AMPL:ALC ON;:APER MED,25;:BIAS:POL:AUTO OFF;:BIAS:RANG:AUTO ON;:BIAS:VOLT:LEV 0;:COMP:ABIN OFF;:COMP:BIN:COUN:STAT OFF;:COMP:MODE PTOL;:COMP:SLIM -9.9e+037,9.9e+037;:COMP:STAT OFF;:COMP:SWAP OFF;:COMP:TOL:NOM 0;:DISP:ENAB ON;:DISP:LINE """";:DISP:WIND:TEXT1:DATA:FMSD:DATA 1e-009;:DISP:WIND:TEXT2:DATA:FMSD:DATA 1e-009;:FORM:ASC:LONG ON;:FORM:BORD NORM;:FORM:DATA ASC,64;:FREQ:CW 1671;:FUNC:DEV1:MODE OFF;:FUNC:DEV1:REF:VAL 0;:FUNC:DEV2:MODE OFF;:FUNC:DEV2:REF:VAL 0;:FUNC:IMP:TYPE LSRS;:FUNC:SMON:IDC:STAT OFF;:FUNC:SMON:VDC:STAT OFF;:INIT:CONT OFF;:LIST:MODE SEQ;:LIST:STIM:TYPE FREQ,NONE;:SOUR:DCS:VOLT:LEV 0;:TRIG:DEL 0;:TRIG:SOUR INT;:TRIG:TDEL 0;:VOLT:LEV 1;:DISP:WIND:TEXT1:DATA:FMSD:STAT OFF;:DISP:WIND:TEXT2:DATA:FMSD:STAT OFF;:FUNC:DCR:RANG:VAL 100;:FUNC:IMP:RANG:VAL 1;:OUTP:DC:ISOL:LEV:VAL 0.02;:OUTP:DC:ISOL:STAT OFF;:FUNC:DCR:RANG:AUTO ON;:FUNC:IMP:RANG:AUTO ON;:OUTP:DC:ISOL:LEV:AUTO ON;:DISP:PAGE MEASurement;
",,,,,,,
1749.6,-1.064860642E-09,0.00001111557177,,,,,
1749.6,-5.976919781E-10,0.00001967205565,,,,,
1749.6,-9.904534704E-10,0.00001687303449,,,,,
1749.6,-8.004489003E-10,0.00001531110615,,,,,
1749.6,-8.053850995E-10,0.00001814614489,,,,,
1749.6,-1.016491752E-09,0.00001942655201,,,,,
1749.6,-6.453557997E-10,0.00001553950187,,,,,
1749.6,-8.012924596E-10,0.00001791954112,,,,,
1749.6,-8.462951958E-10,0.00001489659079,,,,,
1749.6,-7.544476821E-10,0.00001589455799,,,,,
1749.6,-7.284738177E-10,0.00001835110525,,,,,
1749.6,-9.657868339E-10,0.00002089855525,,,,,
1749.6,-8.872882702E-10,0.00002070952644,,,,,
1749.6,-6.955920258E-10,0.00001740634381,,,,,
1749.6,-8.605181167E-10,0.00001650181402,,,,,
1749.6,-5.447082868E-10,0.00001851362311,,,,,
Freq,1749.6,Rs,1.7323476538125E-05,2.48027655216907E-06,Ls,-8.128181456625E-10,1.50491155228407E-10
":SOUR:DCS:STAT OFF;:BIAS:STAT OFF;:COMP:BIN:COUN:CLE;:LIST:CLE:ALL;:COMP:BIN:CLE;:AMPL:ALC ON;:APER MED,25;:BIAS:POL:AUTO OFF;:BIAS:RANG:AUTO ON;:BIAS:VOLT:LEV 0;:COMP:ABIN OFF;:COMP:BIN:COUN:STAT OFF;:COMP:MODE PTOL;:COMP:SLIM -9.9e+037,9.9e+037;:COMP:STAT OFF;:COMP:SWAP OFF;:COMP:TOL:NOM 0;:DISP:ENAB ON;:DISP:LINE """";:DISP:WIND:TEXT1:DATA:FMSD:DATA 1e-009;:DISP:WIND:TEXT2:DATA:FMSD:DATA 1e-009;:FORM:ASC:LONG ON;:FORM:BORD NORM;:FORM:DATA ASC,64;:FREQ:CW 1750;:FUNC:DEV1:MODE OFF;:FUNC:DEV1:REF:VAL 0;:FUNC:DEV2:MODE OFF;:FUNC:DEV2:REF:VAL 0;:FUNC:IMP:TYPE LSRS;:FUNC:SMON:IDC:STAT OFF;:FUNC:SMON:VDC:STAT OFF;:INIT:CONT OFF;:LIST:MODE SEQ;:LIST:STIM:TYPE FREQ,NONE;:SOUR:DCS:VOLT:LEV 0;:TRIG:DEL 0;:TRIG:SOUR INT;:TRIG:TDEL 0;:VOLT:LEV 1;:DISP:WIND:TEXT1:DATA:FMSD:STAT OFF;:DISP:WIND:TEXT2:DATA:FMSD:STAT OFF;:FUNC:DCR:RANG:VAL 100;:FUNC:IMP:RANG:VAL 1;:OUTP:DC:ISOL:LEV:VAL 0.02;:OUTP:DC:ISOL:STAT OFF;:FUNC:DCR:RANG:AUTO ON;:FUNC:IMP:RANG:AUTO ON;:OUTP:DC:ISOL:LEV:AUTO ON;:DISP:PAGE MEASurement;
",,,,,,,
":SOUR:DCS:STAT OFF;:BIAS:STAT OFF;:COMP:BIN:COUN:CLE;:LIST:CLE:ALL;:COMP:BIN:CLE;:AMPL:ALC ON;:APER MED,25;:BIAS:POL:AUTO OFF;:BIAS:RANG:AUTO ON;:BIAS:VOLT:LEV 0;:COMP:ABIN OFF;:COMP:BIN:COUN:STAT OFF;:COMP:MODE PTOL;:COMP:SLIM -9.9e+037,9.9e+037;:COMP:STAT OFF;:COMP:SWAP OFF;:COMP:TOL:NOM 0;:DISP:ENAB ON;:DISP:LINE """";:DISP:WIND:TEXT1:DATA:FMSD:DATA 1e-009;:DISP:WIND:TEXT2:DATA:FMSD:DATA 1e-009;:FORM:ASC:LONG ON;:FORM:BORD NORM;:FORM:DATA ASC,64;:FREQ:CW 1750;:FUNC:DEV1:MODE OFF;:FUNC:DEV1:REF:VAL 0;:FUNC:DEV2:MODE OFF;:FUNC:DEV2:REF:VAL 0;:FUNC:IMP:TYPE LSRS;:FUNC:SMON:IDC:STAT OFF;:FUNC:SMON:VDC:STAT OFF;:INIT:CONT OFF;:LIST:MODE SEQ;:LIST:STIM:TYPE FREQ,NONE;:SOUR:DCS:VOLT:LEV 0;:TRIG:DEL 0;:TRIG:SOUR INT;:TRIG:TDEL 0;:VOLT:LEV 1;:DISP:WIND:TEXT1:DATA:FMSD:STAT OFF;:DISP:WIND:TEXT2:DATA:FMSD:STAT OFF;:FUNC:DCR:RANG:VAL 100;:FUNC:IMP:RANG:VAL 1;:OUTP:DC:ISOL:LEV:VAL 0.02;:OUTP:DC:ISOL:STAT OFF;:FUNC:DCR:RANG:AUTO ON;:FUNC:IMP:RANG:AUTO ON;:OUTP:DC:ISOL:LEV:AUTO ON;:DISP:PAGE MEASurement;
",,,,,,,
2025-10-15,10:49:59,,,,,,
---------run finished---------,,,,,,,
lcr name:,KeySight E4980A,,,,,,
Name and description of Device under test: ,Coaxial A,,,,,,
GPIB source:,<bound method MessageBasedResource.read of <'GPIBInstrument'('GPIB0::17::INSTR')>>,,,,,,
2025-10-15,11:18:16,,,,,,
select the freq range 90% - 110%,"[1432.4, 1512.4, 1591.5, 1670.8, 1749.6]",,,,,,
1432.4,0.0000003137898511,0.05799659336,,,,,
1432.4,0.000000313749896,0.05799241705,,,,,
1432.4,0.000000313599027,0.05799160121,,,,,
1432.4,0.0000003139308737,0.05799392522,,,,,
1432.4,0.0000003136819215,0.05799415766,,,,,
1432.4,0.0000003139868889,0.05799508787,,,,,
1432.4,0.0000003135289864,0.05799708575,,,,,
1432.4,0.0000003137760747,0.05799250595,,,,,
1432.4,0.0000003137520561,0.05799489539,,,,,
1432.4,0.0000003139960834,0.05799880202,,,,,
1432.4,0.0000003136255865,0.05799563654,,,,,
1432.4,0.0000003139681861,0.05799688372,,,,,
1432.4,0.0000003136366102,0.05799640566,,,,,
1432.4,0.0000003137867225,0.05798899777,,,,,
1432.4,0.0000003137378746,0.05797960155,,,,,
1432.4,0.0000003137447704,0.0579833065,,,,,
Freq,1432.4,Rs,0.05799299395125,5.15810221165083E-06,Ls,3.1376821306875E-07,1.41443054943336E-10
":SOUR:DCS:STAT OFF;:BIAS:STAT OFF;:COMP:BIN:COUN:CLE;:LIST:CLE:ALL;:COMP:BIN:CLE;:AMPL:ALC ON;:APER MED,25;:BIAS:POL:AUTO OFF;:BIAS:RANG:AUTO ON;:BIAS:VOLT:LEV 0;:COMP:ABIN OFF;:COMP:BIN:COUN:STAT OFF;:COMP:MODE PTOL;:COMP:SLIM -9.9e+037,9.9e+037;:COMP:STAT OFF;:COMP:SWAP OFF;:COMP:TOL:NOM 0;:DISP:ENAB ON;:DISP:LINE """";:DISP:WIND:TEXT1:DATA:FMSD:DATA 1e-009;:DISP:WIND:TEXT2:DATA:FMSD:DATA 1e-009;:FORM:ASC:LONG ON;:FORM:BORD NORM;:FORM:DATA ASC,64;:FREQ:CW 1432;:FUNC:DEV1:MODE OFF;:FUNC:DEV1:REF:VAL 0;:FUNC:DEV2:MODE OFF;:FUNC:DEV2:REF:VAL 0;:FUNC:IMP:TYPE LSRS;:FUNC:SMON:IDC:STAT OFF;:FUNC:SMON:VDC:STAT OFF;:INIT:CONT OFF;:LIST:MODE SEQ;:LIST:STIM:TYPE FREQ,NONE;:SOUR:DCS:VOLT:LEV 0;:TRIG:DEL 0;:TRIG:SOUR INT;:TRIG:TDEL 0;:VOLT:LEV 1;:DISP:WIND:TEXT1:DATA:FMSD:STAT OFF;:DISP:WIND:TEXT2:DATA:FMSD:STAT OFF;:FUNC:DCR:RANG:VAL 100;:FUNC:IMP:RANG:VAL 1;:OUTP:DC:ISOL:LEV:VAL 0.02;:OUTP:DC:ISOL:STAT OFF;:FUNC:DCR:RANG:AUTO ON;:FUNC:IMP:RANG:AUTO ON;:OUTP:DC:ISOL:LEV:AUTO ON;:DISP:PAGE MEASurement;
",,,,,,,
1512.4,0.0000003129856159,0.0579905836,,,,,
1512.4,0.0000003130262239,0.05799131764,,,,,
1512.4,0.0000003131885656,0.05798541381,,,,,
1512.4,0.0000003129310922,0.05798362059,,,,,
1512.4,0.0000003129228184,0.05798172499,,,,,
1512.4,0.0000003132259619,0.05797658378,,,,,
1512.4,0.0000003128930788,0.05797408135,,,,,
1512.4,0.0000003128930788,0.05797408135,,,,,
1512.4,0.0000003129666384,0.0579702337,,,,,
1512.4,0.0000003127379696,0.05797200379,,,,,
1512.4,0.000000312919956,0.05797391106,,,,,
1512.4,0.0000003128900869,0.0579690195,,,,,
1512.4,0.0000003126977185,0.05796379546,,,,,
1512.4,0.0000003130645424,0.05795963039,,,,,
1512.4,0.0000003129747206,0.05795660657,,,,,
1512.4,0.0000003126834512,0.05795400405,,,,,
Freq,1512.4,Rs,0.057973538226875,1.13038962064184E-05,Ls,3.1293759494375E-07,1.51308195512861E-10
":SOUR:DCS:STAT OFF;:BIAS:STAT OFF;:COMP:BIN:COUN:CLE;:LIST:CLE:ALL;:COMP:BIN:CLE;:AMPL:ALC ON;:APER MED,25;:BIAS:POL:AUTO OFF;:BIAS:RANG:AUTO ON;:BIAS:VOLT:LEV 0;:COMP:ABIN OFF;:COMP:BIN:COUN:STAT OFF;:COMP:MODE PTOL;:COMP:SLIM -9.9e+037,9.9e+037;:COMP:STAT OFF;:COMP:SWAP OFF;:COMP:TOL:NOM 0;:DISP:ENAB ON;:DISP:LINE """";:DISP:WIND:TEXT1:DATA:FMSD:DATA 1e-009;:DISP:WIND:TEXT2:DATA:FMSD:DATA 1e-009;:FORM:ASC:LONG ON;:FORM:BORD NORM;:FORM:DATA ASC,64;:FREQ:CW 1512;:FUNC:DEV1:MODE OFF;:FUNC:DEV1:REF:VAL 0;:FUNC:DEV2:MODE OFF;:FUNC:DEV2:REF:VAL 0;:FUNC:IMP:TYPE LSRS;:FUNC:SMON:IDC:STAT OFF;:FUNC:SMON:VDC:STAT OFF;:INIT:CONT OFF;:LIST:MODE SEQ;:LIST:STIM:TYPE FREQ,NONE;:SOUR:DCS:VOLT:LEV 0;:TRIG:DEL 0;:TRIG:SOUR INT;:TRIG:TDEL 0;:VOLT:LEV 1;:DISP:WIND:TEXT1:DATA:FMSD:STAT OFF;:DISP:WIND:TEXT2:DATA:FMSD:STAT OFF;:FUNC:DCR:RANG:VAL 100;:FUNC:IMP:RANG:VAL 1;:OUTP:DC:ISOL:LEV:VAL 0.02;:OUTP:DC:ISOL:STAT OFF;:FUNC:DCR:RANG:AUTO ON;:FUNC:IMP:RANG:AUTO ON;:OUTP:DC:ISOL:LEV:AUTO ON;:DISP:PAGE MEASurement;
",,,,,,,
1591.5,0.0000003124266877,0.05796024762,,,,,
1591.5,0.0000003121674557,0.05796648796,,,,,
1591.5,0.0000003123483392,0.05796791529,,,,,
1591.5,0.0000003122988127,0.05796958897,,,,,
1591.5,0.0000003123329809,0.05797445771,,,,,
1591.5,0.0000003122603443,0.05797468804,,,,,
1591.5,0.0000003122008263,0.05797687893,,,,,
1591.5,0.0000003122747135,0.05797864119,,,,,
1591.5,0.0000003121978116,0.05797797993,,,,,
1591.5,0.0000003123596006,0.05797521946,,,,,
1591.5,0.0000003123607114,0.05797445533,,,,,
1591.5,0.0000003123930937,0.05797517967,,,,,
1591.5,0.0000003124142216,0.05797443396,,,,,
1591.5,0.0000003122415508,0.05797045035,,,,,
1591.5,0.0000003123289977,0.05796688469,,,,,
1591.5,0.0000003120927282,0.0579643111,,,,,
Freq,1591.5,Rs,0.0579717387625,5.33514679485481E-06,Ls,3.1229367974375E-07,9.48908941610279E-11
":SOUR:DCS:STAT OFF;:BIAS:STAT OFF;:COMP:BIN:COUN:CLE;:LIST:CLE:ALL;:COMP:BIN:CLE;:AMPL:ALC ON;:APER MED,25;:BIAS:POL:AUTO OFF;:BIAS:RANG:AUTO ON;:BIAS:VOLT:LEV 0;:COMP:ABIN OFF;:COMP:BIN:COUN:STAT OFF;:COMP:MODE PTOL;:COMP:SLIM -9.9e+037,9.9e+037;:COMP:STAT OFF;:COMP:SWAP OFF;:COMP:TOL:NOM 0;:DISP:ENAB ON;:DISP:LINE """";:DISP:WIND:TEXT1:DATA:FMSD:DATA 1e-009;:DISP:WIND:TEXT2:DATA:FMSD:DATA 1e-009;:FORM:ASC:LONG ON;:FORM:BORD NORM;:FORM:DATA ASC,64;:FREQ:CW 1592;:FUNC:DEV1:MODE OFF;:FUNC:DEV1:REF:VAL 0;:FUNC:DEV2:MODE OFF;:FUNC:DEV2:REF:VAL 0;:FUNC:IMP:TYPE LSRS;:FUNC:SMON:IDC:STAT OFF;:FUNC:SMON:VDC:STAT OFF;:INIT:CONT OFF;:LIST:MODE SEQ;:LIST:STIM:TYPE FREQ,NONE;:SOUR:DCS:VOLT:LEV 0;:TRIG:DEL 0;:TRIG:SOUR INT;:TRIG:TDEL 0;:VOLT:LEV 1;:DISP:WIND:TEXT1:DATA:FMSD:STAT OFF;:DISP:WIND:TEXT2:DATA:FMSD:STAT OFF;:FUNC:DCR:RANG:VAL 100;:FUNC:IMP:RANG:VAL 1;:OUTP:DC:ISOL:LEV:VAL 0.02;:OUTP:DC:ISOL:STAT OFF;:FUNC:DCR:RANG:AUTO ON;:FUNC:IMP:RANG:AUTO ON;:OUTP:DC:ISOL:LEV:AUTO ON;:DISP:PAGE MEASurement;
",,,,,,,
1670.8,0.0000003116571125,0.05796260004,,,,,
1670.8,0.0000003114218769,0.05796483907,,,,,
1670.8,0.0000003116181084,0.05796693873,,,,,
1670.8,0.0000003116692338,0.05796514181,,,,,
1670.8,0.0000003116595312,0.05796669092,,,,,
1670.8,0.0000003115650153,0.05797044194,,,,,
1670.8,0.0000003115979543,0.05796915012,,,,,
1670.8,0.0000003114401335,0.05797001376,,,,,
1670.8,0.0000003115110278,0.05797135195,,,,,
1670.8,0.0000003114164549,0.05797421233,,,,,
1670.8,0.0000003114390492,0.05797270666,,,,,
1670.8,0.0000003117309415,0.05797206187,,,,,
1670.8,0.0000003115074493,0.05797316217,,,,,
1670.8,0.0000003116545791,0.05797505502,,,,,
1670.8,0.0000003116596934,0.05797887927,,,,,
1670.8,0.0000003117015933,0.05798126044,,,,,
Freq,1670.8,Rs,0.05797090663125,5.06901972023184E-06,Ls,3.1157810965E-07,1.07349271059987E-10
":SOUR:DCS:STAT OFF;:BIAS:STAT OFF;:COMP:BIN:COUN:CLE;:LIST:CLE:ALL;:COMP:BIN:CLE;:AMPL:ALC ON;:APER MED,25;:BIAS:POL:AUTO OFF;:BIAS:RANG:AUTO ON;:BIAS:VOLT:LEV 0;:COMP:ABIN OFF;:COMP:BIN:COUN:STAT OFF;:COMP:MODE PTOL;:COMP:SLIM -9.9e+037,9.9e+037;:COMP:STAT OFF;:COMP:SWAP OFF;:COMP:TOL:NOM 0;:DISP:ENAB ON;:DISP:LINE """";:DISP:WIND:TEXT1:DATA:FMSD:DATA 1e-009;:DISP:WIND:TEXT2:DATA:FMSD:DATA 1e-009;:FORM:ASC:LONG ON;:FORM:BORD NORM;:FORM:DATA ASC,64;:FREQ:CW 1671;:FUNC:DEV1:MODE OFF;:FUNC:DEV1:REF:VAL 0;:FUNC:DEV2:MODE OFF;:FUNC:DEV2:REF:VAL 0;:FUNC:IMP:TYPE LSRS;:FUNC:SMON:IDC:STAT OFF;:FUNC:SMON:VDC:STAT OFF;:INIT:CONT OFF;:LIST:MODE SEQ;:LIST:STIM:TYPE FREQ,NONE;:SOUR:DCS:VOLT:LEV 0;:TRIG:DEL 0;:TRIG:SOUR INT;:TRIG:TDEL 0;:VOLT:LEV 1;:DISP:WIND:TEXT1:DATA:FMSD:STAT OFF;:DISP:WIND:TEXT2:DATA:FMSD:STAT OFF;:FUNC:DCR:RANG:VAL 100;:FUNC:IMP:RANG:VAL 1;:OUTP:DC:ISOL:LEV:VAL 0.02;:OUTP:DC:ISOL:STAT OFF;:FUNC:DCR:RANG:AUTO ON;:FUNC:IMP:RANG:AUTO ON;:OUTP:DC:ISOL:LEV:AUTO ON;:DISP:PAGE MEASurement;
",,,,,,,
1749.6,0.0000003109671789,0.05799467589,,,,,
1749.6,0.000000311637933,0.0582126126,,,,,
1749.6,0.0000003114615467,0.0581776312,,,,,
1749.6,0.0000003113317175,0.05817365658,,,,,
1749.6,0.0000003114946355,0.05816708018,,,,,
1749.6,0.0000003113212082,0.05815359966,,,,,
1749.6,0.0000003111381877,0.05815102989,,,,,
1749.6,0.0000003111446474,0.05814537157,,,,,
1749.6,0.0000003112378738,0.05814773502,,,,,
1749.6,0.0000003112281372,0.0581417889,,,,,
1749.6,0.0000003111874597,0.05814010694,,,,,
1749.6,0.0000003113225715,0.05813560917,,,,,
1749.6,0.0000003112786192,0.05813574744,,,,,
1749.6,0.0000003113586896,0.05813705637,,,,,
1749.6,0.0000003112179318,0.05813684642,,,,,
1749.6,0.0000003114938122,0.05813531122,,,,,
Freq,1749.6,Rs,0.058142866190625,4.47354580073643E-05,Ls,3.1130138436875E-07,1.6554765084028E-10
":SOUR:DCS:STAT OFF;:BIAS:STAT OFF;:COMP:BIN:COUN:CLE;:LIST:CLE:ALL;:COMP:BIN:CLE;:AMPL:ALC ON;:APER MED,25;:BIAS:POL:AUTO OFF;:BIAS:RANG:AUTO ON;:BIAS:VOLT:LEV 0;:COMP:ABIN OFF;:COMP:BIN:COUN:STAT OFF;:COMP:MODE PTOL;:COMP:SLIM -9.9e+037,9.9e+037;:COMP:STAT OFF;:COMP:SWAP OFF;:COMP:TOL:NOM 0;:DISP:ENAB ON;:DISP:LINE """";:DISP:WIND:TEXT1:DATA:FMSD:DATA 1e-009;:DISP:WIND:TEXT2:DATA:FMSD:DATA 1e-009;:FORM:ASC:LONG ON;:FORM:BORD NORM;:FORM:DATA ASC,64;:FREQ:CW 1750;:FUNC:DEV1:MODE OFF;:FUNC:DEV1:REF:VAL 0;:FUNC:DEV2:MODE OFF;:FUNC:DEV2:REF:VAL 0;:FUNC:IMP:TYPE LSRS;:FUNC:SMON:IDC:STAT OFF;:FUNC:SMON:VDC:STAT OFF;:INIT:CONT OFF;:LIST:MODE SEQ;:LIST:STIM:TYPE FREQ,NONE;:SOUR:DCS:VOLT:LEV 0;:TRIG:DEL 0;:TRIG:SOUR INT;:TRIG:TDEL 0;:VOLT:LEV 1;:DISP:WIND:TEXT1:DATA:FMSD:STAT OFF;:DISP:WIND:TEXT2:DATA:FMSD:STAT OFF;:FUNC:DCR:RANG:VAL 100;:FUNC:IMP:RANG:VAL 1;:OUTP:DC:ISOL:LEV:VAL 0.02;:OUTP:DC:ISOL:STAT OFF;:FUNC:DCR:RANG:AUTO ON;:FUNC:IMP:RANG:AUTO ON;:OUTP:DC:ISOL:LEV:AUTO ON;:DISP:PAGE MEASurement;
",,,,,,,
":SOUR:DCS:STAT OFF;:BIAS:STAT OFF;:COMP:BIN:COUN:CLE;:LIST:CLE:ALL;:COMP:BIN:CLE;:AMPL:ALC ON;:APER MED,25;:BIAS:POL:AUTO OFF;:BIAS:RANG:AUTO ON;:BIAS:VOLT:LEV 0;:COMP:ABIN OFF;:COMP:BIN:COUN:STAT OFF;:COMP:MODE PTOL;:COMP:SLIM -9.9e+037,9.9e+037;:COMP:STAT OFF;:COMP:SWAP OFF;:COMP:TOL:NOM 0;:DISP:ENAB ON;:DISP:LINE """";:DISP:WIND:TEXT1:DATA:FMSD:DATA 1e-009;:DISP:WIND:TEXT2:DATA:FMSD:DATA 1e-009;:FORM:ASC:LONG ON;:FORM:BORD NORM;:FORM:DATA ASC,64;:FREQ:CW 1750;:FUNC:DEV1:MODE OFF;:FUNC:DEV1:REF:VAL 0;:FUNC:DEV2:MODE OFF;:FUNC:DEV2:REF:VAL 0;:FUNC:IMP:TYPE LSRS;:FUNC:SMON:IDC:STAT OFF;:FUNC:SMON:VDC:STAT OFF;:INIT:CONT OFF;:LIST:MODE SEQ;:LIST:STIM:TYPE FREQ,NONE;:SOUR:DCS:VOLT:LEV 0;:TRIG:DEL 0;:TRIG:SOUR INT;:TRIG:TDEL 0;:VOLT:LEV 1;:DISP:WIND:TEXT1:DATA:FMSD:STAT OFF;:DISP:WIND:TEXT2:DATA:FMSD:STAT OFF;:FUNC:DCR:RANG:VAL 100;:FUNC:IMP:RANG:VAL 1;:OUTP:DC:ISOL:LEV:VAL 0.02;:OUTP:DC:ISOL:STAT OFF;:FUNC:DCR:RANG:AUTO ON;:FUNC:IMP:RANG:AUTO ON;:OUTP:DC:ISOL:LEV:AUTO ON;:DISP:PAGE MEASurement;
",,,,,,,
2025-10-15,11:21:34,,,,,,
---------run finished---------,,,,,,,
lcr name:,KeySight E4980A,,,,,,
Name and description of Device under test: ,Cable_B,,,,,,
GPIB source:,<bound method MessageBasedResource.read of <'GPIBInstrument'('GPIB0::17::INSTR')>>,,,,,,
2025-10-15,11:29:15,,,,,,
select the freq range 90% - 110%,"[1432.4, 1512.4, 1591.5, 1670.8, 1749.6]",,,,,,
1432.4,0.0000004508182977,0.06613618334,,,,,
1432.4,0.0000004507369342,0.06613354578,,,,,
1432.4,0.000000450813381,0.06613406216,,,,,
1432.4,0.0000004507056473,0.06613118628,,,,,
1432.4,0.0000004504876788,0.06612941519,,,,,
1432.4,0.00000045066073,0.0661290428,,,,,
1432.4,0.0000004508879565,0.06612861648,,,,,
1432.4,0.0000004506797852,0.06612816248,,,,,
1432.4,0.0000004508676636,0.06612444633,,,,,
1432.4,0.0000004505785624,0.06612518715,,,,,
1432.4,0.0000004507022924,0.0661233296,,,,,
1432.4,0.000000450795072,0.06612163832,,,,,
1432.4,0.000000450462597,0.06612220352,,,,,
1432.4,0.0000004509767017,0.06611882373,,,,,
1432.4,0.0000004506540359,0.06611666136,,,,,
1432.4,0.0000004507835869,0.06611589799,,,,,
Freq,1432.4,Rs,0.066126150156875,6.15912137001173E-06,Ls,4.507256826625E-07,1.39994367467004E-10
":SOUR:DCS:STAT OFF;:BIAS:STAT OFF;:COMP:BIN:COUN:CLE;:LIST:CLE:ALL;:COMP:BIN:CLE;:AMPL:ALC ON;:APER MED,25;:BIAS:POL:AUTO OFF;:BIAS:RANG:AUTO ON;:BIAS:VOLT:LEV 0;:COMP:ABIN OFF;:COMP:BIN:COUN:STAT OFF;:COMP:MODE PTOL;:COMP:SLIM -9.9e+037,9.9e+037;:COMP:STAT OFF;:COMP:SWAP OFF;:COMP:TOL:NOM 0;:DISP:ENAB ON;:DISP:LINE """";:DISP:WIND:TEXT1:DATA:FMSD:DATA 1e-009;:DISP:WIND:TEXT2:DATA:FMSD:DATA 1e-009;:FORM:ASC:LONG ON;:FORM:BORD NORM;:FORM:DATA ASC,64;:FREQ:CW 1432;:FUNC:DEV1:MODE OFF;:FUNC:DEV1:REF:VAL 0;:FUNC:DEV2:MODE OFF;:FUNC:DEV2:REF:VAL 0;:FUNC:IMP:TYPE LSRS;:FUNC:SMON:IDC:STAT OFF;:FUNC:SMON:VDC:STAT OFF;:INIT:CONT OFF;:LIST:MODE SEQ;:LIST:STIM:TYPE FREQ,NONE;:SOUR:DCS:VOLT:LEV 0;:TRIG:DEL 0;:TRIG:SOUR INT;:TRIG:TDEL 0;:VOLT:LEV 1;:DISP:WIND:TEXT1:DATA:FMSD:STAT OFF;:DISP:WIND:TEXT2:DATA:FMSD:STAT OFF;:FUNC:DCR:RANG:VAL 100;:FUNC:IMP:RANG:VAL 1;:OUTP:DC:ISOL:LEV:VAL 0.02;:OUTP:DC:ISOL:STAT OFF;:FUNC:DCR:RANG:AUTO ON;:FUNC:IMP:RANG:AUTO ON;:OUTP:DC:ISOL:LEV:AUTO ON;:DISP:PAGE MEASurement;
",,,,,,,
1512.4,0.0000004500006382,0.06611270835,,,,,
1512.4,0.0000004500646876,0.06611243539,,,,,
1512.4,0.0000004499382112,0.06611046355,,,,,
1512.4,0.0000004499129328,0.06610916521,,,,,
1512.4,0.0000004499007327,0.06610809591,,,,,
1512.4,0.0000004499770573,0.06610569067,,,,,
1512.4,0.000000449975821,0.06610183761,,,,,
1512.4,0.000000449975821,0.06610183761,,,,,
1512.4,0.0000004498054069,0.06610257482,,,,,
1512.4,0.0000004501383641,0.06609894586,,,,,
1512.4,0.0000004502364663,0.0660977897,,,,,
1512.4,0.0000004499961385,0.06609403801,,,,,
1512.4,0.0000004498195548,0.0660920787,,,,,
1512.4,0.0000004499638004,0.06609027778,,,,,
1512.4,0.0000004498934045,0.0660886871,,,,,
1512.4,0.0000004499898928,0.06608844776,,,,,
Freq,1512.4,Rs,0.066100942126875,8.43399337606542E-06,Ls,4.4997430813125E-07,1.0796600169208E-10
":SOUR:DCS:STAT OFF;:BIAS:STAT OFF;:COMP:BIN:COUN:CLE;:LIST:CLE:ALL;:COMP:BIN:CLE;:AMPL:ALC ON;:APER MED,25;:BIAS:POL:AUTO OFF;:BIAS:RANG:AUTO ON;:BIAS:VOLT:LEV 0;:COMP:ABIN OFF;:COMP:BIN:COUN:STAT OFF;:COMP:MODE PTOL;:COMP:SLIM -9.9e+037,9.9e+037;:COMP:STAT OFF;:COMP:SWAP OFF;:COMP:TOL:NOM 0;:DISP:ENAB ON;:DISP:LINE """";:DISP:WIND:TEXT1:DATA:FMSD:DATA 1e-009;:DISP:WIND:TEXT2:DATA:FMSD:DATA 1e-009;:FORM:ASC:LONG ON;:FORM:BORD NORM;:FORM:DATA ASC,64;:FREQ:CW 1512;:FUNC:DEV1:MODE OFF;:FUNC:DEV1:REF:VAL 0;:FUNC:DEV2:MODE OFF;:FUNC:DEV2:REF:VAL 0;:FUNC:IMP:TYPE LSRS;:FUNC:SMON:IDC:STAT OFF;:FUNC:SMON:VDC:STAT OFF;:INIT:CONT OFF;:LIST:MODE SEQ;:LIST:STIM:TYPE FREQ,NONE;:SOUR:DCS:VOLT:LEV 0;:TRIG:DEL 0;:TRIG:SOUR INT;:TRIG:TDEL 0;:VOLT:LEV 1;:DISP:WIND:TEXT1:DATA:FMSD:STAT OFF;:DISP:WIND:TEXT2:DATA:FMSD:STAT OFF;:FUNC:DCR:RANG:VAL 100;:FUNC:IMP:RANG:VAL 1;:OUTP:DC:ISOL:LEV:VAL 0.02;:OUTP:DC:ISOL:STAT OFF;:FUNC:DCR:RANG:AUTO ON;:FUNC:IMP:RANG:AUTO ON;:OUTP:DC:ISOL:LEV:AUTO ON;:DISP:PAGE MEASurement;
",,,,,,,
1591.5,0.000000449462592,0.0660924191,,,,,
1591.5,0.0000004493126629,0.06608954653,,,,,
1591.5,0.0000004495654064,0.06608657182,,,,,
1591.5,0.000000449273806,0.06608492255,,,,,
1591.5,0.000000449585381,0.06608542768,,,,,
1591.5,0.0000004492486602,0.06608073387,,,,,
1591.5,0.000000449365431,0.06607797638,,,,,
1591.5,0.0000004491883818,0.06607876219,,,,,
1591.5,0.000000449304842,0.06607669779,,,,,
1591.5,0.0000004495003287,0.06607518811,,,,,
1591.5,0.0000004493938543,0.06607317378,,,,,
1591.5,0.0000004491179178,0.06607276197,,,,,
1591.5,0.0000004492297382,0.06607138777,,,,,
1591.5,0.0000004492956812,0.0660704078,,,,,
1591.5,0.0000004496448544,0.06606671542,,,,,
1591.5,0.0000004493290347,0.066066355,,,,,
Freq,1591.5,Rs,0.066078065485,7.96002781392394E-06,Ls,4.493636607875E-07,1.50673713430024E-10
":SOUR:DCS:STAT OFF;:BIAS:STAT OFF;:COMP:BIN:COUN:CLE;:LIST:CLE:ALL;:COMP:BIN:CLE;:AMPL:ALC ON;:APER MED,25;:BIAS:POL:AUTO OFF;:BIAS:RANG:AUTO ON;:BIAS:VOLT:LEV 0;:COMP:ABIN OFF;:COMP:BIN:COUN:STAT OFF;:COMP:MODE PTOL;:COMP:SLIM -9.9e+037,9.9e+037;:COMP:STAT OFF;:COMP:SWAP OFF;:COMP:TOL:NOM 0;:DISP:ENAB ON;:DISP:LINE """";:DISP:WIND:TEXT1:DATA:FMSD:DATA 1e-009;:DISP:WIND:TEXT2:DATA:FMSD:DATA 1e-009;:FORM:ASC:LONG ON;:FORM:BORD NORM;:FORM:DATA ASC,64;:FREQ:CW 1592;:FUNC:DEV1:MODE OFF;:FUNC:DEV1:REF:VAL 0;:FUNC:DEV2:MODE OFF;:FUNC:DEV2:REF:VAL 0;:FUNC:IMP:TYPE LSRS;:FUNC:SMON:IDC:STAT OFF;:FUNC:SMON:VDC:STAT OFF;:INIT:CONT OFF;:LIST:MODE SEQ;:LIST:STIM:TYPE FREQ,NONE;:SOUR:DCS:VOLT:LEV 0;:TRIG:DEL 0;:TRIG:SOUR INT;:TRIG:TDEL 0;:VOLT:LEV 1;:DISP:WIND:TEXT1:DATA:FMSD:STAT OFF;:DISP:WIND:TEXT2:DATA:FMSD:STAT OFF;:FUNC:DCR:RANG:VAL 100;:FUNC:IMP:RANG:VAL 1;:OUTP:DC:ISOL:LEV:VAL 0.02;:OUTP:DC:ISOL:STAT OFF;:FUNC:DCR:RANG:AUTO ON;:FUNC:IMP:RANG:AUTO ON;:OUTP:DC:ISOL:LEV:AUTO ON;:DISP:PAGE MEASurement;
",,,,,,,
1670.8,0.0000004488261813,0.06606524268,,,,,
1670.8,0.000000448667999,0.0660639863,,,,,
1670.8,0.0000004487118347,0.06606351629,,,,,
1670.8,0.0000004489098444,0.06606361502,,,,,
1670.8,0.0000004487157917,0.06606172842,,,,,
1670.8,0.0000004488728046,0.06606224491,,,,,
1670.8,0.0000004487148546,0.06606040808,,,,,
1670.8,0.0000004487447619,0.06605900418,,,,,
1670.8,0.0000004488891006,0.06606080002,,,,,
1670.8,0.0000004485910759,0.06606141189,,,,,
1670.8,0.000000448766459,0.06605878016,,,,,
1670.8,0.0000004489644536,0.06606023875,,,,,
1670.8,0.0000004486582267,0.06605829664,,,,,
1670.8,0.0000004488660731,0.0660604642,,,,,
1670.8,0.0000004486797486,0.06605994015,,,,,
1670.8,0.0000004489268762,0.06606081472,,,,,
Freq,1670.8,Rs,0.066061280775625,1.99517341879088E-06,Ls,4.4878163036875E-07,1.12553261985258E-10
":SOUR:DCS:STAT OFF;:BIAS:STAT OFF;:COMP:BIN:COUN:CLE;:LIST:CLE:ALL;:COMP:BIN:CLE;:AMPL:ALC ON;:APER MED,25;:BIAS:POL:AUTO OFF;:BIAS:RANG:AUTO ON;:BIAS:VOLT:LEV 0;:COMP:ABIN OFF;:COMP:BIN:COUN:STAT OFF;:COMP:MODE PTOL;:COMP:SLIM -9.9e+037,9.9e+037;:COMP:STAT OFF;:COMP:SWAP OFF;:COMP:TOL:NOM 0;:DISP:ENAB ON;:DISP:LINE """";:DISP:WIND:TEXT1:DATA:FMSD:DATA 1e-009;:DISP:WIND:TEXT2:DATA:FMSD:DATA 1e-009;:FORM:ASC:LONG ON;:FORM:BORD NORM;:FORM:DATA ASC,64;:FREQ:CW 1671;:FUNC:DEV1:MODE OFF;:FUNC:DEV1:REF:VAL 0;:FUNC:DEV2:MODE OFF;:FUNC:DEV2:REF:VAL 0;:FUNC:IMP:TYPE LSRS;:FUNC:SMON:IDC:STAT OFF;:FUNC:SMON:VDC:STAT OFF;:INIT:CONT OFF;:LIST:MODE SEQ;:LIST:STIM:TYPE FREQ,NONE;:SOUR:DCS:VOLT:LEV 0;:TRIG:DEL 0;:TRIG:SOUR INT;:TRIG:TDEL 0;:VOLT:LEV 1;:DISP:WIND:TEXT1:DATA:FMSD:STAT OFF;:DISP:WIND:TEXT2:DATA:FMSD:STAT OFF;:FUNC:DCR:RANG:VAL 100;:FUNC:IMP:RANG:VAL 1;:OUTP:DC:ISOL:LEV:VAL 0.02;:OUTP:DC:ISOL:STAT OFF;:FUNC:DCR:RANG:AUTO ON;:FUNC:IMP:RANG:AUTO ON;:OUTP:DC:ISOL:LEV:AUTO ON;:DISP:PAGE MEASurement;
",,,,,,,
1749.6,0.0000004483203595,0.0660666823,,,,,
1749.6,0.0000004481822589,0.06606035718,,,,,
1749.6,0.0000004490266418,0.06606814956,,,,,
1749.6,0.0000004480387389,0.06606382664,,,,,
1749.6,0.000000448206631,0.06606117674,,,,,
1749.6,0.0000004482959977,0.06606657466,,,,,
1749.6,0.0000004482382337,0.06606551343,,,,,
1749.6,0.0000004482084088,0.06606614112,,,,,
1749.6,0.0000004483280151,0.06606540039,,,,,
1749.6,0.0000004482143759,0.06606476841,,,,,
1749.6,0.0000004484920138,0.06606501398,,,,,
1749.6,0.0000004483813921,0.06606366538,,,,,
1749.6,0.000000448144728,0.06606615313,,,,,
1749.6,0.000000448129091,0.06606386829,,,,,
1749.6,0.0000004479466492,0.0660623869,,,,,
1749.6,0.0000004481001509,0.06606215295,,,,,
Freq,1749.6,Rs,0.06606448944125,2.15583145586332E-06,Ls,4.4826585539375E-07,2.42563163792029E-10
":SOUR:DCS:STAT OFF;:BIAS:STAT OFF;:COMP:BIN:COUN:CLE;:LIST:CLE:ALL;:COMP:BIN:CLE;:AMPL:ALC ON;:APER MED,25;:BIAS:POL:AUTO OFF;:BIAS:RANG:AUTO ON;:BIAS:VOLT:LEV 0;:COMP:ABIN OFF;:COMP:BIN:COUN:STAT OFF;:COMP:MODE PTOL;:COMP:SLIM -9.9e+037,9.9e+037;:COMP:STAT OFF;:COMP:SWAP OFF;:COMP:TOL:NOM 0;:DISP:ENAB ON;:DISP:LINE """";:DISP:WIND:TEXT1:DATA:FMSD:DATA 1e-009;:DISP:WIND:TEXT2:DATA:FMSD:DATA 1e-009;:FORM:ASC:LONG ON;:FORM:BORD NORM;:FORM:DATA ASC,64;:FREQ:CW 1750;:FUNC:DEV1:MODE OFF;:FUNC:DEV1:REF:VAL 0;:FUNC:DEV2:MODE OFF;:FUNC:DEV2:REF:VAL 0;:FUNC:IMP:TYPE LSRS;:FUNC:SMON:IDC:STAT OFF;:FUNC:SMON:VDC:STAT OFF;:INIT:CONT OFF;:LIST:MODE SEQ;:LIST:STIM:TYPE FREQ,NONE;:SOUR:DCS:VOLT:LEV 0;:TRIG:DEL 0;:TRIG:SOUR INT;:TRIG:TDEL 0;:VOLT:LEV 1;:DISP:WIND:TEXT1:DATA:FMSD:STAT OFF;:DISP:WIND:TEXT2:DATA:FMSD:STAT OFF;:FUNC:DCR:RANG:VAL 100;:FUNC:IMP:RANG:VAL 1;:OUTP:DC:ISOL:LEV:VAL 0.02;:OUTP:DC:ISOL:STAT OFF;:FUNC:DCR:RANG:AUTO ON;:FUNC:IMP:RANG:AUTO ON;:OUTP:DC:ISOL:LEV:AUTO ON;:DISP:PAGE MEASurement;
",,,,,,,
":SOUR:DCS:STAT OFF;:BIAS:STAT OFF;:COMP:BIN:COUN:CLE;:LIST:CLE:ALL;:COMP:BIN:CLE;:AMPL:ALC ON;:APER MED,25;:BIAS:POL:AUTO OFF;:BIAS:RANG:AUTO ON;:BIAS:VOLT:LEV 0;:COMP:ABIN OFF;:COMP:BIN:COUN:STAT OFF;:COMP:MODE PTOL;:COMP:SLIM -9.9e+037,9.9e+037;:COMP:STAT OFF;:COMP:SWAP OFF;:COMP:TOL:NOM 0;:DISP:ENAB ON;:DISP:LINE """";:DISP:WIND:TEXT1:DATA:FMSD:DATA 1e-009;:DISP:WIND:TEXT2:DATA:FMSD:DATA 1e-009;:FORM:ASC:LONG ON;:FORM:BORD NORM;:FORM:DATA ASC,64;:FREQ:CW 1750;:FUNC:DEV1:MODE OFF;:FUNC:DEV1:REF:VAL 0;:FUNC:DEV2:MODE OFF;:FUNC:DEV2:REF:VAL 0;:FUNC:IMP:TYPE LSRS;:FUNC:SMON:IDC:STAT OFF;:FUNC:SMON:VDC:STAT OFF;:INIT:CONT OFF;:LIST:MODE SEQ;:LIST:STIM:TYPE FREQ,NONE;:SOUR:DCS:VOLT:LEV 0;:TRIG:DEL 0;:TRIG:SOUR INT;:TRIG:TDEL 0;:VOLT:LEV 1;:DISP:WIND:TEXT1:DATA:FMSD:STAT OFF;:DISP:WIND:TEXT2:DATA:FMSD:STAT OFF;:FUNC:DCR:RANG:VAL 100;:FUNC:IMP:RANG:VAL 1;:OUTP:DC:ISOL:LEV:VAL 0.02;:OUTP:DC:ISOL:STAT OFF;:FUNC:DCR:RANG:AUTO ON;:FUNC:IMP:RANG:AUTO ON;:OUTP:DC:ISOL:LEV:AUTO ON;:DISP:PAGE MEASurement;
",,,,,,,
2025-10-15,11:32:33,,,,,,
---------run finished---------,,,,,,,
lcr name:,KeySight E4980A,,,,,,
Name and description of Device under test: ,Cable_C,,,,,,
GPIB source:,<bound method MessageBasedResource.read of <'GPIBInstrument'('GPIB0::17::INSTR')>>,,,,,,
2025-10-15,11:40:03,,,,,,
select the freq range 90% - 110%,"[1432.4, 1512.4, 1591.5, 1670.8, 1749.6]",,,,,,
1432.4,0.000000445424218,0.06463332655,,,,,
1432.4,0.0000004453102531,0.06463484462,,,,,
1432.4,0.0000004455339312,0.06463196624,,,,,
1432.4,0.0000004454692024,0.06462974784,,,,,
1432.4,0.0000004454421304,0.06462686884,,,,,
1432.4,0.0000004455625602,0.06462614393,,,,,
1432.4,0.0000004455459807,0.0646247952,,,,,
1432.4,0.0000004451737438,0.06462242333,,,,,
1432.4,0.0000004454159303,0.0646227646,,,,,
1432.4,0.0000004453958801,0.06461902664,,,,,
1432.4,0.0000004453226298,0.06462051913,,,,,
1432.4,0.0000004453914919,0.06461924946,,,,,
1432.4,0.0000004454281737,0.06461587832,,,,,
1432.4,0.0000004453463555,0.0646153865,,,,,
1432.4,0.0000004453474187,0.06461568215,,,,,
1432.4,0.0000004454135176,0.06461345415,,,,,
Freq,1432.4,Rs,0.06462325484375,6.78060963431575E-06,Ls,4.454077135875E-07,9.80023398452468E-11
":SOUR:DCS:STAT OFF;:BIAS:STAT OFF;:COMP:BIN:COUN:CLE;:LIST:CLE:ALL;:COMP:BIN:CLE;:AMPL:ALC ON;:APER MED,25;:BIAS:POL:AUTO OFF;:BIAS:RANG:AUTO ON;:BIAS:VOLT:LEV 0;:COMP:ABIN OFF;:COMP:BIN:COUN:STAT OFF;:COMP:MODE PTOL;:COMP:SLIM -9.9e+037,9.9e+037;:COMP:STAT OFF;:COMP:SWAP OFF;:COMP:TOL:NOM 0;:DISP:ENAB ON;:DISP:LINE """";:DISP:WIND:TEXT1:DATA:FMSD:DATA 1e-009;:DISP:WIND:TEXT2:DATA:FMSD:DATA 1e-009;:FORM:ASC:LONG ON;:FORM:BORD NORM;:FORM:DATA ASC,64;:FREQ:CW 1432;:FUNC:DEV1:MODE OFF;:FUNC:DEV1:REF:VAL 0;:FUNC:DEV2:MODE OFF;:FUNC:DEV2:REF:VAL 0;:FUNC:IMP:TYPE LSRS;:FUNC:SMON:IDC:STAT OFF;:FUNC:SMON:VDC:STAT OFF;:INIT:CONT OFF;:LIST:MODE SEQ;:LIST:STIM:TYPE FREQ,NONE;:SOUR:DCS:VOLT:LEV 0;:TRIG:DEL 0;:TRIG:SOUR INT;:TRIG:TDEL 0;:VOLT:LEV 1;:DISP:WIND:TEXT1:DATA:FMSD:STAT OFF;:DISP:WIND:TEXT2:DATA:FMSD:STAT OFF;:FUNC:DCR:RANG:VAL 100;:FUNC:IMP:RANG:VAL 1;:OUTP:DC:ISOL:LEV:VAL 0.02;:OUTP:DC:ISOL:STAT OFF;:FUNC:DCR:RANG:AUTO ON;:FUNC:IMP:RANG:AUTO ON;:OUTP:DC:ISOL:LEV:AUTO ON;:DISP:PAGE MEASurement;
",,,,,,,
1512.4,0.0000004449474706,0.06461287487,,,,,
1512.4,0.0000004447860888,0.06461199565,,,,,
1512.4,0.0000004447551255,0.06460831926,,,,,
1512.4,0.0000004447247179,0.06460782276,,,,,
1512.4,0.0000004449125743,0.06460659563,,,,,
1512.4,0.0000004450417122,0.06460628957,,,,,
1512.4,0.0000004448483951,0.06460661547,,,,,
1512.4,0.0000004448483951,0.06460661547,,,,,
1512.4,0.0000004445701729,0.06460457564,,,,,
1512.4,0.0000004449504142,0.06460380925,,,,,
1512.4,0.0000004446987327,0.06460264275,,,,,
1512.4,0.0000004447213469,0.06460179313,,,,,
1512.4,0.0000004448886128,0.06460094491,,,,,
1512.4,0.0000004448068996,0.06459813846,,,,,
1512.4,0.0000004447861203,0.06459712661,,,,,
1512.4,0.0000004446600114,0.06459985482,,,,,
Freq,1512.4,Rs,0.064604750890625,4.52990084786845E-06,Ls,4.4480917439375E-07,1.22101876965626E-10
":SOUR:DCS:STAT OFF;:BIAS:STAT OFF;:COMP:BIN:COUN:CLE;:LIST:CLE:ALL;:COMP:BIN:CLE;:AMPL:ALC ON;:APER MED,25;:BIAS:POL:AUTO OFF;:BIAS:RANG:AUTO ON;:BIAS:VOLT:LEV 0;:COMP:ABIN OFF;:COMP:BIN:COUN:STAT OFF;:COMP:MODE PTOL;:COMP:SLIM -9.9e+037,9.9e+037;:COMP:STAT OFF;:COMP:SWAP OFF;:COMP:TOL:NOM 0;:DISP:ENAB ON;:DISP:LINE """";:DISP:WIND:TEXT1:DATA:FMSD:DATA 1e-009;:DISP:WIND:TEXT2:DATA:FMSD:DATA 1e-009;:FORM:ASC:LONG ON;:FORM:BORD NORM;:FORM:DATA ASC,64;:FREQ:CW 1512;:FUNC:DEV1:MODE OFF;:FUNC:DEV1:REF:VAL 0;:FUNC:DEV2:MODE OFF;:FUNC:DEV2:REF:VAL 0;:FUNC:IMP:TYPE LSRS;:FUNC:SMON:IDC:STAT OFF;:FUNC:SMON:VDC:STAT OFF;:INIT:CONT OFF;:LIST:MODE SEQ;:LIST:STIM:TYPE FREQ,NONE;:SOUR:DCS:VOLT:LEV 0;:TRIG:DEL 0;:TRIG:SOUR INT;:TRIG:TDEL 0;:VOLT:LEV 1;:DISP:WIND:TEXT1:DATA:FMSD:STAT OFF;:DISP:WIND:TEXT2:DATA:FMSD:STAT OFF;:FUNC:DCR:RANG:VAL 100;:FUNC:IMP:RANG:VAL 1;:OUTP:DC:ISOL:LEV:VAL 0.02;:OUTP:DC:ISOL:STAT OFF;:FUNC:DCR:RANG:AUTO ON;:FUNC:IMP:RANG:AUTO ON;:OUTP:DC:ISOL:LEV:AUTO ON;:DISP:PAGE MEASurement;
",,,,,,,
1591.5,0.0000004443351138,0.06459790717,,,,,
1591.5,0.000000444150196,0.06459607001,,,,,
1591.5,0.0000004441349489,0.06459692378,,,,,
1591.5,0.0000004440985636,0.06459666074,,,,,
1591.5,0.0000004442437222,0.06459607604,,,,,
1591.5,0.0000004441233782,0.06459804418,,,,,
1591.5,0.0000004442286747,0.06459496533,,,,,
1591.5,0.0000004441680207,0.06459411877,,,,,
1591.5,0.0000004443356327,0.0645930504,,,,,
1591.5,0.0000004442233017,0.06459509673,,,,,
1591.5,0.0000004441635266,0.06459181479,,,,,
1591.5,0.0000004442143106,0.06459092138,,,,,
1591.5,0.0000004441828484,0.06459176601,,,,,
1591.5,0.0000004443717189,0.0645907153,,,,,
1591.5,0.0000004442272725,0.06459004958,,,,,
1591.5,0.0000004440941311,0.06458877664,,,,,
Freq,1591.5,Rs,0.064593934803125,2.96365890725342E-06,Ls,4.442059600375E-07,8.42710430624822E-11
":SOUR:DCS:STAT OFF;:BIAS:STAT OFF;:COMP:BIN:COUN:CLE;:LIST:CLE:ALL;:COMP:BIN:CLE;:AMPL:ALC ON;:APER MED,25;:BIAS:POL:AUTO OFF;:BIAS:RANG:AUTO ON;:BIAS:VOLT:LEV 0;:COMP:ABIN OFF;:COMP:BIN:COUN:STAT OFF;:COMP:MODE PTOL;:COMP:SLIM -9.9e+037,9.9e+037;:COMP:STAT OFF;:COMP:SWAP OFF;:COMP:TOL:NOM 0;:DISP:ENAB ON;:DISP:LINE """";:DISP:WIND:TEXT1:DATA:FMSD:DATA 1e-009;:DISP:WIND:TEXT2:DATA:FMSD:DATA 1e-009;:FORM:ASC:LONG ON;:FORM:BORD NORM;:FORM:DATA ASC,64;:FREQ:CW 1592;:FUNC:DEV1:MODE OFF;:FUNC:DEV1:REF:VAL 0;:FUNC:DEV2:MODE OFF;:FUNC:DEV2:REF:VAL 0;:FUNC:IMP:TYPE LSRS;:FUNC:SMON:IDC:STAT OFF;:FUNC:SMON:VDC:STAT OFF;:INIT:CONT OFF;:LIST:MODE SEQ;:LIST:STIM:TYPE FREQ,NONE;:SOUR:DCS:VOLT:LEV 0;:TRIG:DEL 0;:TRIG:SOUR INT;:TRIG:TDEL 0;:VOLT:LEV 1;:DISP:WIND:TEXT1:DATA:FMSD:STAT OFF;:DISP:WIND:TEXT2:DATA:FMSD:STAT OFF;:FUNC:DCR:RANG:VAL 100;:FUNC:IMP:RANG:VAL 1;:OUTP:DC:ISOL:LEV:VAL 0.02;:OUTP:DC:ISOL:STAT OFF;:FUNC:DCR:RANG:AUTO ON;:FUNC:IMP:RANG:AUTO ON;:OUTP:DC:ISOL:LEV:AUTO ON;:DISP:PAGE MEASurement;
",,,,,,,
1670.8,0.0000004435301277,0.06458951393,,,,,
1670.8,0.0000004436780865,0.06458930883,,,,,
1670.8,0.0000004437872598,0.06458889392,,,,,
1670.8,0.0000004436678973,0.0645899575,,,,,
1670.8,0.0000004436854016,0.06458869759,,,,,
1670.8,0.000000443721561,0.06458658579,,,,,
1670.8,0.0000004437474418,0.06458576679,,,,,
1670.8,0.000000443714452,0.06458495697,,,,,
1670.8,0.0000004436308987,0.0645866775,,,,,
1670.8,0.0000004437461824,0.06458643983,,,,,
1670.8,0.0000004435741595,0.06458431954,,,,,
1670.8,0.0000004437533669,0.06458503519,,,,,
1670.8,0.0000004436624757,0.06458318133,,,,,
1670.8,0.0000004436009625,0.06458332498,,,,,
1670.8,0.0000004437456843,0.06458281933,,,,,
1670.8,0.0000004436109193,0.06458105664,,,,,
Freq,1670.8,Rs,0.06458603347875,2.70971719747727E-06,Ls,4.436785548125E-07,7.32991498450659E-11
":SOUR:DCS:STAT OFF;:BIAS:STAT OFF;:COMP:BIN:COUN:CLE;:LIST:CLE:ALL;:COMP:BIN:CLE;:AMPL:ALC ON;:APER MED,25;:BIAS:POL:AUTO OFF;:BIAS:RANG:AUTO ON;:BIAS:VOLT:LEV 0;:COMP:ABIN OFF;:COMP:BIN:COUN:STAT OFF;:COMP:MODE PTOL;:COMP:SLIM -9.9e+037,9.9e+037;:COMP:STAT OFF;:COMP:SWAP OFF;:COMP:TOL:NOM 0;:DISP:ENAB ON;:DISP:LINE """";:DISP:WIND:TEXT1:DATA:FMSD:DATA 1e-009;:DISP:WIND:TEXT2:DATA:FMSD:DATA 1e-009;:FORM:ASC:LONG ON;:FORM:BORD NORM;:FORM:DATA ASC,64;:FREQ:CW 1671;:FUNC:DEV1:MODE OFF;:FUNC:DEV1:REF:VAL 0;:FUNC:DEV2:MODE OFF;:FUNC:DEV2:REF:VAL 0;:FUNC:IMP:TYPE LSRS;:FUNC:SMON:IDC:STAT OFF;:FUNC:SMON:VDC:STAT OFF;:INIT:CONT OFF;:LIST:MODE SEQ;:LIST:STIM:TYPE FREQ,NONE;:SOUR:DCS:VOLT:LEV 0;:TRIG:DEL 0;:TRIG:SOUR INT;:TRIG:TDEL 0;:VOLT:LEV 1;:DISP:WIND:TEXT1:DATA:FMSD:STAT OFF;:DISP:WIND:TEXT2:DATA:FMSD:STAT OFF;:FUNC:DCR:RANG:VAL 100;:FUNC:IMP:RANG:VAL 1;:OUTP:DC:ISOL:LEV:VAL 0.02;:OUTP:DC:ISOL:STAT OFF;:FUNC:DCR:RANG:AUTO ON;:FUNC:IMP:RANG:AUTO ON;:OUTP:DC:ISOL:LEV:AUTO ON;:DISP:PAGE MEASurement;
",,,,,,,
1749.6,0.0000004425634706,0.06457832077,,,,,
1749.6,0.0000004426403989,0.06456757308,,,,,
1749.6,0.0000004430544571,0.06457946425,,,,,
1749.6,0.0000004434500408,0.06457536879,,,,,
1749.6,0.0000004430703871,0.06458002183,,,,,
1749.6,0.0000004430252276,0.06457680917,,,,,
1749.6,0.0000004432484324,0.06457651749,,,,,
1749.6,0.0000004430696313,0.06457478652,,,,,
1749.6,0.0000004432445195,0.06457439956,,,,,
1749.6,0.000000443146308,0.06457359746,,,,,
1749.6,0.0000004432580064,0.06457192171,,,,,
1749.6,0.0000004433037763,0.06457141444,,,,,
1749.6,0.0000004435846277,0.0645678665,,,,,
1749.6,0.0000004435624967,0.06457099836,,,,,
1749.6,0.0000004437771551,0.06456743271,,,,,
1749.6,0.0000004438432895,0.06458079133,,,,,
Freq,1749.6,Rs,0.064574205248125,4.39203373017286E-06,Ls,4.432401390625E-07,3.54796212131743E-10
":SOUR:DCS:STAT OFF;:BIAS:STAT OFF;:COMP:BIN:COUN:CLE;:LIST:CLE:ALL;:COMP:BIN:CLE;:AMPL:ALC ON;:APER MED,25;:BIAS:POL:AUTO OFF;:BIAS:RANG:AUTO ON;:BIAS:VOLT:LEV 0;:COMP:ABIN OFF;:COMP:BIN:COUN:STAT OFF;:COMP:MODE PTOL;:COMP:SLIM -9.9e+037,9.9e+037;:COMP:STAT OFF;:COMP:SWAP OFF;:COMP:TOL:NOM 0;:DISP:ENAB ON;:DISP:LINE """";:DISP:WIND:TEXT1:DATA:FMSD:DATA 1e-009;:DISP:WIND:TEXT2:DATA:FMSD:DATA 1e-009;:FORM:ASC:LONG ON;:FORM:BORD NORM;:FORM:DATA ASC,64;:FREQ:CW 1750;:FUNC:DEV1:MODE OFF;:FUNC:DEV1:REF:VAL 0;:FUNC:DEV2:MODE OFF;:FUNC:DEV2:REF:VAL 0;:FUNC:IMP:TYPE LSRS;:FUNC:SMON:IDC:STAT OFF;:FUNC:SMON:VDC:STAT OFF;:INIT:CONT OFF;:LIST:MODE SEQ;:LIST:STIM:TYPE FREQ,NONE;:SOUR:DCS:VOLT:LEV 0;:TRIG:DEL 0;:TRIG:SOUR INT;:TRIG:TDEL 0;:VOLT:LEV 1;:DISP:WIND:TEXT1:DATA:FMSD:STAT OFF;:DISP:WIND:TEXT2:DATA:FMSD:STAT OFF;:FUNC:DCR:RANG:VAL 100;:FUNC:IMP:RANG:VAL 1;:OUTP:DC:ISOL:LEV:VAL 0.02;:OUTP:DC:ISOL:STAT OFF;:FUNC:DCR:RANG:AUTO ON;:FUNC:IMP:RANG:AUTO ON;:OUTP:DC:ISOL:LEV:AUTO ON;:DISP:PAGE MEASurement;
",,,,,,,
":SOUR:DCS:STAT OFF;:BIAS:STAT OFF;:COMP:BIN:COUN:CLE;:LIST:CLE:ALL;:COMP:BIN:CLE;:AMPL:ALC ON;:APER MED,25;:BIAS:POL:AUTO OFF;:BIAS:RANG:AUTO ON;:BIAS:VOLT:LEV 0;:COMP:ABIN OFF;:COMP:BIN:COUN:STAT OFF;:COMP:MODE PTOL;:COMP:SLIM -9.9e+037,9.9e+037;:COMP:STAT OFF;:COMP:SWAP OFF;:COMP:TOL:NOM 0;:DISP:ENAB ON;:DISP:LINE """";:DISP:WIND:TEXT1:DATA:FMSD:DATA 1e-009;:DISP:WIND:TEXT2:DATA:FMSD:DATA 1e-009;:FORM:ASC:LONG ON;:FORM:BORD NORM;:FORM:DATA ASC,64;:FREQ:CW 1750;:FUNC:DEV1:MODE OFF;:FUNC:DEV1:REF:VAL 0;:FUNC:DEV2:MODE OFF;:FUNC:DEV2:REF:VAL 0;:FUNC:IMP:TYPE LSRS;:FUNC:SMON:IDC:STAT OFF;:FUNC:SMON:VDC:STAT OFF;:INIT:CONT OFF;:LIST:MODE SEQ;:LIST:STIM:TYPE FREQ,NONE;:SOUR:DCS:VOLT:LEV 0;:TRIG:DEL 0;:TRIG:SOUR INT;:TRIG:TDEL 0;:VOLT:LEV 1;:DISP:WIND:TEXT1:DATA:FMSD:STAT OFF;:DISP:WIND:TEXT2:DATA:FMSD:STAT OFF;:FUNC:DCR:RANG:VAL 100;:FUNC:IMP:RANG:VAL 1;:OUTP:DC:ISOL:LEV:VAL 0.02;:OUTP:DC:ISOL:STAT OFF;:FUNC:DCR:RANG:AUTO ON;:FUNC:IMP:RANG:AUTO ON;:OUTP:DC:ISOL:LEV:AUTO ON;:DISP:PAGE MEASurement;
",,,,,,,
2025-10-15,11:43:21,,,,,,
---------run finished---------,,,,,,,
lcr name:,KeySight E4980A,,,,,,
Name and description of Device under test: ,Cable_D,,,,,,
GPIB source:,<bound method MessageBasedResource.read of <'GPIBInstrument'('GPIB0::17::INSTR')>>,,,,,,
2025-10-15,12:53:13,,,,,,
select the freq range 90% - 110%,"[1432.4, 1512.4, 1591.5, 1670.8, 1749.6]",,,,,,
1432.4,0.0000001580025717,0.00664705033,,,,,
1432.4,0.0000001581197682,0.006645855383,,,,,
1432.4,0.0000001582422449,0.006647117783,,,,,
1432.4,0.0000001580561824,0.006646782482,,,,,
1432.4,0.0000001580793127,0.006644389767,,,,,
1432.4,0.0000001581769402,0.006645033044,,,,,
1432.4,0.0000001579853969,0.006644672046,,,,,
1432.4,0.0000001578466458,0.006646486008,,,,,
1432.4,0.0000001580774302,0.006648043877,,,,,
1432.4,0.0000001581750783,0.006645750886,,,,,
1432.4,0.0000001578855595,0.006645068487,,,,,
1432.4,0.0000001581330539,0.006645325058,,,,,
1432.4,0.0000001581030148,0.006644892831,,,,,
1432.4,0.0000001579765908,0.006644193396,,,,,
1432.4,0.0000001581472978,0.006644979176,,,,,
1432.4,0.0000001579741402,0.00664409699,,,,,
Freq,1432.4,Rs,0.0066456085965,1.17694861914259E-06,Ls,1.5806132676875E-07,1.09031143584566E-10
":SOUR:DCS:STAT OFF;:BIAS:STAT OFF;:COMP:BIN:COUN:CLE;:LIST:CLE:ALL;:COMP:BIN:CLE;:AMPL:ALC ON;:APER MED,25;:BIAS:POL:AUTO OFF;:BIAS:RANG:AUTO ON;:BIAS:VOLT:LEV 0;:COMP:ABIN OFF;:COMP:BIN:COUN:STAT OFF;:COMP:MODE PTOL;:COMP:SLIM -9.9e+037,9.9e+037;:COMP:STAT OFF;:COMP:SWAP OFF;:COMP:TOL:NOM 0;:DISP:ENAB ON;:DISP:LINE """";:DISP:WIND:TEXT1:DATA:FMSD:DATA 1e-009;:DISP:WIND:TEXT2:DATA:FMSD:DATA 1e-009;:FORM:ASC:LONG ON;:FORM:BORD NORM;:FORM:DATA ASC,64;:FREQ:CW 1432;:FUNC:DEV1:MODE OFF;:FUNC:DEV1:REF:VAL 0;:FUNC:DEV2:MODE OFF;:FUNC:DEV2:REF:VAL 0;:FUNC:IMP:TYPE LSRS;:FUNC:SMON:IDC:STAT OFF;:FUNC:SMON:VDC:STAT OFF;:INIT:CONT OFF;:LIST:MODE SEQ;:LIST:STIM:TYPE FREQ,NONE;:SOUR:DCS:VOLT:LEV 0;:TRIG:DEL 0;:TRIG:SOUR INT;:TRIG:TDEL 0;:VOLT:LEV 1;:DISP:WIND:TEXT1:DATA:FMSD:STAT OFF;:DISP:WIND:TEXT2:DATA:FMSD:STAT OFF;:FUNC:DCR:RANG:VAL 100;:FUNC:IMP:RANG:VAL 1;:OUTP:DC:ISOL:LEV:VAL 0.02;:OUTP:DC:ISOL:STAT OFF;:FUNC:DCR:RANG:AUTO ON;:FUNC:IMP:RANG:AUTO ON;:OUTP:DC:ISOL:LEV:AUTO ON;:DISP:PAGE MEASurement;
",,,,,,,
1512.4,0.0000001577404037,0.006661021658,,,,,
1512.4,0.0000001577802309,0.006660979093,,,,,
1512.4,0.0000001575905242,0.006659978324,,,,,
1512.4,0.0000001576193826,0.006660403223,,,,,
1512.4,0.0000001576619405,0.006658511355,,,,,
1512.4,0.0000001577283547,0.006660250764,,,,,
1512.4,0.0000001576821923,0.006660942634,,,,,
1512.4,0.0000001578609465,0.00666060945,,,,,
1512.4,0.0000001578541298,0.006660847583,,,,,
1512.4,0.0000001576741342,0.006659531354,,,,,
1512.4,0.000000157788722,0.006660758922,,,,,
1512.4,0.0000001575696642,0.006658623739,,,,,
1512.4,0.000000157792027,0.006661065409,,,,,
1512.4,0.0000001576422169,0.006660797772,,,,,
1512.4,0.0000001576422169,0.006660797772,,,,,
1512.4,0.0000001577038246,0.006659280291,,,,,
Freq,1512.4,Rs,0.0066602749589375,8.49658891511085E-07,Ls,1.577081819375E-07,8.88449172132442E-11
":SOUR:DCS:STAT OFF;:BIAS:STAT OFF;:COMP:BIN:COUN:CLE;:LIST:CLE:ALL;:COMP:BIN:CLE;:AMPL:ALC ON;:APER MED,25;:BIAS:POL:AUTO OFF;:BIAS:RANG:AUTO ON;:BIAS:VOLT:LEV 0;:COMP:ABIN OFF;:COMP:BIN:COUN:STAT OFF;:COMP:MODE PTOL;:COMP:SLIM -9.9e+037,9.9e+037;:COMP:STAT OFF;:COMP:SWAP OFF;:COMP:TOL:NOM 0;:DISP:ENAB ON;:DISP:LINE """";:DISP:WIND:TEXT1:DATA:FMSD:DATA 1e-009;:DISP:WIND:TEXT2:DATA:FMSD:DATA 1e-009;:FORM:ASC:LONG ON;:FORM:BORD NORM;:FORM:DATA ASC,64;:FREQ:CW 1512;:FUNC:DEV1:MODE OFF;:FUNC:DEV1:REF:VAL 0;:FUNC:DEV2:MODE OFF;:FUNC:DEV2:REF:VAL 0;:FUNC:IMP:TYPE LSRS;:FUNC:SMON:IDC:STAT OFF;:FUNC:SMON:VDC:STAT OFF;:INIT:CONT OFF;:LIST:MODE SEQ;:LIST:STIM:TYPE FREQ,NONE;:SOUR:DCS:VOLT:LEV 0;:TRIG:DEL 0;:TRIG:SOUR INT;:TRIG:TDEL 0;:VOLT:LEV 1;:DISP:WIND:TEXT1:DATA:FMSD:STAT OFF;:DISP:WIND:TEXT2:DATA:FMSD:STAT OFF;:FUNC:DCR:RANG:VAL 100;:FUNC:IMP:RANG:VAL 1;:OUTP:DC:ISOL:LEV:VAL 0.02;:OUTP:DC:ISOL:STAT OFF;:FUNC:DCR:RANG:AUTO ON;:FUNC:IMP:RANG:AUTO ON;:OUTP:DC:ISOL:LEV:AUTO ON;:DISP:PAGE MEASurement;
",,,,,,,
1591.5,0.0000001571948069,0.006678715532,,,,,
1591.5,0.0000001574631673,0.006676279233,,,,,
1591.5,0.0000001572527615,0.006676806865,,,,,
1591.5,0.0000001574280099,0.006675540699,,,,,
1591.5,0.0000001572335763,0.006676632638,,,,,
1591.5,0.0000001572131967,0.006675294078,,,,,
1591.5,0.0000001571976307,0.006676158762,,,,,
1591.5,0.000000157289312,0.006674288921,,,,,
1591.5,0.0000001573353545,0.006675548691,,,,,
1591.5,0.0000001572014488,0.006675565179,,,,,
1591.5,0.0000001572690442,0.006676566703,,,,,
1591.5,0.0000001572808173,0.006676957001,,,,,
1591.5,0.0000001574395676,0.006676919151,,,,,
1591.5,0.000000157118649,0.006677158827,,,,,
1591.5,0.0000001574180232,0.006677332712,,,,,
1591.5,0.000000157376382,0.006674062212,,,,,
Freq,1591.5,Rs,0.00667623920025,1.17185816618738E-06,Ls,1.5729448424375E-07,1.04173099592841E-10
":SOUR:DCS:STAT OFF;:BIAS:STAT OFF;:COMP:BIN:COUN:CLE;:LIST:CLE:ALL;:COMP:BIN:CLE;:AMPL:ALC ON;:APER MED,25;:BIAS:POL:AUTO OFF;:BIAS:RANG:AUTO ON;:BIAS:VOLT:LEV 0;:COMP:ABIN OFF;:COMP:BIN:COUN:STAT OFF;:COMP:MODE PTOL;:COMP:SLIM -9.9e+037,9.9e+037;:COMP:STAT OFF;:COMP:SWAP OFF;:COMP:TOL:NOM 0;:DISP:ENAB ON;:DISP:LINE """";:DISP:WIND:TEXT1:DATA:FMSD:DATA 1e-009;:DISP:WIND:TEXT2:DATA:FMSD:DATA 1e-009;:FORM:ASC:LONG ON;:FORM:BORD NORM;:FORM:DATA ASC,64;:FREQ:CW 1592;:FUNC:DEV1:MODE OFF;:FUNC:DEV1:REF:VAL 0;:FUNC:DEV2:MODE OFF;:FUNC:DEV2:REF:VAL 0;:FUNC:IMP:TYPE LSRS;:FUNC:SMON:IDC:STAT OFF;:FUNC:SMON:VDC:STAT OFF;:INIT:CONT OFF;:LIST:MODE SEQ;:LIST:STIM:TYPE FREQ,NONE;:SOUR:DCS:VOLT:LEV 0;:TRIG:DEL 0;:TRIG:SOUR INT;:TRIG:TDEL 0;:VOLT:LEV 1;:DISP:WIND:TEXT1:DATA:FMSD:STAT OFF;:DISP:WIND:TEXT2:DATA:FMSD:STAT OFF;:FUNC:DCR:RANG:VAL 100;:FUNC:IMP:RANG:VAL 1;:OUTP:DC:ISOL:LEV:VAL 0.02;:OUTP:DC:ISOL:STAT OFF;:FUNC:DCR:RANG:AUTO ON;:FUNC:IMP:RANG:AUTO ON;:OUTP:DC:ISOL:LEV:AUTO ON;:DISP:PAGE MEASurement;
",,,,,,,
1670.8,0.0000001567792798,0.006693148229,,,,,
1670.8,0.0000001566989206,0.006691743181,,,,,
1670.8,0.0000001567834689,0.00669050675,,,,,
1670.8,0.0000001570240562,0.006693278545,,,,,
1670.8,0.0000001570439869,0.006693179078,,,,,
1670.8,0.000000156819117,0.006692536954,,,,,
1670.8,0.0000001570116955,0.006693450501,,,,,
1670.8,0.0000001571631458,0.006692846659,,,,,
1670.8,0.0000001569018512,0.006693121708,,,,,
1670.8,0.000000156991219,0.006692274165,,,,,
1670.8,0.0000001567468209,0.006692121227,,,,,
1670.8,0.0000001569942915,0.00669294711,,,,,
1670.8,0.000000156765441,0.006693700799,,,,,
1670.8,0.0000001567157127,0.006692682781,,,,,
1670.8,0.0000001569439382,0.006692834937,,,,,
1670.8,0.0000001570206637,0.00669319002,,,,,
Freq,1670.8,Rs,0.00669272266525,7.79296690960867E-07,Ls,1.5690022555625E-07,1.41940852361663E-10
":SOUR:DCS:STAT OFF;:BIAS:STAT OFF;:COMP:BIN:COUN:CLE;:LIST:CLE:ALL;:COMP:BIN:CLE;:AMPL:ALC ON;:APER MED,25;:BIAS:POL:AUTO OFF;:BIAS:RANG:AUTO ON;:BIAS:VOLT:LEV 0;:COMP:ABIN OFF;:COMP:BIN:COUN:STAT OFF;:COMP:MODE PTOL;:COMP:SLIM -9.9e+037,9.9e+037;:COMP:STAT OFF;:COMP:SWAP OFF;:COMP:TOL:NOM 0;:DISP:ENAB ON;:DISP:LINE """";:DISP:WIND:TEXT1:DATA:FMSD:DATA 1e-009;:DISP:WIND:TEXT2:DATA:FMSD:DATA 1e-009;:FORM:ASC:LONG ON;:FORM:BORD NORM;:FORM:DATA ASC,64;:FREQ:CW 1671;:FUNC:DEV1:MODE OFF;:FUNC:DEV1:REF:VAL 0;:FUNC:DEV2:MODE OFF;:FUNC:DEV2:REF:VAL 0;:FUNC:IMP:TYPE LSRS;:FUNC:SMON:IDC:STAT OFF;:FUNC:SMON:VDC:STAT OFF;:INIT:CONT OFF;:LIST:MODE SEQ;:LIST:STIM:TYPE FREQ,NONE;:SOUR:DCS:VOLT:LEV 0;:TRIG:DEL 0;:TRIG:SOUR INT;:TRIG:TDEL 0;:VOLT:LEV 1;:DISP:WIND:TEXT1:DATA:FMSD:STAT OFF;:DISP:WIND:TEXT2:DATA:FMSD:STAT OFF;:FUNC:DCR:RANG:VAL 100;:FUNC:IMP:RANG:VAL 1;:OUTP:DC:ISOL:LEV:VAL 0.02;:OUTP:DC:ISOL:STAT OFF;:FUNC:DCR:RANG:AUTO ON;:FUNC:IMP:RANG:AUTO ON;:OUTP:DC:ISOL:LEV:AUTO ON;:DISP:PAGE MEASurement;
",,,,,,,
1749.6,0.0000001564105704,0.006710135598,,,,,
1749.6,0.0000001565842627,0.006710431799,,,,,
1749.6,0.0000001564038626,0.006709227655,,,,,
1749.6,0.0000001563032918,0.006708784165,,,,,
1749.6,0.0000001566005677,0.006709514426,,,,,
1749.6,0.0000001563622528,0.006707523455,,,,,
1749.6,0.0000001563777154,0.006710130057,,,,,
1749.6,0.00000015633684,0.006709395074,,,,,
1749.6,0.0000001565089451,0.006707553866,,,,,
1749.6,0.0000001565154254,0.006709676128,,,,,
1749.6,0.0000001565544044,0.006710362687,,,,,
1749.6,0.0000001564454613,0.006710933498,,,,,
1749.6,0.0000001563519782,0.006707983364,,,,,
1749.6,0.0000001565563878,0.006709089747,,,,,
1749.6,0.0000001563067319,0.006709209602,,,,,
1749.6,0.0000001562562765,0.006709346174,,,,,
Freq,1749.6,Rs,0.0067093310809375,9.97038835491236E-07,Ls,1.56429685875E-07,1.1035941938341E-10
":SOUR:DCS:STAT OFF;:BIAS:STAT OFF;:COMP:BIN:COUN:CLE;:LIST:CLE:ALL;:COMP:BIN:CLE;:AMPL:ALC ON;:APER MED,25;:BIAS:POL:AUTO OFF;:BIAS:RANG:AUTO ON;:BIAS:VOLT:LEV 0;:COMP:ABIN OFF;:COMP:BIN:COUN:STAT OFF;:COMP:MODE PTOL;:COMP:SLIM -9.9e+037,9.9e+037;:COMP:STAT OFF;:COMP:SWAP OFF;:COMP:TOL:NOM 0;:DISP:ENAB ON;:DISP:LINE """";:DISP:WIND:TEXT1:DATA:FMSD:DATA 1e-009;:DISP:WIND:TEXT2:DATA:FMSD:DATA 1e-009;:FORM:ASC:LONG ON;:FORM:BORD NORM;:FORM:DATA ASC,64;:FREQ:CW 1750;:FUNC:DEV1:MODE OFF;:FUNC:DEV1:REF:VAL 0;:FUNC:DEV2:MODE OFF;:FUNC:DEV2:REF:VAL 0;:FUNC:IMP:TYPE LSRS;:FUNC:SMON:IDC:STAT OFF;:FUNC:SMON:VDC:STAT OFF;:INIT:CONT OFF;:LIST:MODE SEQ;:LIST:STIM:TYPE FREQ,NONE;:SOUR:DCS:VOLT:LEV 0;:TRIG:DEL 0;:TRIG:SOUR INT;:TRIG:TDEL 0;:VOLT:LEV 1;:DISP:WIND:TEXT1:DATA:FMSD:STAT OFF;:DISP:WIND:TEXT2:DATA:FMSD:STAT OFF;:FUNC:DCR:RANG:VAL 100;:FUNC:IMP:RANG:VAL 1;:OUTP:DC:ISOL:LEV:VAL 0.02;:OUTP:DC:ISOL:STAT OFF;:FUNC:DCR:RANG:AUTO ON;:FUNC:IMP:RANG:AUTO ON;:OUTP:DC:ISOL:LEV:AUTO ON;:DISP:PAGE MEASurement;
",,,,,,,
":SOUR:DCS:STAT OFF;:BIAS:STAT OFF;:COMP:BIN:COUN:CLE;:LIST:CLE:ALL;:COMP:BIN:CLE;:AMPL:ALC ON;:APER MED,25;:BIAS:POL:AUTO OFF;:BIAS:RANG:AUTO ON;:BIAS:VOLT:LEV 0;:COMP:ABIN OFF;:COMP:BIN:COUN:STAT OFF;:COMP:MODE PTOL;:COMP:SLIM -9.9e+037,9.9e+037;:COMP:STAT OFF;:COMP:SWAP OFF;:COMP:TOL:NOM 0;:DISP:ENAB ON;:DISP:LINE """";:DISP:WIND:TEXT1:DATA:FMSD:DATA 1e-009;:DISP:WIND:TEXT2:DATA:FMSD:DATA 1e-009;:FORM:ASC:LONG ON;:FORM:BORD NORM;:FORM:DATA ASC,64;:FREQ:CW 1750;:FUNC:DEV1:MODE OFF;:FUNC:DEV1:REF:VAL 0;:FUNC:DEV2:MODE OFF;:FUNC:DEV2:REF:VAL 0;:FUNC:IMP:TYPE LSRS;:FUNC:SMON:IDC:STAT OFF;:FUNC:SMON:VDC:STAT OFF;:INIT:CONT OFF;:LIST:MODE SEQ;:LIST:STIM:TYPE FREQ,NONE;:SOUR:DCS:VOLT:LEV 0;:TRIG:DEL 0;:TRIG:SOUR INT;:TRIG:TDEL 0;:VOLT:LEV 1;:DISP:WIND:TEXT1:DATA:FMSD:STAT OFF;:DISP:WIND:TEXT2:DATA:FMSD:STAT OFF;:FUNC:DCR:RANG:VAL 100;:FUNC:IMP:RANG:VAL 1;:OUTP:DC:ISOL:LEV:VAL 0.02;:OUTP:DC:ISOL:STAT OFF;:FUNC:DCR:RANG:AUTO ON;:FUNC:IMP:RANG:AUTO ON;:OUTP:DC:ISOL:LEV:AUTO ON;:DISP:PAGE MEASurement;
",,,,,,,
2025-10-15,12:56:30,,,,,,
---------run finished---------,,,,,,,
lcr name:,KeySight E4980A,,,,,,
Name and description of Device under test: ,Cable_E,,,,,,
GPIB source:,<bound method MessageBasedResource.read of <'GPIBInstrument'('GPIB0::17::INSTR')>>,,,,,,
2025-10-15,13:09:14,,,,,,
select the freq range 90% - 110%,"[1432.4, 1512.4, 1591.5, 1670.8, 1749.6]",,,,,,
1432.4,0.0000003271273688,0.06138549968,,,,,
1432.4,0.0000003274526111,0.06138225241,,,,,
1432.4,0.000000327343593,0.06137522428,,,,,
1432.4,0.0000003273202124,0.06136417999,,,,,
1432.4,0.0000003272808205,0.06136158864,,,,,
1432.4,0.0000003273345925,0.06135455132,,,,,
1432.4,0.0000003272517404,0.06135399185,,,,,
1432.4,0.0000003271449885,0.06135127689,,,,,
1432.4,0.0000003271836197,0.0613482552,,,,,
1432.4,0.0000003272670074,0.06134244654,,,,,
1432.4,0.0000003272126638,0.06134089264,,,,,
1432.4,0.0000003268794978,0.06133643944,,,,,
1432.4,0.0000003271408362,0.06132730068,,,,,
1432.4,0.0000003272916662,0.06132466482,,,,,
1432.4,0.0000003271274617,0.06132211098,,,,,
1432.4,0.0000003271372102,0.0613165988,,,,,
Freq,1432.4,Rs,0.061349204635,2.10993464625077E-05,Ls,3.272184931375E-07,1.31093826294695E-10
":SOUR:DCS:STAT OFF;:BIAS:STAT OFF;:COMP:BIN:COUN:CLE;:LIST:CLE:ALL;:COMP:BIN:CLE;:AMPL:ALC ON;:APER MED,25;:BIAS:POL:AUTO OFF;:BIAS:RANG:AUTO ON;:BIAS:VOLT:LEV 0;:COMP:ABIN OFF;:COMP:BIN:COUN:STAT OFF;:COMP:MODE PTOL;:COMP:SLIM -9.9e+037,9.9e+037;:COMP:STAT OFF;:COMP:SWAP OFF;:COMP:TOL:NOM 0;:DISP:ENAB ON;:DISP:LINE """";:DISP:WIND:TEXT1:DATA:FMSD:DATA 1e-009;:DISP:WIND:TEXT2:DATA:FMSD:DATA 1e-009;:FORM:ASC:LONG ON;:FORM:BORD NORM;:FORM:DATA ASC,64;:FREQ:CW 1432;:FUNC:DEV1:MODE OFF;:FUNC:DEV1:REF:VAL 0;:FUNC:DEV2:MODE OFF;:FUNC:DEV2:REF:VAL 0;:FUNC:IMP:TYPE LSRS;:FUNC:SMON:IDC:STAT OFF;:FUNC:SMON:VDC:STAT OFF;:INIT:CONT OFF;:LIST:MODE SEQ;:LIST:STIM:TYPE FREQ,NONE;:SOUR:DCS:VOLT:LEV 0;:TRIG:DEL 0;:TRIG:SOUR INT;:TRIG:TDEL 0;:VOLT:LEV 1;:DISP:WIND:TEXT1:DATA:FMSD:STAT OFF;:DISP:WIND:TEXT2:DATA:FMSD:STAT OFF;:FUNC:DCR:RANG:VAL 100;:FUNC:IMP:RANG:VAL 1;:OUTP:DC:ISOL:LEV:VAL 0.02;:OUTP:DC:ISOL:STAT OFF;:FUNC:DCR:RANG:AUTO ON;:FUNC:IMP:RANG:AUTO ON;:OUTP:DC:ISOL:LEV:AUTO ON;:DISP:PAGE MEASurement;
",,,,,,,
1512.4,0.0000003264965159,0.0613112837,,,,,
1512.4,0.000000326700914,0.0613060868,,,,,
1512.4,0.0000003266536924,0.06130222332,,,,,
1512.4,0.000000326633278,0.06129908068,,,,,
1512.4,0.0000003266525839,0.0612946124,,,,,
1512.4,0.0000003267648575,0.06128773495,,,,,
1512.4,0.0000003265530417,0.06128639313,,,,,
1512.4,0.000000326626289,0.06128464979,,,,,
1512.4,0.0000003264303249,0.06128097681,,,,,
1512.4,0.0000003266062032,0.06128276999,,,,,
1512.4,0.0000003265037164,0.06128314667,,,,,
1512.4,0.000000326589088,0.06128291155,,,,,
1512.4,0.0000003263303033,0.06128261416,,,,,
1512.4,0.0000003263312456,0.06127901755,,,,,
1512.4,0.0000003262653102,0.06127776365,,,,,
1512.4,0.0000003262394234,0.06127434599,,,,,
Freq,1512.4,Rs,0.06128847569625,1.08792114375394E-05,Ls,3.265235492125E-07,1.61125683661558E-10
":SOUR:DCS:STAT OFF;:BIAS:STAT OFF;:COMP:BIN:COUN:CLE;:LIST:CLE:ALL;:COMP:BIN:CLE;:AMPL:ALC ON;:APER MED,25;:BIAS:POL:AUTO OFF;:BIAS:RANG:AUTO ON;:BIAS:VOLT:LEV 0;:COMP:ABIN OFF;:COMP:BIN:COUN:STAT OFF;:COMP:MODE PTOL;:COMP:SLIM -9.9e+037,9.9e+037;:COMP:STAT OFF;:COMP:SWAP OFF;:COMP:TOL:NOM 0;:DISP:ENAB ON;:DISP:LINE """";:DISP:WIND:TEXT1:DATA:FMSD:DATA 1e-009;:DISP:WIND:TEXT2:DATA:FMSD:DATA 1e-009;:FORM:ASC:LONG ON;:FORM:BORD NORM;:FORM:DATA ASC,64;:FREQ:CW 1512;:FUNC:DEV1:MODE OFF;:FUNC:DEV1:REF:VAL 0;:FUNC:DEV2:MODE OFF;:FUNC:DEV2:REF:VAL 0;:FUNC:IMP:TYPE LSRS;:FUNC:SMON:IDC:STAT OFF;:FUNC:SMON:VDC:STAT OFF;:INIT:CONT OFF;:LIST:MODE SEQ;:LIST:STIM:TYPE FREQ,NONE;:SOUR:DCS:VOLT:LEV 0;:TRIG:DEL 0;:TRIG:SOUR INT;:TRIG:TDEL 0;:VOLT:LEV 1;:DISP:WIND:TEXT1:DATA:FMSD:STAT OFF;:DISP:WIND:TEXT2:DATA:FMSD:STAT OFF;:FUNC:DCR:RANG:VAL 100;:FUNC:IMP:RANG:VAL 1;:OUTP:DC:ISOL:LEV:VAL 0.02;:OUTP:DC:ISOL:STAT OFF;:FUNC:DCR:RANG:AUTO ON;:FUNC:IMP:RANG:AUTO ON;:OUTP:DC:ISOL:LEV:AUTO ON;:DISP:PAGE MEASurement;
",,,,,,,
1591.5,0.0000003261418379,0.06125733144,,,,,
1591.5,0.0000003260507682,0.06125471888,,,,,
1591.5,0.0000003261392447,0.06124871949,,,,,
1591.5,0.0000003261553968,0.06124856719,,,,,
1591.5,0.0000003262010946,0.06124409515,,,,,
1591.5,0.000000326137968,0.06124059872,,,,,
1591.5,0.0000003259915744,0.06123902902,,,,,
1591.5,0.0000003261068992,0.06123626425,,,,,
1591.5,0.0000003260775842,0.06123209975,,,,,
1591.5,0.0000003259849699,0.06123200297,,,,,
1591.5,0.0000003261902895,0.0612337306,,,,,
1591.5,0.000000325703814,0.06123027927,,,,,
1591.5,0.0000003260459902,0.06122997952,,,,,
1591.5,0.0000003262795176,0.06122730618,,,,,
1591.5,0.0000003260717839,0.06122315,,,,,
1591.5,0.0000003260677507,0.06122125915,,,,,
Freq,1591.5,Rs,0.06123744572375,1.08041290175214E-05,Ls,3.260841552375E-07,1.27556876224857E-10
":SOUR:DCS:STAT OFF;:BIAS:STAT OFF;:COMP:BIN:COUN:CLE;:LIST:CLE:ALL;:COMP:BIN:CLE;:AMPL:ALC ON;:APER MED,25;:BIAS:POL:AUTO OFF;:BIAS:RANG:AUTO ON;:BIAS:VOLT:LEV 0;:COMP:ABIN OFF;:COMP:BIN:COUN:STAT OFF;:COMP:MODE PTOL;:COMP:SLIM -9.9e+037,9.9e+037;:COMP:STAT OFF;:COMP:SWAP OFF;:COMP:TOL:NOM 0;:DISP:ENAB ON;:DISP:LINE """";:DISP:WIND:TEXT1:DATA:FMSD:DATA 1e-009;:DISP:WIND:TEXT2:DATA:FMSD:DATA 1e-009;:FORM:ASC:LONG ON;:FORM:BORD NORM;:FORM:DATA ASC,64;:FREQ:CW 1592;:FUNC:DEV1:MODE OFF;:FUNC:DEV1:REF:VAL 0;:FUNC:DEV2:MODE OFF;:FUNC:DEV2:REF:VAL 0;:FUNC:IMP:TYPE LSRS;:FUNC:SMON:IDC:STAT OFF;:FUNC:SMON:VDC:STAT OFF;:INIT:CONT OFF;:LIST:MODE SEQ;:LIST:STIM:TYPE FREQ,NONE;:SOUR:DCS:VOLT:LEV 0;:TRIG:DEL 0;:TRIG:SOUR INT;:TRIG:TDEL 0;:VOLT:LEV 1;:DISP:WIND:TEXT1:DATA:FMSD:STAT OFF;:DISP:WIND:TEXT2:DATA:FMSD:STAT OFF;:FUNC:DCR:RANG:VAL 100;:FUNC:IMP:RANG:VAL 1;:OUTP:DC:ISOL:LEV:VAL 0.02;:OUTP:DC:ISOL:STAT OFF;:FUNC:DCR:RANG:AUTO ON;:FUNC:IMP:RANG:AUTO ON;:OUTP:DC:ISOL:LEV:AUTO ON;:DISP:PAGE MEASurement;
",,,,,,,
1670.8,0.0000003252341532,0.06123874027,,,,,
1670.8,0.0000003254940494,0.06123476896,,,,,
1670.8,0.0000003254665711,0.0612354468,,,,,
1670.8,0.0000003251407562,0.06123860093,,,,,
1670.8,0.0000003253476494,0.06123436618,,,,,
1670.8,0.0000003254170947,0.06122945786,,,,,
1670.8,0.0000003254892835,0.06122126434,,,,,
1670.8,0.0000003251630376,0.06122112673,,,,,
1670.8,0.000000325673284,0.06121619678,,,,,
1670.8,0.0000003255118134,0.06121032085,,,,,
1670.8,0.0000003256877412,0.06120711708,,,,,
1670.8,0.0000003255937209,0.061203483,,,,,
1670.8,0.0000003255392052,0.06120135898,,,,,
1670.8,0.0000003255740064,0.06120239246,,,,,
1670.8,0.0000003255646824,0.06120031935,,,,,
1670.8,0.0000003255689716,0.06119778157,,,,,
Freq,1670.8,Rs,0.06121829638375,1.52569515612185E-05,Ls,3.254666262625E-07,1.66724779297567E-10
":SOUR:DCS:STAT OFF;:BIAS:STAT OFF;:COMP:BIN:COUN:CLE;:LIST:CLE:ALL;:COMP:BIN:CLE;:AMPL:ALC ON;:APER MED,25;:BIAS:POL:AUTO OFF;:BIAS:RANG:AUTO ON;:BIAS:VOLT:LEV 0;:COMP:ABIN OFF;:COMP:BIN:COUN:STAT OFF;:COMP:MODE PTOL;:COMP:SLIM -9.9e+037,9.9e+037;:COMP:STAT OFF;:COMP:SWAP OFF;:COMP:TOL:NOM 0;:DISP:ENAB ON;:DISP:LINE """";:DISP:WIND:TEXT1:DATA:FMSD:DATA 1e-009;:DISP:WIND:TEXT2:DATA:FMSD:DATA 1e-009;:FORM:ASC:LONG ON;:FORM:BORD NORM;:FORM:DATA ASC,64;:FREQ:CW 1671;:FUNC:DEV1:MODE OFF;:FUNC:DEV1:REF:VAL 0;:FUNC:DEV2:MODE OFF;:FUNC:DEV2:REF:VAL 0;:FUNC:IMP:TYPE LSRS;:FUNC:SMON:IDC:STAT OFF;:FUNC:SMON:VDC:STAT OFF;:INIT:CONT OFF;:LIST:MODE SEQ;:LIST:STIM:TYPE FREQ,NONE;:SOUR:DCS:VOLT:LEV 0;:TRIG:DEL 0;:TRIG:SOUR INT;:TRIG:TDEL 0;:VOLT:LEV 1;:DISP:WIND:TEXT1:DATA:FMSD:STAT OFF;:DISP:WIND:TEXT2:DATA:FMSD:STAT OFF;:FUNC:DCR:RANG:VAL 100;:FUNC:IMP:RANG:VAL 1;:OUTP:DC:ISOL:LEV:VAL 0.02;:OUTP:DC:ISOL:STAT OFF;:FUNC:DCR:RANG:AUTO ON;:FUNC:IMP:RANG:AUTO ON;:OUTP:DC:ISOL:LEV:AUTO ON;:DISP:PAGE MEASurement;
",,,,,,,
1749.6,0.0000003252371158,0.06119955131,,,,,
1749.6,0.0000003257514347,0.06120231066,,,,,
1749.6,0.0000003251960438,0.06119333161,,,,,
1749.6,0.0000003249307571,0.06119692973,,,,,
1749.6,0.0000003252338594,0.06119192305,,,,,
1749.6,0.0000003251035626,0.0611905297,,,,,
1749.6,0.0000003251893895,0.06118918085,,,,,
1749.6,0.0000003249329709,0.06118509797,,,,,
1749.6,0.0000003253375897,0.06118047709,,,,,
1749.6,0.0000003250108164,0.06118011149,,,,,
1749.6,0.0000003251681444,0.0611801958,,,,,
1749.6,0.000000325317054,0.06118250608,,,,,
1749.6,0.0000003252631774,0.06118015836,,,,,
1749.6,0.0000003252200782,0.06118055848,,,,,
1749.6,0.0000003249917675,0.06118088394,,,,,
1749.6,0.0000003249933379,0.0611812241,,,,,
Freq,1749.6,Rs,0.06118718563875,7.70592397121807E-06,Ls,3.2517981870625E-07,2.02190454060699E-10
":SOUR:DCS:STAT OFF;:BIAS:STAT OFF;:COMP:BIN:COUN:CLE;:LIST:CLE:ALL;:COMP:BIN:CLE;:AMPL:ALC ON;:APER MED,25;:BIAS:POL:AUTO OFF;:BIAS:RANG:AUTO ON;:BIAS:VOLT:LEV 0;:COMP:ABIN OFF;:COMP:BIN:COUN:STAT OFF;:COMP:MODE PTOL;:COMP:SLIM -9.9e+037,9.9e+037;:COMP:STAT OFF;:COMP:SWAP OFF;:COMP:TOL:NOM 0;:DISP:ENAB ON;:DISP:LINE """";:DISP:WIND:TEXT1:DATA:FMSD:DATA 1e-009;:DISP:WIND:TEXT2:DATA:FMSD:DATA 1e-009;:FORM:ASC:LONG ON;:FORM:BORD NORM;:FORM:DATA ASC,64;:FREQ:CW 1750;:FUNC:DEV1:MODE OFF;:FUNC:DEV1:REF:VAL 0;:FUNC:DEV2:MODE OFF;:FUNC:DEV2:REF:VAL 0;:FUNC:IMP:TYPE LSRS;:FUNC:SMON:IDC:STAT OFF;:FUNC:SMON:VDC:STAT OFF;:INIT:CONT OFF;:LIST:MODE SEQ;:LIST:STIM:TYPE FREQ,NONE;:SOUR:DCS:VOLT:LEV 0;:TRIG:DEL 0;:TRIG:SOUR INT;:TRIG:TDEL 0;:VOLT:LEV 1;:DISP:WIND:TEXT1:DATA:FMSD:STAT OFF;:DISP:WIND:TEXT2:DATA:FMSD:STAT OFF;:FUNC:DCR:RANG:VAL 100;:FUNC:IMP:RANG:VAL 1;:OUTP:DC:ISOL:LEV:VAL 0.02;:OUTP:DC:ISOL:STAT OFF;:FUNC:DCR:RANG:AUTO ON;:FUNC:IMP:RANG:AUTO ON;:OUTP:DC:ISOL:LEV:AUTO ON;:DISP:PAGE MEASurement;
",,,,,,,
":SOUR:DCS:STAT OFF;:BIAS:STAT OFF;:COMP:BIN:COUN:CLE;:LIST:CLE:ALL;:COMP:BIN:CLE;:AMPL:ALC ON;:APER MED,25;:BIAS:POL:AUTO OFF;:BIAS:RANG:AUTO ON;:BIAS:VOLT:LEV 0;:COMP:ABIN OFF;:COMP:BIN:COUN:STAT OFF;:COMP:MODE PTOL;:COMP:SLIM -9.9e+037,9.9e+037;:COMP:STAT OFF;:COMP:SWAP OFF;:COMP:TOL:NOM 0;:DISP:ENAB ON;:DISP:LINE """";:DISP:WIND:TEXT1:DATA:FMSD:DATA 1e-009;:DISP:WIND:TEXT2:DATA:FMSD:DATA 1e-009;:FORM:ASC:LONG ON;:FORM:BORD NORM;:FORM:DATA ASC,64;:FREQ:CW 1750;:FUNC:DEV1:MODE OFF;:FUNC:DEV1:REF:VAL 0;:FUNC:DEV2:MODE OFF;:FUNC:DEV2:REF:VAL 0;:FUNC:IMP:TYPE LSRS;:FUNC:SMON:IDC:STAT OFF;:FUNC:SMON:VDC:STAT OFF;:INIT:CONT OFF;:LIST:MODE SEQ;:LIST:STIM:TYPE FREQ,NONE;:SOUR:DCS:VOLT:LEV 0;:TRIG:DEL 0;:TRIG:SOUR INT;:TRIG:TDEL 0;:VOLT:LEV 1;:DISP:WIND:TEXT1:DATA:FMSD:STAT OFF;:DISP:WIND:TEXT2:DATA:FMSD:STAT OFF;:FUNC:DCR:RANG:VAL 100;:FUNC:IMP:RANG:VAL 1;:OUTP:DC:ISOL:LEV:VAL 0.02;:OUTP:DC:ISOL:STAT OFF;:FUNC:DCR:RANG:AUTO ON;:FUNC:IMP:RANG:AUTO ON;:OUTP:DC:ISOL:LEV:AUTO ON;:DISP:PAGE MEASurement;
",,,,,,,
2025-10-15,13:12:33,,,,,,
---------run finished---------,,,,,,,
lcr name:,KeySight E4980A,,,,,,
Name and description of Device under test: ,Cable_E,,,,,,
GPIB source:,<bound method MessageBasedResource.read of <'GPIBInstrument'('GPIB0::17::INSTR')>>,,,,,,
2025-10-15,13:20:20,,,,,,
select the freq range 90% - 110%,"[1432.4, 1512.4, 1591.5, 1670.8, 1749.6]",,,,,,
1432.4,0.0000008499710588,0.1287517209,,,,,
1432.4,0.000000849993471,0.1287489399,,,,,
1432.4,0.0000008497588882,0.1287461613,,,,,
1432.4,0.0000008495516641,0.1287464014,,,,,
1432.4,0.0000008499793531,0.1287413769,,,,,
1432.4,0.0000008498842268,0.1287407554,,,,,
1432.4,0.000000849819558,0.1287391759,,,,,
1432.4,0.0000008501694824,0.1287340459,,,,,
1432.4,0.0000008503807794,0.1287338202,,,,,
1432.4,0.0000008503748003,0.1287319184,,,,,
1432.4,0.0000008501814819,0.1287287673,,,,,
1432.4,0.0000008500842281,0.1287285018,,,,,
1432.4,0.0000008498405294,0.1287248042,,,,,
1432.4,0.0000008496291657,0.1287245538,,,,,
1432.4,0.0000008498799923,0.1287208562,,,,,
1432.4,0.0000008496857998,0.1287184125,,,,,
Freq,1432.4,Rs,0.12873501325,1.03306726975546E-05,Ls,8.4994902995625E-07,2.44286339544658E-10
":SOUR:DCS:STAT OFF;:BIAS:STAT OFF;:COMP:BIN:COUN:CLE;:LIST:CLE:ALL;:COMP:BIN:CLE;:AMPL:ALC ON;:APER MED,25;:BIAS:POL:AUTO OFF;:BIAS:RANG:AUTO ON;:BIAS:VOLT:LEV 0;:COMP:ABIN OFF;:COMP:BIN:COUN:STAT OFF;:COMP:MODE PTOL;:COMP:SLIM -9.9e+037,9.9e+037;:COMP:STAT OFF;:COMP:SWAP OFF;:COMP:TOL:NOM 0;:DISP:ENAB ON;:DISP:LINE """";:DISP:WIND:TEXT1:DATA:FMSD:DATA 1e-009;:DISP:WIND:TEXT2:DATA:FMSD:DATA 1e-009;:FORM:ASC:LONG ON;:FORM:BORD NORM;:FORM:DATA ASC,64;:FREQ:CW 1432;:FUNC:DEV1:MODE OFF;:FUNC:DEV1:REF:VAL 0;:FUNC:DEV2:MODE OFF;:FUNC:DEV2:REF:VAL 0;:FUNC:IMP:TYPE LSRS;:FUNC:SMON:IDC:STAT OFF;:FUNC:SMON:VDC:STAT OFF;:INIT:CONT OFF;:LIST:MODE SEQ;:LIST:STIM:TYPE FREQ,NONE;:SOUR:DCS:VOLT:LEV 0;:TRIG:DEL 0;:TRIG:SOUR INT;:TRIG:TDEL 0;:VOLT:LEV 1;:DISP:WIND:TEXT1:DATA:FMSD:STAT OFF;:DISP:WIND:TEXT2:DATA:FMSD:STAT OFF;:FUNC:DCR:RANG:VAL 100;:FUNC:IMP:RANG:VAL 1;:OUTP:DC:ISOL:LEV:VAL 0.02;:OUTP:DC:ISOL:STAT OFF;:FUNC:DCR:RANG:AUTO ON;:FUNC:IMP:RANG:AUTO ON;:OUTP:DC:ISOL:LEV:AUTO ON;:DISP:PAGE MEASurement;
",,,,,,,
1512.4,0.0000008487083329,0.1287190039,,,,,
1512.4,0.0000008488991411,0.1287184096,,,,,
1512.4,0.0000008490067506,0.1287164576,,,,,
1512.4,0.0000008491739815,0.1287160321,,,,,
1512.4,0.0000008494349531,0.1287139471,,,,,
1512.4,0.000000849558054,0.1287132882,,,,,
1512.4,0.0000008496105575,0.1287116722,,,,,
1512.4,0.0000008496441798,0.128709842,,,,,
1512.4,0.0000008496745979,0.1287095601,,,,,
1512.4,0.0000008495903909,0.1287073898,,,,,
1512.4,0.0000008494590416,0.1287060847,,,,,
1512.4,0.000000849229213,0.128702275,,,,,
1512.4,0.0000008491261946,0.1287010314,,,,,
1512.4,0.0000008491273793,0.1287010669,,,,,
1512.4,0.0000008491273793,0.1287010669,,,,,
1512.4,0.0000008490892573,0.1286993272,,,,,
Freq,1512.4,Rs,0.12870915341875,6.75070932166552E-06,Ls,8.49278712775E-07,2.93741991158815E-10
":SOUR:DCS:STAT OFF;:BIAS:STAT OFF;:COMP:BIN:COUN:CLE;:LIST:CLE:ALL;:COMP:BIN:CLE;:AMPL:ALC ON;:APER MED,25;:BIAS:POL:AUTO OFF;:BIAS:RANG:AUTO ON;:BIAS:VOLT:LEV 0;:COMP:ABIN OFF;:COMP:BIN:COUN:STAT OFF;:COMP:MODE PTOL;:COMP:SLIM -9.9e+037,9.9e+037;:COMP:STAT OFF;:COMP:SWAP OFF;:COMP:TOL:NOM 0;:DISP:ENAB ON;:DISP:LINE """";:DISP:WIND:TEXT1:DATA:FMSD:DATA 1e-009;:DISP:WIND:TEXT2:DATA:FMSD:DATA 1e-009;:FORM:ASC:LONG ON;:FORM:BORD NORM;:FORM:DATA ASC,64;:FREQ:CW 1512;:FUNC:DEV1:MODE OFF;:FUNC:DEV1:REF:VAL 0;:FUNC:DEV2:MODE OFF;:FUNC:DEV2:REF:VAL 0;:FUNC:IMP:TYPE LSRS;:FUNC:SMON:IDC:STAT OFF;:FUNC:SMON:VDC:STAT OFF;:INIT:CONT OFF;:LIST:MODE SEQ;:LIST:STIM:TYPE FREQ,NONE;:SOUR:DCS:VOLT:LEV 0;:TRIG:DEL 0;:TRIG:SOUR INT;:TRIG:TDEL 0;:VOLT:LEV 1;:DISP:WIND:TEXT1:DATA:FMSD:STAT OFF;:DISP:WIND:TEXT2:DATA:FMSD:STAT OFF;:FUNC:DCR:RANG:VAL 100;:FUNC:IMP:RANG:VAL 1;:OUTP:DC:ISOL:LEV:VAL 0.02;:OUTP:DC:ISOL:STAT OFF;:FUNC:DCR:RANG:AUTO ON;:FUNC:IMP:RANG:AUTO ON;:OUTP:DC:ISOL:LEV:AUTO ON;:DISP:PAGE MEASurement;
",,,,,,,
1591.5,0.0000008484518045,0.1286985195,,,,,
1591.5,0.0000008486242465,0.1286969472,,,,,
1591.5,0.0000008484687039,0.128695754,,,,,
1591.5,0.0000008489455515,0.1286950768,,,,,
1591.5,0.0000008489934715,0.1286920128,,,,,
1591.5,0.0000008487789207,0.1286916664,,,,,
1591.5,0.0000008486733028,0.1286908572,,,,,
1591.5,0.000000848842097,0.1286896198,,,,,
1591.5,0.0000008488079173,0.1286884087,,,,,
1591.5,0.0000008484558625,0.1286844613,,,,,
1591.5,0.000000848566232,0.1286872875,,,,,
1591.5,0.0000008485952528,0.1286857911,,,,,
1591.5,0.0000008486535468,0.1286842271,,,,,
1591.5,0.0000008487739256,0.128685263,,,,,
1591.5,0.0000008488608507,0.1286851199,,,,,
1591.5,0.0000008486547857,0.1286842504,,,,,
Freq,1591.5,Rs,0.12868970391875,4.87820733278287E-06,Ls,8.486966544875E-07,1.69286253008182E-10
":SOUR:DCS:STAT OFF;:BIAS:STAT OFF;:COMP:BIN:COUN:CLE;:LIST:CLE:ALL;:COMP:BIN:CLE;:AMPL:ALC ON;:APER MED,25;:BIAS:POL:AUTO OFF;:BIAS:RANG:AUTO ON;:BIAS:VOLT:LEV 0;:COMP:ABIN OFF;:COMP:BIN:COUN:STAT OFF;:COMP:MODE PTOL;:COMP:SLIM -9.9e+037,9.9e+037;:COMP:STAT OFF;:COMP:SWAP OFF;:COMP:TOL:NOM 0;:DISP:ENAB ON;:DISP:LINE """";:DISP:WIND:TEXT1:DATA:FMSD:DATA 1e-009;:DISP:WIND:TEXT2:DATA:FMSD:DATA 1e-009;:FORM:ASC:LONG ON;:FORM:BORD NORM;:FORM:DATA ASC,64;:FREQ:CW 1592;:FUNC:DEV1:MODE OFF;:FUNC:DEV1:REF:VAL 0;:FUNC:DEV2:MODE OFF;:FUNC:DEV2:REF:VAL 0;:FUNC:IMP:TYPE LSRS;:FUNC:SMON:IDC:STAT OFF;:FUNC:SMON:VDC:STAT OFF;:INIT:CONT OFF;:LIST:MODE SEQ;:LIST:STIM:TYPE FREQ,NONE;:SOUR:DCS:VOLT:LEV 0;:TRIG:DEL 0;:TRIG:SOUR INT;:TRIG:TDEL 0;:VOLT:LEV 1;:DISP:WIND:TEXT1:DATA:FMSD:STAT OFF;:DISP:WIND:TEXT2:DATA:FMSD:STAT OFF;:FUNC:DCR:RANG:VAL 100;:FUNC:IMP:RANG:VAL 1;:OUTP:DC:ISOL:LEV:VAL 0.02;:OUTP:DC:ISOL:STAT OFF;:FUNC:DCR:RANG:AUTO ON;:FUNC:IMP:RANG:AUTO ON;:OUTP:DC:ISOL:LEV:AUTO ON;:DISP:PAGE MEASurement;
",,,,,,,
1670.8,0.0000008479548268,0.1286836921,,,,,
1670.8,0.0000008480182661,0.1286807132,,,,,
1670.8,0.0000008481833257,0.1286805118,,,,,
1670.8,0.0000008480054058,0.12867919,,,,,
1670.8,0.000000848117428,0.1286766885,,,,,
1670.8,0.0000008481515487,0.1286772999,,,,,
1670.8,0.0000008479917,0.1286756765,,,,,
1670.8,0.0000008481304957,0.1286737673,,,,,
1670.8,0.0000008483549775,0.1286736092,,,,,
1670.8,0.0000008481323202,0.1286700134,,,,,
1670.8,0.0000008483046731,0.1286699475,,,,,
1670.8,0.0000008482590353,0.1286706317,,,,,
1670.8,0.0000008479375087,0.1286666189,,,,,
1670.8,0.0000008480705656,0.1286669102,,,,,
1670.8,0.0000008480810297,0.1286688943,,,,,
1670.8,0.0000008480460308,0.1286677511,,,,,
Freq,1670.8,Rs,0.128673869725,5.43280685446895E-06,Ls,8.4810869610625E-07,1.21611574878642E-10
":SOUR:DCS:STAT OFF;:BIAS:STAT OFF;:COMP:BIN:COUN:CLE;:LIST:CLE:ALL;:COMP:BIN:CLE;:AMPL:ALC ON;:APER MED,25;:BIAS:POL:AUTO OFF;:BIAS:RANG:AUTO ON;:BIAS:VOLT:LEV 0;:COMP:ABIN OFF;:COMP:BIN:COUN:STAT OFF;:COMP:MODE PTOL;:COMP:SLIM -9.9e+037,9.9e+037;:COMP:STAT OFF;:COMP:SWAP OFF;:COMP:TOL:NOM 0;:DISP:ENAB ON;:DISP:LINE """";:DISP:WIND:TEXT1:DATA:FMSD:DATA 1e-009;:DISP:WIND:TEXT2:DATA:FMSD:DATA 1e-009;:FORM:ASC:LONG ON;:FORM:BORD NORM;:FORM:DATA ASC,64;:FREQ:CW 1671;:FUNC:DEV1:MODE OFF;:FUNC:DEV1:REF:VAL 0;:FUNC:DEV2:MODE OFF;:FUNC:DEV2:REF:VAL 0;:FUNC:IMP:TYPE LSRS;:FUNC:SMON:IDC:STAT OFF;:FUNC:SMON:VDC:STAT OFF;:INIT:CONT OFF;:LIST:MODE SEQ;:LIST:STIM:TYPE FREQ,NONE;:SOUR:DCS:VOLT:LEV 0;:TRIG:DEL 0;:TRIG:SOUR INT;:TRIG:TDEL 0;:VOLT:LEV 1;:DISP:WIND:TEXT1:DATA:FMSD:STAT OFF;:DISP:WIND:TEXT2:DATA:FMSD:STAT OFF;:FUNC:DCR:RANG:VAL 100;:FUNC:IMP:RANG:VAL 1;:OUTP:DC:ISOL:LEV:VAL 0.02;:OUTP:DC:ISOL:STAT OFF;:FUNC:DCR:RANG:AUTO ON;:FUNC:IMP:RANG:AUTO ON;:OUTP:DC:ISOL:LEV:AUTO ON;:DISP:PAGE MEASurement;
",,,,,,,
1749.6,0.0000008470341693,0.1286628749,,,,,
1749.6,0.0000008472585329,0.128662628,,,,,
1749.6,0.0000008470981411,0.1286616211,,,,,
1749.6,0.0000008472990427,0.1286602755,,,,,
1749.6,0.0000008471492239,0.1286589263,,,,,
1749.6,0.0000008470669511,0.1286552421,,,,,
1749.6,0.0000008474048567,0.1286531521,,,,,
1749.6,0.0000008471174344,0.1286545782,,,,,
1749.6,0.0000008473718511,0.1286509687,,,,,
1749.6,0.0000008474788183,0.128652629,,,,,
1749.6,0.0000008472845131,0.1286457447,,,,,
1749.6,0.0000008462628255,0.1286440446,,,,,
1749.6,0.0000008477263219,0.1286478577,,,,,
1749.6,0.0000008473916864,0.1286496723,,,,,
1749.6,0.0000008473476684,0.1286476853,,,,,
1749.6,0.0000008474858823,0.1286461324,,,,,
Freq,1749.6,Rs,0.12865337705625,6.36597539496439E-06,Ls,8.4723611994375E-07,3.17206955854615E-10
":SOUR:DCS:STAT OFF;:BIAS:STAT OFF;:COMP:BIN:COUN:CLE;:LIST:CLE:ALL;:COMP:BIN:CLE;:AMPL:ALC ON;:APER MED,25;:BIAS:POL:AUTO OFF;:BIAS:RANG:AUTO ON;:BIAS:VOLT:LEV 0;:COMP:ABIN OFF;:COMP:BIN:COUN:STAT OFF;:COMP:MODE PTOL;:COMP:SLIM -9.9e+037,9.9e+037;:COMP:STAT OFF;:COMP:SWAP OFF;:COMP:TOL:NOM 0;:DISP:ENAB ON;:DISP:LINE """";:DISP:WIND:TEXT1:DATA:FMSD:DATA 1e-009;:DISP:WIND:TEXT2:DATA:FMSD:DATA 1e-009;:FORM:ASC:LONG ON;:FORM:BORD NORM;:FORM:DATA ASC,64;:FREQ:CW 1750;:FUNC:DEV1:MODE OFF;:FUNC:DEV1:REF:VAL 0;:FUNC:DEV2:MODE OFF;:FUNC:DEV2:REF:VAL 0;:FUNC:IMP:TYPE LSRS;:FUNC:SMON:IDC:STAT OFF;:FUNC:SMON:VDC:STAT OFF;:INIT:CONT OFF;:LIST:MODE SEQ;:LIST:STIM:TYPE FREQ,NONE;:SOUR:DCS:VOLT:LEV 0;:TRIG:DEL 0;:TRIG:SOUR INT;:TRIG:TDEL 0;:VOLT:LEV 1;:DISP:WIND:TEXT1:DATA:FMSD:STAT OFF;:DISP:WIND:TEXT2:DATA:FMSD:STAT OFF;:FUNC:DCR:RANG:VAL 100;:FUNC:IMP:RANG:VAL 1;:OUTP:DC:ISOL:LEV:VAL 0.02;:OUTP:DC:ISOL:STAT OFF;:FUNC:DCR:RANG:AUTO ON;:FUNC:IMP:RANG:AUTO ON;:OUTP:DC:ISOL:LEV:AUTO ON;:DISP:PAGE MEASurement;
",,,,,,,
":SOUR:DCS:STAT OFF;:BIAS:STAT OFF;:COMP:BIN:COUN:CLE;:LIST:CLE:ALL;:COMP:BIN:CLE;:AMPL:ALC ON;:APER MED,25;:BIAS:POL:AUTO OFF;:BIAS:RANG:AUTO ON;:BIAS:VOLT:LEV 0;:COMP:ABIN OFF;:COMP:BIN:COUN:STAT OFF;:COMP:MODE PTOL;:COMP:SLIM -9.9e+037,9.9e+037;:COMP:STAT OFF;:COMP:SWAP OFF;:COMP:TOL:NOM 0;:DISP:ENAB ON;:DISP:LINE """";:DISP:WIND:TEXT1:DATA:FMSD:DATA 1e-009;:DISP:WIND:TEXT2:DATA:FMSD:DATA 1e-009;:FORM:ASC:LONG ON;:FORM:BORD NORM;:FORM:DATA ASC,64;:FREQ:CW 1750;:FUNC:DEV1:MODE OFF;:FUNC:DEV1:REF:VAL 0;:FUNC:DEV2:MODE OFF;:FUNC:DEV2:REF:VAL 0;:FUNC:IMP:TYPE LSRS;:FUNC:SMON:IDC:STAT OFF;:FUNC:SMON:VDC:STAT OFF;:INIT:CONT OFF;:LIST:MODE SEQ;:LIST:STIM:TYPE FREQ,NONE;:SOUR:DCS:VOLT:LEV 0;:TRIG:DEL 0;:TRIG:SOUR INT;:TRIG:TDEL 0;:VOLT:LEV 1;:DISP:WIND:TEXT1:DATA:FMSD:STAT OFF;:DISP:WIND:TEXT2:DATA:FMSD:STAT OFF;:FUNC:DCR:RANG:VAL 100;:FUNC:IMP:RANG:VAL 1;:OUTP:DC:ISOL:LEV:VAL 0.02;:OUTP:DC:ISOL:STAT OFF;:FUNC:DCR:RANG:AUTO ON;:FUNC:IMP:RANG:AUTO ON;:OUTP:DC:ISOL:LEV:AUTO ON;:DISP:PAGE MEASurement;
",,,,,,,
2025-10-15,13:23:38,,,,,,
---------run finished---------,,,,,,,
lcr name:,KeySight E4980A,,,,,,
Name and description of Device under test: ,Cable_G,,,,,,
GPIB source:,<bound method MessageBasedResource.read of <'GPIBInstrument'('GPIB0::17::INSTR')>>,,,,,,
2025-10-15,13:34:01,,,,,,
select the freq range 90% - 110%,"[1432.4, 1512.4, 1591.5, 1670.8, 1749.6]",,,,,,
1432.4,0.000001121921998,0.2512594699,,,,,
1432.4,0.000001121990021,0.2512349516,,,,,
1432.4,0.000001121932803,0.2512170695,,,,,
1432.4,0.00000112162808,0.2512004771,,,,,
1432.4,0.000001121764062,0.2511771631,,,,,
1432.4,0.000001122116344,0.2511436559,,,,,
1432.4,0.000001121725268,0.2511326643,,,,,
1432.4,0.000001121669102,0.251132126,,,,,
1432.4,0.000001121731625,0.2511352946,,,,,
1432.4,0.000001121774697,0.2511576734,,,,,
1432.4,0.00000112179297,0.2511664397,,,,,
1432.4,0.000001121885831,0.2512065519,,,,,
1432.4,0.000001121792531,0.2512157882,,,,,
1432.4,0.00000112199733,0.2511947388,,,,,
1432.4,0.000001121824977,0.2511949491,,,,,
1432.4,0.000001121994315,0.2512135402,,,,,
Freq,1432.4,Rs,0.25118640958125,3.87859013468211E-05,Ls,1.121846372125E-06,1.36130257459491E-10
":SOUR:DCS:STAT OFF;:BIAS:STAT OFF;:COMP:BIN:COUN:CLE;:LIST:CLE:ALL;:COMP:BIN:CLE;:AMPL:ALC ON;:APER MED,25;:BIAS:POL:AUTO OFF;:BIAS:RANG:AUTO ON;:BIAS:VOLT:LEV 0;:COMP:ABIN OFF;:COMP:BIN:COUN:STAT OFF;:COMP:MODE PTOL;:COMP:SLIM -9.9e+037,9.9e+037;:COMP:STAT OFF;:COMP:SWAP OFF;:COMP:TOL:NOM 0;:DISP:ENAB ON;:DISP:LINE """";:DISP:WIND:TEXT1:DATA:FMSD:DATA 1e-009;:DISP:WIND:TEXT2:DATA:FMSD:DATA 1e-009;:FORM:ASC:LONG ON;:FORM:BORD NORM;:FORM:DATA ASC,64;:FREQ:CW 1432;:FUNC:DEV1:MODE OFF;:FUNC:DEV1:REF:VAL 0;:FUNC:DEV2:MODE OFF;:FUNC:DEV2:REF:VAL 0;:FUNC:IMP:TYPE LSRS;:FUNC:SMON:IDC:STAT OFF;:FUNC:SMON:VDC:STAT OFF;:INIT:CONT OFF;:LIST:MODE SEQ;:LIST:STIM:TYPE FREQ,NONE;:SOUR:DCS:VOLT:LEV 0;:TRIG:DEL 0;:TRIG:SOUR INT;:TRIG:TDEL 0;:VOLT:LEV 1;:DISP:WIND:TEXT1:DATA:FMSD:STAT OFF;:DISP:WIND:TEXT2:DATA:FMSD:STAT OFF;:FUNC:DCR:RANG:VAL 100;:FUNC:IMP:RANG:VAL 1;:OUTP:DC:ISOL:LEV:VAL 0.02;:OUTP:DC:ISOL:STAT OFF;:FUNC:DCR:RANG:AUTO ON;:FUNC:IMP:RANG:AUTO ON;:OUTP:DC:ISOL:LEV:AUTO ON;:DISP:PAGE MEASurement;
",,,,,,,
1512.4,0.000001120606563,0.2512192856,,,,,
1512.4,0.000001120458592,0.2512356408,,,,,
1512.4,0.000001120548849,0.2512382372,,,,,
1512.4,0.000001121062916,0.2512508487,,,,,
1512.4,0.000001120565473,0.2512417077,,,,,
1512.4,0.000001120828092,0.2512587399,,,,,
1512.4,0.000001120903494,0.2513080534,,,,,
1512.4,0.0000011208378,0.2513325743,,,,,
1512.4,0.00000112087866,0.2513579393,,,,,
1512.4,0.000001121069694,0.2513806923,,,,,
1512.4,0.000001120869148,0.2514041912,,,,,
1512.4,0.000001120764882,0.2514096169,,,,,
1512.4,0.000001120810681,0.2514536048,,,,,
1512.4,0.000001120849945,0.2514667809,,,,,
1512.4,0.000001120834931,0.2514589531,,,,,
1512.4,0.000001120840543,0.2514816569,,,,,
Freq,1512.4,Rs,0.2513436576875,9.48800461836717E-05,Ls,1.1207956414375E-06,1.72088422602254E-10
":SOUR:DCS:STAT OFF;:BIAS:STAT OFF;:COMP:BIN:COUN:CLE;:LIST:CLE:ALL;:COMP:BIN:CLE;:AMPL:ALC ON;:APER MED,25;:BIAS:POL:AUTO OFF;:BIAS:RANG:AUTO ON;:BIAS:VOLT:LEV 0;:COMP:ABIN OFF;:COMP:BIN:COUN:STAT OFF;:COMP:MODE PTOL;:COMP:SLIM -9.9e+037,9.9e+037;:COMP:STAT OFF;:COMP:SWAP OFF;:COMP:TOL:NOM 0;:DISP:ENAB ON;:DISP:LINE """";:DISP:WIND:TEXT1:DATA:FMSD:DATA 1e-009;:DISP:WIND:TEXT2:DATA:FMSD:DATA 1e-009;:FORM:ASC:LONG ON;:FORM:BORD NORM;:FORM:DATA ASC,64;:FREQ:CW 1512;:FUNC:DEV1:MODE OFF;:FUNC:DEV1:REF:VAL 0;:FUNC:DEV2:MODE OFF;:FUNC:DEV2:REF:VAL 0;:FUNC:IMP:TYPE LSRS;:FUNC:SMON:IDC:STAT OFF;:FUNC:SMON:VDC:STAT OFF;:INIT:CONT OFF;:LIST:MODE SEQ;:LIST:STIM:TYPE FREQ,NONE;:SOUR:DCS:VOLT:LEV 0;:TRIG:DEL 0;:TRIG:SOUR INT;:TRIG:TDEL 0;:VOLT:LEV 1;:DISP:WIND:TEXT1:DATA:FMSD:STAT OFF;:DISP:WIND:TEXT2:DATA:FMSD:STAT OFF;:FUNC:DCR:RANG:VAL 100;:FUNC:IMP:RANG:VAL 1;:OUTP:DC:ISOL:LEV:VAL 0.02;:OUTP:DC:ISOL:STAT OFF;:FUNC:DCR:RANG:AUTO ON;:FUNC:IMP:RANG:AUTO ON;:OUTP:DC:ISOL:LEV:AUTO ON;:DISP:PAGE MEASurement;
",,,,,,,
1591.5,0.000001119954854,0.2514949152,,,,,
1591.5,0.000001120037746,0.2515164713,,,,,
1591.5,0.000001119856039,0.2515307893,,,,,
1591.5,0.000001120062627,0.2515484179,,,,,
1591.5,0.000001119932311,0.2515530848,,,,,
1591.5,0.000001119641038,0.2590658922,,,,,
1591.5,0.000001121423864,0.2573797397,,,,,
1591.5,0.000001118368798,0.2535735639,,,,,
1591.5,0.000001118298856,0.2534375375,,,,,
1591.5,0.000001118276733,0.253333823,,,,,
1591.5,0.000001118154518,0.2534071049,,,,,
1591.5,0.000001118187066,0.2534156469,,,,,
1591.5,0.000001117949689,0.2533441476,,,,,
1591.5,0.000001118307557,0.2533342992,,,,,
1591.5,0.000001122119439,0.2534928904,,,,,
1591.5,0.000001119953723,0.2481431571,,,,,
Freq,1591.5,Rs,0.25309821755625,0.00247225402573073,Ls,1.119407803625E-06,1.24785107455607E-09
":SOUR:DCS:STAT OFF;:BIAS:STAT OFF;:COMP:BIN:COUN:CLE;:LIST:CLE:ALL;:COMP:BIN:CLE;:AMPL:ALC ON;:APER MED,25;:BIAS:POL:AUTO OFF;:BIAS:RANG:AUTO ON;:BIAS:VOLT:LEV 0;:COMP:ABIN OFF;:COMP:BIN:COUN:STAT OFF;:COMP:MODE PTOL;:COMP:SLIM -9.9e+037,9.9e+037;:COMP:STAT OFF;:COMP:SWAP OFF;:COMP:TOL:NOM 0;:DISP:ENAB ON;:DISP:LINE """";:DISP:WIND:TEXT1:DATA:FMSD:DATA 1e-009;:DISP:WIND:TEXT2:DATA:FMSD:DATA 1e-009;:FORM:ASC:LONG ON;:FORM:BORD NORM;:FORM:DATA ASC,64;:FREQ:CW 1592;:FUNC:DEV1:MODE OFF;:FUNC:DEV1:REF:VAL 0;:FUNC:DEV2:MODE OFF;:FUNC:DEV2:REF:VAL 0;:FUNC:IMP:TYPE LSRS;:FUNC:SMON:IDC:STAT OFF;:FUNC:SMON:VDC:STAT OFF;:INIT:CONT OFF;:LIST:MODE SEQ;:LIST:STIM:TYPE FREQ,NONE;:SOUR:DCS:VOLT:LEV 0;:TRIG:DEL 0;:TRIG:SOUR INT;:TRIG:TDEL 0;:VOLT:LEV 1;:DISP:WIND:TEXT1:DATA:FMSD:STAT OFF;:DISP:WIND:TEXT2:DATA:FMSD:STAT OFF;:FUNC:DCR:RANG:VAL 100;:FUNC:IMP:RANG:VAL 1;:OUTP:DC:ISOL:LEV:VAL 0.02;:OUTP:DC:ISOL:STAT OFF;:FUNC:DCR:RANG:AUTO ON;:FUNC:IMP:RANG:AUTO ON;:OUTP:DC:ISOL:LEV:AUTO ON;:DISP:PAGE MEASurement;
",,,,,,,
1670.8,0.000001118304735,0.2468388884,,,,,
1670.8,0.000001118347762,0.2467931891,,,,,
1670.8,0.000001118220738,0.2467411146,,,,,
1670.8,0.000001118128989,0.2467075434,,,,,
1670.8,0.00000111811542,0.2466845994,,,,,
1670.8,0.000001118056035,0.2466600243,,,,,
1670.8,0.000001118090393,0.2466217197,,,,,
1670.8,0.000001118185365,0.2465894384,,,,,
1670.8,0.000001117814507,0.246576664,,,,,
1670.8,0.000001117977001,0.2465840699,,,,,
1670.8,0.000001118025167,0.246583228,,,,,
1670.8,0.000001118291744,0.2465934268,,,,,
1670.8,0.000001117943589,0.2465675089,,,,,
1670.8,0.000001117962136,0.2465449872,,,,,
1670.8,0.000001117983034,0.2465445891,,,,,
1670.8,0.000001117905365,0.2465462466,,,,,
Freq,1670.8,Rs,0.2466360773625,9.22140188987803E-05,Ls,1.11808449875E-06,1.54587940275876E-10
":SOUR:DCS:STAT OFF;:BIAS:STAT OFF;:COMP:BIN:COUN:CLE;:LIST:CLE:ALL;:COMP:BIN:CLE;:AMPL:ALC ON;:APER MED,25;:BIAS:POL:AUTO OFF;:BIAS:RANG:AUTO ON;:BIAS:VOLT:LEV 0;:COMP:ABIN OFF;:COMP:BIN:COUN:STAT OFF;:COMP:MODE PTOL;:COMP:SLIM -9.9e+037,9.9e+037;:COMP:STAT OFF;:COMP:SWAP OFF;:COMP:TOL:NOM 0;:DISP:ENAB ON;:DISP:LINE """";:DISP:WIND:TEXT1:DATA:FMSD:DATA 1e-009;:DISP:WIND:TEXT2:DATA:FMSD:DATA 1e-009;:FORM:ASC:LONG ON;:FORM:BORD NORM;:FORM:DATA ASC,64;:FREQ:CW 1671;:FUNC:DEV1:MODE OFF;:FUNC:DEV1:REF:VAL 0;:FUNC:DEV2:MODE OFF;:FUNC:DEV2:REF:VAL 0;:FUNC:IMP:TYPE LSRS;:FUNC:SMON:IDC:STAT OFF;:FUNC:SMON:VDC:STAT OFF;:INIT:CONT OFF;:LIST:MODE SEQ;:LIST:STIM:TYPE FREQ,NONE;:SOUR:DCS:VOLT:LEV 0;:TRIG:DEL 0;:TRIG:SOUR INT;:TRIG:TDEL 0;:VOLT:LEV 1;:DISP:WIND:TEXT1:DATA:FMSD:STAT OFF;:DISP:WIND:TEXT2:DATA:FMSD:STAT OFF;:FUNC:DCR:RANG:VAL 100;:FUNC:IMP:RANG:VAL 1;:OUTP:DC:ISOL:LEV:VAL 0.02;:OUTP:DC:ISOL:STAT OFF;:FUNC:DCR:RANG:AUTO ON;:FUNC:IMP:RANG:AUTO ON;:OUTP:DC:ISOL:LEV:AUTO ON;:DISP:PAGE MEASurement;
",,,,,,,
1749.6,0.000001117073846,0.2465504053,,,,,
1749.6,0.00000111700019,0.2465319287,,,,,
1749.6,0.000001116899743,0.2465161499,,,,,
1749.6,0.000001117180496,0.2465302502,,,,,
1749.6,0.000001117128744,0.2465338766,,,,,
1749.6,0.000001117410207,0.2465241344,,,,,
1749.6,0.000001116978084,0.2465041312,,,,,
1749.6,0.000001116358558,0.2464743715,,,,,
1749.6,0.00000111682701,0.2464586589,,,,,
1749.6,0.000001117110885,0.2464547622,,,,,
1749.6,0.000001117046756,0.2464629409,,,,,
1749.6,0.00000111740337,0.2464931959,,,,,
1749.6,0.00000111704755,0.2465278911,,,,,
1749.6,0.000001117188259,0.2465327418,,,,,
1749.6,0.00000111701347,0.2465074473,,,,,
1749.6,0.000001117771239,0.2464696442,,,,,
Freq,1749.6,Rs,0.24650453313125,3.14253774738559E-05,Ls,1.1170899004375E-06,3.00593974817193E-10
":SOUR:DCS:STAT OFF;:BIAS:STAT OFF;:COMP:BIN:COUN:CLE;:LIST:CLE:ALL;:COMP:BIN:CLE;:AMPL:ALC ON;:APER MED,25;:BIAS:POL:AUTO OFF;:BIAS:RANG:AUTO ON;:BIAS:VOLT:LEV 0;:COMP:ABIN OFF;:COMP:BIN:COUN:STAT OFF;:COMP:MODE PTOL;:COMP:SLIM -9.9e+037,9.9e+037;:COMP:STAT OFF;:COMP:SWAP OFF;:COMP:TOL:NOM 0;:DISP:ENAB ON;:DISP:LINE """";:DISP:WIND:TEXT1:DATA:FMSD:DATA 1e-009;:DISP:WIND:TEXT2:DATA:FMSD:DATA 1e-009;:FORM:ASC:LONG ON;:FORM:BORD NORM;:FORM:DATA ASC,64;:FREQ:CW 1750;:FUNC:DEV1:MODE OFF;:FUNC:DEV1:REF:VAL 0;:FUNC:DEV2:MODE OFF;:FUNC:DEV2:REF:VAL 0;:FUNC:IMP:TYPE LSRS;:FUNC:SMON:IDC:STAT OFF;:FUNC:SMON:VDC:STAT OFF;:INIT:CONT OFF;:LIST:MODE SEQ;:LIST:STIM:TYPE FREQ,NONE;:SOUR:DCS:VOLT:LEV 0;:TRIG:DEL 0;:TRIG:SOUR INT;:TRIG:TDEL 0;:VOLT:LEV 1;:DISP:WIND:TEXT1:DATA:FMSD:STAT OFF;:DISP:WIND:TEXT2:DATA:FMSD:STAT OFF;:FUNC:DCR:RANG:VAL 100;:FUNC:IMP:RANG:VAL 1;:OUTP:DC:ISOL:LEV:VAL 0.02;:OUTP:DC:ISOL:STAT OFF;:FUNC:DCR:RANG:AUTO ON;:FUNC:IMP:RANG:AUTO ON;:OUTP:DC:ISOL:LEV:AUTO ON;:DISP:PAGE MEASurement;
",,,,,,,
":SOUR:DCS:STAT OFF;:BIAS:STAT OFF;:COMP:BIN:COUN:CLE;:LIST:CLE:ALL;:COMP:BIN:CLE;:AMPL:ALC ON;:APER MED,25;:BIAS:POL:AUTO OFF;:BIAS:RANG:AUTO ON;:BIAS:VOLT:LEV 0;:COMP:ABIN OFF;:COMP:BIN:COUN:STAT OFF;:COMP:MODE PTOL;:COMP:SLIM -9.9e+037,9.9e+037;:COMP:STAT OFF;:COMP:SWAP OFF;:COMP:TOL:NOM 0;:DISP:ENAB ON;:DISP:LINE """";:DISP:WIND:TEXT1:DATA:FMSD:DATA 1e-009;:DISP:WIND:TEXT2:DATA:FMSD:DATA 1e-009;:FORM:ASC:LONG ON;:FORM:BORD NORM;:FORM:DATA ASC,64;:FREQ:CW 1750;:FUNC:DEV1:MODE OFF;:FUNC:DEV1:REF:VAL 0;:FUNC:DEV2:MODE OFF;:FUNC:DEV2:REF:VAL 0;:FUNC:IMP:TYPE LSRS;:FUNC:SMON:IDC:STAT OFF;:FUNC:SMON:VDC:STAT OFF;:INIT:CONT OFF;:LIST:MODE SEQ;:LIST:STIM:TYPE FREQ,NONE;:SOUR:DCS:VOLT:LEV 0;:TRIG:DEL 0;:TRIG:SOUR INT;:TRIG:TDEL 0;:VOLT:LEV 1;:DISP:WIND:TEXT1:DATA:FMSD:STAT OFF;:DISP:WIND:TEXT2:DATA:FMSD:STAT OFF;:FUNC:DCR:RANG:VAL 100;:FUNC:IMP:RANG:VAL 1;:OUTP:DC:ISOL:LEV:VAL 0.02;:OUTP:DC:ISOL:STAT OFF;:FUNC:DCR:RANG:AUTO ON;:FUNC:IMP:RANG:AUTO ON;:OUTP:DC:ISOL:LEV:AUTO ON;:DISP:PAGE MEASurement;
",,,,,,,
2025-10-15,13:37:20,,,,,,
---------run finished---------,,,,,,,
lcr name:,KeySight E4980A,,,,,,
Name and description of Device under test: ,Cable_G_repeat,,,,,,
GPIB source:,<bound method MessageBasedResource.read of <'GPIBInstrument'('GPIB0::17::INSTR')>>,,,,,,
2025-10-15,13:39:37,,,,,,
select the freq range 90% - 110%,"[1432.4, 1512.4, 1591.5, 1670.8, 1749.6]",,,,,,
1432.4,0.000001120391233,0.2460965721,,,,,
1432.4,0.000001120563292,0.246101655,,,,,
1432.4,0.000001120386745,0.2460989994,,,,,
1432.4,0.000001120470946,0.2460899287,,,,,
1432.4,0.000001120602197,0.2460871194,,,,,
1432.4,0.000001120405777,0.2460779841,,,,,
1432.4,0.000001120445577,0.2460636115,,,,,
1432.4,0.000001120448271,0.24605705,,,,,
1432.4,0.000001120423028,0.2460447333,,,,,
1432.4,0.000001120177562,0.2460375113,,,,,
1432.4,0.000001120308403,0.2460303004,,,,,
1432.4,0.000001120173546,0.2460373283,,,,,
1432.4,0.000001120531493,0.2460648983,,,,,
1432.4,0.000001120425386,0.2460798922,,,,,
1432.4,0.000001120441168,0.2460740091,,,,,
1432.4,0.000001120380103,0.2460563168,,,,,
Freq,1432.4,Rs,0.24606861936875,2.33033280211376E-05,Ls,1.1204109204375E-06,1.16925148463974E-10
":SOUR:DCS:STAT OFF;:BIAS:STAT OFF;:COMP:BIN:COUN:CLE;:LIST:CLE:ALL;:COMP:BIN:CLE;:AMPL:ALC ON;:APER MED,25;:BIAS:POL:AUTO OFF;:BIAS:RANG:AUTO ON;:BIAS:VOLT:LEV 0;:COMP:ABIN OFF;:COMP:BIN:COUN:STAT OFF;:COMP:MODE PTOL;:COMP:SLIM -9.9e+037,9.9e+037;:COMP:STAT OFF;:COMP:SWAP OFF;:COMP:TOL:NOM 0;:DISP:ENAB ON;:DISP:LINE """";:DISP:WIND:TEXT1:DATA:FMSD:DATA 1e-009;:DISP:WIND:TEXT2:DATA:FMSD:DATA 1e-009;:FORM:ASC:LONG ON;:FORM:BORD NORM;:FORM:DATA ASC,64;:FREQ:CW 1432;:FUNC:DEV1:MODE OFF;:FUNC:DEV1:REF:VAL 0;:FUNC:DEV2:MODE OFF;:FUNC:DEV2:REF:VAL 0;:FUNC:IMP:TYPE LSRS;:FUNC:SMON:IDC:STAT OFF;:FUNC:SMON:VDC:STAT OFF;:INIT:CONT OFF;:LIST:MODE SEQ;:LIST:STIM:TYPE FREQ,NONE;:SOUR:DCS:VOLT:LEV 0;:TRIG:DEL 0;:TRIG:SOUR INT;:TRIG:TDEL 0;:VOLT:LEV 1;:DISP:WIND:TEXT1:DATA:FMSD:STAT OFF;:DISP:WIND:TEXT2:DATA:FMSD:STAT OFF;:FUNC:DCR:RANG:VAL 100;:FUNC:IMP:RANG:VAL 1;:OUTP:DC:ISOL:LEV:VAL 0.02;:OUTP:DC:ISOL:STAT OFF;:FUNC:DCR:RANG:AUTO ON;:FUNC:IMP:RANG:AUTO ON;:OUTP:DC:ISOL:LEV:AUTO ON;:DISP:PAGE MEASurement;
",,,,,,,
1512.4,0.000001119014765,0.2460216522,,,,,
1512.4,0.000001119391885,0.2460176474,,,,,
1512.4,0.000001119329843,0.2460147093,,,,,
1512.4,0.000001119104572,0.2460136379,,,,,
1512.4,0.000001119238099,0.2460060768,,,,,
1512.4,0.000001119037266,0.2459959702,,,,,
1512.4,0.000001119091274,0.2459941926,,,,,
1512.4,0.000001119256876,0.2459930226,,,,,
1512.4,0.000001119140463,0.2459909855,,,,,
1512.4,0.000001119108212,0.2459896362,,,,,
1512.4,0.000001119117824,0.245985847,,,,,
1512.4,0.000001119204238,0.2459861367,,,,,
1512.4,0.000001119195901,0.2459807599,,,,,
1512.4,0.000001119062654,0.2459763609,,,,,
1512.4,0.000001119062654,0.2459763609,,,,,
1512.4,0.000001118875837,0.245965484,,,,,
Freq,1512.4,Rs,0.24599428000625,1.64418281799978E-05,Ls,1.1191395226875E-06,1.27314424108559E-10
":SOUR:DCS:STAT OFF;:BIAS:STAT OFF;:COMP:BIN:COUN:CLE;:LIST:CLE:ALL;:COMP:BIN:CLE;:AMPL:ALC ON;:APER MED,25;:BIAS:POL:AUTO OFF;:BIAS:RANG:AUTO ON;:BIAS:VOLT:LEV 0;:COMP:ABIN OFF;:COMP:BIN:COUN:STAT OFF;:COMP:MODE PTOL;:COMP:SLIM -9.9e+037,9.9e+037;:COMP:STAT OFF;:COMP:SWAP OFF;:COMP:TOL:NOM 0;:DISP:ENAB ON;:DISP:LINE """";:DISP:WIND:TEXT1:DATA:FMSD:DATA 1e-009;:DISP:WIND:TEXT2:DATA:FMSD:DATA 1e-009;:FORM:ASC:LONG ON;:FORM:BORD NORM;:FORM:DATA ASC,64;:FREQ:CW 1512;:FUNC:DEV1:MODE OFF;:FUNC:DEV1:REF:VAL 0;:FUNC:DEV2:MODE OFF;:FUNC:DEV2:REF:VAL 0;:FUNC:IMP:TYPE LSRS;:FUNC:SMON:IDC:STAT OFF;:FUNC:SMON:VDC:STAT OFF;:INIT:CONT OFF;:LIST:MODE SEQ;:LIST:STIM:TYPE FREQ,NONE;:SOUR:DCS:VOLT:LEV 0;:TRIG:DEL 0;:TRIG:SOUR INT;:TRIG:TDEL 0;:VOLT:LEV 1;:DISP:WIND:TEXT1:DATA:FMSD:STAT OFF;:DISP:WIND:TEXT2:DATA:FMSD:STAT OFF;:FUNC:DCR:RANG:VAL 100;:FUNC:IMP:RANG:VAL 1;:OUTP:DC:ISOL:LEV:VAL 0.02;:OUTP:DC:ISOL:STAT OFF;:FUNC:DCR:RANG:AUTO ON;:FUNC:IMP:RANG:AUTO ON;:OUTP:DC:ISOL:LEV:AUTO ON;:DISP:PAGE MEASurement;
",,,,,,,
1591.5,0.000001118135211,0.2459661448,,,,,
1591.5,0.000001118292327,0.2459641779,,,,,
1591.5,0.000001118399441,0.2459581257,,,,,
1591.5,0.000001118017334,0.2459561667,,,,,
1591.5,0.000001118208313,0.2459541436,,,,,
1591.5,0.000001118230011,0.245954669,,,,,
1591.5,0.000001118100712,0.2459521822,,,,,
1591.5,0.000001118097074,0.2459509758,,,,,
1591.5,0.000001118143511,0.2459493337,,,,,
1591.5,0.00000111809614,0.2459513545,,,,,
1591.5,0.000001118256282,0.2459495916,,,,,
1591.5,0.000001118198183,0.245950613,,,,,
1591.5,0.000001118194465,0.2459494334,,,,,
1591.5,0.000001117898637,0.2459553855,,,,,
1591.5,0.000001118048488,0.2459562927,,,,,
1591.5,0.000001118234961,0.2459547658,,,,,
Freq,1591.5,Rs,0.24595458474375,4.9567766371544E-06,Ls,1.118159443125E-06,1.19204772173428E-10
":SOUR:DCS:STAT OFF;:BIAS:STAT OFF;:COMP:BIN:COUN:CLE;:LIST:CLE:ALL;:COMP:BIN:CLE;:AMPL:ALC ON;:APER MED,25;:BIAS:POL:AUTO OFF;:BIAS:RANG:AUTO ON;:BIAS:VOLT:LEV 0;:COMP:ABIN OFF;:COMP:BIN:COUN:STAT OFF;:COMP:MODE PTOL;:COMP:SLIM -9.9e+037,9.9e+037;:COMP:STAT OFF;:COMP:SWAP OFF;:COMP:TOL:NOM 0;:DISP:ENAB ON;:DISP:LINE """";:DISP:WIND:TEXT1:DATA:FMSD:DATA 1e-009;:DISP:WIND:TEXT2:DATA:FMSD:DATA 1e-009;:FORM:ASC:LONG ON;:FORM:BORD NORM;:FORM:DATA ASC,64;:FREQ:CW 1592;:FUNC:DEV1:MODE OFF;:FUNC:DEV1:REF:VAL 0;:FUNC:DEV2:MODE OFF;:FUNC:DEV2:REF:VAL 0;:FUNC:IMP:TYPE LSRS;:FUNC:SMON:IDC:STAT OFF;:FUNC:SMON:VDC:STAT OFF;:INIT:CONT OFF;:LIST:MODE SEQ;:LIST:STIM:TYPE FREQ,NONE;:SOUR:DCS:VOLT:LEV 0;:TRIG:DEL 0;:TRIG:SOUR INT;:TRIG:TDEL 0;:VOLT:LEV 1;:DISP:WIND:TEXT1:DATA:FMSD:STAT OFF;:DISP:WIND:TEXT2:DATA:FMSD:STAT OFF;:FUNC:DCR:RANG:VAL 100;:FUNC:IMP:RANG:VAL 1;:OUTP:DC:ISOL:LEV:VAL 0.02;:OUTP:DC:ISOL:STAT OFF;:FUNC:DCR:RANG:AUTO ON;:FUNC:IMP:RANG:AUTO ON;:OUTP:DC:ISOL:LEV:AUTO ON;:DISP:PAGE MEASurement;
",,,,,,,
1670.8,0.000001116967574,0.2459350802,,,,,
1670.8,0.000001117183727,0.2459335815,,,,,
1670.8,0.000001117218833,0.2459331918,,,,,
1670.8,0.000001117244583,0.2459374752,,,,,
1670.8,0.00000111713866,0.2459441736,,,,,
1670.8,0.000001117493449,0.2459380488,,,,,
1670.8,0.000001117154171,0.2459283419,,,,,
1670.8,0.000001117246927,0.2459200591,,,,,
1670.8,0.000001117159274,0.2459106104,,,,,
1670.8,0.000001117101135,0.2459044702,,,,,
1670.8,0.000001117178121,0.2458951355,,,,,
1670.8,0.00000111710392,0.2458893321,,,,,
1670.8,0.000001117152656,0.2458842584,,,,,
1670.8,0.00000111701477,0.2458826834,,,,,
1670.8,0.000001117207561,0.24587735,,,,,
1670.8,0.000001117105323,0.2458775622,,,,,
Freq,1670.8,Rs,0.24591195964375,2.451491264133E-05,Ls,1.11716691775E-06,1.15473180707597E-10
":SOUR:DCS:STAT OFF;:BIAS:STAT OFF;:COMP:BIN:COUN:CLE;:LIST:CLE:ALL;:COMP:BIN:CLE;:AMPL:ALC ON;:APER MED,25;:BIAS:POL:AUTO OFF;:BIAS:RANG:AUTO ON;:BIAS:VOLT:LEV 0;:COMP:ABIN OFF;:COMP:BIN:COUN:STAT OFF;:COMP:MODE PTOL;:COMP:SLIM -9.9e+037,9.9e+037;:COMP:STAT OFF;:COMP:SWAP OFF;:COMP:TOL:NOM 0;:DISP:ENAB ON;:DISP:LINE """";:DISP:WIND:TEXT1:DATA:FMSD:DATA 1e-009;:DISP:WIND:TEXT2:DATA:FMSD:DATA 1e-009;:FORM:ASC:LONG ON;:FORM:BORD NORM;:FORM:DATA ASC,64;:FREQ:CW 1671;:FUNC:DEV1:MODE OFF;:FUNC:DEV1:REF:VAL 0;:FUNC:DEV2:MODE OFF;:FUNC:DEV2:REF:VAL 0;:FUNC:IMP:TYPE LSRS;:FUNC:SMON:IDC:STAT OFF;:FUNC:SMON:VDC:STAT OFF;:INIT:CONT OFF;:LIST:MODE SEQ;:LIST:STIM:TYPE FREQ,NONE;:SOUR:DCS:VOLT:LEV 0;:TRIG:DEL 0;:TRIG:SOUR INT;:TRIG:TDEL 0;:VOLT:LEV 1;:DISP:WIND:TEXT1:DATA:FMSD:STAT OFF;:DISP:WIND:TEXT2:DATA:FMSD:STAT OFF;:FUNC:DCR:RANG:VAL 100;:FUNC:IMP:RANG:VAL 1;:OUTP:DC:ISOL:LEV:VAL 0.02;:OUTP:DC:ISOL:STAT OFF;:FUNC:DCR:RANG:AUTO ON;:FUNC:IMP:RANG:AUTO ON;:OUTP:DC:ISOL:LEV:AUTO ON;:DISP:PAGE MEASurement;
",,,,,,,
1749.6,0.000001116320804,0.2458703019,,,,,
1749.6,0.000001116320511,0.2458699301,,,,,
1749.6,0.000001116196955,0.2458668281,,,,,
1749.6,0.00000111619701,0.2458648261,,,,,
1749.6,0.000001116203326,0.2458558408,,,,,
1749.6,0.000001116303712,0.2458544039,,,,,
1749.6,0.000001116200949,0.2458469869,,,,,
1749.6,0.000001116029369,0.2458462086,,,,,
1749.6,0.000001116611846,0.2458466729,,,,,
1749.6,0.000001115851994,0.2458453809,,,,,
1749.6,0.000001116303266,0.2458475696,,,,,
1749.6,0.000001115860907,0.2458494895,,,,,
1749.6,0.00000111547971,0.2458606489,,,,,
1749.6,0.00000111619034,0.245847432,,,,,
1749.6,0.000001116405742,0.2458530147,,,,,
1749.6,0.000001116271903,0.2458545317,,,,,
Freq,1749.6,Rs,0.2458550041625,8.85762292588239E-06,Ls,0.0000011161717715,2.63192233051324E-10
":SOUR:DCS:STAT OFF;:BIAS:STAT OFF;:COMP:BIN:COUN:CLE;:LIST:CLE:ALL;:COMP:BIN:CLE;:AMPL:ALC ON;:APER MED,25;:BIAS:POL:AUTO OFF;:BIAS:RANG:AUTO ON;:BIAS:VOLT:LEV 0;:COMP:ABIN OFF;:COMP:BIN:COUN:STAT OFF;:COMP:MODE PTOL;:COMP:SLIM -9.9e+037,9.9e+037;:COMP:STAT OFF;:COMP:SWAP OFF;:COMP:TOL:NOM 0;:DISP:ENAB ON;:DISP:LINE """";:DISP:WIND:TEXT1:DATA:FMSD:DATA 1e-009;:DISP:WIND:TEXT2:DATA:FMSD:DATA 1e-009;:FORM:ASC:LONG ON;:FORM:BORD NORM;:FORM:DATA ASC,64;:FREQ:CW 1750;:FUNC:DEV1:MODE OFF;:FUNC:DEV1:REF:VAL 0;:FUNC:DEV2:MODE OFF;:FUNC:DEV2:REF:VAL 0;:FUNC:IMP:TYPE LSRS;:FUNC:SMON:IDC:STAT OFF;:FUNC:SMON:VDC:STAT OFF;:INIT:CONT OFF;:LIST:MODE SEQ;:LIST:STIM:TYPE FREQ,NONE;:SOUR:DCS:VOLT:LEV 0;:TRIG:DEL 0;:TRIG:SOUR INT;:TRIG:TDEL 0;:VOLT:LEV 1;:DISP:WIND:TEXT1:DATA:FMSD:STAT OFF;:DISP:WIND:TEXT2:DATA:FMSD:STAT OFF;:FUNC:DCR:RANG:VAL 100;:FUNC:IMP:RANG:VAL 1;:OUTP:DC:ISOL:LEV:VAL 0.02;:OUTP:DC:ISOL:STAT OFF;:FUNC:DCR:RANG:AUTO ON;:FUNC:IMP:RANG:AUTO ON;:OUTP:DC:ISOL:LEV:AUTO ON;:DISP:PAGE MEASurement;
",,,,,,,
":SOUR:DCS:STAT OFF;:BIAS:STAT OFF;:COMP:BIN:COUN:CLE;:LIST:CLE:ALL;:COMP:BIN:CLE;:AMPL:ALC ON;:APER MED,25;:BIAS:POL:AUTO OFF;:BIAS:RANG:AUTO ON;:BIAS:VOLT:LEV 0;:COMP:ABIN OFF;:COMP:BIN:COUN:STAT OFF;:COMP:MODE PTOL;:COMP:SLIM -9.9e+037,9.9e+037;:COMP:STAT OFF;:COMP:SWAP OFF;:COMP:TOL:NOM 0;:DISP:ENAB ON;:DISP:LINE """";:DISP:WIND:TEXT1:DATA:FMSD:DATA 1e-009;:DISP:WIND:TEXT2:DATA:FMSD:DATA 1e-009;:FORM:ASC:LONG ON;:FORM:BORD NORM;:FORM:DATA ASC,64;:FREQ:CW 1750;:FUNC:DEV1:MODE OFF;:FUNC:DEV1:REF:VAL 0;:FUNC:DEV2:MODE OFF;:FUNC:DEV2:REF:VAL 0;:FUNC:IMP:TYPE LSRS;:FUNC:SMON:IDC:STAT OFF;:FUNC:SMON:VDC:STAT OFF;:INIT:CONT OFF;:LIST:MODE SEQ;:LIST:STIM:TYPE FREQ,NONE;:SOUR:DCS:VOLT:LEV 0;:TRIG:DEL 0;:TRIG:SOUR INT;:TRIG:TDEL 0;:VOLT:LEV 1;:DISP:WIND:TEXT1:DATA:FMSD:STAT OFF;:DISP:WIND:TEXT2:DATA:FMSD:STAT OFF;:FUNC:DCR:RANG:VAL 100;:FUNC:IMP:RANG:VAL 1;:OUTP:DC:ISOL:LEV:VAL 0.02;:OUTP:DC:ISOL:STAT OFF;:FUNC:DCR:RANG:AUTO ON;:FUNC:IMP:RANG:AUTO ON;:OUTP:DC:ISOL:LEV:AUTO ON;:DISP:PAGE MEASurement;
",,,,,,,
2025-10-15,13:42:54,,,,,,
---------run finished---------,,,,,,,
lcr name:,KeySight E4980A,,,,,,
Name and description of Device under test: ,Cable_H,,,,,,
GPIB source:,<bound method MessageBasedResource.read of <'GPIBInstrument'('GPIB0::17::INSTR')>>,,,,,,
2025-10-15,14:28:16,,,,,,
select the freq range 90% - 110%,"[1432.4, 1512.4, 1591.5, 1670.8, 1749.6]",,,,,,
1432.4,0.0000002888771626,0.04292044486,,,,,
1432.4,0.0000002889877933,0.04292051266,,,,,
1432.4,0.0000002885850987,0.04292033597,,,,,
1432.4,0.000000288893727,0.0429198148,,,,,
1432.4,0.0000002888963991,0.04291886114,,,,,
1432.4,0.0000002891035755,0.04291721085,,,,,
1432.4,0.0000002890888493,0.04291502286,,,,,
1432.4,0.0000002888221645,0.04291413429,,,,,
1432.4,0.0000002887969485,0.04291357137,,,,,
1432.4,0.0000002889474437,0.04291344655,,,,,
1432.4,0.0000002890604951,0.04291210499,,,,,
1432.4,0.0000002889567408,0.04290963567,,,,,
1432.4,0.0000002886978275,0.04290942993,,,,,
1432.4,0.0000002888221727,0.04291042417,,,,,
1432.4,0.0000002887162792,0.04290776269,,,,,
1432.4,0.0000002887384439,0.04290805153,,,,,
Freq,1432.4,Rs,0.042914422770625,4.62702952198117E-06,Ls,2.888744450875E-07,1.48052723188287E-10
":SOUR:DCS:STAT OFF;:BIAS:STAT OFF;:COMP:BIN:COUN:CLE;:LIST:CLE:ALL;:COMP:BIN:CLE;:AMPL:ALC ON;:APER MED,25;:BIAS:POL:AUTO OFF;:BIAS:RANG:AUTO ON;:BIAS:VOLT:LEV 0;:COMP:ABIN OFF;:COMP:BIN:COUN:STAT OFF;:COMP:MODE PTOL;:COMP:SLIM -9.9e+037,9.9e+037;:COMP:STAT OFF;:COMP:SWAP OFF;:COMP:TOL:NOM 0;:DISP:ENAB ON;:DISP:LINE """";:DISP:WIND:TEXT1:DATA:FMSD:DATA 1e-009;:DISP:WIND:TEXT2:DATA:FMSD:DATA 1e-009;:FORM:ASC:LONG ON;:FORM:BORD NORM;:FORM:DATA ASC,64;:FREQ:CW 1432;:FUNC:DEV1:MODE OFF;:FUNC:DEV1:REF:VAL 0;:FUNC:DEV2:MODE OFF;:FUNC:DEV2:REF:VAL 0;:FUNC:IMP:TYPE LSRS;:FUNC:SMON:IDC:STAT OFF;:FUNC:SMON:VDC:STAT OFF;:INIT:CONT OFF;:LIST:MODE SEQ;:LIST:STIM:TYPE FREQ,NONE;:SOUR:DCS:VOLT:LEV 0;:TRIG:DEL 0;:TRIG:SOUR INT;:TRIG:TDEL 0;:VOLT:LEV 1;:DISP:WIND:TEXT1:DATA:FMSD:STAT OFF;:DISP:WIND:TEXT2:DATA:FMSD:STAT OFF;:FUNC:DCR:RANG:VAL 100;:FUNC:IMP:RANG:VAL 1;:OUTP:DC:ISOL:LEV:VAL 0.02;:OUTP:DC:ISOL:STAT OFF;:FUNC:DCR:RANG:AUTO ON;:FUNC:IMP:RANG:AUTO ON;:OUTP:DC:ISOL:LEV:AUTO ON;:DISP:PAGE MEASurement;
",,,,,,,
1512.4,0.0000002880681259,0.04290906346,,,,,
1512.4,0.0000002882255754,0.04290654329,,,,,
1512.4,0.0000002881678882,0.04290756044,,,,,
1512.4,0.0000002878613203,0.04290661525,,,,,
1512.4,0.0000002881821717,0.0429052112,,,,,
1512.4,0.0000002881315851,0.04290557223,,,,,
1512.4,0.0000002881781758,0.0429048466,,,,,
1512.4,0.0000002879578691,0.04290472214,,,,,
1512.4,0.0000002881024435,0.04290227925,,,,,
1512.4,0.0000002879489294,0.04289906771,,,,,
1512.4,0.000000288034251,0.04290315024,,,,,
1512.4,0.0000002880103717,0.04290058075,,,,,
1512.4,0.0000002881217823,0.04289895374,,,,,
1512.4,0.0000002882010177,0.04289840715,,,,,
1512.4,0.0000002882061717,0.04289721275,,,,,
1512.4,0.0000002882880079,0.042896091,,,,,
Freq,1512.4,Rs,0.042902867325,4.01114021290431E-06,Ls,2.8810535541875E-07,1.16747139299486E-10
":SOUR:DCS:STAT OFF;:BIAS:STAT OFF;:COMP:BIN:COUN:CLE;:LIST:CLE:ALL;:COMP:BIN:CLE;:AMPL:ALC ON;:APER MED,25;:BIAS:POL:AUTO OFF;:BIAS:RANG:AUTO ON;:BIAS:VOLT:LEV 0;:COMP:ABIN OFF;:COMP:BIN:COUN:STAT OFF;:COMP:MODE PTOL;:COMP:SLIM -9.9e+037,9.9e+037;:COMP:STAT OFF;:COMP:SWAP OFF;:COMP:TOL:NOM 0;:DISP:ENAB ON;:DISP:LINE """";:DISP:WIND:TEXT1:DATA:FMSD:DATA 1e-009;:DISP:WIND:TEXT2:DATA:FMSD:DATA 1e-009;:FORM:ASC:LONG ON;:FORM:BORD NORM;:FORM:DATA ASC,64;:FREQ:CW 1512;:FUNC:DEV1:MODE OFF;:FUNC:DEV1:REF:VAL 0;:FUNC:DEV2:MODE OFF;:FUNC:DEV2:REF:VAL 0;:FUNC:IMP:TYPE LSRS;:FUNC:SMON:IDC:STAT OFF;:FUNC:SMON:VDC:STAT OFF;:INIT:CONT OFF;:LIST:MODE SEQ;:LIST:STIM:TYPE FREQ,NONE;:SOUR:DCS:VOLT:LEV 0;:TRIG:DEL 0;:TRIG:SOUR INT;:TRIG:TDEL 0;:VOLT:LEV 1;:DISP:WIND:TEXT1:DATA:FMSD:STAT OFF;:DISP:WIND:TEXT2:DATA:FMSD:STAT OFF;:FUNC:DCR:RANG:VAL 100;:FUNC:IMP:RANG:VAL 1;:OUTP:DC:ISOL:LEV:VAL 0.02;:OUTP:DC:ISOL:STAT OFF;:FUNC:DCR:RANG:AUTO ON;:FUNC:IMP:RANG:AUTO ON;:OUTP:DC:ISOL:LEV:AUTO ON;:DISP:PAGE MEASurement;
",,,,,,,
1591.5,0.0000002873617157,0.04289865326,,,,,
1591.5,0.000000287387938,0.04289700988,,,,,
1591.5,0.0000002871925429,0.04289910167,,,,,
1591.5,0.0000002873346685,0.04289708622,,,,,
1591.5,0.000000287480536,0.04289622763,,,,,
1591.5,0.000000287333643,0.04289598487,,,,,
1591.5,0.0000002873280947,0.0428931322,,,,,
1591.5,0.0000002873605634,0.04289624093,,,,,
1591.5,0.0000002875842339,0.04289581004,,,,,
1591.5,0.0000002874848259,0.04289458209,,,,,
1591.5,0.0000002872298193,0.04289412729,,,,,
1591.5,0.0000002873847457,0.04289257575,,,,,
1591.5,0.0000002874360115,0.04289050485,,,,,
1591.5,0.0000002875252905,0.04288955321,,,,,
1591.5,0.0000002871347198,0.04288961258,,,,,
1591.5,0.0000002874183964,0.04289073191,,,,,
Freq,1591.5,Rs,0.04289443339875,3.11464475707306E-06,Ls,2.87373609075E-07,1.19283229161138E-10
":SOUR:DCS:STAT OFF;:BIAS:STAT OFF;:COMP:BIN:COUN:CLE;:LIST:CLE:ALL;:COMP:BIN:CLE;:AMPL:ALC ON;:APER MED,25;:BIAS:POL:AUTO OFF;:BIAS:RANG:AUTO ON;:BIAS:VOLT:LEV 0;:COMP:ABIN OFF;:COMP:BIN:COUN:STAT OFF;:COMP:MODE PTOL;:COMP:SLIM -9.9e+037,9.9e+037;:COMP:STAT OFF;:COMP:SWAP OFF;:COMP:TOL:NOM 0;:DISP:ENAB ON;:DISP:LINE """";:DISP:WIND:TEXT1:DATA:FMSD:DATA 1e-009;:DISP:WIND:TEXT2:DATA:FMSD:DATA 1e-009;:FORM:ASC:LONG ON;:FORM:BORD NORM;:FORM:DATA ASC,64;:FREQ:CW 1592;:FUNC:DEV1:MODE OFF;:FUNC:DEV1:REF:VAL 0;:FUNC:DEV2:MODE OFF;:FUNC:DEV2:REF:VAL 0;:FUNC:IMP:TYPE LSRS;:FUNC:SMON:IDC:STAT OFF;:FUNC:SMON:VDC:STAT OFF;:INIT:CONT OFF;:LIST:MODE SEQ;:LIST:STIM:TYPE FREQ,NONE;:SOUR:DCS:VOLT:LEV 0;:TRIG:DEL 0;:TRIG:SOUR INT;:TRIG:TDEL 0;:VOLT:LEV 1;:DISP:WIND:TEXT1:DATA:FMSD:STAT OFF;:DISP:WIND:TEXT2:DATA:FMSD:STAT OFF;:FUNC:DCR:RANG:VAL 100;:FUNC:IMP:RANG:VAL 1;:OUTP:DC:ISOL:LEV:VAL 0.02;:OUTP:DC:ISOL:STAT OFF;:FUNC:DCR:RANG:AUTO ON;:FUNC:IMP:RANG:AUTO ON;:OUTP:DC:ISOL:LEV:AUTO ON;:DISP:PAGE MEASurement;
",,,,,,,
1670.8,0.0000002867902002,0.04289078237,,,,,
1670.8,0.0000002868316397,0.04289030291,,,,,
1670.8,0.0000002867563246,0.0428877552,,,,,
1670.8,0.000000286847987,0.04288821756,,,,,
1670.8,0.0000002867083031,0.04288660865,,,,,
1670.8,0.000000286786514,0.0428895207,,,,,
1670.8,0.0000002867160089,0.04288663341,,,,,
1670.8,0.0000002868442509,0.04288510078,,,,,
1670.8,0.000000286735624,0.04288592834,,,,,
1670.8,0.000000286727713,0.04288500985,,,,,
1670.8,0.0000002865453822,0.04288492482,,,,,
1670.8,0.0000002867335311,0.04288352306,,,,,
1670.8,0.0000002868457277,0.04288352678,,,,,
1670.8,0.0000002867881129,0.04288368955,,,,,
1670.8,0.0000002865854543,0.04288275234,,,,,
1670.8,0.0000002867990781,0.04288250288,,,,,
Freq,1670.8,Rs,0.0428860487,2.65619971516453E-06,Ls,2.8675261573125E-07,8.71271059227873E-11
":SOUR:DCS:STAT OFF;:BIAS:STAT OFF;:COMP:BIN:COUN:CLE;:LIST:CLE:ALL;:COMP:BIN:CLE;:AMPL:ALC ON;:APER MED,25;:BIAS:POL:AUTO OFF;:BIAS:RANG:AUTO ON;:BIAS:VOLT:LEV 0;:COMP:ABIN OFF;:COMP:BIN:COUN:STAT OFF;:COMP:MODE PTOL;:COMP:SLIM -9.9e+037,9.9e+037;:COMP:STAT OFF;:COMP:SWAP OFF;:COMP:TOL:NOM 0;:DISP:ENAB ON;:DISP:LINE """";:DISP:WIND:TEXT1:DATA:FMSD:DATA 1e-009;:DISP:WIND:TEXT2:DATA:FMSD:DATA 1e-009;:FORM:ASC:LONG ON;:FORM:BORD NORM;:FORM:DATA ASC,64;:FREQ:CW 1671;:FUNC:DEV1:MODE OFF;:FUNC:DEV1:REF:VAL 0;:FUNC:DEV2:MODE OFF;:FUNC:DEV2:REF:VAL 0;:FUNC:IMP:TYPE LSRS;:FUNC:SMON:IDC:STAT OFF;:FUNC:SMON:VDC:STAT OFF;:INIT:CONT OFF;:LIST:MODE SEQ;:LIST:STIM:TYPE FREQ,NONE;:SOUR:DCS:VOLT:LEV 0;:TRIG:DEL 0;:TRIG:SOUR INT;:TRIG:TDEL 0;:VOLT:LEV 1;:DISP:WIND:TEXT1:DATA:FMSD:STAT OFF;:DISP:WIND:TEXT2:DATA:FMSD:STAT OFF;:FUNC:DCR:RANG:VAL 100;:FUNC:IMP:RANG:VAL 1;:OUTP:DC:ISOL:LEV:VAL 0.02;:OUTP:DC:ISOL:STAT OFF;:FUNC:DCR:RANG:AUTO ON;:FUNC:IMP:RANG:AUTO ON;:OUTP:DC:ISOL:LEV:AUTO ON;:DISP:PAGE MEASurement;
",,,,,,,
1749.6,0.0000002863580219,0.04289049097,,,,,
1749.6,0.0000002854649878,0.04288338251,,,,,
1749.6,0.000000286391446,0.04287341318,,,,,
1749.6,0.0000002866687257,0.04287005243,,,,,
1749.6,0.0000002857694167,0.04287823146,,,,,
1749.6,0.0000002862382888,0.0428802859,,,,,
1749.6,0.0000002860558029,0.04287867407,,,,,
1749.6,0.0000002861866933,0.04287803704,,,,,
1749.6,0.0000002860638221,0.04287924711,,,,,
1749.6,0.0000002861319865,0.04287860933,,,,,
1749.6,0.0000002861717775,0.04287322704,,,,,
1749.6,0.0000002861176087,0.04287559986,,,,,
1749.6,0.0000002861567195,0.0428760002,,,,,
1749.6,0.0000002861239255,0.04287487731,,,,,
1749.6,0.0000002858158338,0.0428702156,,,,,
1749.6,0.0000002863233506,0.04288472928,,,,,
Freq,1749.6,Rs,0.042877817080625,5.3197537919161E-06,Ls,2.8612740045625E-07,2.76440548584454E-10
":SOUR:DCS:STAT OFF;:BIAS:STAT OFF;:COMP:BIN:COUN:CLE;:LIST:CLE:ALL;:COMP:BIN:CLE;:AMPL:ALC ON;:APER MED,25;:BIAS:POL:AUTO OFF;:BIAS:RANG:AUTO ON;:BIAS:VOLT:LEV 0;:COMP:ABIN OFF;:COMP:BIN:COUN:STAT OFF;:COMP:MODE PTOL;:COMP:SLIM -9.9e+037,9.9e+037;:COMP:STAT OFF;:COMP:SWAP OFF;:COMP:TOL:NOM 0;:DISP:ENAB ON;:DISP:LINE """";:DISP:WIND:TEXT1:DATA:FMSD:DATA 1e-009;:DISP:WIND:TEXT2:DATA:FMSD:DATA 1e-009;:FORM:ASC:LONG ON;:FORM:BORD NORM;:FORM:DATA ASC,64;:FREQ:CW 1750;:FUNC:DEV1:MODE OFF;:FUNC:DEV1:REF:VAL 0;:FUNC:DEV2:MODE OFF;:FUNC:DEV2:REF:VAL 0;:FUNC:IMP:TYPE LSRS;:FUNC:SMON:IDC:STAT OFF;:FUNC:SMON:VDC:STAT OFF;:INIT:CONT OFF;:LIST:MODE SEQ;:LIST:STIM:TYPE FREQ,NONE;:SOUR:DCS:VOLT:LEV 0;:TRIG:DEL 0;:TRIG:SOUR INT;:TRIG:TDEL 0;:VOLT:LEV 1;:DISP:WIND:TEXT1:DATA:FMSD:STAT OFF;:DISP:WIND:TEXT2:DATA:FMSD:STAT OFF;:FUNC:DCR:RANG:VAL 100;:FUNC:IMP:RANG:VAL 1;:OUTP:DC:ISOL:LEV:VAL 0.02;:OUTP:DC:ISOL:STAT OFF;:FUNC:DCR:RANG:AUTO ON;:FUNC:IMP:RANG:AUTO ON;:OUTP:DC:ISOL:LEV:AUTO ON;:DISP:PAGE MEASurement;
",,,,,,,
":SOUR:DCS:STAT OFF;:BIAS:STAT OFF;:COMP:BIN:COUN:CLE;:LIST:CLE:ALL;:COMP:BIN:CLE;:AMPL:ALC ON;:APER MED,25;:BIAS:POL:AUTO OFF;:BIAS:RANG:AUTO ON;:BIAS:VOLT:LEV 0;:COMP:ABIN OFF;:COMP:BIN:COUN:STAT OFF;:COMP:MODE PTOL;:COMP:SLIM -9.9e+037,9.9e+037;:COMP:STAT OFF;:COMP:SWAP OFF;:COMP:TOL:NOM 0;:DISP:ENAB ON;:DISP:LINE """";:DISP:WIND:TEXT1:DATA:FMSD:DATA 1e-009;:DISP:WIND:TEXT2:DATA:FMSD:DATA 1e-009;:FORM:ASC:LONG ON;:FORM:BORD NORM;:FORM:DATA ASC,64;:FREQ:CW 1750;:FUNC:DEV1:MODE OFF;:FUNC:DEV1:REF:VAL 0;:FUNC:DEV2:MODE OFF;:FUNC:DEV2:REF:VAL 0;:FUNC:IMP:TYPE LSRS;:FUNC:SMON:IDC:STAT OFF;:FUNC:SMON:VDC:STAT OFF;:INIT:CONT OFF;:LIST:MODE SEQ;:LIST:STIM:TYPE FREQ,NONE;:SOUR:DCS:VOLT:LEV 0;:TRIG:DEL 0;:TRIG:SOUR INT;:TRIG:TDEL 0;:VOLT:LEV 1;:DISP:WIND:TEXT1:DATA:FMSD:STAT OFF;:DISP:WIND:TEXT2:DATA:FMSD:STAT OFF;:FUNC:DCR:RANG:VAL 100;:FUNC:IMP:RANG:VAL 1;:OUTP:DC:ISOL:LEV:VAL 0.02;:OUTP:DC:ISOL:STAT OFF;:FUNC:DCR:RANG:AUTO ON;:FUNC:IMP:RANG:AUTO ON;:OUTP:DC:ISOL:LEV:AUTO ON;:DISP:PAGE MEASurement;
",,,,,,,
2025-10-15,14:31:35,,,,,,
---------run finished---------,,,,,,,
lcr name:,KeySight E4980A,,,,,,
Name and description of Device under test: ,Cable_I,,,,,,
GPIB source:,<bound method MessageBasedResource.read of <'GPIBInstrument'('GPIB0::17::INSTR')>>,,,,,,
2025-10-15,14:34:53,,,,,,
select the freq range 90% - 110%,"[1432.4, 1512.4, 1591.5, 1670.8, 1749.6]",,,,,,
1432.4,0.000001432585299,0.1576350595,,,,,
1432.4,0.000001420101694,0.1575797574,,,,,
1432.4,0.000001422000057,0.1575816949,,,,,
1432.4,0.000001427085205,0.1575896018,,,,,
1432.4,0.000001438744459,0.1576388002,,,,,
1432.4,0.000001438626041,0.157642598,,,,,
1432.4,0.000001429098503,0.1575987818,,,,,
1432.4,0.0000014311318,0.1576064365,,,,,
1432.4,0.000001431341154,0.1576044632,,,,,
1432.4,0.000001431599752,0.1576026511,,,,,
1432.4,0.000001431594791,0.1575978698,,,,,
1432.4,0.000001431380001,0.1575949785,,,,,
1432.4,0.000001431468013,0.1575876574,,,,,
1432.4,0.000001431224815,0.1575838882,,,,,
1432.4,0.000001431383851,0.1575801538,,,,,
1432.4,0.00000143116123,0.1575766142,,,,,
Freq,1432.4,Rs,0.15760006289375,2.13766600004615E-05,Ls,1.4306579165625E-06,4.75339802746546E-09
":SOUR:DCS:STAT OFF;:BIAS:STAT OFF;:COMP:BIN:COUN:CLE;:LIST:CLE:ALL;:COMP:BIN:CLE;:AMPL:ALC ON;:APER MED,25;:BIAS:POL:AUTO OFF;:BIAS:RANG:AUTO ON;:BIAS:VOLT:LEV 0;:COMP:ABIN OFF;:COMP:BIN:COUN:STAT OFF;:COMP:MODE PTOL;:COMP:SLIM -9.9e+037,9.9e+037;:COMP:STAT OFF;:COMP:SWAP OFF;:COMP:TOL:NOM 0;:DISP:ENAB ON;:DISP:LINE """";:DISP:WIND:TEXT1:DATA:FMSD:DATA 1e-009;:DISP:WIND:TEXT2:DATA:FMSD:DATA 1e-009;:FORM:ASC:LONG ON;:FORM:BORD NORM;:FORM:DATA ASC,64;:FREQ:CW 1432;:FUNC:DEV1:MODE OFF;:FUNC:DEV1:REF:VAL 0;:FUNC:DEV2:MODE OFF;:FUNC:DEV2:REF:VAL 0;:FUNC:IMP:TYPE LSRS;:FUNC:SMON:IDC:STAT OFF;:FUNC:SMON:VDC:STAT OFF;:INIT:CONT OFF;:LIST:MODE SEQ;:LIST:STIM:TYPE FREQ,NONE;:SOUR:DCS:VOLT:LEV 0;:TRIG:DEL 0;:TRIG:SOUR INT;:TRIG:TDEL 0;:VOLT:LEV 1;:DISP:WIND:TEXT1:DATA:FMSD:STAT OFF;:DISP:WIND:TEXT2:DATA:FMSD:STAT OFF;:FUNC:DCR:RANG:VAL 100;:FUNC:IMP:RANG:VAL 1;:OUTP:DC:ISOL:LEV:VAL 0.02;:OUTP:DC:ISOL:STAT OFF;:FUNC:DCR:RANG:AUTO ON;:FUNC:IMP:RANG:AUTO ON;:OUTP:DC:ISOL:LEV:AUTO ON;:DISP:PAGE MEASurement;
",,,,,,,
1512.4,0.000001415828949,0.1577500617,,,,,
1512.4,0.00000141583948,0.1577456689,,,,,
1512.4,0.000001416114032,0.1577418241,,,,,
1512.4,0.000001415993328,0.1577397247,,,,,
1512.4,0.000001415946042,0.15773669,,,,,
1512.4,0.000001415957088,0.157734275,,,,,
1512.4,0.000001416163284,0.1577282466,,,,,
1512.4,0.000001415892692,0.1577257611,,,,,
1512.4,0.00000141575896,0.1577225974,,,,,
1512.4,0.000001416227666,0.1577200405,,,,,
1512.4,0.000001415915418,0.1577179626,,,,,
1512.4,0.000001416060415,0.1577144958,,,,,
1512.4,0.000001416040198,0.1577107016,,,,,
1512.4,0.000001416250748,0.1577065987,,,,,
1512.4,0.000001409723063,0.1576736599,,,,,
1512.4,0.00000141140898,0.1576797324,,,,,
Freq,1512.4,Rs,0.1577217525625,2.16617528917329E-05,Ls,1.4153200214375E-06,1.88636684898895E-09
":SOUR:DCS:STAT OFF;:BIAS:STAT OFF;:COMP:BIN:COUN:CLE;:LIST:CLE:ALL;:COMP:BIN:CLE;:AMPL:ALC ON;:APER MED,25;:BIAS:POL:AUTO OFF;:BIAS:RANG:AUTO ON;:BIAS:VOLT:LEV 0;:COMP:ABIN OFF;:COMP:BIN:COUN:STAT OFF;:COMP:MODE PTOL;:COMP:SLIM -9.9e+037,9.9e+037;:COMP:STAT OFF;:COMP:SWAP OFF;:COMP:TOL:NOM 0;:DISP:ENAB ON;:DISP:LINE """";:DISP:WIND:TEXT1:DATA:FMSD:DATA 1e-009;:DISP:WIND:TEXT2:DATA:FMSD:DATA 1e-009;:FORM:ASC:LONG ON;:FORM:BORD NORM;:FORM:DATA ASC,64;:FREQ:CW 1512;:FUNC:DEV1:MODE OFF;:FUNC:DEV1:REF:VAL 0;:FUNC:DEV2:MODE OFF;:FUNC:DEV2:REF:VAL 0;:FUNC:IMP:TYPE LSRS;:FUNC:SMON:IDC:STAT OFF;:FUNC:SMON:VDC:STAT OFF;:INIT:CONT OFF;:LIST:MODE SEQ;:LIST:STIM:TYPE FREQ,NONE;:SOUR:DCS:VOLT:LEV 0;:TRIG:DEL 0;:TRIG:SOUR INT;:TRIG:TDEL 0;:VOLT:LEV 1;:DISP:WIND:TEXT1:DATA:FMSD:STAT OFF;:DISP:WIND:TEXT2:DATA:FMSD:STAT OFF;:FUNC:DCR:RANG:VAL 100;:FUNC:IMP:RANG:VAL 1;:OUTP:DC:ISOL:LEV:VAL 0.02;:OUTP:DC:ISOL:STAT OFF;:FUNC:DCR:RANG:AUTO ON;:FUNC:IMP:RANG:AUTO ON;:OUTP:DC:ISOL:LEV:AUTO ON;:DISP:PAGE MEASurement;
",,,,,,,
1591.5,0.000001405057006,0.1578970074,,,,,
1591.5,0.000001404878709,0.1578934608,,,,,
1591.5,0.000001405107711,0.157890986,,,,,
1591.5,0.000001405104735,0.1578876834,,,,,
1591.5,0.000001407582824,0.1579003823,,,,,
1591.5,0.00000140784454,0.1578975707,,,,,
1591.5,0.000001408187871,0.1578966739,,,,,
1591.5,0.000001409409485,0.1579022204,,,,,
1591.5,0.000001409995277,0.157901159,,,,,
1591.5,0.000001410491781,0.1578994326,,,,,
1591.5,0.000001410976167,0.1579017045,,,,,
1591.5,0.000001410823274,0.1578982549,,,,,
1591.5,0.000001410955592,0.1578940134,,,,,
1591.5,0.000001411194335,0.1578960614,,,,,
1591.5,0.000001410942648,0.1578917297,,,,,
1591.5,0.000001410673314,0.157891322,,,,,
Freq,1591.5,Rs,0.1578962289,4.33468708889569E-06,Ls,1.4087015793125E-06,2.46657564211467E-09
":SOUR:DCS:STAT OFF;:BIAS:STAT OFF;:COMP:BIN:COUN:CLE;:LIST:CLE:ALL;:COMP:BIN:CLE;:AMPL:ALC ON;:APER MED,25;:BIAS:POL:AUTO OFF;:BIAS:RANG:AUTO ON;:BIAS:VOLT:LEV 0;:COMP:ABIN OFF;:COMP:BIN:COUN:STAT OFF;:COMP:MODE PTOL;:COMP:SLIM -9.9e+037,9.9e+037;:COMP:STAT OFF;:COMP:SWAP OFF;:COMP:TOL:NOM 0;:DISP:ENAB ON;:DISP:LINE """";:DISP:WIND:TEXT1:DATA:FMSD:DATA 1e-009;:DISP:WIND:TEXT2:DATA:FMSD:DATA 1e-009;:FORM:ASC:LONG ON;:FORM:BORD NORM;:FORM:DATA ASC,64;:FREQ:CW 1592;:FUNC:DEV1:MODE OFF;:FUNC:DEV1:REF:VAL 0;:FUNC:DEV2:MODE OFF;:FUNC:DEV2:REF:VAL 0;:FUNC:IMP:TYPE LSRS;:FUNC:SMON:IDC:STAT OFF;:FUNC:SMON:VDC:STAT OFF;:INIT:CONT OFF;:LIST:MODE SEQ;:LIST:STIM:TYPE FREQ,NONE;:SOUR:DCS:VOLT:LEV 0;:TRIG:DEL 0;:TRIG:SOUR INT;:TRIG:TDEL 0;:VOLT:LEV 1;:DISP:WIND:TEXT1:DATA:FMSD:STAT OFF;:DISP:WIND:TEXT2:DATA:FMSD:STAT OFF;:FUNC:DCR:RANG:VAL 100;:FUNC:IMP:RANG:VAL 1;:OUTP:DC:ISOL:LEV:VAL 0.02;:OUTP:DC:ISOL:STAT OFF;:FUNC:DCR:RANG:AUTO ON;:FUNC:IMP:RANG:AUTO ON;:OUTP:DC:ISOL:LEV:AUTO ON;:DISP:PAGE MEASurement;
",,,,,,,
1670.8,0.000001403314207,0.1581152588,,,,,
1670.8,0.00000140359767,0.1581172483,,,,,
1670.8,0.000001403972464,0.1581152836,,,,,
1670.8,0.000001406738864,0.1581290084,,,,,
1670.8,0.000001408236484,0.1581360458,,,,,
1670.8,0.00000140824161,0.1581323415,,,,,
1670.8,0.000001408306251,0.1581316347,,,,,
1670.8,0.000001408518319,0.1581312645,,,,,
1670.8,0.000001408437375,0.158130432,,,,,
1670.8,0.000001408282642,0.1581298433,,,,,
1670.8,0.000001408391045,0.1581284766,,,,,
1670.8,0.000001408443517,0.1581277711,,,,,
1670.8,0.000001408488153,0.1581247496,,,,,
1670.8,0.000001408536356,0.158123081,,,,,
1670.8,0.00000140853622,0.158122127,,,,,
1670.8,0.000001408652386,0.1581239876,,,,,
Freq,1670.8,Rs,0.1581261596125,6.26559441850397E-06,Ls,1.4074183476875E-06,1.93342919611964E-09
":SOUR:DCS:STAT OFF;:BIAS:STAT OFF;:COMP:BIN:COUN:CLE;:LIST:CLE:ALL;:COMP:BIN:CLE;:AMPL:ALC ON;:APER MED,25;:BIAS:POL:AUTO OFF;:BIAS:RANG:AUTO ON;:BIAS:VOLT:LEV 0;:COMP:ABIN OFF;:COMP:BIN:COUN:STAT OFF;:COMP:MODE PTOL;:COMP:SLIM -9.9e+037,9.9e+037;:COMP:STAT OFF;:COMP:SWAP OFF;:COMP:TOL:NOM 0;:DISP:ENAB ON;:DISP:LINE """";:DISP:WIND:TEXT1:DATA:FMSD:DATA 1e-009;:DISP:WIND:TEXT2:DATA:FMSD:DATA 1e-009;:FORM:ASC:LONG ON;:FORM:BORD NORM;:FORM:DATA ASC,64;:FREQ:CW 1671;:FUNC:DEV1:MODE OFF;:FUNC:DEV1:REF:VAL 0;:FUNC:DEV2:MODE OFF;:FUNC:DEV2:REF:VAL 0;:FUNC:IMP:TYPE LSRS;:FUNC:SMON:IDC:STAT OFF;:FUNC:SMON:VDC:STAT OFF;:INIT:CONT OFF;:LIST:MODE SEQ;:LIST:STIM:TYPE FREQ,NONE;:SOUR:DCS:VOLT:LEV 0;:TRIG:DEL 0;:TRIG:SOUR INT;:TRIG:TDEL 0;:VOLT:LEV 1;:DISP:WIND:TEXT1:DATA:FMSD:STAT OFF;:DISP:WIND:TEXT2:DATA:FMSD:STAT OFF;:FUNC:DCR:RANG:VAL 100;:FUNC:IMP:RANG:VAL 1;:OUTP:DC:ISOL:LEV:VAL 0.02;:OUTP:DC:ISOL:STAT OFF;:FUNC:DCR:RANG:AUTO ON;:FUNC:IMP:RANG:AUTO ON;:OUTP:DC:ISOL:LEV:AUTO ON;:DISP:PAGE MEASurement;
",,,,,,,
1749.6,0.000001401312188,0.1583624549,,,,,
1749.6,0.000001401343644,0.1583597694,,,,,
1749.6,0.00000139770574,0.1583312421,,,,,
1749.6,0.000001395661627,0.158313784,,,,,
1749.6,0.000001389967,0.1582722891,,,,,
1749.6,0.000001392766419,0.1582875818,,,,,
1749.6,0.000001409514962,0.1583749337,,,,,
1749.6,0.000001408909661,0.1583813887,,,,,
1749.6,0.000001409102808,0.1583771641,,,,,
1749.6,0.000001408834671,0.1583734604,,,,,
1749.6,0.000001408620182,0.1583740865,,,,,
1749.6,0.000001408661445,0.1583741966,,,,,
1749.6,0.000001408659273,0.158373457,,,,,
1749.6,0.000001408372987,0.1583718379,,,,,
1749.6,0.000001408382917,0.1583688409,,,,,
1749.6,0.000001408385584,0.1583684394,,,,,
Freq,1749.6,Rs,0.15835405790625,3.40279712623112E-05,Ls,1.40413756925E-06,6.69589391636845E-09
":SOUR:DCS:STAT OFF;:BIAS:STAT OFF;:COMP:BIN:COUN:CLE;:LIST:CLE:ALL;:COMP:BIN:CLE;:AMPL:ALC ON;:APER MED,25;:BIAS:POL:AUTO OFF;:BIAS:RANG:AUTO ON;:BIAS:VOLT:LEV 0;:COMP:ABIN OFF;:COMP:BIN:COUN:STAT OFF;:COMP:MODE PTOL;:COMP:SLIM -9.9e+037,9.9e+037;:COMP:STAT OFF;:COMP:SWAP OFF;:COMP:TOL:NOM 0;:DISP:ENAB ON;:DISP:LINE """";:DISP:WIND:TEXT1:DATA:FMSD:DATA 1e-009;:DISP:WIND:TEXT2:DATA:FMSD:DATA 1e-009;:FORM:ASC:LONG ON;:FORM:BORD NORM;:FORM:DATA ASC,64;:FREQ:CW 1750;:FUNC:DEV1:MODE OFF;:FUNC:DEV1:REF:VAL 0;:FUNC:DEV2:MODE OFF;:FUNC:DEV2:REF:VAL 0;:FUNC:IMP:TYPE LSRS;:FUNC:SMON:IDC:STAT OFF;:FUNC:SMON:VDC:STAT OFF;:INIT:CONT OFF;:LIST:MODE SEQ;:LIST:STIM:TYPE FREQ,NONE;:SOUR:DCS:VOLT:LEV 0;:TRIG:DEL 0;:TRIG:SOUR INT;:TRIG:TDEL 0;:VOLT:LEV 1;:DISP:WIND:TEXT1:DATA:FMSD:STAT OFF;:DISP:WIND:TEXT2:DATA:FMSD:STAT OFF;:FUNC:DCR:RANG:VAL 100;:FUNC:IMP:RANG:VAL 1;:OUTP:DC:ISOL:LEV:VAL 0.02;:OUTP:DC:ISOL:STAT OFF;:FUNC:DCR:RANG:AUTO ON;:FUNC:IMP:RANG:AUTO ON;:OUTP:DC:ISOL:LEV:AUTO ON;:DISP:PAGE MEASurement;
",,,,,,,
":SOUR:DCS:STAT OFF;:BIAS:STAT OFF;:COMP:BIN:COUN:CLE;:LIST:CLE:ALL;:COMP:BIN:CLE;:AMPL:ALC ON;:APER MED,25;:BIAS:POL:AUTO OFF;:BIAS:RANG:AUTO ON;:BIAS:VOLT:LEV 0;:COMP:ABIN OFF;:COMP:BIN:COUN:STAT OFF;:COMP:MODE PTOL;:COMP:SLIM -9.9e+037,9.9e+037;:COMP:STAT OFF;:COMP:SWAP OFF;:COMP:TOL:NOM 0;:DISP:ENAB ON;:DISP:LINE """";:DISP:WIND:TEXT1:DATA:FMSD:DATA 1e-009;:DISP:WIND:TEXT2:DATA:FMSD:DATA 1e-009;:FORM:ASC:LONG ON;:FORM:BORD NORM;:FORM:DATA ASC,64;:FREQ:CW 1750;:FUNC:DEV1:MODE OFF;:FUNC:DEV1:REF:VAL 0;:FUNC:DEV2:MODE OFF;:FUNC:DEV2:REF:VAL 0;:FUNC:IMP:TYPE LSRS;:FUNC:SMON:IDC:STAT OFF;:FUNC:SMON:VDC:STAT OFF;:INIT:CONT OFF;:LIST:MODE SEQ;:LIST:STIM:TYPE FREQ,NONE;:SOUR:DCS:VOLT:LEV 0;:TRIG:DEL 0;:TRIG:SOUR INT;:TRIG:TDEL 0;:VOLT:LEV 1;:DISP:WIND:TEXT1:DATA:FMSD:STAT OFF;:DISP:WIND:TEXT2:DATA:FMSD:STAT OFF;:FUNC:DCR:RANG:VAL 100;:FUNC:IMP:RANG:VAL 1;:OUTP:DC:ISOL:LEV:VAL 0.02;:OUTP:DC:ISOL:STAT OFF;:FUNC:DCR:RANG:AUTO ON;:FUNC:IMP:RANG:AUTO ON;:OUTP:DC:ISOL:LEV:AUTO ON;:DISP:PAGE MEASurement;
",,,,,,,
2025-10-15,14:38:12,,,,,,
---------run finished---------,,,,,,,
lcr name:,KeySight E4980A
Name and description of Device under test: ,Cable_J
GPIB source:,<bound method MessageBasedResource.read of <'GPIBInstrument'('GPIB0::17::INSTR')>>
2025-10-15,14:44:18
select the freq range 90% - 110%,"[1432.4, 1512.4, 1591.5, 1670.8, 1749.6]"
1432.4,8.371507451e-07,0.1291279351
1432.4,8.37311056e-07,0.1291189485
1432.4,8.369923736e-07,0.1291115648
1432.4,8.372252042e-07,0.129104258
1432.4,8.37245596e-07,0.1290974298
1432.4,8.373872585e-07,0.1290887569
1432.4,8.373157757e-07,0.1290858658
1432.4,8.372472913e-07,0.129082906
1432.4,8.370048147e-07,0.1290768197
1432.4,8.371869698e-07,0.1290702163
1432.4,8.372383578e-07,0.1290655615
1432.4,8.371470498e-07,0.1290597483
1432.4,8.37051873e-07,0.129053284
1432.4,8.370282276e-07,0.1290502742
1432.4,8.371706261e-07,0.12904504
1432.4,8.36967662e-07,0.1290408675
Freq,1432.4,Rs,0.129079967275,2.695455668415537e-05,Ls,8.37166930075e-07,1.2718071800445606e-10
":SOUR:DCS:STAT OFF;:BIAS:STAT OFF;:COMP:BIN:COUN:CLE;:LIST:CLE:ALL;:COMP:BIN:CLE;:AMPL:ALC ON;:APER MED,25;:BIAS:POL:AUTO OFF;:BIAS:RANG:AUTO ON;:BIAS:VOLT:LEV 0;:COMP:ABIN OFF;:COMP:BIN:COUN:STAT OFF;:COMP:MODE PTOL;:COMP:SLIM -9.9e+037,9.9e+037;:COMP:STAT OFF;:COMP:SWAP OFF;:COMP:TOL:NOM 0;:DISP:ENAB ON;:DISP:LINE """";:DISP:WIND:TEXT1:DATA:FMSD:DATA 1e-009;:DISP:WIND:TEXT2:DATA:FMSD:DATA 1e-009;:FORM:ASC:LONG ON;:FORM:BORD NORM;:FORM:DATA ASC,64;:FREQ:CW 1432;:FUNC:DEV1:MODE OFF;:FUNC:DEV1:REF:VAL 0;:FUNC:DEV2:MODE OFF;:FUNC:DEV2:REF:VAL 0;:FUNC:IMP:TYPE LSRS;:FUNC:SMON:IDC:STAT OFF;:FUNC:SMON:VDC:STAT OFF;:INIT:CONT OFF;:LIST:MODE SEQ;:LIST:STIM:TYPE FREQ,NONE;:SOUR:DCS:VOLT:LEV 0;:TRIG:DEL 0;:TRIG:SOUR INT;:TRIG:TDEL 0;:VOLT:LEV 1;:DISP:WIND:TEXT1:DATA:FMSD:STAT OFF;:DISP:WIND:TEXT2:DATA:FMSD:STAT OFF;:FUNC:DCR:RANG:VAL 100;:FUNC:IMP:RANG:VAL 1;:OUTP:DC:ISOL:LEV:VAL 0.02;:OUTP:DC:ISOL:STAT OFF;:FUNC:DCR:RANG:AUTO ON;:FUNC:IMP:RANG:AUTO ON;:OUTP:DC:ISOL:LEV:AUTO ON;:DISP:PAGE MEASurement;
"
1512.4,8.354921226e-07,0.1290313286
1512.4,8.357899087e-07,0.1290273161
1512.4,8.354902626e-07,0.1290208715
1512.4,8.354080396e-07,0.1290196479
1512.4,8.357843927e-07,0.1290168407
1512.4,8.356497319e-07,0.1290125045
1512.4,8.357094186e-07,0.1290070723
1512.4,8.356098057e-07,0.1290040718
1512.4,8.353949042e-07,0.1289997765
1512.4,8.358235833e-07,0.1289968637
1512.4,8.357456072e-07,0.1289954762
1512.4,8.356290914e-07,0.1289911193
1512.4,8.357557317e-07,0.1289868305
1512.4,8.355085511e-07,0.1289853511
1512.4,8.354946243e-07,0.1289814202
1512.4,8.354807524e-07,0.1289750128
Freq,1512.4,Rs,0.12900321898125,1.704289154007927e-05,Ls,8.356104080000001e-07,1.4501587622358832e-10
":SOUR:DCS:STAT OFF;:BIAS:STAT OFF;:COMP:BIN:COUN:CLE;:LIST:CLE:ALL;:COMP:BIN:CLE;:AMPL:ALC ON;:APER MED,25;:BIAS:POL:AUTO OFF;:BIAS:RANG:AUTO ON;:BIAS:VOLT:LEV 0;:COMP:ABIN OFF;:COMP:BIN:COUN:STAT OFF;:COMP:MODE PTOL;:COMP:SLIM -9.9e+037,9.9e+037;:COMP:STAT OFF;:COMP:SWAP OFF;:COMP:TOL:NOM 0;:DISP:ENAB ON;:DISP:LINE """";:DISP:WIND:TEXT1:DATA:FMSD:DATA 1e-009;:DISP:WIND:TEXT2:DATA:FMSD:DATA 1e-009;:FORM:ASC:LONG ON;:FORM:BORD NORM;:FORM:DATA ASC,64;:FREQ:CW 1512;:FUNC:DEV1:MODE OFF;:FUNC:DEV1:REF:VAL 0;:FUNC:DEV2:MODE OFF;:FUNC:DEV2:REF:VAL 0;:FUNC:IMP:TYPE LSRS;:FUNC:SMON:IDC:STAT OFF;:FUNC:SMON:VDC:STAT OFF;:INIT:CONT OFF;:LIST:MODE SEQ;:LIST:STIM:TYPE FREQ,NONE;:SOUR:DCS:VOLT:LEV 0;:TRIG:DEL 0;:TRIG:SOUR INT;:TRIG:TDEL 0;:VOLT:LEV 1;:DISP:WIND:TEXT1:DATA:FMSD:STAT OFF;:DISP:WIND:TEXT2:DATA:FMSD:STAT OFF;:FUNC:DCR:RANG:VAL 100;:FUNC:IMP:RANG:VAL 1;:OUTP:DC:ISOL:LEV:VAL 0.02;:OUTP:DC:ISOL:STAT OFF;:FUNC:DCR:RANG:AUTO ON;:FUNC:IMP:RANG:AUTO ON;:OUTP:DC:ISOL:LEV:AUTO ON;:DISP:PAGE MEASurement;
"
1591.5,8.341816739e-07,0.1289724952
1591.5,8.343335617e-07,0.1289692277
1591.5,8.341363923e-07,0.1289666921
1591.5,8.340971172e-07,0.128961051
1591.5,8.340389331e-07,0.1289596967
1591.5,8.342345877e-07,0.1289598784
1591.5,8.344371874e-07,0.1289561731
1591.5,8.342745828e-07,0.1289543178
1591.5,8.341413565e-07,0.1289529162
1591.5,8.338764338e-07,0.128950485
1591.5,8.341616153e-07,0.1289468402
1591.5,8.342514032e-07,0.1289446718
1591.5,8.340710666e-07,0.1289441849
1591.5,8.343253307e-07,0.1289394502
1591.5,8.343763467e-07,0.1289382618
1591.5,8.34402908e-07,0.1289361749
Freq,1591.5,Rs,0.1289532823125,1.117621671854115e-05,Ls,8.3420878105625e-07,1.4997382563740517e-10
":SOUR:DCS:STAT OFF;:BIAS:STAT OFF;:COMP:BIN:COUN:CLE;:LIST:CLE:ALL;:COMP:BIN:CLE;:AMPL:ALC ON;:APER MED,25;:BIAS:POL:AUTO OFF;:BIAS:RANG:AUTO ON;:BIAS:VOLT:LEV 0;:COMP:ABIN OFF;:COMP:BIN:COUN:STAT OFF;:COMP:MODE PTOL;:COMP:SLIM -9.9e+037,9.9e+037;:COMP:STAT OFF;:COMP:SWAP OFF;:COMP:TOL:NOM 0;:DISP:ENAB ON;:DISP:LINE """";:DISP:WIND:TEXT1:DATA:FMSD:DATA 1e-009;:DISP:WIND:TEXT2:DATA:FMSD:DATA 1e-009;:FORM:ASC:LONG ON;:FORM:BORD NORM;:FORM:DATA ASC,64;:FREQ:CW 1592;:FUNC:DEV1:MODE OFF;:FUNC:DEV1:REF:VAL 0;:FUNC:DEV2:MODE OFF;:FUNC:DEV2:REF:VAL 0;:FUNC:IMP:TYPE LSRS;:FUNC:SMON:IDC:STAT OFF;:FUNC:SMON:VDC:STAT OFF;:INIT:CONT OFF;:LIST:MODE SEQ;:LIST:STIM:TYPE FREQ,NONE;:SOUR:DCS:VOLT:LEV 0;:TRIG:DEL 0;:TRIG:SOUR INT;:TRIG:TDEL 0;:VOLT:LEV 1;:DISP:WIND:TEXT1:DATA:FMSD:STAT OFF;:DISP:WIND:TEXT2:DATA:FMSD:STAT OFF;:FUNC:DCR:RANG:VAL 100;:FUNC:IMP:RANG:VAL 1;:OUTP:DC:ISOL:LEV:VAL 0.02;:OUTP:DC:ISOL:STAT OFF;:FUNC:DCR:RANG:AUTO ON;:FUNC:IMP:RANG:AUTO ON;:OUTP:DC:ISOL:LEV:AUTO ON;:DISP:PAGE MEASurement;
"
1670.8,8.328922038e-07,0.1289332291
1670.8,8.330356079e-07,0.1289315429
1670.8,8.328686283e-07,0.1289302732
1670.8,8.329062844e-07,0.1289266019
1670.8,8.330616745e-07,0.1289270964
1670.8,8.328810125e-07,0.1289238138
1670.8,8.33122113e-07,0.128920412
1670.8,8.328875087e-07,0.128919949
1670.8,8.331162028e-07,0.1289176796
1670.8,8.331856192e-07,0.1289174956
1670.8,8.329063802e-07,0.128912751
1670.8,8.328651927e-07,0.1289114897
1670.8,8.329675192e-07,0.1289112881
1670.8,8.330650108e-07,0.1289113992
1670.8,8.330346613e-07,0.1289080306
1670.8,8.331646679e-07,0.1289071542
Freq,1670.8,Rs,0.12891938789375001,8.60710726221529e-06,Ls,8.329975179500001e-07,1.1338775375738899e-10
":SOUR:DCS:STAT OFF;:BIAS:STAT OFF;:COMP:BIN:COUN:CLE;:LIST:CLE:ALL;:COMP:BIN:CLE;:AMPL:ALC ON;:APER MED,25;:BIAS:POL:AUTO OFF;:BIAS:RANG:AUTO ON;:BIAS:VOLT:LEV 0;:COMP:ABIN OFF;:COMP:BIN:COUN:STAT OFF;:COMP:MODE PTOL;:COMP:SLIM -9.9e+037,9.9e+037;:COMP:STAT OFF;:COMP:SWAP OFF;:COMP:TOL:NOM 0;:DISP:ENAB ON;:DISP:LINE """";:DISP:WIND:TEXT1:DATA:FMSD:DATA 1e-009;:DISP:WIND:TEXT2:DATA:FMSD:DATA 1e-009;:FORM:ASC:LONG ON;:FORM:BORD NORM;:FORM:DATA ASC,64;:FREQ:CW 1671;:FUNC:DEV1:MODE OFF;:FUNC:DEV1:REF:VAL 0;:FUNC:DEV2:MODE OFF;:FUNC:DEV2:REF:VAL 0;:FUNC:IMP:TYPE LSRS;:FUNC:SMON:IDC:STAT OFF;:FUNC:SMON:VDC:STAT OFF;:INIT:CONT OFF;:LIST:MODE SEQ;:LIST:STIM:TYPE FREQ,NONE;:SOUR:DCS:VOLT:LEV 0;:TRIG:DEL 0;:TRIG:SOUR INT;:TRIG:TDEL 0;:VOLT:LEV 1;:DISP:WIND:TEXT1:DATA:FMSD:STAT OFF;:DISP:WIND:TEXT2:DATA:FMSD:STAT OFF;:FUNC:DCR:RANG:VAL 100;:FUNC:IMP:RANG:VAL 1;:OUTP:DC:ISOL:LEV:VAL 0.02;:OUTP:DC:ISOL:STAT OFF;:FUNC:DCR:RANG:AUTO ON;:FUNC:IMP:RANG:AUTO ON;:OUTP:DC:ISOL:LEV:AUTO ON;:DISP:PAGE MEASurement;
"
1749.6,8.319106106e-07,0.1289046103
1749.6,8.319673312e-07,0.1289018983
1749.6,8.319305654e-07,0.1289037199
1749.6,8.318381664e-07,0.128903612
1749.6,8.317098754e-07,0.1289007293
1749.6,8.318599005e-07,0.1289006723
1749.6,8.319872767e-07,0.1289005883
1749.6,8.320549467e-07,0.1288985425
1749.6,8.317354086e-07,0.1288951062
1749.6,8.317119867e-07,0.1288974068
1749.6,8.318807706e-07,0.1288974737
1749.6,8.320196805e-07,0.1288944855
1749.6,8.316546718e-07,0.1288947616
1749.6,8.317724931e-07,0.1288932501
1749.6,8.319050913e-07,0.1288931918
1749.6,8.317844677e-07,0.128894902
Freq,1749.6,Rs,0.12889843441249998,3.905456804844717e-06,Ls,8.318577027e-07,1.2030789780164399e-10
":SOUR:DCS:STAT OFF;:BIAS:STAT OFF;:COMP:BIN:COUN:CLE;:LIST:CLE:ALL;:COMP:BIN:CLE;:AMPL:ALC ON;:APER MED,25;:BIAS:POL:AUTO OFF;:BIAS:RANG:AUTO ON;:BIAS:VOLT:LEV 0;:COMP:ABIN OFF;:COMP:BIN:COUN:STAT OFF;:COMP:MODE PTOL;:COMP:SLIM -9.9e+037,9.9e+037;:COMP:STAT OFF;:COMP:SWAP OFF;:COMP:TOL:NOM 0;:DISP:ENAB ON;:DISP:LINE """";:DISP:WIND:TEXT1:DATA:FMSD:DATA 1e-009;:DISP:WIND:TEXT2:DATA:FMSD:DATA 1e-009;:FORM:ASC:LONG ON;:FORM:BORD NORM;:FORM:DATA ASC,64;:FREQ:CW 1750;:FUNC:DEV1:MODE OFF;:FUNC:DEV1:REF:VAL 0;:FUNC:DEV2:MODE OFF;:FUNC:DEV2:REF:VAL 0;:FUNC:IMP:TYPE LSRS;:FUNC:SMON:IDC:STAT OFF;:FUNC:SMON:VDC:STAT OFF;:INIT:CONT OFF;:LIST:MODE SEQ;:LIST:STIM:TYPE FREQ,NONE;:SOUR:DCS:VOLT:LEV 0;:TRIG:DEL 0;:TRIG:SOUR INT;:TRIG:TDEL 0;:VOLT:LEV 1;:DISP:WIND:TEXT1:DATA:FMSD:STAT OFF;:DISP:WIND:TEXT2:DATA:FMSD:STAT OFF;:FUNC:DCR:RANG:VAL 100;:FUNC:IMP:RANG:VAL 1;:OUTP:DC:ISOL:LEV:VAL 0.02;:OUTP:DC:ISOL:STAT OFF;:FUNC:DCR:RANG:AUTO ON;:FUNC:IMP:RANG:AUTO ON;:OUTP:DC:ISOL:LEV:AUTO ON;:DISP:PAGE MEASurement;
"
":SOUR:DCS:STAT OFF;:BIAS:STAT OFF;:COMP:BIN:COUN:CLE;:LIST:CLE:ALL;:COMP:BIN:CLE;:AMPL:ALC ON;:APER MED,25;:BIAS:POL:AUTO OFF;:BIAS:RANG:AUTO ON;:BIAS:VOLT:LEV 0;:COMP:ABIN OFF;:COMP:BIN:COUN:STAT OFF;:COMP:MODE PTOL;:COMP:SLIM -9.9e+037,9.9e+037;:COMP:STAT OFF;:COMP:SWAP OFF;:COMP:TOL:NOM 0;:DISP:ENAB ON;:DISP:LINE """";:DISP:WIND:TEXT1:DATA:FMSD:DATA 1e-009;:DISP:WIND:TEXT2:DATA:FMSD:DATA 1e-009;:FORM:ASC:LONG ON;:FORM:BORD NORM;:FORM:DATA ASC,64;:FREQ:CW 1750;:FUNC:DEV1:MODE OFF;:FUNC:DEV1:REF:VAL 0;:FUNC:DEV2:MODE OFF;:FUNC:DEV2:REF:VAL 0;:FUNC:IMP:TYPE LSRS;:FUNC:SMON:IDC:STAT OFF;:FUNC:SMON:VDC:STAT OFF;:INIT:CONT OFF;:LIST:MODE SEQ;:LIST:STIM:TYPE FREQ,NONE;:SOUR:DCS:VOLT:LEV 0;:TRIG:DEL 0;:TRIG:SOUR INT;:TRIG:TDEL 0;:VOLT:LEV 1;:DISP:WIND:TEXT1:DATA:FMSD:STAT OFF;:DISP:WIND:TEXT2:DATA:FMSD:STAT OFF;:FUNC:DCR:RANG:VAL 100;:FUNC:IMP:RANG:VAL 1;:OUTP:DC:ISOL:LEV:VAL 0.02;:OUTP:DC:ISOL:STAT OFF;:FUNC:DCR:RANG:AUTO ON;:FUNC:IMP:RANG:AUTO ON;:OUTP:DC:ISOL:LEV:AUTO ON;:DISP:PAGE MEASurement;
"
2025-10-15,14:47:38
---------run finished---------
lcr name:,KeySight E4980A
Name and description of Device under test: ,Cable_K
GPIB source:,<bound method MessageBasedResource.read of <'GPIBInstrument'('GPIB0::17::INSTR')>>
2025-10-15,14:51:20
select the freq range 90% - 110%,"[1432.4, 1512.4, 1591.5, 1670.8, 1749.6]"
1432.4,6.962618597e-07,0.1099318531
1432.4,6.96198232e-07,0.1099419286
1432.4,6.961475647e-07,0.1099453517
1432.4,6.960193619e-07,0.1099391116
1432.4,6.960586582e-07,0.1099375053
1432.4,6.960004259e-07,0.1099379561
1432.4,6.958768496e-07,0.1099316652
1432.4,6.956985115e-07,0.1099372425
1432.4,6.957805302e-07,0.1099355585
1432.4,6.959166198e-07,0.109911781
1432.4,6.960877454e-07,0.1098998996
1432.4,6.96080473e-07,0.109890081
1432.4,6.960737305e-07,0.1098811518
1432.4,6.959571685e-07,0.1098820624
1432.4,6.959398935e-07,0.1098826778
1432.4,6.959269962e-07,0.1098802185
Freq,1432.4,Rs,0.10991662779375,2.5874518732053538e-05,Ls,6.960015387874999e-07,1.4719342122033322e-10
":SOUR:DCS:STAT OFF;:BIAS:STAT OFF;:COMP:BIN:COUN:CLE;:LIST:CLE:ALL;:COMP:BIN:CLE;:AMPL:ALC ON;:APER MED,25;:BIAS:POL:AUTO OFF;:BIAS:RANG:AUTO ON;:BIAS:VOLT:LEV 0;:COMP:ABIN OFF;:COMP:BIN:COUN:STAT OFF;:COMP:MODE PTOL;:COMP:SLIM -9.9e+037,9.9e+037;:COMP:STAT OFF;:COMP:SWAP OFF;:COMP:TOL:NOM 0;:DISP:ENAB ON;:DISP:LINE """";:DISP:WIND:TEXT1:DATA:FMSD:DATA 1e-009;:DISP:WIND:TEXT2:DATA:FMSD:DATA 1e-009;:FORM:ASC:LONG ON;:FORM:BORD NORM;:FORM:DATA ASC,64;:FREQ:CW 1432;:FUNC:DEV1:MODE OFF;:FUNC:DEV1:REF:VAL 0;:FUNC:DEV2:MODE OFF;:FUNC:DEV2:REF:VAL 0;:FUNC:IMP:TYPE LSRS;:FUNC:SMON:IDC:STAT OFF;:FUNC:SMON:VDC:STAT OFF;:INIT:CONT OFF;:LIST:MODE SEQ;:LIST:STIM:TYPE FREQ,NONE;:SOUR:DCS:VOLT:LEV 0;:TRIG:DEL 0;:TRIG:SOUR INT;:TRIG:TDEL 0;:VOLT:LEV 1;:DISP:WIND:TEXT1:DATA:FMSD:STAT OFF;:DISP:WIND:TEXT2:DATA:FMSD:STAT OFF;:FUNC:DCR:RANG:VAL 100;:FUNC:IMP:RANG:VAL 1;:OUTP:DC:ISOL:LEV:VAL 0.02;:OUTP:DC:ISOL:STAT OFF;:FUNC:DCR:RANG:AUTO ON;:FUNC:IMP:RANG:AUTO ON;:OUTP:DC:ISOL:LEV:AUTO ON;:DISP:PAGE MEASurement;
"
1512.4,6.944350567e-07,0.1098806004
1512.4,6.942730548e-07,0.1098795518
1512.4,6.942713298e-07,0.1098836116
1512.4,6.944047835e-07,0.1098770159
1512.4,6.94314762e-07,0.1098807268
1512.4,6.939221731e-07,0.1098985068
1512.4,6.939738948e-07,0.1099008328
1512.4,6.938254975e-07,0.1098996109
1512.4,6.938721134e-07,0.1098986088
1512.4,6.939472046e-07,0.1099000985
1512.4,6.939258249e-07,0.109904189
1512.4,6.940066095e-07,0.1099032844
1512.4,6.940046555e-07,0.1099057718
1512.4,6.939153847e-07,0.1099044397
1512.4,6.937461402e-07,0.1099035066
1512.4,6.938634591e-07,0.1099024355
Freq,1512.4,Rs,0.10989517445625,1.0629554425780537e-05,Ls,6.9404387150625e-07,2.1935204672594953e-10
":SOUR:DCS:STAT OFF;:BIAS:STAT OFF;:COMP:BIN:COUN:CLE;:LIST:CLE:ALL;:COMP:BIN:CLE;:AMPL:ALC ON;:APER MED,25;:BIAS:POL:AUTO OFF;:BIAS:RANG:AUTO ON;:BIAS:VOLT:LEV 0;:COMP:ABIN OFF;:COMP:BIN:COUN:STAT OFF;:COMP:MODE PTOL;:COMP:SLIM -9.9e+037,9.9e+037;:COMP:STAT OFF;:COMP:SWAP OFF;:COMP:TOL:NOM 0;:DISP:ENAB ON;:DISP:LINE """";:DISP:WIND:TEXT1:DATA:FMSD:DATA 1e-009;:DISP:WIND:TEXT2:DATA:FMSD:DATA 1e-009;:FORM:ASC:LONG ON;:FORM:BORD NORM;:FORM:DATA ASC,64;:FREQ:CW 1512;:FUNC:DEV1:MODE OFF;:FUNC:DEV1:REF:VAL 0;:FUNC:DEV2:MODE OFF;:FUNC:DEV2:REF:VAL 0;:FUNC:IMP:TYPE LSRS;:FUNC:SMON:IDC:STAT OFF;:FUNC:SMON:VDC:STAT OFF;:INIT:CONT OFF;:LIST:MODE SEQ;:LIST:STIM:TYPE FREQ,NONE;:SOUR:DCS:VOLT:LEV 0;:TRIG:DEL 0;:TRIG:SOUR INT;:TRIG:TDEL 0;:VOLT:LEV 1;:DISP:WIND:TEXT1:DATA:FMSD:STAT OFF;:DISP:WIND:TEXT2:DATA:FMSD:STAT OFF;:FUNC:DCR:RANG:VAL 100;:FUNC:IMP:RANG:VAL 1;:OUTP:DC:ISOL:LEV:VAL 0.02;:OUTP:DC:ISOL:STAT OFF;:FUNC:DCR:RANG:AUTO ON;:FUNC:IMP:RANG:AUTO ON;:OUTP:DC:ISOL:LEV:AUTO ON;:DISP:PAGE MEASurement;
"
1591.5,6.954663856e-07,0.1094195063
1591.5,6.964012458e-07,0.1093356356
1591.5,6.966402427e-07,0.1092896259
1591.5,6.968222359e-07,0.1092711395
1591.5,6.968294811e-07,0.1092836223
1591.5,6.963887505e-07,0.1093071488
1591.5,6.96074711e-07,0.109331294
1591.5,6.956501632e-07,0.1093717023
1591.5,6.959333812e-07,0.109386436
1591.5,6.956339624e-07,0.1093905955
1591.5,6.951786997e-07,0.1094121812
1591.5,6.95030707e-07,0.1094587347
1591.5,6.94887811e-07,0.1094867903
1591.5,6.944044559e-07,0.1095091702
1591.5,6.944959502e-07,0.1095227082
1591.5,6.94304068e-07,0.109514867
Freq,1591.5,Rs,0.1093931973625,8.634415976350254e-05,Ls,6.956338907e-07,8.574319546180477e-10
":SOUR:DCS:STAT OFF;:BIAS:STAT OFF;:COMP:BIN:COUN:CLE;:LIST:CLE:ALL;:COMP:BIN:CLE;:AMPL:ALC ON;:APER MED,25;:BIAS:POL:AUTO OFF;:BIAS:RANG:AUTO ON;:BIAS:VOLT:LEV 0;:COMP:ABIN OFF;:COMP:BIN:COUN:STAT OFF;:COMP:MODE PTOL;:COMP:SLIM -9.9e+037,9.9e+037;:COMP:STAT OFF;:COMP:SWAP OFF;:COMP:TOL:NOM 0;:DISP:ENAB ON;:DISP:LINE """";:DISP:WIND:TEXT1:DATA:FMSD:DATA 1e-009;:DISP:WIND:TEXT2:DATA:FMSD:DATA 1e-009;:FORM:ASC:LONG ON;:FORM:BORD NORM;:FORM:DATA ASC,64;:FREQ:CW 1592;:FUNC:DEV1:MODE OFF;:FUNC:DEV1:REF:VAL 0;:FUNC:DEV2:MODE OFF;:FUNC:DEV2:REF:VAL 0;:FUNC:IMP:TYPE LSRS;:FUNC:SMON:IDC:STAT OFF;:FUNC:SMON:VDC:STAT OFF;:INIT:CONT OFF;:LIST:MODE SEQ;:LIST:STIM:TYPE FREQ,NONE;:SOUR:DCS:VOLT:LEV 0;:TRIG:DEL 0;:TRIG:SOUR INT;:TRIG:TDEL 0;:VOLT:LEV 1;:DISP:WIND:TEXT1:DATA:FMSD:STAT OFF;:DISP:WIND:TEXT2:DATA:FMSD:STAT OFF;:FUNC:DCR:RANG:VAL 100;:FUNC:IMP:RANG:VAL 1;:OUTP:DC:ISOL:LEV:VAL 0.02;:OUTP:DC:ISOL:STAT OFF;:FUNC:DCR:RANG:AUTO ON;:FUNC:IMP:RANG:AUTO ON;:OUTP:DC:ISOL:LEV:AUTO ON;:DISP:PAGE MEASurement;
"
1670.8,6.934608134e-07,0.1095011386
1670.8,6.933911453e-07,0.1094998588
1670.8,6.933875107e-07,0.1094906598
1670.8,6.934691755e-07,0.1094903942
1670.8,6.930719478e-07,0.10952494
1670.8,6.932128618e-07,0.1095203559
1670.8,6.932609628e-07,0.1095143352
1670.8,6.930000482e-07,0.1095287105
1670.8,6.931265615e-07,0.1095094517
1670.8,6.932041622e-07,0.1095104319
1670.8,6.932799748e-07,0.1094907152
1670.8,6.932807459e-07,0.1094939606
1670.8,6.933346192e-07,0.1094927814
1670.8,6.92940902e-07,0.1094948145
1670.8,6.933618245e-07,0.1094756539
1670.8,6.934149194e-07,0.1094768456
Freq,1670.8,Rs,0.1095009404875,1.583567554196924e-05,Ls,6.932623859374999e-07,1.6044143018884942e-10
":SOUR:DCS:STAT OFF;:BIAS:STAT OFF;:COMP:BIN:COUN:CLE;:LIST:CLE:ALL;:COMP:BIN:CLE;:AMPL:ALC ON;:APER MED,25;:BIAS:POL:AUTO OFF;:BIAS:RANG:AUTO ON;:BIAS:VOLT:LEV 0;:COMP:ABIN OFF;:COMP:BIN:COUN:STAT OFF;:COMP:MODE PTOL;:COMP:SLIM -9.9e+037,9.9e+037;:COMP:STAT OFF;:COMP:SWAP OFF;:COMP:TOL:NOM 0;:DISP:ENAB ON;:DISP:LINE """";:DISP:WIND:TEXT1:DATA:FMSD:DATA 1e-009;:DISP:WIND:TEXT2:DATA:FMSD:DATA 1e-009;:FORM:ASC:LONG ON;:FORM:BORD NORM;:FORM:DATA ASC,64;:FREQ:CW 1671;:FUNC:DEV1:MODE OFF;:FUNC:DEV1:REF:VAL 0;:FUNC:DEV2:MODE OFF;:FUNC:DEV2:REF:VAL 0;:FUNC:IMP:TYPE LSRS;:FUNC:SMON:IDC:STAT OFF;:FUNC:SMON:VDC:STAT OFF;:INIT:CONT OFF;:LIST:MODE SEQ;:LIST:STIM:TYPE FREQ,NONE;:SOUR:DCS:VOLT:LEV 0;:TRIG:DEL 0;:TRIG:SOUR INT;:TRIG:TDEL 0;:VOLT:LEV 1;:DISP:WIND:TEXT1:DATA:FMSD:STAT OFF;:DISP:WIND:TEXT2:DATA:FMSD:STAT OFF;:FUNC:DCR:RANG:VAL 100;:FUNC:IMP:RANG:VAL 1;:OUTP:DC:ISOL:LEV:VAL 0.02;:OUTP:DC:ISOL:STAT OFF;:FUNC:DCR:RANG:AUTO ON;:FUNC:IMP:RANG:AUTO ON;:OUTP:DC:ISOL:LEV:AUTO ON;:DISP:PAGE MEASurement;
"
1749.6,6.911594384e-07,0.1094805017
1749.6,6.915060411e-07,0.1094655806
1749.6,6.930421831e-07,0.1094328992
1749.6,6.923924034e-07,0.1094244651
1749.6,6.928047533e-07,0.1093955975
1749.6,6.923131942e-07,0.1093771412
1749.6,6.930113984e-07,0.1093635235
1749.6,6.930387293e-07,0.1093409731
1749.6,6.934844985e-07,0.1093321058
1749.6,6.933800381e-07,0.1093104443
1749.6,6.936576708e-07,0.1092874038
1749.6,6.936737055e-07,0.1092680173
1749.6,6.93720511e-07,0.1092645188
1749.6,6.945974293e-07,0.109266011
1749.6,6.947411918e-07,0.1092795266
1749.6,6.933670296e-07,0.1092754611
Freq,1749.6,Rs,0.1093477606625,7.448259233919374e-05,Ls,6.931181384875e-07,9.585278011963823e-10
":SOUR:DCS:STAT OFF;:BIAS:STAT OFF;:COMP:BIN:COUN:CLE;:LIST:CLE:ALL;:COMP:BIN:CLE;:AMPL:ALC ON;:APER MED,25;:BIAS:POL:AUTO OFF;:BIAS:RANG:AUTO ON;:BIAS:VOLT:LEV 0;:COMP:ABIN OFF;:COMP:BIN:COUN:STAT OFF;:COMP:MODE PTOL;:COMP:SLIM -9.9e+037,9.9e+037;:COMP:STAT OFF;:COMP:SWAP OFF;:COMP:TOL:NOM 0;:DISP:ENAB ON;:DISP:LINE """";:DISP:WIND:TEXT1:DATA:FMSD:DATA 1e-009;:DISP:WIND:TEXT2:DATA:FMSD:DATA 1e-009;:FORM:ASC:LONG ON;:FORM:BORD NORM;:FORM:DATA ASC,64;:FREQ:CW 1750;:FUNC:DEV1:MODE OFF;:FUNC:DEV1:REF:VAL 0;:FUNC:DEV2:MODE OFF;:FUNC:DEV2:REF:VAL 0;:FUNC:IMP:TYPE LSRS;:FUNC:SMON:IDC:STAT OFF;:FUNC:SMON:VDC:STAT OFF;:INIT:CONT OFF;:LIST:MODE SEQ;:LIST:STIM:TYPE FREQ,NONE;:SOUR:DCS:VOLT:LEV 0;:TRIG:DEL 0;:TRIG:SOUR INT;:TRIG:TDEL 0;:VOLT:LEV 1;:DISP:WIND:TEXT1:DATA:FMSD:STAT OFF;:DISP:WIND:TEXT2:DATA:FMSD:STAT OFF;:FUNC:DCR:RANG:VAL 100;:FUNC:IMP:RANG:VAL 1;:OUTP:DC:ISOL:LEV:VAL 0.02;:OUTP:DC:ISOL:STAT OFF;:FUNC:DCR:RANG:AUTO ON;:FUNC:IMP:RANG:AUTO ON;:OUTP:DC:ISOL:LEV:AUTO ON;:DISP:PAGE MEASurement;
"
":SOUR:DCS:STAT OFF;:BIAS:STAT OFF;:COMP:BIN:COUN:CLE;:LIST:CLE:ALL;:COMP:BIN:CLE;:AMPL:ALC ON;:APER MED,25;:BIAS:POL:AUTO OFF;:BIAS:RANG:AUTO ON;:BIAS:VOLT:LEV 0;:COMP:ABIN OFF;:COMP:BIN:COUN:STAT OFF;:COMP:MODE PTOL;:COMP:SLIM -9.9e+037,9.9e+037;:COMP:STAT OFF;:COMP:SWAP OFF;:COMP:TOL:NOM 0;:DISP:ENAB ON;:DISP:LINE """";:DISP:WIND:TEXT1:DATA:FMSD:DATA 1e-009;:DISP:WIND:TEXT2:DATA:FMSD:DATA 1e-009;:FORM:ASC:LONG ON;:FORM:BORD NORM;:FORM:DATA ASC,64;:FREQ:CW 1750;:FUNC:DEV1:MODE OFF;:FUNC:DEV1:REF:VAL 0;:FUNC:DEV2:MODE OFF;:FUNC:DEV2:REF:VAL 0;:FUNC:IMP:TYPE LSRS;:FUNC:SMON:IDC:STAT OFF;:FUNC:SMON:VDC:STAT OFF;:INIT:CONT OFF;:LIST:MODE SEQ;:LIST:STIM:TYPE FREQ,NONE;:SOUR:DCS:VOLT:LEV 0;:TRIG:DEL 0;:TRIG:SOUR INT;:TRIG:TDEL 0;:VOLT:LEV 1;:DISP:WIND:TEXT1:DATA:FMSD:STAT OFF;:DISP:WIND:TEXT2:DATA:FMSD:STAT OFF;:FUNC:DCR:RANG:VAL 100;:FUNC:IMP:RANG:VAL 1;:OUTP:DC:ISOL:LEV:VAL 0.02;:OUTP:DC:ISOL:STAT OFF;:FUNC:DCR:RANG:AUTO ON;:FUNC:IMP:RANG:AUTO ON;:OUTP:DC:ISOL:LEV:AUTO ON;:DISP:PAGE MEASurement;
"
2025-10-15,14:54:39
---------run finished---------
lcr name:,KeySight E4980A
Name and description of Device under test: ,Cable_K_rpt
GPIB source:,<bound method MessageBasedResource.read of <'GPIBInstrument'('GPIB0::17::INSTR')>>
2025-10-15,14:55:22
select the freq range 90% - 110%,"[1432.4, 1512.4, 1591.5, 1670.8, 1749.6]"
1432.4,6.98160187e-07,0.1092483213
1432.4,6.98159961e-07,0.1092594915
1432.4,6.982228069e-07,0.109254686
1432.4,6.980814236e-07,0.1092644493
1432.4,6.978290831e-07,0.10928085
1432.4,6.977014491e-07,0.1092984699
1432.4,6.975773784e-07,0.1093220285
1432.4,6.974911804e-07,0.1093344945
1432.4,6.974443117e-07,0.1093405325
1432.4,6.973850359e-07,0.1093491874
1432.4,6.972482264e-07,0.1093765148
1432.4,6.970294886e-07,0.1093863027
1432.4,6.973138583e-07,0.1093901242
1432.4,6.973506393e-07,0.1093923616
1432.4,6.971786721e-07,0.1093771633
1432.4,6.971845249e-07,0.10938674
Freq,1432.4,Rs,0.10932885734375,5.406482496440549e-05,Ls,6.9758488916875e-07,3.9432346032660347e-10
":SOUR:DCS:STAT OFF;:BIAS:STAT OFF;:COMP:BIN:COUN:CLE;:LIST:CLE:ALL;:COMP:BIN:CLE;:AMPL:ALC ON;:APER MED,25;:BIAS:POL:AUTO OFF;:BIAS:RANG:AUTO ON;:BIAS:VOLT:LEV 0;:COMP:ABIN OFF;:COMP:BIN:COUN:STAT OFF;:COMP:MODE PTOL;:COMP:SLIM -9.9e+037,9.9e+037;:COMP:STAT OFF;:COMP:SWAP OFF;:COMP:TOL:NOM 0;:DISP:ENAB ON;:DISP:LINE """";:DISP:WIND:TEXT1:DATA:FMSD:DATA 1e-009;:DISP:WIND:TEXT2:DATA:FMSD:DATA 1e-009;:FORM:ASC:LONG ON;:FORM:BORD NORM;:FORM:DATA ASC,64;:FREQ:CW 1432;:FUNC:DEV1:MODE OFF;:FUNC:DEV1:REF:VAL 0;:FUNC:DEV2:MODE OFF;:FUNC:DEV2:REF:VAL 0;:FUNC:IMP:TYPE LSRS;:FUNC:SMON:IDC:STAT OFF;:FUNC:SMON:VDC:STAT OFF;:INIT:CONT OFF;:LIST:MODE SEQ;:LIST:STIM:TYPE FREQ,NONE;:SOUR:DCS:VOLT:LEV 0;:TRIG:DEL 0;:TRIG:SOUR INT;:TRIG:TDEL 0;:VOLT:LEV 1;:DISP:WIND:TEXT1:DATA:FMSD:STAT OFF;:DISP:WIND:TEXT2:DATA:FMSD:STAT OFF;:FUNC:DCR:RANG:VAL 100;:FUNC:IMP:RANG:VAL 1;:OUTP:DC:ISOL:LEV:VAL 0.02;:OUTP:DC:ISOL:STAT OFF;:FUNC:DCR:RANG:AUTO ON;:FUNC:IMP:RANG:AUTO ON;:OUTP:DC:ISOL:LEV:AUTO ON;:DISP:PAGE MEASurement;
"
1512.4,6.95223888e-07,0.1094441962
1512.4,6.951831147e-07,0.1094654039
1512.4,6.94963143e-07,0.1094674894
1512.4,6.948913352e-07,0.1094698846
1512.4,6.949945556e-07,0.1094747113
1512.4,6.951768027e-07,0.1094730112
1512.4,6.948306848e-07,0.1094785557
1512.4,6.947919999e-07,0.1094825909
1512.4,6.948648468e-07,0.1094841009
1512.4,6.94746072e-07,0.1094893326
1512.4,6.94759348e-07,0.109489712
1512.4,6.947925642e-07,0.1094940322
1512.4,6.945863349e-07,0.1094989485
1512.4,6.946723725e-07,0.1095030328
1512.4,6.947343407e-07,0.1095027305
1512.4,6.948349324e-07,0.1095021958
Freq,1512.4,Rs,0.10948249553125,1.6398758811720287e-05,Ls,6.948778959625e-07,1.864516146595622e-10
":SOUR:DCS:STAT OFF;:BIAS:STAT OFF;:COMP:BIN:COUN:CLE;:LIST:CLE:ALL;:COMP:BIN:CLE;:AMPL:ALC ON;:APER MED,25;:BIAS:POL:AUTO OFF;:BIAS:RANG:AUTO ON;:BIAS:VOLT:LEV 0;:COMP:ABIN OFF;:COMP:BIN:COUN:STAT OFF;:COMP:MODE PTOL;:COMP:SLIM -9.9e+037,9.9e+037;:COMP:STAT OFF;:COMP:SWAP OFF;:COMP:TOL:NOM 0;:DISP:ENAB ON;:DISP:LINE """";:DISP:WIND:TEXT1:DATA:FMSD:DATA 1e-009;:DISP:WIND:TEXT2:DATA:FMSD:DATA 1e-009;:FORM:ASC:LONG ON;:FORM:BORD NORM;:FORM:DATA ASC,64;:FREQ:CW 1512;:FUNC:DEV1:MODE OFF;:FUNC:DEV1:REF:VAL 0;:FUNC:DEV2:MODE OFF;:FUNC:DEV2:REF:VAL 0;:FUNC:IMP:TYPE LSRS;:FUNC:SMON:IDC:STAT OFF;:FUNC:SMON:VDC:STAT OFF;:INIT:CONT OFF;:LIST:MODE SEQ;:LIST:STIM:TYPE FREQ,NONE;:SOUR:DCS:VOLT:LEV 0;:TRIG:DEL 0;:TRIG:SOUR INT;:TRIG:TDEL 0;:VOLT:LEV 1;:DISP:WIND:TEXT1:DATA:FMSD:STAT OFF;:DISP:WIND:TEXT2:DATA:FMSD:STAT OFF;:FUNC:DCR:RANG:VAL 100;:FUNC:IMP:RANG:VAL 1;:OUTP:DC:ISOL:LEV:VAL 0.02;:OUTP:DC:ISOL:STAT OFF;:FUNC:DCR:RANG:AUTO ON;:FUNC:IMP:RANG:AUTO ON;:OUTP:DC:ISOL:LEV:AUTO ON;:DISP:PAGE MEASurement;
"
1591.5,6.934884323e-07,0.1095094287
1591.5,6.933956915e-07,0.1095094815
1591.5,6.935877602e-07,0.1095100393
1591.5,6.933855557e-07,0.1095149575
1591.5,6.930506299e-07,0.1095106821
1591.5,6.933541577e-07,0.1095076415
1591.5,6.933475135e-07,0.1095104833
1591.5,6.933568051e-07,0.1095185913
1591.5,6.931623514e-07,0.1095172009
1591.5,6.932292257e-07,0.1095246635
1591.5,6.93193889e-07,0.1095241619
1591.5,6.931095358e-07,0.1095248224
1591.5,6.933355176e-07,0.1095191805
1591.5,6.931975441e-07,0.1095159361
1591.5,6.934412135e-07,0.109504019
1591.5,6.933655967e-07,0.1094891815
Freq,1591.5,Rs,0.10951315443750001,9.025419923737732e-06,Ls,6.9331258873125e-07,1.438405894534399e-10
":SOUR:DCS:STAT OFF;:BIAS:STAT OFF;:COMP:BIN:COUN:CLE;:LIST:CLE:ALL;:COMP:BIN:CLE;:AMPL:ALC ON;:APER MED,25;:BIAS:POL:AUTO OFF;:BIAS:RANG:AUTO ON;:BIAS:VOLT:LEV 0;:COMP:ABIN OFF;:COMP:BIN:COUN:STAT OFF;:COMP:MODE PTOL;:COMP:SLIM -9.9e+037,9.9e+037;:COMP:STAT OFF;:COMP:SWAP OFF;:COMP:TOL:NOM 0;:DISP:ENAB ON;:DISP:LINE """";:DISP:WIND:TEXT1:DATA:FMSD:DATA 1e-009;:DISP:WIND:TEXT2:DATA:FMSD:DATA 1e-009;:FORM:ASC:LONG ON;:FORM:BORD NORM;:FORM:DATA ASC,64;:FREQ:CW 1592;:FUNC:DEV1:MODE OFF;:FUNC:DEV1:REF:VAL 0;:FUNC:DEV2:MODE OFF;:FUNC:DEV2:REF:VAL 0;:FUNC:IMP:TYPE LSRS;:FUNC:SMON:IDC:STAT OFF;:FUNC:SMON:VDC:STAT OFF;:INIT:CONT OFF;:LIST:MODE SEQ;:LIST:STIM:TYPE FREQ,NONE;:SOUR:DCS:VOLT:LEV 0;:TRIG:DEL 0;:TRIG:SOUR INT;:TRIG:TDEL 0;:VOLT:LEV 1;:DISP:WIND:TEXT1:DATA:FMSD:STAT OFF;:DISP:WIND:TEXT2:DATA:FMSD:STAT OFF;:FUNC:DCR:RANG:VAL 100;:FUNC:IMP:RANG:VAL 1;:OUTP:DC:ISOL:LEV:VAL 0.02;:OUTP:DC:ISOL:STAT OFF;:FUNC:DCR:RANG:AUTO ON;:FUNC:IMP:RANG:AUTO ON;:OUTP:DC:ISOL:LEV:AUTO ON;:DISP:PAGE MEASurement;
"
1670.8,6.923233968e-07,0.1094851588
1670.8,6.921498287e-07,0.109483424
1670.8,6.922501245e-07,0.109470242
1670.8,6.923997997e-07,0.109466695
1670.8,6.923921049e-07,0.1094648817
1670.8,6.923123494e-07,0.1094707828
1670.8,6.923866028e-07,0.1094711523
1670.8,6.9227032e-07,0.1094753581
1670.8,6.922002869e-07,0.1094792532
1670.8,6.921561271e-07,0.1094824598
1670.8,6.922074885e-07,0.1094906478
1670.8,6.920674172e-07,0.1094979069
1670.8,6.921029829e-07,0.1095007122
1670.8,6.922988715e-07,0.1094923693
1670.8,6.922579305e-07,0.1094925087
1670.8,6.920242054e-07,0.1094985109
Freq,1670.8,Rs,0.10948262896875,1.193063452242245e-05,Ls,6.922374898e-07,1.1546644729965071e-10
":SOUR:DCS:STAT OFF;:BIAS:STAT OFF;:COMP:BIN:COUN:CLE;:LIST:CLE:ALL;:COMP:BIN:CLE;:AMPL:ALC ON;:APER MED,25;:BIAS:POL:AUTO OFF;:BIAS:RANG:AUTO ON;:BIAS:VOLT:LEV 0;:COMP:ABIN OFF;:COMP:BIN:COUN:STAT OFF;:COMP:MODE PTOL;:COMP:SLIM -9.9e+037,9.9e+037;:COMP:STAT OFF;:COMP:SWAP OFF;:COMP:TOL:NOM 0;:DISP:ENAB ON;:DISP:LINE """";:DISP:WIND:TEXT1:DATA:FMSD:DATA 1e-009;:DISP:WIND:TEXT2:DATA:FMSD:DATA 1e-009;:FORM:ASC:LONG ON;:FORM:BORD NORM;:FORM:DATA ASC,64;:FREQ:CW 1671;:FUNC:DEV1:MODE OFF;:FUNC:DEV1:REF:VAL 0;:FUNC:DEV2:MODE OFF;:FUNC:DEV2:REF:VAL 0;:FUNC:IMP:TYPE LSRS;:FUNC:SMON:IDC:STAT OFF;:FUNC:SMON:VDC:STAT OFF;:INIT:CONT OFF;:LIST:MODE SEQ;:LIST:STIM:TYPE FREQ,NONE;:SOUR:DCS:VOLT:LEV 0;:TRIG:DEL 0;:TRIG:SOUR INT;:TRIG:TDEL 0;:VOLT:LEV 1;:DISP:WIND:TEXT1:DATA:FMSD:STAT OFF;:DISP:WIND:TEXT2:DATA:FMSD:STAT OFF;:FUNC:DCR:RANG:VAL 100;:FUNC:IMP:RANG:VAL 1;:OUTP:DC:ISOL:LEV:VAL 0.02;:OUTP:DC:ISOL:STAT OFF;:FUNC:DCR:RANG:AUTO ON;:FUNC:IMP:RANG:AUTO ON;:OUTP:DC:ISOL:LEV:AUTO ON;:DISP:PAGE MEASurement;
"
1749.6,6.908850968e-07,0.1095217472
1749.6,6.907016845e-07,0.1095259683
1749.6,6.907766217e-07,0.1095348898
1749.6,6.907602715e-07,0.1095408695
1749.6,6.903187837e-07,0.1095416353
1749.6,6.909506553e-07,0.109537931
1749.6,6.904632174e-07,0.109554287
1749.6,6.906978714e-07,0.1095601416
1749.6,6.907340902e-07,0.1095615932
1749.6,6.906596791e-07,0.1095588509
1749.6,6.904799454e-07,0.1095659682
1749.6,6.903655801e-07,0.1095795319
1749.6,6.913072307e-07,0.1095884215
1749.6,6.902695072e-07,0.1095923291
1749.6,6.903754993e-07,0.1095954293
1749.6,6.900673132e-07,0.1096019272
Freq,1749.6,Rs,0.1095600950625,2.5510519786809943e-05,Ls,6.906133154687501e-07,3.066441401025791e-10
":SOUR:DCS:STAT OFF;:BIAS:STAT OFF;:COMP:BIN:COUN:CLE;:LIST:CLE:ALL;:COMP:BIN:CLE;:AMPL:ALC ON;:APER MED,25;:BIAS:POL:AUTO OFF;:BIAS:RANG:AUTO ON;:BIAS:VOLT:LEV 0;:COMP:ABIN OFF;:COMP:BIN:COUN:STAT OFF;:COMP:MODE PTOL;:COMP:SLIM -9.9e+037,9.9e+037;:COMP:STAT OFF;:COMP:SWAP OFF;:COMP:TOL:NOM 0;:DISP:ENAB ON;:DISP:LINE """";:DISP:WIND:TEXT1:DATA:FMSD:DATA 1e-009;:DISP:WIND:TEXT2:DATA:FMSD:DATA 1e-009;:FORM:ASC:LONG ON;:FORM:BORD NORM;:FORM:DATA ASC,64;:FREQ:CW 1750;:FUNC:DEV1:MODE OFF;:FUNC:DEV1:REF:VAL 0;:FUNC:DEV2:MODE OFF;:FUNC:DEV2:REF:VAL 0;:FUNC:IMP:TYPE LSRS;:FUNC:SMON:IDC:STAT OFF;:FUNC:SMON:VDC:STAT OFF;:INIT:CONT OFF;:LIST:MODE SEQ;:LIST:STIM:TYPE FREQ,NONE;:SOUR:DCS:VOLT:LEV 0;:TRIG:DEL 0;:TRIG:SOUR INT;:TRIG:TDEL 0;:VOLT:LEV 1;:DISP:WIND:TEXT1:DATA:FMSD:STAT OFF;:DISP:WIND:TEXT2:DATA:FMSD:STAT OFF;:FUNC:DCR:RANG:VAL 100;:FUNC:IMP:RANG:VAL 1;:OUTP:DC:ISOL:LEV:VAL 0.02;:OUTP:DC:ISOL:STAT OFF;:FUNC:DCR:RANG:AUTO ON;:FUNC:IMP:RANG:AUTO ON;:OUTP:DC:ISOL:LEV:AUTO ON;:DISP:PAGE MEASurement;
"
":SOUR:DCS:STAT OFF;:BIAS:STAT OFF;:COMP:BIN:COUN:CLE;:LIST:CLE:ALL;:COMP:BIN:CLE;:AMPL:ALC ON;:APER MED,25;:BIAS:POL:AUTO OFF;:BIAS:RANG:AUTO ON;:BIAS:VOLT:LEV 0;:COMP:ABIN OFF;:COMP:BIN:COUN:STAT OFF;:COMP:MODE PTOL;:COMP:SLIM -9.9e+037,9.9e+037;:COMP:STAT OFF;:COMP:SWAP OFF;:COMP:TOL:NOM 0;:DISP:ENAB ON;:DISP:LINE """";:DISP:WIND:TEXT1:DATA:FMSD:DATA 1e-009;:DISP:WIND:TEXT2:DATA:FMSD:DATA 1e-009;:FORM:ASC:LONG ON;:FORM:BORD NORM;:FORM:DATA ASC,64;:FREQ:CW 1750;:FUNC:DEV1:MODE OFF;:FUNC:DEV1:REF:VAL 0;:FUNC:DEV2:MODE OFF;:FUNC:DEV2:REF:VAL 0;:FUNC:IMP:TYPE LSRS;:FUNC:SMON:IDC:STAT OFF;:FUNC:SMON:VDC:STAT OFF;:INIT:CONT OFF;:LIST:MODE SEQ;:LIST:STIM:TYPE FREQ,NONE;:SOUR:DCS:VOLT:LEV 0;:TRIG:DEL 0;:TRIG:SOUR INT;:TRIG:TDEL 0;:VOLT:LEV 1;:DISP:WIND:TEXT1:DATA:FMSD:STAT OFF;:DISP:WIND:TEXT2:DATA:FMSD:STAT OFF;:FUNC:DCR:RANG:VAL 100;:FUNC:IMP:RANG:VAL 1;:OUTP:DC:ISOL:LEV:VAL 0.02;:OUTP:DC:ISOL:STAT OFF;:FUNC:DCR:RANG:AUTO ON;:FUNC:IMP:RANG:AUTO ON;:OUTP:DC:ISOL:LEV:AUTO ON;:DISP:PAGE MEASurement;
"
2025-10-15,14:58:41
---------run finished---------
lcr name:,KeySight E4980A
Name and description of Device under test: ,Cable_L
GPIB source:,<bound method MessageBasedResource.read of <'GPIBInstrument'('GPIB0::17::INSTR')>>
2025-10-15,15:03:12
select the freq range 90% - 110%,"[1432.4, 1512.4, 1591.5, 1670.8, 1749.6]"
1432.4,2.744237427e-07,0.04027465199
1432.4,2.744666561e-07,0.04027458502
1432.4,2.744013442e-07,0.04027354278
1432.4,2.741563339e-07,0.04027053229
1432.4,2.742076293e-07,0.04027179818
1432.4,2.740508735e-07,0.04026668202
1432.4,2.743486041e-07,0.04026676996
1432.4,2.743876024e-07,0.0402655544
1432.4,2.74306376e-07,0.04026314966
1432.4,2.743763918e-07,0.04026549959
1432.4,2.741195811e-07,0.04026536009
1432.4,2.741459958e-07,0.04026066539
1432.4,2.741353476e-07,0.04026070281
1432.4,2.743106772e-07,0.04025912351
1432.4,2.741044927e-07,0.04025584196
1432.4,2.742461095e-07,0.04025417121
Freq,1432.4,Rs,0.04026553942875,6.393595188582687e-06,Ls,2.7426173486875e-07,1.3208553287185448e-10
":SOUR:DCS:STAT OFF;:BIAS:STAT OFF;:COMP:BIN:COUN:CLE;:LIST:CLE:ALL;:COMP:BIN:CLE;:AMPL:ALC ON;:APER MED,25;:BIAS:POL:AUTO OFF;:BIAS:RANG:AUTO ON;:BIAS:VOLT:LEV 0;:COMP:ABIN OFF;:COMP:BIN:COUN:STAT OFF;:COMP:MODE PTOL;:COMP:SLIM -9.9e+037,9.9e+037;:COMP:STAT OFF;:COMP:SWAP OFF;:COMP:TOL:NOM 0;:DISP:ENAB ON;:DISP:LINE """";:DISP:WIND:TEXT1:DATA:FMSD:DATA 1e-009;:DISP:WIND:TEXT2:DATA:FMSD:DATA 1e-009;:FORM:ASC:LONG ON;:FORM:BORD NORM;:FORM:DATA ASC,64;:FREQ:CW 1432;:FUNC:DEV1:MODE OFF;:FUNC:DEV1:REF:VAL 0;:FUNC:DEV2:MODE OFF;:FUNC:DEV2:REF:VAL 0;:FUNC:IMP:TYPE LSRS;:FUNC:SMON:IDC:STAT OFF;:FUNC:SMON:VDC:STAT OFF;:INIT:CONT OFF;:LIST:MODE SEQ;:LIST:STIM:TYPE FREQ,NONE;:SOUR:DCS:VOLT:LEV 0;:TRIG:DEL 0;:TRIG:SOUR INT;:TRIG:TDEL 0;:VOLT:LEV 1;:DISP:WIND:TEXT1:DATA:FMSD:STAT OFF;:DISP:WIND:TEXT2:DATA:FMSD:STAT OFF;:FUNC:DCR:RANG:VAL 100;:FUNC:IMP:RANG:VAL 1;:OUTP:DC:ISOL:LEV:VAL 0.02;:OUTP:DC:ISOL:STAT OFF;:FUNC:DCR:RANG:AUTO ON;:FUNC:IMP:RANG:AUTO ON;:OUTP:DC:ISOL:LEV:AUTO ON;:DISP:PAGE MEASurement;
"
1512.4,2.737022339e-07,0.04025391339
1512.4,2.737233058e-07,0.04025328424
1512.4,2.735705162e-07,0.04025187294
1512.4,2.737080981e-07,0.04025120636
1512.4,2.735520468e-07,0.04025207528
1512.4,2.735859998e-07,0.04024986129
1512.4,2.736044648e-07,0.04024807523
1512.4,2.734014566e-07,0.04024653945
1512.4,2.734337193e-07,0.04024762757
1512.4,2.735355177e-07,0.04024467771
1512.4,2.734735877e-07,0.04024343905
1512.4,2.735490877e-07,0.04024177282
1512.4,2.736992311e-07,0.04023968375
1512.4,2.734821309e-07,0.04023902002
1512.4,2.734981953e-07,0.04023695435
1512.4,2.734202598e-07,0.04023718265
Freq,1512.4,Rs,0.040246074131250004,5.834479577459912e-06,Ls,2.7355874071875e-07,1.0636362324968416e-10
":SOUR:DCS:STAT OFF;:BIAS:STAT OFF;:COMP:BIN:COUN:CLE;:LIST:CLE:ALL;:COMP:BIN:CLE;:AMPL:ALC ON;:APER MED,25;:BIAS:POL:AUTO OFF;:BIAS:RANG:AUTO ON;:BIAS:VOLT:LEV 0;:COMP:ABIN OFF;:COMP:BIN:COUN:STAT OFF;:COMP:MODE PTOL;:COMP:SLIM -9.9e+037,9.9e+037;:COMP:STAT OFF;:COMP:SWAP OFF;:COMP:TOL:NOM 0;:DISP:ENAB ON;:DISP:LINE """";:DISP:WIND:TEXT1:DATA:FMSD:DATA 1e-009;:DISP:WIND:TEXT2:DATA:FMSD:DATA 1e-009;:FORM:ASC:LONG ON;:FORM:BORD NORM;:FORM:DATA ASC,64;:FREQ:CW 1512;:FUNC:DEV1:MODE OFF;:FUNC:DEV1:REF:VAL 0;:FUNC:DEV2:MODE OFF;:FUNC:DEV2:REF:VAL 0;:FUNC:IMP:TYPE LSRS;:FUNC:SMON:IDC:STAT OFF;:FUNC:SMON:VDC:STAT OFF;:INIT:CONT OFF;:LIST:MODE SEQ;:LIST:STIM:TYPE FREQ,NONE;:SOUR:DCS:VOLT:LEV 0;:TRIG:DEL 0;:TRIG:SOUR INT;:TRIG:TDEL 0;:VOLT:LEV 1;:DISP:WIND:TEXT1:DATA:FMSD:STAT OFF;:DISP:WIND:TEXT2:DATA:FMSD:STAT OFF;:FUNC:DCR:RANG:VAL 100;:FUNC:IMP:RANG:VAL 1;:OUTP:DC:ISOL:LEV:VAL 0.02;:OUTP:DC:ISOL:STAT OFF;:FUNC:DCR:RANG:AUTO ON;:FUNC:IMP:RANG:AUTO ON;:OUTP:DC:ISOL:LEV:AUTO ON;:DISP:PAGE MEASurement;
"
1591.5,2.728303403e-07,0.04023520955
1591.5,2.728756158e-07,0.04023438982
1591.5,2.728761967e-07,0.040233008
1591.5,2.73049238e-07,0.04023334959
1591.5,2.728942463e-07,0.04023031372
1591.5,2.728864084e-07,0.04023287193
1591.5,2.727106763e-07,0.04023120788
1591.5,2.728709607e-07,0.04023108091
1591.5,2.730619195e-07,0.04023054653
1591.5,2.729094557e-07,0.04022803832
1591.5,2.72859449e-07,0.04022888988
1591.5,2.729518082e-07,0.04022713187
1591.5,2.729249886e-07,0.04022763754
1591.5,2.727221839e-07,0.040228318
1591.5,2.728857684e-07,0.04022625898
1591.5,2.731213669e-07,0.04022658256
Freq,1591.5,Rs,0.0402303021925,2.8737925394396555e-06,Ls,2.7290191391875003e-07,1.0869414541231137e-10
":SOUR:DCS:STAT OFF;:BIAS:STAT OFF;:COMP:BIN:COUN:CLE;:LIST:CLE:ALL;:COMP:BIN:CLE;:AMPL:ALC ON;:APER MED,25;:BIAS:POL:AUTO OFF;:BIAS:RANG:AUTO ON;:BIAS:VOLT:LEV 0;:COMP:ABIN OFF;:COMP:BIN:COUN:STAT OFF;:COMP:MODE PTOL;:COMP:SLIM -9.9e+037,9.9e+037;:COMP:STAT OFF;:COMP:SWAP OFF;:COMP:TOL:NOM 0;:DISP:ENAB ON;:DISP:LINE """";:DISP:WIND:TEXT1:DATA:FMSD:DATA 1e-009;:DISP:WIND:TEXT2:DATA:FMSD:DATA 1e-009;:FORM:ASC:LONG ON;:FORM:BORD NORM;:FORM:DATA ASC,64;:FREQ:CW 1592;:FUNC:DEV1:MODE OFF;:FUNC:DEV1:REF:VAL 0;:FUNC:DEV2:MODE OFF;:FUNC:DEV2:REF:VAL 0;:FUNC:IMP:TYPE LSRS;:FUNC:SMON:IDC:STAT OFF;:FUNC:SMON:VDC:STAT OFF;:INIT:CONT OFF;:LIST:MODE SEQ;:LIST:STIM:TYPE FREQ,NONE;:SOUR:DCS:VOLT:LEV 0;:TRIG:DEL 0;:TRIG:SOUR INT;:TRIG:TDEL 0;:VOLT:LEV 1;:DISP:WIND:TEXT1:DATA:FMSD:STAT OFF;:DISP:WIND:TEXT2:DATA:FMSD:STAT OFF;:FUNC:DCR:RANG:VAL 100;:FUNC:IMP:RANG:VAL 1;:OUTP:DC:ISOL:LEV:VAL 0.02;:OUTP:DC:ISOL:STAT OFF;:FUNC:DCR:RANG:AUTO ON;:FUNC:IMP:RANG:AUTO ON;:OUTP:DC:ISOL:LEV:AUTO ON;:DISP:PAGE MEASurement;
"
1670.8,2.723802584e-07,0.0402270225
1670.8,2.72189874e-07,0.04022435525
1670.8,2.725072547e-07,0.04022455182
1670.8,2.722358531e-07,0.04022387827
1670.8,2.72340109e-07,0.04022246446
1670.8,2.723402667e-07,0.04022093259
1670.8,2.72302053e-07,0.04022040493
1670.8,2.721079715e-07,0.04022032236
1670.8,2.723963811e-07,0.04021926807
1670.8,2.722831669e-07,0.04021759131
1670.8,2.723105352e-07,0.04021698813
1670.8,2.722468276e-07,0.04021899092
1670.8,2.72308475e-07,0.04021569585
1670.8,2.722328214e-07,0.04021636721
1670.8,2.723623357e-07,0.04021552436
1670.8,2.723751624e-07,0.04021486256
Freq,1670.8,Rs,0.040219951286875,3.703976082081208e-06,Ls,2.7230745910625e-07,9.362636684090937e-11
":SOUR:DCS:STAT OFF;:BIAS:STAT OFF;:COMP:BIN:COUN:CLE;:LIST:CLE:ALL;:COMP:BIN:CLE;:AMPL:ALC ON;:APER MED,25;:BIAS:POL:AUTO OFF;:BIAS:RANG:AUTO ON;:BIAS:VOLT:LEV 0;:COMP:ABIN OFF;:COMP:BIN:COUN:STAT OFF;:COMP:MODE PTOL;:COMP:SLIM -9.9e+037,9.9e+037;:COMP:STAT OFF;:COMP:SWAP OFF;:COMP:TOL:NOM 0;:DISP:ENAB ON;:DISP:LINE """";:DISP:WIND:TEXT1:DATA:FMSD:DATA 1e-009;:DISP:WIND:TEXT2:DATA:FMSD:DATA 1e-009;:FORM:ASC:LONG ON;:FORM:BORD NORM;:FORM:DATA ASC,64;:FREQ:CW 1671;:FUNC:DEV1:MODE OFF;:FUNC:DEV1:REF:VAL 0;:FUNC:DEV2:MODE OFF;:FUNC:DEV2:REF:VAL 0;:FUNC:IMP:TYPE LSRS;:FUNC:SMON:IDC:STAT OFF;:FUNC:SMON:VDC:STAT OFF;:INIT:CONT OFF;:LIST:MODE SEQ;:LIST:STIM:TYPE FREQ,NONE;:SOUR:DCS:VOLT:LEV 0;:TRIG:DEL 0;:TRIG:SOUR INT;:TRIG:TDEL 0;:VOLT:LEV 1;:DISP:WIND:TEXT1:DATA:FMSD:STAT OFF;:DISP:WIND:TEXT2:DATA:FMSD:STAT OFF;:FUNC:DCR:RANG:VAL 100;:FUNC:IMP:RANG:VAL 1;:OUTP:DC:ISOL:LEV:VAL 0.02;:OUTP:DC:ISOL:STAT OFF;:FUNC:DCR:RANG:AUTO ON;:FUNC:IMP:RANG:AUTO ON;:OUTP:DC:ISOL:LEV:AUTO ON;:DISP:PAGE MEASurement;
"
1749.6,2.717843099e-07,0.04021844792
1749.6,2.718268228e-07,0.0402177703
1749.6,2.719086379e-07,0.04021563661
1749.6,2.718121832e-07,0.0402173463
1749.6,2.718987722e-07,0.04021538355
1749.6,2.716907935e-07,0.04021469399
1749.6,2.718882201e-07,0.0402147488
1749.6,2.717748134e-07,0.04021412457
1749.6,2.716721217e-07,0.0402098414
1749.6,2.716491211e-07,0.04021321438
1749.6,2.718360366e-07,0.04021522681
1749.6,2.717739722e-07,0.0402117629
1749.6,2.717957874e-07,0.04021006143
1749.6,2.720060305e-07,0.04021183281
1749.6,2.715860839e-07,0.04021066301
1749.6,2.715710716e-07,0.04021046157
Freq,1749.6,Rs,0.040213826021874996,2.8124603136130686e-06,Ls,2.7177967362500004e-07,1.205910022260372e-10
":SOUR:DCS:STAT OFF;:BIAS:STAT OFF;:COMP:BIN:COUN:CLE;:LIST:CLE:ALL;:COMP:BIN:CLE;:AMPL:ALC ON;:APER MED,25;:BIAS:POL:AUTO OFF;:BIAS:RANG:AUTO ON;:BIAS:VOLT:LEV 0;:COMP:ABIN OFF;:COMP:BIN:COUN:STAT OFF;:COMP:MODE PTOL;:COMP:SLIM -9.9e+037,9.9e+037;:COMP:STAT OFF;:COMP:SWAP OFF;:COMP:TOL:NOM 0;:DISP:ENAB ON;:DISP:LINE """";:DISP:WIND:TEXT1:DATA:FMSD:DATA 1e-009;:DISP:WIND:TEXT2:DATA:FMSD:DATA 1e-009;:FORM:ASC:LONG ON;:FORM:BORD NORM;:FORM:DATA ASC,64;:FREQ:CW 1750;:FUNC:DEV1:MODE OFF;:FUNC:DEV1:REF:VAL 0;:FUNC:DEV2:MODE OFF;:FUNC:DEV2:REF:VAL 0;:FUNC:IMP:TYPE LSRS;:FUNC:SMON:IDC:STAT OFF;:FUNC:SMON:VDC:STAT OFF;:INIT:CONT OFF;:LIST:MODE SEQ;:LIST:STIM:TYPE FREQ,NONE;:SOUR:DCS:VOLT:LEV 0;:TRIG:DEL 0;:TRIG:SOUR INT;:TRIG:TDEL 0;:VOLT:LEV 1;:DISP:WIND:TEXT1:DATA:FMSD:STAT OFF;:DISP:WIND:TEXT2:DATA:FMSD:STAT OFF;:FUNC:DCR:RANG:VAL 100;:FUNC:IMP:RANG:VAL 1;:OUTP:DC:ISOL:LEV:VAL 0.02;:OUTP:DC:ISOL:STAT OFF;:FUNC:DCR:RANG:AUTO ON;:FUNC:IMP:RANG:AUTO ON;:OUTP:DC:ISOL:LEV:AUTO ON;:DISP:PAGE MEASurement;
"
":SOUR:DCS:STAT OFF;:BIAS:STAT OFF;:COMP:BIN:COUN:CLE;:LIST:CLE:ALL;:COMP:BIN:CLE;:AMPL:ALC ON;:APER MED,25;:BIAS:POL:AUTO OFF;:BIAS:RANG:AUTO ON;:BIAS:VOLT:LEV 0;:COMP:ABIN OFF;:COMP:BIN:COUN:STAT OFF;:COMP:MODE PTOL;:COMP:SLIM -9.9e+037,9.9e+037;:COMP:STAT OFF;:COMP:SWAP OFF;:COMP:TOL:NOM 0;:DISP:ENAB ON;:DISP:LINE """";:DISP:WIND:TEXT1:DATA:FMSD:DATA 1e-009;:DISP:WIND:TEXT2:DATA:FMSD:DATA 1e-009;:FORM:ASC:LONG ON;:FORM:BORD NORM;:FORM:DATA ASC,64;:FREQ:CW 1750;:FUNC:DEV1:MODE OFF;:FUNC:DEV1:REF:VAL 0;:FUNC:DEV2:MODE OFF;:FUNC:DEV2:REF:VAL 0;:FUNC:IMP:TYPE LSRS;:FUNC:SMON:IDC:STAT OFF;:FUNC:SMON:VDC:STAT OFF;:INIT:CONT OFF;:LIST:MODE SEQ;:LIST:STIM:TYPE FREQ,NONE;:SOUR:DCS:VOLT:LEV 0;:TRIG:DEL 0;:TRIG:SOUR INT;:TRIG:TDEL 0;:VOLT:LEV 1;:DISP:WIND:TEXT1:DATA:FMSD:STAT OFF;:DISP:WIND:TEXT2:DATA:FMSD:STAT OFF;:FUNC:DCR:RANG:VAL 100;:FUNC:IMP:RANG:VAL 1;:OUTP:DC:ISOL:LEV:VAL 0.02;:OUTP:DC:ISOL:STAT OFF;:FUNC:DCR:RANG:AUTO ON;:FUNC:IMP:RANG:AUTO ON;:OUTP:DC:ISOL:LEV:AUTO ON;:DISP:PAGE MEASurement;
"
2025-10-15,15:06:31
---------run finished---------
lcr name:,KeySight E4980A
Name and description of Device under test: ,Cable_M
GPIB source:,<bound method MessageBasedResource.read of <'GPIBInstrument'('GPIB0::17::INSTR')>>
2025-10-15,15:09:08
select the freq range 90% - 110%,"[1432.4, 1512.4, 1591.5, 1670.8, 1749.6]"
1432.4,4.152066477e-07,0.03686316761
1432.4,4.15141504e-07,0.03685776678
1432.4,4.153996818e-07,0.03685705327
1432.4,4.151037403e-07,0.0368536216
1432.4,4.150752648e-07,0.03685088845
1432.4,4.152284222e-07,0.03684675671
1432.4,4.151236826e-07,0.03684316978
1432.4,4.151786663e-07,0.03684115526
1432.4,4.151895611e-07,0.03683601886
1432.4,4.151350217e-07,0.03683636639
1432.4,4.152602337e-07,0.03683386988
1432.4,4.150106756e-07,0.03682842094
1432.4,4.151164108e-07,0.0368276287
1432.4,4.149530855e-07,0.0368264666
1432.4,4.151171515e-07,0.03682107331
1432.4,4.151896029e-07,0.03681992044
Freq,1432.4,Rs,0.03684020903625,1.3667404038427027e-05,Ls,4.1515183453125e-07,1.0226148388033682e-10
":SOUR:DCS:STAT OFF;:BIAS:STAT OFF;:COMP:BIN:COUN:CLE;:LIST:CLE:ALL;:COMP:BIN:CLE;:AMPL:ALC ON;:APER MED,25;:BIAS:POL:AUTO OFF;:BIAS:RANG:AUTO ON;:BIAS:VOLT:LEV 0;:COMP:ABIN OFF;:COMP:BIN:COUN:STAT OFF;:COMP:MODE PTOL;:COMP:SLIM -9.9e+037,9.9e+037;:COMP:STAT OFF;:COMP:SWAP OFF;:COMP:TOL:NOM 0;:DISP:ENAB ON;:DISP:LINE """";:DISP:WIND:TEXT1:DATA:FMSD:DATA 1e-009;:DISP:WIND:TEXT2:DATA:FMSD:DATA 1e-009;:FORM:ASC:LONG ON;:FORM:BORD NORM;:FORM:DATA ASC,64;:FREQ:CW 1432;:FUNC:DEV1:MODE OFF;:FUNC:DEV1:REF:VAL 0;:FUNC:DEV2:MODE OFF;:FUNC:DEV2:REF:VAL 0;:FUNC:IMP:TYPE LSRS;:FUNC:SMON:IDC:STAT OFF;:FUNC:SMON:VDC:STAT OFF;:INIT:CONT OFF;:LIST:MODE SEQ;:LIST:STIM:TYPE FREQ,NONE;:SOUR:DCS:VOLT:LEV 0;:TRIG:DEL 0;:TRIG:SOUR INT;:TRIG:TDEL 0;:VOLT:LEV 1;:DISP:WIND:TEXT1:DATA:FMSD:STAT OFF;:DISP:WIND:TEXT2:DATA:FMSD:STAT OFF;:FUNC:DCR:RANG:VAL 100;:FUNC:IMP:RANG:VAL 1;:OUTP:DC:ISOL:LEV:VAL 0.02;:OUTP:DC:ISOL:STAT OFF;:FUNC:DCR:RANG:AUTO ON;:FUNC:IMP:RANG:AUTO ON;:OUTP:DC:ISOL:LEV:AUTO ON;:DISP:PAGE MEASurement;
"
1512.4,4.135442087e-07,0.03685062554
1512.4,4.13394506e-07,0.03684759915
1512.4,4.135780453e-07,0.03684506888
1512.4,4.135445352e-07,0.03684389298
1512.4,4.13548827e-07,0.03684238433
1512.4,4.134240081e-07,0.03684013864
1512.4,4.133445958e-07,0.03683647863
1512.4,4.134375389e-07,0.03683353304
1512.4,4.135565707e-07,0.0368317708
1512.4,4.135714808e-07,0.03682926496
1512.4,4.135347113e-07,0.03682788467
1512.4,4.13517818e-07,0.03682506757
1512.4,4.134578401e-07,0.03682318033
1512.4,4.132467232e-07,0.03682145025
1512.4,4.135035445e-07,0.03682037419
1512.4,4.135942308e-07,0.03681567311
Freq,1512.4,Rs,0.036833399191875,1.0742368527073675e-05,Ls,4.13487449025e-07,9.64360996608744e-11
":SOUR:DCS:STAT OFF;:BIAS:STAT OFF;:COMP:BIN:COUN:CLE;:LIST:CLE:ALL;:COMP:BIN:CLE;:AMPL:ALC ON;:APER MED,25;:BIAS:POL:AUTO OFF;:BIAS:RANG:AUTO ON;:BIAS:VOLT:LEV 0;:COMP:ABIN OFF;:COMP:BIN:COUN:STAT OFF;:COMP:MODE PTOL;:COMP:SLIM -9.9e+037,9.9e+037;:COMP:STAT OFF;:COMP:SWAP OFF;:COMP:TOL:NOM 0;:DISP:ENAB ON;:DISP:LINE """";:DISP:WIND:TEXT1:DATA:FMSD:DATA 1e-009;:DISP:WIND:TEXT2:DATA:FMSD:DATA 1e-009;:FORM:ASC:LONG ON;:FORM:BORD NORM;:FORM:DATA ASC,64;:FREQ:CW 1512;:FUNC:DEV1:MODE OFF;:FUNC:DEV1:REF:VAL 0;:FUNC:DEV2:MODE OFF;:FUNC:DEV2:REF:VAL 0;:FUNC:IMP:TYPE LSRS;:FUNC:SMON:IDC:STAT OFF;:FUNC:SMON:VDC:STAT OFF;:INIT:CONT OFF;:LIST:MODE SEQ;:LIST:STIM:TYPE FREQ,NONE;:SOUR:DCS:VOLT:LEV 0;:TRIG:DEL 0;:TRIG:SOUR INT;:TRIG:TDEL 0;:VOLT:LEV 1;:DISP:WIND:TEXT1:DATA:FMSD:STAT OFF;:DISP:WIND:TEXT2:DATA:FMSD:STAT OFF;:FUNC:DCR:RANG:VAL 100;:FUNC:IMP:RANG:VAL 1;:OUTP:DC:ISOL:LEV:VAL 0.02;:OUTP:DC:ISOL:STAT OFF;:FUNC:DCR:RANG:AUTO ON;:FUNC:IMP:RANG:AUTO ON;:OUTP:DC:ISOL:LEV:AUTO ON;:DISP:PAGE MEASurement;
"
1591.5,4.121172714e-07,0.03685073499
1591.5,4.119593219e-07,0.03684848858
1591.5,4.119755131e-07,0.03684413788
1591.5,4.118580868e-07,0.03684641884
1591.5,4.117995634e-07,0.03684271676
1591.5,4.120855932e-07,0.03684195265
1591.5,4.118630734e-07,0.03683914054
1591.5,4.117802189e-07,0.03683460328
1591.5,4.119111771e-07,0.03683455865
1591.5,4.120304728e-07,0.03683300779
1591.5,4.119429762e-07,0.03683295197
1591.5,4.119045989e-07,0.03683069744
1591.5,4.120294081e-07,0.03682883807
1591.5,4.117457404e-07,0.03682647979
1591.5,4.120624903e-07,0.0368250972
1591.5,4.117270594e-07,0.03682335321
Freq,1591.5,Rs,0.0368364486025,8.587522426299167e-06,Ls,4.1192453533125e-07,1.2238377295305274e-10
":SOUR:DCS:STAT OFF;:BIAS:STAT OFF;:COMP:BIN:COUN:CLE;:LIST:CLE:ALL;:COMP:BIN:CLE;:AMPL:ALC ON;:APER MED,25;:BIAS:POL:AUTO OFF;:BIAS:RANG:AUTO ON;:BIAS:VOLT:LEV 0;:COMP:ABIN OFF;:COMP:BIN:COUN:STAT OFF;:COMP:MODE PTOL;:COMP:SLIM -9.9e+037,9.9e+037;:COMP:STAT OFF;:COMP:SWAP OFF;:COMP:TOL:NOM 0;:DISP:ENAB ON;:DISP:LINE """";:DISP:WIND:TEXT1:DATA:FMSD:DATA 1e-009;:DISP:WIND:TEXT2:DATA:FMSD:DATA 1e-009;:FORM:ASC:LONG ON;:FORM:BORD NORM;:FORM:DATA ASC,64;:FREQ:CW 1592;:FUNC:DEV1:MODE OFF;:FUNC:DEV1:REF:VAL 0;:FUNC:DEV2:MODE OFF;:FUNC:DEV2:REF:VAL 0;:FUNC:IMP:TYPE LSRS;:FUNC:SMON:IDC:STAT OFF;:FUNC:SMON:VDC:STAT OFF;:INIT:CONT OFF;:LIST:MODE SEQ;:LIST:STIM:TYPE FREQ,NONE;:SOUR:DCS:VOLT:LEV 0;:TRIG:DEL 0;:TRIG:SOUR INT;:TRIG:TDEL 0;:VOLT:LEV 1;:DISP:WIND:TEXT1:DATA:FMSD:STAT OFF;:DISP:WIND:TEXT2:DATA:FMSD:STAT OFF;:FUNC:DCR:RANG:VAL 100;:FUNC:IMP:RANG:VAL 1;:OUTP:DC:ISOL:LEV:VAL 0.02;:OUTP:DC:ISOL:STAT OFF;:FUNC:DCR:RANG:AUTO ON;:FUNC:IMP:RANG:AUTO ON;:OUTP:DC:ISOL:LEV:AUTO ON;:DISP:PAGE MEASurement;
"
1670.8,4.102404025e-07,0.03685686698
1670.8,4.103563148e-07,0.03685571392
1670.8,4.102592284e-07,0.03685432854
1670.8,4.104571341e-07,0.03685296293
1670.8,4.104621631e-07,0.03685157596
1670.8,4.103553882e-07,0.03685260277
1670.8,4.103290434e-07,0.03684873187
1670.8,4.103933142e-07,0.03684715404
1670.8,4.10206709e-07,0.03684536384
1670.8,4.102513043e-07,0.03684522664
1670.8,4.103109854e-07,0.03684244292
1670.8,4.102830944e-07,0.03684205082
1670.8,4.103494037e-07,0.03683841909
1670.8,4.103710215e-07,0.03684061621
1670.8,4.102084236e-07,0.03683539452
1670.8,4.101251217e-07,0.03683704464
Freq,1670.8,Rs,0.036846655980625,6.9054472175543615e-06,Ls,4.1030994076875e-07,9.250071859723124e-11
":SOUR:DCS:STAT OFF;:BIAS:STAT OFF;:COMP:BIN:COUN:CLE;:LIST:CLE:ALL;:COMP:BIN:CLE;:AMPL:ALC ON;:APER MED,25;:BIAS:POL:AUTO OFF;:BIAS:RANG:AUTO ON;:BIAS:VOLT:LEV 0;:COMP:ABIN OFF;:COMP:BIN:COUN:STAT OFF;:COMP:MODE PTOL;:COMP:SLIM -9.9e+037,9.9e+037;:COMP:STAT OFF;:COMP:SWAP OFF;:COMP:TOL:NOM 0;:DISP:ENAB ON;:DISP:LINE """";:DISP:WIND:TEXT1:DATA:FMSD:DATA 1e-009;:DISP:WIND:TEXT2:DATA:FMSD:DATA 1e-009;:FORM:ASC:LONG ON;:FORM:BORD NORM;:FORM:DATA ASC,64;:FREQ:CW 1671;:FUNC:DEV1:MODE OFF;:FUNC:DEV1:REF:VAL 0;:FUNC:DEV2:MODE OFF;:FUNC:DEV2:REF:VAL 0;:FUNC:IMP:TYPE LSRS;:FUNC:SMON:IDC:STAT OFF;:FUNC:SMON:VDC:STAT OFF;:INIT:CONT OFF;:LIST:MODE SEQ;:LIST:STIM:TYPE FREQ,NONE;:SOUR:DCS:VOLT:LEV 0;:TRIG:DEL 0;:TRIG:SOUR INT;:TRIG:TDEL 0;:VOLT:LEV 1;:DISP:WIND:TEXT1:DATA:FMSD:STAT OFF;:DISP:WIND:TEXT2:DATA:FMSD:STAT OFF;:FUNC:DCR:RANG:VAL 100;:FUNC:IMP:RANG:VAL 1;:OUTP:DC:ISOL:LEV:VAL 0.02;:OUTP:DC:ISOL:STAT OFF;:FUNC:DCR:RANG:AUTO ON;:FUNC:IMP:RANG:AUTO ON;:OUTP:DC:ISOL:LEV:AUTO ON;:DISP:PAGE MEASurement;
"
1749.6,4.085899063e-07,0.0368706262
1749.6,4.086518482e-07,0.03687028463
1749.6,4.100171965e-07,0.0368670729
1749.6,4.08607374e-07,0.03686334402
1749.6,4.087427935e-07,0.03686548627
1749.6,4.086584066e-07,0.03686378631
1749.6,4.085472213e-07,0.03686260466
1749.6,4.088069698e-07,0.03686122718
1749.6,4.086949436e-07,0.03685958387
1749.6,4.086564339e-07,0.03685975672
1749.6,4.086562453e-07,0.03685772949
1749.6,4.087015368e-07,0.03685672194
1749.6,4.085111471e-07,0.036854964
1749.6,4.085794571e-07,0.03685315903
1749.6,4.086976422e-07,0.03685553637
1749.6,4.08179231e-07,0.03685090156
Freq,1749.6,Rs,0.036860799071875,5.850392633957759e-06,Ls,4.08706147075e-07,3.760326511003183e-10
":SOUR:DCS:STAT OFF;:BIAS:STAT OFF;:COMP:BIN:COUN:CLE;:LIST:CLE:ALL;:COMP:BIN:CLE;:AMPL:ALC ON;:APER MED,25;:BIAS:POL:AUTO OFF;:BIAS:RANG:AUTO ON;:BIAS:VOLT:LEV 0;:COMP:ABIN OFF;:COMP:BIN:COUN:STAT OFF;:COMP:MODE PTOL;:COMP:SLIM -9.9e+037,9.9e+037;:COMP:STAT OFF;:COMP:SWAP OFF;:COMP:TOL:NOM 0;:DISP:ENAB ON;:DISP:LINE """";:DISP:WIND:TEXT1:DATA:FMSD:DATA 1e-009;:DISP:WIND:TEXT2:DATA:FMSD:DATA 1e-009;:FORM:ASC:LONG ON;:FORM:BORD NORM;:FORM:DATA ASC,64;:FREQ:CW 1750;:FUNC:DEV1:MODE OFF;:FUNC:DEV1:REF:VAL 0;:FUNC:DEV2:MODE OFF;:FUNC:DEV2:REF:VAL 0;:FUNC:IMP:TYPE LSRS;:FUNC:SMON:IDC:STAT OFF;:FUNC:SMON:VDC:STAT OFF;:INIT:CONT OFF;:LIST:MODE SEQ;:LIST:STIM:TYPE FREQ,NONE;:SOUR:DCS:VOLT:LEV 0;:TRIG:DEL 0;:TRIG:SOUR INT;:TRIG:TDEL 0;:VOLT:LEV 1;:DISP:WIND:TEXT1:DATA:FMSD:STAT OFF;:DISP:WIND:TEXT2:DATA:FMSD:STAT OFF;:FUNC:DCR:RANG:VAL 100;:FUNC:IMP:RANG:VAL 1;:OUTP:DC:ISOL:LEV:VAL 0.02;:OUTP:DC:ISOL:STAT OFF;:FUNC:DCR:RANG:AUTO ON;:FUNC:IMP:RANG:AUTO ON;:OUTP:DC:ISOL:LEV:AUTO ON;:DISP:PAGE MEASurement;
"
":SOUR:DCS:STAT OFF;:BIAS:STAT OFF;:COMP:BIN:COUN:CLE;:LIST:CLE:ALL;:COMP:BIN:CLE;:AMPL:ALC ON;:APER MED,25;:BIAS:POL:AUTO OFF;:BIAS:RANG:AUTO ON;:BIAS:VOLT:LEV 0;:COMP:ABIN OFF;:COMP:BIN:COUN:STAT OFF;:COMP:MODE PTOL;:COMP:SLIM -9.9e+037,9.9e+037;:COMP:STAT OFF;:COMP:SWAP OFF;:COMP:TOL:NOM 0;:DISP:ENAB ON;:DISP:LINE """";:DISP:WIND:TEXT1:DATA:FMSD:DATA 1e-009;:DISP:WIND:TEXT2:DATA:FMSD:DATA 1e-009;:FORM:ASC:LONG ON;:FORM:BORD NORM;:FORM:DATA ASC,64;:FREQ:CW 1750;:FUNC:DEV1:MODE OFF;:FUNC:DEV1:REF:VAL 0;:FUNC:DEV2:MODE OFF;:FUNC:DEV2:REF:VAL 0;:FUNC:IMP:TYPE LSRS;:FUNC:SMON:IDC:STAT OFF;:FUNC:SMON:VDC:STAT OFF;:INIT:CONT OFF;:LIST:MODE SEQ;:LIST:STIM:TYPE FREQ,NONE;:SOUR:DCS:VOLT:LEV 0;:TRIG:DEL 0;:TRIG:SOUR INT;:TRIG:TDEL 0;:VOLT:LEV 1;:DISP:WIND:TEXT1:DATA:FMSD:STAT OFF;:DISP:WIND:TEXT2:DATA:FMSD:STAT OFF;:FUNC:DCR:RANG:VAL 100;:FUNC:IMP:RANG:VAL 1;:OUTP:DC:ISOL:LEV:VAL 0.02;:OUTP:DC:ISOL:STAT OFF;:FUNC:DCR:RANG:AUTO ON;:FUNC:IMP:RANG:AUTO ON;:OUTP:DC:ISOL:LEV:AUTO ON;:DISP:PAGE MEASurement;
"
2025-10-15,15:12:27
---------run finished---------
lcr name:,KeySight E4980A
Name and description of Device under test: ,Cable_M_rpt
GPIB source:,<bound method MessageBasedResource.read of <'GPIBInstrument'('GPIB0::17::INSTR')>>
2025-10-15,15:13:10
select the freq range 90% - 110%,"[1432.4, 1512.4, 1591.5, 1670.8, 1749.6]"
1432.4,4.14315044e-07,0.03667037485
1432.4,4.146063647e-07,0.03666885065
1432.4,4.145612683e-07,0.03666948687
1432.4,4.146227966e-07,0.03666666271
1432.4,4.145014906e-07,0.03666558098
1432.4,4.145407846e-07,0.03666424518
1432.4,4.145298701e-07,0.03666436566
1432.4,4.146149463e-07,0.03666383115
1432.4,4.145869773e-07,0.03666273233
1432.4,4.147087276e-07,0.03665979889
1432.4,4.146662944e-07,0.03665791887
1432.4,4.146009617e-07,0.03666011445
1432.4,4.144307013e-07,0.03665682754
1432.4,4.142473771e-07,0.0366574783
1432.4,4.145075545e-07,0.03665571286
1432.4,4.144566687e-07,0.03665377501
Freq,1432.4,Rs,0.03666235976875,5.161247866830569e-06,Ls,4.145311142375e-07,1.2224854307238444e-10
":SOUR:DCS:STAT OFF;:BIAS:STAT OFF;:COMP:BIN:COUN:CLE;:LIST:CLE:ALL;:COMP:BIN:CLE;:AMPL:ALC ON;:APER MED,25;:BIAS:POL:AUTO OFF;:BIAS:RANG:AUTO ON;:BIAS:VOLT:LEV 0;:COMP:ABIN OFF;:COMP:BIN:COUN:STAT OFF;:COMP:MODE PTOL;:COMP:SLIM -9.9e+037,9.9e+037;:COMP:STAT OFF;:COMP:SWAP OFF;:COMP:TOL:NOM 0;:DISP:ENAB ON;:DISP:LINE """";:DISP:WIND:TEXT1:DATA:FMSD:DATA 1e-009;:DISP:WIND:TEXT2:DATA:FMSD:DATA 1e-009;:FORM:ASC:LONG ON;:FORM:BORD NORM;:FORM:DATA ASC,64;:FREQ:CW 1432;:FUNC:DEV1:MODE OFF;:FUNC:DEV1:REF:VAL 0;:FUNC:DEV2:MODE OFF;:FUNC:DEV2:REF:VAL 0;:FUNC:IMP:TYPE LSRS;:FUNC:SMON:IDC:STAT OFF;:FUNC:SMON:VDC:STAT OFF;:INIT:CONT OFF;:LIST:MODE SEQ;:LIST:STIM:TYPE FREQ,NONE;:SOUR:DCS:VOLT:LEV 0;:TRIG:DEL 0;:TRIG:SOUR INT;:TRIG:TDEL 0;:VOLT:LEV 1;:DISP:WIND:TEXT1:DATA:FMSD:STAT OFF;:DISP:WIND:TEXT2:DATA:FMSD:STAT OFF;:FUNC:DCR:RANG:VAL 100;:FUNC:IMP:RANG:VAL 1;:OUTP:DC:ISOL:LEV:VAL 0.02;:OUTP:DC:ISOL:STAT OFF;:FUNC:DCR:RANG:AUTO ON;:FUNC:IMP:RANG:AUTO ON;:OUTP:DC:ISOL:LEV:AUTO ON;:DISP:PAGE MEASurement;
"
1512.4,4.132918478e-07,0.03669059098
1512.4,4.128735502e-07,0.03669203641
1512.4,4.131712721e-07,0.03669201727
1512.4,4.131134138e-07,0.03668915604
1512.4,4.132032954e-07,0.03668833928
1512.4,4.130133638e-07,0.03668670406
1512.4,4.130087143e-07,0.0366872978
1512.4,4.130087143e-07,0.0366872978
1512.4,4.132175627e-07,0.0366866913
1512.4,4.130176204e-07,0.03668515797
1512.4,4.130317964e-07,0.03668365705
1512.4,4.130091783e-07,0.03668357189
1512.4,4.129472056e-07,0.03668355675
1512.4,4.128366377e-07,0.03668458063
1512.4,4.130631287e-07,0.03668285798
1512.4,4.130727156e-07,0.03667961901
Freq,1512.4,Rs,0.03668644576374999,3.473577729444615e-06,Ls,4.1305500106875e-07,1.2223083641127913e-10
":SOUR:DCS:STAT OFF;:BIAS:STAT OFF;:COMP:BIN:COUN:CLE;:LIST:CLE:ALL;:COMP:BIN:CLE;:AMPL:ALC ON;:APER MED,25;:BIAS:POL:AUTO OFF;:BIAS:RANG:AUTO ON;:BIAS:VOLT:LEV 0;:COMP:ABIN OFF;:COMP:BIN:COUN:STAT OFF;:COMP:MODE PTOL;:COMP:SLIM -9.9e+037,9.9e+037;:COMP:STAT OFF;:COMP:SWAP OFF;:COMP:TOL:NOM 0;:DISP:ENAB ON;:DISP:LINE """";:DISP:WIND:TEXT1:DATA:FMSD:DATA 1e-009;:DISP:WIND:TEXT2:DATA:FMSD:DATA 1e-009;:FORM:ASC:LONG ON;:FORM:BORD NORM;:FORM:DATA ASC,64;:FREQ:CW 1512;:FUNC:DEV1:MODE OFF;:FUNC:DEV1:REF:VAL 0;:FUNC:DEV2:MODE OFF;:FUNC:DEV2:REF:VAL 0;:FUNC:IMP:TYPE LSRS;:FUNC:SMON:IDC:STAT OFF;:FUNC:SMON:VDC:STAT OFF;:INIT:CONT OFF;:LIST:MODE SEQ;:LIST:STIM:TYPE FREQ,NONE;:SOUR:DCS:VOLT:LEV 0;:TRIG:DEL 0;:TRIG:SOUR INT;:TRIG:TDEL 0;:VOLT:LEV 1;:DISP:WIND:TEXT1:DATA:FMSD:STAT OFF;:DISP:WIND:TEXT2:DATA:FMSD:STAT OFF;:FUNC:DCR:RANG:VAL 100;:FUNC:IMP:RANG:VAL 1;:OUTP:DC:ISOL:LEV:VAL 0.02;:OUTP:DC:ISOL:STAT OFF;:FUNC:DCR:RANG:AUTO ON;:FUNC:IMP:RANG:AUTO ON;:OUTP:DC:ISOL:LEV:AUTO ON;:DISP:PAGE MEASurement;
"
1591.5,4.116312183e-07,0.03671827099
1591.5,4.115410641e-07,0.0367181363
1591.5,4.116778685e-07,0.03671637248
1591.5,4.114190589e-07,0.03671700356
1591.5,4.115582177e-07,0.03671482962
1591.5,4.116843135e-07,0.03671582682
1591.5,4.116431616e-07,0.03671405715
1591.5,4.115302473e-07,0.03671102127
1591.5,4.114834685e-07,0.03671540208
1591.5,4.113239275e-07,0.03671453
1591.5,4.114723177e-07,0.03671113056
1591.5,4.114261324e-07,0.03671339324
1591.5,4.115326959e-07,0.03671370699
1591.5,4.116609467e-07,0.0367133023
1591.5,4.114255197e-07,0.0367117477
1591.5,4.114484579e-07,0.0367110879
Freq,1591.5,Rs,0.036714363685,2.3910964264185904e-06,Ls,4.1152866351250004e-07,1.0813350981722974e-10
":SOUR:DCS:STAT OFF;:BIAS:STAT OFF;:COMP:BIN:COUN:CLE;:LIST:CLE:ALL;:COMP:BIN:CLE;:AMPL:ALC ON;:APER MED,25;:BIAS:POL:AUTO OFF;:BIAS:RANG:AUTO ON;:BIAS:VOLT:LEV 0;:COMP:ABIN OFF;:COMP:BIN:COUN:STAT OFF;:COMP:MODE PTOL;:COMP:SLIM -9.9e+037,9.9e+037;:COMP:STAT OFF;:COMP:SWAP OFF;:COMP:TOL:NOM 0;:DISP:ENAB ON;:DISP:LINE """";:DISP:WIND:TEXT1:DATA:FMSD:DATA 1e-009;:DISP:WIND:TEXT2:DATA:FMSD:DATA 1e-009;:FORM:ASC:LONG ON;:FORM:BORD NORM;:FORM:DATA ASC,64;:FREQ:CW 1592;:FUNC:DEV1:MODE OFF;:FUNC:DEV1:REF:VAL 0;:FUNC:DEV2:MODE OFF;:FUNC:DEV2:REF:VAL 0;:FUNC:IMP:TYPE LSRS;:FUNC:SMON:IDC:STAT OFF;:FUNC:SMON:VDC:STAT OFF;:INIT:CONT OFF;:LIST:MODE SEQ;:LIST:STIM:TYPE FREQ,NONE;:SOUR:DCS:VOLT:LEV 0;:TRIG:DEL 0;:TRIG:SOUR INT;:TRIG:TDEL 0;:VOLT:LEV 1;:DISP:WIND:TEXT1:DATA:FMSD:STAT OFF;:DISP:WIND:TEXT2:DATA:FMSD:STAT OFF;:FUNC:DCR:RANG:VAL 100;:FUNC:IMP:RANG:VAL 1;:OUTP:DC:ISOL:LEV:VAL 0.02;:OUTP:DC:ISOL:STAT OFF;:FUNC:DCR:RANG:AUTO ON;:FUNC:IMP:RANG:AUTO ON;:OUTP:DC:ISOL:LEV:AUTO ON;:DISP:PAGE MEASurement;
"
1670.8,4.101814553e-07,0.03674728112
1670.8,4.098807931e-07,0.0367453899
1670.8,4.098913984e-07,0.03674841224
1670.8,4.100525496e-07,0.03674637395
1670.8,4.100251562e-07,0.03674578365
1670.8,4.099888854e-07,0.0367460567
1670.8,4.10088984e-07,0.03674756046
1670.8,4.100478761e-07,0.03674531429
1670.8,4.100070184e-07,0.03674535006
1670.8,4.099347931e-07,0.03674505303
1670.8,4.102358534e-07,0.03674472569
1670.8,4.099523243e-07,0.03674228607
1670.8,4.099811727e-07,0.03674440272
1670.8,4.099549932e-07,0.0367429894
1670.8,4.099804409e-07,0.03674302362
1670.8,4.101304266e-07,0.0367413258
Freq,1670.8,Rs,0.03674508304375,1.941354544132959e-06,Ls,4.1002088254375e-07,9.921564485228708e-11
":SOUR:DCS:STAT OFF;:BIAS:STAT OFF;:COMP:BIN:COUN:CLE;:LIST:CLE:ALL;:COMP:BIN:CLE;:AMPL:ALC ON;:APER MED,25;:BIAS:POL:AUTO OFF;:BIAS:RANG:AUTO ON;:BIAS:VOLT:LEV 0;:COMP:ABIN OFF;:COMP:BIN:COUN:STAT OFF;:COMP:MODE PTOL;:COMP:SLIM -9.9e+037,9.9e+037;:COMP:STAT OFF;:COMP:SWAP OFF;:COMP:TOL:NOM 0;:DISP:ENAB ON;:DISP:LINE """";:DISP:WIND:TEXT1:DATA:FMSD:DATA 1e-009;:DISP:WIND:TEXT2:DATA:FMSD:DATA 1e-009;:FORM:ASC:LONG ON;:FORM:BORD NORM;:FORM:DATA ASC,64;:FREQ:CW 1671;:FUNC:DEV1:MODE OFF;:FUNC:DEV1:REF:VAL 0;:FUNC:DEV2:MODE OFF;:FUNC:DEV2:REF:VAL 0;:FUNC:IMP:TYPE LSRS;:FUNC:SMON:IDC:STAT OFF;:FUNC:SMON:VDC:STAT OFF;:INIT:CONT OFF;:LIST:MODE SEQ;:LIST:STIM:TYPE FREQ,NONE;:SOUR:DCS:VOLT:LEV 0;:TRIG:DEL 0;:TRIG:SOUR INT;:TRIG:TDEL 0;:VOLT:LEV 1;:DISP:WIND:TEXT1:DATA:FMSD:STAT OFF;:DISP:WIND:TEXT2:DATA:FMSD:STAT OFF;:FUNC:DCR:RANG:VAL 100;:FUNC:IMP:RANG:VAL 1;:OUTP:DC:ISOL:LEV:VAL 0.02;:OUTP:DC:ISOL:STAT OFF;:FUNC:DCR:RANG:AUTO ON;:FUNC:IMP:RANG:AUTO ON;:OUTP:DC:ISOL:LEV:AUTO ON;:DISP:PAGE MEASurement;
"
1749.6,4.08314439e-07,0.03678205721
1749.6,4.082209004e-07,0.03677869855
1749.6,4.084623862e-07,0.03677724222
1749.6,4.081885961e-07,0.03677109157
1749.6,4.089302926e-07,0.0367825106
1749.6,4.082238503e-07,0.0367758628
1749.6,4.085124434e-07,0.03677695808
1749.6,4.084879775e-07,0.03677280531
1749.6,4.078381766e-07,0.03678545549
1749.6,4.083955237e-07,0.03677192735
1749.6,4.085105473e-07,0.03677502622
1749.6,4.085092074e-07,0.03677460292
1749.6,4.08327489e-07,0.03676271129
1749.6,4.083944391e-07,0.03677502659
1749.6,4.083495216e-07,0.03677173258
1749.6,4.084018834e-07,0.03677217772
Freq,1749.6,Rs,0.036775367906249995,5.3913304835712755e-06,Ls,4.083792296e-07,2.252929766320818e-10
":SOUR:DCS:STAT OFF;:BIAS:STAT OFF;:COMP:BIN:COUN:CLE;:LIST:CLE:ALL;:COMP:BIN:CLE;:AMPL:ALC ON;:APER MED,25;:BIAS:POL:AUTO OFF;:BIAS:RANG:AUTO ON;:BIAS:VOLT:LEV 0;:COMP:ABIN OFF;:COMP:BIN:COUN:STAT OFF;:COMP:MODE PTOL;:COMP:SLIM -9.9e+037,9.9e+037;:COMP:STAT OFF;:COMP:SWAP OFF;:COMP:TOL:NOM 0;:DISP:ENAB ON;:DISP:LINE """";:DISP:WIND:TEXT1:DATA:FMSD:DATA 1e-009;:DISP:WIND:TEXT2:DATA:FMSD:DATA 1e-009;:FORM:ASC:LONG ON;:FORM:BORD NORM;:FORM:DATA ASC,64;:FREQ:CW 1750;:FUNC:DEV1:MODE OFF;:FUNC:DEV1:REF:VAL 0;:FUNC:DEV2:MODE OFF;:FUNC:DEV2:REF:VAL 0;:FUNC:IMP:TYPE LSRS;:FUNC:SMON:IDC:STAT OFF;:FUNC:SMON:VDC:STAT OFF;:INIT:CONT OFF;:LIST:MODE SEQ;:LIST:STIM:TYPE FREQ,NONE;:SOUR:DCS:VOLT:LEV 0;:TRIG:DEL 0;:TRIG:SOUR INT;:TRIG:TDEL 0;:VOLT:LEV 1;:DISP:WIND:TEXT1:DATA:FMSD:STAT OFF;:DISP:WIND:TEXT2:DATA:FMSD:STAT OFF;:FUNC:DCR:RANG:VAL 100;:FUNC:IMP:RANG:VAL 1;:OUTP:DC:ISOL:LEV:VAL 0.02;:OUTP:DC:ISOL:STAT OFF;:FUNC:DCR:RANG:AUTO ON;:FUNC:IMP:RANG:AUTO ON;:OUTP:DC:ISOL:LEV:AUTO ON;:DISP:PAGE MEASurement;
"
":SOUR:DCS:STAT OFF;:BIAS:STAT OFF;:COMP:BIN:COUN:CLE;:LIST:CLE:ALL;:COMP:BIN:CLE;:AMPL:ALC ON;:APER MED,25;:BIAS:POL:AUTO OFF;:BIAS:RANG:AUTO ON;:BIAS:VOLT:LEV 0;:COMP:ABIN OFF;:COMP:BIN:COUN:STAT OFF;:COMP:MODE PTOL;:COMP:SLIM -9.9e+037,9.9e+037;:COMP:STAT OFF;:COMP:SWAP OFF;:COMP:TOL:NOM 0;:DISP:ENAB ON;:DISP:LINE """";:DISP:WIND:TEXT1:DATA:FMSD:DATA 1e-009;:DISP:WIND:TEXT2:DATA:FMSD:DATA 1e-009;:FORM:ASC:LONG ON;:FORM:BORD NORM;:FORM:DATA ASC,64;:FREQ:CW 1750;:FUNC:DEV1:MODE OFF;:FUNC:DEV1:REF:VAL 0;:FUNC:DEV2:MODE OFF;:FUNC:DEV2:REF:VAL 0;:FUNC:IMP:TYPE LSRS;:FUNC:SMON:IDC:STAT OFF;:FUNC:SMON:VDC:STAT OFF;:INIT:CONT OFF;:LIST:MODE SEQ;:LIST:STIM:TYPE FREQ,NONE;:SOUR:DCS:VOLT:LEV 0;:TRIG:DEL 0;:TRIG:SOUR INT;:TRIG:TDEL 0;:VOLT:LEV 1;:DISP:WIND:TEXT1:DATA:FMSD:STAT OFF;:DISP:WIND:TEXT2:DATA:FMSD:STAT OFF;:FUNC:DCR:RANG:VAL 100;:FUNC:IMP:RANG:VAL 1;:OUTP:DC:ISOL:LEV:VAL 0.02;:OUTP:DC:ISOL:STAT OFF;:FUNC:DCR:RANG:AUTO ON;:FUNC:IMP:RANG:AUTO ON;:OUTP:DC:ISOL:LEV:AUTO ON;:DISP:PAGE MEASurement;
"
2025-10-15,15:16:27
---------run finished---------
