lcr name:,KeySight E4980A
Name and description of Resistor under test: ,42091A short with no leads
2024-04-19,09:45:16
select the freq range,"[20, 30, 40, 50, 70, 100, 200, 300, 500, 800, 1000, 1591.5494309189535, 2000, 3000, 4000, 5000, 8000, 10000, 20000, 30000]"
20.0,-3.429862585e-07,-7.33358415e-06,0.00999609,4.17014e-07
20.0,-5.111806363e-07,2.145598866e-06,0.00999612,4.14773e-07
20.0,-3.110848924e-07,2.790019433e-06,0.0099964,3.90834e-07
20.0,-3.008685454e-07,-1.794936119e-05,0.00999628,3.33263e-07
20.0,-3.861183101e-07,5.668574339e-05,0.00999636,1.44166e-07
20.0,1.20722695e-08,3.355779262e-05,0.00999631,2.55223e-07
20.0,-2.900202289e-07,5.845953552e-06,0.00999619,1.1574e-07
20.0,-7.439188478e-08,-4.223069702e-05,0.00999626,3.4637e-07
20.0,-3.30366093e-07,2.842641115e-05,0.00999634,5.68956e-07
20.0,3.23036097e-09,9.374957977e-07,0.00999637,4.73088e-07
20.0,-5.663295814e-07,4.493744373e-05,0.00999631,4.52874e-07
20.0,-3.829276907e-08,-3.224341915e-05,0.00999618,4.14282e-07
20.0,-5.278424044e-07,-3.021091373e-05,0.00999626,8.27994e-07
20.0,-4.480454838e-07,2.078814742e-05,0.00999625,3.80269e-07
20.0,-4.884742158e-08,4.644518332e-05,0.00999617,3.60697e-07
20.0,-3.860578085e-07,4.660239993e-05,0.00999617,2.00215e-07
Freq,20,Rs,9.94963837304375e-06,3.109465833069115e-05,Ls,-2.8419560547875e-07,1.9578600417195377e-07
":SOUR:DCS:STAT OFF;:BIAS:STAT OFF;:COMP:BIN:COUN:CLE;:LIST:CLE:ALL;:COMP:BIN:CLE;:AMPL:ALC OFF;:APER LONG,1;:BIAS:POL:AUTO OFF;:BIAS:RANG:AUTO ON;:BIAS:VOLT:LEV 0;:COMP:ABIN OFF;:COMP:BIN:COUN:STAT OFF;:COMP:MODE PTOL;:COMP:SLIM -9.9e+037,9.9e+037;:COMP:STAT OFF;:COMP:SWAP OFF;:COMP:TOL:NOM 0;:DISP:ENAB ON;:DISP:LINE """";:DISP:WIND:TEXT1:DATA:FMSD:DATA 1e-009;:DISP:WIND:TEXT2:DATA:FMSD:DATA 1e-009;:FORM:ASC:LONG ON;:FORM:BORD NORM;:FORM:DATA ASC,64;:FREQ:CW 20;:FUNC:DEV1:MODE OFF;:FUNC:DEV1:REF:VAL 0;:FUNC:DEV2:MODE OFF;:FUNC:DEV2:REF:VAL 0;:FUNC:IMP:TYPE LSRS;:FUNC:SMON:IDC:STAT OFF;:FUNC:SMON:VDC:STAT OFF;:INIT:CONT OFF;:LIST:MODE SEQ;:LIST:STIM:TYPE FREQ,NONE;:SOUR:DCS:VOLT:LEV 0;:TRIG:DEL 0;:TRIG:SOUR INT;:TRIG:TDEL 0;:VOLT:LEV 1;:DISP:WIND:TEXT1:DATA:FMSD:STAT OFF;:DISP:WIND:TEXT2:DATA:FMSD:STAT OFF;:FUNC:DCR:RANG:VAL 100;:FUNC:IMP:RANG:VAL 1;:OUTP:DC:ISOL:LEV:VAL 0.02;:OUTP:DC:ISOL:STAT OFF;:FUNC:DCR:RANG:AUTO ON;:FUNC:IMP:RANG:AUTO ON;:OUTP:DC:ISOL:LEV:AUTO ON;:DISP:PAGE MEASurement;
"
30.0,1.509131487e-08,-6.180887614e-06,0.0100005,2.53444e-07
30.0,-6.553594814e-08,-4.23494143e-06,0.0100004,3.2542e-07
30.0,-3.087821381e-08,2.301567567e-05,0.0100004,6.92349e-08
30.0,4.450702486e-08,1.821172854e-05,0.0100004,2.95136e-07
30.0,-6.561410036e-08,-2.043601567e-05,0.0100006,1.43252e-08
30.0,3.298094082e-08,2.362850601e-06,0.0100005,1.75409e-07
30.0,5.39001013e-08,-2.228612703e-05,0.0100005,2.57965e-07
30.0,1.096626466e-07,-1.042707552e-05,0.0100005,3.34917e-07
30.0,6.476339307e-08,6.410533264e-06,0.0100005,1.91261e-07
30.0,2.951418783e-08,-3.297998913e-06,0.0100005,2.12995e-07
30.0,3.329179025e-08,1.110753006e-06,0.0100006,1.45484e-07
30.0,-7.523121183e-09,-7.532094626e-06,0.0100004,3.04879e-07
30.0,4.598688726e-08,-4.729556783e-05,0.0100006,2.66728e-07
30.0,7.053098119e-08,3.392645266e-06,0.0100004,3.39699e-07
30.0,-1.076907058e-07,1.04424313e-05,0.0100005,4.00818e-07
30.0,-8.78073909e-08,4.201306176e-06,0.0100005,3.92201e-07
Freq,30,Rs,-3.2839240506250004e-06,1.6849536509413075e-05,Ls,8.4487367410625e-09,6.285760782971692e-08
":SOUR:DCS:STAT OFF;:BIAS:STAT OFF;:COMP:BIN:COUN:CLE;:LIST:CLE:ALL;:COMP:BIN:CLE;:AMPL:ALC OFF;:APER LONG,1;:BIAS:POL:AUTO OFF;:BIAS:RANG:AUTO ON;:BIAS:VOLT:LEV 0;:COMP:ABIN OFF;:COMP:BIN:COUN:STAT OFF;:COMP:MODE PTOL;:COMP:SLIM -9.9e+037,9.9e+037;:COMP:STAT OFF;:COMP:SWAP OFF;:COMP:TOL:NOM 0;:DISP:ENAB ON;:DISP:LINE """";:DISP:WIND:TEXT1:DATA:FMSD:DATA 1e-009;:DISP:WIND:TEXT2:DATA:FMSD:DATA 1e-009;:FORM:ASC:LONG ON;:FORM:BORD NORM;:FORM:DATA ASC,64;:FREQ:CW 30;:FUNC:DEV1:MODE OFF;:FUNC:DEV1:REF:VAL 0;:FUNC:DEV2:MODE OFF;:FUNC:DEV2:REF:VAL 0;:FUNC:IMP:TYPE LSRS;:FUNC:SMON:IDC:STAT OFF;:FUNC:SMON:VDC:STAT OFF;:INIT:CONT OFF;:LIST:MODE SEQ;:LIST:STIM:TYPE FREQ,NONE;:SOUR:DCS:VOLT:LEV 0;:TRIG:DEL 0;:TRIG:SOUR INT;:TRIG:TDEL 0;:VOLT:LEV 1;:DISP:WIND:TEXT1:DATA:FMSD:STAT OFF;:DISP:WIND:TEXT2:DATA:FMSD:STAT OFF;:FUNC:DCR:RANG:VAL 100;:FUNC:IMP:RANG:VAL 1;:OUTP:DC:ISOL:LEV:VAL 0.02;:OUTP:DC:ISOL:STAT OFF;:FUNC:DCR:RANG:AUTO ON;:FUNC:IMP:RANG:AUTO ON;:OUTP:DC:ISOL:LEV:AUTO ON;:DISP:PAGE MEASurement;
"
40.0,-1.36577201e-07,2.256684788e-06,0.00999961,3.04439e-07
40.0,6.213974362e-09,1.857986857e-05,0.00999973,2.69789e-07
40.0,-4.502017375e-08,1.945929202e-05,0.00999976,2.84165e-07
40.0,-1.639853723e-08,2.982294363e-05,0.00999988,8.64478e-08
40.0,-5.865537987e-09,7.420418701e-06,0.00999989,1.22924e-07
40.0,-4.56062498e-08,1.168746463e-05,0.00999985,1.05377e-07
40.0,-8.558980327e-08,9.890331127e-06,0.00999986,2.41109e-07
40.0,2.013747676e-08,1.849941759e-05,0.00999984,8.89881e-08
40.0,-4.184075914e-08,1.650244184e-05,0.00999981,1.88376e-07
40.0,4.33207078e-08,1.756055279e-05,0.00999984,1.0813e-07
40.0,-1.21605595e-08,-1.057213452e-05,0.0099997,1.79275e-07
40.0,-1.176383496e-07,1.395183427e-06,0.00999986,2.18114e-07
40.0,-3.696239032e-08,2.853653773e-06,0.00999973,3.85441e-07
40.0,-3.582953384e-08,1.212004706e-05,0.00999969,4.08713e-07
40.0,-4.915903963e-08,9.338763113e-06,0.00999981,2.79973e-07
40.0,-1.412058951e-08,-1.543307198e-05,0.0099998,1.23164e-07
Freq,40,Rs,9.4613660349375e-06,1.1525782105269866e-05,Ls,-3.58185353534375e-08,4.70358941685456e-08
":SOUR:DCS:STAT OFF;:BIAS:STAT OFF;:COMP:BIN:COUN:CLE;:LIST:CLE:ALL;:COMP:BIN:CLE;:AMPL:ALC OFF;:APER LONG,1;:BIAS:POL:AUTO OFF;:BIAS:RANG:AUTO ON;:BIAS:VOLT:LEV 0;:COMP:ABIN OFF;:COMP:BIN:COUN:STAT OFF;:COMP:MODE PTOL;:COMP:SLIM -9.9e+037,9.9e+037;:COMP:STAT OFF;:COMP:SWAP OFF;:COMP:TOL:NOM 0;:DISP:ENAB ON;:DISP:LINE """";:DISP:WIND:TEXT1:DATA:FMSD:DATA 1e-009;:DISP:WIND:TEXT2:DATA:FMSD:DATA 1e-009;:FORM:ASC:LONG ON;:FORM:BORD NORM;:FORM:DATA ASC,64;:FREQ:CW 40;:FUNC:DEV1:MODE OFF;:FUNC:DEV1:REF:VAL 0;:FUNC:DEV2:MODE OFF;:FUNC:DEV2:REF:VAL 0;:FUNC:IMP:TYPE LSRS;:FUNC:SMON:IDC:STAT OFF;:FUNC:SMON:VDC:STAT OFF;:INIT:CONT OFF;:LIST:MODE SEQ;:LIST:STIM:TYPE FREQ,NONE;:SOUR:DCS:VOLT:LEV 0;:TRIG:DEL 0;:TRIG:SOUR INT;:TRIG:TDEL 0;:VOLT:LEV 1;:DISP:WIND:TEXT1:DATA:FMSD:STAT OFF;:DISP:WIND:TEXT2:DATA:FMSD:STAT OFF;:FUNC:DCR:RANG:VAL 100;:FUNC:IMP:RANG:VAL 1;:OUTP:DC:ISOL:LEV:VAL 0.02;:OUTP:DC:ISOL:STAT OFF;:FUNC:DCR:RANG:AUTO ON;:FUNC:IMP:RANG:AUTO ON;:OUTP:DC:ISOL:LEV:AUTO ON;:DISP:PAGE MEASurement;
"
50.0,6.560020943e-08,2.709290604e-05,0.010031,6.41202e-07
50.0,1.038654561e-07,1.467493e-05,0.0100311,4.77262e-07
50.0,1.905105211e-07,8.030055145e-06,0.0100311,5.54354e-07
50.0,1.81590014e-07,3.122206455e-05,0.0100311,8.12601e-07
50.0,2.615550528e-07,4.005232476e-05,0.0100311,3.96695e-07
50.0,2.047591223e-07,-5.997153248e-06,0.0100311,7.25316e-07
50.0,1.932299517e-07,4.171581971e-05,0.010031,6.39132e-07
50.0,1.791551729e-07,5.942450818e-06,0.0100311,5.6942e-07
50.0,2.073279145e-07,3.210348923e-06,0.0100312,7.45616e-07
50.0,2.335502286e-07,-2.864890185e-06,0.0100311,7.86054e-07
50.0,2.097887486e-07,2.236953127e-05,0.0100311,5.36388e-07
50.0,2.388211111e-07,-7.999547853e-06,0.0100312,8.09936e-07
50.0,2.453696371e-07,6.2369897e-06,0.0100311,8.3822e-07
50.0,1.645784352e-07,2.049313954e-05,0.0100311,6.88323e-07
50.0,1.735889631e-07,5.302944065e-06,0.010031,7.65249e-07
50.0,1.932046978e-07,-5.181173871e-07,0.0100312,7.94122e-07
Freq,50,Rs,1.306023724049375e-05,1.5801686582738125e-05,Ls,1.9040595227062502e-07,4.99282410425212e-08
":SOUR:DCS:STAT OFF;:BIAS:STAT OFF;:COMP:BIN:COUN:CLE;:LIST:CLE:ALL;:COMP:BIN:CLE;:AMPL:ALC OFF;:APER LONG,1;:BIAS:POL:AUTO OFF;:BIAS:RANG:AUTO ON;:BIAS:VOLT:LEV 0;:COMP:ABIN OFF;:COMP:BIN:COUN:STAT OFF;:COMP:MODE PTOL;:COMP:SLIM -9.9e+037,9.9e+037;:COMP:STAT OFF;:COMP:SWAP OFF;:COMP:TOL:NOM 0;:DISP:ENAB ON;:DISP:LINE """";:DISP:WIND:TEXT1:DATA:FMSD:DATA 1e-009;:DISP:WIND:TEXT2:DATA:FMSD:DATA 1e-009;:FORM:ASC:LONG ON;:FORM:BORD NORM;:FORM:DATA ASC,64;:FREQ:CW 50;:FUNC:DEV1:MODE OFF;:FUNC:DEV1:REF:VAL 0;:FUNC:DEV2:MODE OFF;:FUNC:DEV2:REF:VAL 0;:FUNC:IMP:TYPE LSRS;:FUNC:SMON:IDC:STAT OFF;:FUNC:SMON:VDC:STAT OFF;:INIT:CONT OFF;:LIST:MODE SEQ;:LIST:STIM:TYPE FREQ,NONE;:SOUR:DCS:VOLT:LEV 0;:TRIG:DEL 0;:TRIG:SOUR INT;:TRIG:TDEL 0;:VOLT:LEV 1;:DISP:WIND:TEXT1:DATA:FMSD:STAT OFF;:DISP:WIND:TEXT2:DATA:FMSD:STAT OFF;:FUNC:DCR:RANG:VAL 100;:FUNC:IMP:RANG:VAL 1;:OUTP:DC:ISOL:LEV:VAL 0.02;:OUTP:DC:ISOL:STAT OFF;:FUNC:DCR:RANG:AUTO ON;:FUNC:IMP:RANG:AUTO ON;:OUTP:DC:ISOL:LEV:AUTO ON;:DISP:PAGE MEASurement;
"
70.0,3.196308825e-08,-5.302282934e-06,0.0100284,2.07828e-07
70.0,3.381682954e-08,8.76667594e-06,0.0100284,1.92886e-07
70.0,2.896894613e-08,3.203938029e-07,0.0100285,1.70554e-07
70.0,3.945873968e-08,-1.364513895e-06,0.0100285,1.9137e-07
70.0,3.228953614e-08,1.720579566e-06,0.0100283,1.16429e-07
70.0,4.238650844e-08,-1.569788259e-05,0.0100285,1.27166e-07
70.0,2.056760631e-08,-2.19297344e-07,0.0100285,6.09531e-08
70.0,1.720434846e-08,2.193484871e-05,0.0100283,1.73707e-07
70.0,-4.238466799e-09,1.421798461e-05,0.0100284,1.80119e-07
70.0,5.977673413e-08,-4.422993658e-06,0.0100283,1.02209e-07
70.0,6.979969892e-08,-1.337817553e-05,0.0100283,4.29535e-07
70.0,7.255188169e-08,7.115960611e-06,0.0100285,8.49755e-08
70.0,6.509861847e-08,1.254404391e-05,0.0100284,9.2236e-08
70.0,6.382915254e-08,-9.490405752e-06,0.0100284,5.71624e-08
70.0,5.607426432e-08,-1.554566819e-05,0.0100284,8.50454e-08
70.0,4.675354534e-08,-3.459559497e-06,0.0100285,1.8292e-07
Freq,70,Rs,-1.4126826500624983e-07,1.092265923296087e-05,Ls,4.22688144725625e-08,2.1451365777508644e-08
":SOUR:DCS:STAT OFF;:BIAS:STAT OFF;:COMP:BIN:COUN:CLE;:LIST:CLE:ALL;:COMP:BIN:CLE;:AMPL:ALC OFF;:APER LONG,1;:BIAS:POL:AUTO OFF;:BIAS:RANG:AUTO ON;:BIAS:VOLT:LEV 0;:COMP:ABIN OFF;:COMP:BIN:COUN:STAT OFF;:COMP:MODE PTOL;:COMP:SLIM -9.9e+037,9.9e+037;:COMP:STAT OFF;:COMP:SWAP OFF;:COMP:TOL:NOM 0;:DISP:ENAB ON;:DISP:LINE """";:DISP:WIND:TEXT1:DATA:FMSD:DATA 1e-009;:DISP:WIND:TEXT2:DATA:FMSD:DATA 1e-009;:FORM:ASC:LONG ON;:FORM:BORD NORM;:FORM:DATA ASC,64;:FREQ:CW 70;:FUNC:DEV1:MODE OFF;:FUNC:DEV1:REF:VAL 0;:FUNC:DEV2:MODE OFF;:FUNC:DEV2:REF:VAL 0;:FUNC:IMP:TYPE LSRS;:FUNC:SMON:IDC:STAT OFF;:FUNC:SMON:VDC:STAT OFF;:INIT:CONT OFF;:LIST:MODE SEQ;:LIST:STIM:TYPE FREQ,NONE;:SOUR:DCS:VOLT:LEV 0;:TRIG:DEL 0;:TRIG:SOUR INT;:TRIG:TDEL 0;:VOLT:LEV 1;:DISP:WIND:TEXT1:DATA:FMSD:STAT OFF;:DISP:WIND:TEXT2:DATA:FMSD:STAT OFF;:FUNC:DCR:RANG:VAL 100;:FUNC:IMP:RANG:VAL 1;:OUTP:DC:ISOL:LEV:VAL 0.02;:OUTP:DC:ISOL:STAT OFF;:FUNC:DCR:RANG:AUTO ON;:FUNC:IMP:RANG:AUTO ON;:OUTP:DC:ISOL:LEV:AUTO ON;:DISP:PAGE MEASurement;
"
100.0,2.772028682e-08,-5.075618521e-06,0.0100218,1.47938e-07
100.0,1.339594991e-09,-2.066932726e-05,0.0100218,4.96939e-08
100.0,2.975581451e-09,-2.267745789e-05,0.0100218,1.78734e-07
100.0,-2.192392008e-08,-1.42808462e-05,0.0100216,3.37949e-07
100.0,-7.622398596e-09,-3.828653629e-06,0.0100218,3.75994e-07
100.0,-6.865482179e-09,-1.456650417e-05,0.0100219,2.49373e-07
100.0,-8.823207547e-09,-1.425807631e-05,0.0100219,8.80387e-08
100.0,-2.989124868e-09,-8.440712111e-06,0.010022,9.30885e-08
100.0,3.931632642e-09,-2.52185814e-05,0.0100218,2.20723e-07
100.0,-2.113938297e-08,-3.281498708e-05,0.0100219,2.08355e-07
100.0,3.57842438e-08,-6.492185897e-06,0.0100219,3.838e-07
100.0,-3.026952878e-09,-1.554616327e-05,0.0100218,1.97594e-07
100.0,1.897188624e-08,-2.08300239e-05,0.0100221,2.30513e-07
100.0,-2.306260839e-08,-1.580730497e-05,0.0100219,4.61567e-08
100.0,7.824277482e-09,-1.733593593e-05,0.0100219,2.06367e-07
100.0,3.044414336e-08,-4.273758274e-06,0.0100219,2.83378e-07
Freq,100,Rs,-1.513225855075e-05,8.19756481955904e-06,Ls,2.0961605798750002e-09,1.8281732162068586e-08
":SOUR:DCS:STAT OFF;:BIAS:STAT OFF;:COMP:BIN:COUN:CLE;:LIST:CLE:ALL;:COMP:BIN:CLE;:AMPL:ALC OFF;:APER LONG,1;:BIAS:POL:AUTO OFF;:BIAS:RANG:AUTO ON;:BIAS:VOLT:LEV 0;:COMP:ABIN OFF;:COMP:BIN:COUN:STAT OFF;:COMP:MODE PTOL;:COMP:SLIM -9.9e+037,9.9e+037;:COMP:STAT OFF;:COMP:SWAP OFF;:COMP:TOL:NOM 0;:DISP:ENAB ON;:DISP:LINE """";:DISP:WIND:TEXT1:DATA:FMSD:DATA 1e-009;:DISP:WIND:TEXT2:DATA:FMSD:DATA 1e-009;:FORM:ASC:LONG ON;:FORM:BORD NORM;:FORM:DATA ASC,64;:FREQ:CW 100;:FUNC:DEV1:MODE OFF;:FUNC:DEV1:REF:VAL 0;:FUNC:DEV2:MODE OFF;:FUNC:DEV2:REF:VAL 0;:FUNC:IMP:TYPE LSRS;:FUNC:SMON:IDC:STAT OFF;:FUNC:SMON:VDC:STAT OFF;:INIT:CONT OFF;:LIST:MODE SEQ;:LIST:STIM:TYPE FREQ,NONE;:SOUR:DCS:VOLT:LEV 0;:TRIG:DEL 0;:TRIG:SOUR INT;:TRIG:TDEL 0;:VOLT:LEV 1;:DISP:WIND:TEXT1:DATA:FMSD:STAT OFF;:DISP:WIND:TEXT2:DATA:FMSD:STAT OFF;:FUNC:DCR:RANG:VAL 100;:FUNC:IMP:RANG:VAL 1;:OUTP:DC:ISOL:LEV:VAL 0.02;:OUTP:DC:ISOL:STAT OFF;:FUNC:DCR:RANG:AUTO ON;:FUNC:IMP:RANG:AUTO ON;:OUTP:DC:ISOL:LEV:AUTO ON;:DISP:PAGE MEASurement;
"
200.0,-1.60038869e-09,1.135373739e-05,0.0100166,1.20449e-07
200.0,5.654895583e-09,-1.505564086e-05,0.0100166,1.14936e-07
200.0,-3.850445581e-10,-8.298658037e-06,0.0100168,8.78096e-08
200.0,-6.192281332e-09,2.455022575e-06,0.0100167,2.03859e-07
200.0,5.57888151e-09,9.515779259e-06,0.0100166,1.30825e-07
200.0,-6.036852812e-09,-2.768497705e-06,0.0100167,8.3843e-08
200.0,1.075579668e-09,-6.109734552e-06,0.0100165,1.16327e-07
200.0,-1.44150513e-09,9.872689262e-06,0.0100167,1.62496e-07
200.0,-7.018592586e-09,2.130540879e-06,0.0100168,8.0821e-08
200.0,-4.655101445e-09,6.720637346e-06,0.0100167,3.12889e-08
200.0,-3.221511019e-09,4.028625718e-07,0.0100167,8.29691e-08
200.0,5.739125003e-10,-2.020131572e-06,0.0100166,3.68304e-08
200.0,-6.006523768e-09,-1.056473531e-05,0.0100165,1.89748e-07
200.0,6.13477022e-09,-1.357463636e-06,0.0100165,1.44206e-07
200.0,7.617652856e-09,-1.760804727e-06,0.0100167,2.8123e-08
200.0,-3.35980674e-09,-7.37690217e-06,0.0100167,1.04381e-07
Freq,200,Rs,-8.038312053874999e-07,7.651032893167387e-06,Ls,-8.301197339250002e-10,4.88178399387972e-09
":SOUR:DCS:STAT OFF;:BIAS:STAT OFF;:COMP:BIN:COUN:CLE;:LIST:CLE:ALL;:COMP:BIN:CLE;:AMPL:ALC OFF;:APER LONG,1;:BIAS:POL:AUTO OFF;:BIAS:RANG:AUTO ON;:BIAS:VOLT:LEV 0;:COMP:ABIN OFF;:COMP:BIN:COUN:STAT OFF;:COMP:MODE PTOL;:COMP:SLIM -9.9e+037,9.9e+037;:COMP:STAT OFF;:COMP:SWAP OFF;:COMP:TOL:NOM 0;:DISP:ENAB ON;:DISP:LINE """";:DISP:WIND:TEXT1:DATA:FMSD:DATA 1e-009;:DISP:WIND:TEXT2:DATA:FMSD:DATA 1e-009;:FORM:ASC:LONG ON;:FORM:BORD NORM;:FORM:DATA ASC,64;:FREQ:CW 200;:FUNC:DEV1:MODE OFF;:FUNC:DEV1:REF:VAL 0;:FUNC:DEV2:MODE OFF;:FUNC:DEV2:REF:VAL 0;:FUNC:IMP:TYPE LSRS;:FUNC:SMON:IDC:STAT OFF;:FUNC:SMON:VDC:STAT OFF;:INIT:CONT OFF;:LIST:MODE SEQ;:LIST:STIM:TYPE FREQ,NONE;:SOUR:DCS:VOLT:LEV 0;:TRIG:DEL 0;:TRIG:SOUR INT;:TRIG:TDEL 0;:VOLT:LEV 1;:DISP:WIND:TEXT1:DATA:FMSD:STAT OFF;:DISP:WIND:TEXT2:DATA:FMSD:STAT OFF;:FUNC:DCR:RANG:VAL 100;:FUNC:IMP:RANG:VAL 1;:OUTP:DC:ISOL:LEV:VAL 0.02;:OUTP:DC:ISOL:STAT OFF;:FUNC:DCR:RANG:AUTO ON;:FUNC:IMP:RANG:AUTO ON;:OUTP:DC:ISOL:LEV:AUTO ON;:DISP:PAGE MEASurement;
"
300.0,6.542387834e-09,1.486629117e-05,0.0100163,1.49596e-07
300.0,5.109287976e-09,1.998616488e-05,0.0100161,3.58453e-08
300.0,6.998713054e-09,-5.711701912e-06,0.0100163,2.04423e-07
300.0,5.031768589e-09,-1.032380492e-06,0.0100162,1.60532e-07
300.0,7.12358761e-09,-1.822158627e-07,0.0100161,7.28582e-08
300.0,7.971275264e-09,2.938607323e-06,0.0100162,1.59095e-07
300.0,4.947136859e-09,2.46484425e-06,0.0100162,2.46923e-07
300.0,1.039359466e-08,-1.418352994e-07,0.0100162,1.29574e-07
300.0,4.093265299e-09,7.696296734e-06,0.0100161,6.60101e-08
300.0,6.061012441e-09,1.84134951e-06,0.0100162,5.93496e-08
300.0,1.093190692e-08,-1.845460401e-06,0.0100162,1.88601e-07
300.0,7.742541476e-09,1.12132883e-05,0.0100162,2.11703e-07
300.0,5.947225039e-09,7.824772613e-06,0.0100163,1.45869e-07
300.0,9.799769659e-09,1.520677861e-05,0.0100162,1.22908e-07
300.0,4.387460771e-09,6.661189806e-06,0.0100162,5.96903e-08
300.0,8.12842669e-09,-8.159411852e-07,0.010016,1.91515e-07
Freq,300,Rs,5.0606280027312495e-06,7.249943205863783e-06,Ls,6.9505850088125e-09,2.108653071997295e-09
":SOUR:DCS:STAT OFF;:BIAS:STAT OFF;:COMP:BIN:COUN:CLE;:LIST:CLE:ALL;:COMP:BIN:CLE;:AMPL:ALC OFF;:APER LONG,1;:BIAS:POL:AUTO OFF;:BIAS:RANG:AUTO ON;:BIAS:VOLT:LEV 0;:COMP:ABIN OFF;:COMP:BIN:COUN:STAT OFF;:COMP:MODE PTOL;:COMP:SLIM -9.9e+037,9.9e+037;:COMP:STAT OFF;:COMP:SWAP OFF;:COMP:TOL:NOM 0;:DISP:ENAB ON;:DISP:LINE """";:DISP:WIND:TEXT1:DATA:FMSD:DATA 1e-009;:DISP:WIND:TEXT2:DATA:FMSD:DATA 1e-009;:FORM:ASC:LONG ON;:FORM:BORD NORM;:FORM:DATA ASC,64;:FREQ:CW 300;:FUNC:DEV1:MODE OFF;:FUNC:DEV1:REF:VAL 0;:FUNC:DEV2:MODE OFF;:FUNC:DEV2:REF:VAL 0;:FUNC:IMP:TYPE LSRS;:FUNC:SMON:IDC:STAT OFF;:FUNC:SMON:VDC:STAT OFF;:INIT:CONT OFF;:LIST:MODE SEQ;:LIST:STIM:TYPE FREQ,NONE;:SOUR:DCS:VOLT:LEV 0;:TRIG:DEL 0;:TRIG:SOUR INT;:TRIG:TDEL 0;:VOLT:LEV 1;:DISP:WIND:TEXT1:DATA:FMSD:STAT OFF;:DISP:WIND:TEXT2:DATA:FMSD:STAT OFF;:FUNC:DCR:RANG:VAL 100;:FUNC:IMP:RANG:VAL 1;:OUTP:DC:ISOL:LEV:VAL 0.02;:OUTP:DC:ISOL:STAT OFF;:FUNC:DCR:RANG:AUTO ON;:FUNC:IMP:RANG:AUTO ON;:OUTP:DC:ISOL:LEV:AUTO ON;:DISP:PAGE MEASurement;
"
500.0,1.687022754e-09,-3.449133844e-06,0.0100205,1.39937e-07
500.0,-2.497927846e-09,-6.108293363e-06,0.0100205,1.08058e-07
500.0,-1.252262698e-09,-2.246314216e-05,0.0100204,1.31755e-07
500.0,-6.700728308e-10,-1.299517676e-05,0.0100205,8.57213e-08
500.0,-3.744017583e-09,-1.128484645e-05,0.0100203,8.00127e-08
500.0,1.257399082e-09,-1.085773224e-05,0.0100205,1.03929e-07
500.0,1.758221751e-09,-9.972199291e-06,0.0100203,1.16815e-07
500.0,2.041467704e-10,-8.967310299e-06,0.0100204,1.2469e-07
500.0,4.353117211e-10,-8.872825115e-06,0.0100204,1.64234e-07
500.0,-1.869941837e-10,-1.721500875e-05,0.0100205,8.21967e-08
500.0,1.186470663e-09,-1.932985291e-05,0.0100205,8.05731e-08
500.0,-1.229370739e-09,-1.883355657e-05,0.0100203,1.43792e-07
500.0,-1.38898863e-09,-1.03382235e-06,0.0100204,1.99999e-07
500.0,4.12355369e-09,-6.713156134e-06,0.0100204,1.24333e-07
500.0,8.214645252e-10,1.038493307e-06,0.0100206,2.38163e-07
500.0,7.730992318e-10,-4.424082539e-06,0.0100206,9.24607e-08
Freq,500,Rs,-1.009260284175e-05,6.7735584017661845e-06,Ls,7.981597987500008e-11,1.8811637897232538e-09
":SOUR:DCS:STAT OFF;:BIAS:STAT OFF;:COMP:BIN:COUN:CLE;:LIST:CLE:ALL;:COMP:BIN:CLE;:AMPL:ALC OFF;:APER LONG,1;:BIAS:POL:AUTO OFF;:BIAS:RANG:AUTO ON;:BIAS:VOLT:LEV 0;:COMP:ABIN OFF;:COMP:BIN:COUN:STAT OFF;:COMP:MODE PTOL;:COMP:SLIM -9.9e+037,9.9e+037;:COMP:STAT OFF;:COMP:SWAP OFF;:COMP:TOL:NOM 0;:DISP:ENAB ON;:DISP:LINE """";:DISP:WIND:TEXT1:DATA:FMSD:DATA 1e-009;:DISP:WIND:TEXT2:DATA:FMSD:DATA 1e-009;:FORM:ASC:LONG ON;:FORM:BORD NORM;:FORM:DATA ASC,64;:FREQ:CW 500;:FUNC:DEV1:MODE OFF;:FUNC:DEV1:REF:VAL 0;:FUNC:DEV2:MODE OFF;:FUNC:DEV2:REF:VAL 0;:FUNC:IMP:TYPE LSRS;:FUNC:SMON:IDC:STAT OFF;:FUNC:SMON:VDC:STAT OFF;:INIT:CONT OFF;:LIST:MODE SEQ;:LIST:STIM:TYPE FREQ,NONE;:SOUR:DCS:VOLT:LEV 0;:TRIG:DEL 0;:TRIG:SOUR INT;:TRIG:TDEL 0;:VOLT:LEV 1;:DISP:WIND:TEXT1:DATA:FMSD:STAT OFF;:DISP:WIND:TEXT2:DATA:FMSD:STAT OFF;:FUNC:DCR:RANG:VAL 100;:FUNC:IMP:RANG:VAL 1;:OUTP:DC:ISOL:LEV:VAL 0.02;:OUTP:DC:ISOL:STAT OFF;:FUNC:DCR:RANG:AUTO ON;:FUNC:IMP:RANG:AUTO ON;:OUTP:DC:ISOL:LEV:AUTO ON;:DISP:PAGE MEASurement;
"
800.0,8.105076249e-10,-1.00991816e-05,0.0100341,1.72572e-07
800.0,-5.24394837e-10,-1.452496431e-05,0.0100342,1.32394e-07
800.0,2.488648333e-09,-1.624596186e-05,0.0100341,1.35098e-07
800.0,1.887535449e-09,-1.459644358e-05,0.0100341,2.0173e-07
800.0,1.220188743e-10,-1.027510512e-05,0.0100342,1.65709e-07
800.0,1.406704738e-09,-2.907977468e-06,0.0100341,1.23827e-07
800.0,4.278057511e-10,-1.004710205e-05,0.0100342,7.68326e-08
800.0,-6.801273874e-10,-6.239087669e-06,0.0100342,7.26409e-08
800.0,1.155797806e-09,-1.4381997e-05,0.0100341,1.87188e-07
800.0,2.579145429e-09,-6.687342889e-06,0.0100342,1.11825e-07
800.0,-4.042250366e-10,-1.116364507e-05,0.0100342,6.4847e-08
800.0,1.110005251e-09,-5.801721615e-06,0.0100341,1.80135e-07
800.0,-7.066600931e-10,-9.985900001e-06,0.0100342,1.15367e-07
800.0,1.26618168e-09,-1.123604423e-05,0.0100342,2.06055e-07
800.0,1.43039912e-09,-1.74194714e-05,0.0100341,1.30587e-07
800.0,-1.10567145e-10,-7.167712339e-06,0.0100343,1.02133e-07
Freq,800,Rs,-1.0548728637562502e-05,4.115657811568719e-06,Ls,7.66173472325e-10,1.0794826812155446e-09
":SOUR:DCS:STAT OFF;:BIAS:STAT OFF;:COMP:BIN:COUN:CLE;:LIST:CLE:ALL;:COMP:BIN:CLE;:AMPL:ALC OFF;:APER LONG,1;:BIAS:POL:AUTO OFF;:BIAS:RANG:AUTO ON;:BIAS:VOLT:LEV 0;:COMP:ABIN OFF;:COMP:BIN:COUN:STAT OFF;:COMP:MODE PTOL;:COMP:SLIM -9.9e+037,9.9e+037;:COMP:STAT OFF;:COMP:SWAP OFF;:COMP:TOL:NOM 0;:DISP:ENAB ON;:DISP:LINE """";:DISP:WIND:TEXT1:DATA:FMSD:DATA 1e-009;:DISP:WIND:TEXT2:DATA:FMSD:DATA 1e-009;:FORM:ASC:LONG ON;:FORM:BORD NORM;:FORM:DATA ASC,64;:FREQ:CW 800;:FUNC:DEV1:MODE OFF;:FUNC:DEV1:REF:VAL 0;:FUNC:DEV2:MODE OFF;:FUNC:DEV2:REF:VAL 0;:FUNC:IMP:TYPE LSRS;:FUNC:SMON:IDC:STAT OFF;:FUNC:SMON:VDC:STAT OFF;:INIT:CONT OFF;:LIST:MODE SEQ;:LIST:STIM:TYPE FREQ,NONE;:SOUR:DCS:VOLT:LEV 0;:TRIG:DEL 0;:TRIG:SOUR INT;:TRIG:TDEL 0;:VOLT:LEV 1;:DISP:WIND:TEXT1:DATA:FMSD:STAT OFF;:DISP:WIND:TEXT2:DATA:FMSD:STAT OFF;:FUNC:DCR:RANG:VAL 100;:FUNC:IMP:RANG:VAL 1;:OUTP:DC:ISOL:LEV:VAL 0.02;:OUTP:DC:ISOL:STAT OFF;:FUNC:DCR:RANG:AUTO ON;:FUNC:IMP:RANG:AUTO ON;:OUTP:DC:ISOL:LEV:AUTO ON;:DISP:PAGE MEASurement;
"
1000.0,3.188744249e-09,1.554854008e-06,0.0100005,1.68848e-07
1000.0,2.321198941e-09,1.407308403e-06,0.0100005,2.36813e-07
1000.0,4.080735489e-09,-3.26162156e-06,0.0100005,1.7007e-07
1000.0,3.5072138e-09,2.403735051e-06,0.0100005,2.03292e-07
1000.0,2.838749962e-09,-8.605878419e-06,0.0100006,1.26514e-07
1000.0,3.713552598e-09,-2.107057326e-06,0.0100006,1.8868e-07
1000.0,4.437094584e-09,6.332228303e-06,0.0100006,1.15601e-07
1000.0,2.160041197e-09,5.533706869e-07,0.0100006,1.64527e-07
1000.0,2.178099412e-09,1.095563666e-06,0.0100004,1.53392e-07
1000.0,3.159955185e-09,5.229421066e-06,0.0100006,1.42962e-07
1000.0,3.979207595e-09,3.179857569e-06,0.0100005,2.03087e-07
1000.0,2.271002108e-09,-6.542997607e-08,0.0100007,1.28316e-07
1000.0,3.150969176e-09,-2.30382567e-06,0.0100006,2.77764e-07
1000.0,2.467282859e-09,-3.880936403e-07,0.0100007,1.59278e-07
1000.0,2.583680072e-09,1.7398e-06,0.0100005,3.15008e-07
1000.0,1.657821132e-09,4.948742684e-06,0.0100006,2.7145e-07
Freq,1000,Rs,7.320609278456249e-07,3.6767905359862354e-06,Ls,2.9809592724374997e-09,8.039285770255966e-10
":SOUR:DCS:STAT OFF;:BIAS:STAT OFF;:COMP:BIN:COUN:CLE;:LIST:CLE:ALL;:COMP:BIN:CLE;:AMPL:ALC OFF;:APER LONG,1;:BIAS:POL:AUTO OFF;:BIAS:RANG:AUTO ON;:BIAS:VOLT:LEV 0;:COMP:ABIN OFF;:COMP:BIN:COUN:STAT OFF;:COMP:MODE PTOL;:COMP:SLIM -9.9e+037,9.9e+037;:COMP:STAT OFF;:COMP:SWAP OFF;:COMP:TOL:NOM 0;:DISP:ENAB ON;:DISP:LINE """";:DISP:WIND:TEXT1:DATA:FMSD:DATA 1e-009;:DISP:WIND:TEXT2:DATA:FMSD:DATA 1e-009;:FORM:ASC:LONG ON;:FORM:BORD NORM;:FORM:DATA ASC,64;:FREQ:CW 1000;:FUNC:DEV1:MODE OFF;:FUNC:DEV1:REF:VAL 0;:FUNC:DEV2:MODE OFF;:FUNC:DEV2:REF:VAL 0;:FUNC:IMP:TYPE LSRS;:FUNC:SMON:IDC:STAT OFF;:FUNC:SMON:VDC:STAT OFF;:INIT:CONT OFF;:LIST:MODE SEQ;:LIST:STIM:TYPE FREQ,NONE;:SOUR:DCS:VOLT:LEV 0;:TRIG:DEL 0;:TRIG:SOUR INT;:TRIG:TDEL 0;:VOLT:LEV 1;:DISP:WIND:TEXT1:DATA:FMSD:STAT OFF;:DISP:WIND:TEXT2:DATA:FMSD:STAT OFF;:FUNC:DCR:RANG:VAL 100;:FUNC:IMP:RANG:VAL 1;:OUTP:DC:ISOL:LEV:VAL 0.02;:OUTP:DC:ISOL:STAT OFF;:FUNC:DCR:RANG:AUTO ON;:FUNC:IMP:RANG:AUTO ON;:OUTP:DC:ISOL:LEV:AUTO ON;:DISP:PAGE MEASurement;
"
1591.5494309189535,2.461299019e-09,3.401294684e-06,0.0100642,2.50558e-07
1591.5494309189535,2.902635352e-09,-9.783498327e-06,0.0100644,2.65038e-07
1591.5494309189535,1.872964118e-09,6.546032834e-06,0.0100644,2.3794e-07
1591.5494309189535,2.492704433e-09,3.285053085e-07,0.0100643,2.44297e-07
1591.5494309189535,2.385063546e-09,-7.940604877e-06,0.0100643,2.2056e-07
1591.5494309189535,2.444634615e-09,9.507986388e-07,0.0100642,1.94635e-07
1591.5494309189535,2.593886332e-09,2.844695923e-06,0.0100643,2.56927e-07
1591.5494309189535,2.843366069e-09,4.951282238e-07,0.0100643,2.29498e-07
1591.5494309189535,2.06609267e-09,-6.890323256e-06,0.0100643,2.08692e-07
1591.5494309189535,1.784147722e-09,7.90605264e-07,0.0100644,2.35356e-07
1591.5494309189535,2.098317122e-09,-7.974919562e-07,0.0100644,2.58765e-07
1591.5494309189535,2.591309901e-09,-1.076094721e-06,0.0100644,2.38475e-07
1591.5494309189535,2.087200892e-09,3.35887334e-06,0.0100643,2.09893e-07
1591.5494309189535,2.27664631e-09,8.719128834e-06,0.0100643,2.20182e-07
1591.5494309189535,2.277954222e-09,-1.567100667e-06,0.0100645,2.39924e-07
1591.5494309189535,2.448820183e-09,8.304357064e-06,0.0100643,2.45477e-07
Freq,1591.5494309189535,Rs,4.802691443687499e-07,5.338334416605418e-06,Ls,2.351690156625e-09,3.1522671618872916e-10
":SOUR:DCS:STAT OFF;:BIAS:STAT OFF;:COMP:BIN:COUN:CLE;:LIST:CLE:ALL;:COMP:BIN:CLE;:AMPL:ALC OFF;:APER LONG,1;:BIAS:POL:AUTO OFF;:BIAS:RANG:AUTO ON;:BIAS:VOLT:LEV 0;:COMP:ABIN OFF;:COMP:BIN:COUN:STAT OFF;:COMP:MODE PTOL;:COMP:SLIM -9.9e+037,9.9e+037;:COMP:STAT OFF;:COMP:SWAP OFF;:COMP:TOL:NOM 0;:DISP:ENAB ON;:DISP:LINE """";:DISP:WIND:TEXT1:DATA:FMSD:DATA 1e-009;:DISP:WIND:TEXT2:DATA:FMSD:DATA 1e-009;:FORM:ASC:LONG ON;:FORM:BORD NORM;:FORM:DATA ASC,64;:FREQ:CW 1592;:FUNC:DEV1:MODE OFF;:FUNC:DEV1:REF:VAL 0;:FUNC:DEV2:MODE OFF;:FUNC:DEV2:REF:VAL 0;:FUNC:IMP:TYPE LSRS;:FUNC:SMON:IDC:STAT OFF;:FUNC:SMON:VDC:STAT OFF;:INIT:CONT OFF;:LIST:MODE SEQ;:LIST:STIM:TYPE FREQ,NONE;:SOUR:DCS:VOLT:LEV 0;:TRIG:DEL 0;:TRIG:SOUR INT;:TRIG:TDEL 0;:VOLT:LEV 1;:DISP:WIND:TEXT1:DATA:FMSD:STAT OFF;:DISP:WIND:TEXT2:DATA:FMSD:STAT OFF;:FUNC:DCR:RANG:VAL 100;:FUNC:IMP:RANG:VAL 1;:OUTP:DC:ISOL:LEV:VAL 0.02;:OUTP:DC:ISOL:STAT OFF;:FUNC:DCR:RANG:AUTO ON;:FUNC:IMP:RANG:AUTO ON;:OUTP:DC:ISOL:LEV:AUTO ON;:DISP:PAGE MEASurement;
"
2000.0,1.804627598e-09,-4.868567537e-07,0.0100541,2.35595e-07
2000.0,2.238195102e-09,-2.333834946e-06,0.0100542,2.15221e-07
2000.0,2.330601122e-09,1.251703705e-06,0.0100542,2.34228e-07
2000.0,1.799382151e-09,-1.55302031e-06,0.0100543,2.12028e-07
2000.0,1.772322367e-09,-8.240404531e-06,0.0100542,3.0049e-07
2000.0,2.090323315e-09,-6.637982687e-06,0.0100543,1.99676e-07
2000.0,1.570547277e-09,-4.000021822e-06,0.0100542,1.81847e-07
2000.0,2.353288284e-09,-1.185318569e-05,0.0100541,2.60355e-07
2000.0,1.788638448e-09,-1.125394998e-07,0.0100543,2.13674e-07
2000.0,1.963113262e-09,-5.457632282e-06,0.0100542,2.72276e-07
2000.0,1.99592515e-09,-8.394018228e-07,0.0100543,2.58819e-07
2000.0,2.072798434e-09,-2.735129849e-06,0.0100544,2.00422e-07
2000.0,1.805275491e-09,4.092118712e-06,0.0100541,2.92766e-07
2000.0,2.26054236e-09,-2.68240697e-06,0.0100543,2.40304e-07
2000.0,2.119662846e-09,-1.009807194e-05,0.0100543,2.32597e-07
2000.0,2.052330416e-09,3.100399147e-07,0.0100544,2.36373e-07
Freq,2000,Rs,-3.211039173225e-06,4.298427813758776e-06,Ls,2.0010983514375e-09,2.2918383311024515e-10
":SOUR:DCS:STAT OFF;:BIAS:STAT OFF;:COMP:BIN:COUN:CLE;:LIST:CLE:ALL;:COMP:BIN:CLE;:AMPL:ALC OFF;:APER LONG,1;:BIAS:POL:AUTO OFF;:BIAS:RANG:AUTO ON;:BIAS:VOLT:LEV 0;:COMP:ABIN OFF;:COMP:BIN:COUN:STAT OFF;:COMP:MODE PTOL;:COMP:SLIM -9.9e+037,9.9e+037;:COMP:STAT OFF;:COMP:SWAP OFF;:COMP:TOL:NOM 0;:DISP:ENAB ON;:DISP:LINE """";:DISP:WIND:TEXT1:DATA:FMSD:DATA 1e-009;:DISP:WIND:TEXT2:DATA:FMSD:DATA 1e-009;:FORM:ASC:LONG ON;:FORM:BORD NORM;:FORM:DATA ASC,64;:FREQ:CW 2000;:FUNC:DEV1:MODE OFF;:FUNC:DEV1:REF:VAL 0;:FUNC:DEV2:MODE OFF;:FUNC:DEV2:REF:VAL 0;:FUNC:IMP:TYPE LSRS;:FUNC:SMON:IDC:STAT OFF;:FUNC:SMON:VDC:STAT OFF;:INIT:CONT OFF;:LIST:MODE SEQ;:LIST:STIM:TYPE FREQ,NONE;:SOUR:DCS:VOLT:LEV 0;:TRIG:DEL 0;:TRIG:SOUR INT;:TRIG:TDEL 0;:VOLT:LEV 1;:DISP:WIND:TEXT1:DATA:FMSD:STAT OFF;:DISP:WIND:TEXT2:DATA:FMSD:STAT OFF;:FUNC:DCR:RANG:VAL 100;:FUNC:IMP:RANG:VAL 1;:OUTP:DC:ISOL:LEV:VAL 0.02;:OUTP:DC:ISOL:STAT OFF;:FUNC:DCR:RANG:AUTO ON;:FUNC:IMP:RANG:AUTO ON;:OUTP:DC:ISOL:LEV:AUTO ON;:DISP:PAGE MEASurement;
"
3000.0,-2.25582122e-10,-3.145730873e-06,0.0100173,1.79496e-08
3000.0,-1.009804984e-10,-1.958747858e-06,0.0100172,3.67535e-08
3000.0,-4.302023115e-10,-6.087649972e-06,0.0100173,1.03957e-07
3000.0,-5.799797622e-10,-6.073066056e-06,0.0100174,1.42221e-07
3000.0,-4.778355261e-10,2.85567067e-06,0.0100172,8.85936e-08
3000.0,-2.225893477e-10,-1.011560654e-06,0.0100173,1.04719e-07
3000.0,-3.8922594e-10,-9.277723212e-06,0.0100173,1.00979e-07
3000.0,-2.032313855e-10,-1.223951711e-06,0.0100174,6.77122e-08
3000.0,-1.954715785e-10,-8.299167052e-06,0.0100171,6.78562e-08
3000.0,-6.659947539e-11,-4.772973198e-06,0.0100172,5.02771e-08
3000.0,-2.224847384e-10,-3.382090291e-06,0.0100173,5.44011e-08
3000.0,-2.081671529e-10,-4.549837195e-06,0.0100175,6.43368e-08
3000.0,-8.453595588e-10,-2.08611841e-06,0.0100172,7.69672e-08
3000.0,-8.412031115e-11,-3.297886989e-06,0.0100172,1.00807e-07
3000.0,-2.806884832e-10,-1.977084853e-06,0.0100173,9.7615e-08
3000.0,-1.778032048e-10,-8.139346987e-06,0.0100173,3.79377e-08
Freq,3000,Rs,-3.9017040400625e-06,3.1626604529228554e-06,Ls,-2.9439508728375e-10,2.056045931395715e-10
":SOUR:DCS:STAT OFF;:BIAS:STAT OFF;:COMP:BIN:COUN:CLE;:LIST:CLE:ALL;:COMP:BIN:CLE;:AMPL:ALC OFF;:APER LONG,1;:BIAS:POL:AUTO OFF;:BIAS:RANG:AUTO ON;:BIAS:VOLT:LEV 0;:COMP:ABIN OFF;:COMP:BIN:COUN:STAT OFF;:COMP:MODE PTOL;:COMP:SLIM -9.9e+037,9.9e+037;:COMP:STAT OFF;:COMP:SWAP OFF;:COMP:TOL:NOM 0;:DISP:ENAB ON;:DISP:LINE """";:DISP:WIND:TEXT1:DATA:FMSD:DATA 1e-009;:DISP:WIND:TEXT2:DATA:FMSD:DATA 1e-009;:FORM:ASC:LONG ON;:FORM:BORD NORM;:FORM:DATA ASC,64;:FREQ:CW 3000;:FUNC:DEV1:MODE OFF;:FUNC:DEV1:REF:VAL 0;:FUNC:DEV2:MODE OFF;:FUNC:DEV2:REF:VAL 0;:FUNC:IMP:TYPE LSRS;:FUNC:SMON:IDC:STAT OFF;:FUNC:SMON:VDC:STAT OFF;:INIT:CONT OFF;:LIST:MODE SEQ;:LIST:STIM:TYPE FREQ,NONE;:SOUR:DCS:VOLT:LEV 0;:TRIG:DEL 0;:TRIG:SOUR INT;:TRIG:TDEL 0;:VOLT:LEV 1;:DISP:WIND:TEXT1:DATA:FMSD:STAT OFF;:DISP:WIND:TEXT2:DATA:FMSD:STAT OFF;:FUNC:DCR:RANG:VAL 100;:FUNC:IMP:RANG:VAL 1;:OUTP:DC:ISOL:LEV:VAL 0.02;:OUTP:DC:ISOL:STAT OFF;:FUNC:DCR:RANG:AUTO ON;:FUNC:IMP:RANG:AUTO ON;:OUTP:DC:ISOL:LEV:AUTO ON;:DISP:PAGE MEASurement;
"
4000.0,-1.958887721e-10,-8.711493642e-06,0.0100199,8.49107e-08
4000.0,-9.30454914e-11,-6.618532225e-06,0.01002,5.65446e-08
4000.0,4.898404453e-11,-2.209686492e-06,0.0100201,9.80744e-08
4000.0,-4.231451692e-12,-9.871208167e-06,0.01002,7.59624e-08
4000.0,-1.029551458e-10,-1.004027211e-05,0.0100201,2.50648e-08
4000.0,-2.222477641e-10,-7.663012356e-06,0.0100202,1.16401e-07
4000.0,-1.662653429e-10,-7.460790233e-06,0.0100201,7.92806e-08
4000.0,-2.484661714e-11,-4.701073252e-06,0.0100201,3.86226e-08
4000.0,-2.41291866e-10,-7.292034334e-06,0.0100202,5.50768e-08
4000.0,-2.514684543e-10,-7.932662372e-06,0.0100203,5.19494e-08
4000.0,-1.957371217e-10,-3.033275372e-06,0.0100202,5.01171e-08
4000.0,2.723021415e-11,-5.988363215e-06,0.0100202,2.86406e-08
4000.0,8.409806727e-11,-4.854380437e-06,0.0100202,6.42222e-08
4000.0,-9.715699341e-12,-8.229403158e-06,0.0100202,3.27561e-08
4000.0,-1.764262775e-10,-3.047378703e-06,0.0100202,6.89379e-08
4000.0,-6.257997973e-11,-6.247285123e-06,0.0100202,3.67089e-08
Freq,4000,Rs,-6.4938031994375e-06,2.385574747608494e-06,Ls,-9.914922860956251e-11,1.1049448600402743e-10
":SOUR:DCS:STAT OFF;:BIAS:STAT OFF;:COMP:BIN:COUN:CLE;:LIST:CLE:ALL;:COMP:BIN:CLE;:AMPL:ALC OFF;:APER LONG,1;:BIAS:POL:AUTO OFF;:BIAS:RANG:AUTO ON;:BIAS:VOLT:LEV 0;:COMP:ABIN OFF;:COMP:BIN:COUN:STAT OFF;:COMP:MODE PTOL;:COMP:SLIM -9.9e+037,9.9e+037;:COMP:STAT OFF;:COMP:SWAP OFF;:COMP:TOL:NOM 0;:DISP:ENAB ON;:DISP:LINE """";:DISP:WIND:TEXT1:DATA:FMSD:DATA 1e-009;:DISP:WIND:TEXT2:DATA:FMSD:DATA 1e-009;:FORM:ASC:LONG ON;:FORM:BORD NORM;:FORM:DATA ASC,64;:FREQ:CW 4000;:FUNC:DEV1:MODE OFF;:FUNC:DEV1:REF:VAL 0;:FUNC:DEV2:MODE OFF;:FUNC:DEV2:REF:VAL 0;:FUNC:IMP:TYPE LSRS;:FUNC:SMON:IDC:STAT OFF;:FUNC:SMON:VDC:STAT OFF;:INIT:CONT OFF;:LIST:MODE SEQ;:LIST:STIM:TYPE FREQ,NONE;:SOUR:DCS:VOLT:LEV 0;:TRIG:DEL 0;:TRIG:SOUR INT;:TRIG:TDEL 0;:VOLT:LEV 1;:DISP:WIND:TEXT1:DATA:FMSD:STAT OFF;:DISP:WIND:TEXT2:DATA:FMSD:STAT OFF;:FUNC:DCR:RANG:VAL 100;:FUNC:IMP:RANG:VAL 1;:OUTP:DC:ISOL:LEV:VAL 0.02;:OUTP:DC:ISOL:STAT OFF;:FUNC:DCR:RANG:AUTO ON;:FUNC:IMP:RANG:AUTO ON;:OUTP:DC:ISOL:LEV:AUTO ON;:DISP:PAGE MEASurement;
"
5000.0,-1.059110466e-11,-3.979048373e-06,0.0100074,5.37412e-08
5000.0,-7.405310077e-11,-1.629622935e-06,0.0100076,1.1824e-07
5000.0,-3.460496205e-10,-5.404640558e-06,0.0100074,1.66323e-08
5000.0,-1.190396619e-10,-4.959085174e-06,0.0100074,5.48174e-08
5000.0,-2.690315839e-10,-1.139364058e-06,0.0100075,1.05351e-07
5000.0,-1.240230725e-10,-4.906043562e-06,0.0100076,2.80054e-08
5000.0,-1.765035014e-10,-5.875531909e-06,0.0100074,5.20811e-08
5000.0,-2.094616816e-10,-6.204421066e-06,0.0100074,3.79663e-08
5000.0,-4.575747221e-11,1.242571711e-06,0.0100074,8.69354e-08
5000.0,-2.856927253e-10,-4.348736465e-06,0.0100074,7.81743e-08
5000.0,-1.368725893e-10,-1.886235373e-06,0.0100076,3.23969e-08
5000.0,3.044330666e-11,7.213634384e-07,0.0100076,4.3247e-08
5000.0,-1.041663467e-10,-1.166985953e-05,0.0100074,4.39925e-08
5000.0,-1.292179033e-10,-8.19769946e-06,0.0100075,9.41927e-08
5000.0,-8.866134717e-11,-4.634087199e-06,0.0100074,1.13109e-08
5000.0,1.25951957e-11,-4.575936808e-06,0.0100074,8.3182e-08
Freq,5000,Rs,-4.2153985825375005e-06,3.232104895349696e-06,Ls,-1.29755200553125e-10,1.07040169001558e-10
":SOUR:DCS:STAT OFF;:BIAS:STAT OFF;:COMP:BIN:COUN:CLE;:LIST:CLE:ALL;:COMP:BIN:CLE;:AMPL:ALC OFF;:APER LONG,1;:BIAS:POL:AUTO OFF;:BIAS:RANG:AUTO ON;:BIAS:VOLT:LEV 0;:COMP:ABIN OFF;:COMP:BIN:COUN:STAT OFF;:COMP:MODE PTOL;:COMP:SLIM -9.9e+037,9.9e+037;:COMP:STAT OFF;:COMP:SWAP OFF;:COMP:TOL:NOM 0;:DISP:ENAB ON;:DISP:LINE """";:DISP:WIND:TEXT1:DATA:FMSD:DATA 1e-009;:DISP:WIND:TEXT2:DATA:FMSD:DATA 1e-009;:FORM:ASC:LONG ON;:FORM:BORD NORM;:FORM:DATA ASC,64;:FREQ:CW 5000;:FUNC:DEV1:MODE OFF;:FUNC:DEV1:REF:VAL 0;:FUNC:DEV2:MODE OFF;:FUNC:DEV2:REF:VAL 0;:FUNC:IMP:TYPE LSRS;:FUNC:SMON:IDC:STAT OFF;:FUNC:SMON:VDC:STAT OFF;:INIT:CONT OFF;:LIST:MODE SEQ;:LIST:STIM:TYPE FREQ,NONE;:SOUR:DCS:VOLT:LEV 0;:TRIG:DEL 0;:TRIG:SOUR INT;:TRIG:TDEL 0;:VOLT:LEV 1;:DISP:WIND:TEXT1:DATA:FMSD:STAT OFF;:DISP:WIND:TEXT2:DATA:FMSD:STAT OFF;:FUNC:DCR:RANG:VAL 100;:FUNC:IMP:RANG:VAL 1;:OUTP:DC:ISOL:LEV:VAL 0.02;:OUTP:DC:ISOL:STAT OFF;:FUNC:DCR:RANG:AUTO ON;:FUNC:IMP:RANG:AUTO ON;:OUTP:DC:ISOL:LEV:AUTO ON;:DISP:PAGE MEASurement;
"
8000.0,-1.300693195e-10,-9.336485516e-07,0.0100166,4.66175e-08
8000.0,-3.667571323e-11,2.073001109e-07,0.0100166,2.91964e-08
8000.0,-5.933045067e-11,-3.371805349e-06,0.0100165,5.12629e-08
8000.0,6.218338751e-11,1.763933622e-06,0.0100165,2.64451e-08
8000.0,1.938917371e-11,2.560455067e-07,0.0100165,5.71412e-08
8000.0,-2.245228584e-11,-8.475719265e-06,0.0100164,2.61905e-08
8000.0,7.160655176e-12,3.373213818e-06,0.0100166,6.01443e-08
8000.0,2.522646875e-11,1.868838528e-06,0.0100165,3.03742e-08
8000.0,-6.772304355e-11,-4.837752045e-06,0.0100166,4.66697e-08
8000.0,-2.685522727e-11,-2.983160258e-06,0.0100166,5.74926e-08
8000.0,-1.104847313e-10,-1.463321587e-06,0.0100166,6.80404e-08
8000.0,-1.227462044e-11,2.746405267e-07,0.0100164,5.10042e-08
8000.0,1.21736212e-10,-6.569029818e-06,0.0100165,6.62638e-09
8000.0,-1.060783393e-10,-4.76644775e-06,0.0100165,6.08869e-08
8000.0,-1.644810254e-11,-3.240784166e-06,0.0100165,3.11647e-08
8000.0,-4.137366576e-11,-2.311766481e-06,0.0100165,3.74725e-08
Freq,8000,Rs,-1.95059144739375e-06,3.240686656419393e-06,Ls,-2.4629350140875e-11,6.492653502696641e-11
":SOUR:DCS:STAT OFF;:BIAS:STAT OFF;:COMP:BIN:COUN:CLE;:LIST:CLE:ALL;:COMP:BIN:CLE;:AMPL:ALC OFF;:APER LONG,1;:BIAS:POL:AUTO OFF;:BIAS:RANG:AUTO ON;:BIAS:VOLT:LEV 0;:COMP:ABIN OFF;:COMP:BIN:COUN:STAT OFF;:COMP:MODE PTOL;:COMP:SLIM -9.9e+037,9.9e+037;:COMP:STAT OFF;:COMP:SWAP OFF;:COMP:TOL:NOM 0;:DISP:ENAB ON;:DISP:LINE """";:DISP:WIND:TEXT1:DATA:FMSD:DATA 1e-009;:DISP:WIND:TEXT2:DATA:FMSD:DATA 1e-009;:FORM:ASC:LONG ON;:FORM:BORD NORM;:FORM:DATA ASC,64;:FREQ:CW 8000;:FUNC:DEV1:MODE OFF;:FUNC:DEV1:REF:VAL 0;:FUNC:DEV2:MODE OFF;:FUNC:DEV2:REF:VAL 0;:FUNC:IMP:TYPE LSRS;:FUNC:SMON:IDC:STAT OFF;:FUNC:SMON:VDC:STAT OFF;:INIT:CONT OFF;:LIST:MODE SEQ;:LIST:STIM:TYPE FREQ,NONE;:SOUR:DCS:VOLT:LEV 0;:TRIG:DEL 0;:TRIG:SOUR INT;:TRIG:TDEL 0;:VOLT:LEV 1;:DISP:WIND:TEXT1:DATA:FMSD:STAT OFF;:DISP:WIND:TEXT2:DATA:FMSD:STAT OFF;:FUNC:DCR:RANG:VAL 100;:FUNC:IMP:RANG:VAL 1;:OUTP:DC:ISOL:LEV:VAL 0.02;:OUTP:DC:ISOL:STAT OFF;:FUNC:DCR:RANG:AUTO ON;:FUNC:IMP:RANG:AUTO ON;:OUTP:DC:ISOL:LEV:AUTO ON;:DISP:PAGE MEASurement;
"
10000.0,3.709956836e-11,2.298875953e-06,0.0100164,2.50653e-09
10000.0,2.937109579e-11,3.736254579e-06,0.0100163,4.1782e-08
10000.0,2.57692117e-11,8.269435475e-06,0.0100164,3.18244e-08
10000.0,-1.084616011e-10,5.656332438e-06,0.0100164,2.38933e-08
10000.0,-3.824238813e-11,1.110718166e-05,0.0100164,1.01063e-07
10000.0,2.30945816e-11,1.469744713e-06,0.0100162,6.89638e-08
10000.0,-8.463587754e-11,1.050706315e-05,0.0100163,6.54715e-08
10000.0,5.513540244e-12,1.63279497e-06,0.0100163,2.18752e-08
10000.0,-9.425362036e-11,7.314779583e-06,0.0100163,7.0561e-08
10000.0,-5.017566503e-11,2.804571941e-06,0.0100163,9.03054e-08
10000.0,1.752703778e-11,4.022186446e-06,0.0100162,1.34445e-07
10000.0,-2.608346834e-12,6.937433285e-06,0.0100164,9.46767e-08
10000.0,-7.101424005e-11,4.541630211e-06,0.0100163,3.71254e-08
10000.0,-4.730423505e-11,5.031978194e-06,0.0100164,1.37294e-08
10000.0,1.784587952e-11,6.574774089e-06,0.0100162,4.1157e-08
10000.0,-1.618325592e-12,3.721652406e-06,0.0100163,5.2032e-08
Freq,10000,Rs,5.3516680683125e-06,2.928863820885126e-06,Ls,-2.138083654325e-11,4.8894027380700956e-11
":SOUR:DCS:STAT OFF;:BIAS:STAT OFF;:COMP:BIN:COUN:CLE;:LIST:CLE:ALL;:COMP:BIN:CLE;:AMPL:ALC OFF;:APER LONG,1;:BIAS:POL:AUTO OFF;:BIAS:RANG:AUTO ON;:BIAS:VOLT:LEV 0;:COMP:ABIN OFF;:COMP:BIN:COUN:STAT OFF;:COMP:MODE PTOL;:COMP:SLIM -9.9e+037,9.9e+037;:COMP:STAT OFF;:COMP:SWAP OFF;:COMP:TOL:NOM 0;:DISP:ENAB ON;:DISP:LINE """";:DISP:WIND:TEXT1:DATA:FMSD:DATA 1e-009;:DISP:WIND:TEXT2:DATA:FMSD:DATA 1e-009;:FORM:ASC:LONG ON;:FORM:BORD NORM;:FORM:DATA ASC,64;:FREQ:CW 10000;:FUNC:DEV1:MODE OFF;:FUNC:DEV1:REF:VAL 0;:FUNC:DEV2:MODE OFF;:FUNC:DEV2:REF:VAL 0;:FUNC:IMP:TYPE LSRS;:FUNC:SMON:IDC:STAT OFF;:FUNC:SMON:VDC:STAT OFF;:INIT:CONT OFF;:LIST:MODE SEQ;:LIST:STIM:TYPE FREQ,NONE;:SOUR:DCS:VOLT:LEV 0;:TRIG:DEL 0;:TRIG:SOUR INT;:TRIG:TDEL 0;:VOLT:LEV 1;:DISP:WIND:TEXT1:DATA:FMSD:STAT OFF;:DISP:WIND:TEXT2:DATA:FMSD:STAT OFF;:FUNC:DCR:RANG:VAL 100;:FUNC:IMP:RANG:VAL 1;:OUTP:DC:ISOL:LEV:VAL 0.02;:OUTP:DC:ISOL:STAT OFF;:FUNC:DCR:RANG:AUTO ON;:FUNC:IMP:RANG:AUTO ON;:OUTP:DC:ISOL:LEV:AUTO ON;:DISP:PAGE MEASurement;
"
20000.0,-4.33937071e-11,-3.686398564e-06,0.0100269,4.16719e-08
20000.0,-6.74940516e-12,3.950005431e-07,0.010027,3.22789e-08
20000.0,-5.495100895e-11,-6.30980465e-06,0.0100271,5.38974e-08
20000.0,-3.221095438e-11,-3.18286748e-06,0.010027,8.52831e-08
20000.0,-4.557579103e-11,-5.009280373e-07,0.010027,2.8461e-08
20000.0,-3.956241165e-11,-9.136925231e-06,0.010027,7.59149e-08
20000.0,-1.278788928e-11,-8.508547861e-07,0.010027,6.79476e-08
20000.0,-1.677834783e-11,-2.642228e-07,0.0100269,7.22358e-08
20000.0,9.136724169e-12,-1.747223331e-06,0.0100269,3.66444e-08
20000.0,-3.635643177e-11,-1.778789452e-06,0.010027,7.93346e-08
20000.0,-7.802927375e-11,1.581847397e-06,0.0100268,5.32883e-08
20000.0,-4.313758947e-11,3.268940947e-06,0.0100269,6.1808e-08
20000.0,-1.146888797e-11,-1.65013562e-06,0.0100269,5.72772e-08
20000.0,1.040819444e-11,-1.679290041e-06,0.0100269,6.79817e-08
20000.0,-1.828078139e-11,3.293204857e-07,0.010027,4.86478e-08
20000.0,-3.513425232e-11,-1.504818882e-06,0.010027,6.82636e-08
Freq,20000,Rs,-1.66982184385e-06,2.9543871450987233e-06,Ls,-2.84294883400625e-11,2.352940309735253e-11
":SOUR:DCS:STAT OFF;:BIAS:STAT OFF;:COMP:BIN:COUN:CLE;:LIST:CLE:ALL;:COMP:BIN:CLE;:AMPL:ALC OFF;:APER LONG,1;:BIAS:POL:AUTO OFF;:BIAS:RANG:AUTO ON;:BIAS:VOLT:LEV 0;:COMP:ABIN OFF;:COMP:BIN:COUN:STAT OFF;:COMP:MODE PTOL;:COMP:SLIM -9.9e+037,9.9e+037;:COMP:STAT OFF;:COMP:SWAP OFF;:COMP:TOL:NOM 0;:DISP:ENAB ON;:DISP:LINE """";:DISP:WIND:TEXT1:DATA:FMSD:DATA 1e-009;:DISP:WIND:TEXT2:DATA:FMSD:DATA 1e-009;:FORM:ASC:LONG ON;:FORM:BORD NORM;:FORM:DATA ASC,64;:FREQ:CW 20000;:FUNC:DEV1:MODE OFF;:FUNC:DEV1:REF:VAL 0;:FUNC:DEV2:MODE OFF;:FUNC:DEV2:REF:VAL 0;:FUNC:IMP:TYPE LSRS;:FUNC:SMON:IDC:STAT OFF;:FUNC:SMON:VDC:STAT OFF;:INIT:CONT OFF;:LIST:MODE SEQ;:LIST:STIM:TYPE FREQ,NONE;:SOUR:DCS:VOLT:LEV 0;:TRIG:DEL 0;:TRIG:SOUR INT;:TRIG:TDEL 0;:VOLT:LEV 1;:DISP:WIND:TEXT1:DATA:FMSD:STAT OFF;:DISP:WIND:TEXT2:DATA:FMSD:STAT OFF;:FUNC:DCR:RANG:VAL 100;:FUNC:IMP:RANG:VAL 1;:OUTP:DC:ISOL:LEV:VAL 0.02;:OUTP:DC:ISOL:STAT OFF;:FUNC:DCR:RANG:AUTO ON;:FUNC:IMP:RANG:AUTO ON;:OUTP:DC:ISOL:LEV:AUTO ON;:DISP:PAGE MEASurement;
"
30000.0,4.903884196e-12,-3.262673324e-06,0.0100175,7.21401e-08
30000.0,-1.184095672e-11,5.871589965e-07,0.0100175,2.35757e-08
30000.0,1.531656258e-11,-1.252046732e-06,0.0100176,2.8125e-08
30000.0,-2.479327365e-11,-2.176718074e-06,0.0100176,6.60827e-08
30000.0,-1.504722278e-11,9.708355295e-07,0.0100176,2.28876e-08
30000.0,-1.813352909e-11,8.953513031e-07,0.0100175,3.51314e-08
30000.0,1.093981621e-12,-1.383895321e-06,0.0100175,5.23313e-08
30000.0,-2.87852107e-11,-4.630947728e-06,0.0100177,7.18304e-08
30000.0,-2.278842064e-11,-5.390927095e-06,0.0100177,5.8387e-08
30000.0,6.736947886e-12,-5.277791337e-06,0.0100175,2.13576e-08
30000.0,1.535702361e-11,-3.90852161e-06,0.0100176,3.93941e-08
30000.0,1.869635753e-11,-3.935844944e-06,0.0100175,3.77696e-08
30000.0,1.709716748e-12,-5.257431841e-07,0.0100176,4.22634e-08
30000.0,-3.685124047e-12,-1.537200267e-06,0.0100176,4.1272e-08
30000.0,-1.169520734e-11,1.934571496e-06,0.0100176,2.12395e-08
30000.0,-3.469017829e-11,4.53004267e-07,0.0100177,2.87524e-08
Freq,30000,Rs,-1.7775867515000002e-06,2.3960420542878437e-06,Ls,-6.7277905678750005e-12,1.6695624749675235e-11
":SOUR:DCS:STAT OFF;:BIAS:STAT OFF;:COMP:BIN:COUN:CLE;:LIST:CLE:ALL;:COMP:BIN:CLE;:AMPL:ALC OFF;:APER LONG,1;:BIAS:POL:AUTO OFF;:BIAS:RANG:AUTO ON;:BIAS:VOLT:LEV 0;:COMP:ABIN OFF;:COMP:BIN:COUN:STAT OFF;:COMP:MODE PTOL;:COMP:SLIM -9.9e+037,9.9e+037;:COMP:STAT OFF;:COMP:SWAP OFF;:COMP:TOL:NOM 0;:DISP:ENAB ON;:DISP:LINE """";:DISP:WIND:TEXT1:DATA:FMSD:DATA 1e-009;:DISP:WIND:TEXT2:DATA:FMSD:DATA 1e-009;:FORM:ASC:LONG ON;:FORM:BORD NORM;:FORM:DATA ASC,64;:FREQ:CW 30000;:FUNC:DEV1:MODE OFF;:FUNC:DEV1:REF:VAL 0;:FUNC:DEV2:MODE OFF;:FUNC:DEV2:REF:VAL 0;:FUNC:IMP:TYPE LSRS;:FUNC:SMON:IDC:STAT OFF;:FUNC:SMON:VDC:STAT OFF;:INIT:CONT OFF;:LIST:MODE SEQ;:LIST:STIM:TYPE FREQ,NONE;:SOUR:DCS:VOLT:LEV 0;:TRIG:DEL 0;:TRIG:SOUR INT;:TRIG:TDEL 0;:VOLT:LEV 1;:DISP:WIND:TEXT1:DATA:FMSD:STAT OFF;:DISP:WIND:TEXT2:DATA:FMSD:STAT OFF;:FUNC:DCR:RANG:VAL 100;:FUNC:IMP:RANG:VAL 1;:OUTP:DC:ISOL:LEV:VAL 0.02;:OUTP:DC:ISOL:STAT OFF;:FUNC:DCR:RANG:AUTO ON;:FUNC:IMP:RANG:AUTO ON;:OUTP:DC:ISOL:LEV:AUTO ON;:DISP:PAGE MEASurement;
"
":SOUR:DCS:STAT OFF;:BIAS:STAT OFF;:COMP:BIN:COUN:CLE;:LIST:CLE:ALL;:COMP:BIN:CLE;:AMPL:ALC OFF;:APER LONG,1;:BIAS:POL:AUTO OFF;:BIAS:RANG:AUTO ON;:BIAS:VOLT:LEV 0;:COMP:ABIN OFF;:COMP:BIN:COUN:STAT OFF;:COMP:MODE PTOL;:COMP:SLIM -9.9e+037,9.9e+037;:COMP:STAT OFF;:COMP:SWAP OFF;:COMP:TOL:NOM 0;:DISP:ENAB ON;:DISP:LINE """";:DISP:WIND:TEXT1:DATA:FMSD:DATA 1e-009;:DISP:WIND:TEXT2:DATA:FMSD:DATA 1e-009;:FORM:ASC:LONG ON;:FORM:BORD NORM;:FORM:DATA ASC,64;:FREQ:CW 30000;:FUNC:DEV1:MODE OFF;:FUNC:DEV1:REF:VAL 0;:FUNC:DEV2:MODE OFF;:FUNC:DEV2:REF:VAL 0;:FUNC:IMP:TYPE LSRS;:FUNC:SMON:IDC:STAT OFF;:FUNC:SMON:VDC:STAT OFF;:INIT:CONT OFF;:LIST:MODE SEQ;:LIST:STIM:TYPE FREQ,NONE;:SOUR:DCS:VOLT:LEV 0;:TRIG:DEL 0;:TRIG:SOUR INT;:TRIG:TDEL 0;:VOLT:LEV 1;:DISP:WIND:TEXT1:DATA:FMSD:STAT OFF;:DISP:WIND:TEXT2:DATA:FMSD:STAT OFF;:FUNC:DCR:RANG:VAL 100;:FUNC:IMP:RANG:VAL 1;:OUTP:DC:ISOL:LEV:VAL 0.02;:OUTP:DC:ISOL:STAT OFF;:FUNC:DCR:RANG:AUTO ON;:FUNC:IMP:RANG:AUTO ON;:OUTP:DC:ISOL:LEV:AUTO ON;:DISP:PAGE MEASurement;
"
2024-04-19,09:52:28
---------run finished---------
lcr name:,KeySight E4980A
Name and description of Resistor under test: ,42091A short with no lead
2024-04-19,09:54:45
select the freq range,"[20, 30, 40, 50, 70, 100, 200, 300, 500, 800, 1000, 1591.5494309189535, 2000, 3000, 4000, 5000, 8000, 10000, 15000, 20000, 30000]"
20.0,-4.258919449e-07,3.048156168e-05,0.00999664,4.0524e-07
20.0,-2.172081058e-07,2.175848778e-05,0.00999663,5.8358e-07
20.0,-7.430656652e-07,-1.133541796e-05,0.00999643,4.8525e-07
20.0,-2.77715031e-08,5.346958525e-06,0.00999646,3.0171e-07
20.0,5.784709209e-08,-3.76885296e-06,0.0099965,3.55902e-07
20.0,-1.764833868e-07,9.54591692e-06,0.0099964,5.80802e-07
20.0,-1.453672175e-08,-1.863758307e-05,0.00999643,3.01292e-07
20.0,2.081012181e-07,3.986402221e-05,0.00999633,3.22845e-07
20.0,-1.439832922e-07,-3.044685966e-06,0.00999632,3.06909e-07
20.0,3.631297408e-08,1.641642754e-06,0.00999648,1.03566e-07
20.0,6.921206244e-08,-3.973321347e-05,0.00999638,8.01242e-07
20.0,-3.933653486e-08,3.872972476e-05,0.00999635,4.65978e-07
20.0,-1.495913577e-07,-4.437744567e-05,0.00999617,5.11391e-07
20.0,2.225045891e-08,1.818568565e-05,0.00999641,5.91815e-07
20.0,-4.06197484e-07,-3.929380075e-06,0.00999629,2.85314e-07
20.0,-6.068163821e-07,2.977072398e-07,0.00999637,2.11881e-07
Freq,20,Rs,2.5640705217375004e-06,2.436194673219036e-05,Ls,-1.59822410799375e-07,2.627143790339458e-07
":SOUR:DCS:STAT OFF;:BIAS:STAT OFF;:COMP:BIN:COUN:CLE;:LIST:CLE:ALL;:COMP:BIN:CLE;:AMPL:ALC OFF;:APER LONG,1;:BIAS:POL:AUTO OFF;:BIAS:RANG:AUTO ON;:BIAS:VOLT:LEV 0;:COMP:ABIN OFF;:COMP:BIN:COUN:STAT OFF;:COMP:MODE PTOL;:COMP:SLIM -9.9e+037,9.9e+037;:COMP:STAT OFF;:COMP:SWAP OFF;:COMP:TOL:NOM 0;:DISP:ENAB ON;:DISP:LINE """";:DISP:WIND:TEXT1:DATA:FMSD:DATA 1e-009;:DISP:WIND:TEXT2:DATA:FMSD:DATA 1e-009;:FORM:ASC:LONG ON;:FORM:BORD NORM;:FORM:DATA ASC,64;:FREQ:CW 20;:FUNC:DEV1:MODE OFF;:FUNC:DEV1:REF:VAL 0;:FUNC:DEV2:MODE OFF;:FUNC:DEV2:REF:VAL 0;:FUNC:IMP:TYPE LSRS;:FUNC:SMON:IDC:STAT OFF;:FUNC:SMON:VDC:STAT OFF;:INIT:CONT OFF;:LIST:MODE SEQ;:LIST:STIM:TYPE FREQ,NONE;:SOUR:DCS:VOLT:LEV 0;:TRIG:DEL 0;:TRIG:SOUR INT;:TRIG:TDEL 0;:VOLT:LEV 1;:DISP:WIND:TEXT1:DATA:FMSD:STAT OFF;:DISP:WIND:TEXT2:DATA:FMSD:STAT OFF;:FUNC:DCR:RANG:VAL 100;:FUNC:IMP:RANG:VAL 1;:OUTP:DC:ISOL:LEV:VAL 0.02;:OUTP:DC:ISOL:STAT OFF;:FUNC:DCR:RANG:AUTO ON;:FUNC:IMP:RANG:AUTO ON;:OUTP:DC:ISOL:LEV:AUTO ON;:DISP:PAGE MEASurement;
"
30.0,6.940293207e-08,1.325324408e-05,0.0100005,1.74262e-07
30.0,-1.249886652e-07,-1.940089948e-05,0.0100006,9.53665e-08
30.0,4.496084645e-08,-3.145135067e-06,0.0100005,2.55948e-07
30.0,-5.128948364e-08,3.021116378e-05,0.0100006,1.10112e-07
30.0,8.098105905e-08,-1.854673139e-05,0.0100005,1.25951e-07
30.0,5.723383344e-08,-1.026876093e-05,0.0100005,1.67271e-07
30.0,-1.089617638e-08,3.722202473e-06,0.0100004,2.93335e-07
30.0,-1.239596116e-07,1.036896679e-05,0.0100006,2.61818e-07
30.0,-3.335964392e-08,-1.265488391e-05,0.0100005,3.47786e-07
30.0,1.575543044e-07,-7.752541401e-06,0.0100004,4.43967e-07
30.0,6.631055173e-09,-3.501890737e-05,0.0100006,2.75876e-07
30.0,-4.801340164e-08,1.603121871e-05,0.0100006,2.9896e-07
30.0,-6.721185118e-08,-7.344952426e-07,0.0100005,1.35814e-08
30.0,1.057068581e-07,-1.214117659e-05,0.0100005,1.63413e-07
30.0,1.587530607e-07,-1.043963026e-05,0.0100003,2.05531e-07
30.0,1.49975042e-07,7.727396717e-06,0.0100004,2.96455e-07
Freq,30,Rs,-3.0493105681625007e-06,1.615940167103588e-05,Ls,2.32175098639375e-08,9.432441755571908e-08
":SOUR:DCS:STAT OFF;:BIAS:STAT OFF;:COMP:BIN:COUN:CLE;:LIST:CLE:ALL;:COMP:BIN:CLE;:AMPL:ALC OFF;:APER LONG,1;:BIAS:POL:AUTO OFF;:BIAS:RANG:AUTO ON;:BIAS:VOLT:LEV 0;:COMP:ABIN OFF;:COMP:BIN:COUN:STAT OFF;:COMP:MODE PTOL;:COMP:SLIM -9.9e+037,9.9e+037;:COMP:STAT OFF;:COMP:SWAP OFF;:COMP:TOL:NOM 0;:DISP:ENAB ON;:DISP:LINE """";:DISP:WIND:TEXT1:DATA:FMSD:DATA 1e-009;:DISP:WIND:TEXT2:DATA:FMSD:DATA 1e-009;:FORM:ASC:LONG ON;:FORM:BORD NORM;:FORM:DATA ASC,64;:FREQ:CW 30;:FUNC:DEV1:MODE OFF;:FUNC:DEV1:REF:VAL 0;:FUNC:DEV2:MODE OFF;:FUNC:DEV2:REF:VAL 0;:FUNC:IMP:TYPE LSRS;:FUNC:SMON:IDC:STAT OFF;:FUNC:SMON:VDC:STAT OFF;:INIT:CONT OFF;:LIST:MODE SEQ;:LIST:STIM:TYPE FREQ,NONE;:SOUR:DCS:VOLT:LEV 0;:TRIG:DEL 0;:TRIG:SOUR INT;:TRIG:TDEL 0;:VOLT:LEV 1;:DISP:WIND:TEXT1:DATA:FMSD:STAT OFF;:DISP:WIND:TEXT2:DATA:FMSD:STAT OFF;:FUNC:DCR:RANG:VAL 100;:FUNC:IMP:RANG:VAL 1;:OUTP:DC:ISOL:LEV:VAL 0.02;:OUTP:DC:ISOL:STAT OFF;:FUNC:DCR:RANG:AUTO ON;:FUNC:IMP:RANG:AUTO ON;:OUTP:DC:ISOL:LEV:AUTO ON;:DISP:PAGE MEASurement;
"
40.0,4.836792211e-08,2.930669684e-05,0.00999965,6.92847e-08
40.0,-7.575234047e-08,1.821786702e-05,0.00999962,1.9002e-07
40.0,-5.426324877e-08,-7.316754512e-06,0.0099997,1.57004e-07
40.0,-8.716653636e-08,7.572992937e-06,0.00999961,2.71985e-07
40.0,-5.273543229e-08,2.540230608e-05,0.00999961,3.14345e-07
40.0,-1.265955987e-07,-3.227671723e-06,0.00999969,2.3298e-07
40.0,-2.883069804e-08,-1.029873318e-05,0.00999963,1.18834e-07
40.0,-1.000651805e-07,2.384008819e-05,0.00999959,6.15299e-07
40.0,7.130338361e-08,8.000128878e-06,0.00999968,1.56164e-07
40.0,-7.251309345e-08,-8.063912799e-06,0.00999964,2.73068e-07
40.0,8.487712843e-08,-1.127635249e-05,0.0099996,2.93378e-07
40.0,-1.909561085e-08,-1.131723315e-05,0.0099997,3.54341e-08
40.0,-9.383242838e-08,1.129635912e-05,0.00999976,3.30395e-08
40.0,2.741632172e-09,1.072990916e-05,0.00999961,1.46017e-07
40.0,-5.784929524e-08,2.363971885e-05,0.00999955,2.00598e-07
40.0,-2.970087899e-08,2.79111446e-05,0.00999962,1.9672e-08
Freq,40,Rs,8.401034613812501e-06,1.5203947970094563e-05,Ls,-3.6944392232375e-08,6.18523532873013e-08
":SOUR:DCS:STAT OFF;:BIAS:STAT OFF;:COMP:BIN:COUN:CLE;:LIST:CLE:ALL;:COMP:BIN:CLE;:AMPL:ALC OFF;:APER LONG,1;:BIAS:POL:AUTO OFF;:BIAS:RANG:AUTO ON;:BIAS:VOLT:LEV 0;:COMP:ABIN OFF;:COMP:BIN:COUN:STAT OFF;:COMP:MODE PTOL;:COMP:SLIM -9.9e+037,9.9e+037;:COMP:STAT OFF;:COMP:SWAP OFF;:COMP:TOL:NOM 0;:DISP:ENAB ON;:DISP:LINE """";:DISP:WIND:TEXT1:DATA:FMSD:DATA 1e-009;:DISP:WIND:TEXT2:DATA:FMSD:DATA 1e-009;:FORM:ASC:LONG ON;:FORM:BORD NORM;:FORM:DATA ASC,64;:FREQ:CW 40;:FUNC:DEV1:MODE OFF;:FUNC:DEV1:REF:VAL 0;:FUNC:DEV2:MODE OFF;:FUNC:DEV2:REF:VAL 0;:FUNC:IMP:TYPE LSRS;:FUNC:SMON:IDC:STAT OFF;:FUNC:SMON:VDC:STAT OFF;:INIT:CONT OFF;:LIST:MODE SEQ;:LIST:STIM:TYPE FREQ,NONE;:SOUR:DCS:VOLT:LEV 0;:TRIG:DEL 0;:TRIG:SOUR INT;:TRIG:TDEL 0;:VOLT:LEV 1;:DISP:WIND:TEXT1:DATA:FMSD:STAT OFF;:DISP:WIND:TEXT2:DATA:FMSD:STAT OFF;:FUNC:DCR:RANG:VAL 100;:FUNC:IMP:RANG:VAL 1;:OUTP:DC:ISOL:LEV:VAL 0.02;:OUTP:DC:ISOL:STAT OFF;:FUNC:DCR:RANG:AUTO ON;:FUNC:IMP:RANG:AUTO ON;:OUTP:DC:ISOL:LEV:AUTO ON;:DISP:PAGE MEASurement;
"
50.0,2.365606394e-07,-5.573034663e-06,0.0100308,2.67067e-07
50.0,2.032260237e-07,1.702524728e-05,0.0100311,3.37663e-07
50.0,7.148253605e-09,1.56221637e-05,0.010031,2.90747e-07
50.0,1.291694744e-07,-1.309506821e-05,0.010031,2.63422e-07
50.0,1.381298264e-07,3.310180239e-06,0.010031,5.42832e-07
50.0,1.560229693e-07,-2.706577465e-05,0.010031,8.01055e-07
50.0,2.510864359e-07,-5.540943492e-05,0.0100309,5.37929e-07
50.0,1.868700981e-07,-2.737624267e-05,0.010031,8.24911e-07
50.0,2.071807632e-07,-1.304463472e-05,0.010031,4.17644e-07
50.0,2.153010675e-07,-2.136506445e-05,0.010031,4.39017e-07
50.0,2.943744408e-07,-4.287769775e-05,0.0100312,7.34358e-07
50.0,2.384930896e-07,-5.239385702e-05,0.0100309,3.59467e-07
50.0,1.532095304e-07,-4.448715466e-05,0.0100311,5.80337e-07
50.0,7.83687889e-08,-1.582847074e-05,0.0100309,3.7634e-07
50.0,7.672226523e-09,-1.698583074e-05,0.010031,5.10652e-08
50.0,6.823777138e-08,-1.246883643e-05,0.010031,2.29325e-07
Freq,50,Rs,-1.9500844400249998e-05,2.1754663377444792e-05,Ls,1.6069071244425002e-07,8.539521354046939e-08
":SOUR:DCS:STAT OFF;:BIAS:STAT OFF;:COMP:BIN:COUN:CLE;:LIST:CLE:ALL;:COMP:BIN:CLE;:AMPL:ALC OFF;:APER LONG,1;:BIAS:POL:AUTO OFF;:BIAS:RANG:AUTO ON;:BIAS:VOLT:LEV 0;:COMP:ABIN OFF;:COMP:BIN:COUN:STAT OFF;:COMP:MODE PTOL;:COMP:SLIM -9.9e+037,9.9e+037;:COMP:STAT OFF;:COMP:SWAP OFF;:COMP:TOL:NOM 0;:DISP:ENAB ON;:DISP:LINE """";:DISP:WIND:TEXT1:DATA:FMSD:DATA 1e-009;:DISP:WIND:TEXT2:DATA:FMSD:DATA 1e-009;:FORM:ASC:LONG ON;:FORM:BORD NORM;:FORM:DATA ASC,64;:FREQ:CW 50;:FUNC:DEV1:MODE OFF;:FUNC:DEV1:REF:VAL 0;:FUNC:DEV2:MODE OFF;:FUNC:DEV2:REF:VAL 0;:FUNC:IMP:TYPE LSRS;:FUNC:SMON:IDC:STAT OFF;:FUNC:SMON:VDC:STAT OFF;:INIT:CONT OFF;:LIST:MODE SEQ;:LIST:STIM:TYPE FREQ,NONE;:SOUR:DCS:VOLT:LEV 0;:TRIG:DEL 0;:TRIG:SOUR INT;:TRIG:TDEL 0;:VOLT:LEV 1;:DISP:WIND:TEXT1:DATA:FMSD:STAT OFF;:DISP:WIND:TEXT2:DATA:FMSD:STAT OFF;:FUNC:DCR:RANG:VAL 100;:FUNC:IMP:RANG:VAL 1;:OUTP:DC:ISOL:LEV:VAL 0.02;:OUTP:DC:ISOL:STAT OFF;:FUNC:DCR:RANG:AUTO ON;:FUNC:IMP:RANG:AUTO ON;:OUTP:DC:ISOL:LEV:AUTO ON;:DISP:PAGE MEASurement;
"
70.0,2.297470398e-08,7.687268305e-06,0.0100283,2.00086e-07
70.0,3.069879685e-08,2.272520672e-07,0.0100285,1.87644e-07
70.0,3.411920935e-08,-5.970914104e-06,0.0100283,9.5281e-08
70.0,2.441130221e-08,6.819795366e-06,0.0100284,1.28545e-07
70.0,2.92065286e-08,1.125676811e-05,0.0100285,1.42336e-07
70.0,4.756633856e-08,2.33291531e-06,0.0100283,1.90194e-07
70.0,2.201728797e-08,-2.379419176e-06,0.0100283,3.61082e-07
70.0,2.019201228e-08,-2.05775083e-05,0.0100282,2.04084e-07
70.0,4.532424725e-08,1.790341875e-05,0.0100282,3.54867e-07
70.0,4.361204001e-08,-1.683495151e-05,0.0100282,8.41952e-08
70.0,1.684292549e-08,9.585154975e-07,0.0100282,7.12358e-08
70.0,8.804061327e-08,-2.282541332e-05,0.0100282,2.74964e-07
70.0,2.429701977e-08,1.620290992e-06,0.0100282,1.68462e-07
70.0,5.379134342e-08,1.089065045e-06,0.0100283,2.26043e-07
70.0,4.427971294e-08,-3.561486344e-06,0.0100283,2.95184e-07
70.0,3.903628845e-08,-2.106230676e-06,0.0100282,2.26553e-07
Freq,70,Rs,-1.52253962420625e-06,1.0991718019513448e-05,Ls,3.665064815e-08,1.7711636588833078e-08
":SOUR:DCS:STAT OFF;:BIAS:STAT OFF;:COMP:BIN:COUN:CLE;:LIST:CLE:ALL;:COMP:BIN:CLE;:AMPL:ALC OFF;:APER LONG,1;:BIAS:POL:AUTO OFF;:BIAS:RANG:AUTO ON;:BIAS:VOLT:LEV 0;:COMP:ABIN OFF;:COMP:BIN:COUN:STAT OFF;:COMP:MODE PTOL;:COMP:SLIM -9.9e+037,9.9e+037;:COMP:STAT OFF;:COMP:SWAP OFF;:COMP:TOL:NOM 0;:DISP:ENAB ON;:DISP:LINE """";:DISP:WIND:TEXT1:DATA:FMSD:DATA 1e-009;:DISP:WIND:TEXT2:DATA:FMSD:DATA 1e-009;:FORM:ASC:LONG ON;:FORM:BORD NORM;:FORM:DATA ASC,64;:FREQ:CW 70;:FUNC:DEV1:MODE OFF;:FUNC:DEV1:REF:VAL 0;:FUNC:DEV2:MODE OFF;:FUNC:DEV2:REF:VAL 0;:FUNC:IMP:TYPE LSRS;:FUNC:SMON:IDC:STAT OFF;:FUNC:SMON:VDC:STAT OFF;:INIT:CONT OFF;:LIST:MODE SEQ;:LIST:STIM:TYPE FREQ,NONE;:SOUR:DCS:VOLT:LEV 0;:TRIG:DEL 0;:TRIG:SOUR INT;:TRIG:TDEL 0;:VOLT:LEV 1;:DISP:WIND:TEXT1:DATA:FMSD:STAT OFF;:DISP:WIND:TEXT2:DATA:FMSD:STAT OFF;:FUNC:DCR:RANG:VAL 100;:FUNC:IMP:RANG:VAL 1;:OUTP:DC:ISOL:LEV:VAL 0.02;:OUTP:DC:ISOL:STAT OFF;:FUNC:DCR:RANG:AUTO ON;:FUNC:IMP:RANG:AUTO ON;:OUTP:DC:ISOL:LEV:AUTO ON;:DISP:PAGE MEASurement;
"
100.0,-2.397402388e-08,-1.51409871e-05,0.0100216,6.28412e-08
100.0,-4.992170642e-09,4.447408571e-06,0.0100217,3.29636e-07
100.0,-3.224489294e-08,-3.075047197e-06,0.0100218,1.99698e-07
100.0,-1.980418714e-08,-1.120397516e-05,0.0100217,3.38539e-07
100.0,1.047818811e-08,-1.750595341e-05,0.0100217,2.08486e-07
100.0,-7.829438744e-09,5.130966705e-06,0.0100217,1.5939e-07
100.0,1.197005478e-08,1.234169876e-05,0.0100218,6.94532e-08
100.0,6.282923695e-09,-1.47296837e-05,0.0100219,1.71009e-07
100.0,2.802973778e-08,-1.934530217e-05,0.0100218,2.45106e-07
100.0,1.926868616e-09,-1.887233706e-05,0.0100217,3.516e-07
100.0,-1.193783964e-08,-7.633391002e-06,0.0100217,1.74699e-07
100.0,-6.898124764e-09,-1.558591068e-05,0.0100219,3.93942e-07
100.0,-1.190840592e-08,-3.279534399e-05,0.0100218,3.35114e-07
100.0,1.477130642e-08,-1.215117091e-05,0.0100217,1.83237e-07
100.0,1.306558616e-09,-2.912096015e-05,0.0100218,3.5611e-07
100.0,1.06679384e-08,-3.673594781e-05,0.0100218,2.44753e-07
Freq,100,Rs,-1.3248496018937498e-05,1.349088262402116e-05,Ls,-2.1347192033125006e-09,1.5848324396022024e-08
":SOUR:DCS:STAT OFF;:BIAS:STAT OFF;:COMP:BIN:COUN:CLE;:LIST:CLE:ALL;:COMP:BIN:CLE;:AMPL:ALC OFF;:APER LONG,1;:BIAS:POL:AUTO OFF;:BIAS:RANG:AUTO ON;:BIAS:VOLT:LEV 0;:COMP:ABIN OFF;:COMP:BIN:COUN:STAT OFF;:COMP:MODE PTOL;:COMP:SLIM -9.9e+037,9.9e+037;:COMP:STAT OFF;:COMP:SWAP OFF;:COMP:TOL:NOM 0;:DISP:ENAB ON;:DISP:LINE """";:DISP:WIND:TEXT1:DATA:FMSD:DATA 1e-009;:DISP:WIND:TEXT2:DATA:FMSD:DATA 1e-009;:FORM:ASC:LONG ON;:FORM:BORD NORM;:FORM:DATA ASC,64;:FREQ:CW 100;:FUNC:DEV1:MODE OFF;:FUNC:DEV1:REF:VAL 0;:FUNC:DEV2:MODE OFF;:FUNC:DEV2:REF:VAL 0;:FUNC:IMP:TYPE LSRS;:FUNC:SMON:IDC:STAT OFF;:FUNC:SMON:VDC:STAT OFF;:INIT:CONT OFF;:LIST:MODE SEQ;:LIST:STIM:TYPE FREQ,NONE;:SOUR:DCS:VOLT:LEV 0;:TRIG:DEL 0;:TRIG:SOUR INT;:TRIG:TDEL 0;:VOLT:LEV 1;:DISP:WIND:TEXT1:DATA:FMSD:STAT OFF;:DISP:WIND:TEXT2:DATA:FMSD:STAT OFF;:FUNC:DCR:RANG:VAL 100;:FUNC:IMP:RANG:VAL 1;:OUTP:DC:ISOL:LEV:VAL 0.02;:OUTP:DC:ISOL:STAT OFF;:FUNC:DCR:RANG:AUTO ON;:FUNC:IMP:RANG:AUTO ON;:OUTP:DC:ISOL:LEV:AUTO ON;:DISP:PAGE MEASurement;
"
200.0,-2.490857388e-09,-2.749476067e-07,0.0100166,6.395e-08
200.0,5.705447735e-09,-1.701383349e-07,0.0100166,5.38793e-08
200.0,7.945512523e-09,-1.111584994e-05,0.0100167,1.38692e-07
200.0,3.170488793e-09,-1.492145517e-05,0.0100166,1.27454e-07
200.0,-1.294564241e-08,-8.350013602e-06,0.0100165,1.48118e-07
200.0,2.252025524e-09,1.962272596e-05,0.0100166,9.3125e-08
200.0,-5.462461236e-09,3.174130648e-06,0.0100166,2.12059e-07
200.0,-9.087096896e-09,3.106390253e-06,0.0100166,1.44481e-07
200.0,-5.082620119e-10,-3.732014138e-06,0.0100165,2.8004e-08
200.0,2.748284224e-09,-1.08023092e-06,0.0100167,1.43443e-07
200.0,7.57110483e-09,-1.043672701e-05,0.0100167,2.24887e-07
200.0,6.260328343e-09,-5.63308941e-06,0.0100167,1.75055e-08
200.0,7.286965943e-09,7.690936293e-06,0.0100167,6.72752e-08
200.0,-4.379720244e-09,-3.652220754e-06,0.0100166,1.08251e-07
200.0,1.514951942e-08,-3.477278614e-06,0.0100168,2.38719e-07
200.0,6.222908021e-09,9.38440601e-06,0.0100167,1.03012e-07
Freq,200,Rs,-1.2415860209750004e-06,8.658523109460502e-06,Ls,1.8399090731312497e-09,7.246560546487401e-09
":SOUR:DCS:STAT OFF;:BIAS:STAT OFF;:COMP:BIN:COUN:CLE;:LIST:CLE:ALL;:COMP:BIN:CLE;:AMPL:ALC OFF;:APER LONG,1;:BIAS:POL:AUTO OFF;:BIAS:RANG:AUTO ON;:BIAS:VOLT:LEV 0;:COMP:ABIN OFF;:COMP:BIN:COUN:STAT OFF;:COMP:MODE PTOL;:COMP:SLIM -9.9e+037,9.9e+037;:COMP:STAT OFF;:COMP:SWAP OFF;:COMP:TOL:NOM 0;:DISP:ENAB ON;:DISP:LINE """";:DISP:WIND:TEXT1:DATA:FMSD:DATA 1e-009;:DISP:WIND:TEXT2:DATA:FMSD:DATA 1e-009;:FORM:ASC:LONG ON;:FORM:BORD NORM;:FORM:DATA ASC,64;:FREQ:CW 200;:FUNC:DEV1:MODE OFF;:FUNC:DEV1:REF:VAL 0;:FUNC:DEV2:MODE OFF;:FUNC:DEV2:REF:VAL 0;:FUNC:IMP:TYPE LSRS;:FUNC:SMON:IDC:STAT OFF;:FUNC:SMON:VDC:STAT OFF;:INIT:CONT OFF;:LIST:MODE SEQ;:LIST:STIM:TYPE FREQ,NONE;:SOUR:DCS:VOLT:LEV 0;:TRIG:DEL 0;:TRIG:SOUR INT;:TRIG:TDEL 0;:VOLT:LEV 1;:DISP:WIND:TEXT1:DATA:FMSD:STAT OFF;:DISP:WIND:TEXT2:DATA:FMSD:STAT OFF;:FUNC:DCR:RANG:VAL 100;:FUNC:IMP:RANG:VAL 1;:OUTP:DC:ISOL:LEV:VAL 0.02;:OUTP:DC:ISOL:STAT OFF;:FUNC:DCR:RANG:AUTO ON;:FUNC:IMP:RANG:AUTO ON;:OUTP:DC:ISOL:LEV:AUTO ON;:DISP:PAGE MEASurement;
"
300.0,8.527330008e-09,-5.452909052e-06,0.0100163,7.12839e-08
300.0,-6.918879066e-10,7.131136842e-06,0.0100162,1.6475e-07
300.0,9.010719395e-09,1.304865073e-05,0.0100162,1.44522e-07
300.0,8.720070023e-09,-4.223469518e-06,0.0100162,2.6538e-07
300.0,1.059076533e-08,2.36398214e-05,0.0100162,3.11425e-07
300.0,1.110086183e-08,-4.536973757e-06,0.0100162,2.04179e-07
300.0,9.134580426e-09,3.495325924e-06,0.010016,4.03139e-07
300.0,5.550689495e-09,1.145886851e-05,0.0100162,1.32489e-07
300.0,5.287429331e-09,-4.293233836e-06,0.0100162,7.75175e-08
300.0,9.685364374e-10,-6.549421871e-06,0.0100162,1.14042e-07
300.0,5.409620612e-09,1.59443499e-05,0.0100163,2.41849e-07
300.0,9.848730392e-09,8.284452141e-06,0.0100163,1.80295e-07
300.0,5.424978678e-09,2.071622124e-05,0.0100162,2.86949e-07
300.0,1.137145134e-08,2.99759989e-06,0.0100163,1.70917e-07
300.0,9.08907209e-09,-1.069293047e-05,0.0100163,1.07215e-07
300.0,-1.857374795e-09,1.347837198e-05,0.0100163,1.50019e-07
Freq,300,Rs,5.2778662533125e-06,1.0533377231207525e-05,Ls,6.7178482928625e-09,4.146942378365992e-09
":SOUR:DCS:STAT OFF;:BIAS:STAT OFF;:COMP:BIN:COUN:CLE;:LIST:CLE:ALL;:COMP:BIN:CLE;:AMPL:ALC OFF;:APER LONG,1;:BIAS:POL:AUTO OFF;:BIAS:RANG:AUTO ON;:BIAS:VOLT:LEV 0;:COMP:ABIN OFF;:COMP:BIN:COUN:STAT OFF;:COMP:MODE PTOL;:COMP:SLIM -9.9e+037,9.9e+037;:COMP:STAT OFF;:COMP:SWAP OFF;:COMP:TOL:NOM 0;:DISP:ENAB ON;:DISP:LINE """";:DISP:WIND:TEXT1:DATA:FMSD:DATA 1e-009;:DISP:WIND:TEXT2:DATA:FMSD:DATA 1e-009;:FORM:ASC:LONG ON;:FORM:BORD NORM;:FORM:DATA ASC,64;:FREQ:CW 300;:FUNC:DEV1:MODE OFF;:FUNC:DEV1:REF:VAL 0;:FUNC:DEV2:MODE OFF;:FUNC:DEV2:REF:VAL 0;:FUNC:IMP:TYPE LSRS;:FUNC:SMON:IDC:STAT OFF;:FUNC:SMON:VDC:STAT OFF;:INIT:CONT OFF;:LIST:MODE SEQ;:LIST:STIM:TYPE FREQ,NONE;:SOUR:DCS:VOLT:LEV 0;:TRIG:DEL 0;:TRIG:SOUR INT;:TRIG:TDEL 0;:VOLT:LEV 1;:DISP:WIND:TEXT1:DATA:FMSD:STAT OFF;:DISP:WIND:TEXT2:DATA:FMSD:STAT OFF;:FUNC:DCR:RANG:VAL 100;:FUNC:IMP:RANG:VAL 1;:OUTP:DC:ISOL:LEV:VAL 0.02;:OUTP:DC:ISOL:STAT OFF;:FUNC:DCR:RANG:AUTO ON;:FUNC:IMP:RANG:AUTO ON;:OUTP:DC:ISOL:LEV:AUTO ON;:DISP:PAGE MEASurement;
"
500.0,-2.270389386e-09,-3.694703428e-06,0.0100206,5.27995e-08
500.0,-9.904825358e-11,-8.638557298e-06,0.0100205,1.91354e-07
500.0,-1.293559831e-09,2.100770212e-06,0.0100206,1.84892e-07
500.0,-1.397801758e-09,-9.535893596e-06,0.0100206,4.05061e-08
500.0,1.587606924e-09,-5.678000317e-06,0.0100205,1.43556e-07
500.0,6.9061838e-10,-1.286230833e-05,0.0100207,1.48848e-07
500.0,-2.890509082e-09,-1.808857163e-05,0.0100206,5.8689e-08
500.0,1.008112576e-09,-1.620650675e-05,0.0100206,2.57797e-07
500.0,1.247308328e-09,-1.801683897e-05,0.0100206,1.53792e-07
500.0,-5.205261407e-09,-1.02505921e-06,0.0100207,9.92969e-08
500.0,-3.983774625e-09,3.599156616e-06,0.0100206,1.00822e-07
500.0,-1.394555991e-09,-1.727309905e-05,0.0100206,9.13299e-08
500.0,1.986034895e-09,-1.185086847e-05,0.0100206,2.05832e-08
500.0,1.810705681e-09,-5.65583133e-06,0.0100206,1.02606e-07
500.0,2.055158469e-09,-1.108108408e-05,0.0100205,1.12827e-07
500.0,-8.396109352e-10,-8.255927346e-06,0.0100206,1.86101e-08
Freq,500,Rs,-8.885207686062501e-06,6.871926900343881e-06,Ls,-5.6181037598625e-10,2.2320050436507172e-09
":SOUR:DCS:STAT OFF;:BIAS:STAT OFF;:COMP:BIN:COUN:CLE;:LIST:CLE:ALL;:COMP:BIN:CLE;:AMPL:ALC OFF;:APER LONG,1;:BIAS:POL:AUTO OFF;:BIAS:RANG:AUTO ON;:BIAS:VOLT:LEV 0;:COMP:ABIN OFF;:COMP:BIN:COUN:STAT OFF;:COMP:MODE PTOL;:COMP:SLIM -9.9e+037,9.9e+037;:COMP:STAT OFF;:COMP:SWAP OFF;:COMP:TOL:NOM 0;:DISP:ENAB ON;:DISP:LINE """";:DISP:WIND:TEXT1:DATA:FMSD:DATA 1e-009;:DISP:WIND:TEXT2:DATA:FMSD:DATA 1e-009;:FORM:ASC:LONG ON;:FORM:BORD NORM;:FORM:DATA ASC,64;:FREQ:CW 500;:FUNC:DEV1:MODE OFF;:FUNC:DEV1:REF:VAL 0;:FUNC:DEV2:MODE OFF;:FUNC:DEV2:REF:VAL 0;:FUNC:IMP:TYPE LSRS;:FUNC:SMON:IDC:STAT OFF;:FUNC:SMON:VDC:STAT OFF;:INIT:CONT OFF;:LIST:MODE SEQ;:LIST:STIM:TYPE FREQ,NONE;:SOUR:DCS:VOLT:LEV 0;:TRIG:DEL 0;:TRIG:SOUR INT;:TRIG:TDEL 0;:VOLT:LEV 1;:DISP:WIND:TEXT1:DATA:FMSD:STAT OFF;:DISP:WIND:TEXT2:DATA:FMSD:STAT OFF;:FUNC:DCR:RANG:VAL 100;:FUNC:IMP:RANG:VAL 1;:OUTP:DC:ISOL:LEV:VAL 0.02;:OUTP:DC:ISOL:STAT OFF;:FUNC:DCR:RANG:AUTO ON;:FUNC:IMP:RANG:AUTO ON;:OUTP:DC:ISOL:LEV:AUTO ON;:DISP:PAGE MEASurement;
"
800.0,6.064542042e-10,-2.931330657e-06,0.0100343,1.29506e-07
800.0,7.073428528e-10,-1.929137938e-05,0.0100343,1.42875e-07
800.0,7.780563247e-10,-1.872681181e-05,0.0100344,1.40927e-07
800.0,-8.213567382e-10,-9.388841386e-06,0.0100345,8.11115e-08
800.0,1.775734757e-09,-6.886604947e-06,0.0100344,1.16535e-07
800.0,5.625701059e-11,-1.555288102e-05,0.0100343,4.76178e-08
800.0,1.661809128e-10,-1.23437525e-05,0.0100344,9.34569e-08
800.0,7.61189298e-10,-1.059207509e-05,0.0100344,2.04409e-07
800.0,6.57171999e-10,-8.000384144e-06,0.0100344,1.42011e-07
800.0,1.412201558e-09,-1.746863111e-05,0.0100344,1.94277e-07
800.0,1.928049849e-10,-1.718125012e-05,0.0100344,1.98354e-07
800.0,-1.034608615e-09,-1.182111545e-05,0.0100345,9.20594e-08
800.0,7.842221531e-10,-8.856144552e-06,0.0100344,1.05997e-07
800.0,1.836069934e-10,-7.278560628e-06,0.0100345,1.6076e-07
800.0,9.164292535e-10,-1.331768521e-05,0.0100343,1.25592e-07
800.0,-9.022006218e-10,-1.119875377e-05,0.0100344,1.33893e-07
Freq,800,Rs,-1.1927262610875e-05,4.729996299546935e-06,Ls,3.89967895436875e-10,7.8802052834013e-10
":SOUR:DCS:STAT OFF;:BIAS:STAT OFF;:COMP:BIN:COUN:CLE;:LIST:CLE:ALL;:COMP:BIN:CLE;:AMPL:ALC OFF;:APER LONG,1;:BIAS:POL:AUTO OFF;:BIAS:RANG:AUTO ON;:BIAS:VOLT:LEV 0;:COMP:ABIN OFF;:COMP:BIN:COUN:STAT OFF;:COMP:MODE PTOL;:COMP:SLIM -9.9e+037,9.9e+037;:COMP:STAT OFF;:COMP:SWAP OFF;:COMP:TOL:NOM 0;:DISP:ENAB ON;:DISP:LINE """";:DISP:WIND:TEXT1:DATA:FMSD:DATA 1e-009;:DISP:WIND:TEXT2:DATA:FMSD:DATA 1e-009;:FORM:ASC:LONG ON;:FORM:BORD NORM;:FORM:DATA ASC,64;:FREQ:CW 800;:FUNC:DEV1:MODE OFF;:FUNC:DEV1:REF:VAL 0;:FUNC:DEV2:MODE OFF;:FUNC:DEV2:REF:VAL 0;:FUNC:IMP:TYPE LSRS;:FUNC:SMON:IDC:STAT OFF;:FUNC:SMON:VDC:STAT OFF;:INIT:CONT OFF;:LIST:MODE SEQ;:LIST:STIM:TYPE FREQ,NONE;:SOUR:DCS:VOLT:LEV 0;:TRIG:DEL 0;:TRIG:SOUR INT;:TRIG:TDEL 0;:VOLT:LEV 1;:DISP:WIND:TEXT1:DATA:FMSD:STAT OFF;:DISP:WIND:TEXT2:DATA:FMSD:STAT OFF;:FUNC:DCR:RANG:VAL 100;:FUNC:IMP:RANG:VAL 1;:OUTP:DC:ISOL:LEV:VAL 0.02;:OUTP:DC:ISOL:STAT OFF;:FUNC:DCR:RANG:AUTO ON;:FUNC:IMP:RANG:AUTO ON;:OUTP:DC:ISOL:LEV:AUTO ON;:DISP:PAGE MEASurement;
"
1000.0,2.003427716e-09,5.969272378e-06,0.0100008,1.2552e-07
1000.0,1.355950476e-09,-2.889883305e-06,0.0100007,2.40584e-07
1000.0,2.744789844e-09,-7.754551714e-06,0.0100008,2.08151e-07
1000.0,2.819850685e-09,-5.097070235e-06,0.0100007,1.33918e-07
1000.0,2.252994633e-09,2.6579001e-06,0.0100008,1.95305e-07
1000.0,2.1317561e-09,-2.21915669e-06,0.0100008,1.39265e-07
1000.0,2.540839901e-09,1.093482888e-06,0.0100008,2.53882e-07
1000.0,3.164844063e-09,-2.49554504e-06,0.0100007,1.51706e-07
1000.0,3.209255304e-09,1.444959103e-06,0.0100008,1.22443e-07
1000.0,5.793872878e-10,-6.952665609e-06,0.0100007,1.372e-07
1000.0,3.091669284e-09,-3.889176962e-06,0.0100008,1.4074e-07
1000.0,2.214143533e-09,-7.378451716e-06,0.0100008,2.38458e-07
1000.0,2.167589557e-09,-2.273626986e-06,0.0100008,1.54314e-07
1000.0,2.280217136e-09,5.563930701e-06,0.0100008,1.96725e-07
1000.0,2.241724803e-09,-1.677640967e-07,0.0100007,2.3136e-07
1000.0,1.54454691e-09,-2.79716379e-06,0.0100006,1.80285e-07
Freq,1000,Rs,-1.69909443585625e-06,4.221313475899625e-06,Ls,2.27143670205e-09,6.968539950142728e-10
":SOUR:DCS:STAT OFF;:BIAS:STAT OFF;:COMP:BIN:COUN:CLE;:LIST:CLE:ALL;:COMP:BIN:CLE;:AMPL:ALC OFF;:APER LONG,1;:BIAS:POL:AUTO OFF;:BIAS:RANG:AUTO ON;:BIAS:VOLT:LEV 0;:COMP:ABIN OFF;:COMP:BIN:COUN:STAT OFF;:COMP:MODE PTOL;:COMP:SLIM -9.9e+037,9.9e+037;:COMP:STAT OFF;:COMP:SWAP OFF;:COMP:TOL:NOM 0;:DISP:ENAB ON;:DISP:LINE """";:DISP:WIND:TEXT1:DATA:FMSD:DATA 1e-009;:DISP:WIND:TEXT2:DATA:FMSD:DATA 1e-009;:FORM:ASC:LONG ON;:FORM:BORD NORM;:FORM:DATA ASC,64;:FREQ:CW 1000;:FUNC:DEV1:MODE OFF;:FUNC:DEV1:REF:VAL 0;:FUNC:DEV2:MODE OFF;:FUNC:DEV2:REF:VAL 0;:FUNC:IMP:TYPE LSRS;:FUNC:SMON:IDC:STAT OFF;:FUNC:SMON:VDC:STAT OFF;:INIT:CONT OFF;:LIST:MODE SEQ;:LIST:STIM:TYPE FREQ,NONE;:SOUR:DCS:VOLT:LEV 0;:TRIG:DEL 0;:TRIG:SOUR INT;:TRIG:TDEL 0;:VOLT:LEV 1;:DISP:WIND:TEXT1:DATA:FMSD:STAT OFF;:DISP:WIND:TEXT2:DATA:FMSD:STAT OFF;:FUNC:DCR:RANG:VAL 100;:FUNC:IMP:RANG:VAL 1;:OUTP:DC:ISOL:LEV:VAL 0.02;:OUTP:DC:ISOL:STAT OFF;:FUNC:DCR:RANG:AUTO ON;:FUNC:IMP:RANG:AUTO ON;:OUTP:DC:ISOL:LEV:AUTO ON;:DISP:PAGE MEASurement;
"
1591.5494309189535,1.375628625e-09,9.312091953e-06,0.0100646,2.36091e-07
1591.5494309189535,1.874611104e-09,-5.742122785e-07,0.0100647,1.92361e-07
1591.5494309189535,1.051513862e-09,8.82871318e-07,0.0100645,1.61323e-07
1591.5494309189535,1.931517114e-09,-2.699033905e-06,0.0100647,2.07661e-07
1591.5494309189535,1.879984391e-09,7.137852951e-06,0.0100646,2.19218e-07
1591.5494309189535,1.445113505e-09,7.699140431e-06,0.0100646,2.23998e-07
1591.5494309189535,1.711398737e-09,3.723551539e-06,0.0100646,1.78297e-07
1591.5494309189535,1.143905285e-09,7.521287233e-06,0.0100647,2.22695e-07
1591.5494309189535,1.17023228e-09,-2.70621164e-06,0.0100647,2.00756e-07
1591.5494309189535,2.310773278e-09,6.051174243e-06,0.0100646,1.41765e-07
1591.5494309189535,1.303633243e-09,9.534453527e-06,0.0100646,1.94592e-07
1591.5494309189535,1.989012289e-09,6.015108926e-06,0.0100647,1.7763e-07
1591.5494309189535,2.157152314e-09,7.591934048e-06,0.0100648,1.97716e-07
1591.5494309189535,1.924185763e-09,2.515036685e-06,0.0100648,1.91107e-07
1591.5494309189535,1.567240598e-09,6.585777297e-06,0.0100647,2.23227e-07
1591.5494309189535,2.203056907e-09,2.692370393e-06,0.0100648,2.35395e-07
Freq,1591.5494309189535,Rs,4.45519954503125e-06,4.031544813803023e-06,Ls,1.6899349559375e-09,4.032553788161076e-10
":SOUR:DCS:STAT OFF;:BIAS:STAT OFF;:COMP:BIN:COUN:CLE;:LIST:CLE:ALL;:COMP:BIN:CLE;:AMPL:ALC OFF;:APER LONG,1;:BIAS:POL:AUTO OFF;:BIAS:RANG:AUTO ON;:BIAS:VOLT:LEV 0;:COMP:ABIN OFF;:COMP:BIN:COUN:STAT OFF;:COMP:MODE PTOL;:COMP:SLIM -9.9e+037,9.9e+037;:COMP:STAT OFF;:COMP:SWAP OFF;:COMP:TOL:NOM 0;:DISP:ENAB ON;:DISP:LINE """";:DISP:WIND:TEXT1:DATA:FMSD:DATA 1e-009;:DISP:WIND:TEXT2:DATA:FMSD:DATA 1e-009;:FORM:ASC:LONG ON;:FORM:BORD NORM;:FORM:DATA ASC,64;:FREQ:CW 1592;:FUNC:DEV1:MODE OFF;:FUNC:DEV1:REF:VAL 0;:FUNC:DEV2:MODE OFF;:FUNC:DEV2:REF:VAL 0;:FUNC:IMP:TYPE LSRS;:FUNC:SMON:IDC:STAT OFF;:FUNC:SMON:VDC:STAT OFF;:INIT:CONT OFF;:LIST:MODE SEQ;:LIST:STIM:TYPE FREQ,NONE;:SOUR:DCS:VOLT:LEV 0;:TRIG:DEL 0;:TRIG:SOUR INT;:TRIG:TDEL 0;:VOLT:LEV 1;:DISP:WIND:TEXT1:DATA:FMSD:STAT OFF;:DISP:WIND:TEXT2:DATA:FMSD:STAT OFF;:FUNC:DCR:RANG:VAL 100;:FUNC:IMP:RANG:VAL 1;:OUTP:DC:ISOL:LEV:VAL 0.02;:OUTP:DC:ISOL:STAT OFF;:FUNC:DCR:RANG:AUTO ON;:FUNC:IMP:RANG:AUTO ON;:OUTP:DC:ISOL:LEV:AUTO ON;:DISP:PAGE MEASurement;
"
2000.0,2.311597139e-09,-2.754099003e-06,0.0100547,1.80036e-07
2000.0,1.314370021e-09,-5.783489769e-06,0.0100547,1.48735e-07
2000.0,1.768261342e-09,3.722337118e-06,0.0100546,1.73672e-07
2000.0,1.688216072e-09,-4.493528215e-06,0.0100548,2.15157e-07
2000.0,1.861901786e-09,-8.942495661e-06,0.0100547,2.29154e-07
2000.0,1.8436512e-09,-1.572517555e-06,0.0100546,2.9249e-07
2000.0,1.609721012e-09,-2.495870246e-07,0.0100548,2.07599e-07
2000.0,1.74646351e-09,-3.930826042e-06,0.0100546,2.21139e-07
2000.0,1.472790384e-09,-8.19624872e-06,0.0100547,2.29616e-07
2000.0,1.900343812e-09,-2.972349256e-06,0.0100548,2.24594e-07
2000.0,1.994791374e-09,5.235053673e-06,0.0100548,2.52576e-07
2000.0,1.534919909e-09,-4.522403912e-07,0.0100549,3.0996e-07
2000.0,1.374681147e-09,-3.557489695e-06,0.0100548,3.10053e-07
2000.0,1.699694304e-09,2.074842454e-06,0.010055,1.95886e-07
2000.0,2.266010999e-09,9.596394129e-07,0.0100548,2.06683e-07
2000.0,1.731914486e-09,-4.431225065e-06,0.0100549,2.70655e-07
Freq,2000,Rs,-2.20901398368125e-06,3.9673776089150145e-06,Ls,1.7574580310624998e-09,2.786908555836377e-10
":SOUR:DCS:STAT OFF;:BIAS:STAT OFF;:COMP:BIN:COUN:CLE;:LIST:CLE:ALL;:COMP:BIN:CLE;:AMPL:ALC OFF;:APER LONG,1;:BIAS:POL:AUTO OFF;:BIAS:RANG:AUTO ON;:BIAS:VOLT:LEV 0;:COMP:ABIN OFF;:COMP:BIN:COUN:STAT OFF;:COMP:MODE PTOL;:COMP:SLIM -9.9e+037,9.9e+037;:COMP:STAT OFF;:COMP:SWAP OFF;:COMP:TOL:NOM 0;:DISP:ENAB ON;:DISP:LINE """";:DISP:WIND:TEXT1:DATA:FMSD:DATA 1e-009;:DISP:WIND:TEXT2:DATA:FMSD:DATA 1e-009;:FORM:ASC:LONG ON;:FORM:BORD NORM;:FORM:DATA ASC,64;:FREQ:CW 2000;:FUNC:DEV1:MODE OFF;:FUNC:DEV1:REF:VAL 0;:FUNC:DEV2:MODE OFF;:FUNC:DEV2:REF:VAL 0;:FUNC:IMP:TYPE LSRS;:FUNC:SMON:IDC:STAT OFF;:FUNC:SMON:VDC:STAT OFF;:INIT:CONT OFF;:LIST:MODE SEQ;:LIST:STIM:TYPE FREQ,NONE;:SOUR:DCS:VOLT:LEV 0;:TRIG:DEL 0;:TRIG:SOUR INT;:TRIG:TDEL 0;:VOLT:LEV 1;:DISP:WIND:TEXT1:DATA:FMSD:STAT OFF;:DISP:WIND:TEXT2:DATA:FMSD:STAT OFF;:FUNC:DCR:RANG:VAL 100;:FUNC:IMP:RANG:VAL 1;:OUTP:DC:ISOL:LEV:VAL 0.02;:OUTP:DC:ISOL:STAT OFF;:FUNC:DCR:RANG:AUTO ON;:FUNC:IMP:RANG:AUTO ON;:OUTP:DC:ISOL:LEV:AUTO ON;:DISP:PAGE MEASurement;
"
3000.0,-4.586541403e-10,-5.385417648e-06,0.0100175,6.40958e-08
3000.0,-8.622514012e-11,-5.355570205e-06,0.0100174,8.57933e-08
3000.0,-3.502209179e-10,1.466404373e-07,0.0100174,9.64617e-08
3000.0,-4.828242777e-10,-4.319622358e-06,0.0100174,9.01987e-08
3000.0,-1.000554954e-09,-1.216763039e-05,0.0100173,7.13653e-08
3000.0,-3.620946146e-10,-6.54417616e-06,0.0100174,6.68956e-08
3000.0,-5.250714612e-11,-3.78076843e-06,0.0100174,1.46645e-07
3000.0,-4.422957046e-10,-3.035636616e-06,0.0100175,1.11511e-07
3000.0,-3.140619187e-10,-3.186550816e-06,0.0100174,7.32856e-08
3000.0,-3.140286342e-10,-5.786970587e-06,0.0100174,1.11684e-07
3000.0,-3.734133264e-10,-8.374618676e-06,0.0100174,6.72239e-08
3000.0,-4.243300579e-10,-1.16651779e-05,0.0100175,1.09612e-07
3000.0,9.651282175e-11,-9.410810816e-06,0.0100175,1.46402e-07
3000.0,5.348364905e-11,-3.703794965e-06,0.0100175,1.13732e-07
3000.0,-4.040724014e-10,-5.662505168e-06,0.0100174,1.06998e-07
3000.0,-1.266716673e-10,-6.204184086e-06,0.0100174,6.27957e-08
Freq,3000,Rs,-5.90229964898125e-06,3.225410348622267e-06,Ls,-3.151224019025e-10,2.6122549135082126e-10
":SOUR:DCS:STAT OFF;:BIAS:STAT OFF;:COMP:BIN:COUN:CLE;:LIST:CLE:ALL;:COMP:BIN:CLE;:AMPL:ALC OFF;:APER LONG,1;:BIAS:POL:AUTO OFF;:BIAS:RANG:AUTO ON;:BIAS:VOLT:LEV 0;:COMP:ABIN OFF;:COMP:BIN:COUN:STAT OFF;:COMP:MODE PTOL;:COMP:SLIM -9.9e+037,9.9e+037;:COMP:STAT OFF;:COMP:SWAP OFF;:COMP:TOL:NOM 0;:DISP:ENAB ON;:DISP:LINE """";:DISP:WIND:TEXT1:DATA:FMSD:DATA 1e-009;:DISP:WIND:TEXT2:DATA:FMSD:DATA 1e-009;:FORM:ASC:LONG ON;:FORM:BORD NORM;:FORM:DATA ASC,64;:FREQ:CW 3000;:FUNC:DEV1:MODE OFF;:FUNC:DEV1:REF:VAL 0;:FUNC:DEV2:MODE OFF;:FUNC:DEV2:REF:VAL 0;:FUNC:IMP:TYPE LSRS;:FUNC:SMON:IDC:STAT OFF;:FUNC:SMON:VDC:STAT OFF;:INIT:CONT OFF;:LIST:MODE SEQ;:LIST:STIM:TYPE FREQ,NONE;:SOUR:DCS:VOLT:LEV 0;:TRIG:DEL 0;:TRIG:SOUR INT;:TRIG:TDEL 0;:VOLT:LEV 1;:DISP:WIND:TEXT1:DATA:FMSD:STAT OFF;:DISP:WIND:TEXT2:DATA:FMSD:STAT OFF;:FUNC:DCR:RANG:VAL 100;:FUNC:IMP:RANG:VAL 1;:OUTP:DC:ISOL:LEV:VAL 0.02;:OUTP:DC:ISOL:STAT OFF;:FUNC:DCR:RANG:AUTO ON;:FUNC:IMP:RANG:AUTO ON;:OUTP:DC:ISOL:LEV:AUTO ON;:DISP:PAGE MEASurement;
"
4000.0,-1.684451895e-10,-5.013583012e-06,0.0100202,2.84038e-08
4000.0,-7.985346918e-11,-8.008188004e-06,0.0100204,8.71339e-08
4000.0,1.580899807e-10,-2.457971635e-06,0.0100203,4.36808e-08
4000.0,-6.354797369e-11,-6.795218137e-06,0.0100202,7.59345e-08
4000.0,-2.23201133e-10,-4.582820356e-06,0.0100203,7.79741e-08
4000.0,-1.089857084e-10,-1.306608846e-06,0.0100203,6.96242e-08
4000.0,-2.387656556e-10,1.796081495e-06,0.0100201,2.92019e-08
4000.0,-2.482806196e-10,-5.036223589e-06,0.0100202,5.4039e-08
4000.0,-9.944329218e-11,-4.535466515e-06,0.0100202,3.31567e-08
4000.0,-2.126431984e-10,-3.674784323e-06,0.0100202,4.76873e-08
4000.0,-2.605855371e-10,-5.216313149e-06,0.0100202,1.26585e-07
4000.0,-7.486830234e-11,-2.001397181e-06,0.0100203,6.30078e-08
4000.0,-3.268672419e-10,-1.037157429e-05,0.0100202,7.86886e-08
4000.0,-1.908439755e-10,-5.031985467e-06,0.0100202,2.19432e-08
4000.0,-9.758083357e-11,-3.724666461e-06,0.0100202,9.44243e-08
4000.0,-2.292919994e-10,-9.313393156e-06,0.0100202,1.67756e-07
Freq,4000,Rs,-4.704632039125e-06,3.026973195501037e-06,Ls,-1.5406963429124998e-10,1.1498042867425555e-10
":SOUR:DCS:STAT OFF;:BIAS:STAT OFF;:COMP:BIN:COUN:CLE;:LIST:CLE:ALL;:COMP:BIN:CLE;:AMPL:ALC OFF;:APER LONG,1;:BIAS:POL:AUTO OFF;:BIAS:RANG:AUTO ON;:BIAS:VOLT:LEV 0;:COMP:ABIN OFF;:COMP:BIN:COUN:STAT OFF;:COMP:MODE PTOL;:COMP:SLIM -9.9e+037,9.9e+037;:COMP:STAT OFF;:COMP:SWAP OFF;:COMP:TOL:NOM 0;:DISP:ENAB ON;:DISP:LINE """";:DISP:WIND:TEXT1:DATA:FMSD:DATA 1e-009;:DISP:WIND:TEXT2:DATA:FMSD:DATA 1e-009;:FORM:ASC:LONG ON;:FORM:BORD NORM;:FORM:DATA ASC,64;:FREQ:CW 4000;:FUNC:DEV1:MODE OFF;:FUNC:DEV1:REF:VAL 0;:FUNC:DEV2:MODE OFF;:FUNC:DEV2:REF:VAL 0;:FUNC:IMP:TYPE LSRS;:FUNC:SMON:IDC:STAT OFF;:FUNC:SMON:VDC:STAT OFF;:INIT:CONT OFF;:LIST:MODE SEQ;:LIST:STIM:TYPE FREQ,NONE;:SOUR:DCS:VOLT:LEV 0;:TRIG:DEL 0;:TRIG:SOUR INT;:TRIG:TDEL 0;:VOLT:LEV 1;:DISP:WIND:TEXT1:DATA:FMSD:STAT OFF;:DISP:WIND:TEXT2:DATA:FMSD:STAT OFF;:FUNC:DCR:RANG:VAL 100;:FUNC:IMP:RANG:VAL 1;:OUTP:DC:ISOL:LEV:VAL 0.02;:OUTP:DC:ISOL:STAT OFF;:FUNC:DCR:RANG:AUTO ON;:FUNC:IMP:RANG:AUTO ON;:OUTP:DC:ISOL:LEV:AUTO ON;:DISP:PAGE MEASurement;
"
5000.0,-2.322065306e-10,-1.159010658e-07,0.0100077,5.15598e-08
5000.0,2.480707462e-11,-4.887727221e-06,0.0100074,2.59444e-08
5000.0,-2.526263919e-11,3.455599991e-07,0.0100075,4.26602e-08
5000.0,1.29110099e-11,-5.740386771e-06,0.0100076,2.91894e-08
5000.0,2.343410575e-10,-4.300454076e-06,0.0100075,4.10199e-08
5000.0,-4.332362253e-11,-2.496095604e-06,0.0100075,2.6174e-08
5000.0,1.43517394e-11,-6.174247997e-06,0.0100076,8.10354e-08
5000.0,-1.109401069e-10,-6.893926331e-06,0.0100075,6.76019e-08
5000.0,-1.842917058e-10,-1.670205136e-06,0.0100075,3.36752e-08
5000.0,-8.182124009e-11,-6.556383402e-06,0.0100075,4.2221e-08
5000.0,-1.817101554e-10,-2.929820077e-06,0.0100075,2.63068e-08
5000.0,-1.186786192e-10,-6.159579051e-06,0.0100074,6.81255e-08
5000.0,-7.825145201e-11,-8.542297987e-06,0.0100075,8.44117e-08
5000.0,-7.516180295e-11,-2.608553456e-06,0.0100075,4.68156e-08
5000.0,-2.880022378e-10,1.015359706e-06,0.0100074,1.08759e-07
5000.0,3.379241566e-11,-6.249146173e-06,0.0100074,7.08119e-08
Freq,5000,Rs,-3.997737790168749e-06,2.8727965244035455e-06,Ls,-6.871542596187499e-11,1.2455753583671422e-10
":SOUR:DCS:STAT OFF;:BIAS:STAT OFF;:COMP:BIN:COUN:CLE;:LIST:CLE:ALL;:COMP:BIN:CLE;:AMPL:ALC OFF;:APER LONG,1;:BIAS:POL:AUTO OFF;:BIAS:RANG:AUTO ON;:BIAS:VOLT:LEV 0;:COMP:ABIN OFF;:COMP:BIN:COUN:STAT OFF;:COMP:MODE PTOL;:COMP:SLIM -9.9e+037,9.9e+037;:COMP:STAT OFF;:COMP:SWAP OFF;:COMP:TOL:NOM 0;:DISP:ENAB ON;:DISP:LINE """";:DISP:WIND:TEXT1:DATA:FMSD:DATA 1e-009;:DISP:WIND:TEXT2:DATA:FMSD:DATA 1e-009;:FORM:ASC:LONG ON;:FORM:BORD NORM;:FORM:DATA ASC,64;:FREQ:CW 5000;:FUNC:DEV1:MODE OFF;:FUNC:DEV1:REF:VAL 0;:FUNC:DEV2:MODE OFF;:FUNC:DEV2:REF:VAL 0;:FUNC:IMP:TYPE LSRS;:FUNC:SMON:IDC:STAT OFF;:FUNC:SMON:VDC:STAT OFF;:INIT:CONT OFF;:LIST:MODE SEQ;:LIST:STIM:TYPE FREQ,NONE;:SOUR:DCS:VOLT:LEV 0;:TRIG:DEL 0;:TRIG:SOUR INT;:TRIG:TDEL 0;:VOLT:LEV 1;:DISP:WIND:TEXT1:DATA:FMSD:STAT OFF;:DISP:WIND:TEXT2:DATA:FMSD:STAT OFF;:FUNC:DCR:RANG:VAL 100;:FUNC:IMP:RANG:VAL 1;:OUTP:DC:ISOL:LEV:VAL 0.02;:OUTP:DC:ISOL:STAT OFF;:FUNC:DCR:RANG:AUTO ON;:FUNC:IMP:RANG:AUTO ON;:OUTP:DC:ISOL:LEV:AUTO ON;:DISP:PAGE MEASurement;
"
8000.0,-3.329064288e-11,7.806992473e-07,0.0100165,8.66203e-09
8000.0,-2.336110102e-11,2.911601912e-06,0.0100165,1.59914e-08
8000.0,2.886925401e-11,-4.447818746e-06,0.0100164,5.27572e-08
8000.0,-2.780057582e-11,-6.520204622e-06,0.0100164,6.30057e-08
8000.0,-1.044876877e-10,2.127933307e-06,0.0100165,5.99475e-08
8000.0,-2.812108313e-11,-4.499307558e-08,0.0100163,1.7032e-08
8000.0,-1.176453547e-10,-2.271618996e-07,0.0100165,5.35778e-08
8000.0,2.656398831e-12,-3.170079232e-07,0.0100165,7.99829e-08
8000.0,5.480486907e-12,-3.143213658e-06,0.0100165,5.22992e-08
8000.0,-1.589744115e-10,-4.405078926e-06,0.0100165,7.94903e-08
8000.0,-1.102759781e-10,-6.117889754e-06,0.0100164,3.23066e-08
8000.0,-8.183556858e-11,-7.042190477e-06,0.0100164,5.51461e-08
8000.0,6.705875507e-12,-4.038186926e-07,0.0100163,4.08881e-08
8000.0,-4.946082219e-11,-1.265457252e-06,0.0100164,4.14747e-08
8000.0,-1.295708664e-10,-6.111095992e-06,0.0100164,1.688e-08
8000.0,1.063971421e-11,-3.002172333e-06,0.0100163,4.64472e-08
Freq,8000,Rs,-2.3267418052925e-06,3.2028547462625813e-06,Ls,-5.06545226596875e-11,5.848993462301376e-11
":SOUR:DCS:STAT OFF;:BIAS:STAT OFF;:COMP:BIN:COUN:CLE;:LIST:CLE:ALL;:COMP:BIN:CLE;:AMPL:ALC OFF;:APER LONG,1;:BIAS:POL:AUTO OFF;:BIAS:RANG:AUTO ON;:BIAS:VOLT:LEV 0;:COMP:ABIN OFF;:COMP:BIN:COUN:STAT OFF;:COMP:MODE PTOL;:COMP:SLIM -9.9e+037,9.9e+037;:COMP:STAT OFF;:COMP:SWAP OFF;:COMP:TOL:NOM 0;:DISP:ENAB ON;:DISP:LINE """";:DISP:WIND:TEXT1:DATA:FMSD:DATA 1e-009;:DISP:WIND:TEXT2:DATA:FMSD:DATA 1e-009;:FORM:ASC:LONG ON;:FORM:BORD NORM;:FORM:DATA ASC,64;:FREQ:CW 8000;:FUNC:DEV1:MODE OFF;:FUNC:DEV1:REF:VAL 0;:FUNC:DEV2:MODE OFF;:FUNC:DEV2:REF:VAL 0;:FUNC:IMP:TYPE LSRS;:FUNC:SMON:IDC:STAT OFF;:FUNC:SMON:VDC:STAT OFF;:INIT:CONT OFF;:LIST:MODE SEQ;:LIST:STIM:TYPE FREQ,NONE;:SOUR:DCS:VOLT:LEV 0;:TRIG:DEL 0;:TRIG:SOUR INT;:TRIG:TDEL 0;:VOLT:LEV 1;:DISP:WIND:TEXT1:DATA:FMSD:STAT OFF;:DISP:WIND:TEXT2:DATA:FMSD:STAT OFF;:FUNC:DCR:RANG:VAL 100;:FUNC:IMP:RANG:VAL 1;:OUTP:DC:ISOL:LEV:VAL 0.02;:OUTP:DC:ISOL:STAT OFF;:FUNC:DCR:RANG:AUTO ON;:FUNC:IMP:RANG:AUTO ON;:OUTP:DC:ISOL:LEV:AUTO ON;:DISP:PAGE MEASurement;
"
10000.0,-5.118890364e-11,4.643055947e-06,0.0100162,1.22118e-08
10000.0,-9.166697857e-11,3.722123643e-06,0.0100164,7.80113e-08
10000.0,6.08238488e-11,5.387590735e-06,0.0100162,8.31484e-08
10000.0,-2.669491524e-11,-1.327578143e-07,0.0100162,7.19696e-08
10000.0,-4.00703365e-11,4.211278367e-06,0.0100163,7.38212e-08
10000.0,-5.315590055e-12,5.834587087e-06,0.0100162,6.52301e-08
10000.0,-6.895096192e-11,3.383387716e-06,0.0100163,7.64947e-08
10000.0,-7.854450645e-11,-6.138878767e-07,0.0100162,6.13537e-08
10000.0,-6.0662679e-11,6.203426374e-06,0.0100163,2.95849e-08
10000.0,-1.335274858e-12,5.608311977e-06,0.0100162,5.05513e-08
10000.0,-4.69437194e-11,2.837862875e-06,0.0100162,4.25437e-08
10000.0,-7.434987071e-11,3.671547671e-06,0.0100162,7.29945e-08
10000.0,-1.840729667e-11,7.019652974e-07,0.0100163,8.30411e-08
10000.0,-4.216347976e-11,7.417607778e-07,0.0100163,3.14746e-08
10000.0,3.023492643e-11,3.407678472e-06,0.0100163,3.05546e-08
10000.0,-5.526480788e-11,5.127410402e-06,0.0100163,7.78485e-08
Freq,10000,Rs,3.4209588531375e-06,2.179066879289293e-06,Ls,-3.56562840889375e-11,4.094632860756015e-11
":SOUR:DCS:STAT OFF;:BIAS:STAT OFF;:COMP:BIN:COUN:CLE;:LIST:CLE:ALL;:COMP:BIN:CLE;:AMPL:ALC OFF;:APER LONG,1;:BIAS:POL:AUTO OFF;:BIAS:RANG:AUTO ON;:BIAS:VOLT:LEV 0;:COMP:ABIN OFF;:COMP:BIN:COUN:STAT OFF;:COMP:MODE PTOL;:COMP:SLIM -9.9e+037,9.9e+037;:COMP:STAT OFF;:COMP:SWAP OFF;:COMP:TOL:NOM 0;:DISP:ENAB ON;:DISP:LINE """";:DISP:WIND:TEXT1:DATA:FMSD:DATA 1e-009;:DISP:WIND:TEXT2:DATA:FMSD:DATA 1e-009;:FORM:ASC:LONG ON;:FORM:BORD NORM;:FORM:DATA ASC,64;:FREQ:CW 10000;:FUNC:DEV1:MODE OFF;:FUNC:DEV1:REF:VAL 0;:FUNC:DEV2:MODE OFF;:FUNC:DEV2:REF:VAL 0;:FUNC:IMP:TYPE LSRS;:FUNC:SMON:IDC:STAT OFF;:FUNC:SMON:VDC:STAT OFF;:INIT:CONT OFF;:LIST:MODE SEQ;:LIST:STIM:TYPE FREQ,NONE;:SOUR:DCS:VOLT:LEV 0;:TRIG:DEL 0;:TRIG:SOUR INT;:TRIG:TDEL 0;:VOLT:LEV 1;:DISP:WIND:TEXT1:DATA:FMSD:STAT OFF;:DISP:WIND:TEXT2:DATA:FMSD:STAT OFF;:FUNC:DCR:RANG:VAL 100;:FUNC:IMP:RANG:VAL 1;:OUTP:DC:ISOL:LEV:VAL 0.02;:OUTP:DC:ISOL:STAT OFF;:FUNC:DCR:RANG:AUTO ON;:FUNC:IMP:RANG:AUTO ON;:OUTP:DC:ISOL:LEV:AUTO ON;:DISP:PAGE MEASurement;
"
15000.0,7.362139534e-12,-3.941426625e-06,0.0100132,1.8044e-09
15000.0,3.590357861e-11,4.213824591e-06,0.0100133,2.06907e-08
15000.0,3.160045371e-11,3.327695461e-06,0.0100133,4.13589e-08
15000.0,3.954952631e-11,3.812393223e-06,0.0100132,4.99205e-08
15000.0,4.309297949e-11,1.546959873e-06,0.0100131,9.01025e-08
15000.0,-4.378210441e-12,-6.734718708e-07,0.0100134,2.00706e-08
15000.0,3.217676393e-12,2.787979689e-06,0.0100133,7.22721e-08
15000.0,5.64024623e-11,-2.77095694e-06,0.010013,6.21104e-08
15000.0,-2.944118615e-11,-2.976028803e-06,0.0100131,2.91784e-08
15000.0,-2.605188351e-12,-1.517952703e-06,0.0100133,5.65077e-08
15000.0,5.631361764e-11,-2.433851021e-06,0.0100134,1.24935e-08
15000.0,1.153519135e-11,-1.707521473e-06,0.0100134,2.44757e-08
15000.0,5.776183629e-11,1.378218702e-06,0.0100132,4.72554e-08
15000.0,5.654222815e-11,2.032142762e-07,0.0100131,5.15273e-08
15000.0,1.359486967e-12,-1.203721423e-06,0.0100132,2.42307e-08
15000.0,-2.372692404e-11,-1.166659479e-06,0.0100133,6.61223e-08
Freq,15000,Rs,-7.008153266249994e-08,2.6060080701609663e-06,Ls,2.1280604235125e-11,2.944382645313936e-11
":SOUR:DCS:STAT OFF;:BIAS:STAT OFF;:COMP:BIN:COUN:CLE;:LIST:CLE:ALL;:COMP:BIN:CLE;:AMPL:ALC OFF;:APER LONG,1;:BIAS:POL:AUTO OFF;:BIAS:RANG:AUTO ON;:BIAS:VOLT:LEV 0;:COMP:ABIN OFF;:COMP:BIN:COUN:STAT OFF;:COMP:MODE PTOL;:COMP:SLIM -9.9e+037,9.9e+037;:COMP:STAT OFF;:COMP:SWAP OFF;:COMP:TOL:NOM 0;:DISP:ENAB ON;:DISP:LINE """";:DISP:WIND:TEXT1:DATA:FMSD:DATA 1e-009;:DISP:WIND:TEXT2:DATA:FMSD:DATA 1e-009;:FORM:ASC:LONG ON;:FORM:BORD NORM;:FORM:DATA ASC,64;:FREQ:CW 15000;:FUNC:DEV1:MODE OFF;:FUNC:DEV1:REF:VAL 0;:FUNC:DEV2:MODE OFF;:FUNC:DEV2:REF:VAL 0;:FUNC:IMP:TYPE LSRS;:FUNC:SMON:IDC:STAT OFF;:FUNC:SMON:VDC:STAT OFF;:INIT:CONT OFF;:LIST:MODE SEQ;:LIST:STIM:TYPE FREQ,NONE;:SOUR:DCS:VOLT:LEV 0;:TRIG:DEL 0;:TRIG:SOUR INT;:TRIG:TDEL 0;:VOLT:LEV 1;:DISP:WIND:TEXT1:DATA:FMSD:STAT OFF;:DISP:WIND:TEXT2:DATA:FMSD:STAT OFF;:FUNC:DCR:RANG:VAL 100;:FUNC:IMP:RANG:VAL 1;:OUTP:DC:ISOL:LEV:VAL 0.02;:OUTP:DC:ISOL:STAT OFF;:FUNC:DCR:RANG:AUTO ON;:FUNC:IMP:RANG:AUTO ON;:OUTP:DC:ISOL:LEV:AUTO ON;:DISP:PAGE MEASurement;
"
20000.0,-1.36868725e-11,-2.133160439e-06,0.010027,3.61232e-08
20000.0,-1.621617303e-12,-2.186300911e-06,0.0100269,4.21753e-08
20000.0,-4.608143105e-11,-8.267638025e-08,0.010027,1.52351e-08
20000.0,-3.762452642e-11,-8.510149314e-07,0.0100269,7.06868e-08
20000.0,-1.005629489e-11,-2.665444446e-06,0.0100269,5.02505e-08
20000.0,3.900753295e-11,2.014698379e-06,0.0100269,2.6883e-08
20000.0,-1.290725265e-11,-7.637438073e-06,0.0100269,7.92268e-08
20000.0,-1.686567725e-11,-7.275227277e-06,0.0100268,4.23246e-08
20000.0,-6.623341352e-12,-2.592482549e-06,0.0100271,5.29041e-08
20000.0,-4.826458126e-11,1.660472344e-06,0.0100269,3.02494e-08
20000.0,-2.606554382e-11,-5.301049751e-06,0.010027,2.54838e-08
20000.0,-6.466106229e-11,-1.107991299e-06,0.010027,1.8169e-08
20000.0,1.183808236e-11,-5.469600602e-06,0.010027,4.39842e-08
20000.0,-4.426003244e-11,-3.114315217e-06,0.0100268,7.66895e-10
20000.0,-7.340287843e-11,-3.394909082e-06,0.0100268,5.45437e-08
20000.0,-1.833152321e-11,-7.71298796e-06,0.010027,1.03242e-07
Freq,20000,Rs,-2.990589262165625e-06,3.0421959720925367e-06,Ls,-2.3100438722187505e-11,2.866085134964562e-11
":SOUR:DCS:STAT OFF;:BIAS:STAT OFF;:COMP:BIN:COUN:CLE;:LIST:CLE:ALL;:COMP:BIN:CLE;:AMPL:ALC OFF;:APER LONG,1;:BIAS:POL:AUTO OFF;:BIAS:RANG:AUTO ON;:BIAS:VOLT:LEV 0;:COMP:ABIN OFF;:COMP:BIN:COUN:STAT OFF;:COMP:MODE PTOL;:COMP:SLIM -9.9e+037,9.9e+037;:COMP:STAT OFF;:COMP:SWAP OFF;:COMP:TOL:NOM 0;:DISP:ENAB ON;:DISP:LINE """";:DISP:WIND:TEXT1:DATA:FMSD:DATA 1e-009;:DISP:WIND:TEXT2:DATA:FMSD:DATA 1e-009;:FORM:ASC:LONG ON;:FORM:BORD NORM;:FORM:DATA ASC,64;:FREQ:CW 20000;:FUNC:DEV1:MODE OFF;:FUNC:DEV1:REF:VAL 0;:FUNC:DEV2:MODE OFF;:FUNC:DEV2:REF:VAL 0;:FUNC:IMP:TYPE LSRS;:FUNC:SMON:IDC:STAT OFF;:FUNC:SMON:VDC:STAT OFF;:INIT:CONT OFF;:LIST:MODE SEQ;:LIST:STIM:TYPE FREQ,NONE;:SOUR:DCS:VOLT:LEV 0;:TRIG:DEL 0;:TRIG:SOUR INT;:TRIG:TDEL 0;:VOLT:LEV 1;:DISP:WIND:TEXT1:DATA:FMSD:STAT OFF;:DISP:WIND:TEXT2:DATA:FMSD:STAT OFF;:FUNC:DCR:RANG:VAL 100;:FUNC:IMP:RANG:VAL 1;:OUTP:DC:ISOL:LEV:VAL 0.02;:OUTP:DC:ISOL:STAT OFF;:FUNC:DCR:RANG:AUTO ON;:FUNC:IMP:RANG:AUTO ON;:OUTP:DC:ISOL:LEV:AUTO ON;:DISP:PAGE MEASurement;
"
30000.0,-1.930456511e-11,-2.017777236e-06,0.0100175,6.08146e-08
30000.0,-8.672011665e-12,-8.214079329e-06,0.0100175,2.47233e-08
30000.0,1.449403699e-11,-3.505485777e-06,0.0100175,7.53556e-08
30000.0,-2.494243982e-12,2.592349634e-08,0.0100175,2.13336e-08
30000.0,2.898669104e-11,-4.900590882e-06,0.0100176,7.40366e-08
30000.0,-8.901906203e-12,-2.048667416e-06,0.0100176,2.46765e-08
30000.0,-5.56038663e-12,-7.050171374e-06,0.0100175,3.08371e-08
30000.0,4.00606031e-12,-5.341497085e-06,0.0100176,8.48375e-08
30000.0,-1.208108567e-11,4.055435178e-06,0.0100177,7.51652e-08
30000.0,4.620748516e-12,-2.587255071e-06,0.0100175,4.4062e-08
30000.0,4.743385581e-12,-1.913962504e-06,0.0100175,5.46974e-08
30000.0,4.284431739e-12,-1.123507057e-06,0.0100174,2.50612e-08
30000.0,3.661328398e-12,-2.442103907e-06,0.0100175,2.45884e-08
30000.0,-1.859788133e-11,-4.319152304e-06,0.0100174,2.88809e-08
30000.0,-4.844205613e-12,-3.336944065e-06,0.0100175,2.45085e-08
30000.0,-2.426530267e-12,-2.758494577e-06,0.0100174,5.58042e-08
Freq,30000,Rs,-2.96739561935375e-06,2.838114106898756e-06,Ls,-1.1303833685e-12,1.2129753032949892e-11
":SOUR:DCS:STAT OFF;:BIAS:STAT OFF;:COMP:BIN:COUN:CLE;:LIST:CLE:ALL;:COMP:BIN:CLE;:AMPL:ALC OFF;:APER LONG,1;:BIAS:POL:AUTO OFF;:BIAS:RANG:AUTO ON;:BIAS:VOLT:LEV 0;:COMP:ABIN OFF;:COMP:BIN:COUN:STAT OFF;:COMP:MODE PTOL;:COMP:SLIM -9.9e+037,9.9e+037;:COMP:STAT OFF;:COMP:SWAP OFF;:COMP:TOL:NOM 0;:DISP:ENAB ON;:DISP:LINE """";:DISP:WIND:TEXT1:DATA:FMSD:DATA 1e-009;:DISP:WIND:TEXT2:DATA:FMSD:DATA 1e-009;:FORM:ASC:LONG ON;:FORM:BORD NORM;:FORM:DATA ASC,64;:FREQ:CW 30000;:FUNC:DEV1:MODE OFF;:FUNC:DEV1:REF:VAL 0;:FUNC:DEV2:MODE OFF;:FUNC:DEV2:REF:VAL 0;:FUNC:IMP:TYPE LSRS;:FUNC:SMON:IDC:STAT OFF;:FUNC:SMON:VDC:STAT OFF;:INIT:CONT OFF;:LIST:MODE SEQ;:LIST:STIM:TYPE FREQ,NONE;:SOUR:DCS:VOLT:LEV 0;:TRIG:DEL 0;:TRIG:SOUR INT;:TRIG:TDEL 0;:VOLT:LEV 1;:DISP:WIND:TEXT1:DATA:FMSD:STAT OFF;:DISP:WIND:TEXT2:DATA:FMSD:STAT OFF;:FUNC:DCR:RANG:VAL 100;:FUNC:IMP:RANG:VAL 1;:OUTP:DC:ISOL:LEV:VAL 0.02;:OUTP:DC:ISOL:STAT OFF;:FUNC:DCR:RANG:AUTO ON;:FUNC:IMP:RANG:AUTO ON;:OUTP:DC:ISOL:LEV:AUTO ON;:DISP:PAGE MEASurement;
"
":SOUR:DCS:STAT OFF;:BIAS:STAT OFF;:COMP:BIN:COUN:CLE;:LIST:CLE:ALL;:COMP:BIN:CLE;:AMPL:ALC OFF;:APER LONG,1;:BIAS:POL:AUTO OFF;:BIAS:RANG:AUTO ON;:BIAS:VOLT:LEV 0;:COMP:ABIN OFF;:COMP:BIN:COUN:STAT OFF;:COMP:MODE PTOL;:COMP:SLIM -9.9e+037,9.9e+037;:COMP:STAT OFF;:COMP:SWAP OFF;:COMP:TOL:NOM 0;:DISP:ENAB ON;:DISP:LINE """";:DISP:WIND:TEXT1:DATA:FMSD:DATA 1e-009;:DISP:WIND:TEXT2:DATA:FMSD:DATA 1e-009;:FORM:ASC:LONG ON;:FORM:BORD NORM;:FORM:DATA ASC,64;:FREQ:CW 30000;:FUNC:DEV1:MODE OFF;:FUNC:DEV1:REF:VAL 0;:FUNC:DEV2:MODE OFF;:FUNC:DEV2:REF:VAL 0;:FUNC:IMP:TYPE LSRS;:FUNC:SMON:IDC:STAT OFF;:FUNC:SMON:VDC:STAT OFF;:INIT:CONT OFF;:LIST:MODE SEQ;:LIST:STIM:TYPE FREQ,NONE;:SOUR:DCS:VOLT:LEV 0;:TRIG:DEL 0;:TRIG:SOUR INT;:TRIG:TDEL 0;:VOLT:LEV 1;:DISP:WIND:TEXT1:DATA:FMSD:STAT OFF;:DISP:WIND:TEXT2:DATA:FMSD:STAT OFF;:FUNC:DCR:RANG:VAL 100;:FUNC:IMP:RANG:VAL 1;:OUTP:DC:ISOL:LEV:VAL 0.02;:OUTP:DC:ISOL:STAT OFF;:FUNC:DCR:RANG:AUTO ON;:FUNC:IMP:RANG:AUTO ON;:OUTP:DC:ISOL:LEV:AUTO ON;:DISP:PAGE MEASurement;
"
2024-04-19,10:02:13
---------run finished---------
lcr name:,KeySight E4980A
Name and description of Resistor under test: ,"42035A 10 ohm, no leads"
2024-04-19,11:46:31
select the freq range,"[20, 30, 40, 50, 70, 100, 200, 300, 500, 800, 1000, 1591.5494309189535, 2000, 3000, 4000, 5000, 8000, 10000, 15000, 20000, 30000]"
20.0,-1.419269751e-05,9.999677165,0.00908883,0.0908835
20.0,-1.2467521e-05,9.999639308,0.00908874,0.0908821
20.0,-1.35157287e-05,9.999089155,0.00908873,0.0908855
20.0,-1.358597325e-05,9.999716616,0.00908886,0.0908842
20.0,-1.339434774e-05,9.99952315,0.00908878,0.090883
20.0,-1.434463076e-05,9.999188058,0.00908879,0.0908815
20.0,-1.461768528e-05,9.999670784,0.00908862,0.0908786
20.0,-1.56922721e-05,9.999021825,0.00908866,0.0908812
20.0,-1.307650361e-05,9.999061989,0.00908864,0.0908799
20.0,-1.339935233e-05,9.999430414,0.00908868,0.0908781
20.0,-1.499702402e-05,9.999538251,0.00908868,0.0908841
20.0,-1.438146398e-05,9.999595744,0.00908874,0.0908826
20.0,-1.408168949e-05,9.999665718,0.00908879,0.0908812
20.0,-1.34817453e-05,9.99918208,0.00908876,0.0908801
20.0,-1.423493577e-05,9.999605441,0.00908889,0.0908831
20.0,-1.34724317e-05,9.999664196,0.00908878,0.0908804
Freq,20,Rs,9.999454368375,0.00025335037535501,Ls,-1.3933500158750002e-05,7.92199027435287e-07
":SOUR:DCS:STAT OFF;:BIAS:STAT OFF;:COMP:BIN:COUN:CLE;:LIST:CLE:ALL;:COMP:BIN:CLE;:AMPL:ALC OFF;:APER LONG,1;:BIAS:POL:AUTO OFF;:BIAS:RANG:AUTO ON;:BIAS:VOLT:LEV 0;:COMP:ABIN OFF;:COMP:BIN:COUN:STAT OFF;:COMP:MODE PTOL;:COMP:SLIM -9.9e+037,9.9e+037;:COMP:STAT OFF;:COMP:SWAP OFF;:COMP:TOL:NOM 0;:DISP:ENAB ON;:DISP:LINE """";:DISP:WIND:TEXT1:DATA:FMSD:DATA 1e-009;:DISP:WIND:TEXT2:DATA:FMSD:DATA 1e-009;:FORM:ASC:LONG ON;:FORM:BORD NORM;:FORM:DATA ASC,64;:FREQ:CW 20;:FUNC:DEV1:MODE OFF;:FUNC:DEV1:REF:VAL 0;:FUNC:DEV2:MODE OFF;:FUNC:DEV2:REF:VAL 0;:FUNC:IMP:TYPE LSRS;:FUNC:SMON:IDC:STAT OFF;:FUNC:SMON:VDC:STAT OFF;:INIT:CONT OFF;:LIST:MODE SEQ;:LIST:STIM:TYPE FREQ,NONE;:SOUR:DCS:VOLT:LEV 0;:TRIG:DEL 0;:TRIG:SOUR INT;:TRIG:TDEL 0;:VOLT:LEV 1;:DISP:WIND:TEXT1:DATA:FMSD:STAT OFF;:DISP:WIND:TEXT2:DATA:FMSD:STAT OFF;:FUNC:DCR:RANG:VAL 100;:FUNC:IMP:RANG:VAL 100;:OUTP:DC:ISOL:LEV:VAL 0.02;:OUTP:DC:ISOL:STAT OFF;:FUNC:DCR:RANG:AUTO ON;:FUNC:IMP:RANG:AUTO ON;:OUTP:DC:ISOL:LEV:AUTO ON;:DISP:PAGE MEASurement;
"
30.0,-7.351835143e-06,9.999342446,0.0090925,0.0909175
30.0,-7.472671536e-06,9.999206728,0.00909252,0.0909195
30.0,-7.606207906e-06,9.999264681,0.00909247,0.090919
30.0,-6.834097577e-06,9.99931398,0.00909251,0.0909194
30.0,-7.190449546e-06,9.999094917,0.00909257,0.0909165
30.0,-6.913581597e-06,9.999366017,0.00909254,0.0909192
30.0,-7.192773627e-06,9.999249069,0.00909245,0.0909183
30.0,-7.302798802e-06,9.999312864,0.00909242,0.0909199
30.0,-7.365498416e-06,9.999356521,0.00909258,0.0909184
30.0,-6.44775398e-06,9.999309791,0.00909251,0.090919
30.0,-7.635561258e-06,9.999339372,0.00909244,0.0909181
30.0,-7.573684285e-06,9.999363418,0.00909246,0.0909182
30.0,-7.012737453e-06,9.999399517,0.00909245,0.0909179
30.0,-7.677292841e-06,9.999247149,0.00909249,0.0909174
30.0,-6.846268973e-06,9.999296265,0.00909246,0.0909185
30.0,-7.49557242e-06,9.999292957,0.00909254,0.0909174
Freq,30,Rs,9.99929723075,7.421640939871101e-05,Ls,-7.244924085e-06,3.516371844846162e-07
":SOUR:DCS:STAT OFF;:BIAS:STAT OFF;:COMP:BIN:COUN:CLE;:LIST:CLE:ALL;:COMP:BIN:CLE;:AMPL:ALC OFF;:APER LONG,1;:BIAS:POL:AUTO OFF;:BIAS:RANG:AUTO ON;:BIAS:VOLT:LEV 0;:COMP:ABIN OFF;:COMP:BIN:COUN:STAT OFF;:COMP:MODE PTOL;:COMP:SLIM -9.9e+037,9.9e+037;:COMP:STAT OFF;:COMP:SWAP OFF;:COMP:TOL:NOM 0;:DISP:ENAB ON;:DISP:LINE """";:DISP:WIND:TEXT1:DATA:FMSD:DATA 1e-009;:DISP:WIND:TEXT2:DATA:FMSD:DATA 1e-009;:FORM:ASC:LONG ON;:FORM:BORD NORM;:FORM:DATA ASC,64;:FREQ:CW 30;:FUNC:DEV1:MODE OFF;:FUNC:DEV1:REF:VAL 0;:FUNC:DEV2:MODE OFF;:FUNC:DEV2:REF:VAL 0;:FUNC:IMP:TYPE LSRS;:FUNC:SMON:IDC:STAT OFF;:FUNC:SMON:VDC:STAT OFF;:INIT:CONT OFF;:LIST:MODE SEQ;:LIST:STIM:TYPE FREQ,NONE;:SOUR:DCS:VOLT:LEV 0;:TRIG:DEL 0;:TRIG:SOUR INT;:TRIG:TDEL 0;:VOLT:LEV 1;:DISP:WIND:TEXT1:DATA:FMSD:STAT OFF;:DISP:WIND:TEXT2:DATA:FMSD:STAT OFF;:FUNC:DCR:RANG:VAL 100;:FUNC:IMP:RANG:VAL 10;:OUTP:DC:ISOL:LEV:VAL 0.02;:OUTP:DC:ISOL:STAT OFF;:FUNC:DCR:RANG:AUTO ON;:FUNC:IMP:RANG:AUTO ON;:OUTP:DC:ISOL:LEV:AUTO ON;:DISP:PAGE MEASurement;
"
40.0,-4.171366465e-06,9.999114557,0.00909164,0.0909042
40.0,-4.476777911e-06,9.999031231,0.00909164,0.0909081
40.0,-4.368329848e-06,9.999116884,0.00909176,0.0909096
40.0,-4.133653401e-06,9.999218777,0.00909179,0.0909091
40.0,-4.318227522e-06,9.999112855,0.00909147,0.0909107
40.0,-4.035175455e-06,9.999070903,0.00909171,0.090906
40.0,-4.156283721e-06,9.999112552,0.00909181,0.0909105
40.0,-4.188783527e-06,9.999208631,0.00909173,0.0909096
40.0,-4.280535256e-06,9.999031643,0.00909174,0.090909
40.0,-4.225503537e-06,9.999105839,0.00909183,0.0909084
40.0,-4.480501498e-06,9.999181317,0.00909172,0.0909102
40.0,-4.056929747e-06,9.999123367,0.00909186,0.0909103
40.0,-4.778809667e-06,9.998679719,0.00909159,0.0909104
40.0,-4.001245376e-06,9.999133397,0.00909165,0.090908
40.0,-4.396519304e-06,9.999155489,0.0090917,0.0909105
40.0,-4.073824965e-06,9.999133328,0.00909162,0.0909092
Freq,40,Rs,9.999095655562499,0.00012269441218503297,Ls,-4.2589042e-06,2.0545555508762885e-07
":SOUR:DCS:STAT OFF;:BIAS:STAT OFF;:COMP:BIN:COUN:CLE;:LIST:CLE:ALL;:COMP:BIN:CLE;:AMPL:ALC OFF;:APER LONG,1;:BIAS:POL:AUTO OFF;:BIAS:RANG:AUTO ON;:BIAS:VOLT:LEV 0;:COMP:ABIN OFF;:COMP:BIN:COUN:STAT OFF;:COMP:MODE PTOL;:COMP:SLIM -9.9e+037,9.9e+037;:COMP:STAT OFF;:COMP:SWAP OFF;:COMP:TOL:NOM 0;:DISP:ENAB ON;:DISP:LINE """";:DISP:WIND:TEXT1:DATA:FMSD:DATA 1e-009;:DISP:WIND:TEXT2:DATA:FMSD:DATA 1e-009;:FORM:ASC:LONG ON;:FORM:BORD NORM;:FORM:DATA ASC,64;:FREQ:CW 40;:FUNC:DEV1:MODE OFF;:FUNC:DEV1:REF:VAL 0;:FUNC:DEV2:MODE OFF;:FUNC:DEV2:REF:VAL 0;:FUNC:IMP:TYPE LSRS;:FUNC:SMON:IDC:STAT OFF;:FUNC:SMON:VDC:STAT OFF;:INIT:CONT OFF;:LIST:MODE SEQ;:LIST:STIM:TYPE FREQ,NONE;:SOUR:DCS:VOLT:LEV 0;:TRIG:DEL 0;:TRIG:SOUR INT;:TRIG:TDEL 0;:VOLT:LEV 1;:DISP:WIND:TEXT1:DATA:FMSD:STAT OFF;:DISP:WIND:TEXT2:DATA:FMSD:STAT OFF;:FUNC:DCR:RANG:VAL 100;:FUNC:IMP:RANG:VAL 10;:OUTP:DC:ISOL:LEV:VAL 0.02;:OUTP:DC:ISOL:STAT OFF;:FUNC:DCR:RANG:AUTO ON;:FUNC:IMP:RANG:AUTO ON;:OUTP:DC:ISOL:LEV:AUTO ON;:DISP:PAGE MEASurement;
"
50.0,-3.238641748e-06,9.998715201,0.00912018,0.0911919
50.0,-3.296753116e-06,9.998766079,0.00912024,0.0911921
50.0,-3.509521659e-06,9.998809306,0.00912026,0.0911913
50.0,-3.380789875e-06,9.998732926,0.00912032,0.0911915
50.0,-3.381951094e-06,9.998740151,0.00912016,0.0911902
50.0,-3.107291647e-06,9.99865105,0.00912023,0.0911897
50.0,-2.726434567e-06,9.998668326,0.00912036,0.0911898
50.0,-2.884196953e-06,9.998722067,0.00912016,0.0911919
50.0,-2.430148344e-06,9.998829793,0.00912019,0.0911922
50.0,-2.447924432e-06,9.998929279,0.00912026,0.0911934
50.0,-2.994279846e-06,9.99907419,0.00912014,0.0911932
50.0,-3.283294063e-06,9.998950838,0.00912026,0.0911929
50.0,-3.373552398e-06,9.998846305,0.00912025,0.091191
50.0,-3.304314128e-06,9.998815807,0.00912024,0.0911916
50.0,-3.696136888e-06,9.99873866,0.00912022,0.0911906
50.0,-3.374989764e-06,9.998695811,0.00912012,0.0911901
Freq,50,Rs,9.9987928618125,0.00011367681291482594,Ls,-3.151888782625e-06,3.6453877690428127e-07
":SOUR:DCS:STAT OFF;:BIAS:STAT OFF;:COMP:BIN:COUN:CLE;:LIST:CLE:ALL;:COMP:BIN:CLE;:AMPL:ALC OFF;:APER LONG,1;:BIAS:POL:AUTO OFF;:BIAS:RANG:AUTO ON;:BIAS:VOLT:LEV 0;:COMP:ABIN OFF;:COMP:BIN:COUN:STAT OFF;:COMP:MODE PTOL;:COMP:SLIM -9.9e+037,9.9e+037;:COMP:STAT OFF;:COMP:SWAP OFF;:COMP:TOL:NOM 0;:DISP:ENAB ON;:DISP:LINE """";:DISP:WIND:TEXT1:DATA:FMSD:DATA 1e-009;:DISP:WIND:TEXT2:DATA:FMSD:DATA 1e-009;:FORM:ASC:LONG ON;:FORM:BORD NORM;:FORM:DATA ASC,64;:FREQ:CW 50;:FUNC:DEV1:MODE OFF;:FUNC:DEV1:REF:VAL 0;:FUNC:DEV2:MODE OFF;:FUNC:DEV2:REF:VAL 0;:FUNC:IMP:TYPE LSRS;:FUNC:SMON:IDC:STAT OFF;:FUNC:SMON:VDC:STAT OFF;:INIT:CONT OFF;:LIST:MODE SEQ;:LIST:STIM:TYPE FREQ,NONE;:SOUR:DCS:VOLT:LEV 0;:TRIG:DEL 0;:TRIG:SOUR INT;:TRIG:TDEL 0;:VOLT:LEV 1;:DISP:WIND:TEXT1:DATA:FMSD:STAT OFF;:DISP:WIND:TEXT2:DATA:FMSD:STAT OFF;:FUNC:DCR:RANG:VAL 100;:FUNC:IMP:RANG:VAL 10;:OUTP:DC:ISOL:LEV:VAL 0.02;:OUTP:DC:ISOL:STAT OFF;:FUNC:DCR:RANG:AUTO ON;:FUNC:IMP:RANG:AUTO ON;:OUTP:DC:ISOL:LEV:AUTO ON;:DISP:PAGE MEASurement;
"
70.0,-1.366928267e-06,9.99871618,0.0091178,0.0911663
70.0,-1.533056471e-06,9.998727748,0.00911786,0.0911672
70.0,-1.416547657e-06,9.998742926,0.00911784,0.091165
70.0,-1.37442895e-06,9.998684918,0.00911785,0.0911656
70.0,-1.44718911e-06,9.998660559,0.00911766,0.0911653
70.0,-1.404869089e-06,9.99872216,0.00911769,0.0911653
70.0,-1.463332992e-06,9.998631994,0.00911775,0.0911665
70.0,-1.476551823e-06,9.998716593,0.0091176,0.0911646
70.0,-1.427352412e-06,9.998725168,0.00911777,0.091165
70.0,-1.261582272e-06,9.998704008,0.00911776,0.0911646
70.0,-1.526393188e-06,9.998718503,0.00911768,0.0911638
70.0,-1.517221097e-06,9.998716569,0.00911771,0.0911656
70.0,-1.449661856e-06,9.998672601,0.00911771,0.0911664
70.0,-1.40715884e-06,9.998695779,0.0091177,0.0911657
70.0,-1.42620631e-06,9.998647947,0.00911779,0.0911658
70.0,-1.436028074e-06,9.998659078,0.00911774,0.0911656
Freq,70,Rs,9.998696420687502,3.2926890950997755e-05,Ls,-1.4334067755e-06,6.738794250388847e-08
":SOUR:DCS:STAT OFF;:BIAS:STAT OFF;:COMP:BIN:COUN:CLE;:LIST:CLE:ALL;:COMP:BIN:CLE;:AMPL:ALC OFF;:APER LONG,1;:BIAS:POL:AUTO OFF;:BIAS:RANG:AUTO ON;:BIAS:VOLT:LEV 0;:COMP:ABIN OFF;:COMP:BIN:COUN:STAT OFF;:COMP:MODE PTOL;:COMP:SLIM -9.9e+037,9.9e+037;:COMP:STAT OFF;:COMP:SWAP OFF;:COMP:TOL:NOM 0;:DISP:ENAB ON;:DISP:LINE """";:DISP:WIND:TEXT1:DATA:FMSD:DATA 1e-009;:DISP:WIND:TEXT2:DATA:FMSD:DATA 1e-009;:FORM:ASC:LONG ON;:FORM:BORD NORM;:FORM:DATA ASC,64;:FREQ:CW 70;:FUNC:DEV1:MODE OFF;:FUNC:DEV1:REF:VAL 0;:FUNC:DEV2:MODE OFF;:FUNC:DEV2:REF:VAL 0;:FUNC:IMP:TYPE LSRS;:FUNC:SMON:IDC:STAT OFF;:FUNC:SMON:VDC:STAT OFF;:INIT:CONT OFF;:LIST:MODE SEQ;:LIST:STIM:TYPE FREQ,NONE;:SOUR:DCS:VOLT:LEV 0;:TRIG:DEL 0;:TRIG:SOUR INT;:TRIG:TDEL 0;:VOLT:LEV 1;:DISP:WIND:TEXT1:DATA:FMSD:STAT OFF;:DISP:WIND:TEXT2:DATA:FMSD:STAT OFF;:FUNC:DCR:RANG:VAL 100;:FUNC:IMP:RANG:VAL 10;:OUTP:DC:ISOL:LEV:VAL 0.02;:OUTP:DC:ISOL:STAT OFF;:FUNC:DCR:RANG:AUTO ON;:FUNC:IMP:RANG:AUTO ON;:OUTP:DC:ISOL:LEV:AUTO ON;:DISP:PAGE MEASurement;
"
100.0,-6.466097237e-07,9.998599368,0.00911179,0.0911053
100.0,-7.597657646e-07,9.998565958,0.00911189,0.0911043
100.0,-6.362336073e-07,9.9985342,0.00911178,0.0911037
100.0,-6.936886747e-07,9.998660758,0.00911176,0.0911052
100.0,-7.068685101e-07,9.998628506,0.00911181,0.0911054
100.0,-6.933572982e-07,9.998540052,0.00911177,0.0911048
100.0,-7.921864582e-07,9.998580203,0.00911171,0.0911058
100.0,-6.533382953e-07,9.998576792,0.00911178,0.0911048
100.0,-7.476400263e-07,9.998619777,0.00911178,0.0911036
100.0,-6.998573503e-07,9.998548732,0.00911176,0.0911033
100.0,-8.122446969e-07,9.998578211,0.00911176,0.0911039
100.0,-7.278169926e-07,9.998606446,0.00911181,0.0911038
100.0,-8.340004104e-07,9.998515461,0.00911176,0.0911053
100.0,-7.335960382e-07,9.998563705,0.00911182,0.0911052
100.0,-7.148764771e-07,9.99856624,0.00911183,0.0911065
100.0,-6.63799728e-07,9.998562315,0.00911193,0.0911048
Freq,100,Rs,9.99857792025,3.7662526526136696e-05,Ls,-7.1974250324375e-07,5.849100965942841e-08
":SOUR:DCS:STAT OFF;:BIAS:STAT OFF;:COMP:BIN:COUN:CLE;:LIST:CLE:ALL;:COMP:BIN:CLE;:AMPL:ALC OFF;:APER LONG,1;:BIAS:POL:AUTO OFF;:BIAS:RANG:AUTO ON;:BIAS:VOLT:LEV 0;:COMP:ABIN OFF;:COMP:BIN:COUN:STAT OFF;:COMP:MODE PTOL;:COMP:SLIM -9.9e+037,9.9e+037;:COMP:STAT OFF;:COMP:SWAP OFF;:COMP:TOL:NOM 0;:DISP:ENAB ON;:DISP:LINE """";:DISP:WIND:TEXT1:DATA:FMSD:DATA 1e-009;:DISP:WIND:TEXT2:DATA:FMSD:DATA 1e-009;:FORM:ASC:LONG ON;:FORM:BORD NORM;:FORM:DATA ASC,64;:FREQ:CW 100;:FUNC:DEV1:MODE OFF;:FUNC:DEV1:REF:VAL 0;:FUNC:DEV2:MODE OFF;:FUNC:DEV2:REF:VAL 0;:FUNC:IMP:TYPE LSRS;:FUNC:SMON:IDC:STAT OFF;:FUNC:SMON:VDC:STAT OFF;:INIT:CONT OFF;:LIST:MODE SEQ;:LIST:STIM:TYPE FREQ,NONE;:SOUR:DCS:VOLT:LEV 0;:TRIG:DEL 0;:TRIG:SOUR INT;:TRIG:TDEL 0;:VOLT:LEV 1;:DISP:WIND:TEXT1:DATA:FMSD:STAT OFF;:DISP:WIND:TEXT2:DATA:FMSD:STAT OFF;:FUNC:DCR:RANG:VAL 100;:FUNC:IMP:RANG:VAL 10;:OUTP:DC:ISOL:LEV:VAL 0.02;:OUTP:DC:ISOL:STAT OFF;:FUNC:DCR:RANG:AUTO ON;:FUNC:IMP:RANG:AUTO ON;:OUTP:DC:ISOL:LEV:AUTO ON;:DISP:PAGE MEASurement;
"
200.0,-5.93815098e-07,9.998883377,0.00910651,0.0910549
200.0,-6.274409563e-07,9.998899567,0.00910628,0.0910533
200.0,-6.160118689e-07,9.99894497,0.00910636,0.0910539
200.0,-6.379389752e-07,9.998975906,0.0091063,0.0910534
200.0,-5.913547833e-07,9.998808877,0.0091063,0.091053
200.0,-6.394541516e-07,9.998867276,0.00910645,0.0910542
200.0,-6.082540691e-07,9.998959131,0.00910636,0.0910538
200.0,-5.895503203e-07,9.998911013,0.0091063,0.0910534
200.0,-5.794760239e-07,9.998885367,0.00910639,0.0910543
200.0,-6.225171272e-07,9.998917165,0.00910645,0.0910545
200.0,-5.932971457e-07,9.998900451,0.00910633,0.0910536
200.0,-5.949770263e-07,9.998891871,0.00910641,0.091054
200.0,-5.936141733e-07,9.998917553,0.00910643,0.0910534
200.0,-6.041949074e-07,9.998851249,0.00910643,0.0910557
200.0,-6.079034201e-07,9.998934993,0.00910642,0.0910544
200.0,-5.961527231e-07,9.99891925,0.00910647,0.091054
Freq,200,Rs,9.998904250999999,4.132659054251318e-05,Ls,-6.0599704810625e-07,1.798948131493112e-08
":SOUR:DCS:STAT OFF;:BIAS:STAT OFF;:COMP:BIN:COUN:CLE;:LIST:CLE:ALL;:COMP:BIN:CLE;:AMPL:ALC OFF;:APER LONG,1;:BIAS:POL:AUTO OFF;:BIAS:RANG:AUTO ON;:BIAS:VOLT:LEV 0;:COMP:ABIN OFF;:COMP:BIN:COUN:STAT OFF;:COMP:MODE PTOL;:COMP:SLIM -9.9e+037,9.9e+037;:COMP:STAT OFF;:COMP:SWAP OFF;:COMP:TOL:NOM 0;:DISP:ENAB ON;:DISP:LINE """";:DISP:WIND:TEXT1:DATA:FMSD:DATA 1e-009;:DISP:WIND:TEXT2:DATA:FMSD:DATA 1e-009;:FORM:ASC:LONG ON;:FORM:BORD NORM;:FORM:DATA ASC,64;:FREQ:CW 200;:FUNC:DEV1:MODE OFF;:FUNC:DEV1:REF:VAL 0;:FUNC:DEV2:MODE OFF;:FUNC:DEV2:REF:VAL 0;:FUNC:IMP:TYPE LSRS;:FUNC:SMON:IDC:STAT OFF;:FUNC:SMON:VDC:STAT OFF;:INIT:CONT OFF;:LIST:MODE SEQ;:LIST:STIM:TYPE FREQ,NONE;:SOUR:DCS:VOLT:LEV 0;:TRIG:DEL 0;:TRIG:SOUR INT;:TRIG:TDEL 0;:VOLT:LEV 1;:DISP:WIND:TEXT1:DATA:FMSD:STAT OFF;:DISP:WIND:TEXT2:DATA:FMSD:STAT OFF;:FUNC:DCR:RANG:VAL 100;:FUNC:IMP:RANG:VAL 10;:OUTP:DC:ISOL:LEV:VAL 0.02;:OUTP:DC:ISOL:STAT OFF;:FUNC:DCR:RANG:AUTO ON;:FUNC:IMP:RANG:AUTO ON;:OUTP:DC:ISOL:LEV:AUTO ON;:DISP:PAGE MEASurement;
"
300.0,-2.631691752e-07,9.998730569,0.0091061,0.0910476
300.0,-3.056869719e-07,9.998775824,0.00910603,0.0910482
300.0,-2.485256964e-07,9.998779241,0.00910609,0.0910486
300.0,-2.775994638e-07,9.998800358,0.00910597,0.0910498
300.0,-2.201298612e-07,9.998712307,0.00910605,0.0910483
300.0,-2.930044232e-07,9.998657375,0.00910612,0.0910504
300.0,-2.799786881e-07,9.998753663,0.00910605,0.0910493
300.0,-2.433607553e-07,9.998749285,0.00910594,0.0910489
300.0,-2.456278603e-07,9.998733386,0.0091061,0.0910489
300.0,-2.556979254e-07,9.998789758,0.00910605,0.0910494
300.0,-2.32439524e-07,9.998722148,0.00910612,0.0910498
300.0,-2.268447551e-07,9.99868189,0.00910594,0.0910478
300.0,-2.275603313e-07,9.998715972,0.009106,0.0910481
300.0,-2.541332672e-07,9.998737155,0.009106,0.0910484
300.0,-2.784970164e-07,9.998709593,0.0091062,0.0910491
300.0,-2.997350738e-07,9.998701073,0.00910596,0.0910482
Freq,300,Rs,9.998734349812501,3.9286588127452897e-05,Ls,-2.5949942428749997e-07,2.7057161341895026e-08
":SOUR:DCS:STAT OFF;:BIAS:STAT OFF;:COMP:BIN:COUN:CLE;:LIST:CLE:ALL;:COMP:BIN:CLE;:AMPL:ALC OFF;:APER LONG,1;:BIAS:POL:AUTO OFF;:BIAS:RANG:AUTO ON;:BIAS:VOLT:LEV 0;:COMP:ABIN OFF;:COMP:BIN:COUN:STAT OFF;:COMP:MODE PTOL;:COMP:SLIM -9.9e+037,9.9e+037;:COMP:STAT OFF;:COMP:SWAP OFF;:COMP:TOL:NOM 0;:DISP:ENAB ON;:DISP:LINE """";:DISP:WIND:TEXT1:DATA:FMSD:DATA 1e-009;:DISP:WIND:TEXT2:DATA:FMSD:DATA 1e-009;:FORM:ASC:LONG ON;:FORM:BORD NORM;:FORM:DATA ASC,64;:FREQ:CW 300;:FUNC:DEV1:MODE OFF;:FUNC:DEV1:REF:VAL 0;:FUNC:DEV2:MODE OFF;:FUNC:DEV2:REF:VAL 0;:FUNC:IMP:TYPE LSRS;:FUNC:SMON:IDC:STAT OFF;:FUNC:SMON:VDC:STAT OFF;:INIT:CONT OFF;:LIST:MODE SEQ;:LIST:STIM:TYPE FREQ,NONE;:SOUR:DCS:VOLT:LEV 0;:TRIG:DEL 0;:TRIG:SOUR INT;:TRIG:TDEL 0;:VOLT:LEV 1;:DISP:WIND:TEXT1:DATA:FMSD:STAT OFF;:DISP:WIND:TEXT2:DATA:FMSD:STAT OFF;:FUNC:DCR:RANG:VAL 100;:FUNC:IMP:RANG:VAL 10;:OUTP:DC:ISOL:LEV:VAL 0.02;:OUTP:DC:ISOL:STAT OFF;:FUNC:DCR:RANG:AUTO ON;:FUNC:IMP:RANG:AUTO ON;:OUTP:DC:ISOL:LEV:AUTO ON;:DISP:PAGE MEASurement;
"
500.0,-9.846430496e-08,9.998797625,0.00911024,0.0910918
500.0,-1.094108449e-07,9.998744489,0.00911013,0.091091
500.0,-1.067135691e-07,9.998754313,0.00911032,0.0910921
500.0,-1.038515963e-07,9.998726343,0.0091102,0.0910904
500.0,-1.062519167e-07,9.998743977,0.00911017,0.0910909
500.0,-9.961870555e-08,9.998779221,0.00911024,0.0910912
500.0,-1.013587453e-07,9.998731864,0.00911026,0.0910913
500.0,-1.017585015e-07,9.998772703,0.00911021,0.0910903
500.0,-1.161477933e-07,9.998695832,0.00911021,0.0910909
500.0,-8.762816993e-08,9.998724117,0.0091101,0.0910907
500.0,-8.144821491e-08,9.99877264,0.00911015,0.0910903
500.0,-1.106186682e-07,9.998752879,0.00911015,0.0910891
500.0,-9.44125481e-08,9.998769907,0.00911017,0.0910907
500.0,-9.641256199e-08,9.998771106,0.00911023,0.0910921
500.0,-1.026656036e-07,9.998770938,0.00911026,0.0910902
500.0,-1.024300342e-07,9.998744636,0.00911019,0.0910906
Freq,500,Rs,9.998753286874999,2.565447207516145e-05,Ls,-1.0119948615875001e-07,8.56277738301696e-09
":SOUR:DCS:STAT OFF;:BIAS:STAT OFF;:COMP:BIN:COUN:CLE;:LIST:CLE:ALL;:COMP:BIN:CLE;:AMPL:ALC OFF;:APER LONG,1;:BIAS:POL:AUTO OFF;:BIAS:RANG:AUTO ON;:BIAS:VOLT:LEV 0;:COMP:ABIN OFF;:COMP:BIN:COUN:STAT OFF;:COMP:MODE PTOL;:COMP:SLIM -9.9e+037,9.9e+037;:COMP:STAT OFF;:COMP:SWAP OFF;:COMP:TOL:NOM 0;:DISP:ENAB ON;:DISP:LINE """";:DISP:WIND:TEXT1:DATA:FMSD:DATA 1e-009;:DISP:WIND:TEXT2:DATA:FMSD:DATA 1e-009;:FORM:ASC:LONG ON;:FORM:BORD NORM;:FORM:DATA ASC,64;:FREQ:CW 500;:FUNC:DEV1:MODE OFF;:FUNC:DEV1:REF:VAL 0;:FUNC:DEV2:MODE OFF;:FUNC:DEV2:REF:VAL 0;:FUNC:IMP:TYPE LSRS;:FUNC:SMON:IDC:STAT OFF;:FUNC:SMON:VDC:STAT OFF;:INIT:CONT OFF;:LIST:MODE SEQ;:LIST:STIM:TYPE FREQ,NONE;:SOUR:DCS:VOLT:LEV 0;:TRIG:DEL 0;:TRIG:SOUR INT;:TRIG:TDEL 0;:VOLT:LEV 1;:DISP:WIND:TEXT1:DATA:FMSD:STAT OFF;:DISP:WIND:TEXT2:DATA:FMSD:STAT OFF;:FUNC:DCR:RANG:VAL 100;:FUNC:IMP:RANG:VAL 10;:OUTP:DC:ISOL:LEV:VAL 0.02;:OUTP:DC:ISOL:STAT OFF;:FUNC:DCR:RANG:AUTO ON;:FUNC:IMP:RANG:AUTO ON;:OUTP:DC:ISOL:LEV:AUTO ON;:DISP:PAGE MEASurement;
"
800.0,-3.946402429e-08,9.998594019,0.00912301,0.0912172
800.0,-3.745618989e-08,9.998606591,0.00912302,0.0912171
800.0,-4.119021196e-08,9.998622174,0.009123,0.0912177
800.0,-3.125914018e-08,9.998628671,0.00912302,0.0912182
800.0,-3.112859084e-08,9.998633397,0.00912309,0.0912185
800.0,-3.676124831e-08,9.998669527,0.00912302,0.0912171
800.0,-3.671197636e-08,9.998597113,0.00912311,0.0912184
800.0,-3.618276633e-08,9.998591152,0.00912312,0.0912187
800.0,-3.941969887e-08,9.998596356,0.00912307,0.091218
800.0,-4.047501297e-08,9.998642793,0.009123,0.091218
800.0,-3.786973213e-08,9.998642332,0.009123,0.0912178
800.0,-3.447354834e-08,9.998606209,0.00912303,0.0912179
800.0,-3.913225842e-08,9.998621841,0.00912309,0.0912188
800.0,-3.936282987e-08,9.998580981,0.00912306,0.091218
800.0,-3.827718135e-08,9.998605969,0.00912311,0.0912171
800.0,-3.903058361e-08,9.998601084,0.00912303,0.0912183
Freq,800,Rs,9.998615013062501,2.3626628746646853e-05,Ls,-3.73871871075e-08,2.9510622950214694e-09
":SOUR:DCS:STAT OFF;:BIAS:STAT OFF;:COMP:BIN:COUN:CLE;:LIST:CLE:ALL;:COMP:BIN:CLE;:AMPL:ALC OFF;:APER LONG,1;:BIAS:POL:AUTO OFF;:BIAS:RANG:AUTO ON;:BIAS:VOLT:LEV 0;:COMP:ABIN OFF;:COMP:BIN:COUN:STAT OFF;:COMP:MODE PTOL;:COMP:SLIM -9.9e+037,9.9e+037;:COMP:STAT OFF;:COMP:SWAP OFF;:COMP:TOL:NOM 0;:DISP:ENAB ON;:DISP:LINE """";:DISP:WIND:TEXT1:DATA:FMSD:DATA 1e-009;:DISP:WIND:TEXT2:DATA:FMSD:DATA 1e-009;:FORM:ASC:LONG ON;:FORM:BORD NORM;:FORM:DATA ASC,64;:FREQ:CW 800;:FUNC:DEV1:MODE OFF;:FUNC:DEV1:REF:VAL 0;:FUNC:DEV2:MODE OFF;:FUNC:DEV2:REF:VAL 0;:FUNC:IMP:TYPE LSRS;:FUNC:SMON:IDC:STAT OFF;:FUNC:SMON:VDC:STAT OFF;:INIT:CONT OFF;:LIST:MODE SEQ;:LIST:STIM:TYPE FREQ,NONE;:SOUR:DCS:VOLT:LEV 0;:TRIG:DEL 0;:TRIG:SOUR INT;:TRIG:TDEL 0;:VOLT:LEV 1;:DISP:WIND:TEXT1:DATA:FMSD:STAT OFF;:DISP:WIND:TEXT2:DATA:FMSD:STAT OFF;:FUNC:DCR:RANG:VAL 100;:FUNC:IMP:RANG:VAL 10;:OUTP:DC:ISOL:LEV:VAL 0.02;:OUTP:DC:ISOL:STAT OFF;:FUNC:DCR:RANG:AUTO ON;:FUNC:IMP:RANG:AUTO ON;:OUTP:DC:ISOL:LEV:AUTO ON;:DISP:PAGE MEASurement;
"
1000.0,3.95401163e-08,9.998517456,0.00909263,0.0909121
1000.0,3.492918129e-08,9.998532291,0.00909246,0.0909116
1000.0,4.252042923e-08,9.998493981,0.00909257,0.0909133
1000.0,3.807616015e-08,9.998517667,0.00909262,0.0909136
1000.0,3.948215725e-08,9.998540183,0.00909255,0.0909117
1000.0,4.055993433e-08,9.998459765,0.00909253,0.0909118
1000.0,3.856263894e-08,9.998501357,0.00909262,0.0909126
1000.0,3.673690453e-08,9.99850763,0.00909265,0.0909132
1000.0,3.990329016e-08,9.998524307,0.0090926,0.0909119
1000.0,4.00740104e-08,9.998515485,0.00909255,0.0909112
1000.0,4.011540896e-08,9.998530359,0.00909259,0.0909125
1000.0,4.340170217e-08,9.998435194,0.00909262,0.0909123
1000.0,4.064145996e-08,9.998480034,0.00909267,0.0909129
1000.0,3.391029074e-08,9.998499507,0.00909275,0.0909133
1000.0,3.917277184e-08,9.998503101,0.0090926,0.0909125
1000.0,4.122164981e-08,9.998536841,0.00909261,0.0909126
Freq,1000,Rs,9.998505947375,2.8450284471527515e-05,Ls,3.930300662875e-08,2.4869472666878026e-09
":SOUR:DCS:STAT OFF;:BIAS:STAT OFF;:COMP:BIN:COUN:CLE;:LIST:CLE:ALL;:COMP:BIN:CLE;:AMPL:ALC OFF;:APER LONG,1;:BIAS:POL:AUTO OFF;:BIAS:RANG:AUTO ON;:BIAS:VOLT:LEV 0;:COMP:ABIN OFF;:COMP:BIN:COUN:STAT OFF;:COMP:MODE PTOL;:COMP:SLIM -9.9e+037,9.9e+037;:COMP:STAT OFF;:COMP:SWAP OFF;:COMP:TOL:NOM 0;:DISP:ENAB ON;:DISP:LINE """";:DISP:WIND:TEXT1:DATA:FMSD:DATA 1e-009;:DISP:WIND:TEXT2:DATA:FMSD:DATA 1e-009;:FORM:ASC:LONG ON;:FORM:BORD NORM;:FORM:DATA ASC,64;:FREQ:CW 1000;:FUNC:DEV1:MODE OFF;:FUNC:DEV1:REF:VAL 0;:FUNC:DEV2:MODE OFF;:FUNC:DEV2:REF:VAL 0;:FUNC:IMP:TYPE LSRS;:FUNC:SMON:IDC:STAT OFF;:FUNC:SMON:VDC:STAT OFF;:INIT:CONT OFF;:LIST:MODE SEQ;:LIST:STIM:TYPE FREQ,NONE;:SOUR:DCS:VOLT:LEV 0;:TRIG:DEL 0;:TRIG:SOUR INT;:TRIG:TDEL 0;:VOLT:LEV 1;:DISP:WIND:TEXT1:DATA:FMSD:STAT OFF;:DISP:WIND:TEXT2:DATA:FMSD:STAT OFF;:FUNC:DCR:RANG:VAL 100;:FUNC:IMP:RANG:VAL 10;:OUTP:DC:ISOL:LEV:VAL 0.02;:OUTP:DC:ISOL:STAT OFF;:FUNC:DCR:RANG:AUTO ON;:FUNC:IMP:RANG:AUTO ON;:OUTP:DC:ISOL:LEV:AUTO ON;:DISP:PAGE MEASurement;
"
1591.5494309189535,2.729772454e-08,9.998986312,0.00915156,0.0915063
1591.5494309189535,2.934757448e-08,9.999014651,0.00915142,0.091505
1591.5494309189535,2.920588873e-08,9.99900438,0.00915156,0.0915068
1591.5494309189535,2.882352063e-08,9.998998651,0.00915158,0.0915057
1591.5494309189535,2.590326315e-08,9.998956219,0.00915157,0.0915063
1591.5494309189535,2.575404433e-08,9.999009086,0.00915158,0.0915062
1591.5494309189535,2.993468699e-08,9.999002257,0.0091516,0.0915067
1591.5494309189535,2.960761935e-08,9.998959693,0.00915161,0.0915066
1591.5494309189535,3.079106127e-08,9.99897718,0.00915159,0.0915066
1591.5494309189535,3.143077664e-08,9.999009637,0.00915157,0.0915068
1591.5494309189535,2.927035426e-08,9.998995421,0.0091515,0.0915064
1591.5494309189535,3.329473075e-08,9.998993173,0.00915149,0.091506
1591.5494309189535,2.965445459e-08,9.998987829,0.00915169,0.0915075
1591.5494309189535,2.872485509e-08,9.998986321,0.00915151,0.0915067
1591.5494309189535,3.05377855e-08,9.998961807,0.0091515,0.091506
1591.5494309189535,3.087552314e-08,9.998971633,0.00915156,0.0915065
Freq,1591.5494309189535,Rs,9.998988390625,1.8575064205773328e-05,Ls,2.9403366464999998e-08,1.930085096605767e-09
":SOUR:DCS:STAT OFF;:BIAS:STAT OFF;:COMP:BIN:COUN:CLE;:LIST:CLE:ALL;:COMP:BIN:CLE;:AMPL:ALC OFF;:APER LONG,1;:BIAS:POL:AUTO OFF;:BIAS:RANG:AUTO ON;:BIAS:VOLT:LEV 0;:COMP:ABIN OFF;:COMP:BIN:COUN:STAT OFF;:COMP:MODE PTOL;:COMP:SLIM -9.9e+037,9.9e+037;:COMP:STAT OFF;:COMP:SWAP OFF;:COMP:TOL:NOM 0;:DISP:ENAB ON;:DISP:LINE """";:DISP:WIND:TEXT1:DATA:FMSD:DATA 1e-009;:DISP:WIND:TEXT2:DATA:FMSD:DATA 1e-009;:FORM:ASC:LONG ON;:FORM:BORD NORM;:FORM:DATA ASC,64;:FREQ:CW 1592;:FUNC:DEV1:MODE OFF;:FUNC:DEV1:REF:VAL 0;:FUNC:DEV2:MODE OFF;:FUNC:DEV2:REF:VAL 0;:FUNC:IMP:TYPE LSRS;:FUNC:SMON:IDC:STAT OFF;:FUNC:SMON:VDC:STAT OFF;:INIT:CONT OFF;:LIST:MODE SEQ;:LIST:STIM:TYPE FREQ,NONE;:SOUR:DCS:VOLT:LEV 0;:TRIG:DEL 0;:TRIG:SOUR INT;:TRIG:TDEL 0;:VOLT:LEV 1;:DISP:WIND:TEXT1:DATA:FMSD:STAT OFF;:DISP:WIND:TEXT2:DATA:FMSD:STAT OFF;:FUNC:DCR:RANG:VAL 100;:FUNC:IMP:RANG:VAL 10;:OUTP:DC:ISOL:LEV:VAL 0.02;:OUTP:DC:ISOL:STAT OFF;:FUNC:DCR:RANG:AUTO ON;:FUNC:IMP:RANG:AUTO ON;:OUTP:DC:ISOL:LEV:AUTO ON;:DISP:PAGE MEASurement;
"
2000.0,1.398785325e-08,9.998652733,0.00914318,0.0914187
2000.0,1.55471807e-08,9.998649402,0.00914323,0.0914195
2000.0,1.696977417e-08,9.99865184,0.00914319,0.0914195
2000.0,1.618236713e-08,9.998665335,0.00914306,0.0914206
2000.0,1.626286628e-08,9.998643381,0.00914327,0.09142
2000.0,1.085273378e-08,9.998654042,0.00914317,0.0914196
2000.0,1.473239537e-08,9.998618156,0.00914322,0.0914197
2000.0,1.5721184e-08,9.998642238,0.00914325,0.0914197
2000.0,1.395383006e-08,9.998604191,0.0091432,0.0914198
2000.0,1.46233057e-08,9.998647828,0.00914327,0.0914205
2000.0,1.510702774e-08,9.998629154,0.00914326,0.0914204
2000.0,1.582259219e-08,9.998661402,0.00914331,0.0914213
2000.0,1.533434078e-08,9.998625896,0.0091433,0.0914207
2000.0,1.492854957e-08,9.998647007,0.00914325,0.0914212
2000.0,1.568166151e-08,9.998648677,0.0091432,0.0914203
2000.0,1.404932753e-08,9.998666764,0.00914329,0.0914203
Freq,2000,Rs,9.998644252875,1.711301213652743e-05,Ls,1.498481186e-08,1.3998651984543098e-09
":SOUR:DCS:STAT OFF;:BIAS:STAT OFF;:COMP:BIN:COUN:CLE;:LIST:CLE:ALL;:COMP:BIN:CLE;:AMPL:ALC OFF;:APER LONG,1;:BIAS:POL:AUTO OFF;:BIAS:RANG:AUTO ON;:BIAS:VOLT:LEV 0;:COMP:ABIN OFF;:COMP:BIN:COUN:STAT OFF;:COMP:MODE PTOL;:COMP:SLIM -9.9e+037,9.9e+037;:COMP:STAT OFF;:COMP:SWAP OFF;:COMP:TOL:NOM 0;:DISP:ENAB ON;:DISP:LINE """";:DISP:WIND:TEXT1:DATA:FMSD:DATA 1e-009;:DISP:WIND:TEXT2:DATA:FMSD:DATA 1e-009;:FORM:ASC:LONG ON;:FORM:BORD NORM;:FORM:DATA ASC,64;:FREQ:CW 2000;:FUNC:DEV1:MODE OFF;:FUNC:DEV1:REF:VAL 0;:FUNC:DEV2:MODE OFF;:FUNC:DEV2:REF:VAL 0;:FUNC:IMP:TYPE LSRS;:FUNC:SMON:IDC:STAT OFF;:FUNC:SMON:VDC:STAT OFF;:INIT:CONT OFF;:LIST:MODE SEQ;:LIST:STIM:TYPE FREQ,NONE;:SOUR:DCS:VOLT:LEV 0;:TRIG:DEL 0;:TRIG:SOUR INT;:TRIG:TDEL 0;:VOLT:LEV 1;:DISP:WIND:TEXT1:DATA:FMSD:STAT OFF;:DISP:WIND:TEXT2:DATA:FMSD:STAT OFF;:FUNC:DCR:RANG:VAL 100;:FUNC:IMP:RANG:VAL 10;:OUTP:DC:ISOL:LEV:VAL 0.02;:OUTP:DC:ISOL:STAT OFF;:FUNC:DCR:RANG:AUTO ON;:FUNC:IMP:RANG:AUTO ON;:OUTP:DC:ISOL:LEV:AUTO ON;:DISP:PAGE MEASurement;
"
3000.0,8.786851377e-09,9.99866902,0.00910685,0.0910562
3000.0,8.618650571e-09,9.998648164,0.00910689,0.0910574
3000.0,9.271508876e-09,9.998684332,0.00910694,0.0910561
3000.0,8.420959044e-09,9.998665982,0.00910682,0.091057
3000.0,8.865579132e-09,9.99870349,0.00910688,0.0910564
3000.0,9.293831792e-09,9.998707632,0.00910685,0.0910569
3000.0,8.90071885e-09,9.998684451,0.00910687,0.0910562
3000.0,8.079036494e-09,9.998705949,0.0091068,0.0910565
3000.0,8.189559308e-09,9.998675247,0.00910688,0.0910573
3000.0,8.663921138e-09,9.998696421,0.00910695,0.0910563
3000.0,7.325831957e-09,9.99866687,0.00910667,0.0910559
3000.0,9.649268428e-09,9.998664488,0.00910687,0.0910563
3000.0,8.325733344e-09,9.998663499,0.00910678,0.0910564
3000.0,7.58596305e-09,9.998702583,0.00910681,0.0910566
3000.0,9.231018595e-09,9.998670424,0.00910684,0.0910552
3000.0,8.22740718e-09,9.998673329,0.00910687,0.0910561
Freq,3000,Rs,9.9986801175625,1.8223330167677684e-05,Ls,8.589739946000001e-09,6.307585575555811e-10
":SOUR:DCS:STAT OFF;:BIAS:STAT OFF;:COMP:BIN:COUN:CLE;:LIST:CLE:ALL;:COMP:BIN:CLE;:AMPL:ALC OFF;:APER LONG,1;:BIAS:POL:AUTO OFF;:BIAS:RANG:AUTO ON;:BIAS:VOLT:LEV 0;:COMP:ABIN OFF;:COMP:BIN:COUN:STAT OFF;:COMP:MODE PTOL;:COMP:SLIM -9.9e+037,9.9e+037;:COMP:STAT OFF;:COMP:SWAP OFF;:COMP:TOL:NOM 0;:DISP:ENAB ON;:DISP:LINE """";:DISP:WIND:TEXT1:DATA:FMSD:DATA 1e-009;:DISP:WIND:TEXT2:DATA:FMSD:DATA 1e-009;:FORM:ASC:LONG ON;:FORM:BORD NORM;:FORM:DATA ASC,64;:FREQ:CW 3000;:FUNC:DEV1:MODE OFF;:FUNC:DEV1:REF:VAL 0;:FUNC:DEV2:MODE OFF;:FUNC:DEV2:REF:VAL 0;:FUNC:IMP:TYPE LSRS;:FUNC:SMON:IDC:STAT OFF;:FUNC:SMON:VDC:STAT OFF;:INIT:CONT OFF;:LIST:MODE SEQ;:LIST:STIM:TYPE FREQ,NONE;:SOUR:DCS:VOLT:LEV 0;:TRIG:DEL 0;:TRIG:SOUR INT;:TRIG:TDEL 0;:VOLT:LEV 1;:DISP:WIND:TEXT1:DATA:FMSD:STAT OFF;:DISP:WIND:TEXT2:DATA:FMSD:STAT OFF;:FUNC:DCR:RANG:VAL 100;:FUNC:IMP:RANG:VAL 10;:OUTP:DC:ISOL:LEV:VAL 0.02;:OUTP:DC:ISOL:STAT OFF;:FUNC:DCR:RANG:AUTO ON;:FUNC:IMP:RANG:AUTO ON;:OUTP:DC:ISOL:LEV:AUTO ON;:DISP:PAGE MEASurement;
"
4000.0,7.916070981e-09,9.998865597,0.00910944,0.0910847
4000.0,6.497701704e-09,9.998884117,0.00910946,0.0910838
4000.0,7.570855774e-09,9.998873632,0.00910946,0.0910849
4000.0,6.791070616e-09,9.998878778,0.00910944,0.0910849
4000.0,8.035779288e-09,9.998864219,0.00910935,0.0910835
4000.0,6.983197562e-09,9.998902149,0.00910942,0.0910844
4000.0,7.473771194e-09,9.998858649,0.00910943,0.0910841
4000.0,8.147347546e-09,9.998885143,0.0091095,0.0910836
4000.0,6.769842798e-09,9.998909044,0.00910946,0.0910837
4000.0,8.198704498e-09,9.998880906,0.00910941,0.0910828
4000.0,7.797110462e-09,9.998866938,0.00910936,0.0910839
4000.0,7.342009695e-09,9.998878926,0.00910945,0.0910841
4000.0,7.869463914e-09,9.998891246,0.00910952,0.0910838
4000.0,8.895899959e-09,9.998923486,0.00910942,0.0910843
4000.0,7.588006861e-09,9.998909943,0.00910934,0.0910834
4000.0,8.575895691e-09,9.998872133,0.0091095,0.0910838
Freq,4000,Rs,9.998884056625,1.8649748984245976e-05,Ls,7.653295533937499e-09,6.667386854428134e-10
":SOUR:DCS:STAT OFF;:BIAS:STAT OFF;:COMP:BIN:COUN:CLE;:LIST:CLE:ALL;:COMP:BIN:CLE;:AMPL:ALC OFF;:APER LONG,1;:BIAS:POL:AUTO OFF;:BIAS:RANG:AUTO ON;:BIAS:VOLT:LEV 0;:COMP:ABIN OFF;:COMP:BIN:COUN:STAT OFF;:COMP:MODE PTOL;:COMP:SLIM -9.9e+037,9.9e+037;:COMP:STAT OFF;:COMP:SWAP OFF;:COMP:TOL:NOM 0;:DISP:ENAB ON;:DISP:LINE """";:DISP:WIND:TEXT1:DATA:FMSD:DATA 1e-009;:DISP:WIND:TEXT2:DATA:FMSD:DATA 1e-009;:FORM:ASC:LONG ON;:FORM:BORD NORM;:FORM:DATA ASC,64;:FREQ:CW 4000;:FUNC:DEV1:MODE OFF;:FUNC:DEV1:REF:VAL 0;:FUNC:DEV2:MODE OFF;:FUNC:DEV2:REF:VAL 0;:FUNC:IMP:TYPE LSRS;:FUNC:SMON:IDC:STAT OFF;:FUNC:SMON:VDC:STAT OFF;:INIT:CONT OFF;:LIST:MODE SEQ;:LIST:STIM:TYPE FREQ,NONE;:SOUR:DCS:VOLT:LEV 0;:TRIG:DEL 0;:TRIG:SOUR INT;:TRIG:TDEL 0;:VOLT:LEV 1;:DISP:WIND:TEXT1:DATA:FMSD:STAT OFF;:DISP:WIND:TEXT2:DATA:FMSD:STAT OFF;:FUNC:DCR:RANG:VAL 100;:FUNC:IMP:RANG:VAL 10;:OUTP:DC:ISOL:LEV:VAL 0.02;:OUTP:DC:ISOL:STAT OFF;:FUNC:DCR:RANG:AUTO ON;:FUNC:IMP:RANG:AUTO ON;:OUTP:DC:ISOL:LEV:AUTO ON;:DISP:PAGE MEASurement;
"
5000.0,6.062458603e-09,9.998701185,0.009098,0.0909682
5000.0,6.52621473e-09,9.998748458,0.00909785,0.0909669
5000.0,6.248553314e-09,9.99869525,0.00909781,0.0909664
5000.0,6.153564643e-09,9.998725669,0.00909785,0.090967
5000.0,5.434166517e-09,9.998673132,0.00909788,0.0909672
5000.0,5.268280023e-09,9.998721678,0.00909782,0.0909669
5000.0,6.011825959e-09,9.998674603,0.00909775,0.0909675
5000.0,6.258124417e-09,9.998718926,0.00909786,0.0909674
5000.0,6.544446852e-09,9.998693533,0.00909779,0.0909665
5000.0,6.563688564e-09,9.998765518,0.00909786,0.0909671
5000.0,6.231033755e-09,9.998722396,0.00909781,0.0909668
5000.0,6.076912233e-09,9.998703238,0.00909774,0.0909666
5000.0,6.256309124e-09,9.998678509,0.00909789,0.0909663
5000.0,5.919649537e-09,9.998706785,0.00909776,0.0909666
5000.0,6.533807491e-09,9.998693068,0.00909791,0.0909672
5000.0,6.138435026e-09,9.998692794,0.00909785,0.0909665
Freq,5000,Rs,9.998707171375,2.563537214068445e-05,Ls,6.13921692425e-09,3.6770789829711193e-10
":SOUR:DCS:STAT OFF;:BIAS:STAT OFF;:COMP:BIN:COUN:CLE;:LIST:CLE:ALL;:COMP:BIN:CLE;:AMPL:ALC OFF;:APER LONG,1;:BIAS:POL:AUTO OFF;:BIAS:RANG:AUTO ON;:BIAS:VOLT:LEV 0;:COMP:ABIN OFF;:COMP:BIN:COUN:STAT OFF;:COMP:MODE PTOL;:COMP:SLIM -9.9e+037,9.9e+037;:COMP:STAT OFF;:COMP:SWAP OFF;:COMP:TOL:NOM 0;:DISP:ENAB ON;:DISP:LINE """";:DISP:WIND:TEXT1:DATA:FMSD:DATA 1e-009;:DISP:WIND:TEXT2:DATA:FMSD:DATA 1e-009;:FORM:ASC:LONG ON;:FORM:BORD NORM;:FORM:DATA ASC,64;:FREQ:CW 5000;:FUNC:DEV1:MODE OFF;:FUNC:DEV1:REF:VAL 0;:FUNC:DEV2:MODE OFF;:FUNC:DEV2:REF:VAL 0;:FUNC:IMP:TYPE LSRS;:FUNC:SMON:IDC:STAT OFF;:FUNC:SMON:VDC:STAT OFF;:INIT:CONT OFF;:LIST:MODE SEQ;:LIST:STIM:TYPE FREQ,NONE;:SOUR:DCS:VOLT:LEV 0;:TRIG:DEL 0;:TRIG:SOUR INT;:TRIG:TDEL 0;:VOLT:LEV 1;:DISP:WIND:TEXT1:DATA:FMSD:STAT OFF;:DISP:WIND:TEXT2:DATA:FMSD:STAT OFF;:FUNC:DCR:RANG:VAL 100;:FUNC:IMP:RANG:VAL 10;:OUTP:DC:ISOL:LEV:VAL 0.02;:OUTP:DC:ISOL:STAT OFF;:FUNC:DCR:RANG:AUTO ON;:FUNC:IMP:RANG:AUTO ON;:OUTP:DC:ISOL:LEV:AUTO ON;:DISP:PAGE MEASurement;
"
8000.0,5.677689143e-09,9.998703092,0.00910607,0.0910483
8000.0,5.408263809e-09,9.998744777,0.00910601,0.0910478
8000.0,5.400943175e-09,9.998726477,0.00910607,0.0910484
8000.0,5.962511519e-09,9.998692625,0.00910604,0.0910492
8000.0,5.393216274e-09,9.998690132,0.00910609,0.0910474
8000.0,5.507246354e-09,9.998713994,0.00910594,0.0910483
8000.0,5.395986411e-09,9.998715294,0.00910606,0.0910484
8000.0,5.286882435e-09,9.99867831,0.009106,0.0910479
8000.0,5.75386052e-09,9.998689345,0.00910593,0.0910487
8000.0,5.30683608e-09,9.998715989,0.00910606,0.0910488
8000.0,5.798287322e-09,9.998717802,0.00910605,0.0910492
8000.0,5.748133247e-09,9.998737622,0.00910605,0.0910485
8000.0,5.012994172e-09,9.998697741,0.00910603,0.0910477
8000.0,6.176352724e-09,9.998672638,0.00910602,0.0910471
8000.0,5.420895714e-09,9.998710863,0.0091061,0.091049
8000.0,5.149182053e-09,9.998661187,0.00910606,0.0910482
Freq,8000,Rs,9.998704243,2.3035081442546414e-05,Ls,5.5249550595e-09,3.0525492507637656e-10
":SOUR:DCS:STAT OFF;:BIAS:STAT OFF;:COMP:BIN:COUN:CLE;:LIST:CLE:ALL;:COMP:BIN:CLE;:AMPL:ALC OFF;:APER LONG,1;:BIAS:POL:AUTO OFF;:BIAS:RANG:AUTO ON;:BIAS:VOLT:LEV 0;:COMP:ABIN OFF;:COMP:BIN:COUN:STAT OFF;:COMP:MODE PTOL;:COMP:SLIM -9.9e+037,9.9e+037;:COMP:STAT OFF;:COMP:SWAP OFF;:COMP:TOL:NOM 0;:DISP:ENAB ON;:DISP:LINE """";:DISP:WIND:TEXT1:DATA:FMSD:DATA 1e-009;:DISP:WIND:TEXT2:DATA:FMSD:DATA 1e-009;:FORM:ASC:LONG ON;:FORM:BORD NORM;:FORM:DATA ASC,64;:FREQ:CW 8000;:FUNC:DEV1:MODE OFF;:FUNC:DEV1:REF:VAL 0;:FUNC:DEV2:MODE OFF;:FUNC:DEV2:REF:VAL 0;:FUNC:IMP:TYPE LSRS;:FUNC:SMON:IDC:STAT OFF;:FUNC:SMON:VDC:STAT OFF;:INIT:CONT OFF;:LIST:MODE SEQ;:LIST:STIM:TYPE FREQ,NONE;:SOUR:DCS:VOLT:LEV 0;:TRIG:DEL 0;:TRIG:SOUR INT;:TRIG:TDEL 0;:VOLT:LEV 1;:DISP:WIND:TEXT1:DATA:FMSD:STAT OFF;:DISP:WIND:TEXT2:DATA:FMSD:STAT OFF;:FUNC:DCR:RANG:VAL 100;:FUNC:IMP:RANG:VAL 10;:OUTP:DC:ISOL:LEV:VAL 0.02;:OUTP:DC:ISOL:STAT OFF;:FUNC:DCR:RANG:AUTO ON;:FUNC:IMP:RANG:AUTO ON;:OUTP:DC:ISOL:LEV:AUTO ON;:DISP:PAGE MEASurement;
"
10000.0,4.876963311e-09,9.998788421,0.00910579,0.0910476
10000.0,4.508849039e-09,9.998780596,0.00910578,0.0910465
10000.0,4.399755275e-09,9.998779515,0.00910584,0.0910473
10000.0,4.456670164e-09,9.998769506,0.00910587,0.0910482
10000.0,4.999117573e-09,9.998803727,0.00910585,0.0910469
10000.0,4.218635737e-09,9.99877827,0.00910593,0.091048
10000.0,4.952588478e-09,9.998789247,0.00910596,0.0910475
10000.0,4.784057952e-09,9.998815241,0.00910589,0.0910466
10000.0,4.572028127e-09,9.998789547,0.0091058,0.091047
10000.0,4.67747109e-09,9.998794746,0.00910593,0.0910479
10000.0,4.677210189e-09,9.998822938,0.00910593,0.0910478
10000.0,4.602290855e-09,9.998786667,0.00910582,0.0910477
10000.0,4.36308167e-09,9.998796039,0.009106,0.091049
10000.0,4.643970126e-09,9.998782896,0.00910579,0.0910471
10000.0,4.832992264e-09,9.998773022,0.00910586,0.0910475
10000.0,4.842345133e-09,9.998792739,0.00910587,0.0910481
Freq,10000,Rs,9.9987901948125,1.4342013820615018e-05,Ls,4.6505016864375e-09,2.2384703480646327e-10
":SOUR:DCS:STAT OFF;:BIAS:STAT OFF;:COMP:BIN:COUN:CLE;:LIST:CLE:ALL;:COMP:BIN:CLE;:AMPL:ALC OFF;:APER LONG,1;:BIAS:POL:AUTO OFF;:BIAS:RANG:AUTO ON;:BIAS:VOLT:LEV 0;:COMP:ABIN OFF;:COMP:BIN:COUN:STAT OFF;:COMP:MODE PTOL;:COMP:SLIM -9.9e+037,9.9e+037;:COMP:STAT OFF;:COMP:SWAP OFF;:COMP:TOL:NOM 0;:DISP:ENAB ON;:DISP:LINE """";:DISP:WIND:TEXT1:DATA:FMSD:DATA 1e-009;:DISP:WIND:TEXT2:DATA:FMSD:DATA 1e-009;:FORM:ASC:LONG ON;:FORM:BORD NORM;:FORM:DATA ASC,64;:FREQ:CW 10000;:FUNC:DEV1:MODE OFF;:FUNC:DEV1:REF:VAL 0;:FUNC:DEV2:MODE OFF;:FUNC:DEV2:REF:VAL 0;:FUNC:IMP:TYPE LSRS;:FUNC:SMON:IDC:STAT OFF;:FUNC:SMON:VDC:STAT OFF;:INIT:CONT OFF;:LIST:MODE SEQ;:LIST:STIM:TYPE FREQ,NONE;:SOUR:DCS:VOLT:LEV 0;:TRIG:DEL 0;:TRIG:SOUR INT;:TRIG:TDEL 0;:VOLT:LEV 1;:DISP:WIND:TEXT1:DATA:FMSD:STAT OFF;:DISP:WIND:TEXT2:DATA:FMSD:STAT OFF;:FUNC:DCR:RANG:VAL 100;:FUNC:IMP:RANG:VAL 10;:OUTP:DC:ISOL:LEV:VAL 0.02;:OUTP:DC:ISOL:STAT OFF;:FUNC:DCR:RANG:AUTO ON;:FUNC:IMP:RANG:AUTO ON;:OUTP:DC:ISOL:LEV:AUTO ON;:DISP:PAGE MEASurement;
"
15000.0,4.009342623e-09,9.998744922,0.00910323,0.0910209
15000.0,3.417590283e-09,9.998736204,0.00910326,0.0910209
15000.0,4.388276138e-09,9.99872893,0.00910335,0.0910202
15000.0,3.897122483e-09,9.998791764,0.00910335,0.0910198
15000.0,3.494254731e-09,9.998726539,0.00910322,0.0910203
15000.0,3.780103183e-09,9.998729944,0.00910336,0.091021
15000.0,3.878796405e-09,9.998716244,0.00910327,0.0910204
15000.0,3.799407627e-09,9.998677624,0.00910322,0.0910211
15000.0,4.224131282e-09,9.998737154,0.00910333,0.0910211
15000.0,3.790011396e-09,9.998739467,0.0091033,0.0910219
15000.0,4.084906026e-09,9.998730646,0.00910327,0.0910216
15000.0,3.754705526e-09,9.998686678,0.00910322,0.0910216
15000.0,3.820164666e-09,9.99874022,0.00910343,0.091021
15000.0,4.019004843e-09,9.998724504,0.0091033,0.0910206
15000.0,4.052517387e-09,9.998682007,0.00910326,0.0910222
15000.0,3.548080045e-09,9.99871392,0.00910325,0.0910214
Freq,15000,Rs,9.9987254229375,2.7569210503637694e-05,Ls,3.87240091525e-09,2.5827462031892386e-10
":SOUR:DCS:STAT OFF;:BIAS:STAT OFF;:COMP:BIN:COUN:CLE;:LIST:CLE:ALL;:COMP:BIN:CLE;:AMPL:ALC OFF;:APER LONG,1;:BIAS:POL:AUTO OFF;:BIAS:RANG:AUTO ON;:BIAS:VOLT:LEV 0;:COMP:ABIN OFF;:COMP:BIN:COUN:STAT OFF;:COMP:MODE PTOL;:COMP:SLIM -9.9e+037,9.9e+037;:COMP:STAT OFF;:COMP:SWAP OFF;:COMP:TOL:NOM 0;:DISP:ENAB ON;:DISP:LINE """";:DISP:WIND:TEXT1:DATA:FMSD:DATA 1e-009;:DISP:WIND:TEXT2:DATA:FMSD:DATA 1e-009;:FORM:ASC:LONG ON;:FORM:BORD NORM;:FORM:DATA ASC,64;:FREQ:CW 15000;:FUNC:DEV1:MODE OFF;:FUNC:DEV1:REF:VAL 0;:FUNC:DEV2:MODE OFF;:FUNC:DEV2:REF:VAL 0;:FUNC:IMP:TYPE LSRS;:FUNC:SMON:IDC:STAT OFF;:FUNC:SMON:VDC:STAT OFF;:INIT:CONT OFF;:LIST:MODE SEQ;:LIST:STIM:TYPE FREQ,NONE;:SOUR:DCS:VOLT:LEV 0;:TRIG:DEL 0;:TRIG:SOUR INT;:TRIG:TDEL 0;:VOLT:LEV 1;:DISP:WIND:TEXT1:DATA:FMSD:STAT OFF;:DISP:WIND:TEXT2:DATA:FMSD:STAT OFF;:FUNC:DCR:RANG:VAL 100;:FUNC:IMP:RANG:VAL 10;:OUTP:DC:ISOL:LEV:VAL 0.02;:OUTP:DC:ISOL:STAT OFF;:FUNC:DCR:RANG:AUTO ON;:FUNC:IMP:RANG:AUTO ON;:OUTP:DC:ISOL:LEV:AUTO ON;:DISP:PAGE MEASurement;
"
20000.0,4.14247505e-09,9.998730037,0.00911565,0.0911443
20000.0,3.775425056e-09,9.998712492,0.00911561,0.0911442
20000.0,3.661537655e-09,9.998699641,0.00911564,0.0911444
20000.0,3.519037013e-09,9.998680513,0.00911561,0.0911449
20000.0,3.616010709e-09,9.998676884,0.0091157,0.0911455
20000.0,3.869581863e-09,9.998702291,0.00911554,0.0911437
20000.0,3.457322805e-09,9.9986869,0.00911551,0.0911432
20000.0,3.701469821e-09,9.998686772,0.00911572,0.0911456
20000.0,3.948218232e-09,9.998710476,0.00911573,0.091146
20000.0,3.58584267e-09,9.998696882,0.00911566,0.091144
20000.0,3.883362051e-09,9.998720999,0.0091156,0.0911454
20000.0,4.093506827e-09,9.998689971,0.00911571,0.0911456
20000.0,3.743162437e-09,9.998681964,0.00911575,0.0911459
20000.0,3.783109606e-09,9.998739803,0.0091157,0.0911457
20000.0,3.600939583e-09,9.998729034,0.00911557,0.0911448
20000.0,3.679255848e-09,9.998701735,0.00911555,0.0911444
Freq,20000,Rs,9.998702899625,1.9332827400992532e-05,Ls,3.753766076625e-09,1.9429890002053546e-10
":SOUR:DCS:STAT OFF;:BIAS:STAT OFF;:COMP:BIN:COUN:CLE;:LIST:CLE:ALL;:COMP:BIN:CLE;:AMPL:ALC OFF;:APER LONG,1;:BIAS:POL:AUTO OFF;:BIAS:RANG:AUTO ON;:BIAS:VOLT:LEV 0;:COMP:ABIN OFF;:COMP:BIN:COUN:STAT OFF;:COMP:MODE PTOL;:COMP:SLIM -9.9e+037,9.9e+037;:COMP:STAT OFF;:COMP:SWAP OFF;:COMP:TOL:NOM 0;:DISP:ENAB ON;:DISP:LINE """";:DISP:WIND:TEXT1:DATA:FMSD:DATA 1e-009;:DISP:WIND:TEXT2:DATA:FMSD:DATA 1e-009;:FORM:ASC:LONG ON;:FORM:BORD NORM;:FORM:DATA ASC,64;:FREQ:CW 20000;:FUNC:DEV1:MODE OFF;:FUNC:DEV1:REF:VAL 0;:FUNC:DEV2:MODE OFF;:FUNC:DEV2:REF:VAL 0;:FUNC:IMP:TYPE LSRS;:FUNC:SMON:IDC:STAT OFF;:FUNC:SMON:VDC:STAT OFF;:INIT:CONT OFF;:LIST:MODE SEQ;:LIST:STIM:TYPE FREQ,NONE;:SOUR:DCS:VOLT:LEV 0;:TRIG:DEL 0;:TRIG:SOUR INT;:TRIG:TDEL 0;:VOLT:LEV 1;:DISP:WIND:TEXT1:DATA:FMSD:STAT OFF;:DISP:WIND:TEXT2:DATA:FMSD:STAT OFF;:FUNC:DCR:RANG:VAL 100;:FUNC:IMP:RANG:VAL 10;:OUTP:DC:ISOL:LEV:VAL 0.02;:OUTP:DC:ISOL:STAT OFF;:FUNC:DCR:RANG:AUTO ON;:FUNC:IMP:RANG:AUTO ON;:OUTP:DC:ISOL:LEV:AUTO ON;:DISP:PAGE MEASurement;
"
30000.0,3.912181521e-09,9.998742377,0.00910707,0.0910578
30000.0,4.228008321e-09,9.998736513,0.00910702,0.0910589
30000.0,4.477952492e-09,9.998707502,0.00910709,0.091059
30000.0,4.12922889e-09,9.998704713,0.00910697,0.09106
30000.0,4.286737449e-09,9.998757437,0.009107,0.0910578
30000.0,4.407326271e-09,9.998713434,0.00910708,0.0910596
30000.0,4.330040931e-09,9.998730788,0.00910704,0.0910598
30000.0,4.008579096e-09,9.998715934,0.00910711,0.0910607
30000.0,4.055942638e-09,9.998752155,0.00910711,0.0910592
30000.0,4.008890725e-09,9.998758739,0.00910711,0.0910591
30000.0,4.321812207e-09,9.998797175,0.00910716,0.0910598
30000.0,4.40924033e-09,9.998683905,0.00910727,0.0910609
30000.0,4.041199497e-09,9.998721646,0.00910723,0.0910599
30000.0,4.446724688e-09,9.998733179,0.00910721,0.0910591
30000.0,4.01527132e-09,9.998736313,0.00910706,0.0910588
30000.0,4.263784951e-09,9.998709303,0.00910721,0.0910601
Freq,30000,Rs,9.9987313195625,2.7130739397523852e-05,Ls,4.2089325829375e-09,1.8418332944136861e-10
":SOUR:DCS:STAT OFF;:BIAS:STAT OFF;:COMP:BIN:COUN:CLE;:LIST:CLE:ALL;:COMP:BIN:CLE;:AMPL:ALC OFF;:APER LONG,1;:BIAS:POL:AUTO OFF;:BIAS:RANG:AUTO ON;:BIAS:VOLT:LEV 0;:COMP:ABIN OFF;:COMP:BIN:COUN:STAT OFF;:COMP:MODE PTOL;:COMP:SLIM -9.9e+037,9.9e+037;:COMP:STAT OFF;:COMP:SWAP OFF;:COMP:TOL:NOM 0;:DISP:ENAB ON;:DISP:LINE """";:DISP:WIND:TEXT1:DATA:FMSD:DATA 1e-009;:DISP:WIND:TEXT2:DATA:FMSD:DATA 1e-009;:FORM:ASC:LONG ON;:FORM:BORD NORM;:FORM:DATA ASC,64;:FREQ:CW 30000;:FUNC:DEV1:MODE OFF;:FUNC:DEV1:REF:VAL 0;:FUNC:DEV2:MODE OFF;:FUNC:DEV2:REF:VAL 0;:FUNC:IMP:TYPE LSRS;:FUNC:SMON:IDC:STAT OFF;:FUNC:SMON:VDC:STAT OFF;:INIT:CONT OFF;:LIST:MODE SEQ;:LIST:STIM:TYPE FREQ,NONE;:SOUR:DCS:VOLT:LEV 0;:TRIG:DEL 0;:TRIG:SOUR INT;:TRIG:TDEL 0;:VOLT:LEV 1;:DISP:WIND:TEXT1:DATA:FMSD:STAT OFF;:DISP:WIND:TEXT2:DATA:FMSD:STAT OFF;:FUNC:DCR:RANG:VAL 100;:FUNC:IMP:RANG:VAL 10;:OUTP:DC:ISOL:LEV:VAL 0.02;:OUTP:DC:ISOL:STAT OFF;:FUNC:DCR:RANG:AUTO ON;:FUNC:IMP:RANG:AUTO ON;:OUTP:DC:ISOL:LEV:AUTO ON;:DISP:PAGE MEASurement;
"
":SOUR:DCS:STAT OFF;:BIAS:STAT OFF;:COMP:BIN:COUN:CLE;:LIST:CLE:ALL;:COMP:BIN:CLE;:AMPL:ALC OFF;:APER LONG,1;:BIAS:POL:AUTO OFF;:BIAS:RANG:AUTO ON;:BIAS:VOLT:LEV 0;:COMP:ABIN OFF;:COMP:BIN:COUN:STAT OFF;:COMP:MODE PTOL;:COMP:SLIM -9.9e+037,9.9e+037;:COMP:STAT OFF;:COMP:SWAP OFF;:COMP:TOL:NOM 0;:DISP:ENAB ON;:DISP:LINE """";:DISP:WIND:TEXT1:DATA:FMSD:DATA 1e-009;:DISP:WIND:TEXT2:DATA:FMSD:DATA 1e-009;:FORM:ASC:LONG ON;:FORM:BORD NORM;:FORM:DATA ASC,64;:FREQ:CW 30000;:FUNC:DEV1:MODE OFF;:FUNC:DEV1:REF:VAL 0;:FUNC:DEV2:MODE OFF;:FUNC:DEV2:REF:VAL 0;:FUNC:IMP:TYPE LSRS;:FUNC:SMON:IDC:STAT OFF;:FUNC:SMON:VDC:STAT OFF;:INIT:CONT OFF;:LIST:MODE SEQ;:LIST:STIM:TYPE FREQ,NONE;:SOUR:DCS:VOLT:LEV 0;:TRIG:DEL 0;:TRIG:SOUR INT;:TRIG:TDEL 0;:VOLT:LEV 1;:DISP:WIND:TEXT1:DATA:FMSD:STAT OFF;:DISP:WIND:TEXT2:DATA:FMSD:STAT OFF;:FUNC:DCR:RANG:VAL 100;:FUNC:IMP:RANG:VAL 10;:OUTP:DC:ISOL:LEV:VAL 0.02;:OUTP:DC:ISOL:STAT OFF;:FUNC:DCR:RANG:AUTO ON;:FUNC:IMP:RANG:AUTO ON;:OUTP:DC:ISOL:LEV:AUTO ON;:DISP:PAGE MEASurement;
"
2024-04-19,11:54:24
---------run finished---------
lcr name:,KeySight E4980A
Name and description of Resistor under test: ,42036A 100 ohm no lead
2024-04-19,11:56:56
select the freq range,"[20, 30, 40, 50, 70, 100, 200, 300, 500, 800, 1000, 1591.5494309189535, 2000, 3000, 4000, 5000, 8000, 10000, 15000, 20000, 30000]"
20.0,-0.000140422373,100.0309489,0.00499745,0.499892
20.0,-0.0001308839391,100.0309767,0.00499735,0.499887
20.0,-0.0001425783065,100.0309824,0.00499741,0.499892
20.0,-0.0001365170633,100.0313375,0.00499736,0.499891
20.0,-0.0001424421329,100.0316342,0.00499729,0.499885
20.0,-0.0001316355493,100.0318441,0.00499733,0.499893
20.0,-0.0001343159477,100.0304631,0.00499735,0.499879
20.0,-0.0001350509637,100.031604,0.00499724,0.499882
20.0,-0.0001368497098,100.0307839,0.0049973,0.499887
20.0,-0.0001412518276,100.03193,0.00499724,0.499892
20.0,-0.0001372227245,100.0314554,0.00499724,0.499885
20.0,-0.0001369807842,100.0311566,0.00499726,0.499876
20.0,-0.0001352645808,100.0311297,0.00499724,0.499884
20.0,-0.0001370603677,100.0303979,0.00499715,0.49987
20.0,-0.0001348193927,100.0311533,0.00499727,0.499875
20.0,-0.0001399450149,100.0313772,0.00499714,0.49988
Freq,20,Rs,100.03119843125,0.00044300503792294403,Ls,-0.00013707754235625,3.505847217517262e-06
":SOUR:DCS:STAT OFF;:BIAS:STAT OFF;:COMP:BIN:COUN:CLE;:LIST:CLE:ALL;:COMP:BIN:CLE;:AMPL:ALC OFF;:APER LONG,1;:BIAS:POL:AUTO OFF;:BIAS:RANG:AUTO ON;:BIAS:VOLT:LEV 0;:COMP:ABIN OFF;:COMP:BIN:COUN:STAT OFF;:COMP:MODE PTOL;:COMP:SLIM -9.9e+037,9.9e+037;:COMP:STAT OFF;:COMP:SWAP OFF;:COMP:TOL:NOM 0;:DISP:ENAB ON;:DISP:LINE """";:DISP:WIND:TEXT1:DATA:FMSD:DATA 1e-009;:DISP:WIND:TEXT2:DATA:FMSD:DATA 1e-009;:FORM:ASC:LONG ON;:FORM:BORD NORM;:FORM:DATA ASC,64;:FREQ:CW 20;:FUNC:DEV1:MODE OFF;:FUNC:DEV1:REF:VAL 0;:FUNC:DEV2:MODE OFF;:FUNC:DEV2:REF:VAL 0;:FUNC:IMP:TYPE LSRS;:FUNC:SMON:IDC:STAT OFF;:FUNC:SMON:VDC:STAT OFF;:INIT:CONT OFF;:LIST:MODE SEQ;:LIST:STIM:TYPE FREQ,NONE;:SOUR:DCS:VOLT:LEV 0;:TRIG:DEL 0;:TRIG:SOUR INT;:TRIG:TDEL 0;:VOLT:LEV 1;:DISP:WIND:TEXT1:DATA:FMSD:STAT OFF;:DISP:WIND:TEXT2:DATA:FMSD:STAT OFF;:FUNC:DCR:RANG:VAL 100;:FUNC:IMP:RANG:VAL 100;:OUTP:DC:ISOL:LEV:VAL 0.02;:OUTP:DC:ISOL:STAT OFF;:FUNC:DCR:RANG:AUTO ON;:FUNC:IMP:RANG:AUTO ON;:OUTP:DC:ISOL:LEV:AUTO ON;:DISP:PAGE MEASurement;
"
30.0,-6.822879363e-05,100.0254444,0.00499919,0.500049
30.0,-7.203559277e-05,100.0265063,0.00499919,0.500045
30.0,-6.692307149e-05,100.0267961,0.00499923,0.500053
30.0,-6.92949114e-05,100.0259623,0.00499923,0.500052
30.0,-6.993518704e-05,100.0264779,0.0049992,0.500048
30.0,-6.859794542e-05,100.0259629,0.00499904,0.500059
30.0,-6.806560628e-05,100.0269495,0.00499915,0.500059
30.0,-6.856761534e-05,100.0272631,0.00499916,0.500053
30.0,-6.801464762e-05,100.0267359,0.00499915,0.500053
30.0,-7.008576529e-05,100.027125,0.00499926,0.500049
30.0,-6.908249368e-05,100.0258235,0.00499921,0.500051
30.0,-6.744468699e-05,100.0264131,0.00499921,0.50005
30.0,-6.854954096e-05,100.0259295,0.00499922,0.500048
30.0,-7.213731821e-05,100.0262177,0.00499918,0.50006
30.0,-6.852792963e-05,100.0258116,0.00499918,0.500048
30.0,-7.399004041e-05,100.0262614,0.00499914,0.500054
Freq,30,Rs,100.0263550125,0.0005212541259629144,Ls,-6.9342571635e-05,1.9004107463159622e-06
":SOUR:DCS:STAT OFF;:BIAS:STAT OFF;:COMP:BIN:COUN:CLE;:LIST:CLE:ALL;:COMP:BIN:CLE;:AMPL:ALC OFF;:APER LONG,1;:BIAS:POL:AUTO OFF;:BIAS:RANG:AUTO ON;:BIAS:VOLT:LEV 0;:COMP:ABIN OFF;:COMP:BIN:COUN:STAT OFF;:COMP:MODE PTOL;:COMP:SLIM -9.9e+037,9.9e+037;:COMP:STAT OFF;:COMP:SWAP OFF;:COMP:TOL:NOM 0;:DISP:ENAB ON;:DISP:LINE """";:DISP:WIND:TEXT1:DATA:FMSD:DATA 1e-009;:DISP:WIND:TEXT2:DATA:FMSD:DATA 1e-009;:FORM:ASC:LONG ON;:FORM:BORD NORM;:FORM:DATA ASC,64;:FREQ:CW 30;:FUNC:DEV1:MODE OFF;:FUNC:DEV1:REF:VAL 0;:FUNC:DEV2:MODE OFF;:FUNC:DEV2:REF:VAL 0;:FUNC:IMP:TYPE LSRS;:FUNC:SMON:IDC:STAT OFF;:FUNC:SMON:VDC:STAT OFF;:INIT:CONT OFF;:LIST:MODE SEQ;:LIST:STIM:TYPE FREQ,NONE;:SOUR:DCS:VOLT:LEV 0;:TRIG:DEL 0;:TRIG:SOUR INT;:TRIG:TDEL 0;:VOLT:LEV 1;:DISP:WIND:TEXT1:DATA:FMSD:STAT OFF;:DISP:WIND:TEXT2:DATA:FMSD:STAT OFF;:FUNC:DCR:RANG:VAL 100;:FUNC:IMP:RANG:VAL 100;:OUTP:DC:ISOL:LEV:VAL 0.02;:OUTP:DC:ISOL:STAT OFF;:FUNC:DCR:RANG:AUTO ON;:FUNC:IMP:RANG:AUTO ON;:OUTP:DC:ISOL:LEV:AUTO ON;:DISP:PAGE MEASurement;
"
40.0,-4.590828018e-05,100.0248073,0.00499872,0.5
40.0,-4.383922176e-05,100.0246001,0.0049987,0.499992
40.0,-4.375055963e-05,100.024439,0.00499874,0.500001
40.0,-4.072292605e-05,100.0247766,0.00499871,0.499992
40.0,-4.176514944e-05,100.0241936,0.00499878,0.499994
40.0,-4.366936821e-05,100.0247504,0.00499882,0.499998
40.0,-4.290501941e-05,100.0245829,0.00499869,0.499996
40.0,-4.565769401e-05,100.0245062,0.00499869,0.499996
40.0,-4.269039112e-05,100.0246002,0.00499869,0.499998
40.0,-4.343960262e-05,100.0247577,0.0049988,0.499997
40.0,-4.14790667e-05,100.0245098,0.00499873,0.499995
40.0,-4.477472639e-05,100.02372,0.00499875,0.499994
40.0,-4.432553176e-05,100.0246921,0.0049987,0.499997
40.0,-4.13512551e-05,100.0248982,0.00499878,0.499994
40.0,-4.034078182e-05,100.0248245,0.00499879,0.499996
40.0,-4.327955997e-05,100.0244109,0.00499874,0.499991
Freq,40,Rs,100.02456684375,0.00029101369032698195,Ls,-4.3118695885625e-05,1.6554481898493433e-06
":SOUR:DCS:STAT OFF;:BIAS:STAT OFF;:COMP:BIN:COUN:CLE;:LIST:CLE:ALL;:COMP:BIN:CLE;:AMPL:ALC OFF;:APER LONG,1;:BIAS:POL:AUTO OFF;:BIAS:RANG:AUTO ON;:BIAS:VOLT:LEV 0;:COMP:ABIN OFF;:COMP:BIN:COUN:STAT OFF;:COMP:MODE PTOL;:COMP:SLIM -9.9e+037,9.9e+037;:COMP:STAT OFF;:COMP:SWAP OFF;:COMP:TOL:NOM 0;:DISP:ENAB ON;:DISP:LINE """";:DISP:WIND:TEXT1:DATA:FMSD:DATA 1e-009;:DISP:WIND:TEXT2:DATA:FMSD:DATA 1e-009;:FORM:ASC:LONG ON;:FORM:BORD NORM;:FORM:DATA ASC,64;:FREQ:CW 40;:FUNC:DEV1:MODE OFF;:FUNC:DEV1:REF:VAL 0;:FUNC:DEV2:MODE OFF;:FUNC:DEV2:REF:VAL 0;:FUNC:IMP:TYPE LSRS;:FUNC:SMON:IDC:STAT OFF;:FUNC:SMON:VDC:STAT OFF;:INIT:CONT OFF;:LIST:MODE SEQ;:LIST:STIM:TYPE FREQ,NONE;:SOUR:DCS:VOLT:LEV 0;:TRIG:DEL 0;:TRIG:SOUR INT;:TRIG:TDEL 0;:VOLT:LEV 1;:DISP:WIND:TEXT1:DATA:FMSD:STAT OFF;:DISP:WIND:TEXT2:DATA:FMSD:STAT OFF;:FUNC:DCR:RANG:VAL 100;:FUNC:IMP:RANG:VAL 100;:OUTP:DC:ISOL:LEV:VAL 0.02;:OUTP:DC:ISOL:STAT OFF;:FUNC:DCR:RANG:AUTO ON;:FUNC:IMP:RANG:AUTO ON;:OUTP:DC:ISOL:LEV:AUTO ON;:DISP:PAGE MEASurement;
"
50.0,-2.958549046e-05,100.0200857,0.00501431,0.501536
50.0,-2.882305175e-05,100.0200646,0.00501427,0.501535
50.0,-2.912901678e-05,100.0205037,0.00501437,0.501542
50.0,-2.796749811e-05,100.0206025,0.00501435,0.501533
50.0,-2.773590966e-05,100.020288,0.00501427,0.501534
50.0,-2.803377733e-05,100.0201899,0.00501434,0.50154
50.0,-2.91992841e-05,100.0199146,0.00501441,0.50154
50.0,-3.141669567e-05,100.0196246,0.00501434,0.50154
50.0,-3.028667872e-05,100.0194732,0.00501439,0.50154
50.0,-2.970340209e-05,100.0204833,0.00501439,0.50154
50.0,-3.052821018e-05,100.0197457,0.00501439,0.501543
50.0,-2.975407803e-05,100.0199819,0.00501438,0.50154
50.0,-2.74117987e-05,100.0207873,0.00501444,0.501542
50.0,-2.974626938e-05,100.0199785,0.00501438,0.501542
50.0,-2.920842866e-05,100.0201007,0.00501438,0.501536
50.0,-2.84014948e-05,100.020037,0.00501448,0.501541
Freq,50,Rs,100.020116325,0.0003546701838792407,Ls,-2.9183192776250002e-05,1.0913854649780199e-06
":SOUR:DCS:STAT OFF;:BIAS:STAT OFF;:COMP:BIN:COUN:CLE;:LIST:CLE:ALL;:COMP:BIN:CLE;:AMPL:ALC OFF;:APER LONG,1;:BIAS:POL:AUTO OFF;:BIAS:RANG:AUTO ON;:BIAS:VOLT:LEV 0;:COMP:ABIN OFF;:COMP:BIN:COUN:STAT OFF;:COMP:MODE PTOL;:COMP:SLIM -9.9e+037,9.9e+037;:COMP:STAT OFF;:COMP:SWAP OFF;:COMP:TOL:NOM 0;:DISP:ENAB ON;:DISP:LINE """";:DISP:WIND:TEXT1:DATA:FMSD:DATA 1e-009;:DISP:WIND:TEXT2:DATA:FMSD:DATA 1e-009;:FORM:ASC:LONG ON;:FORM:BORD NORM;:FORM:DATA ASC,64;:FREQ:CW 50;:FUNC:DEV1:MODE OFF;:FUNC:DEV1:REF:VAL 0;:FUNC:DEV2:MODE OFF;:FUNC:DEV2:REF:VAL 0;:FUNC:IMP:TYPE LSRS;:FUNC:SMON:IDC:STAT OFF;:FUNC:SMON:VDC:STAT OFF;:INIT:CONT OFF;:LIST:MODE SEQ;:LIST:STIM:TYPE FREQ,NONE;:SOUR:DCS:VOLT:LEV 0;:TRIG:DEL 0;:TRIG:SOUR INT;:TRIG:TDEL 0;:VOLT:LEV 1;:DISP:WIND:TEXT1:DATA:FMSD:STAT OFF;:DISP:WIND:TEXT2:DATA:FMSD:STAT OFF;:FUNC:DCR:RANG:VAL 100;:FUNC:IMP:RANG:VAL 100;:OUTP:DC:ISOL:LEV:VAL 0.02;:OUTP:DC:ISOL:STAT OFF;:FUNC:DCR:RANG:AUTO ON;:FUNC:IMP:RANG:AUTO ON;:OUTP:DC:ISOL:LEV:AUTO ON;:DISP:PAGE MEASurement;
"
70.0,-1.480972324e-05,100.0195309,0.00501302,0.501404
70.0,-1.456571798e-05,100.0194546,0.00501307,0.501398
70.0,-1.467777189e-05,100.0192641,0.0050131,0.501409
70.0,-1.364050258e-05,100.0194019,0.00501311,0.50141
70.0,-1.396676124e-05,100.0193019,0.00501304,0.501401
70.0,-1.401813324e-05,100.0190177,0.00501307,0.501406
70.0,-1.432250328e-05,100.0191908,0.00501303,0.501399
70.0,-1.336182946e-05,100.0191153,0.00501306,0.501403
70.0,-1.397390019e-05,100.0191221,0.00501311,0.501396
70.0,-1.362677932e-05,100.0186792,0.00501301,0.501406
70.0,-1.355763589e-05,100.0193952,0.00501304,0.5014
70.0,-1.432738324e-05,100.0196358,0.00501305,0.501402
70.0,-1.425998308e-05,100.0194211,0.00501303,0.501399
70.0,-1.39096337e-05,100.0194719,0.005013,0.501399
70.0,-1.375485138e-05,100.0191401,0.00501297,0.5014
70.0,-1.401690776e-05,100.0193784,0.00501305,0.501398
Freq,70,Rs,100.0192825625,0.00023445739876164757,Ls,-1.4049376091875e-05,4.17690395889372e-07
":SOUR:DCS:STAT OFF;:BIAS:STAT OFF;:COMP:BIN:COUN:CLE;:LIST:CLE:ALL;:COMP:BIN:CLE;:AMPL:ALC OFF;:APER LONG,1;:BIAS:POL:AUTO OFF;:BIAS:RANG:AUTO ON;:BIAS:VOLT:LEV 0;:COMP:ABIN OFF;:COMP:BIN:COUN:STAT OFF;:COMP:MODE PTOL;:COMP:SLIM -9.9e+037,9.9e+037;:COMP:STAT OFF;:COMP:SWAP OFF;:COMP:TOL:NOM 0;:DISP:ENAB ON;:DISP:LINE """";:DISP:WIND:TEXT1:DATA:FMSD:DATA 1e-009;:DISP:WIND:TEXT2:DATA:FMSD:DATA 1e-009;:FORM:ASC:LONG ON;:FORM:BORD NORM;:FORM:DATA ASC,64;:FREQ:CW 70;:FUNC:DEV1:MODE OFF;:FUNC:DEV1:REF:VAL 0;:FUNC:DEV2:MODE OFF;:FUNC:DEV2:REF:VAL 0;:FUNC:IMP:TYPE LSRS;:FUNC:SMON:IDC:STAT OFF;:FUNC:SMON:VDC:STAT OFF;:INIT:CONT OFF;:LIST:MODE SEQ;:LIST:STIM:TYPE FREQ,NONE;:SOUR:DCS:VOLT:LEV 0;:TRIG:DEL 0;:TRIG:SOUR INT;:TRIG:TDEL 0;:VOLT:LEV 1;:DISP:WIND:TEXT1:DATA:FMSD:STAT OFF;:DISP:WIND:TEXT2:DATA:FMSD:STAT OFF;:FUNC:DCR:RANG:VAL 100;:FUNC:IMP:RANG:VAL 100;:OUTP:DC:ISOL:LEV:VAL 0.02;:OUTP:DC:ISOL:STAT OFF;:FUNC:DCR:RANG:AUTO ON;:FUNC:IMP:RANG:AUTO ON;:OUTP:DC:ISOL:LEV:AUTO ON;:DISP:PAGE MEASurement;
"
100.0,-7.485517448e-06,100.0190389,0.0050097,0.501068
100.0,-7.833253904e-06,100.0188303,0.00500978,0.501073
100.0,-7.453507125e-06,100.0195854,0.00500969,0.501073
100.0,-7.675452999e-06,100.0188935,0.00500974,0.501069
100.0,-6.967287128e-06,100.0191221,0.00500976,0.501067
100.0,-7.336533347e-06,100.0195263,0.00500972,0.501064
100.0,-7.231823918e-06,100.0195384,0.00500975,0.501068
100.0,-8.004609506e-06,100.018787,0.00500978,0.501071
100.0,-7.701113759e-06,100.0189711,0.00500985,0.501068
100.0,-7.273047483e-06,100.0191224,0.00500972,0.501066
100.0,-8.070697702e-06,100.0192807,0.00500977,0.501075
100.0,-7.18442479e-06,100.0189058,0.00500974,0.501065
100.0,-8.026633151e-06,100.0190807,0.00500974,0.501074
100.0,-7.895035416e-06,100.018702,0.00500973,0.501069
100.0,-7.184811064e-06,100.0191404,0.0050097,0.50107
100.0,-7.328555955e-06,100.0190624,0.00500976,0.501075
Freq,100,Rs,100.01909921250001,0.00026788131171392543,Ls,-7.5407690434375e-06,3.4967063346890373e-07
":SOUR:DCS:STAT OFF;:BIAS:STAT OFF;:COMP:BIN:COUN:CLE;:LIST:CLE:ALL;:COMP:BIN:CLE;:AMPL:ALC OFF;:APER LONG,1;:BIAS:POL:AUTO OFF;:BIAS:RANG:AUTO ON;:BIAS:VOLT:LEV 0;:COMP:ABIN OFF;:COMP:BIN:COUN:STAT OFF;:COMP:MODE PTOL;:COMP:SLIM -9.9e+037,9.9e+037;:COMP:STAT OFF;:COMP:SWAP OFF;:COMP:TOL:NOM 0;:DISP:ENAB ON;:DISP:LINE """";:DISP:WIND:TEXT1:DATA:FMSD:DATA 1e-009;:DISP:WIND:TEXT2:DATA:FMSD:DATA 1e-009;:FORM:ASC:LONG ON;:FORM:BORD NORM;:FORM:DATA ASC,64;:FREQ:CW 100;:FUNC:DEV1:MODE OFF;:FUNC:DEV1:REF:VAL 0;:FUNC:DEV2:MODE OFF;:FUNC:DEV2:REF:VAL 0;:FUNC:IMP:TYPE LSRS;:FUNC:SMON:IDC:STAT OFF;:FUNC:SMON:VDC:STAT OFF;:INIT:CONT OFF;:LIST:MODE SEQ;:LIST:STIM:TYPE FREQ,NONE;:SOUR:DCS:VOLT:LEV 0;:TRIG:DEL 0;:TRIG:SOUR INT;:TRIG:TDEL 0;:VOLT:LEV 1;:DISP:WIND:TEXT1:DATA:FMSD:STAT OFF;:DISP:WIND:TEXT2:DATA:FMSD:STAT OFF;:FUNC:DCR:RANG:VAL 100;:FUNC:IMP:RANG:VAL 100;:OUTP:DC:ISOL:LEV:VAL 0.02;:OUTP:DC:ISOL:STAT OFF;:FUNC:DCR:RANG:AUTO ON;:FUNC:IMP:RANG:AUTO ON;:OUTP:DC:ISOL:LEV:AUTO ON;:DISP:PAGE MEASurement;
"
200.0,-6.894055099e-06,100.0219152,0.00500478,0.500592
200.0,-6.614825935e-06,100.0217395,0.00500479,0.500591
200.0,-6.551399636e-06,100.0218366,0.00500479,0.50059
200.0,-6.447696171e-06,100.0216348,0.00500483,0.500589
200.0,-6.834354911e-06,100.0215742,0.00500485,0.500593
200.0,-6.681539641e-06,100.0215652,0.00500481,0.500592
200.0,-6.690057319e-06,100.021384,0.00500481,0.50059
200.0,-6.75830826e-06,100.0214403,0.00500484,0.500601
200.0,-6.617810797e-06,100.021602,0.00500483,0.500591
200.0,-6.774491761e-06,100.0211022,0.00500485,0.500595
200.0,-6.928937135e-06,100.0218024,0.00500485,0.500587
200.0,-6.781246573e-06,100.0213617,0.00500482,0.500589
200.0,-6.473589865e-06,100.0215812,0.00500486,0.50059
200.0,-6.780839248e-06,100.0216654,0.00500485,0.500598
200.0,-6.688464197e-06,100.0210443,0.00500487,0.50059
200.0,-6.67411525e-06,100.021389,0.00500487,0.500599
Freq,200,Rs,100.021539875,0.0002443650261386714,Ls,-6.699483237375e-06,1.3722358657702165e-07
":SOUR:DCS:STAT OFF;:BIAS:STAT OFF;:COMP:BIN:COUN:CLE;:LIST:CLE:ALL;:COMP:BIN:CLE;:AMPL:ALC OFF;:APER LONG,1;:BIAS:POL:AUTO OFF;:BIAS:RANG:AUTO ON;:BIAS:VOLT:LEV 0;:COMP:ABIN OFF;:COMP:BIN:COUN:STAT OFF;:COMP:MODE PTOL;:COMP:SLIM -9.9e+037,9.9e+037;:COMP:STAT OFF;:COMP:SWAP OFF;:COMP:TOL:NOM 0;:DISP:ENAB ON;:DISP:LINE """";:DISP:WIND:TEXT1:DATA:FMSD:DATA 1e-009;:DISP:WIND:TEXT2:DATA:FMSD:DATA 1e-009;:FORM:ASC:LONG ON;:FORM:BORD NORM;:FORM:DATA ASC,64;:FREQ:CW 200;:FUNC:DEV1:MODE OFF;:FUNC:DEV1:REF:VAL 0;:FUNC:DEV2:MODE OFF;:FUNC:DEV2:REF:VAL 0;:FUNC:IMP:TYPE LSRS;:FUNC:SMON:IDC:STAT OFF;:FUNC:SMON:VDC:STAT OFF;:INIT:CONT OFF;:LIST:MODE SEQ;:LIST:STIM:TYPE FREQ,NONE;:SOUR:DCS:VOLT:LEV 0;:TRIG:DEL 0;:TRIG:SOUR INT;:TRIG:TDEL 0;:VOLT:LEV 1;:DISP:WIND:TEXT1:DATA:FMSD:STAT OFF;:DISP:WIND:TEXT2:DATA:FMSD:STAT OFF;:FUNC:DCR:RANG:VAL 100;:FUNC:IMP:RANG:VAL 100;:OUTP:DC:ISOL:LEV:VAL 0.02;:OUTP:DC:ISOL:STAT OFF;:FUNC:DCR:RANG:AUTO ON;:FUNC:IMP:RANG:AUTO ON;:OUTP:DC:ISOL:LEV:AUTO ON;:DISP:PAGE MEASurement;
"
300.0,-2.898909431e-06,100.021013,0.00500462,0.500563
300.0,-2.97129743e-06,100.0208076,0.00500454,0.500563
300.0,-2.901066075e-06,100.0208858,0.00500464,0.500562
300.0,-2.766415219e-06,100.0209644,0.00500452,0.500558
300.0,-2.913295744e-06,100.0210739,0.00500457,0.500559
300.0,-2.970182093e-06,100.0210788,0.00500454,0.500562
300.0,-2.816606369e-06,100.0206489,0.00500461,0.50055
300.0,-3.111532861e-06,100.0208264,0.00500457,0.50056
300.0,-2.956659883e-06,100.0207591,0.00500462,0.500564
300.0,-2.987391822e-06,100.020909,0.00500452,0.500562
300.0,-2.829184853e-06,100.0209536,0.00500458,0.500569
300.0,-2.866237748e-06,100.0208008,0.00500458,0.500563
300.0,-2.81461209e-06,100.0206357,0.00500459,0.500562
300.0,-2.79260126e-06,100.0206299,0.00500458,0.500565
300.0,-2.98881997e-06,100.0210415,0.00500466,0.500563
300.0,-2.816294553e-06,100.0211264,0.0050046,0.500565
Freq,300,Rs,100.020884675,0.000163158820375624,Ls,-2.9000692125625003e-06,9.325840068162501e-08
":SOUR:DCS:STAT OFF;:BIAS:STAT OFF;:COMP:BIN:COUN:CLE;:LIST:CLE:ALL;:COMP:BIN:CLE;:AMPL:ALC OFF;:APER LONG,1;:BIAS:POL:AUTO OFF;:BIAS:RANG:AUTO ON;:BIAS:VOLT:LEV 0;:COMP:ABIN OFF;:COMP:BIN:COUN:STAT OFF;:COMP:MODE PTOL;:COMP:SLIM -9.9e+037,9.9e+037;:COMP:STAT OFF;:COMP:SWAP OFF;:COMP:TOL:NOM 0;:DISP:ENAB ON;:DISP:LINE """";:DISP:WIND:TEXT1:DATA:FMSD:DATA 1e-009;:DISP:WIND:TEXT2:DATA:FMSD:DATA 1e-009;:FORM:ASC:LONG ON;:FORM:BORD NORM;:FORM:DATA ASC,64;:FREQ:CW 300;:FUNC:DEV1:MODE OFF;:FUNC:DEV1:REF:VAL 0;:FUNC:DEV2:MODE OFF;:FUNC:DEV2:REF:VAL 0;:FUNC:IMP:TYPE LSRS;:FUNC:SMON:IDC:STAT OFF;:FUNC:SMON:VDC:STAT OFF;:INIT:CONT OFF;:LIST:MODE SEQ;:LIST:STIM:TYPE FREQ,NONE;:SOUR:DCS:VOLT:LEV 0;:TRIG:DEL 0;:TRIG:SOUR INT;:TRIG:TDEL 0;:VOLT:LEV 1;:DISP:WIND:TEXT1:DATA:FMSD:STAT OFF;:DISP:WIND:TEXT2:DATA:FMSD:STAT OFF;:FUNC:DCR:RANG:VAL 100;:FUNC:IMP:RANG:VAL 100;:OUTP:DC:ISOL:LEV:VAL 0.02;:OUTP:DC:ISOL:STAT OFF;:FUNC:DCR:RANG:AUTO ON;:FUNC:IMP:RANG:AUTO ON;:OUTP:DC:ISOL:LEV:AUTO ON;:DISP:PAGE MEASurement;
"
500.0,-1.102344732e-06,100.0201837,0.00500685,0.500789
500.0,-1.091087974e-06,100.0199652,0.00500682,0.500777
500.0,-1.108604297e-06,100.0198496,0.00500688,0.500786
500.0,-9.77622245e-07,100.0200289,0.00500676,0.500782
500.0,-1.046385165e-06,100.019938,0.00500681,0.500783
500.0,-1.072908447e-06,100.0200843,0.00500682,0.500789
500.0,-1.148063475e-06,100.0200922,0.00500686,0.500783
500.0,-1.079993819e-06,100.0200882,0.00500684,0.500778
500.0,-1.061677463e-06,100.0204668,0.00500684,0.500785
500.0,-1.082254877e-06,100.0202374,0.00500683,0.500786
500.0,-1.067441488e-06,100.0203132,0.00500682,0.500781
500.0,-1.088391522e-06,100.0198741,0.00500682,0.500791
500.0,-1.129549993e-06,100.0201345,0.00500683,0.50078
500.0,-1.143971938e-06,100.0199835,0.00500682,0.50078
500.0,-1.19845121e-06,100.0200377,0.00500685,0.500782
500.0,-1.12949359e-06,100.0202153,0.00500683,0.500783
Freq,500,Rs,100.0200932875,0.00016345145609667869,Ls,-1.0955151396875e-06,4.9986571976273904e-08
":SOUR:DCS:STAT OFF;:BIAS:STAT OFF;:COMP:BIN:COUN:CLE;:LIST:CLE:ALL;:COMP:BIN:CLE;:AMPL:ALC OFF;:APER LONG,1;:BIAS:POL:AUTO OFF;:BIAS:RANG:AUTO ON;:BIAS:VOLT:LEV 0;:COMP:ABIN OFF;:COMP:BIN:COUN:STAT OFF;:COMP:MODE PTOL;:COMP:SLIM -9.9e+037,9.9e+037;:COMP:STAT OFF;:COMP:SWAP OFF;:COMP:TOL:NOM 0;:DISP:ENAB ON;:DISP:LINE """";:DISP:WIND:TEXT1:DATA:FMSD:DATA 1e-009;:DISP:WIND:TEXT2:DATA:FMSD:DATA 1e-009;:FORM:ASC:LONG ON;:FORM:BORD NORM;:FORM:DATA ASC,64;:FREQ:CW 500;:FUNC:DEV1:MODE OFF;:FUNC:DEV1:REF:VAL 0;:FUNC:DEV2:MODE OFF;:FUNC:DEV2:REF:VAL 0;:FUNC:IMP:TYPE LSRS;:FUNC:SMON:IDC:STAT OFF;:FUNC:SMON:VDC:STAT OFF;:INIT:CONT OFF;:LIST:MODE SEQ;:LIST:STIM:TYPE FREQ,NONE;:SOUR:DCS:VOLT:LEV 0;:TRIG:DEL 0;:TRIG:SOUR INT;:TRIG:TDEL 0;:VOLT:LEV 1;:DISP:WIND:TEXT1:DATA:FMSD:STAT OFF;:DISP:WIND:TEXT2:DATA:FMSD:STAT OFF;:FUNC:DCR:RANG:VAL 100;:FUNC:IMP:RANG:VAL 100;:OUTP:DC:ISOL:LEV:VAL 0.02;:OUTP:DC:ISOL:STAT OFF;:FUNC:DCR:RANG:AUTO ON;:FUNC:IMP:RANG:AUTO ON;:OUTP:DC:ISOL:LEV:AUTO ON;:DISP:PAGE MEASurement;
"
800.0,-4.652040275e-07,100.0187388,0.0050138,0.501476
800.0,-4.487980215e-07,100.0188327,0.00501383,0.501479
800.0,-4.800901918e-07,100.0190777,0.00501379,0.50147
800.0,-4.319590972e-07,100.0189325,0.00501383,0.501472
800.0,-4.40963507e-07,100.0190081,0.00501382,0.501477
800.0,-4.319907923e-07,100.0191345,0.00501385,0.501479
800.0,-4.187586486e-07,100.0193344,0.00501388,0.501482
800.0,-4.709810245e-07,100.018958,0.00501387,0.501477
800.0,-4.530862029e-07,100.0188266,0.00501387,0.501484
800.0,-5.15656644e-07,100.019007,0.00501386,0.501481
800.0,-4.905422944e-07,100.0191268,0.00501382,0.501473
800.0,-4.718950954e-07,100.0192055,0.00501387,0.501483
800.0,-4.222268822e-07,100.0191889,0.00501382,0.50148
800.0,-4.889031749e-07,100.0188889,0.00501389,0.501479
800.0,-5.200196901e-07,100.0189773,0.00501388,0.501487
800.0,-4.819095153e-07,100.0187784,0.00501384,0.501488
Freq,800,Rs,100.01900100625,0.00016824755756157826,Ls,-4.645615506e-07,3.113654419540879e-08
":SOUR:DCS:STAT OFF;:BIAS:STAT OFF;:COMP:BIN:COUN:CLE;:LIST:CLE:ALL;:COMP:BIN:CLE;:AMPL:ALC OFF;:APER LONG,1;:BIAS:POL:AUTO OFF;:BIAS:RANG:AUTO ON;:BIAS:VOLT:LEV 0;:COMP:ABIN OFF;:COMP:BIN:COUN:STAT OFF;:COMP:MODE PTOL;:COMP:SLIM -9.9e+037,9.9e+037;:COMP:STAT OFF;:COMP:SWAP OFF;:COMP:TOL:NOM 0;:DISP:ENAB ON;:DISP:LINE """";:DISP:WIND:TEXT1:DATA:FMSD:DATA 1e-009;:DISP:WIND:TEXT2:DATA:FMSD:DATA 1e-009;:FORM:ASC:LONG ON;:FORM:BORD NORM;:FORM:DATA ASC,64;:FREQ:CW 800;:FUNC:DEV1:MODE OFF;:FUNC:DEV1:REF:VAL 0;:FUNC:DEV2:MODE OFF;:FUNC:DEV2:REF:VAL 0;:FUNC:IMP:TYPE LSRS;:FUNC:SMON:IDC:STAT OFF;:FUNC:SMON:VDC:STAT OFF;:INIT:CONT OFF;:LIST:MODE SEQ;:LIST:STIM:TYPE FREQ,NONE;:SOUR:DCS:VOLT:LEV 0;:TRIG:DEL 0;:TRIG:SOUR INT;:TRIG:TDEL 0;:VOLT:LEV 1;:DISP:WIND:TEXT1:DATA:FMSD:STAT OFF;:DISP:WIND:TEXT2:DATA:FMSD:STAT OFF;:FUNC:DCR:RANG:VAL 100;:FUNC:IMP:RANG:VAL 100;:OUTP:DC:ISOL:LEV:VAL 0.02;:OUTP:DC:ISOL:STAT OFF;:FUNC:DCR:RANG:AUTO ON;:FUNC:IMP:RANG:AUTO ON;:OUTP:DC:ISOL:LEV:AUTO ON;:DISP:PAGE MEASurement;
"
1000.0,3.172134986e-07,100.0187372,0.0049972,0.499813
1000.0,3.038698303e-07,100.0186214,0.00499713,0.499813
1000.0,2.806551079e-07,100.0187211,0.00499716,0.499811
1000.0,2.714425056e-07,100.0186358,0.00499718,0.499815
1000.0,3.197082397e-07,100.0188124,0.00499716,0.499808
1000.0,3.339201243e-07,100.0183725,0.00499712,0.499808
1000.0,3.220400519e-07,100.0187341,0.00499718,0.499812
1000.0,2.675960491e-07,100.0186952,0.00499716,0.499811
1000.0,3.128989951e-07,100.0186142,0.00499715,0.499804
1000.0,3.110983351e-07,100.0186169,0.00499716,0.499806
1000.0,2.918970502e-07,100.0185315,0.0049972,0.49981
1000.0,2.745476928e-07,100.0189537,0.00499721,0.499818
1000.0,3.046967961e-07,100.0188071,0.00499719,0.499813
1000.0,3.266902993e-07,100.0186073,0.00499718,0.49981
1000.0,3.235079663e-07,100.0185799,0.00499712,0.49981
1000.0,3.096056314e-07,100.0184211,0.00499716,0.499811
Freq,1000,Rs,100.0186538375,0.0001456948860925125,Ls,3.0446176085625004e-07,2.103908651846148e-08
":SOUR:DCS:STAT OFF;:BIAS:STAT OFF;:COMP:BIN:COUN:CLE;:LIST:CLE:ALL;:COMP:BIN:CLE;:AMPL:ALC OFF;:APER LONG,1;:BIAS:POL:AUTO OFF;:BIAS:RANG:AUTO ON;:BIAS:VOLT:LEV 0;:COMP:ABIN OFF;:COMP:BIN:COUN:STAT OFF;:COMP:MODE PTOL;:COMP:SLIM -9.9e+037,9.9e+037;:COMP:STAT OFF;:COMP:SWAP OFF;:COMP:TOL:NOM 0;:DISP:ENAB ON;:DISP:LINE """";:DISP:WIND:TEXT1:DATA:FMSD:DATA 1e-009;:DISP:WIND:TEXT2:DATA:FMSD:DATA 1e-009;:FORM:ASC:LONG ON;:FORM:BORD NORM;:FORM:DATA ASC,64;:FREQ:CW 1000;:FUNC:DEV1:MODE OFF;:FUNC:DEV1:REF:VAL 0;:FUNC:DEV2:MODE OFF;:FUNC:DEV2:REF:VAL 0;:FUNC:IMP:TYPE LSRS;:FUNC:SMON:IDC:STAT OFF;:FUNC:SMON:VDC:STAT OFF;:INIT:CONT OFF;:LIST:MODE SEQ;:LIST:STIM:TYPE FREQ,NONE;:SOUR:DCS:VOLT:LEV 0;:TRIG:DEL 0;:TRIG:SOUR INT;:TRIG:TDEL 0;:VOLT:LEV 1;:DISP:WIND:TEXT1:DATA:FMSD:STAT OFF;:DISP:WIND:TEXT2:DATA:FMSD:STAT OFF;:FUNC:DCR:RANG:VAL 100;:FUNC:IMP:RANG:VAL 100;:OUTP:DC:ISOL:LEV:VAL 0.02;:OUTP:DC:ISOL:STAT OFF;:FUNC:DCR:RANG:AUTO ON;:FUNC:IMP:RANG:AUTO ON;:OUTP:DC:ISOL:LEV:AUTO ON;:DISP:PAGE MEASurement;
"
1591.5494309189535,2.125193822e-07,100.0228333,0.00502947,0.503067
1591.5494309189535,2.148188342e-07,100.0231133,0.00502951,0.503065
1591.5494309189535,2.392652831e-07,100.0234619,0.00502957,0.503065
1591.5494309189535,2.239304025e-07,100.0232257,0.00502953,0.503068
1591.5494309189535,1.859232939e-07,100.0233995,0.0050295,0.503068
1591.5494309189535,2.458369598e-07,100.0230962,0.00502951,0.503071
1591.5494309189535,2.218484213e-07,100.0231507,0.00502954,0.503071
1591.5494309189535,2.193386239e-07,100.0236414,0.00502951,0.503065
1591.5494309189535,2.155917869e-07,100.0231592,0.00502953,0.503073
1591.5494309189535,1.978782806e-07,100.0232541,0.00502947,0.503066
1591.5494309189535,2.211582137e-07,100.0233788,0.00502952,0.503067
1591.5494309189535,2.03576717e-07,100.023245,0.00502948,0.503067
1591.5494309189535,2.180784523e-07,100.0233098,0.00502952,0.50307
1591.5494309189535,2.24448218e-07,100.0230284,0.00502953,0.50307
1591.5494309189535,2.170232795e-07,100.02324,0.0050295,0.503069
1591.5494309189535,1.933683751e-07,100.0232816,0.00502952,0.503068
Freq,1591.5494309189535,Rs,100.02323868124999,0.00018681260563752395,Ls,2.1591278275e-07,1.539738952974804e-08
":SOUR:DCS:STAT OFF;:BIAS:STAT OFF;:COMP:BIN:COUN:CLE;:LIST:CLE:ALL;:COMP:BIN:CLE;:AMPL:ALC OFF;:APER LONG,1;:BIAS:POL:AUTO OFF;:BIAS:RANG:AUTO ON;:BIAS:VOLT:LEV 0;:COMP:ABIN OFF;:COMP:BIN:COUN:STAT OFF;:COMP:MODE PTOL;:COMP:SLIM -9.9e+037,9.9e+037;:COMP:STAT OFF;:COMP:SWAP OFF;:COMP:TOL:NOM 0;:DISP:ENAB ON;:DISP:LINE """";:DISP:WIND:TEXT1:DATA:FMSD:DATA 1e-009;:DISP:WIND:TEXT2:DATA:FMSD:DATA 1e-009;:FORM:ASC:LONG ON;:FORM:BORD NORM;:FORM:DATA ASC,64;:FREQ:CW 1592;:FUNC:DEV1:MODE OFF;:FUNC:DEV1:REF:VAL 0;:FUNC:DEV2:MODE OFF;:FUNC:DEV2:REF:VAL 0;:FUNC:IMP:TYPE LSRS;:FUNC:SMON:IDC:STAT OFF;:FUNC:SMON:VDC:STAT OFF;:INIT:CONT OFF;:LIST:MODE SEQ;:LIST:STIM:TYPE FREQ,NONE;:SOUR:DCS:VOLT:LEV 0;:TRIG:DEL 0;:TRIG:SOUR INT;:TRIG:TDEL 0;:VOLT:LEV 1;:DISP:WIND:TEXT1:DATA:FMSD:STAT OFF;:DISP:WIND:TEXT2:DATA:FMSD:STAT OFF;:FUNC:DCR:RANG:VAL 100;:FUNC:IMP:RANG:VAL 100;:OUTP:DC:ISOL:LEV:VAL 0.02;:OUTP:DC:ISOL:STAT OFF;:FUNC:DCR:RANG:AUTO ON;:FUNC:IMP:RANG:AUTO ON;:OUTP:DC:ISOL:LEV:AUTO ON;:DISP:PAGE MEASurement;
"
2000.0,7.896193973e-08,100.0192583,0.00502489,0.502586
2000.0,9.475170015e-08,100.019657,0.0050248,0.502582
2000.0,8.396414238e-08,100.019667,0.00502484,0.502576
2000.0,6.903554266e-08,100.0195833,0.00502479,0.502578
2000.0,7.202570891e-08,100.0196497,0.00502484,0.502584
2000.0,9.492541878e-08,100.0195901,0.00502483,0.502578
2000.0,1.017237328e-07,100.0193982,0.00502487,0.50259
2000.0,1.029327667e-07,100.0197469,0.00502485,0.502588
2000.0,7.733129477e-08,100.0195218,0.00502482,0.50258
2000.0,9.433296273e-08,100.0195659,0.00502484,0.502583
2000.0,9.384529731e-08,100.0195157,0.00502487,0.502581
2000.0,9.130915524e-08,100.0195589,0.00502493,0.502588
2000.0,7.956212586e-08,100.019479,0.00502482,0.502585
2000.0,9.148860702e-08,100.0196517,0.00502489,0.502582
2000.0,7.72744014e-08,100.0197228,0.00502486,0.502581
2000.0,8.191357711e-08,100.0197312,0.0050249,0.502587
Freq,2000,Rs,100.01958109374999,0.0001289983228232471,Ls,8.658614834687501e-08,1.0392919778583315e-08
":SOUR:DCS:STAT OFF;:BIAS:STAT OFF;:COMP:BIN:COUN:CLE;:LIST:CLE:ALL;:COMP:BIN:CLE;:AMPL:ALC OFF;:APER LONG,1;:BIAS:POL:AUTO OFF;:BIAS:RANG:AUTO ON;:BIAS:VOLT:LEV 0;:COMP:ABIN OFF;:COMP:BIN:COUN:STAT OFF;:COMP:MODE PTOL;:COMP:SLIM -9.9e+037,9.9e+037;:COMP:STAT OFF;:COMP:SWAP OFF;:COMP:TOL:NOM 0;:DISP:ENAB ON;:DISP:LINE """";:DISP:WIND:TEXT1:DATA:FMSD:DATA 1e-009;:DISP:WIND:TEXT2:DATA:FMSD:DATA 1e-009;:FORM:ASC:LONG ON;:FORM:BORD NORM;:FORM:DATA ASC,64;:FREQ:CW 2000;:FUNC:DEV1:MODE OFF;:FUNC:DEV1:REF:VAL 0;:FUNC:DEV2:MODE OFF;:FUNC:DEV2:REF:VAL 0;:FUNC:IMP:TYPE LSRS;:FUNC:SMON:IDC:STAT OFF;:FUNC:SMON:VDC:STAT OFF;:INIT:CONT OFF;:LIST:MODE SEQ;:LIST:STIM:TYPE FREQ,NONE;:SOUR:DCS:VOLT:LEV 0;:TRIG:DEL 0;:TRIG:SOUR INT;:TRIG:TDEL 0;:VOLT:LEV 1;:DISP:WIND:TEXT1:DATA:FMSD:STAT OFF;:DISP:WIND:TEXT2:DATA:FMSD:STAT OFF;:FUNC:DCR:RANG:VAL 100;:FUNC:IMP:RANG:VAL 100;:OUTP:DC:ISOL:LEV:VAL 0.02;:OUTP:DC:ISOL:STAT OFF;:FUNC:DCR:RANG:AUTO ON;:FUNC:IMP:RANG:AUTO ON;:OUTP:DC:ISOL:LEV:AUTO ON;:DISP:PAGE MEASurement;
"
3000.0,5.767816742e-08,100.0196915,0.00500505,0.500604
3000.0,6.265004087e-08,100.0199052,0.00500513,0.50061
3000.0,5.690251366e-08,100.0199652,0.00500508,0.500602
3000.0,6.969264625e-08,100.0198992,0.00500502,0.500603
3000.0,4.523488297e-08,100.0199542,0.00500508,0.500605
3000.0,4.922504895e-08,100.019799,0.00500508,0.500608
3000.0,5.339277387e-08,100.0199412,0.00500502,0.500604
3000.0,5.841322496e-08,100.0200474,0.00500508,0.500607
3000.0,4.984344531e-08,100.0199276,0.00500503,0.500602
3000.0,6.716006644e-08,100.0196022,0.00500507,0.500605
3000.0,7.450945837e-08,100.0201051,0.00500504,0.500599
3000.0,6.533804832e-08,100.0199271,0.00500504,0.500596
3000.0,4.932244296e-08,100.0195816,0.00500505,0.50061
3000.0,5.760542005e-08,100.019757,0.00500499,0.5006
3000.0,4.718402171e-08,100.0195101,0.00500506,0.500604
3000.0,5.312415268e-08,100.0196153,0.00500505,0.500606
Freq,3000,Rs,100.01982680625,0.0001799531956513134,Ls,5.7329772174375005e-08,8.59017742570035e-09
":SOUR:DCS:STAT OFF;:BIAS:STAT OFF;:COMP:BIN:COUN:CLE;:LIST:CLE:ALL;:COMP:BIN:CLE;:AMPL:ALC OFF;:APER LONG,1;:BIAS:POL:AUTO OFF;:BIAS:RANG:AUTO ON;:BIAS:VOLT:LEV 0;:COMP:ABIN OFF;:COMP:BIN:COUN:STAT OFF;:COMP:MODE PTOL;:COMP:SLIM -9.9e+037,9.9e+037;:COMP:STAT OFF;:COMP:SWAP OFF;:COMP:TOL:NOM 0;:DISP:ENAB ON;:DISP:LINE """";:DISP:WIND:TEXT1:DATA:FMSD:DATA 1e-009;:DISP:WIND:TEXT2:DATA:FMSD:DATA 1e-009;:FORM:ASC:LONG ON;:FORM:BORD NORM;:FORM:DATA ASC,64;:FREQ:CW 3000;:FUNC:DEV1:MODE OFF;:FUNC:DEV1:REF:VAL 0;:FUNC:DEV2:MODE OFF;:FUNC:DEV2:REF:VAL 0;:FUNC:IMP:TYPE LSRS;:FUNC:SMON:IDC:STAT OFF;:FUNC:SMON:VDC:STAT OFF;:INIT:CONT OFF;:LIST:MODE SEQ;:LIST:STIM:TYPE FREQ,NONE;:SOUR:DCS:VOLT:LEV 0;:TRIG:DEL 0;:TRIG:SOUR INT;:TRIG:TDEL 0;:VOLT:LEV 1;:DISP:WIND:TEXT1:DATA:FMSD:STAT OFF;:DISP:WIND:TEXT2:DATA:FMSD:STAT OFF;:FUNC:DCR:RANG:VAL 100;:FUNC:IMP:RANG:VAL 100;:OUTP:DC:ISOL:LEV:VAL 0.02;:OUTP:DC:ISOL:STAT OFF;:FUNC:DCR:RANG:AUTO ON;:FUNC:IMP:RANG:AUTO ON;:OUTP:DC:ISOL:LEV:AUTO ON;:DISP:PAGE MEASurement;
"
4000.0,3.468293921e-08,100.0216775,0.00500652,0.500762
4000.0,4.511061903e-08,100.0216543,0.00500649,0.500757
4000.0,4.903491006e-08,100.0218146,0.00500644,0.500753
4000.0,4.583440986e-08,100.0218614,0.00500647,0.500753
4000.0,4.218150486e-08,100.0216276,0.00500642,0.500749
4000.0,5.035442564e-08,100.0216413,0.00500649,0.500756
4000.0,4.214617816e-08,100.021546,0.0050065,0.500759
4000.0,4.086396215e-08,100.0217136,0.00500647,0.50075
4000.0,5.291990217e-08,100.021856,0.0050065,0.500754
4000.0,3.840604805e-08,100.0214851,0.00500646,0.500757
4000.0,5.199805912e-08,100.0215542,0.00500645,0.500756
4000.0,5.437487408e-08,100.0215253,0.00500643,0.500756
4000.0,4.434356893e-08,100.0216749,0.00500644,0.500759
4000.0,5.315700953e-08,100.0215927,0.00500647,0.500749
4000.0,5.266529144e-08,100.0214281,0.00500642,0.500753
4000.0,4.697130368e-08,100.0214789,0.00500651,0.500758
Freq,4000,Rs,100.02163321875,0.00013172303376814498,Ls,4.6565312873125004e-08,5.880866892409671e-09
":SOUR:DCS:STAT OFF;:BIAS:STAT OFF;:COMP:BIN:COUN:CLE;:LIST:CLE:ALL;:COMP:BIN:CLE;:AMPL:ALC OFF;:APER LONG,1;:BIAS:POL:AUTO OFF;:BIAS:RANG:AUTO ON;:BIAS:VOLT:LEV 0;:COMP:ABIN OFF;:COMP:BIN:COUN:STAT OFF;:COMP:MODE PTOL;:COMP:SLIM -9.9e+037,9.9e+037;:COMP:STAT OFF;:COMP:SWAP OFF;:COMP:TOL:NOM 0;:DISP:ENAB ON;:DISP:LINE """";:DISP:WIND:TEXT1:DATA:FMSD:DATA 1e-009;:DISP:WIND:TEXT2:DATA:FMSD:DATA 1e-009;:FORM:ASC:LONG ON;:FORM:BORD NORM;:FORM:DATA ASC,64;:FREQ:CW 4000;:FUNC:DEV1:MODE OFF;:FUNC:DEV1:REF:VAL 0;:FUNC:DEV2:MODE OFF;:FUNC:DEV2:REF:VAL 0;:FUNC:IMP:TYPE LSRS;:FUNC:SMON:IDC:STAT OFF;:FUNC:SMON:VDC:STAT OFF;:INIT:CONT OFF;:LIST:MODE SEQ;:LIST:STIM:TYPE FREQ,NONE;:SOUR:DCS:VOLT:LEV 0;:TRIG:DEL 0;:TRIG:SOUR INT;:TRIG:TDEL 0;:VOLT:LEV 1;:DISP:WIND:TEXT1:DATA:FMSD:STAT OFF;:DISP:WIND:TEXT2:DATA:FMSD:STAT OFF;:FUNC:DCR:RANG:VAL 100;:FUNC:IMP:RANG:VAL 100;:OUTP:DC:ISOL:LEV:VAL 0.02;:OUTP:DC:ISOL:STAT OFF;:FUNC:DCR:RANG:AUTO ON;:FUNC:IMP:RANG:AUTO ON;:OUTP:DC:ISOL:LEV:AUTO ON;:DISP:PAGE MEASurement;
"
5000.0,2.531395714e-08,100.0198851,0.0050002,0.500114
5000.0,2.475919237e-08,100.0199119,0.00500024,0.500116
5000.0,2.504964563e-08,100.0196429,0.00500013,0.500116
5000.0,1.965195137e-08,100.0196488,0.00500016,0.500116
5000.0,2.367020178e-08,100.0199585,0.00500016,0.500115
5000.0,1.567436265e-08,100.0198147,0.00500015,0.500117
5000.0,1.618176788e-08,100.0199107,0.0050002,0.500117
5000.0,2.903663716e-08,100.0195453,0.00500014,0.500119
5000.0,2.141122375e-08,100.0198606,0.00500019,0.500115
5000.0,2.844341684e-08,100.0197182,0.0050001,0.500118
5000.0,2.146847618e-08,100.0198276,0.00500013,0.500109
5000.0,2.440892184e-08,100.0200094,0.00500016,0.500114
5000.0,2.410423637e-08,100.0196656,0.00500012,0.500115
5000.0,3.024318071e-08,100.0199436,0.0050002,0.500113
5000.0,2.467272734e-08,100.0197311,0.00500012,0.500114
5000.0,2.494514859e-08,100.0197297,0.00500014,0.500111
Freq,5000,Rs,100.01980023125,0.00013493625022668797,Ls,2.3689690475e-08,4.082830087810845e-09
":SOUR:DCS:STAT OFF;:BIAS:STAT OFF;:COMP:BIN:COUN:CLE;:LIST:CLE:ALL;:COMP:BIN:CLE;:AMPL:ALC OFF;:APER LONG,1;:BIAS:POL:AUTO OFF;:BIAS:RANG:AUTO ON;:BIAS:VOLT:LEV 0;:COMP:ABIN OFF;:COMP:BIN:COUN:STAT OFF;:COMP:MODE PTOL;:COMP:SLIM -9.9e+037,9.9e+037;:COMP:STAT OFF;:COMP:SWAP OFF;:COMP:TOL:NOM 0;:DISP:ENAB ON;:DISP:LINE """";:DISP:WIND:TEXT1:DATA:FMSD:DATA 1e-009;:DISP:WIND:TEXT2:DATA:FMSD:DATA 1e-009;:FORM:ASC:LONG ON;:FORM:BORD NORM;:FORM:DATA ASC,64;:FREQ:CW 5000;:FUNC:DEV1:MODE OFF;:FUNC:DEV1:REF:VAL 0;:FUNC:DEV2:MODE OFF;:FUNC:DEV2:REF:VAL 0;:FUNC:IMP:TYPE LSRS;:FUNC:SMON:IDC:STAT OFF;:FUNC:SMON:VDC:STAT OFF;:INIT:CONT OFF;:LIST:MODE SEQ;:LIST:STIM:TYPE FREQ,NONE;:SOUR:DCS:VOLT:LEV 0;:TRIG:DEL 0;:TRIG:SOUR INT;:TRIG:TDEL 0;:VOLT:LEV 1;:DISP:WIND:TEXT1:DATA:FMSD:STAT OFF;:DISP:WIND:TEXT2:DATA:FMSD:STAT OFF;:FUNC:DCR:RANG:VAL 100;:FUNC:IMP:RANG:VAL 100;:OUTP:DC:ISOL:LEV:VAL 0.02;:OUTP:DC:ISOL:STAT OFF;:FUNC:DCR:RANG:AUTO ON;:FUNC:IMP:RANG:AUTO ON;:OUTP:DC:ISOL:LEV:AUTO ON;:DISP:PAGE MEASurement;
"
8000.0,6.089117015e-09,100.019883,0.00500455,0.50056
8000.0,7.567429295e-09,100.0198733,0.00500466,0.500564
8000.0,1.040489047e-08,100.0198746,0.00500459,0.500559
8000.0,7.296016428e-09,100.0197349,0.0050046,0.500562
8000.0,9.706831272e-09,100.0198993,0.00500457,0.500565
8000.0,6.862399992e-09,100.0203463,0.00500466,0.50057
8000.0,6.256435439e-09,100.0197653,0.00500467,0.500569
8000.0,9.985050258e-09,100.0199471,0.00500465,0.500574
8000.0,8.594928137e-09,100.0200247,0.00500461,0.500568
8000.0,8.379448508e-09,100.019796,0.00500468,0.500565
8000.0,1.306803255e-08,100.019737,0.00500463,0.500561
8000.0,1.38800872e-08,100.0198929,0.00500463,0.500565
8000.0,6.855237298e-09,100.0200993,0.00500467,0.500566
8000.0,7.697567859e-09,100.0199483,0.00500465,0.50056
8000.0,1.323662827e-08,100.0201055,0.00500464,0.500562
8000.0,1.164978917e-08,100.0195341,0.00500462,0.500564
Freq,8000,Rs,100.01990384999999,0.00018607642157500844,Ls,9.2206180725625e-09,2.5867673362996757e-09
":SOUR:DCS:STAT OFF;:BIAS:STAT OFF;:COMP:BIN:COUN:CLE;:LIST:CLE:ALL;:COMP:BIN:CLE;:AMPL:ALC OFF;:APER LONG,1;:BIAS:POL:AUTO OFF;:BIAS:RANG:AUTO ON;:BIAS:VOLT:LEV 0;:COMP:ABIN OFF;:COMP:BIN:COUN:STAT OFF;:COMP:MODE PTOL;:COMP:SLIM -9.9e+037,9.9e+037;:COMP:STAT OFF;:COMP:SWAP OFF;:COMP:TOL:NOM 0;:DISP:ENAB ON;:DISP:LINE """";:DISP:WIND:TEXT1:DATA:FMSD:DATA 1e-009;:DISP:WIND:TEXT2:DATA:FMSD:DATA 1e-009;:FORM:ASC:LONG ON;:FORM:BORD NORM;:FORM:DATA ASC,64;:FREQ:CW 8000;:FUNC:DEV1:MODE OFF;:FUNC:DEV1:REF:VAL 0;:FUNC:DEV2:MODE OFF;:FUNC:DEV2:REF:VAL 0;:FUNC:IMP:TYPE LSRS;:FUNC:SMON:IDC:STAT OFF;:FUNC:SMON:VDC:STAT OFF;:INIT:CONT OFF;:LIST:MODE SEQ;:LIST:STIM:TYPE FREQ,NONE;:SOUR:DCS:VOLT:LEV 0;:TRIG:DEL 0;:TRIG:SOUR INT;:TRIG:TDEL 0;:VOLT:LEV 1;:DISP:WIND:TEXT1:DATA:FMSD:STAT OFF;:DISP:WIND:TEXT2:DATA:FMSD:STAT OFF;:FUNC:DCR:RANG:VAL 100;:FUNC:IMP:RANG:VAL 100;:OUTP:DC:ISOL:LEV:VAL 0.02;:OUTP:DC:ISOL:STAT OFF;:FUNC:DCR:RANG:AUTO ON;:FUNC:IMP:RANG:AUTO ON;:OUTP:DC:ISOL:LEV:AUTO ON;:DISP:PAGE MEASurement;
"
10000.0,9.316474347e-09,100.0195335,0.0050046,0.500557
10000.0,7.051692652e-09,100.0197285,0.00500456,0.500556
10000.0,4.181941988e-09,100.0198406,0.00500457,0.500551
10000.0,1.109599297e-08,100.0197548,0.00500453,0.50056
10000.0,8.946782962e-09,100.0196828,0.00500461,0.500558
10000.0,9.660684148e-09,100.0195188,0.0050046,0.50055
10000.0,9.641515663e-09,100.0199125,0.00500463,0.500558
10000.0,1.217387207e-08,100.0197298,0.00500452,0.500559
10000.0,6.578038716e-09,100.0199244,0.00500458,0.500555
10000.0,6.420315577e-09,100.0197393,0.0050046,0.500563
10000.0,1.054139626e-08,100.0197744,0.00500453,0.500548
10000.0,1.008443853e-08,100.019776,0.00500451,0.500552
10000.0,1.113537588e-08,100.0196972,0.00500451,0.500554
10000.0,9.646330905e-09,100.0197643,0.00500454,0.500553
10000.0,8.617864694e-09,100.0200707,0.00500448,0.500545
10000.0,7.841488181e-09,100.0198215,0.00500455,0.500558
Freq,10000,Rs,100.01976681875,0.0001362785931785991,Ls,8.933387846437499e-09,2.0799776027742212e-09
":SOUR:DCS:STAT OFF;:BIAS:STAT OFF;:COMP:BIN:COUN:CLE;:LIST:CLE:ALL;:COMP:BIN:CLE;:AMPL:ALC OFF;:APER LONG,1;:BIAS:POL:AUTO OFF;:BIAS:RANG:AUTO ON;:BIAS:VOLT:LEV 0;:COMP:ABIN OFF;:COMP:BIN:COUN:STAT OFF;:COMP:MODE PTOL;:COMP:SLIM -9.9e+037,9.9e+037;:COMP:STAT OFF;:COMP:SWAP OFF;:COMP:TOL:NOM 0;:DISP:ENAB ON;:DISP:LINE """";:DISP:WIND:TEXT1:DATA:FMSD:DATA 1e-009;:DISP:WIND:TEXT2:DATA:FMSD:DATA 1e-009;:FORM:ASC:LONG ON;:FORM:BORD NORM;:FORM:DATA ASC,64;:FREQ:CW 10000;:FUNC:DEV1:MODE OFF;:FUNC:DEV1:REF:VAL 0;:FUNC:DEV2:MODE OFF;:FUNC:DEV2:REF:VAL 0;:FUNC:IMP:TYPE LSRS;:FUNC:SMON:IDC:STAT OFF;:FUNC:SMON:VDC:STAT OFF;:INIT:CONT OFF;:LIST:MODE SEQ;:LIST:STIM:TYPE FREQ,NONE;:SOUR:DCS:VOLT:LEV 0;:TRIG:DEL 0;:TRIG:SOUR INT;:TRIG:TDEL 0;:VOLT:LEV 1;:DISP:WIND:TEXT1:DATA:FMSD:STAT OFF;:DISP:WIND:TEXT2:DATA:FMSD:STAT OFF;:FUNC:DCR:RANG:VAL 100;:FUNC:IMP:RANG:VAL 100;:OUTP:DC:ISOL:LEV:VAL 0.02;:OUTP:DC:ISOL:STAT OFF;:FUNC:DCR:RANG:AUTO ON;:FUNC:IMP:RANG:AUTO ON;:OUTP:DC:ISOL:LEV:AUTO ON;:DISP:PAGE MEASurement;
"
15000.0,1.810979122e-09,100.0202485,0.00500304,0.500403
15000.0,-6.151617535e-10,100.0202742,0.00500306,0.500399
15000.0,2.822678723e-10,100.0199347,0.00500308,0.500405
15000.0,-1.570623275e-09,100.0197398,0.00500303,0.500405
15000.0,5.780394716e-10,100.0198979,0.00500308,0.500411
15000.0,1.858975595e-10,100.0199293,0.00500308,0.500409
15000.0,-1.400147984e-09,100.0200188,0.00500307,0.50041
15000.0,1.093017406e-09,100.01987,0.00500313,0.500412
15000.0,1.436361576e-09,100.0202115,0.00500304,0.500406
15000.0,-2.673341681e-09,100.0200693,0.0050031,0.50041
15000.0,7.625027783e-10,100.0196579,0.00500311,0.500412
15000.0,-3.816639196e-09,100.0199638,0.0050031,0.500405
15000.0,-7.65309265e-10,100.0198629,0.00500309,0.500408
15000.0,-1.663450349e-09,100.0197236,0.00500307,0.500401
15000.0,-8.780162988e-11,100.0198608,0.00500307,0.500411
15000.0,3.90527394e-10,100.0197518,0.0050031,0.500412
Freq,15000,Rs,100.019938425,0.00018707743672974995,Ls,-3.7830512210499995e-10,1.5342658693283973e-09
":SOUR:DCS:STAT OFF;:BIAS:STAT OFF;:COMP:BIN:COUN:CLE;:LIST:CLE:ALL;:COMP:BIN:CLE;:AMPL:ALC OFF;:APER LONG,1;:BIAS:POL:AUTO OFF;:BIAS:RANG:AUTO ON;:BIAS:VOLT:LEV 0;:COMP:ABIN OFF;:COMP:BIN:COUN:STAT OFF;:COMP:MODE PTOL;:COMP:SLIM -9.9e+037,9.9e+037;:COMP:STAT OFF;:COMP:SWAP OFF;:COMP:TOL:NOM 0;:DISP:ENAB ON;:DISP:LINE """";:DISP:WIND:TEXT1:DATA:FMSD:DATA 1e-009;:DISP:WIND:TEXT2:DATA:FMSD:DATA 1e-009;:FORM:ASC:LONG ON;:FORM:BORD NORM;:FORM:DATA ASC,64;:FREQ:CW 15000;:FUNC:DEV1:MODE OFF;:FUNC:DEV1:REF:VAL 0;:FUNC:DEV2:MODE OFF;:FUNC:DEV2:REF:VAL 0;:FUNC:IMP:TYPE LSRS;:FUNC:SMON:IDC:STAT OFF;:FUNC:SMON:VDC:STAT OFF;:INIT:CONT OFF;:LIST:MODE SEQ;:LIST:STIM:TYPE FREQ,NONE;:SOUR:DCS:VOLT:LEV 0;:TRIG:DEL 0;:TRIG:SOUR INT;:TRIG:TDEL 0;:VOLT:LEV 1;:DISP:WIND:TEXT1:DATA:FMSD:STAT OFF;:DISP:WIND:TEXT2:DATA:FMSD:STAT OFF;:FUNC:DCR:RANG:VAL 100;:FUNC:IMP:RANG:VAL 100;:OUTP:DC:ISOL:LEV:VAL 0.02;:OUTP:DC:ISOL:STAT OFF;:FUNC:DCR:RANG:AUTO ON;:FUNC:IMP:RANG:AUTO ON;:OUTP:DC:ISOL:LEV:AUTO ON;:DISP:PAGE MEASurement;
"
20000.0,-6.601243263e-10,100.0202769,0.00500992,0.501086
20000.0,-3.292048927e-09,100.0199251,0.00500988,0.50109
20000.0,3.974253376e-10,100.0199295,0.00500985,0.501087
20000.0,-3.680674579e-10,100.0197756,0.00500983,0.501091
20000.0,-2.644028389e-09,100.0199564,0.00500996,0.50109
20000.0,4.477604336e-10,100.0201678,0.00500986,0.501091
20000.0,-9.518235279e-10,100.0197203,0.00500984,0.501088
20000.0,-3.438276203e-09,100.0198581,0.00500992,0.50109
20000.0,1.396801937e-09,100.0198047,0.00500987,0.501087
20000.0,-1.577200802e-09,100.02005,0.00500984,0.501089
20000.0,3.169312794e-10,100.0200283,0.00500989,0.501088
20000.0,1.121751248e-09,100.0195391,0.00500997,0.501089
20000.0,-4.52392183e-10,100.0199741,0.00500992,0.50109
20000.0,-1.375046732e-09,100.0201026,0.00500986,0.501087
20000.0,-4.843263174e-10,100.0196299,0.00500991,0.501097
20000.0,1.660395927e-09,100.0197014,0.00500984,0.501094
Freq,20000,Rs,100.0199024875,0.00020084837689095068,Ls,-6.188917939312499e-10,1.5543854716444664e-09
":SOUR:DCS:STAT OFF;:BIAS:STAT OFF;:COMP:BIN:COUN:CLE;:LIST:CLE:ALL;:COMP:BIN:CLE;:AMPL:ALC OFF;:APER LONG,1;:BIAS:POL:AUTO OFF;:BIAS:RANG:AUTO ON;:BIAS:VOLT:LEV 0;:COMP:ABIN OFF;:COMP:BIN:COUN:STAT OFF;:COMP:MODE PTOL;:COMP:SLIM -9.9e+037,9.9e+037;:COMP:STAT OFF;:COMP:SWAP OFF;:COMP:TOL:NOM 0;:DISP:ENAB ON;:DISP:LINE """";:DISP:WIND:TEXT1:DATA:FMSD:DATA 1e-009;:DISP:WIND:TEXT2:DATA:FMSD:DATA 1e-009;:FORM:ASC:LONG ON;:FORM:BORD NORM;:FORM:DATA ASC,64;:FREQ:CW 20000;:FUNC:DEV1:MODE OFF;:FUNC:DEV1:REF:VAL 0;:FUNC:DEV2:MODE OFF;:FUNC:DEV2:REF:VAL 0;:FUNC:IMP:TYPE LSRS;:FUNC:SMON:IDC:STAT OFF;:FUNC:SMON:VDC:STAT OFF;:INIT:CONT OFF;:LIST:MODE SEQ;:LIST:STIM:TYPE FREQ,NONE;:SOUR:DCS:VOLT:LEV 0;:TRIG:DEL 0;:TRIG:SOUR INT;:TRIG:TDEL 0;:VOLT:LEV 1;:DISP:WIND:TEXT1:DATA:FMSD:STAT OFF;:DISP:WIND:TEXT2:DATA:FMSD:STAT OFF;:FUNC:DCR:RANG:VAL 100;:FUNC:IMP:RANG:VAL 100;:OUTP:DC:ISOL:LEV:VAL 0.02;:OUTP:DC:ISOL:STAT OFF;:FUNC:DCR:RANG:AUTO ON;:FUNC:IMP:RANG:AUTO ON;:OUTP:DC:ISOL:LEV:AUTO ON;:DISP:PAGE MEASurement;
"
30000.0,6.096386915e-09,100.0200363,0.00500507,0.500599
30000.0,3.721124715e-09,100.0200676,0.00500486,0.500595
30000.0,3.021030964e-09,100.0201334,0.00500507,0.500603
30000.0,4.214470002e-09,100.0202557,0.00500498,0.500601
30000.0,4.208382975e-09,100.0197832,0.00500497,0.500594
30000.0,4.024739114e-09,100.0199838,0.00500506,0.500595
30000.0,5.130695379e-09,100.0199912,0.00500502,0.500607
30000.0,4.781130664e-09,100.0199748,0.0050049,0.500608
30000.0,5.163364167e-09,100.0199237,0.00500502,0.500604
30000.0,5.058317365e-09,100.0199217,0.00500509,0.500602
30000.0,7.336753373e-09,100.0199871,0.00500503,0.500603
30000.0,5.649876634e-09,100.0204994,0.00500501,0.5006
30000.0,6.276981641e-09,100.0201977,0.00500509,0.500599
30000.0,6.4287082e-09,100.0203353,0.00500505,0.500605
30000.0,4.184985398e-09,100.0196669,0.00500507,0.5006
30000.0,4.935320037e-09,100.0201304,0.00500512,0.500604
Freq,30000,Rs,100.0200555125,0.0002047318502332044,Ls,5.014516721437499e-09,1.1332411618411668e-09
":SOUR:DCS:STAT OFF;:BIAS:STAT OFF;:COMP:BIN:COUN:CLE;:LIST:CLE:ALL;:COMP:BIN:CLE;:AMPL:ALC OFF;:APER LONG,1;:BIAS:POL:AUTO OFF;:BIAS:RANG:AUTO ON;:BIAS:VOLT:LEV 0;:COMP:ABIN OFF;:COMP:BIN:COUN:STAT OFF;:COMP:MODE PTOL;:COMP:SLIM -9.9e+037,9.9e+037;:COMP:STAT OFF;:COMP:SWAP OFF;:COMP:TOL:NOM 0;:DISP:ENAB ON;:DISP:LINE """";:DISP:WIND:TEXT1:DATA:FMSD:DATA 1e-009;:DISP:WIND:TEXT2:DATA:FMSD:DATA 1e-009;:FORM:ASC:LONG ON;:FORM:BORD NORM;:FORM:DATA ASC,64;:FREQ:CW 30000;:FUNC:DEV1:MODE OFF;:FUNC:DEV1:REF:VAL 0;:FUNC:DEV2:MODE OFF;:FUNC:DEV2:REF:VAL 0;:FUNC:IMP:TYPE LSRS;:FUNC:SMON:IDC:STAT OFF;:FUNC:SMON:VDC:STAT OFF;:INIT:CONT OFF;:LIST:MODE SEQ;:LIST:STIM:TYPE FREQ,NONE;:SOUR:DCS:VOLT:LEV 0;:TRIG:DEL 0;:TRIG:SOUR INT;:TRIG:TDEL 0;:VOLT:LEV 1;:DISP:WIND:TEXT1:DATA:FMSD:STAT OFF;:DISP:WIND:TEXT2:DATA:FMSD:STAT OFF;:FUNC:DCR:RANG:VAL 100;:FUNC:IMP:RANG:VAL 100;:OUTP:DC:ISOL:LEV:VAL 0.02;:OUTP:DC:ISOL:STAT OFF;:FUNC:DCR:RANG:AUTO ON;:FUNC:IMP:RANG:AUTO ON;:OUTP:DC:ISOL:LEV:AUTO ON;:DISP:PAGE MEASurement;
"
":SOUR:DCS:STAT OFF;:BIAS:STAT OFF;:COMP:BIN:COUN:CLE;:LIST:CLE:ALL;:COMP:BIN:CLE;:AMPL:ALC OFF;:APER LONG,1;:BIAS:POL:AUTO OFF;:BIAS:RANG:AUTO ON;:BIAS:VOLT:LEV 0;:COMP:ABIN OFF;:COMP:BIN:COUN:STAT OFF;:COMP:MODE PTOL;:COMP:SLIM -9.9e+037,9.9e+037;:COMP:STAT OFF;:COMP:SWAP OFF;:COMP:TOL:NOM 0;:DISP:ENAB ON;:DISP:LINE """";:DISP:WIND:TEXT1:DATA:FMSD:DATA 1e-009;:DISP:WIND:TEXT2:DATA:FMSD:DATA 1e-009;:FORM:ASC:LONG ON;:FORM:BORD NORM;:FORM:DATA ASC,64;:FREQ:CW 30000;:FUNC:DEV1:MODE OFF;:FUNC:DEV1:REF:VAL 0;:FUNC:DEV2:MODE OFF;:FUNC:DEV2:REF:VAL 0;:FUNC:IMP:TYPE LSRS;:FUNC:SMON:IDC:STAT OFF;:FUNC:SMON:VDC:STAT OFF;:INIT:CONT OFF;:LIST:MODE SEQ;:LIST:STIM:TYPE FREQ,NONE;:SOUR:DCS:VOLT:LEV 0;:TRIG:DEL 0;:TRIG:SOUR INT;:TRIG:TDEL 0;:VOLT:LEV 1;:DISP:WIND:TEXT1:DATA:FMSD:STAT OFF;:DISP:WIND:TEXT2:DATA:FMSD:STAT OFF;:FUNC:DCR:RANG:VAL 100;:FUNC:IMP:RANG:VAL 100;:OUTP:DC:ISOL:LEV:VAL 0.02;:OUTP:DC:ISOL:STAT OFF;:FUNC:DCR:RANG:AUTO ON;:FUNC:IMP:RANG:AUTO ON;:OUTP:DC:ISOL:LEV:AUTO ON;:DISP:PAGE MEASurement;
"
2024-04-19,12:04:24
---------run finished---------
lcr name:,KeySight E4980A
Name and description of Resistor under test: ,"42036A 100 ohm no leads, extra frequency"
2024-04-19,13:36:54
select the freq range,"[20, 30, 40, 50, 70, 100, 200, 300, 500, 800, 1000, 1200, 1591.549, 1800, 2000, 3000, 4000, 5000, 8000, 10000, 15000, 20000, 30000]"
20.0,-0.0001368682928,100.0316681,0.00499726,0.499877
20.0,-0.0001376898045,100.0306219,0.0049972,0.499887
20.0,-0.0001280742967,100.0302068,0.00499719,0.499882
20.0,-0.0001299790081,100.0311462,0.00499722,0.499877
20.0,-0.0001303590074,100.0310618,0.00499721,0.499884
20.0,-0.0001337092949,100.0303684,0.00499724,0.499872
20.0,-0.0001352004454,100.0319366,0.00499717,0.499881
20.0,-0.0001384956237,100.0304118,0.00499716,0.499874
20.0,-0.0001308621797,100.0305732,0.0049972,0.499878
20.0,-0.0001308285003,100.0310772,0.00499724,0.499873
20.0,-0.0001345826291,100.0309741,0.00499721,0.499871
20.0,-0.0001377618266,100.0313579,0.00499721,0.499883
20.0,-0.0001346394638,100.0321339,0.00499721,0.49989
20.0,-0.0001286203144,100.0313591,0.00499723,0.49988
20.0,-0.000133729896,100.031238,0.00499718,0.49988
20.0,-0.0001322507926,100.030748,0.0049973,0.49988
Freq,20,Rs,100.0310551875,0.0005578993491963212,Ls,-0.00013335321099999998,3.3496417194373785e-06
":SOUR:DCS:STAT OFF;:BIAS:STAT OFF;:COMP:BIN:COUN:CLE;:LIST:CLE:ALL;:COMP:BIN:CLE;:AMPL:ALC OFF;:APER LONG,1;:BIAS:POL:AUTO OFF;:BIAS:RANG:AUTO ON;:BIAS:VOLT:LEV 0;:COMP:ABIN OFF;:COMP:BIN:COUN:STAT OFF;:COMP:MODE PTOL;:COMP:SLIM -9.9e+037,9.9e+037;:COMP:STAT OFF;:COMP:SWAP OFF;:COMP:TOL:NOM 0;:DISP:ENAB ON;:DISP:LINE """";:DISP:WIND:TEXT1:DATA:FMSD:DATA 1e-009;:DISP:WIND:TEXT2:DATA:FMSD:DATA 1e-009;:FORM:ASC:LONG ON;:FORM:BORD NORM;:FORM:DATA ASC,64;:FREQ:CW 20;:FUNC:DEV1:MODE OFF;:FUNC:DEV1:REF:VAL 0;:FUNC:DEV2:MODE OFF;:FUNC:DEV2:REF:VAL 0;:FUNC:IMP:TYPE LSRS;:FUNC:SMON:IDC:STAT OFF;:FUNC:SMON:VDC:STAT OFF;:INIT:CONT OFF;:LIST:MODE SEQ;:LIST:STIM:TYPE FREQ,NONE;:SOUR:DCS:VOLT:LEV 0;:TRIG:DEL 0;:TRIG:SOUR INT;:TRIG:TDEL 0;:VOLT:LEV 1;:DISP:WIND:TEXT1:DATA:FMSD:STAT OFF;:DISP:WIND:TEXT2:DATA:FMSD:STAT OFF;:FUNC:DCR:RANG:VAL 100;:FUNC:IMP:RANG:VAL 100;:OUTP:DC:ISOL:LEV:VAL 0.02;:OUTP:DC:ISOL:STAT OFF;:FUNC:DCR:RANG:AUTO ON;:FUNC:IMP:RANG:AUTO ON;:OUTP:DC:ISOL:LEV:AUTO ON;:DISP:PAGE MEASurement;
"
30.0,-6.89213276e-05,100.025972,0.00499922,0.500051
30.0,-7.118824486e-05,100.0253273,0.0049992,0.500058
30.0,-6.735032598e-05,100.0254554,0.00499919,0.500045
30.0,-6.858159414e-05,100.0257504,0.00499915,0.500047
30.0,-6.713080789e-05,100.0260188,0.0049992,0.50005
30.0,-6.786619835e-05,100.0266588,0.0049992,0.500045
30.0,-7.128540074e-05,100.0262213,0.0049992,0.500045
30.0,-7.124167099e-05,100.0263613,0.00499917,0.500048
30.0,-6.940214162e-05,100.0262615,0.00499915,0.500052
30.0,-6.861246726e-05,100.027123,0.0049992,0.500054
30.0,-6.710766022e-05,100.0262988,0.00499917,0.500047
30.0,-6.636110521e-05,100.0262785,0.00499914,0.500051
30.0,-6.524033318e-05,100.0265833,0.00499922,0.500058
30.0,-6.794921293e-05,100.0261289,0.00499925,0.500048
30.0,-6.837373363e-05,100.0259822,0.00499925,0.500052
30.0,-6.770678711e-05,100.0269124,0.00499927,0.500049
Freq,30,Rs,100.02620836874999,0.0004773119130006333,Ls,-6.8394938231875e-05,1.732464522483865e-06
":SOUR:DCS:STAT OFF;:BIAS:STAT OFF;:COMP:BIN:COUN:CLE;:LIST:CLE:ALL;:COMP:BIN:CLE;:AMPL:ALC OFF;:APER LONG,1;:BIAS:POL:AUTO OFF;:BIAS:RANG:AUTO ON;:BIAS:VOLT:LEV 0;:COMP:ABIN OFF;:COMP:BIN:COUN:STAT OFF;:COMP:MODE PTOL;:COMP:SLIM -9.9e+037,9.9e+037;:COMP:STAT OFF;:COMP:SWAP OFF;:COMP:TOL:NOM 0;:DISP:ENAB ON;:DISP:LINE """";:DISP:WIND:TEXT1:DATA:FMSD:DATA 1e-009;:DISP:WIND:TEXT2:DATA:FMSD:DATA 1e-009;:FORM:ASC:LONG ON;:FORM:BORD NORM;:FORM:DATA ASC,64;:FREQ:CW 30;:FUNC:DEV1:MODE OFF;:FUNC:DEV1:REF:VAL 0;:FUNC:DEV2:MODE OFF;:FUNC:DEV2:REF:VAL 0;:FUNC:IMP:TYPE LSRS;:FUNC:SMON:IDC:STAT OFF;:FUNC:SMON:VDC:STAT OFF;:INIT:CONT OFF;:LIST:MODE SEQ;:LIST:STIM:TYPE FREQ,NONE;:SOUR:DCS:VOLT:LEV 0;:TRIG:DEL 0;:TRIG:SOUR INT;:TRIG:TDEL 0;:VOLT:LEV 1;:DISP:WIND:TEXT1:DATA:FMSD:STAT OFF;:DISP:WIND:TEXT2:DATA:FMSD:STAT OFF;:FUNC:DCR:RANG:VAL 100;:FUNC:IMP:RANG:VAL 100;:OUTP:DC:ISOL:LEV:VAL 0.02;:OUTP:DC:ISOL:STAT OFF;:FUNC:DCR:RANG:AUTO ON;:FUNC:IMP:RANG:AUTO ON;:OUTP:DC:ISOL:LEV:AUTO ON;:DISP:PAGE MEASurement;
"
40.0,-4.251238782e-05,100.0239709,0.00499873,0.499992
40.0,-3.972927407e-05,100.0246677,0.00499881,0.499995
40.0,-4.222814091e-05,100.0243871,0.00499877,0.500002
40.0,-4.266938634e-05,100.0246484,0.00499874,0.499999
40.0,-3.969422512e-05,100.0240215,0.00499875,0.5
40.0,-4.383511316e-05,100.0239601,0.00499871,0.500003
40.0,-4.389975082e-05,100.0244779,0.00499876,0.500007
40.0,-4.245257983e-05,100.0246725,0.00499877,0.500008
40.0,-4.189304988e-05,100.0246337,0.00499878,0.500007
40.0,-4.247298673e-05,100.0244248,0.00499883,0.500009
40.0,-4.368488634e-05,100.0242116,0.00499883,0.500007
40.0,-4.307633785e-05,100.0244257,0.00499886,0.500009
40.0,-4.35276445e-05,100.0249916,0.00499885,0.500008
40.0,-4.185395308e-05,100.0240074,0.0049989,0.500005
40.0,-4.031392595e-05,100.0243918,0.00499878,0.500005
40.0,-4.210172856e-05,100.02355,0.00499882,0.500003
Freq,40,Rs,100.02434016875,0.00036474282029738605,Ls,-4.2246585685e-05,1.3387763917241761e-06
":SOUR:DCS:STAT OFF;:BIAS:STAT OFF;:COMP:BIN:COUN:CLE;:LIST:CLE:ALL;:COMP:BIN:CLE;:AMPL:ALC OFF;:APER LONG,1;:BIAS:POL:AUTO OFF;:BIAS:RANG:AUTO ON;:BIAS:VOLT:LEV 0;:COMP:ABIN OFF;:COMP:BIN:COUN:STAT OFF;:COMP:MODE PTOL;:COMP:SLIM -9.9e+037,9.9e+037;:COMP:STAT OFF;:COMP:SWAP OFF;:COMP:TOL:NOM 0;:DISP:ENAB ON;:DISP:LINE """";:DISP:WIND:TEXT1:DATA:FMSD:DATA 1e-009;:DISP:WIND:TEXT2:DATA:FMSD:DATA 1e-009;:FORM:ASC:LONG ON;:FORM:BORD NORM;:FORM:DATA ASC,64;:FREQ:CW 40;:FUNC:DEV1:MODE OFF;:FUNC:DEV1:REF:VAL 0;:FUNC:DEV2:MODE OFF;:FUNC:DEV2:REF:VAL 0;:FUNC:IMP:TYPE LSRS;:FUNC:SMON:IDC:STAT OFF;:FUNC:SMON:VDC:STAT OFF;:INIT:CONT OFF;:LIST:MODE SEQ;:LIST:STIM:TYPE FREQ,NONE;:SOUR:DCS:VOLT:LEV 0;:TRIG:DEL 0;:TRIG:SOUR INT;:TRIG:TDEL 0;:VOLT:LEV 1;:DISP:WIND:TEXT1:DATA:FMSD:STAT OFF;:DISP:WIND:TEXT2:DATA:FMSD:STAT OFF;:FUNC:DCR:RANG:VAL 100;:FUNC:IMP:RANG:VAL 100;:OUTP:DC:ISOL:LEV:VAL 0.02;:OUTP:DC:ISOL:STAT OFF;:FUNC:DCR:RANG:AUTO ON;:FUNC:IMP:RANG:AUTO ON;:OUTP:DC:ISOL:LEV:AUTO ON;:DISP:PAGE MEASurement;
"
50.0,-3.239384072e-05,100.0202895,0.00501447,0.501542
50.0,-2.991550034e-05,100.0201138,0.00501451,0.501548
50.0,-3.148639981e-05,100.0204292,0.00501446,0.501544
50.0,-3.158889598e-05,100.0205104,0.00501451,0.501547
50.0,-2.911331613e-05,100.0201346,0.00501449,0.50155
50.0,-2.910902094e-05,100.0203644,0.00501448,0.50155
50.0,-3.026007979e-05,100.0193629,0.00501444,0.50154
50.0,-3.141316652e-05,100.0204571,0.00501436,0.501547
50.0,-3.036643447e-05,100.0203207,0.00501439,0.501541
50.0,-3.048781441e-05,100.0197117,0.00501447,0.501548
50.0,-3.076910034e-05,100.020718,0.00501442,0.501542
50.0,-2.949169719e-05,100.0206653,0.0050144,0.501547
50.0,-3.093609671e-05,100.0200833,0.00501442,0.501539
50.0,-3.077565591e-05,100.020941,0.00501439,0.501546
50.0,-3.064086012e-05,100.0207146,0.00501445,0.501551
50.0,-2.96937069e-05,100.0205048,0.00501452,0.501546
Freq,50,Rs,100.02033258125,0.00039492343429778804,Ls,-3.05275991425e-05,9.26178827616542e-07
":SOUR:DCS:STAT OFF;:BIAS:STAT OFF;:COMP:BIN:COUN:CLE;:LIST:CLE:ALL;:COMP:BIN:CLE;:AMPL:ALC OFF;:APER LONG,1;:BIAS:POL:AUTO OFF;:BIAS:RANG:AUTO ON;:BIAS:VOLT:LEV 0;:COMP:ABIN OFF;:COMP:BIN:COUN:STAT OFF;:COMP:MODE PTOL;:COMP:SLIM -9.9e+037,9.9e+037;:COMP:STAT OFF;:COMP:SWAP OFF;:COMP:TOL:NOM 0;:DISP:ENAB ON;:DISP:LINE """";:DISP:WIND:TEXT1:DATA:FMSD:DATA 1e-009;:DISP:WIND:TEXT2:DATA:FMSD:DATA 1e-009;:FORM:ASC:LONG ON;:FORM:BORD NORM;:FORM:DATA ASC,64;:FREQ:CW 50;:FUNC:DEV1:MODE OFF;:FUNC:DEV1:REF:VAL 0;:FUNC:DEV2:MODE OFF;:FUNC:DEV2:REF:VAL 0;:FUNC:IMP:TYPE LSRS;:FUNC:SMON:IDC:STAT OFF;:FUNC:SMON:VDC:STAT OFF;:INIT:CONT OFF;:LIST:MODE SEQ;:LIST:STIM:TYPE FREQ,NONE;:SOUR:DCS:VOLT:LEV 0;:TRIG:DEL 0;:TRIG:SOUR INT;:TRIG:TDEL 0;:VOLT:LEV 1;:DISP:WIND:TEXT1:DATA:FMSD:STAT OFF;:DISP:WIND:TEXT2:DATA:FMSD:STAT OFF;:FUNC:DCR:RANG:VAL 100;:FUNC:IMP:RANG:VAL 100;:OUTP:DC:ISOL:LEV:VAL 0.02;:OUTP:DC:ISOL:STAT OFF;:FUNC:DCR:RANG:AUTO ON;:FUNC:IMP:RANG:AUTO ON;:OUTP:DC:ISOL:LEV:AUTO ON;:DISP:PAGE MEASurement;
"
70.0,-1.474575873e-05,100.0190331,0.00501316,0.501406
70.0,-1.485897301e-05,100.0189383,0.00501308,0.5014
70.0,-1.367040419e-05,100.0193184,0.00501301,0.501404
70.0,-1.385176975e-05,100.019508,0.00501301,0.501403
70.0,-1.401767636e-05,100.0188687,0.00501302,0.501403
70.0,-1.38732803e-05,100.0190757,0.00501303,0.501407
70.0,-1.390915473e-05,100.0189583,0.00501305,0.501402
70.0,-1.401810472e-05,100.0189986,0.00501304,0.5014
70.0,-1.39834905e-05,100.0194257,0.00501304,0.501402
70.0,-1.420349967e-05,100.0189222,0.00501308,0.501399
70.0,-1.410784323e-05,100.0188885,0.0050131,0.501405
70.0,-1.412565072e-05,100.0191567,0.0050131,0.501405
70.0,-1.472395438e-05,100.0188903,0.00501302,0.501402
70.0,-1.448083419e-05,100.0189781,0.0050131,0.501399
70.0,-1.393616903e-05,100.0197543,0.00501309,0.501399
70.0,-1.490970212e-05,100.0192157,0.00501306,0.501405
Freq,70,Rs,100.0191206625,0.0002592777426500238,Ls,-1.4213516601875001e-05,3.9800876199018634e-07
":SOUR:DCS:STAT OFF;:BIAS:STAT OFF;:COMP:BIN:COUN:CLE;:LIST:CLE:ALL;:COMP:BIN:CLE;:AMPL:ALC OFF;:APER LONG,1;:BIAS:POL:AUTO OFF;:BIAS:RANG:AUTO ON;:BIAS:VOLT:LEV 0;:COMP:ABIN OFF;:COMP:BIN:COUN:STAT OFF;:COMP:MODE PTOL;:COMP:SLIM -9.9e+037,9.9e+037;:COMP:STAT OFF;:COMP:SWAP OFF;:COMP:TOL:NOM 0;:DISP:ENAB ON;:DISP:LINE """";:DISP:WIND:TEXT1:DATA:FMSD:DATA 1e-009;:DISP:WIND:TEXT2:DATA:FMSD:DATA 1e-009;:FORM:ASC:LONG ON;:FORM:BORD NORM;:FORM:DATA ASC,64;:FREQ:CW 70;:FUNC:DEV1:MODE OFF;:FUNC:DEV1:REF:VAL 0;:FUNC:DEV2:MODE OFF;:FUNC:DEV2:REF:VAL 0;:FUNC:IMP:TYPE LSRS;:FUNC:SMON:IDC:STAT OFF;:FUNC:SMON:VDC:STAT OFF;:INIT:CONT OFF;:LIST:MODE SEQ;:LIST:STIM:TYPE FREQ,NONE;:SOUR:DCS:VOLT:LEV 0;:TRIG:DEL 0;:TRIG:SOUR INT;:TRIG:TDEL 0;:VOLT:LEV 1;:DISP:WIND:TEXT1:DATA:FMSD:STAT OFF;:DISP:WIND:TEXT2:DATA:FMSD:STAT OFF;:FUNC:DCR:RANG:VAL 100;:FUNC:IMP:RANG:VAL 100;:OUTP:DC:ISOL:LEV:VAL 0.02;:OUTP:DC:ISOL:STAT OFF;:FUNC:DCR:RANG:AUTO ON;:FUNC:IMP:RANG:AUTO ON;:OUTP:DC:ISOL:LEV:AUTO ON;:DISP:PAGE MEASurement;
"
100.0,-7.268097304e-06,100.0190012,0.00500972,0.501072
100.0,-7.360338649e-06,100.0192533,0.00500976,0.501072
100.0,-7.735897605e-06,100.0195733,0.00500972,0.501069
100.0,-7.740343917e-06,100.0189891,0.00500976,0.501064
100.0,-7.034189352e-06,100.0187219,0.00500974,0.501076
100.0,-7.412512235e-06,100.0186401,0.0050098,0.501074
100.0,-7.572603303e-06,100.018806,0.00500982,0.501075
100.0,-7.68649579e-06,100.0187758,0.00500979,0.501076
100.0,-7.818213695e-06,100.0195251,0.00500976,0.501076
100.0,-7.448650681e-06,100.0186223,0.00500984,0.501074
100.0,-7.106983858e-06,100.0190399,0.00500986,0.501079
100.0,-7.559075101e-06,100.0185919,0.00500982,0.50107
100.0,-7.532403449e-06,100.0184328,0.00500977,0.501079
100.0,-7.506061654e-06,100.0187002,0.00500977,0.501074
100.0,-7.425167689e-06,100.0188289,0.00500979,0.501075
100.0,-7.360376386e-06,100.0189172,0.00500982,0.501073
Freq,100,Rs,100.01890118749999,0.0003230843623058474,Ls,-7.47296316675e-06,2.2025990609933557e-07
":SOUR:DCS:STAT OFF;:BIAS:STAT OFF;:COMP:BIN:COUN:CLE;:LIST:CLE:ALL;:COMP:BIN:CLE;:AMPL:ALC OFF;:APER LONG,1;:BIAS:POL:AUTO OFF;:BIAS:RANG:AUTO ON;:BIAS:VOLT:LEV 0;:COMP:ABIN OFF;:COMP:BIN:COUN:STAT OFF;:COMP:MODE PTOL;:COMP:SLIM -9.9e+037,9.9e+037;:COMP:STAT OFF;:COMP:SWAP OFF;:COMP:TOL:NOM 0;:DISP:ENAB ON;:DISP:LINE """";:DISP:WIND:TEXT1:DATA:FMSD:DATA 1e-009;:DISP:WIND:TEXT2:DATA:FMSD:DATA 1e-009;:FORM:ASC:LONG ON;:FORM:BORD NORM;:FORM:DATA ASC,64;:FREQ:CW 100;:FUNC:DEV1:MODE OFF;:FUNC:DEV1:REF:VAL 0;:FUNC:DEV2:MODE OFF;:FUNC:DEV2:REF:VAL 0;:FUNC:IMP:TYPE LSRS;:FUNC:SMON:IDC:STAT OFF;:FUNC:SMON:VDC:STAT OFF;:INIT:CONT OFF;:LIST:MODE SEQ;:LIST:STIM:TYPE FREQ,NONE;:SOUR:DCS:VOLT:LEV 0;:TRIG:DEL 0;:TRIG:SOUR INT;:TRIG:TDEL 0;:VOLT:LEV 1;:DISP:WIND:TEXT1:DATA:FMSD:STAT OFF;:DISP:WIND:TEXT2:DATA:FMSD:STAT OFF;:FUNC:DCR:RANG:VAL 100;:FUNC:IMP:RANG:VAL 100;:OUTP:DC:ISOL:LEV:VAL 0.02;:OUTP:DC:ISOL:STAT OFF;:FUNC:DCR:RANG:AUTO ON;:FUNC:IMP:RANG:AUTO ON;:OUTP:DC:ISOL:LEV:AUTO ON;:DISP:PAGE MEASurement;
"
200.0,-6.417893322e-06,100.0214642,0.00500484,0.5006
200.0,-6.515037108e-06,100.0217647,0.00500484,0.500598
200.0,-6.882435324e-06,100.0215726,0.00500494,0.5006
200.0,-6.350454984e-06,100.0214709,0.00500494,0.500598
200.0,-6.319187397e-06,100.020919,0.00500489,0.500595
200.0,-6.474255651e-06,100.0213864,0.00500486,0.500597
200.0,-6.544985284e-06,100.021531,0.00500487,0.500597
200.0,-6.234992799e-06,100.0215575,0.00500489,0.500599
200.0,-6.726820967e-06,100.021575,0.00500489,0.500594
200.0,-6.71053426e-06,100.0215289,0.00500492,0.500595
200.0,-6.794768442e-06,100.0215526,0.00500489,0.500595
200.0,-6.340901752e-06,100.0213469,0.00500486,0.500596
200.0,-6.756978655e-06,100.0211798,0.00500485,0.500595
200.0,-6.494304544e-06,100.0218357,0.0050049,0.500594
200.0,-6.536352584e-06,100.0212345,0.00500487,0.500589
200.0,-6.789112388e-06,100.0213822,0.00500482,0.500587
Freq,200,Rs,100.02145636875001,0.00022120815753022002,Ls,-6.5555634663125e-06,1.9845248867425504e-07
":SOUR:DCS:STAT OFF;:BIAS:STAT OFF;:COMP:BIN:COUN:CLE;:LIST:CLE:ALL;:COMP:BIN:CLE;:AMPL:ALC OFF;:APER LONG,1;:BIAS:POL:AUTO OFF;:BIAS:RANG:AUTO ON;:BIAS:VOLT:LEV 0;:COMP:ABIN OFF;:COMP:BIN:COUN:STAT OFF;:COMP:MODE PTOL;:COMP:SLIM -9.9e+037,9.9e+037;:COMP:STAT OFF;:COMP:SWAP OFF;:COMP:TOL:NOM 0;:DISP:ENAB ON;:DISP:LINE """";:DISP:WIND:TEXT1:DATA:FMSD:DATA 1e-009;:DISP:WIND:TEXT2:DATA:FMSD:DATA 1e-009;:FORM:ASC:LONG ON;:FORM:BORD NORM;:FORM:DATA ASC,64;:FREQ:CW 200;:FUNC:DEV1:MODE OFF;:FUNC:DEV1:REF:VAL 0;:FUNC:DEV2:MODE OFF;:FUNC:DEV2:REF:VAL 0;:FUNC:IMP:TYPE LSRS;:FUNC:SMON:IDC:STAT OFF;:FUNC:SMON:VDC:STAT OFF;:INIT:CONT OFF;:LIST:MODE SEQ;:LIST:STIM:TYPE FREQ,NONE;:SOUR:DCS:VOLT:LEV 0;:TRIG:DEL 0;:TRIG:SOUR INT;:TRIG:TDEL 0;:VOLT:LEV 1;:DISP:WIND:TEXT1:DATA:FMSD:STAT OFF;:DISP:WIND:TEXT2:DATA:FMSD:STAT OFF;:FUNC:DCR:RANG:VAL 100;:FUNC:IMP:RANG:VAL 100;:OUTP:DC:ISOL:LEV:VAL 0.02;:OUTP:DC:ISOL:STAT OFF;:FUNC:DCR:RANG:AUTO ON;:FUNC:IMP:RANG:AUTO ON;:OUTP:DC:ISOL:LEV:AUTO ON;:DISP:PAGE MEASurement;
"
300.0,-2.825806403e-06,100.0208414,0.00500462,0.500569
300.0,-2.74944163e-06,100.0208804,0.00500459,0.50057
300.0,-2.785267019e-06,100.020593,0.00500464,0.500569
300.0,-3.038617676e-06,100.0209733,0.00500465,0.500567
300.0,-2.82161963e-06,100.0210112,0.0050046,0.500562
300.0,-2.842505145e-06,100.0203886,0.00500458,0.500566
300.0,-2.726159815e-06,100.0208051,0.00500465,0.500568
300.0,-2.832407989e-06,100.0207915,0.00500461,0.500567
300.0,-2.934220832e-06,100.0209335,0.00500462,0.50056
300.0,-2.758769418e-06,100.0205607,0.00500457,0.500564
300.0,-2.975992023e-06,100.0206126,0.0050047,0.500567
300.0,-2.757088576e-06,100.020787,0.00500461,0.500567
300.0,-2.76041611e-06,100.0205159,0.00500459,0.500564
300.0,-2.912955271e-06,100.0206561,0.00500461,0.500567
300.0,-2.754836627e-06,100.0206096,0.00500457,0.500568
300.0,-2.88224683e-06,100.02072,0.00500465,0.500567
Freq,300,Rs,100.02072999375,0.0001772091700716581,Ls,-2.834896937125e-06,9.140729589377521e-08
":SOUR:DCS:STAT OFF;:BIAS:STAT OFF;:COMP:BIN:COUN:CLE;:LIST:CLE:ALL;:COMP:BIN:CLE;:AMPL:ALC OFF;:APER LONG,1;:BIAS:POL:AUTO OFF;:BIAS:RANG:AUTO ON;:BIAS:VOLT:LEV 0;:COMP:ABIN OFF;:COMP:BIN:COUN:STAT OFF;:COMP:MODE PTOL;:COMP:SLIM -9.9e+037,9.9e+037;:COMP:STAT OFF;:COMP:SWAP OFF;:COMP:TOL:NOM 0;:DISP:ENAB ON;:DISP:LINE """";:DISP:WIND:TEXT1:DATA:FMSD:DATA 1e-009;:DISP:WIND:TEXT2:DATA:FMSD:DATA 1e-009;:FORM:ASC:LONG ON;:FORM:BORD NORM;:FORM:DATA ASC,64;:FREQ:CW 300;:FUNC:DEV1:MODE OFF;:FUNC:DEV1:REF:VAL 0;:FUNC:DEV2:MODE OFF;:FUNC:DEV2:REF:VAL 0;:FUNC:IMP:TYPE LSRS;:FUNC:SMON:IDC:STAT OFF;:FUNC:SMON:VDC:STAT OFF;:INIT:CONT OFF;:LIST:MODE SEQ;:LIST:STIM:TYPE FREQ,NONE;:SOUR:DCS:VOLT:LEV 0;:TRIG:DEL 0;:TRIG:SOUR INT;:TRIG:TDEL 0;:VOLT:LEV 1;:DISP:WIND:TEXT1:DATA:FMSD:STAT OFF;:DISP:WIND:TEXT2:DATA:FMSD:STAT OFF;:FUNC:DCR:RANG:VAL 100;:FUNC:IMP:RANG:VAL 100;:OUTP:DC:ISOL:LEV:VAL 0.02;:OUTP:DC:ISOL:STAT OFF;:FUNC:DCR:RANG:AUTO ON;:FUNC:IMP:RANG:AUTO ON;:OUTP:DC:ISOL:LEV:AUTO ON;:DISP:PAGE MEASurement;
"
500.0,-1.108611035e-06,100.0204717,0.0050069,0.50079
500.0,-1.109894414e-06,100.0202892,0.00500688,0.50079
500.0,-1.0834869e-06,100.0199524,0.00500689,0.500793
500.0,-1.032862096e-06,100.0198711,0.00500682,0.500789
500.0,-1.084606889e-06,100.0200162,0.00500689,0.500788
500.0,-1.211717732e-06,100.0200558,0.00500691,0.500788
500.0,-1.034896793e-06,100.019889,0.00500691,0.500788
500.0,-1.129317893e-06,100.0198182,0.00500689,0.500797
500.0,-1.171726272e-06,100.019992,0.00500691,0.500792
500.0,-1.130798161e-06,100.0197352,0.00500691,0.50079
500.0,-1.176347772e-06,100.0196843,0.00500695,0.500793
500.0,-1.12873292e-06,100.0202318,0.00500692,0.50079
500.0,-1.002993497e-06,100.0198945,0.00500692,0.5008
500.0,-1.122247307e-06,100.0199752,0.00500689,0.500788
500.0,-1.041957755e-06,100.0199507,0.00500691,0.500791
500.0,-1.099693757e-06,100.0203049,0.00500689,0.500785
Freq,500,Rs,100.0200082625,0.00021654792810502904,Ls,-1.1043681995625e-06,5.6853405233275567e-08
":SOUR:DCS:STAT OFF;:BIAS:STAT OFF;:COMP:BIN:COUN:CLE;:LIST:CLE:ALL;:COMP:BIN:CLE;:AMPL:ALC OFF;:APER LONG,1;:BIAS:POL:AUTO OFF;:BIAS:RANG:AUTO ON;:BIAS:VOLT:LEV 0;:COMP:ABIN OFF;:COMP:BIN:COUN:STAT OFF;:COMP:MODE PTOL;:COMP:SLIM -9.9e+037,9.9e+037;:COMP:STAT OFF;:COMP:SWAP OFF;:COMP:TOL:NOM 0;:DISP:ENAB ON;:DISP:LINE """";:DISP:WIND:TEXT1:DATA:FMSD:DATA 1e-009;:DISP:WIND:TEXT2:DATA:FMSD:DATA 1e-009;:FORM:ASC:LONG ON;:FORM:BORD NORM;:FORM:DATA ASC,64;:FREQ:CW 500;:FUNC:DEV1:MODE OFF;:FUNC:DEV1:REF:VAL 0;:FUNC:DEV2:MODE OFF;:FUNC:DEV2:REF:VAL 0;:FUNC:IMP:TYPE LSRS;:FUNC:SMON:IDC:STAT OFF;:FUNC:SMON:VDC:STAT OFF;:INIT:CONT OFF;:LIST:MODE SEQ;:LIST:STIM:TYPE FREQ,NONE;:SOUR:DCS:VOLT:LEV 0;:TRIG:DEL 0;:TRIG:SOUR INT;:TRIG:TDEL 0;:VOLT:LEV 1;:DISP:WIND:TEXT1:DATA:FMSD:STAT OFF;:DISP:WIND:TEXT2:DATA:FMSD:STAT OFF;:FUNC:DCR:RANG:VAL 100;:FUNC:IMP:RANG:VAL 100;:OUTP:DC:ISOL:LEV:VAL 0.02;:OUTP:DC:ISOL:STAT OFF;:FUNC:DCR:RANG:AUTO ON;:FUNC:IMP:RANG:AUTO ON;:OUTP:DC:ISOL:LEV:AUTO ON;:DISP:PAGE MEASurement;
"
800.0,-4.284386239e-07,100.0191078,0.00501397,0.501496
800.0,-4.795623488e-07,100.0189324,0.00501392,0.501485
800.0,-4.711913818e-07,100.019,0.00501399,0.501497
800.0,-4.420299772e-07,100.0187454,0.00501398,0.501493
800.0,-4.937015309e-07,100.0189707,0.00501399,0.501493
800.0,-4.41896931e-07,100.0190622,0.00501396,0.501486
800.0,-4.596567868e-07,100.0188994,0.00501402,0.501489
800.0,-4.659240204e-07,100.0188,0.00501398,0.501492
800.0,-5.094866274e-07,100.018411,0.00501398,0.501493
800.0,-4.673413063e-07,100.0189275,0.00501394,0.501494
800.0,-4.542162535e-07,100.0190421,0.00501391,0.501486
800.0,-4.578753827e-07,100.0189435,0.00501397,0.501493
800.0,-5.206986677e-07,100.0190428,0.00501396,0.501484
800.0,-4.256147992e-07,100.0188071,0.00501393,0.501486
800.0,-4.94911705e-07,100.0188324,0.00501394,0.50149
800.0,-4.693550142e-07,100.019012,0.00501403,0.501491
Freq,800,Rs,100.01890851875,0.00016859740297951018,Ls,-4.6761883479999997e-07,2.7216116581855414e-08
":SOUR:DCS:STAT OFF;:BIAS:STAT OFF;:COMP:BIN:COUN:CLE;:LIST:CLE:ALL;:COMP:BIN:CLE;:AMPL:ALC OFF;:APER LONG,1;:BIAS:POL:AUTO OFF;:BIAS:RANG:AUTO ON;:BIAS:VOLT:LEV 0;:COMP:ABIN OFF;:COMP:BIN:COUN:STAT OFF;:COMP:MODE PTOL;:COMP:SLIM -9.9e+037,9.9e+037;:COMP:STAT OFF;:COMP:SWAP OFF;:COMP:TOL:NOM 0;:DISP:ENAB ON;:DISP:LINE """";:DISP:WIND:TEXT1:DATA:FMSD:DATA 1e-009;:DISP:WIND:TEXT2:DATA:FMSD:DATA 1e-009;:FORM:ASC:LONG ON;:FORM:BORD NORM;:FORM:DATA ASC,64;:FREQ:CW 800;:FUNC:DEV1:MODE OFF;:FUNC:DEV1:REF:VAL 0;:FUNC:DEV2:MODE OFF;:FUNC:DEV2:REF:VAL 0;:FUNC:IMP:TYPE LSRS;:FUNC:SMON:IDC:STAT OFF;:FUNC:SMON:VDC:STAT OFF;:INIT:CONT OFF;:LIST:MODE SEQ;:LIST:STIM:TYPE FREQ,NONE;:SOUR:DCS:VOLT:LEV 0;:TRIG:DEL 0;:TRIG:SOUR INT;:TRIG:TDEL 0;:VOLT:LEV 1;:DISP:WIND:TEXT1:DATA:FMSD:STAT OFF;:DISP:WIND:TEXT2:DATA:FMSD:STAT OFF;:FUNC:DCR:RANG:VAL 100;:FUNC:IMP:RANG:VAL 100;:OUTP:DC:ISOL:LEV:VAL 0.02;:OUTP:DC:ISOL:STAT OFF;:FUNC:DCR:RANG:AUTO ON;:FUNC:IMP:RANG:AUTO ON;:OUTP:DC:ISOL:LEV:AUTO ON;:DISP:PAGE MEASurement;
"
1000.0,3.176094518e-07,100.0187709,0.00499738,0.499833
1000.0,3.074093465e-07,100.0184445,0.00499739,0.49983
1000.0,2.835872839e-07,100.0183621,0.00499737,0.499827
1000.0,3.171528383e-07,100.0185287,0.00499742,0.499832
1000.0,2.747094621e-07,100.0185057,0.00499741,0.499829
1000.0,2.795069214e-07,100.0183364,0.00499738,0.499836
1000.0,3.040416114e-07,100.0185323,0.00499737,0.499833
1000.0,3.035590549e-07,100.0184641,0.00499739,0.499827
1000.0,2.796013334e-07,100.0183632,0.00499734,0.499828
1000.0,3.33254958e-07,100.0183746,0.00499737,0.499823
1000.0,3.279360718e-07,100.0184219,0.00499738,0.499826
1000.0,3.288800512e-07,100.0182296,0.00499732,0.499827
1000.0,3.370164266e-07,100.0186099,0.00499737,0.499831
1000.0,3.624556737e-07,100.0183042,0.00499733,0.499824
1000.0,2.816893017e-07,100.0184594,0.00499734,0.499824
1000.0,3.176840045e-07,100.0183706,0.00499733,0.499824
Freq,1000,Rs,100.01844238125,0.0001303281817523488,Ls,3.0975586195e-07,2.5231924107314458e-08
":SOUR:DCS:STAT OFF;:BIAS:STAT OFF;:COMP:BIN:COUN:CLE;:LIST:CLE:ALL;:COMP:BIN:CLE;:AMPL:ALC OFF;:APER LONG,1;:BIAS:POL:AUTO OFF;:BIAS:RANG:AUTO ON;:BIAS:VOLT:LEV 0;:COMP:ABIN OFF;:COMP:BIN:COUN:STAT OFF;:COMP:MODE PTOL;:COMP:SLIM -9.9e+037,9.9e+037;:COMP:STAT OFF;:COMP:SWAP OFF;:COMP:TOL:NOM 0;:DISP:ENAB ON;:DISP:LINE """";:DISP:WIND:TEXT1:DATA:FMSD:DATA 1e-009;:DISP:WIND:TEXT2:DATA:FMSD:DATA 1e-009;:FORM:ASC:LONG ON;:FORM:BORD NORM;:FORM:DATA ASC,64;:FREQ:CW 1000;:FUNC:DEV1:MODE OFF;:FUNC:DEV1:REF:VAL 0;:FUNC:DEV2:MODE OFF;:FUNC:DEV2:REF:VAL 0;:FUNC:IMP:TYPE LSRS;:FUNC:SMON:IDC:STAT OFF;:FUNC:SMON:VDC:STAT OFF;:INIT:CONT OFF;:LIST:MODE SEQ;:LIST:STIM:TYPE FREQ,NONE;:SOUR:DCS:VOLT:LEV 0;:TRIG:DEL 0;:TRIG:SOUR INT;:TRIG:TDEL 0;:VOLT:LEV 1;:DISP:WIND:TEXT1:DATA:FMSD:STAT OFF;:DISP:WIND:TEXT2:DATA:FMSD:STAT OFF;:FUNC:DCR:RANG:VAL 100;:FUNC:IMP:RANG:VAL 100;:OUTP:DC:ISOL:LEV:VAL 0.02;:OUTP:DC:ISOL:STAT OFF;:FUNC:DCR:RANG:AUTO ON;:FUNC:IMP:RANG:AUTO ON;:OUTP:DC:ISOL:LEV:AUTO ON;:DISP:PAGE MEASurement;
"
1200.0,4.651059905e-07,100.0251647,0.00502402,0.502533
1200.0,4.837203271e-07,100.0252841,0.00502412,0.502534
1200.0,4.593827326e-07,100.0250941,0.00502402,0.502534
1200.0,4.866723049e-07,100.025051,0.0050241,0.502539
1200.0,4.934117702e-07,100.0249015,0.00502404,0.502533
1200.0,4.666239461e-07,100.0249995,0.00502405,0.502531
1200.0,4.65659113e-07,100.0251624,0.00502407,0.502531
1200.0,4.740028529e-07,100.0249645,0.00502411,0.50253
1200.0,4.840847903e-07,100.0251678,0.00502405,0.50253
1200.0,4.761806496e-07,100.0249227,0.00502412,0.502533
1200.0,4.69465074e-07,100.0252666,0.00502403,0.502536
1200.0,5.03256458e-07,100.0253736,0.00502404,0.502528
1200.0,5.190024434e-07,100.0253371,0.00502408,0.502531
1200.0,4.308792045e-07,100.02488,0.00502405,0.502528
1200.0,4.752948501e-07,100.0250922,0.00502403,0.502531
1200.0,4.470000569e-07,100.0252654,0.00502403,0.502529
Freq,1200,Rs,100.02512045,0.00015837908952739767,Ls,4.7498391025625e-07,2.102602309233669e-08
":SOUR:DCS:STAT OFF;:BIAS:STAT OFF;:COMP:BIN:COUN:CLE;:LIST:CLE:ALL;:COMP:BIN:CLE;:AMPL:ALC OFF;:APER LONG,1;:BIAS:POL:AUTO OFF;:BIAS:RANG:AUTO ON;:BIAS:VOLT:LEV 0;:COMP:ABIN OFF;:COMP:BIN:COUN:STAT OFF;:COMP:MODE PTOL;:COMP:SLIM -9.9e+037,9.9e+037;:COMP:STAT OFF;:COMP:SWAP OFF;:COMP:TOL:NOM 0;:DISP:ENAB ON;:DISP:LINE """";:DISP:WIND:TEXT1:DATA:FMSD:DATA 1e-009;:DISP:WIND:TEXT2:DATA:FMSD:DATA 1e-009;:FORM:ASC:LONG ON;:FORM:BORD NORM;:FORM:DATA ASC,64;:FREQ:CW 1200;:FUNC:DEV1:MODE OFF;:FUNC:DEV1:REF:VAL 0;:FUNC:DEV2:MODE OFF;:FUNC:DEV2:REF:VAL 0;:FUNC:IMP:TYPE LSRS;:FUNC:SMON:IDC:STAT OFF;:FUNC:SMON:VDC:STAT OFF;:INIT:CONT OFF;:LIST:MODE SEQ;:LIST:STIM:TYPE FREQ,NONE;:SOUR:DCS:VOLT:LEV 0;:TRIG:DEL 0;:TRIG:SOUR INT;:TRIG:TDEL 0;:VOLT:LEV 1;:DISP:WIND:TEXT1:DATA:FMSD:STAT OFF;:DISP:WIND:TEXT2:DATA:FMSD:STAT OFF;:FUNC:DCR:RANG:VAL 100;:FUNC:IMP:RANG:VAL 100;:OUTP:DC:ISOL:LEV:VAL 0.02;:OUTP:DC:ISOL:STAT OFF;:FUNC:DCR:RANG:AUTO ON;:FUNC:IMP:RANG:AUTO ON;:OUTP:DC:ISOL:LEV:AUTO ON;:DISP:PAGE MEASurement;
"
1591.549,2.265345745e-07,100.0233208,0.00502985,0.503104
1591.549,1.823409436e-07,100.0232615,0.00502979,0.503101
1591.549,1.885597717e-07,100.0233037,0.00502986,0.503107
1591.549,1.934839156e-07,100.0232299,0.00502985,0.503097
1591.549,2.15931908e-07,100.0228295,0.00502983,0.503101
1591.549,2.195489249e-07,100.0230726,0.00502986,0.503099
1591.549,2.265497785e-07,100.0230564,0.00502983,0.503097
1591.549,2.181627861e-07,100.0231361,0.00502987,0.503104
1591.549,1.984919305e-07,100.0234158,0.00502991,0.503103
1591.549,2.16260888e-07,100.0230311,0.00502985,0.503096
1591.549,2.265827778e-07,100.0231343,0.00502987,0.503104
1591.549,2.304732455e-07,100.0231033,0.0050299,0.503101
1591.549,2.262431174e-07,100.0231073,0.00502986,0.503108
1591.549,2.183634807e-07,100.0230348,0.00502987,0.503105
1591.549,2.266538308e-07,100.0232327,0.00502981,0.503102
1591.549,2.031514298e-07,100.0229821,0.00502981,0.503101
Freq,1591.549,Rs,100.02314074375,0.0001472515261653301,Ls,2.135833314625e-07,1.5397289485225522e-08
":SOUR:DCS:STAT OFF;:BIAS:STAT OFF;:COMP:BIN:COUN:CLE;:LIST:CLE:ALL;:COMP:BIN:CLE;:AMPL:ALC OFF;:APER LONG,1;:BIAS:POL:AUTO OFF;:BIAS:RANG:AUTO ON;:BIAS:VOLT:LEV 0;:COMP:ABIN OFF;:COMP:BIN:COUN:STAT OFF;:COMP:MODE PTOL;:COMP:SLIM -9.9e+037,9.9e+037;:COMP:STAT OFF;:COMP:SWAP OFF;:COMP:TOL:NOM 0;:DISP:ENAB ON;:DISP:LINE """";:DISP:WIND:TEXT1:DATA:FMSD:DATA 1e-009;:DISP:WIND:TEXT2:DATA:FMSD:DATA 1e-009;:FORM:ASC:LONG ON;:FORM:BORD NORM;:FORM:DATA ASC,64;:FREQ:CW 1592;:FUNC:DEV1:MODE OFF;:FUNC:DEV1:REF:VAL 0;:FUNC:DEV2:MODE OFF;:FUNC:DEV2:REF:VAL 0;:FUNC:IMP:TYPE LSRS;:FUNC:SMON:IDC:STAT OFF;:FUNC:SMON:VDC:STAT OFF;:INIT:CONT OFF;:LIST:MODE SEQ;:LIST:STIM:TYPE FREQ,NONE;:SOUR:DCS:VOLT:LEV 0;:TRIG:DEL 0;:TRIG:SOUR INT;:TRIG:TDEL 0;:VOLT:LEV 1;:DISP:WIND:TEXT1:DATA:FMSD:STAT OFF;:DISP:WIND:TEXT2:DATA:FMSD:STAT OFF;:FUNC:DCR:RANG:VAL 100;:FUNC:IMP:RANG:VAL 100;:OUTP:DC:ISOL:LEV:VAL 0.02;:OUTP:DC:ISOL:STAT OFF;:FUNC:DCR:RANG:AUTO ON;:FUNC:IMP:RANG:AUTO ON;:OUTP:DC:ISOL:LEV:AUTO ON;:DISP:PAGE MEASurement;
"
1800.0,1.724862455e-07,100.0227086,0.00503294,0.503407
1800.0,1.812720324e-07,100.0227405,0.00503294,0.503413
1800.0,1.648738613e-07,100.0227312,0.005033,0.503412
1800.0,1.478965035e-07,100.0226267,0.00503296,0.503411
1800.0,1.581926183e-07,100.022728,0.00503291,0.503409
1800.0,1.584355473e-07,100.0228196,0.00503294,0.50341
1800.0,1.52876087e-07,100.0229687,0.00503292,0.503415
1800.0,1.752132007e-07,100.0229636,0.00503302,0.50341
1800.0,1.379680087e-07,100.0227422,0.00503292,0.503406
1800.0,1.737104987e-07,100.0225155,0.00503293,0.503406
1800.0,1.628410537e-07,100.0227484,0.00503294,0.50341
1800.0,1.473915265e-07,100.0226127,0.00503295,0.503409
1800.0,1.733105054e-07,100.0227659,0.00503291,0.503414
1800.0,1.551276584e-07,100.0230123,0.00503299,0.50341
1800.0,1.44328582e-07,100.0227338,0.00503297,0.503415
1800.0,1.58578109e-07,100.0229406,0.00503295,0.503408
Freq,1800,Rs,100.02277239375,0.0001384845380975399,Ls,1.602813774e-07,1.2527968203902945e-08
":SOUR:DCS:STAT OFF;:BIAS:STAT OFF;:COMP:BIN:COUN:CLE;:LIST:CLE:ALL;:COMP:BIN:CLE;:AMPL:ALC OFF;:APER LONG,1;:BIAS:POL:AUTO OFF;:BIAS:RANG:AUTO ON;:BIAS:VOLT:LEV 0;:COMP:ABIN OFF;:COMP:BIN:COUN:STAT OFF;:COMP:MODE PTOL;:COMP:SLIM -9.9e+037,9.9e+037;:COMP:STAT OFF;:COMP:SWAP OFF;:COMP:TOL:NOM 0;:DISP:ENAB ON;:DISP:LINE """";:DISP:WIND:TEXT1:DATA:FMSD:DATA 1e-009;:DISP:WIND:TEXT2:DATA:FMSD:DATA 1e-009;:FORM:ASC:LONG ON;:FORM:BORD NORM;:FORM:DATA ASC,64;:FREQ:CW 1800;:FUNC:DEV1:MODE OFF;:FUNC:DEV1:REF:VAL 0;:FUNC:DEV2:MODE OFF;:FUNC:DEV2:REF:VAL 0;:FUNC:IMP:TYPE LSRS;:FUNC:SMON:IDC:STAT OFF;:FUNC:SMON:VDC:STAT OFF;:INIT:CONT OFF;:LIST:MODE SEQ;:LIST:STIM:TYPE FREQ,NONE;:SOUR:DCS:VOLT:LEV 0;:TRIG:DEL 0;:TRIG:SOUR INT;:TRIG:TDEL 0;:VOLT:LEV 1;:DISP:WIND:TEXT1:DATA:FMSD:STAT OFF;:DISP:WIND:TEXT2:DATA:FMSD:STAT OFF;:FUNC:DCR:RANG:VAL 100;:FUNC:IMP:RANG:VAL 100;:OUTP:DC:ISOL:LEV:VAL 0.02;:OUTP:DC:ISOL:STAT OFF;:FUNC:DCR:RANG:AUTO ON;:FUNC:IMP:RANG:AUTO ON;:OUTP:DC:ISOL:LEV:AUTO ON;:DISP:PAGE MEASurement;
"
2000.0,7.608689829e-08,100.0194519,0.00502545,0.502642
2000.0,8.70293941e-08,100.0196863,0.0050254,0.502645
2000.0,8.182954891e-08,100.0195991,0.00502542,0.502641
2000.0,9.667218741e-08,100.0193176,0.00502541,0.502634
2000.0,6.892194176e-08,100.0195487,0.00502542,0.502639
2000.0,7.164691858e-08,100.0195893,0.00502546,0.502649
2000.0,9.105700065e-08,100.019327,0.00502542,0.502644
2000.0,8.884976518e-08,100.0194929,0.00502547,0.502644
2000.0,7.669158511e-08,100.0195759,0.00502543,0.502637
2000.0,7.534172698e-08,100.0196021,0.00502544,0.502644
2000.0,7.182216827e-08,100.0195062,0.00502542,0.50264
2000.0,9.642045557e-08,100.0194764,0.00502535,0.502636
2000.0,8.54209681e-08,100.0196856,0.00502543,0.502643
2000.0,7.895955661e-08,100.0193534,0.00502542,0.502638
2000.0,8.786968121e-08,100.019583,0.00502542,0.502637
2000.0,9.46197769e-08,100.0191717,0.00502542,0.502641
Freq,2000,Rs,100.01949794375,0.00014323855146277203,Ls,8.3077473351875e-08,9.175568609915353e-09
":SOUR:DCS:STAT OFF;:BIAS:STAT OFF;:COMP:BIN:COUN:CLE;:LIST:CLE:ALL;:COMP:BIN:CLE;:AMPL:ALC OFF;:APER LONG,1;:BIAS:POL:AUTO OFF;:BIAS:RANG:AUTO ON;:BIAS:VOLT:LEV 0;:COMP:ABIN OFF;:COMP:BIN:COUN:STAT OFF;:COMP:MODE PTOL;:COMP:SLIM -9.9e+037,9.9e+037;:COMP:STAT OFF;:COMP:SWAP OFF;:COMP:TOL:NOM 0;:DISP:ENAB ON;:DISP:LINE """";:DISP:WIND:TEXT1:DATA:FMSD:DATA 1e-009;:DISP:WIND:TEXT2:DATA:FMSD:DATA 1e-009;:FORM:ASC:LONG ON;:FORM:BORD NORM;:FORM:DATA ASC,64;:FREQ:CW 2000;:FUNC:DEV1:MODE OFF;:FUNC:DEV1:REF:VAL 0;:FUNC:DEV2:MODE OFF;:FUNC:DEV2:REF:VAL 0;:FUNC:IMP:TYPE LSRS;:FUNC:SMON:IDC:STAT OFF;:FUNC:SMON:VDC:STAT OFF;:INIT:CONT OFF;:LIST:MODE SEQ;:LIST:STIM:TYPE FREQ,NONE;:SOUR:DCS:VOLT:LEV 0;:TRIG:DEL 0;:TRIG:SOUR INT;:TRIG:TDEL 0;:VOLT:LEV 1;:DISP:WIND:TEXT1:DATA:FMSD:STAT OFF;:DISP:WIND:TEXT2:DATA:FMSD:STAT OFF;:FUNC:DCR:RANG:VAL 100;:FUNC:IMP:RANG:VAL 100;:OUTP:DC:ISOL:LEV:VAL 0.02;:OUTP:DC:ISOL:STAT OFF;:FUNC:DCR:RANG:AUTO ON;:FUNC:IMP:RANG:AUTO ON;:OUTP:DC:ISOL:LEV:AUTO ON;:DISP:PAGE MEASurement;
"
3000.0,5.083558348e-08,100.0194229,0.00500494,0.500597
3000.0,5.664271546e-08,100.0197213,0.00500504,0.500599
3000.0,4.648884359e-08,100.0198825,0.00500498,0.500595
3000.0,5.297073419e-08,100.0194058,0.005005,0.500599
3000.0,4.46791984e-08,100.0195008,0.00500501,0.500594
3000.0,6.398846656e-08,100.0194296,0.00500505,0.500604
3000.0,6.199385236e-08,100.0194355,0.00500502,0.500603
3000.0,6.130158232e-08,100.0194145,0.00500495,0.500594
3000.0,6.097054597e-08,100.0194677,0.00500503,0.500596
3000.0,5.947971533e-08,100.0197145,0.00500501,0.500601
3000.0,6.970139901e-08,100.0196778,0.00500497,0.500596
3000.0,6.647441915e-08,100.0197007,0.00500501,0.500594
3000.0,5.149636678e-08,100.0196565,0.00500501,0.500602
3000.0,5.247492502e-08,100.0197122,0.00500503,0.5006
3000.0,4.770966171e-08,100.0195356,0.00500507,0.500605
3000.0,4.957589151e-08,100.0199452,0.00500502,0.500597
Freq,3000,Rs,100.01960144374999,0.00017316856900557851,Ls,5.60489938025e-08,7.570371600559853e-09
":SOUR:DCS:STAT OFF;:BIAS:STAT OFF;:COMP:BIN:COUN:CLE;:LIST:CLE:ALL;:COMP:BIN:CLE;:AMPL:ALC OFF;:APER LONG,1;:BIAS:POL:AUTO OFF;:BIAS:RANG:AUTO ON;:BIAS:VOLT:LEV 0;:COMP:ABIN OFF;:COMP:BIN:COUN:STAT OFF;:COMP:MODE PTOL;:COMP:SLIM -9.9e+037,9.9e+037;:COMP:STAT OFF;:COMP:SWAP OFF;:COMP:TOL:NOM 0;:DISP:ENAB ON;:DISP:LINE """";:DISP:WIND:TEXT1:DATA:FMSD:DATA 1e-009;:DISP:WIND:TEXT2:DATA:FMSD:DATA 1e-009;:FORM:ASC:LONG ON;:FORM:BORD NORM;:FORM:DATA ASC,64;:FREQ:CW 3000;:FUNC:DEV1:MODE OFF;:FUNC:DEV1:REF:VAL 0;:FUNC:DEV2:MODE OFF;:FUNC:DEV2:REF:VAL 0;:FUNC:IMP:TYPE LSRS;:FUNC:SMON:IDC:STAT OFF;:FUNC:SMON:VDC:STAT OFF;:INIT:CONT OFF;:LIST:MODE SEQ;:LIST:STIM:TYPE FREQ,NONE;:SOUR:DCS:VOLT:LEV 0;:TRIG:DEL 0;:TRIG:SOUR INT;:TRIG:TDEL 0;:VOLT:LEV 1;:DISP:WIND:TEXT1:DATA:FMSD:STAT OFF;:DISP:WIND:TEXT2:DATA:FMSD:STAT OFF;:FUNC:DCR:RANG:VAL 100;:FUNC:IMP:RANG:VAL 100;:OUTP:DC:ISOL:LEV:VAL 0.02;:OUTP:DC:ISOL:STAT OFF;:FUNC:DCR:RANG:AUTO ON;:FUNC:IMP:RANG:AUTO ON;:OUTP:DC:ISOL:LEV:AUTO ON;:DISP:PAGE MEASurement;
"
4000.0,4.277749808e-08,100.0217088,0.00500643,0.50075
4000.0,4.862486693e-08,100.0211832,0.00500649,0.500751
4000.0,3.785367385e-08,100.0212686,0.00500648,0.500753
4000.0,4.608305409e-08,100.0213871,0.00500648,0.500755
4000.0,4.399425003e-08,100.0214138,0.00500643,0.500754
4000.0,4.879858678e-08,100.0216565,0.00500642,0.500751
4000.0,3.970049305e-08,100.021219,0.00500639,0.500751
4000.0,4.629101856e-08,100.0214894,0.00500644,0.500753
4000.0,4.153300515e-08,100.0216265,0.00500648,0.500752
4000.0,4.260088872e-08,100.0217628,0.00500649,0.500751
4000.0,4.094145076e-08,100.021013,0.00500646,0.500754
4000.0,5.605366204e-08,100.0214391,0.00500647,0.500754
4000.0,3.428475247e-08,100.0218586,0.00500647,0.500752
4000.0,4.457065874e-08,100.0217393,0.00500644,0.500749
4000.0,4.799462788e-08,100.0214889,0.0050065,0.500759
4000.0,4.757455469e-08,100.0211741,0.00500639,0.500755
Freq,4000,Rs,100.02146429375,0.00024751908874300115,Ls,4.435481511374999e-08,5.137329303585717e-09
":SOUR:DCS:STAT OFF;:BIAS:STAT OFF;:COMP:BIN:COUN:CLE;:LIST:CLE:ALL;:COMP:BIN:CLE;:AMPL:ALC OFF;:APER LONG,1;:BIAS:POL:AUTO OFF;:BIAS:RANG:AUTO ON;:BIAS:VOLT:LEV 0;:COMP:ABIN OFF;:COMP:BIN:COUN:STAT OFF;:COMP:MODE PTOL;:COMP:SLIM -9.9e+037,9.9e+037;:COMP:STAT OFF;:COMP:SWAP OFF;:COMP:TOL:NOM 0;:DISP:ENAB ON;:DISP:LINE """";:DISP:WIND:TEXT1:DATA:FMSD:DATA 1e-009;:DISP:WIND:TEXT2:DATA:FMSD:DATA 1e-009;:FORM:ASC:LONG ON;:FORM:BORD NORM;:FORM:DATA ASC,64;:FREQ:CW 4000;:FUNC:DEV1:MODE OFF;:FUNC:DEV1:REF:VAL 0;:FUNC:DEV2:MODE OFF;:FUNC:DEV2:REF:VAL 0;:FUNC:IMP:TYPE LSRS;:FUNC:SMON:IDC:STAT OFF;:FUNC:SMON:VDC:STAT OFF;:INIT:CONT OFF;:LIST:MODE SEQ;:LIST:STIM:TYPE FREQ,NONE;:SOUR:DCS:VOLT:LEV 0;:TRIG:DEL 0;:TRIG:SOUR INT;:TRIG:TDEL 0;:VOLT:LEV 1;:DISP:WIND:TEXT1:DATA:FMSD:STAT OFF;:DISP:WIND:TEXT2:DATA:FMSD:STAT OFF;:FUNC:DCR:RANG:VAL 100;:FUNC:IMP:RANG:VAL 100;:OUTP:DC:ISOL:LEV:VAL 0.02;:OUTP:DC:ISOL:STAT OFF;:FUNC:DCR:RANG:AUTO ON;:FUNC:IMP:RANG:AUTO ON;:OUTP:DC:ISOL:LEV:AUTO ON;:DISP:PAGE MEASurement;
"
5000.0,2.075026743e-08,100.019734,0.00500023,0.50012
5000.0,2.522003282e-08,100.0196026,0.00500011,0.500105
5000.0,2.511993152e-08,100.0198686,0.00500014,0.500114
5000.0,2.519144656e-08,100.0195807,0.00500014,0.500112
5000.0,1.939459628e-08,100.0196375,0.00500012,0.500102
5000.0,2.633105711e-08,100.0194163,0.00500011,0.50011
5000.0,2.272311083e-08,100.0199607,0.00500006,0.500105
5000.0,3.085165291e-08,100.0200874,0.00500012,0.500114
5000.0,2.24441247e-08,100.0199768,0.0050002,0.500114
5000.0,2.188047147e-08,100.0196653,0.00500016,0.500116
5000.0,2.71695613e-08,100.0197229,0.0050001,0.500105
5000.0,1.775630796e-08,100.0199309,0.00500009,0.500104
5000.0,2.137460377e-08,100.0197384,0.00500011,0.500114
5000.0,1.575925771e-08,100.0200168,0.0050001,0.500102
5000.0,2.300243733e-08,100.0196097,0.00500008,0.500112
5000.0,2.37326845e-08,100.0195988,0.00500007,0.500107
Freq,5000,Rs,100.01975921249999,0.00019175198521115605,Ls,2.30438465125e-08,3.7159710413994916e-09
":SOUR:DCS:STAT OFF;:BIAS:STAT OFF;:COMP:BIN:COUN:CLE;:LIST:CLE:ALL;:COMP:BIN:CLE;:AMPL:ALC OFF;:APER LONG,1;:BIAS:POL:AUTO OFF;:BIAS:RANG:AUTO ON;:BIAS:VOLT:LEV 0;:COMP:ABIN OFF;:COMP:BIN:COUN:STAT OFF;:COMP:MODE PTOL;:COMP:SLIM -9.9e+037,9.9e+037;:COMP:STAT OFF;:COMP:SWAP OFF;:COMP:TOL:NOM 0;:DISP:ENAB ON;:DISP:LINE """";:DISP:WIND:TEXT1:DATA:FMSD:DATA 1e-009;:DISP:WIND:TEXT2:DATA:FMSD:DATA 1e-009;:FORM:ASC:LONG ON;:FORM:BORD NORM;:FORM:DATA ASC,64;:FREQ:CW 5000;:FUNC:DEV1:MODE OFF;:FUNC:DEV1:REF:VAL 0;:FUNC:DEV2:MODE OFF;:FUNC:DEV2:REF:VAL 0;:FUNC:IMP:TYPE LSRS;:FUNC:SMON:IDC:STAT OFF;:FUNC:SMON:VDC:STAT OFF;:INIT:CONT OFF;:LIST:MODE SEQ;:LIST:STIM:TYPE FREQ,NONE;:SOUR:DCS:VOLT:LEV 0;:TRIG:DEL 0;:TRIG:SOUR INT;:TRIG:TDEL 0;:VOLT:LEV 1;:DISP:WIND:TEXT1:DATA:FMSD:STAT OFF;:DISP:WIND:TEXT2:DATA:FMSD:STAT OFF;:FUNC:DCR:RANG:VAL 100;:FUNC:IMP:RANG:VAL 100;:OUTP:DC:ISOL:LEV:VAL 0.02;:OUTP:DC:ISOL:STAT OFF;:FUNC:DCR:RANG:AUTO ON;:FUNC:IMP:RANG:AUTO ON;:OUTP:DC:ISOL:LEV:AUTO ON;:DISP:PAGE MEASurement;
"
8000.0,8.458039709e-09,100.0197565,0.00500461,0.500559
8000.0,7.958099064e-09,100.0197626,0.00500459,0.500554
8000.0,1.100811864e-08,100.0194239,0.00500459,0.500558
8000.0,7.227326282e-09,100.0196998,0.00500461,0.50056
8000.0,1.010080856e-08,100.019923,0.00500462,0.500554
8000.0,8.153426294e-09,100.0198905,0.00500458,0.500558
8000.0,7.640611579e-09,100.0199856,0.0050046,0.500553
8000.0,7.457558174e-09,100.0200199,0.00500451,0.500552
8000.0,1.151106761e-08,100.0196453,0.00500465,0.50056
8000.0,1.400556598e-08,100.0198389,0.00500461,0.500561
8000.0,7.189848217e-09,100.0196228,0.00500457,0.500557
8000.0,9.005501127e-09,100.0199354,0.00500455,0.500562
8000.0,5.050247773e-09,100.0197809,0.00500454,0.500562
8000.0,8.081036758e-09,100.0196246,0.00500455,0.500558
8000.0,8.573850115e-09,100.0203036,0.00500459,0.500561
8000.0,1.15490821e-08,100.019828,0.00500465,0.500566
Freq,8000,Rs,100.01981508125,0.00020297306953987723,Ls,8.935636748874999e-09,2.1970545384798574e-09
":SOUR:DCS:STAT OFF;:BIAS:STAT OFF;:COMP:BIN:COUN:CLE;:LIST:CLE:ALL;:COMP:BIN:CLE;:AMPL:ALC OFF;:APER LONG,1;:BIAS:POL:AUTO OFF;:BIAS:RANG:AUTO ON;:BIAS:VOLT:LEV 0;:COMP:ABIN OFF;:COMP:BIN:COUN:STAT OFF;:COMP:MODE PTOL;:COMP:SLIM -9.9e+037,9.9e+037;:COMP:STAT OFF;:COMP:SWAP OFF;:COMP:TOL:NOM 0;:DISP:ENAB ON;:DISP:LINE """";:DISP:WIND:TEXT1:DATA:FMSD:DATA 1e-009;:DISP:WIND:TEXT2:DATA:FMSD:DATA 1e-009;:FORM:ASC:LONG ON;:FORM:BORD NORM;:FORM:DATA ASC,64;:FREQ:CW 8000;:FUNC:DEV1:MODE OFF;:FUNC:DEV1:REF:VAL 0;:FUNC:DEV2:MODE OFF;:FUNC:DEV2:REF:VAL 0;:FUNC:IMP:TYPE LSRS;:FUNC:SMON:IDC:STAT OFF;:FUNC:SMON:VDC:STAT OFF;:INIT:CONT OFF;:LIST:MODE SEQ;:LIST:STIM:TYPE FREQ,NONE;:SOUR:DCS:VOLT:LEV 0;:TRIG:DEL 0;:TRIG:SOUR INT;:TRIG:TDEL 0;:VOLT:LEV 1;:DISP:WIND:TEXT1:DATA:FMSD:STAT OFF;:DISP:WIND:TEXT2:DATA:FMSD:STAT OFF;:FUNC:DCR:RANG:VAL 100;:FUNC:IMP:RANG:VAL 100;:OUTP:DC:ISOL:LEV:VAL 0.02;:OUTP:DC:ISOL:STAT OFF;:FUNC:DCR:RANG:AUTO ON;:FUNC:IMP:RANG:AUTO ON;:OUTP:DC:ISOL:LEV:AUTO ON;:DISP:PAGE MEASurement;
"
10000.0,9.850046915e-09,100.0196302,0.00500454,0.500551
10000.0,3.478301874e-09,100.0197138,0.00500452,0.500555
10000.0,9.592052435e-09,100.0197666,0.00500451,0.500554
10000.0,7.733201056e-09,100.0197571,0.00500449,0.500555
10000.0,4.885430126e-09,100.019725,0.00500452,0.500549
10000.0,3.70798384e-09,100.0193326,0.0050045,0.50055
10000.0,1.107417525e-08,100.0196229,0.00500448,0.500548
10000.0,7.274355191e-09,100.0198217,0.00500449,0.50055
10000.0,5.342516932e-09,100.019584,0.00500445,0.500547
10000.0,8.647048456e-09,100.020076,0.00500446,0.500544
10000.0,9.760372466e-09,100.0199947,0.00500454,0.500547
10000.0,3.996809992e-09,100.0200462,0.00500453,0.500548
10000.0,7.192385862e-09,100.0202387,0.00500452,0.50055
10000.0,1.557318743e-08,100.0195462,0.00500454,0.500554
10000.0,9.015116681e-09,100.0198568,0.00500457,0.500553
10000.0,7.286101422e-09,100.0195342,0.00500447,0.50055
Freq,10000,Rs,100.01976541875,0.00023496244300957598,Ls,7.775567870499999e-09,3.1614156814815853e-09
":SOUR:DCS:STAT OFF;:BIAS:STAT OFF;:COMP:BIN:COUN:CLE;:LIST:CLE:ALL;:COMP:BIN:CLE;:AMPL:ALC OFF;:APER LONG,1;:BIAS:POL:AUTO OFF;:BIAS:RANG:AUTO ON;:BIAS:VOLT:LEV 0;:COMP:ABIN OFF;:COMP:BIN:COUN:STAT OFF;:COMP:MODE PTOL;:COMP:SLIM -9.9e+037,9.9e+037;:COMP:STAT OFF;:COMP:SWAP OFF;:COMP:TOL:NOM 0;:DISP:ENAB ON;:DISP:LINE """";:DISP:WIND:TEXT1:DATA:FMSD:DATA 1e-009;:DISP:WIND:TEXT2:DATA:FMSD:DATA 1e-009;:FORM:ASC:LONG ON;:FORM:BORD NORM;:FORM:DATA ASC,64;:FREQ:CW 10000;:FUNC:DEV1:MODE OFF;:FUNC:DEV1:REF:VAL 0;:FUNC:DEV2:MODE OFF;:FUNC:DEV2:REF:VAL 0;:FUNC:IMP:TYPE LSRS;:FUNC:SMON:IDC:STAT OFF;:FUNC:SMON:VDC:STAT OFF;:INIT:CONT OFF;:LIST:MODE SEQ;:LIST:STIM:TYPE FREQ,NONE;:SOUR:DCS:VOLT:LEV 0;:TRIG:DEL 0;:TRIG:SOUR INT;:TRIG:TDEL 0;:VOLT:LEV 1;:DISP:WIND:TEXT1:DATA:FMSD:STAT OFF;:DISP:WIND:TEXT2:DATA:FMSD:STAT OFF;:FUNC:DCR:RANG:VAL 100;:FUNC:IMP:RANG:VAL 100;:OUTP:DC:ISOL:LEV:VAL 0.02;:OUTP:DC:ISOL:STAT OFF;:FUNC:DCR:RANG:AUTO ON;:FUNC:IMP:RANG:AUTO ON;:OUTP:DC:ISOL:LEV:AUTO ON;:DISP:PAGE MEASurement;
"
15000.0,-1.530582456e-09,100.0199415,0.00500303,0.500403
15000.0,-1.130961808e-09,100.0198416,0.00500308,0.500408
15000.0,4.863210105e-10,100.0195512,0.00500306,0.500405
15000.0,-1.166955757e-09,100.0196441,0.00500311,0.500402
15000.0,1.817788316e-09,100.0194766,0.00500307,0.500401
15000.0,-2.792439175e-09,100.0196832,0.00500304,0.500406
15000.0,8.002252341e-10,100.0196165,0.00500311,0.500409
15000.0,-2.96207465e-09,100.0199386,0.00500311,0.500413
15000.0,3.61461199e-10,100.0197074,0.00500303,0.500408
15000.0,7.02923087e-10,100.0197241,0.00500302,0.500406
15000.0,-3.859684835e-10,100.0199397,0.00500307,0.500409
15000.0,-1.771945762e-09,100.0198075,0.00500314,0.500414
15000.0,-4.927566665e-09,100.0194547,0.00500311,0.500408
15000.0,-1.73826019e-09,100.0197886,0.00500308,0.500412
15000.0,-1.083498252e-09,100.0197521,0.00500314,0.500406
15000.0,-1.498599458e-09,100.0197628,0.0050031,0.50041
Freq,15000,Rs,100.0197268875,0.0001528599091768047,Ls,-1.05125836311875e-09,1.6870054613785734e-09
":SOUR:DCS:STAT OFF;:BIAS:STAT OFF;:COMP:BIN:COUN:CLE;:LIST:CLE:ALL;:COMP:BIN:CLE;:AMPL:ALC OFF;:APER LONG,1;:BIAS:POL:AUTO OFF;:BIAS:RANG:AUTO ON;:BIAS:VOLT:LEV 0;:COMP:ABIN OFF;:COMP:BIN:COUN:STAT OFF;:COMP:MODE PTOL;:COMP:SLIM -9.9e+037,9.9e+037;:COMP:STAT OFF;:COMP:SWAP OFF;:COMP:TOL:NOM 0;:DISP:ENAB ON;:DISP:LINE """";:DISP:WIND:TEXT1:DATA:FMSD:DATA 1e-009;:DISP:WIND:TEXT2:DATA:FMSD:DATA 1e-009;:FORM:ASC:LONG ON;:FORM:BORD NORM;:FORM:DATA ASC,64;:FREQ:CW 15000;:FUNC:DEV1:MODE OFF;:FUNC:DEV1:REF:VAL 0;:FUNC:DEV2:MODE OFF;:FUNC:DEV2:REF:VAL 0;:FUNC:IMP:TYPE LSRS;:FUNC:SMON:IDC:STAT OFF;:FUNC:SMON:VDC:STAT OFF;:INIT:CONT OFF;:LIST:MODE SEQ;:LIST:STIM:TYPE FREQ,NONE;:SOUR:DCS:VOLT:LEV 0;:TRIG:DEL 0;:TRIG:SOUR INT;:TRIG:TDEL 0;:VOLT:LEV 1;:DISP:WIND:TEXT1:DATA:FMSD:STAT OFF;:DISP:WIND:TEXT2:DATA:FMSD:STAT OFF;:FUNC:DCR:RANG:VAL 100;:FUNC:IMP:RANG:VAL 100;:OUTP:DC:ISOL:LEV:VAL 0.02;:OUTP:DC:ISOL:STAT OFF;:FUNC:DCR:RANG:AUTO ON;:FUNC:IMP:RANG:AUTO ON;:OUTP:DC:ISOL:LEV:AUTO ON;:DISP:PAGE MEASurement;
"
20000.0,1.50375907e-09,100.0194967,0.00500982,0.501078
20000.0,3.851476944e-10,100.0193617,0.0050099,0.501088
20000.0,1.381048781e-09,100.0196321,0.00500987,0.501087
20000.0,-3.106504299e-10,100.0197683,0.00500985,0.501085
20000.0,-2.856150352e-09,100.0201058,0.00500981,0.501082
20000.0,-9.799678534e-10,100.0196888,0.00500978,0.501074
20000.0,-1.293245247e-09,100.0191487,0.00500985,0.50108
20000.0,-2.704717816e-09,100.0198064,0.00500981,0.501086
20000.0,5.225927231e-10,100.0200021,0.00500988,0.501073
20000.0,-2.3058441e-09,100.0197396,0.00500982,0.501088
20000.0,-2.271794781e-10,100.0195981,0.00500978,0.501083
20000.0,1.301499693e-09,100.0196681,0.00500976,0.501083
20000.0,9.713793227e-10,100.0195414,0.00500985,0.501083
20000.0,2.868602161e-10,100.0195474,0.0050098,0.501086
20000.0,1.759360089e-09,100.0196563,0.00500987,0.501087
20000.0,8.12282202e-10,100.0195661,0.00500981,0.501081
Freq,20000,Rs,100.019645475,0.00022657605198357202,Ls,-1.0961409281875e-10,1.5153360042620206e-09
":SOUR:DCS:STAT OFF;:BIAS:STAT OFF;:COMP:BIN:COUN:CLE;:LIST:CLE:ALL;:COMP:BIN:CLE;:AMPL:ALC OFF;:APER LONG,1;:BIAS:POL:AUTO OFF;:BIAS:RANG:AUTO ON;:BIAS:VOLT:LEV 0;:COMP:ABIN OFF;:COMP:BIN:COUN:STAT OFF;:COMP:MODE PTOL;:COMP:SLIM -9.9e+037,9.9e+037;:COMP:STAT OFF;:COMP:SWAP OFF;:COMP:TOL:NOM 0;:DISP:ENAB ON;:DISP:LINE """";:DISP:WIND:TEXT1:DATA:FMSD:DATA 1e-009;:DISP:WIND:TEXT2:DATA:FMSD:DATA 1e-009;:FORM:ASC:LONG ON;:FORM:BORD NORM;:FORM:DATA ASC,64;:FREQ:CW 20000;:FUNC:DEV1:MODE OFF;:FUNC:DEV1:REF:VAL 0;:FUNC:DEV2:MODE OFF;:FUNC:DEV2:REF:VAL 0;:FUNC:IMP:TYPE LSRS;:FUNC:SMON:IDC:STAT OFF;:FUNC:SMON:VDC:STAT OFF;:INIT:CONT OFF;:LIST:MODE SEQ;:LIST:STIM:TYPE FREQ,NONE;:SOUR:DCS:VOLT:LEV 0;:TRIG:DEL 0;:TRIG:SOUR INT;:TRIG:TDEL 0;:VOLT:LEV 1;:DISP:WIND:TEXT1:DATA:FMSD:STAT OFF;:DISP:WIND:TEXT2:DATA:FMSD:STAT OFF;:FUNC:DCR:RANG:VAL 100;:FUNC:IMP:RANG:VAL 100;:OUTP:DC:ISOL:LEV:VAL 0.02;:OUTP:DC:ISOL:STAT OFF;:FUNC:DCR:RANG:AUTO ON;:FUNC:IMP:RANG:AUTO ON;:OUTP:DC:ISOL:LEV:AUTO ON;:DISP:PAGE MEASurement;
"
30000.0,2.917432354e-09,100.0198799,0.00500504,0.500604
30000.0,4.179704349e-09,100.0196053,0.00500502,0.5006
30000.0,6.892036022e-09,100.01968,0.00500498,0.500602
30000.0,5.264890527e-09,100.0199913,0.005005,0.500606
30000.0,4.355182477e-09,100.0196067,0.00500492,0.500606
30000.0,4.93363337e-09,100.0196537,0.005005,0.500597
30000.0,4.192119387e-09,100.0198417,0.00500504,0.500608
30000.0,4.244252667e-09,100.0198589,0.00500502,0.500603
30000.0,5.014814144e-09,100.0201184,0.00500509,0.500618
30000.0,4.650442786e-09,100.0195833,0.00500509,0.500608
30000.0,4.576286974e-09,100.0195753,0.00500502,0.500613
30000.0,4.411184116e-09,100.0195967,0.00500513,0.50061
30000.0,6.500616089e-09,100.0198636,0.00500502,0.50061
30000.0,4.967063542e-09,100.0199922,0.00500502,0.500606
30000.0,5.447962927e-09,100.0200887,0.00500503,0.500607
30000.0,4.849043368e-09,100.0196385,0.00500506,0.500614
Freq,30000,Rs,100.0197858875,0.00019090172646553114,Ls,4.837291568687501e-09,9.311431585169207e-10
":SOUR:DCS:STAT OFF;:BIAS:STAT OFF;:COMP:BIN:COUN:CLE;:LIST:CLE:ALL;:COMP:BIN:CLE;:AMPL:ALC OFF;:APER LONG,1;:BIAS:POL:AUTO OFF;:BIAS:RANG:AUTO ON;:BIAS:VOLT:LEV 0;:COMP:ABIN OFF;:COMP:BIN:COUN:STAT OFF;:COMP:MODE PTOL;:COMP:SLIM -9.9e+037,9.9e+037;:COMP:STAT OFF;:COMP:SWAP OFF;:COMP:TOL:NOM 0;:DISP:ENAB ON;:DISP:LINE """";:DISP:WIND:TEXT1:DATA:FMSD:DATA 1e-009;:DISP:WIND:TEXT2:DATA:FMSD:DATA 1e-009;:FORM:ASC:LONG ON;:FORM:BORD NORM;:FORM:DATA ASC,64;:FREQ:CW 30000;:FUNC:DEV1:MODE OFF;:FUNC:DEV1:REF:VAL 0;:FUNC:DEV2:MODE OFF;:FUNC:DEV2:REF:VAL 0;:FUNC:IMP:TYPE LSRS;:FUNC:SMON:IDC:STAT OFF;:FUNC:SMON:VDC:STAT OFF;:INIT:CONT OFF;:LIST:MODE SEQ;:LIST:STIM:TYPE FREQ,NONE;:SOUR:DCS:VOLT:LEV 0;:TRIG:DEL 0;:TRIG:SOUR INT;:TRIG:TDEL 0;:VOLT:LEV 1;:DISP:WIND:TEXT1:DATA:FMSD:STAT OFF;:DISP:WIND:TEXT2:DATA:FMSD:STAT OFF;:FUNC:DCR:RANG:VAL 100;:FUNC:IMP:RANG:VAL 100;:OUTP:DC:ISOL:LEV:VAL 0.02;:OUTP:DC:ISOL:STAT OFF;:FUNC:DCR:RANG:AUTO ON;:FUNC:IMP:RANG:AUTO ON;:OUTP:DC:ISOL:LEV:AUTO ON;:DISP:PAGE MEASurement;
"
":SOUR:DCS:STAT OFF;:BIAS:STAT OFF;:COMP:BIN:COUN:CLE;:LIST:CLE:ALL;:COMP:BIN:CLE;:AMPL:ALC OFF;:APER LONG,1;:BIAS:POL:AUTO OFF;:BIAS:RANG:AUTO ON;:BIAS:VOLT:LEV 0;:COMP:ABIN OFF;:COMP:BIN:COUN:STAT OFF;:COMP:MODE PTOL;:COMP:SLIM -9.9e+037,9.9e+037;:COMP:STAT OFF;:COMP:SWAP OFF;:COMP:TOL:NOM 0;:DISP:ENAB ON;:DISP:LINE """";:DISP:WIND:TEXT1:DATA:FMSD:DATA 1e-009;:DISP:WIND:TEXT2:DATA:FMSD:DATA 1e-009;:FORM:ASC:LONG ON;:FORM:BORD NORM;:FORM:DATA ASC,64;:FREQ:CW 30000;:FUNC:DEV1:MODE OFF;:FUNC:DEV1:REF:VAL 0;:FUNC:DEV2:MODE OFF;:FUNC:DEV2:REF:VAL 0;:FUNC:IMP:TYPE LSRS;:FUNC:SMON:IDC:STAT OFF;:FUNC:SMON:VDC:STAT OFF;:INIT:CONT OFF;:LIST:MODE SEQ;:LIST:STIM:TYPE FREQ,NONE;:SOUR:DCS:VOLT:LEV 0;:TRIG:DEL 0;:TRIG:SOUR INT;:TRIG:TDEL 0;:VOLT:LEV 1;:DISP:WIND:TEXT1:DATA:FMSD:STAT OFF;:DISP:WIND:TEXT2:DATA:FMSD:STAT OFF;:FUNC:DCR:RANG:VAL 100;:FUNC:IMP:RANG:VAL 100;:OUTP:DC:ISOL:LEV:VAL 0.02;:OUTP:DC:ISOL:STAT OFF;:FUNC:DCR:RANG:AUTO ON;:FUNC:IMP:RANG:AUTO ON;:OUTP:DC:ISOL:LEV:AUTO ON;:DISP:PAGE MEASurement;
"
2024-04-19,13:44:55
---------run finished---------
lcr name:,KeySight E4980A
Name and description of Resistor under test: ,"GR 1482 100 mH serial 18179 kelvin clips, shorted terminals"
2024-04-19,13:49:38
select the freq range,"[20, 30, 40, 50, 70, 100, 200, 300, 500, 800, 1000, 1200, 1591.549, 1800, 2000, 3000, 4000, 5000, 8000, 10000, 15000, 20000, 30000]"
20.0,-1.040653279e-06,0.003090274485,0.00993274,3.0922e-05
20.0,-7.662182607e-07,0.003079113547,0.00993275,2.99016e-05
20.0,-6.103867719e-07,0.003057505405,0.00993286,3.04011e-05
20.0,-9.485960977e-07,0.003048991164,0.00993289,3.00212e-05
20.0,-5.182658356e-07,0.003055648017,0.00993266,2.98235e-05
20.0,-5.342160518e-07,0.00305840909,0.00993255,3.0219e-05
20.0,-7.787670869e-07,0.003070452954,0.00993259,3.03438e-05
20.0,-8.806801136e-07,0.003069116761,0.00993273,3.02842e-05
20.0,-6.924459612e-07,0.003050523739,0.00993267,3.0134e-05
20.0,-5.198752524e-07,0.003040730051,0.00993264,2.997e-05
20.0,-3.663421853e-07,0.003040589207,0.00993257,3.08482e-05
20.0,-6.256936901e-07,0.003074404687,0.00993251,3.00693e-05
20.0,-3.172946321e-07,0.003049249113,0.00993244,3.04339e-05
20.0,-5.512751341e-07,0.00304893533,0.00993241,3.04642e-05
20.0,-6.183294368e-07,0.003038736197,0.00993244,3.0223e-05
20.0,-9.045221845e-07,0.003040659411,0.00993244,2.98003e-05
Freq,20,Rs,0.003057083697375,1.5484795407492752e-05,Ls,-6.670976233562501e-07,2.0635455355431386e-07
":SOUR:DCS:STAT OFF;:BIAS:STAT OFF;:COMP:BIN:COUN:CLE;:LIST:CLE:ALL;:COMP:BIN:CLE;:AMPL:ALC OFF;:APER LONG,1;:BIAS:POL:AUTO OFF;:BIAS:RANG:AUTO ON;:BIAS:VOLT:LEV 0;:COMP:ABIN OFF;:COMP:BIN:COUN:STAT OFF;:COMP:MODE PTOL;:COMP:SLIM -9.9e+037,9.9e+037;:COMP:STAT OFF;:COMP:SWAP OFF;:COMP:TOL:NOM 0;:DISP:ENAB ON;:DISP:LINE """";:DISP:WIND:TEXT1:DATA:FMSD:DATA 1e-009;:DISP:WIND:TEXT2:DATA:FMSD:DATA 1e-009;:FORM:ASC:LONG ON;:FORM:BORD NORM;:FORM:DATA ASC,64;:FREQ:CW 20;:FUNC:DEV1:MODE OFF;:FUNC:DEV1:REF:VAL 0;:FUNC:DEV2:MODE OFF;:FUNC:DEV2:REF:VAL 0;:FUNC:IMP:TYPE LSRS;:FUNC:SMON:IDC:STAT OFF;:FUNC:SMON:VDC:STAT OFF;:INIT:CONT OFF;:LIST:MODE SEQ;:LIST:STIM:TYPE FREQ,NONE;:SOUR:DCS:VOLT:LEV 0;:TRIG:DEL 0;:TRIG:SOUR INT;:TRIG:TDEL 0;:VOLT:LEV 1;:DISP:WIND:TEXT1:DATA:FMSD:STAT OFF;:DISP:WIND:TEXT2:DATA:FMSD:STAT OFF;:FUNC:DCR:RANG:VAL 100;:FUNC:IMP:RANG:VAL 1;:OUTP:DC:ISOL:LEV:VAL 0.02;:OUTP:DC:ISOL:STAT OFF;:FUNC:DCR:RANG:AUTO ON;:FUNC:IMP:RANG:AUTO ON;:OUTP:DC:ISOL:LEV:AUTO ON;:DISP:PAGE MEASurement;
"
30.0,-1.744579871e-07,0.003022892216,0.00993668,2.99117e-05
30.0,-2.628599678e-07,0.003010458109,0.00993663,3.00812e-05
30.0,-4.43473594e-07,0.00299345862,0.00993675,2.99065e-05
30.0,-2.030449098e-07,0.002994247725,0.0099367,2.97445e-05
30.0,-3.900753731e-07,0.003022600367,0.00993663,2.99702e-05
30.0,-2.677534216e-07,0.003013693709,0.00993664,2.99471e-05
30.0,-2.131084696e-07,0.003006009794,0.00993661,3.00346e-05
30.0,-2.339897603e-07,0.002983456099,0.00993657,3.01018e-05
30.0,-2.642983951e-07,0.002965336048,0.00993668,2.99497e-05
30.0,-3.102998175e-07,0.003021561327,0.00993665,3.01006e-05
30.0,-4.381580108e-07,0.002999839445,0.00993643,3.01726e-05
30.0,-2.67777563e-07,0.002996526008,0.00993652,3.00296e-05
30.0,-2.043193725e-07,0.003027087967,0.00993656,3.00621e-05
30.0,-2.499901878e-07,0.003007223993,0.0099365,2.9796e-05
30.0,-1.399354413e-07,0.002991618824,0.00993668,2.99872e-05
30.0,-4.679823376e-07,0.003000878182,0.0099365,2.98345e-05
Freq,30,Rs,0.0030035555270625,1.6433060634976088e-05,Ls,-2.8322028805625e-07,1.002271454038613e-07
":SOUR:DCS:STAT OFF;:BIAS:STAT OFF;:COMP:BIN:COUN:CLE;:LIST:CLE:ALL;:COMP:BIN:CLE;:AMPL:ALC OFF;:APER LONG,1;:BIAS:POL:AUTO OFF;:BIAS:RANG:AUTO ON;:BIAS:VOLT:LEV 0;:COMP:ABIN OFF;:COMP:BIN:COUN:STAT OFF;:COMP:MODE PTOL;:COMP:SLIM -9.9e+037,9.9e+037;:COMP:STAT OFF;:COMP:SWAP OFF;:COMP:TOL:NOM 0;:DISP:ENAB ON;:DISP:LINE """";:DISP:WIND:TEXT1:DATA:FMSD:DATA 1e-009;:DISP:WIND:TEXT2:DATA:FMSD:DATA 1e-009;:FORM:ASC:LONG ON;:FORM:BORD NORM;:FORM:DATA ASC,64;:FREQ:CW 30;:FUNC:DEV1:MODE OFF;:FUNC:DEV1:REF:VAL 0;:FUNC:DEV2:MODE OFF;:FUNC:DEV2:REF:VAL 0;:FUNC:IMP:TYPE LSRS;:FUNC:SMON:IDC:STAT OFF;:FUNC:SMON:VDC:STAT OFF;:INIT:CONT OFF;:LIST:MODE SEQ;:LIST:STIM:TYPE FREQ,NONE;:SOUR:DCS:VOLT:LEV 0;:TRIG:DEL 0;:TRIG:SOUR INT;:TRIG:TDEL 0;:VOLT:LEV 1;:DISP:WIND:TEXT1:DATA:FMSD:STAT OFF;:DISP:WIND:TEXT2:DATA:FMSD:STAT OFF;:FUNC:DCR:RANG:VAL 100;:FUNC:IMP:RANG:VAL 1;:OUTP:DC:ISOL:LEV:VAL 0.02;:OUTP:DC:ISOL:STAT OFF;:FUNC:DCR:RANG:AUTO ON;:FUNC:IMP:RANG:AUTO ON;:OUTP:DC:ISOL:LEV:AUTO ON;:DISP:PAGE MEASurement;
"
40.0,-2.644486216e-07,0.002978401391,0.0099359,2.95935e-05
40.0,-2.690924174e-07,0.002997001848,0.00993579,2.96255e-05
40.0,-1.671948638e-07,0.002988331081,0.00993577,2.9775e-05
40.0,-2.078836174e-07,0.00301247498,0.0099357,2.97349e-05
40.0,-2.850389035e-07,0.003021384322,0.0099358,2.99333e-05
40.0,-1.909242477e-07,0.002977780435,0.00993578,2.96174e-05
40.0,-2.524727049e-07,0.002992720628,0.00993583,2.97618e-05
40.0,-2.198803495e-07,0.003001102013,0.00993581,2.97934e-05
40.0,-3.498848811e-07,0.002986884075,0.00993575,2.97334e-05
40.0,-3.462869588e-08,0.00300114707,0.00993576,2.97802e-05
40.0,-1.634872015e-07,0.002978421403,0.00993572,2.98109e-05
40.0,-2.119385191e-07,0.002999588467,0.00993577,2.96283e-05
40.0,-2.924975221e-07,0.002997639941,0.00993575,2.97608e-05
40.0,-1.880811489e-07,0.003006578665,0.00993577,2.94278e-05
40.0,-1.496089753e-07,0.002991491674,0.00993571,3.00131e-05
40.0,-1.454454014e-07,0.002986214707,0.00993581,3.00107e-05
Freq,40,Rs,0.00299482266875,1.2366693329400638e-05,Ls,-2.120317544425e-07,7.47057658031696e-08
":SOUR:DCS:STAT OFF;:BIAS:STAT OFF;:COMP:BIN:COUN:CLE;:LIST:CLE:ALL;:COMP:BIN:CLE;:AMPL:ALC OFF;:APER LONG,1;:BIAS:POL:AUTO OFF;:BIAS:RANG:AUTO ON;:BIAS:VOLT:LEV 0;:COMP:ABIN OFF;:COMP:BIN:COUN:STAT OFF;:COMP:MODE PTOL;:COMP:SLIM -9.9e+037,9.9e+037;:COMP:STAT OFF;:COMP:SWAP OFF;:COMP:TOL:NOM 0;:DISP:ENAB ON;:DISP:LINE """";:DISP:WIND:TEXT1:DATA:FMSD:DATA 1e-009;:DISP:WIND:TEXT2:DATA:FMSD:DATA 1e-009;:FORM:ASC:LONG ON;:FORM:BORD NORM;:FORM:DATA ASC,64;:FREQ:CW 40;:FUNC:DEV1:MODE OFF;:FUNC:DEV1:REF:VAL 0;:FUNC:DEV2:MODE OFF;:FUNC:DEV2:REF:VAL 0;:FUNC:IMP:TYPE LSRS;:FUNC:SMON:IDC:STAT OFF;:FUNC:SMON:VDC:STAT OFF;:INIT:CONT OFF;:LIST:MODE SEQ;:LIST:STIM:TYPE FREQ,NONE;:SOUR:DCS:VOLT:LEV 0;:TRIG:DEL 0;:TRIG:SOUR INT;:TRIG:TDEL 0;:VOLT:LEV 1;:DISP:WIND:TEXT1:DATA:FMSD:STAT OFF;:DISP:WIND:TEXT2:DATA:FMSD:STAT OFF;:FUNC:DCR:RANG:VAL 100;:FUNC:IMP:RANG:VAL 1;:OUTP:DC:ISOL:LEV:VAL 0.02;:OUTP:DC:ISOL:STAT OFF;:FUNC:DCR:RANG:AUTO ON;:FUNC:IMP:RANG:AUTO ON;:OUTP:DC:ISOL:LEV:AUTO ON;:DISP:PAGE MEASurement;
"
50.0,3.649372627e-08,0.003009149382,0.00996698,2.98718e-05
50.0,-3.520717237e-08,0.003001762017,0.00996703,3.01336e-05
50.0,6.896736587e-08,0.002978843586,0.00996694,2.99383e-05
50.0,5.336611924e-08,0.002986778159,0.00996696,2.97181e-05
50.0,-9.132130414e-08,0.003013316675,0.00996695,3.00436e-05
50.0,4.803058264e-08,0.002993630819,0.00996694,3.00368e-05
50.0,1.709402252e-08,0.002979184293,0.009967,2.96992e-05
50.0,2.583935322e-08,0.003012746658,0.00996696,2.97769e-05
50.0,4.201226275e-08,0.002985762074,0.00996697,2.98506e-05
50.0,5.398914922e-08,0.0029848528,0.00996705,2.98411e-05
50.0,8.822415343e-08,0.002991798924,0.00996701,2.99992e-05
50.0,7.075519274e-08,0.002998705746,0.00996696,2.94957e-05
50.0,6.337519715e-08,0.002992686754,0.00996699,2.94959e-05
50.0,8.944112281e-08,0.002975445255,0.00996708,2.94662e-05
50.0,1.290824638e-07,0.002971114332,0.00996711,2.9584e-05
50.0,1.028631188e-07,0.002971887755,0.00996709,2.94175e-05
Freq,50,Rs,0.0029904790768125,1.3795454737802268e-05,Ls,4.7687834621874997e-08,5.2993704105253766e-08
":SOUR:DCS:STAT OFF;:BIAS:STAT OFF;:COMP:BIN:COUN:CLE;:LIST:CLE:ALL;:COMP:BIN:CLE;:AMPL:ALC OFF;:APER LONG,1;:BIAS:POL:AUTO OFF;:BIAS:RANG:AUTO ON;:BIAS:VOLT:LEV 0;:COMP:ABIN OFF;:COMP:BIN:COUN:STAT OFF;:COMP:MODE PTOL;:COMP:SLIM -9.9e+037,9.9e+037;:COMP:STAT OFF;:COMP:SWAP OFF;:COMP:TOL:NOM 0;:DISP:ENAB ON;:DISP:LINE """";:DISP:WIND:TEXT1:DATA:FMSD:DATA 1e-009;:DISP:WIND:TEXT2:DATA:FMSD:DATA 1e-009;:FORM:ASC:LONG ON;:FORM:BORD NORM;:FORM:DATA ASC,64;:FREQ:CW 50;:FUNC:DEV1:MODE OFF;:FUNC:DEV1:REF:VAL 0;:FUNC:DEV2:MODE OFF;:FUNC:DEV2:REF:VAL 0;:FUNC:IMP:TYPE LSRS;:FUNC:SMON:IDC:STAT OFF;:FUNC:SMON:VDC:STAT OFF;:INIT:CONT OFF;:LIST:MODE SEQ;:LIST:STIM:TYPE FREQ,NONE;:SOUR:DCS:VOLT:LEV 0;:TRIG:DEL 0;:TRIG:SOUR INT;:TRIG:TDEL 0;:VOLT:LEV 1;:DISP:WIND:TEXT1:DATA:FMSD:STAT OFF;:DISP:WIND:TEXT2:DATA:FMSD:STAT OFF;:FUNC:DCR:RANG:VAL 100;:FUNC:IMP:RANG:VAL 1;:OUTP:DC:ISOL:LEV:VAL 0.02;:OUTP:DC:ISOL:STAT OFF;:FUNC:DCR:RANG:AUTO ON;:FUNC:IMP:RANG:AUTO ON;:OUTP:DC:ISOL:LEV:AUTO ON;:DISP:PAGE MEASurement;
"
70.0,5.263179266e-09,0.002967124748,0.00996439,2.95684e-05
70.0,7.768648715e-09,0.002968404841,0.0099643,2.94078e-05
70.0,1.321154838e-08,0.002957372498,0.00996446,2.96886e-05
70.0,2.466142764e-09,0.002938836554,0.00996447,2.94486e-05
70.0,3.390895624e-08,0.002959750553,0.00996434,2.95708e-05
70.0,8.591405315e-08,0.002959479326,0.0099643,2.948e-05
70.0,-6.147438799e-09,0.002948274484,0.00996442,2.95571e-05
70.0,5.089591846e-08,0.002953320203,0.00996436,2.94534e-05
70.0,3.739991287e-08,0.002940315605,0.0099644,2.94913e-05
70.0,3.931570627e-08,0.002977593613,0.00996427,2.95911e-05
70.0,8.706925605e-10,0.002967105641,0.00996422,2.95777e-05
70.0,4.454929358e-08,0.002970946131,0.00996433,2.95167e-05
70.0,4.031328659e-08,0.002946951091,0.00996429,2.95385e-05
70.0,-2.618382353e-08,0.002959433796,0.00996452,2.95433e-05
70.0,2.4513279e-08,0.002962147547,0.00996429,2.95137e-05
70.0,4.337127509e-08,0.002954969574,0.00996431,2.94031e-05
Freq,70,Rs,0.0029582516378125,1.0885958272321232e-05,Ls,2.483941441290625e-08,2.742086918630066e-08
":SOUR:DCS:STAT OFF;:BIAS:STAT OFF;:COMP:BIN:COUN:CLE;:LIST:CLE:ALL;:COMP:BIN:CLE;:AMPL:ALC OFF;:APER LONG,1;:BIAS:POL:AUTO OFF;:BIAS:RANG:AUTO ON;:BIAS:VOLT:LEV 0;:COMP:ABIN OFF;:COMP:BIN:COUN:STAT OFF;:COMP:MODE PTOL;:COMP:SLIM -9.9e+037,9.9e+037;:COMP:STAT OFF;:COMP:SWAP OFF;:COMP:TOL:NOM 0;:DISP:ENAB ON;:DISP:LINE """";:DISP:WIND:TEXT1:DATA:FMSD:DATA 1e-009;:DISP:WIND:TEXT2:DATA:FMSD:DATA 1e-009;:FORM:ASC:LONG ON;:FORM:BORD NORM;:FORM:DATA ASC,64;:FREQ:CW 70;:FUNC:DEV1:MODE OFF;:FUNC:DEV1:REF:VAL 0;:FUNC:DEV2:MODE OFF;:FUNC:DEV2:REF:VAL 0;:FUNC:IMP:TYPE LSRS;:FUNC:SMON:IDC:STAT OFF;:FUNC:SMON:VDC:STAT OFF;:INIT:CONT OFF;:LIST:MODE SEQ;:LIST:STIM:TYPE FREQ,NONE;:SOUR:DCS:VOLT:LEV 0;:TRIG:DEL 0;:TRIG:SOUR INT;:TRIG:TDEL 0;:VOLT:LEV 1;:DISP:WIND:TEXT1:DATA:FMSD:STAT OFF;:DISP:WIND:TEXT2:DATA:FMSD:STAT OFF;:FUNC:DCR:RANG:VAL 100;:FUNC:IMP:RANG:VAL 1;:OUTP:DC:ISOL:LEV:VAL 0.02;:OUTP:DC:ISOL:STAT OFF;:FUNC:DCR:RANG:AUTO ON;:FUNC:IMP:RANG:AUTO ON;:OUTP:DC:ISOL:LEV:AUTO ON;:DISP:PAGE MEASurement;
"
100.0,2.466446539e-08,0.002933913744,0.00995777,2.91824e-05
100.0,-6.555871727e-09,0.002944075969,0.0099579,2.94654e-05
100.0,2.475688614e-08,0.002957100286,0.00995778,2.93689e-05
100.0,1.424922477e-08,0.002942195699,0.00995785,2.94403e-05
100.0,1.334559795e-08,0.00294353456,0.00995772,2.93758e-05
100.0,3.832564373e-08,0.00294379794,0.0099578,2.92108e-05
100.0,-3.213900803e-09,0.00294169762,0.00995773,2.90216e-05
100.0,1.41278457e-08,0.002950638213,0.00995781,2.92832e-05
100.0,3.937250449e-08,0.002937275469,0.00995794,2.9392e-05
100.0,1.058080954e-08,0.00293697409,0.00995799,2.9297e-05
100.0,-3.001375677e-09,0.002943809527,0.00995783,2.92434e-05
100.0,3.183487946e-08,0.002941309208,0.00995782,2.93958e-05
100.0,2.09329314e-08,0.002936808537,0.00995787,2.94217e-05
100.0,2.139743543e-08,0.002949657376,0.00995796,2.93322e-05
100.0,4.043418124e-08,0.002942427383,0.00995791,2.92988e-05
100.0,1.998813429e-08,0.002950729193,0.00995786,2.94348e-05
Freq,100,Rs,0.002943496550875,6.0855994750075925e-06,Ls,1.88274619576875e-08,1.4759568445774298e-08
":SOUR:DCS:STAT OFF;:BIAS:STAT OFF;:COMP:BIN:COUN:CLE;:LIST:CLE:ALL;:COMP:BIN:CLE;:AMPL:ALC OFF;:APER LONG,1;:BIAS:POL:AUTO OFF;:BIAS:RANG:AUTO ON;:BIAS:VOLT:LEV 0;:COMP:ABIN OFF;:COMP:BIN:COUN:STAT OFF;:COMP:MODE PTOL;:COMP:SLIM -9.9e+037,9.9e+037;:COMP:STAT OFF;:COMP:SWAP OFF;:COMP:TOL:NOM 0;:DISP:ENAB ON;:DISP:LINE """";:DISP:WIND:TEXT1:DATA:FMSD:DATA 1e-009;:DISP:WIND:TEXT2:DATA:FMSD:DATA 1e-009;:FORM:ASC:LONG ON;:FORM:BORD NORM;:FORM:DATA ASC,64;:FREQ:CW 100;:FUNC:DEV1:MODE OFF;:FUNC:DEV1:REF:VAL 0;:FUNC:DEV2:MODE OFF;:FUNC:DEV2:REF:VAL 0;:FUNC:IMP:TYPE LSRS;:FUNC:SMON:IDC:STAT OFF;:FUNC:SMON:VDC:STAT OFF;:INIT:CONT OFF;:LIST:MODE SEQ;:LIST:STIM:TYPE FREQ,NONE;:SOUR:DCS:VOLT:LEV 0;:TRIG:DEL 0;:TRIG:SOUR INT;:TRIG:TDEL 0;:VOLT:LEV 1;:DISP:WIND:TEXT1:DATA:FMSD:STAT OFF;:DISP:WIND:TEXT2:DATA:FMSD:STAT OFF;:FUNC:DCR:RANG:VAL 100;:FUNC:IMP:RANG:VAL 1;:OUTP:DC:ISOL:LEV:VAL 0.02;:OUTP:DC:ISOL:STAT OFF;:FUNC:DCR:RANG:AUTO ON;:FUNC:IMP:RANG:AUTO ON;:OUTP:DC:ISOL:LEV:AUTO ON;:DISP:PAGE MEASurement;
"
200.0,6.830381509e-08,0.002955725356,0.00995288,2.94968e-05
200.0,6.053037681e-08,0.002959989713,0.00995282,2.92788e-05
200.0,6.782216004e-08,0.002941379928,0.00995278,2.9518e-05
200.0,8.351746588e-08,0.002948442438,0.00995275,2.93816e-05
200.0,6.902052313e-08,0.002952652127,0.00995276,2.93098e-05
200.0,6.953435053e-08,0.002946007338,0.00995281,2.9268e-05
200.0,6.537329126e-08,0.002952580665,0.00995283,2.93781e-05
200.0,7.157495064e-08,0.002948462856,0.00995283,2.93156e-05
200.0,7.118227956e-08,0.002950456504,0.00995277,2.94695e-05
200.0,7.250087882e-08,0.002964218245,0.00995282,2.95945e-05
200.0,5.659352022e-08,0.002973310576,0.00995287,2.93729e-05
200.0,6.999926592e-08,0.002948293127,0.00995285,2.94864e-05
200.0,7.068309827e-08,0.002959134565,0.00995272,2.94368e-05
200.0,7.03054403e-08,0.002953744865,0.00995274,2.94659e-05
200.0,8.266862429e-08,0.002940443485,0.00995275,2.94384e-05
200.0,8.149975966e-08,0.002953250348,0.0099527,2.95549e-05
Freq,200,Rs,0.0029530057584999997,8.34573512075899e-06,Ls,7.069436252625e-08,7.202077788185378e-09
":SOUR:DCS:STAT OFF;:BIAS:STAT OFF;:COMP:BIN:COUN:CLE;:LIST:CLE:ALL;:COMP:BIN:CLE;:AMPL:ALC OFF;:APER LONG,1;:BIAS:POL:AUTO OFF;:BIAS:RANG:AUTO ON;:BIAS:VOLT:LEV 0;:COMP:ABIN OFF;:COMP:BIN:COUN:STAT OFF;:COMP:MODE PTOL;:COMP:SLIM -9.9e+037,9.9e+037;:COMP:STAT OFF;:COMP:SWAP OFF;:COMP:TOL:NOM 0;:DISP:ENAB ON;:DISP:LINE """";:DISP:WIND:TEXT1:DATA:FMSD:DATA 1e-009;:DISP:WIND:TEXT2:DATA:FMSD:DATA 1e-009;:FORM:ASC:LONG ON;:FORM:BORD NORM;:FORM:DATA ASC,64;:FREQ:CW 200;:FUNC:DEV1:MODE OFF;:FUNC:DEV1:REF:VAL 0;:FUNC:DEV2:MODE OFF;:FUNC:DEV2:REF:VAL 0;:FUNC:IMP:TYPE LSRS;:FUNC:SMON:IDC:STAT OFF;:FUNC:SMON:VDC:STAT OFF;:INIT:CONT OFF;:LIST:MODE SEQ;:LIST:STIM:TYPE FREQ,NONE;:SOUR:DCS:VOLT:LEV 0;:TRIG:DEL 0;:TRIG:SOUR INT;:TRIG:TDEL 0;:VOLT:LEV 1;:DISP:WIND:TEXT1:DATA:FMSD:STAT OFF;:DISP:WIND:TEXT2:DATA:FMSD:STAT OFF;:FUNC:DCR:RANG:VAL 100;:FUNC:IMP:RANG:VAL 1;:OUTP:DC:ISOL:LEV:VAL 0.02;:OUTP:DC:ISOL:STAT OFF;:FUNC:DCR:RANG:AUTO ON;:FUNC:IMP:RANG:AUTO ON;:OUTP:DC:ISOL:LEV:AUTO ON;:DISP:PAGE MEASurement;
"
300.0,7.131713901e-08,0.002978647406,0.00995246,2.96149e-05
300.0,7.52464898e-08,0.002969372761,0.0099525,2.96638e-05
300.0,7.547488177e-08,0.002973129311,0.00995259,2.95709e-05
300.0,7.329122143e-08,0.002977703248,0.0099525,2.96215e-05
300.0,7.240334556e-08,0.00295439876,0.00995252,2.95428e-05
300.0,8.678262738e-08,0.002950716248,0.00995247,2.95404e-05
300.0,8.723653751e-08,0.002973908578,0.00995238,2.95888e-05
300.0,8.00478943e-08,0.002955497788,0.00995249,2.97339e-05
300.0,8.474400351e-08,0.00297147756,0.00995244,2.94084e-05
300.0,7.357229081e-08,0.002948888359,0.00995259,2.96191e-05
300.0,8.303733748e-08,0.00296229621,0.00995251,2.95314e-05
300.0,7.693592037e-08,0.002970715549,0.00995261,2.95326e-05
300.0,7.815028183e-08,0.00295316705,0.00995253,2.94239e-05
300.0,7.7061172e-08,0.002957440284,0.00995256,2.9623e-05
300.0,7.396998568e-08,0.002956976484,0.00995258,2.9475e-05
300.0,7.591851802e-08,0.002969131993,0.00995252,2.96262e-05
Freq,300,Rs,0.0029639667243125,1.0072917420832644e-05,Ls,7.782435290375e-08,5.1077262338571325e-09
":SOUR:DCS:STAT OFF;:BIAS:STAT OFF;:COMP:BIN:COUN:CLE;:LIST:CLE:ALL;:COMP:BIN:CLE;:AMPL:ALC OFF;:APER LONG,1;:BIAS:POL:AUTO OFF;:BIAS:RANG:AUTO ON;:BIAS:VOLT:LEV 0;:COMP:ABIN OFF;:COMP:BIN:COUN:STAT OFF;:COMP:MODE PTOL;:COMP:SLIM -9.9e+037,9.9e+037;:COMP:STAT OFF;:COMP:SWAP OFF;:COMP:TOL:NOM 0;:DISP:ENAB ON;:DISP:LINE """";:DISP:WIND:TEXT1:DATA:FMSD:DATA 1e-009;:DISP:WIND:TEXT2:DATA:FMSD:DATA 1e-009;:FORM:ASC:LONG ON;:FORM:BORD NORM;:FORM:DATA ASC,64;:FREQ:CW 300;:FUNC:DEV1:MODE OFF;:FUNC:DEV1:REF:VAL 0;:FUNC:DEV2:MODE OFF;:FUNC:DEV2:REF:VAL 0;:FUNC:IMP:TYPE LSRS;:FUNC:SMON:IDC:STAT OFF;:FUNC:SMON:VDC:STAT OFF;:INIT:CONT OFF;:LIST:MODE SEQ;:LIST:STIM:TYPE FREQ,NONE;:SOUR:DCS:VOLT:LEV 0;:TRIG:DEL 0;:TRIG:SOUR INT;:TRIG:TDEL 0;:VOLT:LEV 1;:DISP:WIND:TEXT1:DATA:FMSD:STAT OFF;:DISP:WIND:TEXT2:DATA:FMSD:STAT OFF;:FUNC:DCR:RANG:VAL 100;:FUNC:IMP:RANG:VAL 1;:OUTP:DC:ISOL:LEV:VAL 0.02;:OUTP:DC:ISOL:STAT OFF;:FUNC:DCR:RANG:AUTO ON;:FUNC:IMP:RANG:AUTO ON;:OUTP:DC:ISOL:LEV:AUTO ON;:DISP:PAGE MEASurement;
"
500.0,7.307878288e-08,0.002947829048,0.00995716,2.94834e-05
500.0,7.458818765e-08,0.002946028127,0.00995721,2.93351e-05
500.0,7.154646272e-08,0.00295161344,0.00995723,2.95785e-05
500.0,7.615301646e-08,0.002956033564,0.00995721,2.93605e-05
500.0,7.321321818e-08,0.002957109264,0.00995713,2.93841e-05
500.0,7.305632096e-08,0.002956088293,0.00995712,2.95597e-05
500.0,7.266205728e-08,0.002951151655,0.00995706,2.94085e-05
500.0,7.478823425e-08,0.002966067147,0.00995718,2.94672e-05
500.0,7.444171451e-08,0.002952971159,0.00995711,2.94479e-05
500.0,7.377123698e-08,0.002953288729,0.00995719,2.9526e-05
500.0,7.356914983e-08,0.002945569535,0.00995713,2.95868e-05
500.0,7.316881055e-08,0.002945036601,0.00995707,2.95292e-05
500.0,7.476305092e-08,0.002948986587,0.00995711,2.95691e-05
500.0,7.794348901e-08,0.002950963688,0.00995717,2.95606e-05
500.0,7.319058309e-08,0.002942591746,0.00995712,2.94397e-05
500.0,7.411979635e-08,0.002955591388,0.00995707,2.94039e-05
Freq,500,Rs,0.0029516824981874997,5.8497918952294115e-06,Ls,7.400338197625e-08,1.4988332939382746e-09
":SOUR:DCS:STAT OFF;:BIAS:STAT OFF;:COMP:BIN:COUN:CLE;:LIST:CLE:ALL;:COMP:BIN:CLE;:AMPL:ALC OFF;:APER LONG,1;:BIAS:POL:AUTO OFF;:BIAS:RANG:AUTO ON;:BIAS:VOLT:LEV 0;:COMP:ABIN OFF;:COMP:BIN:COUN:STAT OFF;:COMP:MODE PTOL;:COMP:SLIM -9.9e+037,9.9e+037;:COMP:STAT OFF;:COMP:SWAP OFF;:COMP:TOL:NOM 0;:DISP:ENAB ON;:DISP:LINE """";:DISP:WIND:TEXT1:DATA:FMSD:DATA 1e-009;:DISP:WIND:TEXT2:DATA:FMSD:DATA 1e-009;:FORM:ASC:LONG ON;:FORM:BORD NORM;:FORM:DATA ASC,64;:FREQ:CW 500;:FUNC:DEV1:MODE OFF;:FUNC:DEV1:REF:VAL 0;:FUNC:DEV2:MODE OFF;:FUNC:DEV2:REF:VAL 0;:FUNC:IMP:TYPE LSRS;:FUNC:SMON:IDC:STAT OFF;:FUNC:SMON:VDC:STAT OFF;:INIT:CONT OFF;:LIST:MODE SEQ;:LIST:STIM:TYPE FREQ,NONE;:SOUR:DCS:VOLT:LEV 0;:TRIG:DEL 0;:TRIG:SOUR INT;:TRIG:TDEL 0;:VOLT:LEV 1;:DISP:WIND:TEXT1:DATA:FMSD:STAT OFF;:DISP:WIND:TEXT2:DATA:FMSD:STAT OFF;:FUNC:DCR:RANG:VAL 100;:FUNC:IMP:RANG:VAL 1;:OUTP:DC:ISOL:LEV:VAL 0.02;:OUTP:DC:ISOL:STAT OFF;:FUNC:DCR:RANG:AUTO ON;:FUNC:IMP:RANG:AUTO ON;:OUTP:DC:ISOL:LEV:AUTO ON;:DISP:PAGE MEASurement;
"
800.0,7.364043981e-08,0.002946460125,0.00997116,2.95918e-05
800.0,7.495762846e-08,0.00293967808,0.00997121,2.95169e-05
800.0,7.385507478e-08,0.002944356714,0.00997124,2.95943e-05
800.0,7.479652911e-08,0.002940481635,0.00997119,2.95772e-05
800.0,7.524317813e-08,0.002949216701,0.00997122,2.95914e-05
800.0,7.39135486e-08,0.002943722903,0.00997109,2.95936e-05
800.0,7.424383863e-08,0.002948290415,0.00997115,2.95601e-05
800.0,7.476508621e-08,0.002947702953,0.00997119,2.9571e-05
800.0,7.225833778e-08,0.00294508401,0.00997139,2.96124e-05
800.0,7.528225141e-08,0.002940488624,0.00997117,2.95489e-05
800.0,7.413125515e-08,0.002947899702,0.00997125,2.96173e-05
800.0,7.565727712e-08,0.00294120352,0.00997128,2.95668e-05
800.0,7.6300756e-08,0.002942243413,0.0099711,2.96273e-05
800.0,7.445642543e-08,0.002943115207,0.00997119,2.96289e-05
800.0,7.368329713e-08,0.002947667669,0.00997124,2.95347e-05
800.0,7.460232681e-08,0.002937007725,0.00997134,2.96317e-05
Freq,800,Rs,0.00294403871225,3.645715454125848e-06,Ls,7.448670316e-08,9.492365406304936e-10
":SOUR:DCS:STAT OFF;:BIAS:STAT OFF;:COMP:BIN:COUN:CLE;:LIST:CLE:ALL;:COMP:BIN:CLE;:AMPL:ALC OFF;:APER LONG,1;:BIAS:POL:AUTO OFF;:BIAS:RANG:AUTO ON;:BIAS:VOLT:LEV 0;:COMP:ABIN OFF;:COMP:BIN:COUN:STAT OFF;:COMP:MODE PTOL;:COMP:SLIM -9.9e+037,9.9e+037;:COMP:STAT OFF;:COMP:SWAP OFF;:COMP:TOL:NOM 0;:DISP:ENAB ON;:DISP:LINE """";:DISP:WIND:TEXT1:DATA:FMSD:DATA 1e-009;:DISP:WIND:TEXT2:DATA:FMSD:DATA 1e-009;:FORM:ASC:LONG ON;:FORM:BORD NORM;:FORM:DATA ASC,64;:FREQ:CW 800;:FUNC:DEV1:MODE OFF;:FUNC:DEV1:REF:VAL 0;:FUNC:DEV2:MODE OFF;:FUNC:DEV2:REF:VAL 0;:FUNC:IMP:TYPE LSRS;:FUNC:SMON:IDC:STAT OFF;:FUNC:SMON:VDC:STAT OFF;:INIT:CONT OFF;:LIST:MODE SEQ;:LIST:STIM:TYPE FREQ,NONE;:SOUR:DCS:VOLT:LEV 0;:TRIG:DEL 0;:TRIG:SOUR INT;:TRIG:TDEL 0;:VOLT:LEV 1;:DISP:WIND:TEXT1:DATA:FMSD:STAT OFF;:DISP:WIND:TEXT2:DATA:FMSD:STAT OFF;:FUNC:DCR:RANG:VAL 100;:FUNC:IMP:RANG:VAL 1;:OUTP:DC:ISOL:LEV:VAL 0.02;:OUTP:DC:ISOL:STAT OFF;:FUNC:DCR:RANG:AUTO ON;:FUNC:IMP:RANG:AUTO ON;:OUTP:DC:ISOL:LEV:AUTO ON;:DISP:PAGE MEASurement;
"
1000.0,7.936546822e-08,0.00293812235,0.00993811,2.96185e-05
1000.0,7.700385545e-08,0.002937319296,0.00993814,2.96788e-05
1000.0,7.687855348e-08,0.00294941624,0.00993803,2.96876e-05
1000.0,7.822202048e-08,0.002942896932,0.009938,2.96312e-05
1000.0,7.615135355e-08,0.002945810443,0.0099382,2.96382e-05
1000.0,7.756713376e-08,0.002945641633,0.00993808,2.9633e-05
1000.0,7.787050023e-08,0.002941326588,0.00993805,2.97066e-05
1000.0,7.722735061e-08,0.002952096885,0.00993804,2.96496e-05
1000.0,7.77916561e-08,0.002946746402,0.00993798,2.97436e-05
1000.0,7.625127874e-08,0.002940719785,0.00993816,2.96977e-05
1000.0,7.748585501e-08,0.002948583197,0.00993815,2.96803e-05
1000.0,7.833738718e-08,0.00295122716,0.00993806,2.96604e-05
1000.0,7.818102633e-08,0.002946353055,0.00993815,2.95177e-05
1000.0,7.622500079e-08,0.002946963718,0.00993814,2.96242e-05
1000.0,7.638291066e-08,0.002949654678,0.00993796,2.95908e-05
1000.0,7.732222923e-08,0.002950831582,0.00993813,2.96243e-05
Freq,1000,Rs,0.0029458568715,4.602530043626337e-06,Ls,7.739147373875e-08,9.016596504148008e-10
":SOUR:DCS:STAT OFF;:BIAS:STAT OFF;:COMP:BIN:COUN:CLE;:LIST:CLE:ALL;:COMP:BIN:CLE;:AMPL:ALC OFF;:APER LONG,1;:BIAS:POL:AUTO OFF;:BIAS:RANG:AUTO ON;:BIAS:VOLT:LEV 0;:COMP:ABIN OFF;:COMP:BIN:COUN:STAT OFF;:COMP:MODE PTOL;:COMP:SLIM -9.9e+037,9.9e+037;:COMP:STAT OFF;:COMP:SWAP OFF;:COMP:TOL:NOM 0;:DISP:ENAB ON;:DISP:LINE """";:DISP:WIND:TEXT1:DATA:FMSD:DATA 1e-009;:DISP:WIND:TEXT2:DATA:FMSD:DATA 1e-009;:FORM:ASC:LONG ON;:FORM:BORD NORM;:FORM:DATA ASC,64;:FREQ:CW 1000;:FUNC:DEV1:MODE OFF;:FUNC:DEV1:REF:VAL 0;:FUNC:DEV2:MODE OFF;:FUNC:DEV2:REF:VAL 0;:FUNC:IMP:TYPE LSRS;:FUNC:SMON:IDC:STAT OFF;:FUNC:SMON:VDC:STAT OFF;:INIT:CONT OFF;:LIST:MODE SEQ;:LIST:STIM:TYPE FREQ,NONE;:SOUR:DCS:VOLT:LEV 0;:TRIG:DEL 0;:TRIG:SOUR INT;:TRIG:TDEL 0;:VOLT:LEV 1;:DISP:WIND:TEXT1:DATA:FMSD:STAT OFF;:DISP:WIND:TEXT2:DATA:FMSD:STAT OFF;:FUNC:DCR:RANG:VAL 100;:FUNC:IMP:RANG:VAL 1;:OUTP:DC:ISOL:LEV:VAL 0.02;:OUTP:DC:ISOL:STAT OFF;:FUNC:DCR:RANG:AUTO ON;:FUNC:IMP:RANG:AUTO ON;:OUTP:DC:ISOL:LEV:AUTO ON;:DISP:PAGE MEASurement;
"
1200.0,7.689694504e-08,0.002939981763,0.00999122,2.98098e-05
1200.0,7.582627834e-08,0.002933986015,0.00999113,2.98558e-05
1200.0,7.715327929e-08,0.002933280507,0.00999122,2.98545e-05
1200.0,7.661204461e-08,0.002938001633,0.00999115,2.98385e-05
1200.0,7.658566171e-08,0.002928946901,0.00999115,2.98961e-05
1200.0,7.786560553e-08,0.002926010159,0.00999127,2.98747e-05
1200.0,7.63405904e-08,0.002932315905,0.00999128,2.9861e-05
1200.0,7.632209271e-08,0.002933677845,0.00999119,2.98839e-05
1200.0,7.637319437e-08,0.002928606797,0.00999109,2.98612e-05
1200.0,7.665495016e-08,0.00293348626,0.00999121,2.9912e-05
1200.0,7.623777765e-08,0.002929390099,0.00999108,2.98414e-05
1200.0,7.681713069e-08,0.002926510836,0.00999126,2.98446e-05
1200.0,7.626817704e-08,0.002938142657,0.00999107,2.98977e-05
1200.0,7.610980379e-08,0.002925647107,0.00999111,2.98585e-05
1200.0,7.544256482e-08,0.002932002539,0.00999132,2.99185e-05
1200.0,7.733427506e-08,0.002941444182,0.00999126,2.98643e-05
Freq,1200,Rs,0.0029325894503125,4.9383991969058705e-06,Ls,7.6552523200625e-08,5.868295921965034e-10
":SOUR:DCS:STAT OFF;:BIAS:STAT OFF;:COMP:BIN:COUN:CLE;:LIST:CLE:ALL;:COMP:BIN:CLE;:AMPL:ALC OFF;:APER LONG,1;:BIAS:POL:AUTO OFF;:BIAS:RANG:AUTO ON;:BIAS:VOLT:LEV 0;:COMP:ABIN OFF;:COMP:BIN:COUN:STAT OFF;:COMP:MODE PTOL;:COMP:SLIM -9.9e+037,9.9e+037;:COMP:STAT OFF;:COMP:SWAP OFF;:COMP:TOL:NOM 0;:DISP:ENAB ON;:DISP:LINE """";:DISP:WIND:TEXT1:DATA:FMSD:DATA 1e-009;:DISP:WIND:TEXT2:DATA:FMSD:DATA 1e-009;:FORM:ASC:LONG ON;:FORM:BORD NORM;:FORM:DATA ASC,64;:FREQ:CW 1200;:FUNC:DEV1:MODE OFF;:FUNC:DEV1:REF:VAL 0;:FUNC:DEV2:MODE OFF;:FUNC:DEV2:REF:VAL 0;:FUNC:IMP:TYPE LSRS;:FUNC:SMON:IDC:STAT OFF;:FUNC:SMON:VDC:STAT OFF;:INIT:CONT OFF;:LIST:MODE SEQ;:LIST:STIM:TYPE FREQ,NONE;:SOUR:DCS:VOLT:LEV 0;:TRIG:DEL 0;:TRIG:SOUR INT;:TRIG:TDEL 0;:VOLT:LEV 1;:DISP:WIND:TEXT1:DATA:FMSD:STAT OFF;:DISP:WIND:TEXT2:DATA:FMSD:STAT OFF;:FUNC:DCR:RANG:VAL 100;:FUNC:IMP:RANG:VAL 1;:OUTP:DC:ISOL:LEV:VAL 0.02;:OUTP:DC:ISOL:STAT OFF;:FUNC:DCR:RANG:AUTO ON;:FUNC:IMP:RANG:AUTO ON;:OUTP:DC:ISOL:LEV:AUTO ON;:DISP:PAGE MEASurement;
"
1591.549,7.699719951e-08,0.002931820514,0.0100027,3.02846e-05
1591.549,7.684083804e-08,0.002922233177,0.0100028,3.02408e-05
1591.549,7.694916157e-08,0.002928833481,0.0100028,3.0299e-05
1591.549,7.709054341e-08,0.002935030585,0.0100028,3.0349e-05
1591.549,7.73817007e-08,0.00292589533,0.0100028,3.02581e-05
1591.549,7.722012056e-08,0.002935409362,0.0100026,3.04034e-05
1591.549,7.624857035e-08,0.002930501897,0.0100027,3.02842e-05
1591.549,7.740413768e-08,0.002927969134,0.0100027,3.03625e-05
1591.549,7.711727068e-08,0.002933644851,0.0100028,3.03249e-05
1591.549,7.710765365e-08,0.002936861563,0.0100027,3.03127e-05
1591.549,7.67912235e-08,0.002923956467,0.0100026,3.02072e-05
1591.549,7.713156832e-08,0.002936833624,0.0100028,3.02387e-05
1591.549,7.79189571e-08,0.002928785434,0.0100028,3.02838e-05
1591.549,7.736430014e-08,0.002931905682,0.0100028,3.0333e-05
1591.549,7.700849197e-08,0.002927839196,0.0100028,3.02902e-05
1591.549,7.767360745e-08,0.002927720026,0.0100028,3.03476e-05
Freq,1591.549,Rs,0.0029303275201874998,4.454493799010239e-06,Ls,7.7140334039375e-08,3.795086682038677e-10
":SOUR:DCS:STAT OFF;:BIAS:STAT OFF;:COMP:BIN:COUN:CLE;:LIST:CLE:ALL;:COMP:BIN:CLE;:AMPL:ALC OFF;:APER LONG,1;:BIAS:POL:AUTO OFF;:BIAS:RANG:AUTO ON;:BIAS:VOLT:LEV 0;:COMP:ABIN OFF;:COMP:BIN:COUN:STAT OFF;:COMP:MODE PTOL;:COMP:SLIM -9.9e+037,9.9e+037;:COMP:STAT OFF;:COMP:SWAP OFF;:COMP:TOL:NOM 0;:DISP:ENAB ON;:DISP:LINE """";:DISP:WIND:TEXT1:DATA:FMSD:DATA 1e-009;:DISP:WIND:TEXT2:DATA:FMSD:DATA 1e-009;:FORM:ASC:LONG ON;:FORM:BORD NORM;:FORM:DATA ASC,64;:FREQ:CW 1592;:FUNC:DEV1:MODE OFF;:FUNC:DEV1:REF:VAL 0;:FUNC:DEV2:MODE OFF;:FUNC:DEV2:REF:VAL 0;:FUNC:IMP:TYPE LSRS;:FUNC:SMON:IDC:STAT OFF;:FUNC:SMON:VDC:STAT OFF;:INIT:CONT OFF;:LIST:MODE SEQ;:LIST:STIM:TYPE FREQ,NONE;:SOUR:DCS:VOLT:LEV 0;:TRIG:DEL 0;:TRIG:SOUR INT;:TRIG:TDEL 0;:VOLT:LEV 1;:DISP:WIND:TEXT1:DATA:FMSD:STAT OFF;:DISP:WIND:TEXT2:DATA:FMSD:STAT OFF;:FUNC:DCR:RANG:VAL 100;:FUNC:IMP:RANG:VAL 1;:OUTP:DC:ISOL:LEV:VAL 0.02;:OUTP:DC:ISOL:STAT OFF;:FUNC:DCR:RANG:AUTO ON;:FUNC:IMP:RANG:AUTO ON;:OUTP:DC:ISOL:LEV:AUTO ON;:DISP:PAGE MEASurement;
"
1800.0,7.827061655e-08,0.002925252645,0.0100088,3.05718e-05
1800.0,7.798600627e-08,0.002927381386,0.0100088,3.05691e-05
1800.0,7.807493893e-08,0.002928727048,0.0100088,3.05478e-05
1800.0,7.801307842e-08,0.002920572622,0.0100087,3.06161e-05
1800.0,7.796190692e-08,0.002916737978,0.0100088,3.05789e-05
1800.0,7.862742051e-08,0.002925146617,0.0100087,3.05814e-05
1800.0,7.810541142e-08,0.002921213769,0.0100087,3.05552e-05
1800.0,7.757166351e-08,0.002922912703,0.010009,3.05948e-05
1800.0,7.780065524e-08,0.002931838648,0.0100088,3.06147e-05
1800.0,7.854219547e-08,0.00292670802,0.0100088,3.05805e-05
1800.0,7.822112893e-08,0.002925775717,0.0100088,3.0598e-05
1800.0,7.808583433e-08,0.002923879075,0.0100089,3.05315e-05
1800.0,7.746235814e-08,0.002924426507,0.0100089,3.05543e-05
1800.0,7.80300662e-08,0.002917976925,0.010009,3.05783e-05
1800.0,7.792715834e-08,0.002923402341,0.010009,3.06069e-05
1800.0,7.810738259e-08,0.002921472839,0.010009,3.05738e-05
Freq,1800,Rs,0.0029239640525000003,3.874874261802992e-06,Ls,7.8049238860625e-08,2.9742173758457273e-10
":SOUR:DCS:STAT OFF;:BIAS:STAT OFF;:COMP:BIN:COUN:CLE;:LIST:CLE:ALL;:COMP:BIN:CLE;:AMPL:ALC OFF;:APER LONG,1;:BIAS:POL:AUTO OFF;:BIAS:RANG:AUTO ON;:BIAS:VOLT:LEV 0;:COMP:ABIN OFF;:COMP:BIN:COUN:STAT OFF;:COMP:MODE PTOL;:COMP:SLIM -9.9e+037,9.9e+037;:COMP:STAT OFF;:COMP:SWAP OFF;:COMP:TOL:NOM 0;:DISP:ENAB ON;:DISP:LINE """";:DISP:WIND:TEXT1:DATA:FMSD:DATA 1e-009;:DISP:WIND:TEXT2:DATA:FMSD:DATA 1e-009;:FORM:ASC:LONG ON;:FORM:BORD NORM;:FORM:DATA ASC,64;:FREQ:CW 1800;:FUNC:DEV1:MODE OFF;:FUNC:DEV1:REF:VAL 0;:FUNC:DEV2:MODE OFF;:FUNC:DEV2:REF:VAL 0;:FUNC:IMP:TYPE LSRS;:FUNC:SMON:IDC:STAT OFF;:FUNC:SMON:VDC:STAT OFF;:INIT:CONT OFF;:LIST:MODE SEQ;:LIST:STIM:TYPE FREQ,NONE;:SOUR:DCS:VOLT:LEV 0;:TRIG:DEL 0;:TRIG:SOUR INT;:TRIG:TDEL 0;:VOLT:LEV 1;:DISP:WIND:TEXT1:DATA:FMSD:STAT OFF;:DISP:WIND:TEXT2:DATA:FMSD:STAT OFF;:FUNC:DCR:RANG:VAL 100;:FUNC:IMP:RANG:VAL 1;:OUTP:DC:ISOL:LEV:VAL 0.02;:OUTP:DC:ISOL:STAT OFF;:FUNC:DCR:RANG:AUTO ON;:FUNC:IMP:RANG:AUTO ON;:OUTP:DC:ISOL:LEV:AUTO ON;:DISP:PAGE MEASurement;
"
2000.0,7.848532974e-08,0.002915829768,0.00999392,3.08521e-05
2000.0,7.867041146e-08,0.002912195113,0.00999379,3.07858e-05
2000.0,7.816635509e-08,0.002914887004,0.00999388,3.07697e-05
2000.0,7.828008662e-08,0.002920310662,0.00999377,3.07989e-05
2000.0,7.872059313e-08,0.002920303216,0.00999383,3.07934e-05
2000.0,7.814659426e-08,0.002922935403,0.0099938,3.07727e-05
2000.0,7.820157421e-08,0.002916224234,0.00999387,3.08643e-05
2000.0,7.847723318e-08,0.002909836194,0.009994,3.07881e-05
2000.0,7.838818033e-08,0.002903622168,0.00999385,3.07567e-05
2000.0,7.866190298e-08,0.002922269336,0.0099938,3.07205e-05
2000.0,7.874444651e-08,0.002913197834,0.00999387,3.07178e-05
2000.0,7.877042336e-08,0.00291591671,0.00999399,3.07417e-05
2000.0,7.867804564e-08,0.00291788453,0.00999398,3.08394e-05
2000.0,7.880785311e-08,0.002918152337,0.00999389,3.08348e-05
2000.0,7.869654514e-08,0.00292148837,0.00999396,3.06819e-05
2000.0,7.812178899e-08,0.0029120669,0.00999384,3.07852e-05
Freq,2000,Rs,0.0029160699861875,5.118974305473093e-06,Ls,7.8501085234375e-08,2.492384315307624e-10
":SOUR:DCS:STAT OFF;:BIAS:STAT OFF;:COMP:BIN:COUN:CLE;:LIST:CLE:ALL;:COMP:BIN:CLE;:AMPL:ALC OFF;:APER LONG,1;:BIAS:POL:AUTO OFF;:BIAS:RANG:AUTO ON;:BIAS:VOLT:LEV 0;:COMP:ABIN OFF;:COMP:BIN:COUN:STAT OFF;:COMP:MODE PTOL;:COMP:SLIM -9.9e+037,9.9e+037;:COMP:STAT OFF;:COMP:SWAP OFF;:COMP:TOL:NOM 0;:DISP:ENAB ON;:DISP:LINE """";:DISP:WIND:TEXT1:DATA:FMSD:DATA 1e-009;:DISP:WIND:TEXT2:DATA:FMSD:DATA 1e-009;:FORM:ASC:LONG ON;:FORM:BORD NORM;:FORM:DATA ASC,64;:FREQ:CW 2000;:FUNC:DEV1:MODE OFF;:FUNC:DEV1:REF:VAL 0;:FUNC:DEV2:MODE OFF;:FUNC:DEV2:REF:VAL 0;:FUNC:IMP:TYPE LSRS;:FUNC:SMON:IDC:STAT OFF;:FUNC:SMON:VDC:STAT OFF;:INIT:CONT OFF;:LIST:MODE SEQ;:LIST:STIM:TYPE FREQ,NONE;:SOUR:DCS:VOLT:LEV 0;:TRIG:DEL 0;:TRIG:SOUR INT;:TRIG:TDEL 0;:VOLT:LEV 1;:DISP:WIND:TEXT1:DATA:FMSD:STAT OFF;:DISP:WIND:TEXT2:DATA:FMSD:STAT OFF;:FUNC:DCR:RANG:VAL 100;:FUNC:IMP:RANG:VAL 1;:OUTP:DC:ISOL:LEV:VAL 0.02;:OUTP:DC:ISOL:STAT OFF;:FUNC:DCR:RANG:AUTO ON;:FUNC:IMP:RANG:AUTO ON;:OUTP:DC:ISOL:LEV:AUTO ON;:DISP:PAGE MEASurement;
"
3000.0,7.926501107e-08,0.002916414133,0.00995347,3.26294e-05
3000.0,7.94593872e-08,0.002912648174,0.00995351,3.25808e-05
3000.0,7.919801144e-08,0.002915268943,0.00995334,3.25948e-05
3000.0,7.908463017e-08,0.002911216384,0.0099534,3.25559e-05
3000.0,7.947928805e-08,0.00290923533,0.00995347,3.26163e-05
3000.0,7.946230148e-08,0.002908132685,0.00995343,3.26087e-05
3000.0,7.926199088e-08,0.002911906994,0.00995339,3.2574e-05
3000.0,7.923168873e-08,0.002919405408,0.00995331,3.26333e-05
3000.0,7.935979369e-08,0.002908236801,0.00995332,3.26231e-05
3000.0,7.953844832e-08,0.002915453758,0.00995327,3.2531e-05
3000.0,7.951611606e-08,0.002915367886,0.00995333,3.26024e-05
3000.0,7.923834474e-08,0.002917503445,0.00995318,3.2586e-05
3000.0,7.935548994e-08,0.002918832577,0.0099534,3.25808e-05
3000.0,7.931041229e-08,0.002912448262,0.00995346,3.26018e-05
3000.0,7.926582609e-08,0.002912455546,0.0099533,3.26105e-05
3000.0,7.931924002e-08,0.002916211418,0.00995338,3.26147e-05
Freq,3000,Rs,0.002913796109,3.5551479079854033e-06,Ls,7.9334123760625e-08,1.2781406524801313e-10
":SOUR:DCS:STAT OFF;:BIAS:STAT OFF;:COMP:BIN:COUN:CLE;:LIST:CLE:ALL;:COMP:BIN:CLE;:AMPL:ALC OFF;:APER LONG,1;:BIAS:POL:AUTO OFF;:BIAS:RANG:AUTO ON;:BIAS:VOLT:LEV 0;:COMP:ABIN OFF;:COMP:BIN:COUN:STAT OFF;:COMP:MODE PTOL;:COMP:SLIM -9.9e+037,9.9e+037;:COMP:STAT OFF;:COMP:SWAP OFF;:COMP:TOL:NOM 0;:DISP:ENAB ON;:DISP:LINE """";:DISP:WIND:TEXT1:DATA:FMSD:DATA 1e-009;:DISP:WIND:TEXT2:DATA:FMSD:DATA 1e-009;:FORM:ASC:LONG ON;:FORM:BORD NORM;:FORM:DATA ASC,64;:FREQ:CW 3000;:FUNC:DEV1:MODE OFF;:FUNC:DEV1:REF:VAL 0;:FUNC:DEV2:MODE OFF;:FUNC:DEV2:REF:VAL 0;:FUNC:IMP:TYPE LSRS;:FUNC:SMON:IDC:STAT OFF;:FUNC:SMON:VDC:STAT OFF;:INIT:CONT OFF;:LIST:MODE SEQ;:LIST:STIM:TYPE FREQ,NONE;:SOUR:DCS:VOLT:LEV 0;:TRIG:DEL 0;:TRIG:SOUR INT;:TRIG:TDEL 0;:VOLT:LEV 1;:DISP:WIND:TEXT1:DATA:FMSD:STAT OFF;:DISP:WIND:TEXT2:DATA:FMSD:STAT OFF;:FUNC:DCR:RANG:VAL 100;:FUNC:IMP:RANG:VAL 1;:OUTP:DC:ISOL:LEV:VAL 0.02;:OUTP:DC:ISOL:STAT OFF;:FUNC:DCR:RANG:AUTO ON;:FUNC:IMP:RANG:AUTO ON;:OUTP:DC:ISOL:LEV:AUTO ON;:DISP:PAGE MEASurement;
"
4000.0,8.032677716e-08,0.002920836092,0.00995622,3.5278e-05
4000.0,8.011685216e-08,0.002914841111,0.00995624,3.52615e-05
4000.0,8.006720008e-08,0.002913444335,0.00995617,3.52828e-05
4000.0,8.023232187e-08,0.002924016061,0.0099562,3.52743e-05
4000.0,8.030564931e-08,0.002921039688,0.00995623,3.5302e-05
4000.0,8.007362527e-08,0.002917987368,0.00995629,3.53025e-05
4000.0,8.018748648e-08,0.002923397996,0.00995629,3.52911e-05
4000.0,8.002229649e-08,0.0029176818,0.00995639,3.53406e-05
4000.0,8.012946676e-08,0.002915832951,0.00995632,3.52986e-05
4000.0,8.003098481e-08,0.002919916522,0.00995639,3.53053e-05
4000.0,8.012126145e-08,0.00292203227,0.00995642,3.53006e-05
4000.0,7.994836246e-08,0.002914318182,0.00995634,3.53397e-05
4000.0,8.030991452e-08,0.002919832326,0.00995628,3.5273e-05
4000.0,8.021943211e-08,0.002919792013,0.00995631,3.53543e-05
4000.0,8.01421846e-08,0.002920591157,0.00995622,3.53232e-05
4000.0,8.001168731e-08,0.002919116037,0.00995627,3.52304e-05
Freq,4000,Rs,0.0029190422443125,3.1493986724862203e-06,Ls,8.01403439275e-08,1.1486741286395083e-10
":SOUR:DCS:STAT OFF;:BIAS:STAT OFF;:COMP:BIN:COUN:CLE;:LIST:CLE:ALL;:COMP:BIN:CLE;:AMPL:ALC OFF;:APER LONG,1;:BIAS:POL:AUTO OFF;:BIAS:RANG:AUTO ON;:BIAS:VOLT:LEV 0;:COMP:ABIN OFF;:COMP:BIN:COUN:STAT OFF;:COMP:MODE PTOL;:COMP:SLIM -9.9e+037,9.9e+037;:COMP:STAT OFF;:COMP:SWAP OFF;:COMP:TOL:NOM 0;:DISP:ENAB ON;:DISP:LINE """";:DISP:WIND:TEXT1:DATA:FMSD:DATA 1e-009;:DISP:WIND:TEXT2:DATA:FMSD:DATA 1e-009;:FORM:ASC:LONG ON;:FORM:BORD NORM;:FORM:DATA ASC,64;:FREQ:CW 4000;:FUNC:DEV1:MODE OFF;:FUNC:DEV1:REF:VAL 0;:FUNC:DEV2:MODE OFF;:FUNC:DEV2:REF:VAL 0;:FUNC:IMP:TYPE LSRS;:FUNC:SMON:IDC:STAT OFF;:FUNC:SMON:VDC:STAT OFF;:INIT:CONT OFF;:LIST:MODE SEQ;:LIST:STIM:TYPE FREQ,NONE;:SOUR:DCS:VOLT:LEV 0;:TRIG:DEL 0;:TRIG:SOUR INT;:TRIG:TDEL 0;:VOLT:LEV 1;:DISP:WIND:TEXT1:DATA:FMSD:STAT OFF;:DISP:WIND:TEXT2:DATA:FMSD:STAT OFF;:FUNC:DCR:RANG:VAL 100;:FUNC:IMP:RANG:VAL 1;:OUTP:DC:ISOL:LEV:VAL 0.02;:OUTP:DC:ISOL:STAT OFF;:FUNC:DCR:RANG:AUTO ON;:FUNC:IMP:RANG:AUTO ON;:OUTP:DC:ISOL:LEV:AUTO ON;:DISP:PAGE MEASurement;
"
5000.0,8.036951095e-08,0.002932120691,0.00994365,3.84491e-05
5000.0,8.040951989e-08,0.002933799737,0.00994373,3.84799e-05
5000.0,8.034932732e-08,0.00293299166,0.0099435,3.84586e-05
5000.0,8.035763405e-08,0.002939354237,0.0099436,3.84881e-05
5000.0,8.038416324e-08,0.002932174332,0.0099436,3.85247e-05
5000.0,8.032410469e-08,0.002934625822,0.00994341,3.84387e-05
5000.0,8.045085776e-08,0.002932153763,0.00994359,3.85386e-05
5000.0,8.027802912e-08,0.002931200805,0.00994359,3.84767e-05
5000.0,8.039423557e-08,0.002933774094,0.00994363,3.84297e-05
5000.0,8.02956021e-08,0.002935308468,0.00994355,3.84662e-05
5000.0,8.042184376e-08,0.002928421852,0.00994356,3.84643e-05
5000.0,8.017522115e-08,0.002932162413,0.00994368,3.84738e-05
5000.0,8.02229961e-08,0.002930918271,0.00994356,3.84303e-05
5000.0,8.040262176e-08,0.002934488911,0.00994355,3.84865e-05
5000.0,8.036196605e-08,0.002937446487,0.00994338,3.84665e-05
5000.0,8.03992138e-08,0.002926489507,0.00994344,3.84678e-05
Freq,5000,Rs,0.0029329644406249997,3.1128189633409337e-06,Ls,8.034980295687499e-08,7.450302364537064e-11
":SOUR:DCS:STAT OFF;:BIAS:STAT OFF;:COMP:BIN:COUN:CLE;:LIST:CLE:ALL;:COMP:BIN:CLE;:AMPL:ALC OFF;:APER LONG,1;:BIAS:POL:AUTO OFF;:BIAS:RANG:AUTO ON;:BIAS:VOLT:LEV 0;:COMP:ABIN OFF;:COMP:BIN:COUN:STAT OFF;:COMP:MODE PTOL;:COMP:SLIM -9.9e+037,9.9e+037;:COMP:STAT OFF;:COMP:SWAP OFF;:COMP:TOL:NOM 0;:DISP:ENAB ON;:DISP:LINE """";:DISP:WIND:TEXT1:DATA:FMSD:DATA 1e-009;:DISP:WIND:TEXT2:DATA:FMSD:DATA 1e-009;:FORM:ASC:LONG ON;:FORM:BORD NORM;:FORM:DATA ASC,64;:FREQ:CW 5000;:FUNC:DEV1:MODE OFF;:FUNC:DEV1:REF:VAL 0;:FUNC:DEV2:MODE OFF;:FUNC:DEV2:REF:VAL 0;:FUNC:IMP:TYPE LSRS;:FUNC:SMON:IDC:STAT OFF;:FUNC:SMON:VDC:STAT OFF;:INIT:CONT OFF;:LIST:MODE SEQ;:LIST:STIM:TYPE FREQ,NONE;:SOUR:DCS:VOLT:LEV 0;:TRIG:DEL 0;:TRIG:SOUR INT;:TRIG:TDEL 0;:VOLT:LEV 1;:DISP:WIND:TEXT1:DATA:FMSD:STAT OFF;:DISP:WIND:TEXT2:DATA:FMSD:STAT OFF;:FUNC:DCR:RANG:VAL 100;:FUNC:IMP:RANG:VAL 1;:OUTP:DC:ISOL:LEV:VAL 0.02;:OUTP:DC:ISOL:STAT OFF;:FUNC:DCR:RANG:AUTO ON;:FUNC:IMP:RANG:AUTO ON;:OUTP:DC:ISOL:LEV:AUTO ON;:DISP:PAGE MEASurement;
"
8000.0,8.028042307e-08,0.002977683393,0.00995236,4.99927e-05
8000.0,8.03749293e-08,0.002984154248,0.00995235,4.9986e-05
8000.0,8.030938149e-08,0.002983591064,0.0099523,4.99644e-05
8000.0,8.027641918e-08,0.002986783431,0.00995231,5.00454e-05
8000.0,8.03124375e-08,0.002983678182,0.00995246,4.99776e-05
8000.0,8.030051889e-08,0.002980132575,0.00995235,4.99443e-05
8000.0,8.026990128e-08,0.002985869289,0.00995222,5.00009e-05
8000.0,8.033086424e-08,0.002981152774,0.00995244,4.998e-05
8000.0,8.028517849e-08,0.002979379389,0.00995251,4.99917e-05
8000.0,8.018744954e-08,0.002984157601,0.00995238,4.99631e-05
8000.0,8.034512851e-08,0.002988953628,0.00995244,5.00045e-05
8000.0,8.03818173e-08,0.002983293142,0.00995227,4.99449e-05
8000.0,8.029462255e-08,0.002979661327,0.0099524,4.99743e-05
8000.0,8.023771882e-08,0.002986311902,0.00995252,4.99759e-05
8000.0,8.035501832e-08,0.002987852429,0.00995244,4.99753e-05
8000.0,8.03511123e-08,0.002979266067,0.00995251,4.99158e-05
Freq,8000,Rs,0.0029832450275625,3.3981666343891543e-06,Ls,8.030580754875e-08,5.117346829466465e-11
":SOUR:DCS:STAT OFF;:BIAS:STAT OFF;:COMP:BIN:COUN:CLE;:LIST:CLE:ALL;:COMP:BIN:CLE;:AMPL:ALC OFF;:APER LONG,1;:BIAS:POL:AUTO OFF;:BIAS:RANG:AUTO ON;:BIAS:VOLT:LEV 0;:COMP:ABIN OFF;:COMP:BIN:COUN:STAT OFF;:COMP:MODE PTOL;:COMP:SLIM -9.9e+037,9.9e+037;:COMP:STAT OFF;:COMP:SWAP OFF;:COMP:TOL:NOM 0;:DISP:ENAB ON;:DISP:LINE """";:DISP:WIND:TEXT1:DATA:FMSD:DATA 1e-009;:DISP:WIND:TEXT2:DATA:FMSD:DATA 1e-009;:FORM:ASC:LONG ON;:FORM:BORD NORM;:FORM:DATA ASC,64;:FREQ:CW 8000;:FUNC:DEV1:MODE OFF;:FUNC:DEV1:REF:VAL 0;:FUNC:DEV2:MODE OFF;:FUNC:DEV2:REF:VAL 0;:FUNC:IMP:TYPE LSRS;:FUNC:SMON:IDC:STAT OFF;:FUNC:SMON:VDC:STAT OFF;:INIT:CONT OFF;:LIST:MODE SEQ;:LIST:STIM:TYPE FREQ,NONE;:SOUR:DCS:VOLT:LEV 0;:TRIG:DEL 0;:TRIG:SOUR INT;:TRIG:TDEL 0;:VOLT:LEV 1;:DISP:WIND:TEXT1:DATA:FMSD:STAT OFF;:DISP:WIND:TEXT2:DATA:FMSD:STAT OFF;:FUNC:DCR:RANG:VAL 100;:FUNC:IMP:RANG:VAL 1;:OUTP:DC:ISOL:LEV:VAL 0.02;:OUTP:DC:ISOL:STAT OFF;:FUNC:DCR:RANG:AUTO ON;:FUNC:IMP:RANG:AUTO ON;:OUTP:DC:ISOL:LEV:AUTO ON;:DISP:PAGE MEASurement;
"
10000.0,8.007789645e-08,0.0030333925,0.00995215,5.85572e-05
10000.0,8.021446833e-08,0.003037570569,0.00995219,5.8548e-05
10000.0,8.023150889e-08,0.003027960384,0.00995217,5.85043e-05
10000.0,8.015716002e-08,0.003030993123,0.0099522,5.8571e-05
10000.0,8.02022663e-08,0.003034592119,0.00995207,5.84889e-05
10000.0,8.014603065e-08,0.003036750182,0.00995217,5.85151e-05
10000.0,8.02059476e-08,0.003030062387,0.00995221,5.85361e-05
10000.0,8.015493584e-08,0.00303127688,0.00995206,5.85442e-05
10000.0,8.019037977e-08,0.003034556551,0.00995217,5.85398e-05
10000.0,8.025163156e-08,0.003030823752,0.00995211,5.84379e-05
10000.0,8.019461124e-08,0.003029891755,0.00995214,5.84393e-05
10000.0,8.013586187e-08,0.003029743184,0.0099521,5.85228e-05
10000.0,8.024633781e-08,0.003028517056,0.00995205,5.85102e-05
10000.0,8.025581192e-08,0.003030263754,0.00995202,5.84803e-05
10000.0,8.022631088e-08,0.003031941986,0.00995204,5.85327e-05
10000.0,8.026142876e-08,0.003028087312,0.00995212,5.853e-05
Freq,10000,Rs,0.003031651468375,2.942050665459733e-06,Ls,8.019703674312499e-08,5.126349699750762e-11
":SOUR:DCS:STAT OFF;:BIAS:STAT OFF;:COMP:BIN:COUN:CLE;:LIST:CLE:ALL;:COMP:BIN:CLE;:AMPL:ALC OFF;:APER LONG,1;:BIAS:POL:AUTO OFF;:BIAS:RANG:AUTO ON;:BIAS:VOLT:LEV 0;:COMP:ABIN OFF;:COMP:BIN:COUN:STAT OFF;:COMP:MODE PTOL;:COMP:SLIM -9.9e+037,9.9e+037;:COMP:STAT OFF;:COMP:SWAP OFF;:COMP:TOL:NOM 0;:DISP:ENAB ON;:DISP:LINE """";:DISP:WIND:TEXT1:DATA:FMSD:DATA 1e-009;:DISP:WIND:TEXT2:DATA:FMSD:DATA 1e-009;:FORM:ASC:LONG ON;:FORM:BORD NORM;:FORM:DATA ASC,64;:FREQ:CW 10000;:FUNC:DEV1:MODE OFF;:FUNC:DEV1:REF:VAL 0;:FUNC:DEV2:MODE OFF;:FUNC:DEV2:REF:VAL 0;:FUNC:IMP:TYPE LSRS;:FUNC:SMON:IDC:STAT OFF;:FUNC:SMON:VDC:STAT OFF;:INIT:CONT OFF;:LIST:MODE SEQ;:LIST:STIM:TYPE FREQ,NONE;:SOUR:DCS:VOLT:LEV 0;:TRIG:DEL 0;:TRIG:SOUR INT;:TRIG:TDEL 0;:VOLT:LEV 1;:DISP:WIND:TEXT1:DATA:FMSD:STAT OFF;:DISP:WIND:TEXT2:DATA:FMSD:STAT OFF;:FUNC:DCR:RANG:VAL 100;:FUNC:IMP:RANG:VAL 1;:OUTP:DC:ISOL:LEV:VAL 0.02;:OUTP:DC:ISOL:STAT OFF;:FUNC:DCR:RANG:AUTO ON;:FUNC:IMP:RANG:AUTO ON;:OUTP:DC:ISOL:LEV:AUTO ON;:DISP:PAGE MEASurement;
"
15000.0,7.979536102e-08,0.003146401577,0.00994901,8.11099e-05
15000.0,7.980660285e-08,0.003150075095,0.00994906,8.11213e-05
15000.0,7.977192482e-08,0.00314547218,0.00994889,8.11653e-05
15000.0,7.982795533e-08,0.003148440825,0.00994903,8.10935e-05
15000.0,7.980418444e-08,0.003148086335,0.00994912,8.10988e-05
15000.0,7.985417507e-08,0.003145712404,0.00994911,8.11526e-05
15000.0,7.977313007e-08,0.003148101703,0.00994905,8.11517e-05
15000.0,7.979131759e-08,0.003147556887,0.00994902,8.11554e-05
15000.0,7.978621412e-08,0.003150669745,0.00994903,8.10854e-05
15000.0,7.982010933e-08,0.0031488017,0.00994914,8.11285e-05
15000.0,7.979916219e-08,0.00314288518,0.00994896,8.11357e-05
15000.0,7.984759739e-08,0.003150578743,0.00994909,8.11504e-05
15000.0,7.975399529e-08,0.003155519727,0.00994911,8.1133e-05
15000.0,7.983389896e-08,0.003151977357,0.00994912,8.11142e-05
15000.0,7.982192738e-08,0.003150990422,0.00994913,8.11386e-05
15000.0,7.98465985e-08,0.003144857651,0.00994912,8.11184e-05
Freq,15000,Rs,0.0031485079706875,3.1254660929743892e-06,Ls,7.9808384646875e-08,2.9482508234264605e-11
":SOUR:DCS:STAT OFF;:BIAS:STAT OFF;:COMP:BIN:COUN:CLE;:LIST:CLE:ALL;:COMP:BIN:CLE;:AMPL:ALC OFF;:APER LONG,1;:BIAS:POL:AUTO OFF;:BIAS:RANG:AUTO ON;:BIAS:VOLT:LEV 0;:COMP:ABIN OFF;:COMP:BIN:COUN:STAT OFF;:COMP:MODE PTOL;:COMP:SLIM -9.9e+037,9.9e+037;:COMP:STAT OFF;:COMP:SWAP OFF;:COMP:TOL:NOM 0;:DISP:ENAB ON;:DISP:LINE """";:DISP:WIND:TEXT1:DATA:FMSD:DATA 1e-009;:DISP:WIND:TEXT2:DATA:FMSD:DATA 1e-009;:FORM:ASC:LONG ON;:FORM:BORD NORM;:FORM:DATA ASC,64;:FREQ:CW 15000;:FUNC:DEV1:MODE OFF;:FUNC:DEV1:REF:VAL 0;:FUNC:DEV2:MODE OFF;:FUNC:DEV2:REF:VAL 0;:FUNC:IMP:TYPE LSRS;:FUNC:SMON:IDC:STAT OFF;:FUNC:SMON:VDC:STAT OFF;:INIT:CONT OFF;:LIST:MODE SEQ;:LIST:STIM:TYPE FREQ,NONE;:SOUR:DCS:VOLT:LEV 0;:TRIG:DEL 0;:TRIG:SOUR INT;:TRIG:TDEL 0;:VOLT:LEV 1;:DISP:WIND:TEXT1:DATA:FMSD:STAT OFF;:DISP:WIND:TEXT2:DATA:FMSD:STAT OFF;:FUNC:DCR:RANG:VAL 100;:FUNC:IMP:RANG:VAL 1;:OUTP:DC:ISOL:LEV:VAL 0.02;:OUTP:DC:ISOL:STAT OFF;:FUNC:DCR:RANG:AUTO ON;:FUNC:IMP:RANG:AUTO ON;:OUTP:DC:ISOL:LEV:AUTO ON;:DISP:PAGE MEASurement;
"
20000.0,7.926915686e-08,0.003290492365,0.0099624,0.000104452
20000.0,7.928089164e-08,0.003291692069,0.0099623,0.000104476
20000.0,7.927555534e-08,0.00328873481,0.00996239,0.00010448
20000.0,7.918342723e-08,0.00328592855,0.00996229,0.000104457
20000.0,7.924569795e-08,0.003286676111,0.00996241,0.000104469
20000.0,7.926779258e-08,0.003285639262,0.00996249,0.000104478
20000.0,7.926422387e-08,0.003291150297,0.0099625,0.000104529
20000.0,7.927199868e-08,0.003294837095,0.00996231,0.000104507
20000.0,7.929833211e-08,0.003287836131,0.00996245,0.000104549
20000.0,7.920320183e-08,0.003288835121,0.00996239,0.000104494
20000.0,7.928639435e-08,0.003294936239,0.0099624,0.000104475
20000.0,7.920103488e-08,0.003292477658,0.00996251,0.00010451
20000.0,7.92340391e-08,0.003285669881,0.00996248,0.000104481
20000.0,7.923820708e-08,0.003283580399,0.00996247,0.000104482
20000.0,7.923431737e-08,0.003289920531,0.00996243,0.000104484
20000.0,7.922173069e-08,0.003289756931,0.00996245,0.000104536
Freq,20000,Rs,0.003289260215625,3.305374454660644e-06,Ls,7.924850009750001e-08,3.374290222158509e-11
":SOUR:DCS:STAT OFF;:BIAS:STAT OFF;:COMP:BIN:COUN:CLE;:LIST:CLE:ALL;:COMP:BIN:CLE;:AMPL:ALC OFF;:APER LONG,1;:BIAS:POL:AUTO OFF;:BIAS:RANG:AUTO ON;:BIAS:VOLT:LEV 0;:COMP:ABIN OFF;:COMP:BIN:COUN:STAT OFF;:COMP:MODE PTOL;:COMP:SLIM -9.9e+037,9.9e+037;:COMP:STAT OFF;:COMP:SWAP OFF;:COMP:TOL:NOM 0;:DISP:ENAB ON;:DISP:LINE """";:DISP:WIND:TEXT1:DATA:FMSD:DATA 1e-009;:DISP:WIND:TEXT2:DATA:FMSD:DATA 1e-009;:FORM:ASC:LONG ON;:FORM:BORD NORM;:FORM:DATA ASC,64;:FREQ:CW 20000;:FUNC:DEV1:MODE OFF;:FUNC:DEV1:REF:VAL 0;:FUNC:DEV2:MODE OFF;:FUNC:DEV2:REF:VAL 0;:FUNC:IMP:TYPE LSRS;:FUNC:SMON:IDC:STAT OFF;:FUNC:SMON:VDC:STAT OFF;:INIT:CONT OFF;:LIST:MODE SEQ;:LIST:STIM:TYPE FREQ,NONE;:SOUR:DCS:VOLT:LEV 0;:TRIG:DEL 0;:TRIG:SOUR INT;:TRIG:TDEL 0;:VOLT:LEV 1;:DISP:WIND:TEXT1:DATA:FMSD:STAT OFF;:DISP:WIND:TEXT2:DATA:FMSD:STAT OFF;:FUNC:DCR:RANG:VAL 100;:FUNC:IMP:RANG:VAL 1;:OUTP:DC:ISOL:LEV:VAL 0.02;:OUTP:DC:ISOL:STAT OFF;:FUNC:DCR:RANG:AUTO ON;:FUNC:IMP:RANG:AUTO ON;:OUTP:DC:ISOL:LEV:AUTO ON;:DISP:PAGE MEASurement;
"
30000.0,7.83332437e-08,0.003617396534,0.00995231,0.000151307
30000.0,7.833194274e-08,0.003617289395,0.00995252,0.000151292
30000.0,7.832016655e-08,0.003617199311,0.00995244,0.000151278
30000.0,7.834420743e-08,0.003621691061,0.00995233,0.000151314
30000.0,7.83404734e-08,0.003614065881,0.00995243,0.000151278
30000.0,7.832453093e-08,0.003615743986,0.00995251,0.000151273
30000.0,7.835712408e-08,0.003616376391,0.00995255,0.000151288
30000.0,7.833404029e-08,0.003612680823,0.00995245,0.000151286
30000.0,7.832780306e-08,0.003620013139,0.00995257,0.000151329
30000.0,7.834293743e-08,0.003618885138,0.00995254,0.000151333
30000.0,7.833108672e-08,0.00361729754,0.00995253,0.000151289
30000.0,7.83370248e-08,0.003622838933,0.00995258,0.000151298
30000.0,7.82868769e-08,0.003623861282,0.0099524,0.000151321
30000.0,7.83322383e-08,0.003616026109,0.00995259,0.00015129
30000.0,7.832125555e-08,0.003616974275,0.00995247,0.000151291
30000.0,7.833696155e-08,0.003620475887,0.0099524,0.000151321
Freq,30000,Rs,0.0036180509803125,3.0634092524315204e-06,Ls,7.833136958937499e-08,1.5026080587731126e-11
":SOUR:DCS:STAT OFF;:BIAS:STAT OFF;:COMP:BIN:COUN:CLE;:LIST:CLE:ALL;:COMP:BIN:CLE;:AMPL:ALC OFF;:APER LONG,1;:BIAS:POL:AUTO OFF;:BIAS:RANG:AUTO ON;:BIAS:VOLT:LEV 0;:COMP:ABIN OFF;:COMP:BIN:COUN:STAT OFF;:COMP:MODE PTOL;:COMP:SLIM -9.9e+037,9.9e+037;:COMP:STAT OFF;:COMP:SWAP OFF;:COMP:TOL:NOM 0;:DISP:ENAB ON;:DISP:LINE """";:DISP:WIND:TEXT1:DATA:FMSD:DATA 1e-009;:DISP:WIND:TEXT2:DATA:FMSD:DATA 1e-009;:FORM:ASC:LONG ON;:FORM:BORD NORM;:FORM:DATA ASC,64;:FREQ:CW 30000;:FUNC:DEV1:MODE OFF;:FUNC:DEV1:REF:VAL 0;:FUNC:DEV2:MODE OFF;:FUNC:DEV2:REF:VAL 0;:FUNC:IMP:TYPE LSRS;:FUNC:SMON:IDC:STAT OFF;:FUNC:SMON:VDC:STAT OFF;:INIT:CONT OFF;:LIST:MODE SEQ;:LIST:STIM:TYPE FREQ,NONE;:SOUR:DCS:VOLT:LEV 0;:TRIG:DEL 0;:TRIG:SOUR INT;:TRIG:TDEL 0;:VOLT:LEV 1;:DISP:WIND:TEXT1:DATA:FMSD:STAT OFF;:DISP:WIND:TEXT2:DATA:FMSD:STAT OFF;:FUNC:DCR:RANG:VAL 100;:FUNC:IMP:RANG:VAL 1;:OUTP:DC:ISOL:LEV:VAL 0.02;:OUTP:DC:ISOL:STAT OFF;:FUNC:DCR:RANG:AUTO ON;:FUNC:IMP:RANG:AUTO ON;:OUTP:DC:ISOL:LEV:AUTO ON;:DISP:PAGE MEASurement;
"
":SOUR:DCS:STAT OFF;:BIAS:STAT OFF;:COMP:BIN:COUN:CLE;:LIST:CLE:ALL;:COMP:BIN:CLE;:AMPL:ALC OFF;:APER LONG,1;:BIAS:POL:AUTO OFF;:BIAS:RANG:AUTO ON;:BIAS:VOLT:LEV 0;:COMP:ABIN OFF;:COMP:BIN:COUN:STAT OFF;:COMP:MODE PTOL;:COMP:SLIM -9.9e+037,9.9e+037;:COMP:STAT OFF;:COMP:SWAP OFF;:COMP:TOL:NOM 0;:DISP:ENAB ON;:DISP:LINE """";:DISP:WIND:TEXT1:DATA:FMSD:DATA 1e-009;:DISP:WIND:TEXT2:DATA:FMSD:DATA 1e-009;:FORM:ASC:LONG ON;:FORM:BORD NORM;:FORM:DATA ASC,64;:FREQ:CW 30000;:FUNC:DEV1:MODE OFF;:FUNC:DEV1:REF:VAL 0;:FUNC:DEV2:MODE OFF;:FUNC:DEV2:REF:VAL 0;:FUNC:IMP:TYPE LSRS;:FUNC:SMON:IDC:STAT OFF;:FUNC:SMON:VDC:STAT OFF;:INIT:CONT OFF;:LIST:MODE SEQ;:LIST:STIM:TYPE FREQ,NONE;:SOUR:DCS:VOLT:LEV 0;:TRIG:DEL 0;:TRIG:SOUR INT;:TRIG:TDEL 0;:VOLT:LEV 1;:DISP:WIND:TEXT1:DATA:FMSD:STAT OFF;:DISP:WIND:TEXT2:DATA:FMSD:STAT OFF;:FUNC:DCR:RANG:VAL 100;:FUNC:IMP:RANG:VAL 1;:OUTP:DC:ISOL:LEV:VAL 0.02;:OUTP:DC:ISOL:STAT OFF;:FUNC:DCR:RANG:AUTO ON;:FUNC:IMP:RANG:AUTO ON;:OUTP:DC:ISOL:LEV:AUTO ON;:DISP:PAGE MEASurement;
"
2024-04-19,13:57:40
---------run finished---------
lcr name:,KeySight E4980A
Name and description of Resistor under test: ,"GR1482 100 mH, Kelvin clips, short removed, case earthed"
2024-04-19,14:00:30
select the freq range,"[20, 30, 40, 50, 70, 100, 200, 300, 500, 800, 1000, 1200, 1591.549, 1800, 2000, 3000, 4000, 5000, 8000, 10000, 15000, 20000, 30000]"
20.0,0.0998871645,83.68241401,0.00541045,0.457816
20.0,0.09989183353,83.68160137,0.0054104,0.457816
20.0,0.09989135416,83.68154289,0.00541041,0.457819
20.0,0.09988858078,83.6812373,0.00541041,0.457817
20.0,0.09988708822,83.68198289,0.00541046,0.457821
20.0,0.09988751158,83.68252582,0.00541043,0.457819
20.0,0.09989091696,83.68179843,0.00541046,0.45781
20.0,0.09988656517,83.68237314,0.00541039,0.457821
20.0,0.09988833991,83.68220929,0.00541041,0.457814
20.0,0.09988668549,83.68316538,0.00541029,0.457817
20.0,0.09988594233,83.68153636,0.00541044,0.457816
20.0,0.09987584711,83.68143679,0.00541045,0.457818
20.0,0.09989218292,83.68275993,0.00541042,0.457822
20.0,0.09989005011,83.68170788,0.00541037,0.457813
20.0,0.09988822085,83.68249519,0.00541036,0.457817
20.0,0.09988792654,83.68204564,0.00541038,0.457822
Freq,20,Rs,83.68205201937499,0.0005402790852443246,Ls,0.099887888135,3.7766204890130393e-06
":SOUR:DCS:STAT OFF;:BIAS:STAT OFF;:COMP:BIN:COUN:CLE;:LIST:CLE:ALL;:COMP:BIN:CLE;:AMPL:ALC OFF;:APER LONG,1;:BIAS:POL:AUTO OFF;:BIAS:RANG:AUTO ON;:BIAS:VOLT:LEV 0;:COMP:ABIN OFF;:COMP:BIN:COUN:STAT OFF;:COMP:MODE PTOL;:COMP:SLIM -9.9e+037,9.9e+037;:COMP:STAT OFF;:COMP:SWAP OFF;:COMP:TOL:NOM 0;:DISP:ENAB ON;:DISP:LINE """";:DISP:WIND:TEXT1:DATA:FMSD:DATA 1e-009;:DISP:WIND:TEXT2:DATA:FMSD:DATA 1e-009;:FORM:ASC:LONG ON;:FORM:BORD NORM;:FORM:DATA ASC,64;:FREQ:CW 20;:FUNC:DEV1:MODE OFF;:FUNC:DEV1:REF:VAL 0;:FUNC:DEV2:MODE OFF;:FUNC:DEV2:REF:VAL 0;:FUNC:IMP:TYPE LSRS;:FUNC:SMON:IDC:STAT OFF;:FUNC:SMON:VDC:STAT OFF;:INIT:CONT OFF;:LIST:MODE SEQ;:LIST:STIM:TYPE FREQ,NONE;:SOUR:DCS:VOLT:LEV 0;:TRIG:DEL 0;:TRIG:SOUR INT;:TRIG:TDEL 0;:VOLT:LEV 1;:DISP:WIND:TEXT1:DATA:FMSD:STAT OFF;:DISP:WIND:TEXT2:DATA:FMSD:STAT OFF;:FUNC:DCR:RANG:VAL 100;:FUNC:IMP:RANG:VAL 100;:OUTP:DC:ISOL:LEV:VAL 0.02;:OUTP:DC:ISOL:STAT OFF;:FUNC:DCR:RANG:AUTO ON;:FUNC:IMP:RANG:AUTO ON;:OUTP:DC:ISOL:LEV:AUTO ON;:DISP:PAGE MEASurement;
"
30.0,0.09993370742,83.67850892,0.00539702,0.462914
30.0,0.09993220346,83.67815769,0.00539697,0.462912
30.0,0.0999401335,83.67826443,0.00539707,0.462915
30.0,0.09993705654,83.67736648,0.00539701,0.462911
30.0,0.09993575061,83.67744769,0.005397,0.462911
30.0,0.09993615818,83.67763701,0.00539703,0.462906
30.0,0.09993366645,83.67812201,0.00539699,0.462911
30.0,0.09994148258,83.67835067,0.00539698,0.462908
30.0,0.09993562411,83.67731307,0.00539697,0.462909
30.0,0.09993571653,83.67805588,0.00539693,0.46291
30.0,0.09993447271,83.67759026,0.00539697,0.462909
30.0,0.09993702845,83.67854679,0.00539697,0.462901
30.0,0.0999373333,83.67823745,0.00539702,0.462915
30.0,0.09993578341,83.67830901,0.00539697,0.462904
30.0,0.09993964368,83.67805642,0.0053969,0.462911
30.0,0.09993833419,83.67814666,0.00539698,0.462907
Freq,30,Rs,83.6780069025,0.0004039357866878084,Ls,0.099936505945,2.4970492933445518e-06
":SOUR:DCS:STAT OFF;:BIAS:STAT OFF;:COMP:BIN:COUN:CLE;:LIST:CLE:ALL;:COMP:BIN:CLE;:AMPL:ALC OFF;:APER LONG,1;:BIAS:POL:AUTO OFF;:BIAS:RANG:AUTO ON;:BIAS:VOLT:LEV 0;:COMP:ABIN OFF;:COMP:BIN:COUN:STAT OFF;:COMP:MODE PTOL;:COMP:SLIM -9.9e+037,9.9e+037;:COMP:STAT OFF;:COMP:SWAP OFF;:COMP:TOL:NOM 0;:DISP:ENAB ON;:DISP:LINE """";:DISP:WIND:TEXT1:DATA:FMSD:DATA 1e-009;:DISP:WIND:TEXT2:DATA:FMSD:DATA 1e-009;:FORM:ASC:LONG ON;:FORM:BORD NORM;:FORM:DATA ASC,64;:FREQ:CW 30;:FUNC:DEV1:MODE OFF;:FUNC:DEV1:REF:VAL 0;:FUNC:DEV2:MODE OFF;:FUNC:DEV2:REF:VAL 0;:FUNC:IMP:TYPE LSRS;:FUNC:SMON:IDC:STAT OFF;:FUNC:SMON:VDC:STAT OFF;:INIT:CONT OFF;:LIST:MODE SEQ;:LIST:STIM:TYPE FREQ,NONE;:SOUR:DCS:VOLT:LEV 0;:TRIG:DEL 0;:TRIG:SOUR INT;:TRIG:TDEL 0;:VOLT:LEV 1;:DISP:WIND:TEXT1:DATA:FMSD:STAT OFF;:DISP:WIND:TEXT2:DATA:FMSD:STAT OFF;:FUNC:DCR:RANG:VAL 100;:FUNC:IMP:RANG:VAL 100;:OUTP:DC:ISOL:LEV:VAL 0.02;:OUTP:DC:ISOL:STAT OFF;:FUNC:DCR:RANG:AUTO ON;:FUNC:IMP:RANG:AUTO ON;:OUTP:DC:ISOL:LEV:AUTO ON;:DISP:PAGE MEASurement;
"
40.0,0.09995358462,83.67728963,0.00537483,0.469582
40.0,0.09995370979,83.67702227,0.00537484,0.469586
40.0,0.09995389597,83.67701127,0.00537472,0.469583
40.0,0.09995547929,83.67715878,0.00537492,0.469578
40.0,0.09995473069,83.67786306,0.00537488,0.469583
40.0,0.09995420848,83.67803741,0.00537479,0.469588
40.0,0.09995413232,83.67709273,0.00537485,0.469581
40.0,0.09995379141,83.67780889,0.00537482,0.469587
40.0,0.09995300056,83.67692229,0.00537483,0.469587
40.0,0.0999552188,83.6769097,0.00537487,0.469585
40.0,0.09995448379,83.67642151,0.00537486,0.469586
40.0,0.09995424272,83.67721612,0.00537482,0.469585
40.0,0.09995418202,83.67748087,0.00537478,0.469582
40.0,0.09995362729,83.67716167,0.00537478,0.469581
40.0,0.09995584554,83.67762544,0.00537488,0.469586
40.0,0.09995491298,83.67726591,0.00537485,0.469589
Freq,40,Rs,83.67726797187501,0.0004130842263804797,Ls,0.09995431539187499,7.612110984492777e-07
":SOUR:DCS:STAT OFF;:BIAS:STAT OFF;:COMP:BIN:COUN:CLE;:LIST:CLE:ALL;:COMP:BIN:CLE;:AMPL:ALC OFF;:APER LONG,1;:BIAS:POL:AUTO OFF;:BIAS:RANG:AUTO ON;:BIAS:VOLT:LEV 0;:COMP:ABIN OFF;:COMP:BIN:COUN:STAT OFF;:COMP:MODE PTOL;:COMP:SLIM -9.9e+037,9.9e+037;:COMP:STAT OFF;:COMP:SWAP OFF;:COMP:TOL:NOM 0;:DISP:ENAB ON;:DISP:LINE """";:DISP:WIND:TEXT1:DATA:FMSD:DATA 1e-009;:DISP:WIND:TEXT2:DATA:FMSD:DATA 1e-009;:FORM:ASC:LONG ON;:FORM:BORD NORM;:FORM:DATA ASC,64;:FREQ:CW 40;:FUNC:DEV1:MODE OFF;:FUNC:DEV1:REF:VAL 0;:FUNC:DEV2:MODE OFF;:FUNC:DEV2:REF:VAL 0;:FUNC:IMP:TYPE LSRS;:FUNC:SMON:IDC:STAT OFF;:FUNC:SMON:VDC:STAT OFF;:INIT:CONT OFF;:LIST:MODE SEQ;:LIST:STIM:TYPE FREQ,NONE;:SOUR:DCS:VOLT:LEV 0;:TRIG:DEL 0;:TRIG:SOUR INT;:TRIG:TDEL 0;:VOLT:LEV 1;:DISP:WIND:TEXT1:DATA:FMSD:STAT OFF;:DISP:WIND:TEXT2:DATA:FMSD:STAT OFF;:FUNC:DCR:RANG:VAL 100;:FUNC:IMP:RANG:VAL 100;:OUTP:DC:ISOL:LEV:VAL 0.02;:OUTP:DC:ISOL:STAT OFF;:FUNC:DCR:RANG:AUTO ON;:FUNC:IMP:RANG:AUTO ON;:OUTP:DC:ISOL:LEV:AUTO ON;:DISP:PAGE MEASurement;
"
50.0,0.0999613716,83.67433469,0.00536411,0.479419
50.0,0.09996159434,83.6740484,0.00536416,0.479414
50.0,0.09996204036,83.67395522,0.0053642,0.479409
50.0,0.09996245411,83.67387341,0.0053642,0.479414
50.0,0.09996008096,83.67372934,0.00536414,0.479418
50.0,0.09995832906,83.67350231,0.00536415,0.479418
50.0,0.09996036882,83.67389982,0.00536426,0.479414
50.0,0.09996085408,83.67409783,0.00536416,0.479413
50.0,0.09995940133,83.67412647,0.00536415,0.479416
50.0,0.0999582567,83.67458826,0.00536415,0.479418
50.0,0.09995870269,83.67481067,0.00536415,0.47942
50.0,0.09996115537,83.67477804,0.00536414,0.479424
50.0,0.09995964959,83.67481563,0.00536423,0.479422
50.0,0.09995974205,83.6752157,0.00536419,0.479411
50.0,0.09996078631,83.67510536,0.00536413,0.479417
50.0,0.09996167668,83.67488842,0.00536424,0.479416
Freq,50,Rs,83.674360598125,0.0005273404474938501,Ls,0.099960404003125,1.3088358491970512e-06
":SOUR:DCS:STAT OFF;:BIAS:STAT OFF;:COMP:BIN:COUN:CLE;:LIST:CLE:ALL;:COMP:BIN:CLE;:AMPL:ALC OFF;:APER LONG,1;:BIAS:POL:AUTO OFF;:BIAS:RANG:AUTO ON;:BIAS:VOLT:LEV 0;:COMP:ABIN OFF;:COMP:BIN:COUN:STAT OFF;:COMP:MODE PTOL;:COMP:SLIM -9.9e+037,9.9e+037;:COMP:STAT OFF;:COMP:SWAP OFF;:COMP:TOL:NOM 0;:DISP:ENAB ON;:DISP:LINE """";:DISP:WIND:TEXT1:DATA:FMSD:DATA 1e-009;:DISP:WIND:TEXT2:DATA:FMSD:DATA 1e-009;:FORM:ASC:LONG ON;:FORM:BORD NORM;:FORM:DATA ASC,64;:FREQ:CW 50;:FUNC:DEV1:MODE OFF;:FUNC:DEV1:REF:VAL 0;:FUNC:DEV2:MODE OFF;:FUNC:DEV2:REF:VAL 0;:FUNC:IMP:TYPE LSRS;:FUNC:SMON:IDC:STAT OFF;:FUNC:SMON:VDC:STAT OFF;:INIT:CONT OFF;:LIST:MODE SEQ;:LIST:STIM:TYPE FREQ,NONE;:SOUR:DCS:VOLT:LEV 0;:TRIG:DEL 0;:TRIG:SOUR INT;:TRIG:TDEL 0;:VOLT:LEV 1;:DISP:WIND:TEXT1:DATA:FMSD:STAT OFF;:DISP:WIND:TEXT2:DATA:FMSD:STAT OFF;:FUNC:DCR:RANG:VAL 100;:FUNC:IMP:RANG:VAL 100;:OUTP:DC:ISOL:LEV:VAL 0.02;:OUTP:DC:ISOL:STAT OFF;:FUNC:DCR:RANG:AUTO ON;:FUNC:IMP:RANG:AUTO ON;:OUTP:DC:ISOL:LEV:AUTO ON;:DISP:PAGE MEASurement;
"
70.0,0.09997098561,83.67487978,0.00529151,0.500183
70.0,0.09997073202,83.67578709,0.00529146,0.50017
70.0,0.09996943087,83.67534472,0.00529145,0.50018
70.0,0.09997142363,83.67500964,0.00529147,0.500177
70.0,0.09997063191,83.67524579,0.00529138,0.500172
70.0,0.09996982324,83.6758356,0.00529153,0.50017
70.0,0.0999704929,83.67547739,0.00529149,0.50017
70.0,0.09997075237,83.67549736,0.00529148,0.500172
70.0,0.09997073136,83.67598177,0.00529145,0.50017
70.0,0.0999706234,83.67545909,0.00529143,0.500168
70.0,0.09997019476,83.67567203,0.0052915,0.500166
70.0,0.09997012205,83.67561719,0.00529142,0.500168
70.0,0.09997105169,83.67550779,0.00529139,0.500171
70.0,0.09996957775,83.67590228,0.00529141,0.500169
70.0,0.09996909166,83.67572313,0.00529145,0.500167
70.0,0.0999710366,83.67569537,0.00529138,0.50017
Freq,70,Rs,83.67553975125,0.00030671312270397016,Ls,0.09997041886375,6.557762985332126e-07
":SOUR:DCS:STAT OFF;:BIAS:STAT OFF;:COMP:BIN:COUN:CLE;:LIST:CLE:ALL;:COMP:BIN:CLE;:AMPL:ALC OFF;:APER LONG,1;:BIAS:POL:AUTO OFF;:BIAS:RANG:AUTO ON;:BIAS:VOLT:LEV 0;:COMP:ABIN OFF;:COMP:BIN:COUN:STAT OFF;:COMP:MODE PTOL;:COMP:SLIM -9.9e+037,9.9e+037;:COMP:STAT OFF;:COMP:SWAP OFF;:COMP:TOL:NOM 0;:DISP:ENAB ON;:DISP:LINE """";:DISP:WIND:TEXT1:DATA:FMSD:DATA 1e-009;:DISP:WIND:TEXT2:DATA:FMSD:DATA 1e-009;:FORM:ASC:LONG ON;:FORM:BORD NORM;:FORM:DATA ASC,64;:FREQ:CW 70;:FUNC:DEV1:MODE OFF;:FUNC:DEV1:REF:VAL 0;:FUNC:DEV2:MODE OFF;:FUNC:DEV2:REF:VAL 0;:FUNC:IMP:TYPE LSRS;:FUNC:SMON:IDC:STAT OFF;:FUNC:SMON:VDC:STAT OFF;:INIT:CONT OFF;:LIST:MODE SEQ;:LIST:STIM:TYPE FREQ,NONE;:SOUR:DCS:VOLT:LEV 0;:TRIG:DEL 0;:TRIG:SOUR INT;:TRIG:TDEL 0;:VOLT:LEV 1;:DISP:WIND:TEXT1:DATA:FMSD:STAT OFF;:DISP:WIND:TEXT2:DATA:FMSD:STAT OFF;:FUNC:DCR:RANG:VAL 100;:FUNC:IMP:RANG:VAL 100;:OUTP:DC:ISOL:LEV:VAL 0.02;:OUTP:DC:ISOL:STAT OFF;:FUNC:DCR:RANG:AUTO ON;:FUNC:IMP:RANG:AUTO ON;:OUTP:DC:ISOL:LEV:AUTO ON;:DISP:PAGE MEASurement;
"
100.0,0.0999736652,83.67842892,0.00514558,0.538386
100.0,0.09997360328,83.67847407,0.00514556,0.538386
100.0,0.09997406047,83.678447,0.0051456,0.538381
100.0,0.09997321975,83.67865833,0.00514562,0.538388
100.0,0.09997382956,83.6780432,0.00514557,0.538395
100.0,0.09997286768,83.67879849,0.00514552,0.538392
100.0,0.0999735497,83.67812487,0.0051456,0.53839
100.0,0.09997369764,83.67811014,0.00514554,0.538391
100.0,0.09997363611,83.67856849,0.0051456,0.538391
100.0,0.0999738248,83.67863858,0.00514556,0.538395
100.0,0.0999730396,83.67852348,0.0051456,0.538395
100.0,0.09997335411,83.67849724,0.00514548,0.538388
100.0,0.09997354285,83.6785691,0.0051456,0.538395
100.0,0.09997381381,83.6790799,0.0051456,0.538397
100.0,0.0999737502,83.67827666,0.00514557,0.538394
100.0,0.09997340023,83.67853267,0.00514556,0.538393
Freq,100,Rs,83.67848569625,0.00026296584690525446,Ls,0.099973553436875,3.1252162371841783e-07
":SOUR:DCS:STAT OFF;:BIAS:STAT OFF;:COMP:BIN:COUN:CLE;:LIST:CLE:ALL;:COMP:BIN:CLE;:AMPL:ALC OFF;:APER LONG,1;:BIAS:POL:AUTO OFF;:BIAS:RANG:AUTO ON;:BIAS:VOLT:LEV 0;:COMP:ABIN OFF;:COMP:BIN:COUN:STAT OFF;:COMP:MODE PTOL;:COMP:SLIM -9.9e+037,9.9e+037;:COMP:STAT OFF;:COMP:SWAP OFF;:COMP:TOL:NOM 0;:DISP:ENAB ON;:DISP:LINE """";:DISP:WIND:TEXT1:DATA:FMSD:DATA 1e-009;:DISP:WIND:TEXT2:DATA:FMSD:DATA 1e-009;:FORM:ASC:LONG ON;:FORM:BORD NORM;:FORM:DATA ASC,64;:FREQ:CW 100;:FUNC:DEV1:MODE OFF;:FUNC:DEV1:REF:VAL 0;:FUNC:DEV2:MODE OFF;:FUNC:DEV2:REF:VAL 0;:FUNC:IMP:TYPE LSRS;:FUNC:SMON:IDC:STAT OFF;:FUNC:SMON:VDC:STAT OFF;:INIT:CONT OFF;:LIST:MODE SEQ;:LIST:STIM:TYPE FREQ,NONE;:SOUR:DCS:VOLT:LEV 0;:TRIG:DEL 0;:TRIG:SOUR INT;:TRIG:TDEL 0;:VOLT:LEV 1;:DISP:WIND:TEXT1:DATA:FMSD:STAT OFF;:DISP:WIND:TEXT2:DATA:FMSD:STAT OFF;:FUNC:DCR:RANG:VAL 100;:FUNC:IMP:RANG:VAL 100;:OUTP:DC:ISOL:LEV:VAL 0.02;:OUTP:DC:ISOL:STAT OFF;:FUNC:DCR:RANG:AUTO ON;:FUNC:IMP:RANG:AUTO ON;:OUTP:DC:ISOL:LEV:AUTO ON;:DISP:PAGE MEASurement;
"
200.0,0.09997132197,83.6955315,0.00448698,0.677318
200.0,0.0999708735,83.69530988,0.00448697,0.677325
200.0,0.09997127368,83.69517699,0.00448694,0.677321
200.0,0.09997078777,83.69513645,0.00448697,0.677323
200.0,0.09997081649,83.69547269,0.00448695,0.677325
200.0,0.09997073803,83.69569015,0.00448691,0.677326
200.0,0.09997106986,83.69540183,0.00448696,0.677334
200.0,0.0999709341,83.69534557,0.00448696,0.677319
200.0,0.09997100123,83.69508129,0.00448698,0.677328
200.0,0.09997057185,83.69528804,0.00448701,0.677322
200.0,0.09997082208,83.69504251,0.00448696,0.677329
200.0,0.09997082375,83.69498028,0.00448689,0.677308
200.0,0.09997088078,83.69535318,0.00448697,0.677325
200.0,0.09997062336,83.69504348,0.00448693,0.677326
200.0,0.09997083157,83.69503854,0.00448696,0.677328
200.0,0.09997089614,83.69563304,0.00448693,0.67732
Freq,200,Rs,83.69528283875,0.00022356942301180978,Ls,0.099970891635,2.0075014188459068e-07
":SOUR:DCS:STAT OFF;:BIAS:STAT OFF;:COMP:BIN:COUN:CLE;:LIST:CLE:ALL;:COMP:BIN:CLE;:AMPL:ALC OFF;:APER LONG,1;:BIAS:POL:AUTO OFF;:BIAS:RANG:AUTO ON;:BIAS:VOLT:LEV 0;:COMP:ABIN OFF;:COMP:BIN:COUN:STAT OFF;:COMP:MODE PTOL;:COMP:SLIM -9.9e+037,9.9e+037;:COMP:STAT OFF;:COMP:SWAP OFF;:COMP:TOL:NOM 0;:DISP:ENAB ON;:DISP:LINE """";:DISP:WIND:TEXT1:DATA:FMSD:DATA 1e-009;:DISP:WIND:TEXT2:DATA:FMSD:DATA 1e-009;:FORM:ASC:LONG ON;:FORM:BORD NORM;:FORM:DATA ASC,64;:FREQ:CW 200;:FUNC:DEV1:MODE OFF;:FUNC:DEV1:REF:VAL 0;:FUNC:DEV2:MODE OFF;:FUNC:DEV2:REF:VAL 0;:FUNC:IMP:TYPE LSRS;:FUNC:SMON:IDC:STAT OFF;:FUNC:SMON:VDC:STAT OFF;:INIT:CONT OFF;:LIST:MODE SEQ;:LIST:STIM:TYPE FREQ,NONE;:SOUR:DCS:VOLT:LEV 0;:TRIG:DEL 0;:TRIG:SOUR INT;:TRIG:TDEL 0;:VOLT:LEV 1;:DISP:WIND:TEXT1:DATA:FMSD:STAT OFF;:DISP:WIND:TEXT2:DATA:FMSD:STAT OFF;:FUNC:DCR:RANG:VAL 100;:FUNC:IMP:RANG:VAL 100;:OUTP:DC:ISOL:LEV:VAL 0.02;:OUTP:DC:ISOL:STAT OFF;:FUNC:DCR:RANG:AUTO ON;:FUNC:IMP:RANG:AUTO ON;:OUTP:DC:ISOL:LEV:AUTO ON;:DISP:PAGE MEASurement;
"
300.0,0.09997025315,83.70034681,0.00379603,0.782724
300.0,0.09997071872,83.7000791,0.00379604,0.782719
300.0,0.09997021748,83.69919614,0.00379612,0.782719
300.0,0.09997076336,83.69930424,0.00379614,0.782721
300.0,0.09997044326,83.69938754,0.00379607,0.782723
300.0,0.09997019627,83.69943997,0.00379605,0.782711
300.0,0.0999705319,83.70012298,0.00379606,0.782716
300.0,0.09997029384,83.69951917,0.00379605,0.782719
300.0,0.0999701828,83.69919787,0.00379605,0.782717
300.0,0.09996999419,83.69989619,0.00379604,0.782709
300.0,0.09997060842,83.69930678,0.00379604,0.782705
300.0,0.09997076503,83.69921987,0.00379607,0.782714
300.0,0.09997061363,83.69962794,0.00379611,0.782724
300.0,0.09997067307,83.69872148,0.00379604,0.782715
300.0,0.09997050936,83.70012706,0.00379605,0.782721
300.0,0.09997019284,83.69933093,0.00379609,0.782709
Freq,300,Rs,83.699551504375,0.00044374789055549716,Ls,0.0999704348325,2.455940713879779e-07
":SOUR:DCS:STAT OFF;:BIAS:STAT OFF;:COMP:BIN:COUN:CLE;:LIST:CLE:ALL;:COMP:BIN:CLE;:AMPL:ALC OFF;:APER LONG,1;:BIAS:POL:AUTO OFF;:BIAS:RANG:AUTO ON;:BIAS:VOLT:LEV 0;:COMP:ABIN OFF;:COMP:BIN:COUN:STAT OFF;:COMP:MODE PTOL;:COMP:SLIM -9.9e+037,9.9e+037;:COMP:STAT OFF;:COMP:SWAP OFF;:COMP:TOL:NOM 0;:DISP:ENAB ON;:DISP:LINE """";:DISP:WIND:TEXT1:DATA:FMSD:DATA 1e-009;:DISP:WIND:TEXT2:DATA:FMSD:DATA 1e-009;:FORM:ASC:LONG ON;:FORM:BORD NORM;:FORM:DATA ASC,64;:FREQ:CW 300;:FUNC:DEV1:MODE OFF;:FUNC:DEV1:REF:VAL 0;:FUNC:DEV2:MODE OFF;:FUNC:DEV2:REF:VAL 0;:FUNC:IMP:TYPE LSRS;:FUNC:SMON:IDC:STAT OFF;:FUNC:SMON:VDC:STAT OFF;:INIT:CONT OFF;:LIST:MODE SEQ;:LIST:STIM:TYPE FREQ,NONE;:SOUR:DCS:VOLT:LEV 0;:TRIG:DEL 0;:TRIG:SOUR INT;:TRIG:TDEL 0;:VOLT:LEV 1;:DISP:WIND:TEXT1:DATA:FMSD:STAT OFF;:DISP:WIND:TEXT2:DATA:FMSD:STAT OFF;:FUNC:DCR:RANG:VAL 100;:FUNC:IMP:RANG:VAL 100;:OUTP:DC:ISOL:LEV:VAL 0.02;:OUTP:DC:ISOL:STAT OFF;:FUNC:DCR:RANG:AUTO ON;:FUNC:IMP:RANG:AUTO ON;:OUTP:DC:ISOL:LEV:AUTO ON;:DISP:PAGE MEASurement;
"
500.0,0.09997152968,83.70909271,0.00274837,0.893319
500.0,0.09997148107,83.70999796,0.00274838,0.893318
500.0,0.09997150216,83.70957954,0.00274837,0.8933
500.0,0.0999712014,83.70932906,0.00274841,0.893319
500.0,0.09997125311,83.7096231,0.00274841,0.89332
500.0,0.09997173116,83.70930135,0.00274839,0.893317
500.0,0.09997161711,83.70992872,0.00274836,0.893314
500.0,0.09997108392,83.70908996,0.00274837,0.893322
500.0,0.09997123069,83.70996359,0.00274839,0.893322
500.0,0.09997122519,83.70945496,0.00274837,0.893314
500.0,0.09997119617,83.7094716,0.00274835,0.893313
500.0,0.09997132441,83.70906664,0.00274832,0.893326
500.0,0.09997153187,83.71024623,0.00274837,0.893308
500.0,0.09997102941,83.70876828,0.00274839,0.893312
500.0,0.09997140506,83.70904556,0.00274843,0.89332
500.0,0.0999711907,83.709043,0.00274835,0.893324
Freq,500,Rs,83.70943764124999,0.0004248072094770404,Ls,0.099971345819375,2.0159858380733024e-07
":SOUR:DCS:STAT OFF;:BIAS:STAT OFF;:COMP:BIN:COUN:CLE;:LIST:CLE:ALL;:COMP:BIN:CLE;:AMPL:ALC OFF;:APER LONG,1;:BIAS:POL:AUTO OFF;:BIAS:RANG:AUTO ON;:BIAS:VOLT:LEV 0;:COMP:ABIN OFF;:COMP:BIN:COUN:STAT OFF;:COMP:MODE PTOL;:COMP:SLIM -9.9e+037,9.9e+037;:COMP:STAT OFF;:COMP:SWAP OFF;:COMP:TOL:NOM 0;:DISP:ENAB ON;:DISP:LINE """";:DISP:WIND:TEXT1:DATA:FMSD:DATA 1e-009;:DISP:WIND:TEXT2:DATA:FMSD:DATA 1e-009;:FORM:ASC:LONG ON;:FORM:BORD NORM;:FORM:DATA ASC,64;:FREQ:CW 500;:FUNC:DEV1:MODE OFF;:FUNC:DEV1:REF:VAL 0;:FUNC:DEV2:MODE OFF;:FUNC:DEV2:REF:VAL 0;:FUNC:IMP:TYPE LSRS;:FUNC:SMON:IDC:STAT OFF;:FUNC:SMON:VDC:STAT OFF;:INIT:CONT OFF;:LIST:MODE SEQ;:LIST:STIM:TYPE FREQ,NONE;:SOUR:DCS:VOLT:LEV 0;:TRIG:DEL 0;:TRIG:SOUR INT;:TRIG:TDEL 0;:VOLT:LEV 1;:DISP:WIND:TEXT1:DATA:FMSD:STAT OFF;:DISP:WIND:TEXT2:DATA:FMSD:STAT OFF;:FUNC:DCR:RANG:VAL 100;:FUNC:IMP:RANG:VAL 300;:OUTP:DC:ISOL:LEV:VAL 0.02;:OUTP:DC:ISOL:STAT OFF;:FUNC:DCR:RANG:AUTO ON;:FUNC:IMP:RANG:AUTO ON;:OUTP:DC:ISOL:LEV:AUTO ON;:DISP:PAGE MEASurement;
"
800.0,0.09997448959,83.72789429,0.00187224,0.953813
800.0,0.09997442818,83.72802673,0.00187224,0.953812
800.0,0.09997433459,83.72868348,0.00187222,0.9538
800.0,0.09997395163,83.72738818,0.00187224,0.953812
800.0,0.09997416906,83.72979687,0.00187223,0.953811
800.0,0.09997412951,83.73045795,0.00187223,0.953816
800.0,0.09997407798,83.7284679,0.00187221,0.953811
800.0,0.09997407478,83.72805003,0.00187226,0.953812
800.0,0.09997422071,83.72955936,0.00187222,0.953802
800.0,0.09997376234,83.72647836,0.00187223,0.953809
800.0,0.09997399079,83.7271941,0.00187222,0.953805
800.0,0.09997393459,83.7281007,0.00187222,0.953827
800.0,0.09997398918,83.72889095,0.00187222,0.95381
800.0,0.0999739721,83.72883995,0.00187224,0.953812
800.0,0.09997403047,83.73054913,0.00187223,0.953802
800.0,0.09997360744,83.72762275,0.00187224,0.953808
Freq,800,Rs,83.728500045625,0.0011515386090029988,Ls,0.09997407268375,2.2734885771927824e-07
":SOUR:DCS:STAT OFF;:BIAS:STAT OFF;:COMP:BIN:COUN:CLE;:LIST:CLE:ALL;:COMP:BIN:CLE;:AMPL:ALC OFF;:APER LONG,1;:BIAS:POL:AUTO OFF;:BIAS:RANG:AUTO ON;:BIAS:VOLT:LEV 0;:COMP:ABIN OFF;:COMP:BIN:COUN:STAT OFF;:COMP:MODE PTOL;:COMP:SLIM -9.9e+037,9.9e+037;:COMP:STAT OFF;:COMP:SWAP OFF;:COMP:TOL:NOM 0;:DISP:ENAB ON;:DISP:LINE """";:DISP:WIND:TEXT1:DATA:FMSD:DATA 1e-009;:DISP:WIND:TEXT2:DATA:FMSD:DATA 1e-009;:FORM:ASC:LONG ON;:FORM:BORD NORM;:FORM:DATA ASC,64;:FREQ:CW 800;:FUNC:DEV1:MODE OFF;:FUNC:DEV1:REF:VAL 0;:FUNC:DEV2:MODE OFF;:FUNC:DEV2:REF:VAL 0;:FUNC:IMP:TYPE LSRS;:FUNC:SMON:IDC:STAT OFF;:FUNC:SMON:VDC:STAT OFF;:INIT:CONT OFF;:LIST:MODE SEQ;:LIST:STIM:TYPE FREQ,NONE;:SOUR:DCS:VOLT:LEV 0;:TRIG:DEL 0;:TRIG:SOUR INT;:TRIG:TDEL 0;:VOLT:LEV 1;:DISP:WIND:TEXT1:DATA:FMSD:STAT OFF;:DISP:WIND:TEXT2:DATA:FMSD:STAT OFF;:FUNC:DCR:RANG:VAL 100;:FUNC:IMP:RANG:VAL 300;:OUTP:DC:ISOL:LEV:VAL 0.02;:OUTP:DC:ISOL:STAT OFF;:FUNC:DCR:RANG:AUTO ON;:FUNC:IMP:RANG:AUTO ON;:OUTP:DC:ISOL:LEV:AUTO ON;:DISP:PAGE MEASurement;
"
1000.0,0.09998145922,83.72389884,0.00152556,0.966826
1000.0,0.09998174435,83.72273643,0.00152555,0.96682
1000.0,0.09998178463,83.72276315,0.00152553,0.966829
1000.0,0.09998187747,83.72352313,0.00152554,0.966818
1000.0,0.09998215291,83.72270884,0.00152554,0.966834
1000.0,0.09998183328,83.72556639,0.00152555,0.966821
1000.0,0.09998218677,83.72262619,0.00152555,0.966829
1000.0,0.0999821034,83.72431112,0.00152556,0.966832
1000.0,0.0999814486,83.72473977,0.00152555,0.966838
1000.0,0.09998174181,83.72420633,0.00152554,0.966835
1000.0,0.09998172218,83.72471734,0.00152553,0.966832
1000.0,0.09998154968,83.72365361,0.00152556,0.96683
1000.0,0.09998164697,83.72444506,0.00152554,0.966833
1000.0,0.09998194305,83.7245539,0.00152554,0.966833
1000.0,0.09998203602,83.72502268,0.00152555,0.966825
1000.0,0.09998187887,83.72422742,0.00152555,0.966848
Freq,1000,Rs,83.7239812625,0.0009051748095432789,Ls,0.099981819325625,2.2922728214358422e-07
":SOUR:DCS:STAT OFF;:BIAS:STAT OFF;:COMP:BIN:COUN:CLE;:LIST:CLE:ALL;:COMP:BIN:CLE;:AMPL:ALC OFF;:APER LONG,1;:BIAS:POL:AUTO OFF;:BIAS:RANG:AUTO ON;:BIAS:VOLT:LEV 0;:COMP:ABIN OFF;:COMP:BIN:COUN:STAT OFF;:COMP:MODE PTOL;:COMP:SLIM -9.9e+037,9.9e+037;:COMP:STAT OFF;:COMP:SWAP OFF;:COMP:TOL:NOM 0;:DISP:ENAB ON;:DISP:LINE """";:DISP:WIND:TEXT1:DATA:FMSD:DATA 1e-009;:DISP:WIND:TEXT2:DATA:FMSD:DATA 1e-009;:FORM:ASC:LONG ON;:FORM:BORD NORM;:FORM:DATA ASC,64;:FREQ:CW 1000;:FUNC:DEV1:MODE OFF;:FUNC:DEV1:REF:VAL 0;:FUNC:DEV2:MODE OFF;:FUNC:DEV2:REF:VAL 0;:FUNC:IMP:TYPE LSRS;:FUNC:SMON:IDC:STAT OFF;:FUNC:SMON:VDC:STAT OFF;:INIT:CONT OFF;:LIST:MODE SEQ;:LIST:STIM:TYPE FREQ,NONE;:SOUR:DCS:VOLT:LEV 0;:TRIG:DEL 0;:TRIG:SOUR INT;:TRIG:TDEL 0;:VOLT:LEV 1;:DISP:WIND:TEXT1:DATA:FMSD:STAT OFF;:DISP:WIND:TEXT2:DATA:FMSD:STAT OFF;:FUNC:DCR:RANG:VAL 100;:FUNC:IMP:RANG:VAL 300;:OUTP:DC:ISOL:LEV:VAL 0.02;:OUTP:DC:ISOL:STAT OFF;:FUNC:DCR:RANG:AUTO ON;:FUNC:IMP:RANG:AUTO ON;:OUTP:DC:ISOL:LEV:AUTO ON;:DISP:PAGE MEASurement;
"
1200.0,0.09999547063,83.73234244,0.00129374,0.981402
1200.0,0.09999539697,83.73358838,0.00129373,0.981425
1200.0,0.09999525966,83.73586685,0.00129374,0.981414
1200.0,0.09999532423,83.73256792,0.00129375,0.981411
1200.0,0.09999531012,83.73661893,0.00129372,0.981402
1200.0,0.09999539242,83.73600643,0.00129373,0.981404
1200.0,0.09999537923,83.73120895,0.00129372,0.981404
1200.0,0.09999549603,83.73685176,0.00129372,0.981405
1200.0,0.09999539421,83.73465874,0.00129375,0.981407
1200.0,0.09999540288,83.7305331,0.00129374,0.981407
1200.0,0.09999575118,83.73423458,0.00129373,0.981415
1200.0,0.09999550919,83.73329072,0.00129374,0.981408
1200.0,0.09999560686,83.7300738,0.00129375,0.981417
1200.0,0.09999559735,83.73589893,0.00129374,0.981407
1200.0,0.09999542326,83.73312608,0.00129374,0.981411
1200.0,0.09999560044,83.73293957,0.00129373,0.981405
Freq,1200,Rs,83.73373794875,0.0021304444735533753,Ls,0.09999545716625,1.300467861896366e-07
":SOUR:DCS:STAT OFF;:BIAS:STAT OFF;:COMP:BIN:COUN:CLE;:LIST:CLE:ALL;:COMP:BIN:CLE;:AMPL:ALC OFF;:APER LONG,1;:BIAS:POL:AUTO OFF;:BIAS:RANG:AUTO ON;:BIAS:VOLT:LEV 0;:COMP:ABIN OFF;:COMP:BIN:COUN:STAT OFF;:COMP:MODE PTOL;:COMP:SLIM -9.9e+037,9.9e+037;:COMP:STAT OFF;:COMP:SWAP OFF;:COMP:TOL:NOM 0;:DISP:ENAB ON;:DISP:LINE """";:DISP:WIND:TEXT1:DATA:FMSD:DATA 1e-009;:DISP:WIND:TEXT2:DATA:FMSD:DATA 1e-009;:FORM:ASC:LONG ON;:FORM:BORD NORM;:FORM:DATA ASC,64;:FREQ:CW 1200;:FUNC:DEV1:MODE OFF;:FUNC:DEV1:REF:VAL 0;:FUNC:DEV2:MODE OFF;:FUNC:DEV2:REF:VAL 0;:FUNC:IMP:TYPE LSRS;:FUNC:SMON:IDC:STAT OFF;:FUNC:SMON:VDC:STAT OFF;:INIT:CONT OFF;:LIST:MODE SEQ;:LIST:STIM:TYPE FREQ,NONE;:SOUR:DCS:VOLT:LEV 0;:TRIG:DEL 0;:TRIG:SOUR INT;:TRIG:TDEL 0;:VOLT:LEV 1;:DISP:WIND:TEXT1:DATA:FMSD:STAT OFF;:DISP:WIND:TEXT2:DATA:FMSD:STAT OFF;:FUNC:DCR:RANG:VAL 100;:FUNC:IMP:RANG:VAL 300;:OUTP:DC:ISOL:LEV:VAL 0.02;:OUTP:DC:ISOL:STAT OFF;:FUNC:DCR:RANG:AUTO ON;:FUNC:IMP:RANG:AUTO ON;:OUTP:DC:ISOL:LEV:AUTO ON;:DISP:PAGE MEASurement;
"
1591.549,0.1000123726,83.79096084,0.000988216,0.992069
1591.549,0.1000122976,83.79101141,0.000988196,0.992062
1591.549,0.1000124625,83.79212752,0.000988208,0.99207
1591.549,0.1000124733,83.78919424,0.000988214,0.992065
1591.549,0.1000124497,83.78974468,0.000988202,0.992059
1591.549,0.1000125109,83.79101213,0.000988207,0.992069
1591.549,0.100012373,83.79033276,0.000988211,0.992075
1591.549,0.1000124682,83.78936101,0.000988219,0.992062
1591.549,0.1000122332,83.79149062,0.000988201,0.992065
1591.549,0.1000123654,83.79049014,0.000988202,0.99206
1591.549,0.1000121785,83.79061143,0.000988215,0.992074
1591.549,0.100012512,83.78980759,0.000988196,0.992068
1591.549,0.1000123378,83.79031,0.000988201,0.992072
1591.549,0.1000123867,83.7903305,0.000988208,0.992074
1591.549,0.1000123568,83.79045288,0.000988214,0.992068
1591.549,0.100012623,83.78930496,0.000988211,0.992069
Freq,1591.549,Rs,83.79040891937498,0.0008091769817826766,Ls,0.10001240007500001,1.1163372548900927e-07
":SOUR:DCS:STAT OFF;:BIAS:STAT OFF;:COMP:BIN:COUN:CLE;:LIST:CLE:ALL;:COMP:BIN:CLE;:AMPL:ALC OFF;:APER LONG,1;:BIAS:POL:AUTO OFF;:BIAS:RANG:AUTO ON;:BIAS:VOLT:LEV 0;:COMP:ABIN OFF;:COMP:BIN:COUN:STAT OFF;:COMP:MODE PTOL;:COMP:SLIM -9.9e+037,9.9e+037;:COMP:STAT OFF;:COMP:SWAP OFF;:COMP:TOL:NOM 0;:DISP:ENAB ON;:DISP:LINE """";:DISP:WIND:TEXT1:DATA:FMSD:DATA 1e-009;:DISP:WIND:TEXT2:DATA:FMSD:DATA 1e-009;:FORM:ASC:LONG ON;:FORM:BORD NORM;:FORM:DATA ASC,64;:FREQ:CW 1592;:FUNC:DEV1:MODE OFF;:FUNC:DEV1:REF:VAL 0;:FUNC:DEV2:MODE OFF;:FUNC:DEV2:REF:VAL 0;:FUNC:IMP:TYPE LSRS;:FUNC:SMON:IDC:STAT OFF;:FUNC:SMON:VDC:STAT OFF;:INIT:CONT OFF;:LIST:MODE SEQ;:LIST:STIM:TYPE FREQ,NONE;:SOUR:DCS:VOLT:LEV 0;:TRIG:DEL 0;:TRIG:SOUR INT;:TRIG:TDEL 0;:VOLT:LEV 1;:DISP:WIND:TEXT1:DATA:FMSD:STAT OFF;:DISP:WIND:TEXT2:DATA:FMSD:STAT OFF;:FUNC:DCR:RANG:VAL 100;:FUNC:IMP:RANG:VAL 1000;:OUTP:DC:ISOL:LEV:VAL 0.002;:OUTP:DC:ISOL:STAT OFF;:FUNC:DCR:RANG:AUTO ON;:FUNC:IMP:RANG:AUTO ON;:OUTP:DC:ISOL:LEV:AUTO ON;:DISP:PAGE MEASurement;
"
1800.0,0.1000252026,83.82648673,0.000877552,0.995456
1800.0,0.1000253649,83.82347862,0.000877558,0.995464
1800.0,0.1000250582,83.82428724,0.000877552,0.995466
1800.0,0.1000251653,83.82452744,0.000877569,0.995478
1800.0,0.1000253706,83.82321428,0.000877568,0.995485
1800.0,0.1000252476,83.82595255,0.000877572,0.995475
1800.0,0.1000250387,83.82644203,0.000877565,0.99548
1800.0,0.1000251875,83.82299487,0.000877568,0.995477
1800.0,0.1000253538,83.82561483,0.000877566,0.995462
1800.0,0.1000250773,83.82514426,0.000877575,0.99548
1800.0,0.1000250031,83.82426493,0.000877556,0.995477
1800.0,0.1000252986,83.82474819,0.000877561,0.995465
1800.0,0.1000250741,83.82509612,0.000877575,0.995478
1800.0,0.1000251774,83.82473051,0.000877567,0.995491
1800.0,0.1000251082,83.82547635,0.000877581,0.995488
1800.0,0.1000252155,83.8261877,0.000877573,0.995477
Freq,1800,Rs,83.824915415625,0.001097267592637142,Ls,0.1000251839625,1.1949038943178211e-07
":SOUR:DCS:STAT OFF;:BIAS:STAT OFF;:COMP:BIN:COUN:CLE;:LIST:CLE:ALL;:COMP:BIN:CLE;:AMPL:ALC OFF;:APER LONG,1;:BIAS:POL:AUTO OFF;:BIAS:RANG:AUTO ON;:BIAS:VOLT:LEV 0;:COMP:ABIN OFF;:COMP:BIN:COUN:STAT OFF;:COMP:MODE PTOL;:COMP:SLIM -9.9e+037,9.9e+037;:COMP:STAT OFF;:COMP:SWAP OFF;:COMP:TOL:NOM 0;:DISP:ENAB ON;:DISP:LINE """";:DISP:WIND:TEXT1:DATA:FMSD:DATA 1e-009;:DISP:WIND:TEXT2:DATA:FMSD:DATA 1e-009;:FORM:ASC:LONG ON;:FORM:BORD NORM;:FORM:DATA ASC,64;:FREQ:CW 1800;:FUNC:DEV1:MODE OFF;:FUNC:DEV1:REF:VAL 0;:FUNC:DEV2:MODE OFF;:FUNC:DEV2:REF:VAL 0;:FUNC:IMP:TYPE LSRS;:FUNC:SMON:IDC:STAT OFF;:FUNC:SMON:VDC:STAT OFF;:INIT:CONT OFF;:LIST:MODE SEQ;:LIST:STIM:TYPE FREQ,NONE;:SOUR:DCS:VOLT:LEV 0;:TRIG:DEL 0;:TRIG:SOUR INT;:TRIG:TDEL 0;:VOLT:LEV 1;:DISP:WIND:TEXT1:DATA:FMSD:STAT OFF;:DISP:WIND:TEXT2:DATA:FMSD:STAT OFF;:FUNC:DCR:RANG:VAL 100;:FUNC:IMP:RANG:VAL 1000;:OUTP:DC:ISOL:LEV:VAL 0.002;:OUTP:DC:ISOL:STAT OFF;:FUNC:DCR:RANG:AUTO ON;:FUNC:IMP:RANG:AUTO ON;:OUTP:DC:ISOL:LEV:AUTO ON;:DISP:PAGE MEASurement;
"
2000.0,0.1000347186,83.86346862,0.000790458,0.995876
2000.0,0.1000351139,83.86353557,0.00079046,0.995873
2000.0,0.1000347192,83.86498503,0.000790454,0.995875
2000.0,0.1000346437,83.8652884,0.000790453,0.99588
2000.0,0.1000348319,83.86404729,0.000790457,0.995866
2000.0,0.1000348751,83.864895,0.000790466,0.995879
2000.0,0.1000351415,83.86380268,0.000790462,0.995882
2000.0,0.1000348721,83.8645659,0.000790459,0.995873
2000.0,0.1000349932,83.8644874,0.000790458,0.995875
2000.0,0.1000347634,83.86421586,0.00079047,0.995862
2000.0,0.1000348417,83.86570467,0.000790455,0.995878
2000.0,0.1000350489,83.86257691,0.000790459,0.995877
2000.0,0.1000349999,83.86287602,0.000790467,0.995876
2000.0,0.1000349349,83.86636345,0.000790445,0.995877
2000.0,0.1000347514,83.8640281,0.000790469,0.995898
2000.0,0.1000348059,83.86651312,0.000790465,0.995878
Freq,2000,Rs,83.86445962625001,0.0011340689348682833,Ls,0.10003487845625,1.481036437497327e-07
":SOUR:DCS:STAT OFF;:BIAS:STAT OFF;:COMP:BIN:COUN:CLE;:LIST:CLE:ALL;:COMP:BIN:CLE;:AMPL:ALC OFF;:APER LONG,1;:BIAS:POL:AUTO OFF;:BIAS:RANG:AUTO ON;:BIAS:VOLT:LEV 0;:COMP:ABIN OFF;:COMP:BIN:COUN:STAT OFF;:COMP:MODE PTOL;:COMP:SLIM -9.9e+037,9.9e+037;:COMP:STAT OFF;:COMP:SWAP OFF;:COMP:TOL:NOM 0;:DISP:ENAB ON;:DISP:LINE """";:DISP:WIND:TEXT1:DATA:FMSD:DATA 1e-009;:DISP:WIND:TEXT2:DATA:FMSD:DATA 1e-009;:FORM:ASC:LONG ON;:FORM:BORD NORM;:FORM:DATA ASC,64;:FREQ:CW 2000;:FUNC:DEV1:MODE OFF;:FUNC:DEV1:REF:VAL 0;:FUNC:DEV2:MODE OFF;:FUNC:DEV2:REF:VAL 0;:FUNC:IMP:TYPE LSRS;:FUNC:SMON:IDC:STAT OFF;:FUNC:SMON:VDC:STAT OFF;:INIT:CONT OFF;:LIST:MODE SEQ;:LIST:STIM:TYPE FREQ,NONE;:SOUR:DCS:VOLT:LEV 0;:TRIG:DEL 0;:TRIG:SOUR INT;:TRIG:TDEL 0;:VOLT:LEV 1;:DISP:WIND:TEXT1:DATA:FMSD:STAT OFF;:DISP:WIND:TEXT2:DATA:FMSD:STAT OFF;:FUNC:DCR:RANG:VAL 100;:FUNC:IMP:RANG:VAL 1000;:OUTP:DC:ISOL:LEV:VAL 0.002;:OUTP:DC:ISOL:STAT OFF;:FUNC:DCR:RANG:AUTO ON;:FUNC:IMP:RANG:AUTO ON;:OUTP:DC:ISOL:LEV:AUTO ON;:DISP:PAGE MEASurement;
"
3000.0,0.1001239681,84.10666689,0.000527482,0.996498
3000.0,0.1001241386,84.10236953,0.000527479,0.996506
3000.0,0.1001241616,84.1064679,0.00052749,0.996509
3000.0,0.1001243265,84.11152728,0.00052748,0.996506
3000.0,0.1001243462,84.11029406,0.00052748,0.996505
3000.0,0.1001241645,84.10793712,0.000527477,0.99649
3000.0,0.1001244938,84.10433473,0.000527483,0.996497
3000.0,0.10012427,84.10495975,0.000527479,0.996504
3000.0,0.1001241889,84.11202865,0.00052748,0.9965
3000.0,0.1001239763,84.10835984,0.000527485,0.996509
3000.0,0.1001243086,84.1060324,0.000527485,0.99651
3000.0,0.1001241092,84.11124554,0.00052749,0.996507
3000.0,0.100124381,84.10381337,0.000527481,0.996501
3000.0,0.100124063,84.10552326,0.000527489,0.996509
3000.0,0.100123939,84.1090211,0.000527485,0.996491
3000.0,0.1001243335,84.10450423,0.00052748,0.996492
Freq,3000,Rs,84.107192853125,0.0029830439895819198,Ls,0.10012419805,1.6258196292031238e-07
":SOUR:DCS:STAT OFF;:BIAS:STAT OFF;:COMP:BIN:COUN:CLE;:LIST:CLE:ALL;:COMP:BIN:CLE;:AMPL:ALC OFF;:APER LONG,1;:BIAS:POL:AUTO OFF;:BIAS:RANG:AUTO ON;:BIAS:VOLT:LEV 0;:COMP:ABIN OFF;:COMP:BIN:COUN:STAT OFF;:COMP:MODE PTOL;:COMP:SLIM -9.9e+037,9.9e+037;:COMP:STAT OFF;:COMP:SWAP OFF;:COMP:TOL:NOM 0;:DISP:ENAB ON;:DISP:LINE """";:DISP:WIND:TEXT1:DATA:FMSD:DATA 1e-009;:DISP:WIND:TEXT2:DATA:FMSD:DATA 1e-009;:FORM:ASC:LONG ON;:FORM:BORD NORM;:FORM:DATA ASC,64;:FREQ:CW 3000;:FUNC:DEV1:MODE OFF;:FUNC:DEV1:REF:VAL 0;:FUNC:DEV2:MODE OFF;:FUNC:DEV2:REF:VAL 0;:FUNC:IMP:TYPE LSRS;:FUNC:SMON:IDC:STAT OFF;:FUNC:SMON:VDC:STAT OFF;:INIT:CONT OFF;:LIST:MODE SEQ;:LIST:STIM:TYPE FREQ,NONE;:SOUR:DCS:VOLT:LEV 0;:TRIG:DEL 0;:TRIG:SOUR INT;:TRIG:TDEL 0;:VOLT:LEV 1;:DISP:WIND:TEXT1:DATA:FMSD:STAT OFF;:DISP:WIND:TEXT2:DATA:FMSD:STAT OFF;:FUNC:DCR:RANG:VAL 100;:FUNC:IMP:RANG:VAL 1000;:OUTP:DC:ISOL:LEV:VAL 0.002;:OUTP:DC:ISOL:STAT OFF;:FUNC:DCR:RANG:AUTO ON;:FUNC:IMP:RANG:AUTO ON;:OUTP:DC:ISOL:LEV:AUTO ON;:DISP:PAGE MEASurement;
"
4000.0,0.1002515021,84.46257906,0.000396048,0.998451
4000.0,0.1002519525,84.45510924,0.000396046,0.998453
4000.0,0.1002515315,84.46898268,0.000396054,0.998457
4000.0,0.1002518567,84.46848469,0.000396049,0.998439
4000.0,0.1002519684,84.4591339,0.000396055,0.998463
4000.0,0.1002517338,84.46761526,0.000396051,0.998444
4000.0,0.1002518779,84.46367003,0.000396052,0.998442
4000.0,0.1002514884,84.46605334,0.000396041,0.998445
4000.0,0.1002518309,84.46450326,0.000396054,0.99846
4000.0,0.1002516969,84.45823648,0.000396053,0.998441
4000.0,0.1002511732,84.47799641,0.000396054,0.998457
4000.0,0.1002519445,84.46684423,0.000396056,0.998454
4000.0,0.1002513091,84.46790757,0.000396054,0.998453
4000.0,0.1002515655,84.45535064,0.000396048,0.998439
4000.0,0.1002516038,84.46279112,0.000396051,0.998455
4000.0,0.1002514705,84.47076657,0.00039605,0.998452
Freq,4000,Rs,84.46475153,0.005960036649507804,Ls,0.10025165660624999,2.398060534920622e-07
":SOUR:DCS:STAT OFF;:BIAS:STAT OFF;:COMP:BIN:COUN:CLE;:LIST:CLE:ALL;:COMP:BIN:CLE;:AMPL:ALC OFF;:APER LONG,1;:BIAS:POL:AUTO OFF;:BIAS:RANG:AUTO ON;:BIAS:VOLT:LEV 0;:COMP:ABIN OFF;:COMP:BIN:COUN:STAT OFF;:COMP:MODE PTOL;:COMP:SLIM -9.9e+037,9.9e+037;:COMP:STAT OFF;:COMP:SWAP OFF;:COMP:TOL:NOM 0;:DISP:ENAB ON;:DISP:LINE """";:DISP:WIND:TEXT1:DATA:FMSD:DATA 1e-009;:DISP:WIND:TEXT2:DATA:FMSD:DATA 1e-009;:FORM:ASC:LONG ON;:FORM:BORD NORM;:FORM:DATA ASC,64;:FREQ:CW 4000;:FUNC:DEV1:MODE OFF;:FUNC:DEV1:REF:VAL 0;:FUNC:DEV2:MODE OFF;:FUNC:DEV2:REF:VAL 0;:FUNC:IMP:TYPE LSRS;:FUNC:SMON:IDC:STAT OFF;:FUNC:SMON:VDC:STAT OFF;:INIT:CONT OFF;:LIST:MODE SEQ;:LIST:STIM:TYPE FREQ,NONE;:SOUR:DCS:VOLT:LEV 0;:TRIG:DEL 0;:TRIG:SOUR INT;:TRIG:TDEL 0;:VOLT:LEV 1;:DISP:WIND:TEXT1:DATA:FMSD:STAT OFF;:DISP:WIND:TEXT2:DATA:FMSD:STAT OFF;:FUNC:DCR:RANG:VAL 100;:FUNC:IMP:RANG:VAL 1000;:OUTP:DC:ISOL:LEV:VAL 0.002;:OUTP:DC:ISOL:STAT OFF;:FUNC:DCR:RANG:AUTO ON;:FUNC:IMP:RANG:AUTO ON;:OUTP:DC:ISOL:LEV:AUTO ON;:DISP:PAGE MEASurement;
"
5000.0,0.1004127961,84.89962853,0.000316229,0.997924
5000.0,0.1004126144,84.89791305,0.000316235,0.997939
5000.0,0.1004125201,84.89064605,0.00031623,0.997928
5000.0,0.1004126331,84.90205252,0.000316232,0.997918
5000.0,0.1004126329,84.90228314,0.00031623,0.997927
5000.0,0.1004127659,84.90687321,0.000316227,0.99791
5000.0,0.100412575,84.89352642,0.000316229,0.997917
5000.0,0.1004125602,84.89563356,0.000316229,0.997919
5000.0,0.1004125593,84.90016818,0.000316233,0.997932
5000.0,0.1004123341,84.88970956,0.000316235,0.997933
5000.0,0.1004125356,84.8989293,0.000316229,0.997933
5000.0,0.1004124706,84.9037368,0.000316234,0.997938
5000.0,0.1004126802,84.90463003,0.000316228,0.997925
5000.0,0.1004126942,84.89668542,0.000316232,0.997922
5000.0,0.1004128599,84.89562767,0.000316229,0.997928
5000.0,0.1004125317,84.90105233,0.000316229,0.997926
Freq,5000,Rs,84.898693485625,0.004871669608035941,Ls,0.10041261020625,1.306546004749999e-07
":SOUR:DCS:STAT OFF;:BIAS:STAT OFF;:COMP:BIN:COUN:CLE;:LIST:CLE:ALL;:COMP:BIN:CLE;:AMPL:ALC OFF;:APER LONG,1;:BIAS:POL:AUTO OFF;:BIAS:RANG:AUTO ON;:BIAS:VOLT:LEV 0;:COMP:ABIN OFF;:COMP:BIN:COUN:STAT OFF;:COMP:MODE PTOL;:COMP:SLIM -9.9e+037,9.9e+037;:COMP:STAT OFF;:COMP:SWAP OFF;:COMP:TOL:NOM 0;:DISP:ENAB ON;:DISP:LINE """";:DISP:WIND:TEXT1:DATA:FMSD:DATA 1e-009;:DISP:WIND:TEXT2:DATA:FMSD:DATA 1e-009;:FORM:ASC:LONG ON;:FORM:BORD NORM;:FORM:DATA ASC,64;:FREQ:CW 5000;:FUNC:DEV1:MODE OFF;:FUNC:DEV1:REF:VAL 0;:FUNC:DEV2:MODE OFF;:FUNC:DEV2:REF:VAL 0;:FUNC:IMP:TYPE LSRS;:FUNC:SMON:IDC:STAT OFF;:FUNC:SMON:VDC:STAT OFF;:INIT:CONT OFF;:LIST:MODE SEQ;:LIST:STIM:TYPE FREQ,NONE;:SOUR:DCS:VOLT:LEV 0;:TRIG:DEL 0;:TRIG:SOUR INT;:TRIG:TDEL 0;:VOLT:LEV 1;:DISP:WIND:TEXT1:DATA:FMSD:STAT OFF;:DISP:WIND:TEXT2:DATA:FMSD:STAT OFF;:FUNC:DCR:RANG:VAL 100;:FUNC:IMP:RANG:VAL 3000;:OUTP:DC:ISOL:LEV:VAL 0.002;:OUTP:DC:ISOL:STAT OFF;:FUNC:DCR:RANG:AUTO ON;:FUNC:IMP:RANG:AUTO ON;:OUTP:DC:ISOL:LEV:AUTO ON;:DISP:PAGE MEASurement;
"
8000.0,0.1011173201,87.13173367,0.000196651,0.999653
8000.0,0.1011174505,87.12968331,0.000196649,0.999672
8000.0,0.1011173703,87.12111446,0.000196649,0.999656
8000.0,0.1011173655,87.12647759,0.000196651,0.999641
8000.0,0.1011173288,87.12874568,0.000196649,0.999669
8000.0,0.1011171796,87.13113039,0.00019665,0.999657
8000.0,0.1011171953,87.12665557,0.000196651,0.99965
8000.0,0.1011173337,87.12890742,0.000196651,0.999659
8000.0,0.1011171258,87.11820301,0.00019665,0.999665
8000.0,0.1011175333,87.13431869,0.000196652,0.999665
8000.0,0.1011171406,87.11911743,0.000196652,0.999667
8000.0,0.1011176023,87.1283,0.00019665,0.999669
8000.0,0.1011171349,87.11174583,0.00019665,0.999663
8000.0,0.1011172525,87.12595771,0.00019665,0.99966
8000.0,0.1011171532,87.12813781,0.00019665,0.999648
8000.0,0.1011171813,87.12440305,0.00019665,0.999669
Freq,8000,Rs,87.12591447625,0.005808734169300434,Ls,0.10111729173125,1.472726257375663e-07
":SOUR:DCS:STAT OFF;:BIAS:STAT OFF;:COMP:BIN:COUN:CLE;:LIST:CLE:ALL;:COMP:BIN:CLE;:AMPL:ALC OFF;:APER LONG,1;:BIAS:POL:AUTO OFF;:BIAS:RANG:AUTO ON;:BIAS:VOLT:LEV 0;:COMP:ABIN OFF;:COMP:BIN:COUN:STAT OFF;:COMP:MODE PTOL;:COMP:SLIM -9.9e+037,9.9e+037;:COMP:STAT OFF;:COMP:SWAP OFF;:COMP:TOL:NOM 0;:DISP:ENAB ON;:DISP:LINE """";:DISP:WIND:TEXT1:DATA:FMSD:DATA 1e-009;:DISP:WIND:TEXT2:DATA:FMSD:DATA 1e-009;:FORM:ASC:LONG ON;:FORM:BORD NORM;:FORM:DATA ASC,64;:FREQ:CW 8000;:FUNC:DEV1:MODE OFF;:FUNC:DEV1:REF:VAL 0;:FUNC:DEV2:MODE OFF;:FUNC:DEV2:REF:VAL 0;:FUNC:IMP:TYPE LSRS;:FUNC:SMON:IDC:STAT OFF;:FUNC:SMON:VDC:STAT OFF;:INIT:CONT OFF;:LIST:MODE SEQ;:LIST:STIM:TYPE FREQ,NONE;:SOUR:DCS:VOLT:LEV 0;:TRIG:DEL 0;:TRIG:SOUR INT;:TRIG:TDEL 0;:VOLT:LEV 1;:DISP:WIND:TEXT1:DATA:FMSD:STAT OFF;:DISP:WIND:TEXT2:DATA:FMSD:STAT OFF;:FUNC:DCR:RANG:VAL 100;:FUNC:IMP:RANG:VAL 3000;:OUTP:DC:ISOL:LEV:VAL 0.002;:OUTP:DC:ISOL:STAT OFF;:FUNC:DCR:RANG:AUTO ON;:FUNC:IMP:RANG:AUTO ON;:OUTP:DC:ISOL:LEV:AUTO ON;:DISP:PAGE MEASurement;
"
10000.0,0.1017831802,89.56742035,0.000156325,0.999813
10000.0,0.1017822461,89.52190338,0.000156328,0.999831
10000.0,0.101783091,89.55052033,0.000156324,0.999834
10000.0,0.1017833958,89.56327991,0.000156325,0.999832
10000.0,0.1017827489,89.52604934,0.000156324,0.99984
10000.0,0.1017830351,89.54748596,0.000156324,0.999834
10000.0,0.1017828393,89.5568893,0.000156326,0.999832
10000.0,0.1017827931,89.55002321,0.000156325,0.999824
10000.0,0.1017829807,89.53149155,0.000156322,0.999816
10000.0,0.1017826929,89.56161414,0.000156323,0.999835
10000.0,0.101783252,89.53386132,0.000156323,0.999825
10000.0,0.1017827077,89.5593685,0.000156326,0.999833
10000.0,0.1017830329,89.50531082,0.000156326,0.999819
10000.0,0.101782419,89.52426164,0.000156325,0.999833
10000.0,0.1017834112,89.54215271,0.000156324,0.999815
10000.0,0.1017823874,89.5526704,0.000156325,0.999827
Freq,10000,Rs,89.54339392875,0.017800119483222104,Ls,0.10178288833125,3.4888455152495516e-07
":SOUR:DCS:STAT OFF;:BIAS:STAT OFF;:COMP:BIN:COUN:CLE;:LIST:CLE:ALL;:COMP:BIN:CLE;:AMPL:ALC OFF;:APER LONG,1;:BIAS:POL:AUTO OFF;:BIAS:RANG:AUTO ON;:BIAS:VOLT:LEV 0;:COMP:ABIN OFF;:COMP:BIN:COUN:STAT OFF;:COMP:MODE PTOL;:COMP:SLIM -9.9e+037,9.9e+037;:COMP:STAT OFF;:COMP:SWAP OFF;:COMP:TOL:NOM 0;:DISP:ENAB ON;:DISP:LINE """";:DISP:WIND:TEXT1:DATA:FMSD:DATA 1e-009;:DISP:WIND:TEXT2:DATA:FMSD:DATA 1e-009;:FORM:ASC:LONG ON;:FORM:BORD NORM;:FORM:DATA ASC,64;:FREQ:CW 10000;:FUNC:DEV1:MODE OFF;:FUNC:DEV1:REF:VAL 0;:FUNC:DEV2:MODE OFF;:FUNC:DEV2:REF:VAL 0;:FUNC:IMP:TYPE LSRS;:FUNC:SMON:IDC:STAT OFF;:FUNC:SMON:VDC:STAT OFF;:INIT:CONT OFF;:LIST:MODE SEQ;:LIST:STIM:TYPE FREQ,NONE;:SOUR:DCS:VOLT:LEV 0;:TRIG:DEL 0;:TRIG:SOUR INT;:TRIG:TDEL 0;:VOLT:LEV 1;:DISP:WIND:TEXT1:DATA:FMSD:STAT OFF;:DISP:WIND:TEXT2:DATA:FMSD:STAT OFF;:FUNC:DCR:RANG:VAL 100;:FUNC:IMP:RANG:VAL 3000;:OUTP:DC:ISOL:LEV:VAL 0.002;:OUTP:DC:ISOL:STAT OFF;:FUNC:DCR:RANG:AUTO ON;:FUNC:IMP:RANG:AUTO ON;:OUTP:DC:ISOL:LEV:AUTO ON;:DISP:PAGE MEASurement;
"
15000.0,0.1041369456,99.62524649,0.000101855,0.999721
15000.0,0.1041366105,99.64512308,0.000101855,0.999728
15000.0,0.1041364734,99.57520109,0.000101856,0.999719
15000.0,0.1041370235,99.41201719,0.000101855,0.999737
15000.0,0.1041368073,99.65578406,0.000101854,0.999723
15000.0,0.1041372302,99.48572781,0.000101856,0.999728
15000.0,0.1041362594,99.69610217,0.000101856,0.999734
15000.0,0.1041364878,99.55069038,0.000101854,0.999718
15000.0,0.1041373946,99.45397467,0.000101856,0.999726
15000.0,0.1041367315,99.45417211,0.000101855,0.999728
15000.0,0.1041370692,99.62872579,0.000101855,0.999714
15000.0,0.1041366845,99.76052585,0.000101855,0.999732
15000.0,0.1041368221,99.67609134,0.000101855,0.999729
15000.0,0.1041367784,99.57542083,0.000101855,0.99973
15000.0,0.1041367113,99.58319594,0.000101857,0.999733
15000.0,0.1041371319,99.5973297,0.000101857,0.999738
Freq,15000,Rs,99.58595803125,0.09632398637434456,Ls,0.10413682257500001,2.992711624374732e-07
":SOUR:DCS:STAT OFF;:BIAS:STAT OFF;:COMP:BIN:COUN:CLE;:LIST:CLE:ALL;:COMP:BIN:CLE;:AMPL:ALC OFF;:APER LONG,1;:BIAS:POL:AUTO OFF;:BIAS:RANG:AUTO ON;:BIAS:VOLT:LEV 0;:COMP:ABIN OFF;:COMP:BIN:COUN:STAT OFF;:COMP:MODE PTOL;:COMP:SLIM -9.9e+037,9.9e+037;:COMP:STAT OFF;:COMP:SWAP OFF;:COMP:TOL:NOM 0;:DISP:ENAB ON;:DISP:LINE """";:DISP:WIND:TEXT1:DATA:FMSD:DATA 1e-009;:DISP:WIND:TEXT2:DATA:FMSD:DATA 1e-009;:FORM:ASC:LONG ON;:FORM:BORD NORM;:FORM:DATA ASC,64;:FREQ:CW 15000;:FUNC:DEV1:MODE OFF;:FUNC:DEV1:REF:VAL 0;:FUNC:DEV2:MODE OFF;:FUNC:DEV2:REF:VAL 0;:FUNC:IMP:TYPE LSRS;:FUNC:SMON:IDC:STAT OFF;:FUNC:SMON:VDC:STAT OFF;:INIT:CONT OFF;:LIST:MODE SEQ;:LIST:STIM:TYPE FREQ,NONE;:SOUR:DCS:VOLT:LEV 0;:TRIG:DEL 0;:TRIG:SOUR INT;:TRIG:TDEL 0;:VOLT:LEV 1;:DISP:WIND:TEXT1:DATA:FMSD:STAT OFF;:DISP:WIND:TEXT2:DATA:FMSD:STAT OFF;:FUNC:DCR:RANG:VAL 100;:FUNC:IMP:RANG:VAL 3000;:OUTP:DC:ISOL:LEV:VAL 0.002;:OUTP:DC:ISOL:STAT OFF;:FUNC:DCR:RANG:AUTO ON;:FUNC:IMP:RANG:AUTO ON;:OUTP:DC:ISOL:LEV:AUTO ON;:DISP:PAGE MEASurement;
"
20000.0,0.10761807,117.5678156,7.40257e-05,1.00115
20000.0,0.1076181819,117.4968573,7.40258e-05,1.00114
20000.0,0.1076184666,117.6219219,7.40264e-05,1.00115
20000.0,0.1076177735,117.5470826,7.40268e-05,1.00115
20000.0,0.1076176339,117.5360146,7.40271e-05,1.00114
20000.0,0.1076178109,117.6092333,7.40262e-05,1.00114
20000.0,0.1076170322,117.5494297,7.40257e-05,1.00114
20000.0,0.1076179852,117.5899861,7.4026e-05,1.00114
20000.0,0.1076175668,117.5018811,7.40254e-05,1.00113
20000.0,0.1076176443,117.5919984,7.40261e-05,1.00115
20000.0,0.1076170163,117.5633303,7.40259e-05,1.00111
20000.0,0.1076169441,117.6001196,7.40251e-05,1.00112
20000.0,0.1076181018,117.5538984,7.40252e-05,1.00112
20000.0,0.1076180825,117.571673,7.40254e-05,1.00114
20000.0,0.107618261,117.6296762,7.40266e-05,1.00115
20000.0,0.107617967,117.5344387,7.40257e-05,1.00113
Freq,20000,Rs,117.56658479999999,0.03921704137016657,Ls,0.107617783625,4.5809124200315964e-07
":SOUR:DCS:STAT OFF;:BIAS:STAT OFF;:COMP:BIN:COUN:CLE;:LIST:CLE:ALL;:COMP:BIN:CLE;:AMPL:ALC OFF;:APER LONG,1;:BIAS:POL:AUTO OFF;:BIAS:RANG:AUTO ON;:BIAS:VOLT:LEV 0;:COMP:ABIN OFF;:COMP:BIN:COUN:STAT OFF;:COMP:MODE PTOL;:COMP:SLIM -9.9e+037,9.9e+037;:COMP:STAT OFF;:COMP:SWAP OFF;:COMP:TOL:NOM 0;:DISP:ENAB ON;:DISP:LINE """";:DISP:WIND:TEXT1:DATA:FMSD:DATA 1e-009;:DISP:WIND:TEXT2:DATA:FMSD:DATA 1e-009;:FORM:ASC:LONG ON;:FORM:BORD NORM;:FORM:DATA ASC,64;:FREQ:CW 20000;:FUNC:DEV1:MODE OFF;:FUNC:DEV1:REF:VAL 0;:FUNC:DEV2:MODE OFF;:FUNC:DEV2:REF:VAL 0;:FUNC:IMP:TYPE LSRS;:FUNC:SMON:IDC:STAT OFF;:FUNC:SMON:VDC:STAT OFF;:INIT:CONT OFF;:LIST:MODE SEQ;:LIST:STIM:TYPE FREQ,NONE;:SOUR:DCS:VOLT:LEV 0;:TRIG:DEL 0;:TRIG:SOUR INT;:TRIG:TDEL 0;:VOLT:LEV 1;:DISP:WIND:TEXT1:DATA:FMSD:STAT OFF;:DISP:WIND:TEXT2:DATA:FMSD:STAT OFF;:FUNC:DCR:RANG:VAL 100;:FUNC:IMP:RANG:VAL 10000;:OUTP:DC:ISOL:LEV:VAL 0.0002;:OUTP:DC:ISOL:STAT OFF;:FUNC:DCR:RANG:AUTO ON;:FUNC:IMP:RANG:AUTO ON;:OUTP:DC:ISOL:LEV:AUTO ON;:DISP:PAGE MEASurement;
"
30000.0,0.1189433093,197.211068,4.46082e-05,1.00017
30000.0,0.1189454456,197.2259728,4.46084e-05,1.00018
30000.0,0.118942172,197.2648281,4.46085e-05,1.00018
30000.0,0.1189451722,197.2010375,4.46087e-05,1.00018
30000.0,0.1189461497,197.1517062,4.46089e-05,1.00019
30000.0,0.118945386,197.4145151,4.46084e-05,1.00016
30000.0,0.118945498,197.2766079,4.46089e-05,1.00021
30000.0,0.1189451457,196.9772856,4.46084e-05,1.00018
30000.0,0.1189429712,197.4002544,4.46087e-05,1.0002
30000.0,0.1189437612,197.4677423,4.46089e-05,1.00018
30000.0,0.1189450198,197.0435522,4.46087e-05,1.00021
30000.0,0.1189448239,197.4845925,4.46087e-05,1.00019
30000.0,0.1189465179,197.1113722,4.46087e-05,1.00019
30000.0,0.1189459046,197.0386952,4.46096e-05,1.0002
30000.0,0.1189449206,197.0036207,4.46092e-05,1.0002
30000.0,0.1189446373,197.4522748,4.46087e-05,1.0002
Freq,30000,Rs,197.23282034375,0.17222536375016853,Ls,0.1189448021875,1.1871663758034765e-06
":SOUR:DCS:STAT OFF;:BIAS:STAT OFF;:COMP:BIN:COUN:CLE;:LIST:CLE:ALL;:COMP:BIN:CLE;:AMPL:ALC OFF;:APER LONG,1;:BIAS:POL:AUTO OFF;:BIAS:RANG:AUTO ON;:BIAS:VOLT:LEV 0;:COMP:ABIN OFF;:COMP:BIN:COUN:STAT OFF;:COMP:MODE PTOL;:COMP:SLIM -9.9e+037,9.9e+037;:COMP:STAT OFF;:COMP:SWAP OFF;:COMP:TOL:NOM 0;:DISP:ENAB ON;:DISP:LINE """";:DISP:WIND:TEXT1:DATA:FMSD:DATA 1e-009;:DISP:WIND:TEXT2:DATA:FMSD:DATA 1e-009;:FORM:ASC:LONG ON;:FORM:BORD NORM;:FORM:DATA ASC,64;:FREQ:CW 30000;:FUNC:DEV1:MODE OFF;:FUNC:DEV1:REF:VAL 0;:FUNC:DEV2:MODE OFF;:FUNC:DEV2:REF:VAL 0;:FUNC:IMP:TYPE LSRS;:FUNC:SMON:IDC:STAT OFF;:FUNC:SMON:VDC:STAT OFF;:INIT:CONT OFF;:LIST:MODE SEQ;:LIST:STIM:TYPE FREQ,NONE;:SOUR:DCS:VOLT:LEV 0;:TRIG:DEL 0;:TRIG:SOUR INT;:TRIG:TDEL 0;:VOLT:LEV 1;:DISP:WIND:TEXT1:DATA:FMSD:STAT OFF;:DISP:WIND:TEXT2:DATA:FMSD:STAT OFF;:FUNC:DCR:RANG:VAL 100;:FUNC:IMP:RANG:VAL 10000;:OUTP:DC:ISOL:LEV:VAL 0.0002;:OUTP:DC:ISOL:STAT OFF;:FUNC:DCR:RANG:AUTO ON;:FUNC:IMP:RANG:AUTO ON;:OUTP:DC:ISOL:LEV:AUTO ON;:DISP:PAGE MEASurement;
"
":SOUR:DCS:STAT OFF;:BIAS:STAT OFF;:COMP:BIN:COUN:CLE;:LIST:CLE:ALL;:COMP:BIN:CLE;:AMPL:ALC OFF;:APER LONG,1;:BIAS:POL:AUTO OFF;:BIAS:RANG:AUTO ON;:BIAS:VOLT:LEV 0;:COMP:ABIN OFF;:COMP:BIN:COUN:STAT OFF;:COMP:MODE PTOL;:COMP:SLIM -9.9e+037,9.9e+037;:COMP:STAT OFF;:COMP:SWAP OFF;:COMP:TOL:NOM 0;:DISP:ENAB ON;:DISP:LINE """";:DISP:WIND:TEXT1:DATA:FMSD:DATA 1e-009;:DISP:WIND:TEXT2:DATA:FMSD:DATA 1e-009;:FORM:ASC:LONG ON;:FORM:BORD NORM;:FORM:DATA ASC,64;:FREQ:CW 30000;:FUNC:DEV1:MODE OFF;:FUNC:DEV1:REF:VAL 0;:FUNC:DEV2:MODE OFF;:FUNC:DEV2:REF:VAL 0;:FUNC:IMP:TYPE LSRS;:FUNC:SMON:IDC:STAT OFF;:FUNC:SMON:VDC:STAT OFF;:INIT:CONT OFF;:LIST:MODE SEQ;:LIST:STIM:TYPE FREQ,NONE;:SOUR:DCS:VOLT:LEV 0;:TRIG:DEL 0;:TRIG:SOUR INT;:TRIG:TDEL 0;:VOLT:LEV 1;:DISP:WIND:TEXT1:DATA:FMSD:STAT OFF;:DISP:WIND:TEXT2:DATA:FMSD:STAT OFF;:FUNC:DCR:RANG:VAL 100;:FUNC:IMP:RANG:VAL 10000;:OUTP:DC:ISOL:LEV:VAL 0.0002;:OUTP:DC:ISOL:STAT OFF;:FUNC:DCR:RANG:AUTO ON;:FUNC:IMP:RANG:AUTO ON;:OUTP:DC:ISOL:LEV:AUTO ON;:DISP:PAGE MEASurement;
"
2024-04-19,14:08:31
---------run finished---------
lcr name:,KeySight E4980A
Name and description of Resistor under test: ,"GR 1482, 100 mH, raised on plastic box"
2024-04-19,14:11:21
select the freq range,"[20, 30, 40, 50, 70, 100, 200, 300, 500, 800, 1000, 1200, 1591.549, 1800, 2000, 3000, 4000, 5000, 8000, 10000, 15000, 20000, 30000]"
20.0,0.09988235452,83.68410945,0.00541042,0.457829
20.0,0.09988744035,83.68534373,0.00541034,0.457835
20.0,0.09988774808,83.68438111,0.00541031,0.457826
20.0,0.0998878649,83.68418748,0.00541036,0.457824
20.0,0.0998865958,83.68474305,0.0054103,0.457821
20.0,0.09988482869,83.68514558,0.00541032,0.457824
20.0,0.09988708385,83.68389174,0.00541036,0.457825
20.0,0.09988222571,83.68496949,0.0054103,0.457828
20.0,0.09988572704,83.6839917,0.00541021,0.457822
20.0,0.09988587788,83.68458395,0.00541032,0.457822
20.0,0.09988533954,83.6848704,0.00541023,0.457817
20.0,0.09988545526,83.68365485,0.00541021,0.457818
20.0,0.09988164141,83.68467723,0.00541029,0.45782
20.0,0.09988169767,83.68356449,0.00541024,0.457811
20.0,0.09988543154,83.68475231,0.00541026,0.457817
20.0,0.09988580145,83.68413233,0.00541031,0.457819
Freq,20,Rs,83.684437430625,0.0005292853339162745,Ls,0.099885194605625,2.119094710324175e-06
":SOUR:DCS:STAT OFF;:BIAS:STAT OFF;:COMP:BIN:COUN:CLE;:LIST:CLE:ALL;:COMP:BIN:CLE;:AMPL:ALC OFF;:APER LONG,1;:BIAS:POL:AUTO OFF;:BIAS:RANG:AUTO ON;:BIAS:VOLT:LEV 0;:COMP:ABIN OFF;:COMP:BIN:COUN:STAT OFF;:COMP:MODE PTOL;:COMP:SLIM -9.9e+037,9.9e+037;:COMP:STAT OFF;:COMP:SWAP OFF;:COMP:TOL:NOM 0;:DISP:ENAB ON;:DISP:LINE """";:DISP:WIND:TEXT1:DATA:FMSD:DATA 1e-009;:DISP:WIND:TEXT2:DATA:FMSD:DATA 1e-009;:FORM:ASC:LONG ON;:FORM:BORD NORM;:FORM:DATA ASC,64;:FREQ:CW 20;:FUNC:DEV1:MODE OFF;:FUNC:DEV1:REF:VAL 0;:FUNC:DEV2:MODE OFF;:FUNC:DEV2:REF:VAL 0;:FUNC:IMP:TYPE LSRS;:FUNC:SMON:IDC:STAT OFF;:FUNC:SMON:VDC:STAT OFF;:INIT:CONT OFF;:LIST:MODE SEQ;:LIST:STIM:TYPE FREQ,NONE;:SOUR:DCS:VOLT:LEV 0;:TRIG:DEL 0;:TRIG:SOUR INT;:TRIG:TDEL 0;:VOLT:LEV 1;:DISP:WIND:TEXT1:DATA:FMSD:STAT OFF;:DISP:WIND:TEXT2:DATA:FMSD:STAT OFF;:FUNC:DCR:RANG:VAL 100;:FUNC:IMP:RANG:VAL 100;:OUTP:DC:ISOL:LEV:VAL 0.02;:OUTP:DC:ISOL:STAT OFF;:FUNC:DCR:RANG:AUTO ON;:FUNC:IMP:RANG:AUTO ON;:OUTP:DC:ISOL:LEV:AUTO ON;:DISP:PAGE MEASurement;
"
30.0,0.09993353085,83.68061447,0.00539685,0.462907
30.0,0.09993578465,83.68011363,0.00539682,0.462907
30.0,0.09993567202,83.68029453,0.00539681,0.46291
30.0,0.09993366263,83.67989936,0.00539685,0.462906
30.0,0.09993341095,83.6797521,0.00539673,0.462913
30.0,0.09993870223,83.68082347,0.00539679,0.46291
30.0,0.0999346918,83.68044914,0.00539685,0.462915
30.0,0.0999327995,83.68051081,0.0053968,0.462903
30.0,0.09992972483,83.68003625,0.00539675,0.462906
30.0,0.09994013565,83.67987556,0.00539678,0.462913
30.0,0.09993646079,83.6811421,0.00539678,0.462905
30.0,0.09993438389,83.67953598,0.00539683,0.46291
30.0,0.09993600483,83.68073839,0.00539682,0.462913
30.0,0.09993615198,83.68026383,0.00539679,0.462906
30.0,0.09993676037,83.68084051,0.00539676,0.46291
30.0,0.09993355288,83.68003787,0.00539682,0.462913
Freq,30,Rs,83.680308,0.000449516179865349,Ls,0.099935089365625,2.453580515043001e-06
":SOUR:DCS:STAT OFF;:BIAS:STAT OFF;:COMP:BIN:COUN:CLE;:LIST:CLE:ALL;:COMP:BIN:CLE;:AMPL:ALC OFF;:APER LONG,1;:BIAS:POL:AUTO OFF;:BIAS:RANG:AUTO ON;:BIAS:VOLT:LEV 0;:COMP:ABIN OFF;:COMP:BIN:COUN:STAT OFF;:COMP:MODE PTOL;:COMP:SLIM -9.9e+037,9.9e+037;:COMP:STAT OFF;:COMP:SWAP OFF;:COMP:TOL:NOM 0;:DISP:ENAB ON;:DISP:LINE """";:DISP:WIND:TEXT1:DATA:FMSD:DATA 1e-009;:DISP:WIND:TEXT2:DATA:FMSD:DATA 1e-009;:FORM:ASC:LONG ON;:FORM:BORD NORM;:FORM:DATA ASC,64;:FREQ:CW 30;:FUNC:DEV1:MODE OFF;:FUNC:DEV1:REF:VAL 0;:FUNC:DEV2:MODE OFF;:FUNC:DEV2:REF:VAL 0;:FUNC:IMP:TYPE LSRS;:FUNC:SMON:IDC:STAT OFF;:FUNC:SMON:VDC:STAT OFF;:INIT:CONT OFF;:LIST:MODE SEQ;:LIST:STIM:TYPE FREQ,NONE;:SOUR:DCS:VOLT:LEV 0;:TRIG:DEL 0;:TRIG:SOUR INT;:TRIG:TDEL 0;:VOLT:LEV 1;:DISP:WIND:TEXT1:DATA:FMSD:STAT OFF;:DISP:WIND:TEXT2:DATA:FMSD:STAT OFF;:FUNC:DCR:RANG:VAL 100;:FUNC:IMP:RANG:VAL 100;:OUTP:DC:ISOL:LEV:VAL 0.02;:OUTP:DC:ISOL:STAT OFF;:FUNC:DCR:RANG:AUTO ON;:FUNC:IMP:RANG:AUTO ON;:OUTP:DC:ISOL:LEV:AUTO ON;:DISP:PAGE MEASurement;
"
40.0,0.09995425751,83.67979442,0.00537474,0.469583
40.0,0.09995432548,83.67908248,0.00537464,0.469581
40.0,0.09995456296,83.67966907,0.00537466,0.46958
40.0,0.09995182525,83.68003525,0.00537472,0.469575
40.0,0.09995278187,83.67944133,0.00537466,0.469583
40.0,0.09995489412,83.67979194,0.00537468,0.469586
40.0,0.09995209184,83.68000127,0.00537477,0.46959
40.0,0.09995382448,83.67982946,0.00537468,0.469588
40.0,0.099955232,83.67987661,0.00537467,0.469581
40.0,0.09995410497,83.67936242,0.00537468,0.469579
40.0,0.09995320415,83.67985968,0.00537469,0.469579
40.0,0.09995408349,83.67988751,0.00537471,0.469586
40.0,0.09995373023,83.68037771,0.00537463,0.469579
40.0,0.09995448765,83.68054421,0.00537468,0.469581
40.0,0.09995351807,83.67979472,0.00537469,0.46958
40.0,0.09995306245,83.6804317,0.00537468,0.469579
Freq,40,Rs,83.67986123624999,0.0003823327595830022,Ls,0.0999537491575,9.577110674696556e-07
":SOUR:DCS:STAT OFF;:BIAS:STAT OFF;:COMP:BIN:COUN:CLE;:LIST:CLE:ALL;:COMP:BIN:CLE;:AMPL:ALC OFF;:APER LONG,1;:BIAS:POL:AUTO OFF;:BIAS:RANG:AUTO ON;:BIAS:VOLT:LEV 0;:COMP:ABIN OFF;:COMP:BIN:COUN:STAT OFF;:COMP:MODE PTOL;:COMP:SLIM -9.9e+037,9.9e+037;:COMP:STAT OFF;:COMP:SWAP OFF;:COMP:TOL:NOM 0;:DISP:ENAB ON;:DISP:LINE """";:DISP:WIND:TEXT1:DATA:FMSD:DATA 1e-009;:DISP:WIND:TEXT2:DATA:FMSD:DATA 1e-009;:FORM:ASC:LONG ON;:FORM:BORD NORM;:FORM:DATA ASC,64;:FREQ:CW 40;:FUNC:DEV1:MODE OFF;:FUNC:DEV1:REF:VAL 0;:FUNC:DEV2:MODE OFF;:FUNC:DEV2:REF:VAL 0;:FUNC:IMP:TYPE LSRS;:FUNC:SMON:IDC:STAT OFF;:FUNC:SMON:VDC:STAT OFF;:INIT:CONT OFF;:LIST:MODE SEQ;:LIST:STIM:TYPE FREQ,NONE;:SOUR:DCS:VOLT:LEV 0;:TRIG:DEL 0;:TRIG:SOUR INT;:TRIG:TDEL 0;:VOLT:LEV 1;:DISP:WIND:TEXT1:DATA:FMSD:STAT OFF;:DISP:WIND:TEXT2:DATA:FMSD:STAT OFF;:FUNC:DCR:RANG:VAL 100;:FUNC:IMP:RANG:VAL 100;:OUTP:DC:ISOL:LEV:VAL 0.02;:OUTP:DC:ISOL:STAT OFF;:FUNC:DCR:RANG:AUTO ON;:FUNC:IMP:RANG:AUTO ON;:OUTP:DC:ISOL:LEV:AUTO ON;:DISP:PAGE MEASurement;
"
50.0,0.09995928288,83.6764497,0.005364,0.479412
50.0,0.09995915901,83.67620367,0.00536402,0.479415
50.0,0.09995844011,83.6767933,0.00536403,0.479408
50.0,0.09995886798,83.67648759,0.00536406,0.479412
50.0,0.09995946714,83.6760969,0.00536406,0.479409
50.0,0.09995973893,83.67662959,0.00536406,0.479415
50.0,0.09995999909,83.67642298,0.00536402,0.479406
50.0,0.09996005058,83.67663678,0.00536398,0.479408
50.0,0.09995918488,83.6763238,0.00536398,0.479414
50.0,0.09996060656,83.67668204,0.00536405,0.479411
50.0,0.09995919628,83.67701172,0.00536397,0.479417
50.0,0.09995853754,83.67633449,0.00536406,0.479411
50.0,0.09995907339,83.67679492,0.00536405,0.479412
50.0,0.09995845495,83.67696686,0.00536403,0.479415
50.0,0.09995991429,83.67745317,0.00536397,0.479406
50.0,0.09995977094,83.67730784,0.00536404,0.479416
Freq,50,Rs,83.676662209375,0.0003811355736987131,Ls,0.099959359034375,6.239769203727648e-07
":SOUR:DCS:STAT OFF;:BIAS:STAT OFF;:COMP:BIN:COUN:CLE;:LIST:CLE:ALL;:COMP:BIN:CLE;:AMPL:ALC OFF;:APER LONG,1;:BIAS:POL:AUTO OFF;:BIAS:RANG:AUTO ON;:BIAS:VOLT:LEV 0;:COMP:ABIN OFF;:COMP:BIN:COUN:STAT OFF;:COMP:MODE PTOL;:COMP:SLIM -9.9e+037,9.9e+037;:COMP:STAT OFF;:COMP:SWAP OFF;:COMP:TOL:NOM 0;:DISP:ENAB ON;:DISP:LINE """";:DISP:WIND:TEXT1:DATA:FMSD:DATA 1e-009;:DISP:WIND:TEXT2:DATA:FMSD:DATA 1e-009;:FORM:ASC:LONG ON;:FORM:BORD NORM;:FORM:DATA ASC,64;:FREQ:CW 50;:FUNC:DEV1:MODE OFF;:FUNC:DEV1:REF:VAL 0;:FUNC:DEV2:MODE OFF;:FUNC:DEV2:REF:VAL 0;:FUNC:IMP:TYPE LSRS;:FUNC:SMON:IDC:STAT OFF;:FUNC:SMON:VDC:STAT OFF;:INIT:CONT OFF;:LIST:MODE SEQ;:LIST:STIM:TYPE FREQ,NONE;:SOUR:DCS:VOLT:LEV 0;:TRIG:DEL 0;:TRIG:SOUR INT;:TRIG:TDEL 0;:VOLT:LEV 1;:DISP:WIND:TEXT1:DATA:FMSD:STAT OFF;:DISP:WIND:TEXT2:DATA:FMSD:STAT OFF;:FUNC:DCR:RANG:VAL 100;:FUNC:IMP:RANG:VAL 100;:OUTP:DC:ISOL:LEV:VAL 0.02;:OUTP:DC:ISOL:STAT OFF;:FUNC:DCR:RANG:AUTO ON;:FUNC:IMP:RANG:AUTO ON;:OUTP:DC:ISOL:LEV:AUTO ON;:DISP:PAGE MEASurement;
"
70.0,0.09996966299,83.67774483,0.00529132,0.500171
70.0,0.09997066025,83.67824166,0.00529122,0.500172
70.0,0.09997038969,83.67867662,0.00529132,0.500168
70.0,0.09996991759,83.67807448,0.00529125,0.500161
70.0,0.09997060026,83.6781945,0.00529125,0.500164
70.0,0.09997112512,83.67823572,0.00529125,0.500165
70.0,0.09996990361,83.67762104,0.00529125,0.500168
70.0,0.09997114188,83.67805908,0.00529128,0.500169
70.0,0.09997094474,83.67799083,0.00529124,0.500168
70.0,0.09996964285,83.67841863,0.00529129,0.500169
70.0,0.09997098179,83.67820995,0.00529125,0.500162
70.0,0.09997068048,83.67825319,0.00529126,0.500166
70.0,0.09997055581,83.67789782,0.00529127,0.500164
70.0,0.09996933263,83.6778593,0.00529122,0.500161
70.0,0.09997011849,83.6773551,0.00529125,0.500165
70.0,0.09997089038,83.67804131,0.00529132,0.500165
Freq,70,Rs,83.67805462875,0.000317382921550877,Ls,0.099970409285,5.75933705548613e-07
":SOUR:DCS:STAT OFF;:BIAS:STAT OFF;:COMP:BIN:COUN:CLE;:LIST:CLE:ALL;:COMP:BIN:CLE;:AMPL:ALC OFF;:APER LONG,1;:BIAS:POL:AUTO OFF;:BIAS:RANG:AUTO ON;:BIAS:VOLT:LEV 0;:COMP:ABIN OFF;:COMP:BIN:COUN:STAT OFF;:COMP:MODE PTOL;:COMP:SLIM -9.9e+037,9.9e+037;:COMP:STAT OFF;:COMP:SWAP OFF;:COMP:TOL:NOM 0;:DISP:ENAB ON;:DISP:LINE """";:DISP:WIND:TEXT1:DATA:FMSD:DATA 1e-009;:DISP:WIND:TEXT2:DATA:FMSD:DATA 1e-009;:FORM:ASC:LONG ON;:FORM:BORD NORM;:FORM:DATA ASC,64;:FREQ:CW 70;:FUNC:DEV1:MODE OFF;:FUNC:DEV1:REF:VAL 0;:FUNC:DEV2:MODE OFF;:FUNC:DEV2:REF:VAL 0;:FUNC:IMP:TYPE LSRS;:FUNC:SMON:IDC:STAT OFF;:FUNC:SMON:VDC:STAT OFF;:INIT:CONT OFF;:LIST:MODE SEQ;:LIST:STIM:TYPE FREQ,NONE;:SOUR:DCS:VOLT:LEV 0;:TRIG:DEL 0;:TRIG:SOUR INT;:TRIG:TDEL 0;:VOLT:LEV 1;:DISP:WIND:TEXT1:DATA:FMSD:STAT OFF;:DISP:WIND:TEXT2:DATA:FMSD:STAT OFF;:FUNC:DCR:RANG:VAL 100;:FUNC:IMP:RANG:VAL 100;:OUTP:DC:ISOL:LEV:VAL 0.02;:OUTP:DC:ISOL:STAT OFF;:FUNC:DCR:RANG:AUTO ON;:FUNC:IMP:RANG:AUTO ON;:OUTP:DC:ISOL:LEV:AUTO ON;:DISP:PAGE MEASurement;
"
100.0,0.09997307475,83.68096153,0.00514543,0.538393
100.0,0.09997400518,83.68090239,0.00514543,0.538378
100.0,0.09997350245,83.6810229,0.0051454,0.538389
100.0,0.09997372153,83.68100929,0.00514549,0.538393
100.0,0.09997340865,83.68125771,0.00514548,0.53839
100.0,0.09997272707,83.6812097,0.00514545,0.53839
100.0,0.09997398131,83.68085045,0.00514551,0.538393
100.0,0.09997336627,83.68091468,0.00514546,0.53839
100.0,0.0999733601,83.6807519,0.00514545,0.538389
100.0,0.09997411313,83.68117971,0.00514543,0.53838
100.0,0.09997361345,83.6807175,0.00514539,0.538387
100.0,0.09997359684,83.68082465,0.00514541,0.53839
100.0,0.09997358012,83.68062565,0.00514542,0.538394
100.0,0.09997368822,83.68128016,0.00514537,0.538391
100.0,0.09997375142,83.68111239,0.00514546,0.538389
100.0,0.09997333802,83.68139134,0.00514547,0.538385
Freq,100,Rs,83.681000746875,0.00022217889238810846,Ls,0.099973551781875,3.50863467087014e-07
":SOUR:DCS:STAT OFF;:BIAS:STAT OFF;:COMP:BIN:COUN:CLE;:LIST:CLE:ALL;:COMP:BIN:CLE;:AMPL:ALC OFF;:APER LONG,1;:BIAS:POL:AUTO OFF;:BIAS:RANG:AUTO ON;:BIAS:VOLT:LEV 0;:COMP:ABIN OFF;:COMP:BIN:COUN:STAT OFF;:COMP:MODE PTOL;:COMP:SLIM -9.9e+037,9.9e+037;:COMP:STAT OFF;:COMP:SWAP OFF;:COMP:TOL:NOM 0;:DISP:ENAB ON;:DISP:LINE """";:DISP:WIND:TEXT1:DATA:FMSD:DATA 1e-009;:DISP:WIND:TEXT2:DATA:FMSD:DATA 1e-009;:FORM:ASC:LONG ON;:FORM:BORD NORM;:FORM:DATA ASC,64;:FREQ:CW 100;:FUNC:DEV1:MODE OFF;:FUNC:DEV1:REF:VAL 0;:FUNC:DEV2:MODE OFF;:FUNC:DEV2:REF:VAL 0;:FUNC:IMP:TYPE LSRS;:FUNC:SMON:IDC:STAT OFF;:FUNC:SMON:VDC:STAT OFF;:INIT:CONT OFF;:LIST:MODE SEQ;:LIST:STIM:TYPE FREQ,NONE;:SOUR:DCS:VOLT:LEV 0;:TRIG:DEL 0;:TRIG:SOUR INT;:TRIG:TDEL 0;:VOLT:LEV 1;:DISP:WIND:TEXT1:DATA:FMSD:STAT OFF;:DISP:WIND:TEXT2:DATA:FMSD:STAT OFF;:FUNC:DCR:RANG:VAL 100;:FUNC:IMP:RANG:VAL 100;:OUTP:DC:ISOL:LEV:VAL 0.02;:OUTP:DC:ISOL:STAT OFF;:FUNC:DCR:RANG:AUTO ON;:FUNC:IMP:RANG:AUTO ON;:OUTP:DC:ISOL:LEV:AUTO ON;:DISP:PAGE MEASurement;
"
200.0,0.09997103217,83.69832839,0.00448688,0.677324
200.0,0.09997056679,83.69733951,0.00448688,0.677311
200.0,0.09997093276,83.69792224,0.00448683,0.677307
200.0,0.09997115973,83.69856814,0.00448684,0.677311
200.0,0.09997064704,83.69846146,0.00448684,0.677322
200.0,0.09997084035,83.69806256,0.00448689,0.677317
200.0,0.09997068706,83.69787251,0.00448682,0.677307
200.0,0.09997144976,83.69795118,0.00448684,0.677321
200.0,0.09997131795,83.69806781,0.00448681,0.67732
200.0,0.09997055724,83.69804058,0.00448687,0.677318
200.0,0.09997097182,83.69752351,0.00448688,0.677318
200.0,0.09997082933,83.69763916,0.00448689,0.677328
200.0,0.09997119046,83.69800584,0.00448691,0.677318
200.0,0.09997073352,83.69778479,0.00448686,0.67732
200.0,0.09997105198,83.69742105,0.00448685,0.677322
200.0,0.09997103851,83.69765973,0.00448687,0.677315
Freq,200,Rs,83.69791552875,0.00035166802500675624,Ls,0.099970937904375,2.640522355385805e-07
":SOUR:DCS:STAT OFF;:BIAS:STAT OFF;:COMP:BIN:COUN:CLE;:LIST:CLE:ALL;:COMP:BIN:CLE;:AMPL:ALC OFF;:APER LONG,1;:BIAS:POL:AUTO OFF;:BIAS:RANG:AUTO ON;:BIAS:VOLT:LEV 0;:COMP:ABIN OFF;:COMP:BIN:COUN:STAT OFF;:COMP:MODE PTOL;:COMP:SLIM -9.9e+037,9.9e+037;:COMP:STAT OFF;:COMP:SWAP OFF;:COMP:TOL:NOM 0;:DISP:ENAB ON;:DISP:LINE """";:DISP:WIND:TEXT1:DATA:FMSD:DATA 1e-009;:DISP:WIND:TEXT2:DATA:FMSD:DATA 1e-009;:FORM:ASC:LONG ON;:FORM:BORD NORM;:FORM:DATA ASC,64;:FREQ:CW 200;:FUNC:DEV1:MODE OFF;:FUNC:DEV1:REF:VAL 0;:FUNC:DEV2:MODE OFF;:FUNC:DEV2:REF:VAL 0;:FUNC:IMP:TYPE LSRS;:FUNC:SMON:IDC:STAT OFF;:FUNC:SMON:VDC:STAT OFF;:INIT:CONT OFF;:LIST:MODE SEQ;:LIST:STIM:TYPE FREQ,NONE;:SOUR:DCS:VOLT:LEV 0;:TRIG:DEL 0;:TRIG:SOUR INT;:TRIG:TDEL 0;:VOLT:LEV 1;:DISP:WIND:TEXT1:DATA:FMSD:STAT OFF;:DISP:WIND:TEXT2:DATA:FMSD:STAT OFF;:FUNC:DCR:RANG:VAL 100;:FUNC:IMP:RANG:VAL 100;:OUTP:DC:ISOL:LEV:VAL 0.02;:OUTP:DC:ISOL:STAT OFF;:FUNC:DCR:RANG:AUTO ON;:FUNC:IMP:RANG:AUTO ON;:OUTP:DC:ISOL:LEV:AUTO ON;:DISP:PAGE MEASurement;
"
300.0,0.0999707448,83.7024791,0.00379601,0.782711
300.0,0.09997065506,83.70204799,0.003796,0.782702
300.0,0.09997083623,83.70236717,0.00379602,0.782712
300.0,0.09997077147,83.70252101,0.00379596,0.782701
300.0,0.09997076696,83.70170209,0.00379595,0.782699
300.0,0.0999704775,83.70185892,0.003796,0.782712
300.0,0.09997069789,83.70230576,0.003796,0.782712
300.0,0.09997079943,83.70226186,0.00379598,0.782707
300.0,0.09997058861,83.70256123,0.00379597,0.782702
300.0,0.09997068257,83.70225219,0.003796,0.782713
300.0,0.09997076024,83.70163609,0.00379596,0.782705
300.0,0.09997049843,83.70188883,0.00379592,0.782697
300.0,0.09997072759,83.702809,0.00379599,0.782714
300.0,0.09997084431,83.70286845,0.00379597,0.782703
300.0,0.09997021613,83.70214933,0.00379593,0.782705
300.0,0.09997037851,83.70196335,0.00379595,0.782705
Freq,300,Rs,83.702229523125,0.00036711689801748043,Ls,0.099970652858125,1.7739966641215315e-07
":SOUR:DCS:STAT OFF;:BIAS:STAT OFF;:COMP:BIN:COUN:CLE;:LIST:CLE:ALL;:COMP:BIN:CLE;:AMPL:ALC OFF;:APER LONG,1;:BIAS:POL:AUTO OFF;:BIAS:RANG:AUTO ON;:BIAS:VOLT:LEV 0;:COMP:ABIN OFF;:COMP:BIN:COUN:STAT OFF;:COMP:MODE PTOL;:COMP:SLIM -9.9e+037,9.9e+037;:COMP:STAT OFF;:COMP:SWAP OFF;:COMP:TOL:NOM 0;:DISP:ENAB ON;:DISP:LINE """";:DISP:WIND:TEXT1:DATA:FMSD:DATA 1e-009;:DISP:WIND:TEXT2:DATA:FMSD:DATA 1e-009;:FORM:ASC:LONG ON;:FORM:BORD NORM;:FORM:DATA ASC,64;:FREQ:CW 300;:FUNC:DEV1:MODE OFF;:FUNC:DEV1:REF:VAL 0;:FUNC:DEV2:MODE OFF;:FUNC:DEV2:REF:VAL 0;:FUNC:IMP:TYPE LSRS;:FUNC:SMON:IDC:STAT OFF;:FUNC:SMON:VDC:STAT OFF;:INIT:CONT OFF;:LIST:MODE SEQ;:LIST:STIM:TYPE FREQ,NONE;:SOUR:DCS:VOLT:LEV 0;:TRIG:DEL 0;:TRIG:SOUR INT;:TRIG:TDEL 0;:VOLT:LEV 1;:DISP:WIND:TEXT1:DATA:FMSD:STAT OFF;:DISP:WIND:TEXT2:DATA:FMSD:STAT OFF;:FUNC:DCR:RANG:VAL 100;:FUNC:IMP:RANG:VAL 100;:OUTP:DC:ISOL:LEV:VAL 0.02;:OUTP:DC:ISOL:STAT OFF;:FUNC:DCR:RANG:AUTO ON;:FUNC:IMP:RANG:AUTO ON;:OUTP:DC:ISOL:LEV:AUTO ON;:DISP:PAGE MEASurement;
"
500.0,0.09997164875,83.71252387,0.00274833,0.893305
500.0,0.09997141072,83.71200591,0.00274834,0.893297
500.0,0.09997151673,83.71198931,0.00274832,0.893297
500.0,0.09997122023,83.71132925,0.00274831,0.893298
500.0,0.09997138215,83.71220057,0.00274834,0.893301
500.0,0.09997136632,83.71153996,0.00274833,0.893288
500.0,0.09997152008,83.71251452,0.0027483,0.893303
500.0,0.09997117321,83.7119528,0.00274831,0.893303
500.0,0.09997160069,83.71177315,0.0027483,0.893316
500.0,0.09997135278,83.71096913,0.00274835,0.893305
500.0,0.09997150521,83.71167123,0.00274834,0.893309
500.0,0.0999714237,83.71394276,0.00274833,0.893298
500.0,0.09997166215,83.71146404,0.00274832,0.893304
500.0,0.0999715817,83.71228173,0.00274835,0.893301
500.0,0.09997152454,83.71171813,0.00274832,0.8933
500.0,0.0999717634,83.71172964,0.00274831,0.89329
Freq,500,Rs,83.71197537500001,0.0006707879069368688,Ls,0.0999714782725,1.5930253747667287e-07
":SOUR:DCS:STAT OFF;:BIAS:STAT OFF;:COMP:BIN:COUN:CLE;:LIST:CLE:ALL;:COMP:BIN:CLE;:AMPL:ALC OFF;:APER LONG,1;:BIAS:POL:AUTO OFF;:BIAS:RANG:AUTO ON;:BIAS:VOLT:LEV 0;:COMP:ABIN OFF;:COMP:BIN:COUN:STAT OFF;:COMP:MODE PTOL;:COMP:SLIM -9.9e+037,9.9e+037;:COMP:STAT OFF;:COMP:SWAP OFF;:COMP:TOL:NOM 0;:DISP:ENAB ON;:DISP:LINE """";:DISP:WIND:TEXT1:DATA:FMSD:DATA 1e-009;:DISP:WIND:TEXT2:DATA:FMSD:DATA 1e-009;:FORM:ASC:LONG ON;:FORM:BORD NORM;:FORM:DATA ASC,64;:FREQ:CW 500;:FUNC:DEV1:MODE OFF;:FUNC:DEV1:REF:VAL 0;:FUNC:DEV2:MODE OFF;:FUNC:DEV2:REF:VAL 0;:FUNC:IMP:TYPE LSRS;:FUNC:SMON:IDC:STAT OFF;:FUNC:SMON:VDC:STAT OFF;:INIT:CONT OFF;:LIST:MODE SEQ;:LIST:STIM:TYPE FREQ,NONE;:SOUR:DCS:VOLT:LEV 0;:TRIG:DEL 0;:TRIG:SOUR INT;:TRIG:TDEL 0;:VOLT:LEV 1;:DISP:WIND:TEXT1:DATA:FMSD:STAT OFF;:DISP:WIND:TEXT2:DATA:FMSD:STAT OFF;:FUNC:DCR:RANG:VAL 100;:FUNC:IMP:RANG:VAL 300;:OUTP:DC:ISOL:LEV:VAL 0.02;:OUTP:DC:ISOL:STAT OFF;:FUNC:DCR:RANG:AUTO ON;:FUNC:IMP:RANG:AUTO ON;:OUTP:DC:ISOL:LEV:AUTO ON;:DISP:PAGE MEASurement;
"
800.0,0.09997401969,83.72962883,0.00187219,0.953796
800.0,0.09997418031,83.73095629,0.00187219,0.953798
800.0,0.09997432339,83.72939963,0.00187219,0.95378
800.0,0.09997425697,83.73089325,0.00187221,0.953802
800.0,0.09997408939,83.72967465,0.0018722,0.95379
800.0,0.09997454306,83.73079882,0.00187222,0.953795
800.0,0.0999742675,83.72937294,0.00187219,0.953787
800.0,0.0999740642,83.72985072,0.00187223,0.953796
800.0,0.09997402418,83.73165963,0.00187217,0.953789
800.0,0.09997393903,83.73167069,0.0018722,0.953795
800.0,0.09997431832,83.72995016,0.0018722,0.953784
800.0,0.09997415702,83.73037545,0.00187219,0.953791
800.0,0.09997417182,83.73046628,0.00187219,0.953803
800.0,0.09997418087,83.73075024,0.0018722,0.953792
800.0,0.09997393155,83.73058214,0.00187221,0.953792
800.0,0.09997432744,83.72854801,0.0018722,0.953808
Freq,800,Rs,83.730286108125,0.0008554448760350376,Ls,0.09997417467125,1.6296406621778287e-07
":SOUR:DCS:STAT OFF;:BIAS:STAT OFF;:COMP:BIN:COUN:CLE;:LIST:CLE:ALL;:COMP:BIN:CLE;:AMPL:ALC OFF;:APER LONG,1;:BIAS:POL:AUTO OFF;:BIAS:RANG:AUTO ON;:BIAS:VOLT:LEV 0;:COMP:ABIN OFF;:COMP:BIN:COUN:STAT OFF;:COMP:MODE PTOL;:COMP:SLIM -9.9e+037,9.9e+037;:COMP:STAT OFF;:COMP:SWAP OFF;:COMP:TOL:NOM 0;:DISP:ENAB ON;:DISP:LINE """";:DISP:WIND:TEXT1:DATA:FMSD:DATA 1e-009;:DISP:WIND:TEXT2:DATA:FMSD:DATA 1e-009;:FORM:ASC:LONG ON;:FORM:BORD NORM;:FORM:DATA ASC,64;:FREQ:CW 800;:FUNC:DEV1:MODE OFF;:FUNC:DEV1:REF:VAL 0;:FUNC:DEV2:MODE OFF;:FUNC:DEV2:REF:VAL 0;:FUNC:IMP:TYPE LSRS;:FUNC:SMON:IDC:STAT OFF;:FUNC:SMON:VDC:STAT OFF;:INIT:CONT OFF;:LIST:MODE SEQ;:LIST:STIM:TYPE FREQ,NONE;:SOUR:DCS:VOLT:LEV 0;:TRIG:DEL 0;:TRIG:SOUR INT;:TRIG:TDEL 0;:VOLT:LEV 1;:DISP:WIND:TEXT1:DATA:FMSD:STAT OFF;:DISP:WIND:TEXT2:DATA:FMSD:STAT OFF;:FUNC:DCR:RANG:VAL 100;:FUNC:IMP:RANG:VAL 300;:OUTP:DC:ISOL:LEV:VAL 0.02;:OUTP:DC:ISOL:STAT OFF;:FUNC:DCR:RANG:AUTO ON;:FUNC:IMP:RANG:AUTO ON;:OUTP:DC:ISOL:LEV:AUTO ON;:DISP:PAGE MEASurement;
"
1000.0,0.09998169315,83.72400263,0.00152551,0.966811
1000.0,0.09998155714,83.72436574,0.00152553,0.966816
1000.0,0.09998170847,83.72875778,0.00152551,0.966804
1000.0,0.09998221979,83.73040174,0.00152552,0.966805
1000.0,0.09998163201,83.72509608,0.00152549,0.966811
1000.0,0.09998159709,83.72674747,0.0015255,0.966802
1000.0,0.09998184834,83.72832615,0.0015255,0.966793
1000.0,0.09998238349,83.72633047,0.00152551,0.966801
1000.0,0.0999820452,83.72706502,0.00152551,0.966808
1000.0,0.0999817414,83.72801164,0.00152552,0.966797
1000.0,0.09998195972,83.72773978,0.00152549,0.966799
1000.0,0.09998195256,83.7281647,0.00152549,0.966799
1000.0,0.09998222766,83.7253155,0.00152553,0.966808
1000.0,0.09998161973,83.72605754,0.00152551,0.966804
1000.0,0.09998173038,83.72508069,0.00152551,0.966804
1000.0,0.09998156931,83.72633185,0.0015255,0.966808
Freq,1000,Rs,83.72673717375001,0.0017542890878609568,Ls,0.09998184284,2.6123076419228837e-07
":SOUR:DCS:STAT OFF;:BIAS:STAT OFF;:COMP:BIN:COUN:CLE;:LIST:CLE:ALL;:COMP:BIN:CLE;:AMPL:ALC OFF;:APER LONG,1;:BIAS:POL:AUTO OFF;:BIAS:RANG:AUTO ON;:BIAS:VOLT:LEV 0;:COMP:ABIN OFF;:COMP:BIN:COUN:STAT OFF;:COMP:MODE PTOL;:COMP:SLIM -9.9e+037,9.9e+037;:COMP:STAT OFF;:COMP:SWAP OFF;:COMP:TOL:NOM 0;:DISP:ENAB ON;:DISP:LINE """";:DISP:WIND:TEXT1:DATA:FMSD:DATA 1e-009;:DISP:WIND:TEXT2:DATA:FMSD:DATA 1e-009;:FORM:ASC:LONG ON;:FORM:BORD NORM;:FORM:DATA ASC,64;:FREQ:CW 1000;:FUNC:DEV1:MODE OFF;:FUNC:DEV1:REF:VAL 0;:FUNC:DEV2:MODE OFF;:FUNC:DEV2:REF:VAL 0;:FUNC:IMP:TYPE LSRS;:FUNC:SMON:IDC:STAT OFF;:FUNC:SMON:VDC:STAT OFF;:INIT:CONT OFF;:LIST:MODE SEQ;:LIST:STIM:TYPE FREQ,NONE;:SOUR:DCS:VOLT:LEV 0;:TRIG:DEL 0;:TRIG:SOUR INT;:TRIG:TDEL 0;:VOLT:LEV 1;:DISP:WIND:TEXT1:DATA:FMSD:STAT OFF;:DISP:WIND:TEXT2:DATA:FMSD:STAT OFF;:FUNC:DCR:RANG:VAL 100;:FUNC:IMP:RANG:VAL 300;:OUTP:DC:ISOL:LEV:VAL 0.02;:OUTP:DC:ISOL:STAT OFF;:FUNC:DCR:RANG:AUTO ON;:FUNC:IMP:RANG:AUTO ON;:OUTP:DC:ISOL:LEV:AUTO ON;:DISP:PAGE MEASurement;
"
1200.0,0.09999597612,83.74125747,0.00129371,0.981387
1200.0,0.09999536783,83.73731903,0.00129373,0.981395
1200.0,0.09999552075,83.73917264,0.00129372,0.981389
1200.0,0.09999576585,83.73714553,0.00129372,0.981388
1200.0,0.09999547622,83.73526714,0.0012937,0.981388
1200.0,0.09999587617,83.73890221,0.0012937,0.981383
1200.0,0.09999554817,83.73790687,0.0012937,0.981388
1200.0,0.099995599,83.73905179,0.0012937,0.981384
1200.0,0.09999516743,83.73833919,0.0012937,0.981382
1200.0,0.09999535457,83.73695,0.00129371,0.981385
1200.0,0.0999960261,83.7398262,0.00129372,0.981386
1200.0,0.09999565944,83.73754612,0.00129371,0.98139
1200.0,0.09999567349,83.73561122,0.00129372,0.981396
1200.0,0.09999557715,83.73671646,0.00129372,0.981386
1200.0,0.09999566713,83.7375332,0.00129371,0.981391
1200.0,0.09999529457,83.73925536,0.0012937,0.981395
Freq,1200,Rs,83.737987526875,0.0015595111720352144,Ls,0.099995596874375,2.393661323550357e-07
":SOUR:DCS:STAT OFF;:BIAS:STAT OFF;:COMP:BIN:COUN:CLE;:LIST:CLE:ALL;:COMP:BIN:CLE;:AMPL:ALC OFF;:APER LONG,1;:BIAS:POL:AUTO OFF;:BIAS:RANG:AUTO ON;:BIAS:VOLT:LEV 0;:COMP:ABIN OFF;:COMP:BIN:COUN:STAT OFF;:COMP:MODE PTOL;:COMP:SLIM -9.9e+037,9.9e+037;:COMP:STAT OFF;:COMP:SWAP OFF;:COMP:TOL:NOM 0;:DISP:ENAB ON;:DISP:LINE """";:DISP:WIND:TEXT1:DATA:FMSD:DATA 1e-009;:DISP:WIND:TEXT2:DATA:FMSD:DATA 1e-009;:FORM:ASC:LONG ON;:FORM:BORD NORM;:FORM:DATA ASC,64;:FREQ:CW 1200;:FUNC:DEV1:MODE OFF;:FUNC:DEV1:REF:VAL 0;:FUNC:DEV2:MODE OFF;:FUNC:DEV2:REF:VAL 0;:FUNC:IMP:TYPE LSRS;:FUNC:SMON:IDC:STAT OFF;:FUNC:SMON:VDC:STAT OFF;:INIT:CONT OFF;:LIST:MODE SEQ;:LIST:STIM:TYPE FREQ,NONE;:SOUR:DCS:VOLT:LEV 0;:TRIG:DEL 0;:TRIG:SOUR INT;:TRIG:TDEL 0;:VOLT:LEV 1;:DISP:WIND:TEXT1:DATA:FMSD:STAT OFF;:DISP:WIND:TEXT2:DATA:FMSD:STAT OFF;:FUNC:DCR:RANG:VAL 100;:FUNC:IMP:RANG:VAL 300;:OUTP:DC:ISOL:LEV:VAL 0.02;:OUTP:DC:ISOL:STAT OFF;:FUNC:DCR:RANG:AUTO ON;:FUNC:IMP:RANG:AUTO ON;:OUTP:DC:ISOL:LEV:AUTO ON;:DISP:PAGE MEASurement;
"
1591.549,0.1000124299,83.79434121,0.000988184,0.992044
1591.549,0.1000124402,83.79421869,0.000988185,0.992052
1591.549,0.1000126342,83.79290398,0.000988181,0.992049
1591.549,0.1000125446,83.79320247,0.000988189,0.992046
1591.549,0.1000122512,83.7929593,0.000988175,0.992047
1591.549,0.100012608,83.79215554,0.000988178,0.992045
1591.549,0.1000124873,83.79345303,0.000988188,0.992055
1591.549,0.1000127313,83.79114156,0.000988194,0.992043
1591.549,0.1000124728,83.79173063,0.000988183,0.992046
1591.549,0.100012518,83.79282384,0.000988184,0.992047
1591.549,0.1000123781,83.79232742,0.000988186,0.992053
1591.549,0.1000125486,83.79412404,0.000988189,0.992037
1591.549,0.1000126062,83.79144452,0.00098819,0.992048
1591.549,0.1000125364,83.7924801,0.000988172,0.992058
1591.549,0.1000125293,83.79318919,0.000988179,0.992054
1591.549,0.1000123647,83.79303585,0.000988172,0.99205
Freq,1591.549,Rs,83.792845710625,0.0009455946692341479,Ls,0.10001250505,1.1700729892024741e-07
":SOUR:DCS:STAT OFF;:BIAS:STAT OFF;:COMP:BIN:COUN:CLE;:LIST:CLE:ALL;:COMP:BIN:CLE;:AMPL:ALC OFF;:APER LONG,1;:BIAS:POL:AUTO OFF;:BIAS:RANG:AUTO ON;:BIAS:VOLT:LEV 0;:COMP:ABIN OFF;:COMP:BIN:COUN:STAT OFF;:COMP:MODE PTOL;:COMP:SLIM -9.9e+037,9.9e+037;:COMP:STAT OFF;:COMP:SWAP OFF;:COMP:TOL:NOM 0;:DISP:ENAB ON;:DISP:LINE """";:DISP:WIND:TEXT1:DATA:FMSD:DATA 1e-009;:DISP:WIND:TEXT2:DATA:FMSD:DATA 1e-009;:FORM:ASC:LONG ON;:FORM:BORD NORM;:FORM:DATA ASC,64;:FREQ:CW 1592;:FUNC:DEV1:MODE OFF;:FUNC:DEV1:REF:VAL 0;:FUNC:DEV2:MODE OFF;:FUNC:DEV2:REF:VAL 0;:FUNC:IMP:TYPE LSRS;:FUNC:SMON:IDC:STAT OFF;:FUNC:SMON:VDC:STAT OFF;:INIT:CONT OFF;:LIST:MODE SEQ;:LIST:STIM:TYPE FREQ,NONE;:SOUR:DCS:VOLT:LEV 0;:TRIG:DEL 0;:TRIG:SOUR INT;:TRIG:TDEL 0;:VOLT:LEV 1;:DISP:WIND:TEXT1:DATA:FMSD:STAT OFF;:DISP:WIND:TEXT2:DATA:FMSD:STAT OFF;:FUNC:DCR:RANG:VAL 100;:FUNC:IMP:RANG:VAL 1000;:OUTP:DC:ISOL:LEV:VAL 0.002;:OUTP:DC:ISOL:STAT OFF;:FUNC:DCR:RANG:AUTO ON;:FUNC:IMP:RANG:AUTO ON;:OUTP:DC:ISOL:LEV:AUTO ON;:DISP:PAGE MEASurement;
"
1800.0,0.100025198,83.8285044,0.000877545,0.995454
1800.0,0.1000253036,83.82659589,0.000877537,0.995456
1800.0,0.1000254828,83.82702037,0.000877536,0.995456
1800.0,0.1000253267,83.8268697,0.000877538,0.995442
1800.0,0.1000252231,83.82657203,0.000877544,0.995446
1800.0,0.1000253157,83.82584849,0.000877546,0.995451
1800.0,0.1000254605,83.82689928,0.000877539,0.995434
1800.0,0.1000253653,83.82662363,0.00087755,0.995452
1800.0,0.1000253521,83.82768741,0.00087754,0.99545
1800.0,0.1000255233,83.82568679,0.000877538,0.995453
1800.0,0.1000251505,83.82792764,0.000877548,0.995458
1800.0,0.1000253776,83.82699474,0.000877539,0.995434
1800.0,0.1000253122,83.82721532,0.000877545,0.995447
1800.0,0.1000253708,83.82842312,0.000877548,0.995454
1800.0,0.1000252996,83.82900352,0.000877542,0.995463
1800.0,0.1000252951,83.82914775,0.000877553,0.995467
Freq,1800,Rs,83.827313755,0.0010419829465654717,Ls,0.10002533480625,9.915694272947627e-08
":SOUR:DCS:STAT OFF;:BIAS:STAT OFF;:COMP:BIN:COUN:CLE;:LIST:CLE:ALL;:COMP:BIN:CLE;:AMPL:ALC OFF;:APER LONG,1;:BIAS:POL:AUTO OFF;:BIAS:RANG:AUTO ON;:BIAS:VOLT:LEV 0;:COMP:ABIN OFF;:COMP:BIN:COUN:STAT OFF;:COMP:MODE PTOL;:COMP:SLIM -9.9e+037,9.9e+037;:COMP:STAT OFF;:COMP:SWAP OFF;:COMP:TOL:NOM 0;:DISP:ENAB ON;:DISP:LINE """";:DISP:WIND:TEXT1:DATA:FMSD:DATA 1e-009;:DISP:WIND:TEXT2:DATA:FMSD:DATA 1e-009;:FORM:ASC:LONG ON;:FORM:BORD NORM;:FORM:DATA ASC,64;:FREQ:CW 1800;:FUNC:DEV1:MODE OFF;:FUNC:DEV1:REF:VAL 0;:FUNC:DEV2:MODE OFF;:FUNC:DEV2:REF:VAL 0;:FUNC:IMP:TYPE LSRS;:FUNC:SMON:IDC:STAT OFF;:FUNC:SMON:VDC:STAT OFF;:INIT:CONT OFF;:LIST:MODE SEQ;:LIST:STIM:TYPE FREQ,NONE;:SOUR:DCS:VOLT:LEV 0;:TRIG:DEL 0;:TRIG:SOUR INT;:TRIG:TDEL 0;:VOLT:LEV 1;:DISP:WIND:TEXT1:DATA:FMSD:STAT OFF;:DISP:WIND:TEXT2:DATA:FMSD:STAT OFF;:FUNC:DCR:RANG:VAL 100;:FUNC:IMP:RANG:VAL 1000;:OUTP:DC:ISOL:LEV:VAL 0.002;:OUTP:DC:ISOL:STAT OFF;:FUNC:DCR:RANG:AUTO ON;:FUNC:IMP:RANG:AUTO ON;:OUTP:DC:ISOL:LEV:AUTO ON;:DISP:PAGE MEASurement;
"
2000.0,0.1000350936,83.86877116,0.000790451,0.99586
2000.0,0.1000349653,83.86620142,0.000790441,0.995862
2000.0,0.1000349212,83.86783459,0.000790452,0.995865
2000.0,0.1000347534,83.86778451,0.000790439,0.995858
2000.0,0.1000350134,83.86896289,0.000790442,0.995865
2000.0,0.1000351153,83.87066412,0.000790449,0.995867
2000.0,0.1000349335,83.86853763,0.000790445,0.995853
2000.0,0.1000349179,83.86612678,0.000790451,0.995862
2000.0,0.1000350427,83.86800122,0.000790449,0.995865
2000.0,0.1000348752,83.8691046,0.000790445,0.995868
2000.0,0.1000349869,83.86837082,0.000790446,0.995872
2000.0,0.1000348819,83.86867246,0.000790444,0.995859
2000.0,0.1000349828,83.86719434,0.000790446,0.99586
2000.0,0.1000348095,83.86823145,0.000790452,0.995862
2000.0,0.1000351519,83.86676291,0.000790437,0.995855
2000.0,0.1000350741,83.86637543,0.000790445,0.995865
Freq,2000,Rs,83.86797477062501,0.0012219659188831375,Ls,0.1000349699125,1.106966718855351e-07
":SOUR:DCS:STAT OFF;:BIAS:STAT OFF;:COMP:BIN:COUN:CLE;:LIST:CLE:ALL;:COMP:BIN:CLE;:AMPL:ALC OFF;:APER LONG,1;:BIAS:POL:AUTO OFF;:BIAS:RANG:AUTO ON;:BIAS:VOLT:LEV 0;:COMP:ABIN OFF;:COMP:BIN:COUN:STAT OFF;:COMP:MODE PTOL;:COMP:SLIM -9.9e+037,9.9e+037;:COMP:STAT OFF;:COMP:SWAP OFF;:COMP:TOL:NOM 0;:DISP:ENAB ON;:DISP:LINE """";:DISP:WIND:TEXT1:DATA:FMSD:DATA 1e-009;:DISP:WIND:TEXT2:DATA:FMSD:DATA 1e-009;:FORM:ASC:LONG ON;:FORM:BORD NORM;:FORM:DATA ASC,64;:FREQ:CW 2000;:FUNC:DEV1:MODE OFF;:FUNC:DEV1:REF:VAL 0;:FUNC:DEV2:MODE OFF;:FUNC:DEV2:REF:VAL 0;:FUNC:IMP:TYPE LSRS;:FUNC:SMON:IDC:STAT OFF;:FUNC:SMON:VDC:STAT OFF;:INIT:CONT OFF;:LIST:MODE SEQ;:LIST:STIM:TYPE FREQ,NONE;:SOUR:DCS:VOLT:LEV 0;:TRIG:DEL 0;:TRIG:SOUR INT;:TRIG:TDEL 0;:VOLT:LEV 1;:DISP:WIND:TEXT1:DATA:FMSD:STAT OFF;:DISP:WIND:TEXT2:DATA:FMSD:STAT OFF;:FUNC:DCR:RANG:VAL 100;:FUNC:IMP:RANG:VAL 1000;:OUTP:DC:ISOL:LEV:VAL 0.002;:OUTP:DC:ISOL:STAT OFF;:FUNC:DCR:RANG:AUTO ON;:FUNC:IMP:RANG:AUTO ON;:OUTP:DC:ISOL:LEV:AUTO ON;:DISP:PAGE MEASurement;
"
3000.0,0.1001239562,84.10969833,0.000527478,0.996493
3000.0,0.1001242527,84.10862364,0.000527478,0.996503
3000.0,0.1001241324,84.10923113,0.000527479,0.99649
3000.0,0.100124132,84.10536399,0.000527475,0.996492
3000.0,0.1001241193,84.10691519,0.000527484,0.996516
3000.0,0.1001241518,84.10469133,0.000527479,0.996486
3000.0,0.1001243006,84.11013197,0.000527474,0.996491
3000.0,0.1001240535,84.10960461,0.000527478,0.996485
3000.0,0.1001241578,84.10969072,0.000527469,0.996478
3000.0,0.1001244677,84.10756469,0.00052747,0.996488
3000.0,0.1001244314,84.10665399,0.000527478,0.996489
3000.0,0.1001240212,84.10423748,0.000527469,0.996494
3000.0,0.1001241788,84.10615008,0.000527474,0.996487
3000.0,0.1001241272,84.1089557,0.000527474,0.996491
3000.0,0.100124274,84.10897006,0.00052747,0.9965
3000.0,0.100124268,84.10996014,0.000527473,0.996482
Freq,3000,Rs,84.107902690625,0.001982678577863283,Ls,0.10012418903749999,1.3777126393628793e-07
":SOUR:DCS:STAT OFF;:BIAS:STAT OFF;:COMP:BIN:COUN:CLE;:LIST:CLE:ALL;:COMP:BIN:CLE;:AMPL:ALC OFF;:APER LONG,1;:BIAS:POL:AUTO OFF;:BIAS:RANG:AUTO ON;:BIAS:VOLT:LEV 0;:COMP:ABIN OFF;:COMP:BIN:COUN:STAT OFF;:COMP:MODE PTOL;:COMP:SLIM -9.9e+037,9.9e+037;:COMP:STAT OFF;:COMP:SWAP OFF;:COMP:TOL:NOM 0;:DISP:ENAB ON;:DISP:LINE """";:DISP:WIND:TEXT1:DATA:FMSD:DATA 1e-009;:DISP:WIND:TEXT2:DATA:FMSD:DATA 1e-009;:FORM:ASC:LONG ON;:FORM:BORD NORM;:FORM:DATA ASC,64;:FREQ:CW 3000;:FUNC:DEV1:MODE OFF;:FUNC:DEV1:REF:VAL 0;:FUNC:DEV2:MODE OFF;:FUNC:DEV2:REF:VAL 0;:FUNC:IMP:TYPE LSRS;:FUNC:SMON:IDC:STAT OFF;:FUNC:SMON:VDC:STAT OFF;:INIT:CONT OFF;:LIST:MODE SEQ;:LIST:STIM:TYPE FREQ,NONE;:SOUR:DCS:VOLT:LEV 0;:TRIG:DEL 0;:TRIG:SOUR INT;:TRIG:TDEL 0;:VOLT:LEV 1;:DISP:WIND:TEXT1:DATA:FMSD:STAT OFF;:DISP:WIND:TEXT2:DATA:FMSD:STAT OFF;:FUNC:DCR:RANG:VAL 100;:FUNC:IMP:RANG:VAL 1000;:OUTP:DC:ISOL:LEV:VAL 0.002;:OUTP:DC:ISOL:STAT OFF;:FUNC:DCR:RANG:AUTO ON;:FUNC:IMP:RANG:AUTO ON;:OUTP:DC:ISOL:LEV:AUTO ON;:DISP:PAGE MEASurement;
"
4000.0,0.1002518364,84.45949261,0.000396045,0.998441
4000.0,0.1002513979,84.47398696,0.000396047,0.998435
4000.0,0.1002517842,84.47334688,0.000396045,0.998439
4000.0,0.1002519455,84.46308275,0.000396048,0.998442
4000.0,0.1002515269,84.46342656,0.000396045,0.998445
4000.0,0.1002523016,84.46141311,0.000396046,0.99844
4000.0,0.10025214,84.46222255,0.000396047,0.998454
4000.0,0.1002516606,84.4668944,0.000396045,0.998432
4000.0,0.1002522076,84.46457212,0.000396047,0.998434
4000.0,0.1002519556,84.468296,0.000396044,0.99843
4000.0,0.1002523307,84.46127322,0.00039605,0.998444
4000.0,0.1002517894,84.46218817,0.000396049,0.998438
4000.0,0.1002523427,84.46686167,0.000396053,0.998456
4000.0,0.1002514582,84.46905964,0.000396046,0.998422
4000.0,0.1002519531,84.47508431,0.000396046,0.998438
4000.0,0.1002517081,84.47676444,0.000396048,0.998446
Freq,4000,Rs,84.466747836875,0.005508129776205735,Ls,0.10025189615624999,3.069257368782126e-07
":SOUR:DCS:STAT OFF;:BIAS:STAT OFF;:COMP:BIN:COUN:CLE;:LIST:CLE:ALL;:COMP:BIN:CLE;:AMPL:ALC OFF;:APER LONG,1;:BIAS:POL:AUTO OFF;:BIAS:RANG:AUTO ON;:BIAS:VOLT:LEV 0;:COMP:ABIN OFF;:COMP:BIN:COUN:STAT OFF;:COMP:MODE PTOL;:COMP:SLIM -9.9e+037,9.9e+037;:COMP:STAT OFF;:COMP:SWAP OFF;:COMP:TOL:NOM 0;:DISP:ENAB ON;:DISP:LINE """";:DISP:WIND:TEXT1:DATA:FMSD:DATA 1e-009;:DISP:WIND:TEXT2:DATA:FMSD:DATA 1e-009;:FORM:ASC:LONG ON;:FORM:BORD NORM;:FORM:DATA ASC,64;:FREQ:CW 4000;:FUNC:DEV1:MODE OFF;:FUNC:DEV1:REF:VAL 0;:FUNC:DEV2:MODE OFF;:FUNC:DEV2:REF:VAL 0;:FUNC:IMP:TYPE LSRS;:FUNC:SMON:IDC:STAT OFF;:FUNC:SMON:VDC:STAT OFF;:INIT:CONT OFF;:LIST:MODE SEQ;:LIST:STIM:TYPE FREQ,NONE;:SOUR:DCS:VOLT:LEV 0;:TRIG:DEL 0;:TRIG:SOUR INT;:TRIG:TDEL 0;:VOLT:LEV 1;:DISP:WIND:TEXT1:DATA:FMSD:STAT OFF;:DISP:WIND:TEXT2:DATA:FMSD:STAT OFF;:FUNC:DCR:RANG:VAL 100;:FUNC:IMP:RANG:VAL 1000;:OUTP:DC:ISOL:LEV:VAL 0.002;:OUTP:DC:ISOL:STAT OFF;:FUNC:DCR:RANG:AUTO ON;:FUNC:IMP:RANG:AUTO ON;:OUTP:DC:ISOL:LEV:AUTO ON;:DISP:PAGE MEASurement;
"
5000.0,0.1004127038,84.89830034,0.000316227,0.99792
5000.0,0.1004125253,84.90031474,0.000316227,0.997926
5000.0,0.1004125914,84.89082938,0.000316229,0.997929
5000.0,0.1004126341,84.89600311,0.000316228,0.997929
5000.0,0.1004129919,84.89380347,0.000316227,0.997913
5000.0,0.1004128851,84.90191642,0.000316229,0.997922
5000.0,0.1004128031,84.89615588,0.000316225,0.997911
5000.0,0.1004127596,84.89654678,0.000316228,0.997917
5000.0,0.1004125613,84.90000419,0.000316226,0.99792
5000.0,0.1004125018,84.89111804,0.00031623,0.997921
5000.0,0.1004126658,84.89571933,0.000316232,0.997932
5000.0,0.1004128612,84.88594564,0.000316229,0.997919
5000.0,0.100412715,84.89129236,0.000316232,0.997923
5000.0,0.1004129333,84.89475967,0.00031623,0.997916
5000.0,0.1004125607,84.88934001,0.000316226,0.997915
5000.0,0.100412673,84.89758755,0.000316229,0.99792
Freq,5000,Rs,84.894977306875,0.004364046742268199,Ls,0.1004127104,1.5034483030807177e-07
":SOUR:DCS:STAT OFF;:BIAS:STAT OFF;:COMP:BIN:COUN:CLE;:LIST:CLE:ALL;:COMP:BIN:CLE;:AMPL:ALC OFF;:APER LONG,1;:BIAS:POL:AUTO OFF;:BIAS:RANG:AUTO ON;:BIAS:VOLT:LEV 0;:COMP:ABIN OFF;:COMP:BIN:COUN:STAT OFF;:COMP:MODE PTOL;:COMP:SLIM -9.9e+037,9.9e+037;:COMP:STAT OFF;:COMP:SWAP OFF;:COMP:TOL:NOM 0;:DISP:ENAB ON;:DISP:LINE """";:DISP:WIND:TEXT1:DATA:FMSD:DATA 1e-009;:DISP:WIND:TEXT2:DATA:FMSD:DATA 1e-009;:FORM:ASC:LONG ON;:FORM:BORD NORM;:FORM:DATA ASC,64;:FREQ:CW 5000;:FUNC:DEV1:MODE OFF;:FUNC:DEV1:REF:VAL 0;:FUNC:DEV2:MODE OFF;:FUNC:DEV2:REF:VAL 0;:FUNC:IMP:TYPE LSRS;:FUNC:SMON:IDC:STAT OFF;:FUNC:SMON:VDC:STAT OFF;:INIT:CONT OFF;:LIST:MODE SEQ;:LIST:STIM:TYPE FREQ,NONE;:SOUR:DCS:VOLT:LEV 0;:TRIG:DEL 0;:TRIG:SOUR INT;:TRIG:TDEL 0;:VOLT:LEV 1;:DISP:WIND:TEXT1:DATA:FMSD:STAT OFF;:DISP:WIND:TEXT2:DATA:FMSD:STAT OFF;:FUNC:DCR:RANG:VAL 100;:FUNC:IMP:RANG:VAL 3000;:OUTP:DC:ISOL:LEV:VAL 0.002;:OUTP:DC:ISOL:STAT OFF;:FUNC:DCR:RANG:AUTO ON;:FUNC:IMP:RANG:AUTO ON;:OUTP:DC:ISOL:LEV:AUTO ON;:DISP:PAGE MEASurement;
"
8000.0,0.1011176541,87.12885221,0.000196646,0.999652
8000.0,0.1011173158,87.11302917,0.000196648,0.999649
8000.0,0.1011173917,87.11576543,0.000196646,0.999639
8000.0,0.1011174101,87.11501545,0.000196647,0.999655
8000.0,0.1011175889,87.10453059,0.000196646,0.999646
8000.0,0.1011177795,87.13561791,0.000196648,0.999648
8000.0,0.1011175605,87.11087521,0.000196646,0.999643
8000.0,0.1011176359,87.10273821,0.000196649,0.999652
8000.0,0.1011174131,87.1295206,0.000196649,0.999639
8000.0,0.1011176509,87.12467193,0.000196648,0.999651
8000.0,0.1011172163,87.12516271,0.000196649,0.999652
8000.0,0.1011171003,87.09828112,0.000196648,0.999651
8000.0,0.1011172324,87.12287532,0.000196647,0.99965
8000.0,0.101117,87.10737152,0.00019665,0.99964
8000.0,0.1011172613,87.11524907,0.000196649,0.999664
8000.0,0.1011176798,87.12713559,0.000196649,0.999664
Freq,8000,Rs,87.1172932525,0.010859793359526203,Ls,0.10111743066250001,2.2952131890759413e-07
":SOUR:DCS:STAT OFF;:BIAS:STAT OFF;:COMP:BIN:COUN:CLE;:LIST:CLE:ALL;:COMP:BIN:CLE;:AMPL:ALC OFF;:APER LONG,1;:BIAS:POL:AUTO OFF;:BIAS:RANG:AUTO ON;:BIAS:VOLT:LEV 0;:COMP:ABIN OFF;:COMP:BIN:COUN:STAT OFF;:COMP:MODE PTOL;:COMP:SLIM -9.9e+037,9.9e+037;:COMP:STAT OFF;:COMP:SWAP OFF;:COMP:TOL:NOM 0;:DISP:ENAB ON;:DISP:LINE """";:DISP:WIND:TEXT1:DATA:FMSD:DATA 1e-009;:DISP:WIND:TEXT2:DATA:FMSD:DATA 1e-009;:FORM:ASC:LONG ON;:FORM:BORD NORM;:FORM:DATA ASC,64;:FREQ:CW 8000;:FUNC:DEV1:MODE OFF;:FUNC:DEV1:REF:VAL 0;:FUNC:DEV2:MODE OFF;:FUNC:DEV2:REF:VAL 0;:FUNC:IMP:TYPE LSRS;:FUNC:SMON:IDC:STAT OFF;:FUNC:SMON:VDC:STAT OFF;:INIT:CONT OFF;:LIST:MODE SEQ;:LIST:STIM:TYPE FREQ,NONE;:SOUR:DCS:VOLT:LEV 0;:TRIG:DEL 0;:TRIG:SOUR INT;:TRIG:TDEL 0;:VOLT:LEV 1;:DISP:WIND:TEXT1:DATA:FMSD:STAT OFF;:DISP:WIND:TEXT2:DATA:FMSD:STAT OFF;:FUNC:DCR:RANG:VAL 100;:FUNC:IMP:RANG:VAL 3000;:OUTP:DC:ISOL:LEV:VAL 0.002;:OUTP:DC:ISOL:STAT OFF;:FUNC:DCR:RANG:AUTO ON;:FUNC:IMP:RANG:AUTO ON;:OUTP:DC:ISOL:LEV:AUTO ON;:DISP:PAGE MEASurement;
"
10000.0,0.1017831965,89.53880677,0.000156322,0.99982
10000.0,0.1017832706,89.54995635,0.000156323,0.999817
10000.0,0.1017829345,89.52979758,0.000156322,0.999805
10000.0,0.1017827143,89.50787262,0.000156322,0.999819
10000.0,0.1017828449,89.53481541,0.000156322,0.999811
10000.0,0.101782487,89.53131938,0.000156323,0.999816
10000.0,0.1017830011,89.5100738,0.000156322,0.999824
10000.0,0.1017831146,89.53380173,0.000156323,0.999802
10000.0,0.1017829952,89.55578775,0.000156321,0.999821
10000.0,0.101782749,89.52237828,0.000156322,0.999812
10000.0,0.1017827619,89.54048626,0.000156324,0.99982
10000.0,0.1017825986,89.55705401,0.000156323,0.999821
10000.0,0.1017832464,89.52706946,0.000156323,0.999819
10000.0,0.1017828747,89.51610899,0.000156324,0.999812
10000.0,0.1017831489,89.50714893,0.000156324,0.999827
10000.0,0.1017831376,89.54440891,0.000156323,0.999818
Freq,10000,Rs,89.531680389375,0.016027162994259606,Ls,0.10178294223750001,2.3707695761829543e-07
":SOUR:DCS:STAT OFF;:BIAS:STAT OFF;:COMP:BIN:COUN:CLE;:LIST:CLE:ALL;:COMP:BIN:CLE;:AMPL:ALC OFF;:APER LONG,1;:BIAS:POL:AUTO OFF;:BIAS:RANG:AUTO ON;:BIAS:VOLT:LEV 0;:COMP:ABIN OFF;:COMP:BIN:COUN:STAT OFF;:COMP:MODE PTOL;:COMP:SLIM -9.9e+037,9.9e+037;:COMP:STAT OFF;:COMP:SWAP OFF;:COMP:TOL:NOM 0;:DISP:ENAB ON;:DISP:LINE """";:DISP:WIND:TEXT1:DATA:FMSD:DATA 1e-009;:DISP:WIND:TEXT2:DATA:FMSD:DATA 1e-009;:FORM:ASC:LONG ON;:FORM:BORD NORM;:FORM:DATA ASC,64;:FREQ:CW 10000;:FUNC:DEV1:MODE OFF;:FUNC:DEV1:REF:VAL 0;:FUNC:DEV2:MODE OFF;:FUNC:DEV2:REF:VAL 0;:FUNC:IMP:TYPE LSRS;:FUNC:SMON:IDC:STAT OFF;:FUNC:SMON:VDC:STAT OFF;:INIT:CONT OFF;:LIST:MODE SEQ;:LIST:STIM:TYPE FREQ,NONE;:SOUR:DCS:VOLT:LEV 0;:TRIG:DEL 0;:TRIG:SOUR INT;:TRIG:TDEL 0;:VOLT:LEV 1;:DISP:WIND:TEXT1:DATA:FMSD:STAT OFF;:DISP:WIND:TEXT2:DATA:FMSD:STAT OFF;:FUNC:DCR:RANG:VAL 100;:FUNC:IMP:RANG:VAL 3000;:OUTP:DC:ISOL:LEV:VAL 0.002;:OUTP:DC:ISOL:STAT OFF;:FUNC:DCR:RANG:AUTO ON;:FUNC:IMP:RANG:AUTO ON;:OUTP:DC:ISOL:LEV:AUTO ON;:DISP:PAGE MEASurement;
"
15000.0,0.1041367753,99.44251549,0.000101852,0.999701
15000.0,0.1041363304,99.57985902,0.000101854,0.999706
15000.0,0.1041363525,99.53827166,0.000101853,0.999698
15000.0,0.1041370393,99.65833172,0.000101854,0.999705
15000.0,0.1041368319,99.57179991,0.000101854,0.999711
15000.0,0.104136604,99.68748084,0.000101855,0.999728
15000.0,0.1041367815,99.3728167,0.000101853,0.999724
15000.0,0.1041362109,99.57127762,0.000101855,0.999714
15000.0,0.1041371794,99.51942933,0.000101853,0.99972
15000.0,0.1041367976,99.5391038,0.000101854,0.999712
15000.0,0.1041371191,99.54875419,0.000101854,0.999708
15000.0,0.1041367763,99.45715057,0.000101854,0.999706
15000.0,0.1041367686,99.42497329,0.000101855,0.999724
15000.0,0.1041364621,99.57016278,0.000101855,0.999714
15000.0,0.1041371379,99.56827185,0.000101854,0.999711
15000.0,0.1041365595,99.56636409,0.000101853,0.999714
Freq,15000,Rs,99.53853517875001,0.0815488893871024,Ls,0.10413673289375,2.974259940857981e-07
":SOUR:DCS:STAT OFF;:BIAS:STAT OFF;:COMP:BIN:COUN:CLE;:LIST:CLE:ALL;:COMP:BIN:CLE;:AMPL:ALC OFF;:APER LONG,1;:BIAS:POL:AUTO OFF;:BIAS:RANG:AUTO ON;:BIAS:VOLT:LEV 0;:COMP:ABIN OFF;:COMP:BIN:COUN:STAT OFF;:COMP:MODE PTOL;:COMP:SLIM -9.9e+037,9.9e+037;:COMP:STAT OFF;:COMP:SWAP OFF;:COMP:TOL:NOM 0;:DISP:ENAB ON;:DISP:LINE """";:DISP:WIND:TEXT1:DATA:FMSD:DATA 1e-009;:DISP:WIND:TEXT2:DATA:FMSD:DATA 1e-009;:FORM:ASC:LONG ON;:FORM:BORD NORM;:FORM:DATA ASC,64;:FREQ:CW 15000;:FUNC:DEV1:MODE OFF;:FUNC:DEV1:REF:VAL 0;:FUNC:DEV2:MODE OFF;:FUNC:DEV2:REF:VAL 0;:FUNC:IMP:TYPE LSRS;:FUNC:SMON:IDC:STAT OFF;:FUNC:SMON:VDC:STAT OFF;:INIT:CONT OFF;:LIST:MODE SEQ;:LIST:STIM:TYPE FREQ,NONE;:SOUR:DCS:VOLT:LEV 0;:TRIG:DEL 0;:TRIG:SOUR INT;:TRIG:TDEL 0;:VOLT:LEV 1;:DISP:WIND:TEXT1:DATA:FMSD:STAT OFF;:DISP:WIND:TEXT2:DATA:FMSD:STAT OFF;:FUNC:DCR:RANG:VAL 100;:FUNC:IMP:RANG:VAL 3000;:OUTP:DC:ISOL:LEV:VAL 0.002;:OUTP:DC:ISOL:STAT OFF;:FUNC:DCR:RANG:AUTO ON;:FUNC:IMP:RANG:AUTO ON;:OUTP:DC:ISOL:LEV:AUTO ON;:DISP:PAGE MEASurement;
"
20000.0,0.1076179367,117.4921207,7.40242e-05,1.00111
20000.0,0.1076179178,117.4703366,7.40248e-05,1.00112
20000.0,0.1076175082,117.4388793,7.40254e-05,1.00113
20000.0,0.1076174375,117.5253855,7.4025e-05,1.00113
20000.0,0.1076177912,117.4517568,7.40263e-05,1.00114
20000.0,0.1076177542,117.4914023,7.40261e-05,1.00114
20000.0,0.1076176122,117.5075026,7.40256e-05,1.00112
20000.0,0.1076178839,117.5630023,7.40253e-05,1.00112
20000.0,0.1076177363,117.4877768,7.40231e-05,1.00112
20000.0,0.1076178031,117.4461116,7.40258e-05,1.00113
20000.0,0.1076176709,117.5255443,7.40251e-05,1.00113
20000.0,0.1076172851,117.5261667,7.40248e-05,1.00113
20000.0,0.1076173003,117.5144376,7.40253e-05,1.00112
20000.0,0.1076178371,117.4775548,7.40259e-05,1.00113
20000.0,0.1076170259,117.5069082,7.40256e-05,1.00114
20000.0,0.1076178171,117.4481768,7.4026e-05,1.00114
Freq,20000,Rs,117.49206643125,0.03519297083893801,Ls,0.10761764484375,2.6392938441762753e-07
":SOUR:DCS:STAT OFF;:BIAS:STAT OFF;:COMP:BIN:COUN:CLE;:LIST:CLE:ALL;:COMP:BIN:CLE;:AMPL:ALC OFF;:APER LONG,1;:BIAS:POL:AUTO OFF;:BIAS:RANG:AUTO ON;:BIAS:VOLT:LEV 0;:COMP:ABIN OFF;:COMP:BIN:COUN:STAT OFF;:COMP:MODE PTOL;:COMP:SLIM -9.9e+037,9.9e+037;:COMP:STAT OFF;:COMP:SWAP OFF;:COMP:TOL:NOM 0;:DISP:ENAB ON;:DISP:LINE """";:DISP:WIND:TEXT1:DATA:FMSD:DATA 1e-009;:DISP:WIND:TEXT2:DATA:FMSD:DATA 1e-009;:FORM:ASC:LONG ON;:FORM:BORD NORM;:FORM:DATA ASC,64;:FREQ:CW 20000;:FUNC:DEV1:MODE OFF;:FUNC:DEV1:REF:VAL 0;:FUNC:DEV2:MODE OFF;:FUNC:DEV2:REF:VAL 0;:FUNC:IMP:TYPE LSRS;:FUNC:SMON:IDC:STAT OFF;:FUNC:SMON:VDC:STAT OFF;:INIT:CONT OFF;:LIST:MODE SEQ;:LIST:STIM:TYPE FREQ,NONE;:SOUR:DCS:VOLT:LEV 0;:TRIG:DEL 0;:TRIG:SOUR INT;:TRIG:TDEL 0;:VOLT:LEV 1;:DISP:WIND:TEXT1:DATA:FMSD:STAT OFF;:DISP:WIND:TEXT2:DATA:FMSD:STAT OFF;:FUNC:DCR:RANG:VAL 100;:FUNC:IMP:RANG:VAL 10000;:OUTP:DC:ISOL:LEV:VAL 0.0002;:OUTP:DC:ISOL:STAT OFF;:FUNC:DCR:RANG:AUTO ON;:FUNC:IMP:RANG:AUTO ON;:OUTP:DC:ISOL:LEV:AUTO ON;:DISP:PAGE MEASurement;
"
30000.0,0.1189454169,196.8096501,4.46085e-05,1.00018
30000.0,0.1189452265,196.7823479,4.46088e-05,1.00019
30000.0,0.1189450474,196.7832664,4.46088e-05,1.00018
30000.0,0.1189432158,197.024565,4.46086e-05,1.00018
30000.0,0.1189442142,196.7872465,4.46082e-05,1.00017
30000.0,0.118943463,196.8381664,4.46087e-05,1.0002
30000.0,0.1189441031,197.1864469,4.46082e-05,1.00018
30000.0,0.1189453922,196.8303492,4.46083e-05,1.00019
30000.0,0.1189452401,196.7874599,4.46084e-05,1.00017
30000.0,0.1189444417,197.3109014,4.46084e-05,1.00019
30000.0,0.1189427646,197.2407007,4.46082e-05,1.0002
30000.0,0.118945439,197.151849,4.4609e-05,1.0002
30000.0,0.1189442892,196.8058951,4.46091e-05,1.00019
30000.0,0.118943585,196.6757802,4.46085e-05,1.00019
30000.0,0.1189452559,196.7838916,4.46084e-05,1.00018
30000.0,0.1189416999,197.2985022,4.46091e-05,1.00019
Freq,30000,Rs,196.94356365624998,0.21857858402549626,Ls,0.11894429965625,1.11126987359432e-06
":SOUR:DCS:STAT OFF;:BIAS:STAT OFF;:COMP:BIN:COUN:CLE;:LIST:CLE:ALL;:COMP:BIN:CLE;:AMPL:ALC OFF;:APER LONG,1;:BIAS:POL:AUTO OFF;:BIAS:RANG:AUTO ON;:BIAS:VOLT:LEV 0;:COMP:ABIN OFF;:COMP:BIN:COUN:STAT OFF;:COMP:MODE PTOL;:COMP:SLIM -9.9e+037,9.9e+037;:COMP:STAT OFF;:COMP:SWAP OFF;:COMP:TOL:NOM 0;:DISP:ENAB ON;:DISP:LINE """";:DISP:WIND:TEXT1:DATA:FMSD:DATA 1e-009;:DISP:WIND:TEXT2:DATA:FMSD:DATA 1e-009;:FORM:ASC:LONG ON;:FORM:BORD NORM;:FORM:DATA ASC,64;:FREQ:CW 30000;:FUNC:DEV1:MODE OFF;:FUNC:DEV1:REF:VAL 0;:FUNC:DEV2:MODE OFF;:FUNC:DEV2:REF:VAL 0;:FUNC:IMP:TYPE LSRS;:FUNC:SMON:IDC:STAT OFF;:FUNC:SMON:VDC:STAT OFF;:INIT:CONT OFF;:LIST:MODE SEQ;:LIST:STIM:TYPE FREQ,NONE;:SOUR:DCS:VOLT:LEV 0;:TRIG:DEL 0;:TRIG:SOUR INT;:TRIG:TDEL 0;:VOLT:LEV 1;:DISP:WIND:TEXT1:DATA:FMSD:STAT OFF;:DISP:WIND:TEXT2:DATA:FMSD:STAT OFF;:FUNC:DCR:RANG:VAL 100;:FUNC:IMP:RANG:VAL 10000;:OUTP:DC:ISOL:LEV:VAL 0.0002;:OUTP:DC:ISOL:STAT OFF;:FUNC:DCR:RANG:AUTO ON;:FUNC:IMP:RANG:AUTO ON;:OUTP:DC:ISOL:LEV:AUTO ON;:DISP:PAGE MEASurement;
"
":SOUR:DCS:STAT OFF;:BIAS:STAT OFF;:COMP:BIN:COUN:CLE;:LIST:CLE:ALL;:COMP:BIN:CLE;:AMPL:ALC OFF;:APER LONG,1;:BIAS:POL:AUTO OFF;:BIAS:RANG:AUTO ON;:BIAS:VOLT:LEV 0;:COMP:ABIN OFF;:COMP:BIN:COUN:STAT OFF;:COMP:MODE PTOL;:COMP:SLIM -9.9e+037,9.9e+037;:COMP:STAT OFF;:COMP:SWAP OFF;:COMP:TOL:NOM 0;:DISP:ENAB ON;:DISP:LINE """";:DISP:WIND:TEXT1:DATA:FMSD:DATA 1e-009;:DISP:WIND:TEXT2:DATA:FMSD:DATA 1e-009;:FORM:ASC:LONG ON;:FORM:BORD NORM;:FORM:DATA ASC,64;:FREQ:CW 30000;:FUNC:DEV1:MODE OFF;:FUNC:DEV1:REF:VAL 0;:FUNC:DEV2:MODE OFF;:FUNC:DEV2:REF:VAL 0;:FUNC:IMP:TYPE LSRS;:FUNC:SMON:IDC:STAT OFF;:FUNC:SMON:VDC:STAT OFF;:INIT:CONT OFF;:LIST:MODE SEQ;:LIST:STIM:TYPE FREQ,NONE;:SOUR:DCS:VOLT:LEV 0;:TRIG:DEL 0;:TRIG:SOUR INT;:TRIG:TDEL 0;:VOLT:LEV 1;:DISP:WIND:TEXT1:DATA:FMSD:STAT OFF;:DISP:WIND:TEXT2:DATA:FMSD:STAT OFF;:FUNC:DCR:RANG:VAL 100;:FUNC:IMP:RANG:VAL 10000;:OUTP:DC:ISOL:LEV:VAL 0.0002;:OUTP:DC:ISOL:STAT OFF;:FUNC:DCR:RANG:AUTO ON;:FUNC:IMP:RANG:AUTO ON;:OUTP:DC:ISOL:LEV:AUTO ON;:DISP:PAGE MEASurement;
"
2024-04-19,14:19:22
---------run finished---------
lcr name:,KeySight E4980A
Name and description of Resistor under test: ,"42091A short, with zero corrections off"
2024-04-19,16:34:34
select the freq range,"[20, 30, 40, 50, 70, 100, 200, 300, 500, 800, 1000, 1200, 1591.549, 1800, 2000, 3000, 4000, 5000, 8000, 10000, 15000, 20000, 30000]"
20.0,7.909071371e-08,-4.339527323e-06,0.00999649,1.8169e-07
20.0,9.28295597e-08,1.550694586e-05,0.0099963,1.54281e-07
20.0,1.566501983e-07,-3.313143029e-05,0.00999642,2.39906e-07
20.0,5.450240788e-08,-2.574103363e-05,0.00999645,4.29453e-07
20.0,4.006551032e-07,-4.365286e-05,0.00999645,4.57716e-07
20.0,2.102124397e-07,-1.926278186e-05,0.0099964,6.3581e-07
20.0,5.620949947e-08,2.958342397e-05,0.00999639,3.18674e-07
20.0,1.298958024e-07,1.224670231e-05,0.00999644,3.63566e-07
20.0,-1.719290658e-07,-2.696973237e-06,0.00999638,3.67294e-07
20.0,3.230511781e-07,-5.042906468e-05,0.0099963,3.10438e-07
20.0,-1.13581013e-08,-5.535409043e-05,0.00999631,1.97166e-07
20.0,-4.679520095e-08,-5.334844561e-05,0.00999626,2.55806e-07
20.0,3.424540562e-07,-7.174689179e-06,0.00999632,7.20845e-07
20.0,6.471614987e-08,-3.447583044e-05,0.00999615,4.06796e-07
20.0,7.473282113e-08,-3.033120991e-06,0.00999624,3.84662e-07
20.0,1.962660872e-07,-3.004963619e-05,0.00999635,3.61475e-07
Freq,20,Rs,-1.90845257325e-05,2.5957152834473856e-05,Ls,1.21948978050625e-07,1.485468767657747e-07
":SOUR:DCS:STAT OFF;:BIAS:STAT OFF;:COMP:BIN:COUN:CLE;:LIST:CLE:ALL;:COMP:BIN:CLE;:AMPL:ALC OFF;:APER LONG,1;:BIAS:POL:AUTO OFF;:BIAS:RANG:AUTO ON;:BIAS:VOLT:LEV 0;:COMP:ABIN OFF;:COMP:BIN:COUN:STAT OFF;:COMP:MODE PTOL;:COMP:SLIM -9.9e+037,9.9e+037;:COMP:STAT OFF;:COMP:SWAP OFF;:COMP:TOL:NOM 0;:DISP:ENAB ON;:DISP:LINE """";:DISP:WIND:TEXT1:DATA:FMSD:DATA 1e-009;:DISP:WIND:TEXT2:DATA:FMSD:DATA 1e-009;:FORM:ASC:LONG ON;:FORM:BORD NORM;:FORM:DATA ASC,64;:FREQ:CW 20;:FUNC:DEV1:MODE OFF;:FUNC:DEV1:REF:VAL 0;:FUNC:DEV2:MODE OFF;:FUNC:DEV2:REF:VAL 0;:FUNC:IMP:TYPE LSRS;:FUNC:SMON:IDC:STAT OFF;:FUNC:SMON:VDC:STAT OFF;:INIT:CONT OFF;:LIST:MODE SEQ;:LIST:STIM:TYPE FREQ,NONE;:SOUR:DCS:VOLT:LEV 0;:TRIG:DEL 0;:TRIG:SOUR INT;:TRIG:TDEL 0;:VOLT:LEV 1;:DISP:WIND:TEXT1:DATA:FMSD:STAT OFF;:DISP:WIND:TEXT2:DATA:FMSD:STAT OFF;:FUNC:DCR:RANG:VAL 100;:FUNC:IMP:RANG:VAL 1;:OUTP:DC:ISOL:LEV:VAL 0.02;:OUTP:DC:ISOL:STAT OFF;:FUNC:DCR:RANG:AUTO ON;:FUNC:IMP:RANG:AUTO ON;:OUTP:DC:ISOL:LEV:AUTO ON;:DISP:PAGE MEASurement;
"
30.0,-2.708779379e-08,1.057933402e-05,0.0100005,1.99007e-07
30.0,2.444091079e-08,1.242021186e-05,0.0100005,2.81823e-07
30.0,4.506937935e-08,3.285191266e-05,0.0100004,1.6896e-07
30.0,8.19102088e-08,2.789534285e-05,0.0100006,2.00589e-07
30.0,-6.756946639e-08,3.338833292e-05,0.0100004,1.78923e-07
30.0,-7.48728434e-08,1.913803804e-05,0.0100005,3.30356e-07
30.0,-6.982350285e-08,3.817480211e-05,0.0100004,2.6952e-07
30.0,9.927604345e-08,-7.955657437e-06,0.0100005,3.80989e-07
30.0,7.212838493e-08,3.923974743e-05,0.0100003,3.25922e-07
30.0,1.110751864e-07,-4.001305896e-06,0.0100004,3.00654e-07
30.0,1.833598511e-07,1.334103282e-05,0.0100003,1.32278e-07
30.0,1.75154107e-07,1.238849129e-05,0.0100003,7.61524e-08
30.0,3.866210779e-08,-1.105945657e-06,0.0100005,1.58458e-07
30.0,1.270144021e-07,-7.179312057e-06,0.0100003,2.82885e-07
30.0,1.171210695e-08,4.127466162e-05,0.0100005,2.49033e-07
30.0,2.293567744e-07,-9.675940641e-06,0.0100004,2.12483e-07
Freq,30,Rs,1.567335912075e-05,1.813280975573859e-05,Ls,5.9987866039375e-08,9.2953995824133e-08
":SOUR:DCS:STAT OFF;:BIAS:STAT OFF;:COMP:BIN:COUN:CLE;:LIST:CLE:ALL;:COMP:BIN:CLE;:AMPL:ALC OFF;:APER LONG,1;:BIAS:POL:AUTO OFF;:BIAS:RANG:AUTO ON;:BIAS:VOLT:LEV 0;:COMP:ABIN OFF;:COMP:BIN:COUN:STAT OFF;:COMP:MODE PTOL;:COMP:SLIM -9.9e+037,9.9e+037;:COMP:STAT OFF;:COMP:SWAP OFF;:COMP:TOL:NOM 0;:DISP:ENAB ON;:DISP:LINE """";:DISP:WIND:TEXT1:DATA:FMSD:DATA 1e-009;:DISP:WIND:TEXT2:DATA:FMSD:DATA 1e-009;:FORM:ASC:LONG ON;:FORM:BORD NORM;:FORM:DATA ASC,64;:FREQ:CW 30;:FUNC:DEV1:MODE OFF;:FUNC:DEV1:REF:VAL 0;:FUNC:DEV2:MODE OFF;:FUNC:DEV2:REF:VAL 0;:FUNC:IMP:TYPE LSRS;:FUNC:SMON:IDC:STAT OFF;:FUNC:SMON:VDC:STAT OFF;:INIT:CONT OFF;:LIST:MODE SEQ;:LIST:STIM:TYPE FREQ,NONE;:SOUR:DCS:VOLT:LEV 0;:TRIG:DEL 0;:TRIG:SOUR INT;:TRIG:TDEL 0;:VOLT:LEV 1;:DISP:WIND:TEXT1:DATA:FMSD:STAT OFF;:DISP:WIND:TEXT2:DATA:FMSD:STAT OFF;:FUNC:DCR:RANG:VAL 100;:FUNC:IMP:RANG:VAL 1;:OUTP:DC:ISOL:LEV:VAL 0.02;:OUTP:DC:ISOL:STAT OFF;:FUNC:DCR:RANG:AUTO ON;:FUNC:IMP:RANG:AUTO ON;:OUTP:DC:ISOL:LEV:AUTO ON;:DISP:PAGE MEASurement;
"
40.0,9.999726588e-08,1.248674635e-06,0.00999953,4.30213e-07
40.0,1.303160772e-07,2.332923242e-05,0.00999954,3.99076e-07
40.0,-1.199325035e-08,2.603455773e-05,0.00999954,1.85418e-07
40.0,8.132509484e-08,-4.01070237e-06,0.00999958,2.40337e-07
40.0,8.593813889e-08,6.083520344e-07,0.00999952,1.8088e-07
40.0,9.139630647e-08,1.463150293e-06,0.00999966,2.16662e-07
40.0,2.298223587e-10,-1.650543365e-05,0.0099996,1.61793e-07
40.0,7.092651661e-08,-7.170070075e-06,0.00999956,1.33461e-07
40.0,1.775282957e-08,-2.36346499e-05,0.00999968,2.51839e-07
40.0,1.490927117e-07,-1.998474457e-05,0.00999948,2.85325e-07
40.0,1.390847967e-08,-3.009659037e-05,0.00999974,2.85158e-07
40.0,1.750319363e-07,-1.57840705e-05,0.00999952,4.08586e-07
40.0,1.994935984e-07,-8.807233313e-06,0.00999966,2.20789e-07
40.0,1.209119867e-07,-5.35596053e-06,0.00999967,2.7694e-07
40.0,4.09968267e-08,-1.115578849e-07,0.00999955,6.38944e-07
40.0,1.276613501e-07,-2.319004536e-05,0.00999959,3.90898e-07
Freq,40,Rs,-6.37294321315625e-06,1.564861764219028e-05,Ls,8.706160568991875e-08,6.271737241500658e-08
":SOUR:DCS:STAT OFF;:BIAS:STAT OFF;:COMP:BIN:COUN:CLE;:LIST:CLE:ALL;:COMP:BIN:CLE;:AMPL:ALC OFF;:APER LONG,1;:BIAS:POL:AUTO OFF;:BIAS:RANG:AUTO ON;:BIAS:VOLT:LEV 0;:COMP:ABIN OFF;:COMP:BIN:COUN:STAT OFF;:COMP:MODE PTOL;:COMP:SLIM -9.9e+037,9.9e+037;:COMP:STAT OFF;:COMP:SWAP OFF;:COMP:TOL:NOM 0;:DISP:ENAB ON;:DISP:LINE """";:DISP:WIND:TEXT1:DATA:FMSD:DATA 1e-009;:DISP:WIND:TEXT2:DATA:FMSD:DATA 1e-009;:FORM:ASC:LONG ON;:FORM:BORD NORM;:FORM:DATA ASC,64;:FREQ:CW 40;:FUNC:DEV1:MODE OFF;:FUNC:DEV1:REF:VAL 0;:FUNC:DEV2:MODE OFF;:FUNC:DEV2:REF:VAL 0;:FUNC:IMP:TYPE LSRS;:FUNC:SMON:IDC:STAT OFF;:FUNC:SMON:VDC:STAT OFF;:INIT:CONT OFF;:LIST:MODE SEQ;:LIST:STIM:TYPE FREQ,NONE;:SOUR:DCS:VOLT:LEV 0;:TRIG:DEL 0;:TRIG:SOUR INT;:TRIG:TDEL 0;:VOLT:LEV 1;:DISP:WIND:TEXT1:DATA:FMSD:STAT OFF;:DISP:WIND:TEXT2:DATA:FMSD:STAT OFF;:FUNC:DCR:RANG:VAL 100;:FUNC:IMP:RANG:VAL 1;:OUTP:DC:ISOL:LEV:VAL 0.02;:OUTP:DC:ISOL:STAT OFF;:FUNC:DCR:RANG:AUTO ON;:FUNC:IMP:RANG:AUTO ON;:OUTP:DC:ISOL:LEV:AUTO ON;:DISP:PAGE MEASurement;
"
50.0,-1.197139683e-07,2.754218086e-05,0.0100309,3.52387e-07
50.0,-5.302679005e-08,2.137572195e-05,0.0100309,4.74098e-07
50.0,-1.381434399e-07,9.562914569e-06,0.0100308,3.09192e-07
50.0,-1.278790983e-07,1.526857616e-05,0.0100309,3.67357e-07
50.0,-7.894222671e-08,6.916215714e-06,0.0100309,3.86205e-07
50.0,-1.032072587e-07,7.215055987e-06,0.0100308,4.51047e-07
50.0,-1.440885947e-07,-1.623632321e-05,0.010031,4.7365e-07
50.0,-5.73270518e-08,-3.687677717e-05,0.0100309,4.15502e-07
50.0,8.618703054e-08,-2.021064531e-05,0.010031,1.60091e-07
50.0,-1.311922548e-08,-1.047852335e-05,0.0100309,2.0207e-07
50.0,7.528446506e-08,-1.029528779e-05,0.0100309,9.8569e-08
50.0,-1.725743459e-08,-5.716373156e-06,0.0100309,2.24134e-07
50.0,3.53415849e-08,3.241747008e-05,0.0100309,2.58511e-07
50.0,-6.682982359e-08,1.128099154e-05,0.0100311,2.87956e-07
50.0,-5.44203666e-08,2.751549891e-05,0.010031,3.34532e-07
50.0,-9.874924515e-08,1.230954879e-05,0.0100309,1.09356e-07
Freq,50,Rs,4.474390285875e-06,1.9471133417494602e-05,Ls,-5.4743215210625e-08,7.190572195655637e-08
":SOUR:DCS:STAT OFF;:BIAS:STAT OFF;:COMP:BIN:COUN:CLE;:LIST:CLE:ALL;:COMP:BIN:CLE;:AMPL:ALC OFF;:APER LONG,1;:BIAS:POL:AUTO OFF;:BIAS:RANG:AUTO ON;:BIAS:VOLT:LEV 0;:COMP:ABIN OFF;:COMP:BIN:COUN:STAT OFF;:COMP:MODE PTOL;:COMP:SLIM -9.9e+037,9.9e+037;:COMP:STAT OFF;:COMP:SWAP OFF;:COMP:TOL:NOM 0;:DISP:ENAB ON;:DISP:LINE """";:DISP:WIND:TEXT1:DATA:FMSD:DATA 1e-009;:DISP:WIND:TEXT2:DATA:FMSD:DATA 1e-009;:FORM:ASC:LONG ON;:FORM:BORD NORM;:FORM:DATA ASC,64;:FREQ:CW 50;:FUNC:DEV1:MODE OFF;:FUNC:DEV1:REF:VAL 0;:FUNC:DEV2:MODE OFF;:FUNC:DEV2:REF:VAL 0;:FUNC:IMP:TYPE LSRS;:FUNC:SMON:IDC:STAT OFF;:FUNC:SMON:VDC:STAT OFF;:INIT:CONT OFF;:LIST:MODE SEQ;:LIST:STIM:TYPE FREQ,NONE;:SOUR:DCS:VOLT:LEV 0;:TRIG:DEL 0;:TRIG:SOUR INT;:TRIG:TDEL 0;:VOLT:LEV 1;:DISP:WIND:TEXT1:DATA:FMSD:STAT OFF;:DISP:WIND:TEXT2:DATA:FMSD:STAT OFF;:FUNC:DCR:RANG:VAL 100;:FUNC:IMP:RANG:VAL 1;:OUTP:DC:ISOL:LEV:VAL 0.02;:OUTP:DC:ISOL:STAT OFF;:FUNC:DCR:RANG:AUTO ON;:FUNC:IMP:RANG:AUTO ON;:OUTP:DC:ISOL:LEV:AUTO ON;:DISP:PAGE MEASurement;
"
70.0,-3.171774454e-08,-1.244971067e-05,0.0100283,2.14194e-07
70.0,2.224069441e-09,-3.59223865e-06,0.0100283,3.56285e-07
70.0,-3.172950706e-08,-8.785115517e-06,0.0100283,9.64947e-08
70.0,-5.458897405e-08,-6.623566021e-06,0.0100283,3.03901e-07
70.0,-1.443562009e-08,-2.401884624e-05,0.0100282,2.87063e-07
70.0,3.244231773e-08,-2.801972517e-05,0.0100282,1.22228e-07
70.0,-4.927746031e-08,-2.546807608e-05,0.0100284,2.8846e-07
70.0,-5.594328692e-09,-2.704583985e-05,0.0100283,2.83415e-07
70.0,-8.236822647e-09,-8.590491838e-06,0.0100284,1.36581e-07
70.0,-1.398726886e-08,-2.153793649e-05,0.0100284,1.80956e-07
70.0,3.179238712e-09,-2.54148634e-05,0.0100283,3.68864e-07
70.0,-1.584137396e-08,-2.175580062e-05,0.0100283,2.81948e-07
70.0,3.8495583e-08,-1.475148861e-06,0.0100283,1.14697e-07
70.0,4.323047796e-09,-2.29947455e-05,0.0100284,2.205e-07
70.0,1.497769615e-08,-2.911147575e-07,0.0100283,5.3155e-07
70.0,-3.881040516e-09,-1.825897969e-05,0.0100283,2.6163e-07
Freq,70,Rs,-1.602013745965625e-05,9.818559589795813e-06,Ls,-8.3530117435e-09,2.5646713210209175e-08
":SOUR:DCS:STAT OFF;:BIAS:STAT OFF;:COMP:BIN:COUN:CLE;:LIST:CLE:ALL;:COMP:BIN:CLE;:AMPL:ALC OFF;:APER LONG,1;:BIAS:POL:AUTO OFF;:BIAS:RANG:AUTO ON;:BIAS:VOLT:LEV 0;:COMP:ABIN OFF;:COMP:BIN:COUN:STAT OFF;:COMP:MODE PTOL;:COMP:SLIM -9.9e+037,9.9e+037;:COMP:STAT OFF;:COMP:SWAP OFF;:COMP:TOL:NOM 0;:DISP:ENAB ON;:DISP:LINE """";:DISP:WIND:TEXT1:DATA:FMSD:DATA 1e-009;:DISP:WIND:TEXT2:DATA:FMSD:DATA 1e-009;:FORM:ASC:LONG ON;:FORM:BORD NORM;:FORM:DATA ASC,64;:FREQ:CW 70;:FUNC:DEV1:MODE OFF;:FUNC:DEV1:REF:VAL 0;:FUNC:DEV2:MODE OFF;:FUNC:DEV2:REF:VAL 0;:FUNC:IMP:TYPE LSRS;:FUNC:SMON:IDC:STAT OFF;:FUNC:SMON:VDC:STAT OFF;:INIT:CONT OFF;:LIST:MODE SEQ;:LIST:STIM:TYPE FREQ,NONE;:SOUR:DCS:VOLT:LEV 0;:TRIG:DEL 0;:TRIG:SOUR INT;:TRIG:TDEL 0;:VOLT:LEV 1;:DISP:WIND:TEXT1:DATA:FMSD:STAT OFF;:DISP:WIND:TEXT2:DATA:FMSD:STAT OFF;:FUNC:DCR:RANG:VAL 100;:FUNC:IMP:RANG:VAL 1;:OUTP:DC:ISOL:LEV:VAL 0.02;:OUTP:DC:ISOL:STAT OFF;:FUNC:DCR:RANG:AUTO ON;:FUNC:IMP:RANG:AUTO ON;:OUTP:DC:ISOL:LEV:AUTO ON;:DISP:PAGE MEASurement;
"
100.0,-2.693358262e-08,-3.072299652e-05,0.0100218,2.66981e-07
100.0,6.238590898e-09,-9.330294289e-06,0.0100219,3.64897e-07
100.0,-1.52362342e-09,-3.328462932e-05,0.0100218,1.96664e-07
100.0,-3.486733132e-08,-3.89634556e-05,0.0100218,7.70318e-08
100.0,-7.70063006e-09,-2.128611155e-05,0.0100219,3.55016e-07
100.0,4.833231701e-09,-6.848865122e-06,0.0100218,3.17299e-07
100.0,-3.161113506e-10,-2.374455947e-05,0.0100219,1.9255e-07
100.0,-1.005155307e-08,-4.420376635e-05,0.0100218,1.66201e-07
100.0,-4.383119841e-08,-2.677097392e-05,0.0100218,2.89675e-07
100.0,-2.259728707e-08,-1.659491731e-05,0.0100218,3.35836e-07
100.0,1.318279881e-08,-1.841524984e-06,0.0100217,1.98497e-07
100.0,-2.511173912e-08,-1.024518844e-05,0.0100218,3.15245e-08
100.0,1.745444332e-08,-3.244402853e-05,0.0100217,2.73333e-07
100.0,2.422133734e-08,-9.76440697e-06,0.0100218,1.04592e-07
100.0,-5.560823763e-09,-4.59678337e-05,0.0100217,2.74959e-07
100.0,1.498426482e-08,-2.404146443e-05,0.0100217,2.6137e-07
Freq,100,Rs,-2.35034385315625e-05,1.3602927941433118e-05,Ls,-6.098700832162499e-09,1.9923279263629395e-08
":SOUR:DCS:STAT OFF;:BIAS:STAT OFF;:COMP:BIN:COUN:CLE;:LIST:CLE:ALL;:COMP:BIN:CLE;:AMPL:ALC OFF;:APER LONG,1;:BIAS:POL:AUTO OFF;:BIAS:RANG:AUTO ON;:BIAS:VOLT:LEV 0;:COMP:ABIN OFF;:COMP:BIN:COUN:STAT OFF;:COMP:MODE PTOL;:COMP:SLIM -9.9e+037,9.9e+037;:COMP:STAT OFF;:COMP:SWAP OFF;:COMP:TOL:NOM 0;:DISP:ENAB ON;:DISP:LINE """";:DISP:WIND:TEXT1:DATA:FMSD:DATA 1e-009;:DISP:WIND:TEXT2:DATA:FMSD:DATA 1e-009;:FORM:ASC:LONG ON;:FORM:BORD NORM;:FORM:DATA ASC,64;:FREQ:CW 100;:FUNC:DEV1:MODE OFF;:FUNC:DEV1:REF:VAL 0;:FUNC:DEV2:MODE OFF;:FUNC:DEV2:REF:VAL 0;:FUNC:IMP:TYPE LSRS;:FUNC:SMON:IDC:STAT OFF;:FUNC:SMON:VDC:STAT OFF;:INIT:CONT OFF;:LIST:MODE SEQ;:LIST:STIM:TYPE FREQ,NONE;:SOUR:DCS:VOLT:LEV 0;:TRIG:DEL 0;:TRIG:SOUR INT;:TRIG:TDEL 0;:VOLT:LEV 1;:DISP:WIND:TEXT1:DATA:FMSD:STAT OFF;:DISP:WIND:TEXT2:DATA:FMSD:STAT OFF;:FUNC:DCR:RANG:VAL 100;:FUNC:IMP:RANG:VAL 1;:OUTP:DC:ISOL:LEV:VAL 0.02;:OUTP:DC:ISOL:STAT OFF;:FUNC:DCR:RANG:AUTO ON;:FUNC:IMP:RANG:AUTO ON;:OUTP:DC:ISOL:LEV:AUTO ON;:DISP:PAGE MEASurement;
"
200.0,-2.504163414e-09,-2.485625745e-05,0.0100166,2.15081e-07
200.0,-3.385498426e-09,-2.977831294e-06,0.0100165,4.00561e-09
200.0,-1.497597794e-08,1.261777343e-05,0.0100165,2.83772e-07
200.0,-1.642913389e-08,-9.335908718e-06,0.0100165,3.66747e-07
200.0,-1.592268131e-08,-2.058562664e-05,0.0100165,1.90842e-07
200.0,5.364234724e-10,-5.926785426e-06,0.0100165,2.17964e-07
200.0,-3.72642833e-10,-1.45519427e-05,0.0100165,3.0625e-07
200.0,-1.961252229e-08,-6.266138866e-06,0.0100166,2.67033e-07
200.0,-1.309558228e-08,-9.547053903e-06,0.0100166,1.9618e-07
200.0,-1.011224957e-08,-3.569072338e-05,0.0100164,2.00748e-07
200.0,-2.20516074e-08,-1.657201458e-05,0.0100166,2.24898e-07
200.0,1.436939258e-09,-3.570054975e-05,0.0100167,1.7077e-07
200.0,-1.454544379e-08,-3.246537137e-05,0.0100167,1.68642e-07
200.0,-1.097800821e-08,-1.998241286e-05,0.0100165,3.45735e-07
200.0,7.182379361e-10,-1.199579733e-05,0.0100166,2.19826e-07
200.0,-1.430748644e-08,-1.261624802e-05,0.0100165,3.29148e-07
Freq,200,Rs,-1.54033055535625e-05,1.2799214885049847e-05,Ls,-9.72508732040625e-09,7.902310725945496e-09
":SOUR:DCS:STAT OFF;:BIAS:STAT OFF;:COMP:BIN:COUN:CLE;:LIST:CLE:ALL;:COMP:BIN:CLE;:AMPL:ALC OFF;:APER LONG,1;:BIAS:POL:AUTO OFF;:BIAS:RANG:AUTO ON;:BIAS:VOLT:LEV 0;:COMP:ABIN OFF;:COMP:BIN:COUN:STAT OFF;:COMP:MODE PTOL;:COMP:SLIM -9.9e+037,9.9e+037;:COMP:STAT OFF;:COMP:SWAP OFF;:COMP:TOL:NOM 0;:DISP:ENAB ON;:DISP:LINE """";:DISP:WIND:TEXT1:DATA:FMSD:DATA 1e-009;:DISP:WIND:TEXT2:DATA:FMSD:DATA 1e-009;:FORM:ASC:LONG ON;:FORM:BORD NORM;:FORM:DATA ASC,64;:FREQ:CW 200;:FUNC:DEV1:MODE OFF;:FUNC:DEV1:REF:VAL 0;:FUNC:DEV2:MODE OFF;:FUNC:DEV2:REF:VAL 0;:FUNC:IMP:TYPE LSRS;:FUNC:SMON:IDC:STAT OFF;:FUNC:SMON:VDC:STAT OFF;:INIT:CONT OFF;:LIST:MODE SEQ;:LIST:STIM:TYPE FREQ,NONE;:SOUR:DCS:VOLT:LEV 0;:TRIG:DEL 0;:TRIG:SOUR INT;:TRIG:TDEL 0;:VOLT:LEV 1;:DISP:WIND:TEXT1:DATA:FMSD:STAT OFF;:DISP:WIND:TEXT2:DATA:FMSD:STAT OFF;:FUNC:DCR:RANG:VAL 100;:FUNC:IMP:RANG:VAL 1;:OUTP:DC:ISOL:LEV:VAL 0.02;:OUTP:DC:ISOL:STAT OFF;:FUNC:DCR:RANG:AUTO ON;:FUNC:IMP:RANG:AUTO ON;:OUTP:DC:ISOL:LEV:AUTO ON;:DISP:PAGE MEASurement;
"
300.0,-1.299487562e-09,-2.353528778e-05,0.0100161,1.32894e-07
300.0,-8.809345788e-10,-1.018817779e-05,0.0100161,1.26983e-07
300.0,-7.24208185e-09,-1.190218253e-05,0.0100162,4.05717e-08
300.0,8.483905375e-09,-1.32999295e-06,0.0100161,1.03962e-07
300.0,-1.041195837e-09,4.399143411e-06,0.0100162,2.01287e-07
300.0,-1.952795481e-09,-9.639322588e-06,0.0100161,9.047e-08
300.0,6.491718894e-09,-9.134484874e-06,0.0100162,2.23827e-07
300.0,6.477322876e-09,-6.62353059e-06,0.0100162,1.50724e-07
300.0,-2.406443935e-09,6.252619401e-06,0.0100162,2.33702e-07
300.0,-8.627120134e-10,-1.435214903e-05,0.010016,1.27407e-07
300.0,-5.10847023e-09,-2.025255078e-05,0.0100161,9.72447e-08
300.0,-3.950453495e-09,-2.519045166e-05,0.0100161,1.92312e-07
300.0,-6.966533634e-10,-2.459643268e-05,0.0100162,1.98139e-07
300.0,5.129340266e-09,-7.88038144e-06,0.010016,6.42211e-08
300.0,2.527770965e-09,2.145150191e-06,0.010016,5.2615e-08
300.0,-3.725168742e-09,-1.045031617e-05,0.0100162,4.84466e-08
Freq,300,Rs,-1.0142396741187499e-05,9.884421898789897e-06,Ls,-3.5211694750000922e-12,4.554736004281133e-09
":SOUR:DCS:STAT OFF;:BIAS:STAT OFF;:COMP:BIN:COUN:CLE;:LIST:CLE:ALL;:COMP:BIN:CLE;:AMPL:ALC OFF;:APER LONG,1;:BIAS:POL:AUTO OFF;:BIAS:RANG:AUTO ON;:BIAS:VOLT:LEV 0;:COMP:ABIN OFF;:COMP:BIN:COUN:STAT OFF;:COMP:MODE PTOL;:COMP:SLIM -9.9e+037,9.9e+037;:COMP:STAT OFF;:COMP:SWAP OFF;:COMP:TOL:NOM 0;:DISP:ENAB ON;:DISP:LINE """";:DISP:WIND:TEXT1:DATA:FMSD:DATA 1e-009;:DISP:WIND:TEXT2:DATA:FMSD:DATA 1e-009;:FORM:ASC:LONG ON;:FORM:BORD NORM;:FORM:DATA ASC,64;:FREQ:CW 300;:FUNC:DEV1:MODE OFF;:FUNC:DEV1:REF:VAL 0;:FUNC:DEV2:MODE OFF;:FUNC:DEV2:REF:VAL 0;:FUNC:IMP:TYPE LSRS;:FUNC:SMON:IDC:STAT OFF;:FUNC:SMON:VDC:STAT OFF;:INIT:CONT OFF;:LIST:MODE SEQ;:LIST:STIM:TYPE FREQ,NONE;:SOUR:DCS:VOLT:LEV 0;:TRIG:DEL 0;:TRIG:SOUR INT;:TRIG:TDEL 0;:VOLT:LEV 1;:DISP:WIND:TEXT1:DATA:FMSD:STAT OFF;:DISP:WIND:TEXT2:DATA:FMSD:STAT OFF;:FUNC:DCR:RANG:VAL 100;:FUNC:IMP:RANG:VAL 1;:OUTP:DC:ISOL:LEV:VAL 0.02;:OUTP:DC:ISOL:STAT OFF;:FUNC:DCR:RANG:AUTO ON;:FUNC:IMP:RANG:AUTO ON;:OUTP:DC:ISOL:LEV:AUTO ON;:DISP:PAGE MEASurement;
"
500.0,3.484062333e-09,-1.33067026e-05,0.0100206,5.12253e-08
500.0,1.331383552e-09,-1.918014631e-05,0.0100206,1.97339e-07
500.0,3.633324997e-09,-3.107419225e-05,0.0100207,4.99616e-08
500.0,-1.567436479e-10,-1.150849749e-05,0.0100206,3.23469e-08
500.0,-5.966780654e-10,3.980446703e-08,0.0100206,1.91356e-07
500.0,2.380159467e-09,-1.930656824e-05,0.0100205,1.23804e-07
500.0,1.483725047e-09,-1.590054578e-05,0.0100206,1.26054e-07
500.0,4.021588729e-10,-4.572390198e-07,0.0100205,9.36995e-08
500.0,-8.798586677e-10,-1.135006637e-05,0.0100206,1.87198e-07
500.0,1.40884479e-09,-1.578548474e-05,0.0100205,1.36259e-07
500.0,2.221994031e-09,-3.873173927e-06,0.0100205,7.55588e-08
500.0,9.732066724e-10,-1.34998977e-05,0.0100206,5.91381e-08
500.0,-1.519059822e-09,-4.149532201e-06,0.0100206,1.63313e-07
500.0,-1.321275951e-09,-5.893963928e-06,0.0100205,1.54459e-07
500.0,8.750917529e-10,2.862184649e-06,0.0100205,1.49227e-07
500.0,4.625758106e-10,-1.90337832e-05,0.0100205,1.00284e-07
Freq,500,Rs,-1.1338612789985625e-05,8.979388663788965e-06,Ls,8.864319482375e-10,1.5625944250672343e-09
":SOUR:DCS:STAT OFF;:BIAS:STAT OFF;:COMP:BIN:COUN:CLE;:LIST:CLE:ALL;:COMP:BIN:CLE;:AMPL:ALC OFF;:APER LONG,1;:BIAS:POL:AUTO OFF;:BIAS:RANG:AUTO ON;:BIAS:VOLT:LEV 0;:COMP:ABIN OFF;:COMP:BIN:COUN:STAT OFF;:COMP:MODE PTOL;:COMP:SLIM -9.9e+037,9.9e+037;:COMP:STAT OFF;:COMP:SWAP OFF;:COMP:TOL:NOM 0;:DISP:ENAB ON;:DISP:LINE """";:DISP:WIND:TEXT1:DATA:FMSD:DATA 1e-009;:DISP:WIND:TEXT2:DATA:FMSD:DATA 1e-009;:FORM:ASC:LONG ON;:FORM:BORD NORM;:FORM:DATA ASC,64;:FREQ:CW 500;:FUNC:DEV1:MODE OFF;:FUNC:DEV1:REF:VAL 0;:FUNC:DEV2:MODE OFF;:FUNC:DEV2:REF:VAL 0;:FUNC:IMP:TYPE LSRS;:FUNC:SMON:IDC:STAT OFF;:FUNC:SMON:VDC:STAT OFF;:INIT:CONT OFF;:LIST:MODE SEQ;:LIST:STIM:TYPE FREQ,NONE;:SOUR:DCS:VOLT:LEV 0;:TRIG:DEL 0;:TRIG:SOUR INT;:TRIG:TDEL 0;:VOLT:LEV 1;:DISP:WIND:TEXT1:DATA:FMSD:STAT OFF;:DISP:WIND:TEXT2:DATA:FMSD:STAT OFF;:FUNC:DCR:RANG:VAL 100;:FUNC:IMP:RANG:VAL 1;:OUTP:DC:ISOL:LEV:VAL 0.02;:OUTP:DC:ISOL:STAT OFF;:FUNC:DCR:RANG:AUTO ON;:FUNC:IMP:RANG:AUTO ON;:OUTP:DC:ISOL:LEV:AUTO ON;:DISP:PAGE MEASurement;
"
800.0,2.82775884e-10,-9.233933909e-06,0.0100344,1.74118e-07
800.0,4.184552828e-10,-1.04925108e-05,0.0100344,1.03663e-07
800.0,-5.306709678e-10,-1.353264148e-05,0.0100344,1.14197e-07
800.0,1.509512863e-09,2.428527938e-06,0.0100346,1.16089e-07
800.0,-3.112160141e-10,-8.308763084e-06,0.0100346,7.72478e-08
800.0,9.598031232e-10,-1.195440519e-05,0.0100344,1.09717e-08
800.0,9.17589822e-10,-1.005427929e-05,0.0100344,1.37162e-07
800.0,1.107707108e-09,2.717673847e-07,0.0100346,8.19123e-08
800.0,3.142358923e-09,9.939761005e-07,0.0100346,4.17444e-08
800.0,2.011230924e-09,-6.273291471e-06,0.0100344,7.20051e-08
800.0,1.497649545e-09,-5.738038315e-06,0.0100344,8.26126e-08
800.0,5.867548519e-10,-1.468872108e-05,0.0100345,5.37967e-08
800.0,1.054839332e-09,-1.757709015e-06,0.0100344,1.09593e-07
800.0,1.781212566e-09,-5.149815126e-06,0.0100345,1.65509e-07
800.0,9.593081494e-10,-3.842910153e-06,0.0100344,6.3228e-08
800.0,-2.323185708e-10,-4.96627712e-06,0.0100345,9.63324e-08
Freq,800,Rs,-6.393689038112499e-06,5.173611408889784e-06,Ls,9.4718705135e-10,9.42129201797823e-10
":SOUR:DCS:STAT OFF;:BIAS:STAT OFF;:COMP:BIN:COUN:CLE;:LIST:CLE:ALL;:COMP:BIN:CLE;:AMPL:ALC OFF;:APER LONG,1;:BIAS:POL:AUTO OFF;:BIAS:RANG:AUTO ON;:BIAS:VOLT:LEV 0;:COMP:ABIN OFF;:COMP:BIN:COUN:STAT OFF;:COMP:MODE PTOL;:COMP:SLIM -9.9e+037,9.9e+037;:COMP:STAT OFF;:COMP:SWAP OFF;:COMP:TOL:NOM 0;:DISP:ENAB ON;:DISP:LINE """";:DISP:WIND:TEXT1:DATA:FMSD:DATA 1e-009;:DISP:WIND:TEXT2:DATA:FMSD:DATA 1e-009;:FORM:ASC:LONG ON;:FORM:BORD NORM;:FORM:DATA ASC,64;:FREQ:CW 800;:FUNC:DEV1:MODE OFF;:FUNC:DEV1:REF:VAL 0;:FUNC:DEV2:MODE OFF;:FUNC:DEV2:REF:VAL 0;:FUNC:IMP:TYPE LSRS;:FUNC:SMON:IDC:STAT OFF;:FUNC:SMON:VDC:STAT OFF;:INIT:CONT OFF;:LIST:MODE SEQ;:LIST:STIM:TYPE FREQ,NONE;:SOUR:DCS:VOLT:LEV 0;:TRIG:DEL 0;:TRIG:SOUR INT;:TRIG:TDEL 0;:VOLT:LEV 1;:DISP:WIND:TEXT1:DATA:FMSD:STAT OFF;:DISP:WIND:TEXT2:DATA:FMSD:STAT OFF;:FUNC:DCR:RANG:VAL 100;:FUNC:IMP:RANG:VAL 1;:OUTP:DC:ISOL:LEV:VAL 0.02;:OUTP:DC:ISOL:STAT OFF;:FUNC:DCR:RANG:AUTO ON;:FUNC:IMP:RANG:AUTO ON;:OUTP:DC:ISOL:LEV:AUTO ON;:DISP:PAGE MEASurement;
"
1000.0,6.109624579e-10,-1.05422133e-05,0.010001,1.17652e-07
1000.0,-5.298475739e-12,2.316679796e-06,0.0100011,9.91137e-08
1000.0,-1.86375076e-09,-7.530248637e-06,0.0100011,1.22643e-07
1000.0,-7.159457119e-10,-1.242910497e-05,0.0100009,8.06713e-08
1000.0,7.333534919e-11,-1.006981085e-05,0.0100011,8.76071e-08
1000.0,-6.514181791e-10,-4.901240682e-06,0.010001,9.58611e-08
1000.0,-1.768884277e-09,-5.396811531e-07,0.0100009,9.04938e-08
1000.0,-8.492143335e-10,-1.131997605e-05,0.0100009,1.87739e-07
1000.0,8.66029501e-10,-1.465141796e-05,0.0100011,3.36482e-08
1000.0,-2.044265406e-10,-1.609928529e-05,0.0100011,6.93888e-08
1000.0,-1.228872916e-09,-4.667684675e-06,0.010001,8.57156e-08
1000.0,1.129063598e-10,-1.041925993e-05,0.010001,1.0532e-07
1000.0,5.407304645e-10,-9.800843106e-06,0.010001,1.38547e-07
1000.0,-5.840136291e-10,-6.784282722e-06,0.0100011,7.7509e-08
1000.0,4.241150975e-10,-1.429685315e-06,0.010001,8.78048e-08
1000.0,-1.908751271e-10,-3.564994766e-06,0.010001,1.56817e-07
Freq,1000,Rs,-7.65206560063125e-06,5.200760820297888e-06,Ls,-3.396637950093125e-10,8.147714127962013e-10
":SOUR:DCS:STAT OFF;:BIAS:STAT OFF;:COMP:BIN:COUN:CLE;:LIST:CLE:ALL;:COMP:BIN:CLE;:AMPL:ALC OFF;:APER LONG,1;:BIAS:POL:AUTO OFF;:BIAS:RANG:AUTO ON;:BIAS:VOLT:LEV 0;:COMP:ABIN OFF;:COMP:BIN:COUN:STAT OFF;:COMP:MODE PTOL;:COMP:SLIM -9.9e+037,9.9e+037;:COMP:STAT OFF;:COMP:SWAP OFF;:COMP:TOL:NOM 0;:DISP:ENAB ON;:DISP:LINE """";:DISP:WIND:TEXT1:DATA:FMSD:DATA 1e-009;:DISP:WIND:TEXT2:DATA:FMSD:DATA 1e-009;:FORM:ASC:LONG ON;:FORM:BORD NORM;:FORM:DATA ASC,64;:FREQ:CW 1000;:FUNC:DEV1:MODE OFF;:FUNC:DEV1:REF:VAL 0;:FUNC:DEV2:MODE OFF;:FUNC:DEV2:REF:VAL 0;:FUNC:IMP:TYPE LSRS;:FUNC:SMON:IDC:STAT OFF;:FUNC:SMON:VDC:STAT OFF;:INIT:CONT OFF;:LIST:MODE SEQ;:LIST:STIM:TYPE FREQ,NONE;:SOUR:DCS:VOLT:LEV 0;:TRIG:DEL 0;:TRIG:SOUR INT;:TRIG:TDEL 0;:VOLT:LEV 1;:DISP:WIND:TEXT1:DATA:FMSD:STAT OFF;:DISP:WIND:TEXT2:DATA:FMSD:STAT OFF;:FUNC:DCR:RANG:VAL 100;:FUNC:IMP:RANG:VAL 1;:OUTP:DC:ISOL:LEV:VAL 0.02;:OUTP:DC:ISOL:STAT OFF;:FUNC:DCR:RANG:AUTO ON;:FUNC:IMP:RANG:AUTO ON;:OUTP:DC:ISOL:LEV:AUTO ON;:DISP:PAGE MEASurement;
"
1200.0,-1.13191186e-11,-1.720739398e-05,0.0100543,1.04667e-07
1200.0,-4.458867162e-10,-1.277935868e-06,0.0100543,5.34957e-08
1200.0,4.890672442e-10,-4.69743291e-06,0.0100541,5.78534e-08
1200.0,6.339491173e-10,-7.109904424e-06,0.0100542,8.48981e-08
1200.0,-7.763575648e-10,-3.757712509e-06,0.0100545,5.76727e-08
1200.0,-4.11994993e-10,-7.211192002e-06,0.0100544,2.55937e-08
1200.0,-2.287215722e-11,-4.805701752e-06,0.0100544,6.41765e-08
1200.0,6.096677874e-10,-7.217075945e-07,0.0100544,9.47132e-08
1200.0,-8.243317788e-11,-9.609965645e-06,0.0100544,4.71256e-08
1200.0,-7.772475058e-10,-1.447923469e-05,0.0100543,8.84962e-08
1200.0,1.55908846e-10,1.614382101e-06,0.0100543,5.02305e-08
1200.0,-6.192949238e-10,-1.066394561e-05,0.0100543,8.78581e-08
1200.0,-4.946758471e-11,-4.208576232e-06,0.0100542,3.87316e-08
1200.0,3.103594394e-10,-1.883805644e-06,0.0100542,8.07458e-08
1200.0,1.011581906e-09,-4.271430613e-06,0.0100542,5.93705e-08
1200.0,7.768809586e-10,-5.446218137e-06,0.0100543,4.67191e-08
Freq,1200,Rs,-5.98361096934375e-06,4.998111356032943e-06,Ls,4.9408847305625007e-11,5.591663536561282e-10
":SOUR:DCS:STAT OFF;:BIAS:STAT OFF;:COMP:BIN:COUN:CLE;:LIST:CLE:ALL;:COMP:BIN:CLE;:AMPL:ALC OFF;:APER LONG,1;:BIAS:POL:AUTO OFF;:BIAS:RANG:AUTO ON;:BIAS:VOLT:LEV 0;:COMP:ABIN OFF;:COMP:BIN:COUN:STAT OFF;:COMP:MODE PTOL;:COMP:SLIM -9.9e+037,9.9e+037;:COMP:STAT OFF;:COMP:SWAP OFF;:COMP:TOL:NOM 0;:DISP:ENAB ON;:DISP:LINE """";:DISP:WIND:TEXT1:DATA:FMSD:DATA 1e-009;:DISP:WIND:TEXT2:DATA:FMSD:DATA 1e-009;:FORM:ASC:LONG ON;:FORM:BORD NORM;:FORM:DATA ASC,64;:FREQ:CW 1200;:FUNC:DEV1:MODE OFF;:FUNC:DEV1:REF:VAL 0;:FUNC:DEV2:MODE OFF;:FUNC:DEV2:REF:VAL 0;:FUNC:IMP:TYPE LSRS;:FUNC:SMON:IDC:STAT OFF;:FUNC:SMON:VDC:STAT OFF;:INIT:CONT OFF;:LIST:MODE SEQ;:LIST:STIM:TYPE FREQ,NONE;:SOUR:DCS:VOLT:LEV 0;:TRIG:DEL 0;:TRIG:SOUR INT;:TRIG:TDEL 0;:VOLT:LEV 1;:DISP:WIND:TEXT1:DATA:FMSD:STAT OFF;:DISP:WIND:TEXT2:DATA:FMSD:STAT OFF;:FUNC:DCR:RANG:VAL 100;:FUNC:IMP:RANG:VAL 1;:OUTP:DC:ISOL:LEV:VAL 0.02;:OUTP:DC:ISOL:STAT OFF;:FUNC:DCR:RANG:AUTO ON;:FUNC:IMP:RANG:AUTO ON;:OUTP:DC:ISOL:LEV:AUTO ON;:DISP:PAGE MEASurement;
"
1591.549,6.824888656e-10,-9.910151381e-07,0.0100653,6.91577e-08
1591.549,-5.798687418e-10,2.123131159e-06,0.0100654,9.45388e-08
1591.549,2.533628556e-10,-2.863500853e-06,0.0100652,5.85049e-08
1591.549,-4.371287569e-11,1.532646377e-06,0.0100654,1.31209e-07
1591.549,1.206365405e-09,-1.163974024e-05,0.0100654,3.95016e-08
1591.549,-5.356351503e-11,-8.084596724e-06,0.0100655,4.90928e-08
1591.549,1.012497817e-10,-1.639884109e-06,0.0100653,5.76743e-08
1591.549,-3.391387383e-10,-1.295286155e-05,0.0100654,6.66078e-08
1591.549,-1.896701768e-10,-1.58886406e-07,0.0100654,8.43974e-08
1591.549,-1.094898968e-10,-3.412872653e-06,0.0100653,4.27401e-08
1591.549,5.171595734e-10,-4.38042178e-06,0.0100653,5.551e-08
1591.549,9.38575334e-10,-5.558815733e-06,0.0100654,4.00923e-08
1591.549,-1.546942126e-10,1.245444006e-06,0.0100653,9.62617e-08
1591.549,-3.424057768e-11,-4.282312506e-06,0.0100652,5.08871e-08
1591.549,2.579669949e-10,-3.645144782e-06,0.0100653,4.93962e-08
1591.549,-2.521470793e-10,-2.944535617e-06,0.0100653,4.04052e-08
Freq,1591.549,Rs,-3.6033354093187502e-06,4.345206513716972e-06,Ls,1.3754018726249999e-10,4.830794956230741e-10
":SOUR:DCS:STAT OFF;:BIAS:STAT OFF;:COMP:BIN:COUN:CLE;:LIST:CLE:ALL;:COMP:BIN:CLE;:AMPL:ALC OFF;:APER LONG,1;:BIAS:POL:AUTO OFF;:BIAS:RANG:AUTO ON;:BIAS:VOLT:LEV 0;:COMP:ABIN OFF;:COMP:BIN:COUN:STAT OFF;:COMP:MODE PTOL;:COMP:SLIM -9.9e+037,9.9e+037;:COMP:STAT OFF;:COMP:SWAP OFF;:COMP:TOL:NOM 0;:DISP:ENAB ON;:DISP:LINE """";:DISP:WIND:TEXT1:DATA:FMSD:DATA 1e-009;:DISP:WIND:TEXT2:DATA:FMSD:DATA 1e-009;:FORM:ASC:LONG ON;:FORM:BORD NORM;:FORM:DATA ASC,64;:FREQ:CW 1592;:FUNC:DEV1:MODE OFF;:FUNC:DEV1:REF:VAL 0;:FUNC:DEV2:MODE OFF;:FUNC:DEV2:REF:VAL 0;:FUNC:IMP:TYPE LSRS;:FUNC:SMON:IDC:STAT OFF;:FUNC:SMON:VDC:STAT OFF;:INIT:CONT OFF;:LIST:MODE SEQ;:LIST:STIM:TYPE FREQ,NONE;:SOUR:DCS:VOLT:LEV 0;:TRIG:DEL 0;:TRIG:SOUR INT;:TRIG:TDEL 0;:VOLT:LEV 1;:DISP:WIND:TEXT1:DATA:FMSD:STAT OFF;:DISP:WIND:TEXT2:DATA:FMSD:STAT OFF;:FUNC:DCR:RANG:VAL 100;:FUNC:IMP:RANG:VAL 1;:OUTP:DC:ISOL:LEV:VAL 0.02;:OUTP:DC:ISOL:STAT OFF;:FUNC:DCR:RANG:AUTO ON;:FUNC:IMP:RANG:AUTO ON;:OUTP:DC:ISOL:LEV:AUTO ON;:DISP:PAGE MEASurement;
"
1800.0,4.291434259e-10,1.211417512e-06,0.0100713,8.97356e-08
1800.0,-4.209819939e-10,-1.610712676e-06,0.0100712,6.16844e-08
1800.0,2.094089208e-10,1.969477818e-07,0.0100712,1.02597e-07
1800.0,3.239212732e-10,-5.522757008e-06,0.0100712,6.26199e-08
1800.0,-5.044158805e-10,-1.214356707e-05,0.0100712,2.03506e-08
1800.0,-1.222429517e-10,-3.7973132e-06,0.0100712,5.13737e-08
1800.0,1.60668273e-10,-1.999102933e-06,0.0100711,9.24562e-08
1800.0,-3.119514175e-12,2.803838768e-06,0.0100712,8.49912e-08
1800.0,-7.985965401e-11,-6.703134014e-06,0.0100711,8.17382e-08
1800.0,1.968067232e-11,8.143042454e-07,0.0100712,6.99064e-08
1800.0,2.629171874e-10,7.396595706e-07,0.0100712,4.15994e-08
1800.0,-7.3262091e-10,-4.026711555e-06,0.0100712,4.12817e-08
1800.0,-4.987656702e-10,-7.529194905e-07,0.0100711,4.63863e-08
1800.0,1.510705976e-10,4.120424941e-06,0.0100712,9.75262e-08
1800.0,1.309117392e-10,-7.275845226e-06,0.0100713,1.53103e-08
1800.0,-7.480266414e-11,-1.312086336e-06,0.0100712,5.15119e-08
Freq,1800,Rs,-2.20359729310625e-06,4.204860050981089e-06,Ls,-4.6817946825312506e-11,3.3438955415462654e-10
":SOUR:DCS:STAT OFF;:BIAS:STAT OFF;:COMP:BIN:COUN:CLE;:LIST:CLE:ALL;:COMP:BIN:CLE;:AMPL:ALC OFF;:APER LONG,1;:BIAS:POL:AUTO OFF;:BIAS:RANG:AUTO ON;:BIAS:VOLT:LEV 0;:COMP:ABIN OFF;:COMP:BIN:COUN:STAT OFF;:COMP:MODE PTOL;:COMP:SLIM -9.9e+037,9.9e+037;:COMP:STAT OFF;:COMP:SWAP OFF;:COMP:TOL:NOM 0;:DISP:ENAB ON;:DISP:LINE """";:DISP:WIND:TEXT1:DATA:FMSD:DATA 1e-009;:DISP:WIND:TEXT2:DATA:FMSD:DATA 1e-009;:FORM:ASC:LONG ON;:FORM:BORD NORM;:FORM:DATA ASC,64;:FREQ:CW 1800;:FUNC:DEV1:MODE OFF;:FUNC:DEV1:REF:VAL 0;:FUNC:DEV2:MODE OFF;:FUNC:DEV2:REF:VAL 0;:FUNC:IMP:TYPE LSRS;:FUNC:SMON:IDC:STAT OFF;:FUNC:SMON:VDC:STAT OFF;:INIT:CONT OFF;:LIST:MODE SEQ;:LIST:STIM:TYPE FREQ,NONE;:SOUR:DCS:VOLT:LEV 0;:TRIG:DEL 0;:TRIG:SOUR INT;:TRIG:TDEL 0;:VOLT:LEV 1;:DISP:WIND:TEXT1:DATA:FMSD:STAT OFF;:DISP:WIND:TEXT2:DATA:FMSD:STAT OFF;:FUNC:DCR:RANG:VAL 100;:FUNC:IMP:RANG:VAL 1;:OUTP:DC:ISOL:LEV:VAL 0.02;:OUTP:DC:ISOL:STAT OFF;:FUNC:DCR:RANG:AUTO ON;:FUNC:IMP:RANG:AUTO ON;:OUTP:DC:ISOL:LEV:AUTO ON;:DISP:PAGE MEASurement;
"
2000.0,-7.784763167e-11,-5.970668402e-06,0.0100557,6.76055e-08
2000.0,-4.217277105e-10,-8.374750696e-06,0.0100558,7.62295e-08
2000.0,5.58888567e-10,-4.362277604e-06,0.0100556,6.03197e-08
2000.0,-5.616878732e-11,-4.801601497e-06,0.0100556,9.67414e-08
2000.0,-2.762870633e-10,3.674773072e-07,0.0100558,3.13466e-08
2000.0,6.920102645e-11,1.378923798e-06,0.0100556,1.02674e-07
2000.0,-3.654331715e-11,-1.632916935e-06,0.0100556,5.23045e-08
2000.0,2.352469769e-10,-3.45894312e-06,0.0100557,6.29346e-08
2000.0,1.270388328e-10,-4.889544748e-06,0.0100557,5.5496e-08
2000.0,1.110869424e-10,-2.916564032e-06,0.0100557,6.61255e-08
2000.0,3.148566915e-10,-5.992558745e-06,0.0100557,1.03669e-07
2000.0,-1.237347198e-10,-2.887999006e-06,0.0100557,7.33701e-08
2000.0,6.823579206e-11,-8.066950525e-06,0.0100556,1.03905e-07
2000.0,-1.38561714e-11,-1.624017192e-06,0.0100557,3.25352e-08
2000.0,1.099818605e-11,-1.678718778e-06,0.0100557,9.34841e-08
2000.0,-1.519527312e-10,-7.878265439e-06,0.0100557,1.10813e-07
Freq,2000,Rs,-3.9243359758625e-06,2.914267444510595e-06,Ls,2.1089680176249995e-11,2.3109770843632994e-10
":SOUR:DCS:STAT OFF;:BIAS:STAT OFF;:COMP:BIN:COUN:CLE;:LIST:CLE:ALL;:COMP:BIN:CLE;:AMPL:ALC OFF;:APER LONG,1;:BIAS:POL:AUTO OFF;:BIAS:RANG:AUTO ON;:BIAS:VOLT:LEV 0;:COMP:ABIN OFF;:COMP:BIN:COUN:STAT OFF;:COMP:MODE PTOL;:COMP:SLIM -9.9e+037,9.9e+037;:COMP:STAT OFF;:COMP:SWAP OFF;:COMP:TOL:NOM 0;:DISP:ENAB ON;:DISP:LINE """";:DISP:WIND:TEXT1:DATA:FMSD:DATA 1e-009;:DISP:WIND:TEXT2:DATA:FMSD:DATA 1e-009;:FORM:ASC:LONG ON;:FORM:BORD NORM;:FORM:DATA ASC,64;:FREQ:CW 2000;:FUNC:DEV1:MODE OFF;:FUNC:DEV1:REF:VAL 0;:FUNC:DEV2:MODE OFF;:FUNC:DEV2:REF:VAL 0;:FUNC:IMP:TYPE LSRS;:FUNC:SMON:IDC:STAT OFF;:FUNC:SMON:VDC:STAT OFF;:INIT:CONT OFF;:LIST:MODE SEQ;:LIST:STIM:TYPE FREQ,NONE;:SOUR:DCS:VOLT:LEV 0;:TRIG:DEL 0;:TRIG:SOUR INT;:TRIG:TDEL 0;:VOLT:LEV 1;:DISP:WIND:TEXT1:DATA:FMSD:STAT OFF;:DISP:WIND:TEXT2:DATA:FMSD:STAT OFF;:FUNC:DCR:RANG:VAL 100;:FUNC:IMP:RANG:VAL 1;:OUTP:DC:ISOL:LEV:VAL 0.02;:OUTP:DC:ISOL:STAT OFF;:FUNC:DCR:RANG:AUTO ON;:FUNC:IMP:RANG:AUTO ON;:OUTP:DC:ISOL:LEV:AUTO ON;:DISP:PAGE MEASurement;
"
3000.0,-8.444739364e-11,-4.227671549e-06,0.0100173,8.65811e-08
3000.0,1.378700751e-10,-7.493899415e-06,0.0100173,1.01881e-07
3000.0,1.046219931e-10,-1.231593961e-05,0.0100173,9.25185e-08
3000.0,-4.300422063e-12,-5.792643177e-06,0.0100173,8.82635e-08
3000.0,1.438631161e-10,-5.156102057e-06,0.010017,4.30096e-08
3000.0,-7.405401231e-11,-6.992054419e-06,0.0100171,6.88122e-08
3000.0,-5.377228623e-11,-2.600200902e-06,0.0100172,9.13462e-08
3000.0,-1.710967053e-10,-5.546570931e-06,0.0100173,9.13842e-08
3000.0,-1.03224658e-10,-8.725569958e-06,0.0100172,9.092e-08
3000.0,-2.852569979e-10,-6.432727268e-06,0.0100173,5.8156e-08
3000.0,2.100902592e-10,-1.199172414e-05,0.0100172,7.80345e-08
3000.0,1.990768928e-10,-4.119539012e-06,0.0100173,4.84504e-08
3000.0,3.978668325e-10,-6.586098257e-06,0.0100171,8.411e-08
3000.0,-3.623310852e-11,-4.878302698e-06,0.0100173,1.90774e-08
3000.0,7.348044786e-11,-6.79759211e-06,0.0100172,1.18679e-07
3000.0,1.229053667e-10,-1.182834302e-05,0.0100173,9.48174e-08
Freq,3000,Rs,-6.9678111576875e-06,2.910227183260856e-06,Ls,3.60868374623125e-11,1.6941588333096505e-10
":SOUR:DCS:STAT OFF;:BIAS:STAT OFF;:COMP:BIN:COUN:CLE;:LIST:CLE:ALL;:COMP:BIN:CLE;:AMPL:ALC OFF;:APER LONG,1;:BIAS:POL:AUTO OFF;:BIAS:RANG:AUTO ON;:BIAS:VOLT:LEV 0;:COMP:ABIN OFF;:COMP:BIN:COUN:STAT OFF;:COMP:MODE PTOL;:COMP:SLIM -9.9e+037,9.9e+037;:COMP:STAT OFF;:COMP:SWAP OFF;:COMP:TOL:NOM 0;:DISP:ENAB ON;:DISP:LINE """";:DISP:WIND:TEXT1:DATA:FMSD:DATA 1e-009;:DISP:WIND:TEXT2:DATA:FMSD:DATA 1e-009;:FORM:ASC:LONG ON;:FORM:BORD NORM;:FORM:DATA ASC,64;:FREQ:CW 3000;:FUNC:DEV1:MODE OFF;:FUNC:DEV1:REF:VAL 0;:FUNC:DEV2:MODE OFF;:FUNC:DEV2:REF:VAL 0;:FUNC:IMP:TYPE LSRS;:FUNC:SMON:IDC:STAT OFF;:FUNC:SMON:VDC:STAT OFF;:INIT:CONT OFF;:LIST:MODE SEQ;:LIST:STIM:TYPE FREQ,NONE;:SOUR:DCS:VOLT:LEV 0;:TRIG:DEL 0;:TRIG:SOUR INT;:TRIG:TDEL 0;:VOLT:LEV 1;:DISP:WIND:TEXT1:DATA:FMSD:STAT OFF;:DISP:WIND:TEXT2:DATA:FMSD:STAT OFF;:FUNC:DCR:RANG:VAL 100;:FUNC:IMP:RANG:VAL 1;:OUTP:DC:ISOL:LEV:VAL 0.02;:OUTP:DC:ISOL:STAT OFF;:FUNC:DCR:RANG:AUTO ON;:FUNC:IMP:RANG:AUTO ON;:OUTP:DC:ISOL:LEV:AUTO ON;:DISP:PAGE MEASurement;
"
4000.0,-9.395565965e-11,-2.144173304e-06,0.01002,9.44734e-08
4000.0,-1.130136697e-10,-2.935856513e-06,0.0100201,6.5806e-08
4000.0,-2.204140775e-11,-4.829376661e-06,0.01002,1.07267e-07
4000.0,4.434056952e-11,-4.603031279e-06,0.0100201,1.10533e-07
4000.0,-5.536674979e-11,-8.62044903e-06,0.0100201,7.03232e-08
4000.0,-7.387627731e-11,-7.81972036e-06,0.0100199,7.88573e-08
4000.0,5.069043768e-12,-5.567045427e-06,0.0100201,1.22338e-07
4000.0,3.253657135e-11,-4.111022275e-06,0.0100201,2.82918e-08
4000.0,-3.308502404e-10,-8.311977271e-06,0.0100199,6.49356e-08
4000.0,-3.040655449e-10,-4.467163521e-06,0.01002,7.87859e-08
4000.0,-8.930661562e-11,-6.400491213e-06,0.0100199,4.28381e-08
4000.0,-4.807582478e-11,-4.946832452e-06,0.0100199,8.60575e-08
4000.0,-1.180412014e-10,-4.544125845e-06,0.01002,1.06597e-07
4000.0,-7.809237375e-11,-5.062984014e-06,0.01002,3.42019e-08
4000.0,2.787978678e-11,-5.937592618e-06,0.0100199,6.73799e-08
4000.0,1.729598453e-11,-5.625413202e-06,0.0100199,1.04755e-07
Freq,4000,Rs,-5.370453436562501e-06,1.7753304925573388e-06,Ls,-7.4972725568875e-11,1.0863943064761655e-10
":SOUR:DCS:STAT OFF;:BIAS:STAT OFF;:COMP:BIN:COUN:CLE;:LIST:CLE:ALL;:COMP:BIN:CLE;:AMPL:ALC OFF;:APER LONG,1;:BIAS:POL:AUTO OFF;:BIAS:RANG:AUTO ON;:BIAS:VOLT:LEV 0;:COMP:ABIN OFF;:COMP:BIN:COUN:STAT OFF;:COMP:MODE PTOL;:COMP:SLIM -9.9e+037,9.9e+037;:COMP:STAT OFF;:COMP:SWAP OFF;:COMP:TOL:NOM 0;:DISP:ENAB ON;:DISP:LINE """";:DISP:WIND:TEXT1:DATA:FMSD:DATA 1e-009;:DISP:WIND:TEXT2:DATA:FMSD:DATA 1e-009;:FORM:ASC:LONG ON;:FORM:BORD NORM;:FORM:DATA ASC,64;:FREQ:CW 4000;:FUNC:DEV1:MODE OFF;:FUNC:DEV1:REF:VAL 0;:FUNC:DEV2:MODE OFF;:FUNC:DEV2:REF:VAL 0;:FUNC:IMP:TYPE LSRS;:FUNC:SMON:IDC:STAT OFF;:FUNC:SMON:VDC:STAT OFF;:INIT:CONT OFF;:LIST:MODE SEQ;:LIST:STIM:TYPE FREQ,NONE;:SOUR:DCS:VOLT:LEV 0;:TRIG:DEL 0;:TRIG:SOUR INT;:TRIG:TDEL 0;:VOLT:LEV 1;:DISP:WIND:TEXT1:DATA:FMSD:STAT OFF;:DISP:WIND:TEXT2:DATA:FMSD:STAT OFF;:FUNC:DCR:RANG:VAL 100;:FUNC:IMP:RANG:VAL 1;:OUTP:DC:ISOL:LEV:VAL 0.02;:OUTP:DC:ISOL:STAT OFF;:FUNC:DCR:RANG:AUTO ON;:FUNC:IMP:RANG:AUTO ON;:OUTP:DC:ISOL:LEV:AUTO ON;:DISP:PAGE MEASurement;
"
5000.0,-1.122204113e-10,-5.452422294e-06,0.0100072,1.50159e-08
5000.0,1.61074104e-10,-3.494782459e-06,0.0100072,4.77537e-08
5000.0,7.086320236e-11,-9.120028981e-06,0.0100072,4.4855e-08
5000.0,1.144809732e-10,-8.215014117e-06,0.0100072,3.59143e-08
5000.0,1.04797909e-10,-1.196412574e-06,0.0100072,1.40754e-08
5000.0,9.249076755e-11,-6.901932482e-06,0.0100072,1.5243e-08
5000.0,4.853269771e-11,-1.621919991e-06,0.0100071,6.30711e-08
5000.0,-2.295503086e-12,-1.253577312e-06,0.0100073,7.17114e-08
5000.0,-4.530251821e-12,-2.863612272e-06,0.0100071,7.72465e-08
5000.0,-2.586506206e-11,2.549404912e-06,0.0100072,1.0887e-08
5000.0,1.085824808e-10,-1.960264932e-06,0.0100072,3.01363e-08
5000.0,7.632725663e-11,8.649506489e-07,0.0100071,2.53025e-08
5000.0,-1.311639862e-10,-8.491812122e-06,0.0100073,6.56783e-08
5000.0,-6.032156219e-11,-2.726871963e-06,0.0100071,8.20105e-08
5000.0,5.929886247e-11,-3.679695528e-06,0.0100071,5.50035e-08
5000.0,2.260400644e-11,-3.32609516e-07,0.0100071,3.23097e-08
Freq,5000,Rs,-3.36853756138125e-06,3.433261234439033e-06,Ls,3.26659677189375e-11,8.353285633162405e-11
":SOUR:DCS:STAT OFF;:BIAS:STAT OFF;:COMP:BIN:COUN:CLE;:LIST:CLE:ALL;:COMP:BIN:CLE;:AMPL:ALC OFF;:APER LONG,1;:BIAS:POL:AUTO OFF;:BIAS:RANG:AUTO ON;:BIAS:VOLT:LEV 0;:COMP:ABIN OFF;:COMP:BIN:COUN:STAT OFF;:COMP:MODE PTOL;:COMP:SLIM -9.9e+037,9.9e+037;:COMP:STAT OFF;:COMP:SWAP OFF;:COMP:TOL:NOM 0;:DISP:ENAB ON;:DISP:LINE """";:DISP:WIND:TEXT1:DATA:FMSD:DATA 1e-009;:DISP:WIND:TEXT2:DATA:FMSD:DATA 1e-009;:FORM:ASC:LONG ON;:FORM:BORD NORM;:FORM:DATA ASC,64;:FREQ:CW 5000;:FUNC:DEV1:MODE OFF;:FUNC:DEV1:REF:VAL 0;:FUNC:DEV2:MODE OFF;:FUNC:DEV2:REF:VAL 0;:FUNC:IMP:TYPE LSRS;:FUNC:SMON:IDC:STAT OFF;:FUNC:SMON:VDC:STAT OFF;:INIT:CONT OFF;:LIST:MODE SEQ;:LIST:STIM:TYPE FREQ,NONE;:SOUR:DCS:VOLT:LEV 0;:TRIG:DEL 0;:TRIG:SOUR INT;:TRIG:TDEL 0;:VOLT:LEV 1;:DISP:WIND:TEXT1:DATA:FMSD:STAT OFF;:DISP:WIND:TEXT2:DATA:FMSD:STAT OFF;:FUNC:DCR:RANG:VAL 100;:FUNC:IMP:RANG:VAL 1;:OUTP:DC:ISOL:LEV:VAL 0.02;:OUTP:DC:ISOL:STAT OFF;:FUNC:DCR:RANG:AUTO ON;:FUNC:IMP:RANG:AUTO ON;:OUTP:DC:ISOL:LEV:AUTO ON;:DISP:PAGE MEASurement;
"
8000.0,-3.329463052e-11,-4.038095189e-06,0.0100163,3.35233e-08
8000.0,-3.007746144e-11,-5.184494304e-06,0.0100162,2.48108e-08
8000.0,8.593270087e-12,-2.160462281e-06,0.0100162,2.78983e-08
8000.0,-5.600558583e-11,-5.04801597e-06,0.0100161,2.67578e-08
8000.0,-8.232386639e-11,-9.040144236e-08,0.0100163,6.88603e-08
8000.0,3.379614329e-13,-5.679876713e-06,0.0100163,8.06059e-08
8000.0,-1.747617261e-11,-7.769351294e-06,0.0100162,9.29134e-09
8000.0,-2.891131476e-11,-1.279764133e-06,0.0100163,1.91103e-08
8000.0,-1.56300461e-11,-6.003201865e-06,0.0100163,2.9338e-08
8000.0,3.662860757e-11,-1.662865492e-06,0.0100164,3.93568e-08
8000.0,2.932796936e-11,-1.931366807e-06,0.0100163,4.5158e-08
8000.0,-6.315432702e-11,-4.161556527e-06,0.0100162,4.21341e-08
8000.0,-6.705364124e-11,-5.652196026e-06,0.0100163,1.49744e-08
8000.0,4.556078882e-11,-3.983710351e-06,0.0100162,7.79482e-08
8000.0,3.14720916e-11,-1.118780287e-06,0.0100164,7.58725e-08
8000.0,-5.841498596e-11,-5.854221333e-06,0.0100163,7.71348e-08
Freq,8000,Rs,-3.851147500897499e-06,2.2135458808230255e-06,Ls,-1.8776333937506248e-11,4.075192426385376e-11
":SOUR:DCS:STAT OFF;:BIAS:STAT OFF;:COMP:BIN:COUN:CLE;:LIST:CLE:ALL;:COMP:BIN:CLE;:AMPL:ALC OFF;:APER LONG,1;:BIAS:POL:AUTO OFF;:BIAS:RANG:AUTO ON;:BIAS:VOLT:LEV 0;:COMP:ABIN OFF;:COMP:BIN:COUN:STAT OFF;:COMP:MODE PTOL;:COMP:SLIM -9.9e+037,9.9e+037;:COMP:STAT OFF;:COMP:SWAP OFF;:COMP:TOL:NOM 0;:DISP:ENAB ON;:DISP:LINE """";:DISP:WIND:TEXT1:DATA:FMSD:DATA 1e-009;:DISP:WIND:TEXT2:DATA:FMSD:DATA 1e-009;:FORM:ASC:LONG ON;:FORM:BORD NORM;:FORM:DATA ASC,64;:FREQ:CW 8000;:FUNC:DEV1:MODE OFF;:FUNC:DEV1:REF:VAL 0;:FUNC:DEV2:MODE OFF;:FUNC:DEV2:REF:VAL 0;:FUNC:IMP:TYPE LSRS;:FUNC:SMON:IDC:STAT OFF;:FUNC:SMON:VDC:STAT OFF;:INIT:CONT OFF;:LIST:MODE SEQ;:LIST:STIM:TYPE FREQ,NONE;:SOUR:DCS:VOLT:LEV 0;:TRIG:DEL 0;:TRIG:SOUR INT;:TRIG:TDEL 0;:VOLT:LEV 1;:DISP:WIND:TEXT1:DATA:FMSD:STAT OFF;:DISP:WIND:TEXT2:DATA:FMSD:STAT OFF;:FUNC:DCR:RANG:VAL 100;:FUNC:IMP:RANG:VAL 1;:OUTP:DC:ISOL:LEV:VAL 0.02;:OUTP:DC:ISOL:STAT OFF;:FUNC:DCR:RANG:AUTO ON;:FUNC:IMP:RANG:AUTO ON;:OUTP:DC:ISOL:LEV:AUTO ON;:DISP:PAGE MEASurement;
"
10000.0,1.060483918e-10,1.827823251e-06,0.0100161,3.86143e-08
10000.0,1.299265947e-10,-3.623704407e-06,0.0100162,6.40751e-08
10000.0,1.246390949e-10,-1.697234703e-06,0.0100161,7.87909e-08
10000.0,1.239001282e-10,-2.602822527e-06,0.0100161,6.3417e-08
10000.0,9.573886092e-11,-2.067912303e-06,0.010016,7.31371e-08
10000.0,8.606242675e-11,-3.116571129e-06,0.010016,7.89999e-08
10000.0,7.989180206e-11,-3.031146715e-06,0.0100161,7.25343e-08
10000.0,4.995984044e-11,2.924542075e-06,0.0100159,7.24042e-08
10000.0,1.264612831e-10,-6.213113251e-06,0.0100161,8.18905e-08
10000.0,1.589641413e-10,4.829655985e-07,0.0100161,9.12048e-08
10000.0,1.668106109e-10,-6.261599936e-07,0.0100162,5.4659e-08
10000.0,1.475279225e-10,-6.995853209e-06,0.010016,9.2822e-08
10000.0,9.518060277e-11,-6.954534614e-07,0.010016,4.16732e-08
10000.0,1.700017685e-10,-4.078969654e-07,0.0100161,1.19207e-07
10000.0,6.917360355e-11,-2.303286907e-06,0.010016,7.29678e-08
10000.0,5.432740502e-11,-3.620386814e-06,0.0100162,7.9037e-08
Freq,10000,Rs,-1.98538821630625e-06,2.6079584756322505e-06,Ls,1.1153840483812501e-10,3.826256355674476e-11
":SOUR:DCS:STAT OFF;:BIAS:STAT OFF;:COMP:BIN:COUN:CLE;:LIST:CLE:ALL;:COMP:BIN:CLE;:AMPL:ALC OFF;:APER LONG,1;:BIAS:POL:AUTO OFF;:BIAS:RANG:AUTO ON;:BIAS:VOLT:LEV 0;:COMP:ABIN OFF;:COMP:BIN:COUN:STAT OFF;:COMP:MODE PTOL;:COMP:SLIM -9.9e+037,9.9e+037;:COMP:STAT OFF;:COMP:SWAP OFF;:COMP:TOL:NOM 0;:DISP:ENAB ON;:DISP:LINE """";:DISP:WIND:TEXT1:DATA:FMSD:DATA 1e-009;:DISP:WIND:TEXT2:DATA:FMSD:DATA 1e-009;:FORM:ASC:LONG ON;:FORM:BORD NORM;:FORM:DATA ASC,64;:FREQ:CW 10000;:FUNC:DEV1:MODE OFF;:FUNC:DEV1:REF:VAL 0;:FUNC:DEV2:MODE OFF;:FUNC:DEV2:REF:VAL 0;:FUNC:IMP:TYPE LSRS;:FUNC:SMON:IDC:STAT OFF;:FUNC:SMON:VDC:STAT OFF;:INIT:CONT OFF;:LIST:MODE SEQ;:LIST:STIM:TYPE FREQ,NONE;:SOUR:DCS:VOLT:LEV 0;:TRIG:DEL 0;:TRIG:SOUR INT;:TRIG:TDEL 0;:VOLT:LEV 1;:DISP:WIND:TEXT1:DATA:FMSD:STAT OFF;:DISP:WIND:TEXT2:DATA:FMSD:STAT OFF;:FUNC:DCR:RANG:VAL 100;:FUNC:IMP:RANG:VAL 1;:OUTP:DC:ISOL:LEV:VAL 0.02;:OUTP:DC:ISOL:STAT OFF;:FUNC:DCR:RANG:AUTO ON;:FUNC:IMP:RANG:AUTO ON;:OUTP:DC:ISOL:LEV:AUTO ON;:DISP:PAGE MEASurement;
"
15000.0,3.300147785e-11,3.276015991e-06,0.0100131,5.51055e-08
15000.0,2.630295353e-11,5.810838938e-06,0.0100132,3.94524e-08
15000.0,6.25997971e-11,8.118251064e-06,0.0100131,1.10167e-07
15000.0,3.364748591e-11,1.066598956e-05,0.0100131,5.23585e-08
15000.0,-1.091637379e-12,1.095663076e-05,0.0100131,7.16361e-08
15000.0,-2.058054402e-11,4.577866974e-06,0.0100131,4.11175e-08
15000.0,-4.517898402e-12,5.205377634e-06,0.0100133,6.17806e-08
15000.0,4.814872757e-11,9.66534834e-06,0.0100131,9.57295e-08
15000.0,1.756862319e-11,1.102562242e-05,0.0100129,2.49455e-08
15000.0,4.453029804e-12,1.010755292e-05,0.0100131,7.94601e-08
15000.0,1.692353899e-11,1.136917856e-05,0.0100131,8.56049e-08
15000.0,6.801661754e-11,8.978701177e-06,0.0100132,5.92336e-08
15000.0,3.787078727e-11,5.197546629e-06,0.010013,1.22567e-07
15000.0,1.381708122e-11,1.082764484e-05,0.0100133,4.30485e-08
15000.0,5.577355312e-11,1.161396065e-05,0.0100132,1.86062e-08
15000.0,4.407661609e-11,1.053834092e-05,0.0100131,6.4505e-08
Freq,15000,Rs,8.6209292110625e-06,2.8326152987991e-06,Ls,2.72506380864375e-11,2.5342236461357116e-11
":SOUR:DCS:STAT OFF;:BIAS:STAT OFF;:COMP:BIN:COUN:CLE;:LIST:CLE:ALL;:COMP:BIN:CLE;:AMPL:ALC OFF;:APER LONG,1;:BIAS:POL:AUTO OFF;:BIAS:RANG:AUTO ON;:BIAS:VOLT:LEV 0;:COMP:ABIN OFF;:COMP:BIN:COUN:STAT OFF;:COMP:MODE PTOL;:COMP:SLIM -9.9e+037,9.9e+037;:COMP:STAT OFF;:COMP:SWAP OFF;:COMP:TOL:NOM 0;:DISP:ENAB ON;:DISP:LINE """";:DISP:WIND:TEXT1:DATA:FMSD:DATA 1e-009;:DISP:WIND:TEXT2:DATA:FMSD:DATA 1e-009;:FORM:ASC:LONG ON;:FORM:BORD NORM;:FORM:DATA ASC,64;:FREQ:CW 15000;:FUNC:DEV1:MODE OFF;:FUNC:DEV1:REF:VAL 0;:FUNC:DEV2:MODE OFF;:FUNC:DEV2:REF:VAL 0;:FUNC:IMP:TYPE LSRS;:FUNC:SMON:IDC:STAT OFF;:FUNC:SMON:VDC:STAT OFF;:INIT:CONT OFF;:LIST:MODE SEQ;:LIST:STIM:TYPE FREQ,NONE;:SOUR:DCS:VOLT:LEV 0;:TRIG:DEL 0;:TRIG:SOUR INT;:TRIG:TDEL 0;:VOLT:LEV 1;:DISP:WIND:TEXT1:DATA:FMSD:STAT OFF;:DISP:WIND:TEXT2:DATA:FMSD:STAT OFF;:FUNC:DCR:RANG:VAL 100;:FUNC:IMP:RANG:VAL 1;:OUTP:DC:ISOL:LEV:VAL 0.02;:OUTP:DC:ISOL:STAT OFF;:FUNC:DCR:RANG:AUTO ON;:FUNC:IMP:RANG:AUTO ON;:OUTP:DC:ISOL:LEV:AUTO ON;:DISP:PAGE MEASurement;
"
20000.0,9.104800036e-12,5.8305113e-06,0.0100269,1.37488e-07
20000.0,-1.288997569e-11,4.091094079e-06,0.0100269,5.46924e-08
20000.0,-6.561714873e-13,2.119815051e-06,0.0100268,5.54333e-08
20000.0,-5.007930863e-11,1.022361441e-05,0.0100267,4.64814e-08
20000.0,2.922375399e-11,9.399819362e-06,0.0100267,8.60711e-08
20000.0,-2.835850963e-11,1.05092216e-05,0.0100268,5.0145e-08
20000.0,-2.450248687e-11,6.238052221e-06,0.0100267,8.10132e-08
20000.0,8.173053145e-12,5.906169626e-06,0.0100268,9.78412e-08
20000.0,-7.300288241e-14,6.933808419e-06,0.0100267,1.25769e-07
20000.0,-3.919954449e-11,1.155189369e-05,0.0100267,5.92041e-08
20000.0,2.141666566e-11,6.564015038e-06,0.0100268,2.27523e-08
20000.0,1.874737051e-12,3.261403362e-06,0.0100266,7.78376e-08
20000.0,-1.539519686e-12,1.106400352e-05,0.0100267,8.29426e-08
20000.0,5.27144964e-11,6.891480639e-06,0.0100269,1.12664e-07
20000.0,3.327164473e-11,5.048126409e-06,0.0100267,5.80803e-08
20000.0,2.535614454e-11,6.971701876e-06,0.0100267,6.59513e-08
Freq,20000,Rs,7.037795662625e-06,2.817742504882899e-06,Ls,1.4897985116431248e-12,2.7781565336983654e-11
":SOUR:DCS:STAT OFF;:BIAS:STAT OFF;:COMP:BIN:COUN:CLE;:LIST:CLE:ALL;:COMP:BIN:CLE;:AMPL:ALC OFF;:APER LONG,1;:BIAS:POL:AUTO OFF;:BIAS:RANG:AUTO ON;:BIAS:VOLT:LEV 0;:COMP:ABIN OFF;:COMP:BIN:COUN:STAT OFF;:COMP:MODE PTOL;:COMP:SLIM -9.9e+037,9.9e+037;:COMP:STAT OFF;:COMP:SWAP OFF;:COMP:TOL:NOM 0;:DISP:ENAB ON;:DISP:LINE """";:DISP:WIND:TEXT1:DATA:FMSD:DATA 1e-009;:DISP:WIND:TEXT2:DATA:FMSD:DATA 1e-009;:FORM:ASC:LONG ON;:FORM:BORD NORM;:FORM:DATA ASC,64;:FREQ:CW 20000;:FUNC:DEV1:MODE OFF;:FUNC:DEV1:REF:VAL 0;:FUNC:DEV2:MODE OFF;:FUNC:DEV2:REF:VAL 0;:FUNC:IMP:TYPE LSRS;:FUNC:SMON:IDC:STAT OFF;:FUNC:SMON:VDC:STAT OFF;:INIT:CONT OFF;:LIST:MODE SEQ;:LIST:STIM:TYPE FREQ,NONE;:SOUR:DCS:VOLT:LEV 0;:TRIG:DEL 0;:TRIG:SOUR INT;:TRIG:TDEL 0;:VOLT:LEV 1;:DISP:WIND:TEXT1:DATA:FMSD:STAT OFF;:DISP:WIND:TEXT2:DATA:FMSD:STAT OFF;:FUNC:DCR:RANG:VAL 100;:FUNC:IMP:RANG:VAL 1;:OUTP:DC:ISOL:LEV:VAL 0.02;:OUTP:DC:ISOL:STAT OFF;:FUNC:DCR:RANG:AUTO ON;:FUNC:IMP:RANG:AUTO ON;:OUTP:DC:ISOL:LEV:AUTO ON;:DISP:PAGE MEASurement;
"
30000.0,1.263459717e-11,-3.106495603e-07,0.0100174,4.48404e-08
30000.0,3.32641781e-11,2.546805193e-06,0.0100175,3.36979e-08
30000.0,4.356382113e-12,-4.233407724e-07,0.0100174,1.896e-08
30000.0,1.435228382e-12,4.21314565e-06,0.0100173,2.49027e-08
30000.0,2.499751194e-11,2.282385909e-06,0.0100174,6.74037e-08
30000.0,-4.608774655e-12,-4.232073956e-06,0.0100174,4.92992e-08
30000.0,3.001950018e-11,5.279361058e-06,0.0100175,6.44353e-08
30000.0,-3.88943256e-12,1.518460924e-06,0.0100174,6.76409e-08
30000.0,1.545262074e-11,2.38982042e-06,0.0100174,5.81566e-08
30000.0,2.646967035e-11,4.67484419e-06,0.0100175,1.35843e-08
30000.0,-2.246171272e-11,6.005136807e-06,0.0100174,3.77681e-08
30000.0,-5.039675668e-12,6.217536365e-06,0.0100175,7.56902e-09
30000.0,1.303488996e-11,5.408274421e-06,0.0100174,8.24237e-09
30000.0,6.72758346e-12,2.392011637e-06,0.0100176,5.69601e-08
30000.0,-1.1727484e-11,6.650915971e-06,0.0100176,3.57063e-08
30000.0,2.907641676e-12,6.005355753e-06,0.0100175,3.19355e-08
Freq,30000,Rs,3.1636243755812498e-06,3.0025356824538886e-06,Ls,7.72329527925e-12,1.5760104022524604e-11
":SOUR:DCS:STAT OFF;:BIAS:STAT OFF;:COMP:BIN:COUN:CLE;:LIST:CLE:ALL;:COMP:BIN:CLE;:AMPL:ALC OFF;:APER LONG,1;:BIAS:POL:AUTO OFF;:BIAS:RANG:AUTO ON;:BIAS:VOLT:LEV 0;:COMP:ABIN OFF;:COMP:BIN:COUN:STAT OFF;:COMP:MODE PTOL;:COMP:SLIM -9.9e+037,9.9e+037;:COMP:STAT OFF;:COMP:SWAP OFF;:COMP:TOL:NOM 0;:DISP:ENAB ON;:DISP:LINE """";:DISP:WIND:TEXT1:DATA:FMSD:DATA 1e-009;:DISP:WIND:TEXT2:DATA:FMSD:DATA 1e-009;:FORM:ASC:LONG ON;:FORM:BORD NORM;:FORM:DATA ASC,64;:FREQ:CW 30000;:FUNC:DEV1:MODE OFF;:FUNC:DEV1:REF:VAL 0;:FUNC:DEV2:MODE OFF;:FUNC:DEV2:REF:VAL 0;:FUNC:IMP:TYPE LSRS;:FUNC:SMON:IDC:STAT OFF;:FUNC:SMON:VDC:STAT OFF;:INIT:CONT OFF;:LIST:MODE SEQ;:LIST:STIM:TYPE FREQ,NONE;:SOUR:DCS:VOLT:LEV 0;:TRIG:DEL 0;:TRIG:SOUR INT;:TRIG:TDEL 0;:VOLT:LEV 1;:DISP:WIND:TEXT1:DATA:FMSD:STAT OFF;:DISP:WIND:TEXT2:DATA:FMSD:STAT OFF;:FUNC:DCR:RANG:VAL 100;:FUNC:IMP:RANG:VAL 1;:OUTP:DC:ISOL:LEV:VAL 0.02;:OUTP:DC:ISOL:STAT OFF;:FUNC:DCR:RANG:AUTO ON;:FUNC:IMP:RANG:AUTO ON;:OUTP:DC:ISOL:LEV:AUTO ON;:DISP:PAGE MEASurement;
"
":SOUR:DCS:STAT OFF;:BIAS:STAT OFF;:COMP:BIN:COUN:CLE;:LIST:CLE:ALL;:COMP:BIN:CLE;:AMPL:ALC OFF;:APER LONG,1;:BIAS:POL:AUTO OFF;:BIAS:RANG:AUTO ON;:BIAS:VOLT:LEV 0;:COMP:ABIN OFF;:COMP:BIN:COUN:STAT OFF;:COMP:MODE PTOL;:COMP:SLIM -9.9e+037,9.9e+037;:COMP:STAT OFF;:COMP:SWAP OFF;:COMP:TOL:NOM 0;:DISP:ENAB ON;:DISP:LINE """";:DISP:WIND:TEXT1:DATA:FMSD:DATA 1e-009;:DISP:WIND:TEXT2:DATA:FMSD:DATA 1e-009;:FORM:ASC:LONG ON;:FORM:BORD NORM;:FORM:DATA ASC,64;:FREQ:CW 30000;:FUNC:DEV1:MODE OFF;:FUNC:DEV1:REF:VAL 0;:FUNC:DEV2:MODE OFF;:FUNC:DEV2:REF:VAL 0;:FUNC:IMP:TYPE LSRS;:FUNC:SMON:IDC:STAT OFF;:FUNC:SMON:VDC:STAT OFF;:INIT:CONT OFF;:LIST:MODE SEQ;:LIST:STIM:TYPE FREQ,NONE;:SOUR:DCS:VOLT:LEV 0;:TRIG:DEL 0;:TRIG:SOUR INT;:TRIG:TDEL 0;:VOLT:LEV 1;:DISP:WIND:TEXT1:DATA:FMSD:STAT OFF;:DISP:WIND:TEXT2:DATA:FMSD:STAT OFF;:FUNC:DCR:RANG:VAL 100;:FUNC:IMP:RANG:VAL 1;:OUTP:DC:ISOL:LEV:VAL 0.02;:OUTP:DC:ISOL:STAT OFF;:FUNC:DCR:RANG:AUTO ON;:FUNC:IMP:RANG:AUTO ON;:OUTP:DC:ISOL:LEV:AUTO ON;:DISP:PAGE MEASurement;
"
2024-04-19,16:42:38
---------run finished---------
lcr name:,KeySight E4980A
Name and description of Resistor under test: ,42036A 100 ohm without zero CORR
2024-04-19,16:44:28
select the freq range,"[20, 30, 40, 50, 70, 100, 200, 300, 500, 800, 1000, 1200, 1591.549, 1800, 2000, 3000, 4000, 5000, 8000, 10000, 15000, 20000, 30000]"
20.0,-0.0001344117242,100.032458,0.0049973,0.499888
20.0,-0.0001346812616,100.0312197,0.00499726,0.499888
20.0,-0.0001345124141,100.030901,0.0049973,0.499887
20.0,-0.000138350835,100.0310119,0.00499739,0.499883
20.0,-0.0001310480732,100.0311373,0.00499735,0.499887
20.0,-0.000138103045,100.0306763,0.0049973,0.49989
20.0,-0.0001322672831,100.0295641,0.0049973,0.499889
20.0,-0.0001370199563,100.0305886,0.00499721,0.499879
20.0,-0.0001325514549,100.0305103,0.00499731,0.499881
20.0,-0.0001404927646,100.0319606,0.00499718,0.499881
20.0,-0.0001346369346,100.0306927,0.00499719,0.499884
20.0,-0.0001333929479,100.0332494,0.00499725,0.499886
20.0,-0.0001380429808,100.031298,0.00499729,0.49988
20.0,-0.0001333279824,100.0313994,0.00499727,0.499881
20.0,-0.0001397157719,100.0314293,0.00499737,0.499879
20.0,-0.00013387536,100.032121,0.00499731,0.499891
Freq,20,Rs,100.0312636,0.0008730392522686689,Ls,-0.00013540192434999997,2.8350467299678664e-06
":SOUR:DCS:STAT OFF;:BIAS:STAT OFF;:COMP:BIN:COUN:CLE;:LIST:CLE:ALL;:COMP:BIN:CLE;:AMPL:ALC OFF;:APER LONG,1;:BIAS:POL:AUTO OFF;:BIAS:RANG:AUTO ON;:BIAS:VOLT:LEV 0;:COMP:ABIN OFF;:COMP:BIN:COUN:STAT OFF;:COMP:MODE PTOL;:COMP:SLIM -9.9e+037,9.9e+037;:COMP:STAT OFF;:COMP:SWAP OFF;:COMP:TOL:NOM 0;:DISP:ENAB ON;:DISP:LINE """";:DISP:WIND:TEXT1:DATA:FMSD:DATA 1e-009;:DISP:WIND:TEXT2:DATA:FMSD:DATA 1e-009;:FORM:ASC:LONG ON;:FORM:BORD NORM;:FORM:DATA ASC,64;:FREQ:CW 20;:FUNC:DEV1:MODE OFF;:FUNC:DEV1:REF:VAL 0;:FUNC:DEV2:MODE OFF;:FUNC:DEV2:REF:VAL 0;:FUNC:IMP:TYPE LSRS;:FUNC:SMON:IDC:STAT OFF;:FUNC:SMON:VDC:STAT OFF;:INIT:CONT OFF;:LIST:MODE SEQ;:LIST:STIM:TYPE FREQ,NONE;:SOUR:DCS:VOLT:LEV 0;:TRIG:DEL 0;:TRIG:SOUR INT;:TRIG:TDEL 0;:VOLT:LEV 1;:DISP:WIND:TEXT1:DATA:FMSD:STAT OFF;:DISP:WIND:TEXT2:DATA:FMSD:STAT OFF;:FUNC:DCR:RANG:VAL 100;:FUNC:IMP:RANG:VAL 100;:OUTP:DC:ISOL:LEV:VAL 0.02;:OUTP:DC:ISOL:STAT OFF;:FUNC:DCR:RANG:AUTO ON;:FUNC:IMP:RANG:AUTO ON;:OUTP:DC:ISOL:LEV:AUTO ON;:DISP:PAGE MEASurement;
"
30.0,-6.572825741e-05,100.0273079,0.00499924,0.50006
30.0,-7.126326518e-05,100.0264091,0.00499924,0.500055
30.0,-6.734092546e-05,100.0261948,0.00499926,0.500056
30.0,-6.89192877e-05,100.0267515,0.00499929,0.500062
30.0,-6.947693956e-05,100.0268775,0.00499935,0.500057
30.0,-6.936689127e-05,100.0266318,0.0049993,0.500061
30.0,-6.556977814e-05,100.0273614,0.00499924,0.500063
30.0,-7.051879146e-05,100.0265849,0.00499924,0.500051
30.0,-6.97156542e-05,100.0261792,0.00499923,0.500058
30.0,-6.412891032e-05,100.0270023,0.00499927,0.500057
30.0,-7.206624926e-05,100.026808,0.00499925,0.500054
30.0,-6.879007877e-05,100.0266508,0.00499923,0.500056
30.0,-7.033789256e-05,100.0263205,0.00499922,0.500053
30.0,-6.796914434e-05,100.0253764,0.00499918,0.500057
30.0,-7.2902759e-05,100.0260742,0.00499921,0.500055
30.0,-6.846703745e-05,100.0267814,0.00499928,0.500051
Freq,30,Rs,100.02658198125,0.0004930812336315019,Ls,-6.891011638e-05,2.379712874917495e-06
":SOUR:DCS:STAT OFF;:BIAS:STAT OFF;:COMP:BIN:COUN:CLE;:LIST:CLE:ALL;:COMP:BIN:CLE;:AMPL:ALC OFF;:APER LONG,1;:BIAS:POL:AUTO OFF;:BIAS:RANG:AUTO ON;:BIAS:VOLT:LEV 0;:COMP:ABIN OFF;:COMP:BIN:COUN:STAT OFF;:COMP:MODE PTOL;:COMP:SLIM -9.9e+037,9.9e+037;:COMP:STAT OFF;:COMP:SWAP OFF;:COMP:TOL:NOM 0;:DISP:ENAB ON;:DISP:LINE """";:DISP:WIND:TEXT1:DATA:FMSD:DATA 1e-009;:DISP:WIND:TEXT2:DATA:FMSD:DATA 1e-009;:FORM:ASC:LONG ON;:FORM:BORD NORM;:FORM:DATA ASC,64;:FREQ:CW 30;:FUNC:DEV1:MODE OFF;:FUNC:DEV1:REF:VAL 0;:FUNC:DEV2:MODE OFF;:FUNC:DEV2:REF:VAL 0;:FUNC:IMP:TYPE LSRS;:FUNC:SMON:IDC:STAT OFF;:FUNC:SMON:VDC:STAT OFF;:INIT:CONT OFF;:LIST:MODE SEQ;:LIST:STIM:TYPE FREQ,NONE;:SOUR:DCS:VOLT:LEV 0;:TRIG:DEL 0;:TRIG:SOUR INT;:TRIG:TDEL 0;:VOLT:LEV 1;:DISP:WIND:TEXT1:DATA:FMSD:STAT OFF;:DISP:WIND:TEXT2:DATA:FMSD:STAT OFF;:FUNC:DCR:RANG:VAL 100;:FUNC:IMP:RANG:VAL 100;:OUTP:DC:ISOL:LEV:VAL 0.02;:OUTP:DC:ISOL:STAT OFF;:FUNC:DCR:RANG:AUTO ON;:FUNC:IMP:RANG:AUTO ON;:OUTP:DC:ISOL:LEV:AUTO ON;:DISP:PAGE MEASurement;
"
40.0,-4.135318149e-05,100.0249572,0.00499882,0.500003
40.0,-4.336196979e-05,100.0238328,0.00499873,0.499994
40.0,-4.248327823e-05,100.0241262,0.00499873,0.500006
40.0,-4.193418436e-05,100.0246262,0.00499878,0.5
40.0,-4.159490042e-05,100.0242533,0.0049987,0.500001
40.0,-4.519039024e-05,100.0248149,0.00499882,0.499995
40.0,-4.454016025e-05,100.0247836,0.00499872,0.500002
40.0,-4.104665189e-05,100.025168,0.00499886,0.500004
40.0,-4.33070662e-05,100.0246351,0.00499873,0.500001
40.0,-4.142307158e-05,100.0247237,0.00499878,0.500001
40.0,-4.412228196e-05,100.0247827,0.00499878,0.500008
40.0,-4.384092992e-05,100.0253299,0.00499879,0.500006
40.0,-4.479833242e-05,100.0242267,0.00499882,0.500011
40.0,-4.40395347e-05,100.0250017,0.00499883,0.500002
40.0,-4.287876475e-05,100.0247538,0.0049988,0.500006
40.0,-4.219489186e-05,100.0245667,0.00499876,0.500001
Freq,40,Rs,100.02466140625,0.00039258891896337336,Ls,-4.300684937875001e-05,1.3349213598073975e-06
":SOUR:DCS:STAT OFF;:BIAS:STAT OFF;:COMP:BIN:COUN:CLE;:LIST:CLE:ALL;:COMP:BIN:CLE;:AMPL:ALC OFF;:APER LONG,1;:BIAS:POL:AUTO OFF;:BIAS:RANG:AUTO ON;:BIAS:VOLT:LEV 0;:COMP:ABIN OFF;:COMP:BIN:COUN:STAT OFF;:COMP:MODE PTOL;:COMP:SLIM -9.9e+037,9.9e+037;:COMP:STAT OFF;:COMP:SWAP OFF;:COMP:TOL:NOM 0;:DISP:ENAB ON;:DISP:LINE """";:DISP:WIND:TEXT1:DATA:FMSD:DATA 1e-009;:DISP:WIND:TEXT2:DATA:FMSD:DATA 1e-009;:FORM:ASC:LONG ON;:FORM:BORD NORM;:FORM:DATA ASC,64;:FREQ:CW 40;:FUNC:DEV1:MODE OFF;:FUNC:DEV1:REF:VAL 0;:FUNC:DEV2:MODE OFF;:FUNC:DEV2:REF:VAL 0;:FUNC:IMP:TYPE LSRS;:FUNC:SMON:IDC:STAT OFF;:FUNC:SMON:VDC:STAT OFF;:INIT:CONT OFF;:LIST:MODE SEQ;:LIST:STIM:TYPE FREQ,NONE;:SOUR:DCS:VOLT:LEV 0;:TRIG:DEL 0;:TRIG:SOUR INT;:TRIG:TDEL 0;:VOLT:LEV 1;:DISP:WIND:TEXT1:DATA:FMSD:STAT OFF;:DISP:WIND:TEXT2:DATA:FMSD:STAT OFF;:FUNC:DCR:RANG:VAL 100;:FUNC:IMP:RANG:VAL 100;:OUTP:DC:ISOL:LEV:VAL 0.02;:OUTP:DC:ISOL:STAT OFF;:FUNC:DCR:RANG:AUTO ON;:FUNC:IMP:RANG:AUTO ON;:OUTP:DC:ISOL:LEV:AUTO ON;:DISP:PAGE MEASurement;
"
50.0,-3.237588267e-05,100.0209767,0.00501433,0.501546
50.0,-3.182211079e-05,100.0202089,0.00501446,0.501541
50.0,-3.210313489e-05,100.0205756,0.00501433,0.501544
50.0,-2.937906443e-05,100.0206187,0.00501446,0.501537
50.0,-2.864401857e-05,100.0202086,0.00501445,0.501543
50.0,-3.140442697e-05,100.0205282,0.00501436,0.50155
50.0,-2.926417638e-05,100.0195487,0.00501443,0.501547
50.0,-2.906585527e-05,100.0202602,0.00501438,0.501549
50.0,-2.826057755e-05,100.0204124,0.00501447,0.501543
50.0,-2.786402725e-05,100.020105,0.00501441,0.501547
50.0,-2.875298503e-05,100.0201711,0.00501444,0.501548
50.0,-2.783469742e-05,100.0198524,0.00501446,0.501552
50.0,-2.816819931e-05,100.0210458,0.00501441,0.501545
50.0,-2.827818725e-05,100.0205164,0.00501448,0.501546
50.0,-2.780071637e-05,100.0207261,0.00501447,0.501549
50.0,-2.825852598e-05,100.0202704,0.00501445,0.501544
Freq,50,Rs,100.020376575,0.00038552960024694645,Ls,-2.9329786633125002e-05,1.6295826983842357e-06
":SOUR:DCS:STAT OFF;:BIAS:STAT OFF;:COMP:BIN:COUN:CLE;:LIST:CLE:ALL;:COMP:BIN:CLE;:AMPL:ALC OFF;:APER LONG,1;:BIAS:POL:AUTO OFF;:BIAS:RANG:AUTO ON;:BIAS:VOLT:LEV 0;:COMP:ABIN OFF;:COMP:BIN:COUN:STAT OFF;:COMP:MODE PTOL;:COMP:SLIM -9.9e+037,9.9e+037;:COMP:STAT OFF;:COMP:SWAP OFF;:COMP:TOL:NOM 0;:DISP:ENAB ON;:DISP:LINE """";:DISP:WIND:TEXT1:DATA:FMSD:DATA 1e-009;:DISP:WIND:TEXT2:DATA:FMSD:DATA 1e-009;:FORM:ASC:LONG ON;:FORM:BORD NORM;:FORM:DATA ASC,64;:FREQ:CW 50;:FUNC:DEV1:MODE OFF;:FUNC:DEV1:REF:VAL 0;:FUNC:DEV2:MODE OFF;:FUNC:DEV2:REF:VAL 0;:FUNC:IMP:TYPE LSRS;:FUNC:SMON:IDC:STAT OFF;:FUNC:SMON:VDC:STAT OFF;:INIT:CONT OFF;:LIST:MODE SEQ;:LIST:STIM:TYPE FREQ,NONE;:SOUR:DCS:VOLT:LEV 0;:TRIG:DEL 0;:TRIG:SOUR INT;:TRIG:TDEL 0;:VOLT:LEV 1;:DISP:WIND:TEXT1:DATA:FMSD:STAT OFF;:DISP:WIND:TEXT2:DATA:FMSD:STAT OFF;:FUNC:DCR:RANG:VAL 100;:FUNC:IMP:RANG:VAL 100;:OUTP:DC:ISOL:LEV:VAL 0.02;:OUTP:DC:ISOL:STAT OFF;:FUNC:DCR:RANG:AUTO ON;:FUNC:IMP:RANG:AUTO ON;:OUTP:DC:ISOL:LEV:AUTO ON;:DISP:PAGE MEASurement;
"
70.0,-1.436482192e-05,100.019532,0.00501308,0.501404
70.0,-1.396076526e-05,100.0197132,0.00501304,0.501405
70.0,-1.420687315e-05,100.0193291,0.00501312,0.501405
70.0,-1.526765611e-05,100.019145,0.00501307,0.501402
70.0,-1.469150042e-05,100.0197189,0.005013,0.501408
70.0,-1.303610613e-05,100.0193436,0.00501301,0.501406
70.0,-1.434619048e-05,100.0192152,0.00501309,0.501399
70.0,-1.408877191e-05,100.0194789,0.00501302,0.501399
70.0,-1.42539999e-05,100.0190316,0.00501307,0.501401
70.0,-1.458621559e-05,100.0197207,0.00501306,0.501402
70.0,-1.329202452e-05,100.0196854,0.00501306,0.501405
70.0,-1.455433e-05,100.0197274,0.00501309,0.501405
70.0,-1.445504235e-05,100.0197327,0.00501306,0.501403
70.0,-1.428377455e-05,100.0195657,0.00501308,0.501404
70.0,-1.504792292e-05,100.0194595,0.00501307,0.501406
70.0,-1.430656213e-05,100.0199963,0.00501307,0.501401
Freq,70,Rs,100.0195247,0.0002590358688160287,Ls,-1.4296409833749999e-05,5.54378019071931e-07
":SOUR:DCS:STAT OFF;:BIAS:STAT OFF;:COMP:BIN:COUN:CLE;:LIST:CLE:ALL;:COMP:BIN:CLE;:AMPL:ALC OFF;:APER LONG,1;:BIAS:POL:AUTO OFF;:BIAS:RANG:AUTO ON;:BIAS:VOLT:LEV 0;:COMP:ABIN OFF;:COMP:BIN:COUN:STAT OFF;:COMP:MODE PTOL;:COMP:SLIM -9.9e+037,9.9e+037;:COMP:STAT OFF;:COMP:SWAP OFF;:COMP:TOL:NOM 0;:DISP:ENAB ON;:DISP:LINE """";:DISP:WIND:TEXT1:DATA:FMSD:DATA 1e-009;:DISP:WIND:TEXT2:DATA:FMSD:DATA 1e-009;:FORM:ASC:LONG ON;:FORM:BORD NORM;:FORM:DATA ASC,64;:FREQ:CW 70;:FUNC:DEV1:MODE OFF;:FUNC:DEV1:REF:VAL 0;:FUNC:DEV2:MODE OFF;:FUNC:DEV2:REF:VAL 0;:FUNC:IMP:TYPE LSRS;:FUNC:SMON:IDC:STAT OFF;:FUNC:SMON:VDC:STAT OFF;:INIT:CONT OFF;:LIST:MODE SEQ;:LIST:STIM:TYPE FREQ,NONE;:SOUR:DCS:VOLT:LEV 0;:TRIG:DEL 0;:TRIG:SOUR INT;:TRIG:TDEL 0;:VOLT:LEV 1;:DISP:WIND:TEXT1:DATA:FMSD:STAT OFF;:DISP:WIND:TEXT2:DATA:FMSD:STAT OFF;:FUNC:DCR:RANG:VAL 100;:FUNC:IMP:RANG:VAL 100;:OUTP:DC:ISOL:LEV:VAL 0.02;:OUTP:DC:ISOL:STAT OFF;:FUNC:DCR:RANG:AUTO ON;:FUNC:IMP:RANG:AUTO ON;:OUTP:DC:ISOL:LEV:AUTO ON;:DISP:PAGE MEASurement;
"
100.0,-7.450284821e-06,100.0190472,0.00500977,0.501078
100.0,-8.007637804e-06,100.0193546,0.0050097,0.501075
100.0,-7.719122206e-06,100.0198455,0.00500976,0.501072
100.0,-7.096780785e-06,100.0194852,0.00500977,0.501073
100.0,-7.890884463e-06,100.0187482,0.00500972,0.501067
100.0,-7.287370279e-06,100.0196518,0.00500973,0.501074
100.0,-7.893548959e-06,100.0188853,0.00500979,0.501078
100.0,-7.186699384e-06,100.0193404,0.00500976,0.501074
100.0,-7.112067312e-06,100.019455,0.00500982,0.501084
100.0,-8.258922374e-06,100.0190445,0.00500981,0.501082
100.0,-7.044558371e-06,100.0188453,0.0050098,0.501077
100.0,-7.535287594e-06,100.018951,0.00500977,0.501073
100.0,-7.567320039e-06,100.019358,0.00500976,0.50107
100.0,-6.938703428e-06,100.019432,0.00500973,0.501069
100.0,-7.866263738e-06,100.0191673,0.00500979,0.501077
100.0,-7.878895949e-06,100.0194035,0.00500978,0.501067
Freq,100,Rs,100.019250925,0.00030865808591406147,Ls,-7.545896719125e-06,4.017070510016123e-07
":SOUR:DCS:STAT OFF;:BIAS:STAT OFF;:COMP:BIN:COUN:CLE;:LIST:CLE:ALL;:COMP:BIN:CLE;:AMPL:ALC OFF;:APER LONG,1;:BIAS:POL:AUTO OFF;:BIAS:RANG:AUTO ON;:BIAS:VOLT:LEV 0;:COMP:ABIN OFF;:COMP:BIN:COUN:STAT OFF;:COMP:MODE PTOL;:COMP:SLIM -9.9e+037,9.9e+037;:COMP:STAT OFF;:COMP:SWAP OFF;:COMP:TOL:NOM 0;:DISP:ENAB ON;:DISP:LINE """";:DISP:WIND:TEXT1:DATA:FMSD:DATA 1e-009;:DISP:WIND:TEXT2:DATA:FMSD:DATA 1e-009;:FORM:ASC:LONG ON;:FORM:BORD NORM;:FORM:DATA ASC,64;:FREQ:CW 100;:FUNC:DEV1:MODE OFF;:FUNC:DEV1:REF:VAL 0;:FUNC:DEV2:MODE OFF;:FUNC:DEV2:REF:VAL 0;:FUNC:IMP:TYPE LSRS;:FUNC:SMON:IDC:STAT OFF;:FUNC:SMON:VDC:STAT OFF;:INIT:CONT OFF;:LIST:MODE SEQ;:LIST:STIM:TYPE FREQ,NONE;:SOUR:DCS:VOLT:LEV 0;:TRIG:DEL 0;:TRIG:SOUR INT;:TRIG:TDEL 0;:VOLT:LEV 1;:DISP:WIND:TEXT1:DATA:FMSD:STAT OFF;:DISP:WIND:TEXT2:DATA:FMSD:STAT OFF;:FUNC:DCR:RANG:VAL 100;:FUNC:IMP:RANG:VAL 100;:OUTP:DC:ISOL:LEV:VAL 0.02;:OUTP:DC:ISOL:STAT OFF;:FUNC:DCR:RANG:AUTO ON;:FUNC:IMP:RANG:AUTO ON;:OUTP:DC:ISOL:LEV:AUTO ON;:DISP:PAGE MEASurement;
"
200.0,-6.543825742e-06,100.0217266,0.00500481,0.500593
200.0,-6.680309486e-06,100.02133,0.00500484,0.500592
200.0,-6.868930373e-06,100.021839,0.00500478,0.500588
200.0,-6.814690081e-06,100.0218157,0.00500483,0.500592
200.0,-6.883749302e-06,100.0217743,0.00500483,0.500599
200.0,-6.687509709e-06,100.0217812,0.00500481,0.500595
200.0,-6.47305412e-06,100.0218713,0.00500489,0.500602
200.0,-6.499260352e-06,100.0218199,0.00500488,0.500596
200.0,-6.813725879e-06,100.0214196,0.00500488,0.500592
200.0,-6.734171812e-06,100.021814,0.00500487,0.5006
200.0,-6.602396135e-06,100.0216776,0.00500479,0.500596
200.0,-6.743771009e-06,100.0216291,0.0050049,0.500591
200.0,-6.689580919e-06,100.0216884,0.00500487,0.500593
200.0,-6.618533656e-06,100.0217499,0.00500484,0.500589
200.0,-6.611189526e-06,100.0213573,0.00500485,0.500592
200.0,-6.440341041e-06,100.02149,0.00500479,0.500591
Freq,200,Rs,100.02167399375,0.00017825900059024365,Ls,-6.669064946375e-06,1.37714079144607e-07
":SOUR:DCS:STAT OFF;:BIAS:STAT OFF;:COMP:BIN:COUN:CLE;:LIST:CLE:ALL;:COMP:BIN:CLE;:AMPL:ALC OFF;:APER LONG,1;:BIAS:POL:AUTO OFF;:BIAS:RANG:AUTO ON;:BIAS:VOLT:LEV 0;:COMP:ABIN OFF;:COMP:BIN:COUN:STAT OFF;:COMP:MODE PTOL;:COMP:SLIM -9.9e+037,9.9e+037;:COMP:STAT OFF;:COMP:SWAP OFF;:COMP:TOL:NOM 0;:DISP:ENAB ON;:DISP:LINE """";:DISP:WIND:TEXT1:DATA:FMSD:DATA 1e-009;:DISP:WIND:TEXT2:DATA:FMSD:DATA 1e-009;:FORM:ASC:LONG ON;:FORM:BORD NORM;:FORM:DATA ASC,64;:FREQ:CW 200;:FUNC:DEV1:MODE OFF;:FUNC:DEV1:REF:VAL 0;:FUNC:DEV2:MODE OFF;:FUNC:DEV2:REF:VAL 0;:FUNC:IMP:TYPE LSRS;:FUNC:SMON:IDC:STAT OFF;:FUNC:SMON:VDC:STAT OFF;:INIT:CONT OFF;:LIST:MODE SEQ;:LIST:STIM:TYPE FREQ,NONE;:SOUR:DCS:VOLT:LEV 0;:TRIG:DEL 0;:TRIG:SOUR INT;:TRIG:TDEL 0;:VOLT:LEV 1;:DISP:WIND:TEXT1:DATA:FMSD:STAT OFF;:DISP:WIND:TEXT2:DATA:FMSD:STAT OFF;:FUNC:DCR:RANG:VAL 100;:FUNC:IMP:RANG:VAL 100;:OUTP:DC:ISOL:LEV:VAL 0.02;:OUTP:DC:ISOL:STAT OFF;:FUNC:DCR:RANG:AUTO ON;:FUNC:IMP:RANG:AUTO ON;:OUTP:DC:ISOL:LEV:AUTO ON;:DISP:PAGE MEASurement;
"
300.0,-2.81320923e-06,100.0207178,0.00500464,0.500571
300.0,-2.807692304e-06,100.020859,0.00500462,0.500565
300.0,-2.758839646e-06,100.020817,0.0050046,0.500568
300.0,-2.914210833e-06,100.0210919,0.0050046,0.500568
300.0,-2.91646204e-06,100.0210096,0.0050046,0.500567
300.0,-3.227226441e-06,100.021051,0.00500459,0.50057
300.0,-2.960130014e-06,100.0210731,0.0050046,0.500564
300.0,-2.87501091e-06,100.0211873,0.00500464,0.500563
300.0,-2.899309856e-06,100.0211551,0.00500462,0.500571
300.0,-2.894675199e-06,100.0211192,0.00500458,0.500565
300.0,-2.793044718e-06,100.0210069,0.00500456,0.500561
300.0,-2.965160534e-06,100.0208708,0.00500462,0.500559
300.0,-2.810687902e-06,100.0209279,0.00500455,0.500555
300.0,-2.845513289e-06,100.021233,0.00500452,0.500559
300.0,-2.815395004e-06,100.0206438,0.00500455,0.500558
300.0,-2.744508907e-06,100.0206413,0.00500461,0.500566
Freq,300,Rs,100.02096279374999,0.00018840701851302987,Ls,-2.8775673016875e-06,1.1480802452454023e-07
":SOUR:DCS:STAT OFF;:BIAS:STAT OFF;:COMP:BIN:COUN:CLE;:LIST:CLE:ALL;:COMP:BIN:CLE;:AMPL:ALC OFF;:APER LONG,1;:BIAS:POL:AUTO OFF;:BIAS:RANG:AUTO ON;:BIAS:VOLT:LEV 0;:COMP:ABIN OFF;:COMP:BIN:COUN:STAT OFF;:COMP:MODE PTOL;:COMP:SLIM -9.9e+037,9.9e+037;:COMP:STAT OFF;:COMP:SWAP OFF;:COMP:TOL:NOM 0;:DISP:ENAB ON;:DISP:LINE """";:DISP:WIND:TEXT1:DATA:FMSD:DATA 1e-009;:DISP:WIND:TEXT2:DATA:FMSD:DATA 1e-009;:FORM:ASC:LONG ON;:FORM:BORD NORM;:FORM:DATA ASC,64;:FREQ:CW 300;:FUNC:DEV1:MODE OFF;:FUNC:DEV1:REF:VAL 0;:FUNC:DEV2:MODE OFF;:FUNC:DEV2:REF:VAL 0;:FUNC:IMP:TYPE LSRS;:FUNC:SMON:IDC:STAT OFF;:FUNC:SMON:VDC:STAT OFF;:INIT:CONT OFF;:LIST:MODE SEQ;:LIST:STIM:TYPE FREQ,NONE;:SOUR:DCS:VOLT:LEV 0;:TRIG:DEL 0;:TRIG:SOUR INT;:TRIG:TDEL 0;:VOLT:LEV 1;:DISP:WIND:TEXT1:DATA:FMSD:STAT OFF;:DISP:WIND:TEXT2:DATA:FMSD:STAT OFF;:FUNC:DCR:RANG:VAL 100;:FUNC:IMP:RANG:VAL 100;:OUTP:DC:ISOL:LEV:VAL 0.02;:OUTP:DC:ISOL:STAT OFF;:FUNC:DCR:RANG:AUTO ON;:FUNC:IMP:RANG:AUTO ON;:OUTP:DC:ISOL:LEV:AUTO ON;:DISP:PAGE MEASurement;
"
500.0,-1.081040181e-06,100.0202502,0.00500684,0.500784
500.0,-1.116759414e-06,100.0201815,0.00500678,0.500785
500.0,-1.113982585e-06,100.0202501,0.00500683,0.500785
500.0,-1.041165558e-06,100.0205395,0.00500683,0.500783
500.0,-1.054695316e-06,100.01989,0.00500683,0.500781
500.0,-1.044271509e-06,100.0201292,0.00500679,0.500778
500.0,-1.159025607e-06,100.0204703,0.00500681,0.500784
500.0,-1.227359498e-06,100.0202511,0.00500678,0.500781
500.0,-1.198104225e-06,100.0201493,0.00500679,0.50079
500.0,-1.105309997e-06,100.0202691,0.00500687,0.500786
500.0,-1.092518449e-06,100.0205666,0.00500688,0.500789
500.0,-1.040417478e-06,100.0202435,0.00500688,0.500795
500.0,-1.147045763e-06,100.0203972,0.00500684,0.500783
500.0,-1.123977784e-06,100.0202346,0.00500687,0.500785
500.0,-1.14486378e-06,100.020058,0.00500687,0.500789
500.0,-1.075286314e-06,100.0200695,0.00500685,0.50079
Freq,500,Rs,100.02024685625,0.0001794812375271789,Ls,-1.110363966125e-06,5.544478327914437e-08
":SOUR:DCS:STAT OFF;:BIAS:STAT OFF;:COMP:BIN:COUN:CLE;:LIST:CLE:ALL;:COMP:BIN:CLE;:AMPL:ALC OFF;:APER LONG,1;:BIAS:POL:AUTO OFF;:BIAS:RANG:AUTO ON;:BIAS:VOLT:LEV 0;:COMP:ABIN OFF;:COMP:BIN:COUN:STAT OFF;:COMP:MODE PTOL;:COMP:SLIM -9.9e+037,9.9e+037;:COMP:STAT OFF;:COMP:SWAP OFF;:COMP:TOL:NOM 0;:DISP:ENAB ON;:DISP:LINE """";:DISP:WIND:TEXT1:DATA:FMSD:DATA 1e-009;:DISP:WIND:TEXT2:DATA:FMSD:DATA 1e-009;:FORM:ASC:LONG ON;:FORM:BORD NORM;:FORM:DATA ASC,64;:FREQ:CW 500;:FUNC:DEV1:MODE OFF;:FUNC:DEV1:REF:VAL 0;:FUNC:DEV2:MODE OFF;:FUNC:DEV2:REF:VAL 0;:FUNC:IMP:TYPE LSRS;:FUNC:SMON:IDC:STAT OFF;:FUNC:SMON:VDC:STAT OFF;:INIT:CONT OFF;:LIST:MODE SEQ;:LIST:STIM:TYPE FREQ,NONE;:SOUR:DCS:VOLT:LEV 0;:TRIG:DEL 0;:TRIG:SOUR INT;:TRIG:TDEL 0;:VOLT:LEV 1;:DISP:WIND:TEXT1:DATA:FMSD:STAT OFF;:DISP:WIND:TEXT2:DATA:FMSD:STAT OFF;:FUNC:DCR:RANG:VAL 100;:FUNC:IMP:RANG:VAL 100;:OUTP:DC:ISOL:LEV:VAL 0.02;:OUTP:DC:ISOL:STAT OFF;:FUNC:DCR:RANG:AUTO ON;:FUNC:IMP:RANG:AUTO ON;:OUTP:DC:ISOL:LEV:AUTO ON;:DISP:PAGE MEASurement;
"
800.0,-4.764075628e-07,100.0191479,0.00501375,0.501471
800.0,-4.619485197e-07,100.0193114,0.00501375,0.501465
800.0,-4.779372685e-07,100.0192107,0.00501373,0.501473
800.0,-4.51598106e-07,100.0190941,0.00501372,0.501476
800.0,-5.024163021e-07,100.0191586,0.00501376,0.501467
800.0,-4.509190348e-07,100.0193602,0.00501378,0.501475
800.0,-4.352174543e-07,100.0189836,0.00501374,0.501474
800.0,-4.207898831e-07,100.0190949,0.00501372,0.501471
800.0,-4.170418815e-07,100.0187232,0.00501375,0.501469
800.0,-4.775090678e-07,100.0192209,0.00501375,0.501476
800.0,-4.9442751e-07,100.0187327,0.0050137,0.50147
800.0,-4.909247857e-07,100.0192359,0.0050137,0.501472
800.0,-5.159671971e-07,100.0190256,0.00501374,0.501469
800.0,-4.821643866e-07,100.0193038,0.00501367,0.501466
800.0,-3.885833221e-07,100.0189402,0.00501375,0.501472
800.0,-4.658231538e-07,100.0190275,0.00501372,0.501472
Freq,800,Rs,100.0190982,0.0001882852516790324,Ls,-4.6310471474375005e-07,3.424979811720777e-08
":SOUR:DCS:STAT OFF;:BIAS:STAT OFF;:COMP:BIN:COUN:CLE;:LIST:CLE:ALL;:COMP:BIN:CLE;:AMPL:ALC OFF;:APER LONG,1;:BIAS:POL:AUTO OFF;:BIAS:RANG:AUTO ON;:BIAS:VOLT:LEV 0;:COMP:ABIN OFF;:COMP:BIN:COUN:STAT OFF;:COMP:MODE PTOL;:COMP:SLIM -9.9e+037,9.9e+037;:COMP:STAT OFF;:COMP:SWAP OFF;:COMP:TOL:NOM 0;:DISP:ENAB ON;:DISP:LINE """";:DISP:WIND:TEXT1:DATA:FMSD:DATA 1e-009;:DISP:WIND:TEXT2:DATA:FMSD:DATA 1e-009;:FORM:ASC:LONG ON;:FORM:BORD NORM;:FORM:DATA ASC,64;:FREQ:CW 800;:FUNC:DEV1:MODE OFF;:FUNC:DEV1:REF:VAL 0;:FUNC:DEV2:MODE OFF;:FUNC:DEV2:REF:VAL 0;:FUNC:IMP:TYPE LSRS;:FUNC:SMON:IDC:STAT OFF;:FUNC:SMON:VDC:STAT OFF;:INIT:CONT OFF;:LIST:MODE SEQ;:LIST:STIM:TYPE FREQ,NONE;:SOUR:DCS:VOLT:LEV 0;:TRIG:DEL 0;:TRIG:SOUR INT;:TRIG:TDEL 0;:VOLT:LEV 1;:DISP:WIND:TEXT1:DATA:FMSD:STAT OFF;:DISP:WIND:TEXT2:DATA:FMSD:STAT OFF;:FUNC:DCR:RANG:VAL 100;:FUNC:IMP:RANG:VAL 100;:OUTP:DC:ISOL:LEV:VAL 0.02;:OUTP:DC:ISOL:STAT OFF;:FUNC:DCR:RANG:AUTO ON;:FUNC:IMP:RANG:AUTO ON;:OUTP:DC:ISOL:LEV:AUTO ON;:DISP:PAGE MEASurement;
"
1000.0,3.083557602e-07,100.0189683,0.00499696,0.499784
1000.0,3.074549157e-07,100.0188795,0.00499694,0.49979
1000.0,3.068381171e-07,100.018879,0.00499694,0.499793
1000.0,3.491443629e-07,100.0187683,0.00499697,0.499796
1000.0,3.300168955e-07,100.0189604,0.00499692,0.499789
1000.0,2.934974762e-07,100.0187745,0.00499695,0.499788
1000.0,2.931676163e-07,100.0186973,0.00499701,0.499792
1000.0,3.138748378e-07,100.0186417,0.00499691,0.49979
1000.0,2.806580682e-07,100.0189163,0.00499691,0.499795
1000.0,3.553844988e-07,100.0186063,0.0049969,0.499784
1000.0,3.055065061e-07,100.0185558,0.00499697,0.499778
1000.0,3.483292726e-07,100.0188196,0.00499691,0.499782
1000.0,2.889343712e-07,100.0185353,0.00499688,0.499786
1000.0,3.21398983e-07,100.0184164,0.00499684,0.499785
1000.0,3.141102016e-07,100.0188938,0.00499693,0.499789
1000.0,3.265116353e-07,100.0187502,0.00499686,0.499786
Freq,1000,Rs,100.01875391875,0.00016521836547790254,Ls,3.1519896990625e-07,2.215640709740425e-08
":SOUR:DCS:STAT OFF;:BIAS:STAT OFF;:COMP:BIN:COUN:CLE;:LIST:CLE:ALL;:COMP:BIN:CLE;:AMPL:ALC OFF;:APER LONG,1;:BIAS:POL:AUTO OFF;:BIAS:RANG:AUTO ON;:BIAS:VOLT:LEV 0;:COMP:ABIN OFF;:COMP:BIN:COUN:STAT OFF;:COMP:MODE PTOL;:COMP:SLIM -9.9e+037,9.9e+037;:COMP:STAT OFF;:COMP:SWAP OFF;:COMP:TOL:NOM 0;:DISP:ENAB ON;:DISP:LINE """";:DISP:WIND:TEXT1:DATA:FMSD:DATA 1e-009;:DISP:WIND:TEXT2:DATA:FMSD:DATA 1e-009;:FORM:ASC:LONG ON;:FORM:BORD NORM;:FORM:DATA ASC,64;:FREQ:CW 1000;:FUNC:DEV1:MODE OFF;:FUNC:DEV1:REF:VAL 0;:FUNC:DEV2:MODE OFF;:FUNC:DEV2:REF:VAL 0;:FUNC:IMP:TYPE LSRS;:FUNC:SMON:IDC:STAT OFF;:FUNC:SMON:VDC:STAT OFF;:INIT:CONT OFF;:LIST:MODE SEQ;:LIST:STIM:TYPE FREQ,NONE;:SOUR:DCS:VOLT:LEV 0;:TRIG:DEL 0;:TRIG:SOUR INT;:TRIG:TDEL 0;:VOLT:LEV 1;:DISP:WIND:TEXT1:DATA:FMSD:STAT OFF;:DISP:WIND:TEXT2:DATA:FMSD:STAT OFF;:FUNC:DCR:RANG:VAL 100;:FUNC:IMP:RANG:VAL 100;:OUTP:DC:ISOL:LEV:VAL 0.02;:OUTP:DC:ISOL:STAT OFF;:FUNC:DCR:RANG:AUTO ON;:FUNC:IMP:RANG:AUTO ON;:OUTP:DC:ISOL:LEV:AUTO ON;:DISP:PAGE MEASurement;
"
1200.0,5.251555248e-07,100.0249424,0.00502352,0.502482
1200.0,4.625076618e-07,100.0250869,0.00502354,0.50248
1200.0,4.832260157e-07,100.0252072,0.00502359,0.502488
1200.0,5.053858435e-07,100.0252593,0.00502356,0.502481
1200.0,4.555173153e-07,100.025324,0.00502353,0.502483
1200.0,4.975514215e-07,100.0256126,0.00502346,0.502478
1200.0,5.081578904e-07,100.0251702,0.00502353,0.502486
1200.0,4.746259698e-07,100.0250056,0.00502353,0.502474
1200.0,4.549765662e-07,100.0253148,0.0050236,0.502486
1200.0,4.748325185e-07,100.0253863,0.00502354,0.502484
1200.0,4.448343144e-07,100.02541,0.00502356,0.502482
1200.0,5.016734718e-07,100.0252876,0.00502355,0.502485
1200.0,4.669797836e-07,100.0255078,0.00502346,0.502478
1200.0,5.153930904e-07,100.0254696,0.00502349,0.502484
1200.0,4.879820375e-07,100.0250711,0.0050235,0.502485
1200.0,4.666181685e-07,100.0253781,0.00502357,0.502477
Freq,1200,Rs,100.02527709374999,0.00018749880521670972,Ls,4.828385996062501e-07,2.397825899521725e-08
":SOUR:DCS:STAT OFF;:BIAS:STAT OFF;:COMP:BIN:COUN:CLE;:LIST:CLE:ALL;:COMP:BIN:CLE;:AMPL:ALC OFF;:APER LONG,1;:BIAS:POL:AUTO OFF;:BIAS:RANG:AUTO ON;:BIAS:VOLT:LEV 0;:COMP:ABIN OFF;:COMP:BIN:COUN:STAT OFF;:COMP:MODE PTOL;:COMP:SLIM -9.9e+037,9.9e+037;:COMP:STAT OFF;:COMP:SWAP OFF;:COMP:TOL:NOM 0;:DISP:ENAB ON;:DISP:LINE """";:DISP:WIND:TEXT1:DATA:FMSD:DATA 1e-009;:DISP:WIND:TEXT2:DATA:FMSD:DATA 1e-009;:FORM:ASC:LONG ON;:FORM:BORD NORM;:FORM:DATA ASC,64;:FREQ:CW 1200;:FUNC:DEV1:MODE OFF;:FUNC:DEV1:REF:VAL 0;:FUNC:DEV2:MODE OFF;:FUNC:DEV2:REF:VAL 0;:FUNC:IMP:TYPE LSRS;:FUNC:SMON:IDC:STAT OFF;:FUNC:SMON:VDC:STAT OFF;:INIT:CONT OFF;:LIST:MODE SEQ;:LIST:STIM:TYPE FREQ,NONE;:SOUR:DCS:VOLT:LEV 0;:TRIG:DEL 0;:TRIG:SOUR INT;:TRIG:TDEL 0;:VOLT:LEV 1;:DISP:WIND:TEXT1:DATA:FMSD:STAT OFF;:DISP:WIND:TEXT2:DATA:FMSD:STAT OFF;:FUNC:DCR:RANG:VAL 100;:FUNC:IMP:RANG:VAL 100;:OUTP:DC:ISOL:LEV:VAL 0.02;:OUTP:DC:ISOL:STAT OFF;:FUNC:DCR:RANG:AUTO ON;:FUNC:IMP:RANG:AUTO ON;:OUTP:DC:ISOL:LEV:AUTO ON;:DISP:PAGE MEASurement;
"
1591.549,2.275050608e-07,100.0235235,0.00502907,0.503026
1591.549,2.404574251e-07,100.0235527,0.00502903,0.503028
1591.549,2.548704442e-07,100.0235336,0.00502904,0.503025
1591.549,2.05816644e-07,100.0233413,0.0050291,0.503027
1591.549,2.380074026e-07,100.0236202,0.0050291,0.503031
1591.549,2.426349898e-07,100.0233544,0.00502906,0.503021
1591.549,2.162558039e-07,100.0234125,0.00502914,0.503029
1591.549,2.290466466e-07,100.0234501,0.00502915,0.503034
1591.549,2.392688896e-07,100.0233574,0.00502911,0.503026
1591.549,2.359191454e-07,100.0233768,0.00502913,0.503032
1591.549,2.302277651e-07,100.0235003,0.00502909,0.503029
1591.549,2.341489362e-07,100.0233186,0.00502915,0.503034
1591.549,2.369125831e-07,100.0235239,0.00502903,0.503027
1591.549,2.322547497e-07,100.02333,0.00502912,0.503024
1591.549,2.059237564e-07,100.0235402,0.00502912,0.503024
1591.549,2.492685563e-07,100.0236528,0.00502909,0.503027
Freq,1591.549,Rs,100.02346176875,0.00010798331178807718,Ls,2.32407424925e-07,1.3618181313345919e-08
":SOUR:DCS:STAT OFF;:BIAS:STAT OFF;:COMP:BIN:COUN:CLE;:LIST:CLE:ALL;:COMP:BIN:CLE;:AMPL:ALC OFF;:APER LONG,1;:BIAS:POL:AUTO OFF;:BIAS:RANG:AUTO ON;:BIAS:VOLT:LEV 0;:COMP:ABIN OFF;:COMP:BIN:COUN:STAT OFF;:COMP:MODE PTOL;:COMP:SLIM -9.9e+037,9.9e+037;:COMP:STAT OFF;:COMP:SWAP OFF;:COMP:TOL:NOM 0;:DISP:ENAB ON;:DISP:LINE """";:DISP:WIND:TEXT1:DATA:FMSD:DATA 1e-009;:DISP:WIND:TEXT2:DATA:FMSD:DATA 1e-009;:FORM:ASC:LONG ON;:FORM:BORD NORM;:FORM:DATA ASC,64;:FREQ:CW 1592;:FUNC:DEV1:MODE OFF;:FUNC:DEV1:REF:VAL 0;:FUNC:DEV2:MODE OFF;:FUNC:DEV2:REF:VAL 0;:FUNC:IMP:TYPE LSRS;:FUNC:SMON:IDC:STAT OFF;:FUNC:SMON:VDC:STAT OFF;:INIT:CONT OFF;:LIST:MODE SEQ;:LIST:STIM:TYPE FREQ,NONE;:SOUR:DCS:VOLT:LEV 0;:TRIG:DEL 0;:TRIG:SOUR INT;:TRIG:TDEL 0;:VOLT:LEV 1;:DISP:WIND:TEXT1:DATA:FMSD:STAT OFF;:DISP:WIND:TEXT2:DATA:FMSD:STAT OFF;:FUNC:DCR:RANG:VAL 100;:FUNC:IMP:RANG:VAL 100;:OUTP:DC:ISOL:LEV:VAL 0.02;:OUTP:DC:ISOL:STAT OFF;:FUNC:DCR:RANG:AUTO ON;:FUNC:IMP:RANG:AUTO ON;:OUTP:DC:ISOL:LEV:AUTO ON;:DISP:PAGE MEASurement;
"
1800.0,1.609613521e-07,100.0231007,0.00503196,0.503314
1800.0,1.839454947e-07,100.0229906,0.00503203,0.503315
1800.0,1.538504097e-07,100.0230749,0.00503197,0.503308
1800.0,1.652088523e-07,100.0229783,0.005032,0.503311
1800.0,1.564085742e-07,100.0228794,0.00503197,0.503322
1800.0,1.475208776e-07,100.0228781,0.00503203,0.503316
1800.0,1.834172259e-07,100.0231313,0.00503204,0.503322
1800.0,1.682333236e-07,100.0228476,0.00503206,0.503316
1800.0,1.730792702e-07,100.0230705,0.00503199,0.503321
1800.0,1.726708268e-07,100.02319,0.00503201,0.503316
1800.0,1.610724424e-07,100.022851,0.00503204,0.503316
1800.0,1.884045624e-07,100.0231374,0.00503198,0.503316
1800.0,1.573985246e-07,100.022806,0.00503198,0.503319
1800.0,1.690040856e-07,100.0228492,0.00503202,0.503316
1800.0,1.681965151e-07,100.0229402,0.00503198,0.50332
1800.0,1.516585747e-07,100.0229244,0.00503203,0.503316
Freq,1800,Rs,100.0229781,0.00012391487938632014,Ls,1.6631443199375e-07,1.1972965499103577e-08
":SOUR:DCS:STAT OFF;:BIAS:STAT OFF;:COMP:BIN:COUN:CLE;:LIST:CLE:ALL;:COMP:BIN:CLE;:AMPL:ALC OFF;:APER LONG,1;:BIAS:POL:AUTO OFF;:BIAS:RANG:AUTO ON;:BIAS:VOLT:LEV 0;:COMP:ABIN OFF;:COMP:BIN:COUN:STAT OFF;:COMP:MODE PTOL;:COMP:SLIM -9.9e+037,9.9e+037;:COMP:STAT OFF;:COMP:SWAP OFF;:COMP:TOL:NOM 0;:DISP:ENAB ON;:DISP:LINE """";:DISP:WIND:TEXT1:DATA:FMSD:DATA 1e-009;:DISP:WIND:TEXT2:DATA:FMSD:DATA 1e-009;:FORM:ASC:LONG ON;:FORM:BORD NORM;:FORM:DATA ASC,64;:FREQ:CW 1800;:FUNC:DEV1:MODE OFF;:FUNC:DEV1:REF:VAL 0;:FUNC:DEV2:MODE OFF;:FUNC:DEV2:REF:VAL 0;:FUNC:IMP:TYPE LSRS;:FUNC:SMON:IDC:STAT OFF;:FUNC:SMON:VDC:STAT OFF;:INIT:CONT OFF;:LIST:MODE SEQ;:LIST:STIM:TYPE FREQ,NONE;:SOUR:DCS:VOLT:LEV 0;:TRIG:DEL 0;:TRIG:SOUR INT;:TRIG:TDEL 0;:VOLT:LEV 1;:DISP:WIND:TEXT1:DATA:FMSD:STAT OFF;:DISP:WIND:TEXT2:DATA:FMSD:STAT OFF;:FUNC:DCR:RANG:VAL 100;:FUNC:IMP:RANG:VAL 100;:OUTP:DC:ISOL:LEV:VAL 0.02;:OUTP:DC:ISOL:STAT OFF;:FUNC:DCR:RANG:AUTO ON;:FUNC:IMP:RANG:AUTO ON;:OUTP:DC:ISOL:LEV:AUTO ON;:DISP:PAGE MEASurement;
"
2000.0,8.704782394e-08,100.0196046,0.00502427,0.502523
2000.0,8.96628768e-08,100.0199312,0.00502431,0.502529
2000.0,8.818256501e-08,100.019581,0.00502427,0.502521
2000.0,9.309014306e-08,100.0195831,0.00502428,0.502528
2000.0,9.724436418e-08,100.0196484,0.00502432,0.502527
2000.0,8.821885114e-08,100.019595,0.00502427,0.502528
2000.0,8.810618037e-08,100.0196353,0.00502431,0.502524
2000.0,7.697457948e-08,100.0195671,0.00502435,0.502531
2000.0,9.530543711e-08,100.0198313,0.0050243,0.502531
2000.0,1.065069778e-07,100.0197069,0.00502438,0.502529
2000.0,9.738059264e-08,100.0196842,0.00502428,0.502533
2000.0,9.084818402e-08,100.0197278,0.00502431,0.502527
2000.0,8.010215832e-08,100.0199457,0.00502427,0.502536
2000.0,8.735687734e-08,100.0194091,0.00502433,0.502531
2000.0,7.046025324e-08,100.0197682,0.00502434,0.502531
2000.0,9.415967269e-08,100.0199609,0.00502435,0.502531
Freq,2000,Rs,100.0196987375,0.00015533037854787145,Ls,8.941547107125e-08,8.58290623345675e-09
":SOUR:DCS:STAT OFF;:BIAS:STAT OFF;:COMP:BIN:COUN:CLE;:LIST:CLE:ALL;:COMP:BIN:CLE;:AMPL:ALC OFF;:APER LONG,1;:BIAS:POL:AUTO OFF;:BIAS:RANG:AUTO ON;:BIAS:VOLT:LEV 0;:COMP:ABIN OFF;:COMP:BIN:COUN:STAT OFF;:COMP:MODE PTOL;:COMP:SLIM -9.9e+037,9.9e+037;:COMP:STAT OFF;:COMP:SWAP OFF;:COMP:TOL:NOM 0;:DISP:ENAB ON;:DISP:LINE """";:DISP:WIND:TEXT1:DATA:FMSD:DATA 1e-009;:DISP:WIND:TEXT2:DATA:FMSD:DATA 1e-009;:FORM:ASC:LONG ON;:FORM:BORD NORM;:FORM:DATA ASC,64;:FREQ:CW 2000;:FUNC:DEV1:MODE OFF;:FUNC:DEV1:REF:VAL 0;:FUNC:DEV2:MODE OFF;:FUNC:DEV2:REF:VAL 0;:FUNC:IMP:TYPE LSRS;:FUNC:SMON:IDC:STAT OFF;:FUNC:SMON:VDC:STAT OFF;:INIT:CONT OFF;:LIST:MODE SEQ;:LIST:STIM:TYPE FREQ,NONE;:SOUR:DCS:VOLT:LEV 0;:TRIG:DEL 0;:TRIG:SOUR INT;:TRIG:TDEL 0;:VOLT:LEV 1;:DISP:WIND:TEXT1:DATA:FMSD:STAT OFF;:DISP:WIND:TEXT2:DATA:FMSD:STAT OFF;:FUNC:DCR:RANG:VAL 100;:FUNC:IMP:RANG:VAL 100;:OUTP:DC:ISOL:LEV:VAL 0.02;:OUTP:DC:ISOL:STAT OFF;:FUNC:DCR:RANG:AUTO ON;:FUNC:IMP:RANG:AUTO ON;:OUTP:DC:ISOL:LEV:AUTO ON;:DISP:PAGE MEASurement;
"
3000.0,5.429753873e-08,100.0198265,0.00500505,0.500602
3000.0,4.177805981e-08,100.0200921,0.005005,0.500602
3000.0,7.40410461e-08,100.0199955,0.00500505,0.500599
3000.0,4.971439723e-08,100.0199119,0.00500506,0.500604
3000.0,5.228038011e-08,100.0198176,0.00500507,0.500609
3000.0,5.875663949e-08,100.020159,0.00500502,0.500601
3000.0,5.989055291e-08,100.0198478,0.00500504,0.500606
3000.0,6.333235698e-08,100.0200937,0.00500503,0.50061
3000.0,5.791082836e-08,100.0199385,0.00500501,0.500606
3000.0,5.953778473e-08,100.019885,0.00500501,0.500609
3000.0,6.680237101e-08,100.0199594,0.00500501,0.500608
3000.0,6.771263485e-08,100.0200487,0.00500499,0.5006
3000.0,6.118085868e-08,100.0200944,0.00500498,0.500604
3000.0,6.132714061e-08,100.0200696,0.00500501,0.500602
3000.0,6.06201011e-08,100.0200141,0.00500502,0.500597
3000.0,4.604778993e-08,100.0201905,0.00500498,0.500597
Freq,3000,Rs,100.01999651874999,0.00011773976512746818,Ls,5.8451905039375e-08,8.205489822319838e-09
":SOUR:DCS:STAT OFF;:BIAS:STAT OFF;:COMP:BIN:COUN:CLE;:LIST:CLE:ALL;:COMP:BIN:CLE;:AMPL:ALC OFF;:APER LONG,1;:BIAS:POL:AUTO OFF;:BIAS:RANG:AUTO ON;:BIAS:VOLT:LEV 0;:COMP:ABIN OFF;:COMP:BIN:COUN:STAT OFF;:COMP:MODE PTOL;:COMP:SLIM -9.9e+037,9.9e+037;:COMP:STAT OFF;:COMP:SWAP OFF;:COMP:TOL:NOM 0;:DISP:ENAB ON;:DISP:LINE """";:DISP:WIND:TEXT1:DATA:FMSD:DATA 1e-009;:DISP:WIND:TEXT2:DATA:FMSD:DATA 1e-009;:FORM:ASC:LONG ON;:FORM:BORD NORM;:FORM:DATA ASC,64;:FREQ:CW 3000;:FUNC:DEV1:MODE OFF;:FUNC:DEV1:REF:VAL 0;:FUNC:DEV2:MODE OFF;:FUNC:DEV2:REF:VAL 0;:FUNC:IMP:TYPE LSRS;:FUNC:SMON:IDC:STAT OFF;:FUNC:SMON:VDC:STAT OFF;:INIT:CONT OFF;:LIST:MODE SEQ;:LIST:STIM:TYPE FREQ,NONE;:SOUR:DCS:VOLT:LEV 0;:TRIG:DEL 0;:TRIG:SOUR INT;:TRIG:TDEL 0;:VOLT:LEV 1;:DISP:WIND:TEXT1:DATA:FMSD:STAT OFF;:DISP:WIND:TEXT2:DATA:FMSD:STAT OFF;:FUNC:DCR:RANG:VAL 100;:FUNC:IMP:RANG:VAL 100;:OUTP:DC:ISOL:LEV:VAL 0.02;:OUTP:DC:ISOL:STAT OFF;:FUNC:DCR:RANG:AUTO ON;:FUNC:IMP:RANG:AUTO ON;:OUTP:DC:ISOL:LEV:AUTO ON;:DISP:PAGE MEASurement;
"
4000.0,5.745764184e-08,100.0218097,0.00500641,0.500751
4000.0,4.520514342e-08,100.0217542,0.00500643,0.500755
4000.0,4.241796098e-08,100.0215881,0.00500649,0.500755
4000.0,4.750504567e-08,100.0217479,0.00500645,0.500763
4000.0,4.562349347e-08,100.0215059,0.00500648,0.500748
4000.0,4.463052707e-08,100.0216295,0.00500646,0.500756
4000.0,3.697698798e-08,100.0217149,0.00500647,0.500753
4000.0,4.404762023e-08,100.0216968,0.00500651,0.500756
4000.0,4.639402849e-08,100.0218263,0.00500652,0.500755
4000.0,4.596584624e-08,100.021728,0.00500647,0.500758
4000.0,4.180474931e-08,100.0218467,0.00500647,0.500757
4000.0,3.985384443e-08,100.0216496,0.00500647,0.500749
4000.0,3.966194345e-08,100.0217208,0.00500644,0.500757
4000.0,4.388217188e-08,100.0215924,0.00500646,0.500751
4000.0,4.344910283e-08,100.0218172,0.0050065,0.500756
4000.0,4.528467878e-08,100.0218229,0.00500647,0.500755
Freq,4000,Rs,100.02171568124999,0.00010012592883514077,Ls,4.4385049129374994e-08,4.4700999512722345e-09
":SOUR:DCS:STAT OFF;:BIAS:STAT OFF;:COMP:BIN:COUN:CLE;:LIST:CLE:ALL;:COMP:BIN:CLE;:AMPL:ALC OFF;:APER LONG,1;:BIAS:POL:AUTO OFF;:BIAS:RANG:AUTO ON;:BIAS:VOLT:LEV 0;:COMP:ABIN OFF;:COMP:BIN:COUN:STAT OFF;:COMP:MODE PTOL;:COMP:SLIM -9.9e+037,9.9e+037;:COMP:STAT OFF;:COMP:SWAP OFF;:COMP:TOL:NOM 0;:DISP:ENAB ON;:DISP:LINE """";:DISP:WIND:TEXT1:DATA:FMSD:DATA 1e-009;:DISP:WIND:TEXT2:DATA:FMSD:DATA 1e-009;:FORM:ASC:LONG ON;:FORM:BORD NORM;:FORM:DATA ASC,64;:FREQ:CW 4000;:FUNC:DEV1:MODE OFF;:FUNC:DEV1:REF:VAL 0;:FUNC:DEV2:MODE OFF;:FUNC:DEV2:REF:VAL 0;:FUNC:IMP:TYPE LSRS;:FUNC:SMON:IDC:STAT OFF;:FUNC:SMON:VDC:STAT OFF;:INIT:CONT OFF;:LIST:MODE SEQ;:LIST:STIM:TYPE FREQ,NONE;:SOUR:DCS:VOLT:LEV 0;:TRIG:DEL 0;:TRIG:SOUR INT;:TRIG:TDEL 0;:VOLT:LEV 1;:DISP:WIND:TEXT1:DATA:FMSD:STAT OFF;:DISP:WIND:TEXT2:DATA:FMSD:STAT OFF;:FUNC:DCR:RANG:VAL 100;:FUNC:IMP:RANG:VAL 100;:OUTP:DC:ISOL:LEV:VAL 0.02;:OUTP:DC:ISOL:STAT OFF;:FUNC:DCR:RANG:AUTO ON;:FUNC:IMP:RANG:AUTO ON;:OUTP:DC:ISOL:LEV:AUTO ON;:DISP:PAGE MEASurement;
"
5000.0,2.205041805e-08,100.019816,0.00500012,0.500119
5000.0,2.436632306e-08,100.0200936,0.00500014,0.500108
5000.0,1.552928895e-08,100.0198824,0.00500015,0.500123
5000.0,3.477261135e-08,100.0196871,0.0050001,0.500114
5000.0,2.698939121e-08,100.0200487,0.00500014,0.500111
5000.0,3.058476906e-08,100.0200378,0.0050001,0.50011
5000.0,2.615745494e-08,100.019699,0.00500014,0.500113
5000.0,3.055540798e-08,100.0199883,0.00500017,0.500114
5000.0,2.113997851e-08,100.0198462,0.00500016,0.50011
5000.0,3.618886854e-08,100.0201528,0.00500016,0.500111
5000.0,2.929424214e-08,100.0197138,0.00500014,0.500118
5000.0,2.210425016e-08,100.0200692,0.00500016,0.500114
5000.0,2.303429987e-08,100.0199683,0.00500012,0.500118
5000.0,2.212016128e-08,100.0198234,0.00500009,0.500113
5000.0,3.660806248e-08,100.020244,0.00500012,0.500118
5000.0,2.326105092e-08,100.0203856,0.00500015,0.500112
Freq,5000,Rs,100.0199660125,0.00020075296884353354,Ls,2.6547286156250002e-08,6.001049276285772e-09
":SOUR:DCS:STAT OFF;:BIAS:STAT OFF;:COMP:BIN:COUN:CLE;:LIST:CLE:ALL;:COMP:BIN:CLE;:AMPL:ALC OFF;:APER LONG,1;:BIAS:POL:AUTO OFF;:BIAS:RANG:AUTO ON;:BIAS:VOLT:LEV 0;:COMP:ABIN OFF;:COMP:BIN:COUN:STAT OFF;:COMP:MODE PTOL;:COMP:SLIM -9.9e+037,9.9e+037;:COMP:STAT OFF;:COMP:SWAP OFF;:COMP:TOL:NOM 0;:DISP:ENAB ON;:DISP:LINE """";:DISP:WIND:TEXT1:DATA:FMSD:DATA 1e-009;:DISP:WIND:TEXT2:DATA:FMSD:DATA 1e-009;:FORM:ASC:LONG ON;:FORM:BORD NORM;:FORM:DATA ASC,64;:FREQ:CW 5000;:FUNC:DEV1:MODE OFF;:FUNC:DEV1:REF:VAL 0;:FUNC:DEV2:MODE OFF;:FUNC:DEV2:REF:VAL 0;:FUNC:IMP:TYPE LSRS;:FUNC:SMON:IDC:STAT OFF;:FUNC:SMON:VDC:STAT OFF;:INIT:CONT OFF;:LIST:MODE SEQ;:LIST:STIM:TYPE FREQ,NONE;:SOUR:DCS:VOLT:LEV 0;:TRIG:DEL 0;:TRIG:SOUR INT;:TRIG:TDEL 0;:VOLT:LEV 1;:DISP:WIND:TEXT1:DATA:FMSD:STAT OFF;:DISP:WIND:TEXT2:DATA:FMSD:STAT OFF;:FUNC:DCR:RANG:VAL 100;:FUNC:IMP:RANG:VAL 100;:OUTP:DC:ISOL:LEV:VAL 0.02;:OUTP:DC:ISOL:STAT OFF;:FUNC:DCR:RANG:AUTO ON;:FUNC:IMP:RANG:AUTO ON;:OUTP:DC:ISOL:LEV:AUTO ON;:DISP:PAGE MEASurement;
"
8000.0,6.886127727e-09,100.0198247,0.00500469,0.500567
8000.0,6.864080187e-09,100.0201272,0.00500469,0.500566
8000.0,7.999592662e-09,100.0201307,0.00500463,0.500558
8000.0,1.138140562e-08,100.0199795,0.0050046,0.500566
8000.0,1.412735373e-08,100.0197831,0.00500468,0.500567
8000.0,3.552729438e-09,100.02044,0.00500465,0.500565
8000.0,1.301303513e-08,100.0197919,0.00500462,0.500566
8000.0,1.040345261e-08,100.0197553,0.00500467,0.500569
8000.0,6.220701085e-09,100.0197234,0.00500464,0.500562
8000.0,7.755397188e-09,100.0202138,0.00500465,0.500565
8000.0,4.487727055e-09,100.0199719,0.00500459,0.500559
8000.0,1.042588344e-08,100.0199694,0.00500462,0.500565
8000.0,1.175449532e-08,100.0202329,0.00500464,0.500565
8000.0,9.315307243e-09,100.0200167,0.00500465,0.500559
8000.0,8.900264208e-09,100.0203059,0.00500459,0.500556
8000.0,9.031935249e-09,100.0199808,0.00500466,0.500567
Freq,8000,Rs,100.02001545,0.00021241962558208788,Ls,8.88246799325e-09,2.931246142507541e-09
":SOUR:DCS:STAT OFF;:BIAS:STAT OFF;:COMP:BIN:COUN:CLE;:LIST:CLE:ALL;:COMP:BIN:CLE;:AMPL:ALC OFF;:APER LONG,1;:BIAS:POL:AUTO OFF;:BIAS:RANG:AUTO ON;:BIAS:VOLT:LEV 0;:COMP:ABIN OFF;:COMP:BIN:COUN:STAT OFF;:COMP:MODE PTOL;:COMP:SLIM -9.9e+037,9.9e+037;:COMP:STAT OFF;:COMP:SWAP OFF;:COMP:TOL:NOM 0;:DISP:ENAB ON;:DISP:LINE """";:DISP:WIND:TEXT1:DATA:FMSD:DATA 1e-009;:DISP:WIND:TEXT2:DATA:FMSD:DATA 1e-009;:FORM:ASC:LONG ON;:FORM:BORD NORM;:FORM:DATA ASC,64;:FREQ:CW 8000;:FUNC:DEV1:MODE OFF;:FUNC:DEV1:REF:VAL 0;:FUNC:DEV2:MODE OFF;:FUNC:DEV2:REF:VAL 0;:FUNC:IMP:TYPE LSRS;:FUNC:SMON:IDC:STAT OFF;:FUNC:SMON:VDC:STAT OFF;:INIT:CONT OFF;:LIST:MODE SEQ;:LIST:STIM:TYPE FREQ,NONE;:SOUR:DCS:VOLT:LEV 0;:TRIG:DEL 0;:TRIG:SOUR INT;:TRIG:TDEL 0;:VOLT:LEV 1;:DISP:WIND:TEXT1:DATA:FMSD:STAT OFF;:DISP:WIND:TEXT2:DATA:FMSD:STAT OFF;:FUNC:DCR:RANG:VAL 100;:FUNC:IMP:RANG:VAL 100;:OUTP:DC:ISOL:LEV:VAL 0.02;:OUTP:DC:ISOL:STAT OFF;:FUNC:DCR:RANG:AUTO ON;:FUNC:IMP:RANG:AUTO ON;:OUTP:DC:ISOL:LEV:AUTO ON;:DISP:PAGE MEASurement;
"
10000.0,4.472194243e-09,100.0200175,0.00500455,0.500556
10000.0,5.443707712e-09,100.0202652,0.00500459,0.500558
10000.0,3.172639545e-09,100.0199593,0.00500458,0.500552
10000.0,7.191361739e-09,100.020167,0.00500454,0.500554
10000.0,9.737871789e-09,100.0198551,0.00500451,0.500558
10000.0,7.23695551e-09,100.0200796,0.00500456,0.500554
10000.0,8.681599768e-09,100.0202412,0.00500451,0.500557
10000.0,4.385537727e-09,100.0196821,0.00500452,0.50055
10000.0,1.152798881e-08,100.0200454,0.00500452,0.500548
10000.0,6.806051213e-09,100.0197049,0.00500456,0.500556
10000.0,9.993915747e-09,100.0201791,0.00500457,0.500557
10000.0,4.455656721e-09,100.0198424,0.00500453,0.500554
10000.0,4.010393321e-09,100.0199354,0.00500455,0.500554
10000.0,4.389605163e-09,100.019817,0.00500453,0.500559
10000.0,9.660017291e-09,100.0202089,0.00500453,0.500555
10000.0,6.833201593e-09,100.0203633,0.00500454,0.500551
Freq,10000,Rs,100.02002271250001,0.0002062113927506444,Ls,6.7499186182499996e-09,2.563132464466588e-09
":SOUR:DCS:STAT OFF;:BIAS:STAT OFF;:COMP:BIN:COUN:CLE;:LIST:CLE:ALL;:COMP:BIN:CLE;:AMPL:ALC OFF;:APER LONG,1;:BIAS:POL:AUTO OFF;:BIAS:RANG:AUTO ON;:BIAS:VOLT:LEV 0;:COMP:ABIN OFF;:COMP:BIN:COUN:STAT OFF;:COMP:MODE PTOL;:COMP:SLIM -9.9e+037,9.9e+037;:COMP:STAT OFF;:COMP:SWAP OFF;:COMP:TOL:NOM 0;:DISP:ENAB ON;:DISP:LINE """";:DISP:WIND:TEXT1:DATA:FMSD:DATA 1e-009;:DISP:WIND:TEXT2:DATA:FMSD:DATA 1e-009;:FORM:ASC:LONG ON;:FORM:BORD NORM;:FORM:DATA ASC,64;:FREQ:CW 10000;:FUNC:DEV1:MODE OFF;:FUNC:DEV1:REF:VAL 0;:FUNC:DEV2:MODE OFF;:FUNC:DEV2:REF:VAL 0;:FUNC:IMP:TYPE LSRS;:FUNC:SMON:IDC:STAT OFF;:FUNC:SMON:VDC:STAT OFF;:INIT:CONT OFF;:LIST:MODE SEQ;:LIST:STIM:TYPE FREQ,NONE;:SOUR:DCS:VOLT:LEV 0;:TRIG:DEL 0;:TRIG:SOUR INT;:TRIG:TDEL 0;:VOLT:LEV 1;:DISP:WIND:TEXT1:DATA:FMSD:STAT OFF;:DISP:WIND:TEXT2:DATA:FMSD:STAT OFF;:FUNC:DCR:RANG:VAL 100;:FUNC:IMP:RANG:VAL 100;:OUTP:DC:ISOL:LEV:VAL 0.02;:OUTP:DC:ISOL:STAT OFF;:FUNC:DCR:RANG:AUTO ON;:FUNC:IMP:RANG:AUTO ON;:OUTP:DC:ISOL:LEV:AUTO ON;:DISP:PAGE MEASurement;
"
15000.0,-1.484353907e-09,100.0198078,0.00500307,0.500413
15000.0,-1.313696833e-09,100.0201724,0.00500306,0.500406
15000.0,7.877438663e-10,100.0203093,0.00500308,0.500408
15000.0,-2.392269369e-09,100.0199372,0.00500308,0.500408
15000.0,4.257767677e-10,100.0198352,0.00500313,0.500406
15000.0,-3.092269895e-10,100.0203793,0.00500309,0.500409
15000.0,-2.055603834e-10,100.0202476,0.00500311,0.500404
15000.0,-1.756563077e-09,100.0198165,0.00500304,0.500405
15000.0,2.807168034e-09,100.0198916,0.00500304,0.500402
15000.0,-1.403961101e-10,100.0200044,0.00500308,0.500409
15000.0,7.804257642e-10,100.0198889,0.00500304,0.500409
15000.0,5.965491698e-10,100.0201655,0.00500311,0.50041
15000.0,-2.368056912e-09,100.0203099,0.00500305,0.500405
15000.0,-7.585857149e-10,100.0200818,0.00500306,0.50041
15000.0,-6.380331108e-10,100.0200511,0.00500306,0.500407
15000.0,-3.525691642e-10,100.0198687,0.00500312,0.500404
Freq,15000,Rs,100.02004795,0.00019486315882395047,Ls,-3.951029980562501e-10,1.3356383960512237e-09
":SOUR:DCS:STAT OFF;:BIAS:STAT OFF;:COMP:BIN:COUN:CLE;:LIST:CLE:ALL;:COMP:BIN:CLE;:AMPL:ALC OFF;:APER LONG,1;:BIAS:POL:AUTO OFF;:BIAS:RANG:AUTO ON;:BIAS:VOLT:LEV 0;:COMP:ABIN OFF;:COMP:BIN:COUN:STAT OFF;:COMP:MODE PTOL;:COMP:SLIM -9.9e+037,9.9e+037;:COMP:STAT OFF;:COMP:SWAP OFF;:COMP:TOL:NOM 0;:DISP:ENAB ON;:DISP:LINE """";:DISP:WIND:TEXT1:DATA:FMSD:DATA 1e-009;:DISP:WIND:TEXT2:DATA:FMSD:DATA 1e-009;:FORM:ASC:LONG ON;:FORM:BORD NORM;:FORM:DATA ASC,64;:FREQ:CW 15000;:FUNC:DEV1:MODE OFF;:FUNC:DEV1:REF:VAL 0;:FUNC:DEV2:MODE OFF;:FUNC:DEV2:REF:VAL 0;:FUNC:IMP:TYPE LSRS;:FUNC:SMON:IDC:STAT OFF;:FUNC:SMON:VDC:STAT OFF;:INIT:CONT OFF;:LIST:MODE SEQ;:LIST:STIM:TYPE FREQ,NONE;:SOUR:DCS:VOLT:LEV 0;:TRIG:DEL 0;:TRIG:SOUR INT;:TRIG:TDEL 0;:VOLT:LEV 1;:DISP:WIND:TEXT1:DATA:FMSD:STAT OFF;:DISP:WIND:TEXT2:DATA:FMSD:STAT OFF;:FUNC:DCR:RANG:VAL 100;:FUNC:IMP:RANG:VAL 100;:OUTP:DC:ISOL:LEV:VAL 0.02;:OUTP:DC:ISOL:STAT OFF;:FUNC:DCR:RANG:AUTO ON;:FUNC:IMP:RANG:AUTO ON;:OUTP:DC:ISOL:LEV:AUTO ON;:DISP:PAGE MEASurement;
"
20000.0,1.080916132e-09,100.0205454,0.00500988,0.501086
20000.0,6.657706579e-10,100.0201743,0.0050099,0.501086
20000.0,-1.282499497e-09,100.0203572,0.00500989,0.501091
20000.0,7.803467542e-10,100.0201117,0.0050098,0.501086
20000.0,-1.416549279e-09,100.0201644,0.00500978,0.501082
20000.0,-1.149640115e-09,100.019832,0.00500984,0.501087
20000.0,-1.85656982e-09,100.0205953,0.00500984,0.501086
20000.0,-2.955176703e-10,100.0201552,0.00500982,0.501086
20000.0,-3.272349186e-10,100.020233,0.00500993,0.501089
20000.0,3.613779547e-09,100.0197718,0.0050098,0.501084
20000.0,7.660682193e-10,100.0201358,0.00500991,0.501081
20000.0,2.375547032e-09,100.0203574,0.00500989,0.501085
20000.0,-1.724826103e-09,100.0201173,0.00500983,0.501092
20000.0,-9.140585716e-10,100.0202646,0.00500985,0.501088
20000.0,-5.589856108e-10,100.0202177,0.0050099,0.501089
20000.0,-1.292496881e-09,100.0204944,0.00500983,0.501084
Freq,20000,Rs,100.02022046875001,0.0002239144322252403,Ls,-9.599688274375007e-11,1.5442475421673999e-09
":SOUR:DCS:STAT OFF;:BIAS:STAT OFF;:COMP:BIN:COUN:CLE;:LIST:CLE:ALL;:COMP:BIN:CLE;:AMPL:ALC OFF;:APER LONG,1;:BIAS:POL:AUTO OFF;:BIAS:RANG:AUTO ON;:BIAS:VOLT:LEV 0;:COMP:ABIN OFF;:COMP:BIN:COUN:STAT OFF;:COMP:MODE PTOL;:COMP:SLIM -9.9e+037,9.9e+037;:COMP:STAT OFF;:COMP:SWAP OFF;:COMP:TOL:NOM 0;:DISP:ENAB ON;:DISP:LINE """";:DISP:WIND:TEXT1:DATA:FMSD:DATA 1e-009;:DISP:WIND:TEXT2:DATA:FMSD:DATA 1e-009;:FORM:ASC:LONG ON;:FORM:BORD NORM;:FORM:DATA ASC,64;:FREQ:CW 20000;:FUNC:DEV1:MODE OFF;:FUNC:DEV1:REF:VAL 0;:FUNC:DEV2:MODE OFF;:FUNC:DEV2:REF:VAL 0;:FUNC:IMP:TYPE LSRS;:FUNC:SMON:IDC:STAT OFF;:FUNC:SMON:VDC:STAT OFF;:INIT:CONT OFF;:LIST:MODE SEQ;:LIST:STIM:TYPE FREQ,NONE;:SOUR:DCS:VOLT:LEV 0;:TRIG:DEL 0;:TRIG:SOUR INT;:TRIG:TDEL 0;:VOLT:LEV 1;:DISP:WIND:TEXT1:DATA:FMSD:STAT OFF;:DISP:WIND:TEXT2:DATA:FMSD:STAT OFF;:FUNC:DCR:RANG:VAL 100;:FUNC:IMP:RANG:VAL 100;:OUTP:DC:ISOL:LEV:VAL 0.02;:OUTP:DC:ISOL:STAT OFF;:FUNC:DCR:RANG:AUTO ON;:FUNC:IMP:RANG:AUTO ON;:OUTP:DC:ISOL:LEV:AUTO ON;:DISP:PAGE MEASurement;
"
30000.0,5.3414929e-09,100.0201434,0.00500501,0.500605
30000.0,5.887229538e-09,100.0198372,0.00500506,0.500605
30000.0,5.777383443e-09,100.0200396,0.00500494,0.500607
30000.0,4.10794335e-09,100.0201949,0.00500509,0.500605
30000.0,5.394493873e-09,100.0202778,0.00500507,0.50061
30000.0,1.882358112e-09,100.0205238,0.00500508,0.500603
30000.0,5.753366626e-09,100.020143,0.00500505,0.500608
30000.0,5.222379532e-09,100.0197939,0.00500507,0.500606
30000.0,5.101353202e-09,100.02077,0.00500509,0.500605
30000.0,3.893958282e-09,100.01958,0.00500499,0.500599
30000.0,5.44979659e-09,100.0204478,0.00500502,0.500611
30000.0,3.433909602e-09,100.0199531,0.00500504,0.500607
30000.0,5.745142295e-09,100.0201316,0.00500505,0.500607
30000.0,4.466266126e-09,100.0199272,0.00500509,0.500594
30000.0,5.891682317e-09,100.0202599,0.00500504,0.500613
30000.0,5.286132617e-09,100.0200536,0.0050051,0.500619
Freq,30000,Rs,100.0201298,0.0002940047890772667,Ls,4.9146805253125e-09,1.1040947543459814e-09
":SOUR:DCS:STAT OFF;:BIAS:STAT OFF;:COMP:BIN:COUN:CLE;:LIST:CLE:ALL;:COMP:BIN:CLE;:AMPL:ALC OFF;:APER LONG,1;:BIAS:POL:AUTO OFF;:BIAS:RANG:AUTO ON;:BIAS:VOLT:LEV 0;:COMP:ABIN OFF;:COMP:BIN:COUN:STAT OFF;:COMP:MODE PTOL;:COMP:SLIM -9.9e+037,9.9e+037;:COMP:STAT OFF;:COMP:SWAP OFF;:COMP:TOL:NOM 0;:DISP:ENAB ON;:DISP:LINE """";:DISP:WIND:TEXT1:DATA:FMSD:DATA 1e-009;:DISP:WIND:TEXT2:DATA:FMSD:DATA 1e-009;:FORM:ASC:LONG ON;:FORM:BORD NORM;:FORM:DATA ASC,64;:FREQ:CW 30000;:FUNC:DEV1:MODE OFF;:FUNC:DEV1:REF:VAL 0;:FUNC:DEV2:MODE OFF;:FUNC:DEV2:REF:VAL 0;:FUNC:IMP:TYPE LSRS;:FUNC:SMON:IDC:STAT OFF;:FUNC:SMON:VDC:STAT OFF;:INIT:CONT OFF;:LIST:MODE SEQ;:LIST:STIM:TYPE FREQ,NONE;:SOUR:DCS:VOLT:LEV 0;:TRIG:DEL 0;:TRIG:SOUR INT;:TRIG:TDEL 0;:VOLT:LEV 1;:DISP:WIND:TEXT1:DATA:FMSD:STAT OFF;:DISP:WIND:TEXT2:DATA:FMSD:STAT OFF;:FUNC:DCR:RANG:VAL 100;:FUNC:IMP:RANG:VAL 100;:OUTP:DC:ISOL:LEV:VAL 0.02;:OUTP:DC:ISOL:STAT OFF;:FUNC:DCR:RANG:AUTO ON;:FUNC:IMP:RANG:AUTO ON;:OUTP:DC:ISOL:LEV:AUTO ON;:DISP:PAGE MEASurement;
"
":SOUR:DCS:STAT OFF;:BIAS:STAT OFF;:COMP:BIN:COUN:CLE;:LIST:CLE:ALL;:COMP:BIN:CLE;:AMPL:ALC OFF;:APER LONG,1;:BIAS:POL:AUTO OFF;:BIAS:RANG:AUTO ON;:BIAS:VOLT:LEV 0;:COMP:ABIN OFF;:COMP:BIN:COUN:STAT OFF;:COMP:MODE PTOL;:COMP:SLIM -9.9e+037,9.9e+037;:COMP:STAT OFF;:COMP:SWAP OFF;:COMP:TOL:NOM 0;:DISP:ENAB ON;:DISP:LINE """";:DISP:WIND:TEXT1:DATA:FMSD:DATA 1e-009;:DISP:WIND:TEXT2:DATA:FMSD:DATA 1e-009;:FORM:ASC:LONG ON;:FORM:BORD NORM;:FORM:DATA ASC,64;:FREQ:CW 30000;:FUNC:DEV1:MODE OFF;:FUNC:DEV1:REF:VAL 0;:FUNC:DEV2:MODE OFF;:FUNC:DEV2:REF:VAL 0;:FUNC:IMP:TYPE LSRS;:FUNC:SMON:IDC:STAT OFF;:FUNC:SMON:VDC:STAT OFF;:INIT:CONT OFF;:LIST:MODE SEQ;:LIST:STIM:TYPE FREQ,NONE;:SOUR:DCS:VOLT:LEV 0;:TRIG:DEL 0;:TRIG:SOUR INT;:TRIG:TDEL 0;:VOLT:LEV 1;:DISP:WIND:TEXT1:DATA:FMSD:STAT OFF;:DISP:WIND:TEXT2:DATA:FMSD:STAT OFF;:FUNC:DCR:RANG:VAL 100;:FUNC:IMP:RANG:VAL 100;:OUTP:DC:ISOL:LEV:VAL 0.02;:OUTP:DC:ISOL:STAT OFF;:FUNC:DCR:RANG:AUTO ON;:FUNC:IMP:RANG:AUTO ON;:OUTP:DC:ISOL:LEV:AUTO ON;:DISP:PAGE MEASurement;
"
2024-04-19,16:52:32
---------run finished---------
