lcr name:,KeySight E4980A
Name and description of Resistor under test: ,4T-F(BPO)+F(BPO)-M(BPO)+M(BNC)-F(BNC)+F(BNC)-M(BNC_zero)==BPO-BNC Zero
GPIB source:,<bound method MessageBasedResource.read of <'GPIBInstrument'('GPIB0::17::INSTR')>>
2022-09-23,12:50:17
select the freq range,"[50, 100, 200, 300, 500, 800, 1000, 1591.5494309189535, 2000, 3000, 5000]"
50.0,1.407711409e-07,0.04338525167
50.0,1.390597097e-07,0.04336936845
50.0,1.34685455e-07,0.0433536317
50.0,1.261733999e-07,0.04333935973
50.0,1.25062563e-07,0.04332786147
50.0,1.229446612e-07,0.04331570524
50.0,1.238917212e-07,0.04330002021
50.0,1.280499298e-07,0.04328148792
50.0,1.391982945e-07,0.04326574795
50.0,1.31820191e-07,0.04325357477
50.0,1.216564509e-07,0.04323581746
50.0,1.211156884e-07,0.04321678745
50.0,1.283274602e-07,0.04320024058
50.0,1.295522928e-07,0.04318632264
50.0,1.328808499e-07,0.04317327122
50.0,1.277940606e-07,0.04316030565
Freq,50,Rs,0.043272797131875,7.250400665257615e-05,Ls,1.2956149181249998e-07,6.322005444492787e-09
":SOUR:DCS:STAT OFF;:BIAS:STAT OFF;:COMP:BIN:COUN:CLE;:LIST:CLE:ALL;:COMP:BIN:CLE;:AMPL:ALC ON;:APER LONG,16;:BIAS:POL:AUTO OFF;:BIAS:RANG:AUTO ON;:BIAS:VOLT:LEV 0;:COMP:ABIN OFF;:COMP:BIN:COUN:STAT OFF;:COMP:MODE PTOL;:COMP:SLIM -9.9e+037,9.9e+037;:COMP:STAT OFF;:COMP:SWAP OFF;:COMP:TOL:NOM 0;:CURR:LEV 0.1;:DISP:ENAB ON;:DISP:LINE """";:DISP:WIND:TEXT1:DATA:FMSD:DATA 1e-009;:DISP:WIND:TEXT2:DATA:FMSD:DATA 1e-009;:FORM:ASC:LONG ON;:FORM:BORD NORM;:FORM:DATA ASC,64;:FREQ:CW 50;:FUNC:DEV1:MODE OFF;:FUNC:DEV1:REF:VAL 0;:FUNC:DEV2:MODE OFF;:FUNC:DEV2:REF:VAL 0;:FUNC:IMP:TYPE LSRS;:FUNC:SMON:IDC:STAT OFF;:FUNC:SMON:VDC:STAT OFF;:INIT:CONT OFF;:LIST:MODE SEQ;:LIST:STIM:TYPE FREQ,NONE;:SOUR:DCS:VOLT:LEV 0;:TRIG:DEL 0;:TRIG:SOUR INT;:TRIG:TDEL 0;:DISP:WIND:TEXT1:DATA:FMSD:STAT OFF;:DISP:WIND:TEXT2:DATA:FMSD:STAT OFF;:FUNC:DCR:RANG:VAL 100;:FUNC:IMP:RANG:VAL 0.1;:OUTP:DC:ISOL:LEV:VAL 0.1;:OUTP:DC:ISOL:STAT OFF;:FUNC:DCR:RANG:AUTO ON;:FUNC:IMP:RANG:AUTO ON;:OUTP:DC:ISOL:LEV:AUTO ON;:DISP:PAGE MEASurement;
"
100.0,9.642036124e-08,0.04311881537
100.0,9.632968131e-08,0.04310808117
100.0,9.603556416e-08,0.04309863927
100.0,9.565256993e-08,0.0430890086
100.0,9.681120149e-08,0.0430809608
100.0,9.718808418e-08,0.04307415331
100.0,9.637138846e-08,0.04306706335
100.0,9.645441163e-08,0.04306030221
100.0,9.715303883e-08,0.04305520605
100.0,9.623959761e-08,0.04305063932
100.0,9.583899237e-08,0.04304602006
100.0,9.694922106e-08,0.04304046072
100.0,9.666753969e-08,0.04303604746
100.0,9.677482885e-08,0.0430333586
100.0,9.653020452e-08,0.04302934643
100.0,9.661550311e-08,0.04302447383
Freq,100,Rs,0.043063286034375,2.9206721689815494e-05,Ls,9.65020117775e-08,4.3273574160811526e-10
":SOUR:DCS:STAT OFF;:BIAS:STAT OFF;:COMP:BIN:COUN:CLE;:LIST:CLE:ALL;:COMP:BIN:CLE;:AMPL:ALC ON;:APER LONG,16;:BIAS:POL:AUTO OFF;:BIAS:RANG:AUTO ON;:BIAS:VOLT:LEV 0;:COMP:ABIN OFF;:COMP:BIN:COUN:STAT OFF;:COMP:MODE PTOL;:COMP:SLIM -9.9e+037,9.9e+037;:COMP:STAT OFF;:COMP:SWAP OFF;:COMP:TOL:NOM 0;:CURR:LEV 0.1;:DISP:ENAB ON;:DISP:LINE """";:DISP:WIND:TEXT1:DATA:FMSD:DATA 1e-009;:DISP:WIND:TEXT2:DATA:FMSD:DATA 1e-009;:FORM:ASC:LONG ON;:FORM:BORD NORM;:FORM:DATA ASC,64;:FREQ:CW 100;:FUNC:DEV1:MODE OFF;:FUNC:DEV1:REF:VAL 0;:FUNC:DEV2:MODE OFF;:FUNC:DEV2:REF:VAL 0;:FUNC:IMP:TYPE LSRS;:FUNC:SMON:IDC:STAT OFF;:FUNC:SMON:VDC:STAT OFF;:INIT:CONT OFF;:LIST:MODE SEQ;:LIST:STIM:TYPE FREQ,NONE;:SOUR:DCS:VOLT:LEV 0;:TRIG:DEL 0;:TRIG:SOUR INT;:TRIG:TDEL 0;:DISP:WIND:TEXT1:DATA:FMSD:STAT OFF;:DISP:WIND:TEXT2:DATA:FMSD:STAT OFF;:FUNC:DCR:RANG:VAL 100;:FUNC:IMP:RANG:VAL 0.1;:OUTP:DC:ISOL:LEV:VAL 0.1;:OUTP:DC:ISOL:STAT OFF;:FUNC:DCR:RANG:AUTO ON;:FUNC:IMP:RANG:AUTO ON;:OUTP:DC:ISOL:LEV:AUTO ON;:DISP:PAGE MEASurement;
"
200.0,9.570940838e-08,0.04303762118
200.0,9.584065801e-08,0.04303442532
200.0,9.560880107e-08,0.04303242504
200.0,9.588514952e-08,0.04302925942
200.0,9.565095088e-08,0.04302613394
200.0,9.577547694e-08,0.04302416558
200.0,9.578279324e-08,0.0430224796
200.0,9.58662666e-08,0.04301858595
200.0,9.566526778e-08,0.04301515869
200.0,9.570463401e-08,0.04301086271
200.0,9.586376924e-08,0.04300695212
200.0,9.567777048e-08,0.04300259048
200.0,9.589638431e-08,0.04299641947
200.0,9.583326105e-08,0.04298819837
200.0,9.579155805e-08,0.04297977356
200.0,9.581100097e-08,0.04297265679
Freq,200,Rs,0.043012356763749995,1.9823105319774775e-05,Ls,9.5772696908125e-08,9.168312693985226e-11
":SOUR:DCS:STAT OFF;:BIAS:STAT OFF;:COMP:BIN:COUN:CLE;:LIST:CLE:ALL;:COMP:BIN:CLE;:AMPL:ALC ON;:APER LONG,16;:BIAS:POL:AUTO OFF;:BIAS:RANG:AUTO ON;:BIAS:VOLT:LEV 0;:COMP:ABIN OFF;:COMP:BIN:COUN:STAT OFF;:COMP:MODE PTOL;:COMP:SLIM -9.9e+037,9.9e+037;:COMP:STAT OFF;:COMP:SWAP OFF;:COMP:TOL:NOM 0;:CURR:LEV 0.1;:DISP:ENAB ON;:DISP:LINE """";:DISP:WIND:TEXT1:DATA:FMSD:DATA 1e-009;:DISP:WIND:TEXT2:DATA:FMSD:DATA 1e-009;:FORM:ASC:LONG ON;:FORM:BORD NORM;:FORM:DATA ASC,64;:FREQ:CW 200;:FUNC:DEV1:MODE OFF;:FUNC:DEV1:REF:VAL 0;:FUNC:DEV2:MODE OFF;:FUNC:DEV2:REF:VAL 0;:FUNC:IMP:TYPE LSRS;:FUNC:SMON:IDC:STAT OFF;:FUNC:SMON:VDC:STAT OFF;:INIT:CONT OFF;:LIST:MODE SEQ;:LIST:STIM:TYPE FREQ,NONE;:SOUR:DCS:VOLT:LEV 0;:TRIG:DEL 0;:TRIG:SOUR INT;:TRIG:TDEL 0;:DISP:WIND:TEXT1:DATA:FMSD:STAT OFF;:DISP:WIND:TEXT2:DATA:FMSD:STAT OFF;:FUNC:DCR:RANG:VAL 100;:FUNC:IMP:RANG:VAL 0.1;:OUTP:DC:ISOL:LEV:VAL 0.1;:OUTP:DC:ISOL:STAT OFF;:FUNC:DCR:RANG:AUTO ON;:FUNC:IMP:RANG:AUTO ON;:OUTP:DC:ISOL:LEV:AUTO ON;:DISP:PAGE MEASurement;
"
300.0,8.43085753e-08,0.04296709262
300.0,8.434046728e-08,0.04296101576
300.0,8.433577802e-08,0.04295455706
300.0,8.433286503e-08,0.04294650934
300.0,8.431847564e-08,0.04293712448
300.0,8.421170465e-08,0.04292824369
300.0,8.437140717e-08,0.04292114196
300.0,8.43433454e-08,0.04291336011
300.0,8.428899013e-08,0.04290723061
300.0,8.434329462e-08,0.04290004152
300.0,8.433846079e-08,0.04289297904
300.0,8.427064389e-08,0.04288722282
300.0,8.432997382e-08,0.04288004898
300.0,8.428949545e-08,0.04287201778
300.0,8.437231075e-08,0.04286379036
300.0,8.416243089e-08,0.04285765173
Freq,300,Rs,0.04291187674125,3.507974339263579e-05,Ls,8.4309888676875e-08,5.604849046368575e-11
":SOUR:DCS:STAT OFF;:BIAS:STAT OFF;:COMP:BIN:COUN:CLE;:LIST:CLE:ALL;:COMP:BIN:CLE;:AMPL:ALC ON;:APER LONG,16;:BIAS:POL:AUTO OFF;:BIAS:RANG:AUTO ON;:BIAS:VOLT:LEV 0;:COMP:ABIN OFF;:COMP:BIN:COUN:STAT OFF;:COMP:MODE PTOL;:COMP:SLIM -9.9e+037,9.9e+037;:COMP:STAT OFF;:COMP:SWAP OFF;:COMP:TOL:NOM 0;:CURR:LEV 0.1;:DISP:ENAB ON;:DISP:LINE """";:DISP:WIND:TEXT1:DATA:FMSD:DATA 1e-009;:DISP:WIND:TEXT2:DATA:FMSD:DATA 1e-009;:FORM:ASC:LONG ON;:FORM:BORD NORM;:FORM:DATA ASC,64;:FREQ:CW 300;:FUNC:DEV1:MODE OFF;:FUNC:DEV1:REF:VAL 0;:FUNC:DEV2:MODE OFF;:FUNC:DEV2:REF:VAL 0;:FUNC:IMP:TYPE LSRS;:FUNC:SMON:IDC:STAT OFF;:FUNC:SMON:VDC:STAT OFF;:INIT:CONT OFF;:LIST:MODE SEQ;:LIST:STIM:TYPE FREQ,NONE;:SOUR:DCS:VOLT:LEV 0;:TRIG:DEL 0;:TRIG:SOUR INT;:TRIG:TDEL 0;:DISP:WIND:TEXT1:DATA:FMSD:STAT OFF;:DISP:WIND:TEXT2:DATA:FMSD:STAT OFF;:FUNC:DCR:RANG:VAL 100;:FUNC:IMP:RANG:VAL 0.1;:OUTP:DC:ISOL:LEV:VAL 0.1;:OUTP:DC:ISOL:STAT OFF;:FUNC:DCR:RANG:AUTO ON;:FUNC:IMP:RANG:AUTO ON;:OUTP:DC:ISOL:LEV:AUTO ON;:DISP:PAGE MEASurement;
"
500.0,7.841751029e-08,0.04285461373
500.0,7.848511681e-08,0.04284811814
500.0,7.853547408e-08,0.04284198964
500.0,7.845731322e-08,0.04283716935
500.0,7.848023296e-08,0.04283215819
500.0,7.850674323e-08,0.04282549574
500.0,7.847797126e-08,0.04281954854
500.0,7.841556164e-08,0.04281334776
500.0,7.841117976e-08,0.04280803433
500.0,7.847335382e-08,0.0428018386
500.0,7.84585603e-08,0.04279626608
500.0,7.843897879e-08,0.04279136405
500.0,7.836405554e-08,0.04278682525
500.0,7.840721768e-08,0.04278125779
500.0,7.839424579e-08,0.04277709346
500.0,7.842074056e-08,0.04277192577
Freq,500,Rs,0.042811690401250005,2.6450856116088997e-05,Ls,7.8446515983125e-08,4.54493555713022e-11
":SOUR:DCS:STAT OFF;:BIAS:STAT OFF;:COMP:BIN:COUN:CLE;:LIST:CLE:ALL;:COMP:BIN:CLE;:AMPL:ALC ON;:APER LONG,16;:BIAS:POL:AUTO OFF;:BIAS:RANG:AUTO ON;:BIAS:VOLT:LEV 0;:COMP:ABIN OFF;:COMP:BIN:COUN:STAT OFF;:COMP:MODE PTOL;:COMP:SLIM -9.9e+037,9.9e+037;:COMP:STAT OFF;:COMP:SWAP OFF;:COMP:TOL:NOM 0;:CURR:LEV 0.1;:DISP:ENAB ON;:DISP:LINE """";:DISP:WIND:TEXT1:DATA:FMSD:DATA 1e-009;:DISP:WIND:TEXT2:DATA:FMSD:DATA 1e-009;:FORM:ASC:LONG ON;:FORM:BORD NORM;:FORM:DATA ASC,64;:FREQ:CW 500;:FUNC:DEV1:MODE OFF;:FUNC:DEV1:REF:VAL 0;:FUNC:DEV2:MODE OFF;:FUNC:DEV2:REF:VAL 0;:FUNC:IMP:TYPE LSRS;:FUNC:SMON:IDC:STAT OFF;:FUNC:SMON:VDC:STAT OFF;:INIT:CONT OFF;:LIST:MODE SEQ;:LIST:STIM:TYPE FREQ,NONE;:SOUR:DCS:VOLT:LEV 0;:TRIG:DEL 0;:TRIG:SOUR INT;:TRIG:TDEL 0;:DISP:WIND:TEXT1:DATA:FMSD:STAT OFF;:DISP:WIND:TEXT2:DATA:FMSD:STAT OFF;:FUNC:DCR:RANG:VAL 100;:FUNC:IMP:RANG:VAL 0.1;:OUTP:DC:ISOL:LEV:VAL 0.1;:OUTP:DC:ISOL:STAT OFF;:FUNC:DCR:RANG:AUTO ON;:FUNC:IMP:RANG:AUTO ON;:OUTP:DC:ISOL:LEV:AUTO ON;:DISP:PAGE MEASurement;
"
800.0,7.663641516e-08,0.04277149169
800.0,7.662298971e-08,0.04276790439
800.0,7.661132674e-08,0.04276439876
800.0,7.66663006e-08,0.04276179309
800.0,7.666108522e-08,0.0427578139
800.0,7.661193097e-08,0.04275413278
800.0,7.664223711e-08,0.0427512612
800.0,7.664147795e-08,0.04274895288
800.0,7.663150269e-08,0.04274674225
800.0,7.662772637e-08,0.04274425921
800.0,7.665266461e-08,0.04274205164
800.0,7.662424894e-08,0.04273959719
800.0,7.666631033e-08,0.04273697423
800.0,7.662565979e-08,0.04273448089
800.0,7.66582678e-08,0.04273218638
800.0,7.663553551e-08,0.04272929812
Freq,800,Rs,0.0427489586625,1.3073397595270125e-05,Ls,7.663847996875001e-08,1.8076891789554082e-11
":SOUR:DCS:STAT OFF;:BIAS:STAT OFF;:COMP:BIN:COUN:CLE;:LIST:CLE:ALL;:COMP:BIN:CLE;:AMPL:ALC ON;:APER LONG,16;:BIAS:POL:AUTO OFF;:BIAS:RANG:AUTO ON;:BIAS:VOLT:LEV 0;:COMP:ABIN OFF;:COMP:BIN:COUN:STAT OFF;:COMP:MODE PTOL;:COMP:SLIM -9.9e+037,9.9e+037;:COMP:STAT OFF;:COMP:SWAP OFF;:COMP:TOL:NOM 0;:CURR:LEV 0.1;:DISP:ENAB ON;:DISP:LINE """";:DISP:WIND:TEXT1:DATA:FMSD:DATA 1e-009;:DISP:WIND:TEXT2:DATA:FMSD:DATA 1e-009;:FORM:ASC:LONG ON;:FORM:BORD NORM;:FORM:DATA ASC,64;:FREQ:CW 800;:FUNC:DEV1:MODE OFF;:FUNC:DEV1:REF:VAL 0;:FUNC:DEV2:MODE OFF;:FUNC:DEV2:REF:VAL 0;:FUNC:IMP:TYPE LSRS;:FUNC:SMON:IDC:STAT OFF;:FUNC:SMON:VDC:STAT OFF;:INIT:CONT OFF;:LIST:MODE SEQ;:LIST:STIM:TYPE FREQ,NONE;:SOUR:DCS:VOLT:LEV 0;:TRIG:DEL 0;:TRIG:SOUR INT;:TRIG:TDEL 0;:DISP:WIND:TEXT1:DATA:FMSD:STAT OFF;:DISP:WIND:TEXT2:DATA:FMSD:STAT OFF;:FUNC:DCR:RANG:VAL 100;:FUNC:IMP:RANG:VAL 0.1;:OUTP:DC:ISOL:LEV:VAL 0.1;:OUTP:DC:ISOL:STAT OFF;:FUNC:DCR:RANG:AUTO ON;:FUNC:IMP:RANG:AUTO ON;:OUTP:DC:ISOL:LEV:AUTO ON;:DISP:PAGE MEASurement;
"
1000.0,7.60106392e-08,0.04271525422
1000.0,7.602607036e-08,0.04271201526
1000.0,7.603126246e-08,0.04270903733
1000.0,7.604652078e-08,0.04270636359
1000.0,7.604643112e-08,0.04270438718
1000.0,7.600789785e-08,0.04270197446
1000.0,7.60162612e-08,0.04269971561
1000.0,7.603595359e-08,0.04269697217
1000.0,7.603670042e-08,0.0426947883
1000.0,7.6043045e-08,0.04269189862
1000.0,7.603677348e-08,0.04268828387
1000.0,7.605354093e-08,0.04268574656
1000.0,7.603323872e-08,0.04268230199
1000.0,7.600909322e-08,0.04267933492
1000.0,7.600998089e-08,0.04267619241
1000.0,7.606224269e-08,0.04267376958
Freq,1000,Rs,0.042694877254375,1.3012978685549179e-05,Ls,7.6031603244375e-08,1.694979762476325e-11
":SOUR:DCS:STAT OFF;:BIAS:STAT OFF;:COMP:BIN:COUN:CLE;:LIST:CLE:ALL;:COMP:BIN:CLE;:AMPL:ALC ON;:APER LONG,16;:BIAS:POL:AUTO OFF;:BIAS:RANG:AUTO ON;:BIAS:VOLT:LEV 0;:COMP:ABIN OFF;:COMP:BIN:COUN:STAT OFF;:COMP:MODE PTOL;:COMP:SLIM -9.9e+037,9.9e+037;:COMP:STAT OFF;:COMP:SWAP OFF;:COMP:TOL:NOM 0;:CURR:LEV 0.1;:DISP:ENAB ON;:DISP:LINE """";:DISP:WIND:TEXT1:DATA:FMSD:DATA 1e-009;:DISP:WIND:TEXT2:DATA:FMSD:DATA 1e-009;:FORM:ASC:LONG ON;:FORM:BORD NORM;:FORM:DATA ASC,64;:FREQ:CW 1000;:FUNC:DEV1:MODE OFF;:FUNC:DEV1:REF:VAL 0;:FUNC:DEV2:MODE OFF;:FUNC:DEV2:REF:VAL 0;:FUNC:IMP:TYPE LSRS;:FUNC:SMON:IDC:STAT OFF;:FUNC:SMON:VDC:STAT OFF;:INIT:CONT OFF;:LIST:MODE SEQ;:LIST:STIM:TYPE FREQ,NONE;:SOUR:DCS:VOLT:LEV 0;:TRIG:DEL 0;:TRIG:SOUR INT;:TRIG:TDEL 0;:DISP:WIND:TEXT1:DATA:FMSD:STAT OFF;:DISP:WIND:TEXT2:DATA:FMSD:STAT OFF;:FUNC:DCR:RANG:VAL 100;:FUNC:IMP:RANG:VAL 0.1;:OUTP:DC:ISOL:LEV:VAL 0.1;:OUTP:DC:ISOL:STAT OFF;:FUNC:DCR:RANG:AUTO ON;:FUNC:IMP:RANG:AUTO ON;:OUTP:DC:ISOL:LEV:AUTO ON;:DISP:PAGE MEASurement;
"
1591.5494309189535,7.611594777e-08,0.0426676569
1591.5494309189535,7.615515737e-08,0.04266461449
1591.5494309189535,7.613888339e-08,0.04266263336
1591.5494309189535,7.612838663e-08,0.04265941904
1591.5494309189535,7.613859342e-08,0.04265684066
1591.5494309189535,7.612286261e-08,0.04265435838
1591.5494309189535,7.612893507e-08,0.04265228196
1591.5494309189535,7.613329335e-08,0.04265055024
1591.5494309189535,7.613124528e-08,0.04264824307
1591.5494309189535,7.614261093e-08,0.04264545802
1591.5494309189535,7.613065686e-08,0.04264371549
1591.5494309189535,7.615896959e-08,0.04264131165
1591.5494309189535,7.615165006e-08,0.04263962646
1591.5494309189535,7.615249488e-08,0.0426383515
1591.5494309189535,7.615034161e-08,0.0426366409
1591.5494309189535,7.613555287e-08,0.04263402705
Freq,1591.5494309189535,Rs,0.042649733073125,1.0518007392204741e-05,Ls,7.6138473855625e-08,1.2434792198609666e-11
":SOUR:DCS:STAT OFF;:BIAS:STAT OFF;:COMP:BIN:COUN:CLE;:LIST:CLE:ALL;:COMP:BIN:CLE;:AMPL:ALC ON;:APER LONG,16;:BIAS:POL:AUTO OFF;:BIAS:RANG:AUTO ON;:BIAS:VOLT:LEV 0;:COMP:ABIN OFF;:COMP:BIN:COUN:STAT OFF;:COMP:MODE PTOL;:COMP:SLIM -9.9e+037,9.9e+037;:COMP:STAT OFF;:COMP:SWAP OFF;:COMP:TOL:NOM 0;:CURR:LEV 0.1;:DISP:ENAB ON;:DISP:LINE """";:DISP:WIND:TEXT1:DATA:FMSD:DATA 1e-009;:DISP:WIND:TEXT2:DATA:FMSD:DATA 1e-009;:FORM:ASC:LONG ON;:FORM:BORD NORM;:FORM:DATA ASC,64;:FREQ:CW 1592;:FUNC:DEV1:MODE OFF;:FUNC:DEV1:REF:VAL 0;:FUNC:DEV2:MODE OFF;:FUNC:DEV2:REF:VAL 0;:FUNC:IMP:TYPE LSRS;:FUNC:SMON:IDC:STAT OFF;:FUNC:SMON:VDC:STAT OFF;:INIT:CONT OFF;:LIST:MODE SEQ;:LIST:STIM:TYPE FREQ,NONE;:SOUR:DCS:VOLT:LEV 0;:TRIG:DEL 0;:TRIG:SOUR INT;:TRIG:TDEL 0;:DISP:WIND:TEXT1:DATA:FMSD:STAT OFF;:DISP:WIND:TEXT2:DATA:FMSD:STAT OFF;:FUNC:DCR:RANG:VAL 100;:FUNC:IMP:RANG:VAL 0.1;:OUTP:DC:ISOL:LEV:VAL 0.1;:OUTP:DC:ISOL:STAT OFF;:FUNC:DCR:RANG:AUTO ON;:FUNC:IMP:RANG:AUTO ON;:OUTP:DC:ISOL:LEV:AUTO ON;:DISP:PAGE MEASurement;
"
2000.0,7.670858144e-08,0.04263565399
2000.0,7.669525546e-08,0.04263312581
2000.0,7.66960616e-08,0.04263131809
2000.0,7.670208893e-08,0.0426296653
2000.0,7.66984424e-08,0.04262848519
2000.0,7.669469255e-08,0.04262627478
2000.0,7.670513892e-08,0.04262407105
2000.0,7.670997705e-08,0.04262178758
2000.0,7.669606302e-08,0.0426189853
2000.0,7.669430811e-08,0.04261671285
2000.0,7.669860347e-08,0.04261557609
2000.0,7.66952017e-08,0.04261437286
2000.0,7.669604168e-08,0.04261196353
2000.0,7.67001621e-08,0.04260930428
2000.0,7.67015003e-08,0.04260844
2000.0,7.669592439e-08,0.04260646487
Freq,2000,Rs,0.042620762598125,9.379317891794823e-06,Ls,7.669925269500001e-08,4.973688106633349e-12
":SOUR:DCS:STAT OFF;:BIAS:STAT OFF;:COMP:BIN:COUN:CLE;:LIST:CLE:ALL;:COMP:BIN:CLE;:AMPL:ALC ON;:APER LONG,16;:BIAS:POL:AUTO OFF;:BIAS:RANG:AUTO ON;:BIAS:VOLT:LEV 0;:COMP:ABIN OFF;:COMP:BIN:COUN:STAT OFF;:COMP:MODE PTOL;:COMP:SLIM -9.9e+037,9.9e+037;:COMP:STAT OFF;:COMP:SWAP OFF;:COMP:TOL:NOM 0;:CURR:LEV 0.1;:DISP:ENAB ON;:DISP:LINE """";:DISP:WIND:TEXT1:DATA:FMSD:DATA 1e-009;:DISP:WIND:TEXT2:DATA:FMSD:DATA 1e-009;:FORM:ASC:LONG ON;:FORM:BORD NORM;:FORM:DATA ASC,64;:FREQ:CW 2000;:FUNC:DEV1:MODE OFF;:FUNC:DEV1:REF:VAL 0;:FUNC:DEV2:MODE OFF;:FUNC:DEV2:REF:VAL 0;:FUNC:IMP:TYPE LSRS;:FUNC:SMON:IDC:STAT OFF;:FUNC:SMON:VDC:STAT OFF;:INIT:CONT OFF;:LIST:MODE SEQ;:LIST:STIM:TYPE FREQ,NONE;:SOUR:DCS:VOLT:LEV 0;:TRIG:DEL 0;:TRIG:SOUR INT;:TRIG:TDEL 0;:DISP:WIND:TEXT1:DATA:FMSD:STAT OFF;:DISP:WIND:TEXT2:DATA:FMSD:STAT OFF;:FUNC:DCR:RANG:VAL 100;:FUNC:IMP:RANG:VAL 0.1;:OUTP:DC:ISOL:LEV:VAL 0.1;:OUTP:DC:ISOL:STAT OFF;:FUNC:DCR:RANG:AUTO ON;:FUNC:IMP:RANG:AUTO ON;:OUTP:DC:ISOL:LEV:AUTO ON;:DISP:PAGE MEASurement;
"
3000.0,7.681684937e-08,0.04260501331
3000.0,7.681592753e-08,0.04260374956
3000.0,7.681487464e-08,0.04260204622
3000.0,7.682993216e-08,0.04260034336
3000.0,7.683556359e-08,0.04259829854
3000.0,7.681163976e-08,0.0425975014
3000.0,7.682982974e-08,0.04259608434
3000.0,7.680363108e-08,0.04259477735
3000.0,7.682524005e-08,0.04259356556
3000.0,7.68201633e-08,0.04259163338
3000.0,7.683255554e-08,0.04259033148
3000.0,7.67964915e-08,0.04258892408
3000.0,7.681427738e-08,0.04258776412
3000.0,7.682025083e-08,0.0425862801
3000.0,7.683055799e-08,0.04258528758
3000.0,7.682692047e-08,0.04258440093
Freq,3000,Rs,0.042594125081875,6.674861047995647e-06,Ls,7.6820294058125e-08,1.082183180374066e-11
":SOUR:DCS:STAT OFF;:BIAS:STAT OFF;:COMP:BIN:COUN:CLE;:LIST:CLE:ALL;:COMP:BIN:CLE;:AMPL:ALC ON;:APER LONG,16;:BIAS:POL:AUTO OFF;:BIAS:RANG:AUTO ON;:BIAS:VOLT:LEV 0;:COMP:ABIN OFF;:COMP:BIN:COUN:STAT OFF;:COMP:MODE PTOL;:COMP:SLIM -9.9e+037,9.9e+037;:COMP:STAT OFF;:COMP:SWAP OFF;:COMP:TOL:NOM 0;:CURR:LEV 0.1;:DISP:ENAB ON;:DISP:LINE """";:DISP:WIND:TEXT1:DATA:FMSD:DATA 1e-009;:DISP:WIND:TEXT2:DATA:FMSD:DATA 1e-009;:FORM:ASC:LONG ON;:FORM:BORD NORM;:FORM:DATA ASC,64;:FREQ:CW 3000;:FUNC:DEV1:MODE OFF;:FUNC:DEV1:REF:VAL 0;:FUNC:DEV2:MODE OFF;:FUNC:DEV2:REF:VAL 0;:FUNC:IMP:TYPE LSRS;:FUNC:SMON:IDC:STAT OFF;:FUNC:SMON:VDC:STAT OFF;:INIT:CONT OFF;:LIST:MODE SEQ;:LIST:STIM:TYPE FREQ,NONE;:SOUR:DCS:VOLT:LEV 0;:TRIG:DEL 0;:TRIG:SOUR INT;:TRIG:TDEL 0;:DISP:WIND:TEXT1:DATA:FMSD:STAT OFF;:DISP:WIND:TEXT2:DATA:FMSD:STAT OFF;:FUNC:DCR:RANG:VAL 100;:FUNC:IMP:RANG:VAL 0.1;:OUTP:DC:ISOL:LEV:VAL 0.1;:OUTP:DC:ISOL:STAT OFF;:FUNC:DCR:RANG:AUTO ON;:FUNC:IMP:RANG:AUTO ON;:OUTP:DC:ISOL:LEV:AUTO ON;:DISP:PAGE MEASurement;
"
5000.0,7.638287933e-08,0.04262537637
5000.0,7.637328413e-08,0.04262487296
5000.0,7.638461539e-08,0.04262359479
5000.0,7.637954515e-08,0.04262262074
5000.0,7.638197799e-08,0.04262221446
5000.0,7.638266053e-08,0.04262163571
5000.0,7.638282073e-08,0.04262019106
5000.0,7.637888988e-08,0.04261890415
5000.0,7.63769164e-08,0.04261762897
5000.0,7.637124463e-08,0.04261647706
5000.0,7.638669425e-08,0.04261565858
5000.0,7.638698128e-08,0.04261463209
5000.0,7.638094954e-08,0.04261294031
5000.0,7.638604693e-08,0.04261156454
5000.0,7.637650084e-08,0.0426109619
5000.0,7.638432499e-08,0.04260961193
Freq,5000,Rs,0.04261805535125,5.14485407133214e-06,Ls,7.638102074937499e-08,4.6657906689975906e-12
":SOUR:DCS:STAT OFF;:BIAS:STAT OFF;:COMP:BIN:COUN:CLE;:LIST:CLE:ALL;:COMP:BIN:CLE;:AMPL:ALC ON;:APER LONG,16;:BIAS:POL:AUTO OFF;:BIAS:RANG:AUTO ON;:BIAS:VOLT:LEV 0;:COMP:ABIN OFF;:COMP:BIN:COUN:STAT OFF;:COMP:MODE PTOL;:COMP:SLIM -9.9e+037,9.9e+037;:COMP:STAT OFF;:COMP:SWAP OFF;:COMP:TOL:NOM 0;:CURR:LEV 0.1;:DISP:ENAB ON;:DISP:LINE """";:DISP:WIND:TEXT1:DATA:FMSD:DATA 1e-009;:DISP:WIND:TEXT2:DATA:FMSD:DATA 1e-009;:FORM:ASC:LONG ON;:FORM:BORD NORM;:FORM:DATA ASC,64;:FREQ:CW 5000;:FUNC:DEV1:MODE OFF;:FUNC:DEV1:REF:VAL 0;:FUNC:DEV2:MODE OFF;:FUNC:DEV2:REF:VAL 0;:FUNC:IMP:TYPE LSRS;:FUNC:SMON:IDC:STAT OFF;:FUNC:SMON:VDC:STAT OFF;:INIT:CONT OFF;:LIST:MODE SEQ;:LIST:STIM:TYPE FREQ,NONE;:SOUR:DCS:VOLT:LEV 0;:TRIG:DEL 0;:TRIG:SOUR INT;:TRIG:TDEL 0;:DISP:WIND:TEXT1:DATA:FMSD:STAT OFF;:DISP:WIND:TEXT2:DATA:FMSD:STAT OFF;:FUNC:DCR:RANG:VAL 100;:FUNC:IMP:RANG:VAL 0.1;:OUTP:DC:ISOL:LEV:VAL 0.1;:OUTP:DC:ISOL:STAT OFF;:FUNC:DCR:RANG:AUTO ON;:FUNC:IMP:RANG:AUTO ON;:OUTP:DC:ISOL:LEV:AUTO ON;:DISP:PAGE MEASurement;
"
":SOUR:DCS:STAT OFF;:BIAS:STAT OFF;:COMP:BIN:COUN:CLE;:LIST:CLE:ALL;:COMP:BIN:CLE;:AMPL:ALC ON;:APER LONG,16;:BIAS:POL:AUTO OFF;:BIAS:RANG:AUTO ON;:BIAS:VOLT:LEV 0;:COMP:ABIN OFF;:COMP:BIN:COUN:STAT OFF;:COMP:MODE PTOL;:COMP:SLIM -9.9e+037,9.9e+037;:COMP:STAT OFF;:COMP:SWAP OFF;:COMP:TOL:NOM 0;:CURR:LEV 0.1;:DISP:ENAB ON;:DISP:LINE """";:DISP:WIND:TEXT1:DATA:FMSD:DATA 1e-009;:DISP:WIND:TEXT2:DATA:FMSD:DATA 1e-009;:FORM:ASC:LONG ON;:FORM:BORD NORM;:FORM:DATA ASC,64;:FREQ:CW 5000;:FUNC:DEV1:MODE OFF;:FUNC:DEV1:REF:VAL 0;:FUNC:DEV2:MODE OFF;:FUNC:DEV2:REF:VAL 0;:FUNC:IMP:TYPE LSRS;:FUNC:SMON:IDC:STAT OFF;:FUNC:SMON:VDC:STAT OFF;:INIT:CONT OFF;:LIST:MODE SEQ;:LIST:STIM:TYPE FREQ,NONE;:SOUR:DCS:VOLT:LEV 0;:TRIG:DEL 0;:TRIG:SOUR INT;:TRIG:TDEL 0;:DISP:WIND:TEXT1:DATA:FMSD:STAT OFF;:DISP:WIND:TEXT2:DATA:FMSD:STAT OFF;:FUNC:DCR:RANG:VAL 100;:FUNC:IMP:RANG:VAL 0.1;:OUTP:DC:ISOL:LEV:VAL 0.1;:OUTP:DC:ISOL:STAT OFF;:FUNC:DCR:RANG:AUTO ON;:FUNC:IMP:RANG:AUTO ON;:OUTP:DC:ISOL:LEV:AUTO ON;:DISP:PAGE MEASurement;
"
2022-09-23,13:01:34
---------run finished---------
lcr name:,KeySight E4980A
Name and description of Resistor under test: ,WE1
GPIB source:,<bound method MessageBasedResource.read of <'GPIBInstrument'('GPIB0::17::INSTR')>>
2022-09-23,13:26:12
select the freq range,"[50, 100, 200, 300, 500, 800, 1000, 1591.5494309189535, 2000, 3000, 5000]"
50.0,3.560876734e-07,0.06652389609
50.0,3.634944791e-07,0.06647283534
50.0,3.673098002e-07,0.06643190306
50.0,3.666700987e-07,0.06637886166
50.0,3.680950316e-07,0.06633280991
50.0,3.636970125e-07,0.06629117917
50.0,3.59016886e-07,0.06625174391
50.0,3.497794259e-07,0.06621947877
50.0,3.508867419e-07,0.06618895307
50.0,3.586143609e-07,0.06615959622
50.0,3.676267456e-07,0.06612843148
50.0,3.648576741e-07,0.06609912336
50.0,3.633622765e-07,0.06607335378
50.0,3.598690806e-07,0.06604976458
50.0,3.554060235e-07,0.06602830128
50.0,3.556448514e-07,0.06600690728
Freq,50,Rs,0.066227321185,0.00016423803480526835,Ls,3.6065113511875e-07,5.895824691174096e-09
":SOUR:DCS:STAT OFF;:BIAS:STAT OFF;:COMP:BIN:COUN:CLE;:LIST:CLE:ALL;:COMP:BIN:CLE;:AMPL:ALC ON;:APER LONG,16;:BIAS:POL:AUTO OFF;:BIAS:RANG:AUTO ON;:BIAS:VOLT:LEV 0;:COMP:ABIN OFF;:COMP:BIN:COUN:STAT OFF;:COMP:MODE PTOL;:COMP:SLIM -9.9e+037,9.9e+037;:COMP:STAT OFF;:COMP:SWAP OFF;:COMP:TOL:NOM 0;:CURR:LEV 0.1;:DISP:ENAB ON;:DISP:LINE """";:DISP:WIND:TEXT1:DATA:FMSD:DATA 1e-009;:DISP:WIND:TEXT2:DATA:FMSD:DATA 1e-009;:FORM:ASC:LONG ON;:FORM:BORD NORM;:FORM:DATA ASC,64;:FREQ:CW 50;:FUNC:DEV1:MODE OFF;:FUNC:DEV1:REF:VAL 0;:FUNC:DEV2:MODE OFF;:FUNC:DEV2:REF:VAL 0;:FUNC:IMP:TYPE LSRS;:FUNC:SMON:IDC:STAT OFF;:FUNC:SMON:VDC:STAT OFF;:INIT:CONT OFF;:LIST:MODE SEQ;:LIST:STIM:TYPE FREQ,NONE;:SOUR:DCS:VOLT:LEV 0;:TRIG:DEL 0;:TRIG:SOUR INT;:TRIG:TDEL 0;:DISP:WIND:TEXT1:DATA:FMSD:STAT OFF;:DISP:WIND:TEXT2:DATA:FMSD:STAT OFF;:FUNC:DCR:RANG:VAL 100;:FUNC:IMP:RANG:VAL 0.1;:OUTP:DC:ISOL:LEV:VAL 0.1;:OUTP:DC:ISOL:STAT OFF;:FUNC:DCR:RANG:AUTO ON;:FUNC:IMP:RANG:AUTO ON;:OUTP:DC:ISOL:LEV:AUTO ON;:DISP:PAGE MEASurement;
"
100.0,3.334764535e-07,0.06595285492
100.0,3.3314241e-07,0.06593621913
100.0,3.332464085e-07,0.06592185787
100.0,3.33066448e-07,0.06590671582
100.0,3.333607153e-07,0.06589176803
100.0,3.335471262e-07,0.06587823316
100.0,3.334448328e-07,0.06586464634
100.0,3.328023023e-07,0.06585213069
100.0,3.331952853e-07,0.06583945484
100.0,3.333490964e-07,0.06582815122
100.0,3.331094309e-07,0.06581692383
100.0,3.328360395e-07,0.06580641774
100.0,3.332989973e-07,0.06579564368
100.0,3.333547914e-07,0.06578561568
100.0,3.330440439e-07,0.06577627641
100.0,3.330357849e-07,0.06576715049
Freq,100,Rs,0.065851253740625,5.894057504326319e-05,Ls,3.332068853875e-07,2.177733960985383e-10
":SOUR:DCS:STAT OFF;:BIAS:STAT OFF;:COMP:BIN:COUN:CLE;:LIST:CLE:ALL;:COMP:BIN:CLE;:AMPL:ALC ON;:APER LONG,16;:BIAS:POL:AUTO OFF;:BIAS:RANG:AUTO ON;:BIAS:VOLT:LEV 0;:COMP:ABIN OFF;:COMP:BIN:COUN:STAT OFF;:COMP:MODE PTOL;:COMP:SLIM -9.9e+037,9.9e+037;:COMP:STAT OFF;:COMP:SWAP OFF;:COMP:TOL:NOM 0;:CURR:LEV 0.1;:DISP:ENAB ON;:DISP:LINE """";:DISP:WIND:TEXT1:DATA:FMSD:DATA 1e-009;:DISP:WIND:TEXT2:DATA:FMSD:DATA 1e-009;:FORM:ASC:LONG ON;:FORM:BORD NORM;:FORM:DATA ASC,64;:FREQ:CW 100;:FUNC:DEV1:MODE OFF;:FUNC:DEV1:REF:VAL 0;:FUNC:DEV2:MODE OFF;:FUNC:DEV2:REF:VAL 0;:FUNC:IMP:TYPE LSRS;:FUNC:SMON:IDC:STAT OFF;:FUNC:SMON:VDC:STAT OFF;:INIT:CONT OFF;:LIST:MODE SEQ;:LIST:STIM:TYPE FREQ,NONE;:SOUR:DCS:VOLT:LEV 0;:TRIG:DEL 0;:TRIG:SOUR INT;:TRIG:TDEL 0;:DISP:WIND:TEXT1:DATA:FMSD:STAT OFF;:DISP:WIND:TEXT2:DATA:FMSD:STAT OFF;:FUNC:DCR:RANG:VAL 100;:FUNC:IMP:RANG:VAL 0.1;:OUTP:DC:ISOL:LEV:VAL 0.1;:OUTP:DC:ISOL:STAT OFF;:FUNC:DCR:RANG:AUTO ON;:FUNC:IMP:RANG:AUTO ON;:OUTP:DC:ISOL:LEV:AUTO ON;:DISP:PAGE MEASurement;
"
200.0,3.330444853e-07,0.06577456279
200.0,3.329426924e-07,0.06576722155
200.0,3.33085265e-07,0.06576027904
200.0,3.331472533e-07,0.06575363175
200.0,3.329042342e-07,0.06574628652
200.0,3.333554056e-07,0.06573844835
200.0,3.333824318e-07,0.06573204432
200.0,3.332442535e-07,0.06572471237
200.0,3.32878932e-07,0.06571794897
200.0,3.334212101e-07,0.0657111143
200.0,3.331131089e-07,0.06570373224
200.0,3.331932282e-07,0.06569697818
200.0,3.330378683e-07,0.06569075605
200.0,3.332233304e-07,0.065684453
200.0,3.334399511e-07,0.06567872623
200.0,3.332138985e-07,0.06567284849
Freq,200,Rs,0.065722109009375,3.267138402573738e-05,Ls,3.331642217875e-07,1.7831438462484544e-10
":SOUR:DCS:STAT OFF;:BIAS:STAT OFF;:COMP:BIN:COUN:CLE;:LIST:CLE:ALL;:COMP:BIN:CLE;:AMPL:ALC ON;:APER LONG,16;:BIAS:POL:AUTO OFF;:BIAS:RANG:AUTO ON;:BIAS:VOLT:LEV 0;:COMP:ABIN OFF;:COMP:BIN:COUN:STAT OFF;:COMP:MODE PTOL;:COMP:SLIM -9.9e+037,9.9e+037;:COMP:STAT OFF;:COMP:SWAP OFF;:COMP:TOL:NOM 0;:CURR:LEV 0.1;:DISP:ENAB ON;:DISP:LINE """";:DISP:WIND:TEXT1:DATA:FMSD:DATA 1e-009;:DISP:WIND:TEXT2:DATA:FMSD:DATA 1e-009;:FORM:ASC:LONG ON;:FORM:BORD NORM;:FORM:DATA ASC,64;:FREQ:CW 200;:FUNC:DEV1:MODE OFF;:FUNC:DEV1:REF:VAL 0;:FUNC:DEV2:MODE OFF;:FUNC:DEV2:REF:VAL 0;:FUNC:IMP:TYPE LSRS;:FUNC:SMON:IDC:STAT OFF;:FUNC:SMON:VDC:STAT OFF;:INIT:CONT OFF;:LIST:MODE SEQ;:LIST:STIM:TYPE FREQ,NONE;:SOUR:DCS:VOLT:LEV 0;:TRIG:DEL 0;:TRIG:SOUR INT;:TRIG:TDEL 0;:DISP:WIND:TEXT1:DATA:FMSD:STAT OFF;:DISP:WIND:TEXT2:DATA:FMSD:STAT OFF;:FUNC:DCR:RANG:VAL 100;:FUNC:IMP:RANG:VAL 0.1;:OUTP:DC:ISOL:LEV:VAL 0.1;:OUTP:DC:ISOL:STAT OFF;:FUNC:DCR:RANG:AUTO ON;:FUNC:IMP:RANG:AUTO ON;:OUTP:DC:ISOL:LEV:AUTO ON;:DISP:PAGE MEASurement;
"
300.0,3.228451953e-07,0.06566596582
300.0,3.229242008e-07,0.06566295644
300.0,3.227325895e-07,0.06565845008
300.0,3.227260721e-07,0.06565392692
300.0,3.228836807e-07,0.06564919943
300.0,3.229172065e-07,0.06564410971
300.0,3.230793892e-07,0.06563902292
300.0,3.231526358e-07,0.06563341632
300.0,3.228281464e-07,0.06562835275
300.0,3.22915196e-07,0.06562299563
300.0,3.228863109e-07,0.06561861111
300.0,3.228182753e-07,0.06561313324
300.0,3.228432885e-07,0.06560855051
300.0,3.230835627e-07,0.06560315502
300.0,3.228703047e-07,0.06559825746
300.0,3.2296384e-07,0.06559269914
Freq,300,Rs,0.06563080015625,2.3745539467679147e-05,Ls,3.229043684e-07,1.189559595231082e-10
":SOUR:DCS:STAT OFF;:BIAS:STAT OFF;:COMP:BIN:COUN:CLE;:LIST:CLE:ALL;:COMP:BIN:CLE;:AMPL:ALC ON;:APER LONG,16;:BIAS:POL:AUTO OFF;:BIAS:RANG:AUTO ON;:BIAS:VOLT:LEV 0;:COMP:ABIN OFF;:COMP:BIN:COUN:STAT OFF;:COMP:MODE PTOL;:COMP:SLIM -9.9e+037,9.9e+037;:COMP:STAT OFF;:COMP:SWAP OFF;:COMP:TOL:NOM 0;:CURR:LEV 0.1;:DISP:ENAB ON;:DISP:LINE """";:DISP:WIND:TEXT1:DATA:FMSD:DATA 1e-009;:DISP:WIND:TEXT2:DATA:FMSD:DATA 1e-009;:FORM:ASC:LONG ON;:FORM:BORD NORM;:FORM:DATA ASC,64;:FREQ:CW 300;:FUNC:DEV1:MODE OFF;:FUNC:DEV1:REF:VAL 0;:FUNC:DEV2:MODE OFF;:FUNC:DEV2:REF:VAL 0;:FUNC:IMP:TYPE LSRS;:FUNC:SMON:IDC:STAT OFF;:FUNC:SMON:VDC:STAT OFF;:INIT:CONT OFF;:LIST:MODE SEQ;:LIST:STIM:TYPE FREQ,NONE;:SOUR:DCS:VOLT:LEV 0;:TRIG:DEL 0;:TRIG:SOUR INT;:TRIG:TDEL 0;:DISP:WIND:TEXT1:DATA:FMSD:STAT OFF;:DISP:WIND:TEXT2:DATA:FMSD:STAT OFF;:FUNC:DCR:RANG:VAL 100;:FUNC:IMP:RANG:VAL 0.1;:OUTP:DC:ISOL:LEV:VAL 0.1;:OUTP:DC:ISOL:STAT OFF;:FUNC:DCR:RANG:AUTO ON;:FUNC:IMP:RANG:AUTO ON;:OUTP:DC:ISOL:LEV:AUTO ON;:DISP:PAGE MEASurement;
"
500.0,3.177271886e-07,0.06559302815
500.0,3.176063509e-07,0.06558828624
500.0,3.176480532e-07,0.06558398464
500.0,3.176710585e-07,0.06557912853
500.0,3.176699301e-07,0.06557431884
500.0,3.177091199e-07,0.06557005968
500.0,3.177115211e-07,0.0655658317
500.0,3.177461939e-07,0.06556160668
500.0,3.177207247e-07,0.06555751358
500.0,3.176636725e-07,0.0655531399
500.0,3.177474797e-07,0.06554884829
500.0,3.177754401e-07,0.06554508632
500.0,3.176841723e-07,0.06554158383
500.0,3.177245049e-07,0.0655374636
500.0,3.177246273e-07,0.06553341632
500.0,3.177267224e-07,0.06552941988
Freq,500,Rs,0.06556016976125001,2.0105374460871377e-05,Ls,3.1770354750625e-07,4.317747018448356e-11
":SOUR:DCS:STAT OFF;:BIAS:STAT OFF;:COMP:BIN:COUN:CLE;:LIST:CLE:ALL;:COMP:BIN:CLE;:AMPL:ALC ON;:APER LONG,16;:BIAS:POL:AUTO OFF;:BIAS:RANG:AUTO ON;:BIAS:VOLT:LEV 0;:COMP:ABIN OFF;:COMP:BIN:COUN:STAT OFF;:COMP:MODE PTOL;:COMP:SLIM -9.9e+037,9.9e+037;:COMP:STAT OFF;:COMP:SWAP OFF;:COMP:TOL:NOM 0;:CURR:LEV 0.1;:DISP:ENAB ON;:DISP:LINE """";:DISP:WIND:TEXT1:DATA:FMSD:DATA 1e-009;:DISP:WIND:TEXT2:DATA:FMSD:DATA 1e-009;:FORM:ASC:LONG ON;:FORM:BORD NORM;:FORM:DATA ASC,64;:FREQ:CW 500;:FUNC:DEV1:MODE OFF;:FUNC:DEV1:REF:VAL 0;:FUNC:DEV2:MODE OFF;:FUNC:DEV2:REF:VAL 0;:FUNC:IMP:TYPE LSRS;:FUNC:SMON:IDC:STAT OFF;:FUNC:SMON:VDC:STAT OFF;:INIT:CONT OFF;:LIST:MODE SEQ;:LIST:STIM:TYPE FREQ,NONE;:SOUR:DCS:VOLT:LEV 0;:TRIG:DEL 0;:TRIG:SOUR INT;:TRIG:TDEL 0;:DISP:WIND:TEXT1:DATA:FMSD:STAT OFF;:DISP:WIND:TEXT2:DATA:FMSD:STAT OFF;:FUNC:DCR:RANG:VAL 100;:FUNC:IMP:RANG:VAL 0.1;:OUTP:DC:ISOL:LEV:VAL 0.1;:OUTP:DC:ISOL:STAT OFF;:FUNC:DCR:RANG:AUTO ON;:FUNC:IMP:RANG:AUTO ON;:OUTP:DC:ISOL:LEV:AUTO ON;:DISP:PAGE MEASurement;
"
800.0,3.162731415e-07,0.06552843291
800.0,3.162736967e-07,0.06552512223
800.0,3.16277622e-07,0.0655216243
800.0,3.162447982e-07,0.06551830422
800.0,3.162828775e-07,0.06551502861
800.0,3.162455737e-07,0.06551221455
800.0,3.162764531e-07,0.06550886229
800.0,3.162711465e-07,0.06550581271
800.0,3.162682455e-07,0.06550302096
800.0,3.162452333e-07,0.0654997719
800.0,3.162809773e-07,0.06549683032
800.0,3.162475156e-07,0.06549366688
800.0,3.162763284e-07,0.06549085587
800.0,3.162667284e-07,0.06548819266
800.0,3.1628497e-07,0.06548585102
800.0,3.162502091e-07,0.06548323483
Freq,800,Rs,0.06550480164125,1.4432204924942658e-05,Ls,3.1626659479999995e-07,1.4709894224088007e-11
":SOUR:DCS:STAT OFF;:BIAS:STAT OFF;:COMP:BIN:COUN:CLE;:LIST:CLE:ALL;:COMP:BIN:CLE;:AMPL:ALC ON;:APER LONG,16;:BIAS:POL:AUTO OFF;:BIAS:RANG:AUTO ON;:BIAS:VOLT:LEV 0;:COMP:ABIN OFF;:COMP:BIN:COUN:STAT OFF;:COMP:MODE PTOL;:COMP:SLIM -9.9e+037,9.9e+037;:COMP:STAT OFF;:COMP:SWAP OFF;:COMP:TOL:NOM 0;:CURR:LEV 0.1;:DISP:ENAB ON;:DISP:LINE """";:DISP:WIND:TEXT1:DATA:FMSD:DATA 1e-009;:DISP:WIND:TEXT2:DATA:FMSD:DATA 1e-009;:FORM:ASC:LONG ON;:FORM:BORD NORM;:FORM:DATA ASC,64;:FREQ:CW 800;:FUNC:DEV1:MODE OFF;:FUNC:DEV1:REF:VAL 0;:FUNC:DEV2:MODE OFF;:FUNC:DEV2:REF:VAL 0;:FUNC:IMP:TYPE LSRS;:FUNC:SMON:IDC:STAT OFF;:FUNC:SMON:VDC:STAT OFF;:INIT:CONT OFF;:LIST:MODE SEQ;:LIST:STIM:TYPE FREQ,NONE;:SOUR:DCS:VOLT:LEV 0;:TRIG:DEL 0;:TRIG:SOUR INT;:TRIG:TDEL 0;:DISP:WIND:TEXT1:DATA:FMSD:STAT OFF;:DISP:WIND:TEXT2:DATA:FMSD:STAT OFF;:FUNC:DCR:RANG:VAL 100;:FUNC:IMP:RANG:VAL 0.1;:OUTP:DC:ISOL:LEV:VAL 0.1;:OUTP:DC:ISOL:STAT OFF;:FUNC:DCR:RANG:AUTO ON;:FUNC:IMP:RANG:AUTO ON;:OUTP:DC:ISOL:LEV:AUTO ON;:DISP:PAGE MEASurement;
"
1000.0,3.157562484e-07,0.06546861249
1000.0,3.157521433e-07,0.06546558056
1000.0,3.157592971e-07,0.06546279002
1000.0,3.157319203e-07,0.06545987554
1000.0,3.157350293e-07,0.06545684608
1000.0,3.157703011e-07,0.0654541165
1000.0,3.157526824e-07,0.06545096599
1000.0,3.157479928e-07,0.06544860214
1000.0,3.157699501e-07,0.0654456888
1000.0,3.157536029e-07,0.06544321701
1000.0,3.157447966e-07,0.06544096884
1000.0,3.157457475e-07,0.06543852879
1000.0,3.15755979e-07,0.0654362089
1000.0,3.157248301e-07,0.06543427274
1000.0,3.1576658e-07,0.06543234935
1000.0,3.157462728e-07,0.06543080702
Freq,1000,Rs,0.065448089423125,1.2257757234686293e-05,Ls,3.1575083585625e-07,1.2929184665183497e-11
":SOUR:DCS:STAT OFF;:BIAS:STAT OFF;:COMP:BIN:COUN:CLE;:LIST:CLE:ALL;:COMP:BIN:CLE;:AMPL:ALC ON;:APER LONG,16;:BIAS:POL:AUTO OFF;:BIAS:RANG:AUTO ON;:BIAS:VOLT:LEV 0;:COMP:ABIN OFF;:COMP:BIN:COUN:STAT OFF;:COMP:MODE PTOL;:COMP:SLIM -9.9e+037,9.9e+037;:COMP:STAT OFF;:COMP:SWAP OFF;:COMP:TOL:NOM 0;:CURR:LEV 0.1;:DISP:ENAB ON;:DISP:LINE """";:DISP:WIND:TEXT1:DATA:FMSD:DATA 1e-009;:DISP:WIND:TEXT2:DATA:FMSD:DATA 1e-009;:FORM:ASC:LONG ON;:FORM:BORD NORM;:FORM:DATA ASC,64;:FREQ:CW 1000;:FUNC:DEV1:MODE OFF;:FUNC:DEV1:REF:VAL 0;:FUNC:DEV2:MODE OFF;:FUNC:DEV2:REF:VAL 0;:FUNC:IMP:TYPE LSRS;:FUNC:SMON:IDC:STAT OFF;:FUNC:SMON:VDC:STAT OFF;:INIT:CONT OFF;:LIST:MODE SEQ;:LIST:STIM:TYPE FREQ,NONE;:SOUR:DCS:VOLT:LEV 0;:TRIG:DEL 0;:TRIG:SOUR INT;:TRIG:TDEL 0;:DISP:WIND:TEXT1:DATA:FMSD:STAT OFF;:DISP:WIND:TEXT2:DATA:FMSD:STAT OFF;:FUNC:DCR:RANG:VAL 100;:FUNC:IMP:RANG:VAL 0.1;:OUTP:DC:ISOL:LEV:VAL 0.1;:OUTP:DC:ISOL:STAT OFF;:FUNC:DCR:RANG:AUTO ON;:FUNC:IMP:RANG:AUTO ON;:OUTP:DC:ISOL:LEV:AUTO ON;:DISP:PAGE MEASurement;
"
1591.5494309189535,3.161025326e-07,0.06542427896
1591.5494309189535,3.160918568e-07,0.06542203562
1591.5494309189535,3.16090324e-07,0.06542009463
1591.5494309189535,3.161035162e-07,0.06541800033
1591.5494309189535,3.161001294e-07,0.06541558033
1591.5494309189535,3.16076325e-07,0.06541304927
1591.5494309189535,3.161028307e-07,0.06541095582
1591.5494309189535,3.161109364e-07,0.06540887497
1591.5494309189535,3.16114096e-07,0.06540705832
1591.5494309189535,3.161144462e-07,0.06540472884
1591.5494309189535,3.16110005e-07,0.06540229102
1591.5494309189535,3.161063869e-07,0.06540023519
1591.5494309189535,3.160968177e-07,0.06539809787
1591.5494309189535,3.1609277e-07,0.06539553441
1591.5494309189535,3.160934984e-07,0.06539337636
1591.5494309189535,3.161099431e-07,0.06539140486
Freq,1591.5494309189535,Rs,0.0654078498,1.0480306813527842e-05,Ls,3.1610102589999997e-07,1.0333871013325311e-11
":SOUR:DCS:STAT OFF;:BIAS:STAT OFF;:COMP:BIN:COUN:CLE;:LIST:CLE:ALL;:COMP:BIN:CLE;:AMPL:ALC ON;:APER LONG,16;:BIAS:POL:AUTO OFF;:BIAS:RANG:AUTO ON;:BIAS:VOLT:LEV 0;:COMP:ABIN OFF;:COMP:BIN:COUN:STAT OFF;:COMP:MODE PTOL;:COMP:SLIM -9.9e+037,9.9e+037;:COMP:STAT OFF;:COMP:SWAP OFF;:COMP:TOL:NOM 0;:CURR:LEV 0.1;:DISP:ENAB ON;:DISP:LINE """";:DISP:WIND:TEXT1:DATA:FMSD:DATA 1e-009;:DISP:WIND:TEXT2:DATA:FMSD:DATA 1e-009;:FORM:ASC:LONG ON;:FORM:BORD NORM;:FORM:DATA ASC,64;:FREQ:CW 1592;:FUNC:DEV1:MODE OFF;:FUNC:DEV1:REF:VAL 0;:FUNC:DEV2:MODE OFF;:FUNC:DEV2:REF:VAL 0;:FUNC:IMP:TYPE LSRS;:FUNC:SMON:IDC:STAT OFF;:FUNC:SMON:VDC:STAT OFF;:INIT:CONT OFF;:LIST:MODE SEQ;:LIST:STIM:TYPE FREQ,NONE;:SOUR:DCS:VOLT:LEV 0;:TRIG:DEL 0;:TRIG:SOUR INT;:TRIG:TDEL 0;:DISP:WIND:TEXT1:DATA:FMSD:STAT OFF;:DISP:WIND:TEXT2:DATA:FMSD:STAT OFF;:FUNC:DCR:RANG:VAL 100;:FUNC:IMP:RANG:VAL 0.1;:OUTP:DC:ISOL:LEV:VAL 0.1;:OUTP:DC:ISOL:STAT OFF;:FUNC:DCR:RANG:AUTO ON;:FUNC:IMP:RANG:AUTO ON;:OUTP:DC:ISOL:LEV:AUTO ON;:DISP:PAGE MEASurement;
"
2000.0,3.167109861e-07,0.06539091105
2000.0,3.167357475e-07,0.06538938322
2000.0,3.167396291e-07,0.065387187
2000.0,3.167370507e-07,0.06538538083
2000.0,3.16731684e-07,0.06538368635
2000.0,3.167539036e-07,0.06538198296
2000.0,3.167140099e-07,0.06538004854
2000.0,3.167517854e-07,0.0653780265
2000.0,3.167351152e-07,0.06537633334
2000.0,3.167551485e-07,0.06537495501
2000.0,3.167291247e-07,0.06537302276
2000.0,3.16746235e-07,0.06537166193
2000.0,3.167405888e-07,0.06536988977
2000.0,3.167436126e-07,0.0653679821
2000.0,3.167453071e-07,0.0653661216
2000.0,3.167367381e-07,0.06536407889
Freq,2000,Rs,0.06537754074062499,8.415038913368873e-06,Ls,3.1673791664375e-07,1.2486834611600397e-11
":SOUR:DCS:STAT OFF;:BIAS:STAT OFF;:COMP:BIN:COUN:CLE;:LIST:CLE:ALL;:COMP:BIN:CLE;:AMPL:ALC ON;:APER LONG,16;:BIAS:POL:AUTO OFF;:BIAS:RANG:AUTO ON;:BIAS:VOLT:LEV 0;:COMP:ABIN OFF;:COMP:BIN:COUN:STAT OFF;:COMP:MODE PTOL;:COMP:SLIM -9.9e+037,9.9e+037;:COMP:STAT OFF;:COMP:SWAP OFF;:COMP:TOL:NOM 0;:CURR:LEV 0.1;:DISP:ENAB ON;:DISP:LINE """";:DISP:WIND:TEXT1:DATA:FMSD:DATA 1e-009;:DISP:WIND:TEXT2:DATA:FMSD:DATA 1e-009;:FORM:ASC:LONG ON;:FORM:BORD NORM;:FORM:DATA ASC,64;:FREQ:CW 2000;:FUNC:DEV1:MODE OFF;:FUNC:DEV1:REF:VAL 0;:FUNC:DEV2:MODE OFF;:FUNC:DEV2:REF:VAL 0;:FUNC:IMP:TYPE LSRS;:FUNC:SMON:IDC:STAT OFF;:FUNC:SMON:VDC:STAT OFF;:INIT:CONT OFF;:LIST:MODE SEQ;:LIST:STIM:TYPE FREQ,NONE;:SOUR:DCS:VOLT:LEV 0;:TRIG:DEL 0;:TRIG:SOUR INT;:TRIG:TDEL 0;:DISP:WIND:TEXT1:DATA:FMSD:STAT OFF;:DISP:WIND:TEXT2:DATA:FMSD:STAT OFF;:FUNC:DCR:RANG:VAL 100;:FUNC:IMP:RANG:VAL 0.1;:OUTP:DC:ISOL:LEV:VAL 0.1;:OUTP:DC:ISOL:STAT OFF;:FUNC:DCR:RANG:AUTO ON;:FUNC:IMP:RANG:AUTO ON;:OUTP:DC:ISOL:LEV:AUTO ON;:DISP:PAGE MEASurement;
"
3000.0,3.171408131e-07,0.06535802188
3000.0,3.171215176e-07,0.06535675177
3000.0,3.17154969e-07,0.06535500182
3000.0,3.171397508e-07,0.06535373315
3000.0,3.171155042e-07,0.06535258322
3000.0,3.171368349e-07,0.06535087858
3000.0,3.171517004e-07,0.0653497461
3000.0,3.171449963e-07,0.06534720991
3000.0,3.171312177e-07,0.06534528164
3000.0,3.171488415e-07,0.065343033
3000.0,3.171235481e-07,0.06534065344
3000.0,3.17138822e-07,0.06533908293
3000.0,3.171490572e-07,0.06533783858
3000.0,3.171538601e-07,0.06533579195
3000.0,3.171386355e-07,0.0653342313
3000.0,3.171412165e-07,0.06533291801
Freq,3000,Rs,0.06534579733000001,8.363190449501297e-06,Ls,3.1713945530625e-07,1.165733326139748e-11
":SOUR:DCS:STAT OFF;:BIAS:STAT OFF;:COMP:BIN:COUN:CLE;:LIST:CLE:ALL;:COMP:BIN:CLE;:AMPL:ALC ON;:APER LONG,16;:BIAS:POL:AUTO OFF;:BIAS:RANG:AUTO ON;:BIAS:VOLT:LEV 0;:COMP:ABIN OFF;:COMP:BIN:COUN:STAT OFF;:COMP:MODE PTOL;:COMP:SLIM -9.9e+037,9.9e+037;:COMP:STAT OFF;:COMP:SWAP OFF;:COMP:TOL:NOM 0;:CURR:LEV 0.1;:DISP:ENAB ON;:DISP:LINE """";:DISP:WIND:TEXT1:DATA:FMSD:DATA 1e-009;:DISP:WIND:TEXT2:DATA:FMSD:DATA 1e-009;:FORM:ASC:LONG ON;:FORM:BORD NORM;:FORM:DATA ASC,64;:FREQ:CW 3000;:FUNC:DEV1:MODE OFF;:FUNC:DEV1:REF:VAL 0;:FUNC:DEV2:MODE OFF;:FUNC:DEV2:REF:VAL 0;:FUNC:IMP:TYPE LSRS;:FUNC:SMON:IDC:STAT OFF;:FUNC:SMON:VDC:STAT OFF;:INIT:CONT OFF;:LIST:MODE SEQ;:LIST:STIM:TYPE FREQ,NONE;:SOUR:DCS:VOLT:LEV 0;:TRIG:DEL 0;:TRIG:SOUR INT;:TRIG:TDEL 0;:DISP:WIND:TEXT1:DATA:FMSD:STAT OFF;:DISP:WIND:TEXT2:DATA:FMSD:STAT OFF;:FUNC:DCR:RANG:VAL 100;:FUNC:IMP:RANG:VAL 0.1;:OUTP:DC:ISOL:LEV:VAL 0.1;:OUTP:DC:ISOL:STAT OFF;:FUNC:DCR:RANG:AUTO ON;:FUNC:IMP:RANG:AUTO ON;:OUTP:DC:ISOL:LEV:AUTO ON;:DISP:PAGE MEASurement;
"
5000.0,3.170187977e-07,0.06536318023
5000.0,3.170200469e-07,0.06536168439
5000.0,3.170334197e-07,0.06536052203
5000.0,3.170089306e-07,0.06535983442
5000.0,3.17024842e-07,0.06535870749
5000.0,3.17016277e-07,0.06535699417
5000.0,3.170170119e-07,0.0653556997
5000.0,3.170390081e-07,0.06535363506
5000.0,3.170177432e-07,0.06535179202
5000.0,3.170358173e-07,0.06534995246
5000.0,3.170235195e-07,0.0653488293
5000.0,3.170430817e-07,0.06534722722
5000.0,3.1701914e-07,0.0653461829
5000.0,3.170334666e-07,0.06534470109
5000.0,3.170203972e-07,0.06534370544
5000.0,3.170153968e-07,0.06534307311
Freq,5000,Rs,0.065352857564375,6.831227556172215e-06,Ls,3.170241810125e-07,9.783605863812436e-12
":SOUR:DCS:STAT OFF;:BIAS:STAT OFF;:COMP:BIN:COUN:CLE;:LIST:CLE:ALL;:COMP:BIN:CLE;:AMPL:ALC ON;:APER LONG,16;:BIAS:POL:AUTO OFF;:BIAS:RANG:AUTO ON;:BIAS:VOLT:LEV 0;:COMP:ABIN OFF;:COMP:BIN:COUN:STAT OFF;:COMP:MODE PTOL;:COMP:SLIM -9.9e+037,9.9e+037;:COMP:STAT OFF;:COMP:SWAP OFF;:COMP:TOL:NOM 0;:CURR:LEV 0.1;:DISP:ENAB ON;:DISP:LINE """";:DISP:WIND:TEXT1:DATA:FMSD:DATA 1e-009;:DISP:WIND:TEXT2:DATA:FMSD:DATA 1e-009;:FORM:ASC:LONG ON;:FORM:BORD NORM;:FORM:DATA ASC,64;:FREQ:CW 5000;:FUNC:DEV1:MODE OFF;:FUNC:DEV1:REF:VAL 0;:FUNC:DEV2:MODE OFF;:FUNC:DEV2:REF:VAL 0;:FUNC:IMP:TYPE LSRS;:FUNC:SMON:IDC:STAT OFF;:FUNC:SMON:VDC:STAT OFF;:INIT:CONT OFF;:LIST:MODE SEQ;:LIST:STIM:TYPE FREQ,NONE;:SOUR:DCS:VOLT:LEV 0;:TRIG:DEL 0;:TRIG:SOUR INT;:TRIG:TDEL 0;:DISP:WIND:TEXT1:DATA:FMSD:STAT OFF;:DISP:WIND:TEXT2:DATA:FMSD:STAT OFF;:FUNC:DCR:RANG:VAL 100;:FUNC:IMP:RANG:VAL 0.1;:OUTP:DC:ISOL:LEV:VAL 0.1;:OUTP:DC:ISOL:STAT OFF;:FUNC:DCR:RANG:AUTO ON;:FUNC:IMP:RANG:AUTO ON;:OUTP:DC:ISOL:LEV:AUTO ON;:DISP:PAGE MEASurement;
"
":SOUR:DCS:STAT OFF;:BIAS:STAT OFF;:COMP:BIN:COUN:CLE;:LIST:CLE:ALL;:COMP:BIN:CLE;:AMPL:ALC ON;:APER LONG,16;:BIAS:POL:AUTO OFF;:BIAS:RANG:AUTO ON;:BIAS:VOLT:LEV 0;:COMP:ABIN OFF;:COMP:BIN:COUN:STAT OFF;:COMP:MODE PTOL;:COMP:SLIM -9.9e+037,9.9e+037;:COMP:STAT OFF;:COMP:SWAP OFF;:COMP:TOL:NOM 0;:CURR:LEV 0.1;:DISP:ENAB ON;:DISP:LINE """";:DISP:WIND:TEXT1:DATA:FMSD:DATA 1e-009;:DISP:WIND:TEXT2:DATA:FMSD:DATA 1e-009;:FORM:ASC:LONG ON;:FORM:BORD NORM;:FORM:DATA ASC,64;:FREQ:CW 5000;:FUNC:DEV1:MODE OFF;:FUNC:DEV1:REF:VAL 0;:FUNC:DEV2:MODE OFF;:FUNC:DEV2:REF:VAL 0;:FUNC:IMP:TYPE LSRS;:FUNC:SMON:IDC:STAT OFF;:FUNC:SMON:VDC:STAT OFF;:INIT:CONT OFF;:LIST:MODE SEQ;:LIST:STIM:TYPE FREQ,NONE;:SOUR:DCS:VOLT:LEV 0;:TRIG:DEL 0;:TRIG:SOUR INT;:TRIG:TDEL 0;:DISP:WIND:TEXT1:DATA:FMSD:STAT OFF;:DISP:WIND:TEXT2:DATA:FMSD:STAT OFF;:FUNC:DCR:RANG:VAL 100;:FUNC:IMP:RANG:VAL 0.1;:OUTP:DC:ISOL:LEV:VAL 0.1;:OUTP:DC:ISOL:STAT OFF;:FUNC:DCR:RANG:AUTO ON;:FUNC:IMP:RANG:AUTO ON;:OUTP:DC:ISOL:LEV:AUTO ON;:DISP:PAGE MEASurement;
"
2022-09-23,13:37:29
---------run finished---------
lcr name:,KeySight E4980A
Name and description of Resistor under test: ,WM1
GPIB source:,<bound method MessageBasedResource.read of <'GPIBInstrument'('GPIB0::17::INSTR')>>
2022-09-23,13:44:44
select the freq range,"[50, 100, 200, 300, 500, 800, 1000, 1591.5494309189535, 2000, 3000, 5000]"
50.0,3.564402158e-07,0.05105708762
50.0,3.685965201e-07,0.05100977448
50.0,3.672808956e-07,0.05090289309
50.0,3.718170473e-07,0.05081954642
50.0,3.728263551e-07,0.05074592771
50.0,3.598631579e-07,0.0506985009
50.0,3.553845617e-07,0.05065507854
50.0,3.564105039e-07,0.05060596478
50.0,3.612471192e-07,0.05056910039
50.0,3.705446146e-07,0.05054013108
50.0,3.743614877e-07,0.0505088286
50.0,3.765437569e-07,0.05048419882
50.0,3.665414607e-07,0.05046137596
50.0,3.595197814e-07,0.05045618428
50.0,3.592028272e-07,0.0504341298
50.0,3.608712266e-07,0.05040991669
Freq,50,Rs,0.0506474149475,0.00020731460281658785,Ls,3.6484072073125e-07,7.024405837963963e-09
":SOUR:DCS:STAT OFF;:BIAS:STAT OFF;:COMP:BIN:COUN:CLE;:LIST:CLE:ALL;:COMP:BIN:CLE;:AMPL:ALC ON;:APER LONG,16;:BIAS:POL:AUTO OFF;:BIAS:RANG:AUTO ON;:BIAS:VOLT:LEV 0;:COMP:ABIN OFF;:COMP:BIN:COUN:STAT OFF;:COMP:MODE PTOL;:COMP:SLIM -9.9e+037,9.9e+037;:COMP:STAT OFF;:COMP:SWAP OFF;:COMP:TOL:NOM 0;:CURR:LEV 0.1;:DISP:ENAB ON;:DISP:LINE """";:DISP:WIND:TEXT1:DATA:FMSD:DATA 1e-009;:DISP:WIND:TEXT2:DATA:FMSD:DATA 1e-009;:FORM:ASC:LONG ON;:FORM:BORD NORM;:FORM:DATA ASC,64;:FREQ:CW 50;:FUNC:DEV1:MODE OFF;:FUNC:DEV1:REF:VAL 0;:FUNC:DEV2:MODE OFF;:FUNC:DEV2:REF:VAL 0;:FUNC:IMP:TYPE LSRS;:FUNC:SMON:IDC:STAT OFF;:FUNC:SMON:VDC:STAT OFF;:INIT:CONT OFF;:LIST:MODE SEQ;:LIST:STIM:TYPE FREQ,NONE;:SOUR:DCS:VOLT:LEV 0;:TRIG:DEL 0;:TRIG:SOUR INT;:TRIG:TDEL 0;:DISP:WIND:TEXT1:DATA:FMSD:STAT OFF;:DISP:WIND:TEXT2:DATA:FMSD:STAT OFF;:FUNC:DCR:RANG:VAL 100;:FUNC:IMP:RANG:VAL 0.1;:OUTP:DC:ISOL:LEV:VAL 0.1;:OUTP:DC:ISOL:STAT OFF;:FUNC:DCR:RANG:AUTO ON;:FUNC:IMP:RANG:AUTO ON;:OUTP:DC:ISOL:LEV:AUTO ON;:DISP:PAGE MEASurement;
"
100.0,3.33633305e-07,0.05034980402
100.0,3.344315927e-07,0.05033520131
100.0,3.332219089e-07,0.05032176237
100.0,3.333653665e-07,0.0503075757
100.0,3.342481631e-07,0.05029349151
100.0,3.331023416e-07,0.05028127385
100.0,3.335409602e-07,0.05029398892
100.0,3.334089921e-07,0.05027965654
100.0,3.342154661e-07,0.0502668858
100.0,3.348279726e-07,0.05025522732
100.0,3.329026191e-07,0.05024427356
100.0,3.337389831e-07,0.05023470135
100.0,3.34360473e-07,0.05022382419
100.0,3.332128817e-07,0.05021437687
100.0,3.332726134e-07,0.05020631348
100.0,3.335615911e-07,0.05019826506
Freq,100,Rs,0.050269163865624994,4.6627200683950895e-05,Ls,3.336903268875e-07,5.595876993015781e-10
":SOUR:DCS:STAT OFF;:BIAS:STAT OFF;:COMP:BIN:COUN:CLE;:LIST:CLE:ALL;:COMP:BIN:CLE;:AMPL:ALC ON;:APER LONG,16;:BIAS:POL:AUTO OFF;:BIAS:RANG:AUTO ON;:BIAS:VOLT:LEV 0;:COMP:ABIN OFF;:COMP:BIN:COUN:STAT OFF;:COMP:MODE PTOL;:COMP:SLIM -9.9e+037,9.9e+037;:COMP:STAT OFF;:COMP:SWAP OFF;:COMP:TOL:NOM 0;:CURR:LEV 0.1;:DISP:ENAB ON;:DISP:LINE """";:DISP:WIND:TEXT1:DATA:FMSD:DATA 1e-009;:DISP:WIND:TEXT2:DATA:FMSD:DATA 1e-009;:FORM:ASC:LONG ON;:FORM:BORD NORM;:FORM:DATA ASC,64;:FREQ:CW 100;:FUNC:DEV1:MODE OFF;:FUNC:DEV1:REF:VAL 0;:FUNC:DEV2:MODE OFF;:FUNC:DEV2:REF:VAL 0;:FUNC:IMP:TYPE LSRS;:FUNC:SMON:IDC:STAT OFF;:FUNC:SMON:VDC:STAT OFF;:INIT:CONT OFF;:LIST:MODE SEQ;:LIST:STIM:TYPE FREQ,NONE;:SOUR:DCS:VOLT:LEV 0;:TRIG:DEL 0;:TRIG:SOUR INT;:TRIG:TDEL 0;:DISP:WIND:TEXT1:DATA:FMSD:STAT OFF;:DISP:WIND:TEXT2:DATA:FMSD:STAT OFF;:FUNC:DCR:RANG:VAL 100;:FUNC:IMP:RANG:VAL 0.1;:OUTP:DC:ISOL:LEV:VAL 0.1;:OUTP:DC:ISOL:STAT OFF;:FUNC:DCR:RANG:AUTO ON;:FUNC:IMP:RANG:AUTO ON;:OUTP:DC:ISOL:LEV:AUTO ON;:DISP:PAGE MEASurement;
"
200.0,3.338179747e-07,0.05020944935
200.0,3.337141012e-07,0.05020439285
200.0,3.338247435e-07,0.05019720528
200.0,3.337704864e-07,0.05019053894
200.0,3.334806014e-07,0.05018223061
200.0,3.337402817e-07,0.05017574876
200.0,3.336161085e-07,0.05017018701
200.0,3.336129272e-07,0.05016298244
200.0,3.336498025e-07,0.0501568514
200.0,3.339482754e-07,0.05015214591
200.0,3.337479158e-07,0.0501459062
200.0,3.334573274e-07,0.0501393513
200.0,3.336357774e-07,0.05013489344
200.0,3.336042468e-07,0.05012958387
200.0,3.336692369e-07,0.05012407603
200.0,3.337205216e-07,0.0501217512
Freq,200,Rs,0.050162330911875,2.8874871782312875e-05,Ls,3.33688145525e-07,1.256403881741523e-10
":SOUR:DCS:STAT OFF;:BIAS:STAT OFF;:COMP:BIN:COUN:CLE;:LIST:CLE:ALL;:COMP:BIN:CLE;:AMPL:ALC ON;:APER LONG,16;:BIAS:POL:AUTO OFF;:BIAS:RANG:AUTO ON;:BIAS:VOLT:LEV 0;:COMP:ABIN OFF;:COMP:BIN:COUN:STAT OFF;:COMP:MODE PTOL;:COMP:SLIM -9.9e+037,9.9e+037;:COMP:STAT OFF;:COMP:SWAP OFF;:COMP:TOL:NOM 0;:CURR:LEV 0.1;:DISP:ENAB ON;:DISP:LINE """";:DISP:WIND:TEXT1:DATA:FMSD:DATA 1e-009;:DISP:WIND:TEXT2:DATA:FMSD:DATA 1e-009;:FORM:ASC:LONG ON;:FORM:BORD NORM;:FORM:DATA ASC,64;:FREQ:CW 200;:FUNC:DEV1:MODE OFF;:FUNC:DEV1:REF:VAL 0;:FUNC:DEV2:MODE OFF;:FUNC:DEV2:REF:VAL 0;:FUNC:IMP:TYPE LSRS;:FUNC:SMON:IDC:STAT OFF;:FUNC:SMON:VDC:STAT OFF;:INIT:CONT OFF;:LIST:MODE SEQ;:LIST:STIM:TYPE FREQ,NONE;:SOUR:DCS:VOLT:LEV 0;:TRIG:DEL 0;:TRIG:SOUR INT;:TRIG:TDEL 0;:DISP:WIND:TEXT1:DATA:FMSD:STAT OFF;:DISP:WIND:TEXT2:DATA:FMSD:STAT OFF;:FUNC:DCR:RANG:VAL 100;:FUNC:IMP:RANG:VAL 0.1;:OUTP:DC:ISOL:LEV:VAL 0.1;:OUTP:DC:ISOL:STAT OFF;:FUNC:DCR:RANG:AUTO ON;:FUNC:IMP:RANG:AUTO ON;:OUTP:DC:ISOL:LEV:AUTO ON;:DISP:PAGE MEASurement;
"
300.0,3.227180276e-07,0.05011839093
300.0,3.22695984e-07,0.05011312084
300.0,3.226847038e-07,0.05010710804
300.0,3.22710123e-07,0.05010125799
300.0,3.227987065e-07,0.05009620551
300.0,3.227395804e-07,0.05009082074
300.0,3.226166671e-07,0.05008703103
300.0,3.227428056e-07,0.05008184208
300.0,3.226020349e-07,0.05007799142
300.0,3.227456087e-07,0.05007539491
300.0,3.226534714e-07,0.05007261343
300.0,3.227429984e-07,0.05007066157
300.0,3.227824351e-07,0.0500681757
300.0,3.226525263e-07,0.05006540294
300.0,3.228297337e-07,0.05006390121
300.0,3.225890502e-07,0.05006086281
Freq,300,Rs,0.050084423821875,1.8298113164817764e-05,Ls,3.2270652854375e-07,7.022011604428776e-11
":SOUR:DCS:STAT OFF;:BIAS:STAT OFF;:COMP:BIN:COUN:CLE;:LIST:CLE:ALL;:COMP:BIN:CLE;:AMPL:ALC ON;:APER LONG,16;:BIAS:POL:AUTO OFF;:BIAS:RANG:AUTO ON;:BIAS:VOLT:LEV 0;:COMP:ABIN OFF;:COMP:BIN:COUN:STAT OFF;:COMP:MODE PTOL;:COMP:SLIM -9.9e+037,9.9e+037;:COMP:STAT OFF;:COMP:SWAP OFF;:COMP:TOL:NOM 0;:CURR:LEV 0.1;:DISP:ENAB ON;:DISP:LINE """";:DISP:WIND:TEXT1:DATA:FMSD:DATA 1e-009;:DISP:WIND:TEXT2:DATA:FMSD:DATA 1e-009;:FORM:ASC:LONG ON;:FORM:BORD NORM;:FORM:DATA ASC,64;:FREQ:CW 300;:FUNC:DEV1:MODE OFF;:FUNC:DEV1:REF:VAL 0;:FUNC:DEV2:MODE OFF;:FUNC:DEV2:REF:VAL 0;:FUNC:IMP:TYPE LSRS;:FUNC:SMON:IDC:STAT OFF;:FUNC:SMON:VDC:STAT OFF;:INIT:CONT OFF;:LIST:MODE SEQ;:LIST:STIM:TYPE FREQ,NONE;:SOUR:DCS:VOLT:LEV 0;:TRIG:DEL 0;:TRIG:SOUR INT;:TRIG:TDEL 0;:DISP:WIND:TEXT1:DATA:FMSD:STAT OFF;:DISP:WIND:TEXT2:DATA:FMSD:STAT OFF;:FUNC:DCR:RANG:VAL 100;:FUNC:IMP:RANG:VAL 0.1;:OUTP:DC:ISOL:LEV:VAL 0.1;:OUTP:DC:ISOL:STAT OFF;:FUNC:DCR:RANG:AUTO ON;:FUNC:IMP:RANG:AUTO ON;:OUTP:DC:ISOL:LEV:AUTO ON;:DISP:PAGE MEASurement;
"
500.0,3.171873151e-07,0.05006759446
500.0,3.171962438e-07,0.05006338118
500.0,3.171182359e-07,0.05005875066
500.0,3.171025059e-07,0.05005428935
500.0,3.171294874e-07,0.05005068715
500.0,3.170835632e-07,0.05004750117
500.0,3.170926263e-07,0.05004466886
500.0,3.171953424e-07,0.05004155746
500.0,3.171781604e-07,0.05003726961
500.0,3.170887311e-07,0.05003421033
500.0,3.171308252e-07,0.05003099651
500.0,3.171171719e-07,0.05002735479
500.0,3.17146128e-07,0.0500243431
500.0,3.171409536e-07,0.05002072815
500.0,3.171567774e-07,0.05001659301
500.0,3.172250642e-07,0.05001335655
Freq,500,Rs,0.05003958014625,1.6757158882147645e-05,Ls,3.171430707375e-07,4.318892500105433e-11
":SOUR:DCS:STAT OFF;:BIAS:STAT OFF;:COMP:BIN:COUN:CLE;:LIST:CLE:ALL;:COMP:BIN:CLE;:AMPL:ALC ON;:APER LONG,16;:BIAS:POL:AUTO OFF;:BIAS:RANG:AUTO ON;:BIAS:VOLT:LEV 0;:COMP:ABIN OFF;:COMP:BIN:COUN:STAT OFF;:COMP:MODE PTOL;:COMP:SLIM -9.9e+037,9.9e+037;:COMP:STAT OFF;:COMP:SWAP OFF;:COMP:TOL:NOM 0;:CURR:LEV 0.1;:DISP:ENAB ON;:DISP:LINE """";:DISP:WIND:TEXT1:DATA:FMSD:DATA 1e-009;:DISP:WIND:TEXT2:DATA:FMSD:DATA 1e-009;:FORM:ASC:LONG ON;:FORM:BORD NORM;:FORM:DATA ASC,64;:FREQ:CW 500;:FUNC:DEV1:MODE OFF;:FUNC:DEV1:REF:VAL 0;:FUNC:DEV2:MODE OFF;:FUNC:DEV2:REF:VAL 0;:FUNC:IMP:TYPE LSRS;:FUNC:SMON:IDC:STAT OFF;:FUNC:SMON:VDC:STAT OFF;:INIT:CONT OFF;:LIST:MODE SEQ;:LIST:STIM:TYPE FREQ,NONE;:SOUR:DCS:VOLT:LEV 0;:TRIG:DEL 0;:TRIG:SOUR INT;:TRIG:TDEL 0;:DISP:WIND:TEXT1:DATA:FMSD:STAT OFF;:DISP:WIND:TEXT2:DATA:FMSD:STAT OFF;:FUNC:DCR:RANG:VAL 100;:FUNC:IMP:RANG:VAL 0.1;:OUTP:DC:ISOL:LEV:VAL 0.1;:OUTP:DC:ISOL:STAT OFF;:FUNC:DCR:RANG:AUTO ON;:FUNC:IMP:RANG:AUTO ON;:OUTP:DC:ISOL:LEV:AUTO ON;:DISP:PAGE MEASurement;
"
800.0,3.154846478e-07,0.0500133615
800.0,3.155075323e-07,0.05000912463
800.0,3.155327665e-07,0.05000458811
800.0,3.154696362e-07,0.05000020782
800.0,3.155226492e-07,0.04999640629
800.0,3.154474928e-07,0.04999219212
800.0,3.154805339e-07,0.04998803163
800.0,3.154995315e-07,0.04998458736
800.0,3.154748422e-07,0.04998082321
800.0,3.154954406e-07,0.04997762217
800.0,3.155025873e-07,0.04997433509
800.0,3.15468318e-07,0.04997088864
800.0,3.155106911e-07,0.0499678462
800.0,3.154774414e-07,0.04996473031
800.0,3.154806308e-07,0.04996148719
800.0,3.155059508e-07,0.0499587414
Freq,800,Rs,0.049984060854375,1.7340995186705298e-05,Ls,3.15491293275e-07,2.2244357498912365e-11
":SOUR:DCS:STAT OFF;:BIAS:STAT OFF;:COMP:BIN:COUN:CLE;:LIST:CLE:ALL;:COMP:BIN:CLE;:AMPL:ALC ON;:APER LONG,16;:BIAS:POL:AUTO OFF;:BIAS:RANG:AUTO ON;:BIAS:VOLT:LEV 0;:COMP:ABIN OFF;:COMP:BIN:COUN:STAT OFF;:COMP:MODE PTOL;:COMP:SLIM -9.9e+037,9.9e+037;:COMP:STAT OFF;:COMP:SWAP OFF;:COMP:TOL:NOM 0;:CURR:LEV 0.1;:DISP:ENAB ON;:DISP:LINE """";:DISP:WIND:TEXT1:DATA:FMSD:DATA 1e-009;:DISP:WIND:TEXT2:DATA:FMSD:DATA 1e-009;:FORM:ASC:LONG ON;:FORM:BORD NORM;:FORM:DATA ASC,64;:FREQ:CW 800;:FUNC:DEV1:MODE OFF;:FUNC:DEV1:REF:VAL 0;:FUNC:DEV2:MODE OFF;:FUNC:DEV2:REF:VAL 0;:FUNC:IMP:TYPE LSRS;:FUNC:SMON:IDC:STAT OFF;:FUNC:SMON:VDC:STAT OFF;:INIT:CONT OFF;:LIST:MODE SEQ;:LIST:STIM:TYPE FREQ,NONE;:SOUR:DCS:VOLT:LEV 0;:TRIG:DEL 0;:TRIG:SOUR INT;:TRIG:TDEL 0;:DISP:WIND:TEXT1:DATA:FMSD:STAT OFF;:DISP:WIND:TEXT2:DATA:FMSD:STAT OFF;:FUNC:DCR:RANG:VAL 100;:FUNC:IMP:RANG:VAL 0.1;:OUTP:DC:ISOL:LEV:VAL 0.1;:OUTP:DC:ISOL:STAT OFF;:FUNC:DCR:RANG:AUTO ON;:FUNC:IMP:RANG:AUTO ON;:OUTP:DC:ISOL:LEV:AUTO ON;:DISP:PAGE MEASurement;
"
1000.0,3.148458693e-07,0.04994380518
1000.0,3.148194224e-07,0.04994169963
1000.0,3.148575328e-07,0.04993987399
1000.0,3.148465206e-07,0.04993793179
1000.0,3.148224962e-07,0.04993517103
1000.0,3.148276641e-07,0.04993218703
1000.0,3.148429677e-07,0.04992905153
1000.0,3.148498337e-07,0.04992562873
1000.0,3.148248605e-07,0.04992204026
1000.0,3.148193539e-07,0.04991908849
1000.0,3.148233539e-07,0.04991661938
1000.0,3.148711419e-07,0.0499140489
1000.0,3.148325392e-07,0.04991272178
1000.0,3.148439003e-07,0.04991051377
1000.0,3.148377017e-07,0.04990741845
1000.0,3.148436224e-07,0.04990455972
Freq,1000,Rs,0.04992452247875,1.2937369950719166e-05,Ls,3.1483804878749997e-07,1.4838262680919447e-11
":SOUR:DCS:STAT OFF;:BIAS:STAT OFF;:COMP:BIN:COUN:CLE;:LIST:CLE:ALL;:COMP:BIN:CLE;:AMPL:ALC ON;:APER LONG,16;:BIAS:POL:AUTO OFF;:BIAS:RANG:AUTO ON;:BIAS:VOLT:LEV 0;:COMP:ABIN OFF;:COMP:BIN:COUN:STAT OFF;:COMP:MODE PTOL;:COMP:SLIM -9.9e+037,9.9e+037;:COMP:STAT OFF;:COMP:SWAP OFF;:COMP:TOL:NOM 0;:CURR:LEV 0.1;:DISP:ENAB ON;:DISP:LINE """";:DISP:WIND:TEXT1:DATA:FMSD:DATA 1e-009;:DISP:WIND:TEXT2:DATA:FMSD:DATA 1e-009;:FORM:ASC:LONG ON;:FORM:BORD NORM;:FORM:DATA ASC,64;:FREQ:CW 1000;:FUNC:DEV1:MODE OFF;:FUNC:DEV1:REF:VAL 0;:FUNC:DEV2:MODE OFF;:FUNC:DEV2:REF:VAL 0;:FUNC:IMP:TYPE LSRS;:FUNC:SMON:IDC:STAT OFF;:FUNC:SMON:VDC:STAT OFF;:INIT:CONT OFF;:LIST:MODE SEQ;:LIST:STIM:TYPE FREQ,NONE;:SOUR:DCS:VOLT:LEV 0;:TRIG:DEL 0;:TRIG:SOUR INT;:TRIG:TDEL 0;:DISP:WIND:TEXT1:DATA:FMSD:STAT OFF;:DISP:WIND:TEXT2:DATA:FMSD:STAT OFF;:FUNC:DCR:RANG:VAL 100;:FUNC:IMP:RANG:VAL 0.1;:OUTP:DC:ISOL:LEV:VAL 0.1;:OUTP:DC:ISOL:STAT OFF;:FUNC:DCR:RANG:AUTO ON;:FUNC:IMP:RANG:AUTO ON;:OUTP:DC:ISOL:LEV:AUTO ON;:DISP:PAGE MEASurement;
"
1591.5494309189535,3.150034403e-07,0.04989572711
1591.5494309189535,3.1499106e-07,0.04989341425
1591.5494309189535,3.14996777e-07,0.04989076327
1591.5494309189535,3.149808879e-07,0.04988794519
1591.5494309189535,3.149906979e-07,0.04988552648
1591.5494309189535,3.149646876e-07,0.04988366289
1591.5494309189535,3.149701158e-07,0.04988215452
1591.5494309189535,3.149768862e-07,0.04988171463
1591.5494309189535,3.149829182e-07,0.04988277916
1591.5494309189535,3.149770162e-07,0.04988198057
1591.5494309189535,3.149732912e-07,0.0498799418
1591.5494309189535,3.149844438e-07,0.0498785802
1591.5494309189535,3.149929094e-07,0.04987585032
1591.5494309189535,3.149767161e-07,0.04987175776
1591.5494309189535,3.149836588e-07,0.04986796597
1591.5494309189535,3.149859829e-07,0.04986501573
Freq,1591.5494309189535,Rs,0.049881548740625,8.515035371159188e-06,Ls,3.1498321808125e-07,1.0176545759167221e-11
":SOUR:DCS:STAT OFF;:BIAS:STAT OFF;:COMP:BIN:COUN:CLE;:LIST:CLE:ALL;:COMP:BIN:CLE;:AMPL:ALC ON;:APER LONG,16;:BIAS:POL:AUTO OFF;:BIAS:RANG:AUTO ON;:BIAS:VOLT:LEV 0;:COMP:ABIN OFF;:COMP:BIN:COUN:STAT OFF;:COMP:MODE PTOL;:COMP:SLIM -9.9e+037,9.9e+037;:COMP:STAT OFF;:COMP:SWAP OFF;:COMP:TOL:NOM 0;:CURR:LEV 0.1;:DISP:ENAB ON;:DISP:LINE """";:DISP:WIND:TEXT1:DATA:FMSD:DATA 1e-009;:DISP:WIND:TEXT2:DATA:FMSD:DATA 1e-009;:FORM:ASC:LONG ON;:FORM:BORD NORM;:FORM:DATA ASC,64;:FREQ:CW 1592;:FUNC:DEV1:MODE OFF;:FUNC:DEV1:REF:VAL 0;:FUNC:DEV2:MODE OFF;:FUNC:DEV2:REF:VAL 0;:FUNC:IMP:TYPE LSRS;:FUNC:SMON:IDC:STAT OFF;:FUNC:SMON:VDC:STAT OFF;:INIT:CONT OFF;:LIST:MODE SEQ;:LIST:STIM:TYPE FREQ,NONE;:SOUR:DCS:VOLT:LEV 0;:TRIG:DEL 0;:TRIG:SOUR INT;:TRIG:TDEL 0;:DISP:WIND:TEXT1:DATA:FMSD:STAT OFF;:DISP:WIND:TEXT2:DATA:FMSD:STAT OFF;:FUNC:DCR:RANG:VAL 100;:FUNC:IMP:RANG:VAL 0.1;:OUTP:DC:ISOL:LEV:VAL 0.1;:OUTP:DC:ISOL:STAT OFF;:FUNC:DCR:RANG:AUTO ON;:FUNC:IMP:RANG:AUTO ON;:OUTP:DC:ISOL:LEV:AUTO ON;:DISP:PAGE MEASurement;
"
2000.0,3.155279969e-07,0.0498658155
2000.0,3.155345984e-07,0.04986355338
2000.0,3.155390954e-07,0.04986152891
2000.0,3.155421273e-07,0.04985941062
2000.0,3.155368437e-07,0.04985617708
2000.0,3.155325438e-07,0.049853213
2000.0,3.155221171e-07,0.04985078318
2000.0,3.155224531e-07,0.04984816158
2000.0,3.155298433e-07,0.04984492389
2000.0,3.155197579e-07,0.04984260065
2000.0,3.155093282e-07,0.04984079706
2000.0,3.155281191e-07,0.04984005923
2000.0,3.155242196e-07,0.04983719152
2000.0,3.155214298e-07,0.04983433788
2000.0,3.155171529e-07,0.04983072716
2000.0,3.155128741e-07,0.04982735376
Freq,2000,Rs,0.04984728965,1.1966398991124005e-05,Ls,3.155262812875e-07,9.334842419728759e-12
":SOUR:DCS:STAT OFF;:BIAS:STAT OFF;:COMP:BIN:COUN:CLE;:LIST:CLE:ALL;:COMP:BIN:CLE;:AMPL:ALC ON;:APER LONG,16;:BIAS:POL:AUTO OFF;:BIAS:RANG:AUTO ON;:BIAS:VOLT:LEV 0;:COMP:ABIN OFF;:COMP:BIN:COUN:STAT OFF;:COMP:MODE PTOL;:COMP:SLIM -9.9e+037,9.9e+037;:COMP:STAT OFF;:COMP:SWAP OFF;:COMP:TOL:NOM 0;:CURR:LEV 0.1;:DISP:ENAB ON;:DISP:LINE """";:DISP:WIND:TEXT1:DATA:FMSD:DATA 1e-009;:DISP:WIND:TEXT2:DATA:FMSD:DATA 1e-009;:FORM:ASC:LONG ON;:FORM:BORD NORM;:FORM:DATA ASC,64;:FREQ:CW 2000;:FUNC:DEV1:MODE OFF;:FUNC:DEV1:REF:VAL 0;:FUNC:DEV2:MODE OFF;:FUNC:DEV2:REF:VAL 0;:FUNC:IMP:TYPE LSRS;:FUNC:SMON:IDC:STAT OFF;:FUNC:SMON:VDC:STAT OFF;:INIT:CONT OFF;:LIST:MODE SEQ;:LIST:STIM:TYPE FREQ,NONE;:SOUR:DCS:VOLT:LEV 0;:TRIG:DEL 0;:TRIG:SOUR INT;:TRIG:TDEL 0;:DISP:WIND:TEXT1:DATA:FMSD:STAT OFF;:DISP:WIND:TEXT2:DATA:FMSD:STAT OFF;:FUNC:DCR:RANG:VAL 100;:FUNC:IMP:RANG:VAL 0.1;:OUTP:DC:ISOL:LEV:VAL 0.1;:OUTP:DC:ISOL:STAT OFF;:FUNC:DCR:RANG:AUTO ON;:FUNC:IMP:RANG:AUTO ON;:OUTP:DC:ISOL:LEV:AUTO ON;:DISP:PAGE MEASurement;
"
3000.0,3.157569579e-07,0.04982350922
3000.0,3.157440081e-07,0.04982116542
3000.0,3.157750337e-07,0.04986894312
3000.0,3.157459518e-07,0.04986258626
3000.0,3.157621188e-07,0.04985365677
3000.0,3.157479841e-07,0.04984724804
3000.0,3.15744502e-07,0.049843795
3000.0,3.157385413e-07,0.0498412945
3000.0,3.157740491e-07,0.0498416104
3000.0,3.15754454e-07,0.0498401916
3000.0,3.157413721e-07,0.04983845355
3000.0,3.157847255e-07,0.04990401775
3000.0,3.160355687e-07,0.05060574066
3000.0,-1026.104258,10432.36439
3000.0,-1026.169974,8909.703878
3000.0,-1026.158678,9880.181848
Freq,3000,Rs,1826.4311817632681,3936.677360023655,Ls,-192.40205661843092,413.65199334735223
":SOUR:DCS:STAT OFF;:BIAS:STAT OFF;:COMP:BIN:COUN:CLE;:LIST:CLE:ALL;:COMP:BIN:CLE;:AMPL:ALC ON;:APER LONG,16;:BIAS:POL:AUTO OFF;:BIAS:RANG:AUTO ON;:BIAS:VOLT:LEV 0;:COMP:ABIN OFF;:COMP:BIN:COUN:STAT OFF;:COMP:MODE PTOL;:COMP:SLIM -9.9e+037,9.9e+037;:COMP:STAT OFF;:COMP:SWAP OFF;:COMP:TOL:NOM 0;:CURR:LEV 0.1;:DISP:ENAB ON;:DISP:LINE """";:DISP:WIND:TEXT1:DATA:FMSD:DATA 1e-009;:DISP:WIND:TEXT2:DATA:FMSD:DATA 1e-009;:FORM:ASC:LONG ON;:FORM:BORD NORM;:FORM:DATA ASC,64;:FREQ:CW 3000;:FUNC:DEV1:MODE OFF;:FUNC:DEV1:REF:VAL 0;:FUNC:DEV2:MODE OFF;:FUNC:DEV2:REF:VAL 0;:FUNC:IMP:TYPE LSRS;:FUNC:SMON:IDC:STAT OFF;:FUNC:SMON:VDC:STAT OFF;:INIT:CONT OFF;:LIST:MODE SEQ;:LIST:STIM:TYPE FREQ,NONE;:SOUR:DCS:VOLT:LEV 0;:TRIG:DEL 0;:TRIG:SOUR INT;:TRIG:TDEL 0;:DISP:WIND:TEXT1:DATA:FMSD:STAT OFF;:DISP:WIND:TEXT2:DATA:FMSD:STAT OFF;:FUNC:DCR:RANG:VAL 100;:FUNC:IMP:RANG:VAL 100000;:OUTP:DC:ISOL:LEV:VAL 0.0002;:OUTP:DC:ISOL:STAT OFF;:FUNC:DCR:RANG:AUTO ON;:FUNC:IMP:RANG:AUTO ON;:OUTP:DC:ISOL:LEV:AUTO ON;:DISP:PAGE MEASurement;
"
5000.0,-369.420157,14505.90821
5000.0,-369.5448945,5641.972893
5000.0,-369.4974,5017.871471
5000.0,-369.5378623,5610.789079
5000.0,-369.5227922,5845.722906
5000.0,-369.5335333,6028.603405
5000.0,5.534381144e-07,0.07189090667
5000.0,5.487200084e-07,0.07213475078
5000.0,5.48723329e-07,0.07211444971
lcr name:,KeySight E4980A
lcr name:,KeySight E4980A
Name and description of Resistor under test: ,WE3
GPIB source:,<bound method MessageBasedResource.read of <'GPIBInstrument'('GPIB0::17::INSTR')>>
2022-09-23,13:56:45
select the freq range,"[50, 100, 200, 300, 500, 800, 1000, 1591.5494309189535, 2000, 3000, 5000]"
50.0,5.809120793e-07,0.07191568372
50.0,5.792936753e-07,0.07191081789
50.0,5.848566483e-07,0.07190459293
50.0,5.975278382e-07,0.07190116399
50.0,5.964858033e-07,0.07189924606
50.0,5.91657323e-07,0.07189602483
50.0,5.938473438e-07,0.07188966672
50.0,5.987879557e-07,0.07188324579
50.0,5.913642766e-07,0.07187571547
50.0,5.839308108e-07,0.0718710766
50.0,5.818273717e-07,0.07186734453
50.0,5.803324927e-07,0.07186606555
50.0,5.811630341e-07,0.07186425521
50.0,5.843308561e-07,0.07186034634
50.0,5.866898296e-07,0.07185706094
50.0,5.864569791e-07,0.07185322408
Freq,50,Rs,0.071882220665625,2.04250027249541e-05,Ls,5.8746651985e-07,6.568483263871649e-09
":SOUR:DCS:STAT OFF;:BIAS:STAT OFF;:COMP:BIN:COUN:CLE;:LIST:CLE:ALL;:COMP:BIN:CLE;:AMPL:ALC ON;:APER LONG,16;:BIAS:POL:AUTO OFF;:BIAS:RANG:AUTO ON;:BIAS:VOLT:LEV 0;:COMP:ABIN OFF;:COMP:BIN:COUN:STAT OFF;:COMP:MODE PTOL;:COMP:SLIM -9.9e+037,9.9e+037;:COMP:STAT OFF;:COMP:SWAP OFF;:COMP:TOL:NOM 0;:CURR:LEV 0.1;:DISP:ENAB ON;:DISP:LINE """";:DISP:WIND:TEXT1:DATA:FMSD:DATA 1e-009;:DISP:WIND:TEXT2:DATA:FMSD:DATA 1e-009;:FORM:ASC:LONG ON;:FORM:BORD NORM;:FORM:DATA ASC,64;:FREQ:CW 50;:FUNC:DEV1:MODE OFF;:FUNC:DEV1:REF:VAL 0;:FUNC:DEV2:MODE OFF;:FUNC:DEV2:REF:VAL 0;:FUNC:IMP:TYPE LSRS;:FUNC:SMON:IDC:STAT OFF;:FUNC:SMON:VDC:STAT OFF;:INIT:CONT OFF;:LIST:MODE SEQ;:LIST:STIM:TYPE FREQ,NONE;:SOUR:DCS:VOLT:LEV 0;:TRIG:DEL 0;:TRIG:SOUR INT;:TRIG:TDEL 0;:DISP:WIND:TEXT1:DATA:FMSD:STAT OFF;:DISP:WIND:TEXT2:DATA:FMSD:STAT OFF;:FUNC:DCR:RANG:VAL 100;:FUNC:IMP:RANG:VAL 0.1;:OUTP:DC:ISOL:LEV:VAL 0.1;:OUTP:DC:ISOL:STAT OFF;:FUNC:DCR:RANG:AUTO ON;:FUNC:IMP:RANG:AUTO ON;:OUTP:DC:ISOL:LEV:AUTO ON;:DISP:PAGE MEASurement;
"
100.0,5.639807661e-07,0.07182241286
100.0,5.638380693e-07,0.07181897454
100.0,5.6434762e-07,0.07181565767
100.0,5.64222361e-07,0.07181188369
100.0,5.631850513e-07,0.07180865466
100.0,5.640565202e-07,0.07180556336
100.0,5.638497963e-07,0.07180249865
100.0,5.640797756e-07,0.07179973635
100.0,5.638008084e-07,0.07179630177
100.0,5.639245825e-07,0.07179418429
100.0,5.637345152e-07,0.07179171796
100.0,5.646043192e-07,0.07178837551
100.0,5.640970097e-07,0.07178519378
100.0,5.641074232e-07,0.07178187746
100.0,5.639181751e-07,0.07177860018
100.0,5.633025113e-07,0.07177582028
Freq,100,Rs,0.07179859081312501,1.4538753359480458e-05,Ls,5.639405815250001e-07,3.4945989746053197e-10
":SOUR:DCS:STAT OFF;:BIAS:STAT OFF;:COMP:BIN:COUN:CLE;:LIST:CLE:ALL;:COMP:BIN:CLE;:AMPL:ALC ON;:APER LONG,16;:BIAS:POL:AUTO OFF;:BIAS:RANG:AUTO ON;:BIAS:VOLT:LEV 0;:COMP:ABIN OFF;:COMP:BIN:COUN:STAT OFF;:COMP:MODE PTOL;:COMP:SLIM -9.9e+037,9.9e+037;:COMP:STAT OFF;:COMP:SWAP OFF;:COMP:TOL:NOM 0;:CURR:LEV 0.1;:DISP:ENAB ON;:DISP:LINE """";:DISP:WIND:TEXT1:DATA:FMSD:DATA 1e-009;:DISP:WIND:TEXT2:DATA:FMSD:DATA 1e-009;:FORM:ASC:LONG ON;:FORM:BORD NORM;:FORM:DATA ASC,64;:FREQ:CW 100;:FUNC:DEV1:MODE OFF;:FUNC:DEV1:REF:VAL 0;:FUNC:DEV2:MODE OFF;:FUNC:DEV2:REF:VAL 0;:FUNC:IMP:TYPE LSRS;:FUNC:SMON:IDC:STAT OFF;:FUNC:SMON:VDC:STAT OFF;:INIT:CONT OFF;:LIST:MODE SEQ;:LIST:STIM:TYPE FREQ,NONE;:SOUR:DCS:VOLT:LEV 0;:TRIG:DEL 0;:TRIG:SOUR INT;:TRIG:TDEL 0;:DISP:WIND:TEXT1:DATA:FMSD:STAT OFF;:DISP:WIND:TEXT2:DATA:FMSD:STAT OFF;:FUNC:DCR:RANG:VAL 100;:FUNC:IMP:RANG:VAL 0.1;:OUTP:DC:ISOL:LEV:VAL 0.1;:OUTP:DC:ISOL:STAT OFF;:FUNC:DCR:RANG:AUTO ON;:FUNC:IMP:RANG:AUTO ON;:OUTP:DC:ISOL:LEV:AUTO ON;:DISP:PAGE MEASurement;
"
200.0,5.642132465e-07,0.07179316739
200.0,5.643263136e-07,0.07179073635
200.0,5.641520707e-07,0.07178834695
200.0,5.643546842e-07,0.07178638428
200.0,5.643781093e-07,0.07178416949
200.0,5.645559537e-07,0.0717818405
200.0,5.644644376e-07,0.07177943756
200.0,5.645035467e-07,0.07177739484
200.0,5.642581281e-07,0.07177520852
200.0,5.646484682e-07,0.07177369922
200.0,5.642319506e-07,0.07177103527
200.0,5.646295496e-07,0.07176856769
200.0,5.645216694e-07,0.07176646301
200.0,5.64452589e-07,0.07176434449
200.0,5.64368508e-07,0.07176294923
200.0,5.643964421e-07,0.0717609432
Freq,200,Rs,0.071776542999375,1.0301130320067331e-05,Ls,5.644034792062501e-07,1.4712384174276326e-10
":SOUR:DCS:STAT OFF;:BIAS:STAT OFF;:COMP:BIN:COUN:CLE;:LIST:CLE:ALL;:COMP:BIN:CLE;:AMPL:ALC ON;:APER LONG,16;:BIAS:POL:AUTO OFF;:BIAS:RANG:AUTO ON;:BIAS:VOLT:LEV 0;:COMP:ABIN OFF;:COMP:BIN:COUN:STAT OFF;:COMP:MODE PTOL;:COMP:SLIM -9.9e+037,9.9e+037;:COMP:STAT OFF;:COMP:SWAP OFF;:COMP:TOL:NOM 0;:CURR:LEV 0.1;:DISP:ENAB ON;:DISP:LINE """";:DISP:WIND:TEXT1:DATA:FMSD:DATA 1e-009;:DISP:WIND:TEXT2:DATA:FMSD:DATA 1e-009;:FORM:ASC:LONG ON;:FORM:BORD NORM;:FORM:DATA ASC,64;:FREQ:CW 200;:FUNC:DEV1:MODE OFF;:FUNC:DEV1:REF:VAL 0;:FUNC:DEV2:MODE OFF;:FUNC:DEV2:REF:VAL 0;:FUNC:IMP:TYPE LSRS;:FUNC:SMON:IDC:STAT OFF;:FUNC:SMON:VDC:STAT OFF;:INIT:CONT OFF;:LIST:MODE SEQ;:LIST:STIM:TYPE FREQ,NONE;:SOUR:DCS:VOLT:LEV 0;:TRIG:DEL 0;:TRIG:SOUR INT;:TRIG:TDEL 0;:DISP:WIND:TEXT1:DATA:FMSD:STAT OFF;:DISP:WIND:TEXT2:DATA:FMSD:STAT OFF;:FUNC:DCR:RANG:VAL 100;:FUNC:IMP:RANG:VAL 0.1;:OUTP:DC:ISOL:LEV:VAL 0.1;:OUTP:DC:ISOL:STAT OFF;:FUNC:DCR:RANG:AUTO ON;:FUNC:IMP:RANG:AUTO ON;:OUTP:DC:ISOL:LEV:AUTO ON;:DISP:PAGE MEASurement;
"
300.0,5.544825214e-07,0.07176319119
300.0,5.545686811e-07,0.07176178389
300.0,5.54605415e-07,0.07176004417
300.0,5.546905323e-07,0.07175859201
300.0,5.54610004e-07,0.07175681849
300.0,5.546400794e-07,0.07175503751
300.0,5.545526249e-07,0.07175294838
300.0,5.544481561e-07,0.07175112956
300.0,5.545833821e-07,0.07174947993
300.0,5.544719e-07,0.07174709937
300.0,5.5453431e-07,0.07174551969
300.0,5.545073304e-07,0.07174404783
300.0,5.545679074e-07,0.07174205749
300.0,5.545092067e-07,0.07174065177
300.0,5.546072237e-07,0.07173943847
300.0,5.544481485e-07,0.07173870159
Freq,300,Rs,0.07175040883375,8.248623614568081e-06,Ls,5.545517139375001e-07,7.056119578594903e-11
":SOUR:DCS:STAT OFF;:BIAS:STAT OFF;:COMP:BIN:COUN:CLE;:LIST:CLE:ALL;:COMP:BIN:CLE;:AMPL:ALC ON;:APER LONG,16;:BIAS:POL:AUTO OFF;:BIAS:RANG:AUTO ON;:BIAS:VOLT:LEV 0;:COMP:ABIN OFF;:COMP:BIN:COUN:STAT OFF;:COMP:MODE PTOL;:COMP:SLIM -9.9e+037,9.9e+037;:COMP:STAT OFF;:COMP:SWAP OFF;:COMP:TOL:NOM 0;:CURR:LEV 0.1;:DISP:ENAB ON;:DISP:LINE """";:DISP:WIND:TEXT1:DATA:FMSD:DATA 1e-009;:DISP:WIND:TEXT2:DATA:FMSD:DATA 1e-009;:FORM:ASC:LONG ON;:FORM:BORD NORM;:FORM:DATA ASC,64;:FREQ:CW 300;:FUNC:DEV1:MODE OFF;:FUNC:DEV1:REF:VAL 0;:FUNC:DEV2:MODE OFF;:FUNC:DEV2:REF:VAL 0;:FUNC:IMP:TYPE LSRS;:FUNC:SMON:IDC:STAT OFF;:FUNC:SMON:VDC:STAT OFF;:INIT:CONT OFF;:LIST:MODE SEQ;:LIST:STIM:TYPE FREQ,NONE;:SOUR:DCS:VOLT:LEV 0;:TRIG:DEL 0;:TRIG:SOUR INT;:TRIG:TDEL 0;:DISP:WIND:TEXT1:DATA:FMSD:STAT OFF;:DISP:WIND:TEXT2:DATA:FMSD:STAT OFF;:FUNC:DCR:RANG:VAL 100;:FUNC:IMP:RANG:VAL 0.1;:OUTP:DC:ISOL:LEV:VAL 0.1;:OUTP:DC:ISOL:STAT OFF;:FUNC:DCR:RANG:AUTO ON;:FUNC:IMP:RANG:AUTO ON;:OUTP:DC:ISOL:LEV:AUTO ON;:DISP:PAGE MEASurement;
"
500.0,5.495950114e-07,0.07174729736
500.0,5.495731478e-07,0.0717465425
500.0,5.496352595e-07,0.07174746905
500.0,5.496381412e-07,0.07174660926
500.0,5.495900606e-07,0.07174537951
500.0,5.496415471e-07,0.07174418033
500.0,5.496851545e-07,0.07174842512
500.0,5.496579033e-07,0.07176267857
500.0,5.499392255e-07,0.07176524942
500.0,5.496562165e-07,0.07176717481
500.0,5.496021928e-07,0.07177109958
500.0,5.497176565e-07,0.07177002883
500.0,5.496617875e-07,0.07176960514
500.0,5.497637618e-07,0.07176878114
500.0,5.496968811e-07,0.07176792716
500.0,5.496037991e-07,0.0717671349
Freq,500,Rs,0.07175847391750001,1.1053309112784645e-05,Ls,5.496661091374999e-07,8.871841355983067e-11
":SOUR:DCS:STAT OFF;:BIAS:STAT OFF;:COMP:BIN:COUN:CLE;:LIST:CLE:ALL;:COMP:BIN:CLE;:AMPL:ALC ON;:APER LONG,16;:BIAS:POL:AUTO OFF;:BIAS:RANG:AUTO ON;:BIAS:VOLT:LEV 0;:COMP:ABIN OFF;:COMP:BIN:COUN:STAT OFF;:COMP:MODE PTOL;:COMP:SLIM -9.9e+037,9.9e+037;:COMP:STAT OFF;:COMP:SWAP OFF;:COMP:TOL:NOM 0;:CURR:LEV 0.1;:DISP:ENAB ON;:DISP:LINE """";:DISP:WIND:TEXT1:DATA:FMSD:DATA 1e-009;:DISP:WIND:TEXT2:DATA:FMSD:DATA 1e-009;:FORM:ASC:LONG ON;:FORM:BORD NORM;:FORM:DATA ASC,64;:FREQ:CW 500;:FUNC:DEV1:MODE OFF;:FUNC:DEV1:REF:VAL 0;:FUNC:DEV2:MODE OFF;:FUNC:DEV2:REF:VAL 0;:FUNC:IMP:TYPE LSRS;:FUNC:SMON:IDC:STAT OFF;:FUNC:SMON:VDC:STAT OFF;:INIT:CONT OFF;:LIST:MODE SEQ;:LIST:STIM:TYPE FREQ,NONE;:SOUR:DCS:VOLT:LEV 0;:TRIG:DEL 0;:TRIG:SOUR INT;:TRIG:TDEL 0;:DISP:WIND:TEXT1:DATA:FMSD:STAT OFF;:DISP:WIND:TEXT2:DATA:FMSD:STAT OFF;:FUNC:DCR:RANG:VAL 100;:FUNC:IMP:RANG:VAL 0.1;:OUTP:DC:ISOL:LEV:VAL 0.1;:OUTP:DC:ISOL:STAT OFF;:FUNC:DCR:RANG:AUTO ON;:FUNC:IMP:RANG:AUTO ON;:OUTP:DC:ISOL:LEV:AUTO ON;:DISP:PAGE MEASurement;
"
800.0,5.482947856e-07,0.07177209585
800.0,5.483012902e-07,0.0717715337
800.0,5.48305642e-07,0.07177093019
800.0,5.48291944e-07,0.07177019004
800.0,5.483070535e-07,0.07176989203
800.0,5.483099283e-07,0.07176946693
800.0,5.483127843e-07,0.07176932798
800.0,5.483392995e-07,0.07176924815
800.0,5.482899914e-07,0.07176890308
800.0,5.482979845e-07,0.0717685522
800.0,5.483058859e-07,0.07178486059
800.0,5.483563142e-07,0.07179070579
800.0,5.482804988e-07,0.07178980065
800.0,5.483285181e-07,0.07178925477
800.0,5.483667665e-07,0.07178911503
800.0,5.48372438e-07,0.07178890189
Freq,800,Rs,0.071777048679375,9.495124242618245e-06,Ls,5.483163203e-07,2.8200399866908208e-11
":SOUR:DCS:STAT OFF;:BIAS:STAT OFF;:COMP:BIN:COUN:CLE;:LIST:CLE:ALL;:COMP:BIN:CLE;:AMPL:ALC ON;:APER LONG,16;:BIAS:POL:AUTO OFF;:BIAS:RANG:AUTO ON;:BIAS:VOLT:LEV 0;:COMP:ABIN OFF;:COMP:BIN:COUN:STAT OFF;:COMP:MODE PTOL;:COMP:SLIM -9.9e+037,9.9e+037;:COMP:STAT OFF;:COMP:SWAP OFF;:COMP:TOL:NOM 0;:CURR:LEV 0.1;:DISP:ENAB ON;:DISP:LINE """";:DISP:WIND:TEXT1:DATA:FMSD:DATA 1e-009;:DISP:WIND:TEXT2:DATA:FMSD:DATA 1e-009;:FORM:ASC:LONG ON;:FORM:BORD NORM;:FORM:DATA ASC,64;:FREQ:CW 800;:FUNC:DEV1:MODE OFF;:FUNC:DEV1:REF:VAL 0;:FUNC:DEV2:MODE OFF;:FUNC:DEV2:REF:VAL 0;:FUNC:IMP:TYPE LSRS;:FUNC:SMON:IDC:STAT OFF;:FUNC:SMON:VDC:STAT OFF;:INIT:CONT OFF;:LIST:MODE SEQ;:LIST:STIM:TYPE FREQ,NONE;:SOUR:DCS:VOLT:LEV 0;:TRIG:DEL 0;:TRIG:SOUR INT;:TRIG:TDEL 0;:DISP:WIND:TEXT1:DATA:FMSD:STAT OFF;:DISP:WIND:TEXT2:DATA:FMSD:STAT OFF;:FUNC:DCR:RANG:VAL 100;:FUNC:IMP:RANG:VAL 0.1;:OUTP:DC:ISOL:LEV:VAL 0.1;:OUTP:DC:ISOL:STAT OFF;:FUNC:DCR:RANG:AUTO ON;:FUNC:IMP:RANG:AUTO ON;:OUTP:DC:ISOL:LEV:AUTO ON;:DISP:PAGE MEASurement;
"
1000.0,5.477902915e-07,0.07177964775
1000.0,5.478450133e-07,0.07177922764
1000.0,5.477962512e-07,0.07177910568
1000.0,5.478232346e-07,0.07177890716
1000.0,5.478247677e-07,0.07177832963
1000.0,5.478346467e-07,0.0717780284
1000.0,5.478368203e-07,0.07177790665
1000.0,5.478196637e-07,0.07177768592
1000.0,5.478273112e-07,0.07177731051
1000.0,5.478603999e-07,0.07177694414
1000.0,5.478022737e-07,0.0717767865
1000.0,5.478271223e-07,0.07177628446
1000.0,5.478140608e-07,0.07177584948
1000.0,5.478415891e-07,0.07177577619
1000.0,5.478075003e-07,0.07177522231
1000.0,5.478101553e-07,0.07177488506
Freq,1000,Rs,0.0717773685925,1.4854862345697974e-06,Ls,5.4782256885e-07,1.8801622633187296e-11
":SOUR:DCS:STAT OFF;:BIAS:STAT OFF;:COMP:BIN:COUN:CLE;:LIST:CLE:ALL;:COMP:BIN:CLE;:AMPL:ALC ON;:APER LONG,16;:BIAS:POL:AUTO OFF;:BIAS:RANG:AUTO ON;:BIAS:VOLT:LEV 0;:COMP:ABIN OFF;:COMP:BIN:COUN:STAT OFF;:COMP:MODE PTOL;:COMP:SLIM -9.9e+037,9.9e+037;:COMP:STAT OFF;:COMP:SWAP OFF;:COMP:TOL:NOM 0;:CURR:LEV 0.1;:DISP:ENAB ON;:DISP:LINE """";:DISP:WIND:TEXT1:DATA:FMSD:DATA 1e-009;:DISP:WIND:TEXT2:DATA:FMSD:DATA 1e-009;:FORM:ASC:LONG ON;:FORM:BORD NORM;:FORM:DATA ASC,64;:FREQ:CW 1000;:FUNC:DEV1:MODE OFF;:FUNC:DEV1:REF:VAL 0;:FUNC:DEV2:MODE OFF;:FUNC:DEV2:REF:VAL 0;:FUNC:IMP:TYPE LSRS;:FUNC:SMON:IDC:STAT OFF;:FUNC:SMON:VDC:STAT OFF;:INIT:CONT OFF;:LIST:MODE SEQ;:LIST:STIM:TYPE FREQ,NONE;:SOUR:DCS:VOLT:LEV 0;:TRIG:DEL 0;:TRIG:SOUR INT;:TRIG:TDEL 0;:DISP:WIND:TEXT1:DATA:FMSD:STAT OFF;:DISP:WIND:TEXT2:DATA:FMSD:STAT OFF;:FUNC:DCR:RANG:VAL 100;:FUNC:IMP:RANG:VAL 0.1;:OUTP:DC:ISOL:LEV:VAL 0.1;:OUTP:DC:ISOL:STAT OFF;:FUNC:DCR:RANG:AUTO ON;:FUNC:IMP:RANG:AUTO ON;:OUTP:DC:ISOL:LEV:AUTO ON;:DISP:PAGE MEASurement;
"
1591.5494309189535,5.481661475e-07,0.07177332112
1591.5494309189535,5.481516572e-07,0.07177291644
1591.5494309189535,5.481637118e-07,0.07177231264
1591.5494309189535,5.481595394e-07,0.07177187394
1591.5494309189535,5.481436223e-07,0.07177162462
1591.5494309189535,5.481573226e-07,0.07177124266
1591.5494309189535,5.481374432e-07,0.07177082905
1591.5494309189535,5.481436514e-07,0.07177051362
1591.5494309189535,5.48139903e-07,0.07177036152
1591.5494309189535,5.481703076e-07,0.07176997742
1591.5494309189535,5.481711431e-07,0.07176994532
1591.5494309189535,5.481313225e-07,0.07176938576
1591.5494309189535,5.481485004e-07,0.07176942427
1591.5494309189535,5.481554846e-07,0.07176904893
1591.5494309189535,5.4815839e-07,0.07176862254
1591.5494309189535,5.481353997e-07,0.07176816
Freq,1591.5494309189535,Rs,0.071770597490625,1.5242200272686897e-06,Ls,5.481520966437501e-07,1.2624206176341703e-11
":SOUR:DCS:STAT OFF;:BIAS:STAT OFF;:COMP:BIN:COUN:CLE;:LIST:CLE:ALL;:COMP:BIN:CLE;:AMPL:ALC ON;:APER LONG,16;:BIAS:POL:AUTO OFF;:BIAS:RANG:AUTO ON;:BIAS:VOLT:LEV 0;:COMP:ABIN OFF;:COMP:BIN:COUN:STAT OFF;:COMP:MODE PTOL;:COMP:SLIM -9.9e+037,9.9e+037;:COMP:STAT OFF;:COMP:SWAP OFF;:COMP:TOL:NOM 0;:CURR:LEV 0.1;:DISP:ENAB ON;:DISP:LINE """";:DISP:WIND:TEXT1:DATA:FMSD:DATA 1e-009;:DISP:WIND:TEXT2:DATA:FMSD:DATA 1e-009;:FORM:ASC:LONG ON;:FORM:BORD NORM;:FORM:DATA ASC,64;:FREQ:CW 1592;:FUNC:DEV1:MODE OFF;:FUNC:DEV1:REF:VAL 0;:FUNC:DEV2:MODE OFF;:FUNC:DEV2:REF:VAL 0;:FUNC:IMP:TYPE LSRS;:FUNC:SMON:IDC:STAT OFF;:FUNC:SMON:VDC:STAT OFF;:INIT:CONT OFF;:LIST:MODE SEQ;:LIST:STIM:TYPE FREQ,NONE;:SOUR:DCS:VOLT:LEV 0;:TRIG:DEL 0;:TRIG:SOUR INT;:TRIG:TDEL 0;:DISP:WIND:TEXT1:DATA:FMSD:STAT OFF;:DISP:WIND:TEXT2:DATA:FMSD:STAT OFF;:FUNC:DCR:RANG:VAL 100;:FUNC:IMP:RANG:VAL 0.1;:OUTP:DC:ISOL:LEV:VAL 0.1;:OUTP:DC:ISOL:STAT OFF;:FUNC:DCR:RANG:AUTO ON;:FUNC:IMP:RANG:AUTO ON;:OUTP:DC:ISOL:LEV:AUTO ON;:DISP:PAGE MEASurement;
"
2000.0,5.487206137e-07,0.07177181905
2000.0,5.48744271e-07,0.07177163173
2000.0,5.487355873e-07,0.07177120455
2000.0,5.487317253e-07,0.0717707971
2000.0,5.48710487e-07,0.07177051964
2000.0,5.487383755e-07,0.07177037738
2000.0,5.48728615e-07,0.07176994632
2000.0,5.487318356e-07,0.07176961579
2000.0,5.487393647e-07,0.07176981149
2000.0,5.487304792e-07,0.07176973113
2000.0,5.48720537e-07,0.07176923185
2000.0,5.48740114e-07,0.07176945892
2000.0,5.487499288e-07,0.07176943901
2000.0,5.487409596e-07,0.07176925711
2000.0,5.487384492e-07,0.07176901987
2000.0,5.487291436e-07,0.07176870727
Freq,2000,Rs,0.071770035513125,9.341522446768891e-07,Ls,5.487331554062499e-07,9.973324290216206e-12
":SOUR:DCS:STAT OFF;:BIAS:STAT OFF;:COMP:BIN:COUN:CLE;:LIST:CLE:ALL;:COMP:BIN:CLE;:AMPL:ALC ON;:APER LONG,16;:BIAS:POL:AUTO OFF;:BIAS:RANG:AUTO ON;:BIAS:VOLT:LEV 0;:COMP:ABIN OFF;:COMP:BIN:COUN:STAT OFF;:COMP:MODE PTOL;:COMP:SLIM -9.9e+037,9.9e+037;:COMP:STAT OFF;:COMP:SWAP OFF;:COMP:TOL:NOM 0;:CURR:LEV 0.1;:DISP:ENAB ON;:DISP:LINE """";:DISP:WIND:TEXT1:DATA:FMSD:DATA 1e-009;:DISP:WIND:TEXT2:DATA:FMSD:DATA 1e-009;:FORM:ASC:LONG ON;:FORM:BORD NORM;:FORM:DATA ASC,64;:FREQ:CW 2000;:FUNC:DEV1:MODE OFF;:FUNC:DEV1:REF:VAL 0;:FUNC:DEV2:MODE OFF;:FUNC:DEV2:REF:VAL 0;:FUNC:IMP:TYPE LSRS;:FUNC:SMON:IDC:STAT OFF;:FUNC:SMON:VDC:STAT OFF;:INIT:CONT OFF;:LIST:MODE SEQ;:LIST:STIM:TYPE FREQ,NONE;:SOUR:DCS:VOLT:LEV 0;:TRIG:DEL 0;:TRIG:SOUR INT;:TRIG:TDEL 0;:DISP:WIND:TEXT1:DATA:FMSD:STAT OFF;:DISP:WIND:TEXT2:DATA:FMSD:STAT OFF;:FUNC:DCR:RANG:VAL 100;:FUNC:IMP:RANG:VAL 0.1;:OUTP:DC:ISOL:LEV:VAL 0.1;:OUTP:DC:ISOL:STAT OFF;:FUNC:DCR:RANG:AUTO ON;:FUNC:IMP:RANG:AUTO ON;:OUTP:DC:ISOL:LEV:AUTO ON;:DISP:PAGE MEASurement;
"
3000.0,5.490626507e-07,0.07177045649
3000.0,5.490649769e-07,0.07177035319
3000.0,5.490710278e-07,0.07176994732
3000.0,5.490725049e-07,0.0717695621
3000.0,5.49056551e-07,0.07176898899
3000.0,5.490516593e-07,0.07176928302
3000.0,5.490551974e-07,0.07176867338
3000.0,5.490492164e-07,0.0717689299
3000.0,5.49076954e-07,0.07178022765
3000.0,5.490729601e-07,0.07178274267
3000.0,5.490969238e-07,0.07178230491
3000.0,5.490747602e-07,0.07178215962
3000.0,5.490843067e-07,0.07178304939
3000.0,5.49071701e-07,0.07178291259
3000.0,5.490848725e-07,0.0717800043
3000.0,5.491031677e-07,0.0717789263
Freq,3000,Rs,0.07177553261375,6.3153036217352464e-06,Ls,5.490718394e-07,1.5349930945168345e-11
":SOUR:DCS:STAT OFF;:BIAS:STAT OFF;:COMP:BIN:COUN:CLE;:LIST:CLE:ALL;:COMP:BIN:CLE;:AMPL:ALC ON;:APER LONG,16;:BIAS:POL:AUTO OFF;:BIAS:RANG:AUTO ON;:BIAS:VOLT:LEV 0;:COMP:ABIN OFF;:COMP:BIN:COUN:STAT OFF;:COMP:MODE PTOL;:COMP:SLIM -9.9e+037,9.9e+037;:COMP:STAT OFF;:COMP:SWAP OFF;:COMP:TOL:NOM 0;:CURR:LEV 0.1;:DISP:ENAB ON;:DISP:LINE """";:DISP:WIND:TEXT1:DATA:FMSD:DATA 1e-009;:DISP:WIND:TEXT2:DATA:FMSD:DATA 1e-009;:FORM:ASC:LONG ON;:FORM:BORD NORM;:FORM:DATA ASC,64;:FREQ:CW 3000;:FUNC:DEV1:MODE OFF;:FUNC:DEV1:REF:VAL 0;:FUNC:DEV2:MODE OFF;:FUNC:DEV2:REF:VAL 0;:FUNC:IMP:TYPE LSRS;:FUNC:SMON:IDC:STAT OFF;:FUNC:SMON:VDC:STAT OFF;:INIT:CONT OFF;:LIST:MODE SEQ;:LIST:STIM:TYPE FREQ,NONE;:SOUR:DCS:VOLT:LEV 0;:TRIG:DEL 0;:TRIG:SOUR INT;:TRIG:TDEL 0;:DISP:WIND:TEXT1:DATA:FMSD:STAT OFF;:DISP:WIND:TEXT2:DATA:FMSD:STAT OFF;:FUNC:DCR:RANG:VAL 100;:FUNC:IMP:RANG:VAL 0.1;:OUTP:DC:ISOL:LEV:VAL 0.1;:OUTP:DC:ISOL:STAT OFF;:FUNC:DCR:RANG:AUTO ON;:FUNC:IMP:RANG:AUTO ON;:OUTP:DC:ISOL:LEV:AUTO ON;:DISP:PAGE MEASurement;
"
5000.0,5.489565684e-07,0.0718287958
5000.0,5.489682957e-07,0.07183202886
5000.0,5.489507286e-07,0.07183185862
5000.0,5.489639397e-07,0.07183158055
5000.0,5.489575157e-07,0.07183185253
5000.0,5.489556495e-07,0.07183395838
5000.0,5.489424195e-07,0.07182707044
5000.0,5.489279389e-07,0.07182349431
5000.0,5.489398133e-07,0.0718230373
5000.0,5.489395336e-07,0.07182276479
5000.0,5.489349553e-07,0.07182274826
5000.0,5.489299833e-07,0.0718219221
5000.0,5.489318115e-07,0.07182210365
5000.0,5.489346839e-07,0.0718214385
5000.0,5.489320824e-07,0.07182140516
5000.0,5.489432977e-07,0.07182148748
Freq,5000,Rs,0.071826096670625,4.749763580120562e-06,Ls,5.489443260625e-07,1.2811129491129562e-11
":SOUR:DCS:STAT OFF;:BIAS:STAT OFF;:COMP:BIN:COUN:CLE;:LIST:CLE:ALL;:COMP:BIN:CLE;:AMPL:ALC ON;:APER LONG,16;:BIAS:POL:AUTO OFF;:BIAS:RANG:AUTO ON;:BIAS:VOLT:LEV 0;:COMP:ABIN OFF;:COMP:BIN:COUN:STAT OFF;:COMP:MODE PTOL;:COMP:SLIM -9.9e+037,9.9e+037;:COMP:STAT OFF;:COMP:SWAP OFF;:COMP:TOL:NOM 0;:CURR:LEV 0.1;:DISP:ENAB ON;:DISP:LINE """";:DISP:WIND:TEXT1:DATA:FMSD:DATA 1e-009;:DISP:WIND:TEXT2:DATA:FMSD:DATA 1e-009;:FORM:ASC:LONG ON;:FORM:BORD NORM;:FORM:DATA ASC,64;:FREQ:CW 5000;:FUNC:DEV1:MODE OFF;:FUNC:DEV1:REF:VAL 0;:FUNC:DEV2:MODE OFF;:FUNC:DEV2:REF:VAL 0;:FUNC:IMP:TYPE LSRS;:FUNC:SMON:IDC:STAT OFF;:FUNC:SMON:VDC:STAT OFF;:INIT:CONT OFF;:LIST:MODE SEQ;:LIST:STIM:TYPE FREQ,NONE;:SOUR:DCS:VOLT:LEV 0;:TRIG:DEL 0;:TRIG:SOUR INT;:TRIG:TDEL 0;:DISP:WIND:TEXT1:DATA:FMSD:STAT OFF;:DISP:WIND:TEXT2:DATA:FMSD:STAT OFF;:FUNC:DCR:RANG:VAL 100;:FUNC:IMP:RANG:VAL 0.1;:OUTP:DC:ISOL:LEV:VAL 0.1;:OUTP:DC:ISOL:STAT OFF;:FUNC:DCR:RANG:AUTO ON;:FUNC:IMP:RANG:AUTO ON;:OUTP:DC:ISOL:LEV:AUTO ON;:DISP:PAGE MEASurement;
"
":SOUR:DCS:STAT OFF;:BIAS:STAT OFF;:COMP:BIN:COUN:CLE;:LIST:CLE:ALL;:COMP:BIN:CLE;:AMPL:ALC ON;:APER LONG,16;:BIAS:POL:AUTO OFF;:BIAS:RANG:AUTO ON;:BIAS:VOLT:LEV 0;:COMP:ABIN OFF;:COMP:BIN:COUN:STAT OFF;:COMP:MODE PTOL;:COMP:SLIM -9.9e+037,9.9e+037;:COMP:STAT OFF;:COMP:SWAP OFF;:COMP:TOL:NOM 0;:CURR:LEV 0.1;:DISP:ENAB ON;:DISP:LINE """";:DISP:WIND:TEXT1:DATA:FMSD:DATA 1e-009;:DISP:WIND:TEXT2:DATA:FMSD:DATA 1e-009;:FORM:ASC:LONG ON;:FORM:BORD NORM;:FORM:DATA ASC,64;:FREQ:CW 5000;:FUNC:DEV1:MODE OFF;:FUNC:DEV1:REF:VAL 0;:FUNC:DEV2:MODE OFF;:FUNC:DEV2:REF:VAL 0;:FUNC:IMP:TYPE LSRS;:FUNC:SMON:IDC:STAT OFF;:FUNC:SMON:VDC:STAT OFF;:INIT:CONT OFF;:LIST:MODE SEQ;:LIST:STIM:TYPE FREQ,NONE;:SOUR:DCS:VOLT:LEV 0;:TRIG:DEL 0;:TRIG:SOUR INT;:TRIG:TDEL 0;:DISP:WIND:TEXT1:DATA:FMSD:STAT OFF;:DISP:WIND:TEXT2:DATA:FMSD:STAT OFF;:FUNC:DCR:RANG:VAL 100;:FUNC:IMP:RANG:VAL 0.1;:OUTP:DC:ISOL:LEV:VAL 0.1;:OUTP:DC:ISOL:STAT OFF;:FUNC:DCR:RANG:AUTO ON;:FUNC:IMP:RANG:AUTO ON;:OUTP:DC:ISOL:LEV:AUTO ON;:DISP:PAGE MEASurement;
"
2022-09-23,14:08:02
---------run finished---------
Name and description of Resistor under test: ,WM3
GPIB source:,<bound method MessageBasedResource.read of <'GPIBInstrument'('GPIB0::17::INSTR')>>
2022-09-23,14:09:40
select the freq range,"[50, 100, 200, 300, 500, 800, 1000, 1591.5494309189535, 2000, 3000, 5000]"
50.0,5.718824474e-07,0.0723115116
50.0,5.720908476e-07,0.07224555174
50.0,5.732683478e-07,0.07218737222
50.0,5.825855217e-07,0.07213778859
50.0,5.905678495e-07,0.07209406365
50.0,5.777286566e-07,0.07205697128
50.0,5.715164873e-07,0.07202703642
50.0,5.825775288e-07,0.07199886077
50.0,5.90967129e-07,0.07197245763
50.0,5.897127304e-07,0.07194647571
50.0,5.872119177e-07,0.07192526986
50.0,5.885021794e-07,0.07190537266
50.0,5.872295547e-07,0.07188879596
50.0,5.912502629e-07,0.07187341466
50.0,5.908292872e-07,0.07186072062
50.0,5.891946777e-07,0.07184767007
Freq,50,Rs,0.07201745834,0.0001434187672841398,Ls,5.8356971410625e-07,7.709647889806992e-09
":SOUR:DCS:STAT OFF;:BIAS:STAT OFF;:COMP:BIN:COUN:CLE;:LIST:CLE:ALL;:COMP:BIN:CLE;:AMPL:ALC ON;:APER LONG,16;:BIAS:POL:AUTO OFF;:BIAS:RANG:AUTO ON;:BIAS:VOLT:LEV 0;:COMP:ABIN OFF;:COMP:BIN:COUN:STAT OFF;:COMP:MODE PTOL;:COMP:SLIM -9.9e+037,9.9e+037;:COMP:STAT OFF;:COMP:SWAP OFF;:COMP:TOL:NOM 0;:CURR:LEV 0.1;:DISP:ENAB ON;:DISP:LINE """";:DISP:WIND:TEXT1:DATA:FMSD:DATA 1e-009;:DISP:WIND:TEXT2:DATA:FMSD:DATA 1e-009;:FORM:ASC:LONG ON;:FORM:BORD NORM;:FORM:DATA ASC,64;:FREQ:CW 50;:FUNC:DEV1:MODE OFF;:FUNC:DEV1:REF:VAL 0;:FUNC:DEV2:MODE OFF;:FUNC:DEV2:REF:VAL 0;:FUNC:IMP:TYPE LSRS;:FUNC:SMON:IDC:STAT OFF;:FUNC:SMON:VDC:STAT OFF;:INIT:CONT OFF;:LIST:MODE SEQ;:LIST:STIM:TYPE FREQ,NONE;:SOUR:DCS:VOLT:LEV 0;:TRIG:DEL 0;:TRIG:SOUR INT;:TRIG:TDEL 0;:DISP:WIND:TEXT1:DATA:FMSD:STAT OFF;:DISP:WIND:TEXT2:DATA:FMSD:STAT OFF;:FUNC:DCR:RANG:VAL 100;:FUNC:IMP:RANG:VAL 0.1;:OUTP:DC:ISOL:LEV:VAL 0.1;:OUTP:DC:ISOL:STAT OFF;:FUNC:DCR:RANG:AUTO ON;:FUNC:IMP:RANG:AUTO ON;:OUTP:DC:ISOL:LEV:AUTO ON;:DISP:PAGE MEASurement;
"
100.0,5.600176252e-07,0.07180551007
100.0,5.603315079e-07,0.07179542187
100.0,5.603124073e-07,0.07178620915
100.0,5.599520627e-07,0.0718083031
100.0,5.597228512e-07,0.07179877612
100.0,5.596159957e-07,0.0717865176
100.0,5.603539957e-07,0.0717760749
100.0,5.608182267e-07,0.07176670558
100.0,5.60561074e-07,0.07175679158
100.0,5.602725268e-07,0.07174856345
100.0,5.601143363e-07,0.07174069415
100.0,5.599303546e-07,0.07173301762
100.0,5.603777935e-07,0.07172686793
100.0,5.597280517e-07,0.07172045871
100.0,5.601006319e-07,0.07171374826
100.0,5.5978599e-07,0.07170707003
Freq,100,Rs,0.0717606706325,3.434417210246595e-05,Ls,5.6012471445e-07,3.3265928635350673e-10
":SOUR:DCS:STAT OFF;:BIAS:STAT OFF;:COMP:BIN:COUN:CLE;:LIST:CLE:ALL;:COMP:BIN:CLE;:AMPL:ALC ON;:APER LONG,16;:BIAS:POL:AUTO OFF;:BIAS:RANG:AUTO ON;:BIAS:VOLT:LEV 0;:COMP:ABIN OFF;:COMP:BIN:COUN:STAT OFF;:COMP:MODE PTOL;:COMP:SLIM -9.9e+037,9.9e+037;:COMP:STAT OFF;:COMP:SWAP OFF;:COMP:TOL:NOM 0;:CURR:LEV 0.1;:DISP:ENAB ON;:DISP:LINE """";:DISP:WIND:TEXT1:DATA:FMSD:DATA 1e-009;:DISP:WIND:TEXT2:DATA:FMSD:DATA 1e-009;:FORM:ASC:LONG ON;:FORM:BORD NORM;:FORM:DATA ASC,64;:FREQ:CW 100;:FUNC:DEV1:MODE OFF;:FUNC:DEV1:REF:VAL 0;:FUNC:DEV2:MODE OFF;:FUNC:DEV2:REF:VAL 0;:FUNC:IMP:TYPE LSRS;:FUNC:SMON:IDC:STAT OFF;:FUNC:SMON:VDC:STAT OFF;:INIT:CONT OFF;:LIST:MODE SEQ;:LIST:STIM:TYPE FREQ,NONE;:SOUR:DCS:VOLT:LEV 0;:TRIG:DEL 0;:TRIG:SOUR INT;:TRIG:TDEL 0;:DISP:WIND:TEXT1:DATA:FMSD:STAT OFF;:DISP:WIND:TEXT2:DATA:FMSD:STAT OFF;:FUNC:DCR:RANG:VAL 100;:FUNC:IMP:RANG:VAL 0.1;:OUTP:DC:ISOL:LEV:VAL 0.1;:OUTP:DC:ISOL:STAT OFF;:FUNC:DCR:RANG:AUTO ON;:FUNC:IMP:RANG:AUTO ON;:OUTP:DC:ISOL:LEV:AUTO ON;:DISP:PAGE MEASurement;
"
200.0,5.613083348e-07,0.07171742345
200.0,5.612255431e-07,0.071712235
200.0,5.611723951e-07,0.07170724272
200.0,5.612401045e-07,0.07170232174
200.0,5.61200855e-07,0.0716980598
lcr name:,KeySight E4980A
Name and description of Resistor under test: ,WM3
GPIB source:,<bound method MessageBasedResource.read of <'GPIBInstrument'('GPIB0::17::INSTR')>>
2022-09-23,14:20:42
select the freq range,"[50, 100, 200, 300, 500, 800, 1000, 1591.5494309189535, 2000, 3000, 5000]"
50.0,5.83405103e-07,0.07141622227
50.0,5.802282012e-07,0.07141562972
50.0,5.782595671e-07,0.07141475698
50.0,5.755034421e-07,0.07141438354
50.0,5.758262569e-07,0.07141349587
50.0,5.777436983e-07,0.0714133699
50.0,5.848238292e-07,0.07141285892
50.0,5.920419894e-07,0.07141596295
50.0,5.909173603e-07,0.07141656925
50.0,5.903630797e-07,0.0714172387
50.0,5.930113295e-07,0.07141644138
50.0,5.902371057e-07,0.07141693667
50.0,5.844949817e-07,0.07141676562
50.0,5.832565134e-07,0.07141657159
50.0,5.809566625e-07,0.07141575716
50.0,5.820432078e-07,0.07141528805
Freq,50,Rs,0.071415515535625,1.367587509819931e-06,Ls,5.839445204875e-07,5.849853468485333e-09
":SOUR:DCS:STAT OFF;:BIAS:STAT OFF;:COMP:BIN:COUN:CLE;:LIST:CLE:ALL;:COMP:BIN:CLE;:AMPL:ALC ON;:APER LONG,16;:BIAS:POL:AUTO OFF;:BIAS:RANG:AUTO ON;:BIAS:VOLT:LEV 0;:COMP:ABIN OFF;:COMP:BIN:COUN:STAT OFF;:COMP:MODE PTOL;:COMP:SLIM -9.9e+037,9.9e+037;:COMP:STAT OFF;:COMP:SWAP OFF;:COMP:TOL:NOM 0;:CURR:LEV 0.1;:DISP:ENAB ON;:DISP:LINE """";:DISP:WIND:TEXT1:DATA:FMSD:DATA 1e-009;:DISP:WIND:TEXT2:DATA:FMSD:DATA 1e-009;:FORM:ASC:LONG ON;:FORM:BORD NORM;:FORM:DATA ASC,64;:FREQ:CW 50;:FUNC:DEV1:MODE OFF;:FUNC:DEV1:REF:VAL 0;:FUNC:DEV2:MODE OFF;:FUNC:DEV2:REF:VAL 0;:FUNC:IMP:TYPE LSRS;:FUNC:SMON:IDC:STAT OFF;:FUNC:SMON:VDC:STAT OFF;:INIT:CONT OFF;:LIST:MODE SEQ;:LIST:STIM:TYPE FREQ,NONE;:SOUR:DCS:VOLT:LEV 0;:TRIG:DEL 0;:TRIG:SOUR INT;:TRIG:TDEL 0;:DISP:WIND:TEXT1:DATA:FMSD:STAT OFF;:DISP:WIND:TEXT2:DATA:FMSD:STAT OFF;:FUNC:DCR:RANG:VAL 100;:FUNC:IMP:RANG:VAL 0.1;:OUTP:DC:ISOL:LEV:VAL 0.1;:OUTP:DC:ISOL:STAT OFF;:FUNC:DCR:RANG:AUTO ON;:FUNC:IMP:RANG:AUTO ON;:OUTP:DC:ISOL:LEV:AUTO ON;:DISP:PAGE MEASurement;
"
100.0,5.601295219e-07,0.07138902638
100.0,5.600282712e-07,0.07138804052
100.0,5.59848036e-07,0.07138807657
100.0,5.59601001e-07,0.07138703454
100.0,5.600279391e-07,0.07138639969
100.0,5.603091556e-07,0.07138472698
100.0,5.596662482e-07,0.07138366628
100.0,5.597699578e-07,0.07138290367
100.0,5.597681614e-07,0.07138172241
100.0,5.6033709e-07,0.071380304
100.0,5.599040324e-07,0.07137927098
100.0,5.600215671e-07,0.07137884236
100.0,5.589032143e-07,0.07137742516
100.0,5.605198039e-07,0.07137610713
100.0,5.60002469e-07,0.07137508104
100.0,5.598470434e-07,0.07137397055
Freq,100,Rs,0.07138203739125001,4.945465869329956e-06,Ls,5.5991771951875e-07,3.6749650025009536e-10
":SOUR:DCS:STAT OFF;:BIAS:STAT OFF;:COMP:BIN:COUN:CLE;:LIST:CLE:ALL;:COMP:BIN:CLE;:AMPL:ALC ON;:APER LONG,16;:BIAS:POL:AUTO OFF;:BIAS:RANG:AUTO ON;:BIAS:VOLT:LEV 0;:COMP:ABIN OFF;:COMP:BIN:COUN:STAT OFF;:COMP:MODE PTOL;:COMP:SLIM -9.9e+037,9.9e+037;:COMP:STAT OFF;:COMP:SWAP OFF;:COMP:TOL:NOM 0;:CURR:LEV 0.1;:DISP:ENAB ON;:DISP:LINE """";:DISP:WIND:TEXT1:DATA:FMSD:DATA 1e-009;:DISP:WIND:TEXT2:DATA:FMSD:DATA 1e-009;:FORM:ASC:LONG ON;:FORM:BORD NORM;:FORM:DATA ASC,64;:FREQ:CW 100;:FUNC:DEV1:MODE OFF;:FUNC:DEV1:REF:VAL 0;:FUNC:DEV2:MODE OFF;:FUNC:DEV2:REF:VAL 0;:FUNC:IMP:TYPE LSRS;:FUNC:SMON:IDC:STAT OFF;:FUNC:SMON:VDC:STAT OFF;:INIT:CONT OFF;:LIST:MODE SEQ;:LIST:STIM:TYPE FREQ,NONE;:SOUR:DCS:VOLT:LEV 0;:TRIG:DEL 0;:TRIG:SOUR INT;:TRIG:TDEL 0;:DISP:WIND:TEXT1:DATA:FMSD:STAT OFF;:DISP:WIND:TEXT2:DATA:FMSD:STAT OFF;:FUNC:DCR:RANG:VAL 100;:FUNC:IMP:RANG:VAL 0.1;:OUTP:DC:ISOL:LEV:VAL 0.1;:OUTP:DC:ISOL:STAT OFF;:FUNC:DCR:RANG:AUTO ON;:FUNC:IMP:RANG:AUTO ON;:OUTP:DC:ISOL:LEV:AUTO ON;:DISP:PAGE MEASurement;
"
200.0,5.612841451e-07,0.07139475294
200.0,5.611932257e-07,0.07139390099
200.0,5.611364233e-07,0.07139303335
200.0,5.610140136e-07,0.07139204947
200.0,5.613483214e-07,0.07139142796
200.0,5.611065091e-07,0.07139043415
200.0,5.610438638e-07,0.07138943646
200.0,5.610139849e-07,0.07138923676
200.0,5.611138695e-07,0.07138824925
200.0,5.614824769e-07,0.07138724918
200.0,5.614282386e-07,0.07138630831
200.0,5.609997835e-07,0.07138513055
200.0,5.611980115e-07,0.07138419694
200.0,5.610281893e-07,0.07138322739
200.0,5.612338283e-07,0.07138207848
200.0,5.612656004e-07,0.07138135596
Freq,200,Rs,0.07138825425875,4.247049818012996e-06,Ls,5.6118065530625e-07,1.514052999941809e-10
":SOUR:DCS:STAT OFF;:BIAS:STAT OFF;:COMP:BIN:COUN:CLE;:LIST:CLE:ALL;:COMP:BIN:CLE;:AMPL:ALC ON;:APER LONG,16;:BIAS:POL:AUTO OFF;:BIAS:RANG:AUTO ON;:BIAS:VOLT:LEV 0;:COMP:ABIN OFF;:COMP:BIN:COUN:STAT OFF;:COMP:MODE PTOL;:COMP:SLIM -9.9e+037,9.9e+037;:COMP:STAT OFF;:COMP:SWAP OFF;:COMP:TOL:NOM 0;:CURR:LEV 0.1;:DISP:ENAB ON;:DISP:LINE """";:DISP:WIND:TEXT1:DATA:FMSD:DATA 1e-009;:DISP:WIND:TEXT2:DATA:FMSD:DATA 1e-009;:FORM:ASC:LONG ON;:FORM:BORD NORM;:FORM:DATA ASC,64;:FREQ:CW 200;:FUNC:DEV1:MODE OFF;:FUNC:DEV1:REF:VAL 0;:FUNC:DEV2:MODE OFF;:FUNC:DEV2:REF:VAL 0;:FUNC:IMP:TYPE LSRS;:FUNC:SMON:IDC:STAT OFF;:FUNC:SMON:VDC:STAT OFF;:INIT:CONT OFF;:LIST:MODE SEQ;:LIST:STIM:TYPE FREQ,NONE;:SOUR:DCS:VOLT:LEV 0;:TRIG:DEL 0;:TRIG:SOUR INT;:TRIG:TDEL 0;:DISP:WIND:TEXT1:DATA:FMSD:STAT OFF;:DISP:WIND:TEXT2:DATA:FMSD:STAT OFF;:FUNC:DCR:RANG:VAL 100;:FUNC:IMP:RANG:VAL 0.1;:OUTP:DC:ISOL:LEV:VAL 0.1;:OUTP:DC:ISOL:STAT OFF;:FUNC:DCR:RANG:AUTO ON;:FUNC:IMP:RANG:AUTO ON;:OUTP:DC:ISOL:LEV:AUTO ON;:DISP:PAGE MEASurement;
"
300.0,5.514092727e-07,0.07138490179
300.0,5.514384003e-07,0.07138440144
300.0,5.515860909e-07,0.07138317674
300.0,5.513442748e-07,0.07138269584
300.0,5.514751915e-07,0.07138155282
300.0,5.515340561e-07,0.07138096725
300.0,5.51421244e-07,0.07138015525
300.0,5.515497646e-07,0.07137970128
300.0,5.514459929e-07,0.07137916985
300.0,5.514263889e-07,0.07137833754
300.0,5.514540132e-07,0.07137796922
300.0,5.514800173e-07,0.07137789081
300.0,5.514150907e-07,0.07137754229
300.0,5.513934565e-07,0.07137665553
300.0,5.512174443e-07,0.07137589859
300.0,5.51574512e-07,0.07137558092
Freq,300,Rs,0.0713797873225,2.9336805440784608e-06,Ls,5.5144782566875e-07,9.142866050355273e-11
":SOUR:DCS:STAT OFF;:BIAS:STAT OFF;:COMP:BIN:COUN:CLE;:LIST:CLE:ALL;:COMP:BIN:CLE;:AMPL:ALC ON;:APER LONG,16;:BIAS:POL:AUTO OFF;:BIAS:RANG:AUTO ON;:BIAS:VOLT:LEV 0;:COMP:ABIN OFF;:COMP:BIN:COUN:STAT OFF;:COMP:MODE PTOL;:COMP:SLIM -9.9e+037,9.9e+037;:COMP:STAT OFF;:COMP:SWAP OFF;:COMP:TOL:NOM 0;:CURR:LEV 0.1;:DISP:ENAB ON;:DISP:LINE """";:DISP:WIND:TEXT1:DATA:FMSD:DATA 1e-009;:DISP:WIND:TEXT2:DATA:FMSD:DATA 1e-009;:FORM:ASC:LONG ON;:FORM:BORD NORM;:FORM:DATA ASC,64;:FREQ:CW 300;:FUNC:DEV1:MODE OFF;:FUNC:DEV1:REF:VAL 0;:FUNC:DEV2:MODE OFF;:FUNC:DEV2:REF:VAL 0;:FUNC:IMP:TYPE LSRS;:FUNC:SMON:IDC:STAT OFF;:FUNC:SMON:VDC:STAT OFF;:INIT:CONT OFF;:LIST:MODE SEQ;:LIST:STIM:TYPE FREQ,NONE;:SOUR:DCS:VOLT:LEV 0;:TRIG:DEL 0;:TRIG:SOUR INT;:TRIG:TDEL 0;:DISP:WIND:TEXT1:DATA:FMSD:STAT OFF;:DISP:WIND:TEXT2:DATA:FMSD:STAT OFF;:FUNC:DCR:RANG:VAL 100;:FUNC:IMP:RANG:VAL 0.1;:OUTP:DC:ISOL:LEV:VAL 0.1;:OUTP:DC:ISOL:STAT OFF;:FUNC:DCR:RANG:AUTO ON;:FUNC:IMP:RANG:AUTO ON;:OUTP:DC:ISOL:LEV:AUTO ON;:DISP:PAGE MEASurement;
"
500.0,5.466674377e-07,0.07138625942
500.0,5.46664272e-07,0.07138572964
500.0,5.46654279e-07,0.0713852908
500.0,5.465860285e-07,0.07138447436
500.0,5.465648927e-07,0.07138408334
500.0,5.466466036e-07,0.07138383558
500.0,5.466583519e-07,0.07138314794
500.0,5.466428787e-07,0.07138269584
500.0,5.46631515e-07,0.07138245701
500.0,5.466139103e-07,0.07138156822
500.0,5.466713105e-07,0.07138124836
500.0,5.466087902e-07,0.07138063387
500.0,5.46583171e-07,0.07137998793
500.0,5.466008789e-07,0.07137984175
500.0,5.465834409e-07,0.07137910457
500.0,5.46631037e-07,0.07137859944
Freq,500,Rs,0.071382434879375,2.407914050860258e-06,Ls,5.4662554986875e-07,3.453885935890568e-11
":SOUR:DCS:STAT OFF;:BIAS:STAT OFF;:COMP:BIN:COUN:CLE;:LIST:CLE:ALL;:COMP:BIN:CLE;:AMPL:ALC ON;:APER LONG,16;:BIAS:POL:AUTO OFF;:BIAS:RANG:AUTO ON;:BIAS:VOLT:LEV 0;:COMP:ABIN OFF;:COMP:BIN:COUN:STAT OFF;:COMP:MODE PTOL;:COMP:SLIM -9.9e+037,9.9e+037;:COMP:STAT OFF;:COMP:SWAP OFF;:COMP:TOL:NOM 0;:CURR:LEV 0.1;:DISP:ENAB ON;:DISP:LINE """";:DISP:WIND:TEXT1:DATA:FMSD:DATA 1e-009;:DISP:WIND:TEXT2:DATA:FMSD:DATA 1e-009;:FORM:ASC:LONG ON;:FORM:BORD NORM;:FORM:DATA ASC,64;:FREQ:CW 500;:FUNC:DEV1:MODE OFF;:FUNC:DEV1:REF:VAL 0;:FUNC:DEV2:MODE OFF;:FUNC:DEV2:REF:VAL 0;:FUNC:IMP:TYPE LSRS;:FUNC:SMON:IDC:STAT OFF;:FUNC:SMON:VDC:STAT OFF;:INIT:CONT OFF;:LIST:MODE SEQ;:LIST:STIM:TYPE FREQ,NONE;:SOUR:DCS:VOLT:LEV 0;:TRIG:DEL 0;:TRIG:SOUR INT;:TRIG:TDEL 0;:DISP:WIND:TEXT1:DATA:FMSD:STAT OFF;:DISP:WIND:TEXT2:DATA:FMSD:STAT OFF;:FUNC:DCR:RANG:VAL 100;:FUNC:IMP:RANG:VAL 0.1;:OUTP:DC:ISOL:LEV:VAL 0.1;:OUTP:DC:ISOL:STAT OFF;:FUNC:DCR:RANG:AUTO ON;:FUNC:IMP:RANG:AUTO ON;:OUTP:DC:ISOL:LEV:AUTO ON;:DISP:PAGE MEASurement;
"
800.0,5.453401541e-07,0.07138337689
800.0,5.452624413e-07,0.071383001
800.0,5.452835448e-07,0.07138250373
800.0,5.45271337e-07,0.07138220171
800.0,5.452943181e-07,0.07138181444
800.0,5.453169568e-07,0.07138124097
800.0,5.452919493e-07,0.07138085787
800.0,5.452801205e-07,0.07138058949
800.0,5.452611335e-07,0.07138013849
800.0,5.452883505e-07,0.07137980765
800.0,5.452693289e-07,0.0713791513
800.0,5.452592391e-07,0.07137877811
800.0,5.452904433e-07,0.07137821738
800.0,5.452661125e-07,0.07137762208
800.0,5.452745154e-07,0.07137697389
800.0,5.452658112e-07,0.07137676939
Freq,800,Rs,0.071380190274375,2.1222292071600612e-06,Ls,5.4528223476875e-07,2.183580274310861e-11
":SOUR:DCS:STAT OFF;:BIAS:STAT OFF;:COMP:BIN:COUN:CLE;:LIST:CLE:ALL;:COMP:BIN:CLE;:AMPL:ALC ON;:APER LONG,16;:BIAS:POL:AUTO OFF;:BIAS:RANG:AUTO ON;:BIAS:VOLT:LEV 0;:COMP:ABIN OFF;:COMP:BIN:COUN:STAT OFF;:COMP:MODE PTOL;:COMP:SLIM -9.9e+037,9.9e+037;:COMP:STAT OFF;:COMP:SWAP OFF;:COMP:TOL:NOM 0;:CURR:LEV 0.1;:DISP:ENAB ON;:DISP:LINE """";:DISP:WIND:TEXT1:DATA:FMSD:DATA 1e-009;:DISP:WIND:TEXT2:DATA:FMSD:DATA 1e-009;:FORM:ASC:LONG ON;:FORM:BORD NORM;:FORM:DATA ASC,64;:FREQ:CW 800;:FUNC:DEV1:MODE OFF;:FUNC:DEV1:REF:VAL 0;:FUNC:DEV2:MODE OFF;:FUNC:DEV2:REF:VAL 0;:FUNC:IMP:TYPE LSRS;:FUNC:SMON:IDC:STAT OFF;:FUNC:SMON:VDC:STAT OFF;:INIT:CONT OFF;:LIST:MODE SEQ;:LIST:STIM:TYPE FREQ,NONE;:SOUR:DCS:VOLT:LEV 0;:TRIG:DEL 0;:TRIG:SOUR INT;:TRIG:TDEL 0;:DISP:WIND:TEXT1:DATA:FMSD:STAT OFF;:DISP:WIND:TEXT2:DATA:FMSD:STAT OFF;:FUNC:DCR:RANG:VAL 100;:FUNC:IMP:RANG:VAL 0.1;:OUTP:DC:ISOL:LEV:VAL 0.1;:OUTP:DC:ISOL:STAT OFF;:FUNC:DCR:RANG:AUTO ON;:FUNC:IMP:RANG:AUTO ON;:OUTP:DC:ISOL:LEV:AUTO ON;:DISP:PAGE MEASurement;
"
1000.0,5.447696432e-07,0.07136690959
1000.0,5.447454866e-07,0.07136643113
1000.0,5.447828185e-07,0.07136570247
1000.0,5.447558918e-07,0.07136536566
1000.0,5.448178244e-07,0.07136480453
1000.0,5.447677405e-07,0.07136453801
1000.0,5.447854541e-07,0.07136434572
1000.0,5.448079381e-07,0.07136340101
1000.0,5.447942051e-07,0.07136322069
1000.0,5.447891212e-07,0.07136306045
1000.0,5.448009975e-07,0.07136261664
1000.0,5.447706283e-07,0.0713621009
1000.0,5.447576987e-07,0.07136171008
1000.0,5.447949742e-07,0.07136137318
1000.0,5.447756698e-07,0.07136102288
1000.0,5.448102446e-07,0.07136082754
Freq,1000,Rs,0.07136358940500001,1.9311338254951626e-06,Ls,5.447828960375e-07,2.099750151679364e-11
":SOUR:DCS:STAT OFF;:BIAS:STAT OFF;:COMP:BIN:COUN:CLE;:LIST:CLE:ALL;:COMP:BIN:CLE;:AMPL:ALC ON;:APER LONG,16;:BIAS:POL:AUTO OFF;:BIAS:RANG:AUTO ON;:BIAS:VOLT:LEV 0;:COMP:ABIN OFF;:COMP:BIN:COUN:STAT OFF;:COMP:MODE PTOL;:COMP:SLIM -9.9e+037,9.9e+037;:COMP:STAT OFF;:COMP:SWAP OFF;:COMP:TOL:NOM 0;:CURR:LEV 0.1;:DISP:ENAB ON;:DISP:LINE """";:DISP:WIND:TEXT1:DATA:FMSD:DATA 1e-009;:DISP:WIND:TEXT2:DATA:FMSD:DATA 1e-009;:FORM:ASC:LONG ON;:FORM:BORD NORM;:FORM:DATA ASC,64;:FREQ:CW 1000;:FUNC:DEV1:MODE OFF;:FUNC:DEV1:REF:VAL 0;:FUNC:DEV2:MODE OFF;:FUNC:DEV2:REF:VAL 0;:FUNC:IMP:TYPE LSRS;:FUNC:SMON:IDC:STAT OFF;:FUNC:SMON:VDC:STAT OFF;:INIT:CONT OFF;:LIST:MODE SEQ;:LIST:STIM:TYPE FREQ,NONE;:SOUR:DCS:VOLT:LEV 0;:TRIG:DEL 0;:TRIG:SOUR INT;:TRIG:TDEL 0;:DISP:WIND:TEXT1:DATA:FMSD:STAT OFF;:DISP:WIND:TEXT2:DATA:FMSD:STAT OFF;:FUNC:DCR:RANG:VAL 100;:FUNC:IMP:RANG:VAL 0.1;:OUTP:DC:ISOL:LEV:VAL 0.1;:OUTP:DC:ISOL:STAT OFF;:FUNC:DCR:RANG:AUTO ON;:FUNC:IMP:RANG:AUTO ON;:OUTP:DC:ISOL:LEV:AUTO ON;:DISP:PAGE MEASurement;
"
1591.5494309189535,5.450787152e-07,0.0713594445
1591.5494309189535,5.451042474e-07,0.07135908776
1591.5494309189535,5.450777778e-07,0.07135880167
1591.5494309189535,5.450967824e-07,0.0713587157
1591.5494309189535,5.450564086e-07,0.07135819138
1591.5494309189535,5.450875811e-07,0.07135797327
1591.5494309189535,5.450934562e-07,0.07135721956
1591.5494309189535,5.450823014e-07,0.07135704206
1591.5494309189535,5.450952084e-07,0.07135645643
1591.5494309189535,5.450883309e-07,0.07135605225
1591.5494309189535,5.450895356e-07,0.07135558428
1591.5494309189535,5.450808202e-07,0.07135550119
1591.5494309189535,5.45106579e-07,0.07135494284
1591.5494309189535,5.450936141e-07,0.07135471658
1591.5494309189535,5.4508264e-07,0.07135447316
1591.5494309189535,5.451040569e-07,0.07135416521
Freq,1591.5494309189535,Rs,0.07135677299000001,1.7781508179930426e-06,Ls,5.4508862845e-07,1.2530377913229217e-11
":SOUR:DCS:STAT OFF;:BIAS:STAT OFF;:COMP:BIN:COUN:CLE;:LIST:CLE:ALL;:COMP:BIN:CLE;:AMPL:ALC ON;:APER LONG,16;:BIAS:POL:AUTO OFF;:BIAS:RANG:AUTO ON;:BIAS:VOLT:LEV 0;:COMP:ABIN OFF;:COMP:BIN:COUN:STAT OFF;:COMP:MODE PTOL;:COMP:SLIM -9.9e+037,9.9e+037;:COMP:STAT OFF;:COMP:SWAP OFF;:COMP:TOL:NOM 0;:CURR:LEV 0.1;:DISP:ENAB ON;:DISP:LINE """";:DISP:WIND:TEXT1:DATA:FMSD:DATA 1e-009;:DISP:WIND:TEXT2:DATA:FMSD:DATA 1e-009;:FORM:ASC:LONG ON;:FORM:BORD NORM;:FORM:DATA ASC,64;:FREQ:CW 1592;:FUNC:DEV1:MODE OFF;:FUNC:DEV1:REF:VAL 0;:FUNC:DEV2:MODE OFF;:FUNC:DEV2:REF:VAL 0;:FUNC:IMP:TYPE LSRS;:FUNC:SMON:IDC:STAT OFF;:FUNC:SMON:VDC:STAT OFF;:INIT:CONT OFF;:LIST:MODE SEQ;:LIST:STIM:TYPE FREQ,NONE;:SOUR:DCS:VOLT:LEV 0;:TRIG:DEL 0;:TRIG:SOUR INT;:TRIG:TDEL 0;:DISP:WIND:TEXT1:DATA:FMSD:STAT OFF;:DISP:WIND:TEXT2:DATA:FMSD:STAT OFF;:FUNC:DCR:RANG:VAL 100;:FUNC:IMP:RANG:VAL 0.1;:OUTP:DC:ISOL:LEV:VAL 0.1;:OUTP:DC:ISOL:STAT OFF;:FUNC:DCR:RANG:AUTO ON;:FUNC:IMP:RANG:AUTO ON;:OUTP:DC:ISOL:LEV:AUTO ON;:DISP:PAGE MEASurement;
"
2000.0,5.456558919e-07,0.07135822867
2000.0,5.456569439e-07,0.07135826963
2000.0,5.45656039e-07,0.07135772613
2000.0,5.456797124e-07,0.0713575571
2000.0,5.456680888e-07,0.0713572135
2000.0,5.456704856e-07,0.07135699055
2000.0,5.456654292e-07,0.07135657264
2000.0,5.456572068e-07,0.07135620852
2000.0,5.45671854e-07,0.07135588279
2000.0,5.456741874e-07,0.07135529812
2000.0,5.456608273e-07,0.0713549831
2000.0,5.456559824e-07,0.07135406926
2000.0,5.456646118e-07,0.07135383669
2000.0,5.456758817e-07,0.07135314329
2000.0,5.456822042e-07,0.07135280027
2000.0,5.456697855e-07,0.07135274492
Freq,2000,Rs,0.07135572032375001,1.9328507385664596e-06,Ls,5.4566657074375e-07,8.844015438838401e-12
":SOUR:DCS:STAT OFF;:BIAS:STAT OFF;:COMP:BIN:COUN:CLE;:LIST:CLE:ALL;:COMP:BIN:CLE;:AMPL:ALC ON;:APER LONG,16;:BIAS:POL:AUTO OFF;:BIAS:RANG:AUTO ON;:BIAS:VOLT:LEV 0;:COMP:ABIN OFF;:COMP:BIN:COUN:STAT OFF;:COMP:MODE PTOL;:COMP:SLIM -9.9e+037,9.9e+037;:COMP:STAT OFF;:COMP:SWAP OFF;:COMP:TOL:NOM 0;:CURR:LEV 0.1;:DISP:ENAB ON;:DISP:LINE """";:DISP:WIND:TEXT1:DATA:FMSD:DATA 1e-009;:DISP:WIND:TEXT2:DATA:FMSD:DATA 1e-009;:FORM:ASC:LONG ON;:FORM:BORD NORM;:FORM:DATA ASC,64;:FREQ:CW 2000;:FUNC:DEV1:MODE OFF;:FUNC:DEV1:REF:VAL 0;:FUNC:DEV2:MODE OFF;:FUNC:DEV2:REF:VAL 0;:FUNC:IMP:TYPE LSRS;:FUNC:SMON:IDC:STAT OFF;:FUNC:SMON:VDC:STAT OFF;:INIT:CONT OFF;:LIST:MODE SEQ;:LIST:STIM:TYPE FREQ,NONE;:SOUR:DCS:VOLT:LEV 0;:TRIG:DEL 0;:TRIG:SOUR INT;:TRIG:TDEL 0;:DISP:WIND:TEXT1:DATA:FMSD:STAT OFF;:DISP:WIND:TEXT2:DATA:FMSD:STAT OFF;:FUNC:DCR:RANG:VAL 100;:FUNC:IMP:RANG:VAL 0.1;:OUTP:DC:ISOL:LEV:VAL 0.1;:OUTP:DC:ISOL:STAT OFF;:FUNC:DCR:RANG:AUTO ON;:FUNC:IMP:RANG:AUTO ON;:OUTP:DC:ISOL:LEV:AUTO ON;:DISP:PAGE MEASurement;
"
3000.0,5.459684567e-07,0.07135360856
3000.0,5.459695608e-07,0.07135316617
3000.0,5.459702374e-07,0.07135250831
3000.0,5.459809739e-07,0.07135242133
3000.0,5.459919581e-07,0.07135224549
3000.0,5.459914717e-07,0.07135217151
3000.0,5.459584626e-07,0.07135179303
3000.0,5.459933481e-07,0.07135185957
3000.0,5.459659587e-07,0.07135124171
3000.0,5.459861041e-07,0.0713510733
3000.0,5.459716431e-07,0.07135122367
3000.0,5.45962076e-07,0.07135051258
3000.0,5.459444927e-07,0.07135018981
3000.0,5.459999404e-07,0.07135002661
3000.0,5.459887212e-07,0.07134998364
3000.0,5.459534447e-07,0.07134976248
Freq,3000,Rs,0.071351486735625,1.177926181127415e-06,Ls,5.459748031375e-07,1.6099995345678343e-11
":SOUR:DCS:STAT OFF;:BIAS:STAT OFF;:COMP:BIN:COUN:CLE;:LIST:CLE:ALL;:COMP:BIN:CLE;:AMPL:ALC ON;:APER LONG,16;:BIAS:POL:AUTO OFF;:BIAS:RANG:AUTO ON;:BIAS:VOLT:LEV 0;:COMP:ABIN OFF;:COMP:BIN:COUN:STAT OFF;:COMP:MODE PTOL;:COMP:SLIM -9.9e+037,9.9e+037;:COMP:STAT OFF;:COMP:SWAP OFF;:COMP:TOL:NOM 0;:CURR:LEV 0.1;:DISP:ENAB ON;:DISP:LINE """";:DISP:WIND:TEXT1:DATA:FMSD:DATA 1e-009;:DISP:WIND:TEXT2:DATA:FMSD:DATA 1e-009;:FORM:ASC:LONG ON;:FORM:BORD NORM;:FORM:DATA ASC,64;:FREQ:CW 3000;:FUNC:DEV1:MODE OFF;:FUNC:DEV1:REF:VAL 0;:FUNC:DEV2:MODE OFF;:FUNC:DEV2:REF:VAL 0;:FUNC:IMP:TYPE LSRS;:FUNC:SMON:IDC:STAT OFF;:FUNC:SMON:VDC:STAT OFF;:INIT:CONT OFF;:LIST:MODE SEQ;:LIST:STIM:TYPE FREQ,NONE;:SOUR:DCS:VOLT:LEV 0;:TRIG:DEL 0;:TRIG:SOUR INT;:TRIG:TDEL 0;:DISP:WIND:TEXT1:DATA:FMSD:STAT OFF;:DISP:WIND:TEXT2:DATA:FMSD:STAT OFF;:FUNC:DCR:RANG:VAL 100;:FUNC:IMP:RANG:VAL 0.1;:OUTP:DC:ISOL:LEV:VAL 0.1;:OUTP:DC:ISOL:STAT OFF;:FUNC:DCR:RANG:AUTO ON;:FUNC:IMP:RANG:AUTO ON;:OUTP:DC:ISOL:LEV:AUTO ON;:DISP:PAGE MEASurement;
"
5000.0,5.45843256e-07,0.07139066285
5000.0,5.458350893e-07,0.07139057417
5000.0,5.458480709e-07,0.07139092982
5000.0,5.458453694e-07,0.07138939505
5000.0,5.458384563e-07,0.07138863073
5000.0,5.458471375e-07,0.0713894055
5000.0,5.458529784e-07,0.07138843446
5000.0,5.458529529e-07,0.07138796496
5000.0,5.458257443e-07,0.07138788179
5000.0,5.45844234e-07,0.07138775127
5000.0,5.458400691e-07,0.07138742215
5000.0,5.458540639e-07,0.07138713099
5000.0,5.458424905e-07,0.07138702158
5000.0,5.458475645e-07,0.07138638547
5000.0,5.458424923e-07,0.07138615267
5000.0,5.458452681e-07,0.07138591997
Freq,5000,Rs,0.071388228964375,1.6008261394002227e-06,Ls,5.458440773375e-07,7.1580881109249855e-12
":SOUR:DCS:STAT OFF;:BIAS:STAT OFF;:COMP:BIN:COUN:CLE;:LIST:CLE:ALL;:COMP:BIN:CLE;:AMPL:ALC ON;:APER LONG,16;:BIAS:POL:AUTO OFF;:BIAS:RANG:AUTO ON;:BIAS:VOLT:LEV 0;:COMP:ABIN OFF;:COMP:BIN:COUN:STAT OFF;:COMP:MODE PTOL;:COMP:SLIM -9.9e+037,9.9e+037;:COMP:STAT OFF;:COMP:SWAP OFF;:COMP:TOL:NOM 0;:CURR:LEV 0.1;:DISP:ENAB ON;:DISP:LINE """";:DISP:WIND:TEXT1:DATA:FMSD:DATA 1e-009;:DISP:WIND:TEXT2:DATA:FMSD:DATA 1e-009;:FORM:ASC:LONG ON;:FORM:BORD NORM;:FORM:DATA ASC,64;:FREQ:CW 5000;:FUNC:DEV1:MODE OFF;:FUNC:DEV1:REF:VAL 0;:FUNC:DEV2:MODE OFF;:FUNC:DEV2:REF:VAL 0;:FUNC:IMP:TYPE LSRS;:FUNC:SMON:IDC:STAT OFF;:FUNC:SMON:VDC:STAT OFF;:INIT:CONT OFF;:LIST:MODE SEQ;:LIST:STIM:TYPE FREQ,NONE;:SOUR:DCS:VOLT:LEV 0;:TRIG:DEL 0;:TRIG:SOUR INT;:TRIG:TDEL 0;:DISP:WIND:TEXT1:DATA:FMSD:STAT OFF;:DISP:WIND:TEXT2:DATA:FMSD:STAT OFF;:FUNC:DCR:RANG:VAL 100;:FUNC:IMP:RANG:VAL 0.1;:OUTP:DC:ISOL:LEV:VAL 0.1;:OUTP:DC:ISOL:STAT OFF;:FUNC:DCR:RANG:AUTO ON;:FUNC:IMP:RANG:AUTO ON;:OUTP:DC:ISOL:LEV:AUTO ON;:DISP:PAGE MEASurement;
"
":SOUR:DCS:STAT OFF;:BIAS:STAT OFF;:COMP:BIN:COUN:CLE;:LIST:CLE:ALL;:COMP:BIN:CLE;:AMPL:ALC ON;:APER LONG,16;:BIAS:POL:AUTO OFF;:BIAS:RANG:AUTO ON;:BIAS:VOLT:LEV 0;:COMP:ABIN OFF;:COMP:BIN:COUN:STAT OFF;:COMP:MODE PTOL;:COMP:SLIM -9.9e+037,9.9e+037;:COMP:STAT OFF;:COMP:SWAP OFF;:COMP:TOL:NOM 0;:CURR:LEV 0.1;:DISP:ENAB ON;:DISP:LINE """";:DISP:WIND:TEXT1:DATA:FMSD:DATA 1e-009;:DISP:WIND:TEXT2:DATA:FMSD:DATA 1e-009;:FORM:ASC:LONG ON;:FORM:BORD NORM;:FORM:DATA ASC,64;:FREQ:CW 5000;:FUNC:DEV1:MODE OFF;:FUNC:DEV1:REF:VAL 0;:FUNC:DEV2:MODE OFF;:FUNC:DEV2:REF:VAL 0;:FUNC:IMP:TYPE LSRS;:FUNC:SMON:IDC:STAT OFF;:FUNC:SMON:VDC:STAT OFF;:INIT:CONT OFF;:LIST:MODE SEQ;:LIST:STIM:TYPE FREQ,NONE;:SOUR:DCS:VOLT:LEV 0;:TRIG:DEL 0;:TRIG:SOUR INT;:TRIG:TDEL 0;:DISP:WIND:TEXT1:DATA:FMSD:STAT OFF;:DISP:WIND:TEXT2:DATA:FMSD:STAT OFF;:FUNC:DCR:RANG:VAL 100;:FUNC:IMP:RANG:VAL 0.1;:OUTP:DC:ISOL:LEV:VAL 0.1;:OUTP:DC:ISOL:STAT OFF;:FUNC:DCR:RANG:AUTO ON;:FUNC:IMP:RANG:AUTO ON;:OUTP:DC:ISOL:LEV:AUTO ON;:DISP:PAGE MEASurement;
"
2022-09-23,14:31:59
---------run finished---------
lcr name:,KeySight E4980A
Name and description of Resistor under test: ,4T-F(BPO)+F(BPO)-M(BPO)+M(BPO)-F(BPO_zero)==BNC-BPO Zero
GPIB source:,<bound method MessageBasedResource.read of <'GPIBInstrument'('GPIB0::17::INSTR')>>
2022-09-23,15:03:51
select the freq range,"[50, 100, 200, 300, 500, 800, 1000, 1591.5494309189535, 2000, 3000, 5000]"
50.0,1.488623383e-07,0.003677800605
50.0,1.451317932e-07,0.003676083054
50.0,1.416384242e-07,0.003674624859
50.0,1.405572012e-07,0.003673214937
50.0,1.336131215e-07,0.003669762806
50.0,1.312662478e-07,0.003664419369
50.0,1.406522766e-07,0.003661176278
50.0,1.507340315e-07,0.003661861002
50.0,1.448230387e-07,0.00366420431
50.0,1.331616078e-07,0.003661217179
50.0,1.34407123e-07,0.003656713708
50.0,1.407368652e-07,0.00365478345
50.0,1.474462072e-07,0.003654543115
50.0,1.513625417e-07,0.003657044979
50.0,1.43684285e-07,0.003657390822
50.0,1.322648378e-07,0.003654048664
Freq,50,Rs,0.0036636805710625,8.184935522239296e-06,Ls,1.4127137129375e-07,6.705884132844753e-09
":SOUR:DCS:STAT OFF;:BIAS:STAT OFF;:COMP:BIN:COUN:CLE;:LIST:CLE:ALL;:COMP:BIN:CLE;:AMPL:ALC ON;:APER LONG,16;:BIAS:POL:AUTO OFF;:BIAS:RANG:AUTO ON;:BIAS:VOLT:LEV 0;:COMP:ABIN OFF;:COMP:BIN:COUN:STAT OFF;:COMP:MODE PTOL;:COMP:SLIM -9.9e+037,9.9e+037;:COMP:STAT OFF;:COMP:SWAP OFF;:COMP:TOL:NOM 0;:CURR:LEV 0.1;:DISP:ENAB ON;:DISP:LINE """";:DISP:WIND:TEXT1:DATA:FMSD:DATA 1e-009;:DISP:WIND:TEXT2:DATA:FMSD:DATA 1e-009;:FORM:ASC:LONG ON;:FORM:BORD NORM;:FORM:DATA ASC,64;:FREQ:CW 50;:FUNC:DEV1:MODE OFF;:FUNC:DEV1:REF:VAL 0;:FUNC:DEV2:MODE OFF;:FUNC:DEV2:REF:VAL 0;:FUNC:IMP:TYPE LSRS;:FUNC:SMON:IDC:STAT OFF;:FUNC:SMON:VDC:STAT OFF;:INIT:CONT OFF;:LIST:MODE SEQ;:LIST:STIM:TYPE FREQ,NONE;:SOUR:DCS:VOLT:LEV 0;:TRIG:DEL 0;:TRIG:SOUR INT;:TRIG:TDEL 0;:DISP:WIND:TEXT1:DATA:FMSD:STAT OFF;:DISP:WIND:TEXT2:DATA:FMSD:STAT OFF;:FUNC:DCR:RANG:VAL 100;:FUNC:IMP:RANG:VAL 0.1;:OUTP:DC:ISOL:LEV:VAL 0.1;:OUTP:DC:ISOL:STAT OFF;:FUNC:DCR:RANG:AUTO ON;:FUNC:IMP:RANG:AUTO ON;:OUTP:DC:ISOL:LEV:AUTO ON;:DISP:PAGE MEASurement;
"
100.0,9.383633967e-08,0.003632612488
100.0,9.363027536e-08,0.003631464945
100.0,9.29932902e-08,0.003630728467
100.0,9.301012752e-08,0.003629714486
100.0,9.342168363e-08,0.003629181486
100.0,9.38827251e-08,0.003628776532
100.0,9.343295623e-08,0.003627927666
100.0,9.292685549e-08,0.003627627112
100.0,9.300236968e-08,0.003627019819
100.0,9.364535104e-08,0.003626377267
100.0,9.361401315e-08,0.003625590471
100.0,9.4111067e-08,0.003624786437
100.0,9.343198396e-08,0.003624695105
100.0,9.338083856e-08,0.003623908148
100.0,9.298297964e-08,0.003623656587
100.0,9.377899609e-08,0.003622729961
Freq,100,Rs,0.0036272998110624998,2.9664210250681608e-06,Ls,9.344261577e-08,3.7227941158367977e-10
":SOUR:DCS:STAT OFF;:BIAS:STAT OFF;:COMP:BIN:COUN:CLE;:LIST:CLE:ALL;:COMP:BIN:CLE;:AMPL:ALC ON;:APER LONG,16;:BIAS:POL:AUTO OFF;:BIAS:RANG:AUTO ON;:BIAS:VOLT:LEV 0;:COMP:ABIN OFF;:COMP:BIN:COUN:STAT OFF;:COMP:MODE PTOL;:COMP:SLIM -9.9e+037,9.9e+037;:COMP:STAT OFF;:COMP:SWAP OFF;:COMP:TOL:NOM 0;:CURR:LEV 0.1;:DISP:ENAB ON;:DISP:LINE """";:DISP:WIND:TEXT1:DATA:FMSD:DATA 1e-009;:DISP:WIND:TEXT2:DATA:FMSD:DATA 1e-009;:FORM:ASC:LONG ON;:FORM:BORD NORM;:FORM:DATA ASC,64;:FREQ:CW 100;:FUNC:DEV1:MODE OFF;:FUNC:DEV1:REF:VAL 0;:FUNC:DEV2:MODE OFF;:FUNC:DEV2:REF:VAL 0;:FUNC:IMP:TYPE LSRS;:FUNC:SMON:IDC:STAT OFF;:FUNC:SMON:VDC:STAT OFF;:INIT:CONT OFF;:LIST:MODE SEQ;:LIST:STIM:TYPE FREQ,NONE;:SOUR:DCS:VOLT:LEV 0;:TRIG:DEL 0;:TRIG:SOUR INT;:TRIG:TDEL 0;:DISP:WIND:TEXT1:DATA:FMSD:STAT OFF;:DISP:WIND:TEXT2:DATA:FMSD:STAT OFF;:FUNC:DCR:RANG:VAL 100;:FUNC:IMP:RANG:VAL 0.1;:OUTP:DC:ISOL:LEV:VAL 0.1;:OUTP:DC:ISOL:STAT OFF;:FUNC:DCR:RANG:AUTO ON;:FUNC:IMP:RANG:AUTO ON;:OUTP:DC:ISOL:LEV:AUTO ON;:DISP:PAGE MEASurement;
"
200.0,9.145613827e-08,0.003643951432
200.0,9.147398453e-08,0.003642890454
200.0,9.131676786e-08,0.00364235016
200.0,9.110164412e-08,0.003642310108
200.0,9.148152449e-08,0.003641694618
200.0,9.14327949e-08,0.003641389876
200.0,9.1653536e-08,0.003640689675
200.0,9.134074757e-08,0.00364026974
200.0,9.131804402e-08,0.00363977064
200.0,9.159441297e-08,0.003639718451
200.0,9.174792539e-08,0.003639547969
200.0,9.150615627e-08,0.003639060923
200.0,9.126924249e-08,0.003638559943
200.0,9.165119038e-08,0.00363827906
200.0,9.133397084e-08,0.003637959827
200.0,9.154132137e-08,0.003637229043
Freq,200,Rs,0.0036403544949375,1.936725777106619e-06,Ls,9.145121259187501e-08,1.672281065230237e-10
":SOUR:DCS:STAT OFF;:BIAS:STAT OFF;:COMP:BIN:COUN:CLE;:LIST:CLE:ALL;:COMP:BIN:CLE;:AMPL:ALC ON;:APER LONG,16;:BIAS:POL:AUTO OFF;:BIAS:RANG:AUTO ON;:BIAS:VOLT:LEV 0;:COMP:ABIN OFF;:COMP:BIN:COUN:STAT OFF;:COMP:MODE PTOL;:COMP:SLIM -9.9e+037,9.9e+037;:COMP:STAT OFF;:COMP:SWAP OFF;:COMP:TOL:NOM 0;:CURR:LEV 0.1;:DISP:ENAB ON;:DISP:LINE """";:DISP:WIND:TEXT1:DATA:FMSD:DATA 1e-009;:DISP:WIND:TEXT2:DATA:FMSD:DATA 1e-009;:FORM:ASC:LONG ON;:FORM:BORD NORM;:FORM:DATA ASC,64;:FREQ:CW 200;:FUNC:DEV1:MODE OFF;:FUNC:DEV1:REF:VAL 0;:FUNC:DEV2:MODE OFF;:FUNC:DEV2:REF:VAL 0;:FUNC:IMP:TYPE LSRS;:FUNC:SMON:IDC:STAT OFF;:FUNC:SMON:VDC:STAT OFF;:INIT:CONT OFF;:LIST:MODE SEQ;:LIST:STIM:TYPE FREQ,NONE;:SOUR:DCS:VOLT:LEV 0;:TRIG:DEL 0;:TRIG:SOUR INT;:TRIG:TDEL 0;:DISP:WIND:TEXT1:DATA:FMSD:STAT OFF;:DISP:WIND:TEXT2:DATA:FMSD:STAT OFF;:FUNC:DCR:RANG:VAL 100;:FUNC:IMP:RANG:VAL 0.1;:OUTP:DC:ISOL:LEV:VAL 0.1;:OUTP:DC:ISOL:STAT OFF;:FUNC:DCR:RANG:AUTO ON;:FUNC:IMP:RANG:AUTO ON;:OUTP:DC:ISOL:LEV:AUTO ON;:DISP:PAGE MEASurement;
"
300.0,7.798513225e-08,0.003643885082
300.0,7.804799175e-08,0.00364684996
300.0,7.811025656e-08,0.003642948632
300.0,7.816475197e-08,0.003641845957
300.0,7.818320167e-08,0.003641162027
300.0,7.816210263e-08,0.003640368585
300.0,7.8056191e-08,0.003639773999
300.0,7.800969709e-08,0.003639116145
300.0,7.807237567e-08,0.003638434086
300.0,7.804403661e-08,0.003637816376
300.0,7.812577486e-08,0.003637717478
300.0,7.796586521e-08,0.00363670169
300.0,7.806479052e-08,0.003636789091
300.0,7.818273521e-08,0.003636344822
300.0,7.811698918e-08,0.003635564623
300.0,7.814184836e-08,0.003635545133
Freq,300,Rs,0.003639428980375,3.2426013542478775e-06,Ls,7.808960878375e-08,6.928162966170699e-11
":SOUR:DCS:STAT OFF;:BIAS:STAT OFF;:COMP:BIN:COUN:CLE;:LIST:CLE:ALL;:COMP:BIN:CLE;:AMPL:ALC ON;:APER LONG,16;:BIAS:POL:AUTO OFF;:BIAS:RANG:AUTO ON;:BIAS:VOLT:LEV 0;:COMP:ABIN OFF;:COMP:BIN:COUN:STAT OFF;:COMP:MODE PTOL;:COMP:SLIM -9.9e+037,9.9e+037;:COMP:STAT OFF;:COMP:SWAP OFF;:COMP:TOL:NOM 0;:CURR:LEV 0.1;:DISP:ENAB ON;:DISP:LINE """";:DISP:WIND:TEXT1:DATA:FMSD:DATA 1e-009;:DISP:WIND:TEXT2:DATA:FMSD:DATA 1e-009;:FORM:ASC:LONG ON;:FORM:BORD NORM;:FORM:DATA ASC,64;:FREQ:CW 300;:FUNC:DEV1:MODE OFF;:FUNC:DEV1:REF:VAL 0;:FUNC:DEV2:MODE OFF;:FUNC:DEV2:REF:VAL 0;:FUNC:IMP:TYPE LSRS;:FUNC:SMON:IDC:STAT OFF;:FUNC:SMON:VDC:STAT OFF;:INIT:CONT OFF;:LIST:MODE SEQ;:LIST:STIM:TYPE FREQ,NONE;:SOUR:DCS:VOLT:LEV 0;:TRIG:DEL 0;:TRIG:SOUR INT;:TRIG:TDEL 0;:DISP:WIND:TEXT1:DATA:FMSD:STAT OFF;:DISP:WIND:TEXT2:DATA:FMSD:STAT OFF;:FUNC:DCR:RANG:VAL 100;:FUNC:IMP:RANG:VAL 0.1;:OUTP:DC:ISOL:LEV:VAL 0.1;:OUTP:DC:ISOL:STAT OFF;:FUNC:DCR:RANG:AUTO ON;:FUNC:IMP:RANG:AUTO ON;:OUTP:DC:ISOL:LEV:AUTO ON;:DISP:PAGE MEASurement;
"
500.0,7.105712305e-08,0.003645677243
500.0,7.105744419e-08,0.003645348478
500.0,7.104706398e-08,0.003645093643
500.0,7.104307839e-08,0.003644746094
500.0,7.10454098e-08,0.003644378242
500.0,7.103837918e-08,0.003644093424
500.0,7.095140871e-08,0.003643696172
500.0,7.108110566e-08,0.003643502575
500.0,7.102432536e-08,0.003643061746
500.0,7.108246915e-08,0.003643141458
500.0,7.101934006e-08,0.003642698648
500.0,7.105765416e-08,0.003642458627
500.0,7.115076444e-08,0.003642217063
500.0,7.101426959e-08,0.003641879596
500.0,7.105952133e-08,0.003641911739
500.0,7.102409623e-08,0.00364163547
Freq,500,Rs,0.003643471263625,1.3093603582898677e-06,Ls,7.104709083e-08,4.145281240471278e-11
":SOUR:DCS:STAT OFF;:BIAS:STAT OFF;:COMP:BIN:COUN:CLE;:LIST:CLE:ALL;:COMP:BIN:CLE;:AMPL:ALC ON;:APER LONG,16;:BIAS:POL:AUTO OFF;:BIAS:RANG:AUTO ON;:BIAS:VOLT:LEV 0;:COMP:ABIN OFF;:COMP:BIN:COUN:STAT OFF;:COMP:MODE PTOL;:COMP:SLIM -9.9e+037,9.9e+037;:COMP:STAT OFF;:COMP:SWAP OFF;:COMP:TOL:NOM 0;:CURR:LEV 0.1;:DISP:ENAB ON;:DISP:LINE """";:DISP:WIND:TEXT1:DATA:FMSD:DATA 1e-009;:DISP:WIND:TEXT2:DATA:FMSD:DATA 1e-009;:FORM:ASC:LONG ON;:FORM:BORD NORM;:FORM:DATA ASC,64;:FREQ:CW 500;:FUNC:DEV1:MODE OFF;:FUNC:DEV1:REF:VAL 0;:FUNC:DEV2:MODE OFF;:FUNC:DEV2:REF:VAL 0;:FUNC:IMP:TYPE LSRS;:FUNC:SMON:IDC:STAT OFF;:FUNC:SMON:VDC:STAT OFF;:INIT:CONT OFF;:LIST:MODE SEQ;:LIST:STIM:TYPE FREQ,NONE;:SOUR:DCS:VOLT:LEV 0;:TRIG:DEL 0;:TRIG:SOUR INT;:TRIG:TDEL 0;:DISP:WIND:TEXT1:DATA:FMSD:STAT OFF;:DISP:WIND:TEXT2:DATA:FMSD:STAT OFF;:FUNC:DCR:RANG:VAL 100;:FUNC:IMP:RANG:VAL 0.1;:OUTP:DC:ISOL:LEV:VAL 0.1;:OUTP:DC:ISOL:STAT OFF;:FUNC:DCR:RANG:AUTO ON;:FUNC:IMP:RANG:AUTO ON;:OUTP:DC:ISOL:LEV:AUTO ON;:DISP:PAGE MEASurement;
"
800.0,6.879563058e-08,0.003650271006
800.0,6.879923551e-08,0.003649675295
800.0,6.878949803e-08,0.003649749394
800.0,6.877040869e-08,0.003649268929
800.0,6.878813646e-08,0.003649455349
800.0,6.879804769e-08,0.003649077045
800.0,6.876265147e-08,0.003648825384
800.0,6.878554796e-08,0.003648515422
800.0,6.879152532e-08,0.003648511009
800.0,6.877527632e-08,0.003648279212
800.0,6.876243484e-08,0.003648098913
800.0,6.880137305e-08,0.003647969014
800.0,6.880740465e-08,0.003647487268
800.0,6.884645849e-08,0.003647326778
800.0,6.87921018e-08,0.003647342231
800.0,6.879998909e-08,0.003647101342
Freq,800,Rs,0.0036485595994374996,9.714389389533317e-07,Ls,6.879160749687501e-08,1.99978426672772e-11
":SOUR:DCS:STAT OFF;:BIAS:STAT OFF;:COMP:BIN:COUN:CLE;:LIST:CLE:ALL;:COMP:BIN:CLE;:AMPL:ALC ON;:APER LONG,16;:BIAS:POL:AUTO OFF;:BIAS:RANG:AUTO ON;:BIAS:VOLT:LEV 0;:COMP:ABIN OFF;:COMP:BIN:COUN:STAT OFF;:COMP:MODE PTOL;:COMP:SLIM -9.9e+037,9.9e+037;:COMP:STAT OFF;:COMP:SWAP OFF;:COMP:TOL:NOM 0;:CURR:LEV 0.1;:DISP:ENAB ON;:DISP:LINE """";:DISP:WIND:TEXT1:DATA:FMSD:DATA 1e-009;:DISP:WIND:TEXT2:DATA:FMSD:DATA 1e-009;:FORM:ASC:LONG ON;:FORM:BORD NORM;:FORM:DATA ASC,64;:FREQ:CW 800;:FUNC:DEV1:MODE OFF;:FUNC:DEV1:REF:VAL 0;:FUNC:DEV2:MODE OFF;:FUNC:DEV2:REF:VAL 0;:FUNC:IMP:TYPE LSRS;:FUNC:SMON:IDC:STAT OFF;:FUNC:SMON:VDC:STAT OFF;:INIT:CONT OFF;:LIST:MODE SEQ;:LIST:STIM:TYPE FREQ,NONE;:SOUR:DCS:VOLT:LEV 0;:TRIG:DEL 0;:TRIG:SOUR INT;:TRIG:TDEL 0;:DISP:WIND:TEXT1:DATA:FMSD:STAT OFF;:DISP:WIND:TEXT2:DATA:FMSD:STAT OFF;:FUNC:DCR:RANG:VAL 100;:FUNC:IMP:RANG:VAL 0.1;:OUTP:DC:ISOL:LEV:VAL 0.1;:OUTP:DC:ISOL:STAT OFF;:FUNC:DCR:RANG:AUTO ON;:FUNC:IMP:RANG:AUTO ON;:OUTP:DC:ISOL:LEV:AUTO ON;:DISP:PAGE MEASurement;
"
1000.0,6.79066806e-08,0.003638217764
1000.0,6.790952721e-08,0.003638010418
1000.0,6.790906511e-08,0.003638010411
1000.0,6.79388051e-08,0.003637824429
1000.0,6.793239503e-08,0.003637520706
1000.0,6.790074415e-08,0.00363752618
1000.0,6.791740106e-08,0.003637299494
1000.0,6.790894218e-08,0.003636871789
1000.0,6.7900086e-08,0.003636689941
1000.0,6.791667809e-08,0.003636505637
1000.0,6.791784296e-08,0.003636251542
1000.0,6.791172941e-08,0.003636371308
1000.0,6.78997242e-08,0.003635971897
1000.0,6.788611654e-08,0.0036358443
1000.0,6.791726539e-08,0.003635841343
1000.0,6.792085885e-08,0.003635545154
Freq,1000,Rs,0.0036368938945625,8.879258170498922e-07,Ls,6.791211636749999e-08,1.2825463669042028e-11
":SOUR:DCS:STAT OFF;:BIAS:STAT OFF;:COMP:BIN:COUN:CLE;:LIST:CLE:ALL;:COMP:BIN:CLE;:AMPL:ALC ON;:APER LONG,16;:BIAS:POL:AUTO OFF;:BIAS:RANG:AUTO ON;:BIAS:VOLT:LEV 0;:COMP:ABIN OFF;:COMP:BIN:COUN:STAT OFF;:COMP:MODE PTOL;:COMP:SLIM -9.9e+037,9.9e+037;:COMP:STAT OFF;:COMP:SWAP OFF;:COMP:TOL:NOM 0;:CURR:LEV 0.1;:DISP:ENAB ON;:DISP:LINE """";:DISP:WIND:TEXT1:DATA:FMSD:DATA 1e-009;:DISP:WIND:TEXT2:DATA:FMSD:DATA 1e-009;:FORM:ASC:LONG ON;:FORM:BORD NORM;:FORM:DATA ASC,64;:FREQ:CW 1000;:FUNC:DEV1:MODE OFF;:FUNC:DEV1:REF:VAL 0;:FUNC:DEV2:MODE OFF;:FUNC:DEV2:REF:VAL 0;:FUNC:IMP:TYPE LSRS;:FUNC:SMON:IDC:STAT OFF;:FUNC:SMON:VDC:STAT OFF;:INIT:CONT OFF;:LIST:MODE SEQ;:LIST:STIM:TYPE FREQ,NONE;:SOUR:DCS:VOLT:LEV 0;:TRIG:DEL 0;:TRIG:SOUR INT;:TRIG:TDEL 0;:DISP:WIND:TEXT1:DATA:FMSD:STAT OFF;:DISP:WIND:TEXT2:DATA:FMSD:STAT OFF;:FUNC:DCR:RANG:VAL 100;:FUNC:IMP:RANG:VAL 0.1;:OUTP:DC:ISOL:LEV:VAL 0.1;:OUTP:DC:ISOL:STAT OFF;:FUNC:DCR:RANG:AUTO ON;:FUNC:IMP:RANG:AUTO ON;:OUTP:DC:ISOL:LEV:AUTO ON;:DISP:PAGE MEASurement;
"
1591.5494309189535,6.771003476e-08,0.003633870701
1591.5494309189535,6.769702063e-08,0.003633621672
1591.5494309189535,6.771293744e-08,0.00363353958
1591.5494309189535,6.77150017e-08,0.003633629475
1591.5494309189535,6.772092549e-08,0.003633065623
1591.5494309189535,6.770391805e-08,0.003633057772
1591.5494309189535,6.771040719e-08,0.003633042104
1591.5494309189535,6.773315737e-08,0.003632856839
1591.5494309189535,6.770855191e-08,0.003632505633
1591.5494309189535,6.771207439e-08,0.003632319449
1591.5494309189535,6.770850282e-08,0.003632251653
1591.5494309189535,6.772534025e-08,0.00363211726
1591.5494309189535,6.772651638e-08,0.003632060154
1591.5494309189535,6.772418603e-08,0.003631770405
1591.5494309189535,6.771221682e-08,0.003631694351
1591.5494309189535,6.769655649e-08,0.003631509491
Freq,1591.5494309189535,Rs,0.0036326820101249997,7.577319131259414e-07,Ls,6.77135842325e-08,1.0305308241423466e-11
":SOUR:DCS:STAT OFF;:BIAS:STAT OFF;:COMP:BIN:COUN:CLE;:LIST:CLE:ALL;:COMP:BIN:CLE;:AMPL:ALC ON;:APER LONG,16;:BIAS:POL:AUTO OFF;:BIAS:RANG:AUTO ON;:BIAS:VOLT:LEV 0;:COMP:ABIN OFF;:COMP:BIN:COUN:STAT OFF;:COMP:MODE PTOL;:COMP:SLIM -9.9e+037,9.9e+037;:COMP:STAT OFF;:COMP:SWAP OFF;:COMP:TOL:NOM 0;:CURR:LEV 0.1;:DISP:ENAB ON;:DISP:LINE """";:DISP:WIND:TEXT1:DATA:FMSD:DATA 1e-009;:DISP:WIND:TEXT2:DATA:FMSD:DATA 1e-009;:FORM:ASC:LONG ON;:FORM:BORD NORM;:FORM:DATA ASC,64;:FREQ:CW 1592;:FUNC:DEV1:MODE OFF;:FUNC:DEV1:REF:VAL 0;:FUNC:DEV2:MODE OFF;:FUNC:DEV2:REF:VAL 0;:FUNC:IMP:TYPE LSRS;:FUNC:SMON:IDC:STAT OFF;:FUNC:SMON:VDC:STAT OFF;:INIT:CONT OFF;:LIST:MODE SEQ;:LIST:STIM:TYPE FREQ,NONE;:SOUR:DCS:VOLT:LEV 0;:TRIG:DEL 0;:TRIG:SOUR INT;:TRIG:TDEL 0;:DISP:WIND:TEXT1:DATA:FMSD:STAT OFF;:DISP:WIND:TEXT2:DATA:FMSD:STAT OFF;:FUNC:DCR:RANG:VAL 100;:FUNC:IMP:RANG:VAL 0.1;:OUTP:DC:ISOL:LEV:VAL 0.1;:OUTP:DC:ISOL:STAT OFF;:FUNC:DCR:RANG:AUTO ON;:FUNC:IMP:RANG:AUTO ON;:OUTP:DC:ISOL:LEV:AUTO ON;:DISP:PAGE MEASurement;
"
2000.0,6.817271872e-08,0.00363879437
2000.0,6.81729236e-08,0.003638553688
2000.0,6.816215045e-08,0.003638410949
2000.0,6.817716035e-08,0.003638329755
2000.0,6.817122554e-08,0.003638054682
2000.0,6.817566635e-08,0.003638016303
2000.0,6.816028165e-08,0.003637921601
2000.0,6.817950835e-08,0.0036376597
2000.0,6.816131955e-08,0.003637474191
2000.0,6.816456335e-08,0.003637531126
2000.0,6.816844716e-08,0.003637240936
2000.0,6.816694518e-08,0.003637258525
2000.0,6.817730898e-08,0.003636704808
2000.0,6.815757068e-08,0.003636765315
2000.0,6.817141178e-08,0.00363669632
2000.0,6.81738584e-08,0.003636519938
Freq,2000,Rs,0.0036376207629375,7.189669275767111e-07,Ls,6.8169566255625e-08,6.761259563182662e-12
":SOUR:DCS:STAT OFF;:BIAS:STAT OFF;:COMP:BIN:COUN:CLE;:LIST:CLE:ALL;:COMP:BIN:CLE;:AMPL:ALC ON;:APER LONG,16;:BIAS:POL:AUTO OFF;:BIAS:RANG:AUTO ON;:BIAS:VOLT:LEV 0;:COMP:ABIN OFF;:COMP:BIN:COUN:STAT OFF;:COMP:MODE PTOL;:COMP:SLIM -9.9e+037,9.9e+037;:COMP:STAT OFF;:COMP:SWAP OFF;:COMP:TOL:NOM 0;:CURR:LEV 0.1;:DISP:ENAB ON;:DISP:LINE """";:DISP:WIND:TEXT1:DATA:FMSD:DATA 1e-009;:DISP:WIND:TEXT2:DATA:FMSD:DATA 1e-009;:FORM:ASC:LONG ON;:FORM:BORD NORM;:FORM:DATA ASC,64;:FREQ:CW 2000;:FUNC:DEV1:MODE OFF;:FUNC:DEV1:REF:VAL 0;:FUNC:DEV2:MODE OFF;:FUNC:DEV2:REF:VAL 0;:FUNC:IMP:TYPE LSRS;:FUNC:SMON:IDC:STAT OFF;:FUNC:SMON:VDC:STAT OFF;:INIT:CONT OFF;:LIST:MODE SEQ;:LIST:STIM:TYPE FREQ,NONE;:SOUR:DCS:VOLT:LEV 0;:TRIG:DEL 0;:TRIG:SOUR INT;:TRIG:TDEL 0;:DISP:WIND:TEXT1:DATA:FMSD:STAT OFF;:DISP:WIND:TEXT2:DATA:FMSD:STAT OFF;:FUNC:DCR:RANG:VAL 100;:FUNC:IMP:RANG:VAL 0.1;:OUTP:DC:ISOL:LEV:VAL 0.1;:OUTP:DC:ISOL:STAT OFF;:FUNC:DCR:RANG:AUTO ON;:FUNC:IMP:RANG:AUTO ON;:OUTP:DC:ISOL:LEV:AUTO ON;:DISP:PAGE MEASurement;
"
3000.0,6.81488289e-08,0.003640996289
3000.0,6.817687198e-08,0.003640576582
3000.0,6.817893788e-08,0.0036404494
3000.0,6.817897828e-08,0.003640486011
3000.0,6.818720232e-08,0.00364040397
3000.0,6.818071848e-08,0.003640348045
3000.0,6.819151811e-08,0.003640124167
3000.0,6.82065863e-08,0.003639900059
3000.0,6.81903953e-08,0.003639931593
3000.0,6.817997464e-08,0.003639650727
3000.0,6.819934894e-08,0.003639370906
3000.0,6.818277936e-08,0.00363919471
3000.0,6.818437468e-08,0.003639171616
3000.0,6.817348352e-08,0.003639011879
3000.0,6.819542024e-08,0.003638697353
3000.0,6.817967816e-08,0.003638850235
Freq,3000,Rs,0.003639822721375,7.034424542962517e-07,Ls,6.8183443568125e-08,1.2846296977007871e-11
":SOUR:DCS:STAT OFF;:BIAS:STAT OFF;:COMP:BIN:COUN:CLE;:LIST:CLE:ALL;:COMP:BIN:CLE;:AMPL:ALC ON;:APER LONG,16;:BIAS:POL:AUTO OFF;:BIAS:RANG:AUTO ON;:BIAS:VOLT:LEV 0;:COMP:ABIN OFF;:COMP:BIN:COUN:STAT OFF;:COMP:MODE PTOL;:COMP:SLIM -9.9e+037,9.9e+037;:COMP:STAT OFF;:COMP:SWAP OFF;:COMP:TOL:NOM 0;:CURR:LEV 0.1;:DISP:ENAB ON;:DISP:LINE """";:DISP:WIND:TEXT1:DATA:FMSD:DATA 1e-009;:DISP:WIND:TEXT2:DATA:FMSD:DATA 1e-009;:FORM:ASC:LONG ON;:FORM:BORD NORM;:FORM:DATA ASC,64;:FREQ:CW 3000;:FUNC:DEV1:MODE OFF;:FUNC:DEV1:REF:VAL 0;:FUNC:DEV2:MODE OFF;:FUNC:DEV2:REF:VAL 0;:FUNC:IMP:TYPE LSRS;:FUNC:SMON:IDC:STAT OFF;:FUNC:SMON:VDC:STAT OFF;:INIT:CONT OFF;:LIST:MODE SEQ;:LIST:STIM:TYPE FREQ,NONE;:SOUR:DCS:VOLT:LEV 0;:TRIG:DEL 0;:TRIG:SOUR INT;:TRIG:TDEL 0;:DISP:WIND:TEXT1:DATA:FMSD:STAT OFF;:DISP:WIND:TEXT2:DATA:FMSD:STAT OFF;:FUNC:DCR:RANG:VAL 100;:FUNC:IMP:RANG:VAL 0.1;:OUTP:DC:ISOL:LEV:VAL 0.1;:OUTP:DC:ISOL:STAT OFF;:FUNC:DCR:RANG:AUTO ON;:FUNC:IMP:RANG:AUTO ON;:OUTP:DC:ISOL:LEV:AUTO ON;:DISP:PAGE MEASurement;
"
5000.0,6.763045356e-08,0.003681359059
5000.0,6.763944268e-08,0.003681428047
5000.0,6.762947892e-08,0.003681604189
5000.0,6.762799111e-08,0.003681271498
5000.0,6.76334872e-08,0.003681175359
5000.0,6.764025727e-08,0.003681276992
5000.0,6.76317544e-08,0.003680920447
5000.0,6.764710967e-08,0.003680976011
5000.0,6.763760546e-08,0.003680449106
5000.0,6.763268399e-08,0.003680538878
5000.0,6.764447331e-08,0.003680387697
5000.0,6.763048043e-08,0.003680361005
5000.0,6.764616369e-08,0.003680086365
5000.0,6.762104499e-08,0.003679758447
5000.0,6.762907761e-08,0.003679832271
5000.0,6.76367592e-08,0.003679720209
Freq,5000,Rs,0.00368069659875,6.361043715395093e-07,Ls,6.7634891468125e-08,7.242437911235727e-12
":SOUR:DCS:STAT OFF;:BIAS:STAT OFF;:COMP:BIN:COUN:CLE;:LIST:CLE:ALL;:COMP:BIN:CLE;:AMPL:ALC ON;:APER LONG,16;:BIAS:POL:AUTO OFF;:BIAS:RANG:AUTO ON;:BIAS:VOLT:LEV 0;:COMP:ABIN OFF;:COMP:BIN:COUN:STAT OFF;:COMP:MODE PTOL;:COMP:SLIM -9.9e+037,9.9e+037;:COMP:STAT OFF;:COMP:SWAP OFF;:COMP:TOL:NOM 0;:CURR:LEV 0.1;:DISP:ENAB ON;:DISP:LINE """";:DISP:WIND:TEXT1:DATA:FMSD:DATA 1e-009;:DISP:WIND:TEXT2:DATA:FMSD:DATA 1e-009;:FORM:ASC:LONG ON;:FORM:BORD NORM;:FORM:DATA ASC,64;:FREQ:CW 5000;:FUNC:DEV1:MODE OFF;:FUNC:DEV1:REF:VAL 0;:FUNC:DEV2:MODE OFF;:FUNC:DEV2:REF:VAL 0;:FUNC:IMP:TYPE LSRS;:FUNC:SMON:IDC:STAT OFF;:FUNC:SMON:VDC:STAT OFF;:INIT:CONT OFF;:LIST:MODE SEQ;:LIST:STIM:TYPE FREQ,NONE;:SOUR:DCS:VOLT:LEV 0;:TRIG:DEL 0;:TRIG:SOUR INT;:TRIG:TDEL 0;:DISP:WIND:TEXT1:DATA:FMSD:STAT OFF;:DISP:WIND:TEXT2:DATA:FMSD:STAT OFF;:FUNC:DCR:RANG:VAL 100;:FUNC:IMP:RANG:VAL 0.1;:OUTP:DC:ISOL:LEV:VAL 0.1;:OUTP:DC:ISOL:STAT OFF;:FUNC:DCR:RANG:AUTO ON;:FUNC:IMP:RANG:AUTO ON;:OUTP:DC:ISOL:LEV:AUTO ON;:DISP:PAGE MEASurement;
"
":SOUR:DCS:STAT OFF;:BIAS:STAT OFF;:COMP:BIN:COUN:CLE;:LIST:CLE:ALL;:COMP:BIN:CLE;:AMPL:ALC ON;:APER LONG,16;:BIAS:POL:AUTO OFF;:BIAS:RANG:AUTO ON;:BIAS:VOLT:LEV 0;:COMP:ABIN OFF;:COMP:BIN:COUN:STAT OFF;:COMP:MODE PTOL;:COMP:SLIM -9.9e+037,9.9e+037;:COMP:STAT OFF;:COMP:SWAP OFF;:COMP:TOL:NOM 0;:CURR:LEV 0.1;:DISP:ENAB ON;:DISP:LINE """";:DISP:WIND:TEXT1:DATA:FMSD:DATA 1e-009;:DISP:WIND:TEXT2:DATA:FMSD:DATA 1e-009;:FORM:ASC:LONG ON;:FORM:BORD NORM;:FORM:DATA ASC,64;:FREQ:CW 5000;:FUNC:DEV1:MODE OFF;:FUNC:DEV1:REF:VAL 0;:FUNC:DEV2:MODE OFF;:FUNC:DEV2:REF:VAL 0;:FUNC:IMP:TYPE LSRS;:FUNC:SMON:IDC:STAT OFF;:FUNC:SMON:VDC:STAT OFF;:INIT:CONT OFF;:LIST:MODE SEQ;:LIST:STIM:TYPE FREQ,NONE;:SOUR:DCS:VOLT:LEV 0;:TRIG:DEL 0;:TRIG:SOUR INT;:TRIG:TDEL 0;:DISP:WIND:TEXT1:DATA:FMSD:STAT OFF;:DISP:WIND:TEXT2:DATA:FMSD:STAT OFF;:FUNC:DCR:RANG:VAL 100;:FUNC:IMP:RANG:VAL 0.1;:OUTP:DC:ISOL:LEV:VAL 0.1;:OUTP:DC:ISOL:STAT OFF;:FUNC:DCR:RANG:AUTO ON;:FUNC:IMP:RANG:AUTO ON;:OUTP:DC:ISOL:LEV:AUTO ON;:DISP:PAGE MEASurement;
"
2022-09-23,15:15:09
---------run finished---------
lcr name:,KeySight E4980A
Name and description of Resistor under test: ,WE1R
GPIB source:,<bound method MessageBasedResource.read of <'GPIBInstrument'('GPIB0::17::INSTR')>>
2022-09-23,15:51:14
select the freq range,"[50, 100, 200, 300, 500, 800, 1000, 1591.5494309189535, 2000, 3000, 5000]"
50.0,4.388924666e-07,0.04618948037
50.0,4.328673729e-07,0.04616683986
50.0,4.32401418e-07,0.04614672005
50.0,4.30541197e-07,0.04612939333
50.0,4.302479566e-07,0.04611402959
50.0,4.330870525e-07,0.04610044376
50.0,4.353964618e-07,0.04608834823
50.0,4.354634909e-07,0.04607809539
50.0,4.325206738e-07,0.04606999008
50.0,4.263923731e-07,0.04606011827
50.0,4.189659926e-07,0.04604941926
50.0,4.174429479e-07,0.04603862918
50.0,4.204053389e-07,0.04602949052
50.0,4.251292571e-07,0.04648507192
50.0,4.300351384e-07,0.04954808964
50.0,4.288486161e-07,0.04903243248
Freq,50,Rs,0.046520411995625,0.001090533325837882,Ls,4.292898596375e-07,6.163104379199526e-09
":SOUR:DCS:STAT OFF;:BIAS:STAT OFF;:COMP:BIN:COUN:CLE;:LIST:CLE:ALL;:COMP:BIN:CLE;:AMPL:ALC ON;:APER LONG,16;:BIAS:POL:AUTO OFF;:BIAS:RANG:AUTO ON;:BIAS:VOLT:LEV 0;:COMP:ABIN OFF;:COMP:BIN:COUN:STAT OFF;:COMP:MODE PTOL;:COMP:SLIM -9.9e+037,9.9e+037;:COMP:STAT OFF;:COMP:SWAP OFF;:COMP:TOL:NOM 0;:CURR:LEV 0.1;:DISP:ENAB ON;:DISP:LINE """";:DISP:WIND:TEXT1:DATA:FMSD:DATA 1e-009;:DISP:WIND:TEXT2:DATA:FMSD:DATA 1e-009;:FORM:ASC:LONG ON;:FORM:BORD NORM;:FORM:DATA ASC,64;:FREQ:CW 50;:FUNC:DEV1:MODE OFF;:FUNC:DEV1:REF:VAL 0;:FUNC:DEV2:MODE OFF;:FUNC:DEV2:REF:VAL 0;:FUNC:IMP:TYPE LSRS;:FUNC:SMON:IDC:STAT OFF;:FUNC:SMON:VDC:STAT OFF;:INIT:CONT OFF;:LIST:MODE SEQ;:LIST:STIM:TYPE FREQ,NONE;:SOUR:DCS:VOLT:LEV 0;:TRIG:DEL 0;:TRIG:SOUR INT;:TRIG:TDEL 0;:DISP:WIND:TEXT1:DATA:FMSD:STAT OFF;:DISP:WIND:TEXT2:DATA:FMSD:STAT OFF;:FUNC:DCR:RANG:VAL 100;:FUNC:IMP:RANG:VAL 0.1;:OUTP:DC:ISOL:LEV:VAL 0.1;:OUTP:DC:ISOL:STAT OFF;:FUNC:DCR:RANG:AUTO ON;:FUNC:IMP:RANG:AUTO ON;:OUTP:DC:ISOL:LEV:AUTO ON;:DISP:PAGE MEASurement;
"
100.0,3.921868737e-07,0.04869988515
100.0,3.916983165e-07,0.04860743886
100.0,3.930579013e-07,0.04852265877
100.0,3.926777877e-07,0.04846032579
100.0,3.915136611e-07,0.04840712567
100.0,3.915176674e-07,0.04836291806
100.0,3.922365785e-07,0.04832640722
100.0,3.93392025e-07,0.04829169922
100.0,3.920084653e-07,0.04825115635
100.0,3.914825518e-07,0.04823104695
100.0,3.920739991e-07,0.0482043209
100.0,3.924394846e-07,0.04818508746
100.0,3.918819996e-07,0.04816757184
100.0,3.925057309e-07,0.0481841485
100.0,3.918533306e-07,0.04803519567
100.0,3.92087849e-07,0.04793910524
Freq,100,Rs,0.048304755728124996,0.00020105916093870614,Ls,3.9216338888125e-07,5.4806256000447e-10
":SOUR:DCS:STAT OFF;:BIAS:STAT OFF;:COMP:BIN:COUN:CLE;:LIST:CLE:ALL;:COMP:BIN:CLE;:AMPL:ALC ON;:APER LONG,16;:BIAS:POL:AUTO OFF;:BIAS:RANG:AUTO ON;:BIAS:VOLT:LEV 0;:COMP:ABIN OFF;:COMP:BIN:COUN:STAT OFF;:COMP:MODE PTOL;:COMP:SLIM -9.9e+037,9.9e+037;:COMP:STAT OFF;:COMP:SWAP OFF;:COMP:TOL:NOM 0;:CURR:LEV 0.1;:DISP:ENAB ON;:DISP:LINE """";:DISP:WIND:TEXT1:DATA:FMSD:DATA 1e-009;:DISP:WIND:TEXT2:DATA:FMSD:DATA 1e-009;:FORM:ASC:LONG ON;:FORM:BORD NORM;:FORM:DATA ASC,64;:FREQ:CW 100;:FUNC:DEV1:MODE OFF;:FUNC:DEV1:REF:VAL 0;:FUNC:DEV2:MODE OFF;:FUNC:DEV2:REF:VAL 0;:FUNC:IMP:TYPE LSRS;:FUNC:SMON:IDC:STAT OFF;:FUNC:SMON:VDC:STAT OFF;:INIT:CONT OFF;:LIST:MODE SEQ;:LIST:STIM:TYPE FREQ,NONE;:SOUR:DCS:VOLT:LEV 0;:TRIG:DEL 0;:TRIG:SOUR INT;:TRIG:TDEL 0;:DISP:WIND:TEXT1:DATA:FMSD:STAT OFF;:DISP:WIND:TEXT2:DATA:FMSD:STAT OFF;:FUNC:DCR:RANG:VAL 100;:FUNC:IMP:RANG:VAL 0.1;:OUTP:DC:ISOL:LEV:VAL 0.1;:OUTP:DC:ISOL:STAT OFF;:FUNC:DCR:RANG:AUTO ON;:FUNC:IMP:RANG:AUTO ON;:OUTP:DC:ISOL:LEV:AUTO ON;:DISP:PAGE MEASurement;
"
200.0,3.915759458e-07,0.04819357951
200.0,3.914122777e-07,0.04807612522
200.0,3.914723539e-07,0.04800910109
200.0,3.919316553e-07,0.04795967341
200.0,3.913129314e-07,0.04791951923
200.0,3.917057019e-07,0.04788318413
200.0,3.91429368e-07,0.04786001078
200.0,3.912349864e-07,0.04784027121
200.0,3.914967791e-07,0.04782139856
200.0,3.914320934e-07,0.04780423703
200.0,3.915842854e-07,0.04778610293
200.0,3.914453742e-07,0.04776649908
200.0,3.915766912e-07,0.04774674865
200.0,3.91393843e-07,0.04773003253
200.0,3.91518552e-07,0.04771626464
200.0,3.915045197e-07,0.04770635266
Freq,200,Rs,0.047863693791249995,0.00013836903209249463,Ls,3.9150170989999997e-07,1.6026248302214002e-10
":SOUR:DCS:STAT OFF;:BIAS:STAT OFF;:COMP:BIN:COUN:CLE;:LIST:CLE:ALL;:COMP:BIN:CLE;:AMPL:ALC ON;:APER LONG,16;:BIAS:POL:AUTO OFF;:BIAS:RANG:AUTO ON;:BIAS:VOLT:LEV 0;:COMP:ABIN OFF;:COMP:BIN:COUN:STAT OFF;:COMP:MODE PTOL;:COMP:SLIM -9.9e+037,9.9e+037;:COMP:STAT OFF;:COMP:SWAP OFF;:COMP:TOL:NOM 0;:CURR:LEV 0.1;:DISP:ENAB ON;:DISP:LINE """";:DISP:WIND:TEXT1:DATA:FMSD:DATA 1e-009;:DISP:WIND:TEXT2:DATA:FMSD:DATA 1e-009;:FORM:ASC:LONG ON;:FORM:BORD NORM;:FORM:DATA ASC,64;:FREQ:CW 200;:FUNC:DEV1:MODE OFF;:FUNC:DEV1:REF:VAL 0;:FUNC:DEV2:MODE OFF;:FUNC:DEV2:REF:VAL 0;:FUNC:IMP:TYPE LSRS;:FUNC:SMON:IDC:STAT OFF;:FUNC:SMON:VDC:STAT OFF;:INIT:CONT OFF;:LIST:MODE SEQ;:LIST:STIM:TYPE FREQ,NONE;:SOUR:DCS:VOLT:LEV 0;:TRIG:DEL 0;:TRIG:SOUR INT;:TRIG:TDEL 0;:DISP:WIND:TEXT1:DATA:FMSD:STAT OFF;:DISP:WIND:TEXT2:DATA:FMSD:STAT OFF;:FUNC:DCR:RANG:VAL 100;:FUNC:IMP:RANG:VAL 0.1;:OUTP:DC:ISOL:LEV:VAL 0.1;:OUTP:DC:ISOL:STAT OFF;:FUNC:DCR:RANG:AUTO ON;:FUNC:IMP:RANG:AUTO ON;:OUTP:DC:ISOL:LEV:AUTO ON;:DISP:PAGE MEASurement;
"
300.0,3.803024693e-07,0.04769157131
300.0,3.802742797e-07,0.04767810469
300.0,3.803776071e-07,0.04766426558
300.0,3.802407001e-07,0.04764972429
300.0,3.803421606e-07,0.04763832895
300.0,3.802954547e-07,0.04762988905
300.0,3.803814222e-07,0.04762318961
300.0,3.80322316e-07,0.04761558388
300.0,3.802870852e-07,0.04760768845
300.0,3.801763083e-07,0.04759843649
300.0,3.80412292e-07,0.04758975049
300.0,3.804190414e-07,0.04758123071
300.0,3.802307062e-07,0.04757271663
300.0,3.803153877e-07,0.0475659156
300.0,3.803072189e-07,0.04755965488
300.0,3.803014116e-07,0.04755404625
Freq,300,Rs,0.04761375605375,4.271465945968903e-05,Ls,3.803116163125e-07,6.547925902050242e-11
":SOUR:DCS:STAT OFF;:BIAS:STAT OFF;:COMP:BIN:COUN:CLE;:LIST:CLE:ALL;:COMP:BIN:CLE;:AMPL:ALC ON;:APER LONG,16;:BIAS:POL:AUTO OFF;:BIAS:RANG:AUTO ON;:BIAS:VOLT:LEV 0;:COMP:ABIN OFF;:COMP:BIN:COUN:STAT OFF;:COMP:MODE PTOL;:COMP:SLIM -9.9e+037,9.9e+037;:COMP:STAT OFF;:COMP:SWAP OFF;:COMP:TOL:NOM 0;:CURR:LEV 0.1;:DISP:ENAB ON;:DISP:LINE """";:DISP:WIND:TEXT1:DATA:FMSD:DATA 1e-009;:DISP:WIND:TEXT2:DATA:FMSD:DATA 1e-009;:FORM:ASC:LONG ON;:FORM:BORD NORM;:FORM:DATA ASC,64;:FREQ:CW 300;:FUNC:DEV1:MODE OFF;:FUNC:DEV1:REF:VAL 0;:FUNC:DEV2:MODE OFF;:FUNC:DEV2:REF:VAL 0;:FUNC:IMP:TYPE LSRS;:FUNC:SMON:IDC:STAT OFF;:FUNC:SMON:VDC:STAT OFF;:INIT:CONT OFF;:LIST:MODE SEQ;:LIST:STIM:TYPE FREQ,NONE;:SOUR:DCS:VOLT:LEV 0;:TRIG:DEL 0;:TRIG:SOUR INT;:TRIG:TDEL 0;:DISP:WIND:TEXT1:DATA:FMSD:STAT OFF;:DISP:WIND:TEXT2:DATA:FMSD:STAT OFF;:FUNC:DCR:RANG:VAL 100;:FUNC:IMP:RANG:VAL 0.1;:OUTP:DC:ISOL:LEV:VAL 0.1;:OUTP:DC:ISOL:STAT OFF;:FUNC:DCR:RANG:AUTO ON;:FUNC:IMP:RANG:AUTO ON;:OUTP:DC:ISOL:LEV:AUTO ON;:DISP:PAGE MEASurement;
"
500.0,3.747352349e-07,0.04755496238
500.0,3.747233011e-07,0.04755065373
500.0,3.747182545e-07,0.04754572381
500.0,3.748043069e-07,0.0475396122
500.0,3.747341969e-07,0.04753322251
500.0,3.746352399e-07,0.04752657167
500.0,3.747541537e-07,0.04752014394
500.0,3.746726056e-07,0.04751441527
500.0,3.747792111e-07,0.04750835714
500.0,3.747025178e-07,0.0475021324
500.0,3.747229094e-07,0.04749622899
500.0,3.746691162e-07,0.04749087416
500.0,3.748223714e-07,0.04748584853
500.0,3.747710173e-07,0.04748067344
500.0,3.747657815e-07,0.04747686134
500.0,3.747500502e-07,0.04747298315
Freq,500,Rs,0.04751245404125,2.732416732953878e-05,Ls,3.74735016775e-07,4.968903975843462e-11
":SOUR:DCS:STAT OFF;:BIAS:STAT OFF;:COMP:BIN:COUN:CLE;:LIST:CLE:ALL;:COMP:BIN:CLE;:AMPL:ALC ON;:APER LONG,16;:BIAS:POL:AUTO OFF;:BIAS:RANG:AUTO ON;:BIAS:VOLT:LEV 0;:COMP:ABIN OFF;:COMP:BIN:COUN:STAT OFF;:COMP:MODE PTOL;:COMP:SLIM -9.9e+037,9.9e+037;:COMP:STAT OFF;:COMP:SWAP OFF;:COMP:TOL:NOM 0;:CURR:LEV 0.1;:DISP:ENAB ON;:DISP:LINE """";:DISP:WIND:TEXT1:DATA:FMSD:DATA 1e-009;:DISP:WIND:TEXT2:DATA:FMSD:DATA 1e-009;:FORM:ASC:LONG ON;:FORM:BORD NORM;:FORM:DATA ASC,64;:FREQ:CW 500;:FUNC:DEV1:MODE OFF;:FUNC:DEV1:REF:VAL 0;:FUNC:DEV2:MODE OFF;:FUNC:DEV2:REF:VAL 0;:FUNC:IMP:TYPE LSRS;:FUNC:SMON:IDC:STAT OFF;:FUNC:SMON:VDC:STAT OFF;:INIT:CONT OFF;:LIST:MODE SEQ;:LIST:STIM:TYPE FREQ,NONE;:SOUR:DCS:VOLT:LEV 0;:TRIG:DEL 0;:TRIG:SOUR INT;:TRIG:TDEL 0;:DISP:WIND:TEXT1:DATA:FMSD:STAT OFF;:DISP:WIND:TEXT2:DATA:FMSD:STAT OFF;:FUNC:DCR:RANG:VAL 100;:FUNC:IMP:RANG:VAL 0.1;:OUTP:DC:ISOL:LEV:VAL 0.1;:OUTP:DC:ISOL:STAT OFF;:FUNC:DCR:RANG:AUTO ON;:FUNC:IMP:RANG:AUTO ON;:OUTP:DC:ISOL:LEV:AUTO ON;:DISP:PAGE MEASurement;
"
800.0,3.730418237e-07,0.04747399559
800.0,3.730682379e-07,0.04747024412
800.0,3.730302973e-07,0.04746596162
800.0,3.730177514e-07,0.0474626293
800.0,3.730566316e-07,0.04745948567
800.0,3.730404004e-07,0.04745569155
800.0,3.730056562e-07,0.04745246911
800.0,3.730254115e-07,0.04744947792
800.0,3.729997338e-07,0.04744632974
800.0,3.730357953e-07,0.04744335775
800.0,3.730597075e-07,0.04744098931
800.0,3.730551095e-07,0.04743831885
800.0,3.730711645e-07,0.04743511139
800.0,3.730143199e-07,0.04743215448
800.0,3.730565053e-07,0.04742940033
800.0,3.730557661e-07,0.04742659407
Freq,800,Rs,0.047448888175,1.4824297363723188e-05,Ls,3.7303964449375e-07,2.2307448720470186e-11
":SOUR:DCS:STAT OFF;:BIAS:STAT OFF;:COMP:BIN:COUN:CLE;:LIST:CLE:ALL;:COMP:BIN:CLE;:AMPL:ALC ON;:APER LONG,16;:BIAS:POL:AUTO OFF;:BIAS:RANG:AUTO ON;:BIAS:VOLT:LEV 0;:COMP:ABIN OFF;:COMP:BIN:COUN:STAT OFF;:COMP:MODE PTOL;:COMP:SLIM -9.9e+037,9.9e+037;:COMP:STAT OFF;:COMP:SWAP OFF;:COMP:TOL:NOM 0;:CURR:LEV 0.1;:DISP:ENAB ON;:DISP:LINE """";:DISP:WIND:TEXT1:DATA:FMSD:DATA 1e-009;:DISP:WIND:TEXT2:DATA:FMSD:DATA 1e-009;:FORM:ASC:LONG ON;:FORM:BORD NORM;:FORM:DATA ASC,64;:FREQ:CW 800;:FUNC:DEV1:MODE OFF;:FUNC:DEV1:REF:VAL 0;:FUNC:DEV2:MODE OFF;:FUNC:DEV2:REF:VAL 0;:FUNC:IMP:TYPE LSRS;:FUNC:SMON:IDC:STAT OFF;:FUNC:SMON:VDC:STAT OFF;:INIT:CONT OFF;:LIST:MODE SEQ;:LIST:STIM:TYPE FREQ,NONE;:SOUR:DCS:VOLT:LEV 0;:TRIG:DEL 0;:TRIG:SOUR INT;:TRIG:TDEL 0;:DISP:WIND:TEXT1:DATA:FMSD:STAT OFF;:DISP:WIND:TEXT2:DATA:FMSD:STAT OFF;:FUNC:DCR:RANG:VAL 100;:FUNC:IMP:RANG:VAL 0.1;:OUTP:DC:ISOL:LEV:VAL 0.1;:OUTP:DC:ISOL:STAT OFF;:FUNC:DCR:RANG:AUTO ON;:FUNC:IMP:RANG:AUTO ON;:OUTP:DC:ISOL:LEV:AUTO ON;:DISP:PAGE MEASurement;
"
1000.0,3.723772374e-07,0.04741317608
1000.0,3.723857984e-07,0.04741008478
1000.0,3.723907212e-07,0.04740678283
1000.0,3.723693446e-07,0.04740363164
1000.0,3.723945781e-07,0.04740015927
1000.0,3.723649242e-07,0.04739629039
1000.0,3.723715517e-07,0.04739273646
1000.0,3.723616209e-07,0.04738953259
1000.0,3.723965329e-07,0.04738650053
1000.0,3.723749521e-07,0.04738343389
1000.0,3.723838151e-07,0.04738038256
1000.0,3.723756779e-07,0.04737785838
1000.0,3.723780223e-07,0.04737532237
1000.0,3.723951448e-07,0.04737247229
1000.0,3.723579116e-07,0.04736943324
1000.0,3.723790422e-07,0.04736613904
Freq,1000,Rs,0.04738899602125,1.4950223181437621e-05,Ls,3.7237855471250003e-07,1.1942707377356799e-11
":SOUR:DCS:STAT OFF;:BIAS:STAT OFF;:COMP:BIN:COUN:CLE;:LIST:CLE:ALL;:COMP:BIN:CLE;:AMPL:ALC ON;:APER LONG,16;:BIAS:POL:AUTO OFF;:BIAS:RANG:AUTO ON;:BIAS:VOLT:LEV 0;:COMP:ABIN OFF;:COMP:BIN:COUN:STAT OFF;:COMP:MODE PTOL;:COMP:SLIM -9.9e+037,9.9e+037;:COMP:STAT OFF;:COMP:SWAP OFF;:COMP:TOL:NOM 0;:CURR:LEV 0.1;:DISP:ENAB ON;:DISP:LINE """";:DISP:WIND:TEXT1:DATA:FMSD:DATA 1e-009;:DISP:WIND:TEXT2:DATA:FMSD:DATA 1e-009;:FORM:ASC:LONG ON;:FORM:BORD NORM;:FORM:DATA ASC,64;:FREQ:CW 1000;:FUNC:DEV1:MODE OFF;:FUNC:DEV1:REF:VAL 0;:FUNC:DEV2:MODE OFF;:FUNC:DEV2:REF:VAL 0;:FUNC:IMP:TYPE LSRS;:FUNC:SMON:IDC:STAT OFF;:FUNC:SMON:VDC:STAT OFF;:INIT:CONT OFF;:LIST:MODE SEQ;:LIST:STIM:TYPE FREQ,NONE;:SOUR:DCS:VOLT:LEV 0;:TRIG:DEL 0;:TRIG:SOUR INT;:TRIG:TDEL 0;:DISP:WIND:TEXT1:DATA:FMSD:STAT OFF;:DISP:WIND:TEXT2:DATA:FMSD:STAT OFF;:FUNC:DCR:RANG:VAL 100;:FUNC:IMP:RANG:VAL 0.1;:OUTP:DC:ISOL:LEV:VAL 0.1;:OUTP:DC:ISOL:STAT OFF;:FUNC:DCR:RANG:AUTO ON;:FUNC:IMP:RANG:AUTO ON;:OUTP:DC:ISOL:LEV:AUTO ON;:DISP:PAGE MEASurement;
"
1591.5494309189535,3.724357213e-07,0.0473614841
1591.5494309189535,3.724310334e-07,0.04735842624
1591.5494309189535,3.724318775e-07,0.04735632115
1591.5494309189535,3.724179377e-07,0.04735454743
1591.5494309189535,3.724065169e-07,0.04735290612
1591.5494309189535,3.724220755e-07,0.04735151006
1591.5494309189535,3.719525737e-07,0.04681609436
1591.5494309189535,3.719765346e-07,0.04712834272
1591.5494309189535,3.722734831e-07,0.04785115134
1591.5494309189535,3.722572786e-07,0.04772148537
1591.5494309189535,3.7223765e-07,0.0476522956
1591.5494309189535,3.722211447e-07,0.04760183472
1591.5494309189535,3.722025936e-07,0.04756001242
1591.5494309189535,3.722236057e-07,0.04752750992
1591.5494309189535,3.722137101e-07,0.04750132404
1591.5494309189535,3.722211917e-07,0.04747883493
Freq,1591.5494309189535,Rs,0.047435880032499995,0.00024159541174421982,Ls,3.7227030800625e-07,1.518734296866732e-10
":SOUR:DCS:STAT OFF;:BIAS:STAT OFF;:COMP:BIN:COUN:CLE;:LIST:CLE:ALL;:COMP:BIN:CLE;:AMPL:ALC ON;:APER LONG,16;:BIAS:POL:AUTO OFF;:BIAS:RANG:AUTO ON;:BIAS:VOLT:LEV 0;:COMP:ABIN OFF;:COMP:BIN:COUN:STAT OFF;:COMP:MODE PTOL;:COMP:SLIM -9.9e+037,9.9e+037;:COMP:STAT OFF;:COMP:SWAP OFF;:COMP:TOL:NOM 0;:CURR:LEV 0.1;:DISP:ENAB ON;:DISP:LINE """";:DISP:WIND:TEXT1:DATA:FMSD:DATA 1e-009;:DISP:WIND:TEXT2:DATA:FMSD:DATA 1e-009;:FORM:ASC:LONG ON;:FORM:BORD NORM;:FORM:DATA ASC,64;:FREQ:CW 1592;:FUNC:DEV1:MODE OFF;:FUNC:DEV1:REF:VAL 0;:FUNC:DEV2:MODE OFF;:FUNC:DEV2:REF:VAL 0;:FUNC:IMP:TYPE LSRS;:FUNC:SMON:IDC:STAT OFF;:FUNC:SMON:VDC:STAT OFF;:INIT:CONT OFF;:LIST:MODE SEQ;:LIST:STIM:TYPE FREQ,NONE;:SOUR:DCS:VOLT:LEV 0;:TRIG:DEL 0;:TRIG:SOUR INT;:TRIG:TDEL 0;:DISP:WIND:TEXT1:DATA:FMSD:STAT OFF;:DISP:WIND:TEXT2:DATA:FMSD:STAT OFF;:FUNC:DCR:RANG:VAL 100;:FUNC:IMP:RANG:VAL 0.1;:OUTP:DC:ISOL:LEV:VAL 0.1;:OUTP:DC:ISOL:STAT OFF;:FUNC:DCR:RANG:AUTO ON;:FUNC:IMP:RANG:AUTO ON;:OUTP:DC:ISOL:LEV:AUTO ON;:DISP:PAGE MEASurement;
"
2000.0,3.726933697e-07,0.04744947075
2000.0,3.726708058e-07,0.04743472143
2000.0,3.726721139e-07,0.04742272026
2000.0,3.726730235e-07,0.04740937726
2000.0,3.72664441e-07,0.04739739958
2000.0,3.726942574e-07,0.04738623523
2000.0,3.726743537e-07,0.04736981639
2000.0,3.726519878e-07,0.04735831395
2000.0,3.72675841e-07,0.04734633189
2000.0,3.726615193e-07,0.04733471507
2000.0,3.726642734e-07,0.0473234387
2000.0,3.726722139e-07,0.04731274389
2000.0,3.726456697e-07,0.04730246341
2000.0,3.726662231e-07,0.04729270868
2000.0,3.726474873e-07,0.04728271401
2000.0,3.726675868e-07,0.0472731671
Freq,2000,Rs,0.04735602109999999,5.6356506322131886e-05,Ls,3.7266844795625e-07,1.3533138069542791e-11
":SOUR:DCS:STAT OFF;:BIAS:STAT OFF;:COMP:BIN:COUN:CLE;:LIST:CLE:ALL;:COMP:BIN:CLE;:AMPL:ALC ON;:APER LONG,16;:BIAS:POL:AUTO OFF;:BIAS:RANG:AUTO ON;:BIAS:VOLT:LEV 0;:COMP:ABIN OFF;:COMP:BIN:COUN:STAT OFF;:COMP:MODE PTOL;:COMP:SLIM -9.9e+037,9.9e+037;:COMP:STAT OFF;:COMP:SWAP OFF;:COMP:TOL:NOM 0;:CURR:LEV 0.1;:DISP:ENAB ON;:DISP:LINE """";:DISP:WIND:TEXT1:DATA:FMSD:DATA 1e-009;:DISP:WIND:TEXT2:DATA:FMSD:DATA 1e-009;:FORM:ASC:LONG ON;:FORM:BORD NORM;:FORM:DATA ASC,64;:FREQ:CW 2000;:FUNC:DEV1:MODE OFF;:FUNC:DEV1:REF:VAL 0;:FUNC:DEV2:MODE OFF;:FUNC:DEV2:REF:VAL 0;:FUNC:IMP:TYPE LSRS;:FUNC:SMON:IDC:STAT OFF;:FUNC:SMON:VDC:STAT OFF;:INIT:CONT OFF;:LIST:MODE SEQ;:LIST:STIM:TYPE FREQ,NONE;:SOUR:DCS:VOLT:LEV 0;:TRIG:DEL 0;:TRIG:SOUR INT;:TRIG:TDEL 0;:DISP:WIND:TEXT1:DATA:FMSD:STAT OFF;:DISP:WIND:TEXT2:DATA:FMSD:STAT OFF;:FUNC:DCR:RANG:VAL 100;:FUNC:IMP:RANG:VAL 0.1;:OUTP:DC:ISOL:LEV:VAL 0.1;:OUTP:DC:ISOL:STAT OFF;:FUNC:DCR:RANG:AUTO ON;:FUNC:IMP:RANG:AUTO ON;:OUTP:DC:ISOL:LEV:AUTO ON;:DISP:PAGE MEASurement;
"
3000.0,3.727119128e-07,0.04726854437
3000.0,3.726831523e-07,0.0472610557
3000.0,3.72711503e-07,0.04725304024
3000.0,3.727065153e-07,0.04724599041
3000.0,3.72695672e-07,0.04723940126
3000.0,3.727152869e-07,0.04723161866
3000.0,3.726972451e-07,0.04722320964
3000.0,3.72682408e-07,0.04721728964
3000.0,3.726892498e-07,0.04719019992
3000.0,3.726806305e-07,0.04717350874
3000.0,3.726649248e-07,0.04716814257
3000.0,3.726791162e-07,0.04716220311
3000.0,3.726542783e-07,0.04715371022
3000.0,3.726671913e-07,0.0471452031
3000.0,3.726683337e-07,0.04713985124
3000.0,3.726607403e-07,0.04713513319
Freq,3000,Rs,0.047200506375625007,4.68704447582345e-05,Ls,3.7268551001875003e-07,1.945725949179421e-11
":SOUR:DCS:STAT OFF;:BIAS:STAT OFF;:COMP:BIN:COUN:CLE;:LIST:CLE:ALL;:COMP:BIN:CLE;:AMPL:ALC ON;:APER LONG,16;:BIAS:POL:AUTO OFF;:BIAS:RANG:AUTO ON;:BIAS:VOLT:LEV 0;:COMP:ABIN OFF;:COMP:BIN:COUN:STAT OFF;:COMP:MODE PTOL;:COMP:SLIM -9.9e+037,9.9e+037;:COMP:STAT OFF;:COMP:SWAP OFF;:COMP:TOL:NOM 0;:CURR:LEV 0.1;:DISP:ENAB ON;:DISP:LINE """";:DISP:WIND:TEXT1:DATA:FMSD:DATA 1e-009;:DISP:WIND:TEXT2:DATA:FMSD:DATA 1e-009;:FORM:ASC:LONG ON;:FORM:BORD NORM;:FORM:DATA ASC,64;:FREQ:CW 3000;:FUNC:DEV1:MODE OFF;:FUNC:DEV1:REF:VAL 0;:FUNC:DEV2:MODE OFF;:FUNC:DEV2:REF:VAL 0;:FUNC:IMP:TYPE LSRS;:FUNC:SMON:IDC:STAT OFF;:FUNC:SMON:VDC:STAT OFF;:INIT:CONT OFF;:LIST:MODE SEQ;:LIST:STIM:TYPE FREQ,NONE;:SOUR:DCS:VOLT:LEV 0;:TRIG:DEL 0;:TRIG:SOUR INT;:TRIG:TDEL 0;:DISP:WIND:TEXT1:DATA:FMSD:STAT OFF;:DISP:WIND:TEXT2:DATA:FMSD:STAT OFF;:FUNC:DCR:RANG:VAL 100;:FUNC:IMP:RANG:VAL 0.1;:OUTP:DC:ISOL:LEV:VAL 0.1;:OUTP:DC:ISOL:STAT OFF;:FUNC:DCR:RANG:AUTO ON;:FUNC:IMP:RANG:AUTO ON;:OUTP:DC:ISOL:LEV:AUTO ON;:DISP:PAGE MEASurement;
"
5000.0,3.719958627e-07,0.04707044463
5000.0,3.714572562e-07,0.04603468753
5000.0,3.714642323e-07,0.04601528951
5000.0,3.7146046e-07,0.04600078871
5000.0,3.714494971e-07,0.0459903116
5000.0,3.714656744e-07,0.0459821204
5000.0,3.714491235e-07,0.04597490502
5000.0,3.714626664e-07,0.04596900744
5000.0,3.714547204e-07,0.04596353961
5000.0,3.71464809e-07,0.04595775392
5000.0,3.714535213e-07,0.04595321475
5000.0,3.714549664e-07,0.04594949078
5000.0,3.714650122e-07,0.04594615083
5000.0,3.714585177e-07,0.04594219954
5000.0,3.714545561e-07,0.04593856016
5000.0,3.71447734e-07,0.04593547074
Freq,5000,Rs,0.046038995948125,0.0002765255694187666,Ls,3.7149116310625e-07,1.347169620017684e-10
":SOUR:DCS:STAT OFF;:BIAS:STAT OFF;:COMP:BIN:COUN:CLE;:LIST:CLE:ALL;:COMP:BIN:CLE;:AMPL:ALC ON;:APER LONG,16;:BIAS:POL:AUTO OFF;:BIAS:RANG:AUTO ON;:BIAS:VOLT:LEV 0;:COMP:ABIN OFF;:COMP:BIN:COUN:STAT OFF;:COMP:MODE PTOL;:COMP:SLIM -9.9e+037,9.9e+037;:COMP:STAT OFF;:COMP:SWAP OFF;:COMP:TOL:NOM 0;:CURR:LEV 0.1;:DISP:ENAB ON;:DISP:LINE """";:DISP:WIND:TEXT1:DATA:FMSD:DATA 1e-009;:DISP:WIND:TEXT2:DATA:FMSD:DATA 1e-009;:FORM:ASC:LONG ON;:FORM:BORD NORM;:FORM:DATA ASC,64;:FREQ:CW 5000;:FUNC:DEV1:MODE OFF;:FUNC:DEV1:REF:VAL 0;:FUNC:DEV2:MODE OFF;:FUNC:DEV2:REF:VAL 0;:FUNC:IMP:TYPE LSRS;:FUNC:SMON:IDC:STAT OFF;:FUNC:SMON:VDC:STAT OFF;:INIT:CONT OFF;:LIST:MODE SEQ;:LIST:STIM:TYPE FREQ,NONE;:SOUR:DCS:VOLT:LEV 0;:TRIG:DEL 0;:TRIG:SOUR INT;:TRIG:TDEL 0;:DISP:WIND:TEXT1:DATA:FMSD:STAT OFF;:DISP:WIND:TEXT2:DATA:FMSD:STAT OFF;:FUNC:DCR:RANG:VAL 100;:FUNC:IMP:RANG:VAL 0.1;:OUTP:DC:ISOL:LEV:VAL 0.1;:OUTP:DC:ISOL:STAT OFF;:FUNC:DCR:RANG:AUTO ON;:FUNC:IMP:RANG:AUTO ON;:OUTP:DC:ISOL:LEV:AUTO ON;:DISP:PAGE MEASurement;
"
":SOUR:DCS:STAT OFF;:BIAS:STAT OFF;:COMP:BIN:COUN:CLE;:LIST:CLE:ALL;:COMP:BIN:CLE;:AMPL:ALC ON;:APER LONG,16;:BIAS:POL:AUTO OFF;:BIAS:RANG:AUTO ON;:BIAS:VOLT:LEV 0;:COMP:ABIN OFF;:COMP:BIN:COUN:STAT OFF;:COMP:MODE PTOL;:COMP:SLIM -9.9e+037,9.9e+037;:COMP:STAT OFF;:COMP:SWAP OFF;:COMP:TOL:NOM 0;:CURR:LEV 0.1;:DISP:ENAB ON;:DISP:LINE """";:DISP:WIND:TEXT1:DATA:FMSD:DATA 1e-009;:DISP:WIND:TEXT2:DATA:FMSD:DATA 1e-009;:FORM:ASC:LONG ON;:FORM:BORD NORM;:FORM:DATA ASC,64;:FREQ:CW 5000;:FUNC:DEV1:MODE OFF;:FUNC:DEV1:REF:VAL 0;:FUNC:DEV2:MODE OFF;:FUNC:DEV2:REF:VAL 0;:FUNC:IMP:TYPE LSRS;:FUNC:SMON:IDC:STAT OFF;:FUNC:SMON:VDC:STAT OFF;:INIT:CONT OFF;:LIST:MODE SEQ;:LIST:STIM:TYPE FREQ,NONE;:SOUR:DCS:VOLT:LEV 0;:TRIG:DEL 0;:TRIG:SOUR INT;:TRIG:TDEL 0;:DISP:WIND:TEXT1:DATA:FMSD:STAT OFF;:DISP:WIND:TEXT2:DATA:FMSD:STAT OFF;:FUNC:DCR:RANG:VAL 100;:FUNC:IMP:RANG:VAL 0.1;:OUTP:DC:ISOL:LEV:VAL 0.1;:OUTP:DC:ISOL:STAT OFF;:FUNC:DCR:RANG:AUTO ON;:FUNC:IMP:RANG:AUTO ON;:OUTP:DC:ISOL:LEV:AUTO ON;:DISP:PAGE MEASurement;
"
2022-09-23,16:02:32
---------run finished---------
lcr name:,KeySight E4980A
Name and description of Resistor under test: ,WM1R
GPIB source:,<bound method MessageBasedResource.read of <'GPIBInstrument'('GPIB0::17::INSTR')>>
2022-09-23,16:03:37
select the freq range,"[50, 100, 200, 300, 500, 800, 1000, 1591.5494309189535, 2000, 3000, 5000]"
50.0,4.212944708e-07,0.04608220184
50.0,4.183595146e-07,0.04609826836
50.0,4.181626223e-07,0.04623255506
50.0,4.280717048e-07,0.04632477823
50.0,4.303669101e-07,0.04637457586
50.0,4.270951483e-07,0.04634075826
50.0,4.273039156e-07,0.04622897868
50.0,4.297860763e-07,0.04617410198
50.0,4.338385231e-07,0.04610073817
50.0,4.395975142e-07,0.04608137897
50.0,4.326843672e-07,0.04603892343
50.0,4.309433026e-07,0.04600752151
50.0,4.225993992e-07,0.04598278286
50.0,4.197862245e-07,0.04598647123
50.0,4.213135521e-07,0.04593822484
50.0,4.166087218e-07,0.04591347111
Freq,50,Rs,0.046119108149375004,0.00014566622775163116,Ls,4.2611324796875e-07,6.623795125636454e-09
":SOUR:DCS:STAT OFF;:BIAS:STAT OFF;:COMP:BIN:COUN:CLE;:LIST:CLE:ALL;:COMP:BIN:CLE;:AMPL:ALC ON;:APER LONG,16;:BIAS:POL:AUTO OFF;:BIAS:RANG:AUTO ON;:BIAS:VOLT:LEV 0;:COMP:ABIN OFF;:COMP:BIN:COUN:STAT OFF;:COMP:MODE PTOL;:COMP:SLIM -9.9e+037,9.9e+037;:COMP:STAT OFF;:COMP:SWAP OFF;:COMP:TOL:NOM 0;:CURR:LEV 0.1;:DISP:ENAB ON;:DISP:LINE """";:DISP:WIND:TEXT1:DATA:FMSD:DATA 1e-009;:DISP:WIND:TEXT2:DATA:FMSD:DATA 1e-009;:FORM:ASC:LONG ON;:FORM:BORD NORM;:FORM:DATA ASC,64;:FREQ:CW 50;:FUNC:DEV1:MODE OFF;:FUNC:DEV1:REF:VAL 0;:FUNC:DEV2:MODE OFF;:FUNC:DEV2:REF:VAL 0;:FUNC:IMP:TYPE LSRS;:FUNC:SMON:IDC:STAT OFF;:FUNC:SMON:VDC:STAT OFF;:INIT:CONT OFF;:LIST:MODE SEQ;:LIST:STIM:TYPE FREQ,NONE;:SOUR:DCS:VOLT:LEV 0;:TRIG:DEL 0;:TRIG:SOUR INT;:TRIG:TDEL 0;:DISP:WIND:TEXT1:DATA:FMSD:STAT OFF;:DISP:WIND:TEXT2:DATA:FMSD:STAT OFF;:FUNC:DCR:RANG:VAL 100;:FUNC:IMP:RANG:VAL 0.1;:OUTP:DC:ISOL:LEV:VAL 0.1;:OUTP:DC:ISOL:STAT OFF;:FUNC:DCR:RANG:AUTO ON;:FUNC:IMP:RANG:AUTO ON;:OUTP:DC:ISOL:LEV:AUTO ON;:DISP:PAGE MEASurement;
"
100.0,3.91023515e-07,0.04593078043
100.0,3.909153276e-07,0.04596953736
100.0,3.911497375e-07,0.04595340898
100.0,3.910156789e-07,0.045927231
100.0,3.912433948e-07,0.04593036213
100.0,3.902583796e-07,0.04602981529
100.0,3.916502856e-07,0.04578603025
100.0,3.912068893e-07,0.04575401331
100.0,3.904945592e-07,0.04572334066
100.0,3.909172326e-07,0.04569463396
100.0,3.909199811e-07,0.0456744441
100.0,3.909675274e-07,0.04566186459
100.0,3.91550049e-07,0.04564923202
100.0,3.907933023e-07,0.0456397211
100.0,3.915438756e-07,0.04563080156
100.0,3.903282056e-07,0.04562289561
Freq,100,Rs,0.045786132021875,0.0001448791099994554,Ls,3.9099862131874995e-07,4.055810695943783e-10
":SOUR:DCS:STAT OFF;:BIAS:STAT OFF;:COMP:BIN:COUN:CLE;:LIST:CLE:ALL;:COMP:BIN:CLE;:AMPL:ALC ON;:APER LONG,16;:BIAS:POL:AUTO OFF;:BIAS:RANG:AUTO ON;:BIAS:VOLT:LEV 0;:COMP:ABIN OFF;:COMP:BIN:COUN:STAT OFF;:COMP:MODE PTOL;:COMP:SLIM -9.9e+037,9.9e+037;:COMP:STAT OFF;:COMP:SWAP OFF;:COMP:TOL:NOM 0;:CURR:LEV 0.1;:DISP:ENAB ON;:DISP:LINE """";:DISP:WIND:TEXT1:DATA:FMSD:DATA 1e-009;:DISP:WIND:TEXT2:DATA:FMSD:DATA 1e-009;:FORM:ASC:LONG ON;:FORM:BORD NORM;:FORM:DATA ASC,64;:FREQ:CW 100;:FUNC:DEV1:MODE OFF;:FUNC:DEV1:REF:VAL 0;:FUNC:DEV2:MODE OFF;:FUNC:DEV2:REF:VAL 0;:FUNC:IMP:TYPE LSRS;:FUNC:SMON:IDC:STAT OFF;:FUNC:SMON:VDC:STAT OFF;:INIT:CONT OFF;:LIST:MODE SEQ;:LIST:STIM:TYPE FREQ,NONE;:SOUR:DCS:VOLT:LEV 0;:TRIG:DEL 0;:TRIG:SOUR INT;:TRIG:TDEL 0;:DISP:WIND:TEXT1:DATA:FMSD:STAT OFF;:DISP:WIND:TEXT2:DATA:FMSD:STAT OFF;:FUNC:DCR:RANG:VAL 100;:FUNC:IMP:RANG:VAL 0.1;:OUTP:DC:ISOL:LEV:VAL 0.1;:OUTP:DC:ISOL:STAT OFF;:FUNC:DCR:RANG:AUTO ON;:FUNC:IMP:RANG:AUTO ON;:OUTP:DC:ISOL:LEV:AUTO ON;:DISP:PAGE MEASurement;
"
200.0,3.891646121e-07,0.04563555411
200.0,3.892067307e-07,0.04562715939
200.0,3.889164552e-07,0.04562092767
200.0,3.89388663e-07,0.04561591008
200.0,3.890487745e-07,0.04561213403
200.0,3.889717793e-07,0.04560635235
200.0,3.89455097e-07,0.04559889153
200.0,3.891168038e-07,0.04559431874
200.0,3.889589617e-07,0.04559048675
200.0,3.89146104e-07,0.04558687932
200.0,3.892043192e-07,0.04558408709
200.0,3.889319487e-07,0.04557388154
200.0,3.891979793e-07,0.0455626896
200.0,3.891897821e-07,0.04555774545
200.0,3.891638158e-07,0.04555411124
200.0,3.892516746e-07,0.0455509765
Freq,200,Rs,0.045592006586875,2.6803291885780293e-05,Ls,3.8914459381250004e-07,1.532065771306776e-10
":SOUR:DCS:STAT OFF;:BIAS:STAT OFF;:COMP:BIN:COUN:CLE;:LIST:CLE:ALL;:COMP:BIN:CLE;:AMPL:ALC ON;:APER LONG,16;:BIAS:POL:AUTO OFF;:BIAS:RANG:AUTO ON;:BIAS:VOLT:LEV 0;:COMP:ABIN OFF;:COMP:BIN:COUN:STAT OFF;:COMP:MODE PTOL;:COMP:SLIM -9.9e+037,9.9e+037;:COMP:STAT OFF;:COMP:SWAP OFF;:COMP:TOL:NOM 0;:CURR:LEV 0.1;:DISP:ENAB ON;:DISP:LINE """";:DISP:WIND:TEXT1:DATA:FMSD:DATA 1e-009;:DISP:WIND:TEXT2:DATA:FMSD:DATA 1e-009;:FORM:ASC:LONG ON;:FORM:BORD NORM;:FORM:DATA ASC,64;:FREQ:CW 200;:FUNC:DEV1:MODE OFF;:FUNC:DEV1:REF:VAL 0;:FUNC:DEV2:MODE OFF;:FUNC:DEV2:REF:VAL 0;:FUNC:IMP:TYPE LSRS;:FUNC:SMON:IDC:STAT OFF;:FUNC:SMON:VDC:STAT OFF;:INIT:CONT OFF;:LIST:MODE SEQ;:LIST:STIM:TYPE FREQ,NONE;:SOUR:DCS:VOLT:LEV 0;:TRIG:DEL 0;:TRIG:SOUR INT;:TRIG:TDEL 0;:DISP:WIND:TEXT1:DATA:FMSD:STAT OFF;:DISP:WIND:TEXT2:DATA:FMSD:STAT OFF;:FUNC:DCR:RANG:VAL 100;:FUNC:IMP:RANG:VAL 0.1;:OUTP:DC:ISOL:LEV:VAL 0.1;:OUTP:DC:ISOL:STAT OFF;:FUNC:DCR:RANG:AUTO ON;:FUNC:IMP:RANG:AUTO ON;:OUTP:DC:ISOL:LEV:AUTO ON;:DISP:PAGE MEASurement;
"
300.0,3.77636733e-07,0.04555124711
300.0,3.77667287e-07,0.04554809263
300.0,3.777498662e-07,0.04554564586
300.0,3.777382522e-07,0.04554264692
300.0,3.777499602e-07,0.04553453795
300.0,3.777110459e-07,0.04552443845
300.0,3.776082902e-07,0.04551635194
300.0,3.776158092e-07,0.04551293581
300.0,3.778460471e-07,0.04550997794
300.0,3.777371085e-07,0.04545787547
300.0,3.777879303e-07,0.04553218324
300.0,3.776375451e-07,0.04552325487
300.0,3.776345594e-07,0.04551597692
300.0,3.777399561e-07,0.04551078526
300.0,3.77706366e-07,0.0455058926
300.0,3.778167651e-07,0.04551017354
Freq,300,Rs,0.045521376031875,2.2680002178583356e-05,Ls,3.7771147009375003e-07,7.253838075530239e-11
":SOUR:DCS:STAT OFF;:BIAS:STAT OFF;:COMP:BIN:COUN:CLE;:LIST:CLE:ALL;:COMP:BIN:CLE;:AMPL:ALC ON;:APER LONG,16;:BIAS:POL:AUTO OFF;:BIAS:RANG:AUTO ON;:BIAS:VOLT:LEV 0;:COMP:ABIN OFF;:COMP:BIN:COUN:STAT OFF;:COMP:MODE PTOL;:COMP:SLIM -9.9e+037,9.9e+037;:COMP:STAT OFF;:COMP:SWAP OFF;:COMP:TOL:NOM 0;:CURR:LEV 0.1;:DISP:ENAB ON;:DISP:LINE """";:DISP:WIND:TEXT1:DATA:FMSD:DATA 1e-009;:DISP:WIND:TEXT2:DATA:FMSD:DATA 1e-009;:FORM:ASC:LONG ON;:FORM:BORD NORM;:FORM:DATA ASC,64;:FREQ:CW 300;:FUNC:DEV1:MODE OFF;:FUNC:DEV1:REF:VAL 0;:FUNC:DEV2:MODE OFF;:FUNC:DEV2:REF:VAL 0;:FUNC:IMP:TYPE LSRS;:FUNC:SMON:IDC:STAT OFF;:FUNC:SMON:VDC:STAT OFF;:INIT:CONT OFF;:LIST:MODE SEQ;:LIST:STIM:TYPE FREQ,NONE;:SOUR:DCS:VOLT:LEV 0;:TRIG:DEL 0;:TRIG:SOUR INT;:TRIG:TDEL 0;:DISP:WIND:TEXT1:DATA:FMSD:STAT OFF;:DISP:WIND:TEXT2:DATA:FMSD:STAT OFF;:FUNC:DCR:RANG:VAL 100;:FUNC:IMP:RANG:VAL 0.1;:OUTP:DC:ISOL:LEV:VAL 0.1;:OUTP:DC:ISOL:STAT OFF;:FUNC:DCR:RANG:AUTO ON;:FUNC:IMP:RANG:AUTO ON;:OUTP:DC:ISOL:LEV:AUTO ON;:DISP:PAGE MEASurement;
"
500.0,3.718535807e-07,0.04550165364
500.0,3.719229296e-07,0.04549500482
500.0,3.718731283e-07,0.04548951488
500.0,3.718570679e-07,0.04548479441
500.0,3.718333527e-07,0.04548119801
500.0,3.71846008e-07,0.04547684452
500.0,3.718418894e-07,0.04547267084
500.0,3.718757765e-07,0.04546904246
500.0,3.717628752e-07,0.04494367161
500.0,3.716458011e-07,0.04461206979
500.0,3.716831254e-07,0.04459527417
500.0,3.71638617e-07,0.04458650935
500.0,3.717006525e-07,0.04458007899
500.0,3.716517257e-07,0.04457400145
500.0,3.716514264e-07,0.04452140584
500.0,3.716269923e-07,0.0445124227
Freq,500,Rs,0.045049759842499995,0.0004580468207333149,Ls,3.7176655929375e-07,1.0587451237424145e-10
":SOUR:DCS:STAT OFF;:BIAS:STAT OFF;:COMP:BIN:COUN:CLE;:LIST:CLE:ALL;:COMP:BIN:CLE;:AMPL:ALC ON;:APER LONG,16;:BIAS:POL:AUTO OFF;:BIAS:RANG:AUTO ON;:BIAS:VOLT:LEV 0;:COMP:ABIN OFF;:COMP:BIN:COUN:STAT OFF;:COMP:MODE PTOL;:COMP:SLIM -9.9e+037,9.9e+037;:COMP:STAT OFF;:COMP:SWAP OFF;:COMP:TOL:NOM 0;:CURR:LEV 0.1;:DISP:ENAB ON;:DISP:LINE """";:DISP:WIND:TEXT1:DATA:FMSD:DATA 1e-009;:DISP:WIND:TEXT2:DATA:FMSD:DATA 1e-009;:FORM:ASC:LONG ON;:FORM:BORD NORM;:FORM:DATA ASC,64;:FREQ:CW 500;:FUNC:DEV1:MODE OFF;:FUNC:DEV1:REF:VAL 0;:FUNC:DEV2:MODE OFF;:FUNC:DEV2:REF:VAL 0;:FUNC:IMP:TYPE LSRS;:FUNC:SMON:IDC:STAT OFF;:FUNC:SMON:VDC:STAT OFF;:INIT:CONT OFF;:LIST:MODE SEQ;:LIST:STIM:TYPE FREQ,NONE;:SOUR:DCS:VOLT:LEV 0;:TRIG:DEL 0;:TRIG:SOUR INT;:TRIG:TDEL 0;:DISP:WIND:TEXT1:DATA:FMSD:STAT OFF;:DISP:WIND:TEXT2:DATA:FMSD:STAT OFF;:FUNC:DCR:RANG:VAL 100;:FUNC:IMP:RANG:VAL 0.1;:OUTP:DC:ISOL:LEV:VAL 0.1;:OUTP:DC:ISOL:STAT OFF;:FUNC:DCR:RANG:AUTO ON;:FUNC:IMP:RANG:AUTO ON;:OUTP:DC:ISOL:LEV:AUTO ON;:DISP:PAGE MEASurement;
"
800.0,3.698902979e-07,0.04450684536
800.0,3.699226753e-07,0.04449462541
800.0,3.69894392e-07,0.04449007927
800.0,3.699089975e-07,0.0444782416
800.0,3.69940595e-07,0.04447017777
800.0,3.698790103e-07,0.04446669816
800.0,3.699367038e-07,0.04446345711
800.0,3.699492181e-07,0.0444601818
800.0,3.698937328e-07,0.04445494319
800.0,3.698695211e-07,0.04444981262
800.0,3.699188213e-07,0.0444460295
800.0,3.698756268e-07,0.04444251355
800.0,3.698738212e-07,0.04443915622
800.0,3.698355368e-07,0.04443617689
800.0,3.698869238e-07,0.04443376349
800.0,3.699025608e-07,0.04443133428
Freq,800,Rs,0.04446025226375,2.2996710752048574e-05,Ls,3.6989865215625e-07,2.998295441662093e-11
":SOUR:DCS:STAT OFF;:BIAS:STAT OFF;:COMP:BIN:COUN:CLE;:LIST:CLE:ALL;:COMP:BIN:CLE;:AMPL:ALC ON;:APER LONG,16;:BIAS:POL:AUTO OFF;:BIAS:RANG:AUTO ON;:BIAS:VOLT:LEV 0;:COMP:ABIN OFF;:COMP:BIN:COUN:STAT OFF;:COMP:MODE PTOL;:COMP:SLIM -9.9e+037,9.9e+037;:COMP:STAT OFF;:COMP:SWAP OFF;:COMP:TOL:NOM 0;:CURR:LEV 0.1;:DISP:ENAB ON;:DISP:LINE """";:DISP:WIND:TEXT1:DATA:FMSD:DATA 1e-009;:DISP:WIND:TEXT2:DATA:FMSD:DATA 1e-009;:FORM:ASC:LONG ON;:FORM:BORD NORM;:FORM:DATA ASC,64;:FREQ:CW 800;:FUNC:DEV1:MODE OFF;:FUNC:DEV1:REF:VAL 0;:FUNC:DEV2:MODE OFF;:FUNC:DEV2:REF:VAL 0;:FUNC:IMP:TYPE LSRS;:FUNC:SMON:IDC:STAT OFF;:FUNC:SMON:VDC:STAT OFF;:INIT:CONT OFF;:LIST:MODE SEQ;:LIST:STIM:TYPE FREQ,NONE;:SOUR:DCS:VOLT:LEV 0;:TRIG:DEL 0;:TRIG:SOUR INT;:TRIG:TDEL 0;:DISP:WIND:TEXT1:DATA:FMSD:STAT OFF;:DISP:WIND:TEXT2:DATA:FMSD:STAT OFF;:FUNC:DCR:RANG:VAL 100;:FUNC:IMP:RANG:VAL 0.1;:OUTP:DC:ISOL:LEV:VAL 0.1;:OUTP:DC:ISOL:STAT OFF;:FUNC:DCR:RANG:AUTO ON;:FUNC:IMP:RANG:AUTO ON;:OUTP:DC:ISOL:LEV:AUTO ON;:DISP:PAGE MEASurement;
"
1000.0,3.69192456e-07,0.04441924039
1000.0,3.692176644e-07,0.04441735937
1000.0,3.691841152e-07,0.04441538502
1000.0,3.692086029e-07,0.04441339629
1000.0,3.692148941e-07,0.04441149225
1000.0,3.691918217e-07,0.04440996445
1000.0,3.692175648e-07,0.04440800272
1000.0,3.692302776e-07,0.04440654294
1000.0,3.691563284e-07,0.04440510792
1000.0,3.691712651e-07,0.04440036734
1000.0,3.691709881e-07,0.04438804364
1000.0,3.691812926e-07,0.04438590983
1000.0,3.69167705e-07,0.04438419585
1000.0,3.692121519e-07,0.04438261756
1000.0,3.692100015e-07,0.04438113812
1000.0,3.691943751e-07,0.04437970196
Freq,1000,Rs,0.044400529103125,1.4396413364870371e-05,Ls,3.69195094025e-07,2.171178147136721e-11
":SOUR:DCS:STAT OFF;:BIAS:STAT OFF;:COMP:BIN:COUN:CLE;:LIST:CLE:ALL;:COMP:BIN:CLE;:AMPL:ALC ON;:APER LONG,16;:BIAS:POL:AUTO OFF;:BIAS:RANG:AUTO ON;:BIAS:VOLT:LEV 0;:COMP:ABIN OFF;:COMP:BIN:COUN:STAT OFF;:COMP:MODE PTOL;:COMP:SLIM -9.9e+037,9.9e+037;:COMP:STAT OFF;:COMP:SWAP OFF;:COMP:TOL:NOM 0;:CURR:LEV 0.1;:DISP:ENAB ON;:DISP:LINE """";:DISP:WIND:TEXT1:DATA:FMSD:DATA 1e-009;:DISP:WIND:TEXT2:DATA:FMSD:DATA 1e-009;:FORM:ASC:LONG ON;:FORM:BORD NORM;:FORM:DATA ASC,64;:FREQ:CW 1000;:FUNC:DEV1:MODE OFF;:FUNC:DEV1:REF:VAL 0;:FUNC:DEV2:MODE OFF;:FUNC:DEV2:REF:VAL 0;:FUNC:IMP:TYPE LSRS;:FUNC:SMON:IDC:STAT OFF;:FUNC:SMON:VDC:STAT OFF;:INIT:CONT OFF;:LIST:MODE SEQ;:LIST:STIM:TYPE FREQ,NONE;:SOUR:DCS:VOLT:LEV 0;:TRIG:DEL 0;:TRIG:SOUR INT;:TRIG:TDEL 0;:DISP:WIND:TEXT1:DATA:FMSD:STAT OFF;:DISP:WIND:TEXT2:DATA:FMSD:STAT OFF;:FUNC:DCR:RANG:VAL 100;:FUNC:IMP:RANG:VAL 0.1;:OUTP:DC:ISOL:LEV:VAL 0.1;:OUTP:DC:ISOL:STAT OFF;:FUNC:DCR:RANG:AUTO ON;:FUNC:IMP:RANG:AUTO ON;:OUTP:DC:ISOL:LEV:AUTO ON;:DISP:PAGE MEASurement;
"
1591.5494309189535,3.692763044e-07,0.04437804663
1591.5494309189535,3.692721954e-07,0.04437678661
1591.5494309189535,3.692765916e-07,0.04437489769
1591.5494309189535,3.692546065e-07,0.04437180794
1591.5494309189535,3.692825106e-07,0.04435897587
1591.5494309189535,3.692770095e-07,0.04435056068
1591.5494309189535,3.692747413e-07,0.0443496662
1591.5494309189535,3.692589779e-07,0.04434870596
1591.5494309189535,3.692729597e-07,0.04434765969
1591.5494309189535,3.692740702e-07,0.04434687626
1591.5494309189535,3.692944704e-07,0.04434604087
1591.5494309189535,3.692649774e-07,0.0443443674
1591.5494309189535,3.692693292e-07,0.04434091223
1591.5494309189535,3.69263572e-07,0.0443390379
1591.5494309189535,3.692566145e-07,0.04433739302
1591.5494309189535,3.692782447e-07,0.04433597034
Freq,1591.5494309189535,Rs,0.044352981580625,1.4517127222594952e-05,Ls,3.6927169845625e-07,1.0219922426121575e-11
":SOUR:DCS:STAT OFF;:BIAS:STAT OFF;:COMP:BIN:COUN:CLE;:LIST:CLE:ALL;:COMP:BIN:CLE;:AMPL:ALC ON;:APER LONG,16;:BIAS:POL:AUTO OFF;:BIAS:RANG:AUTO ON;:BIAS:VOLT:LEV 0;:COMP:ABIN OFF;:COMP:BIN:COUN:STAT OFF;:COMP:MODE PTOL;:COMP:SLIM -9.9e+037,9.9e+037;:COMP:STAT OFF;:COMP:SWAP OFF;:COMP:TOL:NOM 0;:CURR:LEV 0.1;:DISP:ENAB ON;:DISP:LINE """";:DISP:WIND:TEXT1:DATA:FMSD:DATA 1e-009;:DISP:WIND:TEXT2:DATA:FMSD:DATA 1e-009;:FORM:ASC:LONG ON;:FORM:BORD NORM;:FORM:DATA ASC,64;:FREQ:CW 1592;:FUNC:DEV1:MODE OFF;:FUNC:DEV1:REF:VAL 0;:FUNC:DEV2:MODE OFF;:FUNC:DEV2:REF:VAL 0;:FUNC:IMP:TYPE LSRS;:FUNC:SMON:IDC:STAT OFF;:FUNC:SMON:VDC:STAT OFF;:INIT:CONT OFF;:LIST:MODE SEQ;:LIST:STIM:TYPE FREQ,NONE;:SOUR:DCS:VOLT:LEV 0;:TRIG:DEL 0;:TRIG:SOUR INT;:TRIG:TDEL 0;:DISP:WIND:TEXT1:DATA:FMSD:STAT OFF;:DISP:WIND:TEXT2:DATA:FMSD:STAT OFF;:FUNC:DCR:RANG:VAL 100;:FUNC:IMP:RANG:VAL 0.1;:OUTP:DC:ISOL:LEV:VAL 0.1;:OUTP:DC:ISOL:STAT OFF;:FUNC:DCR:RANG:AUTO ON;:FUNC:IMP:RANG:AUTO ON;:OUTP:DC:ISOL:LEV:AUTO ON;:DISP:PAGE MEASurement;
"
2000.0,3.697879417e-07,0.0443356092
2000.0,3.697885231e-07,0.0443347455
2000.0,3.69854714e-07,0.04488791321
2000.0,3.699613049e-07,0.04570828111
2000.0,3.699400088e-07,0.04562479523
2000.0,3.699346911e-07,0.0455906206
2000.0,3.699380223e-07,0.04554851511
2000.0,3.699203266e-07,0.04553108182
2000.0,3.699375106e-07,0.0455100512
2000.0,3.699357537e-07,0.04549595032
2000.0,3.699290066e-07,0.04548808132
2000.0,3.699393014e-07,0.04548130906
2000.0,3.699148581e-07,0.04547552027
2000.0,3.69923003e-07,0.04547001669
2000.0,3.699333948e-07,0.04546496168
2000.0,3.699348678e-07,0.04546052231
Freq,2000,Rs,0.045337998414375,0.0004276869589543335,Ls,3.6991082678125e-07,5.2746590492217004e-11
":SOUR:DCS:STAT OFF;:BIAS:STAT OFF;:COMP:BIN:COUN:CLE;:LIST:CLE:ALL;:COMP:BIN:CLE;:AMPL:ALC ON;:APER LONG,16;:BIAS:POL:AUTO OFF;:BIAS:RANG:AUTO ON;:BIAS:VOLT:LEV 0;:COMP:ABIN OFF;:COMP:BIN:COUN:STAT OFF;:COMP:MODE PTOL;:COMP:SLIM -9.9e+037,9.9e+037;:COMP:STAT OFF;:COMP:SWAP OFF;:COMP:TOL:NOM 0;:CURR:LEV 0.1;:DISP:ENAB ON;:DISP:LINE """";:DISP:WIND:TEXT1:DATA:FMSD:DATA 1e-009;:DISP:WIND:TEXT2:DATA:FMSD:DATA 1e-009;:FORM:ASC:LONG ON;:FORM:BORD NORM;:FORM:DATA ASC,64;:FREQ:CW 2000;:FUNC:DEV1:MODE OFF;:FUNC:DEV1:REF:VAL 0;:FUNC:DEV2:MODE OFF;:FUNC:DEV2:REF:VAL 0;:FUNC:IMP:TYPE LSRS;:FUNC:SMON:IDC:STAT OFF;:FUNC:SMON:VDC:STAT OFF;:INIT:CONT OFF;:LIST:MODE SEQ;:LIST:STIM:TYPE FREQ,NONE;:SOUR:DCS:VOLT:LEV 0;:TRIG:DEL 0;:TRIG:SOUR INT;:TRIG:TDEL 0;:DISP:WIND:TEXT1:DATA:FMSD:STAT OFF;:DISP:WIND:TEXT2:DATA:FMSD:STAT OFF;:FUNC:DCR:RANG:VAL 100;:FUNC:IMP:RANG:VAL 0.1;:OUTP:DC:ISOL:LEV:VAL 0.1;:OUTP:DC:ISOL:STAT OFF;:FUNC:DCR:RANG:AUTO ON;:FUNC:IMP:RANG:AUTO ON;:OUTP:DC:ISOL:LEV:AUTO ON;:DISP:PAGE MEASurement;
"
3000.0,3.700367285e-07,0.04546391144
3000.0,3.700582412e-07,0.04546054866
3000.0,3.700228345e-07,0.04545660179
3000.0,3.700483997e-07,0.04545321981
3000.0,3.70068194e-07,0.04574702503
3000.0,3.700796615e-07,0.04584721174
3000.0,3.700512199e-07,0.04579217156
3000.0,3.700211209e-07,0.04577787996
3000.0,3.699971319e-07,0.04552896678
3000.0,3.699917099e-07,0.04544471938
3000.0,3.699655149e-07,0.04523634375
3000.0,3.699419114e-07,0.04506114027
3000.0,3.699278836e-07,0.04501843571
3000.0,3.699417241e-07,0.0450075125
3000.0,3.69946678e-07,0.04500064516
3000.0,3.69924766e-07,0.04499585936
Freq,3000,Rs,0.045393262056249994,0.00030689523312978697,Ls,3.700014825e-07,5.377511987803192e-11
":SOUR:DCS:STAT OFF;:BIAS:STAT OFF;:COMP:BIN:COUN:CLE;:LIST:CLE:ALL;:COMP:BIN:CLE;:AMPL:ALC ON;:APER LONG,16;:BIAS:POL:AUTO OFF;:BIAS:RANG:AUTO ON;:BIAS:VOLT:LEV 0;:COMP:ABIN OFF;:COMP:BIN:COUN:STAT OFF;:COMP:MODE PTOL;:COMP:SLIM -9.9e+037,9.9e+037;:COMP:STAT OFF;:COMP:SWAP OFF;:COMP:TOL:NOM 0;:CURR:LEV 0.1;:DISP:ENAB ON;:DISP:LINE """";:DISP:WIND:TEXT1:DATA:FMSD:DATA 1e-009;:DISP:WIND:TEXT2:DATA:FMSD:DATA 1e-009;:FORM:ASC:LONG ON;:FORM:BORD NORM;:FORM:DATA ASC,64;:FREQ:CW 3000;:FUNC:DEV1:MODE OFF;:FUNC:DEV1:REF:VAL 0;:FUNC:DEV2:MODE OFF;:FUNC:DEV2:REF:VAL 0;:FUNC:IMP:TYPE LSRS;:FUNC:SMON:IDC:STAT OFF;:FUNC:SMON:VDC:STAT OFF;:INIT:CONT OFF;:LIST:MODE SEQ;:LIST:STIM:TYPE FREQ,NONE;:SOUR:DCS:VOLT:LEV 0;:TRIG:DEL 0;:TRIG:SOUR INT;:TRIG:TDEL 0;:DISP:WIND:TEXT1:DATA:FMSD:STAT OFF;:DISP:WIND:TEXT2:DATA:FMSD:STAT OFF;:FUNC:DCR:RANG:VAL 100;:FUNC:IMP:RANG:VAL 0.1;:OUTP:DC:ISOL:LEV:VAL 0.1;:OUTP:DC:ISOL:STAT OFF;:FUNC:DCR:RANG:AUTO ON;:FUNC:IMP:RANG:AUTO ON;:OUTP:DC:ISOL:LEV:AUTO ON;:DISP:PAGE MEASurement;
"
5000.0,3.69407299e-07,0.04505585628
5000.0,3.694052958e-07,0.04503065514
5000.0,3.694145624e-07,0.04501246943
5000.0,3.69473655e-07,0.04520827022
5000.0,3.694924818e-07,0.04536207092
5000.0,3.694793802e-07,0.04527897248
5000.0,3.694780059e-07,0.04524082397
5000.0,3.69452503e-07,0.04521286846
5000.0,3.69463609e-07,0.04519524924
5000.0,3.694586031e-07,0.04518380384
5000.0,3.694514646e-07,0.04516625265
5000.0,3.694546607e-07,0.04515591533
5000.0,3.694589615e-07,0.04515012975
5000.0,3.694499627e-07,0.04514428244
5000.0,3.69454866e-07,0.04513864168
5000.0,3.694602392e-07,0.04513361924
Freq,5000,Rs,0.045166867566875,8.891676575547436e-05,Ls,3.6945347186875e-07,2.502634720590159e-11
":SOUR:DCS:STAT OFF;:BIAS:STAT OFF;:COMP:BIN:COUN:CLE;:LIST:CLE:ALL;:COMP:BIN:CLE;:AMPL:ALC ON;:APER LONG,16;:BIAS:POL:AUTO OFF;:BIAS:RANG:AUTO ON;:BIAS:VOLT:LEV 0;:COMP:ABIN OFF;:COMP:BIN:COUN:STAT OFF;:COMP:MODE PTOL;:COMP:SLIM -9.9e+037,9.9e+037;:COMP:STAT OFF;:COMP:SWAP OFF;:COMP:TOL:NOM 0;:CURR:LEV 0.1;:DISP:ENAB ON;:DISP:LINE """";:DISP:WIND:TEXT1:DATA:FMSD:DATA 1e-009;:DISP:WIND:TEXT2:DATA:FMSD:DATA 1e-009;:FORM:ASC:LONG ON;:FORM:BORD NORM;:FORM:DATA ASC,64;:FREQ:CW 5000;:FUNC:DEV1:MODE OFF;:FUNC:DEV1:REF:VAL 0;:FUNC:DEV2:MODE OFF;:FUNC:DEV2:REF:VAL 0;:FUNC:IMP:TYPE LSRS;:FUNC:SMON:IDC:STAT OFF;:FUNC:SMON:VDC:STAT OFF;:INIT:CONT OFF;:LIST:MODE SEQ;:LIST:STIM:TYPE FREQ,NONE;:SOUR:DCS:VOLT:LEV 0;:TRIG:DEL 0;:TRIG:SOUR INT;:TRIG:TDEL 0;:DISP:WIND:TEXT1:DATA:FMSD:STAT OFF;:DISP:WIND:TEXT2:DATA:FMSD:STAT OFF;:FUNC:DCR:RANG:VAL 100;:FUNC:IMP:RANG:VAL 0.1;:OUTP:DC:ISOL:LEV:VAL 0.1;:OUTP:DC:ISOL:STAT OFF;:FUNC:DCR:RANG:AUTO ON;:FUNC:IMP:RANG:AUTO ON;:OUTP:DC:ISOL:LEV:AUTO ON;:DISP:PAGE MEASurement;
"
":SOUR:DCS:STAT OFF;:BIAS:STAT OFF;:COMP:BIN:COUN:CLE;:LIST:CLE:ALL;:COMP:BIN:CLE;:AMPL:ALC ON;:APER LONG,16;:BIAS:POL:AUTO OFF;:BIAS:RANG:AUTO ON;:BIAS:VOLT:LEV 0;:COMP:ABIN OFF;:COMP:BIN:COUN:STAT OFF;:COMP:MODE PTOL;:COMP:SLIM -9.9e+037,9.9e+037;:COMP:STAT OFF;:COMP:SWAP OFF;:COMP:TOL:NOM 0;:CURR:LEV 0.1;:DISP:ENAB ON;:DISP:LINE """";:DISP:WIND:TEXT1:DATA:FMSD:DATA 1e-009;:DISP:WIND:TEXT2:DATA:FMSD:DATA 1e-009;:FORM:ASC:LONG ON;:FORM:BORD NORM;:FORM:DATA ASC,64;:FREQ:CW 5000;:FUNC:DEV1:MODE OFF;:FUNC:DEV1:REF:VAL 0;:FUNC:DEV2:MODE OFF;:FUNC:DEV2:REF:VAL 0;:FUNC:IMP:TYPE LSRS;:FUNC:SMON:IDC:STAT OFF;:FUNC:SMON:VDC:STAT OFF;:INIT:CONT OFF;:LIST:MODE SEQ;:LIST:STIM:TYPE FREQ,NONE;:SOUR:DCS:VOLT:LEV 0;:TRIG:DEL 0;:TRIG:SOUR INT;:TRIG:TDEL 0;:DISP:WIND:TEXT1:DATA:FMSD:STAT OFF;:DISP:WIND:TEXT2:DATA:FMSD:STAT OFF;:FUNC:DCR:RANG:VAL 100;:FUNC:IMP:RANG:VAL 0.1;:OUTP:DC:ISOL:LEV:VAL 0.1;:OUTP:DC:ISOL:STAT OFF;:FUNC:DCR:RANG:AUTO ON;:FUNC:IMP:RANG:AUTO ON;:OUTP:DC:ISOL:LEV:AUTO ON;:DISP:PAGE MEASurement;
"
2022-09-23,16:14:55
---------run finished---------
lcr name:,KeySight E4980A
Name and description of Resistor under test: ,WE3R
GPIB source:,<bound method MessageBasedResource.read of <'GPIBInstrument'('GPIB0::17::INSTR')>>
2022-09-23,16:17:25
select the freq range,"[50, 100, 200, 300, 500, 800, 1000, 1591.5494309189535, 2000, 3000, 5000]"
50.0,6.541287688e-07,0.07162740116
50.0,6.545902619e-07,0.07160727848
50.0,6.572475616e-07,0.07158423662
50.0,6.600706057e-07,0.07155871282
50.0,6.612675048e-07,0.07153332719
50.0,6.60297308e-07,0.07151192903
50.0,6.62149913e-07,0.07150173534
50.0,6.601649521e-07,0.0714854515
50.0,6.586825357e-07,0.0714674432
50.0,6.609871496e-07,0.07145320422
50.0,6.618435892e-07,0.07144692946
50.0,6.625382696e-07,0.07144268886
50.0,6.6062122e-07,0.07143991169
50.0,6.505698922e-07,0.07144014378
50.0,6.412825744e-07,0.07143588947
50.0,6.505068842e-07,0.07143181564
Freq,50,Rs,0.07149800615375,6.582313492788207e-05,Ls,6.57309311925e-07,5.7974184440356456e-09
":SOUR:DCS:STAT OFF;:BIAS:STAT OFF;:COMP:BIN:COUN:CLE;:LIST:CLE:ALL;:COMP:BIN:CLE;:AMPL:ALC ON;:APER LONG,16;:BIAS:POL:AUTO OFF;:BIAS:RANG:AUTO ON;:BIAS:VOLT:LEV 0;:COMP:ABIN OFF;:COMP:BIN:COUN:STAT OFF;:COMP:MODE PTOL;:COMP:SLIM -9.9e+037,9.9e+037;:COMP:STAT OFF;:COMP:SWAP OFF;:COMP:TOL:NOM 0;:CURR:LEV 0.1;:DISP:ENAB ON;:DISP:LINE """";:DISP:WIND:TEXT1:DATA:FMSD:DATA 1e-009;:DISP:WIND:TEXT2:DATA:FMSD:DATA 1e-009;:FORM:ASC:LONG ON;:FORM:BORD NORM;:FORM:DATA ASC,64;:FREQ:CW 50;:FUNC:DEV1:MODE OFF;:FUNC:DEV1:REF:VAL 0;:FUNC:DEV2:MODE OFF;:FUNC:DEV2:REF:VAL 0;:FUNC:IMP:TYPE LSRS;:FUNC:SMON:IDC:STAT OFF;:FUNC:SMON:VDC:STAT OFF;:INIT:CONT OFF;:LIST:MODE SEQ;:LIST:STIM:TYPE FREQ,NONE;:SOUR:DCS:VOLT:LEV 0;:TRIG:DEL 0;:TRIG:SOUR INT;:TRIG:TDEL 0;:DISP:WIND:TEXT1:DATA:FMSD:STAT OFF;:DISP:WIND:TEXT2:DATA:FMSD:STAT OFF;:FUNC:DCR:RANG:VAL 100;:FUNC:IMP:RANG:VAL 0.1;:OUTP:DC:ISOL:LEV:VAL 0.1;:OUTP:DC:ISOL:STAT OFF;:FUNC:DCR:RANG:AUTO ON;:FUNC:IMP:RANG:AUTO ON;:OUTP:DC:ISOL:LEV:AUTO ON;:DISP:PAGE MEASurement;
"
100.0,6.241938039e-07,0.07141511698
100.0,6.249856189e-07,0.07140706523
100.0,6.247605446e-07,0.07140111659
100.0,6.241329873e-07,0.07140101471
100.0,6.243470498e-07,0.07140381211
100.0,6.248425351e-07,0.07140380483
100.0,6.242117389e-07,0.07140086147
100.0,6.246179947e-07,0.07140051984
100.0,6.248012486e-07,0.07139849317
100.0,6.24754128e-07,0.07139370242
100.0,6.243880754e-07,0.07139033508
100.0,6.240391684e-07,0.07138968575
100.0,6.248910452e-07,0.07138943515
100.0,6.252507645e-07,0.07139151869
100.0,6.24096825e-07,0.07139261739
100.0,6.242559982e-07,0.07138980333
Freq,100,Rs,0.07139805642125,7.456748352319874e-06,Ls,6.245355954062501e-07,3.713495748823823e-10
":SOUR:DCS:STAT OFF;:BIAS:STAT OFF;:COMP:BIN:COUN:CLE;:LIST:CLE:ALL;:COMP:BIN:CLE;:AMPL:ALC ON;:APER LONG,16;:BIAS:POL:AUTO OFF;:BIAS:RANG:AUTO ON;:BIAS:VOLT:LEV 0;:COMP:ABIN OFF;:COMP:BIN:COUN:STAT OFF;:COMP:MODE PTOL;:COMP:SLIM -9.9e+037,9.9e+037;:COMP:STAT OFF;:COMP:SWAP OFF;:COMP:TOL:NOM 0;:CURR:LEV 0.1;:DISP:ENAB ON;:DISP:LINE """";:DISP:WIND:TEXT1:DATA:FMSD:DATA 1e-009;:DISP:WIND:TEXT2:DATA:FMSD:DATA 1e-009;:FORM:ASC:LONG ON;:FORM:BORD NORM;:FORM:DATA ASC,64;:FREQ:CW 100;:FUNC:DEV1:MODE OFF;:FUNC:DEV1:REF:VAL 0;:FUNC:DEV2:MODE OFF;:FUNC:DEV2:REF:VAL 0;:FUNC:IMP:TYPE LSRS;:FUNC:SMON:IDC:STAT OFF;:FUNC:SMON:VDC:STAT OFF;:INIT:CONT OFF;:LIST:MODE SEQ;:LIST:STIM:TYPE FREQ,NONE;:SOUR:DCS:VOLT:LEV 0;:TRIG:DEL 0;:TRIG:SOUR INT;:TRIG:TDEL 0;:DISP:WIND:TEXT1:DATA:FMSD:STAT OFF;:DISP:WIND:TEXT2:DATA:FMSD:STAT OFF;:FUNC:DCR:RANG:VAL 100;:FUNC:IMP:RANG:VAL 0.1;:OUTP:DC:ISOL:LEV:VAL 0.1;:OUTP:DC:ISOL:STAT OFF;:FUNC:DCR:RANG:AUTO ON;:FUNC:IMP:RANG:AUTO ON;:OUTP:DC:ISOL:LEV:AUTO ON;:DISP:PAGE MEASurement;
"
200.0,6.247651841e-07,0.07140730026
200.0,6.247012849e-07,0.07140315463
200.0,6.246637789e-07,0.07139960084
200.0,6.247782754e-07,0.07139657158
200.0,6.246897123e-07,0.07139506901
200.0,6.246786882e-07,0.07139404228
200.0,6.249349417e-07,0.07139250642
200.0,6.248507573e-07,0.07139346344
200.0,6.246148081e-07,0.07139444167
200.0,6.246164486e-07,0.07139346645
200.0,6.245919158e-07,0.07139038522
200.0,6.248740044e-07,0.07138722961
200.0,6.246553167e-07,0.07138398015
200.0,6.248314939e-07,0.07138128177
200.0,6.246797503e-07,0.07137896841
200.0,6.245643969e-07,0.07137818525
Freq,200,Rs,0.071391852936875,8.271163210290732e-06,Ls,6.247181723437501e-07,1.0929318073829658e-10
":SOUR:DCS:STAT OFF;:BIAS:STAT OFF;:COMP:BIN:COUN:CLE;:LIST:CLE:ALL;:COMP:BIN:CLE;:AMPL:ALC ON;:APER LONG,16;:BIAS:POL:AUTO OFF;:BIAS:RANG:AUTO ON;:BIAS:VOLT:LEV 0;:COMP:ABIN OFF;:COMP:BIN:COUN:STAT OFF;:COMP:MODE PTOL;:COMP:SLIM -9.9e+037,9.9e+037;:COMP:STAT OFF;:COMP:SWAP OFF;:COMP:TOL:NOM 0;:CURR:LEV 0.1;:DISP:ENAB ON;:DISP:LINE """";:DISP:WIND:TEXT1:DATA:FMSD:DATA 1e-009;:DISP:WIND:TEXT2:DATA:FMSD:DATA 1e-009;:FORM:ASC:LONG ON;:FORM:BORD NORM;:FORM:DATA ASC,64;:FREQ:CW 200;:FUNC:DEV1:MODE OFF;:FUNC:DEV1:REF:VAL 0;:FUNC:DEV2:MODE OFF;:FUNC:DEV2:REF:VAL 0;:FUNC:IMP:TYPE LSRS;:FUNC:SMON:IDC:STAT OFF;:FUNC:SMON:VDC:STAT OFF;:INIT:CONT OFF;:LIST:MODE SEQ;:LIST:STIM:TYPE FREQ,NONE;:SOUR:DCS:VOLT:LEV 0;:TRIG:DEL 0;:TRIG:SOUR INT;:TRIG:TDEL 0;:DISP:WIND:TEXT1:DATA:FMSD:STAT OFF;:DISP:WIND:TEXT2:DATA:FMSD:STAT OFF;:FUNC:DCR:RANG:VAL 100;:FUNC:IMP:RANG:VAL 0.1;:OUTP:DC:ISOL:LEV:VAL 0.1;:OUTP:DC:ISOL:STAT OFF;:FUNC:DCR:RANG:AUTO ON;:FUNC:IMP:RANG:AUTO ON;:OUTP:DC:ISOL:LEV:AUTO ON;:DISP:PAGE MEASurement;
"
300.0,6.147684546e-07,0.07138368454
300.0,6.148858878e-07,0.07138546942
300.0,6.148236294e-07,0.07138624426
300.0,6.149747833e-07,0.07138950016
300.0,6.148385288e-07,0.07143708472
300.0,6.148495829e-07,0.0714274445
300.0,6.147360726e-07,0.07141689465
300.0,6.148760963e-07,0.07140932135
300.0,6.147121626e-07,0.07140993016
300.0,6.1482894e-07,0.07140534015
300.0,6.146791716e-07,0.07139762063
300.0,6.148366931e-07,0.07139090694
300.0,6.149745238e-07,0.07137484105
300.0,6.147747349e-07,0.07107877024
300.0,6.15142844e-07,0.07142213831
300.0,6.150751871e-07,0.07169580755
Freq,300,Rs,0.07140068741437501,0.00011410499419445642,Ls,6.148610808e-07,1.271407333891934e-10
":SOUR:DCS:STAT OFF;:BIAS:STAT OFF;:COMP:BIN:COUN:CLE;:LIST:CLE:ALL;:COMP:BIN:CLE;:AMPL:ALC ON;:APER LONG,16;:BIAS:POL:AUTO OFF;:BIAS:RANG:AUTO ON;:BIAS:VOLT:LEV 0;:COMP:ABIN OFF;:COMP:BIN:COUN:STAT OFF;:COMP:MODE PTOL;:COMP:SLIM -9.9e+037,9.9e+037;:COMP:STAT OFF;:COMP:SWAP OFF;:COMP:TOL:NOM 0;:CURR:LEV 0.1;:DISP:ENAB ON;:DISP:LINE """";:DISP:WIND:TEXT1:DATA:FMSD:DATA 1e-009;:DISP:WIND:TEXT2:DATA:FMSD:DATA 1e-009;:FORM:ASC:LONG ON;:FORM:BORD NORM;:FORM:DATA ASC,64;:FREQ:CW 300;:FUNC:DEV1:MODE OFF;:FUNC:DEV1:REF:VAL 0;:FUNC:DEV2:MODE OFF;:FUNC:DEV2:REF:VAL 0;:FUNC:IMP:TYPE LSRS;:FUNC:SMON:IDC:STAT OFF;:FUNC:SMON:VDC:STAT OFF;:INIT:CONT OFF;:LIST:MODE SEQ;:LIST:STIM:TYPE FREQ,NONE;:SOUR:DCS:VOLT:LEV 0;:TRIG:DEL 0;:TRIG:SOUR INT;:TRIG:TDEL 0;:DISP:WIND:TEXT1:DATA:FMSD:STAT OFF;:DISP:WIND:TEXT2:DATA:FMSD:STAT OFF;:FUNC:DCR:RANG:VAL 100;:FUNC:IMP:RANG:VAL 0.1;:OUTP:DC:ISOL:LEV:VAL 0.1;:OUTP:DC:ISOL:STAT OFF;:FUNC:DCR:RANG:AUTO ON;:FUNC:IMP:RANG:AUTO ON;:OUTP:DC:ISOL:LEV:AUTO ON;:DISP:PAGE MEASurement;
"
500.0,6.094989751e-07,0.07083487909
500.0,6.094561685e-07,0.07079621484
500.0,6.094112558e-07,0.07078564635
500.0,6.095298937e-07,0.07077739872
500.0,6.094433005e-07,0.07077058355
500.0,6.09395262e-07,0.07076408973
500.0,6.094102036e-07,0.07075908155
500.0,6.094327105e-07,0.07075374782
500.0,6.093217329e-07,0.07074904716
500.0,6.093898732e-07,0.07074435438
500.0,6.094106598e-07,0.07073997496
500.0,6.09490828e-07,0.07073608806
500.0,6.09413515e-07,0.07073265035
500.0,6.09441961e-07,0.07072886862
500.0,6.094790502e-07,0.07072551792
500.0,6.094219321e-07,0.07072238334
Freq,500,Rs,0.0707575329025,3.012070765522953e-05,Ls,6.0943420761875e-07,5.004258871631712e-11
":SOUR:DCS:STAT OFF;:BIAS:STAT OFF;:COMP:BIN:COUN:CLE;:LIST:CLE:ALL;:COMP:BIN:CLE;:AMPL:ALC ON;:APER LONG,16;:BIAS:POL:AUTO OFF;:BIAS:RANG:AUTO ON;:BIAS:VOLT:LEV 0;:COMP:ABIN OFF;:COMP:BIN:COUN:STAT OFF;:COMP:MODE PTOL;:COMP:SLIM -9.9e+037,9.9e+037;:COMP:STAT OFF;:COMP:SWAP OFF;:COMP:TOL:NOM 0;:CURR:LEV 0.1;:DISP:ENAB ON;:DISP:LINE """";:DISP:WIND:TEXT1:DATA:FMSD:DATA 1e-009;:DISP:WIND:TEXT2:DATA:FMSD:DATA 1e-009;:FORM:ASC:LONG ON;:FORM:BORD NORM;:FORM:DATA ASC,64;:FREQ:CW 500;:FUNC:DEV1:MODE OFF;:FUNC:DEV1:REF:VAL 0;:FUNC:DEV2:MODE OFF;:FUNC:DEV2:REF:VAL 0;:FUNC:IMP:TYPE LSRS;:FUNC:SMON:IDC:STAT OFF;:FUNC:SMON:VDC:STAT OFF;:INIT:CONT OFF;:LIST:MODE SEQ;:LIST:STIM:TYPE FREQ,NONE;:SOUR:DCS:VOLT:LEV 0;:TRIG:DEL 0;:TRIG:SOUR INT;:TRIG:TDEL 0;:DISP:WIND:TEXT1:DATA:FMSD:STAT OFF;:DISP:WIND:TEXT2:DATA:FMSD:STAT OFF;:FUNC:DCR:RANG:VAL 100;:FUNC:IMP:RANG:VAL 0.1;:OUTP:DC:ISOL:LEV:VAL 0.1;:OUTP:DC:ISOL:STAT OFF;:FUNC:DCR:RANG:AUTO ON;:FUNC:IMP:RANG:AUTO ON;:OUTP:DC:ISOL:LEV:AUTO ON;:DISP:PAGE MEASurement;
"
800.0,6.080358406e-07,0.07072385109
800.0,6.080411326e-07,0.0707208473
800.0,6.080154781e-07,0.07071780319
800.0,6.080433773e-07,0.07071526557
800.0,6.080330783e-07,0.07071246038
800.0,6.080546239e-07,0.07070970524
800.0,6.080191804e-07,0.0707070329
800.0,6.080487143e-07,0.07070421083
800.0,6.080429381e-07,0.07070187527
800.0,6.080568287e-07,0.07069932529
800.0,6.080802303e-07,0.07069686047
800.0,6.079914834e-07,0.07071270383
800.0,6.080456485e-07,0.07070950193
800.0,6.080075829e-07,0.07070462037
800.0,6.080156178e-07,0.07070019787
800.0,6.080483455e-07,0.07069798239
Freq,800,Rs,0.070708390245,8.305588364377348e-06,Ls,6.0803625629375e-07,2.1892645574390395e-11
":SOUR:DCS:STAT OFF;:BIAS:STAT OFF;:COMP:BIN:COUN:CLE;:LIST:CLE:ALL;:COMP:BIN:CLE;:AMPL:ALC ON;:APER LONG,16;:BIAS:POL:AUTO OFF;:BIAS:RANG:AUTO ON;:BIAS:VOLT:LEV 0;:COMP:ABIN OFF;:COMP:BIN:COUN:STAT OFF;:COMP:MODE PTOL;:COMP:SLIM -9.9e+037,9.9e+037;:COMP:STAT OFF;:COMP:SWAP OFF;:COMP:TOL:NOM 0;:CURR:LEV 0.1;:DISP:ENAB ON;:DISP:LINE """";:DISP:WIND:TEXT1:DATA:FMSD:DATA 1e-009;:DISP:WIND:TEXT2:DATA:FMSD:DATA 1e-009;:FORM:ASC:LONG ON;:FORM:BORD NORM;:FORM:DATA ASC,64;:FREQ:CW 800;:FUNC:DEV1:MODE OFF;:FUNC:DEV1:REF:VAL 0;:FUNC:DEV2:MODE OFF;:FUNC:DEV2:REF:VAL 0;:FUNC:IMP:TYPE LSRS;:FUNC:SMON:IDC:STAT OFF;:FUNC:SMON:VDC:STAT OFF;:INIT:CONT OFF;:LIST:MODE SEQ;:LIST:STIM:TYPE FREQ,NONE;:SOUR:DCS:VOLT:LEV 0;:TRIG:DEL 0;:TRIG:SOUR INT;:TRIG:TDEL 0;:DISP:WIND:TEXT1:DATA:FMSD:STAT OFF;:DISP:WIND:TEXT2:DATA:FMSD:STAT OFF;:FUNC:DCR:RANG:VAL 100;:FUNC:IMP:RANG:VAL 0.1;:OUTP:DC:ISOL:LEV:VAL 0.1;:OUTP:DC:ISOL:STAT OFF;:FUNC:DCR:RANG:AUTO ON;:FUNC:IMP:RANG:AUTO ON;:OUTP:DC:ISOL:LEV:AUTO ON;:DISP:PAGE MEASurement;
"
1000.0,6.074835707e-07,0.0706823059
1000.0,6.074845249e-07,0.07068014137
1000.0,6.074695357e-07,0.0706775475
1000.0,6.075046007e-07,0.07067512236
1000.0,6.074923682e-07,0.07067330981
1000.0,6.074782368e-07,0.07067104665
1000.0,6.074591194e-07,0.07066893724
1000.0,6.074916544e-07,0.07066732645
1000.0,6.075061853e-07,0.07066575465
1000.0,6.074820325e-07,0.07066521295
1000.0,6.07449453e-07,0.07066335934
1000.0,6.074555562e-07,0.07066158382
1000.0,6.074864068e-07,0.07065988235
1000.0,6.0747495e-07,0.07065820648
1000.0,6.074801215e-07,0.0706566746
1000.0,6.074867242e-07,0.07065503583
Freq,1000,Rs,0.07066759045625,8.421144173525684e-06,Ls,6.074803150187501e-07,1.5929924376426143e-11
":SOUR:DCS:STAT OFF;:BIAS:STAT OFF;:COMP:BIN:COUN:CLE;:LIST:CLE:ALL;:COMP:BIN:CLE;:AMPL:ALC ON;:APER LONG,16;:BIAS:POL:AUTO OFF;:BIAS:RANG:AUTO ON;:BIAS:VOLT:LEV 0;:COMP:ABIN OFF;:COMP:BIN:COUN:STAT OFF;:COMP:MODE PTOL;:COMP:SLIM -9.9e+037,9.9e+037;:COMP:STAT OFF;:COMP:SWAP OFF;:COMP:TOL:NOM 0;:CURR:LEV 0.1;:DISP:ENAB ON;:DISP:LINE """";:DISP:WIND:TEXT1:DATA:FMSD:DATA 1e-009;:DISP:WIND:TEXT2:DATA:FMSD:DATA 1e-009;:FORM:ASC:LONG ON;:FORM:BORD NORM;:FORM:DATA ASC,64;:FREQ:CW 1000;:FUNC:DEV1:MODE OFF;:FUNC:DEV1:REF:VAL 0;:FUNC:DEV2:MODE OFF;:FUNC:DEV2:REF:VAL 0;:FUNC:IMP:TYPE LSRS;:FUNC:SMON:IDC:STAT OFF;:FUNC:SMON:VDC:STAT OFF;:INIT:CONT OFF;:LIST:MODE SEQ;:LIST:STIM:TYPE FREQ,NONE;:SOUR:DCS:VOLT:LEV 0;:TRIG:DEL 0;:TRIG:SOUR INT;:TRIG:TDEL 0;:DISP:WIND:TEXT1:DATA:FMSD:STAT OFF;:DISP:WIND:TEXT2:DATA:FMSD:STAT OFF;:FUNC:DCR:RANG:VAL 100;:FUNC:IMP:RANG:VAL 0.1;:OUTP:DC:ISOL:LEV:VAL 0.1;:OUTP:DC:ISOL:STAT OFF;:FUNC:DCR:RANG:AUTO ON;:FUNC:IMP:RANG:AUTO ON;:OUTP:DC:ISOL:LEV:AUTO ON;:DISP:PAGE MEASurement;
"
1591.5494309189535,6.076514582e-07,0.07066150935
1591.5494309189535,6.076612331e-07,0.07065934545
1591.5494309189535,6.076416091e-07,0.07065743576
1591.5494309189535,6.076505526e-07,0.07065580382
1591.5494309189535,6.076711064e-07,0.07065425644
1591.5494309189535,6.076329035e-07,0.07075014728
1591.5494309189535,6.07609902e-07,0.07075323157
1591.5494309189535,6.076252864e-07,0.07074497434
1591.5494309189535,6.076173979e-07,0.07073627269
1591.5494309189535,6.076166053e-07,0.07073238737
1591.5494309189535,6.075996087e-07,0.07072919072
1591.5494309189535,6.076348063e-07,0.07072544642
1591.5494309189535,6.076139079e-07,0.070723051
1591.5494309189535,6.076059512e-07,0.07072144704
1591.5494309189535,6.076146904e-07,0.07071985141
1591.5494309189535,6.076084252e-07,0.07071863636
Freq,1591.5494309189535,Rs,0.07070893668875,3.713220338962443e-05,Ls,6.076284652625e-07,2.145054415224979e-11
":SOUR:DCS:STAT OFF;:BIAS:STAT OFF;:COMP:BIN:COUN:CLE;:LIST:CLE:ALL;:COMP:BIN:CLE;:AMPL:ALC ON;:APER LONG,16;:BIAS:POL:AUTO OFF;:BIAS:RANG:AUTO ON;:BIAS:VOLT:LEV 0;:COMP:ABIN OFF;:COMP:BIN:COUN:STAT OFF;:COMP:MODE PTOL;:COMP:SLIM -9.9e+037,9.9e+037;:COMP:STAT OFF;:COMP:SWAP OFF;:COMP:TOL:NOM 0;:CURR:LEV 0.1;:DISP:ENAB ON;:DISP:LINE """";:DISP:WIND:TEXT1:DATA:FMSD:DATA 1e-009;:DISP:WIND:TEXT2:DATA:FMSD:DATA 1e-009;:FORM:ASC:LONG ON;:FORM:BORD NORM;:FORM:DATA ASC,64;:FREQ:CW 1592;:FUNC:DEV1:MODE OFF;:FUNC:DEV1:REF:VAL 0;:FUNC:DEV2:MODE OFF;:FUNC:DEV2:REF:VAL 0;:FUNC:IMP:TYPE LSRS;:FUNC:SMON:IDC:STAT OFF;:FUNC:SMON:VDC:STAT OFF;:INIT:CONT OFF;:LIST:MODE SEQ;:LIST:STIM:TYPE FREQ,NONE;:SOUR:DCS:VOLT:LEV 0;:TRIG:DEL 0;:TRIG:SOUR INT;:TRIG:TDEL 0;:DISP:WIND:TEXT1:DATA:FMSD:STAT OFF;:DISP:WIND:TEXT2:DATA:FMSD:STAT OFF;:FUNC:DCR:RANG:VAL 100;:FUNC:IMP:RANG:VAL 0.1;:OUTP:DC:ISOL:LEV:VAL 0.1;:OUTP:DC:ISOL:STAT OFF;:FUNC:DCR:RANG:AUTO ON;:FUNC:IMP:RANG:AUTO ON;:OUTP:DC:ISOL:LEV:AUTO ON;:DISP:PAGE MEASurement;
"
2000.0,6.080842637e-07,0.07072563436
2000.0,6.080857527e-07,0.07072437326
2000.0,6.080821241e-07,0.0707228729
2000.0,6.080874116e-07,0.07072111534
2000.0,6.080671436e-07,0.07071804177
2000.0,6.080722991e-07,0.07070198721
2000.0,6.08084204e-07,0.07068979422
2000.0,6.080732945e-07,0.0706878432
2000.0,6.080744568e-07,0.07068621929
2000.0,6.080558418e-07,0.07068466528
2000.0,6.080690185e-07,0.07068298115
2000.0,6.080899461e-07,0.07068138399
2000.0,6.080754661e-07,0.07068008032
2000.0,6.080750168e-07,0.07067840085
2000.0,6.080652685e-07,0.07067656163
2000.0,6.080540062e-07,0.0706750515
Freq,2000,Rs,0.07069606289187501,1.9407817821481887e-05,Ls,6.080747196312501e-07,1.0719997000232722e-11
":SOUR:DCS:STAT OFF;:BIAS:STAT OFF;:COMP:BIN:COUN:CLE;:LIST:CLE:ALL;:COMP:BIN:CLE;:AMPL:ALC ON;:APER LONG,16;:BIAS:POL:AUTO OFF;:BIAS:RANG:AUTO ON;:BIAS:VOLT:LEV 0;:COMP:ABIN OFF;:COMP:BIN:COUN:STAT OFF;:COMP:MODE PTOL;:COMP:SLIM -9.9e+037,9.9e+037;:COMP:STAT OFF;:COMP:SWAP OFF;:COMP:TOL:NOM 0;:CURR:LEV 0.1;:DISP:ENAB ON;:DISP:LINE """";:DISP:WIND:TEXT1:DATA:FMSD:DATA 1e-009;:DISP:WIND:TEXT2:DATA:FMSD:DATA 1e-009;:FORM:ASC:LONG ON;:FORM:BORD NORM;:FORM:DATA ASC,64;:FREQ:CW 2000;:FUNC:DEV1:MODE OFF;:FUNC:DEV1:REF:VAL 0;:FUNC:DEV2:MODE OFF;:FUNC:DEV2:REF:VAL 0;:FUNC:IMP:TYPE LSRS;:FUNC:SMON:IDC:STAT OFF;:FUNC:SMON:VDC:STAT OFF;:INIT:CONT OFF;:LIST:MODE SEQ;:LIST:STIM:TYPE FREQ,NONE;:SOUR:DCS:VOLT:LEV 0;:TRIG:DEL 0;:TRIG:SOUR INT;:TRIG:TDEL 0;:DISP:WIND:TEXT1:DATA:FMSD:STAT OFF;:DISP:WIND:TEXT2:DATA:FMSD:STAT OFF;:FUNC:DCR:RANG:VAL 100;:FUNC:IMP:RANG:VAL 0.1;:OUTP:DC:ISOL:LEV:VAL 0.1;:OUTP:DC:ISOL:STAT OFF;:FUNC:DCR:RANG:AUTO ON;:FUNC:IMP:RANG:AUTO ON;:OUTP:DC:ISOL:LEV:AUTO ON;:DISP:PAGE MEASurement;
"
3000.0,6.081347097e-07,0.07068912698
3000.0,6.081168609e-07,0.07068744098
3000.0,6.081275269e-07,0.07068549028
3000.0,6.081142426e-07,0.07068442281
3000.0,6.081209052e-07,0.07068346854
3000.0,6.086192207e-07,0.07143259608
3000.0,6.096947452e-07,0.07315456352
3000.0,6.09518729e-07,0.07281323622
3000.0,6.093323172e-07,0.0724122994
3000.0,6.093371132e-07,0.07237283082
3000.0,6.093015844e-07,0.07234535097
3000.0,6.092827244e-07,0.07232327794
3000.0,6.092772127e-07,0.07230542424
3000.0,6.09304862e-07,0.07229051727
3000.0,6.092695375e-07,0.0722768285
3000.0,6.092932927e-07,0.07226559801
Freq,3000,Rs,0.071838904535,0.0008714682205771132,Ls,6.0892784901875e-07,5.991172116934046e-10
":SOUR:DCS:STAT OFF;:BIAS:STAT OFF;:COMP:BIN:COUN:CLE;:LIST:CLE:ALL;:COMP:BIN:CLE;:AMPL:ALC ON;:APER LONG,16;:BIAS:POL:AUTO OFF;:BIAS:RANG:AUTO ON;:BIAS:VOLT:LEV 0;:COMP:ABIN OFF;:COMP:BIN:COUN:STAT OFF;:COMP:MODE PTOL;:COMP:SLIM -9.9e+037,9.9e+037;:COMP:STAT OFF;:COMP:SWAP OFF;:COMP:TOL:NOM 0;:CURR:LEV 0.1;:DISP:ENAB ON;:DISP:LINE """";:DISP:WIND:TEXT1:DATA:FMSD:DATA 1e-009;:DISP:WIND:TEXT2:DATA:FMSD:DATA 1e-009;:FORM:ASC:LONG ON;:FORM:BORD NORM;:FORM:DATA ASC,64;:FREQ:CW 3000;:FUNC:DEV1:MODE OFF;:FUNC:DEV1:REF:VAL 0;:FUNC:DEV2:MODE OFF;:FUNC:DEV2:REF:VAL 0;:FUNC:IMP:TYPE LSRS;:FUNC:SMON:IDC:STAT OFF;:FUNC:SMON:VDC:STAT OFF;:INIT:CONT OFF;:LIST:MODE SEQ;:LIST:STIM:TYPE FREQ,NONE;:SOUR:DCS:VOLT:LEV 0;:TRIG:DEL 0;:TRIG:SOUR INT;:TRIG:TDEL 0;:DISP:WIND:TEXT1:DATA:FMSD:STAT OFF;:DISP:WIND:TEXT2:DATA:FMSD:STAT OFF;:FUNC:DCR:RANG:VAL 100;:FUNC:IMP:RANG:VAL 0.1;:OUTP:DC:ISOL:LEV:VAL 0.1;:OUTP:DC:ISOL:STAT OFF;:FUNC:DCR:RANG:AUTO ON;:FUNC:IMP:RANG:AUTO ON;:OUTP:DC:ISOL:LEV:AUTO ON;:DISP:PAGE MEASurement;
"
5000.0,6.086583946e-07,0.07232994169
5000.0,6.086587605e-07,0.07232098294
5000.0,6.08646427e-07,0.0723125636
5000.0,6.086406379e-07,0.07230428572
5000.0,6.08637316e-07,0.07229193165
5000.0,6.086394071e-07,0.07228520095
5000.0,6.086310537e-07,0.07229381956
5000.0,6.086236301e-07,0.07230858928
5000.0,6.086170727e-07,0.07229984105
5000.0,6.08605947e-07,0.07229290435
5000.0,6.086144103e-07,0.07228616559
5000.0,6.086129733e-07,0.07228077414
5000.0,6.08606706e-07,0.07227548835
5000.0,6.08604459e-07,0.07227030222
5000.0,6.086039395e-07,0.07226564113
5000.0,6.085987062e-07,0.07226089264
Freq,5000,Rs,0.07229245780375,1.966896528213638e-05,Ls,6.0862499005625e-07,1.9883922278800682e-11
":SOUR:DCS:STAT OFF;:BIAS:STAT OFF;:COMP:BIN:COUN:CLE;:LIST:CLE:ALL;:COMP:BIN:CLE;:AMPL:ALC ON;:APER LONG,16;:BIAS:POL:AUTO OFF;:BIAS:RANG:AUTO ON;:BIAS:VOLT:LEV 0;:COMP:ABIN OFF;:COMP:BIN:COUN:STAT OFF;:COMP:MODE PTOL;:COMP:SLIM -9.9e+037,9.9e+037;:COMP:STAT OFF;:COMP:SWAP OFF;:COMP:TOL:NOM 0;:CURR:LEV 0.1;:DISP:ENAB ON;:DISP:LINE """";:DISP:WIND:TEXT1:DATA:FMSD:DATA 1e-009;:DISP:WIND:TEXT2:DATA:FMSD:DATA 1e-009;:FORM:ASC:LONG ON;:FORM:BORD NORM;:FORM:DATA ASC,64;:FREQ:CW 5000;:FUNC:DEV1:MODE OFF;:FUNC:DEV1:REF:VAL 0;:FUNC:DEV2:MODE OFF;:FUNC:DEV2:REF:VAL 0;:FUNC:IMP:TYPE LSRS;:FUNC:SMON:IDC:STAT OFF;:FUNC:SMON:VDC:STAT OFF;:INIT:CONT OFF;:LIST:MODE SEQ;:LIST:STIM:TYPE FREQ,NONE;:SOUR:DCS:VOLT:LEV 0;:TRIG:DEL 0;:TRIG:SOUR INT;:TRIG:TDEL 0;:DISP:WIND:TEXT1:DATA:FMSD:STAT OFF;:DISP:WIND:TEXT2:DATA:FMSD:STAT OFF;:FUNC:DCR:RANG:VAL 100;:FUNC:IMP:RANG:VAL 0.1;:OUTP:DC:ISOL:LEV:VAL 0.1;:OUTP:DC:ISOL:STAT OFF;:FUNC:DCR:RANG:AUTO ON;:FUNC:IMP:RANG:AUTO ON;:OUTP:DC:ISOL:LEV:AUTO ON;:DISP:PAGE MEASurement;
"
":SOUR:DCS:STAT OFF;:BIAS:STAT OFF;:COMP:BIN:COUN:CLE;:LIST:CLE:ALL;:COMP:BIN:CLE;:AMPL:ALC ON;:APER LONG,16;:BIAS:POL:AUTO OFF;:BIAS:RANG:AUTO ON;:BIAS:VOLT:LEV 0;:COMP:ABIN OFF;:COMP:BIN:COUN:STAT OFF;:COMP:MODE PTOL;:COMP:SLIM -9.9e+037,9.9e+037;:COMP:STAT OFF;:COMP:SWAP OFF;:COMP:TOL:NOM 0;:CURR:LEV 0.1;:DISP:ENAB ON;:DISP:LINE """";:DISP:WIND:TEXT1:DATA:FMSD:DATA 1e-009;:DISP:WIND:TEXT2:DATA:FMSD:DATA 1e-009;:FORM:ASC:LONG ON;:FORM:BORD NORM;:FORM:DATA ASC,64;:FREQ:CW 5000;:FUNC:DEV1:MODE OFF;:FUNC:DEV1:REF:VAL 0;:FUNC:DEV2:MODE OFF;:FUNC:DEV2:REF:VAL 0;:FUNC:IMP:TYPE LSRS;:FUNC:SMON:IDC:STAT OFF;:FUNC:SMON:VDC:STAT OFF;:INIT:CONT OFF;:LIST:MODE SEQ;:LIST:STIM:TYPE FREQ,NONE;:SOUR:DCS:VOLT:LEV 0;:TRIG:DEL 0;:TRIG:SOUR INT;:TRIG:TDEL 0;:DISP:WIND:TEXT1:DATA:FMSD:STAT OFF;:DISP:WIND:TEXT2:DATA:FMSD:STAT OFF;:FUNC:DCR:RANG:VAL 100;:FUNC:IMP:RANG:VAL 0.1;:OUTP:DC:ISOL:LEV:VAL 0.1;:OUTP:DC:ISOL:STAT OFF;:FUNC:DCR:RANG:AUTO ON;:FUNC:IMP:RANG:AUTO ON;:OUTP:DC:ISOL:LEV:AUTO ON;:DISP:PAGE MEASurement;
"
2022-09-23,16:28:43
---------run finished---------
lcr name:,KeySight E4980A
Name and description of Resistor under test: ,WM3R
GPIB source:,<bound method MessageBasedResource.read of <'GPIBInstrument'('GPIB0::17::INSTR')>>
2022-09-23,16:30:18
select the freq range,"[50, 100, 200, 300, 500, 800, 1000, 1591.5494309189535, 2000, 3000, 5000]"
50.0,6.461908712e-07,0.07894984507
50.0,6.445184577e-07,0.07890585809
50.0,6.373926298e-07,0.07890190096
50.0,6.455663059e-07,0.07890687501
50.0,6.505472701e-07,0.07873768983
50.0,6.399354095e-07,0.07877307789
50.0,6.555050912e-07,0.07952431133
50.0,6.529327004e-07,0.0794168708
50.0,6.521261442e-07,0.07936095657
50.0,6.479852622e-07,0.07931870544
50.0,6.456327741e-07,0.07928500402
50.0,6.474570519e-07,0.07925747241
50.0,6.482179344e-07,0.07923141752
50.0,6.552971778e-07,0.07920797737
50.0,6.489198648e-07,0.07918591791
50.0,6.402002027e-07,0.07915741531
Freq,50,Rs,0.079132580970625,0.0002384603706488703,Ls,6.4740157174375e-07,5.280092461444957e-09
":SOUR:DCS:STAT OFF;:BIAS:STAT OFF;:COMP:BIN:COUN:CLE;:LIST:CLE:ALL;:COMP:BIN:CLE;:AMPL:ALC ON;:APER LONG,16;:BIAS:POL:AUTO OFF;:BIAS:RANG:AUTO ON;:BIAS:VOLT:LEV 0;:COMP:ABIN OFF;:COMP:BIN:COUN:STAT OFF;:COMP:MODE PTOL;:COMP:SLIM -9.9e+037,9.9e+037;:COMP:STAT OFF;:COMP:SWAP OFF;:COMP:TOL:NOM 0;:CURR:LEV 0.1;:DISP:ENAB ON;:DISP:LINE """";:DISP:WIND:TEXT1:DATA:FMSD:DATA 1e-009;:DISP:WIND:TEXT2:DATA:FMSD:DATA 1e-009;:FORM:ASC:LONG ON;:FORM:BORD NORM;:FORM:DATA ASC,64;:FREQ:CW 50;:FUNC:DEV1:MODE OFF;:FUNC:DEV1:REF:VAL 0;:FUNC:DEV2:MODE OFF;:FUNC:DEV2:REF:VAL 0;:FUNC:IMP:TYPE LSRS;:FUNC:SMON:IDC:STAT OFF;:FUNC:SMON:VDC:STAT OFF;:INIT:CONT OFF;:LIST:MODE SEQ;:LIST:STIM:TYPE FREQ,NONE;:SOUR:DCS:VOLT:LEV 0;:TRIG:DEL 0;:TRIG:SOUR INT;:TRIG:TDEL 0;:DISP:WIND:TEXT1:DATA:FMSD:STAT OFF;:DISP:WIND:TEXT2:DATA:FMSD:STAT OFF;:FUNC:DCR:RANG:VAL 100;:FUNC:IMP:RANG:VAL 0.1;:OUTP:DC:ISOL:LEV:VAL 0.1;:OUTP:DC:ISOL:STAT OFF;:FUNC:DCR:RANG:AUTO ON;:FUNC:IMP:RANG:AUTO ON;:OUTP:DC:ISOL:LEV:AUTO ON;:DISP:PAGE MEASurement;
"
100.0,6.209931338e-07,0.0790856178
100.0,6.216132544e-07,0.07906890491
100.0,6.211098551e-07,0.07904792524
100.0,6.204971848e-07,0.07902910446
100.0,6.209168483e-07,0.07901277437
100.0,6.207008104e-07,0.07899597156
100.0,6.207989748e-07,0.07897955667
100.0,6.206161934e-07,0.07896468556
100.0,6.204995085e-07,0.07894893042
100.0,6.204087309e-07,0.0789338627
100.0,6.206785274e-07,0.07891917575
100.0,6.202790186e-07,0.07890490085
100.0,6.199715151e-07,0.07889266734
100.0,6.215701242e-07,0.07888131305
100.0,6.202732046e-07,0.07887214347
100.0,6.20875404e-07,0.07886174659
Freq,100,Rs,0.07896245504624999,7.217548511458811e-05,Ls,6.2073764301875e-07,4.452486850523973e-10
":SOUR:DCS:STAT OFF;:BIAS:STAT OFF;:COMP:BIN:COUN:CLE;:LIST:CLE:ALL;:COMP:BIN:CLE;:AMPL:ALC ON;:APER LONG,16;:BIAS:POL:AUTO OFF;:BIAS:RANG:AUTO ON;:BIAS:VOLT:LEV 0;:COMP:ABIN OFF;:COMP:BIN:COUN:STAT OFF;:COMP:MODE PTOL;:COMP:SLIM -9.9e+037,9.9e+037;:COMP:STAT OFF;:COMP:SWAP OFF;:COMP:TOL:NOM 0;:CURR:LEV 0.1;:DISP:ENAB ON;:DISP:LINE """";:DISP:WIND:TEXT1:DATA:FMSD:DATA 1e-009;:DISP:WIND:TEXT2:DATA:FMSD:DATA 1e-009;:FORM:ASC:LONG ON;:FORM:BORD NORM;:FORM:DATA ASC,64;:FREQ:CW 100;:FUNC:DEV1:MODE OFF;:FUNC:DEV1:REF:VAL 0;:FUNC:DEV2:MODE OFF;:FUNC:DEV2:REF:VAL 0;:FUNC:IMP:TYPE LSRS;:FUNC:SMON:IDC:STAT OFF;:FUNC:SMON:VDC:STAT OFF;:INIT:CONT OFF;:LIST:MODE SEQ;:LIST:STIM:TYPE FREQ,NONE;:SOUR:DCS:VOLT:LEV 0;:TRIG:DEL 0;:TRIG:SOUR INT;:TRIG:TDEL 0;:DISP:WIND:TEXT1:DATA:FMSD:STAT OFF;:DISP:WIND:TEXT2:DATA:FMSD:STAT OFF;:FUNC:DCR:RANG:VAL 100;:FUNC:IMP:RANG:VAL 0.1;:OUTP:DC:ISOL:LEV:VAL 0.1;:OUTP:DC:ISOL:STAT OFF;:FUNC:DCR:RANG:AUTO ON;:FUNC:IMP:RANG:AUTO ON;:OUTP:DC:ISOL:LEV:AUTO ON;:DISP:PAGE MEASurement;
"
200.0,6.207848143e-07,0.07886424444
200.0,6.20817845e-07,0.07885331727
200.0,6.205883056e-07,0.07884330513
200.0,6.208025185e-07,0.0788335875
200.0,6.207569365e-07,0.0788246334
200.0,6.209754361e-07,0.07881648351
200.0,6.20941733e-07,0.07880920838
200.0,6.208651879e-07,0.07880072668
200.0,6.208334248e-07,0.07879252614
200.0,6.209376849e-07,0.07878409559
200.0,6.207345656e-07,0.07877630704
200.0,6.208211176e-07,0.07877011086
200.0,6.206753611e-07,0.07876206874
200.0,6.208139008e-07,0.0787546917
200.0,6.209029182e-07,0.07874779224
200.0,6.208867225e-07,0.07873969505
Freq,200,Rs,0.078798299604375,3.873722646051664e-05,Ls,6.20821154525e-07,1.01266211052481e-10
":SOUR:DCS:STAT OFF;:BIAS:STAT OFF;:COMP:BIN:COUN:CLE;:LIST:CLE:ALL;:COMP:BIN:CLE;:AMPL:ALC ON;:APER LONG,16;:BIAS:POL:AUTO OFF;:BIAS:RANG:AUTO ON;:BIAS:VOLT:LEV 0;:COMP:ABIN OFF;:COMP:BIN:COUN:STAT OFF;:COMP:MODE PTOL;:COMP:SLIM -9.9e+037,9.9e+037;:COMP:STAT OFF;:COMP:SWAP OFF;:COMP:TOL:NOM 0;:CURR:LEV 0.1;:DISP:ENAB ON;:DISP:LINE """";:DISP:WIND:TEXT1:DATA:FMSD:DATA 1e-009;:DISP:WIND:TEXT2:DATA:FMSD:DATA 1e-009;:FORM:ASC:LONG ON;:FORM:BORD NORM;:FORM:DATA ASC,64;:FREQ:CW 200;:FUNC:DEV1:MODE OFF;:FUNC:DEV1:REF:VAL 0;:FUNC:DEV2:MODE OFF;:FUNC:DEV2:REF:VAL 0;:FUNC:IMP:TYPE LSRS;:FUNC:SMON:IDC:STAT OFF;:FUNC:SMON:VDC:STAT OFF;:INIT:CONT OFF;:LIST:MODE SEQ;:LIST:STIM:TYPE FREQ,NONE;:SOUR:DCS:VOLT:LEV 0;:TRIG:DEL 0;:TRIG:SOUR INT;:TRIG:TDEL 0;:DISP:WIND:TEXT1:DATA:FMSD:STAT OFF;:DISP:WIND:TEXT2:DATA:FMSD:STAT OFF;:FUNC:DCR:RANG:VAL 100;:FUNC:IMP:RANG:VAL 0.1;:OUTP:DC:ISOL:LEV:VAL 0.1;:OUTP:DC:ISOL:STAT OFF;:FUNC:DCR:RANG:AUTO ON;:FUNC:IMP:RANG:AUTO ON;:OUTP:DC:ISOL:LEV:AUTO ON;:DISP:PAGE MEASurement;
"
300.0,6.111410544e-07,0.07872895354
300.0,6.111130946e-07,0.07872138783
300.0,6.111809729e-07,0.07871499755
300.0,6.110515249e-07,0.07870846991
300.0,6.109947126e-07,0.07870157226
300.0,6.110889595e-07,0.07869430488
300.0,6.109669069e-07,0.07868799811
300.0,6.11093284e-07,0.0786820876
300.0,6.110598502e-07,0.07867748821
300.0,6.110875615e-07,0.07867188862
300.0,6.110708207e-07,0.07866582337
300.0,6.110163439e-07,0.0786611163
300.0,6.110320817e-07,0.07865556223
300.0,6.110249141e-07,0.07865016953
300.0,6.111103628e-07,0.0786446911
300.0,6.111555536e-07,0.07863931763
Freq,300,Rs,0.078681614291875,2.8118677517453697e-05,Ls,6.1107424989375e-07,5.898099867126043e-11
":SOUR:DCS:STAT OFF;:BIAS:STAT OFF;:COMP:BIN:COUN:CLE;:LIST:CLE:ALL;:COMP:BIN:CLE;:AMPL:ALC ON;:APER LONG,16;:BIAS:POL:AUTO OFF;:BIAS:RANG:AUTO ON;:BIAS:VOLT:LEV 0;:COMP:ABIN OFF;:COMP:BIN:COUN:STAT OFF;:COMP:MODE PTOL;:COMP:SLIM -9.9e+037,9.9e+037;:COMP:STAT OFF;:COMP:SWAP OFF;:COMP:TOL:NOM 0;:CURR:LEV 0.1;:DISP:ENAB ON;:DISP:LINE """";:DISP:WIND:TEXT1:DATA:FMSD:DATA 1e-009;:DISP:WIND:TEXT2:DATA:FMSD:DATA 1e-009;:FORM:ASC:LONG ON;:FORM:BORD NORM;:FORM:DATA ASC,64;:FREQ:CW 300;:FUNC:DEV1:MODE OFF;:FUNC:DEV1:REF:VAL 0;:FUNC:DEV2:MODE OFF;:FUNC:DEV2:REF:VAL 0;:FUNC:IMP:TYPE LSRS;:FUNC:SMON:IDC:STAT OFF;:FUNC:SMON:VDC:STAT OFF;:INIT:CONT OFF;:LIST:MODE SEQ;:LIST:STIM:TYPE FREQ,NONE;:SOUR:DCS:VOLT:LEV 0;:TRIG:DEL 0;:TRIG:SOUR INT;:TRIG:TDEL 0;:DISP:WIND:TEXT1:DATA:FMSD:STAT OFF;:DISP:WIND:TEXT2:DATA:FMSD:STAT OFF;:FUNC:DCR:RANG:VAL 100;:FUNC:IMP:RANG:VAL 0.1;:OUTP:DC:ISOL:LEV:VAL 0.1;:OUTP:DC:ISOL:STAT OFF;:FUNC:DCR:RANG:AUTO ON;:FUNC:IMP:RANG:AUTO ON;:OUTP:DC:ISOL:LEV:AUTO ON;:DISP:PAGE MEASurement;
"
500.0,6.063044005e-07,0.07863960521
500.0,6.063378954e-07,0.07863475219
500.0,6.06321282e-07,0.07862929638
500.0,6.06272801e-07,0.07862407542
500.0,6.0635027e-07,0.07862081197
500.0,6.062266627e-07,0.07861627016
500.0,6.062859645e-07,0.07861220039
500.0,6.063267784e-07,0.07860870971
500.0,6.063238854e-07,0.07860461666
500.0,6.062996129e-07,0.07860008265
500.0,6.062675522e-07,0.07859656779
500.0,6.06235157e-07,0.07859272497
500.0,6.063990724e-07,0.07858893699
500.0,6.063115277e-07,0.07858486511
500.0,6.062248043e-07,0.07858034136
500.0,6.062801346e-07,0.0785764627
Freq,500,Rs,0.07860689497875001,1.958579819500487e-05,Ls,6.062979875625001e-07,4.7066080573020165e-11
":SOUR:DCS:STAT OFF;:BIAS:STAT OFF;:COMP:BIN:COUN:CLE;:LIST:CLE:ALL;:COMP:BIN:CLE;:AMPL:ALC ON;:APER LONG,16;:BIAS:POL:AUTO OFF;:BIAS:RANG:AUTO ON;:BIAS:VOLT:LEV 0;:COMP:ABIN OFF;:COMP:BIN:COUN:STAT OFF;:COMP:MODE PTOL;:COMP:SLIM -9.9e+037,9.9e+037;:COMP:STAT OFF;:COMP:SWAP OFF;:COMP:TOL:NOM 0;:CURR:LEV 0.1;:DISP:ENAB ON;:DISP:LINE """";:DISP:WIND:TEXT1:DATA:FMSD:DATA 1e-009;:DISP:WIND:TEXT2:DATA:FMSD:DATA 1e-009;:FORM:ASC:LONG ON;:FORM:BORD NORM;:FORM:DATA ASC,64;:FREQ:CW 500;:FUNC:DEV1:MODE OFF;:FUNC:DEV1:REF:VAL 0;:FUNC:DEV2:MODE OFF;:FUNC:DEV2:REF:VAL 0;:FUNC:IMP:TYPE LSRS;:FUNC:SMON:IDC:STAT OFF;:FUNC:SMON:VDC:STAT OFF;:INIT:CONT OFF;:LIST:MODE SEQ;:LIST:STIM:TYPE FREQ,NONE;:SOUR:DCS:VOLT:LEV 0;:TRIG:DEL 0;:TRIG:SOUR INT;:TRIG:TDEL 0;:DISP:WIND:TEXT1:DATA:FMSD:STAT OFF;:DISP:WIND:TEXT2:DATA:FMSD:STAT OFF;:FUNC:DCR:RANG:VAL 100;:FUNC:IMP:RANG:VAL 0.1;:OUTP:DC:ISOL:LEV:VAL 0.1;:OUTP:DC:ISOL:STAT OFF;:FUNC:DCR:RANG:AUTO ON;:FUNC:IMP:RANG:AUTO ON;:OUTP:DC:ISOL:LEV:AUTO ON;:DISP:PAGE MEASurement;
"
800.0,6.049679277e-07,0.07857671096
800.0,6.049421271e-07,0.0785735248
800.0,6.049592285e-07,0.07857077084
800.0,6.049567882e-07,0.07856802382
800.0,6.049352556e-07,0.07856491894
800.0,6.049802175e-07,0.07856168569
800.0,6.049571382e-07,0.07855841731
800.0,6.049803846e-07,0.07855433436
800.0,6.049627854e-07,0.07855092364
800.0,6.049349504e-07,0.0785475869
800.0,6.049482746e-07,0.07854441797
800.0,6.049961048e-07,0.07854229322
800.0,6.049355282e-07,0.07853977641
800.0,6.04937376e-07,0.07853698852
800.0,6.049445192e-07,0.0785341781
800.0,6.049622243e-07,0.0785314606
Freq,800,Rs,0.078553500755,1.4699099231090636e-05,Ls,6.0495630189375e-07,1.8349819293777242e-11
":SOUR:DCS:STAT OFF;:BIAS:STAT OFF;:COMP:BIN:COUN:CLE;:LIST:CLE:ALL;:COMP:BIN:CLE;:AMPL:ALC ON;:APER LONG,16;:BIAS:POL:AUTO OFF;:BIAS:RANG:AUTO ON;:BIAS:VOLT:LEV 0;:COMP:ABIN OFF;:COMP:BIN:COUN:STAT OFF;:COMP:MODE PTOL;:COMP:SLIM -9.9e+037,9.9e+037;:COMP:STAT OFF;:COMP:SWAP OFF;:COMP:TOL:NOM 0;:CURR:LEV 0.1;:DISP:ENAB ON;:DISP:LINE """";:DISP:WIND:TEXT1:DATA:FMSD:DATA 1e-009;:DISP:WIND:TEXT2:DATA:FMSD:DATA 1e-009;:FORM:ASC:LONG ON;:FORM:BORD NORM;:FORM:DATA ASC,64;:FREQ:CW 800;:FUNC:DEV1:MODE OFF;:FUNC:DEV1:REF:VAL 0;:FUNC:DEV2:MODE OFF;:FUNC:DEV2:REF:VAL 0;:FUNC:IMP:TYPE LSRS;:FUNC:SMON:IDC:STAT OFF;:FUNC:SMON:VDC:STAT OFF;:INIT:CONT OFF;:LIST:MODE SEQ;:LIST:STIM:TYPE FREQ,NONE;:SOUR:DCS:VOLT:LEV 0;:TRIG:DEL 0;:TRIG:SOUR INT;:TRIG:TDEL 0;:DISP:WIND:TEXT1:DATA:FMSD:STAT OFF;:DISP:WIND:TEXT2:DATA:FMSD:STAT OFF;:FUNC:DCR:RANG:VAL 100;:FUNC:IMP:RANG:VAL 0.1;:OUTP:DC:ISOL:LEV:VAL 0.1;:OUTP:DC:ISOL:STAT OFF;:FUNC:DCR:RANG:AUTO ON;:FUNC:IMP:RANG:AUTO ON;:OUTP:DC:ISOL:LEV:AUTO ON;:DISP:PAGE MEASurement;
"
1000.0,6.044611395e-07,0.07851805945
1000.0,6.044434104e-07,0.07851604413
1000.0,6.044307706e-07,0.07851385981
1000.0,6.044418449e-07,0.07851082383
1000.0,6.04425345e-07,0.07850829675
1000.0,6.04424124e-07,0.07850570819
1000.0,6.044288539e-07,0.07850273573
1000.0,6.044425509e-07,0.07850048511
1000.0,6.044882482e-07,0.07849871757
1000.0,6.044335747e-07,0.07849686151
1000.0,6.044452315e-07,0.07849494002
1000.0,6.044572251e-07,0.07849301084
1000.0,6.044590531e-07,0.07849169376
1000.0,6.044621078e-07,0.0784905023
1000.0,6.043833923e-07,0.07848872015
1000.0,6.044017863e-07,0.07848682296
Freq,1000,Rs,0.07850108013187501,1.0097179096734035e-05,Ls,6.044392911375e-07,2.496177608813515e-11
":SOUR:DCS:STAT OFF;:BIAS:STAT OFF;:COMP:BIN:COUN:CLE;:LIST:CLE:ALL;:COMP:BIN:CLE;:AMPL:ALC ON;:APER LONG,16;:BIAS:POL:AUTO OFF;:BIAS:RANG:AUTO ON;:BIAS:VOLT:LEV 0;:COMP:ABIN OFF;:COMP:BIN:COUN:STAT OFF;:COMP:MODE PTOL;:COMP:SLIM -9.9e+037,9.9e+037;:COMP:STAT OFF;:COMP:SWAP OFF;:COMP:TOL:NOM 0;:CURR:LEV 0.1;:DISP:ENAB ON;:DISP:LINE """";:DISP:WIND:TEXT1:DATA:FMSD:DATA 1e-009;:DISP:WIND:TEXT2:DATA:FMSD:DATA 1e-009;:FORM:ASC:LONG ON;:FORM:BORD NORM;:FORM:DATA ASC,64;:FREQ:CW 1000;:FUNC:DEV1:MODE OFF;:FUNC:DEV1:REF:VAL 0;:FUNC:DEV2:MODE OFF;:FUNC:DEV2:REF:VAL 0;:FUNC:IMP:TYPE LSRS;:FUNC:SMON:IDC:STAT OFF;:FUNC:SMON:VDC:STAT OFF;:INIT:CONT OFF;:LIST:MODE SEQ;:LIST:STIM:TYPE FREQ,NONE;:SOUR:DCS:VOLT:LEV 0;:TRIG:DEL 0;:TRIG:SOUR INT;:TRIG:TDEL 0;:DISP:WIND:TEXT1:DATA:FMSD:STAT OFF;:DISP:WIND:TEXT2:DATA:FMSD:STAT OFF;:FUNC:DCR:RANG:VAL 100;:FUNC:IMP:RANG:VAL 0.1;:OUTP:DC:ISOL:LEV:VAL 0.1;:OUTP:DC:ISOL:STAT OFF;:FUNC:DCR:RANG:AUTO ON;:FUNC:IMP:RANG:AUTO ON;:OUTP:DC:ISOL:LEV:AUTO ON;:DISP:PAGE MEASurement;
"
1591.5494309189535,6.047377468e-07,0.07848687621
1591.5494309189535,6.047207206e-07,0.07848513105
1591.5494309189535,6.047338523e-07,0.07848327265
1591.5494309189535,6.047392261e-07,0.07848281525
1591.5494309189535,6.047542307e-07,0.07848171237
1591.5494309189535,6.047357891e-07,0.07847967531
1591.5494309189535,6.047172238e-07,0.0784779903
1591.5494309189535,6.047462384e-07,0.07847673734
1591.5494309189535,6.047403586e-07,0.07847445485
1591.5494309189535,6.047344742e-07,0.07847234901
1591.5494309189535,6.047287714e-07,0.07847009809
1591.5494309189535,6.04718166e-07,0.07846812469
1591.5494309189535,6.047342145e-07,0.07846731425
1591.5494309189535,6.047330749e-07,0.07847100539
1591.5494309189535,6.047365879e-07,0.07846883972
1591.5494309189535,6.047137234e-07,0.07846700142
Freq,1591.5494309189535,Rs,0.07847583736875,6.8138615797056925e-06,Ls,6.0473277491875e-07,1.0877662665856106e-11
":SOUR:DCS:STAT OFF;:BIAS:STAT OFF;:COMP:BIN:COUN:CLE;:LIST:CLE:ALL;:COMP:BIN:CLE;:AMPL:ALC ON;:APER LONG,16;:BIAS:POL:AUTO OFF;:BIAS:RANG:AUTO ON;:BIAS:VOLT:LEV 0;:COMP:ABIN OFF;:COMP:BIN:COUN:STAT OFF;:COMP:MODE PTOL;:COMP:SLIM -9.9e+037,9.9e+037;:COMP:STAT OFF;:COMP:SWAP OFF;:COMP:TOL:NOM 0;:CURR:LEV 0.1;:DISP:ENAB ON;:DISP:LINE """";:DISP:WIND:TEXT1:DATA:FMSD:DATA 1e-009;:DISP:WIND:TEXT2:DATA:FMSD:DATA 1e-009;:FORM:ASC:LONG ON;:FORM:BORD NORM;:FORM:DATA ASC,64;:FREQ:CW 1592;:FUNC:DEV1:MODE OFF;:FUNC:DEV1:REF:VAL 0;:FUNC:DEV2:MODE OFF;:FUNC:DEV2:REF:VAL 0;:FUNC:IMP:TYPE LSRS;:FUNC:SMON:IDC:STAT OFF;:FUNC:SMON:VDC:STAT OFF;:INIT:CONT OFF;:LIST:MODE SEQ;:LIST:STIM:TYPE FREQ,NONE;:SOUR:DCS:VOLT:LEV 0;:TRIG:DEL 0;:TRIG:SOUR INT;:TRIG:TDEL 0;:DISP:WIND:TEXT1:DATA:FMSD:STAT OFF;:DISP:WIND:TEXT2:DATA:FMSD:STAT OFF;:FUNC:DCR:RANG:VAL 100;:FUNC:IMP:RANG:VAL 0.1;:OUTP:DC:ISOL:LEV:VAL 0.1;:OUTP:DC:ISOL:STAT OFF;:FUNC:DCR:RANG:AUTO ON;:FUNC:IMP:RANG:AUTO ON;:OUTP:DC:ISOL:LEV:AUTO ON;:DISP:PAGE MEASurement;
"
2000.0,6.052363235e-07,0.07847201984
2000.0,6.052369996e-07,0.07846999907
2000.0,6.05237618e-07,0.07846833698
2000.0,6.05240687e-07,0.07846578361
2000.0,6.052441537e-07,0.07846379627
2000.0,6.052526342e-07,0.07846149497
2000.0,6.052440419e-07,0.07845904246
2000.0,6.052634761e-07,0.07845673246
2000.0,6.052481686e-07,0.07845429053
2000.0,6.052376652e-07,0.07845235322
2000.0,6.05253974e-07,0.07845049879
2000.0,6.052482823e-07,0.07844837484
2000.0,6.052410683e-07,0.07844582584
2000.0,6.052331119e-07,0.07844375714
2000.0,6.052563912e-07,0.07844129958
2000.0,6.052470044e-07,0.07843915213
Freq,2000,Rs,0.078455797358125,1.0515460965093031e-05,Ls,6.0524509999375e-07,8.403226186591164e-12
":SOUR:DCS:STAT OFF;:BIAS:STAT OFF;:COMP:BIN:COUN:CLE;:LIST:CLE:ALL;:COMP:BIN:CLE;:AMPL:ALC ON;:APER LONG,16;:BIAS:POL:AUTO OFF;:BIAS:RANG:AUTO ON;:BIAS:VOLT:LEV 0;:COMP:ABIN OFF;:COMP:BIN:COUN:STAT OFF;:COMP:MODE PTOL;:COMP:SLIM -9.9e+037,9.9e+037;:COMP:STAT OFF;:COMP:SWAP OFF;:COMP:TOL:NOM 0;:CURR:LEV 0.1;:DISP:ENAB ON;:DISP:LINE """";:DISP:WIND:TEXT1:DATA:FMSD:DATA 1e-009;:DISP:WIND:TEXT2:DATA:FMSD:DATA 1e-009;:FORM:ASC:LONG ON;:FORM:BORD NORM;:FORM:DATA ASC,64;:FREQ:CW 2000;:FUNC:DEV1:MODE OFF;:FUNC:DEV1:REF:VAL 0;:FUNC:DEV2:MODE OFF;:FUNC:DEV2:REF:VAL 0;:FUNC:IMP:TYPE LSRS;:FUNC:SMON:IDC:STAT OFF;:FUNC:SMON:VDC:STAT OFF;:INIT:CONT OFF;:LIST:MODE SEQ;:LIST:STIM:TYPE FREQ,NONE;:SOUR:DCS:VOLT:LEV 0;:TRIG:DEL 0;:TRIG:SOUR INT;:TRIG:TDEL 0;:DISP:WIND:TEXT1:DATA:FMSD:STAT OFF;:DISP:WIND:TEXT2:DATA:FMSD:STAT OFF;:FUNC:DCR:RANG:VAL 100;:FUNC:IMP:RANG:VAL 0.1;:OUTP:DC:ISOL:LEV:VAL 0.1;:OUTP:DC:ISOL:STAT OFF;:FUNC:DCR:RANG:AUTO ON;:FUNC:IMP:RANG:AUTO ON;:OUTP:DC:ISOL:LEV:AUTO ON;:DISP:PAGE MEASurement;
"
3000.0,6.054222654e-07,0.07845093144
3000.0,6.054144683e-07,0.07844963462
3000.0,6.054111797e-07,0.07844716136
3000.0,6.053839264e-07,0.07844591712
3000.0,6.053800901e-07,0.07845702627
3000.0,6.053764225e-07,0.07843347296
3000.0,6.05378293e-07,0.07842866629
3000.0,6.053959896e-07,0.07842355947
3000.0,6.053878827e-07,0.07841834231
3000.0,6.053739526e-07,0.07841476941
3000.0,6.053678183e-07,0.07840964793
3000.0,6.055193533e-07,0.07820803394
3000.0,6.056158701e-07,0.07792357954
3000.0,6.056048707e-07,0.0778888729
3000.0,6.056065908e-07,0.0778668422
3000.0,6.056060541e-07,0.07784964125
Freq,3000,Rs,0.078282256188125,0.0002457912021016096,Ls,6.05452814225e-07,9.923529299621852e-11
":SOUR:DCS:STAT OFF;:BIAS:STAT OFF;:COMP:BIN:COUN:CLE;:LIST:CLE:ALL;:COMP:BIN:CLE;:AMPL:ALC ON;:APER LONG,16;:BIAS:POL:AUTO OFF;:BIAS:RANG:AUTO ON;:BIAS:VOLT:LEV 0;:COMP:ABIN OFF;:COMP:BIN:COUN:STAT OFF;:COMP:MODE PTOL;:COMP:SLIM -9.9e+037,9.9e+037;:COMP:STAT OFF;:COMP:SWAP OFF;:COMP:TOL:NOM 0;:CURR:LEV 0.1;:DISP:ENAB ON;:DISP:LINE """";:DISP:WIND:TEXT1:DATA:FMSD:DATA 1e-009;:DISP:WIND:TEXT2:DATA:FMSD:DATA 1e-009;:FORM:ASC:LONG ON;:FORM:BORD NORM;:FORM:DATA ASC,64;:FREQ:CW 3000;:FUNC:DEV1:MODE OFF;:FUNC:DEV1:REF:VAL 0;:FUNC:DEV2:MODE OFF;:FUNC:DEV2:REF:VAL 0;:FUNC:IMP:TYPE LSRS;:FUNC:SMON:IDC:STAT OFF;:FUNC:SMON:VDC:STAT OFF;:INIT:CONT OFF;:LIST:MODE SEQ;:LIST:STIM:TYPE FREQ,NONE;:SOUR:DCS:VOLT:LEV 0;:TRIG:DEL 0;:TRIG:SOUR INT;:TRIG:TDEL 0;:DISP:WIND:TEXT1:DATA:FMSD:STAT OFF;:DISP:WIND:TEXT2:DATA:FMSD:STAT OFF;:FUNC:DCR:RANG:VAL 100;:FUNC:IMP:RANG:VAL 0.1;:OUTP:DC:ISOL:LEV:VAL 0.1;:OUTP:DC:ISOL:STAT OFF;:FUNC:DCR:RANG:AUTO ON;:FUNC:IMP:RANG:AUTO ON;:OUTP:DC:ISOL:LEV:AUTO ON;:DISP:PAGE MEASurement;
"
5000.0,6.050735863e-07,0.07788995857
5000.0,6.050773111e-07,0.07783536058
5000.0,6.05071132e-07,0.07782452451
5000.0,6.050560052e-07,0.07781532226
5000.0,6.050615674e-07,0.07780706259
5000.0,6.050680226e-07,0.07779982728
5000.0,6.05041299e-07,0.07779353642
5000.0,6.050534025e-07,0.07778477082
5000.0,6.050706687e-07,0.07777830012
5000.0,6.050410112e-07,0.07777341518
5000.0,6.050435532e-07,0.07776794686
5000.0,6.050406546e-07,0.07776331905
5000.0,6.050359218e-07,0.07775318047
5000.0,6.050616815e-07,0.07773007554
5000.0,6.050378815e-07,0.07771995806
5000.0,6.05034694e-07,0.07771431225
Freq,5000,Rs,0.07778442941,4.5464122182224025e-05,Ls,6.050542745375e-07,1.5035660636322395e-11
":SOUR:DCS:STAT OFF;:BIAS:STAT OFF;:COMP:BIN:COUN:CLE;:LIST:CLE:ALL;:COMP:BIN:CLE;:AMPL:ALC ON;:APER LONG,16;:BIAS:POL:AUTO OFF;:BIAS:RANG:AUTO ON;:BIAS:VOLT:LEV 0;:COMP:ABIN OFF;:COMP:BIN:COUN:STAT OFF;:COMP:MODE PTOL;:COMP:SLIM -9.9e+037,9.9e+037;:COMP:STAT OFF;:COMP:SWAP OFF;:COMP:TOL:NOM 0;:CURR:LEV 0.1;:DISP:ENAB ON;:DISP:LINE """";:DISP:WIND:TEXT1:DATA:FMSD:DATA 1e-009;:DISP:WIND:TEXT2:DATA:FMSD:DATA 1e-009;:FORM:ASC:LONG ON;:FORM:BORD NORM;:FORM:DATA ASC,64;:FREQ:CW 5000;:FUNC:DEV1:MODE OFF;:FUNC:DEV1:REF:VAL 0;:FUNC:DEV2:MODE OFF;:FUNC:DEV2:REF:VAL 0;:FUNC:IMP:TYPE LSRS;:FUNC:SMON:IDC:STAT OFF;:FUNC:SMON:VDC:STAT OFF;:INIT:CONT OFF;:LIST:MODE SEQ;:LIST:STIM:TYPE FREQ,NONE;:SOUR:DCS:VOLT:LEV 0;:TRIG:DEL 0;:TRIG:SOUR INT;:TRIG:TDEL 0;:DISP:WIND:TEXT1:DATA:FMSD:STAT OFF;:DISP:WIND:TEXT2:DATA:FMSD:STAT OFF;:FUNC:DCR:RANG:VAL 100;:FUNC:IMP:RANG:VAL 0.1;:OUTP:DC:ISOL:LEV:VAL 0.1;:OUTP:DC:ISOL:STAT OFF;:FUNC:DCR:RANG:AUTO ON;:FUNC:IMP:RANG:AUTO ON;:OUTP:DC:ISOL:LEV:AUTO ON;:DISP:PAGE MEASurement;
"
":SOUR:DCS:STAT OFF;:BIAS:STAT OFF;:COMP:BIN:COUN:CLE;:LIST:CLE:ALL;:COMP:BIN:CLE;:AMPL:ALC ON;:APER LONG,16;:BIAS:POL:AUTO OFF;:BIAS:RANG:AUTO ON;:BIAS:VOLT:LEV 0;:COMP:ABIN OFF;:COMP:BIN:COUN:STAT OFF;:COMP:MODE PTOL;:COMP:SLIM -9.9e+037,9.9e+037;:COMP:STAT OFF;:COMP:SWAP OFF;:COMP:TOL:NOM 0;:CURR:LEV 0.1;:DISP:ENAB ON;:DISP:LINE """";:DISP:WIND:TEXT1:DATA:FMSD:DATA 1e-009;:DISP:WIND:TEXT2:DATA:FMSD:DATA 1e-009;:FORM:ASC:LONG ON;:FORM:BORD NORM;:FORM:DATA ASC,64;:FREQ:CW 5000;:FUNC:DEV1:MODE OFF;:FUNC:DEV1:REF:VAL 0;:FUNC:DEV2:MODE OFF;:FUNC:DEV2:REF:VAL 0;:FUNC:IMP:TYPE LSRS;:FUNC:SMON:IDC:STAT OFF;:FUNC:SMON:VDC:STAT OFF;:INIT:CONT OFF;:LIST:MODE SEQ;:LIST:STIM:TYPE FREQ,NONE;:SOUR:DCS:VOLT:LEV 0;:TRIG:DEL 0;:TRIG:SOUR INT;:TRIG:TDEL 0;:DISP:WIND:TEXT1:DATA:FMSD:STAT OFF;:DISP:WIND:TEXT2:DATA:FMSD:STAT OFF;:FUNC:DCR:RANG:VAL 100;:FUNC:IMP:RANG:VAL 0.1;:OUTP:DC:ISOL:LEV:VAL 0.1;:OUTP:DC:ISOL:STAT OFF;:FUNC:DCR:RANG:AUTO ON;:FUNC:IMP:RANG:AUTO ON;:OUTP:DC:ISOL:LEV:AUTO ON;:DISP:PAGE MEASurement;
"
2022-09-23,16:41:35
---------run finished---------
