lcr name:,KeySight E4980A
Name and description of Resistor under test: ,Zero at 16-09-22
GPIB source:,<bound method MessageBasedResource.read of <'GPIBInstrument'('GPIB0::17::INSTR')>>
2022-09-16,09:12:51
select the freq range,"[50, 100, 200, 300, 500, 800, 1000, 1591.5494309189535, 2000, 3000, 5000]"
50.0,1.141064107e-07,0.002172655486
50.0,1.087921976e-07,0.002167187309
50.0,1.228127392e-07,0.002170309434
50.0,1.216569734e-07,0.002170721218
50.0,1.153131886e-07,0.002167512478
50.0,1.058750824e-07,0.002170957162
50.0,1.186645545e-07,0.00217181183
50.0,1.238585474e-07,0.002168137395
50.0,1.2509104e-07,0.002165996074
50.0,1.204316134e-07,0.002165167071
50.0,1.202211762e-07,0.002164961803
50.0,1.237650823e-07,0.00216524774
50.0,1.214519869e-07,0.002166661831
50.0,1.155310917e-07,0.002168199323
50.0,1.065633846e-07,0.002166945176
50.0,1.0112386e-07,0.002165287295
Freq,50,Rs,0.0021679849140624997,2.5527622737323466e-06,Ls,1.1657868305625e-07,7.398790365947869e-09
":SOUR:DCS:STAT OFF;:BIAS:STAT OFF;:COMP:BIN:COUN:CLE;:LIST:CLE:ALL;:COMP:BIN:CLE;:AMPL:ALC ON;:APER LONG,16;:BIAS:POL:AUTO OFF;:BIAS:RANG:AUTO ON;:BIAS:VOLT:LEV 0;:COMP:ABIN OFF;:COMP:BIN:COUN:STAT OFF;:COMP:MODE PTOL;:COMP:SLIM -9.9e+037,9.9e+037;:COMP:STAT OFF;:COMP:SWAP OFF;:COMP:TOL:NOM 0;:CURR:LEV 0.1;:DISP:ENAB ON;:DISP:LINE """";:DISP:WIND:TEXT1:DATA:FMSD:DATA 1e-009;:DISP:WIND:TEXT2:DATA:FMSD:DATA 1e-009;:FORM:ASC:LONG ON;:FORM:BORD NORM;:FORM:DATA ASC,64;:FREQ:CW 50;:FUNC:DEV1:MODE OFF;:FUNC:DEV1:REF:VAL 0;:FUNC:DEV2:MODE OFF;:FUNC:DEV2:REF:VAL 0;:FUNC:IMP:TYPE LSRS;:FUNC:SMON:IDC:STAT OFF;:FUNC:SMON:VDC:STAT OFF;:INIT:CONT OFF;:LIST:MODE SEQ;:LIST:STIM:TYPE FREQ,NONE;:SOUR:DCS:VOLT:LEV 0;:TRIG:DEL 0;:TRIG:SOUR INT;:TRIG:TDEL 0;:DISP:WIND:TEXT1:DATA:FMSD:STAT OFF;:DISP:WIND:TEXT2:DATA:FMSD:STAT OFF;:FUNC:DCR:RANG:VAL 100;:FUNC:IMP:RANG:VAL 0.1;:OUTP:DC:ISOL:LEV:VAL 0.1;:OUTP:DC:ISOL:STAT OFF;:FUNC:DCR:RANG:AUTO ON;:FUNC:IMP:RANG:AUTO ON;:OUTP:DC:ISOL:LEV:AUTO ON;:DISP:PAGE MEASurement;
"
100.0,5.984800213e-08,0.002144570893
100.0,5.931506739e-08,0.002144733931
100.0,5.951833967e-08,0.00214396169
100.0,5.953870753e-08,0.002144062173
100.0,5.978264691e-08,0.002143549154
100.0,5.999923881e-08,0.002143700358
100.0,6.022233504e-08,0.002143096704
100.0,5.926751127e-08,0.002142787075
100.0,6.016881184e-08,0.002142585082
100.0,5.972859962e-08,0.00214215881
100.0,5.938728409e-08,0.002142122578
100.0,5.96176321e-08,0.002141543308
100.0,5.960275556e-08,0.002141520067
100.0,6.057806628e-08,0.002141447938
100.0,5.964776545e-08,0.002141082641
100.0,5.980850037e-08,0.002140337156
Freq,100,Rs,0.002142703722375,1.3192733930835182e-06,Ls,5.975195400375001e-08,3.5235366705769896e-10
":SOUR:DCS:STAT OFF;:BIAS:STAT OFF;:COMP:BIN:COUN:CLE;:LIST:CLE:ALL;:COMP:BIN:CLE;:AMPL:ALC ON;:APER LONG,16;:BIAS:POL:AUTO OFF;:BIAS:RANG:AUTO ON;:BIAS:VOLT:LEV 0;:COMP:ABIN OFF;:COMP:BIN:COUN:STAT OFF;:COMP:MODE PTOL;:COMP:SLIM -9.9e+037,9.9e+037;:COMP:STAT OFF;:COMP:SWAP OFF;:COMP:TOL:NOM 0;:CURR:LEV 0.1;:DISP:ENAB ON;:DISP:LINE """";:DISP:WIND:TEXT1:DATA:FMSD:DATA 1e-009;:DISP:WIND:TEXT2:DATA:FMSD:DATA 1e-009;:FORM:ASC:LONG ON;:FORM:BORD NORM;:FORM:DATA ASC,64;:FREQ:CW 100;:FUNC:DEV1:MODE OFF;:FUNC:DEV1:REF:VAL 0;:FUNC:DEV2:MODE OFF;:FUNC:DEV2:REF:VAL 0;:FUNC:IMP:TYPE LSRS;:FUNC:SMON:IDC:STAT OFF;:FUNC:SMON:VDC:STAT OFF;:INIT:CONT OFF;:LIST:MODE SEQ;:LIST:STIM:TYPE FREQ,NONE;:SOUR:DCS:VOLT:LEV 0;:TRIG:DEL 0;:TRIG:SOUR INT;:TRIG:TDEL 0;:DISP:WIND:TEXT1:DATA:FMSD:STAT OFF;:DISP:WIND:TEXT2:DATA:FMSD:STAT OFF;:FUNC:DCR:RANG:VAL 100;:FUNC:IMP:RANG:VAL 0.1;:OUTP:DC:ISOL:LEV:VAL 0.1;:OUTP:DC:ISOL:STAT OFF;:FUNC:DCR:RANG:AUTO ON;:FUNC:IMP:RANG:AUTO ON;:OUTP:DC:ISOL:LEV:AUTO ON;:DISP:PAGE MEASurement;
"
200.0,5.61234588e-08,0.00216145691
200.0,5.618965004e-08,0.002161380413
200.0,5.621385385e-08,0.002160862732
200.0,5.606952836e-08,0.002161031043
200.0,5.627763508e-08,0.002161036446
200.0,5.616875541e-08,0.002160317209
200.0,5.638520998e-08,0.002160268615
200.0,5.616156821e-08,0.002160108961
200.0,5.651911213e-08,0.002160442574
200.0,5.638423714e-08,0.002159991353
200.0,5.641844133e-08,0.002159569632
200.0,5.621655333e-08,0.002159366701
200.0,5.629973736e-08,0.002159464755
200.0,5.6435228e-08,0.002159067801
200.0,5.615609499e-08,0.002159081108
200.0,5.613656582e-08,0.002158668667
Freq,200,Rs,0.0021601321825,8.706058787179625e-07,Ls,5.6259726864374995e-08,1.3263600608769691e-10
":SOUR:DCS:STAT OFF;:BIAS:STAT OFF;:COMP:BIN:COUN:CLE;:LIST:CLE:ALL;:COMP:BIN:CLE;:AMPL:ALC ON;:APER LONG,16;:BIAS:POL:AUTO OFF;:BIAS:RANG:AUTO ON;:BIAS:VOLT:LEV 0;:COMP:ABIN OFF;:COMP:BIN:COUN:STAT OFF;:COMP:MODE PTOL;:COMP:SLIM -9.9e+037,9.9e+037;:COMP:STAT OFF;:COMP:SWAP OFF;:COMP:TOL:NOM 0;:CURR:LEV 0.1;:DISP:ENAB ON;:DISP:LINE """";:DISP:WIND:TEXT1:DATA:FMSD:DATA 1e-009;:DISP:WIND:TEXT2:DATA:FMSD:DATA 1e-009;:FORM:ASC:LONG ON;:FORM:BORD NORM;:FORM:DATA ASC,64;:FREQ:CW 200;:FUNC:DEV1:MODE OFF;:FUNC:DEV1:REF:VAL 0;:FUNC:DEV2:MODE OFF;:FUNC:DEV2:REF:VAL 0;:FUNC:IMP:TYPE LSRS;:FUNC:SMON:IDC:STAT OFF;:FUNC:SMON:VDC:STAT OFF;:INIT:CONT OFF;:LIST:MODE SEQ;:LIST:STIM:TYPE FREQ,NONE;:SOUR:DCS:VOLT:LEV 0;:TRIG:DEL 0;:TRIG:SOUR INT;:TRIG:TDEL 0;:DISP:WIND:TEXT1:DATA:FMSD:STAT OFF;:DISP:WIND:TEXT2:DATA:FMSD:STAT OFF;:FUNC:DCR:RANG:VAL 100;:FUNC:IMP:RANG:VAL 0.1;:OUTP:DC:ISOL:LEV:VAL 0.1;:OUTP:DC:ISOL:STAT OFF;:FUNC:DCR:RANG:AUTO ON;:FUNC:IMP:RANG:AUTO ON;:OUTP:DC:ISOL:LEV:AUTO ON;:DISP:PAGE MEASurement;
"
300.0,4.269232735e-08,0.002166149007
300.0,4.27940721e-08,0.00216578728
300.0,4.275130291e-08,0.002165569951
300.0,4.280188628e-08,0.002165687357
300.0,4.282174004e-08,0.002165384926
300.0,4.290367297e-08,0.002165364219
300.0,4.284585134e-08,0.002165149209
300.0,4.280557808e-08,0.002164979009
300.0,4.280415615e-08,0.00216465614
300.0,4.274378936e-08,0.002164666961
300.0,4.284208414e-08,0.002164702869
300.0,4.289082701e-08,0.002164558906
300.0,4.283286335e-08,0.002164243133
300.0,4.295020178e-08,0.002164128032
300.0,4.287276461e-08,0.002164084318
300.0,4.271330804e-08,0.002163821439
Freq,300,Rs,0.0021649332972499997,6.851924714245227e-07,Ls,4.2816651594375e-08,6.955552130788253e-11
":SOUR:DCS:STAT OFF;:BIAS:STAT OFF;:COMP:BIN:COUN:CLE;:LIST:CLE:ALL;:COMP:BIN:CLE;:AMPL:ALC ON;:APER LONG,16;:BIAS:POL:AUTO OFF;:BIAS:RANG:AUTO ON;:BIAS:VOLT:LEV 0;:COMP:ABIN OFF;:COMP:BIN:COUN:STAT OFF;:COMP:MODE PTOL;:COMP:SLIM -9.9e+037,9.9e+037;:COMP:STAT OFF;:COMP:SWAP OFF;:COMP:TOL:NOM 0;:CURR:LEV 0.1;:DISP:ENAB ON;:DISP:LINE """";:DISP:WIND:TEXT1:DATA:FMSD:DATA 1e-009;:DISP:WIND:TEXT2:DATA:FMSD:DATA 1e-009;:FORM:ASC:LONG ON;:FORM:BORD NORM;:FORM:DATA ASC,64;:FREQ:CW 300;:FUNC:DEV1:MODE OFF;:FUNC:DEV1:REF:VAL 0;:FUNC:DEV2:MODE OFF;:FUNC:DEV2:REF:VAL 0;:FUNC:IMP:TYPE LSRS;:FUNC:SMON:IDC:STAT OFF;:FUNC:SMON:VDC:STAT OFF;:INIT:CONT OFF;:LIST:MODE SEQ;:LIST:STIM:TYPE FREQ,NONE;:SOUR:DCS:VOLT:LEV 0;:TRIG:DEL 0;:TRIG:SOUR INT;:TRIG:TDEL 0;:DISP:WIND:TEXT1:DATA:FMSD:STAT OFF;:DISP:WIND:TEXT2:DATA:FMSD:STAT OFF;:FUNC:DCR:RANG:VAL 100;:FUNC:IMP:RANG:VAL 0.1;:OUTP:DC:ISOL:LEV:VAL 0.1;:OUTP:DC:ISOL:STAT OFF;:FUNC:DCR:RANG:AUTO ON;:FUNC:IMP:RANG:AUTO ON;:OUTP:DC:ISOL:LEV:AUTO ON;:DISP:PAGE MEASurement;
"
500.0,3.575766299e-08,0.002174294234
500.0,3.576816351e-08,0.002173677952
500.0,3.573053016e-08,0.002173980503
500.0,3.57366049e-08,0.002173747519
500.0,3.582058794e-08,0.002173927682
500.0,3.574991846e-08,0.002173671412
500.0,3.581895209e-08,0.002173489861
500.0,3.579592763e-08,0.002173272156
500.0,3.569209478e-08,0.002173440651
500.0,3.575019756e-08,0.002173179134
500.0,3.569507564e-08,0.002172973679
500.0,3.578724612e-08,0.002172940263
500.0,3.584609925e-08,0.002172897911
500.0,3.575406573e-08,0.00217274907
500.0,3.578082541e-08,0.002172844766
500.0,3.581345502e-08,0.002172574781
Freq,500,Rs,0.002173353848375,5.023765960324738e-07,Ls,3.5768587949375e-08,4.415933552786946e-11
":SOUR:DCS:STAT OFF;:BIAS:STAT OFF;:COMP:BIN:COUN:CLE;:LIST:CLE:ALL;:COMP:BIN:CLE;:AMPL:ALC ON;:APER LONG,16;:BIAS:POL:AUTO OFF;:BIAS:RANG:AUTO ON;:BIAS:VOLT:LEV 0;:COMP:ABIN OFF;:COMP:BIN:COUN:STAT OFF;:COMP:MODE PTOL;:COMP:SLIM -9.9e+037,9.9e+037;:COMP:STAT OFF;:COMP:SWAP OFF;:COMP:TOL:NOM 0;:CURR:LEV 0.1;:DISP:ENAB ON;:DISP:LINE """";:DISP:WIND:TEXT1:DATA:FMSD:DATA 1e-009;:DISP:WIND:TEXT2:DATA:FMSD:DATA 1e-009;:FORM:ASC:LONG ON;:FORM:BORD NORM;:FORM:DATA ASC,64;:FREQ:CW 500;:FUNC:DEV1:MODE OFF;:FUNC:DEV1:REF:VAL 0;:FUNC:DEV2:MODE OFF;:FUNC:DEV2:REF:VAL 0;:FUNC:IMP:TYPE LSRS;:FUNC:SMON:IDC:STAT OFF;:FUNC:SMON:VDC:STAT OFF;:INIT:CONT OFF;:LIST:MODE SEQ;:LIST:STIM:TYPE FREQ,NONE;:SOUR:DCS:VOLT:LEV 0;:TRIG:DEL 0;:TRIG:SOUR INT;:TRIG:TDEL 0;:DISP:WIND:TEXT1:DATA:FMSD:STAT OFF;:DISP:WIND:TEXT2:DATA:FMSD:STAT OFF;:FUNC:DCR:RANG:VAL 100;:FUNC:IMP:RANG:VAL 0.1;:OUTP:DC:ISOL:LEV:VAL 0.1;:OUTP:DC:ISOL:STAT OFF;:FUNC:DCR:RANG:AUTO ON;:FUNC:IMP:RANG:AUTO ON;:OUTP:DC:ISOL:LEV:AUTO ON;:DISP:PAGE MEASurement;
"
800.0,3.355798417e-08,0.002180105924
800.0,3.355496831e-08,0.002180285608
800.0,3.355596472e-08,0.002180122137
800.0,3.356700453e-08,0.002179759299
800.0,3.352795172e-08,0.002179730459
800.0,3.357115046e-08,0.002179694402
800.0,3.357155412e-08,0.002179459778
800.0,3.353089698e-08,0.002179554702
800.0,3.34993176e-08,0.002179367427
800.0,3.3590963e-08,0.002179281361
800.0,3.357732204e-08,0.002179363197
800.0,3.357763767e-08,0.002179126263
800.0,3.355392701e-08,0.002179104454
800.0,3.353316016e-08,0.002178956321
800.0,3.356561928e-08,0.00217896707
800.0,3.356717159e-08,0.002178899656
Freq,800,Rs,0.002179486128625,4.359887630274473e-07,Ls,3.3556412085e-08,2.3256733028976163e-11
":SOUR:DCS:STAT OFF;:BIAS:STAT OFF;:COMP:BIN:COUN:CLE;:LIST:CLE:ALL;:COMP:BIN:CLE;:AMPL:ALC ON;:APER LONG,16;:BIAS:POL:AUTO OFF;:BIAS:RANG:AUTO ON;:BIAS:VOLT:LEV 0;:COMP:ABIN OFF;:COMP:BIN:COUN:STAT OFF;:COMP:MODE PTOL;:COMP:SLIM -9.9e+037,9.9e+037;:COMP:STAT OFF;:COMP:SWAP OFF;:COMP:TOL:NOM 0;:CURR:LEV 0.1;:DISP:ENAB ON;:DISP:LINE """";:DISP:WIND:TEXT1:DATA:FMSD:DATA 1e-009;:DISP:WIND:TEXT2:DATA:FMSD:DATA 1e-009;:FORM:ASC:LONG ON;:FORM:BORD NORM;:FORM:DATA ASC,64;:FREQ:CW 800;:FUNC:DEV1:MODE OFF;:FUNC:DEV1:REF:VAL 0;:FUNC:DEV2:MODE OFF;:FUNC:DEV2:REF:VAL 0;:FUNC:IMP:TYPE LSRS;:FUNC:SMON:IDC:STAT OFF;:FUNC:SMON:VDC:STAT OFF;:INIT:CONT OFF;:LIST:MODE SEQ;:LIST:STIM:TYPE FREQ,NONE;:SOUR:DCS:VOLT:LEV 0;:TRIG:DEL 0;:TRIG:SOUR INT;:TRIG:TDEL 0;:DISP:WIND:TEXT1:DATA:FMSD:STAT OFF;:DISP:WIND:TEXT2:DATA:FMSD:STAT OFF;:FUNC:DCR:RANG:VAL 100;:FUNC:IMP:RANG:VAL 0.1;:OUTP:DC:ISOL:LEV:VAL 0.1;:OUTP:DC:ISOL:STAT OFF;:FUNC:DCR:RANG:AUTO ON;:FUNC:IMP:RANG:AUTO ON;:OUTP:DC:ISOL:LEV:AUTO ON;:DISP:PAGE MEASurement;
"
1000.0,3.276493391e-08,0.002170394717
1000.0,3.275094963e-08,0.002170528325
1000.0,3.276449061e-08,0.002170478394
1000.0,3.272931597e-08,0.002170457943
1000.0,3.277847264e-08,0.002170216997
1000.0,3.272947294e-08,0.002170290042
1000.0,3.273679672e-08,0.002170505915
1000.0,3.272456276e-08,0.002170104717
1000.0,3.274493774e-08,0.002170063098
1000.0,3.274798468e-08,0.002170003635
1000.0,3.274485712e-08,0.002169818113
1000.0,3.275889608e-08,0.00216984499
1000.0,3.276699545e-08,0.002169912846
1000.0,3.276587102e-08,0.002169717653
1000.0,3.273401982e-08,0.002170007798
1000.0,3.27683012e-08,0.002169769126
Freq,1000,Rs,0.0021701321443125003,2.821370856600857e-07,Ls,3.2750678643125e-08,1.6681536209545198e-11
":SOUR:DCS:STAT OFF;:BIAS:STAT OFF;:COMP:BIN:COUN:CLE;:LIST:CLE:ALL;:COMP:BIN:CLE;:AMPL:ALC ON;:APER LONG,16;:BIAS:POL:AUTO OFF;:BIAS:RANG:AUTO ON;:BIAS:VOLT:LEV 0;:COMP:ABIN OFF;:COMP:BIN:COUN:STAT OFF;:COMP:MODE PTOL;:COMP:SLIM -9.9e+037,9.9e+037;:COMP:STAT OFF;:COMP:SWAP OFF;:COMP:TOL:NOM 0;:CURR:LEV 0.1;:DISP:ENAB ON;:DISP:LINE """";:DISP:WIND:TEXT1:DATA:FMSD:DATA 1e-009;:DISP:WIND:TEXT2:DATA:FMSD:DATA 1e-009;:FORM:ASC:LONG ON;:FORM:BORD NORM;:FORM:DATA ASC,64;:FREQ:CW 1000;:FUNC:DEV1:MODE OFF;:FUNC:DEV1:REF:VAL 0;:FUNC:DEV2:MODE OFF;:FUNC:DEV2:REF:VAL 0;:FUNC:IMP:TYPE LSRS;:FUNC:SMON:IDC:STAT OFF;:FUNC:SMON:VDC:STAT OFF;:INIT:CONT OFF;:LIST:MODE SEQ;:LIST:STIM:TYPE FREQ,NONE;:SOUR:DCS:VOLT:LEV 0;:TRIG:DEL 0;:TRIG:SOUR INT;:TRIG:TDEL 0;:DISP:WIND:TEXT1:DATA:FMSD:STAT OFF;:DISP:WIND:TEXT2:DATA:FMSD:STAT OFF;:FUNC:DCR:RANG:VAL 100;:FUNC:IMP:RANG:VAL 0.1;:OUTP:DC:ISOL:LEV:VAL 0.1;:OUTP:DC:ISOL:STAT OFF;:FUNC:DCR:RANG:AUTO ON;:FUNC:IMP:RANG:AUTO ON;:OUTP:DC:ISOL:LEV:AUTO ON;:DISP:PAGE MEASurement;
"
1591.5494309189535,3.258838292e-08,0.002165367868
1591.5494309189535,3.256603377e-08,0.002165364266
1591.5494309189535,3.25847611e-08,0.002165273946
1591.5494309189535,3.256964445e-08,0.002165132823
1591.5494309189535,3.255459756e-08,0.002165360964
1591.5494309189535,3.25676584e-08,0.002165118024
1591.5494309189535,3.257411378e-08,0.002165016847
1591.5494309189535,3.259084525e-08,0.002165072209
1591.5494309189535,3.258197825e-08,0.002164998691
1591.5494309189535,3.258026908e-08,0.002165012131
1591.5494309189535,3.25565644e-08,0.002164677269
1591.5494309189535,3.257395589e-08,0.002164936985
1591.5494309189535,3.256749031e-08,0.002164719072
1591.5494309189535,3.257542432e-08,0.002164649794
1591.5494309189535,3.257424756e-08,0.002164576083
1591.5494309189535,3.258623782e-08,0.00216444904
Freq,1591.5494309189535,Rs,0.0021649828757500005,2.9426044379254036e-07,Ls,3.257451280375e-08,1.0653719168958655e-11
":SOUR:DCS:STAT OFF;:BIAS:STAT OFF;:COMP:BIN:COUN:CLE;:LIST:CLE:ALL;:COMP:BIN:CLE;:AMPL:ALC ON;:APER LONG,16;:BIAS:POL:AUTO OFF;:BIAS:RANG:AUTO ON;:BIAS:VOLT:LEV 0;:COMP:ABIN OFF;:COMP:BIN:COUN:STAT OFF;:COMP:MODE PTOL;:COMP:SLIM -9.9e+037,9.9e+037;:COMP:STAT OFF;:COMP:SWAP OFF;:COMP:TOL:NOM 0;:CURR:LEV 0.1;:DISP:ENAB ON;:DISP:LINE """";:DISP:WIND:TEXT1:DATA:FMSD:DATA 1e-009;:DISP:WIND:TEXT2:DATA:FMSD:DATA 1e-009;:FORM:ASC:LONG ON;:FORM:BORD NORM;:FORM:DATA ASC,64;:FREQ:CW 1592;:FUNC:DEV1:MODE OFF;:FUNC:DEV1:REF:VAL 0;:FUNC:DEV2:MODE OFF;:FUNC:DEV2:REF:VAL 0;:FUNC:IMP:TYPE LSRS;:FUNC:SMON:IDC:STAT OFF;:FUNC:SMON:VDC:STAT OFF;:INIT:CONT OFF;:LIST:MODE SEQ;:LIST:STIM:TYPE FREQ,NONE;:SOUR:DCS:VOLT:LEV 0;:TRIG:DEL 0;:TRIG:SOUR INT;:TRIG:TDEL 0;:DISP:WIND:TEXT1:DATA:FMSD:STAT OFF;:DISP:WIND:TEXT2:DATA:FMSD:STAT OFF;:FUNC:DCR:RANG:VAL 100;:FUNC:IMP:RANG:VAL 0.1;:OUTP:DC:ISOL:LEV:VAL 0.1;:OUTP:DC:ISOL:STAT OFF;:FUNC:DCR:RANG:AUTO ON;:FUNC:IMP:RANG:AUTO ON;:OUTP:DC:ISOL:LEV:AUTO ON;:DISP:PAGE MEASurement;
"
2000.0,3.305775323e-08,0.002169272727
2000.0,3.304813042e-08,0.002169163092
2000.0,3.3044206e-08,0.00216927186
2000.0,3.306196074e-08,0.002168988435
2000.0,3.306522071e-08,0.002169123582
2000.0,3.305205236e-08,0.00216902693
2000.0,3.305238058e-08,0.002169032272
2000.0,3.305571152e-08,0.002168952568
2000.0,3.305114853e-08,0.002168679816
2000.0,3.305145375e-08,0.002168729023
2000.0,3.304601208e-08,0.002168780844
2000.0,3.305483317e-08,0.002168378181
2000.0,3.305079611e-08,0.002168546775
2000.0,3.30478331e-08,0.002168554727
2000.0,3.304739857e-08,0.002168303194
2000.0,3.304331278e-08,0.002168636139
Freq,2000,Rs,0.0021688400103125,3.073555335374686e-07,Ls,3.3051887728125004e-08,6.093183751312406e-12
":SOUR:DCS:STAT OFF;:BIAS:STAT OFF;:COMP:BIN:COUN:CLE;:LIST:CLE:ALL;:COMP:BIN:CLE;:AMPL:ALC ON;:APER LONG,16;:BIAS:POL:AUTO OFF;:BIAS:RANG:AUTO ON;:BIAS:VOLT:LEV 0;:COMP:ABIN OFF;:COMP:BIN:COUN:STAT OFF;:COMP:MODE PTOL;:COMP:SLIM -9.9e+037,9.9e+037;:COMP:STAT OFF;:COMP:SWAP OFF;:COMP:TOL:NOM 0;:CURR:LEV 0.1;:DISP:ENAB ON;:DISP:LINE """";:DISP:WIND:TEXT1:DATA:FMSD:DATA 1e-009;:DISP:WIND:TEXT2:DATA:FMSD:DATA 1e-009;:FORM:ASC:LONG ON;:FORM:BORD NORM;:FORM:DATA ASC,64;:FREQ:CW 2000;:FUNC:DEV1:MODE OFF;:FUNC:DEV1:REF:VAL 0;:FUNC:DEV2:MODE OFF;:FUNC:DEV2:REF:VAL 0;:FUNC:IMP:TYPE LSRS;:FUNC:SMON:IDC:STAT OFF;:FUNC:SMON:VDC:STAT OFF;:INIT:CONT OFF;:LIST:MODE SEQ;:LIST:STIM:TYPE FREQ,NONE;:SOUR:DCS:VOLT:LEV 0;:TRIG:DEL 0;:TRIG:SOUR INT;:TRIG:TDEL 0;:DISP:WIND:TEXT1:DATA:FMSD:STAT OFF;:DISP:WIND:TEXT2:DATA:FMSD:STAT OFF;:FUNC:DCR:RANG:VAL 100;:FUNC:IMP:RANG:VAL 0.1;:OUTP:DC:ISOL:LEV:VAL 0.1;:OUTP:DC:ISOL:STAT OFF;:FUNC:DCR:RANG:AUTO ON;:FUNC:IMP:RANG:AUTO ON;:OUTP:DC:ISOL:LEV:AUTO ON;:DISP:PAGE MEASurement;
"
3000.0,3.311546061e-08,0.002164239173
3000.0,3.310112006e-08,0.002164097443
3000.0,3.313041637e-08,0.00216416018
3000.0,3.311424241e-08,0.002163985139
3000.0,3.310747038e-08,0.002163988538
3000.0,3.310813619e-08,0.002163869368
3000.0,3.311319522e-08,0.002163908863
3000.0,3.310323722e-08,0.002163785279
3000.0,3.311003284e-08,0.002163840453
3000.0,3.311759805e-08,0.002163671975
3000.0,3.311315438e-08,0.002163548458
3000.0,3.3099432e-08,0.002163556984
3000.0,3.309908879e-08,0.002163595748
3000.0,3.311825172e-08,0.002163426385
3000.0,3.309478515e-08,0.002163333981
3000.0,3.311389404e-08,0.002163626892
Freq,3000,Rs,0.0021637896786875,2.6644291009740955e-07,Ls,3.3109969714375005e-08,9.02760688263712e-12
":SOUR:DCS:STAT OFF;:BIAS:STAT OFF;:COMP:BIN:COUN:CLE;:LIST:CLE:ALL;:COMP:BIN:CLE;:AMPL:ALC ON;:APER LONG,16;:BIAS:POL:AUTO OFF;:BIAS:RANG:AUTO ON;:BIAS:VOLT:LEV 0;:COMP:ABIN OFF;:COMP:BIN:COUN:STAT OFF;:COMP:MODE PTOL;:COMP:SLIM -9.9e+037,9.9e+037;:COMP:STAT OFF;:COMP:SWAP OFF;:COMP:TOL:NOM 0;:CURR:LEV 0.1;:DISP:ENAB ON;:DISP:LINE """";:DISP:WIND:TEXT1:DATA:FMSD:DATA 1e-009;:DISP:WIND:TEXT2:DATA:FMSD:DATA 1e-009;:FORM:ASC:LONG ON;:FORM:BORD NORM;:FORM:DATA ASC,64;:FREQ:CW 3000;:FUNC:DEV1:MODE OFF;:FUNC:DEV1:REF:VAL 0;:FUNC:DEV2:MODE OFF;:FUNC:DEV2:REF:VAL 0;:FUNC:IMP:TYPE LSRS;:FUNC:SMON:IDC:STAT OFF;:FUNC:SMON:VDC:STAT OFF;:INIT:CONT OFF;:LIST:MODE SEQ;:LIST:STIM:TYPE FREQ,NONE;:SOUR:DCS:VOLT:LEV 0;:TRIG:DEL 0;:TRIG:SOUR INT;:TRIG:TDEL 0;:DISP:WIND:TEXT1:DATA:FMSD:STAT OFF;:DISP:WIND:TEXT2:DATA:FMSD:STAT OFF;:FUNC:DCR:RANG:VAL 100;:FUNC:IMP:RANG:VAL 0.1;:OUTP:DC:ISOL:LEV:VAL 0.1;:OUTP:DC:ISOL:STAT OFF;:FUNC:DCR:RANG:AUTO ON;:FUNC:IMP:RANG:AUTO ON;:OUTP:DC:ISOL:LEV:AUTO ON;:DISP:PAGE MEASurement;
"
5000.0,3.282606978e-08,0.002179467936
5000.0,3.283508136e-08,0.002179318953
5000.0,3.282474134e-08,0.002179626418
5000.0,3.282163061e-08,0.00217967922
5000.0,3.283185149e-08,0.002179350957
5000.0,3.281831016e-08,0.002179622712
5000.0,3.283859351e-08,0.002179425503
5000.0,3.282447636e-08,0.00217899455
5000.0,3.282542968e-08,0.002179107322
5000.0,3.281360327e-08,0.002178954191
5000.0,3.282407671e-08,0.002179090232
5000.0,3.281519598e-08,0.002178902706
5000.0,3.281764379e-08,0.002179078035
5000.0,3.28183021e-08,0.00217917093
5000.0,3.283154104e-08,0.002178853651
5000.0,3.281901717e-08,0.002178808759
Freq,5000,Rs,0.0021792157546875,2.8823355313723184e-07,Ls,3.2824097771875e-08,7.222763930300864e-12
":SOUR:DCS:STAT OFF;:BIAS:STAT OFF;:COMP:BIN:COUN:CLE;:LIST:CLE:ALL;:COMP:BIN:CLE;:AMPL:ALC ON;:APER LONG,16;:BIAS:POL:AUTO OFF;:BIAS:RANG:AUTO ON;:BIAS:VOLT:LEV 0;:COMP:ABIN OFF;:COMP:BIN:COUN:STAT OFF;:COMP:MODE PTOL;:COMP:SLIM -9.9e+037,9.9e+037;:COMP:STAT OFF;:COMP:SWAP OFF;:COMP:TOL:NOM 0;:CURR:LEV 0.1;:DISP:ENAB ON;:DISP:LINE """";:DISP:WIND:TEXT1:DATA:FMSD:DATA 1e-009;:DISP:WIND:TEXT2:DATA:FMSD:DATA 1e-009;:FORM:ASC:LONG ON;:FORM:BORD NORM;:FORM:DATA ASC,64;:FREQ:CW 5000;:FUNC:DEV1:MODE OFF;:FUNC:DEV1:REF:VAL 0;:FUNC:DEV2:MODE OFF;:FUNC:DEV2:REF:VAL 0;:FUNC:IMP:TYPE LSRS;:FUNC:SMON:IDC:STAT OFF;:FUNC:SMON:VDC:STAT OFF;:INIT:CONT OFF;:LIST:MODE SEQ;:LIST:STIM:TYPE FREQ,NONE;:SOUR:DCS:VOLT:LEV 0;:TRIG:DEL 0;:TRIG:SOUR INT;:TRIG:TDEL 0;:DISP:WIND:TEXT1:DATA:FMSD:STAT OFF;:DISP:WIND:TEXT2:DATA:FMSD:STAT OFF;:FUNC:DCR:RANG:VAL 100;:FUNC:IMP:RANG:VAL 0.1;:OUTP:DC:ISOL:LEV:VAL 0.1;:OUTP:DC:ISOL:STAT OFF;:FUNC:DCR:RANG:AUTO ON;:FUNC:IMP:RANG:AUTO ON;:OUTP:DC:ISOL:LEV:AUTO ON;:DISP:PAGE MEASurement;
"
":SOUR:DCS:STAT OFF;:BIAS:STAT OFF;:COMP:BIN:COUN:CLE;:LIST:CLE:ALL;:COMP:BIN:CLE;:AMPL:ALC ON;:APER LONG,16;:BIAS:POL:AUTO OFF;:BIAS:RANG:AUTO ON;:BIAS:VOLT:LEV 0;:COMP:ABIN OFF;:COMP:BIN:COUN:STAT OFF;:COMP:MODE PTOL;:COMP:SLIM -9.9e+037,9.9e+037;:COMP:STAT OFF;:COMP:SWAP OFF;:COMP:TOL:NOM 0;:CURR:LEV 0.1;:DISP:ENAB ON;:DISP:LINE """";:DISP:WIND:TEXT1:DATA:FMSD:DATA 1e-009;:DISP:WIND:TEXT2:DATA:FMSD:DATA 1e-009;:FORM:ASC:LONG ON;:FORM:BORD NORM;:FORM:DATA ASC,64;:FREQ:CW 5000;:FUNC:DEV1:MODE OFF;:FUNC:DEV1:REF:VAL 0;:FUNC:DEV2:MODE OFF;:FUNC:DEV2:REF:VAL 0;:FUNC:IMP:TYPE LSRS;:FUNC:SMON:IDC:STAT OFF;:FUNC:SMON:VDC:STAT OFF;:INIT:CONT OFF;:LIST:MODE SEQ;:LIST:STIM:TYPE FREQ,NONE;:SOUR:DCS:VOLT:LEV 0;:TRIG:DEL 0;:TRIG:SOUR INT;:TRIG:TDEL 0;:DISP:WIND:TEXT1:DATA:FMSD:STAT OFF;:DISP:WIND:TEXT2:DATA:FMSD:STAT OFF;:FUNC:DCR:RANG:VAL 100;:FUNC:IMP:RANG:VAL 0.1;:OUTP:DC:ISOL:LEV:VAL 0.1;:OUTP:DC:ISOL:STAT OFF;:FUNC:DCR:RANG:AUTO ON;:FUNC:IMP:RANG:AUTO ON;:OUTP:DC:ISOL:LEV:AUTO ON;:DISP:PAGE MEASurement;
"
2022-09-16,09:24:09
---------run finished---------
lcr name:,KeySight E4980A
Name and description of Resistor under test: ,BE8
GPIB source:,<bound method MessageBasedResource.read of <'GPIBInstrument'('GPIB0::17::INSTR')>>
2022-09-16,11:33:54
select the freq range,"[50, 100, 200, 300, 500, 800, 1000, 1591.5494309189535, 2000, 3000, 5000]"
50.0,8.423186284e-07,0.09186799039
50.0,8.51162092e-07,0.09186599278
50.0,8.588309662e-07,0.09186104434
50.0,8.584426041e-07,0.09185755263
50.0,8.548225488e-07,0.09185286488
50.0,8.502622958e-07,0.09184805086
50.0,8.46615899e-07,0.0918453448
50.0,8.527922082e-07,0.0918438486
50.0,8.532739693e-07,0.09184157357
50.0,8.560283955e-07,0.0918432131
50.0,8.502783884e-07,0.09184330972
50.0,8.385057584e-07,0.09184200991
50.0,8.404607697e-07,0.09183614128
50.0,8.43002094e-07,0.09183435128
50.0,8.465585538e-07,0.09183137651
50.0,8.476904756e-07,0.09182864894
Freq,50,Rs,0.091846457099375,1.1816493009323995e-05,Ls,8.4944035295e-07,6.237419850814534e-09
":SOUR:DCS:STAT OFF;:BIAS:STAT OFF;:COMP:BIN:COUN:CLE;:LIST:CLE:ALL;:COMP:BIN:CLE;:AMPL:ALC ON;:APER LONG,16;:BIAS:POL:AUTO OFF;:BIAS:RANG:AUTO ON;:BIAS:VOLT:LEV 0;:COMP:ABIN OFF;:COMP:BIN:COUN:STAT OFF;:COMP:MODE PTOL;:COMP:SLIM -9.9e+037,9.9e+037;:COMP:STAT OFF;:COMP:SWAP OFF;:COMP:TOL:NOM 0;:CURR:LEV 0.1;:DISP:ENAB ON;:DISP:LINE """";:DISP:WIND:TEXT1:DATA:FMSD:DATA 1e-009;:DISP:WIND:TEXT2:DATA:FMSD:DATA 1e-009;:FORM:ASC:LONG ON;:FORM:BORD NORM;:FORM:DATA ASC,64;:FREQ:CW 50;:FUNC:DEV1:MODE OFF;:FUNC:DEV1:REF:VAL 0;:FUNC:DEV2:MODE OFF;:FUNC:DEV2:REF:VAL 0;:FUNC:IMP:TYPE LSRS;:FUNC:SMON:IDC:STAT OFF;:FUNC:SMON:VDC:STAT OFF;:INIT:CONT OFF;:LIST:MODE SEQ;:LIST:STIM:TYPE FREQ,NONE;:SOUR:DCS:VOLT:LEV 0;:TRIG:DEL 0;:TRIG:SOUR INT;:TRIG:TDEL 0;:DISP:WIND:TEXT1:DATA:FMSD:STAT OFF;:DISP:WIND:TEXT2:DATA:FMSD:STAT OFF;:FUNC:DCR:RANG:VAL 100;:FUNC:IMP:RANG:VAL 0.1;:OUTP:DC:ISOL:LEV:VAL 0.1;:OUTP:DC:ISOL:STAT OFF;:FUNC:DCR:RANG:AUTO ON;:FUNC:IMP:RANG:AUTO ON;:OUTP:DC:ISOL:LEV:AUTO ON;:DISP:PAGE MEASurement;
"
100.0,8.205602839e-07,0.09180716769
100.0,8.208728302e-07,0.09180479148
100.0,8.204882812e-07,0.09180301308
100.0,8.212572441e-07,0.09180114495
100.0,8.203715852e-07,0.0917991103
100.0,8.211884063e-07,0.09179732252
100.0,8.205165732e-07,0.09179547406
100.0,8.20380318e-07,0.09179344611
100.0,8.207577196e-07,0.09179138812
100.0,8.206043538e-07,0.09178919601
100.0,8.204492943e-07,0.09178772941
100.0,8.212852795e-07,0.09178592853
100.0,8.210696389e-07,0.09178377496
100.0,8.209843453e-07,0.09178251392
100.0,8.209350775e-07,0.09178094357
100.0,8.21068532e-07,0.09177905723
Freq,100,Rs,0.09179262512125,8.92982526699225e-06,Ls,8.207993601875e-07,3.220211320122397e-10
":SOUR:DCS:STAT OFF;:BIAS:STAT OFF;:COMP:BIN:COUN:CLE;:LIST:CLE:ALL;:COMP:BIN:CLE;:AMPL:ALC ON;:APER LONG,16;:BIAS:POL:AUTO OFF;:BIAS:RANG:AUTO ON;:BIAS:VOLT:LEV 0;:COMP:ABIN OFF;:COMP:BIN:COUN:STAT OFF;:COMP:MODE PTOL;:COMP:SLIM -9.9e+037,9.9e+037;:COMP:STAT OFF;:COMP:SWAP OFF;:COMP:TOL:NOM 0;:CURR:LEV 0.1;:DISP:ENAB ON;:DISP:LINE """";:DISP:WIND:TEXT1:DATA:FMSD:DATA 1e-009;:DISP:WIND:TEXT2:DATA:FMSD:DATA 1e-009;:FORM:ASC:LONG ON;:FORM:BORD NORM;:FORM:DATA ASC,64;:FREQ:CW 100;:FUNC:DEV1:MODE OFF;:FUNC:DEV1:REF:VAL 0;:FUNC:DEV2:MODE OFF;:FUNC:DEV2:REF:VAL 0;:FUNC:IMP:TYPE LSRS;:FUNC:SMON:IDC:STAT OFF;:FUNC:SMON:VDC:STAT OFF;:INIT:CONT OFF;:LIST:MODE SEQ;:LIST:STIM:TYPE FREQ,NONE;:SOUR:DCS:VOLT:LEV 0;:TRIG:DEL 0;:TRIG:SOUR INT;:TRIG:TDEL 0;:DISP:WIND:TEXT1:DATA:FMSD:STAT OFF;:DISP:WIND:TEXT2:DATA:FMSD:STAT OFF;:FUNC:DCR:RANG:VAL 100;:FUNC:IMP:RANG:VAL 0.1;:OUTP:DC:ISOL:LEV:VAL 0.1;:OUTP:DC:ISOL:STAT OFF;:FUNC:DCR:RANG:AUTO ON;:FUNC:IMP:RANG:AUTO ON;:OUTP:DC:ISOL:LEV:AUTO ON;:DISP:PAGE MEASurement;
"
200.0,8.212931451e-07,0.09180194356
200.0,8.213048295e-07,0.09180053588
200.0,8.211736128e-07,0.09179942454
200.0,8.213059727e-07,0.09179841116
200.0,8.211507785e-07,0.09179708575
200.0,8.214062957e-07,0.09179596819
200.0,8.215271485e-07,0.09179508886
200.0,8.21291331e-07,0.09179420763
200.0,8.215200868e-07,0.09179317422
200.0,8.214593951e-07,0.09179240541
200.0,8.216009773e-07,0.0917914807
200.0,8.21404923e-07,0.09179072149
200.0,8.2163534e-07,0.09178949749
200.0,8.214850816e-07,0.09178855146
200.0,8.214347971e-07,0.09178742527
200.0,8.213666614e-07,0.09178642595
Freq,200,Rs,0.09179389672249999,4.76114939611414e-06,Ls,8.213975235062499e-07,1.3997787218607296e-10
":SOUR:DCS:STAT OFF;:BIAS:STAT OFF;:COMP:BIN:COUN:CLE;:LIST:CLE:ALL;:COMP:BIN:CLE;:AMPL:ALC ON;:APER LONG,16;:BIAS:POL:AUTO OFF;:BIAS:RANG:AUTO ON;:BIAS:VOLT:LEV 0;:COMP:ABIN OFF;:COMP:BIN:COUN:STAT OFF;:COMP:MODE PTOL;:COMP:SLIM -9.9e+037,9.9e+037;:COMP:STAT OFF;:COMP:SWAP OFF;:COMP:TOL:NOM 0;:CURR:LEV 0.1;:DISP:ENAB ON;:DISP:LINE """";:DISP:WIND:TEXT1:DATA:FMSD:DATA 1e-009;:DISP:WIND:TEXT2:DATA:FMSD:DATA 1e-009;:FORM:ASC:LONG ON;:FORM:BORD NORM;:FORM:DATA ASC,64;:FREQ:CW 200;:FUNC:DEV1:MODE OFF;:FUNC:DEV1:REF:VAL 0;:FUNC:DEV2:MODE OFF;:FUNC:DEV2:REF:VAL 0;:FUNC:IMP:TYPE LSRS;:FUNC:SMON:IDC:STAT OFF;:FUNC:SMON:VDC:STAT OFF;:INIT:CONT OFF;:LIST:MODE SEQ;:LIST:STIM:TYPE FREQ,NONE;:SOUR:DCS:VOLT:LEV 0;:TRIG:DEL 0;:TRIG:SOUR INT;:TRIG:TDEL 0;:DISP:WIND:TEXT1:DATA:FMSD:STAT OFF;:DISP:WIND:TEXT2:DATA:FMSD:STAT OFF;:FUNC:DCR:RANG:VAL 100;:FUNC:IMP:RANG:VAL 0.1;:OUTP:DC:ISOL:LEV:VAL 0.1;:OUTP:DC:ISOL:STAT OFF;:FUNC:DCR:RANG:AUTO ON;:FUNC:IMP:RANG:AUTO ON;:OUTP:DC:ISOL:LEV:AUTO ON;:DISP:PAGE MEASurement;
"
300.0,8.124791189e-07,0.09178756878
300.0,8.12558012e-07,0.09178615974
300.0,8.123246032e-07,0.09178489466
300.0,8.122752918e-07,0.09178355953
300.0,8.122626543e-07,0.09178193638
300.0,8.122357441e-07,0.09178105967
300.0,8.123390557e-07,0.09177933098
300.0,8.12337857e-07,0.09177842024
300.0,8.122839672e-07,0.09177790826
300.0,8.122635992e-07,0.09177678679
300.0,8.125149473e-07,0.091775817
300.0,8.122790948e-07,0.09177436642
300.0,8.123741113e-07,0.09177363202
300.0,8.123811209e-07,0.09177240926
300.0,8.123371939e-07,0.09177169216
300.0,8.122989587e-07,0.09177095425
Freq,300,Rs,0.09177853100875,5.279498836990534e-06,Ls,8.1234658314375e-07,9.497746136340985e-11
":SOUR:DCS:STAT OFF;:BIAS:STAT OFF;:COMP:BIN:COUN:CLE;:LIST:CLE:ALL;:COMP:BIN:CLE;:AMPL:ALC ON;:APER LONG,16;:BIAS:POL:AUTO OFF;:BIAS:RANG:AUTO ON;:BIAS:VOLT:LEV 0;:COMP:ABIN OFF;:COMP:BIN:COUN:STAT OFF;:COMP:MODE PTOL;:COMP:SLIM -9.9e+037,9.9e+037;:COMP:STAT OFF;:COMP:SWAP OFF;:COMP:TOL:NOM 0;:CURR:LEV 0.1;:DISP:ENAB ON;:DISP:LINE """";:DISP:WIND:TEXT1:DATA:FMSD:DATA 1e-009;:DISP:WIND:TEXT2:DATA:FMSD:DATA 1e-009;:FORM:ASC:LONG ON;:FORM:BORD NORM;:FORM:DATA ASC,64;:FREQ:CW 300;:FUNC:DEV1:MODE OFF;:FUNC:DEV1:REF:VAL 0;:FUNC:DEV2:MODE OFF;:FUNC:DEV2:REF:VAL 0;:FUNC:IMP:TYPE LSRS;:FUNC:SMON:IDC:STAT OFF;:FUNC:SMON:VDC:STAT OFF;:INIT:CONT OFF;:LIST:MODE SEQ;:LIST:STIM:TYPE FREQ,NONE;:SOUR:DCS:VOLT:LEV 0;:TRIG:DEL 0;:TRIG:SOUR INT;:TRIG:TDEL 0;:DISP:WIND:TEXT1:DATA:FMSD:STAT OFF;:DISP:WIND:TEXT2:DATA:FMSD:STAT OFF;:FUNC:DCR:RANG:VAL 100;:FUNC:IMP:RANG:VAL 0.1;:OUTP:DC:ISOL:LEV:VAL 0.1;:OUTP:DC:ISOL:STAT OFF;:FUNC:DCR:RANG:AUTO ON;:FUNC:IMP:RANG:AUTO ON;:OUTP:DC:ISOL:LEV:AUTO ON;:DISP:PAGE MEASurement;
"
500.0,8.080437874e-07,0.09178038093
500.0,8.081325289e-07,0.09178026245
500.0,8.080982136e-07,0.09177952902
500.0,8.080438791e-07,0.09177886301
500.0,8.080834003e-07,0.09177838029
500.0,8.080942627e-07,0.09177767922
500.0,8.081145069e-07,0.0917766828
500.0,8.081281374e-07,0.09177639373
500.0,8.080765037e-07,0.09177526371
500.0,8.081009939e-07,0.09177487397
500.0,8.081298075e-07,0.0917737812
500.0,8.080781049e-07,0.09177302515
500.0,8.081349598e-07,0.0917722864
500.0,8.081491881e-07,0.09177144452
500.0,8.08119514e-07,0.0917708934
500.0,8.080967558e-07,0.09177013261
Freq,500,Rs,0.091775617025625,3.4195677117911475e-06,Ls,8.08101534e-07,3.119576487915949e-11
":SOUR:DCS:STAT OFF;:BIAS:STAT OFF;:COMP:BIN:COUN:CLE;:LIST:CLE:ALL;:COMP:BIN:CLE;:AMPL:ALC ON;:APER LONG,16;:BIAS:POL:AUTO OFF;:BIAS:RANG:AUTO ON;:BIAS:VOLT:LEV 0;:COMP:ABIN OFF;:COMP:BIN:COUN:STAT OFF;:COMP:MODE PTOL;:COMP:SLIM -9.9e+037,9.9e+037;:COMP:STAT OFF;:COMP:SWAP OFF;:COMP:TOL:NOM 0;:CURR:LEV 0.1;:DISP:ENAB ON;:DISP:LINE """";:DISP:WIND:TEXT1:DATA:FMSD:DATA 1e-009;:DISP:WIND:TEXT2:DATA:FMSD:DATA 1e-009;:FORM:ASC:LONG ON;:FORM:BORD NORM;:FORM:DATA ASC,64;:FREQ:CW 500;:FUNC:DEV1:MODE OFF;:FUNC:DEV1:REF:VAL 0;:FUNC:DEV2:MODE OFF;:FUNC:DEV2:REF:VAL 0;:FUNC:IMP:TYPE LSRS;:FUNC:SMON:IDC:STAT OFF;:FUNC:SMON:VDC:STAT OFF;:INIT:CONT OFF;:LIST:MODE SEQ;:LIST:STIM:TYPE FREQ,NONE;:SOUR:DCS:VOLT:LEV 0;:TRIG:DEL 0;:TRIG:SOUR INT;:TRIG:TDEL 0;:DISP:WIND:TEXT1:DATA:FMSD:STAT OFF;:DISP:WIND:TEXT2:DATA:FMSD:STAT OFF;:FUNC:DCR:RANG:VAL 100;:FUNC:IMP:RANG:VAL 0.1;:OUTP:DC:ISOL:LEV:VAL 0.1;:OUTP:DC:ISOL:STAT OFF;:FUNC:DCR:RANG:AUTO ON;:FUNC:IMP:RANG:AUTO ON;:OUTP:DC:ISOL:LEV:AUTO ON;:DISP:PAGE MEASurement;
"
800.0,8.070161563e-07,0.09177631997
800.0,8.070373441e-07,0.09177567779
800.0,8.070113876e-07,0.09177475823
800.0,8.070335363e-07,0.09177467044
800.0,8.07024114e-07,0.09177433618
800.0,8.070599038e-07,0.09177371885
800.0,8.070475679e-07,0.09177338287
800.0,8.070074404e-07,0.0917729377
800.0,8.070219345e-07,0.09177269986
800.0,8.069759736e-07,0.0917722588
800.0,8.070293369e-07,0.09177198847
800.0,8.069955898e-07,0.09177215403
800.0,8.069958719e-07,0.09177189565
800.0,8.070504772e-07,0.09177182069
800.0,8.069823486e-07,0.09177166015
800.0,8.069819424e-07,0.09177150653
Freq,800,Rs,0.091773236638125,1.5197689587875597e-06,Ls,8.0701693283125e-07,2.5757306710561396e-11
":SOUR:DCS:STAT OFF;:BIAS:STAT OFF;:COMP:BIN:COUN:CLE;:LIST:CLE:ALL;:COMP:BIN:CLE;:AMPL:ALC ON;:APER LONG,16;:BIAS:POL:AUTO OFF;:BIAS:RANG:AUTO ON;:BIAS:VOLT:LEV 0;:COMP:ABIN OFF;:COMP:BIN:COUN:STAT OFF;:COMP:MODE PTOL;:COMP:SLIM -9.9e+037,9.9e+037;:COMP:STAT OFF;:COMP:SWAP OFF;:COMP:TOL:NOM 0;:CURR:LEV 0.1;:DISP:ENAB ON;:DISP:LINE """";:DISP:WIND:TEXT1:DATA:FMSD:DATA 1e-009;:DISP:WIND:TEXT2:DATA:FMSD:DATA 1e-009;:FORM:ASC:LONG ON;:FORM:BORD NORM;:FORM:DATA ASC,64;:FREQ:CW 800;:FUNC:DEV1:MODE OFF;:FUNC:DEV1:REF:VAL 0;:FUNC:DEV2:MODE OFF;:FUNC:DEV2:REF:VAL 0;:FUNC:IMP:TYPE LSRS;:FUNC:SMON:IDC:STAT OFF;:FUNC:SMON:VDC:STAT OFF;:INIT:CONT OFF;:LIST:MODE SEQ;:LIST:STIM:TYPE FREQ,NONE;:SOUR:DCS:VOLT:LEV 0;:TRIG:DEL 0;:TRIG:SOUR INT;:TRIG:TDEL 0;:DISP:WIND:TEXT1:DATA:FMSD:STAT OFF;:DISP:WIND:TEXT2:DATA:FMSD:STAT OFF;:FUNC:DCR:RANG:VAL 100;:FUNC:IMP:RANG:VAL 0.1;:OUTP:DC:ISOL:LEV:VAL 0.1;:OUTP:DC:ISOL:STAT OFF;:FUNC:DCR:RANG:AUTO ON;:FUNC:IMP:RANG:AUTO ON;:OUTP:DC:ISOL:LEV:AUTO ON;:DISP:PAGE MEASurement;
"
1000.0,8.065231844e-07,0.09176188506
1000.0,8.065560671e-07,0.09176164857
1000.0,8.065346198e-07,0.09176157452
1000.0,8.065390778e-07,0.09176138727
1000.0,8.064942066e-07,0.0917610403
1000.0,8.065119592e-07,0.09176059203
1000.0,8.065284888e-07,0.09176050164
1000.0,8.065188537e-07,0.09175999817
1000.0,8.065396046e-07,0.09175943309
1000.0,8.06540238e-07,0.09175903
1000.0,8.06525721e-07,0.09175821405
1000.0,8.065457418e-07,0.09175785647
1000.0,8.065325604e-07,0.09175722028
1000.0,8.065714912e-07,0.0917566487
1000.0,8.06533336e-07,0.0917563339
1000.0,8.065554279e-07,0.09175611232
Freq,1000,Rs,0.091759342273125,2.0330041167369885e-06,Ls,8.0653441114375e-07,1.843996958503113e-11
":SOUR:DCS:STAT OFF;:BIAS:STAT OFF;:COMP:BIN:COUN:CLE;:LIST:CLE:ALL;:COMP:BIN:CLE;:AMPL:ALC ON;:APER LONG,16;:BIAS:POL:AUTO OFF;:BIAS:RANG:AUTO ON;:BIAS:VOLT:LEV 0;:COMP:ABIN OFF;:COMP:BIN:COUN:STAT OFF;:COMP:MODE PTOL;:COMP:SLIM -9.9e+037,9.9e+037;:COMP:STAT OFF;:COMP:SWAP OFF;:COMP:TOL:NOM 0;:CURR:LEV 0.1;:DISP:ENAB ON;:DISP:LINE """";:DISP:WIND:TEXT1:DATA:FMSD:DATA 1e-009;:DISP:WIND:TEXT2:DATA:FMSD:DATA 1e-009;:FORM:ASC:LONG ON;:FORM:BORD NORM;:FORM:DATA ASC,64;:FREQ:CW 1000;:FUNC:DEV1:MODE OFF;:FUNC:DEV1:REF:VAL 0;:FUNC:DEV2:MODE OFF;:FUNC:DEV2:REF:VAL 0;:FUNC:IMP:TYPE LSRS;:FUNC:SMON:IDC:STAT OFF;:FUNC:SMON:VDC:STAT OFF;:INIT:CONT OFF;:LIST:MODE SEQ;:LIST:STIM:TYPE FREQ,NONE;:SOUR:DCS:VOLT:LEV 0;:TRIG:DEL 0;:TRIG:SOUR INT;:TRIG:TDEL 0;:DISP:WIND:TEXT1:DATA:FMSD:STAT OFF;:DISP:WIND:TEXT2:DATA:FMSD:STAT OFF;:FUNC:DCR:RANG:VAL 100;:FUNC:IMP:RANG:VAL 0.1;:OUTP:DC:ISOL:LEV:VAL 0.1;:OUTP:DC:ISOL:STAT OFF;:FUNC:DCR:RANG:AUTO ON;:FUNC:IMP:RANG:AUTO ON;:OUTP:DC:ISOL:LEV:AUTO ON;:DISP:PAGE MEASurement;
"
1591.5494309189535,8.068337295e-07,0.0917592484
1591.5494309189535,8.068302549e-07,0.09175907877
1591.5494309189535,8.068467002e-07,0.0917587165
1591.5494309189535,8.068382006e-07,0.09175854673
1591.5494309189535,8.06828538e-07,0.09175808
1591.5494309189535,8.068463807e-07,0.09175785997
1591.5494309189535,8.06826651e-07,0.09175748622
1591.5494309189535,8.068276757e-07,0.09175727728
1591.5494309189535,8.068478299e-07,0.09175720275
1591.5494309189535,8.068358379e-07,0.09175708073
1591.5494309189535,8.068009863e-07,0.09175666206
1591.5494309189535,8.068394534e-07,0.09175625873
1591.5494309189535,8.068173154e-07,0.09175594448
1591.5494309189535,8.06815856e-07,0.09175599285
1591.5494309189535,8.068271797e-07,0.0917558286
1591.5494309189535,8.068222116e-07,0.09175573471
Freq,1591.5494309189535,Rs,0.09175731242375,1.1884375737199663e-06,Ls,8.0683030005e-07,1.253920832717353e-11
":SOUR:DCS:STAT OFF;:BIAS:STAT OFF;:COMP:BIN:COUN:CLE;:LIST:CLE:ALL;:COMP:BIN:CLE;:AMPL:ALC ON;:APER LONG,16;:BIAS:POL:AUTO OFF;:BIAS:RANG:AUTO ON;:BIAS:VOLT:LEV 0;:COMP:ABIN OFF;:COMP:BIN:COUN:STAT OFF;:COMP:MODE PTOL;:COMP:SLIM -9.9e+037,9.9e+037;:COMP:STAT OFF;:COMP:SWAP OFF;:COMP:TOL:NOM 0;:CURR:LEV 0.1;:DISP:ENAB ON;:DISP:LINE """";:DISP:WIND:TEXT1:DATA:FMSD:DATA 1e-009;:DISP:WIND:TEXT2:DATA:FMSD:DATA 1e-009;:FORM:ASC:LONG ON;:FORM:BORD NORM;:FORM:DATA ASC,64;:FREQ:CW 1592;:FUNC:DEV1:MODE OFF;:FUNC:DEV1:REF:VAL 0;:FUNC:DEV2:MODE OFF;:FUNC:DEV2:REF:VAL 0;:FUNC:IMP:TYPE LSRS;:FUNC:SMON:IDC:STAT OFF;:FUNC:SMON:VDC:STAT OFF;:INIT:CONT OFF;:LIST:MODE SEQ;:LIST:STIM:TYPE FREQ,NONE;:SOUR:DCS:VOLT:LEV 0;:TRIG:DEL 0;:TRIG:SOUR INT;:TRIG:TDEL 0;:DISP:WIND:TEXT1:DATA:FMSD:STAT OFF;:DISP:WIND:TEXT2:DATA:FMSD:STAT OFF;:FUNC:DCR:RANG:VAL 100;:FUNC:IMP:RANG:VAL 0.1;:OUTP:DC:ISOL:LEV:VAL 0.1;:OUTP:DC:ISOL:STAT OFF;:FUNC:DCR:RANG:AUTO ON;:FUNC:IMP:RANG:AUTO ON;:OUTP:DC:ISOL:LEV:AUTO ON;:DISP:PAGE MEASurement;
"
2000.0,8.072914407e-07,0.09176218669
2000.0,8.073116803e-07,0.09176218966
2000.0,8.07286234e-07,0.09176196526
2000.0,8.073053463e-07,0.09176151845
2000.0,8.073044491e-07,0.09176152877
2000.0,8.073068922e-07,0.09176116328
2000.0,8.072932663e-07,0.09176104442
2000.0,8.072823703e-07,0.09176076989
2000.0,8.073194332e-07,0.09176080919
2000.0,8.072880251e-07,0.09176043484
2000.0,8.073239081e-07,0.09176027446
2000.0,8.073137712e-07,0.09176012788
2000.0,8.073134808e-07,0.09175994917
2000.0,8.072931949e-07,0.09175924326
2000.0,8.072985646e-07,0.09175931928
2000.0,8.072877924e-07,0.09175911604
Freq,2000,Rs,0.09176072753375,1.0134014481778152e-06,Ls,8.0730124059375e-07,1.2878963211185105e-11
":SOUR:DCS:STAT OFF;:BIAS:STAT OFF;:COMP:BIN:COUN:CLE;:LIST:CLE:ALL;:COMP:BIN:CLE;:AMPL:ALC ON;:APER LONG,16;:BIAS:POL:AUTO OFF;:BIAS:RANG:AUTO ON;:BIAS:VOLT:LEV 0;:COMP:ABIN OFF;:COMP:BIN:COUN:STAT OFF;:COMP:MODE PTOL;:COMP:SLIM -9.9e+037,9.9e+037;:COMP:STAT OFF;:COMP:SWAP OFF;:COMP:TOL:NOM 0;:CURR:LEV 0.1;:DISP:ENAB ON;:DISP:LINE """";:DISP:WIND:TEXT1:DATA:FMSD:DATA 1e-009;:DISP:WIND:TEXT2:DATA:FMSD:DATA 1e-009;:FORM:ASC:LONG ON;:FORM:BORD NORM;:FORM:DATA ASC,64;:FREQ:CW 2000;:FUNC:DEV1:MODE OFF;:FUNC:DEV1:REF:VAL 0;:FUNC:DEV2:MODE OFF;:FUNC:DEV2:REF:VAL 0;:FUNC:IMP:TYPE LSRS;:FUNC:SMON:IDC:STAT OFF;:FUNC:SMON:VDC:STAT OFF;:INIT:CONT OFF;:LIST:MODE SEQ;:LIST:STIM:TYPE FREQ,NONE;:SOUR:DCS:VOLT:LEV 0;:TRIG:DEL 0;:TRIG:SOUR INT;:TRIG:TDEL 0;:DISP:WIND:TEXT1:DATA:FMSD:STAT OFF;:DISP:WIND:TEXT2:DATA:FMSD:STAT OFF;:FUNC:DCR:RANG:VAL 100;:FUNC:IMP:RANG:VAL 0.1;:OUTP:DC:ISOL:LEV:VAL 0.1;:OUTP:DC:ISOL:STAT OFF;:FUNC:DCR:RANG:AUTO ON;:FUNC:IMP:RANG:AUTO ON;:OUTP:DC:ISOL:LEV:AUTO ON;:DISP:PAGE MEASurement;
"
3000.0,8.075128606e-07,0.09177106377
3000.0,8.075296336e-07,0.09177067798
3000.0,8.075278945e-07,0.09177005574
3000.0,8.075015823e-07,0.09176937586
3000.0,8.075061997e-07,0.09176913995
3000.0,8.074826025e-07,0.09176878247
3000.0,8.075061061e-07,0.09176835236
3000.0,8.075004094e-07,0.09176784206
3000.0,8.075072061e-07,0.09176707903
3000.0,8.075014133e-07,0.09176675405
3000.0,8.074941885e-07,0.09176673491
3000.0,8.074841842e-07,0.09176677109
3000.0,8.074768568e-07,0.0917664703
3000.0,8.075078226e-07,0.09176629965
3000.0,8.074779311e-07,0.09176610409
3000.0,8.075197722e-07,0.09176638169
Freq,3000,Rs,0.0917679928125,1.6671965765108506e-06,Ls,8.0750229146875e-07,1.6189122984893186e-11
":SOUR:DCS:STAT OFF;:BIAS:STAT OFF;:COMP:BIN:COUN:CLE;:LIST:CLE:ALL;:COMP:BIN:CLE;:AMPL:ALC ON;:APER LONG,16;:BIAS:POL:AUTO OFF;:BIAS:RANG:AUTO ON;:BIAS:VOLT:LEV 0;:COMP:ABIN OFF;:COMP:BIN:COUN:STAT OFF;:COMP:MODE PTOL;:COMP:SLIM -9.9e+037,9.9e+037;:COMP:STAT OFF;:COMP:SWAP OFF;:COMP:TOL:NOM 0;:CURR:LEV 0.1;:DISP:ENAB ON;:DISP:LINE """";:DISP:WIND:TEXT1:DATA:FMSD:DATA 1e-009;:DISP:WIND:TEXT2:DATA:FMSD:DATA 1e-009;:FORM:ASC:LONG ON;:FORM:BORD NORM;:FORM:DATA ASC,64;:FREQ:CW 3000;:FUNC:DEV1:MODE OFF;:FUNC:DEV1:REF:VAL 0;:FUNC:DEV2:MODE OFF;:FUNC:DEV2:REF:VAL 0;:FUNC:IMP:TYPE LSRS;:FUNC:SMON:IDC:STAT OFF;:FUNC:SMON:VDC:STAT OFF;:INIT:CONT OFF;:LIST:MODE SEQ;:LIST:STIM:TYPE FREQ,NONE;:SOUR:DCS:VOLT:LEV 0;:TRIG:DEL 0;:TRIG:SOUR INT;:TRIG:TDEL 0;:DISP:WIND:TEXT1:DATA:FMSD:STAT OFF;:DISP:WIND:TEXT2:DATA:FMSD:STAT OFF;:FUNC:DCR:RANG:VAL 100;:FUNC:IMP:RANG:VAL 0.1;:OUTP:DC:ISOL:LEV:VAL 0.1;:OUTP:DC:ISOL:STAT OFF;:FUNC:DCR:RANG:AUTO ON;:FUNC:IMP:RANG:AUTO ON;:OUTP:DC:ISOL:LEV:AUTO ON;:DISP:PAGE MEASurement;
"
5000.0,8.07158891e-07,0.09183499497
5000.0,8.071779144e-07,0.09183506446
5000.0,8.071530446e-07,0.09183454646
5000.0,8.071564591e-07,0.09183422171
5000.0,8.071718934e-07,0.09183410091
5000.0,8.071605154e-07,0.0918350137
5000.0,8.071563118e-07,0.09183497642
5000.0,8.071541008e-07,0.09183432951
5000.0,8.071577455e-07,0.09183444646
5000.0,8.071704414e-07,0.09183421415
5000.0,8.071517597e-07,0.09183464369
5000.0,8.071731705e-07,0.09183441276
5000.0,8.071748694e-07,0.09183430744
5000.0,8.071618886e-07,0.09183407788
5000.0,8.071551028e-07,0.09183435617
5000.0,8.07159728e-07,0.09183463376
Freq,5000,Rs,0.091834521278125,3.34848356469313e-07,Ls,8.07162114775e-07,8.586149369103893e-12
":SOUR:DCS:STAT OFF;:BIAS:STAT OFF;:COMP:BIN:COUN:CLE;:LIST:CLE:ALL;:COMP:BIN:CLE;:AMPL:ALC ON;:APER LONG,16;:BIAS:POL:AUTO OFF;:BIAS:RANG:AUTO ON;:BIAS:VOLT:LEV 0;:COMP:ABIN OFF;:COMP:BIN:COUN:STAT OFF;:COMP:MODE PTOL;:COMP:SLIM -9.9e+037,9.9e+037;:COMP:STAT OFF;:COMP:SWAP OFF;:COMP:TOL:NOM 0;:CURR:LEV 0.1;:DISP:ENAB ON;:DISP:LINE """";:DISP:WIND:TEXT1:DATA:FMSD:DATA 1e-009;:DISP:WIND:TEXT2:DATA:FMSD:DATA 1e-009;:FORM:ASC:LONG ON;:FORM:BORD NORM;:FORM:DATA ASC,64;:FREQ:CW 5000;:FUNC:DEV1:MODE OFF;:FUNC:DEV1:REF:VAL 0;:FUNC:DEV2:MODE OFF;:FUNC:DEV2:REF:VAL 0;:FUNC:IMP:TYPE LSRS;:FUNC:SMON:IDC:STAT OFF;:FUNC:SMON:VDC:STAT OFF;:INIT:CONT OFF;:LIST:MODE SEQ;:LIST:STIM:TYPE FREQ,NONE;:SOUR:DCS:VOLT:LEV 0;:TRIG:DEL 0;:TRIG:SOUR INT;:TRIG:TDEL 0;:DISP:WIND:TEXT1:DATA:FMSD:STAT OFF;:DISP:WIND:TEXT2:DATA:FMSD:STAT OFF;:FUNC:DCR:RANG:VAL 100;:FUNC:IMP:RANG:VAL 0.1;:OUTP:DC:ISOL:LEV:VAL 0.1;:OUTP:DC:ISOL:STAT OFF;:FUNC:DCR:RANG:AUTO ON;:FUNC:IMP:RANG:AUTO ON;:OUTP:DC:ISOL:LEV:AUTO ON;:DISP:PAGE MEASurement;
"
":SOUR:DCS:STAT OFF;:BIAS:STAT OFF;:COMP:BIN:COUN:CLE;:LIST:CLE:ALL;:COMP:BIN:CLE;:AMPL:ALC ON;:APER LONG,16;:BIAS:POL:AUTO OFF;:BIAS:RANG:AUTO ON;:BIAS:VOLT:LEV 0;:COMP:ABIN OFF;:COMP:BIN:COUN:STAT OFF;:COMP:MODE PTOL;:COMP:SLIM -9.9e+037,9.9e+037;:COMP:STAT OFF;:COMP:SWAP OFF;:COMP:TOL:NOM 0;:CURR:LEV 0.1;:DISP:ENAB ON;:DISP:LINE """";:DISP:WIND:TEXT1:DATA:FMSD:DATA 1e-009;:DISP:WIND:TEXT2:DATA:FMSD:DATA 1e-009;:FORM:ASC:LONG ON;:FORM:BORD NORM;:FORM:DATA ASC,64;:FREQ:CW 5000;:FUNC:DEV1:MODE OFF;:FUNC:DEV1:REF:VAL 0;:FUNC:DEV2:MODE OFF;:FUNC:DEV2:REF:VAL 0;:FUNC:IMP:TYPE LSRS;:FUNC:SMON:IDC:STAT OFF;:FUNC:SMON:VDC:STAT OFF;:INIT:CONT OFF;:LIST:MODE SEQ;:LIST:STIM:TYPE FREQ,NONE;:SOUR:DCS:VOLT:LEV 0;:TRIG:DEL 0;:TRIG:SOUR INT;:TRIG:TDEL 0;:DISP:WIND:TEXT1:DATA:FMSD:STAT OFF;:DISP:WIND:TEXT2:DATA:FMSD:STAT OFF;:FUNC:DCR:RANG:VAL 100;:FUNC:IMP:RANG:VAL 0.1;:OUTP:DC:ISOL:LEV:VAL 0.1;:OUTP:DC:ISOL:STAT OFF;:FUNC:DCR:RANG:AUTO ON;:FUNC:IMP:RANG:AUTO ON;:OUTP:DC:ISOL:LEV:AUTO ON;:DISP:PAGE MEASurement;
"
2022-09-16,11:45:12
---------run finished---------
lcr name:,KeySight E4980A
Name and description of Resistor under test: ,BE8R
GPIB source:,<bound method MessageBasedResource.read of <'GPIBInstrument'('GPIB0::17::INSTR')>>
2022-09-16,11:57:52
select the freq range,"[50, 100, 200, 300, 500, 800, 1000, 1591.5494309189535, 2000, 3000, 5000]"
50.0,8.403121881e-07,0.09161588414
50.0,8.382820422e-07,0.09161151211
50.0,8.479454533e-07,0.09160883267
50.0,8.549924192e-07,0.09161089598
50.0,8.526729843e-07,0.09161358572
50.0,8.441716008e-07,0.09161212158
50.0,8.436858582e-07,0.09161101416
50.0,8.458938827e-07,0.091609722
50.0,8.520818224e-07,0.09160785596
50.0,8.537016205e-07,0.0916046547
50.0,8.544437605e-07,0.09160304235
50.0,8.552930748e-07,0.09160192244
50.0,8.5321943e-07,0.0915997298
50.0,8.526260149e-07,0.09159812703
50.0,8.441685836e-07,0.09159705797
50.0,8.362124893e-07,0.09159988497
Freq,50,Rs,0.09160661522375,5.985044446344153e-06,Ls,8.481064515499999e-07,6.366297102301203e-09
":SOUR:DCS:STAT OFF;:BIAS:STAT OFF;:COMP:BIN:COUN:CLE;:LIST:CLE:ALL;:COMP:BIN:CLE;:AMPL:ALC ON;:APER LONG,16;:BIAS:POL:AUTO OFF;:BIAS:RANG:AUTO ON;:BIAS:VOLT:LEV 0;:COMP:ABIN OFF;:COMP:BIN:COUN:STAT OFF;:COMP:MODE PTOL;:COMP:SLIM -9.9e+037,9.9e+037;:COMP:STAT OFF;:COMP:SWAP OFF;:COMP:TOL:NOM 0;:CURR:LEV 0.1;:DISP:ENAB ON;:DISP:LINE """";:DISP:WIND:TEXT1:DATA:FMSD:DATA 1e-009;:DISP:WIND:TEXT2:DATA:FMSD:DATA 1e-009;:FORM:ASC:LONG ON;:FORM:BORD NORM;:FORM:DATA ASC,64;:FREQ:CW 50;:FUNC:DEV1:MODE OFF;:FUNC:DEV1:REF:VAL 0;:FUNC:DEV2:MODE OFF;:FUNC:DEV2:REF:VAL 0;:FUNC:IMP:TYPE LSRS;:FUNC:SMON:IDC:STAT OFF;:FUNC:SMON:VDC:STAT OFF;:INIT:CONT OFF;:LIST:MODE SEQ;:LIST:STIM:TYPE FREQ,NONE;:SOUR:DCS:VOLT:LEV 0;:TRIG:DEL 0;:TRIG:SOUR INT;:TRIG:TDEL 0;:DISP:WIND:TEXT1:DATA:FMSD:STAT OFF;:DISP:WIND:TEXT2:DATA:FMSD:STAT OFF;:FUNC:DCR:RANG:VAL 100;:FUNC:IMP:RANG:VAL 0.1;:OUTP:DC:ISOL:LEV:VAL 0.1;:OUTP:DC:ISOL:STAT OFF;:FUNC:DCR:RANG:AUTO ON;:FUNC:IMP:RANG:AUTO ON;:OUTP:DC:ISOL:LEV:AUTO ON;:DISP:PAGE MEASurement;
"
100.0,8.206711823e-07,0.09158919203
100.0,8.198416087e-07,0.09158709189
100.0,8.206558098e-07,0.09158513064
100.0,8.205509052e-07,0.09158366951
100.0,8.198152236e-07,0.09158219633
100.0,8.202719047e-07,0.0915811609
100.0,8.202856171e-07,0.09157996956
100.0,8.201227698e-07,0.09157842122
100.0,8.208295432e-07,0.09157689314
100.0,8.198465985e-07,0.09157525915
100.0,8.204913424e-07,0.0915740905
100.0,8.201983717e-07,0.09157250524
100.0,8.199985443e-07,0.09157103915
100.0,8.207979279e-07,0.09156978636
100.0,8.198785265e-07,0.09156855371
100.0,8.197728547e-07,0.09156784828
Freq,100,Rs,0.091577675475625,6.74935297525207e-06,Ls,8.2025179565e-07,3.7371542115137125e-10
":SOUR:DCS:STAT OFF;:BIAS:STAT OFF;:COMP:BIN:COUN:CLE;:LIST:CLE:ALL;:COMP:BIN:CLE;:AMPL:ALC ON;:APER LONG,16;:BIAS:POL:AUTO OFF;:BIAS:RANG:AUTO ON;:BIAS:VOLT:LEV 0;:COMP:ABIN OFF;:COMP:BIN:COUN:STAT OFF;:COMP:MODE PTOL;:COMP:SLIM -9.9e+037,9.9e+037;:COMP:STAT OFF;:COMP:SWAP OFF;:COMP:TOL:NOM 0;:CURR:LEV 0.1;:DISP:ENAB ON;:DISP:LINE """";:DISP:WIND:TEXT1:DATA:FMSD:DATA 1e-009;:DISP:WIND:TEXT2:DATA:FMSD:DATA 1e-009;:FORM:ASC:LONG ON;:FORM:BORD NORM;:FORM:DATA ASC,64;:FREQ:CW 100;:FUNC:DEV1:MODE OFF;:FUNC:DEV1:REF:VAL 0;:FUNC:DEV2:MODE OFF;:FUNC:DEV2:REF:VAL 0;:FUNC:IMP:TYPE LSRS;:FUNC:SMON:IDC:STAT OFF;:FUNC:SMON:VDC:STAT OFF;:INIT:CONT OFF;:LIST:MODE SEQ;:LIST:STIM:TYPE FREQ,NONE;:SOUR:DCS:VOLT:LEV 0;:TRIG:DEL 0;:TRIG:SOUR INT;:TRIG:TDEL 0;:DISP:WIND:TEXT1:DATA:FMSD:STAT OFF;:DISP:WIND:TEXT2:DATA:FMSD:STAT OFF;:FUNC:DCR:RANG:VAL 100;:FUNC:IMP:RANG:VAL 0.1;:OUTP:DC:ISOL:LEV:VAL 0.1;:OUTP:DC:ISOL:STAT OFF;:FUNC:DCR:RANG:AUTO ON;:FUNC:IMP:RANG:AUTO ON;:OUTP:DC:ISOL:LEV:AUTO ON;:DISP:PAGE MEASurement;
"
200.0,8.213139282e-07,0.09159035625
200.0,8.210598498e-07,0.09158944996
200.0,8.210699135e-07,0.09158856666
200.0,8.213363386e-07,0.09158713366
200.0,8.214187605e-07,0.0915863327
200.0,8.21460342e-07,0.09158549905
200.0,8.209963217e-07,0.0915848177
200.0,8.21477322e-07,0.09158393173
200.0,8.21195225e-07,0.09158333408
200.0,8.210086549e-07,0.09158227449
200.0,8.212900051e-07,0.09158209516
200.0,8.214334491e-07,0.09158126001
200.0,8.213614184e-07,0.09158077388
200.0,8.212420293e-07,0.09157992669
200.0,8.213484191e-07,0.09157921958
200.0,8.209998751e-07,0.09157855702
Freq,200,Rs,0.09158397053875,3.6802280685326627e-06,Ls,8.212507407687501e-07,1.7322443721577525e-10
":SOUR:DCS:STAT OFF;:BIAS:STAT OFF;:COMP:BIN:COUN:CLE;:LIST:CLE:ALL;:COMP:BIN:CLE;:AMPL:ALC ON;:APER LONG,16;:BIAS:POL:AUTO OFF;:BIAS:RANG:AUTO ON;:BIAS:VOLT:LEV 0;:COMP:ABIN OFF;:COMP:BIN:COUN:STAT OFF;:COMP:MODE PTOL;:COMP:SLIM -9.9e+037,9.9e+037;:COMP:STAT OFF;:COMP:SWAP OFF;:COMP:TOL:NOM 0;:CURR:LEV 0.1;:DISP:ENAB ON;:DISP:LINE """";:DISP:WIND:TEXT1:DATA:FMSD:DATA 1e-009;:DISP:WIND:TEXT2:DATA:FMSD:DATA 1e-009;:FORM:ASC:LONG ON;:FORM:BORD NORM;:FORM:DATA ASC,64;:FREQ:CW 200;:FUNC:DEV1:MODE OFF;:FUNC:DEV1:REF:VAL 0;:FUNC:DEV2:MODE OFF;:FUNC:DEV2:REF:VAL 0;:FUNC:IMP:TYPE LSRS;:FUNC:SMON:IDC:STAT OFF;:FUNC:SMON:VDC:STAT OFF;:INIT:CONT OFF;:LIST:MODE SEQ;:LIST:STIM:TYPE FREQ,NONE;:SOUR:DCS:VOLT:LEV 0;:TRIG:DEL 0;:TRIG:SOUR INT;:TRIG:TDEL 0;:DISP:WIND:TEXT1:DATA:FMSD:STAT OFF;:DISP:WIND:TEXT2:DATA:FMSD:STAT OFF;:FUNC:DCR:RANG:VAL 100;:FUNC:IMP:RANG:VAL 0.1;:OUTP:DC:ISOL:LEV:VAL 0.1;:OUTP:DC:ISOL:STAT OFF;:FUNC:DCR:RANG:AUTO ON;:FUNC:IMP:RANG:AUTO ON;:OUTP:DC:ISOL:LEV:AUTO ON;:DISP:PAGE MEASurement;
"
300.0,8.124168117e-07,0.09158144683
300.0,8.122135986e-07,0.09158064466
300.0,8.122687606e-07,0.09157995059
300.0,8.121966941e-07,0.0915793506
300.0,8.121712303e-07,0.09157827907
300.0,8.120818483e-07,0.09157799448
300.0,8.123922639e-07,0.09157748911
300.0,8.122638e-07,0.09157675692
300.0,8.122658402e-07,0.09157628827
300.0,8.123218912e-07,0.09157541371
300.0,8.123488789e-07,0.09157429037
300.0,8.122424395e-07,0.09157372905
300.0,8.124060704e-07,0.09157293622
300.0,8.123863691e-07,0.09157200378
300.0,8.124167266e-07,0.09157111263
300.0,8.122580894e-07,0.09157057872
Freq,300,Rs,0.09157614156312499,3.4337192578023576e-06,Ls,8.1229070705e-07,9.893160330072705e-11
":SOUR:DCS:STAT OFF;:BIAS:STAT OFF;:COMP:BIN:COUN:CLE;:LIST:CLE:ALL;:COMP:BIN:CLE;:AMPL:ALC ON;:APER LONG,16;:BIAS:POL:AUTO OFF;:BIAS:RANG:AUTO ON;:BIAS:VOLT:LEV 0;:COMP:ABIN OFF;:COMP:BIN:COUN:STAT OFF;:COMP:MODE PTOL;:COMP:SLIM -9.9e+037,9.9e+037;:COMP:STAT OFF;:COMP:SWAP OFF;:COMP:TOL:NOM 0;:CURR:LEV 0.1;:DISP:ENAB ON;:DISP:LINE """";:DISP:WIND:TEXT1:DATA:FMSD:DATA 1e-009;:DISP:WIND:TEXT2:DATA:FMSD:DATA 1e-009;:FORM:ASC:LONG ON;:FORM:BORD NORM;:FORM:DATA ASC,64;:FREQ:CW 300;:FUNC:DEV1:MODE OFF;:FUNC:DEV1:REF:VAL 0;:FUNC:DEV2:MODE OFF;:FUNC:DEV2:REF:VAL 0;:FUNC:IMP:TYPE LSRS;:FUNC:SMON:IDC:STAT OFF;:FUNC:SMON:VDC:STAT OFF;:INIT:CONT OFF;:LIST:MODE SEQ;:LIST:STIM:TYPE FREQ,NONE;:SOUR:DCS:VOLT:LEV 0;:TRIG:DEL 0;:TRIG:SOUR INT;:TRIG:TDEL 0;:DISP:WIND:TEXT1:DATA:FMSD:STAT OFF;:DISP:WIND:TEXT2:DATA:FMSD:STAT OFF;:FUNC:DCR:RANG:VAL 100;:FUNC:IMP:RANG:VAL 0.1;:OUTP:DC:ISOL:LEV:VAL 0.1;:OUTP:DC:ISOL:STAT OFF;:FUNC:DCR:RANG:AUTO ON;:FUNC:IMP:RANG:AUTO ON;:OUTP:DC:ISOL:LEV:AUTO ON;:DISP:PAGE MEASurement;
"
500.0,8.080738352e-07,0.09158050944
500.0,8.080404124e-07,0.09157996041
500.0,8.079902964e-07,0.09157945557
500.0,8.081237108e-07,0.09157906373
500.0,8.081026996e-07,0.09157828187
500.0,8.081377792e-07,0.09157747947
500.0,8.080839994e-07,0.09157704093
500.0,8.080301922e-07,0.09157658581
500.0,8.081273058e-07,0.0915761905
500.0,8.081101464e-07,0.09157523071
500.0,8.080587008e-07,0.09157445983
500.0,8.08067022e-07,0.09157394024
500.0,8.080121538e-07,0.09157282454
500.0,8.080232925e-07,0.09157211913
500.0,8.080893147e-07,0.09157132865
500.0,8.08020921e-07,0.09157106814
Freq,500,Rs,0.091575971185625,3.1057878530037844e-06,Ls,8.080682363875001e-07,4.53604961985065e-11
":SOUR:DCS:STAT OFF;:BIAS:STAT OFF;:COMP:BIN:COUN:CLE;:LIST:CLE:ALL;:COMP:BIN:CLE;:AMPL:ALC ON;:APER LONG,16;:BIAS:POL:AUTO OFF;:BIAS:RANG:AUTO ON;:BIAS:VOLT:LEV 0;:COMP:ABIN OFF;:COMP:BIN:COUN:STAT OFF;:COMP:MODE PTOL;:COMP:SLIM -9.9e+037,9.9e+037;:COMP:STAT OFF;:COMP:SWAP OFF;:COMP:TOL:NOM 0;:CURR:LEV 0.1;:DISP:ENAB ON;:DISP:LINE """";:DISP:WIND:TEXT1:DATA:FMSD:DATA 1e-009;:DISP:WIND:TEXT2:DATA:FMSD:DATA 1e-009;:FORM:ASC:LONG ON;:FORM:BORD NORM;:FORM:DATA ASC,64;:FREQ:CW 500;:FUNC:DEV1:MODE OFF;:FUNC:DEV1:REF:VAL 0;:FUNC:DEV2:MODE OFF;:FUNC:DEV2:REF:VAL 0;:FUNC:IMP:TYPE LSRS;:FUNC:SMON:IDC:STAT OFF;:FUNC:SMON:VDC:STAT OFF;:INIT:CONT OFF;:LIST:MODE SEQ;:LIST:STIM:TYPE FREQ,NONE;:SOUR:DCS:VOLT:LEV 0;:TRIG:DEL 0;:TRIG:SOUR INT;:TRIG:TDEL 0;:DISP:WIND:TEXT1:DATA:FMSD:STAT OFF;:DISP:WIND:TEXT2:DATA:FMSD:STAT OFF;:FUNC:DCR:RANG:VAL 100;:FUNC:IMP:RANG:VAL 0.1;:OUTP:DC:ISOL:LEV:VAL 0.1;:OUTP:DC:ISOL:STAT OFF;:FUNC:DCR:RANG:AUTO ON;:FUNC:IMP:RANG:AUTO ON;:OUTP:DC:ISOL:LEV:AUTO ON;:DISP:PAGE MEASurement;
"
800.0,8.069790228e-07,0.09157747434
800.0,8.069681591e-07,0.09157715389
800.0,8.069909566e-07,0.09157673645
800.0,8.070000464e-07,0.091576339
800.0,8.069722496e-07,0.09157599253
800.0,8.069962811e-07,0.09157546073
800.0,8.070126049e-07,0.09157518944
800.0,8.069990908e-07,0.09157457535
800.0,8.069706952e-07,0.09157431172
800.0,8.070229588e-07,0.09157355475
800.0,8.070092232e-07,0.09157299026
800.0,8.070255804e-07,0.09157263172
800.0,8.07007959e-07,0.0915718946
800.0,8.069793498e-07,0.09157160216
800.0,8.07004864e-07,0.0915711188
800.0,8.06992262e-07,0.0915707274
Freq,800,Rs,0.09157423457125,2.226016119609872e-06,Ls,8.0699570648125e-07,1.8042470169025693e-11
":SOUR:DCS:STAT OFF;:BIAS:STAT OFF;:COMP:BIN:COUN:CLE;:LIST:CLE:ALL;:COMP:BIN:CLE;:AMPL:ALC ON;:APER LONG,16;:BIAS:POL:AUTO OFF;:BIAS:RANG:AUTO ON;:BIAS:VOLT:LEV 0;:COMP:ABIN OFF;:COMP:BIN:COUN:STAT OFF;:COMP:MODE PTOL;:COMP:SLIM -9.9e+037,9.9e+037;:COMP:STAT OFF;:COMP:SWAP OFF;:COMP:TOL:NOM 0;:CURR:LEV 0.1;:DISP:ENAB ON;:DISP:LINE """";:DISP:WIND:TEXT1:DATA:FMSD:DATA 1e-009;:DISP:WIND:TEXT2:DATA:FMSD:DATA 1e-009;:FORM:ASC:LONG ON;:FORM:BORD NORM;:FORM:DATA ASC,64;:FREQ:CW 800;:FUNC:DEV1:MODE OFF;:FUNC:DEV1:REF:VAL 0;:FUNC:DEV2:MODE OFF;:FUNC:DEV2:REF:VAL 0;:FUNC:IMP:TYPE LSRS;:FUNC:SMON:IDC:STAT OFF;:FUNC:SMON:VDC:STAT OFF;:INIT:CONT OFF;:LIST:MODE SEQ;:LIST:STIM:TYPE FREQ,NONE;:SOUR:DCS:VOLT:LEV 0;:TRIG:DEL 0;:TRIG:SOUR INT;:TRIG:TDEL 0;:DISP:WIND:TEXT1:DATA:FMSD:STAT OFF;:DISP:WIND:TEXT2:DATA:FMSD:STAT OFF;:FUNC:DCR:RANG:VAL 100;:FUNC:IMP:RANG:VAL 0.1;:OUTP:DC:ISOL:LEV:VAL 0.1;:OUTP:DC:ISOL:STAT OFF;:FUNC:DCR:RANG:AUTO ON;:FUNC:IMP:RANG:AUTO ON;:OUTP:DC:ISOL:LEV:AUTO ON;:DISP:PAGE MEASurement;
"
1000.0,8.065014984e-07,0.0915610261
1000.0,8.065073817e-07,0.0915609683
1000.0,8.06497492e-07,0.09156093441
1000.0,8.065093332e-07,0.09156083112
1000.0,8.064867617e-07,0.09156077981
1000.0,8.065106844e-07,0.09156087598
1000.0,8.064826362e-07,0.09156021919
1000.0,8.065179029e-07,0.09156044471
1000.0,8.064714363e-07,0.09156020199
1000.0,8.064935953e-07,0.09155942199
1000.0,8.065392067e-07,0.0915590695
1000.0,8.064809196e-07,0.09155876755
1000.0,8.064996267e-07,0.09155784807
1000.0,8.064968768e-07,0.09155732808
1000.0,8.06477296e-07,0.09155652893
1000.0,8.064992803e-07,0.09155616022
Freq,1000,Rs,0.091559462871875,1.6709552927156005e-06,Ls,8.064982455124999e-07,1.6923990023326484e-11
":SOUR:DCS:STAT OFF;:BIAS:STAT OFF;:COMP:BIN:COUN:CLE;:LIST:CLE:ALL;:COMP:BIN:CLE;:AMPL:ALC ON;:APER LONG,16;:BIAS:POL:AUTO OFF;:BIAS:RANG:AUTO ON;:BIAS:VOLT:LEV 0;:COMP:ABIN OFF;:COMP:BIN:COUN:STAT OFF;:COMP:MODE PTOL;:COMP:SLIM -9.9e+037,9.9e+037;:COMP:STAT OFF;:COMP:SWAP OFF;:COMP:TOL:NOM 0;:CURR:LEV 0.1;:DISP:ENAB ON;:DISP:LINE """";:DISP:WIND:TEXT1:DATA:FMSD:DATA 1e-009;:DISP:WIND:TEXT2:DATA:FMSD:DATA 1e-009;:FORM:ASC:LONG ON;:FORM:BORD NORM;:FORM:DATA ASC,64;:FREQ:CW 1000;:FUNC:DEV1:MODE OFF;:FUNC:DEV1:REF:VAL 0;:FUNC:DEV2:MODE OFF;:FUNC:DEV2:REF:VAL 0;:FUNC:IMP:TYPE LSRS;:FUNC:SMON:IDC:STAT OFF;:FUNC:SMON:VDC:STAT OFF;:INIT:CONT OFF;:LIST:MODE SEQ;:LIST:STIM:TYPE FREQ,NONE;:SOUR:DCS:VOLT:LEV 0;:TRIG:DEL 0;:TRIG:SOUR INT;:TRIG:TDEL 0;:DISP:WIND:TEXT1:DATA:FMSD:STAT OFF;:DISP:WIND:TEXT2:DATA:FMSD:STAT OFF;:FUNC:DCR:RANG:VAL 100;:FUNC:IMP:RANG:VAL 0.1;:OUTP:DC:ISOL:LEV:VAL 0.1;:OUTP:DC:ISOL:STAT OFF;:FUNC:DCR:RANG:AUTO ON;:FUNC:IMP:RANG:AUTO ON;:OUTP:DC:ISOL:LEV:AUTO ON;:DISP:PAGE MEASurement;
"
1591.5494309189535,8.067955075e-07,0.09155847269
1591.5494309189535,8.067954417e-07,0.09155811872
1591.5494309189535,8.067678417e-07,0.09155739594
1591.5494309189535,8.068027212e-07,0.09155696047
1591.5494309189535,8.068092739e-07,0.09155669695
1591.5494309189535,8.068126803e-07,0.09155604211
1591.5494309189535,8.067950562e-07,0.09155538781
1591.5494309189535,8.068131078e-07,0.09155510875
1591.5494309189535,8.068390898e-07,0.09155459719
1591.5494309189535,8.068082484e-07,0.09155451479
1591.5494309189535,8.067850977e-07,0.09155404505
1591.5494309189535,8.068216251e-07,0.09155388567
1591.5494309189535,8.068045889e-07,0.0915539572
1591.5494309189535,8.068334892e-07,0.09155380616
1591.5494309189535,8.067940499e-07,0.0915533976
1591.5494309189535,8.068139564e-07,0.09155332161
Freq,1591.5494309189535,Rs,0.091555356794375,1.7109391476607564e-06,Ls,8.0680573598125e-07,1.7621370227413246e-11
":SOUR:DCS:STAT OFF;:BIAS:STAT OFF;:COMP:BIN:COUN:CLE;:LIST:CLE:ALL;:COMP:BIN:CLE;:AMPL:ALC ON;:APER LONG,16;:BIAS:POL:AUTO OFF;:BIAS:RANG:AUTO ON;:BIAS:VOLT:LEV 0;:COMP:ABIN OFF;:COMP:BIN:COUN:STAT OFF;:COMP:MODE PTOL;:COMP:SLIM -9.9e+037,9.9e+037;:COMP:STAT OFF;:COMP:SWAP OFF;:COMP:TOL:NOM 0;:CURR:LEV 0.1;:DISP:ENAB ON;:DISP:LINE """";:DISP:WIND:TEXT1:DATA:FMSD:DATA 1e-009;:DISP:WIND:TEXT2:DATA:FMSD:DATA 1e-009;:FORM:ASC:LONG ON;:FORM:BORD NORM;:FORM:DATA ASC,64;:FREQ:CW 1592;:FUNC:DEV1:MODE OFF;:FUNC:DEV1:REF:VAL 0;:FUNC:DEV2:MODE OFF;:FUNC:DEV2:REF:VAL 0;:FUNC:IMP:TYPE LSRS;:FUNC:SMON:IDC:STAT OFF;:FUNC:SMON:VDC:STAT OFF;:INIT:CONT OFF;:LIST:MODE SEQ;:LIST:STIM:TYPE FREQ,NONE;:SOUR:DCS:VOLT:LEV 0;:TRIG:DEL 0;:TRIG:SOUR INT;:TRIG:TDEL 0;:DISP:WIND:TEXT1:DATA:FMSD:STAT OFF;:DISP:WIND:TEXT2:DATA:FMSD:STAT OFF;:FUNC:DCR:RANG:VAL 100;:FUNC:IMP:RANG:VAL 0.1;:OUTP:DC:ISOL:LEV:VAL 0.1;:OUTP:DC:ISOL:STAT OFF;:FUNC:DCR:RANG:AUTO ON;:FUNC:IMP:RANG:AUTO ON;:OUTP:DC:ISOL:LEV:AUTO ON;:DISP:PAGE MEASurement;
"
2000.0,8.072731613e-07,0.09155970894
2000.0,8.072915857e-07,0.09155964078
2000.0,8.072951688e-07,0.09155958771
2000.0,8.072912427e-07,0.09155925774
2000.0,8.072709792e-07,0.09155892643
2000.0,8.072737458e-07,0.09155880204
2000.0,8.072883621e-07,0.09155883912
2000.0,8.072849061e-07,0.09155898526
2000.0,8.072707684e-07,0.0915586308
2000.0,8.072787408e-07,0.0915584952
2000.0,8.072818602e-07,0.09155802211
2000.0,8.072757061e-07,0.0915580114
2000.0,8.072923409e-07,0.0915578172
2000.0,8.072880894e-07,0.09155755162
2000.0,8.072658033e-07,0.09155729514
2000.0,8.072635093e-07,0.09155702521
Freq,2000,Rs,0.09155853729374999,8.405581150559386e-07,Ls,8.0728037313125e-07,1.016423612126365e-11
":SOUR:DCS:STAT OFF;:BIAS:STAT OFF;:COMP:BIN:COUN:CLE;:LIST:CLE:ALL;:COMP:BIN:CLE;:AMPL:ALC ON;:APER LONG,16;:BIAS:POL:AUTO OFF;:BIAS:RANG:AUTO ON;:BIAS:VOLT:LEV 0;:COMP:ABIN OFF;:COMP:BIN:COUN:STAT OFF;:COMP:MODE PTOL;:COMP:SLIM -9.9e+037,9.9e+037;:COMP:STAT OFF;:COMP:SWAP OFF;:COMP:TOL:NOM 0;:CURR:LEV 0.1;:DISP:ENAB ON;:DISP:LINE """";:DISP:WIND:TEXT1:DATA:FMSD:DATA 1e-009;:DISP:WIND:TEXT2:DATA:FMSD:DATA 1e-009;:FORM:ASC:LONG ON;:FORM:BORD NORM;:FORM:DATA ASC,64;:FREQ:CW 2000;:FUNC:DEV1:MODE OFF;:FUNC:DEV1:REF:VAL 0;:FUNC:DEV2:MODE OFF;:FUNC:DEV2:REF:VAL 0;:FUNC:IMP:TYPE LSRS;:FUNC:SMON:IDC:STAT OFF;:FUNC:SMON:VDC:STAT OFF;:INIT:CONT OFF;:LIST:MODE SEQ;:LIST:STIM:TYPE FREQ,NONE;:SOUR:DCS:VOLT:LEV 0;:TRIG:DEL 0;:TRIG:SOUR INT;:TRIG:TDEL 0;:DISP:WIND:TEXT1:DATA:FMSD:STAT OFF;:DISP:WIND:TEXT2:DATA:FMSD:STAT OFF;:FUNC:DCR:RANG:VAL 100;:FUNC:IMP:RANG:VAL 0.1;:OUTP:DC:ISOL:LEV:VAL 0.1;:OUTP:DC:ISOL:STAT OFF;:FUNC:DCR:RANG:AUTO ON;:FUNC:IMP:RANG:AUTO ON;:OUTP:DC:ISOL:LEV:AUTO ON;:DISP:PAGE MEASurement;
"
3000.0,8.074992632e-07,0.09156886134
3000.0,8.074881499e-07,0.0915687784
3000.0,8.074700626e-07,0.09156820368
3000.0,8.074613664e-07,0.09156852723
3000.0,8.074679526e-07,0.09156835516
3000.0,8.074877264e-07,0.09156846886
3000.0,8.07461714e-07,0.09156829111
3000.0,8.074972783e-07,0.09156809683
3000.0,8.074786206e-07,0.09156850945
3000.0,8.074810106e-07,0.0915685304
3000.0,8.074634376e-07,0.09156881582
3000.0,8.074670451e-07,0.09156917932
3000.0,8.075091004e-07,0.09156938722
3000.0,8.074652596e-07,0.09156913254
3000.0,8.074966224e-07,0.09156893716
3000.0,8.074939028e-07,0.09156891647
Freq,3000,Rs,0.091568686936875,3.7235081640303497e-07,Ls,8.0748053203125e-07,1.5695968979271307e-11
":SOUR:DCS:STAT OFF;:BIAS:STAT OFF;:COMP:BIN:COUN:CLE;:LIST:CLE:ALL;:COMP:BIN:CLE;:AMPL:ALC ON;:APER LONG,16;:BIAS:POL:AUTO OFF;:BIAS:RANG:AUTO ON;:BIAS:VOLT:LEV 0;:COMP:ABIN OFF;:COMP:BIN:COUN:STAT OFF;:COMP:MODE PTOL;:COMP:SLIM -9.9e+037,9.9e+037;:COMP:STAT OFF;:COMP:SWAP OFF;:COMP:TOL:NOM 0;:CURR:LEV 0.1;:DISP:ENAB ON;:DISP:LINE """";:DISP:WIND:TEXT1:DATA:FMSD:DATA 1e-009;:DISP:WIND:TEXT2:DATA:FMSD:DATA 1e-009;:FORM:ASC:LONG ON;:FORM:BORD NORM;:FORM:DATA ASC,64;:FREQ:CW 3000;:FUNC:DEV1:MODE OFF;:FUNC:DEV1:REF:VAL 0;:FUNC:DEV2:MODE OFF;:FUNC:DEV2:REF:VAL 0;:FUNC:IMP:TYPE LSRS;:FUNC:SMON:IDC:STAT OFF;:FUNC:SMON:VDC:STAT OFF;:INIT:CONT OFF;:LIST:MODE SEQ;:LIST:STIM:TYPE FREQ,NONE;:SOUR:DCS:VOLT:LEV 0;:TRIG:DEL 0;:TRIG:SOUR INT;:TRIG:TDEL 0;:DISP:WIND:TEXT1:DATA:FMSD:STAT OFF;:DISP:WIND:TEXT2:DATA:FMSD:STAT OFF;:FUNC:DCR:RANG:VAL 100;:FUNC:IMP:RANG:VAL 0.1;:OUTP:DC:ISOL:LEV:VAL 0.1;:OUTP:DC:ISOL:STAT OFF;:FUNC:DCR:RANG:AUTO ON;:FUNC:IMP:RANG:AUTO ON;:OUTP:DC:ISOL:LEV:AUTO ON;:DISP:PAGE MEASurement;
"
5000.0,8.071505673e-07,0.09163708354
5000.0,8.07147575e-07,0.09163753764
5000.0,8.071580724e-07,0.09163699039
5000.0,8.071473876e-07,0.09163660585
5000.0,8.071331553e-07,0.0916368175
5000.0,8.071347094e-07,0.09163678956
5000.0,8.071514824e-07,0.09163739958
5000.0,8.07141734e-07,0.09163663191
5000.0,8.071493368e-07,0.09163675948
5000.0,8.071449932e-07,0.09163642987
5000.0,8.071629483e-07,0.09163530216
5000.0,8.071428101e-07,0.09163635973
5000.0,8.071344148e-07,0.09163572672
5000.0,8.07138475e-07,0.09163567588
5000.0,8.071671446e-07,0.09163574934
5000.0,8.071435854e-07,0.09163565168
Freq,5000,Rs,0.091636469426875,6.709326794311391e-07,Ls,8.071467744749999e-07,9.85043714547768e-12
":SOUR:DCS:STAT OFF;:BIAS:STAT OFF;:COMP:BIN:COUN:CLE;:LIST:CLE:ALL;:COMP:BIN:CLE;:AMPL:ALC ON;:APER LONG,16;:BIAS:POL:AUTO OFF;:BIAS:RANG:AUTO ON;:BIAS:VOLT:LEV 0;:COMP:ABIN OFF;:COMP:BIN:COUN:STAT OFF;:COMP:MODE PTOL;:COMP:SLIM -9.9e+037,9.9e+037;:COMP:STAT OFF;:COMP:SWAP OFF;:COMP:TOL:NOM 0;:CURR:LEV 0.1;:DISP:ENAB ON;:DISP:LINE """";:DISP:WIND:TEXT1:DATA:FMSD:DATA 1e-009;:DISP:WIND:TEXT2:DATA:FMSD:DATA 1e-009;:FORM:ASC:LONG ON;:FORM:BORD NORM;:FORM:DATA ASC,64;:FREQ:CW 5000;:FUNC:DEV1:MODE OFF;:FUNC:DEV1:REF:VAL 0;:FUNC:DEV2:MODE OFF;:FUNC:DEV2:REF:VAL 0;:FUNC:IMP:TYPE LSRS;:FUNC:SMON:IDC:STAT OFF;:FUNC:SMON:VDC:STAT OFF;:INIT:CONT OFF;:LIST:MODE SEQ;:LIST:STIM:TYPE FREQ,NONE;:SOUR:DCS:VOLT:LEV 0;:TRIG:DEL 0;:TRIG:SOUR INT;:TRIG:TDEL 0;:DISP:WIND:TEXT1:DATA:FMSD:STAT OFF;:DISP:WIND:TEXT2:DATA:FMSD:STAT OFF;:FUNC:DCR:RANG:VAL 100;:FUNC:IMP:RANG:VAL 0.1;:OUTP:DC:ISOL:LEV:VAL 0.1;:OUTP:DC:ISOL:STAT OFF;:FUNC:DCR:RANG:AUTO ON;:FUNC:IMP:RANG:AUTO ON;:OUTP:DC:ISOL:LEV:AUTO ON;:DISP:PAGE MEASurement;
"
":SOUR:DCS:STAT OFF;:BIAS:STAT OFF;:COMP:BIN:COUN:CLE;:LIST:CLE:ALL;:COMP:BIN:CLE;:AMPL:ALC ON;:APER LONG,16;:BIAS:POL:AUTO OFF;:BIAS:RANG:AUTO ON;:BIAS:VOLT:LEV 0;:COMP:ABIN OFF;:COMP:BIN:COUN:STAT OFF;:COMP:MODE PTOL;:COMP:SLIM -9.9e+037,9.9e+037;:COMP:STAT OFF;:COMP:SWAP OFF;:COMP:TOL:NOM 0;:CURR:LEV 0.1;:DISP:ENAB ON;:DISP:LINE """";:DISP:WIND:TEXT1:DATA:FMSD:DATA 1e-009;:DISP:WIND:TEXT2:DATA:FMSD:DATA 1e-009;:FORM:ASC:LONG ON;:FORM:BORD NORM;:FORM:DATA ASC,64;:FREQ:CW 5000;:FUNC:DEV1:MODE OFF;:FUNC:DEV1:REF:VAL 0;:FUNC:DEV2:MODE OFF;:FUNC:DEV2:REF:VAL 0;:FUNC:IMP:TYPE LSRS;:FUNC:SMON:IDC:STAT OFF;:FUNC:SMON:VDC:STAT OFF;:INIT:CONT OFF;:LIST:MODE SEQ;:LIST:STIM:TYPE FREQ,NONE;:SOUR:DCS:VOLT:LEV 0;:TRIG:DEL 0;:TRIG:SOUR INT;:TRIG:TDEL 0;:DISP:WIND:TEXT1:DATA:FMSD:STAT OFF;:DISP:WIND:TEXT2:DATA:FMSD:STAT OFF;:FUNC:DCR:RANG:VAL 100;:FUNC:IMP:RANG:VAL 0.1;:OUTP:DC:ISOL:LEV:VAL 0.1;:OUTP:DC:ISOL:STAT OFF;:FUNC:DCR:RANG:AUTO ON;:FUNC:IMP:RANG:AUTO ON;:OUTP:DC:ISOL:LEV:AUTO ON;:DISP:PAGE MEASurement;
"
2022-09-16,12:09:10
---------run finished---------
lcr name:,KeySight E4980A
Name and description of Resistor under test: ,BM8
GPIB source:,<bound method MessageBasedResource.read of <'GPIBInstrument'('GPIB0::17::INSTR')>>
2022-09-16,12:27:00
select the freq range,"[50, 100, 200, 300, 500, 800, 1000, 1591.5494309189535, 2000, 3000, 5000]"
50.0,8.459179725e-07,0.09803620151
50.0,8.457306163e-07,0.09804956858
50.0,8.523937026e-07,0.09806134663
50.0,8.504792508e-07,0.09806610974
50.0,8.451389501e-07,0.09806820387
50.0,8.47245681e-07,0.09806576141
50.0,8.460410315e-07,0.09809943879
50.0,8.498927474e-07,0.09812408544
50.0,8.472406702e-07,0.09810708646
50.0,8.4764733e-07,0.09809664528
50.0,8.452940655e-07,0.098093776
50.0,8.548634902e-07,0.09808842791
50.0,8.646060551e-07,0.09807687871
50.0,8.641120945e-07,0.09806924468
50.0,8.620333344e-07,0.09805823994
50.0,8.639266816e-07,0.09804713938
Freq,50,Rs,0.098075509645625,2.4050255983484022e-05,Ls,8.5203522960625e-07,7.4461019233327546e-09
":SOUR:DCS:STAT OFF;:BIAS:STAT OFF;:COMP:BIN:COUN:CLE;:LIST:CLE:ALL;:COMP:BIN:CLE;:AMPL:ALC ON;:APER LONG,16;:BIAS:POL:AUTO OFF;:BIAS:RANG:AUTO ON;:BIAS:VOLT:LEV 0;:COMP:ABIN OFF;:COMP:BIN:COUN:STAT OFF;:COMP:MODE PTOL;:COMP:SLIM -9.9e+037,9.9e+037;:COMP:STAT OFF;:COMP:SWAP OFF;:COMP:TOL:NOM 0;:CURR:LEV 0.1;:DISP:ENAB ON;:DISP:LINE """";:DISP:WIND:TEXT1:DATA:FMSD:DATA 1e-009;:DISP:WIND:TEXT2:DATA:FMSD:DATA 1e-009;:FORM:ASC:LONG ON;:FORM:BORD NORM;:FORM:DATA ASC,64;:FREQ:CW 50;:FUNC:DEV1:MODE OFF;:FUNC:DEV1:REF:VAL 0;:FUNC:DEV2:MODE OFF;:FUNC:DEV2:REF:VAL 0;:FUNC:IMP:TYPE LSRS;:FUNC:SMON:IDC:STAT OFF;:FUNC:SMON:VDC:STAT OFF;:INIT:CONT OFF;:LIST:MODE SEQ;:LIST:STIM:TYPE FREQ,NONE;:SOUR:DCS:VOLT:LEV 0;:TRIG:DEL 0;:TRIG:SOUR INT;:TRIG:TDEL 0;:DISP:WIND:TEXT1:DATA:FMSD:STAT OFF;:DISP:WIND:TEXT2:DATA:FMSD:STAT OFF;:FUNC:DCR:RANG:VAL 100;:FUNC:IMP:RANG:VAL 0.1;:OUTP:DC:ISOL:LEV:VAL 0.1;:OUTP:DC:ISOL:STAT OFF;:FUNC:DCR:RANG:AUTO ON;:FUNC:IMP:RANG:AUTO ON;:OUTP:DC:ISOL:LEV:AUTO ON;:DISP:PAGE MEASurement;
"
100.0,8.317704308e-07,0.09800894118
100.0,8.319568534e-07,0.09799922995
100.0,8.316008918e-07,0.09799140896
100.0,8.320549028e-07,0.09798521547
100.0,8.316240259e-07,0.09797891338
100.0,8.321084594e-07,0.09797198767
100.0,8.317299984e-07,0.09796579447
100.0,8.317710606e-07,0.09796082963
100.0,8.312351717e-07,0.09795574571
100.0,8.31826522e-07,0.09795309688
100.0,8.315337545e-07,0.09794822192
100.0,8.324895397e-07,0.09794459067
100.0,8.318395004e-07,0.09794020923
100.0,8.328441909e-07,0.09793709515
100.0,8.320233311e-07,0.09793265396
100.0,8.316501209e-07,0.09793074479
Freq,100,Rs,0.09796279243875,2.4398626060256733e-05,Ls,8.3187867214375e-07,3.823821186189058e-10
":SOUR:DCS:STAT OFF;:BIAS:STAT OFF;:COMP:BIN:COUN:CLE;:LIST:CLE:ALL;:COMP:BIN:CLE;:AMPL:ALC ON;:APER LONG,16;:BIAS:POL:AUTO OFF;:BIAS:RANG:AUTO ON;:BIAS:VOLT:LEV 0;:COMP:ABIN OFF;:COMP:BIN:COUN:STAT OFF;:COMP:MODE PTOL;:COMP:SLIM -9.9e+037,9.9e+037;:COMP:STAT OFF;:COMP:SWAP OFF;:COMP:TOL:NOM 0;:CURR:LEV 0.1;:DISP:ENAB ON;:DISP:LINE """";:DISP:WIND:TEXT1:DATA:FMSD:DATA 1e-009;:DISP:WIND:TEXT2:DATA:FMSD:DATA 1e-009;:FORM:ASC:LONG ON;:FORM:BORD NORM;:FORM:DATA ASC,64;:FREQ:CW 100;:FUNC:DEV1:MODE OFF;:FUNC:DEV1:REF:VAL 0;:FUNC:DEV2:MODE OFF;:FUNC:DEV2:REF:VAL 0;:FUNC:IMP:TYPE LSRS;:FUNC:SMON:IDC:STAT OFF;:FUNC:SMON:VDC:STAT OFF;:INIT:CONT OFF;:LIST:MODE SEQ;:LIST:STIM:TYPE FREQ,NONE;:SOUR:DCS:VOLT:LEV 0;:TRIG:DEL 0;:TRIG:SOUR INT;:TRIG:TDEL 0;:DISP:WIND:TEXT1:DATA:FMSD:STAT OFF;:DISP:WIND:TEXT2:DATA:FMSD:STAT OFF;:FUNC:DCR:RANG:VAL 100;:FUNC:IMP:RANG:VAL 0.1;:OUTP:DC:ISOL:LEV:VAL 0.1;:OUTP:DC:ISOL:STAT OFF;:FUNC:DCR:RANG:AUTO ON;:FUNC:IMP:RANG:AUTO ON;:OUTP:DC:ISOL:LEV:AUTO ON;:DISP:PAGE MEASurement;
"
200.0,8.332777445e-07,0.09795155437
200.0,8.332095691e-07,0.09794905964
200.0,8.330107487e-07,0.09794759579
200.0,8.332314077e-07,0.09794789089
200.0,8.328587832e-07,0.09794686961
200.0,8.332202154e-07,0.09794426795
200.0,8.331465367e-07,0.09794419555
200.0,8.330554476e-07,0.09794288996
200.0,8.328839233e-07,0.09794158603
200.0,8.33277522e-07,0.09794082533
200.0,8.333128549e-07,0.09793959023
200.0,8.331334724e-07,0.09793751733
200.0,8.333218279e-07,0.09793503762
200.0,8.335060441e-07,0.09795573248
200.0,8.332830356e-07,0.09799175736
200.0,8.330680747e-07,0.09798467629
Freq,200,Rs,0.097950065401875,1.5837438112939652e-05,Ls,8.331748254875e-07,1.6916855074897097e-10
":SOUR:DCS:STAT OFF;:BIAS:STAT OFF;:COMP:BIN:COUN:CLE;:LIST:CLE:ALL;:COMP:BIN:CLE;:AMPL:ALC ON;:APER LONG,16;:BIAS:POL:AUTO OFF;:BIAS:RANG:AUTO ON;:BIAS:VOLT:LEV 0;:COMP:ABIN OFF;:COMP:BIN:COUN:STAT OFF;:COMP:MODE PTOL;:COMP:SLIM -9.9e+037,9.9e+037;:COMP:STAT OFF;:COMP:SWAP OFF;:COMP:TOL:NOM 0;:CURR:LEV 0.1;:DISP:ENAB ON;:DISP:LINE """";:DISP:WIND:TEXT1:DATA:FMSD:DATA 1e-009;:DISP:WIND:TEXT2:DATA:FMSD:DATA 1e-009;:FORM:ASC:LONG ON;:FORM:BORD NORM;:FORM:DATA ASC,64;:FREQ:CW 200;:FUNC:DEV1:MODE OFF;:FUNC:DEV1:REF:VAL 0;:FUNC:DEV2:MODE OFF;:FUNC:DEV2:REF:VAL 0;:FUNC:IMP:TYPE LSRS;:FUNC:SMON:IDC:STAT OFF;:FUNC:SMON:VDC:STAT OFF;:INIT:CONT OFF;:LIST:MODE SEQ;:LIST:STIM:TYPE FREQ,NONE;:SOUR:DCS:VOLT:LEV 0;:TRIG:DEL 0;:TRIG:SOUR INT;:TRIG:TDEL 0;:DISP:WIND:TEXT1:DATA:FMSD:STAT OFF;:DISP:WIND:TEXT2:DATA:FMSD:STAT OFF;:FUNC:DCR:RANG:VAL 100;:FUNC:IMP:RANG:VAL 0.1;:OUTP:DC:ISOL:LEV:VAL 0.1;:OUTP:DC:ISOL:STAT OFF;:FUNC:DCR:RANG:AUTO ON;:FUNC:IMP:RANG:AUTO ON;:OUTP:DC:ISOL:LEV:AUTO ON;:DISP:PAGE MEASurement;
"
300.0,8.245930666e-07,0.09797483926
300.0,8.246269245e-07,0.09797364815
300.0,8.247018371e-07,0.09797047793
300.0,8.245726464e-07,0.09796407999
300.0,8.245469188e-07,0.09795842583
300.0,8.246463869e-07,0.09795289699
300.0,8.245566587e-07,0.09794884363
300.0,8.248114013e-07,0.09794257178
300.0,8.246842358e-07,0.09793786898
300.0,8.246775283e-07,0.09793332483
300.0,8.245894673e-07,0.0979298766
300.0,8.246053823e-07,0.09792594756
300.0,8.246378998e-07,0.0979211344
300.0,8.245362538e-07,0.09791556054
300.0,8.244977162e-07,0.09791060079
300.0,8.245472783e-07,0.09791394356
Freq,300,Rs,0.09794212755125001,2.1936984157869682e-05,Ls,8.2461447513125e-07,7.834352600151427e-11
":SOUR:DCS:STAT OFF;:BIAS:STAT OFF;:COMP:BIN:COUN:CLE;:LIST:CLE:ALL;:COMP:BIN:CLE;:AMPL:ALC ON;:APER LONG,16;:BIAS:POL:AUTO OFF;:BIAS:RANG:AUTO ON;:BIAS:VOLT:LEV 0;:COMP:ABIN OFF;:COMP:BIN:COUN:STAT OFF;:COMP:MODE PTOL;:COMP:SLIM -9.9e+037,9.9e+037;:COMP:STAT OFF;:COMP:SWAP OFF;:COMP:TOL:NOM 0;:CURR:LEV 0.1;:DISP:ENAB ON;:DISP:LINE """";:DISP:WIND:TEXT1:DATA:FMSD:DATA 1e-009;:DISP:WIND:TEXT2:DATA:FMSD:DATA 1e-009;:FORM:ASC:LONG ON;:FORM:BORD NORM;:FORM:DATA ASC,64;:FREQ:CW 300;:FUNC:DEV1:MODE OFF;:FUNC:DEV1:REF:VAL 0;:FUNC:DEV2:MODE OFF;:FUNC:DEV2:REF:VAL 0;:FUNC:IMP:TYPE LSRS;:FUNC:SMON:IDC:STAT OFF;:FUNC:SMON:VDC:STAT OFF;:INIT:CONT OFF;:LIST:MODE SEQ;:LIST:STIM:TYPE FREQ,NONE;:SOUR:DCS:VOLT:LEV 0;:TRIG:DEL 0;:TRIG:SOUR INT;:TRIG:TDEL 0;:DISP:WIND:TEXT1:DATA:FMSD:STAT OFF;:DISP:WIND:TEXT2:DATA:FMSD:STAT OFF;:FUNC:DCR:RANG:VAL 100;:FUNC:IMP:RANG:VAL 0.1;:OUTP:DC:ISOL:LEV:VAL 0.1;:OUTP:DC:ISOL:STAT OFF;:FUNC:DCR:RANG:AUTO ON;:FUNC:IMP:RANG:AUTO ON;:OUTP:DC:ISOL:LEV:AUTO ON;:DISP:PAGE MEASurement;
"
500.0,8.205110302e-07,0.09791111154
500.0,8.205369836e-07,0.09790426562
500.0,8.20458084e-07,0.09789871667
500.0,8.204664035e-07,0.09789277523
500.0,8.204209582e-07,0.09788601646
500.0,8.204785894e-07,0.09787995561
500.0,8.204331197e-07,0.09787455981
500.0,8.204236763e-07,0.09786953881
500.0,8.204595144e-07,0.09786531195
500.0,8.204104392e-07,0.09786029735
500.0,8.204314616e-07,0.09785675976
500.0,8.204472277e-07,0.09785156667
500.0,8.20383302e-07,0.09784606407
500.0,8.203052568e-07,0.09784169882
500.0,8.203507668e-07,0.0978375024
500.0,8.204252929e-07,0.09783152756
Freq,500,Rs,0.097869229270625,2.4652396823005157e-05,Ls,8.2043388164375e-07,5.655140523815502e-11
":SOUR:DCS:STAT OFF;:BIAS:STAT OFF;:COMP:BIN:COUN:CLE;:LIST:CLE:ALL;:COMP:BIN:CLE;:AMPL:ALC ON;:APER LONG,16;:BIAS:POL:AUTO OFF;:BIAS:RANG:AUTO ON;:BIAS:VOLT:LEV 0;:COMP:ABIN OFF;:COMP:BIN:COUN:STAT OFF;:COMP:MODE PTOL;:COMP:SLIM -9.9e+037,9.9e+037;:COMP:STAT OFF;:COMP:SWAP OFF;:COMP:TOL:NOM 0;:CURR:LEV 0.1;:DISP:ENAB ON;:DISP:LINE """";:DISP:WIND:TEXT1:DATA:FMSD:DATA 1e-009;:DISP:WIND:TEXT2:DATA:FMSD:DATA 1e-009;:FORM:ASC:LONG ON;:FORM:BORD NORM;:FORM:DATA ASC,64;:FREQ:CW 500;:FUNC:DEV1:MODE OFF;:FUNC:DEV1:REF:VAL 0;:FUNC:DEV2:MODE OFF;:FUNC:DEV2:REF:VAL 0;:FUNC:IMP:TYPE LSRS;:FUNC:SMON:IDC:STAT OFF;:FUNC:SMON:VDC:STAT OFF;:INIT:CONT OFF;:LIST:MODE SEQ;:LIST:STIM:TYPE FREQ,NONE;:SOUR:DCS:VOLT:LEV 0;:TRIG:DEL 0;:TRIG:SOUR INT;:TRIG:TDEL 0;:DISP:WIND:TEXT1:DATA:FMSD:STAT OFF;:DISP:WIND:TEXT2:DATA:FMSD:STAT OFF;:FUNC:DCR:RANG:VAL 100;:FUNC:IMP:RANG:VAL 0.1;:OUTP:DC:ISOL:LEV:VAL 0.1;:OUTP:DC:ISOL:STAT OFF;:FUNC:DCR:RANG:AUTO ON;:FUNC:IMP:RANG:AUTO ON;:OUTP:DC:ISOL:LEV:AUTO ON;:DISP:PAGE MEASurement;
"
800.0,8.193847593e-07,0.09783055027
800.0,8.193832331e-07,0.09782611779
800.0,8.193838392e-07,0.09782112619
800.0,8.19339028e-07,0.09781665836
800.0,8.193688544e-07,0.09781282383
800.0,8.193680132e-07,0.09780849046
800.0,8.193337588e-07,0.09780522492
800.0,8.193184987e-07,0.09780117686
800.0,8.193653293e-07,0.09779670114
800.0,8.193112769e-07,0.09779246937
800.0,8.193417546e-07,0.09778807069
800.0,8.193511172e-07,0.09778429199
800.0,8.193334166e-07,0.09778057852
800.0,8.192954026e-07,0.09777675055
800.0,8.192645915e-07,0.09777271902
800.0,8.19306297e-07,0.09776898778
Freq,800,Rs,0.09779892110874999,1.9435804379126315e-05,Ls,8.1934057315e-07,3.498237493689618e-11
":SOUR:DCS:STAT OFF;:BIAS:STAT OFF;:COMP:BIN:COUN:CLE;:LIST:CLE:ALL;:COMP:BIN:CLE;:AMPL:ALC ON;:APER LONG,16;:BIAS:POL:AUTO OFF;:BIAS:RANG:AUTO ON;:BIAS:VOLT:LEV 0;:COMP:ABIN OFF;:COMP:BIN:COUN:STAT OFF;:COMP:MODE PTOL;:COMP:SLIM -9.9e+037,9.9e+037;:COMP:STAT OFF;:COMP:SWAP OFF;:COMP:TOL:NOM 0;:CURR:LEV 0.1;:DISP:ENAB ON;:DISP:LINE """";:DISP:WIND:TEXT1:DATA:FMSD:DATA 1e-009;:DISP:WIND:TEXT2:DATA:FMSD:DATA 1e-009;:FORM:ASC:LONG ON;:FORM:BORD NORM;:FORM:DATA ASC,64;:FREQ:CW 800;:FUNC:DEV1:MODE OFF;:FUNC:DEV1:REF:VAL 0;:FUNC:DEV2:MODE OFF;:FUNC:DEV2:REF:VAL 0;:FUNC:IMP:TYPE LSRS;:FUNC:SMON:IDC:STAT OFF;:FUNC:SMON:VDC:STAT OFF;:INIT:CONT OFF;:LIST:MODE SEQ;:LIST:STIM:TYPE FREQ,NONE;:SOUR:DCS:VOLT:LEV 0;:TRIG:DEL 0;:TRIG:SOUR INT;:TRIG:TDEL 0;:DISP:WIND:TEXT1:DATA:FMSD:STAT OFF;:DISP:WIND:TEXT2:DATA:FMSD:STAT OFF;:FUNC:DCR:RANG:VAL 100;:FUNC:IMP:RANG:VAL 0.1;:OUTP:DC:ISOL:LEV:VAL 0.1;:OUTP:DC:ISOL:STAT OFF;:FUNC:DCR:RANG:AUTO ON;:FUNC:IMP:RANG:AUTO ON;:OUTP:DC:ISOL:LEV:AUTO ON;:DISP:PAGE MEASurement;
"
1000.0,8.188138926e-07,0.09775274505
1000.0,8.187428655e-07,0.0977493576
1000.0,8.187567649e-07,0.09774665858
1000.0,8.187820031e-07,0.09774313078
1000.0,8.187735941e-07,0.0977394987
1000.0,8.1879206e-07,0.09773609145
1000.0,8.187639929e-07,0.09773297209
1000.0,8.187537053e-07,0.0977294829
1000.0,8.18780746e-07,0.09772718887
1000.0,8.187441869e-07,0.09772398194
1000.0,8.187661371e-07,0.09772210897
1000.0,8.187415457e-07,0.09771964547
1000.0,8.187446019e-07,0.09771797536
1000.0,8.187317927e-07,0.09771663822
1000.0,8.187134432e-07,0.09771477722
1000.0,8.187004539e-07,0.09771457476
Freq,1000,Rs,0.0977304267475,1.2863130633727016e-05,Ls,8.187563616125e-07,2.8929468578137407e-11
":SOUR:DCS:STAT OFF;:BIAS:STAT OFF;:COMP:BIN:COUN:CLE;:LIST:CLE:ALL;:COMP:BIN:CLE;:AMPL:ALC ON;:APER LONG,16;:BIAS:POL:AUTO OFF;:BIAS:RANG:AUTO ON;:BIAS:VOLT:LEV 0;:COMP:ABIN OFF;:COMP:BIN:COUN:STAT OFF;:COMP:MODE PTOL;:COMP:SLIM -9.9e+037,9.9e+037;:COMP:STAT OFF;:COMP:SWAP OFF;:COMP:TOL:NOM 0;:CURR:LEV 0.1;:DISP:ENAB ON;:DISP:LINE """";:DISP:WIND:TEXT1:DATA:FMSD:DATA 1e-009;:DISP:WIND:TEXT2:DATA:FMSD:DATA 1e-009;:FORM:ASC:LONG ON;:FORM:BORD NORM;:FORM:DATA ASC,64;:FREQ:CW 1000;:FUNC:DEV1:MODE OFF;:FUNC:DEV1:REF:VAL 0;:FUNC:DEV2:MODE OFF;:FUNC:DEV2:REF:VAL 0;:FUNC:IMP:TYPE LSRS;:FUNC:SMON:IDC:STAT OFF;:FUNC:SMON:VDC:STAT OFF;:INIT:CONT OFF;:LIST:MODE SEQ;:LIST:STIM:TYPE FREQ,NONE;:SOUR:DCS:VOLT:LEV 0;:TRIG:DEL 0;:TRIG:SOUR INT;:TRIG:TDEL 0;:DISP:WIND:TEXT1:DATA:FMSD:STAT OFF;:DISP:WIND:TEXT2:DATA:FMSD:STAT OFF;:FUNC:DCR:RANG:VAL 100;:FUNC:IMP:RANG:VAL 0.1;:OUTP:DC:ISOL:LEV:VAL 0.1;:OUTP:DC:ISOL:STAT OFF;:FUNC:DCR:RANG:AUTO ON;:FUNC:IMP:RANG:AUTO ON;:OUTP:DC:ISOL:LEV:AUTO ON;:DISP:PAGE MEASurement;
"
1591.5494309189535,8.190596514e-07,0.09771261338
1591.5494309189535,8.190690549e-07,0.09771061529
1591.5494309189535,8.190663766e-07,0.09770842109
1591.5494309189535,8.190574245e-07,0.09770637547
1591.5494309189535,8.190653245e-07,0.09770442364
1591.5494309189535,8.190542286e-07,0.09770248111
1591.5494309189535,8.190468109e-07,0.09769981202
1591.5494309189535,8.190235534e-07,0.09769660903
1591.5494309189535,8.190292399e-07,0.09769485816
1591.5494309189535,8.190100337e-07,0.09769384721
1591.5494309189535,8.190199642e-07,0.09769212
1591.5494309189535,8.190116085e-07,0.09769086969
1591.5494309189535,8.190122377e-07,0.09768880977
1591.5494309189535,8.190101862e-07,0.09768556902
1591.5494309189535,8.189887924e-07,0.09768326242
1591.5494309189535,8.190120957e-07,0.09768128876
Freq,1591.5494309189535,Rs,0.09769699850375,9.83172337918783e-06,Ls,8.1903353644375e-07,2.582462655629669e-11
":SOUR:DCS:STAT OFF;:BIAS:STAT OFF;:COMP:BIN:COUN:CLE;:LIST:CLE:ALL;:COMP:BIN:CLE;:AMPL:ALC ON;:APER LONG,16;:BIAS:POL:AUTO OFF;:BIAS:RANG:AUTO ON;:BIAS:VOLT:LEV 0;:COMP:ABIN OFF;:COMP:BIN:COUN:STAT OFF;:COMP:MODE PTOL;:COMP:SLIM -9.9e+037,9.9e+037;:COMP:STAT OFF;:COMP:SWAP OFF;:COMP:TOL:NOM 0;:CURR:LEV 0.1;:DISP:ENAB ON;:DISP:LINE """";:DISP:WIND:TEXT1:DATA:FMSD:DATA 1e-009;:DISP:WIND:TEXT2:DATA:FMSD:DATA 1e-009;:FORM:ASC:LONG ON;:FORM:BORD NORM;:FORM:DATA ASC,64;:FREQ:CW 1592;:FUNC:DEV1:MODE OFF;:FUNC:DEV1:REF:VAL 0;:FUNC:DEV2:MODE OFF;:FUNC:DEV2:REF:VAL 0;:FUNC:IMP:TYPE LSRS;:FUNC:SMON:IDC:STAT OFF;:FUNC:SMON:VDC:STAT OFF;:INIT:CONT OFF;:LIST:MODE SEQ;:LIST:STIM:TYPE FREQ,NONE;:SOUR:DCS:VOLT:LEV 0;:TRIG:DEL 0;:TRIG:SOUR INT;:TRIG:TDEL 0;:DISP:WIND:TEXT1:DATA:FMSD:STAT OFF;:DISP:WIND:TEXT2:DATA:FMSD:STAT OFF;:FUNC:DCR:RANG:VAL 100;:FUNC:IMP:RANG:VAL 0.1;:OUTP:DC:ISOL:LEV:VAL 0.1;:OUTP:DC:ISOL:STAT OFF;:FUNC:DCR:RANG:AUTO ON;:FUNC:IMP:RANG:AUTO ON;:OUTP:DC:ISOL:LEV:AUTO ON;:DISP:PAGE MEASurement;
"
2000.0,8.19456214e-07,0.09768536929
2000.0,8.194575466e-07,0.09768363661
2000.0,8.194627493e-07,0.09768165198
2000.0,8.194395833e-07,0.09767964507
2000.0,8.194442709e-07,0.09767744624
2000.0,8.194384859e-07,0.09767617848
2000.0,8.194422612e-07,0.09767381555
2000.0,8.194301298e-07,0.09767180621
2000.0,8.194161871e-07,0.09767048817
2000.0,8.194360562e-07,0.09766947191
2000.0,8.194285175e-07,0.09766836173
2000.0,8.194564628e-07,0.0976671264
2000.0,8.194251209e-07,0.09766538327
2000.0,8.194043122e-07,0.09766202808
2000.0,8.193976829e-07,0.097660194
2000.0,8.194129733e-07,0.09765898335
Freq,2000,Rs,0.09767197414625,8.22152337759589e-06,Ls,8.1943428461875e-07,1.947744746557293e-11
":SOUR:DCS:STAT OFF;:BIAS:STAT OFF;:COMP:BIN:COUN:CLE;:LIST:CLE:ALL;:COMP:BIN:CLE;:AMPL:ALC ON;:APER LONG,16;:BIAS:POL:AUTO OFF;:BIAS:RANG:AUTO ON;:BIAS:VOLT:LEV 0;:COMP:ABIN OFF;:COMP:BIN:COUN:STAT OFF;:COMP:MODE PTOL;:COMP:SLIM -9.9e+037,9.9e+037;:COMP:STAT OFF;:COMP:SWAP OFF;:COMP:TOL:NOM 0;:CURR:LEV 0.1;:DISP:ENAB ON;:DISP:LINE """";:DISP:WIND:TEXT1:DATA:FMSD:DATA 1e-009;:DISP:WIND:TEXT2:DATA:FMSD:DATA 1e-009;:FORM:ASC:LONG ON;:FORM:BORD NORM;:FORM:DATA ASC,64;:FREQ:CW 2000;:FUNC:DEV1:MODE OFF;:FUNC:DEV1:REF:VAL 0;:FUNC:DEV2:MODE OFF;:FUNC:DEV2:REF:VAL 0;:FUNC:IMP:TYPE LSRS;:FUNC:SMON:IDC:STAT OFF;:FUNC:SMON:VDC:STAT OFF;:INIT:CONT OFF;:LIST:MODE SEQ;:LIST:STIM:TYPE FREQ,NONE;:SOUR:DCS:VOLT:LEV 0;:TRIG:DEL 0;:TRIG:SOUR INT;:TRIG:TDEL 0;:DISP:WIND:TEXT1:DATA:FMSD:STAT OFF;:DISP:WIND:TEXT2:DATA:FMSD:STAT OFF;:FUNC:DCR:RANG:VAL 100;:FUNC:IMP:RANG:VAL 0.1;:OUTP:DC:ISOL:LEV:VAL 0.1;:OUTP:DC:ISOL:STAT OFF;:FUNC:DCR:RANG:AUTO ON;:FUNC:IMP:RANG:AUTO ON;:OUTP:DC:ISOL:LEV:AUTO ON;:DISP:PAGE MEASurement;
"
3000.0,8.196133263e-07,0.09767112625
3000.0,8.196176644e-07,0.09766907966
3000.0,8.196055348e-07,0.09766753626
3000.0,8.196050803e-07,0.09766691509
3000.0,8.196188934e-07,0.0976651575
3000.0,8.19636827e-07,0.09766472512
3000.0,8.19613665e-07,0.09766400463
3000.0,8.195829467e-07,0.09766170742
3000.0,8.195927382e-07,0.09765984919
3000.0,8.19631392e-07,0.09765996821
3000.0,8.196119603e-07,0.09765897666
3000.0,8.196093336e-07,0.09765809117
3000.0,8.195940598e-07,0.09765638701
3000.0,8.195856457e-07,0.09765536889
3000.0,8.196229629e-07,0.09765501033
3000.0,8.195880809e-07,0.09765309016
Freq,3000,Rs,0.09766168709687499,5.44697902984228e-06,Ls,8.196081319562499e-07,1.6037017618501763e-11
":SOUR:DCS:STAT OFF;:BIAS:STAT OFF;:COMP:BIN:COUN:CLE;:LIST:CLE:ALL;:COMP:BIN:CLE;:AMPL:ALC ON;:APER LONG,16;:BIAS:POL:AUTO OFF;:BIAS:RANG:AUTO ON;:BIAS:VOLT:LEV 0;:COMP:ABIN OFF;:COMP:BIN:COUN:STAT OFF;:COMP:MODE PTOL;:COMP:SLIM -9.9e+037,9.9e+037;:COMP:STAT OFF;:COMP:SWAP OFF;:COMP:TOL:NOM 0;:CURR:LEV 0.1;:DISP:ENAB ON;:DISP:LINE """";:DISP:WIND:TEXT1:DATA:FMSD:DATA 1e-009;:DISP:WIND:TEXT2:DATA:FMSD:DATA 1e-009;:FORM:ASC:LONG ON;:FORM:BORD NORM;:FORM:DATA ASC,64;:FREQ:CW 3000;:FUNC:DEV1:MODE OFF;:FUNC:DEV1:REF:VAL 0;:FUNC:DEV2:MODE OFF;:FUNC:DEV2:REF:VAL 0;:FUNC:IMP:TYPE LSRS;:FUNC:SMON:IDC:STAT OFF;:FUNC:SMON:VDC:STAT OFF;:INIT:CONT OFF;:LIST:MODE SEQ;:LIST:STIM:TYPE FREQ,NONE;:SOUR:DCS:VOLT:LEV 0;:TRIG:DEL 0;:TRIG:SOUR INT;:TRIG:TDEL 0;:DISP:WIND:TEXT1:DATA:FMSD:STAT OFF;:DISP:WIND:TEXT2:DATA:FMSD:STAT OFF;:FUNC:DCR:RANG:VAL 100;:FUNC:IMP:RANG:VAL 0.1;:OUTP:DC:ISOL:LEV:VAL 0.1;:OUTP:DC:ISOL:STAT OFF;:FUNC:DCR:RANG:AUTO ON;:FUNC:IMP:RANG:AUTO ON;:OUTP:DC:ISOL:LEV:AUTO ON;:DISP:PAGE MEASurement;
"
5000.0,8.191677835e-07,0.09772413479
5000.0,8.191681411e-07,0.09772118109
5000.0,8.191368606e-07,0.09771805189
5000.0,8.191917191e-07,0.09771854766
5000.0,8.19140036e-07,0.09771816809
5000.0,8.192081569e-07,0.09771749364
5000.0,8.191671001e-07,0.09771628817
5000.0,8.191661668e-07,0.09771338833
5000.0,8.191250474e-07,0.09771338008
5000.0,8.191742981e-07,0.09770728868
5000.0,8.191567827e-07,0.09770693303
5000.0,8.191569517e-07,0.09770522005
5000.0,8.190929025e-07,0.09770463439
5000.0,8.191520324e-07,0.09770116132
5000.0,8.191182988e-07,0.09769769106
5000.0,8.191051311e-07,0.09769855191
Freq,5000,Rs,0.09771138213625,8.352824274128386e-06,Ls,8.1915171305e-07,3.069919924783476e-11
":SOUR:DCS:STAT OFF;:BIAS:STAT OFF;:COMP:BIN:COUN:CLE;:LIST:CLE:ALL;:COMP:BIN:CLE;:AMPL:ALC ON;:APER LONG,16;:BIAS:POL:AUTO OFF;:BIAS:RANG:AUTO ON;:BIAS:VOLT:LEV 0;:COMP:ABIN OFF;:COMP:BIN:COUN:STAT OFF;:COMP:MODE PTOL;:COMP:SLIM -9.9e+037,9.9e+037;:COMP:STAT OFF;:COMP:SWAP OFF;:COMP:TOL:NOM 0;:CURR:LEV 0.1;:DISP:ENAB ON;:DISP:LINE """";:DISP:WIND:TEXT1:DATA:FMSD:DATA 1e-009;:DISP:WIND:TEXT2:DATA:FMSD:DATA 1e-009;:FORM:ASC:LONG ON;:FORM:BORD NORM;:FORM:DATA ASC,64;:FREQ:CW 5000;:FUNC:DEV1:MODE OFF;:FUNC:DEV1:REF:VAL 0;:FUNC:DEV2:MODE OFF;:FUNC:DEV2:REF:VAL 0;:FUNC:IMP:TYPE LSRS;:FUNC:SMON:IDC:STAT OFF;:FUNC:SMON:VDC:STAT OFF;:INIT:CONT OFF;:LIST:MODE SEQ;:LIST:STIM:TYPE FREQ,NONE;:SOUR:DCS:VOLT:LEV 0;:TRIG:DEL 0;:TRIG:SOUR INT;:TRIG:TDEL 0;:DISP:WIND:TEXT1:DATA:FMSD:STAT OFF;:DISP:WIND:TEXT2:DATA:FMSD:STAT OFF;:FUNC:DCR:RANG:VAL 100;:FUNC:IMP:RANG:VAL 1;:OUTP:DC:ISOL:LEV:VAL 0.1;:OUTP:DC:ISOL:STAT OFF;:FUNC:DCR:RANG:AUTO ON;:FUNC:IMP:RANG:AUTO ON;:OUTP:DC:ISOL:LEV:AUTO ON;:DISP:PAGE MEASurement;
"
":SOUR:DCS:STAT OFF;:BIAS:STAT OFF;:COMP:BIN:COUN:CLE;:LIST:CLE:ALL;:COMP:BIN:CLE;:AMPL:ALC ON;:APER LONG,16;:BIAS:POL:AUTO OFF;:BIAS:RANG:AUTO ON;:BIAS:VOLT:LEV 0;:COMP:ABIN OFF;:COMP:BIN:COUN:STAT OFF;:COMP:MODE PTOL;:COMP:SLIM -9.9e+037,9.9e+037;:COMP:STAT OFF;:COMP:SWAP OFF;:COMP:TOL:NOM 0;:CURR:LEV 0.1;:DISP:ENAB ON;:DISP:LINE """";:DISP:WIND:TEXT1:DATA:FMSD:DATA 1e-009;:DISP:WIND:TEXT2:DATA:FMSD:DATA 1e-009;:FORM:ASC:LONG ON;:FORM:BORD NORM;:FORM:DATA ASC,64;:FREQ:CW 5000;:FUNC:DEV1:MODE OFF;:FUNC:DEV1:REF:VAL 0;:FUNC:DEV2:MODE OFF;:FUNC:DEV2:REF:VAL 0;:FUNC:IMP:TYPE LSRS;:FUNC:SMON:IDC:STAT OFF;:FUNC:SMON:VDC:STAT OFF;:INIT:CONT OFF;:LIST:MODE SEQ;:LIST:STIM:TYPE FREQ,NONE;:SOUR:DCS:VOLT:LEV 0;:TRIG:DEL 0;:TRIG:SOUR INT;:TRIG:TDEL 0;:DISP:WIND:TEXT1:DATA:FMSD:STAT OFF;:DISP:WIND:TEXT2:DATA:FMSD:STAT OFF;:FUNC:DCR:RANG:VAL 100;:FUNC:IMP:RANG:VAL 1;:OUTP:DC:ISOL:LEV:VAL 0.1;:OUTP:DC:ISOL:STAT OFF;:FUNC:DCR:RANG:AUTO ON;:FUNC:IMP:RANG:AUTO ON;:OUTP:DC:ISOL:LEV:AUTO ON;:DISP:PAGE MEASurement;
"
2022-09-16,12:38:18
---------run finished---------
lcr name:,KeySight E4980A
Name and description of Resistor under test: ,BM8R
GPIB source:,<bound method MessageBasedResource.read of <'GPIBInstrument'('GPIB0::17::INSTR')>>
2022-09-16,12:39:31
select the freq range,"[50, 100, 200, 300, 500, 800, 1000, 1591.5494309189535, 2000, 3000, 5000]"
50.0,8.46953111e-07,0.09696428637
50.0,8.44852005e-07,0.09696519596
50.0,8.422479488e-07,0.09695984311
50.0,8.412389032e-07,0.09704402292
50.0,8.434161581e-07,0.09705137702
50.0,8.467225636e-07,0.0970438908
50.0,8.497796683e-07,0.09704035021
50.0,8.551131601e-07,0.09703870215
50.0,8.576586391e-07,0.09703816159
50.0,8.609455964e-07,0.09704021652
50.0,8.595629935e-07,0.09704226991
50.0,8.608850895e-07,0.09704068921
50.0,8.58843837e-07,0.09703795255
50.0,8.569775355e-07,0.09703747004
50.0,8.516256801e-07,0.09703805303
50.0,8.498488952e-07,0.09703740793
Freq,50,Rs,0.09702624308249999,3.153622570409724e-05,Ls,8.51666986525e-07,6.959015663837198e-09
":SOUR:DCS:STAT OFF;:BIAS:STAT OFF;:COMP:BIN:COUN:CLE;:LIST:CLE:ALL;:COMP:BIN:CLE;:AMPL:ALC ON;:APER LONG,16;:BIAS:POL:AUTO OFF;:BIAS:RANG:AUTO ON;:BIAS:VOLT:LEV 0;:COMP:ABIN OFF;:COMP:BIN:COUN:STAT OFF;:COMP:MODE PTOL;:COMP:SLIM -9.9e+037,9.9e+037;:COMP:STAT OFF;:COMP:SWAP OFF;:COMP:TOL:NOM 0;:CURR:LEV 0.1;:DISP:ENAB ON;:DISP:LINE """";:DISP:WIND:TEXT1:DATA:FMSD:DATA 1e-009;:DISP:WIND:TEXT2:DATA:FMSD:DATA 1e-009;:FORM:ASC:LONG ON;:FORM:BORD NORM;:FORM:DATA ASC,64;:FREQ:CW 50;:FUNC:DEV1:MODE OFF;:FUNC:DEV1:REF:VAL 0;:FUNC:DEV2:MODE OFF;:FUNC:DEV2:REF:VAL 0;:FUNC:IMP:TYPE LSRS;:FUNC:SMON:IDC:STAT OFF;:FUNC:SMON:VDC:STAT OFF;:INIT:CONT OFF;:LIST:MODE SEQ;:LIST:STIM:TYPE FREQ,NONE;:SOUR:DCS:VOLT:LEV 0;:TRIG:DEL 0;:TRIG:SOUR INT;:TRIG:TDEL 0;:DISP:WIND:TEXT1:DATA:FMSD:STAT OFF;:DISP:WIND:TEXT2:DATA:FMSD:STAT OFF;:FUNC:DCR:RANG:VAL 100;:FUNC:IMP:RANG:VAL 0.1;:OUTP:DC:ISOL:LEV:VAL 0.1;:OUTP:DC:ISOL:STAT OFF;:FUNC:DCR:RANG:AUTO ON;:FUNC:IMP:RANG:AUTO ON;:OUTP:DC:ISOL:LEV:AUTO ON;:DISP:PAGE MEASurement;
"
100.0,8.291147372e-07,0.0970198705
100.0,8.294899254e-07,0.09701833892
100.0,8.300279015e-07,0.09701900351
100.0,8.304921648e-07,0.09701905289
100.0,8.29670947e-07,0.09701876646
100.0,8.295130046e-07,0.09701917219
100.0,8.295320835e-07,0.09702148839
100.0,8.305060876e-07,0.09702479817
100.0,8.30503528e-07,0.09702795708
100.0,8.307425976e-07,0.09703013449
100.0,8.298967899e-07,0.09703285935
100.0,8.295009807e-07,0.09703606162
100.0,8.305779502e-07,0.09703948793
100.0,8.305133277e-07,0.09704308286
100.0,8.299060337e-07,0.09704463884
100.0,8.306144165e-07,0.09704700208
Freq,100,Rs,0.09702885720500001,1.0376426623314082e-05,Ls,8.300376547437501e-07,5.249272412081464e-10
":SOUR:DCS:STAT OFF;:BIAS:STAT OFF;:COMP:BIN:COUN:CLE;:LIST:CLE:ALL;:COMP:BIN:CLE;:AMPL:ALC ON;:APER LONG,16;:BIAS:POL:AUTO OFF;:BIAS:RANG:AUTO ON;:BIAS:VOLT:LEV 0;:COMP:ABIN OFF;:COMP:BIN:COUN:STAT OFF;:COMP:MODE PTOL;:COMP:SLIM -9.9e+037,9.9e+037;:COMP:STAT OFF;:COMP:SWAP OFF;:COMP:TOL:NOM 0;:CURR:LEV 0.1;:DISP:ENAB ON;:DISP:LINE """";:DISP:WIND:TEXT1:DATA:FMSD:DATA 1e-009;:DISP:WIND:TEXT2:DATA:FMSD:DATA 1e-009;:FORM:ASC:LONG ON;:FORM:BORD NORM;:FORM:DATA ASC,64;:FREQ:CW 100;:FUNC:DEV1:MODE OFF;:FUNC:DEV1:REF:VAL 0;:FUNC:DEV2:MODE OFF;:FUNC:DEV2:REF:VAL 0;:FUNC:IMP:TYPE LSRS;:FUNC:SMON:IDC:STAT OFF;:FUNC:SMON:VDC:STAT OFF;:INIT:CONT OFF;:LIST:MODE SEQ;:LIST:STIM:TYPE FREQ,NONE;:SOUR:DCS:VOLT:LEV 0;:TRIG:DEL 0;:TRIG:SOUR INT;:TRIG:TDEL 0;:DISP:WIND:TEXT1:DATA:FMSD:STAT OFF;:DISP:WIND:TEXT2:DATA:FMSD:STAT OFF;:FUNC:DCR:RANG:VAL 100;:FUNC:IMP:RANG:VAL 0.1;:OUTP:DC:ISOL:LEV:VAL 0.1;:OUTP:DC:ISOL:STAT OFF;:FUNC:DCR:RANG:AUTO ON;:FUNC:IMP:RANG:AUTO ON;:OUTP:DC:ISOL:LEV:AUTO ON;:DISP:PAGE MEASurement;
"
200.0,8.319308082e-07,0.09707561089
200.0,8.321253504e-07,0.09707579087
200.0,8.319467269e-07,0.09707777791
200.0,8.321663761e-07,0.09707914523
200.0,8.321787307e-07,0.09708231651
200.0,8.32140939e-07,0.09708407055
200.0,8.32309672e-07,0.09708695134
200.0,8.320161195e-07,0.09708787732
200.0,8.323239075e-07,0.09708952963
200.0,8.32394457e-07,0.09709015377
200.0,8.32405061e-07,0.09709121307
200.0,8.322853403e-07,0.09709382482
200.0,8.319092238e-07,0.09709355253
200.0,8.323441991e-07,0.09709418708
200.0,8.322240692e-07,0.0970964747
200.0,8.322164045e-07,0.09709690544
Freq,200,Rs,0.09708721135375001,7.283889689933935e-06,Ls,8.32182336575e-07,1.6264387068125297e-10
":SOUR:DCS:STAT OFF;:BIAS:STAT OFF;:COMP:BIN:COUN:CLE;:LIST:CLE:ALL;:COMP:BIN:CLE;:AMPL:ALC ON;:APER LONG,16;:BIAS:POL:AUTO OFF;:BIAS:RANG:AUTO ON;:BIAS:VOLT:LEV 0;:COMP:ABIN OFF;:COMP:BIN:COUN:STAT OFF;:COMP:MODE PTOL;:COMP:SLIM -9.9e+037,9.9e+037;:COMP:STAT OFF;:COMP:SWAP OFF;:COMP:TOL:NOM 0;:CURR:LEV 0.1;:DISP:ENAB ON;:DISP:LINE """";:DISP:WIND:TEXT1:DATA:FMSD:DATA 1e-009;:DISP:WIND:TEXT2:DATA:FMSD:DATA 1e-009;:FORM:ASC:LONG ON;:FORM:BORD NORM;:FORM:DATA ASC,64;:FREQ:CW 200;:FUNC:DEV1:MODE OFF;:FUNC:DEV1:REF:VAL 0;:FUNC:DEV2:MODE OFF;:FUNC:DEV2:REF:VAL 0;:FUNC:IMP:TYPE LSRS;:FUNC:SMON:IDC:STAT OFF;:FUNC:SMON:VDC:STAT OFF;:INIT:CONT OFF;:LIST:MODE SEQ;:LIST:STIM:TYPE FREQ,NONE;:SOUR:DCS:VOLT:LEV 0;:TRIG:DEL 0;:TRIG:SOUR INT;:TRIG:TDEL 0;:DISP:WIND:TEXT1:DATA:FMSD:STAT OFF;:DISP:WIND:TEXT2:DATA:FMSD:STAT OFF;:FUNC:DCR:RANG:VAL 100;:FUNC:IMP:RANG:VAL 0.1;:OUTP:DC:ISOL:LEV:VAL 0.1;:OUTP:DC:ISOL:STAT OFF;:FUNC:DCR:RANG:AUTO ON;:FUNC:IMP:RANG:AUTO ON;:OUTP:DC:ISOL:LEV:AUTO ON;:DISP:PAGE MEASurement;
"
300.0,8.238453635e-07,0.09710203889
300.0,8.238241573e-07,0.09710352635
300.0,8.237161718e-07,0.09710266343
300.0,8.237905364e-07,0.09710212869
300.0,8.237191014e-07,0.09710129195
300.0,8.238053821e-07,0.09710109968
300.0,8.236301406e-07,0.09710030662
300.0,8.238867043e-07,0.0971000449
300.0,8.238763958e-07,0.09709984511
300.0,8.23847332e-07,0.09709950147
300.0,8.238344814e-07,0.09709932881
300.0,8.237670524e-07,0.09709943402
300.0,8.238203886e-07,0.09710009312
300.0,8.23899083e-07,0.09709976955
300.0,8.237847503e-07,0.09709898243
300.0,8.238528335e-07,0.09709907218
Freq,300,Rs,0.09710057044999999,1.3901241761948805e-06,Ls,8.2380624215e-07,7.10334830736707e-11
":SOUR:DCS:STAT OFF;:BIAS:STAT OFF;:COMP:BIN:COUN:CLE;:LIST:CLE:ALL;:COMP:BIN:CLE;:AMPL:ALC ON;:APER LONG,16;:BIAS:POL:AUTO OFF;:BIAS:RANG:AUTO ON;:BIAS:VOLT:LEV 0;:COMP:ABIN OFF;:COMP:BIN:COUN:STAT OFF;:COMP:MODE PTOL;:COMP:SLIM -9.9e+037,9.9e+037;:COMP:STAT OFF;:COMP:SWAP OFF;:COMP:TOL:NOM 0;:CURR:LEV 0.1;:DISP:ENAB ON;:DISP:LINE """";:DISP:WIND:TEXT1:DATA:FMSD:DATA 1e-009;:DISP:WIND:TEXT2:DATA:FMSD:DATA 1e-009;:FORM:ASC:LONG ON;:FORM:BORD NORM;:FORM:DATA ASC,64;:FREQ:CW 300;:FUNC:DEV1:MODE OFF;:FUNC:DEV1:REF:VAL 0;:FUNC:DEV2:MODE OFF;:FUNC:DEV2:REF:VAL 0;:FUNC:IMP:TYPE LSRS;:FUNC:SMON:IDC:STAT OFF;:FUNC:SMON:VDC:STAT OFF;:INIT:CONT OFF;:LIST:MODE SEQ;:LIST:STIM:TYPE FREQ,NONE;:SOUR:DCS:VOLT:LEV 0;:TRIG:DEL 0;:TRIG:SOUR INT;:TRIG:TDEL 0;:DISP:WIND:TEXT1:DATA:FMSD:STAT OFF;:DISP:WIND:TEXT2:DATA:FMSD:STAT OFF;:FUNC:DCR:RANG:VAL 100;:FUNC:IMP:RANG:VAL 0.1;:OUTP:DC:ISOL:LEV:VAL 0.1;:OUTP:DC:ISOL:STAT OFF;:FUNC:DCR:RANG:AUTO ON;:FUNC:IMP:RANG:AUTO ON;:OUTP:DC:ISOL:LEV:AUTO ON;:DISP:PAGE MEASurement;
"
500.0,8.197151536e-07,0.09710920314
500.0,8.197118227e-07,0.09710852768
500.0,8.198237886e-07,0.09710791385
500.0,8.197894644e-07,0.09710692874
500.0,8.197423389e-07,0.09710735902
500.0,8.197826176e-07,0.09710881221
500.0,8.196985968e-07,0.09711030482
500.0,8.19842923e-07,0.09711075631
500.0,8.197873097e-07,0.09711066099
500.0,8.19826496e-07,0.0971117973
500.0,8.197118638e-07,0.0971120796
500.0,8.196536095e-07,0.09711105926
500.0,8.197761382e-07,0.0971095836
500.0,8.197683149e-07,0.09710901673
500.0,8.197760699e-07,0.09710785927
500.0,8.197710864e-07,0.09710826112
Freq,500,Rs,0.0971093827275,1.5790737228901374e-06,Ls,8.19761099625e-07,5.1790853470824805e-11
":SOUR:DCS:STAT OFF;:BIAS:STAT OFF;:COMP:BIN:COUN:CLE;:LIST:CLE:ALL;:COMP:BIN:CLE;:AMPL:ALC ON;:APER LONG,16;:BIAS:POL:AUTO OFF;:BIAS:RANG:AUTO ON;:BIAS:VOLT:LEV 0;:COMP:ABIN OFF;:COMP:BIN:COUN:STAT OFF;:COMP:MODE PTOL;:COMP:SLIM -9.9e+037,9.9e+037;:COMP:STAT OFF;:COMP:SWAP OFF;:COMP:TOL:NOM 0;:CURR:LEV 0.1;:DISP:ENAB ON;:DISP:LINE """";:DISP:WIND:TEXT1:DATA:FMSD:DATA 1e-009;:DISP:WIND:TEXT2:DATA:FMSD:DATA 1e-009;:FORM:ASC:LONG ON;:FORM:BORD NORM;:FORM:DATA ASC,64;:FREQ:CW 500;:FUNC:DEV1:MODE OFF;:FUNC:DEV1:REF:VAL 0;:FUNC:DEV2:MODE OFF;:FUNC:DEV2:REF:VAL 0;:FUNC:IMP:TYPE LSRS;:FUNC:SMON:IDC:STAT OFF;:FUNC:SMON:VDC:STAT OFF;:INIT:CONT OFF;:LIST:MODE SEQ;:LIST:STIM:TYPE FREQ,NONE;:SOUR:DCS:VOLT:LEV 0;:TRIG:DEL 0;:TRIG:SOUR INT;:TRIG:TDEL 0;:DISP:WIND:TEXT1:DATA:FMSD:STAT OFF;:DISP:WIND:TEXT2:DATA:FMSD:STAT OFF;:FUNC:DCR:RANG:VAL 100;:FUNC:IMP:RANG:VAL 0.1;:OUTP:DC:ISOL:LEV:VAL 0.1;:OUTP:DC:ISOL:STAT OFF;:FUNC:DCR:RANG:AUTO ON;:FUNC:IMP:RANG:AUTO ON;:OUTP:DC:ISOL:LEV:AUTO ON;:DISP:PAGE MEASurement;
"
800.0,8.188009365e-07,0.097115254
800.0,8.187899086e-07,0.09711587146
800.0,8.187997227e-07,0.09711685801
800.0,8.187839267e-07,0.09711674367
800.0,8.188379693e-07,0.09711678314
800.0,8.187729467e-07,0.09711620265
800.0,8.187918877e-07,0.09711589252
800.0,8.187952579e-07,0.09711557665
800.0,8.187778713e-07,0.09711557079
800.0,8.188276115e-07,0.09711484719
800.0,8.187559345e-07,0.09711427839
800.0,8.187939013e-07,0.09711367311
800.0,8.187617524e-07,0.09711301088
800.0,8.188006935e-07,0.0971126034
800.0,8.187849914e-07,0.09711193579
800.0,8.188048502e-07,0.09711114546
Freq,800,Rs,0.097114765444375,1.8031272354897904e-06,Ls,8.187925101375e-07,2.1084903615397198e-11
":SOUR:DCS:STAT OFF;:BIAS:STAT OFF;:COMP:BIN:COUN:CLE;:LIST:CLE:ALL;:COMP:BIN:CLE;:AMPL:ALC ON;:APER LONG,16;:BIAS:POL:AUTO OFF;:BIAS:RANG:AUTO ON;:BIAS:VOLT:LEV 0;:COMP:ABIN OFF;:COMP:BIN:COUN:STAT OFF;:COMP:MODE PTOL;:COMP:SLIM -9.9e+037,9.9e+037;:COMP:STAT OFF;:COMP:SWAP OFF;:COMP:TOL:NOM 0;:CURR:LEV 0.1;:DISP:ENAB ON;:DISP:LINE """";:DISP:WIND:TEXT1:DATA:FMSD:DATA 1e-009;:DISP:WIND:TEXT2:DATA:FMSD:DATA 1e-009;:FORM:ASC:LONG ON;:FORM:BORD NORM;:FORM:DATA ASC,64;:FREQ:CW 800;:FUNC:DEV1:MODE OFF;:FUNC:DEV1:REF:VAL 0;:FUNC:DEV2:MODE OFF;:FUNC:DEV2:REF:VAL 0;:FUNC:IMP:TYPE LSRS;:FUNC:SMON:IDC:STAT OFF;:FUNC:SMON:VDC:STAT OFF;:INIT:CONT OFF;:LIST:MODE SEQ;:LIST:STIM:TYPE FREQ,NONE;:SOUR:DCS:VOLT:LEV 0;:TRIG:DEL 0;:TRIG:SOUR INT;:TRIG:TDEL 0;:DISP:WIND:TEXT1:DATA:FMSD:STAT OFF;:DISP:WIND:TEXT2:DATA:FMSD:STAT OFF;:FUNC:DCR:RANG:VAL 100;:FUNC:IMP:RANG:VAL 0.1;:OUTP:DC:ISOL:LEV:VAL 0.1;:OUTP:DC:ISOL:STAT OFF;:FUNC:DCR:RANG:AUTO ON;:FUNC:IMP:RANG:AUTO ON;:OUTP:DC:ISOL:LEV:AUTO ON;:DISP:PAGE MEASurement;
"
1000.0,8.182700511e-07,0.09710406696
1000.0,8.183080893e-07,0.0971059988
1000.0,8.182718576e-07,0.09710485409
1000.0,8.182764662e-07,0.09710328693
1000.0,8.182734057e-07,0.09710273398
1000.0,8.182549621e-07,0.09710226586
1000.0,8.183062381e-07,0.09710230363
1000.0,8.182722058e-07,0.09710171357
1000.0,8.182708271e-07,0.09710211639
1000.0,8.182596718e-07,0.09710184954
1000.0,8.182852977e-07,0.09710302326
1000.0,8.183215951e-07,0.09710397136
1000.0,8.183092543e-07,0.09710454305
1000.0,8.182772098e-07,0.09710580861
1000.0,8.183183605e-07,0.09710562875
1000.0,8.182861683e-07,0.09710578268
Freq,1000,Rs,0.09710374671625001,1.5373292145495621e-06,Ls,8.1828510378125e-07,2.097353586452148e-11
":SOUR:DCS:STAT OFF;:BIAS:STAT OFF;:COMP:BIN:COUN:CLE;:LIST:CLE:ALL;:COMP:BIN:CLE;:AMPL:ALC ON;:APER LONG,16;:BIAS:POL:AUTO OFF;:BIAS:RANG:AUTO ON;:BIAS:VOLT:LEV 0;:COMP:ABIN OFF;:COMP:BIN:COUN:STAT OFF;:COMP:MODE PTOL;:COMP:SLIM -9.9e+037,9.9e+037;:COMP:STAT OFF;:COMP:SWAP OFF;:COMP:TOL:NOM 0;:CURR:LEV 0.1;:DISP:ENAB ON;:DISP:LINE """";:DISP:WIND:TEXT1:DATA:FMSD:DATA 1e-009;:DISP:WIND:TEXT2:DATA:FMSD:DATA 1e-009;:FORM:ASC:LONG ON;:FORM:BORD NORM;:FORM:DATA ASC,64;:FREQ:CW 1000;:FUNC:DEV1:MODE OFF;:FUNC:DEV1:REF:VAL 0;:FUNC:DEV2:MODE OFF;:FUNC:DEV2:REF:VAL 0;:FUNC:IMP:TYPE LSRS;:FUNC:SMON:IDC:STAT OFF;:FUNC:SMON:VDC:STAT OFF;:INIT:CONT OFF;:LIST:MODE SEQ;:LIST:STIM:TYPE FREQ,NONE;:SOUR:DCS:VOLT:LEV 0;:TRIG:DEL 0;:TRIG:SOUR INT;:TRIG:TDEL 0;:DISP:WIND:TEXT1:DATA:FMSD:STAT OFF;:DISP:WIND:TEXT2:DATA:FMSD:STAT OFF;:FUNC:DCR:RANG:VAL 100;:FUNC:IMP:RANG:VAL 0.1;:OUTP:DC:ISOL:LEV:VAL 0.1;:OUTP:DC:ISOL:STAT OFF;:FUNC:DCR:RANG:AUTO ON;:FUNC:IMP:RANG:AUTO ON;:OUTP:DC:ISOL:LEV:AUTO ON;:DISP:PAGE MEASurement;
"
1591.5494309189535,8.186417722e-07,0.09711196794
1591.5494309189535,8.186444671e-07,0.09711229349
1591.5494309189535,8.186360067e-07,0.09711201248
1591.5494309189535,8.186348445e-07,0.0971112468
1591.5494309189535,8.186413252e-07,0.09711082138
1591.5494309189535,8.186507246e-07,0.09711079022
1591.5494309189535,8.186445242e-07,0.09711209768
1591.5494309189535,8.18634694e-07,0.09711271225
1591.5494309189535,8.18632386e-07,0.09711314578
1591.5494309189535,8.186519676e-07,0.09711330266
1591.5494309189535,8.186321264e-07,0.097113336
1591.5494309189535,8.186638791e-07,0.09711393411
1591.5494309189535,8.186412091e-07,0.09711475848
1591.5494309189535,8.186341613e-07,0.09711563585
1591.5494309189535,8.186502722e-07,0.09711603081
1591.5494309189535,8.186512567e-07,0.09711565562
Freq,1591.5494309189535,Rs,0.097113108846875,1.6995399080569699e-06,Ls,8.1864285105625e-07,8.952263557832743e-12
":SOUR:DCS:STAT OFF;:BIAS:STAT OFF;:COMP:BIN:COUN:CLE;:LIST:CLE:ALL;:COMP:BIN:CLE;:AMPL:ALC ON;:APER LONG,16;:BIAS:POL:AUTO OFF;:BIAS:RANG:AUTO ON;:BIAS:VOLT:LEV 0;:COMP:ABIN OFF;:COMP:BIN:COUN:STAT OFF;:COMP:MODE PTOL;:COMP:SLIM -9.9e+037,9.9e+037;:COMP:STAT OFF;:COMP:SWAP OFF;:COMP:TOL:NOM 0;:CURR:LEV 0.1;:DISP:ENAB ON;:DISP:LINE """";:DISP:WIND:TEXT1:DATA:FMSD:DATA 1e-009;:DISP:WIND:TEXT2:DATA:FMSD:DATA 1e-009;:FORM:ASC:LONG ON;:FORM:BORD NORM;:FORM:DATA ASC,64;:FREQ:CW 1592;:FUNC:DEV1:MODE OFF;:FUNC:DEV1:REF:VAL 0;:FUNC:DEV2:MODE OFF;:FUNC:DEV2:REF:VAL 0;:FUNC:IMP:TYPE LSRS;:FUNC:SMON:IDC:STAT OFF;:FUNC:SMON:VDC:STAT OFF;:INIT:CONT OFF;:LIST:MODE SEQ;:LIST:STIM:TYPE FREQ,NONE;:SOUR:DCS:VOLT:LEV 0;:TRIG:DEL 0;:TRIG:SOUR INT;:TRIG:TDEL 0;:DISP:WIND:TEXT1:DATA:FMSD:STAT OFF;:DISP:WIND:TEXT2:DATA:FMSD:STAT OFF;:FUNC:DCR:RANG:VAL 100;:FUNC:IMP:RANG:VAL 0.1;:OUTP:DC:ISOL:LEV:VAL 0.1;:OUTP:DC:ISOL:STAT OFF;:FUNC:DCR:RANG:AUTO ON;:FUNC:IMP:RANG:AUTO ON;:OUTP:DC:ISOL:LEV:AUTO ON;:DISP:PAGE MEASurement;
"
2000.0,8.191121021e-07,0.09712400134
2000.0,8.191059017e-07,0.0971230175
2000.0,8.191102657e-07,0.09712221903
2000.0,8.19105635e-07,0.09712340143
2000.0,8.191422095e-07,0.09712394764
2000.0,8.191303903e-07,0.0971255483
2000.0,8.191179268e-07,0.09712476634
2000.0,8.191289863e-07,0.09712434734
2000.0,8.191134687e-07,0.09712470377
2000.0,8.191382152e-07,0.09712524068
2000.0,8.191508842e-07,0.09712679911
2000.0,8.191300557e-07,0.09712809344
2000.0,8.19141016e-07,0.09712840155
2000.0,8.191362295e-07,0.09712714589
2000.0,8.191165415e-07,0.09712667393
2000.0,8.191396348e-07,0.09712641266
Freq,2000,Rs,0.097125294996875,1.8191209851283321e-06,Ls,8.191262164375e-07,1.451935025726328e-11
":SOUR:DCS:STAT OFF;:BIAS:STAT OFF;:COMP:BIN:COUN:CLE;:LIST:CLE:ALL;:COMP:BIN:CLE;:AMPL:ALC ON;:APER LONG,16;:BIAS:POL:AUTO OFF;:BIAS:RANG:AUTO ON;:BIAS:VOLT:LEV 0;:COMP:ABIN OFF;:COMP:BIN:COUN:STAT OFF;:COMP:MODE PTOL;:COMP:SLIM -9.9e+037,9.9e+037;:COMP:STAT OFF;:COMP:SWAP OFF;:COMP:TOL:NOM 0;:CURR:LEV 0.1;:DISP:ENAB ON;:DISP:LINE """";:DISP:WIND:TEXT1:DATA:FMSD:DATA 1e-009;:DISP:WIND:TEXT2:DATA:FMSD:DATA 1e-009;:FORM:ASC:LONG ON;:FORM:BORD NORM;:FORM:DATA ASC,64;:FREQ:CW 2000;:FUNC:DEV1:MODE OFF;:FUNC:DEV1:REF:VAL 0;:FUNC:DEV2:MODE OFF;:FUNC:DEV2:REF:VAL 0;:FUNC:IMP:TYPE LSRS;:FUNC:SMON:IDC:STAT OFF;:FUNC:SMON:VDC:STAT OFF;:INIT:CONT OFF;:LIST:MODE SEQ;:LIST:STIM:TYPE FREQ,NONE;:SOUR:DCS:VOLT:LEV 0;:TRIG:DEL 0;:TRIG:SOUR INT;:TRIG:TDEL 0;:DISP:WIND:TEXT1:DATA:FMSD:STAT OFF;:DISP:WIND:TEXT2:DATA:FMSD:STAT OFF;:FUNC:DCR:RANG:VAL 100;:FUNC:IMP:RANG:VAL 0.1;:OUTP:DC:ISOL:LEV:VAL 0.1;:OUTP:DC:ISOL:STAT OFF;:FUNC:DCR:RANG:AUTO ON;:FUNC:IMP:RANG:AUTO ON;:OUTP:DC:ISOL:LEV:AUTO ON;:DISP:PAGE MEASurement;
"
3000.0,8.193461725e-07,0.09713804243
3000.0,8.19323866e-07,0.09713884341
3000.0,8.193269536e-07,0.09713835607
3000.0,8.193088116e-07,0.09713834528
3000.0,8.193082656e-07,0.09713793275
3000.0,8.193479147e-07,0.09713718984
3000.0,8.193420967e-07,0.09713812799
3000.0,8.193004704e-07,0.09713862415
3000.0,8.193484259e-07,0.0971383302
3000.0,8.193403678e-07,0.09713805671
3000.0,8.193537702e-07,0.09713690337
3000.0,8.193408603e-07,0.09713735419
3000.0,8.193363693e-07,0.09713793295
3000.0,8.193092894e-07,0.0971385025
3000.0,8.19320345e-07,0.09713860985
3000.0,8.193530829e-07,0.09713777138
Freq,3000,Rs,0.097138057691875,5.407291203826187e-07,Ls,8.1933169136875e-07,1.7792865196154628e-11
":SOUR:DCS:STAT OFF;:BIAS:STAT OFF;:COMP:BIN:COUN:CLE;:LIST:CLE:ALL;:COMP:BIN:CLE;:AMPL:ALC ON;:APER LONG,16;:BIAS:POL:AUTO OFF;:BIAS:RANG:AUTO ON;:BIAS:VOLT:LEV 0;:COMP:ABIN OFF;:COMP:BIN:COUN:STAT OFF;:COMP:MODE PTOL;:COMP:SLIM -9.9e+037,9.9e+037;:COMP:STAT OFF;:COMP:SWAP OFF;:COMP:TOL:NOM 0;:CURR:LEV 0.1;:DISP:ENAB ON;:DISP:LINE """";:DISP:WIND:TEXT1:DATA:FMSD:DATA 1e-009;:DISP:WIND:TEXT2:DATA:FMSD:DATA 1e-009;:FORM:ASC:LONG ON;:FORM:BORD NORM;:FORM:DATA ASC,64;:FREQ:CW 3000;:FUNC:DEV1:MODE OFF;:FUNC:DEV1:REF:VAL 0;:FUNC:DEV2:MODE OFF;:FUNC:DEV2:REF:VAL 0;:FUNC:IMP:TYPE LSRS;:FUNC:SMON:IDC:STAT OFF;:FUNC:SMON:VDC:STAT OFF;:INIT:CONT OFF;:LIST:MODE SEQ;:LIST:STIM:TYPE FREQ,NONE;:SOUR:DCS:VOLT:LEV 0;:TRIG:DEL 0;:TRIG:SOUR INT;:TRIG:TDEL 0;:DISP:WIND:TEXT1:DATA:FMSD:STAT OFF;:DISP:WIND:TEXT2:DATA:FMSD:STAT OFF;:FUNC:DCR:RANG:VAL 100;:FUNC:IMP:RANG:VAL 0.1;:OUTP:DC:ISOL:LEV:VAL 0.1;:OUTP:DC:ISOL:STAT OFF;:FUNC:DCR:RANG:AUTO ON;:FUNC:IMP:RANG:AUTO ON;:OUTP:DC:ISOL:LEV:AUTO ON;:DISP:PAGE MEASurement;
"
5000.0,8.18869082e-07,0.0972093947
5000.0,8.189114993e-07,0.09720851003
5000.0,8.188743029e-07,0.09720889301
5000.0,8.188630539e-07,0.0972083539
5000.0,8.188746073e-07,0.09720704081
5000.0,8.188667596e-07,0.09720725463
5000.0,8.188772358e-07,0.09720812202
5000.0,8.188813317e-07,0.09720745575
5000.0,8.188348748e-07,0.0972066551
5000.0,8.188938844e-07,0.09720582173
5000.0,8.188757695e-07,0.09720641393
5000.0,8.188312311e-07,0.09720633729
5000.0,8.188746121e-07,0.09720486149
5000.0,8.188889579e-07,0.09720314599
5000.0,8.188892406e-07,0.09720167819
5000.0,8.189074524e-07,0.09720286423
Freq,5000,Rs,0.097206425175,2.263043395783688e-06,Ls,8.1887586845625e-07,2.1518030298275097e-11
":SOUR:DCS:STAT OFF;:BIAS:STAT OFF;:COMP:BIN:COUN:CLE;:LIST:CLE:ALL;:COMP:BIN:CLE;:AMPL:ALC ON;:APER LONG,16;:BIAS:POL:AUTO OFF;:BIAS:RANG:AUTO ON;:BIAS:VOLT:LEV 0;:COMP:ABIN OFF;:COMP:BIN:COUN:STAT OFF;:COMP:MODE PTOL;:COMP:SLIM -9.9e+037,9.9e+037;:COMP:STAT OFF;:COMP:SWAP OFF;:COMP:TOL:NOM 0;:CURR:LEV 0.1;:DISP:ENAB ON;:DISP:LINE """";:DISP:WIND:TEXT1:DATA:FMSD:DATA 1e-009;:DISP:WIND:TEXT2:DATA:FMSD:DATA 1e-009;:FORM:ASC:LONG ON;:FORM:BORD NORM;:FORM:DATA ASC,64;:FREQ:CW 5000;:FUNC:DEV1:MODE OFF;:FUNC:DEV1:REF:VAL 0;:FUNC:DEV2:MODE OFF;:FUNC:DEV2:REF:VAL 0;:FUNC:IMP:TYPE LSRS;:FUNC:SMON:IDC:STAT OFF;:FUNC:SMON:VDC:STAT OFF;:INIT:CONT OFF;:LIST:MODE SEQ;:LIST:STIM:TYPE FREQ,NONE;:SOUR:DCS:VOLT:LEV 0;:TRIG:DEL 0;:TRIG:SOUR INT;:TRIG:TDEL 0;:DISP:WIND:TEXT1:DATA:FMSD:STAT OFF;:DISP:WIND:TEXT2:DATA:FMSD:STAT OFF;:FUNC:DCR:RANG:VAL 100;:FUNC:IMP:RANG:VAL 1;:OUTP:DC:ISOL:LEV:VAL 0.1;:OUTP:DC:ISOL:STAT OFF;:FUNC:DCR:RANG:AUTO ON;:FUNC:IMP:RANG:AUTO ON;:OUTP:DC:ISOL:LEV:AUTO ON;:DISP:PAGE MEASurement;
"
":SOUR:DCS:STAT OFF;:BIAS:STAT OFF;:COMP:BIN:COUN:CLE;:LIST:CLE:ALL;:COMP:BIN:CLE;:AMPL:ALC ON;:APER LONG,16;:BIAS:POL:AUTO OFF;:BIAS:RANG:AUTO ON;:BIAS:VOLT:LEV 0;:COMP:ABIN OFF;:COMP:BIN:COUN:STAT OFF;:COMP:MODE PTOL;:COMP:SLIM -9.9e+037,9.9e+037;:COMP:STAT OFF;:COMP:SWAP OFF;:COMP:TOL:NOM 0;:CURR:LEV 0.1;:DISP:ENAB ON;:DISP:LINE """";:DISP:WIND:TEXT1:DATA:FMSD:DATA 1e-009;:DISP:WIND:TEXT2:DATA:FMSD:DATA 1e-009;:FORM:ASC:LONG ON;:FORM:BORD NORM;:FORM:DATA ASC,64;:FREQ:CW 5000;:FUNC:DEV1:MODE OFF;:FUNC:DEV1:REF:VAL 0;:FUNC:DEV2:MODE OFF;:FUNC:DEV2:REF:VAL 0;:FUNC:IMP:TYPE LSRS;:FUNC:SMON:IDC:STAT OFF;:FUNC:SMON:VDC:STAT OFF;:INIT:CONT OFF;:LIST:MODE SEQ;:LIST:STIM:TYPE FREQ,NONE;:SOUR:DCS:VOLT:LEV 0;:TRIG:DEL 0;:TRIG:SOUR INT;:TRIG:TDEL 0;:DISP:WIND:TEXT1:DATA:FMSD:STAT OFF;:DISP:WIND:TEXT2:DATA:FMSD:STAT OFF;:FUNC:DCR:RANG:VAL 100;:FUNC:IMP:RANG:VAL 1;:OUTP:DC:ISOL:LEV:VAL 0.1;:OUTP:DC:ISOL:STAT OFF;:FUNC:DCR:RANG:AUTO ON;:FUNC:IMP:RANG:AUTO ON;:OUTP:DC:ISOL:LEV:AUTO ON;:DISP:PAGE MEASurement;
"
2022-09-16,12:50:48
---------run finished---------
lcr name:,KeySight E4980A
Name and description of Resistor under test: ,BE6
GPIB source:,<bound method MessageBasedResource.read of <'GPIBInstrument'('GPIB0::17::INSTR')>>
2022-09-16,13:35:11
select the freq range,"[50, 100, 200, 300, 500, 800, 1000, 1591.5494309189535, 2000, 3000, 5000]"
50.0,6.324554293e-07,0.08089249095
50.0,6.292473118e-07,0.08088681729
50.0,6.131099758e-07,0.08087583527
50.0,6.242955947e-07,0.08086382321
50.0,6.312405791e-07,0.08086001959
50.0,6.216951749e-07,0.08085227694
50.0,6.21377113e-07,0.08084450152
50.0,6.255743585e-07,0.08083678947
50.0,6.317048906e-07,0.08082755876
50.0,6.293687303e-07,0.08081759534
50.0,6.160265433e-07,0.08081012666
50.0,6.160223364e-07,0.08080522401
50.0,6.139833844e-07,0.08080101514
50.0,6.179331203e-07,0.08079595771
50.0,6.268412504e-07,0.08078859926
50.0,6.31969752e-07,0.08077874021
Freq,50,Rs,0.08083358570812499,3.590314590939347e-05,Ls,6.2392784655e-07,6.874390237690146e-09
":SOUR:DCS:STAT OFF;:BIAS:STAT OFF;:COMP:BIN:COUN:CLE;:LIST:CLE:ALL;:COMP:BIN:CLE;:AMPL:ALC ON;:APER LONG,16;:BIAS:POL:AUTO OFF;:BIAS:RANG:AUTO ON;:BIAS:VOLT:LEV 0;:COMP:ABIN OFF;:COMP:BIN:COUN:STAT OFF;:COMP:MODE PTOL;:COMP:SLIM -9.9e+037,9.9e+037;:COMP:STAT OFF;:COMP:SWAP OFF;:COMP:TOL:NOM 0;:CURR:LEV 0.1;:DISP:ENAB ON;:DISP:LINE """";:DISP:WIND:TEXT1:DATA:FMSD:DATA 1e-009;:DISP:WIND:TEXT2:DATA:FMSD:DATA 1e-009;:FORM:ASC:LONG ON;:FORM:BORD NORM;:FORM:DATA ASC,64;:FREQ:CW 50;:FUNC:DEV1:MODE OFF;:FUNC:DEV1:REF:VAL 0;:FUNC:DEV2:MODE OFF;:FUNC:DEV2:REF:VAL 0;:FUNC:IMP:TYPE LSRS;:FUNC:SMON:IDC:STAT OFF;:FUNC:SMON:VDC:STAT OFF;:INIT:CONT OFF;:LIST:MODE SEQ;:LIST:STIM:TYPE FREQ,NONE;:SOUR:DCS:VOLT:LEV 0;:TRIG:DEL 0;:TRIG:SOUR INT;:TRIG:TDEL 0;:DISP:WIND:TEXT1:DATA:FMSD:STAT OFF;:DISP:WIND:TEXT2:DATA:FMSD:STAT OFF;:FUNC:DCR:RANG:VAL 100;:FUNC:IMP:RANG:VAL 0.1;:OUTP:DC:ISOL:LEV:VAL 0.1;:OUTP:DC:ISOL:STAT OFF;:FUNC:DCR:RANG:AUTO ON;:FUNC:IMP:RANG:AUTO ON;:OUTP:DC:ISOL:LEV:AUTO ON;:DISP:PAGE MEASurement;
"
100.0,5.948397918e-07,0.08074743199
100.0,5.936083202e-07,0.08074140909
100.0,5.935117843e-07,0.08073572206
100.0,5.946067083e-07,0.08073006079
100.0,5.942804686e-07,0.08072525943
100.0,5.936052461e-07,0.08071990817
100.0,5.93776257e-07,0.08071430798
100.0,5.939703278e-07,0.0807097275
100.0,5.94467878e-07,0.080704909
100.0,5.941146295e-07,0.08070084702
100.0,5.941190935e-07,0.08069698514
100.0,5.945479141e-07,0.08069258086
100.0,5.938811545e-07,0.08068897379
100.0,5.937280199e-07,0.08068435921
100.0,5.936652483e-07,0.08068053181
100.0,5.936724443e-07,0.08067655021
Freq,100,Rs,0.080709347753125,2.230682299153079e-05,Ls,5.940247053875e-07,4.159065235359431e-10
":SOUR:DCS:STAT OFF;:BIAS:STAT OFF;:COMP:BIN:COUN:CLE;:LIST:CLE:ALL;:COMP:BIN:CLE;:AMPL:ALC ON;:APER LONG,16;:BIAS:POL:AUTO OFF;:BIAS:RANG:AUTO ON;:BIAS:VOLT:LEV 0;:COMP:ABIN OFF;:COMP:BIN:COUN:STAT OFF;:COMP:MODE PTOL;:COMP:SLIM -9.9e+037,9.9e+037;:COMP:STAT OFF;:COMP:SWAP OFF;:COMP:TOL:NOM 0;:CURR:LEV 0.1;:DISP:ENAB ON;:DISP:LINE """";:DISP:WIND:TEXT1:DATA:FMSD:DATA 1e-009;:DISP:WIND:TEXT2:DATA:FMSD:DATA 1e-009;:FORM:ASC:LONG ON;:FORM:BORD NORM;:FORM:DATA ASC,64;:FREQ:CW 100;:FUNC:DEV1:MODE OFF;:FUNC:DEV1:REF:VAL 0;:FUNC:DEV2:MODE OFF;:FUNC:DEV2:REF:VAL 0;:FUNC:IMP:TYPE LSRS;:FUNC:SMON:IDC:STAT OFF;:FUNC:SMON:VDC:STAT OFF;:INIT:CONT OFF;:LIST:MODE SEQ;:LIST:STIM:TYPE FREQ,NONE;:SOUR:DCS:VOLT:LEV 0;:TRIG:DEL 0;:TRIG:SOUR INT;:TRIG:TDEL 0;:DISP:WIND:TEXT1:DATA:FMSD:STAT OFF;:DISP:WIND:TEXT2:DATA:FMSD:STAT OFF;:FUNC:DCR:RANG:VAL 100;:FUNC:IMP:RANG:VAL 0.1;:OUTP:DC:ISOL:LEV:VAL 0.1;:OUTP:DC:ISOL:STAT OFF;:FUNC:DCR:RANG:AUTO ON;:FUNC:IMP:RANG:AUTO ON;:OUTP:DC:ISOL:LEV:AUTO ON;:DISP:PAGE MEASurement;
"
200.0,5.947744018e-07,0.08069223967
200.0,5.947920858e-07,0.08068858688
200.0,5.945685688e-07,0.08068512899
200.0,5.942374544e-07,0.0806821725
200.0,5.942746406e-07,0.08067936013
200.0,5.944584085e-07,0.08067660013
200.0,5.944878637e-07,0.08067437139
200.0,5.946200806e-07,0.08067247615
200.0,5.947068271e-07,0.08066990317
200.0,5.945087565e-07,0.08066768462
200.0,5.943590845e-07,0.08066519797
200.0,5.944840211e-07,0.08066324625
200.0,5.945738762e-07,0.08066116712
200.0,5.944440696e-07,0.08065890591
200.0,5.945893063e-07,0.08065688953
200.0,5.945132637e-07,0.08065493996
Freq,200,Rs,0.080671804398125,1.1533378875325152e-05,Ls,5.945245443250001e-07,1.5735119476234913e-10
":SOUR:DCS:STAT OFF;:BIAS:STAT OFF;:COMP:BIN:COUN:CLE;:LIST:CLE:ALL;:COMP:BIN:CLE;:AMPL:ALC ON;:APER LONG,16;:BIAS:POL:AUTO OFF;:BIAS:RANG:AUTO ON;:BIAS:VOLT:LEV 0;:COMP:ABIN OFF;:COMP:BIN:COUN:STAT OFF;:COMP:MODE PTOL;:COMP:SLIM -9.9e+037,9.9e+037;:COMP:STAT OFF;:COMP:SWAP OFF;:COMP:TOL:NOM 0;:CURR:LEV 0.1;:DISP:ENAB ON;:DISP:LINE """";:DISP:WIND:TEXT1:DATA:FMSD:DATA 1e-009;:DISP:WIND:TEXT2:DATA:FMSD:DATA 1e-009;:FORM:ASC:LONG ON;:FORM:BORD NORM;:FORM:DATA ASC,64;:FREQ:CW 200;:FUNC:DEV1:MODE OFF;:FUNC:DEV1:REF:VAL 0;:FUNC:DEV2:MODE OFF;:FUNC:DEV2:REF:VAL 0;:FUNC:IMP:TYPE LSRS;:FUNC:SMON:IDC:STAT OFF;:FUNC:SMON:VDC:STAT OFF;:INIT:CONT OFF;:LIST:MODE SEQ;:LIST:STIM:TYPE FREQ,NONE;:SOUR:DCS:VOLT:LEV 0;:TRIG:DEL 0;:TRIG:SOUR INT;:TRIG:TDEL 0;:DISP:WIND:TEXT1:DATA:FMSD:STAT OFF;:DISP:WIND:TEXT2:DATA:FMSD:STAT OFF;:FUNC:DCR:RANG:VAL 100;:FUNC:IMP:RANG:VAL 0.1;:OUTP:DC:ISOL:LEV:VAL 0.1;:OUTP:DC:ISOL:STAT OFF;:FUNC:DCR:RANG:AUTO ON;:FUNC:IMP:RANG:AUTO ON;:OUTP:DC:ISOL:LEV:AUTO ON;:DISP:PAGE MEASurement;
"
300.0,5.851250318e-07,0.08065654201
300.0,5.849268974e-07,0.08065460348
300.0,5.850568769e-07,0.08065305935
300.0,5.850800443e-07,0.08065115689
300.0,5.848863017e-07,0.0806491391
300.0,5.848479233e-07,0.08064761227
300.0,5.848608187e-07,0.08064616906
300.0,5.849554374e-07,0.08064422226
300.0,5.849132045e-07,0.08064218346
300.0,5.850870002e-07,0.08064004866
300.0,5.848564548e-07,0.08063779176
300.0,5.850525322e-07,0.08063591971
300.0,5.850239585e-07,0.08063381658
300.0,5.849463784e-07,0.08063195395
300.0,5.849355124e-07,0.08063034019
300.0,5.849588531e-07,0.08062855336
Freq,300,Rs,0.080642694505625,9.006358534437389e-06,Ls,5.849695766000001e-07,8.981088278887831e-11
":SOUR:DCS:STAT OFF;:BIAS:STAT OFF;:COMP:BIN:COUN:CLE;:LIST:CLE:ALL;:COMP:BIN:CLE;:AMPL:ALC ON;:APER LONG,16;:BIAS:POL:AUTO OFF;:BIAS:RANG:AUTO ON;:BIAS:VOLT:LEV 0;:COMP:ABIN OFF;:COMP:BIN:COUN:STAT OFF;:COMP:MODE PTOL;:COMP:SLIM -9.9e+037,9.9e+037;:COMP:STAT OFF;:COMP:SWAP OFF;:COMP:TOL:NOM 0;:CURR:LEV 0.1;:DISP:ENAB ON;:DISP:LINE """";:DISP:WIND:TEXT1:DATA:FMSD:DATA 1e-009;:DISP:WIND:TEXT2:DATA:FMSD:DATA 1e-009;:FORM:ASC:LONG ON;:FORM:BORD NORM;:FORM:DATA ASC,64;:FREQ:CW 300;:FUNC:DEV1:MODE OFF;:FUNC:DEV1:REF:VAL 0;:FUNC:DEV2:MODE OFF;:FUNC:DEV2:REF:VAL 0;:FUNC:IMP:TYPE LSRS;:FUNC:SMON:IDC:STAT OFF;:FUNC:SMON:VDC:STAT OFF;:INIT:CONT OFF;:LIST:MODE SEQ;:LIST:STIM:TYPE FREQ,NONE;:SOUR:DCS:VOLT:LEV 0;:TRIG:DEL 0;:TRIG:SOUR INT;:TRIG:TDEL 0;:DISP:WIND:TEXT1:DATA:FMSD:STAT OFF;:DISP:WIND:TEXT2:DATA:FMSD:STAT OFF;:FUNC:DCR:RANG:VAL 100;:FUNC:IMP:RANG:VAL 0.1;:OUTP:DC:ISOL:LEV:VAL 0.1;:OUTP:DC:ISOL:STAT OFF;:FUNC:DCR:RANG:AUTO ON;:FUNC:IMP:RANG:AUTO ON;:OUTP:DC:ISOL:LEV:AUTO ON;:DISP:PAGE MEASurement;
"
500.0,5.803601951e-07,0.08063640138
500.0,5.804013531e-07,0.08063507626
500.0,5.803985587e-07,0.08063372978
500.0,5.805444194e-07,0.08063290949
500.0,5.803914501e-07,0.0806317969
500.0,5.803680551e-07,0.080630563
500.0,5.804691707e-07,0.08062922094
500.0,5.80364594e-07,0.0806281544
500.0,5.804269287e-07,0.08062703147
500.0,5.803395946e-07,0.0806261659
500.0,5.803556602e-07,0.08062524365
500.0,5.804749626e-07,0.08062453119
500.0,5.803485073e-07,0.08062321052
500.0,5.804624117e-07,0.08062206318
500.0,5.804377008e-07,0.08062111161
500.0,5.803748928e-07,0.08061933824
Freq,500,Rs,0.080627909244375,5.193273304961266e-06,Ls,5.804074034312499e-07,5.730496978803447e-11
":SOUR:DCS:STAT OFF;:BIAS:STAT OFF;:COMP:BIN:COUN:CLE;:LIST:CLE:ALL;:COMP:BIN:CLE;:AMPL:ALC ON;:APER LONG,16;:BIAS:POL:AUTO OFF;:BIAS:RANG:AUTO ON;:BIAS:VOLT:LEV 0;:COMP:ABIN OFF;:COMP:BIN:COUN:STAT OFF;:COMP:MODE PTOL;:COMP:SLIM -9.9e+037,9.9e+037;:COMP:STAT OFF;:COMP:SWAP OFF;:COMP:TOL:NOM 0;:CURR:LEV 0.1;:DISP:ENAB ON;:DISP:LINE """";:DISP:WIND:TEXT1:DATA:FMSD:DATA 1e-009;:DISP:WIND:TEXT2:DATA:FMSD:DATA 1e-009;:FORM:ASC:LONG ON;:FORM:BORD NORM;:FORM:DATA ASC,64;:FREQ:CW 500;:FUNC:DEV1:MODE OFF;:FUNC:DEV1:REF:VAL 0;:FUNC:DEV2:MODE OFF;:FUNC:DEV2:REF:VAL 0;:FUNC:IMP:TYPE LSRS;:FUNC:SMON:IDC:STAT OFF;:FUNC:SMON:VDC:STAT OFF;:INIT:CONT OFF;:LIST:MODE SEQ;:LIST:STIM:TYPE FREQ,NONE;:SOUR:DCS:VOLT:LEV 0;:TRIG:DEL 0;:TRIG:SOUR INT;:TRIG:TDEL 0;:DISP:WIND:TEXT1:DATA:FMSD:STAT OFF;:DISP:WIND:TEXT2:DATA:FMSD:STAT OFF;:FUNC:DCR:RANG:VAL 100;:FUNC:IMP:RANG:VAL 0.1;:OUTP:DC:ISOL:LEV:VAL 0.1;:OUTP:DC:ISOL:STAT OFF;:FUNC:DCR:RANG:AUTO ON;:FUNC:IMP:RANG:AUTO ON;:OUTP:DC:ISOL:LEV:AUTO ON;:DISP:PAGE MEASurement;
"
800.0,5.791528611e-07,0.0806245162
800.0,5.791898364e-07,0.08062353076
800.0,5.791581789e-07,0.08062293251
800.0,5.79150058e-07,0.08062232314
800.0,5.792023525e-07,0.08062185616
800.0,5.791990838e-07,0.0806210513
800.0,5.791427219e-07,0.08062027143
800.0,5.791780751e-07,0.08061977202
800.0,5.791959767e-07,0.08061919864
800.0,5.792327882e-07,0.08061882378
800.0,5.791619919e-07,0.08061789092
800.0,5.791414068e-07,0.08061698478
800.0,5.791732963e-07,0.08061646772
800.0,5.791724216e-07,0.08061572416
800.0,5.791896825e-07,0.08061515448
800.0,5.791873552e-07,0.08061431566
Freq,800,Rs,0.08061942585375,3.1451218049397395e-06,Ls,5.791767554312501e-07,2.503398720570487e-11
":SOUR:DCS:STAT OFF;:BIAS:STAT OFF;:COMP:BIN:COUN:CLE;:LIST:CLE:ALL;:COMP:BIN:CLE;:AMPL:ALC ON;:APER LONG,16;:BIAS:POL:AUTO OFF;:BIAS:RANG:AUTO ON;:BIAS:VOLT:LEV 0;:COMP:ABIN OFF;:COMP:BIN:COUN:STAT OFF;:COMP:MODE PTOL;:COMP:SLIM -9.9e+037,9.9e+037;:COMP:STAT OFF;:COMP:SWAP OFF;:COMP:TOL:NOM 0;:CURR:LEV 0.1;:DISP:ENAB ON;:DISP:LINE """";:DISP:WIND:TEXT1:DATA:FMSD:DATA 1e-009;:DISP:WIND:TEXT2:DATA:FMSD:DATA 1e-009;:FORM:ASC:LONG ON;:FORM:BORD NORM;:FORM:DATA ASC,64;:FREQ:CW 800;:FUNC:DEV1:MODE OFF;:FUNC:DEV1:REF:VAL 0;:FUNC:DEV2:MODE OFF;:FUNC:DEV2:REF:VAL 0;:FUNC:IMP:TYPE LSRS;:FUNC:SMON:IDC:STAT OFF;:FUNC:SMON:VDC:STAT OFF;:INIT:CONT OFF;:LIST:MODE SEQ;:LIST:STIM:TYPE FREQ,NONE;:SOUR:DCS:VOLT:LEV 0;:TRIG:DEL 0;:TRIG:SOUR INT;:TRIG:TDEL 0;:DISP:WIND:TEXT1:DATA:FMSD:STAT OFF;:DISP:WIND:TEXT2:DATA:FMSD:STAT OFF;:FUNC:DCR:RANG:VAL 100;:FUNC:IMP:RANG:VAL 0.1;:OUTP:DC:ISOL:LEV:VAL 0.1;:OUTP:DC:ISOL:STAT OFF;:FUNC:DCR:RANG:AUTO ON;:FUNC:IMP:RANG:AUTO ON;:OUTP:DC:ISOL:LEV:AUTO ON;:DISP:PAGE MEASurement;
"
1000.0,5.786056966e-07,0.08060441161
1000.0,5.786243151e-07,0.08060397407
1000.0,5.786319155e-07,0.08060315552
1000.0,5.786293865e-07,0.08060271212
1000.0,5.786196112e-07,0.08060239139
1000.0,5.786643427e-07,0.08060195746
1000.0,5.785781341e-07,0.08060178242
1000.0,5.786238671e-07,0.08060117217
1000.0,5.786520222e-07,0.08060047535
1000.0,5.786226704e-07,0.08060006715
1000.0,5.786491582e-07,0.08059938788
1000.0,5.786579488e-07,0.08059854437
1000.0,5.786181314e-07,0.08059790185
1000.0,5.786237676e-07,0.08059710661
1000.0,5.786319091e-07,0.08059647452
1000.0,5.78601096e-07,0.08059543134
Freq,1000,Rs,0.08060043411437501,2.7380549069053675e-06,Ls,5.7862712328125e-07,2.1932179821686385e-11
":SOUR:DCS:STAT OFF;:BIAS:STAT OFF;:COMP:BIN:COUN:CLE;:LIST:CLE:ALL;:COMP:BIN:CLE;:AMPL:ALC ON;:APER LONG,16;:BIAS:POL:AUTO OFF;:BIAS:RANG:AUTO ON;:BIAS:VOLT:LEV 0;:COMP:ABIN OFF;:COMP:BIN:COUN:STAT OFF;:COMP:MODE PTOL;:COMP:SLIM -9.9e+037,9.9e+037;:COMP:STAT OFF;:COMP:SWAP OFF;:COMP:TOL:NOM 0;:CURR:LEV 0.1;:DISP:ENAB ON;:DISP:LINE """";:DISP:WIND:TEXT1:DATA:FMSD:DATA 1e-009;:DISP:WIND:TEXT2:DATA:FMSD:DATA 1e-009;:FORM:ASC:LONG ON;:FORM:BORD NORM;:FORM:DATA ASC,64;:FREQ:CW 1000;:FUNC:DEV1:MODE OFF;:FUNC:DEV1:REF:VAL 0;:FUNC:DEV2:MODE OFF;:FUNC:DEV2:REF:VAL 0;:FUNC:IMP:TYPE LSRS;:FUNC:SMON:IDC:STAT OFF;:FUNC:SMON:VDC:STAT OFF;:INIT:CONT OFF;:LIST:MODE SEQ;:LIST:STIM:TYPE FREQ,NONE;:SOUR:DCS:VOLT:LEV 0;:TRIG:DEL 0;:TRIG:SOUR INT;:TRIG:TDEL 0;:DISP:WIND:TEXT1:DATA:FMSD:STAT OFF;:DISP:WIND:TEXT2:DATA:FMSD:STAT OFF;:FUNC:DCR:RANG:VAL 100;:FUNC:IMP:RANG:VAL 0.1;:OUTP:DC:ISOL:LEV:VAL 0.1;:OUTP:DC:ISOL:STAT OFF;:FUNC:DCR:RANG:AUTO ON;:FUNC:IMP:RANG:AUTO ON;:OUTP:DC:ISOL:LEV:AUTO ON;:DISP:PAGE MEASurement;
"
1591.5494309189535,5.788777195e-07,0.08059515316
1591.5494309189535,5.788796259e-07,0.08059397239
1591.5494309189535,5.788649775e-07,0.08059304174
1591.5494309189535,5.788762485e-07,0.08059199147
1591.5494309189535,5.788867472e-07,0.08059122732
1591.5494309189535,5.788831044e-07,0.08059087186
1591.5494309189535,5.788831105e-07,0.08059003762
1591.5494309189535,5.788890928e-07,0.08058947524
1591.5494309189535,5.788879058e-07,0.08058898605
1591.5494309189535,5.78889898e-07,0.08058870512
1591.5494309189535,5.788655762e-07,0.08058800238
1591.5494309189535,5.788688994e-07,0.08058771148
1591.5494309189535,5.788730269e-07,0.08058768626
1591.5494309189535,5.78879653e-07,0.08058747288
1591.5494309189535,5.788711275e-07,0.08058727318
1591.5494309189535,5.788845401e-07,0.08058684189
Freq,1591.5494309189535,Rs,0.0805899031275,2.5694061828669193e-06,Ls,5.78878828325e-07,8.20756018667136e-12
":SOUR:DCS:STAT OFF;:BIAS:STAT OFF;:COMP:BIN:COUN:CLE;:LIST:CLE:ALL;:COMP:BIN:CLE;:AMPL:ALC ON;:APER LONG,16;:BIAS:POL:AUTO OFF;:BIAS:RANG:AUTO ON;:BIAS:VOLT:LEV 0;:COMP:ABIN OFF;:COMP:BIN:COUN:STAT OFF;:COMP:MODE PTOL;:COMP:SLIM -9.9e+037,9.9e+037;:COMP:STAT OFF;:COMP:SWAP OFF;:COMP:TOL:NOM 0;:CURR:LEV 0.1;:DISP:ENAB ON;:DISP:LINE """";:DISP:WIND:TEXT1:DATA:FMSD:DATA 1e-009;:DISP:WIND:TEXT2:DATA:FMSD:DATA 1e-009;:FORM:ASC:LONG ON;:FORM:BORD NORM;:FORM:DATA ASC,64;:FREQ:CW 1592;:FUNC:DEV1:MODE OFF;:FUNC:DEV1:REF:VAL 0;:FUNC:DEV2:MODE OFF;:FUNC:DEV2:REF:VAL 0;:FUNC:IMP:TYPE LSRS;:FUNC:SMON:IDC:STAT OFF;:FUNC:SMON:VDC:STAT OFF;:INIT:CONT OFF;:LIST:MODE SEQ;:LIST:STIM:TYPE FREQ,NONE;:SOUR:DCS:VOLT:LEV 0;:TRIG:DEL 0;:TRIG:SOUR INT;:TRIG:TDEL 0;:DISP:WIND:TEXT1:DATA:FMSD:STAT OFF;:DISP:WIND:TEXT2:DATA:FMSD:STAT OFF;:FUNC:DCR:RANG:VAL 100;:FUNC:IMP:RANG:VAL 0.1;:OUTP:DC:ISOL:LEV:VAL 0.1;:OUTP:DC:ISOL:STAT OFF;:FUNC:DCR:RANG:AUTO ON;:FUNC:IMP:RANG:AUTO ON;:OUTP:DC:ISOL:LEV:AUTO ON;:DISP:PAGE MEASurement;
"
2000.0,5.793545071e-07,0.08059270466
2000.0,5.793552683e-07,0.08059266087
2000.0,5.793612151e-07,0.08059311086
2000.0,5.793693308e-07,0.08059349421
2000.0,5.793542733e-07,0.08059360617
2000.0,5.793604589e-07,0.08059369048
2000.0,5.793385175e-07,0.08059348072
2000.0,5.793544345e-07,0.08059341012
2000.0,5.793513525e-07,0.0805932841
2000.0,5.793571136e-07,0.08059295783
2000.0,5.79357213e-07,0.08059243379
2000.0,5.793379283e-07,0.0805920379
2000.0,5.793483595e-07,0.08059187874
2000.0,5.793497075e-07,0.08059148167
2000.0,5.793553286e-07,0.08059146448
2000.0,5.793385134e-07,0.08059100096
Freq,2000,Rs,0.0805926685975,8.637235343812616e-07,Ls,5.7935272011875e-07,8.64717063338507e-12
":SOUR:DCS:STAT OFF;:BIAS:STAT OFF;:COMP:BIN:COUN:CLE;:LIST:CLE:ALL;:COMP:BIN:CLE;:AMPL:ALC ON;:APER LONG,16;:BIAS:POL:AUTO OFF;:BIAS:RANG:AUTO ON;:BIAS:VOLT:LEV 0;:COMP:ABIN OFF;:COMP:BIN:COUN:STAT OFF;:COMP:MODE PTOL;:COMP:SLIM -9.9e+037,9.9e+037;:COMP:STAT OFF;:COMP:SWAP OFF;:COMP:TOL:NOM 0;:CURR:LEV 0.1;:DISP:ENAB ON;:DISP:LINE """";:DISP:WIND:TEXT1:DATA:FMSD:DATA 1e-009;:DISP:WIND:TEXT2:DATA:FMSD:DATA 1e-009;:FORM:ASC:LONG ON;:FORM:BORD NORM;:FORM:DATA ASC,64;:FREQ:CW 2000;:FUNC:DEV1:MODE OFF;:FUNC:DEV1:REF:VAL 0;:FUNC:DEV2:MODE OFF;:FUNC:DEV2:REF:VAL 0;:FUNC:IMP:TYPE LSRS;:FUNC:SMON:IDC:STAT OFF;:FUNC:SMON:VDC:STAT OFF;:INIT:CONT OFF;:LIST:MODE SEQ;:LIST:STIM:TYPE FREQ,NONE;:SOUR:DCS:VOLT:LEV 0;:TRIG:DEL 0;:TRIG:SOUR INT;:TRIG:TDEL 0;:DISP:WIND:TEXT1:DATA:FMSD:STAT OFF;:DISP:WIND:TEXT2:DATA:FMSD:STAT OFF;:FUNC:DCR:RANG:VAL 100;:FUNC:IMP:RANG:VAL 0.1;:OUTP:DC:ISOL:LEV:VAL 0.1;:OUTP:DC:ISOL:STAT OFF;:FUNC:DCR:RANG:AUTO ON;:FUNC:IMP:RANG:AUTO ON;:OUTP:DC:ISOL:LEV:AUTO ON;:DISP:PAGE MEASurement;
"
3000.0,5.795699146e-07,0.0805966666
3000.0,5.795831782e-07,0.08059684557
3000.0,5.795508106e-07,0.08059684055
3000.0,5.795640772e-07,0.08059645657
3000.0,5.795573414e-07,0.08059594071
3000.0,5.795521269e-07,0.08059631854
3000.0,5.795655397e-07,0.08059577376
3000.0,5.795469189e-07,0.08059569605
3000.0,5.795629375e-07,0.08059501316
3000.0,5.795434793e-07,0.08059500138
3000.0,5.795428659e-07,0.08059506418
3000.0,5.795551913e-07,0.0805946771
3000.0,5.795409131e-07,0.08059458409
3000.0,5.795633759e-07,0.0805943935
3000.0,5.795513257e-07,0.08059381587
3000.0,5.795715077e-07,0.08059305834
Freq,3000,Rs,0.080595384123125,1.121319401080928e-06,Ls,5.7955759399375e-07,1.1822218741873054e-11
":SOUR:DCS:STAT OFF;:BIAS:STAT OFF;:COMP:BIN:COUN:CLE;:LIST:CLE:ALL;:COMP:BIN:CLE;:AMPL:ALC ON;:APER LONG,16;:BIAS:POL:AUTO OFF;:BIAS:RANG:AUTO ON;:BIAS:VOLT:LEV 0;:COMP:ABIN OFF;:COMP:BIN:COUN:STAT OFF;:COMP:MODE PTOL;:COMP:SLIM -9.9e+037,9.9e+037;:COMP:STAT OFF;:COMP:SWAP OFF;:COMP:TOL:NOM 0;:CURR:LEV 0.1;:DISP:ENAB ON;:DISP:LINE """";:DISP:WIND:TEXT1:DATA:FMSD:DATA 1e-009;:DISP:WIND:TEXT2:DATA:FMSD:DATA 1e-009;:FORM:ASC:LONG ON;:FORM:BORD NORM;:FORM:DATA ASC,64;:FREQ:CW 3000;:FUNC:DEV1:MODE OFF;:FUNC:DEV1:REF:VAL 0;:FUNC:DEV2:MODE OFF;:FUNC:DEV2:REF:VAL 0;:FUNC:IMP:TYPE LSRS;:FUNC:SMON:IDC:STAT OFF;:FUNC:SMON:VDC:STAT OFF;:INIT:CONT OFF;:LIST:MODE SEQ;:LIST:STIM:TYPE FREQ,NONE;:SOUR:DCS:VOLT:LEV 0;:TRIG:DEL 0;:TRIG:SOUR INT;:TRIG:TDEL 0;:DISP:WIND:TEXT1:DATA:FMSD:STAT OFF;:DISP:WIND:TEXT2:DATA:FMSD:STAT OFF;:FUNC:DCR:RANG:VAL 100;:FUNC:IMP:RANG:VAL 0.1;:OUTP:DC:ISOL:LEV:VAL 0.1;:OUTP:DC:ISOL:STAT OFF;:FUNC:DCR:RANG:AUTO ON;:FUNC:IMP:RANG:AUTO ON;:OUTP:DC:ISOL:LEV:AUTO ON;:DISP:PAGE MEASurement;
"
5000.0,5.792641666e-07,0.08064537201
5000.0,5.792629995e-07,0.08064500556
5000.0,5.792584035e-07,0.08064558937
5000.0,5.792618549e-07,0.0806447432
5000.0,5.792624647e-07,0.08064443138
5000.0,5.792637385e-07,0.08064433233
5000.0,5.792499339e-07,0.08064413189
5000.0,5.792574605e-07,0.0806443827
5000.0,5.792619779e-07,0.08064468507
5000.0,5.792559542e-07,0.08064471573
5000.0,5.792614596e-07,0.08064481437
5000.0,5.792532965e-07,0.08064436233
5000.0,5.792571129e-07,0.08064398544
5000.0,5.792479211e-07,0.08064321031
5000.0,5.792637092e-07,0.080642673
5000.0,5.792612541e-07,0.08064160462
Freq,5000,Rs,0.08064425245687501,1.0103236677396528e-06,Ls,5.792589817249999e-07,5.03651645344747e-12
":SOUR:DCS:STAT OFF;:BIAS:STAT OFF;:COMP:BIN:COUN:CLE;:LIST:CLE:ALL;:COMP:BIN:CLE;:AMPL:ALC ON;:APER LONG,16;:BIAS:POL:AUTO OFF;:BIAS:RANG:AUTO ON;:BIAS:VOLT:LEV 0;:COMP:ABIN OFF;:COMP:BIN:COUN:STAT OFF;:COMP:MODE PTOL;:COMP:SLIM -9.9e+037,9.9e+037;:COMP:STAT OFF;:COMP:SWAP OFF;:COMP:TOL:NOM 0;:CURR:LEV 0.1;:DISP:ENAB ON;:DISP:LINE """";:DISP:WIND:TEXT1:DATA:FMSD:DATA 1e-009;:DISP:WIND:TEXT2:DATA:FMSD:DATA 1e-009;:FORM:ASC:LONG ON;:FORM:BORD NORM;:FORM:DATA ASC,64;:FREQ:CW 5000;:FUNC:DEV1:MODE OFF;:FUNC:DEV1:REF:VAL 0;:FUNC:DEV2:MODE OFF;:FUNC:DEV2:REF:VAL 0;:FUNC:IMP:TYPE LSRS;:FUNC:SMON:IDC:STAT OFF;:FUNC:SMON:VDC:STAT OFF;:INIT:CONT OFF;:LIST:MODE SEQ;:LIST:STIM:TYPE FREQ,NONE;:SOUR:DCS:VOLT:LEV 0;:TRIG:DEL 0;:TRIG:SOUR INT;:TRIG:TDEL 0;:DISP:WIND:TEXT1:DATA:FMSD:STAT OFF;:DISP:WIND:TEXT2:DATA:FMSD:STAT OFF;:FUNC:DCR:RANG:VAL 100;:FUNC:IMP:RANG:VAL 0.1;:OUTP:DC:ISOL:LEV:VAL 0.1;:OUTP:DC:ISOL:STAT OFF;:FUNC:DCR:RANG:AUTO ON;:FUNC:IMP:RANG:AUTO ON;:OUTP:DC:ISOL:LEV:AUTO ON;:DISP:PAGE MEASurement;
"
":SOUR:DCS:STAT OFF;:BIAS:STAT OFF;:COMP:BIN:COUN:CLE;:LIST:CLE:ALL;:COMP:BIN:CLE;:AMPL:ALC ON;:APER LONG,16;:BIAS:POL:AUTO OFF;:BIAS:RANG:AUTO ON;:BIAS:VOLT:LEV 0;:COMP:ABIN OFF;:COMP:BIN:COUN:STAT OFF;:COMP:MODE PTOL;:COMP:SLIM -9.9e+037,9.9e+037;:COMP:STAT OFF;:COMP:SWAP OFF;:COMP:TOL:NOM 0;:CURR:LEV 0.1;:DISP:ENAB ON;:DISP:LINE """";:DISP:WIND:TEXT1:DATA:FMSD:DATA 1e-009;:DISP:WIND:TEXT2:DATA:FMSD:DATA 1e-009;:FORM:ASC:LONG ON;:FORM:BORD NORM;:FORM:DATA ASC,64;:FREQ:CW 5000;:FUNC:DEV1:MODE OFF;:FUNC:DEV1:REF:VAL 0;:FUNC:DEV2:MODE OFF;:FUNC:DEV2:REF:VAL 0;:FUNC:IMP:TYPE LSRS;:FUNC:SMON:IDC:STAT OFF;:FUNC:SMON:VDC:STAT OFF;:INIT:CONT OFF;:LIST:MODE SEQ;:LIST:STIM:TYPE FREQ,NONE;:SOUR:DCS:VOLT:LEV 0;:TRIG:DEL 0;:TRIG:SOUR INT;:TRIG:TDEL 0;:DISP:WIND:TEXT1:DATA:FMSD:STAT OFF;:DISP:WIND:TEXT2:DATA:FMSD:STAT OFF;:FUNC:DCR:RANG:VAL 100;:FUNC:IMP:RANG:VAL 0.1;:OUTP:DC:ISOL:LEV:VAL 0.1;:OUTP:DC:ISOL:STAT OFF;:FUNC:DCR:RANG:AUTO ON;:FUNC:IMP:RANG:AUTO ON;:OUTP:DC:ISOL:LEV:AUTO ON;:DISP:PAGE MEASurement;
"
2022-09-16,13:46:29
---------run finished---------
lcr name:,KeySight E4980A
Name and description of Resistor under test: ,BE6R
GPIB source:,<bound method MessageBasedResource.read of <'GPIBInstrument'('GPIB0::17::INSTR')>>
2022-09-16,14:10:06
select the freq range,"[50, 100, 200, 300, 500, 800, 1000, 1591.5494309189535, 2000, 3000, 5000]"
50.0,6.309344788e-07,0.08072478389
50.0,6.334030477e-07,0.08071673546
50.0,6.232646961e-07,0.08071216587
50.0,6.189443718e-07,0.08070999735
50.0,6.139089125e-07,0.08070676172
50.0,6.189052938e-07,0.08070292505
50.0,6.239598915e-07,0.08069954492
50.0,6.276603957e-07,0.08069745278
50.0,6.307015327e-07,0.08069561599
50.0,6.304411413e-07,0.08069581548
50.0,6.278346365e-07,0.08069521984
50.0,6.245940399e-07,0.08069421685
50.0,6.203268828e-07,0.08069237458
50.0,6.185981853e-07,0.08069044394
50.0,6.19561866e-07,0.08068691614
50.0,6.167891664e-07,0.08068453099
Freq,50,Rs,0.080700343803125,1.1118515183953624e-05,Ls,6.237392836750001e-07,5.879476592498519e-09
":SOUR:DCS:STAT OFF;:BIAS:STAT OFF;:COMP:BIN:COUN:CLE;:LIST:CLE:ALL;:COMP:BIN:CLE;:AMPL:ALC ON;:APER LONG,16;:BIAS:POL:AUTO OFF;:BIAS:RANG:AUTO ON;:BIAS:VOLT:LEV 0;:COMP:ABIN OFF;:COMP:BIN:COUN:STAT OFF;:COMP:MODE PTOL;:COMP:SLIM -9.9e+037,9.9e+037;:COMP:STAT OFF;:COMP:SWAP OFF;:COMP:TOL:NOM 0;:CURR:LEV 0.1;:DISP:ENAB ON;:DISP:LINE """";:DISP:WIND:TEXT1:DATA:FMSD:DATA 1e-009;:DISP:WIND:TEXT2:DATA:FMSD:DATA 1e-009;:FORM:ASC:LONG ON;:FORM:BORD NORM;:FORM:DATA ASC,64;:FREQ:CW 50;:FUNC:DEV1:MODE OFF;:FUNC:DEV1:REF:VAL 0;:FUNC:DEV2:MODE OFF;:FUNC:DEV2:REF:VAL 0;:FUNC:IMP:TYPE LSRS;:FUNC:SMON:IDC:STAT OFF;:FUNC:SMON:VDC:STAT OFF;:INIT:CONT OFF;:LIST:MODE SEQ;:LIST:STIM:TYPE FREQ,NONE;:SOUR:DCS:VOLT:LEV 0;:TRIG:DEL 0;:TRIG:SOUR INT;:TRIG:TDEL 0;:DISP:WIND:TEXT1:DATA:FMSD:STAT OFF;:DISP:WIND:TEXT2:DATA:FMSD:STAT OFF;:FUNC:DCR:RANG:VAL 100;:FUNC:IMP:RANG:VAL 0.1;:OUTP:DC:ISOL:LEV:VAL 0.1;:OUTP:DC:ISOL:STAT OFF;:FUNC:DCR:RANG:AUTO ON;:FUNC:IMP:RANG:AUTO ON;:OUTP:DC:ISOL:LEV:AUTO ON;:DISP:PAGE MEASurement;
"
100.0,5.944300156e-07,0.0806567573
100.0,5.93443034e-07,0.08065471407
100.0,5.936686493e-07,0.0806526472
100.0,5.932121878e-07,0.0806503482
100.0,5.9437383e-07,0.08064920939
100.0,5.939932148e-07,0.08064755124
100.0,5.938881609e-07,0.08064538025
100.0,5.936545298e-07,0.08064438855
100.0,5.941730913e-07,0.08064242699
100.0,5.940928649e-07,0.08064172591
100.0,5.934318579e-07,0.08064107818
100.0,5.945341778e-07,0.08064008085
100.0,5.93811624e-07,0.08063966313
100.0,5.9360506e-07,0.08063922513
100.0,5.940081439e-07,0.0806378399
100.0,5.936276089e-07,0.08063645477
Freq,100,Rs,0.08064496819125,6.258052304905878e-06,Ls,5.9387175318125e-07,3.8392559419745976e-10
":SOUR:DCS:STAT OFF;:BIAS:STAT OFF;:COMP:BIN:COUN:CLE;:LIST:CLE:ALL;:COMP:BIN:CLE;:AMPL:ALC ON;:APER LONG,16;:BIAS:POL:AUTO OFF;:BIAS:RANG:AUTO ON;:BIAS:VOLT:LEV 0;:COMP:ABIN OFF;:COMP:BIN:COUN:STAT OFF;:COMP:MODE PTOL;:COMP:SLIM -9.9e+037,9.9e+037;:COMP:STAT OFF;:COMP:SWAP OFF;:COMP:TOL:NOM 0;:CURR:LEV 0.1;:DISP:ENAB ON;:DISP:LINE """";:DISP:WIND:TEXT1:DATA:FMSD:DATA 1e-009;:DISP:WIND:TEXT2:DATA:FMSD:DATA 1e-009;:FORM:ASC:LONG ON;:FORM:BORD NORM;:FORM:DATA ASC,64;:FREQ:CW 100;:FUNC:DEV1:MODE OFF;:FUNC:DEV1:REF:VAL 0;:FUNC:DEV2:MODE OFF;:FUNC:DEV2:REF:VAL 0;:FUNC:IMP:TYPE LSRS;:FUNC:SMON:IDC:STAT OFF;:FUNC:SMON:VDC:STAT OFF;:INIT:CONT OFF;:LIST:MODE SEQ;:LIST:STIM:TYPE FREQ,NONE;:SOUR:DCS:VOLT:LEV 0;:TRIG:DEL 0;:TRIG:SOUR INT;:TRIG:TDEL 0;:DISP:WIND:TEXT1:DATA:FMSD:STAT OFF;:DISP:WIND:TEXT2:DATA:FMSD:STAT OFF;:FUNC:DCR:RANG:VAL 100;:FUNC:IMP:RANG:VAL 0.1;:OUTP:DC:ISOL:LEV:VAL 0.1;:OUTP:DC:ISOL:STAT OFF;:FUNC:DCR:RANG:AUTO ON;:FUNC:IMP:RANG:AUTO ON;:OUTP:DC:ISOL:LEV:AUTO ON;:DISP:PAGE MEASurement;
"
200.0,5.9374027e-07,0.08065779423
200.0,5.937534728e-07,0.08065675104
200.0,5.938515659e-07,0.08065572344
200.0,5.938399853e-07,0.0806544747
200.0,5.939134038e-07,0.08065307708
200.0,5.938113358e-07,0.08065120232
200.0,5.940029589e-07,0.0806499551
200.0,5.940880907e-07,0.08064906808
200.0,5.941858514e-07,0.08064757704
200.0,5.941717076e-07,0.08064615197
200.0,5.940911149e-07,0.08064483654
200.0,5.9397167e-07,0.080643824
200.0,5.936121319e-07,0.08064268248
200.0,5.939840517e-07,0.08064173683
200.0,5.940251287e-07,0.08064073487
200.0,5.941104297e-07,0.08063982253
Freq,200,Rs,0.080648463265625,5.943281276676712e-06,Ls,5.9394707306875e-07,1.6704596284931303e-10
":SOUR:DCS:STAT OFF;:BIAS:STAT OFF;:COMP:BIN:COUN:CLE;:LIST:CLE:ALL;:COMP:BIN:CLE;:AMPL:ALC ON;:APER LONG,16;:BIAS:POL:AUTO OFF;:BIAS:RANG:AUTO ON;:BIAS:VOLT:LEV 0;:COMP:ABIN OFF;:COMP:BIN:COUN:STAT OFF;:COMP:MODE PTOL;:COMP:SLIM -9.9e+037,9.9e+037;:COMP:STAT OFF;:COMP:SWAP OFF;:COMP:TOL:NOM 0;:CURR:LEV 0.1;:DISP:ENAB ON;:DISP:LINE """";:DISP:WIND:TEXT1:DATA:FMSD:DATA 1e-009;:DISP:WIND:TEXT2:DATA:FMSD:DATA 1e-009;:FORM:ASC:LONG ON;:FORM:BORD NORM;:FORM:DATA ASC,64;:FREQ:CW 200;:FUNC:DEV1:MODE OFF;:FUNC:DEV1:REF:VAL 0;:FUNC:DEV2:MODE OFF;:FUNC:DEV2:REF:VAL 0;:FUNC:IMP:TYPE LSRS;:FUNC:SMON:IDC:STAT OFF;:FUNC:SMON:VDC:STAT OFF;:INIT:CONT OFF;:LIST:MODE SEQ;:LIST:STIM:TYPE FREQ,NONE;:SOUR:DCS:VOLT:LEV 0;:TRIG:DEL 0;:TRIG:SOUR INT;:TRIG:TDEL 0;:DISP:WIND:TEXT1:DATA:FMSD:STAT OFF;:DISP:WIND:TEXT2:DATA:FMSD:STAT OFF;:FUNC:DCR:RANG:VAL 100;:FUNC:IMP:RANG:VAL 0.1;:OUTP:DC:ISOL:LEV:VAL 0.1;:OUTP:DC:ISOL:STAT OFF;:FUNC:DCR:RANG:AUTO ON;:FUNC:IMP:RANG:AUTO ON;:OUTP:DC:ISOL:LEV:AUTO ON;:DISP:PAGE MEASurement;
"
300.0,5.844053275e-07,0.08064234734
300.0,5.845420114e-07,0.08064108683
300.0,5.842611259e-07,0.08064030218
300.0,5.842828278e-07,0.0806391562
300.0,5.843771839e-07,0.08063808273
300.0,5.843328732e-07,0.08063741748
300.0,5.842912389e-07,0.08063600607
300.0,5.843507365e-07,0.08063464481
300.0,5.844626837e-07,0.08063393237
300.0,5.841944854e-07,0.080632595
300.0,5.845204046e-07,0.08063172719
300.0,5.845170216e-07,0.08063082791
300.0,5.845202027e-07,0.08063042388
300.0,5.843198758e-07,0.08062984125
300.0,5.843861059e-07,0.08062947
300.0,5.844311671e-07,0.08062920552
Freq,300,Rs,0.0806348166725,4.4655719761584935e-06,Ls,5.843872044937499e-07,1.0528173050957726e-10
":SOUR:DCS:STAT OFF;:BIAS:STAT OFF;:COMP:BIN:COUN:CLE;:LIST:CLE:ALL;:COMP:BIN:CLE;:AMPL:ALC ON;:APER LONG,16;:BIAS:POL:AUTO OFF;:BIAS:RANG:AUTO ON;:BIAS:VOLT:LEV 0;:COMP:ABIN OFF;:COMP:BIN:COUN:STAT OFF;:COMP:MODE PTOL;:COMP:SLIM -9.9e+037,9.9e+037;:COMP:STAT OFF;:COMP:SWAP OFF;:COMP:TOL:NOM 0;:CURR:LEV 0.1;:DISP:ENAB ON;:DISP:LINE """";:DISP:WIND:TEXT1:DATA:FMSD:DATA 1e-009;:DISP:WIND:TEXT2:DATA:FMSD:DATA 1e-009;:FORM:ASC:LONG ON;:FORM:BORD NORM;:FORM:DATA ASC,64;:FREQ:CW 300;:FUNC:DEV1:MODE OFF;:FUNC:DEV1:REF:VAL 0;:FUNC:DEV2:MODE OFF;:FUNC:DEV2:REF:VAL 0;:FUNC:IMP:TYPE LSRS;:FUNC:SMON:IDC:STAT OFF;:FUNC:SMON:VDC:STAT OFF;:INIT:CONT OFF;:LIST:MODE SEQ;:LIST:STIM:TYPE FREQ,NONE;:SOUR:DCS:VOLT:LEV 0;:TRIG:DEL 0;:TRIG:SOUR INT;:TRIG:TDEL 0;:DISP:WIND:TEXT1:DATA:FMSD:STAT OFF;:DISP:WIND:TEXT2:DATA:FMSD:STAT OFF;:FUNC:DCR:RANG:VAL 100;:FUNC:IMP:RANG:VAL 0.1;:OUTP:DC:ISOL:LEV:VAL 0.1;:OUTP:DC:ISOL:STAT OFF;:FUNC:DCR:RANG:AUTO ON;:FUNC:IMP:RANG:AUTO ON;:OUTP:DC:ISOL:LEV:AUTO ON;:DISP:PAGE MEASurement;
"
500.0,5.797737178e-07,0.08063953438
500.0,5.798774289e-07,0.08063885296
500.0,5.797497971e-07,0.08063833014
500.0,5.797882921e-07,0.08063749777
500.0,5.797258452e-07,0.0806370902
500.0,5.798769504e-07,0.08063609961
500.0,5.798199533e-07,0.08063548706
500.0,5.798203868e-07,0.08063477834
500.0,5.798504627e-07,0.08063413194
500.0,5.798073345e-07,0.08063270473
500.0,5.796974043e-07,0.08063148779
500.0,5.798515578e-07,0.08063043085
500.0,5.798056896e-07,0.08062943595
500.0,5.797879471e-07,0.08062838349
500.0,5.798063414e-07,0.08062736102
500.0,5.798632489e-07,0.08062628018
Freq,500,Rs,0.08063361790062501,4.292602370050296e-06,Ls,5.7980639736875e-07,5.22336237194955e-11
":SOUR:DCS:STAT OFF;:BIAS:STAT OFF;:COMP:BIN:COUN:CLE;:LIST:CLE:ALL;:COMP:BIN:CLE;:AMPL:ALC ON;:APER LONG,16;:BIAS:POL:AUTO OFF;:BIAS:RANG:AUTO ON;:BIAS:VOLT:LEV 0;:COMP:ABIN OFF;:COMP:BIN:COUN:STAT OFF;:COMP:MODE PTOL;:COMP:SLIM -9.9e+037,9.9e+037;:COMP:STAT OFF;:COMP:SWAP OFF;:COMP:TOL:NOM 0;:CURR:LEV 0.1;:DISP:ENAB ON;:DISP:LINE """";:DISP:WIND:TEXT1:DATA:FMSD:DATA 1e-009;:DISP:WIND:TEXT2:DATA:FMSD:DATA 1e-009;:FORM:ASC:LONG ON;:FORM:BORD NORM;:FORM:DATA ASC,64;:FREQ:CW 500;:FUNC:DEV1:MODE OFF;:FUNC:DEV1:REF:VAL 0;:FUNC:DEV2:MODE OFF;:FUNC:DEV2:REF:VAL 0;:FUNC:IMP:TYPE LSRS;:FUNC:SMON:IDC:STAT OFF;:FUNC:SMON:VDC:STAT OFF;:INIT:CONT OFF;:LIST:MODE SEQ;:LIST:STIM:TYPE FREQ,NONE;:SOUR:DCS:VOLT:LEV 0;:TRIG:DEL 0;:TRIG:SOUR INT;:TRIG:TDEL 0;:DISP:WIND:TEXT1:DATA:FMSD:STAT OFF;:DISP:WIND:TEXT2:DATA:FMSD:STAT OFF;:FUNC:DCR:RANG:VAL 100;:FUNC:IMP:RANG:VAL 0.1;:OUTP:DC:ISOL:LEV:VAL 0.1;:OUTP:DC:ISOL:STAT OFF;:FUNC:DCR:RANG:AUTO ON;:FUNC:IMP:RANG:AUTO ON;:OUTP:DC:ISOL:LEV:AUTO ON;:DISP:PAGE MEASurement;
"
800.0,5.785804982e-07,0.08063207858
800.0,5.786119738e-07,0.08063191114
800.0,5.785831403e-07,0.08063107054
800.0,5.785984477e-07,0.08063044363
800.0,5.786078699e-07,0.08062991371
800.0,5.78623725e-07,0.0806298346
800.0,5.786097834e-07,0.08062979604
800.0,5.785764024e-07,0.08062951025
800.0,5.786430867e-07,0.08062920167
800.0,5.78614829e-07,0.0806289422
800.0,5.785759546e-07,0.08062879684
800.0,5.785914368e-07,0.08062869396
800.0,5.785820671e-07,0.08062808033
800.0,5.786069534e-07,0.08062787742
800.0,5.785790991e-07,0.08062767623
800.0,5.785955804e-07,0.08062728177
Freq,800,Rs,0.08062944430687499,1.4278216712454516e-06,Ls,5.785988029875e-07,1.9354569057144507e-11
":SOUR:DCS:STAT OFF;:BIAS:STAT OFF;:COMP:BIN:COUN:CLE;:LIST:CLE:ALL;:COMP:BIN:CLE;:AMPL:ALC ON;:APER LONG,16;:BIAS:POL:AUTO OFF;:BIAS:RANG:AUTO ON;:BIAS:VOLT:LEV 0;:COMP:ABIN OFF;:COMP:BIN:COUN:STAT OFF;:COMP:MODE PTOL;:COMP:SLIM -9.9e+037,9.9e+037;:COMP:STAT OFF;:COMP:SWAP OFF;:COMP:TOL:NOM 0;:CURR:LEV 0.1;:DISP:ENAB ON;:DISP:LINE """";:DISP:WIND:TEXT1:DATA:FMSD:DATA 1e-009;:DISP:WIND:TEXT2:DATA:FMSD:DATA 1e-009;:FORM:ASC:LONG ON;:FORM:BORD NORM;:FORM:DATA ASC,64;:FREQ:CW 800;:FUNC:DEV1:MODE OFF;:FUNC:DEV1:REF:VAL 0;:FUNC:DEV2:MODE OFF;:FUNC:DEV2:REF:VAL 0;:FUNC:IMP:TYPE LSRS;:FUNC:SMON:IDC:STAT OFF;:FUNC:SMON:VDC:STAT OFF;:INIT:CONT OFF;:LIST:MODE SEQ;:LIST:STIM:TYPE FREQ,NONE;:SOUR:DCS:VOLT:LEV 0;:TRIG:DEL 0;:TRIG:SOUR INT;:TRIG:TDEL 0;:DISP:WIND:TEXT1:DATA:FMSD:STAT OFF;:DISP:WIND:TEXT2:DATA:FMSD:STAT OFF;:FUNC:DCR:RANG:VAL 100;:FUNC:IMP:RANG:VAL 0.1;:OUTP:DC:ISOL:LEV:VAL 0.1;:OUTP:DC:ISOL:STAT OFF;:FUNC:DCR:RANG:AUTO ON;:FUNC:IMP:RANG:AUTO ON;:OUTP:DC:ISOL:LEV:AUTO ON;:DISP:PAGE MEASurement;
"
1000.0,5.780652232e-07,0.08061809421
1000.0,5.780935284e-07,0.08061789854
1000.0,5.780755942e-07,0.08061775178
1000.0,5.7807187e-07,0.08061743206
1000.0,5.780418815e-07,0.08061744013
1000.0,5.780506084e-07,0.08061737125
1000.0,5.780638952e-07,0.08061762812
1000.0,5.780738599e-07,0.0806177044
1000.0,5.780623677e-07,0.08061747398
1000.0,5.780419576e-07,0.08061799418
1000.0,5.780668698e-07,0.08061812825
1000.0,5.780744112e-07,0.08061833285
1000.0,5.780500532e-07,0.08061825997
1000.0,5.78070626e-07,0.08061802448
1000.0,5.780502061e-07,0.08061785197
1000.0,5.780529702e-07,0.08061747554
Freq,1000,Rs,0.080617803856875,3.1531599762203006e-07,Ls,5.780628701625e-07,1.4072805898617144e-11
":SOUR:DCS:STAT OFF;:BIAS:STAT OFF;:COMP:BIN:COUN:CLE;:LIST:CLE:ALL;:COMP:BIN:CLE;:AMPL:ALC ON;:APER LONG,16;:BIAS:POL:AUTO OFF;:BIAS:RANG:AUTO ON;:BIAS:VOLT:LEV 0;:COMP:ABIN OFF;:COMP:BIN:COUN:STAT OFF;:COMP:MODE PTOL;:COMP:SLIM -9.9e+037,9.9e+037;:COMP:STAT OFF;:COMP:SWAP OFF;:COMP:TOL:NOM 0;:CURR:LEV 0.1;:DISP:ENAB ON;:DISP:LINE """";:DISP:WIND:TEXT1:DATA:FMSD:DATA 1e-009;:DISP:WIND:TEXT2:DATA:FMSD:DATA 1e-009;:FORM:ASC:LONG ON;:FORM:BORD NORM;:FORM:DATA ASC,64;:FREQ:CW 1000;:FUNC:DEV1:MODE OFF;:FUNC:DEV1:REF:VAL 0;:FUNC:DEV2:MODE OFF;:FUNC:DEV2:REF:VAL 0;:FUNC:IMP:TYPE LSRS;:FUNC:SMON:IDC:STAT OFF;:FUNC:SMON:VDC:STAT OFF;:INIT:CONT OFF;:LIST:MODE SEQ;:LIST:STIM:TYPE FREQ,NONE;:SOUR:DCS:VOLT:LEV 0;:TRIG:DEL 0;:TRIG:SOUR INT;:TRIG:TDEL 0;:DISP:WIND:TEXT1:DATA:FMSD:STAT OFF;:DISP:WIND:TEXT2:DATA:FMSD:STAT OFF;:FUNC:DCR:RANG:VAL 100;:FUNC:IMP:RANG:VAL 0.1;:OUTP:DC:ISOL:LEV:VAL 0.1;:OUTP:DC:ISOL:STAT OFF;:FUNC:DCR:RANG:AUTO ON;:FUNC:IMP:RANG:AUTO ON;:OUTP:DC:ISOL:LEV:AUTO ON;:DISP:PAGE MEASurement;
"
1591.5494309189535,5.783562719e-07,0.08061797754
1591.5494309189535,5.783652715e-07,0.08061761026
1591.5494309189535,5.783593532e-07,0.08061703459
1591.5494309189535,5.783380095e-07,0.08061640321
1591.5494309189535,5.783315577e-07,0.08061589743
1591.5494309189535,5.783474593e-07,0.08061567525
1591.5494309189535,5.783497108e-07,0.0806153171
1591.5494309189535,5.783422581e-07,0.08061527051
1591.5494309189535,5.783495011e-07,0.08061487493
1591.5494309189535,5.783433632e-07,0.08061426124
1591.5494309189535,5.783363369e-07,0.08061364386
1591.5494309189535,5.783579586e-07,0.08061288028
1591.5494309189535,5.78343262e-07,0.08061207185
1591.5494309189535,5.78344627e-07,0.08061125531
1591.5494309189535,5.78350205e-07,0.08061045626
1591.5494309189535,5.783643037e-07,0.08060959047
Freq,1591.5494309189535,Rs,0.08061438875562499,2.5382934398386456e-06,Ls,5.7834871559375e-07,9.856409733266796e-12
":SOUR:DCS:STAT OFF;:BIAS:STAT OFF;:COMP:BIN:COUN:CLE;:LIST:CLE:ALL;:COMP:BIN:CLE;:AMPL:ALC ON;:APER LONG,16;:BIAS:POL:AUTO OFF;:BIAS:RANG:AUTO ON;:BIAS:VOLT:LEV 0;:COMP:ABIN OFF;:COMP:BIN:COUN:STAT OFF;:COMP:MODE PTOL;:COMP:SLIM -9.9e+037,9.9e+037;:COMP:STAT OFF;:COMP:SWAP OFF;:COMP:TOL:NOM 0;:CURR:LEV 0.1;:DISP:ENAB ON;:DISP:LINE """";:DISP:WIND:TEXT1:DATA:FMSD:DATA 1e-009;:DISP:WIND:TEXT2:DATA:FMSD:DATA 1e-009;:FORM:ASC:LONG ON;:FORM:BORD NORM;:FORM:DATA ASC,64;:FREQ:CW 1592;:FUNC:DEV1:MODE OFF;:FUNC:DEV1:REF:VAL 0;:FUNC:DEV2:MODE OFF;:FUNC:DEV2:REF:VAL 0;:FUNC:IMP:TYPE LSRS;:FUNC:SMON:IDC:STAT OFF;:FUNC:SMON:VDC:STAT OFF;:INIT:CONT OFF;:LIST:MODE SEQ;:LIST:STIM:TYPE FREQ,NONE;:SOUR:DCS:VOLT:LEV 0;:TRIG:DEL 0;:TRIG:SOUR INT;:TRIG:TDEL 0;:DISP:WIND:TEXT1:DATA:FMSD:STAT OFF;:DISP:WIND:TEXT2:DATA:FMSD:STAT OFF;:FUNC:DCR:RANG:VAL 100;:FUNC:IMP:RANG:VAL 0.1;:OUTP:DC:ISOL:LEV:VAL 0.1;:OUTP:DC:ISOL:STAT OFF;:FUNC:DCR:RANG:AUTO ON;:FUNC:IMP:RANG:AUTO ON;:OUTP:DC:ISOL:LEV:AUTO ON;:DISP:PAGE MEASurement;
"
2000.0,5.788554043e-07,0.08061368357
2000.0,5.788382744e-07,0.08061287244
2000.0,5.788681873e-07,0.08061222425
2000.0,5.788739545e-07,0.08061171082
2000.0,5.788888109e-07,0.08061091014
2000.0,5.788722661e-07,0.08061033206
2000.0,5.788540508e-07,0.08060976035
2000.0,5.788518665e-07,0.08060910926
2000.0,5.788701469e-07,0.08060878671
2000.0,5.788483025e-07,0.08060834024
2000.0,5.788587505e-07,0.0806080817
2000.0,5.788637143e-07,0.08060818742
2000.0,5.788687229e-07,0.08060846967
2000.0,5.788658788e-07,0.08060866862
2000.0,5.788545847e-07,0.08060867601
2000.0,5.788709945e-07,0.08060930854
Freq,2000,Rs,0.0806099451125,1.8068906083325356e-06,Ls,5.788627443687499e-07,1.2199593593542978e-11
":SOUR:DCS:STAT OFF;:BIAS:STAT OFF;:COMP:BIN:COUN:CLE;:LIST:CLE:ALL;:COMP:BIN:CLE;:AMPL:ALC ON;:APER LONG,16;:BIAS:POL:AUTO OFF;:BIAS:RANG:AUTO ON;:BIAS:VOLT:LEV 0;:COMP:ABIN OFF;:COMP:BIN:COUN:STAT OFF;:COMP:MODE PTOL;:COMP:SLIM -9.9e+037,9.9e+037;:COMP:STAT OFF;:COMP:SWAP OFF;:COMP:TOL:NOM 0;:CURR:LEV 0.1;:DISP:ENAB ON;:DISP:LINE """";:DISP:WIND:TEXT1:DATA:FMSD:DATA 1e-009;:DISP:WIND:TEXT2:DATA:FMSD:DATA 1e-009;:FORM:ASC:LONG ON;:FORM:BORD NORM;:FORM:DATA ASC,64;:FREQ:CW 2000;:FUNC:DEV1:MODE OFF;:FUNC:DEV1:REF:VAL 0;:FUNC:DEV2:MODE OFF;:FUNC:DEV2:REF:VAL 0;:FUNC:IMP:TYPE LSRS;:FUNC:SMON:IDC:STAT OFF;:FUNC:SMON:VDC:STAT OFF;:INIT:CONT OFF;:LIST:MODE SEQ;:LIST:STIM:TYPE FREQ,NONE;:SOUR:DCS:VOLT:LEV 0;:TRIG:DEL 0;:TRIG:SOUR INT;:TRIG:TDEL 0;:DISP:WIND:TEXT1:DATA:FMSD:STAT OFF;:DISP:WIND:TEXT2:DATA:FMSD:STAT OFF;:FUNC:DCR:RANG:VAL 100;:FUNC:IMP:RANG:VAL 0.1;:OUTP:DC:ISOL:LEV:VAL 0.1;:OUTP:DC:ISOL:STAT OFF;:FUNC:DCR:RANG:AUTO ON;:FUNC:IMP:RANG:AUTO ON;:OUTP:DC:ISOL:LEV:AUTO ON;:DISP:PAGE MEASurement;
"
3000.0,5.79083968e-07,0.08061569156
3000.0,5.790826268e-07,0.08061637001
3000.0,5.790838449e-07,0.08061618508
3000.0,5.7908938e-07,0.08061696536
3000.0,5.790850961e-07,0.08061628614
3000.0,5.79095495e-07,0.08061656413
3000.0,5.790976349e-07,0.08061648541
3000.0,5.790843391e-07,0.08061673981
3000.0,5.791301451e-07,0.08061657832
3000.0,5.791236997e-07,0.08061660355
3000.0,5.790850546e-07,0.08061648868
3000.0,5.791139532e-07,0.08061624798
3000.0,5.790915964e-07,0.08061622564
3000.0,5.790948125e-07,0.08061635379
3000.0,5.790885031e-07,0.08061536591
3000.0,5.790856649e-07,0.08061599657
Freq,3000,Rs,0.08061632174625001,3.917600247248267e-07,Ls,5.7909473839375e-07,1.484725688768413e-11
":SOUR:DCS:STAT OFF;:BIAS:STAT OFF;:COMP:BIN:COUN:CLE;:LIST:CLE:ALL;:COMP:BIN:CLE;:AMPL:ALC ON;:APER LONG,16;:BIAS:POL:AUTO OFF;:BIAS:RANG:AUTO ON;:BIAS:VOLT:LEV 0;:COMP:ABIN OFF;:COMP:BIN:COUN:STAT OFF;:COMP:MODE PTOL;:COMP:SLIM -9.9e+037,9.9e+037;:COMP:STAT OFF;:COMP:SWAP OFF;:COMP:TOL:NOM 0;:CURR:LEV 0.1;:DISP:ENAB ON;:DISP:LINE """";:DISP:WIND:TEXT1:DATA:FMSD:DATA 1e-009;:DISP:WIND:TEXT2:DATA:FMSD:DATA 1e-009;:FORM:ASC:LONG ON;:FORM:BORD NORM;:FORM:DATA ASC,64;:FREQ:CW 3000;:FUNC:DEV1:MODE OFF;:FUNC:DEV1:REF:VAL 0;:FUNC:DEV2:MODE OFF;:FUNC:DEV2:REF:VAL 0;:FUNC:IMP:TYPE LSRS;:FUNC:SMON:IDC:STAT OFF;:FUNC:SMON:VDC:STAT OFF;:INIT:CONT OFF;:LIST:MODE SEQ;:LIST:STIM:TYPE FREQ,NONE;:SOUR:DCS:VOLT:LEV 0;:TRIG:DEL 0;:TRIG:SOUR INT;:TRIG:TDEL 0;:DISP:WIND:TEXT1:DATA:FMSD:STAT OFF;:DISP:WIND:TEXT2:DATA:FMSD:STAT OFF;:FUNC:DCR:RANG:VAL 100;:FUNC:IMP:RANG:VAL 0.1;:OUTP:DC:ISOL:LEV:VAL 0.1;:OUTP:DC:ISOL:STAT OFF;:FUNC:DCR:RANG:AUTO ON;:FUNC:IMP:RANG:AUTO ON;:OUTP:DC:ISOL:LEV:AUTO ON;:DISP:PAGE MEASurement;
"
5000.0,5.788206369e-07,0.08066851072
5000.0,5.788066769e-07,0.08066866918
5000.0,5.78813366e-07,0.08066757869
5000.0,5.78807504e-07,0.08066684206
5000.0,5.788087167e-07,0.08066646099
5000.0,5.788010855e-07,0.08066558496
5000.0,5.788111968e-07,0.08066475889
5000.0,5.78797751e-07,0.08066446424
5000.0,5.788107208e-07,0.08066333274
5000.0,5.788146464e-07,0.08066410218
5000.0,5.78821305e-07,0.0806635528
5000.0,5.788106104e-07,0.08066405516
5000.0,5.788092556e-07,0.08066344364
5000.0,5.788200922e-07,0.08066315554
5000.0,5.7879923e-07,0.08066321685
5000.0,5.7881745e-07,0.08066330919
Freq,5000,Rs,0.080665064864375,1.9497194190106857e-06,Ls,5.788106402625e-07,7.2661744242606205e-12
":SOUR:DCS:STAT OFF;:BIAS:STAT OFF;:COMP:BIN:COUN:CLE;:LIST:CLE:ALL;:COMP:BIN:CLE;:AMPL:ALC ON;:APER LONG,16;:BIAS:POL:AUTO OFF;:BIAS:RANG:AUTO ON;:BIAS:VOLT:LEV 0;:COMP:ABIN OFF;:COMP:BIN:COUN:STAT OFF;:COMP:MODE PTOL;:COMP:SLIM -9.9e+037,9.9e+037;:COMP:STAT OFF;:COMP:SWAP OFF;:COMP:TOL:NOM 0;:CURR:LEV 0.1;:DISP:ENAB ON;:DISP:LINE """";:DISP:WIND:TEXT1:DATA:FMSD:DATA 1e-009;:DISP:WIND:TEXT2:DATA:FMSD:DATA 1e-009;:FORM:ASC:LONG ON;:FORM:BORD NORM;:FORM:DATA ASC,64;:FREQ:CW 5000;:FUNC:DEV1:MODE OFF;:FUNC:DEV1:REF:VAL 0;:FUNC:DEV2:MODE OFF;:FUNC:DEV2:REF:VAL 0;:FUNC:IMP:TYPE LSRS;:FUNC:SMON:IDC:STAT OFF;:FUNC:SMON:VDC:STAT OFF;:INIT:CONT OFF;:LIST:MODE SEQ;:LIST:STIM:TYPE FREQ,NONE;:SOUR:DCS:VOLT:LEV 0;:TRIG:DEL 0;:TRIG:SOUR INT;:TRIG:TDEL 0;:DISP:WIND:TEXT1:DATA:FMSD:STAT OFF;:DISP:WIND:TEXT2:DATA:FMSD:STAT OFF;:FUNC:DCR:RANG:VAL 100;:FUNC:IMP:RANG:VAL 0.1;:OUTP:DC:ISOL:LEV:VAL 0.1;:OUTP:DC:ISOL:STAT OFF;:FUNC:DCR:RANG:AUTO ON;:FUNC:IMP:RANG:AUTO ON;:OUTP:DC:ISOL:LEV:AUTO ON;:DISP:PAGE MEASurement;
"
":SOUR:DCS:STAT OFF;:BIAS:STAT OFF;:COMP:BIN:COUN:CLE;:LIST:CLE:ALL;:COMP:BIN:CLE;:AMPL:ALC ON;:APER LONG,16;:BIAS:POL:AUTO OFF;:BIAS:RANG:AUTO ON;:BIAS:VOLT:LEV 0;:COMP:ABIN OFF;:COMP:BIN:COUN:STAT OFF;:COMP:MODE PTOL;:COMP:SLIM -9.9e+037,9.9e+037;:COMP:STAT OFF;:COMP:SWAP OFF;:COMP:TOL:NOM 0;:CURR:LEV 0.1;:DISP:ENAB ON;:DISP:LINE """";:DISP:WIND:TEXT1:DATA:FMSD:DATA 1e-009;:DISP:WIND:TEXT2:DATA:FMSD:DATA 1e-009;:FORM:ASC:LONG ON;:FORM:BORD NORM;:FORM:DATA ASC,64;:FREQ:CW 5000;:FUNC:DEV1:MODE OFF;:FUNC:DEV1:REF:VAL 0;:FUNC:DEV2:MODE OFF;:FUNC:DEV2:REF:VAL 0;:FUNC:IMP:TYPE LSRS;:FUNC:SMON:IDC:STAT OFF;:FUNC:SMON:VDC:STAT OFF;:INIT:CONT OFF;:LIST:MODE SEQ;:LIST:STIM:TYPE FREQ,NONE;:SOUR:DCS:VOLT:LEV 0;:TRIG:DEL 0;:TRIG:SOUR INT;:TRIG:TDEL 0;:DISP:WIND:TEXT1:DATA:FMSD:STAT OFF;:DISP:WIND:TEXT2:DATA:FMSD:STAT OFF;:FUNC:DCR:RANG:VAL 100;:FUNC:IMP:RANG:VAL 0.1;:OUTP:DC:ISOL:LEV:VAL 0.1;:OUTP:DC:ISOL:STAT OFF;:FUNC:DCR:RANG:AUTO ON;:FUNC:IMP:RANG:AUTO ON;:OUTP:DC:ISOL:LEV:AUTO ON;:DISP:PAGE MEASurement;
"
2022-09-16,14:21:23
---------run finished---------
lcr name:,KeySight E4980A
Name and description of Resistor under test: ,BM6
GPIB source:,<bound method MessageBasedResource.read of <'GPIBInstrument'('GPIB0::17::INSTR')>>
2022-09-16,14:23:36
select the freq range,"[50, 100, 200, 300, 500, 800, 1000, 1591.5494309189535, 2000, 3000, 5000]"
50.0,6.248959078e-07,0.06525444148
50.0,6.135391682e-07,0.06524826415
50.0,6.126380244e-07,0.06524018953
50.0,6.200757162e-07,0.06523390809
50.0,6.216257115e-07,0.06523023798
50.0,6.170377377e-07,0.06522479761
50.0,6.114611548e-07,0.06522218809
50.0,6.11022336e-07,0.06521873785
50.0,6.104985718e-07,0.06521754506
50.0,6.196727023e-07,0.06521619588
50.0,6.297898982e-07,0.06521362727
50.0,6.213810244e-07,0.06520616595
50.0,6.103995024e-07,0.0652259229
50.0,6.139725102e-07,0.06522108528
50.0,6.248188916e-07,0.0652168736
50.0,6.284892354e-07,0.06521122105
Freq,50,Rs,0.06522508761062501,1.337110556182713e-05,Ls,6.182073808062501e-07,6.559226699658133e-09
":SOUR:DCS:STAT OFF;:BIAS:STAT OFF;:COMP:BIN:COUN:CLE;:LIST:CLE:ALL;:COMP:BIN:CLE;:AMPL:ALC ON;:APER LONG,16;:BIAS:POL:AUTO OFF;:BIAS:RANG:AUTO ON;:BIAS:VOLT:LEV 0;:COMP:ABIN OFF;:COMP:BIN:COUN:STAT OFF;:COMP:MODE PTOL;:COMP:SLIM -9.9e+037,9.9e+037;:COMP:STAT OFF;:COMP:SWAP OFF;:COMP:TOL:NOM 0;:CURR:LEV 0.1;:DISP:ENAB ON;:DISP:LINE """";:DISP:WIND:TEXT1:DATA:FMSD:DATA 1e-009;:DISP:WIND:TEXT2:DATA:FMSD:DATA 1e-009;:FORM:ASC:LONG ON;:FORM:BORD NORM;:FORM:DATA ASC,64;:FREQ:CW 50;:FUNC:DEV1:MODE OFF;:FUNC:DEV1:REF:VAL 0;:FUNC:DEV2:MODE OFF;:FUNC:DEV2:REF:VAL 0;:FUNC:IMP:TYPE LSRS;:FUNC:SMON:IDC:STAT OFF;:FUNC:SMON:VDC:STAT OFF;:INIT:CONT OFF;:LIST:MODE SEQ;:LIST:STIM:TYPE FREQ,NONE;:SOUR:DCS:VOLT:LEV 0;:TRIG:DEL 0;:TRIG:SOUR INT;:TRIG:TDEL 0;:DISP:WIND:TEXT1:DATA:FMSD:STAT OFF;:DISP:WIND:TEXT2:DATA:FMSD:STAT OFF;:FUNC:DCR:RANG:VAL 100;:FUNC:IMP:RANG:VAL 0.1;:OUTP:DC:ISOL:LEV:VAL 0.1;:OUTP:DC:ISOL:STAT OFF;:FUNC:DCR:RANG:AUTO ON;:FUNC:IMP:RANG:AUTO ON;:OUTP:DC:ISOL:LEV:AUTO ON;:DISP:PAGE MEASurement;
"
100.0,5.879418969e-07,0.06518277285
100.0,5.878049124e-07,0.06517944954
100.0,5.880632833e-07,0.06517609478
100.0,5.885333506e-07,0.06517354511
100.0,5.875848144e-07,0.06517085073
100.0,5.880969895e-07,0.06516852819
100.0,5.878490683e-07,0.06516540495
100.0,5.879393501e-07,0.06516336736
100.0,5.880350396e-07,0.06516050588
100.0,5.871674866e-07,0.06515852738
100.0,5.875962798e-07,0.06515621704
100.0,5.87663945e-07,0.06515444625
100.0,5.881210401e-07,0.06515231185
100.0,5.884935161e-07,0.06515014986
100.0,5.879466801e-07,0.06514781674
100.0,5.883202855e-07,0.06514584832
Freq,100,Rs,0.065162864801875,1.152250264540971e-05,Ls,5.879473711437501e-07,3.490649250007287e-10
":SOUR:DCS:STAT OFF;:BIAS:STAT OFF;:COMP:BIN:COUN:CLE;:LIST:CLE:ALL;:COMP:BIN:CLE;:AMPL:ALC ON;:APER LONG,16;:BIAS:POL:AUTO OFF;:BIAS:RANG:AUTO ON;:BIAS:VOLT:LEV 0;:COMP:ABIN OFF;:COMP:BIN:COUN:STAT OFF;:COMP:MODE PTOL;:COMP:SLIM -9.9e+037,9.9e+037;:COMP:STAT OFF;:COMP:SWAP OFF;:COMP:TOL:NOM 0;:CURR:LEV 0.1;:DISP:ENAB ON;:DISP:LINE """";:DISP:WIND:TEXT1:DATA:FMSD:DATA 1e-009;:DISP:WIND:TEXT2:DATA:FMSD:DATA 1e-009;:FORM:ASC:LONG ON;:FORM:BORD NORM;:FORM:DATA ASC,64;:FREQ:CW 100;:FUNC:DEV1:MODE OFF;:FUNC:DEV1:REF:VAL 0;:FUNC:DEV2:MODE OFF;:FUNC:DEV2:REF:VAL 0;:FUNC:IMP:TYPE LSRS;:FUNC:SMON:IDC:STAT OFF;:FUNC:SMON:VDC:STAT OFF;:INIT:CONT OFF;:LIST:MODE SEQ;:LIST:STIM:TYPE FREQ,NONE;:SOUR:DCS:VOLT:LEV 0;:TRIG:DEL 0;:TRIG:SOUR INT;:TRIG:TDEL 0;:DISP:WIND:TEXT1:DATA:FMSD:STAT OFF;:DISP:WIND:TEXT2:DATA:FMSD:STAT OFF;:FUNC:DCR:RANG:VAL 100;:FUNC:IMP:RANG:VAL 0.1;:OUTP:DC:ISOL:LEV:VAL 0.1;:OUTP:DC:ISOL:STAT OFF;:FUNC:DCR:RANG:AUTO ON;:FUNC:IMP:RANG:AUTO ON;:OUTP:DC:ISOL:LEV:AUTO ON;:DISP:PAGE MEASurement;
"
200.0,5.879718501e-07,0.0651643117
200.0,5.878669462e-07,0.0651630805
200.0,5.882095009e-07,0.06516090641
200.0,5.880700665e-07,0.06515909431
200.0,5.879791661e-07,0.06515739872
200.0,5.879916772e-07,0.06515489885
200.0,5.879947976e-07,0.06515301676
200.0,5.880463839e-07,0.06515150928
200.0,5.879300071e-07,0.06523720463
200.0,5.879404274e-07,0.0652344729
200.0,5.881491712e-07,0.06526127029
200.0,5.880758693e-07,0.06525156856
200.0,5.881644653e-07,0.0652439058
200.0,5.882465725e-07,0.06523892972
200.0,5.880433337e-07,0.06523472816
200.0,5.881168728e-07,0.06523121528
Freq,200,Rs,0.06519984449187499,4.3859830097360025e-05,Ls,5.880498192375e-07,1.0649138078711946e-10
":SOUR:DCS:STAT OFF;:BIAS:STAT OFF;:COMP:BIN:COUN:CLE;:LIST:CLE:ALL;:COMP:BIN:CLE;:AMPL:ALC ON;:APER LONG,16;:BIAS:POL:AUTO OFF;:BIAS:RANG:AUTO ON;:BIAS:VOLT:LEV 0;:COMP:ABIN OFF;:COMP:BIN:COUN:STAT OFF;:COMP:MODE PTOL;:COMP:SLIM -9.9e+037,9.9e+037;:COMP:STAT OFF;:COMP:SWAP OFF;:COMP:TOL:NOM 0;:CURR:LEV 0.1;:DISP:ENAB ON;:DISP:LINE """";:DISP:WIND:TEXT1:DATA:FMSD:DATA 1e-009;:DISP:WIND:TEXT2:DATA:FMSD:DATA 1e-009;:FORM:ASC:LONG ON;:FORM:BORD NORM;:FORM:DATA ASC,64;:FREQ:CW 200;:FUNC:DEV1:MODE OFF;:FUNC:DEV1:REF:VAL 0;:FUNC:DEV2:MODE OFF;:FUNC:DEV2:REF:VAL 0;:FUNC:IMP:TYPE LSRS;:FUNC:SMON:IDC:STAT OFF;:FUNC:SMON:VDC:STAT OFF;:INIT:CONT OFF;:LIST:MODE SEQ;:LIST:STIM:TYPE FREQ,NONE;:SOUR:DCS:VOLT:LEV 0;:TRIG:DEL 0;:TRIG:SOUR INT;:TRIG:TDEL 0;:DISP:WIND:TEXT1:DATA:FMSD:STAT OFF;:DISP:WIND:TEXT2:DATA:FMSD:STAT OFF;:FUNC:DCR:RANG:VAL 100;:FUNC:IMP:RANG:VAL 0.1;:OUTP:DC:ISOL:LEV:VAL 0.1;:OUTP:DC:ISOL:STAT OFF;:FUNC:DCR:RANG:AUTO ON;:FUNC:IMP:RANG:AUTO ON;:OUTP:DC:ISOL:LEV:AUTO ON;:DISP:PAGE MEASurement;
"
300.0,5.778961413e-07,0.06523114837
300.0,5.77946773e-07,0.06522856618
300.0,5.777035966e-07,0.06522631639
300.0,5.778109001e-07,0.06522381019
300.0,5.777672226e-07,0.06522155165
300.0,5.778782773e-07,0.06521935888
300.0,5.778149895e-07,0.06521710199
300.0,5.779163372e-07,0.06521512951
300.0,5.777777479e-07,0.06521362819
300.0,5.776978045e-07,0.0652119474
300.0,5.778584891e-07,0.06521001064
300.0,5.777078536e-07,0.06520829252
300.0,5.777421275e-07,0.06520735648
300.0,5.777897376e-07,0.06520524424
300.0,5.77776728e-07,0.06520415635
300.0,5.777026506e-07,0.06520248981
Freq,300,Rs,0.065215381799375,9.030651729944514e-06,Ls,5.77799211025e-07,8.061128902015488e-11
":SOUR:DCS:STAT OFF;:BIAS:STAT OFF;:COMP:BIN:COUN:CLE;:LIST:CLE:ALL;:COMP:BIN:CLE;:AMPL:ALC ON;:APER LONG,16;:BIAS:POL:AUTO OFF;:BIAS:RANG:AUTO ON;:BIAS:VOLT:LEV 0;:COMP:ABIN OFF;:COMP:BIN:COUN:STAT OFF;:COMP:MODE PTOL;:COMP:SLIM -9.9e+037,9.9e+037;:COMP:STAT OFF;:COMP:SWAP OFF;:COMP:TOL:NOM 0;:CURR:LEV 0.1;:DISP:ENAB ON;:DISP:LINE """";:DISP:WIND:TEXT1:DATA:FMSD:DATA 1e-009;:DISP:WIND:TEXT2:DATA:FMSD:DATA 1e-009;:FORM:ASC:LONG ON;:FORM:BORD NORM;:FORM:DATA ASC,64;:FREQ:CW 300;:FUNC:DEV1:MODE OFF;:FUNC:DEV1:REF:VAL 0;:FUNC:DEV2:MODE OFF;:FUNC:DEV2:REF:VAL 0;:FUNC:IMP:TYPE LSRS;:FUNC:SMON:IDC:STAT OFF;:FUNC:SMON:VDC:STAT OFF;:INIT:CONT OFF;:LIST:MODE SEQ;:LIST:STIM:TYPE FREQ,NONE;:SOUR:DCS:VOLT:LEV 0;:TRIG:DEL 0;:TRIG:SOUR INT;:TRIG:TDEL 0;:DISP:WIND:TEXT1:DATA:FMSD:STAT OFF;:DISP:WIND:TEXT2:DATA:FMSD:STAT OFF;:FUNC:DCR:RANG:VAL 100;:FUNC:IMP:RANG:VAL 0.1;:OUTP:DC:ISOL:LEV:VAL 0.1;:OUTP:DC:ISOL:STAT OFF;:FUNC:DCR:RANG:AUTO ON;:FUNC:IMP:RANG:AUTO ON;:OUTP:DC:ISOL:LEV:AUTO ON;:DISP:PAGE MEASurement;
"
500.0,5.727483887e-07,0.06521058319
500.0,5.727644267e-07,0.06520974316
500.0,5.727575308e-07,0.06520875665
500.0,5.727708455e-07,0.06520753885
500.0,5.726757086e-07,0.06520652191
500.0,5.727514481e-07,0.06520556981
500.0,5.728158744e-07,0.06520452599
500.0,5.72649821e-07,0.0652032813
500.0,5.726958922e-07,0.06520233472
500.0,5.727906823e-07,0.06520153476
500.0,5.727793462e-07,0.06520086588
500.0,5.727541941e-07,0.06519997105
500.0,5.727403207e-07,0.06519893143
500.0,5.727581437e-07,0.06519788579
500.0,5.727535329e-07,0.06519691183
500.0,5.728122747e-07,0.06519598298
Freq,500,Rs,0.06520318370625,4.639842369390287e-06,Ls,5.727511519125e-07,4.478797672659591e-11
":SOUR:DCS:STAT OFF;:BIAS:STAT OFF;:COMP:BIN:COUN:CLE;:LIST:CLE:ALL;:COMP:BIN:CLE;:AMPL:ALC ON;:APER LONG,16;:BIAS:POL:AUTO OFF;:BIAS:RANG:AUTO ON;:BIAS:VOLT:LEV 0;:COMP:ABIN OFF;:COMP:BIN:COUN:STAT OFF;:COMP:MODE PTOL;:COMP:SLIM -9.9e+037,9.9e+037;:COMP:STAT OFF;:COMP:SWAP OFF;:COMP:TOL:NOM 0;:CURR:LEV 0.1;:DISP:ENAB ON;:DISP:LINE """";:DISP:WIND:TEXT1:DATA:FMSD:DATA 1e-009;:DISP:WIND:TEXT2:DATA:FMSD:DATA 1e-009;:FORM:ASC:LONG ON;:FORM:BORD NORM;:FORM:DATA ASC,64;:FREQ:CW 500;:FUNC:DEV1:MODE OFF;:FUNC:DEV1:REF:VAL 0;:FUNC:DEV2:MODE OFF;:FUNC:DEV2:REF:VAL 0;:FUNC:IMP:TYPE LSRS;:FUNC:SMON:IDC:STAT OFF;:FUNC:SMON:VDC:STAT OFF;:INIT:CONT OFF;:LIST:MODE SEQ;:LIST:STIM:TYPE FREQ,NONE;:SOUR:DCS:VOLT:LEV 0;:TRIG:DEL 0;:TRIG:SOUR INT;:TRIG:TDEL 0;:DISP:WIND:TEXT1:DATA:FMSD:STAT OFF;:DISP:WIND:TEXT2:DATA:FMSD:STAT OFF;:FUNC:DCR:RANG:VAL 100;:FUNC:IMP:RANG:VAL 0.1;:OUTP:DC:ISOL:LEV:VAL 0.1;:OUTP:DC:ISOL:STAT OFF;:FUNC:DCR:RANG:AUTO ON;:FUNC:IMP:RANG:AUTO ON;:OUTP:DC:ISOL:LEV:AUTO ON;:DISP:PAGE MEASurement;
"
800.0,5.713288803e-07,0.0652013957
800.0,5.713602538e-07,0.06520056946
800.0,5.713478114e-07,0.06520004443
800.0,5.713200089e-07,0.06519904971
800.0,5.713620398e-07,0.06519823335
800.0,5.713350821e-07,0.06519747632
800.0,5.713509652e-07,0.06519650376
800.0,5.713257032e-07,0.06519605475
800.0,5.713695988e-07,0.06519577469
800.0,5.71326082e-07,0.06519480302
800.0,5.713665245e-07,0.06519451521
800.0,5.713444273e-07,0.06519363755
800.0,5.713646935e-07,0.06519312057
800.0,5.713403695e-07,0.06519259872
800.0,5.713622627e-07,0.06519218449
800.0,5.713344956e-07,0.06519160896
Freq,800,Rs,0.065196098168125,3.118654730611881e-06,Ls,5.713461999125e-07,1.661898041685841e-11
":SOUR:DCS:STAT OFF;:BIAS:STAT OFF;:COMP:BIN:COUN:CLE;:LIST:CLE:ALL;:COMP:BIN:CLE;:AMPL:ALC ON;:APER LONG,16;:BIAS:POL:AUTO OFF;:BIAS:RANG:AUTO ON;:BIAS:VOLT:LEV 0;:COMP:ABIN OFF;:COMP:BIN:COUN:STAT OFF;:COMP:MODE PTOL;:COMP:SLIM -9.9e+037,9.9e+037;:COMP:STAT OFF;:COMP:SWAP OFF;:COMP:TOL:NOM 0;:CURR:LEV 0.1;:DISP:ENAB ON;:DISP:LINE """";:DISP:WIND:TEXT1:DATA:FMSD:DATA 1e-009;:DISP:WIND:TEXT2:DATA:FMSD:DATA 1e-009;:FORM:ASC:LONG ON;:FORM:BORD NORM;:FORM:DATA ASC,64;:FREQ:CW 800;:FUNC:DEV1:MODE OFF;:FUNC:DEV1:REF:VAL 0;:FUNC:DEV2:MODE OFF;:FUNC:DEV2:REF:VAL 0;:FUNC:IMP:TYPE LSRS;:FUNC:SMON:IDC:STAT OFF;:FUNC:SMON:VDC:STAT OFF;:INIT:CONT OFF;:LIST:MODE SEQ;:LIST:STIM:TYPE FREQ,NONE;:SOUR:DCS:VOLT:LEV 0;:TRIG:DEL 0;:TRIG:SOUR INT;:TRIG:TDEL 0;:DISP:WIND:TEXT1:DATA:FMSD:STAT OFF;:DISP:WIND:TEXT2:DATA:FMSD:STAT OFF;:FUNC:DCR:RANG:VAL 100;:FUNC:IMP:RANG:VAL 0.1;:OUTP:DC:ISOL:LEV:VAL 0.1;:OUTP:DC:ISOL:STAT OFF;:FUNC:DCR:RANG:AUTO ON;:FUNC:IMP:RANG:AUTO ON;:OUTP:DC:ISOL:LEV:AUTO ON;:DISP:PAGE MEASurement;
"
1000.0,5.707122192e-07,0.06518295879
1000.0,5.70704651e-07,0.0651826712
1000.0,5.707299638e-07,0.06518211462
1000.0,5.707522094e-07,0.06518185303
1000.0,5.707221165e-07,0.06518109154
1000.0,5.707448622e-07,0.06518008414
1000.0,5.707432066e-07,0.06517929971
1000.0,5.707497009e-07,0.06517844864
1000.0,5.707298048e-07,0.06517741115
1000.0,5.70733321e-07,0.06517657688
1000.0,5.707240326e-07,0.06517563388
1000.0,5.707395125e-07,0.06517450411
1000.0,5.70749047e-07,0.06517351844
1000.0,5.7073818e-07,0.06517237437
1000.0,5.707142417e-07,0.06517160126
1000.0,5.70688349e-07,0.06517091348
Freq,1000,Rs,0.06517756595249999,4.115414849806256e-06,Ls,5.707297136375e-07,1.7974509265707773e-11
":SOUR:DCS:STAT OFF;:BIAS:STAT OFF;:COMP:BIN:COUN:CLE;:LIST:CLE:ALL;:COMP:BIN:CLE;:AMPL:ALC ON;:APER LONG,16;:BIAS:POL:AUTO OFF;:BIAS:RANG:AUTO ON;:BIAS:VOLT:LEV 0;:COMP:ABIN OFF;:COMP:BIN:COUN:STAT OFF;:COMP:MODE PTOL;:COMP:SLIM -9.9e+037,9.9e+037;:COMP:STAT OFF;:COMP:SWAP OFF;:COMP:TOL:NOM 0;:CURR:LEV 0.1;:DISP:ENAB ON;:DISP:LINE """";:DISP:WIND:TEXT1:DATA:FMSD:DATA 1e-009;:DISP:WIND:TEXT2:DATA:FMSD:DATA 1e-009;:FORM:ASC:LONG ON;:FORM:BORD NORM;:FORM:DATA ASC,64;:FREQ:CW 1000;:FUNC:DEV1:MODE OFF;:FUNC:DEV1:REF:VAL 0;:FUNC:DEV2:MODE OFF;:FUNC:DEV2:REF:VAL 0;:FUNC:IMP:TYPE LSRS;:FUNC:SMON:IDC:STAT OFF;:FUNC:SMON:VDC:STAT OFF;:INIT:CONT OFF;:LIST:MODE SEQ;:LIST:STIM:TYPE FREQ,NONE;:SOUR:DCS:VOLT:LEV 0;:TRIG:DEL 0;:TRIG:SOUR INT;:TRIG:TDEL 0;:DISP:WIND:TEXT1:DATA:FMSD:STAT OFF;:DISP:WIND:TEXT2:DATA:FMSD:STAT OFF;:FUNC:DCR:RANG:VAL 100;:FUNC:IMP:RANG:VAL 0.1;:OUTP:DC:ISOL:LEV:VAL 0.1;:OUTP:DC:ISOL:STAT OFF;:FUNC:DCR:RANG:AUTO ON;:FUNC:IMP:RANG:AUTO ON;:OUTP:DC:ISOL:LEV:AUTO ON;:DISP:PAGE MEASurement;
"
1591.5494309189535,5.708906698e-07,0.06517103673
1591.5494309189535,5.70897179e-07,0.06517028708
1591.5494309189535,5.7090956e-07,0.06516964947
1591.5494309189535,5.709032827e-07,0.06516911301
1591.5494309189535,5.709040433e-07,0.06516814296
1591.5494309189535,5.7089393e-07,0.06516723885
1591.5494309189535,5.709086782e-07,0.06516632866
1591.5494309189535,5.708985164e-07,0.06516571251
1591.5494309189535,5.708989528e-07,0.06516474321
1591.5494309189535,5.708826499e-07,0.06516362636
1591.5494309189535,5.709028386e-07,0.06516256073
1591.5494309189535,5.709106723e-07,0.06516168729
1591.5494309189535,5.70926483e-07,0.0651610731
1591.5494309189535,5.709001185e-07,0.06516024608
1591.5494309189535,5.708774349e-07,0.06515975853
1591.5494309189535,5.708995055e-07,0.0651596769
Freq,1591.5494309189535,Rs,0.065165055091875,3.939123874526792e-06,Ls,5.7090028218125e-07,1.1435271767367682e-11
":SOUR:DCS:STAT OFF;:BIAS:STAT OFF;:COMP:BIN:COUN:CLE;:LIST:CLE:ALL;:COMP:BIN:CLE;:AMPL:ALC ON;:APER LONG,16;:BIAS:POL:AUTO OFF;:BIAS:RANG:AUTO ON;:BIAS:VOLT:LEV 0;:COMP:ABIN OFF;:COMP:BIN:COUN:STAT OFF;:COMP:MODE PTOL;:COMP:SLIM -9.9e+037,9.9e+037;:COMP:STAT OFF;:COMP:SWAP OFF;:COMP:TOL:NOM 0;:CURR:LEV 0.1;:DISP:ENAB ON;:DISP:LINE """";:DISP:WIND:TEXT1:DATA:FMSD:DATA 1e-009;:DISP:WIND:TEXT2:DATA:FMSD:DATA 1e-009;:FORM:ASC:LONG ON;:FORM:BORD NORM;:FORM:DATA ASC,64;:FREQ:CW 1592;:FUNC:DEV1:MODE OFF;:FUNC:DEV1:REF:VAL 0;:FUNC:DEV2:MODE OFF;:FUNC:DEV2:REF:VAL 0;:FUNC:IMP:TYPE LSRS;:FUNC:SMON:IDC:STAT OFF;:FUNC:SMON:VDC:STAT OFF;:INIT:CONT OFF;:LIST:MODE SEQ;:LIST:STIM:TYPE FREQ,NONE;:SOUR:DCS:VOLT:LEV 0;:TRIG:DEL 0;:TRIG:SOUR INT;:TRIG:TDEL 0;:DISP:WIND:TEXT1:DATA:FMSD:STAT OFF;:DISP:WIND:TEXT2:DATA:FMSD:STAT OFF;:FUNC:DCR:RANG:VAL 100;:FUNC:IMP:RANG:VAL 0.1;:OUTP:DC:ISOL:LEV:VAL 0.1;:OUTP:DC:ISOL:STAT OFF;:FUNC:DCR:RANG:AUTO ON;:FUNC:IMP:RANG:AUTO ON;:OUTP:DC:ISOL:LEV:AUTO ON;:DISP:PAGE MEASurement;
"
2000.0,5.713841303e-07,0.06516608318
2000.0,5.713909285e-07,0.06516590173
2000.0,5.713712813e-07,0.06516585427
2000.0,5.713732468e-07,0.06516588242
2000.0,5.713846399e-07,0.06516555117
2000.0,5.713872008e-07,0.06516534649
2000.0,5.713740182e-07,0.06516523902
2000.0,5.713644015e-07,0.06516467613
2000.0,5.713720617e-07,0.06516482278
2000.0,5.71385973e-07,0.06516469253
2000.0,5.713901576e-07,0.06516452854
2000.0,5.713854543e-07,0.06516416347
2000.0,5.713584969e-07,0.06516380777
2000.0,5.713712535e-07,0.06516323977
2000.0,5.713670444e-07,0.06516309833
2000.0,5.713861259e-07,0.06516251573
Freq,2000,Rs,0.06516471270812499,1.0989658237717101e-06,Ls,5.713779009124999e-07,1.0053085494041153e-11
":SOUR:DCS:STAT OFF;:BIAS:STAT OFF;:COMP:BIN:COUN:CLE;:LIST:CLE:ALL;:COMP:BIN:CLE;:AMPL:ALC ON;:APER LONG,16;:BIAS:POL:AUTO OFF;:BIAS:RANG:AUTO ON;:BIAS:VOLT:LEV 0;:COMP:ABIN OFF;:COMP:BIN:COUN:STAT OFF;:COMP:MODE PTOL;:COMP:SLIM -9.9e+037,9.9e+037;:COMP:STAT OFF;:COMP:SWAP OFF;:COMP:TOL:NOM 0;:CURR:LEV 0.1;:DISP:ENAB ON;:DISP:LINE """";:DISP:WIND:TEXT1:DATA:FMSD:DATA 1e-009;:DISP:WIND:TEXT2:DATA:FMSD:DATA 1e-009;:FORM:ASC:LONG ON;:FORM:BORD NORM;:FORM:DATA ASC,64;:FREQ:CW 2000;:FUNC:DEV1:MODE OFF;:FUNC:DEV1:REF:VAL 0;:FUNC:DEV2:MODE OFF;:FUNC:DEV2:REF:VAL 0;:FUNC:IMP:TYPE LSRS;:FUNC:SMON:IDC:STAT OFF;:FUNC:SMON:VDC:STAT OFF;:INIT:CONT OFF;:LIST:MODE SEQ;:LIST:STIM:TYPE FREQ,NONE;:SOUR:DCS:VOLT:LEV 0;:TRIG:DEL 0;:TRIG:SOUR INT;:TRIG:TDEL 0;:DISP:WIND:TEXT1:DATA:FMSD:STAT OFF;:DISP:WIND:TEXT2:DATA:FMSD:STAT OFF;:FUNC:DCR:RANG:VAL 100;:FUNC:IMP:RANG:VAL 0.1;:OUTP:DC:ISOL:LEV:VAL 0.1;:OUTP:DC:ISOL:STAT OFF;:FUNC:DCR:RANG:AUTO ON;:FUNC:IMP:RANG:AUTO ON;:OUTP:DC:ISOL:LEV:AUTO ON;:DISP:PAGE MEASurement;
"
3000.0,5.715403436e-07,0.06516801382
3000.0,5.715887707e-07,0.06516718094
3000.0,5.715535191e-07,0.06516677799
3000.0,5.715780193e-07,0.06516647298
3000.0,5.715549725e-07,0.06516570728
3000.0,5.715427676e-07,0.0651653515
3000.0,5.715565257e-07,0.0651645465
3000.0,5.71569551e-07,0.06516394835
3000.0,5.71600937e-07,0.06516347157
3000.0,5.715364052e-07,0.06516306639
3000.0,5.715513169e-07,0.06516208305
3000.0,5.715451604e-07,0.06516152824
3000.0,5.715490632e-07,0.06516059581
3000.0,5.715756387e-07,0.0651602594
3000.0,5.715518711e-07,0.06515917902
3000.0,5.715650134e-07,0.06515839902
Freq,3000,Rs,0.06516353636625,2.9753874782413464e-06,Ls,5.715599922125e-07,1.823897926682015e-11
":SOUR:DCS:STAT OFF;:BIAS:STAT OFF;:COMP:BIN:COUN:CLE;:LIST:CLE:ALL;:COMP:BIN:CLE;:AMPL:ALC ON;:APER LONG,16;:BIAS:POL:AUTO OFF;:BIAS:RANG:AUTO ON;:BIAS:VOLT:LEV 0;:COMP:ABIN OFF;:COMP:BIN:COUN:STAT OFF;:COMP:MODE PTOL;:COMP:SLIM -9.9e+037,9.9e+037;:COMP:STAT OFF;:COMP:SWAP OFF;:COMP:TOL:NOM 0;:CURR:LEV 0.1;:DISP:ENAB ON;:DISP:LINE """";:DISP:WIND:TEXT1:DATA:FMSD:DATA 1e-009;:DISP:WIND:TEXT2:DATA:FMSD:DATA 1e-009;:FORM:ASC:LONG ON;:FORM:BORD NORM;:FORM:DATA ASC,64;:FREQ:CW 3000;:FUNC:DEV1:MODE OFF;:FUNC:DEV1:REF:VAL 0;:FUNC:DEV2:MODE OFF;:FUNC:DEV2:REF:VAL 0;:FUNC:IMP:TYPE LSRS;:FUNC:SMON:IDC:STAT OFF;:FUNC:SMON:VDC:STAT OFF;:INIT:CONT OFF;:LIST:MODE SEQ;:LIST:STIM:TYPE FREQ,NONE;:SOUR:DCS:VOLT:LEV 0;:TRIG:DEL 0;:TRIG:SOUR INT;:TRIG:TDEL 0;:DISP:WIND:TEXT1:DATA:FMSD:STAT OFF;:DISP:WIND:TEXT2:DATA:FMSD:STAT OFF;:FUNC:DCR:RANG:VAL 100;:FUNC:IMP:RANG:VAL 0.1;:OUTP:DC:ISOL:LEV:VAL 0.1;:OUTP:DC:ISOL:STAT OFF;:FUNC:DCR:RANG:AUTO ON;:FUNC:IMP:RANG:AUTO ON;:OUTP:DC:ISOL:LEV:AUTO ON;:DISP:PAGE MEASurement;
"
5000.0,5.712411712e-07,0.06521136654
5000.0,5.712449728e-07,0.06521075098
5000.0,5.7124699e-07,0.06520976027
5000.0,5.712544519e-07,0.06520908481
5000.0,5.712365081e-07,0.06520810591
5000.0,5.712549953e-07,0.06520734482
5000.0,5.71247491e-07,0.06520724242
5000.0,5.712354228e-07,0.06520661079
5000.0,5.712535419e-07,0.06520617909
5000.0,5.712394382e-07,0.06520574465
5000.0,5.712455155e-07,0.06520474075
5000.0,5.712434551e-07,0.06520450977
5000.0,5.712492848e-07,0.0652038691
5000.0,5.712441709e-07,0.06520279309
5000.0,5.712483858e-07,0.06520217893
5000.0,5.712365631e-07,0.06520244852
Freq,5000,Rs,0.06520642065250001,2.901706446549645e-06,Ls,5.712451474e-07,6.249264145917855e-12
":SOUR:DCS:STAT OFF;:BIAS:STAT OFF;:COMP:BIN:COUN:CLE;:LIST:CLE:ALL;:COMP:BIN:CLE;:AMPL:ALC ON;:APER LONG,16;:BIAS:POL:AUTO OFF;:BIAS:RANG:AUTO ON;:BIAS:VOLT:LEV 0;:COMP:ABIN OFF;:COMP:BIN:COUN:STAT OFF;:COMP:MODE PTOL;:COMP:SLIM -9.9e+037,9.9e+037;:COMP:STAT OFF;:COMP:SWAP OFF;:COMP:TOL:NOM 0;:CURR:LEV 0.1;:DISP:ENAB ON;:DISP:LINE """";:DISP:WIND:TEXT1:DATA:FMSD:DATA 1e-009;:DISP:WIND:TEXT2:DATA:FMSD:DATA 1e-009;:FORM:ASC:LONG ON;:FORM:BORD NORM;:FORM:DATA ASC,64;:FREQ:CW 5000;:FUNC:DEV1:MODE OFF;:FUNC:DEV1:REF:VAL 0;:FUNC:DEV2:MODE OFF;:FUNC:DEV2:REF:VAL 0;:FUNC:IMP:TYPE LSRS;:FUNC:SMON:IDC:STAT OFF;:FUNC:SMON:VDC:STAT OFF;:INIT:CONT OFF;:LIST:MODE SEQ;:LIST:STIM:TYPE FREQ,NONE;:SOUR:DCS:VOLT:LEV 0;:TRIG:DEL 0;:TRIG:SOUR INT;:TRIG:TDEL 0;:DISP:WIND:TEXT1:DATA:FMSD:STAT OFF;:DISP:WIND:TEXT2:DATA:FMSD:STAT OFF;:FUNC:DCR:RANG:VAL 100;:FUNC:IMP:RANG:VAL 0.1;:OUTP:DC:ISOL:LEV:VAL 0.1;:OUTP:DC:ISOL:STAT OFF;:FUNC:DCR:RANG:AUTO ON;:FUNC:IMP:RANG:AUTO ON;:OUTP:DC:ISOL:LEV:AUTO ON;:DISP:PAGE MEASurement;
"
":SOUR:DCS:STAT OFF;:BIAS:STAT OFF;:COMP:BIN:COUN:CLE;:LIST:CLE:ALL;:COMP:BIN:CLE;:AMPL:ALC ON;:APER LONG,16;:BIAS:POL:AUTO OFF;:BIAS:RANG:AUTO ON;:BIAS:VOLT:LEV 0;:COMP:ABIN OFF;:COMP:BIN:COUN:STAT OFF;:COMP:MODE PTOL;:COMP:SLIM -9.9e+037,9.9e+037;:COMP:STAT OFF;:COMP:SWAP OFF;:COMP:TOL:NOM 0;:CURR:LEV 0.1;:DISP:ENAB ON;:DISP:LINE """";:DISP:WIND:TEXT1:DATA:FMSD:DATA 1e-009;:DISP:WIND:TEXT2:DATA:FMSD:DATA 1e-009;:FORM:ASC:LONG ON;:FORM:BORD NORM;:FORM:DATA ASC,64;:FREQ:CW 5000;:FUNC:DEV1:MODE OFF;:FUNC:DEV1:REF:VAL 0;:FUNC:DEV2:MODE OFF;:FUNC:DEV2:REF:VAL 0;:FUNC:IMP:TYPE LSRS;:FUNC:SMON:IDC:STAT OFF;:FUNC:SMON:VDC:STAT OFF;:INIT:CONT OFF;:LIST:MODE SEQ;:LIST:STIM:TYPE FREQ,NONE;:SOUR:DCS:VOLT:LEV 0;:TRIG:DEL 0;:TRIG:SOUR INT;:TRIG:TDEL 0;:DISP:WIND:TEXT1:DATA:FMSD:STAT OFF;:DISP:WIND:TEXT2:DATA:FMSD:STAT OFF;:FUNC:DCR:RANG:VAL 100;:FUNC:IMP:RANG:VAL 0.1;:OUTP:DC:ISOL:LEV:VAL 0.1;:OUTP:DC:ISOL:STAT OFF;:FUNC:DCR:RANG:AUTO ON;:FUNC:IMP:RANG:AUTO ON;:OUTP:DC:ISOL:LEV:AUTO ON;:DISP:PAGE MEASurement;
"
2022-09-16,14:34:53
---------run finished---------
lcr name:,KeySight E4980A
Name and description of Resistor under test: ,BM6R
GPIB source:,<bound method MessageBasedResource.read of <'GPIBInstrument'('GPIB0::17::INSTR')>>
2022-09-16,14:38:58
select the freq range,"[50, 100, 200, 300, 500, 800, 1000, 1591.5494309189535, 2000, 3000, 5000]"
50.0,6.279748252e-07,0.06511006286
50.0,6.26044906e-07,0.06510835154
50.0,6.162161598e-07,0.06510655973
50.0,6.117499265e-07,0.06510084418
50.0,6.255250188e-07,0.06509794101
50.0,6.243364424e-07,0.06510093618
50.0,6.109769053e-07,0.06509778495
50.0,6.118167132e-07,0.06510411634
50.0,6.117200633e-07,0.06510698427
50.0,6.110000107e-07,0.06510644873
50.0,6.199806762e-07,0.06510581773
50.0,6.258694805e-07,0.06510300822
50.0,6.291231476e-07,0.06509982101
50.0,6.301777161e-07,0.06509820292
50.0,6.284674686e-07,0.06509647955
50.0,6.265913976e-07,0.06509568277
Freq,50,Rs,0.065102440124375,4.575342793340626e-06,Ls,6.210981786124999e-07,7.514020401009865e-09
":SOUR:DCS:STAT OFF;:BIAS:STAT OFF;:COMP:BIN:COUN:CLE;:LIST:CLE:ALL;:COMP:BIN:CLE;:AMPL:ALC ON;:APER LONG,16;:BIAS:POL:AUTO OFF;:BIAS:RANG:AUTO ON;:BIAS:VOLT:LEV 0;:COMP:ABIN OFF;:COMP:BIN:COUN:STAT OFF;:COMP:MODE PTOL;:COMP:SLIM -9.9e+037,9.9e+037;:COMP:STAT OFF;:COMP:SWAP OFF;:COMP:TOL:NOM 0;:CURR:LEV 0.1;:DISP:ENAB ON;:DISP:LINE """";:DISP:WIND:TEXT1:DATA:FMSD:DATA 1e-009;:DISP:WIND:TEXT2:DATA:FMSD:DATA 1e-009;:FORM:ASC:LONG ON;:FORM:BORD NORM;:FORM:DATA ASC,64;:FREQ:CW 50;:FUNC:DEV1:MODE OFF;:FUNC:DEV1:REF:VAL 0;:FUNC:DEV2:MODE OFF;:FUNC:DEV2:REF:VAL 0;:FUNC:IMP:TYPE LSRS;:FUNC:SMON:IDC:STAT OFF;:FUNC:SMON:VDC:STAT OFF;:INIT:CONT OFF;:LIST:MODE SEQ;:LIST:STIM:TYPE FREQ,NONE;:SOUR:DCS:VOLT:LEV 0;:TRIG:DEL 0;:TRIG:SOUR INT;:TRIG:TDEL 0;:DISP:WIND:TEXT1:DATA:FMSD:STAT OFF;:DISP:WIND:TEXT2:DATA:FMSD:STAT OFF;:FUNC:DCR:RANG:VAL 100;:FUNC:IMP:RANG:VAL 0.1;:OUTP:DC:ISOL:LEV:VAL 0.1;:OUTP:DC:ISOL:STAT OFF;:FUNC:DCR:RANG:AUTO ON;:FUNC:IMP:RANG:AUTO ON;:OUTP:DC:ISOL:LEV:AUTO ON;:DISP:PAGE MEASurement;
"
100.0,5.876940355e-07,0.0650680768
100.0,5.877563884e-07,0.06506570219
100.0,5.88580757e-07,0.06506334684
100.0,5.878317251e-07,0.06506112093
100.0,5.879157912e-07,0.06505896702
100.0,5.876763909e-07,0.06505747466
100.0,5.877806442e-07,0.06505490649
100.0,5.882019841e-07,0.06505290747
100.0,5.873491263e-07,0.0650508128
100.0,5.871637359e-07,0.06504924194
100.0,5.880756802e-07,0.06505370746
100.0,5.879808219e-07,0.06505329408
100.0,5.878232147e-07,0.06505028173
100.0,5.872812021e-07,0.06504884761
100.0,5.879743827e-07,0.06504720116
100.0,5.875223637e-07,0.06504544697
Freq,100,Rs,0.065055083509375,6.764008226315952e-06,Ls,5.877880152437501e-07,3.564706254408009e-10
":SOUR:DCS:STAT OFF;:BIAS:STAT OFF;:COMP:BIN:COUN:CLE;:LIST:CLE:ALL;:COMP:BIN:CLE;:AMPL:ALC ON;:APER LONG,16;:BIAS:POL:AUTO OFF;:BIAS:RANG:AUTO ON;:BIAS:VOLT:LEV 0;:COMP:ABIN OFF;:COMP:BIN:COUN:STAT OFF;:COMP:MODE PTOL;:COMP:SLIM -9.9e+037,9.9e+037;:COMP:STAT OFF;:COMP:SWAP OFF;:COMP:TOL:NOM 0;:CURR:LEV 0.1;:DISP:ENAB ON;:DISP:LINE """";:DISP:WIND:TEXT1:DATA:FMSD:DATA 1e-009;:DISP:WIND:TEXT2:DATA:FMSD:DATA 1e-009;:FORM:ASC:LONG ON;:FORM:BORD NORM;:FORM:DATA ASC,64;:FREQ:CW 100;:FUNC:DEV1:MODE OFF;:FUNC:DEV1:REF:VAL 0;:FUNC:DEV2:MODE OFF;:FUNC:DEV2:REF:VAL 0;:FUNC:IMP:TYPE LSRS;:FUNC:SMON:IDC:STAT OFF;:FUNC:SMON:VDC:STAT OFF;:INIT:CONT OFF;:LIST:MODE SEQ;:LIST:STIM:TYPE FREQ,NONE;:SOUR:DCS:VOLT:LEV 0;:TRIG:DEL 0;:TRIG:SOUR INT;:TRIG:TDEL 0;:DISP:WIND:TEXT1:DATA:FMSD:STAT OFF;:DISP:WIND:TEXT2:DATA:FMSD:STAT OFF;:FUNC:DCR:RANG:VAL 100;:FUNC:IMP:RANG:VAL 0.1;:OUTP:DC:ISOL:LEV:VAL 0.1;:OUTP:DC:ISOL:STAT OFF;:FUNC:DCR:RANG:AUTO ON;:FUNC:IMP:RANG:AUTO ON;:OUTP:DC:ISOL:LEV:AUTO ON;:DISP:PAGE MEASurement;
"
200.0,5.875349877e-07,0.06506457199
200.0,5.876553975e-07,0.06506265316
200.0,5.876835205e-07,0.06506139993
200.0,5.874222164e-07,0.06506029162
200.0,5.876283092e-07,0.06505869687
200.0,5.874837433e-07,0.06505788687
200.0,5.872491452e-07,0.06505689977
200.0,5.874431243e-07,0.06505574033
200.0,5.876321438e-07,0.06505470541
200.0,5.874827607e-07,0.06505372431
200.0,5.874047704e-07,0.06505248115
200.0,5.876221478e-07,0.06505113656
200.0,5.87680525e-07,0.06504993375
200.0,5.87744374e-07,0.0650489087
200.0,5.875865747e-07,0.06504786197
200.0,5.879120973e-07,0.06504695868
Freq,200,Rs,0.065055240691875,5.451332698509758e-06,Ls,5.875728648625e-07,1.5799149987637832e-10
":SOUR:DCS:STAT OFF;:BIAS:STAT OFF;:COMP:BIN:COUN:CLE;:LIST:CLE:ALL;:COMP:BIN:CLE;:AMPL:ALC ON;:APER LONG,16;:BIAS:POL:AUTO OFF;:BIAS:RANG:AUTO ON;:BIAS:VOLT:LEV 0;:COMP:ABIN OFF;:COMP:BIN:COUN:STAT OFF;:COMP:MODE PTOL;:COMP:SLIM -9.9e+037,9.9e+037;:COMP:STAT OFF;:COMP:SWAP OFF;:COMP:TOL:NOM 0;:CURR:LEV 0.1;:DISP:ENAB ON;:DISP:LINE """";:DISP:WIND:TEXT1:DATA:FMSD:DATA 1e-009;:DISP:WIND:TEXT2:DATA:FMSD:DATA 1e-009;:FORM:ASC:LONG ON;:FORM:BORD NORM;:FORM:DATA ASC,64;:FREQ:CW 200;:FUNC:DEV1:MODE OFF;:FUNC:DEV1:REF:VAL 0;:FUNC:DEV2:MODE OFF;:FUNC:DEV2:REF:VAL 0;:FUNC:IMP:TYPE LSRS;:FUNC:SMON:IDC:STAT OFF;:FUNC:SMON:VDC:STAT OFF;:INIT:CONT OFF;:LIST:MODE SEQ;:LIST:STIM:TYPE FREQ,NONE;:SOUR:DCS:VOLT:LEV 0;:TRIG:DEL 0;:TRIG:SOUR INT;:TRIG:TDEL 0;:DISP:WIND:TEXT1:DATA:FMSD:STAT OFF;:DISP:WIND:TEXT2:DATA:FMSD:STAT OFF;:FUNC:DCR:RANG:VAL 100;:FUNC:IMP:RANG:VAL 0.1;:OUTP:DC:ISOL:LEV:VAL 0.1;:OUTP:DC:ISOL:STAT OFF;:FUNC:DCR:RANG:AUTO ON;:FUNC:IMP:RANG:AUTO ON;:OUTP:DC:ISOL:LEV:AUTO ON;:DISP:PAGE MEASurement;
"
300.0,5.77315514e-07,0.06504982622
300.0,5.773982697e-07,0.06504800984
300.0,5.772993181e-07,0.06504719248
300.0,5.773307321e-07,0.06504574953
300.0,5.773095715e-07,0.06504440251
300.0,5.774399737e-07,0.06504309595
300.0,5.774457302e-07,0.06516599261
300.0,5.77604757e-07,0.06520884534
300.0,5.776424389e-07,0.06520427077
300.0,5.775538563e-07,0.06520089339
300.0,5.775389919e-07,0.06519832557
300.0,5.774896328e-07,0.0651963302
300.0,5.776103615e-07,0.06519434339
300.0,5.776321013e-07,0.06519265083
300.0,5.774957648e-07,0.06519635638
300.0,5.777226173e-07,0.06530151748
Freq,300,Rs,0.065146112655625,8.439572575790917e-05,Ls,5.774893519437499e-07,1.3399111903735398e-10
":SOUR:DCS:STAT OFF;:BIAS:STAT OFF;:COMP:BIN:COUN:CLE;:LIST:CLE:ALL;:COMP:BIN:CLE;:AMPL:ALC ON;:APER LONG,16;:BIAS:POL:AUTO OFF;:BIAS:RANG:AUTO ON;:BIAS:VOLT:LEV 0;:COMP:ABIN OFF;:COMP:BIN:COUN:STAT OFF;:COMP:MODE PTOL;:COMP:SLIM -9.9e+037,9.9e+037;:COMP:STAT OFF;:COMP:SWAP OFF;:COMP:TOL:NOM 0;:CURR:LEV 0.1;:DISP:ENAB ON;:DISP:LINE """";:DISP:WIND:TEXT1:DATA:FMSD:DATA 1e-009;:DISP:WIND:TEXT2:DATA:FMSD:DATA 1e-009;:FORM:ASC:LONG ON;:FORM:BORD NORM;:FORM:DATA ASC,64;:FREQ:CW 300;:FUNC:DEV1:MODE OFF;:FUNC:DEV1:REF:VAL 0;:FUNC:DEV2:MODE OFF;:FUNC:DEV2:REF:VAL 0;:FUNC:IMP:TYPE LSRS;:FUNC:SMON:IDC:STAT OFF;:FUNC:SMON:VDC:STAT OFF;:INIT:CONT OFF;:LIST:MODE SEQ;:LIST:STIM:TYPE FREQ,NONE;:SOUR:DCS:VOLT:LEV 0;:TRIG:DEL 0;:TRIG:SOUR INT;:TRIG:TDEL 0;:DISP:WIND:TEXT1:DATA:FMSD:STAT OFF;:DISP:WIND:TEXT2:DATA:FMSD:STAT OFF;:FUNC:DCR:RANG:VAL 100;:FUNC:IMP:RANG:VAL 0.1;:OUTP:DC:ISOL:LEV:VAL 0.1;:OUTP:DC:ISOL:STAT OFF;:FUNC:DCR:RANG:AUTO ON;:FUNC:IMP:RANG:AUTO ON;:OUTP:DC:ISOL:LEV:AUTO ON;:DISP:PAGE MEASurement;
"
500.0,5.726850901e-07,0.0652900529
500.0,5.726453805e-07,0.06528619448
500.0,5.726198012e-07,0.06528287643
500.0,5.725888827e-07,0.06527948871
500.0,5.725518119e-07,0.06527751357
500.0,5.726294001e-07,0.06527521962
500.0,5.725019284e-07,0.06527351052
500.0,5.725942134e-07,0.06527186947
500.0,5.726575801e-07,0.06527008687
500.0,5.725203579e-07,0.06526838146
500.0,5.725586757e-07,0.0652671088
500.0,5.726541703e-07,0.06526541144
500.0,5.726119697e-07,0.06526378221
500.0,5.726175416e-07,0.06526244637
500.0,5.725521392e-07,0.0652605818
500.0,5.725895146e-07,0.06525951364
Freq,500,Rs,0.065272127393125,9.215015550684178e-06,Ls,5.725986535875e-07,5.1495246576915954e-11
":SOUR:DCS:STAT OFF;:BIAS:STAT OFF;:COMP:BIN:COUN:CLE;:LIST:CLE:ALL;:COMP:BIN:CLE;:AMPL:ALC ON;:APER LONG,16;:BIAS:POL:AUTO OFF;:BIAS:RANG:AUTO ON;:BIAS:VOLT:LEV 0;:COMP:ABIN OFF;:COMP:BIN:COUN:STAT OFF;:COMP:MODE PTOL;:COMP:SLIM -9.9e+037,9.9e+037;:COMP:STAT OFF;:COMP:SWAP OFF;:COMP:TOL:NOM 0;:CURR:LEV 0.1;:DISP:ENAB ON;:DISP:LINE """";:DISP:WIND:TEXT1:DATA:FMSD:DATA 1e-009;:DISP:WIND:TEXT2:DATA:FMSD:DATA 1e-009;:FORM:ASC:LONG ON;:FORM:BORD NORM;:FORM:DATA ASC,64;:FREQ:CW 500;:FUNC:DEV1:MODE OFF;:FUNC:DEV1:REF:VAL 0;:FUNC:DEV2:MODE OFF;:FUNC:DEV2:REF:VAL 0;:FUNC:IMP:TYPE LSRS;:FUNC:SMON:IDC:STAT OFF;:FUNC:SMON:VDC:STAT OFF;:INIT:CONT OFF;:LIST:MODE SEQ;:LIST:STIM:TYPE FREQ,NONE;:SOUR:DCS:VOLT:LEV 0;:TRIG:DEL 0;:TRIG:SOUR INT;:TRIG:TDEL 0;:DISP:WIND:TEXT1:DATA:FMSD:STAT OFF;:DISP:WIND:TEXT2:DATA:FMSD:STAT OFF;:FUNC:DCR:RANG:VAL 100;:FUNC:IMP:RANG:VAL 0.1;:OUTP:DC:ISOL:LEV:VAL 0.1;:OUTP:DC:ISOL:STAT OFF;:FUNC:DCR:RANG:AUTO ON;:FUNC:IMP:RANG:AUTO ON;:OUTP:DC:ISOL:LEV:AUTO ON;:DISP:PAGE MEASurement;
"
800.0,5.712094226e-07,0.06526314433
800.0,5.712161918e-07,0.06526178468
800.0,5.712207885e-07,0.06526013402
800.0,5.712052695e-07,0.06525879016
800.0,5.712247516e-07,0.06525770567
800.0,5.712304148e-07,0.06525609801
800.0,5.71147881e-07,0.06525541308
800.0,5.711957815e-07,0.06525466115
800.0,5.71208641e-07,0.06525349174
800.0,5.711615792e-07,0.06525235998
800.0,5.712388695e-07,0.06525090102
800.0,5.711656625e-07,0.06525000601
800.0,5.711793053e-07,0.06524883494
800.0,5.712244999e-07,0.06524783269
800.0,5.71216569e-07,0.06524678875
800.0,5.71169398e-07,0.06524602688
Freq,800,Rs,0.06525399831937499,5.379896572042902e-06,Ls,5.712009391062501e-07,2.774757964195485e-11
":SOUR:DCS:STAT OFF;:BIAS:STAT OFF;:COMP:BIN:COUN:CLE;:LIST:CLE:ALL;:COMP:BIN:CLE;:AMPL:ALC ON;:APER LONG,16;:BIAS:POL:AUTO OFF;:BIAS:RANG:AUTO ON;:BIAS:VOLT:LEV 0;:COMP:ABIN OFF;:COMP:BIN:COUN:STAT OFF;:COMP:MODE PTOL;:COMP:SLIM -9.9e+037,9.9e+037;:COMP:STAT OFF;:COMP:SWAP OFF;:COMP:TOL:NOM 0;:CURR:LEV 0.1;:DISP:ENAB ON;:DISP:LINE """";:DISP:WIND:TEXT1:DATA:FMSD:DATA 1e-009;:DISP:WIND:TEXT2:DATA:FMSD:DATA 1e-009;:FORM:ASC:LONG ON;:FORM:BORD NORM;:FORM:DATA ASC,64;:FREQ:CW 800;:FUNC:DEV1:MODE OFF;:FUNC:DEV1:REF:VAL 0;:FUNC:DEV2:MODE OFF;:FUNC:DEV2:REF:VAL 0;:FUNC:IMP:TYPE LSRS;:FUNC:SMON:IDC:STAT OFF;:FUNC:SMON:VDC:STAT OFF;:INIT:CONT OFF;:LIST:MODE SEQ;:LIST:STIM:TYPE FREQ,NONE;:SOUR:DCS:VOLT:LEV 0;:TRIG:DEL 0;:TRIG:SOUR INT;:TRIG:TDEL 0;:DISP:WIND:TEXT1:DATA:FMSD:STAT OFF;:DISP:WIND:TEXT2:DATA:FMSD:STAT OFF;:FUNC:DCR:RANG:VAL 100;:FUNC:IMP:RANG:VAL 0.1;:OUTP:DC:ISOL:LEV:VAL 0.1;:OUTP:DC:ISOL:STAT OFF;:FUNC:DCR:RANG:AUTO ON;:FUNC:IMP:RANG:AUTO ON;:OUTP:DC:ISOL:LEV:AUTO ON;:DISP:PAGE MEASurement;
"
1000.0,5.705317434e-07,0.06523637085
1000.0,5.705807741e-07,0.06523640684
1000.0,5.705353497e-07,0.06523596952
1000.0,5.70561609e-07,0.0652359637
1000.0,5.705717743e-07,0.06523557337
1000.0,5.706061934e-07,0.06523549372
1000.0,5.705551156e-07,0.06523490921
1000.0,5.705681804e-07,0.06523422721
1000.0,5.705986484e-07,0.06523381867
1000.0,5.705727994e-07,0.06523282805
1000.0,5.705741577e-07,0.06523250823
1000.0,5.705821236e-07,0.06523202288
1000.0,5.70539069e-07,0.06523133646
1000.0,5.705625598e-07,0.06523114403
1000.0,5.705923503e-07,0.06523050868
1000.0,5.705412548e-07,0.06522983217
Freq,1000,Rs,0.065233682099375,2.24304559229219e-06,Ls,5.7056710643125e-07,2.24876929817071e-11
":SOUR:DCS:STAT OFF;:BIAS:STAT OFF;:COMP:BIN:COUN:CLE;:LIST:CLE:ALL;:COMP:BIN:CLE;:AMPL:ALC ON;:APER LONG,16;:BIAS:POL:AUTO OFF;:BIAS:RANG:AUTO ON;:BIAS:VOLT:LEV 0;:COMP:ABIN OFF;:COMP:BIN:COUN:STAT OFF;:COMP:MODE PTOL;:COMP:SLIM -9.9e+037,9.9e+037;:COMP:STAT OFF;:COMP:SWAP OFF;:COMP:TOL:NOM 0;:CURR:LEV 0.1;:DISP:ENAB ON;:DISP:LINE """";:DISP:WIND:TEXT1:DATA:FMSD:DATA 1e-009;:DISP:WIND:TEXT2:DATA:FMSD:DATA 1e-009;:FORM:ASC:LONG ON;:FORM:BORD NORM;:FORM:DATA ASC,64;:FREQ:CW 1000;:FUNC:DEV1:MODE OFF;:FUNC:DEV1:REF:VAL 0;:FUNC:DEV2:MODE OFF;:FUNC:DEV2:REF:VAL 0;:FUNC:IMP:TYPE LSRS;:FUNC:SMON:IDC:STAT OFF;:FUNC:SMON:VDC:STAT OFF;:INIT:CONT OFF;:LIST:MODE SEQ;:LIST:STIM:TYPE FREQ,NONE;:SOUR:DCS:VOLT:LEV 0;:TRIG:DEL 0;:TRIG:SOUR INT;:TRIG:TDEL 0;:DISP:WIND:TEXT1:DATA:FMSD:STAT OFF;:DISP:WIND:TEXT2:DATA:FMSD:STAT OFF;:FUNC:DCR:RANG:VAL 100;:FUNC:IMP:RANG:VAL 0.1;:OUTP:DC:ISOL:LEV:VAL 0.1;:OUTP:DC:ISOL:STAT OFF;:FUNC:DCR:RANG:AUTO ON;:FUNC:IMP:RANG:AUTO ON;:OUTP:DC:ISOL:LEV:AUTO ON;:DISP:PAGE MEASurement;
"
1591.5494309189535,5.707623463e-07,0.06523046327
1591.5494309189535,5.707445825e-07,0.06523021128
1591.5494309189535,5.707497929e-07,0.06522974428
1591.5494309189535,5.707353813e-07,0.06522911744
1591.5494309189535,5.707456625e-07,0.0652289996
1591.5494309189535,5.707474631e-07,0.06522875322
1591.5494309189535,5.707388796e-07,0.06522838055
1591.5494309189535,5.70727139e-07,0.0652278461
1591.5494309189535,5.707402845e-07,0.06522733165
1591.5494309189535,5.707526132e-07,0.06522700253
1591.5494309189535,5.707410464e-07,0.06522614229
1591.5494309189535,5.70731846e-07,0.06522570124
1591.5494309189535,5.707237682e-07,0.06522510767
1591.5494309189535,5.707384751e-07,0.06522479544
1591.5494309189535,5.707492834e-07,0.06522452981
1591.5494309189535,5.707263393e-07,0.06522406845
Freq,1591.5494309189535,Rs,0.06522738717625,2.117954104529211e-06,Ls,5.7074093145625e-07,1.0467344896964222e-11
":SOUR:DCS:STAT OFF;:BIAS:STAT OFF;:COMP:BIN:COUN:CLE;:LIST:CLE:ALL;:COMP:BIN:CLE;:AMPL:ALC ON;:APER LONG,16;:BIAS:POL:AUTO OFF;:BIAS:RANG:AUTO ON;:BIAS:VOLT:LEV 0;:COMP:ABIN OFF;:COMP:BIN:COUN:STAT OFF;:COMP:MODE PTOL;:COMP:SLIM -9.9e+037,9.9e+037;:COMP:STAT OFF;:COMP:SWAP OFF;:COMP:TOL:NOM 0;:CURR:LEV 0.1;:DISP:ENAB ON;:DISP:LINE """";:DISP:WIND:TEXT1:DATA:FMSD:DATA 1e-009;:DISP:WIND:TEXT2:DATA:FMSD:DATA 1e-009;:FORM:ASC:LONG ON;:FORM:BORD NORM;:FORM:DATA ASC,64;:FREQ:CW 1592;:FUNC:DEV1:MODE OFF;:FUNC:DEV1:REF:VAL 0;:FUNC:DEV2:MODE OFF;:FUNC:DEV2:REF:VAL 0;:FUNC:IMP:TYPE LSRS;:FUNC:SMON:IDC:STAT OFF;:FUNC:SMON:VDC:STAT OFF;:INIT:CONT OFF;:LIST:MODE SEQ;:LIST:STIM:TYPE FREQ,NONE;:SOUR:DCS:VOLT:LEV 0;:TRIG:DEL 0;:TRIG:SOUR INT;:TRIG:TDEL 0;:DISP:WIND:TEXT1:DATA:FMSD:STAT OFF;:DISP:WIND:TEXT2:DATA:FMSD:STAT OFF;:FUNC:DCR:RANG:VAL 100;:FUNC:IMP:RANG:VAL 0.1;:OUTP:DC:ISOL:LEV:VAL 0.1;:OUTP:DC:ISOL:STAT OFF;:FUNC:DCR:RANG:AUTO ON;:FUNC:IMP:RANG:AUTO ON;:OUTP:DC:ISOL:LEV:AUTO ON;:DISP:PAGE MEASurement;
"
2000.0,5.712043649e-07,0.06522972202
2000.0,5.712289679e-07,0.06522944056
2000.0,5.712248375e-07,0.06522903655
2000.0,5.712129093e-07,0.06522837551
2000.0,5.712136116e-07,0.065227779
2000.0,5.71235694e-07,0.06522674831
2000.0,5.712214185e-07,0.06522604416
2000.0,5.712376758e-07,0.06522536947
2000.0,5.712173627e-07,0.06522462904
2000.0,5.712284326e-07,0.06522383436
2000.0,5.712185768e-07,0.06522303876
2000.0,5.712092513e-07,0.0652228493
2000.0,5.712113666e-07,0.06522266273
2000.0,5.712233963e-07,0.06522206157
2000.0,5.712104659e-07,0.06522208594
2000.0,5.71230029e-07,0.06522179037
Freq,2000,Rs,0.065225341728125,2.8600766891079463e-06,Ls,5.712205225437501e-07,9.895871257304946e-12
":SOUR:DCS:STAT OFF;:BIAS:STAT OFF;:COMP:BIN:COUN:CLE;:LIST:CLE:ALL;:COMP:BIN:CLE;:AMPL:ALC ON;:APER LONG,16;:BIAS:POL:AUTO OFF;:BIAS:RANG:AUTO ON;:BIAS:VOLT:LEV 0;:COMP:ABIN OFF;:COMP:BIN:COUN:STAT OFF;:COMP:MODE PTOL;:COMP:SLIM -9.9e+037,9.9e+037;:COMP:STAT OFF;:COMP:SWAP OFF;:COMP:TOL:NOM 0;:CURR:LEV 0.1;:DISP:ENAB ON;:DISP:LINE """";:DISP:WIND:TEXT1:DATA:FMSD:DATA 1e-009;:DISP:WIND:TEXT2:DATA:FMSD:DATA 1e-009;:FORM:ASC:LONG ON;:FORM:BORD NORM;:FORM:DATA ASC,64;:FREQ:CW 2000;:FUNC:DEV1:MODE OFF;:FUNC:DEV1:REF:VAL 0;:FUNC:DEV2:MODE OFF;:FUNC:DEV2:REF:VAL 0;:FUNC:IMP:TYPE LSRS;:FUNC:SMON:IDC:STAT OFF;:FUNC:SMON:VDC:STAT OFF;:INIT:CONT OFF;:LIST:MODE SEQ;:LIST:STIM:TYPE FREQ,NONE;:SOUR:DCS:VOLT:LEV 0;:TRIG:DEL 0;:TRIG:SOUR INT;:TRIG:TDEL 0;:DISP:WIND:TEXT1:DATA:FMSD:STAT OFF;:DISP:WIND:TEXT2:DATA:FMSD:STAT OFF;:FUNC:DCR:RANG:VAL 100;:FUNC:IMP:RANG:VAL 0.1;:OUTP:DC:ISOL:LEV:VAL 0.1;:OUTP:DC:ISOL:STAT OFF;:FUNC:DCR:RANG:AUTO ON;:FUNC:IMP:RANG:AUTO ON;:OUTP:DC:ISOL:LEV:AUTO ON;:DISP:PAGE MEASurement;
"
3000.0,5.714159514e-07,0.06522795074
3000.0,5.71413799e-07,0.06522807305
3000.0,5.713817394e-07,0.06522750189
3000.0,5.714014573e-07,0.0652277117
3000.0,5.714035536e-07,0.06522692821
3000.0,5.713812647e-07,0.06522633198
3000.0,5.713733261e-07,0.06522581331
3000.0,5.714043998e-07,0.06522511122
3000.0,5.7141094e-07,0.06522453622
3000.0,5.713864679e-07,0.06522356709
3000.0,5.713732784e-07,0.06522275376
3000.0,5.713700559e-07,0.06522216467
3000.0,5.713761602e-07,0.06522117267
3000.0,5.713836256e-07,0.06522064992
3000.0,5.713746667e-07,0.06521967528
3000.0,5.713781679e-07,0.06521875194
Freq,3000,Rs,0.065224293353125,3.122554990883003e-06,Ls,5.7138930336875e-07,1.6150560109620114e-11
":SOUR:DCS:STAT OFF;:BIAS:STAT OFF;:COMP:BIN:COUN:CLE;:LIST:CLE:ALL;:COMP:BIN:CLE;:AMPL:ALC ON;:APER LONG,16;:BIAS:POL:AUTO OFF;:BIAS:RANG:AUTO ON;:BIAS:VOLT:LEV 0;:COMP:ABIN OFF;:COMP:BIN:COUN:STAT OFF;:COMP:MODE PTOL;:COMP:SLIM -9.9e+037,9.9e+037;:COMP:STAT OFF;:COMP:SWAP OFF;:COMP:TOL:NOM 0;:CURR:LEV 0.1;:DISP:ENAB ON;:DISP:LINE """";:DISP:WIND:TEXT1:DATA:FMSD:DATA 1e-009;:DISP:WIND:TEXT2:DATA:FMSD:DATA 1e-009;:FORM:ASC:LONG ON;:FORM:BORD NORM;:FORM:DATA ASC,64;:FREQ:CW 3000;:FUNC:DEV1:MODE OFF;:FUNC:DEV1:REF:VAL 0;:FUNC:DEV2:MODE OFF;:FUNC:DEV2:REF:VAL 0;:FUNC:IMP:TYPE LSRS;:FUNC:SMON:IDC:STAT OFF;:FUNC:SMON:VDC:STAT OFF;:INIT:CONT OFF;:LIST:MODE SEQ;:LIST:STIM:TYPE FREQ,NONE;:SOUR:DCS:VOLT:LEV 0;:TRIG:DEL 0;:TRIG:SOUR INT;:TRIG:TDEL 0;:DISP:WIND:TEXT1:DATA:FMSD:STAT OFF;:DISP:WIND:TEXT2:DATA:FMSD:STAT OFF;:FUNC:DCR:RANG:VAL 100;:FUNC:IMP:RANG:VAL 0.1;:OUTP:DC:ISOL:LEV:VAL 0.1;:OUTP:DC:ISOL:STAT OFF;:FUNC:DCR:RANG:AUTO ON;:FUNC:IMP:RANG:AUTO ON;:OUTP:DC:ISOL:LEV:AUTO ON;:DISP:PAGE MEASurement;
"
5000.0,5.710692218e-07,0.06527041145
5000.0,5.710882733e-07,0.06526948785
5000.0,5.710828451e-07,0.06526899821
5000.0,5.710680656e-07,0.0652683274
5000.0,5.710783277e-07,0.06526781725
5000.0,5.710841107e-07,0.06526684417
5000.0,5.710831531e-07,0.0652671981
5000.0,5.710917653e-07,0.06526633686
5000.0,5.710916073e-07,0.0652657302
5000.0,5.710855006e-07,0.06526538481
5000.0,5.710702016e-07,0.06526480774
5000.0,5.710750733e-07,0.06526364304
5000.0,5.710835808e-07,0.06526345557
5000.0,5.710790441e-07,0.06526298349
5000.0,5.710816159e-07,0.06526278885
5000.0,5.710851023e-07,0.06526150292
Freq,5000,Rs,0.065265982369375,2.6473593467989693e-06,Ls,5.7108109303125e-07,7.356323242002528e-12
":SOUR:DCS:STAT OFF;:BIAS:STAT OFF;:COMP:BIN:COUN:CLE;:LIST:CLE:ALL;:COMP:BIN:CLE;:AMPL:ALC ON;:APER LONG,16;:BIAS:POL:AUTO OFF;:BIAS:RANG:AUTO ON;:BIAS:VOLT:LEV 0;:COMP:ABIN OFF;:COMP:BIN:COUN:STAT OFF;:COMP:MODE PTOL;:COMP:SLIM -9.9e+037,9.9e+037;:COMP:STAT OFF;:COMP:SWAP OFF;:COMP:TOL:NOM 0;:CURR:LEV 0.1;:DISP:ENAB ON;:DISP:LINE """";:DISP:WIND:TEXT1:DATA:FMSD:DATA 1e-009;:DISP:WIND:TEXT2:DATA:FMSD:DATA 1e-009;:FORM:ASC:LONG ON;:FORM:BORD NORM;:FORM:DATA ASC,64;:FREQ:CW 5000;:FUNC:DEV1:MODE OFF;:FUNC:DEV1:REF:VAL 0;:FUNC:DEV2:MODE OFF;:FUNC:DEV2:REF:VAL 0;:FUNC:IMP:TYPE LSRS;:FUNC:SMON:IDC:STAT OFF;:FUNC:SMON:VDC:STAT OFF;:INIT:CONT OFF;:LIST:MODE SEQ;:LIST:STIM:TYPE FREQ,NONE;:SOUR:DCS:VOLT:LEV 0;:TRIG:DEL 0;:TRIG:SOUR INT;:TRIG:TDEL 0;:DISP:WIND:TEXT1:DATA:FMSD:STAT OFF;:DISP:WIND:TEXT2:DATA:FMSD:STAT OFF;:FUNC:DCR:RANG:VAL 100;:FUNC:IMP:RANG:VAL 0.1;:OUTP:DC:ISOL:LEV:VAL 0.1;:OUTP:DC:ISOL:STAT OFF;:FUNC:DCR:RANG:AUTO ON;:FUNC:IMP:RANG:AUTO ON;:OUTP:DC:ISOL:LEV:AUTO ON;:DISP:PAGE MEASurement;
"
":SOUR:DCS:STAT OFF;:BIAS:STAT OFF;:COMP:BIN:COUN:CLE;:LIST:CLE:ALL;:COMP:BIN:CLE;:AMPL:ALC ON;:APER LONG,16;:BIAS:POL:AUTO OFF;:BIAS:RANG:AUTO ON;:BIAS:VOLT:LEV 0;:COMP:ABIN OFF;:COMP:BIN:COUN:STAT OFF;:COMP:MODE PTOL;:COMP:SLIM -9.9e+037,9.9e+037;:COMP:STAT OFF;:COMP:SWAP OFF;:COMP:TOL:NOM 0;:CURR:LEV 0.1;:DISP:ENAB ON;:DISP:LINE """";:DISP:WIND:TEXT1:DATA:FMSD:DATA 1e-009;:DISP:WIND:TEXT2:DATA:FMSD:DATA 1e-009;:FORM:ASC:LONG ON;:FORM:BORD NORM;:FORM:DATA ASC,64;:FREQ:CW 5000;:FUNC:DEV1:MODE OFF;:FUNC:DEV1:REF:VAL 0;:FUNC:DEV2:MODE OFF;:FUNC:DEV2:REF:VAL 0;:FUNC:IMP:TYPE LSRS;:FUNC:SMON:IDC:STAT OFF;:FUNC:SMON:VDC:STAT OFF;:INIT:CONT OFF;:LIST:MODE SEQ;:LIST:STIM:TYPE FREQ,NONE;:SOUR:DCS:VOLT:LEV 0;:TRIG:DEL 0;:TRIG:SOUR INT;:TRIG:TDEL 0;:DISP:WIND:TEXT1:DATA:FMSD:STAT OFF;:DISP:WIND:TEXT2:DATA:FMSD:STAT OFF;:FUNC:DCR:RANG:VAL 100;:FUNC:IMP:RANG:VAL 0.1;:OUTP:DC:ISOL:LEV:VAL 0.1;:OUTP:DC:ISOL:STAT OFF;:FUNC:DCR:RANG:AUTO ON;:FUNC:IMP:RANG:AUTO ON;:OUTP:DC:ISOL:LEV:AUTO ON;:DISP:PAGE MEASurement;
"
2022-09-16,14:50:15
---------run finished---------
lcr name:,KeySight E4980A
Name and description of Resistor under test: ,RE6
GPIB source:,<bound method MessageBasedResource.read of <'GPIBInstrument'('GPIB0::17::INSTR')>>
2022-09-16,14:55:25
select the freq range,"[50, 100, 200, 300, 500, 800, 1000, 1591.5494309189535, 2000, 3000, 5000]"
50.0,6.451672263e-07,0.08456048596
50.0,6.317871486e-07,0.08454441599
50.0,6.334561532e-07,0.08453374171
50.0,6.461574241e-07,0.08451943449
50.0,6.491621208e-07,0.08450290253
50.0,6.480685641e-07,0.08448990269
50.0,6.418862269e-07,0.0844781896
50.0,6.350233534e-07,0.08446577815
50.0,6.296186158e-07,0.08445077222
50.0,6.307451676e-07,0.08443706245
50.0,6.313051449e-07,0.08442323989
50.0,6.336419032e-07,0.08441067539
50.0,6.407481401e-07,0.08439841078
50.0,6.434665391e-07,0.08438661127
50.0,6.404861307e-07,0.08437524117
50.0,6.3127195e-07,0.08436462835
Freq,50,Rs,0.08445884329,6.278316087796524e-05,Ls,6.3824948805e-07,6.839454558798389e-09
":SOUR:DCS:STAT OFF;:BIAS:STAT OFF;:COMP:BIN:COUN:CLE;:LIST:CLE:ALL;:COMP:BIN:CLE;:AMPL:ALC ON;:APER LONG,16;:BIAS:POL:AUTO OFF;:BIAS:RANG:AUTO ON;:BIAS:VOLT:LEV 0;:COMP:ABIN OFF;:COMP:BIN:COUN:STAT OFF;:COMP:MODE PTOL;:COMP:SLIM -9.9e+037,9.9e+037;:COMP:STAT OFF;:COMP:SWAP OFF;:COMP:TOL:NOM 0;:CURR:LEV 0.1;:DISP:ENAB ON;:DISP:LINE """";:DISP:WIND:TEXT1:DATA:FMSD:DATA 1e-009;:DISP:WIND:TEXT2:DATA:FMSD:DATA 1e-009;:FORM:ASC:LONG ON;:FORM:BORD NORM;:FORM:DATA ASC,64;:FREQ:CW 50;:FUNC:DEV1:MODE OFF;:FUNC:DEV1:REF:VAL 0;:FUNC:DEV2:MODE OFF;:FUNC:DEV2:REF:VAL 0;:FUNC:IMP:TYPE LSRS;:FUNC:SMON:IDC:STAT OFF;:FUNC:SMON:VDC:STAT OFF;:INIT:CONT OFF;:LIST:MODE SEQ;:LIST:STIM:TYPE FREQ,NONE;:SOUR:DCS:VOLT:LEV 0;:TRIG:DEL 0;:TRIG:SOUR INT;:TRIG:TDEL 0;:DISP:WIND:TEXT1:DATA:FMSD:STAT OFF;:DISP:WIND:TEXT2:DATA:FMSD:STAT OFF;:FUNC:DCR:RANG:VAL 100;:FUNC:IMP:RANG:VAL 0.1;:OUTP:DC:ISOL:LEV:VAL 0.1;:OUTP:DC:ISOL:STAT OFF;:FUNC:DCR:RANG:AUTO ON;:FUNC:IMP:RANG:AUTO ON;:OUTP:DC:ISOL:LEV:AUTO ON;:DISP:PAGE MEASurement;
"
100.0,6.117613616e-07,0.084327433
100.0,6.121894578e-07,0.08431897673
100.0,6.109356259e-07,0.08431040688
100.0,6.1079809e-07,0.08430205622
100.0,6.11102389e-07,0.08429419896
100.0,6.118058577e-07,0.08428702664
100.0,6.119170625e-07,0.0842799035
100.0,6.119016379e-07,0.08427314138
100.0,6.111665706e-07,0.08426642535
100.0,6.117783702e-07,0.08425961721
100.0,6.11141774e-07,0.08425370216
100.0,6.108173522e-07,0.08424686566
100.0,6.116219185e-07,0.08424043581
100.0,6.113698022e-07,0.08423429985
100.0,6.113007553e-07,0.08422805391
100.0,6.110299393e-07,0.08422237794
Freq,100,Rs,0.084271557575,3.306507590773888e-05,Ls,6.1141487279375e-07,4.397938264959352e-10
":SOUR:DCS:STAT OFF;:BIAS:STAT OFF;:COMP:BIN:COUN:CLE;:LIST:CLE:ALL;:COMP:BIN:CLE;:AMPL:ALC ON;:APER LONG,16;:BIAS:POL:AUTO OFF;:BIAS:RANG:AUTO ON;:BIAS:VOLT:LEV 0;:COMP:ABIN OFF;:COMP:BIN:COUN:STAT OFF;:COMP:MODE PTOL;:COMP:SLIM -9.9e+037,9.9e+037;:COMP:STAT OFF;:COMP:SWAP OFF;:COMP:TOL:NOM 0;:CURR:LEV 0.1;:DISP:ENAB ON;:DISP:LINE """";:DISP:WIND:TEXT1:DATA:FMSD:DATA 1e-009;:DISP:WIND:TEXT2:DATA:FMSD:DATA 1e-009;:FORM:ASC:LONG ON;:FORM:BORD NORM;:FORM:DATA ASC,64;:FREQ:CW 100;:FUNC:DEV1:MODE OFF;:FUNC:DEV1:REF:VAL 0;:FUNC:DEV2:MODE OFF;:FUNC:DEV2:REF:VAL 0;:FUNC:IMP:TYPE LSRS;:FUNC:SMON:IDC:STAT OFF;:FUNC:SMON:VDC:STAT OFF;:INIT:CONT OFF;:LIST:MODE SEQ;:LIST:STIM:TYPE FREQ,NONE;:SOUR:DCS:VOLT:LEV 0;:TRIG:DEL 0;:TRIG:SOUR INT;:TRIG:TDEL 0;:DISP:WIND:TEXT1:DATA:FMSD:STAT OFF;:DISP:WIND:TEXT2:DATA:FMSD:STAT OFF;:FUNC:DCR:RANG:VAL 100;:FUNC:IMP:RANG:VAL 0.1;:OUTP:DC:ISOL:LEV:VAL 0.1;:OUTP:DC:ISOL:STAT OFF;:FUNC:DCR:RANG:AUTO ON;:FUNC:IMP:RANG:AUTO ON;:OUTP:DC:ISOL:LEV:AUTO ON;:DISP:PAGE MEASurement;
"
200.0,6.117109085e-07,0.08423561302
200.0,6.1177339e-07,0.08422958116
200.0,6.117514187e-07,0.08422432389
200.0,6.115618775e-07,0.08421949163
200.0,6.118604856e-07,0.08421440563
200.0,6.116858036e-07,0.08420946955
200.0,6.119916156e-07,0.0842047518
200.0,6.118227784e-07,0.08420024583
200.0,6.117167081e-07,0.08419563439
200.0,6.118387694e-07,0.08419128348
200.0,6.116858491e-07,0.08418656603
200.0,6.117925794e-07,0.08418244577
200.0,6.116513311e-07,0.08417879868
200.0,6.119143009e-07,0.0841756892
200.0,6.119294434e-07,0.08417208281
200.0,6.119250731e-07,0.08416754
Freq,200,Rs,0.084199245179375,2.1420888377597958e-05,Ls,6.11788270775e-07,1.1790772971696423e-10
":SOUR:DCS:STAT OFF;:BIAS:STAT OFF;:COMP:BIN:COUN:CLE;:LIST:CLE:ALL;:COMP:BIN:CLE;:AMPL:ALC ON;:APER LONG,16;:BIAS:POL:AUTO OFF;:BIAS:RANG:AUTO ON;:BIAS:VOLT:LEV 0;:COMP:ABIN OFF;:COMP:BIN:COUN:STAT OFF;:COMP:MODE PTOL;:COMP:SLIM -9.9e+037,9.9e+037;:COMP:STAT OFF;:COMP:SWAP OFF;:COMP:TOL:NOM 0;:CURR:LEV 0.1;:DISP:ENAB ON;:DISP:LINE """";:DISP:WIND:TEXT1:DATA:FMSD:DATA 1e-009;:DISP:WIND:TEXT2:DATA:FMSD:DATA 1e-009;:FORM:ASC:LONG ON;:FORM:BORD NORM;:FORM:DATA ASC,64;:FREQ:CW 200;:FUNC:DEV1:MODE OFF;:FUNC:DEV1:REF:VAL 0;:FUNC:DEV2:MODE OFF;:FUNC:DEV2:REF:VAL 0;:FUNC:IMP:TYPE LSRS;:FUNC:SMON:IDC:STAT OFF;:FUNC:SMON:VDC:STAT OFF;:INIT:CONT OFF;:LIST:MODE SEQ;:LIST:STIM:TYPE FREQ,NONE;:SOUR:DCS:VOLT:LEV 0;:TRIG:DEL 0;:TRIG:SOUR INT;:TRIG:TDEL 0;:DISP:WIND:TEXT1:DATA:FMSD:STAT OFF;:DISP:WIND:TEXT2:DATA:FMSD:STAT OFF;:FUNC:DCR:RANG:VAL 100;:FUNC:IMP:RANG:VAL 0.1;:OUTP:DC:ISOL:LEV:VAL 0.1;:OUTP:DC:ISOL:STAT OFF;:FUNC:DCR:RANG:AUTO ON;:FUNC:IMP:RANG:AUTO ON;:OUTP:DC:ISOL:LEV:AUTO ON;:DISP:PAGE MEASurement;
"
300.0,6.020665459e-07,0.08416399409
300.0,6.022792247e-07,0.08415965504
300.0,6.020898721e-07,0.08415611459
300.0,6.021496938e-07,0.08415212059
300.0,6.022361104e-07,0.08414831727
300.0,6.020550114e-07,0.08414380782
300.0,6.021824344e-07,0.08413929469
300.0,6.023389816e-07,0.08413574123
300.0,6.021848483e-07,0.08413256357
300.0,6.022290097e-07,0.08412977954
300.0,6.021273325e-07,0.08412729102
300.0,6.022495534e-07,0.08412465221
300.0,6.020966463e-07,0.08412187657
300.0,6.020985181e-07,0.0841187459
300.0,6.021394241e-07,0.08411555765
300.0,6.022718836e-07,0.08411248958
Freq,300,Rs,0.08413637508499999,1.6231604707481328e-05,Ls,6.0217469314375e-07,8.527329150346865e-11
":SOUR:DCS:STAT OFF;:BIAS:STAT OFF;:COMP:BIN:COUN:CLE;:LIST:CLE:ALL;:COMP:BIN:CLE;:AMPL:ALC ON;:APER LONG,16;:BIAS:POL:AUTO OFF;:BIAS:RANG:AUTO ON;:BIAS:VOLT:LEV 0;:COMP:ABIN OFF;:COMP:BIN:COUN:STAT OFF;:COMP:MODE PTOL;:COMP:SLIM -9.9e+037,9.9e+037;:COMP:STAT OFF;:COMP:SWAP OFF;:COMP:TOL:NOM 0;:CURR:LEV 0.1;:DISP:ENAB ON;:DISP:LINE """";:DISP:WIND:TEXT1:DATA:FMSD:DATA 1e-009;:DISP:WIND:TEXT2:DATA:FMSD:DATA 1e-009;:FORM:ASC:LONG ON;:FORM:BORD NORM;:FORM:DATA ASC,64;:FREQ:CW 300;:FUNC:DEV1:MODE OFF;:FUNC:DEV1:REF:VAL 0;:FUNC:DEV2:MODE OFF;:FUNC:DEV2:REF:VAL 0;:FUNC:IMP:TYPE LSRS;:FUNC:SMON:IDC:STAT OFF;:FUNC:SMON:VDC:STAT OFF;:INIT:CONT OFF;:LIST:MODE SEQ;:LIST:STIM:TYPE FREQ,NONE;:SOUR:DCS:VOLT:LEV 0;:TRIG:DEL 0;:TRIG:SOUR INT;:TRIG:TDEL 0;:DISP:WIND:TEXT1:DATA:FMSD:STAT OFF;:DISP:WIND:TEXT2:DATA:FMSD:STAT OFF;:FUNC:DCR:RANG:VAL 100;:FUNC:IMP:RANG:VAL 0.1;:OUTP:DC:ISOL:LEV:VAL 0.1;:OUTP:DC:ISOL:STAT OFF;:FUNC:DCR:RANG:AUTO ON;:FUNC:IMP:RANG:AUTO ON;:OUTP:DC:ISOL:LEV:AUTO ON;:DISP:PAGE MEASurement;
"
500.0,5.975470552e-07,0.0841180038
500.0,5.977301651e-07,0.08411515018
500.0,5.976419497e-07,0.08411243103
500.0,5.976123781e-07,0.08410951571
500.0,5.976652126e-07,0.08410693606
500.0,5.976593045e-07,0.0841039697
500.0,5.976718544e-07,0.08410138665
500.0,5.976453093e-07,0.08409856687
500.0,5.976093456e-07,0.08409597332
500.0,5.976298747e-07,0.08409270797
500.0,5.977591087e-07,0.08408998408
500.0,5.976617938e-07,0.08408728914
500.0,5.976695804e-07,0.08408438002
500.0,5.976549122e-07,0.08408184424
500.0,5.976745082e-07,0.08407946694
500.0,5.976035841e-07,0.08407690282
Freq,500,Rs,0.084097156783125,1.3158571718899951e-05,Ls,5.976522460375001e-07,4.9332483358691846e-11
":SOUR:DCS:STAT OFF;:BIAS:STAT OFF;:COMP:BIN:COUN:CLE;:LIST:CLE:ALL;:COMP:BIN:CLE;:AMPL:ALC ON;:APER LONG,16;:BIAS:POL:AUTO OFF;:BIAS:RANG:AUTO ON;:BIAS:VOLT:LEV 0;:COMP:ABIN OFF;:COMP:BIN:COUN:STAT OFF;:COMP:MODE PTOL;:COMP:SLIM -9.9e+037,9.9e+037;:COMP:STAT OFF;:COMP:SWAP OFF;:COMP:TOL:NOM 0;:CURR:LEV 0.1;:DISP:ENAB ON;:DISP:LINE """";:DISP:WIND:TEXT1:DATA:FMSD:DATA 1e-009;:DISP:WIND:TEXT2:DATA:FMSD:DATA 1e-009;:FORM:ASC:LONG ON;:FORM:BORD NORM;:FORM:DATA ASC,64;:FREQ:CW 500;:FUNC:DEV1:MODE OFF;:FUNC:DEV1:REF:VAL 0;:FUNC:DEV2:MODE OFF;:FUNC:DEV2:REF:VAL 0;:FUNC:IMP:TYPE LSRS;:FUNC:SMON:IDC:STAT OFF;:FUNC:SMON:VDC:STAT OFF;:INIT:CONT OFF;:LIST:MODE SEQ;:LIST:STIM:TYPE FREQ,NONE;:SOUR:DCS:VOLT:LEV 0;:TRIG:DEL 0;:TRIG:SOUR INT;:TRIG:TDEL 0;:DISP:WIND:TEXT1:DATA:FMSD:STAT OFF;:DISP:WIND:TEXT2:DATA:FMSD:STAT OFF;:FUNC:DCR:RANG:VAL 100;:FUNC:IMP:RANG:VAL 0.1;:OUTP:DC:ISOL:LEV:VAL 0.1;:OUTP:DC:ISOL:STAT OFF;:FUNC:DCR:RANG:AUTO ON;:FUNC:IMP:RANG:AUTO ON;:OUTP:DC:ISOL:LEV:AUTO ON;:DISP:PAGE MEASurement;
"
800.0,5.964805526e-07,0.08407937932
800.0,5.964975314e-07,0.08407730193
800.0,5.964410831e-07,0.08407488613
800.0,5.964595213e-07,0.08407276351
800.0,5.964434929e-07,0.08407069742
800.0,5.964488413e-07,0.08406829296
800.0,5.964656645e-07,0.08406625717
800.0,5.964583934e-07,0.08406417161
800.0,5.964994252e-07,0.08406184107
800.0,5.964520019e-07,0.08406006254
800.0,5.964917511e-07,0.08405755328
800.0,5.964063844e-07,0.08405532663
800.0,5.964560419e-07,0.08405305055
800.0,5.96470037e-07,0.08405068062
800.0,5.96455395e-07,0.08404854721
800.0,5.964985353e-07,0.08404639617
Freq,800,Rs,0.0840629505075,1.0464192971061405e-05,Ls,5.9646404076875e-07,2.5143828251888445e-11
":SOUR:DCS:STAT OFF;:BIAS:STAT OFF;:COMP:BIN:COUN:CLE;:LIST:CLE:ALL;:COMP:BIN:CLE;:AMPL:ALC ON;:APER LONG,16;:BIAS:POL:AUTO OFF;:BIAS:RANG:AUTO ON;:BIAS:VOLT:LEV 0;:COMP:ABIN OFF;:COMP:BIN:COUN:STAT OFF;:COMP:MODE PTOL;:COMP:SLIM -9.9e+037,9.9e+037;:COMP:STAT OFF;:COMP:SWAP OFF;:COMP:TOL:NOM 0;:CURR:LEV 0.1;:DISP:ENAB ON;:DISP:LINE """";:DISP:WIND:TEXT1:DATA:FMSD:DATA 1e-009;:DISP:WIND:TEXT2:DATA:FMSD:DATA 1e-009;:FORM:ASC:LONG ON;:FORM:BORD NORM;:FORM:DATA ASC,64;:FREQ:CW 800;:FUNC:DEV1:MODE OFF;:FUNC:DEV1:REF:VAL 0;:FUNC:DEV2:MODE OFF;:FUNC:DEV2:REF:VAL 0;:FUNC:IMP:TYPE LSRS;:FUNC:SMON:IDC:STAT OFF;:FUNC:SMON:VDC:STAT OFF;:INIT:CONT OFF;:LIST:MODE SEQ;:LIST:STIM:TYPE FREQ,NONE;:SOUR:DCS:VOLT:LEV 0;:TRIG:DEL 0;:TRIG:SOUR INT;:TRIG:TDEL 0;:DISP:WIND:TEXT1:DATA:FMSD:STAT OFF;:DISP:WIND:TEXT2:DATA:FMSD:STAT OFF;:FUNC:DCR:RANG:VAL 100;:FUNC:IMP:RANG:VAL 0.1;:OUTP:DC:ISOL:LEV:VAL 0.1;:OUTP:DC:ISOL:STAT OFF;:FUNC:DCR:RANG:AUTO ON;:FUNC:IMP:RANG:AUTO ON;:OUTP:DC:ISOL:LEV:AUTO ON;:DISP:PAGE MEASurement;
"
1000.0,5.958970347e-07,0.08403365935
1000.0,5.958935215e-07,0.08403198033
1000.0,5.958975699e-07,0.08403016919
1000.0,5.959057028e-07,0.08402855606
1000.0,5.958930696e-07,0.08402668591
1000.0,5.958858077e-07,0.08402514426
1000.0,5.95903898e-07,0.08402305529
1000.0,5.958744623e-07,0.08402118818
1000.0,5.959052043e-07,0.08401939424
1000.0,5.959012149e-07,0.08401771567
1000.0,5.958945486e-07,0.08401577471
1000.0,5.959114287e-07,0.08401445465
1000.0,5.959361178e-07,0.08401259125
1000.0,5.959166369e-07,0.08401110889
1000.0,5.958964529e-07,0.08400935231
1000.0,5.95883996e-07,0.08400751251
Freq,1000,Rs,0.08402052142500001,8.333575376580727e-06,Ls,5.958997916624999e-07,1.4245941353517824e-11
":SOUR:DCS:STAT OFF;:BIAS:STAT OFF;:COMP:BIN:COUN:CLE;:LIST:CLE:ALL;:COMP:BIN:CLE;:AMPL:ALC ON;:APER LONG,16;:BIAS:POL:AUTO OFF;:BIAS:RANG:AUTO ON;:BIAS:VOLT:LEV 0;:COMP:ABIN OFF;:COMP:BIN:COUN:STAT OFF;:COMP:MODE PTOL;:COMP:SLIM -9.9e+037,9.9e+037;:COMP:STAT OFF;:COMP:SWAP OFF;:COMP:TOL:NOM 0;:CURR:LEV 0.1;:DISP:ENAB ON;:DISP:LINE """";:DISP:WIND:TEXT1:DATA:FMSD:DATA 1e-009;:DISP:WIND:TEXT2:DATA:FMSD:DATA 1e-009;:FORM:ASC:LONG ON;:FORM:BORD NORM;:FORM:DATA ASC,64;:FREQ:CW 1000;:FUNC:DEV1:MODE OFF;:FUNC:DEV1:REF:VAL 0;:FUNC:DEV2:MODE OFF;:FUNC:DEV2:REF:VAL 0;:FUNC:IMP:TYPE LSRS;:FUNC:SMON:IDC:STAT OFF;:FUNC:SMON:VDC:STAT OFF;:INIT:CONT OFF;:LIST:MODE SEQ;:LIST:STIM:TYPE FREQ,NONE;:SOUR:DCS:VOLT:LEV 0;:TRIG:DEL 0;:TRIG:SOUR INT;:TRIG:TDEL 0;:DISP:WIND:TEXT1:DATA:FMSD:STAT OFF;:DISP:WIND:TEXT2:DATA:FMSD:STAT OFF;:FUNC:DCR:RANG:VAL 100;:FUNC:IMP:RANG:VAL 0.1;:OUTP:DC:ISOL:LEV:VAL 0.1;:OUTP:DC:ISOL:STAT OFF;:FUNC:DCR:RANG:AUTO ON;:FUNC:IMP:RANG:AUTO ON;:OUTP:DC:ISOL:LEV:AUTO ON;:DISP:PAGE MEASurement;
"
1591.5494309189535,5.962079003e-07,0.08400527775
1591.5494309189535,5.962130648e-07,0.08400396678
1591.5494309189535,5.962082753e-07,0.08400252435
1591.5494309189535,5.962048979e-07,0.08400129046
1591.5494309189535,5.962177429e-07,0.08399995903
1591.5494309189535,5.962160797e-07,0.08399882277
1591.5494309189535,5.962201818e-07,0.08399786725
1591.5494309189535,5.962103181e-07,0.08399690411
1591.5494309189535,5.961999331e-07,0.08399600774
1591.5494309189535,5.961789221e-07,0.08399531061
1591.5494309189535,5.962330379e-07,0.08399426963
1591.5494309189535,5.96183261e-07,0.08399327519
1591.5494309189535,5.961989608e-07,0.08399240844
1591.5494309189535,5.961993985e-07,0.08399171076
1591.5494309189535,5.961963943e-07,0.08399128882
1591.5494309189535,5.962003685e-07,0.08399070429
Freq,1591.5494309189535,Rs,0.08399697424875,4.656840758594912e-06,Ls,5.962055460624999e-07,1.3542836241556423e-11
":SOUR:DCS:STAT OFF;:BIAS:STAT OFF;:COMP:BIN:COUN:CLE;:LIST:CLE:ALL;:COMP:BIN:CLE;:AMPL:ALC ON;:APER LONG,16;:BIAS:POL:AUTO OFF;:BIAS:RANG:AUTO ON;:BIAS:VOLT:LEV 0;:COMP:ABIN OFF;:COMP:BIN:COUN:STAT OFF;:COMP:MODE PTOL;:COMP:SLIM -9.9e+037,9.9e+037;:COMP:STAT OFF;:COMP:SWAP OFF;:COMP:TOL:NOM 0;:CURR:LEV 0.1;:DISP:ENAB ON;:DISP:LINE """";:DISP:WIND:TEXT1:DATA:FMSD:DATA 1e-009;:DISP:WIND:TEXT2:DATA:FMSD:DATA 1e-009;:FORM:ASC:LONG ON;:FORM:BORD NORM;:FORM:DATA ASC,64;:FREQ:CW 1592;:FUNC:DEV1:MODE OFF;:FUNC:DEV1:REF:VAL 0;:FUNC:DEV2:MODE OFF;:FUNC:DEV2:REF:VAL 0;:FUNC:IMP:TYPE LSRS;:FUNC:SMON:IDC:STAT OFF;:FUNC:SMON:VDC:STAT OFF;:INIT:CONT OFF;:LIST:MODE SEQ;:LIST:STIM:TYPE FREQ,NONE;:SOUR:DCS:VOLT:LEV 0;:TRIG:DEL 0;:TRIG:SOUR INT;:TRIG:TDEL 0;:DISP:WIND:TEXT1:DATA:FMSD:STAT OFF;:DISP:WIND:TEXT2:DATA:FMSD:STAT OFF;:FUNC:DCR:RANG:VAL 100;:FUNC:IMP:RANG:VAL 0.1;:OUTP:DC:ISOL:LEV:VAL 0.1;:OUTP:DC:ISOL:STAT OFF;:FUNC:DCR:RANG:AUTO ON;:FUNC:IMP:RANG:AUTO ON;:OUTP:DC:ISOL:LEV:AUTO ON;:DISP:PAGE MEASurement;
"
2000.0,5.967118654e-07,0.0839945336
2000.0,5.967242727e-07,0.08399405169
2000.0,5.967023483e-07,0.08399307246
2000.0,5.967031942e-07,0.08399219826
2000.0,5.967175138e-07,0.08399135968
2000.0,5.96706186e-07,0.08399082413
2000.0,5.966779618e-07,0.0839897731
2000.0,5.967119195e-07,0.08398927968
2000.0,5.967202421e-07,0.08398876015
2000.0,5.967034131e-07,0.08398804734
2000.0,5.967004953e-07,0.08398710137
2000.0,5.966975786e-07,0.08398632813
2000.0,5.967027188e-07,0.08398535366
2000.0,5.9670477e-07,0.08398463187
2000.0,5.967169625e-07,0.08398371315
2000.0,5.967050138e-07,0.08398293343
Freq,2000,Rs,0.08398887260624999,3.6615575915010478e-06,Ls,5.967066534937499e-07,1.0895355903038789e-11
":SOUR:DCS:STAT OFF;:BIAS:STAT OFF;:COMP:BIN:COUN:CLE;:LIST:CLE:ALL;:COMP:BIN:CLE;:AMPL:ALC ON;:APER LONG,16;:BIAS:POL:AUTO OFF;:BIAS:RANG:AUTO ON;:BIAS:VOLT:LEV 0;:COMP:ABIN OFF;:COMP:BIN:COUN:STAT OFF;:COMP:MODE PTOL;:COMP:SLIM -9.9e+037,9.9e+037;:COMP:STAT OFF;:COMP:SWAP OFF;:COMP:TOL:NOM 0;:CURR:LEV 0.1;:DISP:ENAB ON;:DISP:LINE """";:DISP:WIND:TEXT1:DATA:FMSD:DATA 1e-009;:DISP:WIND:TEXT2:DATA:FMSD:DATA 1e-009;:FORM:ASC:LONG ON;:FORM:BORD NORM;:FORM:DATA ASC,64;:FREQ:CW 2000;:FUNC:DEV1:MODE OFF;:FUNC:DEV1:REF:VAL 0;:FUNC:DEV2:MODE OFF;:FUNC:DEV2:REF:VAL 0;:FUNC:IMP:TYPE LSRS;:FUNC:SMON:IDC:STAT OFF;:FUNC:SMON:VDC:STAT OFF;:INIT:CONT OFF;:LIST:MODE SEQ;:LIST:STIM:TYPE FREQ,NONE;:SOUR:DCS:VOLT:LEV 0;:TRIG:DEL 0;:TRIG:SOUR INT;:TRIG:TDEL 0;:DISP:WIND:TEXT1:DATA:FMSD:STAT OFF;:DISP:WIND:TEXT2:DATA:FMSD:STAT OFF;:FUNC:DCR:RANG:VAL 100;:FUNC:IMP:RANG:VAL 0.1;:OUTP:DC:ISOL:LEV:VAL 0.1;:OUTP:DC:ISOL:STAT OFF;:FUNC:DCR:RANG:AUTO ON;:FUNC:IMP:RANG:AUTO ON;:OUTP:DC:ISOL:LEV:AUTO ON;:DISP:PAGE MEASurement;
"
3000.0,5.969709792e-07,0.08398719115
3000.0,5.969616335e-07,0.08398674727
3000.0,5.969646804e-07,0.08398599814
3000.0,5.969239453e-07,0.08398450601
3000.0,5.969255693e-07,0.08398360662
3000.0,5.969574179e-07,0.08398308549
3000.0,5.969633831e-07,0.08398202495
3000.0,5.96966515e-07,0.08398137469
3000.0,5.969578343e-07,0.08398053128
3000.0,5.969391891e-07,0.08397926545
3000.0,5.96957416e-07,0.083978291
3000.0,5.969622182e-07,0.08397747859
3000.0,5.969411314e-07,0.08397675649
3000.0,5.969374212e-07,0.083976257
3000.0,5.969612391e-07,0.08397511863
3000.0,5.969281658e-07,0.08397410051
Freq,3000,Rs,0.083980770829375,4.20946218257986e-06,Ls,5.969511711749999e-07,1.586206885823656e-11
":SOUR:DCS:STAT OFF;:BIAS:STAT OFF;:COMP:BIN:COUN:CLE;:LIST:CLE:ALL;:COMP:BIN:CLE;:AMPL:ALC ON;:APER LONG,16;:BIAS:POL:AUTO OFF;:BIAS:RANG:AUTO ON;:BIAS:VOLT:LEV 0;:COMP:ABIN OFF;:COMP:BIN:COUN:STAT OFF;:COMP:MODE PTOL;:COMP:SLIM -9.9e+037,9.9e+037;:COMP:STAT OFF;:COMP:SWAP OFF;:COMP:TOL:NOM 0;:CURR:LEV 0.1;:DISP:ENAB ON;:DISP:LINE """";:DISP:WIND:TEXT1:DATA:FMSD:DATA 1e-009;:DISP:WIND:TEXT2:DATA:FMSD:DATA 1e-009;:FORM:ASC:LONG ON;:FORM:BORD NORM;:FORM:DATA ASC,64;:FREQ:CW 3000;:FUNC:DEV1:MODE OFF;:FUNC:DEV1:REF:VAL 0;:FUNC:DEV2:MODE OFF;:FUNC:DEV2:REF:VAL 0;:FUNC:IMP:TYPE LSRS;:FUNC:SMON:IDC:STAT OFF;:FUNC:SMON:VDC:STAT OFF;:INIT:CONT OFF;:LIST:MODE SEQ;:LIST:STIM:TYPE FREQ,NONE;:SOUR:DCS:VOLT:LEV 0;:TRIG:DEL 0;:TRIG:SOUR INT;:TRIG:TDEL 0;:DISP:WIND:TEXT1:DATA:FMSD:STAT OFF;:DISP:WIND:TEXT2:DATA:FMSD:STAT OFF;:FUNC:DCR:RANG:VAL 100;:FUNC:IMP:RANG:VAL 0.1;:OUTP:DC:ISOL:LEV:VAL 0.1;:OUTP:DC:ISOL:STAT OFF;:FUNC:DCR:RANG:AUTO ON;:FUNC:IMP:RANG:AUTO ON;:OUTP:DC:ISOL:LEV:AUTO ON;:DISP:PAGE MEASurement;
"
5000.0,5.966670518e-07,0.08402496613
5000.0,5.966654395e-07,0.08402414708
5000.0,5.966503674e-07,0.08402334724
5000.0,5.9666098e-07,0.08402243828
5000.0,5.966758395e-07,0.08402143646
5000.0,5.966638654e-07,0.08402143715
5000.0,5.966691615e-07,0.08402041679
5000.0,5.966757154e-07,0.0840207575
5000.0,5.966860758e-07,0.08401911192
5000.0,5.966813568e-07,0.08401913766
5000.0,5.966853574e-07,0.08401794682
5000.0,5.966780787e-07,0.08401774489
5000.0,5.966807804e-07,0.08401767678
5000.0,5.966555003e-07,0.08401789963
5000.0,5.966771776e-07,0.08401731271
5000.0,5.966683242e-07,0.08401715893
Freq,5000,Rs,0.08402018349812501,2.572716262090102e-06,Ls,5.966713169812499e-07,1.0465652714938184e-11
":SOUR:DCS:STAT OFF;:BIAS:STAT OFF;:COMP:BIN:COUN:CLE;:LIST:CLE:ALL;:COMP:BIN:CLE;:AMPL:ALC ON;:APER LONG,16;:BIAS:POL:AUTO OFF;:BIAS:RANG:AUTO ON;:BIAS:VOLT:LEV 0;:COMP:ABIN OFF;:COMP:BIN:COUN:STAT OFF;:COMP:MODE PTOL;:COMP:SLIM -9.9e+037,9.9e+037;:COMP:STAT OFF;:COMP:SWAP OFF;:COMP:TOL:NOM 0;:CURR:LEV 0.1;:DISP:ENAB ON;:DISP:LINE """";:DISP:WIND:TEXT1:DATA:FMSD:DATA 1e-009;:DISP:WIND:TEXT2:DATA:FMSD:DATA 1e-009;:FORM:ASC:LONG ON;:FORM:BORD NORM;:FORM:DATA ASC,64;:FREQ:CW 5000;:FUNC:DEV1:MODE OFF;:FUNC:DEV1:REF:VAL 0;:FUNC:DEV2:MODE OFF;:FUNC:DEV2:REF:VAL 0;:FUNC:IMP:TYPE LSRS;:FUNC:SMON:IDC:STAT OFF;:FUNC:SMON:VDC:STAT OFF;:INIT:CONT OFF;:LIST:MODE SEQ;:LIST:STIM:TYPE FREQ,NONE;:SOUR:DCS:VOLT:LEV 0;:TRIG:DEL 0;:TRIG:SOUR INT;:TRIG:TDEL 0;:DISP:WIND:TEXT1:DATA:FMSD:STAT OFF;:DISP:WIND:TEXT2:DATA:FMSD:STAT OFF;:FUNC:DCR:RANG:VAL 100;:FUNC:IMP:RANG:VAL 0.1;:OUTP:DC:ISOL:LEV:VAL 0.1;:OUTP:DC:ISOL:STAT OFF;:FUNC:DCR:RANG:AUTO ON;:FUNC:IMP:RANG:AUTO ON;:OUTP:DC:ISOL:LEV:AUTO ON;:DISP:PAGE MEASurement;
"
":SOUR:DCS:STAT OFF;:BIAS:STAT OFF;:COMP:BIN:COUN:CLE;:LIST:CLE:ALL;:COMP:BIN:CLE;:AMPL:ALC ON;:APER LONG,16;:BIAS:POL:AUTO OFF;:BIAS:RANG:AUTO ON;:BIAS:VOLT:LEV 0;:COMP:ABIN OFF;:COMP:BIN:COUN:STAT OFF;:COMP:MODE PTOL;:COMP:SLIM -9.9e+037,9.9e+037;:COMP:STAT OFF;:COMP:SWAP OFF;:COMP:TOL:NOM 0;:CURR:LEV 0.1;:DISP:ENAB ON;:DISP:LINE """";:DISP:WIND:TEXT1:DATA:FMSD:DATA 1e-009;:DISP:WIND:TEXT2:DATA:FMSD:DATA 1e-009;:FORM:ASC:LONG ON;:FORM:BORD NORM;:FORM:DATA ASC,64;:FREQ:CW 5000;:FUNC:DEV1:MODE OFF;:FUNC:DEV1:REF:VAL 0;:FUNC:DEV2:MODE OFF;:FUNC:DEV2:REF:VAL 0;:FUNC:IMP:TYPE LSRS;:FUNC:SMON:IDC:STAT OFF;:FUNC:SMON:VDC:STAT OFF;:INIT:CONT OFF;:LIST:MODE SEQ;:LIST:STIM:TYPE FREQ,NONE;:SOUR:DCS:VOLT:LEV 0;:TRIG:DEL 0;:TRIG:SOUR INT;:TRIG:TDEL 0;:DISP:WIND:TEXT1:DATA:FMSD:STAT OFF;:DISP:WIND:TEXT2:DATA:FMSD:STAT OFF;:FUNC:DCR:RANG:VAL 100;:FUNC:IMP:RANG:VAL 0.1;:OUTP:DC:ISOL:LEV:VAL 0.1;:OUTP:DC:ISOL:STAT OFF;:FUNC:DCR:RANG:AUTO ON;:FUNC:IMP:RANG:AUTO ON;:OUTP:DC:ISOL:LEV:AUTO ON;:DISP:PAGE MEASurement;
"
2022-09-16,15:06:42
---------run finished---------
lcr name:,KeySight E4980A
Name and description of Resistor under test: ,RE6R
GPIB source:,<bound method MessageBasedResource.read of <'GPIBInstrument'('GPIB0::17::INSTR')>>
2022-09-16,15:30:39
select the freq range,"[50, 100, 200, 300, 500, 800, 1000, 1591.5494309189535, 2000, 3000, 5000]"
50.0,6.411539301e-07,0.08406399934
50.0,6.462685848e-07,0.08406180608
50.0,6.495998411e-07,0.08406005336
50.0,6.505695019e-07,0.08405718778
50.0,6.486086781e-07,0.08405482077
50.0,6.472652075e-07,0.08405312681
50.0,6.455089593e-07,0.08405283499
50.0,6.383717075e-07,0.08405219295
50.0,6.298732006e-07,0.08404959235
50.0,6.308891313e-07,0.08404444328
50.0,6.406466554e-07,0.08404035395
50.0,6.432627224e-07,0.08403935364
50.0,6.440931523e-07,0.08403715308
50.0,6.39529549e-07,0.08403398849
50.0,6.295421252e-07,0.08403369764
50.0,6.295459961e-07,0.08403460057
Freq,50,Rs,0.0840480753175,1.0444927196084078e-05,Ls,6.409205589125e-07,7.407580783315441e-09
":SOUR:DCS:STAT OFF;:BIAS:STAT OFF;:COMP:BIN:COUN:CLE;:LIST:CLE:ALL;:COMP:BIN:CLE;:AMPL:ALC ON;:APER LONG,16;:BIAS:POL:AUTO OFF;:BIAS:RANG:AUTO ON;:BIAS:VOLT:LEV 0;:COMP:ABIN OFF;:COMP:BIN:COUN:STAT OFF;:COMP:MODE PTOL;:COMP:SLIM -9.9e+037,9.9e+037;:COMP:STAT OFF;:COMP:SWAP OFF;:COMP:TOL:NOM 0;:CURR:LEV 0.1;:DISP:ENAB ON;:DISP:LINE """";:DISP:WIND:TEXT1:DATA:FMSD:DATA 1e-009;:DISP:WIND:TEXT2:DATA:FMSD:DATA 1e-009;:FORM:ASC:LONG ON;:FORM:BORD NORM;:FORM:DATA ASC,64;:FREQ:CW 50;:FUNC:DEV1:MODE OFF;:FUNC:DEV1:REF:VAL 0;:FUNC:DEV2:MODE OFF;:FUNC:DEV2:REF:VAL 0;:FUNC:IMP:TYPE LSRS;:FUNC:SMON:IDC:STAT OFF;:FUNC:SMON:VDC:STAT OFF;:INIT:CONT OFF;:LIST:MODE SEQ;:LIST:STIM:TYPE FREQ,NONE;:SOUR:DCS:VOLT:LEV 0;:TRIG:DEL 0;:TRIG:SOUR INT;:TRIG:TDEL 0;:DISP:WIND:TEXT1:DATA:FMSD:STAT OFF;:DISP:WIND:TEXT2:DATA:FMSD:STAT OFF;:FUNC:DCR:RANG:VAL 100;:FUNC:IMP:RANG:VAL 0.1;:OUTP:DC:ISOL:LEV:VAL 0.1;:OUTP:DC:ISOL:STAT OFF;:FUNC:DCR:RANG:AUTO ON;:FUNC:IMP:RANG:AUTO ON;:OUTP:DC:ISOL:LEV:AUTO ON;:DISP:PAGE MEASurement;
"
100.0,6.106498387e-07,0.08400720087
100.0,6.113144507e-07,0.08400511476
100.0,6.113537935e-07,0.08400320608
100.0,6.107413478e-07,0.08400158914
100.0,6.104709679e-07,0.08399868709
100.0,6.106050556e-07,0.08399683494
100.0,6.102445288e-07,0.08399500848
100.0,6.108451392e-07,0.08399412342
100.0,6.106776283e-07,0.0839937745
100.0,6.112425302e-07,0.08399278345
100.0,6.106036354e-07,0.08399190852
100.0,6.108106472e-07,0.08399124262
100.0,6.107998059e-07,0.08399040295
100.0,6.104925538e-07,0.08398910518
100.0,6.105942358e-07,0.08398733979
100.0,6.111711257e-07,0.0839855503
Freq,100,Rs,0.08399524200562501,6.390965831624213e-06,Ls,6.1078858028125e-07,3.241580446127327e-10
":SOUR:DCS:STAT OFF;:BIAS:STAT OFF;:COMP:BIN:COUN:CLE;:LIST:CLE:ALL;:COMP:BIN:CLE;:AMPL:ALC ON;:APER LONG,16;:BIAS:POL:AUTO OFF;:BIAS:RANG:AUTO ON;:BIAS:VOLT:LEV 0;:COMP:ABIN OFF;:COMP:BIN:COUN:STAT OFF;:COMP:MODE PTOL;:COMP:SLIM -9.9e+037,9.9e+037;:COMP:STAT OFF;:COMP:SWAP OFF;:COMP:TOL:NOM 0;:CURR:LEV 0.1;:DISP:ENAB ON;:DISP:LINE """";:DISP:WIND:TEXT1:DATA:FMSD:DATA 1e-009;:DISP:WIND:TEXT2:DATA:FMSD:DATA 1e-009;:FORM:ASC:LONG ON;:FORM:BORD NORM;:FORM:DATA ASC,64;:FREQ:CW 100;:FUNC:DEV1:MODE OFF;:FUNC:DEV1:REF:VAL 0;:FUNC:DEV2:MODE OFF;:FUNC:DEV2:REF:VAL 0;:FUNC:IMP:TYPE LSRS;:FUNC:SMON:IDC:STAT OFF;:FUNC:SMON:VDC:STAT OFF;:INIT:CONT OFF;:LIST:MODE SEQ;:LIST:STIM:TYPE FREQ,NONE;:SOUR:DCS:VOLT:LEV 0;:TRIG:DEL 0;:TRIG:SOUR INT;:TRIG:TDEL 0;:DISP:WIND:TEXT1:DATA:FMSD:STAT OFF;:DISP:WIND:TEXT2:DATA:FMSD:STAT OFF;:FUNC:DCR:RANG:VAL 100;:FUNC:IMP:RANG:VAL 0.1;:OUTP:DC:ISOL:LEV:VAL 0.1;:OUTP:DC:ISOL:STAT OFF;:FUNC:DCR:RANG:AUTO ON;:FUNC:IMP:RANG:AUTO ON;:OUTP:DC:ISOL:LEV:AUTO ON;:DISP:PAGE MEASurement;
"
200.0,6.116738534e-07,0.08400627054
200.0,6.11740715e-07,0.08400457234
200.0,6.115405349e-07,0.08400289538
200.0,6.117053326e-07,0.08400115784
200.0,6.115042911e-07,0.08399972246
200.0,6.117148191e-07,0.08399779032
200.0,6.113219682e-07,0.08399590306
200.0,6.11496528e-07,0.08399421337
200.0,6.115525541e-07,0.08399240011
200.0,6.115282719e-07,0.08399115064
200.0,6.116190919e-07,0.08398890904
200.0,6.115592484e-07,0.08398735478
200.0,6.113014212e-07,0.08398591822
200.0,6.116137157e-07,0.08398413834
200.0,6.114561094e-07,0.08398251428
200.0,6.112882632e-07,0.08398131613
Freq,200,Rs,0.083993514178125,8.065696939322063e-06,Ls,6.1153854488125e-07,1.429342798562842e-10
":SOUR:DCS:STAT OFF;:BIAS:STAT OFF;:COMP:BIN:COUN:CLE;:LIST:CLE:ALL;:COMP:BIN:CLE;:AMPL:ALC ON;:APER LONG,16;:BIAS:POL:AUTO OFF;:BIAS:RANG:AUTO ON;:BIAS:VOLT:LEV 0;:COMP:ABIN OFF;:COMP:BIN:COUN:STAT OFF;:COMP:MODE PTOL;:COMP:SLIM -9.9e+037,9.9e+037;:COMP:STAT OFF;:COMP:SWAP OFF;:COMP:TOL:NOM 0;:CURR:LEV 0.1;:DISP:ENAB ON;:DISP:LINE """";:DISP:WIND:TEXT1:DATA:FMSD:DATA 1e-009;:DISP:WIND:TEXT2:DATA:FMSD:DATA 1e-009;:FORM:ASC:LONG ON;:FORM:BORD NORM;:FORM:DATA ASC,64;:FREQ:CW 200;:FUNC:DEV1:MODE OFF;:FUNC:DEV1:REF:VAL 0;:FUNC:DEV2:MODE OFF;:FUNC:DEV2:REF:VAL 0;:FUNC:IMP:TYPE LSRS;:FUNC:SMON:IDC:STAT OFF;:FUNC:SMON:VDC:STAT OFF;:INIT:CONT OFF;:LIST:MODE SEQ;:LIST:STIM:TYPE FREQ,NONE;:SOUR:DCS:VOLT:LEV 0;:TRIG:DEL 0;:TRIG:SOUR INT;:TRIG:TDEL 0;:DISP:WIND:TEXT1:DATA:FMSD:STAT OFF;:DISP:WIND:TEXT2:DATA:FMSD:STAT OFF;:FUNC:DCR:RANG:VAL 100;:FUNC:IMP:RANG:VAL 0.1;:OUTP:DC:ISOL:LEV:VAL 0.1;:OUTP:DC:ISOL:STAT OFF;:FUNC:DCR:RANG:AUTO ON;:FUNC:IMP:RANG:AUTO ON;:OUTP:DC:ISOL:LEV:AUTO ON;:DISP:PAGE MEASurement;
"
300.0,6.024011641e-07,0.08398293311
300.0,6.021503922e-07,0.08398197008
300.0,6.024127215e-07,0.08398105309
300.0,6.02435329e-07,0.08398015139
300.0,6.02322862e-07,0.08397853008
300.0,6.022747255e-07,0.08397693366
300.0,6.02341406e-07,0.08397561861
300.0,6.022414812e-07,0.08397374784
300.0,6.021500831e-07,0.08397250792
300.0,6.023082408e-07,0.08397118148
300.0,6.022058334e-07,0.08397013198
300.0,6.023177659e-07,0.08396906716
300.0,6.023795406e-07,0.08396765132
300.0,6.022463678e-07,0.08396595572
300.0,6.023112408e-07,0.08396466506
300.0,6.022276824e-07,0.08396285003
Freq,300,Rs,0.083973434283125,6.447444804488932e-06,Ls,6.0229542726875e-07,8.789684796299454e-11
":SOUR:DCS:STAT OFF;:BIAS:STAT OFF;:COMP:BIN:COUN:CLE;:LIST:CLE:ALL;:COMP:BIN:CLE;:AMPL:ALC ON;:APER LONG,16;:BIAS:POL:AUTO OFF;:BIAS:RANG:AUTO ON;:BIAS:VOLT:LEV 0;:COMP:ABIN OFF;:COMP:BIN:COUN:STAT OFF;:COMP:MODE PTOL;:COMP:SLIM -9.9e+037,9.9e+037;:COMP:STAT OFF;:COMP:SWAP OFF;:COMP:TOL:NOM 0;:CURR:LEV 0.1;:DISP:ENAB ON;:DISP:LINE """";:DISP:WIND:TEXT1:DATA:FMSD:DATA 1e-009;:DISP:WIND:TEXT2:DATA:FMSD:DATA 1e-009;:FORM:ASC:LONG ON;:FORM:BORD NORM;:FORM:DATA ASC,64;:FREQ:CW 300;:FUNC:DEV1:MODE OFF;:FUNC:DEV1:REF:VAL 0;:FUNC:DEV2:MODE OFF;:FUNC:DEV2:REF:VAL 0;:FUNC:IMP:TYPE LSRS;:FUNC:SMON:IDC:STAT OFF;:FUNC:SMON:VDC:STAT OFF;:INIT:CONT OFF;:LIST:MODE SEQ;:LIST:STIM:TYPE FREQ,NONE;:SOUR:DCS:VOLT:LEV 0;:TRIG:DEL 0;:TRIG:SOUR INT;:TRIG:TDEL 0;:DISP:WIND:TEXT1:DATA:FMSD:STAT OFF;:DISP:WIND:TEXT2:DATA:FMSD:STAT OFF;:FUNC:DCR:RANG:VAL 100;:FUNC:IMP:RANG:VAL 0.1;:OUTP:DC:ISOL:LEV:VAL 0.1;:OUTP:DC:ISOL:STAT OFF;:FUNC:DCR:RANG:AUTO ON;:FUNC:IMP:RANG:AUTO ON;:OUTP:DC:ISOL:LEV:AUTO ON;:DISP:PAGE MEASurement;
"
500.0,5.978967263e-07,0.08397189372
500.0,5.978627786e-07,0.08397111077
500.0,5.979376025e-07,0.08397037062
500.0,5.978884523e-07,0.08397012927
500.0,5.979084667e-07,0.08396995152
500.0,5.979472727e-07,0.08396984488
500.0,5.979263743e-07,0.08397009527
500.0,5.979006422e-07,0.08396931232
500.0,5.97874022e-07,0.08396911366
500.0,5.978676822e-07,0.08396897489
500.0,5.979192287e-07,0.08396884401
500.0,5.979127489e-07,0.08396922285
500.0,5.97969166e-07,0.08396952291
500.0,5.978648639e-07,0.08396944686
500.0,5.978520388e-07,0.08396989731
500.0,5.979070298e-07,0.08396960219
Freq,500,Rs,0.08396983331562499,7.965345778204007e-07,Ls,5.979021934937499e-07,3.31548122980927e-11
":SOUR:DCS:STAT OFF;:BIAS:STAT OFF;:COMP:BIN:COUN:CLE;:LIST:CLE:ALL;:COMP:BIN:CLE;:AMPL:ALC ON;:APER LONG,16;:BIAS:POL:AUTO OFF;:BIAS:RANG:AUTO ON;:BIAS:VOLT:LEV 0;:COMP:ABIN OFF;:COMP:BIN:COUN:STAT OFF;:COMP:MODE PTOL;:COMP:SLIM -9.9e+037,9.9e+037;:COMP:STAT OFF;:COMP:SWAP OFF;:COMP:TOL:NOM 0;:CURR:LEV 0.1;:DISP:ENAB ON;:DISP:LINE """";:DISP:WIND:TEXT1:DATA:FMSD:DATA 1e-009;:DISP:WIND:TEXT2:DATA:FMSD:DATA 1e-009;:FORM:ASC:LONG ON;:FORM:BORD NORM;:FORM:DATA ASC,64;:FREQ:CW 500;:FUNC:DEV1:MODE OFF;:FUNC:DEV1:REF:VAL 0;:FUNC:DEV2:MODE OFF;:FUNC:DEV2:REF:VAL 0;:FUNC:IMP:TYPE LSRS;:FUNC:SMON:IDC:STAT OFF;:FUNC:SMON:VDC:STAT OFF;:INIT:CONT OFF;:LIST:MODE SEQ;:LIST:STIM:TYPE FREQ,NONE;:SOUR:DCS:VOLT:LEV 0;:TRIG:DEL 0;:TRIG:SOUR INT;:TRIG:TDEL 0;:DISP:WIND:TEXT1:DATA:FMSD:STAT OFF;:DISP:WIND:TEXT2:DATA:FMSD:STAT OFF;:FUNC:DCR:RANG:VAL 100;:FUNC:IMP:RANG:VAL 0.1;:OUTP:DC:ISOL:LEV:VAL 0.1;:OUTP:DC:ISOL:STAT OFF;:FUNC:DCR:RANG:AUTO ON;:FUNC:IMP:RANG:AUTO ON;:OUTP:DC:ISOL:LEV:AUTO ON;:DISP:PAGE MEASurement;
"
800.0,5.967810328e-07,0.08397658384
800.0,5.967245884e-07,0.08397589613
800.0,5.967393108e-07,0.08397538983
800.0,5.967496767e-07,0.08397521522
800.0,5.967286527e-07,0.08397464045
800.0,5.967461254e-07,0.08397412285
800.0,5.967445446e-07,0.08397379264
800.0,5.967095553e-07,0.08397345166
800.0,5.967332932e-07,0.08397318768
800.0,5.96687165e-07,0.08397295126
800.0,5.967153359e-07,0.08397270195
800.0,5.967079392e-07,0.08397227155
800.0,5.967340345e-07,0.08397156055
800.0,5.967429325e-07,0.08397137683
800.0,5.967694333e-07,0.08397114993
800.0,5.967431305e-07,0.08397091476
Freq,800,Rs,0.083973450445625,1.7611065245369119e-06,Ls,5.967347969250001e-07,2.3222147059334596e-11
":SOUR:DCS:STAT OFF;:BIAS:STAT OFF;:COMP:BIN:COUN:CLE;:LIST:CLE:ALL;:COMP:BIN:CLE;:AMPL:ALC ON;:APER LONG,16;:BIAS:POL:AUTO OFF;:BIAS:RANG:AUTO ON;:BIAS:VOLT:LEV 0;:COMP:ABIN OFF;:COMP:BIN:COUN:STAT OFF;:COMP:MODE PTOL;:COMP:SLIM -9.9e+037,9.9e+037;:COMP:STAT OFF;:COMP:SWAP OFF;:COMP:TOL:NOM 0;:CURR:LEV 0.1;:DISP:ENAB ON;:DISP:LINE """";:DISP:WIND:TEXT1:DATA:FMSD:DATA 1e-009;:DISP:WIND:TEXT2:DATA:FMSD:DATA 1e-009;:FORM:ASC:LONG ON;:FORM:BORD NORM;:FORM:DATA ASC,64;:FREQ:CW 800;:FUNC:DEV1:MODE OFF;:FUNC:DEV1:REF:VAL 0;:FUNC:DEV2:MODE OFF;:FUNC:DEV2:REF:VAL 0;:FUNC:IMP:TYPE LSRS;:FUNC:SMON:IDC:STAT OFF;:FUNC:SMON:VDC:STAT OFF;:INIT:CONT OFF;:LIST:MODE SEQ;:LIST:STIM:TYPE FREQ,NONE;:SOUR:DCS:VOLT:LEV 0;:TRIG:DEL 0;:TRIG:SOUR INT;:TRIG:TDEL 0;:DISP:WIND:TEXT1:DATA:FMSD:STAT OFF;:DISP:WIND:TEXT2:DATA:FMSD:STAT OFF;:FUNC:DCR:RANG:VAL 100;:FUNC:IMP:RANG:VAL 0.1;:OUTP:DC:ISOL:LEV:VAL 0.1;:OUTP:DC:ISOL:STAT OFF;:FUNC:DCR:RANG:AUTO ON;:FUNC:IMP:RANG:AUTO ON;:OUTP:DC:ISOL:LEV:AUTO ON;:DISP:PAGE MEASurement;
"
1000.0,5.961686954e-07,0.08396149808
1000.0,5.962081497e-07,0.08396167528
1000.0,5.961623297e-07,0.0839612943
1000.0,5.961545403e-07,0.08396057488
1000.0,5.961881739e-07,0.08396007288
1000.0,5.961725397e-07,0.08395927067
1000.0,5.96185084e-07,0.08395878227
1000.0,5.961907299e-07,0.08395779794
1000.0,5.961797125e-07,0.08395709865
1000.0,5.961729917e-07,0.08395670791
1000.0,5.961870146e-07,0.08395612314
1000.0,5.961901482e-07,0.08395577919
1000.0,5.961935387e-07,0.08395492329
1000.0,5.961873505e-07,0.0839546098
1000.0,5.961975917e-07,0.08395366348
1000.0,5.961981733e-07,0.08395295907
Freq,1000,Rs,0.083957676926875,2.8778853932384413e-06,Ls,5.961835477375e-07,1.4191902325145628e-11
":SOUR:DCS:STAT OFF;:BIAS:STAT OFF;:COMP:BIN:COUN:CLE;:LIST:CLE:ALL;:COMP:BIN:CLE;:AMPL:ALC ON;:APER LONG,16;:BIAS:POL:AUTO OFF;:BIAS:RANG:AUTO ON;:BIAS:VOLT:LEV 0;:COMP:ABIN OFF;:COMP:BIN:COUN:STAT OFF;:COMP:MODE PTOL;:COMP:SLIM -9.9e+037,9.9e+037;:COMP:STAT OFF;:COMP:SWAP OFF;:COMP:TOL:NOM 0;:CURR:LEV 0.1;:DISP:ENAB ON;:DISP:LINE """";:DISP:WIND:TEXT1:DATA:FMSD:DATA 1e-009;:DISP:WIND:TEXT2:DATA:FMSD:DATA 1e-009;:FORM:ASC:LONG ON;:FORM:BORD NORM;:FORM:DATA ASC,64;:FREQ:CW 1000;:FUNC:DEV1:MODE OFF;:FUNC:DEV1:REF:VAL 0;:FUNC:DEV2:MODE OFF;:FUNC:DEV2:REF:VAL 0;:FUNC:IMP:TYPE LSRS;:FUNC:SMON:IDC:STAT OFF;:FUNC:SMON:VDC:STAT OFF;:INIT:CONT OFF;:LIST:MODE SEQ;:LIST:STIM:TYPE FREQ,NONE;:SOUR:DCS:VOLT:LEV 0;:TRIG:DEL 0;:TRIG:SOUR INT;:TRIG:TDEL 0;:DISP:WIND:TEXT1:DATA:FMSD:STAT OFF;:DISP:WIND:TEXT2:DATA:FMSD:STAT OFF;:FUNC:DCR:RANG:VAL 100;:FUNC:IMP:RANG:VAL 0.1;:OUTP:DC:ISOL:LEV:VAL 0.1;:OUTP:DC:ISOL:STAT OFF;:FUNC:DCR:RANG:AUTO ON;:FUNC:IMP:RANG:AUTO ON;:OUTP:DC:ISOL:LEV:AUTO ON;:DISP:PAGE MEASurement;
"
1591.5494309189535,5.964720661e-07,0.08395302806
1591.5494309189535,5.964634438e-07,0.08395286493
1591.5494309189535,5.964597392e-07,0.08395260558
1591.5494309189535,5.964552659e-07,0.08395269814
1591.5494309189535,5.964523389e-07,0.08395265922
1591.5494309189535,5.96471215e-07,0.08395278996
1591.5494309189535,5.96455209e-07,0.08395266158
1591.5494309189535,5.964719254e-07,0.0839524751
1591.5494309189535,5.964533339e-07,0.08395248888
1591.5494309189535,5.964520041e-07,0.0839528644
1591.5494309189535,5.964537732e-07,0.0839527741
1591.5494309189535,5.964623806e-07,0.08395273931
1591.5494309189535,5.964419481e-07,0.08395303336
1591.5494309189535,5.964580278e-07,0.08395276503
1591.5494309189535,5.964521145e-07,0.08395221327
1591.5494309189535,5.964670535e-07,0.08395209916
Freq,1591.5494309189535,Rs,0.083952672505,2.563029288410418e-07,Ls,5.964588649375e-07,8.576942504877064e-12
":SOUR:DCS:STAT OFF;:BIAS:STAT OFF;:COMP:BIN:COUN:CLE;:LIST:CLE:ALL;:COMP:BIN:CLE;:AMPL:ALC ON;:APER LONG,16;:BIAS:POL:AUTO OFF;:BIAS:RANG:AUTO ON;:BIAS:VOLT:LEV 0;:COMP:ABIN OFF;:COMP:BIN:COUN:STAT OFF;:COMP:MODE PTOL;:COMP:SLIM -9.9e+037,9.9e+037;:COMP:STAT OFF;:COMP:SWAP OFF;:COMP:TOL:NOM 0;:CURR:LEV 0.1;:DISP:ENAB ON;:DISP:LINE """";:DISP:WIND:TEXT1:DATA:FMSD:DATA 1e-009;:DISP:WIND:TEXT2:DATA:FMSD:DATA 1e-009;:FORM:ASC:LONG ON;:FORM:BORD NORM;:FORM:DATA ASC,64;:FREQ:CW 1592;:FUNC:DEV1:MODE OFF;:FUNC:DEV1:REF:VAL 0;:FUNC:DEV2:MODE OFF;:FUNC:DEV2:REF:VAL 0;:FUNC:IMP:TYPE LSRS;:FUNC:SMON:IDC:STAT OFF;:FUNC:SMON:VDC:STAT OFF;:INIT:CONT OFF;:LIST:MODE SEQ;:LIST:STIM:TYPE FREQ,NONE;:SOUR:DCS:VOLT:LEV 0;:TRIG:DEL 0;:TRIG:SOUR INT;:TRIG:TDEL 0;:DISP:WIND:TEXT1:DATA:FMSD:STAT OFF;:DISP:WIND:TEXT2:DATA:FMSD:STAT OFF;:FUNC:DCR:RANG:VAL 100;:FUNC:IMP:RANG:VAL 0.1;:OUTP:DC:ISOL:LEV:VAL 0.1;:OUTP:DC:ISOL:STAT OFF;:FUNC:DCR:RANG:AUTO ON;:FUNC:IMP:RANG:AUTO ON;:OUTP:DC:ISOL:LEV:AUTO ON;:DISP:PAGE MEASurement;
"
2000.0,5.96950072e-07,0.08395700654
2000.0,5.969431515e-07,0.08395642562
2000.0,5.969438566e-07,0.0839555699
2000.0,5.969483048e-07,0.08395470199
2000.0,5.96939461e-07,0.08395407403
2000.0,5.969629241e-07,0.08395343709
2000.0,5.96945182e-07,0.08395274727
2000.0,5.969505936e-07,0.08395202405
2000.0,5.969307648e-07,0.08395147358
2000.0,5.969620154e-07,0.08395089261
2000.0,5.969494633e-07,0.08395108797
2000.0,5.969541333e-07,0.08395098627
2000.0,5.969488899e-07,0.08395092121
2000.0,5.969461431e-07,0.08395127704
2000.0,5.969538391e-07,0.0839513566
2000.0,5.969435669e-07,0.08395102798
Freq,2000,Rs,0.083952813109375,2.1205672783094467e-06,Ls,5.969482725875001e-07,7.938991298300625e-12
":SOUR:DCS:STAT OFF;:BIAS:STAT OFF;:COMP:BIN:COUN:CLE;:LIST:CLE:ALL;:COMP:BIN:CLE;:AMPL:ALC ON;:APER LONG,16;:BIAS:POL:AUTO OFF;:BIAS:RANG:AUTO ON;:BIAS:VOLT:LEV 0;:COMP:ABIN OFF;:COMP:BIN:COUN:STAT OFF;:COMP:MODE PTOL;:COMP:SLIM -9.9e+037,9.9e+037;:COMP:STAT OFF;:COMP:SWAP OFF;:COMP:TOL:NOM 0;:CURR:LEV 0.1;:DISP:ENAB ON;:DISP:LINE """";:DISP:WIND:TEXT1:DATA:FMSD:DATA 1e-009;:DISP:WIND:TEXT2:DATA:FMSD:DATA 1e-009;:FORM:ASC:LONG ON;:FORM:BORD NORM;:FORM:DATA ASC,64;:FREQ:CW 2000;:FUNC:DEV1:MODE OFF;:FUNC:DEV1:REF:VAL 0;:FUNC:DEV2:MODE OFF;:FUNC:DEV2:REF:VAL 0;:FUNC:IMP:TYPE LSRS;:FUNC:SMON:IDC:STAT OFF;:FUNC:SMON:VDC:STAT OFF;:INIT:CONT OFF;:LIST:MODE SEQ;:LIST:STIM:TYPE FREQ,NONE;:SOUR:DCS:VOLT:LEV 0;:TRIG:DEL 0;:TRIG:SOUR INT;:TRIG:TDEL 0;:DISP:WIND:TEXT1:DATA:FMSD:STAT OFF;:DISP:WIND:TEXT2:DATA:FMSD:STAT OFF;:FUNC:DCR:RANG:VAL 100;:FUNC:IMP:RANG:VAL 0.1;:OUTP:DC:ISOL:LEV:VAL 0.1;:OUTP:DC:ISOL:STAT OFF;:FUNC:DCR:RANG:AUTO ON;:FUNC:IMP:RANG:AUTO ON;:OUTP:DC:ISOL:LEV:AUTO ON;:DISP:PAGE MEASurement;
"
3000.0,5.971496358e-07,0.0839569994
3000.0,5.971612247e-07,0.08395715554
3000.0,5.971394918e-07,0.083957349
3000.0,5.971356884e-07,0.08395749985
3000.0,5.971437639e-07,0.08395716705
3000.0,5.971396122e-07,0.08395753469
3000.0,5.971619497e-07,0.08395783512
3000.0,5.971377027e-07,0.08395736168
3000.0,5.971613564e-07,0.08395703667
3000.0,5.971745138e-07,0.08395733567
3000.0,5.97158498e-07,0.08395713907
3000.0,5.971523232e-07,0.08395680568
3000.0,5.971453873e-07,0.08395655808
3000.0,5.971646472e-07,0.08395637884
3000.0,5.971437869e-07,0.0839557729
3000.0,5.971453176e-07,0.08395518955
Freq,3000,Rs,0.083956944924375,6.843539156309899e-07,Ls,5.971509312250001e-07,1.146636381504957e-11
":SOUR:DCS:STAT OFF;:BIAS:STAT OFF;:COMP:BIN:COUN:CLE;:LIST:CLE:ALL;:COMP:BIN:CLE;:AMPL:ALC ON;:APER LONG,16;:BIAS:POL:AUTO OFF;:BIAS:RANG:AUTO ON;:BIAS:VOLT:LEV 0;:COMP:ABIN OFF;:COMP:BIN:COUN:STAT OFF;:COMP:MODE PTOL;:COMP:SLIM -9.9e+037,9.9e+037;:COMP:STAT OFF;:COMP:SWAP OFF;:COMP:TOL:NOM 0;:CURR:LEV 0.1;:DISP:ENAB ON;:DISP:LINE """";:DISP:WIND:TEXT1:DATA:FMSD:DATA 1e-009;:DISP:WIND:TEXT2:DATA:FMSD:DATA 1e-009;:FORM:ASC:LONG ON;:FORM:BORD NORM;:FORM:DATA ASC,64;:FREQ:CW 3000;:FUNC:DEV1:MODE OFF;:FUNC:DEV1:REF:VAL 0;:FUNC:DEV2:MODE OFF;:FUNC:DEV2:REF:VAL 0;:FUNC:IMP:TYPE LSRS;:FUNC:SMON:IDC:STAT OFF;:FUNC:SMON:VDC:STAT OFF;:INIT:CONT OFF;:LIST:MODE SEQ;:LIST:STIM:TYPE FREQ,NONE;:SOUR:DCS:VOLT:LEV 0;:TRIG:DEL 0;:TRIG:SOUR INT;:TRIG:TDEL 0;:DISP:WIND:TEXT1:DATA:FMSD:STAT OFF;:DISP:WIND:TEXT2:DATA:FMSD:STAT OFF;:FUNC:DCR:RANG:VAL 100;:FUNC:IMP:RANG:VAL 0.1;:OUTP:DC:ISOL:LEV:VAL 0.1;:OUTP:DC:ISOL:STAT OFF;:FUNC:DCR:RANG:AUTO ON;:FUNC:IMP:RANG:AUTO ON;:OUTP:DC:ISOL:LEV:AUTO ON;:DISP:PAGE MEASurement;
"
5000.0,5.968805719e-07,0.0840060314
5000.0,5.968688609e-07,0.08400520761
5000.0,5.968607361e-07,0.08400535663
5000.0,5.968630228e-07,0.08400534258
5000.0,5.968624949e-07,0.08400531553
5000.0,5.96881421e-07,0.08400410605
5000.0,5.968624336e-07,0.08400361768
5000.0,5.968622084e-07,0.08400463159
5000.0,5.968815049e-07,0.08400462058
5000.0,5.968740071e-07,0.08400367774
5000.0,5.968767979e-07,0.08400408321
5000.0,5.968700133e-07,0.08400363085
5000.0,5.968636965e-07,0.08400381429
5000.0,5.96886416e-07,0.08400357676
5000.0,5.968724313e-07,0.08400319022
5000.0,5.968770623e-07,0.08400337423
Freq,5000,Rs,0.084004348559375,8.742247875112185e-07,Ls,5.9687147993125e-07,8.473029796067661e-12
":SOUR:DCS:STAT OFF;:BIAS:STAT OFF;:COMP:BIN:COUN:CLE;:LIST:CLE:ALL;:COMP:BIN:CLE;:AMPL:ALC ON;:APER LONG,16;:BIAS:POL:AUTO OFF;:BIAS:RANG:AUTO ON;:BIAS:VOLT:LEV 0;:COMP:ABIN OFF;:COMP:BIN:COUN:STAT OFF;:COMP:MODE PTOL;:COMP:SLIM -9.9e+037,9.9e+037;:COMP:STAT OFF;:COMP:SWAP OFF;:COMP:TOL:NOM 0;:CURR:LEV 0.1;:DISP:ENAB ON;:DISP:LINE """";:DISP:WIND:TEXT1:DATA:FMSD:DATA 1e-009;:DISP:WIND:TEXT2:DATA:FMSD:DATA 1e-009;:FORM:ASC:LONG ON;:FORM:BORD NORM;:FORM:DATA ASC,64;:FREQ:CW 5000;:FUNC:DEV1:MODE OFF;:FUNC:DEV1:REF:VAL 0;:FUNC:DEV2:MODE OFF;:FUNC:DEV2:REF:VAL 0;:FUNC:IMP:TYPE LSRS;:FUNC:SMON:IDC:STAT OFF;:FUNC:SMON:VDC:STAT OFF;:INIT:CONT OFF;:LIST:MODE SEQ;:LIST:STIM:TYPE FREQ,NONE;:SOUR:DCS:VOLT:LEV 0;:TRIG:DEL 0;:TRIG:SOUR INT;:TRIG:TDEL 0;:DISP:WIND:TEXT1:DATA:FMSD:STAT OFF;:DISP:WIND:TEXT2:DATA:FMSD:STAT OFF;:FUNC:DCR:RANG:VAL 100;:FUNC:IMP:RANG:VAL 0.1;:OUTP:DC:ISOL:LEV:VAL 0.1;:OUTP:DC:ISOL:STAT OFF;:FUNC:DCR:RANG:AUTO ON;:FUNC:IMP:RANG:AUTO ON;:OUTP:DC:ISOL:LEV:AUTO ON;:DISP:PAGE MEASurement;
"
":SOUR:DCS:STAT OFF;:BIAS:STAT OFF;:COMP:BIN:COUN:CLE;:LIST:CLE:ALL;:COMP:BIN:CLE;:AMPL:ALC ON;:APER LONG,16;:BIAS:POL:AUTO OFF;:BIAS:RANG:AUTO ON;:BIAS:VOLT:LEV 0;:COMP:ABIN OFF;:COMP:BIN:COUN:STAT OFF;:COMP:MODE PTOL;:COMP:SLIM -9.9e+037,9.9e+037;:COMP:STAT OFF;:COMP:SWAP OFF;:COMP:TOL:NOM 0;:CURR:LEV 0.1;:DISP:ENAB ON;:DISP:LINE """";:DISP:WIND:TEXT1:DATA:FMSD:DATA 1e-009;:DISP:WIND:TEXT2:DATA:FMSD:DATA 1e-009;:FORM:ASC:LONG ON;:FORM:BORD NORM;:FORM:DATA ASC,64;:FREQ:CW 5000;:FUNC:DEV1:MODE OFF;:FUNC:DEV1:REF:VAL 0;:FUNC:DEV2:MODE OFF;:FUNC:DEV2:REF:VAL 0;:FUNC:IMP:TYPE LSRS;:FUNC:SMON:IDC:STAT OFF;:FUNC:SMON:VDC:STAT OFF;:INIT:CONT OFF;:LIST:MODE SEQ;:LIST:STIM:TYPE FREQ,NONE;:SOUR:DCS:VOLT:LEV 0;:TRIG:DEL 0;:TRIG:SOUR INT;:TRIG:TDEL 0;:DISP:WIND:TEXT1:DATA:FMSD:STAT OFF;:DISP:WIND:TEXT2:DATA:FMSD:STAT OFF;:FUNC:DCR:RANG:VAL 100;:FUNC:IMP:RANG:VAL 0.1;:OUTP:DC:ISOL:LEV:VAL 0.1;:OUTP:DC:ISOL:STAT OFF;:FUNC:DCR:RANG:AUTO ON;:FUNC:IMP:RANG:AUTO ON;:OUTP:DC:ISOL:LEV:AUTO ON;:DISP:PAGE MEASurement;
"
2022-09-16,15:41:56
---------run finished---------
lcr name:,KeySight E4980A
Name and description of Resistor under test: ,RM6
GPIB source:,<bound method MessageBasedResource.read of <'GPIBInstrument'('GPIB0::17::INSTR')>>
2022-09-16,15:46:14
select the freq range,"[50, 100, 200, 300, 500, 800, 1000, 1591.5494309189535, 2000, 3000, 5000]"
50.0,6.36127741e-07,0.08515988749
50.0,6.357097013e-07,0.08514836708
50.0,6.360135448e-07,0.08513771085
50.0,6.331832887e-07,0.08512651817
50.0,6.301858558e-07,0.08511699426
50.0,6.283852265e-07,0.08510797752
50.0,6.289957284e-07,0.08509903956
50.0,6.308251496e-07,0.0850884764
50.0,6.2937452e-07,0.0850778811
50.0,6.300941073e-07,0.08506614793
50.0,6.307208566e-07,0.08505539954
50.0,6.342695141e-07,0.08504639085
50.0,6.343340055e-07,0.08503689904
50.0,6.348369253e-07,0.08502805112
50.0,6.339757737e-07,0.08502060337
50.0,6.353083672e-07,0.08501167432
Freq,50,Rs,0.0850830011625,4.7382116723612785e-05,Ls,6.326462691125001e-07,2.757378314950486e-09
":SOUR:DCS:STAT OFF;:BIAS:STAT OFF;:COMP:BIN:COUN:CLE;:LIST:CLE:ALL;:COMP:BIN:CLE;:AMPL:ALC ON;:APER LONG,16;:BIAS:POL:AUTO OFF;:BIAS:RANG:AUTO ON;:BIAS:VOLT:LEV 0;:COMP:ABIN OFF;:COMP:BIN:COUN:STAT OFF;:COMP:MODE PTOL;:COMP:SLIM -9.9e+037,9.9e+037;:COMP:STAT OFF;:COMP:SWAP OFF;:COMP:TOL:NOM 0;:CURR:LEV 0.1;:DISP:ENAB ON;:DISP:LINE """";:DISP:WIND:TEXT1:DATA:FMSD:DATA 1e-009;:DISP:WIND:TEXT2:DATA:FMSD:DATA 1e-009;:FORM:ASC:LONG ON;:FORM:BORD NORM;:FORM:DATA ASC,64;:FREQ:CW 50;:FUNC:DEV1:MODE OFF;:FUNC:DEV1:REF:VAL 0;:FUNC:DEV2:MODE OFF;:FUNC:DEV2:REF:VAL 0;:FUNC:IMP:TYPE LSRS;:FUNC:SMON:IDC:STAT OFF;:FUNC:SMON:VDC:STAT OFF;:INIT:CONT OFF;:LIST:MODE SEQ;:LIST:STIM:TYPE FREQ,NONE;:SOUR:DCS:VOLT:LEV 0;:TRIG:DEL 0;:TRIG:SOUR INT;:TRIG:TDEL 0;:DISP:WIND:TEXT1:DATA:FMSD:STAT OFF;:DISP:WIND:TEXT2:DATA:FMSD:STAT OFF;:FUNC:DCR:RANG:VAL 100;:FUNC:IMP:RANG:VAL 0.1;:OUTP:DC:ISOL:LEV:VAL 0.1;:OUTP:DC:ISOL:STAT OFF;:FUNC:DCR:RANG:AUTO ON;:FUNC:IMP:RANG:AUTO ON;:OUTP:DC:ISOL:LEV:AUTO ON;:DISP:PAGE MEASurement;
"
100.0,6.107959153e-07,0.08497885853
100.0,6.110659062e-07,0.08497177575
100.0,6.101925787e-07,0.0849650902
100.0,6.119734215e-07,0.08495820221
100.0,6.104235125e-07,0.08495149803
100.0,6.110450053e-07,0.08494401695
100.0,6.104163011e-07,0.08493771164
100.0,6.103427307e-07,0.08493149414
100.0,6.113317056e-07,0.08492526252
100.0,6.111862665e-07,0.08491859715
100.0,6.109848307e-07,0.08491279447
100.0,6.106981699e-07,0.08490731201
100.0,6.109122047e-07,0.08490149334
100.0,6.110780955e-07,0.08489643768
100.0,6.116705338e-07,0.08489078668
100.0,6.112035034e-07,0.08488543551
Freq,100,Rs,0.084929797925625,2.9782238318756104e-05,Ls,6.109575425875e-07,4.805963497694562e-10
":SOUR:DCS:STAT OFF;:BIAS:STAT OFF;:COMP:BIN:COUN:CLE;:LIST:CLE:ALL;:COMP:BIN:CLE;:AMPL:ALC ON;:APER LONG,16;:BIAS:POL:AUTO OFF;:BIAS:RANG:AUTO ON;:BIAS:VOLT:LEV 0;:COMP:ABIN OFF;:COMP:BIN:COUN:STAT OFF;:COMP:MODE PTOL;:COMP:SLIM -9.9e+037,9.9e+037;:COMP:STAT OFF;:COMP:SWAP OFF;:COMP:TOL:NOM 0;:CURR:LEV 0.1;:DISP:ENAB ON;:DISP:LINE """";:DISP:WIND:TEXT1:DATA:FMSD:DATA 1e-009;:DISP:WIND:TEXT2:DATA:FMSD:DATA 1e-009;:FORM:ASC:LONG ON;:FORM:BORD NORM;:FORM:DATA ASC,64;:FREQ:CW 100;:FUNC:DEV1:MODE OFF;:FUNC:DEV1:REF:VAL 0;:FUNC:DEV2:MODE OFF;:FUNC:DEV2:REF:VAL 0;:FUNC:IMP:TYPE LSRS;:FUNC:SMON:IDC:STAT OFF;:FUNC:SMON:VDC:STAT OFF;:INIT:CONT OFF;:LIST:MODE SEQ;:LIST:STIM:TYPE FREQ,NONE;:SOUR:DCS:VOLT:LEV 0;:TRIG:DEL 0;:TRIG:SOUR INT;:TRIG:TDEL 0;:DISP:WIND:TEXT1:DATA:FMSD:STAT OFF;:DISP:WIND:TEXT2:DATA:FMSD:STAT OFF;:FUNC:DCR:RANG:VAL 100;:FUNC:IMP:RANG:VAL 0.1;:OUTP:DC:ISOL:LEV:VAL 0.1;:OUTP:DC:ISOL:STAT OFF;:FUNC:DCR:RANG:AUTO ON;:FUNC:IMP:RANG:AUTO ON;:OUTP:DC:ISOL:LEV:AUTO ON;:DISP:PAGE MEASurement;
"
200.0,6.117180974e-07,0.08489976851
200.0,6.116744018e-07,0.08489469527
200.0,6.116048526e-07,0.08489077071
200.0,6.115647656e-07,0.08488748581
200.0,6.114530857e-07,0.08488261592
200.0,6.116312263e-07,0.0848785266
200.0,6.115968543e-07,0.08487463184
200.0,6.113851416e-07,0.08487121157
200.0,6.114761609e-07,0.08486855039
200.0,6.113908887e-07,0.08486530667
200.0,6.119600693e-07,0.08486246974
200.0,6.115358235e-07,0.08485920878
200.0,6.113844008e-07,0.08485591805
200.0,6.117120625e-07,0.08485253455
200.0,6.118249222e-07,0.08484909032
200.0,6.115448907e-07,0.08484617029
Freq,200,Rs,0.08487118468875,1.6675778640987992e-05,Ls,6.1159110274375e-07,1.620111537132319e-10
":SOUR:DCS:STAT OFF;:BIAS:STAT OFF;:COMP:BIN:COUN:CLE;:LIST:CLE:ALL;:COMP:BIN:CLE;:AMPL:ALC ON;:APER LONG,16;:BIAS:POL:AUTO OFF;:BIAS:RANG:AUTO ON;:BIAS:VOLT:LEV 0;:COMP:ABIN OFF;:COMP:BIN:COUN:STAT OFF;:COMP:MODE PTOL;:COMP:SLIM -9.9e+037,9.9e+037;:COMP:STAT OFF;:COMP:SWAP OFF;:COMP:TOL:NOM 0;:CURR:LEV 0.1;:DISP:ENAB ON;:DISP:LINE """";:DISP:WIND:TEXT1:DATA:FMSD:DATA 1e-009;:DISP:WIND:TEXT2:DATA:FMSD:DATA 1e-009;:FORM:ASC:LONG ON;:FORM:BORD NORM;:FORM:DATA ASC,64;:FREQ:CW 200;:FUNC:DEV1:MODE OFF;:FUNC:DEV1:REF:VAL 0;:FUNC:DEV2:MODE OFF;:FUNC:DEV2:REF:VAL 0;:FUNC:IMP:TYPE LSRS;:FUNC:SMON:IDC:STAT OFF;:FUNC:SMON:VDC:STAT OFF;:INIT:CONT OFF;:LIST:MODE SEQ;:LIST:STIM:TYPE FREQ,NONE;:SOUR:DCS:VOLT:LEV 0;:TRIG:DEL 0;:TRIG:SOUR INT;:TRIG:TDEL 0;:DISP:WIND:TEXT1:DATA:FMSD:STAT OFF;:DISP:WIND:TEXT2:DATA:FMSD:STAT OFF;:FUNC:DCR:RANG:VAL 100;:FUNC:IMP:RANG:VAL 0.1;:OUTP:DC:ISOL:LEV:VAL 0.1;:OUTP:DC:ISOL:STAT OFF;:FUNC:DCR:RANG:AUTO ON;:FUNC:IMP:RANG:AUTO ON;:OUTP:DC:ISOL:LEV:AUTO ON;:DISP:PAGE MEASurement;
"
300.0,6.020982659e-07,0.08484376744
300.0,6.022969127e-07,0.08484068242
300.0,6.023215978e-07,0.08483762509
300.0,6.022506536e-07,0.08483411142
300.0,6.024415129e-07,0.08483125109
300.0,6.021203216e-07,0.08482871943
300.0,6.023278428e-07,0.08482620965
300.0,6.02317775e-07,0.08482348517
300.0,6.023280438e-07,0.08482080822
300.0,6.021807915e-07,0.08481773352
300.0,6.0236497e-07,0.08481562472
300.0,6.022505186e-07,0.08481319945
300.0,6.022883289e-07,0.08481099602
300.0,6.022960068e-07,0.08480924039
300.0,6.021530012e-07,0.08480736221
300.0,6.022889681e-07,0.08480550635
Freq,300,Rs,0.084822895161875,1.2273117293547986e-05,Ls,6.0227034445e-07,9.182847272896763e-11
":SOUR:DCS:STAT OFF;:BIAS:STAT OFF;:COMP:BIN:COUN:CLE;:LIST:CLE:ALL;:COMP:BIN:CLE;:AMPL:ALC ON;:APER LONG,16;:BIAS:POL:AUTO OFF;:BIAS:RANG:AUTO ON;:BIAS:VOLT:LEV 0;:COMP:ABIN OFF;:COMP:BIN:COUN:STAT OFF;:COMP:MODE PTOL;:COMP:SLIM -9.9e+037,9.9e+037;:COMP:STAT OFF;:COMP:SWAP OFF;:COMP:TOL:NOM 0;:CURR:LEV 0.1;:DISP:ENAB ON;:DISP:LINE """";:DISP:WIND:TEXT1:DATA:FMSD:DATA 1e-009;:DISP:WIND:TEXT2:DATA:FMSD:DATA 1e-009;:FORM:ASC:LONG ON;:FORM:BORD NORM;:FORM:DATA ASC,64;:FREQ:CW 300;:FUNC:DEV1:MODE OFF;:FUNC:DEV1:REF:VAL 0;:FUNC:DEV2:MODE OFF;:FUNC:DEV2:REF:VAL 0;:FUNC:IMP:TYPE LSRS;:FUNC:SMON:IDC:STAT OFF;:FUNC:SMON:VDC:STAT OFF;:INIT:CONT OFF;:LIST:MODE SEQ;:LIST:STIM:TYPE FREQ,NONE;:SOUR:DCS:VOLT:LEV 0;:TRIG:DEL 0;:TRIG:SOUR INT;:TRIG:TDEL 0;:DISP:WIND:TEXT1:DATA:FMSD:STAT OFF;:DISP:WIND:TEXT2:DATA:FMSD:STAT OFF;:FUNC:DCR:RANG:VAL 100;:FUNC:IMP:RANG:VAL 0.1;:OUTP:DC:ISOL:LEV:VAL 0.1;:OUTP:DC:ISOL:STAT OFF;:FUNC:DCR:RANG:AUTO ON;:FUNC:IMP:RANG:AUTO ON;:OUTP:DC:ISOL:LEV:AUTO ON;:DISP:PAGE MEASurement;
"
500.0,5.978267634e-07,0.08481352654
500.0,5.978893432e-07,0.08481206537
500.0,5.97782835e-07,0.08481034185
500.0,5.977208472e-07,0.08480877946
500.0,5.978392856e-07,0.08480701838
500.0,5.978059763e-07,0.08480515489
500.0,5.978242586e-07,0.08480333148
500.0,5.978751698e-07,0.08480132489
500.0,5.977880189e-07,0.08479946502
500.0,5.978018138e-07,0.08479753968
500.0,5.978039206e-07,0.08479592317
500.0,5.978148545e-07,0.08479381127
500.0,5.978516209e-07,0.08479226776
500.0,5.979209315e-07,0.08479029975
500.0,5.978306842e-07,0.08478888175
500.0,5.978277431e-07,0.08478659369
Freq,500,Rs,0.084800395309375,8.630352879819976e-06,Ls,5.978252541624999e-07,4.637182192886734e-11
":SOUR:DCS:STAT OFF;:BIAS:STAT OFF;:COMP:BIN:COUN:CLE;:LIST:CLE:ALL;:COMP:BIN:CLE;:AMPL:ALC ON;:APER LONG,16;:BIAS:POL:AUTO OFF;:BIAS:RANG:AUTO ON;:BIAS:VOLT:LEV 0;:COMP:ABIN OFF;:COMP:BIN:COUN:STAT OFF;:COMP:MODE PTOL;:COMP:SLIM -9.9e+037,9.9e+037;:COMP:STAT OFF;:COMP:SWAP OFF;:COMP:TOL:NOM 0;:CURR:LEV 0.1;:DISP:ENAB ON;:DISP:LINE """";:DISP:WIND:TEXT1:DATA:FMSD:DATA 1e-009;:DISP:WIND:TEXT2:DATA:FMSD:DATA 1e-009;:FORM:ASC:LONG ON;:FORM:BORD NORM;:FORM:DATA ASC,64;:FREQ:CW 500;:FUNC:DEV1:MODE OFF;:FUNC:DEV1:REF:VAL 0;:FUNC:DEV2:MODE OFF;:FUNC:DEV2:REF:VAL 0;:FUNC:IMP:TYPE LSRS;:FUNC:SMON:IDC:STAT OFF;:FUNC:SMON:VDC:STAT OFF;:INIT:CONT OFF;:LIST:MODE SEQ;:LIST:STIM:TYPE FREQ,NONE;:SOUR:DCS:VOLT:LEV 0;:TRIG:DEL 0;:TRIG:SOUR INT;:TRIG:TDEL 0;:DISP:WIND:TEXT1:DATA:FMSD:STAT OFF;:DISP:WIND:TEXT2:DATA:FMSD:STAT OFF;:FUNC:DCR:RANG:VAL 100;:FUNC:IMP:RANG:VAL 0.1;:OUTP:DC:ISOL:LEV:VAL 0.1;:OUTP:DC:ISOL:STAT OFF;:FUNC:DCR:RANG:AUTO ON;:FUNC:IMP:RANG:AUTO ON;:OUTP:DC:ISOL:LEV:AUTO ON;:DISP:PAGE MEASurement;
"
800.0,5.96664004e-07,0.08479077952
800.0,5.966596799e-07,0.0847896497
800.0,5.96693819e-07,0.08478786934
800.0,5.966930985e-07,0.08478661581
800.0,5.966819412e-07,0.0847850649
800.0,5.967002462e-07,0.08478371035
800.0,5.966359243e-07,0.08478234949
800.0,5.966417668e-07,0.08478058462
800.0,5.966522099e-07,0.08477964875
800.0,5.966794261e-07,0.08477904074
800.0,5.966566013e-07,0.08477804927
800.0,5.966671463e-07,0.08477732264
800.0,5.966511976e-07,0.08477650956
800.0,5.966718364e-07,0.08477566833
800.0,5.966462225e-07,0.08477494214
800.0,5.966649828e-07,0.08477366767
Freq,800,Rs,0.084781342051875,5.416754283328912e-06,Ls,5.96666256425e-07,1.9279101405046514e-11
":SOUR:DCS:STAT OFF;:BIAS:STAT OFF;:COMP:BIN:COUN:CLE;:LIST:CLE:ALL;:COMP:BIN:CLE;:AMPL:ALC ON;:APER LONG,16;:BIAS:POL:AUTO OFF;:BIAS:RANG:AUTO ON;:BIAS:VOLT:LEV 0;:COMP:ABIN OFF;:COMP:BIN:COUN:STAT OFF;:COMP:MODE PTOL;:COMP:SLIM -9.9e+037,9.9e+037;:COMP:STAT OFF;:COMP:SWAP OFF;:COMP:TOL:NOM 0;:CURR:LEV 0.1;:DISP:ENAB ON;:DISP:LINE """";:DISP:WIND:TEXT1:DATA:FMSD:DATA 1e-009;:DISP:WIND:TEXT2:DATA:FMSD:DATA 1e-009;:FORM:ASC:LONG ON;:FORM:BORD NORM;:FORM:DATA ASC,64;:FREQ:CW 800;:FUNC:DEV1:MODE OFF;:FUNC:DEV1:REF:VAL 0;:FUNC:DEV2:MODE OFF;:FUNC:DEV2:REF:VAL 0;:FUNC:IMP:TYPE LSRS;:FUNC:SMON:IDC:STAT OFF;:FUNC:SMON:VDC:STAT OFF;:INIT:CONT OFF;:LIST:MODE SEQ;:LIST:STIM:TYPE FREQ,NONE;:SOUR:DCS:VOLT:LEV 0;:TRIG:DEL 0;:TRIG:SOUR INT;:TRIG:TDEL 0;:DISP:WIND:TEXT1:DATA:FMSD:STAT OFF;:DISP:WIND:TEXT2:DATA:FMSD:STAT OFF;:FUNC:DCR:RANG:VAL 100;:FUNC:IMP:RANG:VAL 0.1;:OUTP:DC:ISOL:LEV:VAL 0.1;:OUTP:DC:ISOL:STAT OFF;:FUNC:DCR:RANG:AUTO ON;:FUNC:IMP:RANG:AUTO ON;:OUTP:DC:ISOL:LEV:AUTO ON;:DISP:PAGE MEASurement;
"
1000.0,5.961562233e-07,0.08476282763
1000.0,5.961384785e-07,0.08476191455
1000.0,5.961616812e-07,0.08476097753
1000.0,5.961381925e-07,0.08475954324
1000.0,5.961446209e-07,0.08475831443
1000.0,5.961375701e-07,0.08475717386
1000.0,5.961154625e-07,0.08475622167
1000.0,5.961538137e-07,0.08475522547
1000.0,5.961336801e-07,0.08475414574
1000.0,5.961160939e-07,0.0847532585
1000.0,5.960980251e-07,0.08475216483
1000.0,5.961056034e-07,0.08475104003
1000.0,5.961170016e-07,0.08474979891
1000.0,5.960872378e-07,0.08474843078
1000.0,5.961216671e-07,0.08474721883
1000.0,5.960903825e-07,0.0847462784
Freq,1000,Rs,0.0847546584,5.260818073551426e-06,Ls,5.961259833875e-07,2.3213212040892894e-11
":SOUR:DCS:STAT OFF;:BIAS:STAT OFF;:COMP:BIN:COUN:CLE;:LIST:CLE:ALL;:COMP:BIN:CLE;:AMPL:ALC ON;:APER LONG,16;:BIAS:POL:AUTO OFF;:BIAS:RANG:AUTO ON;:BIAS:VOLT:LEV 0;:COMP:ABIN OFF;:COMP:BIN:COUN:STAT OFF;:COMP:MODE PTOL;:COMP:SLIM -9.9e+037,9.9e+037;:COMP:STAT OFF;:COMP:SWAP OFF;:COMP:TOL:NOM 0;:CURR:LEV 0.1;:DISP:ENAB ON;:DISP:LINE """";:DISP:WIND:TEXT1:DATA:FMSD:DATA 1e-009;:DISP:WIND:TEXT2:DATA:FMSD:DATA 1e-009;:FORM:ASC:LONG ON;:FORM:BORD NORM;:FORM:DATA ASC,64;:FREQ:CW 1000;:FUNC:DEV1:MODE OFF;:FUNC:DEV1:REF:VAL 0;:FUNC:DEV2:MODE OFF;:FUNC:DEV2:REF:VAL 0;:FUNC:IMP:TYPE LSRS;:FUNC:SMON:IDC:STAT OFF;:FUNC:SMON:VDC:STAT OFF;:INIT:CONT OFF;:LIST:MODE SEQ;:LIST:STIM:TYPE FREQ,NONE;:SOUR:DCS:VOLT:LEV 0;:TRIG:DEL 0;:TRIG:SOUR INT;:TRIG:TDEL 0;:DISP:WIND:TEXT1:DATA:FMSD:STAT OFF;:DISP:WIND:TEXT2:DATA:FMSD:STAT OFF;:FUNC:DCR:RANG:VAL 100;:FUNC:IMP:RANG:VAL 0.1;:OUTP:DC:ISOL:LEV:VAL 0.1;:OUTP:DC:ISOL:STAT OFF;:FUNC:DCR:RANG:AUTO ON;:FUNC:IMP:RANG:AUTO ON;:OUTP:DC:ISOL:LEV:AUTO ON;:DISP:PAGE MEASurement;
"
1591.5494309189535,5.963769846e-07,0.08474516488
1591.5494309189535,5.963913468e-07,0.0847439738
1591.5494309189535,5.963829945e-07,0.08474265642
1591.5494309189535,5.964039103e-07,0.08474129789
1591.5494309189535,5.963824229e-07,0.08473987346
1591.5494309189535,5.963967233e-07,0.08473881997
1591.5494309189535,5.963958637e-07,0.08473776827
1591.5494309189535,5.963899488e-07,0.08473689029
1591.5494309189535,5.963923526e-07,0.08473618993
1591.5494309189535,5.963722782e-07,0.0847351371
1591.5494309189535,5.963930376e-07,0.08473429581
1591.5494309189535,5.963864098e-07,0.08473334778
1591.5494309189535,5.964202152e-07,0.08473258772
1591.5494309189535,5.963887814e-07,0.08473169014
1591.5494309189535,5.963770617e-07,0.0847309902
1591.5494309189535,5.963532633e-07,0.08472980562
Freq,1591.5494309189535,Rs,0.08473690558,4.7477179467753375e-06,Ls,5.9638772466875e-07,1.4699424424099803e-11
":SOUR:DCS:STAT OFF;:BIAS:STAT OFF;:COMP:BIN:COUN:CLE;:LIST:CLE:ALL;:COMP:BIN:CLE;:AMPL:ALC ON;:APER LONG,16;:BIAS:POL:AUTO OFF;:BIAS:RANG:AUTO ON;:BIAS:VOLT:LEV 0;:COMP:ABIN OFF;:COMP:BIN:COUN:STAT OFF;:COMP:MODE PTOL;:COMP:SLIM -9.9e+037,9.9e+037;:COMP:STAT OFF;:COMP:SWAP OFF;:COMP:TOL:NOM 0;:CURR:LEV 0.1;:DISP:ENAB ON;:DISP:LINE """";:DISP:WIND:TEXT1:DATA:FMSD:DATA 1e-009;:DISP:WIND:TEXT2:DATA:FMSD:DATA 1e-009;:FORM:ASC:LONG ON;:FORM:BORD NORM;:FORM:DATA ASC,64;:FREQ:CW 1592;:FUNC:DEV1:MODE OFF;:FUNC:DEV1:REF:VAL 0;:FUNC:DEV2:MODE OFF;:FUNC:DEV2:REF:VAL 0;:FUNC:IMP:TYPE LSRS;:FUNC:SMON:IDC:STAT OFF;:FUNC:SMON:VDC:STAT OFF;:INIT:CONT OFF;:LIST:MODE SEQ;:LIST:STIM:TYPE FREQ,NONE;:SOUR:DCS:VOLT:LEV 0;:TRIG:DEL 0;:TRIG:SOUR INT;:TRIG:TDEL 0;:DISP:WIND:TEXT1:DATA:FMSD:STAT OFF;:DISP:WIND:TEXT2:DATA:FMSD:STAT OFF;:FUNC:DCR:RANG:VAL 100;:FUNC:IMP:RANG:VAL 0.1;:OUTP:DC:ISOL:LEV:VAL 0.1;:OUTP:DC:ISOL:STAT OFF;:FUNC:DCR:RANG:AUTO ON;:FUNC:IMP:RANG:AUTO ON;:OUTP:DC:ISOL:LEV:AUTO ON;:DISP:PAGE MEASurement;
"
2000.0,5.968893409e-07,0.08473391157
2000.0,5.968742005e-07,0.0847328176
2000.0,5.968811981e-07,0.08473166344
2000.0,5.968923749e-07,0.08473082614
2000.0,5.968747934e-07,0.08472994682
2000.0,5.968884938e-07,0.08472923977
2000.0,5.968813966e-07,0.08472878798
2000.0,5.968721546e-07,0.0847283082
2000.0,5.968815225e-07,0.08472840488
2000.0,5.968730373e-07,0.08472828726
2000.0,5.968744771e-07,0.08472859117
2000.0,5.968906233e-07,0.08472862299
2000.0,5.968864663e-07,0.08472846661
2000.0,5.968813027e-07,0.08472858662
2000.0,5.968922175e-07,0.08472866582
2000.0,5.968824905e-07,0.08472867456
Freq,2000,Rs,0.084729612589375,1.7596203222945569e-06,Ls,5.968822556249999e-07,7.070798632268206e-12
":SOUR:DCS:STAT OFF;:BIAS:STAT OFF;:COMP:BIN:COUN:CLE;:LIST:CLE:ALL;:COMP:BIN:CLE;:AMPL:ALC ON;:APER LONG,16;:BIAS:POL:AUTO OFF;:BIAS:RANG:AUTO ON;:BIAS:VOLT:LEV 0;:COMP:ABIN OFF;:COMP:BIN:COUN:STAT OFF;:COMP:MODE PTOL;:COMP:SLIM -9.9e+037,9.9e+037;:COMP:STAT OFF;:COMP:SWAP OFF;:COMP:TOL:NOM 0;:CURR:LEV 0.1;:DISP:ENAB ON;:DISP:LINE """";:DISP:WIND:TEXT1:DATA:FMSD:DATA 1e-009;:DISP:WIND:TEXT2:DATA:FMSD:DATA 1e-009;:FORM:ASC:LONG ON;:FORM:BORD NORM;:FORM:DATA ASC,64;:FREQ:CW 2000;:FUNC:DEV1:MODE OFF;:FUNC:DEV1:REF:VAL 0;:FUNC:DEV2:MODE OFF;:FUNC:DEV2:REF:VAL 0;:FUNC:IMP:TYPE LSRS;:FUNC:SMON:IDC:STAT OFF;:FUNC:SMON:VDC:STAT OFF;:INIT:CONT OFF;:LIST:MODE SEQ;:LIST:STIM:TYPE FREQ,NONE;:SOUR:DCS:VOLT:LEV 0;:TRIG:DEL 0;:TRIG:SOUR INT;:TRIG:TDEL 0;:DISP:WIND:TEXT1:DATA:FMSD:STAT OFF;:DISP:WIND:TEXT2:DATA:FMSD:STAT OFF;:FUNC:DCR:RANG:VAL 100;:FUNC:IMP:RANG:VAL 0.1;:OUTP:DC:ISOL:LEV:VAL 0.1;:OUTP:DC:ISOL:STAT OFF;:FUNC:DCR:RANG:AUTO ON;:FUNC:IMP:RANG:AUTO ON;:OUTP:DC:ISOL:LEV:AUTO ON;:DISP:PAGE MEASurement;
"
3000.0,5.970841326e-07,0.08473528847
3000.0,5.970741255e-07,0.08473548737
3000.0,5.970977322e-07,0.08473503421
3000.0,5.970950324e-07,0.0847347421
3000.0,5.970713948e-07,0.08473423765
3000.0,5.970665035e-07,0.08473432733
3000.0,5.970632884e-07,0.0847339944
3000.0,5.970693867e-07,0.08473385214
3000.0,5.97057915e-07,0.08473378785
3000.0,5.970747469e-07,0.08473775976
3000.0,5.970938554e-07,0.08473939838
3000.0,5.970974424e-07,0.08473862468
3000.0,5.971243732e-07,0.08473802501
3000.0,5.970921095e-07,0.08473799484
3000.0,5.970721683e-07,0.08473792653
3000.0,5.970717711e-07,0.08473773486
Freq,3000,Rs,0.08473613847375,1.978995834674656e-06,Ls,5.970816236187501e-07,1.7232066010687056e-11
":SOUR:DCS:STAT OFF;:BIAS:STAT OFF;:COMP:BIN:COUN:CLE;:LIST:CLE:ALL;:COMP:BIN:CLE;:AMPL:ALC ON;:APER LONG,16;:BIAS:POL:AUTO OFF;:BIAS:RANG:AUTO ON;:BIAS:VOLT:LEV 0;:COMP:ABIN OFF;:COMP:BIN:COUN:STAT OFF;:COMP:MODE PTOL;:COMP:SLIM -9.9e+037,9.9e+037;:COMP:STAT OFF;:COMP:SWAP OFF;:COMP:TOL:NOM 0;:CURR:LEV 0.1;:DISP:ENAB ON;:DISP:LINE """";:DISP:WIND:TEXT1:DATA:FMSD:DATA 1e-009;:DISP:WIND:TEXT2:DATA:FMSD:DATA 1e-009;:FORM:ASC:LONG ON;:FORM:BORD NORM;:FORM:DATA ASC,64;:FREQ:CW 3000;:FUNC:DEV1:MODE OFF;:FUNC:DEV1:REF:VAL 0;:FUNC:DEV2:MODE OFF;:FUNC:DEV2:REF:VAL 0;:FUNC:IMP:TYPE LSRS;:FUNC:SMON:IDC:STAT OFF;:FUNC:SMON:VDC:STAT OFF;:INIT:CONT OFF;:LIST:MODE SEQ;:LIST:STIM:TYPE FREQ,NONE;:SOUR:DCS:VOLT:LEV 0;:TRIG:DEL 0;:TRIG:SOUR INT;:TRIG:TDEL 0;:DISP:WIND:TEXT1:DATA:FMSD:STAT OFF;:DISP:WIND:TEXT2:DATA:FMSD:STAT OFF;:FUNC:DCR:RANG:VAL 100;:FUNC:IMP:RANG:VAL 0.1;:OUTP:DC:ISOL:LEV:VAL 0.1;:OUTP:DC:ISOL:STAT OFF;:FUNC:DCR:RANG:AUTO ON;:FUNC:IMP:RANG:AUTO ON;:OUTP:DC:ISOL:LEV:AUTO ON;:DISP:PAGE MEASurement;
"
5000.0,5.967906864e-07,0.08478965149
5000.0,5.967897441e-07,0.0847896865
5000.0,5.967834374e-07,0.0847886693
5000.0,5.967828327e-07,0.08478862566
5000.0,5.967879565e-07,0.08478856751
5000.0,5.967937928e-07,0.08478828307
5000.0,5.967859779e-07,0.08478767056
5000.0,5.967880637e-07,0.08478775283
5000.0,5.967817944e-07,0.08478696013
5000.0,5.968101818e-07,0.08478680228
5000.0,5.96783174e-07,0.08478633167
5000.0,5.967796148e-07,0.08478561625
5000.0,5.967937745e-07,0.08478529821
5000.0,5.967898539e-07,0.08478442213
5000.0,5.967719605e-07,0.08478356035
5000.0,5.967805252e-07,0.0847831276
Freq,5000,Rs,0.08478693909625,2.0576315634776265e-06,Ls,5.967870856625e-07,8.390930291601884e-12
":SOUR:DCS:STAT OFF;:BIAS:STAT OFF;:COMP:BIN:COUN:CLE;:LIST:CLE:ALL;:COMP:BIN:CLE;:AMPL:ALC ON;:APER LONG,16;:BIAS:POL:AUTO OFF;:BIAS:RANG:AUTO ON;:BIAS:VOLT:LEV 0;:COMP:ABIN OFF;:COMP:BIN:COUN:STAT OFF;:COMP:MODE PTOL;:COMP:SLIM -9.9e+037,9.9e+037;:COMP:STAT OFF;:COMP:SWAP OFF;:COMP:TOL:NOM 0;:CURR:LEV 0.1;:DISP:ENAB ON;:DISP:LINE """";:DISP:WIND:TEXT1:DATA:FMSD:DATA 1e-009;:DISP:WIND:TEXT2:DATA:FMSD:DATA 1e-009;:FORM:ASC:LONG ON;:FORM:BORD NORM;:FORM:DATA ASC,64;:FREQ:CW 5000;:FUNC:DEV1:MODE OFF;:FUNC:DEV1:REF:VAL 0;:FUNC:DEV2:MODE OFF;:FUNC:DEV2:REF:VAL 0;:FUNC:IMP:TYPE LSRS;:FUNC:SMON:IDC:STAT OFF;:FUNC:SMON:VDC:STAT OFF;:INIT:CONT OFF;:LIST:MODE SEQ;:LIST:STIM:TYPE FREQ,NONE;:SOUR:DCS:VOLT:LEV 0;:TRIG:DEL 0;:TRIG:SOUR INT;:TRIG:TDEL 0;:DISP:WIND:TEXT1:DATA:FMSD:STAT OFF;:DISP:WIND:TEXT2:DATA:FMSD:STAT OFF;:FUNC:DCR:RANG:VAL 100;:FUNC:IMP:RANG:VAL 0.1;:OUTP:DC:ISOL:LEV:VAL 0.1;:OUTP:DC:ISOL:STAT OFF;:FUNC:DCR:RANG:AUTO ON;:FUNC:IMP:RANG:AUTO ON;:OUTP:DC:ISOL:LEV:AUTO ON;:DISP:PAGE MEASurement;
"
":SOUR:DCS:STAT OFF;:BIAS:STAT OFF;:COMP:BIN:COUN:CLE;:LIST:CLE:ALL;:COMP:BIN:CLE;:AMPL:ALC ON;:APER LONG,16;:BIAS:POL:AUTO OFF;:BIAS:RANG:AUTO ON;:BIAS:VOLT:LEV 0;:COMP:ABIN OFF;:COMP:BIN:COUN:STAT OFF;:COMP:MODE PTOL;:COMP:SLIM -9.9e+037,9.9e+037;:COMP:STAT OFF;:COMP:SWAP OFF;:COMP:TOL:NOM 0;:CURR:LEV 0.1;:DISP:ENAB ON;:DISP:LINE """";:DISP:WIND:TEXT1:DATA:FMSD:DATA 1e-009;:DISP:WIND:TEXT2:DATA:FMSD:DATA 1e-009;:FORM:ASC:LONG ON;:FORM:BORD NORM;:FORM:DATA ASC,64;:FREQ:CW 5000;:FUNC:DEV1:MODE OFF;:FUNC:DEV1:REF:VAL 0;:FUNC:DEV2:MODE OFF;:FUNC:DEV2:REF:VAL 0;:FUNC:IMP:TYPE LSRS;:FUNC:SMON:IDC:STAT OFF;:FUNC:SMON:VDC:STAT OFF;:INIT:CONT OFF;:LIST:MODE SEQ;:LIST:STIM:TYPE FREQ,NONE;:SOUR:DCS:VOLT:LEV 0;:TRIG:DEL 0;:TRIG:SOUR INT;:TRIG:TDEL 0;:DISP:WIND:TEXT1:DATA:FMSD:STAT OFF;:DISP:WIND:TEXT2:DATA:FMSD:STAT OFF;:FUNC:DCR:RANG:VAL 100;:FUNC:IMP:RANG:VAL 0.1;:OUTP:DC:ISOL:LEV:VAL 0.1;:OUTP:DC:ISOL:STAT OFF;:FUNC:DCR:RANG:AUTO ON;:FUNC:IMP:RANG:AUTO ON;:OUTP:DC:ISOL:LEV:AUTO ON;:DISP:PAGE MEASurement;
"
2022-09-16,15:57:32
---------run finished---------
lcr name:,KeySight E4980A
Name and description of Resistor under test: ,RM6R
GPIB source:,<bound method MessageBasedResource.read of <'GPIBInstrument'('GPIB0::17::INSTR')>>
2022-09-16,16:11:42
select the freq range,"[50, 100, 200, 300, 500, 800, 1000, 1591.5494309189535, 2000, 3000, 5000]"
50.0,6.455081794e-07,0.08436769708
50.0,6.460852785e-07,0.08436618999
50.0,6.37265109e-07,0.08436447086
50.0,6.293757446e-07,0.08436657386
50.0,6.27697973e-07,0.08436931535
50.0,6.286626878e-07,0.08436915195
50.0,6.264731822e-07,0.0843688372
50.0,6.27814106e-07,0.08436845124
50.0,6.269836266e-07,0.08436634031
50.0,6.256441884e-07,0.08436472494
50.0,6.303105709e-07,0.08436362398
50.0,6.315447479e-07,0.08436202971
50.0,6.370059643e-07,0.08436208143
50.0,6.430406553e-07,0.08436276899
50.0,6.44323491e-07,0.08436352812
50.0,6.46928139e-07,0.08436464549
Freq,50,Rs,0.08436565190625,2.523482197169304e-06,Ls,6.346664777437501e-07,8.040398857376666e-09
":SOUR:DCS:STAT OFF;:BIAS:STAT OFF;:COMP:BIN:COUN:CLE;:LIST:CLE:ALL;:COMP:BIN:CLE;:AMPL:ALC ON;:APER LONG,16;:BIAS:POL:AUTO OFF;:BIAS:RANG:AUTO ON;:BIAS:VOLT:LEV 0;:COMP:ABIN OFF;:COMP:BIN:COUN:STAT OFF;:COMP:MODE PTOL;:COMP:SLIM -9.9e+037,9.9e+037;:COMP:STAT OFF;:COMP:SWAP OFF;:COMP:TOL:NOM 0;:CURR:LEV 0.1;:DISP:ENAB ON;:DISP:LINE """";:DISP:WIND:TEXT1:DATA:FMSD:DATA 1e-009;:DISP:WIND:TEXT2:DATA:FMSD:DATA 1e-009;:FORM:ASC:LONG ON;:FORM:BORD NORM;:FORM:DATA ASC,64;:FREQ:CW 50;:FUNC:DEV1:MODE OFF;:FUNC:DEV1:REF:VAL 0;:FUNC:DEV2:MODE OFF;:FUNC:DEV2:REF:VAL 0;:FUNC:IMP:TYPE LSRS;:FUNC:SMON:IDC:STAT OFF;:FUNC:SMON:VDC:STAT OFF;:INIT:CONT OFF;:LIST:MODE SEQ;:LIST:STIM:TYPE FREQ,NONE;:SOUR:DCS:VOLT:LEV 0;:TRIG:DEL 0;:TRIG:SOUR INT;:TRIG:TDEL 0;:DISP:WIND:TEXT1:DATA:FMSD:STAT OFF;:DISP:WIND:TEXT2:DATA:FMSD:STAT OFF;:FUNC:DCR:RANG:VAL 100;:FUNC:IMP:RANG:VAL 0.1;:OUTP:DC:ISOL:LEV:VAL 0.1;:OUTP:DC:ISOL:STAT OFF;:FUNC:DCR:RANG:AUTO ON;:FUNC:IMP:RANG:AUTO ON;:OUTP:DC:ISOL:LEV:AUTO ON;:DISP:PAGE MEASurement;
"
100.0,6.111224987e-07,0.08434414174
100.0,6.096688113e-07,0.08434356464
100.0,6.105276756e-07,0.08434318918
100.0,6.115252445e-07,0.08434339794
100.0,6.100614388e-07,0.08434291293
100.0,6.109171662e-07,0.08434264854
100.0,6.10230455e-07,0.08434277708
100.0,6.110042044e-07,0.08434228451
100.0,6.10700848e-07,0.08434163607
100.0,6.109358719e-07,0.0843416246
100.0,6.107034266e-07,0.08434136937
100.0,6.102630585e-07,0.08434110953
100.0,6.109882258e-07,0.08434023327
100.0,6.106492588e-07,0.08433976625
100.0,6.1062344e-07,0.08433917345
100.0,6.103710516e-07,0.08433883657
Freq,100,Rs,0.084341791604375,1.6169759453443776e-06,Ls,6.1064329223125e-07,4.5572979385162376e-10
":SOUR:DCS:STAT OFF;:BIAS:STAT OFF;:COMP:BIN:COUN:CLE;:LIST:CLE:ALL;:COMP:BIN:CLE;:AMPL:ALC ON;:APER LONG,16;:BIAS:POL:AUTO OFF;:BIAS:RANG:AUTO ON;:BIAS:VOLT:LEV 0;:COMP:ABIN OFF;:COMP:BIN:COUN:STAT OFF;:COMP:MODE PTOL;:COMP:SLIM -9.9e+037,9.9e+037;:COMP:STAT OFF;:COMP:SWAP OFF;:COMP:TOL:NOM 0;:CURR:LEV 0.1;:DISP:ENAB ON;:DISP:LINE """";:DISP:WIND:TEXT1:DATA:FMSD:DATA 1e-009;:DISP:WIND:TEXT2:DATA:FMSD:DATA 1e-009;:FORM:ASC:LONG ON;:FORM:BORD NORM;:FORM:DATA ASC,64;:FREQ:CW 100;:FUNC:DEV1:MODE OFF;:FUNC:DEV1:REF:VAL 0;:FUNC:DEV2:MODE OFF;:FUNC:DEV2:REF:VAL 0;:FUNC:IMP:TYPE LSRS;:FUNC:SMON:IDC:STAT OFF;:FUNC:SMON:VDC:STAT OFF;:INIT:CONT OFF;:LIST:MODE SEQ;:LIST:STIM:TYPE FREQ,NONE;:SOUR:DCS:VOLT:LEV 0;:TRIG:DEL 0;:TRIG:SOUR INT;:TRIG:TDEL 0;:DISP:WIND:TEXT1:DATA:FMSD:STAT OFF;:DISP:WIND:TEXT2:DATA:FMSD:STAT OFF;:FUNC:DCR:RANG:VAL 100;:FUNC:IMP:RANG:VAL 0.1;:OUTP:DC:ISOL:LEV:VAL 0.1;:OUTP:DC:ISOL:STAT OFF;:FUNC:DCR:RANG:AUTO ON;:FUNC:IMP:RANG:AUTO ON;:OUTP:DC:ISOL:LEV:AUTO ON;:DISP:PAGE MEASurement;
"
200.0,6.113568444e-07,0.08436208807
200.0,6.1138076e-07,0.08436198853
200.0,6.113220487e-07,0.08436177657
200.0,6.110063137e-07,0.08436173995
200.0,6.111899166e-07,0.0843614744
200.0,6.110497612e-07,0.08436183729
200.0,6.113806254e-07,0.08436213232
200.0,6.112988066e-07,0.08436180786
200.0,6.11423719e-07,0.08436178066
200.0,6.114553686e-07,0.08436149299
200.0,6.114232406e-07,0.0843613502
200.0,6.110578537e-07,0.08436104708
200.0,6.113486977e-07,0.08436128671
200.0,6.11366631e-07,0.08436182697
200.0,6.111719356e-07,0.0843617873
200.0,6.114041286e-07,0.08436203766
Freq,200,Rs,0.08436171591,3.068250731174544e-07,Ls,6.112897907125e-07,1.4683018555029345e-10
":SOUR:DCS:STAT OFF;:BIAS:STAT OFF;:COMP:BIN:COUN:CLE;:LIST:CLE:ALL;:COMP:BIN:CLE;:AMPL:ALC ON;:APER LONG,16;:BIAS:POL:AUTO OFF;:BIAS:RANG:AUTO ON;:BIAS:VOLT:LEV 0;:COMP:ABIN OFF;:COMP:BIN:COUN:STAT OFF;:COMP:MODE PTOL;:COMP:SLIM -9.9e+037,9.9e+037;:COMP:STAT OFF;:COMP:SWAP OFF;:COMP:TOL:NOM 0;:CURR:LEV 0.1;:DISP:ENAB ON;:DISP:LINE """";:DISP:WIND:TEXT1:DATA:FMSD:DATA 1e-009;:DISP:WIND:TEXT2:DATA:FMSD:DATA 1e-009;:FORM:ASC:LONG ON;:FORM:BORD NORM;:FORM:DATA ASC,64;:FREQ:CW 200;:FUNC:DEV1:MODE OFF;:FUNC:DEV1:REF:VAL 0;:FUNC:DEV2:MODE OFF;:FUNC:DEV2:REF:VAL 0;:FUNC:IMP:TYPE LSRS;:FUNC:SMON:IDC:STAT OFF;:FUNC:SMON:VDC:STAT OFF;:INIT:CONT OFF;:LIST:MODE SEQ;:LIST:STIM:TYPE FREQ,NONE;:SOUR:DCS:VOLT:LEV 0;:TRIG:DEL 0;:TRIG:SOUR INT;:TRIG:TDEL 0;:DISP:WIND:TEXT1:DATA:FMSD:STAT OFF;:DISP:WIND:TEXT2:DATA:FMSD:STAT OFF;:FUNC:DCR:RANG:VAL 100;:FUNC:IMP:RANG:VAL 0.1;:OUTP:DC:ISOL:LEV:VAL 0.1;:OUTP:DC:ISOL:STAT OFF;:FUNC:DCR:RANG:AUTO ON;:FUNC:IMP:RANG:AUTO ON;:OUTP:DC:ISOL:LEV:AUTO ON;:DISP:PAGE MEASurement;
"
300.0,6.019948758e-07,0.08436674835
300.0,6.02185721e-07,0.08436670723
300.0,6.020960998e-07,0.08436672362
300.0,6.019425356e-07,0.08436626989
300.0,6.021040176e-07,0.0843661932
300.0,6.020084089e-07,0.08436570254
300.0,6.019515381e-07,0.08436577395
300.0,6.019289813e-07,0.08436527903
300.0,6.020378507e-07,0.08436517262
300.0,6.019504108e-07,0.08436521316
300.0,6.019645364e-07,0.0843648242
300.0,6.019667285e-07,0.08436491593
300.0,6.020259653e-07,0.0843651954
300.0,6.02224875e-07,0.08436538834
300.0,6.018840261e-07,0.08436564057
300.0,6.02158464e-07,0.08436598204
Freq,300,Rs,0.084365733129375,6.442703633371422e-07,Ls,6.0202656468125e-07,1.0003589780885452e-10
":SOUR:DCS:STAT OFF;:BIAS:STAT OFF;:COMP:BIN:COUN:CLE;:LIST:CLE:ALL;:COMP:BIN:CLE;:AMPL:ALC ON;:APER LONG,16;:BIAS:POL:AUTO OFF;:BIAS:RANG:AUTO ON;:BIAS:VOLT:LEV 0;:COMP:ABIN OFF;:COMP:BIN:COUN:STAT OFF;:COMP:MODE PTOL;:COMP:SLIM -9.9e+037,9.9e+037;:COMP:STAT OFF;:COMP:SWAP OFF;:COMP:TOL:NOM 0;:CURR:LEV 0.1;:DISP:ENAB ON;:DISP:LINE """";:DISP:WIND:TEXT1:DATA:FMSD:DATA 1e-009;:DISP:WIND:TEXT2:DATA:FMSD:DATA 1e-009;:FORM:ASC:LONG ON;:FORM:BORD NORM;:FORM:DATA ASC,64;:FREQ:CW 300;:FUNC:DEV1:MODE OFF;:FUNC:DEV1:REF:VAL 0;:FUNC:DEV2:MODE OFF;:FUNC:DEV2:REF:VAL 0;:FUNC:IMP:TYPE LSRS;:FUNC:SMON:IDC:STAT OFF;:FUNC:SMON:VDC:STAT OFF;:INIT:CONT OFF;:LIST:MODE SEQ;:LIST:STIM:TYPE FREQ,NONE;:SOUR:DCS:VOLT:LEV 0;:TRIG:DEL 0;:TRIG:SOUR INT;:TRIG:TDEL 0;:DISP:WIND:TEXT1:DATA:FMSD:STAT OFF;:DISP:WIND:TEXT2:DATA:FMSD:STAT OFF;:FUNC:DCR:RANG:VAL 100;:FUNC:IMP:RANG:VAL 0.1;:OUTP:DC:ISOL:LEV:VAL 0.1;:OUTP:DC:ISOL:STAT OFF;:FUNC:DCR:RANG:AUTO ON;:FUNC:IMP:RANG:AUTO ON;:OUTP:DC:ISOL:LEV:AUTO ON;:DISP:PAGE MEASurement;
"
500.0,5.976870679e-07,0.08437634993
500.0,5.976597464e-07,0.08437656626
500.0,5.977696432e-07,0.0843771126
500.0,5.97643141e-07,0.08437702852
500.0,5.977309066e-07,0.08437744206
500.0,5.977285263e-07,0.08437773716
500.0,5.976732862e-07,0.08437777212
500.0,5.977286541e-07,0.08437785621
500.0,5.977407592e-07,0.08437792733
500.0,5.976892943e-07,0.08437755479
500.0,5.976876922e-07,0.08437791188
500.0,5.977497097e-07,0.08437787343
500.0,5.976380589e-07,0.08437757983
500.0,5.976199453e-07,0.08437744349
500.0,5.977203502e-07,0.08437736409
500.0,5.977392985e-07,0.08437767859
Freq,500,Rs,0.084377449893125,4.7201053839758286e-07,Ls,5.9770038e-07,4.455294438360898e-11
":SOUR:DCS:STAT OFF;:BIAS:STAT OFF;:COMP:BIN:COUN:CLE;:LIST:CLE:ALL;:COMP:BIN:CLE;:AMPL:ALC ON;:APER LONG,16;:BIAS:POL:AUTO OFF;:BIAS:RANG:AUTO ON;:BIAS:VOLT:LEV 0;:COMP:ABIN OFF;:COMP:BIN:COUN:STAT OFF;:COMP:MODE PTOL;:COMP:SLIM -9.9e+037,9.9e+037;:COMP:STAT OFF;:COMP:SWAP OFF;:COMP:TOL:NOM 0;:CURR:LEV 0.1;:DISP:ENAB ON;:DISP:LINE """";:DISP:WIND:TEXT1:DATA:FMSD:DATA 1e-009;:DISP:WIND:TEXT2:DATA:FMSD:DATA 1e-009;:FORM:ASC:LONG ON;:FORM:BORD NORM;:FORM:DATA ASC,64;:FREQ:CW 500;:FUNC:DEV1:MODE OFF;:FUNC:DEV1:REF:VAL 0;:FUNC:DEV2:MODE OFF;:FUNC:DEV2:REF:VAL 0;:FUNC:IMP:TYPE LSRS;:FUNC:SMON:IDC:STAT OFF;:FUNC:SMON:VDC:STAT OFF;:INIT:CONT OFF;:LIST:MODE SEQ;:LIST:STIM:TYPE FREQ,NONE;:SOUR:DCS:VOLT:LEV 0;:TRIG:DEL 0;:TRIG:SOUR INT;:TRIG:TDEL 0;:DISP:WIND:TEXT1:DATA:FMSD:STAT OFF;:DISP:WIND:TEXT2:DATA:FMSD:STAT OFF;:FUNC:DCR:RANG:VAL 100;:FUNC:IMP:RANG:VAL 0.1;:OUTP:DC:ISOL:LEV:VAL 0.1;:OUTP:DC:ISOL:STAT OFF;:FUNC:DCR:RANG:AUTO ON;:FUNC:IMP:RANG:AUTO ON;:OUTP:DC:ISOL:LEV:AUTO ON;:DISP:PAGE MEASurement;
"
800.0,5.96573088e-07,0.08438444774
800.0,5.965734385e-07,0.08438406576
800.0,5.965643069e-07,0.08438414674
800.0,5.965711684e-07,0.08438454642
800.0,5.965521055e-07,0.08438475499
800.0,5.965162447e-07,0.08438509275
800.0,5.965097591e-07,0.08438527598
800.0,5.964940603e-07,0.0843855667
800.0,5.965510927e-07,0.08438564476
800.0,5.96535523e-07,0.08438557342
800.0,5.965436508e-07,0.08438501646
800.0,5.965654361e-07,0.08438463182
800.0,5.965333912e-07,0.08438416428
800.0,5.965686625e-07,0.08438386656
800.0,5.965588896e-07,0.0843830567
800.0,5.965553049e-07,0.08438284229
Freq,800,Rs,0.084384543335625,8.381108321294162e-07,Ls,5.965478826375e-07,2.418895148390473e-11
":SOUR:DCS:STAT OFF;:BIAS:STAT OFF;:COMP:BIN:COUN:CLE;:LIST:CLE:ALL;:COMP:BIN:CLE;:AMPL:ALC ON;:APER LONG,16;:BIAS:POL:AUTO OFF;:BIAS:RANG:AUTO ON;:BIAS:VOLT:LEV 0;:COMP:ABIN OFF;:COMP:BIN:COUN:STAT OFF;:COMP:MODE PTOL;:COMP:SLIM -9.9e+037,9.9e+037;:COMP:STAT OFF;:COMP:SWAP OFF;:COMP:TOL:NOM 0;:CURR:LEV 0.1;:DISP:ENAB ON;:DISP:LINE """";:DISP:WIND:TEXT1:DATA:FMSD:DATA 1e-009;:DISP:WIND:TEXT2:DATA:FMSD:DATA 1e-009;:FORM:ASC:LONG ON;:FORM:BORD NORM;:FORM:DATA ASC,64;:FREQ:CW 800;:FUNC:DEV1:MODE OFF;:FUNC:DEV1:REF:VAL 0;:FUNC:DEV2:MODE OFF;:FUNC:DEV2:REF:VAL 0;:FUNC:IMP:TYPE LSRS;:FUNC:SMON:IDC:STAT OFF;:FUNC:SMON:VDC:STAT OFF;:INIT:CONT OFF;:LIST:MODE SEQ;:LIST:STIM:TYPE FREQ,NONE;:SOUR:DCS:VOLT:LEV 0;:TRIG:DEL 0;:TRIG:SOUR INT;:TRIG:TDEL 0;:DISP:WIND:TEXT1:DATA:FMSD:STAT OFF;:DISP:WIND:TEXT2:DATA:FMSD:STAT OFF;:FUNC:DCR:RANG:VAL 100;:FUNC:IMP:RANG:VAL 0.1;:OUTP:DC:ISOL:LEV:VAL 0.1;:OUTP:DC:ISOL:STAT OFF;:FUNC:DCR:RANG:AUTO ON;:FUNC:IMP:RANG:AUTO ON;:OUTP:DC:ISOL:LEV:AUTO ON;:DISP:PAGE MEASurement;
"
1000.0,5.95995303e-07,0.08437305952
1000.0,5.959867783e-07,0.0843727754
1000.0,5.960070226e-07,0.08437237489
1000.0,5.96005383e-07,0.08437190561
1000.0,5.959995031e-07,0.08437164333
1000.0,5.959652462e-07,0.08437134289
1000.0,5.959849549e-07,0.08437134221
1000.0,5.960320396e-07,0.08437141217
1000.0,5.9601172e-07,0.08437117959
1000.0,5.959743332e-07,0.08437134867
1000.0,5.960238813e-07,0.08437154649
1000.0,5.960004233e-07,0.08437161517
1000.0,5.960034191e-07,0.08437153505
1000.0,5.959907431e-07,0.08437152781
1000.0,5.960192162e-07,0.08437209561
1000.0,5.959727322e-07,0.08437236138
Freq,1000,Rs,0.084371816611875,5.599027772416253e-07,Ls,5.9599829369375e-07,1.873742064442273e-11
":SOUR:DCS:STAT OFF;:BIAS:STAT OFF;:COMP:BIN:COUN:CLE;:LIST:CLE:ALL;:COMP:BIN:CLE;:AMPL:ALC ON;:APER LONG,16;:BIAS:POL:AUTO OFF;:BIAS:RANG:AUTO ON;:BIAS:VOLT:LEV 0;:COMP:ABIN OFF;:COMP:BIN:COUN:STAT OFF;:COMP:MODE PTOL;:COMP:SLIM -9.9e+037,9.9e+037;:COMP:STAT OFF;:COMP:SWAP OFF;:COMP:TOL:NOM 0;:CURR:LEV 0.1;:DISP:ENAB ON;:DISP:LINE """";:DISP:WIND:TEXT1:DATA:FMSD:DATA 1e-009;:DISP:WIND:TEXT2:DATA:FMSD:DATA 1e-009;:FORM:ASC:LONG ON;:FORM:BORD NORM;:FORM:DATA ASC,64;:FREQ:CW 1000;:FUNC:DEV1:MODE OFF;:FUNC:DEV1:REF:VAL 0;:FUNC:DEV2:MODE OFF;:FUNC:DEV2:REF:VAL 0;:FUNC:IMP:TYPE LSRS;:FUNC:SMON:IDC:STAT OFF;:FUNC:SMON:VDC:STAT OFF;:INIT:CONT OFF;:LIST:MODE SEQ;:LIST:STIM:TYPE FREQ,NONE;:SOUR:DCS:VOLT:LEV 0;:TRIG:DEL 0;:TRIG:SOUR INT;:TRIG:TDEL 0;:DISP:WIND:TEXT1:DATA:FMSD:STAT OFF;:DISP:WIND:TEXT2:DATA:FMSD:STAT OFF;:FUNC:DCR:RANG:VAL 100;:FUNC:IMP:RANG:VAL 0.1;:OUTP:DC:ISOL:LEV:VAL 0.1;:OUTP:DC:ISOL:STAT OFF;:FUNC:DCR:RANG:AUTO ON;:FUNC:IMP:RANG:AUTO ON;:OUTP:DC:ISOL:LEV:AUTO ON;:DISP:PAGE MEASurement;
"
1591.5494309189535,5.962715026e-07,0.08437399125
1591.5494309189535,5.962879174e-07,0.0843741566
1591.5494309189535,5.963011044e-07,0.08437438873
1591.5494309189535,5.962974205e-07,0.08437454461
1591.5494309189535,5.962791922e-07,0.0843744516
1591.5494309189535,5.962920855e-07,0.08437427595
1591.5494309189535,5.962939337e-07,0.08437428216
1591.5494309189535,5.962909139e-07,0.08437432897
1591.5494309189535,5.962893566e-07,0.08437431481
1591.5494309189535,5.962902876e-07,0.08437427708
1591.5494309189535,5.96292017e-07,0.08437385732
1591.5494309189535,5.962767232e-07,0.08437369903
1591.5494309189535,5.962767611e-07,0.08437337927
1591.5494309189535,5.962641711e-07,0.08437309611
1591.5494309189535,5.962747597e-07,0.08437264249
1591.5494309189535,5.962659662e-07,0.08437241382
Freq,1591.5494309189535,Rs,0.0843738812375,6.614382116406265e-07,Ls,5.9628400704375e-07,1.131609601348501e-11
":SOUR:DCS:STAT OFF;:BIAS:STAT OFF;:COMP:BIN:COUN:CLE;:LIST:CLE:ALL;:COMP:BIN:CLE;:AMPL:ALC ON;:APER LONG,16;:BIAS:POL:AUTO OFF;:BIAS:RANG:AUTO ON;:BIAS:VOLT:LEV 0;:COMP:ABIN OFF;:COMP:BIN:COUN:STAT OFF;:COMP:MODE PTOL;:COMP:SLIM -9.9e+037,9.9e+037;:COMP:STAT OFF;:COMP:SWAP OFF;:COMP:TOL:NOM 0;:CURR:LEV 0.1;:DISP:ENAB ON;:DISP:LINE """";:DISP:WIND:TEXT1:DATA:FMSD:DATA 1e-009;:DISP:WIND:TEXT2:DATA:FMSD:DATA 1e-009;:FORM:ASC:LONG ON;:FORM:BORD NORM;:FORM:DATA ASC,64;:FREQ:CW 1592;:FUNC:DEV1:MODE OFF;:FUNC:DEV1:REF:VAL 0;:FUNC:DEV2:MODE OFF;:FUNC:DEV2:REF:VAL 0;:FUNC:IMP:TYPE LSRS;:FUNC:SMON:IDC:STAT OFF;:FUNC:SMON:VDC:STAT OFF;:INIT:CONT OFF;:LIST:MODE SEQ;:LIST:STIM:TYPE FREQ,NONE;:SOUR:DCS:VOLT:LEV 0;:TRIG:DEL 0;:TRIG:SOUR INT;:TRIG:TDEL 0;:DISP:WIND:TEXT1:DATA:FMSD:STAT OFF;:DISP:WIND:TEXT2:DATA:FMSD:STAT OFF;:FUNC:DCR:RANG:VAL 100;:FUNC:IMP:RANG:VAL 0.1;:OUTP:DC:ISOL:LEV:VAL 0.1;:OUTP:DC:ISOL:STAT OFF;:FUNC:DCR:RANG:AUTO ON;:FUNC:IMP:RANG:AUTO ON;:OUTP:DC:ISOL:LEV:AUTO ON;:DISP:PAGE MEASurement;
"
2000.0,5.967891071e-07,0.084377117
2000.0,5.967912423e-07,0.08437712027
2000.0,5.967841822e-07,0.08437740902
2000.0,5.967914287e-07,0.08437756671
2000.0,5.967851198e-07,0.08437776181
2000.0,5.96789764e-07,0.08437797316
2000.0,5.968012939e-07,0.08437824894
2000.0,5.96779263e-07,0.08437879047
2000.0,5.967982066e-07,0.0843795699
2000.0,5.967771715e-07,0.08437979083
2000.0,5.967858772e-07,0.08438078258
2000.0,5.967820225e-07,0.0843812653
2000.0,5.967821953e-07,0.08438155983
2000.0,5.967780385e-07,0.08438189088
2000.0,5.967893752e-07,0.08438235361
2000.0,5.967865561e-07,0.08438219693
Freq,2000,Rs,0.0843794623275,1.9506669747055425e-06,Ls,5.9678692774375e-07,6.7464269433074955e-12
":SOUR:DCS:STAT OFF;:BIAS:STAT OFF;:COMP:BIN:COUN:CLE;:LIST:CLE:ALL;:COMP:BIN:CLE;:AMPL:ALC ON;:APER LONG,16;:BIAS:POL:AUTO OFF;:BIAS:RANG:AUTO ON;:BIAS:VOLT:LEV 0;:COMP:ABIN OFF;:COMP:BIN:COUN:STAT OFF;:COMP:MODE PTOL;:COMP:SLIM -9.9e+037,9.9e+037;:COMP:STAT OFF;:COMP:SWAP OFF;:COMP:TOL:NOM 0;:CURR:LEV 0.1;:DISP:ENAB ON;:DISP:LINE """";:DISP:WIND:TEXT1:DATA:FMSD:DATA 1e-009;:DISP:WIND:TEXT2:DATA:FMSD:DATA 1e-009;:FORM:ASC:LONG ON;:FORM:BORD NORM;:FORM:DATA ASC,64;:FREQ:CW 2000;:FUNC:DEV1:MODE OFF;:FUNC:DEV1:REF:VAL 0;:FUNC:DEV2:MODE OFF;:FUNC:DEV2:REF:VAL 0;:FUNC:IMP:TYPE LSRS;:FUNC:SMON:IDC:STAT OFF;:FUNC:SMON:VDC:STAT OFF;:INIT:CONT OFF;:LIST:MODE SEQ;:LIST:STIM:TYPE FREQ,NONE;:SOUR:DCS:VOLT:LEV 0;:TRIG:DEL 0;:TRIG:SOUR INT;:TRIG:TDEL 0;:DISP:WIND:TEXT1:DATA:FMSD:STAT OFF;:DISP:WIND:TEXT2:DATA:FMSD:STAT OFF;:FUNC:DCR:RANG:VAL 100;:FUNC:IMP:RANG:VAL 0.1;:OUTP:DC:ISOL:LEV:VAL 0.1;:OUTP:DC:ISOL:STAT OFF;:FUNC:DCR:RANG:AUTO ON;:FUNC:IMP:RANG:AUTO ON;:OUTP:DC:ISOL:LEV:AUTO ON;:DISP:PAGE MEASurement;
"
3000.0,5.970231386e-07,0.08438870711
3000.0,5.970321109e-07,0.08438880851
3000.0,5.970154373e-07,0.0843890222
3000.0,5.970395811e-07,0.08438900746
3000.0,5.969908167e-07,0.0843890401
3000.0,5.969995015e-07,0.08438945327
3000.0,5.969947505e-07,0.08438916178
3000.0,5.970058325e-07,0.08439003045
3000.0,5.970022508e-07,0.08438994312
3000.0,5.970231333e-07,0.08439054627
3000.0,5.970225853e-07,0.08438996795
3000.0,5.970014762e-07,0.0843895521
3000.0,5.970175606e-07,0.08438965518
3000.0,5.970120018e-07,0.08438926192
3000.0,5.970157278e-07,0.08438956409
3000.0,5.97036464e-07,0.08447263881
Freq,3000,Rs,0.08439464752,2.0803677744177878e-05,Ls,5.9701452305625e-07,1.4662478407963158e-11
":SOUR:DCS:STAT OFF;:BIAS:STAT OFF;:COMP:BIN:COUN:CLE;:LIST:CLE:ALL;:COMP:BIN:CLE;:AMPL:ALC ON;:APER LONG,16;:BIAS:POL:AUTO OFF;:BIAS:RANG:AUTO ON;:BIAS:VOLT:LEV 0;:COMP:ABIN OFF;:COMP:BIN:COUN:STAT OFF;:COMP:MODE PTOL;:COMP:SLIM -9.9e+037,9.9e+037;:COMP:STAT OFF;:COMP:SWAP OFF;:COMP:TOL:NOM 0;:CURR:LEV 0.1;:DISP:ENAB ON;:DISP:LINE """";:DISP:WIND:TEXT1:DATA:FMSD:DATA 1e-009;:DISP:WIND:TEXT2:DATA:FMSD:DATA 1e-009;:FORM:ASC:LONG ON;:FORM:BORD NORM;:FORM:DATA ASC,64;:FREQ:CW 3000;:FUNC:DEV1:MODE OFF;:FUNC:DEV1:REF:VAL 0;:FUNC:DEV2:MODE OFF;:FUNC:DEV2:REF:VAL 0;:FUNC:IMP:TYPE LSRS;:FUNC:SMON:IDC:STAT OFF;:FUNC:SMON:VDC:STAT OFF;:INIT:CONT OFF;:LIST:MODE SEQ;:LIST:STIM:TYPE FREQ,NONE;:SOUR:DCS:VOLT:LEV 0;:TRIG:DEL 0;:TRIG:SOUR INT;:TRIG:TDEL 0;:DISP:WIND:TEXT1:DATA:FMSD:STAT OFF;:DISP:WIND:TEXT2:DATA:FMSD:STAT OFF;:FUNC:DCR:RANG:VAL 100;:FUNC:IMP:RANG:VAL 0.1;:OUTP:DC:ISOL:LEV:VAL 0.1;:OUTP:DC:ISOL:STAT OFF;:FUNC:DCR:RANG:AUTO ON;:FUNC:IMP:RANG:AUTO ON;:OUTP:DC:ISOL:LEV:AUTO ON;:DISP:PAGE MEASurement;
"
5000.0,5.967767165e-07,0.08454527064
5000.0,5.967751455e-07,0.08454275471
5000.0,5.968015882e-07,0.08456164372
5000.0,5.968132952e-07,0.08455561873
5000.0,5.967869249e-07,0.08455181017
5000.0,5.967933215e-07,0.08454900249
5000.0,5.967955071e-07,0.08454713377
5000.0,5.96778958e-07,0.08454560197
5000.0,5.967941999e-07,0.08454360579
5000.0,5.967891803e-07,0.08454179686
5000.0,5.967856526e-07,0.08454067061
5000.0,5.968060417e-07,0.08453945533
5000.0,5.967959458e-07,0.08453839817
5000.0,5.967905201e-07,0.08453803056
5000.0,5.967865905e-07,0.08453695284
5000.0,5.967878849e-07,0.08453609105
Freq,5000,Rs,0.084544614838125,7.107741519610244e-06,Ls,5.9679109204375e-07,1.0243665692459111e-11
":SOUR:DCS:STAT OFF;:BIAS:STAT OFF;:COMP:BIN:COUN:CLE;:LIST:CLE:ALL;:COMP:BIN:CLE;:AMPL:ALC ON;:APER LONG,16;:BIAS:POL:AUTO OFF;:BIAS:RANG:AUTO ON;:BIAS:VOLT:LEV 0;:COMP:ABIN OFF;:COMP:BIN:COUN:STAT OFF;:COMP:MODE PTOL;:COMP:SLIM -9.9e+037,9.9e+037;:COMP:STAT OFF;:COMP:SWAP OFF;:COMP:TOL:NOM 0;:CURR:LEV 0.1;:DISP:ENAB ON;:DISP:LINE """";:DISP:WIND:TEXT1:DATA:FMSD:DATA 1e-009;:DISP:WIND:TEXT2:DATA:FMSD:DATA 1e-009;:FORM:ASC:LONG ON;:FORM:BORD NORM;:FORM:DATA ASC,64;:FREQ:CW 5000;:FUNC:DEV1:MODE OFF;:FUNC:DEV1:REF:VAL 0;:FUNC:DEV2:MODE OFF;:FUNC:DEV2:REF:VAL 0;:FUNC:IMP:TYPE LSRS;:FUNC:SMON:IDC:STAT OFF;:FUNC:SMON:VDC:STAT OFF;:INIT:CONT OFF;:LIST:MODE SEQ;:LIST:STIM:TYPE FREQ,NONE;:SOUR:DCS:VOLT:LEV 0;:TRIG:DEL 0;:TRIG:SOUR INT;:TRIG:TDEL 0;:DISP:WIND:TEXT1:DATA:FMSD:STAT OFF;:DISP:WIND:TEXT2:DATA:FMSD:STAT OFF;:FUNC:DCR:RANG:VAL 100;:FUNC:IMP:RANG:VAL 0.1;:OUTP:DC:ISOL:LEV:VAL 0.1;:OUTP:DC:ISOL:STAT OFF;:FUNC:DCR:RANG:AUTO ON;:FUNC:IMP:RANG:AUTO ON;:OUTP:DC:ISOL:LEV:AUTO ON;:DISP:PAGE MEASurement;
"
":SOUR:DCS:STAT OFF;:BIAS:STAT OFF;:COMP:BIN:COUN:CLE;:LIST:CLE:ALL;:COMP:BIN:CLE;:AMPL:ALC ON;:APER LONG,16;:BIAS:POL:AUTO OFF;:BIAS:RANG:AUTO ON;:BIAS:VOLT:LEV 0;:COMP:ABIN OFF;:COMP:BIN:COUN:STAT OFF;:COMP:MODE PTOL;:COMP:SLIM -9.9e+037,9.9e+037;:COMP:STAT OFF;:COMP:SWAP OFF;:COMP:TOL:NOM 0;:CURR:LEV 0.1;:DISP:ENAB ON;:DISP:LINE """";:DISP:WIND:TEXT1:DATA:FMSD:DATA 1e-009;:DISP:WIND:TEXT2:DATA:FMSD:DATA 1e-009;:FORM:ASC:LONG ON;:FORM:BORD NORM;:FORM:DATA ASC,64;:FREQ:CW 5000;:FUNC:DEV1:MODE OFF;:FUNC:DEV1:REF:VAL 0;:FUNC:DEV2:MODE OFF;:FUNC:DEV2:REF:VAL 0;:FUNC:IMP:TYPE LSRS;:FUNC:SMON:IDC:STAT OFF;:FUNC:SMON:VDC:STAT OFF;:INIT:CONT OFF;:LIST:MODE SEQ;:LIST:STIM:TYPE FREQ,NONE;:SOUR:DCS:VOLT:LEV 0;:TRIG:DEL 0;:TRIG:SOUR INT;:TRIG:TDEL 0;:DISP:WIND:TEXT1:DATA:FMSD:STAT OFF;:DISP:WIND:TEXT2:DATA:FMSD:STAT OFF;:FUNC:DCR:RANG:VAL 100;:FUNC:IMP:RANG:VAL 0.1;:OUTP:DC:ISOL:LEV:VAL 0.1;:OUTP:DC:ISOL:STAT OFF;:FUNC:DCR:RANG:AUTO ON;:FUNC:IMP:RANG:AUTO ON;:OUTP:DC:ISOL:LEV:AUTO ON;:DISP:PAGE MEASurement;
"
2022-09-16,16:23:00
---------run finished---------
lcr name:,KeySight E4980A
Name and description of Resistor under test: ,RE8
GPIB source:,<bound method MessageBasedResource.read of <'GPIBInstrument'('GPIB0::17::INSTR')>>
2022-09-16,16:26:19
select the freq range,"[50, 100, 200, 300, 500, 800, 1000, 1591.5494309189535, 2000, 3000, 5000]"
50.0,6.175756134e-07,0.1215277854
50.0,6.765729357e-07,0.121536367
50.0,6.988086198e-07,0.1215022033
50.0,6.42109895e-07,0.1214870044
50.0,6.141655306e-07,0.1214839571
50.0,6.107545087e-07,0.1214763466
50.0,6.47317051e-07,0.1214603569
50.0,7.042600854e-07,0.1214645722
50.0,6.462644377e-07,0.1214736133
50.0,6.2336806e-07,0.1214446528
50.0,6.774556714e-07,0.121430913
50.0,6.994070865e-07,0.1214290772
50.0,7.098092165e-07,0.1214257052
50.0,7.050493263e-07,0.12141352
50.0,6.939336161e-07,0.1214018248
50.0,6.847816798e-07,0.1213924258
Freq,50,Rs,0.1214593953125,4.266439032304718e-05,Ls,6.6572708336875e-07,3.6226876439798364e-08
":SOUR:DCS:STAT OFF;:BIAS:STAT OFF;:COMP:BIN:COUN:CLE;:LIST:CLE:ALL;:COMP:BIN:CLE;:AMPL:ALC ON;:APER LONG,16;:BIAS:POL:AUTO OFF;:BIAS:RANG:AUTO ON;:BIAS:VOLT:LEV 0;:COMP:ABIN OFF;:COMP:BIN:COUN:STAT OFF;:COMP:MODE PTOL;:COMP:SLIM -9.9e+037,9.9e+037;:COMP:STAT OFF;:COMP:SWAP OFF;:COMP:TOL:NOM 0;:CURR:LEV 0.1;:DISP:ENAB ON;:DISP:LINE """";:DISP:WIND:TEXT1:DATA:FMSD:DATA 1e-009;:DISP:WIND:TEXT2:DATA:FMSD:DATA 1e-009;:FORM:ASC:LONG ON;:FORM:BORD NORM;:FORM:DATA ASC,64;:FREQ:CW 50;:FUNC:DEV1:MODE OFF;:FUNC:DEV1:REF:VAL 0;:FUNC:DEV2:MODE OFF;:FUNC:DEV2:REF:VAL 0;:FUNC:IMP:TYPE LSRS;:FUNC:SMON:IDC:STAT OFF;:FUNC:SMON:VDC:STAT OFF;:INIT:CONT OFF;:LIST:MODE SEQ;:LIST:STIM:TYPE FREQ,NONE;:SOUR:DCS:VOLT:LEV 0;:TRIG:DEL 0;:TRIG:SOUR INT;:TRIG:TDEL 0;:DISP:WIND:TEXT1:DATA:FMSD:STAT OFF;:DISP:WIND:TEXT2:DATA:FMSD:STAT OFF;:FUNC:DCR:RANG:VAL 100;:FUNC:IMP:RANG:VAL 1;:OUTP:DC:ISOL:LEV:VAL 0.1;:OUTP:DC:ISOL:STAT OFF;:FUNC:DCR:RANG:AUTO ON;:FUNC:IMP:RANG:AUTO ON;:OUTP:DC:ISOL:LEV:AUTO ON;:DISP:PAGE MEASurement;
"
100.0,9.180048448e-07,0.1213863248
100.0,9.182963053e-07,0.1213820655
100.0,9.162891568e-07,0.1213750239
100.0,9.163016545e-07,0.1213683685
100.0,9.16309824e-07,0.1213623499
100.0,9.153772913e-07,0.1213557579
100.0,9.182246708e-07,0.1213498837
100.0,9.175760141e-07,0.1213432923
100.0,9.157862344e-07,0.1213382354
100.0,9.161947684e-07,0.1213334471
100.0,9.169686214e-07,0.1213298317
100.0,9.170766968e-07,0.1213236175
100.0,9.167040369e-07,0.1213191779
100.0,9.157071907e-07,0.1213151046
100.0,9.154287452e-07,0.1213119893
100.0,9.171597156e-07,0.1213088465
Freq,100,Rs,0.12134395728125,2.5533049650605273e-05,Ls,9.167128606875e-07,9.55226016037117e-10
":SOUR:DCS:STAT OFF;:BIAS:STAT OFF;:COMP:BIN:COUN:CLE;:LIST:CLE:ALL;:COMP:BIN:CLE;:AMPL:ALC ON;:APER LONG,16;:BIAS:POL:AUTO OFF;:BIAS:RANG:AUTO ON;:BIAS:VOLT:LEV 0;:COMP:ABIN OFF;:COMP:BIN:COUN:STAT OFF;:COMP:MODE PTOL;:COMP:SLIM -9.9e+037,9.9e+037;:COMP:STAT OFF;:COMP:SWAP OFF;:COMP:TOL:NOM 0;:CURR:LEV 0.1;:DISP:ENAB ON;:DISP:LINE """";:DISP:WIND:TEXT1:DATA:FMSD:DATA 1e-009;:DISP:WIND:TEXT2:DATA:FMSD:DATA 1e-009;:FORM:ASC:LONG ON;:FORM:BORD NORM;:FORM:DATA ASC,64;:FREQ:CW 100;:FUNC:DEV1:MODE OFF;:FUNC:DEV1:REF:VAL 0;:FUNC:DEV2:MODE OFF;:FUNC:DEV2:REF:VAL 0;:FUNC:IMP:TYPE LSRS;:FUNC:SMON:IDC:STAT OFF;:FUNC:SMON:VDC:STAT OFF;:INIT:CONT OFF;:LIST:MODE SEQ;:LIST:STIM:TYPE FREQ,NONE;:SOUR:DCS:VOLT:LEV 0;:TRIG:DEL 0;:TRIG:SOUR INT;:TRIG:TDEL 0;:DISP:WIND:TEXT1:DATA:FMSD:STAT OFF;:DISP:WIND:TEXT2:DATA:FMSD:STAT OFF;:FUNC:DCR:RANG:VAL 100;:FUNC:IMP:RANG:VAL 1;:OUTP:DC:ISOL:LEV:VAL 0.1;:OUTP:DC:ISOL:STAT OFF;:FUNC:DCR:RANG:AUTO ON;:FUNC:IMP:RANG:AUTO ON;:OUTP:DC:ISOL:LEV:AUTO ON;:DISP:PAGE MEASurement;
"
200.0,8.769022814e-07,0.1213234229
200.0,8.761955527e-07,0.1213220964
200.0,8.764765059e-07,0.1213168015
200.0,8.764983151e-07,0.121314534
200.0,8.759854357e-07,0.1213120649
200.0,8.758960008e-07,0.1213133098
200.0,8.766460112e-07,0.1213146063
200.0,8.765211508e-07,0.1213109506
200.0,8.764877191e-07,0.1213079884
200.0,8.760681377e-07,0.121304599
200.0,8.764939805e-07,0.1213005396
200.0,8.76504232e-07,0.1212965514
200.0,8.754653837e-07,0.1212921261
200.0,8.767103984e-07,0.1212882067
200.0,8.761113642e-07,0.1212842161
200.0,8.760209435e-07,0.1212796552
Freq,200,Rs,0.12130510430625,1.3492693837900836e-05,Ls,8.7631146329375e-07,3.66936437872849e-10
":SOUR:DCS:STAT OFF;:BIAS:STAT OFF;:COMP:BIN:COUN:CLE;:LIST:CLE:ALL;:COMP:BIN:CLE;:AMPL:ALC ON;:APER LONG,16;:BIAS:POL:AUTO OFF;:BIAS:RANG:AUTO ON;:BIAS:VOLT:LEV 0;:COMP:ABIN OFF;:COMP:BIN:COUN:STAT OFF;:COMP:MODE PTOL;:COMP:SLIM -9.9e+037,9.9e+037;:COMP:STAT OFF;:COMP:SWAP OFF;:COMP:TOL:NOM 0;:CURR:LEV 0.1;:DISP:ENAB ON;:DISP:LINE """";:DISP:WIND:TEXT1:DATA:FMSD:DATA 1e-009;:DISP:WIND:TEXT2:DATA:FMSD:DATA 1e-009;:FORM:ASC:LONG ON;:FORM:BORD NORM;:FORM:DATA ASC,64;:FREQ:CW 200;:FUNC:DEV1:MODE OFF;:FUNC:DEV1:REF:VAL 0;:FUNC:DEV2:MODE OFF;:FUNC:DEV2:REF:VAL 0;:FUNC:IMP:TYPE LSRS;:FUNC:SMON:IDC:STAT OFF;:FUNC:SMON:VDC:STAT OFF;:INIT:CONT OFF;:LIST:MODE SEQ;:LIST:STIM:TYPE FREQ,NONE;:SOUR:DCS:VOLT:LEV 0;:TRIG:DEL 0;:TRIG:SOUR INT;:TRIG:TDEL 0;:DISP:WIND:TEXT1:DATA:FMSD:STAT OFF;:DISP:WIND:TEXT2:DATA:FMSD:STAT OFF;:FUNC:DCR:RANG:VAL 100;:FUNC:IMP:RANG:VAL 1;:OUTP:DC:ISOL:LEV:VAL 0.1;:OUTP:DC:ISOL:STAT OFF;:FUNC:DCR:RANG:AUTO ON;:FUNC:IMP:RANG:AUTO ON;:OUTP:DC:ISOL:LEV:AUTO ON;:DISP:PAGE MEASurement;
"
300.0,8.480349825e-07,0.1212901944
300.0,8.484813007e-07,0.1212880777
300.0,8.486622013e-07,0.1212863775
300.0,8.481695373e-07,0.1212833019
300.0,8.48277692e-07,0.1212803482
300.0,8.481300531e-07,0.121276942
300.0,8.481710465e-07,0.1212746236
300.0,8.486861014e-07,0.1212711769
300.0,8.479503456e-07,0.1212682488
300.0,8.481769803e-07,0.1212652414
300.0,8.481172594e-07,0.1212630961
300.0,8.478283786e-07,0.1212601953
300.0,8.477335749e-07,0.1212580763
300.0,8.483038513e-07,0.1212550836
300.0,8.48271676e-07,0.1212527364
300.0,8.481912451e-07,0.1212492636
Freq,300,Rs,0.12127018648125,1.3214824467200853e-05,Ls,8.48199139125e-07,2.595285177266387e-10
":SOUR:DCS:STAT OFF;:BIAS:STAT OFF;:COMP:BIN:COUN:CLE;:LIST:CLE:ALL;:COMP:BIN:CLE;:AMPL:ALC ON;:APER LONG,16;:BIAS:POL:AUTO OFF;:BIAS:RANG:AUTO ON;:BIAS:VOLT:LEV 0;:COMP:ABIN OFF;:COMP:BIN:COUN:STAT OFF;:COMP:MODE PTOL;:COMP:SLIM -9.9e+037,9.9e+037;:COMP:STAT OFF;:COMP:SWAP OFF;:COMP:TOL:NOM 0;:CURR:LEV 0.1;:DISP:ENAB ON;:DISP:LINE """";:DISP:WIND:TEXT1:DATA:FMSD:DATA 1e-009;:DISP:WIND:TEXT2:DATA:FMSD:DATA 1e-009;:FORM:ASC:LONG ON;:FORM:BORD NORM;:FORM:DATA ASC,64;:FREQ:CW 300;:FUNC:DEV1:MODE OFF;:FUNC:DEV1:REF:VAL 0;:FUNC:DEV2:MODE OFF;:FUNC:DEV2:REF:VAL 0;:FUNC:IMP:TYPE LSRS;:FUNC:SMON:IDC:STAT OFF;:FUNC:SMON:VDC:STAT OFF;:INIT:CONT OFF;:LIST:MODE SEQ;:LIST:STIM:TYPE FREQ,NONE;:SOUR:DCS:VOLT:LEV 0;:TRIG:DEL 0;:TRIG:SOUR INT;:TRIG:TDEL 0;:DISP:WIND:TEXT1:DATA:FMSD:STAT OFF;:DISP:WIND:TEXT2:DATA:FMSD:STAT OFF;:FUNC:DCR:RANG:VAL 100;:FUNC:IMP:RANG:VAL 1;:OUTP:DC:ISOL:LEV:VAL 0.1;:OUTP:DC:ISOL:STAT OFF;:FUNC:DCR:RANG:AUTO ON;:FUNC:IMP:RANG:AUTO ON;:OUTP:DC:ISOL:LEV:AUTO ON;:DISP:PAGE MEASurement;
"
500.0,8.476972355e-07,0.1212662077
500.0,8.477439664e-07,0.1212638329
500.0,8.475387761e-07,0.121267021
500.0,8.474043469e-07,0.121273636
500.0,8.475939897e-07,0.1212698812
500.0,8.477340356e-07,0.1212679341
500.0,8.477214282e-07,0.1212648564
500.0,8.475809264e-07,0.1212633495
500.0,8.476451022e-07,0.1212603182
500.0,8.476367038e-07,0.12125778
500.0,8.477363822e-07,0.1212545789
500.0,8.476837978e-07,0.1212511968
500.0,8.476274881e-07,0.1212490466
500.0,8.478452404e-07,0.1212454222
500.0,8.476617797e-07,0.1212425168
500.0,8.47627723e-07,0.1212398327
Freq,500,Rs,0.1212585881875,1.0356150495294682e-05,Ls,8.47654932625e-07,1.0050726342286537e-10
":SOUR:DCS:STAT OFF;:BIAS:STAT OFF;:COMP:BIN:COUN:CLE;:LIST:CLE:ALL;:COMP:BIN:CLE;:AMPL:ALC ON;:APER LONG,16;:BIAS:POL:AUTO OFF;:BIAS:RANG:AUTO ON;:BIAS:VOLT:LEV 0;:COMP:ABIN OFF;:COMP:BIN:COUN:STAT OFF;:COMP:MODE PTOL;:COMP:SLIM -9.9e+037,9.9e+037;:COMP:STAT OFF;:COMP:SWAP OFF;:COMP:TOL:NOM 0;:CURR:LEV 0.1;:DISP:ENAB ON;:DISP:LINE """";:DISP:WIND:TEXT1:DATA:FMSD:DATA 1e-009;:DISP:WIND:TEXT2:DATA:FMSD:DATA 1e-009;:FORM:ASC:LONG ON;:FORM:BORD NORM;:FORM:DATA ASC,64;:FREQ:CW 500;:FUNC:DEV1:MODE OFF;:FUNC:DEV1:REF:VAL 0;:FUNC:DEV2:MODE OFF;:FUNC:DEV2:REF:VAL 0;:FUNC:IMP:TYPE LSRS;:FUNC:SMON:IDC:STAT OFF;:FUNC:SMON:VDC:STAT OFF;:INIT:CONT OFF;:LIST:MODE SEQ;:LIST:STIM:TYPE FREQ,NONE;:SOUR:DCS:VOLT:LEV 0;:TRIG:DEL 0;:TRIG:SOUR INT;:TRIG:TDEL 0;:DISP:WIND:TEXT1:DATA:FMSD:STAT OFF;:DISP:WIND:TEXT2:DATA:FMSD:STAT OFF;:FUNC:DCR:RANG:VAL 100;:FUNC:IMP:RANG:VAL 1;:OUTP:DC:ISOL:LEV:VAL 0.1;:OUTP:DC:ISOL:STAT OFF;:FUNC:DCR:RANG:AUTO ON;:FUNC:IMP:RANG:AUTO ON;:OUTP:DC:ISOL:LEV:AUTO ON;:DISP:PAGE MEASurement;
"
800.0,8.449736346e-07,0.1212158899
800.0,8.449127136e-07,0.1212131511
800.0,8.449923786e-07,0.1212107812
800.0,8.448590942e-07,0.1212078825
800.0,8.448785325e-07,0.1212059063
800.0,8.448034578e-07,0.1212040355
800.0,8.448467436e-07,0.1212017369
800.0,8.448466933e-07,0.1211992058
800.0,8.44949758e-07,0.1211965554
800.0,8.448983405e-07,0.1211945194
800.0,8.448399862e-07,0.1211919878
800.0,8.448842718e-07,0.121190513
800.0,8.448289992e-07,0.1211874317
800.0,8.448350221e-07,0.1211860471
800.0,8.448603499e-07,0.1211838092
800.0,8.448246932e-07,0.1211826226
Freq,800,Rs,0.1211982547125,1.0716814124970405e-05,Ls,8.4487716681875e-07,5.522218301611205e-11
":SOUR:DCS:STAT OFF;:BIAS:STAT OFF;:COMP:BIN:COUN:CLE;:LIST:CLE:ALL;:COMP:BIN:CLE;:AMPL:ALC ON;:APER LONG,16;:BIAS:POL:AUTO OFF;:BIAS:RANG:AUTO ON;:BIAS:VOLT:LEV 0;:COMP:ABIN OFF;:COMP:BIN:COUN:STAT OFF;:COMP:MODE PTOL;:COMP:SLIM -9.9e+037,9.9e+037;:COMP:STAT OFF;:COMP:SWAP OFF;:COMP:TOL:NOM 0;:CURR:LEV 0.1;:DISP:ENAB ON;:DISP:LINE """";:DISP:WIND:TEXT1:DATA:FMSD:DATA 1e-009;:DISP:WIND:TEXT2:DATA:FMSD:DATA 1e-009;:FORM:ASC:LONG ON;:FORM:BORD NORM;:FORM:DATA ASC,64;:FREQ:CW 800;:FUNC:DEV1:MODE OFF;:FUNC:DEV1:REF:VAL 0;:FUNC:DEV2:MODE OFF;:FUNC:DEV2:REF:VAL 0;:FUNC:IMP:TYPE LSRS;:FUNC:SMON:IDC:STAT OFF;:FUNC:SMON:VDC:STAT OFF;:INIT:CONT OFF;:LIST:MODE SEQ;:LIST:STIM:TYPE FREQ,NONE;:SOUR:DCS:VOLT:LEV 0;:TRIG:DEL 0;:TRIG:SOUR INT;:TRIG:TDEL 0;:DISP:WIND:TEXT1:DATA:FMSD:STAT OFF;:DISP:WIND:TEXT2:DATA:FMSD:STAT OFF;:FUNC:DCR:RANG:VAL 100;:FUNC:IMP:RANG:VAL 1;:OUTP:DC:ISOL:LEV:VAL 0.1;:OUTP:DC:ISOL:STAT OFF;:FUNC:DCR:RANG:AUTO ON;:FUNC:IMP:RANG:AUTO ON;:OUTP:DC:ISOL:LEV:AUTO ON;:DISP:PAGE MEASurement;
"
1000.0,8.455786079e-07,0.1211633625
1000.0,8.455546935e-07,0.1211629154
1000.0,8.45626142e-07,0.1211608761
1000.0,8.455776152e-07,0.1211598774
1000.0,8.455715634e-07,0.1211586537
1000.0,8.456145476e-07,0.1211564695
1000.0,8.455966514e-07,0.121155032
1000.0,8.455237037e-07,0.1211531372
1000.0,8.455672308e-07,0.121151429
1000.0,8.455938087e-07,0.1211504521
1000.0,8.455058716e-07,0.1211495385
1000.0,8.455362058e-07,0.1211484283
1000.0,8.455122953e-07,0.1211476795
1000.0,8.455850841e-07,0.1211455765
1000.0,8.45523618e-07,0.1211449079
1000.0,8.456047235e-07,0.1211427866
Freq,1000,Rs,0.1211531951375,6.621291122217791e-06,Ls,8.4556702265625e-07,3.7381314996885304e-11
":SOUR:DCS:STAT OFF;:BIAS:STAT OFF;:COMP:BIN:COUN:CLE;:LIST:CLE:ALL;:COMP:BIN:CLE;:AMPL:ALC ON;:APER LONG,16;:BIAS:POL:AUTO OFF;:BIAS:RANG:AUTO ON;:BIAS:VOLT:LEV 0;:COMP:ABIN OFF;:COMP:BIN:COUN:STAT OFF;:COMP:MODE PTOL;:COMP:SLIM -9.9e+037,9.9e+037;:COMP:STAT OFF;:COMP:SWAP OFF;:COMP:TOL:NOM 0;:CURR:LEV 0.1;:DISP:ENAB ON;:DISP:LINE """";:DISP:WIND:TEXT1:DATA:FMSD:DATA 1e-009;:DISP:WIND:TEXT2:DATA:FMSD:DATA 1e-009;:FORM:ASC:LONG ON;:FORM:BORD NORM;:FORM:DATA ASC,64;:FREQ:CW 1000;:FUNC:DEV1:MODE OFF;:FUNC:DEV1:REF:VAL 0;:FUNC:DEV2:MODE OFF;:FUNC:DEV2:REF:VAL 0;:FUNC:IMP:TYPE LSRS;:FUNC:SMON:IDC:STAT OFF;:FUNC:SMON:VDC:STAT OFF;:INIT:CONT OFF;:LIST:MODE SEQ;:LIST:STIM:TYPE FREQ,NONE;:SOUR:DCS:VOLT:LEV 0;:TRIG:DEL 0;:TRIG:SOUR INT;:TRIG:TDEL 0;:DISP:WIND:TEXT1:DATA:FMSD:STAT OFF;:DISP:WIND:TEXT2:DATA:FMSD:STAT OFF;:FUNC:DCR:RANG:VAL 100;:FUNC:IMP:RANG:VAL 1;:OUTP:DC:ISOL:LEV:VAL 0.1;:OUTP:DC:ISOL:STAT OFF;:FUNC:DCR:RANG:AUTO ON;:FUNC:IMP:RANG:AUTO ON;:OUTP:DC:ISOL:LEV:AUTO ON;:DISP:PAGE MEASurement;
"
1591.5494309189535,8.451435324e-07,0.1211356529
1591.5494309189535,8.451216344e-07,0.1211337711
1591.5494309189535,8.451548007e-07,0.1211339294
1591.5494309189535,8.451186525e-07,0.1211322546
1591.5494309189535,8.450995106e-07,0.1211312598
1591.5494309189535,8.451018626e-07,0.1211303037
1591.5494309189535,8.451391501e-07,0.121129965
1591.5494309189535,8.451193164e-07,0.1211276085
1591.5494309189535,8.450597438e-07,0.1211265288
1591.5494309189535,8.451192552e-07,0.1211264355
1591.5494309189535,8.451456359e-07,0.121124413
1591.5494309189535,8.451349926e-07,0.1211240879
1591.5494309189535,8.450898755e-07,0.1211219306
1591.5494309189535,8.451366056e-07,0.1211211539
1591.5494309189535,8.451798555e-07,0.1211195404
1591.5494309189535,8.451237799e-07,0.1211180075
Freq,1591.5494309189535,Rs,0.12112730266249999,5.447959910386191e-06,Ls,8.4512426273125e-07,2.815212453973819e-11
":SOUR:DCS:STAT OFF;:BIAS:STAT OFF;:COMP:BIN:COUN:CLE;:LIST:CLE:ALL;:COMP:BIN:CLE;:AMPL:ALC ON;:APER LONG,16;:BIAS:POL:AUTO OFF;:BIAS:RANG:AUTO ON;:BIAS:VOLT:LEV 0;:COMP:ABIN OFF;:COMP:BIN:COUN:STAT OFF;:COMP:MODE PTOL;:COMP:SLIM -9.9e+037,9.9e+037;:COMP:STAT OFF;:COMP:SWAP OFF;:COMP:TOL:NOM 0;:CURR:LEV 0.1;:DISP:ENAB ON;:DISP:LINE """";:DISP:WIND:TEXT1:DATA:FMSD:DATA 1e-009;:DISP:WIND:TEXT2:DATA:FMSD:DATA 1e-009;:FORM:ASC:LONG ON;:FORM:BORD NORM;:FORM:DATA ASC,64;:FREQ:CW 1592;:FUNC:DEV1:MODE OFF;:FUNC:DEV1:REF:VAL 0;:FUNC:DEV2:MODE OFF;:FUNC:DEV2:REF:VAL 0;:FUNC:IMP:TYPE LSRS;:FUNC:SMON:IDC:STAT OFF;:FUNC:SMON:VDC:STAT OFF;:INIT:CONT OFF;:LIST:MODE SEQ;:LIST:STIM:TYPE FREQ,NONE;:SOUR:DCS:VOLT:LEV 0;:TRIG:DEL 0;:TRIG:SOUR INT;:TRIG:TDEL 0;:DISP:WIND:TEXT1:DATA:FMSD:STAT OFF;:DISP:WIND:TEXT2:DATA:FMSD:STAT OFF;:FUNC:DCR:RANG:VAL 100;:FUNC:IMP:RANG:VAL 1;:OUTP:DC:ISOL:LEV:VAL 0.1;:OUTP:DC:ISOL:STAT OFF;:FUNC:DCR:RANG:AUTO ON;:FUNC:IMP:RANG:AUTO ON;:OUTP:DC:ISOL:LEV:AUTO ON;:DISP:PAGE MEASurement;
"
2000.0,8.472439378e-07,0.1211189211
2000.0,8.472732417e-07,0.1211183609
2000.0,8.472610145e-07,0.1211173269
2000.0,8.471921327e-07,0.1211168459
2000.0,8.473233181e-07,0.121115442
2000.0,8.472016612e-07,0.1211149551
2000.0,8.472922291e-07,0.121114109
2000.0,8.472336885e-07,0.1211134832
2000.0,8.472555335e-07,0.1211130089
2000.0,8.472824744e-07,0.1211121506
2000.0,8.472893074e-07,0.1211120347
2000.0,8.471905859e-07,0.1211106337
2000.0,8.472508737e-07,0.1211101807
2000.0,8.472456761e-07,0.121108923
2000.0,8.472056037e-07,0.1211079617
2000.0,8.472280244e-07,0.1211071273
Freq,2000,Rs,0.12111321654375,3.6469783070320244e-06,Ls,8.472480814187501e-07,3.8629221838997556e-11
":SOUR:DCS:STAT OFF;:BIAS:STAT OFF;:COMP:BIN:COUN:CLE;:LIST:CLE:ALL;:COMP:BIN:CLE;:AMPL:ALC ON;:APER LONG,16;:BIAS:POL:AUTO OFF;:BIAS:RANG:AUTO ON;:BIAS:VOLT:LEV 0;:COMP:ABIN OFF;:COMP:BIN:COUN:STAT OFF;:COMP:MODE PTOL;:COMP:SLIM -9.9e+037,9.9e+037;:COMP:STAT OFF;:COMP:SWAP OFF;:COMP:TOL:NOM 0;:CURR:LEV 0.1;:DISP:ENAB ON;:DISP:LINE """";:DISP:WIND:TEXT1:DATA:FMSD:DATA 1e-009;:DISP:WIND:TEXT2:DATA:FMSD:DATA 1e-009;:FORM:ASC:LONG ON;:FORM:BORD NORM;:FORM:DATA ASC,64;:FREQ:CW 2000;:FUNC:DEV1:MODE OFF;:FUNC:DEV1:REF:VAL 0;:FUNC:DEV2:MODE OFF;:FUNC:DEV2:REF:VAL 0;:FUNC:IMP:TYPE LSRS;:FUNC:SMON:IDC:STAT OFF;:FUNC:SMON:VDC:STAT OFF;:INIT:CONT OFF;:LIST:MODE SEQ;:LIST:STIM:TYPE FREQ,NONE;:SOUR:DCS:VOLT:LEV 0;:TRIG:DEL 0;:TRIG:SOUR INT;:TRIG:TDEL 0;:DISP:WIND:TEXT1:DATA:FMSD:STAT OFF;:DISP:WIND:TEXT2:DATA:FMSD:STAT OFF;:FUNC:DCR:RANG:VAL 100;:FUNC:IMP:RANG:VAL 1;:OUTP:DC:ISOL:LEV:VAL 0.1;:OUTP:DC:ISOL:STAT OFF;:FUNC:DCR:RANG:AUTO ON;:FUNC:IMP:RANG:AUTO ON;:OUTP:DC:ISOL:LEV:AUTO ON;:DISP:PAGE MEASurement;
"
3000.0,8.469263109e-07,0.1211365146
3000.0,8.471183897e-07,0.1211341025
3000.0,8.47088223e-07,0.1211334626
3000.0,8.470202561e-07,0.1211336505
3000.0,8.470045345e-07,0.1211320955
3000.0,8.471060079e-07,0.1211308874
3000.0,8.471109616e-07,0.1211293302
3000.0,8.471032867e-07,0.1211284931
3000.0,8.47084402e-07,0.1211287199
3000.0,8.470889254e-07,0.1211292393
3000.0,8.470680866e-07,0.1211280097
3000.0,8.470569971e-07,0.1211277106
3000.0,8.470741697e-07,0.1211256036
3000.0,8.470403746e-07,0.1211256086
3000.0,8.47028269e-07,0.121125141
3000.0,8.470991689e-07,0.1211239974
Freq,3000,Rs,0.12112953540625,3.6396379954522353e-06,Ls,8.4706364773125e-07,5.016165006686833e-11
":SOUR:DCS:STAT OFF;:BIAS:STAT OFF;:COMP:BIN:COUN:CLE;:LIST:CLE:ALL;:COMP:BIN:CLE;:AMPL:ALC ON;:APER LONG,16;:BIAS:POL:AUTO OFF;:BIAS:RANG:AUTO ON;:BIAS:VOLT:LEV 0;:COMP:ABIN OFF;:COMP:BIN:COUN:STAT OFF;:COMP:MODE PTOL;:COMP:SLIM -9.9e+037,9.9e+037;:COMP:STAT OFF;:COMP:SWAP OFF;:COMP:TOL:NOM 0;:CURR:LEV 0.1;:DISP:ENAB ON;:DISP:LINE """";:DISP:WIND:TEXT1:DATA:FMSD:DATA 1e-009;:DISP:WIND:TEXT2:DATA:FMSD:DATA 1e-009;:FORM:ASC:LONG ON;:FORM:BORD NORM;:FORM:DATA ASC,64;:FREQ:CW 3000;:FUNC:DEV1:MODE OFF;:FUNC:DEV1:REF:VAL 0;:FUNC:DEV2:MODE OFF;:FUNC:DEV2:REF:VAL 0;:FUNC:IMP:TYPE LSRS;:FUNC:SMON:IDC:STAT OFF;:FUNC:SMON:VDC:STAT OFF;:INIT:CONT OFF;:LIST:MODE SEQ;:LIST:STIM:TYPE FREQ,NONE;:SOUR:DCS:VOLT:LEV 0;:TRIG:DEL 0;:TRIG:SOUR INT;:TRIG:TDEL 0;:DISP:WIND:TEXT1:DATA:FMSD:STAT OFF;:DISP:WIND:TEXT2:DATA:FMSD:STAT OFF;:FUNC:DCR:RANG:VAL 100;:FUNC:IMP:RANG:VAL 1;:OUTP:DC:ISOL:LEV:VAL 0.1;:OUTP:DC:ISOL:STAT OFF;:FUNC:DCR:RANG:AUTO ON;:FUNC:IMP:RANG:AUTO ON;:OUTP:DC:ISOL:LEV:AUTO ON;:DISP:PAGE MEASurement;
"
5000.0,8.464252905e-07,0.1211850821
5000.0,8.464092882e-07,0.121185756
5000.0,8.464008125e-07,0.1211840183
5000.0,8.464297192e-07,0.1211852406
5000.0,8.464003508e-07,0.1211838119
5000.0,8.464040152e-07,0.1211840162
5000.0,8.46420448e-07,0.1211823343
5000.0,8.464395525e-07,0.1211816375
5000.0,8.464359473e-07,0.1211821653
5000.0,8.464290946e-07,0.1211809061
5000.0,8.46392324e-07,0.1211820459
5000.0,8.464257744e-07,0.1211811305
5000.0,8.46428115e-07,0.1211823518
5000.0,8.464369626e-07,0.1211807256
5000.0,8.464004973e-07,0.12118042
5000.0,8.464229796e-07,0.121180268
Freq,5000,Rs,0.12118261938125,1.8048293970048604e-06,Ls,8.4641882323125e-07,1.5245662763072153e-11
":SOUR:DCS:STAT OFF;:BIAS:STAT OFF;:COMP:BIN:COUN:CLE;:LIST:CLE:ALL;:COMP:BIN:CLE;:AMPL:ALC ON;:APER LONG,16;:BIAS:POL:AUTO OFF;:BIAS:RANG:AUTO ON;:BIAS:VOLT:LEV 0;:COMP:ABIN OFF;:COMP:BIN:COUN:STAT OFF;:COMP:MODE PTOL;:COMP:SLIM -9.9e+037,9.9e+037;:COMP:STAT OFF;:COMP:SWAP OFF;:COMP:TOL:NOM 0;:CURR:LEV 0.1;:DISP:ENAB ON;:DISP:LINE """";:DISP:WIND:TEXT1:DATA:FMSD:DATA 1e-009;:DISP:WIND:TEXT2:DATA:FMSD:DATA 1e-009;:FORM:ASC:LONG ON;:FORM:BORD NORM;:FORM:DATA ASC,64;:FREQ:CW 5000;:FUNC:DEV1:MODE OFF;:FUNC:DEV1:REF:VAL 0;:FUNC:DEV2:MODE OFF;:FUNC:DEV2:REF:VAL 0;:FUNC:IMP:TYPE LSRS;:FUNC:SMON:IDC:STAT OFF;:FUNC:SMON:VDC:STAT OFF;:INIT:CONT OFF;:LIST:MODE SEQ;:LIST:STIM:TYPE FREQ,NONE;:SOUR:DCS:VOLT:LEV 0;:TRIG:DEL 0;:TRIG:SOUR INT;:TRIG:TDEL 0;:DISP:WIND:TEXT1:DATA:FMSD:STAT OFF;:DISP:WIND:TEXT2:DATA:FMSD:STAT OFF;:FUNC:DCR:RANG:VAL 100;:FUNC:IMP:RANG:VAL 1;:OUTP:DC:ISOL:LEV:VAL 0.1;:OUTP:DC:ISOL:STAT OFF;:FUNC:DCR:RANG:AUTO ON;:FUNC:IMP:RANG:AUTO ON;:OUTP:DC:ISOL:LEV:AUTO ON;:DISP:PAGE MEASurement;
"
":SOUR:DCS:STAT OFF;:BIAS:STAT OFF;:COMP:BIN:COUN:CLE;:LIST:CLE:ALL;:COMP:BIN:CLE;:AMPL:ALC ON;:APER LONG,16;:BIAS:POL:AUTO OFF;:BIAS:RANG:AUTO ON;:BIAS:VOLT:LEV 0;:COMP:ABIN OFF;:COMP:BIN:COUN:STAT OFF;:COMP:MODE PTOL;:COMP:SLIM -9.9e+037,9.9e+037;:COMP:STAT OFF;:COMP:SWAP OFF;:COMP:TOL:NOM 0;:CURR:LEV 0.1;:DISP:ENAB ON;:DISP:LINE """";:DISP:WIND:TEXT1:DATA:FMSD:DATA 1e-009;:DISP:WIND:TEXT2:DATA:FMSD:DATA 1e-009;:FORM:ASC:LONG ON;:FORM:BORD NORM;:FORM:DATA ASC,64;:FREQ:CW 5000;:FUNC:DEV1:MODE OFF;:FUNC:DEV1:REF:VAL 0;:FUNC:DEV2:MODE OFF;:FUNC:DEV2:REF:VAL 0;:FUNC:IMP:TYPE LSRS;:FUNC:SMON:IDC:STAT OFF;:FUNC:SMON:VDC:STAT OFF;:INIT:CONT OFF;:LIST:MODE SEQ;:LIST:STIM:TYPE FREQ,NONE;:SOUR:DCS:VOLT:LEV 0;:TRIG:DEL 0;:TRIG:SOUR INT;:TRIG:TDEL 0;:DISP:WIND:TEXT1:DATA:FMSD:STAT OFF;:DISP:WIND:TEXT2:DATA:FMSD:STAT OFF;:FUNC:DCR:RANG:VAL 100;:FUNC:IMP:RANG:VAL 1;:OUTP:DC:ISOL:LEV:VAL 0.1;:OUTP:DC:ISOL:STAT OFF;:FUNC:DCR:RANG:AUTO ON;:FUNC:IMP:RANG:AUTO ON;:OUTP:DC:ISOL:LEV:AUTO ON;:DISP:PAGE MEASurement;
"
2022-09-16,16:37:36
---------run finished---------
lcr name:,KeySight E4980A
Name and description of Resistor under test: ,RE8R
GPIB source:,<bound method MessageBasedResource.read of <'GPIBInstrument'('GPIB0::17::INSTR')>>
2022-09-16,16:47:54
select the freq range,"[50, 100, 200, 300, 500, 800, 1000, 1591.5494309189535, 2000, 3000, 5000]"
50.0,6.592219225e-07,0.1213890734
50.0,7.06933663e-07,0.1213965438
50.0,7.001569295e-07,0.1214121083
50.0,6.604987325e-07,0.1214161563
50.0,6.508077441e-07,0.1214117073
50.0,6.838302921e-07,0.1214090671
50.0,7.110726214e-07,0.1213957606
50.0,7.101786611e-07,0.1213853277
50.0,7.080250504e-07,0.1213801873
50.0,7.038102648e-07,0.1213885916
50.0,6.299874413e-07,0.1213897773
50.0,6.357508853e-07,0.1213596112
50.0,7.062119936e-07,0.1213644373
50.0,6.948377798e-07,0.1213782672
50.0,6.587340713e-07,0.1213803411
50.0,6.267623197e-07,0.1213729181
Freq,50,Rs,0.121389367225,1.6927247835467906e-05,Ls,6.77926273275e-07,3.1223234703821477e-08
":SOUR:DCS:STAT OFF;:BIAS:STAT OFF;:COMP:BIN:COUN:CLE;:LIST:CLE:ALL;:COMP:BIN:CLE;:AMPL:ALC ON;:APER LONG,16;:BIAS:POL:AUTO OFF;:BIAS:RANG:AUTO ON;:BIAS:VOLT:LEV 0;:COMP:ABIN OFF;:COMP:BIN:COUN:STAT OFF;:COMP:MODE PTOL;:COMP:SLIM -9.9e+037,9.9e+037;:COMP:STAT OFF;:COMP:SWAP OFF;:COMP:TOL:NOM 0;:CURR:LEV 0.1;:DISP:ENAB ON;:DISP:LINE """";:DISP:WIND:TEXT1:DATA:FMSD:DATA 1e-009;:DISP:WIND:TEXT2:DATA:FMSD:DATA 1e-009;:FORM:ASC:LONG ON;:FORM:BORD NORM;:FORM:DATA ASC,64;:FREQ:CW 50;:FUNC:DEV1:MODE OFF;:FUNC:DEV1:REF:VAL 0;:FUNC:DEV2:MODE OFF;:FUNC:DEV2:REF:VAL 0;:FUNC:IMP:TYPE LSRS;:FUNC:SMON:IDC:STAT OFF;:FUNC:SMON:VDC:STAT OFF;:INIT:CONT OFF;:LIST:MODE SEQ;:LIST:STIM:TYPE FREQ,NONE;:SOUR:DCS:VOLT:LEV 0;:TRIG:DEL 0;:TRIG:SOUR INT;:TRIG:TDEL 0;:DISP:WIND:TEXT1:DATA:FMSD:STAT OFF;:DISP:WIND:TEXT2:DATA:FMSD:STAT OFF;:FUNC:DCR:RANG:VAL 100;:FUNC:IMP:RANG:VAL 1;:OUTP:DC:ISOL:LEV:VAL 0.1;:OUTP:DC:ISOL:STAT OFF;:FUNC:DCR:RANG:AUTO ON;:FUNC:IMP:RANG:AUTO ON;:OUTP:DC:ISOL:LEV:AUTO ON;:DISP:PAGE MEASurement;
"
100.0,9.176691362e-07,0.121350952
100.0,9.151774976e-07,0.1213495704
100.0,9.154841183e-07,0.1213475363
100.0,9.162542254e-07,0.1213470006
100.0,9.155427545e-07,0.1213454043
100.0,9.16354856e-07,0.1213453885
100.0,9.160779817e-07,0.1213479785
100.0,9.180074765e-07,0.121346819
100.0,9.162718764e-07,0.1213462707
100.0,9.149138377e-07,0.1213439867
100.0,9.148832577e-07,0.1213439558
100.0,9.157866741e-07,0.1213438308
100.0,9.149691697e-07,0.121342222
100.0,9.15845287e-07,0.1213424036
100.0,9.157852778e-07,0.1213406524
100.0,9.180498342e-07,0.1213399576
Freq,100,Rs,0.121345245575,3.0785777782377064e-06,Ls,9.160670788e-07,1.031926879614591e-09
":SOUR:DCS:STAT OFF;:BIAS:STAT OFF;:COMP:BIN:COUN:CLE;:LIST:CLE:ALL;:COMP:BIN:CLE;:AMPL:ALC ON;:APER LONG,16;:BIAS:POL:AUTO OFF;:BIAS:RANG:AUTO ON;:BIAS:VOLT:LEV 0;:COMP:ABIN OFF;:COMP:BIN:COUN:STAT OFF;:COMP:MODE PTOL;:COMP:SLIM -9.9e+037,9.9e+037;:COMP:STAT OFF;:COMP:SWAP OFF;:COMP:TOL:NOM 0;:CURR:LEV 0.1;:DISP:ENAB ON;:DISP:LINE """";:DISP:WIND:TEXT1:DATA:FMSD:DATA 1e-009;:DISP:WIND:TEXT2:DATA:FMSD:DATA 1e-009;:FORM:ASC:LONG ON;:FORM:BORD NORM;:FORM:DATA ASC,64;:FREQ:CW 100;:FUNC:DEV1:MODE OFF;:FUNC:DEV1:REF:VAL 0;:FUNC:DEV2:MODE OFF;:FUNC:DEV2:REF:VAL 0;:FUNC:IMP:TYPE LSRS;:FUNC:SMON:IDC:STAT OFF;:FUNC:SMON:VDC:STAT OFF;:INIT:CONT OFF;:LIST:MODE SEQ;:LIST:STIM:TYPE FREQ,NONE;:SOUR:DCS:VOLT:LEV 0;:TRIG:DEL 0;:TRIG:SOUR INT;:TRIG:TDEL 0;:DISP:WIND:TEXT1:DATA:FMSD:STAT OFF;:DISP:WIND:TEXT2:DATA:FMSD:STAT OFF;:FUNC:DCR:RANG:VAL 100;:FUNC:IMP:RANG:VAL 1;:OUTP:DC:ISOL:LEV:VAL 0.1;:OUTP:DC:ISOL:STAT OFF;:FUNC:DCR:RANG:AUTO ON;:FUNC:IMP:RANG:AUTO ON;:OUTP:DC:ISOL:LEV:AUTO ON;:DISP:PAGE MEASurement;
"
200.0,8.75741352e-07,0.1213608792
200.0,8.757464832e-07,0.1213583263
200.0,8.761975256e-07,0.1213584944
200.0,8.754585878e-07,0.1213571188
200.0,8.759821741e-07,0.1213564312
200.0,8.764177179e-07,0.1213546325
200.0,8.765114438e-07,0.1213549442
200.0,8.761330184e-07,0.1213615611
200.0,8.761784381e-07,0.1213622356
200.0,8.761706344e-07,0.1213618252
200.0,8.767780503e-07,0.1213627167
200.0,8.758572365e-07,0.1213624692
200.0,8.758583836e-07,0.1213626175
200.0,8.762904454e-07,0.121361826
200.0,8.759397437e-07,0.1213598438
200.0,8.761585375e-07,0.1213592929
Freq,200,Rs,0.1213597009125,2.766132479083024e-06,Ls,8.7608873576875e-07,3.277480536663877e-10
":SOUR:DCS:STAT OFF;:BIAS:STAT OFF;:COMP:BIN:COUN:CLE;:LIST:CLE:ALL;:COMP:BIN:CLE;:AMPL:ALC ON;:APER LONG,16;:BIAS:POL:AUTO OFF;:BIAS:RANG:AUTO ON;:BIAS:VOLT:LEV 0;:COMP:ABIN OFF;:COMP:BIN:COUN:STAT OFF;:COMP:MODE PTOL;:COMP:SLIM -9.9e+037,9.9e+037;:COMP:STAT OFF;:COMP:SWAP OFF;:COMP:TOL:NOM 0;:CURR:LEV 0.1;:DISP:ENAB ON;:DISP:LINE """";:DISP:WIND:TEXT1:DATA:FMSD:DATA 1e-009;:DISP:WIND:TEXT2:DATA:FMSD:DATA 1e-009;:FORM:ASC:LONG ON;:FORM:BORD NORM;:FORM:DATA ASC,64;:FREQ:CW 200;:FUNC:DEV1:MODE OFF;:FUNC:DEV1:REF:VAL 0;:FUNC:DEV2:MODE OFF;:FUNC:DEV2:REF:VAL 0;:FUNC:IMP:TYPE LSRS;:FUNC:SMON:IDC:STAT OFF;:FUNC:SMON:VDC:STAT OFF;:INIT:CONT OFF;:LIST:MODE SEQ;:LIST:STIM:TYPE FREQ,NONE;:SOUR:DCS:VOLT:LEV 0;:TRIG:DEL 0;:TRIG:SOUR INT;:TRIG:TDEL 0;:DISP:WIND:TEXT1:DATA:FMSD:STAT OFF;:DISP:WIND:TEXT2:DATA:FMSD:STAT OFF;:FUNC:DCR:RANG:VAL 100;:FUNC:IMP:RANG:VAL 1;:OUTP:DC:ISOL:LEV:VAL 0.1;:OUTP:DC:ISOL:STAT OFF;:FUNC:DCR:RANG:AUTO ON;:FUNC:IMP:RANG:AUTO ON;:OUTP:DC:ISOL:LEV:AUTO ON;:DISP:PAGE MEASurement;
"
300.0,8.483222944e-07,0.1213760096
300.0,8.486665094e-07,0.1213768504
300.0,8.487111898e-07,0.1213758094
300.0,8.48392289e-07,0.1213745148
300.0,8.484265221e-07,0.1213744553
300.0,8.484937259e-07,0.121372578
300.0,8.481964696e-07,0.1213706091
300.0,8.486033051e-07,0.121368739
300.0,8.485442453e-07,0.1213684507
300.0,8.486656285e-07,0.121367407
300.0,8.482174668e-07,0.121366921
300.0,8.484981429e-07,0.1213650097
300.0,8.486146101e-07,0.1213652704
300.0,8.481627779e-07,0.121364717
300.0,8.481039288e-07,0.1213631625
300.0,8.480752518e-07,0.1213622678
Freq,300,Rs,0.12136954823125,4.91726243889434e-06,Ls,8.484183973375e-07,2.145632938367011e-10
":SOUR:DCS:STAT OFF;:BIAS:STAT OFF;:COMP:BIN:COUN:CLE;:LIST:CLE:ALL;:COMP:BIN:CLE;:AMPL:ALC ON;:APER LONG,16;:BIAS:POL:AUTO OFF;:BIAS:RANG:AUTO ON;:BIAS:VOLT:LEV 0;:COMP:ABIN OFF;:COMP:BIN:COUN:STAT OFF;:COMP:MODE PTOL;:COMP:SLIM -9.9e+037,9.9e+037;:COMP:STAT OFF;:COMP:SWAP OFF;:COMP:TOL:NOM 0;:CURR:LEV 0.1;:DISP:ENAB ON;:DISP:LINE """";:DISP:WIND:TEXT1:DATA:FMSD:DATA 1e-009;:DISP:WIND:TEXT2:DATA:FMSD:DATA 1e-009;:FORM:ASC:LONG ON;:FORM:BORD NORM;:FORM:DATA ASC,64;:FREQ:CW 300;:FUNC:DEV1:MODE OFF;:FUNC:DEV1:REF:VAL 0;:FUNC:DEV2:MODE OFF;:FUNC:DEV2:REF:VAL 0;:FUNC:IMP:TYPE LSRS;:FUNC:SMON:IDC:STAT OFF;:FUNC:SMON:VDC:STAT OFF;:INIT:CONT OFF;:LIST:MODE SEQ;:LIST:STIM:TYPE FREQ,NONE;:SOUR:DCS:VOLT:LEV 0;:TRIG:DEL 0;:TRIG:SOUR INT;:TRIG:TDEL 0;:DISP:WIND:TEXT1:DATA:FMSD:STAT OFF;:DISP:WIND:TEXT2:DATA:FMSD:STAT OFF;:FUNC:DCR:RANG:VAL 100;:FUNC:IMP:RANG:VAL 1;:OUTP:DC:ISOL:LEV:VAL 0.1;:OUTP:DC:ISOL:STAT OFF;:FUNC:DCR:RANG:AUTO ON;:FUNC:IMP:RANG:AUTO ON;:OUTP:DC:ISOL:LEV:AUTO ON;:DISP:PAGE MEASurement;
"
500.0,8.476217464e-07,0.121381848
500.0,8.477190249e-07,0.1213812544
500.0,8.478533286e-07,0.1213801402
500.0,8.476602173e-07,0.1213795335
500.0,8.477955397e-07,0.1213773553
500.0,8.477070528e-07,0.1213761297
500.0,8.47648184e-07,0.1213748185
500.0,8.477330396e-07,0.1213739371
500.0,8.480325957e-07,0.1213723676
500.0,8.475883889e-07,0.1213713681
500.0,8.47760489e-07,0.1213703928
500.0,8.476932169e-07,0.1213689439
500.0,8.478407316e-07,0.121369115
500.0,8.478123276e-07,0.1213676407
500.0,8.478657681e-07,0.1213660686
500.0,8.47615916e-07,0.1213652137
Freq,500,Rs,0.12137350794375,5.463274429614967e-06,Ls,8.477467229437499e-07,1.164352097714762e-10
":SOUR:DCS:STAT OFF;:BIAS:STAT OFF;:COMP:BIN:COUN:CLE;:LIST:CLE:ALL;:COMP:BIN:CLE;:AMPL:ALC ON;:APER LONG,16;:BIAS:POL:AUTO OFF;:BIAS:RANG:AUTO ON;:BIAS:VOLT:LEV 0;:COMP:ABIN OFF;:COMP:BIN:COUN:STAT OFF;:COMP:MODE PTOL;:COMP:SLIM -9.9e+037,9.9e+037;:COMP:STAT OFF;:COMP:SWAP OFF;:COMP:TOL:NOM 0;:CURR:LEV 0.1;:DISP:ENAB ON;:DISP:LINE """";:DISP:WIND:TEXT1:DATA:FMSD:DATA 1e-009;:DISP:WIND:TEXT2:DATA:FMSD:DATA 1e-009;:FORM:ASC:LONG ON;:FORM:BORD NORM;:FORM:DATA ASC,64;:FREQ:CW 500;:FUNC:DEV1:MODE OFF;:FUNC:DEV1:REF:VAL 0;:FUNC:DEV2:MODE OFF;:FUNC:DEV2:REF:VAL 0;:FUNC:IMP:TYPE LSRS;:FUNC:SMON:IDC:STAT OFF;:FUNC:SMON:VDC:STAT OFF;:INIT:CONT OFF;:LIST:MODE SEQ;:LIST:STIM:TYPE FREQ,NONE;:SOUR:DCS:VOLT:LEV 0;:TRIG:DEL 0;:TRIG:SOUR INT;:TRIG:TDEL 0;:DISP:WIND:TEXT1:DATA:FMSD:STAT OFF;:DISP:WIND:TEXT2:DATA:FMSD:STAT OFF;:FUNC:DCR:RANG:VAL 100;:FUNC:IMP:RANG:VAL 1;:OUTP:DC:ISOL:LEV:VAL 0.1;:OUTP:DC:ISOL:STAT OFF;:FUNC:DCR:RANG:AUTO ON;:FUNC:IMP:RANG:AUTO ON;:OUTP:DC:ISOL:LEV:AUTO ON;:DISP:PAGE MEASurement;
"
800.0,8.4506991e-07,0.1213450087
800.0,8.450668555e-07,0.1213441454
800.0,8.45018849e-07,0.1213423364
800.0,8.451443492e-07,0.1213416352
800.0,8.450502702e-07,0.1213403434
800.0,8.450911866e-07,0.121340002
800.0,8.450332489e-07,0.1213390013
800.0,8.451071357e-07,0.1213377433
800.0,8.450588875e-07,0.1213369816
800.0,8.451107681e-07,0.1213354711
800.0,8.450709858e-07,0.1213343453
800.0,8.450700607e-07,0.1213335672
800.0,8.451037283e-07,0.1213324227
800.0,8.450862098e-07,0.1213314478
800.0,8.450838563e-07,0.1213303799
800.0,8.450312071e-07,0.1213294684
Freq,800,Rs,0.12133714373125,4.919854270434084e-06,Ls,8.450748442937499e-07,3.289400462215216e-11
":SOUR:DCS:STAT OFF;:BIAS:STAT OFF;:COMP:BIN:COUN:CLE;:LIST:CLE:ALL;:COMP:BIN:CLE;:AMPL:ALC ON;:APER LONG,16;:BIAS:POL:AUTO OFF;:BIAS:RANG:AUTO ON;:BIAS:VOLT:LEV 0;:COMP:ABIN OFF;:COMP:BIN:COUN:STAT OFF;:COMP:MODE PTOL;:COMP:SLIM -9.9e+037,9.9e+037;:COMP:STAT OFF;:COMP:SWAP OFF;:COMP:TOL:NOM 0;:CURR:LEV 0.1;:DISP:ENAB ON;:DISP:LINE """";:DISP:WIND:TEXT1:DATA:FMSD:DATA 1e-009;:DISP:WIND:TEXT2:DATA:FMSD:DATA 1e-009;:FORM:ASC:LONG ON;:FORM:BORD NORM;:FORM:DATA ASC,64;:FREQ:CW 800;:FUNC:DEV1:MODE OFF;:FUNC:DEV1:REF:VAL 0;:FUNC:DEV2:MODE OFF;:FUNC:DEV2:REF:VAL 0;:FUNC:IMP:TYPE LSRS;:FUNC:SMON:IDC:STAT OFF;:FUNC:SMON:VDC:STAT OFF;:INIT:CONT OFF;:LIST:MODE SEQ;:LIST:STIM:TYPE FREQ,NONE;:SOUR:DCS:VOLT:LEV 0;:TRIG:DEL 0;:TRIG:SOUR INT;:TRIG:TDEL 0;:DISP:WIND:TEXT1:DATA:FMSD:STAT OFF;:DISP:WIND:TEXT2:DATA:FMSD:STAT OFF;:FUNC:DCR:RANG:VAL 100;:FUNC:IMP:RANG:VAL 1;:OUTP:DC:ISOL:LEV:VAL 0.1;:OUTP:DC:ISOL:STAT OFF;:FUNC:DCR:RANG:AUTO ON;:FUNC:IMP:RANG:AUTO ON;:OUTP:DC:ISOL:LEV:AUTO ON;:DISP:PAGE MEASurement;
"
1000.0,8.457588248e-07,0.1213135531
1000.0,8.457647421e-07,0.1213134641
1000.0,8.457563452e-07,0.1213123127
1000.0,8.458722652e-07,0.1213103756
1000.0,8.458101371e-07,0.1213102843
1000.0,8.458030339e-07,0.1213099473
1000.0,8.457082638e-07,0.121308455
1000.0,8.457424828e-07,0.1213069289
1000.0,8.457919693e-07,0.1213059408
1000.0,8.457107336e-07,0.1213046205
1000.0,8.457467559e-07,0.1213034532
1000.0,8.458552235e-07,0.1213024526
1000.0,8.457092598e-07,0.1213016645
1000.0,8.458025885e-07,0.1212998857
1000.0,8.457899073e-07,0.1212990746
1000.0,8.457577948e-07,0.1212978287
Freq,1000,Rs,0.1213062651,5.185552342036673e-06,Ls,8.457737704749999e-07,4.8260135932231585e-11
":SOUR:DCS:STAT OFF;:BIAS:STAT OFF;:COMP:BIN:COUN:CLE;:LIST:CLE:ALL;:COMP:BIN:CLE;:AMPL:ALC ON;:APER LONG,16;:BIAS:POL:AUTO OFF;:BIAS:RANG:AUTO ON;:BIAS:VOLT:LEV 0;:COMP:ABIN OFF;:COMP:BIN:COUN:STAT OFF;:COMP:MODE PTOL;:COMP:SLIM -9.9e+037,9.9e+037;:COMP:STAT OFF;:COMP:SWAP OFF;:COMP:TOL:NOM 0;:CURR:LEV 0.1;:DISP:ENAB ON;:DISP:LINE """";:DISP:WIND:TEXT1:DATA:FMSD:DATA 1e-009;:DISP:WIND:TEXT2:DATA:FMSD:DATA 1e-009;:FORM:ASC:LONG ON;:FORM:BORD NORM;:FORM:DATA ASC,64;:FREQ:CW 1000;:FUNC:DEV1:MODE OFF;:FUNC:DEV1:REF:VAL 0;:FUNC:DEV2:MODE OFF;:FUNC:DEV2:REF:VAL 0;:FUNC:IMP:TYPE LSRS;:FUNC:SMON:IDC:STAT OFF;:FUNC:SMON:VDC:STAT OFF;:INIT:CONT OFF;:LIST:MODE SEQ;:LIST:STIM:TYPE FREQ,NONE;:SOUR:DCS:VOLT:LEV 0;:TRIG:DEL 0;:TRIG:SOUR INT;:TRIG:TDEL 0;:DISP:WIND:TEXT1:DATA:FMSD:STAT OFF;:DISP:WIND:TEXT2:DATA:FMSD:STAT OFF;:FUNC:DCR:RANG:VAL 100;:FUNC:IMP:RANG:VAL 1;:OUTP:DC:ISOL:LEV:VAL 0.1;:OUTP:DC:ISOL:STAT OFF;:FUNC:DCR:RANG:AUTO ON;:FUNC:IMP:RANG:AUTO ON;:OUTP:DC:ISOL:LEV:AUTO ON;:DISP:PAGE MEASurement;
"
1591.5494309189535,8.452935524e-07,0.1212916564
1591.5494309189535,8.453546074e-07,0.1212916075
1591.5494309189535,8.453226504e-07,0.1212908702
1591.5494309189535,8.452721911e-07,0.1212913347
1591.5494309189535,8.453259773e-07,0.121291956
1591.5494309189535,8.452768989e-07,0.12129241
1591.5494309189535,8.453029222e-07,0.1212930726
1591.5494309189535,8.453182546e-07,0.1212937815
1591.5494309189535,8.453234626e-07,0.1212944724
1591.5494309189535,8.452823059e-07,0.1212936329
1591.5494309189535,8.453459053e-07,0.1212932477
1591.5494309189535,8.452956689e-07,0.1212926535
1591.5494309189535,8.453278969e-07,0.1212928116
1591.5494309189535,8.453331655e-07,0.1212917061
1591.5494309189535,8.452257058e-07,0.1212914344
1591.5494309189535,8.452492494e-07,0.1212904239
Freq,1591.5494309189535,Rs,0.12129231696250001,1.1310762655553688e-06,Ls,8.453031509125e-07,3.527452582228079e-11
":SOUR:DCS:STAT OFF;:BIAS:STAT OFF;:COMP:BIN:COUN:CLE;:LIST:CLE:ALL;:COMP:BIN:CLE;:AMPL:ALC ON;:APER LONG,16;:BIAS:POL:AUTO OFF;:BIAS:RANG:AUTO ON;:BIAS:VOLT:LEV 0;:COMP:ABIN OFF;:COMP:BIN:COUN:STAT OFF;:COMP:MODE PTOL;:COMP:SLIM -9.9e+037,9.9e+037;:COMP:STAT OFF;:COMP:SWAP OFF;:COMP:TOL:NOM 0;:CURR:LEV 0.1;:DISP:ENAB ON;:DISP:LINE """";:DISP:WIND:TEXT1:DATA:FMSD:DATA 1e-009;:DISP:WIND:TEXT2:DATA:FMSD:DATA 1e-009;:FORM:ASC:LONG ON;:FORM:BORD NORM;:FORM:DATA ASC,64;:FREQ:CW 1592;:FUNC:DEV1:MODE OFF;:FUNC:DEV1:REF:VAL 0;:FUNC:DEV2:MODE OFF;:FUNC:DEV2:REF:VAL 0;:FUNC:IMP:TYPE LSRS;:FUNC:SMON:IDC:STAT OFF;:FUNC:SMON:VDC:STAT OFF;:INIT:CONT OFF;:LIST:MODE SEQ;:LIST:STIM:TYPE FREQ,NONE;:SOUR:DCS:VOLT:LEV 0;:TRIG:DEL 0;:TRIG:SOUR INT;:TRIG:TDEL 0;:DISP:WIND:TEXT1:DATA:FMSD:STAT OFF;:DISP:WIND:TEXT2:DATA:FMSD:STAT OFF;:FUNC:DCR:RANG:VAL 100;:FUNC:IMP:RANG:VAL 1;:OUTP:DC:ISOL:LEV:VAL 0.1;:OUTP:DC:ISOL:STAT OFF;:FUNC:DCR:RANG:AUTO ON;:FUNC:IMP:RANG:AUTO ON;:OUTP:DC:ISOL:LEV:AUTO ON;:DISP:PAGE MEASurement;
"
2000.0,8.474828481e-07,0.1212925955
2000.0,8.474171859e-07,0.1212918197
2000.0,8.474105423e-07,0.1212914768
2000.0,8.474345402e-07,0.1212916254
2000.0,8.474570347e-07,0.1212907122
2000.0,8.474442042e-07,0.1212909948
2000.0,8.474584053e-07,0.1212898452
2000.0,8.474514795e-07,0.1212887935
2000.0,8.474206669e-07,0.1212875996
2000.0,8.474302033e-07,0.1212863816
2000.0,8.474509043e-07,0.1212862163
2000.0,8.474264556e-07,0.1212850386
2000.0,8.473757105e-07,0.1212840778
2000.0,8.474514243e-07,0.1212845457
2000.0,8.474372338e-07,0.121284999
2000.0,8.474186575e-07,0.1212843511
Freq,2000,Rs,0.12128819205,3.109950155869829e-06,Ls,8.47435468525e-07,2.476927882519597e-11
":SOUR:DCS:STAT OFF;:BIAS:STAT OFF;:COMP:BIN:COUN:CLE;:LIST:CLE:ALL;:COMP:BIN:CLE;:AMPL:ALC ON;:APER LONG,16;:BIAS:POL:AUTO OFF;:BIAS:RANG:AUTO ON;:BIAS:VOLT:LEV 0;:COMP:ABIN OFF;:COMP:BIN:COUN:STAT OFF;:COMP:MODE PTOL;:COMP:SLIM -9.9e+037,9.9e+037;:COMP:STAT OFF;:COMP:SWAP OFF;:COMP:TOL:NOM 0;:CURR:LEV 0.1;:DISP:ENAB ON;:DISP:LINE """";:DISP:WIND:TEXT1:DATA:FMSD:DATA 1e-009;:DISP:WIND:TEXT2:DATA:FMSD:DATA 1e-009;:FORM:ASC:LONG ON;:FORM:BORD NORM;:FORM:DATA ASC,64;:FREQ:CW 2000;:FUNC:DEV1:MODE OFF;:FUNC:DEV1:REF:VAL 0;:FUNC:DEV2:MODE OFF;:FUNC:DEV2:REF:VAL 0;:FUNC:IMP:TYPE LSRS;:FUNC:SMON:IDC:STAT OFF;:FUNC:SMON:VDC:STAT OFF;:INIT:CONT OFF;:LIST:MODE SEQ;:LIST:STIM:TYPE FREQ,NONE;:SOUR:DCS:VOLT:LEV 0;:TRIG:DEL 0;:TRIG:SOUR INT;:TRIG:TDEL 0;:DISP:WIND:TEXT1:DATA:FMSD:STAT OFF;:DISP:WIND:TEXT2:DATA:FMSD:STAT OFF;:FUNC:DCR:RANG:VAL 100;:FUNC:IMP:RANG:VAL 1;:OUTP:DC:ISOL:LEV:VAL 0.1;:OUTP:DC:ISOL:STAT OFF;:FUNC:DCR:RANG:AUTO ON;:FUNC:IMP:RANG:AUTO ON;:OUTP:DC:ISOL:LEV:AUTO ON;:DISP:PAGE MEASurement;
"
3000.0,8.47224005e-07,0.1213120589
3000.0,8.473199236e-07,0.1213126303
3000.0,8.471957879e-07,0.1213114391
3000.0,8.472452796e-07,0.1213101271
3000.0,8.471601021e-07,0.1213098756
3000.0,8.472772941e-07,0.1213088807
3000.0,8.472301852e-07,0.1213097316
3000.0,8.47110251e-07,0.1213115463
3000.0,8.472114534e-07,0.1213097908
3000.0,8.472901894e-07,0.1213114693
3000.0,8.472848265e-07,0.1213110254
3000.0,8.472577009e-07,0.121309962
3000.0,8.472205109e-07,0.1213113589
3000.0,8.472078182e-07,0.1213147883
3000.0,8.472323623e-07,0.1213199471
3000.0,8.471589786e-07,0.1213219855
Freq,3000,Rs,0.12131228855625001,3.6860384906624636e-06,Ls,8.4722666679375e-07,5.427239287002729e-11
":SOUR:DCS:STAT OFF;:BIAS:STAT OFF;:COMP:BIN:COUN:CLE;:LIST:CLE:ALL;:COMP:BIN:CLE;:AMPL:ALC ON;:APER LONG,16;:BIAS:POL:AUTO OFF;:BIAS:RANG:AUTO ON;:BIAS:VOLT:LEV 0;:COMP:ABIN OFF;:COMP:BIN:COUN:STAT OFF;:COMP:MODE PTOL;:COMP:SLIM -9.9e+037,9.9e+037;:COMP:STAT OFF;:COMP:SWAP OFF;:COMP:TOL:NOM 0;:CURR:LEV 0.1;:DISP:ENAB ON;:DISP:LINE """";:DISP:WIND:TEXT1:DATA:FMSD:DATA 1e-009;:DISP:WIND:TEXT2:DATA:FMSD:DATA 1e-009;:FORM:ASC:LONG ON;:FORM:BORD NORM;:FORM:DATA ASC,64;:FREQ:CW 3000;:FUNC:DEV1:MODE OFF;:FUNC:DEV1:REF:VAL 0;:FUNC:DEV2:MODE OFF;:FUNC:DEV2:REF:VAL 0;:FUNC:IMP:TYPE LSRS;:FUNC:SMON:IDC:STAT OFF;:FUNC:SMON:VDC:STAT OFF;:INIT:CONT OFF;:LIST:MODE SEQ;:LIST:STIM:TYPE FREQ,NONE;:SOUR:DCS:VOLT:LEV 0;:TRIG:DEL 0;:TRIG:SOUR INT;:TRIG:TDEL 0;:DISP:WIND:TEXT1:DATA:FMSD:STAT OFF;:DISP:WIND:TEXT2:DATA:FMSD:STAT OFF;:FUNC:DCR:RANG:VAL 100;:FUNC:IMP:RANG:VAL 1;:OUTP:DC:ISOL:LEV:VAL 0.1;:OUTP:DC:ISOL:STAT OFF;:FUNC:DCR:RANG:AUTO ON;:FUNC:IMP:RANG:AUTO ON;:OUTP:DC:ISOL:LEV:AUTO ON;:DISP:PAGE MEASurement;
"
5000.0,8.466199781e-07,0.1213873411
5000.0,8.465821046e-07,0.1213875754
5000.0,8.465801704e-07,0.1213875132
5000.0,8.465618837e-07,0.1213892984
5000.0,8.465843191e-07,0.1213900247
5000.0,8.465717679e-07,0.1213881948
5000.0,8.466015255e-07,0.1213880048
5000.0,8.465834901e-07,0.1213874129
5000.0,8.46577618e-07,0.1213876251
5000.0,8.465807819e-07,0.1213855896
5000.0,8.465934059e-07,0.1213869863
5000.0,8.466030799e-07,0.1213856937
5000.0,8.465561414e-07,0.1213853742
5000.0,8.465638541e-07,0.1213841842
5000.0,8.465922719e-07,0.1213847596
5000.0,8.465756111e-07,0.1213819165
Freq,5000,Rs,0.12138671840625001,2.0330781645793503e-06,Ls,8.465830002249999e-07,1.646674570017305e-11
":SOUR:DCS:STAT OFF;:BIAS:STAT OFF;:COMP:BIN:COUN:CLE;:LIST:CLE:ALL;:COMP:BIN:CLE;:AMPL:ALC ON;:APER LONG,16;:BIAS:POL:AUTO OFF;:BIAS:RANG:AUTO ON;:BIAS:VOLT:LEV 0;:COMP:ABIN OFF;:COMP:BIN:COUN:STAT OFF;:COMP:MODE PTOL;:COMP:SLIM -9.9e+037,9.9e+037;:COMP:STAT OFF;:COMP:SWAP OFF;:COMP:TOL:NOM 0;:CURR:LEV 0.1;:DISP:ENAB ON;:DISP:LINE """";:DISP:WIND:TEXT1:DATA:FMSD:DATA 1e-009;:DISP:WIND:TEXT2:DATA:FMSD:DATA 1e-009;:FORM:ASC:LONG ON;:FORM:BORD NORM;:FORM:DATA ASC,64;:FREQ:CW 5000;:FUNC:DEV1:MODE OFF;:FUNC:DEV1:REF:VAL 0;:FUNC:DEV2:MODE OFF;:FUNC:DEV2:REF:VAL 0;:FUNC:IMP:TYPE LSRS;:FUNC:SMON:IDC:STAT OFF;:FUNC:SMON:VDC:STAT OFF;:INIT:CONT OFF;:LIST:MODE SEQ;:LIST:STIM:TYPE FREQ,NONE;:SOUR:DCS:VOLT:LEV 0;:TRIG:DEL 0;:TRIG:SOUR INT;:TRIG:TDEL 0;:DISP:WIND:TEXT1:DATA:FMSD:STAT OFF;:DISP:WIND:TEXT2:DATA:FMSD:STAT OFF;:FUNC:DCR:RANG:VAL 100;:FUNC:IMP:RANG:VAL 1;:OUTP:DC:ISOL:LEV:VAL 0.1;:OUTP:DC:ISOL:STAT OFF;:FUNC:DCR:RANG:AUTO ON;:FUNC:IMP:RANG:AUTO ON;:OUTP:DC:ISOL:LEV:AUTO ON;:DISP:PAGE MEASurement;
"
":SOUR:DCS:STAT OFF;:BIAS:STAT OFF;:COMP:BIN:COUN:CLE;:LIST:CLE:ALL;:COMP:BIN:CLE;:AMPL:ALC ON;:APER LONG,16;:BIAS:POL:AUTO OFF;:BIAS:RANG:AUTO ON;:BIAS:VOLT:LEV 0;:COMP:ABIN OFF;:COMP:BIN:COUN:STAT OFF;:COMP:MODE PTOL;:COMP:SLIM -9.9e+037,9.9e+037;:COMP:STAT OFF;:COMP:SWAP OFF;:COMP:TOL:NOM 0;:CURR:LEV 0.1;:DISP:ENAB ON;:DISP:LINE """";:DISP:WIND:TEXT1:DATA:FMSD:DATA 1e-009;:DISP:WIND:TEXT2:DATA:FMSD:DATA 1e-009;:FORM:ASC:LONG ON;:FORM:BORD NORM;:FORM:DATA ASC,64;:FREQ:CW 5000;:FUNC:DEV1:MODE OFF;:FUNC:DEV1:REF:VAL 0;:FUNC:DEV2:MODE OFF;:FUNC:DEV2:REF:VAL 0;:FUNC:IMP:TYPE LSRS;:FUNC:SMON:IDC:STAT OFF;:FUNC:SMON:VDC:STAT OFF;:INIT:CONT OFF;:LIST:MODE SEQ;:LIST:STIM:TYPE FREQ,NONE;:SOUR:DCS:VOLT:LEV 0;:TRIG:DEL 0;:TRIG:SOUR INT;:TRIG:TDEL 0;:DISP:WIND:TEXT1:DATA:FMSD:STAT OFF;:DISP:WIND:TEXT2:DATA:FMSD:STAT OFF;:FUNC:DCR:RANG:VAL 100;:FUNC:IMP:RANG:VAL 1;:OUTP:DC:ISOL:LEV:VAL 0.1;:OUTP:DC:ISOL:STAT OFF;:FUNC:DCR:RANG:AUTO ON;:FUNC:IMP:RANG:AUTO ON;:OUTP:DC:ISOL:LEV:AUTO ON;:DISP:PAGE MEASurement;
"
2022-09-16,16:59:12
---------run finished---------
lcr name:,KeySight E4980A
Name and description of Resistor under test: ,RM8
GPIB source:,<bound method MessageBasedResource.read of <'GPIBInstrument'('GPIB0::17::INSTR')>>
2022-09-16,17:00:53
select the freq range,"[50, 100, 200, 300, 500, 800, 1000, 1591.5494309189535, 2000, 3000, 5000]"
50.0,6.099234487e-07,0.1223443562
50.0,6.211180736e-07,0.1223262637
50.0,6.367848603e-07,0.1223068961
50.0,6.835349398e-07,0.1222947998
50.0,7.016984491e-07,0.1223007206
50.0,6.235422141e-07,0.1222922921
50.0,6.574471926e-07,0.1222581899
50.0,7.082634597e-07,0.122267958
50.0,6.718172241e-07,0.122296427
50.0,6.313573228e-07,0.1222695769
50.0,6.308349894e-07,0.1222574188
50.0,6.671178868e-07,0.122246346
50.0,7.069192816e-07,0.1222319288
50.0,6.725986389e-07,0.1222008751
50.0,6.157790973e-07,0.1221930312
50.0,6.294905967e-07,0.1221966853
Freq,50,Rs,0.12226773534375,4.5545842362981274e-05,Ls,6.5426422971875e-07,3.3761411909145876e-08
":SOUR:DCS:STAT OFF;:BIAS:STAT OFF;:COMP:BIN:COUN:CLE;:LIST:CLE:ALL;:COMP:BIN:CLE;:AMPL:ALC ON;:APER LONG,16;:BIAS:POL:AUTO OFF;:BIAS:RANG:AUTO ON;:BIAS:VOLT:LEV 0;:COMP:ABIN OFF;:COMP:BIN:COUN:STAT OFF;:COMP:MODE PTOL;:COMP:SLIM -9.9e+037,9.9e+037;:COMP:STAT OFF;:COMP:SWAP OFF;:COMP:TOL:NOM 0;:CURR:LEV 0.1;:DISP:ENAB ON;:DISP:LINE """";:DISP:WIND:TEXT1:DATA:FMSD:DATA 1e-009;:DISP:WIND:TEXT2:DATA:FMSD:DATA 1e-009;:FORM:ASC:LONG ON;:FORM:BORD NORM;:FORM:DATA ASC,64;:FREQ:CW 50;:FUNC:DEV1:MODE OFF;:FUNC:DEV1:REF:VAL 0;:FUNC:DEV2:MODE OFF;:FUNC:DEV2:REF:VAL 0;:FUNC:IMP:TYPE LSRS;:FUNC:SMON:IDC:STAT OFF;:FUNC:SMON:VDC:STAT OFF;:INIT:CONT OFF;:LIST:MODE SEQ;:LIST:STIM:TYPE FREQ,NONE;:SOUR:DCS:VOLT:LEV 0;:TRIG:DEL 0;:TRIG:SOUR INT;:TRIG:TDEL 0;:DISP:WIND:TEXT1:DATA:FMSD:STAT OFF;:DISP:WIND:TEXT2:DATA:FMSD:STAT OFF;:FUNC:DCR:RANG:VAL 100;:FUNC:IMP:RANG:VAL 1;:OUTP:DC:ISOL:LEV:VAL 0.1;:OUTP:DC:ISOL:STAT OFF;:FUNC:DCR:RANG:AUTO ON;:FUNC:IMP:RANG:AUTO ON;:OUTP:DC:ISOL:LEV:AUTO ON;:DISP:PAGE MEASurement;
"
100.0,9.18899948e-07,0.1221591063
100.0,9.164525149e-07,0.122157359
100.0,9.172176521e-07,0.1221697281
100.0,9.188564337e-07,0.1221592289
100.0,9.171698918e-07,0.1221506466
100.0,9.180008864e-07,0.122142728
100.0,9.192367797e-07,0.122136522
100.0,9.190034023e-07,0.1221309569
100.0,9.178442125e-07,0.1221240264
100.0,9.186127526e-07,0.1221160253
100.0,9.173324297e-07,0.1221109758
100.0,9.179073419e-07,0.1221037832
100.0,9.202853393e-07,0.1220966007
100.0,9.178028205e-07,0.1220900147
100.0,9.175369907e-07,0.1220831351
100.0,9.169790692e-07,0.122075909
Freq,100,Rs,0.12212542162500001,2.993482203605011e-05,Ls,9.180711540812501e-07,1.0022302303699083e-09
":SOUR:DCS:STAT OFF;:BIAS:STAT OFF;:COMP:BIN:COUN:CLE;:LIST:CLE:ALL;:COMP:BIN:CLE;:AMPL:ALC ON;:APER LONG,16;:BIAS:POL:AUTO OFF;:BIAS:RANG:AUTO ON;:BIAS:VOLT:LEV 0;:COMP:ABIN OFF;:COMP:BIN:COUN:STAT OFF;:COMP:MODE PTOL;:COMP:SLIM -9.9e+037,9.9e+037;:COMP:STAT OFF;:COMP:SWAP OFF;:COMP:TOL:NOM 0;:CURR:LEV 0.1;:DISP:ENAB ON;:DISP:LINE """";:DISP:WIND:TEXT1:DATA:FMSD:DATA 1e-009;:DISP:WIND:TEXT2:DATA:FMSD:DATA 1e-009;:FORM:ASC:LONG ON;:FORM:BORD NORM;:FORM:DATA ASC,64;:FREQ:CW 100;:FUNC:DEV1:MODE OFF;:FUNC:DEV1:REF:VAL 0;:FUNC:DEV2:MODE OFF;:FUNC:DEV2:REF:VAL 0;:FUNC:IMP:TYPE LSRS;:FUNC:SMON:IDC:STAT OFF;:FUNC:SMON:VDC:STAT OFF;:INIT:CONT OFF;:LIST:MODE SEQ;:LIST:STIM:TYPE FREQ,NONE;:SOUR:DCS:VOLT:LEV 0;:TRIG:DEL 0;:TRIG:SOUR INT;:TRIG:TDEL 0;:DISP:WIND:TEXT1:DATA:FMSD:STAT OFF;:DISP:WIND:TEXT2:DATA:FMSD:STAT OFF;:FUNC:DCR:RANG:VAL 100;:FUNC:IMP:RANG:VAL 1;:OUTP:DC:ISOL:LEV:VAL 0.1;:OUTP:DC:ISOL:STAT OFF;:FUNC:DCR:RANG:AUTO ON;:FUNC:IMP:RANG:AUTO ON;:OUTP:DC:ISOL:LEV:AUTO ON;:DISP:PAGE MEASurement;
"
200.0,8.777049554e-07,0.1220827215
200.0,8.775248796e-07,0.122076629
200.0,8.779239767e-07,0.1220707245
200.0,8.780174042e-07,0.1220651133
200.0,8.776199724e-07,0.1220610381
200.0,8.76859212e-07,0.1220554652
200.0,8.776427594e-07,0.1220508448
200.0,8.777680538e-07,0.122046006
200.0,8.780140154e-07,0.1220403352
200.0,8.773783285e-07,0.1220351784
200.0,8.777555835e-07,0.1220304645
200.0,8.780771434e-07,0.1220245527
200.0,8.777834114e-07,0.1220194916
200.0,8.780159992e-07,0.1220142594
200.0,8.776166947e-07,0.1220089545
200.0,8.774865496e-07,0.1220040029
Freq,200,Rs,0.12204286135,2.4686884244662406e-05,Ls,8.776993087e-07,3.06545312960139e-10
":SOUR:DCS:STAT OFF;:BIAS:STAT OFF;:COMP:BIN:COUN:CLE;:LIST:CLE:ALL;:COMP:BIN:CLE;:AMPL:ALC ON;:APER LONG,16;:BIAS:POL:AUTO OFF;:BIAS:RANG:AUTO ON;:BIAS:VOLT:LEV 0;:COMP:ABIN OFF;:COMP:BIN:COUN:STAT OFF;:COMP:MODE PTOL;:COMP:SLIM -9.9e+037,9.9e+037;:COMP:STAT OFF;:COMP:SWAP OFF;:COMP:TOL:NOM 0;:CURR:LEV 0.1;:DISP:ENAB ON;:DISP:LINE """";:DISP:WIND:TEXT1:DATA:FMSD:DATA 1e-009;:DISP:WIND:TEXT2:DATA:FMSD:DATA 1e-009;:FORM:ASC:LONG ON;:FORM:BORD NORM;:FORM:DATA ASC,64;:FREQ:CW 200;:FUNC:DEV1:MODE OFF;:FUNC:DEV1:REF:VAL 0;:FUNC:DEV2:MODE OFF;:FUNC:DEV2:REF:VAL 0;:FUNC:IMP:TYPE LSRS;:FUNC:SMON:IDC:STAT OFF;:FUNC:SMON:VDC:STAT OFF;:INIT:CONT OFF;:LIST:MODE SEQ;:LIST:STIM:TYPE FREQ,NONE;:SOUR:DCS:VOLT:LEV 0;:TRIG:DEL 0;:TRIG:SOUR INT;:TRIG:TDEL 0;:DISP:WIND:TEXT1:DATA:FMSD:STAT OFF;:DISP:WIND:TEXT2:DATA:FMSD:STAT OFF;:FUNC:DCR:RANG:VAL 100;:FUNC:IMP:RANG:VAL 1;:OUTP:DC:ISOL:LEV:VAL 0.1;:OUTP:DC:ISOL:STAT OFF;:FUNC:DCR:RANG:AUTO ON;:FUNC:IMP:RANG:AUTO ON;:OUTP:DC:ISOL:LEV:AUTO ON;:DISP:PAGE MEASurement;
"
300.0,8.501817164e-07,0.1220091424
300.0,8.497537605e-07,0.1220046857
300.0,8.500489066e-07,0.1220003991
300.0,8.500191982e-07,0.1219947981
300.0,8.499131167e-07,0.1219906704
300.0,8.497627168e-07,0.1219866323
300.0,8.502304557e-07,0.1219825443
300.0,8.499522911e-07,0.1219775991
300.0,8.499280148e-07,0.1219729812
300.0,8.498340745e-07,0.1219688861
300.0,8.501930574e-07,0.1219646951
300.0,8.499248158e-07,0.1219608057
300.0,8.49848598e-07,0.1219563021
300.0,8.497206358e-07,0.1219517885
300.0,8.502599781e-07,0.1219469458
300.0,8.499624982e-07,0.1219435372
Freq,300,Rs,0.12197577581874999,2.0870061771167637e-05,Ls,8.499708646624999e-07,1.7275612071764845e-10
":SOUR:DCS:STAT OFF;:BIAS:STAT OFF;:COMP:BIN:COUN:CLE;:LIST:CLE:ALL;:COMP:BIN:CLE;:AMPL:ALC ON;:APER LONG,16;:BIAS:POL:AUTO OFF;:BIAS:RANG:AUTO ON;:BIAS:VOLT:LEV 0;:COMP:ABIN OFF;:COMP:BIN:COUN:STAT OFF;:COMP:MODE PTOL;:COMP:SLIM -9.9e+037,9.9e+037;:COMP:STAT OFF;:COMP:SWAP OFF;:COMP:TOL:NOM 0;:CURR:LEV 0.1;:DISP:ENAB ON;:DISP:LINE """";:DISP:WIND:TEXT1:DATA:FMSD:DATA 1e-009;:DISP:WIND:TEXT2:DATA:FMSD:DATA 1e-009;:FORM:ASC:LONG ON;:FORM:BORD NORM;:FORM:DATA ASC,64;:FREQ:CW 300;:FUNC:DEV1:MODE OFF;:FUNC:DEV1:REF:VAL 0;:FUNC:DEV2:MODE OFF;:FUNC:DEV2:REF:VAL 0;:FUNC:IMP:TYPE LSRS;:FUNC:SMON:IDC:STAT OFF;:FUNC:SMON:VDC:STAT OFF;:INIT:CONT OFF;:LIST:MODE SEQ;:LIST:STIM:TYPE FREQ,NONE;:SOUR:DCS:VOLT:LEV 0;:TRIG:DEL 0;:TRIG:SOUR INT;:TRIG:TDEL 0;:DISP:WIND:TEXT1:DATA:FMSD:STAT OFF;:DISP:WIND:TEXT2:DATA:FMSD:STAT OFF;:FUNC:DCR:RANG:VAL 100;:FUNC:IMP:RANG:VAL 1;:OUTP:DC:ISOL:LEV:VAL 0.1;:OUTP:DC:ISOL:STAT OFF;:FUNC:DCR:RANG:AUTO ON;:FUNC:IMP:RANG:AUTO ON;:OUTP:DC:ISOL:LEV:AUTO ON;:DISP:PAGE MEASurement;
"
500.0,8.495576804e-07,0.1219575663
500.0,8.494452982e-07,0.1219538734
500.0,8.495249064e-07,0.1219498052
500.0,8.494983347e-07,0.1219468971
500.0,8.493246861e-07,0.1219430213
500.0,8.493682923e-07,0.1219400573
500.0,8.493821886e-07,0.1219366382
500.0,8.494872125e-07,0.1219330556
500.0,8.493952094e-07,0.1219294647
500.0,8.494836325e-07,0.1219262422
500.0,8.494428885e-07,0.1219237237
500.0,8.493809028e-07,0.121920026
500.0,8.494252196e-07,0.1219179197
500.0,8.493094395e-07,0.1219154689
500.0,8.494636619e-07,0.1219133005
500.0,8.49437752e-07,0.1219103665
Freq,500,Rs,0.12193233916250001,1.5097177328840308e-05,Ls,8.494329565875e-07,6.973557369642549e-11
":SOUR:DCS:STAT OFF;:BIAS:STAT OFF;:COMP:BIN:COUN:CLE;:LIST:CLE:ALL;:COMP:BIN:CLE;:AMPL:ALC ON;:APER LONG,16;:BIAS:POL:AUTO OFF;:BIAS:RANG:AUTO ON;:BIAS:VOLT:LEV 0;:COMP:ABIN OFF;:COMP:BIN:COUN:STAT OFF;:COMP:MODE PTOL;:COMP:SLIM -9.9e+037,9.9e+037;:COMP:STAT OFF;:COMP:SWAP OFF;:COMP:TOL:NOM 0;:CURR:LEV 0.1;:DISP:ENAB ON;:DISP:LINE """";:DISP:WIND:TEXT1:DATA:FMSD:DATA 1e-009;:DISP:WIND:TEXT2:DATA:FMSD:DATA 1e-009;:FORM:ASC:LONG ON;:FORM:BORD NORM;:FORM:DATA ASC,64;:FREQ:CW 500;:FUNC:DEV1:MODE OFF;:FUNC:DEV1:REF:VAL 0;:FUNC:DEV2:MODE OFF;:FUNC:DEV2:REF:VAL 0;:FUNC:IMP:TYPE LSRS;:FUNC:SMON:IDC:STAT OFF;:FUNC:SMON:VDC:STAT OFF;:INIT:CONT OFF;:LIST:MODE SEQ;:LIST:STIM:TYPE FREQ,NONE;:SOUR:DCS:VOLT:LEV 0;:TRIG:DEL 0;:TRIG:SOUR INT;:TRIG:TDEL 0;:DISP:WIND:TEXT1:DATA:FMSD:STAT OFF;:DISP:WIND:TEXT2:DATA:FMSD:STAT OFF;:FUNC:DCR:RANG:VAL 100;:FUNC:IMP:RANG:VAL 1;:OUTP:DC:ISOL:LEV:VAL 0.1;:OUTP:DC:ISOL:STAT OFF;:FUNC:DCR:RANG:AUTO ON;:FUNC:IMP:RANG:AUTO ON;:OUTP:DC:ISOL:LEV:AUTO ON;:DISP:PAGE MEASurement;
"
800.0,8.467139578e-07,0.1218876282
800.0,8.467074407e-07,0.1218855217
800.0,8.466763854e-07,0.1218835887
800.0,8.466540807e-07,0.1218810716
800.0,8.466757202e-07,0.1218785871
800.0,8.46712443e-07,0.121876317
800.0,8.466289677e-07,0.1218738422
800.0,8.466484592e-07,0.1218710525
800.0,8.467267513e-07,0.1218687309
800.0,8.465883604e-07,0.1218671099
800.0,8.465516345e-07,0.1218650791
800.0,8.465999422e-07,0.1218629666
800.0,8.466340703e-07,0.1218605885
800.0,8.467030875e-07,0.1218586412
800.0,8.467712241e-07,0.1218569005
800.0,8.466453772e-07,0.1218543436
Freq,800,Rs,0.12187074808125,1.0637776772942336e-05,Ls,8.466648688875001e-07,5.728954017972479e-11
":SOUR:DCS:STAT OFF;:BIAS:STAT OFF;:COMP:BIN:COUN:CLE;:LIST:CLE:ALL;:COMP:BIN:CLE;:AMPL:ALC ON;:APER LONG,16;:BIAS:POL:AUTO OFF;:BIAS:RANG:AUTO ON;:BIAS:VOLT:LEV 0;:COMP:ABIN OFF;:COMP:BIN:COUN:STAT OFF;:COMP:MODE PTOL;:COMP:SLIM -9.9e+037,9.9e+037;:COMP:STAT OFF;:COMP:SWAP OFF;:COMP:TOL:NOM 0;:CURR:LEV 0.1;:DISP:ENAB ON;:DISP:LINE """";:DISP:WIND:TEXT1:DATA:FMSD:DATA 1e-009;:DISP:WIND:TEXT2:DATA:FMSD:DATA 1e-009;:FORM:ASC:LONG ON;:FORM:BORD NORM;:FORM:DATA ASC,64;:FREQ:CW 800;:FUNC:DEV1:MODE OFF;:FUNC:DEV1:REF:VAL 0;:FUNC:DEV2:MODE OFF;:FUNC:DEV2:REF:VAL 0;:FUNC:IMP:TYPE LSRS;:FUNC:SMON:IDC:STAT OFF;:FUNC:SMON:VDC:STAT OFF;:INIT:CONT OFF;:LIST:MODE SEQ;:LIST:STIM:TYPE FREQ,NONE;:SOUR:DCS:VOLT:LEV 0;:TRIG:DEL 0;:TRIG:SOUR INT;:TRIG:TDEL 0;:DISP:WIND:TEXT1:DATA:FMSD:STAT OFF;:DISP:WIND:TEXT2:DATA:FMSD:STAT OFF;:FUNC:DCR:RANG:VAL 100;:FUNC:IMP:RANG:VAL 1;:OUTP:DC:ISOL:LEV:VAL 0.1;:OUTP:DC:ISOL:STAT OFF;:FUNC:DCR:RANG:AUTO ON;:FUNC:IMP:RANG:AUTO ON;:OUTP:DC:ISOL:LEV:AUTO ON;:DISP:PAGE MEASurement;
"
1000.0,8.474527045e-07,0.121835447
1000.0,8.474290315e-07,0.1218331276
1000.0,8.474164099e-07,0.1218314505
1000.0,8.474400577e-07,0.1218300239
1000.0,8.473856354e-07,0.1218285169
1000.0,8.472635512e-07,0.1218265291
1000.0,8.47353059e-07,0.121824339
1000.0,8.474202033e-07,0.1218224991
1000.0,8.473584003e-07,0.1218213098
1000.0,8.472960586e-07,0.1218193439
1000.0,8.474073962e-07,0.1218175761
1000.0,8.474136794e-07,0.1218158001
1000.0,8.473643214e-07,0.1218140494
1000.0,8.474527646e-07,0.1218125939
1000.0,8.474566372e-07,0.1218110239
1000.0,8.472859869e-07,0.1218091614
Freq,1000,Rs,0.121822049475,8.284668069189476e-06,Ls,8.4738724356875e-07,6.184233919353722e-11
":SOUR:DCS:STAT OFF;:BIAS:STAT OFF;:COMP:BIN:COUN:CLE;:LIST:CLE:ALL;:COMP:BIN:CLE;:AMPL:ALC ON;:APER LONG,16;:BIAS:POL:AUTO OFF;:BIAS:RANG:AUTO ON;:BIAS:VOLT:LEV 0;:COMP:ABIN OFF;:COMP:BIN:COUN:STAT OFF;:COMP:MODE PTOL;:COMP:SLIM -9.9e+037,9.9e+037;:COMP:STAT OFF;:COMP:SWAP OFF;:COMP:TOL:NOM 0;:CURR:LEV 0.1;:DISP:ENAB ON;:DISP:LINE """";:DISP:WIND:TEXT1:DATA:FMSD:DATA 1e-009;:DISP:WIND:TEXT2:DATA:FMSD:DATA 1e-009;:FORM:ASC:LONG ON;:FORM:BORD NORM;:FORM:DATA ASC,64;:FREQ:CW 1000;:FUNC:DEV1:MODE OFF;:FUNC:DEV1:REF:VAL 0;:FUNC:DEV2:MODE OFF;:FUNC:DEV2:REF:VAL 0;:FUNC:IMP:TYPE LSRS;:FUNC:SMON:IDC:STAT OFF;:FUNC:SMON:VDC:STAT OFF;:INIT:CONT OFF;:LIST:MODE SEQ;:LIST:STIM:TYPE FREQ,NONE;:SOUR:DCS:VOLT:LEV 0;:TRIG:DEL 0;:TRIG:SOUR INT;:TRIG:TDEL 0;:DISP:WIND:TEXT1:DATA:FMSD:STAT OFF;:DISP:WIND:TEXT2:DATA:FMSD:STAT OFF;:FUNC:DCR:RANG:VAL 100;:FUNC:IMP:RANG:VAL 1;:OUTP:DC:ISOL:LEV:VAL 0.1;:OUTP:DC:ISOL:STAT OFF;:FUNC:DCR:RANG:AUTO ON;:FUNC:IMP:RANG:AUTO ON;:OUTP:DC:ISOL:LEV:AUTO ON;:DISP:PAGE MEASurement;
"
1591.5494309189535,8.469471458e-07,0.1218017988
1591.5494309189535,8.469273177e-07,0.1218002073
1591.5494309189535,8.469463654e-07,0.1217993467
1591.5494309189535,8.469308505e-07,0.1217975406
1591.5494309189535,8.469175547e-07,0.1217965244
1591.5494309189535,8.46905031e-07,0.1217950477
1591.5494309189535,8.468774893e-07,0.1217937933
1591.5494309189535,8.469938111e-07,0.1217930693
1591.5494309189535,8.469052238e-07,0.1217908369
1591.5494309189535,8.469045634e-07,0.1217900937
1591.5494309189535,8.469255304e-07,0.1217890884
1591.5494309189535,8.469279928e-07,0.1217883333
1591.5494309189535,8.468937849e-07,0.1217871204
1591.5494309189535,8.469040564e-07,0.121785425
1591.5494309189535,8.468921451e-07,0.1217843287
1591.5494309189535,8.468871373e-07,0.1217829822
Freq,1591.5494309189535,Rs,0.12179222104375001,5.862333454745788e-06,Ls,8.46917874975e-07,2.871088637362356e-11
":SOUR:DCS:STAT OFF;:BIAS:STAT OFF;:COMP:BIN:COUN:CLE;:LIST:CLE:ALL;:COMP:BIN:CLE;:AMPL:ALC ON;:APER LONG,16;:BIAS:POL:AUTO OFF;:BIAS:RANG:AUTO ON;:BIAS:VOLT:LEV 0;:COMP:ABIN OFF;:COMP:BIN:COUN:STAT OFF;:COMP:MODE PTOL;:COMP:SLIM -9.9e+037,9.9e+037;:COMP:STAT OFF;:COMP:SWAP OFF;:COMP:TOL:NOM 0;:CURR:LEV 0.1;:DISP:ENAB ON;:DISP:LINE """";:DISP:WIND:TEXT1:DATA:FMSD:DATA 1e-009;:DISP:WIND:TEXT2:DATA:FMSD:DATA 1e-009;:FORM:ASC:LONG ON;:FORM:BORD NORM;:FORM:DATA ASC,64;:FREQ:CW 1592;:FUNC:DEV1:MODE OFF;:FUNC:DEV1:REF:VAL 0;:FUNC:DEV2:MODE OFF;:FUNC:DEV2:REF:VAL 0;:FUNC:IMP:TYPE LSRS;:FUNC:SMON:IDC:STAT OFF;:FUNC:SMON:VDC:STAT OFF;:INIT:CONT OFF;:LIST:MODE SEQ;:LIST:STIM:TYPE FREQ,NONE;:SOUR:DCS:VOLT:LEV 0;:TRIG:DEL 0;:TRIG:SOUR INT;:TRIG:TDEL 0;:DISP:WIND:TEXT1:DATA:FMSD:STAT OFF;:DISP:WIND:TEXT2:DATA:FMSD:STAT OFF;:FUNC:DCR:RANG:VAL 100;:FUNC:IMP:RANG:VAL 1;:OUTP:DC:ISOL:LEV:VAL 0.1;:OUTP:DC:ISOL:STAT OFF;:FUNC:DCR:RANG:AUTO ON;:FUNC:IMP:RANG:AUTO ON;:OUTP:DC:ISOL:LEV:AUTO ON;:DISP:PAGE MEASurement;
"
2000.0,8.48968139e-07,0.1217832256
2000.0,8.489990416e-07,0.1217814419
2000.0,8.489787495e-07,0.121779728
2000.0,8.489922969e-07,0.1217780721
2000.0,8.490229085e-07,0.1217769257
2000.0,8.490260615e-07,0.1217756167
2000.0,8.490170198e-07,0.1217745953
2000.0,8.490558209e-07,0.1217734048
2000.0,8.490692459e-07,0.1217726672
2000.0,8.490154184e-07,0.1217723002
2000.0,8.490025673e-07,0.1217720269
2000.0,8.490354975e-07,0.1217714248
2000.0,8.48990525e-07,0.121771494
2000.0,8.490143052e-07,0.1217753149
2000.0,8.490258344e-07,0.1217764851
2000.0,8.49010914e-07,0.1217760041
Freq,2000,Rs,0.12177567045625001,3.5638223292733728e-06,Ls,8.490140215875001e-07,2.6294820238676905e-11
":SOUR:DCS:STAT OFF;:BIAS:STAT OFF;:COMP:BIN:COUN:CLE;:LIST:CLE:ALL;:COMP:BIN:CLE;:AMPL:ALC ON;:APER LONG,16;:BIAS:POL:AUTO OFF;:BIAS:RANG:AUTO ON;:BIAS:VOLT:LEV 0;:COMP:ABIN OFF;:COMP:BIN:COUN:STAT OFF;:COMP:MODE PTOL;:COMP:SLIM -9.9e+037,9.9e+037;:COMP:STAT OFF;:COMP:SWAP OFF;:COMP:TOL:NOM 0;:CURR:LEV 0.1;:DISP:ENAB ON;:DISP:LINE """";:DISP:WIND:TEXT1:DATA:FMSD:DATA 1e-009;:DISP:WIND:TEXT2:DATA:FMSD:DATA 1e-009;:FORM:ASC:LONG ON;:FORM:BORD NORM;:FORM:DATA ASC,64;:FREQ:CW 2000;:FUNC:DEV1:MODE OFF;:FUNC:DEV1:REF:VAL 0;:FUNC:DEV2:MODE OFF;:FUNC:DEV2:REF:VAL 0;:FUNC:IMP:TYPE LSRS;:FUNC:SMON:IDC:STAT OFF;:FUNC:SMON:VDC:STAT OFF;:INIT:CONT OFF;:LIST:MODE SEQ;:LIST:STIM:TYPE FREQ,NONE;:SOUR:DCS:VOLT:LEV 0;:TRIG:DEL 0;:TRIG:SOUR INT;:TRIG:TDEL 0;:DISP:WIND:TEXT1:DATA:FMSD:STAT OFF;:DISP:WIND:TEXT2:DATA:FMSD:STAT OFF;:FUNC:DCR:RANG:VAL 100;:FUNC:IMP:RANG:VAL 1;:OUTP:DC:ISOL:LEV:VAL 0.1;:OUTP:DC:ISOL:STAT OFF;:FUNC:DCR:RANG:AUTO ON;:FUNC:IMP:RANG:AUTO ON;:OUTP:DC:ISOL:LEV:AUTO ON;:DISP:PAGE MEASurement;
"
3000.0,8.487903738e-07,0.1218037091
3000.0,8.488274696e-07,0.1218032144
3000.0,8.487538558e-07,0.1218019529
3000.0,8.48838787e-07,0.121801627
3000.0,8.487981461e-07,0.1218014285
3000.0,8.486599391e-07,0.1218011916
3000.0,8.488595792e-07,0.1217999188
3000.0,8.488462861e-07,0.1218000034
3000.0,8.488203374e-07,0.1217991329
3000.0,8.488133407e-07,0.1217990743
3000.0,8.487982145e-07,0.1217974482
3000.0,8.487601298e-07,0.1217968264
3000.0,8.487667673e-07,0.121795407
3000.0,8.487608636e-07,0.1217947908
3000.0,8.488174603e-07,0.1217945218
3000.0,8.487773341e-07,0.121793494
Freq,3000,Rs,0.12179898381875001,3.2275708517333074e-06,Ls,8.48793055275e-07,4.807005369567415e-11
":SOUR:DCS:STAT OFF;:BIAS:STAT OFF;:COMP:BIN:COUN:CLE;:LIST:CLE:ALL;:COMP:BIN:CLE;:AMPL:ALC ON;:APER LONG,16;:BIAS:POL:AUTO OFF;:BIAS:RANG:AUTO ON;:BIAS:VOLT:LEV 0;:COMP:ABIN OFF;:COMP:BIN:COUN:STAT OFF;:COMP:MODE PTOL;:COMP:SLIM -9.9e+037,9.9e+037;:COMP:STAT OFF;:COMP:SWAP OFF;:COMP:TOL:NOM 0;:CURR:LEV 0.1;:DISP:ENAB ON;:DISP:LINE """";:DISP:WIND:TEXT1:DATA:FMSD:DATA 1e-009;:DISP:WIND:TEXT2:DATA:FMSD:DATA 1e-009;:FORM:ASC:LONG ON;:FORM:BORD NORM;:FORM:DATA ASC,64;:FREQ:CW 3000;:FUNC:DEV1:MODE OFF;:FUNC:DEV1:REF:VAL 0;:FUNC:DEV2:MODE OFF;:FUNC:DEV2:REF:VAL 0;:FUNC:IMP:TYPE LSRS;:FUNC:SMON:IDC:STAT OFF;:FUNC:SMON:VDC:STAT OFF;:INIT:CONT OFF;:LIST:MODE SEQ;:LIST:STIM:TYPE FREQ,NONE;:SOUR:DCS:VOLT:LEV 0;:TRIG:DEL 0;:TRIG:SOUR INT;:TRIG:TDEL 0;:DISP:WIND:TEXT1:DATA:FMSD:STAT OFF;:DISP:WIND:TEXT2:DATA:FMSD:STAT OFF;:FUNC:DCR:RANG:VAL 100;:FUNC:IMP:RANG:VAL 1;:OUTP:DC:ISOL:LEV:VAL 0.1;:OUTP:DC:ISOL:STAT OFF;:FUNC:DCR:RANG:AUTO ON;:FUNC:IMP:RANG:AUTO ON;:OUTP:DC:ISOL:LEV:AUTO ON;:DISP:PAGE MEASurement;
"
5000.0,8.481069931e-07,0.1218545339
5000.0,8.480956942e-07,0.1218564067
5000.0,8.48088537e-07,0.1218550867
5000.0,8.481151033e-07,0.1218561458
5000.0,8.481021687e-07,0.121857853
5000.0,8.480771846e-07,0.1218565609
5000.0,8.48108055e-07,0.1218570221
5000.0,8.481209119e-07,0.1218565205
5000.0,8.481012875e-07,0.1218554721
5000.0,8.481114352e-07,0.1218549844
5000.0,8.481000913e-07,0.1218539126
5000.0,8.480862715e-07,0.1218541923
5000.0,8.481109635e-07,0.1218517925
5000.0,8.481202793e-07,0.1218522696
5000.0,8.481283644e-07,0.1218522419
5000.0,8.481135386e-07,0.1218504648
Freq,5000,Rs,0.1218547162375,2.116304191705891e-06,Ls,8.4810542994375e-07,1.3718172424044598e-11
":SOUR:DCS:STAT OFF;:BIAS:STAT OFF;:COMP:BIN:COUN:CLE;:LIST:CLE:ALL;:COMP:BIN:CLE;:AMPL:ALC ON;:APER LONG,16;:BIAS:POL:AUTO OFF;:BIAS:RANG:AUTO ON;:BIAS:VOLT:LEV 0;:COMP:ABIN OFF;:COMP:BIN:COUN:STAT OFF;:COMP:MODE PTOL;:COMP:SLIM -9.9e+037,9.9e+037;:COMP:STAT OFF;:COMP:SWAP OFF;:COMP:TOL:NOM 0;:CURR:LEV 0.1;:DISP:ENAB ON;:DISP:LINE """";:DISP:WIND:TEXT1:DATA:FMSD:DATA 1e-009;:DISP:WIND:TEXT2:DATA:FMSD:DATA 1e-009;:FORM:ASC:LONG ON;:FORM:BORD NORM;:FORM:DATA ASC,64;:FREQ:CW 5000;:FUNC:DEV1:MODE OFF;:FUNC:DEV1:REF:VAL 0;:FUNC:DEV2:MODE OFF;:FUNC:DEV2:REF:VAL 0;:FUNC:IMP:TYPE LSRS;:FUNC:SMON:IDC:STAT OFF;:FUNC:SMON:VDC:STAT OFF;:INIT:CONT OFF;:LIST:MODE SEQ;:LIST:STIM:TYPE FREQ,NONE;:SOUR:DCS:VOLT:LEV 0;:TRIG:DEL 0;:TRIG:SOUR INT;:TRIG:TDEL 0;:DISP:WIND:TEXT1:DATA:FMSD:STAT OFF;:DISP:WIND:TEXT2:DATA:FMSD:STAT OFF;:FUNC:DCR:RANG:VAL 100;:FUNC:IMP:RANG:VAL 1;:OUTP:DC:ISOL:LEV:VAL 0.1;:OUTP:DC:ISOL:STAT OFF;:FUNC:DCR:RANG:AUTO ON;:FUNC:IMP:RANG:AUTO ON;:OUTP:DC:ISOL:LEV:AUTO ON;:DISP:PAGE MEASurement;
"
":SOUR:DCS:STAT OFF;:BIAS:STAT OFF;:COMP:BIN:COUN:CLE;:LIST:CLE:ALL;:COMP:BIN:CLE;:AMPL:ALC ON;:APER LONG,16;:BIAS:POL:AUTO OFF;:BIAS:RANG:AUTO ON;:BIAS:VOLT:LEV 0;:COMP:ABIN OFF;:COMP:BIN:COUN:STAT OFF;:COMP:MODE PTOL;:COMP:SLIM -9.9e+037,9.9e+037;:COMP:STAT OFF;:COMP:SWAP OFF;:COMP:TOL:NOM 0;:CURR:LEV 0.1;:DISP:ENAB ON;:DISP:LINE """";:DISP:WIND:TEXT1:DATA:FMSD:DATA 1e-009;:DISP:WIND:TEXT2:DATA:FMSD:DATA 1e-009;:FORM:ASC:LONG ON;:FORM:BORD NORM;:FORM:DATA ASC,64;:FREQ:CW 5000;:FUNC:DEV1:MODE OFF;:FUNC:DEV1:REF:VAL 0;:FUNC:DEV2:MODE OFF;:FUNC:DEV2:REF:VAL 0;:FUNC:IMP:TYPE LSRS;:FUNC:SMON:IDC:STAT OFF;:FUNC:SMON:VDC:STAT OFF;:INIT:CONT OFF;:LIST:MODE SEQ;:LIST:STIM:TYPE FREQ,NONE;:SOUR:DCS:VOLT:LEV 0;:TRIG:DEL 0;:TRIG:SOUR INT;:TRIG:TDEL 0;:DISP:WIND:TEXT1:DATA:FMSD:STAT OFF;:DISP:WIND:TEXT2:DATA:FMSD:STAT OFF;:FUNC:DCR:RANG:VAL 100;:FUNC:IMP:RANG:VAL 1;:OUTP:DC:ISOL:LEV:VAL 0.1;:OUTP:DC:ISOL:STAT OFF;:FUNC:DCR:RANG:AUTO ON;:FUNC:IMP:RANG:AUTO ON;:OUTP:DC:ISOL:LEV:AUTO ON;:DISP:PAGE MEASurement;
"
2022-09-16,17:12:10
---------run finished---------
lcr name:,KeySight E4980A
Name and description of Resistor under test: ,RM8R
GPIB source:,<bound method MessageBasedResource.read of <'GPIBInstrument'('GPIB0::17::INSTR')>>
2022-09-16,17:14:03
select the freq range,"[50, 100, 200, 300, 500, 800, 1000, 1591.5494309189535, 2000, 3000, 5000]"
50.0,6.94537955e-07,0.1217953882
50.0,6.870222804e-07,0.1217835156
50.0,6.57675054e-07,0.1217709031
50.0,6.278148252e-07,0.1217683715
50.0,6.103183514e-07,0.1217734314
50.0,6.199656038e-07,0.1217757083
50.0,6.404100675e-07,0.1217767017
50.0,6.866762751e-07,0.1217712557
50.0,7.12032337e-07,0.1217553068
50.0,6.647208054e-07,0.1217380522
50.0,6.233680744e-07,0.1217394925
50.0,6.097263655e-07,0.1217443102
50.0,6.130067416e-07,0.1217417232
50.0,6.236711054e-07,0.1217232159
50.0,6.997933636e-07,0.1217219034
50.0,6.423272392e-07,0.1217385373
Freq,50,Rs,0.1217573635625,2.233892708091535e-05,Ls,6.508166527812501e-07,3.5406600831442246e-08
":SOUR:DCS:STAT OFF;:BIAS:STAT OFF;:COMP:BIN:COUN:CLE;:LIST:CLE:ALL;:COMP:BIN:CLE;:AMPL:ALC ON;:APER LONG,16;:BIAS:POL:AUTO OFF;:BIAS:RANG:AUTO ON;:BIAS:VOLT:LEV 0;:COMP:ABIN OFF;:COMP:BIN:COUN:STAT OFF;:COMP:MODE PTOL;:COMP:SLIM -9.9e+037,9.9e+037;:COMP:STAT OFF;:COMP:SWAP OFF;:COMP:TOL:NOM 0;:CURR:LEV 0.1;:DISP:ENAB ON;:DISP:LINE """";:DISP:WIND:TEXT1:DATA:FMSD:DATA 1e-009;:DISP:WIND:TEXT2:DATA:FMSD:DATA 1e-009;:FORM:ASC:LONG ON;:FORM:BORD NORM;:FORM:DATA ASC,64;:FREQ:CW 50;:FUNC:DEV1:MODE OFF;:FUNC:DEV1:REF:VAL 0;:FUNC:DEV2:MODE OFF;:FUNC:DEV2:REF:VAL 0;:FUNC:IMP:TYPE LSRS;:FUNC:SMON:IDC:STAT OFF;:FUNC:SMON:VDC:STAT OFF;:INIT:CONT OFF;:LIST:MODE SEQ;:LIST:STIM:TYPE FREQ,NONE;:SOUR:DCS:VOLT:LEV 0;:TRIG:DEL 0;:TRIG:SOUR INT;:TRIG:TDEL 0;:DISP:WIND:TEXT1:DATA:FMSD:STAT OFF;:DISP:WIND:TEXT2:DATA:FMSD:STAT OFF;:FUNC:DCR:RANG:VAL 100;:FUNC:IMP:RANG:VAL 1;:OUTP:DC:ISOL:LEV:VAL 0.1;:OUTP:DC:ISOL:STAT OFF;:FUNC:DCR:RANG:AUTO ON;:FUNC:IMP:RANG:AUTO ON;:OUTP:DC:ISOL:LEV:AUTO ON;:DISP:PAGE MEASurement;
"
100.0,9.188489479e-07,0.1217242575
100.0,9.192174297e-07,0.121734963
100.0,9.173769627e-07,0.1217261022
100.0,9.188839204e-07,0.1217195959
100.0,9.171729739e-07,0.1217142879
100.0,9.170049343e-07,0.1217095615
100.0,9.180945896e-07,0.1217056972
100.0,9.181358598e-07,0.1217004488
100.0,9.175637845e-07,0.1216985472
100.0,9.189122536e-07,0.1216963135
100.0,9.174977162e-07,0.1216921797
100.0,9.191911961e-07,0.1216901162
100.0,9.174641775e-07,0.1216873573
100.0,9.174262651e-07,0.1216848414
100.0,9.171728904e-07,0.1216812354
100.0,9.171151765e-07,0.1216790613
Freq,100,Rs,0.121702785375,1.7194887932775204e-05,Ls,9.179424423874999e-07,8.082034998752251e-10
":SOUR:DCS:STAT OFF;:BIAS:STAT OFF;:COMP:BIN:COUN:CLE;:LIST:CLE:ALL;:COMP:BIN:CLE;:AMPL:ALC ON;:APER LONG,16;:BIAS:POL:AUTO OFF;:BIAS:RANG:AUTO ON;:BIAS:VOLT:LEV 0;:COMP:ABIN OFF;:COMP:BIN:COUN:STAT OFF;:COMP:MODE PTOL;:COMP:SLIM -9.9e+037,9.9e+037;:COMP:STAT OFF;:COMP:SWAP OFF;:COMP:TOL:NOM 0;:CURR:LEV 0.1;:DISP:ENAB ON;:DISP:LINE """";:DISP:WIND:TEXT1:DATA:FMSD:DATA 1e-009;:DISP:WIND:TEXT2:DATA:FMSD:DATA 1e-009;:FORM:ASC:LONG ON;:FORM:BORD NORM;:FORM:DATA ASC,64;:FREQ:CW 100;:FUNC:DEV1:MODE OFF;:FUNC:DEV1:REF:VAL 0;:FUNC:DEV2:MODE OFF;:FUNC:DEV2:REF:VAL 0;:FUNC:IMP:TYPE LSRS;:FUNC:SMON:IDC:STAT OFF;:FUNC:SMON:VDC:STAT OFF;:INIT:CONT OFF;:LIST:MODE SEQ;:LIST:STIM:TYPE FREQ,NONE;:SOUR:DCS:VOLT:LEV 0;:TRIG:DEL 0;:TRIG:SOUR INT;:TRIG:TDEL 0;:DISP:WIND:TEXT1:DATA:FMSD:STAT OFF;:DISP:WIND:TEXT2:DATA:FMSD:STAT OFF;:FUNC:DCR:RANG:VAL 100;:FUNC:IMP:RANG:VAL 1;:OUTP:DC:ISOL:LEV:VAL 0.1;:OUTP:DC:ISOL:STAT OFF;:FUNC:DCR:RANG:AUTO ON;:FUNC:IMP:RANG:AUTO ON;:OUTP:DC:ISOL:LEV:AUTO ON;:DISP:PAGE MEASurement;
"
200.0,8.779791116e-07,0.1216951305
200.0,8.776877434e-07,0.1216927352
200.0,8.778975221e-07,0.121691183
200.0,8.781553298e-07,0.1216879575
200.0,8.783436595e-07,0.1216880612
200.0,8.773218725e-07,0.1216841365
200.0,8.773028254e-07,0.121683823
200.0,8.781975864e-07,0.1216816766
200.0,8.774104601e-07,0.1216800531
200.0,8.776773223e-07,0.1216776615
200.0,8.767938246e-07,0.1216760132
200.0,8.782492166e-07,0.1216745767
200.0,8.784075812e-07,0.1216732298
200.0,8.782429564e-07,0.1216714914
200.0,8.783880181e-07,0.1216698412
200.0,8.772517952e-07,0.1216672974
Freq,200,Rs,0.1216809292375,8.558699771488708e-06,Ls,8.778316765750001e-07,4.957460137985024e-10
":SOUR:DCS:STAT OFF;:BIAS:STAT OFF;:COMP:BIN:COUN:CLE;:LIST:CLE:ALL;:COMP:BIN:CLE;:AMPL:ALC ON;:APER LONG,16;:BIAS:POL:AUTO OFF;:BIAS:RANG:AUTO ON;:BIAS:VOLT:LEV 0;:COMP:ABIN OFF;:COMP:BIN:COUN:STAT OFF;:COMP:MODE PTOL;:COMP:SLIM -9.9e+037,9.9e+037;:COMP:STAT OFF;:COMP:SWAP OFF;:COMP:TOL:NOM 0;:CURR:LEV 0.1;:DISP:ENAB ON;:DISP:LINE """";:DISP:WIND:TEXT1:DATA:FMSD:DATA 1e-009;:DISP:WIND:TEXT2:DATA:FMSD:DATA 1e-009;:FORM:ASC:LONG ON;:FORM:BORD NORM;:FORM:DATA ASC,64;:FREQ:CW 200;:FUNC:DEV1:MODE OFF;:FUNC:DEV1:REF:VAL 0;:FUNC:DEV2:MODE OFF;:FUNC:DEV2:REF:VAL 0;:FUNC:IMP:TYPE LSRS;:FUNC:SMON:IDC:STAT OFF;:FUNC:SMON:VDC:STAT OFF;:INIT:CONT OFF;:LIST:MODE SEQ;:LIST:STIM:TYPE FREQ,NONE;:SOUR:DCS:VOLT:LEV 0;:TRIG:DEL 0;:TRIG:SOUR INT;:TRIG:TDEL 0;:DISP:WIND:TEXT1:DATA:FMSD:STAT OFF;:DISP:WIND:TEXT2:DATA:FMSD:STAT OFF;:FUNC:DCR:RANG:VAL 100;:FUNC:IMP:RANG:VAL 1;:OUTP:DC:ISOL:LEV:VAL 0.1;:OUTP:DC:ISOL:STAT OFF;:FUNC:DCR:RANG:AUTO ON;:FUNC:IMP:RANG:AUTO ON;:OUTP:DC:ISOL:LEV:AUTO ON;:DISP:PAGE MEASurement;
"
300.0,8.505412317e-07,0.1216801243
300.0,8.50451712e-07,0.1216781232
300.0,8.502208004e-07,0.1216775729
300.0,8.505608719e-07,0.1216753412
300.0,8.506797035e-07,0.1216739329
300.0,8.508397425e-07,0.1216726113
300.0,8.50093945e-07,0.121671884
300.0,8.50076838e-07,0.1216709869
300.0,8.505938548e-07,0.1216697998
300.0,8.503824559e-07,0.1216685558
300.0,8.507182993e-07,0.1216668113
300.0,8.505564468e-07,0.1216644172
300.0,8.500215929e-07,0.1216639757
300.0,8.505156887e-07,0.1216633757
300.0,8.504484616e-07,0.1216626158
300.0,8.509581589e-07,0.1216608122
Freq,300,Rs,0.1216700587625,6.020502229645861e-06,Ls,8.5047873774375e-07,2.6898237181559273e-10
":SOUR:DCS:STAT OFF;:BIAS:STAT OFF;:COMP:BIN:COUN:CLE;:LIST:CLE:ALL;:COMP:BIN:CLE;:AMPL:ALC ON;:APER LONG,16;:BIAS:POL:AUTO OFF;:BIAS:RANG:AUTO ON;:BIAS:VOLT:LEV 0;:COMP:ABIN OFF;:COMP:BIN:COUN:STAT OFF;:COMP:MODE PTOL;:COMP:SLIM -9.9e+037,9.9e+037;:COMP:STAT OFF;:COMP:SWAP OFF;:COMP:TOL:NOM 0;:CURR:LEV 0.1;:DISP:ENAB ON;:DISP:LINE """";:DISP:WIND:TEXT1:DATA:FMSD:DATA 1e-009;:DISP:WIND:TEXT2:DATA:FMSD:DATA 1e-009;:FORM:ASC:LONG ON;:FORM:BORD NORM;:FORM:DATA ASC,64;:FREQ:CW 300;:FUNC:DEV1:MODE OFF;:FUNC:DEV1:REF:VAL 0;:FUNC:DEV2:MODE OFF;:FUNC:DEV2:REF:VAL 0;:FUNC:IMP:TYPE LSRS;:FUNC:SMON:IDC:STAT OFF;:FUNC:SMON:VDC:STAT OFF;:INIT:CONT OFF;:LIST:MODE SEQ;:LIST:STIM:TYPE FREQ,NONE;:SOUR:DCS:VOLT:LEV 0;:TRIG:DEL 0;:TRIG:SOUR INT;:TRIG:TDEL 0;:DISP:WIND:TEXT1:DATA:FMSD:STAT OFF;:DISP:WIND:TEXT2:DATA:FMSD:STAT OFF;:FUNC:DCR:RANG:VAL 100;:FUNC:IMP:RANG:VAL 1;:OUTP:DC:ISOL:LEV:VAL 0.1;:OUTP:DC:ISOL:STAT OFF;:FUNC:DCR:RANG:AUTO ON;:FUNC:IMP:RANG:AUTO ON;:OUTP:DC:ISOL:LEV:AUTO ON;:DISP:PAGE MEASurement;
"
500.0,8.49934718e-07,0.1216815359
500.0,8.498523474e-07,0.121679876
500.0,8.496722474e-07,0.121678248
500.0,8.498757309e-07,0.1216772032
500.0,8.497156261e-07,0.1216761961
500.0,8.496607839e-07,0.1216755895
500.0,8.499895295e-07,0.1216744602
500.0,8.499753562e-07,0.1217409688
500.0,8.499869555e-07,0.1217640942
500.0,8.500366198e-07,0.1217573381
500.0,8.499208369e-07,0.1217530374
500.0,8.500640956e-07,0.1217497299
500.0,8.500750416e-07,0.1217463109
500.0,8.500653223e-07,0.1217432624
500.0,8.502937413e-07,0.121740667
500.0,8.501403006e-07,0.1217387264
Freq,500,Rs,0.12171732775,3.6769168205205515e-05,Ls,8.499537033125e-07,1.7108266317253272e-10
":SOUR:DCS:STAT OFF;:BIAS:STAT OFF;:COMP:BIN:COUN:CLE;:LIST:CLE:ALL;:COMP:BIN:CLE;:AMPL:ALC ON;:APER LONG,16;:BIAS:POL:AUTO OFF;:BIAS:RANG:AUTO ON;:BIAS:VOLT:LEV 0;:COMP:ABIN OFF;:COMP:BIN:COUN:STAT OFF;:COMP:MODE PTOL;:COMP:SLIM -9.9e+037,9.9e+037;:COMP:STAT OFF;:COMP:SWAP OFF;:COMP:TOL:NOM 0;:CURR:LEV 0.1;:DISP:ENAB ON;:DISP:LINE """";:DISP:WIND:TEXT1:DATA:FMSD:DATA 1e-009;:DISP:WIND:TEXT2:DATA:FMSD:DATA 1e-009;:FORM:ASC:LONG ON;:FORM:BORD NORM;:FORM:DATA ASC,64;:FREQ:CW 500;:FUNC:DEV1:MODE OFF;:FUNC:DEV1:REF:VAL 0;:FUNC:DEV2:MODE OFF;:FUNC:DEV2:REF:VAL 0;:FUNC:IMP:TYPE LSRS;:FUNC:SMON:IDC:STAT OFF;:FUNC:SMON:VDC:STAT OFF;:INIT:CONT OFF;:LIST:MODE SEQ;:LIST:STIM:TYPE FREQ,NONE;:SOUR:DCS:VOLT:LEV 0;:TRIG:DEL 0;:TRIG:SOUR INT;:TRIG:TDEL 0;:DISP:WIND:TEXT1:DATA:FMSD:STAT OFF;:DISP:WIND:TEXT2:DATA:FMSD:STAT OFF;:FUNC:DCR:RANG:VAL 100;:FUNC:IMP:RANG:VAL 1;:OUTP:DC:ISOL:LEV:VAL 0.1;:OUTP:DC:ISOL:STAT OFF;:FUNC:DCR:RANG:AUTO ON;:FUNC:IMP:RANG:AUTO ON;:OUTP:DC:ISOL:LEV:AUTO ON;:DISP:PAGE MEASurement;
"
800.0,8.472628567e-07,0.1217165369
800.0,8.47265611e-07,0.1217153915
800.0,8.473379864e-07,0.1217144051
800.0,8.473028634e-07,0.1217132378
800.0,8.472641936e-07,0.1217119436
800.0,8.473063985e-07,0.1217109684
800.0,8.473033935e-07,0.1217096753
800.0,8.471634563e-07,0.1217085358
800.0,8.472202379e-07,0.1217075633
800.0,8.472654948e-07,0.1217065425
800.0,8.472747122e-07,0.1217052675
800.0,8.474195665e-07,0.1217047293
800.0,8.473240955e-07,0.1217034374
800.0,8.472245613e-07,0.121702319
800.0,8.473085372e-07,0.12170141
800.0,8.472284897e-07,0.1217008328
Freq,800,Rs,0.1217082997625,5.101366761549194e-06,Ls,8.4727952840625e-07,5.844266236654201e-11
":SOUR:DCS:STAT OFF;:BIAS:STAT OFF;:COMP:BIN:COUN:CLE;:LIST:CLE:ALL;:COMP:BIN:CLE;:AMPL:ALC ON;:APER LONG,16;:BIAS:POL:AUTO OFF;:BIAS:RANG:AUTO ON;:BIAS:VOLT:LEV 0;:COMP:ABIN OFF;:COMP:BIN:COUN:STAT OFF;:COMP:MODE PTOL;:COMP:SLIM -9.9e+037,9.9e+037;:COMP:STAT OFF;:COMP:SWAP OFF;:COMP:TOL:NOM 0;:CURR:LEV 0.1;:DISP:ENAB ON;:DISP:LINE """";:DISP:WIND:TEXT1:DATA:FMSD:DATA 1e-009;:DISP:WIND:TEXT2:DATA:FMSD:DATA 1e-009;:FORM:ASC:LONG ON;:FORM:BORD NORM;:FORM:DATA ASC,64;:FREQ:CW 800;:FUNC:DEV1:MODE OFF;:FUNC:DEV1:REF:VAL 0;:FUNC:DEV2:MODE OFF;:FUNC:DEV2:REF:VAL 0;:FUNC:IMP:TYPE LSRS;:FUNC:SMON:IDC:STAT OFF;:FUNC:SMON:VDC:STAT OFF;:INIT:CONT OFF;:LIST:MODE SEQ;:LIST:STIM:TYPE FREQ,NONE;:SOUR:DCS:VOLT:LEV 0;:TRIG:DEL 0;:TRIG:SOUR INT;:TRIG:TDEL 0;:DISP:WIND:TEXT1:DATA:FMSD:STAT OFF;:DISP:WIND:TEXT2:DATA:FMSD:STAT OFF;:FUNC:DCR:RANG:VAL 100;:FUNC:IMP:RANG:VAL 1;:OUTP:DC:ISOL:LEV:VAL 0.1;:OUTP:DC:ISOL:STAT OFF;:FUNC:DCR:RANG:AUTO ON;:FUNC:IMP:RANG:AUTO ON;:OUTP:DC:ISOL:LEV:AUTO ON;:DISP:PAGE MEASurement;
"
1000.0,8.479973522e-07,0.1216838532
1000.0,8.480963473e-07,0.1216832642
1000.0,8.48000644e-07,0.121681625
1000.0,8.480082945e-07,0.1216807347
1000.0,8.480730057e-07,0.1216801615
1000.0,8.480043127e-07,0.1216780806
1000.0,8.479728733e-07,0.1216775404
1000.0,8.480422264e-07,0.1216764722
1000.0,8.480067065e-07,0.1216759867
1000.0,8.480354946e-07,0.1216750556
1000.0,8.479980287e-07,0.1216750013
1000.0,8.480604655e-07,0.1216743449
1000.0,8.481022271e-07,0.1216741599
1000.0,8.479184157e-07,0.1216731264
1000.0,8.479881322e-07,0.1216729526
1000.0,8.479430454e-07,0.1216720886
Freq,1000,Rs,0.12167715298750001,3.7623585636100123e-06,Ls,8.480154732375001e-07,5.089302715600625e-11
":SOUR:DCS:STAT OFF;:BIAS:STAT OFF;:COMP:BIN:COUN:CLE;:LIST:CLE:ALL;:COMP:BIN:CLE;:AMPL:ALC ON;:APER LONG,16;:BIAS:POL:AUTO OFF;:BIAS:RANG:AUTO ON;:BIAS:VOLT:LEV 0;:COMP:ABIN OFF;:COMP:BIN:COUN:STAT OFF;:COMP:MODE PTOL;:COMP:SLIM -9.9e+037,9.9e+037;:COMP:STAT OFF;:COMP:SWAP OFF;:COMP:TOL:NOM 0;:CURR:LEV 0.1;:DISP:ENAB ON;:DISP:LINE """";:DISP:WIND:TEXT1:DATA:FMSD:DATA 1e-009;:DISP:WIND:TEXT2:DATA:FMSD:DATA 1e-009;:FORM:ASC:LONG ON;:FORM:BORD NORM;:FORM:DATA ASC,64;:FREQ:CW 1000;:FUNC:DEV1:MODE OFF;:FUNC:DEV1:REF:VAL 0;:FUNC:DEV2:MODE OFF;:FUNC:DEV2:REF:VAL 0;:FUNC:IMP:TYPE LSRS;:FUNC:SMON:IDC:STAT OFF;:FUNC:SMON:VDC:STAT OFF;:INIT:CONT OFF;:LIST:MODE SEQ;:LIST:STIM:TYPE FREQ,NONE;:SOUR:DCS:VOLT:LEV 0;:TRIG:DEL 0;:TRIG:SOUR INT;:TRIG:TDEL 0;:DISP:WIND:TEXT1:DATA:FMSD:STAT OFF;:DISP:WIND:TEXT2:DATA:FMSD:STAT OFF;:FUNC:DCR:RANG:VAL 100;:FUNC:IMP:RANG:VAL 1;:OUTP:DC:ISOL:LEV:VAL 0.1;:OUTP:DC:ISOL:STAT OFF;:FUNC:DCR:RANG:AUTO ON;:FUNC:IMP:RANG:AUTO ON;:OUTP:DC:ISOL:LEV:AUTO ON;:DISP:PAGE MEASurement;
"
1591.5494309189535,8.474743572e-07,0.1216665522
1591.5494309189535,8.475804611e-07,0.1216656232
1591.5494309189535,8.475487578e-07,0.1216651368
1591.5494309189535,8.475050241e-07,0.1216642624
1591.5494309189535,8.475674216e-07,0.1216632324
1591.5494309189535,8.474875032e-07,0.1216624454
1591.5494309189535,8.475543064e-07,0.1216616678
1591.5494309189535,8.47576629e-07,0.121660619
1591.5494309189535,8.475289538e-07,0.1216621199
1591.5494309189535,8.475086223e-07,0.1216639036
1591.5494309189535,8.474751868e-07,0.1216631746
1591.5494309189535,8.475091355e-07,0.1216628805
1591.5494309189535,8.475100036e-07,0.1216626196
1591.5494309189535,8.475611587e-07,0.1216621019
1591.5494309189535,8.475226127e-07,0.121661057
1591.5494309189535,8.475418686e-07,0.1216605908
Freq,1591.5494309189535,Rs,0.12166299919375,1.744151851749674e-06,Ls,8.4752825015e-07,3.4645435521597314e-11
":SOUR:DCS:STAT OFF;:BIAS:STAT OFF;:COMP:BIN:COUN:CLE;:LIST:CLE:ALL;:COMP:BIN:CLE;:AMPL:ALC ON;:APER LONG,16;:BIAS:POL:AUTO OFF;:BIAS:RANG:AUTO ON;:BIAS:VOLT:LEV 0;:COMP:ABIN OFF;:COMP:BIN:COUN:STAT OFF;:COMP:MODE PTOL;:COMP:SLIM -9.9e+037,9.9e+037;:COMP:STAT OFF;:COMP:SWAP OFF;:COMP:TOL:NOM 0;:CURR:LEV 0.1;:DISP:ENAB ON;:DISP:LINE """";:DISP:WIND:TEXT1:DATA:FMSD:DATA 1e-009;:DISP:WIND:TEXT2:DATA:FMSD:DATA 1e-009;:FORM:ASC:LONG ON;:FORM:BORD NORM;:FORM:DATA ASC,64;:FREQ:CW 1592;:FUNC:DEV1:MODE OFF;:FUNC:DEV1:REF:VAL 0;:FUNC:DEV2:MODE OFF;:FUNC:DEV2:REF:VAL 0;:FUNC:IMP:TYPE LSRS;:FUNC:SMON:IDC:STAT OFF;:FUNC:SMON:VDC:STAT OFF;:INIT:CONT OFF;:LIST:MODE SEQ;:LIST:STIM:TYPE FREQ,NONE;:SOUR:DCS:VOLT:LEV 0;:TRIG:DEL 0;:TRIG:SOUR INT;:TRIG:TDEL 0;:DISP:WIND:TEXT1:DATA:FMSD:STAT OFF;:DISP:WIND:TEXT2:DATA:FMSD:STAT OFF;:FUNC:DCR:RANG:VAL 100;:FUNC:IMP:RANG:VAL 1;:OUTP:DC:ISOL:LEV:VAL 0.1;:OUTP:DC:ISOL:STAT OFF;:FUNC:DCR:RANG:AUTO ON;:FUNC:IMP:RANG:AUTO ON;:OUTP:DC:ISOL:LEV:AUTO ON;:DISP:PAGE MEASurement;
"
2000.0,8.496366519e-07,0.1216623827
2000.0,8.496326749e-07,0.1216615841
2000.0,8.496260231e-07,0.1216608907
2000.0,8.496013086e-07,0.1216605637
2000.0,8.49666619e-07,0.1216606538
2000.0,8.496867882e-07,0.1216607506
2000.0,8.496921481e-07,0.1216604873
2000.0,8.496428734e-07,0.1216599302
2000.0,8.496118019e-07,0.1216594646
2000.0,8.496155687e-07,0.1216588509
2000.0,8.496056166e-07,0.1216580697
2000.0,8.496153505e-07,0.1216575875
2000.0,8.496041173e-07,0.1216567404
2000.0,8.496092493e-07,0.1216566982
2000.0,8.496283953e-07,0.1216562016
2000.0,8.496133085e-07,0.1216553351
Freq,2000,Rs,0.12165913694375,2.1210433790852408e-06,Ls,8.496305309562501e-07,2.8530853747227498e-11
":SOUR:DCS:STAT OFF;:BIAS:STAT OFF;:COMP:BIN:COUN:CLE;:LIST:CLE:ALL;:COMP:BIN:CLE;:AMPL:ALC ON;:APER LONG,16;:BIAS:POL:AUTO OFF;:BIAS:RANG:AUTO ON;:BIAS:VOLT:LEV 0;:COMP:ABIN OFF;:COMP:BIN:COUN:STAT OFF;:COMP:MODE PTOL;:COMP:SLIM -9.9e+037,9.9e+037;:COMP:STAT OFF;:COMP:SWAP OFF;:COMP:TOL:NOM 0;:CURR:LEV 0.1;:DISP:ENAB ON;:DISP:LINE """";:DISP:WIND:TEXT1:DATA:FMSD:DATA 1e-009;:DISP:WIND:TEXT2:DATA:FMSD:DATA 1e-009;:FORM:ASC:LONG ON;:FORM:BORD NORM;:FORM:DATA ASC,64;:FREQ:CW 2000;:FUNC:DEV1:MODE OFF;:FUNC:DEV1:REF:VAL 0;:FUNC:DEV2:MODE OFF;:FUNC:DEV2:REF:VAL 0;:FUNC:IMP:TYPE LSRS;:FUNC:SMON:IDC:STAT OFF;:FUNC:SMON:VDC:STAT OFF;:INIT:CONT OFF;:LIST:MODE SEQ;:LIST:STIM:TYPE FREQ,NONE;:SOUR:DCS:VOLT:LEV 0;:TRIG:DEL 0;:TRIG:SOUR INT;:TRIG:TDEL 0;:DISP:WIND:TEXT1:DATA:FMSD:STAT OFF;:DISP:WIND:TEXT2:DATA:FMSD:STAT OFF;:FUNC:DCR:RANG:VAL 100;:FUNC:IMP:RANG:VAL 1;:OUTP:DC:ISOL:LEV:VAL 0.1;:OUTP:DC:ISOL:STAT OFF;:FUNC:DCR:RANG:AUTO ON;:FUNC:IMP:RANG:AUTO ON;:OUTP:DC:ISOL:LEV:AUTO ON;:DISP:PAGE MEASurement;
"
3000.0,8.494630564e-07,0.1216839024
3000.0,8.494056483e-07,0.1216826545
3000.0,8.493197699e-07,0.1216829117
3000.0,8.494705871e-07,0.1216817412
3000.0,8.495471698e-07,0.1216819749
3000.0,8.494407018e-07,0.1216797669
3000.0,8.493968484e-07,0.1216797713
3000.0,8.494842715e-07,0.1216810691
3000.0,8.494172264e-07,0.12167884
3000.0,8.492495754e-07,0.1216799946
3000.0,8.494514641e-07,0.1216787012
3000.0,8.494187694e-07,0.12167959
3000.0,8.493845384e-07,0.1216794471
3000.0,8.495425051e-07,0.1216797883
3000.0,8.494732269e-07,0.1216788628
3000.0,8.494606945e-07,0.1216779152
Freq,3000,Rs,0.1216804332,1.7344136261763863e-06,Ls,8.494328783375e-07,7.486734181197382e-11
":SOUR:DCS:STAT OFF;:BIAS:STAT OFF;:COMP:BIN:COUN:CLE;:LIST:CLE:ALL;:COMP:BIN:CLE;:AMPL:ALC ON;:APER LONG,16;:BIAS:POL:AUTO OFF;:BIAS:RANG:AUTO ON;:BIAS:VOLT:LEV 0;:COMP:ABIN OFF;:COMP:BIN:COUN:STAT OFF;:COMP:MODE PTOL;:COMP:SLIM -9.9e+037,9.9e+037;:COMP:STAT OFF;:COMP:SWAP OFF;:COMP:TOL:NOM 0;:CURR:LEV 0.1;:DISP:ENAB ON;:DISP:LINE """";:DISP:WIND:TEXT1:DATA:FMSD:DATA 1e-009;:DISP:WIND:TEXT2:DATA:FMSD:DATA 1e-009;:FORM:ASC:LONG ON;:FORM:BORD NORM;:FORM:DATA ASC,64;:FREQ:CW 3000;:FUNC:DEV1:MODE OFF;:FUNC:DEV1:REF:VAL 0;:FUNC:DEV2:MODE OFF;:FUNC:DEV2:REF:VAL 0;:FUNC:IMP:TYPE LSRS;:FUNC:SMON:IDC:STAT OFF;:FUNC:SMON:VDC:STAT OFF;:INIT:CONT OFF;:LIST:MODE SEQ;:LIST:STIM:TYPE FREQ,NONE;:SOUR:DCS:VOLT:LEV 0;:TRIG:DEL 0;:TRIG:SOUR INT;:TRIG:TDEL 0;:DISP:WIND:TEXT1:DATA:FMSD:STAT OFF;:DISP:WIND:TEXT2:DATA:FMSD:STAT OFF;:FUNC:DCR:RANG:VAL 100;:FUNC:IMP:RANG:VAL 1;:OUTP:DC:ISOL:LEV:VAL 0.1;:OUTP:DC:ISOL:STAT OFF;:FUNC:DCR:RANG:AUTO ON;:FUNC:IMP:RANG:AUTO ON;:OUTP:DC:ISOL:LEV:AUTO ON;:DISP:PAGE MEASurement;
"
5000.0,8.487818282e-07,0.1217417799
5000.0,8.4876092e-07,0.1217390913
5000.0,8.487779858e-07,0.1217416819
5000.0,8.487752473e-07,0.1217396749
5000.0,8.487400895e-07,0.1217401271
5000.0,8.487765087e-07,0.1217394239
5000.0,8.487710985e-07,0.121737673
5000.0,8.487538049e-07,0.121737278
5000.0,8.487544706e-07,0.121737502
5000.0,8.487614625e-07,0.1217370696
5000.0,8.487835505e-07,0.1217366452
5000.0,8.487928862e-07,0.1217367841
5000.0,8.487828988e-07,0.1217369399
5000.0,8.48766998e-07,0.1217381589
5000.0,8.487492325e-07,0.121738083
5000.0,8.487492523e-07,0.1217366421
Freq,5000,Rs,0.12173840967499999,1.70807035159604e-06,Ls,8.4876738964375e-07,1.519587268223114e-11
":SOUR:DCS:STAT OFF;:BIAS:STAT OFF;:COMP:BIN:COUN:CLE;:LIST:CLE:ALL;:COMP:BIN:CLE;:AMPL:ALC ON;:APER LONG,16;:BIAS:POL:AUTO OFF;:BIAS:RANG:AUTO ON;:BIAS:VOLT:LEV 0;:COMP:ABIN OFF;:COMP:BIN:COUN:STAT OFF;:COMP:MODE PTOL;:COMP:SLIM -9.9e+037,9.9e+037;:COMP:STAT OFF;:COMP:SWAP OFF;:COMP:TOL:NOM 0;:CURR:LEV 0.1;:DISP:ENAB ON;:DISP:LINE """";:DISP:WIND:TEXT1:DATA:FMSD:DATA 1e-009;:DISP:WIND:TEXT2:DATA:FMSD:DATA 1e-009;:FORM:ASC:LONG ON;:FORM:BORD NORM;:FORM:DATA ASC,64;:FREQ:CW 5000;:FUNC:DEV1:MODE OFF;:FUNC:DEV1:REF:VAL 0;:FUNC:DEV2:MODE OFF;:FUNC:DEV2:REF:VAL 0;:FUNC:IMP:TYPE LSRS;:FUNC:SMON:IDC:STAT OFF;:FUNC:SMON:VDC:STAT OFF;:INIT:CONT OFF;:LIST:MODE SEQ;:LIST:STIM:TYPE FREQ,NONE;:SOUR:DCS:VOLT:LEV 0;:TRIG:DEL 0;:TRIG:SOUR INT;:TRIG:TDEL 0;:DISP:WIND:TEXT1:DATA:FMSD:STAT OFF;:DISP:WIND:TEXT2:DATA:FMSD:STAT OFF;:FUNC:DCR:RANG:VAL 100;:FUNC:IMP:RANG:VAL 1;:OUTP:DC:ISOL:LEV:VAL 0.1;:OUTP:DC:ISOL:STAT OFF;:FUNC:DCR:RANG:AUTO ON;:FUNC:IMP:RANG:AUTO ON;:OUTP:DC:ISOL:LEV:AUTO ON;:DISP:PAGE MEASurement;
"
":SOUR:DCS:STAT OFF;:BIAS:STAT OFF;:COMP:BIN:COUN:CLE;:LIST:CLE:ALL;:COMP:BIN:CLE;:AMPL:ALC ON;:APER LONG,16;:BIAS:POL:AUTO OFF;:BIAS:RANG:AUTO ON;:BIAS:VOLT:LEV 0;:COMP:ABIN OFF;:COMP:BIN:COUN:STAT OFF;:COMP:MODE PTOL;:COMP:SLIM -9.9e+037,9.9e+037;:COMP:STAT OFF;:COMP:SWAP OFF;:COMP:TOL:NOM 0;:CURR:LEV 0.1;:DISP:ENAB ON;:DISP:LINE """";:DISP:WIND:TEXT1:DATA:FMSD:DATA 1e-009;:DISP:WIND:TEXT2:DATA:FMSD:DATA 1e-009;:FORM:ASC:LONG ON;:FORM:BORD NORM;:FORM:DATA ASC,64;:FREQ:CW 5000;:FUNC:DEV1:MODE OFF;:FUNC:DEV1:REF:VAL 0;:FUNC:DEV2:MODE OFF;:FUNC:DEV2:REF:VAL 0;:FUNC:IMP:TYPE LSRS;:FUNC:SMON:IDC:STAT OFF;:FUNC:SMON:VDC:STAT OFF;:INIT:CONT OFF;:LIST:MODE SEQ;:LIST:STIM:TYPE FREQ,NONE;:SOUR:DCS:VOLT:LEV 0;:TRIG:DEL 0;:TRIG:SOUR INT;:TRIG:TDEL 0;:DISP:WIND:TEXT1:DATA:FMSD:STAT OFF;:DISP:WIND:TEXT2:DATA:FMSD:STAT OFF;:FUNC:DCR:RANG:VAL 100;:FUNC:IMP:RANG:VAL 1;:OUTP:DC:ISOL:LEV:VAL 0.1;:OUTP:DC:ISOL:STAT OFF;:FUNC:DCR:RANG:AUTO ON;:FUNC:IMP:RANG:AUTO ON;:OUTP:DC:ISOL:LEV:AUTO ON;:DISP:PAGE MEASurement;
"
2022-09-16,17:25:20
---------run finished---------
