lcr name:,KeySight E4980A
Name and description of Resistor under test: ,repeat sweep of kibble balance coil
2024-05-06,09:10:59
select the freq range,"[20, 25, 30, 40, 53, 60, 80, 103, 120, 130, 135, 140, 145, 150, 155, 160, 165, 170, 172, 175, 180, 185, 200, 220, 240, 400, 800, 1000, 2000, 3000, 4000, 5000, 6000, 7000, 8000, 10000, 12000, 14000, 16000, 16500, 17000, 17500, 18000, 18500, 19000, 19500, 20000, 20500, 21000, 22000, 24000, 25000, 30000]"
20.0,1.069035378,276.4274114,1.25537e-05,0.00385329
20.0,1.070988511,276.0703414,1.25521e-05,0.00385339
20.0,1.080879733,275.3992294,1.25348e-05,0.00385026
20.0,1.072912658,275.4590527,1.25312e-05,0.00385276
20.0,1.071411748,275.8596793,1.25665e-05,0.00384753
20.0,1.068133118,276.2331765,1.25461e-05,0.00385051
20.0,1.071800228,277.2395561,1.25195e-05,0.00385811
20.0,1.077065731,276.2798317,1.25619e-05,0.00385583
20.0,1.06482704,275.7957922,1.24961e-05,0.00385345
20.0,1.075688573,275.5541804,1.2561e-05,0.00385492
20.0,1.071353328,274.7544278,1.25818e-05,0.00385562
20.0,1.068147604,276.4789602,1.25908e-05,0.00385725
20.0,1.070905862,275.8459417,1.25499e-05,0.00385317
20.0,1.073836329,275.931049,1.25854e-05,0.00385107
20.0,1.074259672,275.6898628,1.25276e-05,0.00385158
20.0,1.068239284,275.6398941,1.25655e-05,0.0038507
Freq,20,Rs,275.91614916875,0.5593571946867748,Ls,1.0718427998125,0.003951658489973427
":SOUR:DCS:STAT OFF;:BIAS:STAT OFF;:COMP:BIN:COUN:CLE;:LIST:CLE:ALL;:COMP:BIN:CLE;:AMPL:ALC OFF;:APER MED,4;:BIAS:POL:AUTO OFF;:BIAS:RANG:AUTO ON;:BIAS:VOLT:LEV 0;:COMP:ABIN OFF;:COMP:BIN:COUN:STAT OFF;:COMP:MODE PTOL;:COMP:SLIM -9.9e+037,9.9e+037;:COMP:STAT OFF;:COMP:SWAP OFF;:COMP:TOL:NOM 0;:CURR:LEV 5e-005;:DISP:ENAB ON;:DISP:LINE """";:DISP:WIND:TEXT1:DATA:FMSD:DATA 1e-009;:DISP:WIND:TEXT2:DATA:FMSD:DATA 1e-009;:FORM:ASC:LONG ON;:FORM:BORD NORM;:FORM:DATA ASC,64;:FREQ:CW 20;:FUNC:DEV1:MODE OFF;:FUNC:DEV1:REF:VAL 0;:FUNC:DEV2:MODE OFF;:FUNC:DEV2:REF:VAL 0;:FUNC:IMP:TYPE LSRS;:FUNC:SMON:IDC:STAT OFF;:FUNC:SMON:VDC:STAT OFF;:INIT:CONT OFF;:LIST:MODE SEQ;:LIST:STIM:TYPE FREQ,NONE;:SOUR:DCS:VOLT:LEV 0;:TRIG:DEL 0;:TRIG:SOUR INT;:TRIG:TDEL 0;:DISP:WIND:TEXT1:DATA:FMSD:STAT OFF;:DISP:WIND:TEXT2:DATA:FMSD:STAT OFF;:FUNC:DCR:RANG:VAL 100;:FUNC:IMP:RANG:VAL 300;:OUTP:DC:ISOL:LEV:VAL 0.002;:OUTP:DC:ISOL:STAT OFF;:FUNC:DCR:RANG:AUTO ON;:FUNC:IMP:RANG:AUTO ON;:OUTP:DC:ISOL:LEV:AUTO ON;:DISP:PAGE MEASurement;
"
25.0,1.03875903,283.5685574,1.18506e-05,0.00390461
25.0,1.036005078,285.641892,1.19134e-05,0.00390257
25.0,1.029223472,284.5924762,1.18487e-05,0.00390543
25.0,1.029467881,287.2155583,1.18717e-05,0.00389716
25.0,1.032627718,284.4891631,1.19506e-05,0.0039049
25.0,1.035266303,283.4633653,1.19272e-05,0.00389593
25.0,1.030975385,284.3695208,1.18963e-05,0.00389772
25.0,1.029560127,285.079673,1.19024e-05,0.00390622
25.0,1.040287591,283.9028973,1.18992e-05,0.00390196
25.0,1.036307544,283.9205042,1.19461e-05,0.00389878
25.0,1.028475298,284.798151,1.18452e-05,0.00390658
25.0,1.043281649,285.8998912,1.18597e-05,0.00390245
25.0,1.031391585,285.3238426,1.18889e-05,0.00390102
25.0,1.03010379,285.4934684,1.18842e-05,0.00389572
25.0,1.028897395,283.6006049,1.19279e-05,0.00390094
25.0,1.040756129,284.6895197,1.19257e-05,0.0038984
Freq,25,Rs,284.7530678375,1.0069377474425245,Ls,1.0338366234375,0.0048794838789434905
":SOUR:DCS:STAT OFF;:BIAS:STAT OFF;:COMP:BIN:COUN:CLE;:LIST:CLE:ALL;:COMP:BIN:CLE;:AMPL:ALC OFF;:APER MED,4;:BIAS:POL:AUTO OFF;:BIAS:RANG:AUTO ON;:BIAS:VOLT:LEV 0;:COMP:ABIN OFF;:COMP:BIN:COUN:STAT OFF;:COMP:MODE PTOL;:COMP:SLIM -9.9e+037,9.9e+037;:COMP:STAT OFF;:COMP:SWAP OFF;:COMP:TOL:NOM 0;:CURR:LEV 5e-005;:DISP:ENAB ON;:DISP:LINE """";:DISP:WIND:TEXT1:DATA:FMSD:DATA 1e-009;:DISP:WIND:TEXT2:DATA:FMSD:DATA 1e-009;:FORM:ASC:LONG ON;:FORM:BORD NORM;:FORM:DATA ASC,64;:FREQ:CW 25;:FUNC:DEV1:MODE OFF;:FUNC:DEV1:REF:VAL 0;:FUNC:DEV2:MODE OFF;:FUNC:DEV2:REF:VAL 0;:FUNC:IMP:TYPE LSRS;:FUNC:SMON:IDC:STAT OFF;:FUNC:SMON:VDC:STAT OFF;:INIT:CONT OFF;:LIST:MODE SEQ;:LIST:STIM:TYPE FREQ,NONE;:SOUR:DCS:VOLT:LEV 0;:TRIG:DEL 0;:TRIG:SOUR INT;:TRIG:TDEL 0;:DISP:WIND:TEXT1:DATA:FMSD:STAT OFF;:DISP:WIND:TEXT2:DATA:FMSD:STAT OFF;:FUNC:DCR:RANG:VAL 100;:FUNC:IMP:RANG:VAL 300;:OUTP:DC:ISOL:LEV:VAL 0.002;:OUTP:DC:ISOL:STAT OFF;:FUNC:DCR:RANG:AUTO ON;:FUNC:IMP:RANG:AUTO ON;:OUTP:DC:ISOL:LEV:AUTO ON;:DISP:PAGE MEASurement;
"
30.0,1.001498957,293.5192472,1.1567e-05,0.00403212
30.0,0.9961499407,292.411746,1.16074e-05,0.00403001
30.0,1.000688673,292.2142338,1.15743e-05,0.00403581
30.0,0.9967399974,294.1752392,1.1569e-05,0.00403149
30.0,1.007614143,292.4766702,1.15865e-05,0.00402971
30.0,1.00265041,293.0350868,1.15425e-05,0.00403315
30.0,0.9972919521,292.7480494,1.1616e-05,0.00402942
30.0,0.9986887294,292.2468004,1.15639e-05,0.00403276
30.0,0.9970198252,292.7926803,1.1591e-05,0.00402695
30.0,0.9989273277,293.3544898,1.1575e-05,0.00403122
30.0,1.005122489,291.8750641,1.1589e-05,0.00403385
30.0,1.004022902,293.059732,1.15652e-05,0.00403199
30.0,1.002949613,291.7537018,1.15652e-05,0.00403246
30.0,1.001240331,293.0107643,1.15724e-05,0.00403396
30.0,1.001336928,292.3841402,1.15953e-05,0.00402874
30.0,1.007140408,292.1332662,1.15582e-05,0.00403107
Freq,30,Rs,292.69943198125,0.64271771401356,Ls,1.00119266415625,0.0036049271357385107
":SOUR:DCS:STAT OFF;:BIAS:STAT OFF;:COMP:BIN:COUN:CLE;:LIST:CLE:ALL;:COMP:BIN:CLE;:AMPL:ALC OFF;:APER MED,4;:BIAS:POL:AUTO OFF;:BIAS:RANG:AUTO ON;:BIAS:VOLT:LEV 0;:COMP:ABIN OFF;:COMP:BIN:COUN:STAT OFF;:COMP:MODE PTOL;:COMP:SLIM -9.9e+037,9.9e+037;:COMP:STAT OFF;:COMP:SWAP OFF;:COMP:TOL:NOM 0;:CURR:LEV 5e-005;:DISP:ENAB ON;:DISP:LINE """";:DISP:WIND:TEXT1:DATA:FMSD:DATA 1e-009;:DISP:WIND:TEXT2:DATA:FMSD:DATA 1e-009;:FORM:ASC:LONG ON;:FORM:BORD NORM;:FORM:DATA ASC,64;:FREQ:CW 30;:FUNC:DEV1:MODE OFF;:FUNC:DEV1:REF:VAL 0;:FUNC:DEV2:MODE OFF;:FUNC:DEV2:REF:VAL 0;:FUNC:IMP:TYPE LSRS;:FUNC:SMON:IDC:STAT OFF;:FUNC:SMON:VDC:STAT OFF;:INIT:CONT OFF;:LIST:MODE SEQ;:LIST:STIM:TYPE FREQ,NONE;:SOUR:DCS:VOLT:LEV 0;:TRIG:DEL 0;:TRIG:SOUR INT;:TRIG:TDEL 0;:DISP:WIND:TEXT1:DATA:FMSD:STAT OFF;:DISP:WIND:TEXT2:DATA:FMSD:STAT OFF;:FUNC:DCR:RANG:VAL 100;:FUNC:IMP:RANG:VAL 300;:OUTP:DC:ISOL:LEV:VAL 0.002;:OUTP:DC:ISOL:STAT OFF;:FUNC:DCR:RANG:AUTO ON;:FUNC:IMP:RANG:AUTO ON;:OUTP:DC:ISOL:LEV:AUTO ON;:DISP:PAGE MEASurement;
"
40.0,0.9589621575,309.8679878,1.05665e-05,0.00414775
40.0,0.9603029883,309.4258633,1.06074e-05,0.00414521
40.0,0.9590872999,309.5831411,1.05759e-05,0.00414644
40.0,0.956369114,306.8358701,1.05928e-05,0.00414776
40.0,0.9459588598,308.3624698,1.06113e-05,0.00415266
40.0,0.9491757515,311.357233,1.06237e-05,0.00415071
40.0,0.953616574,310.6971641,1.06383e-05,0.00414444
40.0,0.9587005332,309.2241276,1.05855e-05,0.00414615
40.0,0.9536438227,308.4911431,1.05803e-05,0.0041489
40.0,0.9518083658,307.7360877,1.05939e-05,0.00414851
40.0,0.947385015,309.1789547,1.06167e-05,0.0041482
40.0,0.9516641368,310.1957846,1.06182e-05,0.00415133
40.0,0.9484598857,311.5304878,1.06134e-05,0.00415162
40.0,0.9546768766,311.3030783,1.06251e-05,0.00415138
40.0,0.9512792837,310.5502395,1.0611e-05,0.0041517
40.0,0.9544978768,309.7669363,1.06402e-05,0.00414938
Freq,40,Rs,309.63166055,1.32879022335169,Ls,0.95347428383125,0.004431274462012355
":SOUR:DCS:STAT OFF;:BIAS:STAT OFF;:COMP:BIN:COUN:CLE;:LIST:CLE:ALL;:COMP:BIN:CLE;:AMPL:ALC OFF;:APER MED,4;:BIAS:POL:AUTO OFF;:BIAS:RANG:AUTO ON;:BIAS:VOLT:LEV 0;:COMP:ABIN OFF;:COMP:BIN:COUN:STAT OFF;:COMP:MODE PTOL;:COMP:SLIM -9.9e+037,9.9e+037;:COMP:STAT OFF;:COMP:SWAP OFF;:COMP:TOL:NOM 0;:CURR:LEV 5e-005;:DISP:ENAB ON;:DISP:LINE """";:DISP:WIND:TEXT1:DATA:FMSD:DATA 1e-009;:DISP:WIND:TEXT2:DATA:FMSD:DATA 1e-009;:FORM:ASC:LONG ON;:FORM:BORD NORM;:FORM:DATA ASC,64;:FREQ:CW 40;:FUNC:DEV1:MODE OFF;:FUNC:DEV1:REF:VAL 0;:FUNC:DEV2:MODE OFF;:FUNC:DEV2:REF:VAL 0;:FUNC:IMP:TYPE LSRS;:FUNC:SMON:IDC:STAT OFF;:FUNC:SMON:VDC:STAT OFF;:INIT:CONT OFF;:LIST:MODE SEQ;:LIST:STIM:TYPE FREQ,NONE;:SOUR:DCS:VOLT:LEV 0;:TRIG:DEL 0;:TRIG:SOUR INT;:TRIG:TDEL 0;:DISP:WIND:TEXT1:DATA:FMSD:STAT OFF;:DISP:WIND:TEXT2:DATA:FMSD:STAT OFF;:FUNC:DCR:RANG:VAL 100;:FUNC:IMP:RANG:VAL 300;:OUTP:DC:ISOL:LEV:VAL 0.002;:OUTP:DC:ISOL:STAT OFF;:FUNC:DCR:RANG:AUTO ON;:FUNC:IMP:RANG:AUTO ON;:OUTP:DC:ISOL:LEV:AUTO ON;:DISP:PAGE MEASurement;
"
53.0,0.9073628522,330.8145489,9.51229e-06,0.00425048
53.0,0.9035157727,329.2989794,9.49119e-06,0.00424975
53.0,0.9096586448,330.2278198,9.48339e-06,0.00425019
53.0,0.9043431492,331.1181301,9.50945e-06,0.00425249
53.0,0.9059603608,329.4561149,9.50219e-06,0.00425068
53.0,0.905820884,329.9129513,9.48596e-06,0.0042513
53.0,0.9067032353,329.8890861,9.52147e-06,0.00425206
53.0,0.9035844771,331.4596987,9.48691e-06,0.00424863
53.0,0.8995546092,330.4590006,9.47952e-06,0.0042524
53.0,0.9092049645,331.5460035,9.47166e-06,0.00424963
53.0,0.9083064026,331.0472656,9.49709e-06,0.00425158
53.0,0.9078559399,331.6290374,9.49105e-06,0.00425122
53.0,0.9057599166,329.6186064,9.48707e-06,0.00425019
53.0,0.9119463765,330.0668199,9.4992e-06,0.00425052
53.0,0.9066826374,330.8836525,9.50964e-06,0.00425185
53.0,0.9047757303,331.1661577,9.50837e-06,0.00425122
Freq,53,Rs,330.53711705,0.7715594422211088,Ls,0.90631474706875,0.002908587404627678
":SOUR:DCS:STAT OFF;:BIAS:STAT OFF;:COMP:BIN:COUN:CLE;:LIST:CLE:ALL;:COMP:BIN:CLE;:AMPL:ALC OFF;:APER MED,4;:BIAS:POL:AUTO OFF;:BIAS:RANG:AUTO ON;:BIAS:VOLT:LEV 0;:COMP:ABIN OFF;:COMP:BIN:COUN:STAT OFF;:COMP:MODE PTOL;:COMP:SLIM -9.9e+037,9.9e+037;:COMP:STAT OFF;:COMP:SWAP OFF;:COMP:TOL:NOM 0;:CURR:LEV 5e-005;:DISP:ENAB ON;:DISP:LINE """";:DISP:WIND:TEXT1:DATA:FMSD:DATA 1e-009;:DISP:WIND:TEXT2:DATA:FMSD:DATA 1e-009;:FORM:ASC:LONG ON;:FORM:BORD NORM;:FORM:DATA ASC,64;:FREQ:CW 53;:FUNC:DEV1:MODE OFF;:FUNC:DEV1:REF:VAL 0;:FUNC:DEV2:MODE OFF;:FUNC:DEV2:REF:VAL 0;:FUNC:IMP:TYPE LSRS;:FUNC:SMON:IDC:STAT OFF;:FUNC:SMON:VDC:STAT OFF;:INIT:CONT OFF;:LIST:MODE SEQ;:LIST:STIM:TYPE FREQ,NONE;:SOUR:DCS:VOLT:LEV 0;:TRIG:DEL 0;:TRIG:SOUR INT;:TRIG:TDEL 0;:DISP:WIND:TEXT1:DATA:FMSD:STAT OFF;:DISP:WIND:TEXT2:DATA:FMSD:STAT OFF;:FUNC:DCR:RANG:VAL 100;:FUNC:IMP:RANG:VAL 300;:OUTP:DC:ISOL:LEV:VAL 0.002;:OUTP:DC:ISOL:STAT OFF;:FUNC:DCR:RANG:AUTO ON;:FUNC:IMP:RANG:AUTO ON;:OUTP:DC:ISOL:LEV:AUTO ON;:DISP:PAGE MEASurement;
"
60.0,0.8861482577,341.8696029,9.02554e-06,0.00432439
60.0,0.889114055,341.6740004,9.04812e-06,0.00432155
60.0,0.8882179692,341.8222103,9.02399e-06,0.004323
60.0,0.8889934551,342.4044231,9.0456e-06,0.00432543
60.0,0.8863306423,342.2245205,9.05716e-06,0.00432499
60.0,0.8851703365,342.1725748,9.0479e-06,0.00432123
60.0,0.8873176056,341.9899559,9.02196e-06,0.00432239
60.0,0.8903878181,341.3967072,9.0393e-06,0.00432615
60.0,0.8875055405,341.651561,9.05178e-06,0.00432492
60.0,0.88220406,341.4074822,9.03167e-06,0.00432234
60.0,0.8873020292,343.1131247,9.03694e-06,0.00432389
60.0,0.8895034529,342.9089539,9.04577e-06,0.00432479
60.0,0.8905265091,342.5251629,9.06577e-06,0.00432503
60.0,0.8888617881,340.9893464,9.05795e-06,0.00432346
60.0,0.8877322378,340.8477443,9.02641e-06,0.00432448
60.0,0.885665429,341.8926605,9.03514e-06,0.00432307
Freq,60,Rs,341.9306269375,0.6250259528262482,Ls,0.8875613241312501,0.0021419527743522294
":SOUR:DCS:STAT OFF;:BIAS:STAT OFF;:COMP:BIN:COUN:CLE;:LIST:CLE:ALL;:COMP:BIN:CLE;:AMPL:ALC OFF;:APER MED,4;:BIAS:POL:AUTO OFF;:BIAS:RANG:AUTO ON;:BIAS:VOLT:LEV 0;:COMP:ABIN OFF;:COMP:BIN:COUN:STAT OFF;:COMP:MODE PTOL;:COMP:SLIM -9.9e+037,9.9e+037;:COMP:STAT OFF;:COMP:SWAP OFF;:COMP:TOL:NOM 0;:CURR:LEV 5e-005;:DISP:ENAB ON;:DISP:LINE """";:DISP:WIND:TEXT1:DATA:FMSD:DATA 1e-009;:DISP:WIND:TEXT2:DATA:FMSD:DATA 1e-009;:FORM:ASC:LONG ON;:FORM:BORD NORM;:FORM:DATA ASC,64;:FREQ:CW 60;:FUNC:DEV1:MODE OFF;:FUNC:DEV1:REF:VAL 0;:FUNC:DEV2:MODE OFF;:FUNC:DEV2:REF:VAL 0;:FUNC:IMP:TYPE LSRS;:FUNC:SMON:IDC:STAT OFF;:FUNC:SMON:VDC:STAT OFF;:INIT:CONT OFF;:LIST:MODE SEQ;:LIST:STIM:TYPE FREQ,NONE;:SOUR:DCS:VOLT:LEV 0;:TRIG:DEL 0;:TRIG:SOUR INT;:TRIG:TDEL 0;:DISP:WIND:TEXT1:DATA:FMSD:STAT OFF;:DISP:WIND:TEXT2:DATA:FMSD:STAT OFF;:FUNC:DCR:RANG:VAL 100;:FUNC:IMP:RANG:VAL 300;:OUTP:DC:ISOL:LEV:VAL 0.002;:OUTP:DC:ISOL:STAT OFF;:FUNC:DCR:RANG:AUTO ON;:FUNC:IMP:RANG:AUTO ON;:OUTP:DC:ISOL:LEV:AUTO ON;:DISP:PAGE MEASurement;
"
80.0,0.8498617771,374.1202444,7.89588e-06,0.00447015
80.0,0.8443385951,374.1824565,7.86536e-06,0.00446679
80.0,0.8436958009,374.5425382,7.87751e-06,0.00446813
80.0,0.8468840639,372.7898009,7.87888e-06,0.004468
80.0,0.8472936941,372.3953354,7.91016e-06,0.00446802
80.0,0.846467742,373.1552529,7.90777e-06,0.00446926
80.0,0.8488117553,374.7381821,7.88615e-06,0.00447077
80.0,0.8471823549,373.9964029,7.89597e-06,0.00446981
80.0,0.8474360726,374.2968679,7.90409e-06,0.00446984
80.0,0.8482003271,374.2732202,7.88926e-06,0.0044713
80.0,0.8473499131,373.9677892,7.9035e-06,0.00447122
80.0,0.8474323297,372.6955594,7.90434e-06,0.0044704
80.0,0.8520964566,373.7044682,7.89169e-06,0.00447052
80.0,0.8483402904,373.4302465,7.89463e-06,0.0044729
80.0,0.8485176488,375.2187277,7.89014e-06,0.00446993
80.0,0.8467535565,373.6407242,7.88648e-06,0.0044687
Freq,80,Rs,373.8217385375,0.7756044182636643,Ls,0.84754139863125,0.001954038824823809
":SOUR:DCS:STAT OFF;:BIAS:STAT OFF;:COMP:BIN:COUN:CLE;:LIST:CLE:ALL;:COMP:BIN:CLE;:AMPL:ALC OFF;:APER MED,4;:BIAS:POL:AUTO OFF;:BIAS:RANG:AUTO ON;:BIAS:VOLT:LEV 0;:COMP:ABIN OFF;:COMP:BIN:COUN:STAT OFF;:COMP:MODE PTOL;:COMP:SLIM -9.9e+037,9.9e+037;:COMP:STAT OFF;:COMP:SWAP OFF;:COMP:TOL:NOM 0;:CURR:LEV 5e-005;:DISP:ENAB ON;:DISP:LINE """";:DISP:WIND:TEXT1:DATA:FMSD:DATA 1e-009;:DISP:WIND:TEXT2:DATA:FMSD:DATA 1e-009;:FORM:ASC:LONG ON;:FORM:BORD NORM;:FORM:DATA ASC,64;:FREQ:CW 80;:FUNC:DEV1:MODE OFF;:FUNC:DEV1:REF:VAL 0;:FUNC:DEV2:MODE OFF;:FUNC:DEV2:REF:VAL 0;:FUNC:IMP:TYPE LSRS;:FUNC:SMON:IDC:STAT OFF;:FUNC:SMON:VDC:STAT OFF;:INIT:CONT OFF;:LIST:MODE SEQ;:LIST:STIM:TYPE FREQ,NONE;:SOUR:DCS:VOLT:LEV 0;:TRIG:DEL 0;:TRIG:SOUR INT;:TRIG:TDEL 0;:DISP:WIND:TEXT1:DATA:FMSD:STAT OFF;:DISP:WIND:TEXT2:DATA:FMSD:STAT OFF;:FUNC:DCR:RANG:VAL 100;:FUNC:IMP:RANG:VAL 300;:OUTP:DC:ISOL:LEV:VAL 0.002;:OUTP:DC:ISOL:STAT OFF;:FUNC:DCR:RANG:AUTO ON;:FUNC:IMP:RANG:AUTO ON;:OUTP:DC:ISOL:LEV:AUTO ON;:DISP:PAGE MEASurement;
"
103.0,0.8210226644,410.6541094,6.84695e-06,0.00459319
103.0,0.8236598241,410.7542723,6.84116e-06,0.00459494
103.0,0.8217569547,410.2317615,6.83929e-06,0.00459536
103.0,0.8215765396,411.9737694,6.82356e-06,0.00459574
103.0,0.8246916923,409.6857087,6.84797e-06,0.00459651
103.0,0.8207943768,409.9097374,6.83239e-06,0.00459639
103.0,0.8264853141,410.2663173,6.83846e-06,0.00459431
103.0,0.8224191655,409.3427041,6.8387e-06,0.0045965
103.0,0.8240108894,410.6826994,6.8328e-06,0.00459592
103.0,0.819980419,409.7932012,6.84251e-06,0.00459457
103.0,0.8218793608,411.0596741,6.82967e-06,0.00459365
103.0,0.8234156929,410.1747437,6.82132e-06,0.00459578
103.0,0.8217553275,410.1654578,6.84504e-06,0.00459397
103.0,0.8195710067,411.0288278,6.83615e-06,0.00459521
103.0,0.8205058021,410.4203386,6.82707e-06,0.00459582
103.0,0.8215514276,411.5747147,6.84941e-06,0.00459693
Freq,103,Rs,410.4823773375,0.6946322913076315,Ls,0.8221922785937501,0.0018418174393616607
":SOUR:DCS:STAT OFF;:BIAS:STAT OFF;:COMP:BIN:COUN:CLE;:LIST:CLE:ALL;:COMP:BIN:CLE;:AMPL:ALC OFF;:APER MED,4;:BIAS:POL:AUTO OFF;:BIAS:RANG:AUTO ON;:BIAS:VOLT:LEV 0;:COMP:ABIN OFF;:COMP:BIN:COUN:STAT OFF;:COMP:MODE PTOL;:COMP:SLIM -9.9e+037,9.9e+037;:COMP:STAT OFF;:COMP:SWAP OFF;:COMP:TOL:NOM 0;:CURR:LEV 5e-005;:DISP:ENAB ON;:DISP:LINE """";:DISP:WIND:TEXT1:DATA:FMSD:DATA 1e-009;:DISP:WIND:TEXT2:DATA:FMSD:DATA 1e-009;:FORM:ASC:LONG ON;:FORM:BORD NORM;:FORM:DATA ASC,64;:FREQ:CW 103;:FUNC:DEV1:MODE OFF;:FUNC:DEV1:REF:VAL 0;:FUNC:DEV2:MODE OFF;:FUNC:DEV2:REF:VAL 0;:FUNC:IMP:TYPE LSRS;:FUNC:SMON:IDC:STAT OFF;:FUNC:SMON:VDC:STAT OFF;:INIT:CONT OFF;:LIST:MODE SEQ;:LIST:STIM:TYPE FREQ,NONE;:SOUR:DCS:VOLT:LEV 0;:TRIG:DEL 0;:TRIG:SOUR INT;:TRIG:TDEL 0;:DISP:WIND:TEXT1:DATA:FMSD:STAT OFF;:DISP:WIND:TEXT2:DATA:FMSD:STAT OFF;:FUNC:DCR:RANG:VAL 100;:FUNC:IMP:RANG:VAL 300;:OUTP:DC:ISOL:LEV:VAL 0.002;:OUTP:DC:ISOL:STAT OFF;:FUNC:DCR:RANG:AUTO ON;:FUNC:IMP:RANG:AUTO ON;:OUTP:DC:ISOL:LEV:AUTO ON;:DISP:PAGE MEASurement;
"
120.0,0.8251568349,440.4575294,6.10948e-06,0.00466542
120.0,0.8273573289,440.7554375,6.10308e-06,0.004664
120.0,0.8272718364,441.193921,6.10924e-06,0.00466509
120.0,0.8266004644,440.9048307,6.1174e-06,0.00466412
120.0,0.8277827996,440.7432898,6.09803e-06,0.00466415
120.0,0.8261553089,440.5015105,6.11069e-06,0.00466546
120.0,0.8283413678,439.6382992,6.10236e-06,0.0046658
120.0,0.8275724106,441.3578885,6.10788e-06,0.00466415
120.0,0.8264971269,440.9438126,6.10717e-06,0.00466403
120.0,0.8261899552,441.6092879,6.10747e-06,0.00466582
120.0,0.8268131579,440.4751546,6.10312e-06,0.00466422
120.0,0.8281362197,441.5605401,6.11231e-06,0.00466542
120.0,0.8263635467,441.2943087,6.10449e-06,0.00466543
120.0,0.8273498429,440.4541408,6.10699e-06,0.00466386
120.0,0.8254325342,440.9438523,6.09591e-06,0.00466367
120.0,0.8267693956,441.2444715,6.11022e-06,0.00466485
Freq,120,Rs,440.87989219375004,0.5084744591441153,Ls,0.8268618831625001,0.0009010732196974692
":SOUR:DCS:STAT OFF;:BIAS:STAT OFF;:COMP:BIN:COUN:CLE;:LIST:CLE:ALL;:COMP:BIN:CLE;:AMPL:ALC OFF;:APER MED,4;:BIAS:POL:AUTO OFF;:BIAS:RANG:AUTO ON;:BIAS:VOLT:LEV 0;:COMP:ABIN OFF;:COMP:BIN:COUN:STAT OFF;:COMP:MODE PTOL;:COMP:SLIM -9.9e+037,9.9e+037;:COMP:STAT OFF;:COMP:SWAP OFF;:COMP:TOL:NOM 0;:CURR:LEV 5e-005;:DISP:ENAB ON;:DISP:LINE """";:DISP:WIND:TEXT1:DATA:FMSD:DATA 1e-009;:DISP:WIND:TEXT2:DATA:FMSD:DATA 1e-009;:FORM:ASC:LONG ON;:FORM:BORD NORM;:FORM:DATA ASC,64;:FREQ:CW 120;:FUNC:DEV1:MODE OFF;:FUNC:DEV1:REF:VAL 0;:FUNC:DEV2:MODE OFF;:FUNC:DEV2:REF:VAL 0;:FUNC:IMP:TYPE LSRS;:FUNC:SMON:IDC:STAT OFF;:FUNC:SMON:VDC:STAT OFF;:INIT:CONT OFF;:LIST:MODE SEQ;:LIST:STIM:TYPE FREQ,NONE;:SOUR:DCS:VOLT:LEV 0;:TRIG:DEL 0;:TRIG:SOUR INT;:TRIG:TDEL 0;:DISP:WIND:TEXT1:DATA:FMSD:STAT OFF;:DISP:WIND:TEXT2:DATA:FMSD:STAT OFF;:FUNC:DCR:RANG:VAL 100;:FUNC:IMP:RANG:VAL 300;:OUTP:DC:ISOL:LEV:VAL 0.002;:OUTP:DC:ISOL:STAT OFF;:FUNC:DCR:RANG:AUTO ON;:FUNC:IMP:RANG:AUTO ON;:OUTP:DC:ISOL:LEV:AUTO ON;:DISP:PAGE MEASurement;
"
130.0,0.8064243794,460.0199804,5.82553e-06,0.00468579
130.0,0.8068388194,459.2385643,5.82576e-06,0.00468611
130.0,0.8084374249,459.5859001,5.80659e-06,0.00468554
130.0,0.8079875687,460.2769232,5.82067e-06,0.00468452
130.0,0.8077996613,460.4353317,5.82783e-06,0.00468407
130.0,0.8088929261,459.6829831,5.81908e-06,0.00468482
130.0,0.8088970514,461.3791883,5.82004e-06,0.00468587
130.0,0.8082452936,459.9172011,5.82507e-06,0.00468559
130.0,0.8075040205,459.1266798,5.82716e-06,0.00468556
130.0,0.8084099191,461.9879953,5.82806e-06,0.00468446
130.0,0.8076937345,460.1025039,5.82835e-06,0.00468451
130.0,0.8082660292,460.5066351,5.83147e-06,0.00468503
130.0,0.8070863111,460.654241,5.82964e-06,0.00468549
130.0,0.8081921233,460.7075543,5.81413e-06,0.00468677
130.0,0.8073339984,459.9415488,5.82848e-06,0.00468545
130.0,0.8074836368,461.649677,5.82996e-06,0.00468516
Freq,130,Rs,460.3258067125,0.8150457129430221,Ls,0.80784330610625,0.0007067492802843427
":SOUR:DCS:STAT OFF;:BIAS:STAT OFF;:COMP:BIN:COUN:CLE;:LIST:CLE:ALL;:COMP:BIN:CLE;:AMPL:ALC OFF;:APER MED,4;:BIAS:POL:AUTO OFF;:BIAS:RANG:AUTO ON;:BIAS:VOLT:LEV 0;:COMP:ABIN OFF;:COMP:BIN:COUN:STAT OFF;:COMP:MODE PTOL;:COMP:SLIM -9.9e+037,9.9e+037;:COMP:STAT OFF;:COMP:SWAP OFF;:COMP:TOL:NOM 0;:CURR:LEV 5e-005;:DISP:ENAB ON;:DISP:LINE """";:DISP:WIND:TEXT1:DATA:FMSD:DATA 1e-009;:DISP:WIND:TEXT2:DATA:FMSD:DATA 1e-009;:FORM:ASC:LONG ON;:FORM:BORD NORM;:FORM:DATA ASC,64;:FREQ:CW 130;:FUNC:DEV1:MODE OFF;:FUNC:DEV1:REF:VAL 0;:FUNC:DEV2:MODE OFF;:FUNC:DEV2:REF:VAL 0;:FUNC:IMP:TYPE LSRS;:FUNC:SMON:IDC:STAT OFF;:FUNC:SMON:VDC:STAT OFF;:INIT:CONT OFF;:LIST:MODE SEQ;:LIST:STIM:TYPE FREQ,NONE;:SOUR:DCS:VOLT:LEV 0;:TRIG:DEL 0;:TRIG:SOUR INT;:TRIG:TDEL 0;:DISP:WIND:TEXT1:DATA:FMSD:STAT OFF;:DISP:WIND:TEXT2:DATA:FMSD:STAT OFF;:FUNC:DCR:RANG:VAL 100;:FUNC:IMP:RANG:VAL 300;:OUTP:DC:ISOL:LEV:VAL 0.002;:OUTP:DC:ISOL:STAT OFF;:FUNC:DCR:RANG:AUTO ON;:FUNC:IMP:RANG:AUTO ON;:OUTP:DC:ISOL:LEV:AUTO ON;:DISP:PAGE MEASurement;
"
135.0,0.831580583,465.5722111,5.59546e-06,0.00471496
135.0,0.830487692,464.8667852,5.60123e-06,0.004714
135.0,0.829756787,464.6017397,5.58693e-06,0.00471535
135.0,0.8295052011,465.7137312,5.6009e-06,0.00471505
135.0,0.8307469766,465.9247735,5.59016e-06,0.00471576
135.0,0.8289829398,464.9083493,5.59179e-06,0.00471468
135.0,0.8286208815,465.9109168,5.59574e-06,0.00471474
135.0,0.8285556242,465.4932929,5.58245e-06,0.00471464
135.0,0.8290440303,464.8480839,5.57565e-06,0.00471512
135.0,0.8288096958,464.4056363,5.58577e-06,0.00471471
135.0,0.8310439896,465.5212478,5.59512e-06,0.00471493
135.0,0.8286672451,464.0100467,5.58876e-06,0.00471548
135.0,0.8308350774,467.1975083,5.58674e-06,0.00471531
135.0,0.827635758,465.3047647,5.58806e-06,0.00471539
135.0,0.8287911959,465.313659,5.58932e-06,0.00471473
135.0,0.8297863263,464.4516785,5.58117e-06,0.00471431
Freq,135,Rs,465.25277655625,0.7692675650679772,Ls,0.829553125225,0.0011080372055769982
":SOUR:DCS:STAT OFF;:BIAS:STAT OFF;:COMP:BIN:COUN:CLE;:LIST:CLE:ALL;:COMP:BIN:CLE;:AMPL:ALC OFF;:APER MED,4;:BIAS:POL:AUTO OFF;:BIAS:RANG:AUTO ON;:BIAS:VOLT:LEV 0;:COMP:ABIN OFF;:COMP:BIN:COUN:STAT OFF;:COMP:MODE PTOL;:COMP:SLIM -9.9e+037,9.9e+037;:COMP:STAT OFF;:COMP:SWAP OFF;:COMP:TOL:NOM 0;:CURR:LEV 5e-005;:DISP:ENAB ON;:DISP:LINE """";:DISP:WIND:TEXT1:DATA:FMSD:DATA 1e-009;:DISP:WIND:TEXT2:DATA:FMSD:DATA 1e-009;:FORM:ASC:LONG ON;:FORM:BORD NORM;:FORM:DATA ASC,64;:FREQ:CW 135;:FUNC:DEV1:MODE OFF;:FUNC:DEV1:REF:VAL 0;:FUNC:DEV2:MODE OFF;:FUNC:DEV2:REF:VAL 0;:FUNC:IMP:TYPE LSRS;:FUNC:SMON:IDC:STAT OFF;:FUNC:SMON:VDC:STAT OFF;:INIT:CONT OFF;:LIST:MODE SEQ;:LIST:STIM:TYPE FREQ,NONE;:SOUR:DCS:VOLT:LEV 0;:TRIG:DEL 0;:TRIG:SOUR INT;:TRIG:TDEL 0;:DISP:WIND:TEXT1:DATA:FMSD:STAT OFF;:DISP:WIND:TEXT2:DATA:FMSD:STAT OFF;:FUNC:DCR:RANG:VAL 100;:FUNC:IMP:RANG:VAL 300;:OUTP:DC:ISOL:LEV:VAL 0.002;:OUTP:DC:ISOL:STAT OFF;:FUNC:DCR:RANG:AUTO ON;:FUNC:IMP:RANG:AUTO ON;:OUTP:DC:ISOL:LEV:AUTO ON;:DISP:PAGE MEASurement;
"
140.0,0.8469846474,476.8960424,5.35928e-06,0.00473549
140.0,0.845867847,476.0340432,5.34886e-06,0.00473725
140.0,0.8483083895,474.9692412,5.36195e-06,0.00473716
140.0,0.8490406773,476.9933499,5.34e-06,0.00473809
140.0,0.8478298265,478.5149403,5.35342e-06,0.00473835
140.0,0.8466412587,475.8806453,5.36546e-06,0.00473765
140.0,0.8503908488,480.4394158,5.33449e-06,0.00473421
140.0,0.8487001325,476.4910807,5.37941e-06,0.00473755
140.0,0.8493619668,476.0574386,5.34007e-06,0.00473864
140.0,0.846006121,475.2999718,5.35836e-06,0.00473744
140.0,0.8488595324,473.888029,5.32645e-06,0.00473807
140.0,0.8484946483,479.6353561,5.33325e-06,0.00473632
140.0,0.8466115724,475.3056906,5.36121e-06,0.00473585
140.0,0.8483392862,474.9147839,5.35108e-06,0.00473674
140.0,0.8497862559,476.1239591,5.31879e-06,0.0047366
140.0,0.8491420706,479.0170478,5.34545e-06,0.00473694
Freq,140,Rs,476.65381473125,1.8484173324920683,Ls,0.84814781758125,0.0013623233128081589
":SOUR:DCS:STAT OFF;:BIAS:STAT OFF;:COMP:BIN:COUN:CLE;:LIST:CLE:ALL;:COMP:BIN:CLE;:AMPL:ALC OFF;:APER MED,4;:BIAS:POL:AUTO OFF;:BIAS:RANG:AUTO ON;:BIAS:VOLT:LEV 0;:COMP:ABIN OFF;:COMP:BIN:COUN:STAT OFF;:COMP:MODE PTOL;:COMP:SLIM -9.9e+037,9.9e+037;:COMP:STAT OFF;:COMP:SWAP OFF;:COMP:TOL:NOM 0;:CURR:LEV 5e-005;:DISP:ENAB ON;:DISP:LINE """";:DISP:WIND:TEXT1:DATA:FMSD:DATA 1e-009;:DISP:WIND:TEXT2:DATA:FMSD:DATA 1e-009;:FORM:ASC:LONG ON;:FORM:BORD NORM;:FORM:DATA ASC,64;:FREQ:CW 140;:FUNC:DEV1:MODE OFF;:FUNC:DEV1:REF:VAL 0;:FUNC:DEV2:MODE OFF;:FUNC:DEV2:REF:VAL 0;:FUNC:IMP:TYPE LSRS;:FUNC:SMON:IDC:STAT OFF;:FUNC:SMON:VDC:STAT OFF;:INIT:CONT OFF;:LIST:MODE SEQ;:LIST:STIM:TYPE FREQ,NONE;:SOUR:DCS:VOLT:LEV 0;:TRIG:DEL 0;:TRIG:SOUR INT;:TRIG:TDEL 0;:DISP:WIND:TEXT1:DATA:FMSD:STAT OFF;:DISP:WIND:TEXT2:DATA:FMSD:STAT OFF;:FUNC:DCR:RANG:VAL 100;:FUNC:IMP:RANG:VAL 300;:OUTP:DC:ISOL:LEV:VAL 0.002;:OUTP:DC:ISOL:STAT OFF;:FUNC:DCR:RANG:AUTO ON;:FUNC:IMP:RANG:AUTO ON;:OUTP:DC:ISOL:LEV:AUTO ON;:DISP:PAGE MEASurement;
"
145.0,0.877292384,494.7324892,5.08127e-06,0.0047598
145.0,0.8752940881,489.9605755,5.10305e-06,0.00475888
145.0,0.8733296658,492.6309875,5.07786e-06,0.0047559
145.0,0.8744774971,497.3826751,5.08198e-06,0.00475937
145.0,0.8776995095,492.6712956,5.09547e-06,0.00475785
145.0,0.8729863864,493.8153723,5.0905e-06,0.0047574
145.0,0.8705361128,489.0136755,5.08361e-06,0.0047592
145.0,0.8711725927,497.3753848,5.08265e-06,0.0047562
145.0,0.8747458527,492.1460538,5.08824e-06,0.00475625
145.0,0.8756325464,494.9079322,5.08437e-06,0.00475974
145.0,0.8715685839,490.4478351,5.06719e-06,0.00475841
145.0,0.8765902961,494.7269961,5.06988e-06,0.00475908
145.0,0.8684213367,490.2669119,5.09829e-06,0.00475629
145.0,0.8671337882,494.4770248,5.05568e-06,0.00475729
145.0,0.8709443164,494.6681479,5.06711e-06,0.00475868
145.0,0.8756003325,493.4081034,5.0737e-06,0.0047592
Freq,145,Rs,493.28946629375,2.4835024001431805,Ls,0.87333908058125,0.00312960959265306
":SOUR:DCS:STAT OFF;:BIAS:STAT OFF;:COMP:BIN:COUN:CLE;:LIST:CLE:ALL;:COMP:BIN:CLE;:AMPL:ALC OFF;:APER MED,4;:BIAS:POL:AUTO OFF;:BIAS:RANG:AUTO ON;:BIAS:VOLT:LEV 0;:COMP:ABIN OFF;:COMP:BIN:COUN:STAT OFF;:COMP:MODE PTOL;:COMP:SLIM -9.9e+037,9.9e+037;:COMP:STAT OFF;:COMP:SWAP OFF;:COMP:TOL:NOM 0;:CURR:LEV 5e-005;:DISP:ENAB ON;:DISP:LINE """";:DISP:WIND:TEXT1:DATA:FMSD:DATA 1e-009;:DISP:WIND:TEXT2:DATA:FMSD:DATA 1e-009;:FORM:ASC:LONG ON;:FORM:BORD NORM;:FORM:DATA ASC,64;:FREQ:CW 145;:FUNC:DEV1:MODE OFF;:FUNC:DEV1:REF:VAL 0;:FUNC:DEV2:MODE OFF;:FUNC:DEV2:REF:VAL 0;:FUNC:IMP:TYPE LSRS;:FUNC:SMON:IDC:STAT OFF;:FUNC:SMON:VDC:STAT OFF;:INIT:CONT OFF;:LIST:MODE SEQ;:LIST:STIM:TYPE FREQ,NONE;:SOUR:DCS:VOLT:LEV 0;:TRIG:DEL 0;:TRIG:SOUR INT;:TRIG:TDEL 0;:DISP:WIND:TEXT1:DATA:FMSD:STAT OFF;:DISP:WIND:TEXT2:DATA:FMSD:STAT OFF;:FUNC:DCR:RANG:VAL 100;:FUNC:IMP:RANG:VAL 300;:OUTP:DC:ISOL:LEV:VAL 0.002;:OUTP:DC:ISOL:STAT OFF;:FUNC:DCR:RANG:AUTO ON;:FUNC:IMP:RANG:AUTO ON;:OUTP:DC:ISOL:LEV:AUTO ON;:DISP:PAGE MEASurement;
"
150.0,0.900857276,516.0041489,4.80097e-06,0.00477626
150.0,0.9012106535,516.0063198,4.81584e-06,0.0047755
150.0,0.9039709915,513.8341712,4.80778e-06,0.00477608
150.0,0.9017688665,514.9217217,4.79819e-06,0.00477553
150.0,0.9002218096,515.6157972,4.81206e-06,0.00477486
150.0,0.8998362934,513.4619127,4.82163e-06,0.00477614
150.0,0.9015037843,512.4173576,4.82003e-06,0.00477618
150.0,0.9003624835,513.3482992,4.7988e-06,0.00477488
150.0,0.9003104248,513.4893758,4.79596e-06,0.00477618
150.0,0.9001318324,515.8932569,4.80754e-06,0.00477649
150.0,0.8991551305,516.3889432,4.80199e-06,0.00477574
150.0,0.9004584826,516.1874978,4.8137e-06,0.00477367
150.0,0.8982382594,514.1443704,4.8099e-06,0.00477471
150.0,0.899855448,514.1717351,4.80482e-06,0.00477441
150.0,0.9012432483,515.2708702,4.80398e-06,0.00477585
150.0,0.8990172859,513.4047864,4.80689e-06,0.00477576
Freq,150,Rs,514.66003525625,1.2684780352889748,Ls,0.9005088918874999,0.0013190214680491098
":SOUR:DCS:STAT OFF;:BIAS:STAT OFF;:COMP:BIN:COUN:CLE;:LIST:CLE:ALL;:COMP:BIN:CLE;:AMPL:ALC OFF;:APER MED,4;:BIAS:POL:AUTO OFF;:BIAS:RANG:AUTO ON;:BIAS:VOLT:LEV 0;:COMP:ABIN OFF;:COMP:BIN:COUN:STAT OFF;:COMP:MODE PTOL;:COMP:SLIM -9.9e+037,9.9e+037;:COMP:STAT OFF;:COMP:SWAP OFF;:COMP:TOL:NOM 0;:CURR:LEV 5e-005;:DISP:ENAB ON;:DISP:LINE """";:DISP:WIND:TEXT1:DATA:FMSD:DATA 1e-009;:DISP:WIND:TEXT2:DATA:FMSD:DATA 1e-009;:FORM:ASC:LONG ON;:FORM:BORD NORM;:FORM:DATA ASC,64;:FREQ:CW 150;:FUNC:DEV1:MODE OFF;:FUNC:DEV1:REF:VAL 0;:FUNC:DEV2:MODE OFF;:FUNC:DEV2:REF:VAL 0;:FUNC:IMP:TYPE LSRS;:FUNC:SMON:IDC:STAT OFF;:FUNC:SMON:VDC:STAT OFF;:INIT:CONT OFF;:LIST:MODE SEQ;:LIST:STIM:TYPE FREQ,NONE;:SOUR:DCS:VOLT:LEV 0;:TRIG:DEL 0;:TRIG:SOUR INT;:TRIG:TDEL 0;:DISP:WIND:TEXT1:DATA:FMSD:STAT OFF;:DISP:WIND:TEXT2:DATA:FMSD:STAT OFF;:FUNC:DCR:RANG:VAL 100;:FUNC:IMP:RANG:VAL 300;:OUTP:DC:ISOL:LEV:VAL 0.002;:OUTP:DC:ISOL:STAT OFF;:FUNC:DCR:RANG:AUTO ON;:FUNC:IMP:RANG:AUTO ON;:OUTP:DC:ISOL:LEV:AUTO ON;:DISP:PAGE MEASurement;
"
155.0,0.9539406749,529.7734489,4.50479e-06,0.00480876
155.0,0.9539120386,530.852429,4.50431e-06,0.00480933
155.0,0.9523293051,532.4051423,4.48935e-06,0.0048087
155.0,0.9523747778,531.4288486,4.49364e-06,0.00480894
155.0,0.9537741871,530.5489287,4.49906e-06,0.00480919
155.0,0.9528521962,531.3800358,4.50273e-06,0.00480797
155.0,0.9531237734,531.1283005,4.49597e-06,0.00480881
155.0,0.9539529106,530.7739171,4.49724e-06,0.00480915
155.0,0.9530922229,531.8818827,4.49075e-06,0.00480909
155.0,0.9525845695,530.9240024,4.49841e-06,0.00480874
155.0,0.95399074,531.4016259,4.49677e-06,0.00480923
155.0,0.9536344636,529.62219,4.49679e-06,0.00480918
155.0,0.9545603212,531.2657536,4.50086e-06,0.00480962
155.0,0.9536575357,531.3674596,4.49652e-06,0.00480897
155.0,0.9525316477,530.3718176,4.49904e-06,0.00480941
155.0,0.952717116,528.0656836,4.49341e-06,0.00480917
Freq,155,Rs,530.8244666437499,1.021784398990267,Ls,0.95331428001875,0.0006953736350656524
":SOUR:DCS:STAT OFF;:BIAS:STAT OFF;:COMP:BIN:COUN:CLE;:LIST:CLE:ALL;:COMP:BIN:CLE;:AMPL:ALC OFF;:APER MED,4;:BIAS:POL:AUTO OFF;:BIAS:RANG:AUTO ON;:BIAS:VOLT:LEV 0;:COMP:ABIN OFF;:COMP:BIN:COUN:STAT OFF;:COMP:MODE PTOL;:COMP:SLIM -9.9e+037,9.9e+037;:COMP:STAT OFF;:COMP:SWAP OFF;:COMP:TOL:NOM 0;:CURR:LEV 5e-005;:DISP:ENAB ON;:DISP:LINE """";:DISP:WIND:TEXT1:DATA:FMSD:DATA 1e-009;:DISP:WIND:TEXT2:DATA:FMSD:DATA 1e-009;:FORM:ASC:LONG ON;:FORM:BORD NORM;:FORM:DATA ASC,64;:FREQ:CW 155;:FUNC:DEV1:MODE OFF;:FUNC:DEV1:REF:VAL 0;:FUNC:DEV2:MODE OFF;:FUNC:DEV2:REF:VAL 0;:FUNC:IMP:TYPE LSRS;:FUNC:SMON:IDC:STAT OFF;:FUNC:SMON:VDC:STAT OFF;:INIT:CONT OFF;:LIST:MODE SEQ;:LIST:STIM:TYPE FREQ,NONE;:SOUR:DCS:VOLT:LEV 0;:TRIG:DEL 0;:TRIG:SOUR INT;:TRIG:TDEL 0;:DISP:WIND:TEXT1:DATA:FMSD:STAT OFF;:DISP:WIND:TEXT2:DATA:FMSD:STAT OFF;:FUNC:DCR:RANG:VAL 100;:FUNC:IMP:RANG:VAL 1000;:OUTP:DC:ISOL:LEV:VAL 0.002;:OUTP:DC:ISOL:STAT OFF;:FUNC:DCR:RANG:AUTO ON;:FUNC:IMP:RANG:AUTO ON;:OUTP:DC:ISOL:LEV:AUTO ON;:DISP:PAGE MEASurement;
"
160.0,1.067832154,574.3115991,3.97201e-06,0.00485123
160.0,1.065858415,574.107318,3.99013e-06,0.00485069
160.0,1.069461844,574.6626187,3.97665e-06,0.00485259
160.0,1.065229999,574.2764624,3.98366e-06,0.00485112
160.0,1.067528357,575.6451071,3.98878e-06,0.00485102
160.0,1.068420283,574.3101396,3.98325e-06,0.00485194
160.0,1.067690319,576.1858039,3.98837e-06,0.00485154
160.0,1.069466373,574.5306673,3.9922e-06,0.00485178
160.0,1.064604519,573.189323,3.9867e-06,0.00485163
160.0,1.06814814,577.4195646,3.98318e-06,0.00485153
160.0,1.067032443,572.5934555,3.98446e-06,0.00485146
160.0,1.065731995,574.5140542,3.98596e-06,0.00485154
160.0,1.06903026,574.2398506,3.99046e-06,0.00484968
160.0,1.06814226,576.354243,3.98257e-06,0.00485091
160.0,1.066851388,577.265335,3.97822e-06,0.00485156
160.0,1.071033486,574.0084432,3.98179e-06,0.00485106
Freq,160,Rs,574.850874075,1.3603416303507136,Ls,1.0676288896875001,0.00171465047025489
":SOUR:DCS:STAT OFF;:BIAS:STAT OFF;:COMP:BIN:COUN:CLE;:LIST:CLE:ALL;:COMP:BIN:CLE;:AMPL:ALC OFF;:APER MED,4;:BIAS:POL:AUTO OFF;:BIAS:RANG:AUTO ON;:BIAS:VOLT:LEV 0;:COMP:ABIN OFF;:COMP:BIN:COUN:STAT OFF;:COMP:MODE PTOL;:COMP:SLIM -9.9e+037,9.9e+037;:COMP:STAT OFF;:COMP:SWAP OFF;:COMP:TOL:NOM 0;:CURR:LEV 5e-005;:DISP:ENAB ON;:DISP:LINE """";:DISP:WIND:TEXT1:DATA:FMSD:DATA 1e-009;:DISP:WIND:TEXT2:DATA:FMSD:DATA 1e-009;:FORM:ASC:LONG ON;:FORM:BORD NORM;:FORM:DATA ASC,64;:FREQ:CW 160;:FUNC:DEV1:MODE OFF;:FUNC:DEV1:REF:VAL 0;:FUNC:DEV2:MODE OFF;:FUNC:DEV2:REF:VAL 0;:FUNC:IMP:TYPE LSRS;:FUNC:SMON:IDC:STAT OFF;:FUNC:SMON:VDC:STAT OFF;:INIT:CONT OFF;:LIST:MODE SEQ;:LIST:STIM:TYPE FREQ,NONE;:SOUR:DCS:VOLT:LEV 0;:TRIG:DEL 0;:TRIG:SOUR INT;:TRIG:TDEL 0;:DISP:WIND:TEXT1:DATA:FMSD:STAT OFF;:DISP:WIND:TEXT2:DATA:FMSD:STAT OFF;:FUNC:DCR:RANG:VAL 100;:FUNC:IMP:RANG:VAL 1000;:OUTP:DC:ISOL:LEV:VAL 0.002;:OUTP:DC:ISOL:STAT OFF;:FUNC:DCR:RANG:AUTO ON;:FUNC:IMP:RANG:AUTO ON;:OUTP:DC:ISOL:LEV:AUTO ON;:DISP:PAGE MEASurement;
"
165.0,1.300439317,763.1693501,3.15759e-06,0.00489244
165.0,1.297885793,764.56213,3.15798e-06,0.00489296
165.0,1.303864497,760.5285357,3.159e-06,0.00489192
165.0,1.301995033,765.563423,3.16449e-06,0.00489142
165.0,1.299663455,759.5053923,3.16439e-06,0.00489207
165.0,1.301918559,762.3008885,3.16223e-06,0.00489219
165.0,1.300150535,764.4681255,3.16692e-06,0.00489222
165.0,1.302509418,760.4602627,3.15512e-06,0.00489224
165.0,1.304114046,761.4388709,3.15523e-06,0.00489193
165.0,1.302593498,763.8163685,3.16087e-06,0.00489326
165.0,1.298923324,759.422449,3.15187e-06,0.00489152
165.0,1.301003939,758.4586967,3.1537e-06,0.00489167
165.0,1.300125567,760.6333502,3.14661e-06,0.00489288
165.0,1.305263655,759.6406745,3.15475e-06,0.00489136
165.0,1.303225413,760.3714279,3.16338e-06,0.00489249
165.0,1.30406607,762.2498766,3.15572e-06,0.00489203
Freq,165,Rs,761.6618638812499,2.1399257356020533,Ls,1.3017338824375,0.0020986747966523457
":SOUR:DCS:STAT OFF;:BIAS:STAT OFF;:COMP:BIN:COUN:CLE;:LIST:CLE:ALL;:COMP:BIN:CLE;:AMPL:ALC OFF;:APER MED,4;:BIAS:POL:AUTO OFF;:BIAS:RANG:AUTO ON;:BIAS:VOLT:LEV 0;:COMP:ABIN OFF;:COMP:BIN:COUN:STAT OFF;:COMP:MODE PTOL;:COMP:SLIM -9.9e+037,9.9e+037;:COMP:STAT OFF;:COMP:SWAP OFF;:COMP:TOL:NOM 0;:CURR:LEV 5e-005;:DISP:ENAB ON;:DISP:LINE """";:DISP:WIND:TEXT1:DATA:FMSD:DATA 1e-009;:DISP:WIND:TEXT2:DATA:FMSD:DATA 1e-009;:FORM:ASC:LONG ON;:FORM:BORD NORM;:FORM:DATA ASC,64;:FREQ:CW 165;:FUNC:DEV1:MODE OFF;:FUNC:DEV1:REF:VAL 0;:FUNC:DEV2:MODE OFF;:FUNC:DEV2:REF:VAL 0;:FUNC:IMP:TYPE LSRS;:FUNC:SMON:IDC:STAT OFF;:FUNC:SMON:VDC:STAT OFF;:INIT:CONT OFF;:LIST:MODE SEQ;:LIST:STIM:TYPE FREQ,NONE;:SOUR:DCS:VOLT:LEV 0;:TRIG:DEL 0;:TRIG:SOUR INT;:TRIG:TDEL 0;:DISP:WIND:TEXT1:DATA:FMSD:STAT OFF;:DISP:WIND:TEXT2:DATA:FMSD:STAT OFF;:FUNC:DCR:RANG:VAL 100;:FUNC:IMP:RANG:VAL 1000;:OUTP:DC:ISOL:LEV:VAL 0.002;:OUTP:DC:ISOL:STAT OFF;:FUNC:DCR:RANG:AUTO ON;:FUNC:IMP:RANG:AUTO ON;:OUTP:DC:ISOL:LEV:AUTO ON;:DISP:PAGE MEASurement;
"
170.0,1.660056945,1712.841006,1.9992e-06,0.00491583
170.0,1.654900537,1697.133621,1.99131e-06,0.00491598
170.0,1.667546398,1723.196538,1.99416e-06,0.00491532
170.0,1.662434057,1716.874274,2.00142e-06,0.00491639
170.0,1.653257375,1706.288351,1.9867e-06,0.00491603
170.0,1.660821703,1718.436604,1.98757e-06,0.00491683
170.0,1.657778446,1720.483459,2.00244e-06,0.00491696
170.0,1.652723367,1708.182993,1.99509e-06,0.00491598
170.0,1.652292394,1715.593292,1.99743e-06,0.00491709
170.0,1.649995386,1718.73762,1.99213e-06,0.00491613
170.0,1.659648116,1709.680914,1.99689e-06,0.00491605
170.0,1.66113448,1704.321459,2.00238e-06,0.00491622
170.0,1.650803138,1701.879787,2.00144e-06,0.00491642
170.0,1.659523316,1690.675486,1.99778e-06,0.00491708
170.0,1.653871259,1713.066735,2.00217e-06,0.00491643
170.0,1.664655778,1702.805279,1.99921e-06,0.00491513
Freq,170,Rs,1710.0123386249998,9.068980226242441,Ls,1.6575901684374998,0.005195795615026324
":SOUR:DCS:STAT OFF;:BIAS:STAT OFF;:COMP:BIN:COUN:CLE;:LIST:CLE:ALL;:COMP:BIN:CLE;:AMPL:ALC OFF;:APER MED,4;:BIAS:POL:AUTO OFF;:BIAS:RANG:AUTO ON;:BIAS:VOLT:LEV 0;:COMP:ABIN OFF;:COMP:BIN:COUN:STAT OFF;:COMP:MODE PTOL;:COMP:SLIM -9.9e+037,9.9e+037;:COMP:STAT OFF;:COMP:SWAP OFF;:COMP:TOL:NOM 0;:CURR:LEV 5e-005;:DISP:ENAB ON;:DISP:LINE """";:DISP:WIND:TEXT1:DATA:FMSD:DATA 1e-009;:DISP:WIND:TEXT2:DATA:FMSD:DATA 1e-009;:FORM:ASC:LONG ON;:FORM:BORD NORM;:FORM:DATA ASC,64;:FREQ:CW 170;:FUNC:DEV1:MODE OFF;:FUNC:DEV1:REF:VAL 0;:FUNC:DEV2:MODE OFF;:FUNC:DEV2:REF:VAL 0;:FUNC:IMP:TYPE LSRS;:FUNC:SMON:IDC:STAT OFF;:FUNC:SMON:VDC:STAT OFF;:INIT:CONT OFF;:LIST:MODE SEQ;:LIST:STIM:TYPE FREQ,NONE;:SOUR:DCS:VOLT:LEV 0;:TRIG:DEL 0;:TRIG:SOUR INT;:TRIG:TDEL 0;:DISP:WIND:TEXT1:DATA:FMSD:STAT OFF;:DISP:WIND:TEXT2:DATA:FMSD:STAT OFF;:FUNC:DCR:RANG:VAL 100;:FUNC:IMP:RANG:VAL 1000;:OUTP:DC:ISOL:LEV:VAL 0.002;:OUTP:DC:ISOL:STAT OFF;:FUNC:DCR:RANG:AUTO ON;:FUNC:IMP:RANG:AUTO ON;:OUTP:DC:ISOL:LEV:AUTO ON;:DISP:PAGE MEASurement;
"
172.0,0.8475921605,2717.281224,1.71632e-06,0.0048943
172.0,0.8506732982,2710.649473,1.7185e-06,0.00489479
172.0,0.8348428766,2710.20395,1.70888e-06,0.00489414
172.0,0.8306088062,2708.205864,1.70823e-06,0.00489501
172.0,0.8361530448,2706.59578,1.70723e-06,0.00489592
172.0,0.8231341057,2712.506474,1.71214e-06,0.00489381
172.0,0.8326550465,2710.871162,1.709e-06,0.00489451
172.0,0.8032195916,2715.04168,1.70918e-06,0.00489405
172.0,0.8214637489,2715.333785,1.71529e-06,0.00489435
172.0,0.8397376702,2726.086253,1.71801e-06,0.0048942
172.0,0.8234004403,2718.873021,1.70579e-06,0.00489411
172.0,0.8225585515,2725.08328,1.71213e-06,0.0048938
172.0,0.8219390189,2701.614505,1.72189e-06,0.00489419
172.0,0.8334247247,2713.520718,1.72073e-06,0.00489445
172.0,0.8255936519,2707.005759,1.71265e-06,0.00489532
172.0,0.8366366798,2709.147542,1.71859e-06,0.00489465
Freq,172,Rs,2713.001279375,6.544621600262157,Ls,0.8302270885187499,0.011477215393051623
":SOUR:DCS:STAT OFF;:BIAS:STAT OFF;:COMP:BIN:COUN:CLE;:LIST:CLE:ALL;:COMP:BIN:CLE;:AMPL:ALC OFF;:APER MED,4;:BIAS:POL:AUTO OFF;:BIAS:RANG:AUTO ON;:BIAS:VOLT:LEV 0;:COMP:ABIN OFF;:COMP:BIN:COUN:STAT OFF;:COMP:MODE PTOL;:COMP:SLIM -9.9e+037,9.9e+037;:COMP:STAT OFF;:COMP:SWAP OFF;:COMP:TOL:NOM 0;:CURR:LEV 5e-005;:DISP:ENAB ON;:DISP:LINE """";:DISP:WIND:TEXT1:DATA:FMSD:DATA 1e-009;:DISP:WIND:TEXT2:DATA:FMSD:DATA 1e-009;:FORM:ASC:LONG ON;:FORM:BORD NORM;:FORM:DATA ASC,64;:FREQ:CW 172;:FUNC:DEV1:MODE OFF;:FUNC:DEV1:REF:VAL 0;:FUNC:DEV2:MODE OFF;:FUNC:DEV2:REF:VAL 0;:FUNC:IMP:TYPE LSRS;:FUNC:SMON:IDC:STAT OFF;:FUNC:SMON:VDC:STAT OFF;:INIT:CONT OFF;:LIST:MODE SEQ;:LIST:STIM:TYPE FREQ,NONE;:SOUR:DCS:VOLT:LEV 0;:TRIG:DEL 0;:TRIG:SOUR INT;:TRIG:TDEL 0;:DISP:WIND:TEXT1:DATA:FMSD:STAT OFF;:DISP:WIND:TEXT2:DATA:FMSD:STAT OFF;:FUNC:DCR:RANG:VAL 100;:FUNC:IMP:RANG:VAL 1000;:OUTP:DC:ISOL:LEV:VAL 0.002;:OUTP:DC:ISOL:STAT OFF;:FUNC:DCR:RANG:AUTO ON;:FUNC:IMP:RANG:AUTO ON;:OUTP:DC:ISOL:LEV:AUTO ON;:DISP:PAGE MEASurement;
"
175.0,-0.388536484,1514.981066,3.0214e-06,0.00476546
175.0,-0.3907567215,1520.785267,3.0331e-06,0.00476416
175.0,-0.3866300584,1515.49713,3.0272e-06,0.0047637
175.0,-0.3897773579,1502.76512,3.03059e-06,0.0047655
175.0,-0.3877359354,1517.110962,3.0303e-06,0.00476483
175.0,-0.3875786732,1518.387371,3.02923e-06,0.00476403
175.0,-0.3938994422,1512.842999,3.03486e-06,0.00476407
175.0,-0.3885210129,1512.277241,3.04339e-06,0.00476608
175.0,-0.390981695,1511.301727,3.03407e-06,0.00476514
175.0,-0.3917241516,1504.035636,3.04302e-06,0.00476448
175.0,-0.3924812065,1511.942568,3.03759e-06,0.00476444
175.0,-0.389001095,1503.644145,3.02995e-06,0.0047642
175.0,-0.3875542185,1512.970484,3.04575e-06,0.00476405
175.0,-0.3888809561,1509.700071,3.0432e-06,0.00476325
175.0,-0.3964490207,1504.089952,3.03424e-06,0.00476389
175.0,-0.3857478949,1509.110812,3.05225e-06,0.00476355
Freq,175,Rs,1511.3401594375,5.508855808901423,Ls,-0.3897659952375,0.0028239606691460354
":SOUR:DCS:STAT OFF;:BIAS:STAT OFF;:COMP:BIN:COUN:CLE;:LIST:CLE:ALL;:COMP:BIN:CLE;:AMPL:ALC OFF;:APER MED,4;:BIAS:POL:AUTO OFF;:BIAS:RANG:AUTO ON;:BIAS:VOLT:LEV 0;:COMP:ABIN OFF;:COMP:BIN:COUN:STAT OFF;:COMP:MODE PTOL;:COMP:SLIM -9.9e+037,9.9e+037;:COMP:STAT OFF;:COMP:SWAP OFF;:COMP:TOL:NOM 0;:CURR:LEV 5e-005;:DISP:ENAB ON;:DISP:LINE """";:DISP:WIND:TEXT1:DATA:FMSD:DATA 1e-009;:DISP:WIND:TEXT2:DATA:FMSD:DATA 1e-009;:FORM:ASC:LONG ON;:FORM:BORD NORM;:FORM:DATA ASC,64;:FREQ:CW 175;:FUNC:DEV1:MODE OFF;:FUNC:DEV1:REF:VAL 0;:FUNC:DEV2:MODE OFF;:FUNC:DEV2:REF:VAL 0;:FUNC:IMP:TYPE LSRS;:FUNC:SMON:IDC:STAT OFF;:FUNC:SMON:VDC:STAT OFF;:INIT:CONT OFF;:LIST:MODE SEQ;:LIST:STIM:TYPE FREQ,NONE;:SOUR:DCS:VOLT:LEV 0;:TRIG:DEL 0;:TRIG:SOUR INT;:TRIG:TDEL 0;:DISP:WIND:TEXT1:DATA:FMSD:STAT OFF;:DISP:WIND:TEXT2:DATA:FMSD:STAT OFF;:FUNC:DCR:RANG:VAL 100;:FUNC:IMP:RANG:VAL 1000;:OUTP:DC:ISOL:LEV:VAL 0.002;:OUTP:DC:ISOL:STAT OFF;:FUNC:DCR:RANG:AUTO ON;:FUNC:IMP:RANG:AUTO ON;:OUTP:DC:ISOL:LEV:AUTO ON;:DISP:PAGE MEASurement;
"
180.0,0.03724109299,729.0259641,6.08449e-06,0.00444809
180.0,0.03680876971,730.6877865,6.08175e-06,0.00444909
180.0,0.03499939458,729.6169402,6.08868e-06,0.00444564
180.0,0.03601082507,729.9706251,6.08201e-06,0.00444914
180.0,0.03480777511,730.0664327,6.08762e-06,0.00444785
180.0,0.03459841164,728.8335727,6.09018e-06,0.00444897
180.0,0.0366398419,730.122237,6.07779e-06,0.00444643
180.0,0.03653710287,732.3111026,6.07796e-06,0.00444944
180.0,0.03471229604,730.4603765,6.07106e-06,0.0044482
180.0,0.03445946777,728.317448,6.07595e-06,0.00444753
180.0,0.0353856639,730.1694464,6.08894e-06,0.00444804
180.0,0.03626339026,731.7724199,6.08214e-06,0.00444723
180.0,0.03714339764,730.7503704,6.08157e-06,0.00444726
180.0,0.03680455466,731.129581,6.08982e-06,0.00444706
180.0,0.03648668232,728.5234827,6.07986e-06,0.00444788
180.0,0.03634798853,730.8706754,6.07417e-06,0.00444883
Freq,180,Rs,730.164278825,1.1209816098515395,Ls,0.035952915936874996,0.0009672928457739347
":SOUR:DCS:STAT OFF;:BIAS:STAT OFF;:COMP:BIN:COUN:CLE;:LIST:CLE:ALL;:COMP:BIN:CLE;:AMPL:ALC OFF;:APER MED,4;:BIAS:POL:AUTO OFF;:BIAS:RANG:AUTO ON;:BIAS:VOLT:LEV 0;:COMP:ABIN OFF;:COMP:BIN:COUN:STAT OFF;:COMP:MODE PTOL;:COMP:SLIM -9.9e+037,9.9e+037;:COMP:STAT OFF;:COMP:SWAP OFF;:COMP:TOL:NOM 0;:CURR:LEV 5e-005;:DISP:ENAB ON;:DISP:LINE """";:DISP:WIND:TEXT1:DATA:FMSD:DATA 1e-009;:DISP:WIND:TEXT2:DATA:FMSD:DATA 1e-009;:FORM:ASC:LONG ON;:FORM:BORD NORM;:FORM:DATA ASC,64;:FREQ:CW 180;:FUNC:DEV1:MODE OFF;:FUNC:DEV1:REF:VAL 0;:FUNC:DEV2:MODE OFF;:FUNC:DEV2:REF:VAL 0;:FUNC:IMP:TYPE LSRS;:FUNC:SMON:IDC:STAT OFF;:FUNC:SMON:VDC:STAT OFF;:INIT:CONT OFF;:LIST:MODE SEQ;:LIST:STIM:TYPE FREQ,NONE;:SOUR:DCS:VOLT:LEV 0;:TRIG:DEL 0;:TRIG:SOUR INT;:TRIG:TDEL 0;:DISP:WIND:TEXT1:DATA:FMSD:STAT OFF;:DISP:WIND:TEXT2:DATA:FMSD:STAT OFF;:FUNC:DCR:RANG:VAL 100;:FUNC:IMP:RANG:VAL 300;:OUTP:DC:ISOL:LEV:VAL 0.002;:OUTP:DC:ISOL:STAT OFF;:FUNC:DCR:RANG:AUTO ON;:FUNC:IMP:RANG:AUTO ON;:OUTP:DC:ISOL:LEV:AUTO ON;:DISP:PAGE MEASurement;
"
185.0,0.2438364998,610.0068034,6.61428e-06,0.00444811
185.0,0.2443357995,609.4325074,6.62785e-06,0.00444672
185.0,0.2441551822,608.5556128,6.62277e-06,0.00444688
185.0,0.2443766172,608.658666,6.61875e-06,0.00444682
185.0,0.2442014893,609.9376174,6.62916e-06,0.00444783
185.0,0.2440062788,610.3176061,6.61308e-06,0.00444674
185.0,0.2446982465,608.2243108,6.61719e-06,0.00444713
185.0,0.2436517072,609.4957528,6.62329e-06,0.00444757
185.0,0.2429601046,609.4508472,6.62455e-06,0.00444636
185.0,0.2442891797,609.5337408,6.62036e-06,0.0044483
185.0,0.243985898,609.3454675,6.61801e-06,0.00444755
185.0,0.2443478532,609.5727762,6.62145e-06,0.00444773
185.0,0.2430541616,609.5373653,6.6119e-06,0.00444706
185.0,0.2442201139,608.5673099,6.61695e-06,0.00444815
185.0,0.2445549734,608.4458747,6.61988e-06,0.00444652
185.0,0.2438160437,609.4460841,6.62001e-06,0.00444762
Freq,185,Rs,609.2830214,0.6117382054840914,Ls,0.2440306342875,0.00048380420058348033
":SOUR:DCS:STAT OFF;:BIAS:STAT OFF;:COMP:BIN:COUN:CLE;:LIST:CLE:ALL;:COMP:BIN:CLE;:AMPL:ALC OFF;:APER MED,4;:BIAS:POL:AUTO OFF;:BIAS:RANG:AUTO ON;:BIAS:VOLT:LEV 0;:COMP:ABIN OFF;:COMP:BIN:COUN:STAT OFF;:COMP:MODE PTOL;:COMP:SLIM -9.9e+037,9.9e+037;:COMP:STAT OFF;:COMP:SWAP OFF;:COMP:TOL:NOM 0;:CURR:LEV 5e-005;:DISP:ENAB ON;:DISP:LINE """";:DISP:WIND:TEXT1:DATA:FMSD:DATA 1e-009;:DISP:WIND:TEXT2:DATA:FMSD:DATA 1e-009;:FORM:ASC:LONG ON;:FORM:BORD NORM;:FORM:DATA ASC,64;:FREQ:CW 185;:FUNC:DEV1:MODE OFF;:FUNC:DEV1:REF:VAL 0;:FUNC:DEV2:MODE OFF;:FUNC:DEV2:REF:VAL 0;:FUNC:IMP:TYPE LSRS;:FUNC:SMON:IDC:STAT OFF;:FUNC:SMON:VDC:STAT OFF;:INIT:CONT OFF;:LIST:MODE SEQ;:LIST:STIM:TYPE FREQ,NONE;:SOUR:DCS:VOLT:LEV 0;:TRIG:DEL 0;:TRIG:SOUR INT;:TRIG:TDEL 0;:DISP:WIND:TEXT1:DATA:FMSD:STAT OFF;:DISP:WIND:TEXT2:DATA:FMSD:STAT OFF;:FUNC:DCR:RANG:VAL 100;:FUNC:IMP:RANG:VAL 300;:OUTP:DC:ISOL:LEV:VAL 0.002;:OUTP:DC:ISOL:STAT OFF;:FUNC:DCR:RANG:AUTO ON;:FUNC:IMP:RANG:AUTO ON;:OUTP:DC:ISOL:LEV:AUTO ON;:DISP:PAGE MEASurement;
"
200.0,0.4396898134,562.2286043,5.85778e-06,0.0046156
200.0,0.4399587059,561.807881,5.8502e-06,0.00461625
200.0,0.4399320108,561.8305697,5.85738e-06,0.00461558
200.0,0.4398175821,562.0773388,5.85432e-06,0.00461555
200.0,0.4391308277,561.8801204,5.85649e-06,0.00461615
200.0,0.4390680644,561.9146035,5.86092e-06,0.00461571
200.0,0.4400352047,563.2533613,5.85719e-06,0.0046157
200.0,0.4401221863,561.9539305,5.86117e-06,0.00461513
200.0,0.439283556,562.4373344,5.85815e-06,0.00461587
200.0,0.4400638092,562.4974291,5.86107e-06,0.00461548
200.0,0.4396671838,561.9265362,5.85339e-06,0.00461522
200.0,0.4398532319,562.250981,5.84975e-06,0.00461587
200.0,0.4393922784,562.3427489,5.85718e-06,0.00461514
200.0,0.4397111034,562.2981171,5.85806e-06,0.00461528
200.0,0.4395531345,562.5121546,5.85869e-06,0.00461547
200.0,0.4393972498,562.6656821,5.85841e-06,0.00461606
Freq,200,Rs,562.24233705625,0.3827787250092639,Ls,0.43966724639375,0.00033364733362707346
":SOUR:DCS:STAT OFF;:BIAS:STAT OFF;:COMP:BIN:COUN:CLE;:LIST:CLE:ALL;:COMP:BIN:CLE;:AMPL:ALC OFF;:APER MED,4;:BIAS:POL:AUTO OFF;:BIAS:RANG:AUTO ON;:BIAS:VOLT:LEV 0;:COMP:ABIN OFF;:COMP:BIN:COUN:STAT OFF;:COMP:MODE PTOL;:COMP:SLIM -9.9e+037,9.9e+037;:COMP:STAT OFF;:COMP:SWAP OFF;:COMP:TOL:NOM 0;:CURR:LEV 5e-005;:DISP:ENAB ON;:DISP:LINE """";:DISP:WIND:TEXT1:DATA:FMSD:DATA 1e-009;:DISP:WIND:TEXT2:DATA:FMSD:DATA 1e-009;:FORM:ASC:LONG ON;:FORM:BORD NORM;:FORM:DATA ASC,64;:FREQ:CW 200;:FUNC:DEV1:MODE OFF;:FUNC:DEV1:REF:VAL 0;:FUNC:DEV2:MODE OFF;:FUNC:DEV2:REF:VAL 0;:FUNC:IMP:TYPE LSRS;:FUNC:SMON:IDC:STAT OFF;:FUNC:SMON:VDC:STAT OFF;:INIT:CONT OFF;:LIST:MODE SEQ;:LIST:STIM:TYPE FREQ,NONE;:SOUR:DCS:VOLT:LEV 0;:TRIG:DEL 0;:TRIG:SOUR INT;:TRIG:TDEL 0;:DISP:WIND:TEXT1:DATA:FMSD:STAT OFF;:DISP:WIND:TEXT2:DATA:FMSD:STAT OFF;:FUNC:DCR:RANG:VAL 100;:FUNC:IMP:RANG:VAL 300;:OUTP:DC:ISOL:LEV:VAL 0.002;:OUTP:DC:ISOL:STAT OFF;:FUNC:DCR:RANG:AUTO ON;:FUNC:IMP:RANG:AUTO ON;:OUTP:DC:ISOL:LEV:AUTO ON;:DISP:PAGE MEASurement;
"
220.0,0.5040225094,575.4445003,5.20165e-06,0.00470396
220.0,0.5040173876,575.4834955,5.20135e-06,0.0047044
220.0,0.5044042622,574.7399126,5.2055e-06,0.0047042
220.0,0.5046733594,576.125352,5.20445e-06,0.0047041
220.0,0.5040042112,575.5600545,5.20442e-06,0.00470393
220.0,0.5048045732,575.892616,5.20682e-06,0.00470347
220.0,0.5044278777,574.8109058,5.21166e-06,0.00470433
220.0,0.5038655847,575.071301,5.2052e-06,0.00470284
220.0,0.5045475728,574.4316855,5.20269e-06,0.00470378
220.0,0.5047190064,575.4430157,5.20571e-06,0.00470385
220.0,0.5044101155,574.6219525,5.2076e-06,0.00470481
220.0,0.5039367255,575.1652923,5.20307e-06,0.00470297
220.0,0.5050227646,576.3576953,5.20408e-06,0.00470424
220.0,0.5052018285,575.5594924,5.20133e-06,0.00470369
220.0,0.5046564264,575.581356,5.20732e-06,0.00470373
220.0,0.5044888472,574.9148034,5.1986e-06,0.00470358
Freq,220,Rs,575.325214425,0.5425576666957176,Ls,0.50445019076875,0.000397719805807407
":SOUR:DCS:STAT OFF;:BIAS:STAT OFF;:COMP:BIN:COUN:CLE;:LIST:CLE:ALL;:COMP:BIN:CLE;:AMPL:ALC OFF;:APER MED,4;:BIAS:POL:AUTO OFF;:BIAS:RANG:AUTO ON;:BIAS:VOLT:LEV 0;:COMP:ABIN OFF;:COMP:BIN:COUN:STAT OFF;:COMP:MODE PTOL;:COMP:SLIM -9.9e+037,9.9e+037;:COMP:STAT OFF;:COMP:SWAP OFF;:COMP:TOL:NOM 0;:CURR:LEV 5e-005;:DISP:ENAB ON;:DISP:LINE """";:DISP:WIND:TEXT1:DATA:FMSD:DATA 1e-009;:DISP:WIND:TEXT2:DATA:FMSD:DATA 1e-009;:FORM:ASC:LONG ON;:FORM:BORD NORM;:FORM:DATA ASC,64;:FREQ:CW 220;:FUNC:DEV1:MODE OFF;:FUNC:DEV1:REF:VAL 0;:FUNC:DEV2:MODE OFF;:FUNC:DEV2:REF:VAL 0;:FUNC:IMP:TYPE LSRS;:FUNC:SMON:IDC:STAT OFF;:FUNC:SMON:VDC:STAT OFF;:INIT:CONT OFF;:LIST:MODE SEQ;:LIST:STIM:TYPE FREQ,NONE;:SOUR:DCS:VOLT:LEV 0;:TRIG:DEL 0;:TRIG:SOUR INT;:TRIG:TDEL 0;:DISP:WIND:TEXT1:DATA:FMSD:STAT OFF;:DISP:WIND:TEXT2:DATA:FMSD:STAT OFF;:FUNC:DCR:RANG:VAL 100;:FUNC:IMP:RANG:VAL 300;:OUTP:DC:ISOL:LEV:VAL 0.002;:OUTP:DC:ISOL:STAT OFF;:FUNC:DCR:RANG:AUTO ON;:FUNC:IMP:RANG:AUTO ON;:OUTP:DC:ISOL:LEV:AUTO ON;:DISP:PAGE MEASurement;
"
240.0,0.5246279648,598.0250561,4.78101e-06,0.00474278
240.0,0.5241473105,597.6346931,4.78403e-06,0.00474259
240.0,0.5245781306,597.6252682,4.78151e-06,0.00474309
240.0,0.5241747298,598.0927698,4.78506e-06,0.00474287
240.0,0.5249213641,597.7219178,4.78295e-06,0.00474337
240.0,0.524394935,599.1076302,4.78397e-06,0.00474271
240.0,0.5245974732,597.7395579,4.78184e-06,0.00474333
240.0,0.5249096081,598.8406906,4.78099e-06,0.00474365
240.0,0.5247805157,597.5752939,4.78137e-06,0.00474317
240.0,0.5249229529,597.3594351,4.78126e-06,0.004743
240.0,0.5241643798,598.5755066,4.78279e-06,0.00474325
240.0,0.5241160529,598.3544415,4.77888e-06,0.00474253
240.0,0.5245659259,598.4052069,4.7867e-06,0.00474266
240.0,0.524840986,597.9744806,4.78489e-06,0.00474284
240.0,0.5245491141,598.1235353,4.78504e-06,0.0047437
240.0,0.5245579917,598.2716996,4.78089e-06,0.00474319
Freq,240,Rs,598.0891989500001,0.4855258178562903,Ls,0.52455308969375,0.0002848938180536432
":SOUR:DCS:STAT OFF;:BIAS:STAT OFF;:COMP:BIN:COUN:CLE;:LIST:CLE:ALL;:COMP:BIN:CLE;:AMPL:ALC OFF;:APER MED,4;:BIAS:POL:AUTO OFF;:BIAS:RANG:AUTO ON;:BIAS:VOLT:LEV 0;:COMP:ABIN OFF;:COMP:BIN:COUN:STAT OFF;:COMP:MODE PTOL;:COMP:SLIM -9.9e+037,9.9e+037;:COMP:STAT OFF;:COMP:SWAP OFF;:COMP:TOL:NOM 0;:CURR:LEV 5e-005;:DISP:ENAB ON;:DISP:LINE """";:DISP:WIND:TEXT1:DATA:FMSD:DATA 1e-009;:DISP:WIND:TEXT2:DATA:FMSD:DATA 1e-009;:FORM:ASC:LONG ON;:FORM:BORD NORM;:FORM:DATA ASC,64;:FREQ:CW 240;:FUNC:DEV1:MODE OFF;:FUNC:DEV1:REF:VAL 0;:FUNC:DEV2:MODE OFF;:FUNC:DEV2:REF:VAL 0;:FUNC:IMP:TYPE LSRS;:FUNC:SMON:IDC:STAT OFF;:FUNC:SMON:VDC:STAT OFF;:INIT:CONT OFF;:LIST:MODE SEQ;:LIST:STIM:TYPE FREQ,NONE;:SOUR:DCS:VOLT:LEV 0;:TRIG:DEL 0;:TRIG:SOUR INT;:TRIG:TDEL 0;:DISP:WIND:TEXT1:DATA:FMSD:STAT OFF;:DISP:WIND:TEXT2:DATA:FMSD:STAT OFF;:FUNC:DCR:RANG:VAL 100;:FUNC:IMP:RANG:VAL 300;:OUTP:DC:ISOL:LEV:VAL 0.002;:OUTP:DC:ISOL:STAT OFF;:FUNC:DCR:RANG:AUTO ON;:FUNC:IMP:RANG:AUTO ON;:OUTP:DC:ISOL:LEV:AUTO ON;:DISP:PAGE MEASurement;
"
400.0,0.4761386699,789.9158358,3.38856e-06,0.00485853
400.0,0.4755260722,790.3859078,3.38933e-06,0.00485878
400.0,0.4760454479,790.438258,3.39157e-06,0.00485847
400.0,0.4759108012,790.0143734,3.38841e-06,0.004858
400.0,0.4763399554,789.981595,3.38783e-06,0.00485819
400.0,0.4758428396,789.4485165,3.38816e-06,0.00485835
400.0,0.4758567133,789.2974958,3.39159e-06,0.00485781
400.0,0.4760539024,789.0920922,3.38758e-06,0.00485825
400.0,0.4760979286,789.6952129,3.38777e-06,0.00485821
400.0,0.4765490246,790.5231848,3.39102e-06,0.00485835
400.0,0.476210511,790.4083489,3.38721e-06,0.00485812
400.0,0.475886083,788.9936026,3.39356e-06,0.00485804
400.0,0.4755946406,789.3933753,3.39099e-06,0.00485781
400.0,0.4757088436,789.8974491,3.39124e-06,0.00485871
400.0,0.4754779033,790.220516,3.39328e-06,0.00485803
400.0,0.4758751419,790.1650117,3.39364e-06,0.00485806
Freq,400,Rs,789.8669234874999,0.49583500907541717,Ls,0.47594465490625004,0.0002914478762029841
":SOUR:DCS:STAT OFF;:BIAS:STAT OFF;:COMP:BIN:COUN:CLE;:LIST:CLE:ALL;:COMP:BIN:CLE;:AMPL:ALC OFF;:APER MED,4;:BIAS:POL:AUTO OFF;:BIAS:RANG:AUTO ON;:BIAS:VOLT:LEV 0;:COMP:ABIN OFF;:COMP:BIN:COUN:STAT OFF;:COMP:MODE PTOL;:COMP:SLIM -9.9e+037,9.9e+037;:COMP:STAT OFF;:COMP:SWAP OFF;:COMP:TOL:NOM 0;:CURR:LEV 5e-005;:DISP:ENAB ON;:DISP:LINE """";:DISP:WIND:TEXT1:DATA:FMSD:DATA 1e-009;:DISP:WIND:TEXT2:DATA:FMSD:DATA 1e-009;:FORM:ASC:LONG ON;:FORM:BORD NORM;:FORM:DATA ASC,64;:FREQ:CW 400;:FUNC:DEV1:MODE OFF;:FUNC:DEV1:REF:VAL 0;:FUNC:DEV2:MODE OFF;:FUNC:DEV2:REF:VAL 0;:FUNC:IMP:TYPE LSRS;:FUNC:SMON:IDC:STAT OFF;:FUNC:SMON:VDC:STAT OFF;:INIT:CONT OFF;:LIST:MODE SEQ;:LIST:STIM:TYPE FREQ,NONE;:SOUR:DCS:VOLT:LEV 0;:TRIG:DEL 0;:TRIG:SOUR INT;:TRIG:TDEL 0;:DISP:WIND:TEXT1:DATA:FMSD:STAT OFF;:DISP:WIND:TEXT2:DATA:FMSD:STAT OFF;:FUNC:DCR:RANG:VAL 100;:FUNC:IMP:RANG:VAL 1000;:OUTP:DC:ISOL:LEV:VAL 0.002;:OUTP:DC:ISOL:STAT OFF;:FUNC:DCR:RANG:AUTO ON;:FUNC:IMP:RANG:AUTO ON;:OUTP:DC:ISOL:LEV:AUTO ON;:DISP:PAGE MEASurement;
"
800.0,0.4076754542,1189.006833,2.07688e-06,0.00492069
800.0,0.4077380065,1189.178406,2.07688e-06,0.00492065
800.0,0.4076918072,1189.527261,2.07669e-06,0.00492053
800.0,0.4077784155,1189.028739,2.0765e-06,0.00492054
800.0,0.4076542234,1189.273574,2.0768e-06,0.00492065
800.0,0.4077358316,1188.852981,2.07733e-06,0.0049204
800.0,0.4076342273,1189.175003,2.07689e-06,0.00492037
800.0,0.407697084,1188.919286,2.07682e-06,0.00492068
800.0,0.4077476864,1189.231254,2.07687e-06,0.00492064
800.0,0.4076867045,1189.651438,2.07714e-06,0.00492067
800.0,0.407617766,1189.220849,2.077e-06,0.00492063
800.0,0.4077645578,1189.124984,2.07674e-06,0.00492072
800.0,0.4077520414,1189.091138,2.07676e-06,0.00492043
800.0,0.4076369595,1189.207349,2.07662e-06,0.00492073
800.0,0.4076734607,1189.659813,2.07689e-06,0.00492053
800.0,0.4077387737,1189.427502,2.07673e-06,0.0049208
Freq,800,Rs,1189.223525625,0.23896169586187585,Ls,0.40770143748125,5.0474444143757964e-05
":SOUR:DCS:STAT OFF;:BIAS:STAT OFF;:COMP:BIN:COUN:CLE;:LIST:CLE:ALL;:COMP:BIN:CLE;:AMPL:ALC OFF;:APER MED,4;:BIAS:POL:AUTO OFF;:BIAS:RANG:AUTO ON;:BIAS:VOLT:LEV 0;:COMP:ABIN OFF;:COMP:BIN:COUN:STAT OFF;:COMP:MODE PTOL;:COMP:SLIM -9.9e+037,9.9e+037;:COMP:STAT OFF;:COMP:SWAP OFF;:COMP:TOL:NOM 0;:CURR:LEV 5e-005;:DISP:ENAB ON;:DISP:LINE """";:DISP:WIND:TEXT1:DATA:FMSD:DATA 1e-009;:DISP:WIND:TEXT2:DATA:FMSD:DATA 1e-009;:FORM:ASC:LONG ON;:FORM:BORD NORM;:FORM:DATA ASC,64;:FREQ:CW 800;:FUNC:DEV1:MODE OFF;:FUNC:DEV1:REF:VAL 0;:FUNC:DEV2:MODE OFF;:FUNC:DEV2:REF:VAL 0;:FUNC:IMP:TYPE LSRS;:FUNC:SMON:IDC:STAT OFF;:FUNC:SMON:VDC:STAT OFF;:INIT:CONT OFF;:LIST:MODE SEQ;:LIST:STIM:TYPE FREQ,NONE;:SOUR:DCS:VOLT:LEV 0;:TRIG:DEL 0;:TRIG:SOUR INT;:TRIG:TDEL 0;:DISP:WIND:TEXT1:DATA:FMSD:STAT OFF;:DISP:WIND:TEXT2:DATA:FMSD:STAT OFF;:FUNC:DCR:RANG:VAL 100;:FUNC:IMP:RANG:VAL 1000;:OUTP:DC:ISOL:LEV:VAL 0.002;:OUTP:DC:ISOL:STAT OFF;:FUNC:DCR:RANG:AUTO ON;:FUNC:IMP:RANG:AUTO ON;:OUTP:DC:ISOL:LEV:AUTO ON;:DISP:PAGE MEASurement;
"
1000.0,0.3846980078,1373.109803,1.77037e-06,0.00492107
1000.0,0.3846543027,1373.13676,1.77027e-06,0.00492097
1000.0,0.3846380863,1373.655932,1.77022e-06,0.0049209
1000.0,0.3845557675,1373.227635,1.77006e-06,0.00492108
1000.0,0.3845830253,1372.945302,1.76998e-06,0.00492115
1000.0,0.3845969739,1373.072147,1.77016e-06,0.00492098
1000.0,0.3845957866,1373.188795,1.77009e-06,0.00492102
1000.0,0.3846951101,1373.293029,1.77025e-06,0.00492085
1000.0,0.3845832392,1372.959025,1.77014e-06,0.00492093
1000.0,0.3846206442,1373.240801,1.77014e-06,0.00492089
1000.0,0.3846582195,1373.306419,1.77035e-06,0.00492084
1000.0,0.3846767328,1373.07488,1.77015e-06,0.004921
1000.0,0.3846867455,1373.261201,1.77023e-06,0.0049209
1000.0,0.3845908156,1373.753995,1.77033e-06,0.00492096
1000.0,0.3845628939,1373.45628,1.77026e-06,0.00492089
1000.0,0.3846568269,1373.616769,1.7703e-06,0.00492108
Freq,1000,Rs,1373.2686733125001,0.2411167151284831,Ls,0.3846283236125,4.808781963238097e-05
":SOUR:DCS:STAT OFF;:BIAS:STAT OFF;:COMP:BIN:COUN:CLE;:LIST:CLE:ALL;:COMP:BIN:CLE;:AMPL:ALC OFF;:APER MED,4;:BIAS:POL:AUTO OFF;:BIAS:RANG:AUTO ON;:BIAS:VOLT:LEV 0;:COMP:ABIN OFF;:COMP:BIN:COUN:STAT OFF;:COMP:MODE PTOL;:COMP:SLIM -9.9e+037,9.9e+037;:COMP:STAT OFF;:COMP:SWAP OFF;:COMP:TOL:NOM 0;:CURR:LEV 5e-005;:DISP:ENAB ON;:DISP:LINE """";:DISP:WIND:TEXT1:DATA:FMSD:DATA 1e-009;:DISP:WIND:TEXT2:DATA:FMSD:DATA 1e-009;:FORM:ASC:LONG ON;:FORM:BORD NORM;:FORM:DATA ASC,64;:FREQ:CW 1000;:FUNC:DEV1:MODE OFF;:FUNC:DEV1:REF:VAL 0;:FUNC:DEV2:MODE OFF;:FUNC:DEV2:REF:VAL 0;:FUNC:IMP:TYPE LSRS;:FUNC:SMON:IDC:STAT OFF;:FUNC:SMON:VDC:STAT OFF;:INIT:CONT OFF;:LIST:MODE SEQ;:LIST:STIM:TYPE FREQ,NONE;:SOUR:DCS:VOLT:LEV 0;:TRIG:DEL 0;:TRIG:SOUR INT;:TRIG:TDEL 0;:DISP:WIND:TEXT1:DATA:FMSD:STAT OFF;:DISP:WIND:TEXT2:DATA:FMSD:STAT OFF;:FUNC:DCR:RANG:VAL 100;:FUNC:IMP:RANG:VAL 1000;:OUTP:DC:ISOL:LEV:VAL 0.002;:OUTP:DC:ISOL:STAT OFF;:FUNC:DCR:RANG:AUTO ON;:FUNC:IMP:RANG:AUTO ON;:OUTP:DC:ISOL:LEV:AUTO ON;:DISP:PAGE MEASurement;
"
2000.0,0.3190361916,2198.665808,1.10011e-06,0.00503054
2000.0,0.3190699133,2199.024868,1.10006e-06,0.00503032
2000.0,0.3190393714,2198.718315,1.10007e-06,0.00503041
2000.0,0.3190483432,2198.795598,1.10013e-06,0.00503054
2000.0,0.3190446314,2198.560358,1.10009e-06,0.00503034
2000.0,0.3190859086,2198.679642,1.10007e-06,0.00503029
2000.0,0.3190715546,2198.605916,1.10007e-06,0.00503055
2000.0,0.3190675248,2198.870923,1.10007e-06,0.00503045
2000.0,0.3190345103,2198.744193,1.1e-06,0.0050304
2000.0,0.319040784,2198.809319,1.10015e-06,0.00503031
2000.0,0.3190687984,2199.155679,1.10008e-06,0.0050306
2000.0,0.3190531352,2198.330986,1.1001e-06,0.00503031
2000.0,0.319085779,2198.66091,1.10005e-06,0.00503042
2000.0,0.3190709248,2198.845693,1.10016e-06,0.00503052
2000.0,0.3190545166,2198.830114,1.10011e-06,0.00503046
2000.0,0.3190974309,2198.793783,1.10014e-06,0.0050305
Freq,2000,Rs,2198.7557565625,0.18808164130182745,Ls,0.31906058238125,1.945465241896728e-05
":SOUR:DCS:STAT OFF;:BIAS:STAT OFF;:COMP:BIN:COUN:CLE;:LIST:CLE:ALL;:COMP:BIN:CLE;:AMPL:ALC OFF;:APER MED,4;:BIAS:POL:AUTO OFF;:BIAS:RANG:AUTO ON;:BIAS:VOLT:LEV 0;:COMP:ABIN OFF;:COMP:BIN:COUN:STAT OFF;:COMP:MODE PTOL;:COMP:SLIM -9.9e+037,9.9e+037;:COMP:STAT OFF;:COMP:SWAP OFF;:COMP:TOL:NOM 0;:CURR:LEV 5e-005;:DISP:ENAB ON;:DISP:LINE """";:DISP:WIND:TEXT1:DATA:FMSD:DATA 1e-009;:DISP:WIND:TEXT2:DATA:FMSD:DATA 1e-009;:FORM:ASC:LONG ON;:FORM:BORD NORM;:FORM:DATA ASC,64;:FREQ:CW 2000;:FUNC:DEV1:MODE OFF;:FUNC:DEV1:REF:VAL 0;:FUNC:DEV2:MODE OFF;:FUNC:DEV2:REF:VAL 0;:FUNC:IMP:TYPE LSRS;:FUNC:SMON:IDC:STAT OFF;:FUNC:SMON:VDC:STAT OFF;:INIT:CONT OFF;:LIST:MODE SEQ;:LIST:STIM:TYPE FREQ,NONE;:SOUR:DCS:VOLT:LEV 0;:TRIG:DEL 0;:TRIG:SOUR INT;:TRIG:TDEL 0;:DISP:WIND:TEXT1:DATA:FMSD:STAT OFF;:DISP:WIND:TEXT2:DATA:FMSD:STAT OFF;:FUNC:DCR:RANG:VAL 100;:FUNC:IMP:RANG:VAL 3000;:OUTP:DC:ISOL:LEV:VAL 0.0002;:OUTP:DC:ISOL:STAT OFF;:FUNC:DCR:RANG:AUTO ON;:FUNC:IMP:RANG:AUTO ON;:OUTP:DC:ISOL:LEV:AUTO ON;:DISP:PAGE MEASurement;
"
3000.0,0.2850494068,2988.824017,8.15827e-07,0.00501613
3000.0,0.2850600353,2988.494412,8.15849e-07,0.0050161
3000.0,0.2850669602,2989.004326,8.15842e-07,0.00501623
3000.0,0.2850661959,2989.10367,8.15772e-07,0.00501604
3000.0,0.2850609713,2988.182919,8.15766e-07,0.00501612
3000.0,0.285064677,2988.400735,8.15774e-07,0.00501606
3000.0,0.2850875068,2988.927095,8.15838e-07,0.00501616
3000.0,0.2850793653,2988.115013,8.15807e-07,0.00501613
3000.0,0.2850520069,2989.149249,8.15798e-07,0.00501601
3000.0,0.2850849952,2988.990047,8.15768e-07,0.00501617
3000.0,0.2850696781,2988.721569,8.15807e-07,0.00501616
3000.0,0.2850536497,2988.68686,8.15774e-07,0.005016
3000.0,0.2850497288,2988.92,8.15809e-07,0.00501603
3000.0,0.2850710698,2988.423435,8.15808e-07,0.00501613
3000.0,0.2850817598,2988.889188,8.15753e-07,0.0050161
3000.0,0.2850715489,2988.508004,8.15752e-07,0.0050161
Freq,3000,Rs,2988.7087836875003,0.32112539344078106,Ls,0.2850668472375,1.2277074470131308e-05
":SOUR:DCS:STAT OFF;:BIAS:STAT OFF;:COMP:BIN:COUN:CLE;:LIST:CLE:ALL;:COMP:BIN:CLE;:AMPL:ALC OFF;:APER MED,4;:BIAS:POL:AUTO OFF;:BIAS:RANG:AUTO ON;:BIAS:VOLT:LEV 0;:COMP:ABIN OFF;:COMP:BIN:COUN:STAT OFF;:COMP:MODE PTOL;:COMP:SLIM -9.9e+037,9.9e+037;:COMP:STAT OFF;:COMP:SWAP OFF;:COMP:TOL:NOM 0;:CURR:LEV 5e-005;:DISP:ENAB ON;:DISP:LINE """";:DISP:WIND:TEXT1:DATA:FMSD:DATA 1e-009;:DISP:WIND:TEXT2:DATA:FMSD:DATA 1e-009;:FORM:ASC:LONG ON;:FORM:BORD NORM;:FORM:DATA ASC,64;:FREQ:CW 3000;:FUNC:DEV1:MODE OFF;:FUNC:DEV1:REF:VAL 0;:FUNC:DEV2:MODE OFF;:FUNC:DEV2:REF:VAL 0;:FUNC:IMP:TYPE LSRS;:FUNC:SMON:IDC:STAT OFF;:FUNC:SMON:VDC:STAT OFF;:INIT:CONT OFF;:LIST:MODE SEQ;:LIST:STIM:TYPE FREQ,NONE;:SOUR:DCS:VOLT:LEV 0;:TRIG:DEL 0;:TRIG:SOUR INT;:TRIG:TDEL 0;:DISP:WIND:TEXT1:DATA:FMSD:STAT OFF;:DISP:WIND:TEXT2:DATA:FMSD:STAT OFF;:FUNC:DCR:RANG:VAL 100;:FUNC:IMP:RANG:VAL 3000;:OUTP:DC:ISOL:LEV:VAL 0.0002;:OUTP:DC:ISOL:STAT OFF;:FUNC:DCR:RANG:AUTO ON;:FUNC:IMP:RANG:AUTO ON;:OUTP:DC:ISOL:LEV:AUTO ON;:DISP:PAGE MEASurement;
"
4000.0,0.2694976588,3785.963446,6.47814e-07,0.00502682
4000.0,0.2694956386,3785.244391,6.47882e-07,0.00502698
4000.0,0.2695073413,3785.648721,6.47886e-07,0.00502703
4000.0,0.2694853445,3786.013486,6.47888e-07,0.00502703
4000.0,0.2695218241,3785.415276,6.4784e-07,0.00502679
4000.0,0.2695046224,3785.580397,6.47827e-07,0.00502709
4000.0,0.2694850031,3786.21092,6.47803e-07,0.00502703
4000.0,0.2695015242,3785.683798,6.4788e-07,0.00502725
4000.0,0.2694981172,3785.368311,6.47896e-07,0.00502695
4000.0,0.2695224684,3786.405975,6.47854e-07,0.00502706
4000.0,0.2694904971,3785.912758,6.4783e-07,0.00502687
4000.0,0.2695067064,3785.511156,6.47839e-07,0.00502694
4000.0,0.2694969918,3785.455583,6.47862e-07,0.00502712
4000.0,0.2694929849,3785.764682,6.47849e-07,0.00502706
4000.0,0.269474897,3785.707781,6.47861e-07,0.00502679
4000.0,0.2695206927,3786.92804,6.47812e-07,0.00502685
Freq,4000,Rs,3785.8009200625,0.4345891191613837,Ls,0.26950014453125004,1.3608819355975665e-05
":SOUR:DCS:STAT OFF;:BIAS:STAT OFF;:COMP:BIN:COUN:CLE;:LIST:CLE:ALL;:COMP:BIN:CLE;:AMPL:ALC OFF;:APER MED,4;:BIAS:POL:AUTO OFF;:BIAS:RANG:AUTO ON;:BIAS:VOLT:LEV 0;:COMP:ABIN OFF;:COMP:BIN:COUN:STAT OFF;:COMP:MODE PTOL;:COMP:SLIM -9.9e+037,9.9e+037;:COMP:STAT OFF;:COMP:SWAP OFF;:COMP:TOL:NOM 0;:CURR:LEV 5e-005;:DISP:ENAB ON;:DISP:LINE """";:DISP:WIND:TEXT1:DATA:FMSD:DATA 1e-009;:DISP:WIND:TEXT2:DATA:FMSD:DATA 1e-009;:FORM:ASC:LONG ON;:FORM:BORD NORM;:FORM:DATA ASC,64;:FREQ:CW 4000;:FUNC:DEV1:MODE OFF;:FUNC:DEV1:REF:VAL 0;:FUNC:DEV2:MODE OFF;:FUNC:DEV2:REF:VAL 0;:FUNC:IMP:TYPE LSRS;:FUNC:SMON:IDC:STAT OFF;:FUNC:SMON:VDC:STAT OFF;:INIT:CONT OFF;:LIST:MODE SEQ;:LIST:STIM:TYPE FREQ,NONE;:SOUR:DCS:VOLT:LEV 0;:TRIG:DEL 0;:TRIG:SOUR INT;:TRIG:TDEL 0;:DISP:WIND:TEXT1:DATA:FMSD:STAT OFF;:DISP:WIND:TEXT2:DATA:FMSD:STAT OFF;:FUNC:DCR:RANG:VAL 100;:FUNC:IMP:RANG:VAL 3000;:OUTP:DC:ISOL:LEV:VAL 0.0002;:OUTP:DC:ISOL:STAT OFF;:FUNC:DCR:RANG:AUTO ON;:FUNC:IMP:RANG:AUTO ON;:OUTP:DC:ISOL:LEV:AUTO ON;:DISP:PAGE MEASurement;
"
5000.0,0.2595474014,4687.517758,5.34562e-07,0.0050275
5000.0,0.2595159256,4687.958678,5.34554e-07,0.00502733
5000.0,0.2595646511,4688.322574,5.34532e-07,0.00502754
5000.0,0.2595348375,4687.670301,5.34532e-07,0.00502757
5000.0,0.2595491827,4688.041303,5.34547e-07,0.0050273
5000.0,0.2595355118,4688.505664,5.34564e-07,0.00502749
5000.0,0.2595374048,4687.818013,5.34547e-07,0.00502749
5000.0,0.2595421924,4688.122483,5.3453e-07,0.00502724
5000.0,0.2595362801,4687.514977,5.34532e-07,0.00502742
5000.0,0.2595314008,4688.227269,5.34568e-07,0.00502757
5000.0,0.25952236,4687.275988,5.34544e-07,0.00502756
5000.0,0.2595416072,4687.358872,5.3454e-07,0.00502748
5000.0,0.2595080792,4687.741155,5.34549e-07,0.00502768
5000.0,0.2595231801,4688.276519,5.34555e-07,0.00502769
5000.0,0.259538951,4688.164302,5.34549e-07,0.00502732
5000.0,0.2595433498,4688.142975,5.34522e-07,0.00502766
Freq,5000,Rs,4687.9161769375,0.3699693893834177,Ls,0.25953576971875003,1.3696893518906046e-05
":SOUR:DCS:STAT OFF;:BIAS:STAT OFF;:COMP:BIN:COUN:CLE;:LIST:CLE:ALL;:COMP:BIN:CLE;:AMPL:ALC OFF;:APER MED,4;:BIAS:POL:AUTO OFF;:BIAS:RANG:AUTO ON;:BIAS:VOLT:LEV 0;:COMP:ABIN OFF;:COMP:BIN:COUN:STAT OFF;:COMP:MODE PTOL;:COMP:SLIM -9.9e+037,9.9e+037;:COMP:STAT OFF;:COMP:SWAP OFF;:COMP:TOL:NOM 0;:CURR:LEV 5e-005;:DISP:ENAB ON;:DISP:LINE """";:DISP:WIND:TEXT1:DATA:FMSD:DATA 1e-009;:DISP:WIND:TEXT2:DATA:FMSD:DATA 1e-009;:FORM:ASC:LONG ON;:FORM:BORD NORM;:FORM:DATA ASC,64;:FREQ:CW 5000;:FUNC:DEV1:MODE OFF;:FUNC:DEV1:REF:VAL 0;:FUNC:DEV2:MODE OFF;:FUNC:DEV2:REF:VAL 0;:FUNC:IMP:TYPE LSRS;:FUNC:SMON:IDC:STAT OFF;:FUNC:SMON:VDC:STAT OFF;:INIT:CONT OFF;:LIST:MODE SEQ;:LIST:STIM:TYPE FREQ,NONE;:SOUR:DCS:VOLT:LEV 0;:TRIG:DEL 0;:TRIG:SOUR INT;:TRIG:TDEL 0;:DISP:WIND:TEXT1:DATA:FMSD:STAT OFF;:DISP:WIND:TEXT2:DATA:FMSD:STAT OFF;:FUNC:DCR:RANG:VAL 100;:FUNC:IMP:RANG:VAL 3000;:OUTP:DC:ISOL:LEV:VAL 0.0002;:OUTP:DC:ISOL:STAT OFF;:FUNC:DCR:RANG:AUTO ON;:FUNC:IMP:RANG:AUTO ON;:OUTP:DC:ISOL:LEV:AUTO ON;:DISP:PAGE MEASurement;
"
6000.0,0.2535935003,5731.760218,4.51532e-07,0.00503296
6000.0,0.2535733023,5732.038332,4.51516e-07,0.00503301
6000.0,0.2536113372,5731.63598,4.51513e-07,0.00503284
6000.0,0.2536051705,5731.858198,4.51516e-07,0.00503282
6000.0,0.2535825509,5732.022369,4.51523e-07,0.00503304
6000.0,0.2536058601,5731.699262,4.51522e-07,0.00503305
6000.0,0.2536090028,5731.877396,4.51506e-07,0.00503288
6000.0,0.2535911996,5731.441456,4.51522e-07,0.00503286
6000.0,0.2535941187,5732.659909,4.51501e-07,0.00503289
6000.0,0.2536018277,5731.674419,4.51517e-07,0.00503283
6000.0,0.2535952894,5731.907267,4.51503e-07,0.00503314
6000.0,0.2536038563,5731.626336,4.51521e-07,0.00503296
6000.0,0.2536158056,5732.36422,4.51533e-07,0.0050331
6000.0,0.2536003195,5731.753628,4.5151e-07,0.00503288
6000.0,0.2535901941,5731.231278,4.51518e-07,0.00503279
6000.0,0.2535892681,5731.880071,4.5153e-07,0.00503293
Freq,6000,Rs,5731.8393961875,0.3371657891515361,Ls,0.25359766269375,1.112480760957236e-05
":SOUR:DCS:STAT OFF;:BIAS:STAT OFF;:COMP:BIN:COUN:CLE;:LIST:CLE:ALL;:COMP:BIN:CLE;:AMPL:ALC OFF;:APER MED,4;:BIAS:POL:AUTO OFF;:BIAS:RANG:AUTO ON;:BIAS:VOLT:LEV 0;:COMP:ABIN OFF;:COMP:BIN:COUN:STAT OFF;:COMP:MODE PTOL;:COMP:SLIM -9.9e+037,9.9e+037;:COMP:STAT OFF;:COMP:SWAP OFF;:COMP:TOL:NOM 0;:CURR:LEV 5e-005;:DISP:ENAB ON;:DISP:LINE """";:DISP:WIND:TEXT1:DATA:FMSD:DATA 1e-009;:DISP:WIND:TEXT2:DATA:FMSD:DATA 1e-009;:FORM:ASC:LONG ON;:FORM:BORD NORM;:FORM:DATA ASC,64;:FREQ:CW 6000;:FUNC:DEV1:MODE OFF;:FUNC:DEV1:REF:VAL 0;:FUNC:DEV2:MODE OFF;:FUNC:DEV2:REF:VAL 0;:FUNC:IMP:TYPE LSRS;:FUNC:SMON:IDC:STAT OFF;:FUNC:SMON:VDC:STAT OFF;:INIT:CONT OFF;:LIST:MODE SEQ;:LIST:STIM:TYPE FREQ,NONE;:SOUR:DCS:VOLT:LEV 0;:TRIG:DEL 0;:TRIG:SOUR INT;:TRIG:TDEL 0;:DISP:WIND:TEXT1:DATA:FMSD:STAT OFF;:DISP:WIND:TEXT2:DATA:FMSD:STAT OFF;:FUNC:DCR:RANG:VAL 100;:FUNC:IMP:RANG:VAL 10000;:OUTP:DC:ISOL:LEV:VAL 0.0002;:OUTP:DC:ISOL:STAT OFF;:FUNC:DCR:RANG:AUTO ON;:FUNC:IMP:RANG:AUTO ON;:OUTP:DC:ISOL:LEV:AUTO ON;:DISP:PAGE MEASurement;
"
7000.0,0.2510675202,6970.983062,3.85652e-07,0.00503625
7000.0,0.2510550962,6970.078709,3.85682e-07,0.00503626
7000.0,0.2510467227,6971.018393,3.8569e-07,0.00503618
7000.0,0.2510810943,6971.660537,3.85667e-07,0.00503632
7000.0,0.2510629835,6971.142841,3.85671e-07,0.00503644
7000.0,0.2510531982,6969.678404,3.85697e-07,0.00503609
7000.0,0.2510457318,6970.961397,3.85671e-07,0.00503634
7000.0,0.2510635422,6971.000947,3.85662e-07,0.00503637
7000.0,0.2510605526,6971.766362,3.85659e-07,0.00503631
7000.0,0.2510611289,6972.024988,3.8565e-07,0.00503612
7000.0,0.2510605572,6971.696899,3.85676e-07,0.00503621
7000.0,0.251041947,6970.891551,3.85666e-07,0.00503623
7000.0,0.2510587414,6970.207456,3.85673e-07,0.00503622
7000.0,0.2510549284,6971.395042,3.85676e-07,0.00503644
7000.0,0.2510749674,6971.484938,3.85659e-07,0.00503631
7000.0,0.2510426215,6970.856575,3.85694e-07,0.0050363
Freq,7000,Rs,6971.0530063125,0.642107345064025,Ls,0.25105820834375003,1.0963370504483405e-05
":SOUR:DCS:STAT OFF;:BIAS:STAT OFF;:COMP:BIN:COUN:CLE;:LIST:CLE:ALL;:COMP:BIN:CLE;:AMPL:ALC OFF;:APER MED,4;:BIAS:POL:AUTO OFF;:BIAS:RANG:AUTO ON;:BIAS:VOLT:LEV 0;:COMP:ABIN OFF;:COMP:BIN:COUN:STAT OFF;:COMP:MODE PTOL;:COMP:SLIM -9.9e+037,9.9e+037;:COMP:STAT OFF;:COMP:SWAP OFF;:COMP:TOL:NOM 0;:CURR:LEV 5e-005;:DISP:ENAB ON;:DISP:LINE """";:DISP:WIND:TEXT1:DATA:FMSD:DATA 1e-009;:DISP:WIND:TEXT2:DATA:FMSD:DATA 1e-009;:FORM:ASC:LONG ON;:FORM:BORD NORM;:FORM:DATA ASC,64;:FREQ:CW 7000;:FUNC:DEV1:MODE OFF;:FUNC:DEV1:REF:VAL 0;:FUNC:DEV2:MODE OFF;:FUNC:DEV2:REF:VAL 0;:FUNC:IMP:TYPE LSRS;:FUNC:SMON:IDC:STAT OFF;:FUNC:SMON:VDC:STAT OFF;:INIT:CONT OFF;:LIST:MODE SEQ;:LIST:STIM:TYPE FREQ,NONE;:SOUR:DCS:VOLT:LEV 0;:TRIG:DEL 0;:TRIG:SOUR INT;:TRIG:TDEL 0;:DISP:WIND:TEXT1:DATA:FMSD:STAT OFF;:DISP:WIND:TEXT2:DATA:FMSD:STAT OFF;:FUNC:DCR:RANG:VAL 100;:FUNC:IMP:RANG:VAL 10000;:OUTP:DC:ISOL:LEV:VAL 0.0002;:OUTP:DC:ISOL:STAT OFF;:FUNC:DCR:RANG:AUTO ON;:FUNC:IMP:RANG:AUTO ON;:OUTP:DC:ISOL:LEV:AUTO ON;:DISP:PAGE MEASurement;
"
8000.0,0.2506141143,8498.15397,3.31545e-07,0.00503839
8000.0,0.2506407988,8497.831731,3.31553e-07,0.00503822
8000.0,0.2506552485,8498.668484,3.31539e-07,0.00503827
8000.0,0.2506198261,8497.798111,3.3154e-07,0.0050385
8000.0,0.2506442571,8499.532198,3.31552e-07,0.005038
8000.0,0.2506383884,8499.421733,3.31546e-07,0.00503851
8000.0,0.2506034615,8499.138072,3.31534e-07,0.00503823
8000.0,0.2506356116,8499.719526,3.31551e-07,0.00503847
8000.0,0.2506335757,8498.997341,3.31559e-07,0.0050382
8000.0,0.2506346921,8498.511372,3.31554e-07,0.00503835
8000.0,0.2506273912,8498.771945,3.31535e-07,0.00503824
8000.0,0.2506281862,8498.949116,3.3155e-07,0.005038
8000.0,0.2506430008,8498.799085,3.31538e-07,0.00503822
8000.0,0.2506268741,8499.4996,3.31557e-07,0.00503852
8000.0,0.2506259747,8498.80379,3.31558e-07,0.00503832
8000.0,0.2506363644,8498.399055,3.31544e-07,0.00503804
Freq,8000,Rs,8498.812195562501,0.5803199705778486,Ls,0.25063173534375,1.2520894174558777e-05
":SOUR:DCS:STAT OFF;:BIAS:STAT OFF;:COMP:BIN:COUN:CLE;:LIST:CLE:ALL;:COMP:BIN:CLE;:AMPL:ALC OFF;:APER MED,4;:BIAS:POL:AUTO OFF;:BIAS:RANG:AUTO ON;:BIAS:VOLT:LEV 0;:COMP:ABIN OFF;:COMP:BIN:COUN:STAT OFF;:COMP:MODE PTOL;:COMP:SLIM -9.9e+037,9.9e+037;:COMP:STAT OFF;:COMP:SWAP OFF;:COMP:TOL:NOM 0;:CURR:LEV 5e-005;:DISP:ENAB ON;:DISP:LINE """";:DISP:WIND:TEXT1:DATA:FMSD:DATA 1e-009;:DISP:WIND:TEXT2:DATA:FMSD:DATA 1e-009;:FORM:ASC:LONG ON;:FORM:BORD NORM;:FORM:DATA ASC,64;:FREQ:CW 8000;:FUNC:DEV1:MODE OFF;:FUNC:DEV1:REF:VAL 0;:FUNC:DEV2:MODE OFF;:FUNC:DEV2:REF:VAL 0;:FUNC:IMP:TYPE LSRS;:FUNC:SMON:IDC:STAT OFF;:FUNC:SMON:VDC:STAT OFF;:INIT:CONT OFF;:LIST:MODE SEQ;:LIST:STIM:TYPE FREQ,NONE;:SOUR:DCS:VOLT:LEV 0;:TRIG:DEL 0;:TRIG:SOUR INT;:TRIG:TDEL 0;:DISP:WIND:TEXT1:DATA:FMSD:STAT OFF;:DISP:WIND:TEXT2:DATA:FMSD:STAT OFF;:FUNC:DCR:RANG:VAL 100;:FUNC:IMP:RANG:VAL 10000;:OUTP:DC:ISOL:LEV:VAL 0.0002;:OUTP:DC:ISOL:STAT OFF;:FUNC:DCR:RANG:AUTO ON;:FUNC:IMP:RANG:AUTO ON;:OUTP:DC:ISOL:LEV:AUTO ON;:DISP:PAGE MEASurement;
"
10000.0,0.2526901122,12885.20744,2.46309e-07,0.00503619
10000.0,0.2526943775,12884.53897,2.46304e-07,0.00503637
10000.0,0.252697065,12883.89807,2.46294e-07,0.00503622
10000.0,0.2527072327,12883.51569,2.46308e-07,0.00503626
10000.0,0.2526794509,12885.54468,2.46314e-07,0.00503628
10000.0,0.2526916874,12884.95396,2.46314e-07,0.00503619
10000.0,0.2527115593,12883.95482,2.46306e-07,0.00503636
10000.0,0.2527148727,12884.10494,2.46302e-07,0.00503639
10000.0,0.2526800303,12884.13702,2.46319e-07,0.00503614
10000.0,0.2526987365,12883.98439,2.4629e-07,0.00503637
10000.0,0.252687122,12884.02336,2.46306e-07,0.00503646
10000.0,0.2527106361,12882.67229,2.46311e-07,0.00503636
10000.0,0.2527004799,12882.14602,2.46326e-07,0.0050362
10000.0,0.2526994877,12885.13213,2.46308e-07,0.00503631
10000.0,0.2526947718,12884.66204,2.46309e-07,0.0050363
10000.0,0.2527112489,12883.28596,2.46291e-07,0.00503623
Freq,10000,Rs,12884.11011125,0.9149853071380387,Ls,0.25269805443125,1.09837527158816e-05
":SOUR:DCS:STAT OFF;:BIAS:STAT OFF;:COMP:BIN:COUN:CLE;:LIST:CLE:ALL;:COMP:BIN:CLE;:AMPL:ALC OFF;:APER MED,4;:BIAS:POL:AUTO OFF;:BIAS:RANG:AUTO ON;:BIAS:VOLT:LEV 0;:COMP:ABIN OFF;:COMP:BIN:COUN:STAT OFF;:COMP:MODE PTOL;:COMP:SLIM -9.9e+037,9.9e+037;:COMP:STAT OFF;:COMP:SWAP OFF;:COMP:TOL:NOM 0;:CURR:LEV 5e-005;:DISP:ENAB ON;:DISP:LINE """";:DISP:WIND:TEXT1:DATA:FMSD:DATA 1e-009;:DISP:WIND:TEXT2:DATA:FMSD:DATA 1e-009;:FORM:ASC:LONG ON;:FORM:BORD NORM;:FORM:DATA ASC,64;:FREQ:CW 10000;:FUNC:DEV1:MODE OFF;:FUNC:DEV1:REF:VAL 0;:FUNC:DEV2:MODE OFF;:FUNC:DEV2:REF:VAL 0;:FUNC:IMP:TYPE LSRS;:FUNC:SMON:IDC:STAT OFF;:FUNC:SMON:VDC:STAT OFF;:INIT:CONT OFF;:LIST:MODE SEQ;:LIST:STIM:TYPE FREQ,NONE;:SOUR:DCS:VOLT:LEV 0;:TRIG:DEL 0;:TRIG:SOUR INT;:TRIG:TDEL 0;:DISP:WIND:TEXT1:DATA:FMSD:STAT OFF;:DISP:WIND:TEXT2:DATA:FMSD:STAT OFF;:FUNC:DCR:RANG:VAL 100;:FUNC:IMP:RANG:VAL 10000;:OUTP:DC:ISOL:LEV:VAL 0.0002;:OUTP:DC:ISOL:STAT OFF;:FUNC:DCR:RANG:AUTO ON;:FUNC:IMP:RANG:AUTO ON;:OUTP:DC:ISOL:LEV:AUTO ON;:DISP:PAGE MEASurement;
"
12000.0,0.248595159,20300.57524,1.82354e-07,0.0050391
12000.0,0.2485591419,20304.27468,1.8238e-07,0.00503916
12000.0,0.2486129032,20307.88019,1.82355e-07,0.00503919
12000.0,0.2485905701,20305.14908,1.82352e-07,0.00503934
12000.0,0.2486406447,20303.94928,1.82354e-07,0.00503916
12000.0,0.2486094364,20307.07403,1.8234e-07,0.00503923
12000.0,0.2486788678,20303.99243,1.82326e-07,0.00503918
12000.0,0.2486200478,20304.50171,1.82344e-07,0.0050392
12000.0,0.2486475741,20306.42658,1.82358e-07,0.00503934
12000.0,0.2485841209,20306.05348,1.82344e-07,0.00503935
12000.0,0.2486463018,20308.40176,1.82354e-07,0.00503935
12000.0,0.2486050678,20303.29285,1.82373e-07,0.00503939
12000.0,0.2486093043,20307.30641,1.82367e-07,0.00503935
12000.0,0.2486290016,20302.80749,1.82349e-07,0.00503942
12000.0,0.2486436653,20306.31427,1.82361e-07,0.00503921
12000.0,0.2486611865,20301.83696,1.82346e-07,0.00503919
Freq,12000,Rs,20304.9897775,2.2297948833665147,Ls,0.24862081207499998,3.124540103523419e-05
":SOUR:DCS:STAT OFF;:BIAS:STAT OFF;:COMP:BIN:COUN:CLE;:LIST:CLE:ALL;:COMP:BIN:CLE;:AMPL:ALC OFF;:APER MED,4;:BIAS:POL:AUTO OFF;:BIAS:RANG:AUTO ON;:BIAS:VOLT:LEV 0;:COMP:ABIN OFF;:COMP:BIN:COUN:STAT OFF;:COMP:MODE PTOL;:COMP:SLIM -9.9e+037,9.9e+037;:COMP:STAT OFF;:COMP:SWAP OFF;:COMP:TOL:NOM 0;:CURR:LEV 5e-005;:DISP:ENAB ON;:DISP:LINE """";:DISP:WIND:TEXT1:DATA:FMSD:DATA 1e-009;:DISP:WIND:TEXT2:DATA:FMSD:DATA 1e-009;:FORM:ASC:LONG ON;:FORM:BORD NORM;:FORM:DATA ASC,64;:FREQ:CW 12000;:FUNC:DEV1:MODE OFF;:FUNC:DEV1:REF:VAL 0;:FUNC:DEV2:MODE OFF;:FUNC:DEV2:REF:VAL 0;:FUNC:IMP:TYPE LSRS;:FUNC:SMON:IDC:STAT OFF;:FUNC:SMON:VDC:STAT OFF;:INIT:CONT OFF;:LIST:MODE SEQ;:LIST:STIM:TYPE FREQ,NONE;:SOUR:DCS:VOLT:LEV 0;:TRIG:DEL 0;:TRIG:SOUR INT;:TRIG:TDEL 0;:DISP:WIND:TEXT1:DATA:FMSD:STAT OFF;:DISP:WIND:TEXT2:DATA:FMSD:STAT OFF;:FUNC:DCR:RANG:VAL 100;:FUNC:IMP:RANG:VAL 10000;:OUTP:DC:ISOL:LEV:VAL 0.0002;:OUTP:DC:ISOL:STAT OFF;:FUNC:DCR:RANG:AUTO ON;:FUNC:IMP:RANG:AUTO ON;:OUTP:DC:ISOL:LEV:AUTO ON;:DISP:PAGE MEASurement;
"
14000.0,0.2062130849,32599.94332,1.35162e-07,0.00504163
14000.0,0.2061209617,32597.90753,1.35154e-07,0.00504197
14000.0,0.2061332845,32594.90138,1.35156e-07,0.00504183
14000.0,0.2061385614,32597.01,1.35158e-07,0.0050417
14000.0,0.206152323,32596.09078,1.35142e-07,0.005042
14000.0,0.2061544061,32600.68743,1.35136e-07,0.00504185
14000.0,0.2061396079,32597.87117,1.35161e-07,0.00504181
14000.0,0.2061917517,32599.39314,1.3517e-07,0.00504214
14000.0,0.2061559362,32596.56306,1.3514e-07,0.00504193
14000.0,0.2062447937,32600.46734,1.3513e-07,0.00504198
14000.0,0.2061586911,32604.76163,1.35153e-07,0.00504184
14000.0,0.2061857813,32598.37449,1.35168e-07,0.0050419
14000.0,0.2062052739,32598.98021,1.35154e-07,0.00504221
14000.0,0.2061015406,32598.73428,1.3517e-07,0.00504172
14000.0,0.2062131233,32598.28598,1.35151e-07,0.00504205
14000.0,0.2061917948,32595.86657,1.3516e-07,0.00504181
Freq,14000,Rs,32598.489894375,2.3593391113478086,Ls,0.20616880725625,3.912507762096982e-05
":SOUR:DCS:STAT OFF;:BIAS:STAT OFF;:COMP:BIN:COUN:CLE;:LIST:CLE:ALL;:COMP:BIN:CLE;:AMPL:ALC OFF;:APER MED,4;:BIAS:POL:AUTO OFF;:BIAS:RANG:AUTO ON;:BIAS:VOLT:LEV 0;:COMP:ABIN OFF;:COMP:BIN:COUN:STAT OFF;:COMP:MODE PTOL;:COMP:SLIM -9.9e+037,9.9e+037;:COMP:STAT OFF;:COMP:SWAP OFF;:COMP:TOL:NOM 0;:CURR:LEV 5e-005;:DISP:ENAB ON;:DISP:LINE """";:DISP:WIND:TEXT1:DATA:FMSD:DATA 1e-009;:DISP:WIND:TEXT2:DATA:FMSD:DATA 1e-009;:FORM:ASC:LONG ON;:FORM:BORD NORM;:FORM:DATA ASC,64;:FREQ:CW 14000;:FUNC:DEV1:MODE OFF;:FUNC:DEV1:REF:VAL 0;:FUNC:DEV2:MODE OFF;:FUNC:DEV2:REF:VAL 0;:FUNC:IMP:TYPE LSRS;:FUNC:SMON:IDC:STAT OFF;:FUNC:SMON:VDC:STAT OFF;:INIT:CONT OFF;:LIST:MODE SEQ;:LIST:STIM:TYPE FREQ,NONE;:SOUR:DCS:VOLT:LEV 0;:TRIG:DEL 0;:TRIG:SOUR INT;:TRIG:TDEL 0;:DISP:WIND:TEXT1:DATA:FMSD:STAT OFF;:DISP:WIND:TEXT2:DATA:FMSD:STAT OFF;:FUNC:DCR:RANG:VAL 100;:FUNC:IMP:RANG:VAL 30000;:OUTP:DC:ISOL:LEV:VAL 2e-005;:OUTP:DC:ISOL:STAT OFF;:FUNC:DCR:RANG:AUTO ON;:FUNC:IMP:RANG:AUTO ON;:OUTP:DC:ISOL:LEV:AUTO ON;:DISP:PAGE MEASurement;
"
16000.0,0.06156208288,46897.53084,1.06656e-07,0.00504385
16000.0,0.06162658063,46885.17425,1.06632e-07,0.00504393
16000.0,0.06169586466,46890.86596,1.06646e-07,0.00504412
16000.0,0.06165984287,46878.22228,1.0665e-07,0.00504398
16000.0,0.0616085403,46892.01833,1.06643e-07,0.00504413
16000.0,0.06155831767,46889.76033,1.06638e-07,0.00504419
16000.0,0.0615940536,46879.37184,1.06635e-07,0.00504401
16000.0,0.06160795771,46889.71188,1.06641e-07,0.00504403
16000.0,0.06163135579,46894.73607,1.06655e-07,0.00504422
16000.0,0.06162842335,46892.20088,1.06643e-07,0.00504423
16000.0,0.06161732682,46889.65476,1.06658e-07,0.00504411
16000.0,0.06165407091,46884.90624,1.06653e-07,0.00504428
16000.0,0.06160714405,46887.25629,1.06637e-07,0.00504418
16000.0,0.0616226746,46895.22988,1.06659e-07,0.005044
16000.0,0.06152169396,46888.37118,1.06655e-07,0.00504409
16000.0,0.06166385064,46891.72885,1.06637e-07,0.00504412
Freq,16000,Rs,46889.17124125,5.28841379976107,Ls,0.0616162362775,4.350898782979275e-05
":SOUR:DCS:STAT OFF;:BIAS:STAT OFF;:COMP:BIN:COUN:CLE;:LIST:CLE:ALL;:COMP:BIN:CLE;:AMPL:ALC OFF;:APER MED,4;:BIAS:POL:AUTO OFF;:BIAS:RANG:AUTO ON;:BIAS:VOLT:LEV 0;:COMP:ABIN OFF;:COMP:BIN:COUN:STAT OFF;:COMP:MODE PTOL;:COMP:SLIM -9.9e+037,9.9e+037;:COMP:STAT OFF;:COMP:SWAP OFF;:COMP:TOL:NOM 0;:CURR:LEV 5e-005;:DISP:ENAB ON;:DISP:LINE """";:DISP:WIND:TEXT1:DATA:FMSD:DATA 1e-009;:DISP:WIND:TEXT2:DATA:FMSD:DATA 1e-009;:FORM:ASC:LONG ON;:FORM:BORD NORM;:FORM:DATA ASC,64;:FREQ:CW 16000;:FUNC:DEV1:MODE OFF;:FUNC:DEV1:REF:VAL 0;:FUNC:DEV2:MODE OFF;:FUNC:DEV2:REF:VAL 0;:FUNC:IMP:TYPE LSRS;:FUNC:SMON:IDC:STAT OFF;:FUNC:SMON:VDC:STAT OFF;:INIT:CONT OFF;:LIST:MODE SEQ;:LIST:STIM:TYPE FREQ,NONE;:SOUR:DCS:VOLT:LEV 0;:TRIG:DEL 0;:TRIG:SOUR INT;:TRIG:TDEL 0;:DISP:WIND:TEXT1:DATA:FMSD:STAT OFF;:DISP:WIND:TEXT2:DATA:FMSD:STAT OFF;:FUNC:DCR:RANG:VAL 100;:FUNC:IMP:RANG:VAL 30000;:OUTP:DC:ISOL:LEV:VAL 2e-005;:OUTP:DC:ISOL:STAT OFF;:FUNC:DCR:RANG:AUTO ON;:FUNC:IMP:RANG:AUTO ON;:OUTP:DC:ISOL:LEV:AUTO ON;:DISP:PAGE MEASurement;
"
16500.0,0.00807887414,48945.36847,1.03123e-07,0.0050465
16500.0,0.008189151775,48936.82177,1.031e-07,0.00504651
16500.0,0.008071388768,48932.11796,1.0309e-07,0.00504618
16500.0,0.008087527324,48935.12999,1.0311e-07,0.00504646
16500.0,0.00810589301,48941.39191,1.03123e-07,0.00504642
16500.0,0.008113744068,48937.85802,1.0311e-07,0.00504635
16500.0,0.00813268538,48938.68872,1.03111e-07,0.00504625
16500.0,0.008017200351,48954.05871,1.03116e-07,0.0050462
16500.0,0.008160653231,48934.983,1.03093e-07,0.00504623
16500.0,0.008119226493,48935.80936,1.03093e-07,0.00504619
16500.0,0.008135757565,48948.89871,1.03114e-07,0.00504626
16500.0,0.00811971144,48932.11989,1.03109e-07,0.00504635
16500.0,0.008139364215,48938.36819,1.03097e-07,0.00504626
16500.0,0.008165385383,48943.43743,1.03108e-07,0.00504614
16500.0,0.008107783513,48931.44081,1.03093e-07,0.00504605
16500.0,0.008125709452,48936.76319,1.03097e-07,0.00504613
Freq,16500,Rs,48938.953508125,6.3000817200748065,Ls,0.00811687850675,4.100412643861961e-05
":SOUR:DCS:STAT OFF;:BIAS:STAT OFF;:COMP:BIN:COUN:CLE;:LIST:CLE:ALL;:COMP:BIN:CLE;:AMPL:ALC OFF;:APER MED,4;:BIAS:POL:AUTO OFF;:BIAS:RANG:AUTO ON;:BIAS:VOLT:LEV 0;:COMP:ABIN OFF;:COMP:BIN:COUN:STAT OFF;:COMP:MODE PTOL;:COMP:SLIM -9.9e+037,9.9e+037;:COMP:STAT OFF;:COMP:SWAP OFF;:COMP:TOL:NOM 0;:CURR:LEV 5e-005;:DISP:ENAB ON;:DISP:LINE """";:DISP:WIND:TEXT1:DATA:FMSD:DATA 1e-009;:DISP:WIND:TEXT2:DATA:FMSD:DATA 1e-009;:FORM:ASC:LONG ON;:FORM:BORD NORM;:FORM:DATA ASC,64;:FREQ:CW 16500;:FUNC:DEV1:MODE OFF;:FUNC:DEV1:REF:VAL 0;:FUNC:DEV2:MODE OFF;:FUNC:DEV2:REF:VAL 0;:FUNC:IMP:TYPE LSRS;:FUNC:SMON:IDC:STAT OFF;:FUNC:SMON:VDC:STAT OFF;:INIT:CONT OFF;:LIST:MODE SEQ;:LIST:STIM:TYPE FREQ,NONE;:SOUR:DCS:VOLT:LEV 0;:TRIG:DEL 0;:TRIG:SOUR INT;:TRIG:TDEL 0;:DISP:WIND:TEXT1:DATA:FMSD:STAT OFF;:DISP:WIND:TEXT2:DATA:FMSD:STAT OFF;:FUNC:DCR:RANG:VAL 100;:FUNC:IMP:RANG:VAL 30000;:OUTP:DC:ISOL:LEV:VAL 2e-005;:OUTP:DC:ISOL:STAT OFF;:FUNC:DCR:RANG:AUTO ON;:FUNC:IMP:RANG:AUTO ON;:OUTP:DC:ISOL:LEV:AUTO ON;:DISP:PAGE MEASurement;
"
17000.0,-0.04713525749,49690.36833,1.01082e-07,0.00504776
17000.0,-0.04700189551,49689.10325,1.01082e-07,0.00504765
17000.0,-0.04706333973,49678.7683,1.01066e-07,0.00504759
17000.0,-0.04715210027,49689.58263,1.01069e-07,0.00504782
17000.0,-0.04711775226,49689.38234,1.01098e-07,0.00504769
17000.0,-0.04702209513,49685.48214,1.01086e-07,0.00504751
17000.0,-0.04707764543,49691.68755,1.01072e-07,0.00504763
17000.0,-0.04706788132,49677.79173,1.01069e-07,0.00504749
17000.0,-0.04710260286,49682.23458,1.0109e-07,0.00504721
17000.0,-0.0470426555,49683.13519,1.01069e-07,0.00504739
17000.0,-0.04714753998,49684.76302,1.01082e-07,0.00504759
17000.0,-0.04712930011,49684.8814,1.01064e-07,0.00504768
17000.0,-0.04706144454,49676.57583,1.01073e-07,0.00504728
17000.0,-0.04713272327,49674.53619,1.01067e-07,0.00504761
17000.0,-0.04712113279,49680.26684,1.01085e-07,0.00504742
17000.0,-0.04709460581,49690.27949,1.01075e-07,0.0050475
Freq,17000,Rs,49684.302425625,5.512128215816321,Ls,-0.04709187325,4.563016447449677e-05
":SOUR:DCS:STAT OFF;:BIAS:STAT OFF;:COMP:BIN:COUN:CLE;:LIST:CLE:ALL;:COMP:BIN:CLE;:AMPL:ALC OFF;:APER MED,4;:BIAS:POL:AUTO OFF;:BIAS:RANG:AUTO ON;:BIAS:VOLT:LEV 0;:COMP:ABIN OFF;:COMP:BIN:COUN:STAT OFF;:COMP:MODE PTOL;:COMP:SLIM -9.9e+037,9.9e+037;:COMP:STAT OFF;:COMP:SWAP OFF;:COMP:TOL:NOM 0;:CURR:LEV 5e-005;:DISP:ENAB ON;:DISP:LINE """";:DISP:WIND:TEXT1:DATA:FMSD:DATA 1e-009;:DISP:WIND:TEXT2:DATA:FMSD:DATA 1e-009;:FORM:ASC:LONG ON;:FORM:BORD NORM;:FORM:DATA ASC,64;:FREQ:CW 17000;:FUNC:DEV1:MODE OFF;:FUNC:DEV1:REF:VAL 0;:FUNC:DEV2:MODE OFF;:FUNC:DEV2:REF:VAL 0;:FUNC:IMP:TYPE LSRS;:FUNC:SMON:IDC:STAT OFF;:FUNC:SMON:VDC:STAT OFF;:INIT:CONT OFF;:LIST:MODE SEQ;:LIST:STIM:TYPE FREQ,NONE;:SOUR:DCS:VOLT:LEV 0;:TRIG:DEL 0;:TRIG:SOUR INT;:TRIG:TDEL 0;:DISP:WIND:TEXT1:DATA:FMSD:STAT OFF;:DISP:WIND:TEXT2:DATA:FMSD:STAT OFF;:FUNC:DCR:RANG:VAL 100;:FUNC:IMP:RANG:VAL 30000;:OUTP:DC:ISOL:LEV:VAL 2e-005;:OUTP:DC:ISOL:STAT OFF;:FUNC:DCR:RANG:AUTO ON;:FUNC:IMP:RANG:AUTO ON;:OUTP:DC:ISOL:LEV:AUTO ON;:DISP:PAGE MEASurement;
"
17500.0,-0.09943957399,48996.56796,1.00581e-07,0.00504895
17500.0,-0.09939200509,48995.74234,1.00575e-07,0.00504891
17500.0,-0.09952773621,48999.65541,1.00573e-07,0.00504897
17500.0,-0.09948173979,49001.02666,1.0057e-07,0.00504914
17500.0,-0.09954842562,48992.24464,1.00575e-07,0.00504879
17500.0,-0.09955650435,48995.40762,1.00569e-07,0.00504891
17500.0,-0.09951368695,48992.52866,1.00571e-07,0.00504894
17500.0,-0.09945926566,48988.68806,1.0058e-07,0.00504909
17500.0,-0.09950519329,48995.97054,1.00573e-07,0.00504882
17500.0,-0.09947831604,48990.69472,1.00607e-07,0.00504902
17500.0,-0.09961879632,48993.48101,1.00587e-07,0.0050487
17500.0,-0.0995010477,48978.46725,1.00574e-07,0.00504905
17500.0,-0.09951859185,48987.90542,1.00572e-07,0.00504897
17500.0,-0.09950424289,48997.51912,1.00573e-07,0.00504902
17500.0,-0.09955770622,48983.36847,1.00573e-07,0.00504902
17500.0,-0.09954323803,48996.07528,1.00574e-07,0.00504879
Freq,17500,Rs,48992.833947499996,5.9323129902402485,Ls,-0.099509129375,5.331780887315383e-05
":SOUR:DCS:STAT OFF;:BIAS:STAT OFF;:COMP:BIN:COUN:CLE;:LIST:CLE:ALL;:COMP:BIN:CLE;:AMPL:ALC OFF;:APER MED,4;:BIAS:POL:AUTO OFF;:BIAS:RANG:AUTO ON;:BIAS:VOLT:LEV 0;:COMP:ABIN OFF;:COMP:BIN:COUN:STAT OFF;:COMP:MODE PTOL;:COMP:SLIM -9.9e+037,9.9e+037;:COMP:STAT OFF;:COMP:SWAP OFF;:COMP:TOL:NOM 0;:CURR:LEV 5e-005;:DISP:ENAB ON;:DISP:LINE """";:DISP:WIND:TEXT1:DATA:FMSD:DATA 1e-009;:DISP:WIND:TEXT2:DATA:FMSD:DATA 1e-009;:FORM:ASC:LONG ON;:FORM:BORD NORM;:FORM:DATA ASC,64;:FREQ:CW 17500;:FUNC:DEV1:MODE OFF;:FUNC:DEV1:REF:VAL 0;:FUNC:DEV2:MODE OFF;:FUNC:DEV2:REF:VAL 0;:FUNC:IMP:TYPE LSRS;:FUNC:SMON:IDC:STAT OFF;:FUNC:SMON:VDC:STAT OFF;:INIT:CONT OFF;:LIST:MODE SEQ;:LIST:STIM:TYPE FREQ,NONE;:SOUR:DCS:VOLT:LEV 0;:TRIG:DEL 0;:TRIG:SOUR INT;:TRIG:TDEL 0;:DISP:WIND:TEXT1:DATA:FMSD:STAT OFF;:DISP:WIND:TEXT2:DATA:FMSD:STAT OFF;:FUNC:DCR:RANG:VAL 100;:FUNC:IMP:RANG:VAL 30000;:OUTP:DC:ISOL:LEV:VAL 2e-005;:OUTP:DC:ISOL:STAT OFF;:FUNC:DCR:RANG:AUTO ON;:FUNC:IMP:RANG:AUTO ON;:OUTP:DC:ISOL:LEV:AUTO ON;:DISP:PAGE MEASurement;
"
18000.0,-0.1449663412,46952.60247,1.01518e-07,0.00505038
18000.0,-0.1448593217,46961.0538,1.0152e-07,0.00505012
18000.0,-0.1448592328,46959.46097,1.01567e-07,0.00505015
18000.0,-0.1447771139,46968.22942,1.0155e-07,0.00505002
18000.0,-0.1448431339,46967.07449,1.01526e-07,0.00505014
18000.0,-0.1448776141,46956.61677,1.01515e-07,0.00505026
18000.0,-0.1448873617,46956.00878,1.01533e-07,0.00505013
18000.0,-0.1447834236,46955.3329,1.01541e-07,0.00505007
18000.0,-0.1448272985,46961.30712,1.01556e-07,0.00505024
18000.0,-0.144828792,46977.54406,1.01546e-07,0.00505006
18000.0,-0.144886103,46962.64178,1.0153e-07,0.00505001
18000.0,-0.1448923922,46953.38248,1.01532e-07,0.00505008
18000.0,-0.1448595718,46949.80954,1.0154e-07,0.0050504
18000.0,-0.1448168099,46957.05858,1.01548e-07,0.00504987
18000.0,-0.1447311669,46969.33235,1.01559e-07,0.0050499
18000.0,-0.1448150272,46978.45474,1.01536e-07,0.00505015
Freq,18000,Rs,46961.619390625,8.491313746345519,Ls,-0.144844419025,5.523447182259821e-05
":SOUR:DCS:STAT OFF;:BIAS:STAT OFF;:COMP:BIN:COUN:CLE;:LIST:CLE:ALL;:COMP:BIN:CLE;:AMPL:ALC OFF;:APER MED,4;:BIAS:POL:AUTO OFF;:BIAS:RANG:AUTO ON;:BIAS:VOLT:LEV 0;:COMP:ABIN OFF;:COMP:BIN:COUN:STAT OFF;:COMP:MODE PTOL;:COMP:SLIM -9.9e+037,9.9e+037;:COMP:STAT OFF;:COMP:SWAP OFF;:COMP:TOL:NOM 0;:CURR:LEV 5e-005;:DISP:ENAB ON;:DISP:LINE """";:DISP:WIND:TEXT1:DATA:FMSD:DATA 1e-009;:DISP:WIND:TEXT2:DATA:FMSD:DATA 1e-009;:FORM:ASC:LONG ON;:FORM:BORD NORM;:FORM:DATA ASC,64;:FREQ:CW 18000;:FUNC:DEV1:MODE OFF;:FUNC:DEV1:REF:VAL 0;:FUNC:DEV2:MODE OFF;:FUNC:DEV2:REF:VAL 0;:FUNC:IMP:TYPE LSRS;:FUNC:SMON:IDC:STAT OFF;:FUNC:SMON:VDC:STAT OFF;:INIT:CONT OFF;:LIST:MODE SEQ;:LIST:STIM:TYPE FREQ,NONE;:SOUR:DCS:VOLT:LEV 0;:TRIG:DEL 0;:TRIG:SOUR INT;:TRIG:TDEL 0;:DISP:WIND:TEXT1:DATA:FMSD:STAT OFF;:DISP:WIND:TEXT2:DATA:FMSD:STAT OFF;:FUNC:DCR:RANG:VAL 100;:FUNC:IMP:RANG:VAL 30000;:OUTP:DC:ISOL:LEV:VAL 2e-005;:OUTP:DC:ISOL:STAT OFF;:FUNC:DCR:RANG:AUTO ON;:FUNC:IMP:RANG:AUTO ON;:OUTP:DC:ISOL:LEV:AUTO ON;:DISP:PAGE MEASurement;
"
18500.0,-0.1804015009,43891.31176,1.0385e-07,0.00505159
18500.0,-0.1803721442,43880.92867,1.03821e-07,0.0050512
18500.0,-0.1803811963,43877.76002,1.03851e-07,0.00505116
18500.0,-0.1804581627,43900.90621,1.03853e-07,0.00505137
18500.0,-0.1804617471,43889.14405,1.03837e-07,0.0050512
18500.0,-0.1805537955,43901.94057,1.03848e-07,0.00505109
18500.0,-0.1804454205,43892.1444,1.03831e-07,0.00505132
18500.0,-0.1804194906,43894.31188,1.03862e-07,0.0050509
18500.0,-0.1804487616,43892.84783,1.03833e-07,0.00505165
18500.0,-0.1803585883,43892.68313,1.0386e-07,0.00505149
18500.0,-0.1804411802,43894.49947,1.03833e-07,0.00505135
18500.0,-0.1804181968,43888.18955,1.03837e-07,0.00505106
18500.0,-0.1804448748,43893.42044,1.03835e-07,0.00505122
18500.0,-0.1804042214,43895.61197,1.03829e-07,0.00505116
18500.0,-0.1804858714,43893.35254,1.03839e-07,0.00505148
18500.0,-0.1804695273,43894.74314,1.03839e-07,0.00505138
Freq,18500,Rs,43892.112226875004,6.129989964559663,Ls,-0.180435292475,4.820336608624365e-05
":SOUR:DCS:STAT OFF;:BIAS:STAT OFF;:COMP:BIN:COUN:CLE;:LIST:CLE:ALL;:COMP:BIN:CLE;:AMPL:ALC OFF;:APER MED,4;:BIAS:POL:AUTO OFF;:BIAS:RANG:AUTO ON;:BIAS:VOLT:LEV 0;:COMP:ABIN OFF;:COMP:BIN:COUN:STAT OFF;:COMP:MODE PTOL;:COMP:SLIM -9.9e+037,9.9e+037;:COMP:STAT OFF;:COMP:SWAP OFF;:COMP:TOL:NOM 0;:CURR:LEV 5e-005;:DISP:ENAB ON;:DISP:LINE """";:DISP:WIND:TEXT1:DATA:FMSD:DATA 1e-009;:DISP:WIND:TEXT2:DATA:FMSD:DATA 1e-009;:FORM:ASC:LONG ON;:FORM:BORD NORM;:FORM:DATA ASC,64;:FREQ:CW 18500;:FUNC:DEV1:MODE OFF;:FUNC:DEV1:REF:VAL 0;:FUNC:DEV2:MODE OFF;:FUNC:DEV2:REF:VAL 0;:FUNC:IMP:TYPE LSRS;:FUNC:SMON:IDC:STAT OFF;:FUNC:SMON:VDC:STAT OFF;:INIT:CONT OFF;:LIST:MODE SEQ;:LIST:STIM:TYPE FREQ,NONE;:SOUR:DCS:VOLT:LEV 0;:TRIG:DEL 0;:TRIG:SOUR INT;:TRIG:TDEL 0;:DISP:WIND:TEXT1:DATA:FMSD:STAT OFF;:DISP:WIND:TEXT2:DATA:FMSD:STAT OFF;:FUNC:DCR:RANG:VAL 100;:FUNC:IMP:RANG:VAL 30000;:OUTP:DC:ISOL:LEV:VAL 2e-005;:OUTP:DC:ISOL:STAT OFF;:FUNC:DCR:RANG:AUTO ON;:FUNC:IMP:RANG:AUTO ON;:OUTP:DC:ISOL:LEV:AUTO ON;:DISP:PAGE MEASurement;
"
19000.0,-0.2054699416,40180.8429,1.0734e-07,0.00505234
19000.0,-0.2054537274,40183.63453,1.07346e-07,0.00505227
19000.0,-0.2054654926,40179.48351,1.07336e-07,0.00505237
19000.0,-0.2054074348,40177.60555,1.07344e-07,0.00505221
19000.0,-0.2054317362,40167.49975,1.07354e-07,0.00505239
19000.0,-0.2053760601,40187.02945,1.07348e-07,0.00505212
19000.0,-0.2054236827,40178.59175,1.07324e-07,0.00505221
19000.0,-0.2053172306,40166.32895,1.07346e-07,0.00505243
19000.0,-0.2054234014,40171.56567,1.07337e-07,0.00505232
19000.0,-0.2053962256,40179.78082,1.07345e-07,0.00505227
19000.0,-0.2054227379,40169.85146,1.07339e-07,0.00505235
19000.0,-0.2054720226,40173.59767,1.07334e-07,0.00505241
19000.0,-0.2055092559,40166.49876,1.07341e-07,0.00505235
19000.0,-0.2055094046,40174.74589,1.07328e-07,0.00505241
19000.0,-0.2054577227,40187.77736,1.07331e-07,0.00505231
19000.0,-0.2054164132,40178.83056,1.07339e-07,0.00505239
Freq,19000,Rs,40176.47903625,6.8460615987934474,Ls,-0.20543453061875,4.886089699345747e-05
":SOUR:DCS:STAT OFF;:BIAS:STAT OFF;:COMP:BIN:COUN:CLE;:LIST:CLE:ALL;:COMP:BIN:CLE;:AMPL:ALC OFF;:APER MED,4;:BIAS:POL:AUTO OFF;:BIAS:RANG:AUTO ON;:BIAS:VOLT:LEV 0;:COMP:ABIN OFF;:COMP:BIN:COUN:STAT OFF;:COMP:MODE PTOL;:COMP:SLIM -9.9e+037,9.9e+037;:COMP:STAT OFF;:COMP:SWAP OFF;:COMP:TOL:NOM 0;:CURR:LEV 5e-005;:DISP:ENAB ON;:DISP:LINE """";:DISP:WIND:TEXT1:DATA:FMSD:DATA 1e-009;:DISP:WIND:TEXT2:DATA:FMSD:DATA 1e-009;:FORM:ASC:LONG ON;:FORM:BORD NORM;:FORM:DATA ASC,64;:FREQ:CW 19000;:FUNC:DEV1:MODE OFF;:FUNC:DEV1:REF:VAL 0;:FUNC:DEV2:MODE OFF;:FUNC:DEV2:REF:VAL 0;:FUNC:IMP:TYPE LSRS;:FUNC:SMON:IDC:STAT OFF;:FUNC:SMON:VDC:STAT OFF;:INIT:CONT OFF;:LIST:MODE SEQ;:LIST:STIM:TYPE FREQ,NONE;:SOUR:DCS:VOLT:LEV 0;:TRIG:DEL 0;:TRIG:SOUR INT;:TRIG:TDEL 0;:DISP:WIND:TEXT1:DATA:FMSD:STAT OFF;:DISP:WIND:TEXT2:DATA:FMSD:STAT OFF;:FUNC:DCR:RANG:VAL 100;:FUNC:IMP:RANG:VAL 30000;:OUTP:DC:ISOL:LEV:VAL 2e-005;:OUTP:DC:ISOL:STAT OFF;:FUNC:DCR:RANG:AUTO ON;:FUNC:IMP:RANG:AUTO ON;:OUTP:DC:ISOL:LEV:AUTO ON;:DISP:PAGE MEASurement;
"
19500.0,-0.2206076254,36202.10198,1.1184e-07,0.00505341
19500.0,-0.2205152936,36199.95202,1.11845e-07,0.00505304
19500.0,-0.2205451902,36198.56691,1.11863e-07,0.00505294
19500.0,-0.2205488813,36192.48237,1.11858e-07,0.00505291
19500.0,-0.220632543,36195.54164,1.1184e-07,0.00505306
19500.0,-0.2206143104,36197.02379,1.11849e-07,0.00505319
19500.0,-0.2206164518,36212.0476,1.11842e-07,0.00505286
19500.0,-0.2205443783,36197.07025,1.11852e-07,0.00505305
19500.0,-0.2205731591,36199.3461,1.11878e-07,0.00505332
19500.0,-0.2205974605,36199.99752,1.11836e-07,0.00505332
19500.0,-0.2205960964,36199.64947,1.11867e-07,0.00505324
19500.0,-0.2205768005,36200.55955,1.11853e-07,0.00505333
19500.0,-0.2205655431,36201.38649,1.11871e-07,0.00505289
19500.0,-0.2206130177,36197.32514,1.11852e-07,0.00505313
19500.0,-0.220614546,36204.81715,1.11873e-07,0.00505331
19500.0,-0.2205682508,36204.7199,1.11843e-07,0.00505342
Freq,19500,Rs,36200.1617425,4.475538252747212,Ls,-0.22058309675624999,3.3430511002774156e-05
":SOUR:DCS:STAT OFF;:BIAS:STAT OFF;:COMP:BIN:COUN:CLE;:LIST:CLE:ALL;:COMP:BIN:CLE;:AMPL:ALC OFF;:APER MED,4;:BIAS:POL:AUTO OFF;:BIAS:RANG:AUTO ON;:BIAS:VOLT:LEV 0;:COMP:ABIN OFF;:COMP:BIN:COUN:STAT OFF;:COMP:MODE PTOL;:COMP:SLIM -9.9e+037,9.9e+037;:COMP:STAT OFF;:COMP:SWAP OFF;:COMP:TOL:NOM 0;:CURR:LEV 5e-005;:DISP:ENAB ON;:DISP:LINE """";:DISP:WIND:TEXT1:DATA:FMSD:DATA 1e-009;:DISP:WIND:TEXT2:DATA:FMSD:DATA 1e-009;:FORM:ASC:LONG ON;:FORM:BORD NORM;:FORM:DATA ASC,64;:FREQ:CW 19500;:FUNC:DEV1:MODE OFF;:FUNC:DEV1:REF:VAL 0;:FUNC:DEV2:MODE OFF;:FUNC:DEV2:REF:VAL 0;:FUNC:IMP:TYPE LSRS;:FUNC:SMON:IDC:STAT OFF;:FUNC:SMON:VDC:STAT OFF;:INIT:CONT OFF;:LIST:MODE SEQ;:LIST:STIM:TYPE FREQ,NONE;:SOUR:DCS:VOLT:LEV 0;:TRIG:DEL 0;:TRIG:SOUR INT;:TRIG:TDEL 0;:DISP:WIND:TEXT1:DATA:FMSD:STAT OFF;:DISP:WIND:TEXT2:DATA:FMSD:STAT OFF;:FUNC:DCR:RANG:VAL 100;:FUNC:IMP:RANG:VAL 30000;:OUTP:DC:ISOL:LEV:VAL 2e-005;:OUTP:DC:ISOL:STAT OFF;:FUNC:DCR:RANG:AUTO ON;:FUNC:IMP:RANG:AUTO ON;:OUTP:DC:ISOL:LEV:AUTO ON;:DISP:PAGE MEASurement;
"
20000.0,-0.2275832472,32267.03905,1.17211e-07,0.00505389
20000.0,-0.2275345427,32262.73709,1.17215e-07,0.00505382
20000.0,-0.2275829269,32263.98223,1.17213e-07,0.00505407
20000.0,-0.2275167893,32264.46163,1.17222e-07,0.00505412
20000.0,-0.2275880868,32261.11483,1.17209e-07,0.00505393
20000.0,-0.2275708723,32268.96193,1.17215e-07,0.00505372
20000.0,-0.2275430391,32270.41286,1.17221e-07,0.00505411
20000.0,-0.2275503378,32260.60606,1.17219e-07,0.00505393
20000.0,-0.2275429023,32269.05115,1.17233e-07,0.00505399
20000.0,-0.2275746722,32254.91815,1.17221e-07,0.00505404
20000.0,-0.2275491054,32270.18298,1.17219e-07,0.00505399
20000.0,-0.2275839981,32275.61697,1.17207e-07,0.00505363
20000.0,-0.2275078486,32271.01441,1.17227e-07,0.00505376
20000.0,-0.2275333978,32267.18172,1.17226e-07,0.00505356
20000.0,-0.2275610994,32270.74937,1.17218e-07,0.00505364
20000.0,-0.2275487276,32271.62981,1.17217e-07,0.00505369
Freq,20000,Rs,32266.853765,5.2319517225065875,Ls,-0.22755447459375,2.4683144830145253e-05
":SOUR:DCS:STAT OFF;:BIAS:STAT OFF;:COMP:BIN:COUN:CLE;:LIST:CLE:ALL;:COMP:BIN:CLE;:AMPL:ALC OFF;:APER MED,4;:BIAS:POL:AUTO OFF;:BIAS:RANG:AUTO ON;:BIAS:VOLT:LEV 0;:COMP:ABIN OFF;:COMP:BIN:COUN:STAT OFF;:COMP:MODE PTOL;:COMP:SLIM -9.9e+037,9.9e+037;:COMP:STAT OFF;:COMP:SWAP OFF;:COMP:TOL:NOM 0;:CURR:LEV 5e-005;:DISP:ENAB ON;:DISP:LINE """";:DISP:WIND:TEXT1:DATA:FMSD:DATA 1e-009;:DISP:WIND:TEXT2:DATA:FMSD:DATA 1e-009;:FORM:ASC:LONG ON;:FORM:BORD NORM;:FORM:DATA ASC,64;:FREQ:CW 20000;:FUNC:DEV1:MODE OFF;:FUNC:DEV1:REF:VAL 0;:FUNC:DEV2:MODE OFF;:FUNC:DEV2:REF:VAL 0;:FUNC:IMP:TYPE LSRS;:FUNC:SMON:IDC:STAT OFF;:FUNC:SMON:VDC:STAT OFF;:INIT:CONT OFF;:LIST:MODE SEQ;:LIST:STIM:TYPE FREQ,NONE;:SOUR:DCS:VOLT:LEV 0;:TRIG:DEL 0;:TRIG:SOUR INT;:TRIG:TDEL 0;:DISP:WIND:TEXT1:DATA:FMSD:STAT OFF;:DISP:WIND:TEXT2:DATA:FMSD:STAT OFF;:FUNC:DCR:RANG:VAL 100;:FUNC:IMP:RANG:VAL 30000;:OUTP:DC:ISOL:LEV:VAL 2e-005;:OUTP:DC:ISOL:STAT OFF;:FUNC:DCR:RANG:AUTO ON;:FUNC:IMP:RANG:AUTO ON;:OUTP:DC:ISOL:LEV:AUTO ON;:DISP:PAGE MEASurement;
"
20500.0,-0.2283016361,28564.93753,1.23295e-07,0.00505428
20500.0,-0.2283002911,28563.70868,1.23288e-07,0.00505464
20500.0,-0.2283255355,28570.25868,1.23284e-07,0.00505446
20500.0,-0.2283163769,28569.8912,1.23287e-07,0.00505433
20500.0,-0.2282844732,28573.41066,1.23287e-07,0.00505418
20500.0,-0.228322537,28564.43672,1.233e-07,0.00505453
20500.0,-0.2283002639,28565.3013,1.23278e-07,0.00505431
20500.0,-0.2283080816,28572.62563,1.23278e-07,0.0050545
20500.0,-0.2283007269,28569.65551,1.23289e-07,0.00505412
20500.0,-0.2283405768,28568.32591,1.23293e-07,0.0050545
20500.0,-0.228334235,28565.91156,1.23273e-07,0.00505429
20500.0,-0.2282796649,28570.24341,1.23269e-07,0.00505459
20500.0,-0.2283194969,28570.74254,1.23286e-07,0.00505451
20500.0,-0.22829157,28565.11456,1.23282e-07,0.00505437
20500.0,-0.2282766926,28565.21007,1.23281e-07,0.00505436
20500.0,-0.2282966514,28561.951,1.23284e-07,0.00505418
Freq,20500,Rs,28567.60781,3.436333861049744,Ls,-0.2283061756125,1.891277091363933e-05
":SOUR:DCS:STAT OFF;:BIAS:STAT OFF;:COMP:BIN:COUN:CLE;:LIST:CLE:ALL;:COMP:BIN:CLE;:AMPL:ALC OFF;:APER MED,4;:BIAS:POL:AUTO OFF;:BIAS:RANG:AUTO ON;:BIAS:VOLT:LEV 0;:COMP:ABIN OFF;:COMP:BIN:COUN:STAT OFF;:COMP:MODE PTOL;:COMP:SLIM -9.9e+037,9.9e+037;:COMP:STAT OFF;:COMP:SWAP OFF;:COMP:TOL:NOM 0;:CURR:LEV 5e-005;:DISP:ENAB ON;:DISP:LINE """";:DISP:WIND:TEXT1:DATA:FMSD:DATA 1e-009;:DISP:WIND:TEXT2:DATA:FMSD:DATA 1e-009;:FORM:ASC:LONG ON;:FORM:BORD NORM;:FORM:DATA ASC,64;:FREQ:CW 20500;:FUNC:DEV1:MODE OFF;:FUNC:DEV1:REF:VAL 0;:FUNC:DEV2:MODE OFF;:FUNC:DEV2:REF:VAL 0;:FUNC:IMP:TYPE LSRS;:FUNC:SMON:IDC:STAT OFF;:FUNC:SMON:VDC:STAT OFF;:INIT:CONT OFF;:LIST:MODE SEQ;:LIST:STIM:TYPE FREQ,NONE;:SOUR:DCS:VOLT:LEV 0;:TRIG:DEL 0;:TRIG:SOUR INT;:TRIG:TDEL 0;:DISP:WIND:TEXT1:DATA:FMSD:STAT OFF;:DISP:WIND:TEXT2:DATA:FMSD:STAT OFF;:FUNC:DCR:RANG:VAL 100;:FUNC:IMP:RANG:VAL 30000;:OUTP:DC:ISOL:LEV:VAL 2e-005;:OUTP:DC:ISOL:STAT OFF;:FUNC:DCR:RANG:AUTO ON;:FUNC:IMP:RANG:AUTO ON;:OUTP:DC:ISOL:LEV:AUTO ON;:DISP:PAGE MEASurement;
"
21000.0,-0.2246516561,25205.34476,1.29914e-07,0.00505475
21000.0,-0.224643327,25204.68349,1.29905e-07,0.00505455
21000.0,-0.2246576997,25206.32106,1.29919e-07,0.00505468
21000.0,-0.2246883189,25206.37298,1.2991e-07,0.00505477
21000.0,-0.2246582452,25204.86409,1.299e-07,0.00505472
21000.0,-0.2246841749,25209.73326,1.29914e-07,0.00505471
21000.0,-0.2246565966,25204.32854,1.29908e-07,0.00505448
21000.0,-0.2246502885,25202.95269,1.29906e-07,0.00505452
21000.0,-0.224686554,25207.2414,1.2991e-07,0.00505482
21000.0,-0.2247163812,25209.95135,1.29903e-07,0.00505486
21000.0,-0.2246701854,25202.14613,1.29909e-07,0.00505466
21000.0,-0.2246742817,25209.09426,1.29909e-07,0.00505461
21000.0,-0.2246244089,25203.10117,1.29904e-07,0.0050546
21000.0,-0.224654102,25210.09858,1.29917e-07,0.00505449
21000.0,-0.224634851,25207.96902,1.29911e-07,0.00505477
21000.0,-0.2246484652,25206.74269,1.29899e-07,0.00505459
Freq,21000,Rs,25206.309091875,2.5741629948246385,Ls,-0.22466247101875,2.3107384367349574e-05
":SOUR:DCS:STAT OFF;:BIAS:STAT OFF;:COMP:BIN:COUN:CLE;:LIST:CLE:ALL;:COMP:BIN:CLE;:AMPL:ALC OFF;:APER MED,4;:BIAS:POL:AUTO OFF;:BIAS:RANG:AUTO ON;:BIAS:VOLT:LEV 0;:COMP:ABIN OFF;:COMP:BIN:COUN:STAT OFF;:COMP:MODE PTOL;:COMP:SLIM -9.9e+037,9.9e+037;:COMP:STAT OFF;:COMP:SWAP OFF;:COMP:TOL:NOM 0;:CURR:LEV 5e-005;:DISP:ENAB ON;:DISP:LINE """";:DISP:WIND:TEXT1:DATA:FMSD:DATA 1e-009;:DISP:WIND:TEXT2:DATA:FMSD:DATA 1e-009;:FORM:ASC:LONG ON;:FORM:BORD NORM;:FORM:DATA ASC,64;:FREQ:CW 21000;:FUNC:DEV1:MODE OFF;:FUNC:DEV1:REF:VAL 0;:FUNC:DEV2:MODE OFF;:FUNC:DEV2:REF:VAL 0;:FUNC:IMP:TYPE LSRS;:FUNC:SMON:IDC:STAT OFF;:FUNC:SMON:VDC:STAT OFF;:INIT:CONT OFF;:LIST:MODE SEQ;:LIST:STIM:TYPE FREQ,NONE;:SOUR:DCS:VOLT:LEV 0;:TRIG:DEL 0;:TRIG:SOUR INT;:TRIG:TDEL 0;:DISP:WIND:TEXT1:DATA:FMSD:STAT OFF;:DISP:WIND:TEXT2:DATA:FMSD:STAT OFF;:FUNC:DCR:RANG:VAL 100;:FUNC:IMP:RANG:VAL 30000;:OUTP:DC:ISOL:LEV:VAL 2e-005;:OUTP:DC:ISOL:STAT OFF;:FUNC:DCR:RANG:AUTO ON;:FUNC:IMP:RANG:AUTO ON;:OUTP:DC:ISOL:LEV:AUTO ON;:DISP:PAGE MEASurement;
"
22000.0,-0.2098002873,19594.28252,1.44415e-07,0.00505452
22000.0,-0.209790425,19595.68034,1.44423e-07,0.00505431
22000.0,-0.209794677,19598.66559,1.44411e-07,0.00505438
22000.0,-0.2097868807,19596.78097,1.44402e-07,0.00505433
22000.0,-0.2098008659,19590.34119,1.4441e-07,0.00505434
22000.0,-0.2098139183,19592.1977,1.44414e-07,0.0050542
22000.0,-0.2098066454,19594.80288,1.44402e-07,0.0050543
22000.0,-0.2097859772,19597.00607,1.44406e-07,0.00505465
22000.0,-0.2098317049,19594.07589,1.44414e-07,0.0050544
22000.0,-0.2097523401,19600.47918,1.44412e-07,0.00505459
22000.0,-0.2098042659,19593.77378,1.44413e-07,0.00505442
22000.0,-0.2097994203,19593.64154,1.4442e-07,0.00505432
22000.0,-0.2097899356,19595.74692,1.44413e-07,0.00505451
22000.0,-0.2097778046,19591.42737,1.44425e-07,0.00505451
22000.0,-0.2097938146,19597.0955,1.44409e-07,0.00505425
22000.0,-0.2098065162,19589.37358,1.44426e-07,0.00505462
Freq,22000,Rs,19594.71068875,2.9828522815649268,Ls,-0.2097959674375,1.719912081562689e-05
":SOUR:DCS:STAT OFF;:BIAS:STAT OFF;:COMP:BIN:COUN:CLE;:LIST:CLE:ALL;:COMP:BIN:CLE;:AMPL:ALC OFF;:APER MED,4;:BIAS:POL:AUTO OFF;:BIAS:RANG:AUTO ON;:BIAS:VOLT:LEV 0;:COMP:ABIN OFF;:COMP:BIN:COUN:STAT OFF;:COMP:MODE PTOL;:COMP:SLIM -9.9e+037,9.9e+037;:COMP:STAT OFF;:COMP:SWAP OFF;:COMP:TOL:NOM 0;:CURR:LEV 5e-005;:DISP:ENAB ON;:DISP:LINE """";:DISP:WIND:TEXT1:DATA:FMSD:DATA 1e-009;:DISP:WIND:TEXT2:DATA:FMSD:DATA 1e-009;:FORM:ASC:LONG ON;:FORM:BORD NORM;:FORM:DATA ASC,64;:FREQ:CW 22000;:FUNC:DEV1:MODE OFF;:FUNC:DEV1:REF:VAL 0;:FUNC:DEV2:MODE OFF;:FUNC:DEV2:REF:VAL 0;:FUNC:IMP:TYPE LSRS;:FUNC:SMON:IDC:STAT OFF;:FUNC:SMON:VDC:STAT OFF;:INIT:CONT OFF;:LIST:MODE SEQ;:LIST:STIM:TYPE FREQ,NONE;:SOUR:DCS:VOLT:LEV 0;:TRIG:DEL 0;:TRIG:SOUR INT;:TRIG:TDEL 0;:DISP:WIND:TEXT1:DATA:FMSD:STAT OFF;:DISP:WIND:TEXT2:DATA:FMSD:STAT OFF;:FUNC:DCR:RANG:VAL 100;:FUNC:IMP:RANG:VAL 30000;:OUTP:DC:ISOL:LEV:VAL 2e-005;:OUTP:DC:ISOL:STAT OFF;:FUNC:DCR:RANG:AUTO ON;:FUNC:IMP:RANG:AUTO ON;:OUTP:DC:ISOL:LEV:AUTO ON;:DISP:PAGE MEASurement;
"
24000.0,-0.1719401675,12172.7553,1.76311e-07,0.00505023
24000.0,-0.1719266654,12173.89472,1.76335e-07,0.00505019
24000.0,-0.171922004,12174.87836,1.7633e-07,0.00505013
24000.0,-0.1719210336,12174.3213,1.76321e-07,0.00504999
24000.0,-0.1719131616,12174.17839,1.76317e-07,0.00505008
24000.0,-0.1719342798,12175.82394,1.76313e-07,0.00505014
24000.0,-0.1719160243,12172.70007,1.76336e-07,0.00505032
24000.0,-0.171909098,12175.05344,1.76321e-07,0.00505022
24000.0,-0.171904933,12174.13454,1.76326e-07,0.00505021
24000.0,-0.1719157941,12174.03814,1.76331e-07,0.00505022
24000.0,-0.1719183384,12173.10598,1.76326e-07,0.00505023
24000.0,-0.1719284529,12174.41501,1.76339e-07,0.00505032
24000.0,-0.171923528,12172.15058,1.76322e-07,0.00505003
24000.0,-0.171928928,12173.29715,1.76329e-07,0.00505041
24000.0,-0.1719211134,12172.78852,1.76342e-07,0.0050504
24000.0,-0.1719123982,12170.40352,1.76322e-07,0.0050502
Freq,24000,Rs,12173.621185,1.306522060178596,Ls,-0.17192099501250002,9.294567822252604e-06
":SOUR:DCS:STAT OFF;:BIAS:STAT OFF;:COMP:BIN:COUN:CLE;:LIST:CLE:ALL;:COMP:BIN:CLE;:AMPL:ALC OFF;:APER MED,4;:BIAS:POL:AUTO OFF;:BIAS:RANG:AUTO ON;:BIAS:VOLT:LEV 0;:COMP:ABIN OFF;:COMP:BIN:COUN:STAT OFF;:COMP:MODE PTOL;:COMP:SLIM -9.9e+037,9.9e+037;:COMP:STAT OFF;:COMP:SWAP OFF;:COMP:TOL:NOM 0;:CURR:LEV 5e-005;:DISP:ENAB ON;:DISP:LINE """";:DISP:WIND:TEXT1:DATA:FMSD:DATA 1e-009;:DISP:WIND:TEXT2:DATA:FMSD:DATA 1e-009;:FORM:ASC:LONG ON;:FORM:BORD NORM;:FORM:DATA ASC,64;:FREQ:CW 24000;:FUNC:DEV1:MODE OFF;:FUNC:DEV1:REF:VAL 0;:FUNC:DEV2:MODE OFF;:FUNC:DEV2:REF:VAL 0;:FUNC:IMP:TYPE LSRS;:FUNC:SMON:IDC:STAT OFF;:FUNC:SMON:VDC:STAT OFF;:INIT:CONT OFF;:LIST:MODE SEQ;:LIST:STIM:TYPE FREQ,NONE;:SOUR:DCS:VOLT:LEV 0;:TRIG:DEL 0;:TRIG:SOUR INT;:TRIG:TDEL 0;:DISP:WIND:TEXT1:DATA:FMSD:STAT OFF;:DISP:WIND:TEXT2:DATA:FMSD:STAT OFF;:FUNC:DCR:RANG:VAL 100;:FUNC:IMP:RANG:VAL 30000;:OUTP:DC:ISOL:LEV:VAL 2e-005;:OUTP:DC:ISOL:STAT OFF;:FUNC:DCR:RANG:AUTO ON;:FUNC:IMP:RANG:AUTO ON;:OUTP:DC:ISOL:LEV:AUTO ON;:DISP:PAGE MEASurement;
"
25000.0,-0.1543339409,9790.878706,1.93376e-07,0.00505677
25000.0,-0.1543619921,9793.046037,1.93378e-07,0.00505686
25000.0,-0.1543597418,9793.288009,1.93395e-07,0.00505686
25000.0,-0.1543656745,9794.961447,1.9339e-07,0.0050568
25000.0,-0.1543489932,9794.095914,1.93404e-07,0.00505692
25000.0,-0.1543721691,9789.215652,1.93385e-07,0.00505693
25000.0,-0.1543540989,9793.044633,1.93384e-07,0.0050569
25000.0,-0.1543691787,9794.008978,1.93379e-07,0.00505688
25000.0,-0.1543488769,9795.091157,1.93386e-07,0.00505688
25000.0,-0.1543395535,9793.899081,1.93384e-07,0.00505679
25000.0,-0.15435144,9793.885375,1.9337e-07,0.00505678
25000.0,-0.1543458557,9795.369342,1.93378e-07,0.00505677
25000.0,-0.1543580531,9793.854782,1.9338e-07,0.00505687
25000.0,-0.1543648643,9790.642942,1.93399e-07,0.00505683
25000.0,-0.1543520702,9795.760757,1.93382e-07,0.00505671
25000.0,-0.154348948,9792.906657,1.93376e-07,0.00505695
Freq,25000,Rs,9793.3718418125,1.7936580363301373,Ls,-0.15435471568125,1.059695974867171e-05
":SOUR:DCS:STAT OFF;:BIAS:STAT OFF;:COMP:BIN:COUN:CLE;:LIST:CLE:ALL;:COMP:BIN:CLE;:AMPL:ALC OFF;:APER MED,4;:BIAS:POL:AUTO OFF;:BIAS:RANG:AUTO ON;:BIAS:VOLT:LEV 0;:COMP:ABIN OFF;:COMP:BIN:COUN:STAT OFF;:COMP:MODE PTOL;:COMP:SLIM -9.9e+037,9.9e+037;:COMP:STAT OFF;:COMP:SWAP OFF;:COMP:TOL:NOM 0;:CURR:LEV 5e-005;:DISP:ENAB ON;:DISP:LINE """";:DISP:WIND:TEXT1:DATA:FMSD:DATA 1e-009;:DISP:WIND:TEXT2:DATA:FMSD:DATA 1e-009;:FORM:ASC:LONG ON;:FORM:BORD NORM;:FORM:DATA ASC,64;:FREQ:CW 25000;:FUNC:DEV1:MODE OFF;:FUNC:DEV1:REF:VAL 0;:FUNC:DEV2:MODE OFF;:FUNC:DEV2:REF:VAL 0;:FUNC:IMP:TYPE LSRS;:FUNC:SMON:IDC:STAT OFF;:FUNC:SMON:VDC:STAT OFF;:INIT:CONT OFF;:LIST:MODE SEQ;:LIST:STIM:TYPE FREQ,NONE;:SOUR:DCS:VOLT:LEV 0;:TRIG:DEL 0;:TRIG:SOUR INT;:TRIG:TDEL 0;:DISP:WIND:TEXT1:DATA:FMSD:STAT OFF;:DISP:WIND:TEXT2:DATA:FMSD:STAT OFF;:FUNC:DCR:RANG:VAL 100;:FUNC:IMP:RANG:VAL 10000;:OUTP:DC:ISOL:LEV:VAL 0.0002;:OUTP:DC:ISOL:STAT OFF;:FUNC:DCR:RANG:AUTO ON;:FUNC:IMP:RANG:AUTO ON;:OUTP:DC:ISOL:LEV:AUTO ON;:DISP:PAGE MEASurement;
"
30000.0,-0.09356614066,3996.322035,2.79335e-07,0.00505145
30000.0,-0.09355955859,3997.437214,2.79349e-07,0.00505145
30000.0,-0.09356213875,3998.504283,2.79341e-07,0.00505148
30000.0,-0.09356774229,3997.194522,2.79337e-07,0.00505155
30000.0,-0.09356140549,3996.27426,2.79337e-07,0.00505155
30000.0,-0.09356394671,3996.937864,2.79333e-07,0.00505153
30000.0,-0.09357087788,3996.782051,2.79355e-07,0.0050515
30000.0,-0.09356771193,3998.875675,2.79325e-07,0.00505152
30000.0,-0.09356342879,3998.937082,2.79294e-07,0.00505145
30000.0,-0.0935651139,3998.701255,2.79325e-07,0.00505142
30000.0,-0.09357802515,3998.411292,2.79343e-07,0.00505153
30000.0,-0.09355834875,3997.988793,2.79338e-07,0.00505142
30000.0,-0.09356495284,3998.359242,2.79334e-07,0.00505125
30000.0,-0.09357183893,3996.023841,2.79349e-07,0.00505151
30000.0,-0.09356956686,3995.867438,2.7936e-07,0.00505151
30000.0,-0.09356488953,3997.083446,2.79324e-07,0.00505159
Freq,30000,Rs,3997.4812683125,1.0660802578453592,Ls,-0.093565980440625,4.974519254208347e-06
":SOUR:DCS:STAT OFF;:BIAS:STAT OFF;:COMP:BIN:COUN:CLE;:LIST:CLE:ALL;:COMP:BIN:CLE;:AMPL:ALC OFF;:APER MED,4;:BIAS:POL:AUTO OFF;:BIAS:RANG:AUTO ON;:BIAS:VOLT:LEV 0;:COMP:ABIN OFF;:COMP:BIN:COUN:STAT OFF;:COMP:MODE PTOL;:COMP:SLIM -9.9e+037,9.9e+037;:COMP:STAT OFF;:COMP:SWAP OFF;:COMP:TOL:NOM 0;:CURR:LEV 5e-005;:DISP:ENAB ON;:DISP:LINE """";:DISP:WIND:TEXT1:DATA:FMSD:DATA 1e-009;:DISP:WIND:TEXT2:DATA:FMSD:DATA 1e-009;:FORM:ASC:LONG ON;:FORM:BORD NORM;:FORM:DATA ASC,64;:FREQ:CW 30000;:FUNC:DEV1:MODE OFF;:FUNC:DEV1:REF:VAL 0;:FUNC:DEV2:MODE OFF;:FUNC:DEV2:REF:VAL 0;:FUNC:IMP:TYPE LSRS;:FUNC:SMON:IDC:STAT OFF;:FUNC:SMON:VDC:STAT OFF;:INIT:CONT OFF;:LIST:MODE SEQ;:LIST:STIM:TYPE FREQ,NONE;:SOUR:DCS:VOLT:LEV 0;:TRIG:DEL 0;:TRIG:SOUR INT;:TRIG:TDEL 0;:DISP:WIND:TEXT1:DATA:FMSD:STAT OFF;:DISP:WIND:TEXT2:DATA:FMSD:STAT OFF;:FUNC:DCR:RANG:VAL 100;:FUNC:IMP:RANG:VAL 10000;:OUTP:DC:ISOL:LEV:VAL 0.0002;:OUTP:DC:ISOL:STAT OFF;:FUNC:DCR:RANG:AUTO ON;:FUNC:IMP:RANG:AUTO ON;:OUTP:DC:ISOL:LEV:AUTO ON;:DISP:PAGE MEASurement;
"
":SOUR:DCS:STAT OFF;:BIAS:STAT OFF;:COMP:BIN:COUN:CLE;:LIST:CLE:ALL;:COMP:BIN:CLE;:AMPL:ALC OFF;:APER MED,4;:BIAS:POL:AUTO OFF;:BIAS:RANG:AUTO ON;:BIAS:VOLT:LEV 0;:COMP:ABIN OFF;:COMP:BIN:COUN:STAT OFF;:COMP:MODE PTOL;:COMP:SLIM -9.9e+037,9.9e+037;:COMP:STAT OFF;:COMP:SWAP OFF;:COMP:TOL:NOM 0;:CURR:LEV 5e-005;:DISP:ENAB ON;:DISP:LINE """";:DISP:WIND:TEXT1:DATA:FMSD:DATA 1e-009;:DISP:WIND:TEXT2:DATA:FMSD:DATA 1e-009;:FORM:ASC:LONG ON;:FORM:BORD NORM;:FORM:DATA ASC,64;:FREQ:CW 30000;:FUNC:DEV1:MODE OFF;:FUNC:DEV1:REF:VAL 0;:FUNC:DEV2:MODE OFF;:FUNC:DEV2:REF:VAL 0;:FUNC:IMP:TYPE LSRS;:FUNC:SMON:IDC:STAT OFF;:FUNC:SMON:VDC:STAT OFF;:INIT:CONT OFF;:LIST:MODE SEQ;:LIST:STIM:TYPE FREQ,NONE;:SOUR:DCS:VOLT:LEV 0;:TRIG:DEL 0;:TRIG:SOUR INT;:TRIG:TDEL 0;:DISP:WIND:TEXT1:DATA:FMSD:STAT OFF;:DISP:WIND:TEXT2:DATA:FMSD:STAT OFF;:FUNC:DCR:RANG:VAL 100;:FUNC:IMP:RANG:VAL 10000;:OUTP:DC:ISOL:LEV:VAL 0.0002;:OUTP:DC:ISOL:STAT OFF;:FUNC:DCR:RANG:AUTO ON;:FUNC:IMP:RANG:AUTO ON;:OUTP:DC:ISOL:LEV:AUTO ON;:DISP:PAGE MEASurement;
"
2024-05-06,09:35:00
---------run finished---------
Frequency,Resistance,uR,Inductance,uL
20,275.91614916875,0.5593571946867748,1.0718427998125,0.003951658489973427
25,284.7530678375,1.0069377474425245,1.0338366234375,0.0048794838789434905
30,292.69943198125,0.64271771401356,1.00119266415625,0.0036049271357385107
40,309.63166055,1.32879022335169,0.95347428383125,0.004431274462012355
53,330.53711705,0.7715594422211088,0.90631474706875,0.002908587404627678
60,341.9306269375,0.6250259528262482,0.8875613241312501,0.0021419527743522294
80,373.8217385375,0.7756044182636643,0.84754139863125,0.001954038824823809
103,410.4823773375,0.6946322913076315,0.8221922785937501,0.0018418174393616607
120,440.87989219375004,0.5084744591441153,0.8268618831625001,0.0009010732196974692
130,460.3258067125,0.8150457129430221,0.80784330610625,0.0007067492802843427
135,465.25277655625,0.7692675650679772,0.829553125225,0.0011080372055769982
140,476.65381473125,1.8484173324920683,0.84814781758125,0.0013623233128081589
145,493.28946629375,2.4835024001431805,0.87333908058125,0.00312960959265306
150,514.66003525625,1.2684780352889748,0.9005088918874999,0.0013190214680491098
155,530.8244666437499,1.021784398990267,0.95331428001875,0.0006953736350656524
160,574.850874075,1.3603416303507136,1.0676288896875001,0.00171465047025489
165,761.6618638812499,2.1399257356020533,1.3017338824375,0.0020986747966523457
170,1710.0123386249998,9.068980226242441,1.6575901684374998,0.005195795615026324
172,2713.001279375,6.544621600262157,0.8302270885187499,0.011477215393051623
175,1511.3401594375,5.508855808901423,-0.3897659952375,0.0028239606691460354
180,730.164278825,1.1209816098515395,0.035952915936874996,0.0009672928457739347
185,609.2830214,0.6117382054840914,0.2440306342875,0.00048380420058348033
200,562.24233705625,0.3827787250092639,0.43966724639375,0.00033364733362707346
220,575.325214425,0.5425576666957176,0.50445019076875,0.000397719805807407
240,598.0891989500001,0.4855258178562903,0.52455308969375,0.0002848938180536432
400,789.8669234874999,0.49583500907541717,0.47594465490625004,0.0002914478762029841
800,1189.223525625,0.23896169586187585,0.40770143748125,5.0474444143757964e-05
1000,1373.2686733125001,0.2411167151284831,0.3846283236125,4.808781963238097e-05
2000,2198.7557565625,0.18808164130182745,0.31906058238125,1.945465241896728e-05
3000,2988.7087836875003,0.32112539344078106,0.2850668472375,1.2277074470131308e-05
4000,3785.8009200625,0.4345891191613837,0.26950014453125004,1.3608819355975665e-05
5000,4687.9161769375,0.3699693893834177,0.25953576971875003,1.3696893518906046e-05
6000,5731.8393961875,0.3371657891515361,0.25359766269375,1.112480760957236e-05
7000,6971.0530063125,0.642107345064025,0.25105820834375003,1.0963370504483405e-05
8000,8498.812195562501,0.5803199705778486,0.25063173534375,1.2520894174558777e-05
10000,12884.11011125,0.9149853071380387,0.25269805443125,1.09837527158816e-05
12000,20304.9897775,2.2297948833665147,0.24862081207499998,3.124540103523419e-05
14000,32598.489894375,2.3593391113478086,0.20616880725625,3.912507762096982e-05
16000,46889.17124125,5.28841379976107,0.0616162362775,4.350898782979275e-05
16500,48938.953508125,6.3000817200748065,0.00811687850675,4.100412643861961e-05
17000,49684.302425625,5.512128215816321,-0.04709187325,4.563016447449677e-05
17500,48992.833947499996,5.9323129902402485,-0.099509129375,5.331780887315383e-05
18000,46961.619390625,8.491313746345519,-0.144844419025,5.523447182259821e-05
18500,43892.112226875004,6.129989964559663,-0.180435292475,4.820336608624365e-05
19000,40176.47903625,6.8460615987934474,-0.20543453061875,4.886089699345747e-05
19500,36200.1617425,4.475538252747212,-0.22058309675624999,3.3430511002774156e-05
20000,32266.853765,5.2319517225065875,-0.22755447459375,2.4683144830145253e-05
20500,28567.60781,3.436333861049744,-0.2283061756125,1.891277091363933e-05
21000,25206.309091875,2.5741629948246385,-0.22466247101875,2.3107384367349574e-05
22000,19594.71068875,2.9828522815649268,-0.2097959674375,1.719912081562689e-05
24000,12173.621185,1.306522060178596,-0.17192099501250002,9.294567822252604e-06
25000,9793.3718418125,1.7936580363301373,-0.15435471568125,1.059695974867171e-05
30000,3997.4812683125,1.0660802578453592,-0.093565980440625,4.974519254208347e-06
lcr name:,KeySight E4980A
Name and description of Resistor under test: ,"mass added, short frequency run"
2024-05-06,10:54:31
select the freq range,"[20, 25, 30, 40, 53, 60, 80, 103, 120, 130, 135, 140, 145, 150, 155, 160, 165, 170, 172, 175, 180, 185, 200, 220, 240, 400, 800, 1000]"
20.0,1.07094854,275.3091714,1.25487e-05,0.00385542
20.0,1.07724387,275.1427896,1.25667e-05,0.00385291
20.0,1.075064599,275.6134663,1.25723e-05,0.00385373
20.0,1.072230046,276.0231925,1.25812e-05,0.00385681
20.0,1.068750428,275.4728151,1.25658e-05,0.00385125
20.0,1.072869958,276.0795489,1.25511e-05,0.00385224
20.0,1.075013569,275.9965413,1.25762e-05,0.00385702
20.0,1.074904019,274.9554288,1.25824e-05,0.0038494
20.0,1.067365112,276.3702061,1.25511e-05,0.00384761
20.0,1.074820115,276.2991409,1.25627e-05,0.00385556
20.0,1.074397856,275.4254914,1.2563e-05,0.00385955
20.0,1.071203896,276.386109,1.25772e-05,0.00385642
20.0,1.070832691,275.8736055,1.25275e-05,0.00385761
20.0,1.067782045,275.0777167,1.25275e-05,0.00385578
20.0,1.056987125,274.6864688,1.25154e-05,0.00385601
20.0,1.076756633,276.13569,1.25627e-05,0.00385288
Freq,20,Rs,275.67796139375,0.5412385343692664,Ls,1.071698156375,0.004955849093750259
":SOUR:DCS:STAT OFF;:BIAS:STAT OFF;:COMP:BIN:COUN:CLE;:LIST:CLE:ALL;:COMP:BIN:CLE;:AMPL:ALC OFF;:APER MED,4;:BIAS:POL:AUTO OFF;:BIAS:RANG:AUTO ON;:BIAS:VOLT:LEV 0;:COMP:ABIN OFF;:COMP:BIN:COUN:STAT OFF;:COMP:MODE PTOL;:COMP:SLIM -9.9e+037,9.9e+037;:COMP:STAT OFF;:COMP:SWAP OFF;:COMP:TOL:NOM 0;:CURR:LEV 5e-005;:DISP:ENAB ON;:DISP:LINE """";:DISP:WIND:TEXT1:DATA:FMSD:DATA 1e-009;:DISP:WIND:TEXT2:DATA:FMSD:DATA 1e-009;:FORM:ASC:LONG ON;:FORM:BORD NORM;:FORM:DATA ASC,64;:FREQ:CW 20;:FUNC:DEV1:MODE OFF;:FUNC:DEV1:REF:VAL 0;:FUNC:DEV2:MODE OFF;:FUNC:DEV2:REF:VAL 0;:FUNC:IMP:TYPE LSRS;:FUNC:SMON:IDC:STAT OFF;:FUNC:SMON:VDC:STAT OFF;:INIT:CONT OFF;:LIST:MODE SEQ;:LIST:STIM:TYPE FREQ,NONE;:SOUR:DCS:VOLT:LEV 0;:TRIG:DEL 0;:TRIG:SOUR INT;:TRIG:TDEL 0;:DISP:WIND:TEXT1:DATA:FMSD:STAT OFF;:DISP:WIND:TEXT2:DATA:FMSD:STAT OFF;:FUNC:DCR:RANG:VAL 100;:FUNC:IMP:RANG:VAL 300;:OUTP:DC:ISOL:LEV:VAL 0.002;:OUTP:DC:ISOL:STAT OFF;:FUNC:DCR:RANG:AUTO ON;:FUNC:IMP:RANG:AUTO ON;:OUTP:DC:ISOL:LEV:AUTO ON;:DISP:PAGE MEASurement;
"
25.0,1.03403859,283.9306966,1.1946e-05,0.00389677
25.0,1.024331093,284.6201361,1.19417e-05,0.003894
25.0,1.029229126,284.6495565,1.19413e-05,0.00389704
25.0,1.026380955,283.443338,1.19171e-05,0.00389801
25.0,1.027524458,284.5908562,1.19121e-05,0.00390003
25.0,1.028130492,285.0558747,1.18993e-05,0.00390045
25.0,1.030177909,284.6558075,1.18942e-05,0.00389762
25.0,1.026139596,284.1484997,1.19406e-05,0.00390148
25.0,1.033637608,285.61218,1.18792e-05,0.00390181
25.0,1.031886852,283.7006382,1.19112e-05,0.00390291
25.0,1.032118262,284.5661893,1.18943e-05,0.00389634
25.0,1.032435265,282.4106671,1.19409e-05,0.00389902
25.0,1.030748137,285.3583969,1.19085e-05,0.00389284
25.0,1.027290658,283.470124,1.19013e-05,0.00390113
25.0,1.043603666,286.7434107,1.1878e-05,0.00389988
25.0,1.028000877,283.848173,1.19214e-05,0.00390304
Freq,25,Rs,284.42528403125,1.0117337454861446,Ls,1.0303545965,0.004537626294072233
":SOUR:DCS:STAT OFF;:BIAS:STAT OFF;:COMP:BIN:COUN:CLE;:LIST:CLE:ALL;:COMP:BIN:CLE;:AMPL:ALC OFF;:APER MED,4;:BIAS:POL:AUTO OFF;:BIAS:RANG:AUTO ON;:BIAS:VOLT:LEV 0;:COMP:ABIN OFF;:COMP:BIN:COUN:STAT OFF;:COMP:MODE PTOL;:COMP:SLIM -9.9e+037,9.9e+037;:COMP:STAT OFF;:COMP:SWAP OFF;:COMP:TOL:NOM 0;:CURR:LEV 5e-005;:DISP:ENAB ON;:DISP:LINE """";:DISP:WIND:TEXT1:DATA:FMSD:DATA 1e-009;:DISP:WIND:TEXT2:DATA:FMSD:DATA 1e-009;:FORM:ASC:LONG ON;:FORM:BORD NORM;:FORM:DATA ASC,64;:FREQ:CW 25;:FUNC:DEV1:MODE OFF;:FUNC:DEV1:REF:VAL 0;:FUNC:DEV2:MODE OFF;:FUNC:DEV2:REF:VAL 0;:FUNC:IMP:TYPE LSRS;:FUNC:SMON:IDC:STAT OFF;:FUNC:SMON:VDC:STAT OFF;:INIT:CONT OFF;:LIST:MODE SEQ;:LIST:STIM:TYPE FREQ,NONE;:SOUR:DCS:VOLT:LEV 0;:TRIG:DEL 0;:TRIG:SOUR INT;:TRIG:TDEL 0;:DISP:WIND:TEXT1:DATA:FMSD:STAT OFF;:DISP:WIND:TEXT2:DATA:FMSD:STAT OFF;:FUNC:DCR:RANG:VAL 100;:FUNC:IMP:RANG:VAL 300;:OUTP:DC:ISOL:LEV:VAL 0.002;:OUTP:DC:ISOL:STAT OFF;:FUNC:DCR:RANG:AUTO ON;:FUNC:IMP:RANG:AUTO ON;:OUTP:DC:ISOL:LEV:AUTO ON;:DISP:PAGE MEASurement;
"
30.0,1.002949471,292.0664315,1.15729e-05,0.00403135
30.0,0.9992938753,292.4914783,1.15636e-05,0.0040291
30.0,1.0025098,292.8240309,1.15457e-05,0.00403147
30.0,1.003192571,292.0704132,1.15687e-05,0.0040342
30.0,1.0001032,292.4956203,1.15979e-05,0.00403038
30.0,0.9991844036,293.2419727,1.15939e-05,0.00403163
30.0,1.004418112,292.8449295,1.15603e-05,0.00403174
30.0,1.003679108,292.5118497,1.15965e-05,0.00402958
30.0,1.003071614,292.9716418,1.15688e-05,0.0040325
30.0,0.9957792073,292.5718827,1.15387e-05,0.00403003
30.0,1.000262166,292.6813159,1.15394e-05,0.0040308
30.0,1.003019084,292.617605,1.15594e-05,0.00403198
30.0,1.000179513,293.5567043,1.15895e-05,0.00403112
30.0,0.9999075109,291.9226181,1.15627e-05,0.00403206
30.0,0.9994894394,291.8968996,1.1568e-05,0.00403318
30.0,0.9978332665,292.5554372,1.15861e-05,0.00403427
Freq,30,Rs,292.58255191874997,0.45675187690877844,Ls,1.000929521375,0.002408685980550189
":SOUR:DCS:STAT OFF;:BIAS:STAT OFF;:COMP:BIN:COUN:CLE;:LIST:CLE:ALL;:COMP:BIN:CLE;:AMPL:ALC OFF;:APER MED,4;:BIAS:POL:AUTO OFF;:BIAS:RANG:AUTO ON;:BIAS:VOLT:LEV 0;:COMP:ABIN OFF;:COMP:BIN:COUN:STAT OFF;:COMP:MODE PTOL;:COMP:SLIM -9.9e+037,9.9e+037;:COMP:STAT OFF;:COMP:SWAP OFF;:COMP:TOL:NOM 0;:CURR:LEV 5e-005;:DISP:ENAB ON;:DISP:LINE """";:DISP:WIND:TEXT1:DATA:FMSD:DATA 1e-009;:DISP:WIND:TEXT2:DATA:FMSD:DATA 1e-009;:FORM:ASC:LONG ON;:FORM:BORD NORM;:FORM:DATA ASC,64;:FREQ:CW 30;:FUNC:DEV1:MODE OFF;:FUNC:DEV1:REF:VAL 0;:FUNC:DEV2:MODE OFF;:FUNC:DEV2:REF:VAL 0;:FUNC:IMP:TYPE LSRS;:FUNC:SMON:IDC:STAT OFF;:FUNC:SMON:VDC:STAT OFF;:INIT:CONT OFF;:LIST:MODE SEQ;:LIST:STIM:TYPE FREQ,NONE;:SOUR:DCS:VOLT:LEV 0;:TRIG:DEL 0;:TRIG:SOUR INT;:TRIG:TDEL 0;:DISP:WIND:TEXT1:DATA:FMSD:STAT OFF;:DISP:WIND:TEXT2:DATA:FMSD:STAT OFF;:FUNC:DCR:RANG:VAL 100;:FUNC:IMP:RANG:VAL 300;:OUTP:DC:ISOL:LEV:VAL 0.002;:OUTP:DC:ISOL:STAT OFF;:FUNC:DCR:RANG:AUTO ON;:FUNC:IMP:RANG:AUTO ON;:OUTP:DC:ISOL:LEV:AUTO ON;:DISP:PAGE MEASurement;
"
40.0,0.9581091887,308.1330657,1.05823e-05,0.00414442
40.0,0.9554929357,310.9587392,1.05869e-05,0.00414741
40.0,0.9588614667,308.8293615,1.05775e-05,0.00414712
40.0,0.9551501951,308.3676434,1.05643e-05,0.00414788
40.0,0.9567812406,307.5667573,1.05994e-05,0.00414818
40.0,0.9507431689,307.7568207,1.06167e-05,0.0041517
40.0,0.9514773171,309.2075783,1.06009e-05,0.0041523
40.0,0.9514004337,309.0119217,1.06464e-05,0.0041518
40.0,0.9508299385,311.1436638,1.06392e-05,0.00415134
40.0,0.9551964036,311.1171083,1.05878e-05,0.00414871
40.0,0.9615892475,308.2206516,1.06005e-05,0.00414685
40.0,0.9554549728,308.5947203,1.05724e-05,0.00414943
40.0,0.9519856593,307.5486771,1.05854e-05,0.00415277
40.0,0.9493477863,309.3741788,1.06426e-05,0.00415417
40.0,0.9510017798,311.0493956,1.06357e-05,0.00415155
40.0,0.9593163061,309.4569589,1.05957e-05,0.00414743
Freq,40,Rs,309.14607763749996,1.2864156267279439,Ls,0.954546127525,0.0036960368353997413
":SOUR:DCS:STAT OFF;:BIAS:STAT OFF;:COMP:BIN:COUN:CLE;:LIST:CLE:ALL;:COMP:BIN:CLE;:AMPL:ALC OFF;:APER MED,4;:BIAS:POL:AUTO OFF;:BIAS:RANG:AUTO ON;:BIAS:VOLT:LEV 0;:COMP:ABIN OFF;:COMP:BIN:COUN:STAT OFF;:COMP:MODE PTOL;:COMP:SLIM -9.9e+037,9.9e+037;:COMP:STAT OFF;:COMP:SWAP OFF;:COMP:TOL:NOM 0;:CURR:LEV 5e-005;:DISP:ENAB ON;:DISP:LINE """";:DISP:WIND:TEXT1:DATA:FMSD:DATA 1e-009;:DISP:WIND:TEXT2:DATA:FMSD:DATA 1e-009;:FORM:ASC:LONG ON;:FORM:BORD NORM;:FORM:DATA ASC,64;:FREQ:CW 40;:FUNC:DEV1:MODE OFF;:FUNC:DEV1:REF:VAL 0;:FUNC:DEV2:MODE OFF;:FUNC:DEV2:REF:VAL 0;:FUNC:IMP:TYPE LSRS;:FUNC:SMON:IDC:STAT OFF;:FUNC:SMON:VDC:STAT OFF;:INIT:CONT OFF;:LIST:MODE SEQ;:LIST:STIM:TYPE FREQ,NONE;:SOUR:DCS:VOLT:LEV 0;:TRIG:DEL 0;:TRIG:SOUR INT;:TRIG:TDEL 0;:DISP:WIND:TEXT1:DATA:FMSD:STAT OFF;:DISP:WIND:TEXT2:DATA:FMSD:STAT OFF;:FUNC:DCR:RANG:VAL 100;:FUNC:IMP:RANG:VAL 300;:OUTP:DC:ISOL:LEV:VAL 0.002;:OUTP:DC:ISOL:STAT OFF;:FUNC:DCR:RANG:AUTO ON;:FUNC:IMP:RANG:AUTO ON;:OUTP:DC:ISOL:LEV:AUTO ON;:DISP:PAGE MEASurement;
"
53.0,0.9079981502,329.2825468,9.52707e-06,0.00425299
53.0,0.9070642961,329.9658164,9.49824e-06,0.00425233
53.0,0.9038707477,330.9204464,9.49698e-06,0.00425241
53.0,0.9079247288,330.2985539,9.50839e-06,0.00425203
53.0,0.9063961317,330.4779304,9.49234e-06,0.00425279
53.0,0.9066255681,330.617878,9.50285e-06,0.00425154
53.0,0.9077193058,329.8592966,9.51712e-06,0.00425382
53.0,0.9081654187,331.2197567,9.48348e-06,0.00425315
53.0,0.9076251087,331.136576,9.48572e-06,0.00425442
53.0,0.9068675279,330.7306216,9.49861e-06,0.00425085
53.0,0.9056451363,330.9585028,9.50766e-06,0.00425093
53.0,0.9072895216,329.8289317,9.49494e-06,0.00425149
53.0,0.9085525538,330.9373054,9.48464e-06,0.00425064
53.0,0.9061161401,331.177517,9.50313e-06,0.004251
53.0,0.903923485,331.0526224,9.49362e-06,0.00425277
53.0,0.9059277602,330.9514265,9.49833e-06,0.00425197
Freq,53,Rs,330.58848303750005,0.5820069016512883,Ls,0.90673197379375,0.0013907526169176089
":SOUR:DCS:STAT OFF;:BIAS:STAT OFF;:COMP:BIN:COUN:CLE;:LIST:CLE:ALL;:COMP:BIN:CLE;:AMPL:ALC OFF;:APER MED,4;:BIAS:POL:AUTO OFF;:BIAS:RANG:AUTO ON;:BIAS:VOLT:LEV 0;:COMP:ABIN OFF;:COMP:BIN:COUN:STAT OFF;:COMP:MODE PTOL;:COMP:SLIM -9.9e+037,9.9e+037;:COMP:STAT OFF;:COMP:SWAP OFF;:COMP:TOL:NOM 0;:CURR:LEV 5e-005;:DISP:ENAB ON;:DISP:LINE """";:DISP:WIND:TEXT1:DATA:FMSD:DATA 1e-009;:DISP:WIND:TEXT2:DATA:FMSD:DATA 1e-009;:FORM:ASC:LONG ON;:FORM:BORD NORM;:FORM:DATA ASC,64;:FREQ:CW 53;:FUNC:DEV1:MODE OFF;:FUNC:DEV1:REF:VAL 0;:FUNC:DEV2:MODE OFF;:FUNC:DEV2:REF:VAL 0;:FUNC:IMP:TYPE LSRS;:FUNC:SMON:IDC:STAT OFF;:FUNC:SMON:VDC:STAT OFF;:INIT:CONT OFF;:LIST:MODE SEQ;:LIST:STIM:TYPE FREQ,NONE;:SOUR:DCS:VOLT:LEV 0;:TRIG:DEL 0;:TRIG:SOUR INT;:TRIG:TDEL 0;:DISP:WIND:TEXT1:DATA:FMSD:STAT OFF;:DISP:WIND:TEXT2:DATA:FMSD:STAT OFF;:FUNC:DCR:RANG:VAL 100;:FUNC:IMP:RANG:VAL 300;:OUTP:DC:ISOL:LEV:VAL 0.002;:OUTP:DC:ISOL:STAT OFF;:FUNC:DCR:RANG:AUTO ON;:FUNC:IMP:RANG:AUTO ON;:OUTP:DC:ISOL:LEV:AUTO ON;:DISP:PAGE MEASurement;
"
60.0,0.8895648695,341.2240963,9.03461e-06,0.00432334
60.0,0.8874211316,342.5376948,9.01828e-06,0.00432557
60.0,0.8897333898,342.3873072,9.03548e-06,0.00432576
60.0,0.8865843569,342.1919079,9.02985e-06,0.00432463
60.0,0.8860376133,342.2610423,9.02914e-06,0.00432396
60.0,0.8883972288,341.4267703,9.0483e-06,0.00432287
60.0,0.888114577,341.815928,9.04698e-06,0.0043226
60.0,0.888252146,342.8705286,9.02468e-06,0.00432403
60.0,0.8899491587,341.648489,9.04258e-06,0.00432442
60.0,0.8871083548,341.438674,9.00987e-06,0.00432539
60.0,0.888151714,343.2719748,9.04813e-06,0.00432716
60.0,0.8902401805,341.3924541,9.02452e-06,0.00432263
60.0,0.886602673,342.4769162,9.01644e-06,0.00432403
60.0,0.8901550168,342.2299456,9.06538e-06,0.00432195
60.0,0.8885187535,340.2962516,9.0346e-06,0.00432285
60.0,0.888457405,342.1728643,9.04921e-06,0.00432411
Freq,60,Rs,341.9776778125,0.7255842099205082,Ls,0.888330535575,0.001337674837579399
":SOUR:DCS:STAT OFF;:BIAS:STAT OFF;:COMP:BIN:COUN:CLE;:LIST:CLE:ALL;:COMP:BIN:CLE;:AMPL:ALC OFF;:APER MED,4;:BIAS:POL:AUTO OFF;:BIAS:RANG:AUTO ON;:BIAS:VOLT:LEV 0;:COMP:ABIN OFF;:COMP:BIN:COUN:STAT OFF;:COMP:MODE PTOL;:COMP:SLIM -9.9e+037,9.9e+037;:COMP:STAT OFF;:COMP:SWAP OFF;:COMP:TOL:NOM 0;:CURR:LEV 5e-005;:DISP:ENAB ON;:DISP:LINE """";:DISP:WIND:TEXT1:DATA:FMSD:DATA 1e-009;:DISP:WIND:TEXT2:DATA:FMSD:DATA 1e-009;:FORM:ASC:LONG ON;:FORM:BORD NORM;:FORM:DATA ASC,64;:FREQ:CW 60;:FUNC:DEV1:MODE OFF;:FUNC:DEV1:REF:VAL 0;:FUNC:DEV2:MODE OFF;:FUNC:DEV2:REF:VAL 0;:FUNC:IMP:TYPE LSRS;:FUNC:SMON:IDC:STAT OFF;:FUNC:SMON:VDC:STAT OFF;:INIT:CONT OFF;:LIST:MODE SEQ;:LIST:STIM:TYPE FREQ,NONE;:SOUR:DCS:VOLT:LEV 0;:TRIG:DEL 0;:TRIG:SOUR INT;:TRIG:TDEL 0;:DISP:WIND:TEXT1:DATA:FMSD:STAT OFF;:DISP:WIND:TEXT2:DATA:FMSD:STAT OFF;:FUNC:DCR:RANG:VAL 100;:FUNC:IMP:RANG:VAL 300;:OUTP:DC:ISOL:LEV:VAL 0.002;:OUTP:DC:ISOL:STAT OFF;:FUNC:DCR:RANG:AUTO ON;:FUNC:IMP:RANG:AUTO ON;:OUTP:DC:ISOL:LEV:AUTO ON;:DISP:PAGE MEASurement;
"
80.0,0.8498130239,373.4953682,7.88174e-06,0.00447119
80.0,0.8488378487,372.5267666,7.88908e-06,0.00447359
80.0,0.8519937001,373.7491813,7.87722e-06,0.00447296
80.0,0.8523883006,372.5998706,7.89182e-06,0.00447052
80.0,0.8508073732,373.1102364,7.88924e-06,0.00447271
80.0,0.8478027482,374.7098248,7.88108e-06,0.00446943
80.0,0.8455205199,374.930126,7.8724e-06,0.00446909
80.0,0.8460622122,373.9264193,7.87473e-06,0.00447065
80.0,0.850409986,373.6448915,7.89598e-06,0.00447211
80.0,0.8524754511,374.6408997,7.8696e-06,0.00446935
80.0,0.8481320633,374.957617,7.87209e-06,0.00447105
80.0,0.8479155045,372.5961719,7.88539e-06,0.00447391
80.0,0.8502022214,375.0422786,7.88372e-06,0.00447063
80.0,0.849961432,374.9513312,7.86538e-06,0.00446857
80.0,0.847967553,373.7607887,7.88161e-06,0.00446815
80.0,0.8463687031,373.087233,7.87993e-06,0.00447007
Freq,80,Rs,373.85806279999997,0.9164584757695227,Ls,0.849166165075,0.0021982017038113732
":SOUR:DCS:STAT OFF;:BIAS:STAT OFF;:COMP:BIN:COUN:CLE;:LIST:CLE:ALL;:COMP:BIN:CLE;:AMPL:ALC OFF;:APER MED,4;:BIAS:POL:AUTO OFF;:BIAS:RANG:AUTO ON;:BIAS:VOLT:LEV 0;:COMP:ABIN OFF;:COMP:BIN:COUN:STAT OFF;:COMP:MODE PTOL;:COMP:SLIM -9.9e+037,9.9e+037;:COMP:STAT OFF;:COMP:SWAP OFF;:COMP:TOL:NOM 0;:CURR:LEV 5e-005;:DISP:ENAB ON;:DISP:LINE """";:DISP:WIND:TEXT1:DATA:FMSD:DATA 1e-009;:DISP:WIND:TEXT2:DATA:FMSD:DATA 1e-009;:FORM:ASC:LONG ON;:FORM:BORD NORM;:FORM:DATA ASC,64;:FREQ:CW 80;:FUNC:DEV1:MODE OFF;:FUNC:DEV1:REF:VAL 0;:FUNC:DEV2:MODE OFF;:FUNC:DEV2:REF:VAL 0;:FUNC:IMP:TYPE LSRS;:FUNC:SMON:IDC:STAT OFF;:FUNC:SMON:VDC:STAT OFF;:INIT:CONT OFF;:LIST:MODE SEQ;:LIST:STIM:TYPE FREQ,NONE;:SOUR:DCS:VOLT:LEV 0;:TRIG:DEL 0;:TRIG:SOUR INT;:TRIG:TDEL 0;:DISP:WIND:TEXT1:DATA:FMSD:STAT OFF;:DISP:WIND:TEXT2:DATA:FMSD:STAT OFF;:FUNC:DCR:RANG:VAL 100;:FUNC:IMP:RANG:VAL 300;:OUTP:DC:ISOL:LEV:VAL 0.002;:OUTP:DC:ISOL:STAT OFF;:FUNC:DCR:RANG:AUTO ON;:FUNC:IMP:RANG:AUTO ON;:OUTP:DC:ISOL:LEV:AUTO ON;:DISP:PAGE MEASurement;
"
103.0,0.8324730227,410.9261688,6.84015e-06,0.00460029
103.0,0.8295316016,411.9331136,6.79512e-06,0.00460009
103.0,0.8301377292,410.4858679,6.78878e-06,0.00460104
103.0,0.8298787072,410.9498265,6.79904e-06,0.00460033
103.0,0.8302830249,411.883415,6.80467e-06,0.00460126
103.0,0.8291106092,411.1391111,6.78892e-06,0.00459973
103.0,0.8299457252,411.3037612,6.8096e-06,0.00459832
103.0,0.8312271498,411.5044006,6.78761e-06,0.00460154
103.0,0.8266254439,412.302957,6.79545e-06,0.00459752
103.0,0.8301279681,410.4083554,6.83074e-06,0.00459963
103.0,0.8305032217,411.3377843,6.81109e-06,0.00459802
103.0,0.8325870548,410.3260833,6.78367e-06,0.00460182
103.0,0.8332161091,413.9187345,6.80374e-06,0.00459763
103.0,0.8307110379,410.3893169,6.80196e-06,0.00459801
103.0,0.830440551,411.4046054,6.79455e-06,0.00460309
103.0,0.8334876873,411.8450944,6.7998e-06,0.00460022
Freq,103,Rs,411.37866224375,0.9085204727437022,Ls,0.830642915225,0.0017067026913623654
":SOUR:DCS:STAT OFF;:BIAS:STAT OFF;:COMP:BIN:COUN:CLE;:LIST:CLE:ALL;:COMP:BIN:CLE;:AMPL:ALC OFF;:APER MED,4;:BIAS:POL:AUTO OFF;:BIAS:RANG:AUTO ON;:BIAS:VOLT:LEV 0;:COMP:ABIN OFF;:COMP:BIN:COUN:STAT OFF;:COMP:MODE PTOL;:COMP:SLIM -9.9e+037,9.9e+037;:COMP:STAT OFF;:COMP:SWAP OFF;:COMP:TOL:NOM 0;:CURR:LEV 5e-005;:DISP:ENAB ON;:DISP:LINE """";:DISP:WIND:TEXT1:DATA:FMSD:DATA 1e-009;:DISP:WIND:TEXT2:DATA:FMSD:DATA 1e-009;:FORM:ASC:LONG ON;:FORM:BORD NORM;:FORM:DATA ASC,64;:FREQ:CW 103;:FUNC:DEV1:MODE OFF;:FUNC:DEV1:REF:VAL 0;:FUNC:DEV2:MODE OFF;:FUNC:DEV2:REF:VAL 0;:FUNC:IMP:TYPE LSRS;:FUNC:SMON:IDC:STAT OFF;:FUNC:SMON:VDC:STAT OFF;:INIT:CONT OFF;:LIST:MODE SEQ;:LIST:STIM:TYPE FREQ,NONE;:SOUR:DCS:VOLT:LEV 0;:TRIG:DEL 0;:TRIG:SOUR INT;:TRIG:TDEL 0;:DISP:WIND:TEXT1:DATA:FMSD:STAT OFF;:DISP:WIND:TEXT2:DATA:FMSD:STAT OFF;:FUNC:DCR:RANG:VAL 100;:FUNC:IMP:RANG:VAL 300;:OUTP:DC:ISOL:LEV:VAL 0.002;:OUTP:DC:ISOL:STAT OFF;:FUNC:DCR:RANG:AUTO ON;:FUNC:IMP:RANG:AUTO ON;:OUTP:DC:ISOL:LEV:AUTO ON;:DISP:PAGE MEASurement;
"
120.0,0.875640055,460.2252238,5.82394e-06,0.00468669
120.0,0.875237671,460.6601831,5.82958e-06,0.00468588
120.0,0.8740076096,461.6654373,5.82246e-06,0.00468659
120.0,0.876442388,460.6275399,5.82258e-06,0.00468635
120.0,0.8751658886,461.0989975,5.8266e-06,0.00468767
120.0,0.876212576,461.7163584,5.81862e-06,0.00468632
120.0,0.8781891134,460.522115,5.82383e-06,0.00468595
120.0,0.8774135464,460.9321881,5.8089e-06,0.00468773
120.0,0.876492456,460.4880378,5.82628e-06,0.00468619
120.0,0.8764004266,460.2083616,5.82354e-06,0.00468599
120.0,0.8761529714,461.3156857,5.82673e-06,0.00468724
120.0,0.8750160423,461.246375,5.82257e-06,0.0046882
120.0,0.8769211865,460.5166958,5.81819e-06,0.00468684
120.0,0.8771208115,458.5217526,5.82276e-06,0.00468774
120.0,0.8764722568,460.7638232,5.81789e-06,0.00468654
120.0,0.8769784698,461.4403191,5.82375e-06,0.00468659
Freq,120,Rs,460.74681836875,0.7616527054233478,Ls,0.8762414668062499,0.0010377557305838788
":SOUR:DCS:STAT OFF;:BIAS:STAT OFF;:COMP:BIN:COUN:CLE;:LIST:CLE:ALL;:COMP:BIN:CLE;:AMPL:ALC OFF;:APER MED,4;:BIAS:POL:AUTO OFF;:BIAS:RANG:AUTO ON;:BIAS:VOLT:LEV 0;:COMP:ABIN OFF;:COMP:BIN:COUN:STAT OFF;:COMP:MODE PTOL;:COMP:SLIM -9.9e+037,9.9e+037;:COMP:STAT OFF;:COMP:SWAP OFF;:COMP:TOL:NOM 0;:CURR:LEV 5e-005;:DISP:ENAB ON;:DISP:LINE """";:DISP:WIND:TEXT1:DATA:FMSD:DATA 1e-009;:DISP:WIND:TEXT2:DATA:FMSD:DATA 1e-009;:FORM:ASC:LONG ON;:FORM:BORD NORM;:FORM:DATA ASC,64;:FREQ:CW 120;:FUNC:DEV1:MODE OFF;:FUNC:DEV1:REF:VAL 0;:FUNC:DEV2:MODE OFF;:FUNC:DEV2:REF:VAL 0;:FUNC:IMP:TYPE LSRS;:FUNC:SMON:IDC:STAT OFF;:FUNC:SMON:VDC:STAT OFF;:INIT:CONT OFF;:LIST:MODE SEQ;:LIST:STIM:TYPE FREQ,NONE;:SOUR:DCS:VOLT:LEV 0;:TRIG:DEL 0;:TRIG:SOUR INT;:TRIG:TDEL 0;:DISP:WIND:TEXT1:DATA:FMSD:STAT OFF;:DISP:WIND:TEXT2:DATA:FMSD:STAT OFF;:FUNC:DCR:RANG:VAL 100;:FUNC:IMP:RANG:VAL 300;:OUTP:DC:ISOL:LEV:VAL 0.002;:OUTP:DC:ISOL:STAT OFF;:FUNC:DCR:RANG:AUTO ON;:FUNC:IMP:RANG:AUTO ON;:OUTP:DC:ISOL:LEV:AUTO ON;:DISP:PAGE MEASurement;
"
130.0,0.8110668636,471.8127578,5.76855e-06,0.00468383
130.0,0.8084418032,471.1579276,5.77139e-06,0.00468361
130.0,0.807845488,473.1865618,5.77536e-06,0.00468303
130.0,0.8075878835,473.223049,5.76136e-06,0.00468345
130.0,0.8062232999,472.2201629,5.77522e-06,0.00468576
130.0,0.8099750605,471.5735822,5.76597e-06,0.00468475
130.0,0.8069651454,472.3757253,5.78047e-06,0.00468346
130.0,0.8080160036,471.346701,5.76358e-06,0.00468268
130.0,0.8092857214,473.1106592,5.76921e-06,0.00468444
130.0,0.8082054847,471.6487155,5.77545e-06,0.00468579
130.0,0.8063517204,466.7321115,5.75367e-06,0.00468373
130.0,0.8103412856,472.0769206,5.78313e-06,0.00468416
130.0,0.8079654101,472.6143442,5.77511e-06,0.0046848
130.0,0.8082060842,472.4750199,5.77037e-06,0.00468486
130.0,0.80686888,471.5066467,5.77026e-06,0.00468429
130.0,0.8095124409,473.2157777,5.77017e-06,0.00468415
Freq,130,Rs,471.89229143125,1.5426964351656485,Ls,0.8083036609375001,0.0014130871355334453
":SOUR:DCS:STAT OFF;:BIAS:STAT OFF;:COMP:BIN:COUN:CLE;:LIST:CLE:ALL;:COMP:BIN:CLE;:AMPL:ALC OFF;:APER MED,4;:BIAS:POL:AUTO OFF;:BIAS:RANG:AUTO ON;:BIAS:VOLT:LEV 0;:COMP:ABIN OFF;:COMP:BIN:COUN:STAT OFF;:COMP:MODE PTOL;:COMP:SLIM -9.9e+037,9.9e+037;:COMP:STAT OFF;:COMP:SWAP OFF;:COMP:TOL:NOM 0;:CURR:LEV 5e-005;:DISP:ENAB ON;:DISP:LINE """";:DISP:WIND:TEXT1:DATA:FMSD:DATA 1e-009;:DISP:WIND:TEXT2:DATA:FMSD:DATA 1e-009;:FORM:ASC:LONG ON;:FORM:BORD NORM;:FORM:DATA ASC,64;:FREQ:CW 130;:FUNC:DEV1:MODE OFF;:FUNC:DEV1:REF:VAL 0;:FUNC:DEV2:MODE OFF;:FUNC:DEV2:REF:VAL 0;:FUNC:IMP:TYPE LSRS;:FUNC:SMON:IDC:STAT OFF;:FUNC:SMON:VDC:STAT OFF;:INIT:CONT OFF;:LIST:MODE SEQ;:LIST:STIM:TYPE FREQ,NONE;:SOUR:DCS:VOLT:LEV 0;:TRIG:DEL 0;:TRIG:SOUR INT;:TRIG:TDEL 0;:DISP:WIND:TEXT1:DATA:FMSD:STAT OFF;:DISP:WIND:TEXT2:DATA:FMSD:STAT OFF;:FUNC:DCR:RANG:VAL 100;:FUNC:IMP:RANG:VAL 300;:OUTP:DC:ISOL:LEV:VAL 0.002;:OUTP:DC:ISOL:STAT OFF;:FUNC:DCR:RANG:AUTO ON;:FUNC:IMP:RANG:AUTO ON;:OUTP:DC:ISOL:LEV:AUTO ON;:DISP:PAGE MEASurement;
"
135.0,0.7943957131,469.4991882,5.72058e-06,0.00469573
135.0,0.7937595676,470.7736212,5.72332e-06,0.00469472
135.0,0.7948997143,471.3686481,5.70705e-06,0.00469626
135.0,0.7921148139,471.016593,5.73302e-06,0.0046954
135.0,0.7951600584,468.5960383,5.71477e-06,0.00469638
135.0,0.7959457394,469.8700193,5.71159e-06,0.00469564
135.0,0.7946881439,472.2690107,5.71282e-06,0.00469464
135.0,0.7937390531,471.062032,5.7165e-06,0.00469524
135.0,0.7940909223,467.9781578,5.70984e-06,0.00469442
135.0,0.808435361,471.5189724,5.73592e-06,0.00469176
135.0,0.7916341706,471.8596182,5.72696e-06,0.0046888
135.0,0.7954882583,469.3861643,5.74011e-06,0.00469597
135.0,0.7927934032,471.391719,5.71793e-06,0.00469621
135.0,0.7946968545,468.6436353,5.70755e-06,0.00469528
135.0,0.7912236893,470.2597168,5.71143e-06,0.0046963
135.0,0.7949914488,469.8104219,5.71722e-06,0.00469468
Freq,135,Rs,470.33147228125,1.274686914693776,Ls,0.79487855698125,0.003870689974642914
":SOUR:DCS:STAT OFF;:BIAS:STAT OFF;:COMP:BIN:COUN:CLE;:LIST:CLE:ALL;:COMP:BIN:CLE;:AMPL:ALC OFF;:APER MED,4;:BIAS:POL:AUTO OFF;:BIAS:RANG:AUTO ON;:BIAS:VOLT:LEV 0;:COMP:ABIN OFF;:COMP:BIN:COUN:STAT OFF;:COMP:MODE PTOL;:COMP:SLIM -9.9e+037,9.9e+037;:COMP:STAT OFF;:COMP:SWAP OFF;:COMP:TOL:NOM 0;:CURR:LEV 5e-005;:DISP:ENAB ON;:DISP:LINE """";:DISP:WIND:TEXT1:DATA:FMSD:DATA 1e-009;:DISP:WIND:TEXT2:DATA:FMSD:DATA 1e-009;:FORM:ASC:LONG ON;:FORM:BORD NORM;:FORM:DATA ASC,64;:FREQ:CW 135;:FUNC:DEV1:MODE OFF;:FUNC:DEV1:REF:VAL 0;:FUNC:DEV2:MODE OFF;:FUNC:DEV2:REF:VAL 0;:FUNC:IMP:TYPE LSRS;:FUNC:SMON:IDC:STAT OFF;:FUNC:SMON:VDC:STAT OFF;:INIT:CONT OFF;:LIST:MODE SEQ;:LIST:STIM:TYPE FREQ,NONE;:SOUR:DCS:VOLT:LEV 0;:TRIG:DEL 0;:TRIG:SOUR INT;:TRIG:TDEL 0;:DISP:WIND:TEXT1:DATA:FMSD:STAT OFF;:DISP:WIND:TEXT2:DATA:FMSD:STAT OFF;:FUNC:DCR:RANG:VAL 100;:FUNC:IMP:RANG:VAL 300;:OUTP:DC:ISOL:LEV:VAL 0.002;:OUTP:DC:ISOL:STAT OFF;:FUNC:DCR:RANG:AUTO ON;:FUNC:IMP:RANG:AUTO ON;:OUTP:DC:ISOL:LEV:AUTO ON;:DISP:PAGE MEASurement;
"
140.0,0.8368898594,482.5273328,5.40173e-06,0.00473086
140.0,0.8415600381,481.4773108,5.3698e-06,0.00473134
140.0,0.8364133209,476.5949673,5.3932e-06,0.00473039
140.0,0.8412114377,480.9833972,5.36018e-06,0.00472719
140.0,0.8367597663,482.5071232,5.37963e-06,0.00473084
140.0,0.8374961325,476.5468521,5.37188e-06,0.00473005
140.0,0.8406721446,487.5761947,5.3783e-06,0.00473026
140.0,0.8107371803,483.6346256,5.33382e-06,0.00474827
140.0,0.8273154962,487.9136628,5.34526e-06,0.0047315
140.0,0.8305122971,473.7268811,5.39066e-06,0.00473237
140.0,0.8541762155,476.5829415,5.35503e-06,0.00473277
140.0,0.8398280397,473.9089287,5.36625e-06,0.00473224
140.0,0.8449518976,483.4108321,5.35671e-06,0.0047305
140.0,0.8385023858,486.27065,5.36047e-06,0.00473412
140.0,0.8322185431,484.8645025,5.36297e-06,0.00473283
140.0,0.8356563924,483.7297914,5.37753e-06,0.00473055
Freq,140,Rs,481.39099961249997,4.606352840238362,Ls,0.8365563217,0.00919535613164557
":SOUR:DCS:STAT OFF;:BIAS:STAT OFF;:COMP:BIN:COUN:CLE;:LIST:CLE:ALL;:COMP:BIN:CLE;:AMPL:ALC OFF;:APER MED,4;:BIAS:POL:AUTO OFF;:BIAS:RANG:AUTO ON;:BIAS:VOLT:LEV 0;:COMP:ABIN OFF;:COMP:BIN:COUN:STAT OFF;:COMP:MODE PTOL;:COMP:SLIM -9.9e+037,9.9e+037;:COMP:STAT OFF;:COMP:SWAP OFF;:COMP:TOL:NOM 0;:CURR:LEV 5e-005;:DISP:ENAB ON;:DISP:LINE """";:DISP:WIND:TEXT1:DATA:FMSD:DATA 1e-009;:DISP:WIND:TEXT2:DATA:FMSD:DATA 1e-009;:FORM:ASC:LONG ON;:FORM:BORD NORM;:FORM:DATA ASC,64;:FREQ:CW 140;:FUNC:DEV1:MODE OFF;:FUNC:DEV1:REF:VAL 0;:FUNC:DEV2:MODE OFF;:FUNC:DEV2:REF:VAL 0;:FUNC:IMP:TYPE LSRS;:FUNC:SMON:IDC:STAT OFF;:FUNC:SMON:VDC:STAT OFF;:INIT:CONT OFF;:LIST:MODE SEQ;:LIST:STIM:TYPE FREQ,NONE;:SOUR:DCS:VOLT:LEV 0;:TRIG:DEL 0;:TRIG:SOUR INT;:TRIG:TDEL 0;:DISP:WIND:TEXT1:DATA:FMSD:STAT OFF;:DISP:WIND:TEXT2:DATA:FMSD:STAT OFF;:FUNC:DCR:RANG:VAL 100;:FUNC:IMP:RANG:VAL 300;:OUTP:DC:ISOL:LEV:VAL 0.002;:OUTP:DC:ISOL:STAT OFF;:FUNC:DCR:RANG:AUTO ON;:FUNC:IMP:RANG:AUTO ON;:OUTP:DC:ISOL:LEV:AUTO ON;:DISP:PAGE MEASurement;
"
145.0,0.8716939748,501.3431587,5.06498e-06,0.00475432
145.0,0.8702142382,501.8474218,5.07664e-06,0.0047571
145.0,0.8738090321,501.3309452,5.06988e-06,0.00475666
145.0,0.8719444684,504.310403,5.04423e-06,0.00475466
145.0,0.8714953306,504.8356022,5.08659e-06,0.00475306
145.0,0.8742197906,513.5622056,5.04908e-06,0.00475876
145.0,0.8669203558,502.7490226,5.05409e-06,0.00475422
145.0,0.8689676247,501.0401317,5.05884e-06,0.004755
145.0,0.8716824514,508.7263308,5.05806e-06,0.00475821
145.0,0.8740126578,506.2093808,5.03689e-06,0.00475535
145.0,0.8722753203,506.0996555,5.06978e-06,0.00475376
145.0,0.8466842914,488.6365349,5.03806e-06,0.00475585
145.0,0.8702760039,507.9004734,5.03358e-06,0.0047564
145.0,0.8729047802,508.0670336,5.05488e-06,0.00475677
145.0,0.8737708656,512.4577811,5.05305e-06,0.00475219
145.0,0.8709446933,506.7138175,5.11507e-06,0.00475495
Freq,145,Rs,504.73936865,5.720974386560009,Ls,0.87011349244375,0.00654700394953499
":SOUR:DCS:STAT OFF;:BIAS:STAT OFF;:COMP:BIN:COUN:CLE;:LIST:CLE:ALL;:COMP:BIN:CLE;:AMPL:ALC OFF;:APER MED,4;:BIAS:POL:AUTO OFF;:BIAS:RANG:AUTO ON;:BIAS:VOLT:LEV 0;:COMP:ABIN OFF;:COMP:BIN:COUN:STAT OFF;:COMP:MODE PTOL;:COMP:SLIM -9.9e+037,9.9e+037;:COMP:STAT OFF;:COMP:SWAP OFF;:COMP:TOL:NOM 0;:CURR:LEV 5e-005;:DISP:ENAB ON;:DISP:LINE """";:DISP:WIND:TEXT1:DATA:FMSD:DATA 1e-009;:DISP:WIND:TEXT2:DATA:FMSD:DATA 1e-009;:FORM:ASC:LONG ON;:FORM:BORD NORM;:FORM:DATA ASC,64;:FREQ:CW 145;:FUNC:DEV1:MODE OFF;:FUNC:DEV1:REF:VAL 0;:FUNC:DEV2:MODE OFF;:FUNC:DEV2:REF:VAL 0;:FUNC:IMP:TYPE LSRS;:FUNC:SMON:IDC:STAT OFF;:FUNC:SMON:VDC:STAT OFF;:INIT:CONT OFF;:LIST:MODE SEQ;:LIST:STIM:TYPE FREQ,NONE;:SOUR:DCS:VOLT:LEV 0;:TRIG:DEL 0;:TRIG:SOUR INT;:TRIG:TDEL 0;:DISP:WIND:TEXT1:DATA:FMSD:STAT OFF;:DISP:WIND:TEXT2:DATA:FMSD:STAT OFF;:FUNC:DCR:RANG:VAL 100;:FUNC:IMP:RANG:VAL 300;:OUTP:DC:ISOL:LEV:VAL 0.002;:OUTP:DC:ISOL:STAT OFF;:FUNC:DCR:RANG:AUTO ON;:FUNC:IMP:RANG:AUTO ON;:OUTP:DC:ISOL:LEV:AUTO ON;:DISP:PAGE MEASurement;
"
150.0,0.907012338,530.9004533,4.75017e-06,0.00477726
150.0,0.9105226945,529.2562464,4.72414e-06,0.00477905
150.0,0.9149909842,533.5184176,4.73241e-06,0.00477724
150.0,0.9068173013,529.1176228,4.74158e-06,0.00477589
150.0,0.9063583107,528.9666396,4.69074e-06,0.00477708
150.0,0.9081769326,534.3972988,4.7377e-06,0.00477731
150.0,0.9130116266,532.7837336,4.74689e-06,0.00477681
150.0,0.9109952206,533.8881318,4.73672e-06,0.00477624
150.0,0.9081834144,530.2813318,4.7241e-06,0.0047762
150.0,0.9106355726,530.8427306,4.72597e-06,0.00477595
150.0,0.911921481,530.4614841,4.73686e-06,0.00477752
150.0,0.9094440946,532.7041761,4.72687e-06,0.00477522
150.0,0.9069230582,536.0798711,4.72646e-06,0.00477657
150.0,0.911621575,531.2324364,4.734e-06,0.00477696
150.0,0.9106921632,529.4138871,4.71675e-06,0.00477588
150.0,0.9072610298,529.458635,4.74082e-06,0.00477624
Freq,150,Rs,531.45644350625,2.180033967228829,Ls,0.9096604873312499,0.002540650057836251
":SOUR:DCS:STAT OFF;:BIAS:STAT OFF;:COMP:BIN:COUN:CLE;:LIST:CLE:ALL;:COMP:BIN:CLE;:AMPL:ALC OFF;:APER MED,4;:BIAS:POL:AUTO OFF;:BIAS:RANG:AUTO ON;:BIAS:VOLT:LEV 0;:COMP:ABIN OFF;:COMP:BIN:COUN:STAT OFF;:COMP:MODE PTOL;:COMP:SLIM -9.9e+037,9.9e+037;:COMP:STAT OFF;:COMP:SWAP OFF;:COMP:TOL:NOM 0;:CURR:LEV 5e-005;:DISP:ENAB ON;:DISP:LINE """";:DISP:WIND:TEXT1:DATA:FMSD:DATA 1e-009;:DISP:WIND:TEXT2:DATA:FMSD:DATA 1e-009;:FORM:ASC:LONG ON;:FORM:BORD NORM;:FORM:DATA ASC,64;:FREQ:CW 150;:FUNC:DEV1:MODE OFF;:FUNC:DEV1:REF:VAL 0;:FUNC:DEV2:MODE OFF;:FUNC:DEV2:REF:VAL 0;:FUNC:IMP:TYPE LSRS;:FUNC:SMON:IDC:STAT OFF;:FUNC:SMON:VDC:STAT OFF;:INIT:CONT OFF;:LIST:MODE SEQ;:LIST:STIM:TYPE FREQ,NONE;:SOUR:DCS:VOLT:LEV 0;:TRIG:DEL 0;:TRIG:SOUR INT;:TRIG:TDEL 0;:DISP:WIND:TEXT1:DATA:FMSD:STAT OFF;:DISP:WIND:TEXT2:DATA:FMSD:STAT OFF;:FUNC:DCR:RANG:VAL 100;:FUNC:IMP:RANG:VAL 1000;:OUTP:DC:ISOL:LEV:VAL 0.002;:OUTP:DC:ISOL:STAT OFF;:FUNC:DCR:RANG:AUTO ON;:FUNC:IMP:RANG:AUTO ON;:OUTP:DC:ISOL:LEV:AUTO ON;:DISP:PAGE MEASurement;
"
155.0,1.004086074,570.2333249,4.25962e-06,0.00482087
155.0,1.003249998,566.8205924,4.2674e-06,0.00481923
155.0,1.004409225,567.9431443,4.2603e-06,0.00482191
155.0,1.004985225,574.5778998,4.25939e-06,0.00482088
155.0,1.005223191,569.7332485,4.26211e-06,0.00482014
155.0,1.004023226,565.521357,4.25326e-06,0.00481863
155.0,1.006394549,567.7504147,4.26727e-06,0.00482026
155.0,1.006711966,570.4870262,4.26205e-06,0.00482018
155.0,1.006806408,568.6796567,4.2667e-06,0.00482127
155.0,1.007002978,568.0813222,4.26275e-06,0.00481974
155.0,1.003125142,567.446066,4.25562e-06,0.00482086
155.0,1.00392439,569.0326987,4.25934e-06,0.00481902
155.0,1.003051364,572.5712048,4.2579e-06,0.00482059
155.0,1.006185526,570.3705973,4.26489e-06,0.00482012
155.0,1.004217047,566.2344689,4.25031e-06,0.00482009
155.0,1.006863787,568.5831762,4.26661e-06,0.00482122
Freq,155,Rs,569.0041374125001,2.319887622553269,Ls,1.0050162560000002,0.0014458838322223377
":SOUR:DCS:STAT OFF;:BIAS:STAT OFF;:COMP:BIN:COUN:CLE;:LIST:CLE:ALL;:COMP:BIN:CLE;:AMPL:ALC OFF;:APER MED,4;:BIAS:POL:AUTO OFF;:BIAS:RANG:AUTO ON;:BIAS:VOLT:LEV 0;:COMP:ABIN OFF;:COMP:BIN:COUN:STAT OFF;:COMP:MODE PTOL;:COMP:SLIM -9.9e+037,9.9e+037;:COMP:STAT OFF;:COMP:SWAP OFF;:COMP:TOL:NOM 0;:CURR:LEV 5e-005;:DISP:ENAB ON;:DISP:LINE """";:DISP:WIND:TEXT1:DATA:FMSD:DATA 1e-009;:DISP:WIND:TEXT2:DATA:FMSD:DATA 1e-009;:FORM:ASC:LONG ON;:FORM:BORD NORM;:FORM:DATA ASC,64;:FREQ:CW 155;:FUNC:DEV1:MODE OFF;:FUNC:DEV1:REF:VAL 0;:FUNC:DEV2:MODE OFF;:FUNC:DEV2:REF:VAL 0;:FUNC:IMP:TYPE LSRS;:FUNC:SMON:IDC:STAT OFF;:FUNC:SMON:VDC:STAT OFF;:INIT:CONT OFF;:LIST:MODE SEQ;:LIST:STIM:TYPE FREQ,NONE;:SOUR:DCS:VOLT:LEV 0;:TRIG:DEL 0;:TRIG:SOUR INT;:TRIG:TDEL 0;:DISP:WIND:TEXT1:DATA:FMSD:STAT OFF;:DISP:WIND:TEXT2:DATA:FMSD:STAT OFF;:FUNC:DCR:RANG:VAL 100;:FUNC:IMP:RANG:VAL 1000;:OUTP:DC:ISOL:LEV:VAL 0.002;:OUTP:DC:ISOL:STAT OFF;:FUNC:DCR:RANG:AUTO ON;:FUNC:IMP:RANG:AUTO ON;:OUTP:DC:ISOL:LEV:AUTO ON;:DISP:PAGE MEASurement;
"
160.0,1.292006303,731.9848801,3.31434e-06,0.00487622
160.0,1.257699439,741.6928058,3.31855e-06,0.00487579
160.0,1.257281258,738.0881128,3.32157e-06,0.004877
160.0,1.257966857,735.2435348,3.32378e-06,0.00487593
160.0,1.265283092,737.1821798,3.35314e-06,0.00487573
160.0,1.253419326,740.4142357,3.31885e-06,0.00487663
160.0,1.266143091,741.8954111,3.33301e-06,0.00487626
160.0,1.258453392,741.6908635,3.32306e-06,0.00487734
160.0,1.256609925,738.282473,3.3105e-06,0.00487605
160.0,1.260671095,738.546413,3.33042e-06,0.00487653
160.0,1.261231357,747.5718821,3.31273e-06,0.00487677
160.0,1.256994687,742.1034032,3.32586e-06,0.00487437
160.0,1.261440828,734.4019839,3.31816e-06,0.00487332
160.0,1.258747278,744.8113602,3.32105e-06,0.00487704
160.0,1.257725205,739.5272009,3.31938e-06,0.00487443
160.0,1.255304908,741.3516224,3.32555e-06,0.00487611
Freq,160,Rs,739.67427264375,3.9124643124447154,Ls,1.2610611275624999,0.008899087109830596
":SOUR:DCS:STAT OFF;:BIAS:STAT OFF;:COMP:BIN:COUN:CLE;:LIST:CLE:ALL;:COMP:BIN:CLE;:AMPL:ALC OFF;:APER MED,4;:BIAS:POL:AUTO OFF;:BIAS:RANG:AUTO ON;:BIAS:VOLT:LEV 0;:COMP:ABIN OFF;:COMP:BIN:COUN:STAT OFF;:COMP:MODE PTOL;:COMP:SLIM -9.9e+037,9.9e+037;:COMP:STAT OFF;:COMP:SWAP OFF;:COMP:TOL:NOM 0;:CURR:LEV 5e-005;:DISP:ENAB ON;:DISP:LINE """";:DISP:WIND:TEXT1:DATA:FMSD:DATA 1e-009;:DISP:WIND:TEXT2:DATA:FMSD:DATA 1e-009;:FORM:ASC:LONG ON;:FORM:BORD NORM;:FORM:DATA ASC,64;:FREQ:CW 160;:FUNC:DEV1:MODE OFF;:FUNC:DEV1:REF:VAL 0;:FUNC:DEV2:MODE OFF;:FUNC:DEV2:REF:VAL 0;:FUNC:IMP:TYPE LSRS;:FUNC:SMON:IDC:STAT OFF;:FUNC:SMON:VDC:STAT OFF;:INIT:CONT OFF;:LIST:MODE SEQ;:LIST:STIM:TYPE FREQ,NONE;:SOUR:DCS:VOLT:LEV 0;:TRIG:DEL 0;:TRIG:SOUR INT;:TRIG:TDEL 0;:DISP:WIND:TEXT1:DATA:FMSD:STAT OFF;:DISP:WIND:TEXT2:DATA:FMSD:STAT OFF;:FUNC:DCR:RANG:VAL 100;:FUNC:IMP:RANG:VAL 1000;:OUTP:DC:ISOL:LEV:VAL 0.002;:OUTP:DC:ISOL:STAT OFF;:FUNC:DCR:RANG:AUTO ON;:FUNC:IMP:RANG:AUTO ON;:OUTP:DC:ISOL:LEV:AUTO ON;:DISP:PAGE MEASurement;
"
165.0,0.8821096208,1946.912698,2.25206e-06,0.00484864
165.0,0.8571523468,1937.706087,2.24893e-06,0.00484787
165.0,0.8775361724,1934.916754,2.26335e-06,0.00484867
165.0,0.8757406423,1943.895186,2.24251e-06,0.00484917
165.0,0.8797928694,1961.439521,2.25517e-06,0.0048493
165.0,0.8556064048,1948.280012,2.2599e-06,0.00484943
165.0,0.8755483239,1959.147834,2.25559e-06,0.00484866
165.0,0.873822312,1962.701603,2.25884e-06,0.00484756
165.0,0.8651452137,1965.62509,2.26677e-06,0.00484917
165.0,0.864827742,1949.065631,2.25002e-06,0.0048496
165.0,0.8636564812,1960.499276,2.25192e-06,0.00484851
165.0,0.8740392352,1930.818661,2.25617e-06,0.00485075
165.0,0.8836668976,1948.615119,2.26762e-06,0.00484878
165.0,0.897671105,1972.655977,2.26126e-06,0.00484713
165.0,0.8682311727,1953.074693,2.25734e-06,0.00485061
165.0,0.8515372792,1942.203029,2.26848e-06,0.00484785
Freq,165,Rs,1951.0973231875,11.814246250265153,Ls,0.8716302386875001,0.011862413394573506
":SOUR:DCS:STAT OFF;:BIAS:STAT OFF;:COMP:BIN:COUN:CLE;:LIST:CLE:ALL;:COMP:BIN:CLE;:AMPL:ALC OFF;:APER MED,4;:BIAS:POL:AUTO OFF;:BIAS:RANG:AUTO ON;:BIAS:VOLT:LEV 0;:COMP:ABIN OFF;:COMP:BIN:COUN:STAT OFF;:COMP:MODE PTOL;:COMP:SLIM -9.9e+037,9.9e+037;:COMP:STAT OFF;:COMP:SWAP OFF;:COMP:TOL:NOM 0;:CURR:LEV 5e-005;:DISP:ENAB ON;:DISP:LINE """";:DISP:WIND:TEXT1:DATA:FMSD:DATA 1e-009;:DISP:WIND:TEXT2:DATA:FMSD:DATA 1e-009;:FORM:ASC:LONG ON;:FORM:BORD NORM;:FORM:DATA ASC,64;:FREQ:CW 165;:FUNC:DEV1:MODE OFF;:FUNC:DEV1:REF:VAL 0;:FUNC:DEV2:MODE OFF;:FUNC:DEV2:REF:VAL 0;:FUNC:IMP:TYPE LSRS;:FUNC:SMON:IDC:STAT OFF;:FUNC:SMON:VDC:STAT OFF;:INIT:CONT OFF;:LIST:MODE SEQ;:LIST:STIM:TYPE FREQ,NONE;:SOUR:DCS:VOLT:LEV 0;:TRIG:DEL 0;:TRIG:SOUR INT;:TRIG:TDEL 0;:DISP:WIND:TEXT1:DATA:FMSD:STAT OFF;:DISP:WIND:TEXT2:DATA:FMSD:STAT OFF;:FUNC:DCR:RANG:VAL 100;:FUNC:IMP:RANG:VAL 1000;:OUTP:DC:ISOL:LEV:VAL 0.002;:OUTP:DC:ISOL:STAT OFF;:FUNC:DCR:RANG:AUTO ON;:FUNC:IMP:RANG:AUTO ON;:OUTP:DC:ISOL:LEV:AUTO ON;:DISP:PAGE MEASurement;
"
170.0,0.01214794983,916.4491065,4.98869e-06,0.00455664
170.0,0.0131780692,915.6864332,4.98705e-06,0.00455809
170.0,0.01200604998,913.4718827,4.98142e-06,0.00455702
170.0,0.01324279123,914.8345891,4.97622e-06,0.00455714
170.0,0.01072387714,914.9503959,4.97024e-06,0.00455632
170.0,0.01317638394,917.387406,4.97484e-06,0.00455686
170.0,0.009601927153,915.4838646,4.97557e-06,0.00455741
170.0,0.01360771356,916.6136844,4.97315e-06,0.00455766
170.0,0.01405226342,914.8559095,4.98566e-06,0.00455611
170.0,0.01336933434,914.8470459,4.97343e-06,0.00455762
170.0,0.01369798953,916.0022883,4.97157e-06,0.00455727
170.0,0.01451321062,915.6658022,4.97566e-06,0.00455656
170.0,0.01064164818,916.7163324,4.9748e-06,0.00455823
170.0,0.01027827521,913.6495429,4.98352e-06,0.00455838
170.0,0.01188740903,916.7613048,4.97573e-06,0.00455707
170.0,0.0121173753,915.0555579,4.96835e-06,0.00455734
Freq,170,Rs,915.52694664375,1.1074882530087597,Ls,0.0123901417289375,0.0014603416515122619
":SOUR:DCS:STAT OFF;:BIAS:STAT OFF;:COMP:BIN:COUN:CLE;:LIST:CLE:ALL;:COMP:BIN:CLE;:AMPL:ALC OFF;:APER MED,4;:BIAS:POL:AUTO OFF;:BIAS:RANG:AUTO ON;:BIAS:VOLT:LEV 0;:COMP:ABIN OFF;:COMP:BIN:COUN:STAT OFF;:COMP:MODE PTOL;:COMP:SLIM -9.9e+037,9.9e+037;:COMP:STAT OFF;:COMP:SWAP OFF;:COMP:TOL:NOM 0;:CURR:LEV 5e-005;:DISP:ENAB ON;:DISP:LINE """";:DISP:WIND:TEXT1:DATA:FMSD:DATA 1e-009;:DISP:WIND:TEXT2:DATA:FMSD:DATA 1e-009;:FORM:ASC:LONG ON;:FORM:BORD NORM;:FORM:DATA ASC,64;:FREQ:CW 170;:FUNC:DEV1:MODE OFF;:FUNC:DEV1:REF:VAL 0;:FUNC:DEV2:MODE OFF;:FUNC:DEV2:REF:VAL 0;:FUNC:IMP:TYPE LSRS;:FUNC:SMON:IDC:STAT OFF;:FUNC:SMON:VDC:STAT OFF;:INIT:CONT OFF;:LIST:MODE SEQ;:LIST:STIM:TYPE FREQ,NONE;:SOUR:DCS:VOLT:LEV 0;:TRIG:DEL 0;:TRIG:SOUR INT;:TRIG:TDEL 0;:DISP:WIND:TEXT1:DATA:FMSD:STAT OFF;:DISP:WIND:TEXT2:DATA:FMSD:STAT OFF;:FUNC:DCR:RANG:VAL 100;:FUNC:IMP:RANG:VAL 300;:OUTP:DC:ISOL:LEV:VAL 0.002;:OUTP:DC:ISOL:STAT OFF;:FUNC:DCR:RANG:AUTO ON;:FUNC:IMP:RANG:AUTO ON;:OUTP:DC:ISOL:LEV:AUTO ON;:DISP:PAGE MEASurement;
"
172.0,0.1474845524,748.6639371,5.83982e-06,0.00448165
172.0,0.1482441759,750.1046514,5.85196e-06,0.0044819
172.0,0.1477375664,749.7415239,5.8343e-06,0.00448226
172.0,0.1450933812,749.8058547,5.83442e-06,0.00448245
172.0,0.1467516976,749.2670078,5.8377e-06,0.00448258
172.0,0.1472280359,748.0490768,5.84207e-06,0.00448225
172.0,0.1465302224,751.4017498,5.83182e-06,0.00448216
172.0,0.1463627908,750.451051,5.84201e-06,0.00448301
172.0,0.1454626864,751.0742024,5.83624e-06,0.004483
172.0,0.1453783739,749.9004248,5.83039e-06,0.00448243
172.0,0.1460284606,753.2653239,5.84243e-06,0.00448207
172.0,0.1453119575,751.87358,5.83681e-06,0.0044825
172.0,0.144742434,752.1007925,5.83931e-06,0.00448379
172.0,0.1461700669,751.1094776,5.83844e-06,0.00448284
172.0,0.1483343615,751.1088863,5.84449e-06,0.00448249
172.0,0.1458917532,749.9465678,5.83846e-06,0.00448281
Freq,172,Rs,750.4915067375,1.3356697800506931,Ls,0.1464220322875,0.0011236281622084487
":SOUR:DCS:STAT OFF;:BIAS:STAT OFF;:COMP:BIN:COUN:CLE;:LIST:CLE:ALL;:COMP:BIN:CLE;:AMPL:ALC OFF;:APER MED,4;:BIAS:POL:AUTO OFF;:BIAS:RANG:AUTO ON;:BIAS:VOLT:LEV 0;:COMP:ABIN OFF;:COMP:BIN:COUN:STAT OFF;:COMP:MODE PTOL;:COMP:SLIM -9.9e+037,9.9e+037;:COMP:STAT OFF;:COMP:SWAP OFF;:COMP:TOL:NOM 0;:CURR:LEV 5e-005;:DISP:ENAB ON;:DISP:LINE """";:DISP:WIND:TEXT1:DATA:FMSD:DATA 1e-009;:DISP:WIND:TEXT2:DATA:FMSD:DATA 1e-009;:FORM:ASC:LONG ON;:FORM:BORD NORM;:FORM:DATA ASC,64;:FREQ:CW 172;:FUNC:DEV1:MODE OFF;:FUNC:DEV1:REF:VAL 0;:FUNC:DEV2:MODE OFF;:FUNC:DEV2:REF:VAL 0;:FUNC:IMP:TYPE LSRS;:FUNC:SMON:IDC:STAT OFF;:FUNC:SMON:VDC:STAT OFF;:INIT:CONT OFF;:LIST:MODE SEQ;:LIST:STIM:TYPE FREQ,NONE;:SOUR:DCS:VOLT:LEV 0;:TRIG:DEL 0;:TRIG:SOUR INT;:TRIG:TDEL 0;:DISP:WIND:TEXT1:DATA:FMSD:STAT OFF;:DISP:WIND:TEXT2:DATA:FMSD:STAT OFF;:FUNC:DCR:RANG:VAL 100;:FUNC:IMP:RANG:VAL 300;:OUTP:DC:ISOL:LEV:VAL 0.002;:OUTP:DC:ISOL:STAT OFF;:FUNC:DCR:RANG:AUTO ON;:FUNC:IMP:RANG:AUTO ON;:OUTP:DC:ISOL:LEV:AUTO ON;:DISP:PAGE MEASurement;
"
175.0,0.2744541838,643.5678848,6.2999e-06,0.00447861
175.0,0.2743308988,643.1277994,6.30671e-06,0.00447808
175.0,0.2746647859,643.4474576,6.30101e-06,0.00447796
175.0,0.2742108656,643.1426076,6.30144e-06,0.00447863
175.0,0.2736460437,643.9021688,6.2881e-06,0.00447768
175.0,0.2729119889,643.3991053,6.29781e-06,0.00447778
175.0,0.2749273535,643.9824346,6.3027e-06,0.00447787
175.0,0.2735937609,643.5499305,6.29652e-06,0.00447916
175.0,0.2743648598,643.5726938,6.30831e-06,0.00447788
175.0,0.2751306019,642.2029828,6.29755e-06,0.0044783
175.0,0.2753996918,643.1455722,6.29566e-06,0.00447893
175.0,0.2747738772,644.0889214,6.30999e-06,0.00447881
175.0,0.2742139948,643.9093518,6.30333e-06,0.00447828
175.0,0.2746869383,643.2830704,6.2997e-06,0.0044776
175.0,0.2741888873,643.9111498,6.30929e-06,0.00447841
175.0,0.2752323143,643.0067776,6.30986e-06,0.00447726
Freq,175,Rs,643.4524942749999,0.4783028309706364,Ls,0.27442069040625006,0.0006504318625879175
":SOUR:DCS:STAT OFF;:BIAS:STAT OFF;:COMP:BIN:COUN:CLE;:LIST:CLE:ALL;:COMP:BIN:CLE;:AMPL:ALC OFF;:APER MED,4;:BIAS:POL:AUTO OFF;:BIAS:RANG:AUTO ON;:BIAS:VOLT:LEV 0;:COMP:ABIN OFF;:COMP:BIN:COUN:STAT OFF;:COMP:MODE PTOL;:COMP:SLIM -9.9e+037,9.9e+037;:COMP:STAT OFF;:COMP:SWAP OFF;:COMP:TOL:NOM 0;:CURR:LEV 5e-005;:DISP:ENAB ON;:DISP:LINE """";:DISP:WIND:TEXT1:DATA:FMSD:DATA 1e-009;:DISP:WIND:TEXT2:DATA:FMSD:DATA 1e-009;:FORM:ASC:LONG ON;:FORM:BORD NORM;:FORM:DATA ASC,64;:FREQ:CW 175;:FUNC:DEV1:MODE OFF;:FUNC:DEV1:REF:VAL 0;:FUNC:DEV2:MODE OFF;:FUNC:DEV2:REF:VAL 0;:FUNC:IMP:TYPE LSRS;:FUNC:SMON:IDC:STAT OFF;:FUNC:SMON:VDC:STAT OFF;:INIT:CONT OFF;:LIST:MODE SEQ;:LIST:STIM:TYPE FREQ,NONE;:SOUR:DCS:VOLT:LEV 0;:TRIG:DEL 0;:TRIG:SOUR INT;:TRIG:TDEL 0;:DISP:WIND:TEXT1:DATA:FMSD:STAT OFF;:DISP:WIND:TEXT2:DATA:FMSD:STAT OFF;:FUNC:DCR:RANG:VAL 100;:FUNC:IMP:RANG:VAL 300;:OUTP:DC:ISOL:LEV:VAL 0.002;:OUTP:DC:ISOL:STAT OFF;:FUNC:DCR:RANG:AUTO ON;:FUNC:IMP:RANG:AUTO ON;:OUTP:DC:ISOL:LEV:AUTO ON;:DISP:PAGE MEASurement;
"
180.0,0.3947633914,584.4217676,6.18132e-06,0.00455208
180.0,0.3952827095,583.8002101,6.18571e-06,0.0045511
180.0,0.3949452295,583.8979229,6.1907e-06,0.00455103
180.0,0.3954813124,584.5439336,6.18784e-06,0.00455091
180.0,0.3946019077,583.9920326,6.18669e-06,0.00455043
180.0,0.3934009931,584.4613964,6.179e-06,0.00455104
180.0,0.3942770774,585.8742409,6.17358e-06,0.00455065
180.0,0.3948766895,584.8927068,6.19349e-06,0.00455095
180.0,0.3956393726,584.4036448,6.19283e-06,0.00455049
180.0,0.3954040235,584.6750957,6.18236e-06,0.00455122
180.0,0.3950292537,584.6239785,6.18404e-06,0.00455057
180.0,0.3951076327,584.6687593,6.18082e-06,0.0045512
180.0,0.3956577103,583.8121188,6.18797e-06,0.00455008
180.0,0.3951882312,585.0079874,6.18462e-06,0.00455047
180.0,0.3940272211,584.9754965,6.18358e-06,0.00454986
180.0,0.3936118456,583.170893,6.18835e-06,0.0045502
Freq,180,Rs,584.45138655625,0.6288808057836327,Ls,0.394830912575,0.0006876046371807066
":SOUR:DCS:STAT OFF;:BIAS:STAT OFF;:COMP:BIN:COUN:CLE;:LIST:CLE:ALL;:COMP:BIN:CLE;:AMPL:ALC OFF;:APER MED,4;:BIAS:POL:AUTO OFF;:BIAS:RANG:AUTO ON;:BIAS:VOLT:LEV 0;:COMP:ABIN OFF;:COMP:BIN:COUN:STAT OFF;:COMP:MODE PTOL;:COMP:SLIM -9.9e+037,9.9e+037;:COMP:STAT OFF;:COMP:SWAP OFF;:COMP:TOL:NOM 0;:CURR:LEV 5e-005;:DISP:ENAB ON;:DISP:LINE """";:DISP:WIND:TEXT1:DATA:FMSD:DATA 1e-009;:DISP:WIND:TEXT2:DATA:FMSD:DATA 1e-009;:FORM:ASC:LONG ON;:FORM:BORD NORM;:FORM:DATA ASC,64;:FREQ:CW 180;:FUNC:DEV1:MODE OFF;:FUNC:DEV1:REF:VAL 0;:FUNC:DEV2:MODE OFF;:FUNC:DEV2:REF:VAL 0;:FUNC:IMP:TYPE LSRS;:FUNC:SMON:IDC:STAT OFF;:FUNC:SMON:VDC:STAT OFF;:INIT:CONT OFF;:LIST:MODE SEQ;:LIST:STIM:TYPE FREQ,NONE;:SOUR:DCS:VOLT:LEV 0;:TRIG:DEL 0;:TRIG:SOUR INT;:TRIG:TDEL 0;:DISP:WIND:TEXT1:DATA:FMSD:STAT OFF;:DISP:WIND:TEXT2:DATA:FMSD:STAT OFF;:FUNC:DCR:RANG:VAL 100;:FUNC:IMP:RANG:VAL 300;:OUTP:DC:ISOL:LEV:VAL 0.002;:OUTP:DC:ISOL:STAT OFF;:FUNC:DCR:RANG:AUTO ON;:FUNC:IMP:RANG:AUTO ON;:OUTP:DC:ISOL:LEV:AUTO ON;:DISP:PAGE MEASurement;
"
185.0,0.4600257599,568.3628913,5.89167e-06,0.00460977
185.0,0.4610118699,570.0970324,5.89798e-06,0.00460996
185.0,0.4600195757,571.2079888,5.90127e-06,0.00461115
185.0,0.4603613609,568.2047498,5.9072e-06,0.00461012
185.0,0.4606260014,568.9602808,5.90536e-06,0.00461043
185.0,0.4596945144,568.7212099,5.90382e-06,0.00461044
185.0,0.457682191,566.8960939,5.89959e-06,0.00461039
185.0,0.4629912016,569.4310088,5.90159e-06,0.00460937
185.0,0.4609874309,568.0173518,5.90437e-06,0.00460983
185.0,0.4611140963,566.2601803,5.90291e-06,0.00461053
185.0,0.4608194042,569.1891674,5.9071e-06,0.0046104
185.0,0.4603655192,569.2759409,5.91251e-06,0.0046101
185.0,0.4604005692,568.8817356,5.89805e-06,0.00460929
185.0,0.4602256058,569.0073157,5.89102e-06,0.0046092
185.0,0.4596837605,568.9908973,5.90881e-06,0.00460906
185.0,0.4602852603,568.5204392,5.90256e-06,0.0046084
Freq,185,Rs,568.75151774375,1.144519103142137,Ls,0.460393382575,0.0010613899297481424
":SOUR:DCS:STAT OFF;:BIAS:STAT OFF;:COMP:BIN:COUN:CLE;:LIST:CLE:ALL;:COMP:BIN:CLE;:AMPL:ALC OFF;:APER MED,4;:BIAS:POL:AUTO OFF;:BIAS:RANG:AUTO ON;:BIAS:VOLT:LEV 0;:COMP:ABIN OFF;:COMP:BIN:COUN:STAT OFF;:COMP:MODE PTOL;:COMP:SLIM -9.9e+037,9.9e+037;:COMP:STAT OFF;:COMP:SWAP OFF;:COMP:TOL:NOM 0;:CURR:LEV 5e-005;:DISP:ENAB ON;:DISP:LINE """";:DISP:WIND:TEXT1:DATA:FMSD:DATA 1e-009;:DISP:WIND:TEXT2:DATA:FMSD:DATA 1e-009;:FORM:ASC:LONG ON;:FORM:BORD NORM;:FORM:DATA ASC,64;:FREQ:CW 185;:FUNC:DEV1:MODE OFF;:FUNC:DEV1:REF:VAL 0;:FUNC:DEV2:MODE OFF;:FUNC:DEV2:REF:VAL 0;:FUNC:IMP:TYPE LSRS;:FUNC:SMON:IDC:STAT OFF;:FUNC:SMON:VDC:STAT OFF;:INIT:CONT OFF;:LIST:MODE SEQ;:LIST:STIM:TYPE FREQ,NONE;:SOUR:DCS:VOLT:LEV 0;:TRIG:DEL 0;:TRIG:SOUR INT;:TRIG:TDEL 0;:DISP:WIND:TEXT1:DATA:FMSD:STAT OFF;:DISP:WIND:TEXT2:DATA:FMSD:STAT OFF;:FUNC:DCR:RANG:VAL 100;:FUNC:IMP:RANG:VAL 300;:OUTP:DC:ISOL:LEV:VAL 0.002;:OUTP:DC:ISOL:STAT OFF;:FUNC:DCR:RANG:AUTO ON;:FUNC:IMP:RANG:AUTO ON;:OUTP:DC:ISOL:LEV:AUTO ON;:DISP:PAGE MEASurement;
"
200.0,0.5447346778,579.9459619,5.22951e-06,0.0046962
200.0,0.5456611481,579.2125473,5.23638e-06,0.00469711
200.0,0.5459209377,580.2323885,5.22717e-06,0.004697
200.0,0.5448952387,580.117718,5.22737e-06,0.00469567
200.0,0.5455751424,580.7675844,5.22444e-06,0.00469719
200.0,0.5450885797,580.5337227,5.22711e-06,0.00469789
200.0,0.546191818,580.8086978,5.23273e-06,0.00469595
200.0,0.5446280524,580.4865191,5.22371e-06,0.0046968
200.0,0.5457485004,579.5903993,5.23108e-06,0.00469676
200.0,0.5449100915,581.4705323,5.23205e-06,0.00469608
200.0,0.5460230858,582.7348265,5.22831e-06,0.00469568
200.0,0.5458593795,582.3683556,5.22541e-06,0.00469595
200.0,0.5446528078,580.2225828,5.23179e-06,0.00469642
200.0,0.5452135208,580.3025854,5.22985e-06,0.00469592
200.0,0.5468163084,581.635946,5.22536e-06,0.00469683
200.0,0.5452183216,581.2617678,5.23023e-06,0.0046967
Freq,200,Rs,580.7307584625,0.9570641273647603,Ls,0.5454461006625,0.0006296178466733015
":SOUR:DCS:STAT OFF;:BIAS:STAT OFF;:COMP:BIN:COUN:CLE;:LIST:CLE:ALL;:COMP:BIN:CLE;:AMPL:ALC OFF;:APER MED,4;:BIAS:POL:AUTO OFF;:BIAS:RANG:AUTO ON;:BIAS:VOLT:LEV 0;:COMP:ABIN OFF;:COMP:BIN:COUN:STAT OFF;:COMP:MODE PTOL;:COMP:SLIM -9.9e+037,9.9e+037;:COMP:STAT OFF;:COMP:SWAP OFF;:COMP:TOL:NOM 0;:CURR:LEV 5e-005;:DISP:ENAB ON;:DISP:LINE """";:DISP:WIND:TEXT1:DATA:FMSD:DATA 1e-009;:DISP:WIND:TEXT2:DATA:FMSD:DATA 1e-009;:FORM:ASC:LONG ON;:FORM:BORD NORM;:FORM:DATA ASC,64;:FREQ:CW 200;:FUNC:DEV1:MODE OFF;:FUNC:DEV1:REF:VAL 0;:FUNC:DEV2:MODE OFF;:FUNC:DEV2:REF:VAL 0;:FUNC:IMP:TYPE LSRS;:FUNC:SMON:IDC:STAT OFF;:FUNC:SMON:VDC:STAT OFF;:INIT:CONT OFF;:LIST:MODE SEQ;:LIST:STIM:TYPE FREQ,NONE;:SOUR:DCS:VOLT:LEV 0;:TRIG:DEL 0;:TRIG:SOUR INT;:TRIG:TDEL 0;:DISP:WIND:TEXT1:DATA:FMSD:STAT OFF;:DISP:WIND:TEXT2:DATA:FMSD:STAT OFF;:FUNC:DCR:RANG:VAL 100;:FUNC:IMP:RANG:VAL 300;:OUTP:DC:ISOL:LEV:VAL 0.002;:OUTP:DC:ISOL:STAT OFF;:FUNC:DCR:RANG:AUTO ON;:FUNC:IMP:RANG:AUTO ON;:OUTP:DC:ISOL:LEV:AUTO ON;:DISP:PAGE MEASurement;
"
220.0,0.5151178572,742.4698362,4.5904e-06,0.00471059
220.0,0.5127839164,741.611055,4.59272e-06,0.0047099
220.0,0.5153165777,740.1738057,4.58138e-06,0.00471075
220.0,0.5145361733,742.2654627,4.57389e-06,0.00471056
220.0,0.5149499998,743.5866154,4.5776e-06,0.00471036
220.0,0.5161097296,741.9370965,4.586e-06,0.00471089
220.0,0.5152817905,743.3239022,4.59083e-06,0.00471031
220.0,0.5148972607,743.5009591,4.584e-06,0.00471073
220.0,0.5130263046,742.8078777,4.58969e-06,0.00471021
220.0,0.5145736457,740.3763074,4.58221e-06,0.00471059
220.0,0.5161837239,742.1317589,4.57807e-06,0.00470935
220.0,0.5149674489,739.2119142,4.58381e-06,0.00471033
220.0,0.5165962323,741.6668797,4.58554e-06,0.0047105
220.0,0.5185078477,737.3040285,4.58563e-06,0.00471083
220.0,0.5159260577,740.4504957,4.57677e-06,0.00471115
220.0,0.5178576161,740.1339809,4.58994e-06,0.00471124
Freq,220,Rs,741.4344984875,1.7187911389625128,Ls,0.51541451138125,0.001487080778542734
":SOUR:DCS:STAT OFF;:BIAS:STAT OFF;:COMP:BIN:COUN:CLE;:LIST:CLE:ALL;:COMP:BIN:CLE;:AMPL:ALC OFF;:APER MED,4;:BIAS:POL:AUTO OFF;:BIAS:RANG:AUTO ON;:BIAS:VOLT:LEV 0;:COMP:ABIN OFF;:COMP:BIN:COUN:STAT OFF;:COMP:MODE PTOL;:COMP:SLIM -9.9e+037,9.9e+037;:COMP:STAT OFF;:COMP:SWAP OFF;:COMP:TOL:NOM 0;:CURR:LEV 5e-005;:DISP:ENAB ON;:DISP:LINE """";:DISP:WIND:TEXT1:DATA:FMSD:DATA 1e-009;:DISP:WIND:TEXT2:DATA:FMSD:DATA 1e-009;:FORM:ASC:LONG ON;:FORM:BORD NORM;:FORM:DATA ASC,64;:FREQ:CW 220;:FUNC:DEV1:MODE OFF;:FUNC:DEV1:REF:VAL 0;:FUNC:DEV2:MODE OFF;:FUNC:DEV2:REF:VAL 0;:FUNC:IMP:TYPE LSRS;:FUNC:SMON:IDC:STAT OFF;:FUNC:SMON:VDC:STAT OFF;:INIT:CONT OFF;:LIST:MODE SEQ;:LIST:STIM:TYPE FREQ,NONE;:SOUR:DCS:VOLT:LEV 0;:TRIG:DEL 0;:TRIG:SOUR INT;:TRIG:TDEL 0;:DISP:WIND:TEXT1:DATA:FMSD:STAT OFF;:DISP:WIND:TEXT2:DATA:FMSD:STAT OFF;:FUNC:DCR:RANG:VAL 100;:FUNC:IMP:RANG:VAL 1000;:OUTP:DC:ISOL:LEV:VAL 0.002;:OUTP:DC:ISOL:STAT OFF;:FUNC:DCR:RANG:AUTO ON;:FUNC:IMP:RANG:AUTO ON;:OUTP:DC:ISOL:LEV:AUTO ON;:DISP:PAGE MEASurement;
"
240.0,0.4979788675,619.3986986,4.8613e-06,0.00472219
240.0,0.4969642493,619.1581343,4.85704e-06,0.00472257
240.0,0.4962050246,620.6855872,4.85937e-06,0.00472272
240.0,0.4964174608,620.7764605,4.86659e-06,0.00472192
240.0,0.4960870514,620.0169581,4.85683e-06,0.00472239
240.0,0.49738785,621.0381912,4.8523e-06,0.00472214
240.0,0.4970219786,616.2364024,4.85357e-06,0.0047243
240.0,0.4967572232,619.6684037,4.84777e-06,0.00472102
240.0,0.4968831699,620.6815252,4.85337e-06,0.00472213
240.0,0.4971086035,620.4372506,4.85971e-06,0.00472257
240.0,0.4966078895,620.1672167,4.85392e-06,0.00472148
240.0,0.4967720933,619.4135822,4.85204e-06,0.0047222
240.0,0.4963636854,617.4883385,4.85112e-06,0.00472239
240.0,0.4966410564,620.9741297,4.85724e-06,0.00472147
240.0,0.496323685,620.5228911,4.85744e-06,0.00472208
240.0,0.4971609937,619.8927814,4.85678e-06,0.00472279
Freq,240,Rs,619.7847844625,1.2993507325289606,Ls,0.49679255513125,0.0004853715934379679
":SOUR:DCS:STAT OFF;:BIAS:STAT OFF;:COMP:BIN:COUN:CLE;:LIST:CLE:ALL;:COMP:BIN:CLE;:AMPL:ALC OFF;:APER MED,4;:BIAS:POL:AUTO OFF;:BIAS:RANG:AUTO ON;:BIAS:VOLT:LEV 0;:COMP:ABIN OFF;:COMP:BIN:COUN:STAT OFF;:COMP:MODE PTOL;:COMP:SLIM -9.9e+037,9.9e+037;:COMP:STAT OFF;:COMP:SWAP OFF;:COMP:TOL:NOM 0;:CURR:LEV 5e-005;:DISP:ENAB ON;:DISP:LINE """";:DISP:WIND:TEXT1:DATA:FMSD:DATA 1e-009;:DISP:WIND:TEXT2:DATA:FMSD:DATA 1e-009;:FORM:ASC:LONG ON;:FORM:BORD NORM;:FORM:DATA ASC,64;:FREQ:CW 240;:FUNC:DEV1:MODE OFF;:FUNC:DEV1:REF:VAL 0;:FUNC:DEV2:MODE OFF;:FUNC:DEV2:REF:VAL 0;:FUNC:IMP:TYPE LSRS;:FUNC:SMON:IDC:STAT OFF;:FUNC:SMON:VDC:STAT OFF;:INIT:CONT OFF;:LIST:MODE SEQ;:LIST:STIM:TYPE FREQ,NONE;:SOUR:DCS:VOLT:LEV 0;:TRIG:DEL 0;:TRIG:SOUR INT;:TRIG:TDEL 0;:DISP:WIND:TEXT1:DATA:FMSD:STAT OFF;:DISP:WIND:TEXT2:DATA:FMSD:STAT OFF;:FUNC:DCR:RANG:VAL 100;:FUNC:IMP:RANG:VAL 300;:OUTP:DC:ISOL:LEV:VAL 0.002;:OUTP:DC:ISOL:STAT OFF;:FUNC:DCR:RANG:AUTO ON;:FUNC:IMP:RANG:AUTO ON;:OUTP:DC:ISOL:LEV:AUTO ON;:DISP:PAGE MEASurement;
"
400.0,0.4762961932,791.9129695,3.38701e-06,0.00485841
400.0,0.4768731392,790.8076722,3.38614e-06,0.00485867
400.0,0.4761777557,792.4631145,3.37994e-06,0.00485854
400.0,0.4766785197,792.7145582,3.38144e-06,0.00485906
400.0,0.4766172099,792.2069942,3.38368e-06,0.00485916
400.0,0.4760485307,792.78929,3.38315e-06,0.00485762
400.0,0.4760558584,794.2651684,3.3834e-06,0.00485751
400.0,0.4766770352,792.1731448,3.38282e-06,0.00485851
400.0,0.4773916533,791.7748824,3.38265e-06,0.00485872
400.0,0.4768583544,793.0158026,3.38461e-06,0.00485785
400.0,0.4768303519,792.5967354,3.37832e-06,0.00485929
400.0,0.4768642929,791.8197261,3.38158e-06,0.00485877
400.0,0.476356311,791.5294582,3.37966e-06,0.00485878
400.0,0.4772457706,790.5705861,3.38156e-06,0.00485778
400.0,0.4766395178,792.4142061,3.37885e-06,0.00485881
400.0,0.477986546,797.304751,3.38451e-06,0.00485914
Freq,400,Rs,792.52244123125,1.541896482391066,Ls,0.47672481499374997,0.0005115589166218035
":SOUR:DCS:STAT OFF;:BIAS:STAT OFF;:COMP:BIN:COUN:CLE;:LIST:CLE:ALL;:COMP:BIN:CLE;:AMPL:ALC OFF;:APER MED,4;:BIAS:POL:AUTO OFF;:BIAS:RANG:AUTO ON;:BIAS:VOLT:LEV 0;:COMP:ABIN OFF;:COMP:BIN:COUN:STAT OFF;:COMP:MODE PTOL;:COMP:SLIM -9.9e+037,9.9e+037;:COMP:STAT OFF;:COMP:SWAP OFF;:COMP:TOL:NOM 0;:CURR:LEV 5e-005;:DISP:ENAB ON;:DISP:LINE """";:DISP:WIND:TEXT1:DATA:FMSD:DATA 1e-009;:DISP:WIND:TEXT2:DATA:FMSD:DATA 1e-009;:FORM:ASC:LONG ON;:FORM:BORD NORM;:FORM:DATA ASC,64;:FREQ:CW 400;:FUNC:DEV1:MODE OFF;:FUNC:DEV1:REF:VAL 0;:FUNC:DEV2:MODE OFF;:FUNC:DEV2:REF:VAL 0;:FUNC:IMP:TYPE LSRS;:FUNC:SMON:IDC:STAT OFF;:FUNC:SMON:VDC:STAT OFF;:INIT:CONT OFF;:LIST:MODE SEQ;:LIST:STIM:TYPE FREQ,NONE;:SOUR:DCS:VOLT:LEV 0;:TRIG:DEL 0;:TRIG:SOUR INT;:TRIG:TDEL 0;:DISP:WIND:TEXT1:DATA:FMSD:STAT OFF;:DISP:WIND:TEXT2:DATA:FMSD:STAT OFF;:FUNC:DCR:RANG:VAL 100;:FUNC:IMP:RANG:VAL 1000;:OUTP:DC:ISOL:LEV:VAL 0.002;:OUTP:DC:ISOL:STAT OFF;:FUNC:DCR:RANG:AUTO ON;:FUNC:IMP:RANG:AUTO ON;:OUTP:DC:ISOL:LEV:AUTO ON;:DISP:PAGE MEASurement;
"
800.0,0.407702397,1189.259219,2.07613e-06,0.00492074
800.0,0.4076909351,1189.62745,2.07668e-06,0.00492074
800.0,0.4077320633,1189.220145,2.0768e-06,0.0049206
800.0,0.4078645977,1189.239791,2.07634e-06,0.00492069
800.0,0.4077318143,1189.964111,2.07684e-06,0.00492044
800.0,0.4078758304,1188.976396,2.0765e-06,0.00492084
800.0,0.4077130651,1189.691778,2.07631e-06,0.00492088
800.0,0.4075966678,1189.498867,2.07647e-06,0.00492067
800.0,0.4076158391,1189.880271,2.07692e-06,0.00492059
800.0,0.4075249276,1189.62339,2.07674e-06,0.00492074
800.0,0.4078515799,1188.892389,2.07646e-06,0.00492083
800.0,0.4077914947,1189.27235,2.07667e-06,0.00492088
800.0,0.4076302586,1189.16804,2.07727e-06,0.00492074
800.0,0.4076362555,1189.927323,2.07731e-06,0.00492082
800.0,0.4077914523,1189.461288,2.07598e-06,0.00492095
800.0,0.4077907727,1188.861638,2.07585e-06,0.00492072
Freq,800,Rs,1189.410277875,0.35594378405617694,Ls,0.40772124694374995,0.00010275334633795216
":SOUR:DCS:STAT OFF;:BIAS:STAT OFF;:COMP:BIN:COUN:CLE;:LIST:CLE:ALL;:COMP:BIN:CLE;:AMPL:ALC OFF;:APER MED,4;:BIAS:POL:AUTO OFF;:BIAS:RANG:AUTO ON;:BIAS:VOLT:LEV 0;:COMP:ABIN OFF;:COMP:BIN:COUN:STAT OFF;:COMP:MODE PTOL;:COMP:SLIM -9.9e+037,9.9e+037;:COMP:STAT OFF;:COMP:SWAP OFF;:COMP:TOL:NOM 0;:CURR:LEV 5e-005;:DISP:ENAB ON;:DISP:LINE """";:DISP:WIND:TEXT1:DATA:FMSD:DATA 1e-009;:DISP:WIND:TEXT2:DATA:FMSD:DATA 1e-009;:FORM:ASC:LONG ON;:FORM:BORD NORM;:FORM:DATA ASC,64;:FREQ:CW 800;:FUNC:DEV1:MODE OFF;:FUNC:DEV1:REF:VAL 0;:FUNC:DEV2:MODE OFF;:FUNC:DEV2:REF:VAL 0;:FUNC:IMP:TYPE LSRS;:FUNC:SMON:IDC:STAT OFF;:FUNC:SMON:VDC:STAT OFF;:INIT:CONT OFF;:LIST:MODE SEQ;:LIST:STIM:TYPE FREQ,NONE;:SOUR:DCS:VOLT:LEV 0;:TRIG:DEL 0;:TRIG:SOUR INT;:TRIG:TDEL 0;:DISP:WIND:TEXT1:DATA:FMSD:STAT OFF;:DISP:WIND:TEXT2:DATA:FMSD:STAT OFF;:FUNC:DCR:RANG:VAL 100;:FUNC:IMP:RANG:VAL 1000;:OUTP:DC:ISOL:LEV:VAL 0.002;:OUTP:DC:ISOL:STAT OFF;:FUNC:DCR:RANG:AUTO ON;:FUNC:IMP:RANG:AUTO ON;:OUTP:DC:ISOL:LEV:AUTO ON;:DISP:PAGE MEASurement;
"
1000.0,0.3840486645,1372.273469,1.77284e-06,0.00492102
1000.0,0.3839644975,1372.595854,1.77266e-06,0.00492088
1000.0,0.3840320046,1372.694823,1.77263e-06,0.00492072
1000.0,0.3839722116,1372.223091,1.77293e-06,0.00492092
1000.0,0.3841376892,1372.684992,1.77261e-06,0.00492113
1000.0,0.384013867,1372.243572,1.77281e-06,0.00492101
1000.0,0.3840037165,1372.571196,1.77261e-06,0.00492078
1000.0,0.3839096463,1372.267062,1.77298e-06,0.00492113
1000.0,0.3840799858,1372.778911,1.77269e-06,0.00492094
1000.0,0.3841036412,1372.545713,1.77285e-06,0.00492089
1000.0,0.3841734799,1372.381325,1.77272e-06,0.00492095
1000.0,0.3840284424,1372.441622,1.7727e-06,0.00492103
1000.0,0.3840886093,1372.968661,1.77291e-06,0.00492084
1000.0,0.3839979964,1372.724316,1.77276e-06,0.00492094
1000.0,0.3839267041,1372.811454,1.77303e-06,0.00492087
1000.0,0.3841270779,1373.043356,1.77265e-06,0.00492092
Freq,1000,Rs,1372.5780885625,0.2577405609432198,Ls,0.3840380146375,7.61803725558494e-05
":SOUR:DCS:STAT OFF;:BIAS:STAT OFF;:COMP:BIN:COUN:CLE;:LIST:CLE:ALL;:COMP:BIN:CLE;:AMPL:ALC OFF;:APER MED,4;:BIAS:POL:AUTO OFF;:BIAS:RANG:AUTO ON;:BIAS:VOLT:LEV 0;:COMP:ABIN OFF;:COMP:BIN:COUN:STAT OFF;:COMP:MODE PTOL;:COMP:SLIM -9.9e+037,9.9e+037;:COMP:STAT OFF;:COMP:SWAP OFF;:COMP:TOL:NOM 0;:CURR:LEV 5e-005;:DISP:ENAB ON;:DISP:LINE """";:DISP:WIND:TEXT1:DATA:FMSD:DATA 1e-009;:DISP:WIND:TEXT2:DATA:FMSD:DATA 1e-009;:FORM:ASC:LONG ON;:FORM:BORD NORM;:FORM:DATA ASC,64;:FREQ:CW 1000;:FUNC:DEV1:MODE OFF;:FUNC:DEV1:REF:VAL 0;:FUNC:DEV2:MODE OFF;:FUNC:DEV2:REF:VAL 0;:FUNC:IMP:TYPE LSRS;:FUNC:SMON:IDC:STAT OFF;:FUNC:SMON:VDC:STAT OFF;:INIT:CONT OFF;:LIST:MODE SEQ;:LIST:STIM:TYPE FREQ,NONE;:SOUR:DCS:VOLT:LEV 0;:TRIG:DEL 0;:TRIG:SOUR INT;:TRIG:TDEL 0;:DISP:WIND:TEXT1:DATA:FMSD:STAT OFF;:DISP:WIND:TEXT2:DATA:FMSD:STAT OFF;:FUNC:DCR:RANG:VAL 100;:FUNC:IMP:RANG:VAL 1000;:OUTP:DC:ISOL:LEV:VAL 0.002;:OUTP:DC:ISOL:STAT OFF;:FUNC:DCR:RANG:AUTO ON;:FUNC:IMP:RANG:AUTO ON;:OUTP:DC:ISOL:LEV:AUTO ON;:DISP:PAGE MEASurement;
"
":SOUR:DCS:STAT OFF;:BIAS:STAT OFF;:COMP:BIN:COUN:CLE;:LIST:CLE:ALL;:COMP:BIN:CLE;:AMPL:ALC OFF;:APER MED,4;:BIAS:POL:AUTO OFF;:BIAS:RANG:AUTO ON;:BIAS:VOLT:LEV 0;:COMP:ABIN OFF;:COMP:BIN:COUN:STAT OFF;:COMP:MODE PTOL;:COMP:SLIM -9.9e+037,9.9e+037;:COMP:STAT OFF;:COMP:SWAP OFF;:COMP:TOL:NOM 0;:CURR:LEV 5e-005;:DISP:ENAB ON;:DISP:LINE """";:DISP:WIND:TEXT1:DATA:FMSD:DATA 1e-009;:DISP:WIND:TEXT2:DATA:FMSD:DATA 1e-009;:FORM:ASC:LONG ON;:FORM:BORD NORM;:FORM:DATA ASC,64;:FREQ:CW 1000;:FUNC:DEV1:MODE OFF;:FUNC:DEV1:REF:VAL 0;:FUNC:DEV2:MODE OFF;:FUNC:DEV2:REF:VAL 0;:FUNC:IMP:TYPE LSRS;:FUNC:SMON:IDC:STAT OFF;:FUNC:SMON:VDC:STAT OFF;:INIT:CONT OFF;:LIST:MODE SEQ;:LIST:STIM:TYPE FREQ,NONE;:SOUR:DCS:VOLT:LEV 0;:TRIG:DEL 0;:TRIG:SOUR INT;:TRIG:TDEL 0;:DISP:WIND:TEXT1:DATA:FMSD:STAT OFF;:DISP:WIND:TEXT2:DATA:FMSD:STAT OFF;:FUNC:DCR:RANG:VAL 100;:FUNC:IMP:RANG:VAL 1000;:OUTP:DC:ISOL:LEV:VAL 0.002;:OUTP:DC:ISOL:STAT OFF;:FUNC:DCR:RANG:AUTO ON;:FUNC:IMP:RANG:AUTO ON;:OUTP:DC:ISOL:LEV:AUTO ON;:DISP:PAGE MEASurement;
"
2024-05-06,11:09:13
---------run finished---------
Frequency,Resistance,uR,Inductance,uL
20,275.67796139375,0.5412385343692664,1.071698156375,0.004955849093750259
25,284.42528403125,1.0117337454861446,1.0303545965,0.004537626294072233
30,292.58255191874997,0.45675187690877844,1.000929521375,0.002408685980550189
40,309.14607763749996,1.2864156267279439,0.954546127525,0.0036960368353997413
53,330.58848303750005,0.5820069016512883,0.90673197379375,0.0013907526169176089
60,341.9776778125,0.7255842099205082,0.888330535575,0.001337674837579399
80,373.85806279999997,0.9164584757695227,0.849166165075,0.0021982017038113732
103,411.37866224375,0.9085204727437022,0.830642915225,0.0017067026913623654
120,460.74681836875,0.7616527054233478,0.8762414668062499,0.0010377557305838788
130,471.89229143125,1.5426964351656485,0.8083036609375001,0.0014130871355334453
135,470.33147228125,1.274686914693776,0.79487855698125,0.003870689974642914
140,481.39099961249997,4.606352840238362,0.8365563217,0.00919535613164557
145,504.73936865,5.720974386560009,0.87011349244375,0.00654700394953499
150,531.45644350625,2.180033967228829,0.9096604873312499,0.002540650057836251
155,569.0041374125001,2.319887622553269,1.0050162560000002,0.0014458838322223377
160,739.67427264375,3.9124643124447154,1.2610611275624999,0.008899087109830596
165,1951.0973231875,11.814246250265153,0.8716302386875001,0.011862413394573506
170,915.52694664375,1.1074882530087597,0.0123901417289375,0.0014603416515122619
172,750.4915067375,1.3356697800506931,0.1464220322875,0.0011236281622084487
175,643.4524942749999,0.4783028309706364,0.27442069040625006,0.0006504318625879175
180,584.45138655625,0.6288808057836327,0.394830912575,0.0006876046371807066
185,568.75151774375,1.144519103142137,0.460393382575,0.0010613899297481424
200,580.7307584625,0.9570641273647603,0.5454461006625,0.0006296178466733015
220,741.4344984875,1.7187911389625128,0.51541451138125,0.001487080778542734
240,619.7847844625,1.2993507325289606,0.49679255513125,0.0004853715934379679
400,792.52244123125,1.541896482391066,0.47672481499374997,0.0005115589166218035
800,1189.410277875,0.35594378405617694,0.40772124694374995,0.00010275334633795216
1000,1372.5780885625,0.2577405609432198,0.3840380146375,7.61803725558494e-05
lcr name:,KeySight E4980A
Name and description of Resistor under test: ,Add 1.7 kg copper
2024-05-06,11:11:04
select the freq range,"[20, 25, 30, 40, 53, 60, 80, 103, 120, 130, 135, 140, 145, 150, 155, 160, 165, 170, 172, 175, 180, 185, 200, 220, 240, 400, 800, 1000]"
20.0,1.070925113,276.0690343,1.25383e-05,0.00384947
20.0,1.07038075,275.8460546,1.25958e-05,0.00385279
20.0,1.072081721,275.3650602,1.25717e-05,0.00385469
20.0,1.071188132,277.2210678,1.25127e-05,0.00385715
20.0,1.075715676,275.4937104,1.25089e-05,0.00385468
20.0,1.071449494,275.1138646,1.25381e-05,0.00385265
20.0,1.070053894,275.2768934,1.25668e-05,0.00385101
20.0,1.0741398,276.0764539,1.25318e-05,0.00385831
20.0,1.068363566,275.6561804,1.2564e-05,0.00384973
20.0,1.071847221,275.314673,1.25321e-05,0.00384964
20.0,1.069712538,275.9911686,1.25943e-05,0.00385127
20.0,1.072881933,275.4000653,1.25739e-05,0.0038528
20.0,1.074169803,276.2193919,1.25724e-05,0.00385703
20.0,1.067852171,276.760263,1.25683e-05,0.00385046
20.0,1.074050271,275.8243083,1.25132e-05,0.00385304
20.0,1.07356976,275.9036846,1.25645e-05,0.00385551
Freq,20,Rs,275.84574214375004,0.56132861676413,Ls,1.0717738651875002,0.0022201789254954534
":SOUR:DCS:STAT OFF;:BIAS:STAT OFF;:COMP:BIN:COUN:CLE;:LIST:CLE:ALL;:COMP:BIN:CLE;:AMPL:ALC OFF;:APER MED,4;:BIAS:POL:AUTO OFF;:BIAS:RANG:AUTO ON;:BIAS:VOLT:LEV 0;:COMP:ABIN OFF;:COMP:BIN:COUN:STAT OFF;:COMP:MODE PTOL;:COMP:SLIM -9.9e+037,9.9e+037;:COMP:STAT OFF;:COMP:SWAP OFF;:COMP:TOL:NOM 0;:CURR:LEV 5e-005;:DISP:ENAB ON;:DISP:LINE """";:DISP:WIND:TEXT1:DATA:FMSD:DATA 1e-009;:DISP:WIND:TEXT2:DATA:FMSD:DATA 1e-009;:FORM:ASC:LONG ON;:FORM:BORD NORM;:FORM:DATA ASC,64;:FREQ:CW 20;:FUNC:DEV1:MODE OFF;:FUNC:DEV1:REF:VAL 0;:FUNC:DEV2:MODE OFF;:FUNC:DEV2:REF:VAL 0;:FUNC:IMP:TYPE LSRS;:FUNC:SMON:IDC:STAT OFF;:FUNC:SMON:VDC:STAT OFF;:INIT:CONT OFF;:LIST:MODE SEQ;:LIST:STIM:TYPE FREQ,NONE;:SOUR:DCS:VOLT:LEV 0;:TRIG:DEL 0;:TRIG:SOUR INT;:TRIG:TDEL 0;:DISP:WIND:TEXT1:DATA:FMSD:STAT OFF;:DISP:WIND:TEXT2:DATA:FMSD:STAT OFF;:FUNC:DCR:RANG:VAL 100;:FUNC:IMP:RANG:VAL 300;:OUTP:DC:ISOL:LEV:VAL 0.002;:OUTP:DC:ISOL:STAT OFF;:FUNC:DCR:RANG:AUTO ON;:FUNC:IMP:RANG:AUTO ON;:OUTP:DC:ISOL:LEV:AUTO ON;:DISP:PAGE MEASurement;
"
25.0,1.03177989,283.648013,1.19418e-05,0.00389662
25.0,1.035683966,284.5156044,1.18932e-05,0.00390003
25.0,1.030247119,285.2102162,1.1897e-05,0.00389966
25.0,1.035106559,284.0230831,1.19217e-05,0.0039018
25.0,1.03669956,283.6815755,1.19252e-05,0.00389959
25.0,1.0275762,284.9087006,1.18939e-05,0.00389822
25.0,1.024075407,283.2791148,1.19137e-05,0.00390356
25.0,1.03238642,285.4848185,1.18945e-05,0.00389768
25.0,1.032182207,284.8547186,1.18635e-05,0.00390309
25.0,1.030516341,285.2656569,1.18781e-05,0.00389855
25.0,1.03679413,284.5048632,1.19313e-05,0.00390176
25.0,1.026524095,284.592135,1.19261e-05,0.00389144
25.0,1.029547425,283.8015958,1.19212e-05,0.00389808
25.0,1.033116026,285.2695147,1.18741e-05,0.00390128
25.0,1.032132303,285.2849455,1.18879e-05,0.00390347
25.0,1.037198668,284.9069302,1.19261e-05,0.00389987
Freq,25,Rs,284.576967875,0.6948717611063172,Ls,1.03197289475,0.00383357028839257
":SOUR:DCS:STAT OFF;:BIAS:STAT OFF;:COMP:BIN:COUN:CLE;:LIST:CLE:ALL;:COMP:BIN:CLE;:AMPL:ALC OFF;:APER MED,4;:BIAS:POL:AUTO OFF;:BIAS:RANG:AUTO ON;:BIAS:VOLT:LEV 0;:COMP:ABIN OFF;:COMP:BIN:COUN:STAT OFF;:COMP:MODE PTOL;:COMP:SLIM -9.9e+037,9.9e+037;:COMP:STAT OFF;:COMP:SWAP OFF;:COMP:TOL:NOM 0;:CURR:LEV 5e-005;:DISP:ENAB ON;:DISP:LINE """";:DISP:WIND:TEXT1:DATA:FMSD:DATA 1e-009;:DISP:WIND:TEXT2:DATA:FMSD:DATA 1e-009;:FORM:ASC:LONG ON;:FORM:BORD NORM;:FORM:DATA ASC,64;:FREQ:CW 25;:FUNC:DEV1:MODE OFF;:FUNC:DEV1:REF:VAL 0;:FUNC:DEV2:MODE OFF;:FUNC:DEV2:REF:VAL 0;:FUNC:IMP:TYPE LSRS;:FUNC:SMON:IDC:STAT OFF;:FUNC:SMON:VDC:STAT OFF;:INIT:CONT OFF;:LIST:MODE SEQ;:LIST:STIM:TYPE FREQ,NONE;:SOUR:DCS:VOLT:LEV 0;:TRIG:DEL 0;:TRIG:SOUR INT;:TRIG:TDEL 0;:DISP:WIND:TEXT1:DATA:FMSD:STAT OFF;:DISP:WIND:TEXT2:DATA:FMSD:STAT OFF;:FUNC:DCR:RANG:VAL 100;:FUNC:IMP:RANG:VAL 300;:OUTP:DC:ISOL:LEV:VAL 0.002;:OUTP:DC:ISOL:STAT OFF;:FUNC:DCR:RANG:AUTO ON;:FUNC:IMP:RANG:AUTO ON;:OUTP:DC:ISOL:LEV:AUTO ON;:DISP:PAGE MEASurement;
"
30.0,0.9990743616,292.7333447,1.15747e-05,0.00403476
30.0,1.003174368,293.4871273,1.15602e-05,0.00403406
30.0,1.001797994,292.4104075,1.15818e-05,0.00403191
30.0,1.000968345,292.8086127,1.15921e-05,0.00403253
30.0,0.9993934074,293.3465185,1.15853e-05,0.00403129
30.0,1.004538433,292.9232238,1.15836e-05,0.00402997
30.0,0.9990345821,292.2056819,1.15752e-05,0.00403172
30.0,1.003235265,293.3505713,1.16076e-05,0.0040315
30.0,1.001946858,292.0462612,1.15624e-05,0.00402896
30.0,0.9983635645,292.5831706,1.15763e-05,0.00403192
30.0,1.001452473,293.2325576,1.15674e-05,0.00403422
30.0,1.003547665,292.5332808,1.15841e-05,0.00402972
30.0,1.005114834,292.2257754,1.15894e-05,0.00403092
30.0,1.000472415,293.4670368,1.15616e-05,0.00403183
30.0,0.9971175577,293.1503158,1.15803e-05,0.0040319
30.0,1.004711305,292.5603956,1.15734e-05,0.00403108
Freq,30,Rs,292.81651759374995,0.4776660744392405,Ls,1.0014964642687498,0.002445282006761261
":SOUR:DCS:STAT OFF;:BIAS:STAT OFF;:COMP:BIN:COUN:CLE;:LIST:CLE:ALL;:COMP:BIN:CLE;:AMPL:ALC OFF;:APER MED,4;:BIAS:POL:AUTO OFF;:BIAS:RANG:AUTO ON;:BIAS:VOLT:LEV 0;:COMP:ABIN OFF;:COMP:BIN:COUN:STAT OFF;:COMP:MODE PTOL;:COMP:SLIM -9.9e+037,9.9e+037;:COMP:STAT OFF;:COMP:SWAP OFF;:COMP:TOL:NOM 0;:CURR:LEV 5e-005;:DISP:ENAB ON;:DISP:LINE """";:DISP:WIND:TEXT1:DATA:FMSD:DATA 1e-009;:DISP:WIND:TEXT2:DATA:FMSD:DATA 1e-009;:FORM:ASC:LONG ON;:FORM:BORD NORM;:FORM:DATA ASC,64;:FREQ:CW 30;:FUNC:DEV1:MODE OFF;:FUNC:DEV1:REF:VAL 0;:FUNC:DEV2:MODE OFF;:FUNC:DEV2:REF:VAL 0;:FUNC:IMP:TYPE LSRS;:FUNC:SMON:IDC:STAT OFF;:FUNC:SMON:VDC:STAT OFF;:INIT:CONT OFF;:LIST:MODE SEQ;:LIST:STIM:TYPE FREQ,NONE;:SOUR:DCS:VOLT:LEV 0;:TRIG:DEL 0;:TRIG:SOUR INT;:TRIG:TDEL 0;:DISP:WIND:TEXT1:DATA:FMSD:STAT OFF;:DISP:WIND:TEXT2:DATA:FMSD:STAT OFF;:FUNC:DCR:RANG:VAL 100;:FUNC:IMP:RANG:VAL 300;:OUTP:DC:ISOL:LEV:VAL 0.002;:OUTP:DC:ISOL:STAT OFF;:FUNC:DCR:RANG:AUTO ON;:FUNC:IMP:RANG:AUTO ON;:OUTP:DC:ISOL:LEV:AUTO ON;:DISP:PAGE MEASurement;
"
40.0,0.9510464415,310.2059648,1.06225e-05,0.00414823
40.0,0.9560296817,310.2721321,1.06008e-05,0.00414538
40.0,0.9561740862,309.0854313,1.05683e-05,0.0041477
40.0,0.9539851146,308.1371019,1.05732e-05,0.0041482
40.0,0.9527396261,308.5715378,1.05894e-05,0.00414755
40.0,0.9488217814,308.9521858,1.05868e-05,0.0041508
40.0,0.952220923,308.9098983,1.05974e-05,0.00415135
40.0,0.9481864252,309.1128555,1.06143e-05,0.00414944
40.0,0.9509372483,309.8731235,1.06117e-05,0.00415058
40.0,0.95311408,309.9703846,1.06054e-05,0.00414901
40.0,0.9536420099,309.8001294,1.05933e-05,0.00414907
40.0,0.9585050964,309.460645,1.05932e-05,0.00414689
40.0,0.9545490153,309.1966816,1.05868e-05,0.00414686
40.0,0.9509511707,308.7552768,1.06004e-05,0.00415106
40.0,0.9546687689,309.1661943,1.0619e-05,0.00414847
40.0,0.9499195098,310.2481733,1.06266e-05,0.00414944
Freq,40,Rs,309.35735724999995,0.6443879941436133,Ls,0.9528431861875001,0.0028143387231980514
":SOUR:DCS:STAT OFF;:BIAS:STAT OFF;:COMP:BIN:COUN:CLE;:LIST:CLE:ALL;:COMP:BIN:CLE;:AMPL:ALC OFF;:APER MED,4;:BIAS:POL:AUTO OFF;:BIAS:RANG:AUTO ON;:BIAS:VOLT:LEV 0;:COMP:ABIN OFF;:COMP:BIN:COUN:STAT OFF;:COMP:MODE PTOL;:COMP:SLIM -9.9e+037,9.9e+037;:COMP:STAT OFF;:COMP:SWAP OFF;:COMP:TOL:NOM 0;:CURR:LEV 5e-005;:DISP:ENAB ON;:DISP:LINE """";:DISP:WIND:TEXT1:DATA:FMSD:DATA 1e-009;:DISP:WIND:TEXT2:DATA:FMSD:DATA 1e-009;:FORM:ASC:LONG ON;:FORM:BORD NORM;:FORM:DATA ASC,64;:FREQ:CW 40;:FUNC:DEV1:MODE OFF;:FUNC:DEV1:REF:VAL 0;:FUNC:DEV2:MODE OFF;:FUNC:DEV2:REF:VAL 0;:FUNC:IMP:TYPE LSRS;:FUNC:SMON:IDC:STAT OFF;:FUNC:SMON:VDC:STAT OFF;:INIT:CONT OFF;:LIST:MODE SEQ;:LIST:STIM:TYPE FREQ,NONE;:SOUR:DCS:VOLT:LEV 0;:TRIG:DEL 0;:TRIG:SOUR INT;:TRIG:TDEL 0;:DISP:WIND:TEXT1:DATA:FMSD:STAT OFF;:DISP:WIND:TEXT2:DATA:FMSD:STAT OFF;:FUNC:DCR:RANG:VAL 100;:FUNC:IMP:RANG:VAL 300;:OUTP:DC:ISOL:LEV:VAL 0.002;:OUTP:DC:ISOL:STAT OFF;:FUNC:DCR:RANG:AUTO ON;:FUNC:IMP:RANG:AUTO ON;:OUTP:DC:ISOL:LEV:AUTO ON;:DISP:PAGE MEASurement;
"
53.0,0.9128110619,330.6576438,9.49454e-06,0.00425507
53.0,0.9075880552,330.9000143,9.49953e-06,0.00425286
53.0,0.9061443446,330.7447602,9.48055e-06,0.00425323
53.0,0.9079058183,330.5127382,9.47381e-06,0.00425188
53.0,0.9076840835,331.1449412,9.48974e-06,0.00425172
53.0,0.9098172799,331.1075258,9.49251e-06,0.0042522
53.0,0.907327491,330.6526278,9.48364e-06,0.00425255
53.0,0.9114190229,330.535797,9.48735e-06,0.00425224
53.0,0.9092266494,329.8297523,9.4927e-06,0.00425261
53.0,0.9102670127,330.7044922,9.50057e-06,0.00425534
53.0,0.9065046507,330.2195325,9.48692e-06,0.00425376
53.0,0.9068276352,330.7200563,9.48338e-06,0.00425064
53.0,0.9082385675,330.812329,9.48473e-06,0.00425168
53.0,0.9073555045,330.8514339,9.49221e-06,0.00425162
53.0,0.9073572339,330.452652,9.49113e-06,0.00425042
53.0,0.9088155707,329.3140721,9.49205e-06,0.00425274
Freq,53,Rs,330.5725230375,0.46319546843309284,Ls,0.90845562386875,0.0018402221741359538
":SOUR:DCS:STAT OFF;:BIAS:STAT OFF;:COMP:BIN:COUN:CLE;:LIST:CLE:ALL;:COMP:BIN:CLE;:AMPL:ALC OFF;:APER MED,4;:BIAS:POL:AUTO OFF;:BIAS:RANG:AUTO ON;:BIAS:VOLT:LEV 0;:COMP:ABIN OFF;:COMP:BIN:COUN:STAT OFF;:COMP:MODE PTOL;:COMP:SLIM -9.9e+037,9.9e+037;:COMP:STAT OFF;:COMP:SWAP OFF;:COMP:TOL:NOM 0;:CURR:LEV 5e-005;:DISP:ENAB ON;:DISP:LINE """";:DISP:WIND:TEXT1:DATA:FMSD:DATA 1e-009;:DISP:WIND:TEXT2:DATA:FMSD:DATA 1e-009;:FORM:ASC:LONG ON;:FORM:BORD NORM;:FORM:DATA ASC,64;:FREQ:CW 53;:FUNC:DEV1:MODE OFF;:FUNC:DEV1:REF:VAL 0;:FUNC:DEV2:MODE OFF;:FUNC:DEV2:REF:VAL 0;:FUNC:IMP:TYPE LSRS;:FUNC:SMON:IDC:STAT OFF;:FUNC:SMON:VDC:STAT OFF;:INIT:CONT OFF;:LIST:MODE SEQ;:LIST:STIM:TYPE FREQ,NONE;:SOUR:DCS:VOLT:LEV 0;:TRIG:DEL 0;:TRIG:SOUR INT;:TRIG:TDEL 0;:DISP:WIND:TEXT1:DATA:FMSD:STAT OFF;:DISP:WIND:TEXT2:DATA:FMSD:STAT OFF;:FUNC:DCR:RANG:VAL 100;:FUNC:IMP:RANG:VAL 300;:OUTP:DC:ISOL:LEV:VAL 0.002;:OUTP:DC:ISOL:STAT OFF;:FUNC:DCR:RANG:AUTO ON;:FUNC:IMP:RANG:AUTO ON;:OUTP:DC:ISOL:LEV:AUTO ON;:DISP:PAGE MEASurement;
"
60.0,0.8919053965,342.1828037,9.02289e-06,0.00432537
60.0,0.8891859826,342.2223201,9.0176e-06,0.00432694
60.0,0.8888888867,341.5781746,9.02976e-06,0.00432403
60.0,0.889304205,342.0041056,9.01528e-06,0.00432437
60.0,0.8924365221,341.4506668,9.01768e-06,0.00432503
60.0,0.8915634042,342.0993482,9.00096e-06,0.0043247
60.0,0.8887291897,341.8040866,9.02259e-06,0.00432514
60.0,0.8912185359,341.7328347,9.02862e-06,0.0043249
60.0,0.8907084917,341.7546575,9.01455e-06,0.00432518
60.0,0.8881670107,342.4433878,9.02928e-06,0.00432803
60.0,0.889480849,342.0924706,9.03303e-06,0.00432531
60.0,0.8909081272,341.9360669,9.01715e-06,0.00432481
60.0,0.8906846582,342.5210231,9.01528e-06,0.00432691
60.0,0.8873994371,342.4839745,9.03929e-06,0.00432436
60.0,0.8880340579,342.7906648,9.0357e-06,0.00432395
60.0,0.8918362786,343.010756,9.01964e-06,0.00432514
Freq,60,Rs,342.13170884374995,0.43409189964690226,Ls,0.8900281895687501,0.0015685314805735757
":SOUR:DCS:STAT OFF;:BIAS:STAT OFF;:COMP:BIN:COUN:CLE;:LIST:CLE:ALL;:COMP:BIN:CLE;:AMPL:ALC OFF;:APER MED,4;:BIAS:POL:AUTO OFF;:BIAS:RANG:AUTO ON;:BIAS:VOLT:LEV 0;:COMP:ABIN OFF;:COMP:BIN:COUN:STAT OFF;:COMP:MODE PTOL;:COMP:SLIM -9.9e+037,9.9e+037;:COMP:STAT OFF;:COMP:SWAP OFF;:COMP:TOL:NOM 0;:CURR:LEV 5e-005;:DISP:ENAB ON;:DISP:LINE """";:DISP:WIND:TEXT1:DATA:FMSD:DATA 1e-009;:DISP:WIND:TEXT2:DATA:FMSD:DATA 1e-009;:FORM:ASC:LONG ON;:FORM:BORD NORM;:FORM:DATA ASC,64;:FREQ:CW 60;:FUNC:DEV1:MODE OFF;:FUNC:DEV1:REF:VAL 0;:FUNC:DEV2:MODE OFF;:FUNC:DEV2:REF:VAL 0;:FUNC:IMP:TYPE LSRS;:FUNC:SMON:IDC:STAT OFF;:FUNC:SMON:VDC:STAT OFF;:INIT:CONT OFF;:LIST:MODE SEQ;:LIST:STIM:TYPE FREQ,NONE;:SOUR:DCS:VOLT:LEV 0;:TRIG:DEL 0;:TRIG:SOUR INT;:TRIG:TDEL 0;:DISP:WIND:TEXT1:DATA:FMSD:STAT OFF;:DISP:WIND:TEXT2:DATA:FMSD:STAT OFF;:FUNC:DCR:RANG:VAL 100;:FUNC:IMP:RANG:VAL 300;:OUTP:DC:ISOL:LEV:VAL 0.002;:OUTP:DC:ISOL:STAT OFF;:FUNC:DCR:RANG:AUTO ON;:FUNC:IMP:RANG:AUTO ON;:OUTP:DC:ISOL:LEV:AUTO ON;:DISP:PAGE MEASurement;
"
80.0,0.860208847,376.3565328,7.80937e-06,0.00447728
80.0,0.8623814373,377.3973916,7.81513e-06,0.00447598
80.0,0.858960005,377.3887575,7.81367e-06,0.00447645
80.0,0.8600632653,376.0285715,7.81741e-06,0.00447815
80.0,0.8594944889,377.5309284,7.8058e-06,0.00447592
80.0,0.8580456435,376.2931311,7.7951e-06,0.00447602
80.0,0.8611652579,376.3623464,7.80699e-06,0.00447831
80.0,0.8594820476,375.4977244,7.8054e-06,0.00447853
80.0,0.8593682265,376.5352225,7.81626e-06,0.00447951
80.0,0.8634299792,376.8600677,7.79975e-06,0.00447963
80.0,0.8615145503,377.9918936,7.80249e-06,0.00447556
80.0,0.860306018,376.2078443,7.80408e-06,0.00447686
80.0,0.8592553987,376.3659935,7.80378e-06,0.00447764
80.0,0.8611043419,376.0713186,7.81134e-06,0.00447979
80.0,0.8600640568,378.5916508,7.81473e-06,0.0044787
80.0,0.857640569,376.5437134,7.7936e-06,0.00447572
Freq,80,Rs,376.75144300625004,0.8155241723013095,Ls,0.86015525830625,0.0015058186415617392
":SOUR:DCS:STAT OFF;:BIAS:STAT OFF;:COMP:BIN:COUN:CLE;:LIST:CLE:ALL;:COMP:BIN:CLE;:AMPL:ALC OFF;:APER MED,4;:BIAS:POL:AUTO OFF;:BIAS:RANG:AUTO ON;:BIAS:VOLT:LEV 0;:COMP:ABIN OFF;:COMP:BIN:COUN:STAT OFF;:COMP:MODE PTOL;:COMP:SLIM -9.9e+037,9.9e+037;:COMP:STAT OFF;:COMP:SWAP OFF;:COMP:TOL:NOM 0;:CURR:LEV 5e-005;:DISP:ENAB ON;:DISP:LINE """";:DISP:WIND:TEXT1:DATA:FMSD:DATA 1e-009;:DISP:WIND:TEXT2:DATA:FMSD:DATA 1e-009;:FORM:ASC:LONG ON;:FORM:BORD NORM;:FORM:DATA ASC,64;:FREQ:CW 80;:FUNC:DEV1:MODE OFF;:FUNC:DEV1:REF:VAL 0;:FUNC:DEV2:MODE OFF;:FUNC:DEV2:REF:VAL 0;:FUNC:IMP:TYPE LSRS;:FUNC:SMON:IDC:STAT OFF;:FUNC:SMON:VDC:STAT OFF;:INIT:CONT OFF;:LIST:MODE SEQ;:LIST:STIM:TYPE FREQ,NONE;:SOUR:DCS:VOLT:LEV 0;:TRIG:DEL 0;:TRIG:SOUR INT;:TRIG:TDEL 0;:DISP:WIND:TEXT1:DATA:FMSD:STAT OFF;:DISP:WIND:TEXT2:DATA:FMSD:STAT OFF;:FUNC:DCR:RANG:VAL 100;:FUNC:IMP:RANG:VAL 300;:OUTP:DC:ISOL:LEV:VAL 0.002;:OUTP:DC:ISOL:STAT OFF;:FUNC:DCR:RANG:AUTO ON;:FUNC:IMP:RANG:AUTO ON;:OUTP:DC:ISOL:LEV:AUTO ON;:DISP:PAGE MEASurement;
"
103.0,0.8153018047,411.0028386,6.86362e-06,0.00459076
103.0,0.8164483707,410.5291596,6.86965e-06,0.00459229
103.0,0.8143556406,409.7037654,6.86569e-06,0.00458992
103.0,0.8146182291,410.2366707,6.85939e-06,0.00459062
103.0,0.8150833046,409.5395295,6.86106e-06,0.00459144
103.0,0.8157200464,410.390596,6.862e-06,0.00458975
103.0,0.8153308296,410.0142049,6.87283e-06,0.00458904
103.0,0.8135156564,411.0124773,6.8732e-06,0.00459119
103.0,0.8152811573,410.8225756,6.86491e-06,0.00459169
103.0,0.8148972235,410.0413522,6.87493e-06,0.00459126
103.0,0.8165642758,410.6170727,6.85639e-06,0.00459049
103.0,0.8166663207,410.3392849,6.86919e-06,0.0045901
103.0,0.8135989214,410.4283532,6.86883e-06,0.0045911
103.0,0.8154282474,411.3517089,6.87501e-06,0.00459171
103.0,0.8128971576,411.5813067,6.87185e-06,0.00459212
103.0,0.8159629896,410.918827,6.8688e-06,0.00459016
Freq,103,Rs,410.5331077,0.5657869618323129,Ls,0.8151043859625,0.0011021950121133807
":SOUR:DCS:STAT OFF;:BIAS:STAT OFF;:COMP:BIN:COUN:CLE;:LIST:CLE:ALL;:COMP:BIN:CLE;:AMPL:ALC OFF;:APER MED,4;:BIAS:POL:AUTO OFF;:BIAS:RANG:AUTO ON;:BIAS:VOLT:LEV 0;:COMP:ABIN OFF;:COMP:BIN:COUN:STAT OFF;:COMP:MODE PTOL;:COMP:SLIM -9.9e+037,9.9e+037;:COMP:STAT OFF;:COMP:SWAP OFF;:COMP:TOL:NOM 0;:CURR:LEV 5e-005;:DISP:ENAB ON;:DISP:LINE """";:DISP:WIND:TEXT1:DATA:FMSD:DATA 1e-009;:DISP:WIND:TEXT2:DATA:FMSD:DATA 1e-009;:FORM:ASC:LONG ON;:FORM:BORD NORM;:FORM:DATA ASC,64;:FREQ:CW 103;:FUNC:DEV1:MODE OFF;:FUNC:DEV1:REF:VAL 0;:FUNC:DEV2:MODE OFF;:FUNC:DEV2:REF:VAL 0;:FUNC:IMP:TYPE LSRS;:FUNC:SMON:IDC:STAT OFF;:FUNC:SMON:VDC:STAT OFF;:INIT:CONT OFF;:LIST:MODE SEQ;:LIST:STIM:TYPE FREQ,NONE;:SOUR:DCS:VOLT:LEV 0;:TRIG:DEL 0;:TRIG:SOUR INT;:TRIG:TDEL 0;:DISP:WIND:TEXT1:DATA:FMSD:STAT OFF;:DISP:WIND:TEXT2:DATA:FMSD:STAT OFF;:FUNC:DCR:RANG:VAL 100;:FUNC:IMP:RANG:VAL 300;:OUTP:DC:ISOL:LEV:VAL 0.002;:OUTP:DC:ISOL:STAT OFF;:FUNC:DCR:RANG:AUTO ON;:FUNC:IMP:RANG:AUTO ON;:OUTP:DC:ISOL:LEV:AUTO ON;:DISP:PAGE MEASurement;
"
120.0,0.8253155093,442.3685887,6.10933e-06,0.0046643
120.0,0.8233802463,442.4878251,6.11783e-06,0.00466141
120.0,0.8224237438,441.4064085,6.11689e-06,0.00466378
120.0,0.8240375951,441.1607519,6.11158e-06,0.0046639
120.0,0.8249151796,441.7424848,6.11357e-06,0.00466269
120.0,0.82255668,443.2791608,6.11531e-06,0.00466102
120.0,0.8217631127,441.9921992,6.11269e-06,0.00466325
120.0,0.8246851973,442.5105768,6.09224e-06,0.00466232
120.0,0.8224760866,441.3277491,6.11021e-06,0.00466177
120.0,0.822302594,442.8727558,6.12136e-06,0.00466266
120.0,0.8231651806,440.7210641,6.11892e-06,0.00466381
120.0,0.8242590124,441.7400086,6.11139e-06,0.00466349
120.0,0.823672052,442.19978,6.10772e-06,0.00466223
120.0,0.8223473399,442.3130468,6.11833e-06,0.00466212
120.0,0.8230770104,441.9104498,6.12272e-06,0.00466331
120.0,0.8249002136,442.4396334,6.11713e-06,0.00466212
Freq,120,Rs,442.0295302125,0.6651308769517232,Ls,0.8234547971,0.0011167585010525534
":SOUR:DCS:STAT OFF;:BIAS:STAT OFF;:COMP:BIN:COUN:CLE;:LIST:CLE:ALL;:COMP:BIN:CLE;:AMPL:ALC OFF;:APER MED,4;:BIAS:POL:AUTO OFF;:BIAS:RANG:AUTO ON;:BIAS:VOLT:LEV 0;:COMP:ABIN OFF;:COMP:BIN:COUN:STAT OFF;:COMP:MODE PTOL;:COMP:SLIM -9.9e+037,9.9e+037;:COMP:STAT OFF;:COMP:SWAP OFF;:COMP:TOL:NOM 0;:CURR:LEV 5e-005;:DISP:ENAB ON;:DISP:LINE """";:DISP:WIND:TEXT1:DATA:FMSD:DATA 1e-009;:DISP:WIND:TEXT2:DATA:FMSD:DATA 1e-009;:FORM:ASC:LONG ON;:FORM:BORD NORM;:FORM:DATA ASC,64;:FREQ:CW 120;:FUNC:DEV1:MODE OFF;:FUNC:DEV1:REF:VAL 0;:FUNC:DEV2:MODE OFF;:FUNC:DEV2:REF:VAL 0;:FUNC:IMP:TYPE LSRS;:FUNC:SMON:IDC:STAT OFF;:FUNC:SMON:VDC:STAT OFF;:INIT:CONT OFF;:LIST:MODE SEQ;:LIST:STIM:TYPE FREQ,NONE;:SOUR:DCS:VOLT:LEV 0;:TRIG:DEL 0;:TRIG:SOUR INT;:TRIG:TDEL 0;:DISP:WIND:TEXT1:DATA:FMSD:STAT OFF;:DISP:WIND:TEXT2:DATA:FMSD:STAT OFF;:FUNC:DCR:RANG:VAL 100;:FUNC:IMP:RANG:VAL 300;:OUTP:DC:ISOL:LEV:VAL 0.002;:OUTP:DC:ISOL:STAT OFF;:FUNC:DCR:RANG:AUTO ON;:FUNC:IMP:RANG:AUTO ON;:OUTP:DC:ISOL:LEV:AUTO ON;:DISP:PAGE MEASurement;
"
130.0,0.8032856798,462.7334686,5.82863e-06,0.00468359
130.0,0.8043684046,466.5979595,5.83994e-06,0.0046823
130.0,0.8055974925,465.2621527,5.82613e-06,0.00468325
130.0,0.8101485387,465.1013244,5.83256e-06,0.00468385
130.0,0.8044656312,465.1070984,5.81791e-06,0.00468305
130.0,0.8024425667,463.9983535,5.8063e-06,0.00468333
130.0,0.8037242319,464.784883,5.87632e-06,0.004683
130.0,0.8042005446,464.4772263,5.83189e-06,0.00468223
130.0,0.8053963002,465.6602494,5.81934e-06,0.00468292
130.0,0.8046848243,463.0587587,5.82057e-06,0.00468231
130.0,0.8034717365,463.1854261,5.82037e-06,0.00468324
130.0,0.8051429691,464.3598649,5.82872e-06,0.00468354
130.0,0.8013292205,464.3234638,5.81904e-06,0.00468225
130.0,0.801793653,465.6366066,5.83258e-06,0.00468399
130.0,0.8024512613,464.4171446,5.82286e-06,0.00468271
130.0,0.8033265511,464.851724,5.81622e-06,0.0046836
Freq,130,Rs,464.59723153125003,1.0211065258830867,Ls,0.804114350375,0.0020397578474140175
":SOUR:DCS:STAT OFF;:BIAS:STAT OFF;:COMP:BIN:COUN:CLE;:LIST:CLE:ALL;:COMP:BIN:CLE;:AMPL:ALC OFF;:APER MED,4;:BIAS:POL:AUTO OFF;:BIAS:RANG:AUTO ON;:BIAS:VOLT:LEV 0;:COMP:ABIN OFF;:COMP:BIN:COUN:STAT OFF;:COMP:MODE PTOL;:COMP:SLIM -9.9e+037,9.9e+037;:COMP:STAT OFF;:COMP:SWAP OFF;:COMP:TOL:NOM 0;:CURR:LEV 5e-005;:DISP:ENAB ON;:DISP:LINE """";:DISP:WIND:TEXT1:DATA:FMSD:DATA 1e-009;:DISP:WIND:TEXT2:DATA:FMSD:DATA 1e-009;:FORM:ASC:LONG ON;:FORM:BORD NORM;:FORM:DATA ASC,64;:FREQ:CW 130;:FUNC:DEV1:MODE OFF;:FUNC:DEV1:REF:VAL 0;:FUNC:DEV2:MODE OFF;:FUNC:DEV2:REF:VAL 0;:FUNC:IMP:TYPE LSRS;:FUNC:SMON:IDC:STAT OFF;:FUNC:SMON:VDC:STAT OFF;:INIT:CONT OFF;:LIST:MODE SEQ;:LIST:STIM:TYPE FREQ,NONE;:SOUR:DCS:VOLT:LEV 0;:TRIG:DEL 0;:TRIG:SOUR INT;:TRIG:TDEL 0;:DISP:WIND:TEXT1:DATA:FMSD:STAT OFF;:DISP:WIND:TEXT2:DATA:FMSD:STAT OFF;:FUNC:DCR:RANG:VAL 100;:FUNC:IMP:RANG:VAL 300;:OUTP:DC:ISOL:LEV:VAL 0.002;:OUTP:DC:ISOL:STAT OFF;:FUNC:DCR:RANG:AUTO ON;:FUNC:IMP:RANG:AUTO ON;:OUTP:DC:ISOL:LEV:AUTO ON;:DISP:PAGE MEASurement;
"
135.0,0.8288683262,468.1538541,5.58423e-06,0.00471295
135.0,0.8272256614,467.2929194,5.5727e-06,0.00471349
135.0,0.8272834587,467.7574515,5.57844e-06,0.00471168
135.0,0.827482661,467.8506956,5.62136e-06,0.0047134
135.0,0.8280598617,471.7608565,5.58235e-06,0.00471255
135.0,0.8269059144,467.294781,5.58713e-06,0.00471509
135.0,0.8319489013,467.9967429,5.58936e-06,0.00471355
135.0,0.8273817531,469.316708,5.56901e-06,0.0047129
135.0,0.8303327501,470.9474184,5.58371e-06,0.00471353
135.0,0.8294210768,469.0403464,5.58214e-06,0.00471347
135.0,0.8259563926,469.1614376,5.58594e-06,0.00471444
135.0,0.8279831117,469.2274887,5.58981e-06,0.00471433
135.0,0.8272901866,470.0625876,5.58224e-06,0.00471455
135.0,0.8280368957,467.7887129,5.57277e-06,0.00471776
135.0,0.8289641312,468.1230795,5.58736e-06,0.00471267
135.0,0.827600023,468.9476037,5.58464e-06,0.00471182
Freq,135,Rs,468.7951677375,1.2832372295328036,Ls,0.82817131909375,0.0014622868186418526
":SOUR:DCS:STAT OFF;:BIAS:STAT OFF;:COMP:BIN:COUN:CLE;:LIST:CLE:ALL;:COMP:BIN:CLE;:AMPL:ALC OFF;:APER MED,4;:BIAS:POL:AUTO OFF;:BIAS:RANG:AUTO ON;:BIAS:VOLT:LEV 0;:COMP:ABIN OFF;:COMP:BIN:COUN:STAT OFF;:COMP:MODE PTOL;:COMP:SLIM -9.9e+037,9.9e+037;:COMP:STAT OFF;:COMP:SWAP OFF;:COMP:TOL:NOM 0;:CURR:LEV 5e-005;:DISP:ENAB ON;:DISP:LINE """";:DISP:WIND:TEXT1:DATA:FMSD:DATA 1e-009;:DISP:WIND:TEXT2:DATA:FMSD:DATA 1e-009;:FORM:ASC:LONG ON;:FORM:BORD NORM;:FORM:DATA ASC,64;:FREQ:CW 135;:FUNC:DEV1:MODE OFF;:FUNC:DEV1:REF:VAL 0;:FUNC:DEV2:MODE OFF;:FUNC:DEV2:REF:VAL 0;:FUNC:IMP:TYPE LSRS;:FUNC:SMON:IDC:STAT OFF;:FUNC:SMON:VDC:STAT OFF;:INIT:CONT OFF;:LIST:MODE SEQ;:LIST:STIM:TYPE FREQ,NONE;:SOUR:DCS:VOLT:LEV 0;:TRIG:DEL 0;:TRIG:SOUR INT;:TRIG:TDEL 0;:DISP:WIND:TEXT1:DATA:FMSD:STAT OFF;:DISP:WIND:TEXT2:DATA:FMSD:STAT OFF;:FUNC:DCR:RANG:VAL 100;:FUNC:IMP:RANG:VAL 300;:OUTP:DC:ISOL:LEV:VAL 0.002;:OUTP:DC:ISOL:STAT OFF;:FUNC:DCR:RANG:AUTO ON;:FUNC:IMP:RANG:AUTO ON;:OUTP:DC:ISOL:LEV:AUTO ON;:DISP:PAGE MEASurement;
"
140.0,0.8513145046,481.285109,5.32098e-06,0.00473552
140.0,0.8495737545,486.6470684,5.35991e-06,0.0047388
140.0,0.8446567824,480.0385858,5.3198e-06,0.00473894
140.0,0.8463829221,485.5530632,5.32845e-06,0.0047383
140.0,0.8497269773,490.5403643,5.31647e-06,0.00473757
140.0,0.8536793905,485.4026359,5.31048e-06,0.0047352
140.0,0.8475370971,479.9593968,5.32781e-06,0.00473764
140.0,0.8472527849,480.1360158,5.33449e-06,0.00473503
140.0,0.8488878618,478.6368336,5.30654e-06,0.00473784
140.0,0.8546211407,483.2227586,5.31003e-06,0.00473495
140.0,0.8497539407,483.9792194,5.30763e-06,0.00473617
140.0,0.8510122915,484.6881696,5.34379e-06,0.00473723
140.0,0.8562424462,480.8918586,5.31993e-06,0.00473648
140.0,0.8470565497,482.7793112,5.33443e-06,0.00473527
140.0,0.8456395012,482.0071173,5.32542e-06,0.00473831
140.0,0.8439137104,481.4833933,5.32899e-06,0.00473694
Freq,140,Rs,482.9531813,3.0794688356049473,Ls,0.849203228475,0.0035400266578724813
":SOUR:DCS:STAT OFF;:BIAS:STAT OFF;:COMP:BIN:COUN:CLE;:LIST:CLE:ALL;:COMP:BIN:CLE;:AMPL:ALC OFF;:APER MED,4;:BIAS:POL:AUTO OFF;:BIAS:RANG:AUTO ON;:BIAS:VOLT:LEV 0;:COMP:ABIN OFF;:COMP:BIN:COUN:STAT OFF;:COMP:MODE PTOL;:COMP:SLIM -9.9e+037,9.9e+037;:COMP:STAT OFF;:COMP:SWAP OFF;:COMP:TOL:NOM 0;:CURR:LEV 5e-005;:DISP:ENAB ON;:DISP:LINE """";:DISP:WIND:TEXT1:DATA:FMSD:DATA 1e-009;:DISP:WIND:TEXT2:DATA:FMSD:DATA 1e-009;:FORM:ASC:LONG ON;:FORM:BORD NORM;:FORM:DATA ASC,64;:FREQ:CW 140;:FUNC:DEV1:MODE OFF;:FUNC:DEV1:REF:VAL 0;:FUNC:DEV2:MODE OFF;:FUNC:DEV2:REF:VAL 0;:FUNC:IMP:TYPE LSRS;:FUNC:SMON:IDC:STAT OFF;:FUNC:SMON:VDC:STAT OFF;:INIT:CONT OFF;:LIST:MODE SEQ;:LIST:STIM:TYPE FREQ,NONE;:SOUR:DCS:VOLT:LEV 0;:TRIG:DEL 0;:TRIG:SOUR INT;:TRIG:TDEL 0;:DISP:WIND:TEXT1:DATA:FMSD:STAT OFF;:DISP:WIND:TEXT2:DATA:FMSD:STAT OFF;:FUNC:DCR:RANG:VAL 100;:FUNC:IMP:RANG:VAL 300;:OUTP:DC:ISOL:LEV:VAL 0.002;:OUTP:DC:ISOL:STAT OFF;:FUNC:DCR:RANG:AUTO ON;:FUNC:IMP:RANG:AUTO ON;:OUTP:DC:ISOL:LEV:AUTO ON;:DISP:PAGE MEASurement;
"
145.0,0.874987615,498.7749141,5.03621e-06,0.00475676
145.0,0.8751324235,500.2648402,5.05193e-06,0.00475777
145.0,0.8741884966,505.6810013,5.05216e-06,0.00475748
145.0,0.8748457313,506.2660683,5.05432e-06,0.00475602
145.0,0.8775043616,507.2282956,5.04743e-06,0.00475923
145.0,0.8763242947,509.8011558,5.03179e-06,0.00475681
145.0,0.8783415872,506.2290813,5.01652e-06,0.00475713
145.0,0.8770604296,503.7254057,5.034e-06,0.00475908
145.0,0.8752671797,502.552393,5.01881e-06,0.00476113
145.0,0.8733959238,500.5833443,5.05655e-06,0.00475824
145.0,0.8764539037,502.2739952,5.05435e-06,0.00475756
145.0,0.8746521331,504.2113667,5.04009e-06,0.00475787
145.0,0.8748835911,503.2902067,5.04847e-06,0.00475695
145.0,0.8771572399,505.8695194,5.02333e-06,0.00475616
145.0,0.8782878747,509.3664717,5.04297e-06,0.00475776
145.0,0.8717208977,505.8783308,5.04633e-06,0.0047581
Freq,145,Rs,504.49977438124995,3.1353448829529604,Ls,0.8756377302,0.0018025749623410546
":SOUR:DCS:STAT OFF;:BIAS:STAT OFF;:COMP:BIN:COUN:CLE;:LIST:CLE:ALL;:COMP:BIN:CLE;:AMPL:ALC OFF;:APER MED,4;:BIAS:POL:AUTO OFF;:BIAS:RANG:AUTO ON;:BIAS:VOLT:LEV 0;:COMP:ABIN OFF;:COMP:BIN:COUN:STAT OFF;:COMP:MODE PTOL;:COMP:SLIM -9.9e+037,9.9e+037;:COMP:STAT OFF;:COMP:SWAP OFF;:COMP:TOL:NOM 0;:CURR:LEV 5e-005;:DISP:ENAB ON;:DISP:LINE """";:DISP:WIND:TEXT1:DATA:FMSD:DATA 1e-009;:DISP:WIND:TEXT2:DATA:FMSD:DATA 1e-009;:FORM:ASC:LONG ON;:FORM:BORD NORM;:FORM:DATA ASC,64;:FREQ:CW 145;:FUNC:DEV1:MODE OFF;:FUNC:DEV1:REF:VAL 0;:FUNC:DEV2:MODE OFF;:FUNC:DEV2:REF:VAL 0;:FUNC:IMP:TYPE LSRS;:FUNC:SMON:IDC:STAT OFF;:FUNC:SMON:VDC:STAT OFF;:INIT:CONT OFF;:LIST:MODE SEQ;:LIST:STIM:TYPE FREQ,NONE;:SOUR:DCS:VOLT:LEV 0;:TRIG:DEL 0;:TRIG:SOUR INT;:TRIG:TDEL 0;:DISP:WIND:TEXT1:DATA:FMSD:STAT OFF;:DISP:WIND:TEXT2:DATA:FMSD:STAT OFF;:FUNC:DCR:RANG:VAL 100;:FUNC:IMP:RANG:VAL 300;:OUTP:DC:ISOL:LEV:VAL 0.002;:OUTP:DC:ISOL:STAT OFF;:FUNC:DCR:RANG:AUTO ON;:FUNC:IMP:RANG:AUTO ON;:OUTP:DC:ISOL:LEV:AUTO ON;:DISP:PAGE MEASurement;
"
150.0,0.9052398711,530.25724,4.73902e-06,0.00477512
150.0,0.9083700266,528.1909741,4.75029e-06,0.00477552
150.0,0.9066522705,528.1856117,4.75751e-06,0.00477398
150.0,0.9034920918,527.629389,4.75671e-06,0.00477583
150.0,0.9022402629,531.2928561,4.73979e-06,0.004774
150.0,0.9087458652,528.0132231,4.7446e-06,0.00477669
150.0,0.9047188268,527.3849588,4.77145e-06,0.00477413
150.0,0.9077189369,528.2312854,4.76674e-06,0.00477598
150.0,0.9044776329,528.2812475,4.75688e-06,0.00477599
150.0,0.9042998642,531.8923921,4.77439e-06,0.00477761
150.0,0.906822416,525.4014687,4.74753e-06,0.00477574
150.0,0.9087830763,527.8273675,4.75161e-06,0.00477463
150.0,0.9086674416,526.5217451,4.7709e-06,0.00477401
150.0,0.903252261,529.0547993,4.76182e-06,0.00477605
150.0,0.9027683763,528.9018159,4.74701e-06,0.00477377
150.0,0.9035256948,528.4500649,4.76122e-06,0.00477568
Freq,150,Rs,528.46977745,1.62014097366121,Ls,0.90561093218125,0.0023326706731692684
":SOUR:DCS:STAT OFF;:BIAS:STAT OFF;:COMP:BIN:COUN:CLE;:LIST:CLE:ALL;:COMP:BIN:CLE;:AMPL:ALC OFF;:APER MED,4;:BIAS:POL:AUTO OFF;:BIAS:RANG:AUTO ON;:BIAS:VOLT:LEV 0;:COMP:ABIN OFF;:COMP:BIN:COUN:STAT OFF;:COMP:MODE PTOL;:COMP:SLIM -9.9e+037,9.9e+037;:COMP:STAT OFF;:COMP:SWAP OFF;:COMP:TOL:NOM 0;:CURR:LEV 5e-005;:DISP:ENAB ON;:DISP:LINE """";:DISP:WIND:TEXT1:DATA:FMSD:DATA 1e-009;:DISP:WIND:TEXT2:DATA:FMSD:DATA 1e-009;:FORM:ASC:LONG ON;:FORM:BORD NORM;:FORM:DATA ASC,64;:FREQ:CW 150;:FUNC:DEV1:MODE OFF;:FUNC:DEV1:REF:VAL 0;:FUNC:DEV2:MODE OFF;:FUNC:DEV2:REF:VAL 0;:FUNC:IMP:TYPE LSRS;:FUNC:SMON:IDC:STAT OFF;:FUNC:SMON:VDC:STAT OFF;:INIT:CONT OFF;:LIST:MODE SEQ;:LIST:STIM:TYPE FREQ,NONE;:SOUR:DCS:VOLT:LEV 0;:TRIG:DEL 0;:TRIG:SOUR INT;:TRIG:TDEL 0;:DISP:WIND:TEXT1:DATA:FMSD:STAT OFF;:DISP:WIND:TEXT2:DATA:FMSD:STAT OFF;:FUNC:DCR:RANG:VAL 100;:FUNC:IMP:RANG:VAL 1000;:OUTP:DC:ISOL:LEV:VAL 0.002;:OUTP:DC:ISOL:STAT OFF;:FUNC:DCR:RANG:AUTO ON;:FUNC:IMP:RANG:AUTO ON;:OUTP:DC:ISOL:LEV:AUTO ON;:DISP:PAGE MEASurement;
"
155.0,0.9773500998,556.7299809,4.36661e-06,0.00481221
155.0,0.9757187951,559.9016988,4.36509e-06,0.00481432
155.0,0.9753741279,559.2194516,4.37334e-06,0.00481379
155.0,0.9743299214,562.2425131,4.35188e-06,0.00481327
155.0,0.9732054085,558.8174853,4.34494e-06,0.00481194
155.0,0.9780990247,561.2022165,4.37371e-06,0.00481238
155.0,0.9773958384,557.6816683,4.35923e-06,0.0048122
155.0,0.9772069595,557.4871836,4.35723e-06,0.00481431
155.0,0.9753742311,557.2495034,4.34898e-06,0.00481266
155.0,0.9770927988,556.0004217,4.37354e-06,0.00481399
155.0,0.9757068871,556.065209,4.35488e-06,0.00481265
155.0,0.9753468559,555.4804392,4.3685e-06,0.00481124
155.0,0.9785108773,559.2838209,4.37247e-06,0.00481235
155.0,0.977229072,559.4968664,4.36583e-06,0.00481312
155.0,0.9818878736,560.5990151,4.37394e-06,0.00481094
155.0,0.9741554103,560.2217094,4.36936e-06,0.00481307
Freq,155,Rs,558.60494895,2.0063167219018974,Ls,0.9764990113375001,0.002076893309210057
":SOUR:DCS:STAT OFF;:BIAS:STAT OFF;:COMP:BIN:COUN:CLE;:LIST:CLE:ALL;:COMP:BIN:CLE;:AMPL:ALC OFF;:APER MED,4;:BIAS:POL:AUTO OFF;:BIAS:RANG:AUTO ON;:BIAS:VOLT:LEV 0;:COMP:ABIN OFF;:COMP:BIN:COUN:STAT OFF;:COMP:MODE PTOL;:COMP:SLIM -9.9e+037,9.9e+037;:COMP:STAT OFF;:COMP:SWAP OFF;:COMP:TOL:NOM 0;:CURR:LEV 5e-005;:DISP:ENAB ON;:DISP:LINE """";:DISP:WIND:TEXT1:DATA:FMSD:DATA 1e-009;:DISP:WIND:TEXT2:DATA:FMSD:DATA 1e-009;:FORM:ASC:LONG ON;:FORM:BORD NORM;:FORM:DATA ASC,64;:FREQ:CW 155;:FUNC:DEV1:MODE OFF;:FUNC:DEV1:REF:VAL 0;:FUNC:DEV2:MODE OFF;:FUNC:DEV2:REF:VAL 0;:FUNC:IMP:TYPE LSRS;:FUNC:SMON:IDC:STAT OFF;:FUNC:SMON:VDC:STAT OFF;:INIT:CONT OFF;:LIST:MODE SEQ;:LIST:STIM:TYPE FREQ,NONE;:SOUR:DCS:VOLT:LEV 0;:TRIG:DEL 0;:TRIG:SOUR INT;:TRIG:TDEL 0;:DISP:WIND:TEXT1:DATA:FMSD:STAT OFF;:DISP:WIND:TEXT2:DATA:FMSD:STAT OFF;:FUNC:DCR:RANG:VAL 100;:FUNC:IMP:RANG:VAL 1000;:OUTP:DC:ISOL:LEV:VAL 0.002;:OUTP:DC:ISOL:STAT OFF;:FUNC:DCR:RANG:AUTO ON;:FUNC:IMP:RANG:AUTO ON;:OUTP:DC:ISOL:LEV:AUTO ON;:DISP:PAGE MEASurement;
"
160.0,1.13618545,666.8823682,3.67516e-06,0.00485911
160.0,1.136412019,654.2337289,3.67621e-06,0.00485726
160.0,1.132921263,660.5674195,3.68008e-06,0.0048589
160.0,1.135554322,661.8851209,3.68673e-06,0.00485729
160.0,1.145011444,662.2718252,3.66677e-06,0.00485821
160.0,1.139843225,660.1447826,3.67504e-06,0.00485901
160.0,1.137835167,656.4486922,3.66033e-06,0.00485746
160.0,1.148733988,662.5271728,3.70256e-06,0.00485825
160.0,1.146483713,656.2233169,3.67053e-06,0.00486009
160.0,1.1375437,659.5782186,3.70524e-06,0.00485967
160.0,1.135877129,654.0547243,3.67649e-06,0.00485551
160.0,1.136397975,656.2183504,3.68779e-06,0.00485598
160.0,1.145321664,663.2029985,3.70409e-06,0.0048594
160.0,1.141508889,659.0203668,3.67054e-06,0.00485822
160.0,1.143562832,660.6201766,3.69609e-06,0.00485816
160.0,1.138205771,663.237212,3.66634e-06,0.00485742
Freq,160,Rs,659.81977965,3.5993040448943745,Ls,1.1398374094375,0.004672876865577935
":SOUR:DCS:STAT OFF;:BIAS:STAT OFF;:COMP:BIN:COUN:CLE;:LIST:CLE:ALL;:COMP:BIN:CLE;:AMPL:ALC OFF;:APER MED,4;:BIAS:POL:AUTO OFF;:BIAS:RANG:AUTO ON;:BIAS:VOLT:LEV 0;:COMP:ABIN OFF;:COMP:BIN:COUN:STAT OFF;:COMP:MODE PTOL;:COMP:SLIM -9.9e+037,9.9e+037;:COMP:STAT OFF;:COMP:SWAP OFF;:COMP:TOL:NOM 0;:CURR:LEV 5e-005;:DISP:ENAB ON;:DISP:LINE """";:DISP:WIND:TEXT1:DATA:FMSD:DATA 1e-009;:DISP:WIND:TEXT2:DATA:FMSD:DATA 1e-009;:FORM:ASC:LONG ON;:FORM:BORD NORM;:FORM:DATA ASC,64;:FREQ:CW 160;:FUNC:DEV1:MODE OFF;:FUNC:DEV1:REF:VAL 0;:FUNC:DEV2:MODE OFF;:FUNC:DEV2:REF:VAL 0;:FUNC:IMP:TYPE LSRS;:FUNC:SMON:IDC:STAT OFF;:FUNC:SMON:VDC:STAT OFF;:INIT:CONT OFF;:LIST:MODE SEQ;:LIST:STIM:TYPE FREQ,NONE;:SOUR:DCS:VOLT:LEV 0;:TRIG:DEL 0;:TRIG:SOUR INT;:TRIG:TDEL 0;:DISP:WIND:TEXT1:DATA:FMSD:STAT OFF;:DISP:WIND:TEXT2:DATA:FMSD:STAT OFF;:FUNC:DCR:RANG:VAL 100;:FUNC:IMP:RANG:VAL 1000;:OUTP:DC:ISOL:LEV:VAL 0.002;:OUTP:DC:ISOL:STAT OFF;:FUNC:DCR:RANG:AUTO ON;:FUNC:IMP:RANG:AUTO ON;:OUTP:DC:ISOL:LEV:AUTO ON;:DISP:PAGE MEASurement;
"
165.0,1.342388432,1234.580424,2.61438e-06,0.00487643
165.0,1.335758408,1241.774914,2.64033e-06,0.00487668
165.0,1.332220974,1252.760893,2.64145e-06,0.00487798
165.0,1.347763675,1249.581588,2.63078e-06,0.00487654
165.0,1.338026937,1234.524181,2.62545e-06,0.00487747
165.0,1.346974917,1243.20448,2.62045e-06,0.00487629
165.0,1.329384822,1250.331859,2.60128e-06,0.00488021
165.0,1.343068856,1242.586723,2.61664e-06,0.00487963
165.0,1.329399075,1230.174191,2.60609e-06,0.00487812
165.0,1.341623237,1241.922814,2.62011e-06,0.00487773
165.0,1.341893678,1240.546455,2.62528e-06,0.00487733
165.0,1.349741422,1235.999148,2.61521e-06,0.0048756
165.0,1.34800185,1243.158605,2.63682e-06,0.0048754
165.0,1.335807263,1244.115515,2.60716e-06,0.00487516
165.0,1.346966395,1236.102667,2.62006e-06,0.00487681
165.0,1.330598038,1239.863744,2.63608e-06,0.00487651
Freq,165,Rs,1241.3267625624999,6.171804045516376,Ls,1.3399761236874999,0.007076481393256525
":SOUR:DCS:STAT OFF;:BIAS:STAT OFF;:COMP:BIN:COUN:CLE;:LIST:CLE:ALL;:COMP:BIN:CLE;:AMPL:ALC OFF;:APER MED,4;:BIAS:POL:AUTO OFF;:BIAS:RANG:AUTO ON;:BIAS:VOLT:LEV 0;:COMP:ABIN OFF;:COMP:BIN:COUN:STAT OFF;:COMP:MODE PTOL;:COMP:SLIM -9.9e+037,9.9e+037;:COMP:STAT OFF;:COMP:SWAP OFF;:COMP:TOL:NOM 0;:CURR:LEV 5e-005;:DISP:ENAB ON;:DISP:LINE """";:DISP:WIND:TEXT1:DATA:FMSD:DATA 1e-009;:DISP:WIND:TEXT2:DATA:FMSD:DATA 1e-009;:FORM:ASC:LONG ON;:FORM:BORD NORM;:FORM:DATA ASC,64;:FREQ:CW 165;:FUNC:DEV1:MODE OFF;:FUNC:DEV1:REF:VAL 0;:FUNC:DEV2:MODE OFF;:FUNC:DEV2:REF:VAL 0;:FUNC:IMP:TYPE LSRS;:FUNC:SMON:IDC:STAT OFF;:FUNC:SMON:VDC:STAT OFF;:INIT:CONT OFF;:LIST:MODE SEQ;:LIST:STIM:TYPE FREQ,NONE;:SOUR:DCS:VOLT:LEV 0;:TRIG:DEL 0;:TRIG:SOUR INT;:TRIG:TDEL 0;:DISP:WIND:TEXT1:DATA:FMSD:STAT OFF;:DISP:WIND:TEXT2:DATA:FMSD:STAT OFF;:FUNC:DCR:RANG:VAL 100;:FUNC:IMP:RANG:VAL 1000;:OUTP:DC:ISOL:LEV:VAL 0.002;:OUTP:DC:ISOL:STAT OFF;:FUNC:DCR:RANG:AUTO ON;:FUNC:IMP:RANG:AUTO ON;:OUTP:DC:ISOL:LEV:AUTO ON;:DISP:PAGE MEASurement;
"
170.0,0.03850857744,1711.252814,2.78757e-06,0.00477827
170.0,0.03761931929,1716.76253,2.79132e-06,0.0047769
170.0,0.05651215597,1706.783565,2.7944e-06,0.00477787
170.0,0.03651340473,1712.579552,2.78641e-06,0.00477878
170.0,0.04571991896,1717.12496,2.77302e-06,0.00477644
170.0,0.0496837608,1711.855779,2.80081e-06,0.00477802
170.0,0.03772474129,1709.39568,2.79013e-06,0.00477834
170.0,0.04577417062,1714.751805,2.79442e-06,0.00477809
170.0,0.05035955115,1710.779624,2.79931e-06,0.00477755
170.0,0.03508339602,1701.056663,2.79583e-06,0.00477713
170.0,0.03695120724,1709.460574,2.78461e-06,0.00477589
170.0,0.04100532298,1713.016378,2.77884e-06,0.00477582
170.0,0.04601331039,1715.116557,2.78398e-06,0.00477778
170.0,0.04390916909,1707.676939,2.80731e-06,0.00477627
170.0,0.03703378294,1713.618989,2.79458e-06,0.00477647
170.0,0.04012501049,1710.049497,2.81069e-06,0.00477745
Freq,170,Rs,1711.330119125,4.064506183089939,Ls,0.0424085499625,0.006147883340849832
":SOUR:DCS:STAT OFF;:BIAS:STAT OFF;:COMP:BIN:COUN:CLE;:LIST:CLE:ALL;:COMP:BIN:CLE;:AMPL:ALC OFF;:APER MED,4;:BIAS:POL:AUTO OFF;:BIAS:RANG:AUTO ON;:BIAS:VOLT:LEV 0;:COMP:ABIN OFF;:COMP:BIN:COUN:STAT OFF;:COMP:MODE PTOL;:COMP:SLIM -9.9e+037,9.9e+037;:COMP:STAT OFF;:COMP:SWAP OFF;:COMP:TOL:NOM 0;:CURR:LEV 5e-005;:DISP:ENAB ON;:DISP:LINE """";:DISP:WIND:TEXT1:DATA:FMSD:DATA 1e-009;:DISP:WIND:TEXT2:DATA:FMSD:DATA 1e-009;:FORM:ASC:LONG ON;:FORM:BORD NORM;:FORM:DATA ASC,64;:FREQ:CW 170;:FUNC:DEV1:MODE OFF;:FUNC:DEV1:REF:VAL 0;:FUNC:DEV2:MODE OFF;:FUNC:DEV2:REF:VAL 0;:FUNC:IMP:TYPE LSRS;:FUNC:SMON:IDC:STAT OFF;:FUNC:SMON:VDC:STAT OFF;:INIT:CONT OFF;:LIST:MODE SEQ;:LIST:STIM:TYPE FREQ,NONE;:SOUR:DCS:VOLT:LEV 0;:TRIG:DEL 0;:TRIG:SOUR INT;:TRIG:TDEL 0;:DISP:WIND:TEXT1:DATA:FMSD:STAT OFF;:DISP:WIND:TEXT2:DATA:FMSD:STAT OFF;:FUNC:DCR:RANG:VAL 100;:FUNC:IMP:RANG:VAL 1000;:OUTP:DC:ISOL:LEV:VAL 0.002;:OUTP:DC:ISOL:STAT OFF;:FUNC:DCR:RANG:AUTO ON;:FUNC:IMP:RANG:AUTO ON;:OUTP:DC:ISOL:LEV:AUTO ON;:DISP:PAGE MEASurement;
"
172.0,-0.05963341668,1155.426664,4.02777e-06,0.00465658
172.0,-0.06244769003,1159.412354,4.02586e-06,0.00465642
172.0,-0.06256023784,1154.299437,4.004e-06,0.00465383
172.0,-0.06418159225,1154.551986,4.01056e-06,0.00465679
172.0,-0.06102186854,1159.009703,4.02233e-06,0.00465585
172.0,-0.06061797321,1162.40051,4.02709e-06,0.00465666
172.0,-0.05709568043,1152.562582,4.00749e-06,0.00465698
172.0,-0.06147581728,1155.305855,4.0118e-06,0.0046555
172.0,-0.06239893746,1152.771393,3.99954e-06,0.00465564
172.0,-0.06171566249,1157.975104,4.01376e-06,0.0046539
172.0,-0.06107980523,1157.218744,4.01451e-06,0.0046551
172.0,-0.05716551696,1158.204723,4.02519e-06,0.00465375
172.0,-0.05996211302,1157.739581,4.02108e-06,0.00465465
172.0,-0.06223212599,1152.037524,4.02482e-06,0.00465421
172.0,-0.0615163283,1153.049649,4.01496e-06,0.00465396
172.0,-0.06243162692,1156.791916,4.01049e-06,0.00465359
Freq,172,Rs,1156.1723578125002,2.915920406948513,Ls,-0.061096024539375,0.0018987637156274698
":SOUR:DCS:STAT OFF;:BIAS:STAT OFF;:COMP:BIN:COUN:CLE;:LIST:CLE:ALL;:COMP:BIN:CLE;:AMPL:ALC OFF;:APER MED,4;:BIAS:POL:AUTO OFF;:BIAS:RANG:AUTO ON;:BIAS:VOLT:LEV 0;:COMP:ABIN OFF;:COMP:BIN:COUN:STAT OFF;:COMP:MODE PTOL;:COMP:SLIM -9.9e+037,9.9e+037;:COMP:STAT OFF;:COMP:SWAP OFF;:COMP:TOL:NOM 0;:CURR:LEV 5e-005;:DISP:ENAB ON;:DISP:LINE """";:DISP:WIND:TEXT1:DATA:FMSD:DATA 1e-009;:DISP:WIND:TEXT2:DATA:FMSD:DATA 1e-009;:FORM:ASC:LONG ON;:FORM:BORD NORM;:FORM:DATA ASC,64;:FREQ:CW 172;:FUNC:DEV1:MODE OFF;:FUNC:DEV1:REF:VAL 0;:FUNC:DEV2:MODE OFF;:FUNC:DEV2:REF:VAL 0;:FUNC:IMP:TYPE LSRS;:FUNC:SMON:IDC:STAT OFF;:FUNC:SMON:VDC:STAT OFF;:INIT:CONT OFF;:LIST:MODE SEQ;:LIST:STIM:TYPE FREQ,NONE;:SOUR:DCS:VOLT:LEV 0;:TRIG:DEL 0;:TRIG:SOUR INT;:TRIG:TDEL 0;:DISP:WIND:TEXT1:DATA:FMSD:STAT OFF;:DISP:WIND:TEXT2:DATA:FMSD:STAT OFF;:FUNC:DCR:RANG:VAL 100;:FUNC:IMP:RANG:VAL 1000;:OUTP:DC:ISOL:LEV:VAL 0.002;:OUTP:DC:ISOL:STAT OFF;:FUNC:DCR:RANG:AUTO ON;:FUNC:IMP:RANG:AUTO ON;:OUTP:DC:ISOL:LEV:AUTO ON;:DISP:PAGE MEASurement;
"
175.0,0.09867887651,806.171339,5.53989e-06,0.00450514
175.0,0.100314201,806.0966431,5.5435e-06,0.00450533
175.0,0.1006680678,806.2888316,5.53711e-06,0.00450746
175.0,0.09926817036,804.6624234,5.53219e-06,0.00450647
175.0,0.1004201926,803.7972985,5.54376e-06,0.00450513
175.0,0.1017637816,808.3121371,5.53369e-06,0.00450737
175.0,0.09997288223,803.3804903,5.54994e-06,0.00450612
175.0,0.1006696617,806.2589684,5.55175e-06,0.00450491
175.0,0.1004698024,806.4777077,5.54827e-06,0.00450686
175.0,0.10116009,805.8427676,5.5363e-06,0.00450534
175.0,0.100518067,804.4311447,5.54586e-06,0.00450637
175.0,0.1008069104,806.9650177,5.53095e-06,0.00450682
175.0,0.1008317022,806.9194074,5.53384e-06,0.00450584
175.0,0.1000033759,805.6325061,5.54598e-06,0.0045058
175.0,0.09957074129,805.8441056,5.52806e-06,0.0045064
175.0,0.09962652974,805.8991957,5.55749e-06,0.00450664
Freq,175,Rs,805.8112489937499,1.2417269527640844,Ls,0.100296440795625,0.0007597419685126219
":SOUR:DCS:STAT OFF;:BIAS:STAT OFF;:COMP:BIN:COUN:CLE;:LIST:CLE:ALL;:COMP:BIN:CLE;:AMPL:ALC OFF;:APER MED,4;:BIAS:POL:AUTO OFF;:BIAS:RANG:AUTO ON;:BIAS:VOLT:LEV 0;:COMP:ABIN OFF;:COMP:BIN:COUN:STAT OFF;:COMP:MODE PTOL;:COMP:SLIM -9.9e+037,9.9e+037;:COMP:STAT OFF;:COMP:SWAP OFF;:COMP:TOL:NOM 0;:CURR:LEV 5e-005;:DISP:ENAB ON;:DISP:LINE """";:DISP:WIND:TEXT1:DATA:FMSD:DATA 1e-009;:DISP:WIND:TEXT2:DATA:FMSD:DATA 1e-009;:FORM:ASC:LONG ON;:FORM:BORD NORM;:FORM:DATA ASC,64;:FREQ:CW 175;:FUNC:DEV1:MODE OFF;:FUNC:DEV1:REF:VAL 0;:FUNC:DEV2:MODE OFF;:FUNC:DEV2:REF:VAL 0;:FUNC:IMP:TYPE LSRS;:FUNC:SMON:IDC:STAT OFF;:FUNC:SMON:VDC:STAT OFF;:INIT:CONT OFF;:LIST:MODE SEQ;:LIST:STIM:TYPE FREQ,NONE;:SOUR:DCS:VOLT:LEV 0;:TRIG:DEL 0;:TRIG:SOUR INT;:TRIG:TDEL 0;:DISP:WIND:TEXT1:DATA:FMSD:STAT OFF;:DISP:WIND:TEXT2:DATA:FMSD:STAT OFF;:FUNC:DCR:RANG:VAL 100;:FUNC:IMP:RANG:VAL 300;:OUTP:DC:ISOL:LEV:VAL 0.002;:OUTP:DC:ISOL:STAT OFF;:FUNC:DCR:RANG:AUTO ON;:FUNC:IMP:RANG:AUTO ON;:OUTP:DC:ISOL:LEV:AUTO ON;:DISP:PAGE MEASurement;
"
180.0,0.2845484726,634.1670151,6.32794e-06,0.00448592
180.0,0.2845365524,634.1271232,6.31006e-06,0.00448522
180.0,0.2847323849,633.8226887,6.31468e-06,0.00448517
180.0,0.2838530961,635.218524,6.2941e-06,0.00448495
180.0,0.284004526,636.1646337,6.30616e-06,0.00448579
180.0,0.2854029645,633.9684761,6.3085e-06,0.00448437
180.0,0.2843196361,634.4478157,6.30855e-06,0.00448503
180.0,0.2843081709,634.5766142,6.31419e-06,0.00448442
180.0,0.2834658694,634.6538132,6.30408e-06,0.00448462
180.0,0.2840970743,634.4059767,6.31251e-06,0.0044853
180.0,0.2850303433,634.0233447,6.31617e-06,0.00448565
180.0,0.2840444579,634.9732847,6.30966e-06,0.00448607
180.0,0.2837419907,632.456335,6.30578e-06,0.00448428
180.0,0.284447807,634.0150075,6.31152e-06,0.00448483
180.0,0.2843646974,635.06874,6.31722e-06,0.0044848
180.0,0.2838838209,633.7341129,6.30804e-06,0.00448531
Freq,180,Rs,634.3639690875,0.8081468079333393,Ls,0.284298866525,0.0004936200096214418
":SOUR:DCS:STAT OFF;:BIAS:STAT OFF;:COMP:BIN:COUN:CLE;:LIST:CLE:ALL;:COMP:BIN:CLE;:AMPL:ALC OFF;:APER MED,4;:BIAS:POL:AUTO OFF;:BIAS:RANG:AUTO ON;:BIAS:VOLT:LEV 0;:COMP:ABIN OFF;:COMP:BIN:COUN:STAT OFF;:COMP:MODE PTOL;:COMP:SLIM -9.9e+037,9.9e+037;:COMP:STAT OFF;:COMP:SWAP OFF;:COMP:TOL:NOM 0;:CURR:LEV 5e-005;:DISP:ENAB ON;:DISP:LINE """";:DISP:WIND:TEXT1:DATA:FMSD:DATA 1e-009;:DISP:WIND:TEXT2:DATA:FMSD:DATA 1e-009;:FORM:ASC:LONG ON;:FORM:BORD NORM;:FORM:DATA ASC,64;:FREQ:CW 180;:FUNC:DEV1:MODE OFF;:FUNC:DEV1:REF:VAL 0;:FUNC:DEV2:MODE OFF;:FUNC:DEV2:REF:VAL 0;:FUNC:IMP:TYPE LSRS;:FUNC:SMON:IDC:STAT OFF;:FUNC:SMON:VDC:STAT OFF;:INIT:CONT OFF;:LIST:MODE SEQ;:LIST:STIM:TYPE FREQ,NONE;:SOUR:DCS:VOLT:LEV 0;:TRIG:DEL 0;:TRIG:SOUR INT;:TRIG:TDEL 0;:DISP:WIND:TEXT1:DATA:FMSD:STAT OFF;:DISP:WIND:TEXT2:DATA:FMSD:STAT OFF;:FUNC:DCR:RANG:VAL 100;:FUNC:IMP:RANG:VAL 300;:OUTP:DC:ISOL:LEV:VAL 0.002;:OUTP:DC:ISOL:STAT OFF;:FUNC:DCR:RANG:AUTO ON;:FUNC:IMP:RANG:AUTO ON;:OUTP:DC:ISOL:LEV:AUTO ON;:DISP:PAGE MEASurement;
"
185.0,0.3816837006,586.8433996,6.18428e-06,0.00454975
185.0,0.3804146962,586.8663342,6.1855e-06,0.0045477
185.0,0.3811165838,587.7977778,6.18353e-06,0.00454797
185.0,0.3802256015,587.6257208,6.18744e-06,0.00454905
185.0,0.3813976719,587.1209984,6.18734e-06,0.00454926
185.0,0.3814026722,587.3183056,6.18855e-06,0.00454758
185.0,0.3807551831,586.4751206,6.18187e-06,0.00454776
185.0,0.3827321978,589.8781206,6.18399e-06,0.00454771
185.0,0.3808026264,586.8546798,6.16672e-06,0.00454665
185.0,0.38018249,587.0284483,6.2135e-06,0.00454958
185.0,0.3804608743,586.5231437,6.19161e-06,0.00454633
185.0,0.380993342,587.2675083,6.18588e-06,0.00454736
185.0,0.3807372771,587.3887876,6.18587e-06,0.00454834
185.0,0.3794275233,588.3418623,6.18852e-06,0.00454815
185.0,0.3797731352,587.209054,6.19305e-06,0.00454836
185.0,0.3807412793,587.6577672,6.1822e-06,0.0045478
Freq,185,Rs,587.3873143,0.8203330754408,Ls,0.38080292841874996,0.0007871665910545549
":SOUR:DCS:STAT OFF;:BIAS:STAT OFF;:COMP:BIN:COUN:CLE;:LIST:CLE:ALL;:COMP:BIN:CLE;:AMPL:ALC OFF;:APER MED,4;:BIAS:POL:AUTO OFF;:BIAS:RANG:AUTO ON;:BIAS:VOLT:LEV 0;:COMP:ABIN OFF;:COMP:BIN:COUN:STAT OFF;:COMP:MODE PTOL;:COMP:SLIM -9.9e+037,9.9e+037;:COMP:STAT OFF;:COMP:SWAP OFF;:COMP:TOL:NOM 0;:CURR:LEV 5e-005;:DISP:ENAB ON;:DISP:LINE """";:DISP:WIND:TEXT1:DATA:FMSD:DATA 1e-009;:DISP:WIND:TEXT2:DATA:FMSD:DATA 1e-009;:FORM:ASC:LONG ON;:FORM:BORD NORM;:FORM:DATA ASC,64;:FREQ:CW 185;:FUNC:DEV1:MODE OFF;:FUNC:DEV1:REF:VAL 0;:FUNC:DEV2:MODE OFF;:FUNC:DEV2:REF:VAL 0;:FUNC:IMP:TYPE LSRS;:FUNC:SMON:IDC:STAT OFF;:FUNC:SMON:VDC:STAT OFF;:INIT:CONT OFF;:LIST:MODE SEQ;:LIST:STIM:TYPE FREQ,NONE;:SOUR:DCS:VOLT:LEV 0;:TRIG:DEL 0;:TRIG:SOUR INT;:TRIG:TDEL 0;:DISP:WIND:TEXT1:DATA:FMSD:STAT OFF;:DISP:WIND:TEXT2:DATA:FMSD:STAT OFF;:FUNC:DCR:RANG:VAL 100;:FUNC:IMP:RANG:VAL 300;:OUTP:DC:ISOL:LEV:VAL 0.002;:OUTP:DC:ISOL:STAT OFF;:FUNC:DCR:RANG:AUTO ON;:FUNC:IMP:RANG:AUTO ON;:OUTP:DC:ISOL:LEV:AUTO ON;:DISP:PAGE MEASurement;
"
200.0,0.487720546,568.7116806,5.5551e-06,0.00465703
200.0,0.4897783977,567.9570722,5.55431e-06,0.00465564
200.0,0.4909795991,567.4800612,5.56978e-06,0.00465774
200.0,0.4902056673,568.5749574,5.55948e-06,0.0046569
200.0,0.4893594199,567.716073,5.5547e-06,0.00465808
200.0,0.489079657,570.2327487,5.55118e-06,0.00465707
200.0,0.491110877,568.7410916,5.56578e-06,0.00465698
200.0,0.4905557178,568.5432916,5.55262e-06,0.00465712
200.0,0.4897503061,566.6565408,5.55418e-06,0.00465638
200.0,0.4906397607,568.6427777,5.55919e-06,0.00465675
200.0,0.490397876,567.55059,5.55438e-06,0.00465846
200.0,0.4914050332,566.7280591,5.5548e-06,0.00465746
200.0,0.4906420684,567.2185416,5.55505e-06,0.00465598
200.0,0.4908706683,567.1417707,5.56238e-06,0.00465691
200.0,0.4912943424,567.9206658,5.55586e-06,0.00465804
200.0,0.4906120852,568.036973,5.55311e-06,0.00465684
Freq,200,Rs,567.9908059375,0.9096079830904972,Ls,0.49027512638125004,0.0009543030017524848
":SOUR:DCS:STAT OFF;:BIAS:STAT OFF;:COMP:BIN:COUN:CLE;:LIST:CLE:ALL;:COMP:BIN:CLE;:AMPL:ALC OFF;:APER MED,4;:BIAS:POL:AUTO OFF;:BIAS:RANG:AUTO ON;:BIAS:VOLT:LEV 0;:COMP:ABIN OFF;:COMP:BIN:COUN:STAT OFF;:COMP:MODE PTOL;:COMP:SLIM -9.9e+037,9.9e+037;:COMP:STAT OFF;:COMP:SWAP OFF;:COMP:TOL:NOM 0;:CURR:LEV 5e-005;:DISP:ENAB ON;:DISP:LINE """";:DISP:WIND:TEXT1:DATA:FMSD:DATA 1e-009;:DISP:WIND:TEXT2:DATA:FMSD:DATA 1e-009;:FORM:ASC:LONG ON;:FORM:BORD NORM;:FORM:DATA ASC,64;:FREQ:CW 200;:FUNC:DEV1:MODE OFF;:FUNC:DEV1:REF:VAL 0;:FUNC:DEV2:MODE OFF;:FUNC:DEV2:REF:VAL 0;:FUNC:IMP:TYPE LSRS;:FUNC:SMON:IDC:STAT OFF;:FUNC:SMON:VDC:STAT OFF;:INIT:CONT OFF;:LIST:MODE SEQ;:LIST:STIM:TYPE FREQ,NONE;:SOUR:DCS:VOLT:LEV 0;:TRIG:DEL 0;:TRIG:SOUR INT;:TRIG:TDEL 0;:DISP:WIND:TEXT1:DATA:FMSD:STAT OFF;:DISP:WIND:TEXT2:DATA:FMSD:STAT OFF;:FUNC:DCR:RANG:VAL 100;:FUNC:IMP:RANG:VAL 300;:OUTP:DC:ISOL:LEV:VAL 0.002;:OUTP:DC:ISOL:STAT OFF;:FUNC:DCR:RANG:AUTO ON;:FUNC:IMP:RANG:AUTO ON;:OUTP:DC:ISOL:LEV:AUTO ON;:DISP:PAGE MEASurement;
"
220.0,0.5320773644,601.7032266,4.97119e-06,0.00472238
220.0,0.5327999038,602.364548,4.97035e-06,0.00472153
220.0,0.5316524168,600.2012864,4.96539e-06,0.00472132
220.0,0.5320742706,600.4914738,4.9687e-06,0.00472123
220.0,0.5317893077,601.269754,4.96699e-06,0.00472222
220.0,0.5327552582,602.2112793,4.9651e-06,0.00472238
220.0,0.5321224223,601.8516679,4.96798e-06,0.00472186
220.0,0.53230271,601.5571475,4.96586e-06,0.00472243
220.0,0.5318561265,602.0069782,4.96915e-06,0.00472239
220.0,0.5316403237,601.3768867,4.97211e-06,0.00472223
220.0,0.5325390685,601.1040133,4.97396e-06,0.00472169
220.0,0.5322485416,601.2634579,4.97035e-06,0.00472116
220.0,0.5317858925,602.6831833,4.97225e-06,0.00472175
220.0,0.5327533466,602.4409531,4.96043e-06,0.00472182
220.0,0.5320698831,602.3083427,4.972e-06,0.00471866
220.0,0.5307567997,603.5555665,4.96709e-06,0.00472162
Freq,220,Rs,601.7743603250001,0.8415479798923795,Ls,0.53207647725,0.0005206563894528643
":SOUR:DCS:STAT OFF;:BIAS:STAT OFF;:COMP:BIN:COUN:CLE;:LIST:CLE:ALL;:COMP:BIN:CLE;:AMPL:ALC OFF;:APER MED,4;:BIAS:POL:AUTO OFF;:BIAS:RANG:AUTO ON;:BIAS:VOLT:LEV 0;:COMP:ABIN OFF;:COMP:BIN:COUN:STAT OFF;:COMP:MODE PTOL;:COMP:SLIM -9.9e+037,9.9e+037;:COMP:STAT OFF;:COMP:SWAP OFF;:COMP:TOL:NOM 0;:CURR:LEV 5e-005;:DISP:ENAB ON;:DISP:LINE """";:DISP:WIND:TEXT1:DATA:FMSD:DATA 1e-009;:DISP:WIND:TEXT2:DATA:FMSD:DATA 1e-009;:FORM:ASC:LONG ON;:FORM:BORD NORM;:FORM:DATA ASC,64;:FREQ:CW 220;:FUNC:DEV1:MODE OFF;:FUNC:DEV1:REF:VAL 0;:FUNC:DEV2:MODE OFF;:FUNC:DEV2:REF:VAL 0;:FUNC:IMP:TYPE LSRS;:FUNC:SMON:IDC:STAT OFF;:FUNC:SMON:VDC:STAT OFF;:INIT:CONT OFF;:LIST:MODE SEQ;:LIST:STIM:TYPE FREQ,NONE;:SOUR:DCS:VOLT:LEV 0;:TRIG:DEL 0;:TRIG:SOUR INT;:TRIG:TDEL 0;:DISP:WIND:TEXT1:DATA:FMSD:STAT OFF;:DISP:WIND:TEXT2:DATA:FMSD:STAT OFF;:FUNC:DCR:RANG:VAL 100;:FUNC:IMP:RANG:VAL 300;:OUTP:DC:ISOL:LEV:VAL 0.002;:OUTP:DC:ISOL:STAT OFF;:FUNC:DCR:RANG:AUTO ON;:FUNC:IMP:RANG:AUTO ON;:OUTP:DC:ISOL:LEV:AUTO ON;:DISP:PAGE MEASurement;
"
240.0,0.5369269327,619.7451184,4.66514e-06,0.00474774
240.0,0.5369452433,616.1126377,4.67763e-06,0.00475098
240.0,0.5359849786,616.7062801,4.67107e-06,0.00474975
240.0,0.5368813833,615.2666254,4.6735e-06,0.00474964
240.0,0.5370169142,615.1823663,4.67954e-06,0.00474986
240.0,0.5372489959,615.1244249,4.67442e-06,0.00474977
240.0,0.5362841489,615.5502026,4.67238e-06,0.00475019
240.0,0.5358453441,615.7160903,4.67007e-06,0.00474967
240.0,0.5376111502,614.6383568,4.66932e-06,0.00474995
240.0,0.5376557862,615.8844238,4.671e-06,0.00474861
240.0,0.5365865638,615.4014164,4.66916e-06,0.00474994
240.0,0.5366310221,615.8659623,4.66874e-06,0.00474921
240.0,0.5362240115,616.1347114,4.67401e-06,0.00475146
240.0,0.5373993666,616.7698396,4.67397e-06,0.00475
240.0,0.537648646,616.3994726,4.67438e-06,0.00474966
240.0,0.5370561114,614.902942,4.67131e-06,0.00475028
Freq,240,Rs,615.9625544125001,1.1828926841282423,Ls,0.5368716624250001,0.0005769622343636523
":SOUR:DCS:STAT OFF;:BIAS:STAT OFF;:COMP:BIN:COUN:CLE;:LIST:CLE:ALL;:COMP:BIN:CLE;:AMPL:ALC OFF;:APER MED,4;:BIAS:POL:AUTO OFF;:BIAS:RANG:AUTO ON;:BIAS:VOLT:LEV 0;:COMP:ABIN OFF;:COMP:BIN:COUN:STAT OFF;:COMP:MODE PTOL;:COMP:SLIM -9.9e+037,9.9e+037;:COMP:STAT OFF;:COMP:SWAP OFF;:COMP:TOL:NOM 0;:CURR:LEV 5e-005;:DISP:ENAB ON;:DISP:LINE """";:DISP:WIND:TEXT1:DATA:FMSD:DATA 1e-009;:DISP:WIND:TEXT2:DATA:FMSD:DATA 1e-009;:FORM:ASC:LONG ON;:FORM:BORD NORM;:FORM:DATA ASC,64;:FREQ:CW 240;:FUNC:DEV1:MODE OFF;:FUNC:DEV1:REF:VAL 0;:FUNC:DEV2:MODE OFF;:FUNC:DEV2:REF:VAL 0;:FUNC:IMP:TYPE LSRS;:FUNC:SMON:IDC:STAT OFF;:FUNC:SMON:VDC:STAT OFF;:INIT:CONT OFF;:LIST:MODE SEQ;:LIST:STIM:TYPE FREQ,NONE;:SOUR:DCS:VOLT:LEV 0;:TRIG:DEL 0;:TRIG:SOUR INT;:TRIG:TDEL 0;:DISP:WIND:TEXT1:DATA:FMSD:STAT OFF;:DISP:WIND:TEXT2:DATA:FMSD:STAT OFF;:FUNC:DCR:RANG:VAL 100;:FUNC:IMP:RANG:VAL 1000;:OUTP:DC:ISOL:LEV:VAL 0.002;:OUTP:DC:ISOL:STAT OFF;:FUNC:DCR:RANG:AUTO ON;:FUNC:IMP:RANG:AUTO ON;:OUTP:DC:ISOL:LEV:AUTO ON;:DISP:PAGE MEASurement;
"
400.0,0.4756598243,795.4898613,3.38179e-06,0.00485771
400.0,0.4752996753,797.2864512,3.38211e-06,0.00485831
400.0,0.4755036587,795.8411366,3.38394e-06,0.00485719
400.0,0.4749328462,795.1772803,3.38454e-06,0.00485748
400.0,0.475105592,796.5473335,3.38478e-06,0.00485717
400.0,0.4752119672,798.6295282,3.3829e-06,0.00485745
400.0,0.4749801254,797.3124969,3.38153e-06,0.00485732
400.0,0.4753098838,796.8827404,3.38404e-06,0.00485768
400.0,0.4753081759,795.9877226,3.38205e-06,0.00485743
400.0,0.475527586,796.3136643,3.38231e-06,0.00485744
400.0,0.4749643959,797.4747232,3.38002e-06,0.0048572
400.0,0.4748378165,798.4249325,3.38358e-06,0.00485737
400.0,0.4758596625,796.2860597,3.38097e-06,0.00485725
400.0,0.4753056975,798.9754883,3.3797e-06,0.00485755
400.0,0.4747348208,800.2338775,3.38337e-06,0.00485683
400.0,0.4756402755,795.2648468,3.38396e-06,0.00485704
Freq,400,Rs,797.00800895625,1.4521486075600598,Ls,0.47526137521875,0.0003221200166556563
":SOUR:DCS:STAT OFF;:BIAS:STAT OFF;:COMP:BIN:COUN:CLE;:LIST:CLE:ALL;:COMP:BIN:CLE;:AMPL:ALC OFF;:APER MED,4;:BIAS:POL:AUTO OFF;:BIAS:RANG:AUTO ON;:BIAS:VOLT:LEV 0;:COMP:ABIN OFF;:COMP:BIN:COUN:STAT OFF;:COMP:MODE PTOL;:COMP:SLIM -9.9e+037,9.9e+037;:COMP:STAT OFF;:COMP:SWAP OFF;:COMP:TOL:NOM 0;:CURR:LEV 5e-005;:DISP:ENAB ON;:DISP:LINE """";:DISP:WIND:TEXT1:DATA:FMSD:DATA 1e-009;:DISP:WIND:TEXT2:DATA:FMSD:DATA 1e-009;:FORM:ASC:LONG ON;:FORM:BORD NORM;:FORM:DATA ASC,64;:FREQ:CW 400;:FUNC:DEV1:MODE OFF;:FUNC:DEV1:REF:VAL 0;:FUNC:DEV2:MODE OFF;:FUNC:DEV2:REF:VAL 0;:FUNC:IMP:TYPE LSRS;:FUNC:SMON:IDC:STAT OFF;:FUNC:SMON:VDC:STAT OFF;:INIT:CONT OFF;:LIST:MODE SEQ;:LIST:STIM:TYPE FREQ,NONE;:SOUR:DCS:VOLT:LEV 0;:TRIG:DEL 0;:TRIG:SOUR INT;:TRIG:TDEL 0;:DISP:WIND:TEXT1:DATA:FMSD:STAT OFF;:DISP:WIND:TEXT2:DATA:FMSD:STAT OFF;:FUNC:DCR:RANG:VAL 100;:FUNC:IMP:RANG:VAL 1000;:OUTP:DC:ISOL:LEV:VAL 0.002;:OUTP:DC:ISOL:STAT OFF;:FUNC:DCR:RANG:AUTO ON;:FUNC:IMP:RANG:AUTO ON;:OUTP:DC:ISOL:LEV:AUTO ON;:DISP:PAGE MEASurement;
"
800.0,0.4076842507,1189.100577,2.07705e-06,0.00492075
800.0,0.4075087957,1189.766796,2.07703e-06,0.00492065
800.0,0.4077560237,1189.55529,2.07745e-06,0.00492069
800.0,0.4076477167,1189.088432,2.07736e-06,0.00492071
800.0,0.4075903687,1189.885986,2.07709e-06,0.00492063
800.0,0.4077233547,1189.769367,2.07711e-06,0.00492096
800.0,0.4076738467,1190.405845,2.07653e-06,0.00492061
800.0,0.4076282388,1189.980994,2.0768e-06,0.00492064
800.0,0.4076181488,1189.495844,2.07661e-06,0.00492063
800.0,0.4075982227,1189.85786,2.07639e-06,0.00492076
800.0,0.4077380266,1189.623124,2.07586e-06,0.00492076
800.0,0.4077173573,1189.404002,2.07712e-06,0.00492092
800.0,0.4077277971,1189.107772,2.07622e-06,0.00492053
800.0,0.4076087928,1189.634344,2.0767e-06,0.00492108
800.0,0.4076358762,1189.163261,2.07692e-06,0.0049207
800.0,0.4077235599,1189.22,2.07678e-06,0.00492078
Freq,800,Rs,1189.566218375,0.3761737799625705,Ls,0.40766127356875,6.813984007034602e-05
":SOUR:DCS:STAT OFF;:BIAS:STAT OFF;:COMP:BIN:COUN:CLE;:LIST:CLE:ALL;:COMP:BIN:CLE;:AMPL:ALC OFF;:APER MED,4;:BIAS:POL:AUTO OFF;:BIAS:RANG:AUTO ON;:BIAS:VOLT:LEV 0;:COMP:ABIN OFF;:COMP:BIN:COUN:STAT OFF;:COMP:MODE PTOL;:COMP:SLIM -9.9e+037,9.9e+037;:COMP:STAT OFF;:COMP:SWAP OFF;:COMP:TOL:NOM 0;:CURR:LEV 5e-005;:DISP:ENAB ON;:DISP:LINE """";:DISP:WIND:TEXT1:DATA:FMSD:DATA 1e-009;:DISP:WIND:TEXT2:DATA:FMSD:DATA 1e-009;:FORM:ASC:LONG ON;:FORM:BORD NORM;:FORM:DATA ASC,64;:FREQ:CW 800;:FUNC:DEV1:MODE OFF;:FUNC:DEV1:REF:VAL 0;:FUNC:DEV2:MODE OFF;:FUNC:DEV2:REF:VAL 0;:FUNC:IMP:TYPE LSRS;:FUNC:SMON:IDC:STAT OFF;:FUNC:SMON:VDC:STAT OFF;:INIT:CONT OFF;:LIST:MODE SEQ;:LIST:STIM:TYPE FREQ,NONE;:SOUR:DCS:VOLT:LEV 0;:TRIG:DEL 0;:TRIG:SOUR INT;:TRIG:TDEL 0;:DISP:WIND:TEXT1:DATA:FMSD:STAT OFF;:DISP:WIND:TEXT2:DATA:FMSD:STAT OFF;:FUNC:DCR:RANG:VAL 100;:FUNC:IMP:RANG:VAL 1000;:OUTP:DC:ISOL:LEV:VAL 0.002;:OUTP:DC:ISOL:STAT OFF;:FUNC:DCR:RANG:AUTO ON;:FUNC:IMP:RANG:AUTO ON;:OUTP:DC:ISOL:LEV:AUTO ON;:DISP:PAGE MEASurement;
"
1000.0,0.3839971863,1372.242365,1.77169e-06,0.00492108
1000.0,0.3842531161,1372.036905,1.77279e-06,0.00492084
1000.0,0.3842331545,1372.533191,1.7722e-06,0.00492113
1000.0,0.3841483238,1372.569798,1.77192e-06,0.00492086
1000.0,0.3842014799,1371.564844,1.77207e-06,0.0049212
1000.0,0.3841517625,1373.201414,1.77186e-06,0.00492073
1000.0,0.3842788209,1371.950226,1.77217e-06,0.00492078
1000.0,0.3839322957,1373.094834,1.77208e-06,0.00492061
1000.0,0.3841035571,1373.126221,1.77215e-06,0.00492104
1000.0,0.3842923338,1372.242443,1.77241e-06,0.00492104
1000.0,0.3841961676,1372.296073,1.77187e-06,0.00492098
1000.0,0.3841068995,1372.270565,1.77221e-06,0.00492096
1000.0,0.3842300478,1371.952296,1.77175e-06,0.00492099
1000.0,0.3841916264,1372.947732,1.77218e-06,0.00492098
1000.0,0.3841718462,1372.410173,1.7726e-06,0.00492112
1000.0,0.3841917948,1372.746547,1.77199e-06,0.00492085
Freq,1000,Rs,1372.4491016875,0.4753907981633479,Ls,0.38416752580625,9.640216856823952e-05
":SOUR:DCS:STAT OFF;:BIAS:STAT OFF;:COMP:BIN:COUN:CLE;:LIST:CLE:ALL;:COMP:BIN:CLE;:AMPL:ALC OFF;:APER MED,4;:BIAS:POL:AUTO OFF;:BIAS:RANG:AUTO ON;:BIAS:VOLT:LEV 0;:COMP:ABIN OFF;:COMP:BIN:COUN:STAT OFF;:COMP:MODE PTOL;:COMP:SLIM -9.9e+037,9.9e+037;:COMP:STAT OFF;:COMP:SWAP OFF;:COMP:TOL:NOM 0;:CURR:LEV 5e-005;:DISP:ENAB ON;:DISP:LINE """";:DISP:WIND:TEXT1:DATA:FMSD:DATA 1e-009;:DISP:WIND:TEXT2:DATA:FMSD:DATA 1e-009;:FORM:ASC:LONG ON;:FORM:BORD NORM;:FORM:DATA ASC,64;:FREQ:CW 1000;:FUNC:DEV1:MODE OFF;:FUNC:DEV1:REF:VAL 0;:FUNC:DEV2:MODE OFF;:FUNC:DEV2:REF:VAL 0;:FUNC:IMP:TYPE LSRS;:FUNC:SMON:IDC:STAT OFF;:FUNC:SMON:VDC:STAT OFF;:INIT:CONT OFF;:LIST:MODE SEQ;:LIST:STIM:TYPE FREQ,NONE;:SOUR:DCS:VOLT:LEV 0;:TRIG:DEL 0;:TRIG:SOUR INT;:TRIG:TDEL 0;:DISP:WIND:TEXT1:DATA:FMSD:STAT OFF;:DISP:WIND:TEXT2:DATA:FMSD:STAT OFF;:FUNC:DCR:RANG:VAL 100;:FUNC:IMP:RANG:VAL 1000;:OUTP:DC:ISOL:LEV:VAL 0.002;:OUTP:DC:ISOL:STAT OFF;:FUNC:DCR:RANG:AUTO ON;:FUNC:IMP:RANG:AUTO ON;:OUTP:DC:ISOL:LEV:AUTO ON;:DISP:PAGE MEASurement;
"
":SOUR:DCS:STAT OFF;:BIAS:STAT OFF;:COMP:BIN:COUN:CLE;:LIST:CLE:ALL;:COMP:BIN:CLE;:AMPL:ALC OFF;:APER MED,4;:BIAS:POL:AUTO OFF;:BIAS:RANG:AUTO ON;:BIAS:VOLT:LEV 0;:COMP:ABIN OFF;:COMP:BIN:COUN:STAT OFF;:COMP:MODE PTOL;:COMP:SLIM -9.9e+037,9.9e+037;:COMP:STAT OFF;:COMP:SWAP OFF;:COMP:TOL:NOM 0;:CURR:LEV 5e-005;:DISP:ENAB ON;:DISP:LINE """";:DISP:WIND:TEXT1:DATA:FMSD:DATA 1e-009;:DISP:WIND:TEXT2:DATA:FMSD:DATA 1e-009;:FORM:ASC:LONG ON;:FORM:BORD NORM;:FORM:DATA ASC,64;:FREQ:CW 1000;:FUNC:DEV1:MODE OFF;:FUNC:DEV1:REF:VAL 0;:FUNC:DEV2:MODE OFF;:FUNC:DEV2:REF:VAL 0;:FUNC:IMP:TYPE LSRS;:FUNC:SMON:IDC:STAT OFF;:FUNC:SMON:VDC:STAT OFF;:INIT:CONT OFF;:LIST:MODE SEQ;:LIST:STIM:TYPE FREQ,NONE;:SOUR:DCS:VOLT:LEV 0;:TRIG:DEL 0;:TRIG:SOUR INT;:TRIG:TDEL 0;:DISP:WIND:TEXT1:DATA:FMSD:STAT OFF;:DISP:WIND:TEXT2:DATA:FMSD:STAT OFF;:FUNC:DCR:RANG:VAL 100;:FUNC:IMP:RANG:VAL 1000;:OUTP:DC:ISOL:LEV:VAL 0.002;:OUTP:DC:ISOL:STAT OFF;:FUNC:DCR:RANG:AUTO ON;:FUNC:IMP:RANG:AUTO ON;:OUTP:DC:ISOL:LEV:AUTO ON;:DISP:PAGE MEASurement;
"
2024-05-06,11:25:47
---------run finished---------
Frequency,Resistance,uR,Inductance,uL
20,275.84574214375004,0.56132861676413,1.0717738651875002,0.0022201789254954534
25,284.576967875,0.6948717611063172,1.03197289475,0.00383357028839257
30,292.81651759374995,0.4776660744392405,1.0014964642687498,0.002445282006761261
40,309.35735724999995,0.6443879941436133,0.9528431861875001,0.0028143387231980514
53,330.5725230375,0.46319546843309284,0.90845562386875,0.0018402221741359538
60,342.13170884374995,0.43409189964690226,0.8900281895687501,0.0015685314805735757
80,376.75144300625004,0.8155241723013095,0.86015525830625,0.0015058186415617392
103,410.5331077,0.5657869618323129,0.8151043859625,0.0011021950121133807
120,442.0295302125,0.6651308769517232,0.8234547971,0.0011167585010525534
130,464.59723153125003,1.0211065258830867,0.804114350375,0.0020397578474140175
135,468.7951677375,1.2832372295328036,0.82817131909375,0.0014622868186418526
140,482.9531813,3.0794688356049473,0.849203228475,0.0035400266578724813
145,504.49977438124995,3.1353448829529604,0.8756377302,0.0018025749623410546
150,528.46977745,1.62014097366121,0.90561093218125,0.0023326706731692684
155,558.60494895,2.0063167219018974,0.9764990113375001,0.002076893309210057
160,659.81977965,3.5993040448943745,1.1398374094375,0.004672876865577935
165,1241.3267625624999,6.171804045516376,1.3399761236874999,0.007076481393256525
170,1711.330119125,4.064506183089939,0.0424085499625,0.006147883340849832
172,1156.1723578125002,2.915920406948513,-0.061096024539375,0.0018987637156274698
175,805.8112489937499,1.2417269527640844,0.100296440795625,0.0007597419685126219
180,634.3639690875,0.8081468079333393,0.284298866525,0.0004936200096214418
185,587.3873143,0.8203330754408,0.38080292841874996,0.0007871665910545549
200,567.9908059375,0.9096079830904972,0.49027512638125004,0.0009543030017524848
220,601.7743603250001,0.8415479798923795,0.53207647725,0.0005206563894528643
240,615.9625544125001,1.1828926841282423,0.5368716624250001,0.0005769622343636523
400,797.00800895625,1.4521486075600598,0.47526137521875,0.0003221200166556563
800,1189.566218375,0.3761737799625705,0.40766127356875,6.813984007034602e-05
1000,1372.4491016875,0.4753907981633479,0.38416752580625,9.640216856823952e-05
lcr name:,KeySight E4980A
Name and description of Resistor under test: ,weights shifted beyond clamps
2024-05-06,11:31:32
select the freq range,"[20, 25, 30, 40, 53, 60, 80, 103, 120, 130, 135, 140, 145, 150, 155, 160, 165, 170, 172, 175, 180, 185, 200, 220, 240, 400, 800, 1000]"
20.0,1.073095587,276.3579987,1.25689e-05,0.0038562
20.0,1.07061191,275.0985745,1.26217e-05,0.00385583
20.0,1.07402593,275.4111341,1.25176e-05,0.00385341
20.0,1.075321766,276.5626148,1.25419e-05,0.00386567
20.0,1.073431027,274.899898,1.25996e-05,0.00384663
20.0,1.07451505,275.8436653,1.2557e-05,0.0038595
20.0,1.074925044,275.2784246,1.25676e-05,0.00384838
20.0,1.069592533,275.3594122,1.25078e-05,0.00384732
20.0,1.068065658,276.0402906,1.25191e-05,0.00385837
20.0,1.067219077,276.4088637,1.25115e-05,0.00385575
20.0,1.071596124,275.1897363,1.25497e-05,0.00385463
20.0,1.084499361,275.7228642,1.25445e-05,0.0038548
20.0,1.071120072,275.6867778,1.25368e-05,0.00385898
20.0,1.075156023,274.7382711,1.25301e-05,0.00385964
20.0,1.076790967,274.834767,1.26212e-05,0.00386044
20.0,1.067580895,274.2596952,1.25252e-05,0.00385219
Freq,20,Rs,275.48081175625003,0.6550031225029859,Ls,1.072971689,0.004272656238395164
":SOUR:DCS:STAT OFF;:BIAS:STAT OFF;:COMP:BIN:COUN:CLE;:LIST:CLE:ALL;:COMP:BIN:CLE;:AMPL:ALC OFF;:APER MED,4;:BIAS:POL:AUTO OFF;:BIAS:RANG:AUTO ON;:BIAS:VOLT:LEV 0;:COMP:ABIN OFF;:COMP:BIN:COUN:STAT OFF;:COMP:MODE PTOL;:COMP:SLIM -9.9e+037,9.9e+037;:COMP:STAT OFF;:COMP:SWAP OFF;:COMP:TOL:NOM 0;:CURR:LEV 5e-005;:DISP:ENAB ON;:DISP:LINE """";:DISP:WIND:TEXT1:DATA:FMSD:DATA 1e-009;:DISP:WIND:TEXT2:DATA:FMSD:DATA 1e-009;:FORM:ASC:LONG ON;:FORM:BORD NORM;:FORM:DATA ASC,64;:FREQ:CW 20;:FUNC:DEV1:MODE OFF;:FUNC:DEV1:REF:VAL 0;:FUNC:DEV2:MODE OFF;:FUNC:DEV2:REF:VAL 0;:FUNC:IMP:TYPE LSRS;:FUNC:SMON:IDC:STAT OFF;:FUNC:SMON:VDC:STAT OFF;:INIT:CONT OFF;:LIST:MODE SEQ;:LIST:STIM:TYPE FREQ,NONE;:SOUR:DCS:VOLT:LEV 0;:TRIG:DEL 0;:TRIG:SOUR INT;:TRIG:TDEL 0;:DISP:WIND:TEXT1:DATA:FMSD:STAT OFF;:DISP:WIND:TEXT2:DATA:FMSD:STAT OFF;:FUNC:DCR:RANG:VAL 100;:FUNC:IMP:RANG:VAL 300;:OUTP:DC:ISOL:LEV:VAL 0.002;:OUTP:DC:ISOL:STAT OFF;:FUNC:DCR:RANG:AUTO ON;:FUNC:IMP:RANG:AUTO ON;:OUTP:DC:ISOL:LEV:AUTO ON;:DISP:PAGE MEASurement;
"
25.0,1.021607581,283.7654034,1.19135e-05,0.00390205
25.0,1.036966097,284.1025123,1.18672e-05,0.00390352
25.0,1.031104088,284.9378182,1.18337e-05,0.003903
25.0,1.027780368,285.0251602,1.19081e-05,0.00390352
25.0,1.028240662,282.7809809,1.19147e-05,0.00389616
25.0,1.033631489,283.1968638,1.18927e-05,0.00390665
25.0,1.018461297,287.1369185,1.18722e-05,0.00389694
25.0,1.036347017,284.8220101,1.19395e-05,0.00390412
25.0,1.046111539,284.9037008,1.18185e-05,0.00390048
25.0,1.029752449,285.0829863,1.19763e-05,0.00390201
25.0,1.052325071,283.0404894,1.19712e-05,0.00389561
25.0,1.039505146,284.4740018,1.19169e-05,0.0039006
25.0,1.03785567,286.2538083,1.19638e-05,0.0038949
25.0,1.050126142,284.3870628,1.18882e-05,0.00390951
25.0,1.035361155,285.9924459,1.18778e-05,0.00389786
25.0,1.051457115,285.512883,1.19347e-05,0.00390034
Freq,25,Rs,284.71344035625,1.1866490056674144,Ls,1.036039555375,0.010117697580437086
":SOUR:DCS:STAT OFF;:BIAS:STAT OFF;:COMP:BIN:COUN:CLE;:LIST:CLE:ALL;:COMP:BIN:CLE;:AMPL:ALC OFF;:APER MED,4;:BIAS:POL:AUTO OFF;:BIAS:RANG:AUTO ON;:BIAS:VOLT:LEV 0;:COMP:ABIN OFF;:COMP:BIN:COUN:STAT OFF;:COMP:MODE PTOL;:COMP:SLIM -9.9e+037,9.9e+037;:COMP:STAT OFF;:COMP:SWAP OFF;:COMP:TOL:NOM 0;:CURR:LEV 5e-005;:DISP:ENAB ON;:DISP:LINE """";:DISP:WIND:TEXT1:DATA:FMSD:DATA 1e-009;:DISP:WIND:TEXT2:DATA:FMSD:DATA 1e-009;:FORM:ASC:LONG ON;:FORM:BORD NORM;:FORM:DATA ASC,64;:FREQ:CW 25;:FUNC:DEV1:MODE OFF;:FUNC:DEV1:REF:VAL 0;:FUNC:DEV2:MODE OFF;:FUNC:DEV2:REF:VAL 0;:FUNC:IMP:TYPE LSRS;:FUNC:SMON:IDC:STAT OFF;:FUNC:SMON:VDC:STAT OFF;:INIT:CONT OFF;:LIST:MODE SEQ;:LIST:STIM:TYPE FREQ,NONE;:SOUR:DCS:VOLT:LEV 0;:TRIG:DEL 0;:TRIG:SOUR INT;:TRIG:TDEL 0;:DISP:WIND:TEXT1:DATA:FMSD:STAT OFF;:DISP:WIND:TEXT2:DATA:FMSD:STAT OFF;:FUNC:DCR:RANG:VAL 100;:FUNC:IMP:RANG:VAL 300;:OUTP:DC:ISOL:LEV:VAL 0.002;:OUTP:DC:ISOL:STAT OFF;:FUNC:DCR:RANG:AUTO ON;:FUNC:IMP:RANG:AUTO ON;:OUTP:DC:ISOL:LEV:AUTO ON;:DISP:PAGE MEASurement;
"
30.0,1.001696898,291.250669,1.15628e-05,0.00403003
30.0,1.011392912,291.4800469,1.1584e-05,0.00403187
30.0,1.012884104,293.3303054,1.15581e-05,0.00403478
30.0,1.004895684,289.5649186,1.15743e-05,0.00403153
30.0,1.005169573,291.3346339,1.15627e-05,0.00403147
30.0,1.00165998,292.9345996,1.15534e-05,0.00403489
30.0,1.006219167,292.0248329,1.163e-05,0.00403731
30.0,0.9914922299,293.3408171,1.15248e-05,0.00404197
30.0,1.005053241,292.9034791,1.15746e-05,0.00403676
30.0,1.004108915,292.8075169,1.15489e-05,0.00403467
30.0,1.002307842,293.0840535,1.15741e-05,0.00403569
30.0,1.00518766,295.2757595,1.14977e-05,0.00403401
30.0,1.013929954,294.5160637,1.15887e-05,0.00404164
30.0,1.002320309,293.8890714,1.15876e-05,0.00402704
30.0,1.017203684,291.7533698,1.16129e-05,0.00403181
30.0,0.9995883973,292.9519218,1.1522e-05,0.00403162
Freq,30,Rs,292.65262869375,1.3921510808657354,Ls,1.0053194093875,0.006221833083696453
":SOUR:DCS:STAT OFF;:BIAS:STAT OFF;:COMP:BIN:COUN:CLE;:LIST:CLE:ALL;:COMP:BIN:CLE;:AMPL:ALC OFF;:APER MED,4;:BIAS:POL:AUTO OFF;:BIAS:RANG:AUTO ON;:BIAS:VOLT:LEV 0;:COMP:ABIN OFF;:COMP:BIN:COUN:STAT OFF;:COMP:MODE PTOL;:COMP:SLIM -9.9e+037,9.9e+037;:COMP:STAT OFF;:COMP:SWAP OFF;:COMP:TOL:NOM 0;:CURR:LEV 5e-005;:DISP:ENAB ON;:DISP:LINE """";:DISP:WIND:TEXT1:DATA:FMSD:DATA 1e-009;:DISP:WIND:TEXT2:DATA:FMSD:DATA 1e-009;:FORM:ASC:LONG ON;:FORM:BORD NORM;:FORM:DATA ASC,64;:FREQ:CW 30;:FUNC:DEV1:MODE OFF;:FUNC:DEV1:REF:VAL 0;:FUNC:DEV2:MODE OFF;:FUNC:DEV2:REF:VAL 0;:FUNC:IMP:TYPE LSRS;:FUNC:SMON:IDC:STAT OFF;:FUNC:SMON:VDC:STAT OFF;:INIT:CONT OFF;:LIST:MODE SEQ;:LIST:STIM:TYPE FREQ,NONE;:SOUR:DCS:VOLT:LEV 0;:TRIG:DEL 0;:TRIG:SOUR INT;:TRIG:TDEL 0;:DISP:WIND:TEXT1:DATA:FMSD:STAT OFF;:DISP:WIND:TEXT2:DATA:FMSD:STAT OFF;:FUNC:DCR:RANG:VAL 100;:FUNC:IMP:RANG:VAL 300;:OUTP:DC:ISOL:LEV:VAL 0.002;:OUTP:DC:ISOL:STAT OFF;:FUNC:DCR:RANG:AUTO ON;:FUNC:IMP:RANG:AUTO ON;:OUTP:DC:ISOL:LEV:AUTO ON;:DISP:PAGE MEASurement;
"
40.0,0.9672445302,310.582105,1.05621e-05,0.0041469
40.0,0.9723197859,308.9542233,1.05177e-05,0.0041458
40.0,0.9593653955,305.4136205,1.04863e-05,0.0041476
40.0,0.9465280431,307.7825436,1.05829e-05,0.00415604
40.0,0.9593927723,307.7592926,1.05508e-05,0.00415688
40.0,0.9511693699,307.3531343,1.05261e-05,0.00415443
40.0,0.9402485358,308.8366964,1.06425e-05,0.00415769
40.0,0.9432469907,306.2384653,1.06567e-05,0.0041598
40.0,0.9494130179,308.8619523,1.06147e-05,0.00415546
40.0,0.9526490832,309.6223413,1.05905e-05,0.00415455
40.0,0.946036128,308.4969182,1.05875e-05,0.00416093
40.0,0.9527601577,311.0213427,1.06135e-05,0.00415296
40.0,0.9403074381,309.0267123,1.06402e-05,0.00415972
40.0,0.9626590161,309.8203178,1.05851e-05,0.00415877
40.0,0.961737427,310.6491149,1.06613e-05,0.00415377
40.0,0.9607933907,313.0159281,1.05986e-05,0.00414696
Freq,40,Rs,308.9646692875,1.8797151878558753,Ls,0.95411694263125,0.009638685815648921
":SOUR:DCS:STAT OFF;:BIAS:STAT OFF;:COMP:BIN:COUN:CLE;:LIST:CLE:ALL;:COMP:BIN:CLE;:AMPL:ALC OFF;:APER MED,4;:BIAS:POL:AUTO OFF;:BIAS:RANG:AUTO ON;:BIAS:VOLT:LEV 0;:COMP:ABIN OFF;:COMP:BIN:COUN:STAT OFF;:COMP:MODE PTOL;:COMP:SLIM -9.9e+037,9.9e+037;:COMP:STAT OFF;:COMP:SWAP OFF;:COMP:TOL:NOM 0;:CURR:LEV 5e-005;:DISP:ENAB ON;:DISP:LINE """";:DISP:WIND:TEXT1:DATA:FMSD:DATA 1e-009;:DISP:WIND:TEXT2:DATA:FMSD:DATA 1e-009;:FORM:ASC:LONG ON;:FORM:BORD NORM;:FORM:DATA ASC,64;:FREQ:CW 40;:FUNC:DEV1:MODE OFF;:FUNC:DEV1:REF:VAL 0;:FUNC:DEV2:MODE OFF;:FUNC:DEV2:REF:VAL 0;:FUNC:IMP:TYPE LSRS;:FUNC:SMON:IDC:STAT OFF;:FUNC:SMON:VDC:STAT OFF;:INIT:CONT OFF;:LIST:MODE SEQ;:LIST:STIM:TYPE FREQ,NONE;:SOUR:DCS:VOLT:LEV 0;:TRIG:DEL 0;:TRIG:SOUR INT;:TRIG:TDEL 0;:DISP:WIND:TEXT1:DATA:FMSD:STAT OFF;:DISP:WIND:TEXT2:DATA:FMSD:STAT OFF;:FUNC:DCR:RANG:VAL 100;:FUNC:IMP:RANG:VAL 300;:OUTP:DC:ISOL:LEV:VAL 0.002;:OUTP:DC:ISOL:STAT OFF;:FUNC:DCR:RANG:AUTO ON;:FUNC:IMP:RANG:AUTO ON;:OUTP:DC:ISOL:LEV:AUTO ON;:DISP:PAGE MEASurement;
"
53.0,0.9259467797,330.7608538,9.44033e-06,0.00425291
53.0,0.9203412081,333.4141996,9.47779e-06,0.00426366
53.0,0.9188796629,328.5592762,9.46224e-06,0.00425873
53.0,0.9219240453,329.6217417,9.44052e-06,0.00425963
53.0,0.9130618675,334.4996483,9.45155e-06,0.00425467
53.0,0.9182455122,329.6521725,9.48185e-06,0.00425418
53.0,0.917960085,332.0771275,9.54706e-06,0.00425422
53.0,0.9195564832,327.246192,9.46691e-06,0.00425863
53.0,0.9138677909,332.5310964,9.50382e-06,0.00425231
53.0,0.9099435568,330.6229108,9.43832e-06,0.00425558
53.0,0.9202432471,332.4049619,9.49043e-06,0.00426295
53.0,0.9113189798,330.4502112,9.4029e-06,0.00425848
53.0,0.9177035229,330.7472793,9.41137e-06,0.00425821
53.0,0.9213455749,333.5476572,9.43895e-06,0.0042594
53.0,0.9189951617,331.3631682,9.39347e-06,0.00425854
53.0,0.9224809566,332.1732387,9.45461e-06,0.00425844
Freq,53,Rs,331.22948345625,1.915560411072196,Ls,0.9182384021625,0.0042799104376888
":SOUR:DCS:STAT OFF;:BIAS:STAT OFF;:COMP:BIN:COUN:CLE;:LIST:CLE:ALL;:COMP:BIN:CLE;:AMPL:ALC OFF;:APER MED,4;:BIAS:POL:AUTO OFF;:BIAS:RANG:AUTO ON;:BIAS:VOLT:LEV 0;:COMP:ABIN OFF;:COMP:BIN:COUN:STAT OFF;:COMP:MODE PTOL;:COMP:SLIM -9.9e+037,9.9e+037;:COMP:STAT OFF;:COMP:SWAP OFF;:COMP:TOL:NOM 0;:CURR:LEV 5e-005;:DISP:ENAB ON;:DISP:LINE """";:DISP:WIND:TEXT1:DATA:FMSD:DATA 1e-009;:DISP:WIND:TEXT2:DATA:FMSD:DATA 1e-009;:FORM:ASC:LONG ON;:FORM:BORD NORM;:FORM:DATA ASC,64;:FREQ:CW 53;:FUNC:DEV1:MODE OFF;:FUNC:DEV1:REF:VAL 0;:FUNC:DEV2:MODE OFF;:FUNC:DEV2:REF:VAL 0;:FUNC:IMP:TYPE LSRS;:FUNC:SMON:IDC:STAT OFF;:FUNC:SMON:VDC:STAT OFF;:INIT:CONT OFF;:LIST:MODE SEQ;:LIST:STIM:TYPE FREQ,NONE;:SOUR:DCS:VOLT:LEV 0;:TRIG:DEL 0;:TRIG:SOUR INT;:TRIG:TDEL 0;:DISP:WIND:TEXT1:DATA:FMSD:STAT OFF;:DISP:WIND:TEXT2:DATA:FMSD:STAT OFF;:FUNC:DCR:RANG:VAL 100;:FUNC:IMP:RANG:VAL 300;:OUTP:DC:ISOL:LEV:VAL 0.002;:OUTP:DC:ISOL:STAT OFF;:FUNC:DCR:RANG:AUTO ON;:FUNC:IMP:RANG:AUTO ON;:OUTP:DC:ISOL:LEV:AUTO ON;:DISP:PAGE MEASurement;
"
60.0,0.8989699864,340.7734967,8.97279e-06,0.00433109
60.0,0.897219626,344.2080665,8.9989e-06,0.00433158
60.0,0.8964231154,342.597089,9.02604e-06,0.00433232
60.0,0.9051401053,339.6417126,8.99893e-06,0.00433157
60.0,0.9017665598,340.4242247,8.96564e-06,0.00433252
60.0,0.8975746581,341.5829217,8.98464e-06,0.00432599
60.0,0.9041945977,342.5270371,8.96829e-06,0.00433204
60.0,0.9064873829,342.4862095,8.99722e-06,0.00433521
60.0,0.9055403722,342.1022868,9.02492e-06,0.00433591
60.0,0.9009998064,339.687653,8.97869e-06,0.00432931
60.0,0.9001772833,341.571773,8.95527e-06,0.00432506
60.0,0.9033579536,346.7985174,8.973e-06,0.00433367
60.0,0.906291777,342.7328636,9.00209e-06,0.00433261
60.0,0.9001747544,341.5405877,8.973e-06,0.00432901
60.0,0.897006908,344.0791594,9.0001e-06,0.00433097
60.0,0.9049892324,343.0684727,9.01454e-06,0.00433015
Freq,60,Rs,342.23887946249994,1.8135659817427128,Ls,0.90164463243125,0.00355793572253194
":SOUR:DCS:STAT OFF;:BIAS:STAT OFF;:COMP:BIN:COUN:CLE;:LIST:CLE:ALL;:COMP:BIN:CLE;:AMPL:ALC OFF;:APER MED,4;:BIAS:POL:AUTO OFF;:BIAS:RANG:AUTO ON;:BIAS:VOLT:LEV 0;:COMP:ABIN OFF;:COMP:BIN:COUN:STAT OFF;:COMP:MODE PTOL;:COMP:SLIM -9.9e+037,9.9e+037;:COMP:STAT OFF;:COMP:SWAP OFF;:COMP:TOL:NOM 0;:CURR:LEV 5e-005;:DISP:ENAB ON;:DISP:LINE """";:DISP:WIND:TEXT1:DATA:FMSD:DATA 1e-009;:DISP:WIND:TEXT2:DATA:FMSD:DATA 1e-009;:FORM:ASC:LONG ON;:FORM:BORD NORM;:FORM:DATA ASC,64;:FREQ:CW 60;:FUNC:DEV1:MODE OFF;:FUNC:DEV1:REF:VAL 0;:FUNC:DEV2:MODE OFF;:FUNC:DEV2:REF:VAL 0;:FUNC:IMP:TYPE LSRS;:FUNC:SMON:IDC:STAT OFF;:FUNC:SMON:VDC:STAT OFF;:INIT:CONT OFF;:LIST:MODE SEQ;:LIST:STIM:TYPE FREQ,NONE;:SOUR:DCS:VOLT:LEV 0;:TRIG:DEL 0;:TRIG:SOUR INT;:TRIG:TDEL 0;:DISP:WIND:TEXT1:DATA:FMSD:STAT OFF;:DISP:WIND:TEXT2:DATA:FMSD:STAT OFF;:FUNC:DCR:RANG:VAL 100;:FUNC:IMP:RANG:VAL 300;:OUTP:DC:ISOL:LEV:VAL 0.002;:OUTP:DC:ISOL:STAT OFF;:FUNC:DCR:RANG:AUTO ON;:FUNC:IMP:RANG:AUTO ON;:OUTP:DC:ISOL:LEV:AUTO ON;:DISP:PAGE MEASurement;
"
80.0,0.8873124219,375.2717496,7.73427e-06,0.00449207
80.0,0.8852912608,374.6600164,7.71677e-06,0.00449165
80.0,0.8888417177,375.5928826,7.71852e-06,0.00449352
80.0,0.8811228343,375.2313491,7.72669e-06,0.00449203
80.0,0.8768348937,376.1563488,7.71924e-06,0.00449057
80.0,0.884403552,375.9595032,7.68515e-06,0.00448859
80.0,0.8812334834,376.8846617,7.68871e-06,0.00449263
80.0,0.8833649023,374.1438429,7.69631e-06,0.00449604
80.0,0.8819631282,375.8593637,7.69266e-06,0.0044869
80.0,0.8821062309,371.3873059,7.7164e-06,0.00449095
80.0,0.885249502,375.2399514,7.72665e-06,0.00449375
80.0,0.8883805368,378.4973594,7.75548e-06,0.00449482
80.0,0.8891638151,374.015857,7.71796e-06,0.00449302
80.0,0.8893779131,376.8742382,7.67625e-06,0.00449325
80.0,0.8810602997,376.7451542,7.68316e-06,0.00448833
80.0,0.8846663629,375.3005958,7.72643e-06,0.00449276
Freq,80,Rs,375.48876124375005,1.570804529143694,Ls,0.884398303425,0.003601281447421061
":SOUR:DCS:STAT OFF;:BIAS:STAT OFF;:COMP:BIN:COUN:CLE;:LIST:CLE:ALL;:COMP:BIN:CLE;:AMPL:ALC OFF;:APER MED,4;:BIAS:POL:AUTO OFF;:BIAS:RANG:AUTO ON;:BIAS:VOLT:LEV 0;:COMP:ABIN OFF;:COMP:BIN:COUN:STAT OFF;:COMP:MODE PTOL;:COMP:SLIM -9.9e+037,9.9e+037;:COMP:STAT OFF;:COMP:SWAP OFF;:COMP:TOL:NOM 0;:CURR:LEV 5e-005;:DISP:ENAB ON;:DISP:LINE """";:DISP:WIND:TEXT1:DATA:FMSD:DATA 1e-009;:DISP:WIND:TEXT2:DATA:FMSD:DATA 1e-009;:FORM:ASC:LONG ON;:FORM:BORD NORM;:FORM:DATA ASC,64;:FREQ:CW 80;:FUNC:DEV1:MODE OFF;:FUNC:DEV1:REF:VAL 0;:FUNC:DEV2:MODE OFF;:FUNC:DEV2:REF:VAL 0;:FUNC:IMP:TYPE LSRS;:FUNC:SMON:IDC:STAT OFF;:FUNC:SMON:VDC:STAT OFF;:INIT:CONT OFF;:LIST:MODE SEQ;:LIST:STIM:TYPE FREQ,NONE;:SOUR:DCS:VOLT:LEV 0;:TRIG:DEL 0;:TRIG:SOUR INT;:TRIG:TDEL 0;:DISP:WIND:TEXT1:DATA:FMSD:STAT OFF;:DISP:WIND:TEXT2:DATA:FMSD:STAT OFF;:FUNC:DCR:RANG:VAL 100;:FUNC:IMP:RANG:VAL 300;:OUTP:DC:ISOL:LEV:VAL 0.002;:OUTP:DC:ISOL:STAT OFF;:FUNC:DCR:RANG:AUTO ON;:FUNC:IMP:RANG:AUTO ON;:OUTP:DC:ISOL:LEV:AUTO ON;:DISP:PAGE MEASurement;
"
103.0,0.9482036931,466.3134021,6.0235e-06,0.00465524
103.0,0.9469809209,469.9654567,6.05292e-06,0.00464981
103.0,0.9427565835,471.473577,6.07434e-06,0.00465008
103.0,0.9414008505,468.2648129,6.0529e-06,0.00465164
103.0,0.9434442178,469.8335627,6.00426e-06,0.00465193
103.0,0.9476533658,469.7461849,6.03645e-06,0.00465392
103.0,0.9465138472,464.5063134,6.05826e-06,0.00465491
103.0,0.9418153181,466.7437415,6.0118e-06,0.00465795
103.0,0.9418298956,466.4920729,6.0122e-06,0.00465076
103.0,0.9489958433,471.7886539,6.04756e-06,0.00464691
103.0,0.9474535427,466.9806212,6.01869e-06,0.00465337
103.0,0.9481088704,472.4721495,5.99277e-06,0.00465044
103.0,0.9437667891,466.5355276,6.02793e-06,0.00465544
103.0,0.9457220747,471.2440012,6.03328e-06,0.00465605
103.0,0.9417539109,472.3749412,6.01212e-06,0.00465209
103.0,0.9418418713,469.1057014,6.07022e-06,0.00465293
Freq,103,Rs,468.99004500625,2.5040436787533444,Ls,0.9448900996812499,0.0028063063250995082
":SOUR:DCS:STAT OFF;:BIAS:STAT OFF;:COMP:BIN:COUN:CLE;:LIST:CLE:ALL;:COMP:BIN:CLE;:AMPL:ALC OFF;:APER MED,4;:BIAS:POL:AUTO OFF;:BIAS:RANG:AUTO ON;:BIAS:VOLT:LEV 0;:COMP:ABIN OFF;:COMP:BIN:COUN:STAT OFF;:COMP:MODE PTOL;:COMP:SLIM -9.9e+037,9.9e+037;:COMP:STAT OFF;:COMP:SWAP OFF;:COMP:TOL:NOM 0;:CURR:LEV 5e-005;:DISP:ENAB ON;:DISP:LINE """";:DISP:WIND:TEXT1:DATA:FMSD:DATA 1e-009;:DISP:WIND:TEXT2:DATA:FMSD:DATA 1e-009;:FORM:ASC:LONG ON;:FORM:BORD NORM;:FORM:DATA ASC,64;:FREQ:CW 103;:FUNC:DEV1:MODE OFF;:FUNC:DEV1:REF:VAL 0;:FUNC:DEV2:MODE OFF;:FUNC:DEV2:REF:VAL 0;:FUNC:IMP:TYPE LSRS;:FUNC:SMON:IDC:STAT OFF;:FUNC:SMON:VDC:STAT OFF;:INIT:CONT OFF;:LIST:MODE SEQ;:LIST:STIM:TYPE FREQ,NONE;:SOUR:DCS:VOLT:LEV 0;:TRIG:DEL 0;:TRIG:SOUR INT;:TRIG:TDEL 0;:DISP:WIND:TEXT1:DATA:FMSD:STAT OFF;:DISP:WIND:TEXT2:DATA:FMSD:STAT OFF;:FUNC:DCR:RANG:VAL 100;:FUNC:IMP:RANG:VAL 300;:OUTP:DC:ISOL:LEV:VAL 0.002;:OUTP:DC:ISOL:STAT OFF;:FUNC:DCR:RANG:AUTO ON;:FUNC:IMP:RANG:AUTO ON;:OUTP:DC:ISOL:LEV:AUTO ON;:DISP:PAGE MEASurement;
"
120.0,0.7002769443,536.8153541,6.08364e-06,0.00458924
120.0,0.700570907,535.3355081,6.0916e-06,0.00459211
120.0,0.7014714451,535.4777192,6.08937e-06,0.00459211
120.0,0.7038695376,535.5766695,6.07346e-06,0.00458902
120.0,0.7048350123,534.4906084,6.10079e-06,0.00459249
120.0,0.7028202893,534.8725775,6.10694e-06,0.00459118
120.0,0.7023188576,534.5615271,6.10038e-06,0.00459083
120.0,0.7052088553,533.8886048,6.11456e-06,0.00458928
120.0,0.7014176526,534.6077351,6.1148e-06,0.00458925
120.0,0.7000484071,535.431516,6.10704e-06,0.00459023
120.0,0.7044838122,534.6934419,6.10153e-06,0.00458728
120.0,0.6986715405,534.4656571,6.12114e-06,0.00458956
120.0,0.7020006169,532.9639316,6.0838e-06,0.00459117
120.0,0.7071661299,534.2636866,6.12994e-06,0.00459178
120.0,0.7008779008,538.010744,6.09431e-06,0.00459218
120.0,0.7058319116,536.4510869,6.08056e-06,0.00458676
Freq,120,Rs,535.11914799375,1.2116769726386283,Ls,0.70261686375625,0.0023921174306273008
":SOUR:DCS:STAT OFF;:BIAS:STAT OFF;:COMP:BIN:COUN:CLE;:LIST:CLE:ALL;:COMP:BIN:CLE;:AMPL:ALC OFF;:APER MED,4;:BIAS:POL:AUTO OFF;:BIAS:RANG:AUTO ON;:BIAS:VOLT:LEV 0;:COMP:ABIN OFF;:COMP:BIN:COUN:STAT OFF;:COMP:MODE PTOL;:COMP:SLIM -9.9e+037,9.9e+037;:COMP:STAT OFF;:COMP:SWAP OFF;:COMP:TOL:NOM 0;:CURR:LEV 5e-005;:DISP:ENAB ON;:DISP:LINE """";:DISP:WIND:TEXT1:DATA:FMSD:DATA 1e-009;:DISP:WIND:TEXT2:DATA:FMSD:DATA 1e-009;:FORM:ASC:LONG ON;:FORM:BORD NORM;:FORM:DATA ASC,64;:FREQ:CW 120;:FUNC:DEV1:MODE OFF;:FUNC:DEV1:REF:VAL 0;:FUNC:DEV2:MODE OFF;:FUNC:DEV2:REF:VAL 0;:FUNC:IMP:TYPE LSRS;:FUNC:SMON:IDC:STAT OFF;:FUNC:SMON:VDC:STAT OFF;:INIT:CONT OFF;:LIST:MODE SEQ;:LIST:STIM:TYPE FREQ,NONE;:SOUR:DCS:VOLT:LEV 0;:TRIG:DEL 0;:TRIG:SOUR INT;:TRIG:TDEL 0;:DISP:WIND:TEXT1:DATA:FMSD:STAT OFF;:DISP:WIND:TEXT2:DATA:FMSD:STAT OFF;:FUNC:DCR:RANG:VAL 100;:FUNC:IMP:RANG:VAL 300;:OUTP:DC:ISOL:LEV:VAL 0.002;:OUTP:DC:ISOL:STAT OFF;:FUNC:DCR:RANG:AUTO ON;:FUNC:IMP:RANG:AUTO ON;:OUTP:DC:ISOL:LEV:AUTO ON;:DISP:PAGE MEASurement;
"
130.0,0.3316363806,876.1464249,5.01391e-06,0.00455622
130.0,0.3202518674,867.7307618,5.04276e-06,0.00455771
130.0,0.3194604949,873.2216796,5.0528e-06,0.00455545
130.0,0.3231488949,866.5981405,5.04811e-06,0.00455759
130.0,0.3045697682,865.2495655,5.04625e-06,0.00455581
130.0,0.3086898004,859.2366328,5.09646e-06,0.00455532
130.0,0.3155421946,865.8647475,5.05329e-06,0.00455605
130.0,0.3148327201,863.5674944,5.03931e-06,0.00455144
130.0,0.3200874775,865.4304372,5.02919e-06,0.00454462
130.0,0.3000635669,858.1762759,5.02735e-06,0.00455892
130.0,0.3139454852,872.5845289,5.07788e-06,0.00455195
130.0,0.3096638227,857.0583827,5.03103e-06,0.0045545
130.0,0.3113022025,855.8218584,4.98243e-06,0.00455748
130.0,0.3030367906,866.5079507,5.06521e-06,0.00455251
130.0,0.3118098477,882.2498977,5.03797e-06,0.00455365
130.0,0.3102127936,867.0840367,5.04448e-06,0.00455745
Freq,130,Rs,866.40805095,7.127243369834317,Ls,0.3136408817375,0.008076631307815186
":SOUR:DCS:STAT OFF;:BIAS:STAT OFF;:COMP:BIN:COUN:CLE;:LIST:CLE:ALL;:COMP:BIN:CLE;:AMPL:ALC OFF;:APER MED,4;:BIAS:POL:AUTO OFF;:BIAS:RANG:AUTO ON;:BIAS:VOLT:LEV 0;:COMP:ABIN OFF;:COMP:BIN:COUN:STAT OFF;:COMP:MODE PTOL;:COMP:SLIM -9.9e+037,9.9e+037;:COMP:STAT OFF;:COMP:SWAP OFF;:COMP:TOL:NOM 0;:CURR:LEV 5e-005;:DISP:ENAB ON;:DISP:LINE """";:DISP:WIND:TEXT1:DATA:FMSD:DATA 1e-009;:DISP:WIND:TEXT2:DATA:FMSD:DATA 1e-009;:FORM:ASC:LONG ON;:FORM:BORD NORM;:FORM:DATA ASC,64;:FREQ:CW 130;:FUNC:DEV1:MODE OFF;:FUNC:DEV1:REF:VAL 0;:FUNC:DEV2:MODE OFF;:FUNC:DEV2:REF:VAL 0;:FUNC:IMP:TYPE LSRS;:FUNC:SMON:IDC:STAT OFF;:FUNC:SMON:VDC:STAT OFF;:INIT:CONT OFF;:LIST:MODE SEQ;:LIST:STIM:TYPE FREQ,NONE;:SOUR:DCS:VOLT:LEV 0;:TRIG:DEL 0;:TRIG:SOUR INT;:TRIG:TDEL 0;:DISP:WIND:TEXT1:DATA:FMSD:STAT OFF;:DISP:WIND:TEXT2:DATA:FMSD:STAT OFF;:FUNC:DCR:RANG:VAL 100;:FUNC:IMP:RANG:VAL 300;:OUTP:DC:ISOL:LEV:VAL 0.002;:OUTP:DC:ISOL:STAT OFF;:FUNC:DCR:RANG:AUTO ON;:FUNC:IMP:RANG:AUTO ON;:OUTP:DC:ISOL:LEV:AUTO ON;:DISP:PAGE MEASurement;
"
135.0,0.4558271845,529.2681025,6.82791e-06,0.00447742
135.0,0.4530636741,525.7605123,6.83883e-06,0.00447435
135.0,0.4516406693,525.0085764,6.85014e-06,0.00447574
135.0,0.4541370616,527.3181247,6.82768e-06,0.00447748
135.0,0.4514265848,529.498619,6.81796e-06,0.00447784
135.0,0.4561439421,530.1499976,6.84657e-06,0.00447342
135.0,0.4588415666,528.3350928,6.83372e-06,0.00447266
135.0,0.4527311101,528.032801,6.85507e-06,0.00447501
135.0,0.4539413133,531.3605999,6.81937e-06,0.00446871
135.0,0.4536450052,529.0764747,6.83593e-06,0.00447444
135.0,0.4523097798,525.338688,6.86266e-06,0.00447511
135.0,0.4601314662,530.9342974,6.85131e-06,0.00447498
135.0,0.462314926,527.5106571,6.81129e-06,0.00447243
135.0,0.448539502,521.2397008,6.83864e-06,0.00447297
135.0,0.4541523218,528.6657077,6.83519e-06,0.00447249
135.0,0.4538486834,528.1833706,6.83318e-06,0.00447577
Freq,135,Rs,527.85508265625,2.5461822245354706,Ls,0.45454342442499995,0.003473016903041787
":SOUR:DCS:STAT OFF;:BIAS:STAT OFF;:COMP:BIN:COUN:CLE;:LIST:CLE:ALL;:COMP:BIN:CLE;:AMPL:ALC OFF;:APER MED,4;:BIAS:POL:AUTO OFF;:BIAS:RANG:AUTO ON;:BIAS:VOLT:LEV 0;:COMP:ABIN OFF;:COMP:BIN:COUN:STAT OFF;:COMP:MODE PTOL;:COMP:SLIM -9.9e+037,9.9e+037;:COMP:STAT OFF;:COMP:SWAP OFF;:COMP:TOL:NOM 0;:CURR:LEV 5e-005;:DISP:ENAB ON;:DISP:LINE """";:DISP:WIND:TEXT1:DATA:FMSD:DATA 1e-009;:DISP:WIND:TEXT2:DATA:FMSD:DATA 1e-009;:FORM:ASC:LONG ON;:FORM:BORD NORM;:FORM:DATA ASC,64;:FREQ:CW 135;:FUNC:DEV1:MODE OFF;:FUNC:DEV1:REF:VAL 0;:FUNC:DEV2:MODE OFF;:FUNC:DEV2:REF:VAL 0;:FUNC:IMP:TYPE LSRS;:FUNC:SMON:IDC:STAT OFF;:FUNC:SMON:VDC:STAT OFF;:INIT:CONT OFF;:LIST:MODE SEQ;:LIST:STIM:TYPE FREQ,NONE;:SOUR:DCS:VOLT:LEV 0;:TRIG:DEL 0;:TRIG:SOUR INT;:TRIG:TDEL 0;:DISP:WIND:TEXT1:DATA:FMSD:STAT OFF;:DISP:WIND:TEXT2:DATA:FMSD:STAT OFF;:FUNC:DCR:RANG:VAL 100;:FUNC:IMP:RANG:VAL 300;:OUTP:DC:ISOL:LEV:VAL 0.002;:OUTP:DC:ISOL:STAT OFF;:FUNC:DCR:RANG:AUTO ON;:FUNC:IMP:RANG:AUTO ON;:OUTP:DC:ISOL:LEV:AUTO ON;:DISP:PAGE MEASurement;
"
140.0,0.5436303294,501.404113,6.58386e-06,0.00454944
140.0,0.5436467965,500.5966918,6.58773e-06,0.00454731
140.0,0.54205289,502.3268019,6.58266e-06,0.00454768
140.0,0.5430912344,501.4394433,6.56931e-06,0.00454857
140.0,0.5405732589,502.28003,6.59766e-06,0.00454821
140.0,0.5412903109,499.0387312,6.57022e-06,0.00454472
140.0,0.5386829616,500.3035586,6.59082e-06,0.00454747
140.0,0.5425596668,502.8509869,6.59952e-06,0.00455039
140.0,0.5408713172,501.8378824,6.57995e-06,0.00454912
140.0,0.5425430669,499.5768258,6.56467e-06,0.00455001
140.0,0.539228115,503.3936098,6.58155e-06,0.00454994
140.0,0.5443544315,501.70768,6.58363e-06,0.00454546
140.0,0.5421081371,502.0607879,6.57335e-06,0.00454793
140.0,0.542475057,500.9095368,6.56402e-06,0.00454717
140.0,0.5430203869,501.0972871,6.55369e-06,0.00454713
140.0,0.5419791874,502.1403725,6.58326e-06,0.00454921
Freq,140,Rs,501.4352711875,1.156009140654351,Ls,0.54200669671875,0.0015597551195243658
":SOUR:DCS:STAT OFF;:BIAS:STAT OFF;:COMP:BIN:COUN:CLE;:LIST:CLE:ALL;:COMP:BIN:CLE;:AMPL:ALC OFF;:APER MED,4;:BIAS:POL:AUTO OFF;:BIAS:RANG:AUTO ON;:BIAS:VOLT:LEV 0;:COMP:ABIN OFF;:COMP:BIN:COUN:STAT OFF;:COMP:MODE PTOL;:COMP:SLIM -9.9e+037,9.9e+037;:COMP:STAT OFF;:COMP:SWAP OFF;:COMP:TOL:NOM 0;:CURR:LEV 5e-005;:DISP:ENAB ON;:DISP:LINE """";:DISP:WIND:TEXT1:DATA:FMSD:DATA 1e-009;:DISP:WIND:TEXT2:DATA:FMSD:DATA 1e-009;:FORM:ASC:LONG ON;:FORM:BORD NORM;:FORM:DATA ASC,64;:FREQ:CW 140;:FUNC:DEV1:MODE OFF;:FUNC:DEV1:REF:VAL 0;:FUNC:DEV2:MODE OFF;:FUNC:DEV2:REF:VAL 0;:FUNC:IMP:TYPE LSRS;:FUNC:SMON:IDC:STAT OFF;:FUNC:SMON:VDC:STAT OFF;:INIT:CONT OFF;:LIST:MODE SEQ;:LIST:STIM:TYPE FREQ,NONE;:SOUR:DCS:VOLT:LEV 0;:TRIG:DEL 0;:TRIG:SOUR INT;:TRIG:TDEL 0;:DISP:WIND:TEXT1:DATA:FMSD:STAT OFF;:DISP:WIND:TEXT2:DATA:FMSD:STAT OFF;:FUNC:DCR:RANG:VAL 100;:FUNC:IMP:RANG:VAL 300;:OUTP:DC:ISOL:LEV:VAL 0.002;:OUTP:DC:ISOL:STAT OFF;:FUNC:DCR:RANG:AUTO ON;:FUNC:IMP:RANG:AUTO ON;:OUTP:DC:ISOL:LEV:AUTO ON;:DISP:PAGE MEASurement;
"
145.0,0.5864570739,507.2657406,6.24037e-06,0.00459467
145.0,0.5853313732,505.5350134,6.2441e-06,0.00459438
145.0,0.5857178329,505.0331478,6.24166e-06,0.00459326
145.0,0.5835461134,506.7409476,6.24395e-06,0.00459344
145.0,0.5860227051,506.6202314,6.25038e-06,0.00459359
145.0,0.5852544057,505.7577427,6.25159e-06,0.00459313
145.0,0.5855948174,504.4326468,6.24176e-06,0.00459411
145.0,0.5851911212,505.0020402,6.24395e-06,0.00459581
145.0,0.5841531599,506.2404941,6.25122e-06,0.00459465
145.0,0.5833378747,504.6923039,6.25083e-06,0.0045923
145.0,0.5855666284,506.3877301,6.25106e-06,0.00459344
145.0,0.5867279494,503.579081,6.24757e-06,0.00459289
145.0,0.5851129535,504.749408,6.26198e-06,0.0045919
145.0,0.5850286293,505.416769,6.25231e-06,0.00459449
145.0,0.5852653313,504.6498616,6.25166e-06,0.00459392
145.0,0.5856924384,504.877732,6.27183e-06,0.00459228
Freq,145,Rs,505.4363056375,0.9959779192012364,Ls,0.58525002548125,0.0009206102087410394
":SOUR:DCS:STAT OFF;:BIAS:STAT OFF;:COMP:BIN:COUN:CLE;:LIST:CLE:ALL;:COMP:BIN:CLE;:AMPL:ALC OFF;:APER MED,4;:BIAS:POL:AUTO OFF;:BIAS:RANG:AUTO ON;:BIAS:VOLT:LEV 0;:COMP:ABIN OFF;:COMP:BIN:COUN:STAT OFF;:COMP:MODE PTOL;:COMP:SLIM -9.9e+037,9.9e+037;:COMP:STAT OFF;:COMP:SWAP OFF;:COMP:TOL:NOM 0;:CURR:LEV 5e-005;:DISP:ENAB ON;:DISP:LINE """";:DISP:WIND:TEXT1:DATA:FMSD:DATA 1e-009;:DISP:WIND:TEXT2:DATA:FMSD:DATA 1e-009;:FORM:ASC:LONG ON;:FORM:BORD NORM;:FORM:DATA ASC,64;:FREQ:CW 145;:FUNC:DEV1:MODE OFF;:FUNC:DEV1:REF:VAL 0;:FUNC:DEV2:MODE OFF;:FUNC:DEV2:REF:VAL 0;:FUNC:IMP:TYPE LSRS;:FUNC:SMON:IDC:STAT OFF;:FUNC:SMON:VDC:STAT OFF;:INIT:CONT OFF;:LIST:MODE SEQ;:LIST:STIM:TYPE FREQ,NONE;:SOUR:DCS:VOLT:LEV 0;:TRIG:DEL 0;:TRIG:SOUR INT;:TRIG:TDEL 0;:DISP:WIND:TEXT1:DATA:FMSD:STAT OFF;:DISP:WIND:TEXT2:DATA:FMSD:STAT OFF;:FUNC:DCR:RANG:VAL 100;:FUNC:IMP:RANG:VAL 300;:OUTP:DC:ISOL:LEV:VAL 0.002;:OUTP:DC:ISOL:STAT OFF;:FUNC:DCR:RANG:AUTO ON;:FUNC:IMP:RANG:AUTO ON;:OUTP:DC:ISOL:LEV:AUTO ON;:DISP:PAGE MEASurement;
"
150.0,0.6031266579,542.4726463,5.86018e-06,0.0046183
150.0,0.6061080189,543.4351278,5.8698e-06,0.00461781
150.0,0.6050770145,542.3126505,5.84465e-06,0.00461952
150.0,0.6069743267,542.8777359,5.8583e-06,0.00461921
150.0,0.6059831956,543.1253075,5.84675e-06,0.00462055
150.0,0.6070891995,544.4136138,5.86357e-06,0.00461859
150.0,0.6070744232,541.9040253,5.87401e-06,0.00461958
150.0,0.6056768871,542.0492788,5.84929e-06,0.00461931
150.0,0.6061543377,543.8932072,5.85114e-06,0.0046195
150.0,0.6064046806,544.0308889,5.87269e-06,0.00461995
150.0,0.6075668464,542.4429291,5.8614e-06,0.00462023
150.0,0.6059717817,544.2131248,5.84813e-06,0.00461787
150.0,0.6054926662,543.9991811,5.86286e-06,0.00461911
150.0,0.6082367076,543.446919,5.87688e-06,0.00462058
150.0,0.6075573761,540.4159712,5.87446e-06,0.0046204
150.0,0.6079543847,540.7577798,5.85289e-06,0.00461961
Freq,150,Rs,542.8618991875,1.19203272975631,Ls,0.606403031525,0.0012665999359283957
":SOUR:DCS:STAT OFF;:BIAS:STAT OFF;:COMP:BIN:COUN:CLE;:LIST:CLE:ALL;:COMP:BIN:CLE;:AMPL:ALC OFF;:APER MED,4;:BIAS:POL:AUTO OFF;:BIAS:RANG:AUTO ON;:BIAS:VOLT:LEV 0;:COMP:ABIN OFF;:COMP:BIN:COUN:STAT OFF;:COMP:MODE PTOL;:COMP:SLIM -9.9e+037,9.9e+037;:COMP:STAT OFF;:COMP:SWAP OFF;:COMP:TOL:NOM 0;:CURR:LEV 5e-005;:DISP:ENAB ON;:DISP:LINE """";:DISP:WIND:TEXT1:DATA:FMSD:DATA 1e-009;:DISP:WIND:TEXT2:DATA:FMSD:DATA 1e-009;:FORM:ASC:LONG ON;:FORM:BORD NORM;:FORM:DATA ASC,64;:FREQ:CW 150;:FUNC:DEV1:MODE OFF;:FUNC:DEV1:REF:VAL 0;:FUNC:DEV2:MODE OFF;:FUNC:DEV2:REF:VAL 0;:FUNC:IMP:TYPE LSRS;:FUNC:SMON:IDC:STAT OFF;:FUNC:SMON:VDC:STAT OFF;:INIT:CONT OFF;:LIST:MODE SEQ;:LIST:STIM:TYPE FREQ,NONE;:SOUR:DCS:VOLT:LEV 0;:TRIG:DEL 0;:TRIG:SOUR INT;:TRIG:TDEL 0;:DISP:WIND:TEXT1:DATA:FMSD:STAT OFF;:DISP:WIND:TEXT2:DATA:FMSD:STAT OFF;:FUNC:DCR:RANG:VAL 100;:FUNC:IMP:RANG:VAL 300;:OUTP:DC:ISOL:LEV:VAL 0.002;:OUTP:DC:ISOL:STAT OFF;:FUNC:DCR:RANG:AUTO ON;:FUNC:IMP:RANG:AUTO ON;:OUTP:DC:ISOL:LEV:AUTO ON;:DISP:PAGE MEASurement;
"
155.0,0.5546319186,541.9776751,6.01505e-06,0.00460208
155.0,0.5531993958,542.3247278,6.01673e-06,0.00460142
155.0,0.553790699,542.935549,6.00914e-06,0.00460282
155.0,0.5538397151,542.7399106,6.00396e-06,0.00460218
155.0,0.5534486174,543.0503076,6.00495e-06,0.00460263
155.0,0.5552489665,542.6568023,6.02033e-06,0.00460287
155.0,0.5546717455,543.4074246,6.0153e-06,0.00460195
155.0,0.5550944751,543.7226907,6.01175e-06,0.00460247
155.0,0.5542280866,541.8268514,6.02034e-06,0.00460237
155.0,0.5523760959,542.9605892,6.00782e-06,0.00460271
155.0,0.5548369407,543.6039866,6.00425e-06,0.00460222
155.0,0.5548420603,542.7679357,6.00762e-06,0.00460249
155.0,0.5549082125,543.3260757,6.00477e-06,0.00460262
155.0,0.5542703838,543.5284377,6.00719e-06,0.00460228
155.0,0.554537906,543.9553628,6.00641e-06,0.00460369
155.0,0.5550586094,542.3372114,6.00113e-06,0.00460319
Freq,155,Rs,542.9450961375001,0.6254260131675813,Ls,0.5543114892625001,0.0007948590071501214
":SOUR:DCS:STAT OFF;:BIAS:STAT OFF;:COMP:BIN:COUN:CLE;:LIST:CLE:ALL;:COMP:BIN:CLE;:AMPL:ALC OFF;:APER MED,4;:BIAS:POL:AUTO OFF;:BIAS:RANG:AUTO ON;:BIAS:VOLT:LEV 0;:COMP:ABIN OFF;:COMP:BIN:COUN:STAT OFF;:COMP:MODE PTOL;:COMP:SLIM -9.9e+037,9.9e+037;:COMP:STAT OFF;:COMP:SWAP OFF;:COMP:TOL:NOM 0;:CURR:LEV 5e-005;:DISP:ENAB ON;:DISP:LINE """";:DISP:WIND:TEXT1:DATA:FMSD:DATA 1e-009;:DISP:WIND:TEXT2:DATA:FMSD:DATA 1e-009;:FORM:ASC:LONG ON;:FORM:BORD NORM;:FORM:DATA ASC,64;:FREQ:CW 155;:FUNC:DEV1:MODE OFF;:FUNC:DEV1:REF:VAL 0;:FUNC:DEV2:MODE OFF;:FUNC:DEV2:REF:VAL 0;:FUNC:IMP:TYPE LSRS;:FUNC:SMON:IDC:STAT OFF;:FUNC:SMON:VDC:STAT OFF;:INIT:CONT OFF;:LIST:MODE SEQ;:LIST:STIM:TYPE FREQ,NONE;:SOUR:DCS:VOLT:LEV 0;:TRIG:DEL 0;:TRIG:SOUR INT;:TRIG:TDEL 0;:DISP:WIND:TEXT1:DATA:FMSD:STAT OFF;:DISP:WIND:TEXT2:DATA:FMSD:STAT OFF;:FUNC:DCR:RANG:VAL 100;:FUNC:IMP:RANG:VAL 300;:OUTP:DC:ISOL:LEV:VAL 0.002;:OUTP:DC:ISOL:STAT OFF;:FUNC:DCR:RANG:AUTO ON;:FUNC:IMP:RANG:AUTO ON;:OUTP:DC:ISOL:LEV:AUTO ON;:DISP:PAGE MEASurement;
"
160.0,0.5627590041,517.8783854,6.02821e-06,0.00462373
160.0,0.5624464049,516.8449138,6.03188e-06,0.00462466
160.0,0.5631975592,517.4933121,6.02479e-06,0.00462349
160.0,0.562236049,516.4227982,6.0242e-06,0.00462372
160.0,0.5635887549,516.9069307,6.02332e-06,0.00462443
160.0,0.5634187049,518.087536,6.02974e-06,0.00462454
160.0,0.562605791,516.1351268,6.02981e-06,0.00462512
160.0,0.5618306759,518.188823,6.02104e-06,0.00462531
160.0,0.5635971691,517.3293222,6.0303e-06,0.00462449
160.0,0.5645174334,518.4260406,6.02894e-06,0.00462411
160.0,0.5635692235,517.1511211,6.03084e-06,0.00462438
160.0,0.5649779696,520.2400454,6.02556e-06,0.00462397
160.0,0.5624304942,516.7518781,6.03563e-06,0.00462449
160.0,0.5621126252,518.2367403,6.02917e-06,0.00462496
160.0,0.5647970621,517.7287116,6.0267e-06,0.00462295
160.0,0.5640363263,517.6000356,6.02271e-06,0.00462382
Freq,160,Rs,517.58885755625,0.9771288933772108,Ls,0.5632575779562501,0.0009757421125808186
":SOUR:DCS:STAT OFF;:BIAS:STAT OFF;:COMP:BIN:COUN:CLE;:LIST:CLE:ALL;:COMP:BIN:CLE;:AMPL:ALC OFF;:APER MED,4;:BIAS:POL:AUTO OFF;:BIAS:RANG:AUTO ON;:BIAS:VOLT:LEV 0;:COMP:ABIN OFF;:COMP:BIN:COUN:STAT OFF;:COMP:MODE PTOL;:COMP:SLIM -9.9e+037,9.9e+037;:COMP:STAT OFF;:COMP:SWAP OFF;:COMP:TOL:NOM 0;:CURR:LEV 5e-005;:DISP:ENAB ON;:DISP:LINE """";:DISP:WIND:TEXT1:DATA:FMSD:DATA 1e-009;:DISP:WIND:TEXT2:DATA:FMSD:DATA 1e-009;:FORM:ASC:LONG ON;:FORM:BORD NORM;:FORM:DATA ASC,64;:FREQ:CW 160;:FUNC:DEV1:MODE OFF;:FUNC:DEV1:REF:VAL 0;:FUNC:DEV2:MODE OFF;:FUNC:DEV2:REF:VAL 0;:FUNC:IMP:TYPE LSRS;:FUNC:SMON:IDC:STAT OFF;:FUNC:SMON:VDC:STAT OFF;:INIT:CONT OFF;:LIST:MODE SEQ;:LIST:STIM:TYPE FREQ,NONE;:SOUR:DCS:VOLT:LEV 0;:TRIG:DEL 0;:TRIG:SOUR INT;:TRIG:TDEL 0;:DISP:WIND:TEXT1:DATA:FMSD:STAT OFF;:DISP:WIND:TEXT2:DATA:FMSD:STAT OFF;:FUNC:DCR:RANG:VAL 100;:FUNC:IMP:RANG:VAL 300;:OUTP:DC:ISOL:LEV:VAL 0.002;:OUTP:DC:ISOL:STAT OFF;:FUNC:DCR:RANG:AUTO ON;:FUNC:IMP:RANG:AUTO ON;:OUTP:DC:ISOL:LEV:AUTO ON;:DISP:PAGE MEASurement;
"
165.0,0.5751931964,514.047856,5.91911e-06,0.00464899
165.0,0.5755749298,513.5982727,5.89254e-06,0.00464868
165.0,0.5750494407,512.1335649,5.90344e-06,0.00464724
165.0,0.5753577212,511.9251371,5.90527e-06,0.00464915
165.0,0.5762090177,513.1877846,5.9102e-06,0.0046493
165.0,0.575046213,513.14738,5.90186e-06,0.00464799
165.0,0.5755421371,512.6653361,5.90267e-06,0.00464874
165.0,0.5748818474,514.1736452,5.90688e-06,0.0046482
165.0,0.5756635635,512.952659,5.91093e-06,0.00464712
165.0,0.5749355145,513.0997176,5.90635e-06,0.00464873
165.0,0.5750702876,513.4924441,5.90248e-06,0.00464785
165.0,0.5756801915,514.3466391,5.9099e-06,0.00464981
165.0,0.5745983349,512.0497223,5.90402e-06,0.00464933
165.0,0.575938004,513.356567,5.90841e-06,0.00464866
165.0,0.5750451652,513.6694524,5.91185e-06,0.00464875
165.0,0.5765928838,513.3992694,5.90561e-06,0.00464834
Freq,165,Rs,513.20284046875,0.7282840286501043,Ls,0.5753986530187499,0.0005303962782720339
":SOUR:DCS:STAT OFF;:BIAS:STAT OFF;:COMP:BIN:COUN:CLE;:LIST:CLE:ALL;:COMP:BIN:CLE;:AMPL:ALC OFF;:APER MED,4;:BIAS:POL:AUTO OFF;:BIAS:RANG:AUTO ON;:BIAS:VOLT:LEV 0;:COMP:ABIN OFF;:COMP:BIN:COUN:STAT OFF;:COMP:MODE PTOL;:COMP:SLIM -9.9e+037,9.9e+037;:COMP:STAT OFF;:COMP:SWAP OFF;:COMP:TOL:NOM 0;:CURR:LEV 5e-005;:DISP:ENAB ON;:DISP:LINE """";:DISP:WIND:TEXT1:DATA:FMSD:DATA 1e-009;:DISP:WIND:TEXT2:DATA:FMSD:DATA 1e-009;:FORM:ASC:LONG ON;:FORM:BORD NORM;:FORM:DATA ASC,64;:FREQ:CW 165;:FUNC:DEV1:MODE OFF;:FUNC:DEV1:REF:VAL 0;:FUNC:DEV2:MODE OFF;:FUNC:DEV2:REF:VAL 0;:FUNC:IMP:TYPE LSRS;:FUNC:SMON:IDC:STAT OFF;:FUNC:SMON:VDC:STAT OFF;:INIT:CONT OFF;:LIST:MODE SEQ;:LIST:STIM:TYPE FREQ,NONE;:SOUR:DCS:VOLT:LEV 0;:TRIG:DEL 0;:TRIG:SOUR INT;:TRIG:TDEL 0;:DISP:WIND:TEXT1:DATA:FMSD:STAT OFF;:DISP:WIND:TEXT2:DATA:FMSD:STAT OFF;:FUNC:DCR:RANG:VAL 100;:FUNC:IMP:RANG:VAL 300;:OUTP:DC:ISOL:LEV:VAL 0.002;:OUTP:DC:ISOL:STAT OFF;:FUNC:DCR:RANG:AUTO ON;:FUNC:IMP:RANG:AUTO ON;:OUTP:DC:ISOL:LEV:AUTO ON;:DISP:PAGE MEASurement;
"
170.0,0.5836237819,512.790251,5.79133e-06,0.00466799
170.0,0.5839235441,511.1366299,5.785e-06,0.00466898
170.0,0.5822672454,513.0831272,5.78017e-06,0.0046672
170.0,0.5834444284,512.7214794,5.79789e-06,0.0046686
170.0,0.5846127253,511.496798,5.78695e-06,0.00466967
170.0,0.582093042,512.9689909,5.78287e-06,0.00466876
170.0,0.5831704493,511.4542367,5.78546e-06,0.0046686
170.0,0.5828679737,512.7861193,5.79018e-06,0.00466936
170.0,0.5838013074,512.0983601,5.78598e-06,0.00466795
170.0,0.5811526089,511.4319846,5.79413e-06,0.00466897
170.0,0.5836978406,512.1794828,5.79313e-06,0.00466875
170.0,0.5838590451,510.9705294,5.78609e-06,0.00466823
170.0,0.583791584,511.2612962,5.78875e-06,0.00466712
170.0,0.5834266644,511.6502959,5.7824e-06,0.00466828
170.0,0.5826950817,512.5751912,5.7861e-06,0.00466773
170.0,0.5813863351,512.4083394,5.80371e-06,0.00466853
Freq,170,Rs,512.0633195,0.7163495828784464,Ls,0.58311335358125,0.0009669975272487406
":SOUR:DCS:STAT OFF;:BIAS:STAT OFF;:COMP:BIN:COUN:CLE;:LIST:CLE:ALL;:COMP:BIN:CLE;:AMPL:ALC OFF;:APER MED,4;:BIAS:POL:AUTO OFF;:BIAS:RANG:AUTO ON;:BIAS:VOLT:LEV 0;:COMP:ABIN OFF;:COMP:BIN:COUN:STAT OFF;:COMP:MODE PTOL;:COMP:SLIM -9.9e+037,9.9e+037;:COMP:STAT OFF;:COMP:SWAP OFF;:COMP:TOL:NOM 0;:CURR:LEV 5e-005;:DISP:ENAB ON;:DISP:LINE """";:DISP:WIND:TEXT1:DATA:FMSD:DATA 1e-009;:DISP:WIND:TEXT2:DATA:FMSD:DATA 1e-009;:FORM:ASC:LONG ON;:FORM:BORD NORM;:FORM:DATA ASC,64;:FREQ:CW 170;:FUNC:DEV1:MODE OFF;:FUNC:DEV1:REF:VAL 0;:FUNC:DEV2:MODE OFF;:FUNC:DEV2:REF:VAL 0;:FUNC:IMP:TYPE LSRS;:FUNC:SMON:IDC:STAT OFF;:FUNC:SMON:VDC:STAT OFF;:INIT:CONT OFF;:LIST:MODE SEQ;:LIST:STIM:TYPE FREQ,NONE;:SOUR:DCS:VOLT:LEV 0;:TRIG:DEL 0;:TRIG:SOUR INT;:TRIG:TDEL 0;:DISP:WIND:TEXT1:DATA:FMSD:STAT OFF;:DISP:WIND:TEXT2:DATA:FMSD:STAT OFF;:FUNC:DCR:RANG:VAL 100;:FUNC:IMP:RANG:VAL 300;:OUTP:DC:ISOL:LEV:VAL 0.002;:OUTP:DC:ISOL:STAT OFF;:FUNC:DCR:RANG:AUTO ON;:FUNC:IMP:RANG:AUTO ON;:OUTP:DC:ISOL:LEV:AUTO ON;:DISP:PAGE MEASurement;
"
172.0,0.5864327493,514.2019385,5.72516e-06,0.00467362
172.0,0.586535372,512.9290535,5.74099e-06,0.00467478
172.0,0.5866799357,514.6349809,5.72874e-06,0.00467438
172.0,0.5879321117,513.8146396,5.73475e-06,0.00467431
172.0,0.586208369,515.9372325,5.73047e-06,0.00467583
172.0,0.58698205,514.038553,5.73483e-06,0.00467573
172.0,0.5871445338,513.8945128,5.73069e-06,0.00467584
172.0,0.5870522525,513.8019726,5.74084e-06,0.00467522
172.0,0.5858010469,514.0719594,5.7398e-06,0.00467624
172.0,0.5868885993,513.6824804,5.73421e-06,0.00467525
172.0,0.5854377123,513.567632,5.73093e-06,0.00467475
172.0,0.5869686387,513.7352793,5.74023e-06,0.00467676
172.0,0.5868722166,513.6069244,5.73869e-06,0.00467388
172.0,0.5863568731,513.6097043,5.73596e-06,0.00467596
172.0,0.5875967831,515.0133265,5.73302e-06,0.00467481
172.0,0.5848827722,513.0779863,5.73186e-06,0.00467424
Freq,172,Rs,513.976136,0.728818515944359,Ls,0.5866107510125,0.0007700944177140978
":SOUR:DCS:STAT OFF;:BIAS:STAT OFF;:COMP:BIN:COUN:CLE;:LIST:CLE:ALL;:COMP:BIN:CLE;:AMPL:ALC OFF;:APER MED,4;:BIAS:POL:AUTO OFF;:BIAS:RANG:AUTO ON;:BIAS:VOLT:LEV 0;:COMP:ABIN OFF;:COMP:BIN:COUN:STAT OFF;:COMP:MODE PTOL;:COMP:SLIM -9.9e+037,9.9e+037;:COMP:STAT OFF;:COMP:SWAP OFF;:COMP:TOL:NOM 0;:CURR:LEV 5e-005;:DISP:ENAB ON;:DISP:LINE """";:DISP:WIND:TEXT1:DATA:FMSD:DATA 1e-009;:DISP:WIND:TEXT2:DATA:FMSD:DATA 1e-009;:FORM:ASC:LONG ON;:FORM:BORD NORM;:FORM:DATA ASC,64;:FREQ:CW 172;:FUNC:DEV1:MODE OFF;:FUNC:DEV1:REF:VAL 0;:FUNC:DEV2:MODE OFF;:FUNC:DEV2:REF:VAL 0;:FUNC:IMP:TYPE LSRS;:FUNC:SMON:IDC:STAT OFF;:FUNC:SMON:VDC:STAT OFF;:INIT:CONT OFF;:LIST:MODE SEQ;:LIST:STIM:TYPE FREQ,NONE;:SOUR:DCS:VOLT:LEV 0;:TRIG:DEL 0;:TRIG:SOUR INT;:TRIG:TDEL 0;:DISP:WIND:TEXT1:DATA:FMSD:STAT OFF;:DISP:WIND:TEXT2:DATA:FMSD:STAT OFF;:FUNC:DCR:RANG:VAL 100;:FUNC:IMP:RANG:VAL 300;:OUTP:DC:ISOL:LEV:VAL 0.002;:OUTP:DC:ISOL:STAT OFF;:FUNC:DCR:RANG:AUTO ON;:FUNC:IMP:RANG:AUTO ON;:OUTP:DC:ISOL:LEV:AUTO ON;:DISP:PAGE MEASurement;
"
175.0,0.5899702757,516.908739,5.64581e-06,0.0046859
175.0,0.590316914,513.9739385,5.6475e-06,0.00468504
175.0,0.5902048402,516.4746735,5.6441e-06,0.00468615
175.0,0.588738371,516.4585887,5.65165e-06,0.00468429
175.0,0.5911979551,517.3809114,5.64537e-06,0.00468544
175.0,0.5922405089,517.2133734,5.64286e-06,0.00468713
175.0,0.5922682273,514.6175134,5.64453e-06,0.00468765
175.0,0.5903938751,515.3821173,5.6493e-06,0.00468578
175.0,0.5910906434,518.1127675,5.6482e-06,0.0046853
175.0,0.5913110208,515.9250147,5.63926e-06,0.00468574
175.0,0.5910124257,515.3823902,5.64347e-06,0.00468481
175.0,0.5904361226,516.4348985,5.65112e-06,0.00468574
175.0,0.591226046,518.9262233,5.65528e-06,0.00468572
175.0,0.5912600521,514.7834942,5.64069e-06,0.00468596
175.0,0.5903163467,513.9498597,5.65123e-06,0.0046862
175.0,0.5897931488,514.13555,5.63302e-06,0.00468432
Freq,175,Rs,516.00375333125,1.5011167070256444,Ls,0.5907360483375,0.0009010715855572413
":SOUR:DCS:STAT OFF;:BIAS:STAT OFF;:COMP:BIN:COUN:CLE;:LIST:CLE:ALL;:COMP:BIN:CLE;:AMPL:ALC OFF;:APER MED,4;:BIAS:POL:AUTO OFF;:BIAS:RANG:AUTO ON;:BIAS:VOLT:LEV 0;:COMP:ABIN OFF;:COMP:BIN:COUN:STAT OFF;:COMP:MODE PTOL;:COMP:SLIM -9.9e+037,9.9e+037;:COMP:STAT OFF;:COMP:SWAP OFF;:COMP:TOL:NOM 0;:CURR:LEV 5e-005;:DISP:ENAB ON;:DISP:LINE """";:DISP:WIND:TEXT1:DATA:FMSD:DATA 1e-009;:DISP:WIND:TEXT2:DATA:FMSD:DATA 1e-009;:FORM:ASC:LONG ON;:FORM:BORD NORM;:FORM:DATA ASC,64;:FREQ:CW 175;:FUNC:DEV1:MODE OFF;:FUNC:DEV1:REF:VAL 0;:FUNC:DEV2:MODE OFF;:FUNC:DEV2:REF:VAL 0;:FUNC:IMP:TYPE LSRS;:FUNC:SMON:IDC:STAT OFF;:FUNC:SMON:VDC:STAT OFF;:INIT:CONT OFF;:LIST:MODE SEQ;:LIST:STIM:TYPE FREQ,NONE;:SOUR:DCS:VOLT:LEV 0;:TRIG:DEL 0;:TRIG:SOUR INT;:TRIG:TDEL 0;:DISP:WIND:TEXT1:DATA:FMSD:STAT OFF;:DISP:WIND:TEXT2:DATA:FMSD:STAT OFF;:FUNC:DCR:RANG:VAL 100;:FUNC:IMP:RANG:VAL 300;:OUTP:DC:ISOL:LEV:VAL 0.002;:OUTP:DC:ISOL:STAT OFF;:FUNC:DCR:RANG:AUTO ON;:FUNC:IMP:RANG:AUTO ON;:OUTP:DC:ISOL:LEV:AUTO ON;:DISP:PAGE MEASurement;
"
180.0,0.5946104683,522.4880174,5.48751e-06,0.00470024
180.0,0.5958044748,521.1848713,5.49725e-06,0.0046986
180.0,0.5980930703,519.8384863,5.529e-06,0.0047001
180.0,0.5960908819,519.6422887,5.51733e-06,0.00470144
180.0,0.5983697773,523.2062081,5.52304e-06,0.00469854
180.0,0.5971048131,523.0008174,5.53777e-06,0.00470108
180.0,0.5966254315,524.0375007,5.48681e-06,0.0046982
180.0,0.5953270042,522.4507679,5.51853e-06,0.0047011
180.0,0.5928884581,522.5936811,5.51575e-06,0.00470135
180.0,0.5977494378,521.4777435,5.49062e-06,0.00470137
180.0,0.5958488521,522.6151057,5.52008e-06,0.00470087
180.0,0.5949494411,521.6836813,5.50964e-06,0.00469986
180.0,0.5971296427,520.1592355,5.52006e-06,0.00470133
180.0,0.5966352664,524.2951027,5.53667e-06,0.00470002
180.0,0.5948577165,520.5075162,5.49275e-06,0.00469783
180.0,0.5969752964,523.1269948,5.51465e-06,0.00469985
Freq,180,Rs,522.0192511625,1.4421267056521774,Ls,0.59619125203125,0.001443559354657229
":SOUR:DCS:STAT OFF;:BIAS:STAT OFF;:COMP:BIN:COUN:CLE;:LIST:CLE:ALL;:COMP:BIN:CLE;:AMPL:ALC OFF;:APER MED,4;:BIAS:POL:AUTO OFF;:BIAS:RANG:AUTO ON;:BIAS:VOLT:LEV 0;:COMP:ABIN OFF;:COMP:BIN:COUN:STAT OFF;:COMP:MODE PTOL;:COMP:SLIM -9.9e+037,9.9e+037;:COMP:STAT OFF;:COMP:SWAP OFF;:COMP:TOL:NOM 0;:CURR:LEV 5e-005;:DISP:ENAB ON;:DISP:LINE """";:DISP:WIND:TEXT1:DATA:FMSD:DATA 1e-009;:DISP:WIND:TEXT2:DATA:FMSD:DATA 1e-009;:FORM:ASC:LONG ON;:FORM:BORD NORM;:FORM:DATA ASC,64;:FREQ:CW 180;:FUNC:DEV1:MODE OFF;:FUNC:DEV1:REF:VAL 0;:FUNC:DEV2:MODE OFF;:FUNC:DEV2:REF:VAL 0;:FUNC:IMP:TYPE LSRS;:FUNC:SMON:IDC:STAT OFF;:FUNC:SMON:VDC:STAT OFF;:INIT:CONT OFF;:LIST:MODE SEQ;:LIST:STIM:TYPE FREQ,NONE;:SOUR:DCS:VOLT:LEV 0;:TRIG:DEL 0;:TRIG:SOUR INT;:TRIG:TDEL 0;:DISP:WIND:TEXT1:DATA:FMSD:STAT OFF;:DISP:WIND:TEXT2:DATA:FMSD:STAT OFF;:FUNC:DCR:RANG:VAL 100;:FUNC:IMP:RANG:VAL 300;:OUTP:DC:ISOL:LEV:VAL 0.002;:OUTP:DC:ISOL:STAT OFF;:FUNC:DCR:RANG:AUTO ON;:FUNC:IMP:RANG:AUTO ON;:OUTP:DC:ISOL:LEV:AUTO ON;:DISP:PAGE MEASurement;
"
185.0,0.6031146173,530.4112678,5.37954e-06,0.00471449
185.0,0.6027648257,530.3665768,5.36513e-06,0.00471193
185.0,0.6012846177,532.0201759,5.3409e-06,0.00471216
185.0,0.6029193133,531.1982531,5.34763e-06,0.00471641
185.0,0.6028727699,531.6449557,5.36947e-06,0.00471504
185.0,0.6030379186,531.7107338,5.38322e-06,0.00471532
185.0,0.6009488016,532.5751687,5.37658e-06,0.00471642
185.0,0.5993871725,531.2688892,5.36665e-06,0.00471253
185.0,0.6008840685,531.4956493,5.36e-06,0.0047135
185.0,0.602218904,529.1690543,5.37594e-06,0.00471263
185.0,0.6002283577,527.6349387,5.37056e-06,0.00471401
185.0,0.6001262699,530.039843,5.3697e-06,0.00471375
185.0,0.6015320878,531.4635958,5.3515e-06,0.00471487
185.0,0.6024053026,529.2546478,5.35775e-06,0.00471348
185.0,0.6013032441,530.3342034,5.35578e-06,0.00471569
185.0,0.6003438957,535.0609352,5.36272e-06,0.00471361
Freq,185,Rs,530.97805553125,1.6599996297785877,Ls,0.60158576043125,0.0012045408899048872
":SOUR:DCS:STAT OFF;:BIAS:STAT OFF;:COMP:BIN:COUN:CLE;:LIST:CLE:ALL;:COMP:BIN:CLE;:AMPL:ALC OFF;:APER MED,4;:BIAS:POL:AUTO OFF;:BIAS:RANG:AUTO ON;:BIAS:VOLT:LEV 0;:COMP:ABIN OFF;:COMP:BIN:COUN:STAT OFF;:COMP:MODE PTOL;:COMP:SLIM -9.9e+037,9.9e+037;:COMP:STAT OFF;:COMP:SWAP OFF;:COMP:TOL:NOM 0;:CURR:LEV 5e-005;:DISP:ENAB ON;:DISP:LINE """";:DISP:WIND:TEXT1:DATA:FMSD:DATA 1e-009;:DISP:WIND:TEXT2:DATA:FMSD:DATA 1e-009;:FORM:ASC:LONG ON;:FORM:BORD NORM;:FORM:DATA ASC,64;:FREQ:CW 185;:FUNC:DEV1:MODE OFF;:FUNC:DEV1:REF:VAL 0;:FUNC:DEV2:MODE OFF;:FUNC:DEV2:REF:VAL 0;:FUNC:IMP:TYPE LSRS;:FUNC:SMON:IDC:STAT OFF;:FUNC:SMON:VDC:STAT OFF;:INIT:CONT OFF;:LIST:MODE SEQ;:LIST:STIM:TYPE FREQ,NONE;:SOUR:DCS:VOLT:LEV 0;:TRIG:DEL 0;:TRIG:SOUR INT;:TRIG:TDEL 0;:DISP:WIND:TEXT1:DATA:FMSD:STAT OFF;:DISP:WIND:TEXT2:DATA:FMSD:STAT OFF;:FUNC:DCR:RANG:VAL 100;:FUNC:IMP:RANG:VAL 300;:OUTP:DC:ISOL:LEV:VAL 0.002;:OUTP:DC:ISOL:STAT OFF;:FUNC:DCR:RANG:AUTO ON;:FUNC:IMP:RANG:AUTO ON;:OUTP:DC:ISOL:LEV:AUTO ON;:DISP:PAGE MEASurement;
"
200.0,0.5843717944,556.5053964,5.11754e-06,0.00472608
200.0,0.5842411458,557.582478,5.11998e-06,0.00472489
200.0,0.5845221984,557.771171,5.11868e-06,0.00472632
200.0,0.585385554,558.8783237,5.1242e-06,0.00472468
200.0,0.5841076046,557.3469879,5.10893e-06,0.00472509
200.0,0.5840934189,557.6691039,5.1233e-06,0.00472372
200.0,0.5865226603,557.3712548,5.10103e-06,0.00472516
200.0,0.5848661469,557.8214775,5.11988e-06,0.00472588
200.0,0.5846218242,558.3991238,5.12174e-06,0.00472395
200.0,0.5850142,557.5184714,5.10641e-06,0.00472571
200.0,0.5838354686,557.6428467,5.11442e-06,0.00472325
200.0,0.585887424,557.9116818,5.09925e-06,0.00472533
200.0,0.5862638559,557.85921,5.12408e-06,0.00472451
200.0,0.5851813245,558.4424994,5.11194e-06,0.00472563
200.0,0.5848125549,558.3795392,5.11889e-06,0.00472523
200.0,0.5852783112,557.6096632,5.11963e-06,0.00472463
Freq,200,Rs,557.79432679375,0.551170432272498,Ls,0.5849378429125001,0.0007861288472623349
":SOUR:DCS:STAT OFF;:BIAS:STAT OFF;:COMP:BIN:COUN:CLE;:LIST:CLE:ALL;:COMP:BIN:CLE;:AMPL:ALC OFF;:APER MED,4;:BIAS:POL:AUTO OFF;:BIAS:RANG:AUTO ON;:BIAS:VOLT:LEV 0;:COMP:ABIN OFF;:COMP:BIN:COUN:STAT OFF;:COMP:MODE PTOL;:COMP:SLIM -9.9e+037,9.9e+037;:COMP:STAT OFF;:COMP:SWAP OFF;:COMP:TOL:NOM 0;:CURR:LEV 5e-005;:DISP:ENAB ON;:DISP:LINE """";:DISP:WIND:TEXT1:DATA:FMSD:DATA 1e-009;:DISP:WIND:TEXT2:DATA:FMSD:DATA 1e-009;:FORM:ASC:LONG ON;:FORM:BORD NORM;:FORM:DATA ASC,64;:FREQ:CW 200;:FUNC:DEV1:MODE OFF;:FUNC:DEV1:REF:VAL 0;:FUNC:DEV2:MODE OFF;:FUNC:DEV2:REF:VAL 0;:FUNC:IMP:TYPE LSRS;:FUNC:SMON:IDC:STAT OFF;:FUNC:SMON:VDC:STAT OFF;:INIT:CONT OFF;:LIST:MODE SEQ;:LIST:STIM:TYPE FREQ,NONE;:SOUR:DCS:VOLT:LEV 0;:TRIG:DEL 0;:TRIG:SOUR INT;:TRIG:TDEL 0;:DISP:WIND:TEXT1:DATA:FMSD:STAT OFF;:DISP:WIND:TEXT2:DATA:FMSD:STAT OFF;:FUNC:DCR:RANG:VAL 100;:FUNC:IMP:RANG:VAL 300;:OUTP:DC:ISOL:LEV:VAL 0.002;:OUTP:DC:ISOL:STAT OFF;:FUNC:DCR:RANG:AUTO ON;:FUNC:IMP:RANG:AUTO ON;:OUTP:DC:ISOL:LEV:AUTO ON;:DISP:PAGE MEASurement;
"
220.0,0.5864946428,567.9267831,4.79643e-06,0.00475936
220.0,0.5869576292,570.4296068,4.7986e-06,0.00476083
220.0,0.5876436297,570.243505,4.80255e-06,0.00476163
220.0,0.5890132567,569.8218934,4.79224e-06,0.00476142
220.0,0.5874400977,569.4274586,4.80561e-06,0.00476083
220.0,0.5878931585,572.110503,4.79263e-06,0.00475942
220.0,0.5876910409,570.1714043,4.79998e-06,0.00476131
220.0,0.587969967,571.269983,4.79385e-06,0.00475878
220.0,0.5884640073,572.2371916,4.79595e-06,0.00476102
220.0,0.5875177605,569.3487157,4.7969e-06,0.00476092
220.0,0.5868945426,569.1199889,4.79739e-06,0.00476134
220.0,0.5876240029,572.3480574,4.80436e-06,0.00476217
220.0,0.588275736,572.2647381,4.79542e-06,0.0047593
220.0,0.586857264,571.8619025,4.79036e-06,0.00476024
220.0,0.5868944285,570.854037,4.79456e-06,0.00476012
220.0,0.5876003545,571.1266298,4.78188e-06,0.00476076
Freq,220,Rs,570.6601498875,1.32505818414944,Ls,0.587576969925,0.0006653052818353527
":SOUR:DCS:STAT OFF;:BIAS:STAT OFF;:COMP:BIN:COUN:CLE;:LIST:CLE:ALL;:COMP:BIN:CLE;:AMPL:ALC OFF;:APER MED,4;:BIAS:POL:AUTO OFF;:BIAS:RANG:AUTO ON;:BIAS:VOLT:LEV 0;:COMP:ABIN OFF;:COMP:BIN:COUN:STAT OFF;:COMP:MODE PTOL;:COMP:SLIM -9.9e+037,9.9e+037;:COMP:STAT OFF;:COMP:SWAP OFF;:COMP:TOL:NOM 0;:CURR:LEV 5e-005;:DISP:ENAB ON;:DISP:LINE """";:DISP:WIND:TEXT1:DATA:FMSD:DATA 1e-009;:DISP:WIND:TEXT2:DATA:FMSD:DATA 1e-009;:FORM:ASC:LONG ON;:FORM:BORD NORM;:FORM:DATA ASC,64;:FREQ:CW 220;:FUNC:DEV1:MODE OFF;:FUNC:DEV1:REF:VAL 0;:FUNC:DEV2:MODE OFF;:FUNC:DEV2:REF:VAL 0;:FUNC:IMP:TYPE LSRS;:FUNC:SMON:IDC:STAT OFF;:FUNC:SMON:VDC:STAT OFF;:INIT:CONT OFF;:LIST:MODE SEQ;:LIST:STIM:TYPE FREQ,NONE;:SOUR:DCS:VOLT:LEV 0;:TRIG:DEL 0;:TRIG:SOUR INT;:TRIG:TDEL 0;:DISP:WIND:TEXT1:DATA:FMSD:STAT OFF;:DISP:WIND:TEXT2:DATA:FMSD:STAT OFF;:FUNC:DCR:RANG:VAL 100;:FUNC:IMP:RANG:VAL 300;:OUTP:DC:ISOL:LEV:VAL 0.002;:OUTP:DC:ISOL:STAT OFF;:FUNC:DCR:RANG:AUTO ON;:FUNC:IMP:RANG:AUTO ON;:OUTP:DC:ISOL:LEV:AUTO ON;:DISP:PAGE MEASurement;
"
240.0,0.5886475528,602.9818216,4.45664e-06,0.00478207
240.0,0.5885006829,599.9169179,4.47266e-06,0.00478974
240.0,0.5887991521,595.1982875,4.48401e-06,0.00478408
240.0,0.5886961765,595.5409766,4.44996e-06,0.00478385
240.0,0.5896506592,598.9686799,4.45997e-06,0.0047849
240.0,0.5901023979,602.9860001,4.47068e-06,0.00478396
240.0,0.5893444524,600.1461416,4.4619e-06,0.00478494
240.0,0.589465734,594.7802144,4.46388e-06,0.00478332
240.0,0.5908390745,597.8181313,4.46819e-06,0.00478485
240.0,0.5895785003,598.7612527,4.4728e-06,0.00478542
240.0,0.5879474705,600.1796065,4.4568e-06,0.00478497
240.0,0.5907270823,599.8171309,4.45413e-06,0.00478281
240.0,0.5902741282,600.5514089,4.45943e-06,0.00478426
240.0,0.5898044141,600.269694,4.47132e-06,0.0047835
240.0,0.589904393,599.6504213,4.46492e-06,0.00478311
240.0,0.5898499979,599.0915524,4.4674e-06,0.00478373
Freq,240,Rs,599.16613985,2.3894864520627648,Ls,0.5895082417875,0.0008151000337422811
":SOUR:DCS:STAT OFF;:BIAS:STAT OFF;:COMP:BIN:COUN:CLE;:LIST:CLE:ALL;:COMP:BIN:CLE;:AMPL:ALC OFF;:APER MED,4;:BIAS:POL:AUTO OFF;:BIAS:RANG:AUTO ON;:BIAS:VOLT:LEV 0;:COMP:ABIN OFF;:COMP:BIN:COUN:STAT OFF;:COMP:MODE PTOL;:COMP:SLIM -9.9e+037,9.9e+037;:COMP:STAT OFF;:COMP:SWAP OFF;:COMP:TOL:NOM 0;:CURR:LEV 5e-005;:DISP:ENAB ON;:DISP:LINE """";:DISP:WIND:TEXT1:DATA:FMSD:DATA 1e-009;:DISP:WIND:TEXT2:DATA:FMSD:DATA 1e-009;:FORM:ASC:LONG ON;:FORM:BORD NORM;:FORM:DATA ASC,64;:FREQ:CW 240;:FUNC:DEV1:MODE OFF;:FUNC:DEV1:REF:VAL 0;:FUNC:DEV2:MODE OFF;:FUNC:DEV2:REF:VAL 0;:FUNC:IMP:TYPE LSRS;:FUNC:SMON:IDC:STAT OFF;:FUNC:SMON:VDC:STAT OFF;:INIT:CONT OFF;:LIST:MODE SEQ;:LIST:STIM:TYPE FREQ,NONE;:SOUR:DCS:VOLT:LEV 0;:TRIG:DEL 0;:TRIG:SOUR INT;:TRIG:TDEL 0;:DISP:WIND:TEXT1:DATA:FMSD:STAT OFF;:DISP:WIND:TEXT2:DATA:FMSD:STAT OFF;:FUNC:DCR:RANG:VAL 100;:FUNC:IMP:RANG:VAL 1000;:OUTP:DC:ISOL:LEV:VAL 0.002;:OUTP:DC:ISOL:STAT OFF;:FUNC:DCR:RANG:AUTO ON;:FUNC:IMP:RANG:AUTO ON;:OUTP:DC:ISOL:LEV:AUTO ON;:DISP:PAGE MEASurement;
"
400.0,0.4755526148,820.2740159,3.35605e-06,0.00485565
400.0,0.4749732207,819.8682023,3.35295e-06,0.00485552
400.0,0.4747234757,819.979046,3.35008e-06,0.0048551
400.0,0.4745759672,820.583222,3.35339e-06,0.0048556
400.0,0.4742309706,819.8857492,3.35054e-06,0.00485578
400.0,0.4741791699,818.7501595,3.35435e-06,0.00485607
400.0,0.4749626139,820.7224178,3.35294e-06,0.00485523
400.0,0.4745930903,818.6910884,3.35218e-06,0.00485545
400.0,0.4749457891,820.1919661,3.35111e-06,0.00485579
400.0,0.4746776138,818.8427775,3.35448e-06,0.00485562
400.0,0.4752838578,820.3940932,3.35159e-06,0.00485533
400.0,0.4746370331,819.6204969,3.35406e-06,0.00485528
400.0,0.4744060694,819.4995294,3.3508e-06,0.00485538
400.0,0.4747318543,818.7565115,3.35557e-06,0.00485501
400.0,0.4746134046,820.0087688,3.35379e-06,0.00485599
400.0,0.4753455452,820.5928664,3.35088e-06,0.00485581
Freq,400,Rs,819.79130693125,0.7009582976198642,Ls,0.47477701814999995,0.00038398626955274233
":SOUR:DCS:STAT OFF;:BIAS:STAT OFF;:COMP:BIN:COUN:CLE;:LIST:CLE:ALL;:COMP:BIN:CLE;:AMPL:ALC OFF;:APER MED,4;:BIAS:POL:AUTO OFF;:BIAS:RANG:AUTO ON;:BIAS:VOLT:LEV 0;:COMP:ABIN OFF;:COMP:BIN:COUN:STAT OFF;:COMP:MODE PTOL;:COMP:SLIM -9.9e+037,9.9e+037;:COMP:STAT OFF;:COMP:SWAP OFF;:COMP:TOL:NOM 0;:CURR:LEV 5e-005;:DISP:ENAB ON;:DISP:LINE """";:DISP:WIND:TEXT1:DATA:FMSD:DATA 1e-009;:DISP:WIND:TEXT2:DATA:FMSD:DATA 1e-009;:FORM:ASC:LONG ON;:FORM:BORD NORM;:FORM:DATA ASC,64;:FREQ:CW 400;:FUNC:DEV1:MODE OFF;:FUNC:DEV1:REF:VAL 0;:FUNC:DEV2:MODE OFF;:FUNC:DEV2:REF:VAL 0;:FUNC:IMP:TYPE LSRS;:FUNC:SMON:IDC:STAT OFF;:FUNC:SMON:VDC:STAT OFF;:INIT:CONT OFF;:LIST:MODE SEQ;:LIST:STIM:TYPE FREQ,NONE;:SOUR:DCS:VOLT:LEV 0;:TRIG:DEL 0;:TRIG:SOUR INT;:TRIG:TDEL 0;:DISP:WIND:TEXT1:DATA:FMSD:STAT OFF;:DISP:WIND:TEXT2:DATA:FMSD:STAT OFF;:FUNC:DCR:RANG:VAL 100;:FUNC:IMP:RANG:VAL 1000;:OUTP:DC:ISOL:LEV:VAL 0.002;:OUTP:DC:ISOL:STAT OFF;:FUNC:DCR:RANG:AUTO ON;:FUNC:IMP:RANG:AUTO ON;:OUTP:DC:ISOL:LEV:AUTO ON;:DISP:PAGE MEASurement;
"
800.0,0.4093736846,1193.966988,2.06847e-06,0.00492119
800.0,0.4093460993,1193.701358,2.06826e-06,0.0049208
800.0,0.4094404642,1194.397557,2.06849e-06,0.00492125
800.0,0.4092531768,1193.844044,2.06781e-06,0.00492135
800.0,0.409492299,1193.41924,2.06774e-06,0.00492106
800.0,0.4094727205,1194.627341,2.06922e-06,0.00492098
800.0,0.4094805288,1192.814964,2.06845e-06,0.0049215
800.0,0.4093932543,1192.912966,2.0687e-06,0.00492105
800.0,0.4092885436,1193.576022,2.06734e-06,0.00492147
800.0,0.4093467063,1193.809673,2.06853e-06,0.0049209
800.0,0.4094011544,1193.580351,2.06863e-06,0.0049216
800.0,0.409359357,1194.190842,2.0683e-06,0.00492076
800.0,0.4094990561,1193.814318,2.06797e-06,0.00492115
800.0,0.4094365343,1194.103578,2.06819e-06,0.00492122
800.0,0.4095200037,1193.49932,2.06799e-06,0.00492095
800.0,0.4093542898,1194.291525,2.06816e-06,0.00492108
Freq,800,Rs,1193.7843804375,0.49362301755582905,Ls,0.40940361704375006,7.809128840843038e-05
":SOUR:DCS:STAT OFF;:BIAS:STAT OFF;:COMP:BIN:COUN:CLE;:LIST:CLE:ALL;:COMP:BIN:CLE;:AMPL:ALC OFF;:APER MED,4;:BIAS:POL:AUTO OFF;:BIAS:RANG:AUTO ON;:BIAS:VOLT:LEV 0;:COMP:ABIN OFF;:COMP:BIN:COUN:STAT OFF;:COMP:MODE PTOL;:COMP:SLIM -9.9e+037,9.9e+037;:COMP:STAT OFF;:COMP:SWAP OFF;:COMP:TOL:NOM 0;:CURR:LEV 5e-005;:DISP:ENAB ON;:DISP:LINE """";:DISP:WIND:TEXT1:DATA:FMSD:DATA 1e-009;:DISP:WIND:TEXT2:DATA:FMSD:DATA 1e-009;:FORM:ASC:LONG ON;:FORM:BORD NORM;:FORM:DATA ASC,64;:FREQ:CW 800;:FUNC:DEV1:MODE OFF;:FUNC:DEV1:REF:VAL 0;:FUNC:DEV2:MODE OFF;:FUNC:DEV2:REF:VAL 0;:FUNC:IMP:TYPE LSRS;:FUNC:SMON:IDC:STAT OFF;:FUNC:SMON:VDC:STAT OFF;:INIT:CONT OFF;:LIST:MODE SEQ;:LIST:STIM:TYPE FREQ,NONE;:SOUR:DCS:VOLT:LEV 0;:TRIG:DEL 0;:TRIG:SOUR INT;:TRIG:TDEL 0;:DISP:WIND:TEXT1:DATA:FMSD:STAT OFF;:DISP:WIND:TEXT2:DATA:FMSD:STAT OFF;:FUNC:DCR:RANG:VAL 100;:FUNC:IMP:RANG:VAL 1000;:OUTP:DC:ISOL:LEV:VAL 0.002;:OUTP:DC:ISOL:STAT OFF;:FUNC:DCR:RANG:AUTO ON;:FUNC:IMP:RANG:AUTO ON;:OUTP:DC:ISOL:LEV:AUTO ON;:DISP:PAGE MEASurement;
"
1000.0,0.382897384,1379.248733,1.77412e-06,0.00492027
1000.0,0.3829653436,1378.695741,1.7746e-06,0.00492016
1000.0,0.3831358023,1378.712339,1.77409e-06,0.00492009
1000.0,0.382955472,1378.896798,1.77373e-06,0.00492032
1000.0,0.382960864,1378.823546,1.77454e-06,0.00492034
1000.0,0.3830183203,1378.556587,1.77395e-06,0.00492017
1000.0,0.3829269922,1378.920867,1.77369e-06,0.00492019
1000.0,0.3828082988,1378.314431,1.77394e-06,0.00492033
1000.0,0.3831380244,1377.988208,1.77439e-06,0.00492031
1000.0,0.3829658925,1378.440475,1.7739e-06,0.00492024
1000.0,0.3830425077,1378.986948,1.7738e-06,0.00492013
1000.0,0.3829038918,1379.61948,1.77478e-06,0.00492009
1000.0,0.3828672574,1379.283088,1.7736e-06,0.00492014
1000.0,0.3829168546,1378.929609,1.77431e-06,0.00492008
1000.0,0.3831238135,1379.048132,1.77409e-06,0.00492016
1000.0,0.3829880019,1378.785784,1.7739e-06,0.00492044
Freq,1000,Rs,1378.8281728749998,0.3944178965476069,Ls,0.38297592006250003,9.594811492901561e-05
":SOUR:DCS:STAT OFF;:BIAS:STAT OFF;:COMP:BIN:COUN:CLE;:LIST:CLE:ALL;:COMP:BIN:CLE;:AMPL:ALC OFF;:APER MED,4;:BIAS:POL:AUTO OFF;:BIAS:RANG:AUTO ON;:BIAS:VOLT:LEV 0;:COMP:ABIN OFF;:COMP:BIN:COUN:STAT OFF;:COMP:MODE PTOL;:COMP:SLIM -9.9e+037,9.9e+037;:COMP:STAT OFF;:COMP:SWAP OFF;:COMP:TOL:NOM 0;:CURR:LEV 5e-005;:DISP:ENAB ON;:DISP:LINE """";:DISP:WIND:TEXT1:DATA:FMSD:DATA 1e-009;:DISP:WIND:TEXT2:DATA:FMSD:DATA 1e-009;:FORM:ASC:LONG ON;:FORM:BORD NORM;:FORM:DATA ASC,64;:FREQ:CW 1000;:FUNC:DEV1:MODE OFF;:FUNC:DEV1:REF:VAL 0;:FUNC:DEV2:MODE OFF;:FUNC:DEV2:REF:VAL 0;:FUNC:IMP:TYPE LSRS;:FUNC:SMON:IDC:STAT OFF;:FUNC:SMON:VDC:STAT OFF;:INIT:CONT OFF;:LIST:MODE SEQ;:LIST:STIM:TYPE FREQ,NONE;:SOUR:DCS:VOLT:LEV 0;:TRIG:DEL 0;:TRIG:SOUR INT;:TRIG:TDEL 0;:DISP:WIND:TEXT1:DATA:FMSD:STAT OFF;:DISP:WIND:TEXT2:DATA:FMSD:STAT OFF;:FUNC:DCR:RANG:VAL 100;:FUNC:IMP:RANG:VAL 1000;:OUTP:DC:ISOL:LEV:VAL 0.002;:OUTP:DC:ISOL:STAT OFF;:FUNC:DCR:RANG:AUTO ON;:FUNC:IMP:RANG:AUTO ON;:OUTP:DC:ISOL:LEV:AUTO ON;:DISP:PAGE MEASurement;
"
":SOUR:DCS:STAT OFF;:BIAS:STAT OFF;:COMP:BIN:COUN:CLE;:LIST:CLE:ALL;:COMP:BIN:CLE;:AMPL:ALC OFF;:APER MED,4;:BIAS:POL:AUTO OFF;:BIAS:RANG:AUTO ON;:BIAS:VOLT:LEV 0;:COMP:ABIN OFF;:COMP:BIN:COUN:STAT OFF;:COMP:MODE PTOL;:COMP:SLIM -9.9e+037,9.9e+037;:COMP:STAT OFF;:COMP:SWAP OFF;:COMP:TOL:NOM 0;:CURR:LEV 5e-005;:DISP:ENAB ON;:DISP:LINE """";:DISP:WIND:TEXT1:DATA:FMSD:DATA 1e-009;:DISP:WIND:TEXT2:DATA:FMSD:DATA 1e-009;:FORM:ASC:LONG ON;:FORM:BORD NORM;:FORM:DATA ASC,64;:FREQ:CW 1000;:FUNC:DEV1:MODE OFF;:FUNC:DEV1:REF:VAL 0;:FUNC:DEV2:MODE OFF;:FUNC:DEV2:REF:VAL 0;:FUNC:IMP:TYPE LSRS;:FUNC:SMON:IDC:STAT OFF;:FUNC:SMON:VDC:STAT OFF;:INIT:CONT OFF;:LIST:MODE SEQ;:LIST:STIM:TYPE FREQ,NONE;:SOUR:DCS:VOLT:LEV 0;:TRIG:DEL 0;:TRIG:SOUR INT;:TRIG:TDEL 0;:DISP:WIND:TEXT1:DATA:FMSD:STAT OFF;:DISP:WIND:TEXT2:DATA:FMSD:STAT OFF;:FUNC:DCR:RANG:VAL 100;:FUNC:IMP:RANG:VAL 1000;:OUTP:DC:ISOL:LEV:VAL 0.002;:OUTP:DC:ISOL:STAT OFF;:FUNC:DCR:RANG:AUTO ON;:FUNC:IMP:RANG:AUTO ON;:OUTP:DC:ISOL:LEV:AUTO ON;:DISP:PAGE MEASurement;
"
2024-05-06,11:46:13
---------run finished---------
Frequency,Resistance,uR,Inductance,uL
20,275.48081175625003,0.6550031225029859,1.072971689,0.004272656238395164
25,284.71344035625,1.1866490056674144,1.036039555375,0.010117697580437086
30,292.65262869375,1.3921510808657354,1.0053194093875,0.006221833083696453
40,308.9646692875,1.8797151878558753,0.95411694263125,0.009638685815648921
53,331.22948345625,1.915560411072196,0.9182384021625,0.0042799104376888
60,342.23887946249994,1.8135659817427128,0.90164463243125,0.00355793572253194
80,375.48876124375005,1.570804529143694,0.884398303425,0.003601281447421061
103,468.99004500625,2.5040436787533444,0.9448900996812499,0.0028063063250995082
120,535.11914799375,1.2116769726386283,0.70261686375625,0.0023921174306273008
130,866.40805095,7.127243369834317,0.3136408817375,0.008076631307815186
135,527.85508265625,2.5461822245354706,0.45454342442499995,0.003473016903041787
140,501.4352711875,1.156009140654351,0.54200669671875,0.0015597551195243658
145,505.4363056375,0.9959779192012364,0.58525002548125,0.0009206102087410394
150,542.8618991875,1.19203272975631,0.606403031525,0.0012665999359283957
155,542.9450961375001,0.6254260131675813,0.5543114892625001,0.0007948590071501214
160,517.58885755625,0.9771288933772108,0.5632575779562501,0.0009757421125808186
165,513.20284046875,0.7282840286501043,0.5753986530187499,0.0005303962782720339
170,512.0633195,0.7163495828784464,0.58311335358125,0.0009669975272487406
172,513.976136,0.728818515944359,0.5866107510125,0.0007700944177140978
175,516.00375333125,1.5011167070256444,0.5907360483375,0.0009010715855572413
180,522.0192511625,1.4421267056521774,0.59619125203125,0.001443559354657229
185,530.97805553125,1.6599996297785877,0.60158576043125,0.0012045408899048872
200,557.79432679375,0.551170432272498,0.5849378429125001,0.0007861288472623349
220,570.6601498875,1.32505818414944,0.587576969925,0.0006653052818353527
240,599.16613985,2.3894864520627648,0.5895082417875,0.0008151000337422811
400,819.79130693125,0.7009582976198642,0.47477701814999995,0.00038398626955274233
800,1193.7843804375,0.49362301755582905,0.40940361704375006,7.809128840843038e-05
1000,1378.8281728749998,0.3944178965476069,0.38297592006250003,9.594811492901561e-05
lcr name:,KeySight E4980A
Name and description of Resistor under test: ,"same mass, more lower frequencies to find resonance"
2024-05-06,11:53:05
select the freq range,"[20, 25, 30, 40, 53, 60, 65, 80, 90, 95, 103, 110, 115, 120, 122, 125, 130, 132, 135, 137, 140, 142, 145, 150, 155, 160, 165, 170, 172, 175, 180, 185, 200, 220, 240, 400, 800, 1000]"
20.0,1.069661913,275.1259876,1.25217e-05,0.00385042
20.0,1.070175312,276.6432053,1.25314e-05,0.00385558
20.0,1.07353864,275.7194743,1.25072e-05,0.00385525
20.0,1.081172881,276.2958432,1.25377e-05,0.00385959
20.0,1.067923822,274.2114804,1.25882e-05,0.00384325
20.0,1.074667343,276.288791,1.25311e-05,0.00385356
20.0,1.075465438,275.6443942,1.25408e-05,0.00385058
20.0,1.076034782,276.3519408,1.25769e-05,0.00385594
20.0,1.078726364,275.9856565,1.2533e-05,0.00385772
20.0,1.077120666,274.4135668,1.25703e-05,0.00386144
20.0,1.07806561,276.2980694,1.25792e-05,0.00385347
20.0,1.065125907,275.4980377,1.25745e-05,0.00384707
20.0,1.070169371,275.8498868,1.25069e-05,0.00385633
20.0,1.078775514,276.0180326,1.25447e-05,0.00386525
20.0,1.072886674,275.7929202,1.25276e-05,0.00384762
20.0,1.077475089,275.5415782,1.25713e-05,0.00386078
Freq,20,Rs,275.7299290625,0.6754265478323181,Ls,1.074186582875,0.0045192713897582735
":SOUR:DCS:STAT OFF;:BIAS:STAT OFF;:COMP:BIN:COUN:CLE;:LIST:CLE:ALL;:COMP:BIN:CLE;:AMPL:ALC OFF;:APER MED,4;:BIAS:POL:AUTO OFF;:BIAS:RANG:AUTO ON;:BIAS:VOLT:LEV 0;:COMP:ABIN OFF;:COMP:BIN:COUN:STAT OFF;:COMP:MODE PTOL;:COMP:SLIM -9.9e+037,9.9e+037;:COMP:STAT OFF;:COMP:SWAP OFF;:COMP:TOL:NOM 0;:CURR:LEV 5e-005;:DISP:ENAB ON;:DISP:LINE """";:DISP:WIND:TEXT1:DATA:FMSD:DATA 1e-009;:DISP:WIND:TEXT2:DATA:FMSD:DATA 1e-009;:FORM:ASC:LONG ON;:FORM:BORD NORM;:FORM:DATA ASC,64;:FREQ:CW 20;:FUNC:DEV1:MODE OFF;:FUNC:DEV1:REF:VAL 0;:FUNC:DEV2:MODE OFF;:FUNC:DEV2:REF:VAL 0;:FUNC:IMP:TYPE LSRS;:FUNC:SMON:IDC:STAT OFF;:FUNC:SMON:VDC:STAT OFF;:INIT:CONT OFF;:LIST:MODE SEQ;:LIST:STIM:TYPE FREQ,NONE;:SOUR:DCS:VOLT:LEV 0;:TRIG:DEL 0;:TRIG:SOUR INT;:TRIG:TDEL 0;:DISP:WIND:TEXT1:DATA:FMSD:STAT OFF;:DISP:WIND:TEXT2:DATA:FMSD:STAT OFF;:FUNC:DCR:RANG:VAL 100;:FUNC:IMP:RANG:VAL 300;:OUTP:DC:ISOL:LEV:VAL 0.002;:OUTP:DC:ISOL:STAT OFF;:FUNC:DCR:RANG:AUTO ON;:FUNC:IMP:RANG:AUTO ON;:OUTP:DC:ISOL:LEV:AUTO ON;:DISP:PAGE MEASurement;
"
25.0,1.035588428,283.1145951,1.18966e-05,0.00390275
25.0,1.03365159,285.0701421,1.19653e-05,0.00389526
25.0,1.039599296,283.5293717,1.1877e-05,0.0038947
25.0,1.02143099,282.4852405,1.19042e-05,0.00390352
25.0,1.021748189,286.0217091,1.19394e-05,0.00389615
25.0,1.025687493,282.9751916,1.19254e-05,0.00390086
25.0,1.029565208,283.4022757,1.19506e-05,0.00389979
25.0,1.032216242,286.3608564,1.19137e-05,0.00389948
25.0,1.031559443,281.8059193,1.1834e-05,0.00390938
25.0,1.026298122,286.0631711,1.18947e-05,0.00390378
25.0,1.031362448,285.8765446,1.1915e-05,0.00390232
25.0,1.041357886,284.0749038,1.18972e-05,0.00390159
25.0,1.038504582,285.7291021,1.18926e-05,0.00389416
25.0,1.04441554,282.4438993,1.18437e-05,0.00390229
25.0,1.017875686,284.998574,1.18926e-05,0.00389551
25.0,1.02987472,283.4270811,1.18575e-05,0.00390651
Freq,25,Rs,284.21116109375,1.5085200534239374,Ls,1.0312959914375,0.0075241851030862505
":SOUR:DCS:STAT OFF;:BIAS:STAT OFF;:COMP:BIN:COUN:CLE;:LIST:CLE:ALL;:COMP:BIN:CLE;:AMPL:ALC OFF;:APER MED,4;:BIAS:POL:AUTO OFF;:BIAS:RANG:AUTO ON;:BIAS:VOLT:LEV 0;:COMP:ABIN OFF;:COMP:BIN:COUN:STAT OFF;:COMP:MODE PTOL;:COMP:SLIM -9.9e+037,9.9e+037;:COMP:STAT OFF;:COMP:SWAP OFF;:COMP:TOL:NOM 0;:CURR:LEV 5e-005;:DISP:ENAB ON;:DISP:LINE """";:DISP:WIND:TEXT1:DATA:FMSD:DATA 1e-009;:DISP:WIND:TEXT2:DATA:FMSD:DATA 1e-009;:FORM:ASC:LONG ON;:FORM:BORD NORM;:FORM:DATA ASC,64;:FREQ:CW 25;:FUNC:DEV1:MODE OFF;:FUNC:DEV1:REF:VAL 0;:FUNC:DEV2:MODE OFF;:FUNC:DEV2:REF:VAL 0;:FUNC:IMP:TYPE LSRS;:FUNC:SMON:IDC:STAT OFF;:FUNC:SMON:VDC:STAT OFF;:INIT:CONT OFF;:LIST:MODE SEQ;:LIST:STIM:TYPE FREQ,NONE;:SOUR:DCS:VOLT:LEV 0;:TRIG:DEL 0;:TRIG:SOUR INT;:TRIG:TDEL 0;:DISP:WIND:TEXT1:DATA:FMSD:STAT OFF;:DISP:WIND:TEXT2:DATA:FMSD:STAT OFF;:FUNC:DCR:RANG:VAL 100;:FUNC:IMP:RANG:VAL 300;:OUTP:DC:ISOL:LEV:VAL 0.002;:OUTP:DC:ISOL:STAT OFF;:FUNC:DCR:RANG:AUTO ON;:FUNC:IMP:RANG:AUTO ON;:OUTP:DC:ISOL:LEV:AUTO ON;:DISP:PAGE MEASurement;
"
30.0,0.998986038,291.4399746,1.15648e-05,0.00403571
30.0,1.004902798,290.6343466,1.16081e-05,0.00403655
30.0,1.013759813,290.5836463,1.154e-05,0.0040306
30.0,0.998880512,291.7667515,1.15677e-05,0.0040308
30.0,0.99639362,292.5518453,1.16353e-05,0.00403222
30.0,0.9976688312,293.7468318,1.15608e-05,0.00403959
30.0,1.002194483,291.7076944,1.15792e-05,0.00403332
30.0,1.000948752,292.7730743,1.1589e-05,0.00402867
30.0,0.9995552003,293.8961862,1.1511e-05,0.00403669
30.0,1.009074222,292.9364366,1.1593e-05,0.00403079
30.0,0.9974427974,294.2695422,1.16055e-05,0.0040341
30.0,1.006639954,291.7774317,1.1599e-05,0.00403134
30.0,1.004424967,292.9367759,1.14628e-05,0.00403384
30.0,0.9938516904,291.9518555,1.14742e-05,0.00403088
30.0,1.006752144,291.7881491,1.16048e-05,0.00403517
30.0,1.009123906,292.3770688,1.16117e-05,0.0040323
Freq,30,Rs,292.321100675,1.0760475131362737,Ls,1.0025374830187501,0.005514666040112877
":SOUR:DCS:STAT OFF;:BIAS:STAT OFF;:COMP:BIN:COUN:CLE;:LIST:CLE:ALL;:COMP:BIN:CLE;:AMPL:ALC OFF;:APER MED,4;:BIAS:POL:AUTO OFF;:BIAS:RANG:AUTO ON;:BIAS:VOLT:LEV 0;:COMP:ABIN OFF;:COMP:BIN:COUN:STAT OFF;:COMP:MODE PTOL;:COMP:SLIM -9.9e+037,9.9e+037;:COMP:STAT OFF;:COMP:SWAP OFF;:COMP:TOL:NOM 0;:CURR:LEV 5e-005;:DISP:ENAB ON;:DISP:LINE """";:DISP:WIND:TEXT1:DATA:FMSD:DATA 1e-009;:DISP:WIND:TEXT2:DATA:FMSD:DATA 1e-009;:FORM:ASC:LONG ON;:FORM:BORD NORM;:FORM:DATA ASC,64;:FREQ:CW 30;:FUNC:DEV1:MODE OFF;:FUNC:DEV1:REF:VAL 0;:FUNC:DEV2:MODE OFF;:FUNC:DEV2:REF:VAL 0;:FUNC:IMP:TYPE LSRS;:FUNC:SMON:IDC:STAT OFF;:FUNC:SMON:VDC:STAT OFF;:INIT:CONT OFF;:LIST:MODE SEQ;:LIST:STIM:TYPE FREQ,NONE;:SOUR:DCS:VOLT:LEV 0;:TRIG:DEL 0;:TRIG:SOUR INT;:TRIG:TDEL 0;:DISP:WIND:TEXT1:DATA:FMSD:STAT OFF;:DISP:WIND:TEXT2:DATA:FMSD:STAT OFF;:FUNC:DCR:RANG:VAL 100;:FUNC:IMP:RANG:VAL 300;:OUTP:DC:ISOL:LEV:VAL 0.002;:OUTP:DC:ISOL:STAT OFF;:FUNC:DCR:RANG:AUTO ON;:FUNC:IMP:RANG:AUTO ON;:OUTP:DC:ISOL:LEV:AUTO ON;:DISP:PAGE MEASurement;
"
40.0,0.9619304955,310.7820266,1.06105e-05,0.00414734
40.0,0.962695579,308.078125,1.0526e-05,0.00414504
40.0,0.9601362287,307.0437835,1.05318e-05,0.00414874
40.0,0.949080258,305.6920908,1.06001e-05,0.00415361
40.0,0.9566608792,308.6667508,1.05511e-05,0.00415567
40.0,0.9587519489,306.9518342,1.05818e-05,0.00414474
40.0,0.9361806685,312.115165,1.06619e-05,0.00415845
40.0,0.9566808242,310.6373005,1.06647e-05,0.00415365
40.0,0.9557571143,312.083886,1.0619e-05,0.0041529
40.0,0.9582775235,311.6826279,1.06456e-05,0.00415679
40.0,0.9523122082,309.1273409,1.06057e-05,0.00415504
40.0,0.9528961598,312.0272129,1.067e-05,0.00415612
40.0,0.9539195128,313.170856,1.06732e-05,0.00415454
40.0,0.9654780593,309.5613293,1.05651e-05,0.00415072
40.0,0.9655029366,310.8028986,1.05834e-05,0.00415285
40.0,0.9751413808,310.2893943,1.05937e-05,0.0041459
Freq,40,Rs,309.91953889375,2.1674551063306753,Ls,0.95758761108125,0.00850601384514123
":SOUR:DCS:STAT OFF;:BIAS:STAT OFF;:COMP:BIN:COUN:CLE;:LIST:CLE:ALL;:COMP:BIN:CLE;:AMPL:ALC OFF;:APER MED,4;:BIAS:POL:AUTO OFF;:BIAS:RANG:AUTO ON;:BIAS:VOLT:LEV 0;:COMP:ABIN OFF;:COMP:BIN:COUN:STAT OFF;:COMP:MODE PTOL;:COMP:SLIM -9.9e+037,9.9e+037;:COMP:STAT OFF;:COMP:SWAP OFF;:COMP:TOL:NOM 0;:CURR:LEV 5e-005;:DISP:ENAB ON;:DISP:LINE """";:DISP:WIND:TEXT1:DATA:FMSD:DATA 1e-009;:DISP:WIND:TEXT2:DATA:FMSD:DATA 1e-009;:FORM:ASC:LONG ON;:FORM:BORD NORM;:FORM:DATA ASC,64;:FREQ:CW 40;:FUNC:DEV1:MODE OFF;:FUNC:DEV1:REF:VAL 0;:FUNC:DEV2:MODE OFF;:FUNC:DEV2:REF:VAL 0;:FUNC:IMP:TYPE LSRS;:FUNC:SMON:IDC:STAT OFF;:FUNC:SMON:VDC:STAT OFF;:INIT:CONT OFF;:LIST:MODE SEQ;:LIST:STIM:TYPE FREQ,NONE;:SOUR:DCS:VOLT:LEV 0;:TRIG:DEL 0;:TRIG:SOUR INT;:TRIG:TDEL 0;:DISP:WIND:TEXT1:DATA:FMSD:STAT OFF;:DISP:WIND:TEXT2:DATA:FMSD:STAT OFF;:FUNC:DCR:RANG:VAL 100;:FUNC:IMP:RANG:VAL 300;:OUTP:DC:ISOL:LEV:VAL 0.002;:OUTP:DC:ISOL:STAT OFF;:FUNC:DCR:RANG:AUTO ON;:FUNC:IMP:RANG:AUTO ON;:OUTP:DC:ISOL:LEV:AUTO ON;:DISP:PAGE MEASurement;
"
53.0,0.928203861,328.912052,9.445e-06,0.00425649
53.0,0.9152137066,331.7325195,9.44283e-06,0.0042589
53.0,0.9073530463,328.1926882,9.42895e-06,0.00425929
53.0,0.9184678805,328.331403,9.43112e-06,0.00426478
53.0,0.9123846749,331.7465768,9.45092e-06,0.00425906
53.0,0.9144717246,328.056879,9.47792e-06,0.00426069
53.0,0.9121131896,333.5824365,9.48671e-06,0.00425674
53.0,0.915215193,328.0087311,9.41687e-06,0.00425894
53.0,0.9188169766,331.9302796,9.50351e-06,0.00425556
53.0,0.9177779394,328.482441,9.46747e-06,0.00425983
53.0,0.9142755378,328.5343135,9.40665e-06,0.00425482
53.0,0.9214146099,331.9884892,9.49675e-06,0.00425663
53.0,0.9156215744,331.3937686,9.45735e-06,0.00425465
53.0,0.9166251325,334.9124964,9.45661e-06,0.00425158
53.0,0.9219380475,327.5126183,9.46657e-06,0.0042578
53.0,0.9163812069,331.2686677,9.44343e-06,0.00426051
Freq,53,Rs,330.28664752500003,2.2883694145527347,Ls,0.91664214384375,0.004720681316057989
":SOUR:DCS:STAT OFF;:BIAS:STAT OFF;:COMP:BIN:COUN:CLE;:LIST:CLE:ALL;:COMP:BIN:CLE;:AMPL:ALC OFF;:APER MED,4;:BIAS:POL:AUTO OFF;:BIAS:RANG:AUTO ON;:BIAS:VOLT:LEV 0;:COMP:ABIN OFF;:COMP:BIN:COUN:STAT OFF;:COMP:MODE PTOL;:COMP:SLIM -9.9e+037,9.9e+037;:COMP:STAT OFF;:COMP:SWAP OFF;:COMP:TOL:NOM 0;:CURR:LEV 5e-005;:DISP:ENAB ON;:DISP:LINE """";:DISP:WIND:TEXT1:DATA:FMSD:DATA 1e-009;:DISP:WIND:TEXT2:DATA:FMSD:DATA 1e-009;:FORM:ASC:LONG ON;:FORM:BORD NORM;:FORM:DATA ASC,64;:FREQ:CW 53;:FUNC:DEV1:MODE OFF;:FUNC:DEV1:REF:VAL 0;:FUNC:DEV2:MODE OFF;:FUNC:DEV2:REF:VAL 0;:FUNC:IMP:TYPE LSRS;:FUNC:SMON:IDC:STAT OFF;:FUNC:SMON:VDC:STAT OFF;:INIT:CONT OFF;:LIST:MODE SEQ;:LIST:STIM:TYPE FREQ,NONE;:SOUR:DCS:VOLT:LEV 0;:TRIG:DEL 0;:TRIG:SOUR INT;:TRIG:TDEL 0;:DISP:WIND:TEXT1:DATA:FMSD:STAT OFF;:DISP:WIND:TEXT2:DATA:FMSD:STAT OFF;:FUNC:DCR:RANG:VAL 100;:FUNC:IMP:RANG:VAL 300;:OUTP:DC:ISOL:LEV:VAL 0.002;:OUTP:DC:ISOL:STAT OFF;:FUNC:DCR:RANG:AUTO ON;:FUNC:IMP:RANG:AUTO ON;:OUTP:DC:ISOL:LEV:AUTO ON;:DISP:PAGE MEASurement;
"
60.0,0.9009481656,342.4751954,8.94891e-06,0.00433021
60.0,0.9000806901,345.4929283,8.96655e-06,0.00433385
60.0,0.9016112992,342.5961155,9.00296e-06,0.00433129
60.0,0.9007611138,344.9552323,8.9714e-06,0.00432912
60.0,0.9012935104,343.0811136,8.98053e-06,0.00433161
60.0,0.8963175154,340.8793575,8.98503e-06,0.00432752
60.0,0.9007538058,342.6701318,9.01777e-06,0.0043311
60.0,0.9024511945,341.1482231,8.95226e-06,0.00433226
60.0,0.9026931696,342.047944,8.98517e-06,0.00433346
60.0,0.9010354565,343.8792822,8.98422e-06,0.0043339
60.0,0.9026778832,342.0546969,8.99191e-06,0.00433246
60.0,0.9004060973,342.6330933,8.99904e-06,0.00432944
60.0,0.9021909437,341.2616779,8.97333e-06,0.00433186
60.0,0.9043002217,341.9943389,8.99539e-06,0.00433652
60.0,0.8998981817,342.2400408,8.98264e-06,0.00433131
60.0,0.9001360466,343.2807172,8.96786e-06,0.00432637
Freq,60,Rs,342.66813054374995,1.2689310246136123,Ls,0.90109720594375,0.0017437908219315168
":SOUR:DCS:STAT OFF;:BIAS:STAT OFF;:COMP:BIN:COUN:CLE;:LIST:CLE:ALL;:COMP:BIN:CLE;:AMPL:ALC OFF;:APER MED,4;:BIAS:POL:AUTO OFF;:BIAS:RANG:AUTO ON;:BIAS:VOLT:LEV 0;:COMP:ABIN OFF;:COMP:BIN:COUN:STAT OFF;:COMP:MODE PTOL;:COMP:SLIM -9.9e+037,9.9e+037;:COMP:STAT OFF;:COMP:SWAP OFF;:COMP:TOL:NOM 0;:CURR:LEV 5e-005;:DISP:ENAB ON;:DISP:LINE """";:DISP:WIND:TEXT1:DATA:FMSD:DATA 1e-009;:DISP:WIND:TEXT2:DATA:FMSD:DATA 1e-009;:FORM:ASC:LONG ON;:FORM:BORD NORM;:FORM:DATA ASC,64;:FREQ:CW 60;:FUNC:DEV1:MODE OFF;:FUNC:DEV1:REF:VAL 0;:FUNC:DEV2:MODE OFF;:FUNC:DEV2:REF:VAL 0;:FUNC:IMP:TYPE LSRS;:FUNC:SMON:IDC:STAT OFF;:FUNC:SMON:VDC:STAT OFF;:INIT:CONT OFF;:LIST:MODE SEQ;:LIST:STIM:TYPE FREQ,NONE;:SOUR:DCS:VOLT:LEV 0;:TRIG:DEL 0;:TRIG:SOUR INT;:TRIG:TDEL 0;:DISP:WIND:TEXT1:DATA:FMSD:STAT OFF;:DISP:WIND:TEXT2:DATA:FMSD:STAT OFF;:FUNC:DCR:RANG:VAL 100;:FUNC:IMP:RANG:VAL 300;:OUTP:DC:ISOL:LEV:VAL 0.002;:OUTP:DC:ISOL:STAT OFF;:FUNC:DCR:RANG:AUTO ON;:FUNC:IMP:RANG:AUTO ON;:OUTP:DC:ISOL:LEV:AUTO ON;:DISP:PAGE MEASurement;
"
65.0,0.8950230179,350.1279169,8.62163e-06,0.00437953
65.0,0.8892310029,350.856181,8.65829e-06,0.00438031
65.0,0.8892758094,351.7129894,8.69127e-06,0.00438058
65.0,0.8882483492,350.063381,8.65451e-06,0.00437839
65.0,0.8944007014,351.1542073,8.69478e-06,0.00437915
65.0,0.8951106447,350.5501437,8.65822e-06,0.0043797
65.0,0.8985287173,351.418716,8.68328e-06,0.00438285
65.0,0.8940824534,348.8910465,8.6716e-06,0.00438182
65.0,0.8896114031,347.5219338,8.65302e-06,0.00437676
65.0,0.8976747776,349.9588366,8.66659e-06,0.00437768
65.0,0.8941005246,351.814403,8.64651e-06,0.0043787
65.0,0.8917070376,354.0786654,8.70992e-06,0.00437947
65.0,0.8921120303,349.5402121,8.66016e-06,0.00438091
65.0,0.8900042426,352.3476549,8.65613e-06,0.00438137
65.0,0.8916823246,351.4419971,8.68168e-06,0.00437842
65.0,0.8896654538,349.9738514,8.67848e-06,0.00438478
Freq,65,Rs,350.71575850625,1.5108757773356125,Ls,0.8925286556500001,0.0031430753465579125
":SOUR:DCS:STAT OFF;:BIAS:STAT OFF;:COMP:BIN:COUN:CLE;:LIST:CLE:ALL;:COMP:BIN:CLE;:AMPL:ALC OFF;:APER MED,4;:BIAS:POL:AUTO OFF;:BIAS:RANG:AUTO ON;:BIAS:VOLT:LEV 0;:COMP:ABIN OFF;:COMP:BIN:COUN:STAT OFF;:COMP:MODE PTOL;:COMP:SLIM -9.9e+037,9.9e+037;:COMP:STAT OFF;:COMP:SWAP OFF;:COMP:TOL:NOM 0;:CURR:LEV 5e-005;:DISP:ENAB ON;:DISP:LINE """";:DISP:WIND:TEXT1:DATA:FMSD:DATA 1e-009;:DISP:WIND:TEXT2:DATA:FMSD:DATA 1e-009;:FORM:ASC:LONG ON;:FORM:BORD NORM;:FORM:DATA ASC,64;:FREQ:CW 65;:FUNC:DEV1:MODE OFF;:FUNC:DEV1:REF:VAL 0;:FUNC:DEV2:MODE OFF;:FUNC:DEV2:REF:VAL 0;:FUNC:IMP:TYPE LSRS;:FUNC:SMON:IDC:STAT OFF;:FUNC:SMON:VDC:STAT OFF;:INIT:CONT OFF;:LIST:MODE SEQ;:LIST:STIM:TYPE FREQ,NONE;:SOUR:DCS:VOLT:LEV 0;:TRIG:DEL 0;:TRIG:SOUR INT;:TRIG:TDEL 0;:DISP:WIND:TEXT1:DATA:FMSD:STAT OFF;:DISP:WIND:TEXT2:DATA:FMSD:STAT OFF;:FUNC:DCR:RANG:VAL 100;:FUNC:IMP:RANG:VAL 300;:OUTP:DC:ISOL:LEV:VAL 0.002;:OUTP:DC:ISOL:STAT OFF;:FUNC:DCR:RANG:AUTO ON;:FUNC:IMP:RANG:AUTO ON;:OUTP:DC:ISOL:LEV:AUTO ON;:DISP:PAGE MEASurement;
"
80.0,0.8799907429,373.1923731,7.7096e-06,0.00449013
80.0,0.8870970565,376.6903509,7.7109e-06,0.00449576
80.0,0.8845420941,373.9970683,7.72937e-06,0.00449479
80.0,0.8861275442,374.6259395,7.71695e-06,0.00449404
80.0,0.8872100646,371.9016426,7.74507e-06,0.00449211
80.0,0.8869576355,375.5440393,7.73675e-06,0.00449239
80.0,0.8897868918,377.3997721,7.7197e-06,0.00449672
80.0,0.8923111103,374.8104575,7.72879e-06,0.00449174
80.0,0.8944507812,378.1899534,7.67221e-06,0.00449147
80.0,0.88535542,377.7603773,7.68146e-06,0.00448901
80.0,0.8809496487,375.231798,7.7102e-06,0.00448933
80.0,0.8819881111,374.4732023,7.73278e-06,0.00449624
80.0,0.8931068618,376.899784,7.74663e-06,0.00449015
80.0,0.8945425625,376.9957911,7.65715e-06,0.00449142
80.0,0.8764774408,377.943636,7.6857e-06,0.00448885
80.0,0.8848463598,372.3043505,7.7371e-06,0.00449582
Freq,80,Rs,375.49753349375,2.0108240958875845,Ls,0.8866087703625001,0.005285225881909982
":SOUR:DCS:STAT OFF;:BIAS:STAT OFF;:COMP:BIN:COUN:CLE;:LIST:CLE:ALL;:COMP:BIN:CLE;:AMPL:ALC OFF;:APER MED,4;:BIAS:POL:AUTO OFF;:BIAS:RANG:AUTO ON;:BIAS:VOLT:LEV 0;:COMP:ABIN OFF;:COMP:BIN:COUN:STAT OFF;:COMP:MODE PTOL;:COMP:SLIM -9.9e+037,9.9e+037;:COMP:STAT OFF;:COMP:SWAP OFF;:COMP:TOL:NOM 0;:CURR:LEV 5e-005;:DISP:ENAB ON;:DISP:LINE """";:DISP:WIND:TEXT1:DATA:FMSD:DATA 1e-009;:DISP:WIND:TEXT2:DATA:FMSD:DATA 1e-009;:FORM:ASC:LONG ON;:FORM:BORD NORM;:FORM:DATA ASC,64;:FREQ:CW 80;:FUNC:DEV1:MODE OFF;:FUNC:DEV1:REF:VAL 0;:FUNC:DEV2:MODE OFF;:FUNC:DEV2:REF:VAL 0;:FUNC:IMP:TYPE LSRS;:FUNC:SMON:IDC:STAT OFF;:FUNC:SMON:VDC:STAT OFF;:INIT:CONT OFF;:LIST:MODE SEQ;:LIST:STIM:TYPE FREQ,NONE;:SOUR:DCS:VOLT:LEV 0;:TRIG:DEL 0;:TRIG:SOUR INT;:TRIG:TDEL 0;:DISP:WIND:TEXT1:DATA:FMSD:STAT OFF;:DISP:WIND:TEXT2:DATA:FMSD:STAT OFF;:FUNC:DCR:RANG:VAL 100;:FUNC:IMP:RANG:VAL 300;:OUTP:DC:ISOL:LEV:VAL 0.002;:OUTP:DC:ISOL:STAT OFF;:FUNC:DCR:RANG:AUTO ON;:FUNC:IMP:RANG:AUTO ON;:OUTP:DC:ISOL:LEV:AUTO ON;:DISP:PAGE MEASurement;
"
90.0,0.8783686177,425.8908971,6.89665e-06,0.00454768
90.0,0.8683682525,432.6500921,6.88721e-06,0.0045556
90.0,0.8606757471,428.1261095,6.88818e-06,0.00455074
90.0,0.8773426548,439.3433758,6.89289e-06,0.00455561
90.0,0.8662364259,437.2773851,6.9313e-06,0.00454696
90.0,0.876515601,430.7554628,7.00158e-06,0.00454599
90.0,0.8769782343,433.0942951,7.01566e-06,0.00454762
90.0,0.8641197593,435.5732499,6.95422e-06,0.00455385
90.0,0.8748599697,435.0299141,6.89097e-06,0.00455164
90.0,0.8822592754,439.6098659,6.97632e-06,0.0045522
90.0,0.8818691014,427.6634767,6.94191e-06,0.00455313
90.0,0.8609485742,434.1449048,6.95643e-06,0.00455306
90.0,0.8627152839,430.8310527,6.95622e-06,0.00455969
90.0,0.8773530596,430.1284267,6.97366e-06,0.00454527
90.0,0.8627239729,439.000321,6.97167e-06,0.00454858
90.0,0.8751162298,429.0119631,6.89875e-06,0.00455099
Freq,90,Rs,433.008174525,4.37475435606986,Ls,0.8716531724687501,0.007714399804509186
":SOUR:DCS:STAT OFF;:BIAS:STAT OFF;:COMP:BIN:COUN:CLE;:LIST:CLE:ALL;:COMP:BIN:CLE;:AMPL:ALC OFF;:APER MED,4;:BIAS:POL:AUTO OFF;:BIAS:RANG:AUTO ON;:BIAS:VOLT:LEV 0;:COMP:ABIN OFF;:COMP:BIN:COUN:STAT OFF;:COMP:MODE PTOL;:COMP:SLIM -9.9e+037,9.9e+037;:COMP:STAT OFF;:COMP:SWAP OFF;:COMP:TOL:NOM 0;:CURR:LEV 5e-005;:DISP:ENAB ON;:DISP:LINE """";:DISP:WIND:TEXT1:DATA:FMSD:DATA 1e-009;:DISP:WIND:TEXT2:DATA:FMSD:DATA 1e-009;:FORM:ASC:LONG ON;:FORM:BORD NORM;:FORM:DATA ASC,64;:FREQ:CW 90;:FUNC:DEV1:MODE OFF;:FUNC:DEV1:REF:VAL 0;:FUNC:DEV2:MODE OFF;:FUNC:DEV2:REF:VAL 0;:FUNC:IMP:TYPE LSRS;:FUNC:SMON:IDC:STAT OFF;:FUNC:SMON:VDC:STAT OFF;:INIT:CONT OFF;:LIST:MODE SEQ;:LIST:STIM:TYPE FREQ,NONE;:SOUR:DCS:VOLT:LEV 0;:TRIG:DEL 0;:TRIG:SOUR INT;:TRIG:TDEL 0;:DISP:WIND:TEXT1:DATA:FMSD:STAT OFF;:DISP:WIND:TEXT2:DATA:FMSD:STAT OFF;:FUNC:DCR:RANG:VAL 100;:FUNC:IMP:RANG:VAL 300;:OUTP:DC:ISOL:LEV:VAL 0.002;:OUTP:DC:ISOL:STAT OFF;:FUNC:DCR:RANG:AUTO ON;:FUNC:IMP:RANG:AUTO ON;:OUTP:DC:ISOL:LEV:AUTO ON;:DISP:PAGE MEASurement;
"
95.0,0.9189046465,424.2796075,6.7482e-06,0.0046119
95.0,0.9216945,407.4952411,6.85166e-06,0.00459959
95.0,0.934640921,406.5398051,6.63025e-06,0.00461098
95.0,0.9346993831,413.4192187,6.65583e-06,0.00460446
95.0,0.9099413072,431.9094278,6.74781e-06,0.0046092
95.0,0.9080967629,422.3904074,6.78735e-06,0.00461428
95.0,0.9127539539,419.2665309,6.69156e-06,0.00458973
95.0,0.8938986811,410.8152401,6.77715e-06,0.00459876
95.0,0.9095419924,419.9013678,6.66671e-06,0.00459186
95.0,0.8912063672,421.0610557,6.62894e-06,0.0045837
95.0,0.917025769,420.2336467,6.56576e-06,0.00461306
95.0,0.886203556,430.5431189,6.63247e-06,0.00461185
95.0,0.8914749258,430.2086543,6.69641e-06,0.0045917
95.0,0.9153158078,418.1729412,6.6693e-06,0.00458126
95.0,0.9088789181,417.7588458,6.65325e-06,0.00460067
95.0,0.905410565,427.3183535,6.63786e-06,0.00459741
Freq,95,Rs,420.08209140625,7.7888356048413,Ls,0.9099805035624999,0.014298119891592144
":SOUR:DCS:STAT OFF;:BIAS:STAT OFF;:COMP:BIN:COUN:CLE;:LIST:CLE:ALL;:COMP:BIN:CLE;:AMPL:ALC OFF;:APER MED,4;:BIAS:POL:AUTO OFF;:BIAS:RANG:AUTO ON;:BIAS:VOLT:LEV 0;:COMP:ABIN OFF;:COMP:BIN:COUN:STAT OFF;:COMP:MODE PTOL;:COMP:SLIM -9.9e+037,9.9e+037;:COMP:STAT OFF;:COMP:SWAP OFF;:COMP:TOL:NOM 0;:CURR:LEV 5e-005;:DISP:ENAB ON;:DISP:LINE """";:DISP:WIND:TEXT1:DATA:FMSD:DATA 1e-009;:DISP:WIND:TEXT2:DATA:FMSD:DATA 1e-009;:FORM:ASC:LONG ON;:FORM:BORD NORM;:FORM:DATA ASC,64;:FREQ:CW 95;:FUNC:DEV1:MODE OFF;:FUNC:DEV1:REF:VAL 0;:FUNC:DEV2:MODE OFF;:FUNC:DEV2:REF:VAL 0;:FUNC:IMP:TYPE LSRS;:FUNC:SMON:IDC:STAT OFF;:FUNC:SMON:VDC:STAT OFF;:INIT:CONT OFF;:LIST:MODE SEQ;:LIST:STIM:TYPE FREQ,NONE;:SOUR:DCS:VOLT:LEV 0;:TRIG:DEL 0;:TRIG:SOUR INT;:TRIG:TDEL 0;:DISP:WIND:TEXT1:DATA:FMSD:STAT OFF;:DISP:WIND:TEXT2:DATA:FMSD:STAT OFF;:FUNC:DCR:RANG:VAL 100;:FUNC:IMP:RANG:VAL 300;:OUTP:DC:ISOL:LEV:VAL 0.002;:OUTP:DC:ISOL:STAT OFF;:FUNC:DCR:RANG:AUTO ON;:FUNC:IMP:RANG:AUTO ON;:OUTP:DC:ISOL:LEV:AUTO ON;:DISP:PAGE MEASurement;
"
103.0,0.9395120941,461.3997465,6.10308e-06,0.0046531
103.0,0.9377490262,461.1031482,6.0928e-06,0.0046533
103.0,0.9395250905,460.0795912,6.11656e-06,0.00464895
103.0,0.939940626,458.0517732,6.10052e-06,0.00464832
103.0,0.9360527791,461.585727,6.09314e-06,0.0046514
103.0,0.9360742671,457.2840186,6.13548e-06,0.00464398
103.0,0.9316197046,460.7971665,6.12141e-06,0.00465488
103.0,0.9378531224,456.9113446,6.1259e-06,0.00465039
103.0,0.9420665105,457.7864741,6.11777e-06,0.00465473
103.0,0.9435745103,455.5066027,6.10916e-06,0.00464831
103.0,0.9393708767,459.4568062,6.12303e-06,0.00464618
103.0,0.9416402172,460.0301203,6.08104e-06,0.00464999
103.0,0.935674102,461.9520741,6.08976e-06,0.0046497
103.0,0.9422132984,457.4188773,6.13826e-06,0.00464808
103.0,0.945428135,458.1291153,6.11364e-06,0.00465288
103.0,0.9360814798,457.8685016,6.10633e-06,0.00465434
Freq,103,Rs,459.08506796250003,1.9587999015709692,Ls,0.93902348999375,0.003508774225385675
":SOUR:DCS:STAT OFF;:BIAS:STAT OFF;:COMP:BIN:COUN:CLE;:LIST:CLE:ALL;:COMP:BIN:CLE;:AMPL:ALC OFF;:APER MED,4;:BIAS:POL:AUTO OFF;:BIAS:RANG:AUTO ON;:BIAS:VOLT:LEV 0;:COMP:ABIN OFF;:COMP:BIN:COUN:STAT OFF;:COMP:MODE PTOL;:COMP:SLIM -9.9e+037,9.9e+037;:COMP:STAT OFF;:COMP:SWAP OFF;:COMP:TOL:NOM 0;:CURR:LEV 5e-005;:DISP:ENAB ON;:DISP:LINE """";:DISP:WIND:TEXT1:DATA:FMSD:DATA 1e-009;:DISP:WIND:TEXT2:DATA:FMSD:DATA 1e-009;:FORM:ASC:LONG ON;:FORM:BORD NORM;:FORM:DATA ASC,64;:FREQ:CW 103;:FUNC:DEV1:MODE OFF;:FUNC:DEV1:REF:VAL 0;:FUNC:DEV2:MODE OFF;:FUNC:DEV2:REF:VAL 0;:FUNC:IMP:TYPE LSRS;:FUNC:SMON:IDC:STAT OFF;:FUNC:SMON:VDC:STAT OFF;:INIT:CONT OFF;:LIST:MODE SEQ;:LIST:STIM:TYPE FREQ,NONE;:SOUR:DCS:VOLT:LEV 0;:TRIG:DEL 0;:TRIG:SOUR INT;:TRIG:TDEL 0;:DISP:WIND:TEXT1:DATA:FMSD:STAT OFF;:DISP:WIND:TEXT2:DATA:FMSD:STAT OFF;:FUNC:DCR:RANG:VAL 100;:FUNC:IMP:RANG:VAL 300;:OUTP:DC:ISOL:LEV:VAL 0.002;:OUTP:DC:ISOL:STAT OFF;:FUNC:DCR:RANG:AUTO ON;:FUNC:IMP:RANG:AUTO ON;:OUTP:DC:ISOL:LEV:AUTO ON;:DISP:PAGE MEASurement;
"
110.0,0.7886180257,719.3092435,5.09538e-06,0.00461571
110.0,0.8033613298,710.1581201,5.10682e-06,0.00462422
110.0,0.785208921,715.6656036,5.12002e-06,0.00462004
110.0,0.7885847901,713.0735138,5.14294e-06,0.00462322
110.0,0.7821209638,716.6525539,5.12379e-06,0.00462428
110.0,0.7825771967,718.34077,5.1697e-06,0.00462249
110.0,0.7906453214,714.4116133,5.1276e-06,0.00461856
110.0,0.7847527523,714.3489979,5.17498e-06,0.00461972
110.0,0.7896194667,716.0955829,5.13326e-06,0.00462364
110.0,0.7881122619,707.0718646,5.18368e-06,0.00462089
110.0,0.7833319353,719.2328592,5.08671e-06,0.00461859
110.0,0.7728062573,716.8603222,5.15519e-06,0.00461898
110.0,0.7934111191,717.8584505,5.11982e-06,0.0046276
110.0,0.7904117575,715.1097193,5.19338e-06,0.00462365
110.0,0.7803801807,714.2616112,5.1735e-06,0.00461938
110.0,0.7904031535,708.8088618,5.11297e-06,0.00462301
Freq,110,Rs,714.8287304875,3.585636376401862,Ls,0.78714658955,0.006676092983019686
":SOUR:DCS:STAT OFF;:BIAS:STAT OFF;:COMP:BIN:COUN:CLE;:LIST:CLE:ALL;:COMP:BIN:CLE;:AMPL:ALC OFF;:APER MED,4;:BIAS:POL:AUTO OFF;:BIAS:RANG:AUTO ON;:BIAS:VOLT:LEV 0;:COMP:ABIN OFF;:COMP:BIN:COUN:STAT OFF;:COMP:MODE PTOL;:COMP:SLIM -9.9e+037,9.9e+037;:COMP:STAT OFF;:COMP:SWAP OFF;:COMP:TOL:NOM 0;:CURR:LEV 5e-005;:DISP:ENAB ON;:DISP:LINE """";:DISP:WIND:TEXT1:DATA:FMSD:DATA 1e-009;:DISP:WIND:TEXT2:DATA:FMSD:DATA 1e-009;:FORM:ASC:LONG ON;:FORM:BORD NORM;:FORM:DATA ASC,64;:FREQ:CW 110;:FUNC:DEV1:MODE OFF;:FUNC:DEV1:REF:VAL 0;:FUNC:DEV2:MODE OFF;:FUNC:DEV2:REF:VAL 0;:FUNC:IMP:TYPE LSRS;:FUNC:SMON:IDC:STAT OFF;:FUNC:SMON:VDC:STAT OFF;:INIT:CONT OFF;:LIST:MODE SEQ;:LIST:STIM:TYPE FREQ,NONE;:SOUR:DCS:VOLT:LEV 0;:TRIG:DEL 0;:TRIG:SOUR INT;:TRIG:TDEL 0;:DISP:WIND:TEXT1:DATA:FMSD:STAT OFF;:DISP:WIND:TEXT2:DATA:FMSD:STAT OFF;:FUNC:DCR:RANG:VAL 100;:FUNC:IMP:RANG:VAL 300;:OUTP:DC:ISOL:LEV:VAL 0.002;:OUTP:DC:ISOL:STAT OFF;:FUNC:DCR:RANG:AUTO ON;:FUNC:IMP:RANG:AUTO ON;:OUTP:DC:ISOL:LEV:AUTO ON;:DISP:PAGE MEASurement;
"
115.0,0.7078371516,543.5770432,6.1006e-06,0.00458446
115.0,0.7104136923,545.457998,6.07444e-06,0.00457204
115.0,0.7069121377,551.1365648,6.07458e-06,0.00457626
115.0,0.7069236909,550.3491352,6.09344e-06,0.00457827
115.0,0.7091238369,553.2026511,6.10206e-06,0.0045812
115.0,0.7071665412,547.3328945,6.15533e-06,0.00458599
115.0,0.715862297,543.1791589,6.10289e-06,0.00458591
115.0,0.7087824124,547.5863641,6.09195e-06,0.00457601
115.0,0.7101471209,549.7038279,6.056e-06,0.00457445
115.0,0.7122787929,545.2744405,6.09115e-06,0.00458114
115.0,0.710167815,547.9453028,6.10711e-06,0.00457653
115.0,0.7005383196,544.8462385,6.13046e-06,0.00458088
115.0,0.7023665354,548.4984231,6.09709e-06,0.00458629
115.0,0.7075329637,548.2315917,6.14009e-06,0.00458114
115.0,0.7072037896,548.7548711,6.1275e-06,0.00457296
115.0,0.7091104086,553.0284618,6.05024e-06,0.00457748
Freq,115,Rs,548.0065604499999,3.041299561546958,Ls,0.7082729691062499,0.003544977344128315
":SOUR:DCS:STAT OFF;:BIAS:STAT OFF;:COMP:BIN:COUN:CLE;:LIST:CLE:ALL;:COMP:BIN:CLE;:AMPL:ALC OFF;:APER MED,4;:BIAS:POL:AUTO OFF;:BIAS:RANG:AUTO ON;:BIAS:VOLT:LEV 0;:COMP:ABIN OFF;:COMP:BIN:COUN:STAT OFF;:COMP:MODE PTOL;:COMP:SLIM -9.9e+037,9.9e+037;:COMP:STAT OFF;:COMP:SWAP OFF;:COMP:TOL:NOM 0;:CURR:LEV 5e-005;:DISP:ENAB ON;:DISP:LINE """";:DISP:WIND:TEXT1:DATA:FMSD:DATA 1e-009;:DISP:WIND:TEXT2:DATA:FMSD:DATA 1e-009;:FORM:ASC:LONG ON;:FORM:BORD NORM;:FORM:DATA ASC,64;:FREQ:CW 115;:FUNC:DEV1:MODE OFF;:FUNC:DEV1:REF:VAL 0;:FUNC:DEV2:MODE OFF;:FUNC:DEV2:REF:VAL 0;:FUNC:IMP:TYPE LSRS;:FUNC:SMON:IDC:STAT OFF;:FUNC:SMON:VDC:STAT OFF;:INIT:CONT OFF;:LIST:MODE SEQ;:LIST:STIM:TYPE FREQ,NONE;:SOUR:DCS:VOLT:LEV 0;:TRIG:DEL 0;:TRIG:SOUR INT;:TRIG:TDEL 0;:DISP:WIND:TEXT1:DATA:FMSD:STAT OFF;:DISP:WIND:TEXT2:DATA:FMSD:STAT OFF;:FUNC:DCR:RANG:VAL 100;:FUNC:IMP:RANG:VAL 300;:OUTP:DC:ISOL:LEV:VAL 0.002;:OUTP:DC:ISOL:STAT OFF;:FUNC:DCR:RANG:AUTO ON;:FUNC:IMP:RANG:AUTO ON;:OUTP:DC:ISOL:LEV:AUTO ON;:DISP:PAGE MEASurement;
"
120.0,0.660707014,541.0515339,6.20587e-06,0.0045649
120.0,0.6629177658,539.1085185,6.19763e-06,0.00456604
120.0,0.6625838894,538.5495474,6.19426e-06,0.00456723
120.0,0.6627716071,539.5783138,6.18219e-06,0.00457017
120.0,0.663655513,540.3317137,6.20551e-06,0.00456665
120.0,0.6655148041,540.3201296,6.20273e-06,0.00457111
120.0,0.659540014,540.2439081,6.19124e-06,0.00456475
120.0,0.660876345,538.5402642,6.18891e-06,0.00456945
120.0,0.6659567476,541.0083359,6.21954e-06,0.00456725
120.0,0.6623265095,539.0006828,6.21981e-06,0.00456864
120.0,0.6640162092,538.8451325,6.21981e-06,0.00456857
120.0,0.6623074225,539.0507032,6.22169e-06,0.00456875
120.0,0.6612530769,537.4110706,6.21066e-06,0.00456934
120.0,0.6639575499,538.2932116,6.18614e-06,0.00457429
120.0,0.6660851962,539.0744194,6.19722e-06,0.00456969
120.0,0.6626305342,541.8488381,6.18862e-06,0.00456992
Freq,120,Rs,539.51602020625,1.1825957837583343,Ls,0.6629437624,0.001879831194777687
":SOUR:DCS:STAT OFF;:BIAS:STAT OFF;:COMP:BIN:COUN:CLE;:LIST:CLE:ALL;:COMP:BIN:CLE;:AMPL:ALC OFF;:APER MED,4;:BIAS:POL:AUTO OFF;:BIAS:RANG:AUTO ON;:BIAS:VOLT:LEV 0;:COMP:ABIN OFF;:COMP:BIN:COUN:STAT OFF;:COMP:MODE PTOL;:COMP:SLIM -9.9e+037,9.9e+037;:COMP:STAT OFF;:COMP:SWAP OFF;:COMP:TOL:NOM 0;:CURR:LEV 5e-005;:DISP:ENAB ON;:DISP:LINE """";:DISP:WIND:TEXT1:DATA:FMSD:DATA 1e-009;:DISP:WIND:TEXT2:DATA:FMSD:DATA 1e-009;:FORM:ASC:LONG ON;:FORM:BORD NORM;:FORM:DATA ASC,64;:FREQ:CW 120;:FUNC:DEV1:MODE OFF;:FUNC:DEV1:REF:VAL 0;:FUNC:DEV2:MODE OFF;:FUNC:DEV2:REF:VAL 0;:FUNC:IMP:TYPE LSRS;:FUNC:SMON:IDC:STAT OFF;:FUNC:SMON:VDC:STAT OFF;:INIT:CONT OFF;:LIST:MODE SEQ;:LIST:STIM:TYPE FREQ,NONE;:SOUR:DCS:VOLT:LEV 0;:TRIG:DEL 0;:TRIG:SOUR INT;:TRIG:TDEL 0;:DISP:WIND:TEXT1:DATA:FMSD:STAT OFF;:DISP:WIND:TEXT2:DATA:FMSD:STAT OFF;:FUNC:DCR:RANG:VAL 100;:FUNC:IMP:RANG:VAL 300;:OUTP:DC:ISOL:LEV:VAL 0.002;:OUTP:DC:ISOL:STAT OFF;:FUNC:DCR:RANG:AUTO ON;:FUNC:IMP:RANG:AUTO ON;:OUTP:DC:ISOL:LEV:AUTO ON;:DISP:PAGE MEASurement;
"
122.0,0.730220667,513.413985,6.0652e-06,0.00460934
122.0,0.7271788839,516.4981176,6.07696e-06,0.00461018
122.0,0.7309232972,512.3865557,6.07491e-06,0.00461217
122.0,0.7294628858,514.1226779,6.05098e-06,0.00461112
122.0,0.7318859975,515.2397236,6.05856e-06,0.00461059
122.0,0.7288280377,515.0866317,6.07084e-06,0.00461339
122.0,0.7314489225,512.2777034,6.06112e-06,0.00460987
122.0,0.730557214,515.2539267,6.06412e-06,0.00461117
122.0,0.7289134343,514.7854223,6.06464e-06,0.00460925
122.0,0.7313887899,510.502814,6.0649e-06,0.00461138
122.0,0.7330347606,513.4114783,6.08499e-06,0.00461019
122.0,0.7316747936,513.7108438,6.06056e-06,0.00460973
122.0,0.7298299687,514.3114809,6.07271e-06,0.00461248
122.0,0.7289117814,513.910132,6.07707e-06,0.00460977
122.0,0.7317943888,515.4980013,6.06831e-06,0.00461097
122.0,0.7301987714,513.2945525,6.07908e-06,0.00460915
Freq,122,Rs,513.98150291875,1.4737035413498267,Ls,0.73039078714375,0.0014975938802827232
":SOUR:DCS:STAT OFF;:BIAS:STAT OFF;:COMP:BIN:COUN:CLE;:LIST:CLE:ALL;:COMP:BIN:CLE;:AMPL:ALC OFF;:APER MED,4;:BIAS:POL:AUTO OFF;:BIAS:RANG:AUTO ON;:BIAS:VOLT:LEV 0;:COMP:ABIN OFF;:COMP:BIN:COUN:STAT OFF;:COMP:MODE PTOL;:COMP:SLIM -9.9e+037,9.9e+037;:COMP:STAT OFF;:COMP:SWAP OFF;:COMP:TOL:NOM 0;:CURR:LEV 5e-005;:DISP:ENAB ON;:DISP:LINE """";:DISP:WIND:TEXT1:DATA:FMSD:DATA 1e-009;:DISP:WIND:TEXT2:DATA:FMSD:DATA 1e-009;:FORM:ASC:LONG ON;:FORM:BORD NORM;:FORM:DATA ASC,64;:FREQ:CW 122;:FUNC:DEV1:MODE OFF;:FUNC:DEV1:REF:VAL 0;:FUNC:DEV2:MODE OFF;:FUNC:DEV2:REF:VAL 0;:FUNC:IMP:TYPE LSRS;:FUNC:SMON:IDC:STAT OFF;:FUNC:SMON:VDC:STAT OFF;:INIT:CONT OFF;:LIST:MODE SEQ;:LIST:STIM:TYPE FREQ,NONE;:SOUR:DCS:VOLT:LEV 0;:TRIG:DEL 0;:TRIG:SOUR INT;:TRIG:TDEL 0;:DISP:WIND:TEXT1:DATA:FMSD:STAT OFF;:DISP:WIND:TEXT2:DATA:FMSD:STAT OFF;:FUNC:DCR:RANG:VAL 100;:FUNC:IMP:RANG:VAL 300;:OUTP:DC:ISOL:LEV:VAL 0.002;:OUTP:DC:ISOL:STAT OFF;:FUNC:DCR:RANG:AUTO ON;:FUNC:IMP:RANG:AUTO ON;:OUTP:DC:ISOL:LEV:AUTO ON;:DISP:PAGE MEASurement;
"
125.0,0.8638657689,546.7069335,5.36161e-06,0.00467961
125.0,0.8641883326,547.2894888,5.39057e-06,0.0046814
125.0,0.8606138316,546.0673991,5.38062e-06,0.00467869
125.0,0.8611521106,550.4824948,5.37157e-06,0.00467971
125.0,0.8585939347,552.6961127,5.34749e-06,0.00468115
125.0,0.8591614699,550.2304596,5.36948e-06,0.00468029
125.0,0.8548985843,550.5650699,5.38229e-06,0.00467932
125.0,0.8623135855,550.5788778,5.36714e-06,0.00467974
125.0,0.8637013469,549.9440465,5.35862e-06,0.00468042
125.0,0.8649275698,547.5340549,5.37123e-06,0.00468018
125.0,0.8564120697,550.8609494,5.35892e-06,0.00467749
125.0,0.8587232182,552.9067839,5.34489e-06,0.0046833
125.0,0.8617081364,552.9779822,5.34163e-06,0.004681
125.0,0.8637485959,552.3432636,5.35427e-06,0.00468106
125.0,0.8660826213,549.8774035,5.35229e-06,0.00467907
125.0,0.8606071475,547.0352036,5.39087e-06,0.004679
Freq,125,Rs,549.8810327374999,2.310531668875705,Ls,0.8612936452375,0.0031442261511280063
":SOUR:DCS:STAT OFF;:BIAS:STAT OFF;:COMP:BIN:COUN:CLE;:LIST:CLE:ALL;:COMP:BIN:CLE;:AMPL:ALC OFF;:APER MED,4;:BIAS:POL:AUTO OFF;:BIAS:RANG:AUTO ON;:BIAS:VOLT:LEV 0;:COMP:ABIN OFF;:COMP:BIN:COUN:STAT OFF;:COMP:MODE PTOL;:COMP:SLIM -9.9e+037,9.9e+037;:COMP:STAT OFF;:COMP:SWAP OFF;:COMP:TOL:NOM 0;:CURR:LEV 5e-005;:DISP:ENAB ON;:DISP:LINE """";:DISP:WIND:TEXT1:DATA:FMSD:DATA 1e-009;:DISP:WIND:TEXT2:DATA:FMSD:DATA 1e-009;:FORM:ASC:LONG ON;:FORM:BORD NORM;:FORM:DATA ASC,64;:FREQ:CW 125;:FUNC:DEV1:MODE OFF;:FUNC:DEV1:REF:VAL 0;:FUNC:DEV2:MODE OFF;:FUNC:DEV2:REF:VAL 0;:FUNC:IMP:TYPE LSRS;:FUNC:SMON:IDC:STAT OFF;:FUNC:SMON:VDC:STAT OFF;:INIT:CONT OFF;:LIST:MODE SEQ;:LIST:STIM:TYPE FREQ,NONE;:SOUR:DCS:VOLT:LEV 0;:TRIG:DEL 0;:TRIG:SOUR INT;:TRIG:TDEL 0;:DISP:WIND:TEXT1:DATA:FMSD:STAT OFF;:DISP:WIND:TEXT2:DATA:FMSD:STAT OFF;:FUNC:DCR:RANG:VAL 100;:FUNC:IMP:RANG:VAL 300;:OUTP:DC:ISOL:LEV:VAL 0.002;:OUTP:DC:ISOL:STAT OFF;:FUNC:DCR:RANG:AUTO ON;:FUNC:IMP:RANG:AUTO ON;:OUTP:DC:ISOL:LEV:AUTO ON;:DISP:PAGE MEASurement;
"
130.0,0.3180007554,925.5815558,4.79098e-06,0.00457775
130.0,0.3088115583,944.2165021,4.80244e-06,0.00457631
130.0,0.3229567035,921.9950752,4.78074e-06,0.00457932
130.0,0.3099547687,919.371676,4.79396e-06,0.00457475
130.0,0.3140606694,928.0230847,4.81729e-06,0.00457869
130.0,0.311325688,912.0216583,4.84146e-06,0.00457948
130.0,0.3160288147,908.5303434,4.83481e-06,0.00457921
130.0,0.3157125234,912.6654298,4.81247e-06,0.00457308
130.0,0.322217445,916.6550254,4.8128e-06,0.00457135
130.0,0.3134433447,918.8206272,4.81655e-06,0.00457578
130.0,0.3153458759,924.5438049,4.81978e-06,0.00457486
130.0,0.3225757061,923.2792603,4.81523e-06,0.00457782
130.0,0.3098700995,916.7131702,4.7853e-06,0.00458088
130.0,0.3152396461,915.5708818,4.82167e-06,0.00457947
130.0,0.3115001614,921.45137,4.79771e-06,0.00457189
130.0,0.3026976841,926.2813999,4.75522e-06,0.00457711
Freq,130,Rs,920.9825540625,8.310059391963746,Ls,0.3143588402625,0.005461570697859834
":SOUR:DCS:STAT OFF;:BIAS:STAT OFF;:COMP:BIN:COUN:CLE;:LIST:CLE:ALL;:COMP:BIN:CLE;:AMPL:ALC OFF;:APER MED,4;:BIAS:POL:AUTO OFF;:BIAS:RANG:AUTO ON;:BIAS:VOLT:LEV 0;:COMP:ABIN OFF;:COMP:BIN:COUN:STAT OFF;:COMP:MODE PTOL;:COMP:SLIM -9.9e+037,9.9e+037;:COMP:STAT OFF;:COMP:SWAP OFF;:COMP:TOL:NOM 0;:CURR:LEV 5e-005;:DISP:ENAB ON;:DISP:LINE """";:DISP:WIND:TEXT1:DATA:FMSD:DATA 1e-009;:DISP:WIND:TEXT2:DATA:FMSD:DATA 1e-009;:FORM:ASC:LONG ON;:FORM:BORD NORM;:FORM:DATA ASC,64;:FREQ:CW 130;:FUNC:DEV1:MODE OFF;:FUNC:DEV1:REF:VAL 0;:FUNC:DEV2:MODE OFF;:FUNC:DEV2:REF:VAL 0;:FUNC:IMP:TYPE LSRS;:FUNC:SMON:IDC:STAT OFF;:FUNC:SMON:VDC:STAT OFF;:INIT:CONT OFF;:LIST:MODE SEQ;:LIST:STIM:TYPE FREQ,NONE;:SOUR:DCS:VOLT:LEV 0;:TRIG:DEL 0;:TRIG:SOUR INT;:TRIG:TDEL 0;:DISP:WIND:TEXT1:DATA:FMSD:STAT OFF;:DISP:WIND:TEXT2:DATA:FMSD:STAT OFF;:FUNC:DCR:RANG:VAL 100;:FUNC:IMP:RANG:VAL 300;:OUTP:DC:ISOL:LEV:VAL 0.002;:OUTP:DC:ISOL:STAT OFF;:FUNC:DCR:RANG:AUTO ON;:FUNC:IMP:RANG:AUTO ON;:OUTP:DC:ISOL:LEV:AUTO ON;:DISP:PAGE MEASurement;
"
132.0,0.3062129879,636.4699895,6.51161e-06,0.00443392
132.0,0.3038669949,632.3018433,6.48512e-06,0.00443057
132.0,0.3053619995,637.3093577,6.47591e-06,0.00443452
132.0,0.3108857847,632.8867473,6.52205e-06,0.00443127
132.0,0.3032314231,630.185684,6.50424e-06,0.00443174
132.0,0.3057181627,636.1493809,6.47329e-06,0.00443484
132.0,0.3022644881,631.981871,6.47003e-06,0.00443318
132.0,0.3041959609,636.6207872,6.49753e-06,0.00443149
132.0,0.3024394551,635.9878752,6.46931e-06,0.00443075
132.0,0.3065917721,635.4193202,6.47584e-06,0.0044332
132.0,0.3031197077,631.7039757,6.50839e-06,0.0044336
132.0,0.3048064549,634.7191868,6.47232e-06,0.0044307
132.0,0.2973760622,634.045488,6.4854e-06,0.00443469
132.0,0.3027463444,632.6511556,6.48868e-06,0.00443214
132.0,0.3037241731,635.2172085,6.50697e-06,0.00443266
132.0,0.3088120126,637.3204793,6.50704e-06,0.00443521
Freq,132,Rs,634.4356468875001,2.226103808251322,Ls,0.30445961149375,0.003018332968617155
":SOUR:DCS:STAT OFF;:BIAS:STAT OFF;:COMP:BIN:COUN:CLE;:LIST:CLE:ALL;:COMP:BIN:CLE;:AMPL:ALC OFF;:APER MED,4;:BIAS:POL:AUTO OFF;:BIAS:RANG:AUTO ON;:BIAS:VOLT:LEV 0;:COMP:ABIN OFF;:COMP:BIN:COUN:STAT OFF;:COMP:MODE PTOL;:COMP:SLIM -9.9e+037,9.9e+037;:COMP:STAT OFF;:COMP:SWAP OFF;:COMP:TOL:NOM 0;:CURR:LEV 5e-005;:DISP:ENAB ON;:DISP:LINE """";:DISP:WIND:TEXT1:DATA:FMSD:DATA 1e-009;:DISP:WIND:TEXT2:DATA:FMSD:DATA 1e-009;:FORM:ASC:LONG ON;:FORM:BORD NORM;:FORM:DATA ASC,64;:FREQ:CW 132;:FUNC:DEV1:MODE OFF;:FUNC:DEV1:REF:VAL 0;:FUNC:DEV2:MODE OFF;:FUNC:DEV2:REF:VAL 0;:FUNC:IMP:TYPE LSRS;:FUNC:SMON:IDC:STAT OFF;:FUNC:SMON:VDC:STAT OFF;:INIT:CONT OFF;:LIST:MODE SEQ;:LIST:STIM:TYPE FREQ,NONE;:SOUR:DCS:VOLT:LEV 0;:TRIG:DEL 0;:TRIG:SOUR INT;:TRIG:TDEL 0;:DISP:WIND:TEXT1:DATA:FMSD:STAT OFF;:DISP:WIND:TEXT2:DATA:FMSD:STAT OFF;:FUNC:DCR:RANG:VAL 100;:FUNC:IMP:RANG:VAL 300;:OUTP:DC:ISOL:LEV:VAL 0.002;:OUTP:DC:ISOL:STAT OFF;:FUNC:DCR:RANG:AUTO ON;:FUNC:IMP:RANG:AUTO ON;:OUTP:DC:ISOL:LEV:AUTO ON;:DISP:PAGE MEASurement;
"
135.0,0.4336738426,522.199287,6.95725e-06,0.00445684
135.0,0.4320257734,523.0352884,6.97662e-06,0.00445381
135.0,0.4324815747,523.2176966,6.95822e-06,0.00445535
135.0,0.4328517143,525.7201069,6.97986e-06,0.00445768
135.0,0.4283106661,523.8529341,6.97123e-06,0.00445493
135.0,0.4286492541,524.9969665,6.98345e-06,0.00445643
135.0,0.430771721,523.2699939,6.96699e-06,0.00445322
135.0,0.4300286824,524.1621448,6.96377e-06,0.00445564
135.0,0.4304024244,526.5659022,6.97713e-06,0.00445421
135.0,0.428951883,523.1858526,6.98365e-06,0.00445453
135.0,0.4286131861,524.5734913,7.00088e-06,0.00445424
135.0,0.4305949135,525.5093373,6.95616e-06,0.00445247
135.0,0.4286078414,525.1905787,6.98859e-06,0.00445617
135.0,0.4307704488,526.2154345,6.96017e-06,0.00445483
135.0,0.4288066174,522.5224192,6.97663e-06,0.00445457
135.0,0.4288953995,523.9801813,6.96063e-06,0.00445694
Freq,135,Rs,524.26235095625,1.3311766995979721,Ls,0.43027724641875,0.0017253004714062015
":SOUR:DCS:STAT OFF;:BIAS:STAT OFF;:COMP:BIN:COUN:CLE;:LIST:CLE:ALL;:COMP:BIN:CLE;:AMPL:ALC OFF;:APER MED,4;:BIAS:POL:AUTO OFF;:BIAS:RANG:AUTO ON;:BIAS:VOLT:LEV 0;:COMP:ABIN OFF;:COMP:BIN:COUN:STAT OFF;:COMP:MODE PTOL;:COMP:SLIM -9.9e+037,9.9e+037;:COMP:STAT OFF;:COMP:SWAP OFF;:COMP:TOL:NOM 0;:CURR:LEV 5e-005;:DISP:ENAB ON;:DISP:LINE """";:DISP:WIND:TEXT1:DATA:FMSD:DATA 1e-009;:DISP:WIND:TEXT2:DATA:FMSD:DATA 1e-009;:FORM:ASC:LONG ON;:FORM:BORD NORM;:FORM:DATA ASC,64;:FREQ:CW 135;:FUNC:DEV1:MODE OFF;:FUNC:DEV1:REF:VAL 0;:FUNC:DEV2:MODE OFF;:FUNC:DEV2:REF:VAL 0;:FUNC:IMP:TYPE LSRS;:FUNC:SMON:IDC:STAT OFF;:FUNC:SMON:VDC:STAT OFF;:INIT:CONT OFF;:LIST:MODE SEQ;:LIST:STIM:TYPE FREQ,NONE;:SOUR:DCS:VOLT:LEV 0;:TRIG:DEL 0;:TRIG:SOUR INT;:TRIG:TDEL 0;:DISP:WIND:TEXT1:DATA:FMSD:STAT OFF;:DISP:WIND:TEXT2:DATA:FMSD:STAT OFF;:FUNC:DCR:RANG:VAL 100;:FUNC:IMP:RANG:VAL 300;:OUTP:DC:ISOL:LEV:VAL 0.002;:OUTP:DC:ISOL:STAT OFF;:FUNC:DCR:RANG:AUTO ON;:FUNC:IMP:RANG:AUTO ON;:OUTP:DC:ISOL:LEV:AUTO ON;:DISP:PAGE MEASurement;
"
137.0,0.4800734002,503.8732628,6.90728e-06,0.00449238
137.0,0.4818174351,502.6475934,6.89695e-06,0.00449151
137.0,0.4809330769,501.5874495,6.90684e-06,0.00449294
137.0,0.4825018958,503.4526024,6.89517e-06,0.00449048
137.0,0.4795543222,503.123907,6.89785e-06,0.00449202
137.0,0.4794150403,503.2373229,6.89798e-06,0.00449225
137.0,0.4806457709,502.2709493,6.90346e-06,0.00449309
137.0,0.4787209728,502.578936,6.90367e-06,0.00449295
137.0,0.4802786058,504.7884048,6.89567e-06,0.00449366
137.0,0.4791669499,502.9698206,6.90963e-06,0.0044938
137.0,0.4804393714,502.1244187,6.88405e-06,0.0044921
137.0,0.4832793606,503.2291448,6.88963e-06,0.00449329
137.0,0.4813451059,502.9037847,6.88298e-06,0.00449334
137.0,0.4817960362,502.547996,6.89572e-06,0.0044922
137.0,0.4813130971,501.3049481,6.89843e-06,0.00449093
137.0,0.4839204052,504.4192314,6.89677e-06,0.00449128
Freq,137,Rs,502.941235775,0.9284968331376497,Ls,0.48095005289375,0.0014705646505420477
":SOUR:DCS:STAT OFF;:BIAS:STAT OFF;:COMP:BIN:COUN:CLE;:LIST:CLE:ALL;:COMP:BIN:CLE;:AMPL:ALC OFF;:APER MED,4;:BIAS:POL:AUTO OFF;:BIAS:RANG:AUTO ON;:BIAS:VOLT:LEV 0;:COMP:ABIN OFF;:COMP:BIN:COUN:STAT OFF;:COMP:MODE PTOL;:COMP:SLIM -9.9e+037,9.9e+037;:COMP:STAT OFF;:COMP:SWAP OFF;:COMP:TOL:NOM 0;:CURR:LEV 5e-005;:DISP:ENAB ON;:DISP:LINE """";:DISP:WIND:TEXT1:DATA:FMSD:DATA 1e-009;:DISP:WIND:TEXT2:DATA:FMSD:DATA 1e-009;:FORM:ASC:LONG ON;:FORM:BORD NORM;:FORM:DATA ASC,64;:FREQ:CW 137;:FUNC:DEV1:MODE OFF;:FUNC:DEV1:REF:VAL 0;:FUNC:DEV2:MODE OFF;:FUNC:DEV2:REF:VAL 0;:FUNC:IMP:TYPE LSRS;:FUNC:SMON:IDC:STAT OFF;:FUNC:SMON:VDC:STAT OFF;:INIT:CONT OFF;:LIST:MODE SEQ;:LIST:STIM:TYPE FREQ,NONE;:SOUR:DCS:VOLT:LEV 0;:TRIG:DEL 0;:TRIG:SOUR INT;:TRIG:TDEL 0;:DISP:WIND:TEXT1:DATA:FMSD:STAT OFF;:DISP:WIND:TEXT2:DATA:FMSD:STAT OFF;:FUNC:DCR:RANG:VAL 100;:FUNC:IMP:RANG:VAL 300;:OUTP:DC:ISOL:LEV:VAL 0.002;:OUTP:DC:ISOL:STAT OFF;:FUNC:DCR:RANG:AUTO ON;:FUNC:IMP:RANG:AUTO ON;:OUTP:DC:ISOL:LEV:AUTO ON;:DISP:PAGE MEASurement;
"
140.0,0.5293984124,490.0364445,6.68798e-06,0.0045355
140.0,0.5285074937,490.6202395,6.71117e-06,0.00453797
140.0,0.5269329749,493.6897479,6.7072e-06,0.00453483
140.0,0.5276314543,489.3116518,6.71005e-06,0.00453338
140.0,0.5275028164,490.2767238,6.70357e-06,0.00453667
140.0,0.5274579281,492.0270924,6.71227e-06,0.00453553
140.0,0.5261416251,494.1677644,6.70695e-06,0.00453789
140.0,0.5249257821,491.8004903,6.71113e-06,0.0045351
140.0,0.5273519529,494.6153351,6.71104e-06,0.00453575
140.0,0.529562491,491.8219532,6.69294e-06,0.00453483
140.0,0.5270255731,490.8902452,6.70121e-06,0.00453505
140.0,0.5259408952,490.9213615,6.70398e-06,0.00453621
140.0,0.5272071675,490.1798649,6.71212e-06,0.00453353
140.0,0.5276302576,489.2538735,6.689e-06,0.00453528
140.0,0.5260014676,491.8833589,6.69376e-06,0.00453732
140.0,0.5255550812,492.0501373,6.71069e-06,0.00453577
Freq,140,Rs,491.4716427625,1.6170242073135022,Ls,0.52717333581875,0.001285475771226009
":SOUR:DCS:STAT OFF;:BIAS:STAT OFF;:COMP:BIN:COUN:CLE;:LIST:CLE:ALL;:COMP:BIN:CLE;:AMPL:ALC OFF;:APER MED,4;:BIAS:POL:AUTO OFF;:BIAS:RANG:AUTO ON;:BIAS:VOLT:LEV 0;:COMP:ABIN OFF;:COMP:BIN:COUN:STAT OFF;:COMP:MODE PTOL;:COMP:SLIM -9.9e+037,9.9e+037;:COMP:STAT OFF;:COMP:SWAP OFF;:COMP:TOL:NOM 0;:CURR:LEV 5e-005;:DISP:ENAB ON;:DISP:LINE """";:DISP:WIND:TEXT1:DATA:FMSD:DATA 1e-009;:DISP:WIND:TEXT2:DATA:FMSD:DATA 1e-009;:FORM:ASC:LONG ON;:FORM:BORD NORM;:FORM:DATA ASC,64;:FREQ:CW 140;:FUNC:DEV1:MODE OFF;:FUNC:DEV1:REF:VAL 0;:FUNC:DEV2:MODE OFF;:FUNC:DEV2:REF:VAL 0;:FUNC:IMP:TYPE LSRS;:FUNC:SMON:IDC:STAT OFF;:FUNC:SMON:VDC:STAT OFF;:INIT:CONT OFF;:LIST:MODE SEQ;:LIST:STIM:TYPE FREQ,NONE;:SOUR:DCS:VOLT:LEV 0;:TRIG:DEL 0;:TRIG:SOUR INT;:TRIG:TDEL 0;:DISP:WIND:TEXT1:DATA:FMSD:STAT OFF;:DISP:WIND:TEXT2:DATA:FMSD:STAT OFF;:FUNC:DCR:RANG:VAL 100;:FUNC:IMP:RANG:VAL 300;:OUTP:DC:ISOL:LEV:VAL 0.002;:OUTP:DC:ISOL:STAT OFF;:FUNC:DCR:RANG:AUTO ON;:FUNC:IMP:RANG:AUTO ON;:OUTP:DC:ISOL:LEV:AUTO ON;:DISP:PAGE MEASurement;
"
142.0,0.5473887331,491.093145,6.56751e-06,0.00455783
142.0,0.5497694595,488.7799979,6.56254e-06,0.00455722
142.0,0.5482223808,490.2243873,6.58575e-06,0.00455687
142.0,0.5483477117,490.7960651,6.56988e-06,0.00455798
142.0,0.548070136,489.8842644,6.57657e-06,0.00455869
142.0,0.5487916578,490.3812934,6.57732e-06,0.00455937
142.0,0.5474214441,490.4955288,6.56441e-06,0.00455729
142.0,0.5503782404,489.5404104,6.57552e-06,0.00455838
142.0,0.5479544889,489.7574949,6.57836e-06,0.00455706
142.0,0.5503670719,489.8943295,6.56633e-06,0.00455871
142.0,0.5489878547,487.9835201,6.57514e-06,0.00455783
142.0,0.5500912093,490.4152348,6.58432e-06,0.00455747
142.0,0.5486311795,491.3949153,6.57347e-06,0.0045579
142.0,0.5477009054,489.6367086,6.57415e-06,0.00455773
142.0,0.548473048,488.6641855,6.58361e-06,0.00455866
142.0,0.548956274,490.6050537,6.55976e-06,0.00455707
Freq,142,Rs,489.97165841875,0.9131259522974333,Ls,0.54872198719375,0.0009844569238638484
":SOUR:DCS:STAT OFF;:BIAS:STAT OFF;:COMP:BIN:COUN:CLE;:LIST:CLE:ALL;:COMP:BIN:CLE;:AMPL:ALC OFF;:APER MED,4;:BIAS:POL:AUTO OFF;:BIAS:RANG:AUTO ON;:BIAS:VOLT:LEV 0;:COMP:ABIN OFF;:COMP:BIN:COUN:STAT OFF;:COMP:MODE PTOL;:COMP:SLIM -9.9e+037,9.9e+037;:COMP:STAT OFF;:COMP:SWAP OFF;:COMP:TOL:NOM 0;:CURR:LEV 5e-005;:DISP:ENAB ON;:DISP:LINE """";:DISP:WIND:TEXT1:DATA:FMSD:DATA 1e-009;:DISP:WIND:TEXT2:DATA:FMSD:DATA 1e-009;:FORM:ASC:LONG ON;:FORM:BORD NORM;:FORM:DATA ASC,64;:FREQ:CW 142;:FUNC:DEV1:MODE OFF;:FUNC:DEV1:REF:VAL 0;:FUNC:DEV2:MODE OFF;:FUNC:DEV2:REF:VAL 0;:FUNC:IMP:TYPE LSRS;:FUNC:SMON:IDC:STAT OFF;:FUNC:SMON:VDC:STAT OFF;:INIT:CONT OFF;:LIST:MODE SEQ;:LIST:STIM:TYPE FREQ,NONE;:SOUR:DCS:VOLT:LEV 0;:TRIG:DEL 0;:TRIG:SOUR INT;:TRIG:TDEL 0;:DISP:WIND:TEXT1:DATA:FMSD:STAT OFF;:DISP:WIND:TEXT2:DATA:FMSD:STAT OFF;:FUNC:DCR:RANG:VAL 100;:FUNC:IMP:RANG:VAL 300;:OUTP:DC:ISOL:LEV:VAL 0.002;:OUTP:DC:ISOL:STAT OFF;:FUNC:DCR:RANG:AUTO ON;:FUNC:IMP:RANG:AUTO ON;:OUTP:DC:ISOL:LEV:AUTO ON;:DISP:PAGE MEASurement;
"
145.0,0.5728354238,492.3940115,6.39625e-06,0.00458337
145.0,0.5727671153,492.6871132,6.39032e-06,0.00458435
145.0,0.573617985,491.5305721,6.377e-06,0.00458368
145.0,0.5736936637,491.654184,6.3816e-06,0.0045839
145.0,0.5743581869,491.009446,6.37095e-06,0.00458464
145.0,0.5723317276,492.093505,6.39442e-06,0.00458358
145.0,0.5736889753,491.6058566,6.38095e-06,0.00458303
145.0,0.5732117999,491.8771729,6.38953e-06,0.00458379
145.0,0.5723774321,492.0590104,6.39146e-06,0.0045841
145.0,0.5721633897,492.1952753,6.38766e-06,0.00458279
145.0,0.5725296355,492.2985787,6.3795e-06,0.00458423
145.0,0.5740770362,492.8653813,6.37696e-06,0.0045844
145.0,0.5734141944,492.5802031,6.38057e-06,0.00458401
145.0,0.5727548758,492.9637421,6.39772e-06,0.00458541
145.0,0.5716285307,490.8781424,6.38931e-06,0.00458449
145.0,0.5723316961,492.0608631,6.38942e-06,0.00458353
Freq,145,Rs,492.04706610625004,0.6055083414862985,Ls,0.57298635425,0.0007650786562125212
":SOUR:DCS:STAT OFF;:BIAS:STAT OFF;:COMP:BIN:COUN:CLE;:LIST:CLE:ALL;:COMP:BIN:CLE;:AMPL:ALC OFF;:APER MED,4;:BIAS:POL:AUTO OFF;:BIAS:RANG:AUTO ON;:BIAS:VOLT:LEV 0;:COMP:ABIN OFF;:COMP:BIN:COUN:STAT OFF;:COMP:MODE PTOL;:COMP:SLIM -9.9e+037,9.9e+037;:COMP:STAT OFF;:COMP:SWAP OFF;:COMP:TOL:NOM 0;:CURR:LEV 5e-005;:DISP:ENAB ON;:DISP:LINE """";:DISP:WIND:TEXT1:DATA:FMSD:DATA 1e-009;:DISP:WIND:TEXT2:DATA:FMSD:DATA 1e-009;:FORM:ASC:LONG ON;:FORM:BORD NORM;:FORM:DATA ASC,64;:FREQ:CW 145;:FUNC:DEV1:MODE OFF;:FUNC:DEV1:REF:VAL 0;:FUNC:DEV2:MODE OFF;:FUNC:DEV2:REF:VAL 0;:FUNC:IMP:TYPE LSRS;:FUNC:SMON:IDC:STAT OFF;:FUNC:SMON:VDC:STAT OFF;:INIT:CONT OFF;:LIST:MODE SEQ;:LIST:STIM:TYPE FREQ,NONE;:SOUR:DCS:VOLT:LEV 0;:TRIG:DEL 0;:TRIG:SOUR INT;:TRIG:TDEL 0;:DISP:WIND:TEXT1:DATA:FMSD:STAT OFF;:DISP:WIND:TEXT2:DATA:FMSD:STAT OFF;:FUNC:DCR:RANG:VAL 100;:FUNC:IMP:RANG:VAL 300;:OUTP:DC:ISOL:LEV:VAL 0.002;:OUTP:DC:ISOL:STAT OFF;:FUNC:DCR:RANG:AUTO ON;:FUNC:IMP:RANG:AUTO ON;:OUTP:DC:ISOL:LEV:AUTO ON;:DISP:PAGE MEASurement;
"
150.0,0.6055737613,511.9955496,6.04276e-06,0.00461785
150.0,0.6021335738,510.4796566,6.02947e-06,0.00461751
150.0,0.6047374812,511.2372845,6.03901e-06,0.0046176
150.0,0.6025221583,512.4801498,6.02787e-06,0.00461657
150.0,0.6034693571,512.304678,6.03487e-06,0.00461811
150.0,0.6040681746,512.8408567,6.01927e-06,0.00461771
150.0,0.604632021,514.1850863,6.02983e-06,0.00461777
150.0,0.6042176967,511.0425119,6.01702e-06,0.00461789
150.0,0.6049996871,512.9896876,6.03585e-06,0.00461765
150.0,0.6044644678,511.4812157,6.04064e-06,0.00461813
150.0,0.6031617983,511.9217162,6.02579e-06,0.00461672
150.0,0.6043844584,511.4516153,6.03767e-06,0.00461923
150.0,0.6030985679,511.5764914,6.02568e-06,0.00461755
150.0,0.6043531978,511.5749035,6.03972e-06,0.00461761
150.0,0.6040375153,511.7163044,6.03241e-06,0.00461798
150.0,0.6031492318,510.6132246,6.02523e-06,0.00461652
Freq,150,Rs,511.86818325625,0.9400764165851596,Ls,0.603937696775,0.000934065251917816
":SOUR:DCS:STAT OFF;:BIAS:STAT OFF;:COMP:BIN:COUN:CLE;:LIST:CLE:ALL;:COMP:BIN:CLE;:AMPL:ALC OFF;:APER MED,4;:BIAS:POL:AUTO OFF;:BIAS:RANG:AUTO ON;:BIAS:VOLT:LEV 0;:COMP:ABIN OFF;:COMP:BIN:COUN:STAT OFF;:COMP:MODE PTOL;:COMP:SLIM -9.9e+037,9.9e+037;:COMP:STAT OFF;:COMP:SWAP OFF;:COMP:TOL:NOM 0;:CURR:LEV 5e-005;:DISP:ENAB ON;:DISP:LINE """";:DISP:WIND:TEXT1:DATA:FMSD:DATA 1e-009;:DISP:WIND:TEXT2:DATA:FMSD:DATA 1e-009;:FORM:ASC:LONG ON;:FORM:BORD NORM;:FORM:DATA ASC,64;:FREQ:CW 150;:FUNC:DEV1:MODE OFF;:FUNC:DEV1:REF:VAL 0;:FUNC:DEV2:MODE OFF;:FUNC:DEV2:REF:VAL 0;:FUNC:IMP:TYPE LSRS;:FUNC:SMON:IDC:STAT OFF;:FUNC:SMON:VDC:STAT OFF;:INIT:CONT OFF;:LIST:MODE SEQ;:LIST:STIM:TYPE FREQ,NONE;:SOUR:DCS:VOLT:LEV 0;:TRIG:DEL 0;:TRIG:SOUR INT;:TRIG:TDEL 0;:DISP:WIND:TEXT1:DATA:FMSD:STAT OFF;:DISP:WIND:TEXT2:DATA:FMSD:STAT OFF;:FUNC:DCR:RANG:VAL 100;:FUNC:IMP:RANG:VAL 300;:OUTP:DC:ISOL:LEV:VAL 0.002;:OUTP:DC:ISOL:STAT OFF;:FUNC:DCR:RANG:AUTO ON;:FUNC:IMP:RANG:AUTO ON;:OUTP:DC:ISOL:LEV:AUTO ON;:DISP:PAGE MEASurement;
"
155.0,0.567633842,537.907891,5.97248e-06,0.00461165
155.0,0.5688847617,537.6535884,5.98061e-06,0.00461177
155.0,0.5705806079,536.4165085,5.98595e-06,0.00461127
155.0,0.5694031923,536.2127774,5.98021e-06,0.0046119
155.0,0.5691346917,535.9857507,5.97312e-06,0.00461311
155.0,0.5699890478,536.7459932,5.98746e-06,0.00461127
155.0,0.5687262993,537.4983465,5.97187e-06,0.00461214
155.0,0.5696343166,537.7530436,5.97841e-06,0.00461246
155.0,0.5683040942,536.8699189,5.97775e-06,0.00461228
155.0,0.567937701,536.6809077,5.98517e-06,0.00461247
155.0,0.5692411806,535.4422713,5.98101e-06,0.00461205
155.0,0.5690617969,536.5231622,5.98676e-06,0.00461211
155.0,0.5689799807,535.4789485,5.97635e-06,0.00461174
155.0,0.5693199639,535.3228719,5.97898e-06,0.00461215
155.0,0.5700567287,536.1488508,5.97949e-06,0.00461284
155.0,0.5684928685,535.4568673,5.97691e-06,0.00461256
Freq,155,Rs,536.50610611875,0.8649499313193428,Ls,0.5690863171125,0.0007765889601485542
":SOUR:DCS:STAT OFF;:BIAS:STAT OFF;:COMP:BIN:COUN:CLE;:LIST:CLE:ALL;:COMP:BIN:CLE;:AMPL:ALC OFF;:APER MED,4;:BIAS:POL:AUTO OFF;:BIAS:RANG:AUTO ON;:BIAS:VOLT:LEV 0;:COMP:ABIN OFF;:COMP:BIN:COUN:STAT OFF;:COMP:MODE PTOL;:COMP:SLIM -9.9e+037,9.9e+037;:COMP:STAT OFF;:COMP:SWAP OFF;:COMP:TOL:NOM 0;:CURR:LEV 5e-005;:DISP:ENAB ON;:DISP:LINE """";:DISP:WIND:TEXT1:DATA:FMSD:DATA 1e-009;:DISP:WIND:TEXT2:DATA:FMSD:DATA 1e-009;:FORM:ASC:LONG ON;:FORM:BORD NORM;:FORM:DATA ASC,64;:FREQ:CW 155;:FUNC:DEV1:MODE OFF;:FUNC:DEV1:REF:VAL 0;:FUNC:DEV2:MODE OFF;:FUNC:DEV2:REF:VAL 0;:FUNC:IMP:TYPE LSRS;:FUNC:SMON:IDC:STAT OFF;:FUNC:SMON:VDC:STAT OFF;:INIT:CONT OFF;:LIST:MODE SEQ;:LIST:STIM:TYPE FREQ,NONE;:SOUR:DCS:VOLT:LEV 0;:TRIG:DEL 0;:TRIG:SOUR INT;:TRIG:TDEL 0;:DISP:WIND:TEXT1:DATA:FMSD:STAT OFF;:DISP:WIND:TEXT2:DATA:FMSD:STAT OFF;:FUNC:DCR:RANG:VAL 100;:FUNC:IMP:RANG:VAL 300;:OUTP:DC:ISOL:LEV:VAL 0.002;:OUTP:DC:ISOL:STAT OFF;:FUNC:DCR:RANG:AUTO ON;:FUNC:IMP:RANG:AUTO ON;:OUTP:DC:ISOL:LEV:AUTO ON;:DISP:PAGE MEASurement;
"
160.0,0.5754841143,517.1998321,5.96485e-06,0.0046315
160.0,0.5754169886,516.4126509,5.97548e-06,0.00463259
160.0,0.5748320469,517.6635535,5.9685e-06,0.00463222
160.0,0.5764928044,516.4002259,5.97665e-06,0.00463398
160.0,0.5757731025,517.2386383,5.97293e-06,0.0046323
160.0,0.5735430984,516.9880368,5.96854e-06,0.004633
160.0,0.5749616481,517.0350361,5.97876e-06,0.00463264
160.0,0.5751234036,517.4517882,5.98164e-06,0.00463306
160.0,0.5762944526,517.6554156,5.96565e-06,0.00463315
160.0,0.5754401484,517.4356172,5.97305e-06,0.0046324
160.0,0.5747881972,516.8941081,5.97271e-06,0.00463339
160.0,0.5762537973,515.0587281,5.97135e-06,0.00463283
160.0,0.5754729215,517.2263234,5.97154e-06,0.00463243
160.0,0.5759571309,516.5668878,5.96876e-06,0.00463282
160.0,0.5762565461,517.5471829,5.96725e-06,0.00463286
160.0,0.5747703811,517.3220152,5.96813e-06,0.00463305
Freq,160,Rs,517.0060025062501,0.6576621242467623,Ls,0.57542879886875,0.0007623457834916501
":SOUR:DCS:STAT OFF;:BIAS:STAT OFF;:COMP:BIN:COUN:CLE;:LIST:CLE:ALL;:COMP:BIN:CLE;:AMPL:ALC OFF;:APER MED,4;:BIAS:POL:AUTO OFF;:BIAS:RANG:AUTO ON;:BIAS:VOLT:LEV 0;:COMP:ABIN OFF;:COMP:BIN:COUN:STAT OFF;:COMP:MODE PTOL;:COMP:SLIM -9.9e+037,9.9e+037;:COMP:STAT OFF;:COMP:SWAP OFF;:COMP:TOL:NOM 0;:CURR:LEV 5e-005;:DISP:ENAB ON;:DISP:LINE """";:DISP:WIND:TEXT1:DATA:FMSD:DATA 1e-009;:DISP:WIND:TEXT2:DATA:FMSD:DATA 1e-009;:FORM:ASC:LONG ON;:FORM:BORD NORM;:FORM:DATA ASC,64;:FREQ:CW 160;:FUNC:DEV1:MODE OFF;:FUNC:DEV1:REF:VAL 0;:FUNC:DEV2:MODE OFF;:FUNC:DEV2:REF:VAL 0;:FUNC:IMP:TYPE LSRS;:FUNC:SMON:IDC:STAT OFF;:FUNC:SMON:VDC:STAT OFF;:INIT:CONT OFF;:LIST:MODE SEQ;:LIST:STIM:TYPE FREQ,NONE;:SOUR:DCS:VOLT:LEV 0;:TRIG:DEL 0;:TRIG:SOUR INT;:TRIG:TDEL 0;:DISP:WIND:TEXT1:DATA:FMSD:STAT OFF;:DISP:WIND:TEXT2:DATA:FMSD:STAT OFF;:FUNC:DCR:RANG:VAL 100;:FUNC:IMP:RANG:VAL 300;:OUTP:DC:ISOL:LEV:VAL 0.002;:OUTP:DC:ISOL:STAT OFF;:FUNC:DCR:RANG:AUTO ON;:FUNC:IMP:RANG:AUTO ON;:OUTP:DC:ISOL:LEV:AUTO ON;:DISP:PAGE MEASurement;
"
165.0,0.5818937062,515.6731347,5.85781e-06,0.0046529
165.0,0.5815506332,516.8523485,5.86229e-06,0.00465426
165.0,0.5831057082,515.2111316,5.85512e-06,0.00465258
165.0,0.5826284036,517.9164579,5.86257e-06,0.00465285
165.0,0.582558047,516.2787904,5.85366e-06,0.00465304
165.0,0.582622686,517.0045799,5.85927e-06,0.00465267
165.0,0.5824976384,516.7414016,5.85774e-06,0.00465219
165.0,0.5817547266,516.9326086,5.85929e-06,0.00465334
165.0,0.5820145086,516.0653721,5.85652e-06,0.00465378
165.0,0.5821121772,516.26203,5.85344e-06,0.00465224
165.0,0.5822411822,517.1594691,5.86048e-06,0.00465242
165.0,0.5823773868,515.6644439,5.85369e-06,0.00465233
165.0,0.5830537722,517.0630604,5.85883e-06,0.004653
165.0,0.5821825351,516.5796789,5.85787e-06,0.00465246
165.0,0.5823421262,516.2843353,5.85962e-06,0.00465396
165.0,0.5832818493,516.3810447,5.8501e-06,0.00465272
Freq,165,Rs,516.5043679749999,0.6726404013650527,Ls,0.582388567925,0.0004857457607386615
":SOUR:DCS:STAT OFF;:BIAS:STAT OFF;:COMP:BIN:COUN:CLE;:LIST:CLE:ALL;:COMP:BIN:CLE;:AMPL:ALC OFF;:APER MED,4;:BIAS:POL:AUTO OFF;:BIAS:RANG:AUTO ON;:BIAS:VOLT:LEV 0;:COMP:ABIN OFF;:COMP:BIN:COUN:STAT OFF;:COMP:MODE PTOL;:COMP:SLIM -9.9e+037,9.9e+037;:COMP:STAT OFF;:COMP:SWAP OFF;:COMP:TOL:NOM 0;:CURR:LEV 5e-005;:DISP:ENAB ON;:DISP:LINE """";:DISP:WIND:TEXT1:DATA:FMSD:DATA 1e-009;:DISP:WIND:TEXT2:DATA:FMSD:DATA 1e-009;:FORM:ASC:LONG ON;:FORM:BORD NORM;:FORM:DATA ASC,64;:FREQ:CW 165;:FUNC:DEV1:MODE OFF;:FUNC:DEV1:REF:VAL 0;:FUNC:DEV2:MODE OFF;:FUNC:DEV2:REF:VAL 0;:FUNC:IMP:TYPE LSRS;:FUNC:SMON:IDC:STAT OFF;:FUNC:SMON:VDC:STAT OFF;:INIT:CONT OFF;:LIST:MODE SEQ;:LIST:STIM:TYPE FREQ,NONE;:SOUR:DCS:VOLT:LEV 0;:TRIG:DEL 0;:TRIG:SOUR INT;:TRIG:TDEL 0;:DISP:WIND:TEXT1:DATA:FMSD:STAT OFF;:DISP:WIND:TEXT2:DATA:FMSD:STAT OFF;:FUNC:DCR:RANG:VAL 100;:FUNC:IMP:RANG:VAL 300;:OUTP:DC:ISOL:LEV:VAL 0.002;:OUTP:DC:ISOL:STAT OFF;:FUNC:DCR:RANG:AUTO ON;:FUNC:IMP:RANG:AUTO ON;:OUTP:DC:ISOL:LEV:AUTO ON;:DISP:PAGE MEASurement;
"
170.0,0.5844599512,516.2091763,5.7616e-06,0.00466859
170.0,0.5847746063,516.6951422,5.76817e-06,0.00466773
170.0,0.5839726943,514.8877816,5.76497e-06,0.0046702
170.0,0.5866373916,516.2336529,5.75699e-06,0.00467087
170.0,0.5845828048,518.5713399,5.76418e-06,0.00466869
170.0,0.5848258907,518.341177,5.75433e-06,0.00466926
170.0,0.5844699243,516.7569983,5.74871e-06,0.00466929
170.0,0.5844348066,515.2030232,5.76365e-06,0.00466927
170.0,0.5862135358,516.3901521,5.76355e-06,0.00466906
170.0,0.584161616,517.3343998,5.75423e-06,0.00466903
170.0,0.5844443941,515.2750643,5.76991e-06,0.00467056
170.0,0.5841118803,516.9377642,5.75384e-06,0.00466806
170.0,0.5842808586,517.2343845,5.75734e-06,0.00466805
170.0,0.5870524794,515.4015552,5.76627e-06,0.00466875
170.0,0.5871624743,517.0021405,5.74795e-06,0.00466847
170.0,0.5849774706,516.9029867,5.74826e-06,0.00466903
Freq,170,Rs,516.58604616875,1.0540019898049466,Ls,0.58503517368125,0.0010814653048448804
":SOUR:DCS:STAT OFF;:BIAS:STAT OFF;:COMP:BIN:COUN:CLE;:LIST:CLE:ALL;:COMP:BIN:CLE;:AMPL:ALC OFF;:APER MED,4;:BIAS:POL:AUTO OFF;:BIAS:RANG:AUTO ON;:BIAS:VOLT:LEV 0;:COMP:ABIN OFF;:COMP:BIN:COUN:STAT OFF;:COMP:MODE PTOL;:COMP:SLIM -9.9e+037,9.9e+037;:COMP:STAT OFF;:COMP:SWAP OFF;:COMP:TOL:NOM 0;:CURR:LEV 5e-005;:DISP:ENAB ON;:DISP:LINE """";:DISP:WIND:TEXT1:DATA:FMSD:DATA 1e-009;:DISP:WIND:TEXT2:DATA:FMSD:DATA 1e-009;:FORM:ASC:LONG ON;:FORM:BORD NORM;:FORM:DATA ASC,64;:FREQ:CW 170;:FUNC:DEV1:MODE OFF;:FUNC:DEV1:REF:VAL 0;:FUNC:DEV2:MODE OFF;:FUNC:DEV2:REF:VAL 0;:FUNC:IMP:TYPE LSRS;:FUNC:SMON:IDC:STAT OFF;:FUNC:SMON:VDC:STAT OFF;:INIT:CONT OFF;:LIST:MODE SEQ;:LIST:STIM:TYPE FREQ,NONE;:SOUR:DCS:VOLT:LEV 0;:TRIG:DEL 0;:TRIG:SOUR INT;:TRIG:TDEL 0;:DISP:WIND:TEXT1:DATA:FMSD:STAT OFF;:DISP:WIND:TEXT2:DATA:FMSD:STAT OFF;:FUNC:DCR:RANG:VAL 100;:FUNC:IMP:RANG:VAL 300;:OUTP:DC:ISOL:LEV:VAL 0.002;:OUTP:DC:ISOL:STAT OFF;:FUNC:DCR:RANG:AUTO ON;:FUNC:IMP:RANG:AUTO ON;:OUTP:DC:ISOL:LEV:AUTO ON;:DISP:PAGE MEASurement;
"
172.0,0.5868085083,517.5530855,5.70907e-06,0.00467615
172.0,0.5867540045,517.3215692,5.71438e-06,0.00467518
172.0,0.5881751223,517.0042382,5.70543e-06,0.00467701
172.0,0.5850704958,515.9901292,5.72564e-06,0.00467397
172.0,0.5871265091,516.7793539,5.70727e-06,0.00467619
172.0,0.5881617017,516.2293456,5.71383e-06,0.00467576
172.0,0.5886695654,517.7934029,5.71305e-06,0.00467473
172.0,0.5868568207,517.7629263,5.70995e-06,0.00467498
172.0,0.5876653743,515.6583347,5.69689e-06,0.00467576
172.0,0.5863953996,516.1012312,5.71076e-06,0.00467626
172.0,0.5877898483,516.6253733,5.71002e-06,0.00467602
172.0,0.58764246,517.9931655,5.71496e-06,0.00467631
172.0,0.5868250579,516.9797517,5.70137e-06,0.00467621
172.0,0.5884934434,517.1135317,5.71179e-06,0.00467587
172.0,0.5867992422,515.257131,5.71825e-06,0.00467513
172.0,0.5862866832,516.0198078,5.7125e-06,0.00467491
Freq,172,Rs,516.7613986062499,0.8213264665269647,Ls,0.5872200147937501,0.00094003773621511
":SOUR:DCS:STAT OFF;:BIAS:STAT OFF;:COMP:BIN:COUN:CLE;:LIST:CLE:ALL;:COMP:BIN:CLE;:AMPL:ALC OFF;:APER MED,4;:BIAS:POL:AUTO OFF;:BIAS:RANG:AUTO ON;:BIAS:VOLT:LEV 0;:COMP:ABIN OFF;:COMP:BIN:COUN:STAT OFF;:COMP:MODE PTOL;:COMP:SLIM -9.9e+037,9.9e+037;:COMP:STAT OFF;:COMP:SWAP OFF;:COMP:TOL:NOM 0;:CURR:LEV 5e-005;:DISP:ENAB ON;:DISP:LINE """";:DISP:WIND:TEXT1:DATA:FMSD:DATA 1e-009;:DISP:WIND:TEXT2:DATA:FMSD:DATA 1e-009;:FORM:ASC:LONG ON;:FORM:BORD NORM;:FORM:DATA ASC,64;:FREQ:CW 172;:FUNC:DEV1:MODE OFF;:FUNC:DEV1:REF:VAL 0;:FUNC:DEV2:MODE OFF;:FUNC:DEV2:REF:VAL 0;:FUNC:IMP:TYPE LSRS;:FUNC:SMON:IDC:STAT OFF;:FUNC:SMON:VDC:STAT OFF;:INIT:CONT OFF;:LIST:MODE SEQ;:LIST:STIM:TYPE FREQ,NONE;:SOUR:DCS:VOLT:LEV 0;:TRIG:DEL 0;:TRIG:SOUR INT;:TRIG:TDEL 0;:DISP:WIND:TEXT1:DATA:FMSD:STAT OFF;:DISP:WIND:TEXT2:DATA:FMSD:STAT OFF;:FUNC:DCR:RANG:VAL 100;:FUNC:IMP:RANG:VAL 300;:OUTP:DC:ISOL:LEV:VAL 0.002;:OUTP:DC:ISOL:STAT OFF;:FUNC:DCR:RANG:AUTO ON;:FUNC:IMP:RANG:AUTO ON;:OUTP:DC:ISOL:LEV:AUTO ON;:DISP:PAGE MEASurement;
"
175.0,0.591949476,520.5174716,5.64453e-06,0.00468552
175.0,0.5907775256,519.2699788,5.63337e-06,0.00468509
175.0,0.5912746245,517.9458977,5.64147e-06,0.00468449
175.0,0.5924599615,517.4768526,5.63758e-06,0.00468548
175.0,0.5918256817,518.7728562,5.64361e-06,0.00468577
175.0,0.5919088319,519.1207613,5.62308e-06,0.00468577
175.0,0.5914782625,518.8538249,5.64591e-06,0.00468577
175.0,0.5908879026,516.7258323,5.63458e-06,0.00468579
175.0,0.5909358953,516.5953018,5.63391e-06,0.00468536
175.0,0.5914655265,519.3599179,5.63274e-06,0.00468537
175.0,0.5917535014,517.6533977,5.64102e-06,0.00468536
175.0,0.5905737516,517.678751,5.64046e-06,0.00468383
175.0,0.5908682187,519.2439354,5.64602e-06,0.00468582
175.0,0.5916944969,518.5520129,5.64234e-06,0.00468654
175.0,0.5916928606,518.088734,5.6424e-06,0.0046855
175.0,0.5931060979,517.450372,5.63339e-06,0.00468565
Freq,175,Rs,518.3316186312501,1.0608632923012284,Ls,0.59154078845,0.0006639965225837684
":SOUR:DCS:STAT OFF;:BIAS:STAT OFF;:COMP:BIN:COUN:CLE;:LIST:CLE:ALL;:COMP:BIN:CLE;:AMPL:ALC OFF;:APER MED,4;:BIAS:POL:AUTO OFF;:BIAS:RANG:AUTO ON;:BIAS:VOLT:LEV 0;:COMP:ABIN OFF;:COMP:BIN:COUN:STAT OFF;:COMP:MODE PTOL;:COMP:SLIM -9.9e+037,9.9e+037;:COMP:STAT OFF;:COMP:SWAP OFF;:COMP:TOL:NOM 0;:CURR:LEV 5e-005;:DISP:ENAB ON;:DISP:LINE """";:DISP:WIND:TEXT1:DATA:FMSD:DATA 1e-009;:DISP:WIND:TEXT2:DATA:FMSD:DATA 1e-009;:FORM:ASC:LONG ON;:FORM:BORD NORM;:FORM:DATA ASC,64;:FREQ:CW 175;:FUNC:DEV1:MODE OFF;:FUNC:DEV1:REF:VAL 0;:FUNC:DEV2:MODE OFF;:FUNC:DEV2:REF:VAL 0;:FUNC:IMP:TYPE LSRS;:FUNC:SMON:IDC:STAT OFF;:FUNC:SMON:VDC:STAT OFF;:INIT:CONT OFF;:LIST:MODE SEQ;:LIST:STIM:TYPE FREQ,NONE;:SOUR:DCS:VOLT:LEV 0;:TRIG:DEL 0;:TRIG:SOUR INT;:TRIG:TDEL 0;:DISP:WIND:TEXT1:DATA:FMSD:STAT OFF;:DISP:WIND:TEXT2:DATA:FMSD:STAT OFF;:FUNC:DCR:RANG:VAL 100;:FUNC:IMP:RANG:VAL 300;:OUTP:DC:ISOL:LEV:VAL 0.002;:OUTP:DC:ISOL:STAT OFF;:FUNC:DCR:RANG:AUTO ON;:FUNC:IMP:RANG:AUTO ON;:OUTP:DC:ISOL:LEV:AUTO ON;:DISP:PAGE MEASurement;
"
180.0,0.5936337102,521.6576881,5.49738e-06,0.00469965
180.0,0.5971855238,522.3973613,5.50171e-06,0.00470015
180.0,0.5959936473,525.1668152,5.49491e-06,0.00469939
180.0,0.5942249081,526.3063705,5.50154e-06,0.00469968
180.0,0.59613219,525.88009,5.51241e-06,0.00469967
180.0,0.5936270866,524.392176,5.52356e-06,0.00469992
180.0,0.5949234292,521.1301526,5.52974e-06,0.00470085
180.0,0.5952340863,522.0541735,5.49919e-06,0.00469921
180.0,0.5932398626,522.4257682,5.50696e-06,0.0046989
180.0,0.5962607554,522.2421241,5.50972e-06,0.00469895
180.0,0.5982132518,523.3926997,5.50274e-06,0.00469978
180.0,0.5979546948,521.310875,5.51662e-06,0.00469918
180.0,0.5969373191,520.9604433,5.49665e-06,0.00469944
180.0,0.59729053,523.9937609,5.50585e-06,0.00469938
180.0,0.5949781539,523.6063039,5.50448e-06,0.00470058
180.0,0.5938371748,523.7952076,5.51926e-06,0.00469905
Freq,180,Rs,523.1695006187499,1.6736235525205612,Ls,0.5956041452437499,0.001627146270694903
":SOUR:DCS:STAT OFF;:BIAS:STAT OFF;:COMP:BIN:COUN:CLE;:LIST:CLE:ALL;:COMP:BIN:CLE;:AMPL:ALC OFF;:APER MED,4;:BIAS:POL:AUTO OFF;:BIAS:RANG:AUTO ON;:BIAS:VOLT:LEV 0;:COMP:ABIN OFF;:COMP:BIN:COUN:STAT OFF;:COMP:MODE PTOL;:COMP:SLIM -9.9e+037,9.9e+037;:COMP:STAT OFF;:COMP:SWAP OFF;:COMP:TOL:NOM 0;:CURR:LEV 5e-005;:DISP:ENAB ON;:DISP:LINE """";:DISP:WIND:TEXT1:DATA:FMSD:DATA 1e-009;:DISP:WIND:TEXT2:DATA:FMSD:DATA 1e-009;:FORM:ASC:LONG ON;:FORM:BORD NORM;:FORM:DATA ASC,64;:FREQ:CW 180;:FUNC:DEV1:MODE OFF;:FUNC:DEV1:REF:VAL 0;:FUNC:DEV2:MODE OFF;:FUNC:DEV2:REF:VAL 0;:FUNC:IMP:TYPE LSRS;:FUNC:SMON:IDC:STAT OFF;:FUNC:SMON:VDC:STAT OFF;:INIT:CONT OFF;:LIST:MODE SEQ;:LIST:STIM:TYPE FREQ,NONE;:SOUR:DCS:VOLT:LEV 0;:TRIG:DEL 0;:TRIG:SOUR INT;:TRIG:TDEL 0;:DISP:WIND:TEXT1:DATA:FMSD:STAT OFF;:DISP:WIND:TEXT2:DATA:FMSD:STAT OFF;:FUNC:DCR:RANG:VAL 100;:FUNC:IMP:RANG:VAL 300;:OUTP:DC:ISOL:LEV:VAL 0.002;:OUTP:DC:ISOL:STAT OFF;:FUNC:DCR:RANG:AUTO ON;:FUNC:IMP:RANG:AUTO ON;:OUTP:DC:ISOL:LEV:AUTO ON;:DISP:PAGE MEASurement;
"
185.0,0.6042252412,533.9145582,5.37372e-06,0.0047132
185.0,0.5992287001,534.2029655,5.35417e-06,0.00471497
185.0,0.6030572613,529.7265768,5.37324e-06,0.00471361
185.0,0.6024120003,527.563646,5.36162e-06,0.00471337
185.0,0.6033134683,532.0740134,5.36744e-06,0.00471428
185.0,0.6037257093,534.8550045,5.36391e-06,0.00471186
185.0,0.6021082492,530.940496,5.35394e-06,0.00471291
185.0,0.6033239036,530.9379949,5.37237e-06,0.00471526
185.0,0.6021551248,532.3773626,5.35949e-06,0.00471391
185.0,0.5998451287,530.718645,5.36699e-06,0.00471374
185.0,0.6026194796,533.3048834,5.36356e-06,0.00471228
185.0,0.6020419459,533.6154618,5.3638e-06,0.00471351
185.0,0.6019935262,529.3504635,5.36312e-06,0.00471305
185.0,0.6023394929,534.1200452,5.36271e-06,0.00471587
185.0,0.6039879517,532.6946612,5.35214e-06,0.0047139
185.0,0.6020266537,532.0747349,5.36189e-06,0.00471387
Freq,185,Rs,532.02946955625,2.0307765739834895,Ls,0.6024002397999999,0.0013402734857511018
":SOUR:DCS:STAT OFF;:BIAS:STAT OFF;:COMP:BIN:COUN:CLE;:LIST:CLE:ALL;:COMP:BIN:CLE;:AMPL:ALC OFF;:APER MED,4;:BIAS:POL:AUTO OFF;:BIAS:RANG:AUTO ON;:BIAS:VOLT:LEV 0;:COMP:ABIN OFF;:COMP:BIN:COUN:STAT OFF;:COMP:MODE PTOL;:COMP:SLIM -9.9e+037,9.9e+037;:COMP:STAT OFF;:COMP:SWAP OFF;:COMP:TOL:NOM 0;:CURR:LEV 5e-005;:DISP:ENAB ON;:DISP:LINE """";:DISP:WIND:TEXT1:DATA:FMSD:DATA 1e-009;:DISP:WIND:TEXT2:DATA:FMSD:DATA 1e-009;:FORM:ASC:LONG ON;:FORM:BORD NORM;:FORM:DATA ASC,64;:FREQ:CW 185;:FUNC:DEV1:MODE OFF;:FUNC:DEV1:REF:VAL 0;:FUNC:DEV2:MODE OFF;:FUNC:DEV2:REF:VAL 0;:FUNC:IMP:TYPE LSRS;:FUNC:SMON:IDC:STAT OFF;:FUNC:SMON:VDC:STAT OFF;:INIT:CONT OFF;:LIST:MODE SEQ;:LIST:STIM:TYPE FREQ,NONE;:SOUR:DCS:VOLT:LEV 0;:TRIG:DEL 0;:TRIG:SOUR INT;:TRIG:TDEL 0;:DISP:WIND:TEXT1:DATA:FMSD:STAT OFF;:DISP:WIND:TEXT2:DATA:FMSD:STAT OFF;:FUNC:DCR:RANG:VAL 100;:FUNC:IMP:RANG:VAL 300;:OUTP:DC:ISOL:LEV:VAL 0.002;:OUTP:DC:ISOL:STAT OFF;:FUNC:DCR:RANG:AUTO ON;:FUNC:IMP:RANG:AUTO ON;:OUTP:DC:ISOL:LEV:AUTO ON;:DISP:PAGE MEASurement;
"
200.0,0.584618646,558.0241159,5.12045e-06,0.00472466
200.0,0.584625308,557.7689943,5.11868e-06,0.0047227
200.0,0.5843971056,558.7074587,5.11697e-06,0.00472481
200.0,0.5842779118,557.6235866,5.12138e-06,0.00472418
200.0,0.5852006625,557.1979245,5.12058e-06,0.0047244
200.0,0.5855242223,556.5489354,5.11667e-06,0.0047254
200.0,0.5854412265,554.7297863,5.12249e-06,0.00472338
200.0,0.5848713282,557.9879995,5.12029e-06,0.0047256
200.0,0.5853109341,556.6167361,5.1222e-06,0.0047245
200.0,0.5861651253,557.736467,5.11822e-06,0.00472442
200.0,0.5857431925,556.6848121,5.12859e-06,0.00472335
200.0,0.5851617693,557.7535647,5.11761e-06,0.00472341
200.0,0.5847825644,557.6160203,5.11808e-06,0.00472496
200.0,0.5836130299,557.4043058,5.1237e-06,0.00472321
200.0,0.583818981,558.454368,5.11309e-06,0.00472441
200.0,0.5849272908,559.0467197,5.12184e-06,0.00472426
Freq,200,Rs,557.49386218125,1.020403843905285,Ls,0.5849049561374999,0.0006809921447886446
":SOUR:DCS:STAT OFF;:BIAS:STAT OFF;:COMP:BIN:COUN:CLE;:LIST:CLE:ALL;:COMP:BIN:CLE;:AMPL:ALC OFF;:APER MED,4;:BIAS:POL:AUTO OFF;:BIAS:RANG:AUTO ON;:BIAS:VOLT:LEV 0;:COMP:ABIN OFF;:COMP:BIN:COUN:STAT OFF;:COMP:MODE PTOL;:COMP:SLIM -9.9e+037,9.9e+037;:COMP:STAT OFF;:COMP:SWAP OFF;:COMP:TOL:NOM 0;:CURR:LEV 5e-005;:DISP:ENAB ON;:DISP:LINE """";:DISP:WIND:TEXT1:DATA:FMSD:DATA 1e-009;:DISP:WIND:TEXT2:DATA:FMSD:DATA 1e-009;:FORM:ASC:LONG ON;:FORM:BORD NORM;:FORM:DATA ASC,64;:FREQ:CW 200;:FUNC:DEV1:MODE OFF;:FUNC:DEV1:REF:VAL 0;:FUNC:DEV2:MODE OFF;:FUNC:DEV2:REF:VAL 0;:FUNC:IMP:TYPE LSRS;:FUNC:SMON:IDC:STAT OFF;:FUNC:SMON:VDC:STAT OFF;:INIT:CONT OFF;:LIST:MODE SEQ;:LIST:STIM:TYPE FREQ,NONE;:SOUR:DCS:VOLT:LEV 0;:TRIG:DEL 0;:TRIG:SOUR INT;:TRIG:TDEL 0;:DISP:WIND:TEXT1:DATA:FMSD:STAT OFF;:DISP:WIND:TEXT2:DATA:FMSD:STAT OFF;:FUNC:DCR:RANG:VAL 100;:FUNC:IMP:RANG:VAL 300;:OUTP:DC:ISOL:LEV:VAL 0.002;:OUTP:DC:ISOL:STAT OFF;:FUNC:DCR:RANG:AUTO ON;:FUNC:IMP:RANG:AUTO ON;:OUTP:DC:ISOL:LEV:AUTO ON;:DISP:PAGE MEASurement;
"
220.0,0.5866290739,570.1933508,4.80275e-06,0.00476127
220.0,0.5876108638,570.8400956,4.79128e-06,0.00476013
220.0,0.5864677129,572.4295728,4.80504e-06,0.00475961
220.0,0.5869345685,570.2688857,4.79719e-06,0.00476054
220.0,0.5862850395,571.7415106,4.79833e-06,0.0047596
220.0,0.5868616837,571.9028749,4.79645e-06,0.00475946
220.0,0.5873024882,571.0122463,4.798e-06,0.00475805
220.0,0.5874547352,570.7356398,4.79798e-06,0.00475908
220.0,0.5859179498,570.8811793,4.79914e-06,0.00475912
220.0,0.5885310696,571.3095237,4.78919e-06,0.00475977
220.0,0.5865582094,571.1802421,4.79104e-06,0.00475878
220.0,0.5874574705,571.3667583,4.79817e-06,0.0047594
220.0,0.5867882699,569.8384006,4.80014e-06,0.00475938
220.0,0.5870022438,570.5517163,4.80186e-06,0.00475956
220.0,0.5851218526,570.3157131,4.80044e-06,0.00476011
220.0,0.5866931526,570.5123374,4.79216e-06,0.00476001
Freq,220,Rs,570.94250295625,0.6913695876182965,Ls,0.58685102399375,0.0007684497690963729
":SOUR:DCS:STAT OFF;:BIAS:STAT OFF;:COMP:BIN:COUN:CLE;:LIST:CLE:ALL;:COMP:BIN:CLE;:AMPL:ALC OFF;:APER MED,4;:BIAS:POL:AUTO OFF;:BIAS:RANG:AUTO ON;:BIAS:VOLT:LEV 0;:COMP:ABIN OFF;:COMP:BIN:COUN:STAT OFF;:COMP:MODE PTOL;:COMP:SLIM -9.9e+037,9.9e+037;:COMP:STAT OFF;:COMP:SWAP OFF;:COMP:TOL:NOM 0;:CURR:LEV 5e-005;:DISP:ENAB ON;:DISP:LINE """";:DISP:WIND:TEXT1:DATA:FMSD:DATA 1e-009;:DISP:WIND:TEXT2:DATA:FMSD:DATA 1e-009;:FORM:ASC:LONG ON;:FORM:BORD NORM;:FORM:DATA ASC,64;:FREQ:CW 220;:FUNC:DEV1:MODE OFF;:FUNC:DEV1:REF:VAL 0;:FUNC:DEV2:MODE OFF;:FUNC:DEV2:REF:VAL 0;:FUNC:IMP:TYPE LSRS;:FUNC:SMON:IDC:STAT OFF;:FUNC:SMON:VDC:STAT OFF;:INIT:CONT OFF;:LIST:MODE SEQ;:LIST:STIM:TYPE FREQ,NONE;:SOUR:DCS:VOLT:LEV 0;:TRIG:DEL 0;:TRIG:SOUR INT;:TRIG:TDEL 0;:DISP:WIND:TEXT1:DATA:FMSD:STAT OFF;:DISP:WIND:TEXT2:DATA:FMSD:STAT OFF;:FUNC:DCR:RANG:VAL 100;:FUNC:IMP:RANG:VAL 300;:OUTP:DC:ISOL:LEV:VAL 0.002;:OUTP:DC:ISOL:STAT OFF;:FUNC:DCR:RANG:AUTO ON;:FUNC:IMP:RANG:AUTO ON;:OUTP:DC:ISOL:LEV:AUTO ON;:DISP:PAGE MEASurement;
"
240.0,0.5902646814,602.3842151,4.47148e-06,0.00478496
240.0,0.5887592353,599.62302,4.46136e-06,0.0047831
240.0,0.5908897216,599.8337699,4.4657e-06,0.00478292
240.0,0.5898686668,598.6742978,4.45777e-06,0.00478318
240.0,0.5894699385,599.9383414,4.46267e-06,0.00478297
240.0,0.5894732863,600.2083506,4.46871e-06,0.00478272
240.0,0.5904404843,600.7221461,4.47026e-06,0.00478341
240.0,0.5887318939,599.6638236,4.46002e-06,0.00478296
240.0,0.5898347517,598.5736912,4.45616e-06,0.0047829
240.0,0.5892151435,599.0319289,4.47011e-06,0.00478316
240.0,0.5893711918,598.7433942,4.46313e-06,0.0047828
240.0,0.5886120471,598.9297069,4.46586e-06,0.00478288
240.0,0.589303044,601.5505693,4.46218e-06,0.00478257
240.0,0.589685143,599.4527272,4.45619e-06,0.00478411
240.0,0.5894695181,599.779649,4.459e-06,0.00478414
240.0,0.588764681,601.4726896,4.45967e-06,0.00478397
Freq,240,Rs,599.91139505,1.1190790276588647,Ls,0.58950958926875,0.000647472093327896
":SOUR:DCS:STAT OFF;:BIAS:STAT OFF;:COMP:BIN:COUN:CLE;:LIST:CLE:ALL;:COMP:BIN:CLE;:AMPL:ALC OFF;:APER MED,4;:BIAS:POL:AUTO OFF;:BIAS:RANG:AUTO ON;:BIAS:VOLT:LEV 0;:COMP:ABIN OFF;:COMP:BIN:COUN:STAT OFF;:COMP:MODE PTOL;:COMP:SLIM -9.9e+037,9.9e+037;:COMP:STAT OFF;:COMP:SWAP OFF;:COMP:TOL:NOM 0;:CURR:LEV 5e-005;:DISP:ENAB ON;:DISP:LINE """";:DISP:WIND:TEXT1:DATA:FMSD:DATA 1e-009;:DISP:WIND:TEXT2:DATA:FMSD:DATA 1e-009;:FORM:ASC:LONG ON;:FORM:BORD NORM;:FORM:DATA ASC,64;:FREQ:CW 240;:FUNC:DEV1:MODE OFF;:FUNC:DEV1:REF:VAL 0;:FUNC:DEV2:MODE OFF;:FUNC:DEV2:REF:VAL 0;:FUNC:IMP:TYPE LSRS;:FUNC:SMON:IDC:STAT OFF;:FUNC:SMON:VDC:STAT OFF;:INIT:CONT OFF;:LIST:MODE SEQ;:LIST:STIM:TYPE FREQ,NONE;:SOUR:DCS:VOLT:LEV 0;:TRIG:DEL 0;:TRIG:SOUR INT;:TRIG:TDEL 0;:DISP:WIND:TEXT1:DATA:FMSD:STAT OFF;:DISP:WIND:TEXT2:DATA:FMSD:STAT OFF;:FUNC:DCR:RANG:VAL 100;:FUNC:IMP:RANG:VAL 1000;:OUTP:DC:ISOL:LEV:VAL 0.002;:OUTP:DC:ISOL:STAT OFF;:FUNC:DCR:RANG:AUTO ON;:FUNC:IMP:RANG:AUTO ON;:OUTP:DC:ISOL:LEV:AUTO ON;:DISP:PAGE MEASurement;
"
400.0,0.4736916009,823.1168963,3.35639e-06,0.00485448
400.0,0.4735654288,822.4292945,3.35399e-06,0.00485411
400.0,0.4736047311,821.9100215,3.35513e-06,0.00485463
400.0,0.4733044764,822.9697492,3.35625e-06,0.0048544
400.0,0.4735465442,822.9738002,3.35343e-06,0.00485445
400.0,0.4737375523,823.290934,3.35716e-06,0.00485451
400.0,0.4734926876,822.0933647,3.3534e-06,0.00485428
400.0,0.4741632646,822.8397675,3.35501e-06,0.00485476
400.0,0.4736360628,823.0667205,3.3587e-06,0.00485397
400.0,0.4740057802,823.3114369,3.35289e-06,0.00485465
400.0,0.4735557653,823.0334128,3.35583e-06,0.00485464
400.0,0.4734216755,823.0022285,3.35551e-06,0.00485452
400.0,0.4737321203,822.8570041,3.35448e-06,0.00485409
400.0,0.4734085262,822.7993633,3.35404e-06,0.00485471
400.0,0.4739806773,823.0975398,3.35331e-06,0.00485398
400.0,0.4736461131,824.0503914,3.35635e-06,0.00485461
Freq,400,Rs,822.927620325,0.49353234864157874,Ls,0.47365581291250003,0.00023072874987860914
":SOUR:DCS:STAT OFF;:BIAS:STAT OFF;:COMP:BIN:COUN:CLE;:LIST:CLE:ALL;:COMP:BIN:CLE;:AMPL:ALC OFF;:APER MED,4;:BIAS:POL:AUTO OFF;:BIAS:RANG:AUTO ON;:BIAS:VOLT:LEV 0;:COMP:ABIN OFF;:COMP:BIN:COUN:STAT OFF;:COMP:MODE PTOL;:COMP:SLIM -9.9e+037,9.9e+037;:COMP:STAT OFF;:COMP:SWAP OFF;:COMP:TOL:NOM 0;:CURR:LEV 5e-005;:DISP:ENAB ON;:DISP:LINE """";:DISP:WIND:TEXT1:DATA:FMSD:DATA 1e-009;:DISP:WIND:TEXT2:DATA:FMSD:DATA 1e-009;:FORM:ASC:LONG ON;:FORM:BORD NORM;:FORM:DATA ASC,64;:FREQ:CW 400;:FUNC:DEV1:MODE OFF;:FUNC:DEV1:REF:VAL 0;:FUNC:DEV2:MODE OFF;:FUNC:DEV2:REF:VAL 0;:FUNC:IMP:TYPE LSRS;:FUNC:SMON:IDC:STAT OFF;:FUNC:SMON:VDC:STAT OFF;:INIT:CONT OFF;:LIST:MODE SEQ;:LIST:STIM:TYPE FREQ,NONE;:SOUR:DCS:VOLT:LEV 0;:TRIG:DEL 0;:TRIG:SOUR INT;:TRIG:TDEL 0;:DISP:WIND:TEXT1:DATA:FMSD:STAT OFF;:DISP:WIND:TEXT2:DATA:FMSD:STAT OFF;:FUNC:DCR:RANG:VAL 100;:FUNC:IMP:RANG:VAL 1000;:OUTP:DC:ISOL:LEV:VAL 0.002;:OUTP:DC:ISOL:STAT OFF;:FUNC:DCR:RANG:AUTO ON;:FUNC:IMP:RANG:AUTO ON;:OUTP:DC:ISOL:LEV:AUTO ON;:DISP:PAGE MEASurement;
"
800.0,0.4094386528,1193.888723,2.06902e-06,0.00492089
800.0,0.4094498467,1193.962422,2.0684e-06,0.0049207
800.0,0.4092628031,1193.968051,2.06808e-06,0.00492076
800.0,0.4094445616,1193.275857,2.0687e-06,0.00492065
800.0,0.4094478959,1193.864798,2.06855e-06,0.00492082
800.0,0.409319313,1193.769368,2.06801e-06,0.00492059
800.0,0.4093942587,1193.774001,2.06889e-06,0.00492112
800.0,0.4095860935,1193.120207,2.06877e-06,0.00492047
800.0,0.4093521869,1193.658515,2.06827e-06,0.00492117
800.0,0.4094607889,1193.578331,2.06918e-06,0.00492078
800.0,0.4093818711,1193.699735,2.06896e-06,0.00492077
800.0,0.4093375484,1194.497563,2.06861e-06,0.00492072
800.0,0.4094836893,1192.473112,2.06902e-06,0.00492094
800.0,0.4093419544,1193.121126,2.06844e-06,0.00492066
800.0,0.4095176336,1194.513486,2.06857e-06,0.00492086
800.0,0.409483574,1193.171073,2.06871e-06,0.00492086
Freq,800,Rs,1193.646023,0.5239417322821497,Ls,0.40941891699375,8.324089068779103e-05
":SOUR:DCS:STAT OFF;:BIAS:STAT OFF;:COMP:BIN:COUN:CLE;:LIST:CLE:ALL;:COMP:BIN:CLE;:AMPL:ALC OFF;:APER MED,4;:BIAS:POL:AUTO OFF;:BIAS:RANG:AUTO ON;:BIAS:VOLT:LEV 0;:COMP:ABIN OFF;:COMP:BIN:COUN:STAT OFF;:COMP:MODE PTOL;:COMP:SLIM -9.9e+037,9.9e+037;:COMP:STAT OFF;:COMP:SWAP OFF;:COMP:TOL:NOM 0;:CURR:LEV 5e-005;:DISP:ENAB ON;:DISP:LINE """";:DISP:WIND:TEXT1:DATA:FMSD:DATA 1e-009;:DISP:WIND:TEXT2:DATA:FMSD:DATA 1e-009;:FORM:ASC:LONG ON;:FORM:BORD NORM;:FORM:DATA ASC,64;:FREQ:CW 800;:FUNC:DEV1:MODE OFF;:FUNC:DEV1:REF:VAL 0;:FUNC:DEV2:MODE OFF;:FUNC:DEV2:REF:VAL 0;:FUNC:IMP:TYPE LSRS;:FUNC:SMON:IDC:STAT OFF;:FUNC:SMON:VDC:STAT OFF;:INIT:CONT OFF;:LIST:MODE SEQ;:LIST:STIM:TYPE FREQ,NONE;:SOUR:DCS:VOLT:LEV 0;:TRIG:DEL 0;:TRIG:SOUR INT;:TRIG:TDEL 0;:DISP:WIND:TEXT1:DATA:FMSD:STAT OFF;:DISP:WIND:TEXT2:DATA:FMSD:STAT OFF;:FUNC:DCR:RANG:VAL 100;:FUNC:IMP:RANG:VAL 1000;:OUTP:DC:ISOL:LEV:VAL 0.002;:OUTP:DC:ISOL:STAT OFF;:FUNC:DCR:RANG:AUTO ON;:FUNC:IMP:RANG:AUTO ON;:OUTP:DC:ISOL:LEV:AUTO ON;:DISP:PAGE MEASurement;
"
1000.0,0.3829998498,1379.866925,1.77365e-06,0.00491999
1000.0,0.3829466195,1379.557634,1.77415e-06,0.0049202
1000.0,0.382925323,1379.590871,1.77351e-06,0.00491976
1000.0,0.3830372962,1380.083927,1.77332e-06,0.00491998
1000.0,0.3830454613,1379.606169,1.77393e-06,0.00491989
1000.0,0.3830351188,1380.373332,1.77385e-06,0.00491969
1000.0,0.382994453,1380.247524,1.77293e-06,0.0049198
1000.0,0.3828328827,1379.953808,1.77374e-06,0.00492005
1000.0,0.3829551434,1379.29298,1.77347e-06,0.00492022
1000.0,0.3829403355,1379.88684,1.77358e-06,0.00492
1000.0,0.3829268628,1380.030249,1.77451e-06,0.00491994
1000.0,0.3829758615,1379.764059,1.77378e-06,0.00491991
1000.0,0.3829890006,1379.654912,1.77358e-06,0.00491999
1000.0,0.3830083487,1379.681256,1.77401e-06,0.00491983
1000.0,0.3829981388,1380.198808,1.77349e-06,0.00491968
1000.0,0.3829021176,1380.100567,1.77407e-06,0.0049196
Freq,1000,Rs,1379.8681163125,0.29518388646552696,Ls,0.382969550825,5.628531269015215e-05
":SOUR:DCS:STAT OFF;:BIAS:STAT OFF;:COMP:BIN:COUN:CLE;:LIST:CLE:ALL;:COMP:BIN:CLE;:AMPL:ALC OFF;:APER MED,4;:BIAS:POL:AUTO OFF;:BIAS:RANG:AUTO ON;:BIAS:VOLT:LEV 0;:COMP:ABIN OFF;:COMP:BIN:COUN:STAT OFF;:COMP:MODE PTOL;:COMP:SLIM -9.9e+037,9.9e+037;:COMP:STAT OFF;:COMP:SWAP OFF;:COMP:TOL:NOM 0;:CURR:LEV 5e-005;:DISP:ENAB ON;:DISP:LINE """";:DISP:WIND:TEXT1:DATA:FMSD:DATA 1e-009;:DISP:WIND:TEXT2:DATA:FMSD:DATA 1e-009;:FORM:ASC:LONG ON;:FORM:BORD NORM;:FORM:DATA ASC,64;:FREQ:CW 1000;:FUNC:DEV1:MODE OFF;:FUNC:DEV1:REF:VAL 0;:FUNC:DEV2:MODE OFF;:FUNC:DEV2:REF:VAL 0;:FUNC:IMP:TYPE LSRS;:FUNC:SMON:IDC:STAT OFF;:FUNC:SMON:VDC:STAT OFF;:INIT:CONT OFF;:LIST:MODE SEQ;:LIST:STIM:TYPE FREQ,NONE;:SOUR:DCS:VOLT:LEV 0;:TRIG:DEL 0;:TRIG:SOUR INT;:TRIG:TDEL 0;:DISP:WIND:TEXT1:DATA:FMSD:STAT OFF;:DISP:WIND:TEXT2:DATA:FMSD:STAT OFF;:FUNC:DCR:RANG:VAL 100;:FUNC:IMP:RANG:VAL 1000;:OUTP:DC:ISOL:LEV:VAL 0.002;:OUTP:DC:ISOL:STAT OFF;:FUNC:DCR:RANG:AUTO ON;:FUNC:IMP:RANG:AUTO ON;:OUTP:DC:ISOL:LEV:AUTO ON;:DISP:PAGE MEASurement;
"
":SOUR:DCS:STAT OFF;:BIAS:STAT OFF;:COMP:BIN:COUN:CLE;:LIST:CLE:ALL;:COMP:BIN:CLE;:AMPL:ALC OFF;:APER MED,4;:BIAS:POL:AUTO OFF;:BIAS:RANG:AUTO ON;:BIAS:VOLT:LEV 0;:COMP:ABIN OFF;:COMP:BIN:COUN:STAT OFF;:COMP:MODE PTOL;:COMP:SLIM -9.9e+037,9.9e+037;:COMP:STAT OFF;:COMP:SWAP OFF;:COMP:TOL:NOM 0;:CURR:LEV 5e-005;:DISP:ENAB ON;:DISP:LINE """";:DISP:WIND:TEXT1:DATA:FMSD:DATA 1e-009;:DISP:WIND:TEXT2:DATA:FMSD:DATA 1e-009;:FORM:ASC:LONG ON;:FORM:BORD NORM;:FORM:DATA ASC,64;:FREQ:CW 1000;:FUNC:DEV1:MODE OFF;:FUNC:DEV1:REF:VAL 0;:FUNC:DEV2:MODE OFF;:FUNC:DEV2:REF:VAL 0;:FUNC:IMP:TYPE LSRS;:FUNC:SMON:IDC:STAT OFF;:FUNC:SMON:VDC:STAT OFF;:INIT:CONT OFF;:LIST:MODE SEQ;:LIST:STIM:TYPE FREQ,NONE;:SOUR:DCS:VOLT:LEV 0;:TRIG:DEL 0;:TRIG:SOUR INT;:TRIG:TDEL 0;:DISP:WIND:TEXT1:DATA:FMSD:STAT OFF;:DISP:WIND:TEXT2:DATA:FMSD:STAT OFF;:FUNC:DCR:RANG:VAL 100;:FUNC:IMP:RANG:VAL 1000;:OUTP:DC:ISOL:LEV:VAL 0.002;:OUTP:DC:ISOL:STAT OFF;:FUNC:DCR:RANG:AUTO ON;:FUNC:IMP:RANG:AUTO ON;:OUTP:DC:ISOL:LEV:AUTO ON;:DISP:PAGE MEASurement;
"
2024-05-06,12:12:54
---------run finished---------
Frequency,Resistance,uR,Inductance,uL
20,275.7299290625,0.6754265478323181,1.074186582875,0.0045192713897582735
25,284.21116109375,1.5085200534239374,1.0312959914375,0.0075241851030862505
30,292.321100675,1.0760475131362737,1.0025374830187501,0.005514666040112877
40,309.91953889375,2.1674551063306753,0.95758761108125,0.00850601384514123
53,330.28664752500003,2.2883694145527347,0.91664214384375,0.004720681316057989
60,342.66813054374995,1.2689310246136123,0.90109720594375,0.0017437908219315168
65,350.71575850625,1.5108757773356125,0.8925286556500001,0.0031430753465579125
80,375.49753349375,2.0108240958875845,0.8866087703625001,0.005285225881909982
90,433.008174525,4.37475435606986,0.8716531724687501,0.007714399804509186
95,420.08209140625,7.7888356048413,0.9099805035624999,0.014298119891592144
103,459.08506796250003,1.9587999015709692,0.93902348999375,0.003508774225385675
110,714.8287304875,3.585636376401862,0.78714658955,0.006676092983019686
115,548.0065604499999,3.041299561546958,0.7082729691062499,0.003544977344128315
120,539.51602020625,1.1825957837583343,0.6629437624,0.001879831194777687
122,513.98150291875,1.4737035413498267,0.73039078714375,0.0014975938802827232
125,549.8810327374999,2.310531668875705,0.8612936452375,0.0031442261511280063
130,920.9825540625,8.310059391963746,0.3143588402625,0.005461570697859834
132,634.4356468875001,2.226103808251322,0.30445961149375,0.003018332968617155
135,524.26235095625,1.3311766995979721,0.43027724641875,0.0017253004714062015
137,502.941235775,0.9284968331376497,0.48095005289375,0.0014705646505420477
140,491.4716427625,1.6170242073135022,0.52717333581875,0.001285475771226009
142,489.97165841875,0.9131259522974333,0.54872198719375,0.0009844569238638484
145,492.04706610625004,0.6055083414862985,0.57298635425,0.0007650786562125212
150,511.86818325625,0.9400764165851596,0.603937696775,0.000934065251917816
155,536.50610611875,0.8649499313193428,0.5690863171125,0.0007765889601485542
160,517.0060025062501,0.6576621242467623,0.57542879886875,0.0007623457834916501
165,516.5043679749999,0.6726404013650527,0.582388567925,0.0004857457607386615
170,516.58604616875,1.0540019898049466,0.58503517368125,0.0010814653048448804
172,516.7613986062499,0.8213264665269647,0.5872200147937501,0.00094003773621511
175,518.3316186312501,1.0608632923012284,0.59154078845,0.0006639965225837684
180,523.1695006187499,1.6736235525205612,0.5956041452437499,0.001627146270694903
185,532.02946955625,2.0307765739834895,0.6024002397999999,0.0013402734857511018
200,557.49386218125,1.020403843905285,0.5849049561374999,0.0006809921447886446
220,570.94250295625,0.6913695876182965,0.58685102399375,0.0007684497690963729
240,599.91139505,1.1190790276588647,0.58950958926875,0.000647472093327896
400,822.927620325,0.49353234864157874,0.47365581291250003,0.00023072874987860914
800,1193.646023,0.5239417322821497,0.40941891699375,8.324089068779103e-05
1000,1379.8681163125,0.29518388646552696,0.382969550825,5.628531269015215e-05
lcr name:,KeySight E4980A
Name and description of Resistor under test: ,"With weights beyond clamps, full wide frequency set"
2024-05-06,12:56:20
select the freq range,"[20, 25, 30, 40, 53, 60, 65, 80, 90, 95, 103, 105, 107, 110, 112, 115, 120, 122, 125, 127, 130, 132, 135, 137, 140, 142, 145, 150, 153, 155, 160, 165, 170, 172, 175, 180, 185, 200, 220, 240, 400, 800, 1000, 2000, 3000, 4000, 5000, 6000, 7000, 8000, 10000, 12000, 14000, 16000, 16500, 17000, 17500, 18000, 18500, 19000, 19500, 20000, 20500, 21000, 22000, 24000, 25000, 30000, 40000, 50000, 60000, 70000, 80000, 90000, 100000, 200000]"
20.0,1.082743151,275.0512947,1.25829e-05,0.00384795
20.0,1.073798374,275.144741,1.25475e-05,0.00385418
20.0,1.080303527,275.9350564,1.25478e-05,0.00385623
20.0,1.078338709,276.1111534,1.25283e-05,0.00385495
20.0,1.075999175,276.5451449,1.25856e-05,0.00385169
20.0,1.077190075,276.8330951,1.25042e-05,0.0038542
20.0,1.072855263,275.9509921,1.25553e-05,0.00385588
20.0,1.083014092,275.0768354,1.24989e-05,0.00385102
20.0,1.065004811,277.0603321,1.25298e-05,0.00385473
20.0,1.078535542,275.5081717,1.25513e-05,0.00386716
20.0,1.072838261,275.167648,1.25485e-05,0.00385414
20.0,1.074168773,275.6930729,1.25297e-05,0.00385537
20.0,1.070712632,276.0069919,1.25749e-05,0.00384986
20.0,1.07611583,275.4059529,1.2541e-05,0.00385231
20.0,1.076165034,275.8727356,1.25487e-05,0.00385717
20.0,1.075822825,275.9089049,1.25895e-05,0.00385231
Freq,20,Rs,275.8295076875,0.6087974036035669,Ls,1.075850379625,0.0044955796638503145
":SOUR:DCS:STAT OFF;:BIAS:STAT OFF;:COMP:BIN:COUN:CLE;:LIST:CLE:ALL;:COMP:BIN:CLE;:AMPL:ALC OFF;:APER MED,4;:BIAS:POL:AUTO OFF;:BIAS:RANG:AUTO ON;:BIAS:VOLT:LEV 0;:COMP:ABIN OFF;:COMP:BIN:COUN:STAT OFF;:COMP:MODE PTOL;:COMP:SLIM -9.9e+037,9.9e+037;:COMP:STAT OFF;:COMP:SWAP OFF;:COMP:TOL:NOM 0;:CURR:LEV 5e-005;:DISP:ENAB ON;:DISP:LINE """";:DISP:WIND:TEXT1:DATA:FMSD:DATA 1e-009;:DISP:WIND:TEXT2:DATA:FMSD:DATA 1e-009;:FORM:ASC:LONG ON;:FORM:BORD NORM;:FORM:DATA ASC,64;:FREQ:CW 20;:FUNC:DEV1:MODE OFF;:FUNC:DEV1:REF:VAL 0;:FUNC:DEV2:MODE OFF;:FUNC:DEV2:REF:VAL 0;:FUNC:IMP:TYPE LSRS;:FUNC:SMON:IDC:STAT OFF;:FUNC:SMON:VDC:STAT OFF;:INIT:CONT OFF;:LIST:MODE SEQ;:LIST:STIM:TYPE FREQ,NONE;:SOUR:DCS:VOLT:LEV 0;:TRIG:DEL 0;:TRIG:SOUR INT;:TRIG:TDEL 0;:DISP:WIND:TEXT1:DATA:FMSD:STAT OFF;:DISP:WIND:TEXT2:DATA:FMSD:STAT OFF;:FUNC:DCR:RANG:VAL 100;:FUNC:IMP:RANG:VAL 300;:OUTP:DC:ISOL:LEV:VAL 0.002;:OUTP:DC:ISOL:STAT OFF;:FUNC:DCR:RANG:AUTO ON;:FUNC:IMP:RANG:AUTO ON;:OUTP:DC:ISOL:LEV:AUTO ON;:DISP:PAGE MEASurement;
"
25.0,1.053783117,284.7993869,1.18979e-05,0.00389966
25.0,1.042128997,284.4531515,1.19135e-05,0.00390075
25.0,1.033759924,283.3477497,1.18823e-05,0.00389917
25.0,1.046462165,284.2838053,1.18676e-05,0.00390249
25.0,1.040287808,286.0943368,1.18994e-05,0.00390218
25.0,1.0389786,283.4322088,1.18873e-05,0.00390237
25.0,1.035279403,285.2844494,1.19528e-05,0.00388992
25.0,1.039010478,282.1785108,1.19297e-05,0.00390207
25.0,1.042376707,287.474081,1.18336e-05,0.00389871
25.0,1.03599566,283.3093179,1.19091e-05,0.00390098
25.0,1.041304483,285.6465986,1.19532e-05,0.00389927
25.0,1.04375792,283.6741114,1.19078e-05,0.0038995
25.0,1.044818872,282.8604129,1.1832e-05,0.00389192
25.0,1.04258208,285.8992178,1.19287e-05,0.0039028
25.0,1.038280418,284.2238429,1.18566e-05,0.00390223
25.0,1.033496344,284.1069233,1.19313e-05,0.00388553
Freq,25,Rs,284.4417565625,1.371986943829071,Ls,1.040768936,0.0051819200381962955
":SOUR:DCS:STAT OFF;:BIAS:STAT OFF;:COMP:BIN:COUN:CLE;:LIST:CLE:ALL;:COMP:BIN:CLE;:AMPL:ALC OFF;:APER MED,4;:BIAS:POL:AUTO OFF;:BIAS:RANG:AUTO ON;:BIAS:VOLT:LEV 0;:COMP:ABIN OFF;:COMP:BIN:COUN:STAT OFF;:COMP:MODE PTOL;:COMP:SLIM -9.9e+037,9.9e+037;:COMP:STAT OFF;:COMP:SWAP OFF;:COMP:TOL:NOM 0;:CURR:LEV 5e-005;:DISP:ENAB ON;:DISP:LINE """";:DISP:WIND:TEXT1:DATA:FMSD:DATA 1e-009;:DISP:WIND:TEXT2:DATA:FMSD:DATA 1e-009;:FORM:ASC:LONG ON;:FORM:BORD NORM;:FORM:DATA ASC,64;:FREQ:CW 25;:FUNC:DEV1:MODE OFF;:FUNC:DEV1:REF:VAL 0;:FUNC:DEV2:MODE OFF;:FUNC:DEV2:REF:VAL 0;:FUNC:IMP:TYPE LSRS;:FUNC:SMON:IDC:STAT OFF;:FUNC:SMON:VDC:STAT OFF;:INIT:CONT OFF;:LIST:MODE SEQ;:LIST:STIM:TYPE FREQ,NONE;:SOUR:DCS:VOLT:LEV 0;:TRIG:DEL 0;:TRIG:SOUR INT;:TRIG:TDEL 0;:DISP:WIND:TEXT1:DATA:FMSD:STAT OFF;:DISP:WIND:TEXT2:DATA:FMSD:STAT OFF;:FUNC:DCR:RANG:VAL 100;:FUNC:IMP:RANG:VAL 300;:OUTP:DC:ISOL:LEV:VAL 0.002;:OUTP:DC:ISOL:STAT OFF;:FUNC:DCR:RANG:AUTO ON;:FUNC:IMP:RANG:AUTO ON;:OUTP:DC:ISOL:LEV:AUTO ON;:DISP:PAGE MEASurement;
"
30.0,1.009948482,293.7426055,1.15306e-05,0.00404155
30.0,1.009327516,292.5344254,1.15579e-05,0.00403315
30.0,1.00473181,292.0174024,1.15181e-05,0.00403769
30.0,1.013277355,293.5402614,1.15167e-05,0.00402985
30.0,1.013388215,294.2494284,1.15445e-05,0.00402783
30.0,1.005275717,290.5258496,1.15385e-05,0.00403481
30.0,1.009507018,294.0519597,1.15872e-05,0.00404092
30.0,0.9993318344,292.2151844,1.16289e-05,0.00403979
30.0,1.012904081,291.4800749,1.14739e-05,0.00403306
30.0,1.008058705,292.4330478,1.15335e-05,0.00403233
30.0,0.9990852821,292.9331715,1.15594e-05,0.00403124
30.0,1.019189432,292.7033217,1.16212e-05,0.00402499
30.0,1.005430326,292.6656686,1.15303e-05,0.00403064
30.0,1.006641796,293.3109519,1.15651e-05,0.00403698
30.0,1.01016911,293.2086396,1.15463e-05,0.00403435
30.0,1.007634547,293.9460021,1.15796e-05,0.00403491
Freq,30,Rs,292.84737468125,0.997628779078301,Ls,1.00836882665625,0.005149707091026884
":SOUR:DCS:STAT OFF;:BIAS:STAT OFF;:COMP:BIN:COUN:CLE;:LIST:CLE:ALL;:COMP:BIN:CLE;:AMPL:ALC OFF;:APER MED,4;:BIAS:POL:AUTO OFF;:BIAS:RANG:AUTO ON;:BIAS:VOLT:LEV 0;:COMP:ABIN OFF;:COMP:BIN:COUN:STAT OFF;:COMP:MODE PTOL;:COMP:SLIM -9.9e+037,9.9e+037;:COMP:STAT OFF;:COMP:SWAP OFF;:COMP:TOL:NOM 0;:CURR:LEV 5e-005;:DISP:ENAB ON;:DISP:LINE """";:DISP:WIND:TEXT1:DATA:FMSD:DATA 1e-009;:DISP:WIND:TEXT2:DATA:FMSD:DATA 1e-009;:FORM:ASC:LONG ON;:FORM:BORD NORM;:FORM:DATA ASC,64;:FREQ:CW 30;:FUNC:DEV1:MODE OFF;:FUNC:DEV1:REF:VAL 0;:FUNC:DEV2:MODE OFF;:FUNC:DEV2:REF:VAL 0;:FUNC:IMP:TYPE LSRS;:FUNC:SMON:IDC:STAT OFF;:FUNC:SMON:VDC:STAT OFF;:INIT:CONT OFF;:LIST:MODE SEQ;:LIST:STIM:TYPE FREQ,NONE;:SOUR:DCS:VOLT:LEV 0;:TRIG:DEL 0;:TRIG:SOUR INT;:TRIG:TDEL 0;:DISP:WIND:TEXT1:DATA:FMSD:STAT OFF;:DISP:WIND:TEXT2:DATA:FMSD:STAT OFF;:FUNC:DCR:RANG:VAL 100;:FUNC:IMP:RANG:VAL 300;:OUTP:DC:ISOL:LEV:VAL 0.002;:OUTP:DC:ISOL:STAT OFF;:FUNC:DCR:RANG:AUTO ON;:FUNC:IMP:RANG:AUTO ON;:OUTP:DC:ISOL:LEV:AUTO ON;:DISP:PAGE MEASurement;
"
40.0,0.9733651728,310.1690165,1.05299e-05,0.00414648
40.0,0.9681750976,308.311132,1.05541e-05,0.00414271
40.0,0.9646084849,306.5512491,1.04912e-05,0.00415132
40.0,0.9730180095,307.3502552,1.05496e-05,0.0041493
40.0,0.9686435631,306.6880344,1.0531e-05,0.00415064
40.0,0.9588789691,306.9212902,1.04893e-05,0.00415183
40.0,0.9468791485,308.500087,1.05636e-05,0.00415276
40.0,0.9544886283,306.6413232,1.06402e-05,0.00416184
40.0,0.9539853627,312.7413456,1.05874e-05,0.00416207
40.0,0.9594999515,312.170761,1.0655e-05,0.00415568
40.0,0.9681107379,310.1735612,1.06396e-05,0.00415431
40.0,0.9737175988,309.3104349,1.05493e-05,0.00414495
40.0,0.9727541931,309.7887733,1.05493e-05,0.0041487
40.0,0.9609335413,306.7665383,1.0535e-05,0.00415425
40.0,0.948934416,310.8744414,1.05861e-05,0.00415556
40.0,0.952811856,312.4236286,1.06975e-05,0.00415575
Freq,40,Rs,309.08636699375006,2.195291990403188,Ls,0.96242529569375,0.009123572685660457
":SOUR:DCS:STAT OFF;:BIAS:STAT OFF;:COMP:BIN:COUN:CLE;:LIST:CLE:ALL;:COMP:BIN:CLE;:AMPL:ALC OFF;:APER MED,4;:BIAS:POL:AUTO OFF;:BIAS:RANG:AUTO ON;:BIAS:VOLT:LEV 0;:COMP:ABIN OFF;:COMP:BIN:COUN:STAT OFF;:COMP:MODE PTOL;:COMP:SLIM -9.9e+037,9.9e+037;:COMP:STAT OFF;:COMP:SWAP OFF;:COMP:TOL:NOM 0;:CURR:LEV 5e-005;:DISP:ENAB ON;:DISP:LINE """";:DISP:WIND:TEXT1:DATA:FMSD:DATA 1e-009;:DISP:WIND:TEXT2:DATA:FMSD:DATA 1e-009;:FORM:ASC:LONG ON;:FORM:BORD NORM;:FORM:DATA ASC,64;:FREQ:CW 40;:FUNC:DEV1:MODE OFF;:FUNC:DEV1:REF:VAL 0;:FUNC:DEV2:MODE OFF;:FUNC:DEV2:REF:VAL 0;:FUNC:IMP:TYPE LSRS;:FUNC:SMON:IDC:STAT OFF;:FUNC:SMON:VDC:STAT OFF;:INIT:CONT OFF;:LIST:MODE SEQ;:LIST:STIM:TYPE FREQ,NONE;:SOUR:DCS:VOLT:LEV 0;:TRIG:DEL 0;:TRIG:SOUR INT;:TRIG:TDEL 0;:DISP:WIND:TEXT1:DATA:FMSD:STAT OFF;:DISP:WIND:TEXT2:DATA:FMSD:STAT OFF;:FUNC:DCR:RANG:VAL 100;:FUNC:IMP:RANG:VAL 300;:OUTP:DC:ISOL:LEV:VAL 0.002;:OUTP:DC:ISOL:STAT OFF;:FUNC:DCR:RANG:AUTO ON;:FUNC:IMP:RANG:AUTO ON;:OUTP:DC:ISOL:LEV:AUTO ON;:DISP:PAGE MEASurement;
"
53.0,0.919860374,330.8352921,9.45564e-06,0.00426015
53.0,0.9205580039,330.9636784,9.47081e-06,0.00425617
53.0,0.9214280254,329.8498076,9.40827e-06,0.00426349
53.0,0.9181655918,332.1873717,9.44855e-06,0.00426121
53.0,0.9202554837,331.4580161,9.41958e-06,0.00425889
53.0,0.9152427527,329.0100385,9.41256e-06,0.00426804
53.0,0.918690165,332.6001228,9.43698e-06,0.00426094
53.0,0.9205377089,332.040778,9.43169e-06,0.00426161
53.0,0.9255205345,331.6361925,9.46829e-06,0.00426093
53.0,0.9248603961,330.4092621,9.47993e-06,0.00425701
53.0,0.9196638303,329.302428,9.47567e-06,0.00425884
53.0,0.914639107,330.1149073,9.43063e-06,0.00426091
53.0,0.9232427243,328.0587696,9.43196e-06,0.004255
53.0,0.919222195,331.0405876,9.43815e-06,0.0042644
53.0,0.9228931174,330.4030869,9.46667e-06,0.00426252
53.0,0.9280109208,329.8157994,9.42866e-06,0.004261
Freq,53,Rs,330.60788366250006,1.2367825926697074,Ls,0.920799433175,0.003529195459012594
":SOUR:DCS:STAT OFF;:BIAS:STAT OFF;:COMP:BIN:COUN:CLE;:LIST:CLE:ALL;:COMP:BIN:CLE;:AMPL:ALC OFF;:APER MED,4;:BIAS:POL:AUTO OFF;:BIAS:RANG:AUTO ON;:BIAS:VOLT:LEV 0;:COMP:ABIN OFF;:COMP:BIN:COUN:STAT OFF;:COMP:MODE PTOL;:COMP:SLIM -9.9e+037,9.9e+037;:COMP:STAT OFF;:COMP:SWAP OFF;:COMP:TOL:NOM 0;:CURR:LEV 5e-005;:DISP:ENAB ON;:DISP:LINE """";:DISP:WIND:TEXT1:DATA:FMSD:DATA 1e-009;:DISP:WIND:TEXT2:DATA:FMSD:DATA 1e-009;:FORM:ASC:LONG ON;:FORM:BORD NORM;:FORM:DATA ASC,64;:FREQ:CW 53;:FUNC:DEV1:MODE OFF;:FUNC:DEV1:REF:VAL 0;:FUNC:DEV2:MODE OFF;:FUNC:DEV2:REF:VAL 0;:FUNC:IMP:TYPE LSRS;:FUNC:SMON:IDC:STAT OFF;:FUNC:SMON:VDC:STAT OFF;:INIT:CONT OFF;:LIST:MODE SEQ;:LIST:STIM:TYPE FREQ,NONE;:SOUR:DCS:VOLT:LEV 0;:TRIG:DEL 0;:TRIG:SOUR INT;:TRIG:TDEL 0;:DISP:WIND:TEXT1:DATA:FMSD:STAT OFF;:DISP:WIND:TEXT2:DATA:FMSD:STAT OFF;:FUNC:DCR:RANG:VAL 100;:FUNC:IMP:RANG:VAL 300;:OUTP:DC:ISOL:LEV:VAL 0.002;:OUTP:DC:ISOL:STAT OFF;:FUNC:DCR:RANG:AUTO ON;:FUNC:IMP:RANG:AUTO ON;:OUTP:DC:ISOL:LEV:AUTO ON;:DISP:PAGE MEASurement;
"
60.0,0.8993286217,347.3390772,8.98083e-06,0.00433493
60.0,0.9028110432,341.7966327,8.97172e-06,0.00433444
60.0,0.9022147732,341.3865633,8.92555e-06,0.00432959
60.0,0.9075155884,342.8673854,8.93961e-06,0.00433138
60.0,0.9131699632,343.4264109,9.01363e-06,0.00433616
60.0,0.9048413781,339.860379,8.96466e-06,0.00433284
60.0,0.8993812583,340.9128717,8.93736e-06,0.00432917
60.0,0.9098042469,342.5788209,8.96022e-06,0.00433529
60.0,0.9069392327,341.1654289,8.95503e-06,0.00433441
60.0,0.8991854135,344.7387655,8.91152e-06,0.0043346
60.0,0.9044257596,342.4195796,8.97084e-06,0.00433418
60.0,0.9075969653,340.7865364,8.98019e-06,0.00433274
60.0,0.9036044139,340.6704824,8.95395e-06,0.0043323
60.0,0.8983747148,343.0454763,8.92943e-06,0.00433442
60.0,0.9053000687,344.0981909,8.96791e-06,0.00433103
60.0,0.9045426371,343.8031323,8.97034e-06,0.00433607
Freq,60,Rs,342.55598333750004,1.8836066283101485,Ls,0.9043147549125,0.004129072348865869
":SOUR:DCS:STAT OFF;:BIAS:STAT OFF;:COMP:BIN:COUN:CLE;:LIST:CLE:ALL;:COMP:BIN:CLE;:AMPL:ALC OFF;:APER MED,4;:BIAS:POL:AUTO OFF;:BIAS:RANG:AUTO ON;:BIAS:VOLT:LEV 0;:COMP:ABIN OFF;:COMP:BIN:COUN:STAT OFF;:COMP:MODE PTOL;:COMP:SLIM -9.9e+037,9.9e+037;:COMP:STAT OFF;:COMP:SWAP OFF;:COMP:TOL:NOM 0;:CURR:LEV 5e-005;:DISP:ENAB ON;:DISP:LINE """";:DISP:WIND:TEXT1:DATA:FMSD:DATA 1e-009;:DISP:WIND:TEXT2:DATA:FMSD:DATA 1e-009;:FORM:ASC:LONG ON;:FORM:BORD NORM;:FORM:DATA ASC,64;:FREQ:CW 60;:FUNC:DEV1:MODE OFF;:FUNC:DEV1:REF:VAL 0;:FUNC:DEV2:MODE OFF;:FUNC:DEV2:REF:VAL 0;:FUNC:IMP:TYPE LSRS;:FUNC:SMON:IDC:STAT OFF;:FUNC:SMON:VDC:STAT OFF;:INIT:CONT OFF;:LIST:MODE SEQ;:LIST:STIM:TYPE FREQ,NONE;:SOUR:DCS:VOLT:LEV 0;:TRIG:DEL 0;:TRIG:SOUR INT;:TRIG:TDEL 0;:DISP:WIND:TEXT1:DATA:FMSD:STAT OFF;:DISP:WIND:TEXT2:DATA:FMSD:STAT OFF;:FUNC:DCR:RANG:VAL 100;:FUNC:IMP:RANG:VAL 300;:OUTP:DC:ISOL:LEV:VAL 0.002;:OUTP:DC:ISOL:STAT OFF;:FUNC:DCR:RANG:AUTO ON;:FUNC:IMP:RANG:AUTO ON;:OUTP:DC:ISOL:LEV:AUTO ON;:DISP:PAGE MEASurement;
"
65.0,0.8970197797,350.9688907,8.68262e-06,0.00438267
65.0,0.9007023788,351.2441506,8.64034e-06,0.0043807
65.0,0.8975582393,348.8759653,8.67058e-06,0.00438437
65.0,0.8945653195,349.2795882,8.65932e-06,0.00437989
65.0,0.8954401524,351.3723565,8.64462e-06,0.00438543
65.0,0.8953240439,350.6249828,8.64343e-06,0.00438222
65.0,0.8990293264,352.2998707,8.66063e-06,0.00438133
65.0,0.8933819865,350.6871413,8.62511e-06,0.00438513
65.0,0.8918455678,350.3268809,8.65688e-06,0.00438162
65.0,0.8936871501,349.5517258,8.64913e-06,0.00438461
65.0,0.8982478962,352.0968112,8.64122e-06,0.00438349
65.0,0.8981579164,351.4517442,8.65022e-06,0.00437941
65.0,0.8946237853,348.3983736,8.63736e-06,0.00438181
65.0,0.8931914632,351.4899628,8.6178e-06,0.00438129
65.0,0.894882623,352.631982,8.66845e-06,0.00438719
65.0,0.8958910448,352.9770798,8.62918e-06,0.00438172
Freq,65,Rs,350.89234415,1.340440250871761,Ls,0.89584679208125,0.002414191401520494
":SOUR:DCS:STAT OFF;:BIAS:STAT OFF;:COMP:BIN:COUN:CLE;:LIST:CLE:ALL;:COMP:BIN:CLE;:AMPL:ALC OFF;:APER MED,4;:BIAS:POL:AUTO OFF;:BIAS:RANG:AUTO ON;:BIAS:VOLT:LEV 0;:COMP:ABIN OFF;:COMP:BIN:COUN:STAT OFF;:COMP:MODE PTOL;:COMP:SLIM -9.9e+037,9.9e+037;:COMP:STAT OFF;:COMP:SWAP OFF;:COMP:TOL:NOM 0;:CURR:LEV 5e-005;:DISP:ENAB ON;:DISP:LINE """";:DISP:WIND:TEXT1:DATA:FMSD:DATA 1e-009;:DISP:WIND:TEXT2:DATA:FMSD:DATA 1e-009;:FORM:ASC:LONG ON;:FORM:BORD NORM;:FORM:DATA ASC,64;:FREQ:CW 65;:FUNC:DEV1:MODE OFF;:FUNC:DEV1:REF:VAL 0;:FUNC:DEV2:MODE OFF;:FUNC:DEV2:REF:VAL 0;:FUNC:IMP:TYPE LSRS;:FUNC:SMON:IDC:STAT OFF;:FUNC:SMON:VDC:STAT OFF;:INIT:CONT OFF;:LIST:MODE SEQ;:LIST:STIM:TYPE FREQ,NONE;:SOUR:DCS:VOLT:LEV 0;:TRIG:DEL 0;:TRIG:SOUR INT;:TRIG:TDEL 0;:DISP:WIND:TEXT1:DATA:FMSD:STAT OFF;:DISP:WIND:TEXT2:DATA:FMSD:STAT OFF;:FUNC:DCR:RANG:VAL 100;:FUNC:IMP:RANG:VAL 300;:OUTP:DC:ISOL:LEV:VAL 0.002;:OUTP:DC:ISOL:STAT OFF;:FUNC:DCR:RANG:AUTO ON;:FUNC:IMP:RANG:AUTO ON;:OUTP:DC:ISOL:LEV:AUTO ON;:DISP:PAGE MEASurement;
"
80.0,0.894931341,373.5021356,7.69989e-06,0.00449898
80.0,0.8986084182,379.9178859,7.69015e-06,0.00449792
80.0,0.8920282936,378.9060941,7.69104e-06,0.00449612
80.0,0.8904777441,376.4383556,7.66052e-06,0.00449458
80.0,0.8885499709,378.9775431,7.65943e-06,0.00449198
80.0,0.8900198937,378.4811289,7.61695e-06,0.00449355
80.0,0.8882624756,375.656032,7.69097e-06,0.00449655
80.0,0.8908355319,371.5574399,7.71532e-06,0.00449623
80.0,0.8938517082,373.8781432,7.70798e-06,0.00450125
80.0,0.8963396789,375.7699308,7.69103e-06,0.00449829
80.0,0.9008992732,379.2777359,7.65646e-06,0.00449451
80.0,0.8963463048,379.1610157,7.63892e-06,0.00449199
80.0,0.8828737148,376.3823925,7.66437e-06,0.00449256
80.0,0.8837148752,372.9557778,7.69541e-06,0.00449636
80.0,0.8941182722,374.734798,7.70094e-06,0.00450055
80.0,0.8955304307,379.6838741,7.68233e-06,0.00450149
Freq,80,Rs,376.58001769375005,2.703039557091065,Ls,0.8923367454375,0.004987642789194024
":SOUR:DCS:STAT OFF;:BIAS:STAT OFF;:COMP:BIN:COUN:CLE;:LIST:CLE:ALL;:COMP:BIN:CLE;:AMPL:ALC OFF;:APER MED,4;:BIAS:POL:AUTO OFF;:BIAS:RANG:AUTO ON;:BIAS:VOLT:LEV 0;:COMP:ABIN OFF;:COMP:BIN:COUN:STAT OFF;:COMP:MODE PTOL;:COMP:SLIM -9.9e+037,9.9e+037;:COMP:STAT OFF;:COMP:SWAP OFF;:COMP:TOL:NOM 0;:CURR:LEV 5e-005;:DISP:ENAB ON;:DISP:LINE """";:DISP:WIND:TEXT1:DATA:FMSD:DATA 1e-009;:DISP:WIND:TEXT2:DATA:FMSD:DATA 1e-009;:FORM:ASC:LONG ON;:FORM:BORD NORM;:FORM:DATA ASC,64;:FREQ:CW 80;:FUNC:DEV1:MODE OFF;:FUNC:DEV1:REF:VAL 0;:FUNC:DEV2:MODE OFF;:FUNC:DEV2:REF:VAL 0;:FUNC:IMP:TYPE LSRS;:FUNC:SMON:IDC:STAT OFF;:FUNC:SMON:VDC:STAT OFF;:INIT:CONT OFF;:LIST:MODE SEQ;:LIST:STIM:TYPE FREQ,NONE;:SOUR:DCS:VOLT:LEV 0;:TRIG:DEL 0;:TRIG:SOUR INT;:TRIG:TDEL 0;:DISP:WIND:TEXT1:DATA:FMSD:STAT OFF;:DISP:WIND:TEXT2:DATA:FMSD:STAT OFF;:FUNC:DCR:RANG:VAL 100;:FUNC:IMP:RANG:VAL 300;:OUTP:DC:ISOL:LEV:VAL 0.002;:OUTP:DC:ISOL:STAT OFF;:FUNC:DCR:RANG:AUTO ON;:FUNC:IMP:RANG:AUTO ON;:OUTP:DC:ISOL:LEV:AUTO ON;:DISP:PAGE MEASurement;
"
90.0,0.9264479447,440.5314827,6.66232e-06,0.0045662
90.0,0.9185139259,443.5237201,6.79781e-06,0.00457046
90.0,0.9137018031,453.53761,6.6835e-06,0.00457456
90.0,0.9145817238,439.4232743,6.67786e-06,0.00456973
90.0,0.905861831,444.5215494,6.727e-06,0.00457887
90.0,0.9065705304,445.7674845,6.63072e-06,0.0045685
90.0,0.9348622352,445.8089912,6.78692e-06,0.00456924
90.0,0.9224134764,457.8580227,6.75346e-06,0.0045753
90.0,0.9040596049,447.7416673,6.63701e-06,0.00456544
90.0,0.924787454,442.6640886,6.68784e-06,0.00456665
90.0,0.9048727026,444.8442823,6.66302e-06,0.00458415
90.0,0.9078471474,441.0806038,6.64797e-06,0.0045659
90.0,0.9192977584,452.2367927,6.71841e-06,0.0045752
90.0,0.9075932425,440.4951367,6.68373e-06,0.00456941
90.0,0.9193293096,449.5151161,6.70253e-06,0.00456932
90.0,0.9082578349,451.7017815,6.66584e-06,0.00457847
Freq,90,Rs,446.32822524374996,5.360573322945902,Ls,0.9149374078,0.009150494551558164
":SOUR:DCS:STAT OFF;:BIAS:STAT OFF;:COMP:BIN:COUN:CLE;:LIST:CLE:ALL;:COMP:BIN:CLE;:AMPL:ALC OFF;:APER MED,4;:BIAS:POL:AUTO OFF;:BIAS:RANG:AUTO ON;:BIAS:VOLT:LEV 0;:COMP:ABIN OFF;:COMP:BIN:COUN:STAT OFF;:COMP:MODE PTOL;:COMP:SLIM -9.9e+037,9.9e+037;:COMP:STAT OFF;:COMP:SWAP OFF;:COMP:TOL:NOM 0;:CURR:LEV 5e-005;:DISP:ENAB ON;:DISP:LINE """";:DISP:WIND:TEXT1:DATA:FMSD:DATA 1e-009;:DISP:WIND:TEXT2:DATA:FMSD:DATA 1e-009;:FORM:ASC:LONG ON;:FORM:BORD NORM;:FORM:DATA ASC,64;:FREQ:CW 90;:FUNC:DEV1:MODE OFF;:FUNC:DEV1:REF:VAL 0;:FUNC:DEV2:MODE OFF;:FUNC:DEV2:REF:VAL 0;:FUNC:IMP:TYPE LSRS;:FUNC:SMON:IDC:STAT OFF;:FUNC:SMON:VDC:STAT OFF;:INIT:CONT OFF;:LIST:MODE SEQ;:LIST:STIM:TYPE FREQ,NONE;:SOUR:DCS:VOLT:LEV 0;:TRIG:DEL 0;:TRIG:SOUR INT;:TRIG:TDEL 0;:DISP:WIND:TEXT1:DATA:FMSD:STAT OFF;:DISP:WIND:TEXT2:DATA:FMSD:STAT OFF;:FUNC:DCR:RANG:VAL 100;:FUNC:IMP:RANG:VAL 300;:OUTP:DC:ISOL:LEV:VAL 0.002;:OUTP:DC:ISOL:STAT OFF;:FUNC:DCR:RANG:AUTO ON;:FUNC:IMP:RANG:AUTO ON;:OUTP:DC:ISOL:LEV:AUTO ON;:DISP:PAGE MEASurement;
"
95.0,0.9209862289,407.1635614,6.66305e-06,0.00461008
95.0,0.9328187868,427.8776677,6.53422e-06,0.00460478
95.0,0.9187842326,432.1763202,6.80905e-06,0.00461589
95.0,0.9076370166,416.3364822,6.77264e-06,0.0046169
95.0,0.9151508189,409.14797,6.71316e-06,0.00459674
95.0,0.9307811933,410.0704399,6.70801e-06,0.00460221
95.0,0.8998258242,422.4695147,6.56988e-06,0.00459451
95.0,0.9354920595,417.4452033,6.74093e-06,0.00460706
95.0,0.8991344487,425.1495393,6.72396e-06,0.00460691
95.0,0.9310386489,413.517111,6.73014e-06,0.0046001
95.0,0.9160762415,415.8838546,6.63941e-06,0.00460415
95.0,0.9285649887,418.0743514,6.69025e-06,0.00461899
95.0,0.9257253667,421.8779681,6.68649e-06,0.00460678
95.0,0.9106178065,420.1243399,6.78646e-06,0.0045947
95.0,0.9213412617,411.9924682,6.63505e-06,0.00459687
95.0,0.9297840331,413.1760869,6.66834e-06,0.00461726
Freq,95,Rs,417.65517992499997,6.990270428656445,Ls,0.9202349347875001,0.011459470095219757
":SOUR:DCS:STAT OFF;:BIAS:STAT OFF;:COMP:BIN:COUN:CLE;:LIST:CLE:ALL;:COMP:BIN:CLE;:AMPL:ALC OFF;:APER MED,4;:BIAS:POL:AUTO OFF;:BIAS:RANG:AUTO ON;:BIAS:VOLT:LEV 0;:COMP:ABIN OFF;:COMP:BIN:COUN:STAT OFF;:COMP:MODE PTOL;:COMP:SLIM -9.9e+037,9.9e+037;:COMP:STAT OFF;:COMP:SWAP OFF;:COMP:TOL:NOM 0;:CURR:LEV 5e-005;:DISP:ENAB ON;:DISP:LINE """";:DISP:WIND:TEXT1:DATA:FMSD:DATA 1e-009;:DISP:WIND:TEXT2:DATA:FMSD:DATA 1e-009;:FORM:ASC:LONG ON;:FORM:BORD NORM;:FORM:DATA ASC,64;:FREQ:CW 95;:FUNC:DEV1:MODE OFF;:FUNC:DEV1:REF:VAL 0;:FUNC:DEV2:MODE OFF;:FUNC:DEV2:REF:VAL 0;:FUNC:IMP:TYPE LSRS;:FUNC:SMON:IDC:STAT OFF;:FUNC:SMON:VDC:STAT OFF;:INIT:CONT OFF;:LIST:MODE SEQ;:LIST:STIM:TYPE FREQ,NONE;:SOUR:DCS:VOLT:LEV 0;:TRIG:DEL 0;:TRIG:SOUR INT;:TRIG:TDEL 0;:DISP:WIND:TEXT1:DATA:FMSD:STAT OFF;:DISP:WIND:TEXT2:DATA:FMSD:STAT OFF;:FUNC:DCR:RANG:VAL 100;:FUNC:IMP:RANG:VAL 300;:OUTP:DC:ISOL:LEV:VAL 0.002;:OUTP:DC:ISOL:STAT OFF;:FUNC:DCR:RANG:AUTO ON;:FUNC:IMP:RANG:AUTO ON;:OUTP:DC:ISOL:LEV:AUTO ON;:DISP:PAGE MEASurement;
"
103.0,0.9393964636,463.2820961,6.05834e-06,0.00465221
103.0,0.9413526587,466.6640073,6.07293e-06,0.00465233
103.0,0.946912501,464.6195336,6.05045e-06,0.00465018
103.0,0.9456340164,462.8913836,6.07726e-06,0.00465029
103.0,0.9435566628,461.9864059,6.09598e-06,0.00465326
103.0,0.9401229424,462.6544989,6.0755e-06,0.00464888
103.0,0.941719152,465.0414626,6.02609e-06,0.0046494
103.0,0.9474980787,466.6999634,6.07677e-06,0.00465052
103.0,0.9485518813,466.3254895,6.04895e-06,0.00464939
103.0,0.9438056413,466.4103332,6.05205e-06,0.00465315
103.0,0.9425015104,464.3100498,6.08095e-06,0.0046507
103.0,0.945143925,464.0405697,6.04559e-06,0.00465404
103.0,0.9427628302,464.9316797,6.03165e-06,0.0046514
103.0,0.9453768395,463.6707723,6.08093e-06,0.00465329
103.0,0.9455295141,465.6684174,6.0843e-06,0.00465535
103.0,0.9411974298,463.4780906,6.06404e-06,0.00465585
Freq,103,Rs,464.5421721,1.5079600605411119,Ls,0.94381637795,0.0027007731138542408
":SOUR:DCS:STAT OFF;:BIAS:STAT OFF;:COMP:BIN:COUN:CLE;:LIST:CLE:ALL;:COMP:BIN:CLE;:AMPL:ALC OFF;:APER MED,4;:BIAS:POL:AUTO OFF;:BIAS:RANG:AUTO ON;:BIAS:VOLT:LEV 0;:COMP:ABIN OFF;:COMP:BIN:COUN:STAT OFF;:COMP:MODE PTOL;:COMP:SLIM -9.9e+037,9.9e+037;:COMP:STAT OFF;:COMP:SWAP OFF;:COMP:TOL:NOM 0;:CURR:LEV 5e-005;:DISP:ENAB ON;:DISP:LINE """";:DISP:WIND:TEXT1:DATA:FMSD:DATA 1e-009;:DISP:WIND:TEXT2:DATA:FMSD:DATA 1e-009;:FORM:ASC:LONG ON;:FORM:BORD NORM;:FORM:DATA ASC,64;:FREQ:CW 103;:FUNC:DEV1:MODE OFF;:FUNC:DEV1:REF:VAL 0;:FUNC:DEV2:MODE OFF;:FUNC:DEV2:REF:VAL 0;:FUNC:IMP:TYPE LSRS;:FUNC:SMON:IDC:STAT OFF;:FUNC:SMON:VDC:STAT OFF;:INIT:CONT OFF;:LIST:MODE SEQ;:LIST:STIM:TYPE FREQ,NONE;:SOUR:DCS:VOLT:LEV 0;:TRIG:DEL 0;:TRIG:SOUR INT;:TRIG:TDEL 0;:DISP:WIND:TEXT1:DATA:FMSD:STAT OFF;:DISP:WIND:TEXT2:DATA:FMSD:STAT OFF;:FUNC:DCR:RANG:VAL 100;:FUNC:IMP:RANG:VAL 300;:OUTP:DC:ISOL:LEV:VAL 0.002;:OUTP:DC:ISOL:STAT OFF;:FUNC:DCR:RANG:AUTO ON;:FUNC:IMP:RANG:AUTO ON;:OUTP:DC:ISOL:LEV:AUTO ON;:DISP:PAGE MEASurement;
"
105.0,1.000788843,493.7267596,5.67214e-06,0.00468228
105.0,1.000690573,500.3219155,5.67338e-06,0.00468287
105.0,0.996299166,493.9640566,5.65501e-06,0.00467781
105.0,0.9975681858,495.291362,5.65896e-06,0.00468059
105.0,0.9977745433,498.2845102,5.69948e-06,0.00468551
105.0,1.008466208,498.7927272,5.65648e-06,0.004684
105.0,1.002980003,498.3763817,5.6373e-06,0.0046853
105.0,1.005801418,490.6233434,5.67262e-06,0.00468352
105.0,1.004780957,496.6671549,5.68942e-06,0.00468387
105.0,1.004623769,497.8960798,5.64624e-06,0.00467779
105.0,0.9974490754,491.7665134,5.65233e-06,0.00468222
105.0,1.000998236,495.0623233,5.67737e-06,0.00468358
105.0,1.007270301,498.0679743,5.68023e-06,0.00468254
105.0,1.003752466,500.2506912,5.65307e-06,0.00468184
105.0,1.003354936,493.0340646,5.65069e-06,0.00468103
105.0,1.003789406,496.7893961,5.67288e-06,0.00468276
Freq,105,Rs,496.1822033625,2.9455418413479495,Ls,1.00227425540625,0.003664363616875259
":SOUR:DCS:STAT OFF;:BIAS:STAT OFF;:COMP:BIN:COUN:CLE;:LIST:CLE:ALL;:COMP:BIN:CLE;:AMPL:ALC OFF;:APER MED,4;:BIAS:POL:AUTO OFF;:BIAS:RANG:AUTO ON;:BIAS:VOLT:LEV 0;:COMP:ABIN OFF;:COMP:BIN:COUN:STAT OFF;:COMP:MODE PTOL;:COMP:SLIM -9.9e+037,9.9e+037;:COMP:STAT OFF;:COMP:SWAP OFF;:COMP:TOL:NOM 0;:CURR:LEV 5e-005;:DISP:ENAB ON;:DISP:LINE """";:DISP:WIND:TEXT1:DATA:FMSD:DATA 1e-009;:DISP:WIND:TEXT2:DATA:FMSD:DATA 1e-009;:FORM:ASC:LONG ON;:FORM:BORD NORM;:FORM:DATA ASC,64;:FREQ:CW 105;:FUNC:DEV1:MODE OFF;:FUNC:DEV1:REF:VAL 0;:FUNC:DEV2:MODE OFF;:FUNC:DEV2:REF:VAL 0;:FUNC:IMP:TYPE LSRS;:FUNC:SMON:IDC:STAT OFF;:FUNC:SMON:VDC:STAT OFF;:INIT:CONT OFF;:LIST:MODE SEQ;:LIST:STIM:TYPE FREQ,NONE;:SOUR:DCS:VOLT:LEV 0;:TRIG:DEL 0;:TRIG:SOUR INT;:TRIG:TDEL 0;:DISP:WIND:TEXT1:DATA:FMSD:STAT OFF;:DISP:WIND:TEXT2:DATA:FMSD:STAT OFF;:FUNC:DCR:RANG:VAL 100;:FUNC:IMP:RANG:VAL 300;:OUTP:DC:ISOL:LEV:VAL 0.002;:OUTP:DC:ISOL:STAT OFF;:FUNC:DCR:RANG:AUTO ON;:FUNC:IMP:RANG:AUTO ON;:OUTP:DC:ISOL:LEV:AUTO ON;:DISP:PAGE MEASurement;
"
107.0,1.055422387,575.5865811,5.13133e-06,0.00470795
107.0,1.060660848,577.6448578,5.16185e-06,0.00470404
107.0,1.051380921,575.8796665,5.11476e-06,0.00470539
107.0,1.051323325,574.5716802,5.13942e-06,0.00470249
107.0,1.055432353,573.7344246,5.14557e-06,0.00470424
107.0,1.05690847,570.5444855,5.17834e-06,0.00470497
107.0,1.067559547,575.3950608,5.15043e-06,0.00470178
107.0,1.049825346,577.8617316,5.12665e-06,0.00470266
107.0,1.060312362,574.4205978,5.13408e-06,0.00470591
107.0,1.054357861,574.3304888,5.15104e-06,0.00470604
107.0,1.054867987,582.5847701,5.11735e-06,0.00470432
107.0,1.046691378,577.5721773,5.15966e-06,0.00470693
107.0,1.055536907,576.0116559,5.11288e-06,0.00470237
107.0,1.058705319,573.8303824,5.15615e-06,0.0046995
107.0,1.054147521,578.4645292,5.15095e-06,0.00470464
107.0,1.058661206,575.9346374,5.12226e-06,0.00470763
Freq,107,Rs,575.8979829375,2.6506636545063116,Ls,1.055737108625,0.0049283359988681
":SOUR:DCS:STAT OFF;:BIAS:STAT OFF;:COMP:BIN:COUN:CLE;:LIST:CLE:ALL;:COMP:BIN:CLE;:AMPL:ALC OFF;:APER MED,4;:BIAS:POL:AUTO OFF;:BIAS:RANG:AUTO ON;:BIAS:VOLT:LEV 0;:COMP:ABIN OFF;:COMP:BIN:COUN:STAT OFF;:COMP:MODE PTOL;:COMP:SLIM -9.9e+037,9.9e+037;:COMP:STAT OFF;:COMP:SWAP OFF;:COMP:TOL:NOM 0;:CURR:LEV 5e-005;:DISP:ENAB ON;:DISP:LINE """";:DISP:WIND:TEXT1:DATA:FMSD:DATA 1e-009;:DISP:WIND:TEXT2:DATA:FMSD:DATA 1e-009;:FORM:ASC:LONG ON;:FORM:BORD NORM;:FORM:DATA ASC,64;:FREQ:CW 107;:FUNC:DEV1:MODE OFF;:FUNC:DEV1:REF:VAL 0;:FUNC:DEV2:MODE OFF;:FUNC:DEV2:REF:VAL 0;:FUNC:IMP:TYPE LSRS;:FUNC:SMON:IDC:STAT OFF;:FUNC:SMON:VDC:STAT OFF;:INIT:CONT OFF;:LIST:MODE SEQ;:LIST:STIM:TYPE FREQ,NONE;:SOUR:DCS:VOLT:LEV 0;:TRIG:DEL 0;:TRIG:SOUR INT;:TRIG:TDEL 0;:DISP:WIND:TEXT1:DATA:FMSD:STAT OFF;:DISP:WIND:TEXT2:DATA:FMSD:STAT OFF;:FUNC:DCR:RANG:VAL 100;:FUNC:IMP:RANG:VAL 300;:OUTP:DC:ISOL:LEV:VAL 0.002;:OUTP:DC:ISOL:STAT OFF;:FUNC:DCR:RANG:AUTO ON;:FUNC:IMP:RANG:AUTO ON;:OUTP:DC:ISOL:LEV:AUTO ON;:DISP:PAGE MEASurement;
"
110.0,0.8133015815,791.4139258,4.78255e-06,0.00465
110.0,0.8155401131,779.0500378,4.7827e-06,0.00464708
110.0,0.8191960721,780.8185184,4.82445e-06,0.00464772
110.0,0.8182982055,782.5851371,4.79655e-06,0.00464942
110.0,0.8129692068,780.8966614,4.79982e-06,0.00464595
110.0,0.8075705824,783.1574375,4.83702e-06,0.00464169
110.0,0.8223297108,785.3660358,4.79183e-06,0.00463667
110.0,0.8123602374,781.1839745,4.80753e-06,0.00464553
110.0,0.8069571624,789.3683086,4.79772e-06,0.00464707
110.0,0.8038273304,782.5086096,4.82218e-06,0.00464673
110.0,0.8145901755,778.8515747,4.81354e-06,0.00464605
110.0,0.8255778975,781.4982065,4.84347e-06,0.00464921
110.0,0.8186872412,783.0566284,4.82764e-06,0.00464646
110.0,0.8082761287,777.9439106,4.77767e-06,0.00464078
110.0,0.8156381785,775.5464693,4.83166e-06,0.00464253
110.0,0.7966217188,781.1808512,4.79088e-06,0.0046403
Freq,110,Rs,782.15164295,3.982044408250056,Ls,0.8132338464125,0.007304411749122619
":SOUR:DCS:STAT OFF;:BIAS:STAT OFF;:COMP:BIN:COUN:CLE;:LIST:CLE:ALL;:COMP:BIN:CLE;:AMPL:ALC OFF;:APER MED,4;:BIAS:POL:AUTO OFF;:BIAS:RANG:AUTO ON;:BIAS:VOLT:LEV 0;:COMP:ABIN OFF;:COMP:BIN:COUN:STAT OFF;:COMP:MODE PTOL;:COMP:SLIM -9.9e+037,9.9e+037;:COMP:STAT OFF;:COMP:SWAP OFF;:COMP:TOL:NOM 0;:CURR:LEV 5e-005;:DISP:ENAB ON;:DISP:LINE """";:DISP:WIND:TEXT1:DATA:FMSD:DATA 1e-009;:DISP:WIND:TEXT2:DATA:FMSD:DATA 1e-009;:FORM:ASC:LONG ON;:FORM:BORD NORM;:FORM:DATA ASC,64;:FREQ:CW 110;:FUNC:DEV1:MODE OFF;:FUNC:DEV1:REF:VAL 0;:FUNC:DEV2:MODE OFF;:FUNC:DEV2:REF:VAL 0;:FUNC:IMP:TYPE LSRS;:FUNC:SMON:IDC:STAT OFF;:FUNC:SMON:VDC:STAT OFF;:INIT:CONT OFF;:LIST:MODE SEQ;:LIST:STIM:TYPE FREQ,NONE;:SOUR:DCS:VOLT:LEV 0;:TRIG:DEL 0;:TRIG:SOUR INT;:TRIG:TDEL 0;:DISP:WIND:TEXT1:DATA:FMSD:STAT OFF;:DISP:WIND:TEXT2:DATA:FMSD:STAT OFF;:FUNC:DCR:RANG:VAL 100;:FUNC:IMP:RANG:VAL 300;:OUTP:DC:ISOL:LEV:VAL 0.002;:OUTP:DC:ISOL:STAT OFF;:FUNC:DCR:RANG:AUTO ON;:FUNC:IMP:RANG:AUTO ON;:OUTP:DC:ISOL:LEV:AUTO ON;:DISP:PAGE MEASurement;
"
112.0,0.5973043205,675.8417416,5.71197e-06,0.00455177
112.0,0.5984456027,671.838255,5.71216e-06,0.00454923
112.0,0.600501215,671.8443327,5.71864e-06,0.00455657
112.0,0.6049186404,674.8513921,5.72066e-06,0.00454459
112.0,0.5984264932,677.5451679,5.72376e-06,0.00455209
112.0,0.6029287756,667.3177978,5.71447e-06,0.00455039
112.0,0.6023252698,671.1922638,5.75728e-06,0.00455098
112.0,0.6022808863,674.9504495,5.73337e-06,0.00454981
112.0,0.6034917021,674.2544339,5.7233e-06,0.00454899
112.0,0.6026750044,672.7087085,5.72515e-06,0.00454937
112.0,0.5993681737,672.3992718,5.72608e-06,0.00454814
112.0,0.6127961168,669.3510783,5.68874e-06,0.00455327
112.0,0.6002529061,672.7808915,5.69661e-06,0.00455595
112.0,0.6038158264,671.739847,5.70842e-06,0.00455122
112.0,0.6061834462,673.5809575,5.71687e-06,0.00455056
112.0,0.5950648167,676.9854179,5.71799e-06,0.00454542
Freq,112,Rs,673.0738754250001,2.674698765500091,Ls,0.60192369974375,0.004141522224981133
":SOUR:DCS:STAT OFF;:BIAS:STAT OFF;:COMP:BIN:COUN:CLE;:LIST:CLE:ALL;:COMP:BIN:CLE;:AMPL:ALC OFF;:APER MED,4;:BIAS:POL:AUTO OFF;:BIAS:RANG:AUTO ON;:BIAS:VOLT:LEV 0;:COMP:ABIN OFF;:COMP:BIN:COUN:STAT OFF;:COMP:MODE PTOL;:COMP:SLIM -9.9e+037,9.9e+037;:COMP:STAT OFF;:COMP:SWAP OFF;:COMP:TOL:NOM 0;:CURR:LEV 5e-005;:DISP:ENAB ON;:DISP:LINE """";:DISP:WIND:TEXT1:DATA:FMSD:DATA 1e-009;:DISP:WIND:TEXT2:DATA:FMSD:DATA 1e-009;:FORM:ASC:LONG ON;:FORM:BORD NORM;:FORM:DATA ASC,64;:FREQ:CW 112;:FUNC:DEV1:MODE OFF;:FUNC:DEV1:REF:VAL 0;:FUNC:DEV2:MODE OFF;:FUNC:DEV2:REF:VAL 0;:FUNC:IMP:TYPE LSRS;:FUNC:SMON:IDC:STAT OFF;:FUNC:SMON:VDC:STAT OFF;:INIT:CONT OFF;:LIST:MODE SEQ;:LIST:STIM:TYPE FREQ,NONE;:SOUR:DCS:VOLT:LEV 0;:TRIG:DEL 0;:TRIG:SOUR INT;:TRIG:TDEL 0;:DISP:WIND:TEXT1:DATA:FMSD:STAT OFF;:DISP:WIND:TEXT2:DATA:FMSD:STAT OFF;:FUNC:DCR:RANG:VAL 100;:FUNC:IMP:RANG:VAL 300;:OUTP:DC:ISOL:LEV:VAL 0.002;:OUTP:DC:ISOL:STAT OFF;:FUNC:DCR:RANG:AUTO ON;:FUNC:IMP:RANG:AUTO ON;:OUTP:DC:ISOL:LEV:AUTO ON;:DISP:PAGE MEASurement;
"
115.0,0.6675106675,558.5667439,6.17379e-06,0.00456029
115.0,0.6702303825,558.0780393,6.17178e-06,0.00455374
115.0,0.6662824632,559.7972698,6.14496e-06,0.004561
115.0,0.6644655605,561.5265493,6.19127e-06,0.00456023
115.0,0.6638159215,559.9055887,6.15723e-06,0.00455625
115.0,0.6668908634,560.7367096,6.14148e-06,0.00455685
115.0,0.6590811079,557.607233,6.17384e-06,0.00455973
115.0,0.6640971139,559.598583,6.16339e-06,0.00455766
115.0,0.6667622993,562.5408152,6.18166e-06,0.00455356
115.0,0.6664223128,561.4721898,6.15221e-06,0.00455658
115.0,0.6642338742,560.8039065,6.17884e-06,0.00455317
115.0,0.668052375,558.7484835,6.16935e-06,0.0045556
115.0,0.6689032703,562.0926472,6.16358e-06,0.00455568
115.0,0.6638033577,560.1341641,6.15525e-06,0.00455507
115.0,0.6659351225,559.9584576,6.18644e-06,0.00455424
115.0,0.6630690763,559.384571,6.11978e-06,0.00455802
Freq,115,Rs,560.0594969687501,1.4169071702458258,Ls,0.66559723553125,0.0026709866504911516
":SOUR:DCS:STAT OFF;:BIAS:STAT OFF;:COMP:BIN:COUN:CLE;:LIST:CLE:ALL;:COMP:BIN:CLE;:AMPL:ALC OFF;:APER MED,4;:BIAS:POL:AUTO OFF;:BIAS:RANG:AUTO ON;:BIAS:VOLT:LEV 0;:COMP:ABIN OFF;:COMP:BIN:COUN:STAT OFF;:COMP:MODE PTOL;:COMP:SLIM -9.9e+037,9.9e+037;:COMP:STAT OFF;:COMP:SWAP OFF;:COMP:TOL:NOM 0;:CURR:LEV 5e-005;:DISP:ENAB ON;:DISP:LINE """";:DISP:WIND:TEXT1:DATA:FMSD:DATA 1e-009;:DISP:WIND:TEXT2:DATA:FMSD:DATA 1e-009;:FORM:ASC:LONG ON;:FORM:BORD NORM;:FORM:DATA ASC,64;:FREQ:CW 115;:FUNC:DEV1:MODE OFF;:FUNC:DEV1:REF:VAL 0;:FUNC:DEV2:MODE OFF;:FUNC:DEV2:REF:VAL 0;:FUNC:IMP:TYPE LSRS;:FUNC:SMON:IDC:STAT OFF;:FUNC:SMON:VDC:STAT OFF;:INIT:CONT OFF;:LIST:MODE SEQ;:LIST:STIM:TYPE FREQ,NONE;:SOUR:DCS:VOLT:LEV 0;:TRIG:DEL 0;:TRIG:SOUR INT;:TRIG:TDEL 0;:DISP:WIND:TEXT1:DATA:FMSD:STAT OFF;:DISP:WIND:TEXT2:DATA:FMSD:STAT OFF;:FUNC:DCR:RANG:VAL 100;:FUNC:IMP:RANG:VAL 300;:OUTP:DC:ISOL:LEV:VAL 0.002;:OUTP:DC:ISOL:STAT OFF;:FUNC:DCR:RANG:AUTO ON;:FUNC:IMP:RANG:AUTO ON;:OUTP:DC:ISOL:LEV:AUTO ON;:DISP:PAGE MEASurement;
"
120.0,0.6375870787,547.9785165,6.25383e-06,0.00455568
120.0,0.6385600243,546.3979578,6.28011e-06,0.00455325
120.0,0.6336539966,544.8579302,6.26216e-06,0.00455885
120.0,0.6342099861,547.0398337,6.27453e-06,0.00455234
120.0,0.6356685689,546.1586935,6.24705e-06,0.00455555
120.0,0.6349917689,546.836702,6.25839e-06,0.00455381
120.0,0.6364899643,545.8619983,6.24468e-06,0.00455495
120.0,0.6391366365,544.4242162,6.24492e-06,0.00455369
120.0,0.6369007847,546.4622404,6.26779e-06,0.00455433
120.0,0.6374519654,544.2141397,6.26289e-06,0.00455389
120.0,0.6367301082,547.6171385,6.25349e-06,0.0045519
120.0,0.6395656105,547.8178552,6.26526e-06,0.00455088
120.0,0.6394832378,545.5023328,6.23916e-06,0.00455462
120.0,0.6349262586,548.3928373,6.26932e-06,0.00455401
120.0,0.6358664278,546.3671985,6.24295e-06,0.0045517
120.0,0.635009467,545.0861903,6.2465e-06,0.00455619
Freq,120,Rs,546.31348630625,1.2748702768091793,Ls,0.63663949276875,0.0018778224113159606
":SOUR:DCS:STAT OFF;:BIAS:STAT OFF;:COMP:BIN:COUN:CLE;:LIST:CLE:ALL;:COMP:BIN:CLE;:AMPL:ALC OFF;:APER MED,4;:BIAS:POL:AUTO OFF;:BIAS:RANG:AUTO ON;:BIAS:VOLT:LEV 0;:COMP:ABIN OFF;:COMP:BIN:COUN:STAT OFF;:COMP:MODE PTOL;:COMP:SLIM -9.9e+037,9.9e+037;:COMP:STAT OFF;:COMP:SWAP OFF;:COMP:TOL:NOM 0;:CURR:LEV 5e-005;:DISP:ENAB ON;:DISP:LINE """";:DISP:WIND:TEXT1:DATA:FMSD:DATA 1e-009;:DISP:WIND:TEXT2:DATA:FMSD:DATA 1e-009;:FORM:ASC:LONG ON;:FORM:BORD NORM;:FORM:DATA ASC,64;:FREQ:CW 120;:FUNC:DEV1:MODE OFF;:FUNC:DEV1:REF:VAL 0;:FUNC:DEV2:MODE OFF;:FUNC:DEV2:REF:VAL 0;:FUNC:IMP:TYPE LSRS;:FUNC:SMON:IDC:STAT OFF;:FUNC:SMON:VDC:STAT OFF;:INIT:CONT OFF;:LIST:MODE SEQ;:LIST:STIM:TYPE FREQ,NONE;:SOUR:DCS:VOLT:LEV 0;:TRIG:DEL 0;:TRIG:SOUR INT;:TRIG:TDEL 0;:DISP:WIND:TEXT1:DATA:FMSD:STAT OFF;:DISP:WIND:TEXT2:DATA:FMSD:STAT OFF;:FUNC:DCR:RANG:VAL 100;:FUNC:IMP:RANG:VAL 300;:OUTP:DC:ISOL:LEV:VAL 0.002;:OUTP:DC:ISOL:STAT OFF;:FUNC:DCR:RANG:AUTO ON;:FUNC:IMP:RANG:AUTO ON;:OUTP:DC:ISOL:LEV:AUTO ON;:DISP:PAGE MEASurement;
"
122.0,0.7025412094,516.3505406,6.16386e-06,0.00459422
122.0,0.6997312853,517.1002212,6.15786e-06,0.00459443
122.0,0.7003770191,515.9448162,6.17747e-06,0.00459294
122.0,0.6990903658,516.9528711,6.17481e-06,0.00459567
122.0,0.6990133994,514.9011521,6.16626e-06,0.00459256
122.0,0.7012724218,516.4898626,6.15392e-06,0.0045947
122.0,0.7044593802,515.1530589,6.15912e-06,0.00459522
122.0,0.7031760241,517.4776336,6.17273e-06,0.00459332
122.0,0.7029511261,515.6657099,6.16078e-06,0.00459469
122.0,0.6996894928,516.4266086,6.15678e-06,0.00459421
122.0,0.7005809215,516.7918575,6.17548e-06,0.00459466
122.0,0.7001241967,515.9516143,6.16038e-06,0.00459591
122.0,0.7022296991,516.5425522,6.17401e-06,0.00459453
122.0,0.6999375454,516.3757748,6.15251e-06,0.00459547
122.0,0.7021313101,516.8493778,6.16043e-06,0.00459393
122.0,0.6996965146,516.0644112,6.17479e-06,0.00459491
Freq,122,Rs,516.3148789125,0.6875280336196087,Ls,0.7010626194625,0.0016485773025375575
":SOUR:DCS:STAT OFF;:BIAS:STAT OFF;:COMP:BIN:COUN:CLE;:LIST:CLE:ALL;:COMP:BIN:CLE;:AMPL:ALC OFF;:APER MED,4;:BIAS:POL:AUTO OFF;:BIAS:RANG:AUTO ON;:BIAS:VOLT:LEV 0;:COMP:ABIN OFF;:COMP:BIN:COUN:STAT OFF;:COMP:MODE PTOL;:COMP:SLIM -9.9e+037,9.9e+037;:COMP:STAT OFF;:COMP:SWAP OFF;:COMP:TOL:NOM 0;:CURR:LEV 5e-005;:DISP:ENAB ON;:DISP:LINE """";:DISP:WIND:TEXT1:DATA:FMSD:DATA 1e-009;:DISP:WIND:TEXT2:DATA:FMSD:DATA 1e-009;:FORM:ASC:LONG ON;:FORM:BORD NORM;:FORM:DATA ASC,64;:FREQ:CW 122;:FUNC:DEV1:MODE OFF;:FUNC:DEV1:REF:VAL 0;:FUNC:DEV2:MODE OFF;:FUNC:DEV2:REF:VAL 0;:FUNC:IMP:TYPE LSRS;:FUNC:SMON:IDC:STAT OFF;:FUNC:SMON:VDC:STAT OFF;:INIT:CONT OFF;:LIST:MODE SEQ;:LIST:STIM:TYPE FREQ,NONE;:SOUR:DCS:VOLT:LEV 0;:TRIG:DEL 0;:TRIG:SOUR INT;:TRIG:TDEL 0;:DISP:WIND:TEXT1:DATA:FMSD:STAT OFF;:DISP:WIND:TEXT2:DATA:FMSD:STAT OFF;:FUNC:DCR:RANG:VAL 100;:FUNC:IMP:RANG:VAL 300;:OUTP:DC:ISOL:LEV:VAL 0.002;:OUTP:DC:ISOL:STAT OFF;:FUNC:DCR:RANG:AUTO ON;:FUNC:IMP:RANG:AUTO ON;:OUTP:DC:ISOL:LEV:AUTO ON;:DISP:PAGE MEASurement;
"
125.0,0.8321721901,549.3628873,5.45879e-06,0.00466714
125.0,0.8320287965,552.1354343,5.47219e-06,0.00466663
125.0,0.8300051321,549.464242,5.48553e-06,0.00466663
125.0,0.8306951027,547.7641834,5.44789e-06,0.00466667
125.0,0.8368128143,547.6304423,5.44091e-06,0.00466652
125.0,0.838031332,547.4047325,5.44085e-06,0.00466884
125.0,0.8355547673,551.4286347,5.44958e-06,0.00466644
125.0,0.8337801801,549.9011944,5.45282e-06,0.00466831
125.0,0.8326185584,552.6017354,5.47238e-06,0.00466514
125.0,0.8276621336,549.1711904,5.47256e-06,0.00466872
125.0,0.8321804805,549.0975399,5.46559e-06,0.0046671
125.0,0.8335079345,551.4769078,5.47254e-06,0.00466581
125.0,0.8315549778,550.3085164,5.44453e-06,0.0046675
125.0,0.8373470243,549.4197507,5.47139e-06,0.00466774
125.0,0.8343713407,549.28707,5.45362e-06,0.00466738
125.0,0.8318853585,549.3165156,5.46307e-06,0.00466843
Freq,125,Rs,549.7356860687499,1.5360995383527831,Ls,0.8331380077125,0.002784104400767591
":SOUR:DCS:STAT OFF;:BIAS:STAT OFF;:COMP:BIN:COUN:CLE;:LIST:CLE:ALL;:COMP:BIN:CLE;:AMPL:ALC OFF;:APER MED,4;:BIAS:POL:AUTO OFF;:BIAS:RANG:AUTO ON;:BIAS:VOLT:LEV 0;:COMP:ABIN OFF;:COMP:BIN:COUN:STAT OFF;:COMP:MODE PTOL;:COMP:SLIM -9.9e+037,9.9e+037;:COMP:STAT OFF;:COMP:SWAP OFF;:COMP:TOL:NOM 0;:CURR:LEV 5e-005;:DISP:ENAB ON;:DISP:LINE """";:DISP:WIND:TEXT1:DATA:FMSD:DATA 1e-009;:DISP:WIND:TEXT2:DATA:FMSD:DATA 1e-009;:FORM:ASC:LONG ON;:FORM:BORD NORM;:FORM:DATA ASC,64;:FREQ:CW 125;:FUNC:DEV1:MODE OFF;:FUNC:DEV1:REF:VAL 0;:FUNC:DEV2:MODE OFF;:FUNC:DEV2:REF:VAL 0;:FUNC:IMP:TYPE LSRS;:FUNC:SMON:IDC:STAT OFF;:FUNC:SMON:VDC:STAT OFF;:INIT:CONT OFF;:LIST:MODE SEQ;:LIST:STIM:TYPE FREQ,NONE;:SOUR:DCS:VOLT:LEV 0;:TRIG:DEL 0;:TRIG:SOUR INT;:TRIG:TDEL 0;:DISP:WIND:TEXT1:DATA:FMSD:STAT OFF;:DISP:WIND:TEXT2:DATA:FMSD:STAT OFF;:FUNC:DCR:RANG:VAL 100;:FUNC:IMP:RANG:VAL 300;:OUTP:DC:ISOL:LEV:VAL 0.002;:OUTP:DC:ISOL:STAT OFF;:FUNC:DCR:RANG:AUTO ON;:FUNC:IMP:RANG:AUTO ON;:OUTP:DC:ISOL:LEV:AUTO ON;:DISP:PAGE MEASurement;
"
127.0,0.9337448455,698.3309413,4.61235e-06,0.00471341
127.0,0.9453862758,708.0313574,4.57559e-06,0.00471502
127.0,0.9400381683,706.8565632,4.57818e-06,0.00471483
127.0,0.9464029225,706.1939242,4.57867e-06,0.00471007
127.0,0.9399927782,702.1389686,4.56691e-06,0.00471374
127.0,0.9364651433,698.5934541,4.58801e-06,0.00471352
127.0,0.9350136155,706.652503,4.6068e-06,0.0047152
127.0,0.9461030497,706.5484751,4.5986e-06,0.00471572
127.0,0.9409268412,701.0645739,4.58833e-06,0.00471437
127.0,0.9546316636,700.2071664,4.58391e-06,0.00471204
127.0,0.9324327769,709.4375277,4.5773e-06,0.00471422
127.0,0.9365060889,714.9423952,4.59248e-06,0.00471159
127.0,0.9388320231,706.9355164,4.60071e-06,0.0047143
127.0,0.9353100051,700.0236352,4.59526e-06,0.00471085
127.0,0.9364811911,700.1564211,4.56475e-06,0.00471658
127.0,0.9398642372,705.0997499,4.56464e-06,0.0047152
Freq,127,Rs,704.45082329375,4.597480823777044,Ls,0.93988322661875,0.005794835034896806
":SOUR:DCS:STAT OFF;:BIAS:STAT OFF;:COMP:BIN:COUN:CLE;:LIST:CLE:ALL;:COMP:BIN:CLE;:AMPL:ALC OFF;:APER MED,4;:BIAS:POL:AUTO OFF;:BIAS:RANG:AUTO ON;:BIAS:VOLT:LEV 0;:COMP:ABIN OFF;:COMP:BIN:COUN:STAT OFF;:COMP:MODE PTOL;:COMP:SLIM -9.9e+037,9.9e+037;:COMP:STAT OFF;:COMP:SWAP OFF;:COMP:TOL:NOM 0;:CURR:LEV 5e-005;:DISP:ENAB ON;:DISP:LINE """";:DISP:WIND:TEXT1:DATA:FMSD:DATA 1e-009;:DISP:WIND:TEXT2:DATA:FMSD:DATA 1e-009;:FORM:ASC:LONG ON;:FORM:BORD NORM;:FORM:DATA ASC,64;:FREQ:CW 127;:FUNC:DEV1:MODE OFF;:FUNC:DEV1:REF:VAL 0;:FUNC:DEV2:MODE OFF;:FUNC:DEV2:REF:VAL 0;:FUNC:IMP:TYPE LSRS;:FUNC:SMON:IDC:STAT OFF;:FUNC:SMON:VDC:STAT OFF;:INIT:CONT OFF;:LIST:MODE SEQ;:LIST:STIM:TYPE FREQ,NONE;:SOUR:DCS:VOLT:LEV 0;:TRIG:DEL 0;:TRIG:SOUR INT;:TRIG:TDEL 0;:DISP:WIND:TEXT1:DATA:FMSD:STAT OFF;:DISP:WIND:TEXT2:DATA:FMSD:STAT OFF;:FUNC:DCR:RANG:VAL 100;:FUNC:IMP:RANG:VAL 1000;:OUTP:DC:ISOL:LEV:VAL 0.002;:OUTP:DC:ISOL:STAT OFF;:FUNC:DCR:RANG:AUTO ON;:FUNC:IMP:RANG:AUTO ON;:OUTP:DC:ISOL:LEV:AUTO ON;:DISP:PAGE MEASurement;
"
130.0,0.3429000514,898.7843896,4.87819e-06,0.00457553
130.0,0.3589958999,892.4562528,4.85752e-06,0.00457646
130.0,0.3423069146,898.5534069,4.84373e-06,0.00457653
130.0,0.3507707526,905.3471785,4.8915e-06,0.00457393
130.0,0.3512987552,892.8896304,4.85503e-06,0.00457479
130.0,0.3460637538,904.2718596,4.88791e-06,0.00457526
130.0,0.3454019853,894.0589879,4.88378e-06,0.00456748
130.0,0.3464726703,891.8662592,4.89036e-06,0.00457115
130.0,0.3436478388,899.5471758,4.90035e-06,0.00457193
130.0,0.3395165417,896.4708022,4.8685e-06,0.00457434
130.0,0.3427280113,897.8535711,4.86972e-06,0.00457382
130.0,0.3461969579,894.9972117,4.86315e-06,0.00457703
130.0,0.3427069924,900.1930065,4.89362e-06,0.0045764
130.0,0.3429345355,904.0640091,4.86798e-06,0.00457094
130.0,0.3411823838,897.3405308,4.87191e-06,0.00457504
130.0,0.3333955919,898.7237797,4.9175e-06,0.00457281
Freq,130,Rs,897.9636282375,4.167585999685871,Ls,0.344782477275,0.005659683605255387
":SOUR:DCS:STAT OFF;:BIAS:STAT OFF;:COMP:BIN:COUN:CLE;:LIST:CLE:ALL;:COMP:BIN:CLE;:AMPL:ALC OFF;:APER MED,4;:BIAS:POL:AUTO OFF;:BIAS:RANG:AUTO ON;:BIAS:VOLT:LEV 0;:COMP:ABIN OFF;:COMP:BIN:COUN:STAT OFF;:COMP:MODE PTOL;:COMP:SLIM -9.9e+037,9.9e+037;:COMP:STAT OFF;:COMP:SWAP OFF;:COMP:TOL:NOM 0;:CURR:LEV 5e-005;:DISP:ENAB ON;:DISP:LINE """";:DISP:WIND:TEXT1:DATA:FMSD:DATA 1e-009;:DISP:WIND:TEXT2:DATA:FMSD:DATA 1e-009;:FORM:ASC:LONG ON;:FORM:BORD NORM;:FORM:DATA ASC,64;:FREQ:CW 130;:FUNC:DEV1:MODE OFF;:FUNC:DEV1:REF:VAL 0;:FUNC:DEV2:MODE OFF;:FUNC:DEV2:REF:VAL 0;:FUNC:IMP:TYPE LSRS;:FUNC:SMON:IDC:STAT OFF;:FUNC:SMON:VDC:STAT OFF;:INIT:CONT OFF;:LIST:MODE SEQ;:LIST:STIM:TYPE FREQ,NONE;:SOUR:DCS:VOLT:LEV 0;:TRIG:DEL 0;:TRIG:SOUR INT;:TRIG:TDEL 0;:DISP:WIND:TEXT1:DATA:FMSD:STAT OFF;:DISP:WIND:TEXT2:DATA:FMSD:STAT OFF;:FUNC:DCR:RANG:VAL 100;:FUNC:IMP:RANG:VAL 300;:OUTP:DC:ISOL:LEV:VAL 0.002;:OUTP:DC:ISOL:STAT OFF;:FUNC:DCR:RANG:AUTO ON;:FUNC:IMP:RANG:AUTO ON;:OUTP:DC:ISOL:LEV:AUTO ON;:DISP:PAGE MEASurement;
"
132.0,0.3137147966,628.616735,6.50456e-06,0.00443808
132.0,0.3099717658,628.8245882,6.49474e-06,0.00443378
132.0,0.3115665618,631.561185,6.50823e-06,0.00443507
132.0,0.3136367755,631.3488932,6.4916e-06,0.00443613
132.0,0.3150008289,631.9870926,6.54907e-06,0.00443744
132.0,0.3104186406,628.3527072,6.48274e-06,0.00443446
132.0,0.3142785241,636.1013139,6.50095e-06,0.00443465
132.0,0.312982728,629.4985884,6.51302e-06,0.00443621
132.0,0.3170562615,633.58292,6.49688e-06,0.00443301
132.0,0.3092174706,632.4646989,6.47621e-06,0.00443098
132.0,0.3108739121,630.8986353,6.50157e-06,0.00442945
132.0,0.3101612367,629.5261097,6.48448e-06,0.00443148
132.0,0.3116649483,630.7360244,6.47311e-06,0.00443353
132.0,0.3157781622,633.3186215,6.51093e-06,0.0044367
132.0,0.3171710246,632.9500593,6.51072e-06,0.0044347
132.0,0.3105862757,635.384596,6.45156e-06,0.00443393
Freq,132,Rs,631.5720480374999,2.3287464400382087,Ls,0.3127549945625,0.002576124339344837
":SOUR:DCS:STAT OFF;:BIAS:STAT OFF;:COMP:BIN:COUN:CLE;:LIST:CLE:ALL;:COMP:BIN:CLE;:AMPL:ALC OFF;:APER MED,4;:BIAS:POL:AUTO OFF;:BIAS:RANG:AUTO ON;:BIAS:VOLT:LEV 0;:COMP:ABIN OFF;:COMP:BIN:COUN:STAT OFF;:COMP:MODE PTOL;:COMP:SLIM -9.9e+037,9.9e+037;:COMP:STAT OFF;:COMP:SWAP OFF;:COMP:TOL:NOM 0;:CURR:LEV 5e-005;:DISP:ENAB ON;:DISP:LINE """";:DISP:WIND:TEXT1:DATA:FMSD:DATA 1e-009;:DISP:WIND:TEXT2:DATA:FMSD:DATA 1e-009;:FORM:ASC:LONG ON;:FORM:BORD NORM;:FORM:DATA ASC,64;:FREQ:CW 132;:FUNC:DEV1:MODE OFF;:FUNC:DEV1:REF:VAL 0;:FUNC:DEV2:MODE OFF;:FUNC:DEV2:REF:VAL 0;:FUNC:IMP:TYPE LSRS;:FUNC:SMON:IDC:STAT OFF;:FUNC:SMON:VDC:STAT OFF;:INIT:CONT OFF;:LIST:MODE SEQ;:LIST:STIM:TYPE FREQ,NONE;:SOUR:DCS:VOLT:LEV 0;:TRIG:DEL 0;:TRIG:SOUR INT;:TRIG:TDEL 0;:DISP:WIND:TEXT1:DATA:FMSD:STAT OFF;:DISP:WIND:TEXT2:DATA:FMSD:STAT OFF;:FUNC:DCR:RANG:VAL 100;:FUNC:IMP:RANG:VAL 300;:OUTP:DC:ISOL:LEV:VAL 0.002;:OUTP:DC:ISOL:STAT OFF;:FUNC:DCR:RANG:AUTO ON;:FUNC:IMP:RANG:AUTO ON;:OUTP:DC:ISOL:LEV:AUTO ON;:DISP:PAGE MEASurement;
"
135.0,0.4256984884,518.0926647,7.02416e-06,0.00445361
135.0,0.4257997905,521.5019522,7.02528e-06,0.00445152
135.0,0.4272890454,520.8155965,7.02315e-06,0.00445256
135.0,0.424454711,519.1462776,7.02452e-06,0.00445169
135.0,0.4283335665,520.3833715,7.03135e-06,0.00445244
135.0,0.4282241343,521.4623292,7.03236e-06,0.00445098
135.0,0.4262478533,522.0709273,7.02478e-06,0.00445029
135.0,0.4278829216,519.6888653,7.02432e-06,0.00445289
135.0,0.4291981215,520.2407442,7.01175e-06,0.00445238
135.0,0.4263069586,521.3429252,7.01865e-06,0.00445174
135.0,0.4291300609,519.829539,7.02718e-06,0.00445056
135.0,0.429590761,518.8812639,7.03488e-06,0.0044506
135.0,0.4289614129,519.0262307,7.00545e-06,0.004449
135.0,0.4281171759,517.352096,7.02053e-06,0.00445155
135.0,0.4268835162,520.7854579,7.00383e-06,0.00445203
135.0,0.4301451037,519.9293332,7.01882e-06,0.00445325
Freq,135,Rs,520.0343484,1.3080129829071336,Ls,0.42764147635625,0.001618569376598522
":SOUR:DCS:STAT OFF;:BIAS:STAT OFF;:COMP:BIN:COUN:CLE;:LIST:CLE:ALL;:COMP:BIN:CLE;:AMPL:ALC OFF;:APER MED,4;:BIAS:POL:AUTO OFF;:BIAS:RANG:AUTO ON;:BIAS:VOLT:LEV 0;:COMP:ABIN OFF;:COMP:BIN:COUN:STAT OFF;:COMP:MODE PTOL;:COMP:SLIM -9.9e+037,9.9e+037;:COMP:STAT OFF;:COMP:SWAP OFF;:COMP:TOL:NOM 0;:CURR:LEV 5e-005;:DISP:ENAB ON;:DISP:LINE """";:DISP:WIND:TEXT1:DATA:FMSD:DATA 1e-009;:DISP:WIND:TEXT2:DATA:FMSD:DATA 1e-009;:FORM:ASC:LONG ON;:FORM:BORD NORM;:FORM:DATA ASC,64;:FREQ:CW 135;:FUNC:DEV1:MODE OFF;:FUNC:DEV1:REF:VAL 0;:FUNC:DEV2:MODE OFF;:FUNC:DEV2:REF:VAL 0;:FUNC:IMP:TYPE LSRS;:FUNC:SMON:IDC:STAT OFF;:FUNC:SMON:VDC:STAT OFF;:INIT:CONT OFF;:LIST:MODE SEQ;:LIST:STIM:TYPE FREQ,NONE;:SOUR:DCS:VOLT:LEV 0;:TRIG:DEL 0;:TRIG:SOUR INT;:TRIG:TDEL 0;:DISP:WIND:TEXT1:DATA:FMSD:STAT OFF;:DISP:WIND:TEXT2:DATA:FMSD:STAT OFF;:FUNC:DCR:RANG:VAL 100;:FUNC:IMP:RANG:VAL 300;:OUTP:DC:ISOL:LEV:VAL 0.002;:OUTP:DC:ISOL:STAT OFF;:FUNC:DCR:RANG:AUTO ON;:FUNC:IMP:RANG:AUTO ON;:OUTP:DC:ISOL:LEV:AUTO ON;:DISP:PAGE MEASurement;
"
137.0,0.4734244909,498.42397,6.9675e-06,0.00448868
137.0,0.4753248146,500.3268823,6.95041e-06,0.00448908
137.0,0.4774202086,499.5144311,6.968e-06,0.00448853
137.0,0.474937515,500.6159554,6.95752e-06,0.00448555
137.0,0.4759537504,499.3909716,6.94839e-06,0.00448516
137.0,0.477554999,498.2741104,6.94743e-06,0.00448618
137.0,0.4764592403,498.7555277,6.95182e-06,0.00448803
137.0,0.4758679769,500.3404135,6.93312e-06,0.00448705
137.0,0.4779965909,499.9919269,6.94357e-06,0.00448768
137.0,0.4748843363,498.9654955,6.9398e-06,0.00448373
137.0,0.4759907757,501.5575749,6.94561e-06,0.00448674
137.0,0.4750781688,498.7923661,6.95158e-06,0.00448532
137.0,0.4761689079,499.5806738,6.93951e-06,0.00448601
137.0,0.4738176336,499.1695388,6.95004e-06,0.00448882
137.0,0.4772524015,499.230174,6.96235e-06,0.00448962
137.0,0.4750850151,500.482986,6.94834e-06,0.00448804
Freq,137,Rs,499.588312375,0.9001632635313394,Ls,0.47582605159375,0.001308364159799282
":SOUR:DCS:STAT OFF;:BIAS:STAT OFF;:COMP:BIN:COUN:CLE;:LIST:CLE:ALL;:COMP:BIN:CLE;:AMPL:ALC OFF;:APER MED,4;:BIAS:POL:AUTO OFF;:BIAS:RANG:AUTO ON;:BIAS:VOLT:LEV 0;:COMP:ABIN OFF;:COMP:BIN:COUN:STAT OFF;:COMP:MODE PTOL;:COMP:SLIM -9.9e+037,9.9e+037;:COMP:STAT OFF;:COMP:SWAP OFF;:COMP:TOL:NOM 0;:CURR:LEV 5e-005;:DISP:ENAB ON;:DISP:LINE """";:DISP:WIND:TEXT1:DATA:FMSD:DATA 1e-009;:DISP:WIND:TEXT2:DATA:FMSD:DATA 1e-009;:FORM:ASC:LONG ON;:FORM:BORD NORM;:FORM:DATA ASC,64;:FREQ:CW 137;:FUNC:DEV1:MODE OFF;:FUNC:DEV1:REF:VAL 0;:FUNC:DEV2:MODE OFF;:FUNC:DEV2:REF:VAL 0;:FUNC:IMP:TYPE LSRS;:FUNC:SMON:IDC:STAT OFF;:FUNC:SMON:VDC:STAT OFF;:INIT:CONT OFF;:LIST:MODE SEQ;:LIST:STIM:TYPE FREQ,NONE;:SOUR:DCS:VOLT:LEV 0;:TRIG:DEL 0;:TRIG:SOUR INT;:TRIG:TDEL 0;:DISP:WIND:TEXT1:DATA:FMSD:STAT OFF;:DISP:WIND:TEXT2:DATA:FMSD:STAT OFF;:FUNC:DCR:RANG:VAL 100;:FUNC:IMP:RANG:VAL 300;:OUTP:DC:ISOL:LEV:VAL 0.002;:OUTP:DC:ISOL:STAT OFF;:FUNC:DCR:RANG:AUTO ON;:FUNC:IMP:RANG:AUTO ON;:OUTP:DC:ISOL:LEV:AUTO ON;:DISP:PAGE MEASurement;
"
140.0,0.524943208,488.3360369,6.77713e-06,0.0045302
140.0,0.5236194419,486.4780921,6.75687e-06,0.0045311
140.0,0.5187483105,487.4378409,6.78157e-06,0.00452961
140.0,0.5247901604,486.859997,6.74479e-06,0.0045292
140.0,0.5207487743,487.9111889,6.76939e-06,0.00452959
140.0,0.5210075286,488.040505,6.73392e-06,0.00453163
140.0,0.5220087407,492.2128393,6.76684e-06,0.00452995
140.0,0.5222674755,489.6482604,6.76413e-06,0.00452897
140.0,0.5188423206,487.3877132,6.78568e-06,0.00453071
140.0,0.5248372999,489.213154,6.76213e-06,0.00453061
140.0,0.523530349,489.4784661,6.76706e-06,0.00452975
140.0,0.519379525,487.3026348,6.7453e-06,0.00453114
140.0,0.522063079,490.6817745,6.75392e-06,0.00453064
140.0,0.519144488,489.424033,6.76275e-06,0.00452752
140.0,0.5223356499,487.7809979,6.77118e-06,0.00452929
140.0,0.5198740343,486.9785092,6.76928e-06,0.00453209
Freq,140,Rs,488.4482527,1.5520777388564977,Ls,0.5217587741,0.0021810559650035366
":SOUR:DCS:STAT OFF;:BIAS:STAT OFF;:COMP:BIN:COUN:CLE;:LIST:CLE:ALL;:COMP:BIN:CLE;:AMPL:ALC OFF;:APER MED,4;:BIAS:POL:AUTO OFF;:BIAS:RANG:AUTO ON;:BIAS:VOLT:LEV 0;:COMP:ABIN OFF;:COMP:BIN:COUN:STAT OFF;:COMP:MODE PTOL;:COMP:SLIM -9.9e+037,9.9e+037;:COMP:STAT OFF;:COMP:SWAP OFF;:COMP:TOL:NOM 0;:CURR:LEV 5e-005;:DISP:ENAB ON;:DISP:LINE """";:DISP:WIND:TEXT1:DATA:FMSD:DATA 1e-009;:DISP:WIND:TEXT2:DATA:FMSD:DATA 1e-009;:FORM:ASC:LONG ON;:FORM:BORD NORM;:FORM:DATA ASC,64;:FREQ:CW 140;:FUNC:DEV1:MODE OFF;:FUNC:DEV1:REF:VAL 0;:FUNC:DEV2:MODE OFF;:FUNC:DEV2:REF:VAL 0;:FUNC:IMP:TYPE LSRS;:FUNC:SMON:IDC:STAT OFF;:FUNC:SMON:VDC:STAT OFF;:INIT:CONT OFF;:LIST:MODE SEQ;:LIST:STIM:TYPE FREQ,NONE;:SOUR:DCS:VOLT:LEV 0;:TRIG:DEL 0;:TRIG:SOUR INT;:TRIG:TDEL 0;:DISP:WIND:TEXT1:DATA:FMSD:STAT OFF;:DISP:WIND:TEXT2:DATA:FMSD:STAT OFF;:FUNC:DCR:RANG:VAL 100;:FUNC:IMP:RANG:VAL 300;:OUTP:DC:ISOL:LEV:VAL 0.002;:OUTP:DC:ISOL:STAT OFF;:FUNC:DCR:RANG:AUTO ON;:FUNC:IMP:RANG:AUTO ON;:OUTP:DC:ISOL:LEV:AUTO ON;:DISP:PAGE MEASurement;
"
142.0,0.5392813175,487.1189513,6.64293e-06,0.00455112
142.0,0.5393417662,484.5844012,6.6449e-06,0.00455226
142.0,0.5419169397,485.9966085,6.626e-06,0.00455283
142.0,0.5433091361,487.1747542,6.63366e-06,0.00455044
142.0,0.5433719682,484.9925926,6.64833e-06,0.00455273
142.0,0.5426550596,484.933059,6.61992e-06,0.00455239
142.0,0.5413771058,486.2403556,6.63289e-06,0.00455173
142.0,0.5437693634,484.6789653,6.65359e-06,0.00455321
142.0,0.5414706849,485.0558757,6.63691e-06,0.00455452
142.0,0.5417803127,484.8138052,6.65372e-06,0.00455272
142.0,0.5431907713,484.2172137,6.62862e-06,0.00455056
142.0,0.5413320154,485.3588778,6.64292e-06,0.00455302
142.0,0.5418275063,483.6117627,6.62891e-06,0.00455011
142.0,0.5412846568,484.9485113,6.64064e-06,0.00455124
142.0,0.5423940799,485.3060719,6.65332e-06,0.00455106
142.0,0.5405398154,486.4443806,6.65259e-06,0.00455074
Freq,142,Rs,485.3422616625,1.0015441848938698,Ls,0.5418026562,0.0013268155651098732
":SOUR:DCS:STAT OFF;:BIAS:STAT OFF;:COMP:BIN:COUN:CLE;:LIST:CLE:ALL;:COMP:BIN:CLE;:AMPL:ALC OFF;:APER MED,4;:BIAS:POL:AUTO OFF;:BIAS:RANG:AUTO ON;:BIAS:VOLT:LEV 0;:COMP:ABIN OFF;:COMP:BIN:COUN:STAT OFF;:COMP:MODE PTOL;:COMP:SLIM -9.9e+037,9.9e+037;:COMP:STAT OFF;:COMP:SWAP OFF;:COMP:TOL:NOM 0;:CURR:LEV 5e-005;:DISP:ENAB ON;:DISP:LINE """";:DISP:WIND:TEXT1:DATA:FMSD:DATA 1e-009;:DISP:WIND:TEXT2:DATA:FMSD:DATA 1e-009;:FORM:ASC:LONG ON;:FORM:BORD NORM;:FORM:DATA ASC,64;:FREQ:CW 142;:FUNC:DEV1:MODE OFF;:FUNC:DEV1:REF:VAL 0;:FUNC:DEV2:MODE OFF;:FUNC:DEV2:REF:VAL 0;:FUNC:IMP:TYPE LSRS;:FUNC:SMON:IDC:STAT OFF;:FUNC:SMON:VDC:STAT OFF;:INIT:CONT OFF;:LIST:MODE SEQ;:LIST:STIM:TYPE FREQ,NONE;:SOUR:DCS:VOLT:LEV 0;:TRIG:DEL 0;:TRIG:SOUR INT;:TRIG:TDEL 0;:DISP:WIND:TEXT1:DATA:FMSD:STAT OFF;:DISP:WIND:TEXT2:DATA:FMSD:STAT OFF;:FUNC:DCR:RANG:VAL 100;:FUNC:IMP:RANG:VAL 300;:OUTP:DC:ISOL:LEV:VAL 0.002;:OUTP:DC:ISOL:STAT OFF;:FUNC:DCR:RANG:AUTO ON;:FUNC:IMP:RANG:AUTO ON;:OUTP:DC:ISOL:LEV:AUTO ON;:DISP:PAGE MEASurement;
"
145.0,0.5651646535,486.5364089,6.46276e-06,0.0045772
145.0,0.5650728841,485.4095621,6.46037e-06,0.0045791
145.0,0.5667511655,486.8636588,6.46637e-06,0.00457823
145.0,0.5645073163,486.5796199,6.45387e-06,0.0045785
145.0,0.5667019195,488.1152719,6.46368e-06,0.00457952
145.0,0.5642815112,485.8108033,6.4573e-06,0.00457711
145.0,0.5645262459,485.6193713,6.47847e-06,0.00457826
145.0,0.5659029659,486.5723549,6.46157e-06,0.00457762
145.0,0.5656551248,486.6646752,6.45505e-06,0.00457808
145.0,0.5662607822,486.2648587,6.46657e-06,0.00457739
145.0,0.5640182412,487.5004158,6.44491e-06,0.00457704
145.0,0.5660318874,487.6437814,6.46778e-06,0.00457907
145.0,0.5666475497,487.1602348,6.46413e-06,0.00457716
145.0,0.5656101861,487.4784295,6.4732e-06,0.00457759
145.0,0.5652921004,487.0759526,6.46364e-06,0.00457778
145.0,0.5655310954,487.1230124,6.45609e-06,0.00457689
Freq,145,Rs,486.77615071875,0.7518082488049328,Ls,0.5654972268187499,0.0008694852624578612
":SOUR:DCS:STAT OFF;:BIAS:STAT OFF;:COMP:BIN:COUN:CLE;:LIST:CLE:ALL;:COMP:BIN:CLE;:AMPL:ALC OFF;:APER MED,4;:BIAS:POL:AUTO OFF;:BIAS:RANG:AUTO ON;:BIAS:VOLT:LEV 0;:COMP:ABIN OFF;:COMP:BIN:COUN:STAT OFF;:COMP:MODE PTOL;:COMP:SLIM -9.9e+037,9.9e+037;:COMP:STAT OFF;:COMP:SWAP OFF;:COMP:TOL:NOM 0;:CURR:LEV 5e-005;:DISP:ENAB ON;:DISP:LINE """";:DISP:WIND:TEXT1:DATA:FMSD:DATA 1e-009;:DISP:WIND:TEXT2:DATA:FMSD:DATA 1e-009;:FORM:ASC:LONG ON;:FORM:BORD NORM;:FORM:DATA ASC,64;:FREQ:CW 145;:FUNC:DEV1:MODE OFF;:FUNC:DEV1:REF:VAL 0;:FUNC:DEV2:MODE OFF;:FUNC:DEV2:REF:VAL 0;:FUNC:IMP:TYPE LSRS;:FUNC:SMON:IDC:STAT OFF;:FUNC:SMON:VDC:STAT OFF;:INIT:CONT OFF;:LIST:MODE SEQ;:LIST:STIM:TYPE FREQ,NONE;:SOUR:DCS:VOLT:LEV 0;:TRIG:DEL 0;:TRIG:SOUR INT;:TRIG:TDEL 0;:DISP:WIND:TEXT1:DATA:FMSD:STAT OFF;:DISP:WIND:TEXT2:DATA:FMSD:STAT OFF;:FUNC:DCR:RANG:VAL 100;:FUNC:IMP:RANG:VAL 300;:OUTP:DC:ISOL:LEV:VAL 0.002;:OUTP:DC:ISOL:STAT OFF;:FUNC:DCR:RANG:AUTO ON;:FUNC:IMP:RANG:AUTO ON;:OUTP:DC:ISOL:LEV:AUTO ON;:DISP:PAGE MEASurement;
"
150.0,0.5955722806,497.9743004,6.13904e-06,0.00461213
150.0,0.5961433189,499.7197835,6.13493e-06,0.00461099
150.0,0.5957019493,497.9121787,6.15551e-06,0.00461172
150.0,0.593813776,497.3233652,6.16017e-06,0.00461209
150.0,0.5972435308,498.677721,6.13424e-06,0.00461195
150.0,0.5955508674,499.2221694,6.14302e-06,0.00461218
150.0,0.5972328681,499.546548,6.14965e-06,0.00461164
150.0,0.5955223371,497.0958598,6.14205e-06,0.0046131
150.0,0.5946508118,500.3232699,6.14763e-06,0.0046117
150.0,0.5956184752,498.7534929,6.15002e-06,0.00461072
150.0,0.5956147685,497.5375227,6.14422e-06,0.00461175
150.0,0.5936620232,497.3279922,6.13919e-06,0.00461189
150.0,0.5956257377,497.5069277,6.14882e-06,0.00461056
150.0,0.5945975457,497.7918771,6.1576e-06,0.00461197
150.0,0.5954105642,497.388066,6.13508e-06,0.00461109
150.0,0.5945029552,497.9744378,6.15758e-06,0.00461195
Freq,150,Rs,498.25471951875,0.9946658020805402,Ls,0.5954039881062501,0.001005331199740179
":SOUR:DCS:STAT OFF;:BIAS:STAT OFF;:COMP:BIN:COUN:CLE;:LIST:CLE:ALL;:COMP:BIN:CLE;:AMPL:ALC OFF;:APER MED,4;:BIAS:POL:AUTO OFF;:BIAS:RANG:AUTO ON;:BIAS:VOLT:LEV 0;:COMP:ABIN OFF;:COMP:BIN:COUN:STAT OFF;:COMP:MODE PTOL;:COMP:SLIM -9.9e+037,9.9e+037;:COMP:STAT OFF;:COMP:SWAP OFF;:COMP:TOL:NOM 0;:CURR:LEV 5e-005;:DISP:ENAB ON;:DISP:LINE """";:DISP:WIND:TEXT1:DATA:FMSD:DATA 1e-009;:DISP:WIND:TEXT2:DATA:FMSD:DATA 1e-009;:FORM:ASC:LONG ON;:FORM:BORD NORM;:FORM:DATA ASC,64;:FREQ:CW 150;:FUNC:DEV1:MODE OFF;:FUNC:DEV1:REF:VAL 0;:FUNC:DEV2:MODE OFF;:FUNC:DEV2:REF:VAL 0;:FUNC:IMP:TYPE LSRS;:FUNC:SMON:IDC:STAT OFF;:FUNC:SMON:VDC:STAT OFF;:INIT:CONT OFF;:LIST:MODE SEQ;:LIST:STIM:TYPE FREQ,NONE;:SOUR:DCS:VOLT:LEV 0;:TRIG:DEL 0;:TRIG:SOUR INT;:TRIG:TDEL 0;:DISP:WIND:TEXT1:DATA:FMSD:STAT OFF;:DISP:WIND:TEXT2:DATA:FMSD:STAT OFF;:FUNC:DCR:RANG:VAL 100;:FUNC:IMP:RANG:VAL 300;:OUTP:DC:ISOL:LEV:VAL 0.002;:OUTP:DC:ISOL:STAT OFF;:FUNC:DCR:RANG:AUTO ON;:FUNC:IMP:RANG:AUTO ON;:OUTP:DC:ISOL:LEV:AUTO ON;:DISP:PAGE MEASurement;
"
153.0,0.6017856505,525.3004979,5.92996e-06,0.00462761
153.0,0.6025572991,524.0058938,5.93793e-06,0.00462743
153.0,0.6013869723,525.2020268,5.92627e-06,0.00462682
153.0,0.602096848,523.8294893,5.92188e-06,0.00462668
153.0,0.6013524705,523.9992074,5.9298e-06,0.00462861
153.0,0.6017868752,525.3867769,5.91939e-06,0.00462755
153.0,0.6014474431,524.7843827,5.92999e-06,0.00462803
153.0,0.6025125743,525.3459905,5.92917e-06,0.00462742
153.0,0.6011409148,525.0678214,5.91918e-06,0.00462724
153.0,0.6017298699,526.1269327,5.92572e-06,0.00462694
153.0,0.6012287815,525.3949143,5.92652e-06,0.0046274
153.0,0.6023109312,526.1602218,5.92743e-06,0.00462742
153.0,0.6017388669,525.0912115,5.92269e-06,0.00462737
153.0,0.6032059586,525.1209157,5.92782e-06,0.00462646
153.0,0.601530633,525.4331872,5.93144e-06,0.0046268
153.0,0.6028333877,525.0245254,5.92173e-06,0.00462659
Freq,153,Rs,525.07962470625,0.6679939603829705,Ls,0.6019153422875,0.0006109898379244779
":SOUR:DCS:STAT OFF;:BIAS:STAT OFF;:COMP:BIN:COUN:CLE;:LIST:CLE:ALL;:COMP:BIN:CLE;:AMPL:ALC OFF;:APER MED,4;:BIAS:POL:AUTO OFF;:BIAS:RANG:AUTO ON;:BIAS:VOLT:LEV 0;:COMP:ABIN OFF;:COMP:BIN:COUN:STAT OFF;:COMP:MODE PTOL;:COMP:SLIM -9.9e+037,9.9e+037;:COMP:STAT OFF;:COMP:SWAP OFF;:COMP:TOL:NOM 0;:CURR:LEV 5e-005;:DISP:ENAB ON;:DISP:LINE """";:DISP:WIND:TEXT1:DATA:FMSD:DATA 1e-009;:DISP:WIND:TEXT2:DATA:FMSD:DATA 1e-009;:FORM:ASC:LONG ON;:FORM:BORD NORM;:FORM:DATA ASC,64;:FREQ:CW 153;:FUNC:DEV1:MODE OFF;:FUNC:DEV1:REF:VAL 0;:FUNC:DEV2:MODE OFF;:FUNC:DEV2:REF:VAL 0;:FUNC:IMP:TYPE LSRS;:FUNC:SMON:IDC:STAT OFF;:FUNC:SMON:VDC:STAT OFF;:INIT:CONT OFF;:LIST:MODE SEQ;:LIST:STIM:TYPE FREQ,NONE;:SOUR:DCS:VOLT:LEV 0;:TRIG:DEL 0;:TRIG:SOUR INT;:TRIG:TDEL 0;:DISP:WIND:TEXT1:DATA:FMSD:STAT OFF;:DISP:WIND:TEXT2:DATA:FMSD:STAT OFF;:FUNC:DCR:RANG:VAL 100;:FUNC:IMP:RANG:VAL 300;:OUTP:DC:ISOL:LEV:VAL 0.002;:OUTP:DC:ISOL:STAT OFF;:FUNC:DCR:RANG:AUTO ON;:FUNC:IMP:RANG:AUTO ON;:OUTP:DC:ISOL:LEV:AUTO ON;:DISP:PAGE MEASurement;
"
155.0,0.5788269957,530.744533,5.97058e-06,0.00461868
155.0,0.5776030835,530.2351453,5.97409e-06,0.00461923
155.0,0.5780844312,531.8857516,5.96295e-06,0.00461833
155.0,0.5790989275,531.373644,5.97584e-06,0.00461919
155.0,0.5790900291,530.8929804,5.96576e-06,0.00461933
155.0,0.5790576165,530.7912036,5.96664e-06,0.00461832
155.0,0.5786442333,531.1486721,5.96693e-06,0.00461865
155.0,0.5781929147,530.9549008,5.96261e-06,0.00461845
155.0,0.579092147,530.1502512,5.96909e-06,0.00461884
155.0,0.5776336296,531.6393733,5.96336e-06,0.00461839
155.0,0.5787349502,530.6441453,5.97036e-06,0.00461825
155.0,0.5785103814,530.7251432,5.963e-06,0.00461785
155.0,0.578028667,531.4127385,5.96702e-06,0.00461887
155.0,0.5779173375,530.8926176,5.96071e-06,0.00461875
155.0,0.5785630054,530.7701098,5.96212e-06,0.00461759
155.0,0.5779556449,531.9898201,5.96232e-06,0.00461837
Freq,155,Rs,531.0156893625001,0.5289743063961998,Ls,0.57843962465625,0.0005277080528947325
":SOUR:DCS:STAT OFF;:BIAS:STAT OFF;:COMP:BIN:COUN:CLE;:LIST:CLE:ALL;:COMP:BIN:CLE;:AMPL:ALC OFF;:APER MED,4;:BIAS:POL:AUTO OFF;:BIAS:RANG:AUTO ON;:BIAS:VOLT:LEV 0;:COMP:ABIN OFF;:COMP:BIN:COUN:STAT OFF;:COMP:MODE PTOL;:COMP:SLIM -9.9e+037,9.9e+037;:COMP:STAT OFF;:COMP:SWAP OFF;:COMP:TOL:NOM 0;:CURR:LEV 5e-005;:DISP:ENAB ON;:DISP:LINE """";:DISP:WIND:TEXT1:DATA:FMSD:DATA 1e-009;:DISP:WIND:TEXT2:DATA:FMSD:DATA 1e-009;:FORM:ASC:LONG ON;:FORM:BORD NORM;:FORM:DATA ASC,64;:FREQ:CW 155;:FUNC:DEV1:MODE OFF;:FUNC:DEV1:REF:VAL 0;:FUNC:DEV2:MODE OFF;:FUNC:DEV2:REF:VAL 0;:FUNC:IMP:TYPE LSRS;:FUNC:SMON:IDC:STAT OFF;:FUNC:SMON:VDC:STAT OFF;:INIT:CONT OFF;:LIST:MODE SEQ;:LIST:STIM:TYPE FREQ,NONE;:SOUR:DCS:VOLT:LEV 0;:TRIG:DEL 0;:TRIG:SOUR INT;:TRIG:TDEL 0;:DISP:WIND:TEXT1:DATA:FMSD:STAT OFF;:DISP:WIND:TEXT2:DATA:FMSD:STAT OFF;:FUNC:DCR:RANG:VAL 100;:FUNC:IMP:RANG:VAL 300;:OUTP:DC:ISOL:LEV:VAL 0.002;:OUTP:DC:ISOL:STAT OFF;:FUNC:DCR:RANG:AUTO ON;:FUNC:IMP:RANG:AUTO ON;:OUTP:DC:ISOL:LEV:AUTO ON;:DISP:PAGE MEASurement;
"
160.0,0.5801921493,513.6287835,5.95323e-06,0.00463742
160.0,0.5836674523,513.3295253,5.95999e-06,0.00463799
160.0,0.5824075304,515.9716937,5.94789e-06,0.00463617
160.0,0.5822796913,513.3797476,5.96561e-06,0.00463756
160.0,0.5815855484,513.7973502,5.95651e-06,0.00463606
160.0,0.5825387801,514.2799166,5.94663e-06,0.0046383
160.0,0.5820188399,514.8933743,5.95388e-06,0.00463827
160.0,0.5823699963,514.9801581,5.95204e-06,0.00463907
160.0,0.582603929,513.9627789,5.94485e-06,0.00463839
160.0,0.5825455594,514.4999904,5.96151e-06,0.00463729
160.0,0.5810939413,514.2697515,5.96002e-06,0.00463767
160.0,0.5821136869,514.5442866,5.95722e-06,0.00463818
160.0,0.5825038943,514.8173508,5.95691e-06,0.00463792
160.0,0.5821141014,514.4360016,5.95722e-06,0.00463867
160.0,0.5836795992,515.203119,5.94988e-06,0.0046375
160.0,0.5818709568,514.791882,5.94038e-06,0.00463869
Freq,160,Rs,514.42410688125,0.7029997760961775,Ls,0.58222410351875,0.0008441818248687038
":SOUR:DCS:STAT OFF;:BIAS:STAT OFF;:COMP:BIN:COUN:CLE;:LIST:CLE:ALL;:COMP:BIN:CLE;:AMPL:ALC OFF;:APER MED,4;:BIAS:POL:AUTO OFF;:BIAS:RANG:AUTO ON;:BIAS:VOLT:LEV 0;:COMP:ABIN OFF;:COMP:BIN:COUN:STAT OFF;:COMP:MODE PTOL;:COMP:SLIM -9.9e+037,9.9e+037;:COMP:STAT OFF;:COMP:SWAP OFF;:COMP:TOL:NOM 0;:CURR:LEV 5e-005;:DISP:ENAB ON;:DISP:LINE """";:DISP:WIND:TEXT1:DATA:FMSD:DATA 1e-009;:DISP:WIND:TEXT2:DATA:FMSD:DATA 1e-009;:FORM:ASC:LONG ON;:FORM:BORD NORM;:FORM:DATA ASC,64;:FREQ:CW 160;:FUNC:DEV1:MODE OFF;:FUNC:DEV1:REF:VAL 0;:FUNC:DEV2:MODE OFF;:FUNC:DEV2:REF:VAL 0;:FUNC:IMP:TYPE LSRS;:FUNC:SMON:IDC:STAT OFF;:FUNC:SMON:VDC:STAT OFF;:INIT:CONT OFF;:LIST:MODE SEQ;:LIST:STIM:TYPE FREQ,NONE;:SOUR:DCS:VOLT:LEV 0;:TRIG:DEL 0;:TRIG:SOUR INT;:TRIG:TDEL 0;:DISP:WIND:TEXT1:DATA:FMSD:STAT OFF;:DISP:WIND:TEXT2:DATA:FMSD:STAT OFF;:FUNC:DCR:RANG:VAL 100;:FUNC:IMP:RANG:VAL 300;:OUTP:DC:ISOL:LEV:VAL 0.002;:OUTP:DC:ISOL:STAT OFF;:FUNC:DCR:RANG:AUTO ON;:FUNC:IMP:RANG:AUTO ON;:OUTP:DC:ISOL:LEV:AUTO ON;:DISP:PAGE MEASurement;
"
165.0,0.58709006,515.8098358,5.83516e-06,0.00465752
165.0,0.5878788855,515.0570177,5.83317e-06,0.00465794
165.0,0.5880249901,515.2677086,5.82695e-06,0.00465706
165.0,0.5879634653,516.3567038,5.83166e-06,0.00465744
165.0,0.5871485262,514.2400936,5.83969e-06,0.00465724
165.0,0.5880149804,515.1034911,5.84254e-06,0.00465746
165.0,0.5868745847,516.0978707,5.83901e-06,0.00465759
165.0,0.5865982865,515.5420154,5.84171e-06,0.00465627
165.0,0.5881540069,515.9499484,5.83427e-06,0.00465768
165.0,0.588950122,515.1459577,5.84187e-06,0.00465703
165.0,0.5880765236,515.9024322,5.83343e-06,0.00465584
165.0,0.5868339541,515.1079644,5.8313e-06,0.00465721
165.0,0.5878561511,515.5157377,5.83278e-06,0.00465715
165.0,0.5880772043,516.192724,5.82825e-06,0.00465632
165.0,0.587736343,516.4530538,5.83975e-06,0.00465717
165.0,0.5871631096,516.0457791,5.83272e-06,0.00465683
Freq,165,Rs,515.611770875,0.5951913070619372,Ls,0.58765257458125,0.0006302625302346905
":SOUR:DCS:STAT OFF;:BIAS:STAT OFF;:COMP:BIN:COUN:CLE;:LIST:CLE:ALL;:COMP:BIN:CLE;:AMPL:ALC OFF;:APER MED,4;:BIAS:POL:AUTO OFF;:BIAS:RANG:AUTO ON;:BIAS:VOLT:LEV 0;:COMP:ABIN OFF;:COMP:BIN:COUN:STAT OFF;:COMP:MODE PTOL;:COMP:SLIM -9.9e+037,9.9e+037;:COMP:STAT OFF;:COMP:SWAP OFF;:COMP:TOL:NOM 0;:CURR:LEV 5e-005;:DISP:ENAB ON;:DISP:LINE """";:DISP:WIND:TEXT1:DATA:FMSD:DATA 1e-009;:DISP:WIND:TEXT2:DATA:FMSD:DATA 1e-009;:FORM:ASC:LONG ON;:FORM:BORD NORM;:FORM:DATA ASC,64;:FREQ:CW 165;:FUNC:DEV1:MODE OFF;:FUNC:DEV1:REF:VAL 0;:FUNC:DEV2:MODE OFF;:FUNC:DEV2:REF:VAL 0;:FUNC:IMP:TYPE LSRS;:FUNC:SMON:IDC:STAT OFF;:FUNC:SMON:VDC:STAT OFF;:INIT:CONT OFF;:LIST:MODE SEQ;:LIST:STIM:TYPE FREQ,NONE;:SOUR:DCS:VOLT:LEV 0;:TRIG:DEL 0;:TRIG:SOUR INT;:TRIG:TDEL 0;:DISP:WIND:TEXT1:DATA:FMSD:STAT OFF;:DISP:WIND:TEXT2:DATA:FMSD:STAT OFF;:FUNC:DCR:RANG:VAL 100;:FUNC:IMP:RANG:VAL 300;:OUTP:DC:ISOL:LEV:VAL 0.002;:OUTP:DC:ISOL:STAT OFF;:FUNC:DCR:RANG:AUTO ON;:FUNC:IMP:RANG:AUTO ON;:OUTP:DC:ISOL:LEV:AUTO ON;:DISP:PAGE MEASurement;
"
170.0,0.5890769067,519.2435701,5.72838e-06,0.00467149
170.0,0.5881940623,518.3733911,5.7229e-06,0.0046721
170.0,0.5882545249,518.6419262,5.72932e-06,0.00467135
170.0,0.5900674253,519.174818,5.72386e-06,0.00467193
170.0,0.5877957403,518.6422894,5.71841e-06,0.0046727
170.0,0.5885455616,518.8528264,5.72969e-06,0.0046712
170.0,0.5887896842,519.7302141,5.72612e-06,0.00467223
170.0,0.5894834053,518.2600364,5.72105e-06,0.00467076
170.0,0.5887692579,519.4746363,5.74094e-06,0.00467166
170.0,0.5891469332,519.584372,5.72528e-06,0.00467034
170.0,0.588319007,519.7035629,5.72172e-06,0.00467113
170.0,0.5879102605,517.6805056,5.73078e-06,0.00467181
170.0,0.5885944158,519.0052453,5.72954e-06,0.00467138
170.0,0.5890113597,519.455537,5.72647e-06,0.0046707
170.0,0.5900466954,520.4009633,5.72405e-06,0.00467272
170.0,0.5878700266,519.1558429,5.72823e-06,0.00467267
Freq,170,Rs,519.0862335625,0.669303243644295,Ls,0.58874220416875,0.0007064023322022157
":SOUR:DCS:STAT OFF;:BIAS:STAT OFF;:COMP:BIN:COUN:CLE;:LIST:CLE:ALL;:COMP:BIN:CLE;:AMPL:ALC OFF;:APER MED,4;:BIAS:POL:AUTO OFF;:BIAS:RANG:AUTO ON;:BIAS:VOLT:LEV 0;:COMP:ABIN OFF;:COMP:BIN:COUN:STAT OFF;:COMP:MODE PTOL;:COMP:SLIM -9.9e+037,9.9e+037;:COMP:STAT OFF;:COMP:SWAP OFF;:COMP:TOL:NOM 0;:CURR:LEV 5e-005;:DISP:ENAB ON;:DISP:LINE """";:DISP:WIND:TEXT1:DATA:FMSD:DATA 1e-009;:DISP:WIND:TEXT2:DATA:FMSD:DATA 1e-009;:FORM:ASC:LONG ON;:FORM:BORD NORM;:FORM:DATA ASC,64;:FREQ:CW 170;:FUNC:DEV1:MODE OFF;:FUNC:DEV1:REF:VAL 0;:FUNC:DEV2:MODE OFF;:FUNC:DEV2:REF:VAL 0;:FUNC:IMP:TYPE LSRS;:FUNC:SMON:IDC:STAT OFF;:FUNC:SMON:VDC:STAT OFF;:INIT:CONT OFF;:LIST:MODE SEQ;:LIST:STIM:TYPE FREQ,NONE;:SOUR:DCS:VOLT:LEV 0;:TRIG:DEL 0;:TRIG:SOUR INT;:TRIG:TDEL 0;:DISP:WIND:TEXT1:DATA:FMSD:STAT OFF;:DISP:WIND:TEXT2:DATA:FMSD:STAT OFF;:FUNC:DCR:RANG:VAL 100;:FUNC:IMP:RANG:VAL 300;:OUTP:DC:ISOL:LEV:VAL 0.002;:OUTP:DC:ISOL:STAT OFF;:FUNC:DCR:RANG:AUTO ON;:FUNC:IMP:RANG:AUTO ON;:OUTP:DC:ISOL:LEV:AUTO ON;:DISP:PAGE MEASurement;
"
172.0,0.5885012816,520.8374737,5.68289e-06,0.00467635
172.0,0.5899647276,520.2532424,5.68927e-06,0.0046775
172.0,0.5884381723,520.3736622,5.68141e-06,0.0046762
172.0,0.5886585363,519.7346874,5.68335e-06,0.00467766
172.0,0.5901026885,519.2482044,5.68829e-06,0.00467579
172.0,0.5873362618,519.4175525,5.70828e-06,0.00467651
172.0,0.5894823556,520.701332,5.6917e-06,0.00467585
172.0,0.5891134698,520.0985881,5.68507e-06,0.00467675
172.0,0.590483876,519.362929,5.69405e-06,0.00467676
172.0,0.5916227387,518.9827071,5.69453e-06,0.00467792
172.0,0.5896072737,520.2633795,5.68473e-06,0.00467604
172.0,0.5888558676,517.6354751,5.67603e-06,0.00467625
172.0,0.5897080386,520.6491147,5.69233e-06,0.004677
172.0,0.5899864268,520.6293064,5.68027e-06,0.00467747
172.0,0.5889049024,520.6574815,5.68433e-06,0.00467651
172.0,0.5886201841,520.4767843,5.68532e-06,0.00467666
Freq,172,Rs,519.95762001875,0.853653783119123,Ls,0.5893366750875,0.0010041718428971571
":SOUR:DCS:STAT OFF;:BIAS:STAT OFF;:COMP:BIN:COUN:CLE;:LIST:CLE:ALL;:COMP:BIN:CLE;:AMPL:ALC OFF;:APER MED,4;:BIAS:POL:AUTO OFF;:BIAS:RANG:AUTO ON;:BIAS:VOLT:LEV 0;:COMP:ABIN OFF;:COMP:BIN:COUN:STAT OFF;:COMP:MODE PTOL;:COMP:SLIM -9.9e+037,9.9e+037;:COMP:STAT OFF;:COMP:SWAP OFF;:COMP:TOL:NOM 0;:CURR:LEV 5e-005;:DISP:ENAB ON;:DISP:LINE """";:DISP:WIND:TEXT1:DATA:FMSD:DATA 1e-009;:DISP:WIND:TEXT2:DATA:FMSD:DATA 1e-009;:FORM:ASC:LONG ON;:FORM:BORD NORM;:FORM:DATA ASC,64;:FREQ:CW 172;:FUNC:DEV1:MODE OFF;:FUNC:DEV1:REF:VAL 0;:FUNC:DEV2:MODE OFF;:FUNC:DEV2:REF:VAL 0;:FUNC:IMP:TYPE LSRS;:FUNC:SMON:IDC:STAT OFF;:FUNC:SMON:VDC:STAT OFF;:INIT:CONT OFF;:LIST:MODE SEQ;:LIST:STIM:TYPE FREQ,NONE;:SOUR:DCS:VOLT:LEV 0;:TRIG:DEL 0;:TRIG:SOUR INT;:TRIG:TDEL 0;:DISP:WIND:TEXT1:DATA:FMSD:STAT OFF;:DISP:WIND:TEXT2:DATA:FMSD:STAT OFF;:FUNC:DCR:RANG:VAL 100;:FUNC:IMP:RANG:VAL 300;:OUTP:DC:ISOL:LEV:VAL 0.002;:OUTP:DC:ISOL:STAT OFF;:FUNC:DCR:RANG:AUTO ON;:FUNC:IMP:RANG:AUTO ON;:OUTP:DC:ISOL:LEV:AUTO ON;:DISP:PAGE MEASurement;
"
175.0,0.588438591,520.4965633,5.63493e-06,0.00468508
175.0,0.5911836658,519.808644,5.63086e-06,0.00468519
175.0,0.5908275891,520.5910642,5.63033e-06,0.00468552
175.0,0.5908175374,521.485815,5.63124e-06,0.00468615
175.0,0.5919753278,521.2049549,5.63313e-06,0.00468569
175.0,0.5907126772,519.6191489,5.61975e-06,0.00468466
175.0,0.5909560736,520.6801979,5.62747e-06,0.00468516
175.0,0.5911326697,519.1835299,5.63211e-06,0.00468642
175.0,0.5917044026,521.0657996,5.62265e-06,0.00468387
175.0,0.5930713256,519.0843686,5.61446e-06,0.00468578
175.0,0.592154006,520.0718561,5.63556e-06,0.00468593
175.0,0.5929217132,520.0936864,5.63464e-06,0.00468677
175.0,0.5908506354,519.222722,5.62593e-06,0.00468477
175.0,0.5932181811,519.0708954,5.62632e-06,0.00468719
175.0,0.5908238973,519.8774212,5.63586e-06,0.00468557
175.0,0.589828249,521.3097488,5.62882e-06,0.00468537
Freq,175,Rs,520.1791510125,0.8261978965393625,Ls,0.5912885338625,0.0012257466333708746
":SOUR:DCS:STAT OFF;:BIAS:STAT OFF;:COMP:BIN:COUN:CLE;:LIST:CLE:ALL;:COMP:BIN:CLE;:AMPL:ALC OFF;:APER MED,4;:BIAS:POL:AUTO OFF;:BIAS:RANG:AUTO ON;:BIAS:VOLT:LEV 0;:COMP:ABIN OFF;:COMP:BIN:COUN:STAT OFF;:COMP:MODE PTOL;:COMP:SLIM -9.9e+037,9.9e+037;:COMP:STAT OFF;:COMP:SWAP OFF;:COMP:TOL:NOM 0;:CURR:LEV 5e-005;:DISP:ENAB ON;:DISP:LINE """";:DISP:WIND:TEXT1:DATA:FMSD:DATA 1e-009;:DISP:WIND:TEXT2:DATA:FMSD:DATA 1e-009;:FORM:ASC:LONG ON;:FORM:BORD NORM;:FORM:DATA ASC,64;:FREQ:CW 175;:FUNC:DEV1:MODE OFF;:FUNC:DEV1:REF:VAL 0;:FUNC:DEV2:MODE OFF;:FUNC:DEV2:REF:VAL 0;:FUNC:IMP:TYPE LSRS;:FUNC:SMON:IDC:STAT OFF;:FUNC:SMON:VDC:STAT OFF;:INIT:CONT OFF;:LIST:MODE SEQ;:LIST:STIM:TYPE FREQ,NONE;:SOUR:DCS:VOLT:LEV 0;:TRIG:DEL 0;:TRIG:SOUR INT;:TRIG:TDEL 0;:DISP:WIND:TEXT1:DATA:FMSD:STAT OFF;:DISP:WIND:TEXT2:DATA:FMSD:STAT OFF;:FUNC:DCR:RANG:VAL 100;:FUNC:IMP:RANG:VAL 300;:OUTP:DC:ISOL:LEV:VAL 0.002;:OUTP:DC:ISOL:STAT OFF;:FUNC:DCR:RANG:AUTO ON;:FUNC:IMP:RANG:AUTO ON;:OUTP:DC:ISOL:LEV:AUTO ON;:DISP:PAGE MEASurement;
"
180.0,0.5969560415,524.2511635,5.51739e-06,0.00470071
180.0,0.5980228952,526.6939851,5.4926e-06,0.00469965
180.0,0.594462552,526.4309563,5.5077e-06,0.00469905
180.0,0.5964421652,526.722659,5.52131e-06,0.0046993
180.0,0.5965166301,523.0800463,5.50103e-06,0.00469999
180.0,0.5959343225,522.7171404,5.50262e-06,0.00470127
180.0,0.5969935529,525.6653456,5.49512e-06,0.00469842
180.0,0.5932896254,526.178411,5.49296e-06,0.00469908
180.0,0.5964027271,526.0192295,5.4988e-06,0.00470159
180.0,0.5950323582,525.665942,5.50374e-06,0.0047025
180.0,0.59332119,524.2834933,5.51351e-06,0.00470102
180.0,0.5919501897,523.5041637,5.51644e-06,0.0047001
180.0,0.5916998491,524.9291831,5.50378e-06,0.00469894
180.0,0.5952590147,524.3103247,5.50706e-06,0.00469889
180.0,0.5949771371,527.1715743,5.49713e-06,0.00470042
180.0,0.5940442188,527.2564978,5.51258e-06,0.0046991
Freq,180,Rs,525.3050072249999,1.4653206340293754,Ls,0.59508152934375,0.0018485968208419384
":SOUR:DCS:STAT OFF;:BIAS:STAT OFF;:COMP:BIN:COUN:CLE;:LIST:CLE:ALL;:COMP:BIN:CLE;:AMPL:ALC OFF;:APER MED,4;:BIAS:POL:AUTO OFF;:BIAS:RANG:AUTO ON;:BIAS:VOLT:LEV 0;:COMP:ABIN OFF;:COMP:BIN:COUN:STAT OFF;:COMP:MODE PTOL;:COMP:SLIM -9.9e+037,9.9e+037;:COMP:STAT OFF;:COMP:SWAP OFF;:COMP:TOL:NOM 0;:CURR:LEV 5e-005;:DISP:ENAB ON;:DISP:LINE """";:DISP:WIND:TEXT1:DATA:FMSD:DATA 1e-009;:DISP:WIND:TEXT2:DATA:FMSD:DATA 1e-009;:FORM:ASC:LONG ON;:FORM:BORD NORM;:FORM:DATA ASC,64;:FREQ:CW 180;:FUNC:DEV1:MODE OFF;:FUNC:DEV1:REF:VAL 0;:FUNC:DEV2:MODE OFF;:FUNC:DEV2:REF:VAL 0;:FUNC:IMP:TYPE LSRS;:FUNC:SMON:IDC:STAT OFF;:FUNC:SMON:VDC:STAT OFF;:INIT:CONT OFF;:LIST:MODE SEQ;:LIST:STIM:TYPE FREQ,NONE;:SOUR:DCS:VOLT:LEV 0;:TRIG:DEL 0;:TRIG:SOUR INT;:TRIG:TDEL 0;:DISP:WIND:TEXT1:DATA:FMSD:STAT OFF;:DISP:WIND:TEXT2:DATA:FMSD:STAT OFF;:FUNC:DCR:RANG:VAL 100;:FUNC:IMP:RANG:VAL 300;:OUTP:DC:ISOL:LEV:VAL 0.002;:OUTP:DC:ISOL:STAT OFF;:FUNC:DCR:RANG:AUTO ON;:FUNC:IMP:RANG:AUTO ON;:OUTP:DC:ISOL:LEV:AUTO ON;:DISP:PAGE MEASurement;
"
185.0,0.5997693123,527.7632432,5.37357e-06,0.00471475
185.0,0.6015679122,529.1370437,5.37244e-06,0.0047121
185.0,0.6017881484,528.4317403,5.38802e-06,0.00471253
185.0,0.6006839306,530.2771143,5.37769e-06,0.00471537
185.0,0.6012482761,529.3129795,5.38427e-06,0.00471385
185.0,0.6003468539,531.0868941,5.37857e-06,0.00471237
185.0,0.6017952097,530.2301798,5.36977e-06,0.00471107
185.0,0.6002186926,530.0577093,5.37453e-06,0.0047099
185.0,0.6003422482,528.2243294,5.36136e-06,0.00471302
185.0,0.6003403899,529.1263604,5.36885e-06,0.00471498
185.0,0.6017303356,531.7139396,5.37424e-06,0.00471257
185.0,0.5986555361,528.0739302,5.36977e-06,0.00471218
185.0,0.5998515741,531.9870002,5.36029e-06,0.00471439
185.0,0.6003602109,528.6865536,5.38565e-06,0.0047123
185.0,0.5984970139,531.8156416,5.37662e-06,0.00471364
185.0,0.597672977,530.967831,5.36678e-06,0.00471271
Freq,185,Rs,529.8057806375,1.4109161190591326,Ls,0.60030428884375,0.0012248773596318574
":SOUR:DCS:STAT OFF;:BIAS:STAT OFF;:COMP:BIN:COUN:CLE;:LIST:CLE:ALL;:COMP:BIN:CLE;:AMPL:ALC OFF;:APER MED,4;:BIAS:POL:AUTO OFF;:BIAS:RANG:AUTO ON;:BIAS:VOLT:LEV 0;:COMP:ABIN OFF;:COMP:BIN:COUN:STAT OFF;:COMP:MODE PTOL;:COMP:SLIM -9.9e+037,9.9e+037;:COMP:STAT OFF;:COMP:SWAP OFF;:COMP:TOL:NOM 0;:CURR:LEV 5e-005;:DISP:ENAB ON;:DISP:LINE """";:DISP:WIND:TEXT1:DATA:FMSD:DATA 1e-009;:DISP:WIND:TEXT2:DATA:FMSD:DATA 1e-009;:FORM:ASC:LONG ON;:FORM:BORD NORM;:FORM:DATA ASC,64;:FREQ:CW 185;:FUNC:DEV1:MODE OFF;:FUNC:DEV1:REF:VAL 0;:FUNC:DEV2:MODE OFF;:FUNC:DEV2:REF:VAL 0;:FUNC:IMP:TYPE LSRS;:FUNC:SMON:IDC:STAT OFF;:FUNC:SMON:VDC:STAT OFF;:INIT:CONT OFF;:LIST:MODE SEQ;:LIST:STIM:TYPE FREQ,NONE;:SOUR:DCS:VOLT:LEV 0;:TRIG:DEL 0;:TRIG:SOUR INT;:TRIG:TDEL 0;:DISP:WIND:TEXT1:DATA:FMSD:STAT OFF;:DISP:WIND:TEXT2:DATA:FMSD:STAT OFF;:FUNC:DCR:RANG:VAL 100;:FUNC:IMP:RANG:VAL 300;:OUTP:DC:ISOL:LEV:VAL 0.002;:OUTP:DC:ISOL:STAT OFF;:FUNC:DCR:RANG:AUTO ON;:FUNC:IMP:RANG:AUTO ON;:OUTP:DC:ISOL:LEV:AUTO ON;:DISP:PAGE MEASurement;
"
200.0,0.5845477547,557.7208699,5.11013e-06,0.00472502
200.0,0.584942763,557.9421366,5.12201e-06,0.00472318
200.0,0.5844268338,559.8643151,5.11521e-06,0.00472347
200.0,0.5848337888,558.5306236,5.11741e-06,0.00472394
200.0,0.5843155111,558.5528411,5.11988e-06,0.00472327
200.0,0.5844111781,559.0111898,5.13122e-06,0.00472393
200.0,0.5848948882,560.8404081,5.11903e-06,0.0047245
200.0,0.5840712841,558.8456974,5.1237e-06,0.00472421
200.0,0.5850972047,560.0216371,5.13095e-06,0.00472377
200.0,0.586100944,558.8560901,5.11874e-06,0.00472345
200.0,0.5854033839,559.9741748,5.12034e-06,0.00472402
200.0,0.585112261,557.6141957,5.11814e-06,0.00472334
200.0,0.5850640969,561.3800078,5.11989e-06,0.00472303
200.0,0.5830158358,559.6876463,5.12432e-06,0.00472346
200.0,0.5833151792,558.8748536,5.11326e-06,0.00472371
200.0,0.5826874601,560.3204674,5.11811e-06,0.0047236
Freq,200,Rs,559.25232215,1.0998618254179158,Ls,0.5845150229625,0.0008949423578674998
":SOUR:DCS:STAT OFF;:BIAS:STAT OFF;:COMP:BIN:COUN:CLE;:LIST:CLE:ALL;:COMP:BIN:CLE;:AMPL:ALC OFF;:APER MED,4;:BIAS:POL:AUTO OFF;:BIAS:RANG:AUTO ON;:BIAS:VOLT:LEV 0;:COMP:ABIN OFF;:COMP:BIN:COUN:STAT OFF;:COMP:MODE PTOL;:COMP:SLIM -9.9e+037,9.9e+037;:COMP:STAT OFF;:COMP:SWAP OFF;:COMP:TOL:NOM 0;:CURR:LEV 5e-005;:DISP:ENAB ON;:DISP:LINE """";:DISP:WIND:TEXT1:DATA:FMSD:DATA 1e-009;:DISP:WIND:TEXT2:DATA:FMSD:DATA 1e-009;:FORM:ASC:LONG ON;:FORM:BORD NORM;:FORM:DATA ASC,64;:FREQ:CW 200;:FUNC:DEV1:MODE OFF;:FUNC:DEV1:REF:VAL 0;:FUNC:DEV2:MODE OFF;:FUNC:DEV2:REF:VAL 0;:FUNC:IMP:TYPE LSRS;:FUNC:SMON:IDC:STAT OFF;:FUNC:SMON:VDC:STAT OFF;:INIT:CONT OFF;:LIST:MODE SEQ;:LIST:STIM:TYPE FREQ,NONE;:SOUR:DCS:VOLT:LEV 0;:TRIG:DEL 0;:TRIG:SOUR INT;:TRIG:TDEL 0;:DISP:WIND:TEXT1:DATA:FMSD:STAT OFF;:DISP:WIND:TEXT2:DATA:FMSD:STAT OFF;:FUNC:DCR:RANG:VAL 100;:FUNC:IMP:RANG:VAL 300;:OUTP:DC:ISOL:LEV:VAL 0.002;:OUTP:DC:ISOL:STAT OFF;:FUNC:DCR:RANG:AUTO ON;:FUNC:IMP:RANG:AUTO ON;:OUTP:DC:ISOL:LEV:AUTO ON;:DISP:PAGE MEASurement;
"
220.0,0.5865039861,568.9545811,4.81073e-06,0.0047591
220.0,0.5861185821,571.4422433,4.79556e-06,0.0047583
220.0,0.5883067739,569.86401,4.80266e-06,0.00475917
220.0,0.5884325619,569.8477903,4.81513e-06,0.00475909
220.0,0.5880984295,570.8507486,4.80463e-06,0.00475974
220.0,0.5864145509,571.573765,4.80487e-06,0.00476005
220.0,0.5863775552,569.9909856,4.80414e-06,0.00475966
220.0,0.5880777653,570.4033239,4.80212e-06,0.00475928
220.0,0.5870946827,570.2732842,4.80306e-06,0.00475876
220.0,0.5865988043,570.3596543,4.799e-06,0.00475929
220.0,0.5868522861,570.6188839,4.79465e-06,0.00475799
220.0,0.5861494519,570.2502144,4.79385e-06,0.00475834
220.0,0.5871359131,570.2623639,4.79641e-06,0.00476
220.0,0.5862887256,571.3534198,4.79817e-06,0.00476032
220.0,0.5866955834,570.0735574,4.80365e-06,0.00475907
220.0,0.586973961,571.1331802,4.79635e-06,0.00475871
Freq,220,Rs,570.45325036875,0.6894762285332183,Ls,0.5870074758125,0.0007921760627952249
":SOUR:DCS:STAT OFF;:BIAS:STAT OFF;:COMP:BIN:COUN:CLE;:LIST:CLE:ALL;:COMP:BIN:CLE;:AMPL:ALC OFF;:APER MED,4;:BIAS:POL:AUTO OFF;:BIAS:RANG:AUTO ON;:BIAS:VOLT:LEV 0;:COMP:ABIN OFF;:COMP:BIN:COUN:STAT OFF;:COMP:MODE PTOL;:COMP:SLIM -9.9e+037,9.9e+037;:COMP:STAT OFF;:COMP:SWAP OFF;:COMP:TOL:NOM 0;:CURR:LEV 5e-005;:DISP:ENAB ON;:DISP:LINE """";:DISP:WIND:TEXT1:DATA:FMSD:DATA 1e-009;:DISP:WIND:TEXT2:DATA:FMSD:DATA 1e-009;:FORM:ASC:LONG ON;:FORM:BORD NORM;:FORM:DATA ASC,64;:FREQ:CW 220;:FUNC:DEV1:MODE OFF;:FUNC:DEV1:REF:VAL 0;:FUNC:DEV2:MODE OFF;:FUNC:DEV2:REF:VAL 0;:FUNC:IMP:TYPE LSRS;:FUNC:SMON:IDC:STAT OFF;:FUNC:SMON:VDC:STAT OFF;:INIT:CONT OFF;:LIST:MODE SEQ;:LIST:STIM:TYPE FREQ,NONE;:SOUR:DCS:VOLT:LEV 0;:TRIG:DEL 0;:TRIG:SOUR INT;:TRIG:TDEL 0;:DISP:WIND:TEXT1:DATA:FMSD:STAT OFF;:DISP:WIND:TEXT2:DATA:FMSD:STAT OFF;:FUNC:DCR:RANG:VAL 100;:FUNC:IMP:RANG:VAL 300;:OUTP:DC:ISOL:LEV:VAL 0.002;:OUTP:DC:ISOL:STAT OFF;:FUNC:DCR:RANG:AUTO ON;:FUNC:IMP:RANG:AUTO ON;:OUTP:DC:ISOL:LEV:AUTO ON;:DISP:PAGE MEASurement;
"
240.0,0.5885077076,595.8037254,4.47378e-06,0.00478365
240.0,0.587843583,598.710476,4.47734e-06,0.00478384
240.0,0.5879603016,597.6893269,4.47269e-06,0.00478301
240.0,0.5878531027,598.1246675,4.47246e-06,0.00478248
240.0,0.5889542494,596.1841433,4.47205e-06,0.00478199
240.0,0.5881616947,598.029014,4.47189e-06,0.0047831
240.0,0.588357904,595.4348807,4.46367e-06,0.00478286
240.0,0.5876231187,598.3381351,4.47738e-06,0.00478226
240.0,0.5886187559,597.4555666,4.47285e-06,0.00478218
240.0,0.5872269752,596.2947391,4.46377e-06,0.00478276
240.0,0.5872542452,598.32373,4.47313e-06,0.00478197
240.0,0.5877574234,598.5034395,4.47139e-06,0.00478238
240.0,0.588059409,595.3007324,4.46444e-06,0.00478171
240.0,0.5893850832,595.2700964,4.46492e-06,0.00478281
240.0,0.5870727059,598.0551878,4.46858e-06,0.00478305
240.0,0.5892246827,597.983807,4.47013e-06,0.00478438
Freq,240,Rs,597.2188542312499,1.2642281024357578,Ls,0.5881163088875,0.0006915172991904407
":SOUR:DCS:STAT OFF;:BIAS:STAT OFF;:COMP:BIN:COUN:CLE;:LIST:CLE:ALL;:COMP:BIN:CLE;:AMPL:ALC OFF;:APER MED,4;:BIAS:POL:AUTO OFF;:BIAS:RANG:AUTO ON;:BIAS:VOLT:LEV 0;:COMP:ABIN OFF;:COMP:BIN:COUN:STAT OFF;:COMP:MODE PTOL;:COMP:SLIM -9.9e+037,9.9e+037;:COMP:STAT OFF;:COMP:SWAP OFF;:COMP:TOL:NOM 0;:CURR:LEV 5e-005;:DISP:ENAB ON;:DISP:LINE """";:DISP:WIND:TEXT1:DATA:FMSD:DATA 1e-009;:DISP:WIND:TEXT2:DATA:FMSD:DATA 1e-009;:FORM:ASC:LONG ON;:FORM:BORD NORM;:FORM:DATA ASC,64;:FREQ:CW 240;:FUNC:DEV1:MODE OFF;:FUNC:DEV1:REF:VAL 0;:FUNC:DEV2:MODE OFF;:FUNC:DEV2:REF:VAL 0;:FUNC:IMP:TYPE LSRS;:FUNC:SMON:IDC:STAT OFF;:FUNC:SMON:VDC:STAT OFF;:INIT:CONT OFF;:LIST:MODE SEQ;:LIST:STIM:TYPE FREQ,NONE;:SOUR:DCS:VOLT:LEV 0;:TRIG:DEL 0;:TRIG:SOUR INT;:TRIG:TDEL 0;:DISP:WIND:TEXT1:DATA:FMSD:STAT OFF;:DISP:WIND:TEXT2:DATA:FMSD:STAT OFF;:FUNC:DCR:RANG:VAL 100;:FUNC:IMP:RANG:VAL 1000;:OUTP:DC:ISOL:LEV:VAL 0.002;:OUTP:DC:ISOL:STAT OFF;:FUNC:DCR:RANG:AUTO ON;:FUNC:IMP:RANG:AUTO ON;:OUTP:DC:ISOL:LEV:AUTO ON;:DISP:PAGE MEASurement;
"
400.0,0.4732279537,832.1856831,3.33784e-06,0.00485436
400.0,0.4741240423,829.7342,3.34156e-06,0.0048542
400.0,0.4738165972,830.4772585,3.3434e-06,0.00485412
400.0,0.4734837913,829.4480922,3.34329e-06,0.00485421
400.0,0.4739614149,831.6453504,3.34326e-06,0.00485432
400.0,0.4738238764,830.9264414,3.3429e-06,0.00485403
400.0,0.4739510319,829.2763987,3.34433e-06,0.0048543
400.0,0.4736670163,830.2115227,3.34212e-06,0.00485446
400.0,0.4740819681,830.7721856,3.34136e-06,0.00485452
400.0,0.473956024,830.6999904,3.34555e-06,0.00485443
400.0,0.474129933,831.8847248,3.34461e-06,0.00485448
400.0,0.473774323,831.6631071,3.34346e-06,0.00485385
400.0,0.4736690492,831.841342,3.34467e-06,0.00485439
400.0,0.4737859179,829.9367763,3.34018e-06,0.00485396
400.0,0.4737531589,830.4890539,3.34047e-06,0.00485436
400.0,0.4739947397,830.8714509,3.34358e-06,0.0048542
Freq,400,Rs,830.753973625,0.9024388717461277,Ls,0.4738250523625,0.00023950096118768884
":SOUR:DCS:STAT OFF;:BIAS:STAT OFF;:COMP:BIN:COUN:CLE;:LIST:CLE:ALL;:COMP:BIN:CLE;:AMPL:ALC OFF;:APER MED,4;:BIAS:POL:AUTO OFF;:BIAS:RANG:AUTO ON;:BIAS:VOLT:LEV 0;:COMP:ABIN OFF;:COMP:BIN:COUN:STAT OFF;:COMP:MODE PTOL;:COMP:SLIM -9.9e+037,9.9e+037;:COMP:STAT OFF;:COMP:SWAP OFF;:COMP:TOL:NOM 0;:CURR:LEV 5e-005;:DISP:ENAB ON;:DISP:LINE """";:DISP:WIND:TEXT1:DATA:FMSD:DATA 1e-009;:DISP:WIND:TEXT2:DATA:FMSD:DATA 1e-009;:FORM:ASC:LONG ON;:FORM:BORD NORM;:FORM:DATA ASC,64;:FREQ:CW 400;:FUNC:DEV1:MODE OFF;:FUNC:DEV1:REF:VAL 0;:FUNC:DEV2:MODE OFF;:FUNC:DEV2:REF:VAL 0;:FUNC:IMP:TYPE LSRS;:FUNC:SMON:IDC:STAT OFF;:FUNC:SMON:VDC:STAT OFF;:INIT:CONT OFF;:LIST:MODE SEQ;:LIST:STIM:TYPE FREQ,NONE;:SOUR:DCS:VOLT:LEV 0;:TRIG:DEL 0;:TRIG:SOUR INT;:TRIG:TDEL 0;:DISP:WIND:TEXT1:DATA:FMSD:STAT OFF;:DISP:WIND:TEXT2:DATA:FMSD:STAT OFF;:FUNC:DCR:RANG:VAL 100;:FUNC:IMP:RANG:VAL 1000;:OUTP:DC:ISOL:LEV:VAL 0.002;:OUTP:DC:ISOL:STAT OFF;:FUNC:DCR:RANG:AUTO ON;:FUNC:IMP:RANG:AUTO ON;:OUTP:DC:ISOL:LEV:AUTO ON;:DISP:PAGE MEASurement;
"
800.0,0.4092470154,1192.327362,2.0692e-06,0.00492061
800.0,0.4093874618,1192.887568,2.06898e-06,0.00492062
800.0,0.4093070025,1193.215811,2.0687e-06,0.00492115
800.0,0.4094687925,1192.642453,2.06845e-06,0.00492098
800.0,0.409414241,1193.256697,2.0684e-06,0.00492112
800.0,0.4093819581,1192.747839,2.06887e-06,0.00492121
800.0,0.4093410993,1192.795868,2.06899e-06,0.00492136
800.0,0.4094130839,1193.069914,2.0685e-06,0.00492079
800.0,0.4095351936,1192.571109,2.06904e-06,0.00492104
800.0,0.4094780295,1192.385919,2.06876e-06,0.00492095
800.0,0.4093717184,1192.912892,2.06942e-06,0.00492116
800.0,0.4093840751,1192.58593,2.06922e-06,0.00492088
800.0,0.4095420814,1192.376487,2.06908e-06,0.004921
800.0,0.4093206633,1193.563162,2.06932e-06,0.00492088
800.0,0.4093585657,1193.924505,2.06872e-06,0.00492105
800.0,0.409480088,1192.571013,2.06803e-06,0.00492085
Freq,800,Rs,1192.8646580625,0.4477498090095076,Ls,0.40940194184375,8.209043436922899e-05
":SOUR:DCS:STAT OFF;:BIAS:STAT OFF;:COMP:BIN:COUN:CLE;:LIST:CLE:ALL;:COMP:BIN:CLE;:AMPL:ALC OFF;:APER MED,4;:BIAS:POL:AUTO OFF;:BIAS:RANG:AUTO ON;:BIAS:VOLT:LEV 0;:COMP:ABIN OFF;:COMP:BIN:COUN:STAT OFF;:COMP:MODE PTOL;:COMP:SLIM -9.9e+037,9.9e+037;:COMP:STAT OFF;:COMP:SWAP OFF;:COMP:TOL:NOM 0;:CURR:LEV 5e-005;:DISP:ENAB ON;:DISP:LINE """";:DISP:WIND:TEXT1:DATA:FMSD:DATA 1e-009;:DISP:WIND:TEXT2:DATA:FMSD:DATA 1e-009;:FORM:ASC:LONG ON;:FORM:BORD NORM;:FORM:DATA ASC,64;:FREQ:CW 800;:FUNC:DEV1:MODE OFF;:FUNC:DEV1:REF:VAL 0;:FUNC:DEV2:MODE OFF;:FUNC:DEV2:REF:VAL 0;:FUNC:IMP:TYPE LSRS;:FUNC:SMON:IDC:STAT OFF;:FUNC:SMON:VDC:STAT OFF;:INIT:CONT OFF;:LIST:MODE SEQ;:LIST:STIM:TYPE FREQ,NONE;:SOUR:DCS:VOLT:LEV 0;:TRIG:DEL 0;:TRIG:SOUR INT;:TRIG:TDEL 0;:DISP:WIND:TEXT1:DATA:FMSD:STAT OFF;:DISP:WIND:TEXT2:DATA:FMSD:STAT OFF;:FUNC:DCR:RANG:VAL 100;:FUNC:IMP:RANG:VAL 1000;:OUTP:DC:ISOL:LEV:VAL 0.002;:OUTP:DC:ISOL:STAT OFF;:FUNC:DCR:RANG:AUTO ON;:FUNC:IMP:RANG:AUTO ON;:OUTP:DC:ISOL:LEV:AUTO ON;:DISP:PAGE MEASurement;
"
1000.0,0.3830181566,1381.791157,1.77289e-06,0.0049199
1000.0,0.3829077075,1381.396021,1.77347e-06,0.00491997
1000.0,0.382994289,1381.785855,1.7733e-06,0.00492008
1000.0,0.3829903236,1381.089758,1.77314e-06,0.00492012
1000.0,0.3829150115,1381.438282,1.77333e-06,0.00491992
1000.0,0.383014868,1381.584892,1.77338e-06,0.00491992
1000.0,0.3829666642,1381.412994,1.77298e-06,0.00492002
1000.0,0.3830206444,1382.522317,1.7735e-06,0.00492039
1000.0,0.3829439006,1382.792175,1.77313e-06,0.00492026
1000.0,0.3830085206,1381.954118,1.77266e-06,0.00492018
1000.0,0.38294958,1381.840282,1.77347e-06,0.00492016
1000.0,0.3830845379,1382.119298,1.77293e-06,0.00492015
1000.0,0.3828530795,1381.835785,1.77268e-06,0.00492006
1000.0,0.3830185415,1381.200973,1.77299e-06,0.00491998
1000.0,0.3830174989,1381.076071,1.77322e-06,0.00492009
1000.0,0.3828322687,1381.975003,1.77274e-06,0.00492019
Freq,1000,Rs,1381.7384363125002,0.4818337932922105,Ls,0.38297097453124995,6.720800408335822e-05
":SOUR:DCS:STAT OFF;:BIAS:STAT OFF;:COMP:BIN:COUN:CLE;:LIST:CLE:ALL;:COMP:BIN:CLE;:AMPL:ALC OFF;:APER MED,4;:BIAS:POL:AUTO OFF;:BIAS:RANG:AUTO ON;:BIAS:VOLT:LEV 0;:COMP:ABIN OFF;:COMP:BIN:COUN:STAT OFF;:COMP:MODE PTOL;:COMP:SLIM -9.9e+037,9.9e+037;:COMP:STAT OFF;:COMP:SWAP OFF;:COMP:TOL:NOM 0;:CURR:LEV 5e-005;:DISP:ENAB ON;:DISP:LINE """";:DISP:WIND:TEXT1:DATA:FMSD:DATA 1e-009;:DISP:WIND:TEXT2:DATA:FMSD:DATA 1e-009;:FORM:ASC:LONG ON;:FORM:BORD NORM;:FORM:DATA ASC,64;:FREQ:CW 1000;:FUNC:DEV1:MODE OFF;:FUNC:DEV1:REF:VAL 0;:FUNC:DEV2:MODE OFF;:FUNC:DEV2:REF:VAL 0;:FUNC:IMP:TYPE LSRS;:FUNC:SMON:IDC:STAT OFF;:FUNC:SMON:VDC:STAT OFF;:INIT:CONT OFF;:LIST:MODE SEQ;:LIST:STIM:TYPE FREQ,NONE;:SOUR:DCS:VOLT:LEV 0;:TRIG:DEL 0;:TRIG:SOUR INT;:TRIG:TDEL 0;:DISP:WIND:TEXT1:DATA:FMSD:STAT OFF;:DISP:WIND:TEXT2:DATA:FMSD:STAT OFF;:FUNC:DCR:RANG:VAL 100;:FUNC:IMP:RANG:VAL 1000;:OUTP:DC:ISOL:LEV:VAL 0.002;:OUTP:DC:ISOL:STAT OFF;:FUNC:DCR:RANG:AUTO ON;:FUNC:IMP:RANG:AUTO ON;:OUTP:DC:ISOL:LEV:AUTO ON;:DISP:PAGE MEASurement;
"
2000.0,0.3180353667,2200.994266,1.10247e-06,0.00503
2000.0,0.3180300766,2200.918557,1.1025e-06,0.00503017
2000.0,0.318040069,2201.019346,1.1026e-06,0.00503008
2000.0,0.318016514,2201.110441,1.10255e-06,0.00503022
2000.0,0.317999414,2201.278363,1.10244e-06,0.00503019
2000.0,0.3180314261,2201.390084,1.10248e-06,0.00503007
2000.0,0.3180213377,2201.143463,1.10245e-06,0.00503011
2000.0,0.3180307516,2201.248443,1.10248e-06,0.00503021
2000.0,0.3180000873,2201.278244,1.10254e-06,0.00503003
2000.0,0.318037959,2200.651503,1.10251e-06,0.00503006
2000.0,0.3180138442,2201.288786,1.10242e-06,0.00502994
2000.0,0.3180265661,2201.196384,1.1025e-06,0.00503025
2000.0,0.3180293556,2201.281102,1.10252e-06,0.00503002
2000.0,0.3180200255,2200.997536,1.10249e-06,0.00503011
2000.0,0.3180215515,2201.480866,1.10247e-06,0.00503001
2000.0,0.3180445737,2201.245884,1.10248e-06,0.00503025
Freq,2000,Rs,2201.15770425,0.2040937118196628,Ls,0.3180249324125,1.2984368386837778e-05
":SOUR:DCS:STAT OFF;:BIAS:STAT OFF;:COMP:BIN:COUN:CLE;:LIST:CLE:ALL;:COMP:BIN:CLE;:AMPL:ALC OFF;:APER MED,4;:BIAS:POL:AUTO OFF;:BIAS:RANG:AUTO ON;:BIAS:VOLT:LEV 0;:COMP:ABIN OFF;:COMP:BIN:COUN:STAT OFF;:COMP:MODE PTOL;:COMP:SLIM -9.9e+037,9.9e+037;:COMP:STAT OFF;:COMP:SWAP OFF;:COMP:TOL:NOM 0;:CURR:LEV 5e-005;:DISP:ENAB ON;:DISP:LINE """";:DISP:WIND:TEXT1:DATA:FMSD:DATA 1e-009;:DISP:WIND:TEXT2:DATA:FMSD:DATA 1e-009;:FORM:ASC:LONG ON;:FORM:BORD NORM;:FORM:DATA ASC,64;:FREQ:CW 2000;:FUNC:DEV1:MODE OFF;:FUNC:DEV1:REF:VAL 0;:FUNC:DEV2:MODE OFF;:FUNC:DEV2:REF:VAL 0;:FUNC:IMP:TYPE LSRS;:FUNC:SMON:IDC:STAT OFF;:FUNC:SMON:VDC:STAT OFF;:INIT:CONT OFF;:LIST:MODE SEQ;:LIST:STIM:TYPE FREQ,NONE;:SOUR:DCS:VOLT:LEV 0;:TRIG:DEL 0;:TRIG:SOUR INT;:TRIG:TDEL 0;:DISP:WIND:TEXT1:DATA:FMSD:STAT OFF;:DISP:WIND:TEXT2:DATA:FMSD:STAT OFF;:FUNC:DCR:RANG:VAL 100;:FUNC:IMP:RANG:VAL 3000;:OUTP:DC:ISOL:LEV:VAL 0.0002;:OUTP:DC:ISOL:STAT OFF;:FUNC:DCR:RANG:AUTO ON;:FUNC:IMP:RANG:AUTO ON;:OUTP:DC:ISOL:LEV:AUTO ON;:DISP:PAGE MEASurement;
"
3000.0,0.2849006005,2990.518917,8.16057e-07,0.00501618
3000.0,0.2849063803,2990.87351,8.16123e-07,0.00501616
3000.0,0.2848817837,2990.644434,8.1605e-07,0.005016
3000.0,0.2849137699,2990.508321,8.16053e-07,0.00501609
3000.0,0.2848950765,2991.090819,8.1605e-07,0.00501592
3000.0,0.284859577,2991.175379,8.1615e-07,0.00501604
3000.0,0.2849058985,2990.685498,8.16205e-07,0.00501598
3000.0,0.2848518592,2991.250912,8.16086e-07,0.0050159
3000.0,0.284866088,2991.046747,8.1612e-07,0.005016
3000.0,0.2848948449,2990.625279,8.16151e-07,0.00501601
3000.0,0.2848719536,2990.0155,8.16064e-07,0.00501593
3000.0,0.2848910811,2990.564047,8.16023e-07,0.00501602
3000.0,0.2848862566,2990.976475,8.16066e-07,0.00501621
3000.0,0.2848764914,2990.399351,8.16094e-07,0.00501597
3000.0,0.2848731727,2990.386728,8.16107e-07,0.00501593
3000.0,0.2848789667,2990.465879,8.16096e-07,0.00501594
Freq,3000,Rs,2990.7017372499995,0.33840176727719706,Ls,0.28488461253749997,1.775969672232795e-05
":SOUR:DCS:STAT OFF;:BIAS:STAT OFF;:COMP:BIN:COUN:CLE;:LIST:CLE:ALL;:COMP:BIN:CLE;:AMPL:ALC OFF;:APER MED,4;:BIAS:POL:AUTO OFF;:BIAS:RANG:AUTO ON;:BIAS:VOLT:LEV 0;:COMP:ABIN OFF;:COMP:BIN:COUN:STAT OFF;:COMP:MODE PTOL;:COMP:SLIM -9.9e+037,9.9e+037;:COMP:STAT OFF;:COMP:SWAP OFF;:COMP:TOL:NOM 0;:CURR:LEV 5e-005;:DISP:ENAB ON;:DISP:LINE """";:DISP:WIND:TEXT1:DATA:FMSD:DATA 1e-009;:DISP:WIND:TEXT2:DATA:FMSD:DATA 1e-009;:FORM:ASC:LONG ON;:FORM:BORD NORM;:FORM:DATA ASC,64;:FREQ:CW 3000;:FUNC:DEV1:MODE OFF;:FUNC:DEV1:REF:VAL 0;:FUNC:DEV2:MODE OFF;:FUNC:DEV2:REF:VAL 0;:FUNC:IMP:TYPE LSRS;:FUNC:SMON:IDC:STAT OFF;:FUNC:SMON:VDC:STAT OFF;:INIT:CONT OFF;:LIST:MODE SEQ;:LIST:STIM:TYPE FREQ,NONE;:SOUR:DCS:VOLT:LEV 0;:TRIG:DEL 0;:TRIG:SOUR INT;:TRIG:TDEL 0;:DISP:WIND:TEXT1:DATA:FMSD:STAT OFF;:DISP:WIND:TEXT2:DATA:FMSD:STAT OFF;:FUNC:DCR:RANG:VAL 100;:FUNC:IMP:RANG:VAL 3000;:OUTP:DC:ISOL:LEV:VAL 0.0002;:OUTP:DC:ISOL:STAT OFF;:FUNC:DCR:RANG:AUTO ON;:FUNC:IMP:RANG:AUTO ON;:OUTP:DC:ISOL:LEV:AUTO ON;:DISP:PAGE MEASurement;
"
4000.0,0.2695465775,3786.409117,6.47709e-07,0.00502698
4000.0,0.2695256323,3786.818123,6.47712e-07,0.00502692
4000.0,0.2695307319,3787.506249,6.47724e-07,0.0050268
4000.0,0.2695298385,3787.499681,6.47762e-07,0.00502692
4000.0,0.2695440135,3786.474935,6.47662e-07,0.00502688
4000.0,0.2695208183,3787.34604,6.47739e-07,0.00502694
4000.0,0.2695181649,3787.118617,6.47753e-07,0.00502688
4000.0,0.2695221126,3787.210477,6.47725e-07,0.00502698
4000.0,0.2695108568,3786.037601,6.47715e-07,0.00502687
4000.0,0.2695315467,3787.415916,6.47716e-07,0.00502674
4000.0,0.2695508412,3786.624336,6.47741e-07,0.00502696
4000.0,0.2695614389,3786.44066,6.47675e-07,0.00502725
4000.0,0.2695358353,3787.000796,6.47732e-07,0.00502684
4000.0,0.2695260453,3787.135668,6.47733e-07,0.00502693
4000.0,0.2695268801,3786.697204,6.47713e-07,0.00502692
4000.0,0.2695442548,3786.929147,6.47762e-07,0.00502678
Freq,4000,Rs,3786.9165354375,0.43960830408801455,Ls,0.2695328492875,1.3420773510243326e-05
":SOUR:DCS:STAT OFF;:BIAS:STAT OFF;:COMP:BIN:COUN:CLE;:LIST:CLE:ALL;:COMP:BIN:CLE;:AMPL:ALC OFF;:APER MED,4;:BIAS:POL:AUTO OFF;:BIAS:RANG:AUTO ON;:BIAS:VOLT:LEV 0;:COMP:ABIN OFF;:COMP:BIN:COUN:STAT OFF;:COMP:MODE PTOL;:COMP:SLIM -9.9e+037,9.9e+037;:COMP:STAT OFF;:COMP:SWAP OFF;:COMP:TOL:NOM 0;:CURR:LEV 5e-005;:DISP:ENAB ON;:DISP:LINE """";:DISP:WIND:TEXT1:DATA:FMSD:DATA 1e-009;:DISP:WIND:TEXT2:DATA:FMSD:DATA 1e-009;:FORM:ASC:LONG ON;:FORM:BORD NORM;:FORM:DATA ASC,64;:FREQ:CW 4000;:FUNC:DEV1:MODE OFF;:FUNC:DEV1:REF:VAL 0;:FUNC:DEV2:MODE OFF;:FUNC:DEV2:REF:VAL 0;:FUNC:IMP:TYPE LSRS;:FUNC:SMON:IDC:STAT OFF;:FUNC:SMON:VDC:STAT OFF;:INIT:CONT OFF;:LIST:MODE SEQ;:LIST:STIM:TYPE FREQ,NONE;:SOUR:DCS:VOLT:LEV 0;:TRIG:DEL 0;:TRIG:SOUR INT;:TRIG:TDEL 0;:DISP:WIND:TEXT1:DATA:FMSD:STAT OFF;:DISP:WIND:TEXT2:DATA:FMSD:STAT OFF;:FUNC:DCR:RANG:VAL 100;:FUNC:IMP:RANG:VAL 3000;:OUTP:DC:ISOL:LEV:VAL 0.0002;:OUTP:DC:ISOL:STAT OFF;:FUNC:DCR:RANG:AUTO ON;:FUNC:IMP:RANG:AUTO ON;:OUTP:DC:ISOL:LEV:AUTO ON;:DISP:PAGE MEASurement;
"
5000.0,0.2595693139,4690.308588,5.34423e-07,0.00502747
5000.0,0.2595732738,4689.978839,5.34423e-07,0.0050274
5000.0,0.2595722977,4690.028943,5.34418e-07,0.00502745
5000.0,0.2595768301,4690.131951,5.34413e-07,0.00502756
5000.0,0.2595639731,4689.645556,5.34399e-07,0.00502744
5000.0,0.2595621426,4689.854542,5.3441e-07,0.00502729
5000.0,0.2595759756,4689.663575,5.34406e-07,0.00502733
5000.0,0.2595696412,4689.500645,5.34415e-07,0.0050275
5000.0,0.2595744293,4689.62863,5.34414e-07,0.00502719
5000.0,0.2595908875,4689.84155,5.34398e-07,0.00502733
5000.0,0.2595819291,4690.057483,5.34419e-07,0.00502732
5000.0,0.25958285,4690.042311,5.34421e-07,0.00502751
5000.0,0.2595789177,4689.953965,5.3441e-07,0.00502748
5000.0,0.2595824657,4689.738229,5.34439e-07,0.00502751
5000.0,0.2595860937,4689.895038,5.34424e-07,0.00502747
5000.0,0.2595849973,4689.883054,5.34425e-07,0.00502733
Freq,5000,Rs,4689.8845561875005,0.21189081477472257,Ls,0.25957662614375,8.069291602526944e-06
":SOUR:DCS:STAT OFF;:BIAS:STAT OFF;:COMP:BIN:COUN:CLE;:LIST:CLE:ALL;:COMP:BIN:CLE;:AMPL:ALC OFF;:APER MED,4;:BIAS:POL:AUTO OFF;:BIAS:RANG:AUTO ON;:BIAS:VOLT:LEV 0;:COMP:ABIN OFF;:COMP:BIN:COUN:STAT OFF;:COMP:MODE PTOL;:COMP:SLIM -9.9e+037,9.9e+037;:COMP:STAT OFF;:COMP:SWAP OFF;:COMP:TOL:NOM 0;:CURR:LEV 5e-005;:DISP:ENAB ON;:DISP:LINE """";:DISP:WIND:TEXT1:DATA:FMSD:DATA 1e-009;:DISP:WIND:TEXT2:DATA:FMSD:DATA 1e-009;:FORM:ASC:LONG ON;:FORM:BORD NORM;:FORM:DATA ASC,64;:FREQ:CW 5000;:FUNC:DEV1:MODE OFF;:FUNC:DEV1:REF:VAL 0;:FUNC:DEV2:MODE OFF;:FUNC:DEV2:REF:VAL 0;:FUNC:IMP:TYPE LSRS;:FUNC:SMON:IDC:STAT OFF;:FUNC:SMON:VDC:STAT OFF;:INIT:CONT OFF;:LIST:MODE SEQ;:LIST:STIM:TYPE FREQ,NONE;:SOUR:DCS:VOLT:LEV 0;:TRIG:DEL 0;:TRIG:SOUR INT;:TRIG:TDEL 0;:DISP:WIND:TEXT1:DATA:FMSD:STAT OFF;:DISP:WIND:TEXT2:DATA:FMSD:STAT OFF;:FUNC:DCR:RANG:VAL 100;:FUNC:IMP:RANG:VAL 3000;:OUTP:DC:ISOL:LEV:VAL 0.0002;:OUTP:DC:ISOL:STAT OFF;:FUNC:DCR:RANG:AUTO ON;:FUNC:IMP:RANG:AUTO ON;:OUTP:DC:ISOL:LEV:AUTO ON;:DISP:PAGE MEASurement;
"
6000.0,0.2536256022,5734.631733,4.51392e-07,0.00503287
6000.0,0.2536314991,5734.702609,4.51386e-07,0.00503284
6000.0,0.2536434241,5734.120219,4.51379e-07,0.00503275
6000.0,0.2536082989,5735.226546,4.51394e-07,0.00503273
6000.0,0.2536467297,5734.202154,4.51402e-07,0.00503287
6000.0,0.2536429807,5734.267138,4.5139e-07,0.00503288
6000.0,0.2536376988,5734.91521,4.5138e-07,0.00503283
6000.0,0.253638984,5735.453067,4.51385e-07,0.0050327
6000.0,0.2536172099,5735.063909,4.51397e-07,0.00503308
6000.0,0.253653936,5734.506096,4.51365e-07,0.005033
6000.0,0.2536245704,5735.108737,4.51388e-07,0.00503296
6000.0,0.2536424395,5734.405281,4.51392e-07,0.00503287
6000.0,0.2536302058,5734.751182,4.51394e-07,0.00503285
6000.0,0.2536297478,5735.175921,4.51375e-07,0.0050328
6000.0,0.2536368673,5734.804968,4.51385e-07,0.00503292
6000.0,0.2536404597,5734.251407,4.51387e-07,0.00503292
Freq,6000,Rs,5734.7241360625,0.4100988985641754,Ls,0.25363441586875,1.1623282877905276e-05
":SOUR:DCS:STAT OFF;:BIAS:STAT OFF;:COMP:BIN:COUN:CLE;:LIST:CLE:ALL;:COMP:BIN:CLE;:AMPL:ALC OFF;:APER MED,4;:BIAS:POL:AUTO OFF;:BIAS:RANG:AUTO ON;:BIAS:VOLT:LEV 0;:COMP:ABIN OFF;:COMP:BIN:COUN:STAT OFF;:COMP:MODE PTOL;:COMP:SLIM -9.9e+037,9.9e+037;:COMP:STAT OFF;:COMP:SWAP OFF;:COMP:TOL:NOM 0;:CURR:LEV 5e-005;:DISP:ENAB ON;:DISP:LINE """";:DISP:WIND:TEXT1:DATA:FMSD:DATA 1e-009;:DISP:WIND:TEXT2:DATA:FMSD:DATA 1e-009;:FORM:ASC:LONG ON;:FORM:BORD NORM;:FORM:DATA ASC,64;:FREQ:CW 6000;:FUNC:DEV1:MODE OFF;:FUNC:DEV1:REF:VAL 0;:FUNC:DEV2:MODE OFF;:FUNC:DEV2:REF:VAL 0;:FUNC:IMP:TYPE LSRS;:FUNC:SMON:IDC:STAT OFF;:FUNC:SMON:VDC:STAT OFF;:INIT:CONT OFF;:LIST:MODE SEQ;:LIST:STIM:TYPE FREQ,NONE;:SOUR:DCS:VOLT:LEV 0;:TRIG:DEL 0;:TRIG:SOUR INT;:TRIG:TDEL 0;:DISP:WIND:TEXT1:DATA:FMSD:STAT OFF;:DISP:WIND:TEXT2:DATA:FMSD:STAT OFF;:FUNC:DCR:RANG:VAL 100;:FUNC:IMP:RANG:VAL 10000;:OUTP:DC:ISOL:LEV:VAL 0.0002;:OUTP:DC:ISOL:STAT OFF;:FUNC:DCR:RANG:AUTO ON;:FUNC:IMP:RANG:AUTO ON;:OUTP:DC:ISOL:LEV:AUTO ON;:DISP:PAGE MEASurement;
"
7000.0,0.2511095452,6975.268267,3.85559e-07,0.00503624
7000.0,0.25110816,6974.447733,3.85546e-07,0.00503651
7000.0,0.251097626,6975.363493,3.85548e-07,0.00503622
7000.0,0.2511106567,6975.860989,3.85534e-07,0.00503628
7000.0,0.2511046731,6974.847487,3.85539e-07,0.00503629
7000.0,0.2511119686,6974.568399,3.85545e-07,0.00503611
7000.0,0.2511083359,6974.513661,3.85549e-07,0.00503604
7000.0,0.2510955,6974.623105,3.85568e-07,0.00503649
7000.0,0.2511077278,6974.348785,3.85555e-07,0.00503619
7000.0,0.2511249484,6974.765205,3.85524e-07,0.00503638
7000.0,0.2511080456,6975.076643,3.8555e-07,0.00503611
7000.0,0.2511052301,6974.908603,3.85562e-07,0.00503626
7000.0,0.2510995995,6975.016085,3.85553e-07,0.00503616
7000.0,0.2510954857,6974.572351,3.85547e-07,0.00503618
7000.0,0.2511087589,6973.902409,3.8555e-07,0.00503641
7000.0,0.2511106591,6974.853057,3.85578e-07,0.00503621
Freq,7000,Rs,6974.8085169999995,0.45860196159660305,Ls,0.2511066825375,7.313550714558967e-06
":SOUR:DCS:STAT OFF;:BIAS:STAT OFF;:COMP:BIN:COUN:CLE;:LIST:CLE:ALL;:COMP:BIN:CLE;:AMPL:ALC OFF;:APER MED,4;:BIAS:POL:AUTO OFF;:BIAS:RANG:AUTO ON;:BIAS:VOLT:LEV 0;:COMP:ABIN OFF;:COMP:BIN:COUN:STAT OFF;:COMP:MODE PTOL;:COMP:SLIM -9.9e+037,9.9e+037;:COMP:STAT OFF;:COMP:SWAP OFF;:COMP:TOL:NOM 0;:CURR:LEV 5e-005;:DISP:ENAB ON;:DISP:LINE """";:DISP:WIND:TEXT1:DATA:FMSD:DATA 1e-009;:DISP:WIND:TEXT2:DATA:FMSD:DATA 1e-009;:FORM:ASC:LONG ON;:FORM:BORD NORM;:FORM:DATA ASC,64;:FREQ:CW 7000;:FUNC:DEV1:MODE OFF;:FUNC:DEV1:REF:VAL 0;:FUNC:DEV2:MODE OFF;:FUNC:DEV2:REF:VAL 0;:FUNC:IMP:TYPE LSRS;:FUNC:SMON:IDC:STAT OFF;:FUNC:SMON:VDC:STAT OFF;:INIT:CONT OFF;:LIST:MODE SEQ;:LIST:STIM:TYPE FREQ,NONE;:SOUR:DCS:VOLT:LEV 0;:TRIG:DEL 0;:TRIG:SOUR INT;:TRIG:TDEL 0;:DISP:WIND:TEXT1:DATA:FMSD:STAT OFF;:DISP:WIND:TEXT2:DATA:FMSD:STAT OFF;:FUNC:DCR:RANG:VAL 100;:FUNC:IMP:RANG:VAL 10000;:OUTP:DC:ISOL:LEV:VAL 0.0002;:OUTP:DC:ISOL:STAT OFF;:FUNC:DCR:RANG:AUTO ON;:FUNC:IMP:RANG:AUTO ON;:OUTP:DC:ISOL:LEV:AUTO ON;:DISP:PAGE MEASurement;
"
8000.0,0.250672602,8505.243046,3.31438e-07,0.0050386
8000.0,0.2506949171,8504.48469,3.31451e-07,0.00503836
8000.0,0.2506881913,8505.180231,3.3143e-07,0.00503812
8000.0,0.2506636976,8503.892363,3.31434e-07,0.00503792
8000.0,0.2506843587,8504.553752,3.31423e-07,0.00503798
8000.0,0.2506857167,8504.30964,3.31406e-07,0.00503801
8000.0,0.2506783494,8504.52236,3.31434e-07,0.00503843
8000.0,0.2506692518,8505.033751,3.31442e-07,0.00503835
8000.0,0.2506767066,8503.30852,3.3143e-07,0.00503824
8000.0,0.2506809512,8503.919938,3.31392e-07,0.00503837
8000.0,0.2506712787,8504.163676,3.31406e-07,0.00503872
8000.0,0.2506764141,8504.311555,3.31449e-07,0.00503843
8000.0,0.250661774,8504.508423,3.31431e-07,0.00503817
8000.0,0.2506599979,8504.251672,3.31405e-07,0.00503809
8000.0,0.2506706533,8505.220828,3.31425e-07,0.00503804
8000.0,0.250693511,8503.386577,3.31425e-07,0.00503821
Freq,8000,Rs,8504.393188875001,0.591722374403284,Ls,0.25067677321250004,1.0696724186146177e-05
":SOUR:DCS:STAT OFF;:BIAS:STAT OFF;:COMP:BIN:COUN:CLE;:LIST:CLE:ALL;:COMP:BIN:CLE;:AMPL:ALC OFF;:APER MED,4;:BIAS:POL:AUTO OFF;:BIAS:RANG:AUTO ON;:BIAS:VOLT:LEV 0;:COMP:ABIN OFF;:COMP:BIN:COUN:STAT OFF;:COMP:MODE PTOL;:COMP:SLIM -9.9e+037,9.9e+037;:COMP:STAT OFF;:COMP:SWAP OFF;:COMP:TOL:NOM 0;:CURR:LEV 5e-005;:DISP:ENAB ON;:DISP:LINE """";:DISP:WIND:TEXT1:DATA:FMSD:DATA 1e-009;:DISP:WIND:TEXT2:DATA:FMSD:DATA 1e-009;:FORM:ASC:LONG ON;:FORM:BORD NORM;:FORM:DATA ASC,64;:FREQ:CW 8000;:FUNC:DEV1:MODE OFF;:FUNC:DEV1:REF:VAL 0;:FUNC:DEV2:MODE OFF;:FUNC:DEV2:REF:VAL 0;:FUNC:IMP:TYPE LSRS;:FUNC:SMON:IDC:STAT OFF;:FUNC:SMON:VDC:STAT OFF;:INIT:CONT OFF;:LIST:MODE SEQ;:LIST:STIM:TYPE FREQ,NONE;:SOUR:DCS:VOLT:LEV 0;:TRIG:DEL 0;:TRIG:SOUR INT;:TRIG:TDEL 0;:DISP:WIND:TEXT1:DATA:FMSD:STAT OFF;:DISP:WIND:TEXT2:DATA:FMSD:STAT OFF;:FUNC:DCR:RANG:VAL 100;:FUNC:IMP:RANG:VAL 10000;:OUTP:DC:ISOL:LEV:VAL 0.0002;:OUTP:DC:ISOL:STAT OFF;:FUNC:DCR:RANG:AUTO ON;:FUNC:IMP:RANG:AUTO ON;:OUTP:DC:ISOL:LEV:AUTO ON;:DISP:PAGE MEASurement;
"
10000.0,0.2527456772,12895.40858,2.46186e-07,0.00503643
10000.0,0.2527209498,12896.6779,2.46174e-07,0.00503626
10000.0,0.2527530067,12895.8711,2.46194e-07,0.00503622
10000.0,0.2527267386,12896.06404,2.46194e-07,0.00503618
10000.0,0.2527429636,12896.64563,2.46205e-07,0.00503629
10000.0,0.2527214724,12896.30232,2.46188e-07,0.00503634
10000.0,0.252746825,12895.89821,2.46167e-07,0.00503631
10000.0,0.2527444794,12895.66486,2.46188e-07,0.00503617
10000.0,0.2527366431,12894.71441,2.46193e-07,0.00503624
10000.0,0.2527463786,12894.9999,2.46163e-07,0.00503618
10000.0,0.252729371,12895.20915,2.46172e-07,0.00503638
10000.0,0.2527250495,12894.46098,2.46176e-07,0.00503632
10000.0,0.2527595139,12893.6983,2.46185e-07,0.00503606
10000.0,0.2527413631,12893.85077,2.46194e-07,0.00503605
10000.0,0.2527686948,12894.34898,2.46172e-07,0.00503629
10000.0,0.2527220104,12897.28151,2.4618e-07,0.00503631
Freq,10000,Rs,12895.44354,1.046859095892936,Ls,0.25273944606875,1.4311037209973271e-05
":SOUR:DCS:STAT OFF;:BIAS:STAT OFF;:COMP:BIN:COUN:CLE;:LIST:CLE:ALL;:COMP:BIN:CLE;:AMPL:ALC OFF;:APER MED,4;:BIAS:POL:AUTO OFF;:BIAS:RANG:AUTO ON;:BIAS:VOLT:LEV 0;:COMP:ABIN OFF;:COMP:BIN:COUN:STAT OFF;:COMP:MODE PTOL;:COMP:SLIM -9.9e+037,9.9e+037;:COMP:STAT OFF;:COMP:SWAP OFF;:COMP:TOL:NOM 0;:CURR:LEV 5e-005;:DISP:ENAB ON;:DISP:LINE """";:DISP:WIND:TEXT1:DATA:FMSD:DATA 1e-009;:DISP:WIND:TEXT2:DATA:FMSD:DATA 1e-009;:FORM:ASC:LONG ON;:FORM:BORD NORM;:FORM:DATA ASC,64;:FREQ:CW 10000;:FUNC:DEV1:MODE OFF;:FUNC:DEV1:REF:VAL 0;:FUNC:DEV2:MODE OFF;:FUNC:DEV2:REF:VAL 0;:FUNC:IMP:TYPE LSRS;:FUNC:SMON:IDC:STAT OFF;:FUNC:SMON:VDC:STAT OFF;:INIT:CONT OFF;:LIST:MODE SEQ;:LIST:STIM:TYPE FREQ,NONE;:SOUR:DCS:VOLT:LEV 0;:TRIG:DEL 0;:TRIG:SOUR INT;:TRIG:TDEL 0;:DISP:WIND:TEXT1:DATA:FMSD:STAT OFF;:DISP:WIND:TEXT2:DATA:FMSD:STAT OFF;:FUNC:DCR:RANG:VAL 100;:FUNC:IMP:RANG:VAL 10000;:OUTP:DC:ISOL:LEV:VAL 0.0002;:OUTP:DC:ISOL:STAT OFF;:FUNC:DCR:RANG:AUTO ON;:FUNC:IMP:RANG:AUTO ON;:OUTP:DC:ISOL:LEV:AUTO ON;:DISP:PAGE MEASurement;
"
12000.0,0.2485407489,20330.42542,1.82237e-07,0.00503929
12000.0,0.2485860451,20330.34429,1.82244e-07,0.00503933
12000.0,0.2486236648,20328.6529,1.82234e-07,0.00503951
12000.0,0.2486063777,20326.05572,1.8225e-07,0.00503897
12000.0,0.2485752258,20327.41573,1.82242e-07,0.00503904
12000.0,0.2486727832,20327.89889,1.82244e-07,0.00503907
12000.0,0.2485886914,20328.1645,1.82238e-07,0.00503936
12000.0,0.2485609532,20327.94034,1.82243e-07,0.00503911
12000.0,0.2486784534,20327.60178,1.82258e-07,0.00503937
12000.0,0.2485826493,20328.01072,1.82233e-07,0.00503904
12000.0,0.2485701086,20326.55782,1.82257e-07,0.00503901
12000.0,0.2486142529,20329.35493,1.82249e-07,0.00503933
12000.0,0.2486067185,20326.88008,1.82235e-07,0.00503904
12000.0,0.2486568622,20325.55455,1.82232e-07,0.0050391
12000.0,0.2486088102,20329.87653,1.82251e-07,0.00503922
12000.0,0.2486627348,20330.21075,1.8224e-07,0.00503923
Freq,12000,Rs,20328.184059375002,1.5306353569566524,Ls,0.24860844249999997,4.129064116255222e-05
":SOUR:DCS:STAT OFF;:BIAS:STAT OFF;:COMP:BIN:COUN:CLE;:LIST:CLE:ALL;:COMP:BIN:CLE;:AMPL:ALC OFF;:APER MED,4;:BIAS:POL:AUTO OFF;:BIAS:RANG:AUTO ON;:BIAS:VOLT:LEV 0;:COMP:ABIN OFF;:COMP:BIN:COUN:STAT OFF;:COMP:MODE PTOL;:COMP:SLIM -9.9e+037,9.9e+037;:COMP:STAT OFF;:COMP:SWAP OFF;:COMP:TOL:NOM 0;:CURR:LEV 5e-005;:DISP:ENAB ON;:DISP:LINE """";:DISP:WIND:TEXT1:DATA:FMSD:DATA 1e-009;:DISP:WIND:TEXT2:DATA:FMSD:DATA 1e-009;:FORM:ASC:LONG ON;:FORM:BORD NORM;:FORM:DATA ASC,64;:FREQ:CW 12000;:FUNC:DEV1:MODE OFF;:FUNC:DEV1:REF:VAL 0;:FUNC:DEV2:MODE OFF;:FUNC:DEV2:REF:VAL 0;:FUNC:IMP:TYPE LSRS;:FUNC:SMON:IDC:STAT OFF;:FUNC:SMON:VDC:STAT OFF;:INIT:CONT OFF;:LIST:MODE SEQ;:LIST:STIM:TYPE FREQ,NONE;:SOUR:DCS:VOLT:LEV 0;:TRIG:DEL 0;:TRIG:SOUR INT;:TRIG:TDEL 0;:DISP:WIND:TEXT1:DATA:FMSD:STAT OFF;:DISP:WIND:TEXT2:DATA:FMSD:STAT OFF;:FUNC:DCR:RANG:VAL 100;:FUNC:IMP:RANG:VAL 10000;:OUTP:DC:ISOL:LEV:VAL 0.0002;:OUTP:DC:ISOL:STAT OFF;:FUNC:DCR:RANG:AUTO ON;:FUNC:IMP:RANG:AUTO ON;:OUTP:DC:ISOL:LEV:AUTO ON;:DISP:PAGE MEASurement;
"
14000.0,0.2058743612,32642.35057,1.35091e-07,0.00504174
14000.0,0.2059132532,32638.07147,1.35065e-07,0.00504184
14000.0,0.2058908315,32643.53014,1.35068e-07,0.0050418
14000.0,0.2058525386,32641.14007,1.35092e-07,0.00504204
14000.0,0.205880413,32640.1133,1.35049e-07,0.00504185
14000.0,0.205840805,32642.8021,1.35058e-07,0.00504182
14000.0,0.2058537444,32636.72004,1.35065e-07,0.00504192
14000.0,0.2059026614,32637.90702,1.35065e-07,0.00504171
14000.0,0.2058618291,32640.07082,1.35055e-07,0.00504162
14000.0,0.2058513115,32646.75349,1.35078e-07,0.00504179
14000.0,0.2058767503,32643.11077,1.35054e-07,0.00504174
14000.0,0.2059365282,32638.79113,1.35073e-07,0.00504153
14000.0,0.20586901,32640.29353,1.35068e-07,0.00504147
14000.0,0.2058267016,32642.61378,1.35066e-07,0.00504161
14000.0,0.2058910963,32643.77325,1.35058e-07,0.00504192
14000.0,0.2058539646,32641.93732,1.35076e-07,0.00504185
Freq,14000,Rs,32641.248675000003,2.6169175355594643,Ls,0.20587348749375,2.850895845696073e-05
":SOUR:DCS:STAT OFF;:BIAS:STAT OFF;:COMP:BIN:COUN:CLE;:LIST:CLE:ALL;:COMP:BIN:CLE;:AMPL:ALC OFF;:APER MED,4;:BIAS:POL:AUTO OFF;:BIAS:RANG:AUTO ON;:BIAS:VOLT:LEV 0;:COMP:ABIN OFF;:COMP:BIN:COUN:STAT OFF;:COMP:MODE PTOL;:COMP:SLIM -9.9e+037,9.9e+037;:COMP:STAT OFF;:COMP:SWAP OFF;:COMP:TOL:NOM 0;:CURR:LEV 5e-005;:DISP:ENAB ON;:DISP:LINE """";:DISP:WIND:TEXT1:DATA:FMSD:DATA 1e-009;:DISP:WIND:TEXT2:DATA:FMSD:DATA 1e-009;:FORM:ASC:LONG ON;:FORM:BORD NORM;:FORM:DATA ASC,64;:FREQ:CW 14000;:FUNC:DEV1:MODE OFF;:FUNC:DEV1:REF:VAL 0;:FUNC:DEV2:MODE OFF;:FUNC:DEV2:REF:VAL 0;:FUNC:IMP:TYPE LSRS;:FUNC:SMON:IDC:STAT OFF;:FUNC:SMON:VDC:STAT OFF;:INIT:CONT OFF;:LIST:MODE SEQ;:LIST:STIM:TYPE FREQ,NONE;:SOUR:DCS:VOLT:LEV 0;:TRIG:DEL 0;:TRIG:SOUR INT;:TRIG:TDEL 0;:DISP:WIND:TEXT1:DATA:FMSD:STAT OFF;:DISP:WIND:TEXT2:DATA:FMSD:STAT OFF;:FUNC:DCR:RANG:VAL 100;:FUNC:IMP:RANG:VAL 30000;:OUTP:DC:ISOL:LEV:VAL 2e-005;:OUTP:DC:ISOL:STAT OFF;:FUNC:DCR:RANG:AUTO ON;:FUNC:IMP:RANG:AUTO ON;:OUTP:DC:ISOL:LEV:AUTO ON;:DISP:PAGE MEASurement;
"
16000.0,0.06077587985,46917.44547,1.06627e-07,0.00504401
16000.0,0.06083125349,46908.70745,1.06615e-07,0.00504381
16000.0,0.06074177462,46913.63459,1.06608e-07,0.00504385
16000.0,0.06075766328,46917.41425,1.066e-07,0.00504386
16000.0,0.0607909917,46912.68963,1.06613e-07,0.00504405
16000.0,0.06078053553,46905.56386,1.0661e-07,0.00504379
16000.0,0.0608545548,46918.13559,1.06619e-07,0.00504373
16000.0,0.06086488575,46915.08331,1.06609e-07,0.00504419
16000.0,0.06082210904,46916.59535,1.06613e-07,0.0050441
16000.0,0.06080198489,46919.90935,1.06586e-07,0.00504409
16000.0,0.06079262674,46915.88701,1.06614e-07,0.00504413
16000.0,0.06085343264,46918.93463,1.06613e-07,0.00504406
16000.0,0.06081168249,46919.39781,1.06612e-07,0.00504399
16000.0,0.06079637668,46909.93356,1.06609e-07,0.00504399
16000.0,0.06078692545,46915.64455,1.06603e-07,0.00504395
16000.0,0.06075584116,46916.63136,1.06615e-07,0.00504387
Freq,16000,Rs,46915.100485625,4.06879669243216,Ls,0.060801157381875,3.655027747173112e-05
":SOUR:DCS:STAT OFF;:BIAS:STAT OFF;:COMP:BIN:COUN:CLE;:LIST:CLE:ALL;:COMP:BIN:CLE;:AMPL:ALC OFF;:APER MED,4;:BIAS:POL:AUTO OFF;:BIAS:RANG:AUTO ON;:BIAS:VOLT:LEV 0;:COMP:ABIN OFF;:COMP:BIN:COUN:STAT OFF;:COMP:MODE PTOL;:COMP:SLIM -9.9e+037,9.9e+037;:COMP:STAT OFF;:COMP:SWAP OFF;:COMP:TOL:NOM 0;:CURR:LEV 5e-005;:DISP:ENAB ON;:DISP:LINE """";:DISP:WIND:TEXT1:DATA:FMSD:DATA 1e-009;:DISP:WIND:TEXT2:DATA:FMSD:DATA 1e-009;:FORM:ASC:LONG ON;:FORM:BORD NORM;:FORM:DATA ASC,64;:FREQ:CW 16000;:FUNC:DEV1:MODE OFF;:FUNC:DEV1:REF:VAL 0;:FUNC:DEV2:MODE OFF;:FUNC:DEV2:REF:VAL 0;:FUNC:IMP:TYPE LSRS;:FUNC:SMON:IDC:STAT OFF;:FUNC:SMON:VDC:STAT OFF;:INIT:CONT OFF;:LIST:MODE SEQ;:LIST:STIM:TYPE FREQ,NONE;:SOUR:DCS:VOLT:LEV 0;:TRIG:DEL 0;:TRIG:SOUR INT;:TRIG:TDEL 0;:DISP:WIND:TEXT1:DATA:FMSD:STAT OFF;:DISP:WIND:TEXT2:DATA:FMSD:STAT OFF;:FUNC:DCR:RANG:VAL 100;:FUNC:IMP:RANG:VAL 30000;:OUTP:DC:ISOL:LEV:VAL 2e-005;:OUTP:DC:ISOL:STAT OFF;:FUNC:DCR:RANG:AUTO ON;:FUNC:IMP:RANG:AUTO ON;:OUTP:DC:ISOL:LEV:AUTO ON;:DISP:PAGE MEASurement;
"
16500.0,0.007248215296,48934.41851,1.03094e-07,0.00504594
16500.0,0.007232087886,48942.33791,1.03098e-07,0.00504596
16500.0,0.007291656384,48941.21565,1.03089e-07,0.00504584
16500.0,0.007402597069,48943.72035,1.03099e-07,0.00504575
16500.0,0.007079617238,48940.733,1.03101e-07,0.00504621
16500.0,0.007268814924,48938.36086,1.03073e-07,0.00504595
16500.0,0.007267535727,48943.70306,1.0309e-07,0.00504597
16500.0,0.007272194756,48939.09136,1.031e-07,0.00504622
16500.0,0.007286936573,48942.14237,1.03086e-07,0.00504579
16500.0,0.007188392992,48938.50628,1.03089e-07,0.00504618
16500.0,0.007205309056,48941.49608,1.03087e-07,0.00504605
16500.0,0.007150513516,48936.71534,1.03097e-07,0.00504611
16500.0,0.007264263311,48933.73121,1.031e-07,0.00504627
16500.0,0.00717762653,48948.47118,1.03103e-07,0.00504617
16500.0,0.007103273713,48939.73043,1.03107e-07,0.00504595
16500.0,0.007185033081,48938.05676,1.03082e-07,0.00504617
Freq,16500,Rs,48940.151896875,3.688599670083876,Ls,0.00722650425325,7.955793809507013e-05
":SOUR:DCS:STAT OFF;:BIAS:STAT OFF;:COMP:BIN:COUN:CLE;:LIST:CLE:ALL;:COMP:BIN:CLE;:AMPL:ALC OFF;:APER MED,4;:BIAS:POL:AUTO OFF;:BIAS:RANG:AUTO ON;:BIAS:VOLT:LEV 0;:COMP:ABIN OFF;:COMP:BIN:COUN:STAT OFF;:COMP:MODE PTOL;:COMP:SLIM -9.9e+037,9.9e+037;:COMP:STAT OFF;:COMP:SWAP OFF;:COMP:TOL:NOM 0;:CURR:LEV 5e-005;:DISP:ENAB ON;:DISP:LINE """";:DISP:WIND:TEXT1:DATA:FMSD:DATA 1e-009;:DISP:WIND:TEXT2:DATA:FMSD:DATA 1e-009;:FORM:ASC:LONG ON;:FORM:BORD NORM;:FORM:DATA ASC,64;:FREQ:CW 16500;:FUNC:DEV1:MODE OFF;:FUNC:DEV1:REF:VAL 0;:FUNC:DEV2:MODE OFF;:FUNC:DEV2:REF:VAL 0;:FUNC:IMP:TYPE LSRS;:FUNC:SMON:IDC:STAT OFF;:FUNC:SMON:VDC:STAT OFF;:INIT:CONT OFF;:LIST:MODE SEQ;:LIST:STIM:TYPE FREQ,NONE;:SOUR:DCS:VOLT:LEV 0;:TRIG:DEL 0;:TRIG:SOUR INT;:TRIG:TDEL 0;:DISP:WIND:TEXT1:DATA:FMSD:STAT OFF;:DISP:WIND:TEXT2:DATA:FMSD:STAT OFF;:FUNC:DCR:RANG:VAL 100;:FUNC:IMP:RANG:VAL 30000;:OUTP:DC:ISOL:LEV:VAL 2e-005;:OUTP:DC:ISOL:STAT OFF;:FUNC:DCR:RANG:AUTO ON;:FUNC:IMP:RANG:AUTO ON;:OUTP:DC:ISOL:LEV:AUTO ON;:DISP:PAGE MEASurement;
"
17000.0,-0.0480542795,49670.00237,1.01072e-07,0.00504765
17000.0,-0.04802482691,49669.52332,1.01085e-07,0.00504734
17000.0,-0.0480249553,49674.44417,1.01082e-07,0.00504754
17000.0,-0.04801912189,49662.60737,1.01068e-07,0.00504753
17000.0,-0.04798464119,49674.65874,1.01095e-07,0.00504754
17000.0,-0.04806168928,49661.54453,1.01086e-07,0.00504725
17000.0,-0.04793826375,49671.95899,1.01078e-07,0.00504761
17000.0,-0.04809764202,49657.34126,1.01077e-07,0.00504749
17000.0,-0.047962436,49666.68524,1.01104e-07,0.00504749
17000.0,-0.04801279388,49671.51484,1.01091e-07,0.00504745
17000.0,-0.04805337459,49670.79714,1.01075e-07,0.00504758
17000.0,-0.04800178091,49663.92509,1.01089e-07,0.00504746
17000.0,-0.04801272326,49667.5623,1.01088e-07,0.00504729
17000.0,-0.0479836039,49670.32487,1.01089e-07,0.00504738
17000.0,-0.0480481884,49665.40812,1.01081e-07,0.00504722
17000.0,-0.04801186219,49667.74068,1.01109e-07,0.00504754
Freq,17000,Rs,49667.877439375,4.781108357742825,Ls,-0.048018261435625,3.99353348548251e-05
":SOUR:DCS:STAT OFF;:BIAS:STAT OFF;:COMP:BIN:COUN:CLE;:LIST:CLE:ALL;:COMP:BIN:CLE;:AMPL:ALC OFF;:APER MED,4;:BIAS:POL:AUTO OFF;:BIAS:RANG:AUTO ON;:BIAS:VOLT:LEV 0;:COMP:ABIN OFF;:COMP:BIN:COUN:STAT OFF;:COMP:MODE PTOL;:COMP:SLIM -9.9e+037,9.9e+037;:COMP:STAT OFF;:COMP:SWAP OFF;:COMP:TOL:NOM 0;:CURR:LEV 5e-005;:DISP:ENAB ON;:DISP:LINE """";:DISP:WIND:TEXT1:DATA:FMSD:DATA 1e-009;:DISP:WIND:TEXT2:DATA:FMSD:DATA 1e-009;:FORM:ASC:LONG ON;:FORM:BORD NORM;:FORM:DATA ASC,64;:FREQ:CW 17000;:FUNC:DEV1:MODE OFF;:FUNC:DEV1:REF:VAL 0;:FUNC:DEV2:MODE OFF;:FUNC:DEV2:REF:VAL 0;:FUNC:IMP:TYPE LSRS;:FUNC:SMON:IDC:STAT OFF;:FUNC:SMON:VDC:STAT OFF;:INIT:CONT OFF;:LIST:MODE SEQ;:LIST:STIM:TYPE FREQ,NONE;:SOUR:DCS:VOLT:LEV 0;:TRIG:DEL 0;:TRIG:SOUR INT;:TRIG:TDEL 0;:DISP:WIND:TEXT1:DATA:FMSD:STAT OFF;:DISP:WIND:TEXT2:DATA:FMSD:STAT OFF;:FUNC:DCR:RANG:VAL 100;:FUNC:IMP:RANG:VAL 30000;:OUTP:DC:ISOL:LEV:VAL 2e-005;:OUTP:DC:ISOL:STAT OFF;:FUNC:DCR:RANG:AUTO ON;:FUNC:IMP:RANG:AUTO ON;:OUTP:DC:ISOL:LEV:AUTO ON;:DISP:PAGE MEASurement;
"
17500.0,-0.1003226379,48948.23255,1.00604e-07,0.00504876
17500.0,-0.1003309116,48953.84645,1.00607e-07,0.00504875
17500.0,-0.1003085653,48948.79013,1.00603e-07,0.00504889
17500.0,-0.1002532515,48957.34913,1.00604e-07,0.00504876
17500.0,-0.1003389413,48945.0288,1.00611e-07,0.00504905
17500.0,-0.1002886277,48957.07139,1.00615e-07,0.00504892
17500.0,-0.1003088352,48951.76882,1.00628e-07,0.0050489
17500.0,-0.1003664136,48956.20174,1.00631e-07,0.00504911
17500.0,-0.1003227665,48960.18641,1.00621e-07,0.00504884
17500.0,-0.1003120938,48949.47578,1.00607e-07,0.00504874
17500.0,-0.1004204584,48948.9618,1.00627e-07,0.00504896
17500.0,-0.1003517865,48960.57044,1.0063e-07,0.00504884
17500.0,-0.1003313992,48950.10446,1.00613e-07,0.00504884
17500.0,-0.1002445741,48951.00396,1.00601e-07,0.00504874
17500.0,-0.1002924362,48954.4551,1.00617e-07,0.00504884
17500.0,-0.10034918,48952.29251,1.00619e-07,0.00504865
Freq,17500,Rs,48952.833716875,4.503281797695087,Ls,-0.10032142992500001,4.235088909856869e-05
":SOUR:DCS:STAT OFF;:BIAS:STAT OFF;:COMP:BIN:COUN:CLE;:LIST:CLE:ALL;:COMP:BIN:CLE;:AMPL:ALC OFF;:APER MED,4;:BIAS:POL:AUTO OFF;:BIAS:RANG:AUTO ON;:BIAS:VOLT:LEV 0;:COMP:ABIN OFF;:COMP:BIN:COUN:STAT OFF;:COMP:MODE PTOL;:COMP:SLIM -9.9e+037,9.9e+037;:COMP:STAT OFF;:COMP:SWAP OFF;:COMP:TOL:NOM 0;:CURR:LEV 5e-005;:DISP:ENAB ON;:DISP:LINE """";:DISP:WIND:TEXT1:DATA:FMSD:DATA 1e-009;:DISP:WIND:TEXT2:DATA:FMSD:DATA 1e-009;:FORM:ASC:LONG ON;:FORM:BORD NORM;:FORM:DATA ASC,64;:FREQ:CW 17500;:FUNC:DEV1:MODE OFF;:FUNC:DEV1:REF:VAL 0;:FUNC:DEV2:MODE OFF;:FUNC:DEV2:REF:VAL 0;:FUNC:IMP:TYPE LSRS;:FUNC:SMON:IDC:STAT OFF;:FUNC:SMON:VDC:STAT OFF;:INIT:CONT OFF;:LIST:MODE SEQ;:LIST:STIM:TYPE FREQ,NONE;:SOUR:DCS:VOLT:LEV 0;:TRIG:DEL 0;:TRIG:SOUR INT;:TRIG:TDEL 0;:DISP:WIND:TEXT1:DATA:FMSD:STAT OFF;:DISP:WIND:TEXT2:DATA:FMSD:STAT OFF;:FUNC:DCR:RANG:VAL 100;:FUNC:IMP:RANG:VAL 30000;:OUTP:DC:ISOL:LEV:VAL 2e-005;:OUTP:DC:ISOL:STAT OFF;:FUNC:DCR:RANG:AUTO ON;:FUNC:IMP:RANG:AUTO ON;:OUTP:DC:ISOL:LEV:AUTO ON;:DISP:PAGE MEASurement;
"
18000.0,-0.1455367246,46894.71981,1.01598e-07,0.00505018
18000.0,-0.1454772246,46887.44419,1.01581e-07,0.00504998
18000.0,-0.1454571893,46902.88949,1.01594e-07,0.00505027
18000.0,-0.1455009672,46904.57736,1.01626e-07,0.00505008
18000.0,-0.1455339678,46911.30496,1.01594e-07,0.00505021
18000.0,-0.1455632172,46902.63091,1.01591e-07,0.00505002
18000.0,-0.1455600489,46901.21071,1.01587e-07,0.00504995
18000.0,-0.1454413503,46902.74344,1.01586e-07,0.00504998
18000.0,-0.1455042021,46904.24802,1.01616e-07,0.0050502
18000.0,-0.1454999356,46896.26792,1.01623e-07,0.00505019
18000.0,-0.1455414987,46901.18319,1.01601e-07,0.00505011
18000.0,-0.1456065638,46899.40944,1.01565e-07,0.00505
18000.0,-0.1455630041,46902.06059,1.01591e-07,0.00505004
18000.0,-0.1454733271,46891.73652,1.01609e-07,0.00505006
18000.0,-0.1454811287,46904.36562,1.01603e-07,0.00505
18000.0,-0.1455500292,46899.39897,1.0158e-07,0.00505
Freq,18000,Rs,46900.38694625,5.6675944469316235,Ls,-0.14551814870000002,4.565277612518232e-05
":SOUR:DCS:STAT OFF;:BIAS:STAT OFF;:COMP:BIN:COUN:CLE;:LIST:CLE:ALL;:COMP:BIN:CLE;:AMPL:ALC OFF;:APER MED,4;:BIAS:POL:AUTO OFF;:BIAS:RANG:AUTO ON;:BIAS:VOLT:LEV 0;:COMP:ABIN OFF;:COMP:BIN:COUN:STAT OFF;:COMP:MODE PTOL;:COMP:SLIM -9.9e+037,9.9e+037;:COMP:STAT OFF;:COMP:SWAP OFF;:COMP:TOL:NOM 0;:CURR:LEV 5e-005;:DISP:ENAB ON;:DISP:LINE """";:DISP:WIND:TEXT1:DATA:FMSD:DATA 1e-009;:DISP:WIND:TEXT2:DATA:FMSD:DATA 1e-009;:FORM:ASC:LONG ON;:FORM:BORD NORM;:FORM:DATA ASC,64;:FREQ:CW 18000;:FUNC:DEV1:MODE OFF;:FUNC:DEV1:REF:VAL 0;:FUNC:DEV2:MODE OFF;:FUNC:DEV2:REF:VAL 0;:FUNC:IMP:TYPE LSRS;:FUNC:SMON:IDC:STAT OFF;:FUNC:SMON:VDC:STAT OFF;:INIT:CONT OFF;:LIST:MODE SEQ;:LIST:STIM:TYPE FREQ,NONE;:SOUR:DCS:VOLT:LEV 0;:TRIG:DEL 0;:TRIG:SOUR INT;:TRIG:TDEL 0;:DISP:WIND:TEXT1:DATA:FMSD:STAT OFF;:DISP:WIND:TEXT2:DATA:FMSD:STAT OFF;:FUNC:DCR:RANG:VAL 100;:FUNC:IMP:RANG:VAL 30000;:OUTP:DC:ISOL:LEV:VAL 2e-005;:OUTP:DC:ISOL:STAT OFF;:FUNC:DCR:RANG:AUTO ON;:FUNC:IMP:RANG:AUTO ON;:OUTP:DC:ISOL:LEV:AUTO ON;:DISP:PAGE MEASurement;
"
18500.0,-0.1810067792,43814.97516,1.0392e-07,0.00505105
18500.0,-0.1810019762,43809.46183,1.03917e-07,0.00505135
18500.0,-0.1809860355,43817.19812,1.03934e-07,0.00505109
18500.0,-0.1809116857,43817.29114,1.03919e-07,0.00505127
18500.0,-0.1810310665,43813.44778,1.03938e-07,0.00505126
18500.0,-0.1809331563,43817.96177,1.03942e-07,0.00505075
18500.0,-0.1809859679,43817.32238,1.03918e-07,0.005051
18500.0,-0.1809123172,43823.0887,1.03912e-07,0.00505125
18500.0,-0.180986372,43810.32547,1.03936e-07,0.00505125
18500.0,-0.1810239597,43810.0157,1.03928e-07,0.0050514
18500.0,-0.1810393276,43813.41519,1.03951e-07,0.00505127
18500.0,-0.1809482992,43809.32051,1.03955e-07,0.00505119
18500.0,-0.1809340373,43808.85599,1.03916e-07,0.00505153
18500.0,-0.1809762905,43808.84984,1.03915e-07,0.00505108
18500.0,-0.1810293638,43817.35127,1.03921e-07,0.005051
18500.0,-0.181018776,43819.48878,1.03924e-07,0.0050513
Freq,18500,Rs,43814.273101875,4.44982800335942,Ls,-0.1809828381625,4.3017530967778796e-05
":SOUR:DCS:STAT OFF;:BIAS:STAT OFF;:COMP:BIN:COUN:CLE;:LIST:CLE:ALL;:COMP:BIN:CLE;:AMPL:ALC OFF;:APER MED,4;:BIAS:POL:AUTO OFF;:BIAS:RANG:AUTO ON;:BIAS:VOLT:LEV 0;:COMP:ABIN OFF;:COMP:BIN:COUN:STAT OFF;:COMP:MODE PTOL;:COMP:SLIM -9.9e+037,9.9e+037;:COMP:STAT OFF;:COMP:SWAP OFF;:COMP:TOL:NOM 0;:CURR:LEV 5e-005;:DISP:ENAB ON;:DISP:LINE """";:DISP:WIND:TEXT1:DATA:FMSD:DATA 1e-009;:DISP:WIND:TEXT2:DATA:FMSD:DATA 1e-009;:FORM:ASC:LONG ON;:FORM:BORD NORM;:FORM:DATA ASC,64;:FREQ:CW 18500;:FUNC:DEV1:MODE OFF;:FUNC:DEV1:REF:VAL 0;:FUNC:DEV2:MODE OFF;:FUNC:DEV2:REF:VAL 0;:FUNC:IMP:TYPE LSRS;:FUNC:SMON:IDC:STAT OFF;:FUNC:SMON:VDC:STAT OFF;:INIT:CONT OFF;:LIST:MODE SEQ;:LIST:STIM:TYPE FREQ,NONE;:SOUR:DCS:VOLT:LEV 0;:TRIG:DEL 0;:TRIG:SOUR INT;:TRIG:TDEL 0;:DISP:WIND:TEXT1:DATA:FMSD:STAT OFF;:DISP:WIND:TEXT2:DATA:FMSD:STAT OFF;:FUNC:DCR:RANG:VAL 100;:FUNC:IMP:RANG:VAL 30000;:OUTP:DC:ISOL:LEV:VAL 2e-005;:OUTP:DC:ISOL:STAT OFF;:FUNC:DCR:RANG:AUTO ON;:FUNC:IMP:RANG:AUTO ON;:OUTP:DC:ISOL:LEV:AUTO ON;:DISP:PAGE MEASurement;
"
19000.0,-0.2058352465,40082.42251,1.07432e-07,0.00505241
19000.0,-0.2058210171,40093.97704,1.07439e-07,0.00505235
19000.0,-0.2059370998,40090.10675,1.07453e-07,0.00505241
19000.0,-0.2057859097,40088.76778,1.0744e-07,0.00505225
19000.0,-0.2058545324,40086.55464,1.07453e-07,0.00505228
19000.0,-0.2058121192,40094.24759,1.07443e-07,0.00505247
19000.0,-0.205779281,40082.59993,1.07455e-07,0.00505215
19000.0,-0.205877769,40096.65323,1.07439e-07,0.00505229
19000.0,-0.2058230568,40091.67521,1.07454e-07,0.00505209
19000.0,-0.2057982815,40095.43192,1.07449e-07,0.0050523
19000.0,-0.2058910686,40089.24972,1.07468e-07,0.00505229
19000.0,-0.2057657802,40089.89607,1.07444e-07,0.00505201
19000.0,-0.2058048186,40087.49515,1.07438e-07,0.00505222
19000.0,-0.2058127135,40081.88926,1.07448e-07,0.00505231
19000.0,-0.2058467159,40089.21746,1.07447e-07,0.00505241
19000.0,-0.2058258589,40089.58899,1.07442e-07,0.00505245
Freq,19000,Rs,40089.360828125005,4.493646064174908,Ls,-0.20582945429375,4.4295187941000634e-05
":SOUR:DCS:STAT OFF;:BIAS:STAT OFF;:COMP:BIN:COUN:CLE;:LIST:CLE:ALL;:COMP:BIN:CLE;:AMPL:ALC OFF;:APER MED,4;:BIAS:POL:AUTO OFF;:BIAS:RANG:AUTO ON;:BIAS:VOLT:LEV 0;:COMP:ABIN OFF;:COMP:BIN:COUN:STAT OFF;:COMP:MODE PTOL;:COMP:SLIM -9.9e+037,9.9e+037;:COMP:STAT OFF;:COMP:SWAP OFF;:COMP:TOL:NOM 0;:CURR:LEV 5e-005;:DISP:ENAB ON;:DISP:LINE """";:DISP:WIND:TEXT1:DATA:FMSD:DATA 1e-009;:DISP:WIND:TEXT2:DATA:FMSD:DATA 1e-009;:FORM:ASC:LONG ON;:FORM:BORD NORM;:FORM:DATA ASC,64;:FREQ:CW 19000;:FUNC:DEV1:MODE OFF;:FUNC:DEV1:REF:VAL 0;:FUNC:DEV2:MODE OFF;:FUNC:DEV2:REF:VAL 0;:FUNC:IMP:TYPE LSRS;:FUNC:SMON:IDC:STAT OFF;:FUNC:SMON:VDC:STAT OFF;:INIT:CONT OFF;:LIST:MODE SEQ;:LIST:STIM:TYPE FREQ,NONE;:SOUR:DCS:VOLT:LEV 0;:TRIG:DEL 0;:TRIG:SOUR INT;:TRIG:TDEL 0;:DISP:WIND:TEXT1:DATA:FMSD:STAT OFF;:DISP:WIND:TEXT2:DATA:FMSD:STAT OFF;:FUNC:DCR:RANG:VAL 100;:FUNC:IMP:RANG:VAL 30000;:OUTP:DC:ISOL:LEV:VAL 2e-005;:OUTP:DC:ISOL:STAT OFF;:FUNC:DCR:RANG:AUTO ON;:FUNC:IMP:RANG:AUTO ON;:OUTP:DC:ISOL:LEV:AUTO ON;:DISP:PAGE MEASurement;
"
19500.0,-0.2207867399,36118.74645,1.11989e-07,0.00505324
19500.0,-0.2208103959,36110.89705,1.12007e-07,0.00505302
19500.0,-0.2208014342,36109.26468,1.11967e-07,0.00505312
19500.0,-0.2208398871,36127.83899,1.1198e-07,0.00505308
19500.0,-0.2208241419,36113.40056,1.11992e-07,0.0050532
19500.0,-0.22083651,36120.17968,1.11967e-07,0.00505271
19500.0,-0.2208006887,36114.16596,1.1198e-07,0.00505306
19500.0,-0.2207993696,36113.15335,1.11983e-07,0.00505287
19500.0,-0.2207458284,36119.55584,1.11976e-07,0.00505327
19500.0,-0.2209032097,36118.38406,1.12001e-07,0.00505285
19500.0,-0.2208143134,36108.92799,1.1198e-07,0.00505313
19500.0,-0.2207850833,36111.51245,1.11987e-07,0.00505297
19500.0,-0.2208508156,36121.81422,1.11995e-07,0.00505335
19500.0,-0.2207077252,36114.30566,1.11991e-07,0.00505311
19500.0,-0.2208492138,36110.56283,1.11998e-07,0.00505318
19500.0,-0.2207511891,36117.05841,1.11964e-07,0.00505318
Freq,19500,Rs,36115.61051125,5.216730627626732,Ls,-0.22080665911249997,4.69039281300786e-05
":SOUR:DCS:STAT OFF;:BIAS:STAT OFF;:COMP:BIN:COUN:CLE;:LIST:CLE:ALL;:COMP:BIN:CLE;:AMPL:ALC OFF;:APER MED,4;:BIAS:POL:AUTO OFF;:BIAS:RANG:AUTO ON;:BIAS:VOLT:LEV 0;:COMP:ABIN OFF;:COMP:BIN:COUN:STAT OFF;:COMP:MODE PTOL;:COMP:SLIM -9.9e+037,9.9e+037;:COMP:STAT OFF;:COMP:SWAP OFF;:COMP:TOL:NOM 0;:CURR:LEV 5e-005;:DISP:ENAB ON;:DISP:LINE """";:DISP:WIND:TEXT1:DATA:FMSD:DATA 1e-009;:DISP:WIND:TEXT2:DATA:FMSD:DATA 1e-009;:FORM:ASC:LONG ON;:FORM:BORD NORM;:FORM:DATA ASC,64;:FREQ:CW 19500;:FUNC:DEV1:MODE OFF;:FUNC:DEV1:REF:VAL 0;:FUNC:DEV2:MODE OFF;:FUNC:DEV2:REF:VAL 0;:FUNC:IMP:TYPE LSRS;:FUNC:SMON:IDC:STAT OFF;:FUNC:SMON:VDC:STAT OFF;:INIT:CONT OFF;:LIST:MODE SEQ;:LIST:STIM:TYPE FREQ,NONE;:SOUR:DCS:VOLT:LEV 0;:TRIG:DEL 0;:TRIG:SOUR INT;:TRIG:TDEL 0;:DISP:WIND:TEXT1:DATA:FMSD:STAT OFF;:DISP:WIND:TEXT2:DATA:FMSD:STAT OFF;:FUNC:DCR:RANG:VAL 100;:FUNC:IMP:RANG:VAL 30000;:OUTP:DC:ISOL:LEV:VAL 2e-005;:OUTP:DC:ISOL:STAT OFF;:FUNC:DCR:RANG:AUTO ON;:FUNC:IMP:RANG:AUTO ON;:OUTP:DC:ISOL:LEV:AUTO ON;:DISP:PAGE MEASurement;
"
20000.0,-0.2276251521,32197.54012,1.17377e-07,0.00505411
20000.0,-0.2276080392,32181.16872,1.17357e-07,0.00505402
20000.0,-0.2276764607,32183.85536,1.17369e-07,0.00505398
20000.0,-0.2276671974,32181.40781,1.17374e-07,0.0050537
20000.0,-0.2276374055,32186.79106,1.17348e-07,0.00505393
20000.0,-0.2276744967,32183.74198,1.1736e-07,0.00505376
20000.0,-0.2276303443,32184.35947,1.17359e-07,0.00505352
20000.0,-0.2276676965,32179.03233,1.17368e-07,0.00505376
20000.0,-0.2276270133,32183.63218,1.17377e-07,0.00505373
20000.0,-0.2276470792,32181.75315,1.17366e-07,0.0050538
20000.0,-0.2276099989,32185.36063,1.17364e-07,0.00505389
20000.0,-0.2276378058,32183.85004,1.17376e-07,0.0050537
20000.0,-0.2276574417,32180.87435,1.17375e-07,0.0050538
20000.0,-0.2276774785,32183.37176,1.17357e-07,0.00505359
20000.0,-0.227666924,32182.98388,1.17376e-07,0.00505401
20000.0,-0.2276289172,32187.49104,1.17354e-07,0.0050539
Freq,20000,Rs,32184.2008675,4.167741338110709,Ls,-0.22764621568750001,2.370680802073028e-05
":SOUR:DCS:STAT OFF;:BIAS:STAT OFF;:COMP:BIN:COUN:CLE;:LIST:CLE:ALL;:COMP:BIN:CLE;:AMPL:ALC OFF;:APER MED,4;:BIAS:POL:AUTO OFF;:BIAS:RANG:AUTO ON;:BIAS:VOLT:LEV 0;:COMP:ABIN OFF;:COMP:BIN:COUN:STAT OFF;:COMP:MODE PTOL;:COMP:SLIM -9.9e+037,9.9e+037;:COMP:STAT OFF;:COMP:SWAP OFF;:COMP:TOL:NOM 0;:CURR:LEV 5e-005;:DISP:ENAB ON;:DISP:LINE """";:DISP:WIND:TEXT1:DATA:FMSD:DATA 1e-009;:DISP:WIND:TEXT2:DATA:FMSD:DATA 1e-009;:FORM:ASC:LONG ON;:FORM:BORD NORM;:FORM:DATA ASC,64;:FREQ:CW 20000;:FUNC:DEV1:MODE OFF;:FUNC:DEV1:REF:VAL 0;:FUNC:DEV2:MODE OFF;:FUNC:DEV2:REF:VAL 0;:FUNC:IMP:TYPE LSRS;:FUNC:SMON:IDC:STAT OFF;:FUNC:SMON:VDC:STAT OFF;:INIT:CONT OFF;:LIST:MODE SEQ;:LIST:STIM:TYPE FREQ,NONE;:SOUR:DCS:VOLT:LEV 0;:TRIG:DEL 0;:TRIG:SOUR INT;:TRIG:TDEL 0;:DISP:WIND:TEXT1:DATA:FMSD:STAT OFF;:DISP:WIND:TEXT2:DATA:FMSD:STAT OFF;:FUNC:DCR:RANG:VAL 100;:FUNC:IMP:RANG:VAL 30000;:OUTP:DC:ISOL:LEV:VAL 2e-005;:OUTP:DC:ISOL:STAT OFF;:FUNC:DCR:RANG:AUTO ON;:FUNC:IMP:RANG:AUTO ON;:OUTP:DC:ISOL:LEV:AUTO ON;:DISP:PAGE MEASurement;
"
20500.0,-0.2282820269,28488.98576,1.23449e-07,0.00505425
20500.0,-0.2282435738,28493.87521,1.23443e-07,0.00505434
20500.0,-0.2282729878,28489.72445,1.23425e-07,0.00505446
20500.0,-0.2283228444,28495.42465,1.23453e-07,0.0050545
20500.0,-0.2283553813,28488.18588,1.23428e-07,0.00505447
20500.0,-0.2283160605,28492.4419,1.23436e-07,0.0050543
20500.0,-0.2282670878,28497.214,1.23445e-07,0.00505416
20500.0,-0.2282937169,28490.63285,1.23439e-07,0.00505431
20500.0,-0.2282887393,28489.41265,1.23455e-07,0.00505452
20500.0,-0.2282950933,28494.17971,1.23434e-07,0.00505438
20500.0,-0.2282984308,28494.79878,1.23454e-07,0.00505444
20500.0,-0.2282959331,28497.86304,1.23454e-07,0.00505416
20500.0,-0.2282988693,28492.53053,1.23433e-07,0.0050546
20500.0,-0.2283286277,28486.16831,1.23456e-07,0.00505445
20500.0,-0.2282873908,28493.30219,1.23427e-07,0.00505432
20500.0,-0.228249736,28490.04295,1.23435e-07,0.00505446
Freq,20500,Rs,28492.173928750002,3.3295826621821982,Ls,-0.22829353123125,2.8534002140646355e-05
":SOUR:DCS:STAT OFF;:BIAS:STAT OFF;:COMP:BIN:COUN:CLE;:LIST:CLE:ALL;:COMP:BIN:CLE;:AMPL:ALC OFF;:APER MED,4;:BIAS:POL:AUTO OFF;:BIAS:RANG:AUTO ON;:BIAS:VOLT:LEV 0;:COMP:ABIN OFF;:COMP:BIN:COUN:STAT OFF;:COMP:MODE PTOL;:COMP:SLIM -9.9e+037,9.9e+037;:COMP:STAT OFF;:COMP:SWAP OFF;:COMP:TOL:NOM 0;:CURR:LEV 5e-005;:DISP:ENAB ON;:DISP:LINE """";:DISP:WIND:TEXT1:DATA:FMSD:DATA 1e-009;:DISP:WIND:TEXT2:DATA:FMSD:DATA 1e-009;:FORM:ASC:LONG ON;:FORM:BORD NORM;:FORM:DATA ASC,64;:FREQ:CW 20500;:FUNC:DEV1:MODE OFF;:FUNC:DEV1:REF:VAL 0;:FUNC:DEV2:MODE OFF;:FUNC:DEV2:REF:VAL 0;:FUNC:IMP:TYPE LSRS;:FUNC:SMON:IDC:STAT OFF;:FUNC:SMON:VDC:STAT OFF;:INIT:CONT OFF;:LIST:MODE SEQ;:LIST:STIM:TYPE FREQ,NONE;:SOUR:DCS:VOLT:LEV 0;:TRIG:DEL 0;:TRIG:SOUR INT;:TRIG:TDEL 0;:DISP:WIND:TEXT1:DATA:FMSD:STAT OFF;:DISP:WIND:TEXT2:DATA:FMSD:STAT OFF;:FUNC:DCR:RANG:VAL 100;:FUNC:IMP:RANG:VAL 30000;:OUTP:DC:ISOL:LEV:VAL 2e-005;:OUTP:DC:ISOL:STAT OFF;:FUNC:DCR:RANG:AUTO ON;:FUNC:IMP:RANG:AUTO ON;:OUTP:DC:ISOL:LEV:AUTO ON;:DISP:PAGE MEASurement;
"
21000.0,-0.2245931808,25133.55272,1.30082e-07,0.00505478
21000.0,-0.2245791299,25135.19655,1.30085e-07,0.00505456
21000.0,-0.2246177048,25138.45492,1.30086e-07,0.00505458
21000.0,-0.2245632699,25136.0314,1.30076e-07,0.00505471
21000.0,-0.2245861747,25136.45653,1.30081e-07,0.00505439
21000.0,-0.2245677108,25133.35879,1.30093e-07,0.00505456
21000.0,-0.2245424698,25139.46442,1.30083e-07,0.00505451
21000.0,-0.2245576838,25133.0413,1.30077e-07,0.00505454
21000.0,-0.224615399,25141.77349,1.30078e-07,0.00505462
21000.0,-0.2245749903,25132.65886,1.30086e-07,0.00505452
21000.0,-0.2245836938,25133.26491,1.30095e-07,0.00505452
21000.0,-0.2246018691,25136.00923,1.30081e-07,0.00505461
21000.0,-0.2245585989,25137.44943,1.30081e-07,0.00505464
21000.0,-0.2245844167,25133.38399,1.30077e-07,0.00505477
21000.0,-0.2245739981,25139.11845,1.30089e-07,0.0050546
21000.0,-0.224553216,25134.88967,1.30087e-07,0.00505465
Freq,21000,Rs,25135.88154125,2.7356590422125606,Ls,-0.22457834415,2.1492412837092887e-05
":SOUR:DCS:STAT OFF;:BIAS:STAT OFF;:COMP:BIN:COUN:CLE;:LIST:CLE:ALL;:COMP:BIN:CLE;:AMPL:ALC OFF;:APER MED,4;:BIAS:POL:AUTO OFF;:BIAS:RANG:AUTO ON;:BIAS:VOLT:LEV 0;:COMP:ABIN OFF;:COMP:BIN:COUN:STAT OFF;:COMP:MODE PTOL;:COMP:SLIM -9.9e+037,9.9e+037;:COMP:STAT OFF;:COMP:SWAP OFF;:COMP:TOL:NOM 0;:CURR:LEV 5e-005;:DISP:ENAB ON;:DISP:LINE """";:DISP:WIND:TEXT1:DATA:FMSD:DATA 1e-009;:DISP:WIND:TEXT2:DATA:FMSD:DATA 1e-009;:FORM:ASC:LONG ON;:FORM:BORD NORM;:FORM:DATA ASC,64;:FREQ:CW 21000;:FUNC:DEV1:MODE OFF;:FUNC:DEV1:REF:VAL 0;:FUNC:DEV2:MODE OFF;:FUNC:DEV2:REF:VAL 0;:FUNC:IMP:TYPE LSRS;:FUNC:SMON:IDC:STAT OFF;:FUNC:SMON:VDC:STAT OFF;:INIT:CONT OFF;:LIST:MODE SEQ;:LIST:STIM:TYPE FREQ,NONE;:SOUR:DCS:VOLT:LEV 0;:TRIG:DEL 0;:TRIG:SOUR INT;:TRIG:TDEL 0;:DISP:WIND:TEXT1:DATA:FMSD:STAT OFF;:DISP:WIND:TEXT2:DATA:FMSD:STAT OFF;:FUNC:DCR:RANG:VAL 100;:FUNC:IMP:RANG:VAL 30000;:OUTP:DC:ISOL:LEV:VAL 2e-005;:OUTP:DC:ISOL:STAT OFF;:FUNC:DCR:RANG:AUTO ON;:FUNC:IMP:RANG:AUTO ON;:OUTP:DC:ISOL:LEV:AUTO ON;:DISP:PAGE MEASurement;
"
22000.0,-0.2096281285,19538.36837,1.44613e-07,0.00505459
22000.0,-0.2096559095,19539.86321,1.44611e-07,0.00505447
22000.0,-0.2096377458,19542.05975,1.44598e-07,0.00505441
22000.0,-0.2096459426,19536.20907,1.4462e-07,0.00505407
22000.0,-0.2096585497,19537.32886,1.44606e-07,0.00505439
22000.0,-0.2096614245,19537.78918,1.44611e-07,0.00505444
22000.0,-0.2096303979,19539.54277,1.44613e-07,0.00505457
22000.0,-0.209651117,19538.52137,1.44612e-07,0.00505447
22000.0,-0.2096553023,19541.16715,1.44618e-07,0.00505442
22000.0,-0.2096222378,19542.04432,1.44612e-07,0.00505461
22000.0,-0.2096530303,19537.90859,1.44616e-07,0.00505441
22000.0,-0.2096374919,19538.50035,1.44608e-07,0.00505467
22000.0,-0.2096552176,19541.90497,1.44617e-07,0.00505456
22000.0,-0.2096386487,19542.30898,1.44613e-07,0.00505447
22000.0,-0.2096389305,19542.10013,1.44601e-07,0.00505445
22000.0,-0.2096071704,19540.21627,1.44607e-07,0.00505442
Freq,22000,Rs,19539.73958375,2.003492776870509,Ls,-0.2096423278125,1.5065840097779893e-05
":SOUR:DCS:STAT OFF;:BIAS:STAT OFF;:COMP:BIN:COUN:CLE;:LIST:CLE:ALL;:COMP:BIN:CLE;:AMPL:ALC OFF;:APER MED,4;:BIAS:POL:AUTO OFF;:BIAS:RANG:AUTO ON;:BIAS:VOLT:LEV 0;:COMP:ABIN OFF;:COMP:BIN:COUN:STAT OFF;:COMP:MODE PTOL;:COMP:SLIM -9.9e+037,9.9e+037;:COMP:STAT OFF;:COMP:SWAP OFF;:COMP:TOL:NOM 0;:CURR:LEV 5e-005;:DISP:ENAB ON;:DISP:LINE """";:DISP:WIND:TEXT1:DATA:FMSD:DATA 1e-009;:DISP:WIND:TEXT2:DATA:FMSD:DATA 1e-009;:FORM:ASC:LONG ON;:FORM:BORD NORM;:FORM:DATA ASC,64;:FREQ:CW 22000;:FUNC:DEV1:MODE OFF;:FUNC:DEV1:REF:VAL 0;:FUNC:DEV2:MODE OFF;:FUNC:DEV2:REF:VAL 0;:FUNC:IMP:TYPE LSRS;:FUNC:SMON:IDC:STAT OFF;:FUNC:SMON:VDC:STAT OFF;:INIT:CONT OFF;:LIST:MODE SEQ;:LIST:STIM:TYPE FREQ,NONE;:SOUR:DCS:VOLT:LEV 0;:TRIG:DEL 0;:TRIG:SOUR INT;:TRIG:TDEL 0;:DISP:WIND:TEXT1:DATA:FMSD:STAT OFF;:DISP:WIND:TEXT2:DATA:FMSD:STAT OFF;:FUNC:DCR:RANG:VAL 100;:FUNC:IMP:RANG:VAL 30000;:OUTP:DC:ISOL:LEV:VAL 2e-005;:OUTP:DC:ISOL:STAT OFF;:FUNC:DCR:RANG:AUTO ON;:FUNC:IMP:RANG:AUTO ON;:OUTP:DC:ISOL:LEV:AUTO ON;:DISP:PAGE MEASurement;
"
24000.0,-0.1717270972,12140.73706,1.76569e-07,0.00505016
24000.0,-0.1717412425,12139.22199,1.76573e-07,0.0050499
24000.0,-0.1717241174,12139.6559,1.76577e-07,0.00505024
24000.0,-0.1717438265,12139.6543,1.76573e-07,0.00505005
24000.0,-0.1717464348,12140.7862,1.76564e-07,0.00505006
24000.0,-0.1717364303,12140.7364,1.76562e-07,0.00505024
24000.0,-0.1717339755,12142.40341,1.7657e-07,0.00505014
24000.0,-0.1717261021,12139.55752,1.76588e-07,0.00505035
24000.0,-0.1717344787,12137.97781,1.76567e-07,0.00505022
24000.0,-0.1717496355,12137.24517,1.76577e-07,0.00505034
24000.0,-0.1717327034,12139.39833,1.76564e-07,0.00505023
24000.0,-0.171759391,12141.26048,1.76569e-07,0.00505022
24000.0,-0.1717338342,12140.60074,1.76563e-07,0.00505029
24000.0,-0.1717375681,12140.07284,1.76561e-07,0.00505032
24000.0,-0.1717467585,12139.33189,1.76554e-07,0.00505014
24000.0,-0.1717446738,12139.61435,1.76567e-07,0.00504991
Freq,24000,Rs,12139.890899375,1.2360969539184816,Ls,-0.17173864184375,9.497505570552647e-06
":SOUR:DCS:STAT OFF;:BIAS:STAT OFF;:COMP:BIN:COUN:CLE;:LIST:CLE:ALL;:COMP:BIN:CLE;:AMPL:ALC OFF;:APER MED,4;:BIAS:POL:AUTO OFF;:BIAS:RANG:AUTO ON;:BIAS:VOLT:LEV 0;:COMP:ABIN OFF;:COMP:BIN:COUN:STAT OFF;:COMP:MODE PTOL;:COMP:SLIM -9.9e+037,9.9e+037;:COMP:STAT OFF;:COMP:SWAP OFF;:COMP:TOL:NOM 0;:CURR:LEV 5e-005;:DISP:ENAB ON;:DISP:LINE """";:DISP:WIND:TEXT1:DATA:FMSD:DATA 1e-009;:DISP:WIND:TEXT2:DATA:FMSD:DATA 1e-009;:FORM:ASC:LONG ON;:FORM:BORD NORM;:FORM:DATA ASC,64;:FREQ:CW 24000;:FUNC:DEV1:MODE OFF;:FUNC:DEV1:REF:VAL 0;:FUNC:DEV2:MODE OFF;:FUNC:DEV2:REF:VAL 0;:FUNC:IMP:TYPE LSRS;:FUNC:SMON:IDC:STAT OFF;:FUNC:SMON:VDC:STAT OFF;:INIT:CONT OFF;:LIST:MODE SEQ;:LIST:STIM:TYPE FREQ,NONE;:SOUR:DCS:VOLT:LEV 0;:TRIG:DEL 0;:TRIG:SOUR INT;:TRIG:TDEL 0;:DISP:WIND:TEXT1:DATA:FMSD:STAT OFF;:DISP:WIND:TEXT2:DATA:FMSD:STAT OFF;:FUNC:DCR:RANG:VAL 100;:FUNC:IMP:RANG:VAL 30000;:OUTP:DC:ISOL:LEV:VAL 2e-005;:OUTP:DC:ISOL:STAT OFF;:FUNC:DCR:RANG:AUTO ON;:FUNC:IMP:RANG:AUTO ON;:OUTP:DC:ISOL:LEV:AUTO ON;:DISP:PAGE MEASurement;
"
25000.0,-0.1541993325,9765.751558,1.93641e-07,0.00505685
25000.0,-0.1541792857,9764.723369,1.93641e-07,0.00505679
25000.0,-0.1541820555,9769.194774,1.9364e-07,0.00505675
25000.0,-0.1541768927,9768.774247,1.93636e-07,0.00505661
25000.0,-0.1541780621,9766.727658,1.93652e-07,0.00505659
25000.0,-0.1541716016,9764.290498,1.93635e-07,0.00505675
25000.0,-0.1541747745,9764.54943,1.93641e-07,0.00505678
25000.0,-0.1541669882,9767.648885,1.93638e-07,0.00505662
25000.0,-0.1541906923,9766.35293,1.93645e-07,0.00505678
25000.0,-0.154192464,9768.754624,1.93653e-07,0.00505684
25000.0,-0.1541831461,9770.051597,1.93649e-07,0.00505665
25000.0,-0.1541706878,9767.903561,1.93643e-07,0.00505678
25000.0,-0.1541789936,9767.329308,1.93634e-07,0.00505682
25000.0,-0.1541841475,9766.75906,1.93636e-07,0.00505699
25000.0,-0.1541801114,9767.968014,1.93632e-07,0.00505679
25000.0,-0.1541870298,9766.791354,1.93644e-07,0.00505698
Freq,25000,Rs,9767.0981791875,1.6964174631332625,Ls,-0.15418101658125,8.471281793148102e-06
":SOUR:DCS:STAT OFF;:BIAS:STAT OFF;:COMP:BIN:COUN:CLE;:LIST:CLE:ALL;:COMP:BIN:CLE;:AMPL:ALC OFF;:APER MED,4;:BIAS:POL:AUTO OFF;:BIAS:RANG:AUTO ON;:BIAS:VOLT:LEV 0;:COMP:ABIN OFF;:COMP:BIN:COUN:STAT OFF;:COMP:MODE PTOL;:COMP:SLIM -9.9e+037,9.9e+037;:COMP:STAT OFF;:COMP:SWAP OFF;:COMP:TOL:NOM 0;:CURR:LEV 5e-005;:DISP:ENAB ON;:DISP:LINE """";:DISP:WIND:TEXT1:DATA:FMSD:DATA 1e-009;:DISP:WIND:TEXT2:DATA:FMSD:DATA 1e-009;:FORM:ASC:LONG ON;:FORM:BORD NORM;:FORM:DATA ASC,64;:FREQ:CW 25000;:FUNC:DEV1:MODE OFF;:FUNC:DEV1:REF:VAL 0;:FUNC:DEV2:MODE OFF;:FUNC:DEV2:REF:VAL 0;:FUNC:IMP:TYPE LSRS;:FUNC:SMON:IDC:STAT OFF;:FUNC:SMON:VDC:STAT OFF;:INIT:CONT OFF;:LIST:MODE SEQ;:LIST:STIM:TYPE FREQ,NONE;:SOUR:DCS:VOLT:LEV 0;:TRIG:DEL 0;:TRIG:SOUR INT;:TRIG:TDEL 0;:DISP:WIND:TEXT1:DATA:FMSD:STAT OFF;:DISP:WIND:TEXT2:DATA:FMSD:STAT OFF;:FUNC:DCR:RANG:VAL 100;:FUNC:IMP:RANG:VAL 10000;:OUTP:DC:ISOL:LEV:VAL 0.0002;:OUTP:DC:ISOL:STAT OFF;:FUNC:DCR:RANG:AUTO ON;:FUNC:IMP:RANG:AUTO ON;:OUTP:DC:ISOL:LEV:AUTO ON;:DISP:PAGE MEASurement;
"
30000.0,-0.0934516028,3987.020676,2.79629e-07,0.00505149
30000.0,-0.09346555228,3989.143827,2.79649e-07,0.00505142
30000.0,-0.09346562731,3988.369596,2.7966e-07,0.00505146
30000.0,-0.09346093956,3988.24085,2.79635e-07,0.00505151
30000.0,-0.09346282134,3987.101726,2.79643e-07,0.00505166
30000.0,-0.09346449675,3986.017793,2.79655e-07,0.00505161
30000.0,-0.09345988329,3988.813722,2.79639e-07,0.00505144
30000.0,-0.09345796809,3988.196978,2.79634e-07,0.00505134
30000.0,-0.09346655151,3987.480683,2.7965e-07,0.00505149
30000.0,-0.09346519716,3988.227344,2.79672e-07,0.00505149
30000.0,-0.09346476289,3987.50499,2.79684e-07,0.00505153
30000.0,-0.09346329071,3988.280753,2.79651e-07,0.00505134
30000.0,-0.09345955558,3987.722758,2.79681e-07,0.00505152
30000.0,-0.09346740228,3990.1257,2.79671e-07,0.00505153
30000.0,-0.09346250958,3989.143993,2.79638e-07,0.0050514
30000.0,-0.09346436177,3986.959886,2.79648e-07,0.0050515
Freq,30000,Rs,3988.0219546875,1.0172692666482264,Ls,-0.09346265768125,3.97460097551591e-06
":SOUR:DCS:STAT OFF;:BIAS:STAT OFF;:COMP:BIN:COUN:CLE;:LIST:CLE:ALL;:COMP:BIN:CLE;:AMPL:ALC OFF;:APER MED,4;:BIAS:POL:AUTO OFF;:BIAS:RANG:AUTO ON;:BIAS:VOLT:LEV 0;:COMP:ABIN OFF;:COMP:BIN:COUN:STAT OFF;:COMP:MODE PTOL;:COMP:SLIM -9.9e+037,9.9e+037;:COMP:STAT OFF;:COMP:SWAP OFF;:COMP:TOL:NOM 0;:CURR:LEV 5e-005;:DISP:ENAB ON;:DISP:LINE """";:DISP:WIND:TEXT1:DATA:FMSD:DATA 1e-009;:DISP:WIND:TEXT2:DATA:FMSD:DATA 1e-009;:FORM:ASC:LONG ON;:FORM:BORD NORM;:FORM:DATA ASC,64;:FREQ:CW 30000;:FUNC:DEV1:MODE OFF;:FUNC:DEV1:REF:VAL 0;:FUNC:DEV2:MODE OFF;:FUNC:DEV2:REF:VAL 0;:FUNC:IMP:TYPE LSRS;:FUNC:SMON:IDC:STAT OFF;:FUNC:SMON:VDC:STAT OFF;:INIT:CONT OFF;:LIST:MODE SEQ;:LIST:STIM:TYPE FREQ,NONE;:SOUR:DCS:VOLT:LEV 0;:TRIG:DEL 0;:TRIG:SOUR INT;:TRIG:TDEL 0;:DISP:WIND:TEXT1:DATA:FMSD:STAT OFF;:DISP:WIND:TEXT2:DATA:FMSD:STAT OFF;:FUNC:DCR:RANG:VAL 100;:FUNC:IMP:RANG:VAL 10000;:OUTP:DC:ISOL:LEV:VAL 0.0002;:OUTP:DC:ISOL:STAT OFF;:FUNC:DCR:RANG:AUTO ON;:FUNC:IMP:RANG:AUTO ON;:OUTP:DC:ISOL:LEV:AUTO ON;:DISP:PAGE MEASurement;
"
40000.0,-0.04438619195,1199.619071,4.54981e-07,0.0051047
40000.0,-0.04438406703,1199.857247,4.5501e-07,0.0051048
40000.0,-0.04438210432,1199.923047,4.54984e-07,0.00510499
40000.0,-0.04438642861,1200.300901,4.54996e-07,0.00510478
40000.0,-0.044384736,1199.293499,4.54977e-07,0.00510457
40000.0,-0.04438469934,1200.612525,4.5498e-07,0.00510465
40000.0,-0.04438470883,1198.913494,4.54994e-07,0.00510482
40000.0,-0.04438810194,1200.543512,4.54988e-07,0.00510464
40000.0,-0.04438824117,1199.677909,4.5501e-07,0.00510459
40000.0,-0.04438942361,1200.122116,4.54965e-07,0.00510464
40000.0,-0.04438793063,1199.397595,4.54981e-07,0.00510471
40000.0,-0.04438622318,1200.391609,4.54992e-07,0.0051048
40000.0,-0.04438832862,1198.994174,4.54961e-07,0.00510504
40000.0,-0.04438642535,1200.09157,4.54943e-07,0.00510474
40000.0,-0.04438800364,1199.905856,4.54987e-07,0.00510482
40000.0,-0.04438521689,1200.329895,4.55042e-07,0.00510483
Freq,40000,Rs,1199.87337625,0.5246148788982492,Ls,-0.044386301944375005,1.963016774515026e-06
":SOUR:DCS:STAT OFF;:BIAS:STAT OFF;:COMP:BIN:COUN:CLE;:LIST:CLE:ALL;:COMP:BIN:CLE;:AMPL:ALC OFF;:APER MED,4;:BIAS:POL:AUTO OFF;:BIAS:RANG:AUTO ON;:BIAS:VOLT:LEV 0;:COMP:ABIN OFF;:COMP:BIN:COUN:STAT OFF;:COMP:MODE PTOL;:COMP:SLIM -9.9e+037,9.9e+037;:COMP:STAT OFF;:COMP:SWAP OFF;:COMP:TOL:NOM 0;:CURR:LEV 5e-005;:DISP:ENAB ON;:DISP:LINE """";:DISP:WIND:TEXT1:DATA:FMSD:DATA 1e-009;:DISP:WIND:TEXT2:DATA:FMSD:DATA 1e-009;:FORM:ASC:LONG ON;:FORM:BORD NORM;:FORM:DATA ASC,64;:FREQ:CW 40000;:FUNC:DEV1:MODE OFF;:FUNC:DEV1:REF:VAL 0;:FUNC:DEV2:MODE OFF;:FUNC:DEV2:REF:VAL 0;:FUNC:IMP:TYPE LSRS;:FUNC:SMON:IDC:STAT OFF;:FUNC:SMON:VDC:STAT OFF;:INIT:CONT OFF;:LIST:MODE SEQ;:LIST:STIM:TYPE FREQ,NONE;:SOUR:DCS:VOLT:LEV 0;:TRIG:DEL 0;:TRIG:SOUR INT;:TRIG:TDEL 0;:DISP:WIND:TEXT1:DATA:FMSD:STAT OFF;:DISP:WIND:TEXT2:DATA:FMSD:STAT OFF;:FUNC:DCR:RANG:VAL 100;:FUNC:IMP:RANG:VAL 10000;:OUTP:DC:ISOL:LEV:VAL 0.0002;:OUTP:DC:ISOL:STAT OFF;:FUNC:DCR:RANG:AUTO ON;:FUNC:IMP:RANG:AUTO ON;:OUTP:DC:ISOL:LEV:AUTO ON;:DISP:PAGE MEASurement;
"
50000.0,-0.02594285925,533.8332515,6.07556e-07,0.00496221
50000.0,-0.02594146531,533.7399617,6.07622e-07,0.00496233
50000.0,-0.0259420166,535.1674229,6.07579e-07,0.00496225
50000.0,-0.02593831233,533.7884309,6.07603e-07,0.00496243
50000.0,-0.02594168362,534.0102418,6.07601e-07,0.00496232
50000.0,-0.02594083036,534.1407775,6.07567e-07,0.0049623
50000.0,-0.02594243229,534.5171731,6.07554e-07,0.00496226
50000.0,-0.0259410796,534.8341408,6.07596e-07,0.00496232
50000.0,-0.02594117668,534.547523,6.07565e-07,0.00496218
50000.0,-0.02593814954,534.2246378,6.07548e-07,0.00496224
50000.0,-0.02594075915,533.8030842,6.07606e-07,0.00496235
50000.0,-0.02593838724,534.2163715,6.07559e-07,0.00496236
50000.0,-0.02594369917,534.1204047,6.07554e-07,0.00496218
50000.0,-0.02594265089,534.8801328,6.07485e-07,0.00496213
50000.0,-0.02594059865,534.1779286,6.07583e-07,0.0049621
50000.0,-0.0259410984,534.5086944,6.0762e-07,0.00496221
Freq,50000,Rs,534.281886075,0.4266367919018606,Ls,-0.025941074942500003,1.6251562954639797e-06
":SOUR:DCS:STAT OFF;:BIAS:STAT OFF;:COMP:BIN:COUN:CLE;:LIST:CLE:ALL;:COMP:BIN:CLE;:AMPL:ALC OFF;:APER MED,4;:BIAS:POL:AUTO OFF;:BIAS:RANG:AUTO ON;:BIAS:VOLT:LEV 0;:COMP:ABIN OFF;:COMP:BIN:COUN:STAT OFF;:COMP:MODE PTOL;:COMP:SLIM -9.9e+037,9.9e+037;:COMP:STAT OFF;:COMP:SWAP OFF;:COMP:TOL:NOM 0;:CURR:LEV 5e-005;:DISP:ENAB ON;:DISP:LINE """";:DISP:WIND:TEXT1:DATA:FMSD:DATA 1e-009;:DISP:WIND:TEXT2:DATA:FMSD:DATA 1e-009;:FORM:ASC:LONG ON;:FORM:BORD NORM;:FORM:DATA ASC,64;:FREQ:CW 50000;:FUNC:DEV1:MODE OFF;:FUNC:DEV1:REF:VAL 0;:FUNC:DEV2:MODE OFF;:FUNC:DEV2:REF:VAL 0;:FUNC:IMP:TYPE LSRS;:FUNC:SMON:IDC:STAT OFF;:FUNC:SMON:VDC:STAT OFF;:INIT:CONT OFF;:LIST:MODE SEQ;:LIST:STIM:TYPE FREQ,NONE;:SOUR:DCS:VOLT:LEV 0;:TRIG:DEL 0;:TRIG:SOUR INT;:TRIG:TDEL 0;:DISP:WIND:TEXT1:DATA:FMSD:STAT OFF;:DISP:WIND:TEXT2:DATA:FMSD:STAT OFF;:FUNC:DCR:RANG:VAL 100;:FUNC:IMP:RANG:VAL 3000;:OUTP:DC:ISOL:LEV:VAL 0.0002;:OUTP:DC:ISOL:STAT OFF;:FUNC:DCR:RANG:AUTO ON;:FUNC:IMP:RANG:AUTO ON;:OUTP:DC:ISOL:LEV:AUTO ON;:DISP:PAGE MEASurement;
"
60000.0,-0.01696136969,311.4299176,7.77971e-07,0.00498041
60000.0,-0.01696214068,311.2607997,7.77995e-07,0.00498056
60000.0,-0.01696174084,311.0795709,7.77958e-07,0.00498051
60000.0,-0.01696149579,311.3280435,7.77958e-07,0.00498046
60000.0,-0.01696115642,311.1969233,7.77965e-07,0.00498058
60000.0,-0.01696152962,311.4887326,7.77986e-07,0.00498058
60000.0,-0.01696072452,311.4777756,7.77981e-07,0.00498054
60000.0,-0.01696160037,311.2006947,7.7801e-07,0.00498068
60000.0,-0.01696068963,311.2365907,7.78042e-07,0.00498067
60000.0,-0.01696192763,311.3108346,7.78016e-07,0.00498054
60000.0,-0.0169614099,311.0974084,7.78007e-07,0.00498049
60000.0,-0.01696141829,311.0541266,7.77957e-07,0.00498029
60000.0,-0.01696158615,311.0331857,7.77952e-07,0.00498049
60000.0,-0.01696169762,311.2774888,7.7797e-07,0.00498053
60000.0,-0.01696180509,311.3481514,7.77954e-07,0.00498058
60000.0,-0.01696134391,311.2575396,7.78023e-07,0.0049806
Freq,60000,Rs,311.25486148125003,0.14244406763842515,Ls,-0.016961477259375,3.8521404533869947e-07
":SOUR:DCS:STAT OFF;:BIAS:STAT OFF;:COMP:BIN:COUN:CLE;:LIST:CLE:ALL;:COMP:BIN:CLE;:AMPL:ALC OFF;:APER MED,4;:BIAS:POL:AUTO OFF;:BIAS:RANG:AUTO ON;:BIAS:VOLT:LEV 0;:COMP:ABIN OFF;:COMP:BIN:COUN:STAT OFF;:COMP:MODE PTOL;:COMP:SLIM -9.9e+037,9.9e+037;:COMP:STAT OFF;:COMP:SWAP OFF;:COMP:TOL:NOM 0;:CURR:LEV 5e-005;:DISP:ENAB ON;:DISP:LINE """";:DISP:WIND:TEXT1:DATA:FMSD:DATA 1e-009;:DISP:WIND:TEXT2:DATA:FMSD:DATA 1e-009;:FORM:ASC:LONG ON;:FORM:BORD NORM;:FORM:DATA ASC,64;:FREQ:CW 60000;:FUNC:DEV1:MODE OFF;:FUNC:DEV1:REF:VAL 0;:FUNC:DEV2:MODE OFF;:FUNC:DEV2:REF:VAL 0;:FUNC:IMP:TYPE LSRS;:FUNC:SMON:IDC:STAT OFF;:FUNC:SMON:VDC:STAT OFF;:INIT:CONT OFF;:LIST:MODE SEQ;:LIST:STIM:TYPE FREQ,NONE;:SOUR:DCS:VOLT:LEV 0;:TRIG:DEL 0;:TRIG:SOUR INT;:TRIG:TDEL 0;:DISP:WIND:TEXT1:DATA:FMSD:STAT OFF;:DISP:WIND:TEXT2:DATA:FMSD:STAT OFF;:FUNC:DCR:RANG:VAL 100;:FUNC:IMP:RANG:VAL 3000;:OUTP:DC:ISOL:LEV:VAL 0.0002;:OUTP:DC:ISOL:STAT OFF;:FUNC:DCR:RANG:AUTO ON;:FUNC:IMP:RANG:AUTO ON;:OUTP:DC:ISOL:LEV:AUTO ON;:DISP:PAGE MEASurement;
"
70000.0,-0.01188776326,304.3020105,9.48968e-07,0.00497005
70000.0,-0.01188748655,304.182982,9.49028e-07,0.00497006
70000.0,-0.01188748894,303.9656947,9.48959e-07,0.00496986
70000.0,-0.01188768674,304.265743,9.48953e-07,0.00496999
70000.0,-0.01188758758,304.3455578,9.48938e-07,0.00496993
70000.0,-0.01188739474,304.3528564,9.48991e-07,0.00497002
70000.0,-0.01188728642,304.1361495,9.48955e-07,0.00496999
70000.0,-0.01188788298,304.2948567,9.48967e-07,0.00496985
70000.0,-0.01188725203,304.2419535,9.48976e-07,0.00496992
70000.0,-0.01188726575,304.1738874,9.48925e-07,0.00497003
70000.0,-0.0118874329,304.2130221,9.48975e-07,0.00496998
70000.0,-0.01188808317,304.0655952,9.4898e-07,0.00496996
70000.0,-0.0118873556,304.1966273,9.4894e-07,0.00497003
70000.0,-0.01188745491,304.217718,9.48952e-07,0.00497007
70000.0,-0.01188758193,304.2407147,9.48958e-07,0.00497016
70000.0,-0.01188741006,304.1284762,9.48979e-07,0.0049702
Freq,70000,Rs,304.2077403125,0.10144290214073098,Ls,-0.0118875258475,2.3144033772597568e-07
":SOUR:DCS:STAT OFF;:BIAS:STAT OFF;:COMP:BIN:COUN:CLE;:LIST:CLE:ALL;:COMP:BIN:CLE;:AMPL:ALC OFF;:APER MED,4;:BIAS:POL:AUTO OFF;:BIAS:RANG:AUTO ON;:BIAS:VOLT:LEV 0;:COMP:ABIN OFF;:COMP:BIN:COUN:STAT OFF;:COMP:MODE PTOL;:COMP:SLIM -9.9e+037,9.9e+037;:COMP:STAT OFF;:COMP:SWAP OFF;:COMP:TOL:NOM 0;:CURR:LEV 5e-005;:DISP:ENAB ON;:DISP:LINE """";:DISP:WIND:TEXT1:DATA:FMSD:DATA 1e-009;:DISP:WIND:TEXT2:DATA:FMSD:DATA 1e-009;:FORM:ASC:LONG ON;:FORM:BORD NORM;:FORM:DATA ASC,64;:FREQ:CW 70000;:FUNC:DEV1:MODE OFF;:FUNC:DEV1:REF:VAL 0;:FUNC:DEV2:MODE OFF;:FUNC:DEV2:REF:VAL 0;:FUNC:IMP:TYPE LSRS;:FUNC:SMON:IDC:STAT OFF;:FUNC:SMON:VDC:STAT OFF;:INIT:CONT OFF;:LIST:MODE SEQ;:LIST:STIM:TYPE FREQ,NONE;:SOUR:DCS:VOLT:LEV 0;:TRIG:DEL 0;:TRIG:SOUR INT;:TRIG:TDEL 0;:DISP:WIND:TEXT1:DATA:FMSD:STAT OFF;:DISP:WIND:TEXT2:DATA:FMSD:STAT OFF;:FUNC:DCR:RANG:VAL 100;:FUNC:IMP:RANG:VAL 3000;:OUTP:DC:ISOL:LEV:VAL 0.0002;:OUTP:DC:ISOL:STAT OFF;:FUNC:DCR:RANG:AUTO ON;:FUNC:IMP:RANG:AUTO ON;:OUTP:DC:ISOL:LEV:AUTO ON;:DISP:PAGE MEASurement;
"
80000.0,-0.008923670107,232.8438848,1.1093e-06,0.00498255
80000.0,-0.008923569779,232.9977793,1.1093e-06,0.00498232
80000.0,-0.00892364507,232.998273,1.10932e-06,0.00498265
80000.0,-0.008923721139,232.8481675,1.10936e-06,0.00498262
80000.0,-0.008923308385,232.8705226,1.10933e-06,0.00498253
80000.0,-0.008923626283,232.9188199,1.10931e-06,0.00498244
80000.0,-0.008923456685,232.8326953,1.10935e-06,0.00498244
80000.0,-0.008923401936,233.0633426,1.10934e-06,0.00498263
80000.0,-0.008923580153,232.940769,1.10931e-06,0.00498232
80000.0,-0.008923566338,232.8269319,1.10933e-06,0.0049826
80000.0,-0.008923496054,232.8125739,1.10932e-06,0.00498249
80000.0,-0.008923531033,232.9682407,1.10931e-06,0.00498235
80000.0,-0.008923478862,232.8565148,1.10932e-06,0.00498224
80000.0,-0.00892349912,232.7309597,1.1093e-06,0.00498242
80000.0,-0.008923758175,232.9165947,1.10932e-06,0.00498249
80000.0,-0.008923772547,232.9086489,1.10936e-06,0.00498256
Freq,80000,Rs,232.8959199125,0.08459248397779956,Ls,-0.008923567604125,1.285748185843325e-07
":SOUR:DCS:STAT OFF;:BIAS:STAT OFF;:COMP:BIN:COUN:CLE;:LIST:CLE:ALL;:COMP:BIN:CLE;:AMPL:ALC OFF;:APER MED,4;:BIAS:POL:AUTO OFF;:BIAS:RANG:AUTO ON;:BIAS:VOLT:LEV 0;:COMP:ABIN OFF;:COMP:BIN:COUN:STAT OFF;:COMP:MODE PTOL;:COMP:SLIM -9.9e+037,9.9e+037;:COMP:STAT OFF;:COMP:SWAP OFF;:COMP:TOL:NOM 0;:CURR:LEV 5e-005;:DISP:ENAB ON;:DISP:LINE """";:DISP:WIND:TEXT1:DATA:FMSD:DATA 1e-009;:DISP:WIND:TEXT2:DATA:FMSD:DATA 1e-009;:FORM:ASC:LONG ON;:FORM:BORD NORM;:FORM:DATA ASC,64;:FREQ:CW 80000;:FUNC:DEV1:MODE OFF;:FUNC:DEV1:REF:VAL 0;:FUNC:DEV2:MODE OFF;:FUNC:DEV2:REF:VAL 0;:FUNC:IMP:TYPE LSRS;:FUNC:SMON:IDC:STAT OFF;:FUNC:SMON:VDC:STAT OFF;:INIT:CONT OFF;:LIST:MODE SEQ;:LIST:STIM:TYPE FREQ,NONE;:SOUR:DCS:VOLT:LEV 0;:TRIG:DEL 0;:TRIG:SOUR INT;:TRIG:TDEL 0;:DISP:WIND:TEXT1:DATA:FMSD:STAT OFF;:DISP:WIND:TEXT2:DATA:FMSD:STAT OFF;:FUNC:DCR:RANG:VAL 100;:FUNC:IMP:RANG:VAL 3000;:OUTP:DC:ISOL:LEV:VAL 0.0002;:OUTP:DC:ISOL:STAT OFF;:FUNC:DCR:RANG:AUTO ON;:FUNC:IMP:RANG:AUTO ON;:OUTP:DC:ISOL:LEV:AUTO ON;:DISP:PAGE MEASurement;
"
90000.0,-0.006792159202,194.2387081,1.29623e-06,0.00498507
90000.0,-0.006792076129,194.2280023,1.29623e-06,0.00498509
90000.0,-0.006792370775,194.3710533,1.29621e-06,0.00498511
90000.0,-0.00679218593,194.1079396,1.29622e-06,0.00498509
90000.0,-0.006792175133,194.2123848,1.2962e-06,0.00498494
90000.0,-0.006792032866,194.2387565,1.2962e-06,0.00498503
90000.0,-0.006792375596,194.1187213,1.29622e-06,0.00498509
90000.0,-0.006792208119,194.181465,1.29623e-06,0.00498519
90000.0,-0.00679226114,194.1549285,1.29624e-06,0.00498514
90000.0,-0.006792273842,194.1420932,1.29623e-06,0.00498524
90000.0,-0.006792391727,194.3271829,1.29624e-06,0.00498511
90000.0,-0.006792337607,194.1860903,1.29625e-06,0.00498534
90000.0,-0.006791934956,194.2335798,1.29624e-06,0.0049852
90000.0,-0.006792407071,194.2687655,1.29624e-06,0.00498507
90000.0,-0.006792203516,194.2033156,1.29624e-06,0.00498505
90000.0,-0.006792291194,194.1837471,1.29625e-06,0.00498505
Freq,90000,Rs,194.2122958625,0.07027947065493703,Ls,-0.0067922303001875,1.3600834744044718e-07
":SOUR:DCS:STAT OFF;:BIAS:STAT OFF;:COMP:BIN:COUN:CLE;:LIST:CLE:ALL;:COMP:BIN:CLE;:AMPL:ALC OFF;:APER MED,4;:BIAS:POL:AUTO OFF;:BIAS:RANG:AUTO ON;:BIAS:VOLT:LEV 0;:COMP:ABIN OFF;:COMP:BIN:COUN:STAT OFF;:COMP:MODE PTOL;:COMP:SLIM -9.9e+037,9.9e+037;:COMP:STAT OFF;:COMP:SWAP OFF;:COMP:TOL:NOM 0;:CURR:LEV 5e-005;:DISP:ENAB ON;:DISP:LINE """";:DISP:WIND:TEXT1:DATA:FMSD:DATA 1e-009;:DISP:WIND:TEXT2:DATA:FMSD:DATA 1e-009;:FORM:ASC:LONG ON;:FORM:BORD NORM;:FORM:DATA ASC,64;:FREQ:CW 90000;:FUNC:DEV1:MODE OFF;:FUNC:DEV1:REF:VAL 0;:FUNC:DEV2:MODE OFF;:FUNC:DEV2:REF:VAL 0;:FUNC:IMP:TYPE LSRS;:FUNC:SMON:IDC:STAT OFF;:FUNC:SMON:VDC:STAT OFF;:INIT:CONT OFF;:LIST:MODE SEQ;:LIST:STIM:TYPE FREQ,NONE;:SOUR:DCS:VOLT:LEV 0;:TRIG:DEL 0;:TRIG:SOUR INT;:TRIG:TDEL 0;:DISP:WIND:TEXT1:DATA:FMSD:STAT OFF;:DISP:WIND:TEXT2:DATA:FMSD:STAT OFF;:FUNC:DCR:RANG:VAL 100;:FUNC:IMP:RANG:VAL 3000;:OUTP:DC:ISOL:LEV:VAL 0.0002;:OUTP:DC:ISOL:STAT OFF;:FUNC:DCR:RANG:AUTO ON;:FUNC:IMP:RANG:AUTO ON;:OUTP:DC:ISOL:LEV:AUTO ON;:DISP:PAGE MEASurement;
"
100000.0,-0.005262152316,201.87405,1.5032e-06,0.00497947
100000.0,-0.005262391746,201.8650373,1.50319e-06,0.00497937
100000.0,-0.005262151356,201.9480493,1.50325e-06,0.00497933
100000.0,-0.005262054333,201.9491136,1.50329e-06,0.00497953
100000.0,-0.005262098664,201.8394773,1.5033e-06,0.00497963
100000.0,-0.0052623501,202.1312233,1.50322e-06,0.00497931
100000.0,-0.005262046823,201.9570248,1.50315e-06,0.00497933
100000.0,-0.005262162822,202.0582886,1.50323e-06,0.00497931
100000.0,-0.005262394075,201.9703277,1.50318e-06,0.00497942
100000.0,-0.005262184132,202.1237813,1.50321e-06,0.00497923
100000.0,-0.005262241936,202.0938313,1.50324e-06,0.00497934
100000.0,-0.005262216832,201.826111,1.50314e-06,0.00497965
100000.0,-0.005262447662,202.0565598,1.50326e-06,0.00497945
100000.0,-0.005262030664,201.9185092,1.50329e-06,0.00497931
100000.0,-0.005262409867,202.079578,1.50315e-06,0.00497939
100000.0,-0.005262397199,202.1065379,1.50325e-06,0.0049794
Freq,100000,Rs,201.987343775,0.10576766052332574,Ls,-0.0052622331579375,1.45047167178363e-07
":SOUR:DCS:STAT OFF;:BIAS:STAT OFF;:COMP:BIN:COUN:CLE;:LIST:CLE:ALL;:COMP:BIN:CLE;:AMPL:ALC OFF;:APER MED,4;:BIAS:POL:AUTO OFF;:BIAS:RANG:AUTO ON;:BIAS:VOLT:LEV 0;:COMP:ABIN OFF;:COMP:BIN:COUN:STAT OFF;:COMP:MODE PTOL;:COMP:SLIM -9.9e+037,9.9e+037;:COMP:STAT OFF;:COMP:SWAP OFF;:COMP:TOL:NOM 0;:CURR:LEV 5e-005;:DISP:ENAB ON;:DISP:LINE """";:DISP:WIND:TEXT1:DATA:FMSD:DATA 1e-009;:DISP:WIND:TEXT2:DATA:FMSD:DATA 1e-009;:FORM:ASC:LONG ON;:FORM:BORD NORM;:FORM:DATA ASC,64;:FREQ:CW 100000;:FUNC:DEV1:MODE OFF;:FUNC:DEV1:REF:VAL 0;:FUNC:DEV2:MODE OFF;:FUNC:DEV2:REF:VAL 0;:FUNC:IMP:TYPE LSRS;:FUNC:SMON:IDC:STAT OFF;:FUNC:SMON:VDC:STAT OFF;:INIT:CONT OFF;:LIST:MODE SEQ;:LIST:STIM:TYPE FREQ,NONE;:SOUR:DCS:VOLT:LEV 0;:TRIG:DEL 0;:TRIG:SOUR INT;:TRIG:TDEL 0;:DISP:WIND:TEXT1:DATA:FMSD:STAT OFF;:DISP:WIND:TEXT2:DATA:FMSD:STAT OFF;:FUNC:DCR:RANG:VAL 100;:FUNC:IMP:RANG:VAL 3000;:OUTP:DC:ISOL:LEV:VAL 0.0002;:OUTP:DC:ISOL:STAT OFF;:FUNC:DCR:RANG:AUTO ON;:FUNC:IMP:RANG:AUTO ON;:OUTP:DC:ISOL:LEV:AUTO ON;:DISP:PAGE MEASurement;
"
200000.0,-0.002111571565,578.7247853,1.8226e-06,0.00494972
200000.0,-0.002111505675,578.6818478,1.82259e-06,0.00494978
200000.0,-0.002111433799,578.4988321,1.82255e-06,0.00494966
200000.0,-0.002111565116,578.6358618,1.82255e-06,0.00494958
200000.0,-0.002111483823,578.732487,1.82244e-06,0.00494955
200000.0,-0.002111575722,578.6422195,1.82255e-06,0.00494952
200000.0,-0.002111668419,578.7353739,1.82259e-06,0.00494951
200000.0,-0.002111548215,578.6362336,1.82254e-06,0.0049495
200000.0,-0.002111428489,578.4413233,1.82257e-06,0.00494974
200000.0,-0.002111664443,578.7373363,1.8226e-06,0.00494971
200000.0,-0.002111459959,578.7000622,1.82259e-06,0.0049498
200000.0,-0.002111534521,578.7405906,1.82261e-06,0.0049497
200000.0,-0.002111494894,578.5992075,1.82256e-06,0.00494975
200000.0,-0.002111505993,578.5299408,1.82261e-06,0.00494975
200000.0,-0.002111478166,578.5834945,1.82259e-06,0.00494988
200000.0,-0.002111609075,578.6249974,1.8226e-06,0.00494966
Freq,200000,Rs,578.6402871,0.09180444195612969,Ls,-0.0021115329921250004,7.322671146138964e-08
":SOUR:DCS:STAT OFF;:BIAS:STAT OFF;:COMP:BIN:COUN:CLE;:LIST:CLE:ALL;:COMP:BIN:CLE;:AMPL:ALC OFF;:APER MED,4;:BIAS:POL:AUTO OFF;:BIAS:RANG:AUTO ON;:BIAS:VOLT:LEV 0;:COMP:ABIN OFF;:COMP:BIN:COUN:STAT OFF;:COMP:MODE PTOL;:COMP:SLIM -9.9e+037,9.9e+037;:COMP:STAT OFF;:COMP:SWAP OFF;:COMP:TOL:NOM 0;:CURR:LEV 5e-005;:DISP:ENAB ON;:DISP:LINE """";:DISP:WIND:TEXT1:DATA:FMSD:DATA 1e-009;:DISP:WIND:TEXT2:DATA:FMSD:DATA 1e-009;:FORM:ASC:LONG ON;:FORM:BORD NORM;:FORM:DATA ASC,64;:FREQ:CW 200000;:FUNC:DEV1:MODE OFF;:FUNC:DEV1:REF:VAL 0;:FUNC:DEV2:MODE OFF;:FUNC:DEV2:REF:VAL 0;:FUNC:IMP:TYPE LSRS;:FUNC:SMON:IDC:STAT OFF;:FUNC:SMON:VDC:STAT OFF;:INIT:CONT OFF;:LIST:MODE SEQ;:LIST:STIM:TYPE FREQ,NONE;:SOUR:DCS:VOLT:LEV 0;:TRIG:DEL 0;:TRIG:SOUR INT;:TRIG:TDEL 0;:DISP:WIND:TEXT1:DATA:FMSD:STAT OFF;:DISP:WIND:TEXT2:DATA:FMSD:STAT OFF;:FUNC:DCR:RANG:VAL 100;:FUNC:IMP:RANG:VAL 1000;:OUTP:DC:ISOL:LEV:VAL 0.002;:OUTP:DC:ISOL:STAT OFF;:FUNC:DCR:RANG:AUTO ON;:FUNC:IMP:RANG:AUTO ON;:OUTP:DC:ISOL:LEV:AUTO ON;:DISP:PAGE MEASurement;
"
":SOUR:DCS:STAT OFF;:BIAS:STAT OFF;:COMP:BIN:COUN:CLE;:LIST:CLE:ALL;:COMP:BIN:CLE;:AMPL:ALC OFF;:APER MED,4;:BIAS:POL:AUTO OFF;:BIAS:RANG:AUTO ON;:BIAS:VOLT:LEV 0;:COMP:ABIN OFF;:COMP:BIN:COUN:STAT OFF;:COMP:MODE PTOL;:COMP:SLIM -9.9e+037,9.9e+037;:COMP:STAT OFF;:COMP:SWAP OFF;:COMP:TOL:NOM 0;:CURR:LEV 5e-005;:DISP:ENAB ON;:DISP:LINE """";:DISP:WIND:TEXT1:DATA:FMSD:DATA 1e-009;:DISP:WIND:TEXT2:DATA:FMSD:DATA 1e-009;:FORM:ASC:LONG ON;:FORM:BORD NORM;:FORM:DATA ASC,64;:FREQ:CW 200000;:FUNC:DEV1:MODE OFF;:FUNC:DEV1:REF:VAL 0;:FUNC:DEV2:MODE OFF;:FUNC:DEV2:REF:VAL 0;:FUNC:IMP:TYPE LSRS;:FUNC:SMON:IDC:STAT OFF;:FUNC:SMON:VDC:STAT OFF;:INIT:CONT OFF;:LIST:MODE SEQ;:LIST:STIM:TYPE FREQ,NONE;:SOUR:DCS:VOLT:LEV 0;:TRIG:DEL 0;:TRIG:SOUR INT;:TRIG:TDEL 0;:DISP:WIND:TEXT1:DATA:FMSD:STAT OFF;:DISP:WIND:TEXT2:DATA:FMSD:STAT OFF;:FUNC:DCR:RANG:VAL 100;:FUNC:IMP:RANG:VAL 1000;:OUTP:DC:ISOL:LEV:VAL 0.002;:OUTP:DC:ISOL:STAT OFF;:FUNC:DCR:RANG:AUTO ON;:FUNC:IMP:RANG:AUTO ON;:OUTP:DC:ISOL:LEV:AUTO ON;:DISP:PAGE MEASurement;
"
2024-05-06,13:31:00
---------run finished---------
Frequency,Resistance,uR,Inductance,uL
20,275.8295076875,0.6087974036035669,1.075850379625,0.0044955796638503145
25,284.4417565625,1.371986943829071,1.040768936,0.0051819200381962955
30,292.84737468125,0.997628779078301,1.00836882665625,0.005149707091026884
40,309.08636699375006,2.195291990403188,0.96242529569375,0.009123572685660457
53,330.60788366250006,1.2367825926697074,0.920799433175,0.003529195459012594
60,342.55598333750004,1.8836066283101485,0.9043147549125,0.004129072348865869
65,350.89234415,1.340440250871761,0.89584679208125,0.002414191401520494
80,376.58001769375005,2.703039557091065,0.8923367454375,0.004987642789194024
90,446.32822524374996,5.360573322945902,0.9149374078,0.009150494551558164
95,417.65517992499997,6.990270428656445,0.9202349347875001,0.011459470095219757
103,464.5421721,1.5079600605411119,0.94381637795,0.0027007731138542408
105,496.1822033625,2.9455418413479495,1.00227425540625,0.003664363616875259
107,575.8979829375,2.6506636545063116,1.055737108625,0.0049283359988681
110,782.15164295,3.982044408250056,0.8132338464125,0.007304411749122619
112,673.0738754250001,2.674698765500091,0.60192369974375,0.004141522224981133
115,560.0594969687501,1.4169071702458258,0.66559723553125,0.0026709866504911516
120,546.31348630625,1.2748702768091793,0.63663949276875,0.0018778224113159606
122,516.3148789125,0.6875280336196087,0.7010626194625,0.0016485773025375575
125,549.7356860687499,1.5360995383527831,0.8331380077125,0.002784104400767591
127,704.45082329375,4.597480823777044,0.93988322661875,0.005794835034896806
130,897.9636282375,4.167585999685871,0.344782477275,0.005659683605255387
132,631.5720480374999,2.3287464400382087,0.3127549945625,0.002576124339344837
135,520.0343484,1.3080129829071336,0.42764147635625,0.001618569376598522
137,499.588312375,0.9001632635313394,0.47582605159375,0.001308364159799282
140,488.4482527,1.5520777388564977,0.5217587741,0.0021810559650035366
142,485.3422616625,1.0015441848938698,0.5418026562,0.0013268155651098732
145,486.77615071875,0.7518082488049328,0.5654972268187499,0.0008694852624578612
150,498.25471951875,0.9946658020805402,0.5954039881062501,0.001005331199740179
153,525.07962470625,0.6679939603829705,0.6019153422875,0.0006109898379244779
155,531.0156893625001,0.5289743063961998,0.57843962465625,0.0005277080528947325
160,514.42410688125,0.7029997760961775,0.58222410351875,0.0008441818248687038
165,515.611770875,0.5951913070619372,0.58765257458125,0.0006302625302346905
170,519.0862335625,0.669303243644295,0.58874220416875,0.0007064023322022157
172,519.95762001875,0.853653783119123,0.5893366750875,0.0010041718428971571
175,520.1791510125,0.8261978965393625,0.5912885338625,0.0012257466333708746
180,525.3050072249999,1.4653206340293754,0.59508152934375,0.0018485968208419384
185,529.8057806375,1.4109161190591326,0.60030428884375,0.0012248773596318574
200,559.25232215,1.0998618254179158,0.5845150229625,0.0008949423578674998
220,570.45325036875,0.6894762285332183,0.5870074758125,0.0007921760627952249
240,597.2188542312499,1.2642281024357578,0.5881163088875,0.0006915172991904407
400,830.753973625,0.9024388717461277,0.4738250523625,0.00023950096118768884
800,1192.8646580625,0.4477498090095076,0.40940194184375,8.209043436922899e-05
1000,1381.7384363125002,0.4818337932922105,0.38297097453124995,6.720800408335822e-05
2000,2201.15770425,0.2040937118196628,0.3180249324125,1.2984368386837778e-05
3000,2990.7017372499995,0.33840176727719706,0.28488461253749997,1.775969672232795e-05
4000,3786.9165354375,0.43960830408801455,0.2695328492875,1.3420773510243326e-05
5000,4689.8845561875005,0.21189081477472257,0.25957662614375,8.069291602526944e-06
6000,5734.7241360625,0.4100988985641754,0.25363441586875,1.1623282877905276e-05
7000,6974.8085169999995,0.45860196159660305,0.2511066825375,7.313550714558967e-06
8000,8504.393188875001,0.591722374403284,0.25067677321250004,1.0696724186146177e-05
10000,12895.44354,1.046859095892936,0.25273944606875,1.4311037209973271e-05
12000,20328.184059375002,1.5306353569566524,0.24860844249999997,4.129064116255222e-05
14000,32641.248675000003,2.6169175355594643,0.20587348749375,2.850895845696073e-05
16000,46915.100485625,4.06879669243216,0.060801157381875,3.655027747173112e-05
16500,48940.151896875,3.688599670083876,0.00722650425325,7.955793809507013e-05
17000,49667.877439375,4.781108357742825,-0.048018261435625,3.99353348548251e-05
17500,48952.833716875,4.503281797695087,-0.10032142992500001,4.235088909856869e-05
18000,46900.38694625,5.6675944469316235,-0.14551814870000002,4.565277612518232e-05
18500,43814.273101875,4.44982800335942,-0.1809828381625,4.3017530967778796e-05
19000,40089.360828125005,4.493646064174908,-0.20582945429375,4.4295187941000634e-05
19500,36115.61051125,5.216730627626732,-0.22080665911249997,4.69039281300786e-05
20000,32184.2008675,4.167741338110709,-0.22764621568750001,2.370680802073028e-05
20500,28492.173928750002,3.3295826621821982,-0.22829353123125,2.8534002140646355e-05
21000,25135.88154125,2.7356590422125606,-0.22457834415,2.1492412837092887e-05
22000,19539.73958375,2.003492776870509,-0.2096423278125,1.5065840097779893e-05
24000,12139.890899375,1.2360969539184816,-0.17173864184375,9.497505570552647e-06
25000,9767.0981791875,1.6964174631332625,-0.15418101658125,8.471281793148102e-06
30000,3988.0219546875,1.0172692666482264,-0.09346265768125,3.97460097551591e-06
40000,1199.87337625,0.5246148788982492,-0.044386301944375005,1.963016774515026e-06
50000,534.281886075,0.4266367919018606,-0.025941074942500003,1.6251562954639797e-06
60000,311.25486148125003,0.14244406763842515,-0.016961477259375,3.8521404533869947e-07
70000,304.2077403125,0.10144290214073098,-0.0118875258475,2.3144033772597568e-07
80000,232.8959199125,0.08459248397779956,-0.008923567604125,1.285748185843325e-07
90000,194.2122958625,0.07027947065493703,-0.0067922303001875,1.3600834744044718e-07
100000,201.987343775,0.10576766052332574,-0.0052622331579375,1.45047167178363e-07
200000,578.6402871,0.09180444195612969,-0.0021115329921250004,7.322671146138964e-08
lcr name:,KeySight E4980A
lcr name:,KeySight E4980A
Name and description of Resistor under test: ,re run with level set to 100 mV rather than 50 uA. Actual values decided by meter
2024-05-06,13:48:43
select the freq range,"[20, 25, 30, 40, 53, 60, 65, 80, 90, 95, 103, 105, 107, 110, 112, 115, 120, 122, 125, 127, 130, 132, 135, 137, 140, 142, 145, 150, 153, 155, 160, 165, 170, 172, 175, 180, 185, 200, 220, 240, 400, 800, 1000, 2000, 3000, 4000, 5000, 6000, 7000, 8000, 10000, 12000, 14000, 16000, 16500, 17000, 17500, 18000, 18500, 19000, 19500, 20000, 20500, 21000, 22000, 24000, 25000, 30000, 40000, 50000, 60000, 70000, 80000, 90000, 100000, 200000]"
20.0,1.082783995,275.8129928,0.000249658,0.0767886
20.0,1.082624249,275.8444329,0.000249639,0.0767889
20.0,1.082771664,275.8064561,0.000249692,0.0767915
20.0,1.083146792,275.7971102,0.000249661,0.0767838
20.0,1.082724061,275.8387561,0.000249627,0.0767892
20.0,1.082819727,275.8553405,0.000249594,0.0767832
20.0,1.083495684,275.812388,0.000249614,0.0767875
20.0,1.082873033,275.9313539,0.000249625,0.0767954
20.0,1.082861237,275.8684535,0.000249639,0.0767959
20.0,1.08283564,275.8309182,0.000249637,0.0767895
20.0,1.08293457,275.8697011,0.00024977,0.0767885
20.0,1.082917082,275.8500173,0.000249662,0.0767848
20.0,1.083060466,275.8247768,0.000249617,0.076787
20.0,1.082863313,275.7817813,0.000249633,0.0767887
20.0,1.083065846,275.8280707,0.000249672,0.0767955
20.0,1.082783044,275.8268377,0.000249584,0.0767791
Freq,20,Rs,275.83621169375,0.03525174491753503,Ls,1.0829100251875001,0.00020553014237990357
":SOUR:DCS:STAT OFF;:BIAS:STAT OFF;:COMP:BIN:COUN:CLE;:LIST:CLE:ALL;:COMP:BIN:CLE;:AMPL:ALC OFF;:APER MED,4;:BIAS:POL:AUTO OFF;:BIAS:RANG:AUTO ON;:BIAS:VOLT:LEV 0;:COMP:ABIN OFF;:COMP:BIN:COUN:STAT OFF;:COMP:MODE PTOL;:COMP:SLIM -9.9e+037,9.9e+037;:COMP:STAT OFF;:COMP:SWAP OFF;:COMP:TOL:NOM 0;:DISP:ENAB ON;:DISP:LINE """";:DISP:WIND:TEXT1:DATA:FMSD:DATA 1e-009;:DISP:WIND:TEXT2:DATA:FMSD:DATA 1e-009;:FORM:ASC:LONG ON;:FORM:BORD NORM;:FORM:DATA ASC,64;:FREQ:CW 20;:FUNC:DEV1:MODE OFF;:FUNC:DEV1:REF:VAL 0;:FUNC:DEV2:MODE OFF;:FUNC:DEV2:REF:VAL 0;:FUNC:IMP:TYPE LSRS;:FUNC:SMON:IDC:STAT OFF;:FUNC:SMON:VDC:STAT OFF;:INIT:CONT OFF;:LIST:MODE SEQ;:LIST:STIM:TYPE FREQ,NONE;:SOUR:DCS:VOLT:LEV 0;:TRIG:DEL 0;:TRIG:SOUR INT;:TRIG:TDEL 0;:VOLT:LEV 0.1;:DISP:WIND:TEXT1:DATA:FMSD:STAT OFF;:DISP:WIND:TEXT2:DATA:FMSD:STAT OFF;:FUNC:DCR:RANG:VAL 100;:FUNC:IMP:RANG:VAL 300;:OUTP:DC:ISOL:LEV:VAL 0.002;:OUTP:DC:ISOL:STAT OFF;:FUNC:DCR:RANG:AUTO ON;:FUNC:IMP:RANG:AUTO ON;:OUTP:DC:ISOL:LEV:AUTO ON;:DISP:PAGE MEASurement;
"
25.0,1.045355291,284.4817804,0.000238942,0.0784982
25.0,1.044693144,284.4760196,0.000239071,0.0784891
25.0,1.04543814,284.3582758,0.00023899,0.0785051
25.0,1.046069468,284.5696856,0.000238975,0.078493
25.0,1.044960581,284.2832256,0.00023898,0.0784974
25.0,1.045584085,284.4505646,0.000238957,0.0784862
25.0,1.04556131,284.356806,0.000239053,0.0785039
25.0,1.045930069,284.3397325,0.000238974,0.0785008
25.0,1.045127803,284.3309962,0.000238985,0.0784872
25.0,1.0454036,284.4308218,0.000239021,0.0784959
25.0,1.045448162,284.4249399,0.000239051,0.078496
25.0,1.045314839,284.3633181,0.000238944,0.0784975
25.0,1.045150356,284.4693606,0.000239,0.0785002
25.0,1.045996035,284.3404463,0.000238999,0.0785013
25.0,1.044831504,284.4039052,0.000238968,0.0785088
25.0,1.045586907,284.6275571,0.00023905,0.0784943
Freq,25,Rs,284.41921470625005,0.09187631799852959,Ls,1.045403205875,0.0003953454390897174
":SOUR:DCS:STAT OFF;:BIAS:STAT OFF;:COMP:BIN:COUN:CLE;:LIST:CLE:ALL;:COMP:BIN:CLE;:AMPL:ALC OFF;:APER MED,4;:BIAS:POL:AUTO OFF;:BIAS:RANG:AUTO ON;:BIAS:VOLT:LEV 0;:COMP:ABIN OFF;:COMP:BIN:COUN:STAT OFF;:COMP:MODE PTOL;:COMP:SLIM -9.9e+037,9.9e+037;:COMP:STAT OFF;:COMP:SWAP OFF;:COMP:TOL:NOM 0;:DISP:ENAB ON;:DISP:LINE """";:DISP:WIND:TEXT1:DATA:FMSD:DATA 1e-009;:DISP:WIND:TEXT2:DATA:FMSD:DATA 1e-009;:FORM:ASC:LONG ON;:FORM:BORD NORM;:FORM:DATA ASC,64;:FREQ:CW 25;:FUNC:DEV1:MODE OFF;:FUNC:DEV1:REF:VAL 0;:FUNC:DEV2:MODE OFF;:FUNC:DEV2:REF:VAL 0;:FUNC:IMP:TYPE LSRS;:FUNC:SMON:IDC:STAT OFF;:FUNC:SMON:VDC:STAT OFF;:INIT:CONT OFF;:LIST:MODE SEQ;:LIST:STIM:TYPE FREQ,NONE;:SOUR:DCS:VOLT:LEV 0;:TRIG:DEL 0;:TRIG:SOUR INT;:TRIG:TDEL 0;:VOLT:LEV 0.1;:DISP:WIND:TEXT1:DATA:FMSD:STAT OFF;:DISP:WIND:TEXT2:DATA:FMSD:STAT OFF;:FUNC:DCR:RANG:VAL 100;:FUNC:IMP:RANG:VAL 300;:OUTP:DC:ISOL:LEV:VAL 0.002;:OUTP:DC:ISOL:STAT OFF;:FUNC:DCR:RANG:AUTO ON;:FUNC:IMP:RANG:AUTO ON;:OUTP:DC:ISOL:LEV:AUTO ON;:DISP:PAGE MEASurement;
"
30.0,1.01519689,292.7918722,0.000228449,0.0799295
30.0,1.015443636,292.881094,0.000228539,0.0799222
30.0,1.015301858,292.8683412,0.000228454,0.0799234
30.0,1.01574189,292.9038464,0.000228372,0.0799241
30.0,1.015362008,292.8130005,0.000228407,0.0799227
30.0,1.014964621,292.9219487,0.000228462,0.0799241
30.0,1.015070926,292.8395456,0.000228477,0.0799245
30.0,1.015348689,292.8830416,0.000228416,0.0799219
30.0,1.015408209,292.852559,0.000228398,0.0799227
30.0,1.015392823,292.8430612,0.000228513,0.0799249
30.0,1.015553259,292.9748421,0.000228506,0.0799221
30.0,1.015552048,292.8329551,0.000228455,0.0799214
30.0,1.015243145,292.8265227,0.000228551,0.0799176
30.0,1.014670293,292.8987935,0.000228507,0.0799177
30.0,1.014567083,292.9939634,0.000228506,0.0799287
30.0,1.015571522,292.8744873,0.000228498,0.0799242
Freq,30,Rs,292.87499215624996,0.05508917514355215,Ls,1.01527430625,0.0003210180278197253
":SOUR:DCS:STAT OFF;:BIAS:STAT OFF;:COMP:BIN:COUN:CLE;:LIST:CLE:ALL;:COMP:BIN:CLE;:AMPL:ALC OFF;:APER MED,4;:BIAS:POL:AUTO OFF;:BIAS:RANG:AUTO ON;:BIAS:VOLT:LEV 0;:COMP:ABIN OFF;:COMP:BIN:COUN:STAT OFF;:COMP:MODE PTOL;:COMP:SLIM -9.9e+037,9.9e+037;:COMP:STAT OFF;:COMP:SWAP OFF;:COMP:TOL:NOM 0;:DISP:ENAB ON;:DISP:LINE """";:DISP:WIND:TEXT1:DATA:FMSD:DATA 1e-009;:DISP:WIND:TEXT2:DATA:FMSD:DATA 1e-009;:FORM:ASC:LONG ON;:FORM:BORD NORM;:FORM:DATA ASC,64;:FREQ:CW 30;:FUNC:DEV1:MODE OFF;:FUNC:DEV1:REF:VAL 0;:FUNC:DEV2:MODE OFF;:FUNC:DEV2:REF:VAL 0;:FUNC:IMP:TYPE LSRS;:FUNC:SMON:IDC:STAT OFF;:FUNC:SMON:VDC:STAT OFF;:INIT:CONT OFF;:LIST:MODE SEQ;:LIST:STIM:TYPE FREQ,NONE;:SOUR:DCS:VOLT:LEV 0;:TRIG:DEL 0;:TRIG:SOUR INT;:TRIG:TDEL 0;:VOLT:LEV 0.1;:DISP:WIND:TEXT1:DATA:FMSD:STAT OFF;:DISP:WIND:TEXT2:DATA:FMSD:STAT OFF;:FUNC:DCR:RANG:VAL 100;:FUNC:IMP:RANG:VAL 300;:OUTP:DC:ISOL:LEV:VAL 0.002;:OUTP:DC:ISOL:STAT OFF;:FUNC:DCR:RANG:AUTO ON;:FUNC:IMP:RANG:AUTO ON;:OUTP:DC:ISOL:LEV:AUTO ON;:DISP:PAGE MEASurement;
"
40.0,0.9693243974,309.7584988,0.000209416,0.0825429
40.0,0.9691142064,309.6741518,0.000209469,0.0825337
40.0,0.9686988055,309.6449401,0.000209427,0.0825518
40.0,0.9693789364,309.6156859,0.000209481,0.0825425
40.0,0.9687655794,309.8075809,0.000209509,0.0825455
40.0,0.968971067,309.7139313,0.000209503,0.0825479
40.0,0.9695346539,309.601329,0.000209429,0.0825455
40.0,0.9688592172,309.6059437,0.000209475,0.082539
40.0,0.9684672449,309.6807194,0.000209434,0.0825429
40.0,0.9692001561,309.7243928,0.000209434,0.08254
40.0,0.9692878788,309.6621573,0.00020943,0.0825408
40.0,0.9696398591,309.6082569,0.00020943,0.0825356
40.0,0.9695087733,309.690602,0.000209427,0.0825326
40.0,0.9698226873,309.5959224,0.000209421,0.0825332
40.0,0.9699984093,309.6203001,0.00020946,0.0825291
40.0,0.9694239917,309.5477568,0.000209429,0.0825307
Freq,40,Rs,309.659510575,0.06812578526935727,Ls,0.96924974148125,0.00041988558696397666
":SOUR:DCS:STAT OFF;:BIAS:STAT OFF;:COMP:BIN:COUN:CLE;:LIST:CLE:ALL;:COMP:BIN:CLE;:AMPL:ALC OFF;:APER MED,4;:BIAS:POL:AUTO OFF;:BIAS:RANG:AUTO ON;:BIAS:VOLT:LEV 0;:COMP:ABIN OFF;:COMP:BIN:COUN:STAT OFF;:COMP:MODE PTOL;:COMP:SLIM -9.9e+037,9.9e+037;:COMP:STAT OFF;:COMP:SWAP OFF;:COMP:TOL:NOM 0;:DISP:ENAB ON;:DISP:LINE """";:DISP:WIND:TEXT1:DATA:FMSD:DATA 1e-009;:DISP:WIND:TEXT2:DATA:FMSD:DATA 1e-009;:FORM:ASC:LONG ON;:FORM:BORD NORM;:FORM:DATA ASC,64;:FREQ:CW 40;:FUNC:DEV1:MODE OFF;:FUNC:DEV1:REF:VAL 0;:FUNC:DEV2:MODE OFF;:FUNC:DEV2:REF:VAL 0;:FUNC:IMP:TYPE LSRS;:FUNC:SMON:IDC:STAT OFF;:FUNC:SMON:VDC:STAT OFF;:INIT:CONT OFF;:LIST:MODE SEQ;:LIST:STIM:TYPE FREQ,NONE;:SOUR:DCS:VOLT:LEV 0;:TRIG:DEL 0;:TRIG:SOUR INT;:TRIG:TDEL 0;:VOLT:LEV 0.1;:DISP:WIND:TEXT1:DATA:FMSD:STAT OFF;:DISP:WIND:TEXT2:DATA:FMSD:STAT OFF;:FUNC:DCR:RANG:VAL 100;:FUNC:IMP:RANG:VAL 300;:OUTP:DC:ISOL:LEV:VAL 0.002;:OUTP:DC:ISOL:STAT OFF;:FUNC:DCR:RANG:AUTO ON;:FUNC:IMP:RANG:AUTO ON;:OUTP:DC:ISOL:LEV:AUTO ON;:DISP:PAGE MEASurement;
"
53.0,0.9282176747,331.3860553,0.000188546,0.085433
53.0,0.9279014005,331.3743345,0.000188532,0.0854218
53.0,0.92793844,331.3615295,0.000188507,0.0854306
53.0,0.9280749997,331.4861825,0.000188566,0.0854322
53.0,0.9280903733,331.3288477,0.000188502,0.0854288
53.0,0.9283365329,331.2166106,0.000188513,0.0854303
53.0,0.9279548044,331.4725943,0.00018854,0.0854275
53.0,0.9276298076,331.3044886,0.000188533,0.0854257
53.0,0.9281313708,331.2988384,0.000188584,0.0854288
53.0,0.9279690242,331.3753351,0.000188527,0.0854272
53.0,0.9280492293,331.2695582,0.000188533,0.0854298
53.0,0.9273975423,331.3480232,0.000188576,0.0854271
53.0,0.9278383205,331.2543964,0.00018855,0.0854306
53.0,0.9277896811,331.3348425,0.000188583,0.0854331
53.0,0.9279583888,331.3315193,0.000188561,0.0854297
53.0,0.927933623,331.5020664,0.000188593,0.0854316
Freq,53,Rs,331.35282640625,0.08097465931635336,Ls,0.92795070081875,0.00022334536009507272
":SOUR:DCS:STAT OFF;:BIAS:STAT OFF;:COMP:BIN:COUN:CLE;:LIST:CLE:ALL;:COMP:BIN:CLE;:AMPL:ALC OFF;:APER MED,4;:BIAS:POL:AUTO OFF;:BIAS:RANG:AUTO ON;:BIAS:VOLT:LEV 0;:COMP:ABIN OFF;:COMP:BIN:COUN:STAT OFF;:COMP:MODE PTOL;:COMP:SLIM -9.9e+037,9.9e+037;:COMP:STAT OFF;:COMP:SWAP OFF;:COMP:TOL:NOM 0;:DISP:ENAB ON;:DISP:LINE """";:DISP:WIND:TEXT1:DATA:FMSD:DATA 1e-009;:DISP:WIND:TEXT2:DATA:FMSD:DATA 1e-009;:FORM:ASC:LONG ON;:FORM:BORD NORM;:FORM:DATA ASC,64;:FREQ:CW 53;:FUNC:DEV1:MODE OFF;:FUNC:DEV1:REF:VAL 0;:FUNC:DEV2:MODE OFF;:FUNC:DEV2:REF:VAL 0;:FUNC:IMP:TYPE LSRS;:FUNC:SMON:IDC:STAT OFF;:FUNC:SMON:VDC:STAT OFF;:INIT:CONT OFF;:LIST:MODE SEQ;:LIST:STIM:TYPE FREQ,NONE;:SOUR:DCS:VOLT:LEV 0;:TRIG:DEL 0;:TRIG:SOUR INT;:TRIG:TDEL 0;:VOLT:LEV 0.1;:DISP:WIND:TEXT1:DATA:FMSD:STAT OFF;:DISP:WIND:TEXT2:DATA:FMSD:STAT OFF;:FUNC:DCR:RANG:VAL 100;:FUNC:IMP:RANG:VAL 300;:OUTP:DC:ISOL:LEV:VAL 0.002;:OUTP:DC:ISOL:STAT OFF;:FUNC:DCR:RANG:AUTO ON;:FUNC:IMP:RANG:AUTO ON;:OUTP:DC:ISOL:LEV:AUTO ON;:DISP:PAGE MEASurement;
"
60.0,0.9125321876,342.968914,0.000178572,0.0867702
60.0,0.9127301647,343.0077823,0.000178631,0.086771
60.0,0.9130112336,343.0157873,0.000178605,0.0867752
60.0,0.9129672521,342.9388976,0.000178596,0.0867734
60.0,0.9128706296,342.8916234,0.000178575,0.086771
60.0,0.9130342835,342.9790661,0.000178585,0.0867689
60.0,0.9128952506,343.0047648,0.00017862,0.0867768
60.0,0.9130050016,342.8684469,0.000178568,0.0867717
60.0,0.9130170898,342.8983865,0.000178565,0.0867697
60.0,0.9130750021,343.0243338,0.000178607,0.0867758
60.0,0.9128761186,343.0199072,0.000178601,0.0867722
60.0,0.9128442856,342.8823385,0.000178584,0.0867738
60.0,0.9129924109,342.8840803,0.000178615,0.0867766
60.0,0.9129497669,342.9862078,0.000178622,0.08677
60.0,0.9128647403,342.8413211,0.000178557,0.0867669
60.0,0.9126592403,343.0844592,0.000178581,0.0867754
Freq,60,Rs,342.95601980000004,0.07055592045872881,Ls,0.9128952911125,0.00014806501124734354
":SOUR:DCS:STAT OFF;:BIAS:STAT OFF;:COMP:BIN:COUN:CLE;:LIST:CLE:ALL;:COMP:BIN:CLE;:AMPL:ALC OFF;:APER MED,4;:BIAS:POL:AUTO OFF;:BIAS:RANG:AUTO ON;:BIAS:VOLT:LEV 0;:COMP:ABIN OFF;:COMP:BIN:COUN:STAT OFF;:COMP:MODE PTOL;:COMP:SLIM -9.9e+037,9.9e+037;:COMP:STAT OFF;:COMP:SWAP OFF;:COMP:TOL:NOM 0;:DISP:ENAB ON;:DISP:LINE """";:DISP:WIND:TEXT1:DATA:FMSD:DATA 1e-009;:DISP:WIND:TEXT2:DATA:FMSD:DATA 1e-009;:FORM:ASC:LONG ON;:FORM:BORD NORM;:FORM:DATA ASC,64;:FREQ:CW 60;:FUNC:DEV1:MODE OFF;:FUNC:DEV1:REF:VAL 0;:FUNC:DEV2:MODE OFF;:FUNC:DEV2:REF:VAL 0;:FUNC:IMP:TYPE LSRS;:FUNC:SMON:IDC:STAT OFF;:FUNC:SMON:VDC:STAT OFF;:INIT:CONT OFF;:LIST:MODE SEQ;:LIST:STIM:TYPE FREQ,NONE;:SOUR:DCS:VOLT:LEV 0;:TRIG:DEL 0;:TRIG:SOUR INT;:TRIG:TDEL 0;:VOLT:LEV 0.1;:DISP:WIND:TEXT1:DATA:FMSD:STAT OFF;:DISP:WIND:TEXT2:DATA:FMSD:STAT OFF;:FUNC:DCR:RANG:VAL 100;:FUNC:IMP:RANG:VAL 300;:OUTP:DC:ISOL:LEV:VAL 0.002;:OUTP:DC:ISOL:STAT OFF;:FUNC:DCR:RANG:AUTO ON;:FUNC:IMP:RANG:AUTO ON;:OUTP:DC:ISOL:LEV:AUTO ON;:DISP:PAGE MEASurement;
"
65.0,0.9050450396,351.2081742,0.000171919,0.0876756
65.0,0.9048895511,351.3707901,0.000171909,0.0876712
65.0,0.9053153164,351.2551908,0.000171886,0.0876736
65.0,0.9054149701,351.3523322,0.000171912,0.087668
65.0,0.9054675895,351.3827317,0.000171903,0.0876734
65.0,0.9050120275,351.2035621,0.000171921,0.0876706
65.0,0.9050989961,351.2379783,0.00017187,0.0876693
65.0,0.9054242077,351.2631664,0.000171889,0.0876687
65.0,0.9051718604,351.3152521,0.00017192,0.0876711
65.0,0.9053465379,351.2855877,0.000171903,0.0876715
65.0,0.9052875007,351.2925565,0.000171887,0.0876786
65.0,0.9051740139,351.3957951,0.000171896,0.0876698
65.0,0.9053739848,351.296047,0.000171921,0.0876754
65.0,0.9054688503,351.3643401,0.000171905,0.087674
65.0,0.905304082,351.1971668,0.000171921,0.0876758
65.0,0.9055099269,351.4202893,0.000171897,0.0876744
Freq,65,Rs,351.302560025,0.07225187104104414,Ls,0.90526902843125,0.00018459088771242795
":SOUR:DCS:STAT OFF;:BIAS:STAT OFF;:COMP:BIN:COUN:CLE;:LIST:CLE:ALL;:COMP:BIN:CLE;:AMPL:ALC OFF;:APER MED,4;:BIAS:POL:AUTO OFF;:BIAS:RANG:AUTO ON;:BIAS:VOLT:LEV 0;:COMP:ABIN OFF;:COMP:BIN:COUN:STAT OFF;:COMP:MODE PTOL;:COMP:SLIM -9.9e+037,9.9e+037;:COMP:STAT OFF;:COMP:SWAP OFF;:COMP:TOL:NOM 0;:DISP:ENAB ON;:DISP:LINE """";:DISP:WIND:TEXT1:DATA:FMSD:DATA 1e-009;:DISP:WIND:TEXT2:DATA:FMSD:DATA 1e-009;:FORM:ASC:LONG ON;:FORM:BORD NORM;:FORM:DATA ASC,64;:FREQ:CW 65;:FUNC:DEV1:MODE OFF;:FUNC:DEV1:REF:VAL 0;:FUNC:DEV2:MODE OFF;:FUNC:DEV2:REF:VAL 0;:FUNC:IMP:TYPE LSRS;:FUNC:SMON:IDC:STAT OFF;:FUNC:SMON:VDC:STAT OFF;:INIT:CONT OFF;:LIST:MODE SEQ;:LIST:STIM:TYPE FREQ,NONE;:SOUR:DCS:VOLT:LEV 0;:TRIG:DEL 0;:TRIG:SOUR INT;:TRIG:TDEL 0;:VOLT:LEV 0.1;:DISP:WIND:TEXT1:DATA:FMSD:STAT OFF;:DISP:WIND:TEXT2:DATA:FMSD:STAT OFF;:FUNC:DCR:RANG:VAL 100;:FUNC:IMP:RANG:VAL 300;:OUTP:DC:ISOL:LEV:VAL 0.002;:OUTP:DC:ISOL:STAT OFF;:FUNC:DCR:RANG:AUTO ON;:FUNC:IMP:RANG:AUTO ON;:OUTP:DC:ISOL:LEV:AUTO ON;:DISP:PAGE MEASurement;
"
80.0,0.9051141146,377.8042798,0.000151633,0.089675
80.0,0.9051802573,377.7460375,0.000151679,0.089675
80.0,0.9051862423,377.5286142,0.000151641,0.0896764
80.0,0.9051908254,377.6709836,0.000151656,0.0896727
80.0,0.9054969261,377.7378042,0.00015167,0.0896771
80.0,0.9052586563,377.7493456,0.000151662,0.0896763
80.0,0.9051840125,377.6016742,0.000151706,0.0896755
80.0,0.9052359734,377.7069353,0.000151627,0.089676
80.0,0.9049487099,377.8632209,0.000151643,0.0896728
80.0,0.9045794076,377.6782868,0.000151693,0.0896716
80.0,0.9049694189,377.6703372,0.000151699,0.0896698
80.0,0.9048926125,377.5591768,0.000151642,0.0896763
80.0,0.9049685479,377.699014,0.000151701,0.0896728
80.0,0.9050666668,377.7001101,0.000151677,0.0896723
80.0,0.905141913,377.9967812,0.000151658,0.0896756
80.0,0.904601203,377.645529,0.00015168,0.0896696
Freq,80,Rs,377.70988315,0.11375320892072757,Ls,0.9050634679687499,0.0002355355705045317
":SOUR:DCS:STAT OFF;:BIAS:STAT OFF;:COMP:BIN:COUN:CLE;:LIST:CLE:ALL;:COMP:BIN:CLE;:AMPL:ALC OFF;:APER MED,4;:BIAS:POL:AUTO OFF;:BIAS:RANG:AUTO ON;:BIAS:VOLT:LEV 0;:COMP:ABIN OFF;:COMP:BIN:COUN:STAT OFF;:COMP:MODE PTOL;:COMP:SLIM -9.9e+037,9.9e+037;:COMP:STAT OFF;:COMP:SWAP OFF;:COMP:TOL:NOM 0;:DISP:ENAB ON;:DISP:LINE """";:DISP:WIND:TEXT1:DATA:FMSD:DATA 1e-009;:DISP:WIND:TEXT2:DATA:FMSD:DATA 1e-009;:FORM:ASC:LONG ON;:FORM:BORD NORM;:FORM:DATA ASC,64;:FREQ:CW 80;:FUNC:DEV1:MODE OFF;:FUNC:DEV1:REF:VAL 0;:FUNC:DEV2:MODE OFF;:FUNC:DEV2:REF:VAL 0;:FUNC:IMP:TYPE LSRS;:FUNC:SMON:IDC:STAT OFF;:FUNC:SMON:VDC:STAT OFF;:INIT:CONT OFF;:LIST:MODE SEQ;:LIST:STIM:TYPE FREQ,NONE;:SOUR:DCS:VOLT:LEV 0;:TRIG:DEL 0;:TRIG:SOUR INT;:TRIG:TDEL 0;:VOLT:LEV 0.1;:DISP:WIND:TEXT1:DATA:FMSD:STAT OFF;:DISP:WIND:TEXT2:DATA:FMSD:STAT OFF;:FUNC:DCR:RANG:VAL 100;:FUNC:IMP:RANG:VAL 300;:OUTP:DC:ISOL:LEV:VAL 0.002;:OUTP:DC:ISOL:STAT OFF;:FUNC:DCR:RANG:AUTO ON;:FUNC:IMP:RANG:AUTO ON;:OUTP:DC:ISOL:LEV:AUTO ON;:DISP:PAGE MEASurement;
"
90.0,0.9722670431,436.9152446,0.000129711,0.0912065
90.0,0.9094810179,461.9851477,0.000132898,0.090657
90.0,0.8830977917,454.8062383,0.000134371,0.090612
90.0,0.8783330494,452.8459757,0.000134824,0.0905861
90.0,0.8776142734,451.9943447,0.000135029,0.0905516
90.0,0.8755761304,451.2650633,0.000135226,0.090572
90.0,0.8759101297,451.0473666,0.000135195,0.0905538
90.0,0.8744823331,450.7265915,0.000135259,0.0905457
90.0,0.874847054,450.0980281,0.000135402,0.0905384
90.0,0.874472073,450.5334065,0.000135378,0.0905393
90.0,0.8736298356,449.8312653,0.000135437,0.0905361
90.0,0.8742919476,449.7107962,0.000135514,0.09053
90.0,0.8728262336,449.7261394,0.000135464,0.0905154
90.0,0.872989995,449.4199185,0.000135551,0.09053
90.0,0.8729020792,449.3545674,0.000135553,0.0905261
90.0,0.8720318496,449.3475072,0.000135577,0.0905059
Freq,90,Rs,450.6004750625,4.824574200118839,Ls,0.8834220522687499,0.025330516918842028
":SOUR:DCS:STAT OFF;:BIAS:STAT OFF;:COMP:BIN:COUN:CLE;:LIST:CLE:ALL;:COMP:BIN:CLE;:AMPL:ALC OFF;:APER MED,4;:BIAS:POL:AUTO OFF;:BIAS:RANG:AUTO ON;:BIAS:VOLT:LEV 0;:COMP:ABIN OFF;:COMP:BIN:COUN:STAT OFF;:COMP:MODE PTOL;:COMP:SLIM -9.9e+037,9.9e+037;:COMP:STAT OFF;:COMP:SWAP OFF;:COMP:TOL:NOM 0;:DISP:ENAB ON;:DISP:LINE """";:DISP:WIND:TEXT1:DATA:FMSD:DATA 1e-009;:DISP:WIND:TEXT2:DATA:FMSD:DATA 1e-009;:FORM:ASC:LONG ON;:FORM:BORD NORM;:FORM:DATA ASC,64;:FREQ:CW 90;:FUNC:DEV1:MODE OFF;:FUNC:DEV1:REF:VAL 0;:FUNC:DEV2:MODE OFF;:FUNC:DEV2:REF:VAL 0;:FUNC:IMP:TYPE LSRS;:FUNC:SMON:IDC:STAT OFF;:FUNC:SMON:VDC:STAT OFF;:INIT:CONT OFF;:LIST:MODE SEQ;:LIST:STIM:TYPE FREQ,NONE;:SOUR:DCS:VOLT:LEV 0;:TRIG:DEL 0;:TRIG:SOUR INT;:TRIG:TDEL 0;:VOLT:LEV 0.1;:DISP:WIND:TEXT1:DATA:FMSD:STAT OFF;:DISP:WIND:TEXT2:DATA:FMSD:STAT OFF;:FUNC:DCR:RANG:VAL 100;:FUNC:IMP:RANG:VAL 300;:OUTP:DC:ISOL:LEV:VAL 0.002;:OUTP:DC:ISOL:STAT OFF;:FUNC:DCR:RANG:AUTO ON;:FUNC:IMP:RANG:AUTO ON;:OUTP:DC:ISOL:LEV:AUTO ON;:DISP:PAGE MEASurement;
"
95.0,0.9088664848,425.3128494,0.000132885,0.0914673
95.0,0.9065590935,425.3641795,0.000132962,0.0914766
95.0,0.9072033398,424.9710011,0.000132818,0.0914635
95.0,0.9075794513,425.1347927,0.000132927,0.091456
95.0,0.9085141322,425.6961568,0.000132713,0.091488
95.0,0.909335796,425.9453247,0.000132667,0.0914791
95.0,0.9065928104,425.6434614,0.000132962,0.0914958
95.0,0.9065935011,425.7841674,0.00013281,0.091444
95.0,0.9070758301,424.4972011,0.000133034,0.0914769
95.0,0.9069605834,426.4945277,0.000132749,0.091468
95.0,0.9070626146,425.8898027,0.00013291,0.0914616
95.0,0.9059090997,425.087238,0.000132889,0.0914489
95.0,0.9078494993,425.2400576,0.000132794,0.0914618
95.0,0.9058924839,426.4596624,0.000132795,0.0914644
95.0,0.904210643,425.2261431,0.000133037,0.0914387
95.0,0.9044943857,424.709617,0.000132943,0.0914423
Freq,95,Rs,425.4660114125,0.565188080580746,Ls,0.9069187343,0.0013961217115012056
":SOUR:DCS:STAT OFF;:BIAS:STAT OFF;:COMP:BIN:COUN:CLE;:LIST:CLE:ALL;:COMP:BIN:CLE;:AMPL:ALC OFF;:APER MED,4;:BIAS:POL:AUTO OFF;:BIAS:RANG:AUTO ON;:BIAS:VOLT:LEV 0;:COMP:ABIN OFF;:COMP:BIN:COUN:STAT OFF;:COMP:MODE PTOL;:COMP:SLIM -9.9e+037,9.9e+037;:COMP:STAT OFF;:COMP:SWAP OFF;:COMP:TOL:NOM 0;:DISP:ENAB ON;:DISP:LINE """";:DISP:WIND:TEXT1:DATA:FMSD:DATA 1e-009;:DISP:WIND:TEXT2:DATA:FMSD:DATA 1e-009;:FORM:ASC:LONG ON;:FORM:BORD NORM;:FORM:DATA ASC,64;:FREQ:CW 95;:FUNC:DEV1:MODE OFF;:FUNC:DEV1:REF:VAL 0;:FUNC:DEV2:MODE OFF;:FUNC:DEV2:REF:VAL 0;:FUNC:IMP:TYPE LSRS;:FUNC:SMON:IDC:STAT OFF;:FUNC:SMON:VDC:STAT OFF;:INIT:CONT OFF;:LIST:MODE SEQ;:LIST:STIM:TYPE FREQ,NONE;:SOUR:DCS:VOLT:LEV 0;:TRIG:DEL 0;:TRIG:SOUR INT;:TRIG:TDEL 0;:VOLT:LEV 0.1;:DISP:WIND:TEXT1:DATA:FMSD:STAT OFF;:DISP:WIND:TEXT2:DATA:FMSD:STAT OFF;:FUNC:DCR:RANG:VAL 100;:FUNC:IMP:RANG:VAL 300;:OUTP:DC:ISOL:LEV:VAL 0.002;:OUTP:DC:ISOL:STAT OFF;:FUNC:DCR:RANG:AUTO ON;:FUNC:IMP:RANG:AUTO ON;:OUTP:DC:ISOL:LEV:AUTO ON;:DISP:PAGE MEASurement;
"
103.0,0.8732248328,556.1877675,0.000115971,0.0916807
103.0,0.8674584835,552.2030164,0.000116467,0.0916583
103.0,0.8656753415,549.8141086,0.000116819,0.0916432
103.0,0.8646241432,548.2070981,0.000117042,0.0916359
103.0,0.8632314356,547.2763021,0.000117233,0.0916199
103.0,0.8623209619,545.9804152,0.000117306,0.0916163
103.0,0.861060564,545.274477,0.000117505,0.0915932
103.0,0.8599527587,544.7726375,0.000117613,0.0915876
103.0,0.8596558025,544.4114634,0.000117653,0.0915908
103.0,0.8589056354,543.7565718,0.000117819,0.0915869
103.0,0.8584275866,543.0897755,0.000117922,0.0915772
103.0,0.857237853,542.0593642,0.000117979,0.0915755
103.0,0.8574462292,542.2262821,0.000118091,0.0915613
103.0,0.8569261493,541.7206749,0.000118062,0.0915703
103.0,0.8577934228,541.7946961,0.000118111,0.0915528
103.0,0.8568253895,541.7842266,0.000118118,0.0915627
Freq,103,Rs,545.6599298125,4.187790402848283,Ls,0.86129791184375,0.004593152363912856
":SOUR:DCS:STAT OFF;:BIAS:STAT OFF;:COMP:BIN:COUN:CLE;:LIST:CLE:ALL;:COMP:BIN:CLE;:AMPL:ALC OFF;:APER MED,4;:BIAS:POL:AUTO OFF;:BIAS:RANG:AUTO ON;:BIAS:VOLT:LEV 0;:COMP:ABIN OFF;:COMP:BIN:COUN:STAT OFF;:COMP:MODE PTOL;:COMP:SLIM -9.9e+037,9.9e+037;:COMP:STAT OFF;:COMP:SWAP OFF;:COMP:TOL:NOM 0;:DISP:ENAB ON;:DISP:LINE """";:DISP:WIND:TEXT1:DATA:FMSD:DATA 1e-009;:DISP:WIND:TEXT2:DATA:FMSD:DATA 1e-009;:FORM:ASC:LONG ON;:FORM:BORD NORM;:FORM:DATA ASC,64;:FREQ:CW 103;:FUNC:DEV1:MODE OFF;:FUNC:DEV1:REF:VAL 0;:FUNC:DEV2:MODE OFF;:FUNC:DEV2:REF:VAL 0;:FUNC:IMP:TYPE LSRS;:FUNC:SMON:IDC:STAT OFF;:FUNC:SMON:VDC:STAT OFF;:INIT:CONT OFF;:LIST:MODE SEQ;:LIST:STIM:TYPE FREQ,NONE;:SOUR:DCS:VOLT:LEV 0;:TRIG:DEL 0;:TRIG:SOUR INT;:TRIG:TDEL 0;:VOLT:LEV 0.1;:DISP:WIND:TEXT1:DATA:FMSD:STAT OFF;:DISP:WIND:TEXT2:DATA:FMSD:STAT OFF;:FUNC:DCR:RANG:VAL 100;:FUNC:IMP:RANG:VAL 300;:OUTP:DC:ISOL:LEV:VAL 0.002;:OUTP:DC:ISOL:STAT OFF;:FUNC:DCR:RANG:AUTO ON;:FUNC:IMP:RANG:AUTO ON;:OUTP:DC:ISOL:LEV:AUTO ON;:DISP:PAGE MEASurement;
"
105.0,0.8210858474,536.1570819,0.000119885,0.0913839
105.0,0.8211017829,536.4173945,0.000119845,0.0913792
105.0,0.8207030798,536.5366935,0.000119845,0.0913854
105.0,0.821050154,536.4049965,0.000119964,0.0913859
105.0,0.8211095931,536.3634117,0.000119851,0.0913873
105.0,0.8216512183,535.9682235,0.000119915,0.0913859
105.0,0.8215955839,535.6790369,0.000119993,0.0913779
105.0,0.8213040483,534.9006727,0.000119986,0.0913863
105.0,0.8219257732,535.0828272,0.00012004,0.0913792
105.0,0.8212778754,533.5858879,0.000120141,0.0913855
105.0,0.8210414571,533.224403,0.000120221,0.0913802
105.0,0.8211518987,533.0934256,0.000120167,0.0913855
105.0,0.8220583947,533.6244221,0.000120132,0.0913896
105.0,0.8226168834,533.2353309,0.000120126,0.0913882
105.0,0.8226253736,532.9897758,0.000120166,0.0913923
105.0,0.8224539168,532.5535118,0.000120258,0.091386
Freq,105,Rs,534.7385684687499,1.4985319780629651,Ls,0.8215470550374999,0.0006138755544017137
":SOUR:DCS:STAT OFF;:BIAS:STAT OFF;:COMP:BIN:COUN:CLE;:LIST:CLE:ALL;:COMP:BIN:CLE;:AMPL:ALC OFF;:APER MED,4;:BIAS:POL:AUTO OFF;:BIAS:RANG:AUTO ON;:BIAS:VOLT:LEV 0;:COMP:ABIN OFF;:COMP:BIN:COUN:STAT OFF;:COMP:MODE PTOL;:COMP:SLIM -9.9e+037,9.9e+037;:COMP:STAT OFF;:COMP:SWAP OFF;:COMP:TOL:NOM 0;:DISP:ENAB ON;:DISP:LINE """";:DISP:WIND:TEXT1:DATA:FMSD:DATA 1e-009;:DISP:WIND:TEXT2:DATA:FMSD:DATA 1e-009;:FORM:ASC:LONG ON;:FORM:BORD NORM;:FORM:DATA ASC,64;:FREQ:CW 105;:FUNC:DEV1:MODE OFF;:FUNC:DEV1:REF:VAL 0;:FUNC:DEV2:MODE OFF;:FUNC:DEV2:REF:VAL 0;:FUNC:IMP:TYPE LSRS;:FUNC:SMON:IDC:STAT OFF;:FUNC:SMON:VDC:STAT OFF;:INIT:CONT OFF;:LIST:MODE SEQ;:LIST:STIM:TYPE FREQ,NONE;:SOUR:DCS:VOLT:LEV 0;:TRIG:DEL 0;:TRIG:SOUR INT;:TRIG:TDEL 0;:VOLT:LEV 0.1;:DISP:WIND:TEXT1:DATA:FMSD:STAT OFF;:DISP:WIND:TEXT2:DATA:FMSD:STAT OFF;:FUNC:DCR:RANG:VAL 100;:FUNC:IMP:RANG:VAL 300;:OUTP:DC:ISOL:LEV:VAL 0.002;:OUTP:DC:ISOL:STAT OFF;:FUNC:DCR:RANG:AUTO ON;:FUNC:IMP:RANG:AUTO ON;:OUTP:DC:ISOL:LEV:AUTO ON;:DISP:PAGE MEASurement;
"
107.0,0.8102369747,529.5140434,0.000120307,0.0914225
107.0,0.8101832832,529.6925797,0.000120331,0.0914187
107.0,0.8100498242,530.0652806,0.000120337,0.0914249
107.0,0.8100857101,529.9069008,0.00012034,0.0914179
107.0,0.8100974769,529.7702277,0.00012031,0.0914182
107.0,0.8101516715,529.8914455,0.000120325,0.0914201
107.0,0.8104763655,529.4011963,0.000120369,0.091419
107.0,0.8106297865,528.9952983,0.000120379,0.0914275
107.0,0.8102473726,529.0897366,0.000120432,0.0914214
107.0,0.8102551044,528.9675766,0.000120415,0.0914213
107.0,0.8102189267,528.7275577,0.000120437,0.0914204
107.0,0.8104439474,528.6095444,0.00012048,0.0914183
107.0,0.8103232823,528.1840536,0.000120464,0.0914196
107.0,0.8103848274,527.6807416,0.000120509,0.0914229
107.0,0.8102796703,527.2234878,0.000120545,0.0914255
107.0,0.8103368694,527.5829079,0.000120551,0.0914181
Freq,107,Rs,528.9564111562499,0.8953899274348905,Ls,0.81027506831875,0.00015505438661780386
":SOUR:DCS:STAT OFF;:BIAS:STAT OFF;:COMP:BIN:COUN:CLE;:LIST:CLE:ALL;:COMP:BIN:CLE;:AMPL:ALC OFF;:APER MED,4;:BIAS:POL:AUTO OFF;:BIAS:RANG:AUTO ON;:BIAS:VOLT:LEV 0;:COMP:ABIN OFF;:COMP:BIN:COUN:STAT OFF;:COMP:MODE PTOL;:COMP:SLIM -9.9e+037,9.9e+037;:COMP:STAT OFF;:COMP:SWAP OFF;:COMP:TOL:NOM 0;:DISP:ENAB ON;:DISP:LINE """";:DISP:WIND:TEXT1:DATA:FMSD:DATA 1e-009;:DISP:WIND:TEXT2:DATA:FMSD:DATA 1e-009;:FORM:ASC:LONG ON;:FORM:BORD NORM;:FORM:DATA ASC,64;:FREQ:CW 107;:FUNC:DEV1:MODE OFF;:FUNC:DEV1:REF:VAL 0;:FUNC:DEV2:MODE OFF;:FUNC:DEV2:REF:VAL 0;:FUNC:IMP:TYPE LSRS;:FUNC:SMON:IDC:STAT OFF;:FUNC:SMON:VDC:STAT OFF;:INIT:CONT OFF;:LIST:MODE SEQ;:LIST:STIM:TYPE FREQ,NONE;:SOUR:DCS:VOLT:LEV 0;:TRIG:DEL 0;:TRIG:SOUR INT;:TRIG:TDEL 0;:VOLT:LEV 0.1;:DISP:WIND:TEXT1:DATA:FMSD:STAT OFF;:DISP:WIND:TEXT2:DATA:FMSD:STAT OFF;:FUNC:DCR:RANG:VAL 100;:FUNC:IMP:RANG:VAL 300;:OUTP:DC:ISOL:LEV:VAL 0.002;:OUTP:DC:ISOL:STAT OFF;:FUNC:DCR:RANG:AUTO ON;:FUNC:IMP:RANG:AUTO ON;:OUTP:DC:ISOL:LEV:AUTO ON;:DISP:PAGE MEASurement;
"
110.0,0.8102651314,528.1474554,0.000119035,0.0916349
110.0,0.809853635,528.2690523,0.000119082,0.0916346
110.0,0.8096151271,528.5888642,0.000119101,0.0916344
110.0,0.8095171836,527.831457,0.000119108,0.0916269
110.0,0.8095680278,527.860872,0.000119159,0.0916263
110.0,0.8095694243,527.8842255,0.000119158,0.0916351
110.0,0.8089522928,528.055995,0.000119106,0.0916298
110.0,0.8091121377,527.6700961,0.000119163,0.0916285
110.0,0.8088927051,528.077486,0.000119123,0.0916279
110.0,0.8087878862,528.3064898,0.000119104,0.0916268
110.0,0.8087504356,528.628906,0.000119021,0.0916263
110.0,0.8086370728,529.210729,0.000119017,0.0916205
110.0,0.8088453023,529.4890329,0.000118982,0.0916223
110.0,0.808556938,529.8976963,0.000118938,0.0916224
110.0,0.8085738472,529.4084168,0.000119055,0.0916249
110.0,0.808975239,528.8406397,0.000119057,0.0916257
Freq,110,Rs,528.510463375,0.678968699576981,Ls,0.80915452411875,0.000510409981178873
":SOUR:DCS:STAT OFF;:BIAS:STAT OFF;:COMP:BIN:COUN:CLE;:LIST:CLE:ALL;:COMP:BIN:CLE;:AMPL:ALC OFF;:APER MED,4;:BIAS:POL:AUTO OFF;:BIAS:RANG:AUTO ON;:BIAS:VOLT:LEV 0;:COMP:ABIN OFF;:COMP:BIN:COUN:STAT OFF;:COMP:MODE PTOL;:COMP:SLIM -9.9e+037,9.9e+037;:COMP:STAT OFF;:COMP:SWAP OFF;:COMP:TOL:NOM 0;:DISP:ENAB ON;:DISP:LINE """";:DISP:WIND:TEXT1:DATA:FMSD:DATA 1e-009;:DISP:WIND:TEXT2:DATA:FMSD:DATA 1e-009;:FORM:ASC:LONG ON;:FORM:BORD NORM;:FORM:DATA ASC,64;:FREQ:CW 110;:FUNC:DEV1:MODE OFF;:FUNC:DEV1:REF:VAL 0;:FUNC:DEV2:MODE OFF;:FUNC:DEV2:REF:VAL 0;:FUNC:IMP:TYPE LSRS;:FUNC:SMON:IDC:STAT OFF;:FUNC:SMON:VDC:STAT OFF;:INIT:CONT OFF;:LIST:MODE SEQ;:LIST:STIM:TYPE FREQ,NONE;:SOUR:DCS:VOLT:LEV 0;:TRIG:DEL 0;:TRIG:SOUR INT;:TRIG:TDEL 0;:VOLT:LEV 0.1;:DISP:WIND:TEXT1:DATA:FMSD:STAT OFF;:DISP:WIND:TEXT2:DATA:FMSD:STAT OFF;:FUNC:DCR:RANG:VAL 100;:FUNC:IMP:RANG:VAL 300;:OUTP:DC:ISOL:LEV:VAL 0.002;:OUTP:DC:ISOL:STAT OFF;:FUNC:DCR:RANG:AUTO ON;:FUNC:IMP:RANG:AUTO ON;:OUTP:DC:ISOL:LEV:AUTO ON;:DISP:PAGE MEASurement;
"
112.0,0.8177552934,546.3901319,0.000115791,0.0918537
112.0,0.8173688526,547.2006235,0.000115729,0.0918475
112.0,0.8163929622,548.3355021,0.000115645,0.0918477
112.0,0.8160530397,549.0069266,0.000115642,0.0918486
112.0,0.8160522514,549.0049973,0.000115601,0.0918481
112.0,0.8163248535,549.0724122,0.000115637,0.0918428
112.0,0.8156455355,549.5591277,0.000115528,0.09184
112.0,0.8151132995,550.144542,0.000115529,0.0918347
112.0,0.8145517735,550.260819,0.000115556,0.0918362
112.0,0.8148051241,550.1007205,0.000115604,0.0918292
112.0,0.8143167666,549.6870861,0.000115607,0.0918279
112.0,0.8142400737,549.7396851,0.000115634,0.0918322
112.0,0.8143481446,550.2969778,0.000115559,0.0918271
112.0,0.8138262379,549.9454249,0.000115537,0.0918279
112.0,0.8140087435,549.7879676,0.000115569,0.0918264
112.0,0.814059273,549.6907796,0.000115674,0.0918295
Freq,112,Rs,549.26398274375,1.1105005403264432,Ls,0.81530388904375,0.00123882082776046
":SOUR:DCS:STAT OFF;:BIAS:STAT OFF;:COMP:BIN:COUN:CLE;:LIST:CLE:ALL;:COMP:BIN:CLE;:AMPL:ALC OFF;:APER MED,4;:BIAS:POL:AUTO OFF;:BIAS:RANG:AUTO ON;:BIAS:VOLT:LEV 0;:COMP:ABIN OFF;:COMP:BIN:COUN:STAT OFF;:COMP:MODE PTOL;:COMP:SLIM -9.9e+037,9.9e+037;:COMP:STAT OFF;:COMP:SWAP OFF;:COMP:TOL:NOM 0;:DISP:ENAB ON;:DISP:LINE """";:DISP:WIND:TEXT1:DATA:FMSD:DATA 1e-009;:DISP:WIND:TEXT2:DATA:FMSD:DATA 1e-009;:FORM:ASC:LONG ON;:FORM:BORD NORM;:FORM:DATA ASC,64;:FREQ:CW 112;:FUNC:DEV1:MODE OFF;:FUNC:DEV1:REF:VAL 0;:FUNC:DEV2:MODE OFF;:FUNC:DEV2:REF:VAL 0;:FUNC:IMP:TYPE LSRS;:FUNC:SMON:IDC:STAT OFF;:FUNC:SMON:VDC:STAT OFF;:INIT:CONT OFF;:LIST:MODE SEQ;:LIST:STIM:TYPE FREQ,NONE;:SOUR:DCS:VOLT:LEV 0;:TRIG:DEL 0;:TRIG:SOUR INT;:TRIG:TDEL 0;:VOLT:LEV 0.1;:DISP:WIND:TEXT1:DATA:FMSD:STAT OFF;:DISP:WIND:TEXT2:DATA:FMSD:STAT OFF;:FUNC:DCR:RANG:VAL 100;:FUNC:IMP:RANG:VAL 300;:OUTP:DC:ISOL:LEV:VAL 0.002;:OUTP:DC:ISOL:STAT OFF;:FUNC:DCR:RANG:AUTO ON;:FUNC:IMP:RANG:AUTO ON;:OUTP:DC:ISOL:LEV:AUTO ON;:DISP:PAGE MEASurement;
"
115.0,0.7631400376,586.5037059,0.000113623,0.0915117
115.0,0.7642219385,586.6278535,0.000113652,0.0915017
115.0,0.7641958376,586.4819271,0.000113651,0.0914948
115.0,0.7642762196,583.9877792,0.000113803,0.0915078
115.0,0.7649092829,584.8959638,0.000113775,0.0915123
115.0,0.7651870154,584.4688072,0.000113752,0.0915191
115.0,0.7665717527,584.2805874,0.000113738,0.0915339
115.0,0.767185069,584.0922652,0.000113682,0.0915282
115.0,0.7667842822,584.2459639,0.000113639,0.0915322
115.0,0.7672743862,584.041783,0.000113602,0.0915316
115.0,0.7672042376,583.8021041,0.000113661,0.0915285
115.0,0.7673630484,583.6835272,0.000113615,0.0915313
115.0,0.7676395842,583.5833869,0.000113573,0.091545
115.0,0.768256022,583.9604255,0.000113659,0.0915426
115.0,0.7678930042,584.1118899,0.000113643,0.0915455
115.0,0.7687166069,583.5996691,0.000113589,0.0915432
Freq,115,Rs,584.52297743125,1.0525345468298308,Ls,0.7663011453124999,0.0017124393393992518
":SOUR:DCS:STAT OFF;:BIAS:STAT OFF;:COMP:BIN:COUN:CLE;:LIST:CLE:ALL;:COMP:BIN:CLE;:AMPL:ALC OFF;:APER MED,4;:BIAS:POL:AUTO OFF;:BIAS:RANG:AUTO ON;:BIAS:VOLT:LEV 0;:COMP:ABIN OFF;:COMP:BIN:COUN:STAT OFF;:COMP:MODE PTOL;:COMP:SLIM -9.9e+037,9.9e+037;:COMP:STAT OFF;:COMP:SWAP OFF;:COMP:TOL:NOM 0;:DISP:ENAB ON;:DISP:LINE """";:DISP:WIND:TEXT1:DATA:FMSD:DATA 1e-009;:DISP:WIND:TEXT2:DATA:FMSD:DATA 1e-009;:FORM:ASC:LONG ON;:FORM:BORD NORM;:FORM:DATA ASC,64;:FREQ:CW 115;:FUNC:DEV1:MODE OFF;:FUNC:DEV1:REF:VAL 0;:FUNC:DEV2:MODE OFF;:FUNC:DEV2:REF:VAL 0;:FUNC:IMP:TYPE LSRS;:FUNC:SMON:IDC:STAT OFF;:FUNC:SMON:VDC:STAT OFF;:INIT:CONT OFF;:LIST:MODE SEQ;:LIST:STIM:TYPE FREQ,NONE;:SOUR:DCS:VOLT:LEV 0;:TRIG:DEL 0;:TRIG:SOUR INT;:TRIG:TDEL 0;:VOLT:LEV 0.1;:DISP:WIND:TEXT1:DATA:FMSD:STAT OFF;:DISP:WIND:TEXT2:DATA:FMSD:STAT OFF;:FUNC:DCR:RANG:VAL 100;:FUNC:IMP:RANG:VAL 300;:OUTP:DC:ISOL:LEV:VAL 0.002;:OUTP:DC:ISOL:STAT OFF;:FUNC:DCR:RANG:AUTO ON;:FUNC:IMP:RANG:AUTO ON;:OUTP:DC:ISOL:LEV:AUTO ON;:DISP:PAGE MEASurement;
"
120.0,0.7975377906,536.8792614,0.000114282,0.0920933
120.0,0.7972726349,536.4663966,0.000114395,0.0920754
120.0,0.795841251,535.5956118,0.000114489,0.0920737
120.0,0.7953015157,535.0897611,0.000114556,0.0920715
120.0,0.7956561971,535.0366662,0.000114561,0.0920754
120.0,0.7952850589,534.9037273,0.000114601,0.092073
120.0,0.7950524453,534.617146,0.000114644,0.0920672
120.0,0.7943514926,534.533349,0.00011467,0.09206
120.0,0.7940516883,534.2972021,0.000114746,0.0920573
120.0,0.7938053227,534.2807332,0.000114769,0.0920573
120.0,0.7934132871,534.2974321,0.000114767,0.0920581
120.0,0.793326195,534.2070904,0.000114785,0.0920505
120.0,0.7933166928,533.9018049,0.000114788,0.0920563
120.0,0.7936967606,533.7636753,0.000114757,0.0920567
120.0,0.7938788053,533.7792795,0.0001148,0.092055
120.0,0.7936066634,533.8305067,0.000114807,0.0920542
Freq,120,Rs,534.717477725,0.9262320063795572,Ls,0.79471211258125,0.0013512763060751364
":SOUR:DCS:STAT OFF;:BIAS:STAT OFF;:COMP:BIN:COUN:CLE;:LIST:CLE:ALL;:COMP:BIN:CLE;:AMPL:ALC OFF;:APER MED,4;:BIAS:POL:AUTO OFF;:BIAS:RANG:AUTO ON;:BIAS:VOLT:LEV 0;:COMP:ABIN OFF;:COMP:BIN:COUN:STAT OFF;:COMP:MODE PTOL;:COMP:SLIM -9.9e+037,9.9e+037;:COMP:STAT OFF;:COMP:SWAP OFF;:COMP:TOL:NOM 0;:DISP:ENAB ON;:DISP:LINE """";:DISP:WIND:TEXT1:DATA:FMSD:DATA 1e-009;:DISP:WIND:TEXT2:DATA:FMSD:DATA 1e-009;:FORM:ASC:LONG ON;:FORM:BORD NORM;:FORM:DATA ASC,64;:FREQ:CW 120;:FUNC:DEV1:MODE OFF;:FUNC:DEV1:REF:VAL 0;:FUNC:DEV2:MODE OFF;:FUNC:DEV2:REF:VAL 0;:FUNC:IMP:TYPE LSRS;:FUNC:SMON:IDC:STAT OFF;:FUNC:SMON:VDC:STAT OFF;:INIT:CONT OFF;:LIST:MODE SEQ;:LIST:STIM:TYPE FREQ,NONE;:SOUR:DCS:VOLT:LEV 0;:TRIG:DEL 0;:TRIG:SOUR INT;:TRIG:TDEL 0;:VOLT:LEV 0.1;:DISP:WIND:TEXT1:DATA:FMSD:STAT OFF;:DISP:WIND:TEXT2:DATA:FMSD:STAT OFF;:FUNC:DCR:RANG:VAL 100;:FUNC:IMP:RANG:VAL 300;:OUTP:DC:ISOL:LEV:VAL 0.002;:OUTP:DC:ISOL:STAT OFF;:FUNC:DCR:RANG:AUTO ON;:FUNC:IMP:RANG:AUTO ON;:OUTP:DC:ISOL:LEV:AUTO ON;:DISP:PAGE MEASurement;
"
122.0,0.9073944433,630.4842826,9.91352e-05,0.0931296
122.0,0.9078056725,631.5472736,9.90289e-05,0.0931334
122.0,0.9080930381,633.0482468,9.89662e-05,0.0931314
122.0,0.9081655431,634.3914662,9.88615e-05,0.0931343
122.0,0.9087052655,634.9746303,9.88282e-05,0.0931398
122.0,0.9086369966,635.4708593,9.88031e-05,0.093134
122.0,0.9082791893,635.919241,9.87695e-05,0.0931315
122.0,0.9084661043,636.3841778,9.87395e-05,0.0931355
122.0,0.9087402899,636.8575359,9.87312e-05,0.0931369
122.0,0.9086803303,636.546998,9.86531e-05,0.093137
122.0,0.9090924098,636.9807831,9.86347e-05,0.0931373
122.0,0.9091834339,637.3308496,9.86021e-05,0.0931425
122.0,0.9093542655,637.3328497,9.86298e-05,0.0931389
122.0,0.9096284503,637.0908084,9.86206e-05,0.0931427
122.0,0.9098879922,637.2462116,9.86282e-05,0.0931463
122.0,0.9096720005,637.0788846,9.85604e-05,0.0931475
Freq,122,Rs,635.5428186562501,2.146973795393922,Ls,0.90873658906875,0.000702785431542715
":SOUR:DCS:STAT OFF;:BIAS:STAT OFF;:COMP:BIN:COUN:CLE;:LIST:CLE:ALL;:COMP:BIN:CLE;:AMPL:ALC OFF;:APER MED,4;:BIAS:POL:AUTO OFF;:BIAS:RANG:AUTO ON;:BIAS:VOLT:LEV 0;:COMP:ABIN OFF;:COMP:BIN:COUN:STAT OFF;:COMP:MODE PTOL;:COMP:SLIM -9.9e+037,9.9e+037;:COMP:STAT OFF;:COMP:SWAP OFF;:COMP:TOL:NOM 0;:DISP:ENAB ON;:DISP:LINE """";:DISP:WIND:TEXT1:DATA:FMSD:DATA 1e-009;:DISP:WIND:TEXT2:DATA:FMSD:DATA 1e-009;:FORM:ASC:LONG ON;:FORM:BORD NORM;:FORM:DATA ASC,64;:FREQ:CW 122;:FUNC:DEV1:MODE OFF;:FUNC:DEV1:REF:VAL 0;:FUNC:DEV2:MODE OFF;:FUNC:DEV2:REF:VAL 0;:FUNC:IMP:TYPE LSRS;:FUNC:SMON:IDC:STAT OFF;:FUNC:SMON:VDC:STAT OFF;:INIT:CONT OFF;:LIST:MODE SEQ;:LIST:STIM:TYPE FREQ,NONE;:SOUR:DCS:VOLT:LEV 0;:TRIG:DEL 0;:TRIG:SOUR INT;:TRIG:TDEL 0;:VOLT:LEV 0.1;:DISP:WIND:TEXT1:DATA:FMSD:STAT OFF;:DISP:WIND:TEXT2:DATA:FMSD:STAT OFF;:FUNC:DCR:RANG:VAL 100;:FUNC:IMP:RANG:VAL 300;:OUTP:DC:ISOL:LEV:VAL 0.002;:OUTP:DC:ISOL:STAT OFF;:FUNC:DCR:RANG:AUTO ON;:FUNC:IMP:RANG:AUTO ON;:OUTP:DC:ISOL:LEV:AUTO ON;:DISP:PAGE MEASurement;
"
125.0,0.4460515846,878.5719298,9.63371e-05,0.0909805
125.0,0.4431905857,875.206007,9.66949e-05,0.0909422
125.0,0.4394262572,872.7024774,9.69667e-05,0.0909191
125.0,0.4396274703,871.4849492,9.70866e-05,0.0909013
125.0,0.4374171121,869.2969763,9.7273e-05,0.0908968
125.0,0.4378383527,868.8587863,9.73698e-05,0.0908765
125.0,0.4356815654,867.1733023,9.75046e-05,0.0908724
125.0,0.4342688215,865.7411138,9.7584e-05,0.0908584
125.0,0.4345940831,865.3800348,9.77299e-05,0.0908512
125.0,0.4328870356,864.5304642,9.77777e-05,0.0908317
125.0,0.4333183923,863.2175031,9.78538e-05,0.0908258
125.0,0.4333083453,863.2193615,9.79312e-05,0.0908198
125.0,0.4329875082,862.7095877,9.80045e-05,0.0908191
125.0,0.4337029729,862.0821781,9.79828e-05,0.0908246
125.0,0.4341228677,862.4451743,9.80574e-05,0.090819
125.0,0.4324006718,861.2097461,9.80735e-05,0.090822
Freq,125,Rs,867.1143494937501,5.152393759481391,Ls,0.43630147664999996,0.004013327589828991
":SOUR:DCS:STAT OFF;:BIAS:STAT OFF;:COMP:BIN:COUN:CLE;:LIST:CLE:ALL;:COMP:BIN:CLE;:AMPL:ALC OFF;:APER MED,4;:BIAS:POL:AUTO OFF;:BIAS:RANG:AUTO ON;:BIAS:VOLT:LEV 0;:COMP:ABIN OFF;:COMP:BIN:COUN:STAT OFF;:COMP:MODE PTOL;:COMP:SLIM -9.9e+037,9.9e+037;:COMP:STAT OFF;:COMP:SWAP OFF;:COMP:TOL:NOM 0;:DISP:ENAB ON;:DISP:LINE """";:DISP:WIND:TEXT1:DATA:FMSD:DATA 1e-009;:DISP:WIND:TEXT2:DATA:FMSD:DATA 1e-009;:FORM:ASC:LONG ON;:FORM:BORD NORM;:FORM:DATA ASC,64;:FREQ:CW 125;:FUNC:DEV1:MODE OFF;:FUNC:DEV1:REF:VAL 0;:FUNC:DEV2:MODE OFF;:FUNC:DEV2:REF:VAL 0;:FUNC:IMP:TYPE LSRS;:FUNC:SMON:IDC:STAT OFF;:FUNC:SMON:VDC:STAT OFF;:INIT:CONT OFF;:LIST:MODE SEQ;:LIST:STIM:TYPE FREQ,NONE;:SOUR:DCS:VOLT:LEV 0;:TRIG:DEL 0;:TRIG:SOUR INT;:TRIG:TDEL 0;:VOLT:LEV 0.1;:DISP:WIND:TEXT1:DATA:FMSD:STAT OFF;:DISP:WIND:TEXT2:DATA:FMSD:STAT OFF;:FUNC:DCR:RANG:VAL 100;:FUNC:IMP:RANG:VAL 300;:OUTP:DC:ISOL:LEV:VAL 0.002;:OUTP:DC:ISOL:STAT OFF;:FUNC:DCR:RANG:AUTO ON;:FUNC:IMP:RANG:AUTO ON;:OUTP:DC:ISOL:LEV:AUTO ON;:DISP:PAGE MEASurement;
"
127.0,0.3984038614,652.3578641,0.000122461,0.0888964
127.0,0.3988960174,653.1397328,0.000122238,0.0889126
127.0,0.399454783,654.1310035,0.000122114,0.0889222
127.0,0.3996900435,654.5727956,0.000122078,0.0889238
127.0,0.3999570684,655.2045087,0.00012206,0.0889329
127.0,0.3996122881,654.9627291,0.000121986,0.0889361
127.0,0.3999883261,656.1291853,0.000121958,0.0889344
127.0,0.4000308423,655.6355981,0.000121946,0.0889474
127.0,0.4005989928,656.1926243,0.000121806,0.0889513
127.0,0.4005280189,656.048063,0.000121831,0.0889488
127.0,0.4006524615,656.743344,0.000121799,0.0889522
127.0,0.4006868682,656.9837321,0.000121715,0.0889568
127.0,0.4007999751,658.3896474,0.000121609,0.0889678
127.0,0.4003810938,659.058049,0.000121498,0.0889694
127.0,0.4002201166,658.9074704,0.0001215,0.0889724
127.0,0.4001821107,659.8164665,0.000121348,0.0889765
Freq,127,Rs,656.14205086875,2.1315453672039233,Ls,0.4000051792375,0.0006690536167651686
":SOUR:DCS:STAT OFF;:BIAS:STAT OFF;:COMP:BIN:COUN:CLE;:LIST:CLE:ALL;:COMP:BIN:CLE;:AMPL:ALC OFF;:APER MED,4;:BIAS:POL:AUTO OFF;:BIAS:RANG:AUTO ON;:BIAS:VOLT:LEV 0;:COMP:ABIN OFF;:COMP:BIN:COUN:STAT OFF;:COMP:MODE PTOL;:COMP:SLIM -9.9e+037,9.9e+037;:COMP:STAT OFF;:COMP:SWAP OFF;:COMP:TOL:NOM 0;:DISP:ENAB ON;:DISP:LINE """";:DISP:WIND:TEXT1:DATA:FMSD:DATA 1e-009;:DISP:WIND:TEXT2:DATA:FMSD:DATA 1e-009;:FORM:ASC:LONG ON;:FORM:BORD NORM;:FORM:DATA ASC,64;:FREQ:CW 127;:FUNC:DEV1:MODE OFF;:FUNC:DEV1:REF:VAL 0;:FUNC:DEV2:MODE OFF;:FUNC:DEV2:REF:VAL 0;:FUNC:IMP:TYPE LSRS;:FUNC:SMON:IDC:STAT OFF;:FUNC:SMON:VDC:STAT OFF;:INIT:CONT OFF;:LIST:MODE SEQ;:LIST:STIM:TYPE FREQ,NONE;:SOUR:DCS:VOLT:LEV 0;:TRIG:DEL 0;:TRIG:SOUR INT;:TRIG:TDEL 0;:VOLT:LEV 0.1;:DISP:WIND:TEXT1:DATA:FMSD:STAT OFF;:DISP:WIND:TEXT2:DATA:FMSD:STAT OFF;:FUNC:DCR:RANG:VAL 100;:FUNC:IMP:RANG:VAL 300;:OUTP:DC:ISOL:LEV:VAL 0.002;:OUTP:DC:ISOL:STAT OFF;:FUNC:DCR:RANG:AUTO ON;:FUNC:IMP:RANG:AUTO ON;:OUTP:DC:ISOL:LEV:AUTO ON;:DISP:PAGE MEASurement;
"
130.0,0.4786007563,569.2121931,0.000129158,0.0891853
130.0,0.4780045201,570.0230853,0.000129153,0.0891816
130.0,0.4775326654,569.5932058,0.000129168,0.0891772
130.0,0.4770072958,569.6665335,0.000129194,0.0891691
130.0,0.4764465157,569.9489298,0.000129208,0.0891648
130.0,0.476134302,569.7581852,0.000129199,0.089162
130.0,0.4759813415,570.2137448,0.000129187,0.0891609
130.0,0.4755634894,569.9651114,0.000129276,0.089156
130.0,0.4755319282,569.7925849,0.0001293,0.0891549
130.0,0.475319919,569.9727102,0.000129254,0.0891592
130.0,0.4754528698,570.2800219,0.000129204,0.0891604
130.0,0.475509203,570.6177645,0.000129207,0.0891655
130.0,0.4755422415,571.4221688,0.000129063,0.0891688
130.0,0.4754771172,571.7313507,0.000128986,0.089173
130.0,0.4757534457,572.0851963,0.000128972,0.0891741
130.0,0.4755957133,571.9735016,0.000128986,0.0891741
Freq,130,Rs,570.3910179874999,0.9065032501570335,Ls,0.47621583274375,0.001024295704114778
":SOUR:DCS:STAT OFF;:BIAS:STAT OFF;:COMP:BIN:COUN:CLE;:LIST:CLE:ALL;:COMP:BIN:CLE;:AMPL:ALC OFF;:APER MED,4;:BIAS:POL:AUTO OFF;:BIAS:RANG:AUTO ON;:BIAS:VOLT:LEV 0;:COMP:ABIN OFF;:COMP:BIN:COUN:STAT OFF;:COMP:MODE PTOL;:COMP:SLIM -9.9e+037,9.9e+037;:COMP:STAT OFF;:COMP:SWAP OFF;:COMP:TOL:NOM 0;:DISP:ENAB ON;:DISP:LINE """";:DISP:WIND:TEXT1:DATA:FMSD:DATA 1e-009;:DISP:WIND:TEXT2:DATA:FMSD:DATA 1e-009;:FORM:ASC:LONG ON;:FORM:BORD NORM;:FORM:DATA ASC,64;:FREQ:CW 130;:FUNC:DEV1:MODE OFF;:FUNC:DEV1:REF:VAL 0;:FUNC:DEV2:MODE OFF;:FUNC:DEV2:REF:VAL 0;:FUNC:IMP:TYPE LSRS;:FUNC:SMON:IDC:STAT OFF;:FUNC:SMON:VDC:STAT OFF;:INIT:CONT OFF;:LIST:MODE SEQ;:LIST:STIM:TYPE FREQ,NONE;:SOUR:DCS:VOLT:LEV 0;:TRIG:DEL 0;:TRIG:SOUR INT;:TRIG:TDEL 0;:VOLT:LEV 0.1;:DISP:WIND:TEXT1:DATA:FMSD:STAT OFF;:DISP:WIND:TEXT2:DATA:FMSD:STAT OFF;:FUNC:DCR:RANG:VAL 100;:FUNC:IMP:RANG:VAL 300;:OUTP:DC:ISOL:LEV:VAL 0.002;:OUTP:DC:ISOL:STAT OFF;:FUNC:DCR:RANG:AUTO ON;:FUNC:IMP:RANG:AUTO ON;:OUTP:DC:ISOL:LEV:AUTO ON;:DISP:PAGE MEASurement;
"
132.0,0.5096962322,550.4453404,0.000128972,0.0895058
132.0,0.509447151,550.2311072,0.000128999,0.0895047
132.0,0.509281695,550.2693924,0.000128962,0.0895037
132.0,0.5091055549,550.9321265,0.000128941,0.0895026
132.0,0.5089749308,551.0319863,0.000128956,0.0895037
132.0,0.5090493119,550.9649049,0.000128943,0.0895051
132.0,0.5089902314,551.0258521,0.000128902,0.0895038
132.0,0.5089636852,551.2719694,0.000128917,0.0895033
132.0,0.5087655401,551.487547,0.000128894,0.0895038
132.0,0.5089017055,551.3525899,0.000128906,0.0895061
132.0,0.5089289639,551.3933744,0.000128888,0.0895036
132.0,0.5088940521,551.5708695,0.000128873,0.0895047
132.0,0.5087751983,551.9329131,0.000128795,0.0895024
132.0,0.5086392818,552.1756384,0.000128785,0.0895044
132.0,0.5086293293,552.2648635,0.000128806,0.0895041
132.0,0.5082477171,552.3247942,0.00012878,0.0895043
Freq,132,Rs,551.2922043250001,0.6632276253944842,Ls,0.50895566128125,0.0003379428809672609
":SOUR:DCS:STAT OFF;:BIAS:STAT OFF;:COMP:BIN:COUN:CLE;:LIST:CLE:ALL;:COMP:BIN:CLE;:AMPL:ALC OFF;:APER MED,4;:BIAS:POL:AUTO OFF;:BIAS:RANG:AUTO ON;:BIAS:VOLT:LEV 0;:COMP:ABIN OFF;:COMP:BIN:COUN:STAT OFF;:COMP:MODE PTOL;:COMP:SLIM -9.9e+037,9.9e+037;:COMP:STAT OFF;:COMP:SWAP OFF;:COMP:TOL:NOM 0;:DISP:ENAB ON;:DISP:LINE """";:DISP:WIND:TEXT1:DATA:FMSD:DATA 1e-009;:DISP:WIND:TEXT2:DATA:FMSD:DATA 1e-009;:FORM:ASC:LONG ON;:FORM:BORD NORM;:FORM:DATA ASC,64;:FREQ:CW 132;:FUNC:DEV1:MODE OFF;:FUNC:DEV1:REF:VAL 0;:FUNC:DEV2:MODE OFF;:FUNC:DEV2:REF:VAL 0;:FUNC:IMP:TYPE LSRS;:FUNC:SMON:IDC:STAT OFF;:FUNC:SMON:VDC:STAT OFF;:INIT:CONT OFF;:LIST:MODE SEQ;:LIST:STIM:TYPE FREQ,NONE;:SOUR:DCS:VOLT:LEV 0;:TRIG:DEL 0;:TRIG:SOUR INT;:TRIG:TDEL 0;:VOLT:LEV 0.1;:DISP:WIND:TEXT1:DATA:FMSD:STAT OFF;:DISP:WIND:TEXT2:DATA:FMSD:STAT OFF;:FUNC:DCR:RANG:VAL 100;:FUNC:IMP:RANG:VAL 300;:OUTP:DC:ISOL:LEV:VAL 0.002;:OUTP:DC:ISOL:STAT OFF;:FUNC:DCR:RANG:AUTO ON;:FUNC:IMP:RANG:AUTO ON;:OUTP:DC:ISOL:LEV:AUTO ON;:DISP:PAGE MEASurement;
"
135.0,0.5436895017,538.594838,0.000127046,0.0900834
135.0,0.5435461431,538.5544836,0.000127093,0.0900824
135.0,0.5435086491,538.5257903,0.000127094,0.0900824
135.0,0.5434278246,538.4676696,0.000127107,0.0900796
135.0,0.543298393,538.4239322,0.000127078,0.0900793
135.0,0.5434293862,538.5534324,0.000127108,0.0900796
135.0,0.5433173579,538.5586172,0.000127064,0.0900804
135.0,0.5430372546,538.70997,0.000127073,0.0900787
135.0,0.5429965758,538.6825232,0.000127106,0.0900773
135.0,0.5430493775,538.4150144,0.000127104,0.0900741
135.0,0.5430645409,538.3084363,0.000127121,0.0900748
135.0,0.5431246964,538.3365551,0.000127111,0.0900755
135.0,0.5430935779,538.5537224,0.000127125,0.0900732
135.0,0.5426972605,538.5630195,0.000127158,0.0900732
135.0,0.5427535223,538.3966935,0.000127167,0.0900687
135.0,0.5426910832,538.2826747,0.000127166,0.0900677
Freq,135,Rs,538.495460775,0.12602020173491826,Ls,0.54317032154375,0.0003061111032385912
":SOUR:DCS:STAT OFF;:BIAS:STAT OFF;:COMP:BIN:COUN:CLE;:LIST:CLE:ALL;:COMP:BIN:CLE;:AMPL:ALC OFF;:APER MED,4;:BIAS:POL:AUTO OFF;:BIAS:RANG:AUTO ON;:BIAS:VOLT:LEV 0;:COMP:ABIN OFF;:COMP:BIN:COUN:STAT OFF;:COMP:MODE PTOL;:COMP:SLIM -9.9e+037,9.9e+037;:COMP:STAT OFF;:COMP:SWAP OFF;:COMP:TOL:NOM 0;:DISP:ENAB ON;:DISP:LINE """";:DISP:WIND:TEXT1:DATA:FMSD:DATA 1e-009;:DISP:WIND:TEXT2:DATA:FMSD:DATA 1e-009;:FORM:ASC:LONG ON;:FORM:BORD NORM;:FORM:DATA ASC,64;:FREQ:CW 135;:FUNC:DEV1:MODE OFF;:FUNC:DEV1:REF:VAL 0;:FUNC:DEV2:MODE OFF;:FUNC:DEV2:REF:VAL 0;:FUNC:IMP:TYPE LSRS;:FUNC:SMON:IDC:STAT OFF;:FUNC:SMON:VDC:STAT OFF;:INIT:CONT OFF;:LIST:MODE SEQ;:LIST:STIM:TYPE FREQ,NONE;:SOUR:DCS:VOLT:LEV 0;:TRIG:DEL 0;:TRIG:SOUR INT;:TRIG:TDEL 0;:VOLT:LEV 0.1;:DISP:WIND:TEXT1:DATA:FMSD:STAT OFF;:DISP:WIND:TEXT2:DATA:FMSD:STAT OFF;:FUNC:DCR:RANG:VAL 100;:FUNC:IMP:RANG:VAL 300;:OUTP:DC:ISOL:LEV:VAL 0.002;:OUTP:DC:ISOL:STAT OFF;:FUNC:DCR:RANG:AUTO ON;:FUNC:IMP:RANG:AUTO ON;:OUTP:DC:ISOL:LEV:AUTO ON;:DISP:PAGE MEASurement;
"
137.0,0.5603863272,539.3893061,0.00012496,0.0904227
137.0,0.5601155553,539.6754411,0.000124976,0.0904204
137.0,0.5598213734,539.5855647,0.000124972,0.0904193
137.0,0.5597040026,539.5711262,0.000124998,0.0904221
137.0,0.5599634236,539.4294883,0.000124961,0.0904219
137.0,0.5600561701,539.5412168,0.000124991,0.0904243
137.0,0.5598991524,539.7533217,0.000124965,0.090424
137.0,0.5598635047,539.7779162,0.000124941,0.09042
137.0,0.5598526877,539.9038821,0.00012493,0.0904204
137.0,0.5600617871,540.0440196,0.00012491,0.0904237
137.0,0.5602008501,539.9858341,0.000124893,0.090425
137.0,0.560031299,540.1463738,0.000124927,0.0904223
137.0,0.5595175726,540.2265603,0.000124925,0.0904246
137.0,0.5601233509,540.0818917,0.000124901,0.0904278
137.0,0.5601203291,539.9817561,0.000124901,0.0904239
137.0,0.5602713375,540.1723601,0.000124892,0.0904253
Freq,137,Rs,539.82912868125,0.27493499552289175,Ls,0.55999929520625,0.00021883076385900777
":SOUR:DCS:STAT OFF;:BIAS:STAT OFF;:COMP:BIN:COUN:CLE;:LIST:CLE:ALL;:COMP:BIN:CLE;:AMPL:ALC OFF;:APER MED,4;:BIAS:POL:AUTO OFF;:BIAS:RANG:AUTO ON;:BIAS:VOLT:LEV 0;:COMP:ABIN OFF;:COMP:BIN:COUN:STAT OFF;:COMP:MODE PTOL;:COMP:SLIM -9.9e+037,9.9e+037;:COMP:STAT OFF;:COMP:SWAP OFF;:COMP:TOL:NOM 0;:DISP:ENAB ON;:DISP:LINE """";:DISP:WIND:TEXT1:DATA:FMSD:DATA 1e-009;:DISP:WIND:TEXT2:DATA:FMSD:DATA 1e-009;:FORM:ASC:LONG ON;:FORM:BORD NORM;:FORM:DATA ASC,64;:FREQ:CW 137;:FUNC:DEV1:MODE OFF;:FUNC:DEV1:REF:VAL 0;:FUNC:DEV2:MODE OFF;:FUNC:DEV2:REF:VAL 0;:FUNC:IMP:TYPE LSRS;:FUNC:SMON:IDC:STAT OFF;:FUNC:SMON:VDC:STAT OFF;:INIT:CONT OFF;:LIST:MODE SEQ;:LIST:STIM:TYPE FREQ,NONE;:SOUR:DCS:VOLT:LEV 0;:TRIG:DEL 0;:TRIG:SOUR INT;:TRIG:TDEL 0;:VOLT:LEV 0.1;:DISP:WIND:TEXT1:DATA:FMSD:STAT OFF;:DISP:WIND:TEXT2:DATA:FMSD:STAT OFF;:FUNC:DCR:RANG:VAL 100;:FUNC:IMP:RANG:VAL 300;:OUTP:DC:ISOL:LEV:VAL 0.002;:OUTP:DC:ISOL:STAT OFF;:FUNC:DCR:RANG:AUTO ON;:FUNC:IMP:RANG:AUTO ON;:OUTP:DC:ISOL:LEV:AUTO ON;:DISP:PAGE MEASurement;
"
140.0,0.5612499327,561.7410106,0.000121226,0.0906667
140.0,0.560871265,561.9601328,0.000121256,0.0906617
140.0,0.5609270357,562.1772504,0.000121253,0.0906637
140.0,0.56082403,562.1922605,0.000121192,0.0906629
140.0,0.5605625402,562.5653491,0.000121216,0.090663
140.0,0.560367032,562.9240484,0.000121158,0.0906588
140.0,0.5599322223,562.7030922,0.000121266,0.0906547
140.0,0.5603489846,562.3059563,0.000121219,0.0906576
140.0,0.5596705985,563.0392389,0.000121195,0.0906544
140.0,0.5600031807,562.7446769,0.000121238,0.0906526
140.0,0.5597737729,562.5120718,0.000121249,0.0906547
140.0,0.5598473275,562.7979082,0.000121189,0.0906555
140.0,0.5598043509,563.1971357,0.000121168,0.0906507
140.0,0.5595638942,563.2139882,0.000121201,0.0906491
140.0,0.5595649944,562.8100791,0.000121263,0.0906461
140.0,0.559609609,562.6738681,0.000121286,0.0906495
Freq,140,Rs,562.5973792,0.42734474126538746,Ls,0.5601825481625,0.0005572149025305286
":SOUR:DCS:STAT OFF;:BIAS:STAT OFF;:COMP:BIN:COUN:CLE;:LIST:CLE:ALL;:COMP:BIN:CLE;:AMPL:ALC OFF;:APER MED,4;:BIAS:POL:AUTO OFF;:BIAS:RANG:AUTO ON;:BIAS:VOLT:LEV 0;:COMP:ABIN OFF;:COMP:BIN:COUN:STAT OFF;:COMP:MODE PTOL;:COMP:SLIM -9.9e+037,9.9e+037;:COMP:STAT OFF;:COMP:SWAP OFF;:COMP:TOL:NOM 0;:DISP:ENAB ON;:DISP:LINE """";:DISP:WIND:TEXT1:DATA:FMSD:DATA 1e-009;:DISP:WIND:TEXT2:DATA:FMSD:DATA 1e-009;:FORM:ASC:LONG ON;:FORM:BORD NORM;:FORM:DATA ASC,64;:FREQ:CW 140;:FUNC:DEV1:MODE OFF;:FUNC:DEV1:REF:VAL 0;:FUNC:DEV2:MODE OFF;:FUNC:DEV2:REF:VAL 0;:FUNC:IMP:TYPE LSRS;:FUNC:SMON:IDC:STAT OFF;:FUNC:SMON:VDC:STAT OFF;:INIT:CONT OFF;:LIST:MODE SEQ;:LIST:STIM:TYPE FREQ,NONE;:SOUR:DCS:VOLT:LEV 0;:TRIG:DEL 0;:TRIG:SOUR INT;:TRIG:TDEL 0;:VOLT:LEV 0.1;:DISP:WIND:TEXT1:DATA:FMSD:STAT OFF;:DISP:WIND:TEXT2:DATA:FMSD:STAT OFF;:FUNC:DCR:RANG:VAL 100;:FUNC:IMP:RANG:VAL 300;:OUTP:DC:ISOL:LEV:VAL 0.002;:OUTP:DC:ISOL:STAT OFF;:FUNC:DCR:RANG:AUTO ON;:FUNC:IMP:RANG:AUTO ON;:OUTP:DC:ISOL:LEV:AUTO ON;:DISP:PAGE MEASurement;
"
142.0,0.5452181672,561.3759088,0.00012188,0.0905559
142.0,0.5451313588,561.6953314,0.000121876,0.0905572
142.0,0.5449443505,561.6652198,0.00012189,0.0905526
142.0,0.5451630336,561.5304565,0.000121903,0.0905554
142.0,0.5451026538,561.4252963,0.000121899,0.0905563
142.0,0.544921431,561.6376117,0.000121945,0.0905523
142.0,0.5449775361,561.4477524,0.00012191,0.0905504
142.0,0.5447421069,561.5998084,0.000121932,0.0905494
142.0,0.5447077924,561.5365994,0.000121917,0.0905536
142.0,0.5447565126,561.6122076,0.00012192,0.0905487
142.0,0.5447143876,561.4299914,0.000121959,0.090551
142.0,0.5450358561,560.9814213,0.000121971,0.0905531
142.0,0.5450621434,560.650928,0.000121992,0.0905544
142.0,0.5450642303,560.9176833,0.000122019,0.0905525
142.0,0.5452827077,560.2968969,0.000122016,0.0905555
142.0,0.5453654448,560.2129874,0.000122038,0.0905538
Freq,142,Rs,561.2510062875,0.48844317633471857,Ls,0.54501185705,0.0002041235238197636
":SOUR:DCS:STAT OFF;:BIAS:STAT OFF;:COMP:BIN:COUN:CLE;:LIST:CLE:ALL;:COMP:BIN:CLE;:AMPL:ALC OFF;:APER MED,4;:BIAS:POL:AUTO OFF;:BIAS:RANG:AUTO ON;:BIAS:VOLT:LEV 0;:COMP:ABIN OFF;:COMP:BIN:COUN:STAT OFF;:COMP:MODE PTOL;:COMP:SLIM -9.9e+037,9.9e+037;:COMP:STAT OFF;:COMP:SWAP OFF;:COMP:TOL:NOM 0;:DISP:ENAB ON;:DISP:LINE """";:DISP:WIND:TEXT1:DATA:FMSD:DATA 1e-009;:DISP:WIND:TEXT2:DATA:FMSD:DATA 1e-009;:FORM:ASC:LONG ON;:FORM:BORD NORM;:FORM:DATA ASC,64;:FREQ:CW 142;:FUNC:DEV1:MODE OFF;:FUNC:DEV1:REF:VAL 0;:FUNC:DEV2:MODE OFF;:FUNC:DEV2:REF:VAL 0;:FUNC:IMP:TYPE LSRS;:FUNC:SMON:IDC:STAT OFF;:FUNC:SMON:VDC:STAT OFF;:INIT:CONT OFF;:LIST:MODE SEQ;:LIST:STIM:TYPE FREQ,NONE;:SOUR:DCS:VOLT:LEV 0;:TRIG:DEL 0;:TRIG:SOUR INT;:TRIG:TDEL 0;:VOLT:LEV 0.1;:DISP:WIND:TEXT1:DATA:FMSD:STAT OFF;:DISP:WIND:TEXT2:DATA:FMSD:STAT OFF;:FUNC:DCR:RANG:VAL 100;:FUNC:IMP:RANG:VAL 300;:OUTP:DC:ISOL:LEV:VAL 0.002;:OUTP:DC:ISOL:STAT OFF;:FUNC:DCR:RANG:AUTO ON;:FUNC:IMP:RANG:AUTO ON;:OUTP:DC:ISOL:LEV:AUTO ON;:DISP:PAGE MEASurement;
"
145.0,0.5406458113,543.6197031,0.00012346,0.0905748
145.0,0.5407261552,543.6198303,0.000123449,0.0905763
145.0,0.5409288305,543.6059346,0.000123458,0.0905798
145.0,0.5410876279,543.5315983,0.00012342,0.090579
145.0,0.5410809112,543.7267291,0.000123409,0.0905801
145.0,0.5408338192,543.8851497,0.000123409,0.0905778
145.0,0.5409453374,543.9408928,0.000123396,0.0905784
145.0,0.5409686913,544.07799,0.000123386,0.0905799
145.0,0.5409730713,543.9864463,0.000123416,0.0905807
145.0,0.540970526,543.8595363,0.000123405,0.0905845
145.0,0.5413560076,543.6164509,0.000123449,0.0905819
145.0,0.5411856955,543.3820605,0.000123459,0.0905835
145.0,0.5414900695,542.7661882,0.000123502,0.0905852
145.0,0.5415620435,542.8443382,0.000123478,0.0905878
145.0,0.5416698691,542.7526208,0.00012348,0.0905873
145.0,0.5416584931,542.7846361,0.000123494,0.0905887
Freq,145,Rs,543.500006575,0.4619649499743155,Ls,0.541130184975,0.0003246908390128148
":SOUR:DCS:STAT OFF;:BIAS:STAT OFF;:COMP:BIN:COUN:CLE;:LIST:CLE:ALL;:COMP:BIN:CLE;:AMPL:ALC OFF;:APER MED,4;:BIAS:POL:AUTO OFF;:BIAS:RANG:AUTO ON;:BIAS:VOLT:LEV 0;:COMP:ABIN OFF;:COMP:BIN:COUN:STAT OFF;:COMP:MODE PTOL;:COMP:SLIM -9.9e+037,9.9e+037;:COMP:STAT OFF;:COMP:SWAP OFF;:COMP:TOL:NOM 0;:DISP:ENAB ON;:DISP:LINE """";:DISP:WIND:TEXT1:DATA:FMSD:DATA 1e-009;:DISP:WIND:TEXT2:DATA:FMSD:DATA 1e-009;:FORM:ASC:LONG ON;:FORM:BORD NORM;:FORM:DATA ASC,64;:FREQ:CW 145;:FUNC:DEV1:MODE OFF;:FUNC:DEV1:REF:VAL 0;:FUNC:DEV2:MODE OFF;:FUNC:DEV2:REF:VAL 0;:FUNC:IMP:TYPE LSRS;:FUNC:SMON:IDC:STAT OFF;:FUNC:SMON:VDC:STAT OFF;:INIT:CONT OFF;:LIST:MODE SEQ;:LIST:STIM:TYPE FREQ,NONE;:SOUR:DCS:VOLT:LEV 0;:TRIG:DEL 0;:TRIG:SOUR INT;:TRIG:TDEL 0;:VOLT:LEV 0.1;:DISP:WIND:TEXT1:DATA:FMSD:STAT OFF;:DISP:WIND:TEXT2:DATA:FMSD:STAT OFF;:FUNC:DCR:RANG:VAL 100;:FUNC:IMP:RANG:VAL 300;:OUTP:DC:ISOL:LEV:VAL 0.002;:OUTP:DC:ISOL:STAT OFF;:FUNC:DCR:RANG:AUTO ON;:FUNC:IMP:RANG:AUTO ON;:OUTP:DC:ISOL:LEV:AUTO ON;:DISP:PAGE MEASurement;
"
150.0,0.5507959675,520.115484,0.000123665,0.0908756
150.0,0.5506593595,520.3341895,0.000123662,0.0908729
150.0,0.5505486705,520.468896,0.000123641,0.0908735
150.0,0.5503633562,520.6634621,0.000123636,0.0908715
150.0,0.5503659083,520.7738442,0.000123633,0.0908717
150.0,0.5504823614,520.7397924,0.000123617,0.0908748
150.0,0.5504025516,520.9249049,0.00012362,0.0908705
150.0,0.5503445185,520.9295804,0.000123607,0.0908696
150.0,0.5502615486,520.9748244,0.000123623,0.0908699
150.0,0.550163563,521.057697,0.000123605,0.0908687
150.0,0.5500505813,521.2812025,0.000123601,0.0908667
150.0,0.5499995591,521.4013137,0.00012359,0.0908656
150.0,0.5498739624,521.4490302,0.00012359,0.0908652
150.0,0.5497087673,521.5624007,0.00012359,0.0908622
150.0,0.5496221459,521.6987673,0.000123572,0.0908624
150.0,0.5494834282,521.8510079,0.00012357,0.0908605
Freq,150,Rs,521.014149825,0.4981133530419395,Ls,0.55019539058125,0.00037823185797850745
":SOUR:DCS:STAT OFF;:BIAS:STAT OFF;:COMP:BIN:COUN:CLE;:LIST:CLE:ALL;:COMP:BIN:CLE;:AMPL:ALC OFF;:APER MED,4;:BIAS:POL:AUTO OFF;:BIAS:RANG:AUTO ON;:BIAS:VOLT:LEV 0;:COMP:ABIN OFF;:COMP:BIN:COUN:STAT OFF;:COMP:MODE PTOL;:COMP:SLIM -9.9e+037,9.9e+037;:COMP:STAT OFF;:COMP:SWAP OFF;:COMP:TOL:NOM 0;:DISP:ENAB ON;:DISP:LINE """";:DISP:WIND:TEXT1:DATA:FMSD:DATA 1e-009;:DISP:WIND:TEXT2:DATA:FMSD:DATA 1e-009;:FORM:ASC:LONG ON;:FORM:BORD NORM;:FORM:DATA ASC,64;:FREQ:CW 150;:FUNC:DEV1:MODE OFF;:FUNC:DEV1:REF:VAL 0;:FUNC:DEV2:MODE OFF;:FUNC:DEV2:REF:VAL 0;:FUNC:IMP:TYPE LSRS;:FUNC:SMON:IDC:STAT OFF;:FUNC:SMON:VDC:STAT OFF;:INIT:CONT OFF;:LIST:MODE SEQ;:LIST:STIM:TYPE FREQ,NONE;:SOUR:DCS:VOLT:LEV 0;:TRIG:DEL 0;:TRIG:SOUR INT;:TRIG:TDEL 0;:VOLT:LEV 0.1;:DISP:WIND:TEXT1:DATA:FMSD:STAT OFF;:DISP:WIND:TEXT2:DATA:FMSD:STAT OFF;:FUNC:DCR:RANG:VAL 100;:FUNC:IMP:RANG:VAL 300;:OUTP:DC:ISOL:LEV:VAL 0.002;:OUTP:DC:ISOL:STAT OFF;:FUNC:DCR:RANG:AUTO ON;:FUNC:IMP:RANG:AUTO ON;:OUTP:DC:ISOL:LEV:AUTO ON;:DISP:PAGE MEASurement;
"
153.0,0.5606550657,514.4022768,0.000122336,0.0911421
153.0,0.5606299103,514.4274884,0.000122331,0.0911418
153.0,0.5605673876,514.453733,0.00012233,0.0911393
153.0,0.5604993779,514.50829,0.000122324,0.0911408
153.0,0.5604964161,514.6006826,0.000122324,0.0911392
153.0,0.5606048878,514.4777596,0.000122328,0.091141
153.0,0.5606125722,514.5242684,0.000122319,0.0911443
153.0,0.5607437972,514.4615591,0.000122325,0.091144
153.0,0.5607874277,514.4594407,0.000122321,0.0911448
153.0,0.5608398804,514.3916159,0.00012231,0.0911455
153.0,0.5608366469,514.4096767,0.000122316,0.0911445
153.0,0.5608184509,514.3877601,0.000122314,0.0911435
153.0,0.5607417365,514.4879597,0.000122318,0.0911433
153.0,0.5607176327,514.5405776,0.000122308,0.0911422
153.0,0.5606645321,514.5223282,0.000122311,0.0911407
153.0,0.5606892689,514.5600188,0.000122308,0.0911415
Freq,153,Rs,514.475964725,0.06351528033347308,Ls,0.56068156193125,0.00011036943441817949
":SOUR:DCS:STAT OFF;:BIAS:STAT OFF;:COMP:BIN:COUN:CLE;:LIST:CLE:ALL;:COMP:BIN:CLE;:AMPL:ALC OFF;:APER MED,4;:BIAS:POL:AUTO OFF;:BIAS:RANG:AUTO ON;:BIAS:VOLT:LEV 0;:COMP:ABIN OFF;:COMP:BIN:COUN:STAT OFF;:COMP:MODE PTOL;:COMP:SLIM -9.9e+037,9.9e+037;:COMP:STAT OFF;:COMP:SWAP OFF;:COMP:TOL:NOM 0;:DISP:ENAB ON;:DISP:LINE """";:DISP:WIND:TEXT1:DATA:FMSD:DATA 1e-009;:DISP:WIND:TEXT2:DATA:FMSD:DATA 1e-009;:FORM:ASC:LONG ON;:FORM:BORD NORM;:FORM:DATA ASC,64;:FREQ:CW 153;:FUNC:DEV1:MODE OFF;:FUNC:DEV1:REF:VAL 0;:FUNC:DEV2:MODE OFF;:FUNC:DEV2:REF:VAL 0;:FUNC:IMP:TYPE LSRS;:FUNC:SMON:IDC:STAT OFF;:FUNC:SMON:VDC:STAT OFF;:INIT:CONT OFF;:LIST:MODE SEQ;:LIST:STIM:TYPE FREQ,NONE;:SOUR:DCS:VOLT:LEV 0;:TRIG:DEL 0;:TRIG:SOUR INT;:TRIG:TDEL 0;:VOLT:LEV 0.1;:DISP:WIND:TEXT1:DATA:FMSD:STAT OFF;:DISP:WIND:TEXT2:DATA:FMSD:STAT OFF;:FUNC:DCR:RANG:VAL 100;:FUNC:IMP:RANG:VAL 300;:OUTP:DC:ISOL:LEV:VAL 0.002;:OUTP:DC:ISOL:STAT OFF;:FUNC:DCR:RANG:AUTO ON;:FUNC:IMP:RANG:AUTO ON;:OUTP:DC:ISOL:LEV:AUTO ON;:DISP:PAGE MEASurement;
"
155.0,0.5642700491,514.5263898,0.000121315,0.0913291
155.0,0.5642461701,514.5619774,0.000121308,0.0913268
155.0,0.5641396595,514.6613937,0.000121314,0.0913259
155.0,0.5641310996,514.6894925,0.000121321,0.0913266
155.0,0.5641664565,514.6221063,0.000121313,0.0913267
155.0,0.5641596441,514.6011498,0.000121326,0.0913259
155.0,0.5641416218,514.5967015,0.000121315,0.0913268
155.0,0.5641509806,514.5902625,0.000121316,0.0913274
155.0,0.5641414586,514.6417189,0.000121314,0.0913276
155.0,0.5641839656,514.5394397,0.000121315,0.091328
155.0,0.5643028657,514.5705395,0.00012131,0.0913286
155.0,0.5642660703,514.5523209,0.000121308,0.0913301
155.0,0.5642285188,514.5715808,0.000121315,0.0913274
155.0,0.5641923072,514.5886128,0.000121321,0.0913265
155.0,0.564237352,514.5414296,0.000121319,0.0913273
155.0,0.5642029582,514.5974071,0.000121316,0.0913281
Freq,155,Rs,514.5907826749999,0.04531549124813292,Ls,0.56419757360625,5.465317102128873e-05
":SOUR:DCS:STAT OFF;:BIAS:STAT OFF;:COMP:BIN:COUN:CLE;:LIST:CLE:ALL;:COMP:BIN:CLE;:AMPL:ALC OFF;:APER MED,4;:BIAS:POL:AUTO OFF;:BIAS:RANG:AUTO ON;:BIAS:VOLT:LEV 0;:COMP:ABIN OFF;:COMP:BIN:COUN:STAT OFF;:COMP:MODE PTOL;:COMP:SLIM -9.9e+037,9.9e+037;:COMP:STAT OFF;:COMP:SWAP OFF;:COMP:TOL:NOM 0;:DISP:ENAB ON;:DISP:LINE """";:DISP:WIND:TEXT1:DATA:FMSD:DATA 1e-009;:DISP:WIND:TEXT2:DATA:FMSD:DATA 1e-009;:FORM:ASC:LONG ON;:FORM:BORD NORM;:FORM:DATA ASC,64;:FREQ:CW 155;:FUNC:DEV1:MODE OFF;:FUNC:DEV1:REF:VAL 0;:FUNC:DEV2:MODE OFF;:FUNC:DEV2:REF:VAL 0;:FUNC:IMP:TYPE LSRS;:FUNC:SMON:IDC:STAT OFF;:FUNC:SMON:VDC:STAT OFF;:INIT:CONT OFF;:LIST:MODE SEQ;:LIST:STIM:TYPE FREQ,NONE;:SOUR:DCS:VOLT:LEV 0;:TRIG:DEL 0;:TRIG:SOUR INT;:TRIG:TDEL 0;:VOLT:LEV 0.1;:DISP:WIND:TEXT1:DATA:FMSD:STAT OFF;:DISP:WIND:TEXT2:DATA:FMSD:STAT OFF;:FUNC:DCR:RANG:VAL 100;:FUNC:IMP:RANG:VAL 300;:OUTP:DC:ISOL:LEV:VAL 0.002;:OUTP:DC:ISOL:STAT OFF;:FUNC:DCR:RANG:AUTO ON;:FUNC:IMP:RANG:AUTO ON;:OUTP:DC:ISOL:LEV:AUTO ON;:DISP:PAGE MEASurement;
"
160.0,0.5733337377,507.8650012,0.000119463,0.091778
160.0,0.573218941,507.9497677,0.000119467,0.0917785
160.0,0.5732593739,507.9332448,0.000119471,0.0917752
160.0,0.5732075557,507.9350812,0.00011947,0.0917783
160.0,0.5732019291,507.9896442,0.000119478,0.0917766
160.0,0.5732019134,507.9083521,0.000119474,0.0917768
160.0,0.5731933666,508.0334912,0.00011947,0.0917788
160.0,0.5731957319,508.0767526,0.000119469,0.0917749
160.0,0.5731635969,508.0037364,0.000119472,0.0917766
160.0,0.5731370812,508.0985557,0.000119473,0.0917759
160.0,0.5731934872,508.0603223,0.000119467,0.0917744
160.0,0.5731379563,508.1139045,0.000119463,0.0917762
160.0,0.5731693068,508.1333634,0.000119469,0.091777
160.0,0.5731090494,508.0784141,0.000119457,0.091777
160.0,0.5732579086,508.1221563,0.000119463,0.091778
160.0,0.573089635,508.1541018,0.00011946,0.0917748
Freq,160,Rs,508.02849309375,0.08977470426595677,Ls,0.57319191066875,6.0428033729682416e-05
":SOUR:DCS:STAT OFF;:BIAS:STAT OFF;:COMP:BIN:COUN:CLE;:LIST:CLE:ALL;:COMP:BIN:CLE;:AMPL:ALC OFF;:APER MED,4;:BIAS:POL:AUTO OFF;:BIAS:RANG:AUTO ON;:BIAS:VOLT:LEV 0;:COMP:ABIN OFF;:COMP:BIN:COUN:STAT OFF;:COMP:MODE PTOL;:COMP:SLIM -9.9e+037,9.9e+037;:COMP:STAT OFF;:COMP:SWAP OFF;:COMP:TOL:NOM 0;:DISP:ENAB ON;:DISP:LINE """";:DISP:WIND:TEXT1:DATA:FMSD:DATA 1e-009;:DISP:WIND:TEXT2:DATA:FMSD:DATA 1e-009;:FORM:ASC:LONG ON;:FORM:BORD NORM;:FORM:DATA ASC,64;:FREQ:CW 160;:FUNC:DEV1:MODE OFF;:FUNC:DEV1:REF:VAL 0;:FUNC:DEV2:MODE OFF;:FUNC:DEV2:REF:VAL 0;:FUNC:IMP:TYPE LSRS;:FUNC:SMON:IDC:STAT OFF;:FUNC:SMON:VDC:STAT OFF;:INIT:CONT OFF;:LIST:MODE SEQ;:LIST:STIM:TYPE FREQ,NONE;:SOUR:DCS:VOLT:LEV 0;:TRIG:DEL 0;:TRIG:SOUR INT;:TRIG:TDEL 0;:VOLT:LEV 0.1;:DISP:WIND:TEXT1:DATA:FMSD:STAT OFF;:DISP:WIND:TEXT2:DATA:FMSD:STAT OFF;:FUNC:DCR:RANG:VAL 100;:FUNC:IMP:RANG:VAL 300;:OUTP:DC:ISOL:LEV:VAL 0.002;:OUTP:DC:ISOL:STAT OFF;:FUNC:DCR:RANG:AUTO ON;:FUNC:IMP:RANG:AUTO ON;:OUTP:DC:ISOL:LEV:AUTO ON;:DISP:PAGE MEASurement;
"
165.0,0.5829673031,509.565073,0.000116654,0.0922064
165.0,0.5829607723,509.5535446,0.000116647,0.0922047
165.0,0.5829409478,509.5167768,0.000116646,0.0922035
165.0,0.5829191142,509.5636341,0.000116645,0.0922065
165.0,0.582882233,509.5541624,0.000116646,0.0922057
165.0,0.5828523842,509.6129851,0.000116638,0.0922052
165.0,0.5828096114,509.6446924,0.000116645,0.0922043
165.0,0.5828169768,509.6524417,0.000116648,0.0922042
165.0,0.5828530829,509.6692394,0.000116637,0.0922041
165.0,0.5828417593,509.6963556,0.000116644,0.092204
165.0,0.5827790211,509.6605722,0.000116642,0.0922048
165.0,0.5828133356,509.7140676,0.000116633,0.0922038
165.0,0.5827973983,509.7509898,0.000116635,0.0922053
165.0,0.5828115699,509.6537408,0.000116638,0.0922032
165.0,0.5828045715,509.7431969,0.000116635,0.0922033
165.0,0.5827058362,509.7718024,0.000116638,0.0922036
Freq,165,Rs,509.645204675,0.07849192438814574,Ls,0.58284724485,7.130882117424328e-05
":SOUR:DCS:STAT OFF;:BIAS:STAT OFF;:COMP:BIN:COUN:CLE;:LIST:CLE:ALL;:COMP:BIN:CLE;:AMPL:ALC OFF;:APER MED,4;:BIAS:POL:AUTO OFF;:BIAS:RANG:AUTO ON;:BIAS:VOLT:LEV 0;:COMP:ABIN OFF;:COMP:BIN:COUN:STAT OFF;:COMP:MODE PTOL;:COMP:SLIM -9.9e+037,9.9e+037;:COMP:STAT OFF;:COMP:SWAP OFF;:COMP:TOL:NOM 0;:DISP:ENAB ON;:DISP:LINE """";:DISP:WIND:TEXT1:DATA:FMSD:DATA 1e-009;:DISP:WIND:TEXT2:DATA:FMSD:DATA 1e-009;:FORM:ASC:LONG ON;:FORM:BORD NORM;:FORM:DATA ASC,64;:FREQ:CW 165;:FUNC:DEV1:MODE OFF;:FUNC:DEV1:REF:VAL 0;:FUNC:DEV2:MODE OFF;:FUNC:DEV2:REF:VAL 0;:FUNC:IMP:TYPE LSRS;:FUNC:SMON:IDC:STAT OFF;:FUNC:SMON:VDC:STAT OFF;:INIT:CONT OFF;:LIST:MODE SEQ;:LIST:STIM:TYPE FREQ,NONE;:SOUR:DCS:VOLT:LEV 0;:TRIG:DEL 0;:TRIG:SOUR INT;:TRIG:TDEL 0;:VOLT:LEV 0.1;:DISP:WIND:TEXT1:DATA:FMSD:STAT OFF;:DISP:WIND:TEXT2:DATA:FMSD:STAT OFF;:FUNC:DCR:RANG:VAL 100;:FUNC:IMP:RANG:VAL 300;:OUTP:DC:ISOL:LEV:VAL 0.002;:OUTP:DC:ISOL:STAT OFF;:FUNC:DCR:RANG:AUTO ON;:FUNC:IMP:RANG:AUTO ON;:OUTP:DC:ISOL:LEV:AUTO ON;:DISP:PAGE MEASurement;
"
170.0,0.5903303531,511.8117249,0.000113979,0.0925667
170.0,0.5903153349,511.8215961,0.000113982,0.0925679
170.0,0.5902344838,511.8660338,0.000113987,0.0925666
170.0,0.5902818911,511.8628892,0.000113991,0.092567
170.0,0.5903211366,511.9483362,0.000113985,0.092568
170.0,0.5902823855,511.9658675,0.000113981,0.0925676
170.0,0.5903105839,511.9424987,0.000113984,0.0925687
170.0,0.5902124513,511.8463043,0.000113974,0.092569
170.0,0.5902393319,511.9478178,0.000113979,0.092566
170.0,0.5902725547,511.8917186,0.000113976,0.0925674
170.0,0.5902270658,511.9653648,0.000113974,0.0925664
170.0,0.5902699387,511.9501975,0.000113976,0.0925671
170.0,0.590245339,512.0221147,0.000113971,0.0925672
170.0,0.5902215628,511.9428355,0.00011397,0.0925661
170.0,0.5901581952,512.0487665,0.000113969,0.0925673
170.0,0.5902176482,511.9849628,0.000113981,0.0925671
Freq,170,Rs,511.92618930625,0.0693326690298279,Ls,0.5902587660312499,4.746530918900072e-05
":SOUR:DCS:STAT OFF;:BIAS:STAT OFF;:COMP:BIN:COUN:CLE;:LIST:CLE:ALL;:COMP:BIN:CLE;:AMPL:ALC OFF;:APER MED,4;:BIAS:POL:AUTO OFF;:BIAS:RANG:AUTO ON;:BIAS:VOLT:LEV 0;:COMP:ABIN OFF;:COMP:BIN:COUN:STAT OFF;:COMP:MODE PTOL;:COMP:SLIM -9.9e+037,9.9e+037;:COMP:STAT OFF;:COMP:SWAP OFF;:COMP:TOL:NOM 0;:DISP:ENAB ON;:DISP:LINE """";:DISP:WIND:TEXT1:DATA:FMSD:DATA 1e-009;:DISP:WIND:TEXT2:DATA:FMSD:DATA 1e-009;:FORM:ASC:LONG ON;:FORM:BORD NORM;:FORM:DATA ASC,64;:FREQ:CW 170;:FUNC:DEV1:MODE OFF;:FUNC:DEV1:REF:VAL 0;:FUNC:DEV2:MODE OFF;:FUNC:DEV2:REF:VAL 0;:FUNC:IMP:TYPE LSRS;:FUNC:SMON:IDC:STAT OFF;:FUNC:SMON:VDC:STAT OFF;:INIT:CONT OFF;:LIST:MODE SEQ;:LIST:STIM:TYPE FREQ,NONE;:SOUR:DCS:VOLT:LEV 0;:TRIG:DEL 0;:TRIG:SOUR INT;:TRIG:TDEL 0;:VOLT:LEV 0.1;:DISP:WIND:TEXT1:DATA:FMSD:STAT OFF;:DISP:WIND:TEXT2:DATA:FMSD:STAT OFF;:FUNC:DCR:RANG:VAL 100;:FUNC:IMP:RANG:VAL 300;:OUTP:DC:ISOL:LEV:VAL 0.002;:OUTP:DC:ISOL:STAT OFF;:FUNC:DCR:RANG:AUTO ON;:FUNC:IMP:RANG:AUTO ON;:OUTP:DC:ISOL:LEV:AUTO ON;:DISP:PAGE MEASurement;
"
172.0,0.5931407634,513.9270286,0.000112834,0.0927003
172.0,0.5930273208,513.9251126,0.00011284,0.092701
172.0,0.5931407163,513.8755882,0.000112834,0.0927009
172.0,0.593134209,513.9191673,0.00011284,0.0927016
172.0,0.5930764924,513.918453,0.000112842,0.0927008
172.0,0.5931163628,513.9143403,0.000112844,0.0926993
172.0,0.592996986,513.9598846,0.000112845,0.0927003
172.0,0.5930745186,513.8688768,0.000112834,0.0927
172.0,0.5930801696,513.9288122,0.00011283,0.0927012
172.0,0.5930979093,513.9340586,0.000112843,0.0927023
172.0,0.5930861509,513.8832009,0.000112835,0.0927002
172.0,0.5930506873,513.9496537,0.000112838,0.0927009
172.0,0.5930293139,513.9003448,0.000112836,0.0927009
172.0,0.5929971875,513.9921067,0.000112836,0.0927
172.0,0.5930406996,513.8807593,0.000112837,0.0927003
172.0,0.5930520805,513.9763169,0.000112838,0.0926989
Freq,172,Rs,513.9221065312499,0.035611209482932116,Ls,0.59307134799375,4.698895986695778e-05
":SOUR:DCS:STAT OFF;:BIAS:STAT OFF;:COMP:BIN:COUN:CLE;:LIST:CLE:ALL;:COMP:BIN:CLE;:AMPL:ALC OFF;:APER MED,4;:BIAS:POL:AUTO OFF;:BIAS:RANG:AUTO ON;:BIAS:VOLT:LEV 0;:COMP:ABIN OFF;:COMP:BIN:COUN:STAT OFF;:COMP:MODE PTOL;:COMP:SLIM -9.9e+037,9.9e+037;:COMP:STAT OFF;:COMP:SWAP OFF;:COMP:TOL:NOM 0;:DISP:ENAB ON;:DISP:LINE """";:DISP:WIND:TEXT1:DATA:FMSD:DATA 1e-009;:DISP:WIND:TEXT2:DATA:FMSD:DATA 1e-009;:FORM:ASC:LONG ON;:FORM:BORD NORM;:FORM:DATA ASC,64;:FREQ:CW 172;:FUNC:DEV1:MODE OFF;:FUNC:DEV1:REF:VAL 0;:FUNC:DEV2:MODE OFF;:FUNC:DEV2:REF:VAL 0;:FUNC:IMP:TYPE LSRS;:FUNC:SMON:IDC:STAT OFF;:FUNC:SMON:VDC:STAT OFF;:INIT:CONT OFF;:LIST:MODE SEQ;:LIST:STIM:TYPE FREQ,NONE;:SOUR:DCS:VOLT:LEV 0;:TRIG:DEL 0;:TRIG:SOUR INT;:TRIG:TDEL 0;:VOLT:LEV 0.1;:DISP:WIND:TEXT1:DATA:FMSD:STAT OFF;:DISP:WIND:TEXT2:DATA:FMSD:STAT OFF;:FUNC:DCR:RANG:VAL 100;:FUNC:IMP:RANG:VAL 300;:OUTP:DC:ISOL:LEV:VAL 0.002;:OUTP:DC:ISOL:STAT OFF;:FUNC:DCR:RANG:AUTO ON;:FUNC:IMP:RANG:AUTO ON;:OUTP:DC:ISOL:LEV:AUTO ON;:DISP:PAGE MEASurement;
"
175.0,0.5962824084,518.1503484,0.000111134,0.092876
175.0,0.5963200493,518.1704006,0.000111132,0.0928758
175.0,0.5962367491,518.2137136,0.000111135,0.0928774
175.0,0.5962578234,518.2578666,0.000111132,0.0928756
175.0,0.5962458281,518.2773182,0.000111128,0.092877
175.0,0.5963027399,518.1880066,0.000111132,0.0928759
175.0,0.596216032,518.2765125,0.000111127,0.0928763
175.0,0.5962259814,518.1598812,0.000111122,0.0928755
175.0,0.5962613145,518.1940006,0.000111127,0.0928786
175.0,0.5963369283,518.262844,0.000111138,0.0928767
175.0,0.5962226501,518.2028504,0.000111134,0.0928757
175.0,0.5962462902,518.1604133,0.000111123,0.0928749
175.0,0.5962517521,518.2699226,0.000111141,0.0928773
175.0,0.5961644632,518.1477702,0.00011114,0.0928749
175.0,0.5962160665,518.2871053,0.000111156,0.0928745
175.0,0.5961144165,518.1904841,0.000111146,0.0928745
Freq,175,Rs,518.2130898875,0.05071338839980523,Ls,0.5962438433125,5.502572290349518e-05
":SOUR:DCS:STAT OFF;:BIAS:STAT OFF;:COMP:BIN:COUN:CLE;:LIST:CLE:ALL;:COMP:BIN:CLE;:AMPL:ALC OFF;:APER MED,4;:BIAS:POL:AUTO OFF;:BIAS:RANG:AUTO ON;:BIAS:VOLT:LEV 0;:COMP:ABIN OFF;:COMP:BIN:COUN:STAT OFF;:COMP:MODE PTOL;:COMP:SLIM -9.9e+037,9.9e+037;:COMP:STAT OFF;:COMP:SWAP OFF;:COMP:TOL:NOM 0;:DISP:ENAB ON;:DISP:LINE """";:DISP:WIND:TEXT1:DATA:FMSD:DATA 1e-009;:DISP:WIND:TEXT2:DATA:FMSD:DATA 1e-009;:FORM:ASC:LONG ON;:FORM:BORD NORM;:FORM:DATA ASC,64;:FREQ:CW 175;:FUNC:DEV1:MODE OFF;:FUNC:DEV1:REF:VAL 0;:FUNC:DEV2:MODE OFF;:FUNC:DEV2:REF:VAL 0;:FUNC:IMP:TYPE LSRS;:FUNC:SMON:IDC:STAT OFF;:FUNC:SMON:VDC:STAT OFF;:INIT:CONT OFF;:LIST:MODE SEQ;:LIST:STIM:TYPE FREQ,NONE;:SOUR:DCS:VOLT:LEV 0;:TRIG:DEL 0;:TRIG:SOUR INT;:TRIG:TDEL 0;:VOLT:LEV 0.1;:DISP:WIND:TEXT1:DATA:FMSD:STAT OFF;:DISP:WIND:TEXT2:DATA:FMSD:STAT OFF;:FUNC:DCR:RANG:VAL 100;:FUNC:IMP:RANG:VAL 300;:OUTP:DC:ISOL:LEV:VAL 0.002;:OUTP:DC:ISOL:STAT OFF;:FUNC:DCR:RANG:AUTO ON;:FUNC:IMP:RANG:AUTO ON;:OUTP:DC:ISOL:LEV:AUTO ON;:DISP:PAGE MEASurement;
"
180.0,0.5993876148,523.3813514,0.000108625,0.093032
180.0,0.5995568714,523.3781784,0.000108621,0.0930347
180.0,0.5994865981,523.5646976,0.000108597,0.0930328
180.0,0.599473915,523.5165423,0.000108594,0.0930351
180.0,0.5995466746,523.5787727,0.000108587,0.0930356
180.0,0.5996905277,523.5416169,0.000108586,0.0930356
180.0,0.5995721157,523.603375,0.000108583,0.0930352
180.0,0.5996025918,523.5667438,0.000108598,0.0930359
180.0,0.5996109628,523.5107487,0.000108602,0.0930361
180.0,0.5996334168,523.5925156,0.000108577,0.0930332
180.0,0.5994144066,523.6659732,0.0001086,0.0930331
180.0,0.599465526,523.6808973,0.000108596,0.0930346
180.0,0.5994371012,523.6764239,0.000108602,0.0930342
180.0,0.5995450583,523.550507,0.000108592,0.0930333
180.0,0.5994788738,523.5159295,0.000108614,0.0930353
180.0,0.5994895449,523.4767459,0.000108611,0.0930334
Freq,180,Rs,523.5500637,0.08935700813879092,Ls,0.59952448746875,8.426360661941925e-05
":SOUR:DCS:STAT OFF;:BIAS:STAT OFF;:COMP:BIN:COUN:CLE;:LIST:CLE:ALL;:COMP:BIN:CLE;:AMPL:ALC OFF;:APER MED,4;:BIAS:POL:AUTO OFF;:BIAS:RANG:AUTO ON;:BIAS:VOLT:LEV 0;:COMP:ABIN OFF;:COMP:BIN:COUN:STAT OFF;:COMP:MODE PTOL;:COMP:SLIM -9.9e+037,9.9e+037;:COMP:STAT OFF;:COMP:SWAP OFF;:COMP:TOL:NOM 0;:DISP:ENAB ON;:DISP:LINE """";:DISP:WIND:TEXT1:DATA:FMSD:DATA 1e-009;:DISP:WIND:TEXT2:DATA:FMSD:DATA 1e-009;:FORM:ASC:LONG ON;:FORM:BORD NORM;:FORM:DATA ASC,64;:FREQ:CW 180;:FUNC:DEV1:MODE OFF;:FUNC:DEV1:REF:VAL 0;:FUNC:DEV2:MODE OFF;:FUNC:DEV2:REF:VAL 0;:FUNC:IMP:TYPE LSRS;:FUNC:SMON:IDC:STAT OFF;:FUNC:SMON:VDC:STAT OFF;:INIT:CONT OFF;:LIST:MODE SEQ;:LIST:STIM:TYPE FREQ,NONE;:SOUR:DCS:VOLT:LEV 0;:TRIG:DEL 0;:TRIG:SOUR INT;:TRIG:TDEL 0;:VOLT:LEV 0.1;:DISP:WIND:TEXT1:DATA:FMSD:STAT OFF;:DISP:WIND:TEXT2:DATA:FMSD:STAT OFF;:FUNC:DCR:RANG:VAL 100;:FUNC:IMP:RANG:VAL 300;:OUTP:DC:ISOL:LEV:VAL 0.002;:OUTP:DC:ISOL:STAT OFF;:FUNC:DCR:RANG:AUTO ON;:FUNC:IMP:RANG:AUTO ON;:OUTP:DC:ISOL:LEV:AUTO ON;:DISP:PAGE MEASurement;
"
185.0,0.6058807898,533.4572968,0.000105587,0.0932827
185.0,0.6059131339,533.2739967,0.00010556,0.0932842
185.0,0.605827326,533.6609645,0.000105562,0.0932828
185.0,0.6060466702,533.49921,0.000105568,0.0932843
185.0,0.6059162024,533.5279821,0.000105576,0.0932829
185.0,0.6059218942,533.5918339,0.00010557,0.0932847
185.0,0.6058986089,533.4257418,0.000105562,0.0932843
185.0,0.6060333505,533.6245423,0.000105564,0.0932841
185.0,0.6060143506,533.7419723,0.000105577,0.0932848
185.0,0.6060255872,533.6598366,0.000105555,0.0932845
185.0,0.6059735942,533.5904489,0.000105558,0.0932859
185.0,0.6060451839,533.7284734,0.000105539,0.093284
185.0,0.6058961798,533.738797,0.000105553,0.0932849
185.0,0.6060406538,533.9285489,0.000105541,0.0932843
185.0,0.6060813308,533.8378063,0.00010554,0.0932838
185.0,0.606057882,534.0437121,0.00010552,0.0932855
Freq,185,Rs,533.645697725,0.19395894507114717,Ls,0.6059732961375001,7.867762041801238e-05
":SOUR:DCS:STAT OFF;:BIAS:STAT OFF;:COMP:BIN:COUN:CLE;:LIST:CLE:ALL;:COMP:BIN:CLE;:AMPL:ALC OFF;:APER MED,4;:BIAS:POL:AUTO OFF;:BIAS:RANG:AUTO ON;:BIAS:VOLT:LEV 0;:COMP:ABIN OFF;:COMP:BIN:COUN:STAT OFF;:COMP:MODE PTOL;:COMP:SLIM -9.9e+037,9.9e+037;:COMP:STAT OFF;:COMP:SWAP OFF;:COMP:TOL:NOM 0;:DISP:ENAB ON;:DISP:LINE """";:DISP:WIND:TEXT1:DATA:FMSD:DATA 1e-009;:DISP:WIND:TEXT2:DATA:FMSD:DATA 1e-009;:FORM:ASC:LONG ON;:FORM:BORD NORM;:FORM:DATA ASC,64;:FREQ:CW 185;:FUNC:DEV1:MODE OFF;:FUNC:DEV1:REF:VAL 0;:FUNC:DEV2:MODE OFF;:FUNC:DEV2:REF:VAL 0;:FUNC:IMP:TYPE LSRS;:FUNC:SMON:IDC:STAT OFF;:FUNC:SMON:VDC:STAT OFF;:INIT:CONT OFF;:LIST:MODE SEQ;:LIST:STIM:TYPE FREQ,NONE;:SOUR:DCS:VOLT:LEV 0;:TRIG:DEL 0;:TRIG:SOUR INT;:TRIG:TDEL 0;:VOLT:LEV 0.1;:DISP:WIND:TEXT1:DATA:FMSD:STAT OFF;:DISP:WIND:TEXT2:DATA:FMSD:STAT OFF;:FUNC:DCR:RANG:VAL 100;:FUNC:IMP:RANG:VAL 300;:OUTP:DC:ISOL:LEV:VAL 0.002;:OUTP:DC:ISOL:STAT OFF;:FUNC:DCR:RANG:AUTO ON;:FUNC:IMP:RANG:AUTO ON;:OUTP:DC:ISOL:LEV:AUTO ON;:DISP:PAGE MEASurement;
"
200.0,0.5900261635,555.3016978,0.000100902,0.0934729
200.0,0.5901186667,555.2233926,0.000100898,0.0934742
200.0,0.5901452823,555.288569,0.00010091,0.0934728
200.0,0.5900499761,555.3856059,0.000100892,0.0934711
200.0,0.5902025021,555.3108616,0.000100896,0.0934761
200.0,0.5901747352,555.3822698,0.000100894,0.093475
200.0,0.590222398,555.1876553,0.000100898,0.0934757
200.0,0.5901540269,555.2577056,0.000100893,0.0934758
200.0,0.5903044866,555.1537244,0.000100909,0.0934751
200.0,0.5901704735,555.143069,0.000100896,0.0934766
200.0,0.5902209612,555.224804,0.0001009,0.0934755
200.0,0.5901466258,555.244701,0.000100894,0.0934747
200.0,0.5902627272,555.2808057,0.000100894,0.0934741
200.0,0.5901383682,555.2295081,0.000100892,0.0934743
200.0,0.5900953124,555.1758004,0.000100893,0.093474
200.0,0.5901017091,555.1649746,0.000100898,0.0934758
Freq,200,Rs,555.24719655,0.0747203779423946,Ls,0.590158400925,7.363816306939851e-05
":SOUR:DCS:STAT OFF;:BIAS:STAT OFF;:COMP:BIN:COUN:CLE;:LIST:CLE:ALL;:COMP:BIN:CLE;:AMPL:ALC OFF;:APER MED,4;:BIAS:POL:AUTO OFF;:BIAS:RANG:AUTO ON;:BIAS:VOLT:LEV 0;:COMP:ABIN OFF;:COMP:BIN:COUN:STAT OFF;:COMP:MODE PTOL;:COMP:SLIM -9.9e+037,9.9e+037;:COMP:STAT OFF;:COMP:SWAP OFF;:COMP:TOL:NOM 0;:DISP:ENAB ON;:DISP:LINE """";:DISP:WIND:TEXT1:DATA:FMSD:DATA 1e-009;:DISP:WIND:TEXT2:DATA:FMSD:DATA 1e-009;:FORM:ASC:LONG ON;:FORM:BORD NORM;:FORM:DATA ASC,64;:FREQ:CW 200;:FUNC:DEV1:MODE OFF;:FUNC:DEV1:REF:VAL 0;:FUNC:DEV2:MODE OFF;:FUNC:DEV2:REF:VAL 0;:FUNC:IMP:TYPE LSRS;:FUNC:SMON:IDC:STAT OFF;:FUNC:SMON:VDC:STAT OFF;:INIT:CONT OFF;:LIST:MODE SEQ;:LIST:STIM:TYPE FREQ,NONE;:SOUR:DCS:VOLT:LEV 0;:TRIG:DEL 0;:TRIG:SOUR INT;:TRIG:TDEL 0;:VOLT:LEV 0.1;:DISP:WIND:TEXT1:DATA:FMSD:STAT OFF;:DISP:WIND:TEXT2:DATA:FMSD:STAT OFF;:FUNC:DCR:RANG:VAL 100;:FUNC:IMP:RANG:VAL 300;:OUTP:DC:ISOL:LEV:VAL 0.002;:OUTP:DC:ISOL:STAT OFF;:FUNC:DCR:RANG:AUTO ON;:FUNC:IMP:RANG:AUTO ON;:OUTP:DC:ISOL:LEV:AUTO ON;:DISP:PAGE MEASurement;
"
220.0,0.5900129337,571.6712817,9.45081e-05,0.0941157
220.0,0.5900332898,571.7160264,9.45099e-05,0.094116
220.0,0.5900411098,571.7016628,9.45133e-05,0.094116
220.0,0.5899090928,571.7783068,9.45063e-05,0.0941157
220.0,0.5898839257,571.7023188,9.45e-05,0.0941159
220.0,0.5899042728,571.5304128,9.45085e-05,0.0941155
220.0,0.5898965347,571.7538486,9.44994e-05,0.0941148
220.0,0.589893098,571.6591044,9.44961e-05,0.094113
220.0,0.5899613997,571.6655463,9.45008e-05,0.0941168
220.0,0.590012127,571.7494356,9.44985e-05,0.0941129
220.0,0.58994788,571.7447896,9.44936e-05,0.0941148
220.0,0.5899042145,571.7348403,9.45015e-05,0.0941162
220.0,0.5899353998,571.7174298,9.44979e-05,0.0941165
220.0,0.5899405225,571.6899014,9.45026e-05,0.0941174
220.0,0.589920226,571.7534905,9.44951e-05,0.094115
220.0,0.5899473373,571.7180713,9.45012e-05,0.094116
Freq,220,Rs,571.7054041937499,0.05804068347079246,Ls,0.5899464602562501,5.196923379327477e-05
":SOUR:DCS:STAT OFF;:BIAS:STAT OFF;:COMP:BIN:COUN:CLE;:LIST:CLE:ALL;:COMP:BIN:CLE;:AMPL:ALC OFF;:APER MED,4;:BIAS:POL:AUTO OFF;:BIAS:RANG:AUTO ON;:BIAS:VOLT:LEV 0;:COMP:ABIN OFF;:COMP:BIN:COUN:STAT OFF;:COMP:MODE PTOL;:COMP:SLIM -9.9e+037,9.9e+037;:COMP:STAT OFF;:COMP:SWAP OFF;:COMP:TOL:NOM 0;:DISP:ENAB ON;:DISP:LINE """";:DISP:WIND:TEXT1:DATA:FMSD:DATA 1e-009;:DISP:WIND:TEXT2:DATA:FMSD:DATA 1e-009;:FORM:ASC:LONG ON;:FORM:BORD NORM;:FORM:DATA ASC,64;:FREQ:CW 220;:FUNC:DEV1:MODE OFF;:FUNC:DEV1:REF:VAL 0;:FUNC:DEV2:MODE OFF;:FUNC:DEV2:REF:VAL 0;:FUNC:IMP:TYPE LSRS;:FUNC:SMON:IDC:STAT OFF;:FUNC:SMON:VDC:STAT OFF;:INIT:CONT OFF;:LIST:MODE SEQ;:LIST:STIM:TYPE FREQ,NONE;:SOUR:DCS:VOLT:LEV 0;:TRIG:DEL 0;:TRIG:SOUR INT;:TRIG:TDEL 0;:VOLT:LEV 0.1;:DISP:WIND:TEXT1:DATA:FMSD:STAT OFF;:DISP:WIND:TEXT2:DATA:FMSD:STAT OFF;:FUNC:DCR:RANG:VAL 100;:FUNC:IMP:RANG:VAL 300;:OUTP:DC:ISOL:LEV:VAL 0.002;:OUTP:DC:ISOL:STAT OFF;:FUNC:DCR:RANG:AUTO ON;:FUNC:IMP:RANG:AUTO ON;:OUTP:DC:ISOL:LEV:AUTO ON;:DISP:PAGE MEASurement;
"
240.0,0.5920802403,601.0907346,8.79739e-05,0.0946711
240.0,0.5919656764,601.0539115,8.79645e-05,0.0946699
240.0,0.5919180114,601.1109899,8.7973e-05,0.094669
240.0,0.5919941654,600.9169666,8.79583e-05,0.0946683
240.0,0.5919470761,601.1372175,8.79697e-05,0.0946719
240.0,0.5920527473,601.0036857,8.79778e-05,0.0946711
240.0,0.5920358343,601.1489388,8.79706e-05,0.0946718
240.0,0.5920645677,601.3826366,8.79576e-05,0.0946699
240.0,0.5920039615,601.3094643,8.79689e-05,0.0946699
240.0,0.59214607,601.112007,8.79554e-05,0.0946671
240.0,0.5921718791,601.2540578,8.79429e-05,0.0946712
240.0,0.5920710248,601.2494946,8.79385e-05,0.0946705
240.0,0.592054172,601.2987466,8.79567e-05,0.0946686
240.0,0.5919645369,601.3220596,8.79502e-05,0.0946702
240.0,0.5920547316,601.3781548,8.79602e-05,0.094672
240.0,0.5921278583,601.3438128,8.79259e-05,0.094672
Freq,240,Rs,601.19455491875,0.14176254140630962,Ls,0.59204078456875,7.223554477939833e-05
":SOUR:DCS:STAT OFF;:BIAS:STAT OFF;:COMP:BIN:COUN:CLE;:LIST:CLE:ALL;:COMP:BIN:CLE;:AMPL:ALC OFF;:APER MED,4;:BIAS:POL:AUTO OFF;:BIAS:RANG:AUTO ON;:BIAS:VOLT:LEV 0;:COMP:ABIN OFF;:COMP:BIN:COUN:STAT OFF;:COMP:MODE PTOL;:COMP:SLIM -9.9e+037,9.9e+037;:COMP:STAT OFF;:COMP:SWAP OFF;:COMP:TOL:NOM 0;:DISP:ENAB ON;:DISP:LINE """";:DISP:WIND:TEXT1:DATA:FMSD:DATA 1e-009;:DISP:WIND:TEXT2:DATA:FMSD:DATA 1e-009;:FORM:ASC:LONG ON;:FORM:BORD NORM;:FORM:DATA ASC,64;:FREQ:CW 240;:FUNC:DEV1:MODE OFF;:FUNC:DEV1:REF:VAL 0;:FUNC:DEV2:MODE OFF;:FUNC:DEV2:REF:VAL 0;:FUNC:IMP:TYPE LSRS;:FUNC:SMON:IDC:STAT OFF;:FUNC:SMON:VDC:STAT OFF;:INIT:CONT OFF;:LIST:MODE SEQ;:LIST:STIM:TYPE FREQ,NONE;:SOUR:DCS:VOLT:LEV 0;:TRIG:DEL 0;:TRIG:SOUR INT;:TRIG:TDEL 0;:VOLT:LEV 0.1;:DISP:WIND:TEXT1:DATA:FMSD:STAT OFF;:DISP:WIND:TEXT2:DATA:FMSD:STAT OFF;:FUNC:DCR:RANG:VAL 100;:FUNC:IMP:RANG:VAL 1000;:OUTP:DC:ISOL:LEV:VAL 0.002;:OUTP:DC:ISOL:STAT OFF;:FUNC:DCR:RANG:AUTO ON;:FUNC:IMP:RANG:AUTO ON;:OUTP:DC:ISOL:LEV:AUTO ON;:DISP:PAGE MEASurement;
"
400.0,0.4787861961,817.5575427,6.62371e-05,0.0963551
400.0,0.4788038976,817.4195911,6.62328e-05,0.0963549
400.0,0.4788407383,817.3019116,6.62282e-05,0.096355
400.0,0.4788450614,817.3670505,6.62304e-05,0.096355
400.0,0.4788612318,817.3774242,6.62329e-05,0.0963551
400.0,0.478852061,817.2587635,6.62356e-05,0.0963563
400.0,0.4788400106,817.2936649,6.62397e-05,0.0963554
400.0,0.4787923615,817.1349211,6.62411e-05,0.0963551
400.0,0.4788213389,817.1963115,6.62432e-05,0.096355
400.0,0.4787853561,817.1502647,6.6245e-05,0.0963559
400.0,0.4787889581,817.1415676,6.62477e-05,0.0963556
400.0,0.4787712162,816.986227,6.62516e-05,0.0963534
400.0,0.4787074728,816.9938342,6.62555e-05,0.0963536
400.0,0.4787059534,816.8382551,6.62566e-05,0.096354
400.0,0.478690822,816.9085613,6.62601e-05,0.0963538
400.0,0.4786999245,816.8210169,6.62586e-05,0.0963545
Freq,400,Rs,817.17168174375,0.21648523170504866,Ls,0.47878703751874996,5.7900805507514854e-05
":SOUR:DCS:STAT OFF;:BIAS:STAT OFF;:COMP:BIN:COUN:CLE;:LIST:CLE:ALL;:COMP:BIN:CLE;:AMPL:ALC OFF;:APER MED,4;:BIAS:POL:AUTO OFF;:BIAS:RANG:AUTO ON;:BIAS:VOLT:LEV 0;:COMP:ABIN OFF;:COMP:BIN:COUN:STAT OFF;:COMP:MODE PTOL;:COMP:SLIM -9.9e+037,9.9e+037;:COMP:STAT OFF;:COMP:SWAP OFF;:COMP:TOL:NOM 0;:DISP:ENAB ON;:DISP:LINE """";:DISP:WIND:TEXT1:DATA:FMSD:DATA 1e-009;:DISP:WIND:TEXT2:DATA:FMSD:DATA 1e-009;:FORM:ASC:LONG ON;:FORM:BORD NORM;:FORM:DATA ASC,64;:FREQ:CW 400;:FUNC:DEV1:MODE OFF;:FUNC:DEV1:REF:VAL 0;:FUNC:DEV2:MODE OFF;:FUNC:DEV2:REF:VAL 0;:FUNC:IMP:TYPE LSRS;:FUNC:SMON:IDC:STAT OFF;:FUNC:SMON:VDC:STAT OFF;:INIT:CONT OFF;:LIST:MODE SEQ;:LIST:STIM:TYPE FREQ,NONE;:SOUR:DCS:VOLT:LEV 0;:TRIG:DEL 0;:TRIG:SOUR INT;:TRIG:TDEL 0;:VOLT:LEV 0.1;:DISP:WIND:TEXT1:DATA:FMSD:STAT OFF;:DISP:WIND:TEXT2:DATA:FMSD:STAT OFF;:FUNC:DCR:RANG:VAL 100;:FUNC:IMP:RANG:VAL 1000;:OUTP:DC:ISOL:LEV:VAL 0.002;:OUTP:DC:ISOL:STAT OFF;:FUNC:DCR:RANG:AUTO ON;:FUNC:IMP:RANG:AUTO ON;:OUTP:DC:ISOL:LEV:AUTO ON;:DISP:PAGE MEASurement;
"
800.0,0.410204396,1196.886771,4.11519e-05,0.0981121
800.0,0.4102010467,1196.90126,4.11521e-05,0.0981113
800.0,0.4101985812,1196.843533,4.11539e-05,0.0981129
800.0,0.4102039888,1196.881107,4.11518e-05,0.098113
800.0,0.4102027916,1196.901215,4.11535e-05,0.0981126
800.0,0.4102070153,1196.865553,4.11532e-05,0.0981118
800.0,0.4101971264,1196.849104,4.11535e-05,0.0981125
800.0,0.4102107547,1196.845958,4.11531e-05,0.0981124
800.0,0.4102025679,1196.869748,4.1153e-05,0.0981117
800.0,0.4101992812,1196.841605,4.11536e-05,0.0981125
800.0,0.4102028298,1196.841591,4.11531e-05,0.0981125
800.0,0.4101997148,1196.83539,4.11525e-05,0.0981118
800.0,0.4101938503,1196.840506,4.11537e-05,0.0981128
800.0,0.4102015342,1196.833176,4.11532e-05,0.0981132
800.0,0.4101955817,1196.869505,4.11538e-05,0.0981123
800.0,0.4101992168,1196.847319,4.11534e-05,0.0981121
Freq,800,Rs,1196.8595838125,0.02295941565522166,Ls,0.41020126733749995,4.235417868701572e-06
":SOUR:DCS:STAT OFF;:BIAS:STAT OFF;:COMP:BIN:COUN:CLE;:LIST:CLE:ALL;:COMP:BIN:CLE;:AMPL:ALC OFF;:APER MED,4;:BIAS:POL:AUTO OFF;:BIAS:RANG:AUTO ON;:BIAS:VOLT:LEV 0;:COMP:ABIN OFF;:COMP:BIN:COUN:STAT OFF;:COMP:MODE PTOL;:COMP:SLIM -9.9e+037,9.9e+037;:COMP:STAT OFF;:COMP:SWAP OFF;:COMP:TOL:NOM 0;:DISP:ENAB ON;:DISP:LINE """";:DISP:WIND:TEXT1:DATA:FMSD:DATA 1e-009;:DISP:WIND:TEXT2:DATA:FMSD:DATA 1e-009;:FORM:ASC:LONG ON;:FORM:BORD NORM;:FORM:DATA ASC,64;:FREQ:CW 800;:FUNC:DEV1:MODE OFF;:FUNC:DEV1:REF:VAL 0;:FUNC:DEV2:MODE OFF;:FUNC:DEV2:REF:VAL 0;:FUNC:IMP:TYPE LSRS;:FUNC:SMON:IDC:STAT OFF;:FUNC:SMON:VDC:STAT OFF;:INIT:CONT OFF;:LIST:MODE SEQ;:LIST:STIM:TYPE FREQ,NONE;:SOUR:DCS:VOLT:LEV 0;:TRIG:DEL 0;:TRIG:SOUR INT;:TRIG:TDEL 0;:VOLT:LEV 0.1;:DISP:WIND:TEXT1:DATA:FMSD:STAT OFF;:DISP:WIND:TEXT2:DATA:FMSD:STAT OFF;:FUNC:DCR:RANG:VAL 100;:FUNC:IMP:RANG:VAL 1000;:OUTP:DC:ISOL:LEV:VAL 0.002;:OUTP:DC:ISOL:STAT OFF;:FUNC:DCR:RANG:AUTO ON;:FUNC:IMP:RANG:AUTO ON;:OUTP:DC:ISOL:LEV:AUTO ON;:DISP:PAGE MEASurement;
"
1000.0,0.3836929161,1382.56118,3.53009e-05,0.098107
1000.0,0.3836959788,1382.579684,3.53012e-05,0.0981055
1000.0,0.3836912873,1382.565633,3.53017e-05,0.0981059
1000.0,0.3836948386,1382.486021,3.53013e-05,0.0981057
1000.0,0.3836881322,1382.508459,3.53017e-05,0.0981062
1000.0,0.38369011,1382.537137,3.53014e-05,0.0981052
1000.0,0.383681249,1382.504573,3.53018e-05,0.0981058
1000.0,0.3836864734,1382.511161,3.5301e-05,0.0981055
1000.0,0.3836923026,1382.536024,3.53012e-05,0.0981051
1000.0,0.3836831994,1382.551614,3.53016e-05,0.0981056
1000.0,0.3836814354,1382.558121,3.53015e-05,0.0981047
1000.0,0.3836781957,1382.533928,3.53021e-05,0.0981049
1000.0,0.383686451,1382.587864,3.53021e-05,0.0981047
1000.0,0.3836730927,1382.55464,3.53021e-05,0.0981048
1000.0,0.3836836115,1382.582836,3.53018e-05,0.098105
1000.0,0.38367728,1382.547561,3.53013e-05,0.0981043
Freq,1000,Rs,1382.54415225,0.0298009455275438,Ls,0.38368603460625,6.7109588442014464e-06
":SOUR:DCS:STAT OFF;:BIAS:STAT OFF;:COMP:BIN:COUN:CLE;:LIST:CLE:ALL;:COMP:BIN:CLE;:AMPL:ALC OFF;:APER MED,4;:BIAS:POL:AUTO OFF;:BIAS:RANG:AUTO ON;:BIAS:VOLT:LEV 0;:COMP:ABIN OFF;:COMP:BIN:COUN:STAT OFF;:COMP:MODE PTOL;:COMP:SLIM -9.9e+037,9.9e+037;:COMP:STAT OFF;:COMP:SWAP OFF;:COMP:TOL:NOM 0;:DISP:ENAB ON;:DISP:LINE """";:DISP:WIND:TEXT1:DATA:FMSD:DATA 1e-009;:DISP:WIND:TEXT2:DATA:FMSD:DATA 1e-009;:FORM:ASC:LONG ON;:FORM:BORD NORM;:FORM:DATA ASC,64;:FREQ:CW 1000;:FUNC:DEV1:MODE OFF;:FUNC:DEV1:REF:VAL 0;:FUNC:DEV2:MODE OFF;:FUNC:DEV2:REF:VAL 0;:FUNC:IMP:TYPE LSRS;:FUNC:SMON:IDC:STAT OFF;:FUNC:SMON:VDC:STAT OFF;:INIT:CONT OFF;:LIST:MODE SEQ;:LIST:STIM:TYPE FREQ,NONE;:SOUR:DCS:VOLT:LEV 0;:TRIG:DEL 0;:TRIG:SOUR INT;:TRIG:TDEL 0;:VOLT:LEV 0.1;:DISP:WIND:TEXT1:DATA:FMSD:STAT OFF;:DISP:WIND:TEXT2:DATA:FMSD:STAT OFF;:FUNC:DCR:RANG:VAL 100;:FUNC:IMP:RANG:VAL 1000;:OUTP:DC:ISOL:LEV:VAL 0.002;:OUTP:DC:ISOL:STAT OFF;:FUNC:DCR:RANG:AUTO ON;:FUNC:IMP:RANG:AUTO ON;:OUTP:DC:ISOL:LEV:AUTO ON;:DISP:PAGE MEASurement;
"
2000.0,0.3182739382,2204.820688,2.17683e-05,0.0994163
2000.0,0.3182738587,2204.802417,2.17685e-05,0.0994164
2000.0,0.3182738454,2204.786611,2.17684e-05,0.0994155
2000.0,0.3182724553,2204.760065,2.17686e-05,0.0994171
2000.0,0.3182731837,2204.777552,2.17687e-05,0.0994175
2000.0,0.3182731529,2204.764475,2.17686e-05,0.0994169
2000.0,0.3182716229,2204.725391,2.17689e-05,0.0994179
2000.0,0.3182727745,2204.752215,2.17689e-05,0.0994176
2000.0,0.3182708026,2204.753561,2.17691e-05,0.0994161
2000.0,0.318273526,2204.732217,2.1769e-05,0.0994172
2000.0,0.3182717626,2204.744828,2.1769e-05,0.0994173
2000.0,0.3182734161,2204.743769,2.17693e-05,0.0994178
2000.0,0.3182720195,2204.735104,2.17688e-05,0.0994178
2000.0,0.3182718481,2204.741068,2.17689e-05,0.0994176
2000.0,0.3182725813,2204.73209,2.1769e-05,0.0994179
2000.0,0.3182718166,2204.735834,2.17689e-05,0.0994178
Freq,2000,Rs,2204.7567428125,0.02739258992063467,Ls,0.31827266277500005,9.482394764328118e-07
":SOUR:DCS:STAT OFF;:BIAS:STAT OFF;:COMP:BIN:COUN:CLE;:LIST:CLE:ALL;:COMP:BIN:CLE;:AMPL:ALC OFF;:APER MED,4;:BIAS:POL:AUTO OFF;:BIAS:RANG:AUTO ON;:BIAS:VOLT:LEV 0;:COMP:ABIN OFF;:COMP:BIN:COUN:STAT OFF;:COMP:MODE PTOL;:COMP:SLIM -9.9e+037,9.9e+037;:COMP:STAT OFF;:COMP:SWAP OFF;:COMP:TOL:NOM 0;:DISP:ENAB ON;:DISP:LINE """";:DISP:WIND:TEXT1:DATA:FMSD:DATA 1e-009;:DISP:WIND:TEXT2:DATA:FMSD:DATA 1e-009;:FORM:ASC:LONG ON;:FORM:BORD NORM;:FORM:DATA ASC,64;:FREQ:CW 2000;:FUNC:DEV1:MODE OFF;:FUNC:DEV1:REF:VAL 0;:FUNC:DEV2:MODE OFF;:FUNC:DEV2:REF:VAL 0;:FUNC:IMP:TYPE LSRS;:FUNC:SMON:IDC:STAT OFF;:FUNC:SMON:VDC:STAT OFF;:INIT:CONT OFF;:LIST:MODE SEQ;:LIST:STIM:TYPE FREQ,NONE;:SOUR:DCS:VOLT:LEV 0;:TRIG:DEL 0;:TRIG:SOUR INT;:TRIG:TDEL 0;:VOLT:LEV 0.1;:DISP:WIND:TEXT1:DATA:FMSD:STAT OFF;:DISP:WIND:TEXT2:DATA:FMSD:STAT OFF;:FUNC:DCR:RANG:VAL 100;:FUNC:IMP:RANG:VAL 3000;:OUTP:DC:ISOL:LEV:VAL 0.0002;:OUTP:DC:ISOL:STAT OFF;:FUNC:DCR:RANG:AUTO ON;:FUNC:IMP:RANG:AUTO ON;:OUTP:DC:ISOL:LEV:AUTO ON;:DISP:PAGE MEASurement;
"
3000.0,0.2849918431,2994.460818,1.61408e-05,0.0992696
3000.0,0.2849906052,2994.439078,1.61409e-05,0.0992696
3000.0,0.2849913803,2994.459717,1.6141e-05,0.0992705
3000.0,0.2849903214,2994.414495,1.61409e-05,0.09927
3000.0,0.2849886053,2994.38101,1.61411e-05,0.0992693
3000.0,0.2849894269,2994.428153,1.61409e-05,0.0992693
3000.0,0.2849895252,2994.376562,1.61412e-05,0.0992697
3000.0,0.2849886293,2994.355762,1.61409e-05,0.0992697
3000.0,0.2849880552,2994.384076,1.6141e-05,0.0992691
3000.0,0.2849892693,2994.392196,1.6141e-05,0.0992688
3000.0,0.2849887724,2994.34463,1.61413e-05,0.0992696
3000.0,0.2849888532,2994.364297,1.61409e-05,0.0992691
3000.0,0.2849866719,2994.355566,1.61412e-05,0.0992688
3000.0,0.2849872046,2994.305048,1.61411e-05,0.099269
3000.0,0.2849879239,2994.357922,1.6141e-05,0.0992691
3000.0,0.2849885527,2994.326395,1.61411e-05,0.0992689
Freq,3000,Rs,2994.3841078125,0.04579246256199206,Ls,0.28498910249375,1.407009055395408e-06
":SOUR:DCS:STAT OFF;:BIAS:STAT OFF;:COMP:BIN:COUN:CLE;:LIST:CLE:ALL;:COMP:BIN:CLE;:AMPL:ALC OFF;:APER MED,4;:BIAS:POL:AUTO OFF;:BIAS:RANG:AUTO ON;:BIAS:VOLT:LEV 0;:COMP:ABIN OFF;:COMP:BIN:COUN:STAT OFF;:COMP:MODE PTOL;:COMP:SLIM -9.9e+037,9.9e+037;:COMP:STAT OFF;:COMP:SWAP OFF;:COMP:TOL:NOM 0;:DISP:ENAB ON;:DISP:LINE """";:DISP:WIND:TEXT1:DATA:FMSD:DATA 1e-009;:DISP:WIND:TEXT2:DATA:FMSD:DATA 1e-009;:FORM:ASC:LONG ON;:FORM:BORD NORM;:FORM:DATA ASC,64;:FREQ:CW 3000;:FUNC:DEV1:MODE OFF;:FUNC:DEV1:REF:VAL 0;:FUNC:DEV2:MODE OFF;:FUNC:DEV2:REF:VAL 0;:FUNC:IMP:TYPE LSRS;:FUNC:SMON:IDC:STAT OFF;:FUNC:SMON:VDC:STAT OFF;:INIT:CONT OFF;:LIST:MODE SEQ;:LIST:STIM:TYPE FREQ,NONE;:SOUR:DCS:VOLT:LEV 0;:TRIG:DEL 0;:TRIG:SOUR INT;:TRIG:TDEL 0;:VOLT:LEV 0.1;:DISP:WIND:TEXT1:DATA:FMSD:STAT OFF;:DISP:WIND:TEXT2:DATA:FMSD:STAT OFF;:FUNC:DCR:RANG:VAL 100;:FUNC:IMP:RANG:VAL 3000;:OUTP:DC:ISOL:LEV:VAL 0.0002;:OUTP:DC:ISOL:STAT OFF;:FUNC:DCR:RANG:AUTO ON;:FUNC:IMP:RANG:AUTO ON;:OUTP:DC:ISOL:LEV:AUTO ON;:DISP:PAGE MEASurement;
"
4000.0,0.2695600853,3790.265492,1.2814e-05,0.099474
4000.0,0.2695579101,3790.215664,1.28139e-05,0.0994743
4000.0,0.2695610165,3790.225461,1.2814e-05,0.0994746
4000.0,0.2695598981,3790.242308,1.2814e-05,0.0994741
4000.0,0.2695584596,3790.21158,1.28139e-05,0.0994742
4000.0,0.2695594323,3790.230228,1.28142e-05,0.0994756
4000.0,0.2695581257,3790.181633,1.28141e-05,0.0994748
4000.0,0.2695603411,3790.183719,1.28141e-05,0.0994747
4000.0,0.269559548,3790.157328,1.28142e-05,0.0994744
4000.0,0.2695591215,3790.152606,1.28142e-05,0.0994748
4000.0,0.269558783,3790.148767,1.28141e-05,0.0994755
4000.0,0.2695585432,3790.165871,1.28141e-05,0.0994744
4000.0,0.2695601016,3790.175122,1.2814e-05,0.0994749
4000.0,0.2695578235,3790.150896,1.28142e-05,0.099473
4000.0,0.2695580162,3790.129566,1.2814e-05,0.0994746
4000.0,0.2695575543,3790.157051,1.28142e-05,0.0994731
Freq,4000,Rs,3790.18708075,0.039702987676775985,Ls,0.2695590475,1.0478799657624205e-06
":SOUR:DCS:STAT OFF;:BIAS:STAT OFF;:COMP:BIN:COUN:CLE;:LIST:CLE:ALL;:COMP:BIN:CLE;:AMPL:ALC OFF;:APER MED,4;:BIAS:POL:AUTO OFF;:BIAS:RANG:AUTO ON;:BIAS:VOLT:LEV 0;:COMP:ABIN OFF;:COMP:BIN:COUN:STAT OFF;:COMP:MODE PTOL;:COMP:SLIM -9.9e+037,9.9e+037;:COMP:STAT OFF;:COMP:SWAP OFF;:COMP:TOL:NOM 0;:DISP:ENAB ON;:DISP:LINE """";:DISP:WIND:TEXT1:DATA:FMSD:DATA 1e-009;:DISP:WIND:TEXT2:DATA:FMSD:DATA 1e-009;:FORM:ASC:LONG ON;:FORM:BORD NORM;:FORM:DATA ASC,64;:FREQ:CW 4000;:FUNC:DEV1:MODE OFF;:FUNC:DEV1:REF:VAL 0;:FUNC:DEV2:MODE OFF;:FUNC:DEV2:REF:VAL 0;:FUNC:IMP:TYPE LSRS;:FUNC:SMON:IDC:STAT OFF;:FUNC:SMON:VDC:STAT OFF;:INIT:CONT OFF;:LIST:MODE SEQ;:LIST:STIM:TYPE FREQ,NONE;:SOUR:DCS:VOLT:LEV 0;:TRIG:DEL 0;:TRIG:SOUR INT;:TRIG:TDEL 0;:VOLT:LEV 0.1;:DISP:WIND:TEXT1:DATA:FMSD:STAT OFF;:DISP:WIND:TEXT2:DATA:FMSD:STAT OFF;:FUNC:DCR:RANG:VAL 100;:FUNC:IMP:RANG:VAL 3000;:OUTP:DC:ISOL:LEV:VAL 0.0002;:OUTP:DC:ISOL:STAT OFF;:FUNC:DCR:RANG:AUTO ON;:FUNC:IMP:RANG:AUTO ON;:OUTP:DC:ISOL:LEV:AUTO ON;:DISP:PAGE MEASurement;
"
5000.0,0.2595904576,4693.260698,1.05701e-05,0.0994566
5000.0,0.2595915266,4693.30407,1.057e-05,0.0994561
5000.0,0.2595907874,4693.281897,1.05699e-05,0.0994549
5000.0,0.2595926744,4693.249691,1.05698e-05,0.0994551
5000.0,0.2595901919,4693.229149,1.05698e-05,0.0994557
5000.0,0.259591259,4693.201073,1.057e-05,0.0994562
5000.0,0.2595905793,4693.250789,1.05701e-05,0.0994565
5000.0,0.2595913894,4693.215025,1.05699e-05,0.0994554
5000.0,0.2595896575,4693.312265,1.05699e-05,0.0994555
5000.0,0.2595914259,4693.215719,1.05698e-05,0.0994555
5000.0,0.2595927706,4693.196861,1.057e-05,0.0994561
5000.0,0.2595912329,4693.190048,1.05701e-05,0.0994567
5000.0,0.2595908893,4693.265595,1.057e-05,0.0994556
5000.0,0.2595906616,4693.222859,1.05699e-05,0.0994547
5000.0,0.2595894526,4693.292883,1.05697e-05,0.0994552
5000.0,0.2595893761,4693.213473,1.057e-05,0.0994556
Freq,5000,Rs,4693.2438809375,0.0392700498181322,Ls,0.25959089575625,9.874684669908668e-07
":SOUR:DCS:STAT OFF;:BIAS:STAT OFF;:COMP:BIN:COUN:CLE;:LIST:CLE:ALL;:COMP:BIN:CLE;:AMPL:ALC OFF;:APER MED,4;:BIAS:POL:AUTO OFF;:BIAS:RANG:AUTO ON;:BIAS:VOLT:LEV 0;:COMP:ABIN OFF;:COMP:BIN:COUN:STAT OFF;:COMP:MODE PTOL;:COMP:SLIM -9.9e+037,9.9e+037;:COMP:STAT OFF;:COMP:SWAP OFF;:COMP:TOL:NOM 0;:DISP:ENAB ON;:DISP:LINE """";:DISP:WIND:TEXT1:DATA:FMSD:DATA 1e-009;:DISP:WIND:TEXT2:DATA:FMSD:DATA 1e-009;:FORM:ASC:LONG ON;:FORM:BORD NORM;:FORM:DATA ASC,64;:FREQ:CW 5000;:FUNC:DEV1:MODE OFF;:FUNC:DEV1:REF:VAL 0;:FUNC:DEV2:MODE OFF;:FUNC:DEV2:REF:VAL 0;:FUNC:IMP:TYPE LSRS;:FUNC:SMON:IDC:STAT OFF;:FUNC:SMON:VDC:STAT OFF;:INIT:CONT OFF;:LIST:MODE SEQ;:LIST:STIM:TYPE FREQ,NONE;:SOUR:DCS:VOLT:LEV 0;:TRIG:DEL 0;:TRIG:SOUR INT;:TRIG:TDEL 0;:VOLT:LEV 0.1;:DISP:WIND:TEXT1:DATA:FMSD:STAT OFF;:DISP:WIND:TEXT2:DATA:FMSD:STAT OFF;:FUNC:DCR:RANG:VAL 100;:FUNC:IMP:RANG:VAL 3000;:OUTP:DC:ISOL:LEV:VAL 0.0002;:OUTP:DC:ISOL:STAT OFF;:FUNC:DCR:RANG:AUTO ON;:FUNC:IMP:RANG:AUTO ON;:OUTP:DC:ISOL:LEV:AUTO ON;:DISP:PAGE MEASurement;
"
6000.0,0.2536839888,5739.276307,8.92666e-06,0.0995654
6000.0,0.2536830614,5739.300826,8.92675e-06,0.0995649
6000.0,0.2536834401,5739.246167,8.9268e-06,0.0995653
6000.0,0.2536838967,5739.253735,8.92678e-06,0.0995651
6000.0,0.2536839022,5739.264326,8.92674e-06,0.0995634
6000.0,0.2536844884,5739.26021,8.92672e-06,0.099566
6000.0,0.2536830085,5739.243992,8.9268e-06,0.0995645
6000.0,0.2536827732,5739.230378,8.92667e-06,0.0995641
6000.0,0.2536841471,5739.237054,8.92675e-06,0.0995655
6000.0,0.2536832988,5739.281224,8.92668e-06,0.0995661
6000.0,0.2536829366,5739.223049,8.92679e-06,0.0995648
6000.0,0.2536836035,5739.23383,8.92682e-06,0.0995644
6000.0,0.2536834193,5739.239835,8.92671e-06,0.0995638
6000.0,0.2536832669,5739.207811,8.92669e-06,0.0995647
6000.0,0.2536826763,5739.202442,8.92672e-06,0.0995654
6000.0,0.2536828986,5739.193365,8.92674e-06,0.0995648
Freq,6000,Rs,5739.2434094375,0.029237532574802945,Ls,0.2536834254,5.354179078058304e-07
":SOUR:DCS:STAT OFF;:BIAS:STAT OFF;:COMP:BIN:COUN:CLE;:LIST:CLE:ALL;:COMP:BIN:CLE;:AMPL:ALC OFF;:APER MED,4;:BIAS:POL:AUTO OFF;:BIAS:RANG:AUTO ON;:BIAS:VOLT:LEV 0;:COMP:ABIN OFF;:COMP:BIN:COUN:STAT OFF;:COMP:MODE PTOL;:COMP:SLIM -9.9e+037,9.9e+037;:COMP:STAT OFF;:COMP:SWAP OFF;:COMP:TOL:NOM 0;:DISP:ENAB ON;:DISP:LINE """";:DISP:WIND:TEXT1:DATA:FMSD:DATA 1e-009;:DISP:WIND:TEXT2:DATA:FMSD:DATA 1e-009;:FORM:ASC:LONG ON;:FORM:BORD NORM;:FORM:DATA ASC,64;:FREQ:CW 6000;:FUNC:DEV1:MODE OFF;:FUNC:DEV1:REF:VAL 0;:FUNC:DEV2:MODE OFF;:FUNC:DEV2:REF:VAL 0;:FUNC:IMP:TYPE LSRS;:FUNC:SMON:IDC:STAT OFF;:FUNC:SMON:VDC:STAT OFF;:INIT:CONT OFF;:LIST:MODE SEQ;:LIST:STIM:TYPE FREQ,NONE;:SOUR:DCS:VOLT:LEV 0;:TRIG:DEL 0;:TRIG:SOUR INT;:TRIG:TDEL 0;:VOLT:LEV 0.1;:DISP:WIND:TEXT1:DATA:FMSD:STAT OFF;:DISP:WIND:TEXT2:DATA:FMSD:STAT OFF;:FUNC:DCR:RANG:VAL 100;:FUNC:IMP:RANG:VAL 10000;:OUTP:DC:ISOL:LEV:VAL 0.0002;:OUTP:DC:ISOL:STAT OFF;:FUNC:DCR:RANG:AUTO ON;:FUNC:IMP:RANG:AUTO ON;:OUTP:DC:ISOL:LEV:AUTO ON;:DISP:PAGE MEASurement;
"
7000.0,0.2511385999,6979.56445,7.62614e-06,0.0996449
7000.0,0.2511382427,6979.648837,7.62617e-06,0.0996448
7000.0,0.2511400095,6979.600001,7.62616e-06,0.0996435
7000.0,0.2511395528,6979.609551,7.62624e-06,0.099645
7000.0,0.2511379256,6979.575788,7.62606e-06,0.0996438
7000.0,0.2511394701,6979.602979,7.6261e-06,0.099644
7000.0,0.2511398079,6979.566979,7.62627e-06,0.0996436
7000.0,0.2511392729,6979.579595,7.62617e-06,0.0996453
7000.0,0.2511368914,6979.615532,7.62622e-06,0.0996439
7000.0,0.2511403039,6979.570624,7.62618e-06,0.0996447
7000.0,0.2511377613,6979.675118,7.62617e-06,0.0996443
7000.0,0.2511396309,6979.539114,7.62619e-06,0.0996424
7000.0,0.2511397356,6979.589811,7.62617e-06,0.0996436
7000.0,0.2511380685,6979.593262,7.62619e-06,0.0996445
7000.0,0.2511390509,6979.621303,7.62601e-06,0.0996453
7000.0,0.2511408552,6979.547973,7.62616e-06,0.0996434
Freq,7000,Rs,6979.5938073125,0.03558294225177937,Ls,0.25113907369375,1.064762709385831e-06
":SOUR:DCS:STAT OFF;:BIAS:STAT OFF;:COMP:BIN:COUN:CLE;:LIST:CLE:ALL;:COMP:BIN:CLE;:AMPL:ALC OFF;:APER MED,4;:BIAS:POL:AUTO OFF;:BIAS:RANG:AUTO ON;:BIAS:VOLT:LEV 0;:COMP:ABIN OFF;:COMP:BIN:COUN:STAT OFF;:COMP:MODE PTOL;:COMP:SLIM -9.9e+037,9.9e+037;:COMP:STAT OFF;:COMP:SWAP OFF;:COMP:TOL:NOM 0;:DISP:ENAB ON;:DISP:LINE """";:DISP:WIND:TEXT1:DATA:FMSD:DATA 1e-009;:DISP:WIND:TEXT2:DATA:FMSD:DATA 1e-009;:FORM:ASC:LONG ON;:FORM:BORD NORM;:FORM:DATA ASC,64;:FREQ:CW 7000;:FUNC:DEV1:MODE OFF;:FUNC:DEV1:REF:VAL 0;:FUNC:DEV2:MODE OFF;:FUNC:DEV2:REF:VAL 0;:FUNC:IMP:TYPE LSRS;:FUNC:SMON:IDC:STAT OFF;:FUNC:SMON:VDC:STAT OFF;:INIT:CONT OFF;:LIST:MODE SEQ;:LIST:STIM:TYPE FREQ,NONE;:SOUR:DCS:VOLT:LEV 0;:TRIG:DEL 0;:TRIG:SOUR INT;:TRIG:TDEL 0;:VOLT:LEV 0.1;:DISP:WIND:TEXT1:DATA:FMSD:STAT OFF;:DISP:WIND:TEXT2:DATA:FMSD:STAT OFF;:FUNC:DCR:RANG:VAL 100;:FUNC:IMP:RANG:VAL 10000;:OUTP:DC:ISOL:LEV:VAL 0.0002;:OUTP:DC:ISOL:STAT OFF;:FUNC:DCR:RANG:AUTO ON;:FUNC:IMP:RANG:AUTO ON;:OUTP:DC:ISOL:LEV:AUTO ON;:DISP:PAGE MEASurement;
"
8000.0,0.2507050562,8509.758767,6.55653e-06,0.0996996
8000.0,0.2507055167,8509.809564,6.55654e-06,0.0996994
8000.0,0.2507050523,8509.818685,6.55657e-06,0.0996996
8000.0,0.2507054746,8509.742762,6.55672e-06,0.0996994
8000.0,0.2507043374,8509.736378,6.55654e-06,0.0996987
8000.0,0.250706786,8509.865429,6.55662e-06,0.0997003
8000.0,0.2507062809,8509.749748,6.55661e-06,0.0997005
8000.0,0.250703758,8509.820255,6.55665e-06,0.0997004
8000.0,0.2507041613,8509.711086,6.55663e-06,0.0996999
8000.0,0.2507060903,8509.710975,6.55667e-06,0.0996997
8000.0,0.2507036628,8509.77436,6.55672e-06,0.0997011
8000.0,0.2507033699,8509.739512,6.5566e-06,0.0997002
8000.0,0.2507046557,8509.788851,6.55666e-06,0.0997
8000.0,0.2507036027,8509.667662,6.55673e-06,0.0997004
8000.0,0.2507020028,8509.621612,6.55672e-06,0.0996992
8000.0,0.250705964,8509.706518,6.55671e-06,0.099701
Freq,8000,Rs,8509.75138525,0.061759239041411354,Ls,0.250704735725,1.2783780398193136e-06
":SOUR:DCS:STAT OFF;:BIAS:STAT OFF;:COMP:BIN:COUN:CLE;:LIST:CLE:ALL;:COMP:BIN:CLE;:AMPL:ALC OFF;:APER MED,4;:BIAS:POL:AUTO OFF;:BIAS:RANG:AUTO ON;:BIAS:VOLT:LEV 0;:COMP:ABIN OFF;:COMP:BIN:COUN:STAT OFF;:COMP:MODE PTOL;:COMP:SLIM -9.9e+037,9.9e+037;:COMP:STAT OFF;:COMP:SWAP OFF;:COMP:TOL:NOM 0;:DISP:ENAB ON;:DISP:LINE """";:DISP:WIND:TEXT1:DATA:FMSD:DATA 1e-009;:DISP:WIND:TEXT2:DATA:FMSD:DATA 1e-009;:FORM:ASC:LONG ON;:FORM:BORD NORM;:FORM:DATA ASC,64;:FREQ:CW 8000;:FUNC:DEV1:MODE OFF;:FUNC:DEV1:REF:VAL 0;:FUNC:DEV2:MODE OFF;:FUNC:DEV2:REF:VAL 0;:FUNC:IMP:TYPE LSRS;:FUNC:SMON:IDC:STAT OFF;:FUNC:SMON:VDC:STAT OFF;:INIT:CONT OFF;:LIST:MODE SEQ;:LIST:STIM:TYPE FREQ,NONE;:SOUR:DCS:VOLT:LEV 0;:TRIG:DEL 0;:TRIG:SOUR INT;:TRIG:TDEL 0;:VOLT:LEV 0.1;:DISP:WIND:TEXT1:DATA:FMSD:STAT OFF;:DISP:WIND:TEXT2:DATA:FMSD:STAT OFF;:FUNC:DCR:RANG:VAL 100;:FUNC:IMP:RANG:VAL 10000;:OUTP:DC:ISOL:LEV:VAL 0.0002;:OUTP:DC:ISOL:STAT OFF;:FUNC:DCR:RANG:AUTO ON;:FUNC:IMP:RANG:AUTO ON;:OUTP:DC:ISOL:LEV:AUTO ON;:DISP:PAGE MEASurement;
"
10000.0,0.252769297,12902.62267,4.87602e-06,0.0997753
10000.0,0.2527717287,12902.57719,4.87604e-06,0.0997774
10000.0,0.2527698577,12902.50215,4.87606e-06,0.099777
10000.0,0.252768802,12902.58766,4.87607e-06,0.0997774
10000.0,0.252767517,12902.5617,4.87609e-06,0.0997752
10000.0,0.2527697315,12902.3901,4.87607e-06,0.0997763
10000.0,0.2527692923,12902.56595,4.87604e-06,0.0997761
10000.0,0.2527692273,12902.48963,4.87607e-06,0.0997756
10000.0,0.2527682238,12902.62696,4.87605e-06,0.0997751
10000.0,0.252766889,12902.45505,4.87599e-06,0.099774
10000.0,0.2527696417,12902.46074,4.87604e-06,0.099776
10000.0,0.252766434,12902.47168,4.876e-06,0.0997755
10000.0,0.2527701261,12902.6276,4.87601e-06,0.0997767
10000.0,0.252768561,12902.43505,4.87608e-06,0.0997763
10000.0,0.2527697229,12902.43243,4.87599e-06,0.0997749
10000.0,0.2527681137,12902.55554,4.87599e-06,0.099775
Freq,10000,Rs,12902.522631250002,0.07723365413877453,Ls,0.25276894785625004,1.3155664158883686e-06
":SOUR:DCS:STAT OFF;:BIAS:STAT OFF;:COMP:BIN:COUN:CLE;:LIST:CLE:ALL;:COMP:BIN:CLE;:AMPL:ALC OFF;:APER MED,4;:BIAS:POL:AUTO OFF;:BIAS:RANG:AUTO ON;:BIAS:VOLT:LEV 0;:COMP:ABIN OFF;:COMP:BIN:COUN:STAT OFF;:COMP:MODE PTOL;:COMP:SLIM -9.9e+037,9.9e+037;:COMP:STAT OFF;:COMP:SWAP OFF;:COMP:TOL:NOM 0;:DISP:ENAB ON;:DISP:LINE """";:DISP:WIND:TEXT1:DATA:FMSD:DATA 1e-009;:DISP:WIND:TEXT2:DATA:FMSD:DATA 1e-009;:FORM:ASC:LONG ON;:FORM:BORD NORM;:FORM:DATA ASC,64;:FREQ:CW 10000;:FUNC:DEV1:MODE OFF;:FUNC:DEV1:REF:VAL 0;:FUNC:DEV2:MODE OFF;:FUNC:DEV2:REF:VAL 0;:FUNC:IMP:TYPE LSRS;:FUNC:SMON:IDC:STAT OFF;:FUNC:SMON:VDC:STAT OFF;:INIT:CONT OFF;:LIST:MODE SEQ;:LIST:STIM:TYPE FREQ,NONE;:SOUR:DCS:VOLT:LEV 0;:TRIG:DEL 0;:TRIG:SOUR INT;:TRIG:TDEL 0;:VOLT:LEV 0.1;:DISP:WIND:TEXT1:DATA:FMSD:STAT OFF;:DISP:WIND:TEXT2:DATA:FMSD:STAT OFF;:FUNC:DCR:RANG:VAL 100;:FUNC:IMP:RANG:VAL 10000;:OUTP:DC:ISOL:LEV:VAL 0.0002;:OUTP:DC:ISOL:STAT OFF;:FUNC:DCR:RANG:AUTO ON;:FUNC:IMP:RANG:AUTO ON;:OUTP:DC:ISOL:LEV:AUTO ON;:DISP:PAGE MEASurement;
"
12000.0,0.248580805,20337.1406,3.6068e-06,0.0997515
12000.0,0.2485783539,20337.08849,3.60685e-06,0.0997518
12000.0,0.2485807704,20337.01487,3.60681e-06,0.0997522
12000.0,0.2485775549,20336.85541,3.60684e-06,0.0997528
12000.0,0.2485789943,20337.36921,3.60685e-06,0.0997536
12000.0,0.2485826175,20337.18245,3.60679e-06,0.0997511
12000.0,0.2485812248,20337.05371,3.60684e-06,0.0997521
12000.0,0.2485776452,20337.13852,3.60681e-06,0.0997532
12000.0,0.2485805632,20337.20026,3.60686e-06,0.0997526
12000.0,0.2485795323,20337.04549,3.60685e-06,0.099751
12000.0,0.2485806961,20336.93203,3.60684e-06,0.0997515
12000.0,0.2485811321,20337.18978,3.60683e-06,0.0997515
12000.0,0.2485854716,20336.91607,3.60688e-06,0.0997511
12000.0,0.2485801434,20336.73721,3.60683e-06,0.0997528
12000.0,0.2485863192,20336.94379,3.60682e-06,0.0997516
12000.0,0.2485842771,20336.81011,3.60687e-06,0.0997523
Freq,12000,Rs,20337.038625,0.16626543806053715,Ls,0.2485810063125,2.5706290534602335e-06
":SOUR:DCS:STAT OFF;:BIAS:STAT OFF;:COMP:BIN:COUN:CLE;:LIST:CLE:ALL;:COMP:BIN:CLE;:AMPL:ALC OFF;:APER MED,4;:BIAS:POL:AUTO OFF;:BIAS:RANG:AUTO ON;:BIAS:VOLT:LEV 0;:COMP:ABIN OFF;:COMP:BIN:COUN:STAT OFF;:COMP:MODE PTOL;:COMP:SLIM -9.9e+037,9.9e+037;:COMP:STAT OFF;:COMP:SWAP OFF;:COMP:TOL:NOM 0;:DISP:ENAB ON;:DISP:LINE """";:DISP:WIND:TEXT1:DATA:FMSD:DATA 1e-009;:DISP:WIND:TEXT2:DATA:FMSD:DATA 1e-009;:FORM:ASC:LONG ON;:FORM:BORD NORM;:FORM:DATA ASC,64;:FREQ:CW 12000;:FUNC:DEV1:MODE OFF;:FUNC:DEV1:REF:VAL 0;:FUNC:DEV2:MODE OFF;:FUNC:DEV2:REF:VAL 0;:FUNC:IMP:TYPE LSRS;:FUNC:SMON:IDC:STAT OFF;:FUNC:SMON:VDC:STAT OFF;:INIT:CONT OFF;:LIST:MODE SEQ;:LIST:STIM:TYPE FREQ,NONE;:SOUR:DCS:VOLT:LEV 0;:TRIG:DEL 0;:TRIG:SOUR INT;:TRIG:TDEL 0;:VOLT:LEV 0.1;:DISP:WIND:TEXT1:DATA:FMSD:STAT OFF;:DISP:WIND:TEXT2:DATA:FMSD:STAT OFF;:FUNC:DCR:RANG:VAL 100;:FUNC:IMP:RANG:VAL 10000;:OUTP:DC:ISOL:LEV:VAL 0.0002;:OUTP:DC:ISOL:STAT OFF;:FUNC:DCR:RANG:AUTO ON;:FUNC:IMP:RANG:AUTO ON;:OUTP:DC:ISOL:LEV:AUTO ON;:DISP:PAGE MEASurement;
"
14000.0,0.2057693962,32650.39304,2.67389e-06,0.0998212
14000.0,0.2057675482,32650.57009,2.67391e-06,0.0998205
14000.0,0.2057685922,32650.35307,2.67388e-06,0.0998214
14000.0,0.2057650497,32650.49596,2.67388e-06,0.0998217
14000.0,0.2057638282,32650.53183,2.67391e-06,0.0998223
14000.0,0.2057654311,32650.77326,2.67392e-06,0.0998217
14000.0,0.2057671999,32650.33001,2.67392e-06,0.0998219
14000.0,0.205770865,32650.20433,2.67393e-06,0.0998217
14000.0,0.2057624227,32650.10693,2.67393e-06,0.0998226
14000.0,0.2057644766,32650.24817,2.67387e-06,0.0998212
14000.0,0.2057697068,32649.76125,2.67394e-06,0.0998222
14000.0,0.2057697097,32650.16317,2.67393e-06,0.0998227
14000.0,0.2057687979,32650.3937,2.67392e-06,0.0998216
14000.0,0.205772183,32650.10594,2.67392e-06,0.0998238
14000.0,0.2057684598,32650.30987,2.67392e-06,0.0998214
14000.0,0.2057694518,32650.4325,2.67391e-06,0.0998216
Freq,14000,Rs,32650.323320000003,0.23308413202120723,Ls,0.205767694925,2.7371642241550698e-06
":SOUR:DCS:STAT OFF;:BIAS:STAT OFF;:COMP:BIN:COUN:CLE;:LIST:CLE:ALL;:COMP:BIN:CLE;:AMPL:ALC OFF;:APER MED,4;:BIAS:POL:AUTO OFF;:BIAS:RANG:AUTO ON;:BIAS:VOLT:LEV 0;:COMP:ABIN OFF;:COMP:BIN:COUN:STAT OFF;:COMP:MODE PTOL;:COMP:SLIM -9.9e+037,9.9e+037;:COMP:STAT OFF;:COMP:SWAP OFF;:COMP:TOL:NOM 0;:DISP:ENAB ON;:DISP:LINE """";:DISP:WIND:TEXT1:DATA:FMSD:DATA 1e-009;:DISP:WIND:TEXT2:DATA:FMSD:DATA 1e-009;:FORM:ASC:LONG ON;:FORM:BORD NORM;:FORM:DATA ASC,64;:FREQ:CW 14000;:FUNC:DEV1:MODE OFF;:FUNC:DEV1:REF:VAL 0;:FUNC:DEV2:MODE OFF;:FUNC:DEV2:REF:VAL 0;:FUNC:IMP:TYPE LSRS;:FUNC:SMON:IDC:STAT OFF;:FUNC:SMON:VDC:STAT OFF;:INIT:CONT OFF;:LIST:MODE SEQ;:LIST:STIM:TYPE FREQ,NONE;:SOUR:DCS:VOLT:LEV 0;:TRIG:DEL 0;:TRIG:SOUR INT;:TRIG:TDEL 0;:VOLT:LEV 0.1;:DISP:WIND:TEXT1:DATA:FMSD:STAT OFF;:DISP:WIND:TEXT2:DATA:FMSD:STAT OFF;:FUNC:DCR:RANG:VAL 100;:FUNC:IMP:RANG:VAL 30000;:OUTP:DC:ISOL:LEV:VAL 2e-005;:OUTP:DC:ISOL:STAT OFF;:FUNC:DCR:RANG:AUTO ON;:FUNC:IMP:RANG:AUTO ON;:OUTP:DC:ISOL:LEV:AUTO ON;:DISP:PAGE MEASurement;
"
16000.0,0.06061512141,46910.45231,2.10965e-06,0.0997964
16000.0,0.06061138578,46910.43612,2.10965e-06,0.0997976
16000.0,0.0606150212,46910.432,2.10964e-06,0.0997969
16000.0,0.06061480949,46910.38405,2.10966e-06,0.0997969
16000.0,0.06061911656,46910.72366,2.10971e-06,0.0997988
16000.0,0.06060697021,46910.25424,2.10966e-06,0.0997971
16000.0,0.06061386682,46910.88178,2.10965e-06,0.0997976
16000.0,0.06060949707,46910.22973,2.10966e-06,0.0997963
16000.0,0.06060909608,46910.39368,2.10964e-06,0.0997975
16000.0,0.06060868393,46910.64979,2.10968e-06,0.0997968
16000.0,0.06060725959,46910.65966,2.10967e-06,0.0997966
16000.0,0.06061129684,46910.41923,2.10967e-06,0.0997986
16000.0,0.06062227228,46910.33696,2.10968e-06,0.0997988
16000.0,0.06061533948,46911.59169,2.10966e-06,0.0997984
16000.0,0.06061794144,46910.73096,2.10969e-06,0.0997973
16000.0,0.06061020052,46910.46972,2.10965e-06,0.0997974
Freq,16000,Rs,46910.56534875,0.3290090428523518,Ls,0.06061299241875,4.432325295251454e-06
":SOUR:DCS:STAT OFF;:BIAS:STAT OFF;:COMP:BIN:COUN:CLE;:LIST:CLE:ALL;:COMP:BIN:CLE;:AMPL:ALC OFF;:APER MED,4;:BIAS:POL:AUTO OFF;:BIAS:RANG:AUTO ON;:BIAS:VOLT:LEV 0;:COMP:ABIN OFF;:COMP:BIN:COUN:STAT OFF;:COMP:MODE PTOL;:COMP:SLIM -9.9e+037,9.9e+037;:COMP:STAT OFF;:COMP:SWAP OFF;:COMP:TOL:NOM 0;:DISP:ENAB ON;:DISP:LINE """";:DISP:WIND:TEXT1:DATA:FMSD:DATA 1e-009;:DISP:WIND:TEXT2:DATA:FMSD:DATA 1e-009;:FORM:ASC:LONG ON;:FORM:BORD NORM;:FORM:DATA ASC,64;:FREQ:CW 16000;:FUNC:DEV1:MODE OFF;:FUNC:DEV1:REF:VAL 0;:FUNC:DEV2:MODE OFF;:FUNC:DEV2:REF:VAL 0;:FUNC:IMP:TYPE LSRS;:FUNC:SMON:IDC:STAT OFF;:FUNC:SMON:VDC:STAT OFF;:INIT:CONT OFF;:LIST:MODE SEQ;:LIST:STIM:TYPE FREQ,NONE;:SOUR:DCS:VOLT:LEV 0;:TRIG:DEL 0;:TRIG:SOUR INT;:TRIG:TDEL 0;:VOLT:LEV 0.1;:DISP:WIND:TEXT1:DATA:FMSD:STAT OFF;:DISP:WIND:TEXT2:DATA:FMSD:STAT OFF;:FUNC:DCR:RANG:VAL 100;:FUNC:IMP:RANG:VAL 30000;:OUTP:DC:ISOL:LEV:VAL 2e-005;:OUTP:DC:ISOL:STAT OFF;:FUNC:DCR:RANG:AUTO ON;:FUNC:IMP:RANG:AUTO ON;:OUTP:DC:ISOL:LEV:AUTO ON;:DISP:PAGE MEASurement;
"
16500.0,0.007021386164,48937.05323,2.03963e-06,0.0998255
16500.0,0.007024093445,48937.51689,2.03965e-06,0.0998256
16500.0,0.007019534719,48937.2432,2.03963e-06,0.0998258
16500.0,0.007019900098,48937.56517,2.03965e-06,0.0998253
16500.0,0.007024230283,48937.3135,2.03963e-06,0.099824
16500.0,0.007026597248,48937.30889,2.03963e-06,0.0998245
16500.0,0.007028901781,48937.41612,2.03962e-06,0.0998244
16500.0,0.007025987638,48937.4493,2.03961e-06,0.0998245
16500.0,0.007023247951,48937.90462,2.03964e-06,0.0998243
16500.0,0.007023266041,48937.66059,2.03962e-06,0.0998233
16500.0,0.007026377239,48937.35236,2.03958e-06,0.0998241
16500.0,0.007025068989,48937.51592,2.03962e-06,0.0998243
16500.0,0.007024540469,48936.78551,2.03962e-06,0.0998241
16500.0,0.00702558744,48937.48237,2.03961e-06,0.0998247
16500.0,0.007023061317,48937.48435,2.0396e-06,0.0998238
16500.0,0.007026734062,48937.79112,2.03961e-06,0.0998236
Freq,16500,Rs,48937.42769625,0.2676700016286959,Ls,0.00702428218025,2.531906384465421e-06
":SOUR:DCS:STAT OFF;:BIAS:STAT OFF;:COMP:BIN:COUN:CLE;:LIST:CLE:ALL;:COMP:BIN:CLE;:AMPL:ALC OFF;:APER MED,4;:BIAS:POL:AUTO OFF;:BIAS:RANG:AUTO ON;:BIAS:VOLT:LEV 0;:COMP:ABIN OFF;:COMP:BIN:COUN:STAT OFF;:COMP:MODE PTOL;:COMP:SLIM -9.9e+037,9.9e+037;:COMP:STAT OFF;:COMP:SWAP OFF;:COMP:TOL:NOM 0;:DISP:ENAB ON;:DISP:LINE """";:DISP:WIND:TEXT1:DATA:FMSD:DATA 1e-009;:DISP:WIND:TEXT2:DATA:FMSD:DATA 1e-009;:FORM:ASC:LONG ON;:FORM:BORD NORM;:FORM:DATA ASC,64;:FREQ:CW 16500;:FUNC:DEV1:MODE OFF;:FUNC:DEV1:REF:VAL 0;:FUNC:DEV2:MODE OFF;:FUNC:DEV2:REF:VAL 0;:FUNC:IMP:TYPE LSRS;:FUNC:SMON:IDC:STAT OFF;:FUNC:SMON:VDC:STAT OFF;:INIT:CONT OFF;:LIST:MODE SEQ;:LIST:STIM:TYPE FREQ,NONE;:SOUR:DCS:VOLT:LEV 0;:TRIG:DEL 0;:TRIG:SOUR INT;:TRIG:TDEL 0;:VOLT:LEV 0.1;:DISP:WIND:TEXT1:DATA:FMSD:STAT OFF;:DISP:WIND:TEXT2:DATA:FMSD:STAT OFF;:FUNC:DCR:RANG:VAL 100;:FUNC:IMP:RANG:VAL 30000;:OUTP:DC:ISOL:LEV:VAL 2e-005;:OUTP:DC:ISOL:STAT OFF;:FUNC:DCR:RANG:AUTO ON;:FUNC:IMP:RANG:AUTO ON;:OUTP:DC:ISOL:LEV:AUTO ON;:DISP:PAGE MEASurement;
"
17000.0,-0.0481880265,49658.71344,2.00008e-06,0.0998522
17000.0,-0.04819470132,49658.22588,2.00004e-06,0.0998529
17000.0,-0.04819564981,49658.6626,2.00006e-06,0.0998532
17000.0,-0.04819198526,49658.12928,2.00006e-06,0.0998536
17000.0,-0.04819421618,49659.05543,2.0001e-06,0.099853
17000.0,-0.04819148355,49658.57126,2.00004e-06,0.099852
17000.0,-0.04818556584,49658.83039,2.00009e-06,0.0998523
17000.0,-0.04819409673,49658.23665,2.00005e-06,0.0998515
17000.0,-0.0481908072,49658.49,2.00006e-06,0.0998519
17000.0,-0.04818657268,49658.18366,2.00004e-06,0.0998526
17000.0,-0.04819513874,49658.33738,2.00004e-06,0.0998524
17000.0,-0.04818995228,49659.03384,2.00003e-06,0.0998526
17000.0,-0.0481953031,49658.56998,2.00005e-06,0.0998515
17000.0,-0.04818802,49658.99299,2.00004e-06,0.0998527
17000.0,-0.04819108342,49658.42708,2.00003e-06,0.099852
17000.0,-0.0481941392,49658.51741,2.00007e-06,0.0998528
Freq,17000,Rs,49658.561079375,0.30354888384927053,Ls,-0.048191671363124994,3.2938587149880295e-06
":SOUR:DCS:STAT OFF;:BIAS:STAT OFF;:COMP:BIN:COUN:CLE;:LIST:CLE:ALL;:COMP:BIN:CLE;:AMPL:ALC OFF;:APER MED,4;:BIAS:POL:AUTO OFF;:BIAS:RANG:AUTO ON;:BIAS:VOLT:LEV 0;:COMP:ABIN OFF;:COMP:BIN:COUN:STAT OFF;:COMP:MODE PTOL;:COMP:SLIM -9.9e+037,9.9e+037;:COMP:STAT OFF;:COMP:SWAP OFF;:COMP:TOL:NOM 0;:DISP:ENAB ON;:DISP:LINE """";:DISP:WIND:TEXT1:DATA:FMSD:DATA 1e-009;:DISP:WIND:TEXT2:DATA:FMSD:DATA 1e-009;:FORM:ASC:LONG ON;:FORM:BORD NORM;:FORM:DATA ASC,64;:FREQ:CW 17000;:FUNC:DEV1:MODE OFF;:FUNC:DEV1:REF:VAL 0;:FUNC:DEV2:MODE OFF;:FUNC:DEV2:REF:VAL 0;:FUNC:IMP:TYPE LSRS;:FUNC:SMON:IDC:STAT OFF;:FUNC:SMON:VDC:STAT OFF;:INIT:CONT OFF;:LIST:MODE SEQ;:LIST:STIM:TYPE FREQ,NONE;:SOUR:DCS:VOLT:LEV 0;:TRIG:DEL 0;:TRIG:SOUR INT;:TRIG:TDEL 0;:VOLT:LEV 0.1;:DISP:WIND:TEXT1:DATA:FMSD:STAT OFF;:DISP:WIND:TEXT2:DATA:FMSD:STAT OFF;:FUNC:DCR:RANG:VAL 100;:FUNC:IMP:RANG:VAL 30000;:OUTP:DC:ISOL:LEV:VAL 2e-005;:OUTP:DC:ISOL:STAT OFF;:FUNC:DCR:RANG:AUTO ON;:FUNC:IMP:RANG:AUTO ON;:OUTP:DC:ISOL:LEV:AUTO ON;:DISP:PAGE MEASurement;
"
17500.0,-0.1004889392,48939.2164,1.99077e-06,0.09988
17500.0,-0.1004844208,48939.48169,1.99082e-06,0.0998797
17500.0,-0.1004830775,48939.24355,1.99077e-06,0.09988
17500.0,-0.1004855942,48939.3458,1.99079e-06,0.0998813
17500.0,-0.1004884462,48939.88579,1.99079e-06,0.0998797
17500.0,-0.1004802391,48939.4924,1.99084e-06,0.0998809
17500.0,-0.1004841226,48939.34507,1.99081e-06,0.0998803
17500.0,-0.1004788112,48939.02089,1.99079e-06,0.0998801
17500.0,-0.1004792781,48939.6351,1.99078e-06,0.0998793
17500.0,-0.1004811325,48939.56376,1.99077e-06,0.0998792
17500.0,-0.1004811053,48939.03767,1.99079e-06,0.0998803
17500.0,-0.1004821759,48939.90108,1.99077e-06,0.0998796
17500.0,-0.1004749504,48939.21049,1.99078e-06,0.0998794
17500.0,-0.1004845559,48939.18052,1.99079e-06,0.0998792
17500.0,-0.1004753536,48939.39179,1.99079e-06,0.0998802
17500.0,-0.1004818392,48939.93643,1.99078e-06,0.0998796
Freq,17500,Rs,48939.430526874996,0.2921781648869282,Ls,-0.10048212760625,3.971417498991418e-06
":SOUR:DCS:STAT OFF;:BIAS:STAT OFF;:COMP:BIN:COUN:CLE;:LIST:CLE:ALL;:COMP:BIN:CLE;:AMPL:ALC OFF;:APER MED,4;:BIAS:POL:AUTO OFF;:BIAS:RANG:AUTO ON;:BIAS:VOLT:LEV 0;:COMP:ABIN OFF;:COMP:BIN:COUN:STAT OFF;:COMP:MODE PTOL;:COMP:SLIM -9.9e+037,9.9e+037;:COMP:STAT OFF;:COMP:SWAP OFF;:COMP:TOL:NOM 0;:DISP:ENAB ON;:DISP:LINE """";:DISP:WIND:TEXT1:DATA:FMSD:DATA 1e-009;:DISP:WIND:TEXT2:DATA:FMSD:DATA 1e-009;:FORM:ASC:LONG ON;:FORM:BORD NORM;:FORM:DATA ASC,64;:FREQ:CW 17500;:FUNC:DEV1:MODE OFF;:FUNC:DEV1:REF:VAL 0;:FUNC:DEV2:MODE OFF;:FUNC:DEV2:REF:VAL 0;:FUNC:IMP:TYPE LSRS;:FUNC:SMON:IDC:STAT OFF;:FUNC:SMON:VDC:STAT OFF;:INIT:CONT OFF;:LIST:MODE SEQ;:LIST:STIM:TYPE FREQ,NONE;:SOUR:DCS:VOLT:LEV 0;:TRIG:DEL 0;:TRIG:SOUR INT;:TRIG:TDEL 0;:VOLT:LEV 0.1;:DISP:WIND:TEXT1:DATA:FMSD:STAT OFF;:DISP:WIND:TEXT2:DATA:FMSD:STAT OFF;:FUNC:DCR:RANG:VAL 100;:FUNC:IMP:RANG:VAL 30000;:OUTP:DC:ISOL:LEV:VAL 2e-005;:OUTP:DC:ISOL:STAT OFF;:FUNC:DCR:RANG:AUTO ON;:FUNC:IMP:RANG:AUTO ON;:OUTP:DC:ISOL:LEV:AUTO ON;:DISP:PAGE MEASurement;
"
18000.0,-0.1456646123,46883.57537,2.0104e-06,0.0999048
18000.0,-0.1456648571,46883.40958,2.0104e-06,0.0999039
18000.0,-0.1456666236,46883.52079,2.0104e-06,0.0999041
18000.0,-0.1456686411,46882.86989,2.01039e-06,0.0999032
18000.0,-0.1456731752,46883.94592,2.01039e-06,0.0999053
18000.0,-0.1456731446,46883.3291,2.0104e-06,0.0999053
18000.0,-0.1456682645,46883.09335,2.01041e-06,0.0999038
18000.0,-0.1456735529,46883.53239,2.01045e-06,0.0999045
18000.0,-0.1456728293,46883.58797,2.01041e-06,0.0999044
18000.0,-0.1456728082,46883.05316,2.01039e-06,0.0999056
18000.0,-0.1456707633,46883.405,2.01039e-06,0.0999045
18000.0,-0.1456669024,46883.66387,2.01042e-06,0.0999056
18000.0,-0.1456701928,46882.75833,2.01041e-06,0.0999052
18000.0,-0.1456723474,46883.9829,2.01042e-06,0.0999049
18000.0,-0.1456681332,46883.72139,2.01038e-06,0.0999034
18000.0,-0.1456743686,46883.14793,2.01039e-06,0.0999044
Freq,18000,Rs,46883.41230875,0.35423839944047353,Ls,-0.14567007603124998,3.2498423950989224e-06
":SOUR:DCS:STAT OFF;:BIAS:STAT OFF;:COMP:BIN:COUN:CLE;:LIST:CLE:ALL;:COMP:BIN:CLE;:AMPL:ALC OFF;:APER MED,4;:BIAS:POL:AUTO OFF;:BIAS:RANG:AUTO ON;:BIAS:VOLT:LEV 0;:COMP:ABIN OFF;:COMP:BIN:COUN:STAT OFF;:COMP:MODE PTOL;:COMP:SLIM -9.9e+037,9.9e+037;:COMP:STAT OFF;:COMP:SWAP OFF;:COMP:TOL:NOM 0;:DISP:ENAB ON;:DISP:LINE """";:DISP:WIND:TEXT1:DATA:FMSD:DATA 1e-009;:DISP:WIND:TEXT2:DATA:FMSD:DATA 1e-009;:FORM:ASC:LONG ON;:FORM:BORD NORM;:FORM:DATA ASC,64;:FREQ:CW 18000;:FUNC:DEV1:MODE OFF;:FUNC:DEV1:REF:VAL 0;:FUNC:DEV2:MODE OFF;:FUNC:DEV2:REF:VAL 0;:FUNC:IMP:TYPE LSRS;:FUNC:SMON:IDC:STAT OFF;:FUNC:SMON:VDC:STAT OFF;:INIT:CONT OFF;:LIST:MODE SEQ;:LIST:STIM:TYPE FREQ,NONE;:SOUR:DCS:VOLT:LEV 0;:TRIG:DEL 0;:TRIG:SOUR INT;:TRIG:TDEL 0;:VOLT:LEV 0.1;:DISP:WIND:TEXT1:DATA:FMSD:STAT OFF;:DISP:WIND:TEXT2:DATA:FMSD:STAT OFF;:FUNC:DCR:RANG:VAL 100;:FUNC:IMP:RANG:VAL 30000;:OUTP:DC:ISOL:LEV:VAL 2e-005;:OUTP:DC:ISOL:STAT OFF;:FUNC:DCR:RANG:AUTO ON;:FUNC:IMP:RANG:AUTO ON;:OUTP:DC:ISOL:LEV:AUTO ON;:DISP:PAGE MEASurement;
"
18500.0,-0.1810643239,43795.22486,2.05653e-06,0.0999266
18500.0,-0.1810618911,43796.09543,2.05652e-06,0.0999284
18500.0,-0.1810598287,43796.04579,2.05651e-06,0.0999271
18500.0,-0.1810621107,43795.91885,2.05653e-06,0.0999286
18500.0,-0.1810679976,43796.06584,2.05655e-06,0.0999269
18500.0,-0.1810658903,43795.8294,2.05653e-06,0.0999279
18500.0,-0.181057851,43795.89415,2.05653e-06,0.0999274
18500.0,-0.1810656115,43795.35578,2.05652e-06,0.099927
18500.0,-0.1810660838,43795.55231,2.05653e-06,0.0999285
18500.0,-0.1810579,43795.49893,2.05653e-06,0.0999275
18500.0,-0.1810539982,43796.07533,2.05652e-06,0.0999284
18500.0,-0.1810616091,43795.99941,2.05656e-06,0.0999279
18500.0,-0.1810675812,43795.25162,2.05651e-06,0.0999276
18500.0,-0.1810688615,43795.5242,2.05654e-06,0.0999278
18500.0,-0.1810627102,43795.41585,2.05653e-06,0.0999292
18500.0,-0.1810629314,43796.00587,2.05657e-06,0.0999272
Freq,18500,Rs,43795.73460125,0.32002148733829255,Ls,-0.1810629487625,4.1180127195651364e-06
":SOUR:DCS:STAT OFF;:BIAS:STAT OFF;:COMP:BIN:COUN:CLE;:LIST:CLE:ALL;:COMP:BIN:CLE;:AMPL:ALC OFF;:APER MED,4;:BIAS:POL:AUTO OFF;:BIAS:RANG:AUTO ON;:BIAS:VOLT:LEV 0;:COMP:ABIN OFF;:COMP:BIN:COUN:STAT OFF;:COMP:MODE PTOL;:COMP:SLIM -9.9e+037,9.9e+037;:COMP:STAT OFF;:COMP:SWAP OFF;:COMP:TOL:NOM 0;:DISP:ENAB ON;:DISP:LINE """";:DISP:WIND:TEXT1:DATA:FMSD:DATA 1e-009;:DISP:WIND:TEXT2:DATA:FMSD:DATA 1e-009;:FORM:ASC:LONG ON;:FORM:BORD NORM;:FORM:DATA ASC,64;:FREQ:CW 18500;:FUNC:DEV1:MODE OFF;:FUNC:DEV1:REF:VAL 0;:FUNC:DEV2:MODE OFF;:FUNC:DEV2:REF:VAL 0;:FUNC:IMP:TYPE LSRS;:FUNC:SMON:IDC:STAT OFF;:FUNC:SMON:VDC:STAT OFF;:INIT:CONT OFF;:LIST:MODE SEQ;:LIST:STIM:TYPE FREQ,NONE;:SOUR:DCS:VOLT:LEV 0;:TRIG:DEL 0;:TRIG:SOUR INT;:TRIG:TDEL 0;:VOLT:LEV 0.1;:DISP:WIND:TEXT1:DATA:FMSD:STAT OFF;:DISP:WIND:TEXT2:DATA:FMSD:STAT OFF;:FUNC:DCR:RANG:VAL 100;:FUNC:IMP:RANG:VAL 30000;:OUTP:DC:ISOL:LEV:VAL 2e-005;:OUTP:DC:ISOL:STAT OFF;:FUNC:DCR:RANG:AUTO ON;:FUNC:IMP:RANG:AUTO ON;:OUTP:DC:ISOL:LEV:AUTO ON;:DISP:PAGE MEASurement;
"
19000.0,-0.205856529,40073.64518,2.12612e-06,0.0999486
19000.0,-0.2058586372,40073.45376,2.12615e-06,0.0999474
19000.0,-0.2058576004,40073.81868,2.12615e-06,0.0999479
19000.0,-0.2058631273,40073.43305,2.12615e-06,0.0999484
19000.0,-0.2058536377,40074.30735,2.12613e-06,0.0999474
19000.0,-0.2058610548,40073.80739,2.12617e-06,0.0999483
19000.0,-0.2058583329,40073.62936,2.12616e-06,0.0999493
19000.0,-0.2058607419,40073.28375,2.12617e-06,0.09995
19000.0,-0.205858463,40073.52138,2.12616e-06,0.0999492
19000.0,-0.2058612968,40073.56946,2.12618e-06,0.0999486
19000.0,-0.2058536111,40073.78214,2.12619e-06,0.0999488
19000.0,-0.2058629482,40072.95321,2.12616e-06,0.0999495
19000.0,-0.205862434,40073.22132,2.12614e-06,0.0999482
19000.0,-0.2058574806,40072.8678,2.12617e-06,0.0999486
19000.0,-0.2058614052,40073.06284,2.12618e-06,0.0999493
19000.0,-0.2058612986,40073.387,2.12617e-06,0.0999506
Freq,19000,Rs,40073.483979375,0.36515111780377035,Ls,-0.20585928741875,3.0080621346023778e-06
":SOUR:DCS:STAT OFF;:BIAS:STAT OFF;:COMP:BIN:COUN:CLE;:LIST:CLE:ALL;:COMP:BIN:CLE;:AMPL:ALC OFF;:APER MED,4;:BIAS:POL:AUTO OFF;:BIAS:RANG:AUTO ON;:BIAS:VOLT:LEV 0;:COMP:ABIN OFF;:COMP:BIN:COUN:STAT OFF;:COMP:MODE PTOL;:COMP:SLIM -9.9e+037,9.9e+037;:COMP:STAT OFF;:COMP:SWAP OFF;:COMP:TOL:NOM 0;:DISP:ENAB ON;:DISP:LINE """";:DISP:WIND:TEXT1:DATA:FMSD:DATA 1e-009;:DISP:WIND:TEXT2:DATA:FMSD:DATA 1e-009;:FORM:ASC:LONG ON;:FORM:BORD NORM;:FORM:DATA ASC,64;:FREQ:CW 19000;:FUNC:DEV1:MODE OFF;:FUNC:DEV1:REF:VAL 0;:FUNC:DEV2:MODE OFF;:FUNC:DEV2:REF:VAL 0;:FUNC:IMP:TYPE LSRS;:FUNC:SMON:IDC:STAT OFF;:FUNC:SMON:VDC:STAT OFF;:INIT:CONT OFF;:LIST:MODE SEQ;:LIST:STIM:TYPE FREQ,NONE;:SOUR:DCS:VOLT:LEV 0;:TRIG:DEL 0;:TRIG:SOUR INT;:TRIG:TDEL 0;:VOLT:LEV 0.1;:DISP:WIND:TEXT1:DATA:FMSD:STAT OFF;:DISP:WIND:TEXT2:DATA:FMSD:STAT OFF;:FUNC:DCR:RANG:VAL 100;:FUNC:IMP:RANG:VAL 30000;:OUTP:DC:ISOL:LEV:VAL 2e-005;:OUTP:DC:ISOL:STAT OFF;:FUNC:DCR:RANG:AUTO ON;:FUNC:IMP:RANG:AUTO ON;:OUTP:DC:ISOL:LEV:AUTO ON;:DISP:PAGE MEASurement;
"
19500.0,-0.2208291426,36099.05209,2.21586e-06,0.0999642
19500.0,-0.2208287908,36099.67751,2.21585e-06,0.099965
19500.0,-0.220827237,36099.69725,2.21586e-06,0.0999655
19500.0,-0.2208324776,36100.10403,2.21587e-06,0.0999652
19500.0,-0.220828526,36099.64847,2.21582e-06,0.0999641
19500.0,-0.2208328594,36099.62794,2.21584e-06,0.0999654
19500.0,-0.2208313695,36099.7076,2.21587e-06,0.0999647
19500.0,-0.2208285242,36099.84283,2.21581e-06,0.0999651
19500.0,-0.2208272463,36099.5034,2.21586e-06,0.0999656
19500.0,-0.2208278043,36099.7882,2.21586e-06,0.0999661
19500.0,-0.2208250906,36099.46372,2.21586e-06,0.099966
19500.0,-0.2208261693,36099.48417,2.21592e-06,0.0999672
19500.0,-0.2208280877,36099.74876,2.21594e-06,0.099968
19500.0,-0.2208295168,36099.1785,2.21593e-06,0.0999671
19500.0,-0.22082697,36099.13751,2.2159e-06,0.0999657
19500.0,-0.2208258046,36099.24455,2.21588e-06,0.0999655
Freq,19500,Rs,36099.556658125,0.2863689871997699,Ls,-0.22082847604375,2.2370566331556756e-06
":SOUR:DCS:STAT OFF;:BIAS:STAT OFF;:COMP:BIN:COUN:CLE;:LIST:CLE:ALL;:COMP:BIN:CLE;:AMPL:ALC OFF;:APER MED,4;:BIAS:POL:AUTO OFF;:BIAS:RANG:AUTO ON;:BIAS:VOLT:LEV 0;:COMP:ABIN OFF;:COMP:BIN:COUN:STAT OFF;:COMP:MODE PTOL;:COMP:SLIM -9.9e+037,9.9e+037;:COMP:STAT OFF;:COMP:SWAP OFF;:COMP:TOL:NOM 0;:DISP:ENAB ON;:DISP:LINE """";:DISP:WIND:TEXT1:DATA:FMSD:DATA 1e-009;:DISP:WIND:TEXT2:DATA:FMSD:DATA 1e-009;:FORM:ASC:LONG ON;:FORM:BORD NORM;:FORM:DATA ASC,64;:FREQ:CW 19500;:FUNC:DEV1:MODE OFF;:FUNC:DEV1:REF:VAL 0;:FUNC:DEV2:MODE OFF;:FUNC:DEV2:REF:VAL 0;:FUNC:IMP:TYPE LSRS;:FUNC:SMON:IDC:STAT OFF;:FUNC:SMON:VDC:STAT OFF;:INIT:CONT OFF;:LIST:MODE SEQ;:LIST:STIM:TYPE FREQ,NONE;:SOUR:DCS:VOLT:LEV 0;:TRIG:DEL 0;:TRIG:SOUR INT;:TRIG:TDEL 0;:VOLT:LEV 0.1;:DISP:WIND:TEXT1:DATA:FMSD:STAT OFF;:DISP:WIND:TEXT2:DATA:FMSD:STAT OFF;:FUNC:DCR:RANG:VAL 100;:FUNC:IMP:RANG:VAL 30000;:OUTP:DC:ISOL:LEV:VAL 2e-005;:OUTP:DC:ISOL:STAT OFF;:FUNC:DCR:RANG:AUTO ON;:FUNC:IMP:RANG:AUTO ON;:OUTP:DC:ISOL:LEV:AUTO ON;:DISP:PAGE MEASurement;
"
20000.0,-0.2276463279,32170.08987,2.32243e-06,0.0999792
20000.0,-0.2276427354,32169.84951,2.32246e-06,0.0999797
20000.0,-0.2276468633,32168.5587,2.32245e-06,0.0999806
20000.0,-0.2276507965,32168.48672,2.32247e-06,0.0999788
20000.0,-0.2276481531,32168.66794,2.32245e-06,0.0999792
20000.0,-0.2276487872,32168.47061,2.32245e-06,0.0999779
20000.0,-0.2276475893,32169.19671,2.32245e-06,0.0999785
20000.0,-0.2276450992,32169.22096,2.32247e-06,0.0999774
20000.0,-0.227647752,32169.10049,2.32245e-06,0.0999783
20000.0,-0.2276470905,32168.92204,2.32244e-06,0.0999791
20000.0,-0.2276515271,32169.71456,2.32243e-06,0.0999789
20000.0,-0.2276456949,32169.02472,2.32242e-06,0.0999775
20000.0,-0.2276486534,32169.25844,2.32243e-06,0.0999775
20000.0,-0.2276468281,32169.37647,2.32237e-06,0.0999781
20000.0,-0.2276439744,32170.26792,2.32239e-06,0.0999791
20000.0,-0.2276482519,32169.51918,2.32242e-06,0.0999776
Freq,20000,Rs,32169.232802500002,0.5532716373049714,Ls,-0.2276472577625,2.2619756850680895e-06
":SOUR:DCS:STAT OFF;:BIAS:STAT OFF;:COMP:BIN:COUN:CLE;:LIST:CLE:ALL;:COMP:BIN:CLE;:AMPL:ALC OFF;:APER MED,4;:BIAS:POL:AUTO OFF;:BIAS:RANG:AUTO ON;:BIAS:VOLT:LEV 0;:COMP:ABIN OFF;:COMP:BIN:COUN:STAT OFF;:COMP:MODE PTOL;:COMP:SLIM -9.9e+037,9.9e+037;:COMP:STAT OFF;:COMP:SWAP OFF;:COMP:TOL:NOM 0;:DISP:ENAB ON;:DISP:LINE """";:DISP:WIND:TEXT1:DATA:FMSD:DATA 1e-009;:DISP:WIND:TEXT2:DATA:FMSD:DATA 1e-009;:FORM:ASC:LONG ON;:FORM:BORD NORM;:FORM:DATA ASC,64;:FREQ:CW 20000;:FUNC:DEV1:MODE OFF;:FUNC:DEV1:REF:VAL 0;:FUNC:DEV2:MODE OFF;:FUNC:DEV2:REF:VAL 0;:FUNC:IMP:TYPE LSRS;:FUNC:SMON:IDC:STAT OFF;:FUNC:SMON:VDC:STAT OFF;:INIT:CONT OFF;:LIST:MODE SEQ;:LIST:STIM:TYPE FREQ,NONE;:SOUR:DCS:VOLT:LEV 0;:TRIG:DEL 0;:TRIG:SOUR INT;:TRIG:TDEL 0;:VOLT:LEV 0.1;:DISP:WIND:TEXT1:DATA:FMSD:STAT OFF;:DISP:WIND:TEXT2:DATA:FMSD:STAT OFF;:FUNC:DCR:RANG:VAL 100;:FUNC:IMP:RANG:VAL 30000;:OUTP:DC:ISOL:LEV:VAL 2e-005;:OUTP:DC:ISOL:STAT OFF;:FUNC:DCR:RANG:AUTO ON;:FUNC:IMP:RANG:AUTO ON;:OUTP:DC:ISOL:LEV:AUTO ON;:DISP:PAGE MEASurement;
"
20500.0,-0.2282828783,28477.27806,2.44267e-06,0.0999887
20500.0,-0.2282811122,28477.58629,2.44271e-06,0.0999893
20500.0,-0.2282822874,28476.91478,2.44274e-06,0.0999898
20500.0,-0.2282786526,28477.35512,2.4427e-06,0.0999883
20500.0,-0.2282782371,28477.40298,2.44277e-06,0.0999892
20500.0,-0.2282819024,28477.32588,2.44272e-06,0.0999888
20500.0,-0.2282835662,28478.07237,2.44277e-06,0.0999893
20500.0,-0.2282812451,28477.87588,2.44275e-06,0.0999895
20500.0,-0.2282819508,28477.82255,2.44277e-06,0.0999903
20500.0,-0.2282812308,28477.27245,2.44273e-06,0.0999905
20500.0,-0.2282833575,28477.30521,2.44273e-06,0.0999904
20500.0,-0.2282835956,28477.57222,2.44271e-06,0.0999885
20500.0,-0.228283429,28476.76641,2.44276e-06,0.0999899
20500.0,-0.2282849277,28476.68444,2.44275e-06,0.0999908
20500.0,-0.2282838889,28478.23679,2.44271e-06,0.0999908
20500.0,-0.2282849197,28477.89139,2.44269e-06,0.0999896
Freq,20500,Rs,28477.46017625,0.44734322057939035,Ls,-0.22828232383125,1.933047878256931e-06
":SOUR:DCS:STAT OFF;:BIAS:STAT OFF;:COMP:BIN:COUN:CLE;:LIST:CLE:ALL;:COMP:BIN:CLE;:AMPL:ALC OFF;:APER MED,4;:BIAS:POL:AUTO OFF;:BIAS:RANG:AUTO ON;:BIAS:VOLT:LEV 0;:COMP:ABIN OFF;:COMP:BIN:COUN:STAT OFF;:COMP:MODE PTOL;:COMP:SLIM -9.9e+037,9.9e+037;:COMP:STAT OFF;:COMP:SWAP OFF;:COMP:TOL:NOM 0;:DISP:ENAB ON;:DISP:LINE """";:DISP:WIND:TEXT1:DATA:FMSD:DATA 1e-009;:DISP:WIND:TEXT2:DATA:FMSD:DATA 1e-009;:FORM:ASC:LONG ON;:FORM:BORD NORM;:FORM:DATA ASC,64;:FREQ:CW 20500;:FUNC:DEV1:MODE OFF;:FUNC:DEV1:REF:VAL 0;:FUNC:DEV2:MODE OFF;:FUNC:DEV2:REF:VAL 0;:FUNC:IMP:TYPE LSRS;:FUNC:SMON:IDC:STAT OFF;:FUNC:SMON:VDC:STAT OFF;:INIT:CONT OFF;:LIST:MODE SEQ;:LIST:STIM:TYPE FREQ,NONE;:SOUR:DCS:VOLT:LEV 0;:TRIG:DEL 0;:TRIG:SOUR INT;:TRIG:TDEL 0;:VOLT:LEV 0.1;:DISP:WIND:TEXT1:DATA:FMSD:STAT OFF;:DISP:WIND:TEXT2:DATA:FMSD:STAT OFF;:FUNC:DCR:RANG:VAL 100;:FUNC:IMP:RANG:VAL 30000;:OUTP:DC:ISOL:LEV:VAL 2e-005;:OUTP:DC:ISOL:STAT OFF;:FUNC:DCR:RANG:AUTO ON;:FUNC:IMP:RANG:AUTO ON;:OUTP:DC:ISOL:LEV:AUTO ON;:DISP:PAGE MEASurement;
"
21000.0,-0.2245511222,25123.20356,2.57411e-06,0.0999939
21000.0,-0.2245505742,25123.06928,2.57412e-06,0.0999945
21000.0,-0.2245502078,25122.79428,2.57413e-06,0.099995
21000.0,-0.2245510364,25123.57537,2.57411e-06,0.0999935
21000.0,-0.224552249,25122.96224,2.5741e-06,0.0999961
21000.0,-0.2245494331,25123.46968,2.5741e-06,0.0999951
21000.0,-0.2245483919,25123.45845,2.57411e-06,0.0999952
21000.0,-0.224548637,25123.02064,2.5741e-06,0.099995
21000.0,-0.2245468936,25123.47434,2.57414e-06,0.0999929
21000.0,-0.224546037,25123.05005,2.57414e-06,0.0999959
21000.0,-0.2245506254,25122.76486,2.57411e-06,0.0999955
21000.0,-0.2245488185,25122.90676,2.57414e-06,0.0999947
21000.0,-0.2245496007,25123.17581,2.57409e-06,0.0999935
21000.0,-0.2245484958,25123.30295,2.57414e-06,0.0999945
21000.0,-0.22454877,25123.04578,2.57412e-06,0.0999949
21000.0,-0.2245519728,25123.59056,2.57414e-06,0.0999946
Freq,21000,Rs,25123.179038125003,0.27134155745634814,Ls,-0.2245495540875,1.7188586041820957e-06
":SOUR:DCS:STAT OFF;:BIAS:STAT OFF;:COMP:BIN:COUN:CLE;:LIST:CLE:ALL;:COMP:BIN:CLE;:AMPL:ALC OFF;:APER MED,4;:BIAS:POL:AUTO OFF;:BIAS:RANG:AUTO ON;:BIAS:VOLT:LEV 0;:COMP:ABIN OFF;:COMP:BIN:COUN:STAT OFF;:COMP:MODE PTOL;:COMP:SLIM -9.9e+037,9.9e+037;:COMP:STAT OFF;:COMP:SWAP OFF;:COMP:TOL:NOM 0;:DISP:ENAB ON;:DISP:LINE """";:DISP:WIND:TEXT1:DATA:FMSD:DATA 1e-009;:DISP:WIND:TEXT2:DATA:FMSD:DATA 1e-009;:FORM:ASC:LONG ON;:FORM:BORD NORM;:FORM:DATA ASC,64;:FREQ:CW 21000;:FUNC:DEV1:MODE OFF;:FUNC:DEV1:REF:VAL 0;:FUNC:DEV2:MODE OFF;:FUNC:DEV2:REF:VAL 0;:FUNC:IMP:TYPE LSRS;:FUNC:SMON:IDC:STAT OFF;:FUNC:SMON:VDC:STAT OFF;:INIT:CONT OFF;:LIST:MODE SEQ;:LIST:STIM:TYPE FREQ,NONE;:SOUR:DCS:VOLT:LEV 0;:TRIG:DEL 0;:TRIG:SOUR INT;:TRIG:TDEL 0;:VOLT:LEV 0.1;:DISP:WIND:TEXT1:DATA:FMSD:STAT OFF;:DISP:WIND:TEXT2:DATA:FMSD:STAT OFF;:FUNC:DCR:RANG:VAL 100;:FUNC:IMP:RANG:VAL 30000;:OUTP:DC:ISOL:LEV:VAL 2e-005;:OUTP:DC:ISOL:STAT OFF;:FUNC:DCR:RANG:AUTO ON;:FUNC:IMP:RANG:AUTO ON;:OUTP:DC:ISOL:LEV:AUTO ON;:DISP:PAGE MEASurement;
"
22000.0,-0.2096053631,19530.95374,2.86161e-06,0.0999913
22000.0,-0.209607429,19530.89764,2.86157e-06,0.0999911
22000.0,-0.2096102964,19530.82243,2.86156e-06,0.0999909
22000.0,-0.2096081553,19531.30743,2.86162e-06,0.0999907
22000.0,-0.2096061964,19530.44001,2.86158e-06,0.0999908
22000.0,-0.2096079325,19531.37186,2.86162e-06,0.099992
22000.0,-0.2096079134,19531.42717,2.8616e-06,0.0999922
22000.0,-0.2096067412,19530.81278,2.8616e-06,0.099991
22000.0,-0.2096079392,19531.03633,2.86164e-06,0.0999921
22000.0,-0.2096082566,19530.99476,2.86161e-06,0.0999906
22000.0,-0.2096076771,19531.00407,2.86159e-06,0.0999912
22000.0,-0.2096069857,19530.54735,2.86163e-06,0.0999907
22000.0,-0.2096103791,19530.68278,2.8616e-06,0.0999919
22000.0,-0.209610957,19530.75152,2.86161e-06,0.0999928
22000.0,-0.2096090892,19530.56477,2.86166e-06,0.099993
22000.0,-0.2096093443,19530.88289,2.86158e-06,0.0999908
Freq,22000,Rs,19530.906095624996,0.287371329513189,Ls,-0.20960816596874998,1.540255474356084e-06
":SOUR:DCS:STAT OFF;:BIAS:STAT OFF;:COMP:BIN:COUN:CLE;:LIST:CLE:ALL;:COMP:BIN:CLE;:AMPL:ALC OFF;:APER MED,4;:BIAS:POL:AUTO OFF;:BIAS:RANG:AUTO ON;:BIAS:VOLT:LEV 0;:COMP:ABIN OFF;:COMP:BIN:COUN:STAT OFF;:COMP:MODE PTOL;:COMP:SLIM -9.9e+037,9.9e+037;:COMP:STAT OFF;:COMP:SWAP OFF;:COMP:TOL:NOM 0;:DISP:ENAB ON;:DISP:LINE """";:DISP:WIND:TEXT1:DATA:FMSD:DATA 1e-009;:DISP:WIND:TEXT2:DATA:FMSD:DATA 1e-009;:FORM:ASC:LONG ON;:FORM:BORD NORM;:FORM:DATA ASC,64;:FREQ:CW 22000;:FUNC:DEV1:MODE OFF;:FUNC:DEV1:REF:VAL 0;:FUNC:DEV2:MODE OFF;:FUNC:DEV2:REF:VAL 0;:FUNC:IMP:TYPE LSRS;:FUNC:SMON:IDC:STAT OFF;:FUNC:SMON:VDC:STAT OFF;:INIT:CONT OFF;:LIST:MODE SEQ;:LIST:STIM:TYPE FREQ,NONE;:SOUR:DCS:VOLT:LEV 0;:TRIG:DEL 0;:TRIG:SOUR INT;:TRIG:TDEL 0;:VOLT:LEV 0.1;:DISP:WIND:TEXT1:DATA:FMSD:STAT OFF;:DISP:WIND:TEXT2:DATA:FMSD:STAT OFF;:FUNC:DCR:RANG:VAL 100;:FUNC:IMP:RANG:VAL 30000;:OUTP:DC:ISOL:LEV:VAL 2e-005;:OUTP:DC:ISOL:STAT OFF;:FUNC:DCR:RANG:AUTO ON;:FUNC:IMP:RANG:AUTO ON;:OUTP:DC:ISOL:LEV:AUTO ON;:DISP:PAGE MEASurement;
"
24000.0,-0.1717133978,12134.24067,3.4937e-06,0.0999075
24000.0,-0.171713899,12134.42354,3.49373e-06,0.0999071
24000.0,-0.1717144325,12134.92795,3.49369e-06,0.0999066
24000.0,-0.1717158564,12134.48625,3.4937e-06,0.099907
24000.0,-0.1717151407,12134.24512,3.49372e-06,0.0999067
24000.0,-0.1717144782,12134.57068,3.49369e-06,0.099907
24000.0,-0.1717125255,12134.28683,3.4937e-06,0.0999067
24000.0,-0.1717124432,12134.27748,3.49367e-06,0.0999058
24000.0,-0.1717157664,12134.62791,3.49371e-06,0.0999065
24000.0,-0.1717149567,12134.22198,3.49372e-06,0.099908
24000.0,-0.1717140405,12134.19407,3.49372e-06,0.0999067
24000.0,-0.1717132496,12134.21382,3.49371e-06,0.0999068
24000.0,-0.1717136959,12134.74415,3.49374e-06,0.0999064
24000.0,-0.1717146259,12134.58044,3.49373e-06,0.0999062
24000.0,-0.1717142463,12134.55225,3.49373e-06,0.0999066
24000.0,-0.1717144601,12134.34622,3.49372e-06,0.0999073
Freq,24000,Rs,12134.433710000001,0.21796652782784884,Ls,-0.17171420091875,9.94808033219453e-07
":SOUR:DCS:STAT OFF;:BIAS:STAT OFF;:COMP:BIN:COUN:CLE;:LIST:CLE:ALL;:COMP:BIN:CLE;:AMPL:ALC OFF;:APER MED,4;:BIAS:POL:AUTO OFF;:BIAS:RANG:AUTO ON;:BIAS:VOLT:LEV 0;:COMP:ABIN OFF;:COMP:BIN:COUN:STAT OFF;:COMP:MODE PTOL;:COMP:SLIM -9.9e+037,9.9e+037;:COMP:STAT OFF;:COMP:SWAP OFF;:COMP:TOL:NOM 0;:DISP:ENAB ON;:DISP:LINE """";:DISP:WIND:TEXT1:DATA:FMSD:DATA 1e-009;:DISP:WIND:TEXT2:DATA:FMSD:DATA 1e-009;:FORM:ASC:LONG ON;:FORM:BORD NORM;:FORM:DATA ASC,64;:FREQ:CW 24000;:FUNC:DEV1:MODE OFF;:FUNC:DEV1:REF:VAL 0;:FUNC:DEV2:MODE OFF;:FUNC:DEV2:REF:VAL 0;:FUNC:IMP:TYPE LSRS;:FUNC:SMON:IDC:STAT OFF;:FUNC:SMON:VDC:STAT OFF;:INIT:CONT OFF;:LIST:MODE SEQ;:LIST:STIM:TYPE FREQ,NONE;:SOUR:DCS:VOLT:LEV 0;:TRIG:DEL 0;:TRIG:SOUR INT;:TRIG:TDEL 0;:VOLT:LEV 0.1;:DISP:WIND:TEXT1:DATA:FMSD:STAT OFF;:DISP:WIND:TEXT2:DATA:FMSD:STAT OFF;:FUNC:DCR:RANG:VAL 100;:FUNC:IMP:RANG:VAL 30000;:OUTP:DC:ISOL:LEV:VAL 2e-005;:OUTP:DC:ISOL:STAT OFF;:FUNC:DCR:RANG:AUTO ON;:FUNC:IMP:RANG:AUTO ON;:OUTP:DC:ISOL:LEV:AUTO ON;:DISP:PAGE MEASurement;
"
25000.0,-0.1541579845,9763.961446,3.83139e-06,0.100035
25000.0,-0.1541584835,9764.153334,3.8313e-06,0.100035
25000.0,-0.1541578549,9764.445506,3.83138e-06,0.100035
25000.0,-0.1541596508,9764.187872,3.83131e-06,0.100036
25000.0,-0.1541591715,9764.11207,3.83144e-06,0.100035
25000.0,-0.1541564897,9764.0843,3.83135e-06,0.100035
25000.0,-0.154159402,9764.320421,3.83138e-06,0.100036
25000.0,-0.1541592161,9763.859149,3.83142e-06,0.100037
25000.0,-0.1541604418,9763.927268,3.83138e-06,0.100037
25000.0,-0.1541581732,9763.751868,3.83139e-06,0.100037
25000.0,-0.1541593658,9764.129586,3.83135e-06,0.100036
25000.0,-0.1541588804,9764.328756,3.83142e-06,0.100037
25000.0,-0.1541584732,9764.130482,3.83141e-06,0.100036
25000.0,-0.1541574753,9764.031787,3.83135e-06,0.100036
25000.0,-0.1541584856,9764.26869,3.83136e-06,0.100037
25000.0,-0.154158657,9764.189848,3.83135e-06,0.100037
Freq,25000,Rs,9764.1176489375,0.18211510360111613,Ls,-0.15415863783125,9.440499073755714e-07
":SOUR:DCS:STAT OFF;:BIAS:STAT OFF;:COMP:BIN:COUN:CLE;:LIST:CLE:ALL;:COMP:BIN:CLE;:AMPL:ALC OFF;:APER MED,4;:BIAS:POL:AUTO OFF;:BIAS:RANG:AUTO ON;:BIAS:VOLT:LEV 0;:COMP:ABIN OFF;:COMP:BIN:COUN:STAT OFF;:COMP:MODE PTOL;:COMP:SLIM -9.9e+037,9.9e+037;:COMP:STAT OFF;:COMP:SWAP OFF;:COMP:TOL:NOM 0;:DISP:ENAB ON;:DISP:LINE """";:DISP:WIND:TEXT1:DATA:FMSD:DATA 1e-009;:DISP:WIND:TEXT2:DATA:FMSD:DATA 1e-009;:FORM:ASC:LONG ON;:FORM:BORD NORM;:FORM:DATA ASC,64;:FREQ:CW 25000;:FUNC:DEV1:MODE OFF;:FUNC:DEV1:REF:VAL 0;:FUNC:DEV2:MODE OFF;:FUNC:DEV2:REF:VAL 0;:FUNC:IMP:TYPE LSRS;:FUNC:SMON:IDC:STAT OFF;:FUNC:SMON:VDC:STAT OFF;:INIT:CONT OFF;:LIST:MODE SEQ;:LIST:STIM:TYPE FREQ,NONE;:SOUR:DCS:VOLT:LEV 0;:TRIG:DEL 0;:TRIG:SOUR INT;:TRIG:TDEL 0;:VOLT:LEV 0.1;:DISP:WIND:TEXT1:DATA:FMSD:STAT OFF;:DISP:WIND:TEXT2:DATA:FMSD:STAT OFF;:FUNC:DCR:RANG:VAL 100;:FUNC:IMP:RANG:VAL 10000;:OUTP:DC:ISOL:LEV:VAL 0.0002;:OUTP:DC:ISOL:STAT OFF;:FUNC:DCR:RANG:AUTO ON;:FUNC:IMP:RANG:AUTO ON;:OUTP:DC:ISOL:LEV:AUTO ON;:DISP:PAGE MEASurement;
"
30000.0,-0.09345205104,3986.315605,5.52959e-06,0.0998696
30000.0,-0.09345367478,3986.621188,5.52971e-06,0.09987
30000.0,-0.09345321116,3986.602299,5.52965e-06,0.0998699
30000.0,-0.09345315795,3986.203014,5.52969e-06,0.0998707
30000.0,-0.09345338015,3986.220761,5.52966e-06,0.0998699
30000.0,-0.09345366523,3986.304702,5.52953e-06,0.0998712
30000.0,-0.09345323777,3986.276899,5.52958e-06,0.0998696
30000.0,-0.09345263413,3986.17782,5.52953e-06,0.0998702
30000.0,-0.09345218521,3986.295803,5.52965e-06,0.0998698
30000.0,-0.0934525821,3986.287039,5.52963e-06,0.099869
30000.0,-0.09345409131,3986.749555,5.52957e-06,0.0998695
30000.0,-0.09345443148,3986.574741,5.5296e-06,0.0998706
30000.0,-0.09345443103,3986.5566,5.52964e-06,0.0998694
30000.0,-0.09345297078,3986.258633,5.52953e-06,0.0998696
30000.0,-0.09345349887,3986.437502,5.52959e-06,0.099871
30000.0,-0.09345333035,3986.205801,5.52959e-06,0.0998704
Freq,30000,Rs,3986.380497625,0.18172943792568128,Ls,-0.09345328333375001,7.025525266419128e-07
":SOUR:DCS:STAT OFF;:BIAS:STAT OFF;:COMP:BIN:COUN:CLE;:LIST:CLE:ALL;:COMP:BIN:CLE;:AMPL:ALC OFF;:APER MED,4;:BIAS:POL:AUTO OFF;:BIAS:RANG:AUTO ON;:BIAS:VOLT:LEV 0;:COMP:ABIN OFF;:COMP:BIN:COUN:STAT OFF;:COMP:MODE PTOL;:COMP:SLIM -9.9e+037,9.9e+037;:COMP:STAT OFF;:COMP:SWAP OFF;:COMP:TOL:NOM 0;:DISP:ENAB ON;:DISP:LINE """";:DISP:WIND:TEXT1:DATA:FMSD:DATA 1e-009;:DISP:WIND:TEXT2:DATA:FMSD:DATA 1e-009;:FORM:ASC:LONG ON;:FORM:BORD NORM;:FORM:DATA ASC,64;:FREQ:CW 30000;:FUNC:DEV1:MODE OFF;:FUNC:DEV1:REF:VAL 0;:FUNC:DEV2:MODE OFF;:FUNC:DEV2:REF:VAL 0;:FUNC:IMP:TYPE LSRS;:FUNC:SMON:IDC:STAT OFF;:FUNC:SMON:VDC:STAT OFF;:INIT:CONT OFF;:LIST:MODE SEQ;:LIST:STIM:TYPE FREQ,NONE;:SOUR:DCS:VOLT:LEV 0;:TRIG:DEL 0;:TRIG:SOUR INT;:TRIG:TDEL 0;:VOLT:LEV 0.1;:DISP:WIND:TEXT1:DATA:FMSD:STAT OFF;:DISP:WIND:TEXT2:DATA:FMSD:STAT OFF;:FUNC:DCR:RANG:VAL 100;:FUNC:IMP:RANG:VAL 10000;:OUTP:DC:ISOL:LEV:VAL 0.0002;:OUTP:DC:ISOL:STAT OFF;:FUNC:DCR:RANG:AUTO ON;:FUNC:IMP:RANG:AUTO ON;:OUTP:DC:ISOL:LEV:AUTO ON;:DISP:PAGE MEASurement;
"
40000.0,-0.04437798255,1199.354423,8.98782e-06,0.100825
40000.0,-0.04437816352,1199.388694,8.9882e-06,0.100827
40000.0,-0.04437805193,1199.402967,8.98811e-06,0.100827
40000.0,-0.0443785016,1199.365959,8.9881e-06,0.100828
40000.0,-0.04437779885,1199.349697,8.98835e-06,0.100826
40000.0,-0.04437801699,1199.366216,8.98805e-06,0.100825
40000.0,-0.04437759146,1199.305715,8.98842e-06,0.100829
40000.0,-0.04437779296,1199.328809,8.98829e-06,0.100828
40000.0,-0.04437738139,1199.340258,8.98838e-06,0.100829
40000.0,-0.04437788595,1199.331341,8.9885e-06,0.100828
40000.0,-0.04437747114,1199.283646,8.98814e-06,0.100825
40000.0,-0.04437774556,1199.342498,8.98814e-06,0.100826
40000.0,-0.04437821427,1199.375051,8.98799e-06,0.100825
40000.0,-0.04437894843,1199.354661,8.98786e-06,0.100824
40000.0,-0.04437816762,1199.297226,8.98805e-06,0.100827
40000.0,-0.04437809128,1199.382507,8.98828e-06,0.100826
Freq,40000,Rs,1199.34810425,0.03325259431381941,Ls,-0.044377987843749994,3.874254002501809e-07
":SOUR:DCS:STAT OFF;:BIAS:STAT OFF;:COMP:BIN:COUN:CLE;:LIST:CLE:ALL;:COMP:BIN:CLE;:AMPL:ALC OFF;:APER MED,4;:BIAS:POL:AUTO OFF;:BIAS:RANG:AUTO ON;:BIAS:VOLT:LEV 0;:COMP:ABIN OFF;:COMP:BIN:COUN:STAT OFF;:COMP:MODE PTOL;:COMP:SLIM -9.9e+037,9.9e+037;:COMP:STAT OFF;:COMP:SWAP OFF;:COMP:TOL:NOM 0;:DISP:ENAB ON;:DISP:LINE """";:DISP:WIND:TEXT1:DATA:FMSD:DATA 1e-009;:DISP:WIND:TEXT2:DATA:FMSD:DATA 1e-009;:FORM:ASC:LONG ON;:FORM:BORD NORM;:FORM:DATA ASC,64;:FREQ:CW 40000;:FUNC:DEV1:MODE OFF;:FUNC:DEV1:REF:VAL 0;:FUNC:DEV2:MODE OFF;:FUNC:DEV2:REF:VAL 0;:FUNC:IMP:TYPE LSRS;:FUNC:SMON:IDC:STAT OFF;:FUNC:SMON:VDC:STAT OFF;:INIT:CONT OFF;:LIST:MODE SEQ;:LIST:STIM:TYPE FREQ,NONE;:SOUR:DCS:VOLT:LEV 0;:TRIG:DEL 0;:TRIG:SOUR INT;:TRIG:TDEL 0;:VOLT:LEV 0.1;:DISP:WIND:TEXT1:DATA:FMSD:STAT OFF;:DISP:WIND:TEXT2:DATA:FMSD:STAT OFF;:FUNC:DCR:RANG:VAL 100;:FUNC:IMP:RANG:VAL 10000;:OUTP:DC:ISOL:LEV:VAL 0.0002;:OUTP:DC:ISOL:STAT OFF;:FUNC:DCR:RANG:AUTO ON;:FUNC:IMP:RANG:AUTO ON;:OUTP:DC:ISOL:LEV:AUTO ON;:DISP:PAGE MEASurement;
"
50000.0,-0.02593667042,534.1700336,1.22161e-05,0.0997534
50000.0,-0.02593689142,534.117302,1.22162e-05,0.099754
50000.0,-0.02593692418,534.1057362,1.2216e-05,0.0997552
50000.0,-0.02593671726,534.1600515,1.22165e-05,0.0997562
50000.0,-0.0259366421,534.1580696,1.22161e-05,0.0997525
50000.0,-0.0259367613,534.1206113,1.22159e-05,0.0997512
50000.0,-0.0259366884,534.1270832,1.22162e-05,0.0997578
50000.0,-0.02593672381,534.1019802,1.22162e-05,0.0997559
50000.0,-0.02593668502,534.0913039,1.22164e-05,0.0997544
50000.0,-0.02593645248,534.0812225,1.22164e-05,0.0997557
50000.0,-0.02593661075,534.0915561,1.22165e-05,0.0997575
50000.0,-0.02593684857,534.1031335,1.22165e-05,0.0997553
50000.0,-0.02593671033,534.1441386,1.22162e-05,0.0997566
50000.0,-0.02593670608,534.0338396,1.22166e-05,0.0997572
50000.0,-0.0259368439,534.1041696,1.22163e-05,0.0997543
50000.0,-0.02593671808,534.0893565,1.22165e-05,0.0997576
Freq,50000,Rs,534.1124742437501,0.03449945606632837,Ls,-0.025936724631249998,1.1514700840682391e-07
":SOUR:DCS:STAT OFF;:BIAS:STAT OFF;:COMP:BIN:COUN:CLE;:LIST:CLE:ALL;:COMP:BIN:CLE;:AMPL:ALC OFF;:APER MED,4;:BIAS:POL:AUTO OFF;:BIAS:RANG:AUTO ON;:BIAS:VOLT:LEV 0;:COMP:ABIN OFF;:COMP:BIN:COUN:STAT OFF;:COMP:MODE PTOL;:COMP:SLIM -9.9e+037,9.9e+037;:COMP:STAT OFF;:COMP:SWAP OFF;:COMP:TOL:NOM 0;:DISP:ENAB ON;:DISP:LINE """";:DISP:WIND:TEXT1:DATA:FMSD:DATA 1e-009;:DISP:WIND:TEXT2:DATA:FMSD:DATA 1e-009;:FORM:ASC:LONG ON;:FORM:BORD NORM;:FORM:DATA ASC,64;:FREQ:CW 50000;:FUNC:DEV1:MODE OFF;:FUNC:DEV1:REF:VAL 0;:FUNC:DEV2:MODE OFF;:FUNC:DEV2:REF:VAL 0;:FUNC:IMP:TYPE LSRS;:FUNC:SMON:IDC:STAT OFF;:FUNC:SMON:VDC:STAT OFF;:INIT:CONT OFF;:LIST:MODE SEQ;:LIST:STIM:TYPE FREQ,NONE;:SOUR:DCS:VOLT:LEV 0;:TRIG:DEL 0;:TRIG:SOUR INT;:TRIG:TDEL 0;:VOLT:LEV 0.1;:DISP:WIND:TEXT1:DATA:FMSD:STAT OFF;:DISP:WIND:TEXT2:DATA:FMSD:STAT OFF;:FUNC:DCR:RANG:VAL 100;:FUNC:IMP:RANG:VAL 3000;:OUTP:DC:ISOL:LEV:VAL 0.0002;:OUTP:DC:ISOL:STAT OFF;:FUNC:DCR:RANG:AUTO ON;:FUNC:IMP:RANG:AUTO ON;:OUTP:DC:ISOL:LEV:AUTO ON;:DISP:PAGE MEASurement;
"
60000.0,-0.01695951726,311.2065977,1.56313e-05,0.100059
60000.0,-0.01695943054,311.2046527,1.56313e-05,0.10006
60000.0,-0.01695954114,311.1973079,1.56315e-05,0.100061
60000.0,-0.01695952895,311.2093853,1.56322e-05,0.100061
60000.0,-0.0169595611,311.2017938,1.56314e-05,0.100058
60000.0,-0.01695948565,311.2241648,1.56318e-05,0.100061
60000.0,-0.01695950857,311.2105917,1.56318e-05,0.100062
60000.0,-0.01695952476,311.2047619,1.56323e-05,0.10006
60000.0,-0.01695943269,311.2058422,1.56316e-05,0.100059
60000.0,-0.01695945975,311.2077586,1.56318e-05,0.100062
60000.0,-0.01695954415,311.228477,1.5632e-05,0.10006
60000.0,-0.01695942229,311.196889,1.56316e-05,0.100062
60000.0,-0.01695955797,311.2065939,1.56312e-05,0.100057
60000.0,-0.01695941368,311.1959747,1.56318e-05,0.100061
60000.0,-0.01695955563,311.2234757,1.56319e-05,0.100062
60000.0,-0.01695948718,311.211848,1.56318e-05,0.10006
Freq,60000,Rs,311.20850718125,0.00962870933034124,Ls,-0.016959498206875,5.192101009753772e-08
":SOUR:DCS:STAT OFF;:BIAS:STAT OFF;:COMP:BIN:COUN:CLE;:LIST:CLE:ALL;:COMP:BIN:CLE;:AMPL:ALC OFF;:APER MED,4;:BIAS:POL:AUTO OFF;:BIAS:RANG:AUTO ON;:BIAS:VOLT:LEV 0;:COMP:ABIN OFF;:COMP:BIN:COUN:STAT OFF;:COMP:MODE PTOL;:COMP:SLIM -9.9e+037,9.9e+037;:COMP:STAT OFF;:COMP:SWAP OFF;:COMP:TOL:NOM 0;:DISP:ENAB ON;:DISP:LINE """";:DISP:WIND:TEXT1:DATA:FMSD:DATA 1e-009;:DISP:WIND:TEXT2:DATA:FMSD:DATA 1e-009;:FORM:ASC:LONG ON;:FORM:BORD NORM;:FORM:DATA ASC,64;:FREQ:CW 60000;:FUNC:DEV1:MODE OFF;:FUNC:DEV1:REF:VAL 0;:FUNC:DEV2:MODE OFF;:FUNC:DEV2:REF:VAL 0;:FUNC:IMP:TYPE LSRS;:FUNC:SMON:IDC:STAT OFF;:FUNC:SMON:VDC:STAT OFF;:INIT:CONT OFF;:LIST:MODE SEQ;:LIST:STIM:TYPE FREQ,NONE;:SOUR:DCS:VOLT:LEV 0;:TRIG:DEL 0;:TRIG:SOUR INT;:TRIG:TDEL 0;:VOLT:LEV 0.1;:DISP:WIND:TEXT1:DATA:FMSD:STAT OFF;:DISP:WIND:TEXT2:DATA:FMSD:STAT OFF;:FUNC:DCR:RANG:VAL 100;:FUNC:IMP:RANG:VAL 3000;:OUTP:DC:ISOL:LEV:VAL 0.0002;:OUTP:DC:ISOL:STAT OFF;:FUNC:DCR:RANG:AUTO ON;:FUNC:IMP:RANG:AUTO ON;:OUTP:DC:ISOL:LEV:AUTO ON;:DISP:PAGE MEASurement;
"
70000.0,-0.01188573402,304.2247604,1.90362e-05,0.0996828
70000.0,-0.01188574357,304.2325931,1.9036e-05,0.0996844
70000.0,-0.01188574887,304.2247214,1.90363e-05,0.0996837
70000.0,-0.01188568945,304.2238652,1.90365e-05,0.099684
70000.0,-0.01188579152,304.2216928,1.90366e-05,0.0996823
70000.0,-0.01188574058,304.2385062,1.90366e-05,0.0996856
70000.0,-0.01188575413,304.2273426,1.90366e-05,0.0996844
70000.0,-0.01188574193,304.2294335,1.90356e-05,0.0996807
70000.0,-0.01188575272,304.2269082,1.90357e-05,0.0996827
70000.0,-0.0118857124,304.2350744,1.90365e-05,0.0996835
70000.0,-0.01188573603,304.2152474,1.90361e-05,0.0996815
70000.0,-0.01188576645,304.2286692,1.90368e-05,0.0996856
70000.0,-0.01188578261,304.2442574,1.90367e-05,0.099685
70000.0,-0.01188576056,304.2276631,1.90361e-05,0.0996828
70000.0,-0.01188576141,304.2345462,1.90365e-05,0.0996823
70000.0,-0.0118857591,304.2336083,1.90362e-05,0.0996838
Freq,70000,Rs,304.2293055875,0.007013561388417759,Ls,-0.011885748459375,2.4625166657503026e-08
":SOUR:DCS:STAT OFF;:BIAS:STAT OFF;:COMP:BIN:COUN:CLE;:LIST:CLE:ALL;:COMP:BIN:CLE;:AMPL:ALC OFF;:APER MED,4;:BIAS:POL:AUTO OFF;:BIAS:RANG:AUTO ON;:BIAS:VOLT:LEV 0;:COMP:ABIN OFF;:COMP:BIN:COUN:STAT OFF;:COMP:MODE PTOL;:COMP:SLIM -9.9e+037,9.9e+037;:COMP:STAT OFF;:COMP:SWAP OFF;:COMP:TOL:NOM 0;:DISP:ENAB ON;:DISP:LINE """";:DISP:WIND:TEXT1:DATA:FMSD:DATA 1e-009;:DISP:WIND:TEXT2:DATA:FMSD:DATA 1e-009;:FORM:ASC:LONG ON;:FORM:BORD NORM;:FORM:DATA ASC,64;:FREQ:CW 70000;:FUNC:DEV1:MODE OFF;:FUNC:DEV1:REF:VAL 0;:FUNC:DEV2:MODE OFF;:FUNC:DEV2:REF:VAL 0;:FUNC:IMP:TYPE LSRS;:FUNC:SMON:IDC:STAT OFF;:FUNC:SMON:VDC:STAT OFF;:INIT:CONT OFF;:LIST:MODE SEQ;:LIST:STIM:TYPE FREQ,NONE;:SOUR:DCS:VOLT:LEV 0;:TRIG:DEL 0;:TRIG:SOUR INT;:TRIG:TDEL 0;:VOLT:LEV 0.1;:DISP:WIND:TEXT1:DATA:FMSD:STAT OFF;:DISP:WIND:TEXT2:DATA:FMSD:STAT OFF;:FUNC:DCR:RANG:VAL 100;:FUNC:IMP:RANG:VAL 3000;:OUTP:DC:ISOL:LEV:VAL 0.0002;:OUTP:DC:ISOL:STAT OFF;:FUNC:DCR:RANG:AUTO ON;:FUNC:IMP:RANG:AUTO ON;:OUTP:DC:ISOL:LEV:AUTO ON;:DISP:PAGE MEASurement;
"
80000.0,-0.008922002108,232.895644,2.22307e-05,0.0998329
80000.0,-0.008922034336,232.9112773,2.22312e-05,0.0998352
80000.0,-0.008921967181,232.9007083,2.22321e-05,0.0998392
80000.0,-0.008921996615,232.9082778,2.22311e-05,0.0998343
80000.0,-0.008922102472,232.9079812,2.22312e-05,0.0998351
80000.0,-0.008922024656,232.9120137,2.22312e-05,0.0998357
80000.0,-0.008922024371,232.9016666,2.22318e-05,0.0998361
80000.0,-0.008921965483,232.9133372,2.22316e-05,0.0998336
80000.0,-0.008921986128,232.9143655,2.22315e-05,0.0998352
80000.0,-0.008922004477,232.907515,2.22312e-05,0.099837
80000.0,-0.008921996011,232.9109747,2.22316e-05,0.0998357
80000.0,-0.008922018226,232.9038091,2.22319e-05,0.0998365
80000.0,-0.008921998395,232.904741,2.22318e-05,0.0998383
80000.0,-0.008922077892,232.9106185,2.22317e-05,0.0998376
80000.0,-0.008921962875,232.9068851,2.22326e-05,0.0998391
80000.0,-0.008921930107,232.8939548,2.22328e-05,0.0998402
Freq,80000,Rs,232.90648561249998,0.006043326611492963,Ls,-0.0089220057083125,4.284701635915828e-08
":SOUR:DCS:STAT OFF;:BIAS:STAT OFF;:COMP:BIN:COUN:CLE;:LIST:CLE:ALL;:COMP:BIN:CLE;:AMPL:ALC OFF;:APER MED,4;:BIAS:POL:AUTO OFF;:BIAS:RANG:AUTO ON;:BIAS:VOLT:LEV 0;:COMP:ABIN OFF;:COMP:BIN:COUN:STAT OFF;:COMP:MODE PTOL;:COMP:SLIM -9.9e+037,9.9e+037;:COMP:STAT OFF;:COMP:SWAP OFF;:COMP:TOL:NOM 0;:DISP:ENAB ON;:DISP:LINE """";:DISP:WIND:TEXT1:DATA:FMSD:DATA 1e-009;:DISP:WIND:TEXT2:DATA:FMSD:DATA 1e-009;:FORM:ASC:LONG ON;:FORM:BORD NORM;:FORM:DATA ASC,64;:FREQ:CW 80000;:FUNC:DEV1:MODE OFF;:FUNC:DEV1:REF:VAL 0;:FUNC:DEV2:MODE OFF;:FUNC:DEV2:REF:VAL 0;:FUNC:IMP:TYPE LSRS;:FUNC:SMON:IDC:STAT OFF;:FUNC:SMON:VDC:STAT OFF;:INIT:CONT OFF;:LIST:MODE SEQ;:LIST:STIM:TYPE FREQ,NONE;:SOUR:DCS:VOLT:LEV 0;:TRIG:DEL 0;:TRIG:SOUR INT;:TRIG:TDEL 0;:VOLT:LEV 0.1;:DISP:WIND:TEXT1:DATA:FMSD:STAT OFF;:DISP:WIND:TEXT2:DATA:FMSD:STAT OFF;:FUNC:DCR:RANG:VAL 100;:FUNC:IMP:RANG:VAL 3000;:OUTP:DC:ISOL:LEV:VAL 0.0002;:OUTP:DC:ISOL:STAT OFF;:FUNC:DCR:RANG:AUTO ON;:FUNC:IMP:RANG:AUTO ON;:OUTP:DC:ISOL:LEV:AUTO ON;:DISP:PAGE MEASurement;
"
90000.0,-0.006791030803,194.2336903,2.59511e-05,0.0997874
90000.0,-0.006791101996,194.2413353,2.5951e-05,0.0997863
90000.0,-0.006791050371,194.2276977,2.59517e-05,0.0997908
90000.0,-0.006791032716,194.2265557,2.59511e-05,0.0997858
90000.0,-0.006791010627,194.2350025,2.59509e-05,0.0997863
90000.0,-0.006791029941,194.2354755,2.59513e-05,0.0997865
90000.0,-0.006791057689,194.2295763,2.59512e-05,0.0997875
90000.0,-0.006791042101,194.2306261,2.59515e-05,0.0997897
90000.0,-0.006791053788,194.2308895,2.59523e-05,0.0997929
90000.0,-0.006791066746,194.2318077,2.59515e-05,0.0997897
90000.0,-0.006791090971,194.2436796,2.59519e-05,0.0997872
90000.0,-0.006791060729,194.2292846,2.59511e-05,0.0997855
90000.0,-0.006791049315,194.2301625,2.5951e-05,0.0997879
90000.0,-0.006791054187,194.2365037,2.59513e-05,0.0997859
90000.0,-0.006791089003,194.2374173,2.59516e-05,0.0997914
90000.0,-0.006791084133,194.2406628,2.59514e-05,0.0997862
Freq,90000,Rs,194.23377294375,0.0050978785825717896,Ls,-0.00679105656975,2.5228709105574296e-08
":SOUR:DCS:STAT OFF;:BIAS:STAT OFF;:COMP:BIN:COUN:CLE;:LIST:CLE:ALL;:COMP:BIN:CLE;:AMPL:ALC OFF;:APER MED,4;:BIAS:POL:AUTO OFF;:BIAS:RANG:AUTO ON;:BIAS:VOLT:LEV 0;:COMP:ABIN OFF;:COMP:BIN:COUN:STAT OFF;:COMP:MODE PTOL;:COMP:SLIM -9.9e+037,9.9e+037;:COMP:STAT OFF;:COMP:SWAP OFF;:COMP:TOL:NOM 0;:DISP:ENAB ON;:DISP:LINE """";:DISP:WIND:TEXT1:DATA:FMSD:DATA 1e-009;:DISP:WIND:TEXT2:DATA:FMSD:DATA 1e-009;:FORM:ASC:LONG ON;:FORM:BORD NORM;:FORM:DATA ASC,64;:FREQ:CW 90000;:FUNC:DEV1:MODE OFF;:FUNC:DEV1:REF:VAL 0;:FUNC:DEV2:MODE OFF;:FUNC:DEV2:REF:VAL 0;:FUNC:IMP:TYPE LSRS;:FUNC:SMON:IDC:STAT OFF;:FUNC:SMON:VDC:STAT OFF;:INIT:CONT OFF;:LIST:MODE SEQ;:LIST:STIM:TYPE FREQ,NONE;:SOUR:DCS:VOLT:LEV 0;:TRIG:DEL 0;:TRIG:SOUR INT;:TRIG:TDEL 0;:VOLT:LEV 0.1;:DISP:WIND:TEXT1:DATA:FMSD:STAT OFF;:DISP:WIND:TEXT2:DATA:FMSD:STAT OFF;:FUNC:DCR:RANG:VAL 100;:FUNC:IMP:RANG:VAL 3000;:OUTP:DC:ISOL:LEV:VAL 0.0002;:OUTP:DC:ISOL:STAT OFF;:FUNC:DCR:RANG:AUTO ON;:FUNC:IMP:RANG:AUTO ON;:OUTP:DC:ISOL:LEV:AUTO ON;:DISP:PAGE MEASurement;
"
100000.0,-0.005261478785,202.0197242,3.00627e-05,0.0995678
100000.0,-0.005261458485,202.0119214,3.00628e-05,0.0995694
100000.0,-0.005261494427,202.0089855,3.00626e-05,0.0995704
100000.0,-0.005261468077,202.0001003,3.0063e-05,0.0995696
100000.0,-0.005261477619,201.9970438,3.00629e-05,0.0995682
100000.0,-0.00526143688,202.0152355,3.00631e-05,0.0995669
100000.0,-0.005261445666,202.0021425,3.00621e-05,0.099567
100000.0,-0.005261419022,202.0067826,3.00626e-05,0.0995681
100000.0,-0.005261442602,202.0114145,3.00626e-05,0.0995666
100000.0,-0.005261438688,202.0236463,3.00622e-05,0.099567
100000.0,-0.00526143855,202.0031128,3.00622e-05,0.0995676
100000.0,-0.0052614229,202.0189077,3.00625e-05,0.099566
100000.0,-0.005261464538,202.0059183,3.00619e-05,0.0995656
100000.0,-0.005261448322,202.0015808,3.00619e-05,0.0995664
100000.0,-0.005261444652,201.9969933,3.00616e-05,0.0995644
100000.0,-0.005261437215,202.0171058,3.00611e-05,0.0995631
Freq,100000,Rs,202.00878845625,0.008419730987939265,Ls,-0.00526145102675,2.0899815892358775e-08
":SOUR:DCS:STAT OFF;:BIAS:STAT OFF;:COMP:BIN:COUN:CLE;:LIST:CLE:ALL;:COMP:BIN:CLE;:AMPL:ALC OFF;:APER MED,4;:BIAS:POL:AUTO OFF;:BIAS:RANG:AUTO ON;:BIAS:VOLT:LEV 0;:COMP:ABIN OFF;:COMP:BIN:COUN:STAT OFF;:COMP:MODE PTOL;:COMP:SLIM -9.9e+037,9.9e+037;:COMP:STAT OFF;:COMP:SWAP OFF;:COMP:TOL:NOM 0;:DISP:ENAB ON;:DISP:LINE """";:DISP:WIND:TEXT1:DATA:FMSD:DATA 1e-009;:DISP:WIND:TEXT2:DATA:FMSD:DATA 1e-009;:FORM:ASC:LONG ON;:FORM:BORD NORM;:FORM:DATA ASC,64;:FREQ:CW 100000;:FUNC:DEV1:MODE OFF;:FUNC:DEV1:REF:VAL 0;:FUNC:DEV2:MODE OFF;:FUNC:DEV2:REF:VAL 0;:FUNC:IMP:TYPE LSRS;:FUNC:SMON:IDC:STAT OFF;:FUNC:SMON:VDC:STAT OFF;:INIT:CONT OFF;:LIST:MODE SEQ;:LIST:STIM:TYPE FREQ,NONE;:SOUR:DCS:VOLT:LEV 0;:TRIG:DEL 0;:TRIG:SOUR INT;:TRIG:TDEL 0;:VOLT:LEV 0.1;:DISP:WIND:TEXT1:DATA:FMSD:STAT OFF;:DISP:WIND:TEXT2:DATA:FMSD:STAT OFF;:FUNC:DCR:RANG:VAL 100;:FUNC:IMP:RANG:VAL 3000;:OUTP:DC:ISOL:LEV:VAL 0.0002;:OUTP:DC:ISOL:STAT OFF;:FUNC:DCR:RANG:AUTO ON;:FUNC:IMP:RANG:AUTO ON;:OUTP:DC:ISOL:LEV:AUTO ON;:DISP:PAGE MEASurement;
"
200000.0,-0.002111179142,578.3952893,3.64225e-05,0.098898
200000.0,-0.002111182288,578.400121,3.64226e-05,0.098898
200000.0,-0.002111177678,578.3950303,3.64222e-05,0.0988955
200000.0,-0.002111166087,578.4011973,3.64213e-05,0.0988948
200000.0,-0.002111184484,578.3973611,3.64208e-05,0.0988935
200000.0,-0.002111182944,578.3983885,3.64209e-05,0.0988972
200000.0,-0.002111169833,578.3941923,3.64221e-05,0.098898
200000.0,-0.002111164286,578.3885881,3.64229e-05,0.0988992
200000.0,-0.002111167439,578.3960361,3.64233e-05,0.0988987
200000.0,-0.002111158594,578.39776,3.64226e-05,0.0988988
200000.0,-0.002111169908,578.3916502,3.64225e-05,0.0989015
200000.0,-0.002111163803,578.3849907,3.64238e-05,0.0988997
200000.0,-0.002111162208,578.3809749,3.64226e-05,0.0988962
200000.0,-0.002111172237,578.3959433,3.64221e-05,0.0988952
200000.0,-0.002111156891,578.3844851,3.64232e-05,0.0988979
200000.0,-0.002111159908,578.373771,3.64233e-05,0.0988996
Freq,200000,Rs,578.3922362,0.007660483265171566,Ls,-0.0021111698581250003,9.066436233940552e-09
":SOUR:DCS:STAT OFF;:BIAS:STAT OFF;:COMP:BIN:COUN:CLE;:LIST:CLE:ALL;:COMP:BIN:CLE;:AMPL:ALC OFF;:APER MED,4;:BIAS:POL:AUTO OFF;:BIAS:RANG:AUTO ON;:BIAS:VOLT:LEV 0;:COMP:ABIN OFF;:COMP:BIN:COUN:STAT OFF;:COMP:MODE PTOL;:COMP:SLIM -9.9e+037,9.9e+037;:COMP:STAT OFF;:COMP:SWAP OFF;:COMP:TOL:NOM 0;:DISP:ENAB ON;:DISP:LINE """";:DISP:WIND:TEXT1:DATA:FMSD:DATA 1e-009;:DISP:WIND:TEXT2:DATA:FMSD:DATA 1e-009;:FORM:ASC:LONG ON;:FORM:BORD NORM;:FORM:DATA ASC,64;:FREQ:CW 200000;:FUNC:DEV1:MODE OFF;:FUNC:DEV1:REF:VAL 0;:FUNC:DEV2:MODE OFF;:FUNC:DEV2:REF:VAL 0;:FUNC:IMP:TYPE LSRS;:FUNC:SMON:IDC:STAT OFF;:FUNC:SMON:VDC:STAT OFF;:INIT:CONT OFF;:LIST:MODE SEQ;:LIST:STIM:TYPE FREQ,NONE;:SOUR:DCS:VOLT:LEV 0;:TRIG:DEL 0;:TRIG:SOUR INT;:TRIG:TDEL 0;:VOLT:LEV 0.1;:DISP:WIND:TEXT1:DATA:FMSD:STAT OFF;:DISP:WIND:TEXT2:DATA:FMSD:STAT OFF;:FUNC:DCR:RANG:VAL 100;:FUNC:IMP:RANG:VAL 1000;:OUTP:DC:ISOL:LEV:VAL 0.002;:OUTP:DC:ISOL:STAT OFF;:FUNC:DCR:RANG:AUTO ON;:FUNC:IMP:RANG:AUTO ON;:OUTP:DC:ISOL:LEV:AUTO ON;:DISP:PAGE MEASurement;
"
":SOUR:DCS:STAT OFF;:BIAS:STAT OFF;:COMP:BIN:COUN:CLE;:LIST:CLE:ALL;:COMP:BIN:CLE;:AMPL:ALC OFF;:APER MED,4;:BIAS:POL:AUTO OFF;:BIAS:RANG:AUTO ON;:BIAS:VOLT:LEV 0;:COMP:ABIN OFF;:COMP:BIN:COUN:STAT OFF;:COMP:MODE PTOL;:COMP:SLIM -9.9e+037,9.9e+037;:COMP:STAT OFF;:COMP:SWAP OFF;:COMP:TOL:NOM 0;:DISP:ENAB ON;:DISP:LINE """";:DISP:WIND:TEXT1:DATA:FMSD:DATA 1e-009;:DISP:WIND:TEXT2:DATA:FMSD:DATA 1e-009;:FORM:ASC:LONG ON;:FORM:BORD NORM;:FORM:DATA ASC,64;:FREQ:CW 200000;:FUNC:DEV1:MODE OFF;:FUNC:DEV1:REF:VAL 0;:FUNC:DEV2:MODE OFF;:FUNC:DEV2:REF:VAL 0;:FUNC:IMP:TYPE LSRS;:FUNC:SMON:IDC:STAT OFF;:FUNC:SMON:VDC:STAT OFF;:INIT:CONT OFF;:LIST:MODE SEQ;:LIST:STIM:TYPE FREQ,NONE;:SOUR:DCS:VOLT:LEV 0;:TRIG:DEL 0;:TRIG:SOUR INT;:TRIG:TDEL 0;:VOLT:LEV 0.1;:DISP:WIND:TEXT1:DATA:FMSD:STAT OFF;:DISP:WIND:TEXT2:DATA:FMSD:STAT OFF;:FUNC:DCR:RANG:VAL 100;:FUNC:IMP:RANG:VAL 1000;:OUTP:DC:ISOL:LEV:VAL 0.002;:OUTP:DC:ISOL:STAT OFF;:FUNC:DCR:RANG:AUTO ON;:FUNC:IMP:RANG:AUTO ON;:OUTP:DC:ISOL:LEV:AUTO ON;:DISP:PAGE MEASurement;
"
2024-05-06,14:23:23
---------run finished---------
Frequency,Resistance,uR,Inductance,uL
20,275.83621169375,0.03525174491753503,1.0829100251875001,0.00020553014237990357
25,284.41921470625005,0.09187631799852959,1.045403205875,0.0003953454390897174
30,292.87499215624996,0.05508917514355215,1.01527430625,0.0003210180278197253
40,309.659510575,0.06812578526935727,0.96924974148125,0.00041988558696397666
53,331.35282640625,0.08097465931635336,0.92795070081875,0.00022334536009507272
60,342.95601980000004,0.07055592045872881,0.9128952911125,0.00014806501124734354
65,351.302560025,0.07225187104104414,0.90526902843125,0.00018459088771242795
80,377.70988315,0.11375320892072757,0.9050634679687499,0.0002355355705045317
90,450.6004750625,4.824574200118839,0.8834220522687499,0.025330516918842028
95,425.4660114125,0.565188080580746,0.9069187343,0.0013961217115012056
103,545.6599298125,4.187790402848283,0.86129791184375,0.004593152363912856
105,534.7385684687499,1.4985319780629651,0.8215470550374999,0.0006138755544017137
107,528.9564111562499,0.8953899274348905,0.81027506831875,0.00015505438661780386
110,528.510463375,0.678968699576981,0.80915452411875,0.000510409981178873
112,549.26398274375,1.1105005403264432,0.81530388904375,0.00123882082776046
115,584.52297743125,1.0525345468298308,0.7663011453124999,0.0017124393393992518
120,534.717477725,0.9262320063795572,0.79471211258125,0.0013512763060751364
122,635.5428186562501,2.146973795393922,0.90873658906875,0.000702785431542715
125,867.1143494937501,5.152393759481391,0.43630147664999996,0.004013327589828991
127,656.14205086875,2.1315453672039233,0.4000051792375,0.0006690536167651686
130,570.3910179874999,0.9065032501570335,0.47621583274375,0.001024295704114778
132,551.2922043250001,0.6632276253944842,0.50895566128125,0.0003379428809672609
135,538.495460775,0.12602020173491826,0.54317032154375,0.0003061111032385912
137,539.82912868125,0.27493499552289175,0.55999929520625,0.00021883076385900777
140,562.5973792,0.42734474126538746,0.5601825481625,0.0005572149025305286
142,561.2510062875,0.48844317633471857,0.54501185705,0.0002041235238197636
145,543.500006575,0.4619649499743155,0.541130184975,0.0003246908390128148
150,521.014149825,0.4981133530419395,0.55019539058125,0.00037823185797850745
153,514.475964725,0.06351528033347308,0.56068156193125,0.00011036943441817949
155,514.5907826749999,0.04531549124813292,0.56419757360625,5.465317102128873e-05
160,508.02849309375,0.08977470426595677,0.57319191066875,6.0428033729682416e-05
165,509.645204675,0.07849192438814574,0.58284724485,7.130882117424328e-05
170,511.92618930625,0.0693326690298279,0.5902587660312499,4.746530918900072e-05
172,513.9221065312499,0.035611209482932116,0.59307134799375,4.698895986695778e-05
175,518.2130898875,0.05071338839980523,0.5962438433125,5.502572290349518e-05
180,523.5500637,0.08935700813879092,0.59952448746875,8.426360661941925e-05
185,533.645697725,0.19395894507114717,0.6059732961375001,7.867762041801238e-05
200,555.24719655,0.0747203779423946,0.590158400925,7.363816306939851e-05
220,571.7054041937499,0.05804068347079246,0.5899464602562501,5.196923379327477e-05
240,601.19455491875,0.14176254140630962,0.59204078456875,7.223554477939833e-05
400,817.17168174375,0.21648523170504866,0.47878703751874996,5.7900805507514854e-05
800,1196.8595838125,0.02295941565522166,0.41020126733749995,4.235417868701572e-06
1000,1382.54415225,0.0298009455275438,0.38368603460625,6.7109588442014464e-06
2000,2204.7567428125,0.02739258992063467,0.31827266277500005,9.482394764328118e-07
3000,2994.3841078125,0.04579246256199206,0.28498910249375,1.407009055395408e-06
4000,3790.18708075,0.039702987676775985,0.2695590475,1.0478799657624205e-06
5000,4693.2438809375,0.0392700498181322,0.25959089575625,9.874684669908668e-07
6000,5739.2434094375,0.029237532574802945,0.2536834254,5.354179078058304e-07
7000,6979.5938073125,0.03558294225177937,0.25113907369375,1.064762709385831e-06
8000,8509.75138525,0.061759239041411354,0.250704735725,1.2783780398193136e-06
10000,12902.522631250002,0.07723365413877453,0.25276894785625004,1.3155664158883686e-06
12000,20337.038625,0.16626543806053715,0.2485810063125,2.5706290534602335e-06
14000,32650.323320000003,0.23308413202120723,0.205767694925,2.7371642241550698e-06
16000,46910.56534875,0.3290090428523518,0.06061299241875,4.432325295251454e-06
16500,48937.42769625,0.2676700016286959,0.00702428218025,2.531906384465421e-06
17000,49658.561079375,0.30354888384927053,-0.048191671363124994,3.2938587149880295e-06
17500,48939.430526874996,0.2921781648869282,-0.10048212760625,3.971417498991418e-06
18000,46883.41230875,0.35423839944047353,-0.14567007603124998,3.2498423950989224e-06
18500,43795.73460125,0.32002148733829255,-0.1810629487625,4.1180127195651364e-06
19000,40073.483979375,0.36515111780377035,-0.20585928741875,3.0080621346023778e-06
19500,36099.556658125,0.2863689871997699,-0.22082847604375,2.2370566331556756e-06
20000,32169.232802500002,0.5532716373049714,-0.2276472577625,2.2619756850680895e-06
20500,28477.46017625,0.44734322057939035,-0.22828232383125,1.933047878256931e-06
21000,25123.179038125003,0.27134155745634814,-0.2245495540875,1.7188586041820957e-06
22000,19530.906095624996,0.287371329513189,-0.20960816596874998,1.540255474356084e-06
24000,12134.433710000001,0.21796652782784884,-0.17171420091875,9.94808033219453e-07
25000,9764.1176489375,0.18211510360111613,-0.15415863783125,9.440499073755714e-07
30000,3986.380497625,0.18172943792568128,-0.09345328333375001,7.025525266419128e-07
40000,1199.34810425,0.03325259431381941,-0.044377987843749994,3.874254002501809e-07
50000,534.1124742437501,0.03449945606632837,-0.025936724631249998,1.1514700840682391e-07
60000,311.20850718125,0.00962870933034124,-0.016959498206875,5.192101009753772e-08
70000,304.2293055875,0.007013561388417759,-0.011885748459375,2.4625166657503026e-08
80000,232.90648561249998,0.006043326611492963,-0.0089220057083125,4.284701635915828e-08
90000,194.23377294375,0.0050978785825717896,-0.00679105656975,2.5228709105574296e-08
100000,202.00878845625,0.008419730987939265,-0.00526145102675,2.0899815892358775e-08
200000,578.3922362,0.007660483265171566,-0.0021111698581250003,9.066436233940552e-09
