lcr name:,KeySight E4980A
Name and description of Resistor under test: ,"unclamped, same weight, 50 uA nominal"
2024-05-17,14:25:33
select the freq range,"[20, 25, 30, 40, 53, 60, 65, 80, 90, 95, 103, 105, 107, 110, 112, 115, 120, 122, 125, 127, 130, 132, 135, 137, 140, 142, 145, 150, 153, 155, 160, 165, 170, 172, 175, 180, 185, 200, 220, 240, 400, 800, 1000, 2000, 3000, 4000, 5000, 6000, 7000, 8000, 10000, 12000, 14000, 16000, 16500, 17000, 17500, 18000, 18500, 19000, 19500, 20000, 20500, 21000, 22000, 24000, 25000, 30000, 40000, 50000, 60000, 70000, 80000, 90000, 100000, 200000]"
20.0,1.077585693,275.493262,1.25316e-05,0.00385556
20.0,1.08533947,275.1186943,1.25703e-05,0.00385726
20.0,1.091588328,274.9431229,1.25969e-05,0.00385861
20.0,1.081339068,275.5498757,1.24829e-05,0.00386397
20.0,1.089665212,275.4107522,1.25425e-05,0.00384275
20.0,1.096197298,276.7465696,1.25015e-05,0.00384701
20.0,1.093108993,275.8935048,1.25032e-05,0.00384636
20.0,1.083262711,276.8665464,1.2553e-05,0.00384318
20.0,1.069430051,278.2061947,1.25191e-05,0.00384203
20.0,1.085060685,277.0853328,1.25559e-05,0.00385142
20.0,1.079228156,274.4120247,1.24185e-05,0.00385206
20.0,1.078781308,275.6471728,1.26112e-05,0.00384102
20.0,1.089073348,275.1052422,1.25886e-05,0.00385251
20.0,1.087527985,273.6235115,1.25156e-05,0.00387248
20.0,1.082758503,274.8640579,1.26158e-05,0.00385228
20.0,1.104815019,277.1507332,1.2476e-05,0.00385606
Freq,20,Rs,275.75728735625,1.1784620431692654,Ls,1.0859226142500003,0.008363608858379843
":SOUR:DCS:STAT OFF;:BIAS:STAT OFF;:COMP:BIN:COUN:CLE;:LIST:CLE:ALL;:COMP:BIN:CLE;:AMPL:ALC OFF;:APER MED,4;:BIAS:POL:AUTO OFF;:BIAS:RANG:AUTO ON;:BIAS:VOLT:LEV 0;:COMP:ABIN OFF;:COMP:BIN:COUN:STAT OFF;:COMP:MODE PTOL;:COMP:SLIM -9.9e+037,9.9e+037;:COMP:STAT OFF;:COMP:SWAP OFF;:COMP:TOL:NOM 0;:CURR:LEV 5e-005;:DISP:ENAB ON;:DISP:LINE """";:DISP:WIND:TEXT1:DATA:FMSD:DATA 1e-009;:DISP:WIND:TEXT2:DATA:FMSD:DATA 1e-009;:FORM:ASC:LONG ON;:FORM:BORD NORM;:FORM:DATA ASC,64;:FREQ:CW 20;:FUNC:DEV1:MODE OFF;:FUNC:DEV1:REF:VAL 0;:FUNC:DEV2:MODE OFF;:FUNC:DEV2:REF:VAL 0;:FUNC:IMP:TYPE LSRS;:FUNC:SMON:IDC:STAT OFF;:FUNC:SMON:VDC:STAT OFF;:INIT:CONT OFF;:LIST:MODE SEQ;:LIST:STIM:TYPE FREQ,NONE;:SOUR:DCS:VOLT:LEV 0;:TRIG:DEL 0;:TRIG:SOUR INT;:TRIG:TDEL 0;:DISP:WIND:TEXT1:DATA:FMSD:STAT OFF;:DISP:WIND:TEXT2:DATA:FMSD:STAT OFF;:FUNC:DCR:RANG:VAL 100;:FUNC:IMP:RANG:VAL 300;:OUTP:DC:ISOL:LEV:VAL 0.002;:OUTP:DC:ISOL:STAT OFF;:FUNC:DCR:RANG:AUTO ON;:FUNC:IMP:RANG:AUTO ON;:OUTP:DC:ISOL:LEV:AUTO ON;:DISP:PAGE MEASurement;
"
25.0,1.043363841,282.4384033,1.19406e-05,0.0039016
25.0,1.032804645,285.547933,1.19265e-05,0.00390331
25.0,1.048822647,283.5047651,1.19063e-05,0.0038983
25.0,1.035627172,280.6652999,1.19057e-05,0.00389497
25.0,1.051270329,282.3456742,1.18978e-05,0.00390666
25.0,1.03598061,282.3529938,1.19107e-05,0.00391586
25.0,1.055976539,281.0302772,1.19033e-05,0.00390257
25.0,1.040385155,284.3603661,1.19747e-05,0.00390481
25.0,1.06027271,283.0436927,1.19314e-05,0.00390176
25.0,1.051754877,281.1897786,1.17775e-05,0.00391091
25.0,1.034144701,288.6495865,1.1959e-05,0.00390324
25.0,1.056459512,284.7677739,1.18892e-05,0.00390013
25.0,1.04610701,281.9077775,1.19182e-05,0.00389819
25.0,1.038557435,287.6556386,1.18806e-05,0.00390638
25.0,1.049462953,283.0697813,1.19235e-05,0.00389901
25.0,1.059721105,284.6384352,1.18843e-05,0.00390372
Freq,25,Rs,283.57301105625,2.2761895793812186,Ls,1.0462944525625,0.00929841241900542
":SOUR:DCS:STAT OFF;:BIAS:STAT OFF;:COMP:BIN:COUN:CLE;:LIST:CLE:ALL;:COMP:BIN:CLE;:AMPL:ALC OFF;:APER MED,4;:BIAS:POL:AUTO OFF;:BIAS:RANG:AUTO ON;:BIAS:VOLT:LEV 0;:COMP:ABIN OFF;:COMP:BIN:COUN:STAT OFF;:COMP:MODE PTOL;:COMP:SLIM -9.9e+037,9.9e+037;:COMP:STAT OFF;:COMP:SWAP OFF;:COMP:TOL:NOM 0;:CURR:LEV 5e-005;:DISP:ENAB ON;:DISP:LINE """";:DISP:WIND:TEXT1:DATA:FMSD:DATA 1e-009;:DISP:WIND:TEXT2:DATA:FMSD:DATA 1e-009;:FORM:ASC:LONG ON;:FORM:BORD NORM;:FORM:DATA ASC,64;:FREQ:CW 25;:FUNC:DEV1:MODE OFF;:FUNC:DEV1:REF:VAL 0;:FUNC:DEV2:MODE OFF;:FUNC:DEV2:REF:VAL 0;:FUNC:IMP:TYPE LSRS;:FUNC:SMON:IDC:STAT OFF;:FUNC:SMON:VDC:STAT OFF;:INIT:CONT OFF;:LIST:MODE SEQ;:LIST:STIM:TYPE FREQ,NONE;:SOUR:DCS:VOLT:LEV 0;:TRIG:DEL 0;:TRIG:SOUR INT;:TRIG:TDEL 0;:DISP:WIND:TEXT1:DATA:FMSD:STAT OFF;:DISP:WIND:TEXT2:DATA:FMSD:STAT OFF;:FUNC:DCR:RANG:VAL 100;:FUNC:IMP:RANG:VAL 300;:OUTP:DC:ISOL:LEV:VAL 0.002;:OUTP:DC:ISOL:STAT OFF;:FUNC:DCR:RANG:AUTO ON;:FUNC:IMP:RANG:AUTO ON;:OUTP:DC:ISOL:LEV:AUTO ON;:DISP:PAGE MEASurement;
"
30.0,1.008693884,292.6213464,1.15039e-05,0.00404823
30.0,1.020182808,294.4677954,1.13932e-05,0.00403752
30.0,1.006385852,290.2756097,1.16071e-05,0.00403702
30.0,1.021478669,289.441142,1.16472e-05,0.00402813
30.0,1.018531119,292.2942309,1.14873e-05,0.00404176
30.0,1.01436774,292.0327186,1.14696e-05,0.00406231
30.0,1.025933737,291.4857327,1.14696e-05,0.00404741
30.0,1.022429482,294.2760242,1.15316e-05,0.00403341
30.0,1.025310866,294.69476,1.15982e-05,0.00404455
30.0,1.025128887,290.1653199,1.15195e-05,0.00403771
30.0,1.032736508,292.908972,1.15431e-05,0.00404043
30.0,1.028581861,292.2589804,1.15802e-05,0.00402849
30.0,1.019088939,290.787805,1.16135e-05,0.00403812
30.0,1.023516419,291.7945924,1.16282e-05,0.00403656
30.0,1.014592525,295.1148587,1.15155e-05,0.00404544
30.0,1.025990057,291.3880967,1.14973e-05,0.0040464
Freq,30,Rs,292.2504990625,1.7055835239209125,Ls,1.0208093345625,0.007064460090388558
":SOUR:DCS:STAT OFF;:BIAS:STAT OFF;:COMP:BIN:COUN:CLE;:LIST:CLE:ALL;:COMP:BIN:CLE;:AMPL:ALC OFF;:APER MED,4;:BIAS:POL:AUTO OFF;:BIAS:RANG:AUTO ON;:BIAS:VOLT:LEV 0;:COMP:ABIN OFF;:COMP:BIN:COUN:STAT OFF;:COMP:MODE PTOL;:COMP:SLIM -9.9e+037,9.9e+037;:COMP:STAT OFF;:COMP:SWAP OFF;:COMP:TOL:NOM 0;:CURR:LEV 5e-005;:DISP:ENAB ON;:DISP:LINE """";:DISP:WIND:TEXT1:DATA:FMSD:DATA 1e-009;:DISP:WIND:TEXT2:DATA:FMSD:DATA 1e-009;:FORM:ASC:LONG ON;:FORM:BORD NORM;:FORM:DATA ASC,64;:FREQ:CW 30;:FUNC:DEV1:MODE OFF;:FUNC:DEV1:REF:VAL 0;:FUNC:DEV2:MODE OFF;:FUNC:DEV2:REF:VAL 0;:FUNC:IMP:TYPE LSRS;:FUNC:SMON:IDC:STAT OFF;:FUNC:SMON:VDC:STAT OFF;:INIT:CONT OFF;:LIST:MODE SEQ;:LIST:STIM:TYPE FREQ,NONE;:SOUR:DCS:VOLT:LEV 0;:TRIG:DEL 0;:TRIG:SOUR INT;:TRIG:TDEL 0;:DISP:WIND:TEXT1:DATA:FMSD:STAT OFF;:DISP:WIND:TEXT2:DATA:FMSD:STAT OFF;:FUNC:DCR:RANG:VAL 100;:FUNC:IMP:RANG:VAL 300;:OUTP:DC:ISOL:LEV:VAL 0.002;:OUTP:DC:ISOL:STAT OFF;:FUNC:DCR:RANG:AUTO ON;:FUNC:IMP:RANG:AUTO ON;:OUTP:DC:ISOL:LEV:AUTO ON;:DISP:PAGE MEASurement;
"
40.0,0.9812031126,313.8859127,1.0527e-05,0.00415869
40.0,0.9739132155,312.7335907,1.06306e-05,0.00417849
40.0,1.000535289,311.2738297,1.05292e-05,0.00416364
40.0,0.972744027,310.1207384,1.06356e-05,0.00416149
40.0,0.9876070957,309.5111671,1.04735e-05,0.00415816
40.0,0.9841581874,307.7023139,1.05981e-05,0.00415819
40.0,0.9927370746,308.9142366,1.05047e-05,0.00415375
40.0,0.9814142553,305.541432,1.04492e-05,0.00415797
40.0,0.9949460581,305.8241346,1.05017e-05,0.00415945
40.0,0.9923714062,304.0604295,1.04945e-05,0.00416409
40.0,0.9674331818,308.0889275,1.05648e-05,0.0041604
40.0,0.9777172735,313.5230161,1.06302e-05,0.00417052
40.0,0.9676610671,312.8440131,1.05931e-05,0.00417459
40.0,0.9817325216,311.5452494,1.0598e-05,0.004162
40.0,1.00051847,309.9596378,1.05257e-05,0.00416371
40.0,0.9772404645,308.9566428,1.04788e-05,0.00416065
Freq,40,Rs,309.65532949374995,2.935210848033934,Ls,0.98337079374375,0.01062664863753694
":SOUR:DCS:STAT OFF;:BIAS:STAT OFF;:COMP:BIN:COUN:CLE;:LIST:CLE:ALL;:COMP:BIN:CLE;:AMPL:ALC OFF;:APER MED,4;:BIAS:POL:AUTO OFF;:BIAS:RANG:AUTO ON;:BIAS:VOLT:LEV 0;:COMP:ABIN OFF;:COMP:BIN:COUN:STAT OFF;:COMP:MODE PTOL;:COMP:SLIM -9.9e+037,9.9e+037;:COMP:STAT OFF;:COMP:SWAP OFF;:COMP:TOL:NOM 0;:CURR:LEV 5e-005;:DISP:ENAB ON;:DISP:LINE """";:DISP:WIND:TEXT1:DATA:FMSD:DATA 1e-009;:DISP:WIND:TEXT2:DATA:FMSD:DATA 1e-009;:FORM:ASC:LONG ON;:FORM:BORD NORM;:FORM:DATA ASC,64;:FREQ:CW 40;:FUNC:DEV1:MODE OFF;:FUNC:DEV1:REF:VAL 0;:FUNC:DEV2:MODE OFF;:FUNC:DEV2:REF:VAL 0;:FUNC:IMP:TYPE LSRS;:FUNC:SMON:IDC:STAT OFF;:FUNC:SMON:VDC:STAT OFF;:INIT:CONT OFF;:LIST:MODE SEQ;:LIST:STIM:TYPE FREQ,NONE;:SOUR:DCS:VOLT:LEV 0;:TRIG:DEL 0;:TRIG:SOUR INT;:TRIG:TDEL 0;:DISP:WIND:TEXT1:DATA:FMSD:STAT OFF;:DISP:WIND:TEXT2:DATA:FMSD:STAT OFF;:FUNC:DCR:RANG:VAL 100;:FUNC:IMP:RANG:VAL 300;:OUTP:DC:ISOL:LEV:VAL 0.002;:OUTP:DC:ISOL:STAT OFF;:FUNC:DCR:RANG:AUTO ON;:FUNC:IMP:RANG:AUTO ON;:OUTP:DC:ISOL:LEV:AUTO ON;:DISP:PAGE MEASurement;
"
53.0,0.9772559291,330.4791392,9.26528e-06,0.00429413
53.0,0.9809807588,324.9797519,9.27746e-06,0.00428793
53.0,0.9829199032,331.5196189,9.25669e-06,0.00429107
53.0,0.9669262068,330.0804989,9.17553e-06,0.00428855
53.0,0.9718973321,334.4061521,9.23531e-06,0.00428644
53.0,0.9708873997,333.4961266,9.35347e-06,0.00429196
53.0,0.9743615589,325.1914916,9.26519e-06,0.00429503
53.0,0.9774681403,331.2819369,9.28229e-06,0.004282
53.0,0.9686851217,327.6653316,9.36877e-06,0.00428377
53.0,0.9592904349,331.3948369,9.15594e-06,0.00429158
53.0,0.9939230739,328.2688461,9.18567e-06,0.00430433
53.0,0.9689823494,327.8243382,9.27037e-06,0.00427435
53.0,0.9653409377,337.1494343,9.25902e-06,0.00429243
53.0,0.9732096677,332.2118005,9.26484e-06,0.00429083
53.0,0.9726571716,334.2791109,9.26839e-06,0.00427265
53.0,0.9601970359,328.3285467,9.25618e-06,0.00429371
Freq,53,Rs,330.53481008125,3.3843925476023746,Ls,0.97281143885625,0.008668927590529516
":SOUR:DCS:STAT OFF;:BIAS:STAT OFF;:COMP:BIN:COUN:CLE;:LIST:CLE:ALL;:COMP:BIN:CLE;:AMPL:ALC OFF;:APER MED,4;:BIAS:POL:AUTO OFF;:BIAS:RANG:AUTO ON;:BIAS:VOLT:LEV 0;:COMP:ABIN OFF;:COMP:BIN:COUN:STAT OFF;:COMP:MODE PTOL;:COMP:SLIM -9.9e+037,9.9e+037;:COMP:STAT OFF;:COMP:SWAP OFF;:COMP:TOL:NOM 0;:CURR:LEV 5e-005;:DISP:ENAB ON;:DISP:LINE """";:DISP:WIND:TEXT1:DATA:FMSD:DATA 1e-009;:DISP:WIND:TEXT2:DATA:FMSD:DATA 1e-009;:FORM:ASC:LONG ON;:FORM:BORD NORM;:FORM:DATA ASC,64;:FREQ:CW 53;:FUNC:DEV1:MODE OFF;:FUNC:DEV1:REF:VAL 0;:FUNC:DEV2:MODE OFF;:FUNC:DEV2:REF:VAL 0;:FUNC:IMP:TYPE LSRS;:FUNC:SMON:IDC:STAT OFF;:FUNC:SMON:VDC:STAT OFF;:INIT:CONT OFF;:LIST:MODE SEQ;:LIST:STIM:TYPE FREQ,NONE;:SOUR:DCS:VOLT:LEV 0;:TRIG:DEL 0;:TRIG:SOUR INT;:TRIG:TDEL 0;:DISP:WIND:TEXT1:DATA:FMSD:STAT OFF;:DISP:WIND:TEXT2:DATA:FMSD:STAT OFF;:FUNC:DCR:RANG:VAL 100;:FUNC:IMP:RANG:VAL 300;:OUTP:DC:ISOL:LEV:VAL 0.002;:OUTP:DC:ISOL:STAT OFF;:FUNC:DCR:RANG:AUTO ON;:FUNC:IMP:RANG:AUTO ON;:OUTP:DC:ISOL:LEV:AUTO ON;:DISP:PAGE MEASurement;
"
60.0,1.049702192,350.2457894,8.3903e-06,0.0044135
60.0,1.056364517,354.5475874,8.375e-06,0.00442005
60.0,1.048029078,356.5773763,8.44497e-06,0.00441462
60.0,1.060863704,354.4764445,8.37772e-06,0.00441629
60.0,1.054796343,352.8907261,8.33611e-06,0.00441835
60.0,1.053517088,350.0800053,8.33515e-06,0.00441753
60.0,1.055099382,358.3399758,8.31992e-06,0.00441488
60.0,1.043971426,351.4041204,8.33624e-06,0.00441617
60.0,1.058452727,354.7117924,8.35517e-06,0.0044152
60.0,1.034984672,349.6127982,8.40063e-06,0.00441657
60.0,1.043807292,350.0678529,8.2903e-06,0.00441316
60.0,1.041213185,353.9486022,8.33089e-06,0.00441207
60.0,1.039327952,359.6698207,8.30629e-06,0.00441459
60.0,1.048010804,354.5546785,8.27003e-06,0.00441428
60.0,1.058295496,350.0150183,8.28775e-06,0.00441879
60.0,1.054292681,354.6329014,8.43593e-06,0.0044138
Freq,60,Rs,353.4859681125,3.0893448438280826,Ls,1.0500455336874999,0.007649608699951413
":SOUR:DCS:STAT OFF;:BIAS:STAT OFF;:COMP:BIN:COUN:CLE;:LIST:CLE:ALL;:COMP:BIN:CLE;:AMPL:ALC OFF;:APER MED,4;:BIAS:POL:AUTO OFF;:BIAS:RANG:AUTO ON;:BIAS:VOLT:LEV 0;:COMP:ABIN OFF;:COMP:BIN:COUN:STAT OFF;:COMP:MODE PTOL;:COMP:SLIM -9.9e+037,9.9e+037;:COMP:STAT OFF;:COMP:SWAP OFF;:COMP:TOL:NOM 0;:CURR:LEV 5e-005;:DISP:ENAB ON;:DISP:LINE """";:DISP:WIND:TEXT1:DATA:FMSD:DATA 1e-009;:DISP:WIND:TEXT2:DATA:FMSD:DATA 1e-009;:FORM:ASC:LONG ON;:FORM:BORD NORM;:FORM:DATA ASC,64;:FREQ:CW 60;:FUNC:DEV1:MODE OFF;:FUNC:DEV1:REF:VAL 0;:FUNC:DEV2:MODE OFF;:FUNC:DEV2:REF:VAL 0;:FUNC:IMP:TYPE LSRS;:FUNC:SMON:IDC:STAT OFF;:FUNC:SMON:VDC:STAT OFF;:INIT:CONT OFF;:LIST:MODE SEQ;:LIST:STIM:TYPE FREQ,NONE;:SOUR:DCS:VOLT:LEV 0;:TRIG:DEL 0;:TRIG:SOUR INT;:TRIG:TDEL 0;:DISP:WIND:TEXT1:DATA:FMSD:STAT OFF;:DISP:WIND:TEXT2:DATA:FMSD:STAT OFF;:FUNC:DCR:RANG:VAL 100;:FUNC:IMP:RANG:VAL 300;:OUTP:DC:ISOL:LEV:VAL 0.002;:OUTP:DC:ISOL:STAT OFF;:FUNC:DCR:RANG:AUTO ON;:FUNC:IMP:RANG:AUTO ON;:OUTP:DC:ISOL:LEV:AUTO ON;:DISP:PAGE MEASurement;
"
65.0,0.8958189523,363.7168345,8.51122e-06,0.0043884
65.0,0.9125681947,360.0185051,8.52667e-06,0.00438854
65.0,0.8950899854,355.2882375,8.57385e-06,0.00437612
65.0,0.8996622983,358.4858531,8.57349e-06,0.00438165
65.0,0.8949065894,360.1798069,8.55182e-06,0.00439156
65.0,0.8954950212,359.3888364,8.52607e-06,0.00439059
65.0,0.9116028769,361.9168927,8.56295e-06,0.00438266
65.0,0.9065044423,355.2863598,8.47839e-06,0.00438481
65.0,0.89272588,359.5823092,8.54409e-06,0.00438033
65.0,0.8926200998,363.6995962,8.51738e-06,0.00438462
65.0,0.9038118833,360.6857642,8.49126e-06,0.00438615
65.0,0.9122042171,358.1513993,8.4972e-06,0.00438188
65.0,0.8910699084,355.1094675,8.55548e-06,0.00438852
65.0,0.8839238754,362.7680573,8.57638e-06,0.00438664
65.0,0.9089475474,364.4189927,8.52353e-06,0.00438411
65.0,0.9039542633,359.6910511,8.52592e-06,0.00438671
Freq,65,Rs,359.89924771874996,2.982128261155066,Ls,0.9000566272,0.008669933040468569
":SOUR:DCS:STAT OFF;:BIAS:STAT OFF;:COMP:BIN:COUN:CLE;:LIST:CLE:ALL;:COMP:BIN:CLE;:AMPL:ALC OFF;:APER MED,4;:BIAS:POL:AUTO OFF;:BIAS:RANG:AUTO ON;:BIAS:VOLT:LEV 0;:COMP:ABIN OFF;:COMP:BIN:COUN:STAT OFF;:COMP:MODE PTOL;:COMP:SLIM -9.9e+037,9.9e+037;:COMP:STAT OFF;:COMP:SWAP OFF;:COMP:TOL:NOM 0;:CURR:LEV 5e-005;:DISP:ENAB ON;:DISP:LINE """";:DISP:WIND:TEXT1:DATA:FMSD:DATA 1e-009;:DISP:WIND:TEXT2:DATA:FMSD:DATA 1e-009;:FORM:ASC:LONG ON;:FORM:BORD NORM;:FORM:DATA ASC,64;:FREQ:CW 65;:FUNC:DEV1:MODE OFF;:FUNC:DEV1:REF:VAL 0;:FUNC:DEV2:MODE OFF;:FUNC:DEV2:REF:VAL 0;:FUNC:IMP:TYPE LSRS;:FUNC:SMON:IDC:STAT OFF;:FUNC:SMON:VDC:STAT OFF;:INIT:CONT OFF;:LIST:MODE SEQ;:LIST:STIM:TYPE FREQ,NONE;:SOUR:DCS:VOLT:LEV 0;:TRIG:DEL 0;:TRIG:SOUR INT;:TRIG:TDEL 0;:DISP:WIND:TEXT1:DATA:FMSD:STAT OFF;:DISP:WIND:TEXT2:DATA:FMSD:STAT OFF;:FUNC:DCR:RANG:VAL 100;:FUNC:IMP:RANG:VAL 300;:OUTP:DC:ISOL:LEV:VAL 0.002;:OUTP:DC:ISOL:STAT OFF;:FUNC:DCR:RANG:AUTO ON;:FUNC:IMP:RANG:AUTO ON;:OUTP:DC:ISOL:LEV:AUTO ON;:DISP:PAGE MEASurement;
"
80.0,0.5921727527,523.9164119,7.20772e-06,0.00438893
80.0,0.6104577504,526.7867432,7.26585e-06,0.00437535
80.0,0.6109453925,528.8252196,7.33199e-06,0.00438171
80.0,0.6009162698,528.6773997,7.16251e-06,0.0043812
80.0,0.60856231,522.1752899,7.13364e-06,0.00437985
80.0,0.6188690983,523.7255262,7.30285e-06,0.0043795
80.0,0.6168582303,520.2431537,7.22937e-06,0.00439783
80.0,0.6064551421,524.6080961,7.18068e-06,0.0043764
80.0,0.5935303161,531.7620224,7.23317e-06,0.00438044
80.0,0.6004282293,530.2139977,7.24992e-06,0.00438578
80.0,0.6119705317,529.0792959,7.24741e-06,0.00437967
80.0,0.6004944189,527.0428926,7.2509e-06,0.00437192
80.0,0.5988971883,522.3816384,7.09834e-06,0.00438687
80.0,0.603725276,515.7549817,7.14805e-06,0.00437137
80.0,0.5900743122,522.9683569,7.22243e-06,0.00437547
80.0,0.5810044906,523.082741,7.23765e-06,0.00437991
Freq,80,Rs,525.07773543125,4.152624631775101,Ls,0.602835106825,0.010256418579576355
":SOUR:DCS:STAT OFF;:BIAS:STAT OFF;:COMP:BIN:COUN:CLE;:LIST:CLE:ALL;:COMP:BIN:CLE;:AMPL:ALC OFF;:APER MED,4;:BIAS:POL:AUTO OFF;:BIAS:RANG:AUTO ON;:BIAS:VOLT:LEV 0;:COMP:ABIN OFF;:COMP:BIN:COUN:STAT OFF;:COMP:MODE PTOL;:COMP:SLIM -9.9e+037,9.9e+037;:COMP:STAT OFF;:COMP:SWAP OFF;:COMP:TOL:NOM 0;:CURR:LEV 5e-005;:DISP:ENAB ON;:DISP:LINE """";:DISP:WIND:TEXT1:DATA:FMSD:DATA 1e-009;:DISP:WIND:TEXT2:DATA:FMSD:DATA 1e-009;:FORM:ASC:LONG ON;:FORM:BORD NORM;:FORM:DATA ASC,64;:FREQ:CW 80;:FUNC:DEV1:MODE OFF;:FUNC:DEV1:REF:VAL 0;:FUNC:DEV2:MODE OFF;:FUNC:DEV2:REF:VAL 0;:FUNC:IMP:TYPE LSRS;:FUNC:SMON:IDC:STAT OFF;:FUNC:SMON:VDC:STAT OFF;:INIT:CONT OFF;:LIST:MODE SEQ;:LIST:STIM:TYPE FREQ,NONE;:SOUR:DCS:VOLT:LEV 0;:TRIG:DEL 0;:TRIG:SOUR INT;:TRIG:TDEL 0;:DISP:WIND:TEXT1:DATA:FMSD:STAT OFF;:DISP:WIND:TEXT2:DATA:FMSD:STAT OFF;:FUNC:DCR:RANG:VAL 100;:FUNC:IMP:RANG:VAL 300;:OUTP:DC:ISOL:LEV:VAL 0.002;:OUTP:DC:ISOL:STAT OFF;:FUNC:DCR:RANG:AUTO ON;:FUNC:IMP:RANG:AUTO ON;:OUTP:DC:ISOL:LEV:AUTO ON;:DISP:PAGE MEASurement;
"
90.0,0.6245129582,397.3061402,8.33716e-06,0.00436671
90.0,0.6864689176,404.8013427,8.01955e-06,0.00442453
90.0,0.6409877265,403.9034491,8.31857e-06,0.00440268
90.0,0.6851467465,383.9354331,7.89041e-06,0.0044068
90.0,0.6230124986,406.4541024,8.08705e-06,0.00441815
90.0,0.6550955095,378.6411672,8.02528e-06,0.00440328
90.0,0.6420099316,418.6968477,7.99445e-06,0.00443288
90.0,0.6466483655,389.1181923,8.12741e-06,0.00435422
90.0,0.6664411162,414.3793417,8.05908e-06,0.00443835
90.0,0.6319632384,398.1593134,8.38428e-06,0.00439549
90.0,0.6747153836,396.7413813,7.82052e-06,0.00443428
90.0,0.6227118923,407.5494145,8.25778e-06,0.00440351
90.0,0.6598900833,379.9765946,7.82765e-06,0.00441166
90.0,0.6264171604,413.9597756,8.23348e-06,0.00442381
90.0,0.6620076987,385.5982066,8.06513e-06,0.00440592
90.0,0.6584577117,409.4918747,8.0969e-06,0.00443225
Freq,90,Rs,399.29453606875,12.734678227473548,Ls,0.6504054336625,0.021515309358806353
":SOUR:DCS:STAT OFF;:BIAS:STAT OFF;:COMP:BIN:COUN:CLE;:LIST:CLE:ALL;:COMP:BIN:CLE;:AMPL:ALC OFF;:APER MED,4;:BIAS:POL:AUTO OFF;:BIAS:RANG:AUTO ON;:BIAS:VOLT:LEV 0;:COMP:ABIN OFF;:COMP:BIN:COUN:STAT OFF;:COMP:MODE PTOL;:COMP:SLIM -9.9e+037,9.9e+037;:COMP:STAT OFF;:COMP:SWAP OFF;:COMP:TOL:NOM 0;:CURR:LEV 5e-005;:DISP:ENAB ON;:DISP:LINE """";:DISP:WIND:TEXT1:DATA:FMSD:DATA 1e-009;:DISP:WIND:TEXT2:DATA:FMSD:DATA 1e-009;:FORM:ASC:LONG ON;:FORM:BORD NORM;:FORM:DATA ASC,64;:FREQ:CW 90;:FUNC:DEV1:MODE OFF;:FUNC:DEV1:REF:VAL 0;:FUNC:DEV2:MODE OFF;:FUNC:DEV2:REF:VAL 0;:FUNC:IMP:TYPE LSRS;:FUNC:SMON:IDC:STAT OFF;:FUNC:SMON:VDC:STAT OFF;:INIT:CONT OFF;:LIST:MODE SEQ;:LIST:STIM:TYPE FREQ,NONE;:SOUR:DCS:VOLT:LEV 0;:TRIG:DEL 0;:TRIG:SOUR INT;:TRIG:TDEL 0;:DISP:WIND:TEXT1:DATA:FMSD:STAT OFF;:DISP:WIND:TEXT2:DATA:FMSD:STAT OFF;:FUNC:DCR:RANG:VAL 100;:FUNC:IMP:RANG:VAL 300;:OUTP:DC:ISOL:LEV:VAL 0.002;:OUTP:DC:ISOL:STAT OFF;:FUNC:DCR:RANG:AUTO ON;:FUNC:IMP:RANG:AUTO ON;:OUTP:DC:ISOL:LEV:AUTO ON;:DISP:PAGE MEASurement;
"
95.0,0.6639125159,450.6049131,7.39945e-06,0.00443732
95.0,0.6410327385,416.7028745,7.79131e-06,0.00442779
95.0,0.6418669092,430.2105853,7.5583e-06,0.00447488
95.0,0.6667051284,442.8765524,7.83118e-06,0.00446254
95.0,0.6333714727,427.4837275,7.53853e-06,0.00440661
95.0,0.6692010645,433.1192379,7.46382e-06,0.00445649
95.0,0.63591602,426.1288837,7.70689e-06,0.00443285
95.0,0.6395855719,419.9973151,7.61992e-06,0.00445079
95.0,0.6780847759,441.4723132,7.52901e-06,0.00445522
95.0,0.6292790201,427.8751032,7.74012e-06,0.00445876
95.0,0.652496396,429.2687489,7.5076e-06,0.00444192
95.0,0.6568391815,437.1917257,7.51544e-06,0.00444854
95.0,0.6308950026,450.6057166,7.76882e-06,0.00444726
95.0,0.6548655835,420.5004774,7.70454e-06,0.00444394
95.0,0.6433729152,450.6483187,7.55496e-06,0.0044578
95.0,0.6128734141,441.6620848,7.77712e-06,0.00441462
Freq,95,Rs,434.146786125,11.221323959780715,Ls,0.646893606875,0.017318367154884093
":SOUR:DCS:STAT OFF;:BIAS:STAT OFF;:COMP:BIN:COUN:CLE;:LIST:CLE:ALL;:COMP:BIN:CLE;:AMPL:ALC OFF;:APER MED,4;:BIAS:POL:AUTO OFF;:BIAS:RANG:AUTO ON;:BIAS:VOLT:LEV 0;:COMP:ABIN OFF;:COMP:BIN:COUN:STAT OFF;:COMP:MODE PTOL;:COMP:SLIM -9.9e+037,9.9e+037;:COMP:STAT OFF;:COMP:SWAP OFF;:COMP:TOL:NOM 0;:CURR:LEV 5e-005;:DISP:ENAB ON;:DISP:LINE """";:DISP:WIND:TEXT1:DATA:FMSD:DATA 1e-009;:DISP:WIND:TEXT2:DATA:FMSD:DATA 1e-009;:FORM:ASC:LONG ON;:FORM:BORD NORM;:FORM:DATA ASC,64;:FREQ:CW 95;:FUNC:DEV1:MODE OFF;:FUNC:DEV1:REF:VAL 0;:FUNC:DEV2:MODE OFF;:FUNC:DEV2:REF:VAL 0;:FUNC:IMP:TYPE LSRS;:FUNC:SMON:IDC:STAT OFF;:FUNC:SMON:VDC:STAT OFF;:INIT:CONT OFF;:LIST:MODE SEQ;:LIST:STIM:TYPE FREQ,NONE;:SOUR:DCS:VOLT:LEV 0;:TRIG:DEL 0;:TRIG:SOUR INT;:TRIG:TDEL 0;:DISP:WIND:TEXT1:DATA:FMSD:STAT OFF;:DISP:WIND:TEXT2:DATA:FMSD:STAT OFF;:FUNC:DCR:RANG:VAL 100;:FUNC:IMP:RANG:VAL 300;:OUTP:DC:ISOL:LEV:VAL 0.002;:OUTP:DC:ISOL:STAT OFF;:FUNC:DCR:RANG:AUTO ON;:FUNC:IMP:RANG:AUTO ON;:OUTP:DC:ISOL:LEV:AUTO ON;:DISP:PAGE MEASurement;
"
103.0,0.6911061996,411.7736075,7.41381e-06,0.00451478
103.0,0.6931440904,414.6505296,7.38394e-06,0.00451361
103.0,0.6970951293,412.3024467,7.38064e-06,0.0045175
103.0,0.7012065915,407.5926885,7.41348e-06,0.00451647
103.0,0.6994343524,408.7604912,7.37382e-06,0.00451076
103.0,0.6969328353,410.0165359,7.33276e-06,0.00451169
103.0,0.696892496,412.9484536,7.37303e-06,0.00452175
103.0,0.694869644,413.1593544,7.424e-06,0.00451475
103.0,0.7010645421,409.7142326,7.35641e-06,0.00450481
103.0,0.6963703322,412.6660352,7.35469e-06,0.0045131
103.0,0.7015902595,411.3254533,7.37842e-06,0.00451809
103.0,0.6960198653,415.3777644,7.38285e-06,0.00451492
103.0,0.6952513204,411.4452156,7.38324e-06,0.00450437
103.0,0.7020804456,407.754037,7.36438e-06,0.00451287
103.0,0.6949709028,408.069237,7.36798e-06,0.00451521
103.0,0.6914514847,408.5070262,7.37257e-06,0.00451039
Freq,103,Rs,411.00394429375,2.4618557251459903,Ls,0.69684253069375,0.003465192543572003
":SOUR:DCS:STAT OFF;:BIAS:STAT OFF;:COMP:BIN:COUN:CLE;:LIST:CLE:ALL;:COMP:BIN:CLE;:AMPL:ALC OFF;:APER MED,4;:BIAS:POL:AUTO OFF;:BIAS:RANG:AUTO ON;:BIAS:VOLT:LEV 0;:COMP:ABIN OFF;:COMP:BIN:COUN:STAT OFF;:COMP:MODE PTOL;:COMP:SLIM -9.9e+037,9.9e+037;:COMP:STAT OFF;:COMP:SWAP OFF;:COMP:TOL:NOM 0;:CURR:LEV 5e-005;:DISP:ENAB ON;:DISP:LINE """";:DISP:WIND:TEXT1:DATA:FMSD:DATA 1e-009;:DISP:WIND:TEXT2:DATA:FMSD:DATA 1e-009;:FORM:ASC:LONG ON;:FORM:BORD NORM;:FORM:DATA ASC,64;:FREQ:CW 103;:FUNC:DEV1:MODE OFF;:FUNC:DEV1:REF:VAL 0;:FUNC:DEV2:MODE OFF;:FUNC:DEV2:REF:VAL 0;:FUNC:IMP:TYPE LSRS;:FUNC:SMON:IDC:STAT OFF;:FUNC:SMON:VDC:STAT OFF;:INIT:CONT OFF;:LIST:MODE SEQ;:LIST:STIM:TYPE FREQ,NONE;:SOUR:DCS:VOLT:LEV 0;:TRIG:DEL 0;:TRIG:SOUR INT;:TRIG:TDEL 0;:DISP:WIND:TEXT1:DATA:FMSD:STAT OFF;:DISP:WIND:TEXT2:DATA:FMSD:STAT OFF;:FUNC:DCR:RANG:VAL 100;:FUNC:IMP:RANG:VAL 300;:OUTP:DC:ISOL:LEV:VAL 0.002;:OUTP:DC:ISOL:STAT OFF;:FUNC:DCR:RANG:AUTO ON;:FUNC:IMP:RANG:AUTO ON;:OUTP:DC:ISOL:LEV:AUTO ON;:DISP:PAGE MEASurement;
"
105.0,0.7137953611,415.302935,7.25918e-06,0.00452296
105.0,0.705210658,414.5590609,7.20635e-06,0.00453599
105.0,0.7054101056,412.8310078,7.24874e-06,0.00453213
105.0,0.7038401018,413.6519312,7.25625e-06,0.00454016
105.0,0.705135569,416.7098193,7.23112e-06,0.00453515
105.0,0.7064523343,414.766852,7.29493e-06,0.00452891
105.0,0.7131313168,417.3631496,7.21466e-06,0.00452809
105.0,0.7072117736,414.5819698,7.20089e-06,0.00453282
105.0,0.7140131646,412.9356353,7.28785e-06,0.0045382
105.0,0.7060561057,408.2478383,7.21067e-06,0.00453953
105.0,0.7038874736,411.8891398,7.2338e-06,0.00452948
105.0,0.6985561136,415.6417758,7.29246e-06,0.00452765
105.0,0.7084247641,413.9605965,7.2744e-06,0.00453829
105.0,0.7119498069,414.5101421,7.24825e-06,0.00453046
105.0,0.7097746977,411.0836559,7.25389e-06,0.00452689
105.0,0.7037475443,413.101177,7.30451e-06,0.00452632
Freq,105,Rs,413.82104289375,2.213778941445895,Ls,0.7072873056687501,0.004303913169534012
":SOUR:DCS:STAT OFF;:BIAS:STAT OFF;:COMP:BIN:COUN:CLE;:LIST:CLE:ALL;:COMP:BIN:CLE;:AMPL:ALC OFF;:APER MED,4;:BIAS:POL:AUTO OFF;:BIAS:RANG:AUTO ON;:BIAS:VOLT:LEV 0;:COMP:ABIN OFF;:COMP:BIN:COUN:STAT OFF;:COMP:MODE PTOL;:COMP:SLIM -9.9e+037,9.9e+037;:COMP:STAT OFF;:COMP:SWAP OFF;:COMP:TOL:NOM 0;:CURR:LEV 5e-005;:DISP:ENAB ON;:DISP:LINE """";:DISP:WIND:TEXT1:DATA:FMSD:DATA 1e-009;:DISP:WIND:TEXT2:DATA:FMSD:DATA 1e-009;:FORM:ASC:LONG ON;:FORM:BORD NORM;:FORM:DATA ASC,64;:FREQ:CW 105;:FUNC:DEV1:MODE OFF;:FUNC:DEV1:REF:VAL 0;:FUNC:DEV2:MODE OFF;:FUNC:DEV2:REF:VAL 0;:FUNC:IMP:TYPE LSRS;:FUNC:SMON:IDC:STAT OFF;:FUNC:SMON:VDC:STAT OFF;:INIT:CONT OFF;:LIST:MODE SEQ;:LIST:STIM:TYPE FREQ,NONE;:SOUR:DCS:VOLT:LEV 0;:TRIG:DEL 0;:TRIG:SOUR INT;:TRIG:TDEL 0;:DISP:WIND:TEXT1:DATA:FMSD:STAT OFF;:DISP:WIND:TEXT2:DATA:FMSD:STAT OFF;:FUNC:DCR:RANG:VAL 100;:FUNC:IMP:RANG:VAL 300;:OUTP:DC:ISOL:LEV:VAL 0.002;:OUTP:DC:ISOL:STAT OFF;:FUNC:DCR:RANG:AUTO ON;:FUNC:IMP:RANG:AUTO ON;:OUTP:DC:ISOL:LEV:AUTO ON;:DISP:PAGE MEASurement;
"
107.0,0.7162860687,418.2829957,7.07266e-06,0.00454741
107.0,0.7172057169,416.1164634,7.16399e-06,0.0045404
107.0,0.7225851359,413.2735745,7.16215e-06,0.00455226
107.0,0.7206820355,415.7198766,7.11332e-06,0.00453923
107.0,0.7217896023,418.2991206,7.06913e-06,0.00455143
107.0,0.7166385689,415.9492601,7.08384e-06,0.0045421
107.0,0.7201532587,412.9472545,7.23861e-06,0.00454639
107.0,0.7166478663,419.3632893,7.12197e-06,0.00453624
107.0,0.7125920524,418.1917077,7.0969e-06,0.00453651
107.0,0.7267300098,419.7370004,7.14718e-06,0.00455203
107.0,0.7165164739,417.3922076,7.14587e-06,0.00453955
107.0,0.7210369337,413.0963451,7.15535e-06,0.00454758
107.0,0.7170557699,419.813627,7.11127e-06,0.00454925
107.0,0.7154739119,411.5651648,7.14515e-06,0.00453758
107.0,0.7234041088,415.6143962,7.0757e-06,0.0045479
107.0,0.713374598,418.3978482,7.06776e-06,0.00454081
Freq,107,Rs,416.48500823125,2.634911249343452,Ls,0.7186357569749999,0.0038535855268152287
":SOUR:DCS:STAT OFF;:BIAS:STAT OFF;:COMP:BIN:COUN:CLE;:LIST:CLE:ALL;:COMP:BIN:CLE;:AMPL:ALC OFF;:APER MED,4;:BIAS:POL:AUTO OFF;:BIAS:RANG:AUTO ON;:BIAS:VOLT:LEV 0;:COMP:ABIN OFF;:COMP:BIN:COUN:STAT OFF;:COMP:MODE PTOL;:COMP:SLIM -9.9e+037,9.9e+037;:COMP:STAT OFF;:COMP:SWAP OFF;:COMP:TOL:NOM 0;:CURR:LEV 5e-005;:DISP:ENAB ON;:DISP:LINE """";:DISP:WIND:TEXT1:DATA:FMSD:DATA 1e-009;:DISP:WIND:TEXT2:DATA:FMSD:DATA 1e-009;:FORM:ASC:LONG ON;:FORM:BORD NORM;:FORM:DATA ASC,64;:FREQ:CW 107;:FUNC:DEV1:MODE OFF;:FUNC:DEV1:REF:VAL 0;:FUNC:DEV2:MODE OFF;:FUNC:DEV2:REF:VAL 0;:FUNC:IMP:TYPE LSRS;:FUNC:SMON:IDC:STAT OFF;:FUNC:SMON:VDC:STAT OFF;:INIT:CONT OFF;:LIST:MODE SEQ;:LIST:STIM:TYPE FREQ,NONE;:SOUR:DCS:VOLT:LEV 0;:TRIG:DEL 0;:TRIG:SOUR INT;:TRIG:TDEL 0;:DISP:WIND:TEXT1:DATA:FMSD:STAT OFF;:DISP:WIND:TEXT2:DATA:FMSD:STAT OFF;:FUNC:DCR:RANG:VAL 100;:FUNC:IMP:RANG:VAL 300;:OUTP:DC:ISOL:LEV:VAL 0.002;:OUTP:DC:ISOL:STAT OFF;:FUNC:DCR:RANG:AUTO ON;:FUNC:IMP:RANG:AUTO ON;:OUTP:DC:ISOL:LEV:AUTO ON;:DISP:PAGE MEASurement;
"
110.0,0.7239619355,422.9561422,6.87516e-06,0.00457623
110.0,0.7262518191,424.9561248,6.95174e-06,0.00457372
110.0,0.7403856326,420.3349145,6.94329e-06,0.00456072
110.0,0.7352410971,420.1006853,6.85504e-06,0.00456594
110.0,0.7328159595,428.7876937,6.82642e-06,0.0045623
110.0,0.7395657936,431.7038218,6.89161e-06,0.00456665
110.0,0.7265354518,426.3063204,6.90312e-06,0.00458124
110.0,0.7286752896,425.1988806,7.02959e-06,0.00457654
110.0,0.7386696637,421.3364418,6.94118e-06,0.00456732
110.0,0.7290085117,417.6543562,6.82625e-06,0.00457649
110.0,0.7428167136,431.8034111,6.88338e-06,0.00456574
110.0,0.743814689,421.4679992,6.93197e-06,0.00455445
110.0,0.7312683675,427.0329295,6.86791e-06,0.0045747
110.0,0.7312002567,425.3827302,6.97895e-06,0.00457353
110.0,0.7304986944,420.8295481,6.96987e-06,0.00456579
110.0,0.7287115354,419.5092,6.87661e-06,0.00458279
Freq,110,Rs,424.0850749625,4.286011905347946,Ls,0.733088838175,0.006232136603645156
":SOUR:DCS:STAT OFF;:BIAS:STAT OFF;:COMP:BIN:COUN:CLE;:LIST:CLE:ALL;:COMP:BIN:CLE;:AMPL:ALC OFF;:APER MED,4;:BIAS:POL:AUTO OFF;:BIAS:RANG:AUTO ON;:BIAS:VOLT:LEV 0;:COMP:ABIN OFF;:COMP:BIN:COUN:STAT OFF;:COMP:MODE PTOL;:COMP:SLIM -9.9e+037,9.9e+037;:COMP:STAT OFF;:COMP:SWAP OFF;:COMP:TOL:NOM 0;:CURR:LEV 5e-005;:DISP:ENAB ON;:DISP:LINE """";:DISP:WIND:TEXT1:DATA:FMSD:DATA 1e-009;:DISP:WIND:TEXT2:DATA:FMSD:DATA 1e-009;:FORM:ASC:LONG ON;:FORM:BORD NORM;:FORM:DATA ASC,64;:FREQ:CW 110;:FUNC:DEV1:MODE OFF;:FUNC:DEV1:REF:VAL 0;:FUNC:DEV2:MODE OFF;:FUNC:DEV2:REF:VAL 0;:FUNC:IMP:TYPE LSRS;:FUNC:SMON:IDC:STAT OFF;:FUNC:SMON:VDC:STAT OFF;:INIT:CONT OFF;:LIST:MODE SEQ;:LIST:STIM:TYPE FREQ,NONE;:SOUR:DCS:VOLT:LEV 0;:TRIG:DEL 0;:TRIG:SOUR INT;:TRIG:TDEL 0;:DISP:WIND:TEXT1:DATA:FMSD:STAT OFF;:DISP:WIND:TEXT2:DATA:FMSD:STAT OFF;:FUNC:DCR:RANG:VAL 100;:FUNC:IMP:RANG:VAL 300;:OUTP:DC:ISOL:LEV:VAL 0.002;:OUTP:DC:ISOL:STAT OFF;:FUNC:DCR:RANG:AUTO ON;:FUNC:IMP:RANG:AUTO ON;:OUTP:DC:ISOL:LEV:AUTO ON;:DISP:PAGE MEASurement;
"
112.0,0.7409516386,435.626794,6.71448e-06,0.00458584
112.0,0.7438496121,440.2072676,6.73068e-06,0.0045879
112.0,0.7344583141,442.6330371,6.72098e-06,0.00458694
112.0,0.7415969532,436.2426171,6.6789e-06,0.00459585
112.0,0.7467993083,434.4630946,6.69219e-06,0.00459247
112.0,0.7433785629,431.501115,6.62929e-06,0.0045766
112.0,0.7303439926,426.8135601,6.70574e-06,0.00457954
112.0,0.7395060481,427.8763857,6.77959e-06,0.00458336
112.0,0.736573769,432.0731005,6.7609e-06,0.00458542
112.0,0.7437085895,440.4219545,6.77783e-06,0.00459324
112.0,0.7524541999,434.4976217,6.75278e-06,0.00459369
112.0,0.7520259825,432.0343182,6.70594e-06,0.00458811
112.0,0.7430682989,429.4970893,6.70622e-06,0.00458741
112.0,0.7356248998,425.7762501,6.7149e-06,0.00458189
112.0,0.7370496778,432.7976903,6.75065e-06,0.00457399
112.0,0.747197694,441.3102927,6.74961e-06,0.00457025
Freq,112,Rs,433.98576178125,5.216593200544834,Ls,0.7417867213312499,0.00612822244339343
":SOUR:DCS:STAT OFF;:BIAS:STAT OFF;:COMP:BIN:COUN:CLE;:LIST:CLE:ALL;:COMP:BIN:CLE;:AMPL:ALC OFF;:APER MED,4;:BIAS:POL:AUTO OFF;:BIAS:RANG:AUTO ON;:BIAS:VOLT:LEV 0;:COMP:ABIN OFF;:COMP:BIN:COUN:STAT OFF;:COMP:MODE PTOL;:COMP:SLIM -9.9e+037,9.9e+037;:COMP:STAT OFF;:COMP:SWAP OFF;:COMP:TOL:NOM 0;:CURR:LEV 5e-005;:DISP:ENAB ON;:DISP:LINE """";:DISP:WIND:TEXT1:DATA:FMSD:DATA 1e-009;:DISP:WIND:TEXT2:DATA:FMSD:DATA 1e-009;:FORM:ASC:LONG ON;:FORM:BORD NORM;:FORM:DATA ASC,64;:FREQ:CW 112;:FUNC:DEV1:MODE OFF;:FUNC:DEV1:REF:VAL 0;:FUNC:DEV2:MODE OFF;:FUNC:DEV2:REF:VAL 0;:FUNC:IMP:TYPE LSRS;:FUNC:SMON:IDC:STAT OFF;:FUNC:SMON:VDC:STAT OFF;:INIT:CONT OFF;:LIST:MODE SEQ;:LIST:STIM:TYPE FREQ,NONE;:SOUR:DCS:VOLT:LEV 0;:TRIG:DEL 0;:TRIG:SOUR INT;:TRIG:TDEL 0;:DISP:WIND:TEXT1:DATA:FMSD:STAT OFF;:DISP:WIND:TEXT2:DATA:FMSD:STAT OFF;:FUNC:DCR:RANG:VAL 100;:FUNC:IMP:RANG:VAL 300;:OUTP:DC:ISOL:LEV:VAL 0.002;:OUTP:DC:ISOL:STAT OFF;:FUNC:DCR:RANG:AUTO ON;:FUNC:IMP:RANG:AUTO ON;:OUTP:DC:ISOL:LEV:AUTO ON;:DISP:PAGE MEASurement;
"
115.0,0.7633853351,433.6074936,6.6029e-06,0.00462476
115.0,0.7641406001,448.2387332,6.52824e-06,0.0046058
115.0,0.779493798,440.0625488,6.48828e-06,0.00461729
115.0,0.7528431267,441.6649464,6.48246e-06,0.00460883
115.0,0.7676892016,443.1902607,6.56176e-06,0.00462306
115.0,0.7585176331,446.9294867,6.50887e-06,0.00461594
115.0,0.7698905452,443.331118,6.46992e-06,0.00461166
115.0,0.7678422755,433.3163452,6.58667e-06,0.00462248
115.0,0.7668762245,443.9004653,6.48243e-06,0.00461088
115.0,0.7715763142,435.4649137,6.59443e-06,0.00462274
115.0,0.7604658067,440.5880589,6.4514e-06,0.00460812
115.0,0.7641568302,441.6455798,6.47919e-06,0.00460245
115.0,0.7732889721,454.0461911,6.44016e-06,0.00460389
115.0,0.7632004429,444.4461649,6.46046e-06,0.00461185
115.0,0.7684522668,442.4222107,6.55907e-06,0.00461378
115.0,0.7708468591,432.3533318,6.50452e-06,0.00463006
Freq,115,Rs,441.57549055,5.80805257902947,Ls,0.7664166394875,0.0063057210622093265
":SOUR:DCS:STAT OFF;:BIAS:STAT OFF;:COMP:BIN:COUN:CLE;:LIST:CLE:ALL;:COMP:BIN:CLE;:AMPL:ALC OFF;:APER MED,4;:BIAS:POL:AUTO OFF;:BIAS:RANG:AUTO ON;:BIAS:VOLT:LEV 0;:COMP:ABIN OFF;:COMP:BIN:COUN:STAT OFF;:COMP:MODE PTOL;:COMP:SLIM -9.9e+037,9.9e+037;:COMP:STAT OFF;:COMP:SWAP OFF;:COMP:TOL:NOM 0;:CURR:LEV 5e-005;:DISP:ENAB ON;:DISP:LINE """";:DISP:WIND:TEXT1:DATA:FMSD:DATA 1e-009;:DISP:WIND:TEXT2:DATA:FMSD:DATA 1e-009;:FORM:ASC:LONG ON;:FORM:BORD NORM;:FORM:DATA ASC,64;:FREQ:CW 115;:FUNC:DEV1:MODE OFF;:FUNC:DEV1:REF:VAL 0;:FUNC:DEV2:MODE OFF;:FUNC:DEV2:REF:VAL 0;:FUNC:IMP:TYPE LSRS;:FUNC:SMON:IDC:STAT OFF;:FUNC:SMON:VDC:STAT OFF;:INIT:CONT OFF;:LIST:MODE SEQ;:LIST:STIM:TYPE FREQ,NONE;:SOUR:DCS:VOLT:LEV 0;:TRIG:DEL 0;:TRIG:SOUR INT;:TRIG:TDEL 0;:DISP:WIND:TEXT1:DATA:FMSD:STAT OFF;:DISP:WIND:TEXT2:DATA:FMSD:STAT OFF;:FUNC:DCR:RANG:VAL 100;:FUNC:IMP:RANG:VAL 300;:OUTP:DC:ISOL:LEV:VAL 0.002;:OUTP:DC:ISOL:STAT OFF;:FUNC:DCR:RANG:AUTO ON;:FUNC:IMP:RANG:AUTO ON;:OUTP:DC:ISOL:LEV:AUTO ON;:DISP:PAGE MEASurement;
"
120.0,0.837472391,565.0640408,5.50594e-06,0.00465894
120.0,0.8418769151,566.1829353,5.51034e-06,0.00466074
120.0,0.842397712,566.4638559,5.53158e-06,0.00466652
120.0,0.8387381558,559.1254417,5.50412e-06,0.00466452
120.0,0.8446807966,556.495499,5.48584e-06,0.00466026
120.0,0.8460483679,565.8409366,5.50595e-06,0.00466147
120.0,0.8496549491,559.7730598,5.49295e-06,0.00465926
120.0,0.8405613961,563.4585352,5.4557e-06,0.00466198
120.0,0.8484419789,559.4025961,5.48192e-06,0.00465876
120.0,0.849741007,563.2651274,5.50704e-06,0.00466231
120.0,0.8414073064,566.2527639,5.52287e-06,0.00466115
120.0,0.843979794,560.5848216,5.44513e-06,0.00466192
120.0,0.8422631477,564.1459393,5.55018e-06,0.00466001
120.0,0.8437336306,564.4021883,5.50923e-06,0.00465875
120.0,0.8353242496,559.8320719,5.47338e-06,0.00466516
120.0,0.8449968135,560.5817238,5.47853e-06,0.00465399
Freq,120,Rs,562.5544710375,3.139183122561902,Ls,0.8432074132062499,0.004119424207035478
":SOUR:DCS:STAT OFF;:BIAS:STAT OFF;:COMP:BIN:COUN:CLE;:LIST:CLE:ALL;:COMP:BIN:CLE;:AMPL:ALC OFF;:APER MED,4;:BIAS:POL:AUTO OFF;:BIAS:RANG:AUTO ON;:BIAS:VOLT:LEV 0;:COMP:ABIN OFF;:COMP:BIN:COUN:STAT OFF;:COMP:MODE PTOL;:COMP:SLIM -9.9e+037,9.9e+037;:COMP:STAT OFF;:COMP:SWAP OFF;:COMP:TOL:NOM 0;:CURR:LEV 5e-005;:DISP:ENAB ON;:DISP:LINE """";:DISP:WIND:TEXT1:DATA:FMSD:DATA 1e-009;:DISP:WIND:TEXT2:DATA:FMSD:DATA 1e-009;:FORM:ASC:LONG ON;:FORM:BORD NORM;:FORM:DATA ASC,64;:FREQ:CW 120;:FUNC:DEV1:MODE OFF;:FUNC:DEV1:REF:VAL 0;:FUNC:DEV2:MODE OFF;:FUNC:DEV2:REF:VAL 0;:FUNC:IMP:TYPE LSRS;:FUNC:SMON:IDC:STAT OFF;:FUNC:SMON:VDC:STAT OFF;:INIT:CONT OFF;:LIST:MODE SEQ;:LIST:STIM:TYPE FREQ,NONE;:SOUR:DCS:VOLT:LEV 0;:TRIG:DEL 0;:TRIG:SOUR INT;:TRIG:TDEL 0;:DISP:WIND:TEXT1:DATA:FMSD:STAT OFF;:DISP:WIND:TEXT2:DATA:FMSD:STAT OFF;:FUNC:DCR:RANG:VAL 100;:FUNC:IMP:RANG:VAL 300;:OUTP:DC:ISOL:LEV:VAL 0.002;:OUTP:DC:ISOL:STAT OFF;:FUNC:DCR:RANG:AUTO ON;:FUNC:IMP:RANG:AUTO ON;:OUTP:DC:ISOL:LEV:AUTO ON;:DISP:PAGE MEASurement;
"
122.0,0.6354734431,622.0709345,5.7995e-06,0.00457464
122.0,0.6405009101,617.9800802,5.85617e-06,0.00457684
122.0,0.6393084323,620.1233679,5.79974e-06,0.00457615
122.0,0.6382130142,618.4066878,5.78377e-06,0.00457297
122.0,0.6353860368,620.4833358,5.78109e-06,0.00457015
122.0,0.6396161362,617.4537389,5.79298e-06,0.00457021
122.0,0.6402680376,619.1745154,5.78942e-06,0.00457625
122.0,0.6397090957,620.1019208,5.83598e-06,0.00456653
122.0,0.638201626,617.7179356,5.8111e-06,0.00457553
122.0,0.6428469493,619.301755,5.78458e-06,0.00457271
122.0,0.6309853501,619.4227218,5.78762e-06,0.00457263
122.0,0.6425163456,618.831591,5.79471e-06,0.00457638
122.0,0.6366924888,620.325198,5.8253e-06,0.00457423
122.0,0.6360339755,614.3634971,5.76792e-06,0.00457709
122.0,0.6429077009,620.9379722,5.77838e-06,0.00456803
122.0,0.6366328342,618.9102017,5.76003e-06,0.00457488
Freq,122,Rs,619.1003408562499,1.764814631404198,Ls,0.638455773525,0.0031963230052427303
":SOUR:DCS:STAT OFF;:BIAS:STAT OFF;:COMP:BIN:COUN:CLE;:LIST:CLE:ALL;:COMP:BIN:CLE;:AMPL:ALC OFF;:APER MED,4;:BIAS:POL:AUTO OFF;:BIAS:RANG:AUTO ON;:BIAS:VOLT:LEV 0;:COMP:ABIN OFF;:COMP:BIN:COUN:STAT OFF;:COMP:MODE PTOL;:COMP:SLIM -9.9e+037,9.9e+037;:COMP:STAT OFF;:COMP:SWAP OFF;:COMP:TOL:NOM 0;:CURR:LEV 5e-005;:DISP:ENAB ON;:DISP:LINE """";:DISP:WIND:TEXT1:DATA:FMSD:DATA 1e-009;:DISP:WIND:TEXT2:DATA:FMSD:DATA 1e-009;:FORM:ASC:LONG ON;:FORM:BORD NORM;:FORM:DATA ASC,64;:FREQ:CW 122;:FUNC:DEV1:MODE OFF;:FUNC:DEV1:REF:VAL 0;:FUNC:DEV2:MODE OFF;:FUNC:DEV2:REF:VAL 0;:FUNC:IMP:TYPE LSRS;:FUNC:SMON:IDC:STAT OFF;:FUNC:SMON:VDC:STAT OFF;:INIT:CONT OFF;:LIST:MODE SEQ;:LIST:STIM:TYPE FREQ,NONE;:SOUR:DCS:VOLT:LEV 0;:TRIG:DEL 0;:TRIG:SOUR INT;:TRIG:TDEL 0;:DISP:WIND:TEXT1:DATA:FMSD:STAT OFF;:DISP:WIND:TEXT2:DATA:FMSD:STAT OFF;:FUNC:DCR:RANG:VAL 100;:FUNC:IMP:RANG:VAL 300;:OUTP:DC:ISOL:LEV:VAL 0.002;:OUTP:DC:ISOL:STAT OFF;:FUNC:DCR:RANG:AUTO ON;:FUNC:IMP:RANG:AUTO ON;:OUTP:DC:ISOL:LEV:AUTO ON;:DISP:PAGE MEASurement;
"
125.0,0.6367728972,504.0590441,6.40534e-06,0.00455794
125.0,0.6355540405,506.2670374,6.42221e-06,0.0045584
125.0,0.6375448279,502.4826121,6.43429e-06,0.00455828
125.0,0.6366197585,501.9442317,6.41612e-06,0.00455813
125.0,0.6326716712,503.6310465,6.42845e-06,0.00455989
125.0,0.6374623009,505.2027416,6.43199e-06,0.00455672
125.0,0.6369519272,503.1802939,6.42e-06,0.00455576
125.0,0.6348729545,501.7400953,6.44807e-06,0.0045616
125.0,0.6394914528,503.9244784,6.41862e-06,0.00455749
125.0,0.6346649113,502.8961364,6.42465e-06,0.00455809
125.0,0.6363103301,505.2868654,6.40615e-06,0.00455788
125.0,0.6361118098,502.9051075,6.41954e-06,0.0045582
125.0,0.6349643604,502.9361899,6.42215e-06,0.00455614
125.0,0.6331294252,500.1125322,6.42449e-06,0.00455779
125.0,0.6337739823,504.1981253,6.4219e-06,0.00455522
125.0,0.6340799647,503.8313857,6.42907e-06,0.0045558
Freq,125,Rs,503.41237021250004,1.5033134065984373,Ls,0.63568603840625,0.0018150874591645759
":SOUR:DCS:STAT OFF;:BIAS:STAT OFF;:COMP:BIN:COUN:CLE;:LIST:CLE:ALL;:COMP:BIN:CLE;:AMPL:ALC OFF;:APER MED,4;:BIAS:POL:AUTO OFF;:BIAS:RANG:AUTO ON;:BIAS:VOLT:LEV 0;:COMP:ABIN OFF;:COMP:BIN:COUN:STAT OFF;:COMP:MODE PTOL;:COMP:SLIM -9.9e+037,9.9e+037;:COMP:STAT OFF;:COMP:SWAP OFF;:COMP:TOL:NOM 0;:CURR:LEV 5e-005;:DISP:ENAB ON;:DISP:LINE """";:DISP:WIND:TEXT1:DATA:FMSD:DATA 1e-009;:DISP:WIND:TEXT2:DATA:FMSD:DATA 1e-009;:FORM:ASC:LONG ON;:FORM:BORD NORM;:FORM:DATA ASC,64;:FREQ:CW 125;:FUNC:DEV1:MODE OFF;:FUNC:DEV1:REF:VAL 0;:FUNC:DEV2:MODE OFF;:FUNC:DEV2:REF:VAL 0;:FUNC:IMP:TYPE LSRS;:FUNC:SMON:IDC:STAT OFF;:FUNC:SMON:VDC:STAT OFF;:INIT:CONT OFF;:LIST:MODE SEQ;:LIST:STIM:TYPE FREQ,NONE;:SOUR:DCS:VOLT:LEV 0;:TRIG:DEL 0;:TRIG:SOUR INT;:TRIG:TDEL 0;:DISP:WIND:TEXT1:DATA:FMSD:STAT OFF;:DISP:WIND:TEXT2:DATA:FMSD:STAT OFF;:FUNC:DCR:RANG:VAL 100;:FUNC:IMP:RANG:VAL 300;:OUTP:DC:ISOL:LEV:VAL 0.002;:OUTP:DC:ISOL:STAT OFF;:FUNC:DCR:RANG:AUTO ON;:FUNC:IMP:RANG:AUTO ON;:OUTP:DC:ISOL:LEV:AUTO ON;:DISP:PAGE MEASurement;
"
127.0,0.6740671565,511.8154134,6.19729e-06,0.0045925
127.0,0.6719992356,512.4956021,6.20187e-06,0.00459189
127.0,0.6740328478,509.4573134,6.20404e-06,0.00459128
127.0,0.6739393795,510.991362,6.19572e-06,0.00458993
127.0,0.6736268403,509.4696532,6.19183e-06,0.00458941
127.0,0.6740576296,510.8612641,6.20423e-06,0.00459033
127.0,0.6759226078,509.589888,6.20225e-06,0.00459461
127.0,0.6719062682,509.9169374,6.19061e-06,0.0045893
127.0,0.673761272,512.3115589,6.20255e-06,0.00459189
127.0,0.6734864876,511.2050686,6.18591e-06,0.00459419
127.0,0.6710155863,510.3307036,6.17921e-06,0.00459094
127.0,0.6754440333,510.1780124,6.18415e-06,0.00458894
127.0,0.6737458041,510.5985299,6.18515e-06,0.00458968
127.0,0.6715226803,509.1620778,6.20121e-06,0.00459116
127.0,0.6733769992,512.321084,6.21365e-06,0.00459096
127.0,0.672019313,511.9086651,6.19896e-06,0.00459251
Freq,127,Rs,510.78832086875,1.1279283188159466,Ls,0.67337025881875,0.0013593004190879997
":SOUR:DCS:STAT OFF;:BIAS:STAT OFF;:COMP:BIN:COUN:CLE;:LIST:CLE:ALL;:COMP:BIN:CLE;:AMPL:ALC OFF;:APER MED,4;:BIAS:POL:AUTO OFF;:BIAS:RANG:AUTO ON;:BIAS:VOLT:LEV 0;:COMP:ABIN OFF;:COMP:BIN:COUN:STAT OFF;:COMP:MODE PTOL;:COMP:SLIM -9.9e+037,9.9e+037;:COMP:STAT OFF;:COMP:SWAP OFF;:COMP:TOL:NOM 0;:CURR:LEV 5e-005;:DISP:ENAB ON;:DISP:LINE """";:DISP:WIND:TEXT1:DATA:FMSD:DATA 1e-009;:DISP:WIND:TEXT2:DATA:FMSD:DATA 1e-009;:FORM:ASC:LONG ON;:FORM:BORD NORM;:FORM:DATA ASC,64;:FREQ:CW 127;:FUNC:DEV1:MODE OFF;:FUNC:DEV1:REF:VAL 0;:FUNC:DEV2:MODE OFF;:FUNC:DEV2:REF:VAL 0;:FUNC:IMP:TYPE LSRS;:FUNC:SMON:IDC:STAT OFF;:FUNC:SMON:VDC:STAT OFF;:INIT:CONT OFF;:LIST:MODE SEQ;:LIST:STIM:TYPE FREQ,NONE;:SOUR:DCS:VOLT:LEV 0;:TRIG:DEL 0;:TRIG:SOUR INT;:TRIG:TDEL 0;:DISP:WIND:TEXT1:DATA:FMSD:STAT OFF;:DISP:WIND:TEXT2:DATA:FMSD:STAT OFF;:FUNC:DCR:RANG:VAL 100;:FUNC:IMP:RANG:VAL 300;:OUTP:DC:ISOL:LEV:VAL 0.002;:OUTP:DC:ISOL:STAT OFF;:FUNC:DCR:RANG:AUTO ON;:FUNC:IMP:RANG:AUTO ON;:OUTP:DC:ISOL:LEV:AUTO ON;:DISP:PAGE MEASurement;
"
130.0,0.6496693742,548.804053,6.02015e-06,0.00458949
130.0,0.6489062176,549.1913967,6.01329e-06,0.00459084
130.0,0.6452218826,547.2575935,6.01769e-06,0.00459052
130.0,0.6490584103,547.1475597,6.04755e-06,0.00459041
130.0,0.6462758669,548.5613424,6.01533e-06,0.00458933
130.0,0.6444829923,549.1551625,6.00892e-06,0.00458787
130.0,0.648557012,548.7208642,6.04691e-06,0.00458836
130.0,0.6502035478,553.2336644,6.0347e-06,0.00458872
130.0,0.6468802724,551.5638118,5.9979e-06,0.00458901
130.0,0.644664336,548.6498628,6.01195e-06,0.0045895
130.0,0.6458254172,548.1721229,6.03079e-06,0.00458905
130.0,0.6456085677,547.5415808,6.00141e-06,0.00458963
130.0,0.645303758,547.1727839,6.00056e-06,0.0045924
130.0,0.6468428422,548.4967054,6.04657e-06,0.00458831
130.0,0.646683062,548.3444375,6.00832e-06,0.00458862
130.0,0.6484294938,550.5506532,6.04049e-06,0.00458746
Freq,130,Rs,548.9102246687501,1.6445125378101872,Ls,0.6470383158125,0.0018531489903133842
":SOUR:DCS:STAT OFF;:BIAS:STAT OFF;:COMP:BIN:COUN:CLE;:LIST:CLE:ALL;:COMP:BIN:CLE;:AMPL:ALC OFF;:APER MED,4;:BIAS:POL:AUTO OFF;:BIAS:RANG:AUTO ON;:BIAS:VOLT:LEV 0;:COMP:ABIN OFF;:COMP:BIN:COUN:STAT OFF;:COMP:MODE PTOL;:COMP:SLIM -9.9e+037,9.9e+037;:COMP:STAT OFF;:COMP:SWAP OFF;:COMP:TOL:NOM 0;:CURR:LEV 5e-005;:DISP:ENAB ON;:DISP:LINE """";:DISP:WIND:TEXT1:DATA:FMSD:DATA 1e-009;:DISP:WIND:TEXT2:DATA:FMSD:DATA 1e-009;:FORM:ASC:LONG ON;:FORM:BORD NORM;:FORM:DATA ASC,64;:FREQ:CW 130;:FUNC:DEV1:MODE OFF;:FUNC:DEV1:REF:VAL 0;:FUNC:DEV2:MODE OFF;:FUNC:DEV2:REF:VAL 0;:FUNC:IMP:TYPE LSRS;:FUNC:SMON:IDC:STAT OFF;:FUNC:SMON:VDC:STAT OFF;:INIT:CONT OFF;:LIST:MODE SEQ;:LIST:STIM:TYPE FREQ,NONE;:SOUR:DCS:VOLT:LEV 0;:TRIG:DEL 0;:TRIG:SOUR INT;:TRIG:TDEL 0;:DISP:WIND:TEXT1:DATA:FMSD:STAT OFF;:DISP:WIND:TEXT2:DATA:FMSD:STAT OFF;:FUNC:DCR:RANG:VAL 100;:FUNC:IMP:RANG:VAL 300;:OUTP:DC:ISOL:LEV:VAL 0.002;:OUTP:DC:ISOL:STAT OFF;:FUNC:DCR:RANG:AUTO ON;:FUNC:IMP:RANG:AUTO ON;:OUTP:DC:ISOL:LEV:AUTO ON;:DISP:PAGE MEASurement;
"
132.0,0.6242507473,517.856334,6.24808e-06,0.00458251
132.0,0.6265982814,517.5077711,6.25157e-06,0.00458011
132.0,0.627464141,518.39943,6.23372e-06,0.00458101
132.0,0.6258753007,519.9157367,6.24434e-06,0.00458209
132.0,0.6245024936,518.027368,6.25115e-06,0.00458005
132.0,0.6274860735,518.3201481,6.2635e-06,0.0045803
132.0,0.6263604102,519.768131,6.24403e-06,0.00458144
132.0,0.625053874,516.9620314,6.23775e-06,0.00458194
132.0,0.6237779036,519.6020747,6.24344e-06,0.00458204
132.0,0.6254163957,517.6731165,6.24271e-06,0.00458139
132.0,0.6255575591,516.3228745,6.23672e-06,0.0045822
132.0,0.6247826234,518.812073,6.22904e-06,0.00458143
132.0,0.6266169167,519.1814781,6.24899e-06,0.00457974
132.0,0.624308258,517.8689924,6.23261e-06,0.00458316
132.0,0.6245782903,518.631435,6.25266e-06,0.004581
132.0,0.6253320485,520.6969416,6.23888e-06,0.00458253
Freq,132,Rs,518.47162100625,1.1567648805989628,Ls,0.6254975823125,0.001145436123647334
":SOUR:DCS:STAT OFF;:BIAS:STAT OFF;:COMP:BIN:COUN:CLE;:LIST:CLE:ALL;:COMP:BIN:CLE;:AMPL:ALC OFF;:APER MED,4;:BIAS:POL:AUTO OFF;:BIAS:RANG:AUTO ON;:BIAS:VOLT:LEV 0;:COMP:ABIN OFF;:COMP:BIN:COUN:STAT OFF;:COMP:MODE PTOL;:COMP:SLIM -9.9e+037,9.9e+037;:COMP:STAT OFF;:COMP:SWAP OFF;:COMP:TOL:NOM 0;:CURR:LEV 5e-005;:DISP:ENAB ON;:DISP:LINE """";:DISP:WIND:TEXT1:DATA:FMSD:DATA 1e-009;:DISP:WIND:TEXT2:DATA:FMSD:DATA 1e-009;:FORM:ASC:LONG ON;:FORM:BORD NORM;:FORM:DATA ASC,64;:FREQ:CW 132;:FUNC:DEV1:MODE OFF;:FUNC:DEV1:REF:VAL 0;:FUNC:DEV2:MODE OFF;:FUNC:DEV2:REF:VAL 0;:FUNC:IMP:TYPE LSRS;:FUNC:SMON:IDC:STAT OFF;:FUNC:SMON:VDC:STAT OFF;:INIT:CONT OFF;:LIST:MODE SEQ;:LIST:STIM:TYPE FREQ,NONE;:SOUR:DCS:VOLT:LEV 0;:TRIG:DEL 0;:TRIG:SOUR INT;:TRIG:TDEL 0;:DISP:WIND:TEXT1:DATA:FMSD:STAT OFF;:DISP:WIND:TEXT2:DATA:FMSD:STAT OFF;:FUNC:DCR:RANG:VAL 100;:FUNC:IMP:RANG:VAL 300;:OUTP:DC:ISOL:LEV:VAL 0.002;:OUTP:DC:ISOL:STAT OFF;:FUNC:DCR:RANG:AUTO ON;:FUNC:IMP:RANG:AUTO ON;:OUTP:DC:ISOL:LEV:AUTO ON;:DISP:PAGE MEASurement;
"
135.0,0.6868784876,515.0213245,5.9483e-06,0.0046293
135.0,0.6836376601,513.7136378,5.9672e-06,0.00462919
135.0,0.6848926569,514.2015297,5.95235e-06,0.00463044
135.0,0.6853110408,515.5415807,5.96301e-06,0.00463019
135.0,0.6880261262,514.8798877,5.95363e-06,0.00462844
135.0,0.6838874066,516.6254197,5.94459e-06,0.00462902
135.0,0.6851914195,513.6512374,5.96329e-06,0.0046283
135.0,0.6843565066,513.4693104,5.96098e-06,0.00462977
135.0,0.6819299772,517.9591891,5.96244e-06,0.00462825
135.0,0.6903991851,512.8905581,5.95803e-06,0.00462836
135.0,0.6865554335,519.3539195,5.97898e-06,0.00463014
135.0,0.6836159959,514.7499892,5.95786e-06,0.00462771
135.0,0.6843007769,515.6785983,5.9511e-06,0.00462864
135.0,0.6846384803,516.0180955,5.96871e-06,0.00462924
135.0,0.6835410539,516.6559482,5.94714e-06,0.00462652
135.0,0.6803215618,515.5175452,5.97111e-06,0.00462878
Freq,135,Rs,515.3704856875,1.7115524574551662,Ls,0.68484273555625,0.002359240944947627
":SOUR:DCS:STAT OFF;:BIAS:STAT OFF;:COMP:BIN:COUN:CLE;:LIST:CLE:ALL;:COMP:BIN:CLE;:AMPL:ALC OFF;:APER MED,4;:BIAS:POL:AUTO OFF;:BIAS:RANG:AUTO ON;:BIAS:VOLT:LEV 0;:COMP:ABIN OFF;:COMP:BIN:COUN:STAT OFF;:COMP:MODE PTOL;:COMP:SLIM -9.9e+037,9.9e+037;:COMP:STAT OFF;:COMP:SWAP OFF;:COMP:TOL:NOM 0;:CURR:LEV 5e-005;:DISP:ENAB ON;:DISP:LINE """";:DISP:WIND:TEXT1:DATA:FMSD:DATA 1e-009;:DISP:WIND:TEXT2:DATA:FMSD:DATA 1e-009;:FORM:ASC:LONG ON;:FORM:BORD NORM;:FORM:DATA ASC,64;:FREQ:CW 135;:FUNC:DEV1:MODE OFF;:FUNC:DEV1:REF:VAL 0;:FUNC:DEV2:MODE OFF;:FUNC:DEV2:REF:VAL 0;:FUNC:IMP:TYPE LSRS;:FUNC:SMON:IDC:STAT OFF;:FUNC:SMON:VDC:STAT OFF;:INIT:CONT OFF;:LIST:MODE SEQ;:LIST:STIM:TYPE FREQ,NONE;:SOUR:DCS:VOLT:LEV 0;:TRIG:DEL 0;:TRIG:SOUR INT;:TRIG:TDEL 0;:DISP:WIND:TEXT1:DATA:FMSD:STAT OFF;:DISP:WIND:TEXT2:DATA:FMSD:STAT OFF;:FUNC:DCR:RANG:VAL 100;:FUNC:IMP:RANG:VAL 300;:OUTP:DC:ISOL:LEV:VAL 0.002;:OUTP:DC:ISOL:STAT OFF;:FUNC:DCR:RANG:AUTO ON;:FUNC:IMP:RANG:AUTO ON;:OUTP:DC:ISOL:LEV:AUTO ON;:DISP:PAGE MEASurement;
"
137.0,0.7238279103,600.7062685,5.34877e-06,0.00465912
137.0,0.7263051889,603.9111257,5.35945e-06,0.00466075
137.0,0.7297688875,606.3425995,5.36739e-06,0.00465727
137.0,0.7215820631,608.4231115,5.36433e-06,0.00465869
137.0,0.7207955661,608.669051,5.36396e-06,0.00465843
137.0,0.7260883077,608.0499852,5.32998e-06,0.00466102
137.0,0.7246954466,603.6350944,5.38219e-06,0.00465696
137.0,0.7227734683,604.9258051,5.34772e-06,0.00465806
137.0,0.7238751756,603.0612317,5.34994e-06,0.00465728
137.0,0.7225044666,605.291466,5.35539e-06,0.00465797
137.0,0.7258956259,606.1451464,5.36248e-06,0.00465395
137.0,0.7283339528,604.5592967,5.36178e-06,0.00466121
137.0,0.7229180562,609.1859584,5.358e-06,0.00465501
137.0,0.7199538582,606.4795106,5.35707e-06,0.00465786
137.0,0.7224922703,606.3041935,5.35613e-06,0.00465702
137.0,0.7255759591,606.3200668,5.34267e-06,0.00465721
Freq,137,Rs,605.7506194375001,2.2695673406481442,Ls,0.7242116377,0.0026745504726143165
":SOUR:DCS:STAT OFF;:BIAS:STAT OFF;:COMP:BIN:COUN:CLE;:LIST:CLE:ALL;:COMP:BIN:CLE;:AMPL:ALC OFF;:APER MED,4;:BIAS:POL:AUTO OFF;:BIAS:RANG:AUTO ON;:BIAS:VOLT:LEV 0;:COMP:ABIN OFF;:COMP:BIN:COUN:STAT OFF;:COMP:MODE PTOL;:COMP:SLIM -9.9e+037,9.9e+037;:COMP:STAT OFF;:COMP:SWAP OFF;:COMP:TOL:NOM 0;:CURR:LEV 5e-005;:DISP:ENAB ON;:DISP:LINE """";:DISP:WIND:TEXT1:DATA:FMSD:DATA 1e-009;:DISP:WIND:TEXT2:DATA:FMSD:DATA 1e-009;:FORM:ASC:LONG ON;:FORM:BORD NORM;:FORM:DATA ASC,64;:FREQ:CW 137;:FUNC:DEV1:MODE OFF;:FUNC:DEV1:REF:VAL 0;:FUNC:DEV2:MODE OFF;:FUNC:DEV2:REF:VAL 0;:FUNC:IMP:TYPE LSRS;:FUNC:SMON:IDC:STAT OFF;:FUNC:SMON:VDC:STAT OFF;:INIT:CONT OFF;:LIST:MODE SEQ;:LIST:STIM:TYPE FREQ,NONE;:SOUR:DCS:VOLT:LEV 0;:TRIG:DEL 0;:TRIG:SOUR INT;:TRIG:TDEL 0;:DISP:WIND:TEXT1:DATA:FMSD:STAT OFF;:DISP:WIND:TEXT2:DATA:FMSD:STAT OFF;:FUNC:DCR:RANG:VAL 100;:FUNC:IMP:RANG:VAL 300;:OUTP:DC:ISOL:LEV:VAL 0.002;:OUTP:DC:ISOL:STAT OFF;:FUNC:DCR:RANG:AUTO ON;:FUNC:IMP:RANG:AUTO ON;:OUTP:DC:ISOL:LEV:AUTO ON;:DISP:PAGE MEASurement;
"
140.0,0.4876614534,582.4626184,6.28933e-06,0.00452513
140.0,0.4858595741,582.1429338,6.22486e-06,0.00452479
140.0,0.4884189399,585.2184246,6.30913e-06,0.0045274
140.0,0.483382179,581.4484091,6.28506e-06,0.0045227
140.0,0.4910671721,581.9471517,6.27242e-06,0.00452838
140.0,0.4904881324,574.4417609,6.26017e-06,0.00452096
140.0,0.4851058474,584.102482,6.28422e-06,0.00452626
140.0,0.4856552781,583.4709841,6.28987e-06,0.0045263
140.0,0.4893806898,576.8527429,6.26053e-06,0.00452254
140.0,0.4854248885,583.1167907,6.27689e-06,0.00453006
140.0,0.4830780844,582.4523929,6.25111e-06,0.00452376
140.0,0.4887430571,582.1369053,6.28629e-06,0.00452733
140.0,0.4851617537,579.8130396,6.28437e-06,0.00452667
140.0,0.4870962014,579.0774512,6.26865e-06,0.00452823
140.0,0.4861945909,583.7228114,6.28928e-06,0.00452309
140.0,0.4864008148,580.4902541,6.27741e-06,0.00452482
Freq,140,Rs,581.43107204375,2.780509133118073,Ls,0.4868199160625,0.0023293878471963305
":SOUR:DCS:STAT OFF;:BIAS:STAT OFF;:COMP:BIN:COUN:CLE;:LIST:CLE:ALL;:COMP:BIN:CLE;:AMPL:ALC OFF;:APER MED,4;:BIAS:POL:AUTO OFF;:BIAS:RANG:AUTO ON;:BIAS:VOLT:LEV 0;:COMP:ABIN OFF;:COMP:BIN:COUN:STAT OFF;:COMP:MODE PTOL;:COMP:SLIM -9.9e+037,9.9e+037;:COMP:STAT OFF;:COMP:SWAP OFF;:COMP:TOL:NOM 0;:CURR:LEV 5e-005;:DISP:ENAB ON;:DISP:LINE """";:DISP:WIND:TEXT1:DATA:FMSD:DATA 1e-009;:DISP:WIND:TEXT2:DATA:FMSD:DATA 1e-009;:FORM:ASC:LONG ON;:FORM:BORD NORM;:FORM:DATA ASC,64;:FREQ:CW 140;:FUNC:DEV1:MODE OFF;:FUNC:DEV1:REF:VAL 0;:FUNC:DEV2:MODE OFF;:FUNC:DEV2:REF:VAL 0;:FUNC:IMP:TYPE LSRS;:FUNC:SMON:IDC:STAT OFF;:FUNC:SMON:VDC:STAT OFF;:INIT:CONT OFF;:LIST:MODE SEQ;:LIST:STIM:TYPE FREQ,NONE;:SOUR:DCS:VOLT:LEV 0;:TRIG:DEL 0;:TRIG:SOUR INT;:TRIG:TDEL 0;:DISP:WIND:TEXT1:DATA:FMSD:STAT OFF;:DISP:WIND:TEXT2:DATA:FMSD:STAT OFF;:FUNC:DCR:RANG:VAL 100;:FUNC:IMP:RANG:VAL 300;:OUTP:DC:ISOL:LEV:VAL 0.002;:OUTP:DC:ISOL:STAT OFF;:FUNC:DCR:RANG:AUTO ON;:FUNC:IMP:RANG:AUTO ON;:OUTP:DC:ISOL:LEV:AUTO ON;:DISP:PAGE MEASurement;
"
142.0,0.5190527728,513.8111008,6.54859e-06,0.00453979
142.0,0.5198341141,514.922359,6.56104e-06,0.00454022
142.0,0.5208985621,513.5891023,6.56597e-06,0.00453646
142.0,0.5233307213,513.0004535,6.53824e-06,0.00454005
142.0,0.5228575908,512.7467708,6.54411e-06,0.0045385
142.0,0.5232065044,511.726923,6.5675e-06,0.0045392
142.0,0.5200872121,515.7191484,6.54333e-06,0.0045387
142.0,0.5200643085,513.4604989,6.53884e-06,0.00453755
142.0,0.5216663785,512.9447438,6.55233e-06,0.00454009
142.0,0.516646411,515.4921265,6.56804e-06,0.0045401
142.0,0.5191266842,513.4294878,6.55682e-06,0.00453861
142.0,0.517359308,513.4925013,6.55188e-06,0.00453982
142.0,0.5225248228,517.490816,6.53214e-06,0.00453707
142.0,0.5196740077,511.8459998,6.46964e-06,0.00453607
142.0,0.5251064202,515.616539,6.53902e-06,0.00454117
142.0,0.5218970602,514.0909128,6.54156e-06,0.00453757
Freq,142,Rs,513.96121773125,1.5358887152767364,Ls,0.5208333049187499,0.002281657826074622
":SOUR:DCS:STAT OFF;:BIAS:STAT OFF;:COMP:BIN:COUN:CLE;:LIST:CLE:ALL;:COMP:BIN:CLE;:AMPL:ALC OFF;:APER MED,4;:BIAS:POL:AUTO OFF;:BIAS:RANG:AUTO ON;:BIAS:VOLT:LEV 0;:COMP:ABIN OFF;:COMP:BIN:COUN:STAT OFF;:COMP:MODE PTOL;:COMP:SLIM -9.9e+037,9.9e+037;:COMP:STAT OFF;:COMP:SWAP OFF;:COMP:TOL:NOM 0;:CURR:LEV 5e-005;:DISP:ENAB ON;:DISP:LINE """";:DISP:WIND:TEXT1:DATA:FMSD:DATA 1e-009;:DISP:WIND:TEXT2:DATA:FMSD:DATA 1e-009;:FORM:ASC:LONG ON;:FORM:BORD NORM;:FORM:DATA ASC,64;:FREQ:CW 142;:FUNC:DEV1:MODE OFF;:FUNC:DEV1:REF:VAL 0;:FUNC:DEV2:MODE OFF;:FUNC:DEV2:REF:VAL 0;:FUNC:IMP:TYPE LSRS;:FUNC:SMON:IDC:STAT OFF;:FUNC:SMON:VDC:STAT OFF;:INIT:CONT OFF;:LIST:MODE SEQ;:LIST:STIM:TYPE FREQ,NONE;:SOUR:DCS:VOLT:LEV 0;:TRIG:DEL 0;:TRIG:SOUR INT;:TRIG:TDEL 0;:DISP:WIND:TEXT1:DATA:FMSD:STAT OFF;:DISP:WIND:TEXT2:DATA:FMSD:STAT OFF;:FUNC:DCR:RANG:VAL 100;:FUNC:IMP:RANG:VAL 300;:OUTP:DC:ISOL:LEV:VAL 0.002;:OUTP:DC:ISOL:STAT OFF;:FUNC:DCR:RANG:AUTO ON;:FUNC:IMP:RANG:AUTO ON;:OUTP:DC:ISOL:LEV:AUTO ON;:DISP:PAGE MEASurement;
"
145.0,0.556469308,489.0742705,6.4509e-06,0.00457205
145.0,0.5576924698,492.258133,6.47334e-06,0.00456859
145.0,0.5516176468,489.6501952,6.46104e-06,0.00457263
145.0,0.5564861059,489.44958,6.50164e-06,0.00457084
145.0,0.5587648339,494.3974961,6.45063e-06,0.00456769
145.0,0.5525280852,491.0263725,6.47959e-06,0.00457366
145.0,0.5538356168,494.1291027,6.46643e-06,0.00457095
145.0,0.5558173393,489.9733257,6.43595e-06,0.00457038
145.0,0.5534063257,492.8809428,6.50985e-06,0.00456938
145.0,0.5578578319,485.873262,6.45383e-06,0.0045669
145.0,0.5528815011,495.7801168,6.47211e-06,0.0045737
145.0,0.5558487808,490.6396834,6.4617e-06,0.00457102
145.0,0.5559688373,494.8885123,6.45173e-06,0.00457091
145.0,0.5543330866,492.0695991,6.47954e-06,0.00456955
145.0,0.5578258931,493.4408323,6.49108e-06,0.00457188
145.0,0.5579101903,490.5995857,6.5046e-06,0.0045715
Freq,145,Rs,491.63318813125,2.5906831626670836,Ls,0.55557774078125,0.0022177836952649585
":SOUR:DCS:STAT OFF;:BIAS:STAT OFF;:COMP:BIN:COUN:CLE;:LIST:CLE:ALL;:COMP:BIN:CLE;:AMPL:ALC OFF;:APER MED,4;:BIAS:POL:AUTO OFF;:BIAS:RANG:AUTO ON;:BIAS:VOLT:LEV 0;:COMP:ABIN OFF;:COMP:BIN:COUN:STAT OFF;:COMP:MODE PTOL;:COMP:SLIM -9.9e+037,9.9e+037;:COMP:STAT OFF;:COMP:SWAP OFF;:COMP:TOL:NOM 0;:CURR:LEV 5e-005;:DISP:ENAB ON;:DISP:LINE """";:DISP:WIND:TEXT1:DATA:FMSD:DATA 1e-009;:DISP:WIND:TEXT2:DATA:FMSD:DATA 1e-009;:FORM:ASC:LONG ON;:FORM:BORD NORM;:FORM:DATA ASC,64;:FREQ:CW 145;:FUNC:DEV1:MODE OFF;:FUNC:DEV1:REF:VAL 0;:FUNC:DEV2:MODE OFF;:FUNC:DEV2:REF:VAL 0;:FUNC:IMP:TYPE LSRS;:FUNC:SMON:IDC:STAT OFF;:FUNC:SMON:VDC:STAT OFF;:INIT:CONT OFF;:LIST:MODE SEQ;:LIST:STIM:TYPE FREQ,NONE;:SOUR:DCS:VOLT:LEV 0;:TRIG:DEL 0;:TRIG:SOUR INT;:TRIG:TDEL 0;:DISP:WIND:TEXT1:DATA:FMSD:STAT OFF;:DISP:WIND:TEXT2:DATA:FMSD:STAT OFF;:FUNC:DCR:RANG:VAL 100;:FUNC:IMP:RANG:VAL 300;:OUTP:DC:ISOL:LEV:VAL 0.002;:OUTP:DC:ISOL:STAT OFF;:FUNC:DCR:RANG:AUTO ON;:FUNC:IMP:RANG:AUTO ON;:OUTP:DC:ISOL:LEV:AUTO ON;:DISP:PAGE MEASurement;
"
150.0,0.5924599657,485.1107268,6.21158e-06,0.00460166
150.0,0.5843572204,485.7184353,6.25821e-06,0.00460845
150.0,0.5970324627,484.9294932,6.2363e-06,0.00460705
150.0,0.5845209816,489.0960601,6.24987e-06,0.0046071
150.0,0.5922425778,481.8664367,6.24445e-06,0.00460811
150.0,0.5856941467,480.8632764,6.23508e-06,0.00461268
150.0,0.5868639038,488.7287128,6.275e-06,0.00460806
150.0,0.5930748908,482.072595,6.22417e-06,0.00460633
150.0,0.5926589117,485.3002989,6.22224e-06,0.00460976
150.0,0.5834138869,486.7166652,6.22887e-06,0.00460784
150.0,0.595393159,486.0304014,6.23113e-06,0.00461274
150.0,0.5889561369,489.1913203,6.18055e-06,0.00461673
150.0,0.5918615027,487.887512,6.25411e-06,0.00461401
150.0,0.5890958168,487.0713683,6.20509e-06,0.00461683
150.0,0.5951959062,485.5364586,6.25768e-06,0.00460916
150.0,0.5878209087,485.567629,6.22177e-06,0.00460584
Freq,150,Rs,485.73046187500006,2.491089335422408,Ls,0.59004014865,0.00429614158818042
":SOUR:DCS:STAT OFF;:BIAS:STAT OFF;:COMP:BIN:COUN:CLE;:LIST:CLE:ALL;:COMP:BIN:CLE;:AMPL:ALC OFF;:APER MED,4;:BIAS:POL:AUTO OFF;:BIAS:RANG:AUTO ON;:BIAS:VOLT:LEV 0;:COMP:ABIN OFF;:COMP:BIN:COUN:STAT OFF;:COMP:MODE PTOL;:COMP:SLIM -9.9e+037,9.9e+037;:COMP:STAT OFF;:COMP:SWAP OFF;:COMP:TOL:NOM 0;:CURR:LEV 5e-005;:DISP:ENAB ON;:DISP:LINE """";:DISP:WIND:TEXT1:DATA:FMSD:DATA 1e-009;:DISP:WIND:TEXT2:DATA:FMSD:DATA 1e-009;:FORM:ASC:LONG ON;:FORM:BORD NORM;:FORM:DATA ASC,64;:FREQ:CW 150;:FUNC:DEV1:MODE OFF;:FUNC:DEV1:REF:VAL 0;:FUNC:DEV2:MODE OFF;:FUNC:DEV2:REF:VAL 0;:FUNC:IMP:TYPE LSRS;:FUNC:SMON:IDC:STAT OFF;:FUNC:SMON:VDC:STAT OFF;:INIT:CONT OFF;:LIST:MODE SEQ;:LIST:STIM:TYPE FREQ,NONE;:SOUR:DCS:VOLT:LEV 0;:TRIG:DEL 0;:TRIG:SOUR INT;:TRIG:TDEL 0;:DISP:WIND:TEXT1:DATA:FMSD:STAT OFF;:DISP:WIND:TEXT2:DATA:FMSD:STAT OFF;:FUNC:DCR:RANG:VAL 100;:FUNC:IMP:RANG:VAL 300;:OUTP:DC:ISOL:LEV:VAL 0.002;:OUTP:DC:ISOL:STAT OFF;:FUNC:DCR:RANG:AUTO ON;:FUNC:IMP:RANG:AUTO ON;:OUTP:DC:ISOL:LEV:AUTO ON;:DISP:PAGE MEASurement;
"
153.0,0.6113240752,494.3060844,6.06809e-06,0.004628
153.0,0.5992471075,490.7718839,6.08767e-06,0.00462781
153.0,0.6023803173,498.7997299,6.07917e-06,0.00462447
153.0,0.6043573031,496.61946,6.10018e-06,0.00462878
153.0,0.6055573932,499.0673406,6.0561e-06,0.00462583
153.0,0.6029714379,493.6879901,6.08074e-06,0.00462691
153.0,0.6017850674,496.4143685,6.09927e-06,0.00463103
153.0,0.6029631932,496.1780587,6.03205e-06,0.00462756
153.0,0.6010498743,495.2484275,6.06157e-06,0.00463057
153.0,0.6031495581,494.0964729,6.08276e-06,0.00462485
153.0,0.5998715555,497.3329352,6.0428e-06,0.00463129
153.0,0.6051980171,497.2704477,6.07128e-06,0.00462624
153.0,0.6002820537,495.385466,6.08038e-06,0.00462805
153.0,0.6054951354,494.1455757,6.06078e-06,0.00463526
153.0,0.5973558481,496.0653216,6.11349e-06,0.00463281
153.0,0.599504911,496.100427,6.07549e-06,0.00463161
Freq,153,Rs,495.71812435625,2.057843575458492,Ls,0.602655803,0.003345170524000311
":SOUR:DCS:STAT OFF;:BIAS:STAT OFF;:COMP:BIN:COUN:CLE;:LIST:CLE:ALL;:COMP:BIN:CLE;:AMPL:ALC OFF;:APER MED,4;:BIAS:POL:AUTO OFF;:BIAS:RANG:AUTO ON;:BIAS:VOLT:LEV 0;:COMP:ABIN OFF;:COMP:BIN:COUN:STAT OFF;:COMP:MODE PTOL;:COMP:SLIM -9.9e+037,9.9e+037;:COMP:STAT OFF;:COMP:SWAP OFF;:COMP:TOL:NOM 0;:CURR:LEV 5e-005;:DISP:ENAB ON;:DISP:LINE """";:DISP:WIND:TEXT1:DATA:FMSD:DATA 1e-009;:DISP:WIND:TEXT2:DATA:FMSD:DATA 1e-009;:FORM:ASC:LONG ON;:FORM:BORD NORM;:FORM:DATA ASC,64;:FREQ:CW 153;:FUNC:DEV1:MODE OFF;:FUNC:DEV1:REF:VAL 0;:FUNC:DEV2:MODE OFF;:FUNC:DEV2:REF:VAL 0;:FUNC:IMP:TYPE LSRS;:FUNC:SMON:IDC:STAT OFF;:FUNC:SMON:VDC:STAT OFF;:INIT:CONT OFF;:LIST:MODE SEQ;:LIST:STIM:TYPE FREQ,NONE;:SOUR:DCS:VOLT:LEV 0;:TRIG:DEL 0;:TRIG:SOUR INT;:TRIG:TDEL 0;:DISP:WIND:TEXT1:DATA:FMSD:STAT OFF;:DISP:WIND:TEXT2:DATA:FMSD:STAT OFF;:FUNC:DCR:RANG:VAL 100;:FUNC:IMP:RANG:VAL 300;:OUTP:DC:ISOL:LEV:VAL 0.002;:OUTP:DC:ISOL:STAT OFF;:FUNC:DCR:RANG:AUTO ON;:FUNC:IMP:RANG:AUTO ON;:OUTP:DC:ISOL:LEV:AUTO ON;:DISP:PAGE MEASurement;
"
155.0,0.6067847138,505.3231585,5.95166e-06,0.00463515
155.0,0.6061141224,504.9698087,5.94525e-06,0.00464332
155.0,0.6064046647,502.869815,5.96986e-06,0.00464075
155.0,0.605277371,505.6814699,5.94595e-06,0.00463679
155.0,0.6040029175,509.0344595,5.95102e-06,0.0046395
155.0,0.6074959781,506.3634909,5.97082e-06,0.00463965
155.0,0.6057706044,505.1154345,5.95344e-06,0.00463843
155.0,0.6064899385,506.0999927,5.96867e-06,0.00463504
155.0,0.6100791759,503.7596345,5.97139e-06,0.00463927
155.0,0.6078535901,502.3978393,5.97256e-06,0.00463485
155.0,0.6062763838,505.9497466,5.95968e-06,0.00463824
155.0,0.605367423,505.8529091,5.95087e-06,0.00463588
155.0,0.6070316675,507.2889246,5.96712e-06,0.00464184
155.0,0.6095699303,501.671115,5.94628e-06,0.0046377
155.0,0.6052745386,504.8174547,5.96946e-06,0.00464103
155.0,0.6085087442,508.287826,5.97098e-06,0.00463811
Freq,155,Rs,505.34269246875,1.9948382620241927,Ls,0.6067688602374999,0.0016239089817662797
":SOUR:DCS:STAT OFF;:BIAS:STAT OFF;:COMP:BIN:COUN:CLE;:LIST:CLE:ALL;:COMP:BIN:CLE;:AMPL:ALC OFF;:APER MED,4;:BIAS:POL:AUTO OFF;:BIAS:RANG:AUTO ON;:BIAS:VOLT:LEV 0;:COMP:ABIN OFF;:COMP:BIN:COUN:STAT OFF;:COMP:MODE PTOL;:COMP:SLIM -9.9e+037,9.9e+037;:COMP:STAT OFF;:COMP:SWAP OFF;:COMP:TOL:NOM 0;:CURR:LEV 5e-005;:DISP:ENAB ON;:DISP:LINE """";:DISP:WIND:TEXT1:DATA:FMSD:DATA 1e-009;:DISP:WIND:TEXT2:DATA:FMSD:DATA 1e-009;:FORM:ASC:LONG ON;:FORM:BORD NORM;:FORM:DATA ASC,64;:FREQ:CW 155;:FUNC:DEV1:MODE OFF;:FUNC:DEV1:REF:VAL 0;:FUNC:DEV2:MODE OFF;:FUNC:DEV2:REF:VAL 0;:FUNC:IMP:TYPE LSRS;:FUNC:SMON:IDC:STAT OFF;:FUNC:SMON:VDC:STAT OFF;:INIT:CONT OFF;:LIST:MODE SEQ;:LIST:STIM:TYPE FREQ,NONE;:SOUR:DCS:VOLT:LEV 0;:TRIG:DEL 0;:TRIG:SOUR INT;:TRIG:TDEL 0;:DISP:WIND:TEXT1:DATA:FMSD:STAT OFF;:DISP:WIND:TEXT2:DATA:FMSD:STAT OFF;:FUNC:DCR:RANG:VAL 100;:FUNC:IMP:RANG:VAL 300;:OUTP:DC:ISOL:LEV:VAL 0.002;:OUTP:DC:ISOL:STAT OFF;:FUNC:DCR:RANG:AUTO ON;:FUNC:IMP:RANG:AUTO ON;:OUTP:DC:ISOL:LEV:AUTO ON;:DISP:PAGE MEASurement;
"
160.0,0.5832218413,502.9131847,5.98417e-06,0.00463727
160.0,0.5833573288,502.4571569,6.03383e-06,0.00463519
160.0,0.5924806635,500.8993921,6.03614e-06,0.0046373
160.0,0.5826605663,501.4330658,6.00972e-06,0.00463482
160.0,0.5856873379,505.4606684,5.96841e-06,0.00463707
160.0,0.5841626552,503.3966068,6.01059e-06,0.00464361
160.0,0.5794569884,502.7880435,6.02184e-06,0.0046384
160.0,0.5809691255,502.3837517,6.00969e-06,0.00463501
160.0,0.5827148808,505.1645747,5.9974e-06,0.00463748
160.0,0.5847909534,504.6740817,6.00535e-06,0.00463569
160.0,0.581725939,507.3900245,5.99279e-06,0.00464104
160.0,0.5824669656,503.4626927,5.99087e-06,0.0046416
160.0,0.5810172689,507.8180372,5.98775e-06,0.00463484
160.0,0.5824133271,505.8587376,6.00816e-06,0.00464044
160.0,0.5841910905,505.8445107,6.00528e-06,0.00463907
160.0,0.5845677489,500.7617101,5.97143e-06,0.00463848
Freq,160,Rs,503.91913994375,2.1871017699114637,Ls,0.58349279256875,0.002885464958425865
":SOUR:DCS:STAT OFF;:BIAS:STAT OFF;:COMP:BIN:COUN:CLE;:LIST:CLE:ALL;:COMP:BIN:CLE;:AMPL:ALC OFF;:APER MED,4;:BIAS:POL:AUTO OFF;:BIAS:RANG:AUTO ON;:BIAS:VOLT:LEV 0;:COMP:ABIN OFF;:COMP:BIN:COUN:STAT OFF;:COMP:MODE PTOL;:COMP:SLIM -9.9e+037,9.9e+037;:COMP:STAT OFF;:COMP:SWAP OFF;:COMP:TOL:NOM 0;:CURR:LEV 5e-005;:DISP:ENAB ON;:DISP:LINE """";:DISP:WIND:TEXT1:DATA:FMSD:DATA 1e-009;:DISP:WIND:TEXT2:DATA:FMSD:DATA 1e-009;:FORM:ASC:LONG ON;:FORM:BORD NORM;:FORM:DATA ASC,64;:FREQ:CW 160;:FUNC:DEV1:MODE OFF;:FUNC:DEV1:REF:VAL 0;:FUNC:DEV2:MODE OFF;:FUNC:DEV2:REF:VAL 0;:FUNC:IMP:TYPE LSRS;:FUNC:SMON:IDC:STAT OFF;:FUNC:SMON:VDC:STAT OFF;:INIT:CONT OFF;:LIST:MODE SEQ;:LIST:STIM:TYPE FREQ,NONE;:SOUR:DCS:VOLT:LEV 0;:TRIG:DEL 0;:TRIG:SOUR INT;:TRIG:TDEL 0;:DISP:WIND:TEXT1:DATA:FMSD:STAT OFF;:DISP:WIND:TEXT2:DATA:FMSD:STAT OFF;:FUNC:DCR:RANG:VAL 100;:FUNC:IMP:RANG:VAL 300;:OUTP:DC:ISOL:LEV:VAL 0.002;:OUTP:DC:ISOL:STAT OFF;:FUNC:DCR:RANG:AUTO ON;:FUNC:IMP:RANG:AUTO ON;:OUTP:DC:ISOL:LEV:AUTO ON;:DISP:PAGE MEASurement;
"
165.0,0.5938996393,496.6523712,5.89034e-06,0.00466114
165.0,0.5909870322,497.6499719,5.86712e-06,0.00466057
165.0,0.5886105574,501.5545592,5.86415e-06,0.00466165
165.0,0.5926924814,496.1173764,5.86357e-06,0.00466179
165.0,0.5923107919,497.2219936,5.87831e-06,0.00466246
165.0,0.5928417872,501.5515575,5.91062e-06,0.00466223
165.0,0.5908637624,500.1046704,5.86789e-06,0.00465995
165.0,0.5928003963,500.1440676,5.86993e-06,0.00466195
165.0,0.5934099133,496.9047118,5.87229e-06,0.00465805
165.0,0.5933839362,500.5632111,5.89284e-06,0.0046601
165.0,0.5926484291,499.959387,5.88034e-06,0.00466201
165.0,0.5903655322,500.5760508,5.8571e-06,0.00466146
165.0,0.591701224,498.4377405,5.86639e-06,0.00466067
165.0,0.5920420539,500.9562154,5.86552e-06,0.00466391
165.0,0.5914520911,498.7107006,5.87971e-06,0.00466076
165.0,0.5935898356,497.6334939,5.86789e-06,0.00466346
Freq,165,Rs,499.04612993125,1.8379025958083637,Ls,0.59209996646875,0.001392682227273403
":SOUR:DCS:STAT OFF;:BIAS:STAT OFF;:COMP:BIN:COUN:CLE;:LIST:CLE:ALL;:COMP:BIN:CLE;:AMPL:ALC OFF;:APER MED,4;:BIAS:POL:AUTO OFF;:BIAS:RANG:AUTO ON;:BIAS:VOLT:LEV 0;:COMP:ABIN OFF;:COMP:BIN:COUN:STAT OFF;:COMP:MODE PTOL;:COMP:SLIM -9.9e+037,9.9e+037;:COMP:STAT OFF;:COMP:SWAP OFF;:COMP:TOL:NOM 0;:CURR:LEV 5e-005;:DISP:ENAB ON;:DISP:LINE """";:DISP:WIND:TEXT1:DATA:FMSD:DATA 1e-009;:DISP:WIND:TEXT2:DATA:FMSD:DATA 1e-009;:FORM:ASC:LONG ON;:FORM:BORD NORM;:FORM:DATA ASC,64;:FREQ:CW 165;:FUNC:DEV1:MODE OFF;:FUNC:DEV1:REF:VAL 0;:FUNC:DEV2:MODE OFF;:FUNC:DEV2:REF:VAL 0;:FUNC:IMP:TYPE LSRS;:FUNC:SMON:IDC:STAT OFF;:FUNC:SMON:VDC:STAT OFF;:INIT:CONT OFF;:LIST:MODE SEQ;:LIST:STIM:TYPE FREQ,NONE;:SOUR:DCS:VOLT:LEV 0;:TRIG:DEL 0;:TRIG:SOUR INT;:TRIG:TDEL 0;:DISP:WIND:TEXT1:DATA:FMSD:STAT OFF;:DISP:WIND:TEXT2:DATA:FMSD:STAT OFF;:FUNC:DCR:RANG:VAL 100;:FUNC:IMP:RANG:VAL 300;:OUTP:DC:ISOL:LEV:VAL 0.002;:OUTP:DC:ISOL:STAT OFF;:FUNC:DCR:RANG:AUTO ON;:FUNC:IMP:RANG:AUTO ON;:OUTP:DC:ISOL:LEV:AUTO ON;:DISP:PAGE MEASurement;
"
170.0,0.5964400197,504.1374395,5.74743e-06,0.00467873
170.0,0.597822264,506.5251674,5.7498e-06,0.00467854
170.0,0.5990330218,504.7056234,5.74173e-06,0.0046789
170.0,0.5984073751,504.9005639,5.74872e-06,0.00467935
170.0,0.5985561706,504.6490628,5.74892e-06,0.00467955
170.0,0.5982984446,503.8610645,5.76004e-06,0.0046774
170.0,0.5985516026,504.8348847,5.7538e-06,0.00467866
170.0,0.5969426992,504.8702333,5.74715e-06,0.00468022
170.0,0.5969372398,504.9832742,5.74201e-06,0.00467979
170.0,0.5988886858,506.2534567,5.73984e-06,0.00467714
170.0,0.5990022057,502.3204647,5.75712e-06,0.00467825
170.0,0.5967572771,504.0961762,5.75407e-06,0.00467945
170.0,0.597669789,503.1448989,5.75155e-06,0.00467778
170.0,0.598278982,502.4797463,5.75261e-06,0.00467803
170.0,0.5988639755,503.8423158,5.75838e-06,0.00467977
170.0,0.5970816944,505.2385739,5.75752e-06,0.00467845
Freq,170,Rs,504.4276841375,1.1589899911659804,Ls,0.5979707154312499,0.0008850479591196899
":SOUR:DCS:STAT OFF;:BIAS:STAT OFF;:COMP:BIN:COUN:CLE;:LIST:CLE:ALL;:COMP:BIN:CLE;:AMPL:ALC OFF;:APER MED,4;:BIAS:POL:AUTO OFF;:BIAS:RANG:AUTO ON;:BIAS:VOLT:LEV 0;:COMP:ABIN OFF;:COMP:BIN:COUN:STAT OFF;:COMP:MODE PTOL;:COMP:SLIM -9.9e+037,9.9e+037;:COMP:STAT OFF;:COMP:SWAP OFF;:COMP:TOL:NOM 0;:CURR:LEV 5e-005;:DISP:ENAB ON;:DISP:LINE """";:DISP:WIND:TEXT1:DATA:FMSD:DATA 1e-009;:DISP:WIND:TEXT2:DATA:FMSD:DATA 1e-009;:FORM:ASC:LONG ON;:FORM:BORD NORM;:FORM:DATA ASC,64;:FREQ:CW 170;:FUNC:DEV1:MODE OFF;:FUNC:DEV1:REF:VAL 0;:FUNC:DEV2:MODE OFF;:FUNC:DEV2:REF:VAL 0;:FUNC:IMP:TYPE LSRS;:FUNC:SMON:IDC:STAT OFF;:FUNC:SMON:VDC:STAT OFF;:INIT:CONT OFF;:LIST:MODE SEQ;:LIST:STIM:TYPE FREQ,NONE;:SOUR:DCS:VOLT:LEV 0;:TRIG:DEL 0;:TRIG:SOUR INT;:TRIG:TDEL 0;:DISP:WIND:TEXT1:DATA:FMSD:STAT OFF;:DISP:WIND:TEXT2:DATA:FMSD:STAT OFF;:FUNC:DCR:RANG:VAL 100;:FUNC:IMP:RANG:VAL 300;:OUTP:DC:ISOL:LEV:VAL 0.002;:OUTP:DC:ISOL:STAT OFF;:FUNC:DCR:RANG:AUTO ON;:FUNC:IMP:RANG:AUTO ON;:OUTP:DC:ISOL:LEV:AUTO ON;:DISP:PAGE MEASurement;
"
172.0,0.6007731726,505.3690119,5.69996e-06,0.00468403
172.0,0.6000175947,505.0966582,5.69139e-06,0.0046846
172.0,0.5995041961,505.0309342,5.69961e-06,0.00468493
172.0,0.5992986591,507.7790091,5.69577e-06,0.0046857
172.0,0.600784825,505.5426252,5.70097e-06,0.00468536
172.0,0.5993092811,506.6135672,5.6824e-06,0.00468391
172.0,0.5997037271,507.3621274,5.69004e-06,0.00468497
172.0,0.5982564385,506.3035931,5.67681e-06,0.00468626
172.0,0.5987451522,506.8901576,5.68553e-06,0.00468546
172.0,0.6000829641,505.4713798,5.69864e-06,0.00468428
172.0,0.5992874547,505.447596,5.69367e-06,0.0046842
172.0,0.6000985204,507.1332269,5.70206e-06,0.00468484
172.0,0.5978677658,506.4603038,5.69028e-06,0.00468353
172.0,0.5990541175,507.3446937,5.6981e-06,0.00468566
172.0,0.5982781019,504.582012,5.68795e-06,0.00468621
172.0,0.6002609231,504.6827451,5.6947e-06,0.00468354
Freq,172,Rs,506.06935257500004,1.0392785474690986,Ls,0.59945768086875,0.0008726952891811471
":SOUR:DCS:STAT OFF;:BIAS:STAT OFF;:COMP:BIN:COUN:CLE;:LIST:CLE:ALL;:COMP:BIN:CLE;:AMPL:ALC OFF;:APER MED,4;:BIAS:POL:AUTO OFF;:BIAS:RANG:AUTO ON;:BIAS:VOLT:LEV 0;:COMP:ABIN OFF;:COMP:BIN:COUN:STAT OFF;:COMP:MODE PTOL;:COMP:SLIM -9.9e+037,9.9e+037;:COMP:STAT OFF;:COMP:SWAP OFF;:COMP:TOL:NOM 0;:CURR:LEV 5e-005;:DISP:ENAB ON;:DISP:LINE """";:DISP:WIND:TEXT1:DATA:FMSD:DATA 1e-009;:DISP:WIND:TEXT2:DATA:FMSD:DATA 1e-009;:FORM:ASC:LONG ON;:FORM:BORD NORM;:FORM:DATA ASC,64;:FREQ:CW 172;:FUNC:DEV1:MODE OFF;:FUNC:DEV1:REF:VAL 0;:FUNC:DEV2:MODE OFF;:FUNC:DEV2:REF:VAL 0;:FUNC:IMP:TYPE LSRS;:FUNC:SMON:IDC:STAT OFF;:FUNC:SMON:VDC:STAT OFF;:INIT:CONT OFF;:LIST:MODE SEQ;:LIST:STIM:TYPE FREQ,NONE;:SOUR:DCS:VOLT:LEV 0;:TRIG:DEL 0;:TRIG:SOUR INT;:TRIG:TDEL 0;:DISP:WIND:TEXT1:DATA:FMSD:STAT OFF;:DISP:WIND:TEXT2:DATA:FMSD:STAT OFF;:FUNC:DCR:RANG:VAL 100;:FUNC:IMP:RANG:VAL 300;:OUTP:DC:ISOL:LEV:VAL 0.002;:OUTP:DC:ISOL:STAT OFF;:FUNC:DCR:RANG:AUTO ON;:FUNC:IMP:RANG:AUTO ON;:OUTP:DC:ISOL:LEV:AUTO ON;:DISP:PAGE MEASurement;
"
175.0,0.6012166104,510.920206,5.61508e-06,0.0046944
175.0,0.6007141601,509.7543291,5.62867e-06,0.00469368
175.0,0.5988865957,508.6776477,5.61772e-06,0.00469393
175.0,0.6011658723,508.5067657,5.62539e-06,0.00469242
175.0,0.6003103176,510.1828029,5.63866e-06,0.00469251
175.0,0.5985400679,510.4660941,5.61558e-06,0.00469164
175.0,0.6019963895,509.8771227,5.61616e-06,0.0046924
175.0,0.6000441221,511.4780785,5.62264e-06,0.0046927
175.0,0.6001387774,510.2657573,5.61478e-06,0.00469301
175.0,0.6014682927,508.7248948,5.62162e-06,0.00469112
175.0,0.6009598265,510.0922428,5.62204e-06,0.00469143
175.0,0.6003216363,509.8294684,5.61769e-06,0.00469301
175.0,0.6008005932,510.8982314,5.62872e-06,0.00469209
175.0,0.6002361544,510.8697387,5.62825e-06,0.00469271
175.0,0.6014945097,509.6363906,5.62631e-06,0.00469143
175.0,0.6020416204,510.4695668,5.61308e-06,0.00469221
Freq,175,Rs,510.04058359375006,0.8547787394619938,Ls,0.6006459716375,0.000980686515438151
":SOUR:DCS:STAT OFF;:BIAS:STAT OFF;:COMP:BIN:COUN:CLE;:LIST:CLE:ALL;:COMP:BIN:CLE;:AMPL:ALC OFF;:APER MED,4;:BIAS:POL:AUTO OFF;:BIAS:RANG:AUTO ON;:BIAS:VOLT:LEV 0;:COMP:ABIN OFF;:COMP:BIN:COUN:STAT OFF;:COMP:MODE PTOL;:COMP:SLIM -9.9e+037,9.9e+037;:COMP:STAT OFF;:COMP:SWAP OFF;:COMP:TOL:NOM 0;:CURR:LEV 5e-005;:DISP:ENAB ON;:DISP:LINE """";:DISP:WIND:TEXT1:DATA:FMSD:DATA 1e-009;:DISP:WIND:TEXT2:DATA:FMSD:DATA 1e-009;:FORM:ASC:LONG ON;:FORM:BORD NORM;:FORM:DATA ASC,64;:FREQ:CW 175;:FUNC:DEV1:MODE OFF;:FUNC:DEV1:REF:VAL 0;:FUNC:DEV2:MODE OFF;:FUNC:DEV2:REF:VAL 0;:FUNC:IMP:TYPE LSRS;:FUNC:SMON:IDC:STAT OFF;:FUNC:SMON:VDC:STAT OFF;:INIT:CONT OFF;:LIST:MODE SEQ;:LIST:STIM:TYPE FREQ,NONE;:SOUR:DCS:VOLT:LEV 0;:TRIG:DEL 0;:TRIG:SOUR INT;:TRIG:TDEL 0;:DISP:WIND:TEXT1:DATA:FMSD:STAT OFF;:DISP:WIND:TEXT2:DATA:FMSD:STAT OFF;:FUNC:DCR:RANG:VAL 100;:FUNC:IMP:RANG:VAL 300;:OUTP:DC:ISOL:LEV:VAL 0.002;:OUTP:DC:ISOL:STAT OFF;:FUNC:DCR:RANG:AUTO ON;:FUNC:IMP:RANG:AUTO ON;:OUTP:DC:ISOL:LEV:AUTO ON;:DISP:PAGE MEASurement;
"
180.0,0.6006050826,518.523608,5.49485e-06,0.00470324
180.0,0.603427356,514.0745595,5.51007e-06,0.00470405
180.0,0.6057347328,515.5449106,5.4937e-06,0.00470452
180.0,0.6045141716,515.8567461,5.50267e-06,0.00470722
180.0,0.6039087238,514.5884941,5.48256e-06,0.00470568
180.0,0.6026222527,515.3967696,5.49483e-06,0.00470514
180.0,0.6044376888,515.4349729,5.50666e-06,0.00470344
180.0,0.6041118796,515.9582744,5.49688e-06,0.00470205
180.0,0.6013511272,513.2065737,5.49614e-06,0.00470438
180.0,0.6037811651,514.3226705,5.50846e-06,0.00470248
180.0,0.6059528827,516.0289926,5.51007e-06,0.00470803
180.0,0.6026424207,515.0060181,5.49032e-06,0.00470695
180.0,0.6011275026,514.5479965,5.51188e-06,0.00470512
180.0,0.6029157269,516.3418815,5.49742e-06,0.00470493
180.0,0.6034900328,516.8677377,5.47125e-06,0.00470573
180.0,0.605635697,515.3998598,5.51863e-06,0.00470501
Freq,180,Rs,515.4437541,1.2375800683090565,Ls,0.60351615268125,0.001603653752869004
":SOUR:DCS:STAT OFF;:BIAS:STAT OFF;:COMP:BIN:COUN:CLE;:LIST:CLE:ALL;:COMP:BIN:CLE;:AMPL:ALC OFF;:APER MED,4;:BIAS:POL:AUTO OFF;:BIAS:RANG:AUTO ON;:BIAS:VOLT:LEV 0;:COMP:ABIN OFF;:COMP:BIN:COUN:STAT OFF;:COMP:MODE PTOL;:COMP:SLIM -9.9e+037,9.9e+037;:COMP:STAT OFF;:COMP:SWAP OFF;:COMP:TOL:NOM 0;:CURR:LEV 5e-005;:DISP:ENAB ON;:DISP:LINE """";:DISP:WIND:TEXT1:DATA:FMSD:DATA 1e-009;:DISP:WIND:TEXT2:DATA:FMSD:DATA 1e-009;:FORM:ASC:LONG ON;:FORM:BORD NORM;:FORM:DATA ASC,64;:FREQ:CW 180;:FUNC:DEV1:MODE OFF;:FUNC:DEV1:REF:VAL 0;:FUNC:DEV2:MODE OFF;:FUNC:DEV2:REF:VAL 0;:FUNC:IMP:TYPE LSRS;:FUNC:SMON:IDC:STAT OFF;:FUNC:SMON:VDC:STAT OFF;:INIT:CONT OFF;:LIST:MODE SEQ;:LIST:STIM:TYPE FREQ,NONE;:SOUR:DCS:VOLT:LEV 0;:TRIG:DEL 0;:TRIG:SOUR INT;:TRIG:TDEL 0;:DISP:WIND:TEXT1:DATA:FMSD:STAT OFF;:DISP:WIND:TEXT2:DATA:FMSD:STAT OFF;:FUNC:DCR:RANG:VAL 100;:FUNC:IMP:RANG:VAL 300;:OUTP:DC:ISOL:LEV:VAL 0.002;:OUTP:DC:ISOL:STAT OFF;:FUNC:DCR:RANG:AUTO ON;:FUNC:IMP:RANG:AUTO ON;:OUTP:DC:ISOL:LEV:AUTO ON;:DISP:PAGE MEASurement;
"
185.0,0.6045920796,524.2634394,5.33616e-06,0.00471705
185.0,0.6060862354,526.3605002,5.37526e-06,0.00471774
185.0,0.6041563768,525.3143751,5.3701e-06,0.00471429
185.0,0.607474986,527.0866818,5.35235e-06,0.00471531
185.0,0.6063200929,527.7749302,5.36563e-06,0.0047165
185.0,0.6070669889,527.7861193,5.34136e-06,0.00471569
185.0,0.6056716949,527.5803834,5.36194e-06,0.00471624
185.0,0.6048812086,528.0131965,5.35006e-06,0.00471781
185.0,0.6058417433,525.6572354,5.35439e-06,0.00471751
185.0,0.6051897048,527.6253838,5.35162e-06,0.00471562
185.0,0.6072567136,526.7468779,5.35214e-06,0.00471632
185.0,0.6065600186,523.6746566,5.36014e-06,0.00471624
185.0,0.606070658,523.3818527,5.35968e-06,0.00471875
185.0,0.6066516236,524.6388356,5.37719e-06,0.00471599
185.0,0.6066042053,528.5635257,5.3627e-06,0.00471533
185.0,0.6062416001,527.0381821,5.36293e-06,0.00471732
Freq,185,Rs,526.34413598125,1.6507416205829915,Ls,0.60604162065,0.0009509471516438132
":SOUR:DCS:STAT OFF;:BIAS:STAT OFF;:COMP:BIN:COUN:CLE;:LIST:CLE:ALL;:COMP:BIN:CLE;:AMPL:ALC OFF;:APER MED,4;:BIAS:POL:AUTO OFF;:BIAS:RANG:AUTO ON;:BIAS:VOLT:LEV 0;:COMP:ABIN OFF;:COMP:BIN:COUN:STAT OFF;:COMP:MODE PTOL;:COMP:SLIM -9.9e+037,9.9e+037;:COMP:STAT OFF;:COMP:SWAP OFF;:COMP:TOL:NOM 0;:CURR:LEV 5e-005;:DISP:ENAB ON;:DISP:LINE """";:DISP:WIND:TEXT1:DATA:FMSD:DATA 1e-009;:DISP:WIND:TEXT2:DATA:FMSD:DATA 1e-009;:FORM:ASC:LONG ON;:FORM:BORD NORM;:FORM:DATA ASC,64;:FREQ:CW 185;:FUNC:DEV1:MODE OFF;:FUNC:DEV1:REF:VAL 0;:FUNC:DEV2:MODE OFF;:FUNC:DEV2:REF:VAL 0;:FUNC:IMP:TYPE LSRS;:FUNC:SMON:IDC:STAT OFF;:FUNC:SMON:VDC:STAT OFF;:INIT:CONT OFF;:LIST:MODE SEQ;:LIST:STIM:TYPE FREQ,NONE;:SOUR:DCS:VOLT:LEV 0;:TRIG:DEL 0;:TRIG:SOUR INT;:TRIG:TDEL 0;:DISP:WIND:TEXT1:DATA:FMSD:STAT OFF;:DISP:WIND:TEXT2:DATA:FMSD:STAT OFF;:FUNC:DCR:RANG:VAL 100;:FUNC:IMP:RANG:VAL 300;:OUTP:DC:ISOL:LEV:VAL 0.002;:OUTP:DC:ISOL:STAT OFF;:FUNC:DCR:RANG:AUTO ON;:FUNC:IMP:RANG:AUTO ON;:OUTP:DC:ISOL:LEV:AUTO ON;:DISP:PAGE MEASurement;
"
200.0,0.6000989732,555.6385073,5.05556e-06,0.00473422
200.0,0.599822886,553.9085611,5.05581e-06,0.00473383
200.0,0.5993620576,557.2203384,5.06714e-06,0.00473367
200.0,0.5992185971,554.9616306,5.05654e-06,0.00473249
200.0,0.5995861567,554.433488,5.06658e-06,0.00473246
200.0,0.60011387,555.8189696,5.05229e-06,0.00473306
200.0,0.6011516687,554.0914295,5.05524e-06,0.00473449
200.0,0.5997051174,553.7475258,5.05551e-06,0.0047347
200.0,0.6000438487,554.0048565,5.0602e-06,0.00473427
200.0,0.6004254757,553.9419483,5.057e-06,0.00473467
200.0,0.5987278544,556.6007063,5.06325e-06,0.0047337
200.0,0.5998936679,556.0815283,5.0605e-06,0.00473473
200.0,0.5993124228,554.8360406,5.06055e-06,0.00473279
200.0,0.597576486,554.1903652,5.06576e-06,0.00473314
200.0,0.5991329663,553.5248176,5.06109e-06,0.00473203
200.0,0.5996034111,554.1794847,5.05601e-06,0.00473247
Freq,200,Rs,554.8237623625,1.1193074283700186,Ls,0.599610966225,0.0007875076608081406
":SOUR:DCS:STAT OFF;:BIAS:STAT OFF;:COMP:BIN:COUN:CLE;:LIST:CLE:ALL;:COMP:BIN:CLE;:AMPL:ALC OFF;:APER MED,4;:BIAS:POL:AUTO OFF;:BIAS:RANG:AUTO ON;:BIAS:VOLT:LEV 0;:COMP:ABIN OFF;:COMP:BIN:COUN:STAT OFF;:COMP:MODE PTOL;:COMP:SLIM -9.9e+037,9.9e+037;:COMP:STAT OFF;:COMP:SWAP OFF;:COMP:TOL:NOM 0;:CURR:LEV 5e-005;:DISP:ENAB ON;:DISP:LINE """";:DISP:WIND:TEXT1:DATA:FMSD:DATA 1e-009;:DISP:WIND:TEXT2:DATA:FMSD:DATA 1e-009;:FORM:ASC:LONG ON;:FORM:BORD NORM;:FORM:DATA ASC,64;:FREQ:CW 200;:FUNC:DEV1:MODE OFF;:FUNC:DEV1:REF:VAL 0;:FUNC:DEV2:MODE OFF;:FUNC:DEV2:REF:VAL 0;:FUNC:IMP:TYPE LSRS;:FUNC:SMON:IDC:STAT OFF;:FUNC:SMON:VDC:STAT OFF;:INIT:CONT OFF;:LIST:MODE SEQ;:LIST:STIM:TYPE FREQ,NONE;:SOUR:DCS:VOLT:LEV 0;:TRIG:DEL 0;:TRIG:SOUR INT;:TRIG:TDEL 0;:DISP:WIND:TEXT1:DATA:FMSD:STAT OFF;:DISP:WIND:TEXT2:DATA:FMSD:STAT OFF;:FUNC:DCR:RANG:VAL 100;:FUNC:IMP:RANG:VAL 300;:OUTP:DC:ISOL:LEV:VAL 0.002;:OUTP:DC:ISOL:STAT OFF;:FUNC:DCR:RANG:AUTO ON;:FUNC:IMP:RANG:AUTO ON;:OUTP:DC:ISOL:LEV:AUTO ON;:DISP:PAGE MEASurement;
"
220.0,0.5767721016,575.3100624,4.82504e-06,0.00475082
220.0,0.5773620917,574.0983702,4.8266e-06,0.00475199
220.0,0.5771744497,574.8575743,4.83411e-06,0.00475266
220.0,0.5768000181,574.2556569,4.83179e-06,0.00475231
220.0,0.5780869357,574.8726886,4.83685e-06,0.00475309
220.0,0.576073625,574.7432529,4.83502e-06,0.00475302
220.0,0.5781054152,574.8723805,4.82666e-06,0.00475251
220.0,0.5770427868,575.2700117,4.83221e-06,0.00475307
220.0,0.57745091,574.8284462,4.83329e-06,0.00475212
220.0,0.5782253246,575.1233526,4.83417e-06,0.00475238
220.0,0.5775593894,572.5085938,4.83058e-06,0.0047523
220.0,0.5793562279,576.1395317,4.83369e-06,0.00475193
220.0,0.5767844387,574.333771,4.8233e-06,0.00475214
220.0,0.5771059003,574.0378396,4.83143e-06,0.00475143
220.0,0.5779593221,573.366203,4.8349e-06,0.00475283
220.0,0.5769260209,576.0623497,4.83602e-06,0.0047527
Freq,220,Rs,574.66750531875,0.9166482708784155,Ls,0.57742405985625,0.0007828383677272654
":SOUR:DCS:STAT OFF;:BIAS:STAT OFF;:COMP:BIN:COUN:CLE;:LIST:CLE:ALL;:COMP:BIN:CLE;:AMPL:ALC OFF;:APER MED,4;:BIAS:POL:AUTO OFF;:BIAS:RANG:AUTO ON;:BIAS:VOLT:LEV 0;:COMP:ABIN OFF;:COMP:BIN:COUN:STAT OFF;:COMP:MODE PTOL;:COMP:SLIM -9.9e+037,9.9e+037;:COMP:STAT OFF;:COMP:SWAP OFF;:COMP:TOL:NOM 0;:CURR:LEV 5e-005;:DISP:ENAB ON;:DISP:LINE """";:DISP:WIND:TEXT1:DATA:FMSD:DATA 1e-009;:DISP:WIND:TEXT2:DATA:FMSD:DATA 1e-009;:FORM:ASC:LONG ON;:FORM:BORD NORM;:FORM:DATA ASC,64;:FREQ:CW 220;:FUNC:DEV1:MODE OFF;:FUNC:DEV1:REF:VAL 0;:FUNC:DEV2:MODE OFF;:FUNC:DEV2:REF:VAL 0;:FUNC:IMP:TYPE LSRS;:FUNC:SMON:IDC:STAT OFF;:FUNC:SMON:VDC:STAT OFF;:INIT:CONT OFF;:LIST:MODE SEQ;:LIST:STIM:TYPE FREQ,NONE;:SOUR:DCS:VOLT:LEV 0;:TRIG:DEL 0;:TRIG:SOUR INT;:TRIG:TDEL 0;:DISP:WIND:TEXT1:DATA:FMSD:STAT OFF;:DISP:WIND:TEXT2:DATA:FMSD:STAT OFF;:FUNC:DCR:RANG:VAL 100;:FUNC:IMP:RANG:VAL 300;:OUTP:DC:ISOL:LEV:VAL 0.002;:OUTP:DC:ISOL:STAT OFF;:FUNC:DCR:RANG:AUTO ON;:FUNC:IMP:RANG:AUTO ON;:OUTP:DC:ISOL:LEV:AUTO ON;:DISP:PAGE MEASurement;
"
240.0,0.5639013484,636.697536,4.48691e-06,0.00476332
240.0,0.5641333572,636.3783149,4.47247e-06,0.00476372
240.0,0.5631855203,637.2806543,4.48617e-06,0.0047643
240.0,0.5627604769,638.6076862,4.48302e-06,0.0047635
240.0,0.5629247066,637.4575219,4.48901e-06,0.0047646
240.0,0.5637243312,635.7777745,4.48242e-06,0.00476448
240.0,0.5634771081,637.7536019,4.48162e-06,0.00476452
240.0,0.5636312371,636.676624,4.47728e-06,0.00476342
240.0,0.5630666683,637.6143509,4.48016e-06,0.00476348
240.0,0.5630962186,637.9758554,4.48299e-06,0.00476176
240.0,0.5626775873,638.1487547,4.48085e-06,0.00476423
240.0,0.5642227377,638.1686457,4.4787e-06,0.00476369
240.0,0.5634549137,637.7144011,4.48829e-06,0.00476289
240.0,0.5640550726,637.9040398,4.48436e-06,0.00476426
240.0,0.5655661137,636.4329874,4.47545e-06,0.00476299
240.0,0.564120574,637.9115532,4.48156e-06,0.00476372
Freq,240,Rs,637.40626886875,0.7904158378842912,Ls,0.5636248732312499,0.0007243921260721358
":SOUR:DCS:STAT OFF;:BIAS:STAT OFF;:COMP:BIN:COUN:CLE;:LIST:CLE:ALL;:COMP:BIN:CLE;:AMPL:ALC OFF;:APER MED,4;:BIAS:POL:AUTO OFF;:BIAS:RANG:AUTO ON;:BIAS:VOLT:LEV 0;:COMP:ABIN OFF;:COMP:BIN:COUN:STAT OFF;:COMP:MODE PTOL;:COMP:SLIM -9.9e+037,9.9e+037;:COMP:STAT OFF;:COMP:SWAP OFF;:COMP:TOL:NOM 0;:CURR:LEV 5e-005;:DISP:ENAB ON;:DISP:LINE """";:DISP:WIND:TEXT1:DATA:FMSD:DATA 1e-009;:DISP:WIND:TEXT2:DATA:FMSD:DATA 1e-009;:FORM:ASC:LONG ON;:FORM:BORD NORM;:FORM:DATA ASC,64;:FREQ:CW 240;:FUNC:DEV1:MODE OFF;:FUNC:DEV1:REF:VAL 0;:FUNC:DEV2:MODE OFF;:FUNC:DEV2:REF:VAL 0;:FUNC:IMP:TYPE LSRS;:FUNC:SMON:IDC:STAT OFF;:FUNC:SMON:VDC:STAT OFF;:INIT:CONT OFF;:LIST:MODE SEQ;:LIST:STIM:TYPE FREQ,NONE;:SOUR:DCS:VOLT:LEV 0;:TRIG:DEL 0;:TRIG:SOUR INT;:TRIG:TDEL 0;:DISP:WIND:TEXT1:DATA:FMSD:STAT OFF;:DISP:WIND:TEXT2:DATA:FMSD:STAT OFF;:FUNC:DCR:RANG:VAL 100;:FUNC:IMP:RANG:VAL 1000;:OUTP:DC:ISOL:LEV:VAL 0.002;:OUTP:DC:ISOL:STAT OFF;:FUNC:DCR:RANG:AUTO ON;:FUNC:IMP:RANG:AUTO ON;:OUTP:DC:ISOL:LEV:AUTO ON;:DISP:PAGE MEASurement;
"
400.0,0.5065211755,791.4561536,3.2481e-06,0.00487288
400.0,0.5060831159,790.8549225,3.24962e-06,0.00487279
400.0,0.505710163,791.5012659,3.24925e-06,0.00487309
400.0,0.5057866764,791.3905836,3.25385e-06,0.00487185
400.0,0.5055302886,792.4819286,3.2519e-06,0.00487224
400.0,0.5056954603,792.3173093,3.25777e-06,0.0048726
400.0,0.5056703546,792.0477855,3.25313e-06,0.00487228
400.0,0.5063927667,794.0730394,3.25175e-06,0.00487171
400.0,0.505589018,791.8554695,3.25214e-06,0.00487291
400.0,0.5057491362,792.5087858,3.2521e-06,0.00487297
400.0,0.5062412416,792.1074253,3.24977e-06,0.00487256
400.0,0.5054830977,791.5735456,3.25458e-06,0.00487227
400.0,0.5055877318,790.5083651,3.2515e-06,0.00487237
400.0,0.5054791724,792.5769838,3.25169e-06,0.00487246
400.0,0.5060235227,790.6528527,3.2447e-06,0.00487279
400.0,0.5058393261,792.4220789,3.25271e-06,0.00487274
Freq,400,Rs,791.89553094375,0.8835228013262888,Ls,0.50583639046875,0.000324641398428202
":SOUR:DCS:STAT OFF;:BIAS:STAT OFF;:COMP:BIN:COUN:CLE;:LIST:CLE:ALL;:COMP:BIN:CLE;:AMPL:ALC OFF;:APER MED,4;:BIAS:POL:AUTO OFF;:BIAS:RANG:AUTO ON;:BIAS:VOLT:LEV 0;:COMP:ABIN OFF;:COMP:BIN:COUN:STAT OFF;:COMP:MODE PTOL;:COMP:SLIM -9.9e+037,9.9e+037;:COMP:STAT OFF;:COMP:SWAP OFF;:COMP:TOL:NOM 0;:CURR:LEV 5e-005;:DISP:ENAB ON;:DISP:LINE """";:DISP:WIND:TEXT1:DATA:FMSD:DATA 1e-009;:DISP:WIND:TEXT2:DATA:FMSD:DATA 1e-009;:FORM:ASC:LONG ON;:FORM:BORD NORM;:FORM:DATA ASC,64;:FREQ:CW 400;:FUNC:DEV1:MODE OFF;:FUNC:DEV1:REF:VAL 0;:FUNC:DEV2:MODE OFF;:FUNC:DEV2:REF:VAL 0;:FUNC:IMP:TYPE LSRS;:FUNC:SMON:IDC:STAT OFF;:FUNC:SMON:VDC:STAT OFF;:INIT:CONT OFF;:LIST:MODE SEQ;:LIST:STIM:TYPE FREQ,NONE;:SOUR:DCS:VOLT:LEV 0;:TRIG:DEL 0;:TRIG:SOUR INT;:TRIG:TDEL 0;:DISP:WIND:TEXT1:DATA:FMSD:STAT OFF;:DISP:WIND:TEXT2:DATA:FMSD:STAT OFF;:FUNC:DCR:RANG:VAL 100;:FUNC:IMP:RANG:VAL 1000;:OUTP:DC:ISOL:LEV:VAL 0.002;:OUTP:DC:ISOL:STAT OFF;:FUNC:DCR:RANG:AUTO ON;:FUNC:IMP:RANG:AUTO ON;:OUTP:DC:ISOL:LEV:AUTO ON;:DISP:PAGE MEASurement;
"
800.0,0.4109372548,1203.562846,2.05755e-06,0.00491878
800.0,0.410828611,1205.029183,2.05798e-06,0.00491907
800.0,0.4109196477,1204.754116,2.05793e-06,0.00491874
800.0,0.4105750658,1203.892559,2.05863e-06,0.00491877
800.0,0.4106377937,1206.15208,2.05753e-06,0.00491889
800.0,0.4109147554,1205.159156,2.05696e-06,0.00491883
800.0,0.4107429687,1205.083629,2.05782e-06,0.00491836
800.0,0.4109884186,1204.489484,2.05751e-06,0.00491912
800.0,0.4108398553,1205.420063,2.05979e-06,0.00491863
800.0,0.4106843819,1204.058237,2.05748e-06,0.00491908
800.0,0.4106410676,1205.03821,2.05829e-06,0.00491916
800.0,0.4106524156,1204.814724,2.05808e-06,0.00491883
800.0,0.4108716888,1204.865779,2.05683e-06,0.00491924
800.0,0.4094581767,1200.982794,2.05693e-06,0.00491854
800.0,0.4109175613,1206.005582,2.05717e-06,0.00491873
800.0,0.4107989365,1204.637049,2.05766e-06,0.00491903
Freq,800,Rs,1204.6215931875,1.1854778294749257,Ls,0.4107130374625,0.00035807355187312395
":SOUR:DCS:STAT OFF;:BIAS:STAT OFF;:COMP:BIN:COUN:CLE;:LIST:CLE:ALL;:COMP:BIN:CLE;:AMPL:ALC OFF;:APER MED,4;:BIAS:POL:AUTO OFF;:BIAS:RANG:AUTO ON;:BIAS:VOLT:LEV 0;:COMP:ABIN OFF;:COMP:BIN:COUN:STAT OFF;:COMP:MODE PTOL;:COMP:SLIM -9.9e+037,9.9e+037;:COMP:STAT OFF;:COMP:SWAP OFF;:COMP:TOL:NOM 0;:CURR:LEV 5e-005;:DISP:ENAB ON;:DISP:LINE """";:DISP:WIND:TEXT1:DATA:FMSD:DATA 1e-009;:DISP:WIND:TEXT2:DATA:FMSD:DATA 1e-009;:FORM:ASC:LONG ON;:FORM:BORD NORM;:FORM:DATA ASC,64;:FREQ:CW 800;:FUNC:DEV1:MODE OFF;:FUNC:DEV1:REF:VAL 0;:FUNC:DEV2:MODE OFF;:FUNC:DEV2:REF:VAL 0;:FUNC:IMP:TYPE LSRS;:FUNC:SMON:IDC:STAT OFF;:FUNC:SMON:VDC:STAT OFF;:INIT:CONT OFF;:LIST:MODE SEQ;:LIST:STIM:TYPE FREQ,NONE;:SOUR:DCS:VOLT:LEV 0;:TRIG:DEL 0;:TRIG:SOUR INT;:TRIG:TDEL 0;:DISP:WIND:TEXT1:DATA:FMSD:STAT OFF;:DISP:WIND:TEXT2:DATA:FMSD:STAT OFF;:FUNC:DCR:RANG:VAL 100;:FUNC:IMP:RANG:VAL 1000;:OUTP:DC:ISOL:LEV:VAL 0.002;:OUTP:DC:ISOL:STAT OFF;:FUNC:DCR:RANG:AUTO ON;:FUNC:IMP:RANG:AUTO ON;:OUTP:DC:ISOL:LEV:AUTO ON;:DISP:PAGE MEASurement;
"
1000.0,0.3842138679,1375.845219,1.76977e-06,0.00491781
1000.0,0.3842742709,1375.883817,1.76963e-06,0.0049177
1000.0,0.3842328588,1376.418683,1.76944e-06,0.00491766
1000.0,0.384210234,1376.291058,1.76925e-06,0.00491751
1000.0,0.3841569886,1376.298001,1.76957e-06,0.00491802
1000.0,0.3842254107,1376.71126,1.76983e-06,0.00491768
1000.0,0.3842947362,1376.835233,1.76993e-06,0.00491754
1000.0,0.3842578828,1377.289436,1.76999e-06,0.00491771
1000.0,0.3842922941,1376.067396,1.76982e-06,0.00491764
1000.0,0.384264403,1376.93546,1.76963e-06,0.00491772
1000.0,0.3842541505,1376.468651,1.7694e-06,0.0049176
1000.0,0.3842139252,1376.340924,1.7696e-06,0.00491756
1000.0,0.3843190013,1376.830018,1.76992e-06,0.0049176
1000.0,0.3842417142,1376.629937,1.76941e-06,0.00491761
1000.0,0.3843050816,1376.483575,1.76948e-06,0.0049176
1000.0,0.3841221253,1376.02454,1.77019e-06,0.00491788
Freq,1000,Rs,1376.4595755,0.40072887148263486,Ls,0.38424243406875,5.272804351992578e-05
":SOUR:DCS:STAT OFF;:BIAS:STAT OFF;:COMP:BIN:COUN:CLE;:LIST:CLE:ALL;:COMP:BIN:CLE;:AMPL:ALC OFF;:APER MED,4;:BIAS:POL:AUTO OFF;:BIAS:RANG:AUTO ON;:BIAS:VOLT:LEV 0;:COMP:ABIN OFF;:COMP:BIN:COUN:STAT OFF;:COMP:MODE PTOL;:COMP:SLIM -9.9e+037,9.9e+037;:COMP:STAT OFF;:COMP:SWAP OFF;:COMP:TOL:NOM 0;:CURR:LEV 5e-005;:DISP:ENAB ON;:DISP:LINE """";:DISP:WIND:TEXT1:DATA:FMSD:DATA 1e-009;:DISP:WIND:TEXT2:DATA:FMSD:DATA 1e-009;:FORM:ASC:LONG ON;:FORM:BORD NORM;:FORM:DATA ASC,64;:FREQ:CW 1000;:FUNC:DEV1:MODE OFF;:FUNC:DEV1:REF:VAL 0;:FUNC:DEV2:MODE OFF;:FUNC:DEV2:REF:VAL 0;:FUNC:IMP:TYPE LSRS;:FUNC:SMON:IDC:STAT OFF;:FUNC:SMON:VDC:STAT OFF;:INIT:CONT OFF;:LIST:MODE SEQ;:LIST:STIM:TYPE FREQ,NONE;:SOUR:DCS:VOLT:LEV 0;:TRIG:DEL 0;:TRIG:SOUR INT;:TRIG:TDEL 0;:DISP:WIND:TEXT1:DATA:FMSD:STAT OFF;:DISP:WIND:TEXT2:DATA:FMSD:STAT OFF;:FUNC:DCR:RANG:VAL 100;:FUNC:IMP:RANG:VAL 1000;:OUTP:DC:ISOL:LEV:VAL 0.002;:OUTP:DC:ISOL:STAT OFF;:FUNC:DCR:RANG:AUTO ON;:FUNC:IMP:RANG:AUTO ON;:OUTP:DC:ISOL:LEV:AUTO ON;:DISP:PAGE MEASurement;
"
2000.0,0.3198642782,2203.645107,1.09588e-06,0.00502333
2000.0,0.3198681948,2203.309123,1.09584e-06,0.00502337
2000.0,0.3198536241,2203.888492,1.09587e-06,0.00502328
2000.0,0.319839506,2203.561801,1.09594e-06,0.00502323
2000.0,0.3198671926,2203.079458,1.0959e-06,0.00502336
2000.0,0.319846026,2203.474569,1.09586e-06,0.00502344
2000.0,0.3198522657,2203.779643,1.09593e-06,0.00502357
2000.0,0.3198469775,2203.861247,1.09588e-06,0.00502341
2000.0,0.3198467532,2203.378363,1.09594e-06,0.00502341
2000.0,0.3198505334,2203.69151,1.09588e-06,0.00502339
2000.0,0.3198667587,2203.471757,1.09591e-06,0.00502342
2000.0,0.319876325,2203.435721,1.09591e-06,0.00502336
2000.0,0.3198652547,2203.592554,1.0958e-06,0.00502334
2000.0,0.3198419345,2203.487353,1.09587e-06,0.00502328
2000.0,0.3198294773,2203.576669,1.09584e-06,0.00502332
2000.0,0.3198766725,2203.806329,1.09583e-06,0.00502351
Freq,2000,Rs,2203.564981,0.21536322380819156,Ls,0.31985573588750005,1.3838265730355e-05
":SOUR:DCS:STAT OFF;:BIAS:STAT OFF;:COMP:BIN:COUN:CLE;:LIST:CLE:ALL;:COMP:BIN:CLE;:AMPL:ALC OFF;:APER MED,4;:BIAS:POL:AUTO OFF;:BIAS:RANG:AUTO ON;:BIAS:VOLT:LEV 0;:COMP:ABIN OFF;:COMP:BIN:COUN:STAT OFF;:COMP:MODE PTOL;:COMP:SLIM -9.9e+037,9.9e+037;:COMP:STAT OFF;:COMP:SWAP OFF;:COMP:TOL:NOM 0;:CURR:LEV 5e-005;:DISP:ENAB ON;:DISP:LINE """";:DISP:WIND:TEXT1:DATA:FMSD:DATA 1e-009;:DISP:WIND:TEXT2:DATA:FMSD:DATA 1e-009;:FORM:ASC:LONG ON;:FORM:BORD NORM;:FORM:DATA ASC,64;:FREQ:CW 2000;:FUNC:DEV1:MODE OFF;:FUNC:DEV1:REF:VAL 0;:FUNC:DEV2:MODE OFF;:FUNC:DEV2:REF:VAL 0;:FUNC:IMP:TYPE LSRS;:FUNC:SMON:IDC:STAT OFF;:FUNC:SMON:VDC:STAT OFF;:INIT:CONT OFF;:LIST:MODE SEQ;:LIST:STIM:TYPE FREQ,NONE;:SOUR:DCS:VOLT:LEV 0;:TRIG:DEL 0;:TRIG:SOUR INT;:TRIG:TDEL 0;:DISP:WIND:TEXT1:DATA:FMSD:STAT OFF;:DISP:WIND:TEXT2:DATA:FMSD:STAT OFF;:FUNC:DCR:RANG:VAL 100;:FUNC:IMP:RANG:VAL 3000;:OUTP:DC:ISOL:LEV:VAL 0.0002;:OUTP:DC:ISOL:STAT OFF;:FUNC:DCR:RANG:AUTO ON;:FUNC:IMP:RANG:AUTO ON;:OUTP:DC:ISOL:LEV:AUTO ON;:DISP:PAGE MEASurement;
"
3000.0,0.2861198146,3005.920475,8.12357e-07,0.00501623
3000.0,0.2861853664,3006.23793,8.12288e-07,0.00501633
3000.0,0.2861223587,3006.453167,8.12288e-07,0.00501628
3000.0,0.2861639559,3006.463862,8.12308e-07,0.0050164
3000.0,0.2861811838,3006.289952,8.12288e-07,0.00501624
3000.0,0.2861431901,3005.895426,8.12365e-07,0.00501634
3000.0,0.2861593507,3006.189026,8.124e-07,0.00501631
3000.0,0.2861853636,3006.707416,8.12358e-07,0.00501631
3000.0,0.2861732869,3005.718802,8.12305e-07,0.00501633
3000.0,0.2861869441,3006.128538,8.12347e-07,0.00501627
3000.0,0.2861952648,3005.775278,8.12409e-07,0.00501628
3000.0,0.2861331253,3006.021959,8.12361e-07,0.00501625
3000.0,0.286145854,3006.406063,8.12342e-07,0.00501636
3000.0,0.2861590831,3006.367329,8.12366e-07,0.0050163
3000.0,0.2861737766,3005.463692,8.12314e-07,0.00501618
3000.0,0.2861240553,3006.842419,8.12336e-07,0.00501618
Freq,3000,Rs,3006.1800833750003,0.36873199463354334,Ls,0.28615949836875,2.5315369572325038e-05
":SOUR:DCS:STAT OFF;:BIAS:STAT OFF;:COMP:BIN:COUN:CLE;:LIST:CLE:ALL;:COMP:BIN:CLE;:AMPL:ALC OFF;:APER MED,4;:BIAS:POL:AUTO OFF;:BIAS:RANG:AUTO ON;:BIAS:VOLT:LEV 0;:COMP:ABIN OFF;:COMP:BIN:COUN:STAT OFF;:COMP:MODE PTOL;:COMP:SLIM -9.9e+037,9.9e+037;:COMP:STAT OFF;:COMP:SWAP OFF;:COMP:TOL:NOM 0;:CURR:LEV 5e-005;:DISP:ENAB ON;:DISP:LINE """";:DISP:WIND:TEXT1:DATA:FMSD:DATA 1e-009;:DISP:WIND:TEXT2:DATA:FMSD:DATA 1e-009;:FORM:ASC:LONG ON;:FORM:BORD NORM;:FORM:DATA ASC,64;:FREQ:CW 3000;:FUNC:DEV1:MODE OFF;:FUNC:DEV1:REF:VAL 0;:FUNC:DEV2:MODE OFF;:FUNC:DEV2:REF:VAL 0;:FUNC:IMP:TYPE LSRS;:FUNC:SMON:IDC:STAT OFF;:FUNC:SMON:VDC:STAT OFF;:INIT:CONT OFF;:LIST:MODE SEQ;:LIST:STIM:TYPE FREQ,NONE;:SOUR:DCS:VOLT:LEV 0;:TRIG:DEL 0;:TRIG:SOUR INT;:TRIG:TDEL 0;:DISP:WIND:TEXT1:DATA:FMSD:STAT OFF;:DISP:WIND:TEXT2:DATA:FMSD:STAT OFF;:FUNC:DCR:RANG:VAL 100;:FUNC:IMP:RANG:VAL 3000;:OUTP:DC:ISOL:LEV:VAL 0.0002;:OUTP:DC:ISOL:STAT OFF;:FUNC:DCR:RANG:AUTO ON;:FUNC:IMP:RANG:AUTO ON;:OUTP:DC:ISOL:LEV:AUTO ON;:DISP:PAGE MEASurement;
"
4000.0,0.2707726287,3805.885541,6.4475e-07,0.00502707
4000.0,0.270807037,3806.013325,6.44717e-07,0.00502698
4000.0,0.2707550828,3805.706345,6.4471e-07,0.0050269
4000.0,0.2707743364,3805.902368,6.44713e-07,0.00502712
4000.0,0.2707707778,3805.947066,6.44748e-07,0.00502698
4000.0,0.2707715892,3806.04621,6.44755e-07,0.00502696
4000.0,0.2707897017,3805.702764,6.44747e-07,0.00502717
4000.0,0.2707759937,3805.769967,6.44709e-07,0.00502698
4000.0,0.2707665396,3806.124164,6.44749e-07,0.00502716
4000.0,0.2707882456,3806.487226,6.44723e-07,0.0050273
4000.0,0.2707807501,3806.122558,6.4471e-07,0.00502717
4000.0,0.2707565719,3805.949143,6.44695e-07,0.00502704
4000.0,0.2707632091,3805.711572,6.44723e-07,0.00502702
4000.0,0.2707634238,3805.823741,6.4471e-07,0.00502725
4000.0,0.2707668399,3806.119334,6.44735e-07,0.00502712
4000.0,0.2707627958,3806.325513,6.44728e-07,0.00502714
Freq,4000,Rs,3805.9773023125,0.2238857673733184,Ls,0.27077284519375,1.3440413763436746e-05
":SOUR:DCS:STAT OFF;:BIAS:STAT OFF;:COMP:BIN:COUN:CLE;:LIST:CLE:ALL;:COMP:BIN:CLE;:AMPL:ALC OFF;:APER MED,4;:BIAS:POL:AUTO OFF;:BIAS:RANG:AUTO ON;:BIAS:VOLT:LEV 0;:COMP:ABIN OFF;:COMP:BIN:COUN:STAT OFF;:COMP:MODE PTOL;:COMP:SLIM -9.9e+037,9.9e+037;:COMP:STAT OFF;:COMP:SWAP OFF;:COMP:TOL:NOM 0;:CURR:LEV 5e-005;:DISP:ENAB ON;:DISP:LINE """";:DISP:WIND:TEXT1:DATA:FMSD:DATA 1e-009;:DISP:WIND:TEXT2:DATA:FMSD:DATA 1e-009;:FORM:ASC:LONG ON;:FORM:BORD NORM;:FORM:DATA ASC,64;:FREQ:CW 4000;:FUNC:DEV1:MODE OFF;:FUNC:DEV1:REF:VAL 0;:FUNC:DEV2:MODE OFF;:FUNC:DEV2:REF:VAL 0;:FUNC:IMP:TYPE LSRS;:FUNC:SMON:IDC:STAT OFF;:FUNC:SMON:VDC:STAT OFF;:INIT:CONT OFF;:LIST:MODE SEQ;:LIST:STIM:TYPE FREQ,NONE;:SOUR:DCS:VOLT:LEV 0;:TRIG:DEL 0;:TRIG:SOUR INT;:TRIG:TDEL 0;:DISP:WIND:TEXT1:DATA:FMSD:STAT OFF;:DISP:WIND:TEXT2:DATA:FMSD:STAT OFF;:FUNC:DCR:RANG:VAL 100;:FUNC:IMP:RANG:VAL 3000;:OUTP:DC:ISOL:LEV:VAL 0.0002;:OUTP:DC:ISOL:STAT OFF;:FUNC:DCR:RANG:AUTO ON;:FUNC:IMP:RANG:AUTO ON;:OUTP:DC:ISOL:LEV:AUTO ON;:DISP:PAGE MEASurement;
"
5000.0,0.2606924817,4715.496457,5.31975e-07,0.00502735
5000.0,0.2607023076,4715.408474,5.31977e-07,0.00502771
5000.0,0.2607043728,4715.923217,5.31972e-07,0.00502785
5000.0,0.260705771,4715.46288,5.32004e-07,0.00502771
5000.0,0.2607072673,4716.200708,5.32001e-07,0.00502802
5000.0,0.2607110285,4715.438641,5.31987e-07,0.00502749
5000.0,0.2607254396,4715.600124,5.31994e-07,0.00502761
5000.0,0.2606987594,4715.19435,5.31968e-07,0.00502751
5000.0,0.2607018683,4715.515705,5.31953e-07,0.00502755
5000.0,0.2606993929,4715.407159,5.31972e-07,0.00502761
5000.0,0.2607027065,4715.721215,5.31983e-07,0.00502779
5000.0,0.2607190489,4714.973018,5.31973e-07,0.00502782
5000.0,0.2607189294,4714.637066,5.3197e-07,0.00502779
5000.0,0.2607192666,4715.103577,5.31956e-07,0.0050274
5000.0,0.2606797588,4715.109037,5.32008e-07,0.00502742
5000.0,0.2607001307,4715.406592,5.31972e-07,0.00502744
Freq,5000,Rs,4715.412388749999,0.370869910793763,Ls,0.260705533125,1.1433500729326916e-05
":SOUR:DCS:STAT OFF;:BIAS:STAT OFF;:COMP:BIN:COUN:CLE;:LIST:CLE:ALL;:COMP:BIN:CLE;:AMPL:ALC OFF;:APER MED,4;:BIAS:POL:AUTO OFF;:BIAS:RANG:AUTO ON;:BIAS:VOLT:LEV 0;:COMP:ABIN OFF;:COMP:BIN:COUN:STAT OFF;:COMP:MODE PTOL;:COMP:SLIM -9.9e+037,9.9e+037;:COMP:STAT OFF;:COMP:SWAP OFF;:COMP:TOL:NOM 0;:CURR:LEV 5e-005;:DISP:ENAB ON;:DISP:LINE """";:DISP:WIND:TEXT1:DATA:FMSD:DATA 1e-009;:DISP:WIND:TEXT2:DATA:FMSD:DATA 1e-009;:FORM:ASC:LONG ON;:FORM:BORD NORM;:FORM:DATA ASC,64;:FREQ:CW 5000;:FUNC:DEV1:MODE OFF;:FUNC:DEV1:REF:VAL 0;:FUNC:DEV2:MODE OFF;:FUNC:DEV2:REF:VAL 0;:FUNC:IMP:TYPE LSRS;:FUNC:SMON:IDC:STAT OFF;:FUNC:SMON:VDC:STAT OFF;:INIT:CONT OFF;:LIST:MODE SEQ;:LIST:STIM:TYPE FREQ,NONE;:SOUR:DCS:VOLT:LEV 0;:TRIG:DEL 0;:TRIG:SOUR INT;:TRIG:TDEL 0;:DISP:WIND:TEXT1:DATA:FMSD:STAT OFF;:DISP:WIND:TEXT2:DATA:FMSD:STAT OFF;:FUNC:DCR:RANG:VAL 100;:FUNC:IMP:RANG:VAL 3000;:OUTP:DC:ISOL:LEV:VAL 0.0002;:OUTP:DC:ISOL:STAT OFF;:FUNC:DCR:RANG:AUTO ON;:FUNC:IMP:RANG:AUTO ON;:OUTP:DC:ISOL:LEV:AUTO ON;:DISP:PAGE MEASurement;
"
6000.0,0.2546904675,5767.46423,4.49359e-07,0.00503313
6000.0,0.2547056155,5767.499472,4.49344e-07,0.00503305
6000.0,0.2546889128,5767.065077,4.49334e-07,0.00503291
6000.0,0.2546929797,5767.697507,4.49345e-07,0.00503318
6000.0,0.2547062643,5766.882377,4.49379e-07,0.00503315
6000.0,0.2546964631,5767.156894,4.49333e-07,0.00503304
6000.0,0.2547028834,5768.158885,4.49356e-07,0.00503294
6000.0,0.2547097693,5767.090398,4.49344e-07,0.00503303
6000.0,0.2547092515,5767.452308,4.49344e-07,0.00503303
6000.0,0.2546872242,5766.989301,4.49363e-07,0.00503302
6000.0,0.2547004097,5767.058443,4.49356e-07,0.00503294
6000.0,0.254696951,5766.959374,4.49343e-07,0.00503309
6000.0,0.2547026421,5766.970313,4.49339e-07,0.00503314
6000.0,0.2546753914,5767.31794,4.49369e-07,0.00503316
6000.0,0.254696741,5766.981756,4.49347e-07,0.00503319
6000.0,0.2547023243,5767.43141,4.49348e-07,0.00503289
Freq,6000,Rs,5767.260980312501,0.3419333278334894,Ls,0.254697768175,9.155266506695913e-06
":SOUR:DCS:STAT OFF;:BIAS:STAT OFF;:COMP:BIN:COUN:CLE;:LIST:CLE:ALL;:COMP:BIN:CLE;:AMPL:ALC OFF;:APER MED,4;:BIAS:POL:AUTO OFF;:BIAS:RANG:AUTO ON;:BIAS:VOLT:LEV 0;:COMP:ABIN OFF;:COMP:BIN:COUN:STAT OFF;:COMP:MODE PTOL;:COMP:SLIM -9.9e+037,9.9e+037;:COMP:STAT OFF;:COMP:SWAP OFF;:COMP:TOL:NOM 0;:CURR:LEV 5e-005;:DISP:ENAB ON;:DISP:LINE """";:DISP:WIND:TEXT1:DATA:FMSD:DATA 1e-009;:DISP:WIND:TEXT2:DATA:FMSD:DATA 1e-009;:FORM:ASC:LONG ON;:FORM:BORD NORM;:FORM:DATA ASC,64;:FREQ:CW 6000;:FUNC:DEV1:MODE OFF;:FUNC:DEV1:REF:VAL 0;:FUNC:DEV2:MODE OFF;:FUNC:DEV2:REF:VAL 0;:FUNC:IMP:TYPE LSRS;:FUNC:SMON:IDC:STAT OFF;:FUNC:SMON:VDC:STAT OFF;:INIT:CONT OFF;:LIST:MODE SEQ;:LIST:STIM:TYPE FREQ,NONE;:SOUR:DCS:VOLT:LEV 0;:TRIG:DEL 0;:TRIG:SOUR INT;:TRIG:TDEL 0;:DISP:WIND:TEXT1:DATA:FMSD:STAT OFF;:DISP:WIND:TEXT2:DATA:FMSD:STAT OFF;:FUNC:DCR:RANG:VAL 100;:FUNC:IMP:RANG:VAL 10000;:OUTP:DC:ISOL:LEV:VAL 0.0002;:OUTP:DC:ISOL:STAT OFF;:FUNC:DCR:RANG:AUTO ON;:FUNC:IMP:RANG:AUTO ON;:OUTP:DC:ISOL:LEV:AUTO ON;:DISP:PAGE MEASurement;
"
7000.0,0.2520958465,7015.593614,3.83839e-07,0.00503628
7000.0,0.2520838111,7016.046922,3.83837e-07,0.0050363
7000.0,0.2520882073,7016.009567,3.83836e-07,0.00503639
7000.0,0.2520780706,7016.290687,3.83833e-07,0.00503627
7000.0,0.2520936001,7016.593516,3.83834e-07,0.00503634
7000.0,0.2520964061,7016.432585,3.83829e-07,0.00503627
7000.0,0.2520811856,7016.838922,3.83805e-07,0.00503637
7000.0,0.252097916,7015.388075,3.83831e-07,0.00503657
7000.0,0.2520884248,7016.216364,3.8385e-07,0.00503634
7000.0,0.2521037884,7016.469635,3.83861e-07,0.00503653
7000.0,0.2520982965,7015.980694,3.83831e-07,0.00503649
7000.0,0.2521132904,7016.640455,3.83844e-07,0.00503639
7000.0,0.2520842836,7016.707267,3.83825e-07,0.0050362
7000.0,0.2521064011,7015.927226,3.83849e-07,0.00503637
7000.0,0.2521061471,7016.245908,3.83834e-07,0.00503644
7000.0,0.2520767889,7016.26235,3.83836e-07,0.00503622
Freq,7000,Rs,7016.2277366875,0.39602169629980577,Ls,0.25209327900625,1.0896926226204033e-05
":SOUR:DCS:STAT OFF;:BIAS:STAT OFF;:COMP:BIN:COUN:CLE;:LIST:CLE:ALL;:COMP:BIN:CLE;:AMPL:ALC OFF;:APER MED,4;:BIAS:POL:AUTO OFF;:BIAS:RANG:AUTO ON;:BIAS:VOLT:LEV 0;:COMP:ABIN OFF;:COMP:BIN:COUN:STAT OFF;:COMP:MODE PTOL;:COMP:SLIM -9.9e+037,9.9e+037;:COMP:STAT OFF;:COMP:SWAP OFF;:COMP:TOL:NOM 0;:CURR:LEV 5e-005;:DISP:ENAB ON;:DISP:LINE """";:DISP:WIND:TEXT1:DATA:FMSD:DATA 1e-009;:DISP:WIND:TEXT2:DATA:FMSD:DATA 1e-009;:FORM:ASC:LONG ON;:FORM:BORD NORM;:FORM:DATA ASC,64;:FREQ:CW 7000;:FUNC:DEV1:MODE OFF;:FUNC:DEV1:REF:VAL 0;:FUNC:DEV2:MODE OFF;:FUNC:DEV2:REF:VAL 0;:FUNC:IMP:TYPE LSRS;:FUNC:SMON:IDC:STAT OFF;:FUNC:SMON:VDC:STAT OFF;:INIT:CONT OFF;:LIST:MODE SEQ;:LIST:STIM:TYPE FREQ,NONE;:SOUR:DCS:VOLT:LEV 0;:TRIG:DEL 0;:TRIG:SOUR INT;:TRIG:TDEL 0;:DISP:WIND:TEXT1:DATA:FMSD:STAT OFF;:DISP:WIND:TEXT2:DATA:FMSD:STAT OFF;:FUNC:DCR:RANG:VAL 100;:FUNC:IMP:RANG:VAL 10000;:OUTP:DC:ISOL:LEV:VAL 0.0002;:OUTP:DC:ISOL:STAT OFF;:FUNC:DCR:RANG:AUTO ON;:FUNC:IMP:RANG:AUTO ON;:OUTP:DC:ISOL:LEV:AUTO ON;:DISP:PAGE MEASurement;
"
8000.0,0.2516062628,8557.103018,3.29981e-07,0.00503856
8000.0,0.2516148269,8555.493648,3.29971e-07,0.0050382
8000.0,0.251591398,8555.715658,3.29988e-07,0.00503862
8000.0,0.2515948332,8557.042355,3.29977e-07,0.0050386
8000.0,0.2515844078,8557.551625,3.29955e-07,0.00503835
8000.0,0.2515887301,8557.574594,3.29943e-07,0.00503848
8000.0,0.2515771645,8557.757013,3.29956e-07,0.00503839
8000.0,0.2515915999,8555.73229,3.29981e-07,0.00503873
8000.0,0.2515802117,8557.476722,3.29964e-07,0.00503835
8000.0,0.2515798315,8557.099013,3.29957e-07,0.00503847
8000.0,0.2515958081,8558.151899,3.2995e-07,0.00503835
8000.0,0.2515986356,8556.818497,3.29997e-07,0.0050383
8000.0,0.2515986704,8558.212603,3.29962e-07,0.00503805
8000.0,0.2515984055,8557.35838,3.29973e-07,0.0050382
8000.0,0.2515782787,8557.545565,3.29976e-07,0.00503844
8000.0,0.2516068164,8555.826845,3.2996e-07,0.0050384
Freq,8000,Rs,8557.0287328125,0.87947302716446,Ls,0.25159286756875,1.1100513511821055e-05
":SOUR:DCS:STAT OFF;:BIAS:STAT OFF;:COMP:BIN:COUN:CLE;:LIST:CLE:ALL;:COMP:BIN:CLE;:AMPL:ALC OFF;:APER MED,4;:BIAS:POL:AUTO OFF;:BIAS:RANG:AUTO ON;:BIAS:VOLT:LEV 0;:COMP:ABIN OFF;:COMP:BIN:COUN:STAT OFF;:COMP:MODE PTOL;:COMP:SLIM -9.9e+037,9.9e+037;:COMP:STAT OFF;:COMP:SWAP OFF;:COMP:TOL:NOM 0;:CURR:LEV 5e-005;:DISP:ENAB ON;:DISP:LINE """";:DISP:WIND:TEXT1:DATA:FMSD:DATA 1e-009;:DISP:WIND:TEXT2:DATA:FMSD:DATA 1e-009;:FORM:ASC:LONG ON;:FORM:BORD NORM;:FORM:DATA ASC,64;:FREQ:CW 8000;:FUNC:DEV1:MODE OFF;:FUNC:DEV1:REF:VAL 0;:FUNC:DEV2:MODE OFF;:FUNC:DEV2:REF:VAL 0;:FUNC:IMP:TYPE LSRS;:FUNC:SMON:IDC:STAT OFF;:FUNC:SMON:VDC:STAT OFF;:INIT:CONT OFF;:LIST:MODE SEQ;:LIST:STIM:TYPE FREQ,NONE;:SOUR:DCS:VOLT:LEV 0;:TRIG:DEL 0;:TRIG:SOUR INT;:TRIG:TDEL 0;:DISP:WIND:TEXT1:DATA:FMSD:STAT OFF;:DISP:WIND:TEXT2:DATA:FMSD:STAT OFF;:FUNC:DCR:RANG:VAL 100;:FUNC:IMP:RANG:VAL 10000;:OUTP:DC:ISOL:LEV:VAL 0.0002;:OUTP:DC:ISOL:STAT OFF;:FUNC:DCR:RANG:AUTO ON;:FUNC:IMP:RANG:AUTO ON;:OUTP:DC:ISOL:LEV:AUTO ON;:DISP:PAGE MEASurement;
"
10000.0,0.253434149,12974.00927,2.45175e-07,0.00503622
10000.0,0.2534472519,12980.0016,2.45142e-07,0.00503675
10000.0,0.2535168265,12977.21357,2.45127e-07,0.00503655
10000.0,0.2534915032,12974.83505,2.45181e-07,0.00503634
10000.0,0.2534399516,12976.05263,2.4516e-07,0.00503641
10000.0,0.2534634534,12979.58662,2.45127e-07,0.00503632
10000.0,0.2535036599,12978.18641,2.45143e-07,0.00503633
10000.0,0.2534951618,12976.65118,2.45173e-07,0.00503631
10000.0,0.2534163988,12978.19256,2.45165e-07,0.0050363
10000.0,0.2535132096,12979.3202,2.4513e-07,0.00503644
10000.0,0.2535211189,12976.98715,2.45161e-07,0.00503633
10000.0,0.2534683476,12975.11538,2.45184e-07,0.00503634
10000.0,0.2533971691,12978.9754,2.45161e-07,0.00503647
10000.0,0.2535037653,12977.87959,2.45144e-07,0.0050363
10000.0,0.2535121072,12976.14108,2.45141e-07,0.00503626
10000.0,0.2534344072,12974.81934,2.45191e-07,0.00503631
Freq,10000,Rs,12977.122939375,1.8634843906669603,Ls,0.2534724050625,3.993121488891182e-05
":SOUR:DCS:STAT OFF;:BIAS:STAT OFF;:COMP:BIN:COUN:CLE;:LIST:CLE:ALL;:COMP:BIN:CLE;:AMPL:ALC OFF;:APER MED,4;:BIAS:POL:AUTO OFF;:BIAS:RANG:AUTO ON;:BIAS:VOLT:LEV 0;:COMP:ABIN OFF;:COMP:BIN:COUN:STAT OFF;:COMP:MODE PTOL;:COMP:SLIM -9.9e+037,9.9e+037;:COMP:STAT OFF;:COMP:SWAP OFF;:COMP:TOL:NOM 0;:CURR:LEV 5e-005;:DISP:ENAB ON;:DISP:LINE """";:DISP:WIND:TEXT1:DATA:FMSD:DATA 1e-009;:DISP:WIND:TEXT2:DATA:FMSD:DATA 1e-009;:FORM:ASC:LONG ON;:FORM:BORD NORM;:FORM:DATA ASC,64;:FREQ:CW 10000;:FUNC:DEV1:MODE OFF;:FUNC:DEV1:REF:VAL 0;:FUNC:DEV2:MODE OFF;:FUNC:DEV2:REF:VAL 0;:FUNC:IMP:TYPE LSRS;:FUNC:SMON:IDC:STAT OFF;:FUNC:SMON:VDC:STAT OFF;:INIT:CONT OFF;:LIST:MODE SEQ;:LIST:STIM:TYPE FREQ,NONE;:SOUR:DCS:VOLT:LEV 0;:TRIG:DEL 0;:TRIG:SOUR INT;:TRIG:TDEL 0;:DISP:WIND:TEXT1:DATA:FMSD:STAT OFF;:DISP:WIND:TEXT2:DATA:FMSD:STAT OFF;:FUNC:DCR:RANG:VAL 100;:FUNC:IMP:RANG:VAL 10000;:OUTP:DC:ISOL:LEV:VAL 0.0002;:OUTP:DC:ISOL:STAT OFF;:FUNC:DCR:RANG:AUTO ON;:FUNC:IMP:RANG:AUTO ON;:OUTP:DC:ISOL:LEV:AUTO ON;:DISP:PAGE MEASurement;
"
12000.0,0.2489665697,20450.71096,1.81533e-07,0.00503943
12000.0,0.2489166736,20452.91268,1.81553e-07,0.0050392
12000.0,0.2489079144,20449.45604,1.81555e-07,0.0050392
12000.0,0.248910763,20447.46503,1.81554e-07,0.00503938
12000.0,0.248939018,20447.8971,1.81546e-07,0.00503923
12000.0,0.2489454798,20449.63535,1.81549e-07,0.00503941
12000.0,0.2489366058,20446.25238,1.81534e-07,0.00503917
12000.0,0.248959053,20453.20261,1.81532e-07,0.00503922
12000.0,0.2489561504,20449.48895,1.8154e-07,0.00503914
12000.0,0.2489253773,20448.0022,1.81559e-07,0.0050392
12000.0,0.2489282513,20449.03855,1.81537e-07,0.00503903
12000.0,0.2489712584,20447.54895,1.81553e-07,0.00503925
12000.0,0.2489459348,20448.05923,1.8155e-07,0.00503932
12000.0,0.2489459626,20452.63324,1.81568e-07,0.00503932
12000.0,0.2488820047,20448.39363,1.81537e-07,0.00503911
12000.0,0.2489280929,20449.20418,1.81543e-07,0.00503941
Freq,12000,Rs,20449.3688175,2.054135690258551,Ls,0.24893531935625002,2.360104448459826e-05
":SOUR:DCS:STAT OFF;:BIAS:STAT OFF;:COMP:BIN:COUN:CLE;:LIST:CLE:ALL;:COMP:BIN:CLE;:AMPL:ALC OFF;:APER MED,4;:BIAS:POL:AUTO OFF;:BIAS:RANG:AUTO ON;:BIAS:VOLT:LEV 0;:COMP:ABIN OFF;:COMP:BIN:COUN:STAT OFF;:COMP:MODE PTOL;:COMP:SLIM -9.9e+037,9.9e+037;:COMP:STAT OFF;:COMP:SWAP OFF;:COMP:TOL:NOM 0;:CURR:LEV 5e-005;:DISP:ENAB ON;:DISP:LINE """";:DISP:WIND:TEXT1:DATA:FMSD:DATA 1e-009;:DISP:WIND:TEXT2:DATA:FMSD:DATA 1e-009;:FORM:ASC:LONG ON;:FORM:BORD NORM;:FORM:DATA ASC,64;:FREQ:CW 12000;:FUNC:DEV1:MODE OFF;:FUNC:DEV1:REF:VAL 0;:FUNC:DEV2:MODE OFF;:FUNC:DEV2:REF:VAL 0;:FUNC:IMP:TYPE LSRS;:FUNC:SMON:IDC:STAT OFF;:FUNC:SMON:VDC:STAT OFF;:INIT:CONT OFF;:LIST:MODE SEQ;:LIST:STIM:TYPE FREQ,NONE;:SOUR:DCS:VOLT:LEV 0;:TRIG:DEL 0;:TRIG:SOUR INT;:TRIG:TDEL 0;:DISP:WIND:TEXT1:DATA:FMSD:STAT OFF;:DISP:WIND:TEXT2:DATA:FMSD:STAT OFF;:FUNC:DCR:RANG:VAL 100;:FUNC:IMP:RANG:VAL 10000;:OUTP:DC:ISOL:LEV:VAL 0.0002;:OUTP:DC:ISOL:STAT OFF;:FUNC:DCR:RANG:AUTO ON;:FUNC:IMP:RANG:AUTO ON;:OUTP:DC:ISOL:LEV:AUTO ON;:DISP:PAGE MEASurement;
"
14000.0,0.2053845955,32789.68761,1.34677e-07,0.00504192
14000.0,0.2053395492,32789.17469,1.34675e-07,0.00504198
14000.0,0.2053716941,32787.94514,1.34681e-07,0.00504183
14000.0,0.2052902073,32790.67877,1.34665e-07,0.00504197
14000.0,0.2054168584,32787.59095,1.34678e-07,0.005042
14000.0,0.2053367418,32788.9581,1.34685e-07,0.00504206
14000.0,0.2053338522,32790.13977,1.3468e-07,0.00504181
14000.0,0.2053631067,32789.06122,1.34674e-07,0.00504195
14000.0,0.2053717559,32794.7119,1.34684e-07,0.00504167
14000.0,0.2054178375,32788.48467,1.34685e-07,0.00504204
14000.0,0.2053385601,32788.92214,1.34679e-07,0.005042
14000.0,0.2053289028,32791.22425,1.34671e-07,0.005042
14000.0,0.2053516325,32792.39232,1.34667e-07,0.00504161
14000.0,0.2053600963,32789.9215,1.34689e-07,0.00504172
14000.0,0.2053838267,32790.01389,1.34672e-07,0.00504195
14000.0,0.2053233338,32792.59044,1.34682e-07,0.00504182
Freq,14000,Rs,32790.093585,1.8745740756768043,Ls,0.20535703442499997,3.391129812851096e-05
":SOUR:DCS:STAT OFF;:BIAS:STAT OFF;:COMP:BIN:COUN:CLE;:LIST:CLE:ALL;:COMP:BIN:CLE;:AMPL:ALC OFF;:APER MED,4;:BIAS:POL:AUTO OFF;:BIAS:RANG:AUTO ON;:BIAS:VOLT:LEV 0;:COMP:ABIN OFF;:COMP:BIN:COUN:STAT OFF;:COMP:MODE PTOL;:COMP:SLIM -9.9e+037,9.9e+037;:COMP:STAT OFF;:COMP:SWAP OFF;:COMP:TOL:NOM 0;:CURR:LEV 5e-005;:DISP:ENAB ON;:DISP:LINE """";:DISP:WIND:TEXT1:DATA:FMSD:DATA 1e-009;:DISP:WIND:TEXT2:DATA:FMSD:DATA 1e-009;:FORM:ASC:LONG ON;:FORM:BORD NORM;:FORM:DATA ASC,64;:FREQ:CW 14000;:FUNC:DEV1:MODE OFF;:FUNC:DEV1:REF:VAL 0;:FUNC:DEV2:MODE OFF;:FUNC:DEV2:REF:VAL 0;:FUNC:IMP:TYPE LSRS;:FUNC:SMON:IDC:STAT OFF;:FUNC:SMON:VDC:STAT OFF;:INIT:CONT OFF;:LIST:MODE SEQ;:LIST:STIM:TYPE FREQ,NONE;:SOUR:DCS:VOLT:LEV 0;:TRIG:DEL 0;:TRIG:SOUR INT;:TRIG:TDEL 0;:DISP:WIND:TEXT1:DATA:FMSD:STAT OFF;:DISP:WIND:TEXT2:DATA:FMSD:STAT OFF;:FUNC:DCR:RANG:VAL 100;:FUNC:IMP:RANG:VAL 30000;:OUTP:DC:ISOL:LEV:VAL 2e-005;:OUTP:DC:ISOL:STAT OFF;:FUNC:DCR:RANG:AUTO ON;:FUNC:IMP:RANG:AUTO ON;:OUTP:DC:ISOL:LEV:AUTO ON;:DISP:PAGE MEASurement;
"
16000.0,0.05953127313,46986.48918,1.06493e-07,0.0050442
16000.0,0.059457109,46982.10528,1.06489e-07,0.00504407
16000.0,0.05943418482,46987.03882,1.06492e-07,0.00504411
16000.0,0.05952807572,46979.53845,1.06508e-07,0.00504402
16000.0,0.05944414137,46983.29068,1.06507e-07,0.00504411
16000.0,0.0594544932,46987.72222,1.06491e-07,0.00504406
16000.0,0.05952740811,46986.85156,1.06515e-07,0.00504438
16000.0,0.05947086856,46982.56697,1.06497e-07,0.00504404
16000.0,0.05947913562,46987.18432,1.06482e-07,0.00504405
16000.0,0.05949825563,46988.15185,1.06495e-07,0.00504399
16000.0,0.05943630083,46988.07517,1.06492e-07,0.00504423
16000.0,0.05955936129,46986.71467,1.06496e-07,0.00504412
16000.0,0.05944703909,46993.8322,1.06492e-07,0.00504425
16000.0,0.0594647717,46985.93198,1.06495e-07,0.00504423
16000.0,0.05943413547,46990.51767,1.06487e-07,0.00504383
16000.0,0.05944645967,46989.20896,1.06491e-07,0.00504412
Freq,16000,Rs,46986.57624875,3.4510686894984506,Ls,0.059475813325625,4.0528849201472666e-05
":SOUR:DCS:STAT OFF;:BIAS:STAT OFF;:COMP:BIN:COUN:CLE;:LIST:CLE:ALL;:COMP:BIN:CLE;:AMPL:ALC OFF;:APER MED,4;:BIAS:POL:AUTO OFF;:BIAS:RANG:AUTO ON;:BIAS:VOLT:LEV 0;:COMP:ABIN OFF;:COMP:BIN:COUN:STAT OFF;:COMP:MODE PTOL;:COMP:SLIM -9.9e+037,9.9e+037;:COMP:STAT OFF;:COMP:SWAP OFF;:COMP:TOL:NOM 0;:CURR:LEV 5e-005;:DISP:ENAB ON;:DISP:LINE """";:DISP:WIND:TEXT1:DATA:FMSD:DATA 1e-009;:DISP:WIND:TEXT2:DATA:FMSD:DATA 1e-009;:FORM:ASC:LONG ON;:FORM:BORD NORM;:FORM:DATA ASC,64;:FREQ:CW 16000;:FUNC:DEV1:MODE OFF;:FUNC:DEV1:REF:VAL 0;:FUNC:DEV2:MODE OFF;:FUNC:DEV2:REF:VAL 0;:FUNC:IMP:TYPE LSRS;:FUNC:SMON:IDC:STAT OFF;:FUNC:SMON:VDC:STAT OFF;:INIT:CONT OFF;:LIST:MODE SEQ;:LIST:STIM:TYPE FREQ,NONE;:SOUR:DCS:VOLT:LEV 0;:TRIG:DEL 0;:TRIG:SOUR INT;:TRIG:TDEL 0;:DISP:WIND:TEXT1:DATA:FMSD:STAT OFF;:DISP:WIND:TEXT2:DATA:FMSD:STAT OFF;:FUNC:DCR:RANG:VAL 100;:FUNC:IMP:RANG:VAL 30000;:OUTP:DC:ISOL:LEV:VAL 2e-005;:OUTP:DC:ISOL:STAT OFF;:FUNC:DCR:RANG:AUTO ON;:FUNC:IMP:RANG:AUTO ON;:OUTP:DC:ISOL:LEV:AUTO ON;:DISP:PAGE MEASurement;
"
16500.0,0.005939363835,48980.84739,1.03012e-07,0.00504637
16500.0,0.00590731851,48970.6727,1.03022e-07,0.00504623
16500.0,0.005952526932,48983.85698,1.03025e-07,0.00504619
16500.0,0.005996225725,48971.85194,1.03022e-07,0.00504647
16500.0,0.005936908036,48988.16219,1.03031e-07,0.00504629
16500.0,0.005982491457,48982.43684,1.03011e-07,0.00504639
16500.0,0.005902224789,48978.97508,1.03031e-07,0.00504609
16500.0,0.005988610688,48976.44547,1.03023e-07,0.00504623
16500.0,0.005976818862,48982.00371,1.03027e-07,0.00504643
16500.0,0.005948640979,48977.38632,1.03039e-07,0.00504625
16500.0,0.005978919179,48980.8281,1.03024e-07,0.00504633
16500.0,0.005985045948,48976.13845,1.03029e-07,0.00504611
16500.0,0.00592789607,48984.19002,1.03025e-07,0.00504589
16500.0,0.005912683907,48970.85061,1.03013e-07,0.00504602
16500.0,0.005934000848,48974.29507,1.03002e-07,0.00504649
16500.0,0.005949890642,48981.51161,1.03022e-07,0.00504626
Freq,16500,Rs,48978.77828,5.124380585327326,Ls,0.0059512229004375,3.052557201393621e-05
":SOUR:DCS:STAT OFF;:BIAS:STAT OFF;:COMP:BIN:COUN:CLE;:LIST:CLE:ALL;:COMP:BIN:CLE;:AMPL:ALC OFF;:APER MED,4;:BIAS:POL:AUTO OFF;:BIAS:RANG:AUTO ON;:BIAS:VOLT:LEV 0;:COMP:ABIN OFF;:COMP:BIN:COUN:STAT OFF;:COMP:MODE PTOL;:COMP:SLIM -9.9e+037,9.9e+037;:COMP:STAT OFF;:COMP:SWAP OFF;:COMP:TOL:NOM 0;:CURR:LEV 5e-005;:DISP:ENAB ON;:DISP:LINE """";:DISP:WIND:TEXT1:DATA:FMSD:DATA 1e-009;:DISP:WIND:TEXT2:DATA:FMSD:DATA 1e-009;:FORM:ASC:LONG ON;:FORM:BORD NORM;:FORM:DATA ASC,64;:FREQ:CW 16500;:FUNC:DEV1:MODE OFF;:FUNC:DEV1:REF:VAL 0;:FUNC:DEV2:MODE OFF;:FUNC:DEV2:REF:VAL 0;:FUNC:IMP:TYPE LSRS;:FUNC:SMON:IDC:STAT OFF;:FUNC:SMON:VDC:STAT OFF;:INIT:CONT OFF;:LIST:MODE SEQ;:LIST:STIM:TYPE FREQ,NONE;:SOUR:DCS:VOLT:LEV 0;:TRIG:DEL 0;:TRIG:SOUR INT;:TRIG:TDEL 0;:DISP:WIND:TEXT1:DATA:FMSD:STAT OFF;:DISP:WIND:TEXT2:DATA:FMSD:STAT OFF;:FUNC:DCR:RANG:VAL 100;:FUNC:IMP:RANG:VAL 30000;:OUTP:DC:ISOL:LEV:VAL 2e-005;:OUTP:DC:ISOL:STAT OFF;:FUNC:DCR:RANG:AUTO ON;:FUNC:IMP:RANG:AUTO ON;:OUTP:DC:ISOL:LEV:AUTO ON;:DISP:PAGE MEASurement;
"
17000.0,-0.04914701255,49674.46527,1.01059e-07,0.00504761
17000.0,-0.04917830997,49668.77747,1.01067e-07,0.00504781
17000.0,-0.04917456882,49668.48949,1.01053e-07,0.00504778
17000.0,-0.04914980167,49672.16307,1.01069e-07,0.00504754
17000.0,-0.04910464587,49673.47248,1.01069e-07,0.00504767
17000.0,-0.04912175189,49670.43688,1.01061e-07,0.00504763
17000.0,-0.04913955681,49673.02844,1.01057e-07,0.00504792
17000.0,-0.04912950671,49665.93445,1.01049e-07,0.00504767
17000.0,-0.04918030319,49668.68035,1.01065e-07,0.00504771
17000.0,-0.04916940904,49678.57719,1.01096e-07,0.0050477
17000.0,-0.04910895756,49679.38384,1.01065e-07,0.00504756
17000.0,-0.04909901413,49682.22305,1.01055e-07,0.00504747
17000.0,-0.04912081237,49676.38344,1.01055e-07,0.00504747
17000.0,-0.04913150566,49664.09978,1.0106e-07,0.0050476
17000.0,-0.04914370646,49680.6003,1.01039e-07,0.00504763
17000.0,-0.04906365239,49670.53428,1.01076e-07,0.0050476
Freq,17000,Rs,49672.95311125,5.340354449277824,Ls,-0.049135157193125,3.218861348185348e-05
":SOUR:DCS:STAT OFF;:BIAS:STAT OFF;:COMP:BIN:COUN:CLE;:LIST:CLE:ALL;:COMP:BIN:CLE;:AMPL:ALC OFF;:APER MED,4;:BIAS:POL:AUTO OFF;:BIAS:RANG:AUTO ON;:BIAS:VOLT:LEV 0;:COMP:ABIN OFF;:COMP:BIN:COUN:STAT OFF;:COMP:MODE PTOL;:COMP:SLIM -9.9e+037,9.9e+037;:COMP:STAT OFF;:COMP:SWAP OFF;:COMP:TOL:NOM 0;:CURR:LEV 5e-005;:DISP:ENAB ON;:DISP:LINE """";:DISP:WIND:TEXT1:DATA:FMSD:DATA 1e-009;:DISP:WIND:TEXT2:DATA:FMSD:DATA 1e-009;:FORM:ASC:LONG ON;:FORM:BORD NORM;:FORM:DATA ASC,64;:FREQ:CW 17000;:FUNC:DEV1:MODE OFF;:FUNC:DEV1:REF:VAL 0;:FUNC:DEV2:MODE OFF;:FUNC:DEV2:REF:VAL 0;:FUNC:IMP:TYPE LSRS;:FUNC:SMON:IDC:STAT OFF;:FUNC:SMON:VDC:STAT OFF;:INIT:CONT OFF;:LIST:MODE SEQ;:LIST:STIM:TYPE FREQ,NONE;:SOUR:DCS:VOLT:LEV 0;:TRIG:DEL 0;:TRIG:SOUR INT;:TRIG:TDEL 0;:DISP:WIND:TEXT1:DATA:FMSD:STAT OFF;:DISP:WIND:TEXT2:DATA:FMSD:STAT OFF;:FUNC:DCR:RANG:VAL 100;:FUNC:IMP:RANG:VAL 30000;:OUTP:DC:ISOL:LEV:VAL 2e-005;:OUTP:DC:ISOL:STAT OFF;:FUNC:DCR:RANG:AUTO ON;:FUNC:IMP:RANG:AUTO ON;:OUTP:DC:ISOL:LEV:AUTO ON;:DISP:PAGE MEASurement;
"
17500.0,-0.10121271,48931.45385,1.00626e-07,0.00504928
17500.0,-0.1012756279,48925.29802,1.00632e-07,0.00504896
17500.0,-0.1011514092,48939.66047,1.00619e-07,0.00504885
17500.0,-0.1011943778,48928.04009,1.00596e-07,0.00504895
17500.0,-0.1011449333,48935.99501,1.00604e-07,0.00504925
17500.0,-0.1011881796,48929.03316,1.00605e-07,0.00504887
17500.0,-0.1011960658,48932.30923,1.0061e-07,0.00504906
17500.0,-0.1012073091,48927.89348,1.00614e-07,0.00504873
17500.0,-0.1010937598,48930.42959,1.00628e-07,0.0050488
17500.0,-0.101157377,48929.12459,1.00609e-07,0.00504905
17500.0,-0.1012511725,48933.5266,1.00594e-07,0.00504882
17500.0,-0.1011244446,48939.52065,1.00615e-07,0.00504904
17500.0,-0.1011667793,48927.87651,1.00616e-07,0.00504919
17500.0,-0.1011672181,48941.23544,1.00613e-07,0.005049
17500.0,-0.1012332696,48920.59342,1.00602e-07,0.00504897
17500.0,-0.1011200107,48937.28524,1.00623e-07,0.00504894
Freq,17500,Rs,48931.829709375,5.720146271765095,Ls,-0.10118029026875,4.92703779455314e-05
":SOUR:DCS:STAT OFF;:BIAS:STAT OFF;:COMP:BIN:COUN:CLE;:LIST:CLE:ALL;:COMP:BIN:CLE;:AMPL:ALC OFF;:APER MED,4;:BIAS:POL:AUTO OFF;:BIAS:RANG:AUTO ON;:BIAS:VOLT:LEV 0;:COMP:ABIN OFF;:COMP:BIN:COUN:STAT OFF;:COMP:MODE PTOL;:COMP:SLIM -9.9e+037,9.9e+037;:COMP:STAT OFF;:COMP:SWAP OFF;:COMP:TOL:NOM 0;:CURR:LEV 5e-005;:DISP:ENAB ON;:DISP:LINE """";:DISP:WIND:TEXT1:DATA:FMSD:DATA 1e-009;:DISP:WIND:TEXT2:DATA:FMSD:DATA 1e-009;:FORM:ASC:LONG ON;:FORM:BORD NORM;:FORM:DATA ASC,64;:FREQ:CW 17500;:FUNC:DEV1:MODE OFF;:FUNC:DEV1:REF:VAL 0;:FUNC:DEV2:MODE OFF;:FUNC:DEV2:REF:VAL 0;:FUNC:IMP:TYPE LSRS;:FUNC:SMON:IDC:STAT OFF;:FUNC:SMON:VDC:STAT OFF;:INIT:CONT OFF;:LIST:MODE SEQ;:LIST:STIM:TYPE FREQ,NONE;:SOUR:DCS:VOLT:LEV 0;:TRIG:DEL 0;:TRIG:SOUR INT;:TRIG:TDEL 0;:DISP:WIND:TEXT1:DATA:FMSD:STAT OFF;:DISP:WIND:TEXT2:DATA:FMSD:STAT OFF;:FUNC:DCR:RANG:VAL 100;:FUNC:IMP:RANG:VAL 30000;:OUTP:DC:ISOL:LEV:VAL 2e-005;:OUTP:DC:ISOL:STAT OFF;:FUNC:DCR:RANG:AUTO ON;:FUNC:IMP:RANG:AUTO ON;:OUTP:DC:ISOL:LEV:AUTO ON;:DISP:PAGE MEASurement;
"
18000.0,-0.146171477,46866.19117,1.01611e-07,0.00505012
18000.0,-0.1461790095,46862.57578,1.01612e-07,0.00505019
18000.0,-0.146132101,46870.92888,1.01613e-07,0.00505026
18000.0,-0.1461298953,46873.23939,1.01622e-07,0.00505014
18000.0,-0.1461194057,46871.09014,1.01622e-07,0.00504995
18000.0,-0.14612569,46866.47784,1.01642e-07,0.00505006
18000.0,-0.1461165119,46869.44797,1.01633e-07,0.00505037
18000.0,-0.1461477782,46865.17687,1.01617e-07,0.00505016
18000.0,-0.1461613301,46874.63125,1.01622e-07,0.00505017
18000.0,-0.1461553353,46860.57213,1.01631e-07,0.00505009
18000.0,-0.1460969838,46874.19815,1.01617e-07,0.00505029
18000.0,-0.1461131161,46875.65361,1.01636e-07,0.00505037
18000.0,-0.1461652814,46871.216,1.0162e-07,0.00505038
18000.0,-0.1461059439,46868.11152,1.0162e-07,0.00505042
18000.0,-0.1461723185,46859.47335,1.01627e-07,0.00505035
18000.0,-0.1460897835,46866.94356,1.0163e-07,0.00505012
Freq,18000,Rs,46868.49547562499,4.946680437409651,Ls,-0.146136372575,2.867755742621995e-05
":SOUR:DCS:STAT OFF;:BIAS:STAT OFF;:COMP:BIN:COUN:CLE;:LIST:CLE:ALL;:COMP:BIN:CLE;:AMPL:ALC OFF;:APER MED,4;:BIAS:POL:AUTO OFF;:BIAS:RANG:AUTO ON;:BIAS:VOLT:LEV 0;:COMP:ABIN OFF;:COMP:BIN:COUN:STAT OFF;:COMP:MODE PTOL;:COMP:SLIM -9.9e+037,9.9e+037;:COMP:STAT OFF;:COMP:SWAP OFF;:COMP:TOL:NOM 0;:CURR:LEV 5e-005;:DISP:ENAB ON;:DISP:LINE """";:DISP:WIND:TEXT1:DATA:FMSD:DATA 1e-009;:DISP:WIND:TEXT2:DATA:FMSD:DATA 1e-009;:FORM:ASC:LONG ON;:FORM:BORD NORM;:FORM:DATA ASC,64;:FREQ:CW 18000;:FUNC:DEV1:MODE OFF;:FUNC:DEV1:REF:VAL 0;:FUNC:DEV2:MODE OFF;:FUNC:DEV2:REF:VAL 0;:FUNC:IMP:TYPE LSRS;:FUNC:SMON:IDC:STAT OFF;:FUNC:SMON:VDC:STAT OFF;:INIT:CONT OFF;:LIST:MODE SEQ;:LIST:STIM:TYPE FREQ,NONE;:SOUR:DCS:VOLT:LEV 0;:TRIG:DEL 0;:TRIG:SOUR INT;:TRIG:TDEL 0;:DISP:WIND:TEXT1:DATA:FMSD:STAT OFF;:DISP:WIND:TEXT2:DATA:FMSD:STAT OFF;:FUNC:DCR:RANG:VAL 100;:FUNC:IMP:RANG:VAL 30000;:OUTP:DC:ISOL:LEV:VAL 2e-005;:OUTP:DC:ISOL:STAT OFF;:FUNC:DCR:RANG:AUTO ON;:FUNC:IMP:RANG:AUTO ON;:OUTP:DC:ISOL:LEV:AUTO ON;:DISP:PAGE MEASurement;
"
18500.0,-0.1812924177,43791.82045,1.03952e-07,0.00505143
18500.0,-0.1813331422,43788.12607,1.03944e-07,0.00505137
18500.0,-0.1812882533,43784.8989,1.0396e-07,0.00505148
18500.0,-0.1812608064,43789.9822,1.03945e-07,0.00505155
18500.0,-0.181285822,43780.35369,1.03956e-07,0.00505144
18500.0,-0.1812811508,43779.35815,1.03969e-07,0.00505158
18500.0,-0.1812500788,43793.368,1.0396e-07,0.00505129
18500.0,-0.1812868511,43786.70873,1.03959e-07,0.00505122
18500.0,-0.1812881775,43783.68012,1.0395e-07,0.00505143
18500.0,-0.1813319313,43785.77032,1.03957e-07,0.00505123
18500.0,-0.1813389374,43785.34444,1.03946e-07,0.0050514
18500.0,-0.1813003512,43786.64906,1.03945e-07,0.00505137
18500.0,-0.1812869378,43795.53293,1.03966e-07,0.00505108
18500.0,-0.1812457555,43778.9293,1.03936e-07,0.00505133
18500.0,-0.1812667947,43793.59809,1.03957e-07,0.00505147
18500.0,-0.1813055444,43789.61252,1.03944e-07,0.00505119
Freq,18500,Rs,43787.108310625,5.063185296974159,Ls,-0.18129018450625,2.7606627362584818e-05
":SOUR:DCS:STAT OFF;:BIAS:STAT OFF;:COMP:BIN:COUN:CLE;:LIST:CLE:ALL;:COMP:BIN:CLE;:AMPL:ALC OFF;:APER MED,4;:BIAS:POL:AUTO OFF;:BIAS:RANG:AUTO ON;:BIAS:VOLT:LEV 0;:COMP:ABIN OFF;:COMP:BIN:COUN:STAT OFF;:COMP:MODE PTOL;:COMP:SLIM -9.9e+037,9.9e+037;:COMP:STAT OFF;:COMP:SWAP OFF;:COMP:TOL:NOM 0;:CURR:LEV 5e-005;:DISP:ENAB ON;:DISP:LINE """";:DISP:WIND:TEXT1:DATA:FMSD:DATA 1e-009;:DISP:WIND:TEXT2:DATA:FMSD:DATA 1e-009;:FORM:ASC:LONG ON;:FORM:BORD NORM;:FORM:DATA ASC,64;:FREQ:CW 18500;:FUNC:DEV1:MODE OFF;:FUNC:DEV1:REF:VAL 0;:FUNC:DEV2:MODE OFF;:FUNC:DEV2:REF:VAL 0;:FUNC:IMP:TYPE LSRS;:FUNC:SMON:IDC:STAT OFF;:FUNC:SMON:VDC:STAT OFF;:INIT:CONT OFF;:LIST:MODE SEQ;:LIST:STIM:TYPE FREQ,NONE;:SOUR:DCS:VOLT:LEV 0;:TRIG:DEL 0;:TRIG:SOUR INT;:TRIG:TDEL 0;:DISP:WIND:TEXT1:DATA:FMSD:STAT OFF;:DISP:WIND:TEXT2:DATA:FMSD:STAT OFF;:FUNC:DCR:RANG:VAL 100;:FUNC:IMP:RANG:VAL 30000;:OUTP:DC:ISOL:LEV:VAL 2e-005;:OUTP:DC:ISOL:STAT OFF;:FUNC:DCR:RANG:AUTO ON;:FUNC:IMP:RANG:AUTO ON;:OUTP:DC:ISOL:LEV:AUTO ON;:DISP:PAGE MEASurement;
"
19000.0,-0.2059139848,40077.42898,1.07474e-07,0.00505245
19000.0,-0.2059529595,40068.37421,1.07445e-07,0.00505245
19000.0,-0.20600553,40071.5596,1.07449e-07,0.00505262
19000.0,-0.2060002262,40069.4278,1.0748e-07,0.00505247
19000.0,-0.2059704591,40067.32447,1.07472e-07,0.00505234
19000.0,-0.2059613851,40078.09132,1.07472e-07,0.00505244
19000.0,-0.2059473492,40080.17535,1.07463e-07,0.00505231
19000.0,-0.2058799302,40077.29712,1.07458e-07,0.00505262
19000.0,-0.2058526247,40078.99065,1.07458e-07,0.00505261
19000.0,-0.2059238873,40078.04223,1.07466e-07,0.0050523
19000.0,-0.2059854763,40072.951,1.07476e-07,0.00505232
19000.0,-0.2059006082,40073.60421,1.07455e-07,0.0050526
19000.0,-0.2059121179,40073.14037,1.0746e-07,0.00505254
19000.0,-0.2059420472,40080.69847,1.07478e-07,0.00505254
19000.0,-0.2059682608,40078.89787,1.07463e-07,0.00505237
19000.0,-0.2059453192,40069.77233,1.07467e-07,0.0050524
Freq,19000,Rs,40074.735998749995,4.486145139632952,Ls,-0.20594138535625,4.235195232653764e-05
":SOUR:DCS:STAT OFF;:BIAS:STAT OFF;:COMP:BIN:COUN:CLE;:LIST:CLE:ALL;:COMP:BIN:CLE;:AMPL:ALC OFF;:APER MED,4;:BIAS:POL:AUTO OFF;:BIAS:RANG:AUTO ON;:BIAS:VOLT:LEV 0;:COMP:ABIN OFF;:COMP:BIN:COUN:STAT OFF;:COMP:MODE PTOL;:COMP:SLIM -9.9e+037,9.9e+037;:COMP:STAT OFF;:COMP:SWAP OFF;:COMP:TOL:NOM 0;:CURR:LEV 5e-005;:DISP:ENAB ON;:DISP:LINE """";:DISP:WIND:TEXT1:DATA:FMSD:DATA 1e-009;:DISP:WIND:TEXT2:DATA:FMSD:DATA 1e-009;:FORM:ASC:LONG ON;:FORM:BORD NORM;:FORM:DATA ASC,64;:FREQ:CW 19000;:FUNC:DEV1:MODE OFF;:FUNC:DEV1:REF:VAL 0;:FUNC:DEV2:MODE OFF;:FUNC:DEV2:REF:VAL 0;:FUNC:IMP:TYPE LSRS;:FUNC:SMON:IDC:STAT OFF;:FUNC:SMON:VDC:STAT OFF;:INIT:CONT OFF;:LIST:MODE SEQ;:LIST:STIM:TYPE FREQ,NONE;:SOUR:DCS:VOLT:LEV 0;:TRIG:DEL 0;:TRIG:SOUR INT;:TRIG:TDEL 0;:DISP:WIND:TEXT1:DATA:FMSD:STAT OFF;:DISP:WIND:TEXT2:DATA:FMSD:STAT OFF;:FUNC:DCR:RANG:VAL 100;:FUNC:IMP:RANG:VAL 30000;:OUTP:DC:ISOL:LEV:VAL 2e-005;:OUTP:DC:ISOL:STAT OFF;:FUNC:DCR:RANG:AUTO ON;:FUNC:IMP:RANG:AUTO ON;:OUTP:DC:ISOL:LEV:AUTO ON;:DISP:PAGE MEASurement;
"
19500.0,-0.2207976783,36110.61209,1.11987e-07,0.00505322
19500.0,-0.2208205914,36123.89292,1.11993e-07,0.00505332
19500.0,-0.2209352907,36120.16503,1.11957e-07,0.00505309
19500.0,-0.2208634922,36109.12564,1.11982e-07,0.00505306
19500.0,-0.2209172511,36108.62175,1.11982e-07,0.00505298
19500.0,-0.2208108315,36118.55507,1.11966e-07,0.00505317
19500.0,-0.2208926073,36111.9571,1.1197e-07,0.00505346
19500.0,-0.2208656113,36115.05258,1.11974e-07,0.00505326
19500.0,-0.2208578017,36115.33679,1.11987e-07,0.00505324
19500.0,-0.2208589752,36110.4359,1.11971e-07,0.00505304
19500.0,-0.2208566595,36106.65051,1.11993e-07,0.00505323
19500.0,-0.2208354661,36107.22052,1.11983e-07,0.00505313
19500.0,-0.2208338201,36111.14773,1.12007e-07,0.00505294
19500.0,-0.2208847671,36106.5274,1.11991e-07,0.00505303
19500.0,-0.2207846584,36113.00999,1.11975e-07,0.00505321
19500.0,-0.2208042544,36115.05244,1.11987e-07,0.00505341
Freq,19500,Rs,36112.71021625,5.033109183541585,Ls,-0.22085123476875,4.272413840636507e-05
":SOUR:DCS:STAT OFF;:BIAS:STAT OFF;:COMP:BIN:COUN:CLE;:LIST:CLE:ALL;:COMP:BIN:CLE;:AMPL:ALC OFF;:APER MED,4;:BIAS:POL:AUTO OFF;:BIAS:RANG:AUTO ON;:BIAS:VOLT:LEV 0;:COMP:ABIN OFF;:COMP:BIN:COUN:STAT OFF;:COMP:MODE PTOL;:COMP:SLIM -9.9e+037,9.9e+037;:COMP:STAT OFF;:COMP:SWAP OFF;:COMP:TOL:NOM 0;:CURR:LEV 5e-005;:DISP:ENAB ON;:DISP:LINE """";:DISP:WIND:TEXT1:DATA:FMSD:DATA 1e-009;:DISP:WIND:TEXT2:DATA:FMSD:DATA 1e-009;:FORM:ASC:LONG ON;:FORM:BORD NORM;:FORM:DATA ASC,64;:FREQ:CW 19500;:FUNC:DEV1:MODE OFF;:FUNC:DEV1:REF:VAL 0;:FUNC:DEV2:MODE OFF;:FUNC:DEV2:REF:VAL 0;:FUNC:IMP:TYPE LSRS;:FUNC:SMON:IDC:STAT OFF;:FUNC:SMON:VDC:STAT OFF;:INIT:CONT OFF;:LIST:MODE SEQ;:LIST:STIM:TYPE FREQ,NONE;:SOUR:DCS:VOLT:LEV 0;:TRIG:DEL 0;:TRIG:SOUR INT;:TRIG:TDEL 0;:DISP:WIND:TEXT1:DATA:FMSD:STAT OFF;:DISP:WIND:TEXT2:DATA:FMSD:STAT OFF;:FUNC:DCR:RANG:VAL 100;:FUNC:IMP:RANG:VAL 30000;:OUTP:DC:ISOL:LEV:VAL 2e-005;:OUTP:DC:ISOL:STAT OFF;:FUNC:DCR:RANG:AUTO ON;:FUNC:IMP:RANG:AUTO ON;:OUTP:DC:ISOL:LEV:AUTO ON;:DISP:PAGE MEASurement;
"
20000.0,-0.2277322906,32205.60499,1.17339e-07,0.0050539
20000.0,-0.2275715679,32181.93158,1.17389e-07,0.00505382
20000.0,-0.227700423,32203.05509,1.17327e-07,0.00505381
20000.0,-0.2275641092,32180.8907,1.17364e-07,0.00505391
20000.0,-0.2276123565,32205.42102,1.17334e-07,0.00505407
20000.0,-0.2276046896,32175.47341,1.17351e-07,0.0050541
20000.0,-0.2276246041,32206.61929,1.17354e-07,0.00505418
20000.0,-0.2276832138,32186.27289,1.17331e-07,0.00505396
20000.0,-0.2275852445,32207.39227,1.17368e-07,0.00505398
20000.0,-0.2276202192,32181.13205,1.17312e-07,0.00505375
20000.0,-0.2275695821,32201.15218,1.17367e-07,0.00505398
20000.0,-0.2277108284,32191.42134,1.17307e-07,0.00505389
20000.0,-0.2275042928,32202.79485,1.17385e-07,0.00505383
20000.0,-0.2277045385,32194.95217,1.17308e-07,0.00505391
20000.0,-0.2275511018,32201.98599,1.1737e-07,0.00505393
20000.0,-0.22774254,32197.22225,1.17307e-07,0.0050541
Freq,20000,Rs,32195.207629375,10.827807241477695,Ls,-0.227630100125,7.281116411330146e-05
":SOUR:DCS:STAT OFF;:BIAS:STAT OFF;:COMP:BIN:COUN:CLE;:LIST:CLE:ALL;:COMP:BIN:CLE;:AMPL:ALC OFF;:APER MED,4;:BIAS:POL:AUTO OFF;:BIAS:RANG:AUTO ON;:BIAS:VOLT:LEV 0;:COMP:ABIN OFF;:COMP:BIN:COUN:STAT OFF;:COMP:MODE PTOL;:COMP:SLIM -9.9e+037,9.9e+037;:COMP:STAT OFF;:COMP:SWAP OFF;:COMP:TOL:NOM 0;:CURR:LEV 5e-005;:DISP:ENAB ON;:DISP:LINE """";:DISP:WIND:TEXT1:DATA:FMSD:DATA 1e-009;:DISP:WIND:TEXT2:DATA:FMSD:DATA 1e-009;:FORM:ASC:LONG ON;:FORM:BORD NORM;:FORM:DATA ASC,64;:FREQ:CW 20000;:FUNC:DEV1:MODE OFF;:FUNC:DEV1:REF:VAL 0;:FUNC:DEV2:MODE OFF;:FUNC:DEV2:REF:VAL 0;:FUNC:IMP:TYPE LSRS;:FUNC:SMON:IDC:STAT OFF;:FUNC:SMON:VDC:STAT OFF;:INIT:CONT OFF;:LIST:MODE SEQ;:LIST:STIM:TYPE FREQ,NONE;:SOUR:DCS:VOLT:LEV 0;:TRIG:DEL 0;:TRIG:SOUR INT;:TRIG:TDEL 0;:DISP:WIND:TEXT1:DATA:FMSD:STAT OFF;:DISP:WIND:TEXT2:DATA:FMSD:STAT OFF;:FUNC:DCR:RANG:VAL 100;:FUNC:IMP:RANG:VAL 30000;:OUTP:DC:ISOL:LEV:VAL 2e-005;:OUTP:DC:ISOL:STAT OFF;:FUNC:DCR:RANG:AUTO ON;:FUNC:IMP:RANG:AUTO ON;:OUTP:DC:ISOL:LEV:AUTO ON;:DISP:PAGE MEASurement;
"
20500.0,-0.2282840646,28512.0452,1.23388e-07,0.00505449
20500.0,-0.2282957369,28519.43886,1.23404e-07,0.00505456
20500.0,-0.2282467744,28520.37246,1.23422e-07,0.00505457
20500.0,-0.2282740731,28514.33573,1.23392e-07,0.00505444
20500.0,-0.2282753039,28512.94834,1.23377e-07,0.00505449
20500.0,-0.2282637142,28509.90789,1.23396e-07,0.00505438
20500.0,-0.2282730531,28521.22224,1.23394e-07,0.00505466
20500.0,-0.2282944578,28518.42711,1.23398e-07,0.00505443
20500.0,-0.2283156879,28514.17215,1.23392e-07,0.00505442
20500.0,-0.2282512572,28515.12423,1.23401e-07,0.00505442
20500.0,-0.2282638474,28519.03924,1.23407e-07,0.00505457
20500.0,-0.2282702345,28510.95115,1.23405e-07,0.0050545
20500.0,-0.2282885773,28521.31998,1.23397e-07,0.0050543
20500.0,-0.2282637361,28521.11092,1.23395e-07,0.00505459
20500.0,-0.228290556,28515.64702,1.23404e-07,0.00505442
20500.0,-0.228259694,28512.81199,1.23408e-07,0.00505483
Freq,20500,Rs,28516.179656875,3.93255329457873,Ls,-0.22827567302500001,1.8195489907098495e-05
":SOUR:DCS:STAT OFF;:BIAS:STAT OFF;:COMP:BIN:COUN:CLE;:LIST:CLE:ALL;:COMP:BIN:CLE;:AMPL:ALC OFF;:APER MED,4;:BIAS:POL:AUTO OFF;:BIAS:RANG:AUTO ON;:BIAS:VOLT:LEV 0;:COMP:ABIN OFF;:COMP:BIN:COUN:STAT OFF;:COMP:MODE PTOL;:COMP:SLIM -9.9e+037,9.9e+037;:COMP:STAT OFF;:COMP:SWAP OFF;:COMP:TOL:NOM 0;:CURR:LEV 5e-005;:DISP:ENAB ON;:DISP:LINE """";:DISP:WIND:TEXT1:DATA:FMSD:DATA 1e-009;:DISP:WIND:TEXT2:DATA:FMSD:DATA 1e-009;:FORM:ASC:LONG ON;:FORM:BORD NORM;:FORM:DATA ASC,64;:FREQ:CW 20500;:FUNC:DEV1:MODE OFF;:FUNC:DEV1:REF:VAL 0;:FUNC:DEV2:MODE OFF;:FUNC:DEV2:REF:VAL 0;:FUNC:IMP:TYPE LSRS;:FUNC:SMON:IDC:STAT OFF;:FUNC:SMON:VDC:STAT OFF;:INIT:CONT OFF;:LIST:MODE SEQ;:LIST:STIM:TYPE FREQ,NONE;:SOUR:DCS:VOLT:LEV 0;:TRIG:DEL 0;:TRIG:SOUR INT;:TRIG:TDEL 0;:DISP:WIND:TEXT1:DATA:FMSD:STAT OFF;:DISP:WIND:TEXT2:DATA:FMSD:STAT OFF;:FUNC:DCR:RANG:VAL 100;:FUNC:IMP:RANG:VAL 30000;:OUTP:DC:ISOL:LEV:VAL 2e-005;:OUTP:DC:ISOL:STAT OFF;:FUNC:DCR:RANG:AUTO ON;:FUNC:IMP:RANG:AUTO ON;:OUTP:DC:ISOL:LEV:AUTO ON;:DISP:PAGE MEASurement;
"
21000.0,-0.2245859494,25170.75042,1.30012e-07,0.00505498
21000.0,-0.2245822487,25171.34824,1.29996e-07,0.00505457
21000.0,-0.2245918582,25169.48022,1.29998e-07,0.0050548
21000.0,-0.224620248,25168.21828,1.30002e-07,0.00505482
21000.0,-0.2245966012,25168.96293,1.30013e-07,0.00505487
21000.0,-0.2245943647,25170.59961,1.30011e-07,0.00505475
21000.0,-0.2246100027,25172.22975,1.30007e-07,0.00505477
21000.0,-0.2245641403,25175.15432,1.30015e-07,0.00505474
21000.0,-0.2245786795,25170.66886,1.29998e-07,0.00505484
21000.0,-0.2245608867,25174.01657,1.3001e-07,0.00505481
21000.0,-0.2245835792,25171.78061,1.30019e-07,0.0050549
21000.0,-0.2245840907,25174.81156,1.30015e-07,0.00505455
21000.0,-0.224583012,25169.97856,1.29999e-07,0.00505464
21000.0,-0.2245717874,25167.81364,1.30015e-07,0.0050547
21000.0,-0.2245387095,25170.59048,1.30013e-07,0.00505469
21000.0,-0.2245726631,25173.8493,1.30029e-07,0.00505485
Freq,21000,Rs,25171.265834375,2.2510787757218185,Ls,-0.22458242633124997,1.927394531439778e-05
":SOUR:DCS:STAT OFF;:BIAS:STAT OFF;:COMP:BIN:COUN:CLE;:LIST:CLE:ALL;:COMP:BIN:CLE;:AMPL:ALC OFF;:APER MED,4;:BIAS:POL:AUTO OFF;:BIAS:RANG:AUTO ON;:BIAS:VOLT:LEV 0;:COMP:ABIN OFF;:COMP:BIN:COUN:STAT OFF;:COMP:MODE PTOL;:COMP:SLIM -9.9e+037,9.9e+037;:COMP:STAT OFF;:COMP:SWAP OFF;:COMP:TOL:NOM 0;:CURR:LEV 5e-005;:DISP:ENAB ON;:DISP:LINE """";:DISP:WIND:TEXT1:DATA:FMSD:DATA 1e-009;:DISP:WIND:TEXT2:DATA:FMSD:DATA 1e-009;:FORM:ASC:LONG ON;:FORM:BORD NORM;:FORM:DATA ASC,64;:FREQ:CW 21000;:FUNC:DEV1:MODE OFF;:FUNC:DEV1:REF:VAL 0;:FUNC:DEV2:MODE OFF;:FUNC:DEV2:REF:VAL 0;:FUNC:IMP:TYPE LSRS;:FUNC:SMON:IDC:STAT OFF;:FUNC:SMON:VDC:STAT OFF;:INIT:CONT OFF;:LIST:MODE SEQ;:LIST:STIM:TYPE FREQ,NONE;:SOUR:DCS:VOLT:LEV 0;:TRIG:DEL 0;:TRIG:SOUR INT;:TRIG:TDEL 0;:DISP:WIND:TEXT1:DATA:FMSD:STAT OFF;:DISP:WIND:TEXT2:DATA:FMSD:STAT OFF;:FUNC:DCR:RANG:VAL 100;:FUNC:IMP:RANG:VAL 30000;:OUTP:DC:ISOL:LEV:VAL 2e-005;:OUTP:DC:ISOL:STAT OFF;:FUNC:DCR:RANG:AUTO ON;:FUNC:IMP:RANG:AUTO ON;:OUTP:DC:ISOL:LEV:AUTO ON;:DISP:PAGE MEASurement;
"
22000.0,-0.209735829,19589.26209,1.44473e-07,0.00505468
22000.0,-0.2096980804,19589.90836,1.44473e-07,0.00505466
22000.0,-0.2097221466,19587.88836,1.44463e-07,0.00505457
22000.0,-0.2097136484,19586.56696,1.44473e-07,0.00505445
22000.0,-0.2097203824,19588.22698,1.44463e-07,0.0050544
22000.0,-0.2097030038,19586.98832,1.44479e-07,0.0050546
22000.0,-0.2096952455,19589.44436,1.44465e-07,0.00505442
22000.0,-0.2097130839,19586.37556,1.44463e-07,0.00505459
22000.0,-0.2096962773,19590.34199,1.44478e-07,0.00505481
22000.0,-0.209725433,19585.44206,1.4446e-07,0.00505463
22000.0,-0.2097328182,19585.67018,1.44474e-07,0.00505456
22000.0,-0.2096966875,19590.2987,1.44463e-07,0.00505437
22000.0,-0.2097165332,19586.68863,1.44466e-07,0.00505445
22000.0,-0.2097313545,19585.55598,1.44457e-07,0.00505461
22000.0,-0.2097178254,19585.31462,1.44476e-07,0.00505459
22000.0,-0.2097300356,19585.36487,1.44457e-07,0.00505456
Freq,22000,Rs,19587.45862625,1.8797085427367712,Ls,-0.20971552404375,1.4027385216305656e-05
":SOUR:DCS:STAT OFF;:BIAS:STAT OFF;:COMP:BIN:COUN:CLE;:LIST:CLE:ALL;:COMP:BIN:CLE;:AMPL:ALC OFF;:APER MED,4;:BIAS:POL:AUTO OFF;:BIAS:RANG:AUTO ON;:BIAS:VOLT:LEV 0;:COMP:ABIN OFF;:COMP:BIN:COUN:STAT OFF;:COMP:MODE PTOL;:COMP:SLIM -9.9e+037,9.9e+037;:COMP:STAT OFF;:COMP:SWAP OFF;:COMP:TOL:NOM 0;:CURR:LEV 5e-005;:DISP:ENAB ON;:DISP:LINE """";:DISP:WIND:TEXT1:DATA:FMSD:DATA 1e-009;:DISP:WIND:TEXT2:DATA:FMSD:DATA 1e-009;:FORM:ASC:LONG ON;:FORM:BORD NORM;:FORM:DATA ASC,64;:FREQ:CW 22000;:FUNC:DEV1:MODE OFF;:FUNC:DEV1:REF:VAL 0;:FUNC:DEV2:MODE OFF;:FUNC:DEV2:REF:VAL 0;:FUNC:IMP:TYPE LSRS;:FUNC:SMON:IDC:STAT OFF;:FUNC:SMON:VDC:STAT OFF;:INIT:CONT OFF;:LIST:MODE SEQ;:LIST:STIM:TYPE FREQ,NONE;:SOUR:DCS:VOLT:LEV 0;:TRIG:DEL 0;:TRIG:SOUR INT;:TRIG:TDEL 0;:DISP:WIND:TEXT1:DATA:FMSD:STAT OFF;:DISP:WIND:TEXT2:DATA:FMSD:STAT OFF;:FUNC:DCR:RANG:VAL 100;:FUNC:IMP:RANG:VAL 30000;:OUTP:DC:ISOL:LEV:VAL 2e-005;:OUTP:DC:ISOL:STAT OFF;:FUNC:DCR:RANG:AUTO ON;:FUNC:IMP:RANG:AUTO ON;:OUTP:DC:ISOL:LEV:AUTO ON;:DISP:PAGE MEASurement;
"
24000.0,-0.1719483006,12188.95576,1.7629e-07,0.00505025
24000.0,-0.1719652498,12189.39442,1.76265e-07,0.00505038
24000.0,-0.1719382845,12189.04471,1.76267e-07,0.00505048
24000.0,-0.1719607777,12190.32322,1.76268e-07,0.00505034
24000.0,-0.1719502307,12192.61318,1.76292e-07,0.00505026
24000.0,-0.17192989,12189.77427,1.76285e-07,0.00505031
24000.0,-0.1719476607,12191.30426,1.76279e-07,0.0050505
24000.0,-0.1719446775,12190.86969,1.76288e-07,0.00505039
24000.0,-0.1719316982,12187.0671,1.76272e-07,0.00505014
24000.0,-0.1719318105,12189.02858,1.76285e-07,0.00505055
24000.0,-0.1719325573,12189.0174,1.76272e-07,0.00505054
24000.0,-0.1719340543,12190.97707,1.7628e-07,0.00505025
24000.0,-0.1719155768,12189.04726,1.76287e-07,0.00505035
24000.0,-0.1719424112,12191.67166,1.76277e-07,0.00505067
24000.0,-0.1719431094,12187.16056,1.76272e-07,0.00505021
24000.0,-0.171939067,12189.79632,1.7627e-07,0.00505027
Freq,24000,Rs,12189.75284125,1.5078843320532627,Ls,-0.1719409597625,1.2256679356110512e-05
":SOUR:DCS:STAT OFF;:BIAS:STAT OFF;:COMP:BIN:COUN:CLE;:LIST:CLE:ALL;:COMP:BIN:CLE;:AMPL:ALC OFF;:APER MED,4;:BIAS:POL:AUTO OFF;:BIAS:RANG:AUTO ON;:BIAS:VOLT:LEV 0;:COMP:ABIN OFF;:COMP:BIN:COUN:STAT OFF;:COMP:MODE PTOL;:COMP:SLIM -9.9e+037,9.9e+037;:COMP:STAT OFF;:COMP:SWAP OFF;:COMP:TOL:NOM 0;:CURR:LEV 5e-005;:DISP:ENAB ON;:DISP:LINE """";:DISP:WIND:TEXT1:DATA:FMSD:DATA 1e-009;:DISP:WIND:TEXT2:DATA:FMSD:DATA 1e-009;:FORM:ASC:LONG ON;:FORM:BORD NORM;:FORM:DATA ASC,64;:FREQ:CW 24000;:FUNC:DEV1:MODE OFF;:FUNC:DEV1:REF:VAL 0;:FUNC:DEV2:MODE OFF;:FUNC:DEV2:REF:VAL 0;:FUNC:IMP:TYPE LSRS;:FUNC:SMON:IDC:STAT OFF;:FUNC:SMON:VDC:STAT OFF;:INIT:CONT OFF;:LIST:MODE SEQ;:LIST:STIM:TYPE FREQ,NONE;:SOUR:DCS:VOLT:LEV 0;:TRIG:DEL 0;:TRIG:SOUR INT;:TRIG:TDEL 0;:DISP:WIND:TEXT1:DATA:FMSD:STAT OFF;:DISP:WIND:TEXT2:DATA:FMSD:STAT OFF;:FUNC:DCR:RANG:VAL 100;:FUNC:IMP:RANG:VAL 30000;:OUTP:DC:ISOL:LEV:VAL 2e-005;:OUTP:DC:ISOL:STAT OFF;:FUNC:DCR:RANG:AUTO ON;:FUNC:IMP:RANG:AUTO ON;:OUTP:DC:ISOL:LEV:AUTO ON;:DISP:PAGE MEASurement;
"
25000.0,-0.154432812,9812.43077,1.9323e-07,0.00505698
25000.0,-0.1543825283,9811.977966,1.93281e-07,0.00505702
25000.0,-0.1544258876,9819.422273,1.93289e-07,0.00505693
25000.0,-0.1544362056,9809.242783,1.93222e-07,0.00505688
25000.0,-0.1543767152,9814.954887,1.9328e-07,0.00505709
25000.0,-0.1544378305,9819.62721,1.93286e-07,0.00505689
25000.0,-0.1544238747,9810.275266,1.93229e-07,0.00505689
25000.0,-0.1543827691,9819.064026,1.93309e-07,0.005057
25000.0,-0.1544377236,9816.844234,1.93269e-07,0.00505695
25000.0,-0.1544011913,9810.185405,1.93234e-07,0.00505694
25000.0,-0.1543882817,9817.998616,1.93301e-07,0.00505688
25000.0,-0.154447181,9815.945757,1.93245e-07,0.00505708
25000.0,-0.1544001492,9810.527602,1.93246e-07,0.00505697
25000.0,-0.1543967393,9821.435013,1.93297e-07,0.00505693
25000.0,-0.1544492236,9817.124704,1.9326e-07,0.00505673
25000.0,-0.1543871273,9811.814479,1.93264e-07,0.00505699
Freq,25000,Rs,9814.9294369375,4.009570749130634,Ls,-0.15441288999999997,2.5731795302205814e-05
":SOUR:DCS:STAT OFF;:BIAS:STAT OFF;:COMP:BIN:COUN:CLE;:LIST:CLE:ALL;:COMP:BIN:CLE;:AMPL:ALC OFF;:APER MED,4;:BIAS:POL:AUTO OFF;:BIAS:RANG:AUTO ON;:BIAS:VOLT:LEV 0;:COMP:ABIN OFF;:COMP:BIN:COUN:STAT OFF;:COMP:MODE PTOL;:COMP:SLIM -9.9e+037,9.9e+037;:COMP:STAT OFF;:COMP:SWAP OFF;:COMP:TOL:NOM 0;:CURR:LEV 5e-005;:DISP:ENAB ON;:DISP:LINE """";:DISP:WIND:TEXT1:DATA:FMSD:DATA 1e-009;:DISP:WIND:TEXT2:DATA:FMSD:DATA 1e-009;:FORM:ASC:LONG ON;:FORM:BORD NORM;:FORM:DATA ASC,64;:FREQ:CW 25000;:FUNC:DEV1:MODE OFF;:FUNC:DEV1:REF:VAL 0;:FUNC:DEV2:MODE OFF;:FUNC:DEV2:REF:VAL 0;:FUNC:IMP:TYPE LSRS;:FUNC:SMON:IDC:STAT OFF;:FUNC:SMON:VDC:STAT OFF;:INIT:CONT OFF;:LIST:MODE SEQ;:LIST:STIM:TYPE FREQ,NONE;:SOUR:DCS:VOLT:LEV 0;:TRIG:DEL 0;:TRIG:SOUR INT;:TRIG:TDEL 0;:DISP:WIND:TEXT1:DATA:FMSD:STAT OFF;:DISP:WIND:TEXT2:DATA:FMSD:STAT OFF;:FUNC:DCR:RANG:VAL 100;:FUNC:IMP:RANG:VAL 10000;:OUTP:DC:ISOL:LEV:VAL 0.0002;:OUTP:DC:ISOL:STAT OFF;:FUNC:DCR:RANG:AUTO ON;:FUNC:IMP:RANG:AUTO ON;:OUTP:DC:ISOL:LEV:AUTO ON;:DISP:PAGE MEASurement;
"
30000.0,-0.0936694616,4009.875339,2.7881e-07,0.0050516
30000.0,-0.09365182066,4018.528454,2.78985e-07,0.00505156
30000.0,-0.09370884644,4023.400873,2.79044e-07,0.00505166
30000.0,-0.09374186929,4013.028243,2.78853e-07,0.00505152
30000.0,-0.09368229176,4006.184895,2.78772e-07,0.00505154
30000.0,-0.09364957991,4015.51484,2.78935e-07,0.00505146
30000.0,-0.09368486654,4023.018037,2.79039e-07,0.00505164
30000.0,-0.09372590045,4018.267944,2.78891e-07,0.00505175
30000.0,-0.09371014937,4005.905654,2.78801e-07,0.00505159
30000.0,-0.09365293367,4010.953346,2.7887e-07,0.00505156
30000.0,-0.09367222054,4022.950047,2.79049e-07,0.0050517
30000.0,-0.09373172539,4020.715337,2.78974e-07,0.00505162
30000.0,-0.09373778722,4010.085699,2.78788e-07,0.00505152
30000.0,-0.09366454388,4007.522497,2.78796e-07,0.00505164
30000.0,-0.09364924884,4020.189578,2.78962e-07,0.0050517
30000.0,-0.09371405536,4022.739627,2.79033e-07,0.00505154
Freq,30000,Rs,4015.555025625,6.444807216464348,Ls,-0.0936904563075,3.3603710555400634e-05
":SOUR:DCS:STAT OFF;:BIAS:STAT OFF;:COMP:BIN:COUN:CLE;:LIST:CLE:ALL;:COMP:BIN:CLE;:AMPL:ALC OFF;:APER MED,4;:BIAS:POL:AUTO OFF;:BIAS:RANG:AUTO ON;:BIAS:VOLT:LEV 0;:COMP:ABIN OFF;:COMP:BIN:COUN:STAT OFF;:COMP:MODE PTOL;:COMP:SLIM -9.9e+037,9.9e+037;:COMP:STAT OFF;:COMP:SWAP OFF;:COMP:TOL:NOM 0;:CURR:LEV 5e-005;:DISP:ENAB ON;:DISP:LINE """";:DISP:WIND:TEXT1:DATA:FMSD:DATA 1e-009;:DISP:WIND:TEXT2:DATA:FMSD:DATA 1e-009;:FORM:ASC:LONG ON;:FORM:BORD NORM;:FORM:DATA ASC,64;:FREQ:CW 30000;:FUNC:DEV1:MODE OFF;:FUNC:DEV1:REF:VAL 0;:FUNC:DEV2:MODE OFF;:FUNC:DEV2:REF:VAL 0;:FUNC:IMP:TYPE LSRS;:FUNC:SMON:IDC:STAT OFF;:FUNC:SMON:VDC:STAT OFF;:INIT:CONT OFF;:LIST:MODE SEQ;:LIST:STIM:TYPE FREQ,NONE;:SOUR:DCS:VOLT:LEV 0;:TRIG:DEL 0;:TRIG:SOUR INT;:TRIG:TDEL 0;:DISP:WIND:TEXT1:DATA:FMSD:STAT OFF;:DISP:WIND:TEXT2:DATA:FMSD:STAT OFF;:FUNC:DCR:RANG:VAL 100;:FUNC:IMP:RANG:VAL 10000;:OUTP:DC:ISOL:LEV:VAL 0.0002;:OUTP:DC:ISOL:STAT OFF;:FUNC:DCR:RANG:AUTO ON;:FUNC:IMP:RANG:AUTO ON;:OUTP:DC:ISOL:LEV:AUTO ON;:DISP:PAGE MEASurement;
"
40000.0,-0.04452749505,1209.182591,4.535e-07,0.00510491
40000.0,-0.04452227821,1209.557576,4.53537e-07,0.00510485
40000.0,-0.04452754737,1210.649727,4.53525e-07,0.00510476
40000.0,-0.04452324306,1209.46515,4.53538e-07,0.00510475
40000.0,-0.04452240188,1208.994961,4.53545e-07,0.00510481
40000.0,-0.04452675551,1208.879562,4.53579e-07,0.00510518
40000.0,-0.04452335179,1208.572118,4.53596e-07,0.00510496
40000.0,-0.04452205447,1210.781649,4.53561e-07,0.00510506
40000.0,-0.04452600741,1210.681249,4.5358e-07,0.00510486
40000.0,-0.04452286392,1210.77621,4.53589e-07,0.005105
40000.0,-0.04452446791,1210.972733,4.53576e-07,0.00510504
40000.0,-0.04452306958,1210.418286,4.53596e-07,0.00510506
40000.0,-0.04452201221,1210.517628,4.53563e-07,0.00510514
40000.0,-0.0445247161,1209.574473,4.53604e-07,0.00510528
40000.0,-0.04452353137,1211.056296,4.53569e-07,0.00510495
40000.0,-0.0445208426,1210.014249,4.53537e-07,0.00510502
Freq,40000,Rs,1210.005903625,0.8262205705855852,Ls,-0.0445239149025,2.0596251934827588e-06
":SOUR:DCS:STAT OFF;:BIAS:STAT OFF;:COMP:BIN:COUN:CLE;:LIST:CLE:ALL;:COMP:BIN:CLE;:AMPL:ALC OFF;:APER MED,4;:BIAS:POL:AUTO OFF;:BIAS:RANG:AUTO ON;:BIAS:VOLT:LEV 0;:COMP:ABIN OFF;:COMP:BIN:COUN:STAT OFF;:COMP:MODE PTOL;:COMP:SLIM -9.9e+037,9.9e+037;:COMP:STAT OFF;:COMP:SWAP OFF;:COMP:TOL:NOM 0;:CURR:LEV 5e-005;:DISP:ENAB ON;:DISP:LINE """";:DISP:WIND:TEXT1:DATA:FMSD:DATA 1e-009;:DISP:WIND:TEXT2:DATA:FMSD:DATA 1e-009;:FORM:ASC:LONG ON;:FORM:BORD NORM;:FORM:DATA ASC,64;:FREQ:CW 40000;:FUNC:DEV1:MODE OFF;:FUNC:DEV1:REF:VAL 0;:FUNC:DEV2:MODE OFF;:FUNC:DEV2:REF:VAL 0;:FUNC:IMP:TYPE LSRS;:FUNC:SMON:IDC:STAT OFF;:FUNC:SMON:VDC:STAT OFF;:INIT:CONT OFF;:LIST:MODE SEQ;:LIST:STIM:TYPE FREQ,NONE;:SOUR:DCS:VOLT:LEV 0;:TRIG:DEL 0;:TRIG:SOUR INT;:TRIG:TDEL 0;:DISP:WIND:TEXT1:DATA:FMSD:STAT OFF;:DISP:WIND:TEXT2:DATA:FMSD:STAT OFF;:FUNC:DCR:RANG:VAL 100;:FUNC:IMP:RANG:VAL 10000;:OUTP:DC:ISOL:LEV:VAL 0.0002;:OUTP:DC:ISOL:STAT OFF;:FUNC:DCR:RANG:AUTO ON;:FUNC:IMP:RANG:AUTO ON;:OUTP:DC:ISOL:LEV:AUTO ON;:DISP:PAGE MEASurement;
"
50000.0,-0.02602841984,537.8976017,6.05538e-07,0.00496246
50000.0,-0.02603082918,538.7263203,6.05614e-07,0.00496249
50000.0,-0.02602887612,538.0936035,6.05631e-07,0.00496246
50000.0,-0.02602606175,537.7876278,6.05514e-07,0.00496229
50000.0,-0.02602702802,537.9069268,6.05506e-07,0.00496237
50000.0,-0.02603040388,539.0486064,6.05638e-07,0.00496254
50000.0,-0.02602562823,539.1441397,6.05559e-07,0.0049624
50000.0,-0.02602651229,537.5674418,6.05554e-07,0.00496223
50000.0,-0.02602869746,538.3468804,6.05564e-07,0.00496234
50000.0,-0.02602745495,538.8772818,6.05595e-07,0.00496235
50000.0,-0.02602579332,538.4408043,6.05509e-07,0.00496232
50000.0,-0.02603010062,539.1415287,6.05596e-07,0.00496258
50000.0,-0.02603077823,539.0681036,6.05626e-07,0.00496231
50000.0,-0.02602603882,538.8190063,6.05561e-07,0.00496255
50000.0,-0.02603091323,538.4158482,6.05598e-07,0.00496255
50000.0,-0.02602952326,538.4128475,6.05555e-07,0.00496254
Freq,50000,Rs,538.48091055,0.5188593946309229,Ls,-0.0260283162,1.968159097115766e-06
":SOUR:DCS:STAT OFF;:BIAS:STAT OFF;:COMP:BIN:COUN:CLE;:LIST:CLE:ALL;:COMP:BIN:CLE;:AMPL:ALC OFF;:APER MED,4;:BIAS:POL:AUTO OFF;:BIAS:RANG:AUTO ON;:BIAS:VOLT:LEV 0;:COMP:ABIN OFF;:COMP:BIN:COUN:STAT OFF;:COMP:MODE PTOL;:COMP:SLIM -9.9e+037,9.9e+037;:COMP:STAT OFF;:COMP:SWAP OFF;:COMP:TOL:NOM 0;:CURR:LEV 5e-005;:DISP:ENAB ON;:DISP:LINE """";:DISP:WIND:TEXT1:DATA:FMSD:DATA 1e-009;:DISP:WIND:TEXT2:DATA:FMSD:DATA 1e-009;:FORM:ASC:LONG ON;:FORM:BORD NORM;:FORM:DATA ASC,64;:FREQ:CW 50000;:FUNC:DEV1:MODE OFF;:FUNC:DEV1:REF:VAL 0;:FUNC:DEV2:MODE OFF;:FUNC:DEV2:REF:VAL 0;:FUNC:IMP:TYPE LSRS;:FUNC:SMON:IDC:STAT OFF;:FUNC:SMON:VDC:STAT OFF;:INIT:CONT OFF;:LIST:MODE SEQ;:LIST:STIM:TYPE FREQ,NONE;:SOUR:DCS:VOLT:LEV 0;:TRIG:DEL 0;:TRIG:SOUR INT;:TRIG:TDEL 0;:DISP:WIND:TEXT1:DATA:FMSD:STAT OFF;:DISP:WIND:TEXT2:DATA:FMSD:STAT OFF;:FUNC:DCR:RANG:VAL 100;:FUNC:IMP:RANG:VAL 3000;:OUTP:DC:ISOL:LEV:VAL 0.0002;:OUTP:DC:ISOL:STAT OFF;:FUNC:DCR:RANG:AUTO ON;:FUNC:IMP:RANG:AUTO ON;:OUTP:DC:ISOL:LEV:AUTO ON;:DISP:PAGE MEASurement;
"
60000.0,-0.01701897961,312.1201828,7.75423e-07,0.00498077
60000.0,-0.01701780074,312.4345259,7.75363e-07,0.00498066
60000.0,-0.0170187633,312.4186621,7.7542e-07,0.00498072
60000.0,-0.01701806646,312.4653541,7.75386e-07,0.00498062
60000.0,-0.01701866274,312.3358416,7.75429e-07,0.00498084
60000.0,-0.01701811008,312.3608847,7.75415e-07,0.00498075
60000.0,-0.01701917528,312.2563108,7.75421e-07,0.00498069
60000.0,-0.01701822846,312.0756134,7.75405e-07,0.00498082
60000.0,-0.01701882194,312.4368174,7.75407e-07,0.0049807
60000.0,-0.01701878811,312.5150161,7.7538e-07,0.00498071
60000.0,-0.0170182693,312.3596215,7.75409e-07,0.00498089
60000.0,-0.0170185691,312.2257925,7.75449e-07,0.00498076
60000.0,-0.01701805554,312.5147941,7.75397e-07,0.00498062
60000.0,-0.01701943896,312.5241676,7.7542e-07,0.00498083
60000.0,-0.01701826653,312.2493803,7.75385e-07,0.00498075
60000.0,-0.01701898876,312.2792339,7.75388e-07,0.00498081
Freq,60000,Rs,312.34826242500003,0.1378959008486656,Ls,-0.017018561556875,4.648397781992679e-07
":SOUR:DCS:STAT OFF;:BIAS:STAT OFF;:COMP:BIN:COUN:CLE;:LIST:CLE:ALL;:COMP:BIN:CLE;:AMPL:ALC OFF;:APER MED,4;:BIAS:POL:AUTO OFF;:BIAS:RANG:AUTO ON;:BIAS:VOLT:LEV 0;:COMP:ABIN OFF;:COMP:BIN:COUN:STAT OFF;:COMP:MODE PTOL;:COMP:SLIM -9.9e+037,9.9e+037;:COMP:STAT OFF;:COMP:SWAP OFF;:COMP:TOL:NOM 0;:CURR:LEV 5e-005;:DISP:ENAB ON;:DISP:LINE """";:DISP:WIND:TEXT1:DATA:FMSD:DATA 1e-009;:DISP:WIND:TEXT2:DATA:FMSD:DATA 1e-009;:FORM:ASC:LONG ON;:FORM:BORD NORM;:FORM:DATA ASC,64;:FREQ:CW 60000;:FUNC:DEV1:MODE OFF;:FUNC:DEV1:REF:VAL 0;:FUNC:DEV2:MODE OFF;:FUNC:DEV2:REF:VAL 0;:FUNC:IMP:TYPE LSRS;:FUNC:SMON:IDC:STAT OFF;:FUNC:SMON:VDC:STAT OFF;:INIT:CONT OFF;:LIST:MODE SEQ;:LIST:STIM:TYPE FREQ,NONE;:SOUR:DCS:VOLT:LEV 0;:TRIG:DEL 0;:TRIG:SOUR INT;:TRIG:TDEL 0;:DISP:WIND:TEXT1:DATA:FMSD:STAT OFF;:DISP:WIND:TEXT2:DATA:FMSD:STAT OFF;:FUNC:DCR:RANG:VAL 100;:FUNC:IMP:RANG:VAL 3000;:OUTP:DC:ISOL:LEV:VAL 0.0002;:OUTP:DC:ISOL:STAT OFF;:FUNC:DCR:RANG:AUTO ON;:FUNC:IMP:RANG:AUTO ON;:OUTP:DC:ISOL:LEV:AUTO ON;:DISP:PAGE MEASurement;
"
70000.0,-0.01192251848,303.602206,9.46307e-07,0.00497045
70000.0,-0.01192230883,303.552458,9.46276e-07,0.00497046
70000.0,-0.01192238875,303.7297547,9.46267e-07,0.00497041
70000.0,-0.01192191841,303.8830302,9.46275e-07,0.00497034
70000.0,-0.01192267591,304.0123992,9.46292e-07,0.00497043
70000.0,-0.01192285297,303.7711497,9.46261e-07,0.00497014
70000.0,-0.01192245945,303.4915267,9.4628e-07,0.00497051
70000.0,-0.01192220245,303.7475021,9.46269e-07,0.00497025
70000.0,-0.01192203463,303.5748165,9.46269e-07,0.00497018
70000.0,-0.01192242544,303.8764565,9.46234e-07,0.00497041
70000.0,-0.01192249621,304.0172947,9.46288e-07,0.0049704
70000.0,-0.01192246783,303.7351005,9.46299e-07,0.00497027
70000.0,-0.01192247631,303.6356701,9.46291e-07,0.00497031
70000.0,-0.01192196759,303.6118175,9.46282e-07,0.00497034
70000.0,-0.01192214513,303.6556263,9.46241e-07,0.00497034
70000.0,-0.01192193447,303.7814664,9.4627e-07,0.0049705
Freq,70000,Rs,303.72989219375,0.1568502862713151,Ls,-0.01192232955375,2.7341651537227355e-07
":SOUR:DCS:STAT OFF;:BIAS:STAT OFF;:COMP:BIN:COUN:CLE;:LIST:CLE:ALL;:COMP:BIN:CLE;:AMPL:ALC OFF;:APER MED,4;:BIAS:POL:AUTO OFF;:BIAS:RANG:AUTO ON;:BIAS:VOLT:LEV 0;:COMP:ABIN OFF;:COMP:BIN:COUN:STAT OFF;:COMP:MODE PTOL;:COMP:SLIM -9.9e+037,9.9e+037;:COMP:STAT OFF;:COMP:SWAP OFF;:COMP:TOL:NOM 0;:CURR:LEV 5e-005;:DISP:ENAB ON;:DISP:LINE """";:DISP:WIND:TEXT1:DATA:FMSD:DATA 1e-009;:DISP:WIND:TEXT2:DATA:FMSD:DATA 1e-009;:FORM:ASC:LONG ON;:FORM:BORD NORM;:FORM:DATA ASC,64;:FREQ:CW 70000;:FUNC:DEV1:MODE OFF;:FUNC:DEV1:REF:VAL 0;:FUNC:DEV2:MODE OFF;:FUNC:DEV2:REF:VAL 0;:FUNC:IMP:TYPE LSRS;:FUNC:SMON:IDC:STAT OFF;:FUNC:SMON:VDC:STAT OFF;:INIT:CONT OFF;:LIST:MODE SEQ;:LIST:STIM:TYPE FREQ,NONE;:SOUR:DCS:VOLT:LEV 0;:TRIG:DEL 0;:TRIG:SOUR INT;:TRIG:TDEL 0;:DISP:WIND:TEXT1:DATA:FMSD:STAT OFF;:DISP:WIND:TEXT2:DATA:FMSD:STAT OFF;:FUNC:DCR:RANG:VAL 100;:FUNC:IMP:RANG:VAL 3000;:OUTP:DC:ISOL:LEV:VAL 0.0002;:OUTP:DC:ISOL:STAT OFF;:FUNC:DCR:RANG:AUTO ON;:FUNC:IMP:RANG:AUTO ON;:OUTP:DC:ISOL:LEV:AUTO ON;:DISP:PAGE MEASurement;
"
80000.0,-0.008951786166,234.7282154,1.10579e-06,0.00498247
80000.0,-0.008951957947,234.7217702,1.10583e-06,0.00498261
80000.0,-0.008952021783,234.8559026,1.10583e-06,0.00498271
80000.0,-0.008952219889,234.7392132,1.1059e-06,0.00498282
80000.0,-0.008952134067,234.7505411,1.1059e-06,0.00498299
80000.0,-0.008951721864,234.8033446,1.10587e-06,0.00498282
80000.0,-0.008952038989,234.7231641,1.10585e-06,0.00498276
80000.0,-0.008951964281,234.8551041,1.10584e-06,0.00498273
80000.0,-0.008951677188,234.8668904,1.10583e-06,0.00498261
80000.0,-0.008951580794,234.7437826,1.10585e-06,0.00498263
80000.0,-0.008951520665,234.7553916,1.10583e-06,0.00498258
80000.0,-0.008951855753,234.6723096,1.10579e-06,0.00498267
80000.0,-0.008951922103,234.8721375,1.10583e-06,0.00498272
80000.0,-0.008952063432,234.7461289,1.10582e-06,0.00498267
80000.0,-0.008951773606,234.6815483,1.10583e-06,0.00498274
80000.0,-0.008951708426,234.6997992,1.1058e-06,0.00498263
Freq,80000,Rs,234.7634527125,0.06644585476165156,Ls,-0.0089518716845625,2.0130950710906762e-07
":SOUR:DCS:STAT OFF;:BIAS:STAT OFF;:COMP:BIN:COUN:CLE;:LIST:CLE:ALL;:COMP:BIN:CLE;:AMPL:ALC OFF;:APER MED,4;:BIAS:POL:AUTO OFF;:BIAS:RANG:AUTO ON;:BIAS:VOLT:LEV 0;:COMP:ABIN OFF;:COMP:BIN:COUN:STAT OFF;:COMP:MODE PTOL;:COMP:SLIM -9.9e+037,9.9e+037;:COMP:STAT OFF;:COMP:SWAP OFF;:COMP:TOL:NOM 0;:CURR:LEV 5e-005;:DISP:ENAB ON;:DISP:LINE """";:DISP:WIND:TEXT1:DATA:FMSD:DATA 1e-009;:DISP:WIND:TEXT2:DATA:FMSD:DATA 1e-009;:FORM:ASC:LONG ON;:FORM:BORD NORM;:FORM:DATA ASC,64;:FREQ:CW 80000;:FUNC:DEV1:MODE OFF;:FUNC:DEV1:REF:VAL 0;:FUNC:DEV2:MODE OFF;:FUNC:DEV2:REF:VAL 0;:FUNC:IMP:TYPE LSRS;:FUNC:SMON:IDC:STAT OFF;:FUNC:SMON:VDC:STAT OFF;:INIT:CONT OFF;:LIST:MODE SEQ;:LIST:STIM:TYPE FREQ,NONE;:SOUR:DCS:VOLT:LEV 0;:TRIG:DEL 0;:TRIG:SOUR INT;:TRIG:TDEL 0;:DISP:WIND:TEXT1:DATA:FMSD:STAT OFF;:DISP:WIND:TEXT2:DATA:FMSD:STAT OFF;:FUNC:DCR:RANG:VAL 100;:FUNC:IMP:RANG:VAL 3000;:OUTP:DC:ISOL:LEV:VAL 0.0002;:OUTP:DC:ISOL:STAT OFF;:FUNC:DCR:RANG:AUTO ON;:FUNC:IMP:RANG:AUTO ON;:OUTP:DC:ISOL:LEV:AUTO ON;:DISP:PAGE MEASurement;
"
90000.0,-0.006815182564,195.4186617,1.29188e-06,0.00498516
90000.0,-0.006815225994,195.4253288,1.29189e-06,0.0049853
90000.0,-0.006815312617,195.4784063,1.29186e-06,0.00498517
90000.0,-0.006815219644,195.4298685,1.2919e-06,0.00498519
90000.0,-0.006815306865,195.4128248,1.29187e-06,0.00498528
90000.0,-0.006815226315,195.4498147,1.29187e-06,0.00498519
90000.0,-0.006815322752,195.4771055,1.29186e-06,0.00498531
90000.0,-0.006815350059,195.5006417,1.29184e-06,0.00498519
90000.0,-0.006815267581,195.5278827,1.29194e-06,0.0049855
90000.0,-0.00681528936,195.4853948,1.29191e-06,0.00498525
90000.0,-0.006815149569,195.4896791,1.29191e-06,0.00498551
90000.0,-0.006815273161,195.3752588,1.29184e-06,0.00498518
90000.0,-0.006815318009,195.4211522,1.29191e-06,0.00498534
90000.0,-0.006815440838,195.515052,1.29189e-06,0.00498538
90000.0,-0.006815006117,195.3707704,1.29189e-06,0.00498537
90000.0,-0.006815260013,195.4603034,1.29185e-06,0.00498512
Freq,90000,Rs,195.45238408749998,0.047130996675472776,Ls,-0.006815259466125,9.686295633784871e-08
":SOUR:DCS:STAT OFF;:BIAS:STAT OFF;:COMP:BIN:COUN:CLE;:LIST:CLE:ALL;:COMP:BIN:CLE;:AMPL:ALC OFF;:APER MED,4;:BIAS:POL:AUTO OFF;:BIAS:RANG:AUTO ON;:BIAS:VOLT:LEV 0;:COMP:ABIN OFF;:COMP:BIN:COUN:STAT OFF;:COMP:MODE PTOL;:COMP:SLIM -9.9e+037,9.9e+037;:COMP:STAT OFF;:COMP:SWAP OFF;:COMP:TOL:NOM 0;:CURR:LEV 5e-005;:DISP:ENAB ON;:DISP:LINE """";:DISP:WIND:TEXT1:DATA:FMSD:DATA 1e-009;:DISP:WIND:TEXT2:DATA:FMSD:DATA 1e-009;:FORM:ASC:LONG ON;:FORM:BORD NORM;:FORM:DATA ASC,64;:FREQ:CW 90000;:FUNC:DEV1:MODE OFF;:FUNC:DEV1:REF:VAL 0;:FUNC:DEV2:MODE OFF;:FUNC:DEV2:REF:VAL 0;:FUNC:IMP:TYPE LSRS;:FUNC:SMON:IDC:STAT OFF;:FUNC:SMON:VDC:STAT OFF;:INIT:CONT OFF;:LIST:MODE SEQ;:LIST:STIM:TYPE FREQ,NONE;:SOUR:DCS:VOLT:LEV 0;:TRIG:DEL 0;:TRIG:SOUR INT;:TRIG:TDEL 0;:DISP:WIND:TEXT1:DATA:FMSD:STAT OFF;:DISP:WIND:TEXT2:DATA:FMSD:STAT OFF;:FUNC:DCR:RANG:VAL 100;:FUNC:IMP:RANG:VAL 3000;:OUTP:DC:ISOL:LEV:VAL 0.0002;:OUTP:DC:ISOL:STAT OFF;:FUNC:DCR:RANG:AUTO ON;:FUNC:IMP:RANG:AUTO ON;:OUTP:DC:ISOL:LEV:AUTO ON;:DISP:PAGE MEASurement;
"
100000.0,-0.005281239213,202.9331367,1.49785e-06,0.00497975
100000.0,-0.005281083971,202.9163388,1.49795e-06,0.00497963
100000.0,-0.005280945028,202.8612764,1.49789e-06,0.00497953
100000.0,-0.005280981859,202.856561,1.49787e-06,0.00497935
100000.0,-0.005281002889,202.9399296,1.49785e-06,0.00497952
100000.0,-0.00528105206,202.8489818,1.49786e-06,0.00497942
100000.0,-0.005280882426,202.8121897,1.49788e-06,0.00497949
100000.0,-0.005281064536,202.7870462,1.49787e-06,0.00497958
100000.0,-0.005281064641,202.8175621,1.49791e-06,0.00497948
100000.0,-0.005280993657,202.7585638,1.49786e-06,0.00497957
100000.0,-0.005280864339,202.8727487,1.49791e-06,0.00497947
100000.0,-0.005281100389,202.9625642,1.49789e-06,0.0049795
100000.0,-0.005281117024,202.8514859,1.49789e-06,0.0049795
100000.0,-0.005280884167,202.7229909,1.49796e-06,0.00497973
100000.0,-0.005280991768,202.8033892,1.4979e-06,0.00497948
100000.0,-0.005280947449,202.8332836,1.49792e-06,0.00497956
Freq,100000,Rs,202.8486280375,0.06639293470844555,Ls,-0.0052810134635,9.935582751367561e-08
":SOUR:DCS:STAT OFF;:BIAS:STAT OFF;:COMP:BIN:COUN:CLE;:LIST:CLE:ALL;:COMP:BIN:CLE;:AMPL:ALC OFF;:APER MED,4;:BIAS:POL:AUTO OFF;:BIAS:RANG:AUTO ON;:BIAS:VOLT:LEV 0;:COMP:ABIN OFF;:COMP:BIN:COUN:STAT OFF;:COMP:MODE PTOL;:COMP:SLIM -9.9e+037,9.9e+037;:COMP:STAT OFF;:COMP:SWAP OFF;:COMP:TOL:NOM 0;:CURR:LEV 5e-005;:DISP:ENAB ON;:DISP:LINE """";:DISP:WIND:TEXT1:DATA:FMSD:DATA 1e-009;:DISP:WIND:TEXT2:DATA:FMSD:DATA 1e-009;:FORM:ASC:LONG ON;:FORM:BORD NORM;:FORM:DATA ASC,64;:FREQ:CW 100000;:FUNC:DEV1:MODE OFF;:FUNC:DEV1:REF:VAL 0;:FUNC:DEV2:MODE OFF;:FUNC:DEV2:REF:VAL 0;:FUNC:IMP:TYPE LSRS;:FUNC:SMON:IDC:STAT OFF;:FUNC:SMON:VDC:STAT OFF;:INIT:CONT OFF;:LIST:MODE SEQ;:LIST:STIM:TYPE FREQ,NONE;:SOUR:DCS:VOLT:LEV 0;:TRIG:DEL 0;:TRIG:SOUR INT;:TRIG:TDEL 0;:DISP:WIND:TEXT1:DATA:FMSD:STAT OFF;:DISP:WIND:TEXT2:DATA:FMSD:STAT OFF;:FUNC:DCR:RANG:VAL 100;:FUNC:IMP:RANG:VAL 3000;:OUTP:DC:ISOL:LEV:VAL 0.0002;:OUTP:DC:ISOL:STAT OFF;:FUNC:DCR:RANG:AUTO ON;:FUNC:IMP:RANG:AUTO ON;:OUTP:DC:ISOL:LEV:AUTO ON;:DISP:PAGE MEASurement;
"
200000.0,-0.002115557172,587.7175742,1.81791e-06,0.00494936
200000.0,-0.002115425958,587.5227477,1.81785e-06,0.00494924
200000.0,-0.002115500607,587.7083571,1.81795e-06,0.00494938
200000.0,-0.002115417093,587.6323199,1.81791e-06,0.00494916
200000.0,-0.002115408143,587.7501983,1.81789e-06,0.00494925
200000.0,-0.002115392793,587.6728423,1.81788e-06,0.00494911
200000.0,-0.002115490286,587.604769,1.81779e-06,0.00494926
200000.0,-0.002115412988,587.7630698,1.81798e-06,0.00494917
200000.0,-0.002115463441,587.6801702,1.81783e-06,0.0049492
200000.0,-0.002115425418,587.7236404,1.8179e-06,0.0049491
200000.0,-0.002115368612,587.6844293,1.81787e-06,0.0049492
200000.0,-0.002115522545,587.7262153,1.81789e-06,0.00494926
200000.0,-0.002115357849,587.7761527,1.81796e-06,0.00494914
200000.0,-0.002115434835,587.7392005,1.81782e-06,0.00494927
200000.0,-0.002115425169,587.7481859,1.81784e-06,0.00494918
200000.0,-0.002115436797,587.7268257,1.8177e-06,0.00494925
Freq,200000,Rs,587.6985436437499,0.0657809876563979,Ls,-0.0021154399816250002,5.434691579821749e-08
":SOUR:DCS:STAT OFF;:BIAS:STAT OFF;:COMP:BIN:COUN:CLE;:LIST:CLE:ALL;:COMP:BIN:CLE;:AMPL:ALC OFF;:APER MED,4;:BIAS:POL:AUTO OFF;:BIAS:RANG:AUTO ON;:BIAS:VOLT:LEV 0;:COMP:ABIN OFF;:COMP:BIN:COUN:STAT OFF;:COMP:MODE PTOL;:COMP:SLIM -9.9e+037,9.9e+037;:COMP:STAT OFF;:COMP:SWAP OFF;:COMP:TOL:NOM 0;:CURR:LEV 5e-005;:DISP:ENAB ON;:DISP:LINE """";:DISP:WIND:TEXT1:DATA:FMSD:DATA 1e-009;:DISP:WIND:TEXT2:DATA:FMSD:DATA 1e-009;:FORM:ASC:LONG ON;:FORM:BORD NORM;:FORM:DATA ASC,64;:FREQ:CW 200000;:FUNC:DEV1:MODE OFF;:FUNC:DEV1:REF:VAL 0;:FUNC:DEV2:MODE OFF;:FUNC:DEV2:REF:VAL 0;:FUNC:IMP:TYPE LSRS;:FUNC:SMON:IDC:STAT OFF;:FUNC:SMON:VDC:STAT OFF;:INIT:CONT OFF;:LIST:MODE SEQ;:LIST:STIM:TYPE FREQ,NONE;:SOUR:DCS:VOLT:LEV 0;:TRIG:DEL 0;:TRIG:SOUR INT;:TRIG:TDEL 0;:DISP:WIND:TEXT1:DATA:FMSD:STAT OFF;:DISP:WIND:TEXT2:DATA:FMSD:STAT OFF;:FUNC:DCR:RANG:VAL 100;:FUNC:IMP:RANG:VAL 1000;:OUTP:DC:ISOL:LEV:VAL 0.002;:OUTP:DC:ISOL:STAT OFF;:FUNC:DCR:RANG:AUTO ON;:FUNC:IMP:RANG:AUTO ON;:OUTP:DC:ISOL:LEV:AUTO ON;:DISP:PAGE MEASurement;
"
":SOUR:DCS:STAT OFF;:BIAS:STAT OFF;:COMP:BIN:COUN:CLE;:LIST:CLE:ALL;:COMP:BIN:CLE;:AMPL:ALC OFF;:APER MED,4;:BIAS:POL:AUTO OFF;:BIAS:RANG:AUTO ON;:BIAS:VOLT:LEV 0;:COMP:ABIN OFF;:COMP:BIN:COUN:STAT OFF;:COMP:MODE PTOL;:COMP:SLIM -9.9e+037,9.9e+037;:COMP:STAT OFF;:COMP:SWAP OFF;:COMP:TOL:NOM 0;:CURR:LEV 5e-005;:DISP:ENAB ON;:DISP:LINE """";:DISP:WIND:TEXT1:DATA:FMSD:DATA 1e-009;:DISP:WIND:TEXT2:DATA:FMSD:DATA 1e-009;:FORM:ASC:LONG ON;:FORM:BORD NORM;:FORM:DATA ASC,64;:FREQ:CW 200000;:FUNC:DEV1:MODE OFF;:FUNC:DEV1:REF:VAL 0;:FUNC:DEV2:MODE OFF;:FUNC:DEV2:REF:VAL 0;:FUNC:IMP:TYPE LSRS;:FUNC:SMON:IDC:STAT OFF;:FUNC:SMON:VDC:STAT OFF;:INIT:CONT OFF;:LIST:MODE SEQ;:LIST:STIM:TYPE FREQ,NONE;:SOUR:DCS:VOLT:LEV 0;:TRIG:DEL 0;:TRIG:SOUR INT;:TRIG:TDEL 0;:DISP:WIND:TEXT1:DATA:FMSD:STAT OFF;:DISP:WIND:TEXT2:DATA:FMSD:STAT OFF;:FUNC:DCR:RANG:VAL 100;:FUNC:IMP:RANG:VAL 1000;:OUTP:DC:ISOL:LEV:VAL 0.002;:OUTP:DC:ISOL:STAT OFF;:FUNC:DCR:RANG:AUTO ON;:FUNC:IMP:RANG:AUTO ON;:OUTP:DC:ISOL:LEV:AUTO ON;:DISP:PAGE MEASurement;
"
2024-05-17,15:00:11
---------run finished---------
Frequency,Resistance,uR,Inductance,uL
20,275.75728735625,1.1784620431692654,1.0859226142500003,0.008363608858379843
25,283.57301105625,2.2761895793812186,1.0462944525625,0.00929841241900542
30,292.2504990625,1.7055835239209125,1.0208093345625,0.007064460090388558
40,309.65532949374995,2.935210848033934,0.98337079374375,0.01062664863753694
53,330.53481008125,3.3843925476023746,0.97281143885625,0.008668927590529516
60,353.4859681125,3.0893448438280826,1.0500455336874999,0.007649608699951413
65,359.89924771874996,2.982128261155066,0.9000566272,0.008669933040468569
80,525.07773543125,4.152624631775101,0.602835106825,0.010256418579576355
90,399.29453606875,12.734678227473548,0.6504054336625,0.021515309358806353
95,434.146786125,11.221323959780715,0.646893606875,0.017318367154884093
103,411.00394429375,2.4618557251459903,0.69684253069375,0.003465192543572003
105,413.82104289375,2.213778941445895,0.7072873056687501,0.004303913169534012
107,416.48500823125,2.634911249343452,0.7186357569749999,0.0038535855268152287
110,424.0850749625,4.286011905347946,0.733088838175,0.006232136603645156
112,433.98576178125,5.216593200544834,0.7417867213312499,0.00612822244339343
115,441.57549055,5.80805257902947,0.7664166394875,0.0063057210622093265
120,562.5544710375,3.139183122561902,0.8432074132062499,0.004119424207035478
122,619.1003408562499,1.764814631404198,0.638455773525,0.0031963230052427303
125,503.41237021250004,1.5033134065984373,0.63568603840625,0.0018150874591645759
127,510.78832086875,1.1279283188159466,0.67337025881875,0.0013593004190879997
130,548.9102246687501,1.6445125378101872,0.6470383158125,0.0018531489903133842
132,518.47162100625,1.1567648805989628,0.6254975823125,0.001145436123647334
135,515.3704856875,1.7115524574551662,0.68484273555625,0.002359240944947627
137,605.7506194375001,2.2695673406481442,0.7242116377,0.0026745504726143165
140,581.43107204375,2.780509133118073,0.4868199160625,0.0023293878471963305
142,513.96121773125,1.5358887152767364,0.5208333049187499,0.002281657826074622
145,491.63318813125,2.5906831626670836,0.55557774078125,0.0022177836952649585
150,485.73046187500006,2.491089335422408,0.59004014865,0.00429614158818042
153,495.71812435625,2.057843575458492,0.602655803,0.003345170524000311
155,505.34269246875,1.9948382620241927,0.6067688602374999,0.0016239089817662797
160,503.91913994375,2.1871017699114637,0.58349279256875,0.002885464958425865
165,499.04612993125,1.8379025958083637,0.59209996646875,0.001392682227273403
170,504.4276841375,1.1589899911659804,0.5979707154312499,0.0008850479591196899
172,506.06935257500004,1.0392785474690986,0.59945768086875,0.0008726952891811471
175,510.04058359375006,0.8547787394619938,0.6006459716375,0.000980686515438151
180,515.4437541,1.2375800683090565,0.60351615268125,0.001603653752869004
185,526.34413598125,1.6507416205829915,0.60604162065,0.0009509471516438132
200,554.8237623625,1.1193074283700186,0.599610966225,0.0007875076608081406
220,574.66750531875,0.9166482708784155,0.57742405985625,0.0007828383677272654
240,637.40626886875,0.7904158378842912,0.5636248732312499,0.0007243921260721358
400,791.89553094375,0.8835228013262888,0.50583639046875,0.000324641398428202
800,1204.6215931875,1.1854778294749257,0.4107130374625,0.00035807355187312395
1000,1376.4595755,0.40072887148263486,0.38424243406875,5.272804351992578e-05
2000,2203.564981,0.21536322380819156,0.31985573588750005,1.3838265730355e-05
3000,3006.1800833750003,0.36873199463354334,0.28615949836875,2.5315369572325038e-05
4000,3805.9773023125,0.2238857673733184,0.27077284519375,1.3440413763436746e-05
5000,4715.412388749999,0.370869910793763,0.260705533125,1.1433500729326916e-05
6000,5767.260980312501,0.3419333278334894,0.254697768175,9.155266506695913e-06
7000,7016.2277366875,0.39602169629980577,0.25209327900625,1.0896926226204033e-05
8000,8557.0287328125,0.87947302716446,0.25159286756875,1.1100513511821055e-05
10000,12977.122939375,1.8634843906669603,0.2534724050625,3.993121488891182e-05
12000,20449.3688175,2.054135690258551,0.24893531935625002,2.360104448459826e-05
14000,32790.093585,1.8745740756768043,0.20535703442499997,3.391129812851096e-05
16000,46986.57624875,3.4510686894984506,0.059475813325625,4.0528849201472666e-05
16500,48978.77828,5.124380585327326,0.0059512229004375,3.052557201393621e-05
17000,49672.95311125,5.340354449277824,-0.049135157193125,3.218861348185348e-05
17500,48931.829709375,5.720146271765095,-0.10118029026875,4.92703779455314e-05
18000,46868.49547562499,4.946680437409651,-0.146136372575,2.867755742621995e-05
18500,43787.108310625,5.063185296974159,-0.18129018450625,2.7606627362584818e-05
19000,40074.735998749995,4.486145139632952,-0.20594138535625,4.235195232653764e-05
19500,36112.71021625,5.033109183541585,-0.22085123476875,4.272413840636507e-05
20000,32195.207629375,10.827807241477695,-0.227630100125,7.281116411330146e-05
20500,28516.179656875,3.93255329457873,-0.22827567302500001,1.8195489907098495e-05
21000,25171.265834375,2.2510787757218185,-0.22458242633124997,1.927394531439778e-05
22000,19587.45862625,1.8797085427367712,-0.20971552404375,1.4027385216305656e-05
24000,12189.75284125,1.5078843320532627,-0.1719409597625,1.2256679356110512e-05
25000,9814.9294369375,4.009570749130634,-0.15441288999999997,2.5731795302205814e-05
30000,4015.555025625,6.444807216464348,-0.0936904563075,3.3603710555400634e-05
40000,1210.005903625,0.8262205705855852,-0.0445239149025,2.0596251934827588e-06
50000,538.48091055,0.5188593946309229,-0.0260283162,1.968159097115766e-06
60000,312.34826242500003,0.1378959008486656,-0.017018561556875,4.648397781992679e-07
70000,303.72989219375,0.1568502862713151,-0.01192232955375,2.7341651537227355e-07
80000,234.7634527125,0.06644585476165156,-0.0089518716845625,2.0130950710906762e-07
90000,195.45238408749998,0.047130996675472776,-0.006815259466125,9.686295633784871e-08
100000,202.8486280375,0.06639293470844555,-0.0052810134635,9.935582751367561e-08
200000,587.6985436437499,0.0657809876563979,-0.0021154399816250002,5.434691579821749e-08
