lcr name:,KeySight E4980A
Name and description of Resistor under test: ,Kibble coil
2024-05-01,09:35:10
select the freq range,"[20, 30]"
20.0,3.594614392e-05,0.004769228266,1.01962e-05,2.16801e-07
20.0,-0.0001779758126,-0.005369681641,1.01892e-05,1.22776e-07
20.0,2.513424769e-06,-0.009440585783,1.01904e-05,4.2049e-07
20.0,4.416932145e-05,0.008720868146,1.01843e-05,2.22436e-07
20.0,-0.000236371191,0.007542362474,1.0185e-05,9.20546e-08
20.0,0.0003020374887,-0.02446938747,1.01872e-05,1.53654e-07
20.0,6.394344086e-05,-0.03518742218,1.01848e-05,2.29836e-07
20.0,-0.0001273001575,-0.01733963789,1.01801e-05,1.81246e-07
20.0,-0.0001717710149,0.007400418005,1.01903e-05,2.63134e-07
20.0,4.614938233e-05,0.005804675162,1.01882e-05,2.05691e-07
20.0,-8.528890761e-05,0.008430330089,1.01835e-05,1.19765e-07
20.0,3.098072131e-05,-0.01733026395,1.01915e-05,3.42929e-07
20.0,-0.0001118178396,-0.03659788236,1.01807e-05,9.28346e-08
20.0,0.0001189511244,0.04778407037,1.01962e-05,1.01999e-07
20.0,-0.0001557858629,0.00705350252,1.01881e-05,1.87832e-07
20.0,9.165017624e-05,0.008711204832,1.01947e-05,1.91961e-07
Freq,20,Rs,-0.0024698875881249997,0.02085159609876576,Ls,-2.06230976331875e-05,0.00014016715834532065
":SOUR:DCS:STAT OFF;:BIAS:STAT OFF;:COMP:BIN:COUN:CLE;:LIST:CLE:ALL;:COMP:BIN:CLE;:AMPL:ALC OFF;:APER MED,4;:BIAS:POL:AUTO OFF;:BIAS:RANG:AUTO ON;:BIAS:VOLT:LEV 0;:COMP:ABIN OFF;:COMP:BIN:COUN:STAT OFF;:COMP:MODE PTOL;:COMP:SLIM -9.9e+037,9.9e+037;:COMP:STAT OFF;:COMP:SWAP OFF;:COMP:TOL:NOM 0;:CURR:LEV 1e-005;:DISP:ENAB ON;:DISP:LINE """";:DISP:WIND:TEXT1:DATA:FMSD:DATA 1e-009;:DISP:WIND:TEXT2:DATA:FMSD:DATA 1e-009;:FORM:ASC:LONG ON;:FORM:BORD NORM;:FORM:DATA ASC,64;:FREQ:CW 20;:FUNC:DEV1:MODE OFF;:FUNC:DEV1:REF:VAL 0;:FUNC:DEV2:MODE OFF;:FUNC:DEV2:REF:VAL 0;:FUNC:IMP:TYPE LSRS;:FUNC:SMON:IDC:STAT OFF;:FUNC:SMON:VDC:STAT OFF;:INIT:CONT OFF;:LIST:MODE SEQ;:LIST:STIM:TYPE FREQ,NONE;:SOUR:DCS:VOLT:LEV 0;:TRIG:DEL 0;:TRIG:SOUR INT;:TRIG:TDEL 0;:DISP:WIND:TEXT1:DATA:FMSD:STAT OFF;:DISP:WIND:TEXT2:DATA:FMSD:STAT OFF;:FUNC:DCR:RANG:VAL 100;:FUNC:IMP:RANG:VAL 1;:OUTP:DC:ISOL:LEV:VAL 0.02;:OUTP:DC:ISOL:STAT OFF;:FUNC:DCR:RANG:AUTO ON;:FUNC:IMP:RANG:AUTO ON;:OUTP:DC:ISOL:LEV:AUTO ON;:DISP:PAGE MEASurement;
"
30.0,-2.827029944e-05,-0.02837204467,9.78741e-06,3.14043e-07
30.0,-2.046403806e-05,-0.008844957489,9.7851e-06,3.06532e-07
30.0,2.183567073e-05,0.02044110964,9.78774e-06,9.80276e-08
30.0,-4.907322697e-05,-0.008820842929,9.78452e-06,1.24802e-07
30.0,-4.916517421e-05,-0.007102486734,9.78021e-06,1.3781e-07
30.0,-4.404469995e-05,0.002018173169,9.78569e-06,7.89109e-08
30.0,-4.068629209e-05,0.009428416172,9.78207e-06,1.63746e-07
30.0,3.239401197e-05,0.003093412613,9.78756e-06,1.15593e-07
30.0,0.0001439024007,-0.01370771664,9.78646e-06,1.90763e-07
30.0,9.005158165e-06,0.003233620083,9.78709e-06,1.1386e-07
30.0,6.016203891e-05,0.001600688167,9.7936e-06,1.40131e-07
30.0,2.745635753e-05,-0.007036516133,9.78274e-06,1.65196e-07
30.0,-3.409492473e-05,-0.005217947615,9.78333e-06,1.48136e-07
30.0,5.971867215e-05,-0.0002186754475,9.78666e-06,1.57753e-07
30.0,-1.026307618e-05,-0.01082265369,9.78692e-06,6.35051e-08
30.0,8.258108323e-05,0.001315857914,9.78019e-06,1.32679e-07
Freq,30,Rs,-0.00306328522434375,0.010888110348642267,Ls,1.0062103859687499e-05,5.5594359555546384e-05
":SOUR:DCS:STAT OFF;:BIAS:STAT OFF;:COMP:BIN:COUN:CLE;:LIST:CLE:ALL;:COMP:BIN:CLE;:AMPL:ALC OFF;:APER MED,4;:BIAS:POL:AUTO OFF;:BIAS:RANG:AUTO ON;:BIAS:VOLT:LEV 0;:COMP:ABIN OFF;:COMP:BIN:COUN:STAT OFF;:COMP:MODE PTOL;:COMP:SLIM -9.9e+037,9.9e+037;:COMP:STAT OFF;:COMP:SWAP OFF;:COMP:TOL:NOM 0;:CURR:LEV 1e-005;:DISP:ENAB ON;:DISP:LINE """";:DISP:WIND:TEXT1:DATA:FMSD:DATA 1e-009;:DISP:WIND:TEXT2:DATA:FMSD:DATA 1e-009;:FORM:ASC:LONG ON;:FORM:BORD NORM;:FORM:DATA ASC,64;:FREQ:CW 30;:FUNC:DEV1:MODE OFF;:FUNC:DEV1:REF:VAL 0;:FUNC:DEV2:MODE OFF;:FUNC:DEV2:REF:VAL 0;:FUNC:IMP:TYPE LSRS;:FUNC:SMON:IDC:STAT OFF;:FUNC:SMON:VDC:STAT OFF;:INIT:CONT OFF;:LIST:MODE SEQ;:LIST:STIM:TYPE FREQ,NONE;:SOUR:DCS:VOLT:LEV 0;:TRIG:DEL 0;:TRIG:SOUR INT;:TRIG:TDEL 0;:DISP:WIND:TEXT1:DATA:FMSD:STAT OFF;:DISP:WIND:TEXT2:DATA:FMSD:STAT OFF;:FUNC:DCR:RANG:VAL 100;:FUNC:IMP:RANG:VAL 1;:OUTP:DC:ISOL:LEV:VAL 0.02;:OUTP:DC:ISOL:STAT OFF;:FUNC:DCR:RANG:AUTO ON;:FUNC:IMP:RANG:AUTO ON;:OUTP:DC:ISOL:LEV:AUTO ON;:DISP:PAGE MEASurement;
"
":SOUR:DCS:STAT OFF;:BIAS:STAT OFF;:COMP:BIN:COUN:CLE;:LIST:CLE:ALL;:COMP:BIN:CLE;:AMPL:ALC OFF;:APER MED,4;:BIAS:POL:AUTO OFF;:BIAS:RANG:AUTO ON;:BIAS:VOLT:LEV 0;:COMP:ABIN OFF;:COMP:BIN:COUN:STAT OFF;:COMP:MODE PTOL;:COMP:SLIM -9.9e+037,9.9e+037;:COMP:STAT OFF;:COMP:SWAP OFF;:COMP:TOL:NOM 0;:CURR:LEV 1e-005;:DISP:ENAB ON;:DISP:LINE """";:DISP:WIND:TEXT1:DATA:FMSD:DATA 1e-009;:DISP:WIND:TEXT2:DATA:FMSD:DATA 1e-009;:FORM:ASC:LONG ON;:FORM:BORD NORM;:FORM:DATA ASC,64;:FREQ:CW 30;:FUNC:DEV1:MODE OFF;:FUNC:DEV1:REF:VAL 0;:FUNC:DEV2:MODE OFF;:FUNC:DEV2:REF:VAL 0;:FUNC:IMP:TYPE LSRS;:FUNC:SMON:IDC:STAT OFF;:FUNC:SMON:VDC:STAT OFF;:INIT:CONT OFF;:LIST:MODE SEQ;:LIST:STIM:TYPE FREQ,NONE;:SOUR:DCS:VOLT:LEV 0;:TRIG:DEL 0;:TRIG:SOUR INT;:TRIG:TDEL 0;:DISP:WIND:TEXT1:DATA:FMSD:STAT OFF;:DISP:WIND:TEXT2:DATA:FMSD:STAT OFF;:FUNC:DCR:RANG:VAL 100;:FUNC:IMP:RANG:VAL 1;:OUTP:DC:ISOL:LEV:VAL 0.02;:OUTP:DC:ISOL:STAT OFF;:FUNC:DCR:RANG:AUTO ON;:FUNC:IMP:RANG:AUTO ON;:OUTP:DC:ISOL:LEV:AUTO ON;:DISP:PAGE MEASurement;
"
2024-05-01,09:36:56
---------run finished---------
Frequency,Resistance,uR,Inductance,uL
20,-0.0024698875881249997,0.02085159609876576,-2.06230976331875e-05,0.00014016715834532065
30,-0.00306328522434375,0.010888110348642267,1.0062103859687499e-05,5.5594359555546384e-05
lcr name:,KeySight E4980A
Name and description of Resistor under test: ,Kibble coil in magnet
2024-05-01,09:47:47
select the freq range,"[20, 25, 30, 40, 53, 60, 80, 103, 120, 130, 140, 150, 160, 200, 240, 400, 800, 1000]"
20.0,1.073035392,275.7263201,1.2544e-05,0.00385223
20.0,1.073323203,275.6876122,1.25958e-05,0.00385247
20.0,1.07945077,275.6342001,1.25494e-05,0.0038543
20.0,1.071641434,275.7383781,1.25762e-05,0.00385253
20.0,1.077368184,275.7245403,1.25843e-05,0.00384714
20.0,1.072895956,275.5474987,1.25545e-05,0.00385163
20.0,1.072421072,275.5595535,1.25427e-05,0.00385165
20.0,1.073838749,275.926997,1.25409e-05,0.00385749
20.0,1.07726903,274.9320431,1.25513e-05,0.00385698
20.0,1.073547416,274.9901725,1.25536e-05,0.00385258
20.0,1.071814284,274.9909399,1.25381e-05,0.00384824
20.0,1.068226143,274.8365024,1.25537e-05,0.00385042
20.0,1.076181815,275.4987241,1.25564e-05,0.00386047
20.0,1.073162696,274.8168715,1.25791e-05,0.0038583
20.0,1.071289602,275.4553267,1.25452e-05,0.00385528
20.0,1.073122461,275.482478,1.25502e-05,0.00385022
Freq,20,Rs,275.40925988749996,0.36686958835230643,Ls,1.0736617629374998,0.0027385917099311675
":SOUR:DCS:STAT OFF;:BIAS:STAT OFF;:COMP:BIN:COUN:CLE;:LIST:CLE:ALL;:COMP:BIN:CLE;:AMPL:ALC OFF;:APER MED,4;:BIAS:POL:AUTO OFF;:BIAS:RANG:AUTO ON;:BIAS:VOLT:LEV 0;:COMP:ABIN OFF;:COMP:BIN:COUN:STAT OFF;:COMP:MODE PTOL;:COMP:SLIM -9.9e+037,9.9e+037;:COMP:STAT OFF;:COMP:SWAP OFF;:COMP:TOL:NOM 0;:CURR:LEV 5e-005;:DISP:ENAB ON;:DISP:LINE """";:DISP:WIND:TEXT1:DATA:FMSD:DATA 1e-009;:DISP:WIND:TEXT2:DATA:FMSD:DATA 1e-009;:FORM:ASC:LONG ON;:FORM:BORD NORM;:FORM:DATA ASC,64;:FREQ:CW 20;:FUNC:DEV1:MODE OFF;:FUNC:DEV1:REF:VAL 0;:FUNC:DEV2:MODE OFF;:FUNC:DEV2:REF:VAL 0;:FUNC:IMP:TYPE LSRS;:FUNC:SMON:IDC:STAT OFF;:FUNC:SMON:VDC:STAT OFF;:INIT:CONT OFF;:LIST:MODE SEQ;:LIST:STIM:TYPE FREQ,NONE;:SOUR:DCS:VOLT:LEV 0;:TRIG:DEL 0;:TRIG:SOUR INT;:TRIG:TDEL 0;:DISP:WIND:TEXT1:DATA:FMSD:STAT OFF;:DISP:WIND:TEXT2:DATA:FMSD:STAT OFF;:FUNC:DCR:RANG:VAL 100;:FUNC:IMP:RANG:VAL 300;:OUTP:DC:ISOL:LEV:VAL 0.002;:OUTP:DC:ISOL:STAT OFF;:FUNC:DCR:RANG:AUTO ON;:FUNC:IMP:RANG:AUTO ON;:OUTP:DC:ISOL:LEV:AUTO ON;:DISP:PAGE MEASurement;
"
25.0,1.037813526,286.3816724,1.18692e-05,0.00390032
25.0,1.036193436,284.8467374,1.1853e-05,0.00390375
25.0,1.03779809,284.9426659,1.18637e-05,0.00390184
25.0,1.029942511,286.0559715,1.18915e-05,0.00390038
25.0,1.035694539,284.059166,1.19034e-05,0.00389654
25.0,1.040939895,284.0016496,1.18762e-05,0.00389626
25.0,1.022554962,284.432196,1.18903e-05,0.00389956
25.0,1.039102393,283.8856478,1.19345e-05,0.00389794
25.0,1.031489417,284.3256148,1.18658e-05,0.00390335
25.0,1.030525675,283.9511633,1.1896e-05,0.00390145
25.0,1.044079482,284.5938948,1.18832e-05,0.00390422
25.0,1.032562815,285.150984,1.18883e-05,0.00390124
25.0,1.035324431,284.2830349,1.18857e-05,0.00389893
25.0,1.039379316,284.5390114,1.18714e-05,0.00390336
25.0,1.033612009,284.4838433,1.18998e-05,0.00390328
25.0,1.040055931,284.5929004,1.19143e-05,0.00390221
Freq,25,Rs,284.65788459375005,0.7083081659469469,Ls,1.03544177675,0.005257322844797854
":SOUR:DCS:STAT OFF;:BIAS:STAT OFF;:COMP:BIN:COUN:CLE;:LIST:CLE:ALL;:COMP:BIN:CLE;:AMPL:ALC OFF;:APER MED,4;:BIAS:POL:AUTO OFF;:BIAS:RANG:AUTO ON;:BIAS:VOLT:LEV 0;:COMP:ABIN OFF;:COMP:BIN:COUN:STAT OFF;:COMP:MODE PTOL;:COMP:SLIM -9.9e+037,9.9e+037;:COMP:STAT OFF;:COMP:SWAP OFF;:COMP:TOL:NOM 0;:CURR:LEV 5e-005;:DISP:ENAB ON;:DISP:LINE """";:DISP:WIND:TEXT1:DATA:FMSD:DATA 1e-009;:DISP:WIND:TEXT2:DATA:FMSD:DATA 1e-009;:FORM:ASC:LONG ON;:FORM:BORD NORM;:FORM:DATA ASC,64;:FREQ:CW 25;:FUNC:DEV1:MODE OFF;:FUNC:DEV1:REF:VAL 0;:FUNC:DEV2:MODE OFF;:FUNC:DEV2:REF:VAL 0;:FUNC:IMP:TYPE LSRS;:FUNC:SMON:IDC:STAT OFF;:FUNC:SMON:VDC:STAT OFF;:INIT:CONT OFF;:LIST:MODE SEQ;:LIST:STIM:TYPE FREQ,NONE;:SOUR:DCS:VOLT:LEV 0;:TRIG:DEL 0;:TRIG:SOUR INT;:TRIG:TDEL 0;:DISP:WIND:TEXT1:DATA:FMSD:STAT OFF;:DISP:WIND:TEXT2:DATA:FMSD:STAT OFF;:FUNC:DCR:RANG:VAL 100;:FUNC:IMP:RANG:VAL 300;:OUTP:DC:ISOL:LEV:VAL 0.002;:OUTP:DC:ISOL:STAT OFF;:FUNC:DCR:RANG:AUTO ON;:FUNC:IMP:RANG:AUTO ON;:OUTP:DC:ISOL:LEV:AUTO ON;:DISP:PAGE MEASurement;
"
30.0,1.001952638,291.0169057,1.15981e-05,0.00402929
30.0,1.003507159,292.0440021,1.15994e-05,0.00402697
30.0,1.004195822,292.6178083,1.15782e-05,0.00402962
30.0,1.003257281,292.2416064,1.15809e-05,0.00402829
30.0,1.001144326,291.8478991,1.1536e-05,0.00403088
30.0,1.003125841,292.8377404,1.1574e-05,0.0040324
30.0,0.9955711721,292.3623325,1.15836e-05,0.00403523
30.0,1.00353852,290.2321128,1.15784e-05,0.00403274
30.0,0.9974855094,292.087432,1.16087e-05,0.00403073
30.0,1.000457005,293.3703905,1.15525e-05,0.00403062
30.0,1.005635632,292.5669499,1.16053e-05,0.00402678
30.0,1.002177075,291.3931102,1.15906e-05,0.00402926
30.0,1.004019585,293.3873218,1.15565e-05,0.00402859
30.0,1.001330846,292.2982361,1.15903e-05,0.00402872
30.0,0.9970680094,292.8840901,1.15579e-05,0.00402697
30.0,1.000224241,292.1788635,1.15824e-05,0.00403522
Freq,30,Rs,292.21042508749997,0.8199285095115147,Ls,1.0015431663687502,0.002817191912970086
":SOUR:DCS:STAT OFF;:BIAS:STAT OFF;:COMP:BIN:COUN:CLE;:LIST:CLE:ALL;:COMP:BIN:CLE;:AMPL:ALC OFF;:APER MED,4;:BIAS:POL:AUTO OFF;:BIAS:RANG:AUTO ON;:BIAS:VOLT:LEV 0;:COMP:ABIN OFF;:COMP:BIN:COUN:STAT OFF;:COMP:MODE PTOL;:COMP:SLIM -9.9e+037,9.9e+037;:COMP:STAT OFF;:COMP:SWAP OFF;:COMP:TOL:NOM 0;:CURR:LEV 5e-005;:DISP:ENAB ON;:DISP:LINE """";:DISP:WIND:TEXT1:DATA:FMSD:DATA 1e-009;:DISP:WIND:TEXT2:DATA:FMSD:DATA 1e-009;:FORM:ASC:LONG ON;:FORM:BORD NORM;:FORM:DATA ASC,64;:FREQ:CW 30;:FUNC:DEV1:MODE OFF;:FUNC:DEV1:REF:VAL 0;:FUNC:DEV2:MODE OFF;:FUNC:DEV2:REF:VAL 0;:FUNC:IMP:TYPE LSRS;:FUNC:SMON:IDC:STAT OFF;:FUNC:SMON:VDC:STAT OFF;:INIT:CONT OFF;:LIST:MODE SEQ;:LIST:STIM:TYPE FREQ,NONE;:SOUR:DCS:VOLT:LEV 0;:TRIG:DEL 0;:TRIG:SOUR INT;:TRIG:TDEL 0;:DISP:WIND:TEXT1:DATA:FMSD:STAT OFF;:DISP:WIND:TEXT2:DATA:FMSD:STAT OFF;:FUNC:DCR:RANG:VAL 100;:FUNC:IMP:RANG:VAL 300;:OUTP:DC:ISOL:LEV:VAL 0.002;:OUTP:DC:ISOL:STAT OFF;:FUNC:DCR:RANG:AUTO ON;:FUNC:IMP:RANG:AUTO ON;:OUTP:DC:ISOL:LEV:AUTO ON;:DISP:PAGE MEASurement;
"
40.0,0.9550671027,307.1397564,1.05653e-05,0.00414259
40.0,0.9523054473,306.8928256,1.05898e-05,0.00414834
40.0,0.9517961923,307.8125704,1.06215e-05,0.00415128
40.0,0.950616001,309.2195041,1.06207e-05,0.00415207
40.0,0.9464782852,308.5629402,1.06542e-05,0.00415474
40.0,0.9519774986,309.9037338,1.06475e-05,0.00414868
40.0,0.956240361,310.4715189,1.0581e-05,0.00414739
40.0,0.9577397565,308.0570844,1.05774e-05,0.00414901
40.0,0.9460627431,309.0338479,1.06974e-05,0.00415564
40.0,0.9576413761,310.4435223,1.06539e-05,0.00414477
40.0,0.9627880816,308.8276589,1.05838e-05,0.00414607
40.0,0.9544526034,307.2778611,1.05696e-05,0.00414759
40.0,0.9505835784,307.2786389,1.05925e-05,0.0041491
40.0,0.9494290633,309.5175019,1.06395e-05,0.00415189
40.0,0.948631119,310.5539849,1.06509e-05,0.00415085
40.0,0.9464943098,309.7079735,1.06488e-05,0.00415211
Freq,40,Rs,308.7938077,1.2640723814344592,Ls,0.9523939699562499,0.00469142038638907
":SOUR:DCS:STAT OFF;:BIAS:STAT OFF;:COMP:BIN:COUN:CLE;:LIST:CLE:ALL;:COMP:BIN:CLE;:AMPL:ALC OFF;:APER MED,4;:BIAS:POL:AUTO OFF;:BIAS:RANG:AUTO ON;:BIAS:VOLT:LEV 0;:COMP:ABIN OFF;:COMP:BIN:COUN:STAT OFF;:COMP:MODE PTOL;:COMP:SLIM -9.9e+037,9.9e+037;:COMP:STAT OFF;:COMP:SWAP OFF;:COMP:TOL:NOM 0;:CURR:LEV 5e-005;:DISP:ENAB ON;:DISP:LINE """";:DISP:WIND:TEXT1:DATA:FMSD:DATA 1e-009;:DISP:WIND:TEXT2:DATA:FMSD:DATA 1e-009;:FORM:ASC:LONG ON;:FORM:BORD NORM;:FORM:DATA ASC,64;:FREQ:CW 40;:FUNC:DEV1:MODE OFF;:FUNC:DEV1:REF:VAL 0;:FUNC:DEV2:MODE OFF;:FUNC:DEV2:REF:VAL 0;:FUNC:IMP:TYPE LSRS;:FUNC:SMON:IDC:STAT OFF;:FUNC:SMON:VDC:STAT OFF;:INIT:CONT OFF;:LIST:MODE SEQ;:LIST:STIM:TYPE FREQ,NONE;:SOUR:DCS:VOLT:LEV 0;:TRIG:DEL 0;:TRIG:SOUR INT;:TRIG:TDEL 0;:DISP:WIND:TEXT1:DATA:FMSD:STAT OFF;:DISP:WIND:TEXT2:DATA:FMSD:STAT OFF;:FUNC:DCR:RANG:VAL 100;:FUNC:IMP:RANG:VAL 300;:OUTP:DC:ISOL:LEV:VAL 0.002;:OUTP:DC:ISOL:STAT OFF;:FUNC:DCR:RANG:AUTO ON;:FUNC:IMP:RANG:AUTO ON;:OUTP:DC:ISOL:LEV:AUTO ON;:DISP:PAGE MEASurement;
"
53.0,0.9082015109,330.0179558,9.49983e-06,0.00425254
53.0,0.909183094,331.6668388,9.50981e-06,0.00425187
53.0,0.9050624378,330.1180415,9.4835e-06,0.00425419
53.0,0.9077289186,330.6376974,9.50916e-06,0.00424983
53.0,0.9076831505,330.370012,9.5028e-06,0.00425217
53.0,0.9086414833,331.5601433,9.5174e-06,0.00425193
53.0,0.910264086,330.2961629,9.4939e-06,0.00425245
53.0,0.9101286549,330.2802852,9.49458e-06,0.00424908
53.0,0.9068183753,330.7351678,9.47994e-06,0.00425121
53.0,0.9084631933,328.9584292,9.51401e-06,0.00425242
53.0,0.9077945553,330.3766248,9.50376e-06,0.00425214
53.0,0.9091388366,330.4505281,9.49938e-06,0.00425193
53.0,0.9064322251,331.6980788,9.50249e-06,0.00425258
53.0,0.9013286733,329.8486787,9.48396e-06,0.00425032
53.0,0.903751615,328.7162284,9.50185e-06,0.00425112
53.0,0.909524585,329.2211479,9.50603e-06,0.00425336
Freq,53,Rs,330.3095012875,0.8769283651273605,Ls,0.90750908718125,0.002404771561644131
":SOUR:DCS:STAT OFF;:BIAS:STAT OFF;:COMP:BIN:COUN:CLE;:LIST:CLE:ALL;:COMP:BIN:CLE;:AMPL:ALC OFF;:APER MED,4;:BIAS:POL:AUTO OFF;:BIAS:RANG:AUTO ON;:BIAS:VOLT:LEV 0;:COMP:ABIN OFF;:COMP:BIN:COUN:STAT OFF;:COMP:MODE PTOL;:COMP:SLIM -9.9e+037,9.9e+037;:COMP:STAT OFF;:COMP:SWAP OFF;:COMP:TOL:NOM 0;:CURR:LEV 5e-005;:DISP:ENAB ON;:DISP:LINE """";:DISP:WIND:TEXT1:DATA:FMSD:DATA 1e-009;:DISP:WIND:TEXT2:DATA:FMSD:DATA 1e-009;:FORM:ASC:LONG ON;:FORM:BORD NORM;:FORM:DATA ASC,64;:FREQ:CW 53;:FUNC:DEV1:MODE OFF;:FUNC:DEV1:REF:VAL 0;:FUNC:DEV2:MODE OFF;:FUNC:DEV2:REF:VAL 0;:FUNC:IMP:TYPE LSRS;:FUNC:SMON:IDC:STAT OFF;:FUNC:SMON:VDC:STAT OFF;:INIT:CONT OFF;:LIST:MODE SEQ;:LIST:STIM:TYPE FREQ,NONE;:SOUR:DCS:VOLT:LEV 0;:TRIG:DEL 0;:TRIG:SOUR INT;:TRIG:TDEL 0;:DISP:WIND:TEXT1:DATA:FMSD:STAT OFF;:DISP:WIND:TEXT2:DATA:FMSD:STAT OFF;:FUNC:DCR:RANG:VAL 100;:FUNC:IMP:RANG:VAL 300;:OUTP:DC:ISOL:LEV:VAL 0.002;:OUTP:DC:ISOL:STAT OFF;:FUNC:DCR:RANG:AUTO ON;:FUNC:IMP:RANG:AUTO ON;:OUTP:DC:ISOL:LEV:AUTO ON;:DISP:PAGE MEASurement;
"
60.0,0.8875306021,342.841946,9.04995e-06,0.00432429
60.0,0.8874596884,342.1077465,9.07029e-06,0.00432473
60.0,0.8859776203,340.2940789,9.04247e-06,0.00432335
60.0,0.8870374327,342.3240122,9.01939e-06,0.00432488
60.0,0.8912477223,342.5135112,9.04816e-06,0.00432412
60.0,0.8888671802,341.6565854,9.06246e-06,0.00432178
60.0,0.8862794799,341.4832708,9.00731e-06,0.0043221
60.0,0.8896729531,342.4020776,9.04636e-06,0.00432592
60.0,0.8888584338,341.0215949,9.04375e-06,0.00432579
60.0,0.8873078431,340.2649554,9.04924e-06,0.00432255
60.0,0.883915857,341.8709517,9.02435e-06,0.00432269
60.0,0.8883271162,342.9485331,9.05609e-06,0.00432493
60.0,0.8885200996,341.6958801,9.0516e-06,0.0043239
60.0,0.8870106118,341.8797191,9.03681e-06,0.00432148
60.0,0.8876674291,340.1971384,9.05533e-06,0.00432289
60.0,0.887171001,341.67633,9.01777e-06,0.00432356
Freq,60,Rs,341.69864570625,0.8732681433366442,Ls,0.8876781919125001,0.0016528959765802168
":SOUR:DCS:STAT OFF;:BIAS:STAT OFF;:COMP:BIN:COUN:CLE;:LIST:CLE:ALL;:COMP:BIN:CLE;:AMPL:ALC OFF;:APER MED,4;:BIAS:POL:AUTO OFF;:BIAS:RANG:AUTO ON;:BIAS:VOLT:LEV 0;:COMP:ABIN OFF;:COMP:BIN:COUN:STAT OFF;:COMP:MODE PTOL;:COMP:SLIM -9.9e+037,9.9e+037;:COMP:STAT OFF;:COMP:SWAP OFF;:COMP:TOL:NOM 0;:CURR:LEV 5e-005;:DISP:ENAB ON;:DISP:LINE """";:DISP:WIND:TEXT1:DATA:FMSD:DATA 1e-009;:DISP:WIND:TEXT2:DATA:FMSD:DATA 1e-009;:FORM:ASC:LONG ON;:FORM:BORD NORM;:FORM:DATA ASC,64;:FREQ:CW 60;:FUNC:DEV1:MODE OFF;:FUNC:DEV1:REF:VAL 0;:FUNC:DEV2:MODE OFF;:FUNC:DEV2:REF:VAL 0;:FUNC:IMP:TYPE LSRS;:FUNC:SMON:IDC:STAT OFF;:FUNC:SMON:VDC:STAT OFF;:INIT:CONT OFF;:LIST:MODE SEQ;:LIST:STIM:TYPE FREQ,NONE;:SOUR:DCS:VOLT:LEV 0;:TRIG:DEL 0;:TRIG:SOUR INT;:TRIG:TDEL 0;:DISP:WIND:TEXT1:DATA:FMSD:STAT OFF;:DISP:WIND:TEXT2:DATA:FMSD:STAT OFF;:FUNC:DCR:RANG:VAL 100;:FUNC:IMP:RANG:VAL 300;:OUTP:DC:ISOL:LEV:VAL 0.002;:OUTP:DC:ISOL:STAT OFF;:FUNC:DCR:RANG:AUTO ON;:FUNC:IMP:RANG:AUTO ON;:OUTP:DC:ISOL:LEV:AUTO ON;:DISP:PAGE MEASurement;
"
80.0,0.8502781858,373.7099701,7.90334e-06,0.00447059
80.0,0.8470141673,375.1050852,7.87507e-06,0.00446966
80.0,0.8441029274,374.6479552,7.88113e-06,0.00446955
80.0,0.8468549765,371.8371521,7.89906e-06,0.00447212
80.0,0.8497433958,372.5404889,7.9016e-06,0.00447082
80.0,0.8505253207,372.3796193,7.90885e-06,0.004471
80.0,0.8485637873,374.4965687,7.88656e-06,0.004472
80.0,0.8472681868,373.3164448,7.88376e-06,0.00447019
80.0,0.8476776489,373.5171785,7.89203e-06,0.00447138
80.0,0.8480786423,372.6637572,7.88908e-06,0.00447012
80.0,0.848407534,375.2251082,7.89985e-06,0.00447147
80.0,0.8475165457,374.8028072,7.88776e-06,0.00446924
80.0,0.848700114,374.7793335,7.88524e-06,0.00447079
80.0,0.8462349186,374.2540194,7.87184e-06,0.00446745
80.0,0.8496485543,373.8866763,7.86695e-06,0.00446894
80.0,0.8463772125,374.5345231,7.8711e-06,0.00447083
Freq,80,Rs,373.85604298124997,1.0543762386000486,Ls,0.84793700736875,0.0016799521973417057
":SOUR:DCS:STAT OFF;:BIAS:STAT OFF;:COMP:BIN:COUN:CLE;:LIST:CLE:ALL;:COMP:BIN:CLE;:AMPL:ALC OFF;:APER MED,4;:BIAS:POL:AUTO OFF;:BIAS:RANG:AUTO ON;:BIAS:VOLT:LEV 0;:COMP:ABIN OFF;:COMP:BIN:COUN:STAT OFF;:COMP:MODE PTOL;:COMP:SLIM -9.9e+037,9.9e+037;:COMP:STAT OFF;:COMP:SWAP OFF;:COMP:TOL:NOM 0;:CURR:LEV 5e-005;:DISP:ENAB ON;:DISP:LINE """";:DISP:WIND:TEXT1:DATA:FMSD:DATA 1e-009;:DISP:WIND:TEXT2:DATA:FMSD:DATA 1e-009;:FORM:ASC:LONG ON;:FORM:BORD NORM;:FORM:DATA ASC,64;:FREQ:CW 80;:FUNC:DEV1:MODE OFF;:FUNC:DEV1:REF:VAL 0;:FUNC:DEV2:MODE OFF;:FUNC:DEV2:REF:VAL 0;:FUNC:IMP:TYPE LSRS;:FUNC:SMON:IDC:STAT OFF;:FUNC:SMON:VDC:STAT OFF;:INIT:CONT OFF;:LIST:MODE SEQ;:LIST:STIM:TYPE FREQ,NONE;:SOUR:DCS:VOLT:LEV 0;:TRIG:DEL 0;:TRIG:SOUR INT;:TRIG:TDEL 0;:DISP:WIND:TEXT1:DATA:FMSD:STAT OFF;:DISP:WIND:TEXT2:DATA:FMSD:STAT OFF;:FUNC:DCR:RANG:VAL 100;:FUNC:IMP:RANG:VAL 300;:OUTP:DC:ISOL:LEV:VAL 0.002;:OUTP:DC:ISOL:STAT OFF;:FUNC:DCR:RANG:AUTO ON;:FUNC:IMP:RANG:AUTO ON;:OUTP:DC:ISOL:LEV:AUTO ON;:DISP:PAGE MEASurement;
"
103.0,0.8240366084,411.0030624,6.83927e-06,0.00459462
103.0,0.8229866119,409.4888717,6.82936e-06,0.00459581
103.0,0.8231431545,410.054973,6.83857e-06,0.00459648
103.0,0.8237462111,409.8778399,6.83234e-06,0.00459488
103.0,0.8221910821,409.5608909,6.83481e-06,0.00459488
103.0,0.823742606,409.592772,6.83307e-06,0.00459432
103.0,0.8250442271,409.2509208,6.82625e-06,0.0045974
103.0,0.8242975838,410.5685104,6.83027e-06,0.00459547
103.0,0.8228272506,408.9894481,6.84388e-06,0.00459615
103.0,0.8219667481,409.0740614,6.83825e-06,0.00459554
103.0,0.8216200149,409.7838469,6.82967e-06,0.00459699
103.0,0.8250624951,410.172915,6.84024e-06,0.00459532
103.0,0.8268313646,410.7931289,6.82467e-06,0.00459565
103.0,0.8245472788,410.2740787,6.83286e-06,0.00459683
103.0,0.8248685541,409.5661245,6.83501e-06,0.00459618
103.0,0.8228333943,409.8471653,6.83097e-06,0.00459451
Freq,103,Rs,409.86866311874996,0.5844253450368112,Ls,0.8237340740875,0.001364966402446521
":SOUR:DCS:STAT OFF;:BIAS:STAT OFF;:COMP:BIN:COUN:CLE;:LIST:CLE:ALL;:COMP:BIN:CLE;:AMPL:ALC OFF;:APER MED,4;:BIAS:POL:AUTO OFF;:BIAS:RANG:AUTO ON;:BIAS:VOLT:LEV 0;:COMP:ABIN OFF;:COMP:BIN:COUN:STAT OFF;:COMP:MODE PTOL;:COMP:SLIM -9.9e+037,9.9e+037;:COMP:STAT OFF;:COMP:SWAP OFF;:COMP:TOL:NOM 0;:CURR:LEV 5e-005;:DISP:ENAB ON;:DISP:LINE """";:DISP:WIND:TEXT1:DATA:FMSD:DATA 1e-009;:DISP:WIND:TEXT2:DATA:FMSD:DATA 1e-009;:FORM:ASC:LONG ON;:FORM:BORD NORM;:FORM:DATA ASC,64;:FREQ:CW 103;:FUNC:DEV1:MODE OFF;:FUNC:DEV1:REF:VAL 0;:FUNC:DEV2:MODE OFF;:FUNC:DEV2:REF:VAL 0;:FUNC:IMP:TYPE LSRS;:FUNC:SMON:IDC:STAT OFF;:FUNC:SMON:VDC:STAT OFF;:INIT:CONT OFF;:LIST:MODE SEQ;:LIST:STIM:TYPE FREQ,NONE;:SOUR:DCS:VOLT:LEV 0;:TRIG:DEL 0;:TRIG:SOUR INT;:TRIG:TDEL 0;:DISP:WIND:TEXT1:DATA:FMSD:STAT OFF;:DISP:WIND:TEXT2:DATA:FMSD:STAT OFF;:FUNC:DCR:RANG:VAL 100;:FUNC:IMP:RANG:VAL 300;:OUTP:DC:ISOL:LEV:VAL 0.002;:OUTP:DC:ISOL:STAT OFF;:FUNC:DCR:RANG:AUTO ON;:FUNC:IMP:RANG:AUTO ON;:OUTP:DC:ISOL:LEV:AUTO ON;:DISP:PAGE MEASurement;
"
120.0,0.8268976899,441.7364309,6.09521e-06,0.00466584
120.0,0.8279676814,441.9128017,6.11074e-06,0.00466616
120.0,0.8279125122,442.5199829,6.0895e-06,0.00466608
120.0,0.8289057084,441.560155,6.08492e-06,0.00466617
120.0,0.8292451186,441.7618917,6.08894e-06,0.00466482
120.0,0.8292415044,442.1310688,6.09133e-06,0.00466772
120.0,0.8298382454,441.5976945,6.10331e-06,0.00466878
120.0,0.8297048328,441.67808,6.0949e-06,0.004665
120.0,0.8253865018,439.9122194,6.09203e-06,0.00466585
120.0,0.8294347217,442.3653468,6.08996e-06,0.00466717
120.0,0.8304216636,442.748177,6.09463e-06,0.00466496
120.0,0.8291878763,440.5676864,6.09547e-06,0.00466656
120.0,0.8313205313,440.6077765,6.09137e-06,0.00466552
120.0,0.8303632502,441.7496192,6.08691e-06,0.00466691
120.0,0.8299882028,441.4829772,6.10482e-06,0.00466688
120.0,0.8312461337,442.1546935,6.1128e-06,0.00466431
Freq,120,Rs,441.65541259375004,0.7472725439388874,Ls,0.8291913859062501,0.0015486867607823142
":SOUR:DCS:STAT OFF;:BIAS:STAT OFF;:COMP:BIN:COUN:CLE;:LIST:CLE:ALL;:COMP:BIN:CLE;:AMPL:ALC OFF;:APER MED,4;:BIAS:POL:AUTO OFF;:BIAS:RANG:AUTO ON;:BIAS:VOLT:LEV 0;:COMP:ABIN OFF;:COMP:BIN:COUN:STAT OFF;:COMP:MODE PTOL;:COMP:SLIM -9.9e+037,9.9e+037;:COMP:STAT OFF;:COMP:SWAP OFF;:COMP:TOL:NOM 0;:CURR:LEV 5e-005;:DISP:ENAB ON;:DISP:LINE """";:DISP:WIND:TEXT1:DATA:FMSD:DATA 1e-009;:DISP:WIND:TEXT2:DATA:FMSD:DATA 1e-009;:FORM:ASC:LONG ON;:FORM:BORD NORM;:FORM:DATA ASC,64;:FREQ:CW 120;:FUNC:DEV1:MODE OFF;:FUNC:DEV1:REF:VAL 0;:FUNC:DEV2:MODE OFF;:FUNC:DEV2:REF:VAL 0;:FUNC:IMP:TYPE LSRS;:FUNC:SMON:IDC:STAT OFF;:FUNC:SMON:VDC:STAT OFF;:INIT:CONT OFF;:LIST:MODE SEQ;:LIST:STIM:TYPE FREQ,NONE;:SOUR:DCS:VOLT:LEV 0;:TRIG:DEL 0;:TRIG:SOUR INT;:TRIG:TDEL 0;:DISP:WIND:TEXT1:DATA:FMSD:STAT OFF;:DISP:WIND:TEXT2:DATA:FMSD:STAT OFF;:FUNC:DCR:RANG:VAL 100;:FUNC:IMP:RANG:VAL 300;:OUTP:DC:ISOL:LEV:VAL 0.002;:OUTP:DC:ISOL:STAT OFF;:FUNC:DCR:RANG:AUTO ON;:FUNC:IMP:RANG:AUTO ON;:OUTP:DC:ISOL:LEV:AUTO ON;:DISP:PAGE MEASurement;
"
130.0,0.8110324022,460.5308564,5.82346e-06,0.00468659
130.0,0.8111244852,460.7106491,5.80802e-06,0.00468634
130.0,0.8108787726,460.1713656,5.81747e-06,0.00468687
130.0,0.81032393,460.8120576,5.81509e-06,0.00468858
130.0,0.8102000965,458.6171743,5.81483e-06,0.0046875
130.0,0.8102527405,458.8942145,5.82314e-06,0.00468622
130.0,0.8113062267,460.3333865,5.82006e-06,0.00468555
130.0,0.8084486723,460.1661491,5.82161e-06,0.00468508
130.0,0.8071008301,460.6757854,5.82575e-06,0.00468568
130.0,0.8100244341,461.804565,5.82667e-06,0.0046896
130.0,0.810163239,459.4007776,5.81813e-06,0.00468692
130.0,0.8094565632,462.5146315,5.81305e-06,0.0046894
130.0,0.8102700965,459.687938,5.81473e-06,0.00468673
130.0,0.8114315206,459.6290872,5.81899e-06,0.00468448
130.0,0.8090276259,460.8913789,5.81834e-06,0.00468639
130.0,0.8095783117,459.5109529,5.81728e-06,0.00468689
Freq,130,Rs,460.2719356,1.0076518457927406,Ls,0.81003874669375,0.0011364718477249588
":SOUR:DCS:STAT OFF;:BIAS:STAT OFF;:COMP:BIN:COUN:CLE;:LIST:CLE:ALL;:COMP:BIN:CLE;:AMPL:ALC OFF;:APER MED,4;:BIAS:POL:AUTO OFF;:BIAS:RANG:AUTO ON;:BIAS:VOLT:LEV 0;:COMP:ABIN OFF;:COMP:BIN:COUN:STAT OFF;:COMP:MODE PTOL;:COMP:SLIM -9.9e+037,9.9e+037;:COMP:STAT OFF;:COMP:SWAP OFF;:COMP:TOL:NOM 0;:CURR:LEV 5e-005;:DISP:ENAB ON;:DISP:LINE """";:DISP:WIND:TEXT1:DATA:FMSD:DATA 1e-009;:DISP:WIND:TEXT2:DATA:FMSD:DATA 1e-009;:FORM:ASC:LONG ON;:FORM:BORD NORM;:FORM:DATA ASC,64;:FREQ:CW 130;:FUNC:DEV1:MODE OFF;:FUNC:DEV1:REF:VAL 0;:FUNC:DEV2:MODE OFF;:FUNC:DEV2:REF:VAL 0;:FUNC:IMP:TYPE LSRS;:FUNC:SMON:IDC:STAT OFF;:FUNC:SMON:VDC:STAT OFF;:INIT:CONT OFF;:LIST:MODE SEQ;:LIST:STIM:TYPE FREQ,NONE;:SOUR:DCS:VOLT:LEV 0;:TRIG:DEL 0;:TRIG:SOUR INT;:TRIG:TDEL 0;:DISP:WIND:TEXT1:DATA:FMSD:STAT OFF;:DISP:WIND:TEXT2:DATA:FMSD:STAT OFF;:FUNC:DCR:RANG:VAL 100;:FUNC:IMP:RANG:VAL 300;:OUTP:DC:ISOL:LEV:VAL 0.002;:OUTP:DC:ISOL:STAT OFF;:FUNC:DCR:RANG:AUTO ON;:FUNC:IMP:RANG:AUTO ON;:OUTP:DC:ISOL:LEV:AUTO ON;:DISP:PAGE MEASurement;
"
140.0,0.8561261834,474.2409333,5.31073e-06,0.00474001
140.0,0.8500850661,471.6283753,5.32685e-06,0.00474057
140.0,0.8544647676,476.3573523,5.32334e-06,0.00474154
140.0,0.8537855827,477.871532,5.35519e-06,0.00473935
140.0,0.8556511753,474.872037,5.31401e-06,0.00473921
140.0,0.8547709846,477.9658013,5.32682e-06,0.00474134
140.0,0.8561228462,476.8040354,5.34584e-06,0.00473937
140.0,0.8525921845,481.1544591,5.30246e-06,0.00473852
140.0,0.8516387304,477.0253649,5.32199e-06,0.00474026
140.0,0.8509716763,474.7602955,5.30667e-06,0.00474098
140.0,0.8494134676,479.1461425,5.32596e-06,0.00473954
140.0,0.848293974,482.2621605,5.32505e-06,0.00473624
140.0,0.8468967219,479.9070553,5.28731e-06,0.00474025
140.0,0.8515070295,477.5139802,5.30987e-06,0.00473759
140.0,0.8511017051,478.5817056,5.3243e-06,0.0047386
140.0,0.8550791441,477.2117742,5.33429e-06,0.00472934
Freq,140,Rs,477.331437775,2.67352012359498,Ls,0.85240632745625,0.002873550271949398
":SOUR:DCS:STAT OFF;:BIAS:STAT OFF;:COMP:BIN:COUN:CLE;:LIST:CLE:ALL;:COMP:BIN:CLE;:AMPL:ALC OFF;:APER MED,4;:BIAS:POL:AUTO OFF;:BIAS:RANG:AUTO ON;:BIAS:VOLT:LEV 0;:COMP:ABIN OFF;:COMP:BIN:COUN:STAT OFF;:COMP:MODE PTOL;:COMP:SLIM -9.9e+037,9.9e+037;:COMP:STAT OFF;:COMP:SWAP OFF;:COMP:TOL:NOM 0;:CURR:LEV 5e-005;:DISP:ENAB ON;:DISP:LINE """";:DISP:WIND:TEXT1:DATA:FMSD:DATA 1e-009;:DISP:WIND:TEXT2:DATA:FMSD:DATA 1e-009;:FORM:ASC:LONG ON;:FORM:BORD NORM;:FORM:DATA ASC,64;:FREQ:CW 140;:FUNC:DEV1:MODE OFF;:FUNC:DEV1:REF:VAL 0;:FUNC:DEV2:MODE OFF;:FUNC:DEV2:REF:VAL 0;:FUNC:IMP:TYPE LSRS;:FUNC:SMON:IDC:STAT OFF;:FUNC:SMON:VDC:STAT OFF;:INIT:CONT OFF;:LIST:MODE SEQ;:LIST:STIM:TYPE FREQ,NONE;:SOUR:DCS:VOLT:LEV 0;:TRIG:DEL 0;:TRIG:SOUR INT;:TRIG:TDEL 0;:DISP:WIND:TEXT1:DATA:FMSD:STAT OFF;:DISP:WIND:TEXT2:DATA:FMSD:STAT OFF;:FUNC:DCR:RANG:VAL 100;:FUNC:IMP:RANG:VAL 300;:OUTP:DC:ISOL:LEV:VAL 0.002;:OUTP:DC:ISOL:STAT OFF;:FUNC:DCR:RANG:AUTO ON;:FUNC:IMP:RANG:AUTO ON;:OUTP:DC:ISOL:LEV:AUTO ON;:DISP:PAGE MEASurement;
"
150.0,0.9059048515,517.043586,4.77205e-06,0.00477642
150.0,0.9059468613,517.9774383,4.7887e-06,0.00477884
150.0,0.9069008476,514.2951969,4.7849e-06,0.00477651
150.0,0.9080723072,516.3772768,4.78707e-06,0.00477765
150.0,0.9077663594,514.8829706,4.81561e-06,0.00477712
150.0,0.9053668843,517.4947191,4.78614e-06,0.00477675
150.0,0.9055337207,514.4025432,4.79597e-06,0.00477772
150.0,0.9069405195,515.9002503,4.7967e-06,0.00477721
150.0,0.9063713448,518.2080035,4.7797e-06,0.00477829
150.0,0.9050041401,516.1927947,4.78654e-06,0.00477792
150.0,0.9094684098,515.075208,4.78254e-06,0.00477794
150.0,0.9087444765,518.2105171,4.78437e-06,0.00477793
150.0,0.9069912504,515.0967266,4.79515e-06,0.00477724
150.0,0.9065963586,513.8458296,4.79278e-06,0.00477902
150.0,0.9086470908,517.0328031,4.78896e-06,0.00477695
150.0,0.9033387654,517.2265103,4.78216e-06,0.00477652
Freq,150,Rs,516.2038983812499,1.4630568163023296,Ls,0.90672463674375,0.0015802588858059119
":SOUR:DCS:STAT OFF;:BIAS:STAT OFF;:COMP:BIN:COUN:CLE;:LIST:CLE:ALL;:COMP:BIN:CLE;:AMPL:ALC OFF;:APER MED,4;:BIAS:POL:AUTO OFF;:BIAS:RANG:AUTO ON;:BIAS:VOLT:LEV 0;:COMP:ABIN OFF;:COMP:BIN:COUN:STAT OFF;:COMP:MODE PTOL;:COMP:SLIM -9.9e+037,9.9e+037;:COMP:STAT OFF;:COMP:SWAP OFF;:COMP:TOL:NOM 0;:CURR:LEV 5e-005;:DISP:ENAB ON;:DISP:LINE """";:DISP:WIND:TEXT1:DATA:FMSD:DATA 1e-009;:DISP:WIND:TEXT2:DATA:FMSD:DATA 1e-009;:FORM:ASC:LONG ON;:FORM:BORD NORM;:FORM:DATA ASC,64;:FREQ:CW 150;:FUNC:DEV1:MODE OFF;:FUNC:DEV1:REF:VAL 0;:FUNC:DEV2:MODE OFF;:FUNC:DEV2:REF:VAL 0;:FUNC:IMP:TYPE LSRS;:FUNC:SMON:IDC:STAT OFF;:FUNC:SMON:VDC:STAT OFF;:INIT:CONT OFF;:LIST:MODE SEQ;:LIST:STIM:TYPE FREQ,NONE;:SOUR:DCS:VOLT:LEV 0;:TRIG:DEL 0;:TRIG:SOUR INT;:TRIG:TDEL 0;:DISP:WIND:TEXT1:DATA:FMSD:STAT OFF;:DISP:WIND:TEXT2:DATA:FMSD:STAT OFF;:FUNC:DCR:RANG:VAL 100;:FUNC:IMP:RANG:VAL 1000;:OUTP:DC:ISOL:LEV:VAL 0.002;:OUTP:DC:ISOL:STAT OFF;:FUNC:DCR:RANG:AUTO ON;:FUNC:IMP:RANG:AUTO ON;:OUTP:DC:ISOL:LEV:AUTO ON;:DISP:PAGE MEASurement;
"
160.0,1.086670817,582.3846894,3.91438e-06,0.00485544
160.0,1.085452122,581.9628994,3.92423e-06,0.00485549
160.0,1.08791105,585.1782724,3.92574e-06,0.00485573
160.0,1.0845959,583.3900486,3.91952e-06,0.00485581
160.0,1.086812045,581.4660272,3.91337e-06,0.00485495
160.0,1.087981606,583.3185545,3.91968e-06,0.00485549
160.0,1.087895445,581.7789871,3.92127e-06,0.00485536
160.0,1.085450952,583.7941851,3.91696e-06,0.00485612
160.0,1.089549065,581.5862609,3.92177e-06,0.00485575
160.0,1.086601347,583.0378386,3.91924e-06,0.00485526
160.0,1.08694121,582.6016087,3.9114e-06,0.00485574
160.0,1.086546144,582.3961574,3.93736e-06,0.00485596
160.0,1.088262173,583.5726681,3.91865e-06,0.00485537
160.0,1.089073757,586.2834543,3.9213e-06,0.00485607
160.0,1.085450806,584.6033236,3.92431e-06,0.00485592
160.0,1.08619358,580.1530768,3.92163e-06,0.00485524
Freq,160,Rs,582.96925325625,1.5323248182537526,Ls,1.0869617511874998,0.0013928579768811957
":SOUR:DCS:STAT OFF;:BIAS:STAT OFF;:COMP:BIN:COUN:CLE;:LIST:CLE:ALL;:COMP:BIN:CLE;:AMPL:ALC OFF;:APER MED,4;:BIAS:POL:AUTO OFF;:BIAS:RANG:AUTO ON;:BIAS:VOLT:LEV 0;:COMP:ABIN OFF;:COMP:BIN:COUN:STAT OFF;:COMP:MODE PTOL;:COMP:SLIM -9.9e+037,9.9e+037;:COMP:STAT OFF;:COMP:SWAP OFF;:COMP:TOL:NOM 0;:CURR:LEV 5e-005;:DISP:ENAB ON;:DISP:LINE """";:DISP:WIND:TEXT1:DATA:FMSD:DATA 1e-009;:DISP:WIND:TEXT2:DATA:FMSD:DATA 1e-009;:FORM:ASC:LONG ON;:FORM:BORD NORM;:FORM:DATA ASC,64;:FREQ:CW 160;:FUNC:DEV1:MODE OFF;:FUNC:DEV1:REF:VAL 0;:FUNC:DEV2:MODE OFF;:FUNC:DEV2:REF:VAL 0;:FUNC:IMP:TYPE LSRS;:FUNC:SMON:IDC:STAT OFF;:FUNC:SMON:VDC:STAT OFF;:INIT:CONT OFF;:LIST:MODE SEQ;:LIST:STIM:TYPE FREQ,NONE;:SOUR:DCS:VOLT:LEV 0;:TRIG:DEL 0;:TRIG:SOUR INT;:TRIG:TDEL 0;:DISP:WIND:TEXT1:DATA:FMSD:STAT OFF;:DISP:WIND:TEXT2:DATA:FMSD:STAT OFF;:FUNC:DCR:RANG:VAL 100;:FUNC:IMP:RANG:VAL 1000;:OUTP:DC:ISOL:LEV:VAL 0.002;:OUTP:DC:ISOL:STAT OFF;:FUNC:DCR:RANG:AUTO ON;:FUNC:IMP:RANG:AUTO ON;:OUTP:DC:ISOL:LEV:AUTO ON;:DISP:PAGE MEASurement;
"
200.0,0.4422226281,560.8393995,5.84937e-06,0.00461814
200.0,0.4426420573,560.0821902,5.83801e-06,0.004617
200.0,0.4432354115,560.6430176,5.84562e-06,0.0046176
200.0,0.4421261774,560.3136319,5.84504e-06,0.00461759
200.0,0.4425046664,560.8801617,5.84188e-06,0.00461748
200.0,0.4424121691,561.3648654,5.84736e-06,0.00461811
200.0,0.4419205667,561.4659724,5.8429e-06,0.00461743
200.0,0.4420819786,560.3386908,5.85012e-06,0.00461816
200.0,0.4435595408,560.4092761,5.84364e-06,0.00461811
200.0,0.4427251676,560.3825058,5.84625e-06,0.00461699
200.0,0.4426914084,560.8439216,5.84626e-06,0.00461801
200.0,0.443600871,560.9140069,5.85064e-06,0.00461775
200.0,0.4429260536,560.873744,5.84589e-06,0.00461811
200.0,0.4422527429,560.9533972,5.85137e-06,0.00461751
200.0,0.4426173777,560.7993334,5.8421e-06,0.00461814
200.0,0.4419011495,560.6219407,5.84853e-06,0.0046179
Freq,200,Rs,560.73287845,0.37330128286757214,Ls,0.4425887479125,0.0005295802833240491
":SOUR:DCS:STAT OFF;:BIAS:STAT OFF;:COMP:BIN:COUN:CLE;:LIST:CLE:ALL;:COMP:BIN:CLE;:AMPL:ALC OFF;:APER MED,4;:BIAS:POL:AUTO OFF;:BIAS:RANG:AUTO ON;:BIAS:VOLT:LEV 0;:COMP:ABIN OFF;:COMP:BIN:COUN:STAT OFF;:COMP:MODE PTOL;:COMP:SLIM -9.9e+037,9.9e+037;:COMP:STAT OFF;:COMP:SWAP OFF;:COMP:TOL:NOM 0;:CURR:LEV 5e-005;:DISP:ENAB ON;:DISP:LINE """";:DISP:WIND:TEXT1:DATA:FMSD:DATA 1e-009;:DISP:WIND:TEXT2:DATA:FMSD:DATA 1e-009;:FORM:ASC:LONG ON;:FORM:BORD NORM;:FORM:DATA ASC,64;:FREQ:CW 200;:FUNC:DEV1:MODE OFF;:FUNC:DEV1:REF:VAL 0;:FUNC:DEV2:MODE OFF;:FUNC:DEV2:REF:VAL 0;:FUNC:IMP:TYPE LSRS;:FUNC:SMON:IDC:STAT OFF;:FUNC:SMON:VDC:STAT OFF;:INIT:CONT OFF;:LIST:MODE SEQ;:LIST:STIM:TYPE FREQ,NONE;:SOUR:DCS:VOLT:LEV 0;:TRIG:DEL 0;:TRIG:SOUR INT;:TRIG:TDEL 0;:DISP:WIND:TEXT1:DATA:FMSD:STAT OFF;:DISP:WIND:TEXT2:DATA:FMSD:STAT OFF;:FUNC:DCR:RANG:VAL 100;:FUNC:IMP:RANG:VAL 300;:OUTP:DC:ISOL:LEV:VAL 0.002;:OUTP:DC:ISOL:STAT OFF;:FUNC:DCR:RANG:AUTO ON;:FUNC:IMP:RANG:AUTO ON;:OUTP:DC:ISOL:LEV:AUTO ON;:DISP:PAGE MEASurement;
"
240.0,0.5248321212,598.230508,4.77952e-06,0.00474461
240.0,0.5248449292,597.5006983,4.77864e-06,0.00474268
240.0,0.5239365898,598.1157516,4.78245e-06,0.00474311
240.0,0.5250296199,597.9895314,4.77462e-06,0.00474341
240.0,0.5253320548,597.7824196,4.78027e-06,0.00474365
240.0,0.5248215574,597.4880906,4.7825e-06,0.00474264
240.0,0.5251600949,598.1223823,4.7816e-06,0.00474333
240.0,0.5248984329,597.707406,4.78113e-06,0.00474394
240.0,0.5260177527,596.4950887,4.78003e-06,0.00474378
240.0,0.5252113042,596.9083999,4.78947e-06,0.00474178
240.0,0.5248258047,597.8332101,4.78544e-06,0.00474244
240.0,0.5253002108,597.3444685,4.78031e-06,0.00474283
240.0,0.5245031156,597.9517912,4.78249e-06,0.00474348
240.0,0.5244297799,597.7432484,4.79194e-06,0.00474356
240.0,0.5252843202,598.7723582,4.77624e-06,0.00474431
240.0,0.5251997573,600.427617,4.78126e-06,0.0047426
Freq,240,Rs,597.9008106125,0.857924041504604,Ls,0.52497671534375,0.000465263295507235
":SOUR:DCS:STAT OFF;:BIAS:STAT OFF;:COMP:BIN:COUN:CLE;:LIST:CLE:ALL;:COMP:BIN:CLE;:AMPL:ALC OFF;:APER MED,4;:BIAS:POL:AUTO OFF;:BIAS:RANG:AUTO ON;:BIAS:VOLT:LEV 0;:COMP:ABIN OFF;:COMP:BIN:COUN:STAT OFF;:COMP:MODE PTOL;:COMP:SLIM -9.9e+037,9.9e+037;:COMP:STAT OFF;:COMP:SWAP OFF;:COMP:TOL:NOM 0;:CURR:LEV 5e-005;:DISP:ENAB ON;:DISP:LINE """";:DISP:WIND:TEXT1:DATA:FMSD:DATA 1e-009;:DISP:WIND:TEXT2:DATA:FMSD:DATA 1e-009;:FORM:ASC:LONG ON;:FORM:BORD NORM;:FORM:DATA ASC,64;:FREQ:CW 240;:FUNC:DEV1:MODE OFF;:FUNC:DEV1:REF:VAL 0;:FUNC:DEV2:MODE OFF;:FUNC:DEV2:REF:VAL 0;:FUNC:IMP:TYPE LSRS;:FUNC:SMON:IDC:STAT OFF;:FUNC:SMON:VDC:STAT OFF;:INIT:CONT OFF;:LIST:MODE SEQ;:LIST:STIM:TYPE FREQ,NONE;:SOUR:DCS:VOLT:LEV 0;:TRIG:DEL 0;:TRIG:SOUR INT;:TRIG:TDEL 0;:DISP:WIND:TEXT1:DATA:FMSD:STAT OFF;:DISP:WIND:TEXT2:DATA:FMSD:STAT OFF;:FUNC:DCR:RANG:VAL 100;:FUNC:IMP:RANG:VAL 300;:OUTP:DC:ISOL:LEV:VAL 0.002;:OUTP:DC:ISOL:STAT OFF;:FUNC:DCR:RANG:AUTO ON;:FUNC:IMP:RANG:AUTO ON;:OUTP:DC:ISOL:LEV:AUTO ON;:DISP:PAGE MEASurement;
"
400.0,0.4762274736,793.8652348,3.39413e-06,0.00485851
400.0,0.4755007872,792.339424,3.39102e-06,0.00485736
400.0,0.4762165427,789.1005432,3.38754e-06,0.00485666
400.0,0.4753603266,787.8051363,3.39401e-06,0.0048577
400.0,0.4767637672,787.0821476,3.39311e-06,0.00485897
400.0,0.4771199033,787.983547,3.38617e-06,0.0048576
400.0,0.4768485035,787.4453043,3.38656e-06,0.00485852
400.0,0.4757806645,789.5415011,3.3846e-06,0.00485841
400.0,0.4771154941,789.3680294,3.39022e-06,0.00485796
400.0,0.4757312281,789.349489,3.38793e-06,0.0048587
400.0,0.4756583886,789.3654391,3.39847e-06,0.0048586
400.0,0.4752504114,788.9251173,3.38931e-06,0.0048575
400.0,0.4777877139,795.8150256,3.38997e-06,0.00485823
400.0,0.4768527252,784.9826151,3.39589e-06,0.00485815
400.0,0.4764875052,789.2923612,3.38764e-06,0.00485809
400.0,0.4751275694,789.0479668,3.38709e-06,0.00485768
Freq,400,Rs,789.4568051125,2.6256611259956713,Ls,0.47623931278125,0.0007900757472509884
":SOUR:DCS:STAT OFF;:BIAS:STAT OFF;:COMP:BIN:COUN:CLE;:LIST:CLE:ALL;:COMP:BIN:CLE;:AMPL:ALC OFF;:APER MED,4;:BIAS:POL:AUTO OFF;:BIAS:RANG:AUTO ON;:BIAS:VOLT:LEV 0;:COMP:ABIN OFF;:COMP:BIN:COUN:STAT OFF;:COMP:MODE PTOL;:COMP:SLIM -9.9e+037,9.9e+037;:COMP:STAT OFF;:COMP:SWAP OFF;:COMP:TOL:NOM 0;:CURR:LEV 5e-005;:DISP:ENAB ON;:DISP:LINE """";:DISP:WIND:TEXT1:DATA:FMSD:DATA 1e-009;:DISP:WIND:TEXT2:DATA:FMSD:DATA 1e-009;:FORM:ASC:LONG ON;:FORM:BORD NORM;:FORM:DATA ASC,64;:FREQ:CW 400;:FUNC:DEV1:MODE OFF;:FUNC:DEV1:REF:VAL 0;:FUNC:DEV2:MODE OFF;:FUNC:DEV2:REF:VAL 0;:FUNC:IMP:TYPE LSRS;:FUNC:SMON:IDC:STAT OFF;:FUNC:SMON:VDC:STAT OFF;:INIT:CONT OFF;:LIST:MODE SEQ;:LIST:STIM:TYPE FREQ,NONE;:SOUR:DCS:VOLT:LEV 0;:TRIG:DEL 0;:TRIG:SOUR INT;:TRIG:TDEL 0;:DISP:WIND:TEXT1:DATA:FMSD:STAT OFF;:DISP:WIND:TEXT2:DATA:FMSD:STAT OFF;:FUNC:DCR:RANG:VAL 100;:FUNC:IMP:RANG:VAL 1000;:OUTP:DC:ISOL:LEV:VAL 0.002;:OUTP:DC:ISOL:STAT OFF;:FUNC:DCR:RANG:AUTO ON;:FUNC:IMP:RANG:AUTO ON;:OUTP:DC:ISOL:LEV:AUTO ON;:DISP:PAGE MEASurement;
"
800.0,0.4075776299,1189.473275,2.07633e-06,0.00492013
800.0,0.407729122,1189.314293,2.0763e-06,0.00491998
800.0,0.4077763215,1188.942227,2.07631e-06,0.00491993
800.0,0.4077127768,1189.322812,2.07642e-06,0.00491994
800.0,0.4076589332,1189.541661,2.0753e-06,0.00491998
800.0,0.4078093196,1190.108283,2.07633e-06,0.00491992
800.0,0.4076694809,1188.496741,2.07656e-06,0.00492021
800.0,0.4076477783,1188.987001,2.07598e-06,0.00492004
800.0,0.4076985537,1189.388482,2.0769e-06,0.00491996
800.0,0.4076876649,1189.029892,2.07619e-06,0.0049203
800.0,0.4076065396,1188.424038,2.07719e-06,0.00491993
800.0,0.4077718995,1189.695561,2.07683e-06,0.00491989
800.0,0.4077976364,1189.329352,2.07657e-06,0.00492015
800.0,0.4075885022,1188.783634,2.07642e-06,0.00492009
800.0,0.4076414696,1189.229162,2.07628e-06,0.00492006
800.0,0.4077462478,1188.918152,2.07642e-06,0.00492
Freq,800,Rs,1189.186535375,0.4344010708840311,Ls,0.40769499224375,7.316338354712722e-05
":SOUR:DCS:STAT OFF;:BIAS:STAT OFF;:COMP:BIN:COUN:CLE;:LIST:CLE:ALL;:COMP:BIN:CLE;:AMPL:ALC OFF;:APER MED,4;:BIAS:POL:AUTO OFF;:BIAS:RANG:AUTO ON;:BIAS:VOLT:LEV 0;:COMP:ABIN OFF;:COMP:BIN:COUN:STAT OFF;:COMP:MODE PTOL;:COMP:SLIM -9.9e+037,9.9e+037;:COMP:STAT OFF;:COMP:SWAP OFF;:COMP:TOL:NOM 0;:CURR:LEV 5e-005;:DISP:ENAB ON;:DISP:LINE """";:DISP:WIND:TEXT1:DATA:FMSD:DATA 1e-009;:DISP:WIND:TEXT2:DATA:FMSD:DATA 1e-009;:FORM:ASC:LONG ON;:FORM:BORD NORM;:FORM:DATA ASC,64;:FREQ:CW 800;:FUNC:DEV1:MODE OFF;:FUNC:DEV1:REF:VAL 0;:FUNC:DEV2:MODE OFF;:FUNC:DEV2:REF:VAL 0;:FUNC:IMP:TYPE LSRS;:FUNC:SMON:IDC:STAT OFF;:FUNC:SMON:VDC:STAT OFF;:INIT:CONT OFF;:LIST:MODE SEQ;:LIST:STIM:TYPE FREQ,NONE;:SOUR:DCS:VOLT:LEV 0;:TRIG:DEL 0;:TRIG:SOUR INT;:TRIG:TDEL 0;:DISP:WIND:TEXT1:DATA:FMSD:STAT OFF;:DISP:WIND:TEXT2:DATA:FMSD:STAT OFF;:FUNC:DCR:RANG:VAL 100;:FUNC:IMP:RANG:VAL 1000;:OUTP:DC:ISOL:LEV:VAL 0.002;:OUTP:DC:ISOL:STAT OFF;:FUNC:DCR:RANG:AUTO ON;:FUNC:IMP:RANG:AUTO ON;:OUTP:DC:ISOL:LEV:AUTO ON;:DISP:PAGE MEASurement;
"
1000.0,0.3849338654,1375.874579,1.76943e-06,0.00492038
1000.0,0.3848631251,1375.272229,1.76899e-06,0.00492036
1000.0,0.3847920815,1374.982823,1.76919e-06,0.00492027
1000.0,0.384894483,1374.183463,1.76937e-06,0.00492012
1000.0,0.3846457624,1374.982731,1.76897e-06,0.00492036
1000.0,0.3848652642,1375.097793,1.76867e-06,0.0049204
1000.0,0.3848391749,1375.031153,1.76853e-06,0.00492048
1000.0,0.3847971196,1374.909325,1.76914e-06,0.00492038
1000.0,0.3847400726,1374.333956,1.76831e-06,0.00492019
1000.0,0.3848467262,1375.067123,1.76893e-06,0.00492015
1000.0,0.3846796952,1375.248043,1.76929e-06,0.00492024
1000.0,0.3849980827,1374.307425,1.76872e-06,0.00492044
1000.0,0.3850091906,1373.218643,1.77182e-06,0.00491979
1000.0,0.3847773755,1374.870104,1.76934e-06,0.0049201
1000.0,0.3848213729,1375.466053,1.76927e-06,0.00492005
1000.0,0.384693375,1374.447092,1.76863e-06,0.00491997
Freq,1000,Rs,1374.8307834375,0.6201749734987295,Ls,0.384824797925,0.00010527107589034627
":SOUR:DCS:STAT OFF;:BIAS:STAT OFF;:COMP:BIN:COUN:CLE;:LIST:CLE:ALL;:COMP:BIN:CLE;:AMPL:ALC OFF;:APER MED,4;:BIAS:POL:AUTO OFF;:BIAS:RANG:AUTO ON;:BIAS:VOLT:LEV 0;:COMP:ABIN OFF;:COMP:BIN:COUN:STAT OFF;:COMP:MODE PTOL;:COMP:SLIM -9.9e+037,9.9e+037;:COMP:STAT OFF;:COMP:SWAP OFF;:COMP:TOL:NOM 0;:CURR:LEV 5e-005;:DISP:ENAB ON;:DISP:LINE """";:DISP:WIND:TEXT1:DATA:FMSD:DATA 1e-009;:DISP:WIND:TEXT2:DATA:FMSD:DATA 1e-009;:FORM:ASC:LONG ON;:FORM:BORD NORM;:FORM:DATA ASC,64;:FREQ:CW 1000;:FUNC:DEV1:MODE OFF;:FUNC:DEV1:REF:VAL 0;:FUNC:DEV2:MODE OFF;:FUNC:DEV2:REF:VAL 0;:FUNC:IMP:TYPE LSRS;:FUNC:SMON:IDC:STAT OFF;:FUNC:SMON:VDC:STAT OFF;:INIT:CONT OFF;:LIST:MODE SEQ;:LIST:STIM:TYPE FREQ,NONE;:SOUR:DCS:VOLT:LEV 0;:TRIG:DEL 0;:TRIG:SOUR INT;:TRIG:TDEL 0;:DISP:WIND:TEXT1:DATA:FMSD:STAT OFF;:DISP:WIND:TEXT2:DATA:FMSD:STAT OFF;:FUNC:DCR:RANG:VAL 100;:FUNC:IMP:RANG:VAL 1000;:OUTP:DC:ISOL:LEV:VAL 0.002;:OUTP:DC:ISOL:STAT OFF;:FUNC:DCR:RANG:AUTO ON;:FUNC:IMP:RANG:AUTO ON;:OUTP:DC:ISOL:LEV:AUTO ON;:DISP:PAGE MEASurement;
"
":SOUR:DCS:STAT OFF;:BIAS:STAT OFF;:COMP:BIN:COUN:CLE;:LIST:CLE:ALL;:COMP:BIN:CLE;:AMPL:ALC OFF;:APER MED,4;:BIAS:POL:AUTO OFF;:BIAS:RANG:AUTO ON;:BIAS:VOLT:LEV 0;:COMP:ABIN OFF;:COMP:BIN:COUN:STAT OFF;:COMP:MODE PTOL;:COMP:SLIM -9.9e+037,9.9e+037;:COMP:STAT OFF;:COMP:SWAP OFF;:COMP:TOL:NOM 0;:CURR:LEV 5e-005;:DISP:ENAB ON;:DISP:LINE """";:DISP:WIND:TEXT1:DATA:FMSD:DATA 1e-009;:DISP:WIND:TEXT2:DATA:FMSD:DATA 1e-009;:FORM:ASC:LONG ON;:FORM:BORD NORM;:FORM:DATA ASC,64;:FREQ:CW 1000;:FUNC:DEV1:MODE OFF;:FUNC:DEV1:REF:VAL 0;:FUNC:DEV2:MODE OFF;:FUNC:DEV2:REF:VAL 0;:FUNC:IMP:TYPE LSRS;:FUNC:SMON:IDC:STAT OFF;:FUNC:SMON:VDC:STAT OFF;:INIT:CONT OFF;:LIST:MODE SEQ;:LIST:STIM:TYPE FREQ,NONE;:SOUR:DCS:VOLT:LEV 0;:TRIG:DEL 0;:TRIG:SOUR INT;:TRIG:TDEL 0;:DISP:WIND:TEXT1:DATA:FMSD:STAT OFF;:DISP:WIND:TEXT2:DATA:FMSD:STAT OFF;:FUNC:DCR:RANG:VAL 100;:FUNC:IMP:RANG:VAL 1000;:OUTP:DC:ISOL:LEV:VAL 0.002;:OUTP:DC:ISOL:STAT OFF;:FUNC:DCR:RANG:AUTO ON;:FUNC:IMP:RANG:AUTO ON;:OUTP:DC:ISOL:LEV:AUTO ON;:DISP:PAGE MEASurement;
"
2024-05-01,09:58:01
---------run finished---------
Frequency,Resistance,uR,Inductance,uL
20,275.40925988749996,0.36686958835230643,1.0736617629374998,0.0027385917099311675
25,284.65788459375005,0.7083081659469469,1.03544177675,0.005257322844797854
30,292.21042508749997,0.8199285095115147,1.0015431663687502,0.002817191912970086
40,308.7938077,1.2640723814344592,0.9523939699562499,0.00469142038638907
53,330.3095012875,0.8769283651273605,0.90750908718125,0.002404771561644131
60,341.69864570625,0.8732681433366442,0.8876781919125001,0.0016528959765802168
80,373.85604298124997,1.0543762386000486,0.84793700736875,0.0016799521973417057
103,409.86866311874996,0.5844253450368112,0.8237340740875,0.001364966402446521
120,441.65541259375004,0.7472725439388874,0.8291913859062501,0.0015486867607823142
130,460.2719356,1.0076518457927406,0.81003874669375,0.0011364718477249588
140,477.331437775,2.67352012359498,0.85240632745625,0.002873550271949398
150,516.2038983812499,1.4630568163023296,0.90672463674375,0.0015802588858059119
160,582.96925325625,1.5323248182537526,1.0869617511874998,0.0013928579768811957
200,560.73287845,0.37330128286757214,0.4425887479125,0.0005295802833240491
240,597.9008106125,0.857924041504604,0.52497671534375,0.000465263295507235
400,789.4568051125,2.6256611259956713,0.47623931278125,0.0007900757472509884
800,1189.186535375,0.4344010708840311,0.40769499224375,7.316338354712722e-05
1000,1374.8307834375,0.6201749734987295,0.384824797925,0.00010527107589034627
lcr name:,KeySight E4980A
Name and description of Resistor under test: ,repeat with fill in frequencies
2024-05-01,10:02:04
select the freq range,"[20, 25, 30, 40, 53, 60, 80, 103, 120, 130, 135, 140, 145, 150, 155, 160, 165, 170, 175, 200, 240, 400, 800, 1000]"
20.0,1.078536646,275.4603962,1.25971e-05,0.00385529
20.0,1.077044991,275.3085301,1.25381e-05,0.00384882
20.0,1.068347661,275.8743467,1.25717e-05,0.00385279
20.0,1.068688988,275.8177711,1.25621e-05,0.00385053
20.0,1.075410776,275.5569884,1.25712e-05,0.00384737
20.0,1.072791233,275.5890696,1.25665e-05,0.00385641
20.0,1.075360051,275.4866378,1.25569e-05,0.00385371
20.0,1.069599389,274.7843514,1.25652e-05,0.0038557
20.0,1.079850532,275.8068108,1.25657e-05,0.0038592
20.0,1.080617464,275.4144155,1.25291e-05,0.0038538
20.0,1.073181825,275.5637767,1.25513e-05,0.00385883
20.0,1.073560379,275.301102,1.25869e-05,0.00385813
20.0,1.069525413,275.3180297,1.25949e-05,0.00384925
20.0,1.068320885,276.4159868,1.25595e-05,0.00384296
20.0,1.072095358,275.5283667,1.25413e-05,0.00385501
20.0,1.068387914,275.5033789,1.25292e-05,0.00385305
Freq,20,Rs,275.5456224,0.345214883969594,Ls,1.0732074690625,0.004249748443492264
":SOUR:DCS:STAT OFF;:BIAS:STAT OFF;:COMP:BIN:COUN:CLE;:LIST:CLE:ALL;:COMP:BIN:CLE;:AMPL:ALC OFF;:APER MED,4;:BIAS:POL:AUTO OFF;:BIAS:RANG:AUTO ON;:BIAS:VOLT:LEV 0;:COMP:ABIN OFF;:COMP:BIN:COUN:STAT OFF;:COMP:MODE PTOL;:COMP:SLIM -9.9e+037,9.9e+037;:COMP:STAT OFF;:COMP:SWAP OFF;:COMP:TOL:NOM 0;:CURR:LEV 5e-005;:DISP:ENAB ON;:DISP:LINE """";:DISP:WIND:TEXT1:DATA:FMSD:DATA 1e-009;:DISP:WIND:TEXT2:DATA:FMSD:DATA 1e-009;:FORM:ASC:LONG ON;:FORM:BORD NORM;:FORM:DATA ASC,64;:FREQ:CW 20;:FUNC:DEV1:MODE OFF;:FUNC:DEV1:REF:VAL 0;:FUNC:DEV2:MODE OFF;:FUNC:DEV2:REF:VAL 0;:FUNC:IMP:TYPE LSRS;:FUNC:SMON:IDC:STAT OFF;:FUNC:SMON:VDC:STAT OFF;:INIT:CONT OFF;:LIST:MODE SEQ;:LIST:STIM:TYPE FREQ,NONE;:SOUR:DCS:VOLT:LEV 0;:TRIG:DEL 0;:TRIG:SOUR INT;:TRIG:TDEL 0;:DISP:WIND:TEXT1:DATA:FMSD:STAT OFF;:DISP:WIND:TEXT2:DATA:FMSD:STAT OFF;:FUNC:DCR:RANG:VAL 100;:FUNC:IMP:RANG:VAL 300;:OUTP:DC:ISOL:LEV:VAL 0.002;:OUTP:DC:ISOL:STAT OFF;:FUNC:DCR:RANG:AUTO ON;:FUNC:IMP:RANG:AUTO ON;:OUTP:DC:ISOL:LEV:AUTO ON;:DISP:PAGE MEASurement;
"
25.0,1.031393603,284.9006023,1.19159e-05,0.0038993
25.0,1.037461212,284.7972785,1.1877e-05,0.00389893
25.0,1.029777171,284.9840251,1.18587e-05,0.00390565
25.0,1.031493382,285.8991046,1.18979e-05,0.00389647
25.0,1.034283807,284.8511159,1.18932e-05,0.0039006
25.0,1.027382992,285.9616403,1.18778e-05,0.00390533
25.0,1.029636244,285.7586532,1.18908e-05,0.00390363
25.0,1.033739521,283.9502374,1.18469e-05,0.00390548
25.0,1.036483134,284.5587432,1.18574e-05,0.00390137
25.0,1.039276522,284.3380019,1.18682e-05,0.00390407
25.0,1.032136,285.0282331,1.1896e-05,0.0038998
25.0,1.033487369,285.4486509,1.1863e-05,0.00390053
25.0,1.035287663,284.5320138,1.18731e-05,0.00390782
25.0,1.036426125,286.3828228,1.18969e-05,0.00390276
25.0,1.042603454,285.8110908,1.18569e-05,0.00389968
25.0,1.032657297,285.0639826,1.19044e-05,0.00390089
Freq,25,Rs,285.141637275,0.6728706099653797,Ls,1.0339703435,0.0038898290733677208
":SOUR:DCS:STAT OFF;:BIAS:STAT OFF;:COMP:BIN:COUN:CLE;:LIST:CLE:ALL;:COMP:BIN:CLE;:AMPL:ALC OFF;:APER MED,4;:BIAS:POL:AUTO OFF;:BIAS:RANG:AUTO ON;:BIAS:VOLT:LEV 0;:COMP:ABIN OFF;:COMP:BIN:COUN:STAT OFF;:COMP:MODE PTOL;:COMP:SLIM -9.9e+037,9.9e+037;:COMP:STAT OFF;:COMP:SWAP OFF;:COMP:TOL:NOM 0;:CURR:LEV 5e-005;:DISP:ENAB ON;:DISP:LINE """";:DISP:WIND:TEXT1:DATA:FMSD:DATA 1e-009;:DISP:WIND:TEXT2:DATA:FMSD:DATA 1e-009;:FORM:ASC:LONG ON;:FORM:BORD NORM;:FORM:DATA ASC,64;:FREQ:CW 25;:FUNC:DEV1:MODE OFF;:FUNC:DEV1:REF:VAL 0;:FUNC:DEV2:MODE OFF;:FUNC:DEV2:REF:VAL 0;:FUNC:IMP:TYPE LSRS;:FUNC:SMON:IDC:STAT OFF;:FUNC:SMON:VDC:STAT OFF;:INIT:CONT OFF;:LIST:MODE SEQ;:LIST:STIM:TYPE FREQ,NONE;:SOUR:DCS:VOLT:LEV 0;:TRIG:DEL 0;:TRIG:SOUR INT;:TRIG:TDEL 0;:DISP:WIND:TEXT1:DATA:FMSD:STAT OFF;:DISP:WIND:TEXT2:DATA:FMSD:STAT OFF;:FUNC:DCR:RANG:VAL 100;:FUNC:IMP:RANG:VAL 300;:OUTP:DC:ISOL:LEV:VAL 0.002;:OUTP:DC:ISOL:STAT OFF;:FUNC:DCR:RANG:AUTO ON;:FUNC:IMP:RANG:AUTO ON;:OUTP:DC:ISOL:LEV:AUTO ON;:DISP:PAGE MEASurement;
"
30.0,0.998846555,292.6842767,1.1601e-05,0.00403614
30.0,0.9984084467,292.0967647,1.15496e-05,0.00403652
30.0,0.9961920286,292.7236489,1.15693e-05,0.00403505
30.0,0.9979801816,292.2260634,1.15684e-05,0.00403402
30.0,1.004833999,292.0082805,1.16023e-05,0.00403498
30.0,1.002642417,292.2543241,1.15771e-05,0.00402926
30.0,1.006964413,292.7303149,1.15816e-05,0.00403116
30.0,0.9971299571,291.4436134,1.16045e-05,0.00402753
30.0,1.000120358,292.4213727,1.15482e-05,0.00402711
30.0,1.00078204,291.6076362,1.15437e-05,0.00403517
30.0,1.001510729,292.3648211,1.15658e-05,0.00403432
30.0,0.9971679657,292.9855755,1.15844e-05,0.00403174
30.0,0.9982482179,292.1654838,1.15716e-05,0.00403155
30.0,1.005449538,292.3711584,1.15935e-05,0.00402766
30.0,1.013014892,291.8843689,1.15889e-05,0.00402874
30.0,0.9985913527,292.533171,1.15804e-05,0.00403411
Freq,30,Rs,292.28130463750006,0.41574607227975124,Ls,1.00111769320625,0.004506386488195525
":SOUR:DCS:STAT OFF;:BIAS:STAT OFF;:COMP:BIN:COUN:CLE;:LIST:CLE:ALL;:COMP:BIN:CLE;:AMPL:ALC OFF;:APER MED,4;:BIAS:POL:AUTO OFF;:BIAS:RANG:AUTO ON;:BIAS:VOLT:LEV 0;:COMP:ABIN OFF;:COMP:BIN:COUN:STAT OFF;:COMP:MODE PTOL;:COMP:SLIM -9.9e+037,9.9e+037;:COMP:STAT OFF;:COMP:SWAP OFF;:COMP:TOL:NOM 0;:CURR:LEV 5e-005;:DISP:ENAB ON;:DISP:LINE """";:DISP:WIND:TEXT1:DATA:FMSD:DATA 1e-009;:DISP:WIND:TEXT2:DATA:FMSD:DATA 1e-009;:FORM:ASC:LONG ON;:FORM:BORD NORM;:FORM:DATA ASC,64;:FREQ:CW 30;:FUNC:DEV1:MODE OFF;:FUNC:DEV1:REF:VAL 0;:FUNC:DEV2:MODE OFF;:FUNC:DEV2:REF:VAL 0;:FUNC:IMP:TYPE LSRS;:FUNC:SMON:IDC:STAT OFF;:FUNC:SMON:VDC:STAT OFF;:INIT:CONT OFF;:LIST:MODE SEQ;:LIST:STIM:TYPE FREQ,NONE;:SOUR:DCS:VOLT:LEV 0;:TRIG:DEL 0;:TRIG:SOUR INT;:TRIG:TDEL 0;:DISP:WIND:TEXT1:DATA:FMSD:STAT OFF;:DISP:WIND:TEXT2:DATA:FMSD:STAT OFF;:FUNC:DCR:RANG:VAL 100;:FUNC:IMP:RANG:VAL 300;:OUTP:DC:ISOL:LEV:VAL 0.002;:OUTP:DC:ISOL:STAT OFF;:FUNC:DCR:RANG:AUTO ON;:FUNC:IMP:RANG:AUTO ON;:OUTP:DC:ISOL:LEV:AUTO ON;:DISP:PAGE MEASurement;
"
40.0,0.9575660646,309.5714464,1.06243e-05,0.00414711
40.0,0.9535572469,309.403341,1.06464e-05,0.0041529
40.0,0.9565353828,310.2753413,1.06646e-05,0.00414863
40.0,0.9572360532,310.7937083,1.06447e-05,0.00414977
40.0,0.9621236277,309.238897,1.05762e-05,0.004147
40.0,0.9578207088,309.2936755,1.05675e-05,0.00414362
40.0,0.9598896954,308.4151115,1.05887e-05,0.00414868
40.0,0.9584151181,308.444229,1.0597e-05,0.00414801
40.0,0.9575082705,309.2817289,1.06034e-05,0.00414862
40.0,0.9516048945,309.2851081,1.05891e-05,0.00415017
40.0,0.9497420635,308.1786957,1.05757e-05,0.0041517
40.0,0.9457567461,308.5417782,1.06045e-05,0.00414823
40.0,0.9451537422,310.6025743,1.05894e-05,0.0041514
40.0,0.9521076498,311.2393132,1.06518e-05,0.00415153
40.0,0.9572566552,310.409325,1.0609e-05,0.00415012
40.0,0.9580910544,310.3329236,1.06065e-05,0.00414625
Freq,40,Rs,309.5816998125,0.9346740673290612,Ls,0.9550228108562501,0.004906820076251503
":SOUR:DCS:STAT OFF;:BIAS:STAT OFF;:COMP:BIN:COUN:CLE;:LIST:CLE:ALL;:COMP:BIN:CLE;:AMPL:ALC OFF;:APER MED,4;:BIAS:POL:AUTO OFF;:BIAS:RANG:AUTO ON;:BIAS:VOLT:LEV 0;:COMP:ABIN OFF;:COMP:BIN:COUN:STAT OFF;:COMP:MODE PTOL;:COMP:SLIM -9.9e+037,9.9e+037;:COMP:STAT OFF;:COMP:SWAP OFF;:COMP:TOL:NOM 0;:CURR:LEV 5e-005;:DISP:ENAB ON;:DISP:LINE """";:DISP:WIND:TEXT1:DATA:FMSD:DATA 1e-009;:DISP:WIND:TEXT2:DATA:FMSD:DATA 1e-009;:FORM:ASC:LONG ON;:FORM:BORD NORM;:FORM:DATA ASC,64;:FREQ:CW 40;:FUNC:DEV1:MODE OFF;:FUNC:DEV1:REF:VAL 0;:FUNC:DEV2:MODE OFF;:FUNC:DEV2:REF:VAL 0;:FUNC:IMP:TYPE LSRS;:FUNC:SMON:IDC:STAT OFF;:FUNC:SMON:VDC:STAT OFF;:INIT:CONT OFF;:LIST:MODE SEQ;:LIST:STIM:TYPE FREQ,NONE;:SOUR:DCS:VOLT:LEV 0;:TRIG:DEL 0;:TRIG:SOUR INT;:TRIG:TDEL 0;:DISP:WIND:TEXT1:DATA:FMSD:STAT OFF;:DISP:WIND:TEXT2:DATA:FMSD:STAT OFF;:FUNC:DCR:RANG:VAL 100;:FUNC:IMP:RANG:VAL 300;:OUTP:DC:ISOL:LEV:VAL 0.002;:OUTP:DC:ISOL:STAT OFF;:FUNC:DCR:RANG:AUTO ON;:FUNC:IMP:RANG:AUTO ON;:OUTP:DC:ISOL:LEV:AUTO ON;:DISP:PAGE MEASurement;
"
53.0,0.9015714243,331.7185096,9.49353e-06,0.0042501
53.0,0.9084274822,329.3928391,9.52046e-06,0.00425135
53.0,0.9071770361,329.662393,9.50914e-06,0.00425134
53.0,0.9117472421,327.6090051,9.51184e-06,0.00425143
53.0,0.9120869707,330.1664881,9.51413e-06,0.00425384
53.0,0.9057282499,331.2222654,9.46918e-06,0.00424972
53.0,0.9135840659,330.3859364,9.50203e-06,0.00425283
53.0,0.9064625102,331.6249885,9.4994e-06,0.00425325
53.0,0.9110655176,329.838597,9.47095e-06,0.00425007
53.0,0.9111887318,332.0268026,9.5267e-06,0.00425364
53.0,0.900766151,330.660552,9.45468e-06,0.00425091
53.0,0.9094556382,331.6558829,9.49719e-06,0.00425135
53.0,0.9034730068,330.283834,9.47152e-06,0.00424949
53.0,0.9119643433,330.7715177,9.47997e-06,0.00425156
53.0,0.9044921767,330.4343368,9.4951e-06,0.00425233
53.0,0.9136057216,329.1968033,9.48673e-06,0.00425403
Freq,53,Rs,330.41567196875,1.1407962361008077,Ls,0.908299766775,0.004196442852660543
":SOUR:DCS:STAT OFF;:BIAS:STAT OFF;:COMP:BIN:COUN:CLE;:LIST:CLE:ALL;:COMP:BIN:CLE;:AMPL:ALC OFF;:APER MED,4;:BIAS:POL:AUTO OFF;:BIAS:RANG:AUTO ON;:BIAS:VOLT:LEV 0;:COMP:ABIN OFF;:COMP:BIN:COUN:STAT OFF;:COMP:MODE PTOL;:COMP:SLIM -9.9e+037,9.9e+037;:COMP:STAT OFF;:COMP:SWAP OFF;:COMP:TOL:NOM 0;:CURR:LEV 5e-005;:DISP:ENAB ON;:DISP:LINE """";:DISP:WIND:TEXT1:DATA:FMSD:DATA 1e-009;:DISP:WIND:TEXT2:DATA:FMSD:DATA 1e-009;:FORM:ASC:LONG ON;:FORM:BORD NORM;:FORM:DATA ASC,64;:FREQ:CW 53;:FUNC:DEV1:MODE OFF;:FUNC:DEV1:REF:VAL 0;:FUNC:DEV2:MODE OFF;:FUNC:DEV2:REF:VAL 0;:FUNC:IMP:TYPE LSRS;:FUNC:SMON:IDC:STAT OFF;:FUNC:SMON:VDC:STAT OFF;:INIT:CONT OFF;:LIST:MODE SEQ;:LIST:STIM:TYPE FREQ,NONE;:SOUR:DCS:VOLT:LEV 0;:TRIG:DEL 0;:TRIG:SOUR INT;:TRIG:TDEL 0;:DISP:WIND:TEXT1:DATA:FMSD:STAT OFF;:DISP:WIND:TEXT2:DATA:FMSD:STAT OFF;:FUNC:DCR:RANG:VAL 100;:FUNC:IMP:RANG:VAL 300;:OUTP:DC:ISOL:LEV:VAL 0.002;:OUTP:DC:ISOL:STAT OFF;:FUNC:DCR:RANG:AUTO ON;:FUNC:IMP:RANG:AUTO ON;:OUTP:DC:ISOL:LEV:AUTO ON;:DISP:PAGE MEASurement;
"
60.0,0.8894742744,340.4280706,9.02708e-06,0.00432504
60.0,0.8876977635,342.2708451,9.00816e-06,0.00432367
60.0,0.8844960838,343.0507489,9.03936e-06,0.00432369
60.0,0.8889094823,341.6008413,9.07263e-06,0.00432292
60.0,0.8909132509,341.6479018,9.03652e-06,0.00432497
60.0,0.8860445395,341.4780999,9.02674e-06,0.00432597
60.0,0.8865128221,341.5817777,9.04485e-06,0.00432473
60.0,0.8867123714,341.5605191,9.07022e-06,0.00432152
60.0,0.8907060521,342.4289879,9.03466e-06,0.00432208
60.0,0.8895991703,341.6986131,9.0156e-06,0.00432637
60.0,0.8869759974,342.1332537,9.03983e-06,0.00432459
60.0,0.8879450938,341.9412595,9.05103e-06,0.00432342
60.0,0.8867820559,341.2029824,9.05747e-06,0.00432349
60.0,0.8902402772,341.975198,9.03629e-06,0.00432017
60.0,0.889050927,342.3158199,9.03871e-06,0.00432179
60.0,0.8875070081,341.8140469,9.0249e-06,0.00432447
Freq,60,Rs,341.82056036250003,0.5844195716043803,Ls,0.88809794810625,0.0018289858292553638
":SOUR:DCS:STAT OFF;:BIAS:STAT OFF;:COMP:BIN:COUN:CLE;:LIST:CLE:ALL;:COMP:BIN:CLE;:AMPL:ALC OFF;:APER MED,4;:BIAS:POL:AUTO OFF;:BIAS:RANG:AUTO ON;:BIAS:VOLT:LEV 0;:COMP:ABIN OFF;:COMP:BIN:COUN:STAT OFF;:COMP:MODE PTOL;:COMP:SLIM -9.9e+037,9.9e+037;:COMP:STAT OFF;:COMP:SWAP OFF;:COMP:TOL:NOM 0;:CURR:LEV 5e-005;:DISP:ENAB ON;:DISP:LINE """";:DISP:WIND:TEXT1:DATA:FMSD:DATA 1e-009;:DISP:WIND:TEXT2:DATA:FMSD:DATA 1e-009;:FORM:ASC:LONG ON;:FORM:BORD NORM;:FORM:DATA ASC,64;:FREQ:CW 60;:FUNC:DEV1:MODE OFF;:FUNC:DEV1:REF:VAL 0;:FUNC:DEV2:MODE OFF;:FUNC:DEV2:REF:VAL 0;:FUNC:IMP:TYPE LSRS;:FUNC:SMON:IDC:STAT OFF;:FUNC:SMON:VDC:STAT OFF;:INIT:CONT OFF;:LIST:MODE SEQ;:LIST:STIM:TYPE FREQ,NONE;:SOUR:DCS:VOLT:LEV 0;:TRIG:DEL 0;:TRIG:SOUR INT;:TRIG:TDEL 0;:DISP:WIND:TEXT1:DATA:FMSD:STAT OFF;:DISP:WIND:TEXT2:DATA:FMSD:STAT OFF;:FUNC:DCR:RANG:VAL 100;:FUNC:IMP:RANG:VAL 300;:OUTP:DC:ISOL:LEV:VAL 0.002;:OUTP:DC:ISOL:STAT OFF;:FUNC:DCR:RANG:AUTO ON;:FUNC:IMP:RANG:AUTO ON;:OUTP:DC:ISOL:LEV:AUTO ON;:DISP:PAGE MEASurement;
"
80.0,0.8476784453,373.2358575,7.89731e-06,0.00446917
80.0,0.8466084761,373.1390867,7.91221e-06,0.00446988
80.0,0.8512622561,372.8944864,7.88687e-06,0.0044685
80.0,0.8483041967,374.66524,7.88389e-06,0.00446872
80.0,0.8457426916,375.6297595,7.88588e-06,0.00446625
80.0,0.8475745898,374.785472,7.87366e-06,0.00446752
80.0,0.848923647,372.7632135,7.88567e-06,0.00446937
80.0,0.8477931018,372.7404604,7.90771e-06,0.00447101
80.0,0.8515126334,373.6208915,7.88705e-06,0.00447211
80.0,0.8473146052,374.6143067,7.88674e-06,0.00447076
80.0,0.8474824698,373.3738629,7.86032e-06,0.00446885
80.0,0.8457067483,373.9239631,7.89056e-06,0.00446846
80.0,0.8493638994,372.5477369,7.91055e-06,0.00446855
80.0,0.8501563052,372.8867315,7.88903e-06,0.00446965
80.0,0.8481886208,373.912943,7.89425e-06,0.00447243
80.0,0.8485449955,374.452846,7.88409e-06,0.00446702
Freq,80,Rs,373.6991786,0.9096177033636801,Ls,0.848259855125,0.0016939934926434494
":SOUR:DCS:STAT OFF;:BIAS:STAT OFF;:COMP:BIN:COUN:CLE;:LIST:CLE:ALL;:COMP:BIN:CLE;:AMPL:ALC OFF;:APER MED,4;:BIAS:POL:AUTO OFF;:BIAS:RANG:AUTO ON;:BIAS:VOLT:LEV 0;:COMP:ABIN OFF;:COMP:BIN:COUN:STAT OFF;:COMP:MODE PTOL;:COMP:SLIM -9.9e+037,9.9e+037;:COMP:STAT OFF;:COMP:SWAP OFF;:COMP:TOL:NOM 0;:CURR:LEV 5e-005;:DISP:ENAB ON;:DISP:LINE """";:DISP:WIND:TEXT1:DATA:FMSD:DATA 1e-009;:DISP:WIND:TEXT2:DATA:FMSD:DATA 1e-009;:FORM:ASC:LONG ON;:FORM:BORD NORM;:FORM:DATA ASC,64;:FREQ:CW 80;:FUNC:DEV1:MODE OFF;:FUNC:DEV1:REF:VAL 0;:FUNC:DEV2:MODE OFF;:FUNC:DEV2:REF:VAL 0;:FUNC:IMP:TYPE LSRS;:FUNC:SMON:IDC:STAT OFF;:FUNC:SMON:VDC:STAT OFF;:INIT:CONT OFF;:LIST:MODE SEQ;:LIST:STIM:TYPE FREQ,NONE;:SOUR:DCS:VOLT:LEV 0;:TRIG:DEL 0;:TRIG:SOUR INT;:TRIG:TDEL 0;:DISP:WIND:TEXT1:DATA:FMSD:STAT OFF;:DISP:WIND:TEXT2:DATA:FMSD:STAT OFF;:FUNC:DCR:RANG:VAL 100;:FUNC:IMP:RANG:VAL 300;:OUTP:DC:ISOL:LEV:VAL 0.002;:OUTP:DC:ISOL:STAT OFF;:FUNC:DCR:RANG:AUTO ON;:FUNC:IMP:RANG:AUTO ON;:OUTP:DC:ISOL:LEV:AUTO ON;:DISP:PAGE MEASurement;
"
103.0,0.8258452683,410.6741818,6.83706e-06,0.00459619
103.0,0.8230791629,410.3185537,6.82722e-06,0.00459572
103.0,0.8258380213,410.1770832,6.84175e-06,0.00459838
103.0,0.8211324367,410.2868019,6.82435e-06,0.00459699
103.0,0.8227465464,411.5053671,6.85379e-06,0.00459524
103.0,0.8238718531,410.8277225,6.83616e-06,0.00459821
103.0,0.824861765,408.2868456,6.83773e-06,0.0045972
103.0,0.824180515,409.8663149,6.8216e-06,0.00459701
103.0,0.8227123841,409.9204955,6.83102e-06,0.00459563
103.0,0.8226885548,410.4673844,6.81448e-06,0.00459816
103.0,0.8236490243,411.2532454,6.83698e-06,0.00459619
103.0,0.8220984884,409.1568542,6.86004e-06,0.00459656
103.0,0.8197461836,409.9359014,6.81184e-06,0.0045936
103.0,0.8239166168,409.8704595,6.84659e-06,0.00459575
103.0,0.8232402358,410.1496254,6.82365e-06,0.00459275
103.0,0.8230918257,409.3443281,6.8357e-06,0.00459356
Freq,103,Rs,410.12757278749996,0.7870920922823869,Ls,0.8232936801374999,0.0015674924402766417
":SOUR:DCS:STAT OFF;:BIAS:STAT OFF;:COMP:BIN:COUN:CLE;:LIST:CLE:ALL;:COMP:BIN:CLE;:AMPL:ALC OFF;:APER MED,4;:BIAS:POL:AUTO OFF;:BIAS:RANG:AUTO ON;:BIAS:VOLT:LEV 0;:COMP:ABIN OFF;:COMP:BIN:COUN:STAT OFF;:COMP:MODE PTOL;:COMP:SLIM -9.9e+037,9.9e+037;:COMP:STAT OFF;:COMP:SWAP OFF;:COMP:TOL:NOM 0;:CURR:LEV 5e-005;:DISP:ENAB ON;:DISP:LINE """";:DISP:WIND:TEXT1:DATA:FMSD:DATA 1e-009;:DISP:WIND:TEXT2:DATA:FMSD:DATA 1e-009;:FORM:ASC:LONG ON;:FORM:BORD NORM;:FORM:DATA ASC,64;:FREQ:CW 103;:FUNC:DEV1:MODE OFF;:FUNC:DEV1:REF:VAL 0;:FUNC:DEV2:MODE OFF;:FUNC:DEV2:REF:VAL 0;:FUNC:IMP:TYPE LSRS;:FUNC:SMON:IDC:STAT OFF;:FUNC:SMON:VDC:STAT OFF;:INIT:CONT OFF;:LIST:MODE SEQ;:LIST:STIM:TYPE FREQ,NONE;:SOUR:DCS:VOLT:LEV 0;:TRIG:DEL 0;:TRIG:SOUR INT;:TRIG:TDEL 0;:DISP:WIND:TEXT1:DATA:FMSD:STAT OFF;:DISP:WIND:TEXT2:DATA:FMSD:STAT OFF;:FUNC:DCR:RANG:VAL 100;:FUNC:IMP:RANG:VAL 300;:OUTP:DC:ISOL:LEV:VAL 0.002;:OUTP:DC:ISOL:STAT OFF;:FUNC:DCR:RANG:AUTO ON;:FUNC:IMP:RANG:AUTO ON;:OUTP:DC:ISOL:LEV:AUTO ON;:DISP:PAGE MEASurement;
"
120.0,0.8281205475,442.0056779,6.0912e-06,0.0046655
120.0,0.8284966525,440.2602404,6.10061e-06,0.00466619
120.0,0.8297173444,439.7817782,6.10773e-06,0.00466598
120.0,0.8288050166,442.2959983,6.09544e-06,0.00466584
120.0,0.8307530684,441.6394623,6.10441e-06,0.00466565
120.0,0.8292791282,441.4441122,6.09298e-06,0.00466573
120.0,0.828810331,443.2415829,6.09423e-06,0.00466648
120.0,0.828398064,442.3918273,6.09737e-06,0.00466579
120.0,0.82866386,441.0125686,6.1025e-06,0.00466598
120.0,0.8297421116,442.3848907,6.08929e-06,0.00466498
120.0,0.8290283623,439.8739042,6.09547e-06,0.00466715
120.0,0.8296702585,440.3247111,6.09137e-06,0.00466565
120.0,0.8311124663,441.4941189,6.08422e-06,0.00466567
120.0,0.8283035536,440.7796065,6.09648e-06,0.00466586
120.0,0.8288749194,441.8478942,6.09984e-06,0.00466678
120.0,0.8281039799,442.2755735,6.08757e-06,0.00466483
Freq,120,Rs,441.4408717,1.0152626441284696,Ls,0.8291174790125,0.0008864858602696266
":SOUR:DCS:STAT OFF;:BIAS:STAT OFF;:COMP:BIN:COUN:CLE;:LIST:CLE:ALL;:COMP:BIN:CLE;:AMPL:ALC OFF;:APER MED,4;:BIAS:POL:AUTO OFF;:BIAS:RANG:AUTO ON;:BIAS:VOLT:LEV 0;:COMP:ABIN OFF;:COMP:BIN:COUN:STAT OFF;:COMP:MODE PTOL;:COMP:SLIM -9.9e+037,9.9e+037;:COMP:STAT OFF;:COMP:SWAP OFF;:COMP:TOL:NOM 0;:CURR:LEV 5e-005;:DISP:ENAB ON;:DISP:LINE """";:DISP:WIND:TEXT1:DATA:FMSD:DATA 1e-009;:DISP:WIND:TEXT2:DATA:FMSD:DATA 1e-009;:FORM:ASC:LONG ON;:FORM:BORD NORM;:FORM:DATA ASC,64;:FREQ:CW 120;:FUNC:DEV1:MODE OFF;:FUNC:DEV1:REF:VAL 0;:FUNC:DEV2:MODE OFF;:FUNC:DEV2:REF:VAL 0;:FUNC:IMP:TYPE LSRS;:FUNC:SMON:IDC:STAT OFF;:FUNC:SMON:VDC:STAT OFF;:INIT:CONT OFF;:LIST:MODE SEQ;:LIST:STIM:TYPE FREQ,NONE;:SOUR:DCS:VOLT:LEV 0;:TRIG:DEL 0;:TRIG:SOUR INT;:TRIG:TDEL 0;:DISP:WIND:TEXT1:DATA:FMSD:STAT OFF;:DISP:WIND:TEXT2:DATA:FMSD:STAT OFF;:FUNC:DCR:RANG:VAL 100;:FUNC:IMP:RANG:VAL 300;:OUTP:DC:ISOL:LEV:VAL 0.002;:OUTP:DC:ISOL:STAT OFF;:FUNC:DCR:RANG:AUTO ON;:FUNC:IMP:RANG:AUTO ON;:OUTP:DC:ISOL:LEV:AUTO ON;:DISP:PAGE MEASurement;
"
130.0,0.8112412829,460.1760596,5.8139e-06,0.00468628
130.0,0.8102948562,460.350917,5.80912e-06,0.00468662
130.0,0.8121000002,459.4147991,5.82287e-06,0.00468712
130.0,0.809706309,461.845477,5.80954e-06,0.00468666
130.0,0.8108087675,460.3977192,5.8195e-06,0.0046862
130.0,0.8090104776,460.0808733,5.80821e-06,0.00468615
130.0,0.809540642,460.0763697,5.81292e-06,0.00468779
130.0,0.8105927538,460.1419578,5.81131e-06,0.00468843
130.0,0.809107474,459.9990649,5.81009e-06,0.00468666
130.0,0.8077699748,460.4388353,5.82354e-06,0.0046866
130.0,0.8069954732,460.6708822,5.8146e-06,0.00468625
130.0,0.809372665,458.8887997,5.82683e-06,0.00468629
130.0,0.8103142377,463.4018834,5.80965e-06,0.00468692
130.0,0.8103619843,460.7495812,5.8127e-06,0.00468615
130.0,0.8111008507,459.5691372,5.81924e-06,0.00468649
130.0,0.8120651351,462.5358405,5.83852e-06,0.00468635
Freq,130,Rs,460.54613731874997,1.1532294887192964,Ls,0.8100239302499999,0.0013954024794978577
":SOUR:DCS:STAT OFF;:BIAS:STAT OFF;:COMP:BIN:COUN:CLE;:LIST:CLE:ALL;:COMP:BIN:CLE;:AMPL:ALC OFF;:APER MED,4;:BIAS:POL:AUTO OFF;:BIAS:RANG:AUTO ON;:BIAS:VOLT:LEV 0;:COMP:ABIN OFF;:COMP:BIN:COUN:STAT OFF;:COMP:MODE PTOL;:COMP:SLIM -9.9e+037,9.9e+037;:COMP:STAT OFF;:COMP:SWAP OFF;:COMP:TOL:NOM 0;:CURR:LEV 5e-005;:DISP:ENAB ON;:DISP:LINE """";:DISP:WIND:TEXT1:DATA:FMSD:DATA 1e-009;:DISP:WIND:TEXT2:DATA:FMSD:DATA 1e-009;:FORM:ASC:LONG ON;:FORM:BORD NORM;:FORM:DATA ASC,64;:FREQ:CW 130;:FUNC:DEV1:MODE OFF;:FUNC:DEV1:REF:VAL 0;:FUNC:DEV2:MODE OFF;:FUNC:DEV2:REF:VAL 0;:FUNC:IMP:TYPE LSRS;:FUNC:SMON:IDC:STAT OFF;:FUNC:SMON:VDC:STAT OFF;:INIT:CONT OFF;:LIST:MODE SEQ;:LIST:STIM:TYPE FREQ,NONE;:SOUR:DCS:VOLT:LEV 0;:TRIG:DEL 0;:TRIG:SOUR INT;:TRIG:TDEL 0;:DISP:WIND:TEXT1:DATA:FMSD:STAT OFF;:DISP:WIND:TEXT2:DATA:FMSD:STAT OFF;:FUNC:DCR:RANG:VAL 100;:FUNC:IMP:RANG:VAL 300;:OUTP:DC:ISOL:LEV:VAL 0.002;:OUTP:DC:ISOL:STAT OFF;:FUNC:DCR:RANG:AUTO ON;:FUNC:IMP:RANG:AUTO ON;:OUTP:DC:ISOL:LEV:AUTO ON;:DISP:PAGE MEASurement;
"
135.0,0.8337130076,465.6702141,5.57707e-06,0.00471661
135.0,0.830861361,463.2387472,5.57515e-06,0.00471634
135.0,0.8329814625,464.2165612,5.57195e-06,0.00471665
135.0,0.8318637372,464.854471,5.58138e-06,0.00471762
135.0,0.8322228728,465.5790714,5.57761e-06,0.00471528
135.0,0.8325693384,466.9280044,5.61086e-06,0.00471989
135.0,0.834562895,463.5153151,5.58759e-06,0.00471673
135.0,0.8323184417,466.4434648,5.57918e-06,0.00471655
135.0,0.8330533728,466.6895169,5.57109e-06,0.00471725
135.0,0.831050395,462.1785749,5.56765e-06,0.00472011
135.0,0.832933406,464.2961792,5.58226e-06,0.00471593
135.0,0.8304838852,468.1696381,5.56614e-06,0.00471644
135.0,0.834522699,465.9394156,5.56861e-06,0.00471641
135.0,0.832356336,464.8139161,5.58194e-06,0.00471547
135.0,0.8327299569,464.9682161,5.58278e-06,0.0047169
135.0,0.8183586391,450.0419777,5.56411e-06,0.00471669
Freq,135,Rs,464.2214552375,4.073048762877403,Ls,0.8316613628875,0.0037301771854340864
":SOUR:DCS:STAT OFF;:BIAS:STAT OFF;:COMP:BIN:COUN:CLE;:LIST:CLE:ALL;:COMP:BIN:CLE;:AMPL:ALC OFF;:APER MED,4;:BIAS:POL:AUTO OFF;:BIAS:RANG:AUTO ON;:BIAS:VOLT:LEV 0;:COMP:ABIN OFF;:COMP:BIN:COUN:STAT OFF;:COMP:MODE PTOL;:COMP:SLIM -9.9e+037,9.9e+037;:COMP:STAT OFF;:COMP:SWAP OFF;:COMP:TOL:NOM 0;:CURR:LEV 5e-005;:DISP:ENAB ON;:DISP:LINE """";:DISP:WIND:TEXT1:DATA:FMSD:DATA 1e-009;:DISP:WIND:TEXT2:DATA:FMSD:DATA 1e-009;:FORM:ASC:LONG ON;:FORM:BORD NORM;:FORM:DATA ASC,64;:FREQ:CW 135;:FUNC:DEV1:MODE OFF;:FUNC:DEV1:REF:VAL 0;:FUNC:DEV2:MODE OFF;:FUNC:DEV2:REF:VAL 0;:FUNC:IMP:TYPE LSRS;:FUNC:SMON:IDC:STAT OFF;:FUNC:SMON:VDC:STAT OFF;:INIT:CONT OFF;:LIST:MODE SEQ;:LIST:STIM:TYPE FREQ,NONE;:SOUR:DCS:VOLT:LEV 0;:TRIG:DEL 0;:TRIG:SOUR INT;:TRIG:TDEL 0;:DISP:WIND:TEXT1:DATA:FMSD:STAT OFF;:DISP:WIND:TEXT2:DATA:FMSD:STAT OFF;:FUNC:DCR:RANG:VAL 100;:FUNC:IMP:RANG:VAL 300;:OUTP:DC:ISOL:LEV:VAL 0.002;:OUTP:DC:ISOL:STAT OFF;:FUNC:DCR:RANG:AUTO ON;:FUNC:IMP:RANG:AUTO ON;:OUTP:DC:ISOL:LEV:AUTO ON;:DISP:PAGE MEASurement;
"
140.0,0.8546680105,477.7118286,5.32973e-06,0.00473916
140.0,0.8552502511,474.6043811,5.31179e-06,0.00474026
140.0,0.8513495311,478.4419581,5.31753e-06,0.00473979
140.0,0.8501358499,479.1275344,5.32337e-06,0.00473919
140.0,0.8527896189,479.4355978,5.3221e-06,0.00473906
140.0,0.8542809206,480.6067915,5.32578e-06,0.00474056
140.0,0.8568844306,476.2419278,5.34552e-06,0.00473935
140.0,0.852649225,478.567348,5.33373e-06,0.00474204
140.0,0.8564836931,478.3712529,5.33024e-06,0.00473901
140.0,0.8519440556,478.6055182,5.34153e-06,0.00473991
140.0,0.8523173683,478.3652544,5.33398e-06,0.00473985
140.0,0.8520687613,479.7728841,5.34122e-06,0.00473975
140.0,0.8526156504,475.7771136,5.33193e-06,0.00473915
140.0,0.8506247147,477.4583864,5.35022e-06,0.00474019
140.0,0.8534896197,476.4910506,5.32675e-06,0.00474049
140.0,0.852846,480.4560408,5.3312e-06,0.00474006
Freq,140,Rs,478.12717926875,1.6815624982178143,Ls,0.8531498563,0.0019312917939502293
":SOUR:DCS:STAT OFF;:BIAS:STAT OFF;:COMP:BIN:COUN:CLE;:LIST:CLE:ALL;:COMP:BIN:CLE;:AMPL:ALC OFF;:APER MED,4;:BIAS:POL:AUTO OFF;:BIAS:RANG:AUTO ON;:BIAS:VOLT:LEV 0;:COMP:ABIN OFF;:COMP:BIN:COUN:STAT OFF;:COMP:MODE PTOL;:COMP:SLIM -9.9e+037,9.9e+037;:COMP:STAT OFF;:COMP:SWAP OFF;:COMP:TOL:NOM 0;:CURR:LEV 5e-005;:DISP:ENAB ON;:DISP:LINE """";:DISP:WIND:TEXT1:DATA:FMSD:DATA 1e-009;:DISP:WIND:TEXT2:DATA:FMSD:DATA 1e-009;:FORM:ASC:LONG ON;:FORM:BORD NORM;:FORM:DATA ASC,64;:FREQ:CW 140;:FUNC:DEV1:MODE OFF;:FUNC:DEV1:REF:VAL 0;:FUNC:DEV2:MODE OFF;:FUNC:DEV2:REF:VAL 0;:FUNC:IMP:TYPE LSRS;:FUNC:SMON:IDC:STAT OFF;:FUNC:SMON:VDC:STAT OFF;:INIT:CONT OFF;:LIST:MODE SEQ;:LIST:STIM:TYPE FREQ,NONE;:SOUR:DCS:VOLT:LEV 0;:TRIG:DEL 0;:TRIG:SOUR INT;:TRIG:TDEL 0;:DISP:WIND:TEXT1:DATA:FMSD:STAT OFF;:DISP:WIND:TEXT2:DATA:FMSD:STAT OFF;:FUNC:DCR:RANG:VAL 100;:FUNC:IMP:RANG:VAL 300;:OUTP:DC:ISOL:LEV:VAL 0.002;:OUTP:DC:ISOL:STAT OFF;:FUNC:DCR:RANG:AUTO ON;:FUNC:IMP:RANG:AUTO ON;:OUTP:DC:ISOL:LEV:AUTO ON;:DISP:PAGE MEASurement;
"
145.0,0.8788065889,495.3402556,5.05388e-06,0.00476119
145.0,0.8778627243,494.650634,5.06432e-06,0.00475931
145.0,0.8734716627,495.3063325,5.05072e-06,0.00476206
145.0,0.8811354191,496.8384828,5.04512e-06,0.00475977
145.0,0.876597221,494.1361152,5.06864e-06,0.00476042
145.0,0.8797980831,497.3368198,5.06324e-06,0.00476097
145.0,0.8795939407,494.8052486,5.04157e-06,0.00476109
145.0,0.8796535067,495.8754226,5.06408e-06,0.0047599
145.0,0.8778341269,496.7565601,5.06653e-06,0.00476099
145.0,0.8820010172,498.9238805,5.06391e-06,0.00476171
145.0,0.8815820172,492.4005585,5.05794e-06,0.00476262
145.0,0.8817785843,489.8221032,5.07568e-06,0.00476038
145.0,0.8777855781,491.3814305,5.05653e-06,0.00476134
145.0,0.8765417952,493.557397,5.04836e-06,0.00476135
145.0,0.8816869325,494.398713,5.04629e-06,0.0047618
145.0,0.8788257407,492.4403211,5.06591e-06,0.00476018
Freq,145,Rs,494.6231421875,2.3464776493853736,Ls,0.8790596836625,0.002353815761685187
":SOUR:DCS:STAT OFF;:BIAS:STAT OFF;:COMP:BIN:COUN:CLE;:LIST:CLE:ALL;:COMP:BIN:CLE;:AMPL:ALC OFF;:APER MED,4;:BIAS:POL:AUTO OFF;:BIAS:RANG:AUTO ON;:BIAS:VOLT:LEV 0;:COMP:ABIN OFF;:COMP:BIN:COUN:STAT OFF;:COMP:MODE PTOL;:COMP:SLIM -9.9e+037,9.9e+037;:COMP:STAT OFF;:COMP:SWAP OFF;:COMP:TOL:NOM 0;:CURR:LEV 5e-005;:DISP:ENAB ON;:DISP:LINE """";:DISP:WIND:TEXT1:DATA:FMSD:DATA 1e-009;:DISP:WIND:TEXT2:DATA:FMSD:DATA 1e-009;:FORM:ASC:LONG ON;:FORM:BORD NORM;:FORM:DATA ASC,64;:FREQ:CW 145;:FUNC:DEV1:MODE OFF;:FUNC:DEV1:REF:VAL 0;:FUNC:DEV2:MODE OFF;:FUNC:DEV2:REF:VAL 0;:FUNC:IMP:TYPE LSRS;:FUNC:SMON:IDC:STAT OFF;:FUNC:SMON:VDC:STAT OFF;:INIT:CONT OFF;:LIST:MODE SEQ;:LIST:STIM:TYPE FREQ,NONE;:SOUR:DCS:VOLT:LEV 0;:TRIG:DEL 0;:TRIG:SOUR INT;:TRIG:TDEL 0;:DISP:WIND:TEXT1:DATA:FMSD:STAT OFF;:DISP:WIND:TEXT2:DATA:FMSD:STAT OFF;:FUNC:DCR:RANG:VAL 100;:FUNC:IMP:RANG:VAL 300;:OUTP:DC:ISOL:LEV:VAL 0.002;:OUTP:DC:ISOL:STAT OFF;:FUNC:DCR:RANG:AUTO ON;:FUNC:IMP:RANG:AUTO ON;:OUTP:DC:ISOL:LEV:AUTO ON;:DISP:PAGE MEASurement;
"
150.0,0.9067118955,514.2249003,4.79323e-06,0.00477903
150.0,0.9058611499,515.3450067,4.79714e-06,0.00477837
150.0,0.9085628512,515.9269343,4.7886e-06,0.00477798
150.0,0.9047321181,514.1253385,4.77979e-06,0.00477798
150.0,0.9078735354,514.7985566,4.78062e-06,0.00477837
150.0,0.9084547654,514.5041317,4.78782e-06,0.00477869
150.0,0.905988078,515.0203675,4.78168e-06,0.00477886
150.0,0.9049417654,515.8784235,4.80416e-06,0.00477807
150.0,0.9055159755,517.7207196,4.78823e-06,0.00477854
150.0,0.9067974199,514.9881812,4.78015e-06,0.00477716
150.0,0.905741217,516.2853469,4.78249e-06,0.0047783
150.0,0.9109977644,517.9100145,4.79409e-06,0.00477713
150.0,0.9087063405,514.9648622,4.78612e-06,0.00477816
150.0,0.907374934,515.1748435,4.78585e-06,0.00477667
150.0,0.9064158753,517.7801252,4.77587e-06,0.00477638
150.0,0.907320359,519.7484158,4.77298e-06,0.00477887
Freq,150,Rs,515.8997605,1.597509787186093,Ls,0.90699975278125,0.0016413718741885269
":SOUR:DCS:STAT OFF;:BIAS:STAT OFF;:COMP:BIN:COUN:CLE;:LIST:CLE:ALL;:COMP:BIN:CLE;:AMPL:ALC OFF;:APER MED,4;:BIAS:POL:AUTO OFF;:BIAS:RANG:AUTO ON;:BIAS:VOLT:LEV 0;:COMP:ABIN OFF;:COMP:BIN:COUN:STAT OFF;:COMP:MODE PTOL;:COMP:SLIM -9.9e+037,9.9e+037;:COMP:STAT OFF;:COMP:SWAP OFF;:COMP:TOL:NOM 0;:CURR:LEV 5e-005;:DISP:ENAB ON;:DISP:LINE """";:DISP:WIND:TEXT1:DATA:FMSD:DATA 1e-009;:DISP:WIND:TEXT2:DATA:FMSD:DATA 1e-009;:FORM:ASC:LONG ON;:FORM:BORD NORM;:FORM:DATA ASC,64;:FREQ:CW 150;:FUNC:DEV1:MODE OFF;:FUNC:DEV1:REF:VAL 0;:FUNC:DEV2:MODE OFF;:FUNC:DEV2:REF:VAL 0;:FUNC:IMP:TYPE LSRS;:FUNC:SMON:IDC:STAT OFF;:FUNC:SMON:VDC:STAT OFF;:INIT:CONT OFF;:LIST:MODE SEQ;:LIST:STIM:TYPE FREQ,NONE;:SOUR:DCS:VOLT:LEV 0;:TRIG:DEL 0;:TRIG:SOUR INT;:TRIG:TDEL 0;:DISP:WIND:TEXT1:DATA:FMSD:STAT OFF;:DISP:WIND:TEXT2:DATA:FMSD:STAT OFF;:FUNC:DCR:RANG:VAL 100;:FUNC:IMP:RANG:VAL 300;:OUTP:DC:ISOL:LEV:VAL 0.002;:OUTP:DC:ISOL:STAT OFF;:FUNC:DCR:RANG:AUTO ON;:FUNC:IMP:RANG:AUTO ON;:OUTP:DC:ISOL:LEV:AUTO ON;:DISP:PAGE MEASurement;
"
155.0,0.9628168728,534.3222447,4.45138e-06,0.00481305
155.0,0.9637635375,533.4793273,4.45509e-06,0.00481208
155.0,0.9638059152,533.597624,4.45683e-06,0.00481229
155.0,0.9644918798,534.3549943,4.44754e-06,0.0048133
155.0,0.9646423021,533.4924399,4.45353e-06,0.00481261
155.0,0.9653029546,536.6771298,4.45869e-06,0.00481262
155.0,0.9654255655,535.8485009,4.4545e-06,0.00481298
155.0,0.9661914785,533.8079533,4.45237e-06,0.00481302
155.0,0.965330789,534.8580573,4.44563e-06,0.00481279
155.0,0.9655475758,534.5407463,4.46106e-06,0.00481309
155.0,0.9655336123,535.2219743,4.46412e-06,0.00481254
155.0,0.9645614572,533.6544155,4.44809e-06,0.00481306
155.0,0.9658833128,536.1576176,4.45295e-06,0.00481189
155.0,0.9617128237,534.6342491,4.4536e-06,0.00481146
155.0,0.9626306671,533.5861076,4.44357e-06,0.00481226
155.0,0.9647991912,532.7433941,4.44926e-06,0.00481169
Freq,155,Rs,534.4360485,1.0938739961664732,Ls,0.96452749594375,0.0012741888420574393
":SOUR:DCS:STAT OFF;:BIAS:STAT OFF;:COMP:BIN:COUN:CLE;:LIST:CLE:ALL;:COMP:BIN:CLE;:AMPL:ALC OFF;:APER MED,4;:BIAS:POL:AUTO OFF;:BIAS:RANG:AUTO ON;:BIAS:VOLT:LEV 0;:COMP:ABIN OFF;:COMP:BIN:COUN:STAT OFF;:COMP:MODE PTOL;:COMP:SLIM -9.9e+037,9.9e+037;:COMP:STAT OFF;:COMP:SWAP OFF;:COMP:TOL:NOM 0;:CURR:LEV 5e-005;:DISP:ENAB ON;:DISP:LINE """";:DISP:WIND:TEXT1:DATA:FMSD:DATA 1e-009;:DISP:WIND:TEXT2:DATA:FMSD:DATA 1e-009;:FORM:ASC:LONG ON;:FORM:BORD NORM;:FORM:DATA ASC,64;:FREQ:CW 155;:FUNC:DEV1:MODE OFF;:FUNC:DEV1:REF:VAL 0;:FUNC:DEV2:MODE OFF;:FUNC:DEV2:REF:VAL 0;:FUNC:IMP:TYPE LSRS;:FUNC:SMON:IDC:STAT OFF;:FUNC:SMON:VDC:STAT OFF;:INIT:CONT OFF;:LIST:MODE SEQ;:LIST:STIM:TYPE FREQ,NONE;:SOUR:DCS:VOLT:LEV 0;:TRIG:DEL 0;:TRIG:SOUR INT;:TRIG:TDEL 0;:DISP:WIND:TEXT1:DATA:FMSD:STAT OFF;:DISP:WIND:TEXT2:DATA:FMSD:STAT OFF;:FUNC:DCR:RANG:VAL 100;:FUNC:IMP:RANG:VAL 1000;:OUTP:DC:ISOL:LEV:VAL 0.002;:OUTP:DC:ISOL:STAT OFF;:FUNC:DCR:RANG:AUTO ON;:FUNC:IMP:RANG:AUTO ON;:OUTP:DC:ISOL:LEV:AUTO ON;:DISP:PAGE MEASurement;
"
160.0,1.088646134,584.81972,3.91242e-06,0.00485576
160.0,1.091049707,585.7050621,3.90724e-06,0.00485716
160.0,1.090672879,585.9025006,3.90752e-06,0.00485601
160.0,1.090580006,583.0779807,3.91487e-06,0.00485559
160.0,1.091476986,583.7702636,3.90981e-06,0.00485577
160.0,1.088952712,584.6946331,3.90242e-06,0.00485642
160.0,1.092639983,583.9323504,3.91323e-06,0.00485624
160.0,1.090705235,585.5474953,3.90495e-06,0.00485637
160.0,1.090583975,586.9860607,3.90638e-06,0.00485673
160.0,1.090697708,583.3030343,3.91248e-06,0.00485571
160.0,1.088982454,585.587007,3.90322e-06,0.00485578
160.0,1.088675291,584.8488887,3.90665e-06,0.0048554
160.0,1.089968538,584.2507655,3.91251e-06,0.00485564
160.0,1.089960499,583.8541398,3.90885e-06,0.00485605
160.0,1.091756304,583.6624633,3.90324e-06,0.00485581
160.0,1.090767661,582.7694019,3.91323e-06,0.00485597
Freq,160,Rs,584.5444854375,1.171721576827345,Ls,1.0903822545,0.0011380045644103086
":SOUR:DCS:STAT OFF;:BIAS:STAT OFF;:COMP:BIN:COUN:CLE;:LIST:CLE:ALL;:COMP:BIN:CLE;:AMPL:ALC OFF;:APER MED,4;:BIAS:POL:AUTO OFF;:BIAS:RANG:AUTO ON;:BIAS:VOLT:LEV 0;:COMP:ABIN OFF;:COMP:BIN:COUN:STAT OFF;:COMP:MODE PTOL;:COMP:SLIM -9.9e+037,9.9e+037;:COMP:STAT OFF;:COMP:SWAP OFF;:COMP:TOL:NOM 0;:CURR:LEV 5e-005;:DISP:ENAB ON;:DISP:LINE """";:DISP:WIND:TEXT1:DATA:FMSD:DATA 1e-009;:DISP:WIND:TEXT2:DATA:FMSD:DATA 1e-009;:FORM:ASC:LONG ON;:FORM:BORD NORM;:FORM:DATA ASC,64;:FREQ:CW 160;:FUNC:DEV1:MODE OFF;:FUNC:DEV1:REF:VAL 0;:FUNC:DEV2:MODE OFF;:FUNC:DEV2:REF:VAL 0;:FUNC:IMP:TYPE LSRS;:FUNC:SMON:IDC:STAT OFF;:FUNC:SMON:VDC:STAT OFF;:INIT:CONT OFF;:LIST:MODE SEQ;:LIST:STIM:TYPE FREQ,NONE;:SOUR:DCS:VOLT:LEV 0;:TRIG:DEL 0;:TRIG:SOUR INT;:TRIG:TDEL 0;:DISP:WIND:TEXT1:DATA:FMSD:STAT OFF;:DISP:WIND:TEXT2:DATA:FMSD:STAT OFF;:FUNC:DCR:RANG:VAL 100;:FUNC:IMP:RANG:VAL 1000;:OUTP:DC:ISOL:LEV:VAL 0.002;:OUTP:DC:ISOL:STAT OFF;:FUNC:DCR:RANG:AUTO ON;:FUNC:IMP:RANG:AUTO ON;:OUTP:DC:ISOL:LEV:AUTO ON;:DISP:PAGE MEASurement;
"
165.0,1.321970095,805.2953941,3.07796e-06,0.00489233
165.0,1.323687936,813.5121323,3.06538e-06,0.00489232
165.0,1.321012002,805.2908476,3.07037e-06,0.00489175
165.0,1.325750593,808.9546849,3.07323e-06,0.00489168
165.0,1.322410185,806.461549,3.07438e-06,0.00489271
165.0,1.322230731,808.7989842,3.07173e-06,0.00489149
165.0,1.32594315,807.9657474,3.0745e-06,0.0048916
165.0,1.321761779,810.8775979,3.0785e-06,0.00489237
165.0,1.321769139,808.4447027,3.07904e-06,0.00489144
165.0,1.319308806,805.5088876,3.08103e-06,0.00489126
165.0,1.318174056,806.1120156,3.08228e-06,0.00489086
165.0,1.318826798,803.6020716,3.08283e-06,0.00489089
165.0,1.317191886,804.9702574,3.08406e-06,0.00489038
165.0,1.319559747,802.4076667,3.09329e-06,0.00489238
165.0,1.315618393,806.426226,3.08568e-06,0.0048911
165.0,1.317406612,802.3921323,3.08155e-06,0.00489199
Freq,165,Rs,806.68880608125,2.982357471396462,Ls,1.32078886925,0.002979375474603889
":SOUR:DCS:STAT OFF;:BIAS:STAT OFF;:COMP:BIN:COUN:CLE;:LIST:CLE:ALL;:COMP:BIN:CLE;:AMPL:ALC OFF;:APER MED,4;:BIAS:POL:AUTO OFF;:BIAS:RANG:AUTO ON;:BIAS:VOLT:LEV 0;:COMP:ABIN OFF;:COMP:BIN:COUN:STAT OFF;:COMP:MODE PTOL;:COMP:SLIM -9.9e+037,9.9e+037;:COMP:STAT OFF;:COMP:SWAP OFF;:COMP:TOL:NOM 0;:CURR:LEV 5e-005;:DISP:ENAB ON;:DISP:LINE """";:DISP:WIND:TEXT1:DATA:FMSD:DATA 1e-009;:DISP:WIND:TEXT2:DATA:FMSD:DATA 1e-009;:FORM:ASC:LONG ON;:FORM:BORD NORM;:FORM:DATA ASC,64;:FREQ:CW 165;:FUNC:DEV1:MODE OFF;:FUNC:DEV1:REF:VAL 0;:FUNC:DEV2:MODE OFF;:FUNC:DEV2:REF:VAL 0;:FUNC:IMP:TYPE LSRS;:FUNC:SMON:IDC:STAT OFF;:FUNC:SMON:VDC:STAT OFF;:INIT:CONT OFF;:LIST:MODE SEQ;:LIST:STIM:TYPE FREQ,NONE;:SOUR:DCS:VOLT:LEV 0;:TRIG:DEL 0;:TRIG:SOUR INT;:TRIG:TDEL 0;:DISP:WIND:TEXT1:DATA:FMSD:STAT OFF;:DISP:WIND:TEXT2:DATA:FMSD:STAT OFF;:FUNC:DCR:RANG:VAL 100;:FUNC:IMP:RANG:VAL 1000;:OUTP:DC:ISOL:LEV:VAL 0.002;:OUTP:DC:ISOL:STAT OFF;:FUNC:DCR:RANG:AUTO ON;:FUNC:IMP:RANG:AUTO ON;:OUTP:DC:ISOL:LEV:AUTO ON;:DISP:PAGE MEASurement;
"
170.0,1.60040522,2072.016391,1.83062e-06,0.00491418
170.0,1.595529939,2074.885033,1.83961e-06,0.00491441
170.0,1.604461614,2072.259405,1.83317e-06,0.00491575
170.0,1.594919787,2070.321999,1.82924e-06,0.00491487
170.0,1.585711415,2058.92823,1.83645e-06,0.00491503
170.0,1.584432694,2050.182281,1.836e-06,0.00491438
170.0,1.608762432,2066.608101,1.8229e-06,0.00491489
170.0,1.59032044,2080.293542,1.829e-06,0.00491461
170.0,1.599945124,2072.482593,1.82918e-06,0.00491443
170.0,1.603359666,2081.188947,1.83001e-06,0.00491422
170.0,1.5981324,2067.401659,1.81375e-06,0.00491363
170.0,1.606794884,2083.260982,1.82244e-06,0.00491441
170.0,1.582961222,2075.184051,1.83441e-06,0.004914
170.0,1.603470739,2077.573907,1.81371e-06,0.00491543
170.0,1.587766414,2062.220302,1.83414e-06,0.00491362
170.0,1.599988703,2065.838801,1.83372e-06,0.00491366
Freq,170,Rs,2070.665389,8.698201767054325,Ls,1.5966851683124998,0.008246230348503508
":SOUR:DCS:STAT OFF;:BIAS:STAT OFF;:COMP:BIN:COUN:CLE;:LIST:CLE:ALL;:COMP:BIN:CLE;:AMPL:ALC OFF;:APER MED,4;:BIAS:POL:AUTO OFF;:BIAS:RANG:AUTO ON;:BIAS:VOLT:LEV 0;:COMP:ABIN OFF;:COMP:BIN:COUN:STAT OFF;:COMP:MODE PTOL;:COMP:SLIM -9.9e+037,9.9e+037;:COMP:STAT OFF;:COMP:SWAP OFF;:COMP:TOL:NOM 0;:CURR:LEV 5e-005;:DISP:ENAB ON;:DISP:LINE """";:DISP:WIND:TEXT1:DATA:FMSD:DATA 1e-009;:DISP:WIND:TEXT2:DATA:FMSD:DATA 1e-009;:FORM:ASC:LONG ON;:FORM:BORD NORM;:FORM:DATA ASC,64;:FREQ:CW 170;:FUNC:DEV1:MODE OFF;:FUNC:DEV1:REF:VAL 0;:FUNC:DEV2:MODE OFF;:FUNC:DEV2:REF:VAL 0;:FUNC:IMP:TYPE LSRS;:FUNC:SMON:IDC:STAT OFF;:FUNC:SMON:VDC:STAT OFF;:INIT:CONT OFF;:LIST:MODE SEQ;:LIST:STIM:TYPE FREQ,NONE;:SOUR:DCS:VOLT:LEV 0;:TRIG:DEL 0;:TRIG:SOUR INT;:TRIG:TDEL 0;:DISP:WIND:TEXT1:DATA:FMSD:STAT OFF;:DISP:WIND:TEXT2:DATA:FMSD:STAT OFF;:FUNC:DCR:RANG:VAL 100;:FUNC:IMP:RANG:VAL 1000;:OUTP:DC:ISOL:LEV:VAL 0.002;:OUTP:DC:ISOL:STAT OFF;:FUNC:DCR:RANG:AUTO ON;:FUNC:IMP:RANG:AUTO ON;:OUTP:DC:ISOL:LEV:AUTO ON;:DISP:PAGE MEASurement;
"
175.0,-0.3572561429,1295.276772,3.48881e-06,0.00472061
175.0,-0.3592995808,1291.422003,3.48471e-06,0.00472185
175.0,-0.3585532027,1292.843808,3.49008e-06,0.0047218
175.0,-0.3590131585,1290.600957,3.49994e-06,0.00472127
175.0,-0.3539017759,1293.460744,3.49188e-06,0.0047215
175.0,-0.3566893743,1289.499439,3.5116e-06,0.00472056
175.0,-0.3580900762,1297.641057,3.4946e-06,0.00472286
175.0,-0.3542346124,1290.953837,3.5082e-06,0.00472088
175.0,-0.3595046797,1293.830107,3.49193e-06,0.00472196
175.0,-0.3597058908,1293.801875,3.50848e-06,0.00472054
175.0,-0.3587319477,1295.055069,3.5079e-06,0.00472086
175.0,-0.3559774093,1287.193088,3.48014e-06,0.00472108
175.0,-0.3551185942,1288.380466,3.50218e-06,0.0047217
175.0,-0.3557424599,1287.553197,3.49938e-06,0.00472143
175.0,-0.3560004764,1285.708473,3.50844e-06,0.00472059
175.0,-0.3583240962,1294.38952,3.50047e-06,0.00472118
Freq,175,Rs,1291.72565075,3.376813326583181,Ls,-0.35725896736875,0.0019112123534911034
":SOUR:DCS:STAT OFF;:BIAS:STAT OFF;:COMP:BIN:COUN:CLE;:LIST:CLE:ALL;:COMP:BIN:CLE;:AMPL:ALC OFF;:APER MED,4;:BIAS:POL:AUTO OFF;:BIAS:RANG:AUTO ON;:BIAS:VOLT:LEV 0;:COMP:ABIN OFF;:COMP:BIN:COUN:STAT OFF;:COMP:MODE PTOL;:COMP:SLIM -9.9e+037,9.9e+037;:COMP:STAT OFF;:COMP:SWAP OFF;:COMP:TOL:NOM 0;:CURR:LEV 5e-005;:DISP:ENAB ON;:DISP:LINE """";:DISP:WIND:TEXT1:DATA:FMSD:DATA 1e-009;:DISP:WIND:TEXT2:DATA:FMSD:DATA 1e-009;:FORM:ASC:LONG ON;:FORM:BORD NORM;:FORM:DATA ASC,64;:FREQ:CW 175;:FUNC:DEV1:MODE OFF;:FUNC:DEV1:REF:VAL 0;:FUNC:DEV2:MODE OFF;:FUNC:DEV2:REF:VAL 0;:FUNC:IMP:TYPE LSRS;:FUNC:SMON:IDC:STAT OFF;:FUNC:SMON:VDC:STAT OFF;:INIT:CONT OFF;:LIST:MODE SEQ;:LIST:STIM:TYPE FREQ,NONE;:SOUR:DCS:VOLT:LEV 0;:TRIG:DEL 0;:TRIG:SOUR INT;:TRIG:TDEL 0;:DISP:WIND:TEXT1:DATA:FMSD:STAT OFF;:DISP:WIND:TEXT2:DATA:FMSD:STAT OFF;:FUNC:DCR:RANG:VAL 100;:FUNC:IMP:RANG:VAL 1000;:OUTP:DC:ISOL:LEV:VAL 0.002;:OUTP:DC:ISOL:STAT OFF;:FUNC:DCR:RANG:AUTO ON;:FUNC:IMP:RANG:AUTO ON;:OUTP:DC:ISOL:LEV:AUTO ON;:DISP:PAGE MEASurement;
"
200.0,0.4430036565,561.1082793,5.84353e-06,0.00461955
200.0,0.4429697913,560.8382339,5.8439e-06,0.00461789
200.0,0.4437617746,560.0501443,5.8503e-06,0.00461863
200.0,0.4427135251,560.3704395,5.84087e-06,0.00461872
200.0,0.4427598934,560.1660684,5.84359e-06,0.00461811
200.0,0.4432692448,560.6126247,5.84926e-06,0.00461848
200.0,0.4435266598,560.6813097,5.84233e-06,0.00461824
200.0,0.4428130372,560.4819618,5.84378e-06,0.00461818
200.0,0.4432050001,561.0090823,5.84086e-06,0.00461809
200.0,0.4430399285,559.755394,5.84264e-06,0.00461871
200.0,0.4429514825,561.3842639,5.84603e-06,0.00461876
200.0,0.4426765961,560.7282698,5.85036e-06,0.00461878
200.0,0.4439869302,560.8908068,5.84496e-06,0.00461894
200.0,0.4428542248,561.1783242,5.85353e-06,0.00461812
200.0,0.4433741684,559.9829737,5.84805e-06,0.00461886
200.0,0.4432712015,560.9930898,5.84321e-06,0.00461819
Freq,200,Rs,560.63945413125,0.4705129079115984,Ls,0.443136069675,0.0003802562160124462
":SOUR:DCS:STAT OFF;:BIAS:STAT OFF;:COMP:BIN:COUN:CLE;:LIST:CLE:ALL;:COMP:BIN:CLE;:AMPL:ALC OFF;:APER MED,4;:BIAS:POL:AUTO OFF;:BIAS:RANG:AUTO ON;:BIAS:VOLT:LEV 0;:COMP:ABIN OFF;:COMP:BIN:COUN:STAT OFF;:COMP:MODE PTOL;:COMP:SLIM -9.9e+037,9.9e+037;:COMP:STAT OFF;:COMP:SWAP OFF;:COMP:TOL:NOM 0;:CURR:LEV 5e-005;:DISP:ENAB ON;:DISP:LINE """";:DISP:WIND:TEXT1:DATA:FMSD:DATA 1e-009;:DISP:WIND:TEXT2:DATA:FMSD:DATA 1e-009;:FORM:ASC:LONG ON;:FORM:BORD NORM;:FORM:DATA ASC,64;:FREQ:CW 200;:FUNC:DEV1:MODE OFF;:FUNC:DEV1:REF:VAL 0;:FUNC:DEV2:MODE OFF;:FUNC:DEV2:REF:VAL 0;:FUNC:IMP:TYPE LSRS;:FUNC:SMON:IDC:STAT OFF;:FUNC:SMON:VDC:STAT OFF;:INIT:CONT OFF;:LIST:MODE SEQ;:LIST:STIM:TYPE FREQ,NONE;:SOUR:DCS:VOLT:LEV 0;:TRIG:DEL 0;:TRIG:SOUR INT;:TRIG:TDEL 0;:DISP:WIND:TEXT1:DATA:FMSD:STAT OFF;:DISP:WIND:TEXT2:DATA:FMSD:STAT OFF;:FUNC:DCR:RANG:VAL 100;:FUNC:IMP:RANG:VAL 300;:OUTP:DC:ISOL:LEV:VAL 0.002;:OUTP:DC:ISOL:STAT OFF;:FUNC:DCR:RANG:AUTO ON;:FUNC:IMP:RANG:AUTO ON;:OUTP:DC:ISOL:LEV:AUTO ON;:DISP:PAGE MEASurement;
"
240.0,0.5251289453,598.1588679,4.77678e-06,0.00474376
240.0,0.5253036837,597.5279644,4.77772e-06,0.00474406
240.0,0.5250984617,598.2402866,4.7772e-06,0.00474345
240.0,0.5252739833,597.7665469,4.77749e-06,0.00474361
240.0,0.5253042297,597.5751327,4.77966e-06,0.00474335
240.0,0.5252808512,596.8397671,4.78095e-06,0.0047431
240.0,0.5254397894,597.6265216,4.78106e-06,0.00474328
240.0,0.5252309192,597.4348827,4.78088e-06,0.0047434
240.0,0.5258760783,597.2639905,4.77917e-06,0.00474319
240.0,0.5250271146,597.3291356,4.77825e-06,0.00474369
240.0,0.5251600755,598.1257864,4.77873e-06,0.00474327
240.0,0.5249395008,598.1312495,4.78175e-06,0.00474347
240.0,0.5249685573,597.7520458,4.78029e-06,0.00474318
240.0,0.5250972699,597.2048396,4.77915e-06,0.00474348
240.0,0.525262152,598.6682157,4.77801e-06,0.00474351
240.0,0.5256074363,598.4352999,4.77882e-06,0.0047431
Freq,240,Rs,597.75503330625,0.4993481919549898,Ls,0.5252499405125,0.00023915753431631498
":SOUR:DCS:STAT OFF;:BIAS:STAT OFF;:COMP:BIN:COUN:CLE;:LIST:CLE:ALL;:COMP:BIN:CLE;:AMPL:ALC OFF;:APER MED,4;:BIAS:POL:AUTO OFF;:BIAS:RANG:AUTO ON;:BIAS:VOLT:LEV 0;:COMP:ABIN OFF;:COMP:BIN:COUN:STAT OFF;:COMP:MODE PTOL;:COMP:SLIM -9.9e+037,9.9e+037;:COMP:STAT OFF;:COMP:SWAP OFF;:COMP:TOL:NOM 0;:CURR:LEV 5e-005;:DISP:ENAB ON;:DISP:LINE """";:DISP:WIND:TEXT1:DATA:FMSD:DATA 1e-009;:DISP:WIND:TEXT2:DATA:FMSD:DATA 1e-009;:FORM:ASC:LONG ON;:FORM:BORD NORM;:FORM:DATA ASC,64;:FREQ:CW 240;:FUNC:DEV1:MODE OFF;:FUNC:DEV1:REF:VAL 0;:FUNC:DEV2:MODE OFF;:FUNC:DEV2:REF:VAL 0;:FUNC:IMP:TYPE LSRS;:FUNC:SMON:IDC:STAT OFF;:FUNC:SMON:VDC:STAT OFF;:INIT:CONT OFF;:LIST:MODE SEQ;:LIST:STIM:TYPE FREQ,NONE;:SOUR:DCS:VOLT:LEV 0;:TRIG:DEL 0;:TRIG:SOUR INT;:TRIG:TDEL 0;:DISP:WIND:TEXT1:DATA:FMSD:STAT OFF;:DISP:WIND:TEXT2:DATA:FMSD:STAT OFF;:FUNC:DCR:RANG:VAL 100;:FUNC:IMP:RANG:VAL 300;:OUTP:DC:ISOL:LEV:VAL 0.002;:OUTP:DC:ISOL:STAT OFF;:FUNC:DCR:RANG:AUTO ON;:FUNC:IMP:RANG:AUTO ON;:OUTP:DC:ISOL:LEV:AUTO ON;:DISP:PAGE MEASurement;
"
400.0,0.4757220986,787.4813977,3.39219e-06,0.00485843
400.0,0.4764810344,789.7941616,3.39162e-06,0.00485859
400.0,0.4764945552,788.8594936,3.3879e-06,0.0048585
400.0,0.4753704176,790.7065297,3.39101e-06,0.00485814
400.0,0.4758316038,789.5282099,3.38887e-06,0.00485853
400.0,0.4762408704,788.1160618,3.3909e-06,0.00485794
400.0,0.476393113,790.1166115,3.39109e-06,0.00485841
400.0,0.4760376539,789.9525369,3.39135e-06,0.00485808
400.0,0.4765548456,788.7122107,3.38979e-06,0.0048581
400.0,0.476016433,789.9136168,3.38929e-06,0.00485802
400.0,0.4762282765,790.5718091,3.39043e-06,0.00485856
400.0,0.4761144373,789.4642664,3.39194e-06,0.00485828
400.0,0.476381225,789.0561522,3.38811e-06,0.00485838
400.0,0.4766067421,790.2570993,3.38629e-06,0.00485838
400.0,0.475092601,789.9953766,3.38926e-06,0.00485812
400.0,0.476271144,788.6650536,3.3919e-06,0.00485827
Freq,400,Rs,789.4494117125,0.8996983994663116,Ls,0.47611481571250003,0.00042931584857484775
":SOUR:DCS:STAT OFF;:BIAS:STAT OFF;:COMP:BIN:COUN:CLE;:LIST:CLE:ALL;:COMP:BIN:CLE;:AMPL:ALC OFF;:APER MED,4;:BIAS:POL:AUTO OFF;:BIAS:RANG:AUTO ON;:BIAS:VOLT:LEV 0;:COMP:ABIN OFF;:COMP:BIN:COUN:STAT OFF;:COMP:MODE PTOL;:COMP:SLIM -9.9e+037,9.9e+037;:COMP:STAT OFF;:COMP:SWAP OFF;:COMP:TOL:NOM 0;:CURR:LEV 5e-005;:DISP:ENAB ON;:DISP:LINE """";:DISP:WIND:TEXT1:DATA:FMSD:DATA 1e-009;:DISP:WIND:TEXT2:DATA:FMSD:DATA 1e-009;:FORM:ASC:LONG ON;:FORM:BORD NORM;:FORM:DATA ASC,64;:FREQ:CW 400;:FUNC:DEV1:MODE OFF;:FUNC:DEV1:REF:VAL 0;:FUNC:DEV2:MODE OFF;:FUNC:DEV2:REF:VAL 0;:FUNC:IMP:TYPE LSRS;:FUNC:SMON:IDC:STAT OFF;:FUNC:SMON:VDC:STAT OFF;:INIT:CONT OFF;:LIST:MODE SEQ;:LIST:STIM:TYPE FREQ,NONE;:SOUR:DCS:VOLT:LEV 0;:TRIG:DEL 0;:TRIG:SOUR INT;:TRIG:TDEL 0;:DISP:WIND:TEXT1:DATA:FMSD:STAT OFF;:DISP:WIND:TEXT2:DATA:FMSD:STAT OFF;:FUNC:DCR:RANG:VAL 100;:FUNC:IMP:RANG:VAL 1000;:OUTP:DC:ISOL:LEV:VAL 0.002;:OUTP:DC:ISOL:STAT OFF;:FUNC:DCR:RANG:AUTO ON;:FUNC:IMP:RANG:AUTO ON;:OUTP:DC:ISOL:LEV:AUTO ON;:DISP:PAGE MEASurement;
"
800.0,0.4076192279,1188.979329,2.07699e-06,0.00491994
800.0,0.4077567,1189.222596,2.07622e-06,0.00492007
800.0,0.4077708077,1189.034782,2.07691e-06,0.00492032
800.0,0.4077147469,1188.962818,2.0769e-06,0.00492009
800.0,0.4077130597,1189.186813,2.07662e-06,0.0049202
800.0,0.4078460703,1189.028656,2.07656e-06,0.00492014
800.0,0.4078360774,1189.100976,2.07651e-06,0.00492002
800.0,0.4077155249,1189.078867,2.07687e-06,0.00492036
800.0,0.4077340868,1189.246175,2.07631e-06,0.00492052
800.0,0.4076756229,1188.978393,2.07649e-06,0.00492007
800.0,0.4077521109,1188.840807,2.07651e-06,0.00491996
800.0,0.4077356825,1189.522105,2.07666e-06,0.00492014
800.0,0.4078073858,1188.908545,2.07617e-06,0.00491991
800.0,0.4077765834,1188.915055,2.07693e-06,0.00492019
800.0,0.4077861127,1188.967415,2.07662e-06,0.00492028
800.0,0.407717835,1188.597995,2.07649e-06,0.00491993
Freq,800,Rs,1189.0357079374999,0.203561387385538,Ls,0.407747352175,5.7870481091122716e-05
":SOUR:DCS:STAT OFF;:BIAS:STAT OFF;:COMP:BIN:COUN:CLE;:LIST:CLE:ALL;:COMP:BIN:CLE;:AMPL:ALC OFF;:APER MED,4;:BIAS:POL:AUTO OFF;:BIAS:RANG:AUTO ON;:BIAS:VOLT:LEV 0;:COMP:ABIN OFF;:COMP:BIN:COUN:STAT OFF;:COMP:MODE PTOL;:COMP:SLIM -9.9e+037,9.9e+037;:COMP:STAT OFF;:COMP:SWAP OFF;:COMP:TOL:NOM 0;:CURR:LEV 5e-005;:DISP:ENAB ON;:DISP:LINE """";:DISP:WIND:TEXT1:DATA:FMSD:DATA 1e-009;:DISP:WIND:TEXT2:DATA:FMSD:DATA 1e-009;:FORM:ASC:LONG ON;:FORM:BORD NORM;:FORM:DATA ASC,64;:FREQ:CW 800;:FUNC:DEV1:MODE OFF;:FUNC:DEV1:REF:VAL 0;:FUNC:DEV2:MODE OFF;:FUNC:DEV2:REF:VAL 0;:FUNC:IMP:TYPE LSRS;:FUNC:SMON:IDC:STAT OFF;:FUNC:SMON:VDC:STAT OFF;:INIT:CONT OFF;:LIST:MODE SEQ;:LIST:STIM:TYPE FREQ,NONE;:SOUR:DCS:VOLT:LEV 0;:TRIG:DEL 0;:TRIG:SOUR INT;:TRIG:TDEL 0;:DISP:WIND:TEXT1:DATA:FMSD:STAT OFF;:DISP:WIND:TEXT2:DATA:FMSD:STAT OFF;:FUNC:DCR:RANG:VAL 100;:FUNC:IMP:RANG:VAL 1000;:OUTP:DC:ISOL:LEV:VAL 0.002;:OUTP:DC:ISOL:STAT OFF;:FUNC:DCR:RANG:AUTO ON;:FUNC:IMP:RANG:AUTO ON;:OUTP:DC:ISOL:LEV:AUTO ON;:DISP:PAGE MEASurement;
"
1000.0,0.3848860943,1375.347915,1.76887e-06,0.00492073
1000.0,0.3848768891,1375.35687,1.76853e-06,0.00492037
1000.0,0.3848383217,1375.707406,1.76889e-06,0.00492037
1000.0,0.3847770785,1375.123855,1.76885e-06,0.0049203
1000.0,0.3848866456,1375.296928,1.76903e-06,0.00492026
1000.0,0.3848422069,1374.90218,1.76919e-06,0.00492019
1000.0,0.384874786,1375.123293,1.76908e-06,0.00492051
1000.0,0.3848334313,1375.387981,1.76874e-06,0.00492021
1000.0,0.384972687,1375.578482,1.76871e-06,0.00492021
1000.0,0.3848477253,1374.813341,1.76914e-06,0.00492021
1000.0,0.3848592631,1375.335867,1.76869e-06,0.00492045
1000.0,0.3848549989,1375.361244,1.76892e-06,0.00492019
1000.0,0.3847944381,1375.013957,1.76883e-06,0.00492018
1000.0,0.3848832496,1374.805992,1.76845e-06,0.00492016
1000.0,0.3849218404,1375.306337,1.76873e-06,0.00492017
1000.0,0.3849137485,1375.163236,1.76865e-06,0.00492018
Freq,1000,Rs,1375.22655525,0.2552779387186772,Ls,0.38486646276875003,4.7624593924099466e-05
":SOUR:DCS:STAT OFF;:BIAS:STAT OFF;:COMP:BIN:COUN:CLE;:LIST:CLE:ALL;:COMP:BIN:CLE;:AMPL:ALC OFF;:APER MED,4;:BIAS:POL:AUTO OFF;:BIAS:RANG:AUTO ON;:BIAS:VOLT:LEV 0;:COMP:ABIN OFF;:COMP:BIN:COUN:STAT OFF;:COMP:MODE PTOL;:COMP:SLIM -9.9e+037,9.9e+037;:COMP:STAT OFF;:COMP:SWAP OFF;:COMP:TOL:NOM 0;:CURR:LEV 5e-005;:DISP:ENAB ON;:DISP:LINE """";:DISP:WIND:TEXT1:DATA:FMSD:DATA 1e-009;:DISP:WIND:TEXT2:DATA:FMSD:DATA 1e-009;:FORM:ASC:LONG ON;:FORM:BORD NORM;:FORM:DATA ASC,64;:FREQ:CW 1000;:FUNC:DEV1:MODE OFF;:FUNC:DEV1:REF:VAL 0;:FUNC:DEV2:MODE OFF;:FUNC:DEV2:REF:VAL 0;:FUNC:IMP:TYPE LSRS;:FUNC:SMON:IDC:STAT OFF;:FUNC:SMON:VDC:STAT OFF;:INIT:CONT OFF;:LIST:MODE SEQ;:LIST:STIM:TYPE FREQ,NONE;:SOUR:DCS:VOLT:LEV 0;:TRIG:DEL 0;:TRIG:SOUR INT;:TRIG:TDEL 0;:DISP:WIND:TEXT1:DATA:FMSD:STAT OFF;:DISP:WIND:TEXT2:DATA:FMSD:STAT OFF;:FUNC:DCR:RANG:VAL 100;:FUNC:IMP:RANG:VAL 1000;:OUTP:DC:ISOL:LEV:VAL 0.002;:OUTP:DC:ISOL:STAT OFF;:FUNC:DCR:RANG:AUTO ON;:FUNC:IMP:RANG:AUTO ON;:OUTP:DC:ISOL:LEV:AUTO ON;:DISP:PAGE MEASurement;
"
":SOUR:DCS:STAT OFF;:BIAS:STAT OFF;:COMP:BIN:COUN:CLE;:LIST:CLE:ALL;:COMP:BIN:CLE;:AMPL:ALC OFF;:APER MED,4;:BIAS:POL:AUTO OFF;:BIAS:RANG:AUTO ON;:BIAS:VOLT:LEV 0;:COMP:ABIN OFF;:COMP:BIN:COUN:STAT OFF;:COMP:MODE PTOL;:COMP:SLIM -9.9e+037,9.9e+037;:COMP:STAT OFF;:COMP:SWAP OFF;:COMP:TOL:NOM 0;:CURR:LEV 5e-005;:DISP:ENAB ON;:DISP:LINE """";:DISP:WIND:TEXT1:DATA:FMSD:DATA 1e-009;:DISP:WIND:TEXT2:DATA:FMSD:DATA 1e-009;:FORM:ASC:LONG ON;:FORM:BORD NORM;:FORM:DATA ASC,64;:FREQ:CW 1000;:FUNC:DEV1:MODE OFF;:FUNC:DEV1:REF:VAL 0;:FUNC:DEV2:MODE OFF;:FUNC:DEV2:REF:VAL 0;:FUNC:IMP:TYPE LSRS;:FUNC:SMON:IDC:STAT OFF;:FUNC:SMON:VDC:STAT OFF;:INIT:CONT OFF;:LIST:MODE SEQ;:LIST:STIM:TYPE FREQ,NONE;:SOUR:DCS:VOLT:LEV 0;:TRIG:DEL 0;:TRIG:SOUR INT;:TRIG:TDEL 0;:DISP:WIND:TEXT1:DATA:FMSD:STAT OFF;:DISP:WIND:TEXT2:DATA:FMSD:STAT OFF;:FUNC:DCR:RANG:VAL 100;:FUNC:IMP:RANG:VAL 1000;:OUTP:DC:ISOL:LEV:VAL 0.002;:OUTP:DC:ISOL:STAT OFF;:FUNC:DCR:RANG:AUTO ON;:FUNC:IMP:RANG:AUTO ON;:OUTP:DC:ISOL:LEV:AUTO ON;:DISP:PAGE MEASurement;
"
2024-05-01,10:14:59
---------run finished---------
Frequency,Resistance,uR,Inductance,uL
20,275.5456224,0.345214883969594,1.0732074690625,0.004249748443492264
25,285.141637275,0.6728706099653797,1.0339703435,0.0038898290733677208
30,292.28130463750006,0.41574607227975124,1.00111769320625,0.004506386488195525
40,309.5816998125,0.9346740673290612,0.9550228108562501,0.004906820076251503
53,330.41567196875,1.1407962361008077,0.908299766775,0.004196442852660543
60,341.82056036250003,0.5844195716043803,0.88809794810625,0.0018289858292553638
80,373.6991786,0.9096177033636801,0.848259855125,0.0016939934926434494
103,410.12757278749996,0.7870920922823869,0.8232936801374999,0.0015674924402766417
120,441.4408717,1.0152626441284696,0.8291174790125,0.0008864858602696266
130,460.54613731874997,1.1532294887192964,0.8100239302499999,0.0013954024794978577
135,464.2214552375,4.073048762877403,0.8316613628875,0.0037301771854340864
140,478.12717926875,1.6815624982178143,0.8531498563,0.0019312917939502293
145,494.6231421875,2.3464776493853736,0.8790596836625,0.002353815761685187
150,515.8997605,1.597509787186093,0.90699975278125,0.0016413718741885269
155,534.4360485,1.0938739961664732,0.96452749594375,0.0012741888420574393
160,584.5444854375,1.171721576827345,1.0903822545,0.0011380045644103086
165,806.68880608125,2.982357471396462,1.32078886925,0.002979375474603889
170,2070.665389,8.698201767054325,1.5966851683124998,0.008246230348503508
175,1291.72565075,3.376813326583181,-0.35725896736875,0.0019112123534911034
200,560.63945413125,0.4705129079115984,0.443136069675,0.0003802562160124462
240,597.75503330625,0.4993481919549898,0.5252499405125,0.00023915753431631498
400,789.4494117125,0.8996983994663116,0.47611481571250003,0.00042931584857484775
800,1189.0357079374999,0.203561387385538,0.407747352175,5.7870481091122716e-05
1000,1375.22655525,0.2552779387186772,0.38486646276875003,4.7624593924099466e-05
lcr name:,KeySight E4980A
Name and description of Resistor under test: ,more frequencies near resonance
2024-05-01,10:50:59
select the freq range,"[20, 25, 30, 40, 53, 60, 80, 103, 120, 130, 135, 140, 145, 150, 155, 160, 165, 170, 175, 180, 185, 200, 240, 400, 800, 1000]"
20.0,1.072019278,275.9061966,1.25796e-05,0.00385421
20.0,1.070739009,275.3682699,1.25958e-05,0.00385528
20.0,1.075053538,275.6683029,1.25789e-05,0.00385316
20.0,1.068418664,276.5696824,1.25481e-05,0.00385508
20.0,1.076655592,275.4285337,1.25531e-05,0.00385787
20.0,1.071325994,274.5291956,1.2579e-05,0.00385586
20.0,1.071812281,275.0834461,1.25935e-05,0.00385292
20.0,1.066660063,276.0707358,1.25397e-05,0.00385151
20.0,1.070887701,275.8458349,1.25439e-05,0.00385183
20.0,1.076689668,275.5549831,1.25319e-05,0.00385219
20.0,1.073724398,275.8770914,1.25821e-05,0.00385379
20.0,1.070431543,275.9654365,1.25701e-05,0.00385099
20.0,1.061618938,275.6402988,1.25561e-05,0.00385024
20.0,1.069400347,275.5346937,1.25153e-05,0.00385156
20.0,1.071094969,276.4468848,1.25712e-05,0.00384994
20.0,1.075547465,275.295731,1.25322e-05,0.00384651
Freq,20,Rs,275.674082325,0.5004999806821319,Ls,1.0713799655,0.0038717822571042305
":SOUR:DCS:STAT OFF;:BIAS:STAT OFF;:COMP:BIN:COUN:CLE;:LIST:CLE:ALL;:COMP:BIN:CLE;:AMPL:ALC OFF;:APER MED,4;:BIAS:POL:AUTO OFF;:BIAS:RANG:AUTO ON;:BIAS:VOLT:LEV 0;:COMP:ABIN OFF;:COMP:BIN:COUN:STAT OFF;:COMP:MODE PTOL;:COMP:SLIM -9.9e+037,9.9e+037;:COMP:STAT OFF;:COMP:SWAP OFF;:COMP:TOL:NOM 0;:CURR:LEV 5e-005;:DISP:ENAB ON;:DISP:LINE """";:DISP:WIND:TEXT1:DATA:FMSD:DATA 1e-009;:DISP:WIND:TEXT2:DATA:FMSD:DATA 1e-009;:FORM:ASC:LONG ON;:FORM:BORD NORM;:FORM:DATA ASC,64;:FREQ:CW 20;:FUNC:DEV1:MODE OFF;:FUNC:DEV1:REF:VAL 0;:FUNC:DEV2:MODE OFF;:FUNC:DEV2:REF:VAL 0;:FUNC:IMP:TYPE LSRS;:FUNC:SMON:IDC:STAT OFF;:FUNC:SMON:VDC:STAT OFF;:INIT:CONT OFF;:LIST:MODE SEQ;:LIST:STIM:TYPE FREQ,NONE;:SOUR:DCS:VOLT:LEV 0;:TRIG:DEL 0;:TRIG:SOUR INT;:TRIG:TDEL 0;:DISP:WIND:TEXT1:DATA:FMSD:STAT OFF;:DISP:WIND:TEXT2:DATA:FMSD:STAT OFF;:FUNC:DCR:RANG:VAL 100;:FUNC:IMP:RANG:VAL 300;:OUTP:DC:ISOL:LEV:VAL 0.002;:OUTP:DC:ISOL:STAT OFF;:FUNC:DCR:RANG:AUTO ON;:FUNC:IMP:RANG:AUTO ON;:OUTP:DC:ISOL:LEV:AUTO ON;:DISP:PAGE MEASurement;
"
25.0,1.036955419,285.686412,1.19189e-05,0.0038997
25.0,1.027235239,285.2306244,1.19036e-05,0.0039028
25.0,1.035232968,284.9813023,1.18582e-05,0.00390613
25.0,1.030457824,286.5630203,1.18979e-05,0.00390107
25.0,1.03376631,284.9745633,1.19126e-05,0.00389755
25.0,1.023956983,285.290624,1.18954e-05,0.00389943
25.0,1.018433862,285.3275256,1.19293e-05,0.00389841
25.0,1.024166872,285.6579973,1.19008e-05,0.00389557
25.0,1.026752825,284.2633616,1.18971e-05,0.0039002
25.0,1.027468253,284.2569988,1.19183e-05,0.00389813
25.0,1.036946659,285.0405038,1.18926e-05,0.00389615
25.0,1.024127253,284.2694925,1.19224e-05,0.00390287
25.0,1.030607119,284.2845121,1.18856e-05,0.00389588
25.0,1.034015244,284.7837571,1.19011e-05,0.00390178
25.0,1.028735687,284.9409246,1.19333e-05,0.00390041
25.0,1.03364034,285.2956604,1.19155e-05,0.00390135
Freq,25,Rs,285.05295500625,0.6233117876931308,Ls,1.0295311785624999,0.0053519040260985055
":SOUR:DCS:STAT OFF;:BIAS:STAT OFF;:COMP:BIN:COUN:CLE;:LIST:CLE:ALL;:COMP:BIN:CLE;:AMPL:ALC OFF;:APER MED,4;:BIAS:POL:AUTO OFF;:BIAS:RANG:AUTO ON;:BIAS:VOLT:LEV 0;:COMP:ABIN OFF;:COMP:BIN:COUN:STAT OFF;:COMP:MODE PTOL;:COMP:SLIM -9.9e+037,9.9e+037;:COMP:STAT OFF;:COMP:SWAP OFF;:COMP:TOL:NOM 0;:CURR:LEV 5e-005;:DISP:ENAB ON;:DISP:LINE """";:DISP:WIND:TEXT1:DATA:FMSD:DATA 1e-009;:DISP:WIND:TEXT2:DATA:FMSD:DATA 1e-009;:FORM:ASC:LONG ON;:FORM:BORD NORM;:FORM:DATA ASC,64;:FREQ:CW 25;:FUNC:DEV1:MODE OFF;:FUNC:DEV1:REF:VAL 0;:FUNC:DEV2:MODE OFF;:FUNC:DEV2:REF:VAL 0;:FUNC:IMP:TYPE LSRS;:FUNC:SMON:IDC:STAT OFF;:FUNC:SMON:VDC:STAT OFF;:INIT:CONT OFF;:LIST:MODE SEQ;:LIST:STIM:TYPE FREQ,NONE;:SOUR:DCS:VOLT:LEV 0;:TRIG:DEL 0;:TRIG:SOUR INT;:TRIG:TDEL 0;:DISP:WIND:TEXT1:DATA:FMSD:STAT OFF;:DISP:WIND:TEXT2:DATA:FMSD:STAT OFF;:FUNC:DCR:RANG:VAL 100;:FUNC:IMP:RANG:VAL 300;:OUTP:DC:ISOL:LEV:VAL 0.002;:OUTP:DC:ISOL:STAT OFF;:FUNC:DCR:RANG:AUTO ON;:FUNC:IMP:RANG:AUTO ON;:OUTP:DC:ISOL:LEV:AUTO ON;:DISP:PAGE MEASurement;
"
30.0,1.003768692,292.9146348,1.15841e-05,0.00403172
30.0,1.001551615,292.4632993,1.1582e-05,0.00402807
30.0,1.001140863,292.331169,1.15908e-05,0.00403291
30.0,1.002500467,291.7710721,1.16023e-05,0.00403229
30.0,1.002826331,292.6443864,1.15946e-05,0.00402613
30.0,0.9952251862,292.6333205,1.15528e-05,0.00403341
30.0,0.9973852306,292.2599458,1.15595e-05,0.00403461
30.0,0.9998253461,292.0643421,1.15448e-05,0.00403022
30.0,1.006870641,291.644248,1.16069e-05,0.00403297
30.0,1.002010029,292.8648594,1.16106e-05,0.00402816
30.0,1.002692022,292.3692503,1.1591e-05,0.00403408
30.0,1.004067025,292.514405,1.15609e-05,0.0040317
30.0,1.000324034,293.4714596,1.1588e-05,0.00402921
30.0,1.000158414,292.518569,1.15597e-05,0.00402951
30.0,1.004759964,292.0537464,1.16014e-05,0.00402907
30.0,0.997433465,293.1687152,1.15956e-05,0.0040336
Freq,30,Rs,292.48046393125003,0.4820916611154283,Ls,1.00140870780625,0.0029941687467565825
":SOUR:DCS:STAT OFF;:BIAS:STAT OFF;:COMP:BIN:COUN:CLE;:LIST:CLE:ALL;:COMP:BIN:CLE;:AMPL:ALC OFF;:APER MED,4;:BIAS:POL:AUTO OFF;:BIAS:RANG:AUTO ON;:BIAS:VOLT:LEV 0;:COMP:ABIN OFF;:COMP:BIN:COUN:STAT OFF;:COMP:MODE PTOL;:COMP:SLIM -9.9e+037,9.9e+037;:COMP:STAT OFF;:COMP:SWAP OFF;:COMP:TOL:NOM 0;:CURR:LEV 5e-005;:DISP:ENAB ON;:DISP:LINE """";:DISP:WIND:TEXT1:DATA:FMSD:DATA 1e-009;:DISP:WIND:TEXT2:DATA:FMSD:DATA 1e-009;:FORM:ASC:LONG ON;:FORM:BORD NORM;:FORM:DATA ASC,64;:FREQ:CW 30;:FUNC:DEV1:MODE OFF;:FUNC:DEV1:REF:VAL 0;:FUNC:DEV2:MODE OFF;:FUNC:DEV2:REF:VAL 0;:FUNC:IMP:TYPE LSRS;:FUNC:SMON:IDC:STAT OFF;:FUNC:SMON:VDC:STAT OFF;:INIT:CONT OFF;:LIST:MODE SEQ;:LIST:STIM:TYPE FREQ,NONE;:SOUR:DCS:VOLT:LEV 0;:TRIG:DEL 0;:TRIG:SOUR INT;:TRIG:TDEL 0;:DISP:WIND:TEXT1:DATA:FMSD:STAT OFF;:DISP:WIND:TEXT2:DATA:FMSD:STAT OFF;:FUNC:DCR:RANG:VAL 100;:FUNC:IMP:RANG:VAL 300;:OUTP:DC:ISOL:LEV:VAL 0.002;:OUTP:DC:ISOL:STAT OFF;:FUNC:DCR:RANG:AUTO ON;:FUNC:IMP:RANG:AUTO ON;:OUTP:DC:ISOL:LEV:AUTO ON;:DISP:PAGE MEASurement;
"
40.0,0.9607589596,310.0856945,1.06087e-05,0.00414999
40.0,0.9561492529,309.1679419,1.06104e-05,0.00414932
40.0,0.9550013059,308.9554603,1.0613e-05,0.0041464
40.0,0.9565677481,309.0557987,1.05833e-05,0.00414887
40.0,0.9606455382,310.7218605,1.05914e-05,0.00414769
40.0,0.9566190959,309.5518656,1.06274e-05,0.00414895
40.0,0.960990568,308.9902261,1.06205e-05,0.00414972
40.0,0.9519086112,310.7643291,1.06393e-05,0.00415084
40.0,0.9519069337,309.627578,1.06218e-05,0.00415078
40.0,0.9481984816,310.0172039,1.06167e-05,0.00415116
40.0,0.9568299946,310.6284336,1.06394e-05,0.00414807
40.0,0.9523294095,309.8153848,1.06136e-05,0.00414884
40.0,0.9569117216,310.1038909,1.0613e-05,0.00414779
40.0,0.9607233213,307.4445643,1.05789e-05,0.00414449
40.0,0.9552002613,308.3645778,1.05682e-05,0.00414696
40.0,0.953849101,308.6154686,1.05724e-05,0.00414958
Freq,40,Rs,309.4943924125,0.9171823482881081,Ls,0.955911894025,0.0037207614802711813
":SOUR:DCS:STAT OFF;:BIAS:STAT OFF;:COMP:BIN:COUN:CLE;:LIST:CLE:ALL;:COMP:BIN:CLE;:AMPL:ALC OFF;:APER MED,4;:BIAS:POL:AUTO OFF;:BIAS:RANG:AUTO ON;:BIAS:VOLT:LEV 0;:COMP:ABIN OFF;:COMP:BIN:COUN:STAT OFF;:COMP:MODE PTOL;:COMP:SLIM -9.9e+037,9.9e+037;:COMP:STAT OFF;:COMP:SWAP OFF;:COMP:TOL:NOM 0;:CURR:LEV 5e-005;:DISP:ENAB ON;:DISP:LINE """";:DISP:WIND:TEXT1:DATA:FMSD:DATA 1e-009;:DISP:WIND:TEXT2:DATA:FMSD:DATA 1e-009;:FORM:ASC:LONG ON;:FORM:BORD NORM;:FORM:DATA ASC,64;:FREQ:CW 40;:FUNC:DEV1:MODE OFF;:FUNC:DEV1:REF:VAL 0;:FUNC:DEV2:MODE OFF;:FUNC:DEV2:REF:VAL 0;:FUNC:IMP:TYPE LSRS;:FUNC:SMON:IDC:STAT OFF;:FUNC:SMON:VDC:STAT OFF;:INIT:CONT OFF;:LIST:MODE SEQ;:LIST:STIM:TYPE FREQ,NONE;:SOUR:DCS:VOLT:LEV 0;:TRIG:DEL 0;:TRIG:SOUR INT;:TRIG:TDEL 0;:DISP:WIND:TEXT1:DATA:FMSD:STAT OFF;:DISP:WIND:TEXT2:DATA:FMSD:STAT OFF;:FUNC:DCR:RANG:VAL 100;:FUNC:IMP:RANG:VAL 300;:OUTP:DC:ISOL:LEV:VAL 0.002;:OUTP:DC:ISOL:STAT OFF;:FUNC:DCR:RANG:AUTO ON;:FUNC:IMP:RANG:AUTO ON;:OUTP:DC:ISOL:LEV:AUTO ON;:DISP:PAGE MEASurement;
"
53.0,0.9109995005,329.2021624,9.4933e-06,0.00425191
53.0,0.9067933908,330.2570441,9.50321e-06,0.0042537
53.0,0.9134017739,329.755578,9.4935e-06,0.0042547
53.0,0.9086278652,331.2693805,9.50861e-06,0.00425166
53.0,0.9063697322,329.6125638,9.48662e-06,0.00425253
53.0,0.9110371191,330.5453466,9.5132e-06,0.00425284
53.0,0.9074596147,330.1526093,9.48556e-06,0.00424907
53.0,0.9102002848,329.914981,9.52368e-06,0.00425175
53.0,0.9025978374,330.341595,9.50543e-06,0.00425078
53.0,0.9082182933,329.8107527,9.4817e-06,0.0042541
53.0,0.9108240428,331.4130935,9.48045e-06,0.00425113
53.0,0.9060119148,330.0840054,9.49475e-06,0.00425011
53.0,0.909270501,331.8618995,9.52803e-06,0.00425126
53.0,0.9049696821,330.7435191,9.47934e-06,0.0042486
53.0,0.9050435743,330.3061829,9.49164e-06,0.00424972
53.0,0.9095089835,331.4534157,9.50705e-06,0.00425335
Freq,53,Rs,330.42025809375,0.7486828690605816,Ls,0.9082083819,0.0028204000713531493
":SOUR:DCS:STAT OFF;:BIAS:STAT OFF;:COMP:BIN:COUN:CLE;:LIST:CLE:ALL;:COMP:BIN:CLE;:AMPL:ALC OFF;:APER MED,4;:BIAS:POL:AUTO OFF;:BIAS:RANG:AUTO ON;:BIAS:VOLT:LEV 0;:COMP:ABIN OFF;:COMP:BIN:COUN:STAT OFF;:COMP:MODE PTOL;:COMP:SLIM -9.9e+037,9.9e+037;:COMP:STAT OFF;:COMP:SWAP OFF;:COMP:TOL:NOM 0;:CURR:LEV 5e-005;:DISP:ENAB ON;:DISP:LINE """";:DISP:WIND:TEXT1:DATA:FMSD:DATA 1e-009;:DISP:WIND:TEXT2:DATA:FMSD:DATA 1e-009;:FORM:ASC:LONG ON;:FORM:BORD NORM;:FORM:DATA ASC,64;:FREQ:CW 53;:FUNC:DEV1:MODE OFF;:FUNC:DEV1:REF:VAL 0;:FUNC:DEV2:MODE OFF;:FUNC:DEV2:REF:VAL 0;:FUNC:IMP:TYPE LSRS;:FUNC:SMON:IDC:STAT OFF;:FUNC:SMON:VDC:STAT OFF;:INIT:CONT OFF;:LIST:MODE SEQ;:LIST:STIM:TYPE FREQ,NONE;:SOUR:DCS:VOLT:LEV 0;:TRIG:DEL 0;:TRIG:SOUR INT;:TRIG:TDEL 0;:DISP:WIND:TEXT1:DATA:FMSD:STAT OFF;:DISP:WIND:TEXT2:DATA:FMSD:STAT OFF;:FUNC:DCR:RANG:VAL 100;:FUNC:IMP:RANG:VAL 300;:OUTP:DC:ISOL:LEV:VAL 0.002;:OUTP:DC:ISOL:STAT OFF;:FUNC:DCR:RANG:AUTO ON;:FUNC:IMP:RANG:AUTO ON;:OUTP:DC:ISOL:LEV:AUTO ON;:DISP:PAGE MEASurement;
"
60.0,0.8895698832,340.3166107,9.04146e-06,0.00432455
60.0,0.8841756234,340.5629754,9.04713e-06,0.00432364
60.0,0.8891007449,341.4182332,9.04239e-06,0.0043237
60.0,0.8887323077,341.3952386,9.03298e-06,0.00432466
60.0,0.8876382748,341.5896107,9.04379e-06,0.0043244
60.0,0.8853591981,341.6468139,9.04913e-06,0.00432209
60.0,0.8885690618,340.8129903,9.04943e-06,0.00432268
60.0,0.8895656866,342.4434158,9.02255e-06,0.00432465
60.0,0.8871644096,342.6828552,9.05678e-06,0.00432349
60.0,0.88751018,340.5838155,9.03906e-06,0.0043209
60.0,0.8880976935,341.604001,9.01936e-06,0.00432292
60.0,0.8872343371,342.4599947,9.03877e-06,0.00432265
60.0,0.8865753544,341.6624789,9.04568e-06,0.00432519
60.0,0.8908105649,341.6476976,9.05782e-06,0.00432455
60.0,0.8882862165,341.3701132,9.03342e-06,0.00432255
60.0,0.8856418601,341.7989654,9.02371e-06,0.00432288
Freq,60,Rs,341.49973813125,0.6837687941342953,Ls,0.8877519622875001,0.0017289568791880104
":SOUR:DCS:STAT OFF;:BIAS:STAT OFF;:COMP:BIN:COUN:CLE;:LIST:CLE:ALL;:COMP:BIN:CLE;:AMPL:ALC OFF;:APER MED,4;:BIAS:POL:AUTO OFF;:BIAS:RANG:AUTO ON;:BIAS:VOLT:LEV 0;:COMP:ABIN OFF;:COMP:BIN:COUN:STAT OFF;:COMP:MODE PTOL;:COMP:SLIM -9.9e+037,9.9e+037;:COMP:STAT OFF;:COMP:SWAP OFF;:COMP:TOL:NOM 0;:CURR:LEV 5e-005;:DISP:ENAB ON;:DISP:LINE """";:DISP:WIND:TEXT1:DATA:FMSD:DATA 1e-009;:DISP:WIND:TEXT2:DATA:FMSD:DATA 1e-009;:FORM:ASC:LONG ON;:FORM:BORD NORM;:FORM:DATA ASC,64;:FREQ:CW 60;:FUNC:DEV1:MODE OFF;:FUNC:DEV1:REF:VAL 0;:FUNC:DEV2:MODE OFF;:FUNC:DEV2:REF:VAL 0;:FUNC:IMP:TYPE LSRS;:FUNC:SMON:IDC:STAT OFF;:FUNC:SMON:VDC:STAT OFF;:INIT:CONT OFF;:LIST:MODE SEQ;:LIST:STIM:TYPE FREQ,NONE;:SOUR:DCS:VOLT:LEV 0;:TRIG:DEL 0;:TRIG:SOUR INT;:TRIG:TDEL 0;:DISP:WIND:TEXT1:DATA:FMSD:STAT OFF;:DISP:WIND:TEXT2:DATA:FMSD:STAT OFF;:FUNC:DCR:RANG:VAL 100;:FUNC:IMP:RANG:VAL 300;:OUTP:DC:ISOL:LEV:VAL 0.002;:OUTP:DC:ISOL:STAT OFF;:FUNC:DCR:RANG:AUTO ON;:FUNC:IMP:RANG:AUTO ON;:OUTP:DC:ISOL:LEV:AUTO ON;:DISP:PAGE MEASurement;
"
80.0,0.8473693946,373.932964,7.90383e-06,0.00447055
80.0,0.8470995804,372.6055873,7.90484e-06,0.00446952
80.0,0.8480234871,374.3652474,7.87724e-06,0.00446947
80.0,0.8464779472,374.1512234,7.88894e-06,0.00446807
80.0,0.8479408261,375.277549,7.89551e-06,0.00446815
80.0,0.8470242485,374.5080718,7.88852e-06,0.00446869
80.0,0.8471504783,372.2841087,7.90368e-06,0.00446838
80.0,0.8477772678,372.0412212,7.8843e-06,0.00447143
80.0,0.84763948,374.9897296,7.90827e-06,0.00447132
80.0,0.8473618144,375.2319516,7.86666e-06,0.0044692
80.0,0.8484272592,374.6323251,7.85833e-06,0.00446846
80.0,0.8431512299,373.9724631,7.88354e-06,0.00446751
80.0,0.8464478309,372.0295982,7.90554e-06,0.00446803
80.0,0.8489036108,371.6364696,7.88688e-06,0.004473
80.0,0.8474907485,372.1769417,7.92441e-06,0.00446975
80.0,0.8489852035,373.8297589,7.88467e-06,0.00446878
Freq,80,Rs,373.6040756625,1.2645834299652936,Ls,0.84732940045,0.0013352484423398985
":SOUR:DCS:STAT OFF;:BIAS:STAT OFF;:COMP:BIN:COUN:CLE;:LIST:CLE:ALL;:COMP:BIN:CLE;:AMPL:ALC OFF;:APER MED,4;:BIAS:POL:AUTO OFF;:BIAS:RANG:AUTO ON;:BIAS:VOLT:LEV 0;:COMP:ABIN OFF;:COMP:BIN:COUN:STAT OFF;:COMP:MODE PTOL;:COMP:SLIM -9.9e+037,9.9e+037;:COMP:STAT OFF;:COMP:SWAP OFF;:COMP:TOL:NOM 0;:CURR:LEV 5e-005;:DISP:ENAB ON;:DISP:LINE """";:DISP:WIND:TEXT1:DATA:FMSD:DATA 1e-009;:DISP:WIND:TEXT2:DATA:FMSD:DATA 1e-009;:FORM:ASC:LONG ON;:FORM:BORD NORM;:FORM:DATA ASC,64;:FREQ:CW 80;:FUNC:DEV1:MODE OFF;:FUNC:DEV1:REF:VAL 0;:FUNC:DEV2:MODE OFF;:FUNC:DEV2:REF:VAL 0;:FUNC:IMP:TYPE LSRS;:FUNC:SMON:IDC:STAT OFF;:FUNC:SMON:VDC:STAT OFF;:INIT:CONT OFF;:LIST:MODE SEQ;:LIST:STIM:TYPE FREQ,NONE;:SOUR:DCS:VOLT:LEV 0;:TRIG:DEL 0;:TRIG:SOUR INT;:TRIG:TDEL 0;:DISP:WIND:TEXT1:DATA:FMSD:STAT OFF;:DISP:WIND:TEXT2:DATA:FMSD:STAT OFF;:FUNC:DCR:RANG:VAL 100;:FUNC:IMP:RANG:VAL 300;:OUTP:DC:ISOL:LEV:VAL 0.002;:OUTP:DC:ISOL:STAT OFF;:FUNC:DCR:RANG:AUTO ON;:FUNC:IMP:RANG:AUTO ON;:OUTP:DC:ISOL:LEV:AUTO ON;:DISP:PAGE MEASurement;
"
103.0,0.820247721,410.5158181,6.82472e-06,0.00459493
103.0,0.8235576038,410.0842118,6.82041e-06,0.00459665
103.0,0.8260286494,412.0475051,6.82869e-06,0.00459506
103.0,0.821462998,411.6163941,6.82785e-06,0.00459454
103.0,0.822167042,410.1904601,6.84341e-06,0.00459372
103.0,0.8209992691,410.0063972,6.82823e-06,0.00459605
103.0,0.8207665615,409.3734837,6.82068e-06,0.00459512
103.0,0.822422053,409.6752862,6.83804e-06,0.00459456
103.0,0.8234560015,409.330995,6.83755e-06,0.00459529
103.0,0.8322088216,413.4593674,6.8449e-06,0.00459611
103.0,0.8131447954,400.3595429,6.86416e-06,0.00461131
103.0,0.8242140115,409.2492561,6.84292e-06,0.0045952
103.0,0.8251734399,410.5393712,6.80964e-06,0.0045984
103.0,0.8248122819,410.4216612,6.83409e-06,0.00459811
103.0,0.823852451,412.249766,6.84154e-06,0.00459456
103.0,0.8244068048,409.7923058,6.8365e-06,0.00459337
Freq,103,Rs,409.93198886875,2.8169553283633633,Ls,0.8230575315875001,0.0038618674473899425
":SOUR:DCS:STAT OFF;:BIAS:STAT OFF;:COMP:BIN:COUN:CLE;:LIST:CLE:ALL;:COMP:BIN:CLE;:AMPL:ALC OFF;:APER MED,4;:BIAS:POL:AUTO OFF;:BIAS:RANG:AUTO ON;:BIAS:VOLT:LEV 0;:COMP:ABIN OFF;:COMP:BIN:COUN:STAT OFF;:COMP:MODE PTOL;:COMP:SLIM -9.9e+037,9.9e+037;:COMP:STAT OFF;:COMP:SWAP OFF;:COMP:TOL:NOM 0;:CURR:LEV 5e-005;:DISP:ENAB ON;:DISP:LINE """";:DISP:WIND:TEXT1:DATA:FMSD:DATA 1e-009;:DISP:WIND:TEXT2:DATA:FMSD:DATA 1e-009;:FORM:ASC:LONG ON;:FORM:BORD NORM;:FORM:DATA ASC,64;:FREQ:CW 103;:FUNC:DEV1:MODE OFF;:FUNC:DEV1:REF:VAL 0;:FUNC:DEV2:MODE OFF;:FUNC:DEV2:REF:VAL 0;:FUNC:IMP:TYPE LSRS;:FUNC:SMON:IDC:STAT OFF;:FUNC:SMON:VDC:STAT OFF;:INIT:CONT OFF;:LIST:MODE SEQ;:LIST:STIM:TYPE FREQ,NONE;:SOUR:DCS:VOLT:LEV 0;:TRIG:DEL 0;:TRIG:SOUR INT;:TRIG:TDEL 0;:DISP:WIND:TEXT1:DATA:FMSD:STAT OFF;:DISP:WIND:TEXT2:DATA:FMSD:STAT OFF;:FUNC:DCR:RANG:VAL 100;:FUNC:IMP:RANG:VAL 300;:OUTP:DC:ISOL:LEV:VAL 0.002;:OUTP:DC:ISOL:STAT OFF;:FUNC:DCR:RANG:AUTO ON;:FUNC:IMP:RANG:AUTO ON;:OUTP:DC:ISOL:LEV:AUTO ON;:DISP:PAGE MEASurement;
"
120.0,0.8294103527,441.6686544,6.09773e-06,0.00466615
120.0,0.8316867038,441.0060451,6.08884e-06,0.00466565
120.0,0.8260022183,441.3042542,6.1246e-06,0.00466538
120.0,0.8293849962,440.9744068,6.0909e-06,0.00466564
120.0,0.8322939618,445.9060913,6.10851e-06,0.00466468
120.0,0.8307873665,441.785401,6.09816e-06,0.00466471
120.0,0.826145751,441.242923,6.08687e-06,0.0046661
120.0,0.8296676485,440.2486263,6.0934e-06,0.0046648
120.0,0.8291264203,435.6186819,6.09309e-06,0.00466497
120.0,0.8289612059,441.8815259,6.11251e-06,0.00466565
120.0,0.8291327418,441.413744,6.09164e-06,0.00466672
120.0,0.8274498604,441.0469181,6.1034e-06,0.00466609
120.0,0.8312910083,442.4147031,6.07285e-06,0.00466515
120.0,0.8297776698,441.3719973,6.088e-06,0.00466507
120.0,0.8298566451,442.5619164,6.10687e-06,0.00466577
120.0,0.8277474182,442.8468249,6.08663e-06,0.00466724
Freq,120,Rs,441.45579460625004,2.0070826527062753,Ls,0.8292951230375,0.0017955465078107926
":SOUR:DCS:STAT OFF;:BIAS:STAT OFF;:COMP:BIN:COUN:CLE;:LIST:CLE:ALL;:COMP:BIN:CLE;:AMPL:ALC OFF;:APER MED,4;:BIAS:POL:AUTO OFF;:BIAS:RANG:AUTO ON;:BIAS:VOLT:LEV 0;:COMP:ABIN OFF;:COMP:BIN:COUN:STAT OFF;:COMP:MODE PTOL;:COMP:SLIM -9.9e+037,9.9e+037;:COMP:STAT OFF;:COMP:SWAP OFF;:COMP:TOL:NOM 0;:CURR:LEV 5e-005;:DISP:ENAB ON;:DISP:LINE """";:DISP:WIND:TEXT1:DATA:FMSD:DATA 1e-009;:DISP:WIND:TEXT2:DATA:FMSD:DATA 1e-009;:FORM:ASC:LONG ON;:FORM:BORD NORM;:FORM:DATA ASC,64;:FREQ:CW 120;:FUNC:DEV1:MODE OFF;:FUNC:DEV1:REF:VAL 0;:FUNC:DEV2:MODE OFF;:FUNC:DEV2:REF:VAL 0;:FUNC:IMP:TYPE LSRS;:FUNC:SMON:IDC:STAT OFF;:FUNC:SMON:VDC:STAT OFF;:INIT:CONT OFF;:LIST:MODE SEQ;:LIST:STIM:TYPE FREQ,NONE;:SOUR:DCS:VOLT:LEV 0;:TRIG:DEL 0;:TRIG:SOUR INT;:TRIG:TDEL 0;:DISP:WIND:TEXT1:DATA:FMSD:STAT OFF;:DISP:WIND:TEXT2:DATA:FMSD:STAT OFF;:FUNC:DCR:RANG:VAL 100;:FUNC:IMP:RANG:VAL 300;:OUTP:DC:ISOL:LEV:VAL 0.002;:OUTP:DC:ISOL:STAT OFF;:FUNC:DCR:RANG:AUTO ON;:FUNC:IMP:RANG:AUTO ON;:OUTP:DC:ISOL:LEV:AUTO ON;:DISP:PAGE MEASurement;
"
130.0,0.8110180304,459.9563801,5.81699e-06,0.00468596
130.0,0.8103277497,459.908758,5.81729e-06,0.00468638
130.0,0.8093571031,461.6910863,5.81605e-06,0.00468663
130.0,0.809674168,460.4544009,5.81997e-06,0.00468566
130.0,0.8095452972,459.2925938,5.81108e-06,0.00468623
130.0,0.808176425,461.2891722,5.81922e-06,0.00468691
130.0,0.8095516486,459.654927,5.81955e-06,0.0046867
130.0,0.8093782751,460.186605,5.81585e-06,0.00468599
130.0,0.8100841019,459.7568758,5.81108e-06,0.00468673
130.0,0.8092420542,460.876839,5.81878e-06,0.00468691
130.0,0.8095061733,461.7111526,5.82284e-06,0.00468626
130.0,0.8098850921,460.3278018,5.82482e-06,0.00468617
130.0,0.8089092089,460.5998019,5.81495e-06,0.00468718
130.0,0.8087143858,459.5445347,5.82647e-06,0.00468701
130.0,0.8098514548,458.6175841,5.81758e-06,0.00468645
130.0,0.8098014929,459.5698176,5.81774e-06,0.00468679
Freq,130,Rs,460.214895675,0.863353097026603,Ls,0.8095639163125,0.0006574217136762929
":SOUR:DCS:STAT OFF;:BIAS:STAT OFF;:COMP:BIN:COUN:CLE;:LIST:CLE:ALL;:COMP:BIN:CLE;:AMPL:ALC OFF;:APER MED,4;:BIAS:POL:AUTO OFF;:BIAS:RANG:AUTO ON;:BIAS:VOLT:LEV 0;:COMP:ABIN OFF;:COMP:BIN:COUN:STAT OFF;:COMP:MODE PTOL;:COMP:SLIM -9.9e+037,9.9e+037;:COMP:STAT OFF;:COMP:SWAP OFF;:COMP:TOL:NOM 0;:CURR:LEV 5e-005;:DISP:ENAB ON;:DISP:LINE """";:DISP:WIND:TEXT1:DATA:FMSD:DATA 1e-009;:DISP:WIND:TEXT2:DATA:FMSD:DATA 1e-009;:FORM:ASC:LONG ON;:FORM:BORD NORM;:FORM:DATA ASC,64;:FREQ:CW 130;:FUNC:DEV1:MODE OFF;:FUNC:DEV1:REF:VAL 0;:FUNC:DEV2:MODE OFF;:FUNC:DEV2:REF:VAL 0;:FUNC:IMP:TYPE LSRS;:FUNC:SMON:IDC:STAT OFF;:FUNC:SMON:VDC:STAT OFF;:INIT:CONT OFF;:LIST:MODE SEQ;:LIST:STIM:TYPE FREQ,NONE;:SOUR:DCS:VOLT:LEV 0;:TRIG:DEL 0;:TRIG:SOUR INT;:TRIG:TDEL 0;:DISP:WIND:TEXT1:DATA:FMSD:STAT OFF;:DISP:WIND:TEXT2:DATA:FMSD:STAT OFF;:FUNC:DCR:RANG:VAL 100;:FUNC:IMP:RANG:VAL 300;:OUTP:DC:ISOL:LEV:VAL 0.002;:OUTP:DC:ISOL:STAT OFF;:FUNC:DCR:RANG:AUTO ON;:FUNC:IMP:RANG:AUTO ON;:OUTP:DC:ISOL:LEV:AUTO ON;:DISP:PAGE MEASurement;
"
135.0,0.8309506777,465.4576853,5.56455e-06,0.0047152
135.0,0.831546448,464.6115216,5.57661e-06,0.00471649
135.0,0.8332914195,466.3677544,5.5779e-06,0.00471602
135.0,0.8320523992,463.5470463,5.57147e-06,0.00471487
135.0,0.8315131975,465.0429704,5.58167e-06,0.0047163
135.0,0.8328674915,466.5246443,5.5817e-06,0.00471559
135.0,0.8331309413,465.9904504,5.57472e-06,0.00471656
135.0,0.8303235723,465.9029972,5.57885e-06,0.00471707
135.0,0.8314902897,464.735791,5.58279e-06,0.00471562
135.0,0.8317766615,465.099947,5.57634e-06,0.00471569
135.0,0.8334695333,465.2091542,5.57947e-06,0.00471564
135.0,0.832013157,466.4245352,5.57279e-06,0.00471686
135.0,0.8328755936,465.0831143,5.57036e-06,0.00471548
135.0,0.8333939188,466.2937286,5.58465e-06,0.00471644
135.0,0.8326782029,464.4863939,5.57572e-06,0.00471623
135.0,0.8315351678,464.4133641,5.58278e-06,0.00471627
Freq,135,Rs,465.3244436375,0.8649546463162027,Ls,0.832181791975,0.0009445481321538183
":SOUR:DCS:STAT OFF;:BIAS:STAT OFF;:COMP:BIN:COUN:CLE;:LIST:CLE:ALL;:COMP:BIN:CLE;:AMPL:ALC OFF;:APER MED,4;:BIAS:POL:AUTO OFF;:BIAS:RANG:AUTO ON;:BIAS:VOLT:LEV 0;:COMP:ABIN OFF;:COMP:BIN:COUN:STAT OFF;:COMP:MODE PTOL;:COMP:SLIM -9.9e+037,9.9e+037;:COMP:STAT OFF;:COMP:SWAP OFF;:COMP:TOL:NOM 0;:CURR:LEV 5e-005;:DISP:ENAB ON;:DISP:LINE """";:DISP:WIND:TEXT1:DATA:FMSD:DATA 1e-009;:DISP:WIND:TEXT2:DATA:FMSD:DATA 1e-009;:FORM:ASC:LONG ON;:FORM:BORD NORM;:FORM:DATA ASC,64;:FREQ:CW 135;:FUNC:DEV1:MODE OFF;:FUNC:DEV1:REF:VAL 0;:FUNC:DEV2:MODE OFF;:FUNC:DEV2:REF:VAL 0;:FUNC:IMP:TYPE LSRS;:FUNC:SMON:IDC:STAT OFF;:FUNC:SMON:VDC:STAT OFF;:INIT:CONT OFF;:LIST:MODE SEQ;:LIST:STIM:TYPE FREQ,NONE;:SOUR:DCS:VOLT:LEV 0;:TRIG:DEL 0;:TRIG:SOUR INT;:TRIG:TDEL 0;:DISP:WIND:TEXT1:DATA:FMSD:STAT OFF;:DISP:WIND:TEXT2:DATA:FMSD:STAT OFF;:FUNC:DCR:RANG:VAL 100;:FUNC:IMP:RANG:VAL 300;:OUTP:DC:ISOL:LEV:VAL 0.002;:OUTP:DC:ISOL:STAT OFF;:FUNC:DCR:RANG:AUTO ON;:FUNC:IMP:RANG:AUTO ON;:OUTP:DC:ISOL:LEV:AUTO ON;:DISP:PAGE MEASurement;
"
140.0,0.8506912735,475.7362494,5.33683e-06,0.00473717
140.0,0.8497521125,478.7141035,5.3242e-06,0.00473825
140.0,0.8527825583,478.0840712,5.33128e-06,0.00473825
140.0,0.8492725478,477.1738819,5.32779e-06,0.00473638
140.0,0.8507835085,476.8109828,5.32152e-06,0.00473996
140.0,0.8509488146,479.3904888,5.34274e-06,0.00473816
140.0,0.8507377148,474.9828551,5.33334e-06,0.00473861
140.0,0.849216562,478.4572829,5.34106e-06,0.00473976
140.0,0.8520398775,476.3998251,5.31323e-06,0.00473777
140.0,0.8522534347,475.102046,5.33032e-06,0.0047384
140.0,0.8519206273,475.2568079,5.32821e-06,0.00474029
140.0,0.853178607,476.7218638,5.32378e-06,0.00473942
140.0,0.8582726447,478.5526887,5.33019e-06,0.0047388
140.0,0.8529173425,478.2515081,5.34097e-06,0.00473877
140.0,0.8528169744,478.5552633,5.33536e-06,0.00474048
140.0,0.8539293573,477.0103204,5.32146e-06,0.00473858
Freq,140,Rs,477.20001493125,1.4263674191321947,Ls,0.8519696223375001,0.002202526037189941
":SOUR:DCS:STAT OFF;:BIAS:STAT OFF;:COMP:BIN:COUN:CLE;:LIST:CLE:ALL;:COMP:BIN:CLE;:AMPL:ALC OFF;:APER MED,4;:BIAS:POL:AUTO OFF;:BIAS:RANG:AUTO ON;:BIAS:VOLT:LEV 0;:COMP:ABIN OFF;:COMP:BIN:COUN:STAT OFF;:COMP:MODE PTOL;:COMP:SLIM -9.9e+037,9.9e+037;:COMP:STAT OFF;:COMP:SWAP OFF;:COMP:TOL:NOM 0;:CURR:LEV 5e-005;:DISP:ENAB ON;:DISP:LINE """";:DISP:WIND:TEXT1:DATA:FMSD:DATA 1e-009;:DISP:WIND:TEXT2:DATA:FMSD:DATA 1e-009;:FORM:ASC:LONG ON;:FORM:BORD NORM;:FORM:DATA ASC,64;:FREQ:CW 140;:FUNC:DEV1:MODE OFF;:FUNC:DEV1:REF:VAL 0;:FUNC:DEV2:MODE OFF;:FUNC:DEV2:REF:VAL 0;:FUNC:IMP:TYPE LSRS;:FUNC:SMON:IDC:STAT OFF;:FUNC:SMON:VDC:STAT OFF;:INIT:CONT OFF;:LIST:MODE SEQ;:LIST:STIM:TYPE FREQ,NONE;:SOUR:DCS:VOLT:LEV 0;:TRIG:DEL 0;:TRIG:SOUR INT;:TRIG:TDEL 0;:DISP:WIND:TEXT1:DATA:FMSD:STAT OFF;:DISP:WIND:TEXT2:DATA:FMSD:STAT OFF;:FUNC:DCR:RANG:VAL 100;:FUNC:IMP:RANG:VAL 300;:OUTP:DC:ISOL:LEV:VAL 0.002;:OUTP:DC:ISOL:STAT OFF;:FUNC:DCR:RANG:AUTO ON;:FUNC:IMP:RANG:AUTO ON;:OUTP:DC:ISOL:LEV:AUTO ON;:DISP:PAGE MEASurement;
"
145.0,0.8828870552,485.8161037,5.06979e-06,0.00475939
145.0,0.8788547942,494.8130374,5.05758e-06,0.0047603
145.0,0.8789119615,496.4140411,5.05789e-06,0.0047576
145.0,0.8811853658,497.5474833,5.04384e-06,0.00476046
145.0,0.8796941771,493.0937379,5.05234e-06,0.00476
145.0,0.8809136647,493.4402076,5.05521e-06,0.00475945
145.0,0.8773309731,490.0233751,5.05943e-06,0.00476051
145.0,0.8768007277,496.9648375,5.05063e-06,0.00475997
145.0,0.8844418143,493.6346182,5.04686e-06,0.00476007
145.0,0.8783350812,496.7973985,5.08734e-06,0.00475746
145.0,0.8783781989,494.3652884,5.06077e-06,0.00475872
145.0,0.8805734766,494.0295683,5.06069e-06,0.00476024
145.0,0.8770290084,489.1826471,5.06166e-06,0.0047611
145.0,0.8808415056,496.6905361,5.06198e-06,0.00475845
145.0,0.8804116544,498.1255904,5.06104e-06,0.00475841
145.0,0.8787927954,492.9431216,5.06937e-06,0.00475943
Freq,145,Rs,493.99259951249996,3.3512549251694823,Ls,0.8797113908812499,0.00209463834851004
":SOUR:DCS:STAT OFF;:BIAS:STAT OFF;:COMP:BIN:COUN:CLE;:LIST:CLE:ALL;:COMP:BIN:CLE;:AMPL:ALC OFF;:APER MED,4;:BIAS:POL:AUTO OFF;:BIAS:RANG:AUTO ON;:BIAS:VOLT:LEV 0;:COMP:ABIN OFF;:COMP:BIN:COUN:STAT OFF;:COMP:MODE PTOL;:COMP:SLIM -9.9e+037,9.9e+037;:COMP:STAT OFF;:COMP:SWAP OFF;:COMP:TOL:NOM 0;:CURR:LEV 5e-005;:DISP:ENAB ON;:DISP:LINE """";:DISP:WIND:TEXT1:DATA:FMSD:DATA 1e-009;:DISP:WIND:TEXT2:DATA:FMSD:DATA 1e-009;:FORM:ASC:LONG ON;:FORM:BORD NORM;:FORM:DATA ASC,64;:FREQ:CW 145;:FUNC:DEV1:MODE OFF;:FUNC:DEV1:REF:VAL 0;:FUNC:DEV2:MODE OFF;:FUNC:DEV2:REF:VAL 0;:FUNC:IMP:TYPE LSRS;:FUNC:SMON:IDC:STAT OFF;:FUNC:SMON:VDC:STAT OFF;:INIT:CONT OFF;:LIST:MODE SEQ;:LIST:STIM:TYPE FREQ,NONE;:SOUR:DCS:VOLT:LEV 0;:TRIG:DEL 0;:TRIG:SOUR INT;:TRIG:TDEL 0;:DISP:WIND:TEXT1:DATA:FMSD:STAT OFF;:DISP:WIND:TEXT2:DATA:FMSD:STAT OFF;:FUNC:DCR:RANG:VAL 100;:FUNC:IMP:RANG:VAL 300;:OUTP:DC:ISOL:LEV:VAL 0.002;:OUTP:DC:ISOL:STAT OFF;:FUNC:DCR:RANG:AUTO ON;:FUNC:IMP:RANG:AUTO ON;:OUTP:DC:ISOL:LEV:AUTO ON;:DISP:PAGE MEASurement;
"
150.0,0.9061428484,517.8099183,4.78493e-06,0.00477643
150.0,0.9070399409,520.4160197,4.78912e-06,0.00477771
150.0,0.9072351948,516.4608113,4.78875e-06,0.00477703
150.0,0.9035024001,514.7729397,4.79019e-06,0.00477672
150.0,0.9076856964,514.6309791,4.78389e-06,0.00477594
150.0,0.9064739345,516.4632314,4.79972e-06,0.00477784
150.0,0.9038761579,511.8633027,4.79185e-06,0.00477719
150.0,0.9070766755,516.8592468,4.77748e-06,0.0047766
150.0,0.9053570657,517.3863489,4.79183e-06,0.00477703
150.0,0.906120148,516.3367062,4.78049e-06,0.00477569
150.0,0.9054489275,518.2488981,4.79192e-06,0.00477594
150.0,0.9056810278,518.8388907,4.78704e-06,0.00477669
150.0,0.9037279498,515.6041469,4.79784e-06,0.00477759
150.0,0.9053199305,518.0553137,4.78523e-06,0.00477769
150.0,0.9084310673,516.9855097,4.76532e-06,0.0047779
150.0,0.9051431769,519.6998375,4.77604e-06,0.00477786
Freq,150,Rs,516.90200629375,2.0914078538879015,Ls,0.905891383875,0.0014263034121686851
":SOUR:DCS:STAT OFF;:BIAS:STAT OFF;:COMP:BIN:COUN:CLE;:LIST:CLE:ALL;:COMP:BIN:CLE;:AMPL:ALC OFF;:APER MED,4;:BIAS:POL:AUTO OFF;:BIAS:RANG:AUTO ON;:BIAS:VOLT:LEV 0;:COMP:ABIN OFF;:COMP:BIN:COUN:STAT OFF;:COMP:MODE PTOL;:COMP:SLIM -9.9e+037,9.9e+037;:COMP:STAT OFF;:COMP:SWAP OFF;:COMP:TOL:NOM 0;:CURR:LEV 5e-005;:DISP:ENAB ON;:DISP:LINE """";:DISP:WIND:TEXT1:DATA:FMSD:DATA 1e-009;:DISP:WIND:TEXT2:DATA:FMSD:DATA 1e-009;:FORM:ASC:LONG ON;:FORM:BORD NORM;:FORM:DATA ASC,64;:FREQ:CW 150;:FUNC:DEV1:MODE OFF;:FUNC:DEV1:REF:VAL 0;:FUNC:DEV2:MODE OFF;:FUNC:DEV2:REF:VAL 0;:FUNC:IMP:TYPE LSRS;:FUNC:SMON:IDC:STAT OFF;:FUNC:SMON:VDC:STAT OFF;:INIT:CONT OFF;:LIST:MODE SEQ;:LIST:STIM:TYPE FREQ,NONE;:SOUR:DCS:VOLT:LEV 0;:TRIG:DEL 0;:TRIG:SOUR INT;:TRIG:TDEL 0;:DISP:WIND:TEXT1:DATA:FMSD:STAT OFF;:DISP:WIND:TEXT2:DATA:FMSD:STAT OFF;:FUNC:DCR:RANG:VAL 100;:FUNC:IMP:RANG:VAL 300;:OUTP:DC:ISOL:LEV:VAL 0.002;:OUTP:DC:ISOL:STAT OFF;:FUNC:DCR:RANG:AUTO ON;:FUNC:IMP:RANG:AUTO ON;:OUTP:DC:ISOL:LEV:AUTO ON;:DISP:PAGE MEASurement;
"
155.0,0.9611026914,532.3925471,4.46396e-06,0.00481151
155.0,0.9605380717,533.9762499,4.46204e-06,0.0048102
155.0,0.9599929415,533.1859738,4.46743e-06,0.00481094
155.0,0.9599767693,534.2610348,4.46651e-06,0.00481201
155.0,0.9610585398,530.9519303,4.4742e-06,0.00481183
155.0,0.9594817561,533.6149383,4.47509e-06,0.00481148
155.0,0.9608602363,532.698826,4.46149e-06,0.0048119
155.0,0.9603036409,535.6212368,4.4626e-06,0.00481164
155.0,0.9607346025,534.0986487,4.4663e-06,0.00481259
155.0,0.9610799044,533.1421421,4.46712e-06,0.00481009
155.0,0.9625602812,531.7814351,4.47247e-06,0.00481204
155.0,0.9600446892,537.9854075,4.46629e-06,0.00481167
155.0,0.9607445871,533.615339,4.47607e-06,0.00481065
155.0,0.9621527354,534.8210199,4.47287e-06,0.00481178
155.0,0.9598015781,532.6291562,4.47111e-06,0.00481094
155.0,0.9612444617,534.3517978,4.46396e-06,0.00481116
Freq,155,Rs,533.69548020625,1.6323431188057025,Ls,0.9607298429125,0.0008264059853744075
":SOUR:DCS:STAT OFF;:BIAS:STAT OFF;:COMP:BIN:COUN:CLE;:LIST:CLE:ALL;:COMP:BIN:CLE;:AMPL:ALC OFF;:APER MED,4;:BIAS:POL:AUTO OFF;:BIAS:RANG:AUTO ON;:BIAS:VOLT:LEV 0;:COMP:ABIN OFF;:COMP:BIN:COUN:STAT OFF;:COMP:MODE PTOL;:COMP:SLIM -9.9e+037,9.9e+037;:COMP:STAT OFF;:COMP:SWAP OFF;:COMP:TOL:NOM 0;:CURR:LEV 5e-005;:DISP:ENAB ON;:DISP:LINE """";:DISP:WIND:TEXT1:DATA:FMSD:DATA 1e-009;:DISP:WIND:TEXT2:DATA:FMSD:DATA 1e-009;:FORM:ASC:LONG ON;:FORM:BORD NORM;:FORM:DATA ASC,64;:FREQ:CW 155;:FUNC:DEV1:MODE OFF;:FUNC:DEV1:REF:VAL 0;:FUNC:DEV2:MODE OFF;:FUNC:DEV2:REF:VAL 0;:FUNC:IMP:TYPE LSRS;:FUNC:SMON:IDC:STAT OFF;:FUNC:SMON:VDC:STAT OFF;:INIT:CONT OFF;:LIST:MODE SEQ;:LIST:STIM:TYPE FREQ,NONE;:SOUR:DCS:VOLT:LEV 0;:TRIG:DEL 0;:TRIG:SOUR INT;:TRIG:TDEL 0;:DISP:WIND:TEXT1:DATA:FMSD:STAT OFF;:DISP:WIND:TEXT2:DATA:FMSD:STAT OFF;:FUNC:DCR:RANG:VAL 100;:FUNC:IMP:RANG:VAL 1000;:OUTP:DC:ISOL:LEV:VAL 0.002;:OUTP:DC:ISOL:STAT OFF;:FUNC:DCR:RANG:AUTO ON;:FUNC:IMP:RANG:AUTO ON;:OUTP:DC:ISOL:LEV:AUTO ON;:DISP:PAGE MEASurement;
"
160.0,1.085149447,581.8039057,3.93204e-06,0.00485447
160.0,1.08389847,581.7456847,3.92733e-06,0.00485537
160.0,1.080998333,580.4832818,3.93477e-06,0.00485543
160.0,1.086443481,580.3622436,3.93231e-06,0.00485499
160.0,1.085567071,579.9783529,3.93508e-06,0.00485447
160.0,1.081900526,582.7486482,3.9262e-06,0.00485484
160.0,1.084937003,579.5062503,3.93166e-06,0.00485501
160.0,1.08576341,581.3519051,3.9307e-06,0.00485513
160.0,1.084788578,580.5571619,3.92841e-06,0.0048545
160.0,1.083347914,581.1493268,3.93162e-06,0.00485409
160.0,1.084166783,581.6383145,3.92876e-06,0.00485511
160.0,1.084534959,579.9368427,3.93048e-06,0.00485444
160.0,1.083951569,582.4508279,3.93033e-06,0.00485476
160.0,1.08326959,580.8038945,3.93489e-06,0.00485442
160.0,1.087076039,579.9073803,3.9288e-06,0.00485457
160.0,1.083018339,582.8343852,3.93078e-06,0.00485523
Freq,160,Rs,581.07865038125,1.054894127247008,Ls,1.0843007195,0.001592459422370626
":SOUR:DCS:STAT OFF;:BIAS:STAT OFF;:COMP:BIN:COUN:CLE;:LIST:CLE:ALL;:COMP:BIN:CLE;:AMPL:ALC OFF;:APER MED,4;:BIAS:POL:AUTO OFF;:BIAS:RANG:AUTO ON;:BIAS:VOLT:LEV 0;:COMP:ABIN OFF;:COMP:BIN:COUN:STAT OFF;:COMP:MODE PTOL;:COMP:SLIM -9.9e+037,9.9e+037;:COMP:STAT OFF;:COMP:SWAP OFF;:COMP:TOL:NOM 0;:CURR:LEV 5e-005;:DISP:ENAB ON;:DISP:LINE """";:DISP:WIND:TEXT1:DATA:FMSD:DATA 1e-009;:DISP:WIND:TEXT2:DATA:FMSD:DATA 1e-009;:FORM:ASC:LONG ON;:FORM:BORD NORM;:FORM:DATA ASC,64;:FREQ:CW 160;:FUNC:DEV1:MODE OFF;:FUNC:DEV1:REF:VAL 0;:FUNC:DEV2:MODE OFF;:FUNC:DEV2:REF:VAL 0;:FUNC:IMP:TYPE LSRS;:FUNC:SMON:IDC:STAT OFF;:FUNC:SMON:VDC:STAT OFF;:INIT:CONT OFF;:LIST:MODE SEQ;:LIST:STIM:TYPE FREQ,NONE;:SOUR:DCS:VOLT:LEV 0;:TRIG:DEL 0;:TRIG:SOUR INT;:TRIG:TDEL 0;:DISP:WIND:TEXT1:DATA:FMSD:STAT OFF;:DISP:WIND:TEXT2:DATA:FMSD:STAT OFF;:FUNC:DCR:RANG:VAL 100;:FUNC:IMP:RANG:VAL 1000;:OUTP:DC:ISOL:LEV:VAL 0.002;:OUTP:DC:ISOL:STAT OFF;:FUNC:DCR:RANG:AUTO ON;:FUNC:IMP:RANG:AUTO ON;:OUTP:DC:ISOL:LEV:AUTO ON;:DISP:PAGE MEASurement;
"
165.0,1.319805209,801.2338044,3.07946e-06,0.00489278
165.0,1.320483105,798.5534077,3.08275e-06,0.00489194
165.0,1.317831627,794.9432611,3.08308e-06,0.00489153
165.0,1.318194053,799.7806039,3.08793e-06,0.00489153
165.0,1.319778772,797.2337583,3.08281e-06,0.00489281
165.0,1.321082418,795.5991219,3.08579e-06,0.00489243
165.0,1.320732324,804.7343357,3.08911e-06,0.00489192
165.0,1.319971886,798.6100644,3.08374e-06,0.00489207
165.0,1.321648964,797.1376469,3.07949e-06,0.00489248
165.0,1.322255431,798.340423,3.08546e-06,0.0048921
165.0,1.322553514,801.3097753,3.08921e-06,0.0048919
165.0,1.323476624,796.2149917,3.08368e-06,0.00489208
165.0,1.320108876,797.0856786,3.082e-06,0.0048915
165.0,1.322065203,791.2282739,3.08149e-06,0.00489298
165.0,1.318494148,802.3479744,3.08211e-06,0.00489184
165.0,1.321926151,800.2613946,3.07754e-06,0.00489325
Freq,165,Rs,798.4134072375,3.2488943338192295,Ls,1.3206505190625002,0.0016307348727987395
":SOUR:DCS:STAT OFF;:BIAS:STAT OFF;:COMP:BIN:COUN:CLE;:LIST:CLE:ALL;:COMP:BIN:CLE;:AMPL:ALC OFF;:APER MED,4;:BIAS:POL:AUTO OFF;:BIAS:RANG:AUTO ON;:BIAS:VOLT:LEV 0;:COMP:ABIN OFF;:COMP:BIN:COUN:STAT OFF;:COMP:MODE PTOL;:COMP:SLIM -9.9e+037,9.9e+037;:COMP:STAT OFF;:COMP:SWAP OFF;:COMP:TOL:NOM 0;:CURR:LEV 5e-005;:DISP:ENAB ON;:DISP:LINE """";:DISP:WIND:TEXT1:DATA:FMSD:DATA 1e-009;:DISP:WIND:TEXT2:DATA:FMSD:DATA 1e-009;:FORM:ASC:LONG ON;:FORM:BORD NORM;:FORM:DATA ASC,64;:FREQ:CW 165;:FUNC:DEV1:MODE OFF;:FUNC:DEV1:REF:VAL 0;:FUNC:DEV2:MODE OFF;:FUNC:DEV2:REF:VAL 0;:FUNC:IMP:TYPE LSRS;:FUNC:SMON:IDC:STAT OFF;:FUNC:SMON:VDC:STAT OFF;:INIT:CONT OFF;:LIST:MODE SEQ;:LIST:STIM:TYPE FREQ,NONE;:SOUR:DCS:VOLT:LEV 0;:TRIG:DEL 0;:TRIG:SOUR INT;:TRIG:TDEL 0;:DISP:WIND:TEXT1:DATA:FMSD:STAT OFF;:DISP:WIND:TEXT2:DATA:FMSD:STAT OFF;:FUNC:DCR:RANG:VAL 100;:FUNC:IMP:RANG:VAL 1000;:OUTP:DC:ISOL:LEV:VAL 0.002;:OUTP:DC:ISOL:STAT OFF;:FUNC:DCR:RANG:AUTO ON;:FUNC:IMP:RANG:AUTO ON;:OUTP:DC:ISOL:LEV:AUTO ON;:DISP:PAGE MEASurement;
"
170.0,1.636909327,1987.062622,1.85664e-06,0.00491609
170.0,1.646644494,1971.2382,1.85384e-06,0.00491533
170.0,1.635003355,1965.676698,1.85565e-06,0.00491573
170.0,1.624804374,1979.549293,1.86394e-06,0.00491585
170.0,1.644477024,1983.573572,1.86379e-06,0.00491625
170.0,1.64820185,1986.096131,1.86411e-06,0.00491453
170.0,1.651425363,1989.149318,1.86353e-06,0.00491622
170.0,1.636681336,1995.203461,1.85187e-06,0.00491536
170.0,1.636172652,1992.455967,1.85554e-06,0.00491478
170.0,1.638085813,1980.336451,1.86355e-06,0.0049166
170.0,1.650157682,1984.893407,1.86323e-06,0.00491488
170.0,1.620604224,1970.698992,1.86502e-06,0.00491667
170.0,1.639660391,1978.134211,1.85187e-06,0.00491548
170.0,1.644561046,1965.230591,1.8614e-06,0.00491554
170.0,1.633772405,1977.356367,1.85698e-06,0.0049162
170.0,1.636955689,1980.777202,1.86222e-06,0.00491568
Freq,170,Rs,1980.4645301875,8.90046325956069,Ls,1.6390073140624999,0.008521859661637059
":SOUR:DCS:STAT OFF;:BIAS:STAT OFF;:COMP:BIN:COUN:CLE;:LIST:CLE:ALL;:COMP:BIN:CLE;:AMPL:ALC OFF;:APER MED,4;:BIAS:POL:AUTO OFF;:BIAS:RANG:AUTO ON;:BIAS:VOLT:LEV 0;:COMP:ABIN OFF;:COMP:BIN:COUN:STAT OFF;:COMP:MODE PTOL;:COMP:SLIM -9.9e+037,9.9e+037;:COMP:STAT OFF;:COMP:SWAP OFF;:COMP:TOL:NOM 0;:CURR:LEV 5e-005;:DISP:ENAB ON;:DISP:LINE """";:DISP:WIND:TEXT1:DATA:FMSD:DATA 1e-009;:DISP:WIND:TEXT2:DATA:FMSD:DATA 1e-009;:FORM:ASC:LONG ON;:FORM:BORD NORM;:FORM:DATA ASC,64;:FREQ:CW 170;:FUNC:DEV1:MODE OFF;:FUNC:DEV1:REF:VAL 0;:FUNC:DEV2:MODE OFF;:FUNC:DEV2:REF:VAL 0;:FUNC:IMP:TYPE LSRS;:FUNC:SMON:IDC:STAT OFF;:FUNC:SMON:VDC:STAT OFF;:INIT:CONT OFF;:LIST:MODE SEQ;:LIST:STIM:TYPE FREQ,NONE;:SOUR:DCS:VOLT:LEV 0;:TRIG:DEL 0;:TRIG:SOUR INT;:TRIG:TDEL 0;:DISP:WIND:TEXT1:DATA:FMSD:STAT OFF;:DISP:WIND:TEXT2:DATA:FMSD:STAT OFF;:FUNC:DCR:RANG:VAL 100;:FUNC:IMP:RANG:VAL 1000;:OUTP:DC:ISOL:LEV:VAL 0.002;:OUTP:DC:ISOL:STAT OFF;:FUNC:DCR:RANG:AUTO ON;:FUNC:IMP:RANG:AUTO ON;:OUTP:DC:ISOL:LEV:AUTO ON;:DISP:PAGE MEASurement;
"
175.0,-0.3813886132,1344.232826,3.37544e-06,0.00473442
175.0,-0.3758197493,1338.693206,3.38111e-06,0.00473272
175.0,-0.375669433,1341.085236,3.36069e-06,0.0047343
175.0,-0.370955752,1340.254165,3.37162e-06,0.00473234
175.0,-0.3717873268,1334.606882,3.37394e-06,0.00473268
175.0,-0.3722738324,1342.703033,3.37978e-06,0.00473249
175.0,-0.3697867872,1336.300008,3.36635e-06,0.00473398
175.0,-0.3755568532,1339.56788,3.38225e-06,0.00473268
175.0,-0.382029321,1335.335612,3.37275e-06,0.00473192
175.0,-0.3774118069,1336.046442,3.38899e-06,0.004733
175.0,-0.3756015773,1333.460575,3.38064e-06,0.00473386
175.0,-0.3732098098,1342.849202,3.38947e-06,0.00473167
175.0,-0.3730768792,1337.344984,3.36828e-06,0.00473182
175.0,-0.3743847551,1337.99061,3.37536e-06,0.00473205
175.0,-0.3731892707,1334.896966,3.37882e-06,0.00473219
175.0,-0.3707893605,1333.608361,3.38926e-06,0.00473249
Freq,175,Rs,1338.06099925,3.4373438343413634,Ls,-0.37455819547499997,0.0035051230139611237
":SOUR:DCS:STAT OFF;:BIAS:STAT OFF;:COMP:BIN:COUN:CLE;:LIST:CLE:ALL;:COMP:BIN:CLE;:AMPL:ALC OFF;:APER MED,4;:BIAS:POL:AUTO OFF;:BIAS:RANG:AUTO ON;:BIAS:VOLT:LEV 0;:COMP:ABIN OFF;:COMP:BIN:COUN:STAT OFF;:COMP:MODE PTOL;:COMP:SLIM -9.9e+037,9.9e+037;:COMP:STAT OFF;:COMP:SWAP OFF;:COMP:TOL:NOM 0;:CURR:LEV 5e-005;:DISP:ENAB ON;:DISP:LINE """";:DISP:WIND:TEXT1:DATA:FMSD:DATA 1e-009;:DISP:WIND:TEXT2:DATA:FMSD:DATA 1e-009;:FORM:ASC:LONG ON;:FORM:BORD NORM;:FORM:DATA ASC,64;:FREQ:CW 175;:FUNC:DEV1:MODE OFF;:FUNC:DEV1:REF:VAL 0;:FUNC:DEV2:MODE OFF;:FUNC:DEV2:REF:VAL 0;:FUNC:IMP:TYPE LSRS;:FUNC:SMON:IDC:STAT OFF;:FUNC:SMON:VDC:STAT OFF;:INIT:CONT OFF;:LIST:MODE SEQ;:LIST:STIM:TYPE FREQ,NONE;:SOUR:DCS:VOLT:LEV 0;:TRIG:DEL 0;:TRIG:SOUR INT;:TRIG:TDEL 0;:DISP:WIND:TEXT1:DATA:FMSD:STAT OFF;:DISP:WIND:TEXT2:DATA:FMSD:STAT OFF;:FUNC:DCR:RANG:VAL 100;:FUNC:IMP:RANG:VAL 1000;:OUTP:DC:ISOL:LEV:VAL 0.002;:OUTP:DC:ISOL:STAT OFF;:FUNC:DCR:RANG:AUTO ON;:FUNC:IMP:RANG:AUTO ON;:OUTP:DC:ISOL:LEV:AUTO ON;:DISP:PAGE MEASurement;
"
180.0,0.06134062688,705.9040184,6.24447e-06,0.0044327
180.0,0.06145147397,704.6603941,6.25459e-06,0.00443306
180.0,0.06145010119,705.9588384,6.25894e-06,0.00443408
180.0,0.06162193549,706.630869,6.24758e-06,0.00443381
180.0,0.06034769521,706.396919,6.26071e-06,0.00443289
180.0,0.06117711739,707.3388809,6.2538e-06,0.00443334
180.0,0.0637265177,705.4592642,6.25007e-06,0.00443392
180.0,0.06090376375,707.2638822,6.25519e-06,0.00443259
180.0,0.06202884269,706.4530857,6.24619e-06,0.00443348
180.0,0.06156169815,705.8280505,6.24096e-06,0.00443275
180.0,0.06102174674,706.2024591,6.25701e-06,0.00443237
180.0,0.06073137428,706.3488834,6.25397e-06,0.00443354
180.0,0.06191742905,705.6300237,6.24324e-06,0.00443323
180.0,0.06194550873,706.0032915,6.24436e-06,0.004432
180.0,0.06166278022,708.5901595,6.2473e-06,0.00443251
180.0,0.05955910792,705.2054545,6.24547e-06,0.00443257
Freq,180,Rs,706.2421546312501,0.9302275498603507,Ls,0.061402982460000005,0.0008910192647792161
":SOUR:DCS:STAT OFF;:BIAS:STAT OFF;:COMP:BIN:COUN:CLE;:LIST:CLE:ALL;:COMP:BIN:CLE;:AMPL:ALC OFF;:APER MED,4;:BIAS:POL:AUTO OFF;:BIAS:RANG:AUTO ON;:BIAS:VOLT:LEV 0;:COMP:ABIN OFF;:COMP:BIN:COUN:STAT OFF;:COMP:MODE PTOL;:COMP:SLIM -9.9e+037,9.9e+037;:COMP:STAT OFF;:COMP:SWAP OFF;:COMP:TOL:NOM 0;:CURR:LEV 5e-005;:DISP:ENAB ON;:DISP:LINE """";:DISP:WIND:TEXT1:DATA:FMSD:DATA 1e-009;:DISP:WIND:TEXT2:DATA:FMSD:DATA 1e-009;:FORM:ASC:LONG ON;:FORM:BORD NORM;:FORM:DATA ASC,64;:FREQ:CW 180;:FUNC:DEV1:MODE OFF;:FUNC:DEV1:REF:VAL 0;:FUNC:DEV2:MODE OFF;:FUNC:DEV2:REF:VAL 0;:FUNC:IMP:TYPE LSRS;:FUNC:SMON:IDC:STAT OFF;:FUNC:SMON:VDC:STAT OFF;:INIT:CONT OFF;:LIST:MODE SEQ;:LIST:STIM:TYPE FREQ,NONE;:SOUR:DCS:VOLT:LEV 0;:TRIG:DEL 0;:TRIG:SOUR INT;:TRIG:TDEL 0;:DISP:WIND:TEXT1:DATA:FMSD:STAT OFF;:DISP:WIND:TEXT2:DATA:FMSD:STAT OFF;:FUNC:DCR:RANG:VAL 100;:FUNC:IMP:RANG:VAL 300;:OUTP:DC:ISOL:LEV:VAL 0.002;:OUTP:DC:ISOL:STAT OFF;:FUNC:DCR:RANG:AUTO ON;:FUNC:IMP:RANG:AUTO ON;:OUTP:DC:ISOL:LEV:AUTO ON;:DISP:PAGE MEASurement;
"
185.0,0.2557206684,603.0450187,6.63274e-06,0.00445129
185.0,0.2557828851,601.6558479,6.63129e-06,0.00445277
185.0,0.2566729796,600.9716989,6.63885e-06,0.00445056
185.0,0.2566532516,600.8694458,6.63379e-06,0.00445222
185.0,0.2558860323,601.7564795,6.63306e-06,0.00445237
185.0,0.256228081,602.1798534,6.6257e-06,0.00445218
185.0,0.2561580302,603.0211793,6.64237e-06,0.0044514
185.0,0.255925729,602.3283022,6.62577e-06,0.004451
185.0,0.2557091692,602.8669143,6.63419e-06,0.0044524
185.0,0.2564191213,601.0312825,6.60232e-06,0.00445055
185.0,0.2555139541,600.5138063,6.62979e-06,0.00445058
185.0,0.2564220142,601.1530242,6.63807e-06,0.00445004
185.0,0.2556669493,601.5488849,6.64009e-06,0.00445158
185.0,0.2556515231,601.3562759,6.6346e-06,0.00445278
185.0,0.2557413826,602.3305951,6.62849e-06,0.0044531
185.0,0.2573619316,601.5688321,6.63078e-06,0.00445099
Freq,185,Rs,601.7623400625,0.7922020740378116,Ls,0.2560946064125,0.0005023795995841441
":SOUR:DCS:STAT OFF;:BIAS:STAT OFF;:COMP:BIN:COUN:CLE;:LIST:CLE:ALL;:COMP:BIN:CLE;:AMPL:ALC OFF;:APER MED,4;:BIAS:POL:AUTO OFF;:BIAS:RANG:AUTO ON;:BIAS:VOLT:LEV 0;:COMP:ABIN OFF;:COMP:BIN:COUN:STAT OFF;:COMP:MODE PTOL;:COMP:SLIM -9.9e+037,9.9e+037;:COMP:STAT OFF;:COMP:SWAP OFF;:COMP:TOL:NOM 0;:CURR:LEV 5e-005;:DISP:ENAB ON;:DISP:LINE """";:DISP:WIND:TEXT1:DATA:FMSD:DATA 1e-009;:DISP:WIND:TEXT2:DATA:FMSD:DATA 1e-009;:FORM:ASC:LONG ON;:FORM:BORD NORM;:FORM:DATA ASC,64;:FREQ:CW 185;:FUNC:DEV1:MODE OFF;:FUNC:DEV1:REF:VAL 0;:FUNC:DEV2:MODE OFF;:FUNC:DEV2:REF:VAL 0;:FUNC:IMP:TYPE LSRS;:FUNC:SMON:IDC:STAT OFF;:FUNC:SMON:VDC:STAT OFF;:INIT:CONT OFF;:LIST:MODE SEQ;:LIST:STIM:TYPE FREQ,NONE;:SOUR:DCS:VOLT:LEV 0;:TRIG:DEL 0;:TRIG:SOUR INT;:TRIG:TDEL 0;:DISP:WIND:TEXT1:DATA:FMSD:STAT OFF;:DISP:WIND:TEXT2:DATA:FMSD:STAT OFF;:FUNC:DCR:RANG:VAL 100;:FUNC:IMP:RANG:VAL 300;:OUTP:DC:ISOL:LEV:VAL 0.002;:OUTP:DC:ISOL:STAT OFF;:FUNC:DCR:RANG:AUTO ON;:FUNC:IMP:RANG:AUTO ON;:OUTP:DC:ISOL:LEV:AUTO ON;:DISP:PAGE MEASurement;
"
200.0,0.4429441925,560.5027029,5.84723e-06,0.00461735
200.0,0.4424529548,560.850313,5.84664e-06,0.00461685
200.0,0.4424416948,561.1081914,5.85009e-06,0.00461688
200.0,0.4427493872,560.8901522,5.85081e-06,0.00461716
200.0,0.4428987811,560.1611617,5.85198e-06,0.00461731
200.0,0.4420770442,560.7646433,5.84851e-06,0.00461753
200.0,0.4423688079,559.8529582,5.85056e-06,0.00461758
200.0,0.4423829855,560.340181,5.84895e-06,0.00461818
200.0,0.442937105,559.895983,5.8482e-06,0.00461714
200.0,0.4423096542,560.319405,5.85155e-06,0.00461797
200.0,0.4428227819,560.4175806,5.85018e-06,0.00461721
200.0,0.4421342812,561.1955583,5.84711e-06,0.00461715
200.0,0.4424288348,560.8985681,5.8497e-06,0.00461774
200.0,0.4420516132,561.0402138,5.85041e-06,0.00461725
200.0,0.4421214394,560.256621,5.85228e-06,0.00461677
200.0,0.4432364144,560.7166195,5.84401e-06,0.00461802
Freq,200,Rs,560.5756783125,0.4185012628877217,Ls,0.44252237325625,0.00036358278633425996
":SOUR:DCS:STAT OFF;:BIAS:STAT OFF;:COMP:BIN:COUN:CLE;:LIST:CLE:ALL;:COMP:BIN:CLE;:AMPL:ALC OFF;:APER MED,4;:BIAS:POL:AUTO OFF;:BIAS:RANG:AUTO ON;:BIAS:VOLT:LEV 0;:COMP:ABIN OFF;:COMP:BIN:COUN:STAT OFF;:COMP:MODE PTOL;:COMP:SLIM -9.9e+037,9.9e+037;:COMP:STAT OFF;:COMP:SWAP OFF;:COMP:TOL:NOM 0;:CURR:LEV 5e-005;:DISP:ENAB ON;:DISP:LINE """";:DISP:WIND:TEXT1:DATA:FMSD:DATA 1e-009;:DISP:WIND:TEXT2:DATA:FMSD:DATA 1e-009;:FORM:ASC:LONG ON;:FORM:BORD NORM;:FORM:DATA ASC,64;:FREQ:CW 200;:FUNC:DEV1:MODE OFF;:FUNC:DEV1:REF:VAL 0;:FUNC:DEV2:MODE OFF;:FUNC:DEV2:REF:VAL 0;:FUNC:IMP:TYPE LSRS;:FUNC:SMON:IDC:STAT OFF;:FUNC:SMON:VDC:STAT OFF;:INIT:CONT OFF;:LIST:MODE SEQ;:LIST:STIM:TYPE FREQ,NONE;:SOUR:DCS:VOLT:LEV 0;:TRIG:DEL 0;:TRIG:SOUR INT;:TRIG:TDEL 0;:DISP:WIND:TEXT1:DATA:FMSD:STAT OFF;:DISP:WIND:TEXT2:DATA:FMSD:STAT OFF;:FUNC:DCR:RANG:VAL 100;:FUNC:IMP:RANG:VAL 300;:OUTP:DC:ISOL:LEV:VAL 0.002;:OUTP:DC:ISOL:STAT OFF;:FUNC:DCR:RANG:AUTO ON;:FUNC:IMP:RANG:AUTO ON;:OUTP:DC:ISOL:LEV:AUTO ON;:DISP:PAGE MEASurement;
"
240.0,0.5248522834,598.2364473,4.78098e-06,0.00474319
240.0,0.5254309293,596.9369388,4.77985e-06,0.00474271
240.0,0.5257937718,598.1071928,4.78233e-06,0.00474284
240.0,0.5254932322,597.9370851,4.78158e-06,0.00474277
240.0,0.5253756459,597.4732492,4.78094e-06,0.00474299
240.0,0.5247649198,597.9262486,4.78205e-06,0.00474318
240.0,0.5253119566,598.244388,4.7783e-06,0.00474323
240.0,0.5251187004,597.8831164,4.77929e-06,0.00474351
240.0,0.5251109296,597.6053746,4.77928e-06,0.00474304
240.0,0.5251086114,597.6501963,4.77979e-06,0.00474315
240.0,0.5254147436,597.4469832,4.77893e-06,0.00474352
240.0,0.5257649559,598.0309533,4.77726e-06,0.00474323
240.0,0.5253745881,598.4560447,4.78151e-06,0.00474377
240.0,0.5253326619,598.5613454,4.77549e-06,0.00474336
240.0,0.5250934574,597.8894897,4.78356e-06,0.00474337
240.0,0.525404562,598.147615,4.77833e-06,0.00474323
Freq,240,Rs,597.9082917750001,0.4135333322931432,Ls,0.52529662183125,0.0002811352558783715
":SOUR:DCS:STAT OFF;:BIAS:STAT OFF;:COMP:BIN:COUN:CLE;:LIST:CLE:ALL;:COMP:BIN:CLE;:AMPL:ALC OFF;:APER MED,4;:BIAS:POL:AUTO OFF;:BIAS:RANG:AUTO ON;:BIAS:VOLT:LEV 0;:COMP:ABIN OFF;:COMP:BIN:COUN:STAT OFF;:COMP:MODE PTOL;:COMP:SLIM -9.9e+037,9.9e+037;:COMP:STAT OFF;:COMP:SWAP OFF;:COMP:TOL:NOM 0;:CURR:LEV 5e-005;:DISP:ENAB ON;:DISP:LINE """";:DISP:WIND:TEXT1:DATA:FMSD:DATA 1e-009;:DISP:WIND:TEXT2:DATA:FMSD:DATA 1e-009;:FORM:ASC:LONG ON;:FORM:BORD NORM;:FORM:DATA ASC,64;:FREQ:CW 240;:FUNC:DEV1:MODE OFF;:FUNC:DEV1:REF:VAL 0;:FUNC:DEV2:MODE OFF;:FUNC:DEV2:REF:VAL 0;:FUNC:IMP:TYPE LSRS;:FUNC:SMON:IDC:STAT OFF;:FUNC:SMON:VDC:STAT OFF;:INIT:CONT OFF;:LIST:MODE SEQ;:LIST:STIM:TYPE FREQ,NONE;:SOUR:DCS:VOLT:LEV 0;:TRIG:DEL 0;:TRIG:SOUR INT;:TRIG:TDEL 0;:DISP:WIND:TEXT1:DATA:FMSD:STAT OFF;:DISP:WIND:TEXT2:DATA:FMSD:STAT OFF;:FUNC:DCR:RANG:VAL 100;:FUNC:IMP:RANG:VAL 300;:OUTP:DC:ISOL:LEV:VAL 0.002;:OUTP:DC:ISOL:STAT OFF;:FUNC:DCR:RANG:AUTO ON;:FUNC:IMP:RANG:AUTO ON;:OUTP:DC:ISOL:LEV:AUTO ON;:DISP:PAGE MEASurement;
"
400.0,0.4758142866,788.2364433,3.38903e-06,0.00485782
400.0,0.4761877085,789.5056001,3.38794e-06,0.00485811
400.0,0.4757514449,788.7630401,3.38847e-06,0.00485762
400.0,0.4758946877,789.0598117,3.38906e-06,0.00485781
400.0,0.4758162104,789.0622456,3.38816e-06,0.00485774
400.0,0.4763729733,788.2333757,3.39009e-06,0.00485812
400.0,0.4761733129,788.9780221,3.38977e-06,0.0048578
400.0,0.475728463,788.7377406,3.38776e-06,0.00485763
400.0,0.4761106198,789.7730119,3.39015e-06,0.00485761
400.0,0.4759243745,788.7166657,3.38573e-06,0.0048577
400.0,0.4758552625,789.1227641,3.38883e-06,0.00485826
400.0,0.4759799443,788.7647849,3.3894e-06,0.00485784
400.0,0.4763885578,789.4030754,3.38991e-06,0.00485792
400.0,0.4762385853,790.9307151,3.38897e-06,0.00485751
400.0,0.4760772266,790.0567081,3.38981e-06,0.00485807
400.0,0.4762861424,787.3475492,3.39221e-06,0.00485792
Freq,400,Rs,789.0432221000001,0.8171053299783915,Ls,0.47603748753124997,0.0002208793473069768
":SOUR:DCS:STAT OFF;:BIAS:STAT OFF;:COMP:BIN:COUN:CLE;:LIST:CLE:ALL;:COMP:BIN:CLE;:AMPL:ALC OFF;:APER MED,4;:BIAS:POL:AUTO OFF;:BIAS:RANG:AUTO ON;:BIAS:VOLT:LEV 0;:COMP:ABIN OFF;:COMP:BIN:COUN:STAT OFF;:COMP:MODE PTOL;:COMP:SLIM -9.9e+037,9.9e+037;:COMP:STAT OFF;:COMP:SWAP OFF;:COMP:TOL:NOM 0;:CURR:LEV 5e-005;:DISP:ENAB ON;:DISP:LINE """";:DISP:WIND:TEXT1:DATA:FMSD:DATA 1e-009;:DISP:WIND:TEXT2:DATA:FMSD:DATA 1e-009;:FORM:ASC:LONG ON;:FORM:BORD NORM;:FORM:DATA ASC,64;:FREQ:CW 400;:FUNC:DEV1:MODE OFF;:FUNC:DEV1:REF:VAL 0;:FUNC:DEV2:MODE OFF;:FUNC:DEV2:REF:VAL 0;:FUNC:IMP:TYPE LSRS;:FUNC:SMON:IDC:STAT OFF;:FUNC:SMON:VDC:STAT OFF;:INIT:CONT OFF;:LIST:MODE SEQ;:LIST:STIM:TYPE FREQ,NONE;:SOUR:DCS:VOLT:LEV 0;:TRIG:DEL 0;:TRIG:SOUR INT;:TRIG:TDEL 0;:DISP:WIND:TEXT1:DATA:FMSD:STAT OFF;:DISP:WIND:TEXT2:DATA:FMSD:STAT OFF;:FUNC:DCR:RANG:VAL 100;:FUNC:IMP:RANG:VAL 1000;:OUTP:DC:ISOL:LEV:VAL 0.002;:OUTP:DC:ISOL:STAT OFF;:FUNC:DCR:RANG:AUTO ON;:FUNC:IMP:RANG:AUTO ON;:OUTP:DC:ISOL:LEV:AUTO ON;:DISP:PAGE MEASurement;
"
800.0,0.4077053496,1189.400846,2.07666e-06,0.00491978
800.0,0.4077626371,1189.032734,2.07664e-06,0.00491989
800.0,0.407770392,1189.416249,2.07645e-06,0.00491952
800.0,0.407777103,1189.21896,2.07579e-06,0.00492005
800.0,0.4077896602,1188.928384,2.07622e-06,0.00492001
800.0,0.4078418312,1188.816374,2.07666e-06,0.00491974
800.0,0.4076689703,1189.02597,2.07652e-06,0.00491973
800.0,0.4076490958,1188.707262,2.0764e-06,0.00491992
800.0,0.4076667594,1189.338373,2.07624e-06,0.0049199
800.0,0.4076988817,1189.570749,2.07643e-06,0.00491966
800.0,0.4075680929,1188.618868,2.07592e-06,0.00492003
800.0,0.4077506985,1189.06529,2.07691e-06,0.00491988
800.0,0.4076644758,1189.078278,2.07627e-06,0.00491977
800.0,0.4076863129,1189.401232,2.07605e-06,0.00492003
800.0,0.4077307254,1188.755141,2.07619e-06,0.00491968
800.0,0.4076428002,1188.936765,2.07604e-06,0.00491975
Freq,800,Rs,1189.0819671875001,0.2853675306910341,Ls,0.40771086162500003,6.89998236121813e-05
":SOUR:DCS:STAT OFF;:BIAS:STAT OFF;:COMP:BIN:COUN:CLE;:LIST:CLE:ALL;:COMP:BIN:CLE;:AMPL:ALC OFF;:APER MED,4;:BIAS:POL:AUTO OFF;:BIAS:RANG:AUTO ON;:BIAS:VOLT:LEV 0;:COMP:ABIN OFF;:COMP:BIN:COUN:STAT OFF;:COMP:MODE PTOL;:COMP:SLIM -9.9e+037,9.9e+037;:COMP:STAT OFF;:COMP:SWAP OFF;:COMP:TOL:NOM 0;:CURR:LEV 5e-005;:DISP:ENAB ON;:DISP:LINE """";:DISP:WIND:TEXT1:DATA:FMSD:DATA 1e-009;:DISP:WIND:TEXT2:DATA:FMSD:DATA 1e-009;:FORM:ASC:LONG ON;:FORM:BORD NORM;:FORM:DATA ASC,64;:FREQ:CW 800;:FUNC:DEV1:MODE OFF;:FUNC:DEV1:REF:VAL 0;:FUNC:DEV2:MODE OFF;:FUNC:DEV2:REF:VAL 0;:FUNC:IMP:TYPE LSRS;:FUNC:SMON:IDC:STAT OFF;:FUNC:SMON:VDC:STAT OFF;:INIT:CONT OFF;:LIST:MODE SEQ;:LIST:STIM:TYPE FREQ,NONE;:SOUR:DCS:VOLT:LEV 0;:TRIG:DEL 0;:TRIG:SOUR INT;:TRIG:TDEL 0;:DISP:WIND:TEXT1:DATA:FMSD:STAT OFF;:DISP:WIND:TEXT2:DATA:FMSD:STAT OFF;:FUNC:DCR:RANG:VAL 100;:FUNC:IMP:RANG:VAL 1000;:OUTP:DC:ISOL:LEV:VAL 0.002;:OUTP:DC:ISOL:STAT OFF;:FUNC:DCR:RANG:AUTO ON;:FUNC:IMP:RANG:AUTO ON;:OUTP:DC:ISOL:LEV:AUTO ON;:DISP:PAGE MEASurement;
"
1000.0,0.3847515237,1374.184325,1.76891e-06,0.00491986
1000.0,0.3847662023,1374.410686,1.76905e-06,0.00492021
1000.0,0.3847368853,1374.550981,1.7695e-06,0.00492021
1000.0,0.3848103858,1374.368096,1.76924e-06,0.00492013
1000.0,0.3847540243,1374.151684,1.76938e-06,0.00491998
1000.0,0.3847446739,1374.460811,1.76913e-06,0.00492024
1000.0,0.3848097044,1374.280056,1.76906e-06,0.00491997
1000.0,0.3848611591,1374.276123,1.76893e-06,0.00492024
1000.0,0.3848815422,1374.015315,1.7693e-06,0.00491996
1000.0,0.3847771226,1374.698712,1.76889e-06,0.00491996
1000.0,0.3848583734,1374.729787,1.76885e-06,0.00492009
1000.0,0.3848313407,1374.440399,1.7693e-06,0.00492026
1000.0,0.3847230493,1374.166657,1.76965e-06,0.00491986
1000.0,0.3848397928,1374.457268,1.7689e-06,0.00491995
1000.0,0.3847308196,1374.390547,1.76919e-06,0.00491994
1000.0,0.3847849501,1375.19591,1.76934e-06,0.00492006
Freq,1000,Rs,1374.4235848125,0.28231514743518044,Ls,0.38479134684375005,5.129937576705482e-05
":SOUR:DCS:STAT OFF;:BIAS:STAT OFF;:COMP:BIN:COUN:CLE;:LIST:CLE:ALL;:COMP:BIN:CLE;:AMPL:ALC OFF;:APER MED,4;:BIAS:POL:AUTO OFF;:BIAS:RANG:AUTO ON;:BIAS:VOLT:LEV 0;:COMP:ABIN OFF;:COMP:BIN:COUN:STAT OFF;:COMP:MODE PTOL;:COMP:SLIM -9.9e+037,9.9e+037;:COMP:STAT OFF;:COMP:SWAP OFF;:COMP:TOL:NOM 0;:CURR:LEV 5e-005;:DISP:ENAB ON;:DISP:LINE """";:DISP:WIND:TEXT1:DATA:FMSD:DATA 1e-009;:DISP:WIND:TEXT2:DATA:FMSD:DATA 1e-009;:FORM:ASC:LONG ON;:FORM:BORD NORM;:FORM:DATA ASC,64;:FREQ:CW 1000;:FUNC:DEV1:MODE OFF;:FUNC:DEV1:REF:VAL 0;:FUNC:DEV2:MODE OFF;:FUNC:DEV2:REF:VAL 0;:FUNC:IMP:TYPE LSRS;:FUNC:SMON:IDC:STAT OFF;:FUNC:SMON:VDC:STAT OFF;:INIT:CONT OFF;:LIST:MODE SEQ;:LIST:STIM:TYPE FREQ,NONE;:SOUR:DCS:VOLT:LEV 0;:TRIG:DEL 0;:TRIG:SOUR INT;:TRIG:TDEL 0;:DISP:WIND:TEXT1:DATA:FMSD:STAT OFF;:DISP:WIND:TEXT2:DATA:FMSD:STAT OFF;:FUNC:DCR:RANG:VAL 100;:FUNC:IMP:RANG:VAL 1000;:OUTP:DC:ISOL:LEV:VAL 0.002;:OUTP:DC:ISOL:STAT OFF;:FUNC:DCR:RANG:AUTO ON;:FUNC:IMP:RANG:AUTO ON;:OUTP:DC:ISOL:LEV:AUTO ON;:DISP:PAGE MEASurement;
"
":SOUR:DCS:STAT OFF;:BIAS:STAT OFF;:COMP:BIN:COUN:CLE;:LIST:CLE:ALL;:COMP:BIN:CLE;:AMPL:ALC OFF;:APER MED,4;:BIAS:POL:AUTO OFF;:BIAS:RANG:AUTO ON;:BIAS:VOLT:LEV 0;:COMP:ABIN OFF;:COMP:BIN:COUN:STAT OFF;:COMP:MODE PTOL;:COMP:SLIM -9.9e+037,9.9e+037;:COMP:STAT OFF;:COMP:SWAP OFF;:COMP:TOL:NOM 0;:CURR:LEV 5e-005;:DISP:ENAB ON;:DISP:LINE """";:DISP:WIND:TEXT1:DATA:FMSD:DATA 1e-009;:DISP:WIND:TEXT2:DATA:FMSD:DATA 1e-009;:FORM:ASC:LONG ON;:FORM:BORD NORM;:FORM:DATA ASC,64;:FREQ:CW 1000;:FUNC:DEV1:MODE OFF;:FUNC:DEV1:REF:VAL 0;:FUNC:DEV2:MODE OFF;:FUNC:DEV2:REF:VAL 0;:FUNC:IMP:TYPE LSRS;:FUNC:SMON:IDC:STAT OFF;:FUNC:SMON:VDC:STAT OFF;:INIT:CONT OFF;:LIST:MODE SEQ;:LIST:STIM:TYPE FREQ,NONE;:SOUR:DCS:VOLT:LEV 0;:TRIG:DEL 0;:TRIG:SOUR INT;:TRIG:TDEL 0;:DISP:WIND:TEXT1:DATA:FMSD:STAT OFF;:DISP:WIND:TEXT2:DATA:FMSD:STAT OFF;:FUNC:DCR:RANG:VAL 100;:FUNC:IMP:RANG:VAL 1000;:OUTP:DC:ISOL:LEV:VAL 0.002;:OUTP:DC:ISOL:STAT OFF;:FUNC:DCR:RANG:AUTO ON;:FUNC:IMP:RANG:AUTO ON;:OUTP:DC:ISOL:LEV:AUTO ON;:DISP:PAGE MEASurement;
"
2024-05-01,11:04:51
---------run finished---------
Frequency,Resistance,uR,Inductance,uL
20,275.674082325,0.5004999806821319,1.0713799655,0.0038717822571042305
25,285.05295500625,0.6233117876931308,1.0295311785624999,0.0053519040260985055
30,292.48046393125003,0.4820916611154283,1.00140870780625,0.0029941687467565825
40,309.4943924125,0.9171823482881081,0.955911894025,0.0037207614802711813
53,330.42025809375,0.7486828690605816,0.9082083819,0.0028204000713531493
60,341.49973813125,0.6837687941342953,0.8877519622875001,0.0017289568791880104
80,373.6040756625,1.2645834299652936,0.84732940045,0.0013352484423398985
103,409.93198886875,2.8169553283633633,0.8230575315875001,0.0038618674473899425
120,441.45579460625004,2.0070826527062753,0.8292951230375,0.0017955465078107926
130,460.214895675,0.863353097026603,0.8095639163125,0.0006574217136762929
135,465.3244436375,0.8649546463162027,0.832181791975,0.0009445481321538183
140,477.20001493125,1.4263674191321947,0.8519696223375001,0.002202526037189941
145,493.99259951249996,3.3512549251694823,0.8797113908812499,0.00209463834851004
150,516.90200629375,2.0914078538879015,0.905891383875,0.0014263034121686851
155,533.69548020625,1.6323431188057025,0.9607298429125,0.0008264059853744075
160,581.07865038125,1.054894127247008,1.0843007195,0.001592459422370626
165,798.4134072375,3.2488943338192295,1.3206505190625002,0.0016307348727987395
170,1980.4645301875,8.90046325956069,1.6390073140624999,0.008521859661637059
175,1338.06099925,3.4373438343413634,-0.37455819547499997,0.0035051230139611237
180,706.2421546312501,0.9302275498603507,0.061402982460000005,0.0008910192647792161
185,601.7623400625,0.7922020740378116,0.2560946064125,0.0005023795995841441
200,560.5756783125,0.4185012628877217,0.44252237325625,0.00036358278633425996
240,597.9082917750001,0.4135333322931432,0.52529662183125,0.0002811352558783715
400,789.0432221000001,0.8171053299783915,0.47603748753124997,0.0002208793473069768
800,1189.0819671875001,0.2853675306910341,0.40771086162500003,6.89998236121813e-05
1000,1374.4235848125,0.28231514743518044,0.38479134684375005,5.129937576705482e-05
lcr name:,KeySight E4980A
Name and description of Resistor under test: ,repeat with even more frequencies
2024-05-01,11:09:04
select the freq range,"[20, 25, 30, 40, 53, 60, 80, 103, 120, 130, 135, 140, 145, 150, 155, 160, 165, 170, 172, 175, 180, 185, 200, 220, 240, 400, 800, 1000, 2000, 3000, 4000, 5000, 6000, 7000, 8000, 10000, 12000, 14000, 16000, 18000, 20000]"
20.0,1.070071452,276.4758486,1.25551e-05,0.00385431
20.0,1.074720246,275.5056164,1.25759e-05,0.00385302
20.0,1.071213183,276.0840218,1.25513e-05,0.00385404
20.0,1.075069946,275.7417419,1.25876e-05,0.00385405
20.0,1.07768961,275.7622384,1.25627e-05,0.00384891
20.0,1.066126732,276.3221848,1.25776e-05,0.00385015
20.0,1.067419193,276.3073637,1.25465e-05,0.0038589
20.0,1.080052818,274.7345497,1.2537e-05,0.00384929
20.0,1.073561337,275.5164002,1.25543e-05,0.00384655
20.0,1.074669295,275.7224559,1.25365e-05,0.00385809
20.0,1.073766886,276.4567579,1.25978e-05,0.00386051
20.0,1.073043349,274.7642325,1.25579e-05,0.00385205
20.0,1.069387332,275.225098,1.25159e-05,0.00384939
20.0,1.072474386,275.0992768,1.25673e-05,0.0038543
20.0,1.074935883,274.9358135,1.25722e-05,0.00385275
20.0,1.066823869,274.9146009,1.25814e-05,0.00385871
Freq,20,Rs,275.5980125625,0.6101519027930122,Ls,1.0725640948125,0.003873037024000232
":SOUR:DCS:STAT OFF;:BIAS:STAT OFF;:COMP:BIN:COUN:CLE;:LIST:CLE:ALL;:COMP:BIN:CLE;:AMPL:ALC OFF;:APER MED,4;:BIAS:POL:AUTO OFF;:BIAS:RANG:AUTO ON;:BIAS:VOLT:LEV 0;:COMP:ABIN OFF;:COMP:BIN:COUN:STAT OFF;:COMP:MODE PTOL;:COMP:SLIM -9.9e+037,9.9e+037;:COMP:STAT OFF;:COMP:SWAP OFF;:COMP:TOL:NOM 0;:CURR:LEV 5e-005;:DISP:ENAB ON;:DISP:LINE """";:DISP:WIND:TEXT1:DATA:FMSD:DATA 1e-009;:DISP:WIND:TEXT2:DATA:FMSD:DATA 1e-009;:FORM:ASC:LONG ON;:FORM:BORD NORM;:FORM:DATA ASC,64;:FREQ:CW 20;:FUNC:DEV1:MODE OFF;:FUNC:DEV1:REF:VAL 0;:FUNC:DEV2:MODE OFF;:FUNC:DEV2:REF:VAL 0;:FUNC:IMP:TYPE LSRS;:FUNC:SMON:IDC:STAT OFF;:FUNC:SMON:VDC:STAT OFF;:INIT:CONT OFF;:LIST:MODE SEQ;:LIST:STIM:TYPE FREQ,NONE;:SOUR:DCS:VOLT:LEV 0;:TRIG:DEL 0;:TRIG:SOUR INT;:TRIG:TDEL 0;:DISP:WIND:TEXT1:DATA:FMSD:STAT OFF;:DISP:WIND:TEXT2:DATA:FMSD:STAT OFF;:FUNC:DCR:RANG:VAL 100;:FUNC:IMP:RANG:VAL 300;:OUTP:DC:ISOL:LEV:VAL 0.002;:OUTP:DC:ISOL:STAT OFF;:FUNC:DCR:RANG:AUTO ON;:FUNC:IMP:RANG:AUTO ON;:OUTP:DC:ISOL:LEV:AUTO ON;:DISP:PAGE MEASurement;
"
25.0,1.032004415,285.8606765,1.18968e-05,0.00389997
25.0,1.035053319,285.4038917,1.1859e-05,0.00390512
25.0,1.034686182,285.3651505,1.1901e-05,0.00389931
25.0,1.033740931,284.1548198,1.18963e-05,0.00390335
25.0,1.023087429,284.2452829,1.18974e-05,0.00389693
25.0,1.036531263,285.9114919,1.18487e-05,0.00390374
25.0,1.028069562,286.1674768,1.18938e-05,0.0039032
25.0,1.042748557,285.9967042,1.18813e-05,0.00389879
25.0,1.040447755,283.2581511,1.19069e-05,0.00389994
25.0,1.027028935,284.1850214,1.19079e-05,0.0039015
25.0,1.032928033,284.4417737,1.18852e-05,0.00389688
25.0,1.029250147,284.8215265,1.18744e-05,0.00389926
25.0,1.031577633,284.9450713,1.18845e-05,0.00390168
25.0,1.037832911,286.2224572,1.18565e-05,0.00390013
25.0,1.019837739,286.701892,1.18661e-05,0.00390335
25.0,1.037221342,286.0785685,1.18654e-05,0.00389681
Freq,25,Rs,285.23499725,0.9737787792748811,Ls,1.0326278845625,0.006099675899830546
":SOUR:DCS:STAT OFF;:BIAS:STAT OFF;:COMP:BIN:COUN:CLE;:LIST:CLE:ALL;:COMP:BIN:CLE;:AMPL:ALC OFF;:APER MED,4;:BIAS:POL:AUTO OFF;:BIAS:RANG:AUTO ON;:BIAS:VOLT:LEV 0;:COMP:ABIN OFF;:COMP:BIN:COUN:STAT OFF;:COMP:MODE PTOL;:COMP:SLIM -9.9e+037,9.9e+037;:COMP:STAT OFF;:COMP:SWAP OFF;:COMP:TOL:NOM 0;:CURR:LEV 5e-005;:DISP:ENAB ON;:DISP:LINE """";:DISP:WIND:TEXT1:DATA:FMSD:DATA 1e-009;:DISP:WIND:TEXT2:DATA:FMSD:DATA 1e-009;:FORM:ASC:LONG ON;:FORM:BORD NORM;:FORM:DATA ASC,64;:FREQ:CW 25;:FUNC:DEV1:MODE OFF;:FUNC:DEV1:REF:VAL 0;:FUNC:DEV2:MODE OFF;:FUNC:DEV2:REF:VAL 0;:FUNC:IMP:TYPE LSRS;:FUNC:SMON:IDC:STAT OFF;:FUNC:SMON:VDC:STAT OFF;:INIT:CONT OFF;:LIST:MODE SEQ;:LIST:STIM:TYPE FREQ,NONE;:SOUR:DCS:VOLT:LEV 0;:TRIG:DEL 0;:TRIG:SOUR INT;:TRIG:TDEL 0;:DISP:WIND:TEXT1:DATA:FMSD:STAT OFF;:DISP:WIND:TEXT2:DATA:FMSD:STAT OFF;:FUNC:DCR:RANG:VAL 100;:FUNC:IMP:RANG:VAL 300;:OUTP:DC:ISOL:LEV:VAL 0.002;:OUTP:DC:ISOL:STAT OFF;:FUNC:DCR:RANG:AUTO ON;:FUNC:IMP:RANG:AUTO ON;:OUTP:DC:ISOL:LEV:AUTO ON;:DISP:PAGE MEASurement;
"
30.0,1.001098228,292.6521055,1.16083e-05,0.00403129
30.0,0.9970637592,293.2873979,1.15695e-05,0.00403213
30.0,1.000793495,291.7302188,1.16048e-05,0.00403487
30.0,1.003943672,291.5610375,1.16083e-05,0.00403629
30.0,1.002718369,293.0765968,1.15956e-05,0.00403047
30.0,1.006510932,293.88802,1.16238e-05,0.00402906
30.0,0.999807594,291.9504024,1.15635e-05,0.00402943
30.0,1.008552252,292.4444951,1.1602e-05,0.00402896
30.0,1.000117078,292.0310843,1.15647e-05,0.00402184
30.0,1.00438225,292.5926462,1.15875e-05,0.00403367
30.0,0.9996271396,292.5113748,1.15912e-05,0.00402993
30.0,1.001228369,291.7103666,1.15813e-05,0.00403544
30.0,1.002837808,293.1574396,1.15725e-05,0.00403297
30.0,1.002283405,294.0630693,1.15926e-05,0.00402919
30.0,1.004649918,291.8513493,1.16066e-05,0.00403212
30.0,1.001447368,292.447954,1.15411e-05,0.00403189
Freq,30,Rs,292.55972238125,0.7648731151735049,Ls,1.0023163523,0.002839850136087343
":SOUR:DCS:STAT OFF;:BIAS:STAT OFF;:COMP:BIN:COUN:CLE;:LIST:CLE:ALL;:COMP:BIN:CLE;:AMPL:ALC OFF;:APER MED,4;:BIAS:POL:AUTO OFF;:BIAS:RANG:AUTO ON;:BIAS:VOLT:LEV 0;:COMP:ABIN OFF;:COMP:BIN:COUN:STAT OFF;:COMP:MODE PTOL;:COMP:SLIM -9.9e+037,9.9e+037;:COMP:STAT OFF;:COMP:SWAP OFF;:COMP:TOL:NOM 0;:CURR:LEV 5e-005;:DISP:ENAB ON;:DISP:LINE """";:DISP:WIND:TEXT1:DATA:FMSD:DATA 1e-009;:DISP:WIND:TEXT2:DATA:FMSD:DATA 1e-009;:FORM:ASC:LONG ON;:FORM:BORD NORM;:FORM:DATA ASC,64;:FREQ:CW 30;:FUNC:DEV1:MODE OFF;:FUNC:DEV1:REF:VAL 0;:FUNC:DEV2:MODE OFF;:FUNC:DEV2:REF:VAL 0;:FUNC:IMP:TYPE LSRS;:FUNC:SMON:IDC:STAT OFF;:FUNC:SMON:VDC:STAT OFF;:INIT:CONT OFF;:LIST:MODE SEQ;:LIST:STIM:TYPE FREQ,NONE;:SOUR:DCS:VOLT:LEV 0;:TRIG:DEL 0;:TRIG:SOUR INT;:TRIG:TDEL 0;:DISP:WIND:TEXT1:DATA:FMSD:STAT OFF;:DISP:WIND:TEXT2:DATA:FMSD:STAT OFF;:FUNC:DCR:RANG:VAL 100;:FUNC:IMP:RANG:VAL 300;:OUTP:DC:ISOL:LEV:VAL 0.002;:OUTP:DC:ISOL:STAT OFF;:FUNC:DCR:RANG:AUTO ON;:FUNC:IMP:RANG:AUTO ON;:OUTP:DC:ISOL:LEV:AUTO ON;:DISP:PAGE MEASurement;
"
40.0,0.9521900784,308.8305973,1.0594e-05,0.00414818
40.0,0.947030666,307.4637723,1.05867e-05,0.00414805
40.0,0.9551476093,307.8036728,1.06002e-05,0.00414819
40.0,0.9488952255,308.5550127,1.06074e-05,0.00415032
40.0,0.9494756107,307.6557268,1.06039e-05,0.00415263
40.0,0.9484636422,308.6984061,1.06229e-05,0.00415179
40.0,0.9514948767,309.9491712,1.06258e-05,0.00415174
40.0,0.9488891294,310.435147,1.0631e-05,0.00414997
40.0,0.9558291658,309.8079282,1.06389e-05,0.00414322
40.0,0.9555025614,308.7055939,1.05968e-05,0.00414707
40.0,0.9535235071,308.5350971,1.05827e-05,0.00414755
40.0,0.9477065483,308.8542637,1.06389e-05,0.00415287
40.0,0.9525888419,311.0809089,1.06482e-05,0.00414918
40.0,0.956943436,310.0586133,1.05743e-05,0.0041454
40.0,0.9532357116,307.6689994,1.05875e-05,0.00414834
40.0,0.9503157956,307.9996779,1.06247e-05,0.00415187
Freq,40,Rs,308.88141178750004,1.0909122919290881,Ls,0.95170202536875,0.0031464367225176337
":SOUR:DCS:STAT OFF;:BIAS:STAT OFF;:COMP:BIN:COUN:CLE;:LIST:CLE:ALL;:COMP:BIN:CLE;:AMPL:ALC OFF;:APER MED,4;:BIAS:POL:AUTO OFF;:BIAS:RANG:AUTO ON;:BIAS:VOLT:LEV 0;:COMP:ABIN OFF;:COMP:BIN:COUN:STAT OFF;:COMP:MODE PTOL;:COMP:SLIM -9.9e+037,9.9e+037;:COMP:STAT OFF;:COMP:SWAP OFF;:COMP:TOL:NOM 0;:CURR:LEV 5e-005;:DISP:ENAB ON;:DISP:LINE """";:DISP:WIND:TEXT1:DATA:FMSD:DATA 1e-009;:DISP:WIND:TEXT2:DATA:FMSD:DATA 1e-009;:FORM:ASC:LONG ON;:FORM:BORD NORM;:FORM:DATA ASC,64;:FREQ:CW 40;:FUNC:DEV1:MODE OFF;:FUNC:DEV1:REF:VAL 0;:FUNC:DEV2:MODE OFF;:FUNC:DEV2:REF:VAL 0;:FUNC:IMP:TYPE LSRS;:FUNC:SMON:IDC:STAT OFF;:FUNC:SMON:VDC:STAT OFF;:INIT:CONT OFF;:LIST:MODE SEQ;:LIST:STIM:TYPE FREQ,NONE;:SOUR:DCS:VOLT:LEV 0;:TRIG:DEL 0;:TRIG:SOUR INT;:TRIG:TDEL 0;:DISP:WIND:TEXT1:DATA:FMSD:STAT OFF;:DISP:WIND:TEXT2:DATA:FMSD:STAT OFF;:FUNC:DCR:RANG:VAL 100;:FUNC:IMP:RANG:VAL 300;:OUTP:DC:ISOL:LEV:VAL 0.002;:OUTP:DC:ISOL:STAT OFF;:FUNC:DCR:RANG:AUTO ON;:FUNC:IMP:RANG:AUTO ON;:OUTP:DC:ISOL:LEV:AUTO ON;:DISP:PAGE MEASurement;
"
53.0,0.9063952606,330.937286,9.48839e-06,0.00425156
53.0,0.9082474373,330.4359431,9.47839e-06,0.00425369
53.0,0.909163682,331.1600626,9.49477e-06,0.00425186
53.0,0.9110444961,329.5122346,9.49269e-06,0.00425142
53.0,0.9083073505,330.5962354,9.47636e-06,0.00425089
53.0,0.9067531168,329.6128942,9.50351e-06,0.00425192
53.0,0.9107507845,330.3309121,9.48135e-06,0.00425234
53.0,0.906091969,330.8927165,9.47997e-06,0.00425311
53.0,0.9085685324,330.7311322,9.4815e-06,0.00425077
53.0,0.9048950141,331.1967742,9.50353e-06,0.00425113
53.0,0.9061407792,329.7549885,9.50392e-06,0.0042514
53.0,0.908345253,330.6340523,9.48384e-06,0.00425014
53.0,0.9093987769,330.3471541,9.50415e-06,0.00425003
53.0,0.9072056776,330.2547456,9.47747e-06,0.00425269
53.0,0.9067331948,330.283138,9.49326e-06,0.00425245
53.0,0.9083304568,330.2723368,9.48587e-06,0.0042495
Freq,53,Rs,330.4345378875,0.504080386856562,Ls,0.9078982363500001,0.001708644735210432
":SOUR:DCS:STAT OFF;:BIAS:STAT OFF;:COMP:BIN:COUN:CLE;:LIST:CLE:ALL;:COMP:BIN:CLE;:AMPL:ALC OFF;:APER MED,4;:BIAS:POL:AUTO OFF;:BIAS:RANG:AUTO ON;:BIAS:VOLT:LEV 0;:COMP:ABIN OFF;:COMP:BIN:COUN:STAT OFF;:COMP:MODE PTOL;:COMP:SLIM -9.9e+037,9.9e+037;:COMP:STAT OFF;:COMP:SWAP OFF;:COMP:TOL:NOM 0;:CURR:LEV 5e-005;:DISP:ENAB ON;:DISP:LINE """";:DISP:WIND:TEXT1:DATA:FMSD:DATA 1e-009;:DISP:WIND:TEXT2:DATA:FMSD:DATA 1e-009;:FORM:ASC:LONG ON;:FORM:BORD NORM;:FORM:DATA ASC,64;:FREQ:CW 53;:FUNC:DEV1:MODE OFF;:FUNC:DEV1:REF:VAL 0;:FUNC:DEV2:MODE OFF;:FUNC:DEV2:REF:VAL 0;:FUNC:IMP:TYPE LSRS;:FUNC:SMON:IDC:STAT OFF;:FUNC:SMON:VDC:STAT OFF;:INIT:CONT OFF;:LIST:MODE SEQ;:LIST:STIM:TYPE FREQ,NONE;:SOUR:DCS:VOLT:LEV 0;:TRIG:DEL 0;:TRIG:SOUR INT;:TRIG:TDEL 0;:DISP:WIND:TEXT1:DATA:FMSD:STAT OFF;:DISP:WIND:TEXT2:DATA:FMSD:STAT OFF;:FUNC:DCR:RANG:VAL 100;:FUNC:IMP:RANG:VAL 300;:OUTP:DC:ISOL:LEV:VAL 0.002;:OUTP:DC:ISOL:STAT OFF;:FUNC:DCR:RANG:AUTO ON;:FUNC:IMP:RANG:AUTO ON;:OUTP:DC:ISOL:LEV:AUTO ON;:DISP:PAGE MEASurement;
"
60.0,0.8886028628,342.3509168,9.02289e-06,0.00432282
60.0,0.8864760085,342.9042541,9.02833e-06,0.00432428
60.0,0.8867885265,341.7833441,9.05681e-06,0.00432479
60.0,0.8868695953,341.0834262,9.0415e-06,0.00432327
60.0,0.8849374092,341.1422766,9.0336e-06,0.00432321
60.0,0.8881239358,342.1311238,9.04125e-06,0.00432386
60.0,0.8901222569,341.3837658,9.04092e-06,0.0043232
60.0,0.8860634496,342.5092085,9.05648e-06,0.00432545
60.0,0.8872520373,342.34862,9.05446e-06,0.00432378
60.0,0.8852489438,341.3802545,9.03835e-06,0.00432363
60.0,0.887500142,342.1577535,9.04153e-06,0.00432518
60.0,0.8876252757,340.9281614,9.04824e-06,0.00432253
60.0,0.8861188629,341.0511158,9.02438e-06,0.00432217
60.0,0.8884430114,342.1258192,9.02273e-06,0.00432376
60.0,0.8879119625,341.4239014,9.04442e-06,0.00432344
60.0,0.8857285768,341.0985906,9.04713e-06,0.00432184
Freq,60,Rs,341.73765826875,0.6249586627302249,Ls,0.8871133035625001,0.0013643288018200844
":SOUR:DCS:STAT OFF;:BIAS:STAT OFF;:COMP:BIN:COUN:CLE;:LIST:CLE:ALL;:COMP:BIN:CLE;:AMPL:ALC OFF;:APER MED,4;:BIAS:POL:AUTO OFF;:BIAS:RANG:AUTO ON;:BIAS:VOLT:LEV 0;:COMP:ABIN OFF;:COMP:BIN:COUN:STAT OFF;:COMP:MODE PTOL;:COMP:SLIM -9.9e+037,9.9e+037;:COMP:STAT OFF;:COMP:SWAP OFF;:COMP:TOL:NOM 0;:CURR:LEV 5e-005;:DISP:ENAB ON;:DISP:LINE """";:DISP:WIND:TEXT1:DATA:FMSD:DATA 1e-009;:DISP:WIND:TEXT2:DATA:FMSD:DATA 1e-009;:FORM:ASC:LONG ON;:FORM:BORD NORM;:FORM:DATA ASC,64;:FREQ:CW 60;:FUNC:DEV1:MODE OFF;:FUNC:DEV1:REF:VAL 0;:FUNC:DEV2:MODE OFF;:FUNC:DEV2:REF:VAL 0;:FUNC:IMP:TYPE LSRS;:FUNC:SMON:IDC:STAT OFF;:FUNC:SMON:VDC:STAT OFF;:INIT:CONT OFF;:LIST:MODE SEQ;:LIST:STIM:TYPE FREQ,NONE;:SOUR:DCS:VOLT:LEV 0;:TRIG:DEL 0;:TRIG:SOUR INT;:TRIG:TDEL 0;:DISP:WIND:TEXT1:DATA:FMSD:STAT OFF;:DISP:WIND:TEXT2:DATA:FMSD:STAT OFF;:FUNC:DCR:RANG:VAL 100;:FUNC:IMP:RANG:VAL 300;:OUTP:DC:ISOL:LEV:VAL 0.002;:OUTP:DC:ISOL:STAT OFF;:FUNC:DCR:RANG:AUTO ON;:FUNC:IMP:RANG:AUTO ON;:OUTP:DC:ISOL:LEV:AUTO ON;:DISP:PAGE MEASurement;
"
80.0,0.8459129084,373.0945973,7.90325e-06,0.00446779
80.0,0.8467794719,370.6227946,7.88325e-06,0.00446974
80.0,0.8500220821,373.2375692,7.88341e-06,0.00447256
80.0,0.8479604121,373.3931101,7.91965e-06,0.00447392
80.0,0.8496061948,373.3089751,7.89971e-06,0.00447098
80.0,0.849286714,373.196853,7.89053e-06,0.00446989
80.0,0.8518128334,374.4375491,7.89483e-06,0.00447185
80.0,0.8514061157,374.1350652,7.9039e-06,0.00447254
80.0,0.8500950206,373.43526,7.903e-06,0.00447109
80.0,0.8480114245,373.8691104,7.90611e-06,0.00447001
80.0,0.8474386349,373.9931333,7.91008e-06,0.00447084
80.0,0.8489046216,373.7068335,7.88707e-06,0.00446896
80.0,0.8502331398,375.4028304,7.8814e-06,0.00447214
80.0,0.8486417636,374.9192078,7.8839e-06,0.00446722
80.0,0.8470337666,375.3032191,7.86769e-06,0.00446658
80.0,0.8464697306,374.4138906,7.8749e-06,0.00446881
Freq,80,Rs,373.77937491875,1.1205043691549574,Ls,0.8487259271625001,0.001752638677169137
":SOUR:DCS:STAT OFF;:BIAS:STAT OFF;:COMP:BIN:COUN:CLE;:LIST:CLE:ALL;:COMP:BIN:CLE;:AMPL:ALC OFF;:APER MED,4;:BIAS:POL:AUTO OFF;:BIAS:RANG:AUTO ON;:BIAS:VOLT:LEV 0;:COMP:ABIN OFF;:COMP:BIN:COUN:STAT OFF;:COMP:MODE PTOL;:COMP:SLIM -9.9e+037,9.9e+037;:COMP:STAT OFF;:COMP:SWAP OFF;:COMP:TOL:NOM 0;:CURR:LEV 5e-005;:DISP:ENAB ON;:DISP:LINE """";:DISP:WIND:TEXT1:DATA:FMSD:DATA 1e-009;:DISP:WIND:TEXT2:DATA:FMSD:DATA 1e-009;:FORM:ASC:LONG ON;:FORM:BORD NORM;:FORM:DATA ASC,64;:FREQ:CW 80;:FUNC:DEV1:MODE OFF;:FUNC:DEV1:REF:VAL 0;:FUNC:DEV2:MODE OFF;:FUNC:DEV2:REF:VAL 0;:FUNC:IMP:TYPE LSRS;:FUNC:SMON:IDC:STAT OFF;:FUNC:SMON:VDC:STAT OFF;:INIT:CONT OFF;:LIST:MODE SEQ;:LIST:STIM:TYPE FREQ,NONE;:SOUR:DCS:VOLT:LEV 0;:TRIG:DEL 0;:TRIG:SOUR INT;:TRIG:TDEL 0;:DISP:WIND:TEXT1:DATA:FMSD:STAT OFF;:DISP:WIND:TEXT2:DATA:FMSD:STAT OFF;:FUNC:DCR:RANG:VAL 100;:FUNC:IMP:RANG:VAL 300;:OUTP:DC:ISOL:LEV:VAL 0.002;:OUTP:DC:ISOL:STAT OFF;:FUNC:DCR:RANG:AUTO ON;:FUNC:IMP:RANG:AUTO ON;:OUTP:DC:ISOL:LEV:AUTO ON;:DISP:PAGE MEASurement;
"
103.0,0.8233019527,410.8807404,6.85274e-06,0.00459496
103.0,0.8236745514,409.272339,6.83513e-06,0.00459522
103.0,0.8235680394,410.042824,6.83265e-06,0.00459737
103.0,0.8237101774,411.3643405,6.82423e-06,0.00459465
103.0,0.8225945444,410.5090094,6.82849e-06,0.00459519
103.0,0.8231191873,410.5203175,6.84287e-06,0.00459504
103.0,0.8232961111,411.0030069,6.84168e-06,0.00459681
103.0,0.8230088534,411.4281448,6.83852e-06,0.00459505
103.0,0.8218859101,409.4130515,6.82879e-06,0.00459491
103.0,0.8231799741,409.3281399,6.83585e-06,0.00459291
103.0,0.8212108608,410.4829866,6.8486e-06,0.00459562
103.0,0.823455309,410.3675215,6.82331e-06,0.00459507
103.0,0.8224805442,411.4601228,6.83806e-06,0.00459608
103.0,0.8217547286,410.1635803,6.82389e-06,0.00459664
103.0,0.8233310731,409.5863743,6.82148e-06,0.00459535
103.0,0.8247089104,410.3970034,6.84043e-06,0.00459564
Freq,103,Rs,410.38871892500003,0.7292884013975245,Ls,0.8230175454624999,0.0008628279835870739
":SOUR:DCS:STAT OFF;:BIAS:STAT OFF;:COMP:BIN:COUN:CLE;:LIST:CLE:ALL;:COMP:BIN:CLE;:AMPL:ALC OFF;:APER MED,4;:BIAS:POL:AUTO OFF;:BIAS:RANG:AUTO ON;:BIAS:VOLT:LEV 0;:COMP:ABIN OFF;:COMP:BIN:COUN:STAT OFF;:COMP:MODE PTOL;:COMP:SLIM -9.9e+037,9.9e+037;:COMP:STAT OFF;:COMP:SWAP OFF;:COMP:TOL:NOM 0;:CURR:LEV 5e-005;:DISP:ENAB ON;:DISP:LINE """";:DISP:WIND:TEXT1:DATA:FMSD:DATA 1e-009;:DISP:WIND:TEXT2:DATA:FMSD:DATA 1e-009;:FORM:ASC:LONG ON;:FORM:BORD NORM;:FORM:DATA ASC,64;:FREQ:CW 103;:FUNC:DEV1:MODE OFF;:FUNC:DEV1:REF:VAL 0;:FUNC:DEV2:MODE OFF;:FUNC:DEV2:REF:VAL 0;:FUNC:IMP:TYPE LSRS;:FUNC:SMON:IDC:STAT OFF;:FUNC:SMON:VDC:STAT OFF;:INIT:CONT OFF;:LIST:MODE SEQ;:LIST:STIM:TYPE FREQ,NONE;:SOUR:DCS:VOLT:LEV 0;:TRIG:DEL 0;:TRIG:SOUR INT;:TRIG:TDEL 0;:DISP:WIND:TEXT1:DATA:FMSD:STAT OFF;:DISP:WIND:TEXT2:DATA:FMSD:STAT OFF;:FUNC:DCR:RANG:VAL 100;:FUNC:IMP:RANG:VAL 300;:OUTP:DC:ISOL:LEV:VAL 0.002;:OUTP:DC:ISOL:STAT OFF;:FUNC:DCR:RANG:AUTO ON;:FUNC:IMP:RANG:AUTO ON;:OUTP:DC:ISOL:LEV:AUTO ON;:DISP:PAGE MEASurement;
"
120.0,0.8285109133,441.7008726,6.09095e-06,0.00466518
120.0,0.8301755077,441.8402922,6.10125e-06,0.00466562
120.0,0.8292350357,440.3924576,6.09842e-06,0.00466685
120.0,0.8273615635,440.4179418,6.11098e-06,0.00466635
120.0,0.8294762109,441.3980467,6.09962e-06,0.00466459
120.0,0.8280657957,441.4153397,6.08992e-06,0.00466569
120.0,0.8299804437,442.2086351,6.10114e-06,0.00466512
120.0,0.8295120143,442.188822,6.0901e-06,0.00466585
120.0,0.829619528,441.0260684,6.08362e-06,0.00466403
120.0,0.8291404316,442.7635729,6.09428e-06,0.00466433
120.0,0.8279949972,440.8795361,6.10807e-06,0.004666
120.0,0.8285657832,442.7775116,6.09346e-06,0.00466666
120.0,0.8272749807,440.5653024,6.09616e-06,0.0046645
120.0,0.8298306602,441.7453796,6.0924e-06,0.00466448
120.0,0.8287505359,440.0220054,6.1006e-06,0.00466738
120.0,0.8299078034,441.0377749,6.09529e-06,0.00466848
Freq,120,Rs,441.39872243749994,0.8388073074402087,Ls,0.8289626378125,0.0009243190752998368
":SOUR:DCS:STAT OFF;:BIAS:STAT OFF;:COMP:BIN:COUN:CLE;:LIST:CLE:ALL;:COMP:BIN:CLE;:AMPL:ALC OFF;:APER MED,4;:BIAS:POL:AUTO OFF;:BIAS:RANG:AUTO ON;:BIAS:VOLT:LEV 0;:COMP:ABIN OFF;:COMP:BIN:COUN:STAT OFF;:COMP:MODE PTOL;:COMP:SLIM -9.9e+037,9.9e+037;:COMP:STAT OFF;:COMP:SWAP OFF;:COMP:TOL:NOM 0;:CURR:LEV 5e-005;:DISP:ENAB ON;:DISP:LINE """";:DISP:WIND:TEXT1:DATA:FMSD:DATA 1e-009;:DISP:WIND:TEXT2:DATA:FMSD:DATA 1e-009;:FORM:ASC:LONG ON;:FORM:BORD NORM;:FORM:DATA ASC,64;:FREQ:CW 120;:FUNC:DEV1:MODE OFF;:FUNC:DEV1:REF:VAL 0;:FUNC:DEV2:MODE OFF;:FUNC:DEV2:REF:VAL 0;:FUNC:IMP:TYPE LSRS;:FUNC:SMON:IDC:STAT OFF;:FUNC:SMON:VDC:STAT OFF;:INIT:CONT OFF;:LIST:MODE SEQ;:LIST:STIM:TYPE FREQ,NONE;:SOUR:DCS:VOLT:LEV 0;:TRIG:DEL 0;:TRIG:SOUR INT;:TRIG:TDEL 0;:DISP:WIND:TEXT1:DATA:FMSD:STAT OFF;:DISP:WIND:TEXT2:DATA:FMSD:STAT OFF;:FUNC:DCR:RANG:VAL 100;:FUNC:IMP:RANG:VAL 300;:OUTP:DC:ISOL:LEV:VAL 0.002;:OUTP:DC:ISOL:STAT OFF;:FUNC:DCR:RANG:AUTO ON;:FUNC:IMP:RANG:AUTO ON;:OUTP:DC:ISOL:LEV:AUTO ON;:DISP:PAGE MEASurement;
"
130.0,0.8087794205,460.6936245,5.83575e-06,0.00468706
130.0,0.8085686246,458.0368623,5.82906e-06,0.00468704
130.0,0.8092647767,459.7784571,5.83335e-06,0.00468269
130.0,0.8103112426,459.4354812,5.82147e-06,0.0046863
130.0,0.811472536,460.6312254,5.82185e-06,0.00468625
130.0,0.8102594694,458.5428823,5.80623e-06,0.00468654
130.0,0.8090369584,458.5678791,5.82242e-06,0.00468642
130.0,0.8104459123,460.900387,5.825e-06,0.00468675
130.0,0.808917246,458.870696,5.8205e-06,0.00468574
130.0,0.8077097715,457.7957134,5.81235e-06,0.00468748
130.0,0.8086311686,460.3297012,5.82067e-06,0.00468675
130.0,0.8088766159,460.1693423,5.82117e-06,0.00468641
130.0,0.8089208673,460.1166944,5.81814e-06,0.00468718
130.0,0.8115514755,459.7962249,5.79187e-06,0.00468642
130.0,0.8139968971,464.6750239,5.82813e-06,0.00468674
130.0,0.8073049749,460.4039356,5.81599e-06,0.00468675
Freq,130,Rs,459.9215081625,1.598608921838602,Ls,0.80962799733125,0.0016670736287762529
":SOUR:DCS:STAT OFF;:BIAS:STAT OFF;:COMP:BIN:COUN:CLE;:LIST:CLE:ALL;:COMP:BIN:CLE;:AMPL:ALC OFF;:APER MED,4;:BIAS:POL:AUTO OFF;:BIAS:RANG:AUTO ON;:BIAS:VOLT:LEV 0;:COMP:ABIN OFF;:COMP:BIN:COUN:STAT OFF;:COMP:MODE PTOL;:COMP:SLIM -9.9e+037,9.9e+037;:COMP:STAT OFF;:COMP:SWAP OFF;:COMP:TOL:NOM 0;:CURR:LEV 5e-005;:DISP:ENAB ON;:DISP:LINE """";:DISP:WIND:TEXT1:DATA:FMSD:DATA 1e-009;:DISP:WIND:TEXT2:DATA:FMSD:DATA 1e-009;:FORM:ASC:LONG ON;:FORM:BORD NORM;:FORM:DATA ASC,64;:FREQ:CW 130;:FUNC:DEV1:MODE OFF;:FUNC:DEV1:REF:VAL 0;:FUNC:DEV2:MODE OFF;:FUNC:DEV2:REF:VAL 0;:FUNC:IMP:TYPE LSRS;:FUNC:SMON:IDC:STAT OFF;:FUNC:SMON:VDC:STAT OFF;:INIT:CONT OFF;:LIST:MODE SEQ;:LIST:STIM:TYPE FREQ,NONE;:SOUR:DCS:VOLT:LEV 0;:TRIG:DEL 0;:TRIG:SOUR INT;:TRIG:TDEL 0;:DISP:WIND:TEXT1:DATA:FMSD:STAT OFF;:DISP:WIND:TEXT2:DATA:FMSD:STAT OFF;:FUNC:DCR:RANG:VAL 100;:FUNC:IMP:RANG:VAL 300;:OUTP:DC:ISOL:LEV:VAL 0.002;:OUTP:DC:ISOL:STAT OFF;:FUNC:DCR:RANG:AUTO ON;:FUNC:IMP:RANG:AUTO ON;:OUTP:DC:ISOL:LEV:AUTO ON;:DISP:PAGE MEASurement;
"
135.0,0.8306369815,464.3447823,5.57547e-06,0.00471618
135.0,0.8318450348,467.0117456,5.57898e-06,0.00471673
135.0,0.8297898474,464.5034855,5.5659e-06,0.0047157
135.0,0.8312600505,466.2651218,5.56431e-06,0.00472063
135.0,0.8318737127,464.6232778,5.58899e-06,0.00471513
135.0,0.8326345761,467.6045802,5.58343e-06,0.00471653
135.0,0.8319957637,464.4256683,5.57796e-06,0.00471452
135.0,0.8324947528,466.2805852,5.56276e-06,0.00471786
135.0,0.8324764038,465.6598789,5.57867e-06,0.00471549
135.0,0.8313912016,464.5931559,5.5762e-06,0.00471637
135.0,0.8344517394,463.7075966,5.60276e-06,0.00471779
135.0,0.8330719909,467.6428533,5.57886e-06,0.00471535
135.0,0.8318809304,465.1970273,5.58475e-06,0.00471609
135.0,0.8350331701,466.0478259,5.57244e-06,0.00471521
135.0,0.8320829733,464.1145614,5.56459e-06,0.00471543
135.0,0.8294774793,461.4518668,5.56525e-06,0.00471619
Freq,135,Rs,465.2171258,1.5964681348511662,Ls,0.83202478801875,0.0014447564085317394
":SOUR:DCS:STAT OFF;:BIAS:STAT OFF;:COMP:BIN:COUN:CLE;:LIST:CLE:ALL;:COMP:BIN:CLE;:AMPL:ALC OFF;:APER MED,4;:BIAS:POL:AUTO OFF;:BIAS:RANG:AUTO ON;:BIAS:VOLT:LEV 0;:COMP:ABIN OFF;:COMP:BIN:COUN:STAT OFF;:COMP:MODE PTOL;:COMP:SLIM -9.9e+037,9.9e+037;:COMP:STAT OFF;:COMP:SWAP OFF;:COMP:TOL:NOM 0;:CURR:LEV 5e-005;:DISP:ENAB ON;:DISP:LINE """";:DISP:WIND:TEXT1:DATA:FMSD:DATA 1e-009;:DISP:WIND:TEXT2:DATA:FMSD:DATA 1e-009;:FORM:ASC:LONG ON;:FORM:BORD NORM;:FORM:DATA ASC,64;:FREQ:CW 135;:FUNC:DEV1:MODE OFF;:FUNC:DEV1:REF:VAL 0;:FUNC:DEV2:MODE OFF;:FUNC:DEV2:REF:VAL 0;:FUNC:IMP:TYPE LSRS;:FUNC:SMON:IDC:STAT OFF;:FUNC:SMON:VDC:STAT OFF;:INIT:CONT OFF;:LIST:MODE SEQ;:LIST:STIM:TYPE FREQ,NONE;:SOUR:DCS:VOLT:LEV 0;:TRIG:DEL 0;:TRIG:SOUR INT;:TRIG:TDEL 0;:DISP:WIND:TEXT1:DATA:FMSD:STAT OFF;:DISP:WIND:TEXT2:DATA:FMSD:STAT OFF;:FUNC:DCR:RANG:VAL 100;:FUNC:IMP:RANG:VAL 300;:OUTP:DC:ISOL:LEV:VAL 0.002;:OUTP:DC:ISOL:STAT OFF;:FUNC:DCR:RANG:AUTO ON;:FUNC:IMP:RANG:AUTO ON;:OUTP:DC:ISOL:LEV:AUTO ON;:DISP:PAGE MEASurement;
"
140.0,0.8553061178,478.5337827,5.31753e-06,0.00473818
140.0,0.8486692174,478.2851241,5.35232e-06,0.00473908
140.0,0.8503876496,481.2596013,5.32047e-06,0.00474029
140.0,0.8531902336,479.8408787,5.32261e-06,0.00474062
140.0,0.8493381519,477.0548797,5.33098e-06,0.00473981
140.0,0.8524667413,478.9957457,5.32232e-06,0.00473892
140.0,0.8536613648,476.344273,5.32908e-06,0.00473717
140.0,0.8489928345,481.1717162,5.33517e-06,0.00473903
140.0,0.8513967986,474.4691012,5.35337e-06,0.00473948
140.0,0.8509381726,476.9854295,5.35163e-06,0.00473983
140.0,0.8570809108,476.4763022,5.34562e-06,0.0047415
140.0,0.8523450678,474.2458924,5.35095e-06,0.0047399
140.0,0.849864528,477.4475727,5.34079e-06,0.00473798
140.0,0.8522063372,479.9693094,5.33766e-06,0.00473787
140.0,0.8506311459,465.9862594,5.33231e-06,0.00473812
140.0,0.8484891828,476.4406816,5.33683e-06,0.00473721
Freq,140,Rs,477.0941593625,3.6220955906285317,Ls,0.8515602784125,0.0024259995429051304
":SOUR:DCS:STAT OFF;:BIAS:STAT OFF;:COMP:BIN:COUN:CLE;:LIST:CLE:ALL;:COMP:BIN:CLE;:AMPL:ALC OFF;:APER MED,4;:BIAS:POL:AUTO OFF;:BIAS:RANG:AUTO ON;:BIAS:VOLT:LEV 0;:COMP:ABIN OFF;:COMP:BIN:COUN:STAT OFF;:COMP:MODE PTOL;:COMP:SLIM -9.9e+037,9.9e+037;:COMP:STAT OFF;:COMP:SWAP OFF;:COMP:TOL:NOM 0;:CURR:LEV 5e-005;:DISP:ENAB ON;:DISP:LINE """";:DISP:WIND:TEXT1:DATA:FMSD:DATA 1e-009;:DISP:WIND:TEXT2:DATA:FMSD:DATA 1e-009;:FORM:ASC:LONG ON;:FORM:BORD NORM;:FORM:DATA ASC,64;:FREQ:CW 140;:FUNC:DEV1:MODE OFF;:FUNC:DEV1:REF:VAL 0;:FUNC:DEV2:MODE OFF;:FUNC:DEV2:REF:VAL 0;:FUNC:IMP:TYPE LSRS;:FUNC:SMON:IDC:STAT OFF;:FUNC:SMON:VDC:STAT OFF;:INIT:CONT OFF;:LIST:MODE SEQ;:LIST:STIM:TYPE FREQ,NONE;:SOUR:DCS:VOLT:LEV 0;:TRIG:DEL 0;:TRIG:SOUR INT;:TRIG:TDEL 0;:DISP:WIND:TEXT1:DATA:FMSD:STAT OFF;:DISP:WIND:TEXT2:DATA:FMSD:STAT OFF;:FUNC:DCR:RANG:VAL 100;:FUNC:IMP:RANG:VAL 300;:OUTP:DC:ISOL:LEV:VAL 0.002;:OUTP:DC:ISOL:STAT OFF;:FUNC:DCR:RANG:AUTO ON;:FUNC:IMP:RANG:AUTO ON;:OUTP:DC:ISOL:LEV:AUTO ON;:DISP:PAGE MEASurement;
"
145.0,0.8755301827,496.2345986,5.05816e-06,0.0047607
145.0,0.882545961,494.3345306,5.0563e-06,0.00476073
145.0,0.880798835,493.6878691,5.05736e-06,0.0047572
145.0,0.8781341753,489.7766453,5.0708e-06,0.00475973
145.0,0.8813586561,494.9882021,5.05379e-06,0.00476024
145.0,0.8790872127,493.5337483,5.08089e-06,0.00476138
145.0,0.8710921671,490.1487256,5.0602e-06,0.00475859
145.0,0.8736148308,496.8248697,5.02824e-06,0.00476035
145.0,0.873800879,498.2664208,5.09891e-06,0.00476254
145.0,0.8772909462,498.1775345,5.05958e-06,0.00476039
145.0,0.8795752573,492.8933139,5.06364e-06,0.00476112
145.0,0.8784640361,493.1328812,5.05295e-06,0.00476011
145.0,0.8767160432,497.7705357,5.05112e-06,0.00475972
145.0,0.8772544943,497.2429606,5.03117e-06,0.00475926
145.0,0.8729026331,497.0640371,5.0728e-06,0.00475864
145.0,0.8733907693,496.7017191,5.06152e-06,0.00475959
Freq,145,Rs,495.0486620125,2.689519037415736,Ls,0.8769723174499999,0.0033406009772634273
":SOUR:DCS:STAT OFF;:BIAS:STAT OFF;:COMP:BIN:COUN:CLE;:LIST:CLE:ALL;:COMP:BIN:CLE;:AMPL:ALC OFF;:APER MED,4;:BIAS:POL:AUTO OFF;:BIAS:RANG:AUTO ON;:BIAS:VOLT:LEV 0;:COMP:ABIN OFF;:COMP:BIN:COUN:STAT OFF;:COMP:MODE PTOL;:COMP:SLIM -9.9e+037,9.9e+037;:COMP:STAT OFF;:COMP:SWAP OFF;:COMP:TOL:NOM 0;:CURR:LEV 5e-005;:DISP:ENAB ON;:DISP:LINE """";:DISP:WIND:TEXT1:DATA:FMSD:DATA 1e-009;:DISP:WIND:TEXT2:DATA:FMSD:DATA 1e-009;:FORM:ASC:LONG ON;:FORM:BORD NORM;:FORM:DATA ASC,64;:FREQ:CW 145;:FUNC:DEV1:MODE OFF;:FUNC:DEV1:REF:VAL 0;:FUNC:DEV2:MODE OFF;:FUNC:DEV2:REF:VAL 0;:FUNC:IMP:TYPE LSRS;:FUNC:SMON:IDC:STAT OFF;:FUNC:SMON:VDC:STAT OFF;:INIT:CONT OFF;:LIST:MODE SEQ;:LIST:STIM:TYPE FREQ,NONE;:SOUR:DCS:VOLT:LEV 0;:TRIG:DEL 0;:TRIG:SOUR INT;:TRIG:TDEL 0;:DISP:WIND:TEXT1:DATA:FMSD:STAT OFF;:DISP:WIND:TEXT2:DATA:FMSD:STAT OFF;:FUNC:DCR:RANG:VAL 100;:FUNC:IMP:RANG:VAL 300;:OUTP:DC:ISOL:LEV:VAL 0.002;:OUTP:DC:ISOL:STAT OFF;:FUNC:DCR:RANG:AUTO ON;:FUNC:IMP:RANG:AUTO ON;:OUTP:DC:ISOL:LEV:AUTO ON;:DISP:PAGE MEASurement;
"
150.0,0.9013975205,517.3500385,4.79189e-06,0.00477645
150.0,0.9064634374,517.8641864,4.79559e-06,0.00477814
150.0,0.9054792846,517.8771114,4.82789e-06,0.0047744
150.0,0.904928075,515.2264997,4.78936e-06,0.00477822
150.0,0.9053787303,516.0108471,4.79792e-06,0.00477732
150.0,0.9028169899,516.7294731,4.80598e-06,0.00477719
150.0,0.9045978935,518.4550862,4.79452e-06,0.00477705
150.0,0.906677209,516.6515321,4.7811e-06,0.00477754
150.0,0.9048050363,517.0433105,4.78698e-06,0.00477517
150.0,0.9057876123,513.6792701,4.78359e-06,0.00477709
150.0,0.9067985041,520.4968071,4.78301e-06,0.00477656
150.0,0.9041358926,517.5691398,4.77629e-06,0.00477877
150.0,0.8998735815,515.8282174,4.78985e-06,0.00477698
150.0,0.9082402919,516.46238,4.79007e-06,0.00477643
150.0,0.9034085809,516.5319991,4.78958e-06,0.00477696
150.0,0.9043652008,514.8890875,4.79535e-06,0.00477641
Freq,150,Rs,516.791561625,1.576851946645085,Ls,0.9046971150375,0.0020996053706539056
":SOUR:DCS:STAT OFF;:BIAS:STAT OFF;:COMP:BIN:COUN:CLE;:LIST:CLE:ALL;:COMP:BIN:CLE;:AMPL:ALC OFF;:APER MED,4;:BIAS:POL:AUTO OFF;:BIAS:RANG:AUTO ON;:BIAS:VOLT:LEV 0;:COMP:ABIN OFF;:COMP:BIN:COUN:STAT OFF;:COMP:MODE PTOL;:COMP:SLIM -9.9e+037,9.9e+037;:COMP:STAT OFF;:COMP:SWAP OFF;:COMP:TOL:NOM 0;:CURR:LEV 5e-005;:DISP:ENAB ON;:DISP:LINE """";:DISP:WIND:TEXT1:DATA:FMSD:DATA 1e-009;:DISP:WIND:TEXT2:DATA:FMSD:DATA 1e-009;:FORM:ASC:LONG ON;:FORM:BORD NORM;:FORM:DATA ASC,64;:FREQ:CW 150;:FUNC:DEV1:MODE OFF;:FUNC:DEV1:REF:VAL 0;:FUNC:DEV2:MODE OFF;:FUNC:DEV2:REF:VAL 0;:FUNC:IMP:TYPE LSRS;:FUNC:SMON:IDC:STAT OFF;:FUNC:SMON:VDC:STAT OFF;:INIT:CONT OFF;:LIST:MODE SEQ;:LIST:STIM:TYPE FREQ,NONE;:SOUR:DCS:VOLT:LEV 0;:TRIG:DEL 0;:TRIG:SOUR INT;:TRIG:TDEL 0;:DISP:WIND:TEXT1:DATA:FMSD:STAT OFF;:DISP:WIND:TEXT2:DATA:FMSD:STAT OFF;:FUNC:DCR:RANG:VAL 100;:FUNC:IMP:RANG:VAL 300;:OUTP:DC:ISOL:LEV:VAL 0.002;:OUTP:DC:ISOL:STAT OFF;:FUNC:DCR:RANG:AUTO ON;:FUNC:IMP:RANG:AUTO ON;:OUTP:DC:ISOL:LEV:AUTO ON;:DISP:PAGE MEASurement;
"
155.0,0.9614075549,531.9211996,4.46793e-06,0.00481111
155.0,0.9617736629,530.296447,4.46474e-06,0.00481098
155.0,0.962377533,532.8268705,4.47098e-06,0.00481135
155.0,0.9619643816,532.3106642,4.46586e-06,0.00481096
155.0,0.9606149329,534.2859433,4.46759e-06,0.00481193
155.0,0.9588090196,535.1177915,4.47925e-06,0.00481066
155.0,0.960911749,533.1134125,4.45674e-06,0.00481163
155.0,0.962998094,532.6492754,4.46848e-06,0.00481122
155.0,0.9611548049,532.303489,4.46606e-06,0.00481185
155.0,0.9608892774,531.1315327,4.46883e-06,0.00481081
155.0,0.9574807304,533.3499991,4.47026e-06,0.00481129
155.0,0.9610901247,532.2806281,4.46159e-06,0.00481105
155.0,0.9612894248,533.5109799,4.46941e-06,0.00481042
155.0,0.9615893777,531.3051932,4.47487e-06,0.0048106
155.0,0.9569533533,538.7003305,4.45568e-06,0.00481133
155.0,0.9613364687,533.6231299,4.47558e-06,0.00481163
Freq,155,Rs,533.0454304,1.9296204697331545,Ls,0.9607900306124999,0.0016570058980472247
":SOUR:DCS:STAT OFF;:BIAS:STAT OFF;:COMP:BIN:COUN:CLE;:LIST:CLE:ALL;:COMP:BIN:CLE;:AMPL:ALC OFF;:APER MED,4;:BIAS:POL:AUTO OFF;:BIAS:RANG:AUTO ON;:BIAS:VOLT:LEV 0;:COMP:ABIN OFF;:COMP:BIN:COUN:STAT OFF;:COMP:MODE PTOL;:COMP:SLIM -9.9e+037,9.9e+037;:COMP:STAT OFF;:COMP:SWAP OFF;:COMP:TOL:NOM 0;:CURR:LEV 5e-005;:DISP:ENAB ON;:DISP:LINE """";:DISP:WIND:TEXT1:DATA:FMSD:DATA 1e-009;:DISP:WIND:TEXT2:DATA:FMSD:DATA 1e-009;:FORM:ASC:LONG ON;:FORM:BORD NORM;:FORM:DATA ASC,64;:FREQ:CW 155;:FUNC:DEV1:MODE OFF;:FUNC:DEV1:REF:VAL 0;:FUNC:DEV2:MODE OFF;:FUNC:DEV2:REF:VAL 0;:FUNC:IMP:TYPE LSRS;:FUNC:SMON:IDC:STAT OFF;:FUNC:SMON:VDC:STAT OFF;:INIT:CONT OFF;:LIST:MODE SEQ;:LIST:STIM:TYPE FREQ,NONE;:SOUR:DCS:VOLT:LEV 0;:TRIG:DEL 0;:TRIG:SOUR INT;:TRIG:TDEL 0;:DISP:WIND:TEXT1:DATA:FMSD:STAT OFF;:DISP:WIND:TEXT2:DATA:FMSD:STAT OFF;:FUNC:DCR:RANG:VAL 100;:FUNC:IMP:RANG:VAL 1000;:OUTP:DC:ISOL:LEV:VAL 0.002;:OUTP:DC:ISOL:STAT OFF;:FUNC:DCR:RANG:AUTO ON;:FUNC:IMP:RANG:AUTO ON;:OUTP:DC:ISOL:LEV:AUTO ON;:DISP:PAGE MEASurement;
"
160.0,1.08105978,580.3822177,3.92746e-06,0.0048542
160.0,1.082374248,580.9878006,3.93746e-06,0.00485434
160.0,1.081431502,583.0040796,3.93831e-06,0.00485401
160.0,1.080587471,580.8639896,3.92736e-06,0.00485487
160.0,1.08547196,582.3919226,3.93563e-06,0.00485399
160.0,1.080158111,579.4769375,3.93183e-06,0.00485477
160.0,1.084169607,580.0899981,3.93418e-06,0.00485421
160.0,1.080313477,580.7901661,3.92489e-06,0.00485502
160.0,1.082802242,582.1517464,3.9407e-06,0.00485472
160.0,1.084149574,581.5145301,3.93414e-06,0.00485393
160.0,1.085298441,579.5905398,3.94049e-06,0.00485495
160.0,1.079335452,581.2374824,3.93878e-06,0.0048541
160.0,1.084821018,581.1932636,3.93399e-06,0.00485375
160.0,1.084397229,580.6812519,3.94369e-06,0.00485262
160.0,1.080629923,581.685315,3.92793e-06,0.00485356
160.0,1.085703607,581.2901549,3.94592e-06,0.0048545
Freq,160,Rs,581.0832122437499,0.9578512577395876,Ls,1.082668977625,0.0021866729212756636
":SOUR:DCS:STAT OFF;:BIAS:STAT OFF;:COMP:BIN:COUN:CLE;:LIST:CLE:ALL;:COMP:BIN:CLE;:AMPL:ALC OFF;:APER MED,4;:BIAS:POL:AUTO OFF;:BIAS:RANG:AUTO ON;:BIAS:VOLT:LEV 0;:COMP:ABIN OFF;:COMP:BIN:COUN:STAT OFF;:COMP:MODE PTOL;:COMP:SLIM -9.9e+037,9.9e+037;:COMP:STAT OFF;:COMP:SWAP OFF;:COMP:TOL:NOM 0;:CURR:LEV 5e-005;:DISP:ENAB ON;:DISP:LINE """";:DISP:WIND:TEXT1:DATA:FMSD:DATA 1e-009;:DISP:WIND:TEXT2:DATA:FMSD:DATA 1e-009;:FORM:ASC:LONG ON;:FORM:BORD NORM;:FORM:DATA ASC,64;:FREQ:CW 160;:FUNC:DEV1:MODE OFF;:FUNC:DEV1:REF:VAL 0;:FUNC:DEV2:MODE OFF;:FUNC:DEV2:REF:VAL 0;:FUNC:IMP:TYPE LSRS;:FUNC:SMON:IDC:STAT OFF;:FUNC:SMON:VDC:STAT OFF;:INIT:CONT OFF;:LIST:MODE SEQ;:LIST:STIM:TYPE FREQ,NONE;:SOUR:DCS:VOLT:LEV 0;:TRIG:DEL 0;:TRIG:SOUR INT;:TRIG:TDEL 0;:DISP:WIND:TEXT1:DATA:FMSD:STAT OFF;:DISP:WIND:TEXT2:DATA:FMSD:STAT OFF;:FUNC:DCR:RANG:VAL 100;:FUNC:IMP:RANG:VAL 1000;:OUTP:DC:ISOL:LEV:VAL 0.002;:OUTP:DC:ISOL:STAT OFF;:FUNC:DCR:RANG:AUTO ON;:FUNC:IMP:RANG:AUTO ON;:OUTP:DC:ISOL:LEV:AUTO ON;:DISP:PAGE MEASurement;
"
165.0,1.317761682,799.6339467,3.08901e-06,0.00489268
165.0,1.314509477,798.8129593,3.08488e-06,0.00489104
165.0,1.319039618,800.1112488,3.10445e-06,0.00488976
165.0,1.318054654,796.2638982,3.09584e-06,0.00489179
165.0,1.317269711,797.937168,3.09845e-06,0.00488991
165.0,1.315943959,797.2238144,3.09082e-06,0.00489182
165.0,1.318266283,797.4796339,3.09155e-06,0.00489188
165.0,1.313282772,795.6122582,3.09869e-06,0.00489139
165.0,1.315135654,795.244908,3.09581e-06,0.00489109
165.0,1.31544634,787.832574,3.0996e-06,0.00489038
165.0,1.310173552,793.4332683,3.1098e-06,0.00489194
165.0,1.314473208,794.4098797,3.10321e-06,0.00489086
165.0,1.311775824,797.1320738,3.10442e-06,0.00489178
165.0,1.318464487,796.8751628,3.10316e-06,0.00489189
165.0,1.316900505,793.148573,3.10049e-06,0.00489112
165.0,1.313360207,799.085553,3.10163e-06,0.0048914
Freq,165,Rs,796.26480750625,3.0621422885332286,Ls,1.3156161208125,0.0025767152655702466
":SOUR:DCS:STAT OFF;:BIAS:STAT OFF;:COMP:BIN:COUN:CLE;:LIST:CLE:ALL;:COMP:BIN:CLE;:AMPL:ALC OFF;:APER MED,4;:BIAS:POL:AUTO OFF;:BIAS:RANG:AUTO ON;:BIAS:VOLT:LEV 0;:COMP:ABIN OFF;:COMP:BIN:COUN:STAT OFF;:COMP:MODE PTOL;:COMP:SLIM -9.9e+037,9.9e+037;:COMP:STAT OFF;:COMP:SWAP OFF;:COMP:TOL:NOM 0;:CURR:LEV 5e-005;:DISP:ENAB ON;:DISP:LINE """";:DISP:WIND:TEXT1:DATA:FMSD:DATA 1e-009;:DISP:WIND:TEXT2:DATA:FMSD:DATA 1e-009;:FORM:ASC:LONG ON;:FORM:BORD NORM;:FORM:DATA ASC,64;:FREQ:CW 165;:FUNC:DEV1:MODE OFF;:FUNC:DEV1:REF:VAL 0;:FUNC:DEV2:MODE OFF;:FUNC:DEV2:REF:VAL 0;:FUNC:IMP:TYPE LSRS;:FUNC:SMON:IDC:STAT OFF;:FUNC:SMON:VDC:STAT OFF;:INIT:CONT OFF;:LIST:MODE SEQ;:LIST:STIM:TYPE FREQ,NONE;:SOUR:DCS:VOLT:LEV 0;:TRIG:DEL 0;:TRIG:SOUR INT;:TRIG:TDEL 0;:DISP:WIND:TEXT1:DATA:FMSD:STAT OFF;:DISP:WIND:TEXT2:DATA:FMSD:STAT OFF;:FUNC:DCR:RANG:VAL 100;:FUNC:IMP:RANG:VAL 1000;:OUTP:DC:ISOL:LEV:VAL 0.002;:OUTP:DC:ISOL:STAT OFF;:FUNC:DCR:RANG:AUTO ON;:FUNC:IMP:RANG:AUTO ON;:OUTP:DC:ISOL:LEV:AUTO ON;:DISP:PAGE MEASurement;
"
170.0,1.638956504,1966.720092,1.86491e-06,0.00491718
170.0,1.640976513,1962.032273,1.86597e-06,0.00491457
170.0,1.652428694,1969.045024,1.87558e-06,0.00491521
170.0,1.626624647,1967.309716,1.86793e-06,0.00491636
170.0,1.648594983,1967.944722,1.86282e-06,0.00491467
170.0,1.642109809,1969.668999,1.8631e-06,0.00491599
170.0,1.644909286,1962.520662,1.86893e-06,0.00491509
170.0,1.625842722,1969.37943,1.8631e-06,0.00491489
170.0,1.637460313,1967.794273,1.85557e-06,0.00491515
170.0,1.644315029,1974.096488,1.86056e-06,0.00491552
170.0,1.641923505,1969.763315,1.87194e-06,0.00491553
170.0,1.649150416,1968.210928,1.86366e-06,0.00491723
170.0,1.650184524,1954.016359,1.86777e-06,0.00491501
170.0,1.650998977,1967.833373,1.86764e-06,0.0049162
170.0,1.637855305,1978.09418,1.8675e-06,0.00491524
170.0,1.630958158,1962.061185,1.87006e-06,0.00491549
Freq,170,Rs,1967.2806886875,5.405871967430254,Ls,1.6414555865625,0.008278188214129806
":SOUR:DCS:STAT OFF;:BIAS:STAT OFF;:COMP:BIN:COUN:CLE;:LIST:CLE:ALL;:COMP:BIN:CLE;:AMPL:ALC OFF;:APER MED,4;:BIAS:POL:AUTO OFF;:BIAS:RANG:AUTO ON;:BIAS:VOLT:LEV 0;:COMP:ABIN OFF;:COMP:BIN:COUN:STAT OFF;:COMP:MODE PTOL;:COMP:SLIM -9.9e+037,9.9e+037;:COMP:STAT OFF;:COMP:SWAP OFF;:COMP:TOL:NOM 0;:CURR:LEV 5e-005;:DISP:ENAB ON;:DISP:LINE """";:DISP:WIND:TEXT1:DATA:FMSD:DATA 1e-009;:DISP:WIND:TEXT2:DATA:FMSD:DATA 1e-009;:FORM:ASC:LONG ON;:FORM:BORD NORM;:FORM:DATA ASC,64;:FREQ:CW 170;:FUNC:DEV1:MODE OFF;:FUNC:DEV1:REF:VAL 0;:FUNC:DEV2:MODE OFF;:FUNC:DEV2:REF:VAL 0;:FUNC:IMP:TYPE LSRS;:FUNC:SMON:IDC:STAT OFF;:FUNC:SMON:VDC:STAT OFF;:INIT:CONT OFF;:LIST:MODE SEQ;:LIST:STIM:TYPE FREQ,NONE;:SOUR:DCS:VOLT:LEV 0;:TRIG:DEL 0;:TRIG:SOUR INT;:TRIG:TDEL 0;:DISP:WIND:TEXT1:DATA:FMSD:STAT OFF;:DISP:WIND:TEXT2:DATA:FMSD:STAT OFF;:FUNC:DCR:RANG:VAL 100;:FUNC:IMP:RANG:VAL 1000;:OUTP:DC:ISOL:LEV:VAL 0.002;:OUTP:DC:ISOL:STAT OFF;:FUNC:DCR:RANG:AUTO ON;:FUNC:IMP:RANG:AUTO ON;:OUTP:DC:ISOL:LEV:AUTO ON;:DISP:PAGE MEASurement;
"
172.0,0.46388924,2761.101577,1.74609e-06,0.00488345
172.0,0.4556901785,2736.918024,1.74337e-06,0.00488655
172.0,0.441124434,2738.666299,1.75461e-06,0.00488545
172.0,0.4437264116,2743.454461,1.74139e-06,0.00488477
172.0,0.4426069905,2771.005194,1.7371e-06,0.00488472
172.0,0.4589810338,2765.255696,1.74871e-06,0.00488485
172.0,0.4478434948,2792.250249,1.73776e-06,0.00488495
172.0,0.4596779436,2770.837773,1.74598e-06,0.00488568
172.0,0.4823658008,2788.075842,1.73709e-06,0.0048879
172.0,0.432212143,2760.197878,1.73448e-06,0.00488542
172.0,0.4469982144,2769.138087,1.73256e-06,0.0048855
172.0,0.4581429972,2781.23125,1.75401e-06,0.00488583
172.0,0.4560422208,2777.179598,1.75813e-06,0.00488599
172.0,0.4613432028,2764.437236,1.73421e-06,0.00488501
172.0,0.4354333436,2770.682515,1.72117e-06,0.00488574
172.0,0.4382132364,2763.572476,1.75447e-06,0.00488368
Freq,172,Rs,2765.8752596875,15.876849974968897,Ls,0.4515181803625,0.012898933847959466
":SOUR:DCS:STAT OFF;:BIAS:STAT OFF;:COMP:BIN:COUN:CLE;:LIST:CLE:ALL;:COMP:BIN:CLE;:AMPL:ALC OFF;:APER MED,4;:BIAS:POL:AUTO OFF;:BIAS:RANG:AUTO ON;:BIAS:VOLT:LEV 0;:COMP:ABIN OFF;:COMP:BIN:COUN:STAT OFF;:COMP:MODE PTOL;:COMP:SLIM -9.9e+037,9.9e+037;:COMP:STAT OFF;:COMP:SWAP OFF;:COMP:TOL:NOM 0;:CURR:LEV 5e-005;:DISP:ENAB ON;:DISP:LINE """";:DISP:WIND:TEXT1:DATA:FMSD:DATA 1e-009;:DISP:WIND:TEXT2:DATA:FMSD:DATA 1e-009;:FORM:ASC:LONG ON;:FORM:BORD NORM;:FORM:DATA ASC,64;:FREQ:CW 172;:FUNC:DEV1:MODE OFF;:FUNC:DEV1:REF:VAL 0;:FUNC:DEV2:MODE OFF;:FUNC:DEV2:REF:VAL 0;:FUNC:IMP:TYPE LSRS;:FUNC:SMON:IDC:STAT OFF;:FUNC:SMON:VDC:STAT OFF;:INIT:CONT OFF;:LIST:MODE SEQ;:LIST:STIM:TYPE FREQ,NONE;:SOUR:DCS:VOLT:LEV 0;:TRIG:DEL 0;:TRIG:SOUR INT;:TRIG:TDEL 0;:DISP:WIND:TEXT1:DATA:FMSD:STAT OFF;:DISP:WIND:TEXT2:DATA:FMSD:STAT OFF;:FUNC:DCR:RANG:VAL 100;:FUNC:IMP:RANG:VAL 1000;:OUTP:DC:ISOL:LEV:VAL 0.002;:OUTP:DC:ISOL:STAT OFF;:FUNC:DCR:RANG:AUTO ON;:FUNC:IMP:RANG:AUTO ON;:OUTP:DC:ISOL:LEV:AUTO ON;:DISP:PAGE MEASurement;
"
175.0,-0.3720049412,1353.350837,3.36922e-06,0.00473325
175.0,-0.3773371768,1346.112499,3.35847e-06,0.00473554
175.0,-0.3798840043,1343.166416,3.36343e-06,0.00473259
175.0,-0.3733692184,1345.492981,3.36541e-06,0.00473426
175.0,-0.3765972841,1354.354257,3.35439e-06,0.00473307
175.0,-0.3745081373,1348.815269,3.37132e-06,0.00473461
175.0,-0.3802082787,1347.04254,3.3588e-06,0.00473429
175.0,-0.3743177338,1347.299524,3.36367e-06,0.0047352
175.0,-0.3818142279,1345.700467,3.37029e-06,0.00473368
175.0,-0.378276118,1350.317587,3.33266e-06,0.00473451
175.0,-0.379651473,1344.713603,3.35749e-06,0.00473422
175.0,-0.3801338331,1335.688331,3.36147e-06,0.00473737
175.0,-0.3889240344,1342.946542,3.37174e-06,0.00473441
175.0,-0.3777081323,1344.27299,3.36454e-06,0.00473442
175.0,-0.3701926347,1340.047617,3.38152e-06,0.00473405
175.0,-0.3731322876,1347.237123,3.38281e-06,0.00473478
Freq,175,Rs,1346.0349114375,4.610085656511447,Ls,-0.37737871972500003,0.004573609938249069
":SOUR:DCS:STAT OFF;:BIAS:STAT OFF;:COMP:BIN:COUN:CLE;:LIST:CLE:ALL;:COMP:BIN:CLE;:AMPL:ALC OFF;:APER MED,4;:BIAS:POL:AUTO OFF;:BIAS:RANG:AUTO ON;:BIAS:VOLT:LEV 0;:COMP:ABIN OFF;:COMP:BIN:COUN:STAT OFF;:COMP:MODE PTOL;:COMP:SLIM -9.9e+037,9.9e+037;:COMP:STAT OFF;:COMP:SWAP OFF;:COMP:TOL:NOM 0;:CURR:LEV 5e-005;:DISP:ENAB ON;:DISP:LINE """";:DISP:WIND:TEXT1:DATA:FMSD:DATA 1e-009;:DISP:WIND:TEXT2:DATA:FMSD:DATA 1e-009;:FORM:ASC:LONG ON;:FORM:BORD NORM;:FORM:DATA ASC,64;:FREQ:CW 175;:FUNC:DEV1:MODE OFF;:FUNC:DEV1:REF:VAL 0;:FUNC:DEV2:MODE OFF;:FUNC:DEV2:REF:VAL 0;:FUNC:IMP:TYPE LSRS;:FUNC:SMON:IDC:STAT OFF;:FUNC:SMON:VDC:STAT OFF;:INIT:CONT OFF;:LIST:MODE SEQ;:LIST:STIM:TYPE FREQ,NONE;:SOUR:DCS:VOLT:LEV 0;:TRIG:DEL 0;:TRIG:SOUR INT;:TRIG:TDEL 0;:DISP:WIND:TEXT1:DATA:FMSD:STAT OFF;:DISP:WIND:TEXT2:DATA:FMSD:STAT OFF;:FUNC:DCR:RANG:VAL 100;:FUNC:IMP:RANG:VAL 1000;:OUTP:DC:ISOL:LEV:VAL 0.002;:OUTP:DC:ISOL:STAT OFF;:FUNC:DCR:RANG:AUTO ON;:FUNC:IMP:RANG:AUTO ON;:OUTP:DC:ISOL:LEV:AUTO ON;:DISP:PAGE MEASurement;
"
180.0,0.06008697663,707.3440213,6.23612e-06,0.00443386
180.0,0.06172502287,706.0389863,6.24846e-06,0.00443418
180.0,0.06185395611,706.3275274,6.22309e-06,0.00443336
180.0,0.06091318802,706.7871385,6.23684e-06,0.00443101
180.0,0.06059246098,706.7097416,6.22533e-06,0.00443217
180.0,0.06091539645,709.3249279,6.22703e-06,0.00443599
180.0,0.05841162718,707.8445084,6.23581e-06,0.00443416
180.0,0.06059646798,707.760704,6.23878e-06,0.00443305
180.0,0.05956379687,707.6847908,6.25098e-06,0.00443295
180.0,0.06047208245,706.8455973,6.236e-06,0.0044263
180.0,0.06321558477,707.8358223,6.24131e-06,0.00443381
180.0,0.05916317584,707.8028617,6.24943e-06,0.00443292
180.0,0.06052640576,705.3360709,6.23696e-06,0.00443328
180.0,0.05963521424,703.7011267,6.23994e-06,0.00443402
180.0,0.05983836724,708.2786544,6.23975e-06,0.00443373
180.0,0.06045574987,707.7234862,6.23591e-06,0.00443362
Freq,180,Rs,707.08412285625,1.312838769767689,Ls,0.06049784207875,0.0011388254034709606
":SOUR:DCS:STAT OFF;:BIAS:STAT OFF;:COMP:BIN:COUN:CLE;:LIST:CLE:ALL;:COMP:BIN:CLE;:AMPL:ALC OFF;:APER MED,4;:BIAS:POL:AUTO OFF;:BIAS:RANG:AUTO ON;:BIAS:VOLT:LEV 0;:COMP:ABIN OFF;:COMP:BIN:COUN:STAT OFF;:COMP:MODE PTOL;:COMP:SLIM -9.9e+037,9.9e+037;:COMP:STAT OFF;:COMP:SWAP OFF;:COMP:TOL:NOM 0;:CURR:LEV 5e-005;:DISP:ENAB ON;:DISP:LINE """";:DISP:WIND:TEXT1:DATA:FMSD:DATA 1e-009;:DISP:WIND:TEXT2:DATA:FMSD:DATA 1e-009;:FORM:ASC:LONG ON;:FORM:BORD NORM;:FORM:DATA ASC,64;:FREQ:CW 180;:FUNC:DEV1:MODE OFF;:FUNC:DEV1:REF:VAL 0;:FUNC:DEV2:MODE OFF;:FUNC:DEV2:REF:VAL 0;:FUNC:IMP:TYPE LSRS;:FUNC:SMON:IDC:STAT OFF;:FUNC:SMON:VDC:STAT OFF;:INIT:CONT OFF;:LIST:MODE SEQ;:LIST:STIM:TYPE FREQ,NONE;:SOUR:DCS:VOLT:LEV 0;:TRIG:DEL 0;:TRIG:SOUR INT;:TRIG:TDEL 0;:DISP:WIND:TEXT1:DATA:FMSD:STAT OFF;:DISP:WIND:TEXT2:DATA:FMSD:STAT OFF;:FUNC:DCR:RANG:VAL 100;:FUNC:IMP:RANG:VAL 300;:OUTP:DC:ISOL:LEV:VAL 0.002;:OUTP:DC:ISOL:STAT OFF;:FUNC:DCR:RANG:AUTO ON;:FUNC:IMP:RANG:AUTO ON;:OUTP:DC:ISOL:LEV:AUTO ON;:DISP:PAGE MEASurement;
"
185.0,0.2549931805,603.3572834,6.64878e-06,0.00445121
185.0,0.255772619,602.8651223,6.6205e-06,0.00445528
185.0,0.2579198734,601.0446299,6.63794e-06,0.00445206
185.0,0.256294386,603.4428877,6.62405e-06,0.00445069
185.0,0.2565017146,602.7928505,6.63658e-06,0.00445094
185.0,0.2575514522,603.9930836,6.61372e-06,0.00445109
185.0,0.2536535658,602.0841564,6.6145e-06,0.00445164
185.0,0.2540526807,600.4622869,6.60938e-06,0.0044513
185.0,0.2572199081,601.1880765,6.62416e-06,0.00445471
185.0,0.25549262,603.2906412,6.62449e-06,0.00445049
185.0,0.2548870694,603.0270798,6.65207e-06,0.0044534
185.0,0.2555871651,600.4912662,6.63121e-06,0.00445174
185.0,0.2569782348,600.2844353,6.63732e-06,0.00445152
185.0,0.2551689763,601.4904753,6.67458e-06,0.00445176
185.0,0.255432661,601.2857286,6.63108e-06,0.00445251
185.0,0.2545718356,602.2541198,6.6354e-06,0.00445883
Freq,185,Rs,602.0846327125,1.2076707579743355,Ls,0.25575487140625,0.0012381925476048885
":SOUR:DCS:STAT OFF;:BIAS:STAT OFF;:COMP:BIN:COUN:CLE;:LIST:CLE:ALL;:COMP:BIN:CLE;:AMPL:ALC OFF;:APER MED,4;:BIAS:POL:AUTO OFF;:BIAS:RANG:AUTO ON;:BIAS:VOLT:LEV 0;:COMP:ABIN OFF;:COMP:BIN:COUN:STAT OFF;:COMP:MODE PTOL;:COMP:SLIM -9.9e+037,9.9e+037;:COMP:STAT OFF;:COMP:SWAP OFF;:COMP:TOL:NOM 0;:CURR:LEV 5e-005;:DISP:ENAB ON;:DISP:LINE """";:DISP:WIND:TEXT1:DATA:FMSD:DATA 1e-009;:DISP:WIND:TEXT2:DATA:FMSD:DATA 1e-009;:FORM:ASC:LONG ON;:FORM:BORD NORM;:FORM:DATA ASC,64;:FREQ:CW 185;:FUNC:DEV1:MODE OFF;:FUNC:DEV1:REF:VAL 0;:FUNC:DEV2:MODE OFF;:FUNC:DEV2:REF:VAL 0;:FUNC:IMP:TYPE LSRS;:FUNC:SMON:IDC:STAT OFF;:FUNC:SMON:VDC:STAT OFF;:INIT:CONT OFF;:LIST:MODE SEQ;:LIST:STIM:TYPE FREQ,NONE;:SOUR:DCS:VOLT:LEV 0;:TRIG:DEL 0;:TRIG:SOUR INT;:TRIG:TDEL 0;:DISP:WIND:TEXT1:DATA:FMSD:STAT OFF;:DISP:WIND:TEXT2:DATA:FMSD:STAT OFF;:FUNC:DCR:RANG:VAL 100;:FUNC:IMP:RANG:VAL 300;:OUTP:DC:ISOL:LEV:VAL 0.002;:OUTP:DC:ISOL:STAT OFF;:FUNC:DCR:RANG:AUTO ON;:FUNC:IMP:RANG:AUTO ON;:OUTP:DC:ISOL:LEV:AUTO ON;:DISP:PAGE MEASurement;
"
200.0,0.4416876285,561.6949155,5.82815e-06,0.00461688
200.0,0.4426202753,562.9394373,5.84691e-06,0.00461895
200.0,0.4442520222,559.8207689,5.84013e-06,0.00461629
200.0,0.4422274508,560.8791848,5.84166e-06,0.00461832
200.0,0.4405911845,560.0137921,5.85015e-06,0.00461797
200.0,0.4433799454,560.2714828,5.84352e-06,0.00461699
200.0,0.4417085903,561.4103263,5.85615e-06,0.00461755
200.0,0.4417284961,560.7327199,5.84684e-06,0.00461751
200.0,0.4421732348,560.3107682,5.85807e-06,0.00461812
200.0,0.4419459944,561.2431828,5.83452e-06,0.00461566
200.0,0.4425795479,560.9271209,5.85381e-06,0.00461799
200.0,0.4417916737,559.5431211,5.84686e-06,0.00461576
200.0,0.4422383838,559.6279892,5.8521e-06,0.00461644
200.0,0.4421182946,560.9474567,5.85782e-06,0.00461738
200.0,0.4427949099,560.1795778,5.84419e-06,0.00461753
200.0,0.442683246,561.3329262,5.8457e-06,0.00461702
Freq,200,Rs,560.74217315625,0.8816709273973762,Ls,0.4422825548875,0.0008147651292594813
":SOUR:DCS:STAT OFF;:BIAS:STAT OFF;:COMP:BIN:COUN:CLE;:LIST:CLE:ALL;:COMP:BIN:CLE;:AMPL:ALC OFF;:APER MED,4;:BIAS:POL:AUTO OFF;:BIAS:RANG:AUTO ON;:BIAS:VOLT:LEV 0;:COMP:ABIN OFF;:COMP:BIN:COUN:STAT OFF;:COMP:MODE PTOL;:COMP:SLIM -9.9e+037,9.9e+037;:COMP:STAT OFF;:COMP:SWAP OFF;:COMP:TOL:NOM 0;:CURR:LEV 5e-005;:DISP:ENAB ON;:DISP:LINE """";:DISP:WIND:TEXT1:DATA:FMSD:DATA 1e-009;:DISP:WIND:TEXT2:DATA:FMSD:DATA 1e-009;:FORM:ASC:LONG ON;:FORM:BORD NORM;:FORM:DATA ASC,64;:FREQ:CW 200;:FUNC:DEV1:MODE OFF;:FUNC:DEV1:REF:VAL 0;:FUNC:DEV2:MODE OFF;:FUNC:DEV2:REF:VAL 0;:FUNC:IMP:TYPE LSRS;:FUNC:SMON:IDC:STAT OFF;:FUNC:SMON:VDC:STAT OFF;:INIT:CONT OFF;:LIST:MODE SEQ;:LIST:STIM:TYPE FREQ,NONE;:SOUR:DCS:VOLT:LEV 0;:TRIG:DEL 0;:TRIG:SOUR INT;:TRIG:TDEL 0;:DISP:WIND:TEXT1:DATA:FMSD:STAT OFF;:DISP:WIND:TEXT2:DATA:FMSD:STAT OFF;:FUNC:DCR:RANG:VAL 100;:FUNC:IMP:RANG:VAL 300;:OUTP:DC:ISOL:LEV:VAL 0.002;:OUTP:DC:ISOL:STAT OFF;:FUNC:DCR:RANG:AUTO ON;:FUNC:IMP:RANG:AUTO ON;:OUTP:DC:ISOL:LEV:AUTO ON;:DISP:PAGE MEASurement;
"
220.0,0.5069391483,575.7172666,5.20109e-06,0.00470437
220.0,0.5045337141,576.5989313,5.19298e-06,0.00470381
220.0,0.5080300735,573.9436547,5.19355e-06,0.00470467
220.0,0.5054148507,576.6927434,5.2022e-06,0.00470399
220.0,0.5055978203,574.709643,5.19584e-06,0.0047039
220.0,0.5055718811,575.1493706,5.1991e-06,0.0047047
220.0,0.5060081656,574.5385794,5.20329e-06,0.00470479
220.0,0.5062608453,573.7773109,5.18995e-06,0.00470481
220.0,0.5047246657,574.7845665,5.19521e-06,0.00470439
220.0,0.5052074386,576.5293736,5.19696e-06,0.00470401
220.0,0.5052217561,574.4002497,5.20022e-06,0.0047042
220.0,0.5052258695,574.8771742,5.20196e-06,0.00470512
220.0,0.5062660832,574.3578723,5.20273e-06,0.0047039
220.0,0.5050088158,574.1103282,5.1949e-06,0.0047047
220.0,0.5053211963,574.9712964,5.20036e-06,0.0047046
220.0,0.5055669321,575.569794,5.19665e-06,0.00470582
Freq,220,Rs,575.0455096750001,0.9353491812877919,Ls,0.5056812035125,0.0008734519806671838
":SOUR:DCS:STAT OFF;:BIAS:STAT OFF;:COMP:BIN:COUN:CLE;:LIST:CLE:ALL;:COMP:BIN:CLE;:AMPL:ALC OFF;:APER MED,4;:BIAS:POL:AUTO OFF;:BIAS:RANG:AUTO ON;:BIAS:VOLT:LEV 0;:COMP:ABIN OFF;:COMP:BIN:COUN:STAT OFF;:COMP:MODE PTOL;:COMP:SLIM -9.9e+037,9.9e+037;:COMP:STAT OFF;:COMP:SWAP OFF;:COMP:TOL:NOM 0;:CURR:LEV 5e-005;:DISP:ENAB ON;:DISP:LINE """";:DISP:WIND:TEXT1:DATA:FMSD:DATA 1e-009;:DISP:WIND:TEXT2:DATA:FMSD:DATA 1e-009;:FORM:ASC:LONG ON;:FORM:BORD NORM;:FORM:DATA ASC,64;:FREQ:CW 220;:FUNC:DEV1:MODE OFF;:FUNC:DEV1:REF:VAL 0;:FUNC:DEV2:MODE OFF;:FUNC:DEV2:REF:VAL 0;:FUNC:IMP:TYPE LSRS;:FUNC:SMON:IDC:STAT OFF;:FUNC:SMON:VDC:STAT OFF;:INIT:CONT OFF;:LIST:MODE SEQ;:LIST:STIM:TYPE FREQ,NONE;:SOUR:DCS:VOLT:LEV 0;:TRIG:DEL 0;:TRIG:SOUR INT;:TRIG:TDEL 0;:DISP:WIND:TEXT1:DATA:FMSD:STAT OFF;:DISP:WIND:TEXT2:DATA:FMSD:STAT OFF;:FUNC:DCR:RANG:VAL 100;:FUNC:IMP:RANG:VAL 300;:OUTP:DC:ISOL:LEV:VAL 0.002;:OUTP:DC:ISOL:STAT OFF;:FUNC:DCR:RANG:AUTO ON;:FUNC:IMP:RANG:AUTO ON;:OUTP:DC:ISOL:LEV:AUTO ON;:DISP:PAGE MEASurement;
"
240.0,0.5252111691,597.6811299,4.77889e-06,0.00474308
240.0,0.5231322158,596.3655465,4.79153e-06,0.00474517
240.0,0.5267809163,596.7033782,4.77017e-06,0.00474304
240.0,0.5254373085,597.8333928,4.78743e-06,0.00474283
240.0,0.5258100414,597.6404214,4.77534e-06,0.00474304
240.0,0.5253635926,598.011698,4.77967e-06,0.00474352
240.0,0.5255670911,597.5722188,4.78288e-06,0.00474321
240.0,0.5241378554,599.3537959,4.78236e-06,0.00474517
240.0,0.525618972,597.0791622,4.78033e-06,0.00474415
240.0,0.525317317,597.212749,4.77779e-06,0.00474339
240.0,0.525240396,598.540499,4.77801e-06,0.0047429
240.0,0.5253395949,598.0412532,4.77929e-06,0.00474345
240.0,0.5237778427,600.5549862,4.78141e-06,0.00474244
240.0,0.5253121262,596.4104459,4.77985e-06,0.00474248
240.0,0.5255166062,597.0866181,4.7748e-06,0.00474344
240.0,0.525320584,597.7576935,4.77582e-06,0.00474404
Freq,240,Rs,597.7403117875001,1.0726121293248114,Ls,0.525180226825,0.000850385613881337
":SOUR:DCS:STAT OFF;:BIAS:STAT OFF;:COMP:BIN:COUN:CLE;:LIST:CLE:ALL;:COMP:BIN:CLE;:AMPL:ALC OFF;:APER MED,4;:BIAS:POL:AUTO OFF;:BIAS:RANG:AUTO ON;:BIAS:VOLT:LEV 0;:COMP:ABIN OFF;:COMP:BIN:COUN:STAT OFF;:COMP:MODE PTOL;:COMP:SLIM -9.9e+037,9.9e+037;:COMP:STAT OFF;:COMP:SWAP OFF;:COMP:TOL:NOM 0;:CURR:LEV 5e-005;:DISP:ENAB ON;:DISP:LINE """";:DISP:WIND:TEXT1:DATA:FMSD:DATA 1e-009;:DISP:WIND:TEXT2:DATA:FMSD:DATA 1e-009;:FORM:ASC:LONG ON;:FORM:BORD NORM;:FORM:DATA ASC,64;:FREQ:CW 240;:FUNC:DEV1:MODE OFF;:FUNC:DEV1:REF:VAL 0;:FUNC:DEV2:MODE OFF;:FUNC:DEV2:REF:VAL 0;:FUNC:IMP:TYPE LSRS;:FUNC:SMON:IDC:STAT OFF;:FUNC:SMON:VDC:STAT OFF;:INIT:CONT OFF;:LIST:MODE SEQ;:LIST:STIM:TYPE FREQ,NONE;:SOUR:DCS:VOLT:LEV 0;:TRIG:DEL 0;:TRIG:SOUR INT;:TRIG:TDEL 0;:DISP:WIND:TEXT1:DATA:FMSD:STAT OFF;:DISP:WIND:TEXT2:DATA:FMSD:STAT OFF;:FUNC:DCR:RANG:VAL 100;:FUNC:IMP:RANG:VAL 300;:OUTP:DC:ISOL:LEV:VAL 0.002;:OUTP:DC:ISOL:STAT OFF;:FUNC:DCR:RANG:AUTO ON;:FUNC:IMP:RANG:AUTO ON;:OUTP:DC:ISOL:LEV:AUTO ON;:DISP:PAGE MEASurement;
"
400.0,0.4763658974,788.3786082,3.38903e-06,0.00485794
400.0,0.4760383226,788.5491904,3.38978e-06,0.00485809
400.0,0.4756680075,789.430031,3.39069e-06,0.00485758
400.0,0.4760092691,788.9977096,3.39024e-06,0.00485797
400.0,0.4761636369,789.6136137,3.39093e-06,0.00485805
400.0,0.4762318004,790.8774904,3.38767e-06,0.0048573
400.0,0.4757943838,789.2254041,3.38907e-06,0.00485817
400.0,0.4755805659,789.7101545,3.38625e-06,0.00485881
400.0,0.4755972319,789.9442217,3.38533e-06,0.00485781
400.0,0.4750321538,789.0035994,3.39182e-06,0.00485794
400.0,0.4752476895,789.4415402,3.39002e-06,0.00485794
400.0,0.4763021618,791.4842959,3.39134e-06,0.00485808
400.0,0.4759371196,788.2506337,3.38929e-06,0.00485847
400.0,0.4758273183,788.5775745,3.39077e-06,0.00485777
400.0,0.4752932562,790.7114705,3.38822e-06,0.00485814
400.0,0.476056104,788.2299515,3.38185e-06,0.00485805
Freq,400,Rs,789.40159308125,0.9719679652734223,Ls,0.47582155741875,0.0003939142425909516
":SOUR:DCS:STAT OFF;:BIAS:STAT OFF;:COMP:BIN:COUN:CLE;:LIST:CLE:ALL;:COMP:BIN:CLE;:AMPL:ALC OFF;:APER MED,4;:BIAS:POL:AUTO OFF;:BIAS:RANG:AUTO ON;:BIAS:VOLT:LEV 0;:COMP:ABIN OFF;:COMP:BIN:COUN:STAT OFF;:COMP:MODE PTOL;:COMP:SLIM -9.9e+037,9.9e+037;:COMP:STAT OFF;:COMP:SWAP OFF;:COMP:TOL:NOM 0;:CURR:LEV 5e-005;:DISP:ENAB ON;:DISP:LINE """";:DISP:WIND:TEXT1:DATA:FMSD:DATA 1e-009;:DISP:WIND:TEXT2:DATA:FMSD:DATA 1e-009;:FORM:ASC:LONG ON;:FORM:BORD NORM;:FORM:DATA ASC,64;:FREQ:CW 400;:FUNC:DEV1:MODE OFF;:FUNC:DEV1:REF:VAL 0;:FUNC:DEV2:MODE OFF;:FUNC:DEV2:REF:VAL 0;:FUNC:IMP:TYPE LSRS;:FUNC:SMON:IDC:STAT OFF;:FUNC:SMON:VDC:STAT OFF;:INIT:CONT OFF;:LIST:MODE SEQ;:LIST:STIM:TYPE FREQ,NONE;:SOUR:DCS:VOLT:LEV 0;:TRIG:DEL 0;:TRIG:SOUR INT;:TRIG:TDEL 0;:DISP:WIND:TEXT1:DATA:FMSD:STAT OFF;:DISP:WIND:TEXT2:DATA:FMSD:STAT OFF;:FUNC:DCR:RANG:VAL 100;:FUNC:IMP:RANG:VAL 1000;:OUTP:DC:ISOL:LEV:VAL 0.002;:OUTP:DC:ISOL:STAT OFF;:FUNC:DCR:RANG:AUTO ON;:FUNC:IMP:RANG:AUTO ON;:OUTP:DC:ISOL:LEV:AUTO ON;:DISP:PAGE MEASurement;
"
800.0,0.407811366,1189.144723,2.0766e-06,0.0049201
800.0,0.4077464963,1189.695751,2.0765e-06,0.00491976
800.0,0.4077429194,1189.620984,2.07663e-06,0.00491974
800.0,0.4077171322,1188.986604,2.07618e-06,0.00492018
800.0,0.4076650549,1188.403282,2.07746e-06,0.00492
800.0,0.4075501185,1188.99807,2.07644e-06,0.00492009
800.0,0.4079393334,1189.309956,2.07647e-06,0.00492021
800.0,0.4077203338,1188.594323,2.0767e-06,0.00491997
800.0,0.4077613371,1189.113155,2.07623e-06,0.00491988
800.0,0.4077291006,1189.037016,2.0767e-06,0.00491975
800.0,0.4079184055,1189.100346,2.07731e-06,0.00491986
800.0,0.4078485513,1188.677968,2.07617e-06,0.00491995
800.0,0.4076900829,1189.261727,2.07627e-06,0.00491996
800.0,0.4077952471,1188.727333,2.07695e-06,0.00491983
800.0,0.4078753728,1190.373919,2.07676e-06,0.00492005
800.0,0.4077843783,1189.161156,2.07629e-06,0.00491971
Freq,800,Rs,1189.1378945625002,0.4752346802688501,Ls,0.40776845188125,9.816044467122711e-05
":SOUR:DCS:STAT OFF;:BIAS:STAT OFF;:COMP:BIN:COUN:CLE;:LIST:CLE:ALL;:COMP:BIN:CLE;:AMPL:ALC OFF;:APER MED,4;:BIAS:POL:AUTO OFF;:BIAS:RANG:AUTO ON;:BIAS:VOLT:LEV 0;:COMP:ABIN OFF;:COMP:BIN:COUN:STAT OFF;:COMP:MODE PTOL;:COMP:SLIM -9.9e+037,9.9e+037;:COMP:STAT OFF;:COMP:SWAP OFF;:COMP:TOL:NOM 0;:CURR:LEV 5e-005;:DISP:ENAB ON;:DISP:LINE """";:DISP:WIND:TEXT1:DATA:FMSD:DATA 1e-009;:DISP:WIND:TEXT2:DATA:FMSD:DATA 1e-009;:FORM:ASC:LONG ON;:FORM:BORD NORM;:FORM:DATA ASC,64;:FREQ:CW 800;:FUNC:DEV1:MODE OFF;:FUNC:DEV1:REF:VAL 0;:FUNC:DEV2:MODE OFF;:FUNC:DEV2:REF:VAL 0;:FUNC:IMP:TYPE LSRS;:FUNC:SMON:IDC:STAT OFF;:FUNC:SMON:VDC:STAT OFF;:INIT:CONT OFF;:LIST:MODE SEQ;:LIST:STIM:TYPE FREQ,NONE;:SOUR:DCS:VOLT:LEV 0;:TRIG:DEL 0;:TRIG:SOUR INT;:TRIG:TDEL 0;:DISP:WIND:TEXT1:DATA:FMSD:STAT OFF;:DISP:WIND:TEXT2:DATA:FMSD:STAT OFF;:FUNC:DCR:RANG:VAL 100;:FUNC:IMP:RANG:VAL 1000;:OUTP:DC:ISOL:LEV:VAL 0.002;:OUTP:DC:ISOL:STAT OFF;:FUNC:DCR:RANG:AUTO ON;:FUNC:IMP:RANG:AUTO ON;:OUTP:DC:ISOL:LEV:AUTO ON;:DISP:PAGE MEASurement;
"
1000.0,0.384801099,1374.091921,1.76955e-06,0.00492019
1000.0,0.3847192744,1374.530732,1.76928e-06,0.00492021
1000.0,0.3848039324,1374.6246,1.76929e-06,0.00492011
1000.0,0.3847818271,1374.322215,1.76928e-06,0.00492021
1000.0,0.3847547551,1374.092458,1.76913e-06,0.00492003
1000.0,0.3846868152,1374.479384,1.76959e-06,0.00492032
1000.0,0.3847413802,1374.516821,1.76942e-06,0.00492012
1000.0,0.384756035,1374.809462,1.76959e-06,0.0049202
1000.0,0.3847279333,1374.040289,1.76925e-06,0.00492015
1000.0,0.3847615451,1374.231274,1.7692e-06,0.00492009
1000.0,0.3847590351,1373.896353,1.76952e-06,0.00492032
1000.0,0.3849729796,1374.725076,1.76933e-06,0.00492005
1000.0,0.3847722281,1373.992953,1.76933e-06,0.00492016
1000.0,0.3847832744,1374.154936,1.76925e-06,0.00491996
1000.0,0.3847876673,1374.442245,1.76869e-06,0.00492026
1000.0,0.3847535112,1373.87293,1.76905e-06,0.00491984
Freq,1000,Rs,1374.3014780624999,0.2964130492524222,Ls,0.38477270578125,6.154014527153582e-05
":SOUR:DCS:STAT OFF;:BIAS:STAT OFF;:COMP:BIN:COUN:CLE;:LIST:CLE:ALL;:COMP:BIN:CLE;:AMPL:ALC OFF;:APER MED,4;:BIAS:POL:AUTO OFF;:BIAS:RANG:AUTO ON;:BIAS:VOLT:LEV 0;:COMP:ABIN OFF;:COMP:BIN:COUN:STAT OFF;:COMP:MODE PTOL;:COMP:SLIM -9.9e+037,9.9e+037;:COMP:STAT OFF;:COMP:SWAP OFF;:COMP:TOL:NOM 0;:CURR:LEV 5e-005;:DISP:ENAB ON;:DISP:LINE """";:DISP:WIND:TEXT1:DATA:FMSD:DATA 1e-009;:DISP:WIND:TEXT2:DATA:FMSD:DATA 1e-009;:FORM:ASC:LONG ON;:FORM:BORD NORM;:FORM:DATA ASC,64;:FREQ:CW 1000;:FUNC:DEV1:MODE OFF;:FUNC:DEV1:REF:VAL 0;:FUNC:DEV2:MODE OFF;:FUNC:DEV2:REF:VAL 0;:FUNC:IMP:TYPE LSRS;:FUNC:SMON:IDC:STAT OFF;:FUNC:SMON:VDC:STAT OFF;:INIT:CONT OFF;:LIST:MODE SEQ;:LIST:STIM:TYPE FREQ,NONE;:SOUR:DCS:VOLT:LEV 0;:TRIG:DEL 0;:TRIG:SOUR INT;:TRIG:TDEL 0;:DISP:WIND:TEXT1:DATA:FMSD:STAT OFF;:DISP:WIND:TEXT2:DATA:FMSD:STAT OFF;:FUNC:DCR:RANG:VAL 100;:FUNC:IMP:RANG:VAL 1000;:OUTP:DC:ISOL:LEV:VAL 0.002;:OUTP:DC:ISOL:STAT OFF;:FUNC:DCR:RANG:AUTO ON;:FUNC:IMP:RANG:AUTO ON;:OUTP:DC:ISOL:LEV:AUTO ON;:DISP:PAGE MEASurement;
"
2000.0,0.3190779132,2199.986463,1.10009e-06,0.00502885
2000.0,0.3190947097,2199.097123,1.09961e-06,0.00502878
2000.0,0.3190162974,2200.121178,1.0996e-06,0.00502883
2000.0,0.3190753983,2199.217728,1.09958e-06,0.00502861
2000.0,0.3190915432,2199.478227,1.09967e-06,0.00502878
2000.0,0.3190345931,2199.613652,1.09974e-06,0.0050289
2000.0,0.319044831,2199.161422,1.09981e-06,0.00502893
2000.0,0.3190791255,2199.326036,1.09959e-06,0.00502895
2000.0,0.3190311594,2199.024552,1.09963e-06,0.00502892
2000.0,0.3191271473,2199.375082,1.09964e-06,0.00502892
2000.0,0.3190725586,2199.051407,1.09966e-06,0.00502884
2000.0,0.3190787574,2198.966732,1.09971e-06,0.00502894
2000.0,0.3190936105,2199.071636,1.09973e-06,0.00502885
2000.0,0.3190949119,2199.348823,1.09946e-06,0.00502898
2000.0,0.3190971924,2198.808873,1.09969e-06,0.00502887
2000.0,0.3190446421,2199.372574,1.09971e-06,0.00502878
Freq,2000,Rs,2199.31384425,0.35551198248734145,Ls,0.3190721494375,2.9849669696024135e-05
":SOUR:DCS:STAT OFF;:BIAS:STAT OFF;:COMP:BIN:COUN:CLE;:LIST:CLE:ALL;:COMP:BIN:CLE;:AMPL:ALC OFF;:APER MED,4;:BIAS:POL:AUTO OFF;:BIAS:RANG:AUTO ON;:BIAS:VOLT:LEV 0;:COMP:ABIN OFF;:COMP:BIN:COUN:STAT OFF;:COMP:MODE PTOL;:COMP:SLIM -9.9e+037,9.9e+037;:COMP:STAT OFF;:COMP:SWAP OFF;:COMP:TOL:NOM 0;:CURR:LEV 5e-005;:DISP:ENAB ON;:DISP:LINE """";:DISP:WIND:TEXT1:DATA:FMSD:DATA 1e-009;:DISP:WIND:TEXT2:DATA:FMSD:DATA 1e-009;:FORM:ASC:LONG ON;:FORM:BORD NORM;:FORM:DATA ASC,64;:FREQ:CW 2000;:FUNC:DEV1:MODE OFF;:FUNC:DEV1:REF:VAL 0;:FUNC:DEV2:MODE OFF;:FUNC:DEV2:REF:VAL 0;:FUNC:IMP:TYPE LSRS;:FUNC:SMON:IDC:STAT OFF;:FUNC:SMON:VDC:STAT OFF;:INIT:CONT OFF;:LIST:MODE SEQ;:LIST:STIM:TYPE FREQ,NONE;:SOUR:DCS:VOLT:LEV 0;:TRIG:DEL 0;:TRIG:SOUR INT;:TRIG:TDEL 0;:DISP:WIND:TEXT1:DATA:FMSD:STAT OFF;:DISP:WIND:TEXT2:DATA:FMSD:STAT OFF;:FUNC:DCR:RANG:VAL 100;:FUNC:IMP:RANG:VAL 3000;:OUTP:DC:ISOL:LEV:VAL 0.0002;:OUTP:DC:ISOL:STAT OFF;:FUNC:DCR:RANG:AUTO ON;:FUNC:IMP:RANG:AUTO ON;:OUTP:DC:ISOL:LEV:AUTO ON;:DISP:PAGE MEASurement;
"
3000.0,0.2851068112,2989.669151,8.15733e-07,0.00501599
3000.0,0.2850741978,2989.27904,8.15779e-07,0.00501588
3000.0,0.2850685353,2989.585684,8.15761e-07,0.00501597
3000.0,0.2850677761,2989.668182,8.15733e-07,0.00501579
3000.0,0.2850861203,2989.288682,8.15753e-07,0.00501592
3000.0,0.2850594273,2988.980247,8.15756e-07,0.00501607
3000.0,0.2850494582,2988.504487,8.15706e-07,0.00501587
3000.0,0.2850881463,2989.63474,8.15688e-07,0.00501601
3000.0,0.285037037,2989.150649,8.15739e-07,0.00501596
3000.0,0.2851032267,2989.846406,8.15733e-07,0.00501606
3000.0,0.2850313354,2989.933718,8.15763e-07,0.00501603
3000.0,0.2850881947,2989.901209,8.158e-07,0.00501598
3000.0,0.28509046,2989.551113,8.15706e-07,0.00501606
3000.0,0.2850703168,2989.69818,8.15762e-07,0.005016
3000.0,0.2850631111,2989.367148,8.15697e-07,0.00501591
3000.0,0.2850764888,2989.257228,8.15678e-07,0.00501587
Freq,3000,Rs,2989.4572415,0.3757133763412487,Ls,0.28507254018750006,2.148531406854434e-05
":SOUR:DCS:STAT OFF;:BIAS:STAT OFF;:COMP:BIN:COUN:CLE;:LIST:CLE:ALL;:COMP:BIN:CLE;:AMPL:ALC OFF;:APER MED,4;:BIAS:POL:AUTO OFF;:BIAS:RANG:AUTO ON;:BIAS:VOLT:LEV 0;:COMP:ABIN OFF;:COMP:BIN:COUN:STAT OFF;:COMP:MODE PTOL;:COMP:SLIM -9.9e+037,9.9e+037;:COMP:STAT OFF;:COMP:SWAP OFF;:COMP:TOL:NOM 0;:CURR:LEV 5e-005;:DISP:ENAB ON;:DISP:LINE """";:DISP:WIND:TEXT1:DATA:FMSD:DATA 1e-009;:DISP:WIND:TEXT2:DATA:FMSD:DATA 1e-009;:FORM:ASC:LONG ON;:FORM:BORD NORM;:FORM:DATA ASC,64;:FREQ:CW 3000;:FUNC:DEV1:MODE OFF;:FUNC:DEV1:REF:VAL 0;:FUNC:DEV2:MODE OFF;:FUNC:DEV2:REF:VAL 0;:FUNC:IMP:TYPE LSRS;:FUNC:SMON:IDC:STAT OFF;:FUNC:SMON:VDC:STAT OFF;:INIT:CONT OFF;:LIST:MODE SEQ;:LIST:STIM:TYPE FREQ,NONE;:SOUR:DCS:VOLT:LEV 0;:TRIG:DEL 0;:TRIG:SOUR INT;:TRIG:TDEL 0;:DISP:WIND:TEXT1:DATA:FMSD:STAT OFF;:DISP:WIND:TEXT2:DATA:FMSD:STAT OFF;:FUNC:DCR:RANG:VAL 100;:FUNC:IMP:RANG:VAL 3000;:OUTP:DC:ISOL:LEV:VAL 0.0002;:OUTP:DC:ISOL:STAT OFF;:FUNC:DCR:RANG:AUTO ON;:FUNC:IMP:RANG:AUTO ON;:OUTP:DC:ISOL:LEV:AUTO ON;:DISP:PAGE MEASurement;
"
4000.0,0.2695034724,3786.907758,6.47823e-07,0.00502627
4000.0,0.2695275654,3786.633648,6.47694e-07,0.00502683
4000.0,0.2694977321,3786.9685,6.47731e-07,0.00502705
4000.0,0.269513372,3786.763387,6.4775e-07,0.0050269
4000.0,0.2695194451,3787.235224,6.47718e-07,0.00502652
4000.0,0.2695310713,3786.934794,6.47723e-07,0.00502663
4000.0,0.2695182837,3787.338926,6.47716e-07,0.00502707
4000.0,0.2694826118,3787.488578,6.47859e-07,0.00502656
4000.0,0.2695236825,3786.38075,6.47944e-07,0.00502706
4000.0,0.2694985858,3787.810911,6.47588e-07,0.00502737
4000.0,0.2695290203,3787.301795,6.47725e-07,0.00502686
4000.0,0.2694695452,3786.474642,6.47754e-07,0.00502676
4000.0,0.2695370193,3787.027865,6.47758e-07,0.00502681
4000.0,0.2694864624,3787.596165,6.47739e-07,0.0050266
4000.0,0.269514448,3787.028121,6.47747e-07,0.00502686
4000.0,0.2695050514,3786.851044,6.47739e-07,0.00502703
Freq,4000,Rs,3787.04638175,0.3971345553098304,Ls,0.26950983554375,1.9163727190463498e-05
":SOUR:DCS:STAT OFF;:BIAS:STAT OFF;:COMP:BIN:COUN:CLE;:LIST:CLE:ALL;:COMP:BIN:CLE;:AMPL:ALC OFF;:APER MED,4;:BIAS:POL:AUTO OFF;:BIAS:RANG:AUTO ON;:BIAS:VOLT:LEV 0;:COMP:ABIN OFF;:COMP:BIN:COUN:STAT OFF;:COMP:MODE PTOL;:COMP:SLIM -9.9e+037,9.9e+037;:COMP:STAT OFF;:COMP:SWAP OFF;:COMP:TOL:NOM 0;:CURR:LEV 5e-005;:DISP:ENAB ON;:DISP:LINE """";:DISP:WIND:TEXT1:DATA:FMSD:DATA 1e-009;:DISP:WIND:TEXT2:DATA:FMSD:DATA 1e-009;:FORM:ASC:LONG ON;:FORM:BORD NORM;:FORM:DATA ASC,64;:FREQ:CW 4000;:FUNC:DEV1:MODE OFF;:FUNC:DEV1:REF:VAL 0;:FUNC:DEV2:MODE OFF;:FUNC:DEV2:REF:VAL 0;:FUNC:IMP:TYPE LSRS;:FUNC:SMON:IDC:STAT OFF;:FUNC:SMON:VDC:STAT OFF;:INIT:CONT OFF;:LIST:MODE SEQ;:LIST:STIM:TYPE FREQ,NONE;:SOUR:DCS:VOLT:LEV 0;:TRIG:DEL 0;:TRIG:SOUR INT;:TRIG:TDEL 0;:DISP:WIND:TEXT1:DATA:FMSD:STAT OFF;:DISP:WIND:TEXT2:DATA:FMSD:STAT OFF;:FUNC:DCR:RANG:VAL 100;:FUNC:IMP:RANG:VAL 3000;:OUTP:DC:ISOL:LEV:VAL 0.0002;:OUTP:DC:ISOL:STAT OFF;:FUNC:DCR:RANG:AUTO ON;:FUNC:IMP:RANG:AUTO ON;:OUTP:DC:ISOL:LEV:AUTO ON;:DISP:PAGE MEASurement;
"
5000.0,0.2595576999,4689.869597,5.34411e-07,0.00502715
5000.0,0.2595349081,4690.24981,5.3443e-07,0.00502738
5000.0,0.259549663,4690.186905,5.34439e-07,0.00502732
5000.0,0.2595390422,4690.59355,5.34413e-07,0.00502743
5000.0,0.2595501305,4690.807987,5.34417e-07,0.00502736
5000.0,0.2595583289,4690.569829,5.34446e-07,0.00502732
5000.0,0.2595683118,4691.012881,5.3441e-07,0.00502741
5000.0,0.2595672694,4690.84302,5.34422e-07,0.00502748
5000.0,0.2595391147,4690.995585,5.34432e-07,0.0050272
5000.0,0.2595708258,4690.221496,5.34428e-07,0.0050274
5000.0,0.2595955844,4689.977987,5.34417e-07,0.00502721
5000.0,0.2595767366,4690.804072,5.34406e-07,0.00502733
5000.0,0.2595531302,4690.894714,5.34413e-07,0.00502736
5000.0,0.25957515,4690.342041,5.34444e-07,0.00502728
5000.0,0.2595696689,4690.059591,5.34404e-07,0.00502712
5000.0,0.2595661797,4689.59706,5.34464e-07,0.00502736
Freq,5000,Rs,4690.4391328125,0.43711821373854165,Ls,0.25956073400625,1.6129964640818068e-05
":SOUR:DCS:STAT OFF;:BIAS:STAT OFF;:COMP:BIN:COUN:CLE;:LIST:CLE:ALL;:COMP:BIN:CLE;:AMPL:ALC OFF;:APER MED,4;:BIAS:POL:AUTO OFF;:BIAS:RANG:AUTO ON;:BIAS:VOLT:LEV 0;:COMP:ABIN OFF;:COMP:BIN:COUN:STAT OFF;:COMP:MODE PTOL;:COMP:SLIM -9.9e+037,9.9e+037;:COMP:STAT OFF;:COMP:SWAP OFF;:COMP:TOL:NOM 0;:CURR:LEV 5e-005;:DISP:ENAB ON;:DISP:LINE """";:DISP:WIND:TEXT1:DATA:FMSD:DATA 1e-009;:DISP:WIND:TEXT2:DATA:FMSD:DATA 1e-009;:FORM:ASC:LONG ON;:FORM:BORD NORM;:FORM:DATA ASC,64;:FREQ:CW 5000;:FUNC:DEV1:MODE OFF;:FUNC:DEV1:REF:VAL 0;:FUNC:DEV2:MODE OFF;:FUNC:DEV2:REF:VAL 0;:FUNC:IMP:TYPE LSRS;:FUNC:SMON:IDC:STAT OFF;:FUNC:SMON:VDC:STAT OFF;:INIT:CONT OFF;:LIST:MODE SEQ;:LIST:STIM:TYPE FREQ,NONE;:SOUR:DCS:VOLT:LEV 0;:TRIG:DEL 0;:TRIG:SOUR INT;:TRIG:TDEL 0;:DISP:WIND:TEXT1:DATA:FMSD:STAT OFF;:DISP:WIND:TEXT2:DATA:FMSD:STAT OFF;:FUNC:DCR:RANG:VAL 100;:FUNC:IMP:RANG:VAL 3000;:OUTP:DC:ISOL:LEV:VAL 0.0002;:OUTP:DC:ISOL:STAT OFF;:FUNC:DCR:RANG:AUTO ON;:FUNC:IMP:RANG:AUTO ON;:OUTP:DC:ISOL:LEV:AUTO ON;:DISP:PAGE MEASurement;
"
6000.0,0.2536322627,5736.328045,4.51359e-07,0.00503282
6000.0,0.2536023277,5735.847434,4.51339e-07,0.00503269
6000.0,0.2536105643,5735.518027,4.51383e-07,0.00503291
6000.0,0.2536179114,5736.01695,4.51387e-07,0.00503283
6000.0,0.2536167138,5735.720437,4.51384e-07,0.00503266
6000.0,0.2536250337,5735.819114,4.51365e-07,0.0050329
6000.0,0.2536238186,5735.895906,4.51371e-07,0.0050327
6000.0,0.2536201691,5735.048001,4.51392e-07,0.00503279
6000.0,0.2536212645,5735.71238,4.51376e-07,0.00503284
6000.0,0.2536002555,5736.378793,4.51374e-07,0.00503278
6000.0,0.2536200738,5735.893629,4.51383e-07,0.00503295
6000.0,0.2536260859,5735.978394,4.51378e-07,0.00503265
6000.0,0.2536441586,5735.941386,4.51376e-07,0.00503276
6000.0,0.2536164745,5736.612985,4.51359e-07,0.00503269
6000.0,0.2536251147,5736.19303,4.51366e-07,0.00503271
6000.0,0.2536241905,5736.043424,4.51385e-07,0.00503277
Freq,6000,Rs,5735.9342459375,0.3631926901495223,Ls,0.25362040120625007,1.0559438693886795e-05
":SOUR:DCS:STAT OFF;:BIAS:STAT OFF;:COMP:BIN:COUN:CLE;:LIST:CLE:ALL;:COMP:BIN:CLE;:AMPL:ALC OFF;:APER MED,4;:BIAS:POL:AUTO OFF;:BIAS:RANG:AUTO ON;:BIAS:VOLT:LEV 0;:COMP:ABIN OFF;:COMP:BIN:COUN:STAT OFF;:COMP:MODE PTOL;:COMP:SLIM -9.9e+037,9.9e+037;:COMP:STAT OFF;:COMP:SWAP OFF;:COMP:TOL:NOM 0;:CURR:LEV 5e-005;:DISP:ENAB ON;:DISP:LINE """";:DISP:WIND:TEXT1:DATA:FMSD:DATA 1e-009;:DISP:WIND:TEXT2:DATA:FMSD:DATA 1e-009;:FORM:ASC:LONG ON;:FORM:BORD NORM;:FORM:DATA ASC,64;:FREQ:CW 6000;:FUNC:DEV1:MODE OFF;:FUNC:DEV1:REF:VAL 0;:FUNC:DEV2:MODE OFF;:FUNC:DEV2:REF:VAL 0;:FUNC:IMP:TYPE LSRS;:FUNC:SMON:IDC:STAT OFF;:FUNC:SMON:VDC:STAT OFF;:INIT:CONT OFF;:LIST:MODE SEQ;:LIST:STIM:TYPE FREQ,NONE;:SOUR:DCS:VOLT:LEV 0;:TRIG:DEL 0;:TRIG:SOUR INT;:TRIG:TDEL 0;:DISP:WIND:TEXT1:DATA:FMSD:STAT OFF;:DISP:WIND:TEXT2:DATA:FMSD:STAT OFF;:FUNC:DCR:RANG:VAL 100;:FUNC:IMP:RANG:VAL 10000;:OUTP:DC:ISOL:LEV:VAL 0.0002;:OUTP:DC:ISOL:STAT OFF;:FUNC:DCR:RANG:AUTO ON;:FUNC:IMP:RANG:AUTO ON;:OUTP:DC:ISOL:LEV:AUTO ON;:DISP:PAGE MEASurement;
"
7000.0,0.2511069289,6977.672103,3.85518e-07,0.005036
7000.0,0.2511032402,6978.12033,3.8551e-07,0.00503611
7000.0,0.2511013531,6977.603923,3.85492e-07,0.00503572
7000.0,0.2511057185,6977.483052,3.85514e-07,0.00503627
7000.0,0.2510989676,6977.989686,3.85504e-07,0.00503601
7000.0,0.2510899414,6977.817655,3.85489e-07,0.00503594
7000.0,0.251105037,6977.873931,3.85476e-07,0.00503605
7000.0,0.2511083182,6978.125996,3.85501e-07,0.00503609
7000.0,0.2511195505,6978.454161,3.85514e-07,0.00503583
7000.0,0.2510921719,6978.133814,3.85511e-07,0.00503627
7000.0,0.2511231949,6977.862514,3.85491e-07,0.00503607
7000.0,0.251096161,6978.336463,3.85489e-07,0.00503579
7000.0,0.2510982771,6976.979914,3.85503e-07,0.00503602
7000.0,0.2510929889,6976.677264,3.85504e-07,0.00503599
7000.0,0.2510982407,6978.251965,3.85513e-07,0.00503582
7000.0,0.2511009255,6977.811139,3.85505e-07,0.00503606
Freq,7000,Rs,6977.824619375,0.47361993083443643,Ls,0.25110256346250004,9.08119830007544e-06
":SOUR:DCS:STAT OFF;:BIAS:STAT OFF;:COMP:BIN:COUN:CLE;:LIST:CLE:ALL;:COMP:BIN:CLE;:AMPL:ALC OFF;:APER MED,4;:BIAS:POL:AUTO OFF;:BIAS:RANG:AUTO ON;:BIAS:VOLT:LEV 0;:COMP:ABIN OFF;:COMP:BIN:COUN:STAT OFF;:COMP:MODE PTOL;:COMP:SLIM -9.9e+037,9.9e+037;:COMP:STAT OFF;:COMP:SWAP OFF;:COMP:TOL:NOM 0;:CURR:LEV 5e-005;:DISP:ENAB ON;:DISP:LINE """";:DISP:WIND:TEXT1:DATA:FMSD:DATA 1e-009;:DISP:WIND:TEXT2:DATA:FMSD:DATA 1e-009;:FORM:ASC:LONG ON;:FORM:BORD NORM;:FORM:DATA ASC,64;:FREQ:CW 7000;:FUNC:DEV1:MODE OFF;:FUNC:DEV1:REF:VAL 0;:FUNC:DEV2:MODE OFF;:FUNC:DEV2:REF:VAL 0;:FUNC:IMP:TYPE LSRS;:FUNC:SMON:IDC:STAT OFF;:FUNC:SMON:VDC:STAT OFF;:INIT:CONT OFF;:LIST:MODE SEQ;:LIST:STIM:TYPE FREQ,NONE;:SOUR:DCS:VOLT:LEV 0;:TRIG:DEL 0;:TRIG:SOUR INT;:TRIG:TDEL 0;:DISP:WIND:TEXT1:DATA:FMSD:STAT OFF;:DISP:WIND:TEXT2:DATA:FMSD:STAT OFF;:FUNC:DCR:RANG:VAL 100;:FUNC:IMP:RANG:VAL 10000;:OUTP:DC:ISOL:LEV:VAL 0.0002;:OUTP:DC:ISOL:STAT OFF;:FUNC:DCR:RANG:AUTO ON;:FUNC:IMP:RANG:AUTO ON;:OUTP:DC:ISOL:LEV:AUTO ON;:DISP:PAGE MEASurement;
"
8000.0,0.2506616565,8508.507673,3.31322e-07,0.00503809
8000.0,0.2506726405,8508.877632,3.31361e-07,0.0050381
8000.0,0.250692603,8509.711003,3.31362e-07,0.00503809
8000.0,0.2506713236,8507.81658,3.31323e-07,0.00503829
8000.0,0.2507091698,8509.218195,3.31336e-07,0.0050382
8000.0,0.2507123643,8509.069606,3.31332e-07,0.00503805
8000.0,0.2506685732,8508.900029,3.31378e-07,0.00503837
8000.0,0.2506748203,8507.633945,3.31366e-07,0.00503802
8000.0,0.2506770327,8508.398478,3.31335e-07,0.00503812
8000.0,0.2506821217,8508.807437,3.31349e-07,0.00503841
8000.0,0.2506827013,8508.704252,3.3136e-07,0.00503813
8000.0,0.250686698,8510.254696,3.31353e-07,0.00503771
8000.0,0.2506597716,8508.450206,3.31366e-07,0.0050378
8000.0,0.250654218,8510.723644,3.31333e-07,0.00503796
8000.0,0.2506961576,8508.14242,3.31373e-07,0.00503825
8000.0,0.2506749272,8510.067803,3.31401e-07,0.00503812
Freq,8000,Rs,8508.955224937501,0.8667699627195539,Ls,0.25067979870625,1.6544903309015806e-05
":SOUR:DCS:STAT OFF;:BIAS:STAT OFF;:COMP:BIN:COUN:CLE;:LIST:CLE:ALL;:COMP:BIN:CLE;:AMPL:ALC OFF;:APER MED,4;:BIAS:POL:AUTO OFF;:BIAS:RANG:AUTO ON;:BIAS:VOLT:LEV 0;:COMP:ABIN OFF;:COMP:BIN:COUN:STAT OFF;:COMP:MODE PTOL;:COMP:SLIM -9.9e+037,9.9e+037;:COMP:STAT OFF;:COMP:SWAP OFF;:COMP:TOL:NOM 0;:CURR:LEV 5e-005;:DISP:ENAB ON;:DISP:LINE """";:DISP:WIND:TEXT1:DATA:FMSD:DATA 1e-009;:DISP:WIND:TEXT2:DATA:FMSD:DATA 1e-009;:FORM:ASC:LONG ON;:FORM:BORD NORM;:FORM:DATA ASC,64;:FREQ:CW 8000;:FUNC:DEV1:MODE OFF;:FUNC:DEV1:REF:VAL 0;:FUNC:DEV2:MODE OFF;:FUNC:DEV2:REF:VAL 0;:FUNC:IMP:TYPE LSRS;:FUNC:SMON:IDC:STAT OFF;:FUNC:SMON:VDC:STAT OFF;:INIT:CONT OFF;:LIST:MODE SEQ;:LIST:STIM:TYPE FREQ,NONE;:SOUR:DCS:VOLT:LEV 0;:TRIG:DEL 0;:TRIG:SOUR INT;:TRIG:TDEL 0;:DISP:WIND:TEXT1:DATA:FMSD:STAT OFF;:DISP:WIND:TEXT2:DATA:FMSD:STAT OFF;:FUNC:DCR:RANG:VAL 100;:FUNC:IMP:RANG:VAL 10000;:OUTP:DC:ISOL:LEV:VAL 0.0002;:OUTP:DC:ISOL:STAT OFF;:FUNC:DCR:RANG:AUTO ON;:FUNC:IMP:RANG:AUTO ON;:OUTP:DC:ISOL:LEV:AUTO ON;:DISP:PAGE MEASurement;
"
10000.0,0.2528391757,12909.16446,2.46042e-07,0.00503601
10000.0,0.2527824756,12905.30821,2.46092e-07,0.00503611
10000.0,0.2527849295,12902.47306,2.46123e-07,0.00503612
10000.0,0.2526614945,12904.04548,2.46117e-07,0.00503595
10000.0,0.2526580562,12908.85595,2.46108e-07,0.00503591
10000.0,0.2526873632,12913.06558,2.46052e-07,0.00503607
10000.0,0.2527935865,12914.20567,2.46015e-07,0.00503615
10000.0,0.2528240968,12909.07472,2.46019e-07,0.00503611
10000.0,0.2528341668,12906.06676,2.46054e-07,0.00503597
10000.0,0.2527953233,12903.50316,2.46123e-07,0.00503608
10000.0,0.2527265748,12902.70032,2.46146e-07,0.00503611
10000.0,0.2526826674,12906.21449,2.46141e-07,0.00503595
10000.0,0.2526419184,12910.2063,2.4609e-07,0.00503616
10000.0,0.2527177551,12914.54535,2.4606e-07,0.00503617
10000.0,0.2527944097,12911.01731,2.46022e-07,0.00503611
10000.0,0.2528283325,12909.47036,2.46021e-07,0.00503616
Freq,10000,Rs,12908.11982375,3.956635867187878,Ls,0.25275327037499995,6.96211301053086e-05
":SOUR:DCS:STAT OFF;:BIAS:STAT OFF;:COMP:BIN:COUN:CLE;:LIST:CLE:ALL;:COMP:BIN:CLE;:AMPL:ALC OFF;:APER MED,4;:BIAS:POL:AUTO OFF;:BIAS:RANG:AUTO ON;:BIAS:VOLT:LEV 0;:COMP:ABIN OFF;:COMP:BIN:COUN:STAT OFF;:COMP:MODE PTOL;:COMP:SLIM -9.9e+037,9.9e+037;:COMP:STAT OFF;:COMP:SWAP OFF;:COMP:TOL:NOM 0;:CURR:LEV 5e-005;:DISP:ENAB ON;:DISP:LINE """";:DISP:WIND:TEXT1:DATA:FMSD:DATA 1e-009;:DISP:WIND:TEXT2:DATA:FMSD:DATA 1e-009;:FORM:ASC:LONG ON;:FORM:BORD NORM;:FORM:DATA ASC,64;:FREQ:CW 10000;:FUNC:DEV1:MODE OFF;:FUNC:DEV1:REF:VAL 0;:FUNC:DEV2:MODE OFF;:FUNC:DEV2:REF:VAL 0;:FUNC:IMP:TYPE LSRS;:FUNC:SMON:IDC:STAT OFF;:FUNC:SMON:VDC:STAT OFF;:INIT:CONT OFF;:LIST:MODE SEQ;:LIST:STIM:TYPE FREQ,NONE;:SOUR:DCS:VOLT:LEV 0;:TRIG:DEL 0;:TRIG:SOUR INT;:TRIG:TDEL 0;:DISP:WIND:TEXT1:DATA:FMSD:STAT OFF;:DISP:WIND:TEXT2:DATA:FMSD:STAT OFF;:FUNC:DCR:RANG:VAL 100;:FUNC:IMP:RANG:VAL 10000;:OUTP:DC:ISOL:LEV:VAL 0.0002;:OUTP:DC:ISOL:STAT OFF;:FUNC:DCR:RANG:AUTO ON;:FUNC:IMP:RANG:AUTO ON;:OUTP:DC:ISOL:LEV:AUTO ON;:DISP:PAGE MEASurement;
"
12000.0,0.2485095568,20357.05689,1.82126e-07,0.00503905
12000.0,0.248514363,20362.7269,1.82133e-07,0.00503882
12000.0,0.2484966532,20357.25529,1.82098e-07,0.00503906
12000.0,0.2485412262,20359.8186,1.82135e-07,0.00503885
12000.0,0.248549789,20360.70412,1.82126e-07,0.00503907
12000.0,0.2486103723,20359.33412,1.82138e-07,0.00503908
12000.0,0.2485502168,20357.79183,1.82109e-07,0.00503904
12000.0,0.2485561259,20357.643,1.8213e-07,0.0050392
12000.0,0.2485846225,20354.19781,1.82133e-07,0.00503906
12000.0,0.2485298425,20356.24328,1.82129e-07,0.005039
12000.0,0.2485418847,20354.00094,1.82125e-07,0.0050391
12000.0,0.2485189722,20354.7355,1.82135e-07,0.00503888
12000.0,0.2485289546,20356.8632,1.82135e-07,0.005039
12000.0,0.2484556477,20352.65872,1.82131e-07,0.00503882
12000.0,0.2484839736,20361.2689,1.82121e-07,0.00503906
12000.0,0.2485190007,20355.58384,1.8213e-07,0.00503905
Freq,12000,Rs,20357.36768375,2.8342895665493772,Ls,0.24853070010625,3.7283150337570296e-05
":SOUR:DCS:STAT OFF;:BIAS:STAT OFF;:COMP:BIN:COUN:CLE;:LIST:CLE:ALL;:COMP:BIN:CLE;:AMPL:ALC OFF;:APER MED,4;:BIAS:POL:AUTO OFF;:BIAS:RANG:AUTO ON;:BIAS:VOLT:LEV 0;:COMP:ABIN OFF;:COMP:BIN:COUN:STAT OFF;:COMP:MODE PTOL;:COMP:SLIM -9.9e+037,9.9e+037;:COMP:STAT OFF;:COMP:SWAP OFF;:COMP:TOL:NOM 0;:CURR:LEV 5e-005;:DISP:ENAB ON;:DISP:LINE """";:DISP:WIND:TEXT1:DATA:FMSD:DATA 1e-009;:DISP:WIND:TEXT2:DATA:FMSD:DATA 1e-009;:FORM:ASC:LONG ON;:FORM:BORD NORM;:FORM:DATA ASC,64;:FREQ:CW 12000;:FUNC:DEV1:MODE OFF;:FUNC:DEV1:REF:VAL 0;:FUNC:DEV2:MODE OFF;:FUNC:DEV2:REF:VAL 0;:FUNC:IMP:TYPE LSRS;:FUNC:SMON:IDC:STAT OFF;:FUNC:SMON:VDC:STAT OFF;:INIT:CONT OFF;:LIST:MODE SEQ;:LIST:STIM:TYPE FREQ,NONE;:SOUR:DCS:VOLT:LEV 0;:TRIG:DEL 0;:TRIG:SOUR INT;:TRIG:TDEL 0;:DISP:WIND:TEXT1:DATA:FMSD:STAT OFF;:DISP:WIND:TEXT2:DATA:FMSD:STAT OFF;:FUNC:DCR:RANG:VAL 100;:FUNC:IMP:RANG:VAL 10000;:OUTP:DC:ISOL:LEV:VAL 0.0002;:OUTP:DC:ISOL:STAT OFF;:FUNC:DCR:RANG:AUTO ON;:FUNC:IMP:RANG:AUTO ON;:OUTP:DC:ISOL:LEV:AUTO ON;:DISP:PAGE MEASurement;
"
14000.0,0.2053458334,32689.7364,1.34937e-07,0.00504153
14000.0,0.2054073776,32695.59369,1.34955e-07,0.00504167
14000.0,0.2053895181,32695.61557,1.34956e-07,0.00504179
14000.0,0.2053553224,32698.77775,1.34968e-07,0.00504179
14000.0,0.2053863624,32691.24755,1.3498e-07,0.00504183
14000.0,0.2053812218,32699.8538,1.34965e-07,0.00504155
14000.0,0.2053728509,32695.67553,1.34954e-07,0.0050415
14000.0,0.2054111246,32694.85985,1.34978e-07,0.0050416
14000.0,0.2053467425,32698.67012,1.34959e-07,0.00504168
14000.0,0.2054260544,32690.76178,1.34973e-07,0.00504174
14000.0,0.2053347339,32700.07551,1.3496e-07,0.00504184
14000.0,0.2053851171,32694.11301,1.34955e-07,0.00504176
14000.0,0.2054313415,32692.76349,1.34956e-07,0.00504174
14000.0,0.205404729,32695.56318,1.34964e-07,0.00504184
14000.0,0.2054456623,32697.4061,1.34956e-07,0.00504165
14000.0,0.2053488068,32689.66008,1.34975e-07,0.00504178
Freq,14000,Rs,32695.023338125,3.448853451337109,Ls,0.20538579991875,3.3639625532557767e-05
":SOUR:DCS:STAT OFF;:BIAS:STAT OFF;:COMP:BIN:COUN:CLE;:LIST:CLE:ALL;:COMP:BIN:CLE;:AMPL:ALC OFF;:APER MED,4;:BIAS:POL:AUTO OFF;:BIAS:RANG:AUTO ON;:BIAS:VOLT:LEV 0;:COMP:ABIN OFF;:COMP:BIN:COUN:STAT OFF;:COMP:MODE PTOL;:COMP:SLIM -9.9e+037,9.9e+037;:COMP:STAT OFF;:COMP:SWAP OFF;:COMP:TOL:NOM 0;:CURR:LEV 5e-005;:DISP:ENAB ON;:DISP:LINE """";:DISP:WIND:TEXT1:DATA:FMSD:DATA 1e-009;:DISP:WIND:TEXT2:DATA:FMSD:DATA 1e-009;:FORM:ASC:LONG ON;:FORM:BORD NORM;:FORM:DATA ASC,64;:FREQ:CW 14000;:FUNC:DEV1:MODE OFF;:FUNC:DEV1:REF:VAL 0;:FUNC:DEV2:MODE OFF;:FUNC:DEV2:REF:VAL 0;:FUNC:IMP:TYPE LSRS;:FUNC:SMON:IDC:STAT OFF;:FUNC:SMON:VDC:STAT OFF;:INIT:CONT OFF;:LIST:MODE SEQ;:LIST:STIM:TYPE FREQ,NONE;:SOUR:DCS:VOLT:LEV 0;:TRIG:DEL 0;:TRIG:SOUR INT;:TRIG:TDEL 0;:DISP:WIND:TEXT1:DATA:FMSD:STAT OFF;:DISP:WIND:TEXT2:DATA:FMSD:STAT OFF;:FUNC:DCR:RANG:VAL 100;:FUNC:IMP:RANG:VAL 30000;:OUTP:DC:ISOL:LEV:VAL 2e-005;:OUTP:DC:ISOL:STAT OFF;:FUNC:DCR:RANG:AUTO ON;:FUNC:IMP:RANG:AUTO ON;:OUTP:DC:ISOL:LEV:AUTO ON;:DISP:PAGE MEASurement;
"
16000.0,0.0595114703,46938.17822,1.06609e-07,0.00504387
16000.0,0.05955085744,46936.28171,1.06623e-07,0.00504382
16000.0,0.05960523043,46931.87261,1.06583e-07,0.00504395
16000.0,0.05954865888,46940.686,1.06601e-07,0.00504411
16000.0,0.05944248649,46930.20711,1.06586e-07,0.00504379
16000.0,0.05951428352,46934.14895,1.06589e-07,0.0050438
16000.0,0.05956429789,46935.0955,1.06597e-07,0.00504397
16000.0,0.05954582331,46932.75709,1.06605e-07,0.00504385
16000.0,0.05949523178,46938.95308,1.06609e-07,0.00504395
16000.0,0.0595004933,46933.58556,1.06585e-07,0.00504378
16000.0,0.05953420924,46933.5455,1.06585e-07,0.00504387
16000.0,0.05961150175,46941.25578,1.0661e-07,0.00504397
16000.0,0.05945263286,46935.59053,1.06614e-07,0.00504367
16000.0,0.05950041504,46934.93397,1.06585e-07,0.00504388
16000.0,0.05951102131,46935.09213,1.06602e-07,0.00504361
16000.0,0.05950891279,46939.48299,1.06608e-07,0.00504369
Freq,16000,Rs,46935.729170625,3.198129089000466,Ls,0.059524845395625,4.625935015466395e-05
":SOUR:DCS:STAT OFF;:BIAS:STAT OFF;:COMP:BIN:COUN:CLE;:LIST:CLE:ALL;:COMP:BIN:CLE;:AMPL:ALC OFF;:APER MED,4;:BIAS:POL:AUTO OFF;:BIAS:RANG:AUTO ON;:BIAS:VOLT:LEV 0;:COMP:ABIN OFF;:COMP:BIN:COUN:STAT OFF;:COMP:MODE PTOL;:COMP:SLIM -9.9e+037,9.9e+037;:COMP:STAT OFF;:COMP:SWAP OFF;:COMP:TOL:NOM 0;:CURR:LEV 5e-005;:DISP:ENAB ON;:DISP:LINE """";:DISP:WIND:TEXT1:DATA:FMSD:DATA 1e-009;:DISP:WIND:TEXT2:DATA:FMSD:DATA 1e-009;:FORM:ASC:LONG ON;:FORM:BORD NORM;:FORM:DATA ASC,64;:FREQ:CW 16000;:FUNC:DEV1:MODE OFF;:FUNC:DEV1:REF:VAL 0;:FUNC:DEV2:MODE OFF;:FUNC:DEV2:REF:VAL 0;:FUNC:IMP:TYPE LSRS;:FUNC:SMON:IDC:STAT OFF;:FUNC:SMON:VDC:STAT OFF;:INIT:CONT OFF;:LIST:MODE SEQ;:LIST:STIM:TYPE FREQ,NONE;:SOUR:DCS:VOLT:LEV 0;:TRIG:DEL 0;:TRIG:SOUR INT;:TRIG:TDEL 0;:DISP:WIND:TEXT1:DATA:FMSD:STAT OFF;:DISP:WIND:TEXT2:DATA:FMSD:STAT OFF;:FUNC:DCR:RANG:VAL 100;:FUNC:IMP:RANG:VAL 30000;:OUTP:DC:ISOL:LEV:VAL 2e-005;:OUTP:DC:ISOL:STAT OFF;:FUNC:DCR:RANG:AUTO ON;:FUNC:IMP:RANG:AUTO ON;:OUTP:DC:ISOL:LEV:AUTO ON;:DISP:PAGE MEASurement;
"
18000.0,-0.146582939,46788.38932,1.01734e-07,0.00504992
18000.0,-0.1466337232,46788.04919,1.01736e-07,0.00504993
18000.0,-0.1466317598,46784.27025,1.01735e-07,0.00505006
18000.0,-0.1467277357,46785.414,1.01736e-07,0.00504993
18000.0,-0.1467352821,46796.18409,1.0176e-07,0.00505007
18000.0,-0.1466203396,46788.19727,1.01743e-07,0.00505007
18000.0,-0.1465870084,46780.72764,1.0172e-07,0.00505005
18000.0,-0.1466005132,46783.92935,1.01753e-07,0.00505009
18000.0,-0.1466999575,46779.95417,1.01739e-07,0.00505031
18000.0,-0.146695651,46778.0663,1.01724e-07,0.00504986
18000.0,-0.1466236402,46790.82824,1.01728e-07,0.00504999
18000.0,-0.1466918074,46782.48595,1.01734e-07,0.00505019
18000.0,-0.1465957994,46784.96497,1.01736e-07,0.00505011
18000.0,-0.1466914421,46776.38022,1.01749e-07,0.00504995
18000.0,-0.1466277086,46779.40921,1.01723e-07,0.00505017
18000.0,-0.1466520742,46791.25009,1.01746e-07,0.00505016
Freq,18000,Rs,46784.90626625,5.382081243413516,Ls,-0.1466498363375,5.0256484256224246e-05
":SOUR:DCS:STAT OFF;:BIAS:STAT OFF;:COMP:BIN:COUN:CLE;:LIST:CLE:ALL;:COMP:BIN:CLE;:AMPL:ALC OFF;:APER MED,4;:BIAS:POL:AUTO OFF;:BIAS:RANG:AUTO ON;:BIAS:VOLT:LEV 0;:COMP:ABIN OFF;:COMP:BIN:COUN:STAT OFF;:COMP:MODE PTOL;:COMP:SLIM -9.9e+037,9.9e+037;:COMP:STAT OFF;:COMP:SWAP OFF;:COMP:TOL:NOM 0;:CURR:LEV 5e-005;:DISP:ENAB ON;:DISP:LINE """";:DISP:WIND:TEXT1:DATA:FMSD:DATA 1e-009;:DISP:WIND:TEXT2:DATA:FMSD:DATA 1e-009;:FORM:ASC:LONG ON;:FORM:BORD NORM;:FORM:DATA ASC,64;:FREQ:CW 18000;:FUNC:DEV1:MODE OFF;:FUNC:DEV1:REF:VAL 0;:FUNC:DEV2:MODE OFF;:FUNC:DEV2:REF:VAL 0;:FUNC:IMP:TYPE LSRS;:FUNC:SMON:IDC:STAT OFF;:FUNC:SMON:VDC:STAT OFF;:INIT:CONT OFF;:LIST:MODE SEQ;:LIST:STIM:TYPE FREQ,NONE;:SOUR:DCS:VOLT:LEV 0;:TRIG:DEL 0;:TRIG:SOUR INT;:TRIG:TDEL 0;:DISP:WIND:TEXT1:DATA:FMSD:STAT OFF;:DISP:WIND:TEXT2:DATA:FMSD:STAT OFF;:FUNC:DCR:RANG:VAL 100;:FUNC:IMP:RANG:VAL 30000;:OUTP:DC:ISOL:LEV:VAL 2e-005;:OUTP:DC:ISOL:STAT OFF;:FUNC:DCR:RANG:AUTO ON;:FUNC:IMP:RANG:AUTO ON;:OUTP:DC:ISOL:LEV:AUTO ON;:DISP:PAGE MEASurement;
"
20000.0,-0.2277947387,32041.63212,1.17622e-07,0.00505369
20000.0,-0.227723563,32044.63544,1.17634e-07,0.00505377
20000.0,-0.2276909425,32039.24242,1.17652e-07,0.00505383
20000.0,-0.2277333544,32038.30661,1.17635e-07,0.00505346
20000.0,-0.2277317098,32042.69731,1.17633e-07,0.00505353
20000.0,-0.2276821064,32040.96084,1.17631e-07,0.0050538
20000.0,-0.227638872,32046.22805,1.17674e-07,0.00505356
20000.0,-0.2277170189,32043.10359,1.17643e-07,0.00505383
20000.0,-0.2277438861,32043.91334,1.17629e-07,0.00505376
20000.0,-0.2276892002,32050.61072,1.17668e-07,0.00505348
20000.0,-0.2276760896,32040.28823,1.17655e-07,0.00505398
20000.0,-0.2277673183,32042.42009,1.17632e-07,0.00505371
20000.0,-0.2277049013,32044.16208,1.17639e-07,0.00505345
20000.0,-0.2276596383,32039.21221,1.17647e-07,0.00505358
20000.0,-0.2276594158,32038.24996,1.17659e-07,0.00505391
20000.0,-0.2277526325,32038.41387,1.17646e-07,0.0050539
Freq,20000,Rs,32042.129805,3.3565713882313517,Ls,-0.22771033673750002,4.288280235477367e-05
":SOUR:DCS:STAT OFF;:BIAS:STAT OFF;:COMP:BIN:COUN:CLE;:LIST:CLE:ALL;:COMP:BIN:CLE;:AMPL:ALC OFF;:APER MED,4;:BIAS:POL:AUTO OFF;:BIAS:RANG:AUTO ON;:BIAS:VOLT:LEV 0;:COMP:ABIN OFF;:COMP:BIN:COUN:STAT OFF;:COMP:MODE PTOL;:COMP:SLIM -9.9e+037,9.9e+037;:COMP:STAT OFF;:COMP:SWAP OFF;:COMP:TOL:NOM 0;:CURR:LEV 5e-005;:DISP:ENAB ON;:DISP:LINE """";:DISP:WIND:TEXT1:DATA:FMSD:DATA 1e-009;:DISP:WIND:TEXT2:DATA:FMSD:DATA 1e-009;:FORM:ASC:LONG ON;:FORM:BORD NORM;:FORM:DATA ASC,64;:FREQ:CW 20000;:FUNC:DEV1:MODE OFF;:FUNC:DEV1:REF:VAL 0;:FUNC:DEV2:MODE OFF;:FUNC:DEV2:REF:VAL 0;:FUNC:IMP:TYPE LSRS;:FUNC:SMON:IDC:STAT OFF;:FUNC:SMON:VDC:STAT OFF;:INIT:CONT OFF;:LIST:MODE SEQ;:LIST:STIM:TYPE FREQ,NONE;:SOUR:DCS:VOLT:LEV 0;:TRIG:DEL 0;:TRIG:SOUR INT;:TRIG:TDEL 0;:DISP:WIND:TEXT1:DATA:FMSD:STAT OFF;:DISP:WIND:TEXT2:DATA:FMSD:STAT OFF;:FUNC:DCR:RANG:VAL 100;:FUNC:IMP:RANG:VAL 30000;:OUTP:DC:ISOL:LEV:VAL 2e-005;:OUTP:DC:ISOL:STAT OFF;:FUNC:DCR:RANG:AUTO ON;:FUNC:IMP:RANG:AUTO ON;:OUTP:DC:ISOL:LEV:AUTO ON;:DISP:PAGE MEASurement;
"
":SOUR:DCS:STAT OFF;:BIAS:STAT OFF;:COMP:BIN:COUN:CLE;:LIST:CLE:ALL;:COMP:BIN:CLE;:AMPL:ALC OFF;:APER MED,4;:BIAS:POL:AUTO OFF;:BIAS:RANG:AUTO ON;:BIAS:VOLT:LEV 0;:COMP:ABIN OFF;:COMP:BIN:COUN:STAT OFF;:COMP:MODE PTOL;:COMP:SLIM -9.9e+037,9.9e+037;:COMP:STAT OFF;:COMP:SWAP OFF;:COMP:TOL:NOM 0;:CURR:LEV 5e-005;:DISP:ENAB ON;:DISP:LINE """";:DISP:WIND:TEXT1:DATA:FMSD:DATA 1e-009;:DISP:WIND:TEXT2:DATA:FMSD:DATA 1e-009;:FORM:ASC:LONG ON;:FORM:BORD NORM;:FORM:DATA ASC,64;:FREQ:CW 20000;:FUNC:DEV1:MODE OFF;:FUNC:DEV1:REF:VAL 0;:FUNC:DEV2:MODE OFF;:FUNC:DEV2:REF:VAL 0;:FUNC:IMP:TYPE LSRS;:FUNC:SMON:IDC:STAT OFF;:FUNC:SMON:VDC:STAT OFF;:INIT:CONT OFF;:LIST:MODE SEQ;:LIST:STIM:TYPE FREQ,NONE;:SOUR:DCS:VOLT:LEV 0;:TRIG:DEL 0;:TRIG:SOUR INT;:TRIG:TDEL 0;:DISP:WIND:TEXT1:DATA:FMSD:STAT OFF;:DISP:WIND:TEXT2:DATA:FMSD:STAT OFF;:FUNC:DCR:RANG:VAL 100;:FUNC:IMP:RANG:VAL 30000;:OUTP:DC:ISOL:LEV:VAL 2e-005;:OUTP:DC:ISOL:STAT OFF;:FUNC:DCR:RANG:AUTO ON;:FUNC:IMP:RANG:AUTO ON;:OUTP:DC:ISOL:LEV:AUTO ON;:DISP:PAGE MEASurement;
"
2024-05-01,11:28:41
---------run finished---------
Frequency,Resistance,uR,Inductance,uL
20,275.5980125625,0.6101519027930122,1.0725640948125,0.003873037024000232
25,285.23499725,0.9737787792748811,1.0326278845625,0.006099675899830546
30,292.55972238125,0.7648731151735049,1.0023163523,0.002839850136087343
40,308.88141178750004,1.0909122919290881,0.95170202536875,0.0031464367225176337
53,330.4345378875,0.504080386856562,0.9078982363500001,0.001708644735210432
60,341.73765826875,0.6249586627302249,0.8871133035625001,0.0013643288018200844
80,373.77937491875,1.1205043691549574,0.8487259271625001,0.001752638677169137
103,410.38871892500003,0.7292884013975245,0.8230175454624999,0.0008628279835870739
120,441.39872243749994,0.8388073074402087,0.8289626378125,0.0009243190752998368
130,459.9215081625,1.598608921838602,0.80962799733125,0.0016670736287762529
135,465.2171258,1.5964681348511662,0.83202478801875,0.0014447564085317394
140,477.0941593625,3.6220955906285317,0.8515602784125,0.0024259995429051304
145,495.0486620125,2.689519037415736,0.8769723174499999,0.0033406009772634273
150,516.791561625,1.576851946645085,0.9046971150375,0.0020996053706539056
155,533.0454304,1.9296204697331545,0.9607900306124999,0.0016570058980472247
160,581.0832122437499,0.9578512577395876,1.082668977625,0.0021866729212756636
165,796.26480750625,3.0621422885332286,1.3156161208125,0.0025767152655702466
170,1967.2806886875,5.405871967430254,1.6414555865625,0.008278188214129806
172,2765.8752596875,15.876849974968897,0.4515181803625,0.012898933847959466
175,1346.0349114375,4.610085656511447,-0.37737871972500003,0.004573609938249069
180,707.08412285625,1.312838769767689,0.06049784207875,0.0011388254034709606
185,602.0846327125,1.2076707579743355,0.25575487140625,0.0012381925476048885
200,560.74217315625,0.8816709273973762,0.4422825548875,0.0008147651292594813
220,575.0455096750001,0.9353491812877919,0.5056812035125,0.0008734519806671838
240,597.7403117875001,1.0726121293248114,0.525180226825,0.000850385613881337
400,789.40159308125,0.9719679652734223,0.47582155741875,0.0003939142425909516
800,1189.1378945625002,0.4752346802688501,0.40776845188125,9.816044467122711e-05
1000,1374.3014780624999,0.2964130492524222,0.38477270578125,6.154014527153582e-05
2000,2199.31384425,0.35551198248734145,0.3190721494375,2.9849669696024135e-05
3000,2989.4572415,0.3757133763412487,0.28507254018750006,2.148531406854434e-05
4000,3787.04638175,0.3971345553098304,0.26950983554375,1.9163727190463498e-05
5000,4690.4391328125,0.43711821373854165,0.25956073400625,1.6129964640818068e-05
6000,5735.9342459375,0.3631926901495223,0.25362040120625007,1.0559438693886795e-05
7000,6977.824619375,0.47361993083443643,0.25110256346250004,9.08119830007544e-06
8000,8508.955224937501,0.8667699627195539,0.25067979870625,1.6544903309015806e-05
10000,12908.11982375,3.956635867187878,0.25275327037499995,6.96211301053086e-05
12000,20357.36768375,2.8342895665493772,0.24853070010625,3.7283150337570296e-05
14000,32695.023338125,3.448853451337109,0.20538579991875,3.3639625532557767e-05
16000,46935.729170625,3.198129089000466,0.059524845395625,4.625935015466395e-05
18000,46784.90626625,5.382081243413516,-0.1466498363375,5.0256484256224246e-05
20000,32042.129805,3.3565713882313517,-0.22771033673750002,4.288280235477367e-05
lcr name:,KeySight E4980A
lcr name:,KeySight E4980A
Name and description of Resistor under test: ,add higher frequncies for 18 kHz resonance?
2024-05-01,11:35:11
select the freq range,"[20, 25, 30, 40, 53, 60, 80, 103, 120, 130, 135, 140, 145, 150, 155, 160, 165, 170, 172, 175, 180, 185, 200, 220, 240, 400, 800, 1000, 2000, 3000, 4000, 5000, 6000, 7000, 8000, 10000, 12000, 14000, 16000, 16500, 17000, 17500, 18000, 18500, 19000, 19500, 20000, 20500, 21000]"
20.0,1.07904632,275.1592634,1.25583e-05,0.00384998
20.0,1.063400047,275.5047704,1.25603e-05,0.00385173
20.0,1.066155482,275.328491,1.25667e-05,0.0038543
20.0,1.079930304,276.7131356,1.25627e-05,0.00385586
20.0,1.074325718,275.7927086,1.25443e-05,0.00385155
20.0,1.073497755,275.1911731,1.25839e-05,0.00385146
20.0,1.071359161,275.4888423,1.25383e-05,0.00384995
20.0,1.073618585,275.5008354,1.25977e-05,0.00385399
20.0,1.076559189,276.513309,1.25536e-05,0.00384932
20.0,1.070966763,276.2700266,1.25754e-05,0.00385037
20.0,1.064536099,276.0018197,1.25802e-05,0.00385985
20.0,1.075742448,275.6189991,1.2577e-05,0.0038542
20.0,1.07357964,274.6681107,1.2498e-05,0.00384615
20.0,1.070148876,275.6928046,1.25438e-05,0.00385393
20.0,1.074835693,275.2984673,1.25781e-05,0.00385539
20.0,1.067516784,275.0384725,1.25608e-05,0.00384907
Freq,20,Rs,275.61132683125004,0.5458127176033937,Ls,1.072201179,0.004873909512651097
":SOUR:DCS:STAT OFF;:BIAS:STAT OFF;:COMP:BIN:COUN:CLE;:LIST:CLE:ALL;:COMP:BIN:CLE;:AMPL:ALC OFF;:APER MED,4;:BIAS:POL:AUTO OFF;:BIAS:RANG:AUTO ON;:BIAS:VOLT:LEV 0;:COMP:ABIN OFF;:COMP:BIN:COUN:STAT OFF;:COMP:MODE PTOL;:COMP:SLIM -9.9e+037,9.9e+037;:COMP:STAT OFF;:COMP:SWAP OFF;:COMP:TOL:NOM 0;:CURR:LEV 5e-005;:DISP:ENAB ON;:DISP:LINE """";:DISP:WIND:TEXT1:DATA:FMSD:DATA 1e-009;:DISP:WIND:TEXT2:DATA:FMSD:DATA 1e-009;:FORM:ASC:LONG ON;:FORM:BORD NORM;:FORM:DATA ASC,64;:FREQ:CW 20;:FUNC:DEV1:MODE OFF;:FUNC:DEV1:REF:VAL 0;:FUNC:DEV2:MODE OFF;:FUNC:DEV2:REF:VAL 0;:FUNC:IMP:TYPE LSRS;:FUNC:SMON:IDC:STAT OFF;:FUNC:SMON:VDC:STAT OFF;:INIT:CONT OFF;:LIST:MODE SEQ;:LIST:STIM:TYPE FREQ,NONE;:SOUR:DCS:VOLT:LEV 0;:TRIG:DEL 0;:TRIG:SOUR INT;:TRIG:TDEL 0;:DISP:WIND:TEXT1:DATA:FMSD:STAT OFF;:DISP:WIND:TEXT2:DATA:FMSD:STAT OFF;:FUNC:DCR:RANG:VAL 100;:FUNC:IMP:RANG:VAL 300;:OUTP:DC:ISOL:LEV:VAL 0.002;:OUTP:DC:ISOL:STAT OFF;:FUNC:DCR:RANG:AUTO ON;:FUNC:IMP:RANG:AUTO ON;:OUTP:DC:ISOL:LEV:AUTO ON;:DISP:PAGE MEASurement;
"
25.0,1.035711402,286.0683161,1.19143e-05,0.00389812
25.0,1.037540365,284.3699731,1.1898e-05,0.00389846
25.0,1.0311421,285.0989632,1.18828e-05,0.00390061
25.0,1.033858144,284.6376486,1.19183e-05,0.00389924
25.0,1.038552267,285.9886377,1.18907e-05,0.00390311
25.0,1.039194085,284.5546162,1.1875e-05,0.00390288
25.0,1.037537068,284.8160355,1.1901e-05,0.00389947
25.0,1.026629677,285.7965433,1.18576e-05,0.00390274
25.0,1.031200764,285.7847128,1.18835e-05,0.00389922
25.0,1.028068804,285.6327555,1.18928e-05,0.00390565
25.0,1.035088131,285.1069636,1.19053e-05,0.00389635
25.0,1.034282319,284.7896735,1.19119e-05,0.00389925
25.0,1.027770492,285.6710046,1.18765e-05,0.00390259
25.0,1.031483041,285.808062,1.18868e-05,0.00389943
25.0,1.034366492,287.1809572,1.18664e-05,0.00389838
25.0,1.027520819,284.7783683,1.19131e-05,0.00390369
Freq,25,Rs,285.38020195,0.7389769011396974,Ls,1.033121623125,0.004142259635513612
":SOUR:DCS:STAT OFF;:BIAS:STAT OFF;:COMP:BIN:COUN:CLE;:LIST:CLE:ALL;:COMP:BIN:CLE;:AMPL:ALC OFF;:APER MED,4;:BIAS:POL:AUTO OFF;:BIAS:RANG:AUTO ON;:BIAS:VOLT:LEV 0;:COMP:ABIN OFF;:COMP:BIN:COUN:STAT OFF;:COMP:MODE PTOL;:COMP:SLIM -9.9e+037,9.9e+037;:COMP:STAT OFF;:COMP:SWAP OFF;:COMP:TOL:NOM 0;:CURR:LEV 5e-005;:DISP:ENAB ON;:DISP:LINE """";:DISP:WIND:TEXT1:DATA:FMSD:DATA 1e-009;:DISP:WIND:TEXT2:DATA:FMSD:DATA 1e-009;:FORM:ASC:LONG ON;:FORM:BORD NORM;:FORM:DATA ASC,64;:FREQ:CW 25;:FUNC:DEV1:MODE OFF;:FUNC:DEV1:REF:VAL 0;:FUNC:DEV2:MODE OFF;:FUNC:DEV2:REF:VAL 0;:FUNC:IMP:TYPE LSRS;:FUNC:SMON:IDC:STAT OFF;:FUNC:SMON:VDC:STAT OFF;:INIT:CONT OFF;:LIST:MODE SEQ;:LIST:STIM:TYPE FREQ,NONE;:SOUR:DCS:VOLT:LEV 0;:TRIG:DEL 0;:TRIG:SOUR INT;:TRIG:TDEL 0;:DISP:WIND:TEXT1:DATA:FMSD:STAT OFF;:DISP:WIND:TEXT2:DATA:FMSD:STAT OFF;:FUNC:DCR:RANG:VAL 100;:FUNC:IMP:RANG:VAL 300;:OUTP:DC:ISOL:LEV:VAL 0.002;:OUTP:DC:ISOL:STAT OFF;:FUNC:DCR:RANG:AUTO ON;:FUNC:IMP:RANG:AUTO ON;:OUTP:DC:ISOL:LEV:AUTO ON;:DISP:PAGE MEASurement;
"
30.0,1.005525697,291.8680063,1.15904e-05,0.00403319
30.0,0.9976523426,291.7003497,1.15966e-05,0.0040326
30.0,1.001113162,291.2581528,1.16178e-05,0.00403076
30.0,0.9987413645,291.7882513,1.15991e-05,0.00402948
30.0,1.002044749,292.7009526,1.1609e-05,0.00403441
30.0,1.001737668,293.420715,1.1565e-05,0.00402994
30.0,1.007645328,291.7919992,1.1572e-05,0.00403182
30.0,1.000491788,293.3978519,1.15286e-05,0.00403525
30.0,1.004315702,293.3175972,1.15584e-05,0.00402623
30.0,1.001719531,292.9091987,1.15675e-05,0.00403374
30.0,1.001164587,292.32746,1.15212e-05,0.00403506
30.0,1.003965614,291.8438541,1.15364e-05,0.0040367
30.0,0.9976338667,292.1275745,1.1589e-05,0.00403024
30.0,1.007492786,292.2679397,1.16261e-05,0.00403215
30.0,0.9989334337,291.5240508,1.15901e-05,0.00403241
30.0,1.002340895,292.7481717,1.15876e-05,0.00403583
Freq,30,Rs,292.31200784375005,0.693805772668165,Ls,1.0020324071562499,0.0031165456090339995
":SOUR:DCS:STAT OFF;:BIAS:STAT OFF;:COMP:BIN:COUN:CLE;:LIST:CLE:ALL;:COMP:BIN:CLE;:AMPL:ALC OFF;:APER MED,4;:BIAS:POL:AUTO OFF;:BIAS:RANG:AUTO ON;:BIAS:VOLT:LEV 0;:COMP:ABIN OFF;:COMP:BIN:COUN:STAT OFF;:COMP:MODE PTOL;:COMP:SLIM -9.9e+037,9.9e+037;:COMP:STAT OFF;:COMP:SWAP OFF;:COMP:TOL:NOM 0;:CURR:LEV 5e-005;:DISP:ENAB ON;:DISP:LINE """";:DISP:WIND:TEXT1:DATA:FMSD:DATA 1e-009;:DISP:WIND:TEXT2:DATA:FMSD:DATA 1e-009;:FORM:ASC:LONG ON;:FORM:BORD NORM;:FORM:DATA ASC,64;:FREQ:CW 30;:FUNC:DEV1:MODE OFF;:FUNC:DEV1:REF:VAL 0;:FUNC:DEV2:MODE OFF;:FUNC:DEV2:REF:VAL 0;:FUNC:IMP:TYPE LSRS;:FUNC:SMON:IDC:STAT OFF;:FUNC:SMON:VDC:STAT OFF;:INIT:CONT OFF;:LIST:MODE SEQ;:LIST:STIM:TYPE FREQ,NONE;:SOUR:DCS:VOLT:LEV 0;:TRIG:DEL 0;:TRIG:SOUR INT;:TRIG:TDEL 0;:DISP:WIND:TEXT1:DATA:FMSD:STAT OFF;:DISP:WIND:TEXT2:DATA:FMSD:STAT OFF;:FUNC:DCR:RANG:VAL 100;:FUNC:IMP:RANG:VAL 300;:OUTP:DC:ISOL:LEV:VAL 0.002;:OUTP:DC:ISOL:STAT OFF;:FUNC:DCR:RANG:AUTO ON;:FUNC:IMP:RANG:AUTO ON;:OUTP:DC:ISOL:LEV:AUTO ON;:DISP:PAGE MEASurement;
"
40.0,0.9554363435,307.7600153,1.06e-05,0.00414478
40.0,0.9514010815,308.6001432,1.05919e-05,0.00415172
40.0,0.9560351872,308.3729514,1.06272e-05,0.00415123
40.0,0.9524065728,309.5569805,1.0611e-05,0.0041481
40.0,0.9514150286,309.7161107,1.06337e-05,0.00415354
40.0,0.954530416,309.6795707,1.06176e-05,0.00414965
40.0,0.9562543144,309.8311004,1.05856e-05,0.00414633
40.0,0.9535291371,309.1577044,1.0589e-05,0.00414933
40.0,0.9556669494,308.615905,1.05997e-05,0.00414331
40.0,0.9579638409,308.3525072,1.05733e-05,0.00414826
40.0,0.9532820336,308.0281748,1.06445e-05,0.00414971
40.0,0.9497001221,309.5022556,1.06325e-05,0.00415054
40.0,0.9480486017,309.8016035,1.06417e-05,0.00415017
40.0,0.9498789783,310.5578869,1.06359e-05,0.00414844
40.0,0.9465079987,309.901094,1.0638e-05,0.00414986
40.0,0.9500363064,310.7818422,1.06344e-05,0.00415043
Freq,40,Rs,309.26349036249997,0.8869517843157396,Ls,0.9526308070125,0.0032609669574600536
":SOUR:DCS:STAT OFF;:BIAS:STAT OFF;:COMP:BIN:COUN:CLE;:LIST:CLE:ALL;:COMP:BIN:CLE;:AMPL:ALC OFF;:APER MED,4;:BIAS:POL:AUTO OFF;:BIAS:RANG:AUTO ON;:BIAS:VOLT:LEV 0;:COMP:ABIN OFF;:COMP:BIN:COUN:STAT OFF;:COMP:MODE PTOL;:COMP:SLIM -9.9e+037,9.9e+037;:COMP:STAT OFF;:COMP:SWAP OFF;:COMP:TOL:NOM 0;:CURR:LEV 5e-005;:DISP:ENAB ON;:DISP:LINE """";:DISP:WIND:TEXT1:DATA:FMSD:DATA 1e-009;:DISP:WIND:TEXT2:DATA:FMSD:DATA 1e-009;:FORM:ASC:LONG ON;:FORM:BORD NORM;:FORM:DATA ASC,64;:FREQ:CW 40;:FUNC:DEV1:MODE OFF;:FUNC:DEV1:REF:VAL 0;:FUNC:DEV2:MODE OFF;:FUNC:DEV2:REF:VAL 0;:FUNC:IMP:TYPE LSRS;:FUNC:SMON:IDC:STAT OFF;:FUNC:SMON:VDC:STAT OFF;:INIT:CONT OFF;:LIST:MODE SEQ;:LIST:STIM:TYPE FREQ,NONE;:SOUR:DCS:VOLT:LEV 0;:TRIG:DEL 0;:TRIG:SOUR INT;:TRIG:TDEL 0;:DISP:WIND:TEXT1:DATA:FMSD:STAT OFF;:DISP:WIND:TEXT2:DATA:FMSD:STAT OFF;:FUNC:DCR:RANG:VAL 100;:FUNC:IMP:RANG:VAL 300;:OUTP:DC:ISOL:LEV:VAL 0.002;:OUTP:DC:ISOL:STAT OFF;:FUNC:DCR:RANG:AUTO ON;:FUNC:IMP:RANG:AUTO ON;:OUTP:DC:ISOL:LEV:AUTO ON;:DISP:PAGE MEASurement;
"
53.0,0.9074599047,330.4147223,9.50597e-06,0.00425051
53.0,0.9125640161,330.1434033,9.49422e-06,0.00425395
53.0,0.9056481017,331.0727183,9.52041e-06,0.00425201
53.0,0.9039157602,329.8990523,9.50066e-06,0.00425201
53.0,0.9052677598,330.5740699,9.52826e-06,0.00425079
53.0,0.906244958,328.7398909,9.5023e-06,0.00425233
53.0,0.9073258709,331.3955922,9.50771e-06,0.00425233
53.0,0.9076949865,329.4732254,9.49393e-06,0.00425251
53.0,0.9067072046,330.3077745,9.49858e-06,0.0042517
53.0,0.9091348567,330.9042587,9.4952e-06,0.00425419
53.0,0.9068963105,331.5052413,9.5258e-06,0.00425173
53.0,0.9074511397,330.4509566,9.49135e-06,0.00425212
53.0,0.9074517237,330.4969307,9.50152e-06,0.00425045
53.0,0.9094847015,328.9127801,9.50484e-06,0.00425247
53.0,0.9083663613,330.9707238,9.48861e-06,0.00425323
53.0,0.9046733342,330.0574462,9.49571e-06,0.00425409
Freq,53,Rs,330.33242415625,0.7951559758203195,Ls,0.90726793688125,0.002066187876493792
":SOUR:DCS:STAT OFF;:BIAS:STAT OFF;:COMP:BIN:COUN:CLE;:LIST:CLE:ALL;:COMP:BIN:CLE;:AMPL:ALC OFF;:APER MED,4;:BIAS:POL:AUTO OFF;:BIAS:RANG:AUTO ON;:BIAS:VOLT:LEV 0;:COMP:ABIN OFF;:COMP:BIN:COUN:STAT OFF;:COMP:MODE PTOL;:COMP:SLIM -9.9e+037,9.9e+037;:COMP:STAT OFF;:COMP:SWAP OFF;:COMP:TOL:NOM 0;:CURR:LEV 5e-005;:DISP:ENAB ON;:DISP:LINE """";:DISP:WIND:TEXT1:DATA:FMSD:DATA 1e-009;:DISP:WIND:TEXT2:DATA:FMSD:DATA 1e-009;:FORM:ASC:LONG ON;:FORM:BORD NORM;:FORM:DATA ASC,64;:FREQ:CW 53;:FUNC:DEV1:MODE OFF;:FUNC:DEV1:REF:VAL 0;:FUNC:DEV2:MODE OFF;:FUNC:DEV2:REF:VAL 0;:FUNC:IMP:TYPE LSRS;:FUNC:SMON:IDC:STAT OFF;:FUNC:SMON:VDC:STAT OFF;:INIT:CONT OFF;:LIST:MODE SEQ;:LIST:STIM:TYPE FREQ,NONE;:SOUR:DCS:VOLT:LEV 0;:TRIG:DEL 0;:TRIG:SOUR INT;:TRIG:TDEL 0;:DISP:WIND:TEXT1:DATA:FMSD:STAT OFF;:DISP:WIND:TEXT2:DATA:FMSD:STAT OFF;:FUNC:DCR:RANG:VAL 100;:FUNC:IMP:RANG:VAL 300;:OUTP:DC:ISOL:LEV:VAL 0.002;:OUTP:DC:ISOL:STAT OFF;:FUNC:DCR:RANG:AUTO ON;:FUNC:IMP:RANG:AUTO ON;:OUTP:DC:ISOL:LEV:AUTO ON;:DISP:PAGE MEASurement;
"
60.0,0.8872891692,342.5021474,9.029e-06,0.00432371
60.0,0.8876414673,341.4196489,9.05819e-06,0.00432411
60.0,0.8901224649,342.2775938,9.02921e-06,0.00432489
60.0,0.8880687385,341.3727237,9.0275e-06,0.00432485
60.0,0.8859072707,341.3697058,9.04483e-06,0.00432337
60.0,0.8884369216,340.8598936,9.03446e-06,0.00432279
60.0,0.8855240731,342.1892167,9.02052e-06,0.00432226
60.0,0.8897657879,342.7365781,9.03579e-06,0.00432406
60.0,0.8889555533,341.5996061,9.04008e-06,0.00432561
60.0,0.8864307864,341.5089067,9.03318e-06,0.00432302
60.0,0.8882557462,341.6123734,9.03974e-06,0.00432557
60.0,0.8883077659,340.0617307,9.05562e-06,0.00432269
60.0,0.8883366346,341.6620319,9.05463e-06,0.00432326
60.0,0.8889334179,341.1701452,9.04134e-06,0.00432204
60.0,0.8886583488,341.8913062,9.03746e-06,0.00432393
60.0,0.888956484,342.2240357,9.03252e-06,0.00432489
Freq,60,Rs,341.65360274375,0.6627527394695725,Ls,0.88809941439375,0.001282508743392444
":SOUR:DCS:STAT OFF;:BIAS:STAT OFF;:COMP:BIN:COUN:CLE;:LIST:CLE:ALL;:COMP:BIN:CLE;:AMPL:ALC OFF;:APER MED,4;:BIAS:POL:AUTO OFF;:BIAS:RANG:AUTO ON;:BIAS:VOLT:LEV 0;:COMP:ABIN OFF;:COMP:BIN:COUN:STAT OFF;:COMP:MODE PTOL;:COMP:SLIM -9.9e+037,9.9e+037;:COMP:STAT OFF;:COMP:SWAP OFF;:COMP:TOL:NOM 0;:CURR:LEV 5e-005;:DISP:ENAB ON;:DISP:LINE """";:DISP:WIND:TEXT1:DATA:FMSD:DATA 1e-009;:DISP:WIND:TEXT2:DATA:FMSD:DATA 1e-009;:FORM:ASC:LONG ON;:FORM:BORD NORM;:FORM:DATA ASC,64;:FREQ:CW 60;:FUNC:DEV1:MODE OFF;:FUNC:DEV1:REF:VAL 0;:FUNC:DEV2:MODE OFF;:FUNC:DEV2:REF:VAL 0;:FUNC:IMP:TYPE LSRS;:FUNC:SMON:IDC:STAT OFF;:FUNC:SMON:VDC:STAT OFF;:INIT:CONT OFF;:LIST:MODE SEQ;:LIST:STIM:TYPE FREQ,NONE;:SOUR:DCS:VOLT:LEV 0;:TRIG:DEL 0;:TRIG:SOUR INT;:TRIG:TDEL 0;:DISP:WIND:TEXT1:DATA:FMSD:STAT OFF;:DISP:WIND:TEXT2:DATA:FMSD:STAT OFF;:FUNC:DCR:RANG:VAL 100;:FUNC:IMP:RANG:VAL 300;:OUTP:DC:ISOL:LEV:VAL 0.002;:OUTP:DC:ISOL:STAT OFF;:FUNC:DCR:RANG:AUTO ON;:FUNC:IMP:RANG:AUTO ON;:OUTP:DC:ISOL:LEV:AUTO ON;:DISP:PAGE MEASurement;
"
80.0,0.8464771155,374.4098611,7.88228e-06,0.00446753
80.0,0.8463279995,372.7381683,7.87628e-06,0.00446752
80.0,0.848059353,373.4078335,7.89038e-06,0.00447144
80.0,0.846263979,372.6460647,7.90798e-06,0.00447052
80.0,0.8472930466,372.8017579,7.89815e-06,0.00446944
80.0,0.8492952789,373.6530709,7.8933e-06,0.00447265
80.0,0.8474331232,375.2455903,7.89114e-06,0.00447164
80.0,0.846900125,374.1619961,7.87688e-06,0.00446864
80.0,0.8475910222,373.9450287,7.86863e-06,0.00446606
80.0,0.8458981364,374.1710575,7.87312e-06,0.00446674
80.0,0.8469440973,373.1869838,7.89418e-06,0.00446772
80.0,0.8477800001,370.9922105,7.89835e-06,0.00447017
80.0,0.848785166,371.5941726,7.90153e-06,0.00447346
80.0,0.8484270033,373.2395719,7.89532e-06,0.00447207
80.0,0.8463475486,373.5646832,7.88581e-06,0.00447018
80.0,0.849307856,373.1907512,7.88359e-06,0.0044704
Freq,80,Rs,373.3093001375,1.0454837675367166,Ls,0.8474456781624999,0.001092783008198489
":SOUR:DCS:STAT OFF;:BIAS:STAT OFF;:COMP:BIN:COUN:CLE;:LIST:CLE:ALL;:COMP:BIN:CLE;:AMPL:ALC OFF;:APER MED,4;:BIAS:POL:AUTO OFF;:BIAS:RANG:AUTO ON;:BIAS:VOLT:LEV 0;:COMP:ABIN OFF;:COMP:BIN:COUN:STAT OFF;:COMP:MODE PTOL;:COMP:SLIM -9.9e+037,9.9e+037;:COMP:STAT OFF;:COMP:SWAP OFF;:COMP:TOL:NOM 0;:CURR:LEV 5e-005;:DISP:ENAB ON;:DISP:LINE """";:DISP:WIND:TEXT1:DATA:FMSD:DATA 1e-009;:DISP:WIND:TEXT2:DATA:FMSD:DATA 1e-009;:FORM:ASC:LONG ON;:FORM:BORD NORM;:FORM:DATA ASC,64;:FREQ:CW 80;:FUNC:DEV1:MODE OFF;:FUNC:DEV1:REF:VAL 0;:FUNC:DEV2:MODE OFF;:FUNC:DEV2:REF:VAL 0;:FUNC:IMP:TYPE LSRS;:FUNC:SMON:IDC:STAT OFF;:FUNC:SMON:VDC:STAT OFF;:INIT:CONT OFF;:LIST:MODE SEQ;:LIST:STIM:TYPE FREQ,NONE;:SOUR:DCS:VOLT:LEV 0;:TRIG:DEL 0;:TRIG:SOUR INT;:TRIG:TDEL 0;:DISP:WIND:TEXT1:DATA:FMSD:STAT OFF;:DISP:WIND:TEXT2:DATA:FMSD:STAT OFF;:FUNC:DCR:RANG:VAL 100;:FUNC:IMP:RANG:VAL 300;:OUTP:DC:ISOL:LEV:VAL 0.002;:OUTP:DC:ISOL:STAT OFF;:FUNC:DCR:RANG:AUTO ON;:FUNC:IMP:RANG:AUTO ON;:OUTP:DC:ISOL:LEV:AUTO ON;:DISP:PAGE MEASurement;
"
103.0,0.8324844321,409.6325157,6.82828e-06,0.0045967
103.0,0.823909302,409.8292674,6.8422e-06,0.00459503
103.0,0.8216465876,409.7646574,6.83831e-06,0.00459492
103.0,0.8227055586,410.1833043,6.83444e-06,0.0045965
103.0,0.8226583854,408.2672262,6.82156e-06,0.00459497
103.0,0.8241598607,409.4566152,6.82737e-06,0.00459394
103.0,0.824236505,411.3267427,6.83599e-06,0.00459606
103.0,0.8224543783,410.3278289,6.84396e-06,0.00459526
103.0,0.823688004,410.4350567,6.82605e-06,0.00459518
103.0,0.8250912478,408.9009552,6.8331e-06,0.00459594
103.0,0.8256068413,409.4265981,6.82668e-06,0.00459589
103.0,0.8248150925,409.3359883,6.83401e-06,0.00459712
103.0,0.8224678945,410.2724679,6.8267e-06,0.00459689
103.0,0.8248184244,409.8091172,6.83476e-06,0.00459616
103.0,0.8219895909,411.1009437,6.84142e-06,0.0045941
103.0,0.8235900833,410.0519598,6.84281e-06,0.00459431
Freq,103,Rs,409.88257779375,0.7611565909825725,Ls,0.8241451367749999,0.002515322301027403
":SOUR:DCS:STAT OFF;:BIAS:STAT OFF;:COMP:BIN:COUN:CLE;:LIST:CLE:ALL;:COMP:BIN:CLE;:AMPL:ALC OFF;:APER MED,4;:BIAS:POL:AUTO OFF;:BIAS:RANG:AUTO ON;:BIAS:VOLT:LEV 0;:COMP:ABIN OFF;:COMP:BIN:COUN:STAT OFF;:COMP:MODE PTOL;:COMP:SLIM -9.9e+037,9.9e+037;:COMP:STAT OFF;:COMP:SWAP OFF;:COMP:TOL:NOM 0;:CURR:LEV 5e-005;:DISP:ENAB ON;:DISP:LINE """";:DISP:WIND:TEXT1:DATA:FMSD:DATA 1e-009;:DISP:WIND:TEXT2:DATA:FMSD:DATA 1e-009;:FORM:ASC:LONG ON;:FORM:BORD NORM;:FORM:DATA ASC,64;:FREQ:CW 103;:FUNC:DEV1:MODE OFF;:FUNC:DEV1:REF:VAL 0;:FUNC:DEV2:MODE OFF;:FUNC:DEV2:REF:VAL 0;:FUNC:IMP:TYPE LSRS;:FUNC:SMON:IDC:STAT OFF;:FUNC:SMON:VDC:STAT OFF;:INIT:CONT OFF;:LIST:MODE SEQ;:LIST:STIM:TYPE FREQ,NONE;:SOUR:DCS:VOLT:LEV 0;:TRIG:DEL 0;:TRIG:SOUR INT;:TRIG:TDEL 0;:DISP:WIND:TEXT1:DATA:FMSD:STAT OFF;:DISP:WIND:TEXT2:DATA:FMSD:STAT OFF;:FUNC:DCR:RANG:VAL 100;:FUNC:IMP:RANG:VAL 300;:OUTP:DC:ISOL:LEV:VAL 0.002;:OUTP:DC:ISOL:STAT OFF;:FUNC:DCR:RANG:AUTO ON;:FUNC:IMP:RANG:AUTO ON;:OUTP:DC:ISOL:LEV:AUTO ON;:DISP:PAGE MEASurement;
"
120.0,0.8285921988,440.7748482,6.09204e-06,0.00466595
120.0,0.8304163503,441.4154741,6.09269e-06,0.00466682
120.0,0.8291661289,441.7681755,6.08288e-06,0.00466471
120.0,0.8289989378,440.2585174,6.09431e-06,0.00466565
120.0,0.8294163847,441.9749665,6.1031e-06,0.00466497
120.0,0.8316025436,440.1810467,6.09318e-06,0.00466562
120.0,0.8300510634,441.4904322,6.09777e-06,0.00466688
120.0,0.828729687,440.6871389,6.09238e-06,0.00466614
120.0,0.828381743,440.0502389,6.1e-06,0.00466487
120.0,0.8280395431,440.9122587,6.10854e-06,0.00466635
120.0,0.8284301039,442.2925259,6.09795e-06,0.00466582
120.0,0.827391732,440.5817001,6.09945e-06,0.00466489
120.0,0.8273455413,440.7216151,6.10337e-06,0.00466477
120.0,0.82810454,442.2804013,6.09871e-06,0.00466519
120.0,0.8298642591,442.1332114,6.09854e-06,0.00466531
120.0,0.8286513308,441.8293789,6.09559e-06,0.00466604
Freq,120,Rs,441.20949561249995,0.7773863596846665,Ls,0.8289488804812499,0.0011226805526250076
":SOUR:DCS:STAT OFF;:BIAS:STAT OFF;:COMP:BIN:COUN:CLE;:LIST:CLE:ALL;:COMP:BIN:CLE;:AMPL:ALC OFF;:APER MED,4;:BIAS:POL:AUTO OFF;:BIAS:RANG:AUTO ON;:BIAS:VOLT:LEV 0;:COMP:ABIN OFF;:COMP:BIN:COUN:STAT OFF;:COMP:MODE PTOL;:COMP:SLIM -9.9e+037,9.9e+037;:COMP:STAT OFF;:COMP:SWAP OFF;:COMP:TOL:NOM 0;:CURR:LEV 5e-005;:DISP:ENAB ON;:DISP:LINE """";:DISP:WIND:TEXT1:DATA:FMSD:DATA 1e-009;:DISP:WIND:TEXT2:DATA:FMSD:DATA 1e-009;:FORM:ASC:LONG ON;:FORM:BORD NORM;:FORM:DATA ASC,64;:FREQ:CW 120;:FUNC:DEV1:MODE OFF;:FUNC:DEV1:REF:VAL 0;:FUNC:DEV2:MODE OFF;:FUNC:DEV2:REF:VAL 0;:FUNC:IMP:TYPE LSRS;:FUNC:SMON:IDC:STAT OFF;:FUNC:SMON:VDC:STAT OFF;:INIT:CONT OFF;:LIST:MODE SEQ;:LIST:STIM:TYPE FREQ,NONE;:SOUR:DCS:VOLT:LEV 0;:TRIG:DEL 0;:TRIG:SOUR INT;:TRIG:TDEL 0;:DISP:WIND:TEXT1:DATA:FMSD:STAT OFF;:DISP:WIND:TEXT2:DATA:FMSD:STAT OFF;:FUNC:DCR:RANG:VAL 100;:FUNC:IMP:RANG:VAL 300;:OUTP:DC:ISOL:LEV:VAL 0.002;:OUTP:DC:ISOL:STAT OFF;:FUNC:DCR:RANG:AUTO ON;:FUNC:IMP:RANG:AUTO ON;:OUTP:DC:ISOL:LEV:AUTO ON;:DISP:PAGE MEASurement;
"
130.0,0.8093050047,460.9296353,5.81184e-06,0.00468689
130.0,0.8082267985,460.9894474,5.82138e-06,0.00468648
130.0,0.8087255165,460.5045158,5.81581e-06,0.00468688
130.0,0.8098196921,459.6645941,5.81381e-06,0.00468611
130.0,0.8088200715,459.2623939,5.81572e-06,0.00468667
130.0,0.8096983121,459.0795892,5.82474e-06,0.00468771
130.0,0.8115378629,459.8408051,5.82518e-06,0.00468659
130.0,0.8103523259,459.0701087,5.81934e-06,0.00468543
130.0,0.8098074582,461.0768745,5.82064e-06,0.00468593
130.0,0.8092771835,459.9660085,5.81073e-06,0.00468648
130.0,0.809418274,460.0144206,5.81018e-06,0.00468589
130.0,0.8095417255,459.841618,5.81356e-06,0.00468765
130.0,0.8091882581,459.2062167,5.82533e-06,0.00468617
130.0,0.8077208278,461.1473005,5.80093e-06,0.00468585
130.0,0.8099439049,460.9906632,5.8151e-06,0.00468669
130.0,0.8079613255,460.0614637,5.8228e-06,0.00468603
Freq,130,Rs,460.10285345,0.7501088027134976,Ls,0.80933403385625,0.0009409625312020736
":SOUR:DCS:STAT OFF;:BIAS:STAT OFF;:COMP:BIN:COUN:CLE;:LIST:CLE:ALL;:COMP:BIN:CLE;:AMPL:ALC OFF;:APER MED,4;:BIAS:POL:AUTO OFF;:BIAS:RANG:AUTO ON;:BIAS:VOLT:LEV 0;:COMP:ABIN OFF;:COMP:BIN:COUN:STAT OFF;:COMP:MODE PTOL;:COMP:SLIM -9.9e+037,9.9e+037;:COMP:STAT OFF;:COMP:SWAP OFF;:COMP:TOL:NOM 0;:CURR:LEV 5e-005;:DISP:ENAB ON;:DISP:LINE """";:DISP:WIND:TEXT1:DATA:FMSD:DATA 1e-009;:DISP:WIND:TEXT2:DATA:FMSD:DATA 1e-009;:FORM:ASC:LONG ON;:FORM:BORD NORM;:FORM:DATA ASC,64;:FREQ:CW 130;:FUNC:DEV1:MODE OFF;:FUNC:DEV1:REF:VAL 0;:FUNC:DEV2:MODE OFF;:FUNC:DEV2:REF:VAL 0;:FUNC:IMP:TYPE LSRS;:FUNC:SMON:IDC:STAT OFF;:FUNC:SMON:VDC:STAT OFF;:INIT:CONT OFF;:LIST:MODE SEQ;:LIST:STIM:TYPE FREQ,NONE;:SOUR:DCS:VOLT:LEV 0;:TRIG:DEL 0;:TRIG:SOUR INT;:TRIG:TDEL 0;:DISP:WIND:TEXT1:DATA:FMSD:STAT OFF;:DISP:WIND:TEXT2:DATA:FMSD:STAT OFF;:FUNC:DCR:RANG:VAL 100;:FUNC:IMP:RANG:VAL 300;:OUTP:DC:ISOL:LEV:VAL 0.002;:OUTP:DC:ISOL:STAT OFF;:FUNC:DCR:RANG:AUTO ON;:FUNC:IMP:RANG:AUTO ON;:OUTP:DC:ISOL:LEV:AUTO ON;:DISP:PAGE MEASurement;
"
135.0,0.8325802133,465.0094607,5.5823e-06,0.00471597
135.0,0.8325301283,465.2683693,5.58006e-06,0.00471568
135.0,0.8319476025,465.151516,5.58507e-06,0.00471618
135.0,0.8314052037,465.0238795,5.5812e-06,0.0047149
135.0,0.8337627441,463.7772809,5.58042e-06,0.00471544
135.0,0.8306495606,466.5849995,5.59488e-06,0.00471568
135.0,0.8344935666,464.7603014,5.57484e-06,0.00471645
135.0,0.829899978,465.464716,5.57948e-06,0.00471695
135.0,0.8331891143,464.8960477,5.58719e-06,0.00471432
135.0,0.8316850403,464.8551811,5.58677e-06,0.00471643
135.0,0.8315457117,467.2101561,5.57234e-06,0.0047155
135.0,0.8322605516,466.2577074,5.57498e-06,0.00471573
135.0,0.8330103523,465.3234442,5.57314e-06,0.00471566
135.0,0.8322448023,465.115246,5.58352e-06,0.0047151
135.0,0.831702185,465.9985835,5.58946e-06,0.00471658
135.0,0.8331420153,465.3898687,5.5717e-06,0.00471516
Freq,135,Rs,465.38042237499997,0.8093718823051232,Ls,0.83225304811875,0.0011480327586793823
":SOUR:DCS:STAT OFF;:BIAS:STAT OFF;:COMP:BIN:COUN:CLE;:LIST:CLE:ALL;:COMP:BIN:CLE;:AMPL:ALC OFF;:APER MED,4;:BIAS:POL:AUTO OFF;:BIAS:RANG:AUTO ON;:BIAS:VOLT:LEV 0;:COMP:ABIN OFF;:COMP:BIN:COUN:STAT OFF;:COMP:MODE PTOL;:COMP:SLIM -9.9e+037,9.9e+037;:COMP:STAT OFF;:COMP:SWAP OFF;:COMP:TOL:NOM 0;:CURR:LEV 5e-005;:DISP:ENAB ON;:DISP:LINE """";:DISP:WIND:TEXT1:DATA:FMSD:DATA 1e-009;:DISP:WIND:TEXT2:DATA:FMSD:DATA 1e-009;:FORM:ASC:LONG ON;:FORM:BORD NORM;:FORM:DATA ASC,64;:FREQ:CW 135;:FUNC:DEV1:MODE OFF;:FUNC:DEV1:REF:VAL 0;:FUNC:DEV2:MODE OFF;:FUNC:DEV2:REF:VAL 0;:FUNC:IMP:TYPE LSRS;:FUNC:SMON:IDC:STAT OFF;:FUNC:SMON:VDC:STAT OFF;:INIT:CONT OFF;:LIST:MODE SEQ;:LIST:STIM:TYPE FREQ,NONE;:SOUR:DCS:VOLT:LEV 0;:TRIG:DEL 0;:TRIG:SOUR INT;:TRIG:TDEL 0;:DISP:WIND:TEXT1:DATA:FMSD:STAT OFF;:DISP:WIND:TEXT2:DATA:FMSD:STAT OFF;:FUNC:DCR:RANG:VAL 100;:FUNC:IMP:RANG:VAL 300;:OUTP:DC:ISOL:LEV:VAL 0.002;:OUTP:DC:ISOL:STAT OFF;:FUNC:DCR:RANG:AUTO ON;:FUNC:IMP:RANG:AUTO ON;:OUTP:DC:ISOL:LEV:AUTO ON;:DISP:PAGE MEASurement;
"
140.0,0.8479624356,474.4325511,5.34487e-06,0.00474113
140.0,0.851518344,474.9811037,5.33008e-06,0.00473819
140.0,0.852269752,477.7725411,5.3376e-06,0.00473841
140.0,0.853486896,479.5082291,5.33957e-06,0.00473943
140.0,0.8516196196,477.601563,5.35053e-06,0.00473931
140.0,0.8510807487,474.0320922,5.32394e-06,0.00474041
140.0,0.85218277,478.0997477,5.34486e-06,0.00473844
140.0,0.8518482165,476.7732321,5.3178e-06,0.00474018
140.0,0.8515700415,473.128683,5.33572e-06,0.00474003
140.0,0.8504032077,476.6038294,5.32193e-06,0.00473999
140.0,0.8539319703,474.9441063,5.33343e-06,0.00473715
140.0,0.8528484045,477.4345639,5.3198e-06,0.00473746
140.0,0.8516996444,476.008452,5.32033e-06,0.0047378
140.0,0.8515844428,478.9202757,5.32778e-06,0.00473914
140.0,0.8526390163,475.04517,5.33904e-06,0.00473937
140.0,0.8519940088,478.5488121,5.32873e-06,0.00474015
Freq,140,Rs,476.48968452500003,1.9021152959015895,Ls,0.85178996991875,0.0013420403914235523
":SOUR:DCS:STAT OFF;:BIAS:STAT OFF;:COMP:BIN:COUN:CLE;:LIST:CLE:ALL;:COMP:BIN:CLE;:AMPL:ALC OFF;:APER MED,4;:BIAS:POL:AUTO OFF;:BIAS:RANG:AUTO ON;:BIAS:VOLT:LEV 0;:COMP:ABIN OFF;:COMP:BIN:COUN:STAT OFF;:COMP:MODE PTOL;:COMP:SLIM -9.9e+037,9.9e+037;:COMP:STAT OFF;:COMP:SWAP OFF;:COMP:TOL:NOM 0;:CURR:LEV 5e-005;:DISP:ENAB ON;:DISP:LINE """";:DISP:WIND:TEXT1:DATA:FMSD:DATA 1e-009;:DISP:WIND:TEXT2:DATA:FMSD:DATA 1e-009;:FORM:ASC:LONG ON;:FORM:BORD NORM;:FORM:DATA ASC,64;:FREQ:CW 140;:FUNC:DEV1:MODE OFF;:FUNC:DEV1:REF:VAL 0;:FUNC:DEV2:MODE OFF;:FUNC:DEV2:REF:VAL 0;:FUNC:IMP:TYPE LSRS;:FUNC:SMON:IDC:STAT OFF;:FUNC:SMON:VDC:STAT OFF;:INIT:CONT OFF;:LIST:MODE SEQ;:LIST:STIM:TYPE FREQ,NONE;:SOUR:DCS:VOLT:LEV 0;:TRIG:DEL 0;:TRIG:SOUR INT;:TRIG:TDEL 0;:DISP:WIND:TEXT1:DATA:FMSD:STAT OFF;:DISP:WIND:TEXT2:DATA:FMSD:STAT OFF;:FUNC:DCR:RANG:VAL 100;:FUNC:IMP:RANG:VAL 300;:OUTP:DC:ISOL:LEV:VAL 0.002;:OUTP:DC:ISOL:STAT OFF;:FUNC:DCR:RANG:AUTO ON;:FUNC:IMP:RANG:AUTO ON;:OUTP:DC:ISOL:LEV:AUTO ON;:DISP:PAGE MEASurement;
"
145.0,0.8770448727,491.6238506,5.05961e-06,0.00476019
145.0,0.8720642565,494.6585103,5.06391e-06,0.00475823
145.0,0.8752128818,495.3427156,5.06248e-06,0.0047581
145.0,0.8757180492,497.9958718,5.06764e-06,0.00475738
145.0,0.8771758464,497.3293402,5.0598e-06,0.00475899
145.0,0.8790998667,494.6956617,5.06401e-06,0.00475917
145.0,0.8752256871,495.2514057,5.04935e-06,0.00475812
145.0,0.8773062478,490.1601646,5.06689e-06,0.00475871
145.0,0.8760425478,494.8402562,5.0678e-06,0.00475775
145.0,0.8776147241,496.1646855,5.07032e-06,0.00476048
145.0,0.8785402518,495.4311491,5.05197e-06,0.00476188
145.0,0.8804499062,494.8347635,5.0555e-06,0.00476037
145.0,0.8811887991,492.7298325,5.04223e-06,0.00476089
145.0,0.8821758298,493.8451081,5.04708e-06,0.00475982
145.0,0.875326675,495.5421952,5.0654e-06,0.00475871
145.0,0.8782138628,497.6251718,5.06153e-06,0.00475994
Freq,145,Rs,494.87941765,2.076035656246155,Ls,0.87740001905,0.002562556267012046
":SOUR:DCS:STAT OFF;:BIAS:STAT OFF;:COMP:BIN:COUN:CLE;:LIST:CLE:ALL;:COMP:BIN:CLE;:AMPL:ALC OFF;:APER MED,4;:BIAS:POL:AUTO OFF;:BIAS:RANG:AUTO ON;:BIAS:VOLT:LEV 0;:COMP:ABIN OFF;:COMP:BIN:COUN:STAT OFF;:COMP:MODE PTOL;:COMP:SLIM -9.9e+037,9.9e+037;:COMP:STAT OFF;:COMP:SWAP OFF;:COMP:TOL:NOM 0;:CURR:LEV 5e-005;:DISP:ENAB ON;:DISP:LINE """";:DISP:WIND:TEXT1:DATA:FMSD:DATA 1e-009;:DISP:WIND:TEXT2:DATA:FMSD:DATA 1e-009;:FORM:ASC:LONG ON;:FORM:BORD NORM;:FORM:DATA ASC,64;:FREQ:CW 145;:FUNC:DEV1:MODE OFF;:FUNC:DEV1:REF:VAL 0;:FUNC:DEV2:MODE OFF;:FUNC:DEV2:REF:VAL 0;:FUNC:IMP:TYPE LSRS;:FUNC:SMON:IDC:STAT OFF;:FUNC:SMON:VDC:STAT OFF;:INIT:CONT OFF;:LIST:MODE SEQ;:LIST:STIM:TYPE FREQ,NONE;:SOUR:DCS:VOLT:LEV 0;:TRIG:DEL 0;:TRIG:SOUR INT;:TRIG:TDEL 0;:DISP:WIND:TEXT1:DATA:FMSD:STAT OFF;:DISP:WIND:TEXT2:DATA:FMSD:STAT OFF;:FUNC:DCR:RANG:VAL 100;:FUNC:IMP:RANG:VAL 300;:OUTP:DC:ISOL:LEV:VAL 0.002;:OUTP:DC:ISOL:STAT OFF;:FUNC:DCR:RANG:AUTO ON;:FUNC:IMP:RANG:AUTO ON;:OUTP:DC:ISOL:LEV:AUTO ON;:DISP:PAGE MEASurement;
"
150.0,0.9079431818,514.4950791,4.78897e-06,0.00477583
150.0,0.9044245316,516.2133582,4.78588e-06,0.00477594
150.0,0.9066534355,514.6306642,4.78811e-06,0.00477778
150.0,0.905406913,514.3039255,4.79436e-06,0.00477616
150.0,0.9055100708,517.3596105,4.79844e-06,0.0047775
150.0,0.9046900224,516.8580417,4.79305e-06,0.00477747
150.0,0.9067137112,513.9211253,4.78099e-06,0.00477669
150.0,0.9051899022,517.8663547,4.78453e-06,0.00477622
150.0,0.9061634786,517.525567,4.79027e-06,0.00477741
150.0,0.9046173774,518.1978862,4.78868e-06,0.00477859
150.0,0.9077420909,514.9114708,4.79075e-06,0.00477696
150.0,0.9069155097,515.6472729,4.78744e-06,0.00477827
150.0,0.9051964387,514.2397624,4.79575e-06,0.00477602
150.0,0.9034157368,518.1411844,4.78688e-06,0.00477665
150.0,0.9077698994,515.1994611,4.78371e-06,0.00477723
150.0,0.9043093931,517.9113206,4.79598e-06,0.0047786
Freq,150,Rs,516.0888802874999,1.5868191537824206,Ls,0.90579135581875,0.0013805364639196732
":SOUR:DCS:STAT OFF;:BIAS:STAT OFF;:COMP:BIN:COUN:CLE;:LIST:CLE:ALL;:COMP:BIN:CLE;:AMPL:ALC OFF;:APER MED,4;:BIAS:POL:AUTO OFF;:BIAS:RANG:AUTO ON;:BIAS:VOLT:LEV 0;:COMP:ABIN OFF;:COMP:BIN:COUN:STAT OFF;:COMP:MODE PTOL;:COMP:SLIM -9.9e+037,9.9e+037;:COMP:STAT OFF;:COMP:SWAP OFF;:COMP:TOL:NOM 0;:CURR:LEV 5e-005;:DISP:ENAB ON;:DISP:LINE """";:DISP:WIND:TEXT1:DATA:FMSD:DATA 1e-009;:DISP:WIND:TEXT2:DATA:FMSD:DATA 1e-009;:FORM:ASC:LONG ON;:FORM:BORD NORM;:FORM:DATA ASC,64;:FREQ:CW 150;:FUNC:DEV1:MODE OFF;:FUNC:DEV1:REF:VAL 0;:FUNC:DEV2:MODE OFF;:FUNC:DEV2:REF:VAL 0;:FUNC:IMP:TYPE LSRS;:FUNC:SMON:IDC:STAT OFF;:FUNC:SMON:VDC:STAT OFF;:INIT:CONT OFF;:LIST:MODE SEQ;:LIST:STIM:TYPE FREQ,NONE;:SOUR:DCS:VOLT:LEV 0;:TRIG:DEL 0;:TRIG:SOUR INT;:TRIG:TDEL 0;:DISP:WIND:TEXT1:DATA:FMSD:STAT OFF;:DISP:WIND:TEXT2:DATA:FMSD:STAT OFF;:FUNC:DCR:RANG:VAL 100;:FUNC:IMP:RANG:VAL 300;:OUTP:DC:ISOL:LEV:VAL 0.002;:OUTP:DC:ISOL:STAT OFF;:FUNC:DCR:RANG:AUTO ON;:FUNC:IMP:RANG:AUTO ON;:OUTP:DC:ISOL:LEV:AUTO ON;:DISP:PAGE MEASurement;
"
155.0,0.9621520356,534.3735487,4.46792e-06,0.00481152
155.0,0.9594872265,531.7710346,4.47361e-06,0.00481083
155.0,0.9626030018,533.4493553,4.47198e-06,0.00481104
155.0,0.9605678142,531.6553104,4.46839e-06,0.00480993
155.0,0.9587184203,534.3377567,4.46656e-06,0.00480998
155.0,0.9597370931,533.2657211,4.46942e-06,0.00481032
155.0,0.9595059849,533.6010851,4.4738e-06,0.00481097
155.0,0.9628108752,532.3597148,4.47672e-06,0.00481127
155.0,0.9610158683,532.9249321,4.46653e-06,0.0048111
155.0,0.9603916422,532.810809,4.47402e-06,0.00481089
155.0,0.9608375633,532.2750129,4.46418e-06,0.00481141
155.0,0.9598126219,533.3757298,4.46802e-06,0.00481076
155.0,0.9591783034,531.0438616,4.46438e-06,0.00481195
155.0,0.9589641941,532.6553754,4.47337e-06,0.00481091
155.0,0.9618449307,533.332995,4.46916e-06,0.00481186
155.0,0.9610203379,533.0581584,4.47326e-06,0.00481087
Freq,155,Rs,532.89315005625,0.9173737906439725,Ls,0.9605404945875,0.0012984514993813667
":SOUR:DCS:STAT OFF;:BIAS:STAT OFF;:COMP:BIN:COUN:CLE;:LIST:CLE:ALL;:COMP:BIN:CLE;:AMPL:ALC OFF;:APER MED,4;:BIAS:POL:AUTO OFF;:BIAS:RANG:AUTO ON;:BIAS:VOLT:LEV 0;:COMP:ABIN OFF;:COMP:BIN:COUN:STAT OFF;:COMP:MODE PTOL;:COMP:SLIM -9.9e+037,9.9e+037;:COMP:STAT OFF;:COMP:SWAP OFF;:COMP:TOL:NOM 0;:CURR:LEV 5e-005;:DISP:ENAB ON;:DISP:LINE """";:DISP:WIND:TEXT1:DATA:FMSD:DATA 1e-009;:DISP:WIND:TEXT2:DATA:FMSD:DATA 1e-009;:FORM:ASC:LONG ON;:FORM:BORD NORM;:FORM:DATA ASC,64;:FREQ:CW 155;:FUNC:DEV1:MODE OFF;:FUNC:DEV1:REF:VAL 0;:FUNC:DEV2:MODE OFF;:FUNC:DEV2:REF:VAL 0;:FUNC:IMP:TYPE LSRS;:FUNC:SMON:IDC:STAT OFF;:FUNC:SMON:VDC:STAT OFF;:INIT:CONT OFF;:LIST:MODE SEQ;:LIST:STIM:TYPE FREQ,NONE;:SOUR:DCS:VOLT:LEV 0;:TRIG:DEL 0;:TRIG:SOUR INT;:TRIG:TDEL 0;:DISP:WIND:TEXT1:DATA:FMSD:STAT OFF;:DISP:WIND:TEXT2:DATA:FMSD:STAT OFF;:FUNC:DCR:RANG:VAL 100;:FUNC:IMP:RANG:VAL 1000;:OUTP:DC:ISOL:LEV:VAL 0.002;:OUTP:DC:ISOL:STAT OFF;:FUNC:DCR:RANG:AUTO ON;:FUNC:IMP:RANG:AUTO ON;:OUTP:DC:ISOL:LEV:AUTO ON;:DISP:PAGE MEASurement;
"
160.0,1.081572908,580.1133612,3.93931e-06,0.00485406
160.0,1.080531424,580.977106,3.9358e-06,0.00485483
160.0,1.081609607,579.8914176,3.93025e-06,0.00485443
160.0,1.081375478,581.1872496,3.94234e-06,0.00485427
160.0,1.081787197,580.8127742,3.93606e-06,0.00485447
160.0,1.079762842,581.3773324,3.93375e-06,0.00485516
160.0,1.082740718,578.9606158,3.94032e-06,0.00485475
160.0,1.081460227,580.7037134,3.93701e-06,0.00485353
160.0,1.082071014,579.3784569,3.94312e-06,0.00485438
160.0,1.081020806,581.1272696,3.93732e-06,0.00485358
160.0,1.08236718,579.8961176,3.93667e-06,0.00485351
160.0,1.082332281,581.8340971,3.93017e-06,0.00485482
160.0,1.084295718,579.71747,3.92949e-06,0.0048551
160.0,1.082338437,582.4121765,3.9349e-06,0.0048541
160.0,1.081403968,580.1681144,3.93486e-06,0.00485371
160.0,1.079658185,582.1580854,3.93586e-06,0.00485478
Freq,160,Rs,580.6697098562499,0.9987227343567141,Ls,1.081645499375,0.00113120329823091
":SOUR:DCS:STAT OFF;:BIAS:STAT OFF;:COMP:BIN:COUN:CLE;:LIST:CLE:ALL;:COMP:BIN:CLE;:AMPL:ALC OFF;:APER MED,4;:BIAS:POL:AUTO OFF;:BIAS:RANG:AUTO ON;:BIAS:VOLT:LEV 0;:COMP:ABIN OFF;:COMP:BIN:COUN:STAT OFF;:COMP:MODE PTOL;:COMP:SLIM -9.9e+037,9.9e+037;:COMP:STAT OFF;:COMP:SWAP OFF;:COMP:TOL:NOM 0;:CURR:LEV 5e-005;:DISP:ENAB ON;:DISP:LINE """";:DISP:WIND:TEXT1:DATA:FMSD:DATA 1e-009;:DISP:WIND:TEXT2:DATA:FMSD:DATA 1e-009;:FORM:ASC:LONG ON;:FORM:BORD NORM;:FORM:DATA ASC,64;:FREQ:CW 160;:FUNC:DEV1:MODE OFF;:FUNC:DEV1:REF:VAL 0;:FUNC:DEV2:MODE OFF;:FUNC:DEV2:REF:VAL 0;:FUNC:IMP:TYPE LSRS;:FUNC:SMON:IDC:STAT OFF;:FUNC:SMON:VDC:STAT OFF;:INIT:CONT OFF;:LIST:MODE SEQ;:LIST:STIM:TYPE FREQ,NONE;:SOUR:DCS:VOLT:LEV 0;:TRIG:DEL 0;:TRIG:SOUR INT;:TRIG:TDEL 0;:DISP:WIND:TEXT1:DATA:FMSD:STAT OFF;:DISP:WIND:TEXT2:DATA:FMSD:STAT OFF;:FUNC:DCR:RANG:VAL 100;:FUNC:IMP:RANG:VAL 1000;:OUTP:DC:ISOL:LEV:VAL 0.002;:OUTP:DC:ISOL:STAT OFF;:FUNC:DCR:RANG:AUTO ON;:FUNC:IMP:RANG:AUTO ON;:OUTP:DC:ISOL:LEV:AUTO ON;:DISP:PAGE MEASurement;
"
165.0,1.314247762,792.0009106,3.09898e-06,0.00489204
165.0,1.312736549,791.2676299,3.09689e-06,0.00489143
165.0,1.320329762,793.0748995,3.09398e-06,0.00489209
165.0,1.310003857,795.7606195,3.10193e-06,0.00489089
165.0,1.313679763,793.5422249,3.10072e-06,0.00489158
165.0,1.316003927,793.4581129,3.09955e-06,0.00489087
165.0,1.315845993,791.477376,3.10397e-06,0.00489162
165.0,1.316149644,794.0684272,3.09748e-06,0.00489108
165.0,1.315302917,796.8985371,3.09902e-06,0.00489153
165.0,1.31450793,797.1119141,3.10103e-06,0.00489077
165.0,1.318676443,794.7568269,3.09895e-06,0.0048918
165.0,1.311694302,790.8620711,3.1036e-06,0.0048907
165.0,1.317344164,793.7875302,3.09662e-06,0.00489214
165.0,1.314581313,794.9460298,3.10009e-06,0.0048914
165.0,1.314963371,788.3316142,3.10735e-06,0.0048916
165.0,1.313757544,794.9644954,3.09909e-06,0.0048917
Freq,165,Rs,793.51932620625,2.3252014965076038,Ls,1.3149890775625,0.0025276663596929313
":SOUR:DCS:STAT OFF;:BIAS:STAT OFF;:COMP:BIN:COUN:CLE;:LIST:CLE:ALL;:COMP:BIN:CLE;:AMPL:ALC OFF;:APER MED,4;:BIAS:POL:AUTO OFF;:BIAS:RANG:AUTO ON;:BIAS:VOLT:LEV 0;:COMP:ABIN OFF;:COMP:BIN:COUN:STAT OFF;:COMP:MODE PTOL;:COMP:SLIM -9.9e+037,9.9e+037;:COMP:STAT OFF;:COMP:SWAP OFF;:COMP:TOL:NOM 0;:CURR:LEV 5e-005;:DISP:ENAB ON;:DISP:LINE """";:DISP:WIND:TEXT1:DATA:FMSD:DATA 1e-009;:DISP:WIND:TEXT2:DATA:FMSD:DATA 1e-009;:FORM:ASC:LONG ON;:FORM:BORD NORM;:FORM:DATA ASC,64;:FREQ:CW 165;:FUNC:DEV1:MODE OFF;:FUNC:DEV1:REF:VAL 0;:FUNC:DEV2:MODE OFF;:FUNC:DEV2:REF:VAL 0;:FUNC:IMP:TYPE LSRS;:FUNC:SMON:IDC:STAT OFF;:FUNC:SMON:VDC:STAT OFF;:INIT:CONT OFF;:LIST:MODE SEQ;:LIST:STIM:TYPE FREQ,NONE;:SOUR:DCS:VOLT:LEV 0;:TRIG:DEL 0;:TRIG:SOUR INT;:TRIG:TDEL 0;:DISP:WIND:TEXT1:DATA:FMSD:STAT OFF;:DISP:WIND:TEXT2:DATA:FMSD:STAT OFF;:FUNC:DCR:RANG:VAL 100;:FUNC:IMP:RANG:VAL 1000;:OUTP:DC:ISOL:LEV:VAL 0.002;:OUTP:DC:ISOL:STAT OFF;:FUNC:DCR:RANG:AUTO ON;:FUNC:IMP:RANG:AUTO ON;:OUTP:DC:ISOL:LEV:AUTO ON;:DISP:PAGE MEASurement;
"
170.0,1.651603998,1931.681501,1.88245e-06,0.00491642
170.0,1.637063592,1943.387475,1.88137e-06,0.00491581
170.0,1.657668556,1943.976836,1.88737e-06,0.0049156
170.0,1.636064169,1937.700043,1.88081e-06,0.00491655
170.0,1.649347225,1954.123936,1.87731e-06,0.00491549
170.0,1.632262593,1936.429488,1.8902e-06,0.00491532
170.0,1.634203089,1956.288483,1.86988e-06,0.00491534
170.0,1.652965172,1938.470278,1.87748e-06,0.00491646
170.0,1.64178605,1941.606399,1.87247e-06,0.00491701
170.0,1.630208501,1949.940981,1.86153e-06,0.00491533
170.0,1.651117423,1958.657283,1.87864e-06,0.00491627
170.0,1.651277091,1926.744165,1.86819e-06,0.00491671
170.0,1.646782758,1943.135924,1.86714e-06,0.00491563
170.0,1.649595435,1939.920413,1.87338e-06,0.00491598
170.0,1.656628645,1950.117747,1.87359e-06,0.00491387
170.0,1.654784182,1942.448398,1.87952e-06,0.00491482
Freq,170,Rs,1943.4143343750002,8.712298684851234,Ls,1.6458349049375,0.009158381757992684
":SOUR:DCS:STAT OFF;:BIAS:STAT OFF;:COMP:BIN:COUN:CLE;:LIST:CLE:ALL;:COMP:BIN:CLE;:AMPL:ALC OFF;:APER MED,4;:BIAS:POL:AUTO OFF;:BIAS:RANG:AUTO ON;:BIAS:VOLT:LEV 0;:COMP:ABIN OFF;:COMP:BIN:COUN:STAT OFF;:COMP:MODE PTOL;:COMP:SLIM -9.9e+037,9.9e+037;:COMP:STAT OFF;:COMP:SWAP OFF;:COMP:TOL:NOM 0;:CURR:LEV 5e-005;:DISP:ENAB ON;:DISP:LINE """";:DISP:WIND:TEXT1:DATA:FMSD:DATA 1e-009;:DISP:WIND:TEXT2:DATA:FMSD:DATA 1e-009;:FORM:ASC:LONG ON;:FORM:BORD NORM;:FORM:DATA ASC,64;:FREQ:CW 170;:FUNC:DEV1:MODE OFF;:FUNC:DEV1:REF:VAL 0;:FUNC:DEV2:MODE OFF;:FUNC:DEV2:REF:VAL 0;:FUNC:IMP:TYPE LSRS;:FUNC:SMON:IDC:STAT OFF;:FUNC:SMON:VDC:STAT OFF;:INIT:CONT OFF;:LIST:MODE SEQ;:LIST:STIM:TYPE FREQ,NONE;:SOUR:DCS:VOLT:LEV 0;:TRIG:DEL 0;:TRIG:SOUR INT;:TRIG:TDEL 0;:DISP:WIND:TEXT1:DATA:FMSD:STAT OFF;:DISP:WIND:TEXT2:DATA:FMSD:STAT OFF;:FUNC:DCR:RANG:VAL 100;:FUNC:IMP:RANG:VAL 1000;:OUTP:DC:ISOL:LEV:VAL 0.002;:OUTP:DC:ISOL:STAT OFF;:FUNC:DCR:RANG:AUTO ON;:FUNC:IMP:RANG:AUTO ON;:OUTP:DC:ISOL:LEV:AUTO ON;:DISP:PAGE MEASurement;
"
172.0,0.474745893,2769.573995,1.74583e-06,0.00488573
172.0,0.4838748465,2766.699122,1.73282e-06,0.0048858
172.0,0.4714841136,2753.185757,1.74201e-06,0.00488676
172.0,0.4678446381,2767.819213,1.7412e-06,0.00488583
172.0,0.4739756948,2778.070826,1.73327e-06,0.00488603
172.0,0.4684212143,2745.895317,1.73803e-06,0.00488528
172.0,0.4715367408,2765.229869,1.73787e-06,0.00488643
172.0,0.4910340794,2760.419758,1.74387e-06,0.0048853
172.0,0.4786920108,2763.000993,1.73803e-06,0.0048866
172.0,0.488201647,2770.410239,1.74268e-06,0.00488601
172.0,0.4752544501,2774.096431,1.74343e-06,0.00488648
172.0,0.4650441117,2779.113762,1.73793e-06,0.00488637
172.0,0.4595988576,2769.760326,1.73548e-06,0.00488699
172.0,0.4600362673,2776.133781,1.74245e-06,0.00488569
172.0,0.4725351584,2760.911742,1.75447e-06,0.004886
172.0,0.478422241,2757.00547,1.73644e-06,0.00488532
Freq,172,Rs,2766.0829125625,9.135624806455098,Ls,0.473793872775,0.008938763075248388
":SOUR:DCS:STAT OFF;:BIAS:STAT OFF;:COMP:BIN:COUN:CLE;:LIST:CLE:ALL;:COMP:BIN:CLE;:AMPL:ALC OFF;:APER MED,4;:BIAS:POL:AUTO OFF;:BIAS:RANG:AUTO ON;:BIAS:VOLT:LEV 0;:COMP:ABIN OFF;:COMP:BIN:COUN:STAT OFF;:COMP:MODE PTOL;:COMP:SLIM -9.9e+037,9.9e+037;:COMP:STAT OFF;:COMP:SWAP OFF;:COMP:TOL:NOM 0;:CURR:LEV 5e-005;:DISP:ENAB ON;:DISP:LINE """";:DISP:WIND:TEXT1:DATA:FMSD:DATA 1e-009;:DISP:WIND:TEXT2:DATA:FMSD:DATA 1e-009;:FORM:ASC:LONG ON;:FORM:BORD NORM;:FORM:DATA ASC,64;:FREQ:CW 172;:FUNC:DEV1:MODE OFF;:FUNC:DEV1:REF:VAL 0;:FUNC:DEV2:MODE OFF;:FUNC:DEV2:REF:VAL 0;:FUNC:IMP:TYPE LSRS;:FUNC:SMON:IDC:STAT OFF;:FUNC:SMON:VDC:STAT OFF;:INIT:CONT OFF;:LIST:MODE SEQ;:LIST:STIM:TYPE FREQ,NONE;:SOUR:DCS:VOLT:LEV 0;:TRIG:DEL 0;:TRIG:SOUR INT;:TRIG:TDEL 0;:DISP:WIND:TEXT1:DATA:FMSD:STAT OFF;:DISP:WIND:TEXT2:DATA:FMSD:STAT OFF;:FUNC:DCR:RANG:VAL 100;:FUNC:IMP:RANG:VAL 1000;:OUTP:DC:ISOL:LEV:VAL 0.002;:OUTP:DC:ISOL:STAT OFF;:FUNC:DCR:RANG:AUTO ON;:FUNC:IMP:RANG:AUTO ON;:OUTP:DC:ISOL:LEV:AUTO ON;:DISP:PAGE MEASurement;
"
175.0,-0.3830239699,1361.497252,3.34704e-06,0.00473631
175.0,-0.3771154429,1361.731754,3.33299e-06,0.00473581
175.0,-0.3953260595,1340.300153,3.34307e-06,0.00473731
175.0,-0.384038465,1352.884018,3.33082e-06,0.00473466
175.0,-0.3806698717,1350.337024,3.34057e-06,0.00473518
175.0,-0.3775495934,1351.477277,3.34378e-06,0.00473612
175.0,-0.3810497062,1353.657698,3.34858e-06,0.00473454
175.0,-0.3785006865,1356.890055,3.33268e-06,0.00473671
175.0,-0.3771573086,1355.550251,3.35045e-06,0.00473854
175.0,-0.3767665167,1355.753182,3.34448e-06,0.00473659
175.0,-0.3793193394,1352.961938,3.32523e-06,0.00473694
175.0,-0.3763453652,1353.950421,3.33629e-06,0.0047364
175.0,-0.3773479102,1359.831293,3.3649e-06,0.00473533
175.0,-0.3821888777,1351.639268,3.33761e-06,0.00473522
175.0,-0.3768770711,1351.633439,3.34367e-06,0.00473578
175.0,-0.375059605,1345.054786,3.35746e-06,0.00473764
Freq,175,Rs,1353.4468630625001,5.53791314982252,Ls,-0.37989598681250003,0.004876017667070203
":SOUR:DCS:STAT OFF;:BIAS:STAT OFF;:COMP:BIN:COUN:CLE;:LIST:CLE:ALL;:COMP:BIN:CLE;:AMPL:ALC OFF;:APER MED,4;:BIAS:POL:AUTO OFF;:BIAS:RANG:AUTO ON;:BIAS:VOLT:LEV 0;:COMP:ABIN OFF;:COMP:BIN:COUN:STAT OFF;:COMP:MODE PTOL;:COMP:SLIM -9.9e+037,9.9e+037;:COMP:STAT OFF;:COMP:SWAP OFF;:COMP:TOL:NOM 0;:CURR:LEV 5e-005;:DISP:ENAB ON;:DISP:LINE """";:DISP:WIND:TEXT1:DATA:FMSD:DATA 1e-009;:DISP:WIND:TEXT2:DATA:FMSD:DATA 1e-009;:FORM:ASC:LONG ON;:FORM:BORD NORM;:FORM:DATA ASC,64;:FREQ:CW 175;:FUNC:DEV1:MODE OFF;:FUNC:DEV1:REF:VAL 0;:FUNC:DEV2:MODE OFF;:FUNC:DEV2:REF:VAL 0;:FUNC:IMP:TYPE LSRS;:FUNC:SMON:IDC:STAT OFF;:FUNC:SMON:VDC:STAT OFF;:INIT:CONT OFF;:LIST:MODE SEQ;:LIST:STIM:TYPE FREQ,NONE;:SOUR:DCS:VOLT:LEV 0;:TRIG:DEL 0;:TRIG:SOUR INT;:TRIG:TDEL 0;:DISP:WIND:TEXT1:DATA:FMSD:STAT OFF;:DISP:WIND:TEXT2:DATA:FMSD:STAT OFF;:FUNC:DCR:RANG:VAL 100;:FUNC:IMP:RANG:VAL 1000;:OUTP:DC:ISOL:LEV:VAL 0.002;:OUTP:DC:ISOL:STAT OFF;:FUNC:DCR:RANG:AUTO ON;:FUNC:IMP:RANG:AUTO ON;:OUTP:DC:ISOL:LEV:AUTO ON;:DISP:PAGE MEASurement;
"
180.0,0.05914821129,709.6265441,6.23441e-06,0.0044351
180.0,0.05815125162,708.8054894,6.23233e-06,0.00443548
180.0,0.05909314434,711.0917688,6.2447e-06,0.00443433
180.0,0.05772153614,706.1717736,6.21665e-06,0.00443371
180.0,0.06009053684,708.6415269,6.23114e-06,0.00443584
180.0,0.05898227844,707.170009,6.23006e-06,0.00443382
180.0,0.05870269348,709.978729,6.23184e-06,0.00443644
180.0,0.0584692812,709.8713226,6.22174e-06,0.00443533
180.0,0.05831587457,708.5701096,6.22576e-06,0.00443467
180.0,0.059971613,710.1172252,6.22848e-06,0.00443417
180.0,0.05806933436,708.2452348,6.23496e-06,0.00443622
180.0,0.0588636945,708.6833758,6.22835e-06,0.00443356
180.0,0.058190501,707.6583436,6.22396e-06,0.00443519
180.0,0.05842448521,708.7025976,6.22561e-06,0.00443397
180.0,0.05838660304,708.8321677,6.2364e-06,0.00443444
180.0,0.0586667615,707.8019151,6.21956e-06,0.00443498
Freq,180,Rs,708.7480083,1.2230623896264983,Ls,0.058702987533125,0.000648292560852028
":SOUR:DCS:STAT OFF;:BIAS:STAT OFF;:COMP:BIN:COUN:CLE;:LIST:CLE:ALL;:COMP:BIN:CLE;:AMPL:ALC OFF;:APER MED,4;:BIAS:POL:AUTO OFF;:BIAS:RANG:AUTO ON;:BIAS:VOLT:LEV 0;:COMP:ABIN OFF;:COMP:BIN:COUN:STAT OFF;:COMP:MODE PTOL;:COMP:SLIM -9.9e+037,9.9e+037;:COMP:STAT OFF;:COMP:SWAP OFF;:COMP:TOL:NOM 0;:CURR:LEV 5e-005;:DISP:ENAB ON;:DISP:LINE """";:DISP:WIND:TEXT1:DATA:FMSD:DATA 1e-009;:DISP:WIND:TEXT2:DATA:FMSD:DATA 1e-009;:FORM:ASC:LONG ON;:FORM:BORD NORM;:FORM:DATA ASC,64;:FREQ:CW 180;:FUNC:DEV1:MODE OFF;:FUNC:DEV1:REF:VAL 0;:FUNC:DEV2:MODE OFF;:FUNC:DEV2:REF:VAL 0;:FUNC:IMP:TYPE LSRS;:FUNC:SMON:IDC:STAT OFF;:FUNC:SMON:VDC:STAT OFF;:INIT:CONT OFF;:LIST:MODE SEQ;:LIST:STIM:TYPE FREQ,NONE;:SOUR:DCS:VOLT:LEV 0;:TRIG:DEL 0;:TRIG:SOUR INT;:TRIG:TDEL 0;:DISP:WIND:TEXT1:DATA:FMSD:STAT OFF;:DISP:WIND:TEXT2:DATA:FMSD:STAT OFF;:FUNC:DCR:RANG:VAL 100;:FUNC:IMP:RANG:VAL 300;:OUTP:DC:ISOL:LEV:VAL 0.002;:OUTP:DC:ISOL:STAT OFF;:FUNC:DCR:RANG:AUTO ON;:FUNC:IMP:RANG:AUTO ON;:OUTP:DC:ISOL:LEV:AUTO ON;:DISP:PAGE MEASurement;
"
185.0,0.255781656,603.2831429,6.62737e-06,0.00445177
185.0,0.2540988484,601.3450031,6.63526e-06,0.00445304
185.0,0.2534773509,601.6703243,6.63708e-06,0.00445183
185.0,0.253180808,604.3049878,6.60591e-06,0.0044511
185.0,0.2556906697,604.0662122,6.63057e-06,0.00444987
185.0,0.2548559408,602.3584091,6.65583e-06,0.00445205
185.0,0.2537840233,603.6311269,6.63888e-06,0.00445204
185.0,0.2543860275,603.5298006,6.614e-06,0.00445079
185.0,0.2557997221,602.7385251,6.61962e-06,0.00445115
185.0,0.2563479288,602.9111628,6.64222e-06,0.0044502
185.0,0.2532464306,601.6517725,6.6531e-06,0.00445192
185.0,0.2542250824,602.3980774,6.64222e-06,0.00445269
185.0,0.2558683919,604.2793858,6.62123e-06,0.00445112
185.0,0.2543881493,604.1043677,6.62077e-06,0.00445084
185.0,0.2549559149,602.5682494,6.61127e-06,0.00444862
185.0,0.2556848636,602.7172477,6.62498e-06,0.0044488
Freq,185,Rs,602.97236220625,0.9621002632190652,Ls,0.25473573801250005,0.0010333888213072914
":SOUR:DCS:STAT OFF;:BIAS:STAT OFF;:COMP:BIN:COUN:CLE;:LIST:CLE:ALL;:COMP:BIN:CLE;:AMPL:ALC OFF;:APER MED,4;:BIAS:POL:AUTO OFF;:BIAS:RANG:AUTO ON;:BIAS:VOLT:LEV 0;:COMP:ABIN OFF;:COMP:BIN:COUN:STAT OFF;:COMP:MODE PTOL;:COMP:SLIM -9.9e+037,9.9e+037;:COMP:STAT OFF;:COMP:SWAP OFF;:COMP:TOL:NOM 0;:CURR:LEV 5e-005;:DISP:ENAB ON;:DISP:LINE """";:DISP:WIND:TEXT1:DATA:FMSD:DATA 1e-009;:DISP:WIND:TEXT2:DATA:FMSD:DATA 1e-009;:FORM:ASC:LONG ON;:FORM:BORD NORM;:FORM:DATA ASC,64;:FREQ:CW 185;:FUNC:DEV1:MODE OFF;:FUNC:DEV1:REF:VAL 0;:FUNC:DEV2:MODE OFF;:FUNC:DEV2:REF:VAL 0;:FUNC:IMP:TYPE LSRS;:FUNC:SMON:IDC:STAT OFF;:FUNC:SMON:VDC:STAT OFF;:INIT:CONT OFF;:LIST:MODE SEQ;:LIST:STIM:TYPE FREQ,NONE;:SOUR:DCS:VOLT:LEV 0;:TRIG:DEL 0;:TRIG:SOUR INT;:TRIG:TDEL 0;:DISP:WIND:TEXT1:DATA:FMSD:STAT OFF;:DISP:WIND:TEXT2:DATA:FMSD:STAT OFF;:FUNC:DCR:RANG:VAL 100;:FUNC:IMP:RANG:VAL 300;:OUTP:DC:ISOL:LEV:VAL 0.002;:OUTP:DC:ISOL:STAT OFF;:FUNC:DCR:RANG:AUTO ON;:FUNC:IMP:RANG:AUTO ON;:OUTP:DC:ISOL:LEV:AUTO ON;:DISP:PAGE MEASurement;
"
200.0,0.4425524757,560.9433759,5.84682e-06,0.00461786
200.0,0.4426983651,560.9903221,5.84438e-06,0.0046174
200.0,0.4418863867,560.1798479,5.84763e-06,0.00461619
200.0,0.4417324837,561.0964782,5.84648e-06,0.00461672
200.0,0.4421681714,561.2449723,5.84644e-06,0.00461737
200.0,0.4420302038,560.3288685,5.85014e-06,0.00461753
200.0,0.4427014309,561.1480012,5.84713e-06,0.00461673
200.0,0.4421526894,560.3228171,5.84622e-06,0.00461659
200.0,0.4419459577,560.4026963,5.85026e-06,0.00461732
200.0,0.4421271932,560.5741563,5.84821e-06,0.00461783
200.0,0.442573189,559.90834,5.84879e-06,0.0046172
200.0,0.4419488524,560.7103597,5.84836e-06,0.00461627
200.0,0.442264547,561.399085,5.85169e-06,0.00461769
200.0,0.4418967285,560.2889135,5.85357e-06,0.00461681
200.0,0.441952919,561.469785,5.8493e-06,0.00461716
200.0,0.4418892529,560.5516905,5.85165e-06,0.00461605
Freq,200,Rs,560.7224818437501,0.47217412104489637,Ls,0.44215755290000003,0.0003130659993504071
":SOUR:DCS:STAT OFF;:BIAS:STAT OFF;:COMP:BIN:COUN:CLE;:LIST:CLE:ALL;:COMP:BIN:CLE;:AMPL:ALC OFF;:APER MED,4;:BIAS:POL:AUTO OFF;:BIAS:RANG:AUTO ON;:BIAS:VOLT:LEV 0;:COMP:ABIN OFF;:COMP:BIN:COUN:STAT OFF;:COMP:MODE PTOL;:COMP:SLIM -9.9e+037,9.9e+037;:COMP:STAT OFF;:COMP:SWAP OFF;:COMP:TOL:NOM 0;:CURR:LEV 5e-005;:DISP:ENAB ON;:DISP:LINE """";:DISP:WIND:TEXT1:DATA:FMSD:DATA 1e-009;:DISP:WIND:TEXT2:DATA:FMSD:DATA 1e-009;:FORM:ASC:LONG ON;:FORM:BORD NORM;:FORM:DATA ASC,64;:FREQ:CW 200;:FUNC:DEV1:MODE OFF;:FUNC:DEV1:REF:VAL 0;:FUNC:DEV2:MODE OFF;:FUNC:DEV2:REF:VAL 0;:FUNC:IMP:TYPE LSRS;:FUNC:SMON:IDC:STAT OFF;:FUNC:SMON:VDC:STAT OFF;:INIT:CONT OFF;:LIST:MODE SEQ;:LIST:STIM:TYPE FREQ,NONE;:SOUR:DCS:VOLT:LEV 0;:TRIG:DEL 0;:TRIG:SOUR INT;:TRIG:TDEL 0;:DISP:WIND:TEXT1:DATA:FMSD:STAT OFF;:DISP:WIND:TEXT2:DATA:FMSD:STAT OFF;:FUNC:DCR:RANG:VAL 100;:FUNC:IMP:RANG:VAL 300;:OUTP:DC:ISOL:LEV:VAL 0.002;:OUTP:DC:ISOL:STAT OFF;:FUNC:DCR:RANG:AUTO ON;:FUNC:IMP:RANG:AUTO ON;:OUTP:DC:ISOL:LEV:AUTO ON;:DISP:PAGE MEASurement;
"
220.0,0.5055089644,574.395031,5.19748e-06,0.0047044
220.0,0.5059685481,575.5957405,5.19752e-06,0.00470399
220.0,0.5049681475,574.9333972,5.20234e-06,0.00470368
220.0,0.5052315017,573.4538066,5.19749e-06,0.0047043
220.0,0.5051841173,574.7433045,5.20268e-06,0.00470397
220.0,0.505976505,574.1297812,5.19692e-06,0.00470426
220.0,0.5059151516,575.3937909,5.20011e-06,0.0047051
220.0,0.5059030945,575.0799666,5.19804e-06,0.00470374
220.0,0.505916377,575.1130544,5.19552e-06,0.00470476
220.0,0.5055286988,574.5706372,5.19878e-06,0.00470432
220.0,0.5056061116,573.9817951,5.19899e-06,0.00470418
220.0,0.5057220828,574.430853,5.19946e-06,0.00470394
220.0,0.5064833555,575.5955126,5.19773e-06,0.00470368
220.0,0.5056132951,574.7017734,5.19778e-06,0.00470465
220.0,0.505618733,573.5587654,5.1975e-06,0.0047049
220.0,0.5048440496,575.4184355,5.20001e-06,0.00470486
Freq,220,Rs,574.6934778187499,0.6758211274448602,Ls,0.50562429584375,0.000420160751430155
":SOUR:DCS:STAT OFF;:BIAS:STAT OFF;:COMP:BIN:COUN:CLE;:LIST:CLE:ALL;:COMP:BIN:CLE;:AMPL:ALC OFF;:APER MED,4;:BIAS:POL:AUTO OFF;:BIAS:RANG:AUTO ON;:BIAS:VOLT:LEV 0;:COMP:ABIN OFF;:COMP:BIN:COUN:STAT OFF;:COMP:MODE PTOL;:COMP:SLIM -9.9e+037,9.9e+037;:COMP:STAT OFF;:COMP:SWAP OFF;:COMP:TOL:NOM 0;:CURR:LEV 5e-005;:DISP:ENAB ON;:DISP:LINE """";:DISP:WIND:TEXT1:DATA:FMSD:DATA 1e-009;:DISP:WIND:TEXT2:DATA:FMSD:DATA 1e-009;:FORM:ASC:LONG ON;:FORM:BORD NORM;:FORM:DATA ASC,64;:FREQ:CW 220;:FUNC:DEV1:MODE OFF;:FUNC:DEV1:REF:VAL 0;:FUNC:DEV2:MODE OFF;:FUNC:DEV2:REF:VAL 0;:FUNC:IMP:TYPE LSRS;:FUNC:SMON:IDC:STAT OFF;:FUNC:SMON:VDC:STAT OFF;:INIT:CONT OFF;:LIST:MODE SEQ;:LIST:STIM:TYPE FREQ,NONE;:SOUR:DCS:VOLT:LEV 0;:TRIG:DEL 0;:TRIG:SOUR INT;:TRIG:TDEL 0;:DISP:WIND:TEXT1:DATA:FMSD:STAT OFF;:DISP:WIND:TEXT2:DATA:FMSD:STAT OFF;:FUNC:DCR:RANG:VAL 100;:FUNC:IMP:RANG:VAL 300;:OUTP:DC:ISOL:LEV:VAL 0.002;:OUTP:DC:ISOL:STAT OFF;:FUNC:DCR:RANG:AUTO ON;:FUNC:IMP:RANG:AUTO ON;:OUTP:DC:ISOL:LEV:AUTO ON;:DISP:PAGE MEASurement;
"
240.0,0.5251409684,600.1960543,4.78374e-06,0.00474334
240.0,0.5247135573,597.3321697,4.78096e-06,0.00474267
240.0,0.5250751077,597.2693891,4.78341e-06,0.00474358
240.0,0.5244769665,597.3371981,4.78158e-06,0.00474307
240.0,0.524948323,597.7083991,4.78402e-06,0.00474351
240.0,0.5252481454,598.2740306,4.78138e-06,0.004743
240.0,0.5248771042,598.2131498,4.78219e-06,0.00474268
240.0,0.5244016181,597.5812564,4.7805e-06,0.00474277
240.0,0.5245202027,598.2791811,4.77954e-06,0.004743
240.0,0.5251010916,597.5418205,4.78127e-06,0.00474291
240.0,0.5253243736,598.3867868,4.77617e-06,0.00474299
240.0,0.5257477726,598.2187187,4.78242e-06,0.00474295
240.0,0.5255565024,597.8552324,4.77251e-06,0.00474281
240.0,0.525075754,596.5836931,4.78132e-06,0.00474259
240.0,0.5247395295,597.4945375,4.78249e-06,0.00474297
240.0,0.5249408998,597.3179355,4.78038e-06,0.00474314
Freq,240,Rs,597.8493470437501,0.7955045350812496,Ls,0.5249929948000001,0.0003749960746944598
":SOUR:DCS:STAT OFF;:BIAS:STAT OFF;:COMP:BIN:COUN:CLE;:LIST:CLE:ALL;:COMP:BIN:CLE;:AMPL:ALC OFF;:APER MED,4;:BIAS:POL:AUTO OFF;:BIAS:RANG:AUTO ON;:BIAS:VOLT:LEV 0;:COMP:ABIN OFF;:COMP:BIN:COUN:STAT OFF;:COMP:MODE PTOL;:COMP:SLIM -9.9e+037,9.9e+037;:COMP:STAT OFF;:COMP:SWAP OFF;:COMP:TOL:NOM 0;:CURR:LEV 5e-005;:DISP:ENAB ON;:DISP:LINE """";:DISP:WIND:TEXT1:DATA:FMSD:DATA 1e-009;:DISP:WIND:TEXT2:DATA:FMSD:DATA 1e-009;:FORM:ASC:LONG ON;:FORM:BORD NORM;:FORM:DATA ASC,64;:FREQ:CW 240;:FUNC:DEV1:MODE OFF;:FUNC:DEV1:REF:VAL 0;:FUNC:DEV2:MODE OFF;:FUNC:DEV2:REF:VAL 0;:FUNC:IMP:TYPE LSRS;:FUNC:SMON:IDC:STAT OFF;:FUNC:SMON:VDC:STAT OFF;:INIT:CONT OFF;:LIST:MODE SEQ;:LIST:STIM:TYPE FREQ,NONE;:SOUR:DCS:VOLT:LEV 0;:TRIG:DEL 0;:TRIG:SOUR INT;:TRIG:TDEL 0;:DISP:WIND:TEXT1:DATA:FMSD:STAT OFF;:DISP:WIND:TEXT2:DATA:FMSD:STAT OFF;:FUNC:DCR:RANG:VAL 100;:FUNC:IMP:RANG:VAL 300;:OUTP:DC:ISOL:LEV:VAL 0.002;:OUTP:DC:ISOL:STAT OFF;:FUNC:DCR:RANG:AUTO ON;:FUNC:IMP:RANG:AUTO ON;:OUTP:DC:ISOL:LEV:AUTO ON;:DISP:PAGE MEASurement;
"
400.0,0.4761398358,788.3343589,3.3902e-06,0.00485762
400.0,0.4759230852,789.9336832,3.39057e-06,0.00485806
400.0,0.4755143714,789.6596823,3.39087e-06,0.00485792
400.0,0.4758748617,789.0101893,3.39178e-06,0.00485759
400.0,0.4758090889,789.3169973,3.3909e-06,0.00485829
400.0,0.476244227,787.8895505,3.39014e-06,0.00485807
400.0,0.4762961896,789.1300664,3.39264e-06,0.00485829
400.0,0.476098364,789.9149395,3.38847e-06,0.00485814
400.0,0.47583614,789.3978009,3.38921e-06,0.00485781
400.0,0.4758833384,790.4597447,3.3904e-06,0.00485802
400.0,0.4756242554,790.0897318,3.38918e-06,0.00485804
400.0,0.4761318048,790.7323675,3.38833e-06,0.004858
400.0,0.4764099155,790.4667381,3.39011e-06,0.00485814
400.0,0.4760978753,788.9225792,3.39047e-06,0.004858
400.0,0.4762022976,790.0305453,3.38816e-06,0.00485799
400.0,0.4761544836,788.114981,3.39137e-06,0.00485773
Freq,400,Rs,789.46274724375,0.8560332267179911,Ls,0.4760150083875,0.0002460724289320934
":SOUR:DCS:STAT OFF;:BIAS:STAT OFF;:COMP:BIN:COUN:CLE;:LIST:CLE:ALL;:COMP:BIN:CLE;:AMPL:ALC OFF;:APER MED,4;:BIAS:POL:AUTO OFF;:BIAS:RANG:AUTO ON;:BIAS:VOLT:LEV 0;:COMP:ABIN OFF;:COMP:BIN:COUN:STAT OFF;:COMP:MODE PTOL;:COMP:SLIM -9.9e+037,9.9e+037;:COMP:STAT OFF;:COMP:SWAP OFF;:COMP:TOL:NOM 0;:CURR:LEV 5e-005;:DISP:ENAB ON;:DISP:LINE """";:DISP:WIND:TEXT1:DATA:FMSD:DATA 1e-009;:DISP:WIND:TEXT2:DATA:FMSD:DATA 1e-009;:FORM:ASC:LONG ON;:FORM:BORD NORM;:FORM:DATA ASC,64;:FREQ:CW 400;:FUNC:DEV1:MODE OFF;:FUNC:DEV1:REF:VAL 0;:FUNC:DEV2:MODE OFF;:FUNC:DEV2:REF:VAL 0;:FUNC:IMP:TYPE LSRS;:FUNC:SMON:IDC:STAT OFF;:FUNC:SMON:VDC:STAT OFF;:INIT:CONT OFF;:LIST:MODE SEQ;:LIST:STIM:TYPE FREQ,NONE;:SOUR:DCS:VOLT:LEV 0;:TRIG:DEL 0;:TRIG:SOUR INT;:TRIG:TDEL 0;:DISP:WIND:TEXT1:DATA:FMSD:STAT OFF;:DISP:WIND:TEXT2:DATA:FMSD:STAT OFF;:FUNC:DCR:RANG:VAL 100;:FUNC:IMP:RANG:VAL 1000;:OUTP:DC:ISOL:LEV:VAL 0.002;:OUTP:DC:ISOL:STAT OFF;:FUNC:DCR:RANG:AUTO ON;:FUNC:IMP:RANG:AUTO ON;:OUTP:DC:ISOL:LEV:AUTO ON;:DISP:PAGE MEASurement;
"
800.0,0.4077473047,1189.030365,2.07663e-06,0.00491974
800.0,0.4077146269,1189.702145,2.07631e-06,0.00491995
800.0,0.4078133092,1189.146352,2.07609e-06,0.00492019
800.0,0.4076415809,1189.112804,2.07646e-06,0.00491994
800.0,0.4077511978,1188.728089,2.07665e-06,0.00491987
800.0,0.4076787712,1188.908117,2.07644e-06,0.0049201
800.0,0.4077341723,1189.242303,2.07694e-06,0.00492009
800.0,0.4078074203,1189.253008,2.07642e-06,0.00491997
800.0,0.4076549266,1189.062013,2.07678e-06,0.0049201
800.0,0.4077646955,1189.514221,2.07629e-06,0.00492005
800.0,0.4076073371,1189.706784,2.07693e-06,0.00492032
800.0,0.4077727616,1189.256032,2.07667e-06,0.00491997
800.0,0.407720248,1189.26022,2.07636e-06,0.00492012
800.0,0.4078042523,1189.1798,2.07613e-06,0.00491993
800.0,0.4077846386,1189.522245,2.07629e-06,0.00492001
800.0,0.4077821351,1188.75427,2.07589e-06,0.00492008
Freq,800,Rs,1189.211173,0.29282543118202364,Ls,0.40773621113125,6.260374189367969e-05
":SOUR:DCS:STAT OFF;:BIAS:STAT OFF;:COMP:BIN:COUN:CLE;:LIST:CLE:ALL;:COMP:BIN:CLE;:AMPL:ALC OFF;:APER MED,4;:BIAS:POL:AUTO OFF;:BIAS:RANG:AUTO ON;:BIAS:VOLT:LEV 0;:COMP:ABIN OFF;:COMP:BIN:COUN:STAT OFF;:COMP:MODE PTOL;:COMP:SLIM -9.9e+037,9.9e+037;:COMP:STAT OFF;:COMP:SWAP OFF;:COMP:TOL:NOM 0;:CURR:LEV 5e-005;:DISP:ENAB ON;:DISP:LINE """";:DISP:WIND:TEXT1:DATA:FMSD:DATA 1e-009;:DISP:WIND:TEXT2:DATA:FMSD:DATA 1e-009;:FORM:ASC:LONG ON;:FORM:BORD NORM;:FORM:DATA ASC,64;:FREQ:CW 800;:FUNC:DEV1:MODE OFF;:FUNC:DEV1:REF:VAL 0;:FUNC:DEV2:MODE OFF;:FUNC:DEV2:REF:VAL 0;:FUNC:IMP:TYPE LSRS;:FUNC:SMON:IDC:STAT OFF;:FUNC:SMON:VDC:STAT OFF;:INIT:CONT OFF;:LIST:MODE SEQ;:LIST:STIM:TYPE FREQ,NONE;:SOUR:DCS:VOLT:LEV 0;:TRIG:DEL 0;:TRIG:SOUR INT;:TRIG:TDEL 0;:DISP:WIND:TEXT1:DATA:FMSD:STAT OFF;:DISP:WIND:TEXT2:DATA:FMSD:STAT OFF;:FUNC:DCR:RANG:VAL 100;:FUNC:IMP:RANG:VAL 1000;:OUTP:DC:ISOL:LEV:VAL 0.002;:OUTP:DC:ISOL:STAT OFF;:FUNC:DCR:RANG:AUTO ON;:FUNC:IMP:RANG:AUTO ON;:OUTP:DC:ISOL:LEV:AUTO ON;:DISP:PAGE MEASurement;
"
1000.0,0.384721351,1374.390052,1.76925e-06,0.00492035
1000.0,0.3847810921,1374.080268,1.7693e-06,0.00492032
1000.0,0.3847221896,1373.725085,1.76965e-06,0.00492028
1000.0,0.384779443,1374.080928,1.76923e-06,0.00492032
1000.0,0.3848382327,1374.215015,1.76916e-06,0.00492019
1000.0,0.3847784449,1374.258387,1.7694e-06,0.00492037
1000.0,0.3847202586,1374.08574,1.76924e-06,0.0049201
1000.0,0.3847498747,1374.420425,1.76936e-06,0.00492036
1000.0,0.3847344363,1374.333522,1.7694e-06,0.00492005
1000.0,0.3848113523,1374.345961,1.7694e-06,0.00492031
1000.0,0.3847013168,1374.208669,1.76905e-06,0.00492037
1000.0,0.3847719123,1374.410109,1.769e-06,0.00492028
1000.0,0.3846740515,1374.843139,1.76906e-06,0.00492001
1000.0,0.3846632047,1374.525209,1.76933e-06,0.00492027
1000.0,0.3847633406,1373.756711,1.76949e-06,0.00492011
1000.0,0.3847949061,1374.122174,1.76959e-06,0.00492026
Freq,1000,Rs,1374.237587125,0.27545775646484255,Ls,0.38475033794999997,4.848183019311353e-05
":SOUR:DCS:STAT OFF;:BIAS:STAT OFF;:COMP:BIN:COUN:CLE;:LIST:CLE:ALL;:COMP:BIN:CLE;:AMPL:ALC OFF;:APER MED,4;:BIAS:POL:AUTO OFF;:BIAS:RANG:AUTO ON;:BIAS:VOLT:LEV 0;:COMP:ABIN OFF;:COMP:BIN:COUN:STAT OFF;:COMP:MODE PTOL;:COMP:SLIM -9.9e+037,9.9e+037;:COMP:STAT OFF;:COMP:SWAP OFF;:COMP:TOL:NOM 0;:CURR:LEV 5e-005;:DISP:ENAB ON;:DISP:LINE """";:DISP:WIND:TEXT1:DATA:FMSD:DATA 1e-009;:DISP:WIND:TEXT2:DATA:FMSD:DATA 1e-009;:FORM:ASC:LONG ON;:FORM:BORD NORM;:FORM:DATA ASC,64;:FREQ:CW 1000;:FUNC:DEV1:MODE OFF;:FUNC:DEV1:REF:VAL 0;:FUNC:DEV2:MODE OFF;:FUNC:DEV2:REF:VAL 0;:FUNC:IMP:TYPE LSRS;:FUNC:SMON:IDC:STAT OFF;:FUNC:SMON:VDC:STAT OFF;:INIT:CONT OFF;:LIST:MODE SEQ;:LIST:STIM:TYPE FREQ,NONE;:SOUR:DCS:VOLT:LEV 0;:TRIG:DEL 0;:TRIG:SOUR INT;:TRIG:TDEL 0;:DISP:WIND:TEXT1:DATA:FMSD:STAT OFF;:DISP:WIND:TEXT2:DATA:FMSD:STAT OFF;:FUNC:DCR:RANG:VAL 100;:FUNC:IMP:RANG:VAL 1000;:OUTP:DC:ISOL:LEV:VAL 0.002;:OUTP:DC:ISOL:STAT OFF;:FUNC:DCR:RANG:AUTO ON;:FUNC:IMP:RANG:AUTO ON;:OUTP:DC:ISOL:LEV:AUTO ON;:DISP:PAGE MEASurement;
"
2000.0,0.3190863414,2198.967683,1.09966e-06,0.00502903
2000.0,0.319054611,2199.100421,1.09969e-06,0.00502905
2000.0,0.3190599504,2198.870108,1.09966e-06,0.00502915
2000.0,0.3190644801,2199.194898,1.09972e-06,0.00502901
2000.0,0.3190703681,2199.186114,1.09963e-06,0.00502883
2000.0,0.3190572409,2199.164637,1.09971e-06,0.00502898
2000.0,0.319082605,2199.400832,1.09967e-06,0.00502881
2000.0,0.3190531354,2198.788701,1.09961e-06,0.00502909
2000.0,0.3190704765,2199.302839,1.09974e-06,0.00502913
2000.0,0.3190663459,2199.350372,1.0997e-06,0.00502883
2000.0,0.3190667126,2199.040218,1.09974e-06,0.00502896
2000.0,0.3190525619,2199.294901,1.09972e-06,0.0050293
2000.0,0.3190757083,2198.768601,1.09974e-06,0.00502926
2000.0,0.3190703392,2199.459835,1.09974e-06,0.00502923
2000.0,0.3190781542,2198.958288,1.09969e-06,0.00502899
2000.0,0.3190823146,2199.248518,1.09977e-06,0.00502903
Freq,2000,Rs,2199.131060375,0.2144395792431435,Ls,0.31906820909375,1.0861410965217975e-05
":SOUR:DCS:STAT OFF;:BIAS:STAT OFF;:COMP:BIN:COUN:CLE;:LIST:CLE:ALL;:COMP:BIN:CLE;:AMPL:ALC OFF;:APER MED,4;:BIAS:POL:AUTO OFF;:BIAS:RANG:AUTO ON;:BIAS:VOLT:LEV 0;:COMP:ABIN OFF;:COMP:BIN:COUN:STAT OFF;:COMP:MODE PTOL;:COMP:SLIM -9.9e+037,9.9e+037;:COMP:STAT OFF;:COMP:SWAP OFF;:COMP:TOL:NOM 0;:CURR:LEV 5e-005;:DISP:ENAB ON;:DISP:LINE """";:DISP:WIND:TEXT1:DATA:FMSD:DATA 1e-009;:DISP:WIND:TEXT2:DATA:FMSD:DATA 1e-009;:FORM:ASC:LONG ON;:FORM:BORD NORM;:FORM:DATA ASC,64;:FREQ:CW 2000;:FUNC:DEV1:MODE OFF;:FUNC:DEV1:REF:VAL 0;:FUNC:DEV2:MODE OFF;:FUNC:DEV2:REF:VAL 0;:FUNC:IMP:TYPE LSRS;:FUNC:SMON:IDC:STAT OFF;:FUNC:SMON:VDC:STAT OFF;:INIT:CONT OFF;:LIST:MODE SEQ;:LIST:STIM:TYPE FREQ,NONE;:SOUR:DCS:VOLT:LEV 0;:TRIG:DEL 0;:TRIG:SOUR INT;:TRIG:TDEL 0;:DISP:WIND:TEXT1:DATA:FMSD:STAT OFF;:DISP:WIND:TEXT2:DATA:FMSD:STAT OFF;:FUNC:DCR:RANG:VAL 100;:FUNC:IMP:RANG:VAL 3000;:OUTP:DC:ISOL:LEV:VAL 0.0002;:OUTP:DC:ISOL:STAT OFF;:FUNC:DCR:RANG:AUTO ON;:FUNC:IMP:RANG:AUTO ON;:OUTP:DC:ISOL:LEV:AUTO ON;:DISP:PAGE MEASurement;
"
3000.0,0.2850795105,2989.52313,8.15766e-07,0.00501599
3000.0,0.285064496,2989.612127,8.15699e-07,0.00501605
3000.0,0.2850968806,2989.972852,8.15723e-07,0.00501604
3000.0,0.2850848214,2989.419161,8.15695e-07,0.00501602
3000.0,0.2850700476,2989.493805,8.15715e-07,0.005016
3000.0,0.2850768942,2989.377445,8.15732e-07,0.00501604
3000.0,0.2850557786,2989.961784,8.15767e-07,0.00501604
3000.0,0.2850614525,2989.825873,8.15748e-07,0.00501605
3000.0,0.2850759123,2989.259937,8.15772e-07,0.005016
3000.0,0.2850814757,2989.421699,8.15731e-07,0.00501608
3000.0,0.2850757662,2989.606005,8.15759e-07,0.00501619
3000.0,0.2850660455,2989.187825,8.15726e-07,0.00501602
3000.0,0.2850714693,2989.640232,8.15711e-07,0.00501592
3000.0,0.2850678515,2989.65173,8.15718e-07,0.00501597
3000.0,0.2850794129,2989.399599,8.1576e-07,0.00501597
3000.0,0.2850917135,2989.455756,8.15738e-07,0.0050161
Freq,3000,Rs,2989.5505599999997,0.225684538293329,Ls,0.28507497051874997,1.0871722604219147e-05
":SOUR:DCS:STAT OFF;:BIAS:STAT OFF;:COMP:BIN:COUN:CLE;:LIST:CLE:ALL;:COMP:BIN:CLE;:AMPL:ALC OFF;:APER MED,4;:BIAS:POL:AUTO OFF;:BIAS:RANG:AUTO ON;:BIAS:VOLT:LEV 0;:COMP:ABIN OFF;:COMP:BIN:COUN:STAT OFF;:COMP:MODE PTOL;:COMP:SLIM -9.9e+037,9.9e+037;:COMP:STAT OFF;:COMP:SWAP OFF;:COMP:TOL:NOM 0;:CURR:LEV 5e-005;:DISP:ENAB ON;:DISP:LINE """";:DISP:WIND:TEXT1:DATA:FMSD:DATA 1e-009;:DISP:WIND:TEXT2:DATA:FMSD:DATA 1e-009;:FORM:ASC:LONG ON;:FORM:BORD NORM;:FORM:DATA ASC,64;:FREQ:CW 3000;:FUNC:DEV1:MODE OFF;:FUNC:DEV1:REF:VAL 0;:FUNC:DEV2:MODE OFF;:FUNC:DEV2:REF:VAL 0;:FUNC:IMP:TYPE LSRS;:FUNC:SMON:IDC:STAT OFF;:FUNC:SMON:VDC:STAT OFF;:INIT:CONT OFF;:LIST:MODE SEQ;:LIST:STIM:TYPE FREQ,NONE;:SOUR:DCS:VOLT:LEV 0;:TRIG:DEL 0;:TRIG:SOUR INT;:TRIG:TDEL 0;:DISP:WIND:TEXT1:DATA:FMSD:STAT OFF;:DISP:WIND:TEXT2:DATA:FMSD:STAT OFF;:FUNC:DCR:RANG:VAL 100;:FUNC:IMP:RANG:VAL 3000;:OUTP:DC:ISOL:LEV:VAL 0.0002;:OUTP:DC:ISOL:STAT OFF;:FUNC:DCR:RANG:AUTO ON;:FUNC:IMP:RANG:AUTO ON;:OUTP:DC:ISOL:LEV:AUTO ON;:DISP:PAGE MEASurement;
"
4000.0,0.2695223826,3787.317978,6.47814e-07,0.00502671
4000.0,0.2695130759,3787.957694,6.47711e-07,0.00502663
4000.0,0.2695049945,3786.754532,6.47771e-07,0.00502685
4000.0,0.2695261244,3786.519017,6.47719e-07,0.00502687
4000.0,0.2694953357,3787.548371,6.47759e-07,0.00502667
4000.0,0.2695427501,3787.654405,6.47757e-07,0.00502716
4000.0,0.2695000773,3787.472173,6.47813e-07,0.00502691
4000.0,0.2695246457,3787.682411,6.47766e-07,0.00502675
4000.0,0.2694882755,3786.442043,6.47659e-07,0.00502657
4000.0,0.2694903891,3786.931975,6.47695e-07,0.00502684
4000.0,0.2694677724,3787.446269,6.47867e-07,0.00502738
4000.0,0.2695213375,3787.755556,6.47719e-07,0.00502742
4000.0,0.2695015368,3787.358682,6.47729e-07,0.00502741
4000.0,0.2695018057,3787.603773,6.47763e-07,0.00502643
4000.0,0.2694947886,3787.2498,6.4778e-07,0.00502706
4000.0,0.269512887,3787.370505,6.47806e-07,0.00502691
Freq,4000,Rs,3787.316574,0.43990931762368884,Ls,0.269506761175,1.8307216923262125e-05
":SOUR:DCS:STAT OFF;:BIAS:STAT OFF;:COMP:BIN:COUN:CLE;:LIST:CLE:ALL;:COMP:BIN:CLE;:AMPL:ALC OFF;:APER MED,4;:BIAS:POL:AUTO OFF;:BIAS:RANG:AUTO ON;:BIAS:VOLT:LEV 0;:COMP:ABIN OFF;:COMP:BIN:COUN:STAT OFF;:COMP:MODE PTOL;:COMP:SLIM -9.9e+037,9.9e+037;:COMP:STAT OFF;:COMP:SWAP OFF;:COMP:TOL:NOM 0;:CURR:LEV 5e-005;:DISP:ENAB ON;:DISP:LINE """";:DISP:WIND:TEXT1:DATA:FMSD:DATA 1e-009;:DISP:WIND:TEXT2:DATA:FMSD:DATA 1e-009;:FORM:ASC:LONG ON;:FORM:BORD NORM;:FORM:DATA ASC,64;:FREQ:CW 4000;:FUNC:DEV1:MODE OFF;:FUNC:DEV1:REF:VAL 0;:FUNC:DEV2:MODE OFF;:FUNC:DEV2:REF:VAL 0;:FUNC:IMP:TYPE LSRS;:FUNC:SMON:IDC:STAT OFF;:FUNC:SMON:VDC:STAT OFF;:INIT:CONT OFF;:LIST:MODE SEQ;:LIST:STIM:TYPE FREQ,NONE;:SOUR:DCS:VOLT:LEV 0;:TRIG:DEL 0;:TRIG:SOUR INT;:TRIG:TDEL 0;:DISP:WIND:TEXT1:DATA:FMSD:STAT OFF;:DISP:WIND:TEXT2:DATA:FMSD:STAT OFF;:FUNC:DCR:RANG:VAL 100;:FUNC:IMP:RANG:VAL 3000;:OUTP:DC:ISOL:LEV:VAL 0.0002;:OUTP:DC:ISOL:STAT OFF;:FUNC:DCR:RANG:AUTO ON;:FUNC:IMP:RANG:AUTO ON;:OUTP:DC:ISOL:LEV:AUTO ON;:DISP:PAGE MEASurement;
"
5000.0,0.2595708846,4690.444458,5.34422e-07,0.00502731
5000.0,0.2595646733,4690.567138,5.34423e-07,0.00502707
5000.0,0.2595613649,4690.210304,5.34397e-07,0.00502739
5000.0,0.2595505792,4690.84448,5.34398e-07,0.00502732
5000.0,0.2595469612,4690.376533,5.34429e-07,0.00502735
5000.0,0.259563935,4690.337223,5.34419e-07,0.00502728
5000.0,0.2595700877,4690.795363,5.34387e-07,0.00502737
5000.0,0.259561225,4690.801525,5.34424e-07,0.00502744
5000.0,0.2595472804,4690.681737,5.34424e-07,0.00502737
5000.0,0.2595753557,4690.670457,5.34398e-07,0.00502755
5000.0,0.259569757,4690.373043,5.34419e-07,0.00502743
5000.0,0.2595605064,4689.692414,5.34394e-07,0.00502728
5000.0,0.2595599749,4690.346683,5.34393e-07,0.00502735
5000.0,0.2595660722,4690.259736,5.34407e-07,0.00502721
5000.0,0.2595721352,4690.28012,5.34396e-07,0.00502706
5000.0,0.2595664458,4690.660885,5.34436e-07,0.005027
Freq,5000,Rs,4690.4588811875,0.29313124273905833,Ls,0.25956295240625005,8.559373711236699e-06
":SOUR:DCS:STAT OFF;:BIAS:STAT OFF;:COMP:BIN:COUN:CLE;:LIST:CLE:ALL;:COMP:BIN:CLE;:AMPL:ALC OFF;:APER MED,4;:BIAS:POL:AUTO OFF;:BIAS:RANG:AUTO ON;:BIAS:VOLT:LEV 0;:COMP:ABIN OFF;:COMP:BIN:COUN:STAT OFF;:COMP:MODE PTOL;:COMP:SLIM -9.9e+037,9.9e+037;:COMP:STAT OFF;:COMP:SWAP OFF;:COMP:TOL:NOM 0;:CURR:LEV 5e-005;:DISP:ENAB ON;:DISP:LINE """";:DISP:WIND:TEXT1:DATA:FMSD:DATA 1e-009;:DISP:WIND:TEXT2:DATA:FMSD:DATA 1e-009;:FORM:ASC:LONG ON;:FORM:BORD NORM;:FORM:DATA ASC,64;:FREQ:CW 5000;:FUNC:DEV1:MODE OFF;:FUNC:DEV1:REF:VAL 0;:FUNC:DEV2:MODE OFF;:FUNC:DEV2:REF:VAL 0;:FUNC:IMP:TYPE LSRS;:FUNC:SMON:IDC:STAT OFF;:FUNC:SMON:VDC:STAT OFF;:INIT:CONT OFF;:LIST:MODE SEQ;:LIST:STIM:TYPE FREQ,NONE;:SOUR:DCS:VOLT:LEV 0;:TRIG:DEL 0;:TRIG:SOUR INT;:TRIG:TDEL 0;:DISP:WIND:TEXT1:DATA:FMSD:STAT OFF;:DISP:WIND:TEXT2:DATA:FMSD:STAT OFF;:FUNC:DCR:RANG:VAL 100;:FUNC:IMP:RANG:VAL 3000;:OUTP:DC:ISOL:LEV:VAL 0.0002;:OUTP:DC:ISOL:STAT OFF;:FUNC:DCR:RANG:AUTO ON;:FUNC:IMP:RANG:AUTO ON;:OUTP:DC:ISOL:LEV:AUTO ON;:DISP:PAGE MEASurement;
"
6000.0,0.253627639,5736.362818,4.5136e-07,0.00503272
6000.0,0.253619405,5736.262848,4.51372e-07,0.00503267
6000.0,0.2536275723,5736.031101,4.5135e-07,0.00503269
6000.0,0.2536181976,5736.395539,4.51371e-07,0.00503272
6000.0,0.2536183466,5736.500051,4.5137e-07,0.0050327
6000.0,0.2536170612,5736.194493,4.51369e-07,0.00503284
6000.0,0.2536448359,5736.632228,4.51361e-07,0.0050328
6000.0,0.2536275663,5735.871503,4.51388e-07,0.0050329
6000.0,0.2536136198,5735.89179,4.51373e-07,0.00503285
6000.0,0.2536223605,5735.501132,4.51374e-07,0.00503275
6000.0,0.2536201474,5736.379043,4.51354e-07,0.00503289
6000.0,0.2536103723,5736.737595,4.51389e-07,0.00503276
6000.0,0.2536372468,5736.154345,4.51368e-07,0.00503302
6000.0,0.2536399226,5736.146332,4.51373e-07,0.00503273
6000.0,0.2536291973,5735.616866,4.51371e-07,0.00503297
6000.0,0.2536295277,5736.323372,4.5138e-07,0.00503276
Freq,6000,Rs,5736.187566,0.3410030047651683,Ls,0.25362518864375005,9.601070006476068e-06
":SOUR:DCS:STAT OFF;:BIAS:STAT OFF;:COMP:BIN:COUN:CLE;:LIST:CLE:ALL;:COMP:BIN:CLE;:AMPL:ALC OFF;:APER MED,4;:BIAS:POL:AUTO OFF;:BIAS:RANG:AUTO ON;:BIAS:VOLT:LEV 0;:COMP:ABIN OFF;:COMP:BIN:COUN:STAT OFF;:COMP:MODE PTOL;:COMP:SLIM -9.9e+037,9.9e+037;:COMP:STAT OFF;:COMP:SWAP OFF;:COMP:TOL:NOM 0;:CURR:LEV 5e-005;:DISP:ENAB ON;:DISP:LINE """";:DISP:WIND:TEXT1:DATA:FMSD:DATA 1e-009;:DISP:WIND:TEXT2:DATA:FMSD:DATA 1e-009;:FORM:ASC:LONG ON;:FORM:BORD NORM;:FORM:DATA ASC,64;:FREQ:CW 6000;:FUNC:DEV1:MODE OFF;:FUNC:DEV1:REF:VAL 0;:FUNC:DEV2:MODE OFF;:FUNC:DEV2:REF:VAL 0;:FUNC:IMP:TYPE LSRS;:FUNC:SMON:IDC:STAT OFF;:FUNC:SMON:VDC:STAT OFF;:INIT:CONT OFF;:LIST:MODE SEQ;:LIST:STIM:TYPE FREQ,NONE;:SOUR:DCS:VOLT:LEV 0;:TRIG:DEL 0;:TRIG:SOUR INT;:TRIG:TDEL 0;:DISP:WIND:TEXT1:DATA:FMSD:STAT OFF;:DISP:WIND:TEXT2:DATA:FMSD:STAT OFF;:FUNC:DCR:RANG:VAL 100;:FUNC:IMP:RANG:VAL 10000;:OUTP:DC:ISOL:LEV:VAL 0.0002;:OUTP:DC:ISOL:STAT OFF;:FUNC:DCR:RANG:AUTO ON;:FUNC:IMP:RANG:AUTO ON;:OUTP:DC:ISOL:LEV:AUTO ON;:DISP:PAGE MEASurement;
"
7000.0,0.2511104926,6977.59805,3.855e-07,0.00503592
7000.0,0.2511115213,6977.613263,3.85484e-07,0.00503605
7000.0,0.251112209,6977.822275,3.8549e-07,0.00503607
7000.0,0.251129078,6977.7399,3.85486e-07,0.0050362
7000.0,0.2510948702,6977.511482,3.85495e-07,0.00503617
7000.0,0.2510989486,6977.842498,3.85506e-07,0.00503624
7000.0,0.2511192306,6977.858294,3.85505e-07,0.00503615
7000.0,0.2511135753,6978.351993,3.855e-07,0.00503601
7000.0,0.2511086693,6978.620253,3.85485e-07,0.00503613
7000.0,0.2510841284,6977.752034,3.85484e-07,0.00503609
7000.0,0.2511135273,6978.269821,3.85479e-07,0.00503606
7000.0,0.2511025913,6978.009829,3.85492e-07,0.00503613
7000.0,0.2511059977,6977.992688,3.85494e-07,0.00503616
7000.0,0.2511002493,6977.719821,3.85486e-07,0.00503617
7000.0,0.2510969443,6977.225662,3.85504e-07,0.00503603
7000.0,0.2511107331,6978.089718,3.855e-07,0.00503603
Freq,7000,Rs,6977.8760988125,0.34423665343144705,Ls,0.25110704789375005,1.065058162051661e-05
":SOUR:DCS:STAT OFF;:BIAS:STAT OFF;:COMP:BIN:COUN:CLE;:LIST:CLE:ALL;:COMP:BIN:CLE;:AMPL:ALC OFF;:APER MED,4;:BIAS:POL:AUTO OFF;:BIAS:RANG:AUTO ON;:BIAS:VOLT:LEV 0;:COMP:ABIN OFF;:COMP:BIN:COUN:STAT OFF;:COMP:MODE PTOL;:COMP:SLIM -9.9e+037,9.9e+037;:COMP:STAT OFF;:COMP:SWAP OFF;:COMP:TOL:NOM 0;:CURR:LEV 5e-005;:DISP:ENAB ON;:DISP:LINE """";:DISP:WIND:TEXT1:DATA:FMSD:DATA 1e-009;:DISP:WIND:TEXT2:DATA:FMSD:DATA 1e-009;:FORM:ASC:LONG ON;:FORM:BORD NORM;:FORM:DATA ASC,64;:FREQ:CW 7000;:FUNC:DEV1:MODE OFF;:FUNC:DEV1:REF:VAL 0;:FUNC:DEV2:MODE OFF;:FUNC:DEV2:REF:VAL 0;:FUNC:IMP:TYPE LSRS;:FUNC:SMON:IDC:STAT OFF;:FUNC:SMON:VDC:STAT OFF;:INIT:CONT OFF;:LIST:MODE SEQ;:LIST:STIM:TYPE FREQ,NONE;:SOUR:DCS:VOLT:LEV 0;:TRIG:DEL 0;:TRIG:SOUR INT;:TRIG:TDEL 0;:DISP:WIND:TEXT1:DATA:FMSD:STAT OFF;:DISP:WIND:TEXT2:DATA:FMSD:STAT OFF;:FUNC:DCR:RANG:VAL 100;:FUNC:IMP:RANG:VAL 10000;:OUTP:DC:ISOL:LEV:VAL 0.0002;:OUTP:DC:ISOL:STAT OFF;:FUNC:DCR:RANG:AUTO ON;:FUNC:IMP:RANG:AUTO ON;:OUTP:DC:ISOL:LEV:AUTO ON;:DISP:PAGE MEASurement;
"
8000.0,0.2506937108,8509.850228,3.31344e-07,0.0050383
8000.0,0.2507020737,8510.418561,3.31343e-07,0.00503834
8000.0,0.25069804,8510.43411,3.3133e-07,0.00503809
8000.0,0.2506354458,8510.578974,3.31339e-07,0.00503834
8000.0,0.2506818338,8510.379409,3.31347e-07,0.0050384
8000.0,0.2506744188,8510.358169,3.31334e-07,0.00503818
8000.0,0.250671449,8510.202877,3.31321e-07,0.00503815
8000.0,0.2506640391,8509.707862,3.31341e-07,0.00503804
8000.0,0.2506667121,8510.307436,3.31338e-07,0.00503818
8000.0,0.2506772058,8509.511014,3.31363e-07,0.00503842
8000.0,0.2507067026,8509.15474,3.31359e-07,0.00503831
8000.0,0.2507066309,8509.372943,3.31349e-07,0.00503815
8000.0,0.2506703639,8508.348753,3.31345e-07,0.00503821
8000.0,0.2506698222,8508.680484,3.31335e-07,0.00503833
8000.0,0.2506998318,8510.104668,3.31343e-07,0.00503825
8000.0,0.2506861698,8509.468452,3.31344e-07,0.00503813
Freq,8000,Rs,8509.8049175,0.6690111755681815,Ls,0.25068152813125,1.9227047737900222e-05
":SOUR:DCS:STAT OFF;:BIAS:STAT OFF;:COMP:BIN:COUN:CLE;:LIST:CLE:ALL;:COMP:BIN:CLE;:AMPL:ALC OFF;:APER MED,4;:BIAS:POL:AUTO OFF;:BIAS:RANG:AUTO ON;:BIAS:VOLT:LEV 0;:COMP:ABIN OFF;:COMP:BIN:COUN:STAT OFF;:COMP:MODE PTOL;:COMP:SLIM -9.9e+037,9.9e+037;:COMP:STAT OFF;:COMP:SWAP OFF;:COMP:TOL:NOM 0;:CURR:LEV 5e-005;:DISP:ENAB ON;:DISP:LINE """";:DISP:WIND:TEXT1:DATA:FMSD:DATA 1e-009;:DISP:WIND:TEXT2:DATA:FMSD:DATA 1e-009;:FORM:ASC:LONG ON;:FORM:BORD NORM;:FORM:DATA ASC,64;:FREQ:CW 8000;:FUNC:DEV1:MODE OFF;:FUNC:DEV1:REF:VAL 0;:FUNC:DEV2:MODE OFF;:FUNC:DEV2:REF:VAL 0;:FUNC:IMP:TYPE LSRS;:FUNC:SMON:IDC:STAT OFF;:FUNC:SMON:VDC:STAT OFF;:INIT:CONT OFF;:LIST:MODE SEQ;:LIST:STIM:TYPE FREQ,NONE;:SOUR:DCS:VOLT:LEV 0;:TRIG:DEL 0;:TRIG:SOUR INT;:TRIG:TDEL 0;:DISP:WIND:TEXT1:DATA:FMSD:STAT OFF;:DISP:WIND:TEXT2:DATA:FMSD:STAT OFF;:FUNC:DCR:RANG:VAL 100;:FUNC:IMP:RANG:VAL 10000;:OUTP:DC:ISOL:LEV:VAL 0.0002;:OUTP:DC:ISOL:STAT OFF;:FUNC:DCR:RANG:AUTO ON;:FUNC:IMP:RANG:AUTO ON;:OUTP:DC:ISOL:LEV:AUTO ON;:DISP:PAGE MEASurement;
"
10000.0,0.2526710797,12909.80401,2.46106e-07,0.00503615
10000.0,0.2526846937,12912.92579,2.46059e-07,0.00503612
10000.0,0.2526991777,12915.52736,2.46048e-07,0.00503613
10000.0,0.2528250192,12914.26725,2.46015e-07,0.00503603
10000.0,0.2527927199,12909.89902,2.46022e-07,0.0050362
10000.0,0.2528192093,12907.27024,2.46072e-07,0.00503605
10000.0,0.2527606369,12902.9431,2.46142e-07,0.00503589
10000.0,0.2527084892,12905.16691,2.46122e-07,0.0050359
10000.0,0.2526586242,12910.68352,2.4609e-07,0.00503597
10000.0,0.2527153888,12913.87438,2.46074e-07,0.00503619
10000.0,0.2527629249,12914.21292,2.46008e-07,0.0050363
10000.0,0.2528221202,12911.28128,2.46018e-07,0.00503609
10000.0,0.2528185522,12908.33022,2.46045e-07,0.00503605
10000.0,0.2527980475,12905.04216,2.46088e-07,0.00503606
10000.0,0.2527216231,12903.72985,2.46127e-07,0.00503589
10000.0,0.2526972149,12907.34971,2.46112e-07,0.00503612
Freq,10000,Rs,12909.519232499999,4.023742283394781,Ls,0.25274722008749995,5.918727544451365e-05
":SOUR:DCS:STAT OFF;:BIAS:STAT OFF;:COMP:BIN:COUN:CLE;:LIST:CLE:ALL;:COMP:BIN:CLE;:AMPL:ALC OFF;:APER MED,4;:BIAS:POL:AUTO OFF;:BIAS:RANG:AUTO ON;:BIAS:VOLT:LEV 0;:COMP:ABIN OFF;:COMP:BIN:COUN:STAT OFF;:COMP:MODE PTOL;:COMP:SLIM -9.9e+037,9.9e+037;:COMP:STAT OFF;:COMP:SWAP OFF;:COMP:TOL:NOM 0;:CURR:LEV 5e-005;:DISP:ENAB ON;:DISP:LINE """";:DISP:WIND:TEXT1:DATA:FMSD:DATA 1e-009;:DISP:WIND:TEXT2:DATA:FMSD:DATA 1e-009;:FORM:ASC:LONG ON;:FORM:BORD NORM;:FORM:DATA ASC,64;:FREQ:CW 10000;:FUNC:DEV1:MODE OFF;:FUNC:DEV1:REF:VAL 0;:FUNC:DEV2:MODE OFF;:FUNC:DEV2:REF:VAL 0;:FUNC:IMP:TYPE LSRS;:FUNC:SMON:IDC:STAT OFF;:FUNC:SMON:VDC:STAT OFF;:INIT:CONT OFF;:LIST:MODE SEQ;:LIST:STIM:TYPE FREQ,NONE;:SOUR:DCS:VOLT:LEV 0;:TRIG:DEL 0;:TRIG:SOUR INT;:TRIG:TDEL 0;:DISP:WIND:TEXT1:DATA:FMSD:STAT OFF;:DISP:WIND:TEXT2:DATA:FMSD:STAT OFF;:FUNC:DCR:RANG:VAL 100;:FUNC:IMP:RANG:VAL 10000;:OUTP:DC:ISOL:LEV:VAL 0.0002;:OUTP:DC:ISOL:STAT OFF;:FUNC:DCR:RANG:AUTO ON;:FUNC:IMP:RANG:AUTO ON;:OUTP:DC:ISOL:LEV:AUTO ON;:DISP:PAGE MEASurement;
"
12000.0,0.2485103489,20363.94805,1.82101e-07,0.00503877
12000.0,0.2485221914,20366.26017,1.82095e-07,0.00503918
12000.0,0.2484780955,20366.12244,1.82103e-07,0.00503913
12000.0,0.248543479,20361.91173,1.82094e-07,0.00503934
12000.0,0.2485078564,20365.23634,1.82094e-07,0.00503896
12000.0,0.2485338454,20362.97352,1.82118e-07,0.00503929
12000.0,0.2485493109,20363.93371,1.82078e-07,0.00503927
12000.0,0.2485259345,20361.645,1.82109e-07,0.00503921
12000.0,0.2484598234,20365.78498,1.82132e-07,0.00503903
12000.0,0.2485688441,20362.22812,1.8212e-07,0.00503916
12000.0,0.2485070413,20362.99375,1.82105e-07,0.00503895
12000.0,0.2485611509,20357.05938,1.82101e-07,0.00503916
12000.0,0.2485395964,20362.87568,1.82085e-07,0.00503902
12000.0,0.2485130924,20360.86038,1.82089e-07,0.00503879
12000.0,0.2485126724,20360.79689,1.82129e-07,0.00503898
12000.0,0.2485328588,20362.80123,1.82119e-07,0.00503918
Freq,12000,Rs,20362.964460625,2.356276279028875,Ls,0.24852288385625,2.8313377081582774e-05
":SOUR:DCS:STAT OFF;:BIAS:STAT OFF;:COMP:BIN:COUN:CLE;:LIST:CLE:ALL;:COMP:BIN:CLE;:AMPL:ALC OFF;:APER MED,4;:BIAS:POL:AUTO OFF;:BIAS:RANG:AUTO ON;:BIAS:VOLT:LEV 0;:COMP:ABIN OFF;:COMP:BIN:COUN:STAT OFF;:COMP:MODE PTOL;:COMP:SLIM -9.9e+037,9.9e+037;:COMP:STAT OFF;:COMP:SWAP OFF;:COMP:TOL:NOM 0;:CURR:LEV 5e-005;:DISP:ENAB ON;:DISP:LINE """";:DISP:WIND:TEXT1:DATA:FMSD:DATA 1e-009;:DISP:WIND:TEXT2:DATA:FMSD:DATA 1e-009;:FORM:ASC:LONG ON;:FORM:BORD NORM;:FORM:DATA ASC,64;:FREQ:CW 12000;:FUNC:DEV1:MODE OFF;:FUNC:DEV1:REF:VAL 0;:FUNC:DEV2:MODE OFF;:FUNC:DEV2:REF:VAL 0;:FUNC:IMP:TYPE LSRS;:FUNC:SMON:IDC:STAT OFF;:FUNC:SMON:VDC:STAT OFF;:INIT:CONT OFF;:LIST:MODE SEQ;:LIST:STIM:TYPE FREQ,NONE;:SOUR:DCS:VOLT:LEV 0;:TRIG:DEL 0;:TRIG:SOUR INT;:TRIG:TDEL 0;:DISP:WIND:TEXT1:DATA:FMSD:STAT OFF;:DISP:WIND:TEXT2:DATA:FMSD:STAT OFF;:FUNC:DCR:RANG:VAL 100;:FUNC:IMP:RANG:VAL 10000;:OUTP:DC:ISOL:LEV:VAL 0.0002;:OUTP:DC:ISOL:STAT OFF;:FUNC:DCR:RANG:AUTO ON;:FUNC:IMP:RANG:AUTO ON;:OUTP:DC:ISOL:LEV:AUTO ON;:DISP:PAGE MEASurement;
"
14000.0,0.2053564337,32698.42821,1.34945e-07,0.00504177
14000.0,0.205378144,32701.58395,1.34947e-07,0.00504168
14000.0,0.2052721226,32702.55032,1.34947e-07,0.00504172
14000.0,0.2053482014,32705.93343,1.34952e-07,0.00504156
14000.0,0.2053738116,32701.9867,1.34961e-07,0.00504177
14000.0,0.2053412931,32704.8287,1.34967e-07,0.00504179
14000.0,0.2053217361,32706.40079,1.34946e-07,0.00504195
14000.0,0.2053305563,32697.56797,1.34974e-07,0.00504164
14000.0,0.2053721739,32705.47154,1.34947e-07,0.00504146
14000.0,0.2053236846,32701.05917,1.34944e-07,0.00504186
14000.0,0.2053856281,32702.97521,1.34964e-07,0.00504203
14000.0,0.2053914154,32703.47892,1.3495e-07,0.00504169
14000.0,0.2053510448,32705.38209,1.34965e-07,0.00504178
14000.0,0.2053560112,32702.0094,1.34948e-07,0.00504189
14000.0,0.2053674112,32706.91227,1.34967e-07,0.00504215
14000.0,0.2053617569,32702.60374,1.34959e-07,0.00504146
Freq,14000,Rs,32703.073275625,2.6993190346579716,Ls,0.20535196405625,2.978474885899433e-05
":SOUR:DCS:STAT OFF;:BIAS:STAT OFF;:COMP:BIN:COUN:CLE;:LIST:CLE:ALL;:COMP:BIN:CLE;:AMPL:ALC OFF;:APER MED,4;:BIAS:POL:AUTO OFF;:BIAS:RANG:AUTO ON;:BIAS:VOLT:LEV 0;:COMP:ABIN OFF;:COMP:BIN:COUN:STAT OFF;:COMP:MODE PTOL;:COMP:SLIM -9.9e+037,9.9e+037;:COMP:STAT OFF;:COMP:SWAP OFF;:COMP:TOL:NOM 0;:CURR:LEV 5e-005;:DISP:ENAB ON;:DISP:LINE """";:DISP:WIND:TEXT1:DATA:FMSD:DATA 1e-009;:DISP:WIND:TEXT2:DATA:FMSD:DATA 1e-009;:FORM:ASC:LONG ON;:FORM:BORD NORM;:FORM:DATA ASC,64;:FREQ:CW 14000;:FUNC:DEV1:MODE OFF;:FUNC:DEV1:REF:VAL 0;:FUNC:DEV2:MODE OFF;:FUNC:DEV2:REF:VAL 0;:FUNC:IMP:TYPE LSRS;:FUNC:SMON:IDC:STAT OFF;:FUNC:SMON:VDC:STAT OFF;:INIT:CONT OFF;:LIST:MODE SEQ;:LIST:STIM:TYPE FREQ,NONE;:SOUR:DCS:VOLT:LEV 0;:TRIG:DEL 0;:TRIG:SOUR INT;:TRIG:TDEL 0;:DISP:WIND:TEXT1:DATA:FMSD:STAT OFF;:DISP:WIND:TEXT2:DATA:FMSD:STAT OFF;:FUNC:DCR:RANG:VAL 100;:FUNC:IMP:RANG:VAL 30000;:OUTP:DC:ISOL:LEV:VAL 2e-005;:OUTP:DC:ISOL:STAT OFF;:FUNC:DCR:RANG:AUTO ON;:FUNC:IMP:RANG:AUTO ON;:OUTP:DC:ISOL:LEV:AUTO ON;:DISP:PAGE MEASurement;
"
16000.0,0.05935800569,46935.4523,1.0661e-07,0.00504376
16000.0,0.05936076304,46945.82923,1.06585e-07,0.00504397
16000.0,0.05938280061,46940.69284,1.06599e-07,0.00504405
16000.0,0.05931535902,46930.65289,1.06586e-07,0.0050439
16000.0,0.05931838383,46939.68386,1.06603e-07,0.00504414
16000.0,0.05936919003,46935.58078,1.06599e-07,0.00504377
16000.0,0.05925629048,46942.04252,1.06585e-07,0.00504397
16000.0,0.05935888249,46936.79224,1.06607e-07,0.00504384
16000.0,0.05937278757,46936.84246,1.06584e-07,0.00504387
16000.0,0.05933737152,46946.44915,1.06599e-07,0.00504398
16000.0,0.05931455099,46938.87588,1.06596e-07,0.00504411
16000.0,0.05940819589,46940.99979,1.06585e-07,0.00504392
16000.0,0.05934716135,46942.7936,1.06598e-07,0.00504388
16000.0,0.05938931203,46941.77667,1.06584e-07,0.00504409
16000.0,0.05938682745,46942.0698,1.06603e-07,0.00504397
16000.0,0.05933942787,46941.66557,1.06584e-07,0.00504406
Freq,16000,Rs,46939.88747375,4.068105463825341,Ls,0.05935095686625,3.742819326763767e-05
":SOUR:DCS:STAT OFF;:BIAS:STAT OFF;:COMP:BIN:COUN:CLE;:LIST:CLE:ALL;:COMP:BIN:CLE;:AMPL:ALC OFF;:APER MED,4;:BIAS:POL:AUTO OFF;:BIAS:RANG:AUTO ON;:BIAS:VOLT:LEV 0;:COMP:ABIN OFF;:COMP:BIN:COUN:STAT OFF;:COMP:MODE PTOL;:COMP:SLIM -9.9e+037,9.9e+037;:COMP:STAT OFF;:COMP:SWAP OFF;:COMP:TOL:NOM 0;:CURR:LEV 5e-005;:DISP:ENAB ON;:DISP:LINE """";:DISP:WIND:TEXT1:DATA:FMSD:DATA 1e-009;:DISP:WIND:TEXT2:DATA:FMSD:DATA 1e-009;:FORM:ASC:LONG ON;:FORM:BORD NORM;:FORM:DATA ASC,64;:FREQ:CW 16000;:FUNC:DEV1:MODE OFF;:FUNC:DEV1:REF:VAL 0;:FUNC:DEV2:MODE OFF;:FUNC:DEV2:REF:VAL 0;:FUNC:IMP:TYPE LSRS;:FUNC:SMON:IDC:STAT OFF;:FUNC:SMON:VDC:STAT OFF;:INIT:CONT OFF;:LIST:MODE SEQ;:LIST:STIM:TYPE FREQ,NONE;:SOUR:DCS:VOLT:LEV 0;:TRIG:DEL 0;:TRIG:SOUR INT;:TRIG:TDEL 0;:DISP:WIND:TEXT1:DATA:FMSD:STAT OFF;:DISP:WIND:TEXT2:DATA:FMSD:STAT OFF;:FUNC:DCR:RANG:VAL 100;:FUNC:IMP:RANG:VAL 30000;:OUTP:DC:ISOL:LEV:VAL 2e-005;:OUTP:DC:ISOL:STAT OFF;:FUNC:DCR:RANG:AUTO ON;:FUNC:IMP:RANG:AUTO ON;:OUTP:DC:ISOL:LEV:AUTO ON;:DISP:PAGE MEASurement;
"
16500.0,0.005625910303,48934.85554,1.03127e-07,0.00504595
16500.0,0.005668176752,48938.1668,1.03111e-07,0.00504571
16500.0,0.005696418784,48929.54681,1.03103e-07,0.00504624
16500.0,0.005615808774,48931.01195,1.03124e-07,0.00504622
16500.0,0.005631416307,48931.37427,1.03102e-07,0.00504625
16500.0,0.005630787015,48940.91779,1.03094e-07,0.00504596
16500.0,0.005585366,48943.95884,1.03094e-07,0.00504609
16500.0,0.005643213335,48934.00387,1.03106e-07,0.00504599
16500.0,0.005663922614,48927.05412,1.03116e-07,0.00504581
16500.0,0.005607375321,48941.3451,1.03098e-07,0.00504601
16500.0,0.005683778823,48932.04378,1.0312e-07,0.00504604
16500.0,0.005605999599,48939.71652,1.03117e-07,0.00504622
16500.0,0.005617572122,48938.40338,1.03119e-07,0.00504594
16500.0,0.005544952144,48940.48834,1.03109e-07,0.00504616
16500.0,0.005628610165,48929.42874,1.03121e-07,0.00504611
16500.0,0.005714904378,48935.20807,1.03115e-07,0.00504621
Freq,16500,Rs,48935.470245000004,5.090786958581721,Ls,0.0056352632772500005,4.2850351825995425e-05
":SOUR:DCS:STAT OFF;:BIAS:STAT OFF;:COMP:BIN:COUN:CLE;:LIST:CLE:ALL;:COMP:BIN:CLE;:AMPL:ALC OFF;:APER MED,4;:BIAS:POL:AUTO OFF;:BIAS:RANG:AUTO ON;:BIAS:VOLT:LEV 0;:COMP:ABIN OFF;:COMP:BIN:COUN:STAT OFF;:COMP:MODE PTOL;:COMP:SLIM -9.9e+037,9.9e+037;:COMP:STAT OFF;:COMP:SWAP OFF;:COMP:TOL:NOM 0;:CURR:LEV 5e-005;:DISP:ENAB ON;:DISP:LINE """";:DISP:WIND:TEXT1:DATA:FMSD:DATA 1e-009;:DISP:WIND:TEXT2:DATA:FMSD:DATA 1e-009;:FORM:ASC:LONG ON;:FORM:BORD NORM;:FORM:DATA ASC,64;:FREQ:CW 16500;:FUNC:DEV1:MODE OFF;:FUNC:DEV1:REF:VAL 0;:FUNC:DEV2:MODE OFF;:FUNC:DEV2:REF:VAL 0;:FUNC:IMP:TYPE LSRS;:FUNC:SMON:IDC:STAT OFF;:FUNC:SMON:VDC:STAT OFF;:INIT:CONT OFF;:LIST:MODE SEQ;:LIST:STIM:TYPE FREQ,NONE;:SOUR:DCS:VOLT:LEV 0;:TRIG:DEL 0;:TRIG:SOUR INT;:TRIG:TDEL 0;:DISP:WIND:TEXT1:DATA:FMSD:STAT OFF;:DISP:WIND:TEXT2:DATA:FMSD:STAT OFF;:FUNC:DCR:RANG:VAL 100;:FUNC:IMP:RANG:VAL 30000;:OUTP:DC:ISOL:LEV:VAL 2e-005;:OUTP:DC:ISOL:STAT OFF;:FUNC:DCR:RANG:AUTO ON;:FUNC:IMP:RANG:AUTO ON;:OUTP:DC:ISOL:LEV:AUTO ON;:DISP:PAGE MEASurement;
"
17000.0,-0.04959610176,49621.89597,1.0115e-07,0.00504757
17000.0,-0.04960592163,49631.16393,1.01159e-07,0.00504777
17000.0,-0.04956001011,49621.76029,1.01152e-07,0.00504755
17000.0,-0.04965804608,49617.95848,1.01142e-07,0.00504747
17000.0,-0.04959012778,49619.79465,1.01137e-07,0.00504747
17000.0,-0.04960565821,49614.93217,1.01139e-07,0.00504779
17000.0,-0.04966594081,49626.38094,1.01144e-07,0.00504747
17000.0,-0.04964434713,49613.58127,1.01145e-07,0.00504733
17000.0,-0.04964407047,49608.35267,1.01173e-07,0.00504767
17000.0,-0.04968318748,49620.65012,1.01163e-07,0.00504747
17000.0,-0.0496342754,49623.48867,1.01142e-07,0.00504759
17000.0,-0.04957428614,49612.002,1.01136e-07,0.00504768
17000.0,-0.04967396622,49616.01467,1.01164e-07,0.00504735
17000.0,-0.04968339588,49621.43846,1.01142e-07,0.00504791
17000.0,-0.04959330818,49618.16621,1.01135e-07,0.00504753
17000.0,-0.04963427579,49615.50289,1.01148e-07,0.00504733
Freq,17000,Rs,49618.942711875,5.6510227384008465,Ls,-0.049627932441874995,3.9432176117891177e-05
":SOUR:DCS:STAT OFF;:BIAS:STAT OFF;:COMP:BIN:COUN:CLE;:LIST:CLE:ALL;:COMP:BIN:CLE;:AMPL:ALC OFF;:APER MED,4;:BIAS:POL:AUTO OFF;:BIAS:RANG:AUTO ON;:BIAS:VOLT:LEV 0;:COMP:ABIN OFF;:COMP:BIN:COUN:STAT OFF;:COMP:MODE PTOL;:COMP:SLIM -9.9e+037,9.9e+037;:COMP:STAT OFF;:COMP:SWAP OFF;:COMP:TOL:NOM 0;:CURR:LEV 5e-005;:DISP:ENAB ON;:DISP:LINE """";:DISP:WIND:TEXT1:DATA:FMSD:DATA 1e-009;:DISP:WIND:TEXT2:DATA:FMSD:DATA 1e-009;:FORM:ASC:LONG ON;:FORM:BORD NORM;:FORM:DATA ASC,64;:FREQ:CW 17000;:FUNC:DEV1:MODE OFF;:FUNC:DEV1:REF:VAL 0;:FUNC:DEV2:MODE OFF;:FUNC:DEV2:REF:VAL 0;:FUNC:IMP:TYPE LSRS;:FUNC:SMON:IDC:STAT OFF;:FUNC:SMON:VDC:STAT OFF;:INIT:CONT OFF;:LIST:MODE SEQ;:LIST:STIM:TYPE FREQ,NONE;:SOUR:DCS:VOLT:LEV 0;:TRIG:DEL 0;:TRIG:SOUR INT;:TRIG:TDEL 0;:DISP:WIND:TEXT1:DATA:FMSD:STAT OFF;:DISP:WIND:TEXT2:DATA:FMSD:STAT OFF;:FUNC:DCR:RANG:VAL 100;:FUNC:IMP:RANG:VAL 30000;:OUTP:DC:ISOL:LEV:VAL 2e-005;:OUTP:DC:ISOL:STAT OFF;:FUNC:DCR:RANG:AUTO ON;:FUNC:IMP:RANG:AUTO ON;:OUTP:DC:ISOL:LEV:AUTO ON;:DISP:PAGE MEASurement;
"
17500.0,-0.1017736515,48878.41252,1.00737e-07,0.0050491
17500.0,-0.1018812125,48862.53978,1.00704e-07,0.00504894
17500.0,-0.1017525563,48859.175,1.00702e-07,0.00504867
17500.0,-0.1017672619,48864.81064,1.00707e-07,0.00504894
17500.0,-0.1018721764,48860.73638,1.00732e-07,0.0050488
17500.0,-0.1017799413,48851.64612,1.00722e-07,0.0050489
17500.0,-0.1017685035,48855.85705,1.0073e-07,0.00504887
17500.0,-0.1019024137,48860.06792,1.0073e-07,0.00504898
17500.0,-0.101871671,48862.89071,1.00734e-07,0.00504866
17500.0,-0.101762496,48867.01354,1.00722e-07,0.00504905
17500.0,-0.1019011199,48865.94947,1.00711e-07,0.00504899
17500.0,-0.1018217977,48865.05414,1.00718e-07,0.00504913
17500.0,-0.1017999584,48871.31827,1.00695e-07,0.00504877
17500.0,-0.1017699636,48865.27244,1.00724e-07,0.00504871
17500.0,-0.1018245559,48875.90268,1.00717e-07,0.00504905
17500.0,-0.101886025,48854.61574,1.00717e-07,0.00504885
Freq,17500,Rs,48863.8289,7.204159385469819,Ls,-0.10182095653750001,5.587312635617598e-05
":SOUR:DCS:STAT OFF;:BIAS:STAT OFF;:COMP:BIN:COUN:CLE;:LIST:CLE:ALL;:COMP:BIN:CLE;:AMPL:ALC OFF;:APER MED,4;:BIAS:POL:AUTO OFF;:BIAS:RANG:AUTO ON;:BIAS:VOLT:LEV 0;:COMP:ABIN OFF;:COMP:BIN:COUN:STAT OFF;:COMP:MODE PTOL;:COMP:SLIM -9.9e+037,9.9e+037;:COMP:STAT OFF;:COMP:SWAP OFF;:COMP:TOL:NOM 0;:CURR:LEV 5e-005;:DISP:ENAB ON;:DISP:LINE """";:DISP:WIND:TEXT1:DATA:FMSD:DATA 1e-009;:DISP:WIND:TEXT2:DATA:FMSD:DATA 1e-009;:FORM:ASC:LONG ON;:FORM:BORD NORM;:FORM:DATA ASC,64;:FREQ:CW 17500;:FUNC:DEV1:MODE OFF;:FUNC:DEV1:REF:VAL 0;:FUNC:DEV2:MODE OFF;:FUNC:DEV2:REF:VAL 0;:FUNC:IMP:TYPE LSRS;:FUNC:SMON:IDC:STAT OFF;:FUNC:SMON:VDC:STAT OFF;:INIT:CONT OFF;:LIST:MODE SEQ;:LIST:STIM:TYPE FREQ,NONE;:SOUR:DCS:VOLT:LEV 0;:TRIG:DEL 0;:TRIG:SOUR INT;:TRIG:TDEL 0;:DISP:WIND:TEXT1:DATA:FMSD:STAT OFF;:DISP:WIND:TEXT2:DATA:FMSD:STAT OFF;:FUNC:DCR:RANG:VAL 100;:FUNC:IMP:RANG:VAL 30000;:OUTP:DC:ISOL:LEV:VAL 2e-005;:OUTP:DC:ISOL:STAT OFF;:FUNC:DCR:RANG:AUTO ON;:FUNC:IMP:RANG:AUTO ON;:OUTP:DC:ISOL:LEV:AUTO ON;:DISP:PAGE MEASurement;
"
18000.0,-0.1469072902,46778.41736,1.01753e-07,0.00504996
18000.0,-0.1467721936,46771.13477,1.01745e-07,0.00504994
18000.0,-0.1467668894,46765.29482,1.01762e-07,0.00505025
18000.0,-0.1467421623,46782.92664,1.01767e-07,0.00505001
18000.0,-0.1467750641,46775.94661,1.01756e-07,0.00505005
18000.0,-0.1467358599,46778.44117,1.01741e-07,0.00505026
18000.0,-0.1467751931,46769.31726,1.0174e-07,0.00505
18000.0,-0.1467425532,46778.07377,1.01759e-07,0.00504996
18000.0,-0.1467832916,46768.18307,1.01758e-07,0.00505058
18000.0,-0.1467524238,46772.01327,1.01753e-07,0.0050503
18000.0,-0.1467635307,46765.82863,1.01751e-07,0.00505008
18000.0,-0.146846488,46771.72297,1.01763e-07,0.00505015
18000.0,-0.1468058716,46778.3756,1.01755e-07,0.00505006
18000.0,-0.146800321,46767.32203,1.01758e-07,0.00505008
18000.0,-0.1468009123,46774.29021,1.01758e-07,0.00505046
18000.0,-0.1467528587,46769.03996,1.01776e-07,0.00504977
Freq,18000,Rs,46772.89550875001,5.3158473568927915,Ls,-0.14678268146875,4.387085679494621e-05
":SOUR:DCS:STAT OFF;:BIAS:STAT OFF;:COMP:BIN:COUN:CLE;:LIST:CLE:ALL;:COMP:BIN:CLE;:AMPL:ALC OFF;:APER MED,4;:BIAS:POL:AUTO OFF;:BIAS:RANG:AUTO ON;:BIAS:VOLT:LEV 0;:COMP:ABIN OFF;:COMP:BIN:COUN:STAT OFF;:COMP:MODE PTOL;:COMP:SLIM -9.9e+037,9.9e+037;:COMP:STAT OFF;:COMP:SWAP OFF;:COMP:TOL:NOM 0;:CURR:LEV 5e-005;:DISP:ENAB ON;:DISP:LINE """";:DISP:WIND:TEXT1:DATA:FMSD:DATA 1e-009;:DISP:WIND:TEXT2:DATA:FMSD:DATA 1e-009;:FORM:ASC:LONG ON;:FORM:BORD NORM;:FORM:DATA ASC,64;:FREQ:CW 18000;:FUNC:DEV1:MODE OFF;:FUNC:DEV1:REF:VAL 0;:FUNC:DEV2:MODE OFF;:FUNC:DEV2:REF:VAL 0;:FUNC:IMP:TYPE LSRS;:FUNC:SMON:IDC:STAT OFF;:FUNC:SMON:VDC:STAT OFF;:INIT:CONT OFF;:LIST:MODE SEQ;:LIST:STIM:TYPE FREQ,NONE;:SOUR:DCS:VOLT:LEV 0;:TRIG:DEL 0;:TRIG:SOUR INT;:TRIG:TDEL 0;:DISP:WIND:TEXT1:DATA:FMSD:STAT OFF;:DISP:WIND:TEXT2:DATA:FMSD:STAT OFF;:FUNC:DCR:RANG:VAL 100;:FUNC:IMP:RANG:VAL 30000;:OUTP:DC:ISOL:LEV:VAL 2e-005;:OUTP:DC:ISOL:STAT OFF;:FUNC:DCR:RANG:AUTO ON;:FUNC:IMP:RANG:AUTO ON;:OUTP:DC:ISOL:LEV:AUTO ON;:DISP:PAGE MEASurement;
"
18500.0,-0.181838215,43666.23635,1.04124e-07,0.00505112
18500.0,-0.1819198598,43664.77441,1.0414e-07,0.00505114
18500.0,-0.1818644075,43664.04116,1.04115e-07,0.00505104
18500.0,-0.1819499813,43662.4547,1.04136e-07,0.00505124
18500.0,-0.1818722271,43659.02598,1.04106e-07,0.0050512
18500.0,-0.1819438928,43658.79112,1.04092e-07,0.00505151
18500.0,-0.1819196061,43659.36658,1.04106e-07,0.00505154
18500.0,-0.1819368721,43662.90783,1.04129e-07,0.00505108
18500.0,-0.1819588572,43666.82772,1.04114e-07,0.00505129
18500.0,-0.1819589824,43667.0937,1.04122e-07,0.00505117
18500.0,-0.1818419047,43655.63842,1.04129e-07,0.00505162
18500.0,-0.1818456565,43658.70264,1.04119e-07,0.00505102
18500.0,-0.1819909911,43658.99263,1.04124e-07,0.005051
18500.0,-0.1819334568,43661.87605,1.04123e-07,0.00505117
18500.0,-0.1818816843,43670.37111,1.04112e-07,0.00505114
18500.0,-0.1818351154,43663.61779,1.04121e-07,0.00505093
Freq,18500,Rs,43662.544886875,3.954025301819477,Ls,-0.18190573188124998,5.106109606557221e-05
":SOUR:DCS:STAT OFF;:BIAS:STAT OFF;:COMP:BIN:COUN:CLE;:LIST:CLE:ALL;:COMP:BIN:CLE;:AMPL:ALC OFF;:APER MED,4;:BIAS:POL:AUTO OFF;:BIAS:RANG:AUTO ON;:BIAS:VOLT:LEV 0;:COMP:ABIN OFF;:COMP:BIN:COUN:STAT OFF;:COMP:MODE PTOL;:COMP:SLIM -9.9e+037,9.9e+037;:COMP:STAT OFF;:COMP:SWAP OFF;:COMP:TOL:NOM 0;:CURR:LEV 5e-005;:DISP:ENAB ON;:DISP:LINE """";:DISP:WIND:TEXT1:DATA:FMSD:DATA 1e-009;:DISP:WIND:TEXT2:DATA:FMSD:DATA 1e-009;:FORM:ASC:LONG ON;:FORM:BORD NORM;:FORM:DATA ASC,64;:FREQ:CW 18500;:FUNC:DEV1:MODE OFF;:FUNC:DEV1:REF:VAL 0;:FUNC:DEV2:MODE OFF;:FUNC:DEV2:REF:VAL 0;:FUNC:IMP:TYPE LSRS;:FUNC:SMON:IDC:STAT OFF;:FUNC:SMON:VDC:STAT OFF;:INIT:CONT OFF;:LIST:MODE SEQ;:LIST:STIM:TYPE FREQ,NONE;:SOUR:DCS:VOLT:LEV 0;:TRIG:DEL 0;:TRIG:SOUR INT;:TRIG:TDEL 0;:DISP:WIND:TEXT1:DATA:FMSD:STAT OFF;:DISP:WIND:TEXT2:DATA:FMSD:STAT OFF;:FUNC:DCR:RANG:VAL 100;:FUNC:IMP:RANG:VAL 30000;:OUTP:DC:ISOL:LEV:VAL 2e-005;:OUTP:DC:ISOL:STAT OFF;:FUNC:DCR:RANG:AUTO ON;:FUNC:IMP:RANG:AUTO ON;:OUTP:DC:ISOL:LEV:AUTO ON;:DISP:PAGE MEASurement;
"
19000.0,-0.2063540774,39922.04565,1.07691e-07,0.00505216
19000.0,-0.2064820274,39920.28805,1.07696e-07,0.00505224
19000.0,-0.2064327857,39920.65763,1.07702e-07,0.00505186
19000.0,-0.2064244044,39930.11105,1.07684e-07,0.00505209
19000.0,-0.2063768505,39929.7813,1.07681e-07,0.00505243
19000.0,-0.2063265878,39932.36241,1.0768e-07,0.00505232
19000.0,-0.2064526643,39922.69166,1.07681e-07,0.00505241
19000.0,-0.2064870144,39917.3365,1.07686e-07,0.00505224
19000.0,-0.2064025619,39917.4546,1.07715e-07,0.00505241
19000.0,-0.2064352829,39933.07358,1.07681e-07,0.00505256
19000.0,-0.2064222035,39932.11953,1.07689e-07,0.00505208
19000.0,-0.206486543,39925.29907,1.07681e-07,0.00505222
19000.0,-0.2063721106,39922.75606,1.07687e-07,0.00505202
19000.0,-0.2063706831,39931.5082,1.07693e-07,0.00505247
19000.0,-0.2064637904,39923.91781,1.07691e-07,0.00505217
19000.0,-0.2064252999,39920.87977,1.07669e-07,0.0050521
Freq,19000,Rs,39925.142679375,5.508416553833153,Ls,-0.20641968045000003,4.909972934513508e-05
":SOUR:DCS:STAT OFF;:BIAS:STAT OFF;:COMP:BIN:COUN:CLE;:LIST:CLE:ALL;:COMP:BIN:CLE;:AMPL:ALC OFF;:APER MED,4;:BIAS:POL:AUTO OFF;:BIAS:RANG:AUTO ON;:BIAS:VOLT:LEV 0;:COMP:ABIN OFF;:COMP:BIN:COUN:STAT OFF;:COMP:MODE PTOL;:COMP:SLIM -9.9e+037,9.9e+037;:COMP:STAT OFF;:COMP:SWAP OFF;:COMP:TOL:NOM 0;:CURR:LEV 5e-005;:DISP:ENAB ON;:DISP:LINE """";:DISP:WIND:TEXT1:DATA:FMSD:DATA 1e-009;:DISP:WIND:TEXT2:DATA:FMSD:DATA 1e-009;:FORM:ASC:LONG ON;:FORM:BORD NORM;:FORM:DATA ASC,64;:FREQ:CW 19000;:FUNC:DEV1:MODE OFF;:FUNC:DEV1:REF:VAL 0;:FUNC:DEV2:MODE OFF;:FUNC:DEV2:REF:VAL 0;:FUNC:IMP:TYPE LSRS;:FUNC:SMON:IDC:STAT OFF;:FUNC:SMON:VDC:STAT OFF;:INIT:CONT OFF;:LIST:MODE SEQ;:LIST:STIM:TYPE FREQ,NONE;:SOUR:DCS:VOLT:LEV 0;:TRIG:DEL 0;:TRIG:SOUR INT;:TRIG:TDEL 0;:DISP:WIND:TEXT1:DATA:FMSD:STAT OFF;:DISP:WIND:TEXT2:DATA:FMSD:STAT OFF;:FUNC:DCR:RANG:VAL 100;:FUNC:IMP:RANG:VAL 30000;:OUTP:DC:ISOL:LEV:VAL 2e-005;:OUTP:DC:ISOL:STAT OFF;:FUNC:DCR:RANG:AUTO ON;:FUNC:IMP:RANG:AUTO ON;:OUTP:DC:ISOL:LEV:AUTO ON;:DISP:PAGE MEASurement;
"
19500.0,-0.2210801062,35949.41862,1.12244e-07,0.00505294
19500.0,-0.2210829438,35946.89375,1.12282e-07,0.00505298
19500.0,-0.2210909862,35956.065,1.1225e-07,0.00505315
19500.0,-0.2211261677,35954.55036,1.12268e-07,0.00505311
19500.0,-0.2211576165,35945.05036,1.1225e-07,0.00505301
19500.0,-0.2211436924,35946.8016,1.12255e-07,0.00505303
19500.0,-0.2211174339,35955.02639,1.12256e-07,0.00505289
19500.0,-0.2211410488,35956.46866,1.12256e-07,0.00505311
19500.0,-0.2211311972,35953.43812,1.12273e-07,0.005053
19500.0,-0.2211600262,35943.87897,1.12261e-07,0.00505321
19500.0,-0.2211172135,35945.448,1.12265e-07,0.00505319
19500.0,-0.2210838105,35953.04791,1.12256e-07,0.00505322
19500.0,-0.2211704643,35946.78566,1.12259e-07,0.00505284
19500.0,-0.2211786053,35953.16089,1.1224e-07,0.00505309
19500.0,-0.2210961303,35944.97049,1.12259e-07,0.00505313
19500.0,-0.2211529781,35944.23663,1.12258e-07,0.00505309
Freq,19500,Rs,35949.702588125,4.662132113298126,Ls,-0.22112690130625,3.2855137123470825e-05
":SOUR:DCS:STAT OFF;:BIAS:STAT OFF;:COMP:BIN:COUN:CLE;:LIST:CLE:ALL;:COMP:BIN:CLE;:AMPL:ALC OFF;:APER MED,4;:BIAS:POL:AUTO OFF;:BIAS:RANG:AUTO ON;:BIAS:VOLT:LEV 0;:COMP:ABIN OFF;:COMP:BIN:COUN:STAT OFF;:COMP:MODE PTOL;:COMP:SLIM -9.9e+037,9.9e+037;:COMP:STAT OFF;:COMP:SWAP OFF;:COMP:TOL:NOM 0;:CURR:LEV 5e-005;:DISP:ENAB ON;:DISP:LINE """";:DISP:WIND:TEXT1:DATA:FMSD:DATA 1e-009;:DISP:WIND:TEXT2:DATA:FMSD:DATA 1e-009;:FORM:ASC:LONG ON;:FORM:BORD NORM;:FORM:DATA ASC,64;:FREQ:CW 19500;:FUNC:DEV1:MODE OFF;:FUNC:DEV1:REF:VAL 0;:FUNC:DEV2:MODE OFF;:FUNC:DEV2:REF:VAL 0;:FUNC:IMP:TYPE LSRS;:FUNC:SMON:IDC:STAT OFF;:FUNC:SMON:VDC:STAT OFF;:INIT:CONT OFF;:LIST:MODE SEQ;:LIST:STIM:TYPE FREQ,NONE;:SOUR:DCS:VOLT:LEV 0;:TRIG:DEL 0;:TRIG:SOUR INT;:TRIG:TDEL 0;:DISP:WIND:TEXT1:DATA:FMSD:STAT OFF;:DISP:WIND:TEXT2:DATA:FMSD:STAT OFF;:FUNC:DCR:RANG:VAL 100;:FUNC:IMP:RANG:VAL 30000;:OUTP:DC:ISOL:LEV:VAL 2e-005;:OUTP:DC:ISOL:STAT OFF;:FUNC:DCR:RANG:AUTO ON;:FUNC:IMP:RANG:AUTO ON;:OUTP:DC:ISOL:LEV:AUTO ON;:DISP:PAGE MEASurement;
"
20000.0,-0.2277256128,32023.15351,1.1769e-07,0.00505377
20000.0,-0.2277993479,32023.48429,1.17664e-07,0.00505357
20000.0,-0.2277644329,32024.37613,1.17665e-07,0.00505371
20000.0,-0.2276921224,32030.9063,1.17712e-07,0.00505376
20000.0,-0.2277104255,32017.13791,1.17689e-07,0.00505371
20000.0,-0.2277589634,32022.24524,1.17652e-07,0.00505381
20000.0,-0.2276636935,32029.4371,1.17675e-07,0.00505375
20000.0,-0.227717627,32025.8669,1.17683e-07,0.00505406
20000.0,-0.227698804,32020.21548,1.17671e-07,0.00505382
20000.0,-0.2277423348,32027.01164,1.17647e-07,0.005054
20000.0,-0.2276969232,32031.60733,1.17679e-07,0.00505364
20000.0,-0.2276661418,32021.98144,1.17682e-07,0.00505401
20000.0,-0.2277496591,32017.5413,1.17661e-07,0.00505378
20000.0,-0.227750381,32036.41873,1.17653e-07,0.00505368
20000.0,-0.2276786776,32028.50135,1.17684e-07,0.00505384
20000.0,-0.2277592261,32020.34802,1.17684e-07,0.00505399
Freq,20000,Rs,32025.014541875,5.356892491902347,Ls,-0.2277233983125,3.925165245542212e-05
":SOUR:DCS:STAT OFF;:BIAS:STAT OFF;:COMP:BIN:COUN:CLE;:LIST:CLE:ALL;:COMP:BIN:CLE;:AMPL:ALC OFF;:APER MED,4;:BIAS:POL:AUTO OFF;:BIAS:RANG:AUTO ON;:BIAS:VOLT:LEV 0;:COMP:ABIN OFF;:COMP:BIN:COUN:STAT OFF;:COMP:MODE PTOL;:COMP:SLIM -9.9e+037,9.9e+037;:COMP:STAT OFF;:COMP:SWAP OFF;:COMP:TOL:NOM 0;:CURR:LEV 5e-005;:DISP:ENAB ON;:DISP:LINE """";:DISP:WIND:TEXT1:DATA:FMSD:DATA 1e-009;:DISP:WIND:TEXT2:DATA:FMSD:DATA 1e-009;:FORM:ASC:LONG ON;:FORM:BORD NORM;:FORM:DATA ASC,64;:FREQ:CW 20000;:FUNC:DEV1:MODE OFF;:FUNC:DEV1:REF:VAL 0;:FUNC:DEV2:MODE OFF;:FUNC:DEV2:REF:VAL 0;:FUNC:IMP:TYPE LSRS;:FUNC:SMON:IDC:STAT OFF;:FUNC:SMON:VDC:STAT OFF;:INIT:CONT OFF;:LIST:MODE SEQ;:LIST:STIM:TYPE FREQ,NONE;:SOUR:DCS:VOLT:LEV 0;:TRIG:DEL 0;:TRIG:SOUR INT;:TRIG:TDEL 0;:DISP:WIND:TEXT1:DATA:FMSD:STAT OFF;:DISP:WIND:TEXT2:DATA:FMSD:STAT OFF;:FUNC:DCR:RANG:VAL 100;:FUNC:IMP:RANG:VAL 30000;:OUTP:DC:ISOL:LEV:VAL 2e-005;:OUTP:DC:ISOL:STAT OFF;:FUNC:DCR:RANG:AUTO ON;:FUNC:IMP:RANG:AUTO ON;:OUTP:DC:ISOL:LEV:AUTO ON;:DISP:PAGE MEASurement;
"
20500.0,-0.2281660546,28338.89423,1.23762e-07,0.00505417
20500.0,-0.228221152,28338.80396,1.23787e-07,0.0050542
20500.0,-0.2282138046,28342.80617,1.23786e-07,0.00505433
20500.0,-0.228168889,28335.44186,1.23789e-07,0.00505413
20500.0,-0.2281796362,28338.05834,1.23773e-07,0.00505445
20500.0,-0.2282093064,28339.9018,1.23788e-07,0.00505446
20500.0,-0.2281781276,28346.06176,1.23774e-07,0.00505417
20500.0,-0.2281513411,28339.09527,1.23767e-07,0.00505426
20500.0,-0.2282160409,28339.31725,1.23782e-07,0.00505425
20500.0,-0.2281894062,28339.30573,1.23777e-07,0.00505433
20500.0,-0.2281793811,28343.0022,1.23778e-07,0.00505388
20500.0,-0.2282310553,28341.70522,1.23767e-07,0.00505411
20500.0,-0.2282470434,28346.17974,1.23776e-07,0.00505407
20500.0,-0.2282009509,28338.74317,1.23779e-07,0.00505435
20500.0,-0.2282119974,28342.30474,1.23769e-07,0.00505432
20500.0,-0.2281723483,28347.13535,1.23763e-07,0.00505394
Freq,20500,Rs,28341.047299375,3.3061684143983854,Ls,-0.2281960334375,2.6752512830508694e-05
":SOUR:DCS:STAT OFF;:BIAS:STAT OFF;:COMP:BIN:COUN:CLE;:LIST:CLE:ALL;:COMP:BIN:CLE;:AMPL:ALC OFF;:APER MED,4;:BIAS:POL:AUTO OFF;:BIAS:RANG:AUTO ON;:BIAS:VOLT:LEV 0;:COMP:ABIN OFF;:COMP:BIN:COUN:STAT OFF;:COMP:MODE PTOL;:COMP:SLIM -9.9e+037,9.9e+037;:COMP:STAT OFF;:COMP:SWAP OFF;:COMP:TOL:NOM 0;:CURR:LEV 5e-005;:DISP:ENAB ON;:DISP:LINE """";:DISP:WIND:TEXT1:DATA:FMSD:DATA 1e-009;:DISP:WIND:TEXT2:DATA:FMSD:DATA 1e-009;:FORM:ASC:LONG ON;:FORM:BORD NORM;:FORM:DATA ASC,64;:FREQ:CW 20500;:FUNC:DEV1:MODE OFF;:FUNC:DEV1:REF:VAL 0;:FUNC:DEV2:MODE OFF;:FUNC:DEV2:REF:VAL 0;:FUNC:IMP:TYPE LSRS;:FUNC:SMON:IDC:STAT OFF;:FUNC:SMON:VDC:STAT OFF;:INIT:CONT OFF;:LIST:MODE SEQ;:LIST:STIM:TYPE FREQ,NONE;:SOUR:DCS:VOLT:LEV 0;:TRIG:DEL 0;:TRIG:SOUR INT;:TRIG:TDEL 0;:DISP:WIND:TEXT1:DATA:FMSD:STAT OFF;:DISP:WIND:TEXT2:DATA:FMSD:STAT OFF;:FUNC:DCR:RANG:VAL 100;:FUNC:IMP:RANG:VAL 30000;:OUTP:DC:ISOL:LEV:VAL 2e-005;:OUTP:DC:ISOL:STAT OFF;:FUNC:DCR:RANG:AUTO ON;:FUNC:IMP:RANG:AUTO ON;:OUTP:DC:ISOL:LEV:AUTO ON;:DISP:PAGE MEASurement;
"
21000.0,-0.2243741955,24994.17458,1.30456e-07,0.0050544
21000.0,-0.2243212131,24998.99278,1.3044e-07,0.00505462
21000.0,-0.2243728394,24999.75911,1.3044e-07,0.00505462
21000.0,-0.2243450086,25006.2129,1.30437e-07,0.00505471
21000.0,-0.2243471581,24999.0871,1.30443e-07,0.00505476
21000.0,-0.224335906,24999.40307,1.30456e-07,0.00505465
21000.0,-0.2243347555,24999.93497,1.30442e-07,0.00505472
21000.0,-0.2243733371,24998.1085,1.30446e-07,0.00505426
21000.0,-0.2243738396,25001.09509,1.30448e-07,0.00505478
21000.0,-0.2243690931,24997.99196,1.3045e-07,0.00505473
21000.0,-0.2243349793,25001.93893,1.30445e-07,0.00505453
21000.0,-0.2243443902,25003.74233,1.30465e-07,0.00505467
21000.0,-0.2243539316,25003.37682,1.30448e-07,0.00505476
21000.0,-0.2243754768,25003.47754,1.3043e-07,0.00505443
21000.0,-0.2243497252,24999.17201,1.30435e-07,0.00505455
21000.0,-0.2243670246,25002.35681,1.3046e-07,0.00505466
Freq,21000,Rs,25000.55153125,2.901093344250328,Ls,-0.22435455460625,1.7808018707443282e-05
":SOUR:DCS:STAT OFF;:BIAS:STAT OFF;:COMP:BIN:COUN:CLE;:LIST:CLE:ALL;:COMP:BIN:CLE;:AMPL:ALC OFF;:APER MED,4;:BIAS:POL:AUTO OFF;:BIAS:RANG:AUTO ON;:BIAS:VOLT:LEV 0;:COMP:ABIN OFF;:COMP:BIN:COUN:STAT OFF;:COMP:MODE PTOL;:COMP:SLIM -9.9e+037,9.9e+037;:COMP:STAT OFF;:COMP:SWAP OFF;:COMP:TOL:NOM 0;:CURR:LEV 5e-005;:DISP:ENAB ON;:DISP:LINE """";:DISP:WIND:TEXT1:DATA:FMSD:DATA 1e-009;:DISP:WIND:TEXT2:DATA:FMSD:DATA 1e-009;:FORM:ASC:LONG ON;:FORM:BORD NORM;:FORM:DATA ASC,64;:FREQ:CW 21000;:FUNC:DEV1:MODE OFF;:FUNC:DEV1:REF:VAL 0;:FUNC:DEV2:MODE OFF;:FUNC:DEV2:REF:VAL 0;:FUNC:IMP:TYPE LSRS;:FUNC:SMON:IDC:STAT OFF;:FUNC:SMON:VDC:STAT OFF;:INIT:CONT OFF;:LIST:MODE SEQ;:LIST:STIM:TYPE FREQ,NONE;:SOUR:DCS:VOLT:LEV 0;:TRIG:DEL 0;:TRIG:SOUR INT;:TRIG:TDEL 0;:DISP:WIND:TEXT1:DATA:FMSD:STAT OFF;:DISP:WIND:TEXT2:DATA:FMSD:STAT OFF;:FUNC:DCR:RANG:VAL 100;:FUNC:IMP:RANG:VAL 30000;:OUTP:DC:ISOL:LEV:VAL 2e-005;:OUTP:DC:ISOL:STAT OFF;:FUNC:DCR:RANG:AUTO ON;:FUNC:IMP:RANG:AUTO ON;:OUTP:DC:ISOL:LEV:AUTO ON;:DISP:PAGE MEASurement;
"
":SOUR:DCS:STAT OFF;:BIAS:STAT OFF;:COMP:BIN:COUN:CLE;:LIST:CLE:ALL;:COMP:BIN:CLE;:AMPL:ALC OFF;:APER MED,4;:BIAS:POL:AUTO OFF;:BIAS:RANG:AUTO ON;:BIAS:VOLT:LEV 0;:COMP:ABIN OFF;:COMP:BIN:COUN:STAT OFF;:COMP:MODE PTOL;:COMP:SLIM -9.9e+037,9.9e+037;:COMP:STAT OFF;:COMP:SWAP OFF;:COMP:TOL:NOM 0;:CURR:LEV 5e-005;:DISP:ENAB ON;:DISP:LINE """";:DISP:WIND:TEXT1:DATA:FMSD:DATA 1e-009;:DISP:WIND:TEXT2:DATA:FMSD:DATA 1e-009;:FORM:ASC:LONG ON;:FORM:BORD NORM;:FORM:DATA ASC,64;:FREQ:CW 21000;:FUNC:DEV1:MODE OFF;:FUNC:DEV1:REF:VAL 0;:FUNC:DEV2:MODE OFF;:FUNC:DEV2:REF:VAL 0;:FUNC:IMP:TYPE LSRS;:FUNC:SMON:IDC:STAT OFF;:FUNC:SMON:VDC:STAT OFF;:INIT:CONT OFF;:LIST:MODE SEQ;:LIST:STIM:TYPE FREQ,NONE;:SOUR:DCS:VOLT:LEV 0;:TRIG:DEL 0;:TRIG:SOUR INT;:TRIG:TDEL 0;:DISP:WIND:TEXT1:DATA:FMSD:STAT OFF;:DISP:WIND:TEXT2:DATA:FMSD:STAT OFF;:FUNC:DCR:RANG:VAL 100;:FUNC:IMP:RANG:VAL 30000;:OUTP:DC:ISOL:LEV:VAL 2e-005;:OUTP:DC:ISOL:STAT OFF;:FUNC:DCR:RANG:AUTO ON;:FUNC:IMP:RANG:AUTO ON;:OUTP:DC:ISOL:LEV:AUTO ON;:DISP:PAGE MEASurement;
"
2024-05-01,11:57:45
---------run finished---------
Frequency,Resistance,uR,Inductance,uL
20,275.61132683125004,0.5458127176033937,1.072201179,0.004873909512651097
25,285.38020195,0.7389769011396974,1.033121623125,0.004142259635513612
30,292.31200784375005,0.693805772668165,1.0020324071562499,0.0031165456090339995
40,309.26349036249997,0.8869517843157396,0.9526308070125,0.0032609669574600536
53,330.33242415625,0.7951559758203195,0.90726793688125,0.002066187876493792
60,341.65360274375,0.6627527394695725,0.88809941439375,0.001282508743392444
80,373.3093001375,1.0454837675367166,0.8474456781624999,0.001092783008198489
103,409.88257779375,0.7611565909825725,0.8241451367749999,0.002515322301027403
120,441.20949561249995,0.7773863596846665,0.8289488804812499,0.0011226805526250076
130,460.10285345,0.7501088027134976,0.80933403385625,0.0009409625312020736
135,465.38042237499997,0.8093718823051232,0.83225304811875,0.0011480327586793823
140,476.48968452500003,1.9021152959015895,0.85178996991875,0.0013420403914235523
145,494.87941765,2.076035656246155,0.87740001905,0.002562556267012046
150,516.0888802874999,1.5868191537824206,0.90579135581875,0.0013805364639196732
155,532.89315005625,0.9173737906439725,0.9605404945875,0.0012984514993813667
160,580.6697098562499,0.9987227343567141,1.081645499375,0.00113120329823091
165,793.51932620625,2.3252014965076038,1.3149890775625,0.0025276663596929313
170,1943.4143343750002,8.712298684851234,1.6458349049375,0.009158381757992684
172,2766.0829125625,9.135624806455098,0.473793872775,0.008938763075248388
175,1353.4468630625001,5.53791314982252,-0.37989598681250003,0.004876017667070203
180,708.7480083,1.2230623896264983,0.058702987533125,0.000648292560852028
185,602.97236220625,0.9621002632190652,0.25473573801250005,0.0010333888213072914
200,560.7224818437501,0.47217412104489637,0.44215755290000003,0.0003130659993504071
220,574.6934778187499,0.6758211274448602,0.50562429584375,0.000420160751430155
240,597.8493470437501,0.7955045350812496,0.5249929948000001,0.0003749960746944598
400,789.46274724375,0.8560332267179911,0.4760150083875,0.0002460724289320934
800,1189.211173,0.29282543118202364,0.40773621113125,6.260374189367969e-05
1000,1374.237587125,0.27545775646484255,0.38475033794999997,4.848183019311353e-05
2000,2199.131060375,0.2144395792431435,0.31906820909375,1.0861410965217975e-05
3000,2989.5505599999997,0.225684538293329,0.28507497051874997,1.0871722604219147e-05
4000,3787.316574,0.43990931762368884,0.269506761175,1.8307216923262125e-05
5000,4690.4588811875,0.29313124273905833,0.25956295240625005,8.559373711236699e-06
6000,5736.187566,0.3410030047651683,0.25362518864375005,9.601070006476068e-06
7000,6977.8760988125,0.34423665343144705,0.25110704789375005,1.065058162051661e-05
8000,8509.8049175,0.6690111755681815,0.25068152813125,1.9227047737900222e-05
10000,12909.519232499999,4.023742283394781,0.25274722008749995,5.918727544451365e-05
12000,20362.964460625,2.356276279028875,0.24852288385625,2.8313377081582774e-05
14000,32703.073275625,2.6993190346579716,0.20535196405625,2.978474885899433e-05
16000,46939.88747375,4.068105463825341,0.05935095686625,3.742819326763767e-05
16500,48935.470245000004,5.090786958581721,0.0056352632772500005,4.2850351825995425e-05
17000,49618.942711875,5.6510227384008465,-0.049627932441874995,3.9432176117891177e-05
17500,48863.8289,7.204159385469819,-0.10182095653750001,5.587312635617598e-05
18000,46772.89550875001,5.3158473568927915,-0.14678268146875,4.387085679494621e-05
18500,43662.544886875,3.954025301819477,-0.18190573188124998,5.106109606557221e-05
19000,39925.142679375,5.508416553833153,-0.20641968045000003,4.909972934513508e-05
19500,35949.702588125,4.662132113298126,-0.22112690130625,3.2855137123470825e-05
20000,32025.014541875,5.356892491902347,-0.2277233983125,3.925165245542212e-05
20500,28341.047299375,3.3061684143983854,-0.2281960334375,2.6752512830508694e-05
21000,25000.55153125,2.901093344250328,-0.22435455460625,1.7808018707443282e-05
lcr name:,KeySight E4980A
lcr name:,KeySight E4980A
lcr name:,KeySight E4980A
Name and description of Resistor under test: ,up to 30 kHz
2024-05-01,12:01:25
select the freq range,"[20, 25, 30, 40, 53, 60, 80, 103, 120, 130, 135, 140, 145, 150, 155, 160, 165, 170, 172, 175, 180, 185, 200, 220, 240, 400, 800, 1000, 2000, 3000, 4000, 5000, 6000, 7000, 8000, 10000, 12000, 14000, 16000, 16500, 17000, 17500, 18000, 18500, 19000, 19500, 20000, 20500, 21000, 22000, 24000, 25000, 30000]"
20.0,1.073078994,275.1456217,1.25316e-05,0.00385145
20.0,1.069030145,276.3237091,1.25632e-05,0.00384828
20.0,1.069994525,275.6837166,1.25336e-05,0.00384984
20.0,1.071012408,275.7690968,1.25773e-05,0.00385002
20.0,1.073471785,276.0272076,1.25667e-05,0.00385169
20.0,1.069071812,275.4172516,1.25796e-05,0.00385459
20.0,1.069030755,275.5998249,1.25871e-05,0.00385166
20.0,1.077274618,276.1491307,1.25578e-05,0.00385528
20.0,1.072789649,275.3946695,1.25538e-05,0.00385149
20.0,1.068847015,275.6569189,1.25417e-05,0.00385449
20.0,1.071285722,275.9953849,1.25606e-05,0.0038578
20.0,1.071946894,275.7659676,1.25643e-05,0.00385381
20.0,1.072064116,275.6922032,1.25456e-05,0.00385055
20.0,1.070758479,275.7201614,1.2583e-05,0.00385429
20.0,1.074802668,275.7850986,1.2543e-05,0.00384999
20.0,1.068279142,274.7955278,1.2538e-05,0.00385625
Freq,20,Rs,275.68259318125,0.37485734808311494,Ls,1.0714211704375,0.0024674193504566023
":SOUR:DCS:STAT OFF;:BIAS:STAT OFF;:COMP:BIN:COUN:CLE;:LIST:CLE:ALL;:COMP:BIN:CLE;:AMPL:ALC OFF;:APER MED,4;:BIAS:POL:AUTO OFF;:BIAS:RANG:AUTO ON;:BIAS:VOLT:LEV 0;:COMP:ABIN OFF;:COMP:BIN:COUN:STAT OFF;:COMP:MODE PTOL;:COMP:SLIM -9.9e+037,9.9e+037;:COMP:STAT OFF;:COMP:SWAP OFF;:COMP:TOL:NOM 0;:CURR:LEV 5e-005;:DISP:ENAB ON;:DISP:LINE """";:DISP:WIND:TEXT1:DATA:FMSD:DATA 1e-009;:DISP:WIND:TEXT2:DATA:FMSD:DATA 1e-009;:FORM:ASC:LONG ON;:FORM:BORD NORM;:FORM:DATA ASC,64;:FREQ:CW 20;:FUNC:DEV1:MODE OFF;:FUNC:DEV1:REF:VAL 0;:FUNC:DEV2:MODE OFF;:FUNC:DEV2:REF:VAL 0;:FUNC:IMP:TYPE LSRS;:FUNC:SMON:IDC:STAT OFF;:FUNC:SMON:VDC:STAT OFF;:INIT:CONT OFF;:LIST:MODE SEQ;:LIST:STIM:TYPE FREQ,NONE;:SOUR:DCS:VOLT:LEV 0;:TRIG:DEL 0;:TRIG:SOUR INT;:TRIG:TDEL 0;:DISP:WIND:TEXT1:DATA:FMSD:STAT OFF;:DISP:WIND:TEXT2:DATA:FMSD:STAT OFF;:FUNC:DCR:RANG:VAL 100;:FUNC:IMP:RANG:VAL 300;:OUTP:DC:ISOL:LEV:VAL 0.002;:OUTP:DC:ISOL:STAT OFF;:FUNC:DCR:RANG:AUTO ON;:FUNC:IMP:RANG:AUTO ON;:OUTP:DC:ISOL:LEV:AUTO ON;:DISP:PAGE MEASurement;
"
25.0,1.035294253,284.9598306,1.1906e-05,0.00390449
25.0,1.039922834,283.9476403,1.18911e-05,0.00389998
25.0,1.03724124,285.6475624,1.19415e-05,0.00389921
25.0,1.033149705,285.5757225,1.18717e-05,0.00390332
25.0,1.027142803,285.0812536,1.18347e-05,0.00390165
25.0,1.033412967,285.7541407,1.18539e-05,0.00390473
25.0,1.031942129,285.834731,1.18828e-05,0.00390146
25.0,1.031803877,283.7137632,1.18824e-05,0.00390063
25.0,1.027980827,285.1325225,1.19325e-05,0.00390063
25.0,1.026474686,284.8991502,1.18685e-05,0.00389903
25.0,1.022750373,286.1960373,1.19141e-05,0.00390209
25.0,1.037883447,285.4454119,1.18982e-05,0.00390137
25.0,1.036191298,284.0772585,1.18982e-05,0.00390751
25.0,1.031277135,285.546067,1.19295e-05,0.00390027
25.0,1.027988439,284.7503369,1.18695e-05,0.00390325
25.0,1.027808958,285.285758,1.18893e-05,0.00390295
Freq,25,Rs,285.1154491625,0.7082082247460787,Ls,1.0317665606875,0.004801214644545037
":SOUR:DCS:STAT OFF;:BIAS:STAT OFF;:COMP:BIN:COUN:CLE;:LIST:CLE:ALL;:COMP:BIN:CLE;:AMPL:ALC OFF;:APER MED,4;:BIAS:POL:AUTO OFF;:BIAS:RANG:AUTO ON;:BIAS:VOLT:LEV 0;:COMP:ABIN OFF;:COMP:BIN:COUN:STAT OFF;:COMP:MODE PTOL;:COMP:SLIM -9.9e+037,9.9e+037;:COMP:STAT OFF;:COMP:SWAP OFF;:COMP:TOL:NOM 0;:CURR:LEV 5e-005;:DISP:ENAB ON;:DISP:LINE """";:DISP:WIND:TEXT1:DATA:FMSD:DATA 1e-009;:DISP:WIND:TEXT2:DATA:FMSD:DATA 1e-009;:FORM:ASC:LONG ON;:FORM:BORD NORM;:FORM:DATA ASC,64;:FREQ:CW 25;:FUNC:DEV1:MODE OFF;:FUNC:DEV1:REF:VAL 0;:FUNC:DEV2:MODE OFF;:FUNC:DEV2:REF:VAL 0;:FUNC:IMP:TYPE LSRS;:FUNC:SMON:IDC:STAT OFF;:FUNC:SMON:VDC:STAT OFF;:INIT:CONT OFF;:LIST:MODE SEQ;:LIST:STIM:TYPE FREQ,NONE;:SOUR:DCS:VOLT:LEV 0;:TRIG:DEL 0;:TRIG:SOUR INT;:TRIG:TDEL 0;:DISP:WIND:TEXT1:DATA:FMSD:STAT OFF;:DISP:WIND:TEXT2:DATA:FMSD:STAT OFF;:FUNC:DCR:RANG:VAL 100;:FUNC:IMP:RANG:VAL 300;:OUTP:DC:ISOL:LEV:VAL 0.002;:OUTP:DC:ISOL:STAT OFF;:FUNC:DCR:RANG:AUTO ON;:FUNC:IMP:RANG:AUTO ON;:OUTP:DC:ISOL:LEV:AUTO ON;:DISP:PAGE MEASurement;
"
30.0,1.005165666,293.0859459,1.16013e-05,0.00402739
30.0,1.006284702,290.8422384,1.1585e-05,0.00404124
30.0,1.00083109,292.5760405,1.15722e-05,0.00403661
30.0,1.003323737,293.1247045,1.15736e-05,0.00403568
30.0,0.9981657126,291.9857982,1.15624e-05,0.00402631
30.0,0.9981254885,292.614134,1.1519e-05,0.00402485
30.0,1.004733563,293.0266411,1.15548e-05,0.00403456
30.0,1.001476541,293.1489889,1.15734e-05,0.00403023
30.0,1.007119744,291.8660865,1.15769e-05,0.00403258
30.0,1.001964672,292.9933564,1.16061e-05,0.00403007
30.0,1.000717382,292.5593752,1.15834e-05,0.0040305
30.0,1.000710615,293.2290614,1.16045e-05,0.00402776
30.0,0.997333043,292.0701341,1.15415e-05,0.00402892
30.0,1.003276445,292.3808272,1.15853e-05,0.00403006
30.0,1.000110692,292.4635034,1.15979e-05,0.00402836
30.0,1.000867797,291.6758086,1.15443e-05,0.00402944
Freq,30,Rs,292.47766526875,0.6590621196998971,Ls,1.00188793063125,0.0029044745061752968
":SOUR:DCS:STAT OFF;:BIAS:STAT OFF;:COMP:BIN:COUN:CLE;:LIST:CLE:ALL;:COMP:BIN:CLE;:AMPL:ALC OFF;:APER MED,4;:BIAS:POL:AUTO OFF;:BIAS:RANG:AUTO ON;:BIAS:VOLT:LEV 0;:COMP:ABIN OFF;:COMP:BIN:COUN:STAT OFF;:COMP:MODE PTOL;:COMP:SLIM -9.9e+037,9.9e+037;:COMP:STAT OFF;:COMP:SWAP OFF;:COMP:TOL:NOM 0;:CURR:LEV 5e-005;:DISP:ENAB ON;:DISP:LINE """";:DISP:WIND:TEXT1:DATA:FMSD:DATA 1e-009;:DISP:WIND:TEXT2:DATA:FMSD:DATA 1e-009;:FORM:ASC:LONG ON;:FORM:BORD NORM;:FORM:DATA ASC,64;:FREQ:CW 30;:FUNC:DEV1:MODE OFF;:FUNC:DEV1:REF:VAL 0;:FUNC:DEV2:MODE OFF;:FUNC:DEV2:REF:VAL 0;:FUNC:IMP:TYPE LSRS;:FUNC:SMON:IDC:STAT OFF;:FUNC:SMON:VDC:STAT OFF;:INIT:CONT OFF;:LIST:MODE SEQ;:LIST:STIM:TYPE FREQ,NONE;:SOUR:DCS:VOLT:LEV 0;:TRIG:DEL 0;:TRIG:SOUR INT;:TRIG:TDEL 0;:DISP:WIND:TEXT1:DATA:FMSD:STAT OFF;:DISP:WIND:TEXT2:DATA:FMSD:STAT OFF;:FUNC:DCR:RANG:VAL 100;:FUNC:IMP:RANG:VAL 300;:OUTP:DC:ISOL:LEV:VAL 0.002;:OUTP:DC:ISOL:STAT OFF;:FUNC:DCR:RANG:AUTO ON;:FUNC:IMP:RANG:AUTO ON;:OUTP:DC:ISOL:LEV:AUTO ON;:DISP:PAGE MEASurement;
"
40.0,0.956034046,309.2549151,1.06162e-05,0.00414891
40.0,0.9516854747,309.7086618,1.05858e-05,0.0041492
40.0,0.9577968294,309.33398,1.06178e-05,0.00414478
40.0,0.9602824763,309.221003,1.06174e-05,0.00415009
40.0,0.9603111166,308.9903938,1.05459e-05,0.00414562
40.0,0.961319483,308.0411776,1.0562e-05,0.00414531
40.0,0.9486972955,306.5749294,1.05793e-05,0.00414706
40.0,0.9418650077,309.0531312,1.06211e-05,0.0041512
40.0,0.9516668868,311.4038569,1.06256e-05,0.00415002
40.0,0.9581234012,310.4085476,1.06311e-05,0.00414641
40.0,0.9560574753,309.0783707,1.05948e-05,0.00414825
40.0,0.9569515982,309.736123,1.05696e-05,0.00414528
40.0,0.9590494203,308.3607713,1.05358e-05,0.00414447
40.0,0.9510438584,308.5946769,1.05717e-05,0.00414611
40.0,0.9603661637,307.8955704,1.05998e-05,0.00415045
40.0,0.9585565576,307.8140191,1.05635e-05,0.00414817
Freq,40,Rs,308.9668829875,1.1261442301958993,Ls,0.95561294316875,0.005300646666247148
":SOUR:DCS:STAT OFF;:BIAS:STAT OFF;:COMP:BIN:COUN:CLE;:LIST:CLE:ALL;:COMP:BIN:CLE;:AMPL:ALC OFF;:APER MED,4;:BIAS:POL:AUTO OFF;:BIAS:RANG:AUTO ON;:BIAS:VOLT:LEV 0;:COMP:ABIN OFF;:COMP:BIN:COUN:STAT OFF;:COMP:MODE PTOL;:COMP:SLIM -9.9e+037,9.9e+037;:COMP:STAT OFF;:COMP:SWAP OFF;:COMP:TOL:NOM 0;:CURR:LEV 5e-005;:DISP:ENAB ON;:DISP:LINE """";:DISP:WIND:TEXT1:DATA:FMSD:DATA 1e-009;:DISP:WIND:TEXT2:DATA:FMSD:DATA 1e-009;:FORM:ASC:LONG ON;:FORM:BORD NORM;:FORM:DATA ASC,64;:FREQ:CW 40;:FUNC:DEV1:MODE OFF;:FUNC:DEV1:REF:VAL 0;:FUNC:DEV2:MODE OFF;:FUNC:DEV2:REF:VAL 0;:FUNC:IMP:TYPE LSRS;:FUNC:SMON:IDC:STAT OFF;:FUNC:SMON:VDC:STAT OFF;:INIT:CONT OFF;:LIST:MODE SEQ;:LIST:STIM:TYPE FREQ,NONE;:SOUR:DCS:VOLT:LEV 0;:TRIG:DEL 0;:TRIG:SOUR INT;:TRIG:TDEL 0;:DISP:WIND:TEXT1:DATA:FMSD:STAT OFF;:DISP:WIND:TEXT2:DATA:FMSD:STAT OFF;:FUNC:DCR:RANG:VAL 100;:FUNC:IMP:RANG:VAL 300;:OUTP:DC:ISOL:LEV:VAL 0.002;:OUTP:DC:ISOL:STAT OFF;:FUNC:DCR:RANG:AUTO ON;:FUNC:IMP:RANG:AUTO ON;:OUTP:DC:ISOL:LEV:AUTO ON;:DISP:PAGE MEASurement;
"
53.0,0.9098050261,328.5364403,9.52047e-06,0.00425275
53.0,0.9059412092,329.7013239,9.46459e-06,0.00425359
53.0,0.9100373333,329.0876025,9.50481e-06,0.00425534
53.0,0.9078091084,332.9155148,9.49254e-06,0.0042535
53.0,0.9118979777,329.5182735,9.4739e-06,0.00424966
53.0,0.9114999181,330.9912379,9.50133e-06,0.00425313
53.0,0.90365267,330.6358518,9.50392e-06,0.00425054
53.0,0.9087535037,331.0199026,9.46289e-06,0.00425224
53.0,0.9081745226,330.9875778,9.49681e-06,0.0042543
53.0,0.908210551,331.3221783,9.48823e-06,0.00424957
53.0,0.9077723329,329.1468594,9.49132e-06,0.00425039
53.0,0.9114892843,331.1759279,9.48291e-06,0.0042525
53.0,0.9051016117,331.0037049,9.51964e-06,0.00425319
53.0,0.9014926778,330.0785562,9.47834e-06,0.00424989
53.0,0.9083222941,330.3192512,9.49495e-06,0.00425254
53.0,0.910797139,329.9362338,9.50155e-06,0.00425218
Freq,53,Rs,330.3985273,1.0842985619327505,Ls,0.9081723224937499,0.0029336549629002
":SOUR:DCS:STAT OFF;:BIAS:STAT OFF;:COMP:BIN:COUN:CLE;:LIST:CLE:ALL;:COMP:BIN:CLE;:AMPL:ALC OFF;:APER MED,4;:BIAS:POL:AUTO OFF;:BIAS:RANG:AUTO ON;:BIAS:VOLT:LEV 0;:COMP:ABIN OFF;:COMP:BIN:COUN:STAT OFF;:COMP:MODE PTOL;:COMP:SLIM -9.9e+037,9.9e+037;:COMP:STAT OFF;:COMP:SWAP OFF;:COMP:TOL:NOM 0;:CURR:LEV 5e-005;:DISP:ENAB ON;:DISP:LINE """";:DISP:WIND:TEXT1:DATA:FMSD:DATA 1e-009;:DISP:WIND:TEXT2:DATA:FMSD:DATA 1e-009;:FORM:ASC:LONG ON;:FORM:BORD NORM;:FORM:DATA ASC,64;:FREQ:CW 53;:FUNC:DEV1:MODE OFF;:FUNC:DEV1:REF:VAL 0;:FUNC:DEV2:MODE OFF;:FUNC:DEV2:REF:VAL 0;:FUNC:IMP:TYPE LSRS;:FUNC:SMON:IDC:STAT OFF;:FUNC:SMON:VDC:STAT OFF;:INIT:CONT OFF;:LIST:MODE SEQ;:LIST:STIM:TYPE FREQ,NONE;:SOUR:DCS:VOLT:LEV 0;:TRIG:DEL 0;:TRIG:SOUR INT;:TRIG:TDEL 0;:DISP:WIND:TEXT1:DATA:FMSD:STAT OFF;:DISP:WIND:TEXT2:DATA:FMSD:STAT OFF;:FUNC:DCR:RANG:VAL 100;:FUNC:IMP:RANG:VAL 300;:OUTP:DC:ISOL:LEV:VAL 0.002;:OUTP:DC:ISOL:STAT OFF;:FUNC:DCR:RANG:AUTO ON;:FUNC:IMP:RANG:AUTO ON;:OUTP:DC:ISOL:LEV:AUTO ON;:DISP:PAGE MEASurement;
"
60.0,0.8839605689,341.1614887,9.04135e-06,0.00432367
60.0,0.8878747263,341.9428013,9.03683e-06,0.0043231
60.0,0.8889558478,342.2388698,9.03433e-06,0.00432345
60.0,0.88587767,341.6510481,9.02454e-06,0.00432136
60.0,0.8842674529,342.5756468,9.03457e-06,0.00432185
60.0,0.8880941724,342.6756925,9.03217e-06,0.00432396
60.0,0.8912238944,342.5666425,9.04971e-06,0.00432648
60.0,0.8902844686,341.112001,9.05265e-06,0.0043242
60.0,0.8879391553,340.4073649,9.03813e-06,0.00432221
60.0,0.8869925311,342.6406228,9.02918e-06,0.00432584
60.0,0.8912876818,343.2782619,9.02579e-06,0.00432589
60.0,0.8870297519,341.2769493,9.0484e-06,0.00432257
60.0,0.8866977566,340.990632,9.03853e-06,0.00432242
60.0,0.8888053426,341.2851826,9.01407e-06,0.00432363
60.0,0.8884955532,343.5354834,9.04827e-06,0.00432357
60.0,0.8889273232,342.3443671,9.06643e-06,0.00432224
Freq,60,Rs,341.98019091875,0.8901760809071388,Ls,0.8879196185625,0.0021200496952317833
":SOUR:DCS:STAT OFF;:BIAS:STAT OFF;:COMP:BIN:COUN:CLE;:LIST:CLE:ALL;:COMP:BIN:CLE;:AMPL:ALC OFF;:APER MED,4;:BIAS:POL:AUTO OFF;:BIAS:RANG:AUTO ON;:BIAS:VOLT:LEV 0;:COMP:ABIN OFF;:COMP:BIN:COUN:STAT OFF;:COMP:MODE PTOL;:COMP:SLIM -9.9e+037,9.9e+037;:COMP:STAT OFF;:COMP:SWAP OFF;:COMP:TOL:NOM 0;:CURR:LEV 5e-005;:DISP:ENAB ON;:DISP:LINE """";:DISP:WIND:TEXT1:DATA:FMSD:DATA 1e-009;:DISP:WIND:TEXT2:DATA:FMSD:DATA 1e-009;:FORM:ASC:LONG ON;:FORM:BORD NORM;:FORM:DATA ASC,64;:FREQ:CW 60;:FUNC:DEV1:MODE OFF;:FUNC:DEV1:REF:VAL 0;:FUNC:DEV2:MODE OFF;:FUNC:DEV2:REF:VAL 0;:FUNC:IMP:TYPE LSRS;:FUNC:SMON:IDC:STAT OFF;:FUNC:SMON:VDC:STAT OFF;:INIT:CONT OFF;:LIST:MODE SEQ;:LIST:STIM:TYPE FREQ,NONE;:SOUR:DCS:VOLT:LEV 0;:TRIG:DEL 0;:TRIG:SOUR INT;:TRIG:TDEL 0;:DISP:WIND:TEXT1:DATA:FMSD:STAT OFF;:DISP:WIND:TEXT2:DATA:FMSD:STAT OFF;:FUNC:DCR:RANG:VAL 100;:FUNC:IMP:RANG:VAL 300;:OUTP:DC:ISOL:LEV:VAL 0.002;:OUTP:DC:ISOL:STAT OFF;:FUNC:DCR:RANG:AUTO ON;:FUNC:IMP:RANG:AUTO ON;:OUTP:DC:ISOL:LEV:AUTO ON;:DISP:PAGE MEASurement;
"
80.0,0.8450791424,374.0912931,7.86647e-06,0.00446597
80.0,0.8491250644,371.9801567,7.91233e-06,0.00447027
80.0,0.8482531815,372.7315668,7.90363e-06,0.00447034
80.0,0.8481769427,373.8979086,7.87831e-06,0.00446867
80.0,0.8454361165,372.4783778,7.90668e-06,0.00447077
80.0,0.8484103404,374.298098,7.88991e-06,0.0044699
80.0,0.8460981116,375.1788227,7.86935e-06,0.00446727
80.0,0.845783494,373.9918084,7.904e-06,0.00446933
80.0,0.848629455,372.3504632,7.89876e-06,0.00447051
80.0,0.8503268196,373.5063788,7.88439e-06,0.00447216
80.0,0.8441847217,373.7590955,7.8836e-06,0.00446613
80.0,0.8457108425,372.9631273,7.88162e-06,0.00446865
80.0,0.849454587,372.7027643,7.89559e-06,0.0044711
80.0,0.8506751675,372.4072268,7.88275e-06,0.00446992
80.0,0.8487940032,374.0762697,7.86876e-06,0.00447072
80.0,0.8461416791,374.8976632,7.86807e-06,0.00446629
Freq,80,Rs,373.45693880625,0.9630445746686561,Ls,0.84751747931875,0.0020066948152900714
":SOUR:DCS:STAT OFF;:BIAS:STAT OFF;:COMP:BIN:COUN:CLE;:LIST:CLE:ALL;:COMP:BIN:CLE;:AMPL:ALC OFF;:APER MED,4;:BIAS:POL:AUTO OFF;:BIAS:RANG:AUTO ON;:BIAS:VOLT:LEV 0;:COMP:ABIN OFF;:COMP:BIN:COUN:STAT OFF;:COMP:MODE PTOL;:COMP:SLIM -9.9e+037,9.9e+037;:COMP:STAT OFF;:COMP:SWAP OFF;:COMP:TOL:NOM 0;:CURR:LEV 5e-005;:DISP:ENAB ON;:DISP:LINE """";:DISP:WIND:TEXT1:DATA:FMSD:DATA 1e-009;:DISP:WIND:TEXT2:DATA:FMSD:DATA 1e-009;:FORM:ASC:LONG ON;:FORM:BORD NORM;:FORM:DATA ASC,64;:FREQ:CW 80;:FUNC:DEV1:MODE OFF;:FUNC:DEV1:REF:VAL 0;:FUNC:DEV2:MODE OFF;:FUNC:DEV2:REF:VAL 0;:FUNC:IMP:TYPE LSRS;:FUNC:SMON:IDC:STAT OFF;:FUNC:SMON:VDC:STAT OFF;:INIT:CONT OFF;:LIST:MODE SEQ;:LIST:STIM:TYPE FREQ,NONE;:SOUR:DCS:VOLT:LEV 0;:TRIG:DEL 0;:TRIG:SOUR INT;:TRIG:TDEL 0;:DISP:WIND:TEXT1:DATA:FMSD:STAT OFF;:DISP:WIND:TEXT2:DATA:FMSD:STAT OFF;:FUNC:DCR:RANG:VAL 100;:FUNC:IMP:RANG:VAL 300;:OUTP:DC:ISOL:LEV:VAL 0.002;:OUTP:DC:ISOL:STAT OFF;:FUNC:DCR:RANG:AUTO ON;:FUNC:IMP:RANG:AUTO ON;:OUTP:DC:ISOL:LEV:AUTO ON;:DISP:PAGE MEASurement;
"
103.0,0.822940984,410.1109931,6.8329e-06,0.00459355
103.0,0.821863828,410.4996684,6.83122e-06,0.00459552
103.0,0.8246615462,410.5080411,6.8308e-06,0.00459477
103.0,0.8247722506,410.8939621,6.82668e-06,0.004595
103.0,0.82465812,408.8335153,6.84127e-06,0.00459612
103.0,0.8229921784,411.7078474,6.84578e-06,0.00459879
103.0,0.8254119637,410.6661069,6.82955e-06,0.004596
103.0,0.8223787595,410.5810364,6.83072e-06,0.00459611
103.0,0.8245586672,411.3496307,6.84238e-06,0.00459623
103.0,0.8208211699,411.3468832,6.83544e-06,0.00459511
103.0,0.8214318208,410.5039501,6.83855e-06,0.0045944
103.0,0.8221670182,409.8495893,6.82783e-06,0.00459668
103.0,0.8227449517,408.2607113,6.83352e-06,0.00459557
103.0,0.8233202044,410.4015568,6.82523e-06,0.00459722
103.0,0.8216123411,408.5286882,6.83477e-06,0.0045948
103.0,0.8243352231,411.1130361,6.83311e-06,0.00459683
Freq,103,Rs,410.32220102499997,1.0072783211543848,Ls,0.8231669391750001,0.0014120622645918874
":SOUR:DCS:STAT OFF;:BIAS:STAT OFF;:COMP:BIN:COUN:CLE;:LIST:CLE:ALL;:COMP:BIN:CLE;:AMPL:ALC OFF;:APER MED,4;:BIAS:POL:AUTO OFF;:BIAS:RANG:AUTO ON;:BIAS:VOLT:LEV 0;:COMP:ABIN OFF;:COMP:BIN:COUN:STAT OFF;:COMP:MODE PTOL;:COMP:SLIM -9.9e+037,9.9e+037;:COMP:STAT OFF;:COMP:SWAP OFF;:COMP:TOL:NOM 0;:CURR:LEV 5e-005;:DISP:ENAB ON;:DISP:LINE """";:DISP:WIND:TEXT1:DATA:FMSD:DATA 1e-009;:DISP:WIND:TEXT2:DATA:FMSD:DATA 1e-009;:FORM:ASC:LONG ON;:FORM:BORD NORM;:FORM:DATA ASC,64;:FREQ:CW 103;:FUNC:DEV1:MODE OFF;:FUNC:DEV1:REF:VAL 0;:FUNC:DEV2:MODE OFF;:FUNC:DEV2:REF:VAL 0;:FUNC:IMP:TYPE LSRS;:FUNC:SMON:IDC:STAT OFF;:FUNC:SMON:VDC:STAT OFF;:INIT:CONT OFF;:LIST:MODE SEQ;:LIST:STIM:TYPE FREQ,NONE;:SOUR:DCS:VOLT:LEV 0;:TRIG:DEL 0;:TRIG:SOUR INT;:TRIG:TDEL 0;:DISP:WIND:TEXT1:DATA:FMSD:STAT OFF;:DISP:WIND:TEXT2:DATA:FMSD:STAT OFF;:FUNC:DCR:RANG:VAL 100;:FUNC:IMP:RANG:VAL 300;:OUTP:DC:ISOL:LEV:VAL 0.002;:OUTP:DC:ISOL:STAT OFF;:FUNC:DCR:RANG:AUTO ON;:FUNC:IMP:RANG:AUTO ON;:OUTP:DC:ISOL:LEV:AUTO ON;:DISP:PAGE MEASurement;
"
120.0,0.8293145438,441.013218,6.10026e-06,0.00466631
120.0,0.8294182842,441.5967786,6.1019e-06,0.00466724
120.0,0.8285039707,440.7450282,6.09642e-06,0.00466513
120.0,0.8269282367,442.2052885,6.11201e-06,0.00466594
120.0,0.8283910153,440.4229614,6.09959e-06,0.0046666
120.0,0.8299484191,440.9457097,6.09434e-06,0.00466466
120.0,0.8286511078,440.1734245,6.09103e-06,0.00466463
120.0,0.8289864748,442.5924787,6.09512e-06,0.00466549
120.0,0.8271605635,439.8512888,6.0995e-06,0.00466411
120.0,0.8281709343,440.536381,6.11133e-06,0.00466556
120.0,0.8293870791,441.4023192,6.09304e-06,0.00466599
120.0,0.8289773907,440.3451862,6.10051e-06,0.00466527
120.0,0.8284858463,440.6341188,6.10663e-06,0.004666
120.0,0.8304282887,441.3174717,6.10521e-06,0.00466616
120.0,0.8290394653,441.5443914,6.10271e-06,0.00466681
120.0,0.8292944005,441.2614321,6.09481e-06,0.00466563
Freq,120,Rs,441.03671729999996,0.7363017592184586,Ls,0.8288178763,0.0009050791005987076
":SOUR:DCS:STAT OFF;:BIAS:STAT OFF;:COMP:BIN:COUN:CLE;:LIST:CLE:ALL;:COMP:BIN:CLE;:AMPL:ALC OFF;:APER MED,4;:BIAS:POL:AUTO OFF;:BIAS:RANG:AUTO ON;:BIAS:VOLT:LEV 0;:COMP:ABIN OFF;:COMP:BIN:COUN:STAT OFF;:COMP:MODE PTOL;:COMP:SLIM -9.9e+037,9.9e+037;:COMP:STAT OFF;:COMP:SWAP OFF;:COMP:TOL:NOM 0;:CURR:LEV 5e-005;:DISP:ENAB ON;:DISP:LINE """";:DISP:WIND:TEXT1:DATA:FMSD:DATA 1e-009;:DISP:WIND:TEXT2:DATA:FMSD:DATA 1e-009;:FORM:ASC:LONG ON;:FORM:BORD NORM;:FORM:DATA ASC,64;:FREQ:CW 120;:FUNC:DEV1:MODE OFF;:FUNC:DEV1:REF:VAL 0;:FUNC:DEV2:MODE OFF;:FUNC:DEV2:REF:VAL 0;:FUNC:IMP:TYPE LSRS;:FUNC:SMON:IDC:STAT OFF;:FUNC:SMON:VDC:STAT OFF;:INIT:CONT OFF;:LIST:MODE SEQ;:LIST:STIM:TYPE FREQ,NONE;:SOUR:DCS:VOLT:LEV 0;:TRIG:DEL 0;:TRIG:SOUR INT;:TRIG:TDEL 0;:DISP:WIND:TEXT1:DATA:FMSD:STAT OFF;:DISP:WIND:TEXT2:DATA:FMSD:STAT OFF;:FUNC:DCR:RANG:VAL 100;:FUNC:IMP:RANG:VAL 300;:OUTP:DC:ISOL:LEV:VAL 0.002;:OUTP:DC:ISOL:STAT OFF;:FUNC:DCR:RANG:AUTO ON;:FUNC:IMP:RANG:AUTO ON;:OUTP:DC:ISOL:LEV:AUTO ON;:DISP:PAGE MEASurement;
"
130.0,0.8089822266,459.0347931,5.82299e-06,0.00468631
130.0,0.8105545777,460.3666962,5.81282e-06,0.00468589
130.0,0.8089534938,460.3347611,5.82394e-06,0.00468665
130.0,0.8088025365,460.2202016,5.81997e-06,0.00468701
130.0,0.8111990722,460.7652769,5.82518e-06,0.00468659
130.0,0.8085411068,460.3473981,5.81282e-06,0.00468581
130.0,0.810010781,459.5498204,5.81527e-06,0.0046876
130.0,0.8098113953,460.2104498,5.81734e-06,0.00468746
130.0,0.8103495612,460.4826992,5.82576e-06,0.00468495
130.0,0.8099512153,459.1143055,5.82004e-06,0.00468638
130.0,0.8082808211,459.4226855,5.81687e-06,0.00468631
130.0,0.8091875114,461.7887003,5.81454e-06,0.0046877
130.0,0.8088711091,460.4660642,5.82355e-06,0.00468742
130.0,0.8087731084,459.6402747,5.82998e-06,0.00468623
130.0,0.8109102726,459.6839228,5.83287e-06,0.00468576
130.0,0.8100859462,460.7627928,5.81429e-06,0.00468671
Freq,130,Rs,460.1369276375,0.7051483135428377,Ls,0.80957904595,0.0008942421398222567
":SOUR:DCS:STAT OFF;:BIAS:STAT OFF;:COMP:BIN:COUN:CLE;:LIST:CLE:ALL;:COMP:BIN:CLE;:AMPL:ALC OFF;:APER MED,4;:BIAS:POL:AUTO OFF;:BIAS:RANG:AUTO ON;:BIAS:VOLT:LEV 0;:COMP:ABIN OFF;:COMP:BIN:COUN:STAT OFF;:COMP:MODE PTOL;:COMP:SLIM -9.9e+037,9.9e+037;:COMP:STAT OFF;:COMP:SWAP OFF;:COMP:TOL:NOM 0;:CURR:LEV 5e-005;:DISP:ENAB ON;:DISP:LINE """";:DISP:WIND:TEXT1:DATA:FMSD:DATA 1e-009;:DISP:WIND:TEXT2:DATA:FMSD:DATA 1e-009;:FORM:ASC:LONG ON;:FORM:BORD NORM;:FORM:DATA ASC,64;:FREQ:CW 130;:FUNC:DEV1:MODE OFF;:FUNC:DEV1:REF:VAL 0;:FUNC:DEV2:MODE OFF;:FUNC:DEV2:REF:VAL 0;:FUNC:IMP:TYPE LSRS;:FUNC:SMON:IDC:STAT OFF;:FUNC:SMON:VDC:STAT OFF;:INIT:CONT OFF;:LIST:MODE SEQ;:LIST:STIM:TYPE FREQ,NONE;:SOUR:DCS:VOLT:LEV 0;:TRIG:DEL 0;:TRIG:SOUR INT;:TRIG:TDEL 0;:DISP:WIND:TEXT1:DATA:FMSD:STAT OFF;:DISP:WIND:TEXT2:DATA:FMSD:STAT OFF;:FUNC:DCR:RANG:VAL 100;:FUNC:IMP:RANG:VAL 300;:OUTP:DC:ISOL:LEV:VAL 0.002;:OUTP:DC:ISOL:STAT OFF;:FUNC:DCR:RANG:AUTO ON;:FUNC:IMP:RANG:AUTO ON;:OUTP:DC:ISOL:LEV:AUTO ON;:DISP:PAGE MEASurement;
"
135.0,0.8322908247,464.878797,5.5866e-06,0.00471603
135.0,0.8321724012,466.3378176,5.58253e-06,0.00471495
135.0,0.8294652579,464.2526683,5.58646e-06,0.00471601
135.0,0.8308019298,463.5036692,5.58752e-06,0.00471666
135.0,0.829964365,465.996823,5.58084e-06,0.00471657
135.0,0.8313628568,464.6240816,5.58564e-06,0.00471464
135.0,0.8323128713,466.4130835,5.5801e-06,0.00471566
135.0,0.8323429831,464.3626514,5.57448e-06,0.00471527
135.0,0.8316043078,465.5349272,5.57994e-06,0.00471634
135.0,0.8320475204,463.9527209,5.58163e-06,0.00471418
135.0,0.8314320841,465.6517538,5.58208e-06,0.00471495
135.0,0.8339137481,464.4991477,5.58107e-06,0.00471599
135.0,0.8326171965,465.1391637,5.588e-06,0.00471602
135.0,0.8329009923,465.3460119,5.57451e-06,0.00471602
135.0,0.8331692595,465.4159198,5.58306e-06,0.00471697
135.0,0.8303472971,465.2215612,5.5825e-06,0.00471611
Freq,135,Rs,465.0706748625,0.8358537625337386,Ls,0.8317966184750001,0.001197585276392861
":SOUR:DCS:STAT OFF;:BIAS:STAT OFF;:COMP:BIN:COUN:CLE;:LIST:CLE:ALL;:COMP:BIN:CLE;:AMPL:ALC OFF;:APER MED,4;:BIAS:POL:AUTO OFF;:BIAS:RANG:AUTO ON;:BIAS:VOLT:LEV 0;:COMP:ABIN OFF;:COMP:BIN:COUN:STAT OFF;:COMP:MODE PTOL;:COMP:SLIM -9.9e+037,9.9e+037;:COMP:STAT OFF;:COMP:SWAP OFF;:COMP:TOL:NOM 0;:CURR:LEV 5e-005;:DISP:ENAB ON;:DISP:LINE """";:DISP:WIND:TEXT1:DATA:FMSD:DATA 1e-009;:DISP:WIND:TEXT2:DATA:FMSD:DATA 1e-009;:FORM:ASC:LONG ON;:FORM:BORD NORM;:FORM:DATA ASC,64;:FREQ:CW 135;:FUNC:DEV1:MODE OFF;:FUNC:DEV1:REF:VAL 0;:FUNC:DEV2:MODE OFF;:FUNC:DEV2:REF:VAL 0;:FUNC:IMP:TYPE LSRS;:FUNC:SMON:IDC:STAT OFF;:FUNC:SMON:VDC:STAT OFF;:INIT:CONT OFF;:LIST:MODE SEQ;:LIST:STIM:TYPE FREQ,NONE;:SOUR:DCS:VOLT:LEV 0;:TRIG:DEL 0;:TRIG:SOUR INT;:TRIG:TDEL 0;:DISP:WIND:TEXT1:DATA:FMSD:STAT OFF;:DISP:WIND:TEXT2:DATA:FMSD:STAT OFF;:FUNC:DCR:RANG:VAL 100;:FUNC:IMP:RANG:VAL 300;:OUTP:DC:ISOL:LEV:VAL 0.002;:OUTP:DC:ISOL:STAT OFF;:FUNC:DCR:RANG:AUTO ON;:FUNC:IMP:RANG:AUTO ON;:OUTP:DC:ISOL:LEV:AUTO ON;:DISP:PAGE MEASurement;
"
140.0,0.8521011184,475.814816,5.32504e-06,0.00473773
140.0,0.8503222309,475.6686595,5.34266e-06,0.00473922
140.0,0.8492757893,478.4987822,5.31934e-06,0.00473784
140.0,0.8482419276,478.8352091,5.33244e-06,0.00473862
140.0,0.8500991582,476.988726,5.34448e-06,0.00473821
140.0,0.8489809072,476.557894,5.33527e-06,0.00473772
140.0,0.8504563249,475.7219977,5.33068e-06,0.00473852
140.0,0.852663062,474.2253874,5.33489e-06,0.00473849
140.0,0.8522082298,476.9818672,5.32581e-06,0.00473902
140.0,0.8503289502,476.1402779,5.33333e-06,0.00473871
140.0,0.8514806165,477.2921875,5.3239e-06,0.00474003
140.0,0.8516772598,478.4202515,5.33313e-06,0.00473916
140.0,0.8508295696,477.2751746,5.32617e-06,0.00473783
140.0,0.8529804636,476.1336299,5.33595e-06,0.00473868
140.0,0.8524603412,475.9568228,5.32727e-06,0.00473836
140.0,0.8510151108,476.9715425,5.33528e-06,0.00473706
Freq,140,Rs,476.7177016125,1.205571132286227,Ls,0.85094506625,0.0013865288100939344
":SOUR:DCS:STAT OFF;:BIAS:STAT OFF;:COMP:BIN:COUN:CLE;:LIST:CLE:ALL;:COMP:BIN:CLE;:AMPL:ALC OFF;:APER MED,4;:BIAS:POL:AUTO OFF;:BIAS:RANG:AUTO ON;:BIAS:VOLT:LEV 0;:COMP:ABIN OFF;:COMP:BIN:COUN:STAT OFF;:COMP:MODE PTOL;:COMP:SLIM -9.9e+037,9.9e+037;:COMP:STAT OFF;:COMP:SWAP OFF;:COMP:TOL:NOM 0;:CURR:LEV 5e-005;:DISP:ENAB ON;:DISP:LINE """";:DISP:WIND:TEXT1:DATA:FMSD:DATA 1e-009;:DISP:WIND:TEXT2:DATA:FMSD:DATA 1e-009;:FORM:ASC:LONG ON;:FORM:BORD NORM;:FORM:DATA ASC,64;:FREQ:CW 140;:FUNC:DEV1:MODE OFF;:FUNC:DEV1:REF:VAL 0;:FUNC:DEV2:MODE OFF;:FUNC:DEV2:REF:VAL 0;:FUNC:IMP:TYPE LSRS;:FUNC:SMON:IDC:STAT OFF;:FUNC:SMON:VDC:STAT OFF;:INIT:CONT OFF;:LIST:MODE SEQ;:LIST:STIM:TYPE FREQ,NONE;:SOUR:DCS:VOLT:LEV 0;:TRIG:DEL 0;:TRIG:SOUR INT;:TRIG:TDEL 0;:DISP:WIND:TEXT1:DATA:FMSD:STAT OFF;:DISP:WIND:TEXT2:DATA:FMSD:STAT OFF;:FUNC:DCR:RANG:VAL 100;:FUNC:IMP:RANG:VAL 300;:OUTP:DC:ISOL:LEV:VAL 0.002;:OUTP:DC:ISOL:STAT OFF;:FUNC:DCR:RANG:AUTO ON;:FUNC:IMP:RANG:AUTO ON;:OUTP:DC:ISOL:LEV:AUTO ON;:DISP:PAGE MEASurement;
"
145.0,0.8740044443,493.7211009,5.05435e-06,0.00475989
145.0,0.879030229,493.1455464,5.0669e-06,0.00476003
145.0,0.8775093031,497.5344593,5.04229e-06,0.00476018
145.0,0.8769285237,494.4659399,5.04934e-06,0.00475993
145.0,0.8774367438,493.5530239,5.05579e-06,0.00476026
145.0,0.8795216795,492.2236954,5.05603e-06,0.00475992
145.0,0.8774697012,492.0449135,5.0814e-06,0.0047598
145.0,0.8775522482,493.5150378,5.07806e-06,0.00475801
145.0,0.8731478498,494.4314578,5.08333e-06,0.00475833
145.0,0.8766342712,497.240552,5.0688e-06,0.00475876
145.0,0.8752847167,495.3280764,5.06771e-06,0.00475818
145.0,0.8778200639,494.6915151,5.05318e-06,0.00476
145.0,0.8804239697,499.0610052,5.05202e-06,0.00476037
145.0,0.8786743793,492.8154649,5.06231e-06,0.00476143
145.0,0.8766781244,492.7491199,5.0736e-06,0.00475963
145.0,0.8780845503,494.214411,5.06134e-06,0.00475916
Freq,145,Rs,494.42095746250004,1.9941844740999664,Ls,0.8772625498812501,0.0018925549092880026
":SOUR:DCS:STAT OFF;:BIAS:STAT OFF;:COMP:BIN:COUN:CLE;:LIST:CLE:ALL;:COMP:BIN:CLE;:AMPL:ALC OFF;:APER MED,4;:BIAS:POL:AUTO OFF;:BIAS:RANG:AUTO ON;:BIAS:VOLT:LEV 0;:COMP:ABIN OFF;:COMP:BIN:COUN:STAT OFF;:COMP:MODE PTOL;:COMP:SLIM -9.9e+037,9.9e+037;:COMP:STAT OFF;:COMP:SWAP OFF;:COMP:TOL:NOM 0;:CURR:LEV 5e-005;:DISP:ENAB ON;:DISP:LINE """";:DISP:WIND:TEXT1:DATA:FMSD:DATA 1e-009;:DISP:WIND:TEXT2:DATA:FMSD:DATA 1e-009;:FORM:ASC:LONG ON;:FORM:BORD NORM;:FORM:DATA ASC,64;:FREQ:CW 145;:FUNC:DEV1:MODE OFF;:FUNC:DEV1:REF:VAL 0;:FUNC:DEV2:MODE OFF;:FUNC:DEV2:REF:VAL 0;:FUNC:IMP:TYPE LSRS;:FUNC:SMON:IDC:STAT OFF;:FUNC:SMON:VDC:STAT OFF;:INIT:CONT OFF;:LIST:MODE SEQ;:LIST:STIM:TYPE FREQ,NONE;:SOUR:DCS:VOLT:LEV 0;:TRIG:DEL 0;:TRIG:SOUR INT;:TRIG:TDEL 0;:DISP:WIND:TEXT1:DATA:FMSD:STAT OFF;:DISP:WIND:TEXT2:DATA:FMSD:STAT OFF;:FUNC:DCR:RANG:VAL 100;:FUNC:IMP:RANG:VAL 300;:OUTP:DC:ISOL:LEV:VAL 0.002;:OUTP:DC:ISOL:STAT OFF;:FUNC:DCR:RANG:AUTO ON;:FUNC:IMP:RANG:AUTO ON;:OUTP:DC:ISOL:LEV:AUTO ON;:DISP:PAGE MEASurement;
"
150.0,0.9066590716,513.0257893,4.78221e-06,0.0047767
150.0,0.9044819899,517.7924824,4.79833e-06,0.00477704
150.0,0.9037789258,514.8025667,4.78905e-06,0.00477833
150.0,0.9058735446,515.9030992,4.79617e-06,0.00477766
150.0,0.9025992704,518.8677236,4.79354e-06,0.0047781
150.0,0.9053265452,517.2747143,4.78348e-06,0.00477699
150.0,0.9038592499,515.0956769,4.78343e-06,0.00477657
150.0,0.9057401804,514.4381314,4.80604e-06,0.00477764
150.0,0.9046927788,515.4663895,4.79496e-06,0.00477717
150.0,0.9050634555,516.2355525,4.79069e-06,0.00477709
150.0,0.904457138,514.4089425,4.79475e-06,0.00477669
150.0,0.9058506974,517.1257555,4.79963e-06,0.00477619
150.0,0.9061331401,517.3393636,4.7843e-06,0.0047768
150.0,0.9035604377,514.1816309,4.78948e-06,0.00477698
150.0,0.9041055583,515.3551296,4.78455e-06,0.00477621
150.0,0.9036829762,516.3552345,4.79965e-06,0.00477779
Freq,150,Rs,515.8542614,1.5502627056507674,Ls,0.9047415599874999,0.001123486483876453
":SOUR:DCS:STAT OFF;:BIAS:STAT OFF;:COMP:BIN:COUN:CLE;:LIST:CLE:ALL;:COMP:BIN:CLE;:AMPL:ALC OFF;:APER MED,4;:BIAS:POL:AUTO OFF;:BIAS:RANG:AUTO ON;:BIAS:VOLT:LEV 0;:COMP:ABIN OFF;:COMP:BIN:COUN:STAT OFF;:COMP:MODE PTOL;:COMP:SLIM -9.9e+037,9.9e+037;:COMP:STAT OFF;:COMP:SWAP OFF;:COMP:TOL:NOM 0;:CURR:LEV 5e-005;:DISP:ENAB ON;:DISP:LINE """";:DISP:WIND:TEXT1:DATA:FMSD:DATA 1e-009;:DISP:WIND:TEXT2:DATA:FMSD:DATA 1e-009;:FORM:ASC:LONG ON;:FORM:BORD NORM;:FORM:DATA ASC,64;:FREQ:CW 150;:FUNC:DEV1:MODE OFF;:FUNC:DEV1:REF:VAL 0;:FUNC:DEV2:MODE OFF;:FUNC:DEV2:REF:VAL 0;:FUNC:IMP:TYPE LSRS;:FUNC:SMON:IDC:STAT OFF;:FUNC:SMON:VDC:STAT OFF;:INIT:CONT OFF;:LIST:MODE SEQ;:LIST:STIM:TYPE FREQ,NONE;:SOUR:DCS:VOLT:LEV 0;:TRIG:DEL 0;:TRIG:SOUR INT;:TRIG:TDEL 0;:DISP:WIND:TEXT1:DATA:FMSD:STAT OFF;:DISP:WIND:TEXT2:DATA:FMSD:STAT OFF;:FUNC:DCR:RANG:VAL 100;:FUNC:IMP:RANG:VAL 300;:OUTP:DC:ISOL:LEV:VAL 0.002;:OUTP:DC:ISOL:STAT OFF;:FUNC:DCR:RANG:AUTO ON;:FUNC:IMP:RANG:AUTO ON;:OUTP:DC:ISOL:LEV:AUTO ON;:DISP:PAGE MEASurement;
"
155.0,0.9609208908,531.9424881,4.4671e-06,0.00481106
155.0,0.9592193152,531.4826821,4.47036e-06,0.00481149
155.0,0.9596858836,531.5495817,4.46648e-06,0.00481095
155.0,0.9615631214,534.3975099,4.46341e-06,0.004811
155.0,0.9606784226,534.5120942,4.47302e-06,0.00481192
155.0,0.9586608962,534.0414065,4.47648e-06,0.00481057
155.0,0.9586447619,533.9635642,4.4766e-06,0.00481121
155.0,0.9599318802,531.9151702,4.47632e-06,0.00481067
155.0,0.9584116199,532.1516719,4.46792e-06,0.00481151
155.0,0.9596925966,531.5368197,4.46712e-06,0.00481072
155.0,0.9589749269,532.2266284,4.47301e-06,0.00481071
155.0,0.9585967728,533.1588616,4.46697e-06,0.00481236
155.0,0.9601274395,531.0112555,4.47445e-06,0.00481085
155.0,0.9601138383,531.1115309,4.46834e-06,0.00481179
155.0,0.9594451253,532.7089407,4.47566e-06,0.00481108
155.0,0.9600245914,533.2750193,4.46781e-06,0.00481174
Freq,155,Rs,532.56157655625,1.184450013647109,Ls,0.9596682551625,0.0009058469024133235
":SOUR:DCS:STAT OFF;:BIAS:STAT OFF;:COMP:BIN:COUN:CLE;:LIST:CLE:ALL;:COMP:BIN:CLE;:AMPL:ALC OFF;:APER MED,4;:BIAS:POL:AUTO OFF;:BIAS:RANG:AUTO ON;:BIAS:VOLT:LEV 0;:COMP:ABIN OFF;:COMP:BIN:COUN:STAT OFF;:COMP:MODE PTOL;:COMP:SLIM -9.9e+037,9.9e+037;:COMP:STAT OFF;:COMP:SWAP OFF;:COMP:TOL:NOM 0;:CURR:LEV 5e-005;:DISP:ENAB ON;:DISP:LINE """";:DISP:WIND:TEXT1:DATA:FMSD:DATA 1e-009;:DISP:WIND:TEXT2:DATA:FMSD:DATA 1e-009;:FORM:ASC:LONG ON;:FORM:BORD NORM;:FORM:DATA ASC,64;:FREQ:CW 155;:FUNC:DEV1:MODE OFF;:FUNC:DEV1:REF:VAL 0;:FUNC:DEV2:MODE OFF;:FUNC:DEV2:REF:VAL 0;:FUNC:IMP:TYPE LSRS;:FUNC:SMON:IDC:STAT OFF;:FUNC:SMON:VDC:STAT OFF;:INIT:CONT OFF;:LIST:MODE SEQ;:LIST:STIM:TYPE FREQ,NONE;:SOUR:DCS:VOLT:LEV 0;:TRIG:DEL 0;:TRIG:SOUR INT;:TRIG:TDEL 0;:DISP:WIND:TEXT1:DATA:FMSD:STAT OFF;:DISP:WIND:TEXT2:DATA:FMSD:STAT OFF;:FUNC:DCR:RANG:VAL 100;:FUNC:IMP:RANG:VAL 1000;:OUTP:DC:ISOL:LEV:VAL 0.002;:OUTP:DC:ISOL:STAT OFF;:FUNC:DCR:RANG:AUTO ON;:FUNC:IMP:RANG:AUTO ON;:OUTP:DC:ISOL:LEV:AUTO ON;:DISP:PAGE MEASurement;
"
160.0,1.081783628,578.8059935,3.94112e-06,0.00485472
160.0,1.082478543,582.2237682,3.94137e-06,0.00485496
160.0,1.080373463,578.1473811,3.9361e-06,0.00485478
160.0,1.080471399,579.5243339,3.93598e-06,0.00485447
160.0,1.080472476,581.0750909,3.94199e-06,0.00485459
160.0,1.083084489,580.9949893,3.94103e-06,0.00485465
160.0,1.081606207,579.8692376,3.94674e-06,0.00485405
160.0,1.081116991,577.9961951,3.94094e-06,0.00485373
160.0,1.084288343,579.5016638,3.93772e-06,0.00485388
160.0,1.082486526,579.8576268,3.94147e-06,0.00485419
160.0,1.08122346,581.829055,3.93819e-06,0.00485458
160.0,1.083696716,580.729449,3.94122e-06,0.00485428
160.0,1.08098836,577.7012861,3.92893e-06,0.00485398
160.0,1.079509002,575.9348119,3.93021e-06,0.0048544
160.0,1.082944465,582.1746854,3.93828e-06,0.0048539
160.0,1.079330644,580.38945,3.93774e-06,0.00485379
Freq,160,Rs,579.7971886,1.7585259750317224,Ls,1.0816159195,0.0014501274720265698
":SOUR:DCS:STAT OFF;:BIAS:STAT OFF;:COMP:BIN:COUN:CLE;:LIST:CLE:ALL;:COMP:BIN:CLE;:AMPL:ALC OFF;:APER MED,4;:BIAS:POL:AUTO OFF;:BIAS:RANG:AUTO ON;:BIAS:VOLT:LEV 0;:COMP:ABIN OFF;:COMP:BIN:COUN:STAT OFF;:COMP:MODE PTOL;:COMP:SLIM -9.9e+037,9.9e+037;:COMP:STAT OFF;:COMP:SWAP OFF;:COMP:TOL:NOM 0;:CURR:LEV 5e-005;:DISP:ENAB ON;:DISP:LINE """";:DISP:WIND:TEXT1:DATA:FMSD:DATA 1e-009;:DISP:WIND:TEXT2:DATA:FMSD:DATA 1e-009;:FORM:ASC:LONG ON;:FORM:BORD NORM;:FORM:DATA ASC,64;:FREQ:CW 160;:FUNC:DEV1:MODE OFF;:FUNC:DEV1:REF:VAL 0;:FUNC:DEV2:MODE OFF;:FUNC:DEV2:REF:VAL 0;:FUNC:IMP:TYPE LSRS;:FUNC:SMON:IDC:STAT OFF;:FUNC:SMON:VDC:STAT OFF;:INIT:CONT OFF;:LIST:MODE SEQ;:LIST:STIM:TYPE FREQ,NONE;:SOUR:DCS:VOLT:LEV 0;:TRIG:DEL 0;:TRIG:SOUR INT;:TRIG:TDEL 0;:DISP:WIND:TEXT1:DATA:FMSD:STAT OFF;:DISP:WIND:TEXT2:DATA:FMSD:STAT OFF;:FUNC:DCR:RANG:VAL 100;:FUNC:IMP:RANG:VAL 1000;:OUTP:DC:ISOL:LEV:VAL 0.002;:OUTP:DC:ISOL:STAT OFF;:FUNC:DCR:RANG:AUTO ON;:FUNC:IMP:RANG:AUTO ON;:OUTP:DC:ISOL:LEV:AUTO ON;:DISP:PAGE MEASurement;
"
165.0,1.306891875,794.0627241,3.11685e-06,0.00489104
165.0,1.312720065,789.0169632,3.10808e-06,0.00489148
165.0,1.307907058,788.165635,3.11492e-06,0.00489126
165.0,1.307663374,798.9841764,3.11673e-06,0.004891
165.0,1.308737887,790.7212077,3.10643e-06,0.00489124
165.0,1.308162631,792.53713,3.09368e-06,0.00489049
165.0,1.313617327,790.4851365,3.10536e-06,0.00489037
165.0,1.308876947,793.0795416,3.10963e-06,0.00489174
165.0,1.310603029,794.7473505,3.11495e-06,0.00489137
165.0,1.311058876,791.8527527,3.10132e-06,0.00489165
165.0,1.311088418,792.0152079,3.11968e-06,0.00489171
165.0,1.313033772,796.1633436,3.11594e-06,0.00489143
165.0,1.313611795,792.2315272,3.11127e-06,0.00489101
165.0,1.310752197,795.8869797,3.10713e-06,0.00489107
165.0,1.310390547,791.279,3.10075e-06,0.00489214
165.0,1.312546423,789.6202714,3.11446e-06,0.00489045
Freq,165,Rs,792.55305921875,2.8679017309502437,Ls,1.3104788888125,0.002231086071368985
":SOUR:DCS:STAT OFF;:BIAS:STAT OFF;:COMP:BIN:COUN:CLE;:LIST:CLE:ALL;:COMP:BIN:CLE;:AMPL:ALC OFF;:APER MED,4;:BIAS:POL:AUTO OFF;:BIAS:RANG:AUTO ON;:BIAS:VOLT:LEV 0;:COMP:ABIN OFF;:COMP:BIN:COUN:STAT OFF;:COMP:MODE PTOL;:COMP:SLIM -9.9e+037,9.9e+037;:COMP:STAT OFF;:COMP:SWAP OFF;:COMP:TOL:NOM 0;:CURR:LEV 5e-005;:DISP:ENAB ON;:DISP:LINE """";:DISP:WIND:TEXT1:DATA:FMSD:DATA 1e-009;:DISP:WIND:TEXT2:DATA:FMSD:DATA 1e-009;:FORM:ASC:LONG ON;:FORM:BORD NORM;:FORM:DATA ASC,64;:FREQ:CW 165;:FUNC:DEV1:MODE OFF;:FUNC:DEV1:REF:VAL 0;:FUNC:DEV2:MODE OFF;:FUNC:DEV2:REF:VAL 0;:FUNC:IMP:TYPE LSRS;:FUNC:SMON:IDC:STAT OFF;:FUNC:SMON:VDC:STAT OFF;:INIT:CONT OFF;:LIST:MODE SEQ;:LIST:STIM:TYPE FREQ,NONE;:SOUR:DCS:VOLT:LEV 0;:TRIG:DEL 0;:TRIG:SOUR INT;:TRIG:TDEL 0;:DISP:WIND:TEXT1:DATA:FMSD:STAT OFF;:DISP:WIND:TEXT2:DATA:FMSD:STAT OFF;:FUNC:DCR:RANG:VAL 100;:FUNC:IMP:RANG:VAL 1000;:OUTP:DC:ISOL:LEV:VAL 0.002;:OUTP:DC:ISOL:STAT OFF;:FUNC:DCR:RANG:AUTO ON;:FUNC:IMP:RANG:AUTO ON;:OUTP:DC:ISOL:LEV:AUTO ON;:DISP:PAGE MEASurement;
"
170.0,1.666549026,1940.042326,1.8937e-06,0.00491536
170.0,1.660329457,1938.250248,1.89037e-06,0.00491748
170.0,1.650629109,1923.9439,1.88709e-06,0.00491634
170.0,1.644193775,1929.509893,1.88142e-06,0.00491755
170.0,1.621047346,1925.869607,1.87752e-06,0.0049166
170.0,1.623148584,1942.602059,1.87856e-06,0.00491549
170.0,1.654231978,1943.203214,1.87482e-06,0.00491412
170.0,1.648945237,1951.621639,1.87739e-06,0.00491507
170.0,1.668459131,1949.94055,1.88315e-06,0.00491514
170.0,1.666293651,1931.294426,1.8885e-06,0.00491569
170.0,1.653389324,1939.225423,1.87927e-06,0.00491667
170.0,1.653384061,1933.688241,1.89349e-06,0.00491693
170.0,1.655670359,1922.331769,1.88093e-06,0.0049168
170.0,1.636299314,1939.519597,1.86238e-06,0.00491679
170.0,1.630525343,1928.592282,1.87654e-06,0.00491756
170.0,1.628415089,1923.455034,1.86716e-06,0.00491683
Freq,170,Rs,1935.193138,9.25303581601198,Ls,1.6475944239999998,0.015480220704985136
":SOUR:DCS:STAT OFF;:BIAS:STAT OFF;:COMP:BIN:COUN:CLE;:LIST:CLE:ALL;:COMP:BIN:CLE;:AMPL:ALC OFF;:APER MED,4;:BIAS:POL:AUTO OFF;:BIAS:RANG:AUTO ON;:BIAS:VOLT:LEV 0;:COMP:ABIN OFF;:COMP:BIN:COUN:STAT OFF;:COMP:MODE PTOL;:COMP:SLIM -9.9e+037,9.9e+037;:COMP:STAT OFF;:COMP:SWAP OFF;:COMP:TOL:NOM 0;:CURR:LEV 5e-005;:DISP:ENAB ON;:DISP:LINE """";:DISP:WIND:TEXT1:DATA:FMSD:DATA 1e-009;:DISP:WIND:TEXT2:DATA:FMSD:DATA 1e-009;:FORM:ASC:LONG ON;:FORM:BORD NORM;:FORM:DATA ASC,64;:FREQ:CW 170;:FUNC:DEV1:MODE OFF;:FUNC:DEV1:REF:VAL 0;:FUNC:DEV2:MODE OFF;:FUNC:DEV2:REF:VAL 0;:FUNC:IMP:TYPE LSRS;:FUNC:SMON:IDC:STAT OFF;:FUNC:SMON:VDC:STAT OFF;:INIT:CONT OFF;:LIST:MODE SEQ;:LIST:STIM:TYPE FREQ,NONE;:SOUR:DCS:VOLT:LEV 0;:TRIG:DEL 0;:TRIG:SOUR INT;:TRIG:TDEL 0;:DISP:WIND:TEXT1:DATA:FMSD:STAT OFF;:DISP:WIND:TEXT2:DATA:FMSD:STAT OFF;:FUNC:DCR:RANG:VAL 100;:FUNC:IMP:RANG:VAL 1000;:OUTP:DC:ISOL:LEV:VAL 0.002;:OUTP:DC:ISOL:STAT OFF;:FUNC:DCR:RANG:AUTO ON;:FUNC:IMP:RANG:AUTO ON;:OUTP:DC:ISOL:LEV:AUTO ON;:DISP:PAGE MEASurement;
"
172.0,0.4970992127,2759.024374,1.73023e-06,0.00488597
172.0,0.4904099744,2803.890097,1.74335e-06,0.00488698
172.0,0.492120199,2770.707983,1.749e-06,0.00488458
172.0,0.4878763512,2789.802865,1.74088e-06,0.00488591
172.0,0.4890645254,2796.346014,1.73293e-06,0.00488607
172.0,0.4716671029,2769.791149,1.73026e-06,0.00488559
172.0,0.4906620811,2759.404355,1.73675e-06,0.00488761
172.0,0.4958069534,2753.152061,1.74591e-06,0.00488752
172.0,0.4956188427,2770.294052,1.74381e-06,0.00488648
172.0,0.4810694173,2785.335165,1.73986e-06,0.00488476
172.0,0.4696386122,2786.175726,1.72173e-06,0.00488664
172.0,0.4649442972,2759.172957,1.72621e-06,0.00488578
172.0,0.4770765337,2750.529146,1.72341e-06,0.00488717
172.0,0.4726497032,2755.402863,1.7194e-06,0.0048866
172.0,0.477662813,2753.691244,1.7322e-06,0.00488632
172.0,0.4760705137,2774.136239,1.72021e-06,0.00488624
Freq,172,Rs,2771.0535181249998,16.780114090057708,Ls,0.48308982081875,0.010439280637426782
":SOUR:DCS:STAT OFF;:BIAS:STAT OFF;:COMP:BIN:COUN:CLE;:LIST:CLE:ALL;:COMP:BIN:CLE;:AMPL:ALC OFF;:APER MED,4;:BIAS:POL:AUTO OFF;:BIAS:RANG:AUTO ON;:BIAS:VOLT:LEV 0;:COMP:ABIN OFF;:COMP:BIN:COUN:STAT OFF;:COMP:MODE PTOL;:COMP:SLIM -9.9e+037,9.9e+037;:COMP:STAT OFF;:COMP:SWAP OFF;:COMP:TOL:NOM 0;:CURR:LEV 5e-005;:DISP:ENAB ON;:DISP:LINE """";:DISP:WIND:TEXT1:DATA:FMSD:DATA 1e-009;:DISP:WIND:TEXT2:DATA:FMSD:DATA 1e-009;:FORM:ASC:LONG ON;:FORM:BORD NORM;:FORM:DATA ASC,64;:FREQ:CW 172;:FUNC:DEV1:MODE OFF;:FUNC:DEV1:REF:VAL 0;:FUNC:DEV2:MODE OFF;:FUNC:DEV2:REF:VAL 0;:FUNC:IMP:TYPE LSRS;:FUNC:SMON:IDC:STAT OFF;:FUNC:SMON:VDC:STAT OFF;:INIT:CONT OFF;:LIST:MODE SEQ;:LIST:STIM:TYPE FREQ,NONE;:SOUR:DCS:VOLT:LEV 0;:TRIG:DEL 0;:TRIG:SOUR INT;:TRIG:TDEL 0;:DISP:WIND:TEXT1:DATA:FMSD:STAT OFF;:DISP:WIND:TEXT2:DATA:FMSD:STAT OFF;:FUNC:DCR:RANG:VAL 100;:FUNC:IMP:RANG:VAL 1000;:OUTP:DC:ISOL:LEV:VAL 0.002;:OUTP:DC:ISOL:STAT OFF;:FUNC:DCR:RANG:AUTO ON;:FUNC:IMP:RANG:AUTO ON;:OUTP:DC:ISOL:LEV:AUTO ON;:DISP:PAGE MEASurement;
"
175.0,-0.380293467,1365.028684,3.31776e-06,0.00473811
175.0,-0.3803714796,1362.399983,3.33018e-06,0.00473862
175.0,-0.3826011763,1364.300931,3.33192e-06,0.00473751
175.0,-0.3846490833,1360.348696,3.32308e-06,0.00473705
175.0,-0.3768330803,1362.936974,3.32932e-06,0.00473858
175.0,-0.3793660174,1364.640431,3.32694e-06,0.00473769
175.0,-0.3781314301,1363.182877,3.3221e-06,0.00473763
175.0,-0.3818917936,1360.618002,3.32884e-06,0.0047377
175.0,-0.3768859158,1357.215446,3.33556e-06,0.00473641
175.0,-0.3758717752,1358.23708,3.3171e-06,0.0047376
175.0,-0.3864227228,1357.969967,3.31819e-06,0.00473739
175.0,-0.3808961199,1359.887717,3.33252e-06,0.00473835
175.0,-0.3775665876,1366.380595,3.32377e-06,0.00473828
175.0,-0.3806729007,1360.896733,3.33201e-06,0.00473883
175.0,-0.3825791296,1362.819217,3.33199e-06,0.00473633
175.0,-0.3800221012,1360.410424,3.32838e-06,0.00473865
Freq,175,Rs,1361.7046098125,2.6891874446088218,Ls,-0.380315923775,0.002902066939534788
":SOUR:DCS:STAT OFF;:BIAS:STAT OFF;:COMP:BIN:COUN:CLE;:LIST:CLE:ALL;:COMP:BIN:CLE;:AMPL:ALC OFF;:APER MED,4;:BIAS:POL:AUTO OFF;:BIAS:RANG:AUTO ON;:BIAS:VOLT:LEV 0;:COMP:ABIN OFF;:COMP:BIN:COUN:STAT OFF;:COMP:MODE PTOL;:COMP:SLIM -9.9e+037,9.9e+037;:COMP:STAT OFF;:COMP:SWAP OFF;:COMP:TOL:NOM 0;:CURR:LEV 5e-005;:DISP:ENAB ON;:DISP:LINE """";:DISP:WIND:TEXT1:DATA:FMSD:DATA 1e-009;:DISP:WIND:TEXT2:DATA:FMSD:DATA 1e-009;:FORM:ASC:LONG ON;:FORM:BORD NORM;:FORM:DATA ASC,64;:FREQ:CW 175;:FUNC:DEV1:MODE OFF;:FUNC:DEV1:REF:VAL 0;:FUNC:DEV2:MODE OFF;:FUNC:DEV2:REF:VAL 0;:FUNC:IMP:TYPE LSRS;:FUNC:SMON:IDC:STAT OFF;:FUNC:SMON:VDC:STAT OFF;:INIT:CONT OFF;:LIST:MODE SEQ;:LIST:STIM:TYPE FREQ,NONE;:SOUR:DCS:VOLT:LEV 0;:TRIG:DEL 0;:TRIG:SOUR INT;:TRIG:TDEL 0;:DISP:WIND:TEXT1:DATA:FMSD:STAT OFF;:DISP:WIND:TEXT2:DATA:FMSD:STAT OFF;:FUNC:DCR:RANG:VAL 100;:FUNC:IMP:RANG:VAL 1000;:OUTP:DC:ISOL:LEV:VAL 0.002;:OUTP:DC:ISOL:STAT OFF;:FUNC:DCR:RANG:AUTO ON;:FUNC:IMP:RANG:AUTO ON;:OUTP:DC:ISOL:LEV:AUTO ON;:DISP:PAGE MEASurement;
"
180.0,0.05737160177,710.3013209,6.21967e-06,0.00443542
180.0,0.05817186647,710.9818236,6.232e-06,0.0044352
180.0,0.05749916918,709.2479986,6.23346e-06,0.00443661
180.0,0.05563965627,709.4174101,6.20981e-06,0.00443453
180.0,0.05869102619,711.9530207,6.22843e-06,0.00443636
180.0,0.05935731871,708.9660591,6.2216e-06,0.0044344
180.0,0.05833599003,709.6725245,6.21231e-06,0.00443643
180.0,0.05798418967,710.516911,6.22692e-06,0.00443504
180.0,0.05751987825,709.6271111,6.23121e-06,0.00443586
180.0,0.05884223657,711.1641766,6.22234e-06,0.00443458
180.0,0.05738758443,710.4529018,6.22273e-06,0.00443449
180.0,0.05684675476,710.5743846,6.21994e-06,0.00443593
180.0,0.0569110345,711.0133612,6.21551e-06,0.00443452
180.0,0.05715859986,708.6404109,6.22265e-06,0.00443426
180.0,0.05938872342,708.3795383,6.20658e-06,0.00443549
180.0,0.05768587351,710.0662429,6.22819e-06,0.00443521
Freq,180,Rs,710.06094974375,0.9897161387647758,Ls,0.057799468974375,0.0009866434314767163
":SOUR:DCS:STAT OFF;:BIAS:STAT OFF;:COMP:BIN:COUN:CLE;:LIST:CLE:ALL;:COMP:BIN:CLE;:AMPL:ALC OFF;:APER MED,4;:BIAS:POL:AUTO OFF;:BIAS:RANG:AUTO ON;:BIAS:VOLT:LEV 0;:COMP:ABIN OFF;:COMP:BIN:COUN:STAT OFF;:COMP:MODE PTOL;:COMP:SLIM -9.9e+037,9.9e+037;:COMP:STAT OFF;:COMP:SWAP OFF;:COMP:TOL:NOM 0;:CURR:LEV 5e-005;:DISP:ENAB ON;:DISP:LINE """";:DISP:WIND:TEXT1:DATA:FMSD:DATA 1e-009;:DISP:WIND:TEXT2:DATA:FMSD:DATA 1e-009;:FORM:ASC:LONG ON;:FORM:BORD NORM;:FORM:DATA ASC,64;:FREQ:CW 180;:FUNC:DEV1:MODE OFF;:FUNC:DEV1:REF:VAL 0;:FUNC:DEV2:MODE OFF;:FUNC:DEV2:REF:VAL 0;:FUNC:IMP:TYPE LSRS;:FUNC:SMON:IDC:STAT OFF;:FUNC:SMON:VDC:STAT OFF;:INIT:CONT OFF;:LIST:MODE SEQ;:LIST:STIM:TYPE FREQ,NONE;:SOUR:DCS:VOLT:LEV 0;:TRIG:DEL 0;:TRIG:SOUR INT;:TRIG:TDEL 0;:DISP:WIND:TEXT1:DATA:FMSD:STAT OFF;:DISP:WIND:TEXT2:DATA:FMSD:STAT OFF;:FUNC:DCR:RANG:VAL 100;:FUNC:IMP:RANG:VAL 300;:OUTP:DC:ISOL:LEV:VAL 0.002;:OUTP:DC:ISOL:STAT OFF;:FUNC:DCR:RANG:AUTO ON;:FUNC:IMP:RANG:AUTO ON;:OUTP:DC:ISOL:LEV:AUTO ON;:DISP:PAGE MEASurement;
"
185.0,0.25347351,603.5768892,6.62731e-06,0.00445131
185.0,0.2543134366,603.1824536,6.62975e-06,0.00445203
185.0,0.254379353,603.8304464,6.63761e-06,0.0044498
185.0,0.2546809721,602.7112318,6.62741e-06,0.00445127
185.0,0.2542924075,601.4988485,6.62067e-06,0.00445148
185.0,0.2547562082,602.5601051,6.62909e-06,0.00445237
185.0,0.2553800289,603.3091214,6.6188e-06,0.00445229
185.0,0.2545945179,603.153696,6.62714e-06,0.00445007
185.0,0.2535840436,604.0810308,6.62658e-06,0.00445117
185.0,0.253383189,602.543625,6.6363e-06,0.00444952
185.0,0.2536380559,602.4369281,6.62928e-06,0.00445351
185.0,0.2539788124,601.3320064,6.63656e-06,0.00445154
185.0,0.2549123204,601.0206054,6.62529e-06,0.00445148
185.0,0.2551517852,602.5770132,6.6268e-06,0.0044529
185.0,0.2548914421,605.0310086,6.6119e-06,0.00445083
185.0,0.2547428491,603.1452841,6.62274e-06,0.00445037
Freq,185,Rs,602.87439335,1.0383323387898715,Ls,0.25438455824375,0.0006176595052911522
":SOUR:DCS:STAT OFF;:BIAS:STAT OFF;:COMP:BIN:COUN:CLE;:LIST:CLE:ALL;:COMP:BIN:CLE;:AMPL:ALC OFF;:APER MED,4;:BIAS:POL:AUTO OFF;:BIAS:RANG:AUTO ON;:BIAS:VOLT:LEV 0;:COMP:ABIN OFF;:COMP:BIN:COUN:STAT OFF;:COMP:MODE PTOL;:COMP:SLIM -9.9e+037,9.9e+037;:COMP:STAT OFF;:COMP:SWAP OFF;:COMP:TOL:NOM 0;:CURR:LEV 5e-005;:DISP:ENAB ON;:DISP:LINE """";:DISP:WIND:TEXT1:DATA:FMSD:DATA 1e-009;:DISP:WIND:TEXT2:DATA:FMSD:DATA 1e-009;:FORM:ASC:LONG ON;:FORM:BORD NORM;:FORM:DATA ASC,64;:FREQ:CW 185;:FUNC:DEV1:MODE OFF;:FUNC:DEV1:REF:VAL 0;:FUNC:DEV2:MODE OFF;:FUNC:DEV2:REF:VAL 0;:FUNC:IMP:TYPE LSRS;:FUNC:SMON:IDC:STAT OFF;:FUNC:SMON:VDC:STAT OFF;:INIT:CONT OFF;:LIST:MODE SEQ;:LIST:STIM:TYPE FREQ,NONE;:SOUR:DCS:VOLT:LEV 0;:TRIG:DEL 0;:TRIG:SOUR INT;:TRIG:TDEL 0;:DISP:WIND:TEXT1:DATA:FMSD:STAT OFF;:DISP:WIND:TEXT2:DATA:FMSD:STAT OFF;:FUNC:DCR:RANG:VAL 100;:FUNC:IMP:RANG:VAL 300;:OUTP:DC:ISOL:LEV:VAL 0.002;:OUTP:DC:ISOL:STAT OFF;:FUNC:DCR:RANG:AUTO ON;:FUNC:IMP:RANG:AUTO ON;:OUTP:DC:ISOL:LEV:AUTO ON;:DISP:PAGE MEASurement;
"
200.0,0.4421150933,560.7257855,5.84949e-06,0.0046178
200.0,0.4421116166,560.8109788,5.84363e-06,0.00461713
200.0,0.4416515659,560.6320251,5.85144e-06,0.00461692
200.0,0.4426633097,561.526186,5.84558e-06,0.00461706
200.0,0.4424798433,561.2600099,5.85219e-06,0.00461758
200.0,0.4417005843,560.828311,5.854e-06,0.00461713
200.0,0.4418376865,561.2355625,5.84493e-06,0.00461722
200.0,0.4415435589,561.3028943,5.84638e-06,0.00461696
200.0,0.4416840755,560.5701935,5.85355e-06,0.00461798
200.0,0.4421180441,561.3950884,5.84703e-06,0.00461771
200.0,0.4418669953,560.645064,5.85068e-06,0.00461714
200.0,0.4423314786,560.7631127,5.849e-06,0.0046173
200.0,0.4424511541,561.3174771,5.85513e-06,0.00461726
200.0,0.4416232666,560.7671751,5.85102e-06,0.00461746
200.0,0.4422772438,560.5009432,5.84191e-06,0.00461714
200.0,0.4418626032,561.5381731,5.85221e-06,0.00461714
Freq,200,Rs,560.9886862625001,0.36350877888641064,Ls,0.44201988248125,0.00034812549479901385
":SOUR:DCS:STAT OFF;:BIAS:STAT OFF;:COMP:BIN:COUN:CLE;:LIST:CLE:ALL;:COMP:BIN:CLE;:AMPL:ALC OFF;:APER MED,4;:BIAS:POL:AUTO OFF;:BIAS:RANG:AUTO ON;:BIAS:VOLT:LEV 0;:COMP:ABIN OFF;:COMP:BIN:COUN:STAT OFF;:COMP:MODE PTOL;:COMP:SLIM -9.9e+037,9.9e+037;:COMP:STAT OFF;:COMP:SWAP OFF;:COMP:TOL:NOM 0;:CURR:LEV 5e-005;:DISP:ENAB ON;:DISP:LINE """";:DISP:WIND:TEXT1:DATA:FMSD:DATA 1e-009;:DISP:WIND:TEXT2:DATA:FMSD:DATA 1e-009;:FORM:ASC:LONG ON;:FORM:BORD NORM;:FORM:DATA ASC,64;:FREQ:CW 200;:FUNC:DEV1:MODE OFF;:FUNC:DEV1:REF:VAL 0;:FUNC:DEV2:MODE OFF;:FUNC:DEV2:REF:VAL 0;:FUNC:IMP:TYPE LSRS;:FUNC:SMON:IDC:STAT OFF;:FUNC:SMON:VDC:STAT OFF;:INIT:CONT OFF;:LIST:MODE SEQ;:LIST:STIM:TYPE FREQ,NONE;:SOUR:DCS:VOLT:LEV 0;:TRIG:DEL 0;:TRIG:SOUR INT;:TRIG:TDEL 0;:DISP:WIND:TEXT1:DATA:FMSD:STAT OFF;:DISP:WIND:TEXT2:DATA:FMSD:STAT OFF;:FUNC:DCR:RANG:VAL 100;:FUNC:IMP:RANG:VAL 300;:OUTP:DC:ISOL:LEV:VAL 0.002;:OUTP:DC:ISOL:STAT OFF;:FUNC:DCR:RANG:AUTO ON;:FUNC:IMP:RANG:AUTO ON;:OUTP:DC:ISOL:LEV:AUTO ON;:DISP:PAGE MEASurement;
"
220.0,0.5055485017,575.3447924,5.19938e-06,0.00470442
220.0,0.5057418211,574.5938933,5.20295e-06,0.00470419
220.0,0.5059786349,574.33947,5.20368e-06,0.00470386
220.0,0.5060135417,573.963398,5.20268e-06,0.00470441
220.0,0.5053441793,574.6029702,5.20354e-06,0.00470429
220.0,0.5052117883,574.9350769,5.20526e-06,0.00470445
220.0,0.5053812619,574.3616172,5.20298e-06,0.00470382
220.0,0.5057143367,574.478446,5.19769e-06,0.00470422
220.0,0.5052203194,574.7870792,5.19981e-06,0.00470412
220.0,0.505336855,575.4694225,5.20373e-06,0.00470392
220.0,0.5048424139,574.6204895,5.20284e-06,0.00470514
220.0,0.5052823129,575.0201396,5.20282e-06,0.00470408
220.0,0.5053099651,574.6468132,5.20203e-06,0.00470405
220.0,0.5052897544,574.3491867,5.20026e-06,0.00470441
220.0,0.5057316445,573.9193064,5.19774e-06,0.00470444
220.0,0.5058782589,574.4203463,5.20116e-06,0.00470364
Freq,220,Rs,574.6157779625,0.4271099942374501,Ls,0.50548909935625,0.0003246362352572535
":SOUR:DCS:STAT OFF;:BIAS:STAT OFF;:COMP:BIN:COUN:CLE;:LIST:CLE:ALL;:COMP:BIN:CLE;:AMPL:ALC OFF;:APER MED,4;:BIAS:POL:AUTO OFF;:BIAS:RANG:AUTO ON;:BIAS:VOLT:LEV 0;:COMP:ABIN OFF;:COMP:BIN:COUN:STAT OFF;:COMP:MODE PTOL;:COMP:SLIM -9.9e+037,9.9e+037;:COMP:STAT OFF;:COMP:SWAP OFF;:COMP:TOL:NOM 0;:CURR:LEV 5e-005;:DISP:ENAB ON;:DISP:LINE """";:DISP:WIND:TEXT1:DATA:FMSD:DATA 1e-009;:DISP:WIND:TEXT2:DATA:FMSD:DATA 1e-009;:FORM:ASC:LONG ON;:FORM:BORD NORM;:FORM:DATA ASC,64;:FREQ:CW 220;:FUNC:DEV1:MODE OFF;:FUNC:DEV1:REF:VAL 0;:FUNC:DEV2:MODE OFF;:FUNC:DEV2:REF:VAL 0;:FUNC:IMP:TYPE LSRS;:FUNC:SMON:IDC:STAT OFF;:FUNC:SMON:VDC:STAT OFF;:INIT:CONT OFF;:LIST:MODE SEQ;:LIST:STIM:TYPE FREQ,NONE;:SOUR:DCS:VOLT:LEV 0;:TRIG:DEL 0;:TRIG:SOUR INT;:TRIG:TDEL 0;:DISP:WIND:TEXT1:DATA:FMSD:STAT OFF;:DISP:WIND:TEXT2:DATA:FMSD:STAT OFF;:FUNC:DCR:RANG:VAL 100;:FUNC:IMP:RANG:VAL 300;:OUTP:DC:ISOL:LEV:VAL 0.002;:OUTP:DC:ISOL:STAT OFF;:FUNC:DCR:RANG:AUTO ON;:FUNC:IMP:RANG:AUTO ON;:OUTP:DC:ISOL:LEV:AUTO ON;:DISP:PAGE MEASurement;
"
240.0,0.5252157216,598.2999302,4.78455e-06,0.00474307
240.0,0.5256481394,597.7560163,4.78031e-06,0.00474329
240.0,0.5252853617,597.1922638,4.78331e-06,0.00474309
240.0,0.5249256747,598.0343956,4.77941e-06,0.00474304
240.0,0.5250945431,597.5243833,4.77767e-06,0.0047434
240.0,0.5253387282,596.8353402,4.77954e-06,0.00474268
240.0,0.5257587055,598.3848721,4.78076e-06,0.00474294
240.0,0.5253351858,598.204131,4.77809e-06,0.00474354
240.0,0.525309053,597.2475876,4.78417e-06,0.00474271
240.0,0.5256105402,597.0576985,4.77812e-06,0.00474375
240.0,0.5253571907,597.8513952,4.78243e-06,0.00474353
240.0,0.525273746,598.5213503,4.78256e-06,0.00474266
240.0,0.5248952785,597.9097497,4.77443e-06,0.00474325
240.0,0.5256139255,597.2852779,4.78384e-06,0.00474319
240.0,0.525360244,596.9896844,4.78381e-06,0.00474334
240.0,0.5247353691,597.7055357,4.78016e-06,0.00474299
Freq,240,Rs,597.6749757375001,0.5328952393550218,Ls,0.5252973379375,0.0002839188533171087
":SOUR:DCS:STAT OFF;:BIAS:STAT OFF;:COMP:BIN:COUN:CLE;:LIST:CLE:ALL;:COMP:BIN:CLE;:AMPL:ALC OFF;:APER MED,4;:BIAS:POL:AUTO OFF;:BIAS:RANG:AUTO ON;:BIAS:VOLT:LEV 0;:COMP:ABIN OFF;:COMP:BIN:COUN:STAT OFF;:COMP:MODE PTOL;:COMP:SLIM -9.9e+037,9.9e+037;:COMP:STAT OFF;:COMP:SWAP OFF;:COMP:TOL:NOM 0;:CURR:LEV 5e-005;:DISP:ENAB ON;:DISP:LINE """";:DISP:WIND:TEXT1:DATA:FMSD:DATA 1e-009;:DISP:WIND:TEXT2:DATA:FMSD:DATA 1e-009;:FORM:ASC:LONG ON;:FORM:BORD NORM;:FORM:DATA ASC,64;:FREQ:CW 240;:FUNC:DEV1:MODE OFF;:FUNC:DEV1:REF:VAL 0;:FUNC:DEV2:MODE OFF;:FUNC:DEV2:REF:VAL 0;:FUNC:IMP:TYPE LSRS;:FUNC:SMON:IDC:STAT OFF;:FUNC:SMON:VDC:STAT OFF;:INIT:CONT OFF;:LIST:MODE SEQ;:LIST:STIM:TYPE FREQ,NONE;:SOUR:DCS:VOLT:LEV 0;:TRIG:DEL 0;:TRIG:SOUR INT;:TRIG:TDEL 0;:DISP:WIND:TEXT1:DATA:FMSD:STAT OFF;:DISP:WIND:TEXT2:DATA:FMSD:STAT OFF;:FUNC:DCR:RANG:VAL 100;:FUNC:IMP:RANG:VAL 300;:OUTP:DC:ISOL:LEV:VAL 0.002;:OUTP:DC:ISOL:STAT OFF;:FUNC:DCR:RANG:AUTO ON;:FUNC:IMP:RANG:AUTO ON;:OUTP:DC:ISOL:LEV:AUTO ON;:DISP:PAGE MEASurement;
"
400.0,0.4761880159,787.9851663,3.38844e-06,0.00485796
400.0,0.4761696175,789.2225853,3.38875e-06,0.00485885
400.0,0.4756620965,790.7022822,3.38936e-06,0.00485861
400.0,0.475909704,789.1407693,3.38527e-06,0.00485785
400.0,0.4758271614,788.2178413,3.39003e-06,0.00485814
400.0,0.4762096051,790.3234629,3.39105e-06,0.00485835
400.0,0.4758105261,787.7416667,3.38602e-06,0.0048579
400.0,0.4754518946,789.7048633,3.3896e-06,0.00485747
400.0,0.4764086614,789.8122571,3.38838e-06,0.00485812
400.0,0.4758385693,789.2630591,3.39075e-06,0.00485803
400.0,0.4764038325,788.8221883,3.38861e-06,0.00485791
400.0,0.4756007448,788.1717616,3.39044e-06,0.00485796
400.0,0.4764519758,788.7898843,3.38984e-06,0.00485811
400.0,0.4758912952,790.3067065,3.39252e-06,0.00485829
400.0,0.4760902023,789.557822,3.38935e-06,0.00485829
400.0,0.4756331694,789.0129563,3.39376e-06,0.00485832
Freq,400,Rs,789.17345453125,0.8744030825562383,Ls,0.4759716919875,0.00031178063907310433
":SOUR:DCS:STAT OFF;:BIAS:STAT OFF;:COMP:BIN:COUN:CLE;:LIST:CLE:ALL;:COMP:BIN:CLE;:AMPL:ALC OFF;:APER MED,4;:BIAS:POL:AUTO OFF;:BIAS:RANG:AUTO ON;:BIAS:VOLT:LEV 0;:COMP:ABIN OFF;:COMP:BIN:COUN:STAT OFF;:COMP:MODE PTOL;:COMP:SLIM -9.9e+037,9.9e+037;:COMP:STAT OFF;:COMP:SWAP OFF;:COMP:TOL:NOM 0;:CURR:LEV 5e-005;:DISP:ENAB ON;:DISP:LINE """";:DISP:WIND:TEXT1:DATA:FMSD:DATA 1e-009;:DISP:WIND:TEXT2:DATA:FMSD:DATA 1e-009;:FORM:ASC:LONG ON;:FORM:BORD NORM;:FORM:DATA ASC,64;:FREQ:CW 400;:FUNC:DEV1:MODE OFF;:FUNC:DEV1:REF:VAL 0;:FUNC:DEV2:MODE OFF;:FUNC:DEV2:REF:VAL 0;:FUNC:IMP:TYPE LSRS;:FUNC:SMON:IDC:STAT OFF;:FUNC:SMON:VDC:STAT OFF;:INIT:CONT OFF;:LIST:MODE SEQ;:LIST:STIM:TYPE FREQ,NONE;:SOUR:DCS:VOLT:LEV 0;:TRIG:DEL 0;:TRIG:SOUR INT;:TRIG:TDEL 0;:DISP:WIND:TEXT1:DATA:FMSD:STAT OFF;:DISP:WIND:TEXT2:DATA:FMSD:STAT OFF;:FUNC:DCR:RANG:VAL 100;:FUNC:IMP:RANG:VAL 1000;:OUTP:DC:ISOL:LEV:VAL 0.002;:OUTP:DC:ISOL:STAT OFF;:FUNC:DCR:RANG:AUTO ON;:FUNC:IMP:RANG:AUTO ON;:OUTP:DC:ISOL:LEV:AUTO ON;:DISP:PAGE MEASurement;
"
800.0,0.4078360502,1189.272493,2.07633e-06,0.00492009
800.0,0.4077337927,1189.334359,2.07639e-06,0.0049201
800.0,0.407729675,1189.463898,2.0766e-06,0.00492008
800.0,0.4076245964,1189.226379,2.07605e-06,0.00492011
800.0,0.4075720118,1189.663587,2.07669e-06,0.00492025
800.0,0.4077708385,1189.475788,2.07656e-06,0.00492008
800.0,0.4077176519,1189.181982,2.07626e-06,0.00492019
800.0,0.4077114807,1189.409921,2.07636e-06,0.0049204
800.0,0.4076824916,1189.048328,2.07655e-06,0.00492005
800.0,0.4077214577,1189.411841,2.07681e-06,0.00492032
800.0,0.4078195667,1189.549167,2.07636e-06,0.00491995
800.0,0.4076330898,1189.421279,2.07719e-06,0.00492013
800.0,0.4077022407,1189.162387,2.07613e-06,0.00491999
800.0,0.4076616812,1189.11773,2.07662e-06,0.00491995
800.0,0.4077668729,1189.343223,2.07631e-06,0.00491999
800.0,0.4077500232,1189.288425,2.0763e-06,0.00492033
Freq,800,Rs,1189.3356741875,0.16528099612686425,Ls,0.4077145950625,6.958923811633715e-05
":SOUR:DCS:STAT OFF;:BIAS:STAT OFF;:COMP:BIN:COUN:CLE;:LIST:CLE:ALL;:COMP:BIN:CLE;:AMPL:ALC OFF;:APER MED,4;:BIAS:POL:AUTO OFF;:BIAS:RANG:AUTO ON;:BIAS:VOLT:LEV 0;:COMP:ABIN OFF;:COMP:BIN:COUN:STAT OFF;:COMP:MODE PTOL;:COMP:SLIM -9.9e+037,9.9e+037;:COMP:STAT OFF;:COMP:SWAP OFF;:COMP:TOL:NOM 0;:CURR:LEV 5e-005;:DISP:ENAB ON;:DISP:LINE """";:DISP:WIND:TEXT1:DATA:FMSD:DATA 1e-009;:DISP:WIND:TEXT2:DATA:FMSD:DATA 1e-009;:FORM:ASC:LONG ON;:FORM:BORD NORM;:FORM:DATA ASC,64;:FREQ:CW 800;:FUNC:DEV1:MODE OFF;:FUNC:DEV1:REF:VAL 0;:FUNC:DEV2:MODE OFF;:FUNC:DEV2:REF:VAL 0;:FUNC:IMP:TYPE LSRS;:FUNC:SMON:IDC:STAT OFF;:FUNC:SMON:VDC:STAT OFF;:INIT:CONT OFF;:LIST:MODE SEQ;:LIST:STIM:TYPE FREQ,NONE;:SOUR:DCS:VOLT:LEV 0;:TRIG:DEL 0;:TRIG:SOUR INT;:TRIG:TDEL 0;:DISP:WIND:TEXT1:DATA:FMSD:STAT OFF;:DISP:WIND:TEXT2:DATA:FMSD:STAT OFF;:FUNC:DCR:RANG:VAL 100;:FUNC:IMP:RANG:VAL 1000;:OUTP:DC:ISOL:LEV:VAL 0.002;:OUTP:DC:ISOL:STAT OFF;:FUNC:DCR:RANG:AUTO ON;:FUNC:IMP:RANG:AUTO ON;:OUTP:DC:ISOL:LEV:AUTO ON;:DISP:PAGE MEASurement;
"
1000.0,0.3846962263,1374.599171,1.7693e-06,0.00492028
1000.0,0.3847015881,1374.119262,1.76943e-06,0.00492062
1000.0,0.3847323617,1374.21306,1.76966e-06,0.00492036
1000.0,0.3847671816,1374.207035,1.76934e-06,0.00492011
1000.0,0.3847386392,1374.027831,1.76915e-06,0.00492017
1000.0,0.3847581998,1374.25634,1.76891e-06,0.00492027
1000.0,0.3848087364,1373.918285,1.76956e-06,0.00492054
1000.0,0.3847434951,1374.152086,1.76966e-06,0.00492057
1000.0,0.3847904367,1373.863326,1.76927e-06,0.00492026
1000.0,0.3847736972,1373.894419,1.76936e-06,0.00492025
1000.0,0.3847867436,1374.495118,1.76933e-06,0.00492025
1000.0,0.3847580943,1373.989734,1.76941e-06,0.00492047
1000.0,0.3848341455,1374.286205,1.76949e-06,0.00492043
1000.0,0.3847934902,1373.710322,1.7695e-06,0.00492028
1000.0,0.3848406045,1373.961437,1.76959e-06,0.00492018
1000.0,0.3847283891,1374.120907,1.76958e-06,0.00492041
Freq,1000,Rs,1374.113408625,0.23223579507991518,Ls,0.38476575183125,4.2285271426565915e-05
":SOUR:DCS:STAT OFF;:BIAS:STAT OFF;:COMP:BIN:COUN:CLE;:LIST:CLE:ALL;:COMP:BIN:CLE;:AMPL:ALC OFF;:APER MED,4;:BIAS:POL:AUTO OFF;:BIAS:RANG:AUTO ON;:BIAS:VOLT:LEV 0;:COMP:ABIN OFF;:COMP:BIN:COUN:STAT OFF;:COMP:MODE PTOL;:COMP:SLIM -9.9e+037,9.9e+037;:COMP:STAT OFF;:COMP:SWAP OFF;:COMP:TOL:NOM 0;:CURR:LEV 5e-005;:DISP:ENAB ON;:DISP:LINE """";:DISP:WIND:TEXT1:DATA:FMSD:DATA 1e-009;:DISP:WIND:TEXT2:DATA:FMSD:DATA 1e-009;:FORM:ASC:LONG ON;:FORM:BORD NORM;:FORM:DATA ASC,64;:FREQ:CW 1000;:FUNC:DEV1:MODE OFF;:FUNC:DEV1:REF:VAL 0;:FUNC:DEV2:MODE OFF;:FUNC:DEV2:REF:VAL 0;:FUNC:IMP:TYPE LSRS;:FUNC:SMON:IDC:STAT OFF;:FUNC:SMON:VDC:STAT OFF;:INIT:CONT OFF;:LIST:MODE SEQ;:LIST:STIM:TYPE FREQ,NONE;:SOUR:DCS:VOLT:LEV 0;:TRIG:DEL 0;:TRIG:SOUR INT;:TRIG:TDEL 0;:DISP:WIND:TEXT1:DATA:FMSD:STAT OFF;:DISP:WIND:TEXT2:DATA:FMSD:STAT OFF;:FUNC:DCR:RANG:VAL 100;:FUNC:IMP:RANG:VAL 1000;:OUTP:DC:ISOL:LEV:VAL 0.002;:OUTP:DC:ISOL:STAT OFF;:FUNC:DCR:RANG:AUTO ON;:FUNC:IMP:RANG:AUTO ON;:OUTP:DC:ISOL:LEV:AUTO ON;:DISP:PAGE MEASurement;
"
2000.0,0.3190673989,2199.041661,1.09973e-06,0.00502906
2000.0,0.3190594598,2199.532882,1.09975e-06,0.00502925
2000.0,0.3190834383,2199.263087,1.09969e-06,0.0050294
2000.0,0.3190963243,2199.1258,1.09977e-06,0.00502938
2000.0,0.3190890837,2199.081237,1.09976e-06,0.00502914
2000.0,0.3190651484,2199.252152,1.09975e-06,0.00502923
2000.0,0.319057242,2199.082111,1.0997e-06,0.00502941
2000.0,0.3190658748,2199.27946,1.09977e-06,0.0050294
2000.0,0.3190827211,2198.892744,1.09973e-06,0.0050295
2000.0,0.3190885203,2199.147665,1.09976e-06,0.00502922
2000.0,0.3190704365,2199.103776,1.09975e-06,0.00502924
2000.0,0.3190646275,2199.25639,1.09974e-06,0.00502939
2000.0,0.3190716302,2199.445825,1.09977e-06,0.00502939
2000.0,0.3190683011,2198.754668,1.09974e-06,0.00502929
2000.0,0.3190892865,2199.158835,1.09975e-06,0.00502915
2000.0,0.3190541343,2199.048855,1.09975e-06,0.00502947
Freq,2000,Rs,2199.1541967499998,0.19003691595313676,Ls,0.31907335173125,1.3018698249711668e-05
":SOUR:DCS:STAT OFF;:BIAS:STAT OFF;:COMP:BIN:COUN:CLE;:LIST:CLE:ALL;:COMP:BIN:CLE;:AMPL:ALC OFF;:APER MED,4;:BIAS:POL:AUTO OFF;:BIAS:RANG:AUTO ON;:BIAS:VOLT:LEV 0;:COMP:ABIN OFF;:COMP:BIN:COUN:STAT OFF;:COMP:MODE PTOL;:COMP:SLIM -9.9e+037,9.9e+037;:COMP:STAT OFF;:COMP:SWAP OFF;:COMP:TOL:NOM 0;:CURR:LEV 5e-005;:DISP:ENAB ON;:DISP:LINE """";:DISP:WIND:TEXT1:DATA:FMSD:DATA 1e-009;:DISP:WIND:TEXT2:DATA:FMSD:DATA 1e-009;:FORM:ASC:LONG ON;:FORM:BORD NORM;:FORM:DATA ASC,64;:FREQ:CW 2000;:FUNC:DEV1:MODE OFF;:FUNC:DEV1:REF:VAL 0;:FUNC:DEV2:MODE OFF;:FUNC:DEV2:REF:VAL 0;:FUNC:IMP:TYPE LSRS;:FUNC:SMON:IDC:STAT OFF;:FUNC:SMON:VDC:STAT OFF;:INIT:CONT OFF;:LIST:MODE SEQ;:LIST:STIM:TYPE FREQ,NONE;:SOUR:DCS:VOLT:LEV 0;:TRIG:DEL 0;:TRIG:SOUR INT;:TRIG:TDEL 0;:DISP:WIND:TEXT1:DATA:FMSD:STAT OFF;:DISP:WIND:TEXT2:DATA:FMSD:STAT OFF;:FUNC:DCR:RANG:VAL 100;:FUNC:IMP:RANG:VAL 3000;:OUTP:DC:ISOL:LEV:VAL 0.0002;:OUTP:DC:ISOL:STAT OFF;:FUNC:DCR:RANG:AUTO ON;:FUNC:IMP:RANG:AUTO ON;:OUTP:DC:ISOL:LEV:AUTO ON;:DISP:PAGE MEASurement;
"
3000.0,0.2850756016,2989.62338,8.15715e-07,0.00501588
3000.0,0.2850814994,2989.825592,8.15704e-07,0.00501618
3000.0,0.2850777104,2989.555007,8.15705e-07,0.00501604
3000.0,0.285060093,2989.512338,8.1572e-07,0.00501613
3000.0,0.2850794608,2989.677368,8.15729e-07,0.0050161
3000.0,0.2850717791,2990.124799,8.15722e-07,0.00501612
3000.0,0.2850519684,2989.347254,8.15674e-07,0.00501616
3000.0,0.2850742593,2989.790414,8.15746e-07,0.0050161
3000.0,0.2850707818,2989.356754,8.15769e-07,0.00501608
3000.0,0.2850442719,2989.642249,8.15715e-07,0.00501601
3000.0,0.2850749624,2989.532593,8.1566e-07,0.00501604
3000.0,0.2850768753,2989.620263,8.15733e-07,0.00501599
3000.0,0.285069035,2989.441631,8.1569e-07,0.00501609
3000.0,0.2850814967,2989.314516,8.15696e-07,0.00501598
3000.0,0.2850719729,2989.46398,8.15732e-07,0.00501592
3000.0,0.2850939799,2989.524766,8.15746e-07,0.005016
Freq,3000,Rs,2989.5845565,0.20583496799239243,Ls,0.28507223424375,1.1898936830490444e-05
":SOUR:DCS:STAT OFF;:BIAS:STAT OFF;:COMP:BIN:COUN:CLE;:LIST:CLE:ALL;:COMP:BIN:CLE;:AMPL:ALC OFF;:APER MED,4;:BIAS:POL:AUTO OFF;:BIAS:RANG:AUTO ON;:BIAS:VOLT:LEV 0;:COMP:ABIN OFF;:COMP:BIN:COUN:STAT OFF;:COMP:MODE PTOL;:COMP:SLIM -9.9e+037,9.9e+037;:COMP:STAT OFF;:COMP:SWAP OFF;:COMP:TOL:NOM 0;:CURR:LEV 5e-005;:DISP:ENAB ON;:DISP:LINE """";:DISP:WIND:TEXT1:DATA:FMSD:DATA 1e-009;:DISP:WIND:TEXT2:DATA:FMSD:DATA 1e-009;:FORM:ASC:LONG ON;:FORM:BORD NORM;:FORM:DATA ASC,64;:FREQ:CW 3000;:FUNC:DEV1:MODE OFF;:FUNC:DEV1:REF:VAL 0;:FUNC:DEV2:MODE OFF;:FUNC:DEV2:REF:VAL 0;:FUNC:IMP:TYPE LSRS;:FUNC:SMON:IDC:STAT OFF;:FUNC:SMON:VDC:STAT OFF;:INIT:CONT OFF;:LIST:MODE SEQ;:LIST:STIM:TYPE FREQ,NONE;:SOUR:DCS:VOLT:LEV 0;:TRIG:DEL 0;:TRIG:SOUR INT;:TRIG:TDEL 0;:DISP:WIND:TEXT1:DATA:FMSD:STAT OFF;:DISP:WIND:TEXT2:DATA:FMSD:STAT OFF;:FUNC:DCR:RANG:VAL 100;:FUNC:IMP:RANG:VAL 3000;:OUTP:DC:ISOL:LEV:VAL 0.0002;:OUTP:DC:ISOL:STAT OFF;:FUNC:DCR:RANG:AUTO ON;:FUNC:IMP:RANG:AUTO ON;:OUTP:DC:ISOL:LEV:AUTO ON;:DISP:PAGE MEASurement;
"
4000.0,0.2695076952,3787.385267,6.47839e-07,0.00502645
4000.0,0.2695121894,3787.477957,6.47717e-07,0.00502664
4000.0,0.2695307808,3786.506946,6.47777e-07,0.00502672
4000.0,0.269536119,3785.856651,6.47767e-07,0.00502681
4000.0,0.269502365,3787.563157,6.48003e-07,0.00502702
4000.0,0.2695226189,3786.56062,6.47709e-07,0.00502699
4000.0,0.2695145269,3788.104243,6.47889e-07,0.00502658
4000.0,0.2695260658,3786.864508,6.47839e-07,0.00502729
4000.0,0.2694992113,3786.446694,6.47719e-07,0.00502631
4000.0,0.2695173664,3787.181159,6.47749e-07,0.00502684
4000.0,0.2695266225,3786.154245,6.4775e-07,0.00502693
4000.0,0.2694569352,3787.636036,6.47764e-07,0.00502697
4000.0,0.2695411046,3786.912056,6.47729e-07,0.00502687
4000.0,0.2695262037,3786.521788,6.47707e-07,0.00502781
4000.0,0.2695027109,3787.176742,6.47803e-07,0.00502722
4000.0,0.2695015327,3786.812475,6.47895e-07,0.00502707
Freq,4000,Rs,3786.9475340000004,0.5995956841087663,Ls,0.26951400301875,1.9969339898259527e-05
":SOUR:DCS:STAT OFF;:BIAS:STAT OFF;:COMP:BIN:COUN:CLE;:LIST:CLE:ALL;:COMP:BIN:CLE;:AMPL:ALC OFF;:APER MED,4;:BIAS:POL:AUTO OFF;:BIAS:RANG:AUTO ON;:BIAS:VOLT:LEV 0;:COMP:ABIN OFF;:COMP:BIN:COUN:STAT OFF;:COMP:MODE PTOL;:COMP:SLIM -9.9e+037,9.9e+037;:COMP:STAT OFF;:COMP:SWAP OFF;:COMP:TOL:NOM 0;:CURR:LEV 5e-005;:DISP:ENAB ON;:DISP:LINE """";:DISP:WIND:TEXT1:DATA:FMSD:DATA 1e-009;:DISP:WIND:TEXT2:DATA:FMSD:DATA 1e-009;:FORM:ASC:LONG ON;:FORM:BORD NORM;:FORM:DATA ASC,64;:FREQ:CW 4000;:FUNC:DEV1:MODE OFF;:FUNC:DEV1:REF:VAL 0;:FUNC:DEV2:MODE OFF;:FUNC:DEV2:REF:VAL 0;:FUNC:IMP:TYPE LSRS;:FUNC:SMON:IDC:STAT OFF;:FUNC:SMON:VDC:STAT OFF;:INIT:CONT OFF;:LIST:MODE SEQ;:LIST:STIM:TYPE FREQ,NONE;:SOUR:DCS:VOLT:LEV 0;:TRIG:DEL 0;:TRIG:SOUR INT;:TRIG:TDEL 0;:DISP:WIND:TEXT1:DATA:FMSD:STAT OFF;:DISP:WIND:TEXT2:DATA:FMSD:STAT OFF;:FUNC:DCR:RANG:VAL 100;:FUNC:IMP:RANG:VAL 3000;:OUTP:DC:ISOL:LEV:VAL 0.0002;:OUTP:DC:ISOL:STAT OFF;:FUNC:DCR:RANG:AUTO ON;:FUNC:IMP:RANG:AUTO ON;:OUTP:DC:ISOL:LEV:AUTO ON;:DISP:PAGE MEASurement;
"
5000.0,0.2595698692,4690.262327,5.34397e-07,0.00502736
5000.0,0.2595698896,4691.090492,5.34388e-07,0.00502717
5000.0,0.2595647299,4690.780987,5.34404e-07,0.00502725
5000.0,0.2595688714,4690.457404,5.34414e-07,0.00502732
5000.0,0.2595491236,4690.629588,5.34414e-07,0.0050272
5000.0,0.2595717,4690.743102,5.3439e-07,0.00502723
5000.0,0.2595772317,4690.79015,5.34384e-07,0.00502747
5000.0,0.259569895,4691.715333,5.34398e-07,0.00502741
5000.0,0.259552566,4690.73096,5.34374e-07,0.00502707
5000.0,0.2595695123,4690.750294,5.34379e-07,0.0050274
5000.0,0.2595733268,4690.43161,5.34413e-07,0.00502736
5000.0,0.2595702584,4691.186108,5.3439e-07,0.00502749
5000.0,0.2595802179,4690.58782,5.34396e-07,0.00502725
5000.0,0.259577202,4690.200543,5.34368e-07,0.00502729
5000.0,0.2595696301,4691.158859,5.34403e-07,0.00502723
5000.0,0.2595816587,4690.395889,5.34398e-07,0.00502713
Freq,5000,Rs,4690.744466625,0.39162563342594503,Ls,0.25956973016249996,8.666362371834506e-06
":SOUR:DCS:STAT OFF;:BIAS:STAT OFF;:COMP:BIN:COUN:CLE;:LIST:CLE:ALL;:COMP:BIN:CLE;:AMPL:ALC OFF;:APER MED,4;:BIAS:POL:AUTO OFF;:BIAS:RANG:AUTO ON;:BIAS:VOLT:LEV 0;:COMP:ABIN OFF;:COMP:BIN:COUN:STAT OFF;:COMP:MODE PTOL;:COMP:SLIM -9.9e+037,9.9e+037;:COMP:STAT OFF;:COMP:SWAP OFF;:COMP:TOL:NOM 0;:CURR:LEV 5e-005;:DISP:ENAB ON;:DISP:LINE """";:DISP:WIND:TEXT1:DATA:FMSD:DATA 1e-009;:DISP:WIND:TEXT2:DATA:FMSD:DATA 1e-009;:FORM:ASC:LONG ON;:FORM:BORD NORM;:FORM:DATA ASC,64;:FREQ:CW 5000;:FUNC:DEV1:MODE OFF;:FUNC:DEV1:REF:VAL 0;:FUNC:DEV2:MODE OFF;:FUNC:DEV2:REF:VAL 0;:FUNC:IMP:TYPE LSRS;:FUNC:SMON:IDC:STAT OFF;:FUNC:SMON:VDC:STAT OFF;:INIT:CONT OFF;:LIST:MODE SEQ;:LIST:STIM:TYPE FREQ,NONE;:SOUR:DCS:VOLT:LEV 0;:TRIG:DEL 0;:TRIG:SOUR INT;:TRIG:TDEL 0;:DISP:WIND:TEXT1:DATA:FMSD:STAT OFF;:DISP:WIND:TEXT2:DATA:FMSD:STAT OFF;:FUNC:DCR:RANG:VAL 100;:FUNC:IMP:RANG:VAL 3000;:OUTP:DC:ISOL:LEV:VAL 0.0002;:OUTP:DC:ISOL:STAT OFF;:FUNC:DCR:RANG:AUTO ON;:FUNC:IMP:RANG:AUTO ON;:OUTP:DC:ISOL:LEV:AUTO ON;:DISP:PAGE MEASurement;
"
6000.0,0.2536305197,5736.803689,4.5135e-07,0.00503282
6000.0,0.2536323328,5736.602345,4.51354e-07,0.00503279
6000.0,0.2536339297,5736.678713,4.51337e-07,0.0050327
6000.0,0.2536305376,5736.685498,4.51371e-07,0.00503269
6000.0,0.2536327781,5736.671718,4.51359e-07,0.00503287
6000.0,0.2536291625,5736.394199,4.5134e-07,0.00503285
6000.0,0.2536336547,5736.682752,4.51361e-07,0.00503289
6000.0,0.2536506176,5737.116715,4.51343e-07,0.00503275
6000.0,0.2536348682,5737.147151,4.51361e-07,0.00503271
6000.0,0.2536282005,5736.427807,4.51348e-07,0.00503294
6000.0,0.2536413956,5736.422913,4.5135e-07,0.00503261
6000.0,0.253652334,5735.997568,4.51358e-07,0.00503271
6000.0,0.2536450516,5736.188973,4.51352e-07,0.00503284
6000.0,0.2536316025,5736.118079,4.51358e-07,0.00503279
6000.0,0.2536385083,5736.822408,4.51346e-07,0.0050328
6000.0,0.2536278114,5736.865568,4.51367e-07,0.00503285
Freq,6000,Rs,5736.6016309999995,0.3287135622086308,Ls,0.25363583155,7.685909772908762e-06
":SOUR:DCS:STAT OFF;:BIAS:STAT OFF;:COMP:BIN:COUN:CLE;:LIST:CLE:ALL;:COMP:BIN:CLE;:AMPL:ALC OFF;:APER MED,4;:BIAS:POL:AUTO OFF;:BIAS:RANG:AUTO ON;:BIAS:VOLT:LEV 0;:COMP:ABIN OFF;:COMP:BIN:COUN:STAT OFF;:COMP:MODE PTOL;:COMP:SLIM -9.9e+037,9.9e+037;:COMP:STAT OFF;:COMP:SWAP OFF;:COMP:TOL:NOM 0;:CURR:LEV 5e-005;:DISP:ENAB ON;:DISP:LINE """";:DISP:WIND:TEXT1:DATA:FMSD:DATA 1e-009;:DISP:WIND:TEXT2:DATA:FMSD:DATA 1e-009;:FORM:ASC:LONG ON;:FORM:BORD NORM;:FORM:DATA ASC,64;:FREQ:CW 6000;:FUNC:DEV1:MODE OFF;:FUNC:DEV1:REF:VAL 0;:FUNC:DEV2:MODE OFF;:FUNC:DEV2:REF:VAL 0;:FUNC:IMP:TYPE LSRS;:FUNC:SMON:IDC:STAT OFF;:FUNC:SMON:VDC:STAT OFF;:INIT:CONT OFF;:LIST:MODE SEQ;:LIST:STIM:TYPE FREQ,NONE;:SOUR:DCS:VOLT:LEV 0;:TRIG:DEL 0;:TRIG:SOUR INT;:TRIG:TDEL 0;:DISP:WIND:TEXT1:DATA:FMSD:STAT OFF;:DISP:WIND:TEXT2:DATA:FMSD:STAT OFF;:FUNC:DCR:RANG:VAL 100;:FUNC:IMP:RANG:VAL 10000;:OUTP:DC:ISOL:LEV:VAL 0.0002;:OUTP:DC:ISOL:STAT OFF;:FUNC:DCR:RANG:AUTO ON;:FUNC:IMP:RANG:AUTO ON;:OUTP:DC:ISOL:LEV:AUTO ON;:DISP:PAGE MEASurement;
"
7000.0,0.2511222355,6978.657909,3.85465e-07,0.00503604
7000.0,0.2511259942,6979.434225,3.85471e-07,0.00503599
7000.0,0.2511218284,6978.962563,3.85495e-07,0.00503613
7000.0,0.2511208618,6978.750809,3.85479e-07,0.00503618
7000.0,0.2511134185,6978.447528,3.85475e-07,0.00503598
7000.0,0.2511199261,6978.602309,3.85464e-07,0.00503616
7000.0,0.2511087416,6978.610967,3.85461e-07,0.00503616
7000.0,0.2511329151,6979.585203,3.8547e-07,0.00503591
7000.0,0.2511222651,6978.68184,3.85475e-07,0.00503606
7000.0,0.251116484,6979.055473,3.8548e-07,0.00503631
7000.0,0.2511041081,6978.820193,3.85477e-07,0.00503606
7000.0,0.25111674,6977.8369,3.85475e-07,0.00503618
7000.0,0.2511083009,6978.20334,3.85477e-07,0.00503626
7000.0,0.2511019632,6978.668638,3.85474e-07,0.00503593
7000.0,0.2511080646,6978.062323,3.85483e-07,0.00503628
7000.0,0.2510884626,6978.430939,3.85497e-07,0.00503633
Freq,7000,Rs,6978.6756974375,0.4531729057423999,Ls,0.25111451935624995,1.0897145845523498e-05
":SOUR:DCS:STAT OFF;:BIAS:STAT OFF;:COMP:BIN:COUN:CLE;:LIST:CLE:ALL;:COMP:BIN:CLE;:AMPL:ALC OFF;:APER MED,4;:BIAS:POL:AUTO OFF;:BIAS:RANG:AUTO ON;:BIAS:VOLT:LEV 0;:COMP:ABIN OFF;:COMP:BIN:COUN:STAT OFF;:COMP:MODE PTOL;:COMP:SLIM -9.9e+037,9.9e+037;:COMP:STAT OFF;:COMP:SWAP OFF;:COMP:TOL:NOM 0;:CURR:LEV 5e-005;:DISP:ENAB ON;:DISP:LINE """";:DISP:WIND:TEXT1:DATA:FMSD:DATA 1e-009;:DISP:WIND:TEXT2:DATA:FMSD:DATA 1e-009;:FORM:ASC:LONG ON;:FORM:BORD NORM;:FORM:DATA ASC,64;:FREQ:CW 7000;:FUNC:DEV1:MODE OFF;:FUNC:DEV1:REF:VAL 0;:FUNC:DEV2:MODE OFF;:FUNC:DEV2:REF:VAL 0;:FUNC:IMP:TYPE LSRS;:FUNC:SMON:IDC:STAT OFF;:FUNC:SMON:VDC:STAT OFF;:INIT:CONT OFF;:LIST:MODE SEQ;:LIST:STIM:TYPE FREQ,NONE;:SOUR:DCS:VOLT:LEV 0;:TRIG:DEL 0;:TRIG:SOUR INT;:TRIG:TDEL 0;:DISP:WIND:TEXT1:DATA:FMSD:STAT OFF;:DISP:WIND:TEXT2:DATA:FMSD:STAT OFF;:FUNC:DCR:RANG:VAL 100;:FUNC:IMP:RANG:VAL 10000;:OUTP:DC:ISOL:LEV:VAL 0.0002;:OUTP:DC:ISOL:STAT OFF;:FUNC:DCR:RANG:AUTO ON;:FUNC:IMP:RANG:AUTO ON;:OUTP:DC:ISOL:LEV:AUTO ON;:DISP:PAGE MEASurement;
"
8000.0,0.2506405797,8510.210512,3.31322e-07,0.00503805
8000.0,0.2507017991,8508.195241,3.3131e-07,0.00503794
8000.0,0.250699661,8510.624314,3.31351e-07,0.00503827
8000.0,0.2506902731,8510.678883,3.31333e-07,0.00503815
8000.0,0.2507250349,8511.401676,3.31315e-07,0.00503791
8000.0,0.2506701489,8510.133926,3.31334e-07,0.00503816
8000.0,0.2506864752,8510.514405,3.31322e-07,0.00503835
8000.0,0.2506752503,8512.065931,3.3132e-07,0.0050383
8000.0,0.2506814439,8512.069989,3.31313e-07,0.00503812
8000.0,0.2507128437,8510.300685,3.31325e-07,0.00503822
8000.0,0.2506989752,8511.989124,3.31328e-07,0.00503816
8000.0,0.2507104959,8510.923084,3.31348e-07,0.00503811
8000.0,0.2506948511,8510.681978,3.31316e-07,0.00503836
8000.0,0.250686824,8512.02593,3.31318e-07,0.00503812
8000.0,0.2506900935,8510.829124,3.31318e-07,0.00503855
8000.0,0.2506639177,8510.24239,3.31326e-07,0.00503809
Freq,8000,Rs,8510.8054495,0.9928780872990745,Ls,0.2506892917,2.0539471627611315e-05
":SOUR:DCS:STAT OFF;:BIAS:STAT OFF;:COMP:BIN:COUN:CLE;:LIST:CLE:ALL;:COMP:BIN:CLE;:AMPL:ALC OFF;:APER MED,4;:BIAS:POL:AUTO OFF;:BIAS:RANG:AUTO ON;:BIAS:VOLT:LEV 0;:COMP:ABIN OFF;:COMP:BIN:COUN:STAT OFF;:COMP:MODE PTOL;:COMP:SLIM -9.9e+037,9.9e+037;:COMP:STAT OFF;:COMP:SWAP OFF;:COMP:TOL:NOM 0;:CURR:LEV 5e-005;:DISP:ENAB ON;:DISP:LINE """";:DISP:WIND:TEXT1:DATA:FMSD:DATA 1e-009;:DISP:WIND:TEXT2:DATA:FMSD:DATA 1e-009;:FORM:ASC:LONG ON;:FORM:BORD NORM;:FORM:DATA ASC,64;:FREQ:CW 8000;:FUNC:DEV1:MODE OFF;:FUNC:DEV1:REF:VAL 0;:FUNC:DEV2:MODE OFF;:FUNC:DEV2:REF:VAL 0;:FUNC:IMP:TYPE LSRS;:FUNC:SMON:IDC:STAT OFF;:FUNC:SMON:VDC:STAT OFF;:INIT:CONT OFF;:LIST:MODE SEQ;:LIST:STIM:TYPE FREQ,NONE;:SOUR:DCS:VOLT:LEV 0;:TRIG:DEL 0;:TRIG:SOUR INT;:TRIG:TDEL 0;:DISP:WIND:TEXT1:DATA:FMSD:STAT OFF;:DISP:WIND:TEXT2:DATA:FMSD:STAT OFF;:FUNC:DCR:RANG:VAL 100;:FUNC:IMP:RANG:VAL 10000;:OUTP:DC:ISOL:LEV:VAL 0.0002;:OUTP:DC:ISOL:STAT OFF;:FUNC:DCR:RANG:AUTO ON;:FUNC:IMP:RANG:AUTO ON;:OUTP:DC:ISOL:LEV:AUTO ON;:DISP:PAGE MEASurement;
"
10000.0,0.2526952829,12909.12626,2.46105e-07,0.00503609
10000.0,0.2526720962,12912.05341,2.46087e-07,0.00503624
10000.0,0.2527146149,12918.40389,2.46033e-07,0.00503631
10000.0,0.2527988533,12916.56817,2.46002e-07,0.00503621
10000.0,0.2528316652,12912.78164,2.45995e-07,0.00503602
10000.0,0.2528411161,12910.74091,2.46036e-07,0.00503612
10000.0,0.2528012757,12907.714,2.46079e-07,0.00503614
10000.0,0.2526862694,12909.02609,2.46107e-07,0.00503592
10000.0,0.2526680497,12909.94816,2.46087e-07,0.00503607
10000.0,0.2526981442,12911.95203,2.46052e-07,0.00503613
10000.0,0.2527166085,12916.15435,2.46001e-07,0.00503606
10000.0,0.2528154957,12917.26096,2.45997e-07,0.00503599
10000.0,0.2528386494,12915.18746,2.46005e-07,0.00503623
10000.0,0.2528207193,12909.19645,2.4604e-07,0.00503599
10000.0,0.2527882688,12904.45343,2.46079e-07,0.00503607
10000.0,0.252713903,12908.41623,2.46105e-07,0.00503599
Freq,10000,Rs,12911.811464999999,3.9660500025878536,Ls,0.25275631326875003,6.540291303382856e-05
":SOUR:DCS:STAT OFF;:BIAS:STAT OFF;:COMP:BIN:COUN:CLE;:LIST:CLE:ALL;:COMP:BIN:CLE;:AMPL:ALC OFF;:APER MED,4;:BIAS:POL:AUTO OFF;:BIAS:RANG:AUTO ON;:BIAS:VOLT:LEV 0;:COMP:ABIN OFF;:COMP:BIN:COUN:STAT OFF;:COMP:MODE PTOL;:COMP:SLIM -9.9e+037,9.9e+037;:COMP:STAT OFF;:COMP:SWAP OFF;:COMP:TOL:NOM 0;:CURR:LEV 5e-005;:DISP:ENAB ON;:DISP:LINE """";:DISP:WIND:TEXT1:DATA:FMSD:DATA 1e-009;:DISP:WIND:TEXT2:DATA:FMSD:DATA 1e-009;:FORM:ASC:LONG ON;:FORM:BORD NORM;:FORM:DATA ASC,64;:FREQ:CW 10000;:FUNC:DEV1:MODE OFF;:FUNC:DEV1:REF:VAL 0;:FUNC:DEV2:MODE OFF;:FUNC:DEV2:REF:VAL 0;:FUNC:IMP:TYPE LSRS;:FUNC:SMON:IDC:STAT OFF;:FUNC:SMON:VDC:STAT OFF;:INIT:CONT OFF;:LIST:MODE SEQ;:LIST:STIM:TYPE FREQ,NONE;:SOUR:DCS:VOLT:LEV 0;:TRIG:DEL 0;:TRIG:SOUR INT;:TRIG:TDEL 0;:DISP:WIND:TEXT1:DATA:FMSD:STAT OFF;:DISP:WIND:TEXT2:DATA:FMSD:STAT OFF;:FUNC:DCR:RANG:VAL 100;:FUNC:IMP:RANG:VAL 10000;:OUTP:DC:ISOL:LEV:VAL 0.0002;:OUTP:DC:ISOL:STAT OFF;:FUNC:DCR:RANG:AUTO ON;:FUNC:IMP:RANG:AUTO ON;:OUTP:DC:ISOL:LEV:AUTO ON;:DISP:PAGE MEASurement;
"
12000.0,0.2484756492,20367.935,1.82093e-07,0.00503879
12000.0,0.2485538596,20367.46958,1.8208e-07,0.00503892
12000.0,0.2485181738,20369.24053,1.82084e-07,0.00503889
12000.0,0.248541341,20366.91889,1.82076e-07,0.00503909
12000.0,0.2484932622,20362.68657,1.8208e-07,0.00503904
12000.0,0.2485748891,20368.62844,1.82076e-07,0.00503897
12000.0,0.2485692212,20368.54594,1.82056e-07,0.00503894
12000.0,0.2484778718,20364.59603,1.82088e-07,0.00503924
12000.0,0.2485118706,20367.16374,1.82081e-07,0.0050391
12000.0,0.2485178915,20368.46074,1.82088e-07,0.00503898
12000.0,0.2485057633,20368.3655,1.82067e-07,0.00503904
12000.0,0.2485537477,20364.21075,1.82088e-07,0.00503912
12000.0,0.2485237887,20367.66195,1.82102e-07,0.0050392
12000.0,0.2484972273,20364.05578,1.82085e-07,0.00503906
12000.0,0.2484967262,20368.95072,1.82067e-07,0.00503911
12000.0,0.2484589047,20364.68704,1.82075e-07,0.00503906
Freq,12000,Rs,20366.848575,2.0856284181831577,Ls,0.24851688674375,3.4216736451837134e-05
":SOUR:DCS:STAT OFF;:BIAS:STAT OFF;:COMP:BIN:COUN:CLE;:LIST:CLE:ALL;:COMP:BIN:CLE;:AMPL:ALC OFF;:APER MED,4;:BIAS:POL:AUTO OFF;:BIAS:RANG:AUTO ON;:BIAS:VOLT:LEV 0;:COMP:ABIN OFF;:COMP:BIN:COUN:STAT OFF;:COMP:MODE PTOL;:COMP:SLIM -9.9e+037,9.9e+037;:COMP:STAT OFF;:COMP:SWAP OFF;:COMP:TOL:NOM 0;:CURR:LEV 5e-005;:DISP:ENAB ON;:DISP:LINE """";:DISP:WIND:TEXT1:DATA:FMSD:DATA 1e-009;:DISP:WIND:TEXT2:DATA:FMSD:DATA 1e-009;:FORM:ASC:LONG ON;:FORM:BORD NORM;:FORM:DATA ASC,64;:FREQ:CW 12000;:FUNC:DEV1:MODE OFF;:FUNC:DEV1:REF:VAL 0;:FUNC:DEV2:MODE OFF;:FUNC:DEV2:REF:VAL 0;:FUNC:IMP:TYPE LSRS;:FUNC:SMON:IDC:STAT OFF;:FUNC:SMON:VDC:STAT OFF;:INIT:CONT OFF;:LIST:MODE SEQ;:LIST:STIM:TYPE FREQ,NONE;:SOUR:DCS:VOLT:LEV 0;:TRIG:DEL 0;:TRIG:SOUR INT;:TRIG:TDEL 0;:DISP:WIND:TEXT1:DATA:FMSD:STAT OFF;:DISP:WIND:TEXT2:DATA:FMSD:STAT OFF;:FUNC:DCR:RANG:VAL 100;:FUNC:IMP:RANG:VAL 10000;:OUTP:DC:ISOL:LEV:VAL 0.0002;:OUTP:DC:ISOL:STAT OFF;:FUNC:DCR:RANG:AUTO ON;:FUNC:IMP:RANG:AUTO ON;:OUTP:DC:ISOL:LEV:AUTO ON;:DISP:PAGE MEASurement;
"
14000.0,0.2053117661,32708.98257,1.34956e-07,0.00504185
14000.0,0.205252977,32706.27539,1.34934e-07,0.00504193
14000.0,0.2052865938,32705.88481,1.34933e-07,0.00504179
14000.0,0.2053026414,32710.83741,1.3492e-07,0.00504124
14000.0,0.2052815781,32710.0951,1.34953e-07,0.00504156
14000.0,0.2053122468,32707.85568,1.34944e-07,0.00504152
14000.0,0.2052960994,32709.0928,1.34931e-07,0.0050416
14000.0,0.2052847735,32710.61021,1.34939e-07,0.00504163
14000.0,0.2053188501,32707.57558,1.34933e-07,0.00504198
14000.0,0.2052553414,32704.34523,1.34931e-07,0.00504161
14000.0,0.2052781317,32718.30004,1.34925e-07,0.00504164
14000.0,0.2052381244,32713.43794,1.34926e-07,0.00504137
14000.0,0.2053358643,32712.07542,1.34944e-07,0.00504162
14000.0,0.2053017652,32706.73475,1.34926e-07,0.00504199
14000.0,0.2052436374,32711.78494,1.34941e-07,0.00504171
14000.0,0.2052678243,32701.14436,1.34928e-07,0.00504175
Freq,14000,Rs,32709.064514375,3.9957163919294856,Ls,0.20528551343125,2.8370006551158854e-05
":SOUR:DCS:STAT OFF;:BIAS:STAT OFF;:COMP:BIN:COUN:CLE;:LIST:CLE:ALL;:COMP:BIN:CLE;:AMPL:ALC OFF;:APER MED,4;:BIAS:POL:AUTO OFF;:BIAS:RANG:AUTO ON;:BIAS:VOLT:LEV 0;:COMP:ABIN OFF;:COMP:BIN:COUN:STAT OFF;:COMP:MODE PTOL;:COMP:SLIM -9.9e+037,9.9e+037;:COMP:STAT OFF;:COMP:SWAP OFF;:COMP:TOL:NOM 0;:CURR:LEV 5e-005;:DISP:ENAB ON;:DISP:LINE """";:DISP:WIND:TEXT1:DATA:FMSD:DATA 1e-009;:DISP:WIND:TEXT2:DATA:FMSD:DATA 1e-009;:FORM:ASC:LONG ON;:FORM:BORD NORM;:FORM:DATA ASC,64;:FREQ:CW 14000;:FUNC:DEV1:MODE OFF;:FUNC:DEV1:REF:VAL 0;:FUNC:DEV2:MODE OFF;:FUNC:DEV2:REF:VAL 0;:FUNC:IMP:TYPE LSRS;:FUNC:SMON:IDC:STAT OFF;:FUNC:SMON:VDC:STAT OFF;:INIT:CONT OFF;:LIST:MODE SEQ;:LIST:STIM:TYPE FREQ,NONE;:SOUR:DCS:VOLT:LEV 0;:TRIG:DEL 0;:TRIG:SOUR INT;:TRIG:TDEL 0;:DISP:WIND:TEXT1:DATA:FMSD:STAT OFF;:DISP:WIND:TEXT2:DATA:FMSD:STAT OFF;:FUNC:DCR:RANG:VAL 100;:FUNC:IMP:RANG:VAL 30000;:OUTP:DC:ISOL:LEV:VAL 2e-005;:OUTP:DC:ISOL:STAT OFF;:FUNC:DCR:RANG:AUTO ON;:FUNC:IMP:RANG:AUTO ON;:OUTP:DC:ISOL:LEV:AUTO ON;:DISP:PAGE MEASurement;
"
16000.0,0.05919766454,46940.87958,1.06597e-07,0.00504381
16000.0,0.05920686018,46951.97292,1.06593e-07,0.00504384
16000.0,0.05916207412,46942.13921,1.06585e-07,0.00504395
16000.0,0.05918945609,46949.10127,1.06564e-07,0.00504374
16000.0,0.05910254111,46943.52923,1.06583e-07,0.00504392
16000.0,0.05919086179,46940.18652,1.06604e-07,0.00504389
16000.0,0.05921567914,46937.09534,1.06584e-07,0.00504372
16000.0,0.05926557466,46948.46778,1.06594e-07,0.00504367
16000.0,0.05916760274,46942.81459,1.0658e-07,0.00504365
16000.0,0.05924859943,46945.02415,1.06584e-07,0.00504395
16000.0,0.05923667263,46940.9574,1.06604e-07,0.00504396
16000.0,0.05917686427,46943.79974,1.06587e-07,0.00504397
16000.0,0.05924235162,46939.53291,1.06584e-07,0.00504381
16000.0,0.05926416855,46945.14084,1.06582e-07,0.0050439
16000.0,0.05919602445,46945.4642,1.0659e-07,0.00504373
16000.0,0.05922497403,46946.7415,1.06598e-07,0.00504387
Freq,16000,Rs,46943.92794875,3.8967872317837897,Ls,0.059205498084375,4.2495814756309185e-05
":SOUR:DCS:STAT OFF;:BIAS:STAT OFF;:COMP:BIN:COUN:CLE;:LIST:CLE:ALL;:COMP:BIN:CLE;:AMPL:ALC OFF;:APER MED,4;:BIAS:POL:AUTO OFF;:BIAS:RANG:AUTO ON;:BIAS:VOLT:LEV 0;:COMP:ABIN OFF;:COMP:BIN:COUN:STAT OFF;:COMP:MODE PTOL;:COMP:SLIM -9.9e+037,9.9e+037;:COMP:STAT OFF;:COMP:SWAP OFF;:COMP:TOL:NOM 0;:CURR:LEV 5e-005;:DISP:ENAB ON;:DISP:LINE """";:DISP:WIND:TEXT1:DATA:FMSD:DATA 1e-009;:DISP:WIND:TEXT2:DATA:FMSD:DATA 1e-009;:FORM:ASC:LONG ON;:FORM:BORD NORM;:FORM:DATA ASC,64;:FREQ:CW 16000;:FUNC:DEV1:MODE OFF;:FUNC:DEV1:REF:VAL 0;:FUNC:DEV2:MODE OFF;:FUNC:DEV2:REF:VAL 0;:FUNC:IMP:TYPE LSRS;:FUNC:SMON:IDC:STAT OFF;:FUNC:SMON:VDC:STAT OFF;:INIT:CONT OFF;:LIST:MODE SEQ;:LIST:STIM:TYPE FREQ,NONE;:SOUR:DCS:VOLT:LEV 0;:TRIG:DEL 0;:TRIG:SOUR INT;:TRIG:TDEL 0;:DISP:WIND:TEXT1:DATA:FMSD:STAT OFF;:DISP:WIND:TEXT2:DATA:FMSD:STAT OFF;:FUNC:DCR:RANG:VAL 100;:FUNC:IMP:RANG:VAL 30000;:OUTP:DC:ISOL:LEV:VAL 2e-005;:OUTP:DC:ISOL:STAT OFF;:FUNC:DCR:RANG:AUTO ON;:FUNC:IMP:RANG:AUTO ON;:OUTP:DC:ISOL:LEV:AUTO ON;:DISP:PAGE MEASurement;
"
16500.0,0.005465371065,48933.42207,1.03109e-07,0.00504592
16500.0,0.005426712103,48940.83723,1.03115e-07,0.00504592
16500.0,0.005462850419,48938.58491,1.03107e-07,0.00504616
16500.0,0.005510954887,48939.2592,1.03112e-07,0.00504609
16500.0,0.005405217147,48936.83007,1.03109e-07,0.00504586
16500.0,0.005522376749,48940.72481,1.0311e-07,0.00504591
16500.0,0.005476943668,48939.43878,1.03092e-07,0.00504601
16500.0,0.005512913984,48942.41218,1.03101e-07,0.00504573
16500.0,0.005520325966,48936.0954,1.03111e-07,0.00504597
16500.0,0.005398244583,48938.21428,1.03111e-07,0.00504571
16500.0,0.005447213748,48931.89565,1.03081e-07,0.00504582
16500.0,0.00543152493,48937.92657,1.03112e-07,0.0050459
16500.0,0.005473812795,48940.38248,1.03103e-07,0.00504583
16500.0,0.005404107871,48938.10728,1.03097e-07,0.00504617
16500.0,0.005473264428,48929.5385,1.03102e-07,0.00504616
16500.0,0.005423700491,48929.41535,1.03103e-07,0.00504585
Freq,16500,Rs,48937.0677975,3.994033543996865,Ls,0.0054597209271249995,4.239088223631707e-05
":SOUR:DCS:STAT OFF;:BIAS:STAT OFF;:COMP:BIN:COUN:CLE;:LIST:CLE:ALL;:COMP:BIN:CLE;:AMPL:ALC OFF;:APER MED,4;:BIAS:POL:AUTO OFF;:BIAS:RANG:AUTO ON;:BIAS:VOLT:LEV 0;:COMP:ABIN OFF;:COMP:BIN:COUN:STAT OFF;:COMP:MODE PTOL;:COMP:SLIM -9.9e+037,9.9e+037;:COMP:STAT OFF;:COMP:SWAP OFF;:COMP:TOL:NOM 0;:CURR:LEV 5e-005;:DISP:ENAB ON;:DISP:LINE """";:DISP:WIND:TEXT1:DATA:FMSD:DATA 1e-009;:DISP:WIND:TEXT2:DATA:FMSD:DATA 1e-009;:FORM:ASC:LONG ON;:FORM:BORD NORM;:FORM:DATA ASC,64;:FREQ:CW 16500;:FUNC:DEV1:MODE OFF;:FUNC:DEV1:REF:VAL 0;:FUNC:DEV2:MODE OFF;:FUNC:DEV2:REF:VAL 0;:FUNC:IMP:TYPE LSRS;:FUNC:SMON:IDC:STAT OFF;:FUNC:SMON:VDC:STAT OFF;:INIT:CONT OFF;:LIST:MODE SEQ;:LIST:STIM:TYPE FREQ,NONE;:SOUR:DCS:VOLT:LEV 0;:TRIG:DEL 0;:TRIG:SOUR INT;:TRIG:TDEL 0;:DISP:WIND:TEXT1:DATA:FMSD:STAT OFF;:DISP:WIND:TEXT2:DATA:FMSD:STAT OFF;:FUNC:DCR:RANG:VAL 100;:FUNC:IMP:RANG:VAL 30000;:OUTP:DC:ISOL:LEV:VAL 2e-005;:OUTP:DC:ISOL:STAT OFF;:FUNC:DCR:RANG:AUTO ON;:FUNC:IMP:RANG:AUTO ON;:OUTP:DC:ISOL:LEV:AUTO ON;:DISP:PAGE MEASurement;
"
17000.0,-0.0497575448,49619.50531,1.01161e-07,0.00504736
17000.0,-0.04978717576,49619.87305,1.01164e-07,0.00504738
17000.0,-0.04980135386,49613.03974,1.01173e-07,0.00504749
17000.0,-0.04976134024,49615.25148,1.01147e-07,0.00504743
17000.0,-0.04978260688,49617.76256,1.01173e-07,0.00504762
17000.0,-0.04968983113,49610.71768,1.01157e-07,0.00504732
17000.0,-0.04977763507,49606.93275,1.01135e-07,0.00504725
17000.0,-0.04978798864,49618.26716,1.01143e-07,0.00504747
17000.0,-0.04972588445,49618.9316,1.01149e-07,0.0050476
17000.0,-0.04976243293,49617.40167,1.01168e-07,0.00504744
17000.0,-0.04974514555,49619.71507,1.01128e-07,0.00504706
17000.0,-0.04982828616,49617.44276,1.01171e-07,0.00504739
17000.0,-0.04970030979,49615.47706,1.01159e-07,0.00504735
17000.0,-0.04977594042,49615.18712,1.01163e-07,0.00504761
17000.0,-0.04978401105,49614.93591,1.01151e-07,0.00504735
17000.0,-0.04975127812,49613.28364,1.01144e-07,0.00504775
Freq,17000,Rs,49615.857785,3.5640753060527213,Ls,-0.049763672803125,3.5863464512335415e-05
":SOUR:DCS:STAT OFF;:BIAS:STAT OFF;:COMP:BIN:COUN:CLE;:LIST:CLE:ALL;:COMP:BIN:CLE;:AMPL:ALC OFF;:APER MED,4;:BIAS:POL:AUTO OFF;:BIAS:RANG:AUTO ON;:BIAS:VOLT:LEV 0;:COMP:ABIN OFF;:COMP:BIN:COUN:STAT OFF;:COMP:MODE PTOL;:COMP:SLIM -9.9e+037,9.9e+037;:COMP:STAT OFF;:COMP:SWAP OFF;:COMP:TOL:NOM 0;:CURR:LEV 5e-005;:DISP:ENAB ON;:DISP:LINE """";:DISP:WIND:TEXT1:DATA:FMSD:DATA 1e-009;:DISP:WIND:TEXT2:DATA:FMSD:DATA 1e-009;:FORM:ASC:LONG ON;:FORM:BORD NORM;:FORM:DATA ASC,64;:FREQ:CW 17000;:FUNC:DEV1:MODE OFF;:FUNC:DEV1:REF:VAL 0;:FUNC:DEV2:MODE OFF;:FUNC:DEV2:REF:VAL 0;:FUNC:IMP:TYPE LSRS;:FUNC:SMON:IDC:STAT OFF;:FUNC:SMON:VDC:STAT OFF;:INIT:CONT OFF;:LIST:MODE SEQ;:LIST:STIM:TYPE FREQ,NONE;:SOUR:DCS:VOLT:LEV 0;:TRIG:DEL 0;:TRIG:SOUR INT;:TRIG:TDEL 0;:DISP:WIND:TEXT1:DATA:FMSD:STAT OFF;:DISP:WIND:TEXT2:DATA:FMSD:STAT OFF;:FUNC:DCR:RANG:VAL 100;:FUNC:IMP:RANG:VAL 30000;:OUTP:DC:ISOL:LEV:VAL 2e-005;:OUTP:DC:ISOL:STAT OFF;:FUNC:DCR:RANG:AUTO ON;:FUNC:IMP:RANG:AUTO ON;:OUTP:DC:ISOL:LEV:AUTO ON;:DISP:PAGE MEASurement;
"
17500.0,-0.1019760027,48848.06443,1.00733e-07,0.00504883
17500.0,-0.1019539991,48849.32141,1.00737e-07,0.00504894
17500.0,-0.1019394292,48852.89962,1.00736e-07,0.00504884
17500.0,-0.1019576021,48856.32042,1.00731e-07,0.00504884
17500.0,-0.1019747796,48855.22325,1.0073e-07,0.00504889
17500.0,-0.1019588855,48849.22295,1.00721e-07,0.00504897
17500.0,-0.1019078579,48856.39004,1.00726e-07,0.00504883
17500.0,-0.1019430354,48845.60743,1.00728e-07,0.00504904
17500.0,-0.1019847595,48846.65762,1.00728e-07,0.00504862
17500.0,-0.1018859653,48847.43625,1.00729e-07,0.00504906
17500.0,-0.1019673446,48849.86143,1.00716e-07,0.00504882
17500.0,-0.1019392429,48854.5374,1.00744e-07,0.00504875
17500.0,-0.1019607602,48847.96619,1.00729e-07,0.005049
17500.0,-0.101912434,48845.11942,1.00736e-07,0.00504888
17500.0,-0.1019258772,48855.49038,1.00729e-07,0.00504866
17500.0,-0.1019550961,48842.29831,1.00726e-07,0.00504901
Freq,17500,Rs,48850.151034375,4.442065078851205,Ls,-0.10194644195625,2.7125187607213807e-05
":SOUR:DCS:STAT OFF;:BIAS:STAT OFF;:COMP:BIN:COUN:CLE;:LIST:CLE:ALL;:COMP:BIN:CLE;:AMPL:ALC OFF;:APER MED,4;:BIAS:POL:AUTO OFF;:BIAS:RANG:AUTO ON;:BIAS:VOLT:LEV 0;:COMP:ABIN OFF;:COMP:BIN:COUN:STAT OFF;:COMP:MODE PTOL;:COMP:SLIM -9.9e+037,9.9e+037;:COMP:STAT OFF;:COMP:SWAP OFF;:COMP:TOL:NOM 0;:CURR:LEV 5e-005;:DISP:ENAB ON;:DISP:LINE """";:DISP:WIND:TEXT1:DATA:FMSD:DATA 1e-009;:DISP:WIND:TEXT2:DATA:FMSD:DATA 1e-009;:FORM:ASC:LONG ON;:FORM:BORD NORM;:FORM:DATA ASC,64;:FREQ:CW 17500;:FUNC:DEV1:MODE OFF;:FUNC:DEV1:REF:VAL 0;:FUNC:DEV2:MODE OFF;:FUNC:DEV2:REF:VAL 0;:FUNC:IMP:TYPE LSRS;:FUNC:SMON:IDC:STAT OFF;:FUNC:SMON:VDC:STAT OFF;:INIT:CONT OFF;:LIST:MODE SEQ;:LIST:STIM:TYPE FREQ,NONE;:SOUR:DCS:VOLT:LEV 0;:TRIG:DEL 0;:TRIG:SOUR INT;:TRIG:TDEL 0;:DISP:WIND:TEXT1:DATA:FMSD:STAT OFF;:DISP:WIND:TEXT2:DATA:FMSD:STAT OFF;:FUNC:DCR:RANG:VAL 100;:FUNC:IMP:RANG:VAL 30000;:OUTP:DC:ISOL:LEV:VAL 2e-005;:OUTP:DC:ISOL:STAT OFF;:FUNC:DCR:RANG:AUTO ON;:FUNC:IMP:RANG:AUTO ON;:OUTP:DC:ISOL:LEV:AUTO ON;:DISP:PAGE MEASurement;
"
18000.0,-0.1469528526,46760.34792,1.01768e-07,0.00505002
18000.0,-0.1469072663,46755.41129,1.01751e-07,0.00505013
18000.0,-0.1470662485,46754.22078,1.01769e-07,0.00504997
18000.0,-0.1468975882,46753.67102,1.0176e-07,0.00504998
18000.0,-0.1469019555,46763.1134,1.01746e-07,0.00504999
18000.0,-0.1469036682,46763.37888,1.01771e-07,0.00505003
18000.0,-0.1468921985,46751.18931,1.01783e-07,0.00505015
18000.0,-0.1468817972,46762.52878,1.01759e-07,0.00504998
18000.0,-0.1468828966,46757.58969,1.01752e-07,0.00505025
18000.0,-0.1469401239,46757.45098,1.01769e-07,0.00504984
18000.0,-0.1468989799,46764.63488,1.01766e-07,0.00505006
18000.0,-0.1469286407,46755.01747,1.01755e-07,0.00504991
18000.0,-0.1468791224,46759.27256,1.01765e-07,0.00505018
18000.0,-0.1469216015,46758.22698,1.01771e-07,0.00505009
18000.0,-0.1469328855,46756.93878,1.01757e-07,0.00504993
18000.0,-0.1469003458,46765.46154,1.01762e-07,0.0050503
Freq,18000,Rs,46758.65339125,4.260196745180201,Ls,-0.14691801070625,4.5031656980918726e-05
":SOUR:DCS:STAT OFF;:BIAS:STAT OFF;:COMP:BIN:COUN:CLE;:LIST:CLE:ALL;:COMP:BIN:CLE;:AMPL:ALC OFF;:APER MED,4;:BIAS:POL:AUTO OFF;:BIAS:RANG:AUTO ON;:BIAS:VOLT:LEV 0;:COMP:ABIN OFF;:COMP:BIN:COUN:STAT OFF;:COMP:MODE PTOL;:COMP:SLIM -9.9e+037,9.9e+037;:COMP:STAT OFF;:COMP:SWAP OFF;:COMP:TOL:NOM 0;:CURR:LEV 5e-005;:DISP:ENAB ON;:DISP:LINE """";:DISP:WIND:TEXT1:DATA:FMSD:DATA 1e-009;:DISP:WIND:TEXT2:DATA:FMSD:DATA 1e-009;:FORM:ASC:LONG ON;:FORM:BORD NORM;:FORM:DATA ASC,64;:FREQ:CW 18000;:FUNC:DEV1:MODE OFF;:FUNC:DEV1:REF:VAL 0;:FUNC:DEV2:MODE OFF;:FUNC:DEV2:REF:VAL 0;:FUNC:IMP:TYPE LSRS;:FUNC:SMON:IDC:STAT OFF;:FUNC:SMON:VDC:STAT OFF;:INIT:CONT OFF;:LIST:MODE SEQ;:LIST:STIM:TYPE FREQ,NONE;:SOUR:DCS:VOLT:LEV 0;:TRIG:DEL 0;:TRIG:SOUR INT;:TRIG:TDEL 0;:DISP:WIND:TEXT1:DATA:FMSD:STAT OFF;:DISP:WIND:TEXT2:DATA:FMSD:STAT OFF;:FUNC:DCR:RANG:VAL 100;:FUNC:IMP:RANG:VAL 30000;:OUTP:DC:ISOL:LEV:VAL 2e-005;:OUTP:DC:ISOL:STAT OFF;:FUNC:DCR:RANG:AUTO ON;:FUNC:IMP:RANG:AUTO ON;:OUTP:DC:ISOL:LEV:AUTO ON;:DISP:PAGE MEASurement;
"
18500.0,-0.1820541743,43644.33689,1.04137e-07,0.0050512
18500.0,-0.1820189777,43639.88573,1.04133e-07,0.00505138
18500.0,-0.1820543427,43649.56065,1.04143e-07,0.0050511
18500.0,-0.1820240515,43644.76504,1.04156e-07,0.00505097
18500.0,-0.1819418826,43642.93496,1.04139e-07,0.00505098
18500.0,-0.1820060422,43645.07899,1.04138e-07,0.00505114
18500.0,-0.1819488762,43647.31004,1.04141e-07,0.0050512
18500.0,-0.1820147209,43640.17215,1.04143e-07,0.0050515
18500.0,-0.1819862233,43647.69743,1.04148e-07,0.00505111
18500.0,-0.1820870522,43647.86282,1.04145e-07,0.00505123
18500.0,-0.1820353514,43635.54723,1.04137e-07,0.00505093
18500.0,-0.1819667844,43641.22587,1.04139e-07,0.00505127
18500.0,-0.181944153,43640.74453,1.04134e-07,0.00505132
18500.0,-0.1819371701,43654.39218,1.04151e-07,0.00505108
18500.0,-0.1820207675,43633.39245,1.04157e-07,0.00505132
18500.0,-0.1820056778,43653.04753,1.04142e-07,0.00505117
Freq,18500,Rs,43644.247155624995,5.751450099997014,Ls,-0.1820028904875,4.515773232977984e-05
":SOUR:DCS:STAT OFF;:BIAS:STAT OFF;:COMP:BIN:COUN:CLE;:LIST:CLE:ALL;:COMP:BIN:CLE;:AMPL:ALC OFF;:APER MED,4;:BIAS:POL:AUTO OFF;:BIAS:RANG:AUTO ON;:BIAS:VOLT:LEV 0;:COMP:ABIN OFF;:COMP:BIN:COUN:STAT OFF;:COMP:MODE PTOL;:COMP:SLIM -9.9e+037,9.9e+037;:COMP:STAT OFF;:COMP:SWAP OFF;:COMP:TOL:NOM 0;:CURR:LEV 5e-005;:DISP:ENAB ON;:DISP:LINE """";:DISP:WIND:TEXT1:DATA:FMSD:DATA 1e-009;:DISP:WIND:TEXT2:DATA:FMSD:DATA 1e-009;:FORM:ASC:LONG ON;:FORM:BORD NORM;:FORM:DATA ASC,64;:FREQ:CW 18500;:FUNC:DEV1:MODE OFF;:FUNC:DEV1:REF:VAL 0;:FUNC:DEV2:MODE OFF;:FUNC:DEV2:REF:VAL 0;:FUNC:IMP:TYPE LSRS;:FUNC:SMON:IDC:STAT OFF;:FUNC:SMON:VDC:STAT OFF;:INIT:CONT OFF;:LIST:MODE SEQ;:LIST:STIM:TYPE FREQ,NONE;:SOUR:DCS:VOLT:LEV 0;:TRIG:DEL 0;:TRIG:SOUR INT;:TRIG:TDEL 0;:DISP:WIND:TEXT1:DATA:FMSD:STAT OFF;:DISP:WIND:TEXT2:DATA:FMSD:STAT OFF;:FUNC:DCR:RANG:VAL 100;:FUNC:IMP:RANG:VAL 30000;:OUTP:DC:ISOL:LEV:VAL 2e-005;:OUTP:DC:ISOL:STAT OFF;:FUNC:DCR:RANG:AUTO ON;:FUNC:IMP:RANG:AUTO ON;:OUTP:DC:ISOL:LEV:AUTO ON;:DISP:PAGE MEASurement;
"
19000.0,-0.2065389542,39909.36257,1.07686e-07,0.00505237
19000.0,-0.2064913913,39904.6178,1.07683e-07,0.00505228
19000.0,-0.2065090839,39913.82911,1.07704e-07,0.00505225
19000.0,-0.2064809746,39910.14789,1.07715e-07,0.00505232
19000.0,-0.2064835886,39914.76794,1.07712e-07,0.00505232
19000.0,-0.2064575772,39905.72513,1.07702e-07,0.00505236
19000.0,-0.206478858,39912.33594,1.07695e-07,0.0050519
19000.0,-0.206420399,39907.22279,1.07698e-07,0.00505217
19000.0,-0.2065057855,39917.8732,1.07708e-07,0.00505237
19000.0,-0.2065274821,39913.5888,1.07711e-07,0.00505217
19000.0,-0.2064805966,39897.09224,1.07709e-07,0.00505226
19000.0,-0.2064511249,39914.98318,1.07683e-07,0.00505222
19000.0,-0.2064465967,39917.18937,1.07722e-07,0.00505219
19000.0,-0.2065180708,39908.21098,1.07705e-07,0.00505222
19000.0,-0.2064733592,39914.02685,1.07715e-07,0.0050521
19000.0,-0.2064806388,39906.52697,1.07702e-07,0.0050521
Freq,19000,Rs,39910.468797500005,5.441773572724104,Ls,-0.2064840300875,3.122478065491972e-05
":SOUR:DCS:STAT OFF;:BIAS:STAT OFF;:COMP:BIN:COUN:CLE;:LIST:CLE:ALL;:COMP:BIN:CLE;:AMPL:ALC OFF;:APER MED,4;:BIAS:POL:AUTO OFF;:BIAS:RANG:AUTO ON;:BIAS:VOLT:LEV 0;:COMP:ABIN OFF;:COMP:BIN:COUN:STAT OFF;:COMP:MODE PTOL;:COMP:SLIM -9.9e+037,9.9e+037;:COMP:STAT OFF;:COMP:SWAP OFF;:COMP:TOL:NOM 0;:CURR:LEV 5e-005;:DISP:ENAB ON;:DISP:LINE """";:DISP:WIND:TEXT1:DATA:FMSD:DATA 1e-009;:DISP:WIND:TEXT2:DATA:FMSD:DATA 1e-009;:FORM:ASC:LONG ON;:FORM:BORD NORM;:FORM:DATA ASC,64;:FREQ:CW 19000;:FUNC:DEV1:MODE OFF;:FUNC:DEV1:REF:VAL 0;:FUNC:DEV2:MODE OFF;:FUNC:DEV2:REF:VAL 0;:FUNC:IMP:TYPE LSRS;:FUNC:SMON:IDC:STAT OFF;:FUNC:SMON:VDC:STAT OFF;:INIT:CONT OFF;:LIST:MODE SEQ;:LIST:STIM:TYPE FREQ,NONE;:SOUR:DCS:VOLT:LEV 0;:TRIG:DEL 0;:TRIG:SOUR INT;:TRIG:TDEL 0;:DISP:WIND:TEXT1:DATA:FMSD:STAT OFF;:DISP:WIND:TEXT2:DATA:FMSD:STAT OFF;:FUNC:DCR:RANG:VAL 100;:FUNC:IMP:RANG:VAL 30000;:OUTP:DC:ISOL:LEV:VAL 2e-005;:OUTP:DC:ISOL:STAT OFF;:FUNC:DCR:RANG:AUTO ON;:FUNC:IMP:RANG:AUTO ON;:OUTP:DC:ISOL:LEV:AUTO ON;:DISP:PAGE MEASurement;
"
19500.0,-0.2211773428,35934.12264,1.12282e-07,0.0050532
19500.0,-0.2212041636,35935.98677,1.12275e-07,0.0050532
19500.0,-0.2211638423,35941.06214,1.12264e-07,0.00505318
19500.0,-0.2211557863,35927.68805,1.12287e-07,0.00505307
19500.0,-0.2211242792,35927.17184,1.12276e-07,0.00505307
19500.0,-0.2211793078,35936.22475,1.12282e-07,0.00505309
19500.0,-0.2211487251,35936.6219,1.12258e-07,0.00505288
19500.0,-0.2211693539,35936.10143,1.1229e-07,0.00505298
19500.0,-0.2211737673,35928.53732,1.12295e-07,0.00505314
19500.0,-0.2211563361,35925.22456,1.12274e-07,0.00505291
19500.0,-0.2211505562,35927.11137,1.12291e-07,0.0050531
19500.0,-0.221186553,35939.68675,1.12297e-07,0.00505326
19500.0,-0.2211517565,35929.07135,1.12265e-07,0.00505306
19500.0,-0.2212576556,35930.28714,1.12282e-07,0.00505284
19500.0,-0.2211714956,35931.73374,1.12271e-07,0.00505337
19500.0,-0.2211323164,35933.81004,1.12266e-07,0.00505313
Freq,19500,Rs,35932.527611875004,4.842479795477208,Ls,-0.22116895235625,3.094629467913751e-05
":SOUR:DCS:STAT OFF;:BIAS:STAT OFF;:COMP:BIN:COUN:CLE;:LIST:CLE:ALL;:COMP:BIN:CLE;:AMPL:ALC OFF;:APER MED,4;:BIAS:POL:AUTO OFF;:BIAS:RANG:AUTO ON;:BIAS:VOLT:LEV 0;:COMP:ABIN OFF;:COMP:BIN:COUN:STAT OFF;:COMP:MODE PTOL;:COMP:SLIM -9.9e+037,9.9e+037;:COMP:STAT OFF;:COMP:SWAP OFF;:COMP:TOL:NOM 0;:CURR:LEV 5e-005;:DISP:ENAB ON;:DISP:LINE """";:DISP:WIND:TEXT1:DATA:FMSD:DATA 1e-009;:DISP:WIND:TEXT2:DATA:FMSD:DATA 1e-009;:FORM:ASC:LONG ON;:FORM:BORD NORM;:FORM:DATA ASC,64;:FREQ:CW 19500;:FUNC:DEV1:MODE OFF;:FUNC:DEV1:REF:VAL 0;:FUNC:DEV2:MODE OFF;:FUNC:DEV2:REF:VAL 0;:FUNC:IMP:TYPE LSRS;:FUNC:SMON:IDC:STAT OFF;:FUNC:SMON:VDC:STAT OFF;:INIT:CONT OFF;:LIST:MODE SEQ;:LIST:STIM:TYPE FREQ,NONE;:SOUR:DCS:VOLT:LEV 0;:TRIG:DEL 0;:TRIG:SOUR INT;:TRIG:TDEL 0;:DISP:WIND:TEXT1:DATA:FMSD:STAT OFF;:DISP:WIND:TEXT2:DATA:FMSD:STAT OFF;:FUNC:DCR:RANG:VAL 100;:FUNC:IMP:RANG:VAL 30000;:OUTP:DC:ISOL:LEV:VAL 2e-005;:OUTP:DC:ISOL:STAT OFF;:FUNC:DCR:RANG:AUTO ON;:FUNC:IMP:RANG:AUTO ON;:OUTP:DC:ISOL:LEV:AUTO ON;:DISP:PAGE MEASurement;
"
20000.0,-0.2276893652,32007.20964,1.17708e-07,0.00505375
20000.0,-0.2277364419,32001.59163,1.17694e-07,0.00505372
20000.0,-0.227756144,32008.55601,1.1768e-07,0.00505352
20000.0,-0.2277317715,32014.34533,1.17714e-07,0.0050537
20000.0,-0.2276893212,32008.54753,1.17722e-07,0.00505379
20000.0,-0.2277633546,32004.8009,1.17699e-07,0.00505367
20000.0,-0.2277611612,32009.71591,1.17691e-07,0.00505392
20000.0,-0.22767952,32007.90221,1.17719e-07,0.00505383
20000.0,-0.2277606156,32005.38245,1.17712e-07,0.00505385
20000.0,-0.2277610899,32010.07137,1.17691e-07,0.00505378
20000.0,-0.227726329,32008.44745,1.17698e-07,0.00505352
20000.0,-0.2277093569,32009.83568,1.1771e-07,0.00505391
20000.0,-0.2277302397,32001.44506,1.17713e-07,0.00505366
20000.0,-0.22775582,32008.6872,1.17695e-07,0.00505382
20000.0,-0.2277450084,32011.76257,1.17695e-07,0.0050536
20000.0,-0.2276919311,32008.68996,1.17726e-07,0.00505349
Freq,20000,Rs,32007.936931250002,3.3513486485036794,Ls,-0.22773046688749998,2.982965290420357e-05
":SOUR:DCS:STAT OFF;:BIAS:STAT OFF;:COMP:BIN:COUN:CLE;:LIST:CLE:ALL;:COMP:BIN:CLE;:AMPL:ALC OFF;:APER MED,4;:BIAS:POL:AUTO OFF;:BIAS:RANG:AUTO ON;:BIAS:VOLT:LEV 0;:COMP:ABIN OFF;:COMP:BIN:COUN:STAT OFF;:COMP:MODE PTOL;:COMP:SLIM -9.9e+037,9.9e+037;:COMP:STAT OFF;:COMP:SWAP OFF;:COMP:TOL:NOM 0;:CURR:LEV 5e-005;:DISP:ENAB ON;:DISP:LINE """";:DISP:WIND:TEXT1:DATA:FMSD:DATA 1e-009;:DISP:WIND:TEXT2:DATA:FMSD:DATA 1e-009;:FORM:ASC:LONG ON;:FORM:BORD NORM;:FORM:DATA ASC,64;:FREQ:CW 20000;:FUNC:DEV1:MODE OFF;:FUNC:DEV1:REF:VAL 0;:FUNC:DEV2:MODE OFF;:FUNC:DEV2:REF:VAL 0;:FUNC:IMP:TYPE LSRS;:FUNC:SMON:IDC:STAT OFF;:FUNC:SMON:VDC:STAT OFF;:INIT:CONT OFF;:LIST:MODE SEQ;:LIST:STIM:TYPE FREQ,NONE;:SOUR:DCS:VOLT:LEV 0;:TRIG:DEL 0;:TRIG:SOUR INT;:TRIG:TDEL 0;:DISP:WIND:TEXT1:DATA:FMSD:STAT OFF;:DISP:WIND:TEXT2:DATA:FMSD:STAT OFF;:FUNC:DCR:RANG:VAL 100;:FUNC:IMP:RANG:VAL 30000;:OUTP:DC:ISOL:LEV:VAL 2e-005;:OUTP:DC:ISOL:STAT OFF;:FUNC:DCR:RANG:AUTO ON;:FUNC:IMP:RANG:AUTO ON;:OUTP:DC:ISOL:LEV:AUTO ON;:DISP:PAGE MEASurement;
"
20500.0,-0.2281892991,28329.81226,1.23813e-07,0.00505414
20500.0,-0.2281948498,28330.37107,1.23806e-07,0.00505404
20500.0,-0.2281981954,28331.77191,1.23803e-07,0.00505413
20500.0,-0.2282330419,28330.46296,1.23814e-07,0.00505417
20500.0,-0.2282302585,28331.65877,1.23829e-07,0.0050541
20500.0,-0.2282035701,28326.34968,1.23823e-07,0.0050543
20500.0,-0.2281741531,28327.41421,1.23806e-07,0.00505417
20500.0,-0.2282368677,28322.27768,1.23814e-07,0.00505412
20500.0,-0.2281975809,28327.54822,1.23806e-07,0.00505411
20500.0,-0.2282031265,28326.11068,1.23829e-07,0.00505417
20500.0,-0.2282073131,28326.72195,1.23812e-07,0.0050543
20500.0,-0.2281936639,28330.29982,1.23811e-07,0.00505435
20500.0,-0.2281757705,28326.96185,1.23784e-07,0.00505409
20500.0,-0.2282159359,28325.65227,1.23815e-07,0.00505394
20500.0,-0.2282080507,28325.89178,1.23818e-07,0.00505405
20500.0,-0.2282285538,28325.11938,1.23822e-07,0.00505438
Freq,20500,Rs,28327.776530625,2.678648206252389,Ls,-0.22820563943125,1.9171555432419208e-05
":SOUR:DCS:STAT OFF;:BIAS:STAT OFF;:COMP:BIN:COUN:CLE;:LIST:CLE:ALL;:COMP:BIN:CLE;:AMPL:ALC OFF;:APER MED,4;:BIAS:POL:AUTO OFF;:BIAS:RANG:AUTO ON;:BIAS:VOLT:LEV 0;:COMP:ABIN OFF;:COMP:BIN:COUN:STAT OFF;:COMP:MODE PTOL;:COMP:SLIM -9.9e+037,9.9e+037;:COMP:STAT OFF;:COMP:SWAP OFF;:COMP:TOL:NOM 0;:CURR:LEV 5e-005;:DISP:ENAB ON;:DISP:LINE """";:DISP:WIND:TEXT1:DATA:FMSD:DATA 1e-009;:DISP:WIND:TEXT2:DATA:FMSD:DATA 1e-009;:FORM:ASC:LONG ON;:FORM:BORD NORM;:FORM:DATA ASC,64;:FREQ:CW 20500;:FUNC:DEV1:MODE OFF;:FUNC:DEV1:REF:VAL 0;:FUNC:DEV2:MODE OFF;:FUNC:DEV2:REF:VAL 0;:FUNC:IMP:TYPE LSRS;:FUNC:SMON:IDC:STAT OFF;:FUNC:SMON:VDC:STAT OFF;:INIT:CONT OFF;:LIST:MODE SEQ;:LIST:STIM:TYPE FREQ,NONE;:SOUR:DCS:VOLT:LEV 0;:TRIG:DEL 0;:TRIG:SOUR INT;:TRIG:TDEL 0;:DISP:WIND:TEXT1:DATA:FMSD:STAT OFF;:DISP:WIND:TEXT2:DATA:FMSD:STAT OFF;:FUNC:DCR:RANG:VAL 100;:FUNC:IMP:RANG:VAL 30000;:OUTP:DC:ISOL:LEV:VAL 2e-005;:OUTP:DC:ISOL:STAT OFF;:FUNC:DCR:RANG:AUTO ON;:FUNC:IMP:RANG:AUTO ON;:OUTP:DC:ISOL:LEV:AUTO ON;:DISP:PAGE MEASurement;
"
21000.0,-0.2243141078,24988.0466,1.30486e-07,0.00505433
21000.0,-0.2243143669,24990.81662,1.30479e-07,0.0050546
21000.0,-0.2243589251,24989.05945,1.30476e-07,0.00505445
21000.0,-0.2243481394,24986.42396,1.30483e-07,0.00505463
21000.0,-0.2243341745,24989.35579,1.30486e-07,0.00505419
21000.0,-0.224326657,24987.2913,1.30477e-07,0.00505467
21000.0,-0.2243357195,24990.2041,1.30493e-07,0.0050544
21000.0,-0.2243357334,24985.08532,1.3048e-07,0.00505469
21000.0,-0.2243530824,24988.09675,1.30485e-07,0.00505456
21000.0,-0.2243320668,24986.11573,1.30489e-07,0.00505434
21000.0,-0.2243148837,24985.18047,1.30478e-07,0.0050544
21000.0,-0.2243579831,24985.87641,1.30494e-07,0.00505467
21000.0,-0.2243336038,24986.35749,1.30464e-07,0.00505426
21000.0,-0.2243162468,24989.12939,1.30483e-07,0.00505454
21000.0,-0.2243322345,24987.95037,1.30482e-07,0.00505446
21000.0,-0.2243359773,24986.75779,1.30483e-07,0.00505449
Freq,21000,Rs,24987.60922125,1.7574696543494996,Ls,-0.224333993875,1.481690338127052e-05
":SOUR:DCS:STAT OFF;:BIAS:STAT OFF;:COMP:BIN:COUN:CLE;:LIST:CLE:ALL;:COMP:BIN:CLE;:AMPL:ALC OFF;:APER MED,4;:BIAS:POL:AUTO OFF;:BIAS:RANG:AUTO ON;:BIAS:VOLT:LEV 0;:COMP:ABIN OFF;:COMP:BIN:COUN:STAT OFF;:COMP:MODE PTOL;:COMP:SLIM -9.9e+037,9.9e+037;:COMP:STAT OFF;:COMP:SWAP OFF;:COMP:TOL:NOM 0;:CURR:LEV 5e-005;:DISP:ENAB ON;:DISP:LINE """";:DISP:WIND:TEXT1:DATA:FMSD:DATA 1e-009;:DISP:WIND:TEXT2:DATA:FMSD:DATA 1e-009;:FORM:ASC:LONG ON;:FORM:BORD NORM;:FORM:DATA ASC,64;:FREQ:CW 21000;:FUNC:DEV1:MODE OFF;:FUNC:DEV1:REF:VAL 0;:FUNC:DEV2:MODE OFF;:FUNC:DEV2:REF:VAL 0;:FUNC:IMP:TYPE LSRS;:FUNC:SMON:IDC:STAT OFF;:FUNC:SMON:VDC:STAT OFF;:INIT:CONT OFF;:LIST:MODE SEQ;:LIST:STIM:TYPE FREQ,NONE;:SOUR:DCS:VOLT:LEV 0;:TRIG:DEL 0;:TRIG:SOUR INT;:TRIG:TDEL 0;:DISP:WIND:TEXT1:DATA:FMSD:STAT OFF;:DISP:WIND:TEXT2:DATA:FMSD:STAT OFF;:FUNC:DCR:RANG:VAL 100;:FUNC:IMP:RANG:VAL 30000;:OUTP:DC:ISOL:LEV:VAL 2e-005;:OUTP:DC:ISOL:STAT OFF;:FUNC:DCR:RANG:AUTO ON;:FUNC:IMP:RANG:AUTO ON;:OUTP:DC:ISOL:LEV:AUTO ON;:DISP:PAGE MEASurement;
"
22000.0,-0.2092472889,19424.02807,1.45075e-07,0.0050541
22000.0,-0.2092225822,19421.19913,1.45078e-07,0.00505438
22000.0,-0.2092727796,19421.78589,1.45083e-07,0.00505415
22000.0,-0.209264443,19423.22518,1.4507e-07,0.00505445
22000.0,-0.2092426858,19418.94671,1.45069e-07,0.00505418
22000.0,-0.2092558413,19423.0816,1.4508e-07,0.00505453
22000.0,-0.2092645121,19416.4148,1.45072e-07,0.0050543
22000.0,-0.2092592583,19422.72087,1.45054e-07,0.00505426
22000.0,-0.2092655263,19422.96259,1.45065e-07,0.00505435
22000.0,-0.2092599707,19423.94002,1.45061e-07,0.00505428
22000.0,-0.209268117,19420.52981,1.45066e-07,0.00505419
22000.0,-0.2092232062,19422.71454,1.45071e-07,0.00505433
22000.0,-0.2092596641,19419.75429,1.45064e-07,0.00505432
22000.0,-0.2092668333,19422.96484,1.4507e-07,0.00505417
22000.0,-0.2092421945,19420.76149,1.4507e-07,0.00505459
22000.0,-0.2092754851,19424.53551,1.45074e-07,0.00505424
Freq,22000,Rs,19421.847833750002,2.151535551975134,Ls,-0.209255649275,1.598684462718882e-05
":SOUR:DCS:STAT OFF;:BIAS:STAT OFF;:COMP:BIN:COUN:CLE;:LIST:CLE:ALL;:COMP:BIN:CLE;:AMPL:ALC OFF;:APER MED,4;:BIAS:POL:AUTO OFF;:BIAS:RANG:AUTO ON;:BIAS:VOLT:LEV 0;:COMP:ABIN OFF;:COMP:BIN:COUN:STAT OFF;:COMP:MODE PTOL;:COMP:SLIM -9.9e+037,9.9e+037;:COMP:STAT OFF;:COMP:SWAP OFF;:COMP:TOL:NOM 0;:CURR:LEV 5e-005;:DISP:ENAB ON;:DISP:LINE """";:DISP:WIND:TEXT1:DATA:FMSD:DATA 1e-009;:DISP:WIND:TEXT2:DATA:FMSD:DATA 1e-009;:FORM:ASC:LONG ON;:FORM:BORD NORM;:FORM:DATA ASC,64;:FREQ:CW 22000;:FUNC:DEV1:MODE OFF;:FUNC:DEV1:REF:VAL 0;:FUNC:DEV2:MODE OFF;:FUNC:DEV2:REF:VAL 0;:FUNC:IMP:TYPE LSRS;:FUNC:SMON:IDC:STAT OFF;:FUNC:SMON:VDC:STAT OFF;:INIT:CONT OFF;:LIST:MODE SEQ;:LIST:STIM:TYPE FREQ,NONE;:SOUR:DCS:VOLT:LEV 0;:TRIG:DEL 0;:TRIG:SOUR INT;:TRIG:TDEL 0;:DISP:WIND:TEXT1:DATA:FMSD:STAT OFF;:DISP:WIND:TEXT2:DATA:FMSD:STAT OFF;:FUNC:DCR:RANG:VAL 100;:FUNC:IMP:RANG:VAL 30000;:OUTP:DC:ISOL:LEV:VAL 2e-005;:OUTP:DC:ISOL:STAT OFF;:FUNC:DCR:RANG:AUTO ON;:FUNC:IMP:RANG:AUTO ON;:OUTP:DC:ISOL:LEV:AUTO ON;:DISP:PAGE MEASurement;
"
24000.0,-0.1713157649,12067.13126,1.77128e-07,0.00504997
24000.0,-0.1713089721,12069.26592,1.77127e-07,0.00505021
24000.0,-0.1713148679,12069.94216,1.77099e-07,0.00505017
24000.0,-0.1713294217,12069.3564,1.7711e-07,0.00505007
24000.0,-0.1713210092,12069.04166,1.77105e-07,0.00505004
24000.0,-0.1713164791,12070.65427,1.77119e-07,0.00505004
24000.0,-0.1713202226,12070.1352,1.77123e-07,0.00505018
24000.0,-0.171330824,12069.94958,1.77127e-07,0.00504997
24000.0,-0.1713112199,12072.91947,1.77108e-07,0.00505031
24000.0,-0.1713067794,12066.86356,1.77119e-07,0.0050502
24000.0,-0.1713179928,12070.66053,1.77118e-07,0.00505023
24000.0,-0.171304988,12068.8963,1.77115e-07,0.00504992
24000.0,-0.1713020248,12070.5586,1.77123e-07,0.00505029
24000.0,-0.1713050824,12066.61598,1.77121e-07,0.00505031
24000.0,-0.171326482,12068.24427,1.77114e-07,0.00505024
24000.0,-0.1713152763,12067.16299,1.77105e-07,0.00505005
Freq,24000,Rs,12069.212384375,1.7036794401020985,Ls,-0.17131546294375,8.745127771048186e-06
":SOUR:DCS:STAT OFF;:BIAS:STAT OFF;:COMP:BIN:COUN:CLE;:LIST:CLE:ALL;:COMP:BIN:CLE;:AMPL:ALC OFF;:APER MED,4;:BIAS:POL:AUTO OFF;:BIAS:RANG:AUTO ON;:BIAS:VOLT:LEV 0;:COMP:ABIN OFF;:COMP:BIN:COUN:STAT OFF;:COMP:MODE PTOL;:COMP:SLIM -9.9e+037,9.9e+037;:COMP:STAT OFF;:COMP:SWAP OFF;:COMP:TOL:NOM 0;:CURR:LEV 5e-005;:DISP:ENAB ON;:DISP:LINE """";:DISP:WIND:TEXT1:DATA:FMSD:DATA 1e-009;:DISP:WIND:TEXT2:DATA:FMSD:DATA 1e-009;:FORM:ASC:LONG ON;:FORM:BORD NORM;:FORM:DATA ASC,64;:FREQ:CW 24000;:FUNC:DEV1:MODE OFF;:FUNC:DEV1:REF:VAL 0;:FUNC:DEV2:MODE OFF;:FUNC:DEV2:REF:VAL 0;:FUNC:IMP:TYPE LSRS;:FUNC:SMON:IDC:STAT OFF;:FUNC:SMON:VDC:STAT OFF;:INIT:CONT OFF;:LIST:MODE SEQ;:LIST:STIM:TYPE FREQ,NONE;:SOUR:DCS:VOLT:LEV 0;:TRIG:DEL 0;:TRIG:SOUR INT;:TRIG:TDEL 0;:DISP:WIND:TEXT1:DATA:FMSD:STAT OFF;:DISP:WIND:TEXT2:DATA:FMSD:STAT OFF;:FUNC:DCR:RANG:VAL 100;:FUNC:IMP:RANG:VAL 30000;:OUTP:DC:ISOL:LEV:VAL 2e-005;:OUTP:DC:ISOL:STAT OFF;:FUNC:DCR:RANG:AUTO ON;:FUNC:IMP:RANG:AUTO ON;:OUTP:DC:ISOL:LEV:AUTO ON;:DISP:PAGE MEASurement;
"
25000.0,-0.1537488119,9717.30862,1.94252e-07,0.00505662
25000.0,-0.1537760305,9707.092106,1.9422e-07,0.00505664
25000.0,-0.1538140481,9714.976331,1.94182e-07,0.00505667
25000.0,-0.1537548279,9714.843413,1.94262e-07,0.00505673
25000.0,-0.1537856258,9706.548789,1.94232e-07,0.00505667
25000.0,-0.1538174465,9714.550441,1.94189e-07,0.00505679
25000.0,-0.1537611044,9718.961406,1.94256e-07,0.00505673
25000.0,-0.1537612253,9703.215362,1.94226e-07,0.00505663
25000.0,-0.1538106171,9715.371157,1.94186e-07,0.00505695
25000.0,-0.1537707021,9716.51884,1.94244e-07,0.00505671
25000.0,-0.1537566399,9709.380254,1.94242e-07,0.0050567
25000.0,-0.1538087579,9713.56298,1.94183e-07,0.00505685
25000.0,-0.1537637648,9716.530707,1.9425e-07,0.00505671
25000.0,-0.1537533443,9711.448231,1.94246e-07,0.00505673
25000.0,-0.153823199,9712.482132,1.9418e-07,0.00505667
25000.0,-0.1537939459,9717.559111,1.9427e-07,0.00505676
Freq,25000,Rs,9713.1468675,4.495016001839195,Ls,-0.15378125571249998,2.6243570513781226e-05
":SOUR:DCS:STAT OFF;:BIAS:STAT OFF;:COMP:BIN:COUN:CLE;:LIST:CLE:ALL;:COMP:BIN:CLE;:AMPL:ALC OFF;:APER MED,4;:BIAS:POL:AUTO OFF;:BIAS:RANG:AUTO ON;:BIAS:VOLT:LEV 0;:COMP:ABIN OFF;:COMP:BIN:COUN:STAT OFF;:COMP:MODE PTOL;:COMP:SLIM -9.9e+037,9.9e+037;:COMP:STAT OFF;:COMP:SWAP OFF;:COMP:TOL:NOM 0;:CURR:LEV 5e-005;:DISP:ENAB ON;:DISP:LINE """";:DISP:WIND:TEXT1:DATA:FMSD:DATA 1e-009;:DISP:WIND:TEXT2:DATA:FMSD:DATA 1e-009;:FORM:ASC:LONG ON;:FORM:BORD NORM;:FORM:DATA ASC,64;:FREQ:CW 25000;:FUNC:DEV1:MODE OFF;:FUNC:DEV1:REF:VAL 0;:FUNC:DEV2:MODE OFF;:FUNC:DEV2:REF:VAL 0;:FUNC:IMP:TYPE LSRS;:FUNC:SMON:IDC:STAT OFF;:FUNC:SMON:VDC:STAT OFF;:INIT:CONT OFF;:LIST:MODE SEQ;:LIST:STIM:TYPE FREQ,NONE;:SOUR:DCS:VOLT:LEV 0;:TRIG:DEL 0;:TRIG:SOUR INT;:TRIG:TDEL 0;:DISP:WIND:TEXT1:DATA:FMSD:STAT OFF;:DISP:WIND:TEXT2:DATA:FMSD:STAT OFF;:FUNC:DCR:RANG:VAL 100;:FUNC:IMP:RANG:VAL 10000;:OUTP:DC:ISOL:LEV:VAL 0.0002;:OUTP:DC:ISOL:STAT OFF;:FUNC:DCR:RANG:AUTO ON;:FUNC:IMP:RANG:AUTO ON;:OUTP:DC:ISOL:LEV:AUTO ON;:DISP:PAGE MEASurement;
"
30000.0,-0.09319541693,3966.944548,2.80426e-07,0.00505146
30000.0,-0.09326342642,3966.172323,2.80318e-07,0.00505142
30000.0,-0.09322006557,3972.030104,2.80472e-07,0.00505144
30000.0,-0.09323849397,3963.803453,2.80336e-07,0.00505155
30000.0,-0.09326136815,3971.672705,2.80369e-07,0.00505141
30000.0,-0.09320335514,3967.606692,2.80441e-07,0.00505125
30000.0,-0.09324681659,3965.836962,2.80323e-07,0.00505147
30000.0,-0.09321367181,3973.825884,2.80425e-07,0.00505152
30000.0,-0.0932133041,3963.15381,2.80386e-07,0.00505148
30000.0,-0.0932540491,3970.872397,2.80361e-07,0.00505149
30000.0,-0.09320857423,3970.162752,2.80487e-07,0.00505128
30000.0,-0.09323884114,3964.560831,2.80305e-07,0.0050515
30000.0,-0.09323718509,3975.179629,2.80403e-07,0.00505154
30000.0,-0.09320909063,3963.025392,2.80421e-07,0.0050513
30000.0,-0.09325284632,3967.678467,2.80336e-07,0.00505154
30000.0,-0.09319681059,3973.007547,2.80456e-07,0.00505132
Freq,30000,Rs,3968.4708435,3.9727190511114405,Ls,-0.09322833223625,2.336611340148924e-05
":SOUR:DCS:STAT OFF;:BIAS:STAT OFF;:COMP:BIN:COUN:CLE;:LIST:CLE:ALL;:COMP:BIN:CLE;:AMPL:ALC OFF;:APER MED,4;:BIAS:POL:AUTO OFF;:BIAS:RANG:AUTO ON;:BIAS:VOLT:LEV 0;:COMP:ABIN OFF;:COMP:BIN:COUN:STAT OFF;:COMP:MODE PTOL;:COMP:SLIM -9.9e+037,9.9e+037;:COMP:STAT OFF;:COMP:SWAP OFF;:COMP:TOL:NOM 0;:CURR:LEV 5e-005;:DISP:ENAB ON;:DISP:LINE """";:DISP:WIND:TEXT1:DATA:FMSD:DATA 1e-009;:DISP:WIND:TEXT2:DATA:FMSD:DATA 1e-009;:FORM:ASC:LONG ON;:FORM:BORD NORM;:FORM:DATA ASC,64;:FREQ:CW 30000;:FUNC:DEV1:MODE OFF;:FUNC:DEV1:REF:VAL 0;:FUNC:DEV2:MODE OFF;:FUNC:DEV2:REF:VAL 0;:FUNC:IMP:TYPE LSRS;:FUNC:SMON:IDC:STAT OFF;:FUNC:SMON:VDC:STAT OFF;:INIT:CONT OFF;:LIST:MODE SEQ;:LIST:STIM:TYPE FREQ,NONE;:SOUR:DCS:VOLT:LEV 0;:TRIG:DEL 0;:TRIG:SOUR INT;:TRIG:TDEL 0;:DISP:WIND:TEXT1:DATA:FMSD:STAT OFF;:DISP:WIND:TEXT2:DATA:FMSD:STAT OFF;:FUNC:DCR:RANG:VAL 100;:FUNC:IMP:RANG:VAL 10000;:OUTP:DC:ISOL:LEV:VAL 0.0002;:OUTP:DC:ISOL:STAT OFF;:FUNC:DCR:RANG:AUTO ON;:FUNC:IMP:RANG:AUTO ON;:OUTP:DC:ISOL:LEV:AUTO ON;:DISP:PAGE MEASurement;
"
":SOUR:DCS:STAT OFF;:BIAS:STAT OFF;:COMP:BIN:COUN:CLE;:LIST:CLE:ALL;:COMP:BIN:CLE;:AMPL:ALC OFF;:APER MED,4;:BIAS:POL:AUTO OFF;:BIAS:RANG:AUTO ON;:BIAS:VOLT:LEV 0;:COMP:ABIN OFF;:COMP:BIN:COUN:STAT OFF;:COMP:MODE PTOL;:COMP:SLIM -9.9e+037,9.9e+037;:COMP:STAT OFF;:COMP:SWAP OFF;:COMP:TOL:NOM 0;:CURR:LEV 5e-005;:DISP:ENAB ON;:DISP:LINE """";:DISP:WIND:TEXT1:DATA:FMSD:DATA 1e-009;:DISP:WIND:TEXT2:DATA:FMSD:DATA 1e-009;:FORM:ASC:LONG ON;:FORM:BORD NORM;:FORM:DATA ASC,64;:FREQ:CW 30000;:FUNC:DEV1:MODE OFF;:FUNC:DEV1:REF:VAL 0;:FUNC:DEV2:MODE OFF;:FUNC:DEV2:REF:VAL 0;:FUNC:IMP:TYPE LSRS;:FUNC:SMON:IDC:STAT OFF;:FUNC:SMON:VDC:STAT OFF;:INIT:CONT OFF;:LIST:MODE SEQ;:LIST:STIM:TYPE FREQ,NONE;:SOUR:DCS:VOLT:LEV 0;:TRIG:DEL 0;:TRIG:SOUR INT;:TRIG:TDEL 0;:DISP:WIND:TEXT1:DATA:FMSD:STAT OFF;:DISP:WIND:TEXT2:DATA:FMSD:STAT OFF;:FUNC:DCR:RANG:VAL 100;:FUNC:IMP:RANG:VAL 10000;:OUTP:DC:ISOL:LEV:VAL 0.0002;:OUTP:DC:ISOL:STAT OFF;:FUNC:DCR:RANG:AUTO ON;:FUNC:IMP:RANG:AUTO ON;:OUTP:DC:ISOL:LEV:AUTO ON;:DISP:PAGE MEASurement;
"
2024-05-01,12:25:27
---------run finished---------
Frequency,Resistance,uR,Inductance,uL
20,275.68259318125,0.37485734808311494,1.0714211704375,0.0024674193504566023
25,285.1154491625,0.7082082247460787,1.0317665606875,0.004801214644545037
30,292.47766526875,0.6590621196998971,1.00188793063125,0.0029044745061752968
40,308.9668829875,1.1261442301958993,0.95561294316875,0.005300646666247148
53,330.3985273,1.0842985619327505,0.9081723224937499,0.0029336549629002
60,341.98019091875,0.8901760809071388,0.8879196185625,0.0021200496952317833
80,373.45693880625,0.9630445746686561,0.84751747931875,0.0020066948152900714
103,410.32220102499997,1.0072783211543848,0.8231669391750001,0.0014120622645918874
120,441.03671729999996,0.7363017592184586,0.8288178763,0.0009050791005987076
130,460.1369276375,0.7051483135428377,0.80957904595,0.0008942421398222567
135,465.0706748625,0.8358537625337386,0.8317966184750001,0.001197585276392861
140,476.7177016125,1.205571132286227,0.85094506625,0.0013865288100939344
145,494.42095746250004,1.9941844740999664,0.8772625498812501,0.0018925549092880026
150,515.8542614,1.5502627056507674,0.9047415599874999,0.001123486483876453
155,532.56157655625,1.184450013647109,0.9596682551625,0.0009058469024133235
160,579.7971886,1.7585259750317224,1.0816159195,0.0014501274720265698
165,792.55305921875,2.8679017309502437,1.3104788888125,0.002231086071368985
170,1935.193138,9.25303581601198,1.6475944239999998,0.015480220704985136
172,2771.0535181249998,16.780114090057708,0.48308982081875,0.010439280637426782
175,1361.7046098125,2.6891874446088218,-0.380315923775,0.002902066939534788
180,710.06094974375,0.9897161387647758,0.057799468974375,0.0009866434314767163
185,602.87439335,1.0383323387898715,0.25438455824375,0.0006176595052911522
200,560.9886862625001,0.36350877888641064,0.44201988248125,0.00034812549479901385
220,574.6157779625,0.4271099942374501,0.50548909935625,0.0003246362352572535
240,597.6749757375001,0.5328952393550218,0.5252973379375,0.0002839188533171087
400,789.17345453125,0.8744030825562383,0.4759716919875,0.00031178063907310433
800,1189.3356741875,0.16528099612686425,0.4077145950625,6.958923811633715e-05
1000,1374.113408625,0.23223579507991518,0.38476575183125,4.2285271426565915e-05
2000,2199.1541967499998,0.19003691595313676,0.31907335173125,1.3018698249711668e-05
3000,2989.5845565,0.20583496799239243,0.28507223424375,1.1898936830490444e-05
4000,3786.9475340000004,0.5995956841087663,0.26951400301875,1.9969339898259527e-05
5000,4690.744466625,0.39162563342594503,0.25956973016249996,8.666362371834506e-06
6000,5736.6016309999995,0.3287135622086308,0.25363583155,7.685909772908762e-06
7000,6978.6756974375,0.4531729057423999,0.25111451935624995,1.0897145845523498e-05
8000,8510.8054495,0.9928780872990745,0.2506892917,2.0539471627611315e-05
10000,12911.811464999999,3.9660500025878536,0.25275631326875003,6.540291303382856e-05
12000,20366.848575,2.0856284181831577,0.24851688674375,3.4216736451837134e-05
14000,32709.064514375,3.9957163919294856,0.20528551343125,2.8370006551158854e-05
16000,46943.92794875,3.8967872317837897,0.059205498084375,4.2495814756309185e-05
16500,48937.0677975,3.994033543996865,0.0054597209271249995,4.239088223631707e-05
17000,49615.857785,3.5640753060527213,-0.049763672803125,3.5863464512335415e-05
17500,48850.151034375,4.442065078851205,-0.10194644195625,2.7125187607213807e-05
18000,46758.65339125,4.260196745180201,-0.14691801070625,4.5031656980918726e-05
18500,43644.247155624995,5.751450099997014,-0.1820028904875,4.515773232977984e-05
19000,39910.468797500005,5.441773572724104,-0.2064840300875,3.122478065491972e-05
19500,35932.527611875004,4.842479795477208,-0.22116895235625,3.094629467913751e-05
20000,32007.936931250002,3.3513486485036794,-0.22773046688749998,2.982965290420357e-05
20500,28327.776530625,2.678648206252389,-0.22820563943125,1.9171555432419208e-05
21000,24987.60922125,1.7574696543494996,-0.224333993875,1.481690338127052e-05
22000,19421.847833750002,2.151535551975134,-0.209255649275,1.598684462718882e-05
24000,12069.212384375,1.7036794401020985,-0.17131546294375,8.745127771048186e-06
25000,9713.1468675,4.495016001839195,-0.15378125571249998,2.6243570513781226e-05
30000,3968.4708435,3.9727190511114405,-0.09322833223625,2.336611340148924e-05
lcr name:,KeySight E4980A
Name and description of Resistor under test: ,zero for kelvin clips (on screw)
2024-05-01,13:13:05
select the freq range,"[20, 25, 30, 40, 53, 60, 80, 103, 120, 130, 135, 140, 145, 150, 155, 160, 165, 170, 172, 175, 180, 185, 200, 220, 240, 400, 800, 1000, 2000, 3000, 4000, 5000, 6000, 7000, 8000, 10000, 12000, 14000, 16000, 16500, 17000, 17500, 18000, 18500, 19000, 19500, 20000, 20500, 21000, 22000, 24000, 25000, 30000]"
20.0,3.858089585e-05,-0.0003522272189,4.95387e-05,4.97593e-08
20.0,3.734037735e-05,-0.003939912252,4.95369e-05,2.9369e-07
20.0,-1.932809932e-05,-0.004442014805,4.9524e-05,1.5967e-07
20.0,-3.092253942e-06,-0.005843008247,4.95304e-05,2.53526e-07
20.0,2.940582545e-06,0.002797036827,4.95413e-05,1.06336e-07
20.0,-7.773294745e-06,-0.002740568449,4.95254e-05,4.8876e-07
20.0,1.319701165e-05,0.004999626561,4.95365e-05,2.02944e-07
20.0,2.623017888e-05,-0.0005256080193,4.95449e-05,2.91417e-07
20.0,6.353206792e-06,-0.005235396892,4.95332e-05,6.00145e-07
20.0,3.205179531e-05,-0.04066149239,4.95325e-05,4.18943e-06
20.0,1.381412928e-05,-0.0869667541,4.95366e-05,5.01156e-06
20.0,1.826980483e-05,-0.09722387667,4.95378e-05,4.93716e-06
20.0,1.00687242e-05,-0.0967149012,4.95394e-05,4.64563e-06
20.0,1.683240219e-05,-0.09796848553,4.95283e-05,4.98838e-06
20.0,5.164223657e-05,-0.09831285338,4.95399e-05,4.79725e-06
20.0,-5.852669855e-05,-0.107461315,4.95467e-05,5.23668e-06
Freq,20,Rs,-0.040036984422824995,0.04713397671638716,Ls,1.1162562430624998e-05,2.6169750052582292e-05
":SOUR:DCS:STAT OFF;:BIAS:STAT OFF;:COMP:BIN:COUN:CLE;:LIST:CLE:ALL;:COMP:BIN:CLE;:AMPL:ALC OFF;:APER MED,4;:BIAS:POL:AUTO OFF;:BIAS:RANG:AUTO ON;:BIAS:VOLT:LEV 0;:COMP:ABIN OFF;:COMP:BIN:COUN:STAT OFF;:COMP:MODE PTOL;:COMP:SLIM -9.9e+037,9.9e+037;:COMP:STAT OFF;:COMP:SWAP OFF;:COMP:TOL:NOM 0;:CURR:LEV 5e-005;:DISP:ENAB ON;:DISP:LINE """";:DISP:WIND:TEXT1:DATA:FMSD:DATA 1e-009;:DISP:WIND:TEXT2:DATA:FMSD:DATA 1e-009;:FORM:ASC:LONG ON;:FORM:BORD NORM;:FORM:DATA ASC,64;:FREQ:CW 20;:FUNC:DEV1:MODE OFF;:FUNC:DEV1:REF:VAL 0;:FUNC:DEV2:MODE OFF;:FUNC:DEV2:REF:VAL 0;:FUNC:IMP:TYPE LSRS;:FUNC:SMON:IDC:STAT OFF;:FUNC:SMON:VDC:STAT OFF;:INIT:CONT OFF;:LIST:MODE SEQ;:LIST:STIM:TYPE FREQ,NONE;:SOUR:DCS:VOLT:LEV 0;:TRIG:DEL 0;:TRIG:SOUR INT;:TRIG:TDEL 0;:DISP:WIND:TEXT1:DATA:FMSD:STAT OFF;:DISP:WIND:TEXT2:DATA:FMSD:STAT OFF;:FUNC:DCR:RANG:VAL 100;:FUNC:IMP:RANG:VAL 1;:OUTP:DC:ISOL:LEV:VAL 0.02;:OUTP:DC:ISOL:STAT OFF;:FUNC:DCR:RANG:AUTO ON;:FUNC:IMP:RANG:AUTO ON;:OUTP:DC:ISOL:LEV:AUTO ON;:DISP:PAGE MEASurement;
"
25.0,-1.939905789e-05,-0.1070601399,4.91173e-05,5.47744e-06
25.0,-4.496624938e-05,-0.1085478816,4.91146e-05,5.89256e-06
25.0,-3.537273102e-06,-0.1219582727,4.91137e-05,6.19199e-06
25.0,-1.438770954e-05,-0.1375546472,4.91154e-05,6.8302e-06
25.0,-6.675805975e-06,-0.135329245,4.91212e-05,6.54722e-06
25.0,-3.819148154e-05,-0.1449747059,4.91169e-05,6.68049e-06
25.0,1.074325871e-05,-0.1413239146,4.91178e-05,6.43149e-06
25.0,-5.056469773e-05,-0.1264569591,4.91166e-05,6.27525e-06
25.0,-9.364382166e-06,-0.1199708185,4.91193e-05,6.25695e-06
25.0,-1.497178282e-05,-0.1317224333,4.91204e-05,6.60868e-06
25.0,2.276170679e-05,-0.1229694259,4.91128e-05,6.5367e-06
25.0,-7.951286526e-06,-0.1258401006,4.91176e-05,6.06844e-06
25.0,-1.383259073e-05,-0.1278665209,4.91263e-05,6.20243e-06
25.0,-1.280346959e-05,-0.1210253925,4.91135e-05,5.68716e-06
25.0,-3.166456841e-05,-0.1186276452,4.91209e-05,5.36071e-06
25.0,-5.827588131e-06,-0.1143778751,4.91129e-05,5.64155e-06
Freq,25,Rs,-0.125350373625,0.010907051623050891,Ls,-1.5039561126875e-05,1.907737282788536e-05
":SOUR:DCS:STAT OFF;:BIAS:STAT OFF;:COMP:BIN:COUN:CLE;:LIST:CLE:ALL;:COMP:BIN:CLE;:AMPL:ALC OFF;:APER MED,4;:BIAS:POL:AUTO OFF;:BIAS:RANG:AUTO ON;:BIAS:VOLT:LEV 0;:COMP:ABIN OFF;:COMP:BIN:COUN:STAT OFF;:COMP:MODE PTOL;:COMP:SLIM -9.9e+037,9.9e+037;:COMP:STAT OFF;:COMP:SWAP OFF;:COMP:TOL:NOM 0;:CURR:LEV 5e-005;:DISP:ENAB ON;:DISP:LINE """";:DISP:WIND:TEXT1:DATA:FMSD:DATA 1e-009;:DISP:WIND:TEXT2:DATA:FMSD:DATA 1e-009;:FORM:ASC:LONG ON;:FORM:BORD NORM;:FORM:DATA ASC,64;:FREQ:CW 25;:FUNC:DEV1:MODE OFF;:FUNC:DEV1:REF:VAL 0;:FUNC:DEV2:MODE OFF;:FUNC:DEV2:REF:VAL 0;:FUNC:IMP:TYPE LSRS;:FUNC:SMON:IDC:STAT OFF;:FUNC:SMON:VDC:STAT OFF;:INIT:CONT OFF;:LIST:MODE SEQ;:LIST:STIM:TYPE FREQ,NONE;:SOUR:DCS:VOLT:LEV 0;:TRIG:DEL 0;:TRIG:SOUR INT;:TRIG:TDEL 0;:DISP:WIND:TEXT1:DATA:FMSD:STAT OFF;:DISP:WIND:TEXT2:DATA:FMSD:STAT OFF;:FUNC:DCR:RANG:VAL 100;:FUNC:IMP:RANG:VAL 1;:OUTP:DC:ISOL:LEV:VAL 0.02;:OUTP:DC:ISOL:STAT OFF;:FUNC:DCR:RANG:AUTO ON;:FUNC:IMP:RANG:AUTO ON;:OUTP:DC:ISOL:LEV:AUTO ON;:DISP:PAGE MEASurement;
"
30.0,6.866042586e-06,-0.1153955653,4.98503e-05,5.56677e-06
30.0,-2.418777216e-06,-0.1107065432,4.98593e-05,5.25517e-06
30.0,-6.430775208e-07,-0.1034108725,4.98579e-05,5.3808e-06
30.0,3.047248899e-06,-0.1083237465,4.98546e-05,5.40549e-06
30.0,-2.455201561e-09,-0.10697784,4.98551e-05,5.50208e-06
30.0,2.034375355e-05,-0.105477654,4.98605e-05,5.3056e-06
30.0,1.696284027e-05,-0.100055254,4.98594e-05,4.98055e-06
30.0,-4.319840802e-07,-0.09334543391,4.98602e-05,4.71741e-06
30.0,-1.336861463e-05,-0.09154430159,4.98624e-05,4.78701e-06
30.0,1.548774453e-06,-0.0945294341,4.98572e-05,4.77149e-06
30.0,9.546807404e-06,-0.09761720922,4.98537e-05,4.47775e-06
30.0,6.796546576e-06,-0.09709517161,4.98561e-05,5.00076e-06
30.0,-1.396806763e-05,-0.09844505095,4.98573e-05,4.65225e-06
30.0,-2.907631718e-06,-0.0956795077,4.98575e-05,5.02093e-06
30.0,1.853182364e-05,-0.0983948092,4.98658e-05,4.91154e-06
30.0,3.414192583e-06,-0.09351411149,4.98586e-05,4.47862e-06
Freq,30,Rs,-0.100657031579375,0.0069757487473940975,Ls,3.332338872777437e-06,9.878977767291668e-06
":SOUR:DCS:STAT OFF;:BIAS:STAT OFF;:COMP:BIN:COUN:CLE;:LIST:CLE:ALL;:COMP:BIN:CLE;:AMPL:ALC OFF;:APER MED,4;:BIAS:POL:AUTO OFF;:BIAS:RANG:AUTO ON;:BIAS:VOLT:LEV 0;:COMP:ABIN OFF;:COMP:BIN:COUN:STAT OFF;:COMP:MODE PTOL;:COMP:SLIM -9.9e+037,9.9e+037;:COMP:STAT OFF;:COMP:SWAP OFF;:COMP:TOL:NOM 0;:CURR:LEV 5e-005;:DISP:ENAB ON;:DISP:LINE """";:DISP:WIND:TEXT1:DATA:FMSD:DATA 1e-009;:DISP:WIND:TEXT2:DATA:FMSD:DATA 1e-009;:FORM:ASC:LONG ON;:FORM:BORD NORM;:FORM:DATA ASC,64;:FREQ:CW 30;:FUNC:DEV1:MODE OFF;:FUNC:DEV1:REF:VAL 0;:FUNC:DEV2:MODE OFF;:FUNC:DEV2:REF:VAL 0;:FUNC:IMP:TYPE LSRS;:FUNC:SMON:IDC:STAT OFF;:FUNC:SMON:VDC:STAT OFF;:INIT:CONT OFF;:LIST:MODE SEQ;:LIST:STIM:TYPE FREQ,NONE;:SOUR:DCS:VOLT:LEV 0;:TRIG:DEL 0;:TRIG:SOUR INT;:TRIG:TDEL 0;:DISP:WIND:TEXT1:DATA:FMSD:STAT OFF;:DISP:WIND:TEXT2:DATA:FMSD:STAT OFF;:FUNC:DCR:RANG:VAL 100;:FUNC:IMP:RANG:VAL 1;:OUTP:DC:ISOL:LEV:VAL 0.02;:OUTP:DC:ISOL:STAT OFF;:FUNC:DCR:RANG:AUTO ON;:FUNC:IMP:RANG:AUTO ON;:OUTP:DC:ISOL:LEV:AUTO ON;:DISP:PAGE MEASurement;
"
40.0,-9.471894333e-06,-0.08994937544,4.97194e-05,4.59412e-06
40.0,-6.151140725e-06,-0.08974514594,4.97158e-05,4.51113e-06
40.0,-6.277730524e-06,-0.08986617421,4.97146e-05,4.5041e-06
40.0,3.030397942e-06,-0.09393357021,4.97143e-05,4.55854e-06
40.0,5.878042138e-06,-0.09187310566,4.97202e-05,4.51691e-06
40.0,6.762657642e-07,-0.09209000474,4.97123e-05,4.58386e-06
40.0,-1.086562656e-05,-0.08589794906,4.97111e-05,4.483e-06
40.0,8.867424029e-07,-0.09312486692,4.97207e-05,4.4886e-06
40.0,3.977423587e-06,-0.09706443511,4.97146e-05,4.62708e-06
40.0,-9.574134402e-06,-0.09361440475,4.97185e-05,4.50671e-06
40.0,9.750527917e-06,-0.09083155398,4.97103e-05,4.49192e-06
40.0,-4.973795216e-06,-0.08776770554,4.97167e-05,4.07986e-06
40.0,2.078129932e-05,-0.08347316391,4.97181e-05,4.35439e-06
40.0,-1.794518173e-06,-0.08716352795,4.97184e-05,4.22225e-06
40.0,1.573034221e-06,-0.08558698714,4.97198e-05,4.85987e-06
40.0,5.581660607e-06,-0.1107486867,4.97172e-05,5.54272e-06
Freq,40,Rs,-0.09142066607874999,0.006255699345292224,Ls,1.8915962288124978e-07,8.268165223386951e-06
":SOUR:DCS:STAT OFF;:BIAS:STAT OFF;:COMP:BIN:COUN:CLE;:LIST:CLE:ALL;:COMP:BIN:CLE;:AMPL:ALC OFF;:APER MED,4;:BIAS:POL:AUTO OFF;:BIAS:RANG:AUTO ON;:BIAS:VOLT:LEV 0;:COMP:ABIN OFF;:COMP:BIN:COUN:STAT OFF;:COMP:MODE PTOL;:COMP:SLIM -9.9e+037,9.9e+037;:COMP:STAT OFF;:COMP:SWAP OFF;:COMP:TOL:NOM 0;:CURR:LEV 5e-005;:DISP:ENAB ON;:DISP:LINE """";:DISP:WIND:TEXT1:DATA:FMSD:DATA 1e-009;:DISP:WIND:TEXT2:DATA:FMSD:DATA 1e-009;:FORM:ASC:LONG ON;:FORM:BORD NORM;:FORM:DATA ASC,64;:FREQ:CW 40;:FUNC:DEV1:MODE OFF;:FUNC:DEV1:REF:VAL 0;:FUNC:DEV2:MODE OFF;:FUNC:DEV2:REF:VAL 0;:FUNC:IMP:TYPE LSRS;:FUNC:SMON:IDC:STAT OFF;:FUNC:SMON:VDC:STAT OFF;:INIT:CONT OFF;:LIST:MODE SEQ;:LIST:STIM:TYPE FREQ,NONE;:SOUR:DCS:VOLT:LEV 0;:TRIG:DEL 0;:TRIG:SOUR INT;:TRIG:TDEL 0;:DISP:WIND:TEXT1:DATA:FMSD:STAT OFF;:DISP:WIND:TEXT2:DATA:FMSD:STAT OFF;:FUNC:DCR:RANG:VAL 100;:FUNC:IMP:RANG:VAL 1;:OUTP:DC:ISOL:LEV:VAL 0.02;:OUTP:DC:ISOL:STAT OFF;:FUNC:DCR:RANG:AUTO ON;:FUNC:IMP:RANG:AUTO ON;:OUTP:DC:ISOL:LEV:AUTO ON;:DISP:PAGE MEASurement;
"
53.0,-4.6810418e-06,-0.1132874658,4.93555e-05,5.40702e-06
53.0,-2.639790377e-06,-0.1119630044,4.93618e-05,5.55374e-06
53.0,-1.930224463e-06,-0.1072086585,4.93607e-05,5.58549e-06
53.0,4.711855476e-06,-0.1092863211,4.93538e-05,5.12787e-06
53.0,1.47660934e-06,-0.1060880932,4.93592e-05,5.25557e-06
53.0,6.385238645e-06,-0.1039977835,4.93598e-05,5.27831e-06
53.0,8.735689513e-06,-0.1023535607,4.93541e-05,5.18994e-06
53.0,-6.156736744e-07,-0.1050165823,4.93528e-05,5.03432e-06
53.0,-6.000412692e-06,-0.1012889662,4.93644e-05,5.03101e-06
53.0,7.224604177e-07,-0.1007835889,4.93585e-05,5.26138e-06
53.0,-7.3275005e-06,-0.1013819449,4.93501e-05,5.13577e-06
53.0,1.320908831e-07,-0.1051958298,4.93532e-05,5.07857e-06
53.0,-2.430329659e-06,-0.1071195039,4.93586e-05,5.1015e-06
53.0,4.63405736e-07,-0.1020118734,4.93563e-05,5.19685e-06
53.0,3.158092476e-06,-0.1061999725,4.93518e-05,4.90109e-06
53.0,-5.55405016e-06,-0.1004914343,4.93538e-05,4.83181e-06
Freq,53,Rs,-0.1052296614625,0.003904113160490064,Ls,-3.370988024125001e-07,4.544679519107105e-06
":SOUR:DCS:STAT OFF;:BIAS:STAT OFF;:COMP:BIN:COUN:CLE;:LIST:CLE:ALL;:COMP:BIN:CLE;:AMPL:ALC OFF;:APER MED,4;:BIAS:POL:AUTO OFF;:BIAS:RANG:AUTO ON;:BIAS:VOLT:LEV 0;:COMP:ABIN OFF;:COMP:BIN:COUN:STAT OFF;:COMP:MODE PTOL;:COMP:SLIM -9.9e+037,9.9e+037;:COMP:STAT OFF;:COMP:SWAP OFF;:COMP:TOL:NOM 0;:CURR:LEV 5e-005;:DISP:ENAB ON;:DISP:LINE """";:DISP:WIND:TEXT1:DATA:FMSD:DATA 1e-009;:DISP:WIND:TEXT2:DATA:FMSD:DATA 1e-009;:FORM:ASC:LONG ON;:FORM:BORD NORM;:FORM:DATA ASC,64;:FREQ:CW 53;:FUNC:DEV1:MODE OFF;:FUNC:DEV1:REF:VAL 0;:FUNC:DEV2:MODE OFF;:FUNC:DEV2:REF:VAL 0;:FUNC:IMP:TYPE LSRS;:FUNC:SMON:IDC:STAT OFF;:FUNC:SMON:VDC:STAT OFF;:INIT:CONT OFF;:LIST:MODE SEQ;:LIST:STIM:TYPE FREQ,NONE;:SOUR:DCS:VOLT:LEV 0;:TRIG:DEL 0;:TRIG:SOUR INT;:TRIG:TDEL 0;:DISP:WIND:TEXT1:DATA:FMSD:STAT OFF;:DISP:WIND:TEXT2:DATA:FMSD:STAT OFF;:FUNC:DCR:RANG:VAL 100;:FUNC:IMP:RANG:VAL 1;:OUTP:DC:ISOL:LEV:VAL 0.02;:OUTP:DC:ISOL:STAT OFF;:FUNC:DCR:RANG:AUTO ON;:FUNC:IMP:RANG:AUTO ON;:OUTP:DC:ISOL:LEV:AUTO ON;:DISP:PAGE MEASurement;
"
60.0,1.733137474e-06,-0.1016521521,4.952e-05,4.97432e-06
60.0,5.542585925e-06,-0.1036880997,4.95142e-05,5.06712e-06
60.0,1.974776995e-06,-0.1008274877,4.95133e-05,5.19026e-06
60.0,7.942671441e-07,-0.1009631687,4.95174e-05,5.00143e-06
60.0,-1.125787231e-07,-0.1005719446,4.95214e-05,4.92777e-06
60.0,8.383985672e-07,-0.09737586277,4.95188e-05,4.94288e-06
60.0,5.635527354e-06,-0.1017421456,4.95187e-05,5.09518e-06
60.0,-3.30189095e-06,-0.1024217771,4.95198e-05,4.88321e-06
60.0,-5.34348352e-06,-0.09959256067,4.95177e-05,5.12607e-06
60.0,6.838233267e-06,-0.09684899281,4.95206e-05,5.37698e-06
60.0,-8.67601483e-07,-0.1280054013,4.9512e-05,6.56299e-06
60.0,-5.371739807e-06,-0.1187119425,4.95178e-05,6.61678e-06
60.0,1.053833202e-08,-0.114718058,4.95177e-05,5.83827e-06
60.0,2.135613902e-06,-0.1164107351,4.951e-05,5.78434e-06
60.0,-2.938129457e-06,-0.1162929966,4.95115e-05,5.63125e-06
60.0,-2.61934408e-06,-0.1110397632,4.95116e-05,5.45085e-06
Freq,60,Rs,-0.106928943028125,0.0092509426517727,Ls,3.0926943376374994e-07,3.6975541741657753e-06
":SOUR:DCS:STAT OFF;:BIAS:STAT OFF;:COMP:BIN:COUN:CLE;:LIST:CLE:ALL;:COMP:BIN:CLE;:AMPL:ALC OFF;:APER MED,4;:BIAS:POL:AUTO OFF;:BIAS:RANG:AUTO ON;:BIAS:VOLT:LEV 0;:COMP:ABIN OFF;:COMP:BIN:COUN:STAT OFF;:COMP:MODE PTOL;:COMP:SLIM -9.9e+037,9.9e+037;:COMP:STAT OFF;:COMP:SWAP OFF;:COMP:TOL:NOM 0;:CURR:LEV 5e-005;:DISP:ENAB ON;:DISP:LINE """";:DISP:WIND:TEXT1:DATA:FMSD:DATA 1e-009;:DISP:WIND:TEXT2:DATA:FMSD:DATA 1e-009;:FORM:ASC:LONG ON;:FORM:BORD NORM;:FORM:DATA ASC,64;:FREQ:CW 60;:FUNC:DEV1:MODE OFF;:FUNC:DEV1:REF:VAL 0;:FUNC:DEV2:MODE OFF;:FUNC:DEV2:REF:VAL 0;:FUNC:IMP:TYPE LSRS;:FUNC:SMON:IDC:STAT OFF;:FUNC:SMON:VDC:STAT OFF;:INIT:CONT OFF;:LIST:MODE SEQ;:LIST:STIM:TYPE FREQ,NONE;:SOUR:DCS:VOLT:LEV 0;:TRIG:DEL 0;:TRIG:SOUR INT;:TRIG:TDEL 0;:DISP:WIND:TEXT1:DATA:FMSD:STAT OFF;:DISP:WIND:TEXT2:DATA:FMSD:STAT OFF;:FUNC:DCR:RANG:VAL 100;:FUNC:IMP:RANG:VAL 1;:OUTP:DC:ISOL:LEV:VAL 0.02;:OUTP:DC:ISOL:STAT OFF;:FUNC:DCR:RANG:AUTO ON;:FUNC:IMP:RANG:AUTO ON;:OUTP:DC:ISOL:LEV:AUTO ON;:DISP:PAGE MEASurement;
"
80.0,3.178110676e-07,-0.1089939166,4.96549e-05,5.35386e-06
80.0,1.327863856e-06,-0.1102506637,4.96533e-05,5.38638e-06
80.0,-4.555806623e-06,-0.1065512995,4.96548e-05,5.38634e-06
80.0,2.961125734e-06,-0.1043024673,4.96569e-05,5.29111e-06
80.0,3.001493775e-06,-0.1044364548,4.9658e-05,5.31279e-06
80.0,-3.107430862e-06,-0.1042783843,4.96544e-05,5.16259e-06
80.0,-5.115290347e-06,-0.1055045016,4.9655e-05,5.19823e-06
80.0,-2.112334823e-06,-0.1050913063,4.96511e-05,5.28597e-06
80.0,4.388656538e-06,-0.1044977805,4.96558e-05,5.1359e-06
80.0,3.714667855e-06,-0.1018309723,4.96523e-05,5.08107e-06
80.0,2.193461187e-07,-0.09932941984,4.9658e-05,4.99004e-06
80.0,-1.080712658e-06,-0.09934542236,4.96581e-05,4.95082e-06
80.0,-2.132738491e-06,-0.1008185161,4.9657e-05,5.05621e-06
80.0,-3.28592683e-06,-0.0995865511,4.9656e-05,4.94227e-06
80.0,1.818776015e-06,-0.0994182836,4.96578e-05,4.82965e-06
80.0,3.947288582e-06,-0.1004700547,4.96587e-05,5.0277e-06
Freq,80,Rs,-0.1034191246625,0.0034681340853936165,Ls,1.9174306706250018e-08,3.1536779227521336e-06
":SOUR:DCS:STAT OFF;:BIAS:STAT OFF;:COMP:BIN:COUN:CLE;:LIST:CLE:ALL;:COMP:BIN:CLE;:AMPL:ALC OFF;:APER MED,4;:BIAS:POL:AUTO OFF;:BIAS:RANG:AUTO ON;:BIAS:VOLT:LEV 0;:COMP:ABIN OFF;:COMP:BIN:COUN:STAT OFF;:COMP:MODE PTOL;:COMP:SLIM -9.9e+037,9.9e+037;:COMP:STAT OFF;:COMP:SWAP OFF;:COMP:TOL:NOM 0;:CURR:LEV 5e-005;:DISP:ENAB ON;:DISP:LINE """";:DISP:WIND:TEXT1:DATA:FMSD:DATA 1e-009;:DISP:WIND:TEXT2:DATA:FMSD:DATA 1e-009;:FORM:ASC:LONG ON;:FORM:BORD NORM;:FORM:DATA ASC,64;:FREQ:CW 80;:FUNC:DEV1:MODE OFF;:FUNC:DEV1:REF:VAL 0;:FUNC:DEV2:MODE OFF;:FUNC:DEV2:REF:VAL 0;:FUNC:IMP:TYPE LSRS;:FUNC:SMON:IDC:STAT OFF;:FUNC:SMON:VDC:STAT OFF;:INIT:CONT OFF;:LIST:MODE SEQ;:LIST:STIM:TYPE FREQ,NONE;:SOUR:DCS:VOLT:LEV 0;:TRIG:DEL 0;:TRIG:SOUR INT;:TRIG:TDEL 0;:DISP:WIND:TEXT1:DATA:FMSD:STAT OFF;:DISP:WIND:TEXT2:DATA:FMSD:STAT OFF;:FUNC:DCR:RANG:VAL 100;:FUNC:IMP:RANG:VAL 1;:OUTP:DC:ISOL:LEV:VAL 0.02;:OUTP:DC:ISOL:STAT OFF;:FUNC:DCR:RANG:AUTO ON;:FUNC:IMP:RANG:AUTO ON;:OUTP:DC:ISOL:LEV:AUTO ON;:DISP:PAGE MEASurement;
"
103.0,1.089545336e-06,-0.09827525991,4.98087e-05,4.88787e-06
103.0,3.265292115e-06,-0.09915023099,4.98111e-05,5.00072e-06
103.0,1.157213792e-06,-0.0997853113,4.9809e-05,4.76371e-06
103.0,-4.093674942e-08,-0.09964690093,4.98094e-05,5.03129e-06
103.0,1.85731125e-07,-0.0971609353,4.98092e-05,4.98907e-06
103.0,-6.117623724e-06,-0.1003962565,4.98039e-05,4.92811e-06
103.0,-6.315482635e-07,-0.1003855721,4.98087e-05,5.03126e-06
103.0,-3.272349537e-06,-0.1009402268,4.98133e-05,5.03169e-06
103.0,-1.942835659e-06,-0.103164955,4.98032e-05,4.94908e-06
103.0,2.319119692e-06,-0.09817397429,4.98159e-05,5.02498e-06
103.0,-2.274401251e-06,-0.09991586891,4.98062e-05,4.91159e-06
103.0,4.462700885e-06,-0.09812849147,4.98128e-05,4.91015e-06
103.0,-3.292312323e-06,-0.1002528468,4.98161e-05,5.08129e-06
103.0,3.352056123e-07,-0.1013723971,4.98084e-05,5.08741e-06
103.0,-1.293341082e-06,-0.1021854997,4.98121e-05,5.0605e-06
103.0,-1.496467888e-06,-0.1031097046,4.98091e-05,5.18809e-06
Freq,103,Rs,-0.10012777698125,0.0017533089421426882,Ls,-4.716879949762499e-07,2.674603101676484e-06
":SOUR:DCS:STAT OFF;:BIAS:STAT OFF;:COMP:BIN:COUN:CLE;:LIST:CLE:ALL;:COMP:BIN:CLE;:AMPL:ALC OFF;:APER MED,4;:BIAS:POL:AUTO OFF;:BIAS:RANG:AUTO ON;:BIAS:VOLT:LEV 0;:COMP:ABIN OFF;:COMP:BIN:COUN:STAT OFF;:COMP:MODE PTOL;:COMP:SLIM -9.9e+037,9.9e+037;:COMP:STAT OFF;:COMP:SWAP OFF;:COMP:TOL:NOM 0;:CURR:LEV 5e-005;:DISP:ENAB ON;:DISP:LINE """";:DISP:WIND:TEXT1:DATA:FMSD:DATA 1e-009;:DISP:WIND:TEXT2:DATA:FMSD:DATA 1e-009;:FORM:ASC:LONG ON;:FORM:BORD NORM;:FORM:DATA ASC,64;:FREQ:CW 103;:FUNC:DEV1:MODE OFF;:FUNC:DEV1:REF:VAL 0;:FUNC:DEV2:MODE OFF;:FUNC:DEV2:REF:VAL 0;:FUNC:IMP:TYPE LSRS;:FUNC:SMON:IDC:STAT OFF;:FUNC:SMON:VDC:STAT OFF;:INIT:CONT OFF;:LIST:MODE SEQ;:LIST:STIM:TYPE FREQ,NONE;:SOUR:DCS:VOLT:LEV 0;:TRIG:DEL 0;:TRIG:SOUR INT;:TRIG:TDEL 0;:DISP:WIND:TEXT1:DATA:FMSD:STAT OFF;:DISP:WIND:TEXT2:DATA:FMSD:STAT OFF;:FUNC:DCR:RANG:VAL 100;:FUNC:IMP:RANG:VAL 1;:OUTP:DC:ISOL:LEV:VAL 0.02;:OUTP:DC:ISOL:STAT OFF;:FUNC:DCR:RANG:AUTO ON;:FUNC:IMP:RANG:AUTO ON;:OUTP:DC:ISOL:LEV:AUTO ON;:DISP:PAGE MEASurement;
"
120.0,-7.159978368e-07,-0.1031144699,4.98028e-05,5.06952e-06
120.0,2.15390283e-06,-0.1006669902,4.97985e-05,4.94296e-06
120.0,1.387564155e-06,-0.100870308,4.98022e-05,5.11964e-06
120.0,-1.128132939e-06,-0.1006745798,4.9798e-05,4.94665e-06
120.0,1.902755869e-06,-0.09887263351,4.97973e-05,4.97649e-06
120.0,3.380447883e-08,-0.1001317753,4.97984e-05,5.03134e-06
120.0,1.795373126e-06,-0.100655789,4.98019e-05,4.87003e-06
120.0,9.725734112e-07,-0.09911691877,4.97977e-05,4.73811e-06
120.0,-6.113144582e-07,-0.0985903394,4.97977e-05,4.96568e-06
120.0,-2.570933719e-06,-0.09855584399,4.97967e-05,4.89332e-06
120.0,-3.223232448e-06,-0.0972588528,4.97998e-05,4.97097e-06
120.0,9.722703469e-07,-0.09994014462,4.98003e-05,4.8339e-06
120.0,2.550413406e-07,-0.09607378282,4.97989e-05,4.89275e-06
120.0,-1.470809452e-06,-0.09696348008,4.97974e-05,4.94935e-06
120.0,2.163463547e-07,-0.09759534981,4.9793e-05,4.84935e-06
120.0,1.176132674e-06,-0.09765904288,4.9798e-05,4.91332e-06
Freq,120,Rs,-0.099171268805,0.0018322124236937228,Ls,7.158398332687502e-08,1.5923824818525769e-06
":SOUR:DCS:STAT OFF;:BIAS:STAT OFF;:COMP:BIN:COUN:CLE;:LIST:CLE:ALL;:COMP:BIN:CLE;:AMPL:ALC OFF;:APER MED,4;:BIAS:POL:AUTO OFF;:BIAS:RANG:AUTO ON;:BIAS:VOLT:LEV 0;:COMP:ABIN OFF;:COMP:BIN:COUN:STAT OFF;:COMP:MODE PTOL;:COMP:SLIM -9.9e+037,9.9e+037;:COMP:STAT OFF;:COMP:SWAP OFF;:COMP:TOL:NOM 0;:CURR:LEV 5e-005;:DISP:ENAB ON;:DISP:LINE """";:DISP:WIND:TEXT1:DATA:FMSD:DATA 1e-009;:DISP:WIND:TEXT2:DATA:FMSD:DATA 1e-009;:FORM:ASC:LONG ON;:FORM:BORD NORM;:FORM:DATA ASC,64;:FREQ:CW 120;:FUNC:DEV1:MODE OFF;:FUNC:DEV1:REF:VAL 0;:FUNC:DEV2:MODE OFF;:FUNC:DEV2:REF:VAL 0;:FUNC:IMP:TYPE LSRS;:FUNC:SMON:IDC:STAT OFF;:FUNC:SMON:VDC:STAT OFF;:INIT:CONT OFF;:LIST:MODE SEQ;:LIST:STIM:TYPE FREQ,NONE;:SOUR:DCS:VOLT:LEV 0;:TRIG:DEL 0;:TRIG:SOUR INT;:TRIG:TDEL 0;:DISP:WIND:TEXT1:DATA:FMSD:STAT OFF;:DISP:WIND:TEXT2:DATA:FMSD:STAT OFF;:FUNC:DCR:RANG:VAL 100;:FUNC:IMP:RANG:VAL 1;:OUTP:DC:ISOL:LEV:VAL 0.02;:OUTP:DC:ISOL:STAT OFF;:FUNC:DCR:RANG:AUTO ON;:FUNC:IMP:RANG:AUTO ON;:OUTP:DC:ISOL:LEV:AUTO ON;:DISP:PAGE MEASurement;
"
130.0,4.95591127e-07,-0.09833479455,4.98445e-05,4.8542e-06
130.0,-1.533177124e-06,-0.09817961833,4.98469e-05,4.84192e-06
130.0,-2.656585397e-07,-0.09632718745,4.98439e-05,4.78935e-06
130.0,7.960812218e-07,-0.09469414637,4.98397e-05,4.69269e-06
130.0,1.757445181e-06,-0.09602644129,4.98391e-05,4.72167e-06
130.0,1.964937935e-06,-0.09662557361,4.98447e-05,4.81491e-06
130.0,-6.616619584e-07,-0.09520252623,4.98394e-05,4.86005e-06
130.0,-1.591047105e-06,-0.09686012382,4.98429e-05,4.77842e-06
130.0,-5.041622906e-07,-0.09642204288,4.9843e-05,4.94531e-06
130.0,-2.012937746e-06,-0.09786919428,4.98463e-05,4.94026e-06
130.0,7.684056824e-08,-0.1004698147,4.9843e-05,5.03152e-06
130.0,-5.759821366e-07,-0.1009964116,4.98426e-05,4.936e-06
130.0,1.657114578e-06,-0.09914943698,4.98416e-05,5.12081e-06
130.0,1.077984107e-06,-0.0994210075,4.98458e-05,5.04344e-06
130.0,6.110614137e-07,-0.1006949204,4.98404e-05,5.007e-06
130.0,-1.018122491e-06,-0.1013554674,4.98446e-05,5.13257e-06
Freq,130,Rs,-0.098039294211875,0.0021323465285278064,Ls,1.7144171277500007e-08,1.2430201809904351e-06
":SOUR:DCS:STAT OFF;:BIAS:STAT OFF;:COMP:BIN:COUN:CLE;:LIST:CLE:ALL;:COMP:BIN:CLE;:AMPL:ALC OFF;:APER MED,4;:BIAS:POL:AUTO OFF;:BIAS:RANG:AUTO ON;:BIAS:VOLT:LEV 0;:COMP:ABIN OFF;:COMP:BIN:COUN:STAT OFF;:COMP:MODE PTOL;:COMP:SLIM -9.9e+037,9.9e+037;:COMP:STAT OFF;:COMP:SWAP OFF;:COMP:TOL:NOM 0;:CURR:LEV 5e-005;:DISP:ENAB ON;:DISP:LINE """";:DISP:WIND:TEXT1:DATA:FMSD:DATA 1e-009;:DISP:WIND:TEXT2:DATA:FMSD:DATA 1e-009;:FORM:ASC:LONG ON;:FORM:BORD NORM;:FORM:DATA ASC,64;:FREQ:CW 130;:FUNC:DEV1:MODE OFF;:FUNC:DEV1:REF:VAL 0;:FUNC:DEV2:MODE OFF;:FUNC:DEV2:REF:VAL 0;:FUNC:IMP:TYPE LSRS;:FUNC:SMON:IDC:STAT OFF;:FUNC:SMON:VDC:STAT OFF;:INIT:CONT OFF;:LIST:MODE SEQ;:LIST:STIM:TYPE FREQ,NONE;:SOUR:DCS:VOLT:LEV 0;:TRIG:DEL 0;:TRIG:SOUR INT;:TRIG:TDEL 0;:DISP:WIND:TEXT1:DATA:FMSD:STAT OFF;:DISP:WIND:TEXT2:DATA:FMSD:STAT OFF;:FUNC:DCR:RANG:VAL 100;:FUNC:IMP:RANG:VAL 1;:OUTP:DC:ISOL:LEV:VAL 0.02;:OUTP:DC:ISOL:STAT OFF;:FUNC:DCR:RANG:AUTO ON;:FUNC:IMP:RANG:AUTO ON;:OUTP:DC:ISOL:LEV:AUTO ON;:DISP:PAGE MEASurement;
"
135.0,-3.668746918e-07,-0.1030216565,4.98726e-05,5.07602e-06
135.0,-1.207476923e-06,-0.103011913,4.98723e-05,5.15421e-06
135.0,-1.396559527e-06,-0.1029820525,4.98706e-05,5.05463e-06
135.0,1.930693557e-06,-0.1026362888,4.98727e-05,5.16704e-06
135.0,2.256717222e-06,-0.1033289829,4.98694e-05,5.03317e-06
135.0,1.288027614e-07,-0.1049122585,4.98729e-05,5.12519e-06
135.0,2.763749451e-06,-0.1053143895,4.98702e-05,5.25041e-06
135.0,-1.349202393e-06,-0.105201534,4.9872e-05,5.17518e-06
135.0,-1.771306e-06,-0.1051489698,4.98662e-05,5.08551e-06
135.0,4.259599538e-08,-0.1039882404,4.9871e-05,5.11961e-06
135.0,-2.441343398e-06,-0.1035274985,4.98766e-05,5.35515e-06
135.0,-2.145503536e-06,-0.1030151245,4.98711e-05,5.10722e-06
135.0,-8.913551133e-07,-0.1063224039,4.98702e-05,5.2099e-06
135.0,-7.745845798e-07,-0.104258124,4.98727e-05,5.30875e-06
135.0,5.905801644e-07,-0.1070971033,4.98695e-05,5.24363e-06
135.0,-9.541471088e-07,-0.1048096478,4.98703e-05,5.23613e-06
Freq,135,Rs,-0.10428601174375,0.001321504461211559,Ls,-3.4907588247e-07,1.5544617557445394e-06
":SOUR:DCS:STAT OFF;:BIAS:STAT OFF;:COMP:BIN:COUN:CLE;:LIST:CLE:ALL;:COMP:BIN:CLE;:AMPL:ALC OFF;:APER MED,4;:BIAS:POL:AUTO OFF;:BIAS:RANG:AUTO ON;:BIAS:VOLT:LEV 0;:COMP:ABIN OFF;:COMP:BIN:COUN:STAT OFF;:COMP:MODE PTOL;:COMP:SLIM -9.9e+037,9.9e+037;:COMP:STAT OFF;:COMP:SWAP OFF;:COMP:TOL:NOM 0;:CURR:LEV 5e-005;:DISP:ENAB ON;:DISP:LINE """";:DISP:WIND:TEXT1:DATA:FMSD:DATA 1e-009;:DISP:WIND:TEXT2:DATA:FMSD:DATA 1e-009;:FORM:ASC:LONG ON;:FORM:BORD NORM;:FORM:DATA ASC,64;:FREQ:CW 135;:FUNC:DEV1:MODE OFF;:FUNC:DEV1:REF:VAL 0;:FUNC:DEV2:MODE OFF;:FUNC:DEV2:REF:VAL 0;:FUNC:IMP:TYPE LSRS;:FUNC:SMON:IDC:STAT OFF;:FUNC:SMON:VDC:STAT OFF;:INIT:CONT OFF;:LIST:MODE SEQ;:LIST:STIM:TYPE FREQ,NONE;:SOUR:DCS:VOLT:LEV 0;:TRIG:DEL 0;:TRIG:SOUR INT;:TRIG:TDEL 0;:DISP:WIND:TEXT1:DATA:FMSD:STAT OFF;:DISP:WIND:TEXT2:DATA:FMSD:STAT OFF;:FUNC:DCR:RANG:VAL 100;:FUNC:IMP:RANG:VAL 1;:OUTP:DC:ISOL:LEV:VAL 0.02;:OUTP:DC:ISOL:STAT OFF;:FUNC:DCR:RANG:AUTO ON;:FUNC:IMP:RANG:AUTO ON;:OUTP:DC:ISOL:LEV:AUTO ON;:DISP:PAGE MEASurement;
"
140.0,-9.446604625e-07,-0.1064578013,4.9876e-05,5.32402e-06
140.0,-4.230439766e-07,-0.1058605171,4.98772e-05,5.23435e-06
140.0,1.239187085e-06,-0.1064693621,4.98811e-05,5.31609e-06
140.0,1.762604419e-07,-0.1020363243,4.98781e-05,5.28616e-06
140.0,6.856050706e-07,-0.1040580662,4.98817e-05,5.27349e-06
140.0,1.128063101e-06,-0.104145191,4.98839e-05,5.17888e-06
140.0,-7.352635666e-07,-0.1052809086,4.98818e-05,5.27468e-06
140.0,-1.892087969e-06,-0.1065856085,4.98802e-05,5.32016e-06
140.0,-1.705299595e-07,-0.1070308707,4.9879e-05,5.1954e-06
140.0,-1.319474325e-06,-0.1050994393,4.98792e-05,5.30156e-06
140.0,4.602576559e-07,-0.1041669621,4.98846e-05,5.3625e-06
140.0,-5.143775796e-07,-0.1041593204,4.98822e-05,5.26382e-06
140.0,-2.027187134e-06,-0.1048789531,4.98795e-05,5.05132e-06
140.0,-1.922509051e-06,-0.102453612,4.9881e-05,5.16951e-06
140.0,-4.849952018e-07,-0.1028644971,4.98793e-05,5.17677e-06
140.0,2.403229348e-06,-0.1027549167,4.98836e-05,5.18415e-06
Freq,140,Rs,-0.10464389690624999,0.0015837646745183673,Ls,-2.713454077e-07,1.2486236019840515e-06
":SOUR:DCS:STAT OFF;:BIAS:STAT OFF;:COMP:BIN:COUN:CLE;:LIST:CLE:ALL;:COMP:BIN:CLE;:AMPL:ALC OFF;:APER MED,4;:BIAS:POL:AUTO OFF;:BIAS:RANG:AUTO ON;:BIAS:VOLT:LEV 0;:COMP:ABIN OFF;:COMP:BIN:COUN:STAT OFF;:COMP:MODE PTOL;:COMP:SLIM -9.9e+037,9.9e+037;:COMP:STAT OFF;:COMP:SWAP OFF;:COMP:TOL:NOM 0;:CURR:LEV 5e-005;:DISP:ENAB ON;:DISP:LINE """";:DISP:WIND:TEXT1:DATA:FMSD:DATA 1e-009;:DISP:WIND:TEXT2:DATA:FMSD:DATA 1e-009;:FORM:ASC:LONG ON;:FORM:BORD NORM;:FORM:DATA ASC,64;:FREQ:CW 140;:FUNC:DEV1:MODE OFF;:FUNC:DEV1:REF:VAL 0;:FUNC:DEV2:MODE OFF;:FUNC:DEV2:REF:VAL 0;:FUNC:IMP:TYPE LSRS;:FUNC:SMON:IDC:STAT OFF;:FUNC:SMON:VDC:STAT OFF;:INIT:CONT OFF;:LIST:MODE SEQ;:LIST:STIM:TYPE FREQ,NONE;:SOUR:DCS:VOLT:LEV 0;:TRIG:DEL 0;:TRIG:SOUR INT;:TRIG:TDEL 0;:DISP:WIND:TEXT1:DATA:FMSD:STAT OFF;:DISP:WIND:TEXT2:DATA:FMSD:STAT OFF;:FUNC:DCR:RANG:VAL 100;:FUNC:IMP:RANG:VAL 1;:OUTP:DC:ISOL:LEV:VAL 0.02;:OUTP:DC:ISOL:STAT OFF;:FUNC:DCR:RANG:AUTO ON;:FUNC:IMP:RANG:AUTO ON;:OUTP:DC:ISOL:LEV:AUTO ON;:DISP:PAGE MEASurement;
"
145.0,3.886331439e-07,-0.1077428862,4.98719e-05,5.41739e-06
145.0,-1.980809513e-06,-0.1065518204,4.98679e-05,5.40257e-06
145.0,4.923631027e-07,-0.1080715294,4.98755e-05,5.39871e-06
145.0,-1.078090389e-06,-0.1068550734,4.98754e-05,5.40573e-06
145.0,-1.946290257e-06,-0.1063088565,4.9876e-05,5.27411e-06
145.0,-5.811635972e-08,-0.1052546687,4.98664e-05,5.12442e-06
145.0,-2.815144568e-06,-0.1047504497,4.98705e-05,5.18517e-06
145.0,-3.134298722e-07,-0.1068924383,4.98713e-05,5.18984e-06
145.0,9.611966049e-07,-0.1043498368,4.98709e-05,5.19735e-06
145.0,5.349445111e-07,-0.1063178882,4.98706e-05,5.23975e-06
145.0,2.235911517e-06,-0.103678575,4.98709e-05,5.3207e-06
145.0,-9.718308253e-07,-0.1065606114,4.98774e-05,5.23588e-06
145.0,9.282402335e-08,-0.1058838518,4.9872e-05,5.26681e-06
145.0,1.136743097e-06,-0.1081070598,4.98737e-05,5.23873e-06
145.0,5.092036588e-07,-0.1057527752,4.9873e-05,5.31383e-06
145.0,-5.89910259e-07,-0.1057651429,4.98733e-05,5.18791e-06
Freq,145,Rs,-0.10617771648125,0.0012639832661889313,Ls,-2.12612649029375e-07,1.3072281182643648e-06
":SOUR:DCS:STAT OFF;:BIAS:STAT OFF;:COMP:BIN:COUN:CLE;:LIST:CLE:ALL;:COMP:BIN:CLE;:AMPL:ALC OFF;:APER MED,4;:BIAS:POL:AUTO OFF;:BIAS:RANG:AUTO ON;:BIAS:VOLT:LEV 0;:COMP:ABIN OFF;:COMP:BIN:COUN:STAT OFF;:COMP:MODE PTOL;:COMP:SLIM -9.9e+037,9.9e+037;:COMP:STAT OFF;:COMP:SWAP OFF;:COMP:TOL:NOM 0;:CURR:LEV 5e-005;:DISP:ENAB ON;:DISP:LINE """";:DISP:WIND:TEXT1:DATA:FMSD:DATA 1e-009;:DISP:WIND:TEXT2:DATA:FMSD:DATA 1e-009;:FORM:ASC:LONG ON;:FORM:BORD NORM;:FORM:DATA ASC,64;:FREQ:CW 145;:FUNC:DEV1:MODE OFF;:FUNC:DEV1:REF:VAL 0;:FUNC:DEV2:MODE OFF;:FUNC:DEV2:REF:VAL 0;:FUNC:IMP:TYPE LSRS;:FUNC:SMON:IDC:STAT OFF;:FUNC:SMON:VDC:STAT OFF;:INIT:CONT OFF;:LIST:MODE SEQ;:LIST:STIM:TYPE FREQ,NONE;:SOUR:DCS:VOLT:LEV 0;:TRIG:DEL 0;:TRIG:SOUR INT;:TRIG:TDEL 0;:DISP:WIND:TEXT1:DATA:FMSD:STAT OFF;:DISP:WIND:TEXT2:DATA:FMSD:STAT OFF;:FUNC:DCR:RANG:VAL 100;:FUNC:IMP:RANG:VAL 1;:OUTP:DC:ISOL:LEV:VAL 0.02;:OUTP:DC:ISOL:STAT OFF;:FUNC:DCR:RANG:AUTO ON;:FUNC:IMP:RANG:AUTO ON;:OUTP:DC:ISOL:LEV:AUTO ON;:DISP:PAGE MEASurement;
"
150.0,1.565897458e-06,-0.1051660508,4.98373e-05,5.20131e-06
150.0,2.274651286e-06,-0.1070098844,4.98435e-05,5.36885e-06
150.0,2.633097759e-06,-0.1093323618,4.9853e-05,5.42468e-06
150.0,1.970583231e-06,-0.1096296214,4.98517e-05,5.40879e-06
150.0,-2.546292461e-06,-0.1105090752,4.98486e-05,5.35785e-06
150.0,-1.668004029e-06,-0.1059482831,4.98375e-05,5.27372e-06
150.0,-1.702910658e-06,-0.1076373346,4.9835e-05,5.22787e-06
150.0,1.362940451e-06,-0.1057961911,4.9837e-05,5.40306e-06
150.0,7.485396421e-07,-0.10661058,4.98427e-05,5.44824e-06
150.0,2.563384933e-06,-0.1078866722,4.98476e-05,5.52775e-06
150.0,3.968469825e-06,-0.1094734871,4.98484e-05,5.63415e-06
150.0,2.299708972e-06,-0.1117832817,4.98501e-05,5.69709e-06
150.0,2.215274421e-06,-0.1144232768,4.9847e-05,5.60943e-06
150.0,5.449401753e-06,-0.1129477911,4.98486e-05,5.64425e-06
150.0,2.870062117e-06,-0.1115201178,4.98452e-05,5.50391e-06
150.0,2.808195915e-06,-0.1114878838,4.9841e-05,5.33439e-06
Freq,150,Rs,-0.10919761830625,0.0027653874678427643,Ls,1.67581253844375e-06,2.1044013557795435e-06
":SOUR:DCS:STAT OFF;:BIAS:STAT OFF;:COMP:BIN:COUN:CLE;:LIST:CLE:ALL;:COMP:BIN:CLE;:AMPL:ALC OFF;:APER MED,4;:BIAS:POL:AUTO OFF;:BIAS:RANG:AUTO ON;:BIAS:VOLT:LEV 0;:COMP:ABIN OFF;:COMP:BIN:COUN:STAT OFF;:COMP:MODE PTOL;:COMP:SLIM -9.9e+037,9.9e+037;:COMP:STAT OFF;:COMP:SWAP OFF;:COMP:TOL:NOM 0;:CURR:LEV 5e-005;:DISP:ENAB ON;:DISP:LINE """";:DISP:WIND:TEXT1:DATA:FMSD:DATA 1e-009;:DISP:WIND:TEXT2:DATA:FMSD:DATA 1e-009;:FORM:ASC:LONG ON;:FORM:BORD NORM;:FORM:DATA ASC,64;:FREQ:CW 150;:FUNC:DEV1:MODE OFF;:FUNC:DEV1:REF:VAL 0;:FUNC:DEV2:MODE OFF;:FUNC:DEV2:REF:VAL 0;:FUNC:IMP:TYPE LSRS;:FUNC:SMON:IDC:STAT OFF;:FUNC:SMON:VDC:STAT OFF;:INIT:CONT OFF;:LIST:MODE SEQ;:LIST:STIM:TYPE FREQ,NONE;:SOUR:DCS:VOLT:LEV 0;:TRIG:DEL 0;:TRIG:SOUR INT;:TRIG:TDEL 0;:DISP:WIND:TEXT1:DATA:FMSD:STAT OFF;:DISP:WIND:TEXT2:DATA:FMSD:STAT OFF;:FUNC:DCR:RANG:VAL 100;:FUNC:IMP:RANG:VAL 1;:OUTP:DC:ISOL:LEV:VAL 0.02;:OUTP:DC:ISOL:STAT OFF;:FUNC:DCR:RANG:AUTO ON;:FUNC:IMP:RANG:AUTO ON;:OUTP:DC:ISOL:LEV:AUTO ON;:DISP:PAGE MEASurement;
"
155.0,-1.097815571e-06,-0.1131345911,4.98974e-05,5.54117e-06
155.0,2.067507073e-06,-0.1132639539,4.99001e-05,5.61041e-06
155.0,-5.524886208e-07,-0.1153857297,4.99002e-05,5.7214e-06
155.0,-2.089121894e-06,-0.1146650186,4.98973e-05,5.72703e-06
155.0,1.228028839e-06,-0.1146318556,4.99003e-05,5.72726e-06
155.0,-1.527805638e-06,-0.1132492388,4.98969e-05,5.74959e-06
155.0,9.849213739e-07,-0.1118000897,4.98958e-05,5.68296e-06
155.0,1.129989549e-06,-0.1139831333,4.98977e-05,5.64639e-06
155.0,2.226281193e-06,-0.1136139438,4.98984e-05,5.73393e-06
155.0,-6.224110466e-07,-0.1119759653,4.98968e-05,5.56301e-06
155.0,-1.871347917e-06,-0.1141687846,4.98965e-05,5.50322e-06
155.0,6.232918587e-07,-0.1131528096,4.98981e-05,5.58388e-06
155.0,6.904503696e-07,-0.112932956,4.99003e-05,5.65897e-06
155.0,5.331499798e-07,-0.1140561854,4.98971e-05,5.68821e-06
155.0,-1.271563471e-06,-0.1134378622,4.98945e-05,5.8652e-06
155.0,-1.480158143e-06,-0.1128524559,4.99004e-05,5.7662e-06
Freq,155,Rs,-0.11351903584375,0.0009494319031302365,Ls,-6.431825408749999e-08,1.4136320149709138e-06
":SOUR:DCS:STAT OFF;:BIAS:STAT OFF;:COMP:BIN:COUN:CLE;:LIST:CLE:ALL;:COMP:BIN:CLE;:AMPL:ALC OFF;:APER MED,4;:BIAS:POL:AUTO OFF;:BIAS:RANG:AUTO ON;:BIAS:VOLT:LEV 0;:COMP:ABIN OFF;:COMP:BIN:COUN:STAT OFF;:COMP:MODE PTOL;:COMP:SLIM -9.9e+037,9.9e+037;:COMP:STAT OFF;:COMP:SWAP OFF;:COMP:TOL:NOM 0;:CURR:LEV 5e-005;:DISP:ENAB ON;:DISP:LINE """";:DISP:WIND:TEXT1:DATA:FMSD:DATA 1e-009;:DISP:WIND:TEXT2:DATA:FMSD:DATA 1e-009;:FORM:ASC:LONG ON;:FORM:BORD NORM;:FORM:DATA ASC,64;:FREQ:CW 155;:FUNC:DEV1:MODE OFF;:FUNC:DEV1:REF:VAL 0;:FUNC:DEV2:MODE OFF;:FUNC:DEV2:REF:VAL 0;:FUNC:IMP:TYPE LSRS;:FUNC:SMON:IDC:STAT OFF;:FUNC:SMON:VDC:STAT OFF;:INIT:CONT OFF;:LIST:MODE SEQ;:LIST:STIM:TYPE FREQ,NONE;:SOUR:DCS:VOLT:LEV 0;:TRIG:DEL 0;:TRIG:SOUR INT;:TRIG:TDEL 0;:DISP:WIND:TEXT1:DATA:FMSD:STAT OFF;:DISP:WIND:TEXT2:DATA:FMSD:STAT OFF;:FUNC:DCR:RANG:VAL 100;:FUNC:IMP:RANG:VAL 1;:OUTP:DC:ISOL:LEV:VAL 0.02;:OUTP:DC:ISOL:STAT OFF;:FUNC:DCR:RANG:AUTO ON;:FUNC:IMP:RANG:AUTO ON;:OUTP:DC:ISOL:LEV:AUTO ON;:DISP:PAGE MEASurement;
"
160.0,1.248849571e-06,-0.1148980113,4.99366e-05,5.69217e-06
160.0,-6.987868805e-07,-0.1152027824,4.99394e-05,5.86831e-06
160.0,-1.157638815e-07,-0.1154227042,4.99421e-05,5.70015e-06
160.0,1.018379774e-06,-0.1169391698,4.99377e-05,5.82904e-06
160.0,-4.141479549e-07,-0.1172272095,4.994e-05,5.7401e-06
160.0,9.118948617e-07,-0.1170624493,4.99414e-05,5.72409e-06
160.0,-1.823716067e-06,-0.11681499,4.99404e-05,5.82331e-06
160.0,-4.436877909e-07,-0.1142750688,4.99401e-05,5.84749e-06
160.0,1.016741309e-06,-0.1158929382,4.99414e-05,5.69051e-06
160.0,-2.707455914e-07,-0.1148257288,4.99371e-05,5.66221e-06
160.0,3.1779534e-07,-0.1143871445,4.99407e-05,5.6188e-06
160.0,-4.419588343e-07,-0.1134548019,4.99369e-05,5.62316e-06
160.0,-1.287216296e-06,-0.1154320059,4.99409e-05,5.6855e-06
160.0,3.901175673e-07,-0.1126747357,4.99418e-05,5.66982e-06
160.0,-8.535862737e-07,-0.1150408401,4.99365e-05,5.79633e-06
160.0,7.173819045e-07,-0.1136392245,4.99409e-05,5.78583e-06
Freq,160,Rs,-0.11519936280625001,0.0013521914228662895,Ls,-4.552807766875003e-08,8.961727290635166e-07
":SOUR:DCS:STAT OFF;:BIAS:STAT OFF;:COMP:BIN:COUN:CLE;:LIST:CLE:ALL;:COMP:BIN:CLE;:AMPL:ALC OFF;:APER MED,4;:BIAS:POL:AUTO OFF;:BIAS:RANG:AUTO ON;:BIAS:VOLT:LEV 0;:COMP:ABIN OFF;:COMP:BIN:COUN:STAT OFF;:COMP:MODE PTOL;:COMP:SLIM -9.9e+037,9.9e+037;:COMP:STAT OFF;:COMP:SWAP OFF;:COMP:TOL:NOM 0;:CURR:LEV 5e-005;:DISP:ENAB ON;:DISP:LINE """";:DISP:WIND:TEXT1:DATA:FMSD:DATA 1e-009;:DISP:WIND:TEXT2:DATA:FMSD:DATA 1e-009;:FORM:ASC:LONG ON;:FORM:BORD NORM;:FORM:DATA ASC,64;:FREQ:CW 160;:FUNC:DEV1:MODE OFF;:FUNC:DEV1:REF:VAL 0;:FUNC:DEV2:MODE OFF;:FUNC:DEV2:REF:VAL 0;:FUNC:IMP:TYPE LSRS;:FUNC:SMON:IDC:STAT OFF;:FUNC:SMON:VDC:STAT OFF;:INIT:CONT OFF;:LIST:MODE SEQ;:LIST:STIM:TYPE FREQ,NONE;:SOUR:DCS:VOLT:LEV 0;:TRIG:DEL 0;:TRIG:SOUR INT;:TRIG:TDEL 0;:DISP:WIND:TEXT1:DATA:FMSD:STAT OFF;:DISP:WIND:TEXT2:DATA:FMSD:STAT OFF;:FUNC:DCR:RANG:VAL 100;:FUNC:IMP:RANG:VAL 1;:OUTP:DC:ISOL:LEV:VAL 0.02;:OUTP:DC:ISOL:STAT OFF;:FUNC:DCR:RANG:AUTO ON;:FUNC:IMP:RANG:AUTO ON;:OUTP:DC:ISOL:LEV:AUTO ON;:DISP:PAGE MEASurement;
"
165.0,-5.991937808e-07,-0.118594517,4.99702e-05,5.79162e-06
165.0,-1.386934091e-07,-0.115634007,4.99706e-05,5.76769e-06
165.0,1.070902837e-06,-0.1164671341,4.99678e-05,5.79942e-06
165.0,-2.398307158e-06,-0.1157672438,4.99717e-05,5.76448e-06
165.0,-6.248063931e-07,-0.1150430355,4.99727e-05,5.84149e-06
165.0,-1.012336767e-06,-0.1175514299,4.99691e-05,5.86279e-06
165.0,-1.145784198e-07,-0.1163773025,4.99708e-05,5.90888e-06
165.0,-2.171020537e-07,-0.1160350129,4.99705e-05,5.91147e-06
165.0,4.118227877e-07,-0.1174768071,4.99684e-05,5.99356e-06
165.0,1.442778072e-06,-0.1181740408,4.99698e-05,5.91485e-06
165.0,8.900731092e-07,-0.1196665379,4.99717e-05,5.9241e-06
165.0,1.691961617e-06,-0.1213789488,4.99686e-05,5.96929e-06
165.0,-2.406178485e-07,-0.118675181,4.99668e-05,6.0251e-06
165.0,-9.424014852e-07,-0.1197770862,4.99692e-05,6.05594e-06
165.0,-3.339121147e-08,-0.1217390948,4.99656e-05,6.11504e-06
165.0,-7.657750347e-07,-0.1221100282,4.99691e-05,6.13411e-06
Freq,165,Rs,-0.11815421296874999,0.002270545484198628,Ls,-9.872907115437501e-08,1.0339634188772653e-06
":SOUR:DCS:STAT OFF;:BIAS:STAT OFF;:COMP:BIN:COUN:CLE;:LIST:CLE:ALL;:COMP:BIN:CLE;:AMPL:ALC OFF;:APER MED,4;:BIAS:POL:AUTO OFF;:BIAS:RANG:AUTO ON;:BIAS:VOLT:LEV 0;:COMP:ABIN OFF;:COMP:BIN:COUN:STAT OFF;:COMP:MODE PTOL;:COMP:SLIM -9.9e+037,9.9e+037;:COMP:STAT OFF;:COMP:SWAP OFF;:COMP:TOL:NOM 0;:CURR:LEV 5e-005;:DISP:ENAB ON;:DISP:LINE """";:DISP:WIND:TEXT1:DATA:FMSD:DATA 1e-009;:DISP:WIND:TEXT2:DATA:FMSD:DATA 1e-009;:FORM:ASC:LONG ON;:FORM:BORD NORM;:FORM:DATA ASC,64;:FREQ:CW 165;:FUNC:DEV1:MODE OFF;:FUNC:DEV1:REF:VAL 0;:FUNC:DEV2:MODE OFF;:FUNC:DEV2:REF:VAL 0;:FUNC:IMP:TYPE LSRS;:FUNC:SMON:IDC:STAT OFF;:FUNC:SMON:VDC:STAT OFF;:INIT:CONT OFF;:LIST:MODE SEQ;:LIST:STIM:TYPE FREQ,NONE;:SOUR:DCS:VOLT:LEV 0;:TRIG:DEL 0;:TRIG:SOUR INT;:TRIG:TDEL 0;:DISP:WIND:TEXT1:DATA:FMSD:STAT OFF;:DISP:WIND:TEXT2:DATA:FMSD:STAT OFF;:FUNC:DCR:RANG:VAL 100;:FUNC:IMP:RANG:VAL 1;:OUTP:DC:ISOL:LEV:VAL 0.02;:OUTP:DC:ISOL:STAT OFF;:FUNC:DCR:RANG:AUTO ON;:FUNC:IMP:RANG:AUTO ON;:OUTP:DC:ISOL:LEV:AUTO ON;:DISP:PAGE MEASurement;
"
170.0,-1.632956646e-06,-0.1249311009,4.9993e-05,6.2843e-06
170.0,1.579732671e-06,-0.1255529734,4.99858e-05,6.22648e-06
170.0,-2.084925172e-06,-0.126128032,4.99873e-05,6.29487e-06
170.0,-1.095806892e-06,-0.1258585297,4.99841e-05,6.33791e-06
170.0,-3.014296299e-06,-0.128258333,4.99883e-05,6.5678e-06
170.0,2.048847472e-06,-0.1274064039,4.99838e-05,6.51935e-06
170.0,1.995290529e-06,-0.1288654289,4.99884e-05,6.48561e-06
170.0,-1.200852364e-06,-0.1323024699,4.99893e-05,6.45612e-06
170.0,1.328605795e-07,-0.1318688862,4.99834e-05,6.62976e-06
170.0,-1.202609806e-06,-0.1328129935,4.99878e-05,6.72021e-06
170.0,-6.446591803e-07,-0.1291630482,4.9987e-05,6.52889e-06
170.0,9.109417381e-07,-0.1314166443,4.99871e-05,6.69867e-06
170.0,-5.900606694e-07,-0.1332497513,4.99864e-05,6.61046e-06
170.0,-1.842661128e-06,-0.1366925364,4.99895e-05,6.66556e-06
170.0,-2.301080209e-06,-0.1358658951,4.99856e-05,6.72274e-06
170.0,2.586671635e-07,-0.1367501142,4.9986e-05,6.96925e-06
Freq,170,Rs,-0.13044519630625,0.0040018995109886045,Ls,-5.427230132875e-07,1.5603161647863044e-06
":SOUR:DCS:STAT OFF;:BIAS:STAT OFF;:COMP:BIN:COUN:CLE;:LIST:CLE:ALL;:COMP:BIN:CLE;:AMPL:ALC OFF;:APER MED,4;:BIAS:POL:AUTO OFF;:BIAS:RANG:AUTO ON;:BIAS:VOLT:LEV 0;:COMP:ABIN OFF;:COMP:BIN:COUN:STAT OFF;:COMP:MODE PTOL;:COMP:SLIM -9.9e+037,9.9e+037;:COMP:STAT OFF;:COMP:SWAP OFF;:COMP:TOL:NOM 0;:CURR:LEV 5e-005;:DISP:ENAB ON;:DISP:LINE """";:DISP:WIND:TEXT1:DATA:FMSD:DATA 1e-009;:DISP:WIND:TEXT2:DATA:FMSD:DATA 1e-009;:FORM:ASC:LONG ON;:FORM:BORD NORM;:FORM:DATA ASC,64;:FREQ:CW 170;:FUNC:DEV1:MODE OFF;:FUNC:DEV1:REF:VAL 0;:FUNC:DEV2:MODE OFF;:FUNC:DEV2:REF:VAL 0;:FUNC:IMP:TYPE LSRS;:FUNC:SMON:IDC:STAT OFF;:FUNC:SMON:VDC:STAT OFF;:INIT:CONT OFF;:LIST:MODE SEQ;:LIST:STIM:TYPE FREQ,NONE;:SOUR:DCS:VOLT:LEV 0;:TRIG:DEL 0;:TRIG:SOUR INT;:TRIG:TDEL 0;:DISP:WIND:TEXT1:DATA:FMSD:STAT OFF;:DISP:WIND:TEXT2:DATA:FMSD:STAT OFF;:FUNC:DCR:RANG:VAL 100;:FUNC:IMP:RANG:VAL 1;:OUTP:DC:ISOL:LEV:VAL 0.02;:OUTP:DC:ISOL:STAT OFF;:FUNC:DCR:RANG:AUTO ON;:FUNC:IMP:RANG:AUTO ON;:OUTP:DC:ISOL:LEV:AUTO ON;:DISP:PAGE MEASurement;
"
172.0,9.555695382e-07,-0.1422825052,4.99929e-05,7.10561e-06
172.0,-1.06476711e-06,-0.1425371573,4.9988e-05,7.13025e-06
172.0,-7.776978829e-07,-0.1418044237,4.99924e-05,7.19159e-06
172.0,6.533638137e-07,-0.1425577503,4.99937e-05,7.11059e-06
172.0,1.2628181e-06,-0.1402418865,4.99911e-05,7.11141e-06
172.0,4.727552513e-07,-0.140697781,4.99891e-05,7.17715e-06
172.0,-1.772057377e-07,-0.1418849331,4.99914e-05,7.07263e-06
172.0,-1.3276889e-06,-0.1419102653,4.99915e-05,7.07652e-06
172.0,1.643516891e-06,-0.1426867887,4.99864e-05,7.11756e-06
172.0,-8.682510964e-07,-0.1420347793,4.99899e-05,7.10925e-06
172.0,-8.06898362e-07,-0.1422860337,4.9992e-05,7.11723e-06
172.0,-2.616416285e-07,-0.1419113923,4.99931e-05,7.08317e-06
172.0,-2.153017929e-06,-0.1380879264,4.99945e-05,6.96578e-06
172.0,-6.651579035e-07,-0.1380255214,4.99905e-05,6.99981e-06
172.0,-1.130724906e-06,-0.1392047548,4.99909e-05,7.0154e-06
172.0,3.710526458e-07,-0.1410211763,4.99919e-05,6.95077e-06
Freq,172,Rs,-0.14119844220625,0.001542306516878191,Ls,-2.42123451e-07,1.04631467849577e-06
":SOUR:DCS:STAT OFF;:BIAS:STAT OFF;:COMP:BIN:COUN:CLE;:LIST:CLE:ALL;:COMP:BIN:CLE;:AMPL:ALC OFF;:APER MED,4;:BIAS:POL:AUTO OFF;:BIAS:RANG:AUTO ON;:BIAS:VOLT:LEV 0;:COMP:ABIN OFF;:COMP:BIN:COUN:STAT OFF;:COMP:MODE PTOL;:COMP:SLIM -9.9e+037,9.9e+037;:COMP:STAT OFF;:COMP:SWAP OFF;:COMP:TOL:NOM 0;:CURR:LEV 5e-005;:DISP:ENAB ON;:DISP:LINE """";:DISP:WIND:TEXT1:DATA:FMSD:DATA 1e-009;:DISP:WIND:TEXT2:DATA:FMSD:DATA 1e-009;:FORM:ASC:LONG ON;:FORM:BORD NORM;:FORM:DATA ASC,64;:FREQ:CW 172;:FUNC:DEV1:MODE OFF;:FUNC:DEV1:REF:VAL 0;:FUNC:DEV2:MODE OFF;:FUNC:DEV2:REF:VAL 0;:FUNC:IMP:TYPE LSRS;:FUNC:SMON:IDC:STAT OFF;:FUNC:SMON:VDC:STAT OFF;:INIT:CONT OFF;:LIST:MODE SEQ;:LIST:STIM:TYPE FREQ,NONE;:SOUR:DCS:VOLT:LEV 0;:TRIG:DEL 0;:TRIG:SOUR INT;:TRIG:TDEL 0;:DISP:WIND:TEXT1:DATA:FMSD:STAT OFF;:DISP:WIND:TEXT2:DATA:FMSD:STAT OFF;:FUNC:DCR:RANG:VAL 100;:FUNC:IMP:RANG:VAL 1;:OUTP:DC:ISOL:LEV:VAL 0.02;:OUTP:DC:ISOL:STAT OFF;:FUNC:DCR:RANG:AUTO ON;:FUNC:IMP:RANG:AUTO ON;:OUTP:DC:ISOL:LEV:AUTO ON;:DISP:PAGE MEASurement;
"
175.0,-7.725078415e-08,-0.1371783847,4.99973e-05,7.02847e-06
175.0,8.900041249e-07,-0.1382044375,4.99993e-05,6.84831e-06
175.0,2.380011547e-07,-0.1387551349,4.99971e-05,6.85738e-06
175.0,-5.229796167e-07,-0.1356299143,4.99961e-05,6.84397e-06
175.0,2.840668292e-06,-0.1390330309,4.99943e-05,6.95436e-06
175.0,-1.475112806e-06,-0.1389654935,4.99993e-05,7.01343e-06
175.0,-1.092283563e-06,-0.1391100887,5.00005e-05,7.00053e-06
175.0,-7.547783794e-07,-0.1415500171,4.99931e-05,7.08894e-06
175.0,-5.009398496e-07,-0.1381690666,4.99954e-05,6.99909e-06
175.0,7.902051779e-07,-0.1402602972,4.99965e-05,7.01079e-06
175.0,-4.156379843e-07,-0.1411691436,4.99975e-05,6.97738e-06
175.0,4.436771896e-08,-0.1416154891,4.99963e-05,7.09666e-06
175.0,-1.134983039e-06,-0.1415606663,4.99946e-05,7.11511e-06
175.0,-1.530509682e-06,-0.1437650969,4.99967e-05,7.13787e-06
175.0,-6.68361248e-07,-0.1427061742,4.9993e-05,7.20725e-06
175.0,1.656527392e-06,-0.1439627216,4.99962e-05,7.09295e-06
Freq,175,Rs,-0.14010219731875,0.002365029441934369,Ls,-1.07066443230625e-07,1.1782605295046577e-06
":SOUR:DCS:STAT OFF;:BIAS:STAT OFF;:COMP:BIN:COUN:CLE;:LIST:CLE:ALL;:COMP:BIN:CLE;:AMPL:ALC OFF;:APER MED,4;:BIAS:POL:AUTO OFF;:BIAS:RANG:AUTO ON;:BIAS:VOLT:LEV 0;:COMP:ABIN OFF;:COMP:BIN:COUN:STAT OFF;:COMP:MODE PTOL;:COMP:SLIM -9.9e+037,9.9e+037;:COMP:STAT OFF;:COMP:SWAP OFF;:COMP:TOL:NOM 0;:CURR:LEV 5e-005;:DISP:ENAB ON;:DISP:LINE """";:DISP:WIND:TEXT1:DATA:FMSD:DATA 1e-009;:DISP:WIND:TEXT2:DATA:FMSD:DATA 1e-009;:FORM:ASC:LONG ON;:FORM:BORD NORM;:FORM:DATA ASC,64;:FREQ:CW 175;:FUNC:DEV1:MODE OFF;:FUNC:DEV1:REF:VAL 0;:FUNC:DEV2:MODE OFF;:FUNC:DEV2:REF:VAL 0;:FUNC:IMP:TYPE LSRS;:FUNC:SMON:IDC:STAT OFF;:FUNC:SMON:VDC:STAT OFF;:INIT:CONT OFF;:LIST:MODE SEQ;:LIST:STIM:TYPE FREQ,NONE;:SOUR:DCS:VOLT:LEV 0;:TRIG:DEL 0;:TRIG:SOUR INT;:TRIG:TDEL 0;:DISP:WIND:TEXT1:DATA:FMSD:STAT OFF;:DISP:WIND:TEXT2:DATA:FMSD:STAT OFF;:FUNC:DCR:RANG:VAL 100;:FUNC:IMP:RANG:VAL 1;:OUTP:DC:ISOL:LEV:VAL 0.02;:OUTP:DC:ISOL:STAT OFF;:FUNC:DCR:RANG:AUTO ON;:FUNC:IMP:RANG:AUTO ON;:OUTP:DC:ISOL:LEV:AUTO ON;:DISP:PAGE MEASurement;
"
180.0,-1.825645711e-06,-0.1372112856,4.99945e-05,6.9418e-06
180.0,2.323827034e-07,-0.1371951355,5.00006e-05,6.94247e-06
180.0,-1.437857801e-07,-0.1378503184,4.99969e-05,6.87506e-06
180.0,3.982507656e-07,-0.1378658268,4.99987e-05,6.86073e-06
180.0,3.626536057e-07,-0.1369839184,4.99968e-05,6.86308e-06
180.0,-1.162339542e-06,-0.1383084271,4.99976e-05,6.84675e-06
180.0,3.663851115e-08,-0.1357936103,4.99944e-05,6.83505e-06
180.0,1.453817712e-08,-0.1375361189,4.99972e-05,6.82318e-06
180.0,-1.034419722e-06,-0.1346639792,4.99993e-05,6.77789e-06
180.0,4.985196898e-07,-0.1360146509,4.99954e-05,6.90413e-06
180.0,-6.781857977e-07,-0.13557739,4.99929e-05,6.81433e-06
180.0,7.738130237e-07,-0.137292914,4.99981e-05,6.78555e-06
180.0,5.960894896e-07,-0.1367860189,4.99906e-05,6.90138e-06
180.0,-8.158983395e-07,-0.1369058187,4.99942e-05,6.89012e-06
180.0,-3.766219333e-07,-0.137303642,4.99958e-05,6.87136e-06
180.0,-1.248581847e-07,-0.1374898369,4.9997e-05,6.95442e-06
Freq,180,Rs,-0.136923680725,0.0009606103267537156,Ls,-2.0305431526437501e-07,7.27845439431562e-07
":SOUR:DCS:STAT OFF;:BIAS:STAT OFF;:COMP:BIN:COUN:CLE;:LIST:CLE:ALL;:COMP:BIN:CLE;:AMPL:ALC OFF;:APER MED,4;:BIAS:POL:AUTO OFF;:BIAS:RANG:AUTO ON;:BIAS:VOLT:LEV 0;:COMP:ABIN OFF;:COMP:BIN:COUN:STAT OFF;:COMP:MODE PTOL;:COMP:SLIM -9.9e+037,9.9e+037;:COMP:STAT OFF;:COMP:SWAP OFF;:COMP:TOL:NOM 0;:CURR:LEV 5e-005;:DISP:ENAB ON;:DISP:LINE """";:DISP:WIND:TEXT1:DATA:FMSD:DATA 1e-009;:DISP:WIND:TEXT2:DATA:FMSD:DATA 1e-009;:FORM:ASC:LONG ON;:FORM:BORD NORM;:FORM:DATA ASC,64;:FREQ:CW 180;:FUNC:DEV1:MODE OFF;:FUNC:DEV1:REF:VAL 0;:FUNC:DEV2:MODE OFF;:FUNC:DEV2:REF:VAL 0;:FUNC:IMP:TYPE LSRS;:FUNC:SMON:IDC:STAT OFF;:FUNC:SMON:VDC:STAT OFF;:INIT:CONT OFF;:LIST:MODE SEQ;:LIST:STIM:TYPE FREQ,NONE;:SOUR:DCS:VOLT:LEV 0;:TRIG:DEL 0;:TRIG:SOUR INT;:TRIG:TDEL 0;:DISP:WIND:TEXT1:DATA:FMSD:STAT OFF;:DISP:WIND:TEXT2:DATA:FMSD:STAT OFF;:FUNC:DCR:RANG:VAL 100;:FUNC:IMP:RANG:VAL 1;:OUTP:DC:ISOL:LEV:VAL 0.02;:OUTP:DC:ISOL:STAT OFF;:FUNC:DCR:RANG:AUTO ON;:FUNC:IMP:RANG:AUTO ON;:OUTP:DC:ISOL:LEV:AUTO ON;:DISP:PAGE MEASurement;
"
185.0,1.19203293e-07,-0.1408251506,4.99847e-05,7.11487e-06
185.0,-5.489139041e-07,-0.1420632264,4.99927e-05,7.06857e-06
185.0,3.59996985e-07,-0.141479618,4.99849e-05,7.18696e-06
185.0,1.730963317e-06,-0.1432600704,4.99859e-05,7.13156e-06
185.0,6.898207157e-07,-0.1451621212,4.99882e-05,7.05431e-06
185.0,7.371358812e-07,-0.1416425598,4.99887e-05,7.06834e-06
185.0,-8.151966994e-07,-0.1406111279,4.99874e-05,6.97174e-06
185.0,-1.975587921e-07,-0.1408634054,4.99908e-05,7.08036e-06
185.0,-2.013918419e-07,-0.1411160056,4.99892e-05,7.06725e-06
185.0,-1.419356178e-06,-0.1419653702,4.99856e-05,7.06526e-06
185.0,-1.55554918e-06,-0.1432596221,4.99854e-05,7.14571e-06
185.0,7.362879363e-07,-0.1421287201,4.99874e-05,7.25098e-06
185.0,2.19831514e-07,-0.1434009565,4.99893e-05,7.06671e-06
185.0,1.182905643e-06,-0.142559969,4.99862e-05,7.05607e-06
185.0,1.207428489e-06,-0.1410387775,4.99862e-05,7.10064e-06
185.0,-1.729020961e-06,-0.142244271,4.99864e-05,7.12012e-06
Freq,185,Rs,-0.14210131073124999,0.0012130383920541646,Ls,3.228663860625003e-08,1.0347121489522404e-06
":SOUR:DCS:STAT OFF;:BIAS:STAT OFF;:COMP:BIN:COUN:CLE;:LIST:CLE:ALL;:COMP:BIN:CLE;:AMPL:ALC OFF;:APER MED,4;:BIAS:POL:AUTO OFF;:BIAS:RANG:AUTO ON;:BIAS:VOLT:LEV 0;:COMP:ABIN OFF;:COMP:BIN:COUN:STAT OFF;:COMP:MODE PTOL;:COMP:SLIM -9.9e+037,9.9e+037;:COMP:STAT OFF;:COMP:SWAP OFF;:COMP:TOL:NOM 0;:CURR:LEV 5e-005;:DISP:ENAB ON;:DISP:LINE """";:DISP:WIND:TEXT1:DATA:FMSD:DATA 1e-009;:DISP:WIND:TEXT2:DATA:FMSD:DATA 1e-009;:FORM:ASC:LONG ON;:FORM:BORD NORM;:FORM:DATA ASC,64;:FREQ:CW 185;:FUNC:DEV1:MODE OFF;:FUNC:DEV1:REF:VAL 0;:FUNC:DEV2:MODE OFF;:FUNC:DEV2:REF:VAL 0;:FUNC:IMP:TYPE LSRS;:FUNC:SMON:IDC:STAT OFF;:FUNC:SMON:VDC:STAT OFF;:INIT:CONT OFF;:LIST:MODE SEQ;:LIST:STIM:TYPE FREQ,NONE;:SOUR:DCS:VOLT:LEV 0;:TRIG:DEL 0;:TRIG:SOUR INT;:TRIG:TDEL 0;:DISP:WIND:TEXT1:DATA:FMSD:STAT OFF;:DISP:WIND:TEXT2:DATA:FMSD:STAT OFF;:FUNC:DCR:RANG:VAL 100;:FUNC:IMP:RANG:VAL 1;:OUTP:DC:ISOL:LEV:VAL 0.02;:OUTP:DC:ISOL:STAT OFF;:FUNC:DCR:RANG:AUTO ON;:FUNC:IMP:RANG:AUTO ON;:OUTP:DC:ISOL:LEV:AUTO ON;:DISP:PAGE MEASurement;
"
200.0,2.223522023e-07,-0.1440110055,4.99338e-05,7.15704e-06
200.0,1.234615616e-06,-0.1479798511,4.99268e-05,7.2888e-06
200.0,-1.332183074e-07,-0.1440307331,4.992e-05,7.3397e-06
200.0,6.13705677e-07,-0.1444497425,4.99317e-05,7.24866e-06
200.0,-4.644473438e-07,-0.1462849773,4.99226e-05,7.16191e-06
200.0,-1.032578073e-06,-0.1429205283,4.9927e-05,7.36298e-06
200.0,-2.376795755e-07,-0.1456407821,4.99294e-05,7.22428e-06
200.0,-4.564360236e-07,-0.1458084347,4.9922e-05,7.20202e-06
200.0,-4.641079733e-07,-0.1430803831,4.99301e-05,7.13867e-06
200.0,-2.264016684e-06,-0.1423103981,4.99237e-05,7.18659e-06
200.0,2.24345781e-06,-0.1412178767,4.99266e-05,7.19028e-06
200.0,-1.190462149e-06,-0.1418420221,4.99291e-05,7.14919e-06
200.0,-5.451454055e-07,-0.1455930813,4.99284e-05,7.24843e-06
200.0,5.944596332e-07,-0.1453508546,4.99276e-05,7.15981e-06
200.0,-1.44274647e-06,-0.1418083321,4.99297e-05,7.13537e-06
200.0,-2.754704388e-07,-0.14302784,4.99213e-05,7.01745e-06
Freq,200,Rs,-0.1440848026625,0.0019058718945251366,Ls,-2.2485734408750003e-07,1.0740985978178375e-06
":SOUR:DCS:STAT OFF;:BIAS:STAT OFF;:COMP:BIN:COUN:CLE;:LIST:CLE:ALL;:COMP:BIN:CLE;:AMPL:ALC OFF;:APER MED,4;:BIAS:POL:AUTO OFF;:BIAS:RANG:AUTO ON;:BIAS:VOLT:LEV 0;:COMP:ABIN OFF;:COMP:BIN:COUN:STAT OFF;:COMP:MODE PTOL;:COMP:SLIM -9.9e+037,9.9e+037;:COMP:STAT OFF;:COMP:SWAP OFF;:COMP:TOL:NOM 0;:CURR:LEV 5e-005;:DISP:ENAB ON;:DISP:LINE """";:DISP:WIND:TEXT1:DATA:FMSD:DATA 1e-009;:DISP:WIND:TEXT2:DATA:FMSD:DATA 1e-009;:FORM:ASC:LONG ON;:FORM:BORD NORM;:FORM:DATA ASC,64;:FREQ:CW 200;:FUNC:DEV1:MODE OFF;:FUNC:DEV1:REF:VAL 0;:FUNC:DEV2:MODE OFF;:FUNC:DEV2:REF:VAL 0;:FUNC:IMP:TYPE LSRS;:FUNC:SMON:IDC:STAT OFF;:FUNC:SMON:VDC:STAT OFF;:INIT:CONT OFF;:LIST:MODE SEQ;:LIST:STIM:TYPE FREQ,NONE;:SOUR:DCS:VOLT:LEV 0;:TRIG:DEL 0;:TRIG:SOUR INT;:TRIG:TDEL 0;:DISP:WIND:TEXT1:DATA:FMSD:STAT OFF;:DISP:WIND:TEXT2:DATA:FMSD:STAT OFF;:FUNC:DCR:RANG:VAL 100;:FUNC:IMP:RANG:VAL 1;:OUTP:DC:ISOL:LEV:VAL 0.02;:OUTP:DC:ISOL:STAT OFF;:FUNC:DCR:RANG:AUTO ON;:FUNC:IMP:RANG:AUTO ON;:OUTP:DC:ISOL:LEV:AUTO ON;:DISP:PAGE MEASurement;
"
220.0,-6.745322108e-07,-0.1414435069,4.99299e-05,7.01409e-06
220.0,-5.209290482e-07,-0.1404135866,4.99328e-05,6.95748e-06
220.0,-6.187684783e-08,-0.1398216203,4.99333e-05,6.99218e-06
220.0,-7.081179703e-07,-0.1389135914,4.99357e-05,6.94565e-06
220.0,4.395676446e-07,-0.1408788942,4.99293e-05,7.00332e-06
220.0,3.872671986e-07,-0.139111309,4.99332e-05,6.9904e-06
220.0,-1.435555627e-07,-0.1387331307,4.99328e-05,7.00965e-06
220.0,-3.30222736e-07,-0.1385265552,4.99299e-05,6.99427e-06
220.0,6.791160891e-07,-0.139907431,4.99339e-05,6.97235e-06
220.0,4.67357961e-07,-0.1412057615,4.99305e-05,7.05278e-06
220.0,-5.396776947e-07,-0.1392795916,4.99278e-05,6.99178e-06
220.0,-2.069192101e-06,-0.1421134258,4.99295e-05,6.97824e-06
220.0,4.691721741e-07,-0.1415586393,4.99312e-05,7.00323e-06
220.0,-4.941353233e-09,-0.139340528,4.9926e-05,7.05096e-06
220.0,-1.665374175e-06,-0.1391692569,4.99294e-05,7.00121e-06
220.0,2.094295146e-07,-0.1370145253,4.99299e-05,6.99623e-06
Freq,220,Rs,-0.13983945960625,0.0013492753954064008,Ls,-2.5415681986018747e-07,7.729100555352073e-07
":SOUR:DCS:STAT OFF;:BIAS:STAT OFF;:COMP:BIN:COUN:CLE;:LIST:CLE:ALL;:COMP:BIN:CLE;:AMPL:ALC OFF;:APER MED,4;:BIAS:POL:AUTO OFF;:BIAS:RANG:AUTO ON;:BIAS:VOLT:LEV 0;:COMP:ABIN OFF;:COMP:BIN:COUN:STAT OFF;:COMP:MODE PTOL;:COMP:SLIM -9.9e+037,9.9e+037;:COMP:STAT OFF;:COMP:SWAP OFF;:COMP:TOL:NOM 0;:CURR:LEV 5e-005;:DISP:ENAB ON;:DISP:LINE """";:DISP:WIND:TEXT1:DATA:FMSD:DATA 1e-009;:DISP:WIND:TEXT2:DATA:FMSD:DATA 1e-009;:FORM:ASC:LONG ON;:FORM:BORD NORM;:FORM:DATA ASC,64;:FREQ:CW 220;:FUNC:DEV1:MODE OFF;:FUNC:DEV1:REF:VAL 0;:FUNC:DEV2:MODE OFF;:FUNC:DEV2:REF:VAL 0;:FUNC:IMP:TYPE LSRS;:FUNC:SMON:IDC:STAT OFF;:FUNC:SMON:VDC:STAT OFF;:INIT:CONT OFF;:LIST:MODE SEQ;:LIST:STIM:TYPE FREQ,NONE;:SOUR:DCS:VOLT:LEV 0;:TRIG:DEL 0;:TRIG:SOUR INT;:TRIG:TDEL 0;:DISP:WIND:TEXT1:DATA:FMSD:STAT OFF;:DISP:WIND:TEXT2:DATA:FMSD:STAT OFF;:FUNC:DCR:RANG:VAL 100;:FUNC:IMP:RANG:VAL 1;:OUTP:DC:ISOL:LEV:VAL 0.02;:OUTP:DC:ISOL:STAT OFF;:FUNC:DCR:RANG:AUTO ON;:FUNC:IMP:RANG:AUTO ON;:OUTP:DC:ISOL:LEV:AUTO ON;:DISP:PAGE MEASurement;
"
240.0,8.312889119e-07,-0.1402861357,4.98774e-05,7.06729e-06
240.0,-2.081162703e-07,-0.1408199396,4.98778e-05,7.0404e-06
240.0,2.025057253e-07,-0.1407831814,4.98773e-05,6.96399e-06
240.0,1.129373337e-06,-0.1407764211,4.98773e-05,7.08438e-06
240.0,8.239107282e-07,-0.1417283512,4.98737e-05,7.07525e-06
240.0,-1.244300221e-06,-0.143109447,4.98749e-05,7.13803e-06
240.0,-4.90806736e-07,-0.1441283339,4.98768e-05,7.22679e-06
240.0,-1.026509644e-06,-0.1445535068,4.98775e-05,7.20804e-06
240.0,2.086734172e-07,-0.1425239485,4.98743e-05,7.18258e-06
240.0,1.055732912e-06,-0.1441105299,4.98761e-05,7.20687e-06
240.0,2.472781364e-07,-0.1426213978,4.98755e-05,7.09995e-06
240.0,5.581873988e-08,-0.1416522559,4.98795e-05,7.10394e-06
240.0,2.057606354e-07,-0.1425684974,4.98757e-05,7.04369e-06
240.0,-5.222155407e-07,-0.1408263299,4.98742e-05,7.01117e-06
240.0,-1.724032054e-07,-0.1396408233,4.98759e-05,6.91327e-06
240.0,9.843349813e-07,-0.1391039228,4.98762e-05,6.88593e-06
Freq,240,Rs,-0.1418270638875,0.0016344950706170865,Ls,1.3002036919875002e-07,7.228716042112746e-07
":SOUR:DCS:STAT OFF;:BIAS:STAT OFF;:COMP:BIN:COUN:CLE;:LIST:CLE:ALL;:COMP:BIN:CLE;:AMPL:ALC OFF;:APER MED,4;:BIAS:POL:AUTO OFF;:BIAS:RANG:AUTO ON;:BIAS:VOLT:LEV 0;:COMP:ABIN OFF;:COMP:BIN:COUN:STAT OFF;:COMP:MODE PTOL;:COMP:SLIM -9.9e+037,9.9e+037;:COMP:STAT OFF;:COMP:SWAP OFF;:COMP:TOL:NOM 0;:CURR:LEV 5e-005;:DISP:ENAB ON;:DISP:LINE """";:DISP:WIND:TEXT1:DATA:FMSD:DATA 1e-009;:DISP:WIND:TEXT2:DATA:FMSD:DATA 1e-009;:FORM:ASC:LONG ON;:FORM:BORD NORM;:FORM:DATA ASC,64;:FREQ:CW 240;:FUNC:DEV1:MODE OFF;:FUNC:DEV1:REF:VAL 0;:FUNC:DEV2:MODE OFF;:FUNC:DEV2:REF:VAL 0;:FUNC:IMP:TYPE LSRS;:FUNC:SMON:IDC:STAT OFF;:FUNC:SMON:VDC:STAT OFF;:INIT:CONT OFF;:LIST:MODE SEQ;:LIST:STIM:TYPE FREQ,NONE;:SOUR:DCS:VOLT:LEV 0;:TRIG:DEL 0;:TRIG:SOUR INT;:TRIG:TDEL 0;:DISP:WIND:TEXT1:DATA:FMSD:STAT OFF;:DISP:WIND:TEXT2:DATA:FMSD:STAT OFF;:FUNC:DCR:RANG:VAL 100;:FUNC:IMP:RANG:VAL 1;:OUTP:DC:ISOL:LEV:VAL 0.02;:OUTP:DC:ISOL:STAT OFF;:FUNC:DCR:RANG:AUTO ON;:FUNC:IMP:RANG:AUTO ON;:OUTP:DC:ISOL:LEV:AUTO ON;:DISP:PAGE MEASurement;
"
400.0,-2.905779047e-09,-0.1396896589,4.99521e-05,6.90854e-06
400.0,6.35786238e-07,-0.1393121249,4.99493e-05,7.0246e-06
400.0,-1.292326872e-07,-0.1393904331,4.99465e-05,6.9526e-06
400.0,-5.931308752e-07,-0.1379636813,4.99486e-05,6.96804e-06
400.0,-7.6780955e-08,-0.1386260336,4.99471e-05,6.97351e-06
400.0,2.994624075e-07,-0.1379361339,4.99491e-05,6.92124e-06
400.0,4.217635556e-07,-0.1374157311,4.99506e-05,6.81295e-06
400.0,8.282821173e-08,-0.1377744368,4.9946e-05,6.88797e-06
400.0,-5.188181099e-09,-0.1354781113,4.99491e-05,6.89011e-06
400.0,2.980934072e-07,-0.1345975158,4.99507e-05,6.81026e-06
400.0,-1.757524164e-09,-0.136632088,4.99459e-05,6.96337e-06
400.0,-4.0272738e-07,-0.1384408765,4.99561e-05,6.93367e-06
400.0,-4.289777609e-07,-0.1374614574,4.99485e-05,6.96511e-06
400.0,-4.312100707e-07,-0.1377203888,4.99527e-05,6.81911e-06
400.0,2.912516584e-08,-0.1384780964,4.99486e-05,6.99681e-06
400.0,-1.183981168e-08,-0.1394064984,4.99526e-05,6.879e-06
Freq,400,Rs,-0.1378952041375,0.0014071525489112024,Ls,-1.9793252445e-08,3.3354851002373615e-07
":SOUR:DCS:STAT OFF;:BIAS:STAT OFF;:COMP:BIN:COUN:CLE;:LIST:CLE:ALL;:COMP:BIN:CLE;:AMPL:ALC OFF;:APER MED,4;:BIAS:POL:AUTO OFF;:BIAS:RANG:AUTO ON;:BIAS:VOLT:LEV 0;:COMP:ABIN OFF;:COMP:BIN:COUN:STAT OFF;:COMP:MODE PTOL;:COMP:SLIM -9.9e+037,9.9e+037;:COMP:STAT OFF;:COMP:SWAP OFF;:COMP:TOL:NOM 0;:CURR:LEV 5e-005;:DISP:ENAB ON;:DISP:LINE """";:DISP:WIND:TEXT1:DATA:FMSD:DATA 1e-009;:DISP:WIND:TEXT2:DATA:FMSD:DATA 1e-009;:FORM:ASC:LONG ON;:FORM:BORD NORM;:FORM:DATA ASC,64;:FREQ:CW 400;:FUNC:DEV1:MODE OFF;:FUNC:DEV1:REF:VAL 0;:FUNC:DEV2:MODE OFF;:FUNC:DEV2:REF:VAL 0;:FUNC:IMP:TYPE LSRS;:FUNC:SMON:IDC:STAT OFF;:FUNC:SMON:VDC:STAT OFF;:INIT:CONT OFF;:LIST:MODE SEQ;:LIST:STIM:TYPE FREQ,NONE;:SOUR:DCS:VOLT:LEV 0;:TRIG:DEL 0;:TRIG:SOUR INT;:TRIG:TDEL 0;:DISP:WIND:TEXT1:DATA:FMSD:STAT OFF;:DISP:WIND:TEXT2:DATA:FMSD:STAT OFF;:FUNC:DCR:RANG:VAL 100;:FUNC:IMP:RANG:VAL 1;:OUTP:DC:ISOL:LEV:VAL 0.02;:OUTP:DC:ISOL:STAT OFF;:FUNC:DCR:RANG:AUTO ON;:FUNC:IMP:RANG:AUTO ON;:OUTP:DC:ISOL:LEV:AUTO ON;:DISP:PAGE MEASurement;
"
800.0,1.792650659e-07,-0.1386241071,4.96981e-05,6.91748e-06
800.0,-2.386324414e-07,-0.138291695,4.96983e-05,6.95712e-06
800.0,3.535497304e-07,-0.1398716973,4.96992e-05,6.96906e-06
800.0,6.552394497e-09,-0.141043451,4.96958e-05,6.937e-06
800.0,1.417683432e-07,-0.1394629406,4.96959e-05,6.96906e-06
800.0,1.696118072e-08,-0.1393028666,4.96969e-05,6.94682e-06
800.0,2.209252535e-07,-0.1397774126,4.96992e-05,6.97764e-06
800.0,-8.28856404e-08,-0.1396761559,4.96975e-05,6.92601e-06
800.0,1.643686852e-07,-0.1395555427,4.96986e-05,7.00352e-06
800.0,-1.408555843e-08,-0.1403705541,4.97013e-05,6.9994e-06
800.0,6.58796561e-08,-0.1395367009,4.96973e-05,6.93406e-06
800.0,1.001461021e-07,-0.1406291477,4.96961e-05,7.00525e-06
800.0,3.326910446e-08,-0.1411193027,4.96963e-05,6.99542e-06
800.0,2.639527779e-07,-0.1403049603,4.96981e-05,7.02521e-06
800.0,1.075003902e-07,-0.1402618379,4.96978e-05,7.02473e-06
800.0,5.338500399e-08,-0.1413651776,4.96933e-05,6.99564e-06
Freq,800,Rs,-0.13994959687499997,0.0008574486552901268,Ls,8.574500299606249e-08,1.412608551968885e-07
":SOUR:DCS:STAT OFF;:BIAS:STAT OFF;:COMP:BIN:COUN:CLE;:LIST:CLE:ALL;:COMP:BIN:CLE;:AMPL:ALC OFF;:APER MED,4;:BIAS:POL:AUTO OFF;:BIAS:RANG:AUTO ON;:BIAS:VOLT:LEV 0;:COMP:ABIN OFF;:COMP:BIN:COUN:STAT OFF;:COMP:MODE PTOL;:COMP:SLIM -9.9e+037,9.9e+037;:COMP:STAT OFF;:COMP:SWAP OFF;:COMP:TOL:NOM 0;:CURR:LEV 5e-005;:DISP:ENAB ON;:DISP:LINE """";:DISP:WIND:TEXT1:DATA:FMSD:DATA 1e-009;:DISP:WIND:TEXT2:DATA:FMSD:DATA 1e-009;:FORM:ASC:LONG ON;:FORM:BORD NORM;:FORM:DATA ASC,64;:FREQ:CW 800;:FUNC:DEV1:MODE OFF;:FUNC:DEV1:REF:VAL 0;:FUNC:DEV2:MODE OFF;:FUNC:DEV2:REF:VAL 0;:FUNC:IMP:TYPE LSRS;:FUNC:SMON:IDC:STAT OFF;:FUNC:SMON:VDC:STAT OFF;:INIT:CONT OFF;:LIST:MODE SEQ;:LIST:STIM:TYPE FREQ,NONE;:SOUR:DCS:VOLT:LEV 0;:TRIG:DEL 0;:TRIG:SOUR INT;:TRIG:TDEL 0;:DISP:WIND:TEXT1:DATA:FMSD:STAT OFF;:DISP:WIND:TEXT2:DATA:FMSD:STAT OFF;:FUNC:DCR:RANG:VAL 100;:FUNC:IMP:RANG:VAL 1;:OUTP:DC:ISOL:LEV:VAL 0.02;:OUTP:DC:ISOL:STAT OFF;:FUNC:DCR:RANG:AUTO ON;:FUNC:IMP:RANG:AUTO ON;:OUTP:DC:ISOL:LEV:AUTO ON;:DISP:PAGE MEASurement;
"
1000.0,1.964216185e-07,-0.1392969885,4.95315e-05,6.96166e-06
1000.0,1.455407775e-07,-0.138951478,4.95407e-05,6.9291e-06
1000.0,7.135080546e-09,-0.1392302794,4.95343e-05,6.85517e-06
1000.0,1.919958336e-07,-0.1366291388,4.95359e-05,6.80232e-06
1000.0,6.54416e-08,-0.1358400463,4.95374e-05,6.70052e-06
1000.0,1.431994967e-07,-0.1355621956,4.95369e-05,6.66401e-06
1000.0,1.194959711e-07,-0.1342474819,4.95374e-05,6.67331e-06
1000.0,2.504094852e-07,-0.1344014053,4.95367e-05,6.56111e-06
1000.0,1.140680946e-07,-0.1327076352,4.95362e-05,6.59697e-06
1000.0,1.420661647e-07,-0.1320300471,4.95373e-05,6.591e-06
1000.0,-3.201699673e-08,-0.1326543847,4.95336e-05,6.53959e-06
1000.0,9.279624384e-08,-0.1309203052,4.95346e-05,6.48807e-06
1000.0,2.525918905e-07,-0.1311592869,4.95333e-05,6.43767e-06
1000.0,2.974766455e-07,-0.1284977194,4.95339e-05,6.35595e-06
1000.0,3.654291599e-08,-0.1284552299,4.95343e-05,6.33375e-06
1000.0,4.644508148e-08,-0.1271379914,4.95345e-05,6.3046e-06
Freq,1000,Rs,-0.13360760085,0.003859627637396535,Ls,1.29350618939125e-07,9.286641241888478e-08
":SOUR:DCS:STAT OFF;:BIAS:STAT OFF;:COMP:BIN:COUN:CLE;:LIST:CLE:ALL;:COMP:BIN:CLE;:AMPL:ALC OFF;:APER MED,4;:BIAS:POL:AUTO OFF;:BIAS:RANG:AUTO ON;:BIAS:VOLT:LEV 0;:COMP:ABIN OFF;:COMP:BIN:COUN:STAT OFF;:COMP:MODE PTOL;:COMP:SLIM -9.9e+037,9.9e+037;:COMP:STAT OFF;:COMP:SWAP OFF;:COMP:TOL:NOM 0;:CURR:LEV 5e-005;:DISP:ENAB ON;:DISP:LINE """";:DISP:WIND:TEXT1:DATA:FMSD:DATA 1e-009;:DISP:WIND:TEXT2:DATA:FMSD:DATA 1e-009;:FORM:ASC:LONG ON;:FORM:BORD NORM;:FORM:DATA ASC,64;:FREQ:CW 1000;:FUNC:DEV1:MODE OFF;:FUNC:DEV1:REF:VAL 0;:FUNC:DEV2:MODE OFF;:FUNC:DEV2:REF:VAL 0;:FUNC:IMP:TYPE LSRS;:FUNC:SMON:IDC:STAT OFF;:FUNC:SMON:VDC:STAT OFF;:INIT:CONT OFF;:LIST:MODE SEQ;:LIST:STIM:TYPE FREQ,NONE;:SOUR:DCS:VOLT:LEV 0;:TRIG:DEL 0;:TRIG:SOUR INT;:TRIG:TDEL 0;:DISP:WIND:TEXT1:DATA:FMSD:STAT OFF;:DISP:WIND:TEXT2:DATA:FMSD:STAT OFF;:FUNC:DCR:RANG:VAL 100;:FUNC:IMP:RANG:VAL 1;:OUTP:DC:ISOL:LEV:VAL 0.02;:OUTP:DC:ISOL:STAT OFF;:FUNC:DCR:RANG:AUTO ON;:FUNC:IMP:RANG:AUTO ON;:OUTP:DC:ISOL:LEV:AUTO ON;:DISP:PAGE MEASurement;
"
2000.0,1.015755904e-07,-0.1232276495,5.0239e-05,6.1619e-06
2000.0,1.68152206e-07,-0.1232179007,5.02375e-05,6.19914e-06
2000.0,8.02988084e-08,-0.1223478958,5.02359e-05,6.13803e-06
2000.0,7.40411175e-08,-0.122382618,5.02392e-05,6.12519e-06
2000.0,1.537544259e-07,-0.1211972404,5.02388e-05,6.06766e-06
2000.0,1.552624264e-07,-0.1212632988,5.02391e-05,6.00049e-06
2000.0,1.483015232e-07,-0.1201230131,5.02388e-05,5.95368e-06
2000.0,1.505977807e-07,-0.1190721094,5.02375e-05,5.9249e-06
2000.0,1.149226375e-07,-0.1185259214,5.02406e-05,5.96632e-06
2000.0,1.208987158e-07,-0.1190813601,5.02376e-05,5.94599e-06
2000.0,1.285582626e-07,-0.1181001159,5.02414e-05,5.95637e-06
2000.0,8.140788859e-08,-0.1185493834,5.02393e-05,5.99029e-06
2000.0,9.948431756e-08,-0.1197678264,5.02413e-05,6.05904e-06
2000.0,7.188572991e-08,-0.1207718437,5.02393e-05,6.15301e-06
2000.0,9.173205225e-08,-0.1222818739,5.02377e-05,6.19719e-06
2000.0,1.41142369e-07,-0.123070476,5.02386e-05,6.17436e-06
Freq,2000,Rs,-0.12081128290625001,0.001813867057386014,Ls,1.17625990731875e-07,3.260619372708212e-08
":SOUR:DCS:STAT OFF;:BIAS:STAT OFF;:COMP:BIN:COUN:CLE;:LIST:CLE:ALL;:COMP:BIN:CLE;:AMPL:ALC OFF;:APER MED,4;:BIAS:POL:AUTO OFF;:BIAS:RANG:AUTO ON;:BIAS:VOLT:LEV 0;:COMP:ABIN OFF;:COMP:BIN:COUN:STAT OFF;:COMP:MODE PTOL;:COMP:SLIM -9.9e+037,9.9e+037;:COMP:STAT OFF;:COMP:SWAP OFF;:COMP:TOL:NOM 0;:CURR:LEV 5e-005;:DISP:ENAB ON;:DISP:LINE """";:DISP:WIND:TEXT1:DATA:FMSD:DATA 1e-009;:DISP:WIND:TEXT2:DATA:FMSD:DATA 1e-009;:FORM:ASC:LONG ON;:FORM:BORD NORM;:FORM:DATA ASC,64;:FREQ:CW 2000;:FUNC:DEV1:MODE OFF;:FUNC:DEV1:REF:VAL 0;:FUNC:DEV2:MODE OFF;:FUNC:DEV2:REF:VAL 0;:FUNC:IMP:TYPE LSRS;:FUNC:SMON:IDC:STAT OFF;:FUNC:SMON:VDC:STAT OFF;:INIT:CONT OFF;:LIST:MODE SEQ;:LIST:STIM:TYPE FREQ,NONE;:SOUR:DCS:VOLT:LEV 0;:TRIG:DEL 0;:TRIG:SOUR INT;:TRIG:TDEL 0;:DISP:WIND:TEXT1:DATA:FMSD:STAT OFF;:DISP:WIND:TEXT2:DATA:FMSD:STAT OFF;:FUNC:DCR:RANG:VAL 100;:FUNC:IMP:RANG:VAL 1;:OUTP:DC:ISOL:LEV:VAL 0.02;:OUTP:DC:ISOL:STAT OFF;:FUNC:DCR:RANG:AUTO ON;:FUNC:IMP:RANG:AUTO ON;:OUTP:DC:ISOL:LEV:AUTO ON;:DISP:PAGE MEASurement;
"
3000.0,1.198419936e-07,-0.1212553347,4.99782e-05,6.05451e-06
3000.0,1.659781875e-07,-0.120825692,4.99788e-05,6.01201e-06
3000.0,1.362907414e-07,-0.1189964141,4.99797e-05,5.92827e-06
3000.0,1.129907135e-07,-0.1187479407,4.99781e-05,5.9125e-06
3000.0,1.217029521e-07,-0.1177856794,4.99793e-05,5.87374e-06
3000.0,1.465166313e-07,-0.1166371407,4.99796e-05,5.82422e-06
3000.0,1.508634979e-07,-0.1151906827,4.99794e-05,5.72986e-06
3000.0,1.831476678e-07,-0.1142926157,4.99777e-05,5.73952e-06
3000.0,1.400576226e-07,-0.114174515,4.9979e-05,5.62109e-06
3000.0,1.336965109e-07,-0.1122318743,4.99809e-05,5.56671e-06
3000.0,1.49518519e-07,-0.1114542802,4.99814e-05,5.4921e-06
3000.0,1.524877975e-07,-0.1093847629,4.99804e-05,5.44874e-06
3000.0,1.264568899e-07,-0.1097932377,4.9979e-05,5.45138e-06
3000.0,1.064429844e-07,-0.1095975673,4.99802e-05,5.47832e-06
3000.0,1.397882835e-07,-0.1083349178,4.99804e-05,5.46596e-06
3000.0,9.573396495e-08,-0.109355863,4.99804e-05,5.44628e-06
Freq,3000,Rs,-0.1142536573875,0.004398287982420031,Ls,1.3634468486562502e-07,2.23949041955176e-08
":SOUR:DCS:STAT OFF;:BIAS:STAT OFF;:COMP:BIN:COUN:CLE;:LIST:CLE:ALL;:COMP:BIN:CLE;:AMPL:ALC OFF;:APER MED,4;:BIAS:POL:AUTO OFF;:BIAS:RANG:AUTO ON;:BIAS:VOLT:LEV 0;:COMP:ABIN OFF;:COMP:BIN:COUN:STAT OFF;:COMP:MODE PTOL;:COMP:SLIM -9.9e+037,9.9e+037;:COMP:STAT OFF;:COMP:SWAP OFF;:COMP:TOL:NOM 0;:CURR:LEV 5e-005;:DISP:ENAB ON;:DISP:LINE """";:DISP:WIND:TEXT1:DATA:FMSD:DATA 1e-009;:DISP:WIND:TEXT2:DATA:FMSD:DATA 1e-009;:FORM:ASC:LONG ON;:FORM:BORD NORM;:FORM:DATA ASC,64;:FREQ:CW 3000;:FUNC:DEV1:MODE OFF;:FUNC:DEV1:REF:VAL 0;:FUNC:DEV2:MODE OFF;:FUNC:DEV2:REF:VAL 0;:FUNC:IMP:TYPE LSRS;:FUNC:SMON:IDC:STAT OFF;:FUNC:SMON:VDC:STAT OFF;:INIT:CONT OFF;:LIST:MODE SEQ;:LIST:STIM:TYPE FREQ,NONE;:SOUR:DCS:VOLT:LEV 0;:TRIG:DEL 0;:TRIG:SOUR INT;:TRIG:TDEL 0;:DISP:WIND:TEXT1:DATA:FMSD:STAT OFF;:DISP:WIND:TEXT2:DATA:FMSD:STAT OFF;:FUNC:DCR:RANG:VAL 100;:FUNC:IMP:RANG:VAL 1;:OUTP:DC:ISOL:LEV:VAL 0.02;:OUTP:DC:ISOL:STAT OFF;:FUNC:DCR:RANG:AUTO ON;:FUNC:IMP:RANG:AUTO ON;:OUTP:DC:ISOL:LEV:AUTO ON;:DISP:PAGE MEASurement;
"
4000.0,1.310442605e-07,-0.108418537,4.99916e-05,5.34942e-06
4000.0,1.860298626e-07,-0.1094049796,4.99953e-05,5.35626e-06
4000.0,1.494929251e-07,-0.1082587714,5.00016e-05,5.33552e-06
4000.0,1.356528822e-07,-0.1090728794,4.99979e-05,5.29962e-06
4000.0,1.219930645e-07,-0.1068519381,4.99995e-05,5.41118e-06
4000.0,1.143184561e-07,-0.1074393926,4.99873e-05,5.41015e-06
4000.0,1.758011311e-07,-0.1095916973,4.99961e-05,5.46421e-06
4000.0,1.577452094e-07,-0.1088638529,4.99931e-05,5.47236e-06
4000.0,1.095437686e-07,-0.1099500566,4.99931e-05,5.4921e-06
4000.0,9.375887678e-08,-0.1108619177,4.99936e-05,5.47188e-06
4000.0,1.291422609e-07,-0.1101957425,4.99951e-05,5.47039e-06
4000.0,1.275637518e-07,-0.1073921801,4.99904e-05,5.45794e-06
4000.0,1.081520302e-07,-0.1095814137,4.99923e-05,5.43325e-06
4000.0,1.317273071e-07,-0.1089664823,4.99891e-05,5.38758e-06
4000.0,1.365986384e-07,-0.1080986177,4.99872e-05,5.3429e-06
4000.0,1.066870434e-07,-0.1072827643,4.999e-05,5.34091e-06
Freq,4000,Rs,-0.10876445145,0.0011567828949373288,Ls,1.322032167925e-07,2.511063710405093e-08
":SOUR:DCS:STAT OFF;:BIAS:STAT OFF;:COMP:BIN:COUN:CLE;:LIST:CLE:ALL;:COMP:BIN:CLE;:AMPL:ALC OFF;:APER MED,4;:BIAS:POL:AUTO OFF;:BIAS:RANG:AUTO ON;:BIAS:VOLT:LEV 0;:COMP:ABIN OFF;:COMP:BIN:COUN:STAT OFF;:COMP:MODE PTOL;:COMP:SLIM -9.9e+037,9.9e+037;:COMP:STAT OFF;:COMP:SWAP OFF;:COMP:TOL:NOM 0;:CURR:LEV 5e-005;:DISP:ENAB ON;:DISP:LINE """";:DISP:WIND:TEXT1:DATA:FMSD:DATA 1e-009;:DISP:WIND:TEXT2:DATA:FMSD:DATA 1e-009;:FORM:ASC:LONG ON;:FORM:BORD NORM;:FORM:DATA ASC,64;:FREQ:CW 4000;:FUNC:DEV1:MODE OFF;:FUNC:DEV1:REF:VAL 0;:FUNC:DEV2:MODE OFF;:FUNC:DEV2:REF:VAL 0;:FUNC:IMP:TYPE LSRS;:FUNC:SMON:IDC:STAT OFF;:FUNC:SMON:VDC:STAT OFF;:INIT:CONT OFF;:LIST:MODE SEQ;:LIST:STIM:TYPE FREQ,NONE;:SOUR:DCS:VOLT:LEV 0;:TRIG:DEL 0;:TRIG:SOUR INT;:TRIG:TDEL 0;:DISP:WIND:TEXT1:DATA:FMSD:STAT OFF;:DISP:WIND:TEXT2:DATA:FMSD:STAT OFF;:FUNC:DCR:RANG:VAL 100;:FUNC:IMP:RANG:VAL 1;:OUTP:DC:ISOL:LEV:VAL 0.02;:OUTP:DC:ISOL:STAT OFF;:FUNC:DCR:RANG:AUTO ON;:FUNC:IMP:RANG:AUTO ON;:OUTP:DC:ISOL:LEV:AUTO ON;:DISP:PAGE MEASurement;
"
5000.0,1.256886179e-07,-0.1057390326,4.99625e-05,5.24709e-06
5000.0,1.369804019e-07,-0.1051533937,4.99648e-05,5.23004e-06
5000.0,1.218703125e-07,-0.1053455717,4.99613e-05,5.22651e-06
5000.0,1.223365571e-07,-0.1049508882,4.99626e-05,5.24202e-06
5000.0,1.170315839e-07,-0.1044858006,4.99624e-05,5.23372e-06
5000.0,1.374801394e-07,-0.1042984865,4.99612e-05,5.17533e-06
5000.0,1.36625114e-07,-0.1039793792,4.99613e-05,5.18482e-06
5000.0,1.293241595e-07,-0.10398373,4.99636e-05,5.18837e-06
5000.0,1.395994706e-07,-0.1038620377,4.996e-05,5.1954e-06
5000.0,1.355763001e-07,-0.1035848633,4.99625e-05,5.19998e-06
5000.0,1.414912881e-07,-0.1045501077,4.99648e-05,5.22848e-06
5000.0,1.500418368e-07,-0.1039198644,4.99612e-05,5.18256e-06
5000.0,1.604389706e-07,-0.1030959702,4.99614e-05,5.13749e-06
5000.0,1.622730293e-07,-0.1024570668,4.99619e-05,5.09075e-06
5000.0,1.247213048e-07,-0.1017025721,4.99605e-05,5.08536e-06
5000.0,1.259703506e-07,-0.1010820085,4.99611e-05,5.06398e-06
Freq,5000,Rs,-0.10388692332499999,0.0012827491917359562,Ls,1.3546558981875e-07,1.3296126198876312e-08
":SOUR:DCS:STAT OFF;:BIAS:STAT OFF;:COMP:BIN:COUN:CLE;:LIST:CLE:ALL;:COMP:BIN:CLE;:AMPL:ALC OFF;:APER MED,4;:BIAS:POL:AUTO OFF;:BIAS:RANG:AUTO ON;:BIAS:VOLT:LEV 0;:COMP:ABIN OFF;:COMP:BIN:COUN:STAT OFF;:COMP:MODE PTOL;:COMP:SLIM -9.9e+037,9.9e+037;:COMP:STAT OFF;:COMP:SWAP OFF;:COMP:TOL:NOM 0;:CURR:LEV 5e-005;:DISP:ENAB ON;:DISP:LINE """";:DISP:WIND:TEXT1:DATA:FMSD:DATA 1e-009;:DISP:WIND:TEXT2:DATA:FMSD:DATA 1e-009;:FORM:ASC:LONG ON;:FORM:BORD NORM;:FORM:DATA ASC,64;:FREQ:CW 5000;:FUNC:DEV1:MODE OFF;:FUNC:DEV1:REF:VAL 0;:FUNC:DEV2:MODE OFF;:FUNC:DEV2:REF:VAL 0;:FUNC:IMP:TYPE LSRS;:FUNC:SMON:IDC:STAT OFF;:FUNC:SMON:VDC:STAT OFF;:INIT:CONT OFF;:LIST:MODE SEQ;:LIST:STIM:TYPE FREQ,NONE;:SOUR:DCS:VOLT:LEV 0;:TRIG:DEL 0;:TRIG:SOUR INT;:TRIG:TDEL 0;:DISP:WIND:TEXT1:DATA:FMSD:STAT OFF;:DISP:WIND:TEXT2:DATA:FMSD:STAT OFF;:FUNC:DCR:RANG:VAL 100;:FUNC:IMP:RANG:VAL 1;:OUTP:DC:ISOL:LEV:VAL 0.02;:OUTP:DC:ISOL:STAT OFF;:FUNC:DCR:RANG:AUTO ON;:FUNC:IMP:RANG:AUTO ON;:OUTP:DC:ISOL:LEV:AUTO ON;:DISP:PAGE MEASurement;
"
6000.0,1.373928728e-07,-0.09881297723,4.99727e-05,4.9118e-06
6000.0,1.400280357e-07,-0.09780670608,4.99703e-05,4.89236e-06
6000.0,1.390739341e-07,-0.09639810006,4.99721e-05,4.83055e-06
6000.0,1.160232962e-07,-0.09648237512,4.99743e-05,4.87247e-06
6000.0,1.483052852e-07,-0.09778023354,4.99721e-05,4.915e-06
6000.0,1.290862703e-07,-0.09937031572,4.99722e-05,5.06274e-06
6000.0,1.39816523e-07,-0.1015525011,4.99735e-05,5.1147e-06
6000.0,1.346279296e-07,-0.1026999452,4.99734e-05,5.15911e-06
6000.0,1.36509267e-07,-0.1029383858,4.9971e-05,5.13862e-06
6000.0,1.298959089e-07,-0.1030920381,4.99757e-05,5.20696e-06
6000.0,1.277930181e-07,-0.1030407389,4.9973e-05,5.199e-06
6000.0,1.303789211e-07,-0.1036490133,4.99718e-05,5.19808e-06
6000.0,1.346219216e-07,-0.1047026817,4.99736e-05,5.2476e-06
6000.0,1.417505819e-07,-0.1052668539,4.99727e-05,5.28421e-06
6000.0,1.306752081e-07,-0.1057259578,4.99709e-05,5.31771e-06
6000.0,1.475772189e-07,-0.1072641898,4.9973e-05,5.37461e-06
Freq,6000,Rs,-0.101661438334375,0.003450516233855592,Ls,1.3522226203125003e-07,8.027025588125694e-09
":SOUR:DCS:STAT OFF;:BIAS:STAT OFF;:COMP:BIN:COUN:CLE;:LIST:CLE:ALL;:COMP:BIN:CLE;:AMPL:ALC OFF;:APER MED,4;:BIAS:POL:AUTO OFF;:BIAS:RANG:AUTO ON;:BIAS:VOLT:LEV 0;:COMP:ABIN OFF;:COMP:BIN:COUN:STAT OFF;:COMP:MODE PTOL;:COMP:SLIM -9.9e+037,9.9e+037;:COMP:STAT OFF;:COMP:SWAP OFF;:COMP:TOL:NOM 0;:CURR:LEV 5e-005;:DISP:ENAB ON;:DISP:LINE """";:DISP:WIND:TEXT1:DATA:FMSD:DATA 1e-009;:DISP:WIND:TEXT2:DATA:FMSD:DATA 1e-009;:FORM:ASC:LONG ON;:FORM:BORD NORM;:FORM:DATA ASC,64;:FREQ:CW 6000;:FUNC:DEV1:MODE OFF;:FUNC:DEV1:REF:VAL 0;:FUNC:DEV2:MODE OFF;:FUNC:DEV2:REF:VAL 0;:FUNC:IMP:TYPE LSRS;:FUNC:SMON:IDC:STAT OFF;:FUNC:SMON:VDC:STAT OFF;:INIT:CONT OFF;:LIST:MODE SEQ;:LIST:STIM:TYPE FREQ,NONE;:SOUR:DCS:VOLT:LEV 0;:TRIG:DEL 0;:TRIG:SOUR INT;:TRIG:TDEL 0;:DISP:WIND:TEXT1:DATA:FMSD:STAT OFF;:DISP:WIND:TEXT2:DATA:FMSD:STAT OFF;:FUNC:DCR:RANG:VAL 100;:FUNC:IMP:RANG:VAL 1;:OUTP:DC:ISOL:LEV:VAL 0.02;:OUTP:DC:ISOL:STAT OFF;:FUNC:DCR:RANG:AUTO ON;:FUNC:IMP:RANG:AUTO ON;:OUTP:DC:ISOL:LEV:AUTO ON;:DISP:PAGE MEASurement;
"
7000.0,1.403269e-07,-0.1051205017,4.99717e-05,5.22904e-06
7000.0,1.266835709e-07,-0.1042930863,4.99725e-05,5.16588e-06
7000.0,1.318725632e-07,-0.1035898437,4.9971e-05,5.16198e-06
7000.0,1.245866786e-07,-0.1036311454,4.99727e-05,5.15302e-06
7000.0,1.378917471e-07,-0.1032927372,4.99723e-05,5.12517e-06
7000.0,1.395334834e-07,-0.10114363,4.99729e-05,5.05244e-06
7000.0,1.312650528e-07,-0.1004831421,4.99708e-05,4.98639e-06
7000.0,1.420435437e-07,-0.1002196734,4.99718e-05,4.98788e-06
7000.0,1.37229778e-07,-0.09965783521,4.99728e-05,4.98423e-06
7000.0,1.485929875e-07,-0.1000222582,4.99721e-05,4.98463e-06
7000.0,1.312495555e-07,-0.09944331859,4.99704e-05,5.00223e-06
7000.0,1.274030126e-07,-0.1008047493,4.99726e-05,5.0606e-06
7000.0,1.279770352e-07,-0.1008255537,4.99721e-05,5.0275e-06
7000.0,1.25861648e-07,-0.1008703533,4.99734e-05,5.05778e-06
7000.0,1.378200846e-07,-0.1011770411,4.99727e-05,5.07877e-06
7000.0,1.244750788e-07,-0.1016408762,4.99734e-05,5.11217e-06
Freq,7000,Rs,-0.10163848408750001,0.00176620069139735,Ls,1.3342579499375e-07,7.2187841775370906e-09
":SOUR:DCS:STAT OFF;:BIAS:STAT OFF;:COMP:BIN:COUN:CLE;:LIST:CLE:ALL;:COMP:BIN:CLE;:AMPL:ALC OFF;:APER MED,4;:BIAS:POL:AUTO OFF;:BIAS:RANG:AUTO ON;:BIAS:VOLT:LEV 0;:COMP:ABIN OFF;:COMP:BIN:COUN:STAT OFF;:COMP:MODE PTOL;:COMP:SLIM -9.9e+037,9.9e+037;:COMP:STAT OFF;:COMP:SWAP OFF;:COMP:TOL:NOM 0;:CURR:LEV 5e-005;:DISP:ENAB ON;:DISP:LINE """";:DISP:WIND:TEXT1:DATA:FMSD:DATA 1e-009;:DISP:WIND:TEXT2:DATA:FMSD:DATA 1e-009;:FORM:ASC:LONG ON;:FORM:BORD NORM;:FORM:DATA ASC,64;:FREQ:CW 7000;:FUNC:DEV1:MODE OFF;:FUNC:DEV1:REF:VAL 0;:FUNC:DEV2:MODE OFF;:FUNC:DEV2:REF:VAL 0;:FUNC:IMP:TYPE LSRS;:FUNC:SMON:IDC:STAT OFF;:FUNC:SMON:VDC:STAT OFF;:INIT:CONT OFF;:LIST:MODE SEQ;:LIST:STIM:TYPE FREQ,NONE;:SOUR:DCS:VOLT:LEV 0;:TRIG:DEL 0;:TRIG:SOUR INT;:TRIG:TDEL 0;:DISP:WIND:TEXT1:DATA:FMSD:STAT OFF;:DISP:WIND:TEXT2:DATA:FMSD:STAT OFF;:FUNC:DCR:RANG:VAL 100;:FUNC:IMP:RANG:VAL 1;:OUTP:DC:ISOL:LEV:VAL 0.02;:OUTP:DC:ISOL:STAT OFF;:FUNC:DCR:RANG:AUTO ON;:FUNC:IMP:RANG:AUTO ON;:OUTP:DC:ISOL:LEV:AUTO ON;:DISP:PAGE MEASurement;
"
8000.0,1.330287161e-07,-0.1070440225,4.99647e-05,5.35231e-06
8000.0,1.246403665e-07,-0.1062861868,4.99677e-05,5.25172e-06
8000.0,1.289432022e-07,-0.1048402626,4.99663e-05,5.21741e-06
8000.0,1.321054663e-07,-0.1035051729,4.99662e-05,5.13767e-06
8000.0,1.345406496e-07,-0.1020695503,4.99668e-05,5.11824e-06
8000.0,1.352531287e-07,-0.1012215644,4.9964e-05,5.04704e-06
8000.0,1.311636559e-07,-0.1018216889,4.99645e-05,5.08818e-06
8000.0,1.269891174e-07,-0.1018352246,4.99669e-05,5.14994e-06
8000.0,1.280475518e-07,-0.1025755395,4.9967e-05,5.1747e-06
8000.0,1.345582649e-07,-0.1036269404,4.99658e-05,5.15996e-06
8000.0,1.351151261e-07,-0.1043054853,4.99651e-05,5.18932e-06
8000.0,1.293195028e-07,-0.1038054626,4.99673e-05,5.17976e-06
8000.0,1.345311853e-07,-0.1039984388,4.99657e-05,5.20457e-06
8000.0,1.304627385e-07,-0.1046437845,4.99649e-05,5.27049e-06
8000.0,1.446096658e-07,-0.1049810356,4.99658e-05,5.3164e-06
8000.0,1.438054855e-07,-0.1061863643,4.99634e-05,5.35321e-06
Freq,8000,Rs,-0.10392167025,0.00172587348790486,Ls,1.329446139625e-07,5.411998431591648e-09
":SOUR:DCS:STAT OFF;:BIAS:STAT OFF;:COMP:BIN:COUN:CLE;:LIST:CLE:ALL;:COMP:BIN:CLE;:AMPL:ALC OFF;:APER MED,4;:BIAS:POL:AUTO OFF;:BIAS:RANG:AUTO ON;:BIAS:VOLT:LEV 0;:COMP:ABIN OFF;:COMP:BIN:COUN:STAT OFF;:COMP:MODE PTOL;:COMP:SLIM -9.9e+037,9.9e+037;:COMP:STAT OFF;:COMP:SWAP OFF;:COMP:TOL:NOM 0;:CURR:LEV 5e-005;:DISP:ENAB ON;:DISP:LINE """";:DISP:WIND:TEXT1:DATA:FMSD:DATA 1e-009;:DISP:WIND:TEXT2:DATA:FMSD:DATA 1e-009;:FORM:ASC:LONG ON;:FORM:BORD NORM;:FORM:DATA ASC,64;:FREQ:CW 8000;:FUNC:DEV1:MODE OFF;:FUNC:DEV1:REF:VAL 0;:FUNC:DEV2:MODE OFF;:FUNC:DEV2:REF:VAL 0;:FUNC:IMP:TYPE LSRS;:FUNC:SMON:IDC:STAT OFF;:FUNC:SMON:VDC:STAT OFF;:INIT:CONT OFF;:LIST:MODE SEQ;:LIST:STIM:TYPE FREQ,NONE;:SOUR:DCS:VOLT:LEV 0;:TRIG:DEL 0;:TRIG:SOUR INT;:TRIG:TDEL 0;:DISP:WIND:TEXT1:DATA:FMSD:STAT OFF;:DISP:WIND:TEXT2:DATA:FMSD:STAT OFF;:FUNC:DCR:RANG:VAL 100;:FUNC:IMP:RANG:VAL 1;:OUTP:DC:ISOL:LEV:VAL 0.02;:OUTP:DC:ISOL:STAT OFF;:FUNC:DCR:RANG:AUTO ON;:FUNC:IMP:RANG:AUTO ON;:OUTP:DC:ISOL:LEV:AUTO ON;:DISP:PAGE MEASurement;
"
10000.0,1.331272714e-07,-0.112945184,4.99368e-05,5.66728e-06
10000.0,1.385931884e-07,-0.1133695849,4.99351e-05,5.68445e-06
10000.0,1.372452419e-07,-0.1131728276,4.9937e-05,5.66959e-06
10000.0,1.355185031e-07,-0.1140771892,4.99353e-05,5.73381e-06
10000.0,1.271460011e-07,-0.1147530269,4.99359e-05,5.76226e-06
10000.0,1.36117562e-07,-0.1151361817,4.9935e-05,5.78291e-06
10000.0,1.340082317e-07,-0.1148882089,4.99331e-05,5.72299e-06
10000.0,1.295725929e-07,-0.115122147,4.99359e-05,5.75083e-06
10000.0,1.379418265e-07,-0.1144170787,4.99365e-05,5.72965e-06
10000.0,1.301843429e-07,-0.1148099783,4.99333e-05,5.70939e-06
10000.0,1.30723701e-07,-0.1142776812,4.99355e-05,5.69082e-06
10000.0,1.313944231e-07,-0.1129084237,4.99343e-05,5.64259e-06
10000.0,1.330083197e-07,-0.1127138069,4.9939e-05,5.56828e-06
10000.0,1.316460043e-07,-0.1113453175,4.99344e-05,5.58046e-06
10000.0,1.370580236e-07,-0.1108083065,4.99376e-05,5.52346e-06
10000.0,1.27834993e-07,-0.1099945114,4.9936e-05,5.49233e-06
Freq,10000,Rs,-0.1134212159,0.0015869804965331696,Ls,1.331950141625e-07,3.623035229385797e-09
":SOUR:DCS:STAT OFF;:BIAS:STAT OFF;:COMP:BIN:COUN:CLE;:LIST:CLE:ALL;:COMP:BIN:CLE;:AMPL:ALC OFF;:APER MED,4;:BIAS:POL:AUTO OFF;:BIAS:RANG:AUTO ON;:BIAS:VOLT:LEV 0;:COMP:ABIN OFF;:COMP:BIN:COUN:STAT OFF;:COMP:MODE PTOL;:COMP:SLIM -9.9e+037,9.9e+037;:COMP:STAT OFF;:COMP:SWAP OFF;:COMP:TOL:NOM 0;:CURR:LEV 5e-005;:DISP:ENAB ON;:DISP:LINE """";:DISP:WIND:TEXT1:DATA:FMSD:DATA 1e-009;:DISP:WIND:TEXT2:DATA:FMSD:DATA 1e-009;:FORM:ASC:LONG ON;:FORM:BORD NORM;:FORM:DATA ASC,64;:FREQ:CW 10000;:FUNC:DEV1:MODE OFF;:FUNC:DEV1:REF:VAL 0;:FUNC:DEV2:MODE OFF;:FUNC:DEV2:REF:VAL 0;:FUNC:IMP:TYPE LSRS;:FUNC:SMON:IDC:STAT OFF;:FUNC:SMON:VDC:STAT OFF;:INIT:CONT OFF;:LIST:MODE SEQ;:LIST:STIM:TYPE FREQ,NONE;:SOUR:DCS:VOLT:LEV 0;:TRIG:DEL 0;:TRIG:SOUR INT;:TRIG:TDEL 0;:DISP:WIND:TEXT1:DATA:FMSD:STAT OFF;:DISP:WIND:TEXT2:DATA:FMSD:STAT OFF;:FUNC:DCR:RANG:VAL 100;:FUNC:IMP:RANG:VAL 1;:OUTP:DC:ISOL:LEV:VAL 0.02;:OUTP:DC:ISOL:STAT OFF;:FUNC:DCR:RANG:AUTO ON;:FUNC:IMP:RANG:AUTO ON;:OUTP:DC:ISOL:LEV:AUTO ON;:DISP:PAGE MEASurement;
"
12000.0,1.316102638e-07,-0.115975501,4.99402e-05,5.83313e-06
12000.0,1.242021783e-07,-0.1161399548,4.99383e-05,5.89307e-06
12000.0,1.287033361e-07,-0.1179641912,4.99416e-05,5.92689e-06
12000.0,1.316098789e-07,-0.1186817201,4.99358e-05,5.93945e-06
12000.0,1.296552585e-07,-0.1195799871,4.99384e-05,6.01681e-06
12000.0,1.317083283e-07,-0.1201605859,4.99376e-05,5.98341e-06
12000.0,1.42978202e-07,-0.1194963329,4.99372e-05,6.02071e-06
12000.0,1.32271691e-07,-0.1204746831,4.99406e-05,6.00965e-06
12000.0,1.348959594e-07,-0.1195424532,4.99362e-05,5.943e-06
12000.0,1.272848848e-07,-0.1186029017,4.99397e-05,5.93423e-06
12000.0,1.279255879e-07,-0.1177352007,4.99382e-05,5.89968e-06
12000.0,1.328671208e-07,-0.1179777638,4.99354e-05,5.89618e-06
12000.0,1.324596377e-07,-0.1171168949,4.99361e-05,5.90839e-06
12000.0,1.324489139e-07,-0.1184937523,4.99387e-05,5.90862e-06
12000.0,1.360254015e-07,-0.118234495,4.99361e-05,5.91247e-06
12000.0,1.28548405e-07,-0.1179451525,4.99347e-05,5.87992e-06
Freq,12000,Rs,-0.1183825981375,0.0012936968828889768,Ls,1.3157469049374998e-07,4.25647189389704e-09
":SOUR:DCS:STAT OFF;:BIAS:STAT OFF;:COMP:BIN:COUN:CLE;:LIST:CLE:ALL;:COMP:BIN:CLE;:AMPL:ALC OFF;:APER MED,4;:BIAS:POL:AUTO OFF;:BIAS:RANG:AUTO ON;:BIAS:VOLT:LEV 0;:COMP:ABIN OFF;:COMP:BIN:COUN:STAT OFF;:COMP:MODE PTOL;:COMP:SLIM -9.9e+037,9.9e+037;:COMP:STAT OFF;:COMP:SWAP OFF;:COMP:TOL:NOM 0;:CURR:LEV 5e-005;:DISP:ENAB ON;:DISP:LINE """";:DISP:WIND:TEXT1:DATA:FMSD:DATA 1e-009;:DISP:WIND:TEXT2:DATA:FMSD:DATA 1e-009;:FORM:ASC:LONG ON;:FORM:BORD NORM;:FORM:DATA ASC,64;:FREQ:CW 12000;:FUNC:DEV1:MODE OFF;:FUNC:DEV1:REF:VAL 0;:FUNC:DEV2:MODE OFF;:FUNC:DEV2:REF:VAL 0;:FUNC:IMP:TYPE LSRS;:FUNC:SMON:IDC:STAT OFF;:FUNC:SMON:VDC:STAT OFF;:INIT:CONT OFF;:LIST:MODE SEQ;:LIST:STIM:TYPE FREQ,NONE;:SOUR:DCS:VOLT:LEV 0;:TRIG:DEL 0;:TRIG:SOUR INT;:TRIG:TDEL 0;:DISP:WIND:TEXT1:DATA:FMSD:STAT OFF;:DISP:WIND:TEXT2:DATA:FMSD:STAT OFF;:FUNC:DCR:RANG:VAL 100;:FUNC:IMP:RANG:VAL 1;:OUTP:DC:ISOL:LEV:VAL 0.02;:OUTP:DC:ISOL:STAT OFF;:FUNC:DCR:RANG:AUTO ON;:FUNC:IMP:RANG:AUTO ON;:OUTP:DC:ISOL:LEV:AUTO ON;:DISP:PAGE MEASurement;
"
14000.0,1.341023874e-07,-0.1199903655,4.99456e-05,6.03412e-06
14000.0,1.262857385e-07,-0.1205440491,4.99461e-05,6.0555e-06
14000.0,1.398071158e-07,-0.1213558097,4.99441e-05,6.06165e-06
14000.0,1.402505555e-07,-0.1221709703,4.99444e-05,6.12093e-06
14000.0,1.346273309e-07,-0.1224212,4.99487e-05,6.18973e-06
14000.0,1.345885498e-07,-0.1228368974,4.99458e-05,6.17052e-06
14000.0,1.380454609e-07,-0.1233462062,4.99456e-05,6.19629e-06
14000.0,1.337462072e-07,-0.1243613587,4.99468e-05,6.24142e-06
14000.0,1.315931268e-07,-0.1251068768,4.99444e-05,6.23267e-06
14000.0,1.337183821e-07,-0.1249314622,4.99424e-05,6.26578e-06
14000.0,1.306750142e-07,-0.1243619924,4.99476e-05,6.26347e-06
14000.0,1.358569315e-07,-0.1239815138,4.99424e-05,6.22615e-06
14000.0,1.227701956e-07,-0.1244615662,4.99468e-05,6.22455e-06
14000.0,1.367036299e-07,-0.1239217117,4.99456e-05,6.21899e-06
14000.0,1.355518735e-07,-0.1232120641,4.9946e-05,6.20132e-06
14000.0,1.343531893e-07,-0.123600545,4.9946e-05,6.21917e-06
Freq,14000,Rs,-0.12316278681875,0.001522503298570189,Ls,1.3391723055625e-07,4.514421976307563e-09
":SOUR:DCS:STAT OFF;:BIAS:STAT OFF;:COMP:BIN:COUN:CLE;:LIST:CLE:ALL;:COMP:BIN:CLE;:AMPL:ALC OFF;:APER MED,4;:BIAS:POL:AUTO OFF;:BIAS:RANG:AUTO ON;:BIAS:VOLT:LEV 0;:COMP:ABIN OFF;:COMP:BIN:COUN:STAT OFF;:COMP:MODE PTOL;:COMP:SLIM -9.9e+037,9.9e+037;:COMP:STAT OFF;:COMP:SWAP OFF;:COMP:TOL:NOM 0;:CURR:LEV 5e-005;:DISP:ENAB ON;:DISP:LINE """";:DISP:WIND:TEXT1:DATA:FMSD:DATA 1e-009;:DISP:WIND:TEXT2:DATA:FMSD:DATA 1e-009;:FORM:ASC:LONG ON;:FORM:BORD NORM;:FORM:DATA ASC,64;:FREQ:CW 14000;:FUNC:DEV1:MODE OFF;:FUNC:DEV1:REF:VAL 0;:FUNC:DEV2:MODE OFF;:FUNC:DEV2:REF:VAL 0;:FUNC:IMP:TYPE LSRS;:FUNC:SMON:IDC:STAT OFF;:FUNC:SMON:VDC:STAT OFF;:INIT:CONT OFF;:LIST:MODE SEQ;:LIST:STIM:TYPE FREQ,NONE;:SOUR:DCS:VOLT:LEV 0;:TRIG:DEL 0;:TRIG:SOUR INT;:TRIG:TDEL 0;:DISP:WIND:TEXT1:DATA:FMSD:STAT OFF;:DISP:WIND:TEXT2:DATA:FMSD:STAT OFF;:FUNC:DCR:RANG:VAL 100;:FUNC:IMP:RANG:VAL 1;:OUTP:DC:ISOL:LEV:VAL 0.02;:OUTP:DC:ISOL:STAT OFF;:FUNC:DCR:RANG:AUTO ON;:FUNC:IMP:RANG:AUTO ON;:OUTP:DC:ISOL:LEV:AUTO ON;:DISP:PAGE MEASurement;
"
16000.0,1.306436088e-07,-0.123548838,4.99495e-05,6.24272e-06
16000.0,1.29887218e-07,-0.1235825067,4.99467e-05,6.21713e-06
16000.0,1.34862345e-07,-0.1234821024,4.99471e-05,6.20864e-06
16000.0,1.363809287e-07,-0.1231215917,4.99445e-05,6.22371e-06
16000.0,1.371582071e-07,-0.1240553605,4.99456e-05,6.18196e-06
16000.0,1.266271698e-07,-0.1231934225,4.99451e-05,6.20503e-06
16000.0,1.338987896e-07,-0.1231158522,4.9945e-05,6.2217e-06
16000.0,1.313951033e-07,-0.1231907965,4.99472e-05,6.21108e-06
16000.0,1.369415672e-07,-0.1237179175,4.99475e-05,6.24391e-06
16000.0,1.319119952e-07,-0.1236095787,4.99453e-05,6.22131e-06
16000.0,1.346302858e-07,-0.1239094451,4.99469e-05,6.25928e-06
16000.0,1.299977318e-07,-0.1241949798,4.99478e-05,6.2425e-06
16000.0,1.291102071e-07,-0.1241211439,4.99476e-05,6.26457e-06
16000.0,1.339942924e-07,-0.124144067,4.99457e-05,6.23072e-06
16000.0,1.322507203e-07,-0.1239098841,4.99446e-05,6.17108e-06
16000.0,1.275979521e-07,-0.1224262042,4.99504e-05,6.11182e-06
Freq,16000,Rs,-0.123582730675,0.0004844659880927642,Ls,1.323305076375e-07,3.2507480801426253e-09
":SOUR:DCS:STAT OFF;:BIAS:STAT OFF;:COMP:BIN:COUN:CLE;:LIST:CLE:ALL;:COMP:BIN:CLE;:AMPL:ALC OFF;:APER MED,4;:BIAS:POL:AUTO OFF;:BIAS:RANG:AUTO ON;:BIAS:VOLT:LEV 0;:COMP:ABIN OFF;:COMP:BIN:COUN:STAT OFF;:COMP:MODE PTOL;:COMP:SLIM -9.9e+037,9.9e+037;:COMP:STAT OFF;:COMP:SWAP OFF;:COMP:TOL:NOM 0;:CURR:LEV 5e-005;:DISP:ENAB ON;:DISP:LINE """";:DISP:WIND:TEXT1:DATA:FMSD:DATA 1e-009;:DISP:WIND:TEXT2:DATA:FMSD:DATA 1e-009;:FORM:ASC:LONG ON;:FORM:BORD NORM;:FORM:DATA ASC,64;:FREQ:CW 16000;:FUNC:DEV1:MODE OFF;:FUNC:DEV1:REF:VAL 0;:FUNC:DEV2:MODE OFF;:FUNC:DEV2:REF:VAL 0;:FUNC:IMP:TYPE LSRS;:FUNC:SMON:IDC:STAT OFF;:FUNC:SMON:VDC:STAT OFF;:INIT:CONT OFF;:LIST:MODE SEQ;:LIST:STIM:TYPE FREQ,NONE;:SOUR:DCS:VOLT:LEV 0;:TRIG:DEL 0;:TRIG:SOUR INT;:TRIG:TDEL 0;:DISP:WIND:TEXT1:DATA:FMSD:STAT OFF;:DISP:WIND:TEXT2:DATA:FMSD:STAT OFF;:FUNC:DCR:RANG:VAL 100;:FUNC:IMP:RANG:VAL 1;:OUTP:DC:ISOL:LEV:VAL 0.02;:OUTP:DC:ISOL:STAT OFF;:FUNC:DCR:RANG:AUTO ON;:FUNC:IMP:RANG:AUTO ON;:OUTP:DC:ISOL:LEV:AUTO ON;:DISP:PAGE MEASurement;
"
16500.0,1.358575246e-07,-0.1208646108,4.99809e-05,6.08224e-06
16500.0,1.342666267e-07,-0.1210055051,4.99781e-05,6.10457e-06
16500.0,1.358242167e-07,-0.1208906069,4.99812e-05,6.10119e-06
16500.0,1.338186401e-07,-0.1210659984,4.99799e-05,6.0591e-06
16500.0,1.321129104e-07,-0.1206074067,4.99792e-05,6.06487e-06
16500.0,1.334687504e-07,-0.1204905812,4.99815e-05,6.0247e-06
16500.0,1.366098485e-07,-0.1189868319,4.99843e-05,5.96743e-06
16500.0,1.342406814e-07,-0.1181683959,4.99819e-05,5.90004e-06
16500.0,1.301911977e-07,-0.1175880229,4.99785e-05,5.86478e-06
16500.0,1.414990155e-07,-0.1162417443,4.99847e-05,5.88265e-06
16500.0,1.380447405e-07,-0.1170230524,4.99796e-05,5.89893e-06
16500.0,1.389870541e-07,-0.1167146905,4.99839e-05,5.89564e-06
16500.0,1.338692158e-07,-0.1180547981,4.99861e-05,5.91962e-06
16500.0,1.311074027e-07,-0.1173832254,4.99798e-05,5.90996e-06
16500.0,1.29785978e-07,-0.1173662422,4.99836e-05,5.92281e-06
16500.0,1.351596115e-07,-0.1174537422,4.99801e-05,5.90982e-06
Freq,16500,Rs,-0.11874409093124999,0.0017718375354748345,Ls,1.346777134125e-07,3.1591743073663925e-09
":SOUR:DCS:STAT OFF;:BIAS:STAT OFF;:COMP:BIN:COUN:CLE;:LIST:CLE:ALL;:COMP:BIN:CLE;:AMPL:ALC OFF;:APER MED,4;:BIAS:POL:AUTO OFF;:BIAS:RANG:AUTO ON;:BIAS:VOLT:LEV 0;:COMP:ABIN OFF;:COMP:BIN:COUN:STAT OFF;:COMP:MODE PTOL;:COMP:SLIM -9.9e+037,9.9e+037;:COMP:STAT OFF;:COMP:SWAP OFF;:COMP:TOL:NOM 0;:CURR:LEV 5e-005;:DISP:ENAB ON;:DISP:LINE """";:DISP:WIND:TEXT1:DATA:FMSD:DATA 1e-009;:DISP:WIND:TEXT2:DATA:FMSD:DATA 1e-009;:FORM:ASC:LONG ON;:FORM:BORD NORM;:FORM:DATA ASC,64;:FREQ:CW 16500;:FUNC:DEV1:MODE OFF;:FUNC:DEV1:REF:VAL 0;:FUNC:DEV2:MODE OFF;:FUNC:DEV2:REF:VAL 0;:FUNC:IMP:TYPE LSRS;:FUNC:SMON:IDC:STAT OFF;:FUNC:SMON:VDC:STAT OFF;:INIT:CONT OFF;:LIST:MODE SEQ;:LIST:STIM:TYPE FREQ,NONE;:SOUR:DCS:VOLT:LEV 0;:TRIG:DEL 0;:TRIG:SOUR INT;:TRIG:TDEL 0;:DISP:WIND:TEXT1:DATA:FMSD:STAT OFF;:DISP:WIND:TEXT2:DATA:FMSD:STAT OFF;:FUNC:DCR:RANG:VAL 100;:FUNC:IMP:RANG:VAL 1;:OUTP:DC:ISOL:LEV:VAL 0.02;:OUTP:DC:ISOL:STAT OFF;:FUNC:DCR:RANG:AUTO ON;:FUNC:IMP:RANG:AUTO ON;:OUTP:DC:ISOL:LEV:AUTO ON;:DISP:PAGE MEASurement;
"
17000.0,1.389973103e-07,-0.1180296935,4.99972e-05,5.94218e-06
17000.0,1.318431056e-07,-0.117567167,4.99975e-05,5.95686e-06
17000.0,1.357391891e-07,-0.1188750982,4.99918e-05,6.04959e-06
17000.0,1.290339328e-07,-0.1201752249,4.9995e-05,6.08761e-06
17000.0,1.354364012e-07,-0.1210897642,4.99919e-05,6.11957e-06
17000.0,1.303597917e-07,-0.12296449,4.99958e-05,6.18078e-06
17000.0,1.346328255e-07,-0.1226826078,4.9995e-05,6.17981e-06
17000.0,1.346695111e-07,-0.122708756,4.99931e-05,6.17807e-06
17000.0,1.327769395e-07,-0.1231944359,4.99927e-05,6.17702e-06
17000.0,1.290456998e-07,-0.12231102,4.9994e-05,6.09736e-06
17000.0,1.349211362e-07,-0.1207999702,4.99915e-05,6.06753e-06
17000.0,1.354936944e-07,-0.1205298709,4.99948e-05,5.99445e-06
17000.0,1.332283146e-07,-0.1190355591,4.99926e-05,5.99745e-06
17000.0,1.32509923e-07,-0.1186949716,4.99921e-05,5.99831e-06
17000.0,1.319556428e-07,-0.1191057127,4.99894e-05,6.02035e-06
17000.0,1.37686275e-07,-0.1190638769,4.99883e-05,6.01784e-06
Freq,17000,Rs,-0.12042676368125,0.001887991137119487,Ls,1.336456057875e-07,2.842180966564479e-09
":SOUR:DCS:STAT OFF;:BIAS:STAT OFF;:COMP:BIN:COUN:CLE;:LIST:CLE:ALL;:COMP:BIN:CLE;:AMPL:ALC OFF;:APER MED,4;:BIAS:POL:AUTO OFF;:BIAS:RANG:AUTO ON;:BIAS:VOLT:LEV 0;:COMP:ABIN OFF;:COMP:BIN:COUN:STAT OFF;:COMP:MODE PTOL;:COMP:SLIM -9.9e+037,9.9e+037;:COMP:STAT OFF;:COMP:SWAP OFF;:COMP:TOL:NOM 0;:CURR:LEV 5e-005;:DISP:ENAB ON;:DISP:LINE """";:DISP:WIND:TEXT1:DATA:FMSD:DATA 1e-009;:DISP:WIND:TEXT2:DATA:FMSD:DATA 1e-009;:FORM:ASC:LONG ON;:FORM:BORD NORM;:FORM:DATA ASC,64;:FREQ:CW 17000;:FUNC:DEV1:MODE OFF;:FUNC:DEV1:REF:VAL 0;:FUNC:DEV2:MODE OFF;:FUNC:DEV2:REF:VAL 0;:FUNC:IMP:TYPE LSRS;:FUNC:SMON:IDC:STAT OFF;:FUNC:SMON:VDC:STAT OFF;:INIT:CONT OFF;:LIST:MODE SEQ;:LIST:STIM:TYPE FREQ,NONE;:SOUR:DCS:VOLT:LEV 0;:TRIG:DEL 0;:TRIG:SOUR INT;:TRIG:TDEL 0;:DISP:WIND:TEXT1:DATA:FMSD:STAT OFF;:DISP:WIND:TEXT2:DATA:FMSD:STAT OFF;:FUNC:DCR:RANG:VAL 100;:FUNC:IMP:RANG:VAL 1;:OUTP:DC:ISOL:LEV:VAL 0.02;:OUTP:DC:ISOL:STAT OFF;:FUNC:DCR:RANG:AUTO ON;:FUNC:IMP:RANG:AUTO ON;:OUTP:DC:ISOL:LEV:AUTO ON;:DISP:PAGE MEASurement;
"
17500.0,1.306947072e-07,-0.1192447023,5.00037e-05,6.01591e-06
17500.0,1.359694755e-07,-0.1192486925,5.00045e-05,6.0357e-06
17500.0,1.314321703e-07,-0.1199777557,5.00023e-05,6.07046e-06
17500.0,1.342869823e-07,-0.1210997538,5.00064e-05,6.09761e-06
17500.0,1.309088386e-07,-0.121952515,5.00048e-05,6.15911e-06
17500.0,1.316699329e-07,-0.1223041848,5.00046e-05,6.13943e-06
17500.0,1.360819578e-07,-0.1225393389,5.00026e-05,6.17047e-06
17500.0,1.291714845e-07,-0.1231286778,5.00001e-05,6.13972e-06
17500.0,1.299789772e-07,-0.1230168807,5.00015e-05,6.14147e-06
17500.0,1.347886637e-07,-0.1222599311,5.0003e-05,6.16508e-06
17500.0,1.320755493e-07,-0.122265806,5.00045e-05,6.16755e-06
17500.0,1.315191877e-07,-0.12270788,5.00019e-05,6.20716e-06
17500.0,1.336848543e-07,-0.1235380975,5.00069e-05,6.25277e-06
17500.0,1.303371251e-07,-0.1233025955,5.00045e-05,6.23723e-06
17500.0,1.369122964e-07,-0.1237890164,5.00091e-05,6.20894e-06
17500.0,1.319921436e-07,-0.1240357682,5.00057e-05,6.23014e-06
Freq,17500,Rs,-0.1221507247625,0.0015152152287551317,Ls,1.3259402165e-07,2.3827516889379958e-09
":SOUR:DCS:STAT OFF;:BIAS:STAT OFF;:COMP:BIN:COUN:CLE;:LIST:CLE:ALL;:COMP:BIN:CLE;:AMPL:ALC OFF;:APER MED,4;:BIAS:POL:AUTO OFF;:BIAS:RANG:AUTO ON;:BIAS:VOLT:LEV 0;:COMP:ABIN OFF;:COMP:BIN:COUN:STAT OFF;:COMP:MODE PTOL;:COMP:SLIM -9.9e+037,9.9e+037;:COMP:STAT OFF;:COMP:SWAP OFF;:COMP:TOL:NOM 0;:CURR:LEV 5e-005;:DISP:ENAB ON;:DISP:LINE """";:DISP:WIND:TEXT1:DATA:FMSD:DATA 1e-009;:DISP:WIND:TEXT2:DATA:FMSD:DATA 1e-009;:FORM:ASC:LONG ON;:FORM:BORD NORM;:FORM:DATA ASC,64;:FREQ:CW 17500;:FUNC:DEV1:MODE OFF;:FUNC:DEV1:REF:VAL 0;:FUNC:DEV2:MODE OFF;:FUNC:DEV2:REF:VAL 0;:FUNC:IMP:TYPE LSRS;:FUNC:SMON:IDC:STAT OFF;:FUNC:SMON:VDC:STAT OFF;:INIT:CONT OFF;:LIST:MODE SEQ;:LIST:STIM:TYPE FREQ,NONE;:SOUR:DCS:VOLT:LEV 0;:TRIG:DEL 0;:TRIG:SOUR INT;:TRIG:TDEL 0;:DISP:WIND:TEXT1:DATA:FMSD:STAT OFF;:DISP:WIND:TEXT2:DATA:FMSD:STAT OFF;:FUNC:DCR:RANG:VAL 100;:FUNC:IMP:RANG:VAL 1;:OUTP:DC:ISOL:LEV:VAL 0.02;:OUTP:DC:ISOL:STAT OFF;:FUNC:DCR:RANG:AUTO ON;:FUNC:IMP:RANG:AUTO ON;:OUTP:DC:ISOL:LEV:AUTO ON;:DISP:PAGE MEASurement;
"
18000.0,1.373603913e-07,-0.1223932845,5.00104e-05,6.12227e-06
18000.0,1.338520877e-07,-0.1209414452,5.00179e-05,6.13918e-06
18000.0,1.326159805e-07,-0.1210640443,5.00126e-05,6.09459e-06
18000.0,1.341853091e-07,-0.1209227135,5.00142e-05,6.14453e-06
18000.0,1.330469107e-07,-0.1218771628,5.00202e-05,6.1531e-06
18000.0,1.31891679e-07,-0.1212853215,5.00175e-05,6.11659e-06
18000.0,1.355983127e-07,-0.1213530261,5.00136e-05,6.08466e-06
18000.0,1.39463829e-07,-0.12065996,5.00146e-05,6.11949e-06
18000.0,1.350057623e-07,-0.1212715573,5.00154e-05,6.14555e-06
18000.0,1.321086969e-07,-0.1220985696,5.00135e-05,6.14542e-06
18000.0,1.336669834e-07,-0.1218642094,5.00103e-05,6.21685e-06
18000.0,1.365012994e-07,-0.1232045768,5.00169e-05,6.22951e-06
18000.0,1.282806436e-07,-0.1236852763,5.00132e-05,6.20077e-06
18000.0,1.367849525e-07,-0.1233435771,5.00147e-05,6.23225e-06
18000.0,1.342820356e-07,-0.1243435691,5.00162e-05,6.23201e-06
18000.0,1.33779464e-07,-0.1235479173,5.001e-05,6.24062e-06
Freq,18000,Rs,-0.122116013175,0.0011656206045717247,Ls,1.3427652110625e-07,2.599398957852469e-09
":SOUR:DCS:STAT OFF;:BIAS:STAT OFF;:COMP:BIN:COUN:CLE;:LIST:CLE:ALL;:COMP:BIN:CLE;:AMPL:ALC OFF;:APER MED,4;:BIAS:POL:AUTO OFF;:BIAS:RANG:AUTO ON;:BIAS:VOLT:LEV 0;:COMP:ABIN OFF;:COMP:BIN:COUN:STAT OFF;:COMP:MODE PTOL;:COMP:SLIM -9.9e+037,9.9e+037;:COMP:STAT OFF;:COMP:SWAP OFF;:COMP:TOL:NOM 0;:CURR:LEV 5e-005;:DISP:ENAB ON;:DISP:LINE """";:DISP:WIND:TEXT1:DATA:FMSD:DATA 1e-009;:DISP:WIND:TEXT2:DATA:FMSD:DATA 1e-009;:FORM:ASC:LONG ON;:FORM:BORD NORM;:FORM:DATA ASC,64;:FREQ:CW 18000;:FUNC:DEV1:MODE OFF;:FUNC:DEV1:REF:VAL 0;:FUNC:DEV2:MODE OFF;:FUNC:DEV2:REF:VAL 0;:FUNC:IMP:TYPE LSRS;:FUNC:SMON:IDC:STAT OFF;:FUNC:SMON:VDC:STAT OFF;:INIT:CONT OFF;:LIST:MODE SEQ;:LIST:STIM:TYPE FREQ,NONE;:SOUR:DCS:VOLT:LEV 0;:TRIG:DEL 0;:TRIG:SOUR INT;:TRIG:TDEL 0;:DISP:WIND:TEXT1:DATA:FMSD:STAT OFF;:DISP:WIND:TEXT2:DATA:FMSD:STAT OFF;:FUNC:DCR:RANG:VAL 100;:FUNC:IMP:RANG:VAL 1;:OUTP:DC:ISOL:LEV:VAL 0.02;:OUTP:DC:ISOL:STAT OFF;:FUNC:DCR:RANG:AUTO ON;:FUNC:IMP:RANG:AUTO ON;:OUTP:DC:ISOL:LEV:AUTO ON;:DISP:PAGE MEASurement;
"
18500.0,1.330136707e-07,-0.1236714104,5.00224e-05,6.19723e-06
18500.0,1.380754646e-07,-0.1233415745,5.00244e-05,6.18784e-06
18500.0,1.32603827e-07,-0.1222945724,5.00235e-05,6.13045e-06
18500.0,1.310825957e-07,-0.1220592067,5.00264e-05,6.12318e-06
18500.0,1.310210275e-07,-0.121363523,5.00202e-05,6.1098e-06
18500.0,1.336352144e-07,-0.1208735648,5.00235e-05,6.06068e-06
18500.0,1.293127335e-07,-0.1198955687,5.00255e-05,6.01432e-06
18500.0,1.315648574e-07,-0.1188286017,5.00237e-05,5.95946e-06
18500.0,1.305936887e-07,-0.118145591,5.002e-05,5.92149e-06
18500.0,1.336323934e-07,-0.1176320898,5.0021e-05,5.92104e-06
18500.0,1.297651309e-07,-0.1176610741,5.00255e-05,5.98335e-06
18500.0,1.303356243e-07,-0.1183644781,5.00256e-05,6.00098e-06
18500.0,1.303515473e-07,-0.118703699,5.00203e-05,5.97906e-06
18500.0,1.387850892e-07,-0.1192032319,5.00232e-05,6.0205e-06
18500.0,1.283195198e-07,-0.1190216463,5.00213e-05,6.02023e-06
18500.0,1.347448494e-07,-0.1198574091,5.00251e-05,6.02567e-06
Freq,18500,Rs,-0.12005732759375001,0.0019763207866102033,Ls,1.3230232711250002e-07,2.9548586352361126e-09
":SOUR:DCS:STAT OFF;:BIAS:STAT OFF;:COMP:BIN:COUN:CLE;:LIST:CLE:ALL;:COMP:BIN:CLE;:AMPL:ALC OFF;:APER MED,4;:BIAS:POL:AUTO OFF;:BIAS:RANG:AUTO ON;:BIAS:VOLT:LEV 0;:COMP:ABIN OFF;:COMP:BIN:COUN:STAT OFF;:COMP:MODE PTOL;:COMP:SLIM -9.9e+037,9.9e+037;:COMP:STAT OFF;:COMP:SWAP OFF;:COMP:TOL:NOM 0;:CURR:LEV 5e-005;:DISP:ENAB ON;:DISP:LINE """";:DISP:WIND:TEXT1:DATA:FMSD:DATA 1e-009;:DISP:WIND:TEXT2:DATA:FMSD:DATA 1e-009;:FORM:ASC:LONG ON;:FORM:BORD NORM;:FORM:DATA ASC,64;:FREQ:CW 18500;:FUNC:DEV1:MODE OFF;:FUNC:DEV1:REF:VAL 0;:FUNC:DEV2:MODE OFF;:FUNC:DEV2:REF:VAL 0;:FUNC:IMP:TYPE LSRS;:FUNC:SMON:IDC:STAT OFF;:FUNC:SMON:VDC:STAT OFF;:INIT:CONT OFF;:LIST:MODE SEQ;:LIST:STIM:TYPE FREQ,NONE;:SOUR:DCS:VOLT:LEV 0;:TRIG:DEL 0;:TRIG:SOUR INT;:TRIG:TDEL 0;:DISP:WIND:TEXT1:DATA:FMSD:STAT OFF;:DISP:WIND:TEXT2:DATA:FMSD:STAT OFF;:FUNC:DCR:RANG:VAL 100;:FUNC:IMP:RANG:VAL 1;:OUTP:DC:ISOL:LEV:VAL 0.02;:OUTP:DC:ISOL:STAT OFF;:FUNC:DCR:RANG:AUTO ON;:FUNC:IMP:RANG:AUTO ON;:OUTP:DC:ISOL:LEV:AUTO ON;:DISP:PAGE MEASurement;
"
19000.0,1.333491643e-07,-0.1188100038,5.00304e-05,6.07011e-06
19000.0,1.370052501e-07,-0.1199098599,5.00301e-05,6.08636e-06
19000.0,1.354656248e-07,-0.1212293609,5.00292e-05,6.0695e-06
19000.0,1.343799366e-07,-0.1205455165,5.0027e-05,6.09365e-06
19000.0,1.348789971e-07,-0.1216443707,5.00315e-05,6.07289e-06
19000.0,1.319654256e-07,-0.1206262391,5.00314e-05,6.14202e-06
19000.0,1.30761329e-07,-0.1206516206,5.00302e-05,6.10376e-06
19000.0,1.386261609e-07,-0.1215294138,5.0028e-05,6.08643e-06
19000.0,1.363929913e-07,-0.1203984429,5.00276e-05,6.0467e-06
19000.0,1.324831654e-07,-0.1207353871,5.00282e-05,6.00935e-06
19000.0,1.299010505e-07,-0.1189755662,5.00259e-05,5.9831e-06
19000.0,1.38266986e-07,-0.1189544987,5.00316e-05,5.99284e-06
19000.0,1.265723391e-07,-0.1188563713,5.00338e-05,6.00616e-06
19000.0,1.347549109e-07,-0.1190959593,5.00314e-05,5.99262e-06
19000.0,1.273952841e-07,-0.11786975,5.00285e-05,5.98434e-06
19000.0,1.348067874e-07,-0.1185429345,5.00298e-05,5.99858e-06
Freq,19000,Rs,-0.11989845595625,0.0011706485269538823,Ls,1.3356283769375e-07,3.545336829116408e-09
":SOUR:DCS:STAT OFF;:BIAS:STAT OFF;:COMP:BIN:COUN:CLE;:LIST:CLE:ALL;:COMP:BIN:CLE;:AMPL:ALC OFF;:APER MED,4;:BIAS:POL:AUTO OFF;:BIAS:RANG:AUTO ON;:BIAS:VOLT:LEV 0;:COMP:ABIN OFF;:COMP:BIN:COUN:STAT OFF;:COMP:MODE PTOL;:COMP:SLIM -9.9e+037,9.9e+037;:COMP:STAT OFF;:COMP:SWAP OFF;:COMP:TOL:NOM 0;:CURR:LEV 5e-005;:DISP:ENAB ON;:DISP:LINE """";:DISP:WIND:TEXT1:DATA:FMSD:DATA 1e-009;:DISP:WIND:TEXT2:DATA:FMSD:DATA 1e-009;:FORM:ASC:LONG ON;:FORM:BORD NORM;:FORM:DATA ASC,64;:FREQ:CW 19000;:FUNC:DEV1:MODE OFF;:FUNC:DEV1:REF:VAL 0;:FUNC:DEV2:MODE OFF;:FUNC:DEV2:REF:VAL 0;:FUNC:IMP:TYPE LSRS;:FUNC:SMON:IDC:STAT OFF;:FUNC:SMON:VDC:STAT OFF;:INIT:CONT OFF;:LIST:MODE SEQ;:LIST:STIM:TYPE FREQ,NONE;:SOUR:DCS:VOLT:LEV 0;:TRIG:DEL 0;:TRIG:SOUR INT;:TRIG:TDEL 0;:DISP:WIND:TEXT1:DATA:FMSD:STAT OFF;:DISP:WIND:TEXT2:DATA:FMSD:STAT OFF;:FUNC:DCR:RANG:VAL 100;:FUNC:IMP:RANG:VAL 1;:OUTP:DC:ISOL:LEV:VAL 0.02;:OUTP:DC:ISOL:STAT OFF;:FUNC:DCR:RANG:AUTO ON;:FUNC:IMP:RANG:AUTO ON;:OUTP:DC:ISOL:LEV:AUTO ON;:DISP:PAGE MEASurement;
"
19500.0,1.312984595e-07,-0.118697047,5.00352e-05,5.9816e-06
19500.0,1.322112326e-07,-0.1185704402,5.0035e-05,6.03567e-06
19500.0,1.357798163e-07,-0.1189636828,5.00381e-05,6.0197e-06
19500.0,1.388994302e-07,-0.1190487172,5.00351e-05,6.02487e-06
19500.0,1.322691546e-07,-0.1192102801,5.00366e-05,5.9831e-06
19500.0,1.333127701e-07,-0.1182845158,5.00336e-05,6.0225e-06
19500.0,1.307889653e-07,-0.1179599534,5.0035e-05,6.00289e-06
19500.0,1.30907639e-07,-0.1188748471,5.00401e-05,6.04089e-06
19500.0,1.339969364e-07,-0.1204040928,5.00399e-05,6.07902e-06
19500.0,1.328550384e-07,-0.1201405614,5.00365e-05,6.05566e-06
19500.0,1.328303712e-07,-0.1213582965,5.00341e-05,6.09718e-06
19500.0,1.314863682e-07,-0.1201996708,5.00419e-05,6.09769e-06
19500.0,1.277448597e-07,-0.1212204072,5.00397e-05,6.11072e-06
19500.0,1.322027723e-07,-0.120980726,5.00403e-05,6.09741e-06
19500.0,1.335138356e-07,-0.1217166074,5.00395e-05,6.17036e-06
19500.0,1.358803969e-07,-0.1222043356,5.00384e-05,6.20857e-06
Freq,19500,Rs,-0.11986463633125001,0.0013353224218260215,Ls,1.3287362789375002e-07,2.527695605707572e-09
":SOUR:DCS:STAT OFF;:BIAS:STAT OFF;:COMP:BIN:COUN:CLE;:LIST:CLE:ALL;:COMP:BIN:CLE;:AMPL:ALC OFF;:APER MED,4;:BIAS:POL:AUTO OFF;:BIAS:RANG:AUTO ON;:BIAS:VOLT:LEV 0;:COMP:ABIN OFF;:COMP:BIN:COUN:STAT OFF;:COMP:MODE PTOL;:COMP:SLIM -9.9e+037,9.9e+037;:COMP:STAT OFF;:COMP:SWAP OFF;:COMP:TOL:NOM 0;:CURR:LEV 5e-005;:DISP:ENAB ON;:DISP:LINE """";:DISP:WIND:TEXT1:DATA:FMSD:DATA 1e-009;:DISP:WIND:TEXT2:DATA:FMSD:DATA 1e-009;:FORM:ASC:LONG ON;:FORM:BORD NORM;:FORM:DATA ASC,64;:FREQ:CW 19500;:FUNC:DEV1:MODE OFF;:FUNC:DEV1:REF:VAL 0;:FUNC:DEV2:MODE OFF;:FUNC:DEV2:REF:VAL 0;:FUNC:IMP:TYPE LSRS;:FUNC:SMON:IDC:STAT OFF;:FUNC:SMON:VDC:STAT OFF;:INIT:CONT OFF;:LIST:MODE SEQ;:LIST:STIM:TYPE FREQ,NONE;:SOUR:DCS:VOLT:LEV 0;:TRIG:DEL 0;:TRIG:SOUR INT;:TRIG:TDEL 0;:DISP:WIND:TEXT1:DATA:FMSD:STAT OFF;:DISP:WIND:TEXT2:DATA:FMSD:STAT OFF;:FUNC:DCR:RANG:VAL 100;:FUNC:IMP:RANG:VAL 1;:OUTP:DC:ISOL:LEV:VAL 0.02;:OUTP:DC:ISOL:STAT OFF;:FUNC:DCR:RANG:AUTO ON;:FUNC:IMP:RANG:AUTO ON;:OUTP:DC:ISOL:LEV:AUTO ON;:DISP:PAGE MEASurement;
"
20000.0,1.361350023e-07,-0.1226405567,5.0046e-05,6.16272e-06
20000.0,1.308053865e-07,-0.1222325349,5.00417e-05,6.15869e-06
20000.0,1.314654598e-07,-0.1217480805,5.0047e-05,6.13963e-06
20000.0,1.324352128e-07,-0.1214454291,5.00391e-05,6.13679e-06
20000.0,1.357295424e-07,-0.1209612607,5.00468e-05,6.08771e-06
20000.0,1.359699443e-07,-0.1202564539,5.0039e-05,6.07798e-06
20000.0,1.300572506e-07,-0.1211526795,5.00406e-05,6.04527e-06
20000.0,1.322177424e-07,-0.1199783172,5.00385e-05,6.0686e-06
20000.0,1.286079992e-07,-0.1205367969,5.00409e-05,6.07095e-06
20000.0,1.323651172e-07,-0.1211799568,5.00403e-05,6.06003e-06
20000.0,1.267166287e-07,-0.1199830013,5.00397e-05,6.09848e-06
20000.0,1.380392417e-07,-0.120281961,5.00399e-05,6.11022e-06
20000.0,1.356518146e-07,-0.1205318273,5.004e-05,6.1327e-06
20000.0,1.387707851e-07,-0.1208291823,5.004e-05,6.15837e-06
20000.0,1.312288996e-07,-0.1218193592,5.00433e-05,6.18596e-06
20000.0,1.254809867e-07,-0.1226317249,5.00406e-05,6.22021e-06
Freq,20000,Rs,-0.1211380701375,0.0008818216948136082,Ls,1.3260481336875e-07,3.8724340001733416e-09
":SOUR:DCS:STAT OFF;:BIAS:STAT OFF;:COMP:BIN:COUN:CLE;:LIST:CLE:ALL;:COMP:BIN:CLE;:AMPL:ALC OFF;:APER MED,4;:BIAS:POL:AUTO OFF;:BIAS:RANG:AUTO ON;:BIAS:VOLT:LEV 0;:COMP:ABIN OFF;:COMP:BIN:COUN:STAT OFF;:COMP:MODE PTOL;:COMP:SLIM -9.9e+037,9.9e+037;:COMP:STAT OFF;:COMP:SWAP OFF;:COMP:TOL:NOM 0;:CURR:LEV 5e-005;:DISP:ENAB ON;:DISP:LINE """";:DISP:WIND:TEXT1:DATA:FMSD:DATA 1e-009;:DISP:WIND:TEXT2:DATA:FMSD:DATA 1e-009;:FORM:ASC:LONG ON;:FORM:BORD NORM;:FORM:DATA ASC,64;:FREQ:CW 20000;:FUNC:DEV1:MODE OFF;:FUNC:DEV1:REF:VAL 0;:FUNC:DEV2:MODE OFF;:FUNC:DEV2:REF:VAL 0;:FUNC:IMP:TYPE LSRS;:FUNC:SMON:IDC:STAT OFF;:FUNC:SMON:VDC:STAT OFF;:INIT:CONT OFF;:LIST:MODE SEQ;:LIST:STIM:TYPE FREQ,NONE;:SOUR:DCS:VOLT:LEV 0;:TRIG:DEL 0;:TRIG:SOUR INT;:TRIG:TDEL 0;:DISP:WIND:TEXT1:DATA:FMSD:STAT OFF;:DISP:WIND:TEXT2:DATA:FMSD:STAT OFF;:FUNC:DCR:RANG:VAL 100;:FUNC:IMP:RANG:VAL 1;:OUTP:DC:ISOL:LEV:VAL 0.02;:OUTP:DC:ISOL:STAT OFF;:FUNC:DCR:RANG:AUTO ON;:FUNC:IMP:RANG:AUTO ON;:OUTP:DC:ISOL:LEV:AUTO ON;:DISP:PAGE MEASurement;
"
20500.0,1.261075506e-07,-0.1260520946,5.00421e-05,6.31893e-06
20500.0,1.30021866e-07,-0.1245312405,5.00419e-05,6.32552e-06
20500.0,1.321271314e-07,-0.1251093775,5.00421e-05,6.33204e-06
20500.0,1.337662341e-07,-0.1251760972,5.00478e-05,6.32105e-06
20500.0,1.307870336e-07,-0.1269910808,5.00458e-05,6.39636e-06
20500.0,1.36456011e-07,-0.1256740853,5.00414e-05,6.43612e-06
20500.0,1.326750099e-07,-0.1269505688,5.00487e-05,6.4052e-06
20500.0,1.316926709e-07,-0.1269112065,5.00471e-05,6.47144e-06
20500.0,1.407976538e-07,-0.1285623407,5.00454e-05,6.46882e-06
20500.0,1.289373986e-07,-0.1284745236,5.00484e-05,6.52572e-06
20500.0,1.319778855e-07,-0.1292780541,5.00432e-05,6.56024e-06
20500.0,1.3328519e-07,-0.1296853006,5.00453e-05,6.62452e-06
20500.0,1.296226971e-07,-0.1303088824,5.00485e-05,6.63146e-06
20500.0,1.313585923e-07,-0.1319470251,5.00442e-05,6.6911e-06
20500.0,1.308991515e-07,-0.1318577689,5.00453e-05,6.69794e-06
20500.0,1.298547039e-07,-0.1330587139,5.00479e-05,6.71238e-06
Freq,20500,Rs,-0.12816052253125,0.002669045026615851,Ls,1.318979237625e-07,3.304421232938146e-09
":SOUR:DCS:STAT OFF;:BIAS:STAT OFF;:COMP:BIN:COUN:CLE;:LIST:CLE:ALL;:COMP:BIN:CLE;:AMPL:ALC OFF;:APER MED,4;:BIAS:POL:AUTO OFF;:BIAS:RANG:AUTO ON;:BIAS:VOLT:LEV 0;:COMP:ABIN OFF;:COMP:BIN:COUN:STAT OFF;:COMP:MODE PTOL;:COMP:SLIM -9.9e+037,9.9e+037;:COMP:STAT OFF;:COMP:SWAP OFF;:COMP:TOL:NOM 0;:CURR:LEV 5e-005;:DISP:ENAB ON;:DISP:LINE """";:DISP:WIND:TEXT1:DATA:FMSD:DATA 1e-009;:DISP:WIND:TEXT2:DATA:FMSD:DATA 1e-009;:FORM:ASC:LONG ON;:FORM:BORD NORM;:FORM:DATA ASC,64;:FREQ:CW 20500;:FUNC:DEV1:MODE OFF;:FUNC:DEV1:REF:VAL 0;:FUNC:DEV2:MODE OFF;:FUNC:DEV2:REF:VAL 0;:FUNC:IMP:TYPE LSRS;:FUNC:SMON:IDC:STAT OFF;:FUNC:SMON:VDC:STAT OFF;:INIT:CONT OFF;:LIST:MODE SEQ;:LIST:STIM:TYPE FREQ,NONE;:SOUR:DCS:VOLT:LEV 0;:TRIG:DEL 0;:TRIG:SOUR INT;:TRIG:TDEL 0;:DISP:WIND:TEXT1:DATA:FMSD:STAT OFF;:DISP:WIND:TEXT2:DATA:FMSD:STAT OFF;:FUNC:DCR:RANG:VAL 100;:FUNC:IMP:RANG:VAL 1;:OUTP:DC:ISOL:LEV:VAL 0.02;:OUTP:DC:ISOL:STAT OFF;:FUNC:DCR:RANG:AUTO ON;:FUNC:IMP:RANG:AUTO ON;:OUTP:DC:ISOL:LEV:AUTO ON;:DISP:PAGE MEASurement;
"
21000.0,1.342887751e-07,-0.138061378,5.00445e-05,6.95735e-06
21000.0,1.33520932e-07,-0.1384178197,5.00509e-05,7.00618e-06
21000.0,1.352386168e-07,-0.1391441946,5.00502e-05,7.03273e-06
21000.0,1.340254091e-07,-0.139534867,5.00437e-05,7.06836e-06
21000.0,1.365599785e-07,-0.1395542295,5.00415e-05,7.07821e-06
21000.0,1.340134269e-07,-0.140194346,5.00431e-05,7.12322e-06
21000.0,1.302955869e-07,-0.1410145125,5.0044e-05,7.12241e-06
21000.0,1.334916657e-07,-0.1413926105,5.00439e-05,7.15344e-06
21000.0,1.319251632e-07,-0.1423182797,5.00439e-05,7.19997e-06
21000.0,1.31580875e-07,-0.1416919445,5.00422e-05,7.15124e-06
21000.0,1.350441582e-07,-0.1414331594,5.00435e-05,7.17426e-06
21000.0,1.394996388e-07,-0.1416811857,5.00485e-05,7.15688e-06
21000.0,1.354586282e-07,-0.1420214865,5.00438e-05,7.20081e-06
21000.0,1.32484282e-07,-0.1423176967,5.00413e-05,7.20857e-06
21000.0,1.352712674e-07,-0.1439375016,5.00432e-05,7.19846e-06
21000.0,1.350136012e-07,-0.1431194949,5.00477e-05,7.29367e-06
Freq,21000,Rs,-0.140989669175,0.0016843392885794888,Ls,1.342320003125e-07,2.1615301791458864e-09
":SOUR:DCS:STAT OFF;:BIAS:STAT OFF;:COMP:BIN:COUN:CLE;:LIST:CLE:ALL;:COMP:BIN:CLE;:AMPL:ALC OFF;:APER MED,4;:BIAS:POL:AUTO OFF;:BIAS:RANG:AUTO ON;:BIAS:VOLT:LEV 0;:COMP:ABIN OFF;:COMP:BIN:COUN:STAT OFF;:COMP:MODE PTOL;:COMP:SLIM -9.9e+037,9.9e+037;:COMP:STAT OFF;:COMP:SWAP OFF;:COMP:TOL:NOM 0;:CURR:LEV 5e-005;:DISP:ENAB ON;:DISP:LINE """";:DISP:WIND:TEXT1:DATA:FMSD:DATA 1e-009;:DISP:WIND:TEXT2:DATA:FMSD:DATA 1e-009;:FORM:ASC:LONG ON;:FORM:BORD NORM;:FORM:DATA ASC,64;:FREQ:CW 21000;:FUNC:DEV1:MODE OFF;:FUNC:DEV1:REF:VAL 0;:FUNC:DEV2:MODE OFF;:FUNC:DEV2:REF:VAL 0;:FUNC:IMP:TYPE LSRS;:FUNC:SMON:IDC:STAT OFF;:FUNC:SMON:VDC:STAT OFF;:INIT:CONT OFF;:LIST:MODE SEQ;:LIST:STIM:TYPE FREQ,NONE;:SOUR:DCS:VOLT:LEV 0;:TRIG:DEL 0;:TRIG:SOUR INT;:TRIG:TDEL 0;:DISP:WIND:TEXT1:DATA:FMSD:STAT OFF;:DISP:WIND:TEXT2:DATA:FMSD:STAT OFF;:FUNC:DCR:RANG:VAL 100;:FUNC:IMP:RANG:VAL 1;:OUTP:DC:ISOL:LEV:VAL 0.02;:OUTP:DC:ISOL:STAT OFF;:FUNC:DCR:RANG:AUTO ON;:FUNC:IMP:RANG:AUTO ON;:OUTP:DC:ISOL:LEV:AUTO ON;:DISP:PAGE MEASurement;
"
22000.0,1.350265191e-07,-0.1461510676,5.00391e-05,7.38293e-06
22000.0,1.317287947e-07,-0.1463205181,5.00383e-05,7.33925e-06
22000.0,1.359151626e-07,-0.1463042152,5.00379e-05,7.38622e-06
22000.0,1.319351762e-07,-0.1461413068,5.00438e-05,7.33879e-06
22000.0,1.315948299e-07,-0.1451976994,5.00379e-05,7.40716e-06
22000.0,1.37197404e-07,-0.1463074425,5.00365e-05,7.39697e-06
22000.0,1.344298614e-07,-0.1460776717,5.00401e-05,7.37353e-06
22000.0,1.343143916e-07,-0.1461336511,5.00373e-05,7.3738e-06
22000.0,1.295148906e-07,-0.1466763183,5.0037e-05,7.39565e-06
22000.0,1.310685206e-07,-0.1464902295,5.00371e-05,7.35734e-06
22000.0,1.315694451e-07,-0.1461763142,5.00429e-05,7.37689e-06
22000.0,1.337749992e-07,-0.1470318362,5.00437e-05,7.37172e-06
22000.0,1.310565149e-07,-0.1454352272,5.00382e-05,7.37228e-06
22000.0,1.343356882e-07,-0.1461577189,5.00428e-05,7.3354e-06
22000.0,1.364214082e-07,-0.1447033586,5.00417e-05,7.30312e-06
22000.0,1.329857319e-07,-0.145413775,5.00426e-05,7.27042e-06
Freq,22000,Rs,-0.14604489689375,0.0005848193460099298,Ls,1.333043336375e-07,2.2064880144177594e-09
":SOUR:DCS:STAT OFF;:BIAS:STAT OFF;:COMP:BIN:COUN:CLE;:LIST:CLE:ALL;:COMP:BIN:CLE;:AMPL:ALC OFF;:APER MED,4;:BIAS:POL:AUTO OFF;:BIAS:RANG:AUTO ON;:BIAS:VOLT:LEV 0;:COMP:ABIN OFF;:COMP:BIN:COUN:STAT OFF;:COMP:MODE PTOL;:COMP:SLIM -9.9e+037,9.9e+037;:COMP:STAT OFF;:COMP:SWAP OFF;:COMP:TOL:NOM 0;:CURR:LEV 5e-005;:DISP:ENAB ON;:DISP:LINE """";:DISP:WIND:TEXT1:DATA:FMSD:DATA 1e-009;:DISP:WIND:TEXT2:DATA:FMSD:DATA 1e-009;:FORM:ASC:LONG ON;:FORM:BORD NORM;:FORM:DATA ASC,64;:FREQ:CW 22000;:FUNC:DEV1:MODE OFF;:FUNC:DEV1:REF:VAL 0;:FUNC:DEV2:MODE OFF;:FUNC:DEV2:REF:VAL 0;:FUNC:IMP:TYPE LSRS;:FUNC:SMON:IDC:STAT OFF;:FUNC:SMON:VDC:STAT OFF;:INIT:CONT OFF;:LIST:MODE SEQ;:LIST:STIM:TYPE FREQ,NONE;:SOUR:DCS:VOLT:LEV 0;:TRIG:DEL 0;:TRIG:SOUR INT;:TRIG:TDEL 0;:DISP:WIND:TEXT1:DATA:FMSD:STAT OFF;:DISP:WIND:TEXT2:DATA:FMSD:STAT OFF;:FUNC:DCR:RANG:VAL 100;:FUNC:IMP:RANG:VAL 1;:OUTP:DC:ISOL:LEV:VAL 0.02;:OUTP:DC:ISOL:STAT OFF;:FUNC:DCR:RANG:AUTO ON;:FUNC:IMP:RANG:AUTO ON;:OUTP:DC:ISOL:LEV:AUTO ON;:DISP:PAGE MEASurement;
"
24000.0,1.342149672e-07,-0.1420274572,4.99894e-05,7.14856e-06
24000.0,1.304086854e-07,-0.1411322074,4.99886e-05,7.12913e-06
24000.0,1.33339448e-07,-0.1409440162,4.99926e-05,7.10183e-06
24000.0,1.293678473e-07,-0.1410136264,4.99943e-05,7.10078e-06
24000.0,1.335075212e-07,-0.1408284341,4.99886e-05,7.12615e-06
24000.0,1.334292901e-07,-0.141289286,4.99937e-05,7.14827e-06
24000.0,1.340761496e-07,-0.1414158706,4.99878e-05,7.13099e-06
24000.0,1.345113481e-07,-0.1417392801,4.99871e-05,7.17818e-06
24000.0,1.305501742e-07,-0.1422047271,4.99872e-05,7.23081e-06
24000.0,1.297860737e-07,-0.1428996641,4.99874e-05,7.23817e-06
24000.0,1.336101092e-07,-0.1432576232,4.99902e-05,7.26648e-06
24000.0,1.3077419e-07,-0.1439625077,4.99882e-05,7.27061e-06
24000.0,1.301634691e-07,-0.1450431963,4.999e-05,7.32943e-06
24000.0,1.337678633e-07,-0.1450440994,4.99861e-05,7.29401e-06
24000.0,1.339962844e-07,-0.1446573255,4.9994e-05,7.28841e-06
24000.0,1.321532845e-07,-0.1445205386,4.99901e-05,7.27631e-06
Freq,24000,Rs,-0.14262374124375002,0.001573325674934963,Ls,1.3235354408125e-07,1.8384582852163265e-09
":SOUR:DCS:STAT OFF;:BIAS:STAT OFF;:COMP:BIN:COUN:CLE;:LIST:CLE:ALL;:COMP:BIN:CLE;:AMPL:ALC OFF;:APER MED,4;:BIAS:POL:AUTO OFF;:BIAS:RANG:AUTO ON;:BIAS:VOLT:LEV 0;:COMP:ABIN OFF;:COMP:BIN:COUN:STAT OFF;:COMP:MODE PTOL;:COMP:SLIM -9.9e+037,9.9e+037;:COMP:STAT OFF;:COMP:SWAP OFF;:COMP:TOL:NOM 0;:CURR:LEV 5e-005;:DISP:ENAB ON;:DISP:LINE """";:DISP:WIND:TEXT1:DATA:FMSD:DATA 1e-009;:DISP:WIND:TEXT2:DATA:FMSD:DATA 1e-009;:FORM:ASC:LONG ON;:FORM:BORD NORM;:FORM:DATA ASC,64;:FREQ:CW 24000;:FUNC:DEV1:MODE OFF;:FUNC:DEV1:REF:VAL 0;:FUNC:DEV2:MODE OFF;:FUNC:DEV2:REF:VAL 0;:FUNC:IMP:TYPE LSRS;:FUNC:SMON:IDC:STAT OFF;:FUNC:SMON:VDC:STAT OFF;:INIT:CONT OFF;:LIST:MODE SEQ;:LIST:STIM:TYPE FREQ,NONE;:SOUR:DCS:VOLT:LEV 0;:TRIG:DEL 0;:TRIG:SOUR INT;:TRIG:TDEL 0;:DISP:WIND:TEXT1:DATA:FMSD:STAT OFF;:DISP:WIND:TEXT2:DATA:FMSD:STAT OFF;:FUNC:DCR:RANG:VAL 100;:FUNC:IMP:RANG:VAL 1;:OUTP:DC:ISOL:LEV:VAL 0.02;:OUTP:DC:ISOL:STAT OFF;:FUNC:DCR:RANG:AUTO ON;:FUNC:IMP:RANG:AUTO ON;:OUTP:DC:ISOL:LEV:AUTO ON;:DISP:PAGE MEASurement;
"
25000.0,1.352056776e-07,-0.1442210519,5.00475e-05,7.28289e-06
25000.0,1.330349204e-07,-0.1438442497,5.00485e-05,7.27634e-06
25000.0,1.279937776e-07,-0.1443797503,5.00507e-05,7.32548e-06
25000.0,1.321792069e-07,-0.1451589588,5.00533e-05,7.33755e-06
25000.0,1.337220228e-07,-0.1449186065,5.00464e-05,7.34803e-06
25000.0,1.348451135e-07,-0.1456407997,5.00513e-05,7.31552e-06
25000.0,1.302785158e-07,-0.144851785,5.00443e-05,7.32574e-06
25000.0,1.345347343e-07,-0.14494684,5.00527e-05,7.34871e-06
25000.0,1.376757931e-07,-0.144372982,5.00523e-05,7.34503e-06
25000.0,1.335219995e-07,-0.1451001626,5.00463e-05,7.39374e-06
25000.0,1.330148519e-07,-0.1458087729,5.00531e-05,7.35103e-06
25000.0,1.33559695e-07,-0.1462913366,5.00538e-05,7.37753e-06
25000.0,1.30668413e-07,-0.1460091459,5.00533e-05,7.36815e-06
25000.0,1.327662446e-07,-0.1456550533,5.00466e-05,7.40288e-06
25000.0,1.310594657e-07,-0.1461133417,5.00543e-05,7.3451e-06
25000.0,1.290521599e-07,-0.1457439493,5.00461e-05,7.35155e-06
Freq,25000,Rs,-0.14519104913750003,0.0007382795975934144,Ls,1.32694536975e-07,2.4506866925378293e-09
":SOUR:DCS:STAT OFF;:BIAS:STAT OFF;:COMP:BIN:COUN:CLE;:LIST:CLE:ALL;:COMP:BIN:CLE;:AMPL:ALC OFF;:APER MED,4;:BIAS:POL:AUTO OFF;:BIAS:RANG:AUTO ON;:BIAS:VOLT:LEV 0;:COMP:ABIN OFF;:COMP:BIN:COUN:STAT OFF;:COMP:MODE PTOL;:COMP:SLIM -9.9e+037,9.9e+037;:COMP:STAT OFF;:COMP:SWAP OFF;:COMP:TOL:NOM 0;:CURR:LEV 5e-005;:DISP:ENAB ON;:DISP:LINE """";:DISP:WIND:TEXT1:DATA:FMSD:DATA 1e-009;:DISP:WIND:TEXT2:DATA:FMSD:DATA 1e-009;:FORM:ASC:LONG ON;:FORM:BORD NORM;:FORM:DATA ASC,64;:FREQ:CW 25000;:FUNC:DEV1:MODE OFF;:FUNC:DEV1:REF:VAL 0;:FUNC:DEV2:MODE OFF;:FUNC:DEV2:REF:VAL 0;:FUNC:IMP:TYPE LSRS;:FUNC:SMON:IDC:STAT OFF;:FUNC:SMON:VDC:STAT OFF;:INIT:CONT OFF;:LIST:MODE SEQ;:LIST:STIM:TYPE FREQ,NONE;:SOUR:DCS:VOLT:LEV 0;:TRIG:DEL 0;:TRIG:SOUR INT;:TRIG:TDEL 0;:DISP:WIND:TEXT1:DATA:FMSD:STAT OFF;:DISP:WIND:TEXT2:DATA:FMSD:STAT OFF;:FUNC:DCR:RANG:VAL 100;:FUNC:IMP:RANG:VAL 1;:OUTP:DC:ISOL:LEV:VAL 0.02;:OUTP:DC:ISOL:STAT OFF;:FUNC:DCR:RANG:AUTO ON;:FUNC:IMP:RANG:AUTO ON;:OUTP:DC:ISOL:LEV:AUTO ON;:DISP:PAGE MEASurement;
"
30000.0,1.307545566e-07,-0.1466400388,4.99763e-05,7.43428e-06
30000.0,1.348779734e-07,-0.1469041526,4.99782e-05,7.47307e-06
30000.0,1.321847529e-07,-0.1480293547,4.99776e-05,7.49798e-06
30000.0,1.303211224e-07,-0.1478035171,4.99811e-05,7.48684e-06
30000.0,1.331210713e-07,-0.1479268875,4.99746e-05,7.46274e-06
30000.0,1.339333308e-07,-0.1465215277,4.99824e-05,7.47845e-06
30000.0,1.3233781e-07,-0.1468448,4.99826e-05,7.43242e-06
30000.0,1.363018933e-07,-0.1469052576,4.99766e-05,7.4124e-06
30000.0,1.344061971e-07,-0.1461718495,4.99803e-05,7.37897e-06
30000.0,1.334316709e-07,-0.1456764233,4.99828e-05,7.38965e-06
30000.0,1.337994033e-07,-0.1450441218,4.99755e-05,7.3532e-06
30000.0,1.33064773e-07,-0.1454212527,4.9976e-05,7.37487e-06
30000.0,1.323257377e-07,-0.145221602,4.99796e-05,7.38555e-06
30000.0,1.331926742e-07,-0.1456631398,4.99759e-05,7.35208e-06
30000.0,1.346490531e-07,-0.1454754268,4.99764e-05,7.42109e-06
30000.0,1.309345003e-07,-0.1466516702,4.99764e-05,7.40891e-06
Freq,30000,Rs,-0.14643131388125,0.0009640805418544283,Ls,1.3310228251875e-07,1.607349261554164e-09
":SOUR:DCS:STAT OFF;:BIAS:STAT OFF;:COMP:BIN:COUN:CLE;:LIST:CLE:ALL;:COMP:BIN:CLE;:AMPL:ALC OFF;:APER MED,4;:BIAS:POL:AUTO OFF;:BIAS:RANG:AUTO ON;:BIAS:VOLT:LEV 0;:COMP:ABIN OFF;:COMP:BIN:COUN:STAT OFF;:COMP:MODE PTOL;:COMP:SLIM -9.9e+037,9.9e+037;:COMP:STAT OFF;:COMP:SWAP OFF;:COMP:TOL:NOM 0;:CURR:LEV 5e-005;:DISP:ENAB ON;:DISP:LINE """";:DISP:WIND:TEXT1:DATA:FMSD:DATA 1e-009;:DISP:WIND:TEXT2:DATA:FMSD:DATA 1e-009;:FORM:ASC:LONG ON;:FORM:BORD NORM;:FORM:DATA ASC,64;:FREQ:CW 30000;:FUNC:DEV1:MODE OFF;:FUNC:DEV1:REF:VAL 0;:FUNC:DEV2:MODE OFF;:FUNC:DEV2:REF:VAL 0;:FUNC:IMP:TYPE LSRS;:FUNC:SMON:IDC:STAT OFF;:FUNC:SMON:VDC:STAT OFF;:INIT:CONT OFF;:LIST:MODE SEQ;:LIST:STIM:TYPE FREQ,NONE;:SOUR:DCS:VOLT:LEV 0;:TRIG:DEL 0;:TRIG:SOUR INT;:TRIG:TDEL 0;:DISP:WIND:TEXT1:DATA:FMSD:STAT OFF;:DISP:WIND:TEXT2:DATA:FMSD:STAT OFF;:FUNC:DCR:RANG:VAL 100;:FUNC:IMP:RANG:VAL 1;:OUTP:DC:ISOL:LEV:VAL 0.02;:OUTP:DC:ISOL:STAT OFF;:FUNC:DCR:RANG:AUTO ON;:FUNC:IMP:RANG:AUTO ON;:OUTP:DC:ISOL:LEV:AUTO ON;:DISP:PAGE MEASurement;
"
":SOUR:DCS:STAT OFF;:BIAS:STAT OFF;:COMP:BIN:COUN:CLE;:LIST:CLE:ALL;:COMP:BIN:CLE;:AMPL:ALC OFF;:APER MED,4;:BIAS:POL:AUTO OFF;:BIAS:RANG:AUTO ON;:BIAS:VOLT:LEV 0;:COMP:ABIN OFF;:COMP:BIN:COUN:STAT OFF;:COMP:MODE PTOL;:COMP:SLIM -9.9e+037,9.9e+037;:COMP:STAT OFF;:COMP:SWAP OFF;:COMP:TOL:NOM 0;:CURR:LEV 5e-005;:DISP:ENAB ON;:DISP:LINE """";:DISP:WIND:TEXT1:DATA:FMSD:DATA 1e-009;:DISP:WIND:TEXT2:DATA:FMSD:DATA 1e-009;:FORM:ASC:LONG ON;:FORM:BORD NORM;:FORM:DATA ASC,64;:FREQ:CW 30000;:FUNC:DEV1:MODE OFF;:FUNC:DEV1:REF:VAL 0;:FUNC:DEV2:MODE OFF;:FUNC:DEV2:REF:VAL 0;:FUNC:IMP:TYPE LSRS;:FUNC:SMON:IDC:STAT OFF;:FUNC:SMON:VDC:STAT OFF;:INIT:CONT OFF;:LIST:MODE SEQ;:LIST:STIM:TYPE FREQ,NONE;:SOUR:DCS:VOLT:LEV 0;:TRIG:DEL 0;:TRIG:SOUR INT;:TRIG:TDEL 0;:DISP:WIND:TEXT1:DATA:FMSD:STAT OFF;:DISP:WIND:TEXT2:DATA:FMSD:STAT OFF;:FUNC:DCR:RANG:VAL 100;:FUNC:IMP:RANG:VAL 1;:OUTP:DC:ISOL:LEV:VAL 0.02;:OUTP:DC:ISOL:STAT OFF;:FUNC:DCR:RANG:AUTO ON;:FUNC:IMP:RANG:AUTO ON;:OUTP:DC:ISOL:LEV:AUTO ON;:DISP:PAGE MEASurement;
"
2024-05-01,13:37:02
---------run finished---------
Frequency,Resistance,uR,Inductance,uL
20,-0.040036984422824995,0.04713397671638716,1.1162562430624998e-05,2.6169750052582292e-05
25,-0.125350373625,0.010907051623050891,-1.5039561126875e-05,1.907737282788536e-05
30,-0.100657031579375,0.0069757487473940975,3.332338872777437e-06,9.878977767291668e-06
40,-0.09142066607874999,0.006255699345292224,1.8915962288124978e-07,8.268165223386951e-06
53,-0.1052296614625,0.003904113160490064,-3.370988024125001e-07,4.544679519107105e-06
60,-0.106928943028125,0.0092509426517727,3.0926943376374994e-07,3.6975541741657753e-06
80,-0.1034191246625,0.0034681340853936165,1.9174306706250018e-08,3.1536779227521336e-06
103,-0.10012777698125,0.0017533089421426882,-4.716879949762499e-07,2.674603101676484e-06
120,-0.099171268805,0.0018322124236937228,7.158398332687502e-08,1.5923824818525769e-06
130,-0.098039294211875,0.0021323465285278064,1.7144171277500007e-08,1.2430201809904351e-06
135,-0.10428601174375,0.001321504461211559,-3.4907588247e-07,1.5544617557445394e-06
140,-0.10464389690624999,0.0015837646745183673,-2.713454077e-07,1.2486236019840515e-06
145,-0.10617771648125,0.0012639832661889313,-2.12612649029375e-07,1.3072281182643648e-06
150,-0.10919761830625,0.0027653874678427643,1.67581253844375e-06,2.1044013557795435e-06
155,-0.11351903584375,0.0009494319031302365,-6.431825408749999e-08,1.4136320149709138e-06
160,-0.11519936280625001,0.0013521914228662895,-4.552807766875003e-08,8.961727290635166e-07
165,-0.11815421296874999,0.002270545484198628,-9.872907115437501e-08,1.0339634188772653e-06
170,-0.13044519630625,0.0040018995109886045,-5.427230132875e-07,1.5603161647863044e-06
172,-0.14119844220625,0.001542306516878191,-2.42123451e-07,1.04631467849577e-06
175,-0.14010219731875,0.002365029441934369,-1.07066443230625e-07,1.1782605295046577e-06
180,-0.136923680725,0.0009606103267537156,-2.0305431526437501e-07,7.27845439431562e-07
185,-0.14210131073124999,0.0012130383920541646,3.228663860625003e-08,1.0347121489522404e-06
200,-0.1440848026625,0.0019058718945251366,-2.2485734408750003e-07,1.0740985978178375e-06
220,-0.13983945960625,0.0013492753954064008,-2.5415681986018747e-07,7.729100555352073e-07
240,-0.1418270638875,0.0016344950706170865,1.3002036919875002e-07,7.228716042112746e-07
400,-0.1378952041375,0.0014071525489112024,-1.9793252445e-08,3.3354851002373615e-07
800,-0.13994959687499997,0.0008574486552901268,8.574500299606249e-08,1.412608551968885e-07
1000,-0.13360760085,0.003859627637396535,1.29350618939125e-07,9.286641241888478e-08
2000,-0.12081128290625001,0.001813867057386014,1.17625990731875e-07,3.260619372708212e-08
3000,-0.1142536573875,0.004398287982420031,1.3634468486562502e-07,2.23949041955176e-08
4000,-0.10876445145,0.0011567828949373288,1.322032167925e-07,2.511063710405093e-08
5000,-0.10388692332499999,0.0012827491917359562,1.3546558981875e-07,1.3296126198876312e-08
6000,-0.101661438334375,0.003450516233855592,1.3522226203125003e-07,8.027025588125694e-09
7000,-0.10163848408750001,0.00176620069139735,1.3342579499375e-07,7.2187841775370906e-09
8000,-0.10392167025,0.00172587348790486,1.329446139625e-07,5.411998431591648e-09
10000,-0.1134212159,0.0015869804965331696,1.331950141625e-07,3.623035229385797e-09
12000,-0.1183825981375,0.0012936968828889768,1.3157469049374998e-07,4.25647189389704e-09
14000,-0.12316278681875,0.001522503298570189,1.3391723055625e-07,4.514421976307563e-09
16000,-0.123582730675,0.0004844659880927642,1.323305076375e-07,3.2507480801426253e-09
16500,-0.11874409093124999,0.0017718375354748345,1.346777134125e-07,3.1591743073663925e-09
17000,-0.12042676368125,0.001887991137119487,1.336456057875e-07,2.842180966564479e-09
17500,-0.1221507247625,0.0015152152287551317,1.3259402165e-07,2.3827516889379958e-09
18000,-0.122116013175,0.0011656206045717247,1.3427652110625e-07,2.599398957852469e-09
18500,-0.12005732759375001,0.0019763207866102033,1.3230232711250002e-07,2.9548586352361126e-09
19000,-0.11989845595625,0.0011706485269538823,1.3356283769375e-07,3.545336829116408e-09
19500,-0.11986463633125001,0.0013353224218260215,1.3287362789375002e-07,2.527695605707572e-09
20000,-0.1211380701375,0.0008818216948136082,1.3260481336875e-07,3.8724340001733416e-09
20500,-0.12816052253125,0.002669045026615851,1.318979237625e-07,3.304421232938146e-09
21000,-0.140989669175,0.0016843392885794888,1.342320003125e-07,2.1615301791458864e-09
22000,-0.14604489689375,0.0005848193460099298,1.333043336375e-07,2.2064880144177594e-09
24000,-0.14262374124375002,0.001573325674934963,1.3235354408125e-07,1.8384582852163265e-09
25000,-0.14519104913750003,0.0007382795975934144,1.32694536975e-07,2.4506866925378293e-09
30000,-0.14643131388125,0.0009640805418544283,1.3310228251875e-07,1.607349261554164e-09
