lcr name:,KeySight E4980A
Name and description of Resistor under test: ,BPO zero
GPIB source:,<bound method MessageBasedResource.read of <'GPIBInstrument'('GPIB0::17::INSTR')>>
2022-09-19,08:06:11
select the freq range,"[50, 100, 200, 300, 500, 800, 1000, 1591.5494309189535, 2000, 3000, 5000]"
50.0,1.034893329e-07,0.001678257636
50.0,1.028900755e-07,0.001677787633
50.0,1.017545169e-07,0.001677190007
50.0,9.690712846e-08,0.001675246549
50.0,9.471046274e-08,0.001672973543
50.0,1.011358533e-07,0.0016707401
50.0,1.132151143e-07,0.001672340293
50.0,9.948094775e-08,0.001673844535
50.0,1.121334681e-07,0.001673120983
50.0,9.821215201e-08,0.001670775715
50.0,1.137844701e-07,0.001672518059
50.0,1.023333285e-07,0.001674487795
50.0,9.802670632e-08,0.001672786353
50.0,1.023120834e-07,0.001674541373
50.0,1.141408992e-07,0.001673116552
50.0,1.098274727e-07,0.001669018595
Freq,50,Rs,0.0016736716075625001,2.554750189391395e-06,Ls,1.0402212576125001e-07,6.481602766595518e-09
":SOUR:DCS:STAT OFF;:BIAS:STAT OFF;:COMP:BIN:COUN:CLE;:LIST:CLE:ALL;:COMP:BIN:CLE;:AMPL:ALC ON;:APER LONG,16;:BIAS:POL:AUTO OFF;:BIAS:RANG:AUTO ON;:BIAS:VOLT:LEV 0;:COMP:ABIN OFF;:COMP:BIN:COUN:STAT OFF;:COMP:MODE PTOL;:COMP:SLIM -9.9e+037,9.9e+037;:COMP:STAT OFF;:COMP:SWAP OFF;:COMP:TOL:NOM 0;:CURR:LEV 0.1;:DISP:ENAB ON;:DISP:LINE """";:DISP:WIND:TEXT1:DATA:FMSD:DATA 1e-009;:DISP:WIND:TEXT2:DATA:FMSD:DATA 1e-009;:FORM:ASC:LONG ON;:FORM:BORD NORM;:FORM:DATA ASC,64;:FREQ:CW 50;:FUNC:DEV1:MODE OFF;:FUNC:DEV1:REF:VAL 0;:FUNC:DEV2:MODE OFF;:FUNC:DEV2:REF:VAL 0;:FUNC:IMP:TYPE LSRS;:FUNC:SMON:IDC:STAT OFF;:FUNC:SMON:VDC:STAT OFF;:INIT:CONT OFF;:LIST:MODE SEQ;:LIST:STIM:TYPE FREQ,NONE;:SOUR:DCS:VOLT:LEV 0;:TRIG:DEL 0;:TRIG:SOUR INT;:TRIG:TDEL 0;:DISP:WIND:TEXT1:DATA:FMSD:STAT OFF;:DISP:WIND:TEXT2:DATA:FMSD:STAT OFF;:FUNC:DCR:RANG:VAL 100;:FUNC:IMP:RANG:VAL 0.1;:OUTP:DC:ISOL:LEV:VAL 0.1;:OUTP:DC:ISOL:STAT OFF;:FUNC:DCR:RANG:AUTO ON;:FUNC:IMP:RANG:AUTO ON;:OUTP:DC:ISOL:LEV:AUTO ON;:DISP:PAGE MEASurement;
"
100.0,5.412016779e-08,0.001653004325
100.0,5.392125117e-08,0.001652964688
100.0,5.445022956e-08,0.001652624981
100.0,5.417540779e-08,0.001652277924
100.0,5.458051619e-08,0.001652271624
100.0,5.435012932e-08,0.001652156624
100.0,5.425824368e-08,0.001651564929
100.0,5.395232505e-08,0.001651953139
100.0,5.308328442e-08,0.001651440726
100.0,5.390178912e-08,0.001651493576
100.0,5.411214846e-08,0.001651326754
100.0,5.388847143e-08,0.001651104441
100.0,5.348824043e-08,0.001651321764
100.0,5.344246814e-08,0.001651138881
100.0,5.387974203e-08,0.00165069475
100.0,5.440388521e-08,0.001650821311
Freq,100,Rs,0.0016517600273124999,7.254695901373609e-07,Ls,5.4000518736875e-08,4.00667593892582e-10
":SOUR:DCS:STAT OFF;:BIAS:STAT OFF;:COMP:BIN:COUN:CLE;:LIST:CLE:ALL;:COMP:BIN:CLE;:AMPL:ALC ON;:APER LONG,16;:BIAS:POL:AUTO OFF;:BIAS:RANG:AUTO ON;:BIAS:VOLT:LEV 0;:COMP:ABIN OFF;:COMP:BIN:COUN:STAT OFF;:COMP:MODE PTOL;:COMP:SLIM -9.9e+037,9.9e+037;:COMP:STAT OFF;:COMP:SWAP OFF;:COMP:TOL:NOM 0;:CURR:LEV 0.1;:DISP:ENAB ON;:DISP:LINE """";:DISP:WIND:TEXT1:DATA:FMSD:DATA 1e-009;:DISP:WIND:TEXT2:DATA:FMSD:DATA 1e-009;:FORM:ASC:LONG ON;:FORM:BORD NORM;:FORM:DATA ASC,64;:FREQ:CW 100;:FUNC:DEV1:MODE OFF;:FUNC:DEV1:REF:VAL 0;:FUNC:DEV2:MODE OFF;:FUNC:DEV2:REF:VAL 0;:FUNC:IMP:TYPE LSRS;:FUNC:SMON:IDC:STAT OFF;:FUNC:SMON:VDC:STAT OFF;:INIT:CONT OFF;:LIST:MODE SEQ;:LIST:STIM:TYPE FREQ,NONE;:SOUR:DCS:VOLT:LEV 0;:TRIG:DEL 0;:TRIG:SOUR INT;:TRIG:TDEL 0;:DISP:WIND:TEXT1:DATA:FMSD:STAT OFF;:DISP:WIND:TEXT2:DATA:FMSD:STAT OFF;:FUNC:DCR:RANG:VAL 100;:FUNC:IMP:RANG:VAL 0.1;:OUTP:DC:ISOL:LEV:VAL 0.1;:OUTP:DC:ISOL:STAT OFF;:FUNC:DCR:RANG:AUTO ON;:FUNC:IMP:RANG:AUTO ON;:OUTP:DC:ISOL:LEV:AUTO ON;:DISP:PAGE MEASurement;
"
200.0,4.925924017e-08,0.001672645004
200.0,4.949372921e-08,0.001672443271
200.0,4.931436982e-08,0.001672336846
200.0,4.934190809e-08,0.001672346226
200.0,4.937764783e-08,0.001671827104
200.0,4.938289956e-08,0.001671795966
200.0,4.953396109e-08,0.001671767645
200.0,4.931236031e-08,0.001671813167
200.0,4.961097779e-08,0.001671837269
200.0,4.932093913e-08,0.001671542454
200.0,4.941866702e-08,0.001671561903
200.0,4.954827438e-08,0.001671716482
200.0,4.920587557e-08,0.001671076469
200.0,4.956594918e-08,0.001671204647
200.0,4.914170571e-08,0.001671237644
200.0,4.925230434e-08,0.001671344417
Freq,200,Rs,0.001671781032125,4.6502596651714274e-07,Ls,4.9380050575e-08,1.381317545293795e-10
":SOUR:DCS:STAT OFF;:BIAS:STAT OFF;:COMP:BIN:COUN:CLE;:LIST:CLE:ALL;:COMP:BIN:CLE;:AMPL:ALC ON;:APER LONG,16;:BIAS:POL:AUTO OFF;:BIAS:RANG:AUTO ON;:BIAS:VOLT:LEV 0;:COMP:ABIN OFF;:COMP:BIN:COUN:STAT OFF;:COMP:MODE PTOL;:COMP:SLIM -9.9e+037,9.9e+037;:COMP:STAT OFF;:COMP:SWAP OFF;:COMP:TOL:NOM 0;:CURR:LEV 0.1;:DISP:ENAB ON;:DISP:LINE """";:DISP:WIND:TEXT1:DATA:FMSD:DATA 1e-009;:DISP:WIND:TEXT2:DATA:FMSD:DATA 1e-009;:FORM:ASC:LONG ON;:FORM:BORD NORM;:FORM:DATA ASC,64;:FREQ:CW 200;:FUNC:DEV1:MODE OFF;:FUNC:DEV1:REF:VAL 0;:FUNC:DEV2:MODE OFF;:FUNC:DEV2:REF:VAL 0;:FUNC:IMP:TYPE LSRS;:FUNC:SMON:IDC:STAT OFF;:FUNC:SMON:VDC:STAT OFF;:INIT:CONT OFF;:LIST:MODE SEQ;:LIST:STIM:TYPE FREQ,NONE;:SOUR:DCS:VOLT:LEV 0;:TRIG:DEL 0;:TRIG:SOUR INT;:TRIG:TDEL 0;:DISP:WIND:TEXT1:DATA:FMSD:STAT OFF;:DISP:WIND:TEXT2:DATA:FMSD:STAT OFF;:FUNC:DCR:RANG:VAL 100;:FUNC:IMP:RANG:VAL 0.1;:OUTP:DC:ISOL:LEV:VAL 0.1;:OUTP:DC:ISOL:STAT OFF;:FUNC:DCR:RANG:AUTO ON;:FUNC:IMP:RANG:AUTO ON;:OUTP:DC:ISOL:LEV:AUTO ON;:DISP:PAGE MEASurement;
"
300.0,3.547199766e-08,0.00167916649
300.0,3.5363348e-08,0.00167845772
300.0,3.542261239e-08,0.001678966377
300.0,3.537243527e-08,0.001678578761
300.0,3.53452209e-08,0.001678517324
300.0,3.537812152e-08,0.001678414072
300.0,3.555306939e-08,0.001678334885
300.0,3.529416228e-08,0.001678285793
300.0,3.530495072e-08,0.001678371106
300.0,3.541093068e-08,0.001678166991
300.0,3.548226749e-08,0.001678225081
300.0,3.527693961e-08,0.001678055167
300.0,3.529274713e-08,0.001677964487
300.0,3.543438278e-08,0.001678035862
300.0,3.545998861e-08,0.001677643707
300.0,3.536990352e-08,0.00167799238
Freq,300,Rs,0.0016783235126874999,3.7826391621350537e-07,Ls,3.5389567371875e-08,7.849562188413639e-11
":SOUR:DCS:STAT OFF;:BIAS:STAT OFF;:COMP:BIN:COUN:CLE;:LIST:CLE:ALL;:COMP:BIN:CLE;:AMPL:ALC ON;:APER LONG,16;:BIAS:POL:AUTO OFF;:BIAS:RANG:AUTO ON;:BIAS:VOLT:LEV 0;:COMP:ABIN OFF;:COMP:BIN:COUN:STAT OFF;:COMP:MODE PTOL;:COMP:SLIM -9.9e+037,9.9e+037;:COMP:STAT OFF;:COMP:SWAP OFF;:COMP:TOL:NOM 0;:CURR:LEV 0.1;:DISP:ENAB ON;:DISP:LINE """";:DISP:WIND:TEXT1:DATA:FMSD:DATA 1e-009;:DISP:WIND:TEXT2:DATA:FMSD:DATA 1e-009;:FORM:ASC:LONG ON;:FORM:BORD NORM;:FORM:DATA ASC,64;:FREQ:CW 300;:FUNC:DEV1:MODE OFF;:FUNC:DEV1:REF:VAL 0;:FUNC:DEV2:MODE OFF;:FUNC:DEV2:REF:VAL 0;:FUNC:IMP:TYPE LSRS;:FUNC:SMON:IDC:STAT OFF;:FUNC:SMON:VDC:STAT OFF;:INIT:CONT OFF;:LIST:MODE SEQ;:LIST:STIM:TYPE FREQ,NONE;:SOUR:DCS:VOLT:LEV 0;:TRIG:DEL 0;:TRIG:SOUR INT;:TRIG:TDEL 0;:DISP:WIND:TEXT1:DATA:FMSD:STAT OFF;:DISP:WIND:TEXT2:DATA:FMSD:STAT OFF;:FUNC:DCR:RANG:VAL 100;:FUNC:IMP:RANG:VAL 0.1;:OUTP:DC:ISOL:LEV:VAL 0.1;:OUTP:DC:ISOL:STAT OFF;:FUNC:DCR:RANG:AUTO ON;:FUNC:IMP:RANG:AUTO ON;:OUTP:DC:ISOL:LEV:AUTO ON;:DISP:PAGE MEASurement;
"
500.0,2.804693562e-08,0.001687680199
500.0,2.802143213e-08,0.001687497151
500.0,2.802348609e-08,0.001687313719
500.0,2.795412777e-08,0.001687430278
500.0,2.799636156e-08,0.00168734558
500.0,2.801053634e-08,0.001687314742
500.0,2.80166502e-08,0.001687176149
500.0,2.793837725e-08,0.001687194324
500.0,2.796408818e-08,0.001686870996
500.0,2.799258304e-08,0.001687061729
500.0,2.796051072e-08,0.001686803684
500.0,2.803130883e-08,0.001686716252
500.0,2.798183657e-08,0.001686720848
500.0,2.802046069e-08,0.001686822837
500.0,2.805913902e-08,0.001686662862
500.0,2.801244365e-08,0.001686513202
Freq,500,Rs,0.0016870702845,3.4651412978232174e-07,Ls,2.800189235375e-08,3.439460227897874e-11
":SOUR:DCS:STAT OFF;:BIAS:STAT OFF;:COMP:BIN:COUN:CLE;:LIST:CLE:ALL;:COMP:BIN:CLE;:AMPL:ALC ON;:APER LONG,16;:BIAS:POL:AUTO OFF;:BIAS:RANG:AUTO ON;:BIAS:VOLT:LEV 0;:COMP:ABIN OFF;:COMP:BIN:COUN:STAT OFF;:COMP:MODE PTOL;:COMP:SLIM -9.9e+037,9.9e+037;:COMP:STAT OFF;:COMP:SWAP OFF;:COMP:TOL:NOM 0;:CURR:LEV 0.1;:DISP:ENAB ON;:DISP:LINE """";:DISP:WIND:TEXT1:DATA:FMSD:DATA 1e-009;:DISP:WIND:TEXT2:DATA:FMSD:DATA 1e-009;:FORM:ASC:LONG ON;:FORM:BORD NORM;:FORM:DATA ASC,64;:FREQ:CW 500;:FUNC:DEV1:MODE OFF;:FUNC:DEV1:REF:VAL 0;:FUNC:DEV2:MODE OFF;:FUNC:DEV2:REF:VAL 0;:FUNC:IMP:TYPE LSRS;:FUNC:SMON:IDC:STAT OFF;:FUNC:SMON:VDC:STAT OFF;:INIT:CONT OFF;:LIST:MODE SEQ;:LIST:STIM:TYPE FREQ,NONE;:SOUR:DCS:VOLT:LEV 0;:TRIG:DEL 0;:TRIG:SOUR INT;:TRIG:TDEL 0;:DISP:WIND:TEXT1:DATA:FMSD:STAT OFF;:DISP:WIND:TEXT2:DATA:FMSD:STAT OFF;:FUNC:DCR:RANG:VAL 100;:FUNC:IMP:RANG:VAL 0.1;:OUTP:DC:ISOL:LEV:VAL 0.1;:OUTP:DC:ISOL:STAT OFF;:FUNC:DCR:RANG:AUTO ON;:FUNC:IMP:RANG:AUTO ON;:OUTP:DC:ISOL:LEV:AUTO ON;:DISP:PAGE MEASurement;
"
800.0,2.578205829e-08,0.00169283068
800.0,2.575632272e-08,0.001692735505
800.0,2.574283895e-08,0.00169273489
800.0,2.574652203e-08,0.001692668241
800.0,2.578119006e-08,0.001692606882
800.0,2.573543631e-08,0.001692522219
800.0,2.578696893e-08,0.001692558859
800.0,2.578006118e-08,0.001692454955
800.0,2.58005538e-08,0.001692138338
800.0,2.577300025e-08,0.001692257218
800.0,2.574112123e-08,0.001692189714
800.0,2.579087478e-08,0.001692073787
800.0,2.574603951e-08,0.001691940429
800.0,2.579112306e-08,0.001692240348
800.0,2.576424672e-08,0.00169192487
800.0,2.57757313e-08,0.001691960473
Freq,800,Rs,0.0016923648380000001,3.102129402200965e-07,Ls,2.576838057e-08,2.0955505252829975e-11
":SOUR:DCS:STAT OFF;:BIAS:STAT OFF;:COMP:BIN:COUN:CLE;:LIST:CLE:ALL;:COMP:BIN:CLE;:AMPL:ALC ON;:APER LONG,16;:BIAS:POL:AUTO OFF;:BIAS:RANG:AUTO ON;:BIAS:VOLT:LEV 0;:COMP:ABIN OFF;:COMP:BIN:COUN:STAT OFF;:COMP:MODE PTOL;:COMP:SLIM -9.9e+037,9.9e+037;:COMP:STAT OFF;:COMP:SWAP OFF;:COMP:TOL:NOM 0;:CURR:LEV 0.1;:DISP:ENAB ON;:DISP:LINE """";:DISP:WIND:TEXT1:DATA:FMSD:DATA 1e-009;:DISP:WIND:TEXT2:DATA:FMSD:DATA 1e-009;:FORM:ASC:LONG ON;:FORM:BORD NORM;:FORM:DATA ASC,64;:FREQ:CW 800;:FUNC:DEV1:MODE OFF;:FUNC:DEV1:REF:VAL 0;:FUNC:DEV2:MODE OFF;:FUNC:DEV2:REF:VAL 0;:FUNC:IMP:TYPE LSRS;:FUNC:SMON:IDC:STAT OFF;:FUNC:SMON:VDC:STAT OFF;:INIT:CONT OFF;:LIST:MODE SEQ;:LIST:STIM:TYPE FREQ,NONE;:SOUR:DCS:VOLT:LEV 0;:TRIG:DEL 0;:TRIG:SOUR INT;:TRIG:TDEL 0;:DISP:WIND:TEXT1:DATA:FMSD:STAT OFF;:DISP:WIND:TEXT2:DATA:FMSD:STAT OFF;:FUNC:DCR:RANG:VAL 100;:FUNC:IMP:RANG:VAL 0.1;:OUTP:DC:ISOL:LEV:VAL 0.1;:OUTP:DC:ISOL:STAT OFF;:FUNC:DCR:RANG:AUTO ON;:FUNC:IMP:RANG:AUTO ON;:OUTP:DC:ISOL:LEV:AUTO ON;:DISP:PAGE MEASurement;
"
1000.0,2.50133187e-08,0.001682847485
1000.0,2.500934385e-08,0.001682983728
1000.0,2.503240652e-08,0.001682957446
1000.0,2.499479876e-08,0.001682899518
1000.0,2.504023879e-08,0.001683063952
1000.0,2.500888749e-08,0.001683147191
1000.0,2.497957402e-08,0.001682834278
1000.0,2.503560856e-08,0.001682697924
1000.0,2.503619621e-08,0.001682479554
1000.0,2.500224334e-08,0.001682699363
1000.0,2.500605766e-08,0.001682508753
1000.0,2.502514747e-08,0.001682558768
1000.0,2.501572198e-08,0.001682560717
1000.0,2.503145314e-08,0.001682432458
1000.0,2.501117753e-08,0.001682679777
1000.0,2.502365647e-08,0.001682353152
Freq,1000,Rs,0.001682731504,2.394082572012322e-07,Ls,2.5016614405625e-08,1.676104244797916e-11
":SOUR:DCS:STAT OFF;:BIAS:STAT OFF;:COMP:BIN:COUN:CLE;:LIST:CLE:ALL;:COMP:BIN:CLE;:AMPL:ALC ON;:APER LONG,16;:BIAS:POL:AUTO OFF;:BIAS:RANG:AUTO ON;:BIAS:VOLT:LEV 0;:COMP:ABIN OFF;:COMP:BIN:COUN:STAT OFF;:COMP:MODE PTOL;:COMP:SLIM -9.9e+037,9.9e+037;:COMP:STAT OFF;:COMP:SWAP OFF;:COMP:TOL:NOM 0;:CURR:LEV 0.1;:DISP:ENAB ON;:DISP:LINE """";:DISP:WIND:TEXT1:DATA:FMSD:DATA 1e-009;:DISP:WIND:TEXT2:DATA:FMSD:DATA 1e-009;:FORM:ASC:LONG ON;:FORM:BORD NORM;:FORM:DATA ASC,64;:FREQ:CW 1000;:FUNC:DEV1:MODE OFF;:FUNC:DEV1:REF:VAL 0;:FUNC:DEV2:MODE OFF;:FUNC:DEV2:REF:VAL 0;:FUNC:IMP:TYPE LSRS;:FUNC:SMON:IDC:STAT OFF;:FUNC:SMON:VDC:STAT OFF;:INIT:CONT OFF;:LIST:MODE SEQ;:LIST:STIM:TYPE FREQ,NONE;:SOUR:DCS:VOLT:LEV 0;:TRIG:DEL 0;:TRIG:SOUR INT;:TRIG:TDEL 0;:DISP:WIND:TEXT1:DATA:FMSD:STAT OFF;:DISP:WIND:TEXT2:DATA:FMSD:STAT OFF;:FUNC:DCR:RANG:VAL 100;:FUNC:IMP:RANG:VAL 0.1;:OUTP:DC:ISOL:LEV:VAL 0.1;:OUTP:DC:ISOL:STAT OFF;:FUNC:DCR:RANG:AUTO ON;:FUNC:IMP:RANG:AUTO ON;:OUTP:DC:ISOL:LEV:AUTO ON;:DISP:PAGE MEASurement;
"
1591.5494309189535,2.506043656e-08,0.00167546284
1591.5494309189535,2.507123028e-08,0.00167547678
1591.5494309189535,2.506623309e-08,0.001675501912
1591.5494309189535,2.507525522e-08,0.001675349697
1591.5494309189535,2.505699512e-08,0.001675451349
1591.5494309189535,2.507160841e-08,0.001675185152
1591.5494309189535,2.506197839e-08,0.001675190702
1591.5494309189535,2.50776275e-08,0.001675108449
1591.5494309189535,2.508024189e-08,0.001675123329
1591.5494309189535,2.508042123e-08,0.001675001244
1591.5494309189535,2.507007158e-08,0.001674980048
1591.5494309189535,2.506815071e-08,0.001674954306
1591.5494309189535,2.506576937e-08,0.001674977746
1591.5494309189535,2.507859983e-08,0.001674945129
1591.5494309189535,2.505352492e-08,0.00167469706
1591.5494309189535,2.505347139e-08,0.001674873105
Freq,1591.5494309189535,Rs,0.0016751424280000001,2.4581513452433165e-07,Ls,2.5068225968125e-08,9.062985617137546e-12
":SOUR:DCS:STAT OFF;:BIAS:STAT OFF;:COMP:BIN:COUN:CLE;:LIST:CLE:ALL;:COMP:BIN:CLE;:AMPL:ALC ON;:APER LONG,16;:BIAS:POL:AUTO OFF;:BIAS:RANG:AUTO ON;:BIAS:VOLT:LEV 0;:COMP:ABIN OFF;:COMP:BIN:COUN:STAT OFF;:COMP:MODE PTOL;:COMP:SLIM -9.9e+037,9.9e+037;:COMP:STAT OFF;:COMP:SWAP OFF;:COMP:TOL:NOM 0;:CURR:LEV 0.1;:DISP:ENAB ON;:DISP:LINE """";:DISP:WIND:TEXT1:DATA:FMSD:DATA 1e-009;:DISP:WIND:TEXT2:DATA:FMSD:DATA 1e-009;:FORM:ASC:LONG ON;:FORM:BORD NORM;:FORM:DATA ASC,64;:FREQ:CW 1592;:FUNC:DEV1:MODE OFF;:FUNC:DEV1:REF:VAL 0;:FUNC:DEV2:MODE OFF;:FUNC:DEV2:REF:VAL 0;:FUNC:IMP:TYPE LSRS;:FUNC:SMON:IDC:STAT OFF;:FUNC:SMON:VDC:STAT OFF;:INIT:CONT OFF;:LIST:MODE SEQ;:LIST:STIM:TYPE FREQ,NONE;:SOUR:DCS:VOLT:LEV 0;:TRIG:DEL 0;:TRIG:SOUR INT;:TRIG:TDEL 0;:DISP:WIND:TEXT1:DATA:FMSD:STAT OFF;:DISP:WIND:TEXT2:DATA:FMSD:STAT OFF;:FUNC:DCR:RANG:VAL 100;:FUNC:IMP:RANG:VAL 0.1;:OUTP:DC:ISOL:LEV:VAL 0.1;:OUTP:DC:ISOL:STAT OFF;:FUNC:DCR:RANG:AUTO ON;:FUNC:IMP:RANG:AUTO ON;:OUTP:DC:ISOL:LEV:AUTO ON;:DISP:PAGE MEASurement;
"
2000.0,2.569465232e-08,0.001678017235
2000.0,2.569122549e-08,0.00167813995
2000.0,2.570149479e-08,0.001678282553
2000.0,2.569387338e-08,0.001678076634
2000.0,2.569749377e-08,0.00167791053
2000.0,2.568782244e-08,0.001677949456
2000.0,2.569888747e-08,0.001677936437
2000.0,2.570241159e-08,0.001677908549
2000.0,2.569508622e-08,0.00167763499
2000.0,2.569477753e-08,0.001677888592
2000.0,2.569072439e-08,0.001677777335
2000.0,2.569882829e-08,0.00167789123
2000.0,2.569876113e-08,0.001677850645
2000.0,2.57003326e-08,0.001677496239
2000.0,2.569384334e-08,0.001677645281
2000.0,2.569222793e-08,0.001677551337
Freq,2000,Rs,0.0016778723120625,2.125948506640477e-07,Ls,2.56957776675e-08,4.1675091105717e-12
":SOUR:DCS:STAT OFF;:BIAS:STAT OFF;:COMP:BIN:COUN:CLE;:LIST:CLE:ALL;:COMP:BIN:CLE;:AMPL:ALC ON;:APER LONG,16;:BIAS:POL:AUTO OFF;:BIAS:RANG:AUTO ON;:BIAS:VOLT:LEV 0;:COMP:ABIN OFF;:COMP:BIN:COUN:STAT OFF;:COMP:MODE PTOL;:COMP:SLIM -9.9e+037,9.9e+037;:COMP:STAT OFF;:COMP:SWAP OFF;:COMP:TOL:NOM 0;:CURR:LEV 0.1;:DISP:ENAB ON;:DISP:LINE """";:DISP:WIND:TEXT1:DATA:FMSD:DATA 1e-009;:DISP:WIND:TEXT2:DATA:FMSD:DATA 1e-009;:FORM:ASC:LONG ON;:FORM:BORD NORM;:FORM:DATA ASC,64;:FREQ:CW 2000;:FUNC:DEV1:MODE OFF;:FUNC:DEV1:REF:VAL 0;:FUNC:DEV2:MODE OFF;:FUNC:DEV2:REF:VAL 0;:FUNC:IMP:TYPE LSRS;:FUNC:SMON:IDC:STAT OFF;:FUNC:SMON:VDC:STAT OFF;:INIT:CONT OFF;:LIST:MODE SEQ;:LIST:STIM:TYPE FREQ,NONE;:SOUR:DCS:VOLT:LEV 0;:TRIG:DEL 0;:TRIG:SOUR INT;:TRIG:TDEL 0;:DISP:WIND:TEXT1:DATA:FMSD:STAT OFF;:DISP:WIND:TEXT2:DATA:FMSD:STAT OFF;:FUNC:DCR:RANG:VAL 100;:FUNC:IMP:RANG:VAL 0.1;:OUTP:DC:ISOL:LEV:VAL 0.1;:OUTP:DC:ISOL:STAT OFF;:FUNC:DCR:RANG:AUTO ON;:FUNC:IMP:RANG:AUTO ON;:OUTP:DC:ISOL:LEV:AUTO ON;:DISP:PAGE MEASurement;
"
3000.0,2.597691666e-08,0.001669170962
3000.0,2.598611478e-08,0.001669117813
3000.0,2.598606523e-08,0.00166920001
3000.0,2.59886461e-08,0.001668952417
3000.0,2.599906979e-08,0.001669135154
3000.0,2.599224881e-08,0.001668990368
3000.0,2.598433224e-08,0.001668838879
3000.0,2.599341141e-08,0.001669104614
3000.0,2.598239273e-08,0.00166920391
3000.0,2.599034629e-08,0.001668868869
3000.0,2.599047339e-08,0.001669159632
3000.0,2.599981554e-08,0.001668725286
3000.0,2.599672599e-08,0.001668896854
3000.0,2.595619443e-08,0.001668829245
3000.0,2.599481473e-08,0.001668715823
3000.0,2.599020222e-08,0.001668750746
Freq,3000,Rs,0.001668978786375,1.7810942042758516e-07,Ls,2.598798564625e-08,1.0442155339320644e-11
":SOUR:DCS:STAT OFF;:BIAS:STAT OFF;:COMP:BIN:COUN:CLE;:LIST:CLE:ALL;:COMP:BIN:CLE;:AMPL:ALC ON;:APER LONG,16;:BIAS:POL:AUTO OFF;:BIAS:RANG:AUTO ON;:BIAS:VOLT:LEV 0;:COMP:ABIN OFF;:COMP:BIN:COUN:STAT OFF;:COMP:MODE PTOL;:COMP:SLIM -9.9e+037,9.9e+037;:COMP:STAT OFF;:COMP:SWAP OFF;:COMP:TOL:NOM 0;:CURR:LEV 0.1;:DISP:ENAB ON;:DISP:LINE """";:DISP:WIND:TEXT1:DATA:FMSD:DATA 1e-009;:DISP:WIND:TEXT2:DATA:FMSD:DATA 1e-009;:FORM:ASC:LONG ON;:FORM:BORD NORM;:FORM:DATA ASC,64;:FREQ:CW 3000;:FUNC:DEV1:MODE OFF;:FUNC:DEV1:REF:VAL 0;:FUNC:DEV2:MODE OFF;:FUNC:DEV2:REF:VAL 0;:FUNC:IMP:TYPE LSRS;:FUNC:SMON:IDC:STAT OFF;:FUNC:SMON:VDC:STAT OFF;:INIT:CONT OFF;:LIST:MODE SEQ;:LIST:STIM:TYPE FREQ,NONE;:SOUR:DCS:VOLT:LEV 0;:TRIG:DEL 0;:TRIG:SOUR INT;:TRIG:TDEL 0;:DISP:WIND:TEXT1:DATA:FMSD:STAT OFF;:DISP:WIND:TEXT2:DATA:FMSD:STAT OFF;:FUNC:DCR:RANG:VAL 100;:FUNC:IMP:RANG:VAL 0.1;:OUTP:DC:ISOL:LEV:VAL 0.1;:OUTP:DC:ISOL:STAT OFF;:FUNC:DCR:RANG:AUTO ON;:FUNC:IMP:RANG:AUTO ON;:OUTP:DC:ISOL:LEV:AUTO ON;:DISP:PAGE MEASurement;
"
5000.0,2.590121673e-08,0.001680494358
5000.0,2.588808589e-08,0.001680219255
5000.0,2.588988858e-08,0.001680090163
5000.0,2.590382093e-08,0.001680191627
5000.0,2.590444516e-08,0.001680028741
5000.0,2.589922007e-08,0.001680095479
5000.0,2.590188327e-08,0.001679921037
5000.0,2.58966159e-08,0.001680091728
5000.0,2.588729785e-08,0.001680062393
5000.0,2.589860134e-08,0.001680129385
5000.0,2.590973218e-08,0.001680023315
5000.0,2.589120638e-08,0.00167986719
5000.0,2.59045387e-08,0.001679823304
5000.0,2.589510922e-08,0.001679862792
5000.0,2.591077498e-08,0.00167975901
5000.0,2.589712869e-08,0.001679626194
Freq,5000,Rs,0.0016800178731875,2.071172262068675e-07,Ls,2.5898722866875e-08,7.182127486968162e-12
":SOUR:DCS:STAT OFF;:BIAS:STAT OFF;:COMP:BIN:COUN:CLE;:LIST:CLE:ALL;:COMP:BIN:CLE;:AMPL:ALC ON;:APER LONG,16;:BIAS:POL:AUTO OFF;:BIAS:RANG:AUTO ON;:BIAS:VOLT:LEV 0;:COMP:ABIN OFF;:COMP:BIN:COUN:STAT OFF;:COMP:MODE PTOL;:COMP:SLIM -9.9e+037,9.9e+037;:COMP:STAT OFF;:COMP:SWAP OFF;:COMP:TOL:NOM 0;:CURR:LEV 0.1;:DISP:ENAB ON;:DISP:LINE """";:DISP:WIND:TEXT1:DATA:FMSD:DATA 1e-009;:DISP:WIND:TEXT2:DATA:FMSD:DATA 1e-009;:FORM:ASC:LONG ON;:FORM:BORD NORM;:FORM:DATA ASC,64;:FREQ:CW 5000;:FUNC:DEV1:MODE OFF;:FUNC:DEV1:REF:VAL 0;:FUNC:DEV2:MODE OFF;:FUNC:DEV2:REF:VAL 0;:FUNC:IMP:TYPE LSRS;:FUNC:SMON:IDC:STAT OFF;:FUNC:SMON:VDC:STAT OFF;:INIT:CONT OFF;:LIST:MODE SEQ;:LIST:STIM:TYPE FREQ,NONE;:SOUR:DCS:VOLT:LEV 0;:TRIG:DEL 0;:TRIG:SOUR INT;:TRIG:TDEL 0;:DISP:WIND:TEXT1:DATA:FMSD:STAT OFF;:DISP:WIND:TEXT2:DATA:FMSD:STAT OFF;:FUNC:DCR:RANG:VAL 100;:FUNC:IMP:RANG:VAL 0.1;:OUTP:DC:ISOL:LEV:VAL 0.1;:OUTP:DC:ISOL:STAT OFF;:FUNC:DCR:RANG:AUTO ON;:FUNC:IMP:RANG:AUTO ON;:OUTP:DC:ISOL:LEV:AUTO ON;:DISP:PAGE MEASurement;
"
":SOUR:DCS:STAT OFF;:BIAS:STAT OFF;:COMP:BIN:COUN:CLE;:LIST:CLE:ALL;:COMP:BIN:CLE;:AMPL:ALC ON;:APER LONG,16;:BIAS:POL:AUTO OFF;:BIAS:RANG:AUTO ON;:BIAS:VOLT:LEV 0;:COMP:ABIN OFF;:COMP:BIN:COUN:STAT OFF;:COMP:MODE PTOL;:COMP:SLIM -9.9e+037,9.9e+037;:COMP:STAT OFF;:COMP:SWAP OFF;:COMP:TOL:NOM 0;:CURR:LEV 0.1;:DISP:ENAB ON;:DISP:LINE """";:DISP:WIND:TEXT1:DATA:FMSD:DATA 1e-009;:DISP:WIND:TEXT2:DATA:FMSD:DATA 1e-009;:FORM:ASC:LONG ON;:FORM:BORD NORM;:FORM:DATA ASC,64;:FREQ:CW 5000;:FUNC:DEV1:MODE OFF;:FUNC:DEV1:REF:VAL 0;:FUNC:DEV2:MODE OFF;:FUNC:DEV2:REF:VAL 0;:FUNC:IMP:TYPE LSRS;:FUNC:SMON:IDC:STAT OFF;:FUNC:SMON:VDC:STAT OFF;:INIT:CONT OFF;:LIST:MODE SEQ;:LIST:STIM:TYPE FREQ,NONE;:SOUR:DCS:VOLT:LEV 0;:TRIG:DEL 0;:TRIG:SOUR INT;:TRIG:TDEL 0;:DISP:WIND:TEXT1:DATA:FMSD:STAT OFF;:DISP:WIND:TEXT2:DATA:FMSD:STAT OFF;:FUNC:DCR:RANG:VAL 100;:FUNC:IMP:RANG:VAL 0.1;:OUTP:DC:ISOL:LEV:VAL 0.1;:OUTP:DC:ISOL:STAT OFF;:FUNC:DCR:RANG:AUTO ON;:FUNC:IMP:RANG:AUTO ON;:OUTP:DC:ISOL:LEV:AUTO ON;:DISP:PAGE MEASurement;
"
2022-09-19,08:17:28
---------run finished---------
lcr name:,KeySight E4980A
Name and description of Resistor under test: ,RM0
GPIB source:,<bound method MessageBasedResource.read of <'GPIBInstrument'('GPIB0::17::INSTR')>>
2022-09-19,08:19:55
select the freq range,"[50, 100, 200, 300, 500, 800, 1000, 1591.5494309189535, 2000, 3000, 5000]"
50.0,2.928024436e-07,0.03043342342
50.0,2.823947009e-07,0.03042460778
50.0,2.754472112e-07,0.03042321545
50.0,2.844791194e-07,0.03042280344
50.0,2.889329329e-07,0.03041943642
50.0,2.94251957e-07,0.03041466192
50.0,2.952814068e-07,0.03041127521
50.0,2.940813304e-07,0.03040644993
50.0,2.912085821e-07,0.03040302746
50.0,2.940404122e-07,0.03040105771
50.0,2.949059916e-07,0.03040122056
50.0,2.877782202e-07,0.03040181519
50.0,2.79510452e-07,0.0303998238
50.0,2.776301273e-07,0.0303940843
50.0,2.934202637e-07,0.03039281014
50.0,2.892918988e-07,0.03039482816
Freq,50,Rs,0.030409033805625,1.2558883504433256e-05,Ls,2.8846606563125004e-07,6.613691355644913e-09
":SOUR:DCS:STAT OFF;:BIAS:STAT OFF;:COMP:BIN:COUN:CLE;:LIST:CLE:ALL;:COMP:BIN:CLE;:AMPL:ALC ON;:APER LONG,16;:BIAS:POL:AUTO OFF;:BIAS:RANG:AUTO ON;:BIAS:VOLT:LEV 0;:COMP:ABIN OFF;:COMP:BIN:COUN:STAT OFF;:COMP:MODE PTOL;:COMP:SLIM -9.9e+037,9.9e+037;:COMP:STAT OFF;:COMP:SWAP OFF;:COMP:TOL:NOM 0;:CURR:LEV 0.1;:DISP:ENAB ON;:DISP:LINE """";:DISP:WIND:TEXT1:DATA:FMSD:DATA 1e-009;:DISP:WIND:TEXT2:DATA:FMSD:DATA 1e-009;:FORM:ASC:LONG ON;:FORM:BORD NORM;:FORM:DATA ASC,64;:FREQ:CW 50;:FUNC:DEV1:MODE OFF;:FUNC:DEV1:REF:VAL 0;:FUNC:DEV2:MODE OFF;:FUNC:DEV2:REF:VAL 0;:FUNC:IMP:TYPE LSRS;:FUNC:SMON:IDC:STAT OFF;:FUNC:SMON:VDC:STAT OFF;:INIT:CONT OFF;:LIST:MODE SEQ;:LIST:STIM:TYPE FREQ,NONE;:SOUR:DCS:VOLT:LEV 0;:TRIG:DEL 0;:TRIG:SOUR INT;:TRIG:TDEL 0;:DISP:WIND:TEXT1:DATA:FMSD:STAT OFF;:DISP:WIND:TEXT2:DATA:FMSD:STAT OFF;:FUNC:DCR:RANG:VAL 100;:FUNC:IMP:RANG:VAL 0.1;:OUTP:DC:ISOL:LEV:VAL 0.1;:OUTP:DC:ISOL:STAT OFF;:FUNC:DCR:RANG:AUTO ON;:FUNC:IMP:RANG:AUTO ON;:OUTP:DC:ISOL:LEV:AUTO ON;:DISP:PAGE MEASurement;
"
100.0,2.436030445e-07,0.03036893779
100.0,2.441339783e-07,0.03036778247
100.0,2.447458333e-07,0.03036702813
100.0,2.440755808e-07,0.03036547153
100.0,2.445249307e-07,0.03036449798
100.0,2.438393464e-07,0.03036410697
100.0,2.450155442e-07,0.0303626897
100.0,2.446898251e-07,0.03036139966
100.0,2.448557536e-07,0.03036030696
100.0,2.445700812e-07,0.03035937503
100.0,2.443922809e-07,0.03035838541
100.0,2.451834076e-07,0.03035727037
100.0,2.442107383e-07,0.03035654303
100.0,2.432516539e-07,0.03035526332
100.0,2.440891965e-07,0.03035515769
100.0,2.437063565e-07,0.0303539352
Freq,100,Rs,0.0303611344525,4.834895100003235e-06,Ls,2.443054719875e-07,5.393393278124707e-10
":SOUR:DCS:STAT OFF;:BIAS:STAT OFF;:COMP:BIN:COUN:CLE;:LIST:CLE:ALL;:COMP:BIN:CLE;:AMPL:ALC ON;:APER LONG,16;:BIAS:POL:AUTO OFF;:BIAS:RANG:AUTO ON;:BIAS:VOLT:LEV 0;:COMP:ABIN OFF;:COMP:BIN:COUN:STAT OFF;:COMP:MODE PTOL;:COMP:SLIM -9.9e+037,9.9e+037;:COMP:STAT OFF;:COMP:SWAP OFF;:COMP:TOL:NOM 0;:CURR:LEV 0.1;:DISP:ENAB ON;:DISP:LINE """";:DISP:WIND:TEXT1:DATA:FMSD:DATA 1e-009;:DISP:WIND:TEXT2:DATA:FMSD:DATA 1e-009;:FORM:ASC:LONG ON;:FORM:BORD NORM;:FORM:DATA ASC,64;:FREQ:CW 100;:FUNC:DEV1:MODE OFF;:FUNC:DEV1:REF:VAL 0;:FUNC:DEV2:MODE OFF;:FUNC:DEV2:REF:VAL 0;:FUNC:IMP:TYPE LSRS;:FUNC:SMON:IDC:STAT OFF;:FUNC:SMON:VDC:STAT OFF;:INIT:CONT OFF;:LIST:MODE SEQ;:LIST:STIM:TYPE FREQ,NONE;:SOUR:DCS:VOLT:LEV 0;:TRIG:DEL 0;:TRIG:SOUR INT;:TRIG:TDEL 0;:DISP:WIND:TEXT1:DATA:FMSD:STAT OFF;:DISP:WIND:TEXT2:DATA:FMSD:STAT OFF;:FUNC:DCR:RANG:VAL 100;:FUNC:IMP:RANG:VAL 0.1;:OUTP:DC:ISOL:LEV:VAL 0.1;:OUTP:DC:ISOL:STAT OFF;:FUNC:DCR:RANG:AUTO ON;:FUNC:IMP:RANG:AUTO ON;:OUTP:DC:ISOL:LEV:AUTO ON;:DISP:PAGE MEASurement;
"
200.0,2.419633223e-07,0.03037521582
200.0,2.417224207e-07,0.03037462238
200.0,2.417275e-07,0.03037380796
200.0,2.417690399e-07,0.03037335331
200.0,2.415465429e-07,0.03037257816
200.0,2.416500068e-07,0.03037212226
200.0,2.416924351e-07,0.03037167152
200.0,2.41884519e-07,0.03037105844
200.0,2.418543852e-07,0.03037086545
200.0,2.415455079e-07,0.03036973339
200.0,2.417141424e-07,0.03036958615
200.0,2.417922222e-07,0.03036868918
200.0,2.419178717e-07,0.03036825675
200.0,2.419452859e-07,0.03036768821
200.0,2.416883791e-07,0.03036738524
200.0,2.417753538e-07,0.03036652848
Freq,200,Rs,0.03037082266875,2.6899116634837963e-06,Ls,2.4176180843125e-07,1.2760524718132075e-10
":SOUR:DCS:STAT OFF;:BIAS:STAT OFF;:COMP:BIN:COUN:CLE;:LIST:CLE:ALL;:COMP:BIN:CLE;:AMPL:ALC ON;:APER LONG,16;:BIAS:POL:AUTO OFF;:BIAS:RANG:AUTO ON;:BIAS:VOLT:LEV 0;:COMP:ABIN OFF;:COMP:BIN:COUN:STAT OFF;:COMP:MODE PTOL;:COMP:SLIM -9.9e+037,9.9e+037;:COMP:STAT OFF;:COMP:SWAP OFF;:COMP:TOL:NOM 0;:CURR:LEV 0.1;:DISP:ENAB ON;:DISP:LINE """";:DISP:WIND:TEXT1:DATA:FMSD:DATA 1e-009;:DISP:WIND:TEXT2:DATA:FMSD:DATA 1e-009;:FORM:ASC:LONG ON;:FORM:BORD NORM;:FORM:DATA ASC,64;:FREQ:CW 200;:FUNC:DEV1:MODE OFF;:FUNC:DEV1:REF:VAL 0;:FUNC:DEV2:MODE OFF;:FUNC:DEV2:REF:VAL 0;:FUNC:IMP:TYPE LSRS;:FUNC:SMON:IDC:STAT OFF;:FUNC:SMON:VDC:STAT OFF;:INIT:CONT OFF;:LIST:MODE SEQ;:LIST:STIM:TYPE FREQ,NONE;:SOUR:DCS:VOLT:LEV 0;:TRIG:DEL 0;:TRIG:SOUR INT;:TRIG:TDEL 0;:DISP:WIND:TEXT1:DATA:FMSD:STAT OFF;:DISP:WIND:TEXT2:DATA:FMSD:STAT OFF;:FUNC:DCR:RANG:VAL 100;:FUNC:IMP:RANG:VAL 0.1;:OUTP:DC:ISOL:LEV:VAL 0.1;:OUTP:DC:ISOL:STAT OFF;:FUNC:DCR:RANG:AUTO ON;:FUNC:IMP:RANG:AUTO ON;:OUTP:DC:ISOL:LEV:AUTO ON;:DISP:PAGE MEASurement;
"
300.0,2.292598824e-07,0.03037284186
300.0,2.294133531e-07,0.0303722474
300.0,2.293490658e-07,0.03037187515
300.0,2.293875649e-07,0.03037148738
300.0,2.294604916e-07,0.03037081374
300.0,2.294394419e-07,0.03037037218
300.0,2.293367418e-07,0.0303695599
300.0,2.293185529e-07,0.03036878393
300.0,2.295380695e-07,0.03036835664
300.0,2.293358619e-07,0.03036825987
300.0,2.293203105e-07,0.03036750175
300.0,2.293984194e-07,0.03036690862
300.0,2.292790297e-07,0.03036666891
300.0,2.293935399e-07,0.03036598216
300.0,2.294804431e-07,0.03036565088
300.0,2.293151097e-07,0.0303651205
Freq,300,Rs,0.030368901929375,2.4970202641428383e-06,Ls,2.2937661738125e-07,7.639596327179364e-11
":SOUR:DCS:STAT OFF;:BIAS:STAT OFF;:COMP:BIN:COUN:CLE;:LIST:CLE:ALL;:COMP:BIN:CLE;:AMPL:ALC ON;:APER LONG,16;:BIAS:POL:AUTO OFF;:BIAS:RANG:AUTO ON;:BIAS:VOLT:LEV 0;:COMP:ABIN OFF;:COMP:BIN:COUN:STAT OFF;:COMP:MODE PTOL;:COMP:SLIM -9.9e+037,9.9e+037;:COMP:STAT OFF;:COMP:SWAP OFF;:COMP:TOL:NOM 0;:CURR:LEV 0.1;:DISP:ENAB ON;:DISP:LINE """";:DISP:WIND:TEXT1:DATA:FMSD:DATA 1e-009;:DISP:WIND:TEXT2:DATA:FMSD:DATA 1e-009;:FORM:ASC:LONG ON;:FORM:BORD NORM;:FORM:DATA ASC,64;:FREQ:CW 300;:FUNC:DEV1:MODE OFF;:FUNC:DEV1:REF:VAL 0;:FUNC:DEV2:MODE OFF;:FUNC:DEV2:REF:VAL 0;:FUNC:IMP:TYPE LSRS;:FUNC:SMON:IDC:STAT OFF;:FUNC:SMON:VDC:STAT OFF;:INIT:CONT OFF;:LIST:MODE SEQ;:LIST:STIM:TYPE FREQ,NONE;:SOUR:DCS:VOLT:LEV 0;:TRIG:DEL 0;:TRIG:SOUR INT;:TRIG:TDEL 0;:DISP:WIND:TEXT1:DATA:FMSD:STAT OFF;:DISP:WIND:TEXT2:DATA:FMSD:STAT OFF;:FUNC:DCR:RANG:VAL 100;:FUNC:IMP:RANG:VAL 0.1;:OUTP:DC:ISOL:LEV:VAL 0.1;:OUTP:DC:ISOL:STAT OFF;:FUNC:DCR:RANG:AUTO ON;:FUNC:IMP:RANG:AUTO ON;:OUTP:DC:ISOL:LEV:AUTO ON;:DISP:PAGE MEASurement;
"
500.0,2.227540538e-07,0.03037522044
500.0,2.227700206e-07,0.03037493014
500.0,2.228329955e-07,0.03037429606
500.0,2.228010655e-07,0.03037391442
500.0,2.227612729e-07,0.03037354666
500.0,2.228203785e-07,0.03037323336
500.0,2.229240117e-07,0.03037263274
500.0,2.227859872e-07,0.03037240851
500.0,2.227328447e-07,0.03037208006
500.0,2.228400245e-07,0.03037156193
500.0,2.22769263e-07,0.03037120701
500.0,2.226874098e-07,0.03037090438
500.0,2.227603456e-07,0.0303706917
500.0,2.227975882e-07,0.03037014926
500.0,2.228074892e-07,0.03036991325
500.0,2.228553271e-07,0.03036945665
Freq,500,Rs,0.030372259160625,1.812684378647022e-06,Ls,2.227937548625e-07,5.501183844799217e-11
":SOUR:DCS:STAT OFF;:BIAS:STAT OFF;:COMP:BIN:COUN:CLE;:LIST:CLE:ALL;:COMP:BIN:CLE;:AMPL:ALC ON;:APER LONG,16;:BIAS:POL:AUTO OFF;:BIAS:RANG:AUTO ON;:BIAS:VOLT:LEV 0;:COMP:ABIN OFF;:COMP:BIN:COUN:STAT OFF;:COMP:MODE PTOL;:COMP:SLIM -9.9e+037,9.9e+037;:COMP:STAT OFF;:COMP:SWAP OFF;:COMP:TOL:NOM 0;:CURR:LEV 0.1;:DISP:ENAB ON;:DISP:LINE """";:DISP:WIND:TEXT1:DATA:FMSD:DATA 1e-009;:DISP:WIND:TEXT2:DATA:FMSD:DATA 1e-009;:FORM:ASC:LONG ON;:FORM:BORD NORM;:FORM:DATA ASC,64;:FREQ:CW 500;:FUNC:DEV1:MODE OFF;:FUNC:DEV1:REF:VAL 0;:FUNC:DEV2:MODE OFF;:FUNC:DEV2:REF:VAL 0;:FUNC:IMP:TYPE LSRS;:FUNC:SMON:IDC:STAT OFF;:FUNC:SMON:VDC:STAT OFF;:INIT:CONT OFF;:LIST:MODE SEQ;:LIST:STIM:TYPE FREQ,NONE;:SOUR:DCS:VOLT:LEV 0;:TRIG:DEL 0;:TRIG:SOUR INT;:TRIG:TDEL 0;:DISP:WIND:TEXT1:DATA:FMSD:STAT OFF;:DISP:WIND:TEXT2:DATA:FMSD:STAT OFF;:FUNC:DCR:RANG:VAL 100;:FUNC:IMP:RANG:VAL 0.1;:OUTP:DC:ISOL:LEV:VAL 0.1;:OUTP:DC:ISOL:STAT OFF;:FUNC:DCR:RANG:AUTO ON;:FUNC:IMP:RANG:AUTO ON;:OUTP:DC:ISOL:LEV:AUTO ON;:DISP:PAGE MEASurement;
"
800.0,2.207997366e-07,0.03037520135
800.0,2.208046569e-07,0.03037492532
800.0,2.207585559e-07,0.03037437574
800.0,2.20792854e-07,0.03037409546
800.0,2.208003325e-07,0.03037407144
800.0,2.207683739e-07,0.03037362965
800.0,2.207774147e-07,0.03037336128
800.0,2.20801617e-07,0.03037320592
800.0,2.208205661e-07,0.03037266231
800.0,2.20779571e-07,0.03037262597
800.0,2.208315689e-07,0.03037217469
800.0,2.207719277e-07,0.03037194577
800.0,2.208161838e-07,0.03037179353
800.0,2.207981429e-07,0.03037144956
800.0,2.20817882e-07,0.03037132331
800.0,2.207706469e-07,0.03037086146
Freq,800,Rs,0.0303729814225,1.3328637439014866e-06,Ls,2.20794376925e-07,2.1399774286052782e-11
":SOUR:DCS:STAT OFF;:BIAS:STAT OFF;:COMP:BIN:COUN:CLE;:LIST:CLE:ALL;:COMP:BIN:CLE;:AMPL:ALC ON;:APER LONG,16;:BIAS:POL:AUTO OFF;:BIAS:RANG:AUTO ON;:BIAS:VOLT:LEV 0;:COMP:ABIN OFF;:COMP:BIN:COUN:STAT OFF;:COMP:MODE PTOL;:COMP:SLIM -9.9e+037,9.9e+037;:COMP:STAT OFF;:COMP:SWAP OFF;:COMP:TOL:NOM 0;:CURR:LEV 0.1;:DISP:ENAB ON;:DISP:LINE """";:DISP:WIND:TEXT1:DATA:FMSD:DATA 1e-009;:DISP:WIND:TEXT2:DATA:FMSD:DATA 1e-009;:FORM:ASC:LONG ON;:FORM:BORD NORM;:FORM:DATA ASC,64;:FREQ:CW 800;:FUNC:DEV1:MODE OFF;:FUNC:DEV1:REF:VAL 0;:FUNC:DEV2:MODE OFF;:FUNC:DEV2:REF:VAL 0;:FUNC:IMP:TYPE LSRS;:FUNC:SMON:IDC:STAT OFF;:FUNC:SMON:VDC:STAT OFF;:INIT:CONT OFF;:LIST:MODE SEQ;:LIST:STIM:TYPE FREQ,NONE;:SOUR:DCS:VOLT:LEV 0;:TRIG:DEL 0;:TRIG:SOUR INT;:TRIG:TDEL 0;:DISP:WIND:TEXT1:DATA:FMSD:STAT OFF;:DISP:WIND:TEXT2:DATA:FMSD:STAT OFF;:FUNC:DCR:RANG:VAL 100;:FUNC:IMP:RANG:VAL 0.1;:OUTP:DC:ISOL:LEV:VAL 0.1;:OUTP:DC:ISOL:STAT OFF;:FUNC:DCR:RANG:AUTO ON;:FUNC:IMP:RANG:AUTO ON;:OUTP:DC:ISOL:LEV:AUTO ON;:DISP:PAGE MEASurement;
"
1000.0,2.201537041e-07,0.03036192622
1000.0,2.201453004e-07,0.03036182721
1000.0,2.201443612e-07,0.03036138962
1000.0,2.201421361e-07,0.03036127165
1000.0,2.201469289e-07,0.03036108674
1000.0,2.201712483e-07,0.03036050214
1000.0,2.201646604e-07,0.03036040037
1000.0,2.201228955e-07,0.03036041524
1000.0,2.201450671e-07,0.03036012113
1000.0,2.201485233e-07,0.03035981267
1000.0,2.201571344e-07,0.03035956976
1000.0,2.201497586e-07,0.03035923203
1000.0,2.201325313e-07,0.03035916271
1000.0,2.201258411e-07,0.0303589141
1000.0,2.201547288e-07,0.03035859756
1000.0,2.201429802e-07,0.03035812227
Freq,1000,Rs,0.03036014696375,1.1608917056867765e-06,Ls,2.2014673748125e-07,1.2669021108263118e-11
":SOUR:DCS:STAT OFF;:BIAS:STAT OFF;:COMP:BIN:COUN:CLE;:LIST:CLE:ALL;:COMP:BIN:CLE;:AMPL:ALC ON;:APER LONG,16;:BIAS:POL:AUTO OFF;:BIAS:RANG:AUTO ON;:BIAS:VOLT:LEV 0;:COMP:ABIN OFF;:COMP:BIN:COUN:STAT OFF;:COMP:MODE PTOL;:COMP:SLIM -9.9e+037,9.9e+037;:COMP:STAT OFF;:COMP:SWAP OFF;:COMP:TOL:NOM 0;:CURR:LEV 0.1;:DISP:ENAB ON;:DISP:LINE """";:DISP:WIND:TEXT1:DATA:FMSD:DATA 1e-009;:DISP:WIND:TEXT2:DATA:FMSD:DATA 1e-009;:FORM:ASC:LONG ON;:FORM:BORD NORM;:FORM:DATA ASC,64;:FREQ:CW 1000;:FUNC:DEV1:MODE OFF;:FUNC:DEV1:REF:VAL 0;:FUNC:DEV2:MODE OFF;:FUNC:DEV2:REF:VAL 0;:FUNC:IMP:TYPE LSRS;:FUNC:SMON:IDC:STAT OFF;:FUNC:SMON:VDC:STAT OFF;:INIT:CONT OFF;:LIST:MODE SEQ;:LIST:STIM:TYPE FREQ,NONE;:SOUR:DCS:VOLT:LEV 0;:TRIG:DEL 0;:TRIG:SOUR INT;:TRIG:TDEL 0;:DISP:WIND:TEXT1:DATA:FMSD:STAT OFF;:DISP:WIND:TEXT2:DATA:FMSD:STAT OFF;:FUNC:DCR:RANG:VAL 100;:FUNC:IMP:RANG:VAL 0.1;:OUTP:DC:ISOL:LEV:VAL 0.1;:OUTP:DC:ISOL:STAT OFF;:FUNC:DCR:RANG:AUTO ON;:FUNC:IMP:RANG:AUTO ON;:OUTP:DC:ISOL:LEV:AUTO ON;:DISP:PAGE MEASurement;
"
1591.5494309189535,2.202767948e-07,0.0303545044
1591.5494309189535,2.202760538e-07,0.03035404259
1591.5494309189535,2.202702206e-07,0.03035383413
1591.5494309189535,2.202836959e-07,0.03035380411
1591.5494309189535,2.202657819e-07,0.03035333824
1591.5494309189535,2.202893237e-07,0.03035307254
1591.5494309189535,2.202615012e-07,0.03035300555
1591.5494309189535,2.202742652e-07,0.03035261817
1591.5494309189535,2.20273045e-07,0.0303522941
1591.5494309189535,2.202619574e-07,0.03035201611
1591.5494309189535,2.202571772e-07,0.03035200783
1591.5494309189535,2.202664805e-07,0.03035153503
1591.5494309189535,2.202666156e-07,0.03035148079
1591.5494309189535,2.202688898e-07,0.03035144399
1591.5494309189535,2.202654357e-07,0.03035134473
1591.5494309189535,2.202772107e-07,0.03035080709
Freq,1591.5494309189535,Rs,0.030352571837499998,1.1224887299298735e-06,Ls,2.202709030625e-07,8.46677951603405e-12
":SOUR:DCS:STAT OFF;:BIAS:STAT OFF;:COMP:BIN:COUN:CLE;:LIST:CLE:ALL;:COMP:BIN:CLE;:AMPL:ALC ON;:APER LONG,16;:BIAS:POL:AUTO OFF;:BIAS:RANG:AUTO ON;:BIAS:VOLT:LEV 0;:COMP:ABIN OFF;:COMP:BIN:COUN:STAT OFF;:COMP:MODE PTOL;:COMP:SLIM -9.9e+037,9.9e+037;:COMP:STAT OFF;:COMP:SWAP OFF;:COMP:TOL:NOM 0;:CURR:LEV 0.1;:DISP:ENAB ON;:DISP:LINE """";:DISP:WIND:TEXT1:DATA:FMSD:DATA 1e-009;:DISP:WIND:TEXT2:DATA:FMSD:DATA 1e-009;:FORM:ASC:LONG ON;:FORM:BORD NORM;:FORM:DATA ASC,64;:FREQ:CW 1592;:FUNC:DEV1:MODE OFF;:FUNC:DEV1:REF:VAL 0;:FUNC:DEV2:MODE OFF;:FUNC:DEV2:REF:VAL 0;:FUNC:IMP:TYPE LSRS;:FUNC:SMON:IDC:STAT OFF;:FUNC:SMON:VDC:STAT OFF;:INIT:CONT OFF;:LIST:MODE SEQ;:LIST:STIM:TYPE FREQ,NONE;:SOUR:DCS:VOLT:LEV 0;:TRIG:DEL 0;:TRIG:SOUR INT;:TRIG:TDEL 0;:DISP:WIND:TEXT1:DATA:FMSD:STAT OFF;:DISP:WIND:TEXT2:DATA:FMSD:STAT OFF;:FUNC:DCR:RANG:VAL 100;:FUNC:IMP:RANG:VAL 0.1;:OUTP:DC:ISOL:LEV:VAL 0.1;:OUTP:DC:ISOL:STAT OFF;:FUNC:DCR:RANG:AUTO ON;:FUNC:IMP:RANG:AUTO ON;:OUTP:DC:ISOL:LEV:AUTO ON;:DISP:PAGE MEASurement;
"
2000.0,2.20875414e-07,0.03035595342
2000.0,2.208756871e-07,0.03035548672
2000.0,2.208548504e-07,0.03035542434
2000.0,2.208688279e-07,0.03035502752
2000.0,2.208605301e-07,0.03035495528
2000.0,2.208813378e-07,0.03035485317
2000.0,2.208741882e-07,0.03035489314
2000.0,2.208746252e-07,0.03035464857
2000.0,2.208731491e-07,0.03035433298
2000.0,2.208736808e-07,0.03035390057
2000.0,2.208580429e-07,0.03035399952
2000.0,2.208701801e-07,0.0303537455
2000.0,2.208661995e-07,0.03035326553
2000.0,2.20872705e-07,0.0303530626
2000.0,2.208692515e-07,0.03035296033
2000.0,2.208636803e-07,0.03035258945
Freq,2000,Rs,0.030354318665,1.0006342387040706e-06,Ls,2.2086952186875e-07,7.18687989647057e-12
":SOUR:DCS:STAT OFF;:BIAS:STAT OFF;:COMP:BIN:COUN:CLE;:LIST:CLE:ALL;:COMP:BIN:CLE;:AMPL:ALC ON;:APER LONG,16;:BIAS:POL:AUTO OFF;:BIAS:RANG:AUTO ON;:BIAS:VOLT:LEV 0;:COMP:ABIN OFF;:COMP:BIN:COUN:STAT OFF;:COMP:MODE PTOL;:COMP:SLIM -9.9e+037,9.9e+037;:COMP:STAT OFF;:COMP:SWAP OFF;:COMP:TOL:NOM 0;:CURR:LEV 0.1;:DISP:ENAB ON;:DISP:LINE """";:DISP:WIND:TEXT1:DATA:FMSD:DATA 1e-009;:DISP:WIND:TEXT2:DATA:FMSD:DATA 1e-009;:FORM:ASC:LONG ON;:FORM:BORD NORM;:FORM:DATA ASC,64;:FREQ:CW 2000;:FUNC:DEV1:MODE OFF;:FUNC:DEV1:REF:VAL 0;:FUNC:DEV2:MODE OFF;:FUNC:DEV2:REF:VAL 0;:FUNC:IMP:TYPE LSRS;:FUNC:SMON:IDC:STAT OFF;:FUNC:SMON:VDC:STAT OFF;:INIT:CONT OFF;:LIST:MODE SEQ;:LIST:STIM:TYPE FREQ,NONE;:SOUR:DCS:VOLT:LEV 0;:TRIG:DEL 0;:TRIG:SOUR INT;:TRIG:TDEL 0;:DISP:WIND:TEXT1:DATA:FMSD:STAT OFF;:DISP:WIND:TEXT2:DATA:FMSD:STAT OFF;:FUNC:DCR:RANG:VAL 100;:FUNC:IMP:RANG:VAL 0.1;:OUTP:DC:ISOL:LEV:VAL 0.1;:OUTP:DC:ISOL:STAT OFF;:FUNC:DCR:RANG:AUTO ON;:FUNC:IMP:RANG:AUTO ON;:OUTP:DC:ISOL:LEV:AUTO ON;:DISP:PAGE MEASurement;
"
3000.0,2.211528192e-07,0.03035073185
3000.0,2.211379052e-07,0.03035026609
3000.0,2.211443014e-07,0.03035023533
3000.0,2.211742417e-07,0.03034998274
3000.0,2.211545317e-07,0.03034970633
3000.0,2.211654666e-07,0.03034983414
3000.0,2.211652201e-07,0.03034926482
3000.0,2.211874278e-07,0.03034923646
3000.0,2.211547857e-07,0.03034889056
3000.0,2.211582422e-07,0.03034863492
3000.0,2.211342369e-07,0.0303488676
3000.0,2.211654503e-07,0.03034881735
3000.0,2.211699273e-07,0.03034844814
3000.0,2.211407724e-07,0.0303485448
3000.0,2.211651755e-07,0.03034803495
3000.0,2.211709546e-07,0.03034785015
Freq,3000,Rs,0.030349209139375,8.436585753288033e-07,Ls,2.211588411625e-07,1.4481280260389638e-11
":SOUR:DCS:STAT OFF;:BIAS:STAT OFF;:COMP:BIN:COUN:CLE;:LIST:CLE:ALL;:COMP:BIN:CLE;:AMPL:ALC ON;:APER LONG,16;:BIAS:POL:AUTO OFF;:BIAS:RANG:AUTO ON;:BIAS:VOLT:LEV 0;:COMP:ABIN OFF;:COMP:BIN:COUN:STAT OFF;:COMP:MODE PTOL;:COMP:SLIM -9.9e+037,9.9e+037;:COMP:STAT OFF;:COMP:SWAP OFF;:COMP:TOL:NOM 0;:CURR:LEV 0.1;:DISP:ENAB ON;:DISP:LINE """";:DISP:WIND:TEXT1:DATA:FMSD:DATA 1e-009;:DISP:WIND:TEXT2:DATA:FMSD:DATA 1e-009;:FORM:ASC:LONG ON;:FORM:BORD NORM;:FORM:DATA ASC,64;:FREQ:CW 3000;:FUNC:DEV1:MODE OFF;:FUNC:DEV1:REF:VAL 0;:FUNC:DEV2:MODE OFF;:FUNC:DEV2:REF:VAL 0;:FUNC:IMP:TYPE LSRS;:FUNC:SMON:IDC:STAT OFF;:FUNC:SMON:VDC:STAT OFF;:INIT:CONT OFF;:LIST:MODE SEQ;:LIST:STIM:TYPE FREQ,NONE;:SOUR:DCS:VOLT:LEV 0;:TRIG:DEL 0;:TRIG:SOUR INT;:TRIG:TDEL 0;:DISP:WIND:TEXT1:DATA:FMSD:STAT OFF;:DISP:WIND:TEXT2:DATA:FMSD:STAT OFF;:FUNC:DCR:RANG:VAL 100;:FUNC:IMP:RANG:VAL 0.1;:OUTP:DC:ISOL:LEV:VAL 0.1;:OUTP:DC:ISOL:STAT OFF;:FUNC:DCR:RANG:AUTO ON;:FUNC:IMP:RANG:AUTO ON;:OUTP:DC:ISOL:LEV:AUTO ON;:DISP:PAGE MEASurement;
"
5000.0,2.209845707e-07,0.03038082541
5000.0,2.209872356e-07,0.03038055725
5000.0,2.209855207e-07,0.03038054959
5000.0,2.209802932e-07,0.03038051076
5000.0,2.209829519e-07,0.03038084419
5000.0,2.209808359e-07,0.030379962
5000.0,2.209870437e-07,0.03038026225
5000.0,2.209798654e-07,0.03038015863
5000.0,2.209935672e-07,0.0303797099
5000.0,2.209823502e-07,0.03037977168
5000.0,2.209877764e-07,0.03037979079
5000.0,2.209800607e-07,0.03037978647
5000.0,2.20987522e-07,0.03037985768
5000.0,2.209818443e-07,0.03037979582
5000.0,2.209891299e-07,0.03037964763
5000.0,2.209897593e-07,0.0303798365
Freq,5000,Rs,0.030380116659375,4.150129439340458e-07,Ls,2.2098502044374998e-07,4.0679663798956935e-12
":SOUR:DCS:STAT OFF;:BIAS:STAT OFF;:COMP:BIN:COUN:CLE;:LIST:CLE:ALL;:COMP:BIN:CLE;:AMPL:ALC ON;:APER LONG,16;:BIAS:POL:AUTO OFF;:BIAS:RANG:AUTO ON;:BIAS:VOLT:LEV 0;:COMP:ABIN OFF;:COMP:BIN:COUN:STAT OFF;:COMP:MODE PTOL;:COMP:SLIM -9.9e+037,9.9e+037;:COMP:STAT OFF;:COMP:SWAP OFF;:COMP:TOL:NOM 0;:CURR:LEV 0.1;:DISP:ENAB ON;:DISP:LINE """";:DISP:WIND:TEXT1:DATA:FMSD:DATA 1e-009;:DISP:WIND:TEXT2:DATA:FMSD:DATA 1e-009;:FORM:ASC:LONG ON;:FORM:BORD NORM;:FORM:DATA ASC,64;:FREQ:CW 5000;:FUNC:DEV1:MODE OFF;:FUNC:DEV1:REF:VAL 0;:FUNC:DEV2:MODE OFF;:FUNC:DEV2:REF:VAL 0;:FUNC:IMP:TYPE LSRS;:FUNC:SMON:IDC:STAT OFF;:FUNC:SMON:VDC:STAT OFF;:INIT:CONT OFF;:LIST:MODE SEQ;:LIST:STIM:TYPE FREQ,NONE;:SOUR:DCS:VOLT:LEV 0;:TRIG:DEL 0;:TRIG:SOUR INT;:TRIG:TDEL 0;:DISP:WIND:TEXT1:DATA:FMSD:STAT OFF;:DISP:WIND:TEXT2:DATA:FMSD:STAT OFF;:FUNC:DCR:RANG:VAL 100;:FUNC:IMP:RANG:VAL 0.1;:OUTP:DC:ISOL:LEV:VAL 0.1;:OUTP:DC:ISOL:STAT OFF;:FUNC:DCR:RANG:AUTO ON;:FUNC:IMP:RANG:AUTO ON;:OUTP:DC:ISOL:LEV:AUTO ON;:DISP:PAGE MEASurement;
"
":SOUR:DCS:STAT OFF;:BIAS:STAT OFF;:COMP:BIN:COUN:CLE;:LIST:CLE:ALL;:COMP:BIN:CLE;:AMPL:ALC ON;:APER LONG,16;:BIAS:POL:AUTO OFF;:BIAS:RANG:AUTO ON;:BIAS:VOLT:LEV 0;:COMP:ABIN OFF;:COMP:BIN:COUN:STAT OFF;:COMP:MODE PTOL;:COMP:SLIM -9.9e+037,9.9e+037;:COMP:STAT OFF;:COMP:SWAP OFF;:COMP:TOL:NOM 0;:CURR:LEV 0.1;:DISP:ENAB ON;:DISP:LINE """";:DISP:WIND:TEXT1:DATA:FMSD:DATA 1e-009;:DISP:WIND:TEXT2:DATA:FMSD:DATA 1e-009;:FORM:ASC:LONG ON;:FORM:BORD NORM;:FORM:DATA ASC,64;:FREQ:CW 5000;:FUNC:DEV1:MODE OFF;:FUNC:DEV1:REF:VAL 0;:FUNC:DEV2:MODE OFF;:FUNC:DEV2:REF:VAL 0;:FUNC:IMP:TYPE LSRS;:FUNC:SMON:IDC:STAT OFF;:FUNC:SMON:VDC:STAT OFF;:INIT:CONT OFF;:LIST:MODE SEQ;:LIST:STIM:TYPE FREQ,NONE;:SOUR:DCS:VOLT:LEV 0;:TRIG:DEL 0;:TRIG:SOUR INT;:TRIG:TDEL 0;:DISP:WIND:TEXT1:DATA:FMSD:STAT OFF;:DISP:WIND:TEXT2:DATA:FMSD:STAT OFF;:FUNC:DCR:RANG:VAL 100;:FUNC:IMP:RANG:VAL 0.1;:OUTP:DC:ISOL:LEV:VAL 0.1;:OUTP:DC:ISOL:STAT OFF;:FUNC:DCR:RANG:AUTO ON;:FUNC:IMP:RANG:AUTO ON;:OUTP:DC:ISOL:LEV:AUTO ON;:DISP:PAGE MEASurement;
"
2022-09-19,08:31:12
---------run finished---------
lcr name:,KeySight E4980A
Name and description of Resistor under test: ,RM0R
GPIB source:,<bound method MessageBasedResource.read of <'GPIBInstrument'('GPIB0::17::INSTR')>>
2022-09-19,08:38:39
select the freq range,"[50, 100, 200, 300, 500, 800, 1000, 1591.5494309189535, 2000, 3000, 5000]"
50.0,2.906284117e-07,0.03048638685
50.0,2.783609373e-07,0.03045200468
50.0,2.774526895e-07,0.03042369036
50.0,2.755027508e-07,0.03042010057
50.0,2.860151605e-07,0.03041800913
50.0,2.945591907e-07,0.03041410408
50.0,2.914831081e-07,0.0304086978
50.0,2.823391739e-07,0.03040620748
50.0,2.754084279e-07,0.03040778875
50.0,2.76249469e-07,0.03040768132
50.0,2.799011234e-07,0.03040692301
50.0,2.754600623e-07,0.03040447657
50.0,2.771864478e-07,0.03040040477
50.0,2.839545763e-07,0.03039582928
50.0,2.8582986e-07,0.03039480614
50.0,2.843310535e-07,0.03039334586
Freq,50,Rs,0.030415028540625,2.3710214474830757e-05,Ls,2.8216640266875e-07,6.2440716427493335e-09
":SOUR:DCS:STAT OFF;:BIAS:STAT OFF;:COMP:BIN:COUN:CLE;:LIST:CLE:ALL;:COMP:BIN:CLE;:AMPL:ALC ON;:APER LONG,16;:BIAS:POL:AUTO OFF;:BIAS:RANG:AUTO ON;:BIAS:VOLT:LEV 0;:COMP:ABIN OFF;:COMP:BIN:COUN:STAT OFF;:COMP:MODE PTOL;:COMP:SLIM -9.9e+037,9.9e+037;:COMP:STAT OFF;:COMP:SWAP OFF;:COMP:TOL:NOM 0;:CURR:LEV 0.1;:DISP:ENAB ON;:DISP:LINE """";:DISP:WIND:TEXT1:DATA:FMSD:DATA 1e-009;:DISP:WIND:TEXT2:DATA:FMSD:DATA 1e-009;:FORM:ASC:LONG ON;:FORM:BORD NORM;:FORM:DATA ASC,64;:FREQ:CW 50;:FUNC:DEV1:MODE OFF;:FUNC:DEV1:REF:VAL 0;:FUNC:DEV2:MODE OFF;:FUNC:DEV2:REF:VAL 0;:FUNC:IMP:TYPE LSRS;:FUNC:SMON:IDC:STAT OFF;:FUNC:SMON:VDC:STAT OFF;:INIT:CONT OFF;:LIST:MODE SEQ;:LIST:STIM:TYPE FREQ,NONE;:SOUR:DCS:VOLT:LEV 0;:TRIG:DEL 0;:TRIG:SOUR INT;:TRIG:TDEL 0;:DISP:WIND:TEXT1:DATA:FMSD:STAT OFF;:DISP:WIND:TEXT2:DATA:FMSD:STAT OFF;:FUNC:DCR:RANG:VAL 100;:FUNC:IMP:RANG:VAL 0.1;:OUTP:DC:ISOL:LEV:VAL 0.1;:OUTP:DC:ISOL:STAT OFF;:FUNC:DCR:RANG:AUTO ON;:FUNC:IMP:RANG:AUTO ON;:OUTP:DC:ISOL:LEV:AUTO ON;:DISP:PAGE MEASurement;
"
100.0,2.439616117e-07,0.03037514054
100.0,2.438474652e-07,0.03037497392
100.0,2.438117106e-07,0.03037383936
100.0,2.440479247e-07,0.03037285592
100.0,2.445526964e-07,0.03037231068
100.0,2.448346695e-07,0.03037117319
100.0,2.443407833e-07,0.03037048741
100.0,2.439805408e-07,0.03036975294
100.0,2.444896017e-07,0.03037571649
100.0,2.437274009e-07,0.03037028682
100.0,2.442049405e-07,0.03036831702
100.0,2.447322343e-07,0.03036692155
100.0,2.43989965e-07,0.03036624396
100.0,2.435353548e-07,0.0303654645
100.0,2.441936119e-07,0.03036486959
100.0,2.450503769e-07,0.03036426794
Freq,100,Rs,0.030370163864375,3.825986673862701e-06,Ls,2.442063055125e-07,4.2810575083069285e-10
":SOUR:DCS:STAT OFF;:BIAS:STAT OFF;:COMP:BIN:COUN:CLE;:LIST:CLE:ALL;:COMP:BIN:CLE;:AMPL:ALC ON;:APER LONG,16;:BIAS:POL:AUTO OFF;:BIAS:RANG:AUTO ON;:BIAS:VOLT:LEV 0;:COMP:ABIN OFF;:COMP:BIN:COUN:STAT OFF;:COMP:MODE PTOL;:COMP:SLIM -9.9e+037,9.9e+037;:COMP:STAT OFF;:COMP:SWAP OFF;:COMP:TOL:NOM 0;:CURR:LEV 0.1;:DISP:ENAB ON;:DISP:LINE """";:DISP:WIND:TEXT1:DATA:FMSD:DATA 1e-009;:DISP:WIND:TEXT2:DATA:FMSD:DATA 1e-009;:FORM:ASC:LONG ON;:FORM:BORD NORM;:FORM:DATA ASC,64;:FREQ:CW 100;:FUNC:DEV1:MODE OFF;:FUNC:DEV1:REF:VAL 0;:FUNC:DEV2:MODE OFF;:FUNC:DEV2:REF:VAL 0;:FUNC:IMP:TYPE LSRS;:FUNC:SMON:IDC:STAT OFF;:FUNC:SMON:VDC:STAT OFF;:INIT:CONT OFF;:LIST:MODE SEQ;:LIST:STIM:TYPE FREQ,NONE;:SOUR:DCS:VOLT:LEV 0;:TRIG:DEL 0;:TRIG:SOUR INT;:TRIG:TDEL 0;:DISP:WIND:TEXT1:DATA:FMSD:STAT OFF;:DISP:WIND:TEXT2:DATA:FMSD:STAT OFF;:FUNC:DCR:RANG:VAL 100;:FUNC:IMP:RANG:VAL 0.1;:OUTP:DC:ISOL:LEV:VAL 0.1;:OUTP:DC:ISOL:STAT OFF;:FUNC:DCR:RANG:AUTO ON;:FUNC:IMP:RANG:AUTO ON;:OUTP:DC:ISOL:LEV:AUTO ON;:DISP:PAGE MEASurement;
"
200.0,2.417924286e-07,0.03038535872
200.0,2.419350637e-07,0.03038478544
200.0,2.417139299e-07,0.03038440424
200.0,2.41814373e-07,0.03038361099
200.0,2.417981329e-07,0.03038342242
200.0,2.418446715e-07,0.03038261614
200.0,2.416976738e-07,0.03038228362
200.0,2.417561919e-07,0.03038220641
200.0,2.41953975e-07,0.03038167739
200.0,2.418578309e-07,0.03038126602
200.0,2.419700388e-07,0.0303811068
200.0,2.417499013e-07,0.03038067897
200.0,2.418177173e-07,0.03039946246
200.0,2.418390511e-07,0.03043202055
200.0,2.420724853e-07,0.03042605804
200.0,2.418224833e-07,0.03042327126
Freq,200,Rs,0.030392139341875,1.7962270979926837e-05,Ls,2.4183974676875e-07,1.0003150493077752e-10
":SOUR:DCS:STAT OFF;:BIAS:STAT OFF;:COMP:BIN:COUN:CLE;:LIST:CLE:ALL;:COMP:BIN:CLE;:AMPL:ALC ON;:APER LONG,16;:BIAS:POL:AUTO OFF;:BIAS:RANG:AUTO ON;:BIAS:VOLT:LEV 0;:COMP:ABIN OFF;:COMP:BIN:COUN:STAT OFF;:COMP:MODE PTOL;:COMP:SLIM -9.9e+037,9.9e+037;:COMP:STAT OFF;:COMP:SWAP OFF;:COMP:TOL:NOM 0;:CURR:LEV 0.1;:DISP:ENAB ON;:DISP:LINE """";:DISP:WIND:TEXT1:DATA:FMSD:DATA 1e-009;:DISP:WIND:TEXT2:DATA:FMSD:DATA 1e-009;:FORM:ASC:LONG ON;:FORM:BORD NORM;:FORM:DATA ASC,64;:FREQ:CW 200;:FUNC:DEV1:MODE OFF;:FUNC:DEV1:REF:VAL 0;:FUNC:DEV2:MODE OFF;:FUNC:DEV2:REF:VAL 0;:FUNC:IMP:TYPE LSRS;:FUNC:SMON:IDC:STAT OFF;:FUNC:SMON:VDC:STAT OFF;:INIT:CONT OFF;:LIST:MODE SEQ;:LIST:STIM:TYPE FREQ,NONE;:SOUR:DCS:VOLT:LEV 0;:TRIG:DEL 0;:TRIG:SOUR INT;:TRIG:TDEL 0;:DISP:WIND:TEXT1:DATA:FMSD:STAT OFF;:DISP:WIND:TEXT2:DATA:FMSD:STAT OFF;:FUNC:DCR:RANG:VAL 100;:FUNC:IMP:RANG:VAL 0.1;:OUTP:DC:ISOL:LEV:VAL 0.1;:OUTP:DC:ISOL:STAT OFF;:FUNC:DCR:RANG:AUTO ON;:FUNC:IMP:RANG:AUTO ON;:OUTP:DC:ISOL:LEV:AUTO ON;:DISP:PAGE MEASurement;
"
300.0,2.294806569e-07,0.03042631359
300.0,2.293450844e-07,0.03042485058
300.0,2.295055928e-07,0.03042338984
300.0,2.295585281e-07,0.03042237665
300.0,2.293808511e-07,0.03042123236
300.0,2.294771237e-07,0.03042055553
300.0,2.293599712e-07,0.03041930264
300.0,2.294762803e-07,0.03041825227
300.0,2.294460788e-07,0.0304177975
300.0,2.294475297e-07,0.03041693973
300.0,2.295509245e-07,0.03041634287
300.0,2.293971919e-07,0.03041562823
300.0,2.293761676e-07,0.03041527326
300.0,2.294682068e-07,0.03041464334
300.0,2.294103747e-07,0.03041424089
300.0,2.293129775e-07,0.03041378362
Freq,300,Rs,0.03041880768125,3.938706001488253e-06,Ls,2.2943709625e-07,7.19207906276445e-11
":SOUR:DCS:STAT OFF;:BIAS:STAT OFF;:COMP:BIN:COUN:CLE;:LIST:CLE:ALL;:COMP:BIN:CLE;:AMPL:ALC ON;:APER LONG,16;:BIAS:POL:AUTO OFF;:BIAS:RANG:AUTO ON;:BIAS:VOLT:LEV 0;:COMP:ABIN OFF;:COMP:BIN:COUN:STAT OFF;:COMP:MODE PTOL;:COMP:SLIM -9.9e+037,9.9e+037;:COMP:STAT OFF;:COMP:SWAP OFF;:COMP:TOL:NOM 0;:CURR:LEV 0.1;:DISP:ENAB ON;:DISP:LINE """";:DISP:WIND:TEXT1:DATA:FMSD:DATA 1e-009;:DISP:WIND:TEXT2:DATA:FMSD:DATA 1e-009;:FORM:ASC:LONG ON;:FORM:BORD NORM;:FORM:DATA ASC,64;:FREQ:CW 300;:FUNC:DEV1:MODE OFF;:FUNC:DEV1:REF:VAL 0;:FUNC:DEV2:MODE OFF;:FUNC:DEV2:REF:VAL 0;:FUNC:IMP:TYPE LSRS;:FUNC:SMON:IDC:STAT OFF;:FUNC:SMON:VDC:STAT OFF;:INIT:CONT OFF;:LIST:MODE SEQ;:LIST:STIM:TYPE FREQ,NONE;:SOUR:DCS:VOLT:LEV 0;:TRIG:DEL 0;:TRIG:SOUR INT;:TRIG:TDEL 0;:DISP:WIND:TEXT1:DATA:FMSD:STAT OFF;:DISP:WIND:TEXT2:DATA:FMSD:STAT OFF;:FUNC:DCR:RANG:VAL 100;:FUNC:IMP:RANG:VAL 0.1;:OUTP:DC:ISOL:LEV:VAL 0.1;:OUTP:DC:ISOL:STAT OFF;:FUNC:DCR:RANG:AUTO ON;:FUNC:IMP:RANG:AUTO ON;:OUTP:DC:ISOL:LEV:AUTO ON;:DISP:PAGE MEASurement;
"
500.0,2.229891564e-07,0.03042407777
500.0,2.228812773e-07,0.03042364168
500.0,2.228949141e-07,0.03042379407
500.0,2.229338744e-07,0.03042334711
500.0,2.229311149e-07,0.03041514665
500.0,2.229660369e-07,0.03041143495
500.0,2.229124531e-07,0.03041030426
500.0,2.229395036e-07,0.03040946265
500.0,2.229291075e-07,0.03040824836
500.0,2.22957943e-07,0.03040765822
500.0,2.229080797e-07,0.0304069832
500.0,2.229071541e-07,0.03040667635
500.0,2.229251904e-07,0.03040614156
500.0,2.228420216e-07,0.03040555067
500.0,2.229538542e-07,0.03040517112
500.0,2.22915016e-07,0.03040452064
Freq,500,Rs,0.03041200995375,7.455271102336764e-06,Ls,2.2292416857500002e-07,3.5227218872749534e-11
":SOUR:DCS:STAT OFF;:BIAS:STAT OFF;:COMP:BIN:COUN:CLE;:LIST:CLE:ALL;:COMP:BIN:CLE;:AMPL:ALC ON;:APER LONG,16;:BIAS:POL:AUTO OFF;:BIAS:RANG:AUTO ON;:BIAS:VOLT:LEV 0;:COMP:ABIN OFF;:COMP:BIN:COUN:STAT OFF;:COMP:MODE PTOL;:COMP:SLIM -9.9e+037,9.9e+037;:COMP:STAT OFF;:COMP:SWAP OFF;:COMP:TOL:NOM 0;:CURR:LEV 0.1;:DISP:ENAB ON;:DISP:LINE """";:DISP:WIND:TEXT1:DATA:FMSD:DATA 1e-009;:DISP:WIND:TEXT2:DATA:FMSD:DATA 1e-009;:FORM:ASC:LONG ON;:FORM:BORD NORM;:FORM:DATA ASC,64;:FREQ:CW 500;:FUNC:DEV1:MODE OFF;:FUNC:DEV1:REF:VAL 0;:FUNC:DEV2:MODE OFF;:FUNC:DEV2:REF:VAL 0;:FUNC:IMP:TYPE LSRS;:FUNC:SMON:IDC:STAT OFF;:FUNC:SMON:VDC:STAT OFF;:INIT:CONT OFF;:LIST:MODE SEQ;:LIST:STIM:TYPE FREQ,NONE;:SOUR:DCS:VOLT:LEV 0;:TRIG:DEL 0;:TRIG:SOUR INT;:TRIG:TDEL 0;:DISP:WIND:TEXT1:DATA:FMSD:STAT OFF;:DISP:WIND:TEXT2:DATA:FMSD:STAT OFF;:FUNC:DCR:RANG:VAL 100;:FUNC:IMP:RANG:VAL 0.1;:OUTP:DC:ISOL:LEV:VAL 0.1;:OUTP:DC:ISOL:STAT OFF;:FUNC:DCR:RANG:AUTO ON;:FUNC:IMP:RANG:AUTO ON;:OUTP:DC:ISOL:LEV:AUTO ON;:DISP:PAGE MEASurement;
"
800.0,2.209160557e-07,0.03041042539
800.0,2.20979118e-07,0.03041032172
800.0,2.20903012e-07,0.03040968141
800.0,2.209236007e-07,0.03040900659
800.0,2.20909832e-07,0.03040887507
800.0,2.209133324e-07,0.03040836175
800.0,2.20932531e-07,0.03040801016
800.0,2.209453562e-07,0.03040754312
800.0,2.209565592e-07,0.03040704366
800.0,2.209262205e-07,0.03040669379
800.0,2.2087966e-07,0.03040655797
800.0,2.209184063e-07,0.03040607242
800.0,2.209035534e-07,0.0304063039
800.0,2.209396345e-07,0.03040570436
800.0,2.209057353e-07,0.03040552187
800.0,2.20942692e-07,0.03040501546
Freq,800,Rs,0.030407571165,1.7298831695346533e-06,Ls,2.209247062e-07,2.420058600615319e-11
":SOUR:DCS:STAT OFF;:BIAS:STAT OFF;:COMP:BIN:COUN:CLE;:LIST:CLE:ALL;:COMP:BIN:CLE;:AMPL:ALC ON;:APER LONG,16;:BIAS:POL:AUTO OFF;:BIAS:RANG:AUTO ON;:BIAS:VOLT:LEV 0;:COMP:ABIN OFF;:COMP:BIN:COUN:STAT OFF;:COMP:MODE PTOL;:COMP:SLIM -9.9e+037,9.9e+037;:COMP:STAT OFF;:COMP:SWAP OFF;:COMP:TOL:NOM 0;:CURR:LEV 0.1;:DISP:ENAB ON;:DISP:LINE """";:DISP:WIND:TEXT1:DATA:FMSD:DATA 1e-009;:DISP:WIND:TEXT2:DATA:FMSD:DATA 1e-009;:FORM:ASC:LONG ON;:FORM:BORD NORM;:FORM:DATA ASC,64;:FREQ:CW 800;:FUNC:DEV1:MODE OFF;:FUNC:DEV1:REF:VAL 0;:FUNC:DEV2:MODE OFF;:FUNC:DEV2:REF:VAL 0;:FUNC:IMP:TYPE LSRS;:FUNC:SMON:IDC:STAT OFF;:FUNC:SMON:VDC:STAT OFF;:INIT:CONT OFF;:LIST:MODE SEQ;:LIST:STIM:TYPE FREQ,NONE;:SOUR:DCS:VOLT:LEV 0;:TRIG:DEL 0;:TRIG:SOUR INT;:TRIG:TDEL 0;:DISP:WIND:TEXT1:DATA:FMSD:STAT OFF;:DISP:WIND:TEXT2:DATA:FMSD:STAT OFF;:FUNC:DCR:RANG:VAL 100;:FUNC:IMP:RANG:VAL 0.1;:OUTP:DC:ISOL:LEV:VAL 0.1;:OUTP:DC:ISOL:STAT OFF;:FUNC:DCR:RANG:AUTO ON;:FUNC:IMP:RANG:AUTO ON;:OUTP:DC:ISOL:LEV:AUTO ON;:DISP:PAGE MEASurement;
"
1000.0,2.202195189e-07,0.03039573053
1000.0,2.202228436e-07,0.03039562581
1000.0,2.202445346e-07,0.03039498978
1000.0,2.202304339e-07,0.03039469317
1000.0,2.20254104e-07,0.03039410001
1000.0,2.2024101e-07,0.03039367544
1000.0,2.202384692e-07,0.0303932505
1000.0,2.202255079e-07,0.03039304084
1000.0,2.202337141e-07,0.03039271715
1000.0,2.202372523e-07,0.03039211145
1000.0,2.202354453e-07,0.03039187038
1000.0,2.202265e-07,0.0303916481
1000.0,2.202387045e-07,0.03039139308
1000.0,2.202546079e-07,0.03039113333
1000.0,2.202431171e-07,0.03039085369
1000.0,2.202588759e-07,0.0303905601
Freq,1000,Rs,0.030392962085000003,1.7026251791241547e-06,Ls,2.2023778995e-07,1.1521548326560357e-11
":SOUR:DCS:STAT OFF;:BIAS:STAT OFF;:COMP:BIN:COUN:CLE;:LIST:CLE:ALL;:COMP:BIN:CLE;:AMPL:ALC ON;:APER LONG,16;:BIAS:POL:AUTO OFF;:BIAS:RANG:AUTO ON;:BIAS:VOLT:LEV 0;:COMP:ABIN OFF;:COMP:BIN:COUN:STAT OFF;:COMP:MODE PTOL;:COMP:SLIM -9.9e+037,9.9e+037;:COMP:STAT OFF;:COMP:SWAP OFF;:COMP:TOL:NOM 0;:CURR:LEV 0.1;:DISP:ENAB ON;:DISP:LINE """";:DISP:WIND:TEXT1:DATA:FMSD:DATA 1e-009;:DISP:WIND:TEXT2:DATA:FMSD:DATA 1e-009;:FORM:ASC:LONG ON;:FORM:BORD NORM;:FORM:DATA ASC,64;:FREQ:CW 1000;:FUNC:DEV1:MODE OFF;:FUNC:DEV1:REF:VAL 0;:FUNC:DEV2:MODE OFF;:FUNC:DEV2:REF:VAL 0;:FUNC:IMP:TYPE LSRS;:FUNC:SMON:IDC:STAT OFF;:FUNC:SMON:VDC:STAT OFF;:INIT:CONT OFF;:LIST:MODE SEQ;:LIST:STIM:TYPE FREQ,NONE;:SOUR:DCS:VOLT:LEV 0;:TRIG:DEL 0;:TRIG:SOUR INT;:TRIG:TDEL 0;:DISP:WIND:TEXT1:DATA:FMSD:STAT OFF;:DISP:WIND:TEXT2:DATA:FMSD:STAT OFF;:FUNC:DCR:RANG:VAL 100;:FUNC:IMP:RANG:VAL 0.1;:OUTP:DC:ISOL:LEV:VAL 0.1;:OUTP:DC:ISOL:STAT OFF;:FUNC:DCR:RANG:AUTO ON;:FUNC:IMP:RANG:AUTO ON;:OUTP:DC:ISOL:LEV:AUTO ON;:DISP:PAGE MEASurement;
"
1591.5494309189535,2.203560084e-07,0.03038698108
1591.5494309189535,2.203532951e-07,0.03038691091
1591.5494309189535,2.203303351e-07,0.03038669346
1591.5494309189535,2.203547414e-07,0.03038666422
1591.5494309189535,2.203604875e-07,0.03038621054
1591.5494309189535,2.203550453e-07,0.03038607877
1591.5494309189535,2.203344586e-07,0.03038584568
1591.5494309189535,2.203355736e-07,0.03038547128
1591.5494309189535,2.203406471e-07,0.03038555912
1591.5494309189535,2.203388585e-07,0.03038510129
1591.5494309189535,2.203551582e-07,0.03038486346
1591.5494309189535,2.203271634e-07,0.03038464751
1591.5494309189535,2.203504191e-07,0.03038445766
1591.5494309189535,2.203428331e-07,0.03038419438
1591.5494309189535,2.203425756e-07,0.03038418247
1591.5494309189535,2.203377889e-07,0.03038389464
Freq,1591.5494309189535,Rs,0.030385484779375,1.0430418368628398e-06,Ls,2.2034471180625002e-07,1.0357948754615633e-11
":SOUR:DCS:STAT OFF;:BIAS:STAT OFF;:COMP:BIN:COUN:CLE;:LIST:CLE:ALL;:COMP:BIN:CLE;:AMPL:ALC ON;:APER LONG,16;:BIAS:POL:AUTO OFF;:BIAS:RANG:AUTO ON;:BIAS:VOLT:LEV 0;:COMP:ABIN OFF;:COMP:BIN:COUN:STAT OFF;:COMP:MODE PTOL;:COMP:SLIM -9.9e+037,9.9e+037;:COMP:STAT OFF;:COMP:SWAP OFF;:COMP:TOL:NOM 0;:CURR:LEV 0.1;:DISP:ENAB ON;:DISP:LINE """";:DISP:WIND:TEXT1:DATA:FMSD:DATA 1e-009;:DISP:WIND:TEXT2:DATA:FMSD:DATA 1e-009;:FORM:ASC:LONG ON;:FORM:BORD NORM;:FORM:DATA ASC,64;:FREQ:CW 1592;:FUNC:DEV1:MODE OFF;:FUNC:DEV1:REF:VAL 0;:FUNC:DEV2:MODE OFF;:FUNC:DEV2:REF:VAL 0;:FUNC:IMP:TYPE LSRS;:FUNC:SMON:IDC:STAT OFF;:FUNC:SMON:VDC:STAT OFF;:INIT:CONT OFF;:LIST:MODE SEQ;:LIST:STIM:TYPE FREQ,NONE;:SOUR:DCS:VOLT:LEV 0;:TRIG:DEL 0;:TRIG:SOUR INT;:TRIG:TDEL 0;:DISP:WIND:TEXT1:DATA:FMSD:STAT OFF;:DISP:WIND:TEXT2:DATA:FMSD:STAT OFF;:FUNC:DCR:RANG:VAL 100;:FUNC:IMP:RANG:VAL 0.1;:OUTP:DC:ISOL:LEV:VAL 0.1;:OUTP:DC:ISOL:STAT OFF;:FUNC:DCR:RANG:AUTO ON;:FUNC:IMP:RANG:AUTO ON;:OUTP:DC:ISOL:LEV:AUTO ON;:DISP:PAGE MEASurement;
"
2000.0,2.20945697e-07,0.0303887366
2000.0,2.209507944e-07,0.03038872243
2000.0,2.209387302e-07,0.03038896374
2000.0,2.209347206e-07,0.03038897748
2000.0,2.209417787e-07,0.03038903886
2000.0,2.209361751e-07,0.03038866039
2000.0,2.209463486e-07,0.03038867075
2000.0,2.209279314e-07,0.03038844193
2000.0,2.209384668e-07,0.03038810025
2000.0,2.209391129e-07,0.03038779246
2000.0,2.209415401e-07,0.03038770507
2000.0,2.209412375e-07,0.0303874248
2000.0,2.209388654e-07,0.03038711009
2000.0,2.209331071e-07,0.03038697732
2000.0,2.209413955e-07,0.03038695141
2000.0,2.209265024e-07,0.03038671582
Freq,2000,Rs,0.0303880618375,8.2079442937887e-07,Ls,2.2093890023125e-07,6.339452731450071e-12
":SOUR:DCS:STAT OFF;:BIAS:STAT OFF;:COMP:BIN:COUN:CLE;:LIST:CLE:ALL;:COMP:BIN:CLE;:AMPL:ALC ON;:APER LONG,16;:BIAS:POL:AUTO OFF;:BIAS:RANG:AUTO ON;:BIAS:VOLT:LEV 0;:COMP:ABIN OFF;:COMP:BIN:COUN:STAT OFF;:COMP:MODE PTOL;:COMP:SLIM -9.9e+037,9.9e+037;:COMP:STAT OFF;:COMP:SWAP OFF;:COMP:TOL:NOM 0;:CURR:LEV 0.1;:DISP:ENAB ON;:DISP:LINE """";:DISP:WIND:TEXT1:DATA:FMSD:DATA 1e-009;:DISP:WIND:TEXT2:DATA:FMSD:DATA 1e-009;:FORM:ASC:LONG ON;:FORM:BORD NORM;:FORM:DATA ASC,64;:FREQ:CW 2000;:FUNC:DEV1:MODE OFF;:FUNC:DEV1:REF:VAL 0;:FUNC:DEV2:MODE OFF;:FUNC:DEV2:REF:VAL 0;:FUNC:IMP:TYPE LSRS;:FUNC:SMON:IDC:STAT OFF;:FUNC:SMON:VDC:STAT OFF;:INIT:CONT OFF;:LIST:MODE SEQ;:LIST:STIM:TYPE FREQ,NONE;:SOUR:DCS:VOLT:LEV 0;:TRIG:DEL 0;:TRIG:SOUR INT;:TRIG:TDEL 0;:DISP:WIND:TEXT1:DATA:FMSD:STAT OFF;:DISP:WIND:TEXT2:DATA:FMSD:STAT OFF;:FUNC:DCR:RANG:VAL 100;:FUNC:IMP:RANG:VAL 0.1;:OUTP:DC:ISOL:LEV:VAL 0.1;:OUTP:DC:ISOL:STAT OFF;:FUNC:DCR:RANG:AUTO ON;:FUNC:IMP:RANG:AUTO ON;:OUTP:DC:ISOL:LEV:AUTO ON;:DISP:PAGE MEASurement;
"
3000.0,2.212328357e-07,0.03038460326
3000.0,2.212021607e-07,0.03038395863
3000.0,2.212243107e-07,0.03038482039
3000.0,2.212493965e-07,0.03038471237
3000.0,2.212340758e-07,0.03038457788
3000.0,2.212108925e-07,0.03038464284
3000.0,2.212273081e-07,0.03038468264
3000.0,2.21225289e-07,0.03038469575
3000.0,2.212206302e-07,0.03038454718
3000.0,2.212230334e-07,0.03038455272
3000.0,2.212171732e-07,0.03038490453
3000.0,2.212525602e-07,0.03038470821
3000.0,2.212178908e-07,0.03038446214
3000.0,2.212431242e-07,0.03038465218
3000.0,2.212258864e-07,0.03038474863
3000.0,2.212281111e-07,0.03038451694
Freq,3000,Rs,0.030384611643125,2.0799184537633933e-07,Ls,2.2122716740625e-07,1.3225264723026515e-11
":SOUR:DCS:STAT OFF;:BIAS:STAT OFF;:COMP:BIN:COUN:CLE;:LIST:CLE:ALL;:COMP:BIN:CLE;:AMPL:ALC ON;:APER LONG,16;:BIAS:POL:AUTO OFF;:BIAS:RANG:AUTO ON;:BIAS:VOLT:LEV 0;:COMP:ABIN OFF;:COMP:BIN:COUN:STAT OFF;:COMP:MODE PTOL;:COMP:SLIM -9.9e+037,9.9e+037;:COMP:STAT OFF;:COMP:SWAP OFF;:COMP:TOL:NOM 0;:CURR:LEV 0.1;:DISP:ENAB ON;:DISP:LINE """";:DISP:WIND:TEXT1:DATA:FMSD:DATA 1e-009;:DISP:WIND:TEXT2:DATA:FMSD:DATA 1e-009;:FORM:ASC:LONG ON;:FORM:BORD NORM;:FORM:DATA ASC,64;:FREQ:CW 3000;:FUNC:DEV1:MODE OFF;:FUNC:DEV1:REF:VAL 0;:FUNC:DEV2:MODE OFF;:FUNC:DEV2:REF:VAL 0;:FUNC:IMP:TYPE LSRS;:FUNC:SMON:IDC:STAT OFF;:FUNC:SMON:VDC:STAT OFF;:INIT:CONT OFF;:LIST:MODE SEQ;:LIST:STIM:TYPE FREQ,NONE;:SOUR:DCS:VOLT:LEV 0;:TRIG:DEL 0;:TRIG:SOUR INT;:TRIG:TDEL 0;:DISP:WIND:TEXT1:DATA:FMSD:STAT OFF;:DISP:WIND:TEXT2:DATA:FMSD:STAT OFF;:FUNC:DCR:RANG:VAL 100;:FUNC:IMP:RANG:VAL 0.1;:OUTP:DC:ISOL:LEV:VAL 0.1;:OUTP:DC:ISOL:STAT OFF;:FUNC:DCR:RANG:AUTO ON;:FUNC:IMP:RANG:AUTO ON;:OUTP:DC:ISOL:LEV:AUTO ON;:DISP:PAGE MEASurement;
"
5000.0,2.210203342e-07,0.03041721233
5000.0,2.210223249e-07,0.03041781741
5000.0,2.210302268e-07,0.03041756201
5000.0,2.210343199e-07,0.03041749335
5000.0,2.210311334e-07,0.03041772261
5000.0,2.210216611e-07,0.03041738832
5000.0,2.210215733e-07,0.03041748104
5000.0,2.210259627e-07,0.03041693032
5000.0,2.210311335e-07,0.03041664627
5000.0,2.210221995e-07,0.03046851005
5000.0,2.210229225e-07,0.03046323371
5000.0,2.210160739e-07,0.03046233775
5000.0,2.210225393e-07,0.03046261186
5000.0,2.210184153e-07,0.0304636828
5000.0,2.21021735e-07,0.03046071377
5000.0,2.210132065e-07,0.03046062986
Freq,5000,Rs,0.03043737334125,2.3497056577465317e-05,Ls,2.210234851125e-07,5.752898784886694e-12
":SOUR:DCS:STAT OFF;:BIAS:STAT OFF;:COMP:BIN:COUN:CLE;:LIST:CLE:ALL;:COMP:BIN:CLE;:AMPL:ALC ON;:APER LONG,16;:BIAS:POL:AUTO OFF;:BIAS:RANG:AUTO ON;:BIAS:VOLT:LEV 0;:COMP:ABIN OFF;:COMP:BIN:COUN:STAT OFF;:COMP:MODE PTOL;:COMP:SLIM -9.9e+037,9.9e+037;:COMP:STAT OFF;:COMP:SWAP OFF;:COMP:TOL:NOM 0;:CURR:LEV 0.1;:DISP:ENAB ON;:DISP:LINE """";:DISP:WIND:TEXT1:DATA:FMSD:DATA 1e-009;:DISP:WIND:TEXT2:DATA:FMSD:DATA 1e-009;:FORM:ASC:LONG ON;:FORM:BORD NORM;:FORM:DATA ASC,64;:FREQ:CW 5000;:FUNC:DEV1:MODE OFF;:FUNC:DEV1:REF:VAL 0;:FUNC:DEV2:MODE OFF;:FUNC:DEV2:REF:VAL 0;:FUNC:IMP:TYPE LSRS;:FUNC:SMON:IDC:STAT OFF;:FUNC:SMON:VDC:STAT OFF;:INIT:CONT OFF;:LIST:MODE SEQ;:LIST:STIM:TYPE FREQ,NONE;:SOUR:DCS:VOLT:LEV 0;:TRIG:DEL 0;:TRIG:SOUR INT;:TRIG:TDEL 0;:DISP:WIND:TEXT1:DATA:FMSD:STAT OFF;:DISP:WIND:TEXT2:DATA:FMSD:STAT OFF;:FUNC:DCR:RANG:VAL 100;:FUNC:IMP:RANG:VAL 0.1;:OUTP:DC:ISOL:LEV:VAL 0.1;:OUTP:DC:ISOL:STAT OFF;:FUNC:DCR:RANG:AUTO ON;:FUNC:IMP:RANG:AUTO ON;:OUTP:DC:ISOL:LEV:AUTO ON;:DISP:PAGE MEASurement;
"
":SOUR:DCS:STAT OFF;:BIAS:STAT OFF;:COMP:BIN:COUN:CLE;:LIST:CLE:ALL;:COMP:BIN:CLE;:AMPL:ALC ON;:APER LONG,16;:BIAS:POL:AUTO OFF;:BIAS:RANG:AUTO ON;:BIAS:VOLT:LEV 0;:COMP:ABIN OFF;:COMP:BIN:COUN:STAT OFF;:COMP:MODE PTOL;:COMP:SLIM -9.9e+037,9.9e+037;:COMP:STAT OFF;:COMP:SWAP OFF;:COMP:TOL:NOM 0;:CURR:LEV 0.1;:DISP:ENAB ON;:DISP:LINE """";:DISP:WIND:TEXT1:DATA:FMSD:DATA 1e-009;:DISP:WIND:TEXT2:DATA:FMSD:DATA 1e-009;:FORM:ASC:LONG ON;:FORM:BORD NORM;:FORM:DATA ASC,64;:FREQ:CW 5000;:FUNC:DEV1:MODE OFF;:FUNC:DEV1:REF:VAL 0;:FUNC:DEV2:MODE OFF;:FUNC:DEV2:REF:VAL 0;:FUNC:IMP:TYPE LSRS;:FUNC:SMON:IDC:STAT OFF;:FUNC:SMON:VDC:STAT OFF;:INIT:CONT OFF;:LIST:MODE SEQ;:LIST:STIM:TYPE FREQ,NONE;:SOUR:DCS:VOLT:LEV 0;:TRIG:DEL 0;:TRIG:SOUR INT;:TRIG:TDEL 0;:DISP:WIND:TEXT1:DATA:FMSD:STAT OFF;:DISP:WIND:TEXT2:DATA:FMSD:STAT OFF;:FUNC:DCR:RANG:VAL 100;:FUNC:IMP:RANG:VAL 0.1;:OUTP:DC:ISOL:LEV:VAL 0.1;:OUTP:DC:ISOL:STAT OFF;:FUNC:DCR:RANG:AUTO ON;:FUNC:IMP:RANG:AUTO ON;:OUTP:DC:ISOL:LEV:AUTO ON;:DISP:PAGE MEASurement;
"
2022-09-19,08:49:56
---------run finished---------
lcr name:,KeySight E4980A
Name and description of Resistor under test: ,BM0
GPIB source:,<bound method MessageBasedResource.read of <'GPIBInstrument'('GPIB0::17::INSTR')>>
2022-09-19,08:59:49
select the freq range,"[50, 100, 200, 300, 500, 800, 1000, 1591.5494309189535, 2000, 3000, 5000]"
50.0,2.808021488e-07,0.02258518353
50.0,2.813579456e-07,0.02258343101
50.0,2.826980101e-07,0.02258285267
50.0,2.853721184e-07,0.02258202762
50.0,2.84763637e-07,0.02258206424
50.0,2.767281297e-07,0.02258267514
50.0,2.684798617e-07,0.02258023213
50.0,2.68042426e-07,0.02257561645
50.0,2.763399421e-07,0.02257284353
50.0,2.771357608e-07,0.0225714175
50.0,2.845163884e-07,0.02257179397
50.0,2.860792993e-07,0.02257253158
50.0,2.820613073e-07,0.0225728059
50.0,2.828035404e-07,0.02257193323
50.0,2.843617914e-07,0.02256955866
50.0,2.864048338e-07,0.02256736358
Freq,50,Rs,0.022576520671250003,5.89578448285902e-06,Ls,2.804966963e-07,5.743895740892712e-09
":SOUR:DCS:STAT OFF;:BIAS:STAT OFF;:COMP:BIN:COUN:CLE;:LIST:CLE:ALL;:COMP:BIN:CLE;:AMPL:ALC ON;:APER LONG,16;:BIAS:POL:AUTO OFF;:BIAS:RANG:AUTO ON;:BIAS:VOLT:LEV 0;:COMP:ABIN OFF;:COMP:BIN:COUN:STAT OFF;:COMP:MODE PTOL;:COMP:SLIM -9.9e+037,9.9e+037;:COMP:STAT OFF;:COMP:SWAP OFF;:COMP:TOL:NOM 0;:CURR:LEV 0.1;:DISP:ENAB ON;:DISP:LINE """";:DISP:WIND:TEXT1:DATA:FMSD:DATA 1e-009;:DISP:WIND:TEXT2:DATA:FMSD:DATA 1e-009;:FORM:ASC:LONG ON;:FORM:BORD NORM;:FORM:DATA ASC,64;:FREQ:CW 50;:FUNC:DEV1:MODE OFF;:FUNC:DEV1:REF:VAL 0;:FUNC:DEV2:MODE OFF;:FUNC:DEV2:REF:VAL 0;:FUNC:IMP:TYPE LSRS;:FUNC:SMON:IDC:STAT OFF;:FUNC:SMON:VDC:STAT OFF;:INIT:CONT OFF;:LIST:MODE SEQ;:LIST:STIM:TYPE FREQ,NONE;:SOUR:DCS:VOLT:LEV 0;:TRIG:DEL 0;:TRIG:SOUR INT;:TRIG:TDEL 0;:DISP:WIND:TEXT1:DATA:FMSD:STAT OFF;:DISP:WIND:TEXT2:DATA:FMSD:STAT OFF;:FUNC:DCR:RANG:VAL 100;:FUNC:IMP:RANG:VAL 0.1;:OUTP:DC:ISOL:LEV:VAL 0.1;:OUTP:DC:ISOL:STAT OFF;:FUNC:DCR:RANG:AUTO ON;:FUNC:IMP:RANG:AUTO ON;:OUTP:DC:ISOL:LEV:AUTO ON;:DISP:PAGE MEASurement;
"
100.0,2.327734584e-07,0.02254688705
100.0,2.326167915e-07,0.02254591014
100.0,2.32439968e-07,0.02254532494
100.0,2.325415695e-07,0.02254449671
100.0,2.32916094e-07,0.02254371291
100.0,2.3332922e-07,0.02254241808
100.0,2.321769377e-07,0.02254212382
100.0,2.327893813e-07,0.02254099187
100.0,2.324691451e-07,0.02254037547
100.0,2.32551267e-07,0.02253984066
100.0,2.323279369e-07,0.02253903646
100.0,2.328894082e-07,0.02253863447
100.0,2.331089227e-07,0.02253815105
100.0,2.331114998e-07,0.02253770129
100.0,2.336985526e-07,0.02253760902
100.0,2.317156527e-07,0.0225365954
Freq,100,Rs,0.022541238083749998,3.2711713008989554e-06,Ls,2.327159878375e-07,4.745147107384838e-10
":SOUR:DCS:STAT OFF;:BIAS:STAT OFF;:COMP:BIN:COUN:CLE;:LIST:CLE:ALL;:COMP:BIN:CLE;:AMPL:ALC ON;:APER LONG,16;:BIAS:POL:AUTO OFF;:BIAS:RANG:AUTO ON;:BIAS:VOLT:LEV 0;:COMP:ABIN OFF;:COMP:BIN:COUN:STAT OFF;:COMP:MODE PTOL;:COMP:SLIM -9.9e+037,9.9e+037;:COMP:STAT OFF;:COMP:SWAP OFF;:COMP:TOL:NOM 0;:CURR:LEV 0.1;:DISP:ENAB ON;:DISP:LINE """";:DISP:WIND:TEXT1:DATA:FMSD:DATA 1e-009;:DISP:WIND:TEXT2:DATA:FMSD:DATA 1e-009;:FORM:ASC:LONG ON;:FORM:BORD NORM;:FORM:DATA ASC,64;:FREQ:CW 100;:FUNC:DEV1:MODE OFF;:FUNC:DEV1:REF:VAL 0;:FUNC:DEV2:MODE OFF;:FUNC:DEV2:REF:VAL 0;:FUNC:IMP:TYPE LSRS;:FUNC:SMON:IDC:STAT OFF;:FUNC:SMON:VDC:STAT OFF;:INIT:CONT OFF;:LIST:MODE SEQ;:LIST:STIM:TYPE FREQ,NONE;:SOUR:DCS:VOLT:LEV 0;:TRIG:DEL 0;:TRIG:SOUR INT;:TRIG:TDEL 0;:DISP:WIND:TEXT1:DATA:FMSD:STAT OFF;:DISP:WIND:TEXT2:DATA:FMSD:STAT OFF;:FUNC:DCR:RANG:VAL 100;:FUNC:IMP:RANG:VAL 0.1;:OUTP:DC:ISOL:LEV:VAL 0.1;:OUTP:DC:ISOL:STAT OFF;:FUNC:DCR:RANG:AUTO ON;:FUNC:IMP:RANG:AUTO ON;:OUTP:DC:ISOL:LEV:AUTO ON;:DISP:PAGE MEASurement;
"
200.0,2.299483012e-07,0.02255837126
200.0,2.297564495e-07,0.02255803347
200.0,2.297398691e-07,0.02255754385
200.0,2.298913844e-07,0.02255692125
200.0,2.298062167e-07,0.02255671111
200.0,2.299331673e-07,0.0225560552
200.0,2.298446524e-07,0.02255540155
200.0,2.298967921e-07,0.02255523683
200.0,2.298792434e-07,0.02255434944
200.0,2.299705192e-07,0.02255423551
200.0,2.297835984e-07,0.02255365242
200.0,2.299706764e-07,0.02255350921
200.0,2.299260757e-07,0.0225528535
200.0,2.299114901e-07,0.02255305677
200.0,2.299490935e-07,0.02255194838
200.0,2.299929566e-07,0.02255197968
Freq,200,Rs,0.022554991214375,2.111106684586695e-06,Ls,2.29887530375e-07,7.956062312057163e-11
":SOUR:DCS:STAT OFF;:BIAS:STAT OFF;:COMP:BIN:COUN:CLE;:LIST:CLE:ALL;:COMP:BIN:CLE;:AMPL:ALC ON;:APER LONG,16;:BIAS:POL:AUTO OFF;:BIAS:RANG:AUTO ON;:BIAS:VOLT:LEV 0;:COMP:ABIN OFF;:COMP:BIN:COUN:STAT OFF;:COMP:MODE PTOL;:COMP:SLIM -9.9e+037,9.9e+037;:COMP:STAT OFF;:COMP:SWAP OFF;:COMP:TOL:NOM 0;:CURR:LEV 0.1;:DISP:ENAB ON;:DISP:LINE """";:DISP:WIND:TEXT1:DATA:FMSD:DATA 1e-009;:DISP:WIND:TEXT2:DATA:FMSD:DATA 1e-009;:FORM:ASC:LONG ON;:FORM:BORD NORM;:FORM:DATA ASC,64;:FREQ:CW 200;:FUNC:DEV1:MODE OFF;:FUNC:DEV1:REF:VAL 0;:FUNC:DEV2:MODE OFF;:FUNC:DEV2:REF:VAL 0;:FUNC:IMP:TYPE LSRS;:FUNC:SMON:IDC:STAT OFF;:FUNC:SMON:VDC:STAT OFF;:INIT:CONT OFF;:LIST:MODE SEQ;:LIST:STIM:TYPE FREQ,NONE;:SOUR:DCS:VOLT:LEV 0;:TRIG:DEL 0;:TRIG:SOUR INT;:TRIG:TDEL 0;:DISP:WIND:TEXT1:DATA:FMSD:STAT OFF;:DISP:WIND:TEXT2:DATA:FMSD:STAT OFF;:FUNC:DCR:RANG:VAL 100;:FUNC:IMP:RANG:VAL 0.1;:OUTP:DC:ISOL:LEV:VAL 0.1;:OUTP:DC:ISOL:STAT OFF;:FUNC:DCR:RANG:AUTO ON;:FUNC:IMP:RANG:AUTO ON;:OUTP:DC:ISOL:LEV:AUTO ON;:DISP:PAGE MEASurement;
"
300.0,2.17251039e-07,0.02255835921
300.0,2.172154752e-07,0.02255818471
300.0,2.171435297e-07,0.02255782022
300.0,2.169486957e-07,0.02255754742
300.0,2.171417947e-07,0.02255730959
300.0,2.170437191e-07,0.02255695483
300.0,2.171745888e-07,0.02255641268
300.0,2.170578679e-07,0.02255640768
300.0,2.171592849e-07,0.02255584914
300.0,2.171466368e-07,0.02255622569
300.0,2.171686185e-07,0.02255544156
300.0,2.17130175e-07,0.02255535425
300.0,2.171335494e-07,0.02255510526
300.0,2.170150469e-07,0.02255472724
300.0,2.172137376e-07,0.0225542842
300.0,2.170584977e-07,0.02255421777
Freq,300,Rs,0.022556262590625,1.3478339636446885e-06,Ls,2.1712514105625002e-07,8.057497428028932e-11
":SOUR:DCS:STAT OFF;:BIAS:STAT OFF;:COMP:BIN:COUN:CLE;:LIST:CLE:ALL;:COMP:BIN:CLE;:AMPL:ALC ON;:APER LONG,16;:BIAS:POL:AUTO OFF;:BIAS:RANG:AUTO ON;:BIAS:VOLT:LEV 0;:COMP:ABIN OFF;:COMP:BIN:COUN:STAT OFF;:COMP:MODE PTOL;:COMP:SLIM -9.9e+037,9.9e+037;:COMP:STAT OFF;:COMP:SWAP OFF;:COMP:TOL:NOM 0;:CURR:LEV 0.1;:DISP:ENAB ON;:DISP:LINE """";:DISP:WIND:TEXT1:DATA:FMSD:DATA 1e-009;:DISP:WIND:TEXT2:DATA:FMSD:DATA 1e-009;:FORM:ASC:LONG ON;:FORM:BORD NORM;:FORM:DATA ASC,64;:FREQ:CW 300;:FUNC:DEV1:MODE OFF;:FUNC:DEV1:REF:VAL 0;:FUNC:DEV2:MODE OFF;:FUNC:DEV2:REF:VAL 0;:FUNC:IMP:TYPE LSRS;:FUNC:SMON:IDC:STAT OFF;:FUNC:SMON:VDC:STAT OFF;:INIT:CONT OFF;:LIST:MODE SEQ;:LIST:STIM:TYPE FREQ,NONE;:SOUR:DCS:VOLT:LEV 0;:TRIG:DEL 0;:TRIG:SOUR INT;:TRIG:TDEL 0;:DISP:WIND:TEXT1:DATA:FMSD:STAT OFF;:DISP:WIND:TEXT2:DATA:FMSD:STAT OFF;:FUNC:DCR:RANG:VAL 100;:FUNC:IMP:RANG:VAL 0.1;:OUTP:DC:ISOL:LEV:VAL 0.1;:OUTP:DC:ISOL:STAT OFF;:FUNC:DCR:RANG:AUTO ON;:FUNC:IMP:RANG:AUTO ON;:OUTP:DC:ISOL:LEV:AUTO ON;:DISP:PAGE MEASurement;
"
500.0,2.103760082e-07,0.02256445035
500.0,2.103837049e-07,0.02256440333
500.0,2.103495171e-07,0.02256419393
500.0,2.103212991e-07,0.02256408668
500.0,2.10319054e-07,0.02256364254
500.0,2.10372127e-07,0.02256352201
500.0,2.103607772e-07,0.02256324514
500.0,2.103392706e-07,0.02256295705
500.0,2.103696654e-07,0.0225624817
500.0,2.103539479e-07,0.02256240946
500.0,2.103009193e-07,0.0225621114
500.0,2.103168201e-07,0.02256205207
500.0,2.103073339e-07,0.02256156427
500.0,2.103395359e-07,0.0225616372
500.0,2.103785103e-07,0.02256131676
500.0,2.103382152e-07,0.02256106005
Freq,500,Rs,0.02256282087125,1.146992884220136e-06,Ls,2.1034541913125e-07,2.6799186456326343e-11
":SOUR:DCS:STAT OFF;:BIAS:STAT OFF;:COMP:BIN:COUN:CLE;:LIST:CLE:ALL;:COMP:BIN:CLE;:AMPL:ALC ON;:APER LONG,16;:BIAS:POL:AUTO OFF;:BIAS:RANG:AUTO ON;:BIAS:VOLT:LEV 0;:COMP:ABIN OFF;:COMP:BIN:COUN:STAT OFF;:COMP:MODE PTOL;:COMP:SLIM -9.9e+037,9.9e+037;:COMP:STAT OFF;:COMP:SWAP OFF;:COMP:TOL:NOM 0;:CURR:LEV 0.1;:DISP:ENAB ON;:DISP:LINE """";:DISP:WIND:TEXT1:DATA:FMSD:DATA 1e-009;:DISP:WIND:TEXT2:DATA:FMSD:DATA 1e-009;:FORM:ASC:LONG ON;:FORM:BORD NORM;:FORM:DATA ASC,64;:FREQ:CW 500;:FUNC:DEV1:MODE OFF;:FUNC:DEV1:REF:VAL 0;:FUNC:DEV2:MODE OFF;:FUNC:DEV2:REF:VAL 0;:FUNC:IMP:TYPE LSRS;:FUNC:SMON:IDC:STAT OFF;:FUNC:SMON:VDC:STAT OFF;:INIT:CONT OFF;:LIST:MODE SEQ;:LIST:STIM:TYPE FREQ,NONE;:SOUR:DCS:VOLT:LEV 0;:TRIG:DEL 0;:TRIG:SOUR INT;:TRIG:TDEL 0;:DISP:WIND:TEXT1:DATA:FMSD:STAT OFF;:DISP:WIND:TEXT2:DATA:FMSD:STAT OFF;:FUNC:DCR:RANG:VAL 100;:FUNC:IMP:RANG:VAL 0.1;:OUTP:DC:ISOL:LEV:VAL 0.1;:OUTP:DC:ISOL:STAT OFF;:FUNC:DCR:RANG:AUTO ON;:FUNC:IMP:RANG:AUTO ON;:OUTP:DC:ISOL:LEV:AUTO ON;:DISP:PAGE MEASurement;
"
800.0,2.083105861e-07,0.02256780131
800.0,2.083078388e-07,0.02256744895
800.0,2.083157624e-07,0.02256747454
800.0,2.082927915e-07,0.02256733113
800.0,2.082582819e-07,0.02256715147
800.0,2.082834228e-07,0.02256706283
800.0,2.082455333e-07,0.02256681214
800.0,2.082545384e-07,0.0225665668
800.0,2.082804266e-07,0.02256652869
800.0,2.08282203e-07,0.02256616981
800.0,2.083044835e-07,0.02256621411
800.0,2.082557932e-07,0.02256589169
800.0,2.083005069e-07,0.0225658827
800.0,2.083018704e-07,0.02256562062
800.0,2.082858961e-07,0.02256538315
800.0,2.082712486e-07,0.0225653497
Freq,800,Rs,0.0225665431025,7.888520552336867e-07,Ls,2.0828444896875e-07,2.2145984202607248e-11
":SOUR:DCS:STAT OFF;:BIAS:STAT OFF;:COMP:BIN:COUN:CLE;:LIST:CLE:ALL;:COMP:BIN:CLE;:AMPL:ALC ON;:APER LONG,16;:BIAS:POL:AUTO OFF;:BIAS:RANG:AUTO ON;:BIAS:VOLT:LEV 0;:COMP:ABIN OFF;:COMP:BIN:COUN:STAT OFF;:COMP:MODE PTOL;:COMP:SLIM -9.9e+037,9.9e+037;:COMP:STAT OFF;:COMP:SWAP OFF;:COMP:TOL:NOM 0;:CURR:LEV 0.1;:DISP:ENAB ON;:DISP:LINE """";:DISP:WIND:TEXT1:DATA:FMSD:DATA 1e-009;:DISP:WIND:TEXT2:DATA:FMSD:DATA 1e-009;:FORM:ASC:LONG ON;:FORM:BORD NORM;:FORM:DATA ASC,64;:FREQ:CW 800;:FUNC:DEV1:MODE OFF;:FUNC:DEV1:REF:VAL 0;:FUNC:DEV2:MODE OFF;:FUNC:DEV2:REF:VAL 0;:FUNC:IMP:TYPE LSRS;:FUNC:SMON:IDC:STAT OFF;:FUNC:SMON:VDC:STAT OFF;:INIT:CONT OFF;:LIST:MODE SEQ;:LIST:STIM:TYPE FREQ,NONE;:SOUR:DCS:VOLT:LEV 0;:TRIG:DEL 0;:TRIG:SOUR INT;:TRIG:TDEL 0;:DISP:WIND:TEXT1:DATA:FMSD:STAT OFF;:DISP:WIND:TEXT2:DATA:FMSD:STAT OFF;:FUNC:DCR:RANG:VAL 100;:FUNC:IMP:RANG:VAL 0.1;:OUTP:DC:ISOL:LEV:VAL 0.1;:OUTP:DC:ISOL:STAT OFF;:FUNC:DCR:RANG:AUTO ON;:FUNC:IMP:RANG:AUTO ON;:OUTP:DC:ISOL:LEV:AUTO ON;:DISP:PAGE MEASurement;
"
1000.0,2.075673091e-07,0.02255597539
1000.0,2.075752202e-07,0.0225559859
1000.0,2.076146131e-07,0.02255560285
1000.0,2.075736187e-07,0.02255562037
1000.0,2.075824586e-07,0.02255556404
1000.0,2.075491713e-07,0.02255538809
1000.0,2.075698551e-07,0.02255553754
1000.0,2.075997861e-07,0.02255532251
1000.0,2.075853961e-07,0.02255525313
1000.0,2.075769258e-07,0.02255512407
1000.0,2.07552954e-07,0.02255508111
1000.0,2.076051781e-07,0.02255480618
1000.0,2.07592435e-07,0.02255456311
1000.0,2.076122098e-07,0.0225545032
1000.0,2.075758443e-07,0.02255451089
1000.0,2.075957513e-07,0.02255431628
Freq,1000,Rs,0.02255519716625,5.278506032059697e-07,Ls,2.075830454125e-07,1.9298752799038556e-11
":SOUR:DCS:STAT OFF;:BIAS:STAT OFF;:COMP:BIN:COUN:CLE;:LIST:CLE:ALL;:COMP:BIN:CLE;:AMPL:ALC ON;:APER LONG,16;:BIAS:POL:AUTO OFF;:BIAS:RANG:AUTO ON;:BIAS:VOLT:LEV 0;:COMP:ABIN OFF;:COMP:BIN:COUN:STAT OFF;:COMP:MODE PTOL;:COMP:SLIM -9.9e+037,9.9e+037;:COMP:STAT OFF;:COMP:SWAP OFF;:COMP:TOL:NOM 0;:CURR:LEV 0.1;:DISP:ENAB ON;:DISP:LINE """";:DISP:WIND:TEXT1:DATA:FMSD:DATA 1e-009;:DISP:WIND:TEXT2:DATA:FMSD:DATA 1e-009;:FORM:ASC:LONG ON;:FORM:BORD NORM;:FORM:DATA ASC,64;:FREQ:CW 1000;:FUNC:DEV1:MODE OFF;:FUNC:DEV1:REF:VAL 0;:FUNC:DEV2:MODE OFF;:FUNC:DEV2:REF:VAL 0;:FUNC:IMP:TYPE LSRS;:FUNC:SMON:IDC:STAT OFF;:FUNC:SMON:VDC:STAT OFF;:INIT:CONT OFF;:LIST:MODE SEQ;:LIST:STIM:TYPE FREQ,NONE;:SOUR:DCS:VOLT:LEV 0;:TRIG:DEL 0;:TRIG:SOUR INT;:TRIG:TDEL 0;:DISP:WIND:TEXT1:DATA:FMSD:STAT OFF;:DISP:WIND:TEXT2:DATA:FMSD:STAT OFF;:FUNC:DCR:RANG:VAL 100;:FUNC:IMP:RANG:VAL 0.1;:OUTP:DC:ISOL:LEV:VAL 0.1;:OUTP:DC:ISOL:STAT OFF;:FUNC:DCR:RANG:AUTO ON;:FUNC:IMP:RANG:AUTO ON;:OUTP:DC:ISOL:LEV:AUTO ON;:DISP:PAGE MEASurement;
"
1591.5494309189535,2.076433368e-07,0.02254981972
1591.5494309189535,2.076449162e-07,0.02255003492
1591.5494309189535,2.076546472e-07,0.02254955694
1591.5494309189535,2.076475746e-07,0.02254969114
1591.5494309189535,2.076475982e-07,0.0225494043
1591.5494309189535,2.07631845e-07,0.02254935304
1591.5494309189535,2.076470889e-07,0.02254940113
1591.5494309189535,2.076661095e-07,0.02254911454
1591.5494309189535,2.076432897e-07,0.02254919058
1591.5494309189535,2.076527656e-07,0.02254910196
1591.5494309189535,2.0762986e-07,0.02254898967
1591.5494309189535,2.076353075e-07,0.02254874622
1591.5494309189535,2.076353238e-07,0.02254865258
1591.5494309189535,2.076544009e-07,0.02254863905
1591.5494309189535,2.076551726e-07,0.02254840522
1591.5494309189535,2.076518776e-07,0.02254845122
Freq,1591.5494309189535,Rs,0.022549159514375,4.901017490136345e-07,Ls,2.0764631963124998e-07,9.741900535570377e-12
":SOUR:DCS:STAT OFF;:BIAS:STAT OFF;:COMP:BIN:COUN:CLE;:LIST:CLE:ALL;:COMP:BIN:CLE;:AMPL:ALC ON;:APER LONG,16;:BIAS:POL:AUTO OFF;:BIAS:RANG:AUTO ON;:BIAS:VOLT:LEV 0;:COMP:ABIN OFF;:COMP:BIN:COUN:STAT OFF;:COMP:MODE PTOL;:COMP:SLIM -9.9e+037,9.9e+037;:COMP:STAT OFF;:COMP:SWAP OFF;:COMP:TOL:NOM 0;:CURR:LEV 0.1;:DISP:ENAB ON;:DISP:LINE """";:DISP:WIND:TEXT1:DATA:FMSD:DATA 1e-009;:DISP:WIND:TEXT2:DATA:FMSD:DATA 1e-009;:FORM:ASC:LONG ON;:FORM:BORD NORM;:FORM:DATA ASC,64;:FREQ:CW 1592;:FUNC:DEV1:MODE OFF;:FUNC:DEV1:REF:VAL 0;:FUNC:DEV2:MODE OFF;:FUNC:DEV2:REF:VAL 0;:FUNC:IMP:TYPE LSRS;:FUNC:SMON:IDC:STAT OFF;:FUNC:SMON:VDC:STAT OFF;:INIT:CONT OFF;:LIST:MODE SEQ;:LIST:STIM:TYPE FREQ,NONE;:SOUR:DCS:VOLT:LEV 0;:TRIG:DEL 0;:TRIG:SOUR INT;:TRIG:TDEL 0;:DISP:WIND:TEXT1:DATA:FMSD:STAT OFF;:DISP:WIND:TEXT2:DATA:FMSD:STAT OFF;:FUNC:DCR:RANG:VAL 100;:FUNC:IMP:RANG:VAL 0.1;:OUTP:DC:ISOL:LEV:VAL 0.1;:OUTP:DC:ISOL:STAT OFF;:FUNC:DCR:RANG:AUTO ON;:FUNC:IMP:RANG:AUTO ON;:OUTP:DC:ISOL:LEV:AUTO ON;:DISP:PAGE MEASurement;
"
2000.0,2.082324248e-07,0.02255310508
2000.0,2.08235623e-07,0.02255285555
2000.0,2.082190241e-07,0.02255267516
2000.0,2.082259694e-07,0.0225528824
2000.0,2.082408495e-07,0.02255242201
2000.0,2.082353946e-07,0.02255244058
2000.0,2.082146027e-07,0.02255237427
2000.0,2.082291953e-07,0.02255229674
2000.0,2.082310712e-07,0.02255235866
2000.0,2.082312564e-07,0.02255209822
2000.0,2.082327432e-07,0.02255207122
2000.0,2.082268665e-07,0.02255199241
2000.0,2.0823151e-07,0.02255203583
2000.0,2.082365262e-07,0.02255192448
2000.0,2.082176713e-07,0.02255187231
2000.0,2.082317272e-07,0.02255197652
Freq,2000,Rs,0.02255233634,3.7817437496521e-07,Ls,2.082295284625e-07,7.188488561757403e-12
":SOUR:DCS:STAT OFF;:BIAS:STAT OFF;:COMP:BIN:COUN:CLE;:LIST:CLE:ALL;:COMP:BIN:CLE;:AMPL:ALC ON;:APER LONG,16;:BIAS:POL:AUTO OFF;:BIAS:RANG:AUTO ON;:BIAS:VOLT:LEV 0;:COMP:ABIN OFF;:COMP:BIN:COUN:STAT OFF;:COMP:MODE PTOL;:COMP:SLIM -9.9e+037,9.9e+037;:COMP:STAT OFF;:COMP:SWAP OFF;:COMP:TOL:NOM 0;:CURR:LEV 0.1;:DISP:ENAB ON;:DISP:LINE """";:DISP:WIND:TEXT1:DATA:FMSD:DATA 1e-009;:DISP:WIND:TEXT2:DATA:FMSD:DATA 1e-009;:FORM:ASC:LONG ON;:FORM:BORD NORM;:FORM:DATA ASC,64;:FREQ:CW 2000;:FUNC:DEV1:MODE OFF;:FUNC:DEV1:REF:VAL 0;:FUNC:DEV2:MODE OFF;:FUNC:DEV2:REF:VAL 0;:FUNC:IMP:TYPE LSRS;:FUNC:SMON:IDC:STAT OFF;:FUNC:SMON:VDC:STAT OFF;:INIT:CONT OFF;:LIST:MODE SEQ;:LIST:STIM:TYPE FREQ,NONE;:SOUR:DCS:VOLT:LEV 0;:TRIG:DEL 0;:TRIG:SOUR INT;:TRIG:TDEL 0;:DISP:WIND:TEXT1:DATA:FMSD:STAT OFF;:DISP:WIND:TEXT2:DATA:FMSD:STAT OFF;:FUNC:DCR:RANG:VAL 100;:FUNC:IMP:RANG:VAL 0.1;:OUTP:DC:ISOL:LEV:VAL 0.1;:OUTP:DC:ISOL:STAT OFF;:FUNC:DCR:RANG:AUTO ON;:FUNC:IMP:RANG:AUTO ON;:OUTP:DC:ISOL:LEV:AUTO ON;:DISP:PAGE MEASurement;
"
3000.0,2.085322115e-07,0.02255121315
3000.0,2.085043042e-07,0.02255096321
3000.0,2.085391791e-07,0.02255102902
3000.0,2.085055314e-07,0.02255072392
3000.0,2.085240148e-07,0.02255094499
3000.0,2.085210085e-07,0.02255085073
3000.0,2.085106004e-07,0.02255071428
3000.0,2.085113161e-07,0.02255068268
3000.0,2.084999169e-07,0.0225509971
3000.0,2.085044996e-07,0.0225506501
3000.0,2.085078575e-07,0.02255071923
3000.0,2.08505854e-07,0.02255057236
3000.0,2.085011714e-07,0.02255039829
3000.0,2.085017595e-07,0.02255021243
3000.0,2.085142752e-07,0.02255022668
3000.0,2.085267865e-07,0.02255021728
Freq,3000,Rs,0.022550694715625,3.074030498212321e-07,Ls,2.0851314291249999e-07,1.1995682287439136e-11
":SOUR:DCS:STAT OFF;:BIAS:STAT OFF;:COMP:BIN:COUN:CLE;:LIST:CLE:ALL;:COMP:BIN:CLE;:AMPL:ALC ON;:APER LONG,16;:BIAS:POL:AUTO OFF;:BIAS:RANG:AUTO ON;:BIAS:VOLT:LEV 0;:COMP:ABIN OFF;:COMP:BIN:COUN:STAT OFF;:COMP:MODE PTOL;:COMP:SLIM -9.9e+037,9.9e+037;:COMP:STAT OFF;:COMP:SWAP OFF;:COMP:TOL:NOM 0;:CURR:LEV 0.1;:DISP:ENAB ON;:DISP:LINE """";:DISP:WIND:TEXT1:DATA:FMSD:DATA 1e-009;:DISP:WIND:TEXT2:DATA:FMSD:DATA 1e-009;:FORM:ASC:LONG ON;:FORM:BORD NORM;:FORM:DATA ASC,64;:FREQ:CW 3000;:FUNC:DEV1:MODE OFF;:FUNC:DEV1:REF:VAL 0;:FUNC:DEV2:MODE OFF;:FUNC:DEV2:REF:VAL 0;:FUNC:IMP:TYPE LSRS;:FUNC:SMON:IDC:STAT OFF;:FUNC:SMON:VDC:STAT OFF;:INIT:CONT OFF;:LIST:MODE SEQ;:LIST:STIM:TYPE FREQ,NONE;:SOUR:DCS:VOLT:LEV 0;:TRIG:DEL 0;:TRIG:SOUR INT;:TRIG:TDEL 0;:DISP:WIND:TEXT1:DATA:FMSD:STAT OFF;:DISP:WIND:TEXT2:DATA:FMSD:STAT OFF;:FUNC:DCR:RANG:VAL 100;:FUNC:IMP:RANG:VAL 0.1;:OUTP:DC:ISOL:LEV:VAL 0.1;:OUTP:DC:ISOL:STAT OFF;:FUNC:DCR:RANG:AUTO ON;:FUNC:IMP:RANG:AUTO ON;:OUTP:DC:ISOL:LEV:AUTO ON;:DISP:PAGE MEASurement;
"
5000.0,2.083351265e-07,0.02258436995
5000.0,2.083391738e-07,0.02258432827
5000.0,2.083222286e-07,0.02258429668
5000.0,2.083142291e-07,0.02258454219
5000.0,2.083152583e-07,0.0225840665
5000.0,2.083301885e-07,0.0225838767
5000.0,2.083289133e-07,0.02258347094
5000.0,2.083306546e-07,0.02258376147
5000.0,2.083375069e-07,0.02258379885
5000.0,2.083350242e-07,0.02258337963
5000.0,2.083335637e-07,0.02258356751
5000.0,2.083284161e-07,0.02258383833
5000.0,2.083149064e-07,0.02258324351
5000.0,2.083234932e-07,0.02258303506
5000.0,2.083332758e-07,0.02258336905
5000.0,2.083319236e-07,0.02258342844
Freq,5000,Rs,0.0225837733175,4.4926237424626045e-07,Ls,2.083283676625e-07,8.071666292976726e-12
":SOUR:DCS:STAT OFF;:BIAS:STAT OFF;:COMP:BIN:COUN:CLE;:LIST:CLE:ALL;:COMP:BIN:CLE;:AMPL:ALC ON;:APER LONG,16;:BIAS:POL:AUTO OFF;:BIAS:RANG:AUTO ON;:BIAS:VOLT:LEV 0;:COMP:ABIN OFF;:COMP:BIN:COUN:STAT OFF;:COMP:MODE PTOL;:COMP:SLIM -9.9e+037,9.9e+037;:COMP:STAT OFF;:COMP:SWAP OFF;:COMP:TOL:NOM 0;:CURR:LEV 0.1;:DISP:ENAB ON;:DISP:LINE """";:DISP:WIND:TEXT1:DATA:FMSD:DATA 1e-009;:DISP:WIND:TEXT2:DATA:FMSD:DATA 1e-009;:FORM:ASC:LONG ON;:FORM:BORD NORM;:FORM:DATA ASC,64;:FREQ:CW 5000;:FUNC:DEV1:MODE OFF;:FUNC:DEV1:REF:VAL 0;:FUNC:DEV2:MODE OFF;:FUNC:DEV2:REF:VAL 0;:FUNC:IMP:TYPE LSRS;:FUNC:SMON:IDC:STAT OFF;:FUNC:SMON:VDC:STAT OFF;:INIT:CONT OFF;:LIST:MODE SEQ;:LIST:STIM:TYPE FREQ,NONE;:SOUR:DCS:VOLT:LEV 0;:TRIG:DEL 0;:TRIG:SOUR INT;:TRIG:TDEL 0;:DISP:WIND:TEXT1:DATA:FMSD:STAT OFF;:DISP:WIND:TEXT2:DATA:FMSD:STAT OFF;:FUNC:DCR:RANG:VAL 100;:FUNC:IMP:RANG:VAL 0.1;:OUTP:DC:ISOL:LEV:VAL 0.1;:OUTP:DC:ISOL:STAT OFF;:FUNC:DCR:RANG:AUTO ON;:FUNC:IMP:RANG:AUTO ON;:OUTP:DC:ISOL:LEV:AUTO ON;:DISP:PAGE MEASurement;
"
":SOUR:DCS:STAT OFF;:BIAS:STAT OFF;:COMP:BIN:COUN:CLE;:LIST:CLE:ALL;:COMP:BIN:CLE;:AMPL:ALC ON;:APER LONG,16;:BIAS:POL:AUTO OFF;:BIAS:RANG:AUTO ON;:BIAS:VOLT:LEV 0;:COMP:ABIN OFF;:COMP:BIN:COUN:STAT OFF;:COMP:MODE PTOL;:COMP:SLIM -9.9e+037,9.9e+037;:COMP:STAT OFF;:COMP:SWAP OFF;:COMP:TOL:NOM 0;:CURR:LEV 0.1;:DISP:ENAB ON;:DISP:LINE """";:DISP:WIND:TEXT1:DATA:FMSD:DATA 1e-009;:DISP:WIND:TEXT2:DATA:FMSD:DATA 1e-009;:FORM:ASC:LONG ON;:FORM:BORD NORM;:FORM:DATA ASC,64;:FREQ:CW 5000;:FUNC:DEV1:MODE OFF;:FUNC:DEV1:REF:VAL 0;:FUNC:DEV2:MODE OFF;:FUNC:DEV2:REF:VAL 0;:FUNC:IMP:TYPE LSRS;:FUNC:SMON:IDC:STAT OFF;:FUNC:SMON:VDC:STAT OFF;:INIT:CONT OFF;:LIST:MODE SEQ;:LIST:STIM:TYPE FREQ,NONE;:SOUR:DCS:VOLT:LEV 0;:TRIG:DEL 0;:TRIG:SOUR INT;:TRIG:TDEL 0;:DISP:WIND:TEXT1:DATA:FMSD:STAT OFF;:DISP:WIND:TEXT2:DATA:FMSD:STAT OFF;:FUNC:DCR:RANG:VAL 100;:FUNC:IMP:RANG:VAL 0.1;:OUTP:DC:ISOL:LEV:VAL 0.1;:OUTP:DC:ISOL:STAT OFF;:FUNC:DCR:RANG:AUTO ON;:FUNC:IMP:RANG:AUTO ON;:OUTP:DC:ISOL:LEV:AUTO ON;:DISP:PAGE MEASurement;
"
2022-09-19,09:11:06
---------run finished---------
lcr name:,KeySight E4980A
Name and description of Resistor under test: ,BM0R
GPIB source:,<bound method MessageBasedResource.read of <'GPIBInstrument'('GPIB0::17::INSTR')>>
2022-09-19,09:29:23
select the freq range,"[50, 100, 200, 300, 500, 800, 1000, 1591.5494309189535, 2000, 3000, 5000]"
50.0,2.669553041e-07,0.02256307855
lcr name:,KeySight E4980A
Name and description of Resistor under test: ,BM0R
GPIB source:,<bound method MessageBasedResource.read of <'GPIBInstrument'('GPIB0::17::INSTR')>>
2022-09-19,09:29:54
select the freq range,"[50, 100, 200, 300, 500, 800, 1000, 1591.5494309189535, 2000, 3000, 5000]"
50.0,2.833742278e-07,0.02261868984
50.0,2.819565867e-07,0.0226178493
50.0,2.853951209e-07,0.02261376855
50.0,2.875394841e-07,0.02260958294
50.0,2.748944711e-07,0.022606047
50.0,2.703091349e-07,0.02260793756
50.0,2.836959661e-07,0.02260685485
50.0,2.867433555e-07,0.02260255276
50.0,2.795684304e-07,0.02259864719
50.0,2.759838671e-07,0.02259858733
50.0,2.833297817e-07,0.02259753049
50.0,2.8631169e-07,0.02259920222
50.0,2.801490297e-07,0.02260193104
50.0,2.677592742e-07,0.02259994087
50.0,2.69766914e-07,0.02259522892
50.0,2.775441841e-07,0.02259291945
Freq,50,Rs,0.022604204394375,7.774957720304365e-06,Ls,2.7964509489375003e-07,6.356659943569332e-09
":SOUR:DCS:STAT OFF;:BIAS:STAT OFF;:COMP:BIN:COUN:CLE;:LIST:CLE:ALL;:COMP:BIN:CLE;:AMPL:ALC ON;:APER LONG,16;:BIAS:POL:AUTO OFF;:BIAS:RANG:AUTO ON;:BIAS:VOLT:LEV 0;:COMP:ABIN OFF;:COMP:BIN:COUN:STAT OFF;:COMP:MODE PTOL;:COMP:SLIM -9.9e+037,9.9e+037;:COMP:STAT OFF;:COMP:SWAP OFF;:COMP:TOL:NOM 0;:CURR:LEV 0.1;:DISP:ENAB ON;:DISP:LINE """";:DISP:WIND:TEXT1:DATA:FMSD:DATA 1e-009;:DISP:WIND:TEXT2:DATA:FMSD:DATA 1e-009;:FORM:ASC:LONG ON;:FORM:BORD NORM;:FORM:DATA ASC,64;:FREQ:CW 50;:FUNC:DEV1:MODE OFF;:FUNC:DEV1:REF:VAL 0;:FUNC:DEV2:MODE OFF;:FUNC:DEV2:REF:VAL 0;:FUNC:IMP:TYPE LSRS;:FUNC:SMON:IDC:STAT OFF;:FUNC:SMON:VDC:STAT OFF;:INIT:CONT OFF;:LIST:MODE SEQ;:LIST:STIM:TYPE FREQ,NONE;:SOUR:DCS:VOLT:LEV 0;:TRIG:DEL 0;:TRIG:SOUR INT;:TRIG:TDEL 0;:DISP:WIND:TEXT1:DATA:FMSD:STAT OFF;:DISP:WIND:TEXT2:DATA:FMSD:STAT OFF;:FUNC:DCR:RANG:VAL 100;:FUNC:IMP:RANG:VAL 0.1;:OUTP:DC:ISOL:LEV:VAL 0.1;:OUTP:DC:ISOL:STAT OFF;:FUNC:DCR:RANG:AUTO ON;:FUNC:IMP:RANG:AUTO ON;:OUTP:DC:ISOL:LEV:AUTO ON;:DISP:PAGE MEASurement;
"
100.0,2.320111643e-07,0.0225749238
100.0,2.324936419e-07,0.02257415751
100.0,2.32431302e-07,0.02257290215
100.0,2.324324244e-07,0.02257254993
100.0,2.320427595e-07,0.02257213526
100.0,2.324756151e-07,0.02257182808
100.0,2.327854762e-07,0.0225708514
100.0,2.331700899e-07,0.02257028603
100.0,2.332012404e-07,0.0225695023
100.0,2.332309647e-07,0.02256871616
100.0,2.328661853e-07,0.02256825751
100.0,2.316725529e-07,0.02256750303
100.0,2.330977469e-07,0.02256722925
100.0,2.327530218e-07,0.0225665481
100.0,2.324411262e-07,0.02256635142
100.0,2.329912161e-07,0.02256525265
Freq,100,Rs,0.022569937161249998,2.96318813931234e-06,Ls,2.32631032975e-07,4.636551639470719e-10
":SOUR:DCS:STAT OFF;:BIAS:STAT OFF;:COMP:BIN:COUN:CLE;:LIST:CLE:ALL;:COMP:BIN:CLE;:AMPL:ALC ON;:APER LONG,16;:BIAS:POL:AUTO OFF;:BIAS:RANG:AUTO ON;:BIAS:VOLT:LEV 0;:COMP:ABIN OFF;:COMP:BIN:COUN:STAT OFF;:COMP:MODE PTOL;:COMP:SLIM -9.9e+037,9.9e+037;:COMP:STAT OFF;:COMP:SWAP OFF;:COMP:TOL:NOM 0;:CURR:LEV 0.1;:DISP:ENAB ON;:DISP:LINE """";:DISP:WIND:TEXT1:DATA:FMSD:DATA 1e-009;:DISP:WIND:TEXT2:DATA:FMSD:DATA 1e-009;:FORM:ASC:LONG ON;:FORM:BORD NORM;:FORM:DATA ASC,64;:FREQ:CW 100;:FUNC:DEV1:MODE OFF;:FUNC:DEV1:REF:VAL 0;:FUNC:DEV2:MODE OFF;:FUNC:DEV2:REF:VAL 0;:FUNC:IMP:TYPE LSRS;:FUNC:SMON:IDC:STAT OFF;:FUNC:SMON:VDC:STAT OFF;:INIT:CONT OFF;:LIST:MODE SEQ;:LIST:STIM:TYPE FREQ,NONE;:SOUR:DCS:VOLT:LEV 0;:TRIG:DEL 0;:TRIG:SOUR INT;:TRIG:TDEL 0;:DISP:WIND:TEXT1:DATA:FMSD:STAT OFF;:DISP:WIND:TEXT2:DATA:FMSD:STAT OFF;:FUNC:DCR:RANG:VAL 100;:FUNC:IMP:RANG:VAL 0.1;:OUTP:DC:ISOL:LEV:VAL 0.1;:OUTP:DC:ISOL:STAT OFF;:FUNC:DCR:RANG:AUTO ON;:FUNC:IMP:RANG:AUTO ON;:OUTP:DC:ISOL:LEV:AUTO ON;:DISP:PAGE MEASurement;
"
200.0,2.298558021e-07,0.02258823394
200.0,2.299052111e-07,0.02258769319
200.0,2.298110129e-07,0.02258711354
200.0,2.298667269e-07,0.02258673005
200.0,2.297800933e-07,0.02258646691
200.0,2.299634063e-07,0.02258618573
200.0,2.30038469e-07,0.02258588431
200.0,2.296695305e-07,0.02258583094
200.0,2.299637683e-07,0.02258567493
200.0,2.298397421e-07,0.02258521971
200.0,2.294616826e-07,0.02258480369
200.0,2.2969782e-07,0.02258440992
200.0,2.300867325e-07,0.02258464483
200.0,2.29753276e-07,0.02258700017
200.0,2.299698464e-07,0.02260151728
200.0,2.3019008e-07,0.02260022456
Freq,200,Rs,0.022587977106249997,5.151158777435164e-06,Ls,2.29865825e-07,1.7684749435954318e-10
":SOUR:DCS:STAT OFF;:BIAS:STAT OFF;:COMP:BIN:COUN:CLE;:LIST:CLE:ALL;:COMP:BIN:CLE;:AMPL:ALC ON;:APER LONG,16;:BIAS:POL:AUTO OFF;:BIAS:RANG:AUTO ON;:BIAS:VOLT:LEV 0;:COMP:ABIN OFF;:COMP:BIN:COUN:STAT OFF;:COMP:MODE PTOL;:COMP:SLIM -9.9e+037,9.9e+037;:COMP:STAT OFF;:COMP:SWAP OFF;:COMP:TOL:NOM 0;:CURR:LEV 0.1;:DISP:ENAB ON;:DISP:LINE """";:DISP:WIND:TEXT1:DATA:FMSD:DATA 1e-009;:DISP:WIND:TEXT2:DATA:FMSD:DATA 1e-009;:FORM:ASC:LONG ON;:FORM:BORD NORM;:FORM:DATA ASC,64;:FREQ:CW 200;:FUNC:DEV1:MODE OFF;:FUNC:DEV1:REF:VAL 0;:FUNC:DEV2:MODE OFF;:FUNC:DEV2:REF:VAL 0;:FUNC:IMP:TYPE LSRS;:FUNC:SMON:IDC:STAT OFF;:FUNC:SMON:VDC:STAT OFF;:INIT:CONT OFF;:LIST:MODE SEQ;:LIST:STIM:TYPE FREQ,NONE;:SOUR:DCS:VOLT:LEV 0;:TRIG:DEL 0;:TRIG:SOUR INT;:TRIG:TDEL 0;:DISP:WIND:TEXT1:DATA:FMSD:STAT OFF;:DISP:WIND:TEXT2:DATA:FMSD:STAT OFF;:FUNC:DCR:RANG:VAL 100;:FUNC:IMP:RANG:VAL 0.1;:OUTP:DC:ISOL:LEV:VAL 0.1;:OUTP:DC:ISOL:STAT OFF;:FUNC:DCR:RANG:AUTO ON;:FUNC:IMP:RANG:AUTO ON;:OUTP:DC:ISOL:LEV:AUTO ON;:DISP:PAGE MEASurement;
"
300.0,2.171055142e-07,0.02260574769
300.0,2.173128443e-07,0.02260488808
300.0,2.172301092e-07,0.02260422656
300.0,2.170910128e-07,0.02260394243
300.0,2.171792403e-07,0.02260341459
300.0,2.171653531e-07,0.02260289498
300.0,2.171752467e-07,0.02260232102
300.0,2.169656829e-07,0.0226020339
300.0,2.172966063e-07,0.02260168259
300.0,2.172154505e-07,0.02260087764
300.0,2.170474609e-07,0.02260054932
300.0,2.171868471e-07,0.02260019632
300.0,2.172265234e-07,0.02259998313
300.0,2.170696403e-07,0.02259933753
300.0,2.172224157e-07,0.02259933449
300.0,2.170858583e-07,0.02259889671
Freq,300,Rs,0.022601895436249998,2.1363231434617926e-06,Ls,2.1716098787500002e-07,9.362487140767273e-11
":SOUR:DCS:STAT OFF;:BIAS:STAT OFF;:COMP:BIN:COUN:CLE;:LIST:CLE:ALL;:COMP:BIN:CLE;:AMPL:ALC ON;:APER LONG,16;:BIAS:POL:AUTO OFF;:BIAS:RANG:AUTO ON;:BIAS:VOLT:LEV 0;:COMP:ABIN OFF;:COMP:BIN:COUN:STAT OFF;:COMP:MODE PTOL;:COMP:SLIM -9.9e+037,9.9e+037;:COMP:STAT OFF;:COMP:SWAP OFF;:COMP:TOL:NOM 0;:CURR:LEV 0.1;:DISP:ENAB ON;:DISP:LINE """";:DISP:WIND:TEXT1:DATA:FMSD:DATA 1e-009;:DISP:WIND:TEXT2:DATA:FMSD:DATA 1e-009;:FORM:ASC:LONG ON;:FORM:BORD NORM;:FORM:DATA ASC,64;:FREQ:CW 300;:FUNC:DEV1:MODE OFF;:FUNC:DEV1:REF:VAL 0;:FUNC:DEV2:MODE OFF;:FUNC:DEV2:REF:VAL 0;:FUNC:IMP:TYPE LSRS;:FUNC:SMON:IDC:STAT OFF;:FUNC:SMON:VDC:STAT OFF;:INIT:CONT OFF;:LIST:MODE SEQ;:LIST:STIM:TYPE FREQ,NONE;:SOUR:DCS:VOLT:LEV 0;:TRIG:DEL 0;:TRIG:SOUR INT;:TRIG:TDEL 0;:DISP:WIND:TEXT1:DATA:FMSD:STAT OFF;:DISP:WIND:TEXT2:DATA:FMSD:STAT OFF;:FUNC:DCR:RANG:VAL 100;:FUNC:IMP:RANG:VAL 0.1;:OUTP:DC:ISOL:LEV:VAL 0.1;:OUTP:DC:ISOL:STAT OFF;:FUNC:DCR:RANG:AUTO ON;:FUNC:IMP:RANG:AUTO ON;:OUTP:DC:ISOL:LEV:AUTO ON;:DISP:PAGE MEASurement;
"
500.0,2.105430688e-07,0.02260938459
500.0,2.105282643e-07,0.02260908033
500.0,2.105864723e-07,0.02260885843
500.0,2.105717687e-07,0.02260882742
500.0,2.105293847e-07,0.02260831385
500.0,2.104913857e-07,0.02260829308
500.0,2.105618171e-07,0.02260798407
500.0,2.105026747e-07,0.02260781517
500.0,2.105532601e-07,0.0226071753
500.0,2.105898705e-07,0.02260712731
500.0,2.105077317e-07,0.02260686178
500.0,2.105319031e-07,0.02260664824
500.0,2.105567141e-07,0.02260637256
500.0,2.10591988e-07,0.02260605488
500.0,2.104678067e-07,0.02260592011
500.0,2.105169024e-07,0.02260549867
Freq,500,Rs,0.022607513486875,1.2251962103907284e-06,Ls,2.1053943830625e-07,3.665460840359185e-11
":SOUR:DCS:STAT OFF;:BIAS:STAT OFF;:COMP:BIN:COUN:CLE;:LIST:CLE:ALL;:COMP:BIN:CLE;:AMPL:ALC ON;:APER LONG,16;:BIAS:POL:AUTO OFF;:BIAS:RANG:AUTO ON;:BIAS:VOLT:LEV 0;:COMP:ABIN OFF;:COMP:BIN:COUN:STAT OFF;:COMP:MODE PTOL;:COMP:SLIM -9.9e+037,9.9e+037;:COMP:STAT OFF;:COMP:SWAP OFF;:COMP:TOL:NOM 0;:CURR:LEV 0.1;:DISP:ENAB ON;:DISP:LINE """";:DISP:WIND:TEXT1:DATA:FMSD:DATA 1e-009;:DISP:WIND:TEXT2:DATA:FMSD:DATA 1e-009;:FORM:ASC:LONG ON;:FORM:BORD NORM;:FORM:DATA ASC,64;:FREQ:CW 500;:FUNC:DEV1:MODE OFF;:FUNC:DEV1:REF:VAL 0;:FUNC:DEV2:MODE OFF;:FUNC:DEV2:REF:VAL 0;:FUNC:IMP:TYPE LSRS;:FUNC:SMON:IDC:STAT OFF;:FUNC:SMON:VDC:STAT OFF;:INIT:CONT OFF;:LIST:MODE SEQ;:LIST:STIM:TYPE FREQ,NONE;:SOUR:DCS:VOLT:LEV 0;:TRIG:DEL 0;:TRIG:SOUR INT;:TRIG:TDEL 0;:DISP:WIND:TEXT1:DATA:FMSD:STAT OFF;:DISP:WIND:TEXT2:DATA:FMSD:STAT OFF;:FUNC:DCR:RANG:VAL 100;:FUNC:IMP:RANG:VAL 0.1;:OUTP:DC:ISOL:LEV:VAL 0.1;:OUTP:DC:ISOL:STAT OFF;:FUNC:DCR:RANG:AUTO ON;:FUNC:IMP:RANG:AUTO ON;:OUTP:DC:ISOL:LEV:AUTO ON;:DISP:PAGE MEASurement;
"
800.0,2.084824965e-07,0.02261242146
800.0,2.084118502e-07,0.02261225741
800.0,2.084958216e-07,0.02261223114
800.0,2.084596455e-07,0.02261174252
800.0,2.084913481e-07,0.02261171443
800.0,2.084608648e-07,0.02261167274
800.0,2.084418376e-07,0.02261145452
800.0,2.084537726e-07,0.02261139892
800.0,2.084541868e-07,0.02261098098
800.0,2.084772458e-07,0.02261076605
800.0,2.08459931e-07,0.02261056312
800.0,2.084770334e-07,0.02261032323
800.0,2.084603494e-07,0.0226102422
800.0,2.084614519e-07,0.02261001239
800.0,2.084421427e-07,0.02260994864
800.0,2.084975177e-07,0.02260969204
Freq,800,Rs,0.022611088861875,8.922170807320604e-07,Ls,2.08464218475e-07,2.2398255801213654e-11
":SOUR:DCS:STAT OFF;:BIAS:STAT OFF;:COMP:BIN:COUN:CLE;:LIST:CLE:ALL;:COMP:BIN:CLE;:AMPL:ALC ON;:APER LONG,16;:BIAS:POL:AUTO OFF;:BIAS:RANG:AUTO ON;:BIAS:VOLT:LEV 0;:COMP:ABIN OFF;:COMP:BIN:COUN:STAT OFF;:COMP:MODE PTOL;:COMP:SLIM -9.9e+037,9.9e+037;:COMP:STAT OFF;:COMP:SWAP OFF;:COMP:TOL:NOM 0;:CURR:LEV 0.1;:DISP:ENAB ON;:DISP:LINE """";:DISP:WIND:TEXT1:DATA:FMSD:DATA 1e-009;:DISP:WIND:TEXT2:DATA:FMSD:DATA 1e-009;:FORM:ASC:LONG ON;:FORM:BORD NORM;:FORM:DATA ASC,64;:FREQ:CW 800;:FUNC:DEV1:MODE OFF;:FUNC:DEV1:REF:VAL 0;:FUNC:DEV2:MODE OFF;:FUNC:DEV2:REF:VAL 0;:FUNC:IMP:TYPE LSRS;:FUNC:SMON:IDC:STAT OFF;:FUNC:SMON:VDC:STAT OFF;:INIT:CONT OFF;:LIST:MODE SEQ;:LIST:STIM:TYPE FREQ,NONE;:SOUR:DCS:VOLT:LEV 0;:TRIG:DEL 0;:TRIG:SOUR INT;:TRIG:TDEL 0;:DISP:WIND:TEXT1:DATA:FMSD:STAT OFF;:DISP:WIND:TEXT2:DATA:FMSD:STAT OFF;:FUNC:DCR:RANG:VAL 100;:FUNC:IMP:RANG:VAL 0.1;:OUTP:DC:ISOL:LEV:VAL 0.1;:OUTP:DC:ISOL:STAT OFF;:FUNC:DCR:RANG:AUTO ON;:FUNC:IMP:RANG:AUTO ON;:OUTP:DC:ISOL:LEV:AUTO ON;:DISP:PAGE MEASurement;
"
1000.0,2.077441285e-07,0.02260087081
1000.0,2.077497847e-07,0.02260064108
1000.0,2.077527467e-07,0.0226006165
1000.0,2.077246819e-07,0.02260039155
1000.0,2.07718345e-07,0.02260016123
1000.0,2.077460412e-07,0.02259999642
1000.0,2.077762639e-07,0.02259990246
1000.0,2.077725388e-07,0.02259951883
1000.0,2.077885431e-07,0.02259956543
1000.0,2.077417215e-07,0.02259944138
1000.0,2.077316492e-07,0.02259905298
1000.0,2.077358414e-07,0.02259919142
1000.0,2.07752347e-07,0.02259892441
1000.0,2.077295909e-07,0.02259889326
1000.0,2.077190037e-07,0.02259859755
1000.0,2.077312326e-07,0.02259839285
Freq,1000,Rs,0.022599634885,7.6680726392018e-07,Ls,2.0774465375625e-07,2.0441139813128886e-11
":SOUR:DCS:STAT OFF;:BIAS:STAT OFF;:COMP:BIN:COUN:CLE;:LIST:CLE:ALL;:COMP:BIN:CLE;:AMPL:ALC ON;:APER LONG,16;:BIAS:POL:AUTO OFF;:BIAS:RANG:AUTO ON;:BIAS:VOLT:LEV 0;:COMP:ABIN OFF;:COMP:BIN:COUN:STAT OFF;:COMP:MODE PTOL;:COMP:SLIM -9.9e+037,9.9e+037;:COMP:STAT OFF;:COMP:SWAP OFF;:COMP:TOL:NOM 0;:CURR:LEV 0.1;:DISP:ENAB ON;:DISP:LINE """";:DISP:WIND:TEXT1:DATA:FMSD:DATA 1e-009;:DISP:WIND:TEXT2:DATA:FMSD:DATA 1e-009;:FORM:ASC:LONG ON;:FORM:BORD NORM;:FORM:DATA ASC,64;:FREQ:CW 1000;:FUNC:DEV1:MODE OFF;:FUNC:DEV1:REF:VAL 0;:FUNC:DEV2:MODE OFF;:FUNC:DEV2:REF:VAL 0;:FUNC:IMP:TYPE LSRS;:FUNC:SMON:IDC:STAT OFF;:FUNC:SMON:VDC:STAT OFF;:INIT:CONT OFF;:LIST:MODE SEQ;:LIST:STIM:TYPE FREQ,NONE;:SOUR:DCS:VOLT:LEV 0;:TRIG:DEL 0;:TRIG:SOUR INT;:TRIG:TDEL 0;:DISP:WIND:TEXT1:DATA:FMSD:STAT OFF;:DISP:WIND:TEXT2:DATA:FMSD:STAT OFF;:FUNC:DCR:RANG:VAL 100;:FUNC:IMP:RANG:VAL 0.1;:OUTP:DC:ISOL:LEV:VAL 0.1;:OUTP:DC:ISOL:STAT OFF;:FUNC:DCR:RANG:AUTO ON;:FUNC:IMP:RANG:AUTO ON;:OUTP:DC:ISOL:LEV:AUTO ON;:DISP:PAGE MEASurement;
"
1591.5494309189535,2.077501203e-07,0.02259460446
1591.5494309189535,2.077119898e-07,0.02259477453
1591.5494309189535,2.077527392e-07,0.02259472279
1591.5494309189535,2.077410532e-07,0.02259434935
1591.5494309189535,2.077538152e-07,0.022594501
1591.5494309189535,2.077394648e-07,0.022594345
1591.5494309189535,2.07726051e-07,0.02259463346
1591.5494309189535,2.077388581e-07,0.02259438
1591.5494309189535,2.077490006e-07,0.02259411342
1591.5494309189535,2.077186221e-07,0.0225942732
1591.5494309189535,2.077469682e-07,0.02259399104
1591.5494309189535,2.077345874e-07,0.02259411737
1591.5494309189535,2.077464382e-07,0.02259417416
1591.5494309189535,2.077457427e-07,0.02259415912
1591.5494309189535,2.0773458e-07,0.02259396676
1591.5494309189535,2.077413298e-07,0.02259406322
Freq,1591.5494309189535,Rs,0.022594323054999997,2.604758905287442e-07,Ls,2.0773946003749998e-07,1.198387596458134e-11
":SOUR:DCS:STAT OFF;:BIAS:STAT OFF;:COMP:BIN:COUN:CLE;:LIST:CLE:ALL;:COMP:BIN:CLE;:AMPL:ALC ON;:APER LONG,16;:BIAS:POL:AUTO OFF;:BIAS:RANG:AUTO ON;:BIAS:VOLT:LEV 0;:COMP:ABIN OFF;:COMP:BIN:COUN:STAT OFF;:COMP:MODE PTOL;:COMP:SLIM -9.9e+037,9.9e+037;:COMP:STAT OFF;:COMP:SWAP OFF;:COMP:TOL:NOM 0;:CURR:LEV 0.1;:DISP:ENAB ON;:DISP:LINE """";:DISP:WIND:TEXT1:DATA:FMSD:DATA 1e-009;:DISP:WIND:TEXT2:DATA:FMSD:DATA 1e-009;:FORM:ASC:LONG ON;:FORM:BORD NORM;:FORM:DATA ASC,64;:FREQ:CW 1592;:FUNC:DEV1:MODE OFF;:FUNC:DEV1:REF:VAL 0;:FUNC:DEV2:MODE OFF;:FUNC:DEV2:REF:VAL 0;:FUNC:IMP:TYPE LSRS;:FUNC:SMON:IDC:STAT OFF;:FUNC:SMON:VDC:STAT OFF;:INIT:CONT OFF;:LIST:MODE SEQ;:LIST:STIM:TYPE FREQ,NONE;:SOUR:DCS:VOLT:LEV 0;:TRIG:DEL 0;:TRIG:SOUR INT;:TRIG:TDEL 0;:DISP:WIND:TEXT1:DATA:FMSD:STAT OFF;:DISP:WIND:TEXT2:DATA:FMSD:STAT OFF;:FUNC:DCR:RANG:VAL 100;:FUNC:IMP:RANG:VAL 0.1;:OUTP:DC:ISOL:LEV:VAL 0.1;:OUTP:DC:ISOL:STAT OFF;:FUNC:DCR:RANG:AUTO ON;:FUNC:IMP:RANG:AUTO ON;:OUTP:DC:ISOL:LEV:AUTO ON;:DISP:PAGE MEASurement;
"
2000.0,2.082889334e-07,0.02259918502
2000.0,2.082755247e-07,0.02259898509
2000.0,2.082772578e-07,0.02259902399
2000.0,2.082822818e-07,0.02259911175
2000.0,2.082879754e-07,0.0225988882
2000.0,2.082805967e-07,0.02259913174
2000.0,2.082977397e-07,0.02259907958
2000.0,2.082833856e-07,0.02259862288
2000.0,2.082829804e-07,0.02259868221
2000.0,2.08287565e-07,0.02259863131
2000.0,2.08284978e-07,0.02259861071
2000.0,2.082861299e-07,0.02259844219
2000.0,2.082906059e-07,0.02259847316
2000.0,2.082832528e-07,0.0225986448
2000.0,2.082904885e-07,0.0225984419
2000.0,2.082866764e-07,0.02259851654
Freq,2000,Rs,0.022598779441875,2.703268827481804e-07,Ls,2.0828539825e-07,5.431646817556506e-12
":SOUR:DCS:STAT OFF;:BIAS:STAT OFF;:COMP:BIN:COUN:CLE;:LIST:CLE:ALL;:COMP:BIN:CLE;:AMPL:ALC ON;:APER LONG,16;:BIAS:POL:AUTO OFF;:BIAS:RANG:AUTO ON;:BIAS:VOLT:LEV 0;:COMP:ABIN OFF;:COMP:BIN:COUN:STAT OFF;:COMP:MODE PTOL;:COMP:SLIM -9.9e+037,9.9e+037;:COMP:STAT OFF;:COMP:SWAP OFF;:COMP:TOL:NOM 0;:CURR:LEV 0.1;:DISP:ENAB ON;:DISP:LINE """";:DISP:WIND:TEXT1:DATA:FMSD:DATA 1e-009;:DISP:WIND:TEXT2:DATA:FMSD:DATA 1e-009;:FORM:ASC:LONG ON;:FORM:BORD NORM;:FORM:DATA ASC,64;:FREQ:CW 2000;:FUNC:DEV1:MODE OFF;:FUNC:DEV1:REF:VAL 0;:FUNC:DEV2:MODE OFF;:FUNC:DEV2:REF:VAL 0;:FUNC:IMP:TYPE LSRS;:FUNC:SMON:IDC:STAT OFF;:FUNC:SMON:VDC:STAT OFF;:INIT:CONT OFF;:LIST:MODE SEQ;:LIST:STIM:TYPE FREQ,NONE;:SOUR:DCS:VOLT:LEV 0;:TRIG:DEL 0;:TRIG:SOUR INT;:TRIG:TDEL 0;:DISP:WIND:TEXT1:DATA:FMSD:STAT OFF;:DISP:WIND:TEXT2:DATA:FMSD:STAT OFF;:FUNC:DCR:RANG:VAL 100;:FUNC:IMP:RANG:VAL 0.1;:OUTP:DC:ISOL:LEV:VAL 0.1;:OUTP:DC:ISOL:STAT OFF;:FUNC:DCR:RANG:AUTO ON;:FUNC:IMP:RANG:AUTO ON;:OUTP:DC:ISOL:LEV:AUTO ON;:DISP:PAGE MEASurement;
"
3000.0,2.085347392e-07,0.02259769625
3000.0,2.08518965e-07,0.02259774632
3000.0,2.085135213e-07,0.02259744624
3000.0,2.085268278e-07,0.02259733237
3000.0,2.085153968e-07,0.02259733236
3000.0,2.085163468e-07,0.02259759152
3000.0,2.085167383e-07,0.02259727633
3000.0,2.085181969e-07,0.02259698285
3000.0,2.085452256e-07,0.02259707755
3000.0,2.085421468e-07,0.02259718858
3000.0,2.084793465e-07,0.02259709175
3000.0,2.084751958e-07,0.02259700322
3000.0,2.085110905e-07,0.0225968125
3000.0,2.085115985e-07,0.02259671046
3000.0,2.08535185e-07,0.02259686989
3000.0,2.085452851e-07,0.02259677343
Freq,3000,Rs,0.022597183226249998,3.2542038249805126e-07,Ls,2.0851911286875002e-07,2.024773360234581e-11
":SOUR:DCS:STAT OFF;:BIAS:STAT OFF;:COMP:BIN:COUN:CLE;:LIST:CLE:ALL;:COMP:BIN:CLE;:AMPL:ALC ON;:APER LONG,16;:BIAS:POL:AUTO OFF;:BIAS:RANG:AUTO ON;:BIAS:VOLT:LEV 0;:COMP:ABIN OFF;:COMP:BIN:COUN:STAT OFF;:COMP:MODE PTOL;:COMP:SLIM -9.9e+037,9.9e+037;:COMP:STAT OFF;:COMP:SWAP OFF;:COMP:TOL:NOM 0;:CURR:LEV 0.1;:DISP:ENAB ON;:DISP:LINE """";:DISP:WIND:TEXT1:DATA:FMSD:DATA 1e-009;:DISP:WIND:TEXT2:DATA:FMSD:DATA 1e-009;:FORM:ASC:LONG ON;:FORM:BORD NORM;:FORM:DATA ASC,64;:FREQ:CW 3000;:FUNC:DEV1:MODE OFF;:FUNC:DEV1:REF:VAL 0;:FUNC:DEV2:MODE OFF;:FUNC:DEV2:REF:VAL 0;:FUNC:IMP:TYPE LSRS;:FUNC:SMON:IDC:STAT OFF;:FUNC:SMON:VDC:STAT OFF;:INIT:CONT OFF;:LIST:MODE SEQ;:LIST:STIM:TYPE FREQ,NONE;:SOUR:DCS:VOLT:LEV 0;:TRIG:DEL 0;:TRIG:SOUR INT;:TRIG:TDEL 0;:DISP:WIND:TEXT1:DATA:FMSD:STAT OFF;:DISP:WIND:TEXT2:DATA:FMSD:STAT OFF;:FUNC:DCR:RANG:VAL 100;:FUNC:IMP:RANG:VAL 0.1;:OUTP:DC:ISOL:LEV:VAL 0.1;:OUTP:DC:ISOL:STAT OFF;:FUNC:DCR:RANG:AUTO ON;:FUNC:IMP:RANG:AUTO ON;:OUTP:DC:ISOL:LEV:AUTO ON;:DISP:PAGE MEASurement;
"
5000.0,2.082908023e-07,0.0226300188
5000.0,2.083009268e-07,0.02263024483
5000.0,2.082918069e-07,0.0226302388
5000.0,2.082893053e-07,0.02263016215
5000.0,2.082991639e-07,0.02263012835
5000.0,2.083101107e-07,0.02262974787
5000.0,2.082975931e-07,0.02263019377
5000.0,2.082935849e-07,0.02262992985
5000.0,2.083076537e-07,0.02262962207
5000.0,2.083054033e-07,0.02262992944
5000.0,2.083027898e-07,0.02262980755
5000.0,2.083139199e-07,0.02262992398
5000.0,2.0831402e-07,0.02262943527
5000.0,2.082921362e-07,0.02262951306
5000.0,2.08304558e-07,0.02262990103
5000.0,2.082939154e-07,0.0226295806
Freq,5000,Rs,0.022629898588750003,2.625419660391406e-07,Ls,2.083004806375e-07,8.24077172873747e-12
":SOUR:DCS:STAT OFF;:BIAS:STAT OFF;:COMP:BIN:COUN:CLE;:LIST:CLE:ALL;:COMP:BIN:CLE;:AMPL:ALC ON;:APER LONG,16;:BIAS:POL:AUTO OFF;:BIAS:RANG:AUTO ON;:BIAS:VOLT:LEV 0;:COMP:ABIN OFF;:COMP:BIN:COUN:STAT OFF;:COMP:MODE PTOL;:COMP:SLIM -9.9e+037,9.9e+037;:COMP:STAT OFF;:COMP:SWAP OFF;:COMP:TOL:NOM 0;:CURR:LEV 0.1;:DISP:ENAB ON;:DISP:LINE """";:DISP:WIND:TEXT1:DATA:FMSD:DATA 1e-009;:DISP:WIND:TEXT2:DATA:FMSD:DATA 1e-009;:FORM:ASC:LONG ON;:FORM:BORD NORM;:FORM:DATA ASC,64;:FREQ:CW 5000;:FUNC:DEV1:MODE OFF;:FUNC:DEV1:REF:VAL 0;:FUNC:DEV2:MODE OFF;:FUNC:DEV2:REF:VAL 0;:FUNC:IMP:TYPE LSRS;:FUNC:SMON:IDC:STAT OFF;:FUNC:SMON:VDC:STAT OFF;:INIT:CONT OFF;:LIST:MODE SEQ;:LIST:STIM:TYPE FREQ,NONE;:SOUR:DCS:VOLT:LEV 0;:TRIG:DEL 0;:TRIG:SOUR INT;:TRIG:TDEL 0;:DISP:WIND:TEXT1:DATA:FMSD:STAT OFF;:DISP:WIND:TEXT2:DATA:FMSD:STAT OFF;:FUNC:DCR:RANG:VAL 100;:FUNC:IMP:RANG:VAL 0.1;:OUTP:DC:ISOL:LEV:VAL 0.1;:OUTP:DC:ISOL:STAT OFF;:FUNC:DCR:RANG:AUTO ON;:FUNC:IMP:RANG:AUTO ON;:OUTP:DC:ISOL:LEV:AUTO ON;:DISP:PAGE MEASurement;
"
":SOUR:DCS:STAT OFF;:BIAS:STAT OFF;:COMP:BIN:COUN:CLE;:LIST:CLE:ALL;:COMP:BIN:CLE;:AMPL:ALC ON;:APER LONG,16;:BIAS:POL:AUTO OFF;:BIAS:RANG:AUTO ON;:BIAS:VOLT:LEV 0;:COMP:ABIN OFF;:COMP:BIN:COUN:STAT OFF;:COMP:MODE PTOL;:COMP:SLIM -9.9e+037,9.9e+037;:COMP:STAT OFF;:COMP:SWAP OFF;:COMP:TOL:NOM 0;:CURR:LEV 0.1;:DISP:ENAB ON;:DISP:LINE """";:DISP:WIND:TEXT1:DATA:FMSD:DATA 1e-009;:DISP:WIND:TEXT2:DATA:FMSD:DATA 1e-009;:FORM:ASC:LONG ON;:FORM:BORD NORM;:FORM:DATA ASC,64;:FREQ:CW 5000;:FUNC:DEV1:MODE OFF;:FUNC:DEV1:REF:VAL 0;:FUNC:DEV2:MODE OFF;:FUNC:DEV2:REF:VAL 0;:FUNC:IMP:TYPE LSRS;:FUNC:SMON:IDC:STAT OFF;:FUNC:SMON:VDC:STAT OFF;:INIT:CONT OFF;:LIST:MODE SEQ;:LIST:STIM:TYPE FREQ,NONE;:SOUR:DCS:VOLT:LEV 0;:TRIG:DEL 0;:TRIG:SOUR INT;:TRIG:TDEL 0;:DISP:WIND:TEXT1:DATA:FMSD:STAT OFF;:DISP:WIND:TEXT2:DATA:FMSD:STAT OFF;:FUNC:DCR:RANG:VAL 100;:FUNC:IMP:RANG:VAL 0.1;:OUTP:DC:ISOL:LEV:VAL 0.1;:OUTP:DC:ISOL:STAT OFF;:FUNC:DCR:RANG:AUTO ON;:FUNC:IMP:RANG:AUTO ON;:OUTP:DC:ISOL:LEV:AUTO ON;:DISP:PAGE MEASurement;
"
2022-09-19,09:41:11
---------run finished---------
lcr name:,KeySight E4980A
Name and description of Resistor under test: ,BE2
GPIB source:,<bound method MessageBasedResource.read of <'GPIBInstrument'('GPIB0::17::INSTR')>>
2022-09-19,09:44:20
select the freq range,"[50, 100, 200, 300, 500, 800, 1000, 1591.5494309189535, 2000, 3000, 5000]"
50.0,3.859804688e-07,0.03678428762
50.0,4.031602022e-07,0.03678191616
50.0,3.928626936e-07,0.03678336435
50.0,3.898059414e-07,0.03677668825
50.0,3.982006371e-07,0.03677551804
50.0,3.928377329e-07,0.0367742768
50.0,3.867896648e-07,0.03677481587
50.0,4.012316475e-07,0.03677517425
50.0,3.914371351e-07,0.03676913658
50.0,3.968003129e-07,0.0367736432
50.0,4.031602044e-07,0.03676809364
50.0,3.902297384e-07,0.03676613596
50.0,3.858183701e-07,0.03676658702
50.0,3.87935146e-07,0.03676588824
50.0,3.877318113e-07,0.03676291255
50.0,3.973515205e-07,0.03676153837
Freq,50,Rs,0.03677249855625,7.077003872121767e-06,Ls,3.932083266875e-07,6.039527329724971e-09
":SOUR:DCS:STAT OFF;:BIAS:STAT OFF;:COMP:BIN:COUN:CLE;:LIST:CLE:ALL;:COMP:BIN:CLE;:AMPL:ALC ON;:APER LONG,16;:BIAS:POL:AUTO OFF;:BIAS:RANG:AUTO ON;:BIAS:VOLT:LEV 0;:COMP:ABIN OFF;:COMP:BIN:COUN:STAT OFF;:COMP:MODE PTOL;:COMP:SLIM -9.9e+037,9.9e+037;:COMP:STAT OFF;:COMP:SWAP OFF;:COMP:TOL:NOM 0;:CURR:LEV 0.1;:DISP:ENAB ON;:DISP:LINE """";:DISP:WIND:TEXT1:DATA:FMSD:DATA 1e-009;:DISP:WIND:TEXT2:DATA:FMSD:DATA 1e-009;:FORM:ASC:LONG ON;:FORM:BORD NORM;:FORM:DATA ASC,64;:FREQ:CW 50;:FUNC:DEV1:MODE OFF;:FUNC:DEV1:REF:VAL 0;:FUNC:DEV2:MODE OFF;:FUNC:DEV2:REF:VAL 0;:FUNC:IMP:TYPE LSRS;:FUNC:SMON:IDC:STAT OFF;:FUNC:SMON:VDC:STAT OFF;:INIT:CONT OFF;:LIST:MODE SEQ;:LIST:STIM:TYPE FREQ,NONE;:SOUR:DCS:VOLT:LEV 0;:TRIG:DEL 0;:TRIG:SOUR INT;:TRIG:TDEL 0;:DISP:WIND:TEXT1:DATA:FMSD:STAT OFF;:DISP:WIND:TEXT2:DATA:FMSD:STAT OFF;:FUNC:DCR:RANG:VAL 100;:FUNC:IMP:RANG:VAL 0.1;:OUTP:DC:ISOL:LEV:VAL 0.1;:OUTP:DC:ISOL:STAT OFF;:FUNC:DCR:RANG:AUTO ON;:FUNC:IMP:RANG:AUTO ON;:OUTP:DC:ISOL:LEV:AUTO ON;:DISP:PAGE MEASurement;
"
100.0,3.548949866e-07,0.03674263881
100.0,3.548899242e-07,0.03674142618
100.0,3.55258472e-07,0.03674023986
100.0,3.553414263e-07,0.0367394094
100.0,3.548370858e-07,0.03673804747
100.0,3.545794605e-07,0.03673783632
100.0,3.56144798e-07,0.03673655336
100.0,3.548685803e-07,0.03673597422
100.0,3.546702674e-07,0.03673469049
100.0,3.55371207e-07,0.0367337419
100.0,3.556260356e-07,0.03673347843
100.0,3.549929305e-07,0.03673278633
100.0,3.546461485e-07,0.03673184743
100.0,3.551948884e-07,0.03673170321
100.0,3.553394507e-07,0.03673080858
100.0,3.552880431e-07,0.03673006796
Freq,100,Rs,0.036735703121875005,3.92364238569736e-06,Ls,3.5512148155625e-07,4.083711344040237e-10
":SOUR:DCS:STAT OFF;:BIAS:STAT OFF;:COMP:BIN:COUN:CLE;:LIST:CLE:ALL;:COMP:BIN:CLE;:AMPL:ALC ON;:APER LONG,16;:BIAS:POL:AUTO OFF;:BIAS:RANG:AUTO ON;:BIAS:VOLT:LEV 0;:COMP:ABIN OFF;:COMP:BIN:COUN:STAT OFF;:COMP:MODE PTOL;:COMP:SLIM -9.9e+037,9.9e+037;:COMP:STAT OFF;:COMP:SWAP OFF;:COMP:TOL:NOM 0;:CURR:LEV 0.1;:DISP:ENAB ON;:DISP:LINE """";:DISP:WIND:TEXT1:DATA:FMSD:DATA 1e-009;:DISP:WIND:TEXT2:DATA:FMSD:DATA 1e-009;:FORM:ASC:LONG ON;:FORM:BORD NORM;:FORM:DATA ASC,64;:FREQ:CW 100;:FUNC:DEV1:MODE OFF;:FUNC:DEV1:REF:VAL 0;:FUNC:DEV2:MODE OFF;:FUNC:DEV2:REF:VAL 0;:FUNC:IMP:TYPE LSRS;:FUNC:SMON:IDC:STAT OFF;:FUNC:SMON:VDC:STAT OFF;:INIT:CONT OFF;:LIST:MODE SEQ;:LIST:STIM:TYPE FREQ,NONE;:SOUR:DCS:VOLT:LEV 0;:TRIG:DEL 0;:TRIG:SOUR INT;:TRIG:TDEL 0;:DISP:WIND:TEXT1:DATA:FMSD:STAT OFF;:DISP:WIND:TEXT2:DATA:FMSD:STAT OFF;:FUNC:DCR:RANG:VAL 100;:FUNC:IMP:RANG:VAL 0.1;:OUTP:DC:ISOL:LEV:VAL 0.1;:OUTP:DC:ISOL:STAT OFF;:FUNC:DCR:RANG:AUTO ON;:FUNC:IMP:RANG:AUTO ON;:OUTP:DC:ISOL:LEV:AUTO ON;:DISP:PAGE MEASurement;
"
200.0,3.532522337e-07,0.03675153113
200.0,3.532255381e-07,0.03675131663
200.0,3.530440343e-07,0.0367506844
200.0,3.531686572e-07,0.03675017531
200.0,3.532593249e-07,0.03674929209
200.0,3.530742142e-07,0.03674887269
200.0,3.531557994e-07,0.03674823873
200.0,3.532438549e-07,0.0367474892
200.0,3.530347958e-07,0.03674677195
200.0,3.532645975e-07,0.03674650414
200.0,3.531561752e-07,0.03674643226
200.0,3.530466683e-07,0.03674573655
200.0,3.531907065e-07,0.03674575333
200.0,3.531624567e-07,0.03674512142
200.0,3.529796785e-07,0.0367448986
200.0,3.530665574e-07,0.03674420826
Freq,200,Rs,0.036747689168125,2.3842044378211924e-06,Ls,3.5314533078750004e-07,9.267432721226428e-11
":SOUR:DCS:STAT OFF;:BIAS:STAT OFF;:COMP:BIN:COUN:CLE;:LIST:CLE:ALL;:COMP:BIN:CLE;:AMPL:ALC ON;:APER LONG,16;:BIAS:POL:AUTO OFF;:BIAS:RANG:AUTO ON;:BIAS:VOLT:LEV 0;:COMP:ABIN OFF;:COMP:BIN:COUN:STAT OFF;:COMP:MODE PTOL;:COMP:SLIM -9.9e+037,9.9e+037;:COMP:STAT OFF;:COMP:SWAP OFF;:COMP:TOL:NOM 0;:CURR:LEV 0.1;:DISP:ENAB ON;:DISP:LINE """";:DISP:WIND:TEXT1:DATA:FMSD:DATA 1e-009;:DISP:WIND:TEXT2:DATA:FMSD:DATA 1e-009;:FORM:ASC:LONG ON;:FORM:BORD NORM;:FORM:DATA ASC,64;:FREQ:CW 200;:FUNC:DEV1:MODE OFF;:FUNC:DEV1:REF:VAL 0;:FUNC:DEV2:MODE OFF;:FUNC:DEV2:REF:VAL 0;:FUNC:IMP:TYPE LSRS;:FUNC:SMON:IDC:STAT OFF;:FUNC:SMON:VDC:STAT OFF;:INIT:CONT OFF;:LIST:MODE SEQ;:LIST:STIM:TYPE FREQ,NONE;:SOUR:DCS:VOLT:LEV 0;:TRIG:DEL 0;:TRIG:SOUR INT;:TRIG:TDEL 0;:DISP:WIND:TEXT1:DATA:FMSD:STAT OFF;:DISP:WIND:TEXT2:DATA:FMSD:STAT OFF;:FUNC:DCR:RANG:VAL 100;:FUNC:IMP:RANG:VAL 0.1;:OUTP:DC:ISOL:LEV:VAL 0.1;:OUTP:DC:ISOL:STAT OFF;:FUNC:DCR:RANG:AUTO ON;:FUNC:IMP:RANG:AUTO ON;:OUTP:DC:ISOL:LEV:AUTO ON;:DISP:PAGE MEASurement;
"
300.0,3.412057542e-07,0.03675027473
300.0,3.411814786e-07,0.03674982906
300.0,3.411771818e-07,0.03674932831
300.0,3.411403052e-07,0.0367492518
300.0,3.412634818e-07,0.03674858767
300.0,3.411792951e-07,0.03674833983
300.0,3.412145533e-07,0.036747955
300.0,3.4121817e-07,0.03674759176
300.0,3.412905242e-07,0.03674732565
300.0,3.411016537e-07,0.03674688369
300.0,3.411767337e-07,0.03674656934
300.0,3.41121025e-07,0.03674597712
300.0,3.412279645e-07,0.03674561202
300.0,3.410885595e-07,0.03674563791
300.0,3.411462267e-07,0.03674482429
300.0,3.411456648e-07,0.03674474423
Freq,300,Rs,0.036747420775625,1.7686076726548378e-06,Ls,3.4117991075625e-07,5.579337188909359e-11
":SOUR:DCS:STAT OFF;:BIAS:STAT OFF;:COMP:BIN:COUN:CLE;:LIST:CLE:ALL;:COMP:BIN:CLE;:AMPL:ALC ON;:APER LONG,16;:BIAS:POL:AUTO OFF;:BIAS:RANG:AUTO ON;:BIAS:VOLT:LEV 0;:COMP:ABIN OFF;:COMP:BIN:COUN:STAT OFF;:COMP:MODE PTOL;:COMP:SLIM -9.9e+037,9.9e+037;:COMP:STAT OFF;:COMP:SWAP OFF;:COMP:TOL:NOM 0;:CURR:LEV 0.1;:DISP:ENAB ON;:DISP:LINE """";:DISP:WIND:TEXT1:DATA:FMSD:DATA 1e-009;:DISP:WIND:TEXT2:DATA:FMSD:DATA 1e-009;:FORM:ASC:LONG ON;:FORM:BORD NORM;:FORM:DATA ASC,64;:FREQ:CW 300;:FUNC:DEV1:MODE OFF;:FUNC:DEV1:REF:VAL 0;:FUNC:DEV2:MODE OFF;:FUNC:DEV2:REF:VAL 0;:FUNC:IMP:TYPE LSRS;:FUNC:SMON:IDC:STAT OFF;:FUNC:SMON:VDC:STAT OFF;:INIT:CONT OFF;:LIST:MODE SEQ;:LIST:STIM:TYPE FREQ,NONE;:SOUR:DCS:VOLT:LEV 0;:TRIG:DEL 0;:TRIG:SOUR INT;:TRIG:TDEL 0;:DISP:WIND:TEXT1:DATA:FMSD:STAT OFF;:DISP:WIND:TEXT2:DATA:FMSD:STAT OFF;:FUNC:DCR:RANG:VAL 100;:FUNC:IMP:RANG:VAL 0.1;:OUTP:DC:ISOL:LEV:VAL 0.1;:OUTP:DC:ISOL:STAT OFF;:FUNC:DCR:RANG:AUTO ON;:FUNC:IMP:RANG:AUTO ON;:OUTP:DC:ISOL:LEV:AUTO ON;:DISP:PAGE MEASurement;
"
500.0,3.349758626e-07,0.03675505813
500.0,3.34948435e-07,0.03675453018
500.0,3.349565515e-07,0.0367540595
500.0,3.350269486e-07,0.03675390341
500.0,3.349304158e-07,0.0367536531
500.0,3.349765635e-07,0.03675327614
500.0,3.349480858e-07,0.03675318363
500.0,3.350322533e-07,0.03675281363
500.0,3.349867729e-07,0.03675291684
500.0,3.350426927e-07,0.03675290022
500.0,3.350476572e-07,0.03675271714
500.0,3.349602121e-07,0.03675273429
500.0,3.34949972e-07,0.03675273715
500.0,3.349983875e-07,0.03675205454
500.0,3.349692527e-07,0.03675203976
500.0,3.350102696e-07,0.03675197848
Freq,500,Rs,0.03675315975875,8.860004762732803e-07,Ls,3.349850208e-07,3.7238242088647594e-11
":SOUR:DCS:STAT OFF;:BIAS:STAT OFF;:COMP:BIN:COUN:CLE;:LIST:CLE:ALL;:COMP:BIN:CLE;:AMPL:ALC ON;:APER LONG,16;:BIAS:POL:AUTO OFF;:BIAS:RANG:AUTO ON;:BIAS:VOLT:LEV 0;:COMP:ABIN OFF;:COMP:BIN:COUN:STAT OFF;:COMP:MODE PTOL;:COMP:SLIM -9.9e+037,9.9e+037;:COMP:STAT OFF;:COMP:SWAP OFF;:COMP:TOL:NOM 0;:CURR:LEV 0.1;:DISP:ENAB ON;:DISP:LINE """";:DISP:WIND:TEXT1:DATA:FMSD:DATA 1e-009;:DISP:WIND:TEXT2:DATA:FMSD:DATA 1e-009;:FORM:ASC:LONG ON;:FORM:BORD NORM;:FORM:DATA ASC,64;:FREQ:CW 500;:FUNC:DEV1:MODE OFF;:FUNC:DEV1:REF:VAL 0;:FUNC:DEV2:MODE OFF;:FUNC:DEV2:REF:VAL 0;:FUNC:IMP:TYPE LSRS;:FUNC:SMON:IDC:STAT OFF;:FUNC:SMON:VDC:STAT OFF;:INIT:CONT OFF;:LIST:MODE SEQ;:LIST:STIM:TYPE FREQ,NONE;:SOUR:DCS:VOLT:LEV 0;:TRIG:DEL 0;:TRIG:SOUR INT;:TRIG:TDEL 0;:DISP:WIND:TEXT1:DATA:FMSD:STAT OFF;:DISP:WIND:TEXT2:DATA:FMSD:STAT OFF;:FUNC:DCR:RANG:VAL 100;:FUNC:IMP:RANG:VAL 0.1;:OUTP:DC:ISOL:LEV:VAL 0.1;:OUTP:DC:ISOL:STAT OFF;:FUNC:DCR:RANG:AUTO ON;:FUNC:IMP:RANG:AUTO ON;:OUTP:DC:ISOL:LEV:AUTO ON;:DISP:PAGE MEASurement;
"
800.0,3.330570067e-07,0.03675856178
800.0,3.330942023e-07,0.03675834634
800.0,3.330828271e-07,0.03675810246
800.0,3.33068946e-07,0.03675769166
800.0,3.330716913e-07,0.03675757531
800.0,3.331000781e-07,0.036757228
800.0,3.330989362e-07,0.03675716665
800.0,3.331386026e-07,0.03675710013
800.0,3.330775846e-07,0.03675698959
800.0,3.331039239e-07,0.03675675004
800.0,3.330899206e-07,0.03675634656
800.0,3.331011391e-07,0.03675614419
800.0,3.331048881e-07,0.03675604923
800.0,3.330744685e-07,0.0367558334
800.0,3.331059336e-07,0.03675561679
800.0,3.330854669e-07,0.03675543964
Freq,800,Rs,0.03675693386062499,9.706104018221495e-07,Ls,3.33090975975e-07,1.9449006414812698e-11
":SOUR:DCS:STAT OFF;:BIAS:STAT OFF;:COMP:BIN:COUN:CLE;:LIST:CLE:ALL;:COMP:BIN:CLE;:AMPL:ALC ON;:APER LONG,16;:BIAS:POL:AUTO OFF;:BIAS:RANG:AUTO ON;:BIAS:VOLT:LEV 0;:COMP:ABIN OFF;:COMP:BIN:COUN:STAT OFF;:COMP:MODE PTOL;:COMP:SLIM -9.9e+037,9.9e+037;:COMP:STAT OFF;:COMP:SWAP OFF;:COMP:TOL:NOM 0;:CURR:LEV 0.1;:DISP:ENAB ON;:DISP:LINE """";:DISP:WIND:TEXT1:DATA:FMSD:DATA 1e-009;:DISP:WIND:TEXT2:DATA:FMSD:DATA 1e-009;:FORM:ASC:LONG ON;:FORM:BORD NORM;:FORM:DATA ASC,64;:FREQ:CW 800;:FUNC:DEV1:MODE OFF;:FUNC:DEV1:REF:VAL 0;:FUNC:DEV2:MODE OFF;:FUNC:DEV2:REF:VAL 0;:FUNC:IMP:TYPE LSRS;:FUNC:SMON:IDC:STAT OFF;:FUNC:SMON:VDC:STAT OFF;:INIT:CONT OFF;:LIST:MODE SEQ;:LIST:STIM:TYPE FREQ,NONE;:SOUR:DCS:VOLT:LEV 0;:TRIG:DEL 0;:TRIG:SOUR INT;:TRIG:TDEL 0;:DISP:WIND:TEXT1:DATA:FMSD:STAT OFF;:DISP:WIND:TEXT2:DATA:FMSD:STAT OFF;:FUNC:DCR:RANG:VAL 100;:FUNC:IMP:RANG:VAL 0.1;:OUTP:DC:ISOL:LEV:VAL 0.1;:OUTP:DC:ISOL:STAT OFF;:FUNC:DCR:RANG:AUTO ON;:FUNC:IMP:RANG:AUTO ON;:OUTP:DC:ISOL:LEV:AUTO ON;:DISP:PAGE MEASurement;
"
1000.0,3.323919651e-07,0.03674674948
1000.0,3.324162034e-07,0.03674655767
1000.0,3.324257624e-07,0.03674634368
1000.0,3.323759913e-07,0.03674615299
1000.0,3.323942076e-07,0.03674587197
1000.0,3.324096903e-07,0.03674605383
1000.0,3.324198179e-07,0.03674574521
1000.0,3.323990985e-07,0.0367457553
1000.0,3.323886706e-07,0.03674602461
1000.0,3.324075751e-07,0.03674576834
1000.0,3.324037637e-07,0.0367457921
1000.0,3.323893603e-07,0.03674585755
1000.0,3.324128319e-07,0.03674561154
1000.0,3.324172277e-07,0.03674560255
1000.0,3.324138343e-07,0.03674584246
1000.0,3.323907809e-07,0.03674580407
Freq,1000,Rs,0.036745970834375,3.3010854150273024e-07,Ls,3.324035488125e-07,1.3994466371433736e-11
":SOUR:DCS:STAT OFF;:BIAS:STAT OFF;:COMP:BIN:COUN:CLE;:LIST:CLE:ALL;:COMP:BIN:CLE;:AMPL:ALC ON;:APER LONG,16;:BIAS:POL:AUTO OFF;:BIAS:RANG:AUTO ON;:BIAS:VOLT:LEV 0;:COMP:ABIN OFF;:COMP:BIN:COUN:STAT OFF;:COMP:MODE PTOL;:COMP:SLIM -9.9e+037,9.9e+037;:COMP:STAT OFF;:COMP:SWAP OFF;:COMP:TOL:NOM 0;:CURR:LEV 0.1;:DISP:ENAB ON;:DISP:LINE """";:DISP:WIND:TEXT1:DATA:FMSD:DATA 1e-009;:DISP:WIND:TEXT2:DATA:FMSD:DATA 1e-009;:FORM:ASC:LONG ON;:FORM:BORD NORM;:FORM:DATA ASC,64;:FREQ:CW 1000;:FUNC:DEV1:MODE OFF;:FUNC:DEV1:REF:VAL 0;:FUNC:DEV2:MODE OFF;:FUNC:DEV2:REF:VAL 0;:FUNC:IMP:TYPE LSRS;:FUNC:SMON:IDC:STAT OFF;:FUNC:SMON:VDC:STAT OFF;:INIT:CONT OFF;:LIST:MODE SEQ;:LIST:STIM:TYPE FREQ,NONE;:SOUR:DCS:VOLT:LEV 0;:TRIG:DEL 0;:TRIG:SOUR INT;:TRIG:TDEL 0;:DISP:WIND:TEXT1:DATA:FMSD:STAT OFF;:DISP:WIND:TEXT2:DATA:FMSD:STAT OFF;:FUNC:DCR:RANG:VAL 100;:FUNC:IMP:RANG:VAL 0.1;:OUTP:DC:ISOL:LEV:VAL 0.1;:OUTP:DC:ISOL:STAT OFF;:FUNC:DCR:RANG:AUTO ON;:FUNC:IMP:RANG:AUTO ON;:OUTP:DC:ISOL:LEV:AUTO ON;:DISP:PAGE MEASurement;
"
1591.5494309189535,3.325042988e-07,0.03674399378
1591.5494309189535,3.325173132e-07,0.036743738
1591.5494309189535,3.32468886e-07,0.03674367923
1591.5494309189535,3.32491685e-07,0.03674346017
1591.5494309189535,3.324986846e-07,0.0367433178
1591.5494309189535,3.325094593e-07,0.03674320186
1591.5494309189535,3.32509424e-07,0.03674317443
1591.5494309189535,3.325052337e-07,0.03674302192
1591.5494309189535,3.32499683e-07,0.03674298749
1591.5494309189535,3.324775504e-07,0.03674292442
1591.5494309189535,3.325098582e-07,0.0367427307
1591.5494309189535,3.325043998e-07,0.03674281456
1591.5494309189535,3.324972738e-07,0.03674265239
1591.5494309189535,3.32502119e-07,0.03674272151
1591.5494309189535,3.325034231e-07,0.03674276401
1591.5494309189535,3.32508121e-07,0.03674269911
Freq,1591.5494309189535,Rs,0.03674311758625,4.174664446851918e-07,Ls,3.3250046330625003e-07,1.2300792217330506e-11
":SOUR:DCS:STAT OFF;:BIAS:STAT OFF;:COMP:BIN:COUN:CLE;:LIST:CLE:ALL;:COMP:BIN:CLE;:AMPL:ALC ON;:APER LONG,16;:BIAS:POL:AUTO OFF;:BIAS:RANG:AUTO ON;:BIAS:VOLT:LEV 0;:COMP:ABIN OFF;:COMP:BIN:COUN:STAT OFF;:COMP:MODE PTOL;:COMP:SLIM -9.9e+037,9.9e+037;:COMP:STAT OFF;:COMP:SWAP OFF;:COMP:TOL:NOM 0;:CURR:LEV 0.1;:DISP:ENAB ON;:DISP:LINE """";:DISP:WIND:TEXT1:DATA:FMSD:DATA 1e-009;:DISP:WIND:TEXT2:DATA:FMSD:DATA 1e-009;:FORM:ASC:LONG ON;:FORM:BORD NORM;:FORM:DATA ASC,64;:FREQ:CW 1592;:FUNC:DEV1:MODE OFF;:FUNC:DEV1:REF:VAL 0;:FUNC:DEV2:MODE OFF;:FUNC:DEV2:REF:VAL 0;:FUNC:IMP:TYPE LSRS;:FUNC:SMON:IDC:STAT OFF;:FUNC:SMON:VDC:STAT OFF;:INIT:CONT OFF;:LIST:MODE SEQ;:LIST:STIM:TYPE FREQ,NONE;:SOUR:DCS:VOLT:LEV 0;:TRIG:DEL 0;:TRIG:SOUR INT;:TRIG:TDEL 0;:DISP:WIND:TEXT1:DATA:FMSD:STAT OFF;:DISP:WIND:TEXT2:DATA:FMSD:STAT OFF;:FUNC:DCR:RANG:VAL 100;:FUNC:IMP:RANG:VAL 0.1;:OUTP:DC:ISOL:LEV:VAL 0.1;:OUTP:DC:ISOL:STAT OFF;:FUNC:DCR:RANG:AUTO ON;:FUNC:IMP:RANG:AUTO ON;:OUTP:DC:ISOL:LEV:AUTO ON;:DISP:PAGE MEASurement;
"
2000.0,3.33035685e-07,0.03674690176
2000.0,3.330663422e-07,0.03674648802
2000.0,3.330400834e-07,0.03674615926
2000.0,3.330372272e-07,0.036746077
2000.0,3.330559462e-07,0.03674600932
2000.0,3.330369942e-07,0.03674588471
2000.0,3.330487425e-07,0.03674591039
2000.0,3.330522308e-07,0.03674563709
2000.0,3.330382776e-07,0.0367455858
2000.0,3.330601975e-07,0.03674551354
2000.0,3.330561405e-07,0.03674558373
2000.0,3.330609341e-07,0.03674549868
2000.0,3.33043971e-07,0.03674551479
2000.0,3.330518167e-07,0.03674554484
2000.0,3.330483053e-07,0.03674547103
2000.0,3.330537305e-07,0.03674532056
Freq,2000,Rs,0.0367458187825,4.2639245510062376e-07,Ls,3.3304916404375e-07,9.621007112498645e-12
":SOUR:DCS:STAT OFF;:BIAS:STAT OFF;:COMP:BIN:COUN:CLE;:LIST:CLE:ALL;:COMP:BIN:CLE;:AMPL:ALC ON;:APER LONG,16;:BIAS:POL:AUTO OFF;:BIAS:RANG:AUTO ON;:BIAS:VOLT:LEV 0;:COMP:ABIN OFF;:COMP:BIN:COUN:STAT OFF;:COMP:MODE PTOL;:COMP:SLIM -9.9e+037,9.9e+037;:COMP:STAT OFF;:COMP:SWAP OFF;:COMP:TOL:NOM 0;:CURR:LEV 0.1;:DISP:ENAB ON;:DISP:LINE """";:DISP:WIND:TEXT1:DATA:FMSD:DATA 1e-009;:DISP:WIND:TEXT2:DATA:FMSD:DATA 1e-009;:FORM:ASC:LONG ON;:FORM:BORD NORM;:FORM:DATA ASC,64;:FREQ:CW 2000;:FUNC:DEV1:MODE OFF;:FUNC:DEV1:REF:VAL 0;:FUNC:DEV2:MODE OFF;:FUNC:DEV2:REF:VAL 0;:FUNC:IMP:TYPE LSRS;:FUNC:SMON:IDC:STAT OFF;:FUNC:SMON:VDC:STAT OFF;:INIT:CONT OFF;:LIST:MODE SEQ;:LIST:STIM:TYPE FREQ,NONE;:SOUR:DCS:VOLT:LEV 0;:TRIG:DEL 0;:TRIG:SOUR INT;:TRIG:TDEL 0;:DISP:WIND:TEXT1:DATA:FMSD:STAT OFF;:DISP:WIND:TEXT2:DATA:FMSD:STAT OFF;:FUNC:DCR:RANG:VAL 100;:FUNC:IMP:RANG:VAL 0.1;:OUTP:DC:ISOL:LEV:VAL 0.1;:OUTP:DC:ISOL:STAT OFF;:FUNC:DCR:RANG:AUTO ON;:FUNC:IMP:RANG:AUTO ON;:OUTP:DC:ISOL:LEV:AUTO ON;:DISP:PAGE MEASurement;
"
3000.0,3.332459516e-07,0.03674599866
3000.0,3.332626734e-07,0.03674587701
3000.0,3.332620832e-07,0.03674573694
3000.0,3.332578525e-07,0.03674549475
3000.0,3.332558365e-07,0.03674529064
3000.0,3.332791712e-07,0.03674535677
3000.0,3.332719944e-07,0.03674532886
3000.0,3.332707601e-07,0.03674549516
3000.0,3.332717236e-07,0.03674533131
3000.0,3.332604387e-07,0.03674546001
3000.0,3.332601749e-07,0.03674581529
3000.0,3.332869293e-07,0.03674584033
3000.0,3.332535361e-07,0.03674542689
3000.0,3.332382421e-07,0.0367456866
3000.0,3.333005909e-07,0.03674534362
3000.0,3.332627389e-07,0.03674531071
Freq,3000,Rs,0.036745549596874996,2.376279275312976e-07,Ls,3.332650435875e-07,1.5240583345217064e-11
":SOUR:DCS:STAT OFF;:BIAS:STAT OFF;:COMP:BIN:COUN:CLE;:LIST:CLE:ALL;:COMP:BIN:CLE;:AMPL:ALC ON;:APER LONG,16;:BIAS:POL:AUTO OFF;:BIAS:RANG:AUTO ON;:BIAS:VOLT:LEV 0;:COMP:ABIN OFF;:COMP:BIN:COUN:STAT OFF;:COMP:MODE PTOL;:COMP:SLIM -9.9e+037,9.9e+037;:COMP:STAT OFF;:COMP:SWAP OFF;:COMP:TOL:NOM 0;:CURR:LEV 0.1;:DISP:ENAB ON;:DISP:LINE """";:DISP:WIND:TEXT1:DATA:FMSD:DATA 1e-009;:DISP:WIND:TEXT2:DATA:FMSD:DATA 1e-009;:FORM:ASC:LONG ON;:FORM:BORD NORM;:FORM:DATA ASC,64;:FREQ:CW 3000;:FUNC:DEV1:MODE OFF;:FUNC:DEV1:REF:VAL 0;:FUNC:DEV2:MODE OFF;:FUNC:DEV2:REF:VAL 0;:FUNC:IMP:TYPE LSRS;:FUNC:SMON:IDC:STAT OFF;:FUNC:SMON:VDC:STAT OFF;:INIT:CONT OFF;:LIST:MODE SEQ;:LIST:STIM:TYPE FREQ,NONE;:SOUR:DCS:VOLT:LEV 0;:TRIG:DEL 0;:TRIG:SOUR INT;:TRIG:TDEL 0;:DISP:WIND:TEXT1:DATA:FMSD:STAT OFF;:DISP:WIND:TEXT2:DATA:FMSD:STAT OFF;:FUNC:DCR:RANG:VAL 100;:FUNC:IMP:RANG:VAL 0.1;:OUTP:DC:ISOL:LEV:VAL 0.1;:OUTP:DC:ISOL:STAT OFF;:FUNC:DCR:RANG:AUTO ON;:FUNC:IMP:RANG:AUTO ON;:OUTP:DC:ISOL:LEV:AUTO ON;:DISP:PAGE MEASurement;
"
5000.0,3.330289786e-07,0.03678541256
5000.0,3.330396133e-07,0.03678500179
5000.0,3.330381138e-07,0.03678476102
5000.0,3.330356574e-07,0.03678514449
5000.0,3.330410362e-07,0.03678455921
5000.0,3.330263539e-07,0.03678498268
5000.0,3.330297495e-07,0.03678463205
5000.0,3.330392316e-07,0.03678470002
5000.0,3.330264911e-07,0.03678493784
5000.0,3.330269495e-07,0.03678480194
5000.0,3.330378046e-07,0.0367845512
5000.0,3.330387261e-07,0.03678500893
5000.0,3.330262175e-07,0.03678506987
5000.0,3.330328189e-07,0.03678450063
5000.0,3.330377092e-07,0.03678491037
5000.0,3.330355661e-07,0.03678523742
Freq,5000,Rs,0.036784888251249995,2.6224810882993276e-07,Ls,3.3303381358125e-07,5.479187910903849e-12
":SOUR:DCS:STAT OFF;:BIAS:STAT OFF;:COMP:BIN:COUN:CLE;:LIST:CLE:ALL;:COMP:BIN:CLE;:AMPL:ALC ON;:APER LONG,16;:BIAS:POL:AUTO OFF;:BIAS:RANG:AUTO ON;:BIAS:VOLT:LEV 0;:COMP:ABIN OFF;:COMP:BIN:COUN:STAT OFF;:COMP:MODE PTOL;:COMP:SLIM -9.9e+037,9.9e+037;:COMP:STAT OFF;:COMP:SWAP OFF;:COMP:TOL:NOM 0;:CURR:LEV 0.1;:DISP:ENAB ON;:DISP:LINE """";:DISP:WIND:TEXT1:DATA:FMSD:DATA 1e-009;:DISP:WIND:TEXT2:DATA:FMSD:DATA 1e-009;:FORM:ASC:LONG ON;:FORM:BORD NORM;:FORM:DATA ASC,64;:FREQ:CW 5000;:FUNC:DEV1:MODE OFF;:FUNC:DEV1:REF:VAL 0;:FUNC:DEV2:MODE OFF;:FUNC:DEV2:REF:VAL 0;:FUNC:IMP:TYPE LSRS;:FUNC:SMON:IDC:STAT OFF;:FUNC:SMON:VDC:STAT OFF;:INIT:CONT OFF;:LIST:MODE SEQ;:LIST:STIM:TYPE FREQ,NONE;:SOUR:DCS:VOLT:LEV 0;:TRIG:DEL 0;:TRIG:SOUR INT;:TRIG:TDEL 0;:DISP:WIND:TEXT1:DATA:FMSD:STAT OFF;:DISP:WIND:TEXT2:DATA:FMSD:STAT OFF;:FUNC:DCR:RANG:VAL 100;:FUNC:IMP:RANG:VAL 0.1;:OUTP:DC:ISOL:LEV:VAL 0.1;:OUTP:DC:ISOL:STAT OFF;:FUNC:DCR:RANG:AUTO ON;:FUNC:IMP:RANG:AUTO ON;:OUTP:DC:ISOL:LEV:AUTO ON;:DISP:PAGE MEASurement;
"
":SOUR:DCS:STAT OFF;:BIAS:STAT OFF;:COMP:BIN:COUN:CLE;:LIST:CLE:ALL;:COMP:BIN:CLE;:AMPL:ALC ON;:APER LONG,16;:BIAS:POL:AUTO OFF;:BIAS:RANG:AUTO ON;:BIAS:VOLT:LEV 0;:COMP:ABIN OFF;:COMP:BIN:COUN:STAT OFF;:COMP:MODE PTOL;:COMP:SLIM -9.9e+037,9.9e+037;:COMP:STAT OFF;:COMP:SWAP OFF;:COMP:TOL:NOM 0;:CURR:LEV 0.1;:DISP:ENAB ON;:DISP:LINE """";:DISP:WIND:TEXT1:DATA:FMSD:DATA 1e-009;:DISP:WIND:TEXT2:DATA:FMSD:DATA 1e-009;:FORM:ASC:LONG ON;:FORM:BORD NORM;:FORM:DATA ASC,64;:FREQ:CW 5000;:FUNC:DEV1:MODE OFF;:FUNC:DEV1:REF:VAL 0;:FUNC:DEV2:MODE OFF;:FUNC:DEV2:REF:VAL 0;:FUNC:IMP:TYPE LSRS;:FUNC:SMON:IDC:STAT OFF;:FUNC:SMON:VDC:STAT OFF;:INIT:CONT OFF;:LIST:MODE SEQ;:LIST:STIM:TYPE FREQ,NONE;:SOUR:DCS:VOLT:LEV 0;:TRIG:DEL 0;:TRIG:SOUR INT;:TRIG:TDEL 0;:DISP:WIND:TEXT1:DATA:FMSD:STAT OFF;:DISP:WIND:TEXT2:DATA:FMSD:STAT OFF;:FUNC:DCR:RANG:VAL 100;:FUNC:IMP:RANG:VAL 0.1;:OUTP:DC:ISOL:LEV:VAL 0.1;:OUTP:DC:ISOL:STAT OFF;:FUNC:DCR:RANG:AUTO ON;:FUNC:IMP:RANG:AUTO ON;:OUTP:DC:ISOL:LEV:AUTO ON;:DISP:PAGE MEASurement;
"
2022-09-19,09:55:38
---------run finished---------
lcr name:,KeySight E4980A
Name and description of Resistor under test: ,BE2R
GPIB source:,<bound method MessageBasedResource.read of <'GPIBInstrument'('GPIB0::17::INSTR')>>
2022-09-19,10:06:48
select the freq range,"[50, 100, 200, 300, 500, 800, 1000, 1591.5494309189535, 2000, 3000, 5000]"
50.0,4.04291111e-07,0.03665112556
50.0,3.861598446e-07,0.03665016768
50.0,3.928897386e-07,0.03664502331
50.0,4.034991238e-07,0.03664687846
50.0,4.009425844e-07,0.03664872427
50.0,4.016396132e-07,0.03664791354
50.0,4.0015272e-07,0.03664848683
50.0,4.008530159e-07,0.03664706416
50.0,4.000712552e-07,0.03664726786
50.0,3.933288622e-07,0.03664686029
50.0,3.851931451e-07,0.03664319833
50.0,3.981312941e-07,0.03664142515
50.0,3.933504476e-07,0.03664505326
50.0,3.87645635e-07,0.0366429285
50.0,3.859097159e-07,0.03664240551
50.0,3.87944446e-07,0.03664277605
Freq,50,Rs,0.0366460811725,2.9261120047130867e-06,Ls,3.9512515953750004e-07,6.854825083971852e-09
":SOUR:DCS:STAT OFF;:BIAS:STAT OFF;:COMP:BIN:COUN:CLE;:LIST:CLE:ALL;:COMP:BIN:CLE;:AMPL:ALC ON;:APER LONG,16;:BIAS:POL:AUTO OFF;:BIAS:RANG:AUTO ON;:BIAS:VOLT:LEV 0;:COMP:ABIN OFF;:COMP:BIN:COUN:STAT OFF;:COMP:MODE PTOL;:COMP:SLIM -9.9e+037,9.9e+037;:COMP:STAT OFF;:COMP:SWAP OFF;:COMP:TOL:NOM 0;:CURR:LEV 0.1;:DISP:ENAB ON;:DISP:LINE """";:DISP:WIND:TEXT1:DATA:FMSD:DATA 1e-009;:DISP:WIND:TEXT2:DATA:FMSD:DATA 1e-009;:FORM:ASC:LONG ON;:FORM:BORD NORM;:FORM:DATA ASC,64;:FREQ:CW 50;:FUNC:DEV1:MODE OFF;:FUNC:DEV1:REF:VAL 0;:FUNC:DEV2:MODE OFF;:FUNC:DEV2:REF:VAL 0;:FUNC:IMP:TYPE LSRS;:FUNC:SMON:IDC:STAT OFF;:FUNC:SMON:VDC:STAT OFF;:INIT:CONT OFF;:LIST:MODE SEQ;:LIST:STIM:TYPE FREQ,NONE;:SOUR:DCS:VOLT:LEV 0;:TRIG:DEL 0;:TRIG:SOUR INT;:TRIG:TDEL 0;:DISP:WIND:TEXT1:DATA:FMSD:STAT OFF;:DISP:WIND:TEXT2:DATA:FMSD:STAT OFF;:FUNC:DCR:RANG:VAL 100;:FUNC:IMP:RANG:VAL 0.1;:OUTP:DC:ISOL:LEV:VAL 0.1;:OUTP:DC:ISOL:STAT OFF;:FUNC:DCR:RANG:AUTO ON;:FUNC:IMP:RANG:AUTO ON;:OUTP:DC:ISOL:LEV:AUTO ON;:DISP:PAGE MEASurement;
"
100.0,3.546838939e-07,0.03662007662
100.0,3.553563568e-07,0.03661939713
100.0,3.551358061e-07,0.0366194918
100.0,3.550020891e-07,0.03661895839
100.0,3.542465632e-07,0.03661839163
100.0,3.547160164e-07,0.03661795628
100.0,3.549472245e-07,0.03661709885
100.0,3.548705481e-07,0.03661693717
100.0,3.541228901e-07,0.03661669283
100.0,3.547576869e-07,0.03661559809
100.0,3.544179976e-07,0.03661556041
100.0,3.549799768e-07,0.03661514327
100.0,3.545881619e-07,0.03661469951
100.0,3.546812938e-07,0.03661437488
100.0,3.548551868e-07,0.03661400707
100.0,3.54853949e-07,0.03661369506
Freq,100,Rs,0.036616754936874996,2.1103467221812217e-06,Ls,3.547634775625e-07,3.160994551508927e-10
":SOUR:DCS:STAT OFF;:BIAS:STAT OFF;:COMP:BIN:COUN:CLE;:LIST:CLE:ALL;:COMP:BIN:CLE;:AMPL:ALC ON;:APER LONG,16;:BIAS:POL:AUTO OFF;:BIAS:RANG:AUTO ON;:BIAS:VOLT:LEV 0;:COMP:ABIN OFF;:COMP:BIN:COUN:STAT OFF;:COMP:MODE PTOL;:COMP:SLIM -9.9e+037,9.9e+037;:COMP:STAT OFF;:COMP:SWAP OFF;:COMP:TOL:NOM 0;:CURR:LEV 0.1;:DISP:ENAB ON;:DISP:LINE """";:DISP:WIND:TEXT1:DATA:FMSD:DATA 1e-009;:DISP:WIND:TEXT2:DATA:FMSD:DATA 1e-009;:FORM:ASC:LONG ON;:FORM:BORD NORM;:FORM:DATA ASC,64;:FREQ:CW 100;:FUNC:DEV1:MODE OFF;:FUNC:DEV1:REF:VAL 0;:FUNC:DEV2:MODE OFF;:FUNC:DEV2:REF:VAL 0;:FUNC:IMP:TYPE LSRS;:FUNC:SMON:IDC:STAT OFF;:FUNC:SMON:VDC:STAT OFF;:INIT:CONT OFF;:LIST:MODE SEQ;:LIST:STIM:TYPE FREQ,NONE;:SOUR:DCS:VOLT:LEV 0;:TRIG:DEL 0;:TRIG:SOUR INT;:TRIG:TDEL 0;:DISP:WIND:TEXT1:DATA:FMSD:STAT OFF;:DISP:WIND:TEXT2:DATA:FMSD:STAT OFF;:FUNC:DCR:RANG:VAL 100;:FUNC:IMP:RANG:VAL 0.1;:OUTP:DC:ISOL:LEV:VAL 0.1;:OUTP:DC:ISOL:STAT OFF;:FUNC:DCR:RANG:AUTO ON;:FUNC:IMP:RANG:AUTO ON;:OUTP:DC:ISOL:LEV:AUTO ON;:DISP:PAGE MEASurement;
"
200.0,3.528065134e-07,0.03663566688
200.0,3.530516171e-07,0.03663531064
200.0,3.528712348e-07,0.03663475989
200.0,3.529699364e-07,0.03663497932
200.0,3.529805076e-07,0.03663433304
200.0,3.528554803e-07,0.03663393225
200.0,3.528742553e-07,0.03663388686
200.0,3.531020017e-07,0.03663345445
200.0,3.528365171e-07,0.03663271123
200.0,3.528780577e-07,0.03663332084
200.0,3.528390739e-07,0.03663266499
200.0,3.529846484e-07,0.03663208746
200.0,3.529207238e-07,0.03663208024
200.0,3.530893815e-07,0.03663171218
200.0,3.530617583e-07,0.03663105997
200.0,3.529885943e-07,0.0366312069
Freq,200,Rs,0.03663332294625,1.4617637631666612e-06,Ls,3.5294439385000003e-07,9.713988801557317e-11
":SOUR:DCS:STAT OFF;:BIAS:STAT OFF;:COMP:BIN:COUN:CLE;:LIST:CLE:ALL;:COMP:BIN:CLE;:AMPL:ALC ON;:APER LONG,16;:BIAS:POL:AUTO OFF;:BIAS:RANG:AUTO ON;:BIAS:VOLT:LEV 0;:COMP:ABIN OFF;:COMP:BIN:COUN:STAT OFF;:COMP:MODE PTOL;:COMP:SLIM -9.9e+037,9.9e+037;:COMP:STAT OFF;:COMP:SWAP OFF;:COMP:TOL:NOM 0;:CURR:LEV 0.1;:DISP:ENAB ON;:DISP:LINE """";:DISP:WIND:TEXT1:DATA:FMSD:DATA 1e-009;:DISP:WIND:TEXT2:DATA:FMSD:DATA 1e-009;:FORM:ASC:LONG ON;:FORM:BORD NORM;:FORM:DATA ASC,64;:FREQ:CW 200;:FUNC:DEV1:MODE OFF;:FUNC:DEV1:REF:VAL 0;:FUNC:DEV2:MODE OFF;:FUNC:DEV2:REF:VAL 0;:FUNC:IMP:TYPE LSRS;:FUNC:SMON:IDC:STAT OFF;:FUNC:SMON:VDC:STAT OFF;:INIT:CONT OFF;:LIST:MODE SEQ;:LIST:STIM:TYPE FREQ,NONE;:SOUR:DCS:VOLT:LEV 0;:TRIG:DEL 0;:TRIG:SOUR INT;:TRIG:TDEL 0;:DISP:WIND:TEXT1:DATA:FMSD:STAT OFF;:DISP:WIND:TEXT2:DATA:FMSD:STAT OFF;:FUNC:DCR:RANG:VAL 100;:FUNC:IMP:RANG:VAL 0.1;:OUTP:DC:ISOL:LEV:VAL 0.1;:OUTP:DC:ISOL:STAT OFF;:FUNC:DCR:RANG:AUTO ON;:FUNC:IMP:RANG:AUTO ON;:OUTP:DC:ISOL:LEV:AUTO ON;:DISP:PAGE MEASurement;
"
300.0,3.410446152e-07,0.0366377147
300.0,3.411434079e-07,0.03663725662
300.0,3.41189395e-07,0.03663737872
300.0,3.410504947e-07,0.03663731934
300.0,3.41152529e-07,0.036636849
300.0,3.411468458e-07,0.03663676979
300.0,3.412463962e-07,0.03663634961
300.0,3.411871238e-07,0.03663603963
300.0,3.411090126e-07,0.03663590091
300.0,3.412520566e-07,0.03663584459
300.0,3.41135096e-07,0.03663540059
300.0,3.411629246e-07,0.0366352308
300.0,3.410262861e-07,0.03663498725
300.0,3.411318536e-07,0.03663524122
300.0,3.410426037e-07,0.03663477765
300.0,3.413119783e-07,0.03663449428
Freq,300,Rs,0.03663609716875,1.0261448189537584e-06,Ls,3.4114578869375003e-07,8.119758477318966e-11
":SOUR:DCS:STAT OFF;:BIAS:STAT OFF;:COMP:BIN:COUN:CLE;:LIST:CLE:ALL;:COMP:BIN:CLE;:AMPL:ALC ON;:APER LONG,16;:BIAS:POL:AUTO OFF;:BIAS:RANG:AUTO ON;:BIAS:VOLT:LEV 0;:COMP:ABIN OFF;:COMP:BIN:COUN:STAT OFF;:COMP:MODE PTOL;:COMP:SLIM -9.9e+037,9.9e+037;:COMP:STAT OFF;:COMP:SWAP OFF;:COMP:TOL:NOM 0;:CURR:LEV 0.1;:DISP:ENAB ON;:DISP:LINE """";:DISP:WIND:TEXT1:DATA:FMSD:DATA 1e-009;:DISP:WIND:TEXT2:DATA:FMSD:DATA 1e-009;:FORM:ASC:LONG ON;:FORM:BORD NORM;:FORM:DATA ASC,64;:FREQ:CW 300;:FUNC:DEV1:MODE OFF;:FUNC:DEV1:REF:VAL 0;:FUNC:DEV2:MODE OFF;:FUNC:DEV2:REF:VAL 0;:FUNC:IMP:TYPE LSRS;:FUNC:SMON:IDC:STAT OFF;:FUNC:SMON:VDC:STAT OFF;:INIT:CONT OFF;:LIST:MODE SEQ;:LIST:STIM:TYPE FREQ,NONE;:SOUR:DCS:VOLT:LEV 0;:TRIG:DEL 0;:TRIG:SOUR INT;:TRIG:TDEL 0;:DISP:WIND:TEXT1:DATA:FMSD:STAT OFF;:DISP:WIND:TEXT2:DATA:FMSD:STAT OFF;:FUNC:DCR:RANG:VAL 100;:FUNC:IMP:RANG:VAL 0.1;:OUTP:DC:ISOL:LEV:VAL 0.1;:OUTP:DC:ISOL:STAT OFF;:FUNC:DCR:RANG:AUTO ON;:FUNC:IMP:RANG:AUTO ON;:OUTP:DC:ISOL:LEV:AUTO ON;:DISP:PAGE MEASurement;
"
500.0,3.3497758e-07,0.03664539052
500.0,3.350110675e-07,0.03664507376
500.0,3.349761658e-07,0.03664477717
500.0,3.350512393e-07,0.03664471041
500.0,3.350514005e-07,0.03664457624
500.0,3.349716332e-07,0.03664467046
500.0,3.349879262e-07,0.03664431852
500.0,3.349185467e-07,0.03664407602
500.0,3.350079904e-07,0.03664380261
500.0,3.349555881e-07,0.03664363124
500.0,3.349666639e-07,0.03664349837
500.0,3.349218298e-07,0.03664338898
500.0,3.349964285e-07,0.03664340455
500.0,3.350065309e-07,0.03664322611
500.0,3.350264822e-07,0.03664332897
500.0,3.349938195e-07,0.03664286784
Freq,500,Rs,0.036644046360625,7.543233193746159e-07,Ls,3.3498880578125e-07,3.8378699556394553e-11
":SOUR:DCS:STAT OFF;:BIAS:STAT OFF;:COMP:BIN:COUN:CLE;:LIST:CLE:ALL;:COMP:BIN:CLE;:AMPL:ALC ON;:APER LONG,16;:BIAS:POL:AUTO OFF;:BIAS:RANG:AUTO ON;:BIAS:VOLT:LEV 0;:COMP:ABIN OFF;:COMP:BIN:COUN:STAT OFF;:COMP:MODE PTOL;:COMP:SLIM -9.9e+037,9.9e+037;:COMP:STAT OFF;:COMP:SWAP OFF;:COMP:TOL:NOM 0;:CURR:LEV 0.1;:DISP:ENAB ON;:DISP:LINE """";:DISP:WIND:TEXT1:DATA:FMSD:DATA 1e-009;:DISP:WIND:TEXT2:DATA:FMSD:DATA 1e-009;:FORM:ASC:LONG ON;:FORM:BORD NORM;:FORM:DATA ASC,64;:FREQ:CW 500;:FUNC:DEV1:MODE OFF;:FUNC:DEV1:REF:VAL 0;:FUNC:DEV2:MODE OFF;:FUNC:DEV2:REF:VAL 0;:FUNC:IMP:TYPE LSRS;:FUNC:SMON:IDC:STAT OFF;:FUNC:SMON:VDC:STAT OFF;:INIT:CONT OFF;:LIST:MODE SEQ;:LIST:STIM:TYPE FREQ,NONE;:SOUR:DCS:VOLT:LEV 0;:TRIG:DEL 0;:TRIG:SOUR INT;:TRIG:TDEL 0;:DISP:WIND:TEXT1:DATA:FMSD:STAT OFF;:DISP:WIND:TEXT2:DATA:FMSD:STAT OFF;:FUNC:DCR:RANG:VAL 100;:FUNC:IMP:RANG:VAL 0.1;:OUTP:DC:ISOL:LEV:VAL 0.1;:OUTP:DC:ISOL:STAT OFF;:FUNC:DCR:RANG:AUTO ON;:FUNC:IMP:RANG:AUTO ON;:OUTP:DC:ISOL:LEV:AUTO ON;:DISP:PAGE MEASurement;
"
800.0,3.33080127e-07,0.03664978349
800.0,3.331341547e-07,0.03664979491
800.0,3.330985433e-07,0.0366493704
800.0,3.330798955e-07,0.03664923558
800.0,3.33104554e-07,0.03664917151
800.0,3.330701241e-07,0.03664899192
800.0,3.330815731e-07,0.03664912374
800.0,3.331042113e-07,0.03664866959
800.0,3.330895438e-07,0.03664885508
800.0,3.331023899e-07,0.03664850644
800.0,3.330974529e-07,0.03664840895
800.0,3.331118321e-07,0.03664833992
800.0,3.330869286e-07,0.03664816884
800.0,3.331083234e-07,0.03664783007
800.0,3.331039628e-07,0.03664753171
800.0,3.330935019e-07,0.03664739593
Freq,800,Rs,0.036648698630000004,7.292618233432058e-07,Ls,3.3309669490000004e-07,1.554178713537066e-11
":SOUR:DCS:STAT OFF;:BIAS:STAT OFF;:COMP:BIN:COUN:CLE;:LIST:CLE:ALL;:COMP:BIN:CLE;:AMPL:ALC ON;:APER LONG,16;:BIAS:POL:AUTO OFF;:BIAS:RANG:AUTO ON;:BIAS:VOLT:LEV 0;:COMP:ABIN OFF;:COMP:BIN:COUN:STAT OFF;:COMP:MODE PTOL;:COMP:SLIM -9.9e+037,9.9e+037;:COMP:STAT OFF;:COMP:SWAP OFF;:COMP:TOL:NOM 0;:CURR:LEV 0.1;:DISP:ENAB ON;:DISP:LINE """";:DISP:WIND:TEXT1:DATA:FMSD:DATA 1e-009;:DISP:WIND:TEXT2:DATA:FMSD:DATA 1e-009;:FORM:ASC:LONG ON;:FORM:BORD NORM;:FORM:DATA ASC,64;:FREQ:CW 800;:FUNC:DEV1:MODE OFF;:FUNC:DEV1:REF:VAL 0;:FUNC:DEV2:MODE OFF;:FUNC:DEV2:REF:VAL 0;:FUNC:IMP:TYPE LSRS;:FUNC:SMON:IDC:STAT OFF;:FUNC:SMON:VDC:STAT OFF;:INIT:CONT OFF;:LIST:MODE SEQ;:LIST:STIM:TYPE FREQ,NONE;:SOUR:DCS:VOLT:LEV 0;:TRIG:DEL 0;:TRIG:SOUR INT;:TRIG:TDEL 0;:DISP:WIND:TEXT1:DATA:FMSD:STAT OFF;:DISP:WIND:TEXT2:DATA:FMSD:STAT OFF;:FUNC:DCR:RANG:VAL 100;:FUNC:IMP:RANG:VAL 0.1;:OUTP:DC:ISOL:LEV:VAL 0.1;:OUTP:DC:ISOL:STAT OFF;:FUNC:DCR:RANG:AUTO ON;:FUNC:IMP:RANG:AUTO ON;:OUTP:DC:ISOL:LEV:AUTO ON;:DISP:PAGE MEASurement;
"
1000.0,3.323907321e-07,0.03663883918
1000.0,3.32412129e-07,0.03663888149
1000.0,3.323686627e-07,0.03663902759
1000.0,3.324228417e-07,0.03663896063
1000.0,3.323986567e-07,0.03663913286
1000.0,3.324049954e-07,0.03663867612
1000.0,3.323776482e-07,0.03663905064
1000.0,3.324511687e-07,0.03663904107
1000.0,3.323871703e-07,0.036638963
1000.0,3.324061834e-07,0.03663893113
1000.0,3.324204129e-07,0.03663888912
1000.0,3.3243621e-07,0.03663900949
1000.0,3.323773568e-07,0.03663893985
1000.0,3.323822673e-07,0.03663851028
1000.0,3.323936044e-07,0.03663826432
1000.0,3.324142095e-07,0.03663831043
Freq,1000,Rs,0.0366388392,2.625497928132793e-07,Ls,3.3240276556874997e-07,2.2744468311496965e-11
":SOUR:DCS:STAT OFF;:BIAS:STAT OFF;:COMP:BIN:COUN:CLE;:LIST:CLE:ALL;:COMP:BIN:CLE;:AMPL:ALC ON;:APER LONG,16;:BIAS:POL:AUTO OFF;:BIAS:RANG:AUTO ON;:BIAS:VOLT:LEV 0;:COMP:ABIN OFF;:COMP:BIN:COUN:STAT OFF;:COMP:MODE PTOL;:COMP:SLIM -9.9e+037,9.9e+037;:COMP:STAT OFF;:COMP:SWAP OFF;:COMP:TOL:NOM 0;:CURR:LEV 0.1;:DISP:ENAB ON;:DISP:LINE """";:DISP:WIND:TEXT1:DATA:FMSD:DATA 1e-009;:DISP:WIND:TEXT2:DATA:FMSD:DATA 1e-009;:FORM:ASC:LONG ON;:FORM:BORD NORM;:FORM:DATA ASC,64;:FREQ:CW 1000;:FUNC:DEV1:MODE OFF;:FUNC:DEV1:REF:VAL 0;:FUNC:DEV2:MODE OFF;:FUNC:DEV2:REF:VAL 0;:FUNC:IMP:TYPE LSRS;:FUNC:SMON:IDC:STAT OFF;:FUNC:SMON:VDC:STAT OFF;:INIT:CONT OFF;:LIST:MODE SEQ;:LIST:STIM:TYPE FREQ,NONE;:SOUR:DCS:VOLT:LEV 0;:TRIG:DEL 0;:TRIG:SOUR INT;:TRIG:TDEL 0;:DISP:WIND:TEXT1:DATA:FMSD:STAT OFF;:DISP:WIND:TEXT2:DATA:FMSD:STAT OFF;:FUNC:DCR:RANG:VAL 100;:FUNC:IMP:RANG:VAL 0.1;:OUTP:DC:ISOL:LEV:VAL 0.1;:OUTP:DC:ISOL:STAT OFF;:FUNC:DCR:RANG:AUTO ON;:FUNC:IMP:RANG:AUTO ON;:OUTP:DC:ISOL:LEV:AUTO ON;:DISP:PAGE MEASurement;
"
1591.5494309189535,3.324743713e-07,0.03663654039
1591.5494309189535,3.32469687e-07,0.03663614704
1591.5494309189535,3.324714711e-07,0.03663618893
1591.5494309189535,3.324631194e-07,0.03663585156
1591.5494309189535,3.324836292e-07,0.03663600967
1591.5494309189535,3.324642968e-07,0.03663582121
1591.5494309189535,3.324723204e-07,0.03663574274
1591.5494309189535,3.324647806e-07,0.03663592658
1591.5494309189535,3.324770528e-07,0.03663578908
1591.5494309189535,3.324747972e-07,0.03663556284
1591.5494309189535,3.324689633e-07,0.03663533385
1591.5494309189535,3.324544668e-07,0.0366354649
1591.5494309189535,3.324700055e-07,0.03663547333
1591.5494309189535,3.324749861e-07,0.03663531869
1591.5494309189535,3.324685884e-07,0.03663540279
1591.5494309189535,3.324716514e-07,0.03663534859
Freq,1591.5494309189535,Rs,0.036635745136874995,3.58139971811956e-07,Ls,3.3247026170625e-07,6.649392362558916e-12
":SOUR:DCS:STAT OFF;:BIAS:STAT OFF;:COMP:BIN:COUN:CLE;:LIST:CLE:ALL;:COMP:BIN:CLE;:AMPL:ALC ON;:APER LONG,16;:BIAS:POL:AUTO OFF;:BIAS:RANG:AUTO ON;:BIAS:VOLT:LEV 0;:COMP:ABIN OFF;:COMP:BIN:COUN:STAT OFF;:COMP:MODE PTOL;:COMP:SLIM -9.9e+037,9.9e+037;:COMP:STAT OFF;:COMP:SWAP OFF;:COMP:TOL:NOM 0;:CURR:LEV 0.1;:DISP:ENAB ON;:DISP:LINE """";:DISP:WIND:TEXT1:DATA:FMSD:DATA 1e-009;:DISP:WIND:TEXT2:DATA:FMSD:DATA 1e-009;:FORM:ASC:LONG ON;:FORM:BORD NORM;:FORM:DATA ASC,64;:FREQ:CW 1592;:FUNC:DEV1:MODE OFF;:FUNC:DEV1:REF:VAL 0;:FUNC:DEV2:MODE OFF;:FUNC:DEV2:REF:VAL 0;:FUNC:IMP:TYPE LSRS;:FUNC:SMON:IDC:STAT OFF;:FUNC:SMON:VDC:STAT OFF;:INIT:CONT OFF;:LIST:MODE SEQ;:LIST:STIM:TYPE FREQ,NONE;:SOUR:DCS:VOLT:LEV 0;:TRIG:DEL 0;:TRIG:SOUR INT;:TRIG:TDEL 0;:DISP:WIND:TEXT1:DATA:FMSD:STAT OFF;:DISP:WIND:TEXT2:DATA:FMSD:STAT OFF;:FUNC:DCR:RANG:VAL 100;:FUNC:IMP:RANG:VAL 0.1;:OUTP:DC:ISOL:LEV:VAL 0.1;:OUTP:DC:ISOL:STAT OFF;:FUNC:DCR:RANG:AUTO ON;:FUNC:IMP:RANG:AUTO ON;:OUTP:DC:ISOL:LEV:AUTO ON;:DISP:PAGE MEASurement;
"
2000.0,3.330111213e-07,0.03664124208
2000.0,3.33013283e-07,0.03664121805
2000.0,3.330007922e-07,0.03664129006
2000.0,3.330055202e-07,0.03664136184
2000.0,3.330150774e-07,0.0366412853
2000.0,3.330115536e-07,0.03664130127
2000.0,3.330037018e-07,0.03664113825
2000.0,3.330062427e-07,0.0366410996
2000.0,3.329924349e-07,0.0366411907
2000.0,3.330191038e-07,0.03664131788
2000.0,3.330051494e-07,0.03664093272
2000.0,3.33003165e-07,0.0366410786
2000.0,3.330108108e-07,0.03664108251
2000.0,3.330088886e-07,0.03664074592
2000.0,3.329989762e-07,0.03664072325
2000.0,3.330020059e-07,0.03664057336
Freq,2000,Rs,0.036641098836875,2.372341092878939e-07,Ls,3.33006739175e-07,6.721696574474922e-12
":SOUR:DCS:STAT OFF;:BIAS:STAT OFF;:COMP:BIN:COUN:CLE;:LIST:CLE:ALL;:COMP:BIN:CLE;:AMPL:ALC ON;:APER LONG,16;:BIAS:POL:AUTO OFF;:BIAS:RANG:AUTO ON;:BIAS:VOLT:LEV 0;:COMP:ABIN OFF;:COMP:BIN:COUN:STAT OFF;:COMP:MODE PTOL;:COMP:SLIM -9.9e+037,9.9e+037;:COMP:STAT OFF;:COMP:SWAP OFF;:COMP:TOL:NOM 0;:CURR:LEV 0.1;:DISP:ENAB ON;:DISP:LINE """";:DISP:WIND:TEXT1:DATA:FMSD:DATA 1e-009;:DISP:WIND:TEXT2:DATA:FMSD:DATA 1e-009;:FORM:ASC:LONG ON;:FORM:BORD NORM;:FORM:DATA ASC,64;:FREQ:CW 2000;:FUNC:DEV1:MODE OFF;:FUNC:DEV1:REF:VAL 0;:FUNC:DEV2:MODE OFF;:FUNC:DEV2:REF:VAL 0;:FUNC:IMP:TYPE LSRS;:FUNC:SMON:IDC:STAT OFF;:FUNC:SMON:VDC:STAT OFF;:INIT:CONT OFF;:LIST:MODE SEQ;:LIST:STIM:TYPE FREQ,NONE;:SOUR:DCS:VOLT:LEV 0;:TRIG:DEL 0;:TRIG:SOUR INT;:TRIG:TDEL 0;:DISP:WIND:TEXT1:DATA:FMSD:STAT OFF;:DISP:WIND:TEXT2:DATA:FMSD:STAT OFF;:FUNC:DCR:RANG:VAL 100;:FUNC:IMP:RANG:VAL 0.1;:OUTP:DC:ISOL:LEV:VAL 0.1;:OUTP:DC:ISOL:STAT OFF;:FUNC:DCR:RANG:AUTO ON;:FUNC:IMP:RANG:AUTO ON;:OUTP:DC:ISOL:LEV:AUTO ON;:DISP:PAGE MEASurement;
"
3000.0,3.33199936e-07,0.03664174807
3000.0,3.33200083e-07,0.03664187326
3000.0,3.332036841e-07,0.03664144419
3000.0,3.332117234e-07,0.03664152469
3000.0,3.332296574e-07,0.03664151628
3000.0,3.332096882e-07,0.0366411058
3000.0,3.332006585e-07,0.03664078327
3000.0,3.331938827e-07,0.0366408547
3000.0,3.332145153e-07,0.03664047835
3000.0,3.332061171e-07,0.03664054677
3000.0,3.33192207e-07,0.03664015954
3000.0,3.332019627e-07,0.03664057057
3000.0,3.331902537e-07,0.03664002665
3000.0,3.332283912e-07,0.03664031465
3000.0,3.332327247e-07,0.03664030698
3000.0,3.332103219e-07,0.03664000555
Freq,3000,Rs,0.036640828707499996,6.285328152081836e-07,Ls,3.3320786293125e-07,1.3074867374860623e-11
":SOUR:DCS:STAT OFF;:BIAS:STAT OFF;:COMP:BIN:COUN:CLE;:LIST:CLE:ALL;:COMP:BIN:CLE;:AMPL:ALC ON;:APER LONG,16;:BIAS:POL:AUTO OFF;:BIAS:RANG:AUTO ON;:BIAS:VOLT:LEV 0;:COMP:ABIN OFF;:COMP:BIN:COUN:STAT OFF;:COMP:MODE PTOL;:COMP:SLIM -9.9e+037,9.9e+037;:COMP:STAT OFF;:COMP:SWAP OFF;:COMP:TOL:NOM 0;:CURR:LEV 0.1;:DISP:ENAB ON;:DISP:LINE """";:DISP:WIND:TEXT1:DATA:FMSD:DATA 1e-009;:DISP:WIND:TEXT2:DATA:FMSD:DATA 1e-009;:FORM:ASC:LONG ON;:FORM:BORD NORM;:FORM:DATA ASC,64;:FREQ:CW 3000;:FUNC:DEV1:MODE OFF;:FUNC:DEV1:REF:VAL 0;:FUNC:DEV2:MODE OFF;:FUNC:DEV2:REF:VAL 0;:FUNC:IMP:TYPE LSRS;:FUNC:SMON:IDC:STAT OFF;:FUNC:SMON:VDC:STAT OFF;:INIT:CONT OFF;:LIST:MODE SEQ;:LIST:STIM:TYPE FREQ,NONE;:SOUR:DCS:VOLT:LEV 0;:TRIG:DEL 0;:TRIG:SOUR INT;:TRIG:TDEL 0;:DISP:WIND:TEXT1:DATA:FMSD:STAT OFF;:DISP:WIND:TEXT2:DATA:FMSD:STAT OFF;:FUNC:DCR:RANG:VAL 100;:FUNC:IMP:RANG:VAL 0.1;:OUTP:DC:ISOL:LEV:VAL 0.1;:OUTP:DC:ISOL:STAT OFF;:FUNC:DCR:RANG:AUTO ON;:FUNC:IMP:RANG:AUTO ON;:OUTP:DC:ISOL:LEV:AUTO ON;:DISP:PAGE MEASurement;
"
5000.0,3.329461083e-07,0.0366810131
5000.0,3.329499897e-07,0.03668049031
5000.0,3.32948283e-07,0.03668090106
5000.0,3.329543958e-07,0.03668084143
5000.0,3.329505491e-07,0.03668043611
5000.0,3.329617263e-07,0.03668001379
5000.0,3.329533961e-07,0.03668027423
5000.0,3.329469042e-07,0.03668030014
5000.0,3.329620912e-07,0.03668007927
5000.0,3.329528983e-07,0.03668029435
5000.0,3.329566822e-07,0.03668009167
5000.0,3.329459806e-07,0.03668017645
5000.0,3.329559221e-07,0.03668056704
5000.0,3.329527498e-07,0.03668035754
5000.0,3.329482146e-07,0.03668058943
5000.0,3.329568077e-07,0.03668060083
Freq,5000,Rs,0.036680439171874996,2.996290578306997e-07,Ls,3.3295266868749997e-07,5.098765365833549e-12
":SOUR:DCS:STAT OFF;:BIAS:STAT OFF;:COMP:BIN:COUN:CLE;:LIST:CLE:ALL;:COMP:BIN:CLE;:AMPL:ALC ON;:APER LONG,16;:BIAS:POL:AUTO OFF;:BIAS:RANG:AUTO ON;:BIAS:VOLT:LEV 0;:COMP:ABIN OFF;:COMP:BIN:COUN:STAT OFF;:COMP:MODE PTOL;:COMP:SLIM -9.9e+037,9.9e+037;:COMP:STAT OFF;:COMP:SWAP OFF;:COMP:TOL:NOM 0;:CURR:LEV 0.1;:DISP:ENAB ON;:DISP:LINE """";:DISP:WIND:TEXT1:DATA:FMSD:DATA 1e-009;:DISP:WIND:TEXT2:DATA:FMSD:DATA 1e-009;:FORM:ASC:LONG ON;:FORM:BORD NORM;:FORM:DATA ASC,64;:FREQ:CW 5000;:FUNC:DEV1:MODE OFF;:FUNC:DEV1:REF:VAL 0;:FUNC:DEV2:MODE OFF;:FUNC:DEV2:REF:VAL 0;:FUNC:IMP:TYPE LSRS;:FUNC:SMON:IDC:STAT OFF;:FUNC:SMON:VDC:STAT OFF;:INIT:CONT OFF;:LIST:MODE SEQ;:LIST:STIM:TYPE FREQ,NONE;:SOUR:DCS:VOLT:LEV 0;:TRIG:DEL 0;:TRIG:SOUR INT;:TRIG:TDEL 0;:DISP:WIND:TEXT1:DATA:FMSD:STAT OFF;:DISP:WIND:TEXT2:DATA:FMSD:STAT OFF;:FUNC:DCR:RANG:VAL 100;:FUNC:IMP:RANG:VAL 0.1;:OUTP:DC:ISOL:LEV:VAL 0.1;:OUTP:DC:ISOL:STAT OFF;:FUNC:DCR:RANG:AUTO ON;:FUNC:IMP:RANG:AUTO ON;:OUTP:DC:ISOL:LEV:AUTO ON;:DISP:PAGE MEASurement;
"
":SOUR:DCS:STAT OFF;:BIAS:STAT OFF;:COMP:BIN:COUN:CLE;:LIST:CLE:ALL;:COMP:BIN:CLE;:AMPL:ALC ON;:APER LONG,16;:BIAS:POL:AUTO OFF;:BIAS:RANG:AUTO ON;:BIAS:VOLT:LEV 0;:COMP:ABIN OFF;:COMP:BIN:COUN:STAT OFF;:COMP:MODE PTOL;:COMP:SLIM -9.9e+037,9.9e+037;:COMP:STAT OFF;:COMP:SWAP OFF;:COMP:TOL:NOM 0;:CURR:LEV 0.1;:DISP:ENAB ON;:DISP:LINE """";:DISP:WIND:TEXT1:DATA:FMSD:DATA 1e-009;:DISP:WIND:TEXT2:DATA:FMSD:DATA 1e-009;:FORM:ASC:LONG ON;:FORM:BORD NORM;:FORM:DATA ASC,64;:FREQ:CW 5000;:FUNC:DEV1:MODE OFF;:FUNC:DEV1:REF:VAL 0;:FUNC:DEV2:MODE OFF;:FUNC:DEV2:REF:VAL 0;:FUNC:IMP:TYPE LSRS;:FUNC:SMON:IDC:STAT OFF;:FUNC:SMON:VDC:STAT OFF;:INIT:CONT OFF;:LIST:MODE SEQ;:LIST:STIM:TYPE FREQ,NONE;:SOUR:DCS:VOLT:LEV 0;:TRIG:DEL 0;:TRIG:SOUR INT;:TRIG:TDEL 0;:DISP:WIND:TEXT1:DATA:FMSD:STAT OFF;:DISP:WIND:TEXT2:DATA:FMSD:STAT OFF;:FUNC:DCR:RANG:VAL 100;:FUNC:IMP:RANG:VAL 0.1;:OUTP:DC:ISOL:LEV:VAL 0.1;:OUTP:DC:ISOL:STAT OFF;:FUNC:DCR:RANG:AUTO ON;:FUNC:IMP:RANG:AUTO ON;:OUTP:DC:ISOL:LEV:AUTO ON;:DISP:PAGE MEASurement;
"
2022-09-19,10:18:05
---------run finished---------
lcr name:,KeySight E4980A
Name and description of Resistor under test: ,BE2
GPIB source:,<bound method MessageBasedResource.read of <'GPIBInstrument'('GPIB0::17::INSTR')>>
2022-09-19,10:30:00
select the freq range,"[50, 100, 200, 300, 500, 800, 1000, 1591.5494309189535, 2000, 3000, 5000]"
lcr name:,KeySight E4980A
Name and description of Resistor under test: ,BM2
GPIB source:,<bound method MessageBasedResource.read of <'GPIBInstrument'('GPIB0::17::INSTR')>>
2022-09-19,10:30:39
select the freq range,"[50, 100, 200, 300, 500, 800, 1000, 1591.5494309189535, 2000, 3000, 5000]"
50.0,3.900136043e-07,0.03666896758
50.0,3.98678461e-07,0.03666409606
50.0,4.076405451e-07,0.03666622263
50.0,4.069700911e-07,0.03666587175
50.0,4.064695282e-07,0.03666350681
50.0,3.975851635e-07,0.03665996161
50.0,3.884025649e-07,0.03666311768
50.0,4.023339861e-07,0.03666359163
50.0,4.068617752e-07,0.0366602704
50.0,4.043608804e-07,0.03665851609
50.0,4.050197517e-07,0.03665972167
50.0,4.001063318e-07,0.03666155114
50.0,3.958126842e-07,0.03666073786
50.0,3.879955912e-07,0.03665871788
50.0,3.866898777e-07,0.03665639104
50.0,3.856941209e-07,0.03665646827
Freq,50,Rs,0.03666173188125,3.5568401615898533e-06,Ls,3.9816468483125e-07,8.070283782666993e-09
":SOUR:DCS:STAT OFF;:BIAS:STAT OFF;:COMP:BIN:COUN:CLE;:LIST:CLE:ALL;:COMP:BIN:CLE;:AMPL:ALC ON;:APER LONG,16;:BIAS:POL:AUTO OFF;:BIAS:RANG:AUTO ON;:BIAS:VOLT:LEV 0;:COMP:ABIN OFF;:COMP:BIN:COUN:STAT OFF;:COMP:MODE PTOL;:COMP:SLIM -9.9e+037,9.9e+037;:COMP:STAT OFF;:COMP:SWAP OFF;:COMP:TOL:NOM 0;:CURR:LEV 0.1;:DISP:ENAB ON;:DISP:LINE """";:DISP:WIND:TEXT1:DATA:FMSD:DATA 1e-009;:DISP:WIND:TEXT2:DATA:FMSD:DATA 1e-009;:FORM:ASC:LONG ON;:FORM:BORD NORM;:FORM:DATA ASC,64;:FREQ:CW 50;:FUNC:DEV1:MODE OFF;:FUNC:DEV1:REF:VAL 0;:FUNC:DEV2:MODE OFF;:FUNC:DEV2:REF:VAL 0;:FUNC:IMP:TYPE LSRS;:FUNC:SMON:IDC:STAT OFF;:FUNC:SMON:VDC:STAT OFF;:INIT:CONT OFF;:LIST:MODE SEQ;:LIST:STIM:TYPE FREQ,NONE;:SOUR:DCS:VOLT:LEV 0;:TRIG:DEL 0;:TRIG:SOUR INT;:TRIG:TDEL 0;:DISP:WIND:TEXT1:DATA:FMSD:STAT OFF;:DISP:WIND:TEXT2:DATA:FMSD:STAT OFF;:FUNC:DCR:RANG:VAL 100;:FUNC:IMP:RANG:VAL 0.1;:OUTP:DC:ISOL:LEV:VAL 0.1;:OUTP:DC:ISOL:STAT OFF;:FUNC:DCR:RANG:AUTO ON;:FUNC:IMP:RANG:AUTO ON;:OUTP:DC:ISOL:LEV:AUTO ON;:DISP:PAGE MEASurement;
"
100.0,3.549239003e-07,0.03663594308
100.0,3.555703905e-07,0.03663524724
100.0,3.553802265e-07,0.03663470565
100.0,3.545184996e-07,0.03663467929
100.0,3.54376985e-07,0.03663434887
100.0,3.555359743e-07,0.03663342554
100.0,3.546529398e-07,0.03663313609
100.0,3.546046624e-07,0.03663238867
100.0,3.546754469e-07,0.03663233169
100.0,3.554613158e-07,0.03663081082
100.0,3.555264279e-07,0.03663063535
100.0,3.552949226e-07,0.03663074704
100.0,3.550573213e-07,0.03662980367
100.0,3.547550518e-07,0.03662942122
100.0,3.55529828e-07,0.03662892179
100.0,3.553535679e-07,0.03662838945
Freq,100,Rs,0.036632183466249996,2.421926388839563e-06,Ls,3.550760912875e-07,4.257023911319039e-10
":SOUR:DCS:STAT OFF;:BIAS:STAT OFF;:COMP:BIN:COUN:CLE;:LIST:CLE:ALL;:COMP:BIN:CLE;:AMPL:ALC ON;:APER LONG,16;:BIAS:POL:AUTO OFF;:BIAS:RANG:AUTO ON;:BIAS:VOLT:LEV 0;:COMP:ABIN OFF;:COMP:BIN:COUN:STAT OFF;:COMP:MODE PTOL;:COMP:SLIM -9.9e+037,9.9e+037;:COMP:STAT OFF;:COMP:SWAP OFF;:COMP:TOL:NOM 0;:CURR:LEV 0.1;:DISP:ENAB ON;:DISP:LINE """";:DISP:WIND:TEXT1:DATA:FMSD:DATA 1e-009;:DISP:WIND:TEXT2:DATA:FMSD:DATA 1e-009;:FORM:ASC:LONG ON;:FORM:BORD NORM;:FORM:DATA ASC,64;:FREQ:CW 100;:FUNC:DEV1:MODE OFF;:FUNC:DEV1:REF:VAL 0;:FUNC:DEV2:MODE OFF;:FUNC:DEV2:REF:VAL 0;:FUNC:IMP:TYPE LSRS;:FUNC:SMON:IDC:STAT OFF;:FUNC:SMON:VDC:STAT OFF;:INIT:CONT OFF;:LIST:MODE SEQ;:LIST:STIM:TYPE FREQ,NONE;:SOUR:DCS:VOLT:LEV 0;:TRIG:DEL 0;:TRIG:SOUR INT;:TRIG:TDEL 0;:DISP:WIND:TEXT1:DATA:FMSD:STAT OFF;:DISP:WIND:TEXT2:DATA:FMSD:STAT OFF;:FUNC:DCR:RANG:VAL 100;:FUNC:IMP:RANG:VAL 0.1;:OUTP:DC:ISOL:LEV:VAL 0.1;:OUTP:DC:ISOL:STAT OFF;:FUNC:DCR:RANG:AUTO ON;:FUNC:IMP:RANG:AUTO ON;:OUTP:DC:ISOL:LEV:AUTO ON;:DISP:PAGE MEASurement;
"
200.0,3.524700299e-07,0.03665051946
200.0,3.524313147e-07,0.03665001344
200.0,3.52445653e-07,0.03664977589
200.0,3.523274067e-07,0.0366495991
200.0,3.525716042e-07,0.03664924123
200.0,3.526818992e-07,0.03664905403
200.0,3.526460272e-07,0.03664864277
200.0,3.524633328e-07,0.03664794346
200.0,3.524467533e-07,0.03664782006
200.0,3.528177767e-07,0.03664764492
200.0,3.525665987e-07,0.03664708419
200.0,3.527169619e-07,0.03664673551
200.0,3.52732488e-07,0.03664631346
200.0,3.524486486e-07,0.03664607727
200.0,3.522614557e-07,0.03664542226
200.0,3.526551083e-07,0.03664535271
Freq,200,Rs,0.036647952484999996,1.6720183935270435e-06,Ls,3.5254269118125e-07,1.5557526281257983e-10
":SOUR:DCS:STAT OFF;:BIAS:STAT OFF;:COMP:BIN:COUN:CLE;:LIST:CLE:ALL;:COMP:BIN:CLE;:AMPL:ALC ON;:APER LONG,16;:BIAS:POL:AUTO OFF;:BIAS:RANG:AUTO ON;:BIAS:VOLT:LEV 0;:COMP:ABIN OFF;:COMP:BIN:COUN:STAT OFF;:COMP:MODE PTOL;:COMP:SLIM -9.9e+037,9.9e+037;:COMP:STAT OFF;:COMP:SWAP OFF;:COMP:TOL:NOM 0;:CURR:LEV 0.1;:DISP:ENAB ON;:DISP:LINE """";:DISP:WIND:TEXT1:DATA:FMSD:DATA 1e-009;:DISP:WIND:TEXT2:DATA:FMSD:DATA 1e-009;:FORM:ASC:LONG ON;:FORM:BORD NORM;:FORM:DATA ASC,64;:FREQ:CW 200;:FUNC:DEV1:MODE OFF;:FUNC:DEV1:REF:VAL 0;:FUNC:DEV2:MODE OFF;:FUNC:DEV2:REF:VAL 0;:FUNC:IMP:TYPE LSRS;:FUNC:SMON:IDC:STAT OFF;:FUNC:SMON:VDC:STAT OFF;:INIT:CONT OFF;:LIST:MODE SEQ;:LIST:STIM:TYPE FREQ,NONE;:SOUR:DCS:VOLT:LEV 0;:TRIG:DEL 0;:TRIG:SOUR INT;:TRIG:TDEL 0;:DISP:WIND:TEXT1:DATA:FMSD:STAT OFF;:DISP:WIND:TEXT2:DATA:FMSD:STAT OFF;:FUNC:DCR:RANG:VAL 100;:FUNC:IMP:RANG:VAL 0.1;:OUTP:DC:ISOL:LEV:VAL 0.1;:OUTP:DC:ISOL:STAT OFF;:FUNC:DCR:RANG:AUTO ON;:FUNC:IMP:RANG:AUTO ON;:OUTP:DC:ISOL:LEV:AUTO ON;:DISP:PAGE MEASurement;
"
300.0,3.405321195e-07,0.03665145245
300.0,3.405578979e-07,0.03665098474
300.0,3.405299889e-07,0.03665077011
300.0,3.405853197e-07,0.03665073935
300.0,3.40687962e-07,0.03665058972
300.0,3.407099561e-07,0.03664998416
300.0,3.40600729e-07,0.03664983315
300.0,3.406912562e-07,0.03664963574
300.0,3.405848487e-07,0.03664933003
300.0,3.40578183e-07,0.03664912701
300.0,3.404581019e-07,0.03664860162
300.0,3.40663185e-07,0.03664862438
300.0,3.407057996e-07,0.03664830222
300.0,3.406491549e-07,0.03664809629
300.0,3.405757791e-07,0.03664733728
300.0,3.406313064e-07,0.03664711689
Freq,300,Rs,0.03664940782125,1.3186989527664534e-06,Ls,3.4060884924375e-07,7.230021303274405e-11
":SOUR:DCS:STAT OFF;:BIAS:STAT OFF;:COMP:BIN:COUN:CLE;:LIST:CLE:ALL;:COMP:BIN:CLE;:AMPL:ALC ON;:APER LONG,16;:BIAS:POL:AUTO OFF;:BIAS:RANG:AUTO ON;:BIAS:VOLT:LEV 0;:COMP:ABIN OFF;:COMP:BIN:COUN:STAT OFF;:COMP:MODE PTOL;:COMP:SLIM -9.9e+037,9.9e+037;:COMP:STAT OFF;:COMP:SWAP OFF;:COMP:TOL:NOM 0;:CURR:LEV 0.1;:DISP:ENAB ON;:DISP:LINE """";:DISP:WIND:TEXT1:DATA:FMSD:DATA 1e-009;:DISP:WIND:TEXT2:DATA:FMSD:DATA 1e-009;:FORM:ASC:LONG ON;:FORM:BORD NORM;:FORM:DATA ASC,64;:FREQ:CW 300;:FUNC:DEV1:MODE OFF;:FUNC:DEV1:REF:VAL 0;:FUNC:DEV2:MODE OFF;:FUNC:DEV2:REF:VAL 0;:FUNC:IMP:TYPE LSRS;:FUNC:SMON:IDC:STAT OFF;:FUNC:SMON:VDC:STAT OFF;:INIT:CONT OFF;:LIST:MODE SEQ;:LIST:STIM:TYPE FREQ,NONE;:SOUR:DCS:VOLT:LEV 0;:TRIG:DEL 0;:TRIG:SOUR INT;:TRIG:TDEL 0;:DISP:WIND:TEXT1:DATA:FMSD:STAT OFF;:DISP:WIND:TEXT2:DATA:FMSD:STAT OFF;:FUNC:DCR:RANG:VAL 100;:FUNC:IMP:RANG:VAL 0.1;:OUTP:DC:ISOL:LEV:VAL 0.1;:OUTP:DC:ISOL:STAT OFF;:FUNC:DCR:RANG:AUTO ON;:FUNC:IMP:RANG:AUTO ON;:OUTP:DC:ISOL:LEV:AUTO ON;:DISP:PAGE MEASurement;
"
500.0,3.343010232e-07,0.03665785568
500.0,3.343667661e-07,0.03665767556
500.0,3.343056225e-07,0.03665751467
500.0,3.343476096e-07,0.0366572765
500.0,3.343325434e-07,0.03665689491
500.0,3.343329997e-07,0.03665712327
500.0,3.343392306e-07,0.03665683239
500.0,3.343560908e-07,0.03665683009
500.0,3.343316234e-07,0.03665665375
500.0,3.342184708e-07,0.03665661226
500.0,3.344017529e-07,0.0366563582
500.0,3.343641819e-07,0.03665629257
500.0,3.343072578e-07,0.03665595666
500.0,3.343197734e-07,0.03665579675
500.0,3.342728505e-07,0.03665571856
500.0,3.342631496e-07,0.0366554316
Freq,500,Rs,0.036656676463749996,7.192231661898583e-07,Ls,3.3432255913750003e-07,4.4800603180193873e-11
":SOUR:DCS:STAT OFF;:BIAS:STAT OFF;:COMP:BIN:COUN:CLE;:LIST:CLE:ALL;:COMP:BIN:CLE;:AMPL:ALC ON;:APER LONG,16;:BIAS:POL:AUTO OFF;:BIAS:RANG:AUTO ON;:BIAS:VOLT:LEV 0;:COMP:ABIN OFF;:COMP:BIN:COUN:STAT OFF;:COMP:MODE PTOL;:COMP:SLIM -9.9e+037,9.9e+037;:COMP:STAT OFF;:COMP:SWAP OFF;:COMP:TOL:NOM 0;:CURR:LEV 0.1;:DISP:ENAB ON;:DISP:LINE """";:DISP:WIND:TEXT1:DATA:FMSD:DATA 1e-009;:DISP:WIND:TEXT2:DATA:FMSD:DATA 1e-009;:FORM:ASC:LONG ON;:FORM:BORD NORM;:FORM:DATA ASC,64;:FREQ:CW 500;:FUNC:DEV1:MODE OFF;:FUNC:DEV1:REF:VAL 0;:FUNC:DEV2:MODE OFF;:FUNC:DEV2:REF:VAL 0;:FUNC:IMP:TYPE LSRS;:FUNC:SMON:IDC:STAT OFF;:FUNC:SMON:VDC:STAT OFF;:INIT:CONT OFF;:LIST:MODE SEQ;:LIST:STIM:TYPE FREQ,NONE;:SOUR:DCS:VOLT:LEV 0;:TRIG:DEL 0;:TRIG:SOUR INT;:TRIG:TDEL 0;:DISP:WIND:TEXT1:DATA:FMSD:STAT OFF;:DISP:WIND:TEXT2:DATA:FMSD:STAT OFF;:FUNC:DCR:RANG:VAL 100;:FUNC:IMP:RANG:VAL 0.1;:OUTP:DC:ISOL:LEV:VAL 0.1;:OUTP:DC:ISOL:STAT OFF;:FUNC:DCR:RANG:AUTO ON;:FUNC:IMP:RANG:AUTO ON;:OUTP:DC:ISOL:LEV:AUTO ON;:DISP:PAGE MEASurement;
"
800.0,3.324084297e-07,0.03666275648
800.0,3.324215266e-07,0.03666225489
800.0,3.324010907e-07,0.0366624016
800.0,3.323876697e-07,0.03666206848
800.0,3.32391527e-07,0.03666199864
800.0,3.324160059e-07,0.03666186909
800.0,3.323850149e-07,0.0366618077
800.0,3.323611665e-07,0.03666190624
800.0,3.324339233e-07,0.03666152072
800.0,3.324203769e-07,0.03666129072
800.0,3.32419366e-07,0.03666123326
800.0,3.324110744e-07,0.03666106562
800.0,3.324033226e-07,0.03666110709
800.0,3.324128346e-07,0.0366609094
800.0,3.324533195e-07,0.03666105597
800.0,3.324082319e-07,0.03666093095
Freq,800,Rs,0.036661636053125,5.751113546290493e-07,Ls,3.324084300125e-07,2.1231117923057595e-11
":SOUR:DCS:STAT OFF;:BIAS:STAT OFF;:COMP:BIN:COUN:CLE;:LIST:CLE:ALL;:COMP:BIN:CLE;:AMPL:ALC ON;:APER LONG,16;:BIAS:POL:AUTO OFF;:BIAS:RANG:AUTO ON;:BIAS:VOLT:LEV 0;:COMP:ABIN OFF;:COMP:BIN:COUN:STAT OFF;:COMP:MODE PTOL;:COMP:SLIM -9.9e+037,9.9e+037;:COMP:STAT OFF;:COMP:SWAP OFF;:COMP:TOL:NOM 0;:CURR:LEV 0.1;:DISP:ENAB ON;:DISP:LINE """";:DISP:WIND:TEXT1:DATA:FMSD:DATA 1e-009;:DISP:WIND:TEXT2:DATA:FMSD:DATA 1e-009;:FORM:ASC:LONG ON;:FORM:BORD NORM;:FORM:DATA ASC,64;:FREQ:CW 800;:FUNC:DEV1:MODE OFF;:FUNC:DEV1:REF:VAL 0;:FUNC:DEV2:MODE OFF;:FUNC:DEV2:REF:VAL 0;:FUNC:IMP:TYPE LSRS;:FUNC:SMON:IDC:STAT OFF;:FUNC:SMON:VDC:STAT OFF;:INIT:CONT OFF;:LIST:MODE SEQ;:LIST:STIM:TYPE FREQ,NONE;:SOUR:DCS:VOLT:LEV 0;:TRIG:DEL 0;:TRIG:SOUR INT;:TRIG:TDEL 0;:DISP:WIND:TEXT1:DATA:FMSD:STAT OFF;:DISP:WIND:TEXT2:DATA:FMSD:STAT OFF;:FUNC:DCR:RANG:VAL 100;:FUNC:IMP:RANG:VAL 0.1;:OUTP:DC:ISOL:LEV:VAL 0.1;:OUTP:DC:ISOL:STAT OFF;:FUNC:DCR:RANG:AUTO ON;:FUNC:IMP:RANG:AUTO ON;:OUTP:DC:ISOL:LEV:AUTO ON;:DISP:PAGE MEASurement;
"
1000.0,3.317189835e-07,0.03665255087
1000.0,3.316819927e-07,0.03665225883
1000.0,3.317218744e-07,0.03665234
1000.0,3.317025344e-07,0.03665220626
1000.0,3.31673733e-07,0.03665185157
1000.0,3.316928934e-07,0.0366516835
1000.0,3.317085796e-07,0.03665164568
1000.0,3.316964396e-07,0.03665159868
1000.0,3.317079375e-07,0.03665151616
1000.0,3.316663762e-07,0.03665129276
1000.0,3.316866616e-07,0.03665133637
1000.0,3.316687013e-07,0.03665122971
1000.0,3.316409838e-07,0.03665123974
1000.0,3.316949265e-07,0.03665100628
1000.0,3.316899008e-07,0.03665085245
1000.0,3.31674582e-07,0.03665079873
Freq,1000,Rs,0.036651587974375,5.363203351345866e-07,Ls,3.3168919376874996e-07,2.1190730329011794e-11
":SOUR:DCS:STAT OFF;:BIAS:STAT OFF;:COMP:BIN:COUN:CLE;:LIST:CLE:ALL;:COMP:BIN:CLE;:AMPL:ALC ON;:APER LONG,16;:BIAS:POL:AUTO OFF;:BIAS:RANG:AUTO ON;:BIAS:VOLT:LEV 0;:COMP:ABIN OFF;:COMP:BIN:COUN:STAT OFF;:COMP:MODE PTOL;:COMP:SLIM -9.9e+037,9.9e+037;:COMP:STAT OFF;:COMP:SWAP OFF;:COMP:TOL:NOM 0;:CURR:LEV 0.1;:DISP:ENAB ON;:DISP:LINE """";:DISP:WIND:TEXT1:DATA:FMSD:DATA 1e-009;:DISP:WIND:TEXT2:DATA:FMSD:DATA 1e-009;:FORM:ASC:LONG ON;:FORM:BORD NORM;:FORM:DATA ASC,64;:FREQ:CW 1000;:FUNC:DEV1:MODE OFF;:FUNC:DEV1:REF:VAL 0;:FUNC:DEV2:MODE OFF;:FUNC:DEV2:REF:VAL 0;:FUNC:IMP:TYPE LSRS;:FUNC:SMON:IDC:STAT OFF;:FUNC:SMON:VDC:STAT OFF;:INIT:CONT OFF;:LIST:MODE SEQ;:LIST:STIM:TYPE FREQ,NONE;:SOUR:DCS:VOLT:LEV 0;:TRIG:DEL 0;:TRIG:SOUR INT;:TRIG:TDEL 0;:DISP:WIND:TEXT1:DATA:FMSD:STAT OFF;:DISP:WIND:TEXT2:DATA:FMSD:STAT OFF;:FUNC:DCR:RANG:VAL 100;:FUNC:IMP:RANG:VAL 0.1;:OUTP:DC:ISOL:LEV:VAL 0.1;:OUTP:DC:ISOL:STAT OFF;:FUNC:DCR:RANG:AUTO ON;:FUNC:IMP:RANG:AUTO ON;:OUTP:DC:ISOL:LEV:AUTO ON;:DISP:PAGE MEASurement;
"
1591.5494309189535,3.317872099e-07,0.03664914804
1591.5494309189535,3.317505255e-07,0.03664890503
1591.5494309189535,3.317836891e-07,0.03664880212
1591.5494309189535,3.317596085e-07,0.03664854407
1591.5494309189535,3.317682621e-07,0.03664834409
1591.5494309189535,3.317686546e-07,0.03664830614
1591.5494309189535,3.317882342e-07,0.03664807558
1591.5494309189535,3.31766941e-07,0.03664808877
1591.5494309189535,3.317558464e-07,0.03664783958
1591.5494309189535,3.31760829e-07,0.03664776485
1591.5494309189535,3.317700081e-07,0.03664773647
1591.5494309189535,3.317676538e-07,0.03664759522
1591.5494309189535,3.317748504e-07,0.03664752188
1591.5494309189535,3.317739364e-07,0.03664734854
1591.5494309189535,3.317597018e-07,0.0366472884
1591.5494309189535,3.317653878e-07,0.03664726205
Freq,1591.5494309189535,Rs,0.036648035676874996,5.944240397195882e-07,Ls,3.317688336625e-07,1.0807414948754542e-11
":SOUR:DCS:STAT OFF;:BIAS:STAT OFF;:COMP:BIN:COUN:CLE;:LIST:CLE:ALL;:COMP:BIN:CLE;:AMPL:ALC ON;:APER LONG,16;:BIAS:POL:AUTO OFF;:BIAS:RANG:AUTO ON;:BIAS:VOLT:LEV 0;:COMP:ABIN OFF;:COMP:BIN:COUN:STAT OFF;:COMP:MODE PTOL;:COMP:SLIM -9.9e+037,9.9e+037;:COMP:STAT OFF;:COMP:SWAP OFF;:COMP:TOL:NOM 0;:CURR:LEV 0.1;:DISP:ENAB ON;:DISP:LINE """";:DISP:WIND:TEXT1:DATA:FMSD:DATA 1e-009;:DISP:WIND:TEXT2:DATA:FMSD:DATA 1e-009;:FORM:ASC:LONG ON;:FORM:BORD NORM;:FORM:DATA ASC,64;:FREQ:CW 1592;:FUNC:DEV1:MODE OFF;:FUNC:DEV1:REF:VAL 0;:FUNC:DEV2:MODE OFF;:FUNC:DEV2:REF:VAL 0;:FUNC:IMP:TYPE LSRS;:FUNC:SMON:IDC:STAT OFF;:FUNC:SMON:VDC:STAT OFF;:INIT:CONT OFF;:LIST:MODE SEQ;:LIST:STIM:TYPE FREQ,NONE;:SOUR:DCS:VOLT:LEV 0;:TRIG:DEL 0;:TRIG:SOUR INT;:TRIG:TDEL 0;:DISP:WIND:TEXT1:DATA:FMSD:STAT OFF;:DISP:WIND:TEXT2:DATA:FMSD:STAT OFF;:FUNC:DCR:RANG:VAL 100;:FUNC:IMP:RANG:VAL 0.1;:OUTP:DC:ISOL:LEV:VAL 0.1;:OUTP:DC:ISOL:STAT OFF;:FUNC:DCR:RANG:AUTO ON;:FUNC:IMP:RANG:AUTO ON;:OUTP:DC:ISOL:LEV:AUTO ON;:DISP:PAGE MEASurement;
"
2000.0,3.323152389e-07,0.03665310295
2000.0,3.323309663e-07,0.03665282196
2000.0,3.323099978e-07,0.036652477
2000.0,3.323132948e-07,0.036652558
2000.0,3.323093451e-07,0.03665254492
2000.0,3.323159844e-07,0.0366526527
2000.0,3.323272917e-07,0.03665261676
2000.0,3.323012783e-07,0.03665244204
2000.0,3.323106461e-07,0.03665262283
2000.0,3.323014223e-07,0.03665256914
2000.0,3.323194197e-07,0.03665227434
2000.0,3.323052137e-07,0.03665218194
2000.0,3.322939999e-07,0.03665214379
2000.0,3.323116005e-07,0.03665216855
2000.0,3.323039503e-07,0.03665183759
2000.0,3.323159638e-07,0.03665175085
Freq,2000,Rs,0.036652422835000004,3.489857541511074e-07,Ls,3.3231160085e-07,9.537858758439829e-12
":SOUR:DCS:STAT OFF;:BIAS:STAT OFF;:COMP:BIN:COUN:CLE;:LIST:CLE:ALL;:COMP:BIN:CLE;:AMPL:ALC ON;:APER LONG,16;:BIAS:POL:AUTO OFF;:BIAS:RANG:AUTO ON;:BIAS:VOLT:LEV 0;:COMP:ABIN OFF;:COMP:BIN:COUN:STAT OFF;:COMP:MODE PTOL;:COMP:SLIM -9.9e+037,9.9e+037;:COMP:STAT OFF;:COMP:SWAP OFF;:COMP:TOL:NOM 0;:CURR:LEV 0.1;:DISP:ENAB ON;:DISP:LINE """";:DISP:WIND:TEXT1:DATA:FMSD:DATA 1e-009;:DISP:WIND:TEXT2:DATA:FMSD:DATA 1e-009;:FORM:ASC:LONG ON;:FORM:BORD NORM;:FORM:DATA ASC,64;:FREQ:CW 2000;:FUNC:DEV1:MODE OFF;:FUNC:DEV1:REF:VAL 0;:FUNC:DEV2:MODE OFF;:FUNC:DEV2:REF:VAL 0;:FUNC:IMP:TYPE LSRS;:FUNC:SMON:IDC:STAT OFF;:FUNC:SMON:VDC:STAT OFF;:INIT:CONT OFF;:LIST:MODE SEQ;:LIST:STIM:TYPE FREQ,NONE;:SOUR:DCS:VOLT:LEV 0;:TRIG:DEL 0;:TRIG:SOUR INT;:TRIG:TDEL 0;:DISP:WIND:TEXT1:DATA:FMSD:STAT OFF;:DISP:WIND:TEXT2:DATA:FMSD:STAT OFF;:FUNC:DCR:RANG:VAL 100;:FUNC:IMP:RANG:VAL 0.1;:OUTP:DC:ISOL:LEV:VAL 0.1;:OUTP:DC:ISOL:STAT OFF;:FUNC:DCR:RANG:AUTO ON;:FUNC:IMP:RANG:AUTO ON;:OUTP:DC:ISOL:LEV:AUTO ON;:DISP:PAGE MEASurement;
"
3000.0,3.325131448e-07,0.0366536235
3000.0,3.325096475e-07,0.03665361493
3000.0,3.325071655e-07,0.03665361952
3000.0,3.325161162e-07,0.03665378906
3000.0,3.32527591e-07,0.03665341744
3000.0,3.325021496e-07,0.03665363293
3000.0,3.325016325e-07,0.03665354786
3000.0,3.325108525e-07,0.03665354805
3000.0,3.325317936e-07,0.03665340575
3000.0,3.325274029e-07,0.03665335257
3000.0,3.325080611e-07,0.03665304639
3000.0,3.325010332e-07,0.03665307751
3000.0,3.325049758e-07,0.03665277043
3000.0,3.325103924e-07,0.03665301964
3000.0,3.325162005e-07,0.03665319371
3000.0,3.325159541e-07,0.03665289059
Freq,3000,Rs,0.0366533468675,3.0803522687069814e-07,Ls,3.32512757075e-07,9.440782538296966e-12
":SOUR:DCS:STAT OFF;:BIAS:STAT OFF;:COMP:BIN:COUN:CLE;:LIST:CLE:ALL;:COMP:BIN:CLE;:AMPL:ALC ON;:APER LONG,16;:BIAS:POL:AUTO OFF;:BIAS:RANG:AUTO ON;:BIAS:VOLT:LEV 0;:COMP:ABIN OFF;:COMP:BIN:COUN:STAT OFF;:COMP:MODE PTOL;:COMP:SLIM -9.9e+037,9.9e+037;:COMP:STAT OFF;:COMP:SWAP OFF;:COMP:TOL:NOM 0;:CURR:LEV 0.1;:DISP:ENAB ON;:DISP:LINE """";:DISP:WIND:TEXT1:DATA:FMSD:DATA 1e-009;:DISP:WIND:TEXT2:DATA:FMSD:DATA 1e-009;:FORM:ASC:LONG ON;:FORM:BORD NORM;:FORM:DATA ASC,64;:FREQ:CW 3000;:FUNC:DEV1:MODE OFF;:FUNC:DEV1:REF:VAL 0;:FUNC:DEV2:MODE OFF;:FUNC:DEV2:REF:VAL 0;:FUNC:IMP:TYPE LSRS;:FUNC:SMON:IDC:STAT OFF;:FUNC:SMON:VDC:STAT OFF;:INIT:CONT OFF;:LIST:MODE SEQ;:LIST:STIM:TYPE FREQ,NONE;:SOUR:DCS:VOLT:LEV 0;:TRIG:DEL 0;:TRIG:SOUR INT;:TRIG:TDEL 0;:DISP:WIND:TEXT1:DATA:FMSD:STAT OFF;:DISP:WIND:TEXT2:DATA:FMSD:STAT OFF;:FUNC:DCR:RANG:VAL 100;:FUNC:IMP:RANG:VAL 0.1;:OUTP:DC:ISOL:LEV:VAL 0.1;:OUTP:DC:ISOL:STAT OFF;:FUNC:DCR:RANG:AUTO ON;:FUNC:IMP:RANG:AUTO ON;:OUTP:DC:ISOL:LEV:AUTO ON;:DISP:PAGE MEASurement;
"
5000.0,3.322375164e-07,0.03669467946
5000.0,3.322377469e-07,0.03669443102
5000.0,3.322314837e-07,0.03669510643
5000.0,3.322275133e-07,0.03669473515
5000.0,3.322419273e-07,0.03669448278
5000.0,3.322358102e-07,0.03669461847
5000.0,3.322352588e-07,0.03669444227
5000.0,3.322298695e-07,0.03669453262
5000.0,3.32233562e-07,0.03669462438
5000.0,3.322387082e-07,0.03669397373
5000.0,3.322359038e-07,0.03669443611
5000.0,3.32230897e-07,0.03669376834
5000.0,3.322362093e-07,0.03669432126
5000.0,3.322413809e-07,0.03669381612
5000.0,3.322307724e-07,0.03669377245
5000.0,3.322347874e-07,0.03669393354
Freq,5000,Rs,0.036694354633124995,3.9347389524014637e-07,Ls,3.3223495919375e-07,4.089541068537311e-12
":SOUR:DCS:STAT OFF;:BIAS:STAT OFF;:COMP:BIN:COUN:CLE;:LIST:CLE:ALL;:COMP:BIN:CLE;:AMPL:ALC ON;:APER LONG,16;:BIAS:POL:AUTO OFF;:BIAS:RANG:AUTO ON;:BIAS:VOLT:LEV 0;:COMP:ABIN OFF;:COMP:BIN:COUN:STAT OFF;:COMP:MODE PTOL;:COMP:SLIM -9.9e+037,9.9e+037;:COMP:STAT OFF;:COMP:SWAP OFF;:COMP:TOL:NOM 0;:CURR:LEV 0.1;:DISP:ENAB ON;:DISP:LINE """";:DISP:WIND:TEXT1:DATA:FMSD:DATA 1e-009;:DISP:WIND:TEXT2:DATA:FMSD:DATA 1e-009;:FORM:ASC:LONG ON;:FORM:BORD NORM;:FORM:DATA ASC,64;:FREQ:CW 5000;:FUNC:DEV1:MODE OFF;:FUNC:DEV1:REF:VAL 0;:FUNC:DEV2:MODE OFF;:FUNC:DEV2:REF:VAL 0;:FUNC:IMP:TYPE LSRS;:FUNC:SMON:IDC:STAT OFF;:FUNC:SMON:VDC:STAT OFF;:INIT:CONT OFF;:LIST:MODE SEQ;:LIST:STIM:TYPE FREQ,NONE;:SOUR:DCS:VOLT:LEV 0;:TRIG:DEL 0;:TRIG:SOUR INT;:TRIG:TDEL 0;:DISP:WIND:TEXT1:DATA:FMSD:STAT OFF;:DISP:WIND:TEXT2:DATA:FMSD:STAT OFF;:FUNC:DCR:RANG:VAL 100;:FUNC:IMP:RANG:VAL 0.1;:OUTP:DC:ISOL:LEV:VAL 0.1;:OUTP:DC:ISOL:STAT OFF;:FUNC:DCR:RANG:AUTO ON;:FUNC:IMP:RANG:AUTO ON;:OUTP:DC:ISOL:LEV:AUTO ON;:DISP:PAGE MEASurement;
"
":SOUR:DCS:STAT OFF;:BIAS:STAT OFF;:COMP:BIN:COUN:CLE;:LIST:CLE:ALL;:COMP:BIN:CLE;:AMPL:ALC ON;:APER LONG,16;:BIAS:POL:AUTO OFF;:BIAS:RANG:AUTO ON;:BIAS:VOLT:LEV 0;:COMP:ABIN OFF;:COMP:BIN:COUN:STAT OFF;:COMP:MODE PTOL;:COMP:SLIM -9.9e+037,9.9e+037;:COMP:STAT OFF;:COMP:SWAP OFF;:COMP:TOL:NOM 0;:CURR:LEV 0.1;:DISP:ENAB ON;:DISP:LINE """";:DISP:WIND:TEXT1:DATA:FMSD:DATA 1e-009;:DISP:WIND:TEXT2:DATA:FMSD:DATA 1e-009;:FORM:ASC:LONG ON;:FORM:BORD NORM;:FORM:DATA ASC,64;:FREQ:CW 5000;:FUNC:DEV1:MODE OFF;:FUNC:DEV1:REF:VAL 0;:FUNC:DEV2:MODE OFF;:FUNC:DEV2:REF:VAL 0;:FUNC:IMP:TYPE LSRS;:FUNC:SMON:IDC:STAT OFF;:FUNC:SMON:VDC:STAT OFF;:INIT:CONT OFF;:LIST:MODE SEQ;:LIST:STIM:TYPE FREQ,NONE;:SOUR:DCS:VOLT:LEV 0;:TRIG:DEL 0;:TRIG:SOUR INT;:TRIG:TDEL 0;:DISP:WIND:TEXT1:DATA:FMSD:STAT OFF;:DISP:WIND:TEXT2:DATA:FMSD:STAT OFF;:FUNC:DCR:RANG:VAL 100;:FUNC:IMP:RANG:VAL 0.1;:OUTP:DC:ISOL:LEV:VAL 0.1;:OUTP:DC:ISOL:STAT OFF;:FUNC:DCR:RANG:AUTO ON;:FUNC:IMP:RANG:AUTO ON;:OUTP:DC:ISOL:LEV:AUTO ON;:DISP:PAGE MEASurement;
"
2022-09-19,10:41:56
---------run finished---------
lcr name:,KeySight E4980A
Name and description of Resistor under test: ,BM2R
GPIB source:,<bound method MessageBasedResource.read of <'GPIBInstrument'('GPIB0::17::INSTR')>>
2022-09-19,10:49:59
select the freq range,"[50, 100, 200, 300, 500, 800, 1000, 1591.5494309189535, 2000, 3000, 5000]"
50.0,4.010676394e-07,0.03651092485
50.0,3.903578228e-07,0.03651042816
50.0,3.875720464e-07,0.03650852069
50.0,3.927500753e-07,0.03650515928
50.0,4.028284325e-07,0.03650366966
50.0,4.065054046e-07,0.03650375858
50.0,4.019090082e-07,0.03650268954
50.0,3.954822769e-07,0.03650265849
50.0,3.882318221e-07,0.03650400417
50.0,3.879023348e-07,0.03650499917
50.0,3.910891215e-07,0.0365059044
50.0,3.916574874e-07,0.03650459707
50.0,3.885503641e-07,0.03650293267
50.0,3.899307187e-07,0.03649947359
50.0,3.997503926e-07,0.03649811025
50.0,4.021004621e-07,0.0364975661
Freq,50,Rs,0.036504087291875,3.8062334531253242e-06,Ls,3.948553380875e-07,6.443726706613873e-09
":SOUR:DCS:STAT OFF;:BIAS:STAT OFF;:COMP:BIN:COUN:CLE;:LIST:CLE:ALL;:COMP:BIN:CLE;:AMPL:ALC ON;:APER LONG,16;:BIAS:POL:AUTO OFF;:BIAS:RANG:AUTO ON;:BIAS:VOLT:LEV 0;:COMP:ABIN OFF;:COMP:BIN:COUN:STAT OFF;:COMP:MODE PTOL;:COMP:SLIM -9.9e+037,9.9e+037;:COMP:STAT OFF;:COMP:SWAP OFF;:COMP:TOL:NOM 0;:CURR:LEV 0.1;:DISP:ENAB ON;:DISP:LINE """";:DISP:WIND:TEXT1:DATA:FMSD:DATA 1e-009;:DISP:WIND:TEXT2:DATA:FMSD:DATA 1e-009;:FORM:ASC:LONG ON;:FORM:BORD NORM;:FORM:DATA ASC,64;:FREQ:CW 50;:FUNC:DEV1:MODE OFF;:FUNC:DEV1:REF:VAL 0;:FUNC:DEV2:MODE OFF;:FUNC:DEV2:REF:VAL 0;:FUNC:IMP:TYPE LSRS;:FUNC:SMON:IDC:STAT OFF;:FUNC:SMON:VDC:STAT OFF;:INIT:CONT OFF;:LIST:MODE SEQ;:LIST:STIM:TYPE FREQ,NONE;:SOUR:DCS:VOLT:LEV 0;:TRIG:DEL 0;:TRIG:SOUR INT;:TRIG:TDEL 0;:DISP:WIND:TEXT1:DATA:FMSD:STAT OFF;:DISP:WIND:TEXT2:DATA:FMSD:STAT OFF;:FUNC:DCR:RANG:VAL 100;:FUNC:IMP:RANG:VAL 0.1;:OUTP:DC:ISOL:LEV:VAL 0.1;:OUTP:DC:ISOL:STAT OFF;:FUNC:DCR:RANG:AUTO ON;:FUNC:IMP:RANG:AUTO ON;:OUTP:DC:ISOL:LEV:AUTO ON;:DISP:PAGE MEASurement;
"
100.0,3.55721904e-07,0.03648004284
100.0,3.555722877e-07,0.03647896008
100.0,3.554454757e-07,0.0364781736
100.0,3.558998992e-07,0.03647732386
100.0,3.552891402e-07,0.03647718611
100.0,3.547947628e-07,0.0364765684
100.0,3.552045444e-07,0.03647559446
100.0,3.563270596e-07,0.03647506769
100.0,3.553076122e-07,0.03647526167
100.0,3.557571148e-07,0.03647433924
100.0,3.5531094e-07,0.03647411861
100.0,3.554198903e-07,0.03647334094
100.0,3.556449567e-07,0.03647300335
100.0,3.551530787e-07,0.03647201312
100.0,3.551708384e-07,0.03647157067
100.0,3.550648768e-07,0.03647120021
Freq,100,Rs,0.036475235303125,2.66379109933273e-06,Ls,3.5544277384375e-07,3.7080394827983854e-10
":SOUR:DCS:STAT OFF;:BIAS:STAT OFF;:COMP:BIN:COUN:CLE;:LIST:CLE:ALL;:COMP:BIN:CLE;:AMPL:ALC ON;:APER LONG,16;:BIAS:POL:AUTO OFF;:BIAS:RANG:AUTO ON;:BIAS:VOLT:LEV 0;:COMP:ABIN OFF;:COMP:BIN:COUN:STAT OFF;:COMP:MODE PTOL;:COMP:SLIM -9.9e+037,9.9e+037;:COMP:STAT OFF;:COMP:SWAP OFF;:COMP:TOL:NOM 0;:CURR:LEV 0.1;:DISP:ENAB ON;:DISP:LINE """";:DISP:WIND:TEXT1:DATA:FMSD:DATA 1e-009;:DISP:WIND:TEXT2:DATA:FMSD:DATA 1e-009;:FORM:ASC:LONG ON;:FORM:BORD NORM;:FORM:DATA ASC,64;:FREQ:CW 100;:FUNC:DEV1:MODE OFF;:FUNC:DEV1:REF:VAL 0;:FUNC:DEV2:MODE OFF;:FUNC:DEV2:REF:VAL 0;:FUNC:IMP:TYPE LSRS;:FUNC:SMON:IDC:STAT OFF;:FUNC:SMON:VDC:STAT OFF;:INIT:CONT OFF;:LIST:MODE SEQ;:LIST:STIM:TYPE FREQ,NONE;:SOUR:DCS:VOLT:LEV 0;:TRIG:DEL 0;:TRIG:SOUR INT;:TRIG:TDEL 0;:DISP:WIND:TEXT1:DATA:FMSD:STAT OFF;:DISP:WIND:TEXT2:DATA:FMSD:STAT OFF;:FUNC:DCR:RANG:VAL 100;:FUNC:IMP:RANG:VAL 0.1;:OUTP:DC:ISOL:LEV:VAL 0.1;:OUTP:DC:ISOL:STAT OFF;:FUNC:DCR:RANG:AUTO ON;:FUNC:IMP:RANG:AUTO ON;:OUTP:DC:ISOL:LEV:AUTO ON;:DISP:PAGE MEASurement;
"
200.0,3.527814399e-07,0.03649365558
200.0,3.526430987e-07,0.03649313978
200.0,3.527680417e-07,0.03649246455
200.0,3.52953968e-07,0.0364920153
200.0,3.528263561e-07,0.03649185556
200.0,3.529014146e-07,0.03649118935
200.0,3.528785782e-07,0.03649097416
200.0,3.528800603e-07,0.03649024692
200.0,3.526244152e-07,0.03649002887
200.0,3.52808592e-07,0.03648962394
200.0,3.527518841e-07,0.03648953617
200.0,3.526171221e-07,0.03648877904
200.0,3.529914054e-07,0.03648852031
200.0,3.52714635e-07,0.03648825396
200.0,3.525158594e-07,0.03648786959
200.0,3.529877581e-07,0.03648780802
Freq,200,Rs,0.03649037256875,1.8873847123639492e-06,Ls,3.5279028929999997e-07,1.4102493065904306e-10
":SOUR:DCS:STAT OFF;:BIAS:STAT OFF;:COMP:BIN:COUN:CLE;:LIST:CLE:ALL;:COMP:BIN:CLE;:AMPL:ALC ON;:APER LONG,16;:BIAS:POL:AUTO OFF;:BIAS:RANG:AUTO ON;:BIAS:VOLT:LEV 0;:COMP:ABIN OFF;:COMP:BIN:COUN:STAT OFF;:COMP:MODE PTOL;:COMP:SLIM -9.9e+037,9.9e+037;:COMP:STAT OFF;:COMP:SWAP OFF;:COMP:TOL:NOM 0;:CURR:LEV 0.1;:DISP:ENAB ON;:DISP:LINE """";:DISP:WIND:TEXT1:DATA:FMSD:DATA 1e-009;:DISP:WIND:TEXT2:DATA:FMSD:DATA 1e-009;:FORM:ASC:LONG ON;:FORM:BORD NORM;:FORM:DATA ASC,64;:FREQ:CW 200;:FUNC:DEV1:MODE OFF;:FUNC:DEV1:REF:VAL 0;:FUNC:DEV2:MODE OFF;:FUNC:DEV2:REF:VAL 0;:FUNC:IMP:TYPE LSRS;:FUNC:SMON:IDC:STAT OFF;:FUNC:SMON:VDC:STAT OFF;:INIT:CONT OFF;:LIST:MODE SEQ;:LIST:STIM:TYPE FREQ,NONE;:SOUR:DCS:VOLT:LEV 0;:TRIG:DEL 0;:TRIG:SOUR INT;:TRIG:TDEL 0;:DISP:WIND:TEXT1:DATA:FMSD:STAT OFF;:DISP:WIND:TEXT2:DATA:FMSD:STAT OFF;:FUNC:DCR:RANG:VAL 100;:FUNC:IMP:RANG:VAL 0.1;:OUTP:DC:ISOL:LEV:VAL 0.1;:OUTP:DC:ISOL:STAT OFF;:FUNC:DCR:RANG:AUTO ON;:FUNC:IMP:RANG:AUTO ON;:OUTP:DC:ISOL:LEV:AUTO ON;:DISP:PAGE MEASurement;
"
300.0,3.409147446e-07,0.03649406348
300.0,3.40723739e-07,0.03649400838
300.0,3.406346909e-07,0.03649350484
300.0,3.407356987e-07,0.03649302154
300.0,3.406815034e-07,0.03649283798
300.0,3.406838345e-07,0.03649257894
300.0,3.40765743e-07,0.03649251165
300.0,3.406747471e-07,0.03649215958
300.0,3.407587782e-07,0.03649200809
300.0,3.405973946e-07,0.036491823
300.0,3.407478519e-07,0.03649156452
300.0,3.406777664e-07,0.0364912882
300.0,3.405456253e-07,0.03649112885
300.0,3.404492364e-07,0.03649105747
300.0,3.407062686e-07,0.03649093258
300.0,3.405832354e-07,0.03649069342
Freq,300,Rs,0.0364921989075,1.0805163004383445e-06,Ls,3.4068005362499997e-07,1.0600946879870459e-10
":SOUR:DCS:STAT OFF;:BIAS:STAT OFF;:COMP:BIN:COUN:CLE;:LIST:CLE:ALL;:COMP:BIN:CLE;:AMPL:ALC ON;:APER LONG,16;:BIAS:POL:AUTO OFF;:BIAS:RANG:AUTO ON;:BIAS:VOLT:LEV 0;:COMP:ABIN OFF;:COMP:BIN:COUN:STAT OFF;:COMP:MODE PTOL;:COMP:SLIM -9.9e+037,9.9e+037;:COMP:STAT OFF;:COMP:SWAP OFF;:COMP:TOL:NOM 0;:CURR:LEV 0.1;:DISP:ENAB ON;:DISP:LINE """";:DISP:WIND:TEXT1:DATA:FMSD:DATA 1e-009;:DISP:WIND:TEXT2:DATA:FMSD:DATA 1e-009;:FORM:ASC:LONG ON;:FORM:BORD NORM;:FORM:DATA ASC,64;:FREQ:CW 300;:FUNC:DEV1:MODE OFF;:FUNC:DEV1:REF:VAL 0;:FUNC:DEV2:MODE OFF;:FUNC:DEV2:REF:VAL 0;:FUNC:IMP:TYPE LSRS;:FUNC:SMON:IDC:STAT OFF;:FUNC:SMON:VDC:STAT OFF;:INIT:CONT OFF;:LIST:MODE SEQ;:LIST:STIM:TYPE FREQ,NONE;:SOUR:DCS:VOLT:LEV 0;:TRIG:DEL 0;:TRIG:SOUR INT;:TRIG:TDEL 0;:DISP:WIND:TEXT1:DATA:FMSD:STAT OFF;:DISP:WIND:TEXT2:DATA:FMSD:STAT OFF;:FUNC:DCR:RANG:VAL 100;:FUNC:IMP:RANG:VAL 0.1;:OUTP:DC:ISOL:LEV:VAL 0.1;:OUTP:DC:ISOL:STAT OFF;:FUNC:DCR:RANG:AUTO ON;:FUNC:IMP:RANG:AUTO ON;:OUTP:DC:ISOL:LEV:AUTO ON;:DISP:PAGE MEASurement;
"
500.0,3.343754535e-07,0.03650129867
500.0,3.343808353e-07,0.03650101935
500.0,3.343249661e-07,0.0365007077
500.0,3.342811582e-07,0.03650038932
500.0,3.343804801e-07,0.03650033462
500.0,3.343218724e-07,0.03650053432
500.0,3.343221349e-07,0.03649995346
500.0,3.34317444e-07,0.0364996259
500.0,3.343409495e-07,0.03649965202
500.0,3.342722509e-07,0.03649949068
500.0,3.343490147e-07,0.03649930093
500.0,3.343079624e-07,0.036499248
500.0,3.343439554e-07,0.03649911772
500.0,3.34369793e-07,0.03649886741
500.0,3.343611531e-07,0.0364986129
500.0,3.344010452e-07,0.03649845908
Freq,500,Rs,0.036499788255,8.561384772109892e-07,Ls,3.3434065429374997e-07,3.667599989394761e-11
":SOUR:DCS:STAT OFF;:BIAS:STAT OFF;:COMP:BIN:COUN:CLE;:LIST:CLE:ALL;:COMP:BIN:CLE;:AMPL:ALC ON;:APER LONG,16;:BIAS:POL:AUTO OFF;:BIAS:RANG:AUTO ON;:BIAS:VOLT:LEV 0;:COMP:ABIN OFF;:COMP:BIN:COUN:STAT OFF;:COMP:MODE PTOL;:COMP:SLIM -9.9e+037,9.9e+037;:COMP:STAT OFF;:COMP:SWAP OFF;:COMP:TOL:NOM 0;:CURR:LEV 0.1;:DISP:ENAB ON;:DISP:LINE """";:DISP:WIND:TEXT1:DATA:FMSD:DATA 1e-009;:DISP:WIND:TEXT2:DATA:FMSD:DATA 1e-009;:FORM:ASC:LONG ON;:FORM:BORD NORM;:FORM:DATA ASC,64;:FREQ:CW 500;:FUNC:DEV1:MODE OFF;:FUNC:DEV1:REF:VAL 0;:FUNC:DEV2:MODE OFF;:FUNC:DEV2:REF:VAL 0;:FUNC:IMP:TYPE LSRS;:FUNC:SMON:IDC:STAT OFF;:FUNC:SMON:VDC:STAT OFF;:INIT:CONT OFF;:LIST:MODE SEQ;:LIST:STIM:TYPE FREQ,NONE;:SOUR:DCS:VOLT:LEV 0;:TRIG:DEL 0;:TRIG:SOUR INT;:TRIG:TDEL 0;:DISP:WIND:TEXT1:DATA:FMSD:STAT OFF;:DISP:WIND:TEXT2:DATA:FMSD:STAT OFF;:FUNC:DCR:RANG:VAL 100;:FUNC:IMP:RANG:VAL 0.1;:OUTP:DC:ISOL:LEV:VAL 0.1;:OUTP:DC:ISOL:STAT OFF;:FUNC:DCR:RANG:AUTO ON;:FUNC:IMP:RANG:AUTO ON;:OUTP:DC:ISOL:LEV:AUTO ON;:DISP:PAGE MEASurement;
"
800.0,3.324207048e-07,0.03650500941
800.0,3.324200606e-07,0.03650485266
800.0,3.32394803e-07,0.03650478036
800.0,3.324406396e-07,0.03650446281
800.0,3.324471445e-07,0.03650458657
800.0,3.324229314e-07,0.03650445511
800.0,3.324326689e-07,0.03650444822
800.0,3.323824115e-07,0.03650440182
800.0,3.324207793e-07,0.03650410002
800.0,3.323773601e-07,0.03650372139
800.0,3.324171072e-07,0.0365037571
800.0,3.324661597e-07,0.03650361506
800.0,3.324252425e-07,0.03650344439
800.0,3.324022392e-07,0.03650332478
800.0,3.324596995e-07,0.03650333721
800.0,3.324402356e-07,0.03650331523
Freq,800,Rs,0.03650410075875,5.937360243729832e-07,Ls,3.324231367125e-07,2.5178147165406907e-11
":SOUR:DCS:STAT OFF;:BIAS:STAT OFF;:COMP:BIN:COUN:CLE;:LIST:CLE:ALL;:COMP:BIN:CLE;:AMPL:ALC ON;:APER LONG,16;:BIAS:POL:AUTO OFF;:BIAS:RANG:AUTO ON;:BIAS:VOLT:LEV 0;:COMP:ABIN OFF;:COMP:BIN:COUN:STAT OFF;:COMP:MODE PTOL;:COMP:SLIM -9.9e+037,9.9e+037;:COMP:STAT OFF;:COMP:SWAP OFF;:COMP:TOL:NOM 0;:CURR:LEV 0.1;:DISP:ENAB ON;:DISP:LINE """";:DISP:WIND:TEXT1:DATA:FMSD:DATA 1e-009;:DISP:WIND:TEXT2:DATA:FMSD:DATA 1e-009;:FORM:ASC:LONG ON;:FORM:BORD NORM;:FORM:DATA ASC,64;:FREQ:CW 800;:FUNC:DEV1:MODE OFF;:FUNC:DEV1:REF:VAL 0;:FUNC:DEV2:MODE OFF;:FUNC:DEV2:REF:VAL 0;:FUNC:IMP:TYPE LSRS;:FUNC:SMON:IDC:STAT OFF;:FUNC:SMON:VDC:STAT OFF;:INIT:CONT OFF;:LIST:MODE SEQ;:LIST:STIM:TYPE FREQ,NONE;:SOUR:DCS:VOLT:LEV 0;:TRIG:DEL 0;:TRIG:SOUR INT;:TRIG:TDEL 0;:DISP:WIND:TEXT1:DATA:FMSD:STAT OFF;:DISP:WIND:TEXT2:DATA:FMSD:STAT OFF;:FUNC:DCR:RANG:VAL 100;:FUNC:IMP:RANG:VAL 0.1;:OUTP:DC:ISOL:LEV:VAL 0.1;:OUTP:DC:ISOL:STAT OFF;:FUNC:DCR:RANG:AUTO ON;:FUNC:IMP:RANG:AUTO ON;:OUTP:DC:ISOL:LEV:AUTO ON;:DISP:PAGE MEASurement;
"
1000.0,3.317326344e-07,0.03649477434
1000.0,3.316810985e-07,0.036494702
1000.0,3.317009403e-07,0.03649453511
1000.0,3.31675267e-07,0.03649444938
1000.0,3.31669865e-07,0.03649434588
1000.0,3.317101594e-07,0.03649372584
1000.0,3.316888945e-07,0.03649383211
1000.0,3.316907793e-07,0.03649361985
1000.0,3.316897486e-07,0.0364933903
1000.0,3.317024382e-07,0.03649319162
1000.0,3.316905499e-07,0.03649316932
1000.0,3.317090634e-07,0.03649314858
1000.0,3.317118035e-07,0.03649286709
1000.0,3.317276882e-07,0.03649265344
1000.0,3.317088116e-07,0.03649258004
1000.0,3.3170742e-07,0.03649238099
Freq,1000,Rs,0.036493585368125,7.904354114465572e-07,Ls,3.3169982261250003e-07,1.746463700628753e-11
":SOUR:DCS:STAT OFF;:BIAS:STAT OFF;:COMP:BIN:COUN:CLE;:LIST:CLE:ALL;:COMP:BIN:CLE;:AMPL:ALC ON;:APER LONG,16;:BIAS:POL:AUTO OFF;:BIAS:RANG:AUTO ON;:BIAS:VOLT:LEV 0;:COMP:ABIN OFF;:COMP:BIN:COUN:STAT OFF;:COMP:MODE PTOL;:COMP:SLIM -9.9e+037,9.9e+037;:COMP:STAT OFF;:COMP:SWAP OFF;:COMP:TOL:NOM 0;:CURR:LEV 0.1;:DISP:ENAB ON;:DISP:LINE """";:DISP:WIND:TEXT1:DATA:FMSD:DATA 1e-009;:DISP:WIND:TEXT2:DATA:FMSD:DATA 1e-009;:FORM:ASC:LONG ON;:FORM:BORD NORM;:FORM:DATA ASC,64;:FREQ:CW 1000;:FUNC:DEV1:MODE OFF;:FUNC:DEV1:REF:VAL 0;:FUNC:DEV2:MODE OFF;:FUNC:DEV2:REF:VAL 0;:FUNC:IMP:TYPE LSRS;:FUNC:SMON:IDC:STAT OFF;:FUNC:SMON:VDC:STAT OFF;:INIT:CONT OFF;:LIST:MODE SEQ;:LIST:STIM:TYPE FREQ,NONE;:SOUR:DCS:VOLT:LEV 0;:TRIG:DEL 0;:TRIG:SOUR INT;:TRIG:TDEL 0;:DISP:WIND:TEXT1:DATA:FMSD:STAT OFF;:DISP:WIND:TEXT2:DATA:FMSD:STAT OFF;:FUNC:DCR:RANG:VAL 100;:FUNC:IMP:RANG:VAL 0.1;:OUTP:DC:ISOL:LEV:VAL 0.1;:OUTP:DC:ISOL:STAT OFF;:FUNC:DCR:RANG:AUTO ON;:FUNC:IMP:RANG:AUTO ON;:OUTP:DC:ISOL:LEV:AUTO ON;:DISP:PAGE MEASurement;
"
1591.5494309189535,3.317862135e-07,0.03649039737
1591.5494309189535,3.317909204e-07,0.03649033563
1591.5494309189535,3.317825894e-07,0.03649043644
1591.5494309189535,3.318084469e-07,0.03649016091
1591.5494309189535,3.317892196e-07,0.03649018681
1591.5494309189535,3.318081589e-07,0.036490161
1591.5494309189535,3.317756155e-07,0.03648998901
1591.5494309189535,3.317813424e-07,0.03649021706
1591.5494309189535,3.317957744e-07,0.03648989092
1591.5494309189535,3.317868037e-07,0.03648979434
1591.5494309189535,3.317907284e-07,0.03648975621
1591.5494309189535,3.317786671e-07,0.03648979301
1591.5494309189535,3.317976913e-07,0.03648954385
1591.5494309189535,3.317956912e-07,0.03648948146
1591.5494309189535,3.317919098e-07,0.03648944219
1591.5494309189535,3.317977138e-07,0.03648948751
Freq,1591.5494309189535,Rs,0.0364899421075,3.414264105095516e-07,Ls,3.3179109289375e-07,9.418856375764901e-12
":SOUR:DCS:STAT OFF;:BIAS:STAT OFF;:COMP:BIN:COUN:CLE;:LIST:CLE:ALL;:COMP:BIN:CLE;:AMPL:ALC ON;:APER LONG,16;:BIAS:POL:AUTO OFF;:BIAS:RANG:AUTO ON;:BIAS:VOLT:LEV 0;:COMP:ABIN OFF;:COMP:BIN:COUN:STAT OFF;:COMP:MODE PTOL;:COMP:SLIM -9.9e+037,9.9e+037;:COMP:STAT OFF;:COMP:SWAP OFF;:COMP:TOL:NOM 0;:CURR:LEV 0.1;:DISP:ENAB ON;:DISP:LINE """";:DISP:WIND:TEXT1:DATA:FMSD:DATA 1e-009;:DISP:WIND:TEXT2:DATA:FMSD:DATA 1e-009;:FORM:ASC:LONG ON;:FORM:BORD NORM;:FORM:DATA ASC,64;:FREQ:CW 1592;:FUNC:DEV1:MODE OFF;:FUNC:DEV1:REF:VAL 0;:FUNC:DEV2:MODE OFF;:FUNC:DEV2:REF:VAL 0;:FUNC:IMP:TYPE LSRS;:FUNC:SMON:IDC:STAT OFF;:FUNC:SMON:VDC:STAT OFF;:INIT:CONT OFF;:LIST:MODE SEQ;:LIST:STIM:TYPE FREQ,NONE;:SOUR:DCS:VOLT:LEV 0;:TRIG:DEL 0;:TRIG:SOUR INT;:TRIG:TDEL 0;:DISP:WIND:TEXT1:DATA:FMSD:STAT OFF;:DISP:WIND:TEXT2:DATA:FMSD:STAT OFF;:FUNC:DCR:RANG:VAL 100;:FUNC:IMP:RANG:VAL 0.1;:OUTP:DC:ISOL:LEV:VAL 0.1;:OUTP:DC:ISOL:STAT OFF;:FUNC:DCR:RANG:AUTO ON;:FUNC:IMP:RANG:AUTO ON;:OUTP:DC:ISOL:LEV:AUTO ON;:DISP:PAGE MEASurement;
"
2000.0,3.323445253e-07,0.03649540984
2000.0,3.323315877e-07,0.03649521989
2000.0,3.323276937e-07,0.03649519945
2000.0,3.323380363e-07,0.03649510016
2000.0,3.323377536e-07,0.03649498179
2000.0,3.323567322e-07,0.03649510656
2000.0,3.323611699e-07,0.03649506826
2000.0,3.323539049e-07,0.03649488542
2000.0,3.323347239e-07,0.03649484969
2000.0,3.323400394e-07,0.03649456052
2000.0,3.323532428e-07,0.03649469557
2000.0,3.323579344e-07,0.03649466977
2000.0,3.323533561e-07,0.03649464405
2000.0,3.323295572e-07,0.03649437469
2000.0,3.323272884e-07,0.03649429267
2000.0,3.323443647e-07,0.03649444813
Freq,2000,Rs,0.03649484415375,3.313661638308446e-07,Ls,3.3234324440624996e-07,1.154000969499673e-11
":SOUR:DCS:STAT OFF;:BIAS:STAT OFF;:COMP:BIN:COUN:CLE;:LIST:CLE:ALL;:COMP:BIN:CLE;:AMPL:ALC ON;:APER LONG,16;:BIAS:POL:AUTO OFF;:BIAS:RANG:AUTO ON;:BIAS:VOLT:LEV 0;:COMP:ABIN OFF;:COMP:BIN:COUN:STAT OFF;:COMP:MODE PTOL;:COMP:SLIM -9.9e+037,9.9e+037;:COMP:STAT OFF;:COMP:SWAP OFF;:COMP:TOL:NOM 0;:CURR:LEV 0.1;:DISP:ENAB ON;:DISP:LINE """";:DISP:WIND:TEXT1:DATA:FMSD:DATA 1e-009;:DISP:WIND:TEXT2:DATA:FMSD:DATA 1e-009;:FORM:ASC:LONG ON;:FORM:BORD NORM;:FORM:DATA ASC,64;:FREQ:CW 2000;:FUNC:DEV1:MODE OFF;:FUNC:DEV1:REF:VAL 0;:FUNC:DEV2:MODE OFF;:FUNC:DEV2:REF:VAL 0;:FUNC:IMP:TYPE LSRS;:FUNC:SMON:IDC:STAT OFF;:FUNC:SMON:VDC:STAT OFF;:INIT:CONT OFF;:LIST:MODE SEQ;:LIST:STIM:TYPE FREQ,NONE;:SOUR:DCS:VOLT:LEV 0;:TRIG:DEL 0;:TRIG:SOUR INT;:TRIG:TDEL 0;:DISP:WIND:TEXT1:DATA:FMSD:STAT OFF;:DISP:WIND:TEXT2:DATA:FMSD:STAT OFF;:FUNC:DCR:RANG:VAL 100;:FUNC:IMP:RANG:VAL 0.1;:OUTP:DC:ISOL:LEV:VAL 0.1;:OUTP:DC:ISOL:STAT OFF;:FUNC:DCR:RANG:AUTO ON;:FUNC:IMP:RANG:AUTO ON;:OUTP:DC:ISOL:LEV:AUTO ON;:DISP:PAGE MEASurement;
"
3000.0,3.325467966e-07,0.03649535233
3000.0,3.325497286e-07,0.03649545494
3000.0,3.325421273e-07,0.03649512833
3000.0,3.325497675e-07,0.03649527177
3000.0,3.325635883e-07,0.03649529039
3000.0,3.325525201e-07,0.03649523581
3000.0,3.325437174e-07,0.03649495396
3000.0,3.325190525e-07,0.03649475241
3000.0,3.325801495e-07,0.03649483845
3000.0,3.325393795e-07,0.03649482249
3000.0,3.325463012e-07,0.03649439627
3000.0,3.325417335e-07,0.0364943076
3000.0,3.32548334e-07,0.03649480999
3000.0,3.325806722e-07,0.03649437039
3000.0,3.325428564e-07,0.03649433864
3000.0,3.325294897e-07,0.03649391543
Freq,3000,Rs,0.03649482745,4.5432213787061554e-07,Ls,3.3254851339375004e-07,1.5799339418193104e-11
":SOUR:DCS:STAT OFF;:BIAS:STAT OFF;:COMP:BIN:COUN:CLE;:LIST:CLE:ALL;:COMP:BIN:CLE;:AMPL:ALC ON;:APER LONG,16;:BIAS:POL:AUTO OFF;:BIAS:RANG:AUTO ON;:BIAS:VOLT:LEV 0;:COMP:ABIN OFF;:COMP:BIN:COUN:STAT OFF;:COMP:MODE PTOL;:COMP:SLIM -9.9e+037,9.9e+037;:COMP:STAT OFF;:COMP:SWAP OFF;:COMP:TOL:NOM 0;:CURR:LEV 0.1;:DISP:ENAB ON;:DISP:LINE """";:DISP:WIND:TEXT1:DATA:FMSD:DATA 1e-009;:DISP:WIND:TEXT2:DATA:FMSD:DATA 1e-009;:FORM:ASC:LONG ON;:FORM:BORD NORM;:FORM:DATA ASC,64;:FREQ:CW 3000;:FUNC:DEV1:MODE OFF;:FUNC:DEV1:REF:VAL 0;:FUNC:DEV2:MODE OFF;:FUNC:DEV2:REF:VAL 0;:FUNC:IMP:TYPE LSRS;:FUNC:SMON:IDC:STAT OFF;:FUNC:SMON:VDC:STAT OFF;:INIT:CONT OFF;:LIST:MODE SEQ;:LIST:STIM:TYPE FREQ,NONE;:SOUR:DCS:VOLT:LEV 0;:TRIG:DEL 0;:TRIG:SOUR INT;:TRIG:TDEL 0;:DISP:WIND:TEXT1:DATA:FMSD:STAT OFF;:DISP:WIND:TEXT2:DATA:FMSD:STAT OFF;:FUNC:DCR:RANG:VAL 100;:FUNC:IMP:RANG:VAL 0.1;:OUTP:DC:ISOL:LEV:VAL 0.1;:OUTP:DC:ISOL:STAT OFF;:FUNC:DCR:RANG:AUTO ON;:FUNC:IMP:RANG:AUTO ON;:OUTP:DC:ISOL:LEV:AUTO ON;:DISP:PAGE MEASurement;
"
5000.0,3.323013768e-07,0.03653547264
5000.0,3.323000224e-07,0.03653559306
5000.0,3.322865401e-07,0.03653574712
5000.0,3.322976664e-07,0.03653546659
5000.0,3.322924464e-07,0.03653591499
5000.0,3.32287937e-07,0.03653553809
5000.0,3.322918485e-07,0.03653527247
5000.0,3.322868036e-07,0.03653542849
5000.0,3.322994133e-07,0.03653502147
5000.0,3.322932174e-07,0.03653526498
5000.0,3.322917452e-07,0.03653505932
5000.0,3.322848708e-07,0.03653503781
5000.0,3.322912516e-07,0.03653515741
5000.0,3.322923976e-07,0.03653476286
5000.0,3.322943879e-07,0.0365348295
5000.0,3.322899414e-07,0.03653423203
Freq,5000,Rs,0.036535237426875,4.1706397013332045e-07,Ls,3.3229261665000004e-07,4.965468172623598e-12
":SOUR:DCS:STAT OFF;:BIAS:STAT OFF;:COMP:BIN:COUN:CLE;:LIST:CLE:ALL;:COMP:BIN:CLE;:AMPL:ALC ON;:APER LONG,16;:BIAS:POL:AUTO OFF;:BIAS:RANG:AUTO ON;:BIAS:VOLT:LEV 0;:COMP:ABIN OFF;:COMP:BIN:COUN:STAT OFF;:COMP:MODE PTOL;:COMP:SLIM -9.9e+037,9.9e+037;:COMP:STAT OFF;:COMP:SWAP OFF;:COMP:TOL:NOM 0;:CURR:LEV 0.1;:DISP:ENAB ON;:DISP:LINE """";:DISP:WIND:TEXT1:DATA:FMSD:DATA 1e-009;:DISP:WIND:TEXT2:DATA:FMSD:DATA 1e-009;:FORM:ASC:LONG ON;:FORM:BORD NORM;:FORM:DATA ASC,64;:FREQ:CW 5000;:FUNC:DEV1:MODE OFF;:FUNC:DEV1:REF:VAL 0;:FUNC:DEV2:MODE OFF;:FUNC:DEV2:REF:VAL 0;:FUNC:IMP:TYPE LSRS;:FUNC:SMON:IDC:STAT OFF;:FUNC:SMON:VDC:STAT OFF;:INIT:CONT OFF;:LIST:MODE SEQ;:LIST:STIM:TYPE FREQ,NONE;:SOUR:DCS:VOLT:LEV 0;:TRIG:DEL 0;:TRIG:SOUR INT;:TRIG:TDEL 0;:DISP:WIND:TEXT1:DATA:FMSD:STAT OFF;:DISP:WIND:TEXT2:DATA:FMSD:STAT OFF;:FUNC:DCR:RANG:VAL 100;:FUNC:IMP:RANG:VAL 0.1;:OUTP:DC:ISOL:LEV:VAL 0.1;:OUTP:DC:ISOL:STAT OFF;:FUNC:DCR:RANG:AUTO ON;:FUNC:IMP:RANG:AUTO ON;:OUTP:DC:ISOL:LEV:AUTO ON;:DISP:PAGE MEASurement;
"
":SOUR:DCS:STAT OFF;:BIAS:STAT OFF;:COMP:BIN:COUN:CLE;:LIST:CLE:ALL;:COMP:BIN:CLE;:AMPL:ALC ON;:APER LONG,16;:BIAS:POL:AUTO OFF;:BIAS:RANG:AUTO ON;:BIAS:VOLT:LEV 0;:COMP:ABIN OFF;:COMP:BIN:COUN:STAT OFF;:COMP:MODE PTOL;:COMP:SLIM -9.9e+037,9.9e+037;:COMP:STAT OFF;:COMP:SWAP OFF;:COMP:TOL:NOM 0;:CURR:LEV 0.1;:DISP:ENAB ON;:DISP:LINE """";:DISP:WIND:TEXT1:DATA:FMSD:DATA 1e-009;:DISP:WIND:TEXT2:DATA:FMSD:DATA 1e-009;:FORM:ASC:LONG ON;:FORM:BORD NORM;:FORM:DATA ASC,64;:FREQ:CW 5000;:FUNC:DEV1:MODE OFF;:FUNC:DEV1:REF:VAL 0;:FUNC:DEV2:MODE OFF;:FUNC:DEV2:REF:VAL 0;:FUNC:IMP:TYPE LSRS;:FUNC:SMON:IDC:STAT OFF;:FUNC:SMON:VDC:STAT OFF;:INIT:CONT OFF;:LIST:MODE SEQ;:LIST:STIM:TYPE FREQ,NONE;:SOUR:DCS:VOLT:LEV 0;:TRIG:DEL 0;:TRIG:SOUR INT;:TRIG:TDEL 0;:DISP:WIND:TEXT1:DATA:FMSD:STAT OFF;:DISP:WIND:TEXT2:DATA:FMSD:STAT OFF;:FUNC:DCR:RANG:VAL 100;:FUNC:IMP:RANG:VAL 0.1;:OUTP:DC:ISOL:LEV:VAL 0.1;:OUTP:DC:ISOL:STAT OFF;:FUNC:DCR:RANG:AUTO ON;:FUNC:IMP:RANG:AUTO ON;:OUTP:DC:ISOL:LEV:AUTO ON;:DISP:PAGE MEASurement;
"
2022-09-19,11:01:16
---------run finished---------
lcr name:,KeySight E4980A
Name and description of Resistor under test: ,RE4
GPIB source:,<bound method MessageBasedResource.read of <'GPIBInstrument'('GPIB0::17::INSTR')>>
2022-09-19,11:07:20
select the freq range,"[50, 100, 200, 300, 500, 800, 1000, 1591.5494309189535, 2000, 3000, 5000]"
50.0,5.25770045e-07,0.06464362194
50.0,5.182789926e-07,0.06464130029
50.0,5.089237582e-07,0.06463560752
50.0,5.108406498e-07,0.06462865612
50.0,5.172414042e-07,0.06462352831
50.0,5.163110555e-07,0.06461916477
50.0,5.146385099e-07,0.06461559671
50.0,5.124540023e-07,0.0646132907
50.0,5.090039649e-07,0.06461204459
50.0,5.135290139e-07,0.06461050175
50.0,5.204592704e-07,0.06460753387
50.0,5.248123758e-07,0.06460394028
50.0,5.288665307e-07,0.06459976839
50.0,5.300936542e-07,0.06459621688
50.0,5.24805193e-07,0.06459343195
50.0,5.18188815e-07,0.06459190173
Freq,50,Rs,0.06461475661249999,1.6340206344435556e-05,Ls,5.183885772125e-07,6.837225711085455e-09
":SOUR:DCS:STAT OFF;:BIAS:STAT OFF;:COMP:BIN:COUN:CLE;:LIST:CLE:ALL;:COMP:BIN:CLE;:AMPL:ALC ON;:APER LONG,16;:BIAS:POL:AUTO OFF;:BIAS:RANG:AUTO ON;:BIAS:VOLT:LEV 0;:COMP:ABIN OFF;:COMP:BIN:COUN:STAT OFF;:COMP:MODE PTOL;:COMP:SLIM -9.9e+037,9.9e+037;:COMP:STAT OFF;:COMP:SWAP OFF;:COMP:TOL:NOM 0;:CURR:LEV 0.1;:DISP:ENAB ON;:DISP:LINE """";:DISP:WIND:TEXT1:DATA:FMSD:DATA 1e-009;:DISP:WIND:TEXT2:DATA:FMSD:DATA 1e-009;:FORM:ASC:LONG ON;:FORM:BORD NORM;:FORM:DATA ASC,64;:FREQ:CW 50;:FUNC:DEV1:MODE OFF;:FUNC:DEV1:REF:VAL 0;:FUNC:DEV2:MODE OFF;:FUNC:DEV2:REF:VAL 0;:FUNC:IMP:TYPE LSRS;:FUNC:SMON:IDC:STAT OFF;:FUNC:SMON:VDC:STAT OFF;:INIT:CONT OFF;:LIST:MODE SEQ;:LIST:STIM:TYPE FREQ,NONE;:SOUR:DCS:VOLT:LEV 0;:TRIG:DEL 0;:TRIG:SOUR INT;:TRIG:TDEL 0;:DISP:WIND:TEXT1:DATA:FMSD:STAT OFF;:DISP:WIND:TEXT2:DATA:FMSD:STAT OFF;:FUNC:DCR:RANG:VAL 100;:FUNC:IMP:RANG:VAL 0.1;:OUTP:DC:ISOL:LEV:VAL 0.1;:OUTP:DC:ISOL:STAT OFF;:FUNC:DCR:RANG:AUTO ON;:FUNC:IMP:RANG:AUTO ON;:OUTP:DC:ISOL:LEV:AUTO ON;:DISP:PAGE MEASurement;
"
100.0,4.854191073e-07,0.06456289427
100.0,4.860668499e-07,0.06456043635
100.0,4.857466348e-07,0.06455768864
100.0,4.860263298e-07,0.06455532774
100.0,4.859099698e-07,0.0645529326
100.0,4.851014793e-07,0.06455044412
100.0,4.854218706e-07,0.06454841659
100.0,4.851733529e-07,0.06454616344
100.0,4.851903066e-07,0.06454423157
100.0,4.858517777e-07,0.06454122758
100.0,4.848417003e-07,0.06453941066
100.0,4.853740084e-07,0.06453799627
100.0,4.857939663e-07,0.0645361684
100.0,4.852297084e-07,0.06453416598
100.0,4.855174892e-07,0.06453263285
100.0,4.849233229e-07,0.064530718
Freq,100,Rs,0.06454567844125,1.0236490307869265e-05,Ls,4.854742421375e-07,3.878162169959148e-10
":SOUR:DCS:STAT OFF;:BIAS:STAT OFF;:COMP:BIN:COUN:CLE;:LIST:CLE:ALL;:COMP:BIN:CLE;:AMPL:ALC ON;:APER LONG,16;:BIAS:POL:AUTO OFF;:BIAS:RANG:AUTO ON;:BIAS:VOLT:LEV 0;:COMP:ABIN OFF;:COMP:BIN:COUN:STAT OFF;:COMP:MODE PTOL;:COMP:SLIM -9.9e+037,9.9e+037;:COMP:STAT OFF;:COMP:SWAP OFF;:COMP:TOL:NOM 0;:CURR:LEV 0.1;:DISP:ENAB ON;:DISP:LINE """";:DISP:WIND:TEXT1:DATA:FMSD:DATA 1e-009;:DISP:WIND:TEXT2:DATA:FMSD:DATA 1e-009;:FORM:ASC:LONG ON;:FORM:BORD NORM;:FORM:DATA ASC,64;:FREQ:CW 100;:FUNC:DEV1:MODE OFF;:FUNC:DEV1:REF:VAL 0;:FUNC:DEV2:MODE OFF;:FUNC:DEV2:REF:VAL 0;:FUNC:IMP:TYPE LSRS;:FUNC:SMON:IDC:STAT OFF;:FUNC:SMON:VDC:STAT OFF;:INIT:CONT OFF;:LIST:MODE SEQ;:LIST:STIM:TYPE FREQ,NONE;:SOUR:DCS:VOLT:LEV 0;:TRIG:DEL 0;:TRIG:SOUR INT;:TRIG:TDEL 0;:DISP:WIND:TEXT1:DATA:FMSD:STAT OFF;:DISP:WIND:TEXT2:DATA:FMSD:STAT OFF;:FUNC:DCR:RANG:VAL 100;:FUNC:IMP:RANG:VAL 0.1;:OUTP:DC:ISOL:LEV:VAL 0.1;:OUTP:DC:ISOL:STAT OFF;:FUNC:DCR:RANG:AUTO ON;:FUNC:IMP:RANG:AUTO ON;:OUTP:DC:ISOL:LEV:AUTO ON;:DISP:PAGE MEASurement;
"
200.0,4.844040645e-07,0.06455125127
200.0,4.845538942e-07,0.06454927849
200.0,4.844818938e-07,0.06454775398
200.0,4.844282583e-07,0.06454604934
200.0,4.844728499e-07,0.06454447421
200.0,4.843768599e-07,0.06454296604
200.0,4.845613361e-07,0.06454122926
200.0,4.844017729e-07,0.06453991607
200.0,4.843234615e-07,0.06453838499
200.0,4.845540754e-07,0.06453682293
200.0,4.843844758e-07,0.06453580085
200.0,4.844374449e-07,0.06453450017
200.0,4.846230141e-07,0.06453333042
200.0,4.84515127e-07,0.06453180541
200.0,4.844509006e-07,0.06453058185
200.0,4.843592671e-07,0.0645300089
Freq,200,Rs,0.06453963463625001,6.823194016309508e-06,Ls,4.844580435000001e-07,8.471733569562931e-11
":SOUR:DCS:STAT OFF;:BIAS:STAT OFF;:COMP:BIN:COUN:CLE;:LIST:CLE:ALL;:COMP:BIN:CLE;:AMPL:ALC ON;:APER LONG,16;:BIAS:POL:AUTO OFF;:BIAS:RANG:AUTO ON;:BIAS:VOLT:LEV 0;:COMP:ABIN OFF;:COMP:BIN:COUN:STAT OFF;:COMP:MODE PTOL;:COMP:SLIM -9.9e+037,9.9e+037;:COMP:STAT OFF;:COMP:SWAP OFF;:COMP:TOL:NOM 0;:CURR:LEV 0.1;:DISP:ENAB ON;:DISP:LINE """";:DISP:WIND:TEXT1:DATA:FMSD:DATA 1e-009;:DISP:WIND:TEXT2:DATA:FMSD:DATA 1e-009;:FORM:ASC:LONG ON;:FORM:BORD NORM;:FORM:DATA ASC,64;:FREQ:CW 200;:FUNC:DEV1:MODE OFF;:FUNC:DEV1:REF:VAL 0;:FUNC:DEV2:MODE OFF;:FUNC:DEV2:REF:VAL 0;:FUNC:IMP:TYPE LSRS;:FUNC:SMON:IDC:STAT OFF;:FUNC:SMON:VDC:STAT OFF;:INIT:CONT OFF;:LIST:MODE SEQ;:LIST:STIM:TYPE FREQ,NONE;:SOUR:DCS:VOLT:LEV 0;:TRIG:DEL 0;:TRIG:SOUR INT;:TRIG:TDEL 0;:DISP:WIND:TEXT1:DATA:FMSD:STAT OFF;:DISP:WIND:TEXT2:DATA:FMSD:STAT OFF;:FUNC:DCR:RANG:VAL 100;:FUNC:IMP:RANG:VAL 0.1;:OUTP:DC:ISOL:LEV:VAL 0.1;:OUTP:DC:ISOL:STAT OFF;:FUNC:DCR:RANG:AUTO ON;:FUNC:IMP:RANG:AUTO ON;:OUTP:DC:ISOL:LEV:AUTO ON;:DISP:PAGE MEASurement;
"
300.0,4.736256785e-07,0.06453333087
300.0,4.737224113e-07,0.06453224694
300.0,4.73776648e-07,0.06453135649
300.0,4.736604552e-07,0.06453044672
300.0,4.738066452e-07,0.064529636
300.0,4.737254365e-07,0.06452872826
300.0,4.736637532e-07,0.06452781677
300.0,4.737601919e-07,0.06452690299
300.0,4.738260993e-07,0.06452564516
300.0,4.738268061e-07,0.06452481298
300.0,4.737789666e-07,0.06452408735
300.0,4.738908361e-07,0.06452320352
300.0,4.736394663e-07,0.06452253137
300.0,4.737922639e-07,0.06452182673
300.0,4.73725031e-07,0.06452108626
300.0,4.737955784e-07,0.06451992541
Freq,300,Rs,0.06452647398875,4.210487184653734e-06,Ls,4.7375101671875e-07,7.543305108627914e-11
":SOUR:DCS:STAT OFF;:BIAS:STAT OFF;:COMP:BIN:COUN:CLE;:LIST:CLE:ALL;:COMP:BIN:CLE;:AMPL:ALC ON;:APER LONG,16;:BIAS:POL:AUTO OFF;:BIAS:RANG:AUTO ON;:BIAS:VOLT:LEV 0;:COMP:ABIN OFF;:COMP:BIN:COUN:STAT OFF;:COMP:MODE PTOL;:COMP:SLIM -9.9e+037,9.9e+037;:COMP:STAT OFF;:COMP:SWAP OFF;:COMP:TOL:NOM 0;:CURR:LEV 0.1;:DISP:ENAB ON;:DISP:LINE """";:DISP:WIND:TEXT1:DATA:FMSD:DATA 1e-009;:DISP:WIND:TEXT2:DATA:FMSD:DATA 1e-009;:FORM:ASC:LONG ON;:FORM:BORD NORM;:FORM:DATA ASC,64;:FREQ:CW 300;:FUNC:DEV1:MODE OFF;:FUNC:DEV1:REF:VAL 0;:FUNC:DEV2:MODE OFF;:FUNC:DEV2:REF:VAL 0;:FUNC:IMP:TYPE LSRS;:FUNC:SMON:IDC:STAT OFF;:FUNC:SMON:VDC:STAT OFF;:INIT:CONT OFF;:LIST:MODE SEQ;:LIST:STIM:TYPE FREQ,NONE;:SOUR:DCS:VOLT:LEV 0;:TRIG:DEL 0;:TRIG:SOUR INT;:TRIG:TDEL 0;:DISP:WIND:TEXT1:DATA:FMSD:STAT OFF;:DISP:WIND:TEXT2:DATA:FMSD:STAT OFF;:FUNC:DCR:RANG:VAL 100;:FUNC:IMP:RANG:VAL 0.1;:OUTP:DC:ISOL:LEV:VAL 0.1;:OUTP:DC:ISOL:STAT OFF;:FUNC:DCR:RANG:AUTO ON;:FUNC:IMP:RANG:AUTO ON;:OUTP:DC:ISOL:LEV:AUTO ON;:DISP:PAGE MEASurement;
"
500.0,4.684122222e-07,0.06452999059
500.0,4.684929742e-07,0.06452914909
500.0,4.684844747e-07,0.06452852139
500.0,4.684169575e-07,0.06452784399
500.0,4.68464815e-07,0.06452711248
500.0,4.684068091e-07,0.06452624424
500.0,4.684998818e-07,0.06452579022
500.0,4.684657636e-07,0.06452490942
500.0,4.683804856e-07,0.0645241645
500.0,4.68493693e-07,0.064523391
500.0,4.683993999e-07,0.06452271252
500.0,4.684045188e-07,0.06452197585
500.0,4.68395924e-07,0.06452102094
500.0,4.684624378e-07,0.06452052442
500.0,4.684091956e-07,0.0645199098
500.0,4.684210861e-07,0.06451898973
Freq,500,Rs,0.06452451563625,3.4742983370260506e-06,Ls,4.6843816493125003e-07,4.089412534743401e-11
":SOUR:DCS:STAT OFF;:BIAS:STAT OFF;:COMP:BIN:COUN:CLE;:LIST:CLE:ALL;:COMP:BIN:CLE;:AMPL:ALC ON;:APER LONG,16;:BIAS:POL:AUTO OFF;:BIAS:RANG:AUTO ON;:BIAS:VOLT:LEV 0;:COMP:ABIN OFF;:COMP:BIN:COUN:STAT OFF;:COMP:MODE PTOL;:COMP:SLIM -9.9e+037,9.9e+037;:COMP:STAT OFF;:COMP:SWAP OFF;:COMP:TOL:NOM 0;:CURR:LEV 0.1;:DISP:ENAB ON;:DISP:LINE """";:DISP:WIND:TEXT1:DATA:FMSD:DATA 1e-009;:DISP:WIND:TEXT2:DATA:FMSD:DATA 1e-009;:FORM:ASC:LONG ON;:FORM:BORD NORM;:FORM:DATA ASC,64;:FREQ:CW 500;:FUNC:DEV1:MODE OFF;:FUNC:DEV1:REF:VAL 0;:FUNC:DEV2:MODE OFF;:FUNC:DEV2:REF:VAL 0;:FUNC:IMP:TYPE LSRS;:FUNC:SMON:IDC:STAT OFF;:FUNC:SMON:VDC:STAT OFF;:INIT:CONT OFF;:LIST:MODE SEQ;:LIST:STIM:TYPE FREQ,NONE;:SOUR:DCS:VOLT:LEV 0;:TRIG:DEL 0;:TRIG:SOUR INT;:TRIG:TDEL 0;:DISP:WIND:TEXT1:DATA:FMSD:STAT OFF;:DISP:WIND:TEXT2:DATA:FMSD:STAT OFF;:FUNC:DCR:RANG:VAL 100;:FUNC:IMP:RANG:VAL 0.1;:OUTP:DC:ISOL:LEV:VAL 0.1;:OUTP:DC:ISOL:STAT OFF;:FUNC:DCR:RANG:AUTO ON;:FUNC:IMP:RANG:AUTO ON;:OUTP:DC:ISOL:LEV:AUTO ON;:DISP:PAGE MEASurement;
"
800.0,4.668424057e-07,0.06452499831
800.0,4.669386758e-07,0.06452473712
800.0,4.668812798e-07,0.06452439715
800.0,4.669057184e-07,0.06452367221
800.0,4.668726543e-07,0.06452334958
800.0,4.668859837e-07,0.06452282816
800.0,4.669075414e-07,0.06452244328
800.0,4.668494626e-07,0.06452157658
800.0,4.669389481e-07,0.06452121676
800.0,4.669411762e-07,0.06452043368
800.0,4.668881024e-07,0.064519778
800.0,4.668942168e-07,0.06451950229
800.0,4.669280832e-07,0.06451863476
800.0,4.668850303e-07,0.06451839446
800.0,4.668761155e-07,0.06451825484
800.0,4.668928648e-07,0.0645175767
Freq,800,Rs,0.06452136211750001,2.497414961939913e-06,Ls,4.668955161875e-07,2.994562835844766e-11
":SOUR:DCS:STAT OFF;:BIAS:STAT OFF;:COMP:BIN:COUN:CLE;:LIST:CLE:ALL;:COMP:BIN:CLE;:AMPL:ALC ON;:APER LONG,16;:BIAS:POL:AUTO OFF;:BIAS:RANG:AUTO ON;:BIAS:VOLT:LEV 0;:COMP:ABIN OFF;:COMP:BIN:COUN:STAT OFF;:COMP:MODE PTOL;:COMP:SLIM -9.9e+037,9.9e+037;:COMP:STAT OFF;:COMP:SWAP OFF;:COMP:TOL:NOM 0;:CURR:LEV 0.1;:DISP:ENAB ON;:DISP:LINE """";:DISP:WIND:TEXT1:DATA:FMSD:DATA 1e-009;:DISP:WIND:TEXT2:DATA:FMSD:DATA 1e-009;:FORM:ASC:LONG ON;:FORM:BORD NORM;:FORM:DATA ASC,64;:FREQ:CW 800;:FUNC:DEV1:MODE OFF;:FUNC:DEV1:REF:VAL 0;:FUNC:DEV2:MODE OFF;:FUNC:DEV2:REF:VAL 0;:FUNC:IMP:TYPE LSRS;:FUNC:SMON:IDC:STAT OFF;:FUNC:SMON:VDC:STAT OFF;:INIT:CONT OFF;:LIST:MODE SEQ;:LIST:STIM:TYPE FREQ,NONE;:SOUR:DCS:VOLT:LEV 0;:TRIG:DEL 0;:TRIG:SOUR INT;:TRIG:TDEL 0;:DISP:WIND:TEXT1:DATA:FMSD:STAT OFF;:DISP:WIND:TEXT2:DATA:FMSD:STAT OFF;:FUNC:DCR:RANG:VAL 100;:FUNC:IMP:RANG:VAL 0.1;:OUTP:DC:ISOL:LEV:VAL 0.1;:OUTP:DC:ISOL:STAT OFF;:FUNC:DCR:RANG:AUTO ON;:FUNC:IMP:RANG:AUTO ON;:OUTP:DC:ISOL:LEV:AUTO ON;:DISP:PAGE MEASurement;
"
1000.0,4.662782631e-07,0.06450876908
1000.0,4.662843497e-07,0.06450808553
1000.0,4.662766819e-07,0.06450735866
1000.0,4.662705515e-07,0.06450705446
1000.0,4.662546121e-07,0.06450632161
1000.0,4.662517917e-07,0.06450574181
1000.0,4.662482009e-07,0.06450534879
1000.0,4.662906706e-07,0.06450516392
1000.0,4.662728246e-07,0.06450439201
1000.0,4.662862201e-07,0.06450417492
1000.0,4.662355677e-07,0.06450386761
1000.0,4.662601966e-07,0.06450372096
1000.0,4.66233089e-07,0.06450349414
1000.0,4.66282727e-07,0.06450327188
1000.0,4.662578358e-07,0.06450292884
1000.0,4.662482475e-07,0.06450267708
Freq,1000,Rs,0.06450514820625,1.906355922674243e-06,Ls,4.6626448936249995e-07,1.826174904627859e-11
":SOUR:DCS:STAT OFF;:BIAS:STAT OFF;:COMP:BIN:COUN:CLE;:LIST:CLE:ALL;:COMP:BIN:CLE;:AMPL:ALC ON;:APER LONG,16;:BIAS:POL:AUTO OFF;:BIAS:RANG:AUTO ON;:BIAS:VOLT:LEV 0;:COMP:ABIN OFF;:COMP:BIN:COUN:STAT OFF;:COMP:MODE PTOL;:COMP:SLIM -9.9e+037,9.9e+037;:COMP:STAT OFF;:COMP:SWAP OFF;:COMP:TOL:NOM 0;:CURR:LEV 0.1;:DISP:ENAB ON;:DISP:LINE """";:DISP:WIND:TEXT1:DATA:FMSD:DATA 1e-009;:DISP:WIND:TEXT2:DATA:FMSD:DATA 1e-009;:FORM:ASC:LONG ON;:FORM:BORD NORM;:FORM:DATA ASC,64;:FREQ:CW 1000;:FUNC:DEV1:MODE OFF;:FUNC:DEV1:REF:VAL 0;:FUNC:DEV2:MODE OFF;:FUNC:DEV2:REF:VAL 0;:FUNC:IMP:TYPE LSRS;:FUNC:SMON:IDC:STAT OFF;:FUNC:SMON:VDC:STAT OFF;:INIT:CONT OFF;:LIST:MODE SEQ;:LIST:STIM:TYPE FREQ,NONE;:SOUR:DCS:VOLT:LEV 0;:TRIG:DEL 0;:TRIG:SOUR INT;:TRIG:TDEL 0;:DISP:WIND:TEXT1:DATA:FMSD:STAT OFF;:DISP:WIND:TEXT2:DATA:FMSD:STAT OFF;:FUNC:DCR:RANG:VAL 100;:FUNC:IMP:RANG:VAL 0.1;:OUTP:DC:ISOL:LEV:VAL 0.1;:OUTP:DC:ISOL:STAT OFF;:FUNC:DCR:RANG:AUTO ON;:FUNC:IMP:RANG:AUTO ON;:OUTP:DC:ISOL:LEV:AUTO ON;:DISP:PAGE MEASurement;
"
1591.5494309189535,4.664637808e-07,0.06450176484
1591.5494309189535,4.664368109e-07,0.06450121163
1591.5494309189535,4.664469405e-07,0.0645010877
1591.5494309189535,4.664395671e-07,0.06450040525
1591.5494309189535,4.664522004e-07,0.06450009094
1591.5494309189535,4.664498956e-07,0.06450016601
1591.5494309189535,4.664386098e-07,0.06449978892
1591.5494309189535,4.664390486e-07,0.06449917398
1591.5494309189535,4.664619476e-07,0.06449899844
1591.5494309189535,4.664503423e-07,0.06449871783
1591.5494309189535,4.664523166e-07,0.06449840786
1591.5494309189535,4.664468491e-07,0.06449793759
1591.5494309189535,4.664421419e-07,0.06449735426
1591.5494309189535,4.664279836e-07,0.06449704599
1591.5494309189535,4.664365931e-07,0.06449651799
1591.5494309189535,4.6644676e-07,0.06449605815
Freq,1591.5494309189535,Rs,0.06449904546125,1.7308693261294441e-06,Ls,4.6644573674374997e-07,9.453947533813085e-12
":SOUR:DCS:STAT OFF;:BIAS:STAT OFF;:COMP:BIN:COUN:CLE;:LIST:CLE:ALL;:COMP:BIN:CLE;:AMPL:ALC ON;:APER LONG,16;:BIAS:POL:AUTO OFF;:BIAS:RANG:AUTO ON;:BIAS:VOLT:LEV 0;:COMP:ABIN OFF;:COMP:BIN:COUN:STAT OFF;:COMP:MODE PTOL;:COMP:SLIM -9.9e+037,9.9e+037;:COMP:STAT OFF;:COMP:SWAP OFF;:COMP:TOL:NOM 0;:CURR:LEV 0.1;:DISP:ENAB ON;:DISP:LINE """";:DISP:WIND:TEXT1:DATA:FMSD:DATA 1e-009;:DISP:WIND:TEXT2:DATA:FMSD:DATA 1e-009;:FORM:ASC:LONG ON;:FORM:BORD NORM;:FORM:DATA ASC,64;:FREQ:CW 1592;:FUNC:DEV1:MODE OFF;:FUNC:DEV1:REF:VAL 0;:FUNC:DEV2:MODE OFF;:FUNC:DEV2:REF:VAL 0;:FUNC:IMP:TYPE LSRS;:FUNC:SMON:IDC:STAT OFF;:FUNC:SMON:VDC:STAT OFF;:INIT:CONT OFF;:LIST:MODE SEQ;:LIST:STIM:TYPE FREQ,NONE;:SOUR:DCS:VOLT:LEV 0;:TRIG:DEL 0;:TRIG:SOUR INT;:TRIG:TDEL 0;:DISP:WIND:TEXT1:DATA:FMSD:STAT OFF;:DISP:WIND:TEXT2:DATA:FMSD:STAT OFF;:FUNC:DCR:RANG:VAL 100;:FUNC:IMP:RANG:VAL 0.1;:OUTP:DC:ISOL:LEV:VAL 0.1;:OUTP:DC:ISOL:STAT OFF;:FUNC:DCR:RANG:AUTO ON;:FUNC:IMP:RANG:AUTO ON;:OUTP:DC:ISOL:LEV:AUTO ON;:DISP:PAGE MEASurement;
"
2000.0,4.669387392e-07,0.06450093611
2000.0,4.669663109e-07,0.06450061901
2000.0,4.66972495e-07,0.06450043973
2000.0,4.669578107e-07,0.06450001261
2000.0,4.669557805e-07,0.06450004419
2000.0,4.669735773e-07,0.0644998657
2000.0,4.669663969e-07,0.06449960079
2000.0,4.669609364e-07,0.06449965851
2000.0,4.669597498e-07,0.06449943288
2000.0,4.669711494e-07,0.06449913911
2000.0,4.669639399e-07,0.06449891806
2000.0,4.669662911e-07,0.0644987175
2000.0,4.669652338e-07,0.06449857237
2000.0,4.66969991e-07,0.06449835537
2000.0,4.669615002e-07,0.06449847437
2000.0,4.669503899e-07,0.06449815839
Freq,2000,Rs,0.06449943404375,8.549554803132102e-07,Ls,4.6696251825e-07,8.931353287388166e-12
":SOUR:DCS:STAT OFF;:BIAS:STAT OFF;:COMP:BIN:COUN:CLE;:LIST:CLE:ALL;:COMP:BIN:CLE;:AMPL:ALC ON;:APER LONG,16;:BIAS:POL:AUTO OFF;:BIAS:RANG:AUTO ON;:BIAS:VOLT:LEV 0;:COMP:ABIN OFF;:COMP:BIN:COUN:STAT OFF;:COMP:MODE PTOL;:COMP:SLIM -9.9e+037,9.9e+037;:COMP:STAT OFF;:COMP:SWAP OFF;:COMP:TOL:NOM 0;:CURR:LEV 0.1;:DISP:ENAB ON;:DISP:LINE """";:DISP:WIND:TEXT1:DATA:FMSD:DATA 1e-009;:DISP:WIND:TEXT2:DATA:FMSD:DATA 1e-009;:FORM:ASC:LONG ON;:FORM:BORD NORM;:FORM:DATA ASC,64;:FREQ:CW 2000;:FUNC:DEV1:MODE OFF;:FUNC:DEV1:REF:VAL 0;:FUNC:DEV2:MODE OFF;:FUNC:DEV2:REF:VAL 0;:FUNC:IMP:TYPE LSRS;:FUNC:SMON:IDC:STAT OFF;:FUNC:SMON:VDC:STAT OFF;:INIT:CONT OFF;:LIST:MODE SEQ;:LIST:STIM:TYPE FREQ,NONE;:SOUR:DCS:VOLT:LEV 0;:TRIG:DEL 0;:TRIG:SOUR INT;:TRIG:TDEL 0;:DISP:WIND:TEXT1:DATA:FMSD:STAT OFF;:DISP:WIND:TEXT2:DATA:FMSD:STAT OFF;:FUNC:DCR:RANG:VAL 100;:FUNC:IMP:RANG:VAL 0.1;:OUTP:DC:ISOL:LEV:VAL 0.1;:OUTP:DC:ISOL:STAT OFF;:FUNC:DCR:RANG:AUTO ON;:FUNC:IMP:RANG:AUTO ON;:OUTP:DC:ISOL:LEV:AUTO ON;:DISP:PAGE MEASurement;
"
3000.0,4.67174409e-07,0.06450102297
3000.0,4.671345191e-07,0.06450068326
3000.0,4.671587343e-07,0.06450050561
3000.0,4.67153939e-07,0.06450030924
3000.0,4.671697742e-07,0.06450063005
3000.0,4.671520839e-07,0.06449999747
3000.0,4.671450992e-07,0.06450027657
3000.0,4.671673783e-07,0.06450004925
3000.0,4.671557168e-07,0.06449936459
3000.0,4.671444458e-07,0.06449952395
3000.0,4.671555327e-07,0.06449884307
3000.0,4.67167423e-07,0.06449875062
3000.0,4.671565231e-07,0.06449819773
3000.0,4.671700363e-07,0.0644979489
3000.0,4.671653194e-07,0.06449755571
3000.0,4.671611682e-07,0.06449727318
Freq,3000,Rs,0.06449943326062499,1.1999018982527043e-06,Ls,4.6715825639374997e-07,1.0829210290295077e-11
":SOUR:DCS:STAT OFF;:BIAS:STAT OFF;:COMP:BIN:COUN:CLE;:LIST:CLE:ALL;:COMP:BIN:CLE;:AMPL:ALC ON;:APER LONG,16;:BIAS:POL:AUTO OFF;:BIAS:RANG:AUTO ON;:BIAS:VOLT:LEV 0;:COMP:ABIN OFF;:COMP:BIN:COUN:STAT OFF;:COMP:MODE PTOL;:COMP:SLIM -9.9e+037,9.9e+037;:COMP:STAT OFF;:COMP:SWAP OFF;:COMP:TOL:NOM 0;:CURR:LEV 0.1;:DISP:ENAB ON;:DISP:LINE """";:DISP:WIND:TEXT1:DATA:FMSD:DATA 1e-009;:DISP:WIND:TEXT2:DATA:FMSD:DATA 1e-009;:FORM:ASC:LONG ON;:FORM:BORD NORM;:FORM:DATA ASC,64;:FREQ:CW 3000;:FUNC:DEV1:MODE OFF;:FUNC:DEV1:REF:VAL 0;:FUNC:DEV2:MODE OFF;:FUNC:DEV2:REF:VAL 0;:FUNC:IMP:TYPE LSRS;:FUNC:SMON:IDC:STAT OFF;:FUNC:SMON:VDC:STAT OFF;:INIT:CONT OFF;:LIST:MODE SEQ;:LIST:STIM:TYPE FREQ,NONE;:SOUR:DCS:VOLT:LEV 0;:TRIG:DEL 0;:TRIG:SOUR INT;:TRIG:TDEL 0;:DISP:WIND:TEXT1:DATA:FMSD:STAT OFF;:DISP:WIND:TEXT2:DATA:FMSD:STAT OFF;:FUNC:DCR:RANG:VAL 100;:FUNC:IMP:RANG:VAL 0.1;:OUTP:DC:ISOL:LEV:VAL 0.1;:OUTP:DC:ISOL:STAT OFF;:FUNC:DCR:RANG:AUTO ON;:FUNC:IMP:RANG:AUTO ON;:OUTP:DC:ISOL:LEV:AUTO ON;:DISP:PAGE MEASurement;
"
5000.0,4.668943167e-07,0.06454192485
5000.0,4.668930022e-07,0.06454164974
5000.0,4.668970966e-07,0.06454128635
5000.0,4.66894002e-07,0.06454048637
5000.0,4.668994893e-07,0.06454078052
5000.0,4.668975287e-07,0.06454025217
5000.0,4.669017409e-07,0.06453989918
5000.0,4.668860233e-07,0.06453943147
5000.0,4.66904165e-07,0.06453973082
5000.0,4.669029011e-07,0.06453908833
5000.0,4.668796932e-07,0.06453929294
5000.0,4.668872546e-07,0.0645389145
5000.0,4.668891843e-07,0.06453892652
5000.0,4.668903059e-07,0.064538763
5000.0,4.668836661e-07,0.06453858218
5000.0,4.668936662e-07,0.06453783033
Freq,5000,Rs,0.064539802454375,1.1742174541762916e-06,Ls,4.6689337725624995e-07,7.057352210189936e-12
":SOUR:DCS:STAT OFF;:BIAS:STAT OFF;:COMP:BIN:COUN:CLE;:LIST:CLE:ALL;:COMP:BIN:CLE;:AMPL:ALC ON;:APER LONG,16;:BIAS:POL:AUTO OFF;:BIAS:RANG:AUTO ON;:BIAS:VOLT:LEV 0;:COMP:ABIN OFF;:COMP:BIN:COUN:STAT OFF;:COMP:MODE PTOL;:COMP:SLIM -9.9e+037,9.9e+037;:COMP:STAT OFF;:COMP:SWAP OFF;:COMP:TOL:NOM 0;:CURR:LEV 0.1;:DISP:ENAB ON;:DISP:LINE """";:DISP:WIND:TEXT1:DATA:FMSD:DATA 1e-009;:DISP:WIND:TEXT2:DATA:FMSD:DATA 1e-009;:FORM:ASC:LONG ON;:FORM:BORD NORM;:FORM:DATA ASC,64;:FREQ:CW 5000;:FUNC:DEV1:MODE OFF;:FUNC:DEV1:REF:VAL 0;:FUNC:DEV2:MODE OFF;:FUNC:DEV2:REF:VAL 0;:FUNC:IMP:TYPE LSRS;:FUNC:SMON:IDC:STAT OFF;:FUNC:SMON:VDC:STAT OFF;:INIT:CONT OFF;:LIST:MODE SEQ;:LIST:STIM:TYPE FREQ,NONE;:SOUR:DCS:VOLT:LEV 0;:TRIG:DEL 0;:TRIG:SOUR INT;:TRIG:TDEL 0;:DISP:WIND:TEXT1:DATA:FMSD:STAT OFF;:DISP:WIND:TEXT2:DATA:FMSD:STAT OFF;:FUNC:DCR:RANG:VAL 100;:FUNC:IMP:RANG:VAL 0.1;:OUTP:DC:ISOL:LEV:VAL 0.1;:OUTP:DC:ISOL:STAT OFF;:FUNC:DCR:RANG:AUTO ON;:FUNC:IMP:RANG:AUTO ON;:OUTP:DC:ISOL:LEV:AUTO ON;:DISP:PAGE MEASurement;
"
":SOUR:DCS:STAT OFF;:BIAS:STAT OFF;:COMP:BIN:COUN:CLE;:LIST:CLE:ALL;:COMP:BIN:CLE;:AMPL:ALC ON;:APER LONG,16;:BIAS:POL:AUTO OFF;:BIAS:RANG:AUTO ON;:BIAS:VOLT:LEV 0;:COMP:ABIN OFF;:COMP:BIN:COUN:STAT OFF;:COMP:MODE PTOL;:COMP:SLIM -9.9e+037,9.9e+037;:COMP:STAT OFF;:COMP:SWAP OFF;:COMP:TOL:NOM 0;:CURR:LEV 0.1;:DISP:ENAB ON;:DISP:LINE """";:DISP:WIND:TEXT1:DATA:FMSD:DATA 1e-009;:DISP:WIND:TEXT2:DATA:FMSD:DATA 1e-009;:FORM:ASC:LONG ON;:FORM:BORD NORM;:FORM:DATA ASC,64;:FREQ:CW 5000;:FUNC:DEV1:MODE OFF;:FUNC:DEV1:REF:VAL 0;:FUNC:DEV2:MODE OFF;:FUNC:DEV2:REF:VAL 0;:FUNC:IMP:TYPE LSRS;:FUNC:SMON:IDC:STAT OFF;:FUNC:SMON:VDC:STAT OFF;:INIT:CONT OFF;:LIST:MODE SEQ;:LIST:STIM:TYPE FREQ,NONE;:SOUR:DCS:VOLT:LEV 0;:TRIG:DEL 0;:TRIG:SOUR INT;:TRIG:TDEL 0;:DISP:WIND:TEXT1:DATA:FMSD:STAT OFF;:DISP:WIND:TEXT2:DATA:FMSD:STAT OFF;:FUNC:DCR:RANG:VAL 100;:FUNC:IMP:RANG:VAL 0.1;:OUTP:DC:ISOL:LEV:VAL 0.1;:OUTP:DC:ISOL:STAT OFF;:FUNC:DCR:RANG:AUTO ON;:FUNC:IMP:RANG:AUTO ON;:OUTP:DC:ISOL:LEV:AUTO ON;:DISP:PAGE MEASurement;
"
2022-09-19,11:18:38
---------run finished---------
lcr name:,KeySight E4980A
Name and description of Resistor under test: ,RE4R
GPIB source:,<bound method MessageBasedResource.read of <'GPIBInstrument'('GPIB0::17::INSTR')>>
2022-09-19,11:23:18
select the freq range,"[50, 100, 200, 300, 500, 800, 1000, 1591.5494309189535, 2000, 3000, 5000]"
50.0,5.320101095e-07,0.06446448363
50.0,5.281790449e-07,0.06446413888
50.0,5.25994124e-07,0.06446415927
50.0,5.263276089e-07,0.06446280328
50.0,5.222897572e-07,0.06446154671
50.0,5.168730467e-07,0.06445976865
50.0,5.165937222e-07,0.06445850393
50.0,5.191818121e-07,0.06445696923
50.0,5.30214228e-07,0.0644527141
50.0,5.237655846e-07,0.06444845345
50.0,5.117783943e-07,0.06444804132
50.0,5.108444979e-07,0.0644505013
50.0,5.219461719e-07,0.06445074127
50.0,5.232343599e-07,0.06444942985
50.0,5.214276405e-07,0.0644481242
50.0,5.177664264e-07,0.06444773666
Freq,50,Rs,0.064455507233125,6.6423906423968365e-06,Ls,5.217766580625001e-07,6.083311614474829e-09
":SOUR:DCS:STAT OFF;:BIAS:STAT OFF;:COMP:BIN:COUN:CLE;:LIST:CLE:ALL;:COMP:BIN:CLE;:AMPL:ALC ON;:APER LONG,16;:BIAS:POL:AUTO OFF;:BIAS:RANG:AUTO ON;:BIAS:VOLT:LEV 0;:COMP:ABIN OFF;:COMP:BIN:COUN:STAT OFF;:COMP:MODE PTOL;:COMP:SLIM -9.9e+037,9.9e+037;:COMP:STAT OFF;:COMP:SWAP OFF;:COMP:TOL:NOM 0;:CURR:LEV 0.1;:DISP:ENAB ON;:DISP:LINE """";:DISP:WIND:TEXT1:DATA:FMSD:DATA 1e-009;:DISP:WIND:TEXT2:DATA:FMSD:DATA 1e-009;:FORM:ASC:LONG ON;:FORM:BORD NORM;:FORM:DATA ASC,64;:FREQ:CW 50;:FUNC:DEV1:MODE OFF;:FUNC:DEV1:REF:VAL 0;:FUNC:DEV2:MODE OFF;:FUNC:DEV2:REF:VAL 0;:FUNC:IMP:TYPE LSRS;:FUNC:SMON:IDC:STAT OFF;:FUNC:SMON:VDC:STAT OFF;:INIT:CONT OFF;:LIST:MODE SEQ;:LIST:STIM:TYPE FREQ,NONE;:SOUR:DCS:VOLT:LEV 0;:TRIG:DEL 0;:TRIG:SOUR INT;:TRIG:TDEL 0;:DISP:WIND:TEXT1:DATA:FMSD:STAT OFF;:DISP:WIND:TEXT2:DATA:FMSD:STAT OFF;:FUNC:DCR:RANG:VAL 100;:FUNC:IMP:RANG:VAL 0.1;:OUTP:DC:ISOL:LEV:VAL 0.1;:OUTP:DC:ISOL:STAT OFF;:FUNC:DCR:RANG:AUTO ON;:FUNC:IMP:RANG:AUTO ON;:OUTP:DC:ISOL:LEV:AUTO ON;:DISP:PAGE MEASurement;
"
100.0,4.850623192e-07,0.06442256751
100.0,4.849613607e-07,0.0644219373
100.0,4.848048358e-07,0.06442161464
100.0,4.856630705e-07,0.06442025591
100.0,4.853672539e-07,0.06441905842
100.0,4.855280225e-07,0.06441798644
100.0,4.852460703e-07,0.06441702767
100.0,4.852741838e-07,0.06441666642
100.0,4.856715808e-07,0.0644159843
100.0,4.856370939e-07,0.06441506341
100.0,4.847388394e-07,0.06441397577
100.0,4.846850631e-07,0.06441337942
100.0,4.850027148e-07,0.06441282599
100.0,4.852059843e-07,0.06441177903
100.0,4.849393734e-07,0.06441114435
100.0,4.857062344e-07,0.06441093079
Freq,100,Rs,0.064416387335625,3.910906587954323e-06,Ls,4.8521837505e-07,3.5011571427145263e-10
":SOUR:DCS:STAT OFF;:BIAS:STAT OFF;:COMP:BIN:COUN:CLE;:LIST:CLE:ALL;:COMP:BIN:CLE;:AMPL:ALC ON;:APER LONG,16;:BIAS:POL:AUTO OFF;:BIAS:RANG:AUTO ON;:BIAS:VOLT:LEV 0;:COMP:ABIN OFF;:COMP:BIN:COUN:STAT OFF;:COMP:MODE PTOL;:COMP:SLIM -9.9e+037,9.9e+037;:COMP:STAT OFF;:COMP:SWAP OFF;:COMP:TOL:NOM 0;:CURR:LEV 0.1;:DISP:ENAB ON;:DISP:LINE """";:DISP:WIND:TEXT1:DATA:FMSD:DATA 1e-009;:DISP:WIND:TEXT2:DATA:FMSD:DATA 1e-009;:FORM:ASC:LONG ON;:FORM:BORD NORM;:FORM:DATA ASC,64;:FREQ:CW 100;:FUNC:DEV1:MODE OFF;:FUNC:DEV1:REF:VAL 0;:FUNC:DEV2:MODE OFF;:FUNC:DEV2:REF:VAL 0;:FUNC:IMP:TYPE LSRS;:FUNC:SMON:IDC:STAT OFF;:FUNC:SMON:VDC:STAT OFF;:INIT:CONT OFF;:LIST:MODE SEQ;:LIST:STIM:TYPE FREQ,NONE;:SOUR:DCS:VOLT:LEV 0;:TRIG:DEL 0;:TRIG:SOUR INT;:TRIG:TDEL 0;:DISP:WIND:TEXT1:DATA:FMSD:STAT OFF;:DISP:WIND:TEXT2:DATA:FMSD:STAT OFF;:FUNC:DCR:RANG:VAL 100;:FUNC:IMP:RANG:VAL 0.1;:OUTP:DC:ISOL:LEV:VAL 0.1;:OUTP:DC:ISOL:STAT OFF;:FUNC:DCR:RANG:AUTO ON;:FUNC:IMP:RANG:AUTO ON;:OUTP:DC:ISOL:LEV:AUTO ON;:DISP:PAGE MEASurement;
"
200.0,4.834712844e-07,0.06443323105
200.0,4.833433232e-07,0.06443272571
200.0,4.834716732e-07,0.06443209095
200.0,4.832538924e-07,0.06443150633
200.0,4.833368247e-07,0.06443094196
200.0,4.834104098e-07,0.06443017707
200.0,4.834948328e-07,0.06443015107
200.0,4.834211858e-07,0.06442921542
200.0,4.834666335e-07,0.06442856148
200.0,4.833213577e-07,0.06442841552
200.0,4.831118001e-07,0.06442773859
200.0,4.832457033e-07,0.06442669729
200.0,4.834526848e-07,0.06442607905
200.0,4.832813199e-07,0.06442545009
200.0,4.832526427e-07,0.06442459068
200.0,4.833856916e-07,0.0644240286
Freq,200,Rs,0.06442885005375,2.9040771948587465e-06,Ls,4.833575787437499e-07,1.0825821714010361e-10
":SOUR:DCS:STAT OFF;:BIAS:STAT OFF;:COMP:BIN:COUN:CLE;:LIST:CLE:ALL;:COMP:BIN:CLE;:AMPL:ALC ON;:APER LONG,16;:BIAS:POL:AUTO OFF;:BIAS:RANG:AUTO ON;:BIAS:VOLT:LEV 0;:COMP:ABIN OFF;:COMP:BIN:COUN:STAT OFF;:COMP:MODE PTOL;:COMP:SLIM -9.9e+037,9.9e+037;:COMP:STAT OFF;:COMP:SWAP OFF;:COMP:TOL:NOM 0;:CURR:LEV 0.1;:DISP:ENAB ON;:DISP:LINE """";:DISP:WIND:TEXT1:DATA:FMSD:DATA 1e-009;:DISP:WIND:TEXT2:DATA:FMSD:DATA 1e-009;:FORM:ASC:LONG ON;:FORM:BORD NORM;:FORM:DATA ASC,64;:FREQ:CW 200;:FUNC:DEV1:MODE OFF;:FUNC:DEV1:REF:VAL 0;:FUNC:DEV2:MODE OFF;:FUNC:DEV2:REF:VAL 0;:FUNC:IMP:TYPE LSRS;:FUNC:SMON:IDC:STAT OFF;:FUNC:SMON:VDC:STAT OFF;:INIT:CONT OFF;:LIST:MODE SEQ;:LIST:STIM:TYPE FREQ,NONE;:SOUR:DCS:VOLT:LEV 0;:TRIG:DEL 0;:TRIG:SOUR INT;:TRIG:TDEL 0;:DISP:WIND:TEXT1:DATA:FMSD:STAT OFF;:DISP:WIND:TEXT2:DATA:FMSD:STAT OFF;:FUNC:DCR:RANG:VAL 100;:FUNC:IMP:RANG:VAL 0.1;:OUTP:DC:ISOL:LEV:VAL 0.1;:OUTP:DC:ISOL:STAT OFF;:FUNC:DCR:RANG:AUTO ON;:FUNC:IMP:RANG:AUTO ON;:OUTP:DC:ISOL:LEV:AUTO ON;:DISP:PAGE MEASurement;
"
300.0,4.729904355e-07,0.06442833853
300.0,4.731280743e-07,0.06442779325
300.0,4.729960596e-07,0.06442740616
300.0,4.73003233e-07,0.06442734731
300.0,4.730288784e-07,0.06442670698
300.0,4.731173859e-07,0.06442606305
300.0,4.732660852e-07,0.06442565603
300.0,4.731195239e-07,0.06442543492
300.0,4.731405188e-07,0.06442469351
300.0,4.730742359e-07,0.06442420494
300.0,4.729990737e-07,0.06442366585
300.0,4.730523127e-07,0.06442337532
300.0,4.730319022e-07,0.06442316862
300.0,4.730836645e-07,0.06442296666
300.0,4.730349745e-07,0.06442192251
300.0,4.729984245e-07,0.06442157535
Freq,300,Rs,0.064425019936875,2.1406808864290192e-06,Ls,4.730665489125e-07,7.420612920301555e-11
":SOUR:DCS:STAT OFF;:BIAS:STAT OFF;:COMP:BIN:COUN:CLE;:LIST:CLE:ALL;:COMP:BIN:CLE;:AMPL:ALC ON;:APER LONG,16;:BIAS:POL:AUTO OFF;:BIAS:RANG:AUTO ON;:BIAS:VOLT:LEV 0;:COMP:ABIN OFF;:COMP:BIN:COUN:STAT OFF;:COMP:MODE PTOL;:COMP:SLIM -9.9e+037,9.9e+037;:COMP:STAT OFF;:COMP:SWAP OFF;:COMP:TOL:NOM 0;:CURR:LEV 0.1;:DISP:ENAB ON;:DISP:LINE """";:DISP:WIND:TEXT1:DATA:FMSD:DATA 1e-009;:DISP:WIND:TEXT2:DATA:FMSD:DATA 1e-009;:FORM:ASC:LONG ON;:FORM:BORD NORM;:FORM:DATA ASC,64;:FREQ:CW 300;:FUNC:DEV1:MODE OFF;:FUNC:DEV1:REF:VAL 0;:FUNC:DEV2:MODE OFF;:FUNC:DEV2:REF:VAL 0;:FUNC:IMP:TYPE LSRS;:FUNC:SMON:IDC:STAT OFF;:FUNC:SMON:VDC:STAT OFF;:INIT:CONT OFF;:LIST:MODE SEQ;:LIST:STIM:TYPE FREQ,NONE;:SOUR:DCS:VOLT:LEV 0;:TRIG:DEL 0;:TRIG:SOUR INT;:TRIG:TDEL 0;:DISP:WIND:TEXT1:DATA:FMSD:STAT OFF;:DISP:WIND:TEXT2:DATA:FMSD:STAT OFF;:FUNC:DCR:RANG:VAL 100;:FUNC:IMP:RANG:VAL 0.1;:OUTP:DC:ISOL:LEV:VAL 0.1;:OUTP:DC:ISOL:STAT OFF;:FUNC:DCR:RANG:AUTO ON;:FUNC:IMP:RANG:AUTO ON;:OUTP:DC:ISOL:LEV:AUTO ON;:DISP:PAGE MEASurement;
"
500.0,4.679221831e-07,0.06443171922
500.0,4.679201751e-07,0.06443130672
500.0,4.679326213e-07,0.06443086425
500.0,4.679933877e-07,0.06443023128
500.0,4.679216074e-07,0.06443002568
500.0,4.678455762e-07,0.06442963583
500.0,4.6793983e-07,0.06442933452
500.0,4.678976441e-07,0.064428818
500.0,4.678972222e-07,0.06442810719
500.0,4.680276725e-07,0.06442795734
500.0,4.679389655e-07,0.06442761152
500.0,4.679281969e-07,0.06442748124
500.0,4.678918252e-07,0.06442730087
500.0,4.67926096e-07,0.06442688694
500.0,4.679715375e-07,0.06442681538
500.0,4.678827999e-07,0.06442614456
Freq,500,Rs,0.06442876503375,1.7286121486987144e-06,Ls,4.679273337875e-07,4.361484066793665e-11
":SOUR:DCS:STAT OFF;:BIAS:STAT OFF;:COMP:BIN:COUN:CLE;:LIST:CLE:ALL;:COMP:BIN:CLE;:AMPL:ALC ON;:APER LONG,16;:BIAS:POL:AUTO OFF;:BIAS:RANG:AUTO ON;:BIAS:VOLT:LEV 0;:COMP:ABIN OFF;:COMP:BIN:COUN:STAT OFF;:COMP:MODE PTOL;:COMP:SLIM -9.9e+037,9.9e+037;:COMP:STAT OFF;:COMP:SWAP OFF;:COMP:TOL:NOM 0;:CURR:LEV 0.1;:DISP:ENAB ON;:DISP:LINE """";:DISP:WIND:TEXT1:DATA:FMSD:DATA 1e-009;:DISP:WIND:TEXT2:DATA:FMSD:DATA 1e-009;:FORM:ASC:LONG ON;:FORM:BORD NORM;:FORM:DATA ASC,64;:FREQ:CW 500;:FUNC:DEV1:MODE OFF;:FUNC:DEV1:REF:VAL 0;:FUNC:DEV2:MODE OFF;:FUNC:DEV2:REF:VAL 0;:FUNC:IMP:TYPE LSRS;:FUNC:SMON:IDC:STAT OFF;:FUNC:SMON:VDC:STAT OFF;:INIT:CONT OFF;:LIST:MODE SEQ;:LIST:STIM:TYPE FREQ,NONE;:SOUR:DCS:VOLT:LEV 0;:TRIG:DEL 0;:TRIG:SOUR INT;:TRIG:TDEL 0;:DISP:WIND:TEXT1:DATA:FMSD:STAT OFF;:DISP:WIND:TEXT2:DATA:FMSD:STAT OFF;:FUNC:DCR:RANG:VAL 100;:FUNC:IMP:RANG:VAL 0.1;:OUTP:DC:ISOL:LEV:VAL 0.1;:OUTP:DC:ISOL:STAT OFF;:FUNC:DCR:RANG:AUTO ON;:FUNC:IMP:RANG:AUTO ON;:OUTP:DC:ISOL:LEV:AUTO ON;:DISP:PAGE MEASurement;
"
800.0,4.665033026e-07,0.0644322679
800.0,4.664531315e-07,0.06443178034
800.0,4.665248432e-07,0.06443119183
800.0,4.664744157e-07,0.06443088952
800.0,4.66520242e-07,0.06443039323
800.0,4.665453135e-07,0.06443005663
800.0,4.664986479e-07,0.06442960101
800.0,4.665117099e-07,0.06442906525
800.0,4.665174253e-07,0.06442908782
800.0,4.665327255e-07,0.06442894255
800.0,4.664597439e-07,0.06442882495
800.0,4.664556941e-07,0.06442858837
800.0,4.664545181e-07,0.06442804837
800.0,4.665124041e-07,0.06442782294
800.0,4.665185104e-07,0.06442758742
800.0,4.664807011e-07,0.06442748683
Freq,800,Rs,0.064429477185,1.491103276319203e-06,Ls,4.6649770805e-07,3.043350219711492e-11
":SOUR:DCS:STAT OFF;:BIAS:STAT OFF;:COMP:BIN:COUN:CLE;:LIST:CLE:ALL;:COMP:BIN:CLE;:AMPL:ALC ON;:APER LONG,16;:BIAS:POL:AUTO OFF;:BIAS:RANG:AUTO ON;:BIAS:VOLT:LEV 0;:COMP:ABIN OFF;:COMP:BIN:COUN:STAT OFF;:COMP:MODE PTOL;:COMP:SLIM -9.9e+037,9.9e+037;:COMP:STAT OFF;:COMP:SWAP OFF;:COMP:TOL:NOM 0;:CURR:LEV 0.1;:DISP:ENAB ON;:DISP:LINE """";:DISP:WIND:TEXT1:DATA:FMSD:DATA 1e-009;:DISP:WIND:TEXT2:DATA:FMSD:DATA 1e-009;:FORM:ASC:LONG ON;:FORM:BORD NORM;:FORM:DATA ASC,64;:FREQ:CW 800;:FUNC:DEV1:MODE OFF;:FUNC:DEV1:REF:VAL 0;:FUNC:DEV2:MODE OFF;:FUNC:DEV2:REF:VAL 0;:FUNC:IMP:TYPE LSRS;:FUNC:SMON:IDC:STAT OFF;:FUNC:SMON:VDC:STAT OFF;:INIT:CONT OFF;:LIST:MODE SEQ;:LIST:STIM:TYPE FREQ,NONE;:SOUR:DCS:VOLT:LEV 0;:TRIG:DEL 0;:TRIG:SOUR INT;:TRIG:TDEL 0;:DISP:WIND:TEXT1:DATA:FMSD:STAT OFF;:DISP:WIND:TEXT2:DATA:FMSD:STAT OFF;:FUNC:DCR:RANG:VAL 100;:FUNC:IMP:RANG:VAL 0.1;:OUTP:DC:ISOL:LEV:VAL 0.1;:OUTP:DC:ISOL:STAT OFF;:FUNC:DCR:RANG:AUTO ON;:FUNC:IMP:RANG:AUTO ON;:OUTP:DC:ISOL:LEV:AUTO ON;:DISP:PAGE MEASurement;
"
1000.0,4.658860368e-07,0.06441845774
1000.0,4.658708644e-07,0.06441814887
1000.0,4.658665639e-07,0.06441811158
1000.0,4.658725317e-07,0.06441815917
1000.0,4.65886182e-07,0.06441805745
1000.0,4.659104367e-07,0.06441791971
1000.0,4.658471565e-07,0.06441768092
1000.0,4.658822713e-07,0.06441739212
1000.0,4.658797722e-07,0.06441728129
1000.0,4.65899994e-07,0.06441725084
1000.0,4.658929703e-07,0.06441713599
1000.0,4.658832453e-07,0.0644167256
1000.0,4.658483562e-07,0.06441656872
1000.0,4.658636974e-07,0.06441645554
1000.0,4.658594559e-07,0.06441624943
1000.0,4.658739284e-07,0.06441623555
Freq,1000,Rs,0.06441736440750001,7.459667976295941e-07,Ls,4.6587646643749996e-07,1.7338772223075574e-11
":SOUR:DCS:STAT OFF;:BIAS:STAT OFF;:COMP:BIN:COUN:CLE;:LIST:CLE:ALL;:COMP:BIN:CLE;:AMPL:ALC ON;:APER LONG,16;:BIAS:POL:AUTO OFF;:BIAS:RANG:AUTO ON;:BIAS:VOLT:LEV 0;:COMP:ABIN OFF;:COMP:BIN:COUN:STAT OFF;:COMP:MODE PTOL;:COMP:SLIM -9.9e+037,9.9e+037;:COMP:STAT OFF;:COMP:SWAP OFF;:COMP:TOL:NOM 0;:CURR:LEV 0.1;:DISP:ENAB ON;:DISP:LINE """";:DISP:WIND:TEXT1:DATA:FMSD:DATA 1e-009;:DISP:WIND:TEXT2:DATA:FMSD:DATA 1e-009;:FORM:ASC:LONG ON;:FORM:BORD NORM;:FORM:DATA ASC,64;:FREQ:CW 1000;:FUNC:DEV1:MODE OFF;:FUNC:DEV1:REF:VAL 0;:FUNC:DEV2:MODE OFF;:FUNC:DEV2:REF:VAL 0;:FUNC:IMP:TYPE LSRS;:FUNC:SMON:IDC:STAT OFF;:FUNC:SMON:VDC:STAT OFF;:INIT:CONT OFF;:LIST:MODE SEQ;:LIST:STIM:TYPE FREQ,NONE;:SOUR:DCS:VOLT:LEV 0;:TRIG:DEL 0;:TRIG:SOUR INT;:TRIG:TDEL 0;:DISP:WIND:TEXT1:DATA:FMSD:STAT OFF;:DISP:WIND:TEXT2:DATA:FMSD:STAT OFF;:FUNC:DCR:RANG:VAL 100;:FUNC:IMP:RANG:VAL 0.1;:OUTP:DC:ISOL:LEV:VAL 0.1;:OUTP:DC:ISOL:STAT OFF;:FUNC:DCR:RANG:AUTO ON;:FUNC:IMP:RANG:AUTO ON;:OUTP:DC:ISOL:LEV:AUTO ON;:DISP:PAGE MEASurement;
"
1591.5494309189535,4.661166371e-07,0.06441495028
1591.5494309189535,4.661280844e-07,0.06441484243
1591.5494309189535,4.661099794e-07,0.06441466026
1591.5494309189535,4.661150627e-07,0.06441454829
1591.5494309189535,4.661070119e-07,0.06441414636
1591.5494309189535,4.661158151e-07,0.06441415886
1591.5494309189535,4.661101568e-07,0.06441410611
1591.5494309189535,4.661201142e-07,0.06441393089
1591.5494309189535,4.661052633e-07,0.06441351407
1591.5494309189535,4.661217484e-07,0.06441314883
1591.5494309189535,4.661269683e-07,0.06441271636
1591.5494309189535,4.66119815e-07,0.06441279536
1591.5494309189535,4.661150333e-07,0.06441249453
1591.5494309189535,4.661130437e-07,0.0644125141
1591.5494309189535,4.661011881e-07,0.06441213874
1591.5494309189535,4.661125816e-07,0.06441183519
Freq,1591.5494309189535,Rs,0.06441353129124999,1.0191993569704729e-06,Ls,4.6611490645625e-07,7.394826317903519e-12
":SOUR:DCS:STAT OFF;:BIAS:STAT OFF;:COMP:BIN:COUN:CLE;:LIST:CLE:ALL;:COMP:BIN:CLE;:AMPL:ALC ON;:APER LONG,16;:BIAS:POL:AUTO OFF;:BIAS:RANG:AUTO ON;:BIAS:VOLT:LEV 0;:COMP:ABIN OFF;:COMP:BIN:COUN:STAT OFF;:COMP:MODE PTOL;:COMP:SLIM -9.9e+037,9.9e+037;:COMP:STAT OFF;:COMP:SWAP OFF;:COMP:TOL:NOM 0;:CURR:LEV 0.1;:DISP:ENAB ON;:DISP:LINE """";:DISP:WIND:TEXT1:DATA:FMSD:DATA 1e-009;:DISP:WIND:TEXT2:DATA:FMSD:DATA 1e-009;:FORM:ASC:LONG ON;:FORM:BORD NORM;:FORM:DATA ASC,64;:FREQ:CW 1592;:FUNC:DEV1:MODE OFF;:FUNC:DEV1:REF:VAL 0;:FUNC:DEV2:MODE OFF;:FUNC:DEV2:REF:VAL 0;:FUNC:IMP:TYPE LSRS;:FUNC:SMON:IDC:STAT OFF;:FUNC:SMON:VDC:STAT OFF;:INIT:CONT OFF;:LIST:MODE SEQ;:LIST:STIM:TYPE FREQ,NONE;:SOUR:DCS:VOLT:LEV 0;:TRIG:DEL 0;:TRIG:SOUR INT;:TRIG:TDEL 0;:DISP:WIND:TEXT1:DATA:FMSD:STAT OFF;:DISP:WIND:TEXT2:DATA:FMSD:STAT OFF;:FUNC:DCR:RANG:VAL 100;:FUNC:IMP:RANG:VAL 0.1;:OUTP:DC:ISOL:LEV:VAL 0.1;:OUTP:DC:ISOL:STAT OFF;:FUNC:DCR:RANG:AUTO ON;:FUNC:IMP:RANG:AUTO ON;:OUTP:DC:ISOL:LEV:AUTO ON;:DISP:PAGE MEASurement;
"
2000.0,4.666655613e-07,0.0644170348
2000.0,4.666568178e-07,0.06441678484
2000.0,4.666768588e-07,0.06441681784
2000.0,4.666638334e-07,0.064416608
2000.0,4.666782654e-07,0.06441651893
2000.0,4.666640821e-07,0.0644164569
2000.0,4.666649816e-07,0.06441641068
2000.0,4.666524431e-07,0.06441622303
2000.0,4.666702503e-07,0.06441617192
2000.0,4.666501672e-07,0.06441595561
2000.0,4.666606623e-07,0.06441597097
2000.0,4.666760519e-07,0.06441569849
2000.0,4.666715412e-07,0.06441578629
2000.0,4.666695729e-07,0.06441558606
2000.0,4.666632706e-07,0.06441554262
2000.0,4.666659379e-07,0.06441542683
Freq,2000,Rs,0.064416187113125,4.993057156447169e-07,Ls,4.666656436125e-07,8.137256466066234e-12
":SOUR:DCS:STAT OFF;:BIAS:STAT OFF;:COMP:BIN:COUN:CLE;:LIST:CLE:ALL;:COMP:BIN:CLE;:AMPL:ALC ON;:APER LONG,16;:BIAS:POL:AUTO OFF;:BIAS:RANG:AUTO ON;:BIAS:VOLT:LEV 0;:COMP:ABIN OFF;:COMP:BIN:COUN:STAT OFF;:COMP:MODE PTOL;:COMP:SLIM -9.9e+037,9.9e+037;:COMP:STAT OFF;:COMP:SWAP OFF;:COMP:TOL:NOM 0;:CURR:LEV 0.1;:DISP:ENAB ON;:DISP:LINE """";:DISP:WIND:TEXT1:DATA:FMSD:DATA 1e-009;:DISP:WIND:TEXT2:DATA:FMSD:DATA 1e-009;:FORM:ASC:LONG ON;:FORM:BORD NORM;:FORM:DATA ASC,64;:FREQ:CW 2000;:FUNC:DEV1:MODE OFF;:FUNC:DEV1:REF:VAL 0;:FUNC:DEV2:MODE OFF;:FUNC:DEV2:REF:VAL 0;:FUNC:IMP:TYPE LSRS;:FUNC:SMON:IDC:STAT OFF;:FUNC:SMON:VDC:STAT OFF;:INIT:CONT OFF;:LIST:MODE SEQ;:LIST:STIM:TYPE FREQ,NONE;:SOUR:DCS:VOLT:LEV 0;:TRIG:DEL 0;:TRIG:SOUR INT;:TRIG:TDEL 0;:DISP:WIND:TEXT1:DATA:FMSD:STAT OFF;:DISP:WIND:TEXT2:DATA:FMSD:STAT OFF;:FUNC:DCR:RANG:VAL 100;:FUNC:IMP:RANG:VAL 0.1;:OUTP:DC:ISOL:LEV:VAL 0.1;:OUTP:DC:ISOL:STAT OFF;:FUNC:DCR:RANG:AUTO ON;:FUNC:IMP:RANG:AUTO ON;:OUTP:DC:ISOL:LEV:AUTO ON;:DISP:PAGE MEASurement;
"
3000.0,4.668864307e-07,0.06441788764
3000.0,4.669120304e-07,0.06441777218
3000.0,4.6693273e-07,0.06441792914
3000.0,4.669168602e-07,0.06441750298
3000.0,4.669356518e-07,0.0644175143
3000.0,4.669125584e-07,0.06441710289
3000.0,4.669083587e-07,0.0644171279
3000.0,4.668904478e-07,0.0644164682
3000.0,4.668915132e-07,0.064416607
3000.0,4.668818118e-07,0.0644167055
3000.0,4.669230201e-07,0.06441633175
3000.0,4.668853406e-07,0.06441652041
3000.0,4.669176484e-07,0.06441591152
3000.0,4.669203231e-07,0.06441593787
3000.0,4.668862964e-07,0.06441587266
3000.0,4.669066932e-07,0.064415848
Freq,3000,Rs,0.06441681499625,7.463576996503076e-07,Ls,4.6690673217499997e-07,1.7614083063564577e-11
":SOUR:DCS:STAT OFF;:BIAS:STAT OFF;:COMP:BIN:COUN:CLE;:LIST:CLE:ALL;:COMP:BIN:CLE;:AMPL:ALC ON;:APER LONG,16;:BIAS:POL:AUTO OFF;:BIAS:RANG:AUTO ON;:BIAS:VOLT:LEV 0;:COMP:ABIN OFF;:COMP:BIN:COUN:STAT OFF;:COMP:MODE PTOL;:COMP:SLIM -9.9e+037,9.9e+037;:COMP:STAT OFF;:COMP:SWAP OFF;:COMP:TOL:NOM 0;:CURR:LEV 0.1;:DISP:ENAB ON;:DISP:LINE """";:DISP:WIND:TEXT1:DATA:FMSD:DATA 1e-009;:DISP:WIND:TEXT2:DATA:FMSD:DATA 1e-009;:FORM:ASC:LONG ON;:FORM:BORD NORM;:FORM:DATA ASC,64;:FREQ:CW 3000;:FUNC:DEV1:MODE OFF;:FUNC:DEV1:REF:VAL 0;:FUNC:DEV2:MODE OFF;:FUNC:DEV2:REF:VAL 0;:FUNC:IMP:TYPE LSRS;:FUNC:SMON:IDC:STAT OFF;:FUNC:SMON:VDC:STAT OFF;:INIT:CONT OFF;:LIST:MODE SEQ;:LIST:STIM:TYPE FREQ,NONE;:SOUR:DCS:VOLT:LEV 0;:TRIG:DEL 0;:TRIG:SOUR INT;:TRIG:TDEL 0;:DISP:WIND:TEXT1:DATA:FMSD:STAT OFF;:DISP:WIND:TEXT2:DATA:FMSD:STAT OFF;:FUNC:DCR:RANG:VAL 100;:FUNC:IMP:RANG:VAL 0.1;:OUTP:DC:ISOL:LEV:VAL 0.1;:OUTP:DC:ISOL:STAT OFF;:FUNC:DCR:RANG:AUTO ON;:FUNC:IMP:RANG:AUTO ON;:OUTP:DC:ISOL:LEV:AUTO ON;:DISP:PAGE MEASurement;
"
5000.0,4.66674449e-07,0.06446025942
5000.0,4.666824671e-07,0.06446029405
5000.0,4.666613179e-07,0.0644607858
5000.0,4.666819289e-07,0.06446060049
5000.0,4.666789778e-07,0.06446025782
5000.0,4.666783095e-07,0.06446006235
5000.0,4.666683228e-07,0.06446033953
5000.0,4.66672963e-07,0.06445999186
5000.0,4.6666661e-07,0.06445974731
5000.0,4.666791845e-07,0.06445990783
5000.0,4.666819534e-07,0.0644599544
5000.0,4.666663831e-07,0.06445986376
5000.0,4.666683981e-07,0.06445974101
5000.0,4.666649436e-07,0.06445925506
5000.0,4.666898835e-07,0.06445939996
5000.0,4.666744388e-07,0.06445926079
Freq,5000,Rs,0.06445998258999999,4.4227962021187186e-07,Ls,4.666744081875e-07,7.9087695548561e-12
":SOUR:DCS:STAT OFF;:BIAS:STAT OFF;:COMP:BIN:COUN:CLE;:LIST:CLE:ALL;:COMP:BIN:CLE;:AMPL:ALC ON;:APER LONG,16;:BIAS:POL:AUTO OFF;:BIAS:RANG:AUTO ON;:BIAS:VOLT:LEV 0;:COMP:ABIN OFF;:COMP:BIN:COUN:STAT OFF;:COMP:MODE PTOL;:COMP:SLIM -9.9e+037,9.9e+037;:COMP:STAT OFF;:COMP:SWAP OFF;:COMP:TOL:NOM 0;:CURR:LEV 0.1;:DISP:ENAB ON;:DISP:LINE """";:DISP:WIND:TEXT1:DATA:FMSD:DATA 1e-009;:DISP:WIND:TEXT2:DATA:FMSD:DATA 1e-009;:FORM:ASC:LONG ON;:FORM:BORD NORM;:FORM:DATA ASC,64;:FREQ:CW 5000;:FUNC:DEV1:MODE OFF;:FUNC:DEV1:REF:VAL 0;:FUNC:DEV2:MODE OFF;:FUNC:DEV2:REF:VAL 0;:FUNC:IMP:TYPE LSRS;:FUNC:SMON:IDC:STAT OFF;:FUNC:SMON:VDC:STAT OFF;:INIT:CONT OFF;:LIST:MODE SEQ;:LIST:STIM:TYPE FREQ,NONE;:SOUR:DCS:VOLT:LEV 0;:TRIG:DEL 0;:TRIG:SOUR INT;:TRIG:TDEL 0;:DISP:WIND:TEXT1:DATA:FMSD:STAT OFF;:DISP:WIND:TEXT2:DATA:FMSD:STAT OFF;:FUNC:DCR:RANG:VAL 100;:FUNC:IMP:RANG:VAL 0.1;:OUTP:DC:ISOL:LEV:VAL 0.1;:OUTP:DC:ISOL:STAT OFF;:FUNC:DCR:RANG:AUTO ON;:FUNC:IMP:RANG:AUTO ON;:OUTP:DC:ISOL:LEV:AUTO ON;:DISP:PAGE MEASurement;
"
":SOUR:DCS:STAT OFF;:BIAS:STAT OFF;:COMP:BIN:COUN:CLE;:LIST:CLE:ALL;:COMP:BIN:CLE;:AMPL:ALC ON;:APER LONG,16;:BIAS:POL:AUTO OFF;:BIAS:RANG:AUTO ON;:BIAS:VOLT:LEV 0;:COMP:ABIN OFF;:COMP:BIN:COUN:STAT OFF;:COMP:MODE PTOL;:COMP:SLIM -9.9e+037,9.9e+037;:COMP:STAT OFF;:COMP:SWAP OFF;:COMP:TOL:NOM 0;:CURR:LEV 0.1;:DISP:ENAB ON;:DISP:LINE """";:DISP:WIND:TEXT1:DATA:FMSD:DATA 1e-009;:DISP:WIND:TEXT2:DATA:FMSD:DATA 1e-009;:FORM:ASC:LONG ON;:FORM:BORD NORM;:FORM:DATA ASC,64;:FREQ:CW 5000;:FUNC:DEV1:MODE OFF;:FUNC:DEV1:REF:VAL 0;:FUNC:DEV2:MODE OFF;:FUNC:DEV2:REF:VAL 0;:FUNC:IMP:TYPE LSRS;:FUNC:SMON:IDC:STAT OFF;:FUNC:SMON:VDC:STAT OFF;:INIT:CONT OFF;:LIST:MODE SEQ;:LIST:STIM:TYPE FREQ,NONE;:SOUR:DCS:VOLT:LEV 0;:TRIG:DEL 0;:TRIG:SOUR INT;:TRIG:TDEL 0;:DISP:WIND:TEXT1:DATA:FMSD:STAT OFF;:DISP:WIND:TEXT2:DATA:FMSD:STAT OFF;:FUNC:DCR:RANG:VAL 100;:FUNC:IMP:RANG:VAL 0.1;:OUTP:DC:ISOL:LEV:VAL 0.1;:OUTP:DC:ISOL:STAT OFF;:FUNC:DCR:RANG:AUTO ON;:FUNC:IMP:RANG:AUTO ON;:OUTP:DC:ISOL:LEV:AUTO ON;:DISP:PAGE MEASurement;
"
2022-09-19,11:34:35
---------run finished---------
lcr name:,KeySight E4980A
Name and description of Resistor under test: ,RM4
GPIB source:,<bound method MessageBasedResource.read of <'GPIBInstrument'('GPIB0::17::INSTR')>>
2022-09-19,12:13:59
select the freq range,"[50, 100, 200, 300, 500, 800, 1000, 1591.5494309189535, 2000, 3000, 5000]"
50.0,5.132934058e-07,0.06729773709
50.0,5.074770308e-07,0.06729054488
50.0,5.12070282e-07,0.06728246352
50.0,5.291926095e-07,0.06727847927
50.0,5.230288075e-07,0.06727960391
50.0,5.129713914e-07,0.06727551049
50.0,5.076158343e-07,0.06727047163
50.0,5.083865632e-07,0.06726581515
50.0,5.106876018e-07,0.06726134617
50.0,5.136931642e-07,0.06725678995
50.0,5.195191898e-07,0.06725339777
50.0,5.226529688e-07,0.06725059776
50.0,5.221664282e-07,0.06724835738
50.0,5.13385447e-07,0.06724675585
50.0,5.079711143e-07,0.06724880251
50.0,5.135280807e-07,0.06724887424
Freq,50,Rs,0.067265971723125,1.6543234961826095e-05,Ls,5.1485249495625e-07,6.5362840142652575e-09
":SOUR:DCS:STAT OFF;:BIAS:STAT OFF;:COMP:BIN:COUN:CLE;:LIST:CLE:ALL;:COMP:BIN:CLE;:AMPL:ALC ON;:APER LONG,16;:BIAS:POL:AUTO OFF;:BIAS:RANG:AUTO ON;:BIAS:VOLT:LEV 0;:COMP:ABIN OFF;:COMP:BIN:COUN:STAT OFF;:COMP:MODE PTOL;:COMP:SLIM -9.9e+037,9.9e+037;:COMP:STAT OFF;:COMP:SWAP OFF;:COMP:TOL:NOM 0;:CURR:LEV 0.1;:DISP:ENAB ON;:DISP:LINE """";:DISP:WIND:TEXT1:DATA:FMSD:DATA 1e-009;:DISP:WIND:TEXT2:DATA:FMSD:DATA 1e-009;:FORM:ASC:LONG ON;:FORM:BORD NORM;:FORM:DATA ASC,64;:FREQ:CW 50;:FUNC:DEV1:MODE OFF;:FUNC:DEV1:REF:VAL 0;:FUNC:DEV2:MODE OFF;:FUNC:DEV2:REF:VAL 0;:FUNC:IMP:TYPE LSRS;:FUNC:SMON:IDC:STAT OFF;:FUNC:SMON:VDC:STAT OFF;:INIT:CONT OFF;:LIST:MODE SEQ;:LIST:STIM:TYPE FREQ,NONE;:SOUR:DCS:VOLT:LEV 0;:TRIG:DEL 0;:TRIG:SOUR INT;:TRIG:TDEL 0;:DISP:WIND:TEXT1:DATA:FMSD:STAT OFF;:DISP:WIND:TEXT2:DATA:FMSD:STAT OFF;:FUNC:DCR:RANG:VAL 100;:FUNC:IMP:RANG:VAL 0.1;:OUTP:DC:ISOL:LEV:VAL 0.1;:OUTP:DC:ISOL:STAT OFF;:FUNC:DCR:RANG:AUTO ON;:FUNC:IMP:RANG:AUTO ON;:OUTP:DC:ISOL:LEV:AUTO ON;:DISP:PAGE MEASurement;
"
100.0,4.861859858e-07,0.06722271515
100.0,4.864950632e-07,0.06722071211
100.0,4.858471425e-07,0.06721842655
100.0,4.859710096e-07,0.0672168429
100.0,4.862067659e-07,0.0672156917
100.0,4.864248673e-07,0.06721397531
100.0,4.853824165e-07,0.06721196785
100.0,4.858079631e-07,0.06721064387
100.0,4.855426111e-07,0.0672090217
100.0,4.852118732e-07,0.06720780027
100.0,4.86007056e-07,0.06720652257
100.0,4.857480553e-07,0.06720470707
100.0,4.859887903e-07,0.06720398017
100.0,4.854290743e-07,0.06720300824
100.0,4.853641417e-07,0.06720196097
100.0,4.855155946e-07,0.06720100097
Freq,100,Rs,0.0672105610875,6.920211533429888e-06,Ls,4.8582052565e-07,3.9063878806827865e-10
":SOUR:DCS:STAT OFF;:BIAS:STAT OFF;:COMP:BIN:COUN:CLE;:LIST:CLE:ALL;:COMP:BIN:CLE;:AMPL:ALC ON;:APER LONG,16;:BIAS:POL:AUTO OFF;:BIAS:RANG:AUTO ON;:BIAS:VOLT:LEV 0;:COMP:ABIN OFF;:COMP:BIN:COUN:STAT OFF;:COMP:MODE PTOL;:COMP:SLIM -9.9e+037,9.9e+037;:COMP:STAT OFF;:COMP:SWAP OFF;:COMP:TOL:NOM 0;:CURR:LEV 0.1;:DISP:ENAB ON;:DISP:LINE """";:DISP:WIND:TEXT1:DATA:FMSD:DATA 1e-009;:DISP:WIND:TEXT2:DATA:FMSD:DATA 1e-009;:FORM:ASC:LONG ON;:FORM:BORD NORM;:FORM:DATA ASC,64;:FREQ:CW 100;:FUNC:DEV1:MODE OFF;:FUNC:DEV1:REF:VAL 0;:FUNC:DEV2:MODE OFF;:FUNC:DEV2:REF:VAL 0;:FUNC:IMP:TYPE LSRS;:FUNC:SMON:IDC:STAT OFF;:FUNC:SMON:VDC:STAT OFF;:INIT:CONT OFF;:LIST:MODE SEQ;:LIST:STIM:TYPE FREQ,NONE;:SOUR:DCS:VOLT:LEV 0;:TRIG:DEL 0;:TRIG:SOUR INT;:TRIG:TDEL 0;:DISP:WIND:TEXT1:DATA:FMSD:STAT OFF;:DISP:WIND:TEXT2:DATA:FMSD:STAT OFF;:FUNC:DCR:RANG:VAL 100;:FUNC:IMP:RANG:VAL 0.1;:OUTP:DC:ISOL:LEV:VAL 0.1;:OUTP:DC:ISOL:STAT OFF;:FUNC:DCR:RANG:AUTO ON;:FUNC:IMP:RANG:AUTO ON;:OUTP:DC:ISOL:LEV:AUTO ON;:DISP:PAGE MEASurement;
"
200.0,4.853208622e-07,0.06722139873
200.0,4.851215901e-07,0.06722093487
200.0,4.853359301e-07,0.06721978227
200.0,4.854553499e-07,0.06721846526
200.0,4.855771007e-07,0.06721777039
200.0,4.852015129e-07,0.06721709477
200.0,4.852478547e-07,0.06721637408
200.0,4.854723878e-07,0.06721524865
200.0,4.855082523e-07,0.06721426589
200.0,4.854334232e-07,0.06721387994
200.0,4.855022544e-07,0.0672133991
200.0,4.853148768e-07,0.06721234161
200.0,4.852835011e-07,0.06721168523
200.0,4.853883872e-07,0.06721077606
200.0,4.852613354e-07,0.06721029532
200.0,4.854690741e-07,0.06720934613
Freq,200,Rs,0.06721519114375,3.819476664388888e-06,Ls,4.8536835580625e-07,1.2709976808828863e-10
":SOUR:DCS:STAT OFF;:BIAS:STAT OFF;:COMP:BIN:COUN:CLE;:LIST:CLE:ALL;:COMP:BIN:CLE;:AMPL:ALC ON;:APER LONG,16;:BIAS:POL:AUTO OFF;:BIAS:RANG:AUTO ON;:BIAS:VOLT:LEV 0;:COMP:ABIN OFF;:COMP:BIN:COUN:STAT OFF;:COMP:MODE PTOL;:COMP:SLIM -9.9e+037,9.9e+037;:COMP:STAT OFF;:COMP:SWAP OFF;:COMP:TOL:NOM 0;:CURR:LEV 0.1;:DISP:ENAB ON;:DISP:LINE """";:DISP:WIND:TEXT1:DATA:FMSD:DATA 1e-009;:DISP:WIND:TEXT2:DATA:FMSD:DATA 1e-009;:FORM:ASC:LONG ON;:FORM:BORD NORM;:FORM:DATA ASC,64;:FREQ:CW 200;:FUNC:DEV1:MODE OFF;:FUNC:DEV1:REF:VAL 0;:FUNC:DEV2:MODE OFF;:FUNC:DEV2:REF:VAL 0;:FUNC:IMP:TYPE LSRS;:FUNC:SMON:IDC:STAT OFF;:FUNC:SMON:VDC:STAT OFF;:INIT:CONT OFF;:LIST:MODE SEQ;:LIST:STIM:TYPE FREQ,NONE;:SOUR:DCS:VOLT:LEV 0;:TRIG:DEL 0;:TRIG:SOUR INT;:TRIG:TDEL 0;:DISP:WIND:TEXT1:DATA:FMSD:STAT OFF;:DISP:WIND:TEXT2:DATA:FMSD:STAT OFF;:FUNC:DCR:RANG:VAL 100;:FUNC:IMP:RANG:VAL 0.1;:OUTP:DC:ISOL:LEV:VAL 0.1;:OUTP:DC:ISOL:STAT OFF;:FUNC:DCR:RANG:AUTO ON;:FUNC:IMP:RANG:AUTO ON;:OUTP:DC:ISOL:LEV:AUTO ON;:DISP:PAGE MEASurement;
"
300.0,4.751076484e-07,0.0672139043
300.0,4.7498451e-07,0.06721320089
300.0,4.749934402e-07,0.06721266898
300.0,4.750988185e-07,0.06721243695
300.0,4.752332521e-07,0.06721174465
300.0,4.752010835e-07,0.06721084198
300.0,4.750105865e-07,0.06721067961
300.0,4.749669473e-07,0.06721068895
300.0,4.749705534e-07,0.0672100998
300.0,4.750097714e-07,0.06720924478
300.0,4.748504673e-07,0.06720894029
300.0,4.749711474e-07,0.06720779236
300.0,4.749572892e-07,0.06720721135
300.0,4.750109926e-07,0.06720688069
300.0,4.751174919e-07,0.0672060621
300.0,4.750989929e-07,0.06720594067
Freq,300,Rs,0.067209896146875,2.570823216752227e-06,Ls,4.750364370375e-07,9.870611828777819e-11
":SOUR:DCS:STAT OFF;:BIAS:STAT OFF;:COMP:BIN:COUN:CLE;:LIST:CLE:ALL;:COMP:BIN:CLE;:AMPL:ALC ON;:APER LONG,16;:BIAS:POL:AUTO OFF;:BIAS:RANG:AUTO ON;:BIAS:VOLT:LEV 0;:COMP:ABIN OFF;:COMP:BIN:COUN:STAT OFF;:COMP:MODE PTOL;:COMP:SLIM -9.9e+037,9.9e+037;:COMP:STAT OFF;:COMP:SWAP OFF;:COMP:TOL:NOM 0;:CURR:LEV 0.1;:DISP:ENAB ON;:DISP:LINE """";:DISP:WIND:TEXT1:DATA:FMSD:DATA 1e-009;:DISP:WIND:TEXT2:DATA:FMSD:DATA 1e-009;:FORM:ASC:LONG ON;:FORM:BORD NORM;:FORM:DATA ASC,64;:FREQ:CW 300;:FUNC:DEV1:MODE OFF;:FUNC:DEV1:REF:VAL 0;:FUNC:DEV2:MODE OFF;:FUNC:DEV2:REF:VAL 0;:FUNC:IMP:TYPE LSRS;:FUNC:SMON:IDC:STAT OFF;:FUNC:SMON:VDC:STAT OFF;:INIT:CONT OFF;:LIST:MODE SEQ;:LIST:STIM:TYPE FREQ,NONE;:SOUR:DCS:VOLT:LEV 0;:TRIG:DEL 0;:TRIG:SOUR INT;:TRIG:TDEL 0;:DISP:WIND:TEXT1:DATA:FMSD:STAT OFF;:DISP:WIND:TEXT2:DATA:FMSD:STAT OFF;:FUNC:DCR:RANG:VAL 100;:FUNC:IMP:RANG:VAL 0.1;:OUTP:DC:ISOL:LEV:VAL 0.1;:OUTP:DC:ISOL:STAT OFF;:FUNC:DCR:RANG:AUTO ON;:FUNC:IMP:RANG:AUTO ON;:OUTP:DC:ISOL:LEV:AUTO ON;:DISP:PAGE MEASurement;
"
500.0,4.698274524e-07,0.06721589562
500.0,4.698706438e-07,0.0672153197
500.0,4.697494058e-07,0.06721478412
500.0,4.698811826e-07,0.06721426193
500.0,4.697216881e-07,0.06721385969
500.0,4.69756543e-07,0.06721294771
500.0,4.698237924e-07,0.0672124983
500.0,4.69810921e-07,0.06721214299
500.0,4.697891002e-07,0.06721172108
500.0,4.697898886e-07,0.06721138893
500.0,4.699192103e-07,0.06721114295
500.0,4.698425717e-07,0.06721071493
500.0,4.69754863e-07,0.06721007087
500.0,4.69784447e-07,0.06720967234
500.0,4.698052077e-07,0.0672092302
500.0,4.698873106e-07,0.06720898875
Freq,500,Rs,0.067212165006875,2.190429689914747e-06,Ls,4.698133892625e-07,5.5920669244859224e-11
":SOUR:DCS:STAT OFF;:BIAS:STAT OFF;:COMP:BIN:COUN:CLE;:LIST:CLE:ALL;:COMP:BIN:CLE;:AMPL:ALC ON;:APER LONG,16;:BIAS:POL:AUTO OFF;:BIAS:RANG:AUTO ON;:BIAS:VOLT:LEV 0;:COMP:ABIN OFF;:COMP:BIN:COUN:STAT OFF;:COMP:MODE PTOL;:COMP:SLIM -9.9e+037,9.9e+037;:COMP:STAT OFF;:COMP:SWAP OFF;:COMP:TOL:NOM 0;:CURR:LEV 0.1;:DISP:ENAB ON;:DISP:LINE """";:DISP:WIND:TEXT1:DATA:FMSD:DATA 1e-009;:DISP:WIND:TEXT2:DATA:FMSD:DATA 1e-009;:FORM:ASC:LONG ON;:FORM:BORD NORM;:FORM:DATA ASC,64;:FREQ:CW 500;:FUNC:DEV1:MODE OFF;:FUNC:DEV1:REF:VAL 0;:FUNC:DEV2:MODE OFF;:FUNC:DEV2:REF:VAL 0;:FUNC:IMP:TYPE LSRS;:FUNC:SMON:IDC:STAT OFF;:FUNC:SMON:VDC:STAT OFF;:INIT:CONT OFF;:LIST:MODE SEQ;:LIST:STIM:TYPE FREQ,NONE;:SOUR:DCS:VOLT:LEV 0;:TRIG:DEL 0;:TRIG:SOUR INT;:TRIG:TDEL 0;:DISP:WIND:TEXT1:DATA:FMSD:STAT OFF;:DISP:WIND:TEXT2:DATA:FMSD:STAT OFF;:FUNC:DCR:RANG:VAL 100;:FUNC:IMP:RANG:VAL 0.1;:OUTP:DC:ISOL:LEV:VAL 0.1;:OUTP:DC:ISOL:STAT OFF;:FUNC:DCR:RANG:AUTO ON;:FUNC:IMP:RANG:AUTO ON;:OUTP:DC:ISOL:LEV:AUTO ON;:DISP:PAGE MEASurement;
"
800.0,4.682905551e-07,0.06721535751
800.0,4.682714023e-07,0.0672150309
800.0,4.682727332e-07,0.06721497271
800.0,4.682704183e-07,0.06721455592
800.0,4.682839695e-07,0.06721398799
800.0,4.682605353e-07,0.06721367478
800.0,4.682262666e-07,0.06721325373
800.0,4.682827318e-07,0.06721291625
800.0,4.682915367e-07,0.06721288896
800.0,4.682880863e-07,0.06721256872
800.0,4.682864229e-07,0.06721259046
800.0,4.683320639e-07,0.06721189256
800.0,4.682765201e-07,0.0672119658
800.0,4.682928259e-07,0.06721142371
800.0,4.682497022e-07,0.06721118199
800.0,4.682805798e-07,0.06721073301
Freq,800,Rs,0.0672130621875,1.4382162844207573e-06,Ls,4.6827852186875e-07,2.2553128030790824e-11
":SOUR:DCS:STAT OFF;:BIAS:STAT OFF;:COMP:BIN:COUN:CLE;:LIST:CLE:ALL;:COMP:BIN:CLE;:AMPL:ALC ON;:APER LONG,16;:BIAS:POL:AUTO OFF;:BIAS:RANG:AUTO ON;:BIAS:VOLT:LEV 0;:COMP:ABIN OFF;:COMP:BIN:COUN:STAT OFF;:COMP:MODE PTOL;:COMP:SLIM -9.9e+037,9.9e+037;:COMP:STAT OFF;:COMP:SWAP OFF;:COMP:TOL:NOM 0;:CURR:LEV 0.1;:DISP:ENAB ON;:DISP:LINE """";:DISP:WIND:TEXT1:DATA:FMSD:DATA 1e-009;:DISP:WIND:TEXT2:DATA:FMSD:DATA 1e-009;:FORM:ASC:LONG ON;:FORM:BORD NORM;:FORM:DATA ASC,64;:FREQ:CW 800;:FUNC:DEV1:MODE OFF;:FUNC:DEV1:REF:VAL 0;:FUNC:DEV2:MODE OFF;:FUNC:DEV2:REF:VAL 0;:FUNC:IMP:TYPE LSRS;:FUNC:SMON:IDC:STAT OFF;:FUNC:SMON:VDC:STAT OFF;:INIT:CONT OFF;:LIST:MODE SEQ;:LIST:STIM:TYPE FREQ,NONE;:SOUR:DCS:VOLT:LEV 0;:TRIG:DEL 0;:TRIG:SOUR INT;:TRIG:TDEL 0;:DISP:WIND:TEXT1:DATA:FMSD:STAT OFF;:DISP:WIND:TEXT2:DATA:FMSD:STAT OFF;:FUNC:DCR:RANG:VAL 100;:FUNC:IMP:RANG:VAL 0.1;:OUTP:DC:ISOL:LEV:VAL 0.1;:OUTP:DC:ISOL:STAT OFF;:FUNC:DCR:RANG:AUTO ON;:FUNC:IMP:RANG:AUTO ON;:OUTP:DC:ISOL:LEV:AUTO ON;:DISP:PAGE MEASurement;
"
1000.0,4.676357978e-07,0.06720226905
1000.0,4.676581071e-07,0.06720167738
1000.0,4.676698865e-07,0.0672015803
1000.0,4.676191074e-07,0.06720090608
1000.0,4.676269663e-07,0.067200787
1000.0,4.676515627e-07,0.06720018796
1000.0,4.676427926e-07,0.06719999669
1000.0,4.676003039e-07,0.06719944879
1000.0,4.676508391e-07,0.06719903516
1000.0,4.676615008e-07,0.06719895097
1000.0,4.676416876e-07,0.06719868041
1000.0,4.67660698e-07,0.06719859272
1000.0,4.67644646e-07,0.06719803203
1000.0,4.676498471e-07,0.06719775608
1000.0,4.67616309e-07,0.06719758523
1000.0,4.676271046e-07,0.0671972323
Freq,1000,Rs,0.067199544884375,1.572205956702188e-06,Ls,4.6764107228125e-07,1.8975626682179183e-11
":SOUR:DCS:STAT OFF;:BIAS:STAT OFF;:COMP:BIN:COUN:CLE;:LIST:CLE:ALL;:COMP:BIN:CLE;:AMPL:ALC ON;:APER LONG,16;:BIAS:POL:AUTO OFF;:BIAS:RANG:AUTO ON;:BIAS:VOLT:LEV 0;:COMP:ABIN OFF;:COMP:BIN:COUN:STAT OFF;:COMP:MODE PTOL;:COMP:SLIM -9.9e+037,9.9e+037;:COMP:STAT OFF;:COMP:SWAP OFF;:COMP:TOL:NOM 0;:CURR:LEV 0.1;:DISP:ENAB ON;:DISP:LINE """";:DISP:WIND:TEXT1:DATA:FMSD:DATA 1e-009;:DISP:WIND:TEXT2:DATA:FMSD:DATA 1e-009;:FORM:ASC:LONG ON;:FORM:BORD NORM;:FORM:DATA ASC,64;:FREQ:CW 1000;:FUNC:DEV1:MODE OFF;:FUNC:DEV1:REF:VAL 0;:FUNC:DEV2:MODE OFF;:FUNC:DEV2:REF:VAL 0;:FUNC:IMP:TYPE LSRS;:FUNC:SMON:IDC:STAT OFF;:FUNC:SMON:VDC:STAT OFF;:INIT:CONT OFF;:LIST:MODE SEQ;:LIST:STIM:TYPE FREQ,NONE;:SOUR:DCS:VOLT:LEV 0;:TRIG:DEL 0;:TRIG:SOUR INT;:TRIG:TDEL 0;:DISP:WIND:TEXT1:DATA:FMSD:STAT OFF;:DISP:WIND:TEXT2:DATA:FMSD:STAT OFF;:FUNC:DCR:RANG:VAL 100;:FUNC:IMP:RANG:VAL 0.1;:OUTP:DC:ISOL:LEV:VAL 0.1;:OUTP:DC:ISOL:STAT OFF;:FUNC:DCR:RANG:AUTO ON;:FUNC:IMP:RANG:AUTO ON;:OUTP:DC:ISOL:LEV:AUTO ON;:DISP:PAGE MEASurement;
"
1591.5494309189535,4.67835582e-07,0.06719702657
1591.5494309189535,4.678418248e-07,0.06719666646
1591.5494309189535,4.678346733e-07,0.06719636447
1591.5494309189535,4.678396151e-07,0.06719617347
1591.5494309189535,4.678197905e-07,0.06719600491
1591.5494309189535,4.67820934e-07,0.06719555426
1591.5494309189535,4.67824944e-07,0.06719513084
1591.5494309189535,4.67818522e-07,0.06719489503
1591.5494309189535,4.678533608e-07,0.06719471663
1591.5494309189535,4.678313623e-07,0.06719442144
1591.5494309189535,4.678500653e-07,0.06719411946
1591.5494309189535,4.678389252e-07,0.06719386828
1591.5494309189535,4.678593315e-07,0.06719379012
1591.5494309189535,4.678433483e-07,0.06719371914
1591.5494309189535,4.678390789e-07,0.06719334686
1591.5494309189535,4.678425183e-07,0.06719316073
Freq,1591.5494309189535,Rs,0.067194934916875,1.240743518940637e-06,Ls,4.6783711726875e-07,1.1905255694119005e-11
":SOUR:DCS:STAT OFF;:BIAS:STAT OFF;:COMP:BIN:COUN:CLE;:LIST:CLE:ALL;:COMP:BIN:CLE;:AMPL:ALC ON;:APER LONG,16;:BIAS:POL:AUTO OFF;:BIAS:RANG:AUTO ON;:BIAS:VOLT:LEV 0;:COMP:ABIN OFF;:COMP:BIN:COUN:STAT OFF;:COMP:MODE PTOL;:COMP:SLIM -9.9e+037,9.9e+037;:COMP:STAT OFF;:COMP:SWAP OFF;:COMP:TOL:NOM 0;:CURR:LEV 0.1;:DISP:ENAB ON;:DISP:LINE """";:DISP:WIND:TEXT1:DATA:FMSD:DATA 1e-009;:DISP:WIND:TEXT2:DATA:FMSD:DATA 1e-009;:FORM:ASC:LONG ON;:FORM:BORD NORM;:FORM:DATA ASC,64;:FREQ:CW 1592;:FUNC:DEV1:MODE OFF;:FUNC:DEV1:REF:VAL 0;:FUNC:DEV2:MODE OFF;:FUNC:DEV2:REF:VAL 0;:FUNC:IMP:TYPE LSRS;:FUNC:SMON:IDC:STAT OFF;:FUNC:SMON:VDC:STAT OFF;:INIT:CONT OFF;:LIST:MODE SEQ;:LIST:STIM:TYPE FREQ,NONE;:SOUR:DCS:VOLT:LEV 0;:TRIG:DEL 0;:TRIG:SOUR INT;:TRIG:TDEL 0;:DISP:WIND:TEXT1:DATA:FMSD:STAT OFF;:DISP:WIND:TEXT2:DATA:FMSD:STAT OFF;:FUNC:DCR:RANG:VAL 100;:FUNC:IMP:RANG:VAL 0.1;:OUTP:DC:ISOL:LEV:VAL 0.1;:OUTP:DC:ISOL:STAT OFF;:FUNC:DCR:RANG:AUTO ON;:FUNC:IMP:RANG:AUTO ON;:OUTP:DC:ISOL:LEV:AUTO ON;:DISP:PAGE MEASurement;
"
2000.0,4.683516013e-07,0.06719864166
2000.0,4.683441039e-07,0.067198397
2000.0,4.683446154e-07,0.06719822966
2000.0,4.683377131e-07,0.06719795827
2000.0,4.683385997e-07,0.067197748
2000.0,4.683464222e-07,0.06719760297
2000.0,4.683363311e-07,0.06719731664
2000.0,4.683427659e-07,0.06719723349
2000.0,4.68354052e-07,0.06719696337
2000.0,4.683391867e-07,0.06719667037
2000.0,4.683409513e-07,0.06719603759
2000.0,4.683299622e-07,0.06719594774
2000.0,4.683290891e-07,0.06719565303
2000.0,4.683363826e-07,0.06719566653
2000.0,4.683523331e-07,0.06719568983
2000.0,4.683332361e-07,0.06719545288
Freq,2000,Rs,0.067196950564375,1.0942831081888055e-06,Ls,4.6834108410625e-07,7.542093028013679e-12
":SOUR:DCS:STAT OFF;:BIAS:STAT OFF;:COMP:BIN:COUN:CLE;:LIST:CLE:ALL;:COMP:BIN:CLE;:AMPL:ALC ON;:APER LONG,16;:BIAS:POL:AUTO OFF;:BIAS:RANG:AUTO ON;:BIAS:VOLT:LEV 0;:COMP:ABIN OFF;:COMP:BIN:COUN:STAT OFF;:COMP:MODE PTOL;:COMP:SLIM -9.9e+037,9.9e+037;:COMP:STAT OFF;:COMP:SWAP OFF;:COMP:TOL:NOM 0;:CURR:LEV 0.1;:DISP:ENAB ON;:DISP:LINE """";:DISP:WIND:TEXT1:DATA:FMSD:DATA 1e-009;:DISP:WIND:TEXT2:DATA:FMSD:DATA 1e-009;:FORM:ASC:LONG ON;:FORM:BORD NORM;:FORM:DATA ASC,64;:FREQ:CW 2000;:FUNC:DEV1:MODE OFF;:FUNC:DEV1:REF:VAL 0;:FUNC:DEV2:MODE OFF;:FUNC:DEV2:REF:VAL 0;:FUNC:IMP:TYPE LSRS;:FUNC:SMON:IDC:STAT OFF;:FUNC:SMON:VDC:STAT OFF;:INIT:CONT OFF;:LIST:MODE SEQ;:LIST:STIM:TYPE FREQ,NONE;:SOUR:DCS:VOLT:LEV 0;:TRIG:DEL 0;:TRIG:SOUR INT;:TRIG:TDEL 0;:DISP:WIND:TEXT1:DATA:FMSD:STAT OFF;:DISP:WIND:TEXT2:DATA:FMSD:STAT OFF;:FUNC:DCR:RANG:VAL 100;:FUNC:IMP:RANG:VAL 0.1;:OUTP:DC:ISOL:LEV:VAL 0.1;:OUTP:DC:ISOL:STAT OFF;:FUNC:DCR:RANG:AUTO ON;:FUNC:IMP:RANG:AUTO ON;:OUTP:DC:ISOL:LEV:AUTO ON;:DISP:PAGE MEASurement;
"
3000.0,4.685692647e-07,0.0671982985
3000.0,4.685838298e-07,0.06719789052
3000.0,4.68571062e-07,0.06719776629
3000.0,4.685582096e-07,0.06719742912
3000.0,4.685440093e-07,0.06719733536
3000.0,4.685342381e-07,0.06719747421
3000.0,4.685473833e-07,0.0671970964
3000.0,4.68568674e-07,0.06719695031
3000.0,4.685732296e-07,0.0671966865
3000.0,4.68571621e-07,0.06719656227
3000.0,4.685764848e-07,0.06719618794
3000.0,4.685717716e-07,0.06719597495
3000.0,4.685696714e-07,0.06719566176
3000.0,4.685771323e-07,0.06719502367
3000.0,4.685756438e-07,0.0671953666
3000.0,4.685650819e-07,0.06719527578
Freq,3000,Rs,0.06719668626125,1.012008544120118e-06,Ls,4.6856608170000004e-07,1.3464191044152525e-11
":SOUR:DCS:STAT OFF;:BIAS:STAT OFF;:COMP:BIN:COUN:CLE;:LIST:CLE:ALL;:COMP:BIN:CLE;:AMPL:ALC ON;:APER LONG,16;:BIAS:POL:AUTO OFF;:BIAS:RANG:AUTO ON;:BIAS:VOLT:LEV 0;:COMP:ABIN OFF;:COMP:BIN:COUN:STAT OFF;:COMP:MODE PTOL;:COMP:SLIM -9.9e+037,9.9e+037;:COMP:STAT OFF;:COMP:SWAP OFF;:COMP:TOL:NOM 0;:CURR:LEV 0.1;:DISP:ENAB ON;:DISP:LINE """";:DISP:WIND:TEXT1:DATA:FMSD:DATA 1e-009;:DISP:WIND:TEXT2:DATA:FMSD:DATA 1e-009;:FORM:ASC:LONG ON;:FORM:BORD NORM;:FORM:DATA ASC,64;:FREQ:CW 3000;:FUNC:DEV1:MODE OFF;:FUNC:DEV1:REF:VAL 0;:FUNC:DEV2:MODE OFF;:FUNC:DEV2:REF:VAL 0;:FUNC:IMP:TYPE LSRS;:FUNC:SMON:IDC:STAT OFF;:FUNC:SMON:VDC:STAT OFF;:INIT:CONT OFF;:LIST:MODE SEQ;:LIST:STIM:TYPE FREQ,NONE;:SOUR:DCS:VOLT:LEV 0;:TRIG:DEL 0;:TRIG:SOUR INT;:TRIG:TDEL 0;:DISP:WIND:TEXT1:DATA:FMSD:STAT OFF;:DISP:WIND:TEXT2:DATA:FMSD:STAT OFF;:FUNC:DCR:RANG:VAL 100;:FUNC:IMP:RANG:VAL 0.1;:OUTP:DC:ISOL:LEV:VAL 0.1;:OUTP:DC:ISOL:STAT OFF;:FUNC:DCR:RANG:AUTO ON;:FUNC:IMP:RANG:AUTO ON;:OUTP:DC:ISOL:LEV:AUTO ON;:DISP:PAGE MEASurement;
"
5000.0,4.683102062e-07,0.06723817323
5000.0,4.683126749e-07,0.06723818738
5000.0,4.683068271e-07,0.06723817229
5000.0,4.683128332e-07,0.06723787482
5000.0,4.683189719e-07,0.0672373798
5000.0,4.682998223e-07,0.06723729291
5000.0,4.683151109e-07,0.06723691059
5000.0,4.683251549e-07,0.06723646419
5000.0,4.683146095e-07,0.06723624885
5000.0,4.68322145e-07,0.06723602117
5000.0,4.683261809e-07,0.06723574965
5000.0,4.683096877e-07,0.06723622777
5000.0,4.683165466e-07,0.06723592888
5000.0,4.683043777e-07,0.06723593084
5000.0,4.683167076e-07,0.06723600201
5000.0,4.683192325e-07,0.06723575781
Freq,5000,Rs,0.067236770136875,9.351335615592247e-07,Ls,4.6831444305625e-07,7.2327014666261745e-12
":SOUR:DCS:STAT OFF;:BIAS:STAT OFF;:COMP:BIN:COUN:CLE;:LIST:CLE:ALL;:COMP:BIN:CLE;:AMPL:ALC ON;:APER LONG,16;:BIAS:POL:AUTO OFF;:BIAS:RANG:AUTO ON;:BIAS:VOLT:LEV 0;:COMP:ABIN OFF;:COMP:BIN:COUN:STAT OFF;:COMP:MODE PTOL;:COMP:SLIM -9.9e+037,9.9e+037;:COMP:STAT OFF;:COMP:SWAP OFF;:COMP:TOL:NOM 0;:CURR:LEV 0.1;:DISP:ENAB ON;:DISP:LINE """";:DISP:WIND:TEXT1:DATA:FMSD:DATA 1e-009;:DISP:WIND:TEXT2:DATA:FMSD:DATA 1e-009;:FORM:ASC:LONG ON;:FORM:BORD NORM;:FORM:DATA ASC,64;:FREQ:CW 5000;:FUNC:DEV1:MODE OFF;:FUNC:DEV1:REF:VAL 0;:FUNC:DEV2:MODE OFF;:FUNC:DEV2:REF:VAL 0;:FUNC:IMP:TYPE LSRS;:FUNC:SMON:IDC:STAT OFF;:FUNC:SMON:VDC:STAT OFF;:INIT:CONT OFF;:LIST:MODE SEQ;:LIST:STIM:TYPE FREQ,NONE;:SOUR:DCS:VOLT:LEV 0;:TRIG:DEL 0;:TRIG:SOUR INT;:TRIG:TDEL 0;:DISP:WIND:TEXT1:DATA:FMSD:STAT OFF;:DISP:WIND:TEXT2:DATA:FMSD:STAT OFF;:FUNC:DCR:RANG:VAL 100;:FUNC:IMP:RANG:VAL 0.1;:OUTP:DC:ISOL:LEV:VAL 0.1;:OUTP:DC:ISOL:STAT OFF;:FUNC:DCR:RANG:AUTO ON;:FUNC:IMP:RANG:AUTO ON;:OUTP:DC:ISOL:LEV:AUTO ON;:DISP:PAGE MEASurement;
"
":SOUR:DCS:STAT OFF;:BIAS:STAT OFF;:COMP:BIN:COUN:CLE;:LIST:CLE:ALL;:COMP:BIN:CLE;:AMPL:ALC ON;:APER LONG,16;:BIAS:POL:AUTO OFF;:BIAS:RANG:AUTO ON;:BIAS:VOLT:LEV 0;:COMP:ABIN OFF;:COMP:BIN:COUN:STAT OFF;:COMP:MODE PTOL;:COMP:SLIM -9.9e+037,9.9e+037;:COMP:STAT OFF;:COMP:SWAP OFF;:COMP:TOL:NOM 0;:CURR:LEV 0.1;:DISP:ENAB ON;:DISP:LINE """";:DISP:WIND:TEXT1:DATA:FMSD:DATA 1e-009;:DISP:WIND:TEXT2:DATA:FMSD:DATA 1e-009;:FORM:ASC:LONG ON;:FORM:BORD NORM;:FORM:DATA ASC,64;:FREQ:CW 5000;:FUNC:DEV1:MODE OFF;:FUNC:DEV1:REF:VAL 0;:FUNC:DEV2:MODE OFF;:FUNC:DEV2:REF:VAL 0;:FUNC:IMP:TYPE LSRS;:FUNC:SMON:IDC:STAT OFF;:FUNC:SMON:VDC:STAT OFF;:INIT:CONT OFF;:LIST:MODE SEQ;:LIST:STIM:TYPE FREQ,NONE;:SOUR:DCS:VOLT:LEV 0;:TRIG:DEL 0;:TRIG:SOUR INT;:TRIG:TDEL 0;:DISP:WIND:TEXT1:DATA:FMSD:STAT OFF;:DISP:WIND:TEXT2:DATA:FMSD:STAT OFF;:FUNC:DCR:RANG:VAL 100;:FUNC:IMP:RANG:VAL 0.1;:OUTP:DC:ISOL:LEV:VAL 0.1;:OUTP:DC:ISOL:STAT OFF;:FUNC:DCR:RANG:AUTO ON;:FUNC:IMP:RANG:AUTO ON;:OUTP:DC:ISOL:LEV:AUTO ON;:DISP:PAGE MEASurement;
"
2022-09-19,12:25:17
---------run finished---------
lcr name:,KeySight E4980A
Name and description of Resistor under test: ,RM4R
GPIB source:,<bound method MessageBasedResource.read of <'GPIBInstrument'('GPIB0::17::INSTR')>>
2022-09-19,13:13:08
select the freq range,"[50, 100, 200, 300, 500, 800, 1000, 1591.5494309189535, 2000, 3000, 5000]"
50.0,5.29163841e-07,0.06769757004
50.0,5.178889733e-07,0.0676930617
50.0,5.103052935e-07,0.06769088523
50.0,5.099880025e-07,0.06768783941
50.0,5.095475431e-07,0.06768412829
50.0,5.103844145e-07,0.06767925406
50.0,5.149712266e-07,0.06767558903
50.0,5.233266801e-07,0.06767217777
50.0,5.291592615e-07,0.06767175541
50.0,5.259099166e-07,0.06767140167
50.0,5.197041501e-07,0.06766953469
50.0,5.130776744e-07,0.06766743981
50.0,5.089329053e-07,0.06766205426
50.0,5.096752102e-07,0.06765912901
50.0,5.148265148e-07,0.06765779847
50.0,5.289703526e-07,0.06765360114
Freq,50,Rs,0.067674576249375,1.3275215213061137e-05,Ls,5.1723949750625e-07,7.75431884066755e-09
":SOUR:DCS:STAT OFF;:BIAS:STAT OFF;:COMP:BIN:COUN:CLE;:LIST:CLE:ALL;:COMP:BIN:CLE;:AMPL:ALC ON;:APER LONG,16;:BIAS:POL:AUTO OFF;:BIAS:RANG:AUTO ON;:BIAS:VOLT:LEV 0;:COMP:ABIN OFF;:COMP:BIN:COUN:STAT OFF;:COMP:MODE PTOL;:COMP:SLIM -9.9e+037,9.9e+037;:COMP:STAT OFF;:COMP:SWAP OFF;:COMP:TOL:NOM 0;:CURR:LEV 0.1;:DISP:ENAB ON;:DISP:LINE """";:DISP:WIND:TEXT1:DATA:FMSD:DATA 1e-009;:DISP:WIND:TEXT2:DATA:FMSD:DATA 1e-009;:FORM:ASC:LONG ON;:FORM:BORD NORM;:FORM:DATA ASC,64;:FREQ:CW 50;:FUNC:DEV1:MODE OFF;:FUNC:DEV1:REF:VAL 0;:FUNC:DEV2:MODE OFF;:FUNC:DEV2:REF:VAL 0;:FUNC:IMP:TYPE LSRS;:FUNC:SMON:IDC:STAT OFF;:FUNC:SMON:VDC:STAT OFF;:INIT:CONT OFF;:LIST:MODE SEQ;:LIST:STIM:TYPE FREQ,NONE;:SOUR:DCS:VOLT:LEV 0;:TRIG:DEL 0;:TRIG:SOUR INT;:TRIG:TDEL 0;:DISP:WIND:TEXT1:DATA:FMSD:STAT OFF;:DISP:WIND:TEXT2:DATA:FMSD:STAT OFF;:FUNC:DCR:RANG:VAL 100;:FUNC:IMP:RANG:VAL 0.1;:OUTP:DC:ISOL:LEV:VAL 0.1;:OUTP:DC:ISOL:STAT OFF;:FUNC:DCR:RANG:AUTO ON;:FUNC:IMP:RANG:AUTO ON;:OUTP:DC:ISOL:LEV:AUTO ON;:DISP:PAGE MEASurement;
"
100.0,4.871903083e-07,0.06762972621
100.0,4.870252684e-07,0.06762807037
100.0,4.869463816e-07,0.06762705245
100.0,4.869457635e-07,0.06762525362
100.0,4.877282591e-07,0.06762360028
100.0,4.869041627e-07,0.06762271047
100.0,4.871797286e-07,0.06762188365
100.0,4.867113119e-07,0.06762079541
100.0,4.871845236e-07,0.06761966712
100.0,4.861090715e-07,0.06761853048
100.0,4.867383606e-07,0.06761824094
100.0,4.870506286e-07,0.06761613131
100.0,4.868855133e-07,0.0676155528
100.0,4.866814634e-07,0.06761465979
100.0,4.867481509e-07,0.06761387632
100.0,4.865158127e-07,0.06761269095
Freq,100,Rs,0.067620527635625,5.2703646129855715e-06,Ls,4.8690904429375e-07,3.537186810540238e-10
":SOUR:DCS:STAT OFF;:BIAS:STAT OFF;:COMP:BIN:COUN:CLE;:LIST:CLE:ALL;:COMP:BIN:CLE;:AMPL:ALC ON;:APER LONG,16;:BIAS:POL:AUTO OFF;:BIAS:RANG:AUTO ON;:BIAS:VOLT:LEV 0;:COMP:ABIN OFF;:COMP:BIN:COUN:STAT OFF;:COMP:MODE PTOL;:COMP:SLIM -9.9e+037,9.9e+037;:COMP:STAT OFF;:COMP:SWAP OFF;:COMP:TOL:NOM 0;:CURR:LEV 0.1;:DISP:ENAB ON;:DISP:LINE """";:DISP:WIND:TEXT1:DATA:FMSD:DATA 1e-009;:DISP:WIND:TEXT2:DATA:FMSD:DATA 1e-009;:FORM:ASC:LONG ON;:FORM:BORD NORM;:FORM:DATA ASC,64;:FREQ:CW 100;:FUNC:DEV1:MODE OFF;:FUNC:DEV1:REF:VAL 0;:FUNC:DEV2:MODE OFF;:FUNC:DEV2:REF:VAL 0;:FUNC:IMP:TYPE LSRS;:FUNC:SMON:IDC:STAT OFF;:FUNC:SMON:VDC:STAT OFF;:INIT:CONT OFF;:LIST:MODE SEQ;:LIST:STIM:TYPE FREQ,NONE;:SOUR:DCS:VOLT:LEV 0;:TRIG:DEL 0;:TRIG:SOUR INT;:TRIG:TDEL 0;:DISP:WIND:TEXT1:DATA:FMSD:STAT OFF;:DISP:WIND:TEXT2:DATA:FMSD:STAT OFF;:FUNC:DCR:RANG:VAL 100;:FUNC:IMP:RANG:VAL 0.1;:OUTP:DC:ISOL:LEV:VAL 0.1;:OUTP:DC:ISOL:STAT OFF;:FUNC:DCR:RANG:AUTO ON;:FUNC:IMP:RANG:AUTO ON;:OUTP:DC:ISOL:LEV:AUTO ON;:DISP:PAGE MEASurement;
"
200.0,4.855904645e-07,0.06763343078
200.0,4.8561385e-07,0.0676323836
200.0,4.858724496e-07,0.06763139927
200.0,4.858112242e-07,0.06763028799
200.0,4.853738841e-07,0.06762917515
200.0,4.857528032e-07,0.06762862854
200.0,4.856138606e-07,0.06762826347
200.0,4.854157201e-07,0.06762761231
200.0,4.856721172e-07,0.06762685114
200.0,4.855769139e-07,0.06762568024
200.0,4.856811707e-07,0.06762453998
200.0,4.854641921e-07,0.0676248481
200.0,4.857653475e-07,0.06762454547
200.0,4.857639878e-07,0.06762410284
200.0,4.857208921e-07,0.06762390205
200.0,4.85639117e-07,0.06762311843
Freq,200,Rs,0.067627423085,3.2508629799726976e-06,Ls,4.856454996625001e-07,1.4042204561726523e-10
":SOUR:DCS:STAT OFF;:BIAS:STAT OFF;:COMP:BIN:COUN:CLE;:LIST:CLE:ALL;:COMP:BIN:CLE;:AMPL:ALC ON;:APER LONG,16;:BIAS:POL:AUTO OFF;:BIAS:RANG:AUTO ON;:BIAS:VOLT:LEV 0;:COMP:ABIN OFF;:COMP:BIN:COUN:STAT OFF;:COMP:MODE PTOL;:COMP:SLIM -9.9e+037,9.9e+037;:COMP:STAT OFF;:COMP:SWAP OFF;:COMP:TOL:NOM 0;:CURR:LEV 0.1;:DISP:ENAB ON;:DISP:LINE """";:DISP:WIND:TEXT1:DATA:FMSD:DATA 1e-009;:DISP:WIND:TEXT2:DATA:FMSD:DATA 1e-009;:FORM:ASC:LONG ON;:FORM:BORD NORM;:FORM:DATA ASC,64;:FREQ:CW 200;:FUNC:DEV1:MODE OFF;:FUNC:DEV1:REF:VAL 0;:FUNC:DEV2:MODE OFF;:FUNC:DEV2:REF:VAL 0;:FUNC:IMP:TYPE LSRS;:FUNC:SMON:IDC:STAT OFF;:FUNC:SMON:VDC:STAT OFF;:INIT:CONT OFF;:LIST:MODE SEQ;:LIST:STIM:TYPE FREQ,NONE;:SOUR:DCS:VOLT:LEV 0;:TRIG:DEL 0;:TRIG:SOUR INT;:TRIG:TDEL 0;:DISP:WIND:TEXT1:DATA:FMSD:STAT OFF;:DISP:WIND:TEXT2:DATA:FMSD:STAT OFF;:FUNC:DCR:RANG:VAL 100;:FUNC:IMP:RANG:VAL 0.1;:OUTP:DC:ISOL:LEV:VAL 0.1;:OUTP:DC:ISOL:STAT OFF;:FUNC:DCR:RANG:AUTO ON;:FUNC:IMP:RANG:AUTO ON;:OUTP:DC:ISOL:LEV:AUTO ON;:DISP:PAGE MEASurement;
"
300.0,4.751832106e-07,0.06762804307
300.0,4.752236603e-07,0.06762720863
300.0,4.751326407e-07,0.06762613447
300.0,4.751166694e-07,0.06762509177
300.0,4.751452931e-07,0.06762421997
300.0,4.752087483e-07,0.06762309649
300.0,4.751960658e-07,0.06762193579
300.0,4.753003756e-07,0.06762082891
300.0,4.751495519e-07,0.0676194054
300.0,4.751656938e-07,0.067618837
300.0,4.752189735e-07,0.06761819979
300.0,4.752036413e-07,0.0676178967
300.0,4.752670919e-07,0.06761697399
300.0,4.752829556e-07,0.06761623081
300.0,4.750374186e-07,0.06761478113
300.0,4.751102393e-07,0.06761379023
Freq,300,Rs,0.067620792134375,4.476132480615756e-06,Ls,4.7518388935625e-07,6.894348292215934e-11
":SOUR:DCS:STAT OFF;:BIAS:STAT OFF;:COMP:BIN:COUN:CLE;:LIST:CLE:ALL;:COMP:BIN:CLE;:AMPL:ALC ON;:APER LONG,16;:BIAS:POL:AUTO OFF;:BIAS:RANG:AUTO ON;:BIAS:VOLT:LEV 0;:COMP:ABIN OFF;:COMP:BIN:COUN:STAT OFF;:COMP:MODE PTOL;:COMP:SLIM -9.9e+037,9.9e+037;:COMP:STAT OFF;:COMP:SWAP OFF;:COMP:TOL:NOM 0;:CURR:LEV 0.1;:DISP:ENAB ON;:DISP:LINE """";:DISP:WIND:TEXT1:DATA:FMSD:DATA 1e-009;:DISP:WIND:TEXT2:DATA:FMSD:DATA 1e-009;:FORM:ASC:LONG ON;:FORM:BORD NORM;:FORM:DATA ASC,64;:FREQ:CW 300;:FUNC:DEV1:MODE OFF;:FUNC:DEV1:REF:VAL 0;:FUNC:DEV2:MODE OFF;:FUNC:DEV2:REF:VAL 0;:FUNC:IMP:TYPE LSRS;:FUNC:SMON:IDC:STAT OFF;:FUNC:SMON:VDC:STAT OFF;:INIT:CONT OFF;:LIST:MODE SEQ;:LIST:STIM:TYPE FREQ,NONE;:SOUR:DCS:VOLT:LEV 0;:TRIG:DEL 0;:TRIG:SOUR INT;:TRIG:TDEL 0;:DISP:WIND:TEXT1:DATA:FMSD:STAT OFF;:DISP:WIND:TEXT2:DATA:FMSD:STAT OFF;:FUNC:DCR:RANG:VAL 100;:FUNC:IMP:RANG:VAL 0.1;:OUTP:DC:ISOL:LEV:VAL 0.1;:OUTP:DC:ISOL:STAT OFF;:FUNC:DCR:RANG:AUTO ON;:FUNC:IMP:RANG:AUTO ON;:OUTP:DC:ISOL:LEV:AUTO ON;:DISP:PAGE MEASurement;
"
500.0,4.699486708e-07,0.06762284451
500.0,4.698174735e-07,0.06762154029
500.0,4.698620674e-07,0.0676212791
500.0,4.699288949e-07,0.06762060554
500.0,4.699765603e-07,0.06762033284
500.0,4.699898614e-07,0.06761938327
500.0,4.699043949e-07,0.0676194993
500.0,4.699611641e-07,0.06761866262
500.0,4.699091143e-07,0.06761792837
500.0,4.699366782e-07,0.06761670347
500.0,4.699363893e-07,0.06761613387
500.0,4.699229919e-07,0.06761505997
500.0,4.699549581e-07,0.06761420593
500.0,4.69957779e-07,0.06761288778
500.0,4.699767244e-07,0.06761192181
500.0,4.699295272e-07,0.06761049555
Freq,500,Rs,0.06761746776375,3.7117620763658706e-06,Ls,4.6993207810624995e-07,4.403374925878898e-11
":SOUR:DCS:STAT OFF;:BIAS:STAT OFF;:COMP:BIN:COUN:CLE;:LIST:CLE:ALL;:COMP:BIN:CLE;:AMPL:ALC ON;:APER LONG,16;:BIAS:POL:AUTO OFF;:BIAS:RANG:AUTO ON;:BIAS:VOLT:LEV 0;:COMP:ABIN OFF;:COMP:BIN:COUN:STAT OFF;:COMP:MODE PTOL;:COMP:SLIM -9.9e+037,9.9e+037;:COMP:STAT OFF;:COMP:SWAP OFF;:COMP:TOL:NOM 0;:CURR:LEV 0.1;:DISP:ENAB ON;:DISP:LINE """";:DISP:WIND:TEXT1:DATA:FMSD:DATA 1e-009;:DISP:WIND:TEXT2:DATA:FMSD:DATA 1e-009;:FORM:ASC:LONG ON;:FORM:BORD NORM;:FORM:DATA ASC,64;:FREQ:CW 500;:FUNC:DEV1:MODE OFF;:FUNC:DEV1:REF:VAL 0;:FUNC:DEV2:MODE OFF;:FUNC:DEV2:REF:VAL 0;:FUNC:IMP:TYPE LSRS;:FUNC:SMON:IDC:STAT OFF;:FUNC:SMON:VDC:STAT OFF;:INIT:CONT OFF;:LIST:MODE SEQ;:LIST:STIM:TYPE FREQ,NONE;:SOUR:DCS:VOLT:LEV 0;:TRIG:DEL 0;:TRIG:SOUR INT;:TRIG:TDEL 0;:DISP:WIND:TEXT1:DATA:FMSD:STAT OFF;:DISP:WIND:TEXT2:DATA:FMSD:STAT OFF;:FUNC:DCR:RANG:VAL 100;:FUNC:IMP:RANG:VAL 0.1;:OUTP:DC:ISOL:LEV:VAL 0.1;:OUTP:DC:ISOL:STAT OFF;:FUNC:DCR:RANG:AUTO ON;:FUNC:IMP:RANG:AUTO ON;:OUTP:DC:ISOL:LEV:AUTO ON;:DISP:PAGE MEASurement;
"
800.0,4.683429953e-07,0.06761473346
800.0,4.683708555e-07,0.06761331199
800.0,4.683698612e-07,0.06761248341
800.0,4.683405855e-07,0.0676119989
800.0,4.683708263e-07,0.067611569
800.0,4.683904652e-07,0.0676111626
800.0,4.683668982e-07,0.0676104865
800.0,4.683723148e-07,0.06760987351
800.0,4.684090966e-07,0.06760929034
800.0,4.683998006e-07,0.06760860946
800.0,4.683845715e-07,0.06760764664
800.0,4.683571746e-07,0.06760716746
800.0,4.683526771e-07,0.06760637592
800.0,4.683522061e-07,0.06760573252
800.0,4.683604886e-07,0.06760475192
800.0,4.684071163e-07,0.06760413952
Freq,800,Rs,0.06760933332187499,3.1593700828295496e-06,Ls,4.683717458375e-07,2.1384057663626582e-11
":SOUR:DCS:STAT OFF;:BIAS:STAT OFF;:COMP:BIN:COUN:CLE;:LIST:CLE:ALL;:COMP:BIN:CLE;:AMPL:ALC ON;:APER LONG,16;:BIAS:POL:AUTO OFF;:BIAS:RANG:AUTO ON;:BIAS:VOLT:LEV 0;:COMP:ABIN OFF;:COMP:BIN:COUN:STAT OFF;:COMP:MODE PTOL;:COMP:SLIM -9.9e+037,9.9e+037;:COMP:STAT OFF;:COMP:SWAP OFF;:COMP:TOL:NOM 0;:CURR:LEV 0.1;:DISP:ENAB ON;:DISP:LINE """";:DISP:WIND:TEXT1:DATA:FMSD:DATA 1e-009;:DISP:WIND:TEXT2:DATA:FMSD:DATA 1e-009;:FORM:ASC:LONG ON;:FORM:BORD NORM;:FORM:DATA ASC,64;:FREQ:CW 800;:FUNC:DEV1:MODE OFF;:FUNC:DEV1:REF:VAL 0;:FUNC:DEV2:MODE OFF;:FUNC:DEV2:REF:VAL 0;:FUNC:IMP:TYPE LSRS;:FUNC:SMON:IDC:STAT OFF;:FUNC:SMON:VDC:STAT OFF;:INIT:CONT OFF;:LIST:MODE SEQ;:LIST:STIM:TYPE FREQ,NONE;:SOUR:DCS:VOLT:LEV 0;:TRIG:DEL 0;:TRIG:SOUR INT;:TRIG:TDEL 0;:DISP:WIND:TEXT1:DATA:FMSD:STAT OFF;:DISP:WIND:TEXT2:DATA:FMSD:STAT OFF;:FUNC:DCR:RANG:VAL 100;:FUNC:IMP:RANG:VAL 0.1;:OUTP:DC:ISOL:LEV:VAL 0.1;:OUTP:DC:ISOL:STAT OFF;:FUNC:DCR:RANG:AUTO ON;:FUNC:IMP:RANG:AUTO ON;:OUTP:DC:ISOL:LEV:AUTO ON;:DISP:PAGE MEASurement;
"
1000.0,4.67767849e-07,0.06759460651
1000.0,4.677481048e-07,0.0675939935
1000.0,4.677564621e-07,0.06759304245
1000.0,4.677384964e-07,0.0675923502
1000.0,4.677234252e-07,0.06759177733
1000.0,4.677520528e-07,0.06759111662
1000.0,4.677827303e-07,0.06759056508
1000.0,4.677527157e-07,0.06759027571
1000.0,4.677299415e-07,0.06758953713
1000.0,4.677538558e-07,0.06758898895
1000.0,4.677554242e-07,0.06758859013
1000.0,4.677180716e-07,0.06758812012
1000.0,4.677645125e-07,0.06758754252
1000.0,4.677517856e-07,0.06758709549
1000.0,4.677679002e-07,0.06758649772
1000.0,4.677487211e-07,0.0675860651
Freq,1000,Rs,0.067590010285,2.654935557366395e-06,Ls,4.6775075305e-07,1.6888235331097582e-11
":SOUR:DCS:STAT OFF;:BIAS:STAT OFF;:COMP:BIN:COUN:CLE;:LIST:CLE:ALL;:COMP:BIN:CLE;:AMPL:ALC ON;:APER LONG,16;:BIAS:POL:AUTO OFF;:BIAS:RANG:AUTO ON;:BIAS:VOLT:LEV 0;:COMP:ABIN OFF;:COMP:BIN:COUN:STAT OFF;:COMP:MODE PTOL;:COMP:SLIM -9.9e+037,9.9e+037;:COMP:STAT OFF;:COMP:SWAP OFF;:COMP:TOL:NOM 0;:CURR:LEV 0.1;:DISP:ENAB ON;:DISP:LINE """";:DISP:WIND:TEXT1:DATA:FMSD:DATA 1e-009;:DISP:WIND:TEXT2:DATA:FMSD:DATA 1e-009;:FORM:ASC:LONG ON;:FORM:BORD NORM;:FORM:DATA ASC,64;:FREQ:CW 1000;:FUNC:DEV1:MODE OFF;:FUNC:DEV1:REF:VAL 0;:FUNC:DEV2:MODE OFF;:FUNC:DEV2:REF:VAL 0;:FUNC:IMP:TYPE LSRS;:FUNC:SMON:IDC:STAT OFF;:FUNC:SMON:VDC:STAT OFF;:INIT:CONT OFF;:LIST:MODE SEQ;:LIST:STIM:TYPE FREQ,NONE;:SOUR:DCS:VOLT:LEV 0;:TRIG:DEL 0;:TRIG:SOUR INT;:TRIG:TDEL 0;:DISP:WIND:TEXT1:DATA:FMSD:STAT OFF;:DISP:WIND:TEXT2:DATA:FMSD:STAT OFF;:FUNC:DCR:RANG:VAL 100;:FUNC:IMP:RANG:VAL 0.1;:OUTP:DC:ISOL:LEV:VAL 0.1;:OUTP:DC:ISOL:STAT OFF;:FUNC:DCR:RANG:AUTO ON;:FUNC:IMP:RANG:AUTO ON;:OUTP:DC:ISOL:LEV:AUTO ON;:DISP:PAGE MEASurement;
"
1591.5494309189535,4.679685758e-07,0.06758453579
1591.5494309189535,4.679685631e-07,0.06758423559
1591.5494309189535,4.679836819e-07,0.06758422968
1591.5494309189535,4.67987764e-07,0.06758382654
1591.5494309189535,4.679866989e-07,0.06758332672
1591.5494309189535,4.679916505e-07,0.06758290568
1591.5494309189535,4.679769504e-07,0.06758236509
1591.5494309189535,4.679880418e-07,0.06758168436
1591.5494309189535,4.679953874e-07,0.06758107633
1591.5494309189535,4.679934341e-07,0.06758080729
1591.5494309189535,4.679918866e-07,0.06757986257
1591.5494309189535,4.679960086e-07,0.06757904734
1591.5494309189535,4.679863192e-07,0.06757844165
1591.5494309189535,4.679841281e-07,0.06757795361
1591.5494309189535,4.679701737e-07,0.06757746163
1591.5494309189535,4.679688291e-07,0.0675772568
Freq,1591.5494309189535,Rs,0.067581188541875,2.578192577647826e-06,Ls,4.67983630825e-07,9.906015743536437e-12
":SOUR:DCS:STAT OFF;:BIAS:STAT OFF;:COMP:BIN:COUN:CLE;:LIST:CLE:ALL;:COMP:BIN:CLE;:AMPL:ALC ON;:APER LONG,16;:BIAS:POL:AUTO OFF;:BIAS:RANG:AUTO ON;:BIAS:VOLT:LEV 0;:COMP:ABIN OFF;:COMP:BIN:COUN:STAT OFF;:COMP:MODE PTOL;:COMP:SLIM -9.9e+037,9.9e+037;:COMP:STAT OFF;:COMP:SWAP OFF;:COMP:TOL:NOM 0;:CURR:LEV 0.1;:DISP:ENAB ON;:DISP:LINE """";:DISP:WIND:TEXT1:DATA:FMSD:DATA 1e-009;:DISP:WIND:TEXT2:DATA:FMSD:DATA 1e-009;:FORM:ASC:LONG ON;:FORM:BORD NORM;:FORM:DATA ASC,64;:FREQ:CW 1592;:FUNC:DEV1:MODE OFF;:FUNC:DEV1:REF:VAL 0;:FUNC:DEV2:MODE OFF;:FUNC:DEV2:REF:VAL 0;:FUNC:IMP:TYPE LSRS;:FUNC:SMON:IDC:STAT OFF;:FUNC:SMON:VDC:STAT OFF;:INIT:CONT OFF;:LIST:MODE SEQ;:LIST:STIM:TYPE FREQ,NONE;:SOUR:DCS:VOLT:LEV 0;:TRIG:DEL 0;:TRIG:SOUR INT;:TRIG:TDEL 0;:DISP:WIND:TEXT1:DATA:FMSD:STAT OFF;:DISP:WIND:TEXT2:DATA:FMSD:STAT OFF;:FUNC:DCR:RANG:VAL 100;:FUNC:IMP:RANG:VAL 0.1;:OUTP:DC:ISOL:LEV:VAL 0.1;:OUTP:DC:ISOL:STAT OFF;:FUNC:DCR:RANG:AUTO ON;:FUNC:IMP:RANG:AUTO ON;:OUTP:DC:ISOL:LEV:AUTO ON;:DISP:PAGE MEASurement;
"
2000.0,4.685103508e-07,0.06758197478
2000.0,4.685328551e-07,0.0675815409
2000.0,4.685107541e-07,0.06758136089
2000.0,4.685181424e-07,0.06758080486
2000.0,4.685088235e-07,0.06758064829
2000.0,4.68514078e-07,0.06758073391
2000.0,4.68536664e-07,0.06758033343
2000.0,4.685138276e-07,0.06757976519
2000.0,4.685272008e-07,0.06757907301
2000.0,4.685198398e-07,0.06757845301
2000.0,4.685178305e-07,0.06757801974
2000.0,4.685216764e-07,0.06757751616
2000.0,4.685351684e-07,0.0675769629
2000.0,4.685258115e-07,0.0675765947
2000.0,4.685198978e-07,0.06757642613
2000.0,4.68516886e-07,0.06757616647
Freq,2000,Rs,0.067579148398125,1.9987909011591018e-06,Ls,4.6852061291875e-07,8.75600559031235e-12
":SOUR:DCS:STAT OFF;:BIAS:STAT OFF;:COMP:BIN:COUN:CLE;:LIST:CLE:ALL;:COMP:BIN:CLE;:AMPL:ALC ON;:APER LONG,16;:BIAS:POL:AUTO OFF;:BIAS:RANG:AUTO ON;:BIAS:VOLT:LEV 0;:COMP:ABIN OFF;:COMP:BIN:COUN:STAT OFF;:COMP:MODE PTOL;:COMP:SLIM -9.9e+037,9.9e+037;:COMP:STAT OFF;:COMP:SWAP OFF;:COMP:TOL:NOM 0;:CURR:LEV 0.1;:DISP:ENAB ON;:DISP:LINE """";:DISP:WIND:TEXT1:DATA:FMSD:DATA 1e-009;:DISP:WIND:TEXT2:DATA:FMSD:DATA 1e-009;:FORM:ASC:LONG ON;:FORM:BORD NORM;:FORM:DATA ASC,64;:FREQ:CW 2000;:FUNC:DEV1:MODE OFF;:FUNC:DEV1:REF:VAL 0;:FUNC:DEV2:MODE OFF;:FUNC:DEV2:REF:VAL 0;:FUNC:IMP:TYPE LSRS;:FUNC:SMON:IDC:STAT OFF;:FUNC:SMON:VDC:STAT OFF;:INIT:CONT OFF;:LIST:MODE SEQ;:LIST:STIM:TYPE FREQ,NONE;:SOUR:DCS:VOLT:LEV 0;:TRIG:DEL 0;:TRIG:SOUR INT;:TRIG:TDEL 0;:DISP:WIND:TEXT1:DATA:FMSD:STAT OFF;:DISP:WIND:TEXT2:DATA:FMSD:STAT OFF;:FUNC:DCR:RANG:VAL 100;:FUNC:IMP:RANG:VAL 0.1;:OUTP:DC:ISOL:LEV:VAL 0.1;:OUTP:DC:ISOL:STAT OFF;:FUNC:DCR:RANG:AUTO ON;:FUNC:IMP:RANG:AUTO ON;:OUTP:DC:ISOL:LEV:AUTO ON;:DISP:PAGE MEASurement;
"
3000.0,4.688042502e-07,0.06757769628
3000.0,4.688016544e-07,0.06757732685
3000.0,4.688192573e-07,0.0675775027
3000.0,4.687985143e-07,0.06757697466
3000.0,4.687801565e-07,0.06757671163
3000.0,4.687822933e-07,0.06757631856
3000.0,4.687846555e-07,0.06757646887
3000.0,4.687891691e-07,0.06757662486
3000.0,4.687798807e-07,0.06757625006
3000.0,4.688261599e-07,0.06757602943
3000.0,4.688259845e-07,0.06757579774
3000.0,4.687835845e-07,0.06757601147
3000.0,4.687782655e-07,0.06757582318
3000.0,4.687896367e-07,0.06757552006
3000.0,4.68780318e-07,0.06757519242
3000.0,4.688092638e-07,0.06757535844
Freq,3000,Rs,0.067576350450625,7.540526925658223e-07,Ls,4.687958152625e-07,1.6853265885002637e-11
":SOUR:DCS:STAT OFF;:BIAS:STAT OFF;:COMP:BIN:COUN:CLE;:LIST:CLE:ALL;:COMP:BIN:CLE;:AMPL:ALC ON;:APER LONG,16;:BIAS:POL:AUTO OFF;:BIAS:RANG:AUTO ON;:BIAS:VOLT:LEV 0;:COMP:ABIN OFF;:COMP:BIN:COUN:STAT OFF;:COMP:MODE PTOL;:COMP:SLIM -9.9e+037,9.9e+037;:COMP:STAT OFF;:COMP:SWAP OFF;:COMP:TOL:NOM 0;:CURR:LEV 0.1;:DISP:ENAB ON;:DISP:LINE """";:DISP:WIND:TEXT1:DATA:FMSD:DATA 1e-009;:DISP:WIND:TEXT2:DATA:FMSD:DATA 1e-009;:FORM:ASC:LONG ON;:FORM:BORD NORM;:FORM:DATA ASC,64;:FREQ:CW 3000;:FUNC:DEV1:MODE OFF;:FUNC:DEV1:REF:VAL 0;:FUNC:DEV2:MODE OFF;:FUNC:DEV2:REF:VAL 0;:FUNC:IMP:TYPE LSRS;:FUNC:SMON:IDC:STAT OFF;:FUNC:SMON:VDC:STAT OFF;:INIT:CONT OFF;:LIST:MODE SEQ;:LIST:STIM:TYPE FREQ,NONE;:SOUR:DCS:VOLT:LEV 0;:TRIG:DEL 0;:TRIG:SOUR INT;:TRIG:TDEL 0;:DISP:WIND:TEXT1:DATA:FMSD:STAT OFF;:DISP:WIND:TEXT2:DATA:FMSD:STAT OFF;:FUNC:DCR:RANG:VAL 100;:FUNC:IMP:RANG:VAL 0.1;:OUTP:DC:ISOL:LEV:VAL 0.1;:OUTP:DC:ISOL:STAT OFF;:FUNC:DCR:RANG:AUTO ON;:FUNC:IMP:RANG:AUTO ON;:OUTP:DC:ISOL:LEV:AUTO ON;:DISP:PAGE MEASurement;
"
5000.0,4.685944775e-07,0.06761789793
5000.0,4.685975827e-07,0.0676175579
5000.0,4.685867673e-07,0.06761780284
5000.0,4.685859394e-07,0.06761757066
5000.0,4.685979006e-07,0.06761813166
5000.0,4.685801419e-07,0.06761870644
5000.0,4.685874811e-07,0.0676187476
5000.0,4.685818161e-07,0.06762022688
5000.0,4.686007886e-07,0.06762204373
5000.0,4.685871796e-07,0.06762297252
5000.0,4.685873536e-07,0.06762392092
5000.0,4.686029479e-07,0.06762520467
5000.0,4.686015146e-07,0.06762449817
5000.0,4.685852457e-07,0.0676240692
5000.0,4.686032743e-07,0.06762449364
5000.0,4.686009994e-07,0.06762422348
Freq,5000,Rs,0.067621129265,3.030833915427224e-06,Ls,4.6859258814375e-07,8.089558564135063e-12
":SOUR:DCS:STAT OFF;:BIAS:STAT OFF;:COMP:BIN:COUN:CLE;:LIST:CLE:ALL;:COMP:BIN:CLE;:AMPL:ALC ON;:APER LONG,16;:BIAS:POL:AUTO OFF;:BIAS:RANG:AUTO ON;:BIAS:VOLT:LEV 0;:COMP:ABIN OFF;:COMP:BIN:COUN:STAT OFF;:COMP:MODE PTOL;:COMP:SLIM -9.9e+037,9.9e+037;:COMP:STAT OFF;:COMP:SWAP OFF;:COMP:TOL:NOM 0;:CURR:LEV 0.1;:DISP:ENAB ON;:DISP:LINE """";:DISP:WIND:TEXT1:DATA:FMSD:DATA 1e-009;:DISP:WIND:TEXT2:DATA:FMSD:DATA 1e-009;:FORM:ASC:LONG ON;:FORM:BORD NORM;:FORM:DATA ASC,64;:FREQ:CW 5000;:FUNC:DEV1:MODE OFF;:FUNC:DEV1:REF:VAL 0;:FUNC:DEV2:MODE OFF;:FUNC:DEV2:REF:VAL 0;:FUNC:IMP:TYPE LSRS;:FUNC:SMON:IDC:STAT OFF;:FUNC:SMON:VDC:STAT OFF;:INIT:CONT OFF;:LIST:MODE SEQ;:LIST:STIM:TYPE FREQ,NONE;:SOUR:DCS:VOLT:LEV 0;:TRIG:DEL 0;:TRIG:SOUR INT;:TRIG:TDEL 0;:DISP:WIND:TEXT1:DATA:FMSD:STAT OFF;:DISP:WIND:TEXT2:DATA:FMSD:STAT OFF;:FUNC:DCR:RANG:VAL 100;:FUNC:IMP:RANG:VAL 0.1;:OUTP:DC:ISOL:LEV:VAL 0.1;:OUTP:DC:ISOL:STAT OFF;:FUNC:DCR:RANG:AUTO ON;:FUNC:IMP:RANG:AUTO ON;:OUTP:DC:ISOL:LEV:AUTO ON;:DISP:PAGE MEASurement;
"
":SOUR:DCS:STAT OFF;:BIAS:STAT OFF;:COMP:BIN:COUN:CLE;:LIST:CLE:ALL;:COMP:BIN:CLE;:AMPL:ALC ON;:APER LONG,16;:BIAS:POL:AUTO OFF;:BIAS:RANG:AUTO ON;:BIAS:VOLT:LEV 0;:COMP:ABIN OFF;:COMP:BIN:COUN:STAT OFF;:COMP:MODE PTOL;:COMP:SLIM -9.9e+037,9.9e+037;:COMP:STAT OFF;:COMP:SWAP OFF;:COMP:TOL:NOM 0;:CURR:LEV 0.1;:DISP:ENAB ON;:DISP:LINE """";:DISP:WIND:TEXT1:DATA:FMSD:DATA 1e-009;:DISP:WIND:TEXT2:DATA:FMSD:DATA 1e-009;:FORM:ASC:LONG ON;:FORM:BORD NORM;:FORM:DATA ASC,64;:FREQ:CW 5000;:FUNC:DEV1:MODE OFF;:FUNC:DEV1:REF:VAL 0;:FUNC:DEV2:MODE OFF;:FUNC:DEV2:REF:VAL 0;:FUNC:IMP:TYPE LSRS;:FUNC:SMON:IDC:STAT OFF;:FUNC:SMON:VDC:STAT OFF;:INIT:CONT OFF;:LIST:MODE SEQ;:LIST:STIM:TYPE FREQ,NONE;:SOUR:DCS:VOLT:LEV 0;:TRIG:DEL 0;:TRIG:SOUR INT;:TRIG:TDEL 0;:DISP:WIND:TEXT1:DATA:FMSD:STAT OFF;:DISP:WIND:TEXT2:DATA:FMSD:STAT OFF;:FUNC:DCR:RANG:VAL 100;:FUNC:IMP:RANG:VAL 0.1;:OUTP:DC:ISOL:LEV:VAL 0.1;:OUTP:DC:ISOL:STAT OFF;:FUNC:DCR:RANG:AUTO ON;:FUNC:IMP:RANG:AUTO ON;:OUTP:DC:ISOL:LEV:AUTO ON;:DISP:PAGE MEASurement;
"
2022-09-19,13:24:26
---------run finished---------
lcr name:,KeySight E4980A
Name and description of Resistor under test: ,RE2
GPIB source:,<bound method MessageBasedResource.read of <'GPIBInstrument'('GPIB0::17::INSTR')>>
2022-09-19,13:30:04
select the freq range,"[50, 100, 200, 300, 500, 800, 1000, 1591.5494309189535, 2000, 3000, 5000]"
50.0,4.002997062e-07,0.04792342321
50.0,3.996862146e-07,0.04791637251
50.0,4.149098393e-07,0.04791175291
50.0,4.065164785e-07,0.04791219808
50.0,4.134818911e-07,0.04790566327
50.0,4.01353566e-07,0.04790333425
50.0,4.155394559e-07,0.04789896709
50.0,4.018506962e-07,0.0478999798
50.0,3.987503325e-07,0.04789338253
50.0,4.013086973e-07,0.04788905775
50.0,3.982839766e-07,0.04789047848
50.0,3.994182074e-07,0.04789032421
50.0,4.067686194e-07,0.0478880861
50.0,4.137255209e-07,0.04788600692
50.0,4.153970203e-07,0.04788261242
50.0,4.139869401e-07,0.04788035863
Freq,50,Rs,0.047898249885,1.2838855802961327e-05,Ls,4.0632982264374997e-07,6.956279374094408e-09
":SOUR:DCS:STAT OFF;:BIAS:STAT OFF;:COMP:BIN:COUN:CLE;:LIST:CLE:ALL;:COMP:BIN:CLE;:AMPL:ALC ON;:APER LONG,16;:BIAS:POL:AUTO OFF;:BIAS:RANG:AUTO ON;:BIAS:VOLT:LEV 0;:COMP:ABIN OFF;:COMP:BIN:COUN:STAT OFF;:COMP:MODE PTOL;:COMP:SLIM -9.9e+037,9.9e+037;:COMP:STAT OFF;:COMP:SWAP OFF;:COMP:TOL:NOM 0;:CURR:LEV 0.1;:DISP:ENAB ON;:DISP:LINE """";:DISP:WIND:TEXT1:DATA:FMSD:DATA 1e-009;:DISP:WIND:TEXT2:DATA:FMSD:DATA 1e-009;:FORM:ASC:LONG ON;:FORM:BORD NORM;:FORM:DATA ASC,64;:FREQ:CW 50;:FUNC:DEV1:MODE OFF;:FUNC:DEV1:REF:VAL 0;:FUNC:DEV2:MODE OFF;:FUNC:DEV2:REF:VAL 0;:FUNC:IMP:TYPE LSRS;:FUNC:SMON:IDC:STAT OFF;:FUNC:SMON:VDC:STAT OFF;:INIT:CONT OFF;:LIST:MODE SEQ;:LIST:STIM:TYPE FREQ,NONE;:SOUR:DCS:VOLT:LEV 0;:TRIG:DEL 0;:TRIG:SOUR INT;:TRIG:TDEL 0;:DISP:WIND:TEXT1:DATA:FMSD:STAT OFF;:DISP:WIND:TEXT2:DATA:FMSD:STAT OFF;:FUNC:DCR:RANG:VAL 100;:FUNC:IMP:RANG:VAL 0.1;:OUTP:DC:ISOL:LEV:VAL 0.1;:OUTP:DC:ISOL:STAT OFF;:FUNC:DCR:RANG:AUTO ON;:FUNC:IMP:RANG:AUTO ON;:OUTP:DC:ISOL:LEV:AUTO ON;:DISP:PAGE MEASurement;
"
100.0,3.683508807e-07,0.04785373488
100.0,3.683646462e-07,0.04785168681
100.0,3.683297067e-07,0.04784964841
100.0,3.680168641e-07,0.04784743139
100.0,3.681918579e-07,0.04784603428
100.0,3.677843939e-07,0.04784429395
100.0,3.681955674e-07,0.04784365213
100.0,3.676719424e-07,0.04784144744
100.0,3.6748296e-07,0.04784008918
100.0,3.687274143e-07,0.04783882676
100.0,3.679443807e-07,0.04783790637
100.0,3.689353061e-07,0.04783683
100.0,3.67978539e-07,0.04783576802
100.0,3.671713711e-07,0.04783536297
100.0,3.682392469e-07,0.04783434428
100.0,3.682063398e-07,0.04783315963
Freq,100,Rs,0.04784188853125,6.433096024413601e-06,Ls,3.6809946357500004e-07,4.394849540857552e-10
":SOUR:DCS:STAT OFF;:BIAS:STAT OFF;:COMP:BIN:COUN:CLE;:LIST:CLE:ALL;:COMP:BIN:CLE;:AMPL:ALC ON;:APER LONG,16;:BIAS:POL:AUTO OFF;:BIAS:RANG:AUTO ON;:BIAS:VOLT:LEV 0;:COMP:ABIN OFF;:COMP:BIN:COUN:STAT OFF;:COMP:MODE PTOL;:COMP:SLIM -9.9e+037,9.9e+037;:COMP:STAT OFF;:COMP:SWAP OFF;:COMP:TOL:NOM 0;:CURR:LEV 0.1;:DISP:ENAB ON;:DISP:LINE """";:DISP:WIND:TEXT1:DATA:FMSD:DATA 1e-009;:DISP:WIND:TEXT2:DATA:FMSD:DATA 1e-009;:FORM:ASC:LONG ON;:FORM:BORD NORM;:FORM:DATA ASC,64;:FREQ:CW 100;:FUNC:DEV1:MODE OFF;:FUNC:DEV1:REF:VAL 0;:FUNC:DEV2:MODE OFF;:FUNC:DEV2:REF:VAL 0;:FUNC:IMP:TYPE LSRS;:FUNC:SMON:IDC:STAT OFF;:FUNC:SMON:VDC:STAT OFF;:INIT:CONT OFF;:LIST:MODE SEQ;:LIST:STIM:TYPE FREQ,NONE;:SOUR:DCS:VOLT:LEV 0;:TRIG:DEL 0;:TRIG:SOUR INT;:TRIG:TDEL 0;:DISP:WIND:TEXT1:DATA:FMSD:STAT OFF;:DISP:WIND:TEXT2:DATA:FMSD:STAT OFF;:FUNC:DCR:RANG:VAL 100;:FUNC:IMP:RANG:VAL 0.1;:OUTP:DC:ISOL:LEV:VAL 0.1;:OUTP:DC:ISOL:STAT OFF;:FUNC:DCR:RANG:AUTO ON;:FUNC:IMP:RANG:AUTO ON;:OUTP:DC:ISOL:LEV:AUTO ON;:DISP:PAGE MEASurement;
"
200.0,3.662263467e-07,0.04785602678
200.0,3.66395634e-07,0.04785573644
200.0,3.661107484e-07,0.04785455636
200.0,3.660688459e-07,0.04785427167
200.0,3.66356371e-07,0.0478535964
200.0,3.663741995e-07,0.04785307256
200.0,3.661912996e-07,0.04785221031
200.0,3.661998866e-07,0.04785152085
200.0,3.662403002e-07,0.04785064113
200.0,3.66283659e-07,0.04785046715
200.0,3.662164204e-07,0.04784975741
200.0,3.660776215e-07,0.04784954553
200.0,3.66233395e-07,0.04784928426
200.0,3.662968766e-07,0.04784882923
200.0,3.661882228e-07,0.04784907179
200.0,3.663394723e-07,0.04784863184
Freq,200,Rs,0.047851701231874995,2.5431427820833805e-06,Ls,3.6623745621875e-07,1.0017325539870104e-10
":SOUR:DCS:STAT OFF;:BIAS:STAT OFF;:COMP:BIN:COUN:CLE;:LIST:CLE:ALL;:COMP:BIN:CLE;:AMPL:ALC ON;:APER LONG,16;:BIAS:POL:AUTO OFF;:BIAS:RANG:AUTO ON;:BIAS:VOLT:LEV 0;:COMP:ABIN OFF;:COMP:BIN:COUN:STAT OFF;:COMP:MODE PTOL;:COMP:SLIM -9.9e+037,9.9e+037;:COMP:STAT OFF;:COMP:SWAP OFF;:COMP:TOL:NOM 0;:CURR:LEV 0.1;:DISP:ENAB ON;:DISP:LINE """";:DISP:WIND:TEXT1:DATA:FMSD:DATA 1e-009;:DISP:WIND:TEXT2:DATA:FMSD:DATA 1e-009;:FORM:ASC:LONG ON;:FORM:BORD NORM;:FORM:DATA ASC,64;:FREQ:CW 200;:FUNC:DEV1:MODE OFF;:FUNC:DEV1:REF:VAL 0;:FUNC:DEV2:MODE OFF;:FUNC:DEV2:REF:VAL 0;:FUNC:IMP:TYPE LSRS;:FUNC:SMON:IDC:STAT OFF;:FUNC:SMON:VDC:STAT OFF;:INIT:CONT OFF;:LIST:MODE SEQ;:LIST:STIM:TYPE FREQ,NONE;:SOUR:DCS:VOLT:LEV 0;:TRIG:DEL 0;:TRIG:SOUR INT;:TRIG:TDEL 0;:DISP:WIND:TEXT1:DATA:FMSD:STAT OFF;:DISP:WIND:TEXT2:DATA:FMSD:STAT OFF;:FUNC:DCR:RANG:VAL 100;:FUNC:IMP:RANG:VAL 0.1;:OUTP:DC:ISOL:LEV:VAL 0.1;:OUTP:DC:ISOL:STAT OFF;:FUNC:DCR:RANG:AUTO ON;:FUNC:IMP:RANG:AUTO ON;:OUTP:DC:ISOL:LEV:AUTO ON;:DISP:PAGE MEASurement;
"
300.0,3.546292831e-07,0.04785469691
300.0,3.545949026e-07,0.04785395717
300.0,3.546184793e-07,0.04785392527
300.0,3.545164374e-07,0.04785369849
300.0,3.54684005e-07,0.04785313154
300.0,3.547321461e-07,0.04785297574
300.0,3.54740292e-07,0.04785278068
300.0,3.546233279e-07,0.04785226467
300.0,3.548415397e-07,0.04785143976
300.0,3.547807087e-07,0.04785041067
300.0,3.547877841e-07,0.04785009299
300.0,3.546556472e-07,0.04784916532
300.0,3.545949894e-07,0.04784858706
300.0,3.546605214e-07,0.0478476677
300.0,3.547466671e-07,0.04784753704
300.0,3.546925548e-07,0.04784660694
Freq,300,Rs,0.047851183621875,2.631549469047298e-06,Ls,3.546812053625e-07,8.585502697778199e-11
":SOUR:DCS:STAT OFF;:BIAS:STAT OFF;:COMP:BIN:COUN:CLE;:LIST:CLE:ALL;:COMP:BIN:CLE;:AMPL:ALC ON;:APER LONG,16;:BIAS:POL:AUTO OFF;:BIAS:RANG:AUTO ON;:BIAS:VOLT:LEV 0;:COMP:ABIN OFF;:COMP:BIN:COUN:STAT OFF;:COMP:MODE PTOL;:COMP:SLIM -9.9e+037,9.9e+037;:COMP:STAT OFF;:COMP:SWAP OFF;:COMP:TOL:NOM 0;:CURR:LEV 0.1;:DISP:ENAB ON;:DISP:LINE """";:DISP:WIND:TEXT1:DATA:FMSD:DATA 1e-009;:DISP:WIND:TEXT2:DATA:FMSD:DATA 1e-009;:FORM:ASC:LONG ON;:FORM:BORD NORM;:FORM:DATA ASC,64;:FREQ:CW 300;:FUNC:DEV1:MODE OFF;:FUNC:DEV1:REF:VAL 0;:FUNC:DEV2:MODE OFF;:FUNC:DEV2:REF:VAL 0;:FUNC:IMP:TYPE LSRS;:FUNC:SMON:IDC:STAT OFF;:FUNC:SMON:VDC:STAT OFF;:INIT:CONT OFF;:LIST:MODE SEQ;:LIST:STIM:TYPE FREQ,NONE;:SOUR:DCS:VOLT:LEV 0;:TRIG:DEL 0;:TRIG:SOUR INT;:TRIG:TDEL 0;:DISP:WIND:TEXT1:DATA:FMSD:STAT OFF;:DISP:WIND:TEXT2:DATA:FMSD:STAT OFF;:FUNC:DCR:RANG:VAL 100;:FUNC:IMP:RANG:VAL 0.1;:OUTP:DC:ISOL:LEV:VAL 0.1;:OUTP:DC:ISOL:STAT OFF;:FUNC:DCR:RANG:AUTO ON;:FUNC:IMP:RANG:AUTO ON;:OUTP:DC:ISOL:LEV:AUTO ON;:DISP:PAGE MEASurement;
"
500.0,3.487749376e-07,0.04785636266
500.0,3.487366164e-07,0.04785560245
500.0,3.48764179e-07,0.04785515654
500.0,3.487849048e-07,0.04785474787
500.0,3.487408811e-07,0.0478544912
500.0,3.487806587e-07,0.04785372556
500.0,3.486988686e-07,0.04785358927
500.0,3.487682856e-07,0.04785323816
500.0,3.487314099e-07,0.04785268615
500.0,3.488105083e-07,0.04785209716
500.0,3.486807684e-07,0.04785160279
500.0,3.487474047e-07,0.04785101911
500.0,3.487931213e-07,0.04785062831
500.0,3.487254466e-07,0.04785030802
500.0,3.486984534e-07,0.04785007185
500.0,3.487701393e-07,0.04784960806
Freq,500,Rs,0.047852808447500006,2.1306285601745835e-06,Ls,3.4875041148125e-07,3.6987505712718514e-11
":SOUR:DCS:STAT OFF;:BIAS:STAT OFF;:COMP:BIN:COUN:CLE;:LIST:CLE:ALL;:COMP:BIN:CLE;:AMPL:ALC ON;:APER LONG,16;:BIAS:POL:AUTO OFF;:BIAS:RANG:AUTO ON;:BIAS:VOLT:LEV 0;:COMP:ABIN OFF;:COMP:BIN:COUN:STAT OFF;:COMP:MODE PTOL;:COMP:SLIM -9.9e+037,9.9e+037;:COMP:STAT OFF;:COMP:SWAP OFF;:COMP:TOL:NOM 0;:CURR:LEV 0.1;:DISP:ENAB ON;:DISP:LINE """";:DISP:WIND:TEXT1:DATA:FMSD:DATA 1e-009;:DISP:WIND:TEXT2:DATA:FMSD:DATA 1e-009;:FORM:ASC:LONG ON;:FORM:BORD NORM;:FORM:DATA ASC,64;:FREQ:CW 500;:FUNC:DEV1:MODE OFF;:FUNC:DEV1:REF:VAL 0;:FUNC:DEV2:MODE OFF;:FUNC:DEV2:REF:VAL 0;:FUNC:IMP:TYPE LSRS;:FUNC:SMON:IDC:STAT OFF;:FUNC:SMON:VDC:STAT OFF;:INIT:CONT OFF;:LIST:MODE SEQ;:LIST:STIM:TYPE FREQ,NONE;:SOUR:DCS:VOLT:LEV 0;:TRIG:DEL 0;:TRIG:SOUR INT;:TRIG:TDEL 0;:DISP:WIND:TEXT1:DATA:FMSD:STAT OFF;:DISP:WIND:TEXT2:DATA:FMSD:STAT OFF;:FUNC:DCR:RANG:VAL 100;:FUNC:IMP:RANG:VAL 0.1;:OUTP:DC:ISOL:LEV:VAL 0.1;:OUTP:DC:ISOL:STAT OFF;:FUNC:DCR:RANG:AUTO ON;:FUNC:IMP:RANG:AUTO ON;:OUTP:DC:ISOL:LEV:AUTO ON;:DISP:PAGE MEASurement;
"
800.0,3.469709191e-07,0.04785720746
800.0,3.469741577e-07,0.0478573061
800.0,3.469904399e-07,0.04785736676
800.0,3.469646505e-07,0.04785756002
800.0,3.46992769e-07,0.04785765586
800.0,3.469812772e-07,0.04785714161
800.0,3.469473096e-07,0.0478571048
800.0,3.46943072e-07,0.04785662017
800.0,3.469874678e-07,0.04785614408
800.0,3.469953734e-07,0.04785558826
800.0,3.469321659e-07,0.04785537919
800.0,3.469844383e-07,0.04785526676
800.0,3.46956955e-07,0.04785462094
800.0,3.469862999e-07,0.04785410621
800.0,3.469481634e-07,0.04785383352
800.0,3.469900658e-07,0.04785398646
Freq,800,Rs,0.047856055512499995,1.3763755871885556e-06,Ls,3.4697159528125e-07,2.0352792511766294e-11
":SOUR:DCS:STAT OFF;:BIAS:STAT OFF;:COMP:BIN:COUN:CLE;:LIST:CLE:ALL;:COMP:BIN:CLE;:AMPL:ALC ON;:APER LONG,16;:BIAS:POL:AUTO OFF;:BIAS:RANG:AUTO ON;:BIAS:VOLT:LEV 0;:COMP:ABIN OFF;:COMP:BIN:COUN:STAT OFF;:COMP:MODE PTOL;:COMP:SLIM -9.9e+037,9.9e+037;:COMP:STAT OFF;:COMP:SWAP OFF;:COMP:TOL:NOM 0;:CURR:LEV 0.1;:DISP:ENAB ON;:DISP:LINE """";:DISP:WIND:TEXT1:DATA:FMSD:DATA 1e-009;:DISP:WIND:TEXT2:DATA:FMSD:DATA 1e-009;:FORM:ASC:LONG ON;:FORM:BORD NORM;:FORM:DATA ASC,64;:FREQ:CW 800;:FUNC:DEV1:MODE OFF;:FUNC:DEV1:REF:VAL 0;:FUNC:DEV2:MODE OFF;:FUNC:DEV2:REF:VAL 0;:FUNC:IMP:TYPE LSRS;:FUNC:SMON:IDC:STAT OFF;:FUNC:SMON:VDC:STAT OFF;:INIT:CONT OFF;:LIST:MODE SEQ;:LIST:STIM:TYPE FREQ,NONE;:SOUR:DCS:VOLT:LEV 0;:TRIG:DEL 0;:TRIG:SOUR INT;:TRIG:TDEL 0;:DISP:WIND:TEXT1:DATA:FMSD:STAT OFF;:DISP:WIND:TEXT2:DATA:FMSD:STAT OFF;:FUNC:DCR:RANG:VAL 100;:FUNC:IMP:RANG:VAL 0.1;:OUTP:DC:ISOL:LEV:VAL 0.1;:OUTP:DC:ISOL:STAT OFF;:FUNC:DCR:RANG:AUTO ON;:FUNC:IMP:RANG:AUTO ON;:OUTP:DC:ISOL:LEV:AUTO ON;:DISP:PAGE MEASurement;
"
1000.0,3.462948216e-07,0.04784453617
1000.0,3.463060168e-07,0.04784367689
1000.0,3.462962083e-07,0.04784317727
1000.0,3.463107655e-07,0.04784269043
1000.0,3.462950691e-07,0.04784249625
1000.0,3.462697135e-07,0.0478424208
1000.0,3.462320584e-07,0.04784257159
1000.0,3.462869291e-07,0.04784277154
1000.0,3.46282929e-07,0.04784219279
1000.0,3.462875914e-07,0.04784244669
1000.0,3.46279866e-07,0.04784218916
1000.0,3.462917036e-07,0.04784176606
1000.0,3.462962037e-07,0.04784214717
1000.0,3.462494388e-07,0.04784198662
1000.0,3.462578818e-07,0.04784156463
1000.0,3.463047735e-07,0.0478417399
Freq,1000,Rs,0.0478425233725,7.605107253464865e-07,Ls,3.4628387313125e-07,2.167602080339211e-11
":SOUR:DCS:STAT OFF;:BIAS:STAT OFF;:COMP:BIN:COUN:CLE;:LIST:CLE:ALL;:COMP:BIN:CLE;:AMPL:ALC ON;:APER LONG,16;:BIAS:POL:AUTO OFF;:BIAS:RANG:AUTO ON;:BIAS:VOLT:LEV 0;:COMP:ABIN OFF;:COMP:BIN:COUN:STAT OFF;:COMP:MODE PTOL;:COMP:SLIM -9.9e+037,9.9e+037;:COMP:STAT OFF;:COMP:SWAP OFF;:COMP:TOL:NOM 0;:CURR:LEV 0.1;:DISP:ENAB ON;:DISP:LINE """";:DISP:WIND:TEXT1:DATA:FMSD:DATA 1e-009;:DISP:WIND:TEXT2:DATA:FMSD:DATA 1e-009;:FORM:ASC:LONG ON;:FORM:BORD NORM;:FORM:DATA ASC,64;:FREQ:CW 1000;:FUNC:DEV1:MODE OFF;:FUNC:DEV1:REF:VAL 0;:FUNC:DEV2:MODE OFF;:FUNC:DEV2:REF:VAL 0;:FUNC:IMP:TYPE LSRS;:FUNC:SMON:IDC:STAT OFF;:FUNC:SMON:VDC:STAT OFF;:INIT:CONT OFF;:LIST:MODE SEQ;:LIST:STIM:TYPE FREQ,NONE;:SOUR:DCS:VOLT:LEV 0;:TRIG:DEL 0;:TRIG:SOUR INT;:TRIG:TDEL 0;:DISP:WIND:TEXT1:DATA:FMSD:STAT OFF;:DISP:WIND:TEXT2:DATA:FMSD:STAT OFF;:FUNC:DCR:RANG:VAL 100;:FUNC:IMP:RANG:VAL 0.1;:OUTP:DC:ISOL:LEV:VAL 0.1;:OUTP:DC:ISOL:STAT OFF;:FUNC:DCR:RANG:AUTO ON;:FUNC:IMP:RANG:AUTO ON;:OUTP:DC:ISOL:LEV:AUTO ON;:DISP:PAGE MEASurement;
"
1591.5494309189535,3.464159177e-07,0.0478403118
1591.5494309189535,3.4641625e-07,0.04784022254
1591.5494309189535,3.464094157e-07,0.04784007145
1591.5494309189535,3.464148168e-07,0.04783980101
1591.5494309189535,3.46411368e-07,0.0478395357
1591.5494309189535,3.464334802e-07,0.04783930634
1591.5494309189535,3.464084198e-07,0.04783918192
1591.5494309189535,3.464149057e-07,0.04783902184
1591.5494309189535,3.464312189e-07,0.0478387713
1591.5494309189535,3.464241577e-07,0.04783880611
1591.5494309189535,3.463934482e-07,0.04783836315
1591.5494309189535,3.464081135e-07,0.04783810299
1591.5494309189535,3.4642279e-07,0.04783816141
1591.5494309189535,3.464306204e-07,0.0478379934
1591.5494309189535,3.464236842e-07,0.0478378483
1591.5494309189535,3.464206182e-07,0.04783774553
Freq,1591.5494309189535,Rs,0.047838952799375,8.679660550766422e-07,Ls,3.464174515625e-07,1.0347166737994985e-11
":SOUR:DCS:STAT OFF;:BIAS:STAT OFF;:COMP:BIN:COUN:CLE;:LIST:CLE:ALL;:COMP:BIN:CLE;:AMPL:ALC ON;:APER LONG,16;:BIAS:POL:AUTO OFF;:BIAS:RANG:AUTO ON;:BIAS:VOLT:LEV 0;:COMP:ABIN OFF;:COMP:BIN:COUN:STAT OFF;:COMP:MODE PTOL;:COMP:SLIM -9.9e+037,9.9e+037;:COMP:STAT OFF;:COMP:SWAP OFF;:COMP:TOL:NOM 0;:CURR:LEV 0.1;:DISP:ENAB ON;:DISP:LINE """";:DISP:WIND:TEXT1:DATA:FMSD:DATA 1e-009;:DISP:WIND:TEXT2:DATA:FMSD:DATA 1e-009;:FORM:ASC:LONG ON;:FORM:BORD NORM;:FORM:DATA ASC,64;:FREQ:CW 1592;:FUNC:DEV1:MODE OFF;:FUNC:DEV1:REF:VAL 0;:FUNC:DEV2:MODE OFF;:FUNC:DEV2:REF:VAL 0;:FUNC:IMP:TYPE LSRS;:FUNC:SMON:IDC:STAT OFF;:FUNC:SMON:VDC:STAT OFF;:INIT:CONT OFF;:LIST:MODE SEQ;:LIST:STIM:TYPE FREQ,NONE;:SOUR:DCS:VOLT:LEV 0;:TRIG:DEL 0;:TRIG:SOUR INT;:TRIG:TDEL 0;:DISP:WIND:TEXT1:DATA:FMSD:STAT OFF;:DISP:WIND:TEXT2:DATA:FMSD:STAT OFF;:FUNC:DCR:RANG:VAL 100;:FUNC:IMP:RANG:VAL 0.1;:OUTP:DC:ISOL:LEV:VAL 0.1;:OUTP:DC:ISOL:STAT OFF;:FUNC:DCR:RANG:AUTO ON;:FUNC:IMP:RANG:AUTO ON;:OUTP:DC:ISOL:LEV:AUTO ON;:DISP:PAGE MEASurement;
"
2000.0,3.469622504e-07,0.04784283593
2000.0,3.469280035e-07,0.04784234498
2000.0,3.469514728e-07,0.04784248563
2000.0,3.469657674e-07,0.04784241264
2000.0,3.46952771e-07,0.04784270121
2000.0,3.469460742e-07,0.04784272667
2000.0,3.469538084e-07,0.04784277323
2000.0,3.46944192e-07,0.04784256573
2000.0,3.469606683e-07,0.04784240041
2000.0,3.469494693e-07,0.04784196083
2000.0,3.469547151e-07,0.04784182008
2000.0,3.469567495e-07,0.04784181911
2000.0,3.469469155e-07,0.04784252283
2000.0,3.469597335e-07,0.04784322462
2000.0,3.469457597e-07,0.04784340513
2000.0,3.469603714e-07,0.04784370459
Freq,2000,Rs,0.04784260647625,5.264080024325923e-07,Ls,3.4695242012500005e-07,9.215916760871657e-12
":SOUR:DCS:STAT OFF;:BIAS:STAT OFF;:COMP:BIN:COUN:CLE;:LIST:CLE:ALL;:COMP:BIN:CLE;:AMPL:ALC ON;:APER LONG,16;:BIAS:POL:AUTO OFF;:BIAS:RANG:AUTO ON;:BIAS:VOLT:LEV 0;:COMP:ABIN OFF;:COMP:BIN:COUN:STAT OFF;:COMP:MODE PTOL;:COMP:SLIM -9.9e+037,9.9e+037;:COMP:STAT OFF;:COMP:SWAP OFF;:COMP:TOL:NOM 0;:CURR:LEV 0.1;:DISP:ENAB ON;:DISP:LINE """";:DISP:WIND:TEXT1:DATA:FMSD:DATA 1e-009;:DISP:WIND:TEXT2:DATA:FMSD:DATA 1e-009;:FORM:ASC:LONG ON;:FORM:BORD NORM;:FORM:DATA ASC,64;:FREQ:CW 2000;:FUNC:DEV1:MODE OFF;:FUNC:DEV1:REF:VAL 0;:FUNC:DEV2:MODE OFF;:FUNC:DEV2:REF:VAL 0;:FUNC:IMP:TYPE LSRS;:FUNC:SMON:IDC:STAT OFF;:FUNC:SMON:VDC:STAT OFF;:INIT:CONT OFF;:LIST:MODE SEQ;:LIST:STIM:TYPE FREQ,NONE;:SOUR:DCS:VOLT:LEV 0;:TRIG:DEL 0;:TRIG:SOUR INT;:TRIG:TDEL 0;:DISP:WIND:TEXT1:DATA:FMSD:STAT OFF;:DISP:WIND:TEXT2:DATA:FMSD:STAT OFF;:FUNC:DCR:RANG:VAL 100;:FUNC:IMP:RANG:VAL 0.1;:OUTP:DC:ISOL:LEV:VAL 0.1;:OUTP:DC:ISOL:STAT OFF;:FUNC:DCR:RANG:AUTO ON;:FUNC:IMP:RANG:AUTO ON;:OUTP:DC:ISOL:LEV:AUTO ON;:DISP:PAGE MEASurement;
"
3000.0,3.471554426e-07,0.04784802388
3000.0,3.471660709e-07,0.04784768238
3000.0,3.471483665e-07,0.04784740786
3000.0,3.471634403e-07,0.04784759043
3000.0,3.471539611e-07,0.04784720185
3000.0,3.471462665e-07,0.04784697813
3000.0,3.471606609e-07,0.04784679095
3000.0,3.471536594e-07,0.04784702361
3000.0,3.471727805e-07,0.04784768623
3000.0,3.471523498e-07,0.04784756756
3000.0,3.47138419e-07,0.04784769689
3000.0,3.47169962e-07,0.04784770384
3000.0,3.471555894e-07,0.04784778933
3000.0,3.471592941e-07,0.04784774135
3000.0,3.471684455e-07,0.04784799874
3000.0,3.471618453e-07,0.04784837962
Freq,3000,Rs,0.047847578915625,4.163072031556185e-07,Ls,3.471579096125e-07,9.245296306544508e-12
":SOUR:DCS:STAT OFF;:BIAS:STAT OFF;:COMP:BIN:COUN:CLE;:LIST:CLE:ALL;:COMP:BIN:CLE;:AMPL:ALC ON;:APER LONG,16;:BIAS:POL:AUTO OFF;:BIAS:RANG:AUTO ON;:BIAS:VOLT:LEV 0;:COMP:ABIN OFF;:COMP:BIN:COUN:STAT OFF;:COMP:MODE PTOL;:COMP:SLIM -9.9e+037,9.9e+037;:COMP:STAT OFF;:COMP:SWAP OFF;:COMP:TOL:NOM 0;:CURR:LEV 0.1;:DISP:ENAB ON;:DISP:LINE """";:DISP:WIND:TEXT1:DATA:FMSD:DATA 1e-009;:DISP:WIND:TEXT2:DATA:FMSD:DATA 1e-009;:FORM:ASC:LONG ON;:FORM:BORD NORM;:FORM:DATA ASC,64;:FREQ:CW 3000;:FUNC:DEV1:MODE OFF;:FUNC:DEV1:REF:VAL 0;:FUNC:DEV2:MODE OFF;:FUNC:DEV2:REF:VAL 0;:FUNC:IMP:TYPE LSRS;:FUNC:SMON:IDC:STAT OFF;:FUNC:SMON:VDC:STAT OFF;:INIT:CONT OFF;:LIST:MODE SEQ;:LIST:STIM:TYPE FREQ,NONE;:SOUR:DCS:VOLT:LEV 0;:TRIG:DEL 0;:TRIG:SOUR INT;:TRIG:TDEL 0;:DISP:WIND:TEXT1:DATA:FMSD:STAT OFF;:DISP:WIND:TEXT2:DATA:FMSD:STAT OFF;:FUNC:DCR:RANG:VAL 100;:FUNC:IMP:RANG:VAL 0.1;:OUTP:DC:ISOL:LEV:VAL 0.1;:OUTP:DC:ISOL:STAT OFF;:FUNC:DCR:RANG:AUTO ON;:FUNC:IMP:RANG:AUTO ON;:OUTP:DC:ISOL:LEV:AUTO ON;:DISP:PAGE MEASurement;
"
5000.0,3.468349251e-07,0.04789430205
5000.0,3.468412887e-07,0.04789477723
5000.0,3.468285275e-07,0.04789479951
5000.0,3.468316621e-07,0.04789561396
5000.0,3.468327001e-07,0.04789588613
5000.0,3.468367078e-07,0.04789608617
5000.0,3.468409941e-07,0.04789641542
5000.0,3.468341613e-07,0.04789686115
5000.0,3.468412526e-07,0.04789684498
5000.0,3.468424696e-07,0.04789781272
5000.0,3.468452373e-07,0.04789781372
5000.0,3.468260938e-07,0.04789875219
5000.0,3.468304056e-07,0.04789836328
5000.0,3.468256143e-07,0.04789926337
5000.0,3.468200868e-07,0.04789983895
5000.0,3.468343038e-07,0.04790025804
Freq,5000,Rs,0.047897105554375,1.8495789397809076e-06,Ls,3.4683415190625e-07,7.009610073551996e-12
":SOUR:DCS:STAT OFF;:BIAS:STAT OFF;:COMP:BIN:COUN:CLE;:LIST:CLE:ALL;:COMP:BIN:CLE;:AMPL:ALC ON;:APER LONG,16;:BIAS:POL:AUTO OFF;:BIAS:RANG:AUTO ON;:BIAS:VOLT:LEV 0;:COMP:ABIN OFF;:COMP:BIN:COUN:STAT OFF;:COMP:MODE PTOL;:COMP:SLIM -9.9e+037,9.9e+037;:COMP:STAT OFF;:COMP:SWAP OFF;:COMP:TOL:NOM 0;:CURR:LEV 0.1;:DISP:ENAB ON;:DISP:LINE """";:DISP:WIND:TEXT1:DATA:FMSD:DATA 1e-009;:DISP:WIND:TEXT2:DATA:FMSD:DATA 1e-009;:FORM:ASC:LONG ON;:FORM:BORD NORM;:FORM:DATA ASC,64;:FREQ:CW 5000;:FUNC:DEV1:MODE OFF;:FUNC:DEV1:REF:VAL 0;:FUNC:DEV2:MODE OFF;:FUNC:DEV2:REF:VAL 0;:FUNC:IMP:TYPE LSRS;:FUNC:SMON:IDC:STAT OFF;:FUNC:SMON:VDC:STAT OFF;:INIT:CONT OFF;:LIST:MODE SEQ;:LIST:STIM:TYPE FREQ,NONE;:SOUR:DCS:VOLT:LEV 0;:TRIG:DEL 0;:TRIG:SOUR INT;:TRIG:TDEL 0;:DISP:WIND:TEXT1:DATA:FMSD:STAT OFF;:DISP:WIND:TEXT2:DATA:FMSD:STAT OFF;:FUNC:DCR:RANG:VAL 100;:FUNC:IMP:RANG:VAL 0.1;:OUTP:DC:ISOL:LEV:VAL 0.1;:OUTP:DC:ISOL:STAT OFF;:FUNC:DCR:RANG:AUTO ON;:FUNC:IMP:RANG:AUTO ON;:OUTP:DC:ISOL:LEV:AUTO ON;:DISP:PAGE MEASurement;
"
":SOUR:DCS:STAT OFF;:BIAS:STAT OFF;:COMP:BIN:COUN:CLE;:LIST:CLE:ALL;:COMP:BIN:CLE;:AMPL:ALC ON;:APER LONG,16;:BIAS:POL:AUTO OFF;:BIAS:RANG:AUTO ON;:BIAS:VOLT:LEV 0;:COMP:ABIN OFF;:COMP:BIN:COUN:STAT OFF;:COMP:MODE PTOL;:COMP:SLIM -9.9e+037,9.9e+037;:COMP:STAT OFF;:COMP:SWAP OFF;:COMP:TOL:NOM 0;:CURR:LEV 0.1;:DISP:ENAB ON;:DISP:LINE """";:DISP:WIND:TEXT1:DATA:FMSD:DATA 1e-009;:DISP:WIND:TEXT2:DATA:FMSD:DATA 1e-009;:FORM:ASC:LONG ON;:FORM:BORD NORM;:FORM:DATA ASC,64;:FREQ:CW 5000;:FUNC:DEV1:MODE OFF;:FUNC:DEV1:REF:VAL 0;:FUNC:DEV2:MODE OFF;:FUNC:DEV2:REF:VAL 0;:FUNC:IMP:TYPE LSRS;:FUNC:SMON:IDC:STAT OFF;:FUNC:SMON:VDC:STAT OFF;:INIT:CONT OFF;:LIST:MODE SEQ;:LIST:STIM:TYPE FREQ,NONE;:SOUR:DCS:VOLT:LEV 0;:TRIG:DEL 0;:TRIG:SOUR INT;:TRIG:TDEL 0;:DISP:WIND:TEXT1:DATA:FMSD:STAT OFF;:DISP:WIND:TEXT2:DATA:FMSD:STAT OFF;:FUNC:DCR:RANG:VAL 100;:FUNC:IMP:RANG:VAL 0.1;:OUTP:DC:ISOL:LEV:VAL 0.1;:OUTP:DC:ISOL:STAT OFF;:FUNC:DCR:RANG:AUTO ON;:FUNC:IMP:RANG:AUTO ON;:OUTP:DC:ISOL:LEV:AUTO ON;:DISP:PAGE MEASurement;
"
2022-09-19,13:41:22
---------run finished---------
lcr name:,KeySight E4980A
Name and description of Resistor under test: ,RE2R
GPIB source:,<bound method MessageBasedResource.read of <'GPIBInstrument'('GPIB0::17::INSTR')>>
2022-09-19,13:47:05
select the freq range,"[50, 100, 200, 300, 500, 800, 1000, 1591.5494309189535, 2000, 3000, 5000]"
50.0,4.043171251e-07,0.04744519379
50.0,3.978109574e-07,0.04744525259
50.0,3.978704202e-07,0.0474449237
50.0,3.988619009e-07,0.0474438259
50.0,4.029208249e-07,0.04744274315
50.0,4.086401389e-07,0.04744237785
50.0,4.099465372e-07,0.04744238896
50.0,4.106438094e-07,0.04744238582
50.0,4.121034967e-07,0.04744214255
50.0,4.108862748e-07,0.04744136008
50.0,4.024895954e-07,0.04744006001
50.0,3.967162856e-07,0.04744470629
50.0,4.095231047e-07,0.04744427509
50.0,4.131210411e-07,0.04744055142
50.0,4.036269368e-07,0.04743887831
50.0,3.956862997e-07,0.04744031969
Freq,50,Rs,0.047442586575,1.9918471850855115e-06,Ls,4.0469779680000003e-07,6.045158059502037e-09
":SOUR:DCS:STAT OFF;:BIAS:STAT OFF;:COMP:BIN:COUN:CLE;:LIST:CLE:ALL;:COMP:BIN:CLE;:AMPL:ALC ON;:APER LONG,16;:BIAS:POL:AUTO OFF;:BIAS:RANG:AUTO ON;:BIAS:VOLT:LEV 0;:COMP:ABIN OFF;:COMP:BIN:COUN:STAT OFF;:COMP:MODE PTOL;:COMP:SLIM -9.9e+037,9.9e+037;:COMP:STAT OFF;:COMP:SWAP OFF;:COMP:TOL:NOM 0;:CURR:LEV 0.1;:DISP:ENAB ON;:DISP:LINE """";:DISP:WIND:TEXT1:DATA:FMSD:DATA 1e-009;:DISP:WIND:TEXT2:DATA:FMSD:DATA 1e-009;:FORM:ASC:LONG ON;:FORM:BORD NORM;:FORM:DATA ASC,64;:FREQ:CW 50;:FUNC:DEV1:MODE OFF;:FUNC:DEV1:REF:VAL 0;:FUNC:DEV2:MODE OFF;:FUNC:DEV2:REF:VAL 0;:FUNC:IMP:TYPE LSRS;:FUNC:SMON:IDC:STAT OFF;:FUNC:SMON:VDC:STAT OFF;:INIT:CONT OFF;:LIST:MODE SEQ;:LIST:STIM:TYPE FREQ,NONE;:SOUR:DCS:VOLT:LEV 0;:TRIG:DEL 0;:TRIG:SOUR INT;:TRIG:TDEL 0;:DISP:WIND:TEXT1:DATA:FMSD:STAT OFF;:DISP:WIND:TEXT2:DATA:FMSD:STAT OFF;:FUNC:DCR:RANG:VAL 100;:FUNC:IMP:RANG:VAL 0.1;:OUTP:DC:ISOL:LEV:VAL 0.1;:OUTP:DC:ISOL:STAT OFF;:FUNC:DCR:RANG:AUTO ON;:FUNC:IMP:RANG:AUTO ON;:OUTP:DC:ISOL:LEV:AUTO ON;:DISP:PAGE MEASurement;
"
100.0,3.670307503e-07,0.04741999224
100.0,3.667402921e-07,0.04741957773
100.0,3.676114006e-07,0.04741952065
100.0,3.67601661e-07,0.04741882779
100.0,3.667035497e-07,0.04741835309
100.0,3.671352364e-07,0.04741819263
100.0,3.67490781e-07,0.04741770339
100.0,3.669802725e-07,0.0474180664
100.0,3.668360335e-07,0.04741733365
100.0,3.676607067e-07,0.0474175561
100.0,3.668490825e-07,0.04741719893
100.0,3.669860336e-07,0.04741694156
100.0,3.667659905e-07,0.04741689319
100.0,3.6708003e-07,0.04741650699
100.0,3.681333401e-07,0.04741629301
100.0,3.669052047e-07,0.04741556681
Freq,100,Rs,0.04741778276,1.2555570422724553e-06,Ls,3.67156897825e-07,4.162336765450583e-10
":SOUR:DCS:STAT OFF;:BIAS:STAT OFF;:COMP:BIN:COUN:CLE;:LIST:CLE:ALL;:COMP:BIN:CLE;:AMPL:ALC ON;:APER LONG,16;:BIAS:POL:AUTO OFF;:BIAS:RANG:AUTO ON;:BIAS:VOLT:LEV 0;:COMP:ABIN OFF;:COMP:BIN:COUN:STAT OFF;:COMP:MODE PTOL;:COMP:SLIM -9.9e+037,9.9e+037;:COMP:STAT OFF;:COMP:SWAP OFF;:COMP:TOL:NOM 0;:CURR:LEV 0.1;:DISP:ENAB ON;:DISP:LINE """";:DISP:WIND:TEXT1:DATA:FMSD:DATA 1e-009;:DISP:WIND:TEXT2:DATA:FMSD:DATA 1e-009;:FORM:ASC:LONG ON;:FORM:BORD NORM;:FORM:DATA ASC,64;:FREQ:CW 100;:FUNC:DEV1:MODE OFF;:FUNC:DEV1:REF:VAL 0;:FUNC:DEV2:MODE OFF;:FUNC:DEV2:REF:VAL 0;:FUNC:IMP:TYPE LSRS;:FUNC:SMON:IDC:STAT OFF;:FUNC:SMON:VDC:STAT OFF;:INIT:CONT OFF;:LIST:MODE SEQ;:LIST:STIM:TYPE FREQ,NONE;:SOUR:DCS:VOLT:LEV 0;:TRIG:DEL 0;:TRIG:SOUR INT;:TRIG:TDEL 0;:DISP:WIND:TEXT1:DATA:FMSD:STAT OFF;:DISP:WIND:TEXT2:DATA:FMSD:STAT OFF;:FUNC:DCR:RANG:VAL 100;:FUNC:IMP:RANG:VAL 0.1;:OUTP:DC:ISOL:LEV:VAL 0.1;:OUTP:DC:ISOL:STAT OFF;:FUNC:DCR:RANG:AUTO ON;:FUNC:IMP:RANG:AUTO ON;:OUTP:DC:ISOL:LEV:AUTO ON;:DISP:PAGE MEASurement;
"
200.0,3.65803193e-07,0.04743839507
200.0,3.659459963e-07,0.0474384024
200.0,3.659889096e-07,0.04743790131
200.0,3.657452156e-07,0.04743766287
200.0,3.659846404e-07,0.04743721678
200.0,3.65826247e-07,0.04743704858
200.0,3.65920687e-07,0.04743680508
200.0,3.659301032e-07,0.04743671532
200.0,3.660215629e-07,0.04743640649
200.0,3.657896521e-07,0.04743570121
200.0,3.660030671e-07,0.04743538246
200.0,3.65915707e-07,0.04743521829
200.0,3.659383841e-07,0.04743461742
200.0,3.659129376e-07,0.04743467962
200.0,3.660287721e-07,0.04743430173
200.0,3.658868859e-07,0.04743387905
Freq,200,Rs,0.047436270855000004,1.4773519118386666e-06,Ls,3.6591512255625e-07,8.557556526800446e-11
":SOUR:DCS:STAT OFF;:BIAS:STAT OFF;:COMP:BIN:COUN:CLE;:LIST:CLE:ALL;:COMP:BIN:CLE;:AMPL:ALC ON;:APER LONG,16;:BIAS:POL:AUTO OFF;:BIAS:RANG:AUTO ON;:BIAS:VOLT:LEV 0;:COMP:ABIN OFF;:COMP:BIN:COUN:STAT OFF;:COMP:MODE PTOL;:COMP:SLIM -9.9e+037,9.9e+037;:COMP:STAT OFF;:COMP:SWAP OFF;:COMP:TOL:NOM 0;:CURR:LEV 0.1;:DISP:ENAB ON;:DISP:LINE """";:DISP:WIND:TEXT1:DATA:FMSD:DATA 1e-009;:DISP:WIND:TEXT2:DATA:FMSD:DATA 1e-009;:FORM:ASC:LONG ON;:FORM:BORD NORM;:FORM:DATA ASC,64;:FREQ:CW 200;:FUNC:DEV1:MODE OFF;:FUNC:DEV1:REF:VAL 0;:FUNC:DEV2:MODE OFF;:FUNC:DEV2:REF:VAL 0;:FUNC:IMP:TYPE LSRS;:FUNC:SMON:IDC:STAT OFF;:FUNC:SMON:VDC:STAT OFF;:INIT:CONT OFF;:LIST:MODE SEQ;:LIST:STIM:TYPE FREQ,NONE;:SOUR:DCS:VOLT:LEV 0;:TRIG:DEL 0;:TRIG:SOUR INT;:TRIG:TDEL 0;:DISP:WIND:TEXT1:DATA:FMSD:STAT OFF;:DISP:WIND:TEXT2:DATA:FMSD:STAT OFF;:FUNC:DCR:RANG:VAL 100;:FUNC:IMP:RANG:VAL 0.1;:OUTP:DC:ISOL:LEV:VAL 0.1;:OUTP:DC:ISOL:STAT OFF;:FUNC:DCR:RANG:AUTO ON;:FUNC:IMP:RANG:AUTO ON;:OUTP:DC:ISOL:LEV:AUTO ON;:DISP:PAGE MEASurement;
"
300.0,3.545811451e-07,0.04743977093
300.0,3.546068338e-07,0.0474392718
300.0,3.546841286e-07,0.04743946725
300.0,3.547372407e-07,0.04743894146
300.0,3.545013094e-07,0.0474391249
300.0,3.545696606e-07,0.04743880382
300.0,3.544762742e-07,0.04743877604
300.0,3.545876238e-07,0.04743890487
300.0,3.546039035e-07,0.04743813483
300.0,3.545630712e-07,0.04743817068
300.0,3.544944305e-07,0.04743759072
300.0,3.544905615e-07,0.04743780644
300.0,3.545728794e-07,0.04743757077
300.0,3.545643535e-07,0.04743765442
300.0,3.545970757e-07,0.04743698056
300.0,3.545388055e-07,0.04743721199
Freq,300,Rs,0.0474383863425,8.545326890292391e-07,Ls,3.5457308106249995e-07,6.884888094329772e-11
":SOUR:DCS:STAT OFF;:BIAS:STAT OFF;:COMP:BIN:COUN:CLE;:LIST:CLE:ALL;:COMP:BIN:CLE;:AMPL:ALC ON;:APER LONG,16;:BIAS:POL:AUTO OFF;:BIAS:RANG:AUTO ON;:BIAS:VOLT:LEV 0;:COMP:ABIN OFF;:COMP:BIN:COUN:STAT OFF;:COMP:MODE PTOL;:COMP:SLIM -9.9e+037,9.9e+037;:COMP:STAT OFF;:COMP:SWAP OFF;:COMP:TOL:NOM 0;:CURR:LEV 0.1;:DISP:ENAB ON;:DISP:LINE """";:DISP:WIND:TEXT1:DATA:FMSD:DATA 1e-009;:DISP:WIND:TEXT2:DATA:FMSD:DATA 1e-009;:FORM:ASC:LONG ON;:FORM:BORD NORM;:FORM:DATA ASC,64;:FREQ:CW 300;:FUNC:DEV1:MODE OFF;:FUNC:DEV1:REF:VAL 0;:FUNC:DEV2:MODE OFF;:FUNC:DEV2:REF:VAL 0;:FUNC:IMP:TYPE LSRS;:FUNC:SMON:IDC:STAT OFF;:FUNC:SMON:VDC:STAT OFF;:INIT:CONT OFF;:LIST:MODE SEQ;:LIST:STIM:TYPE FREQ,NONE;:SOUR:DCS:VOLT:LEV 0;:TRIG:DEL 0;:TRIG:SOUR INT;:TRIG:TDEL 0;:DISP:WIND:TEXT1:DATA:FMSD:STAT OFF;:DISP:WIND:TEXT2:DATA:FMSD:STAT OFF;:FUNC:DCR:RANG:VAL 100;:FUNC:IMP:RANG:VAL 0.1;:OUTP:DC:ISOL:LEV:VAL 0.1;:OUTP:DC:ISOL:STAT OFF;:FUNC:DCR:RANG:AUTO ON;:FUNC:IMP:RANG:AUTO ON;:OUTP:DC:ISOL:LEV:AUTO ON;:DISP:PAGE MEASurement;
"
500.0,3.487544631e-07,0.04744793663
500.0,3.487785537e-07,0.04744787026
500.0,3.487743235e-07,0.04744768849
500.0,3.487409593e-07,0.04744734653
500.0,3.488105621e-07,0.04744734204
500.0,3.488075937e-07,0.04744706785
500.0,3.487588761e-07,0.0474470654
500.0,3.488150302e-07,0.04744698102
500.0,3.487572892e-07,0.04744689298
500.0,3.487655952e-07,0.0474469625
500.0,3.487961364e-07,0.04744692778
500.0,3.488193576e-07,0.04744671362
500.0,3.488086681e-07,0.04744671075
500.0,3.487546037e-07,0.04744647274
500.0,3.486989276e-07,0.04744630558
500.0,3.488181109e-07,0.04744640847
Freq,500,Rs,0.047447043290000004,4.911796721491908e-07,Ls,3.4877869065e-07,3.4231244430491346e-11
":SOUR:DCS:STAT OFF;:BIAS:STAT OFF;:COMP:BIN:COUN:CLE;:LIST:CLE:ALL;:COMP:BIN:CLE;:AMPL:ALC ON;:APER LONG,16;:BIAS:POL:AUTO OFF;:BIAS:RANG:AUTO ON;:BIAS:VOLT:LEV 0;:COMP:ABIN OFF;:COMP:BIN:COUN:STAT OFF;:COMP:MODE PTOL;:COMP:SLIM -9.9e+037,9.9e+037;:COMP:STAT OFF;:COMP:SWAP OFF;:COMP:TOL:NOM 0;:CURR:LEV 0.1;:DISP:ENAB ON;:DISP:LINE """";:DISP:WIND:TEXT1:DATA:FMSD:DATA 1e-009;:DISP:WIND:TEXT2:DATA:FMSD:DATA 1e-009;:FORM:ASC:LONG ON;:FORM:BORD NORM;:FORM:DATA ASC,64;:FREQ:CW 500;:FUNC:DEV1:MODE OFF;:FUNC:DEV1:REF:VAL 0;:FUNC:DEV2:MODE OFF;:FUNC:DEV2:REF:VAL 0;:FUNC:IMP:TYPE LSRS;:FUNC:SMON:IDC:STAT OFF;:FUNC:SMON:VDC:STAT OFF;:INIT:CONT OFF;:LIST:MODE SEQ;:LIST:STIM:TYPE FREQ,NONE;:SOUR:DCS:VOLT:LEV 0;:TRIG:DEL 0;:TRIG:SOUR INT;:TRIG:TDEL 0;:DISP:WIND:TEXT1:DATA:FMSD:STAT OFF;:DISP:WIND:TEXT2:DATA:FMSD:STAT OFF;:FUNC:DCR:RANG:VAL 100;:FUNC:IMP:RANG:VAL 0.1;:OUTP:DC:ISOL:LEV:VAL 0.1;:OUTP:DC:ISOL:STAT OFF;:FUNC:DCR:RANG:AUTO ON;:FUNC:IMP:RANG:AUTO ON;:OUTP:DC:ISOL:LEV:AUTO ON;:DISP:PAGE MEASurement;
"
800.0,3.470229606e-07,0.04745419022
800.0,3.470097973e-07,0.04745396749
800.0,3.469745255e-07,0.04745382845
800.0,3.470459891e-07,0.04745353819
800.0,3.470319825e-07,0.04745363147
800.0,3.47015526e-07,0.04745371877
800.0,3.470368875e-07,0.04745356383
800.0,3.469939609e-07,0.04745366644
800.0,3.470203119e-07,0.04745359366
800.0,3.469976966e-07,0.04745366634
800.0,3.470166732e-07,0.04745343184
800.0,3.470006203e-07,0.04745324946
800.0,3.470459829e-07,0.04745307112
800.0,3.470416192e-07,0.04745305147
800.0,3.470393339e-07,0.0474530936
800.0,3.47001998e-07,0.04745287457
Freq,800,Rs,0.047453508557499996,3.601236897784112e-07,Ls,3.470184915875e-07,2.108900193854126e-11
":SOUR:DCS:STAT OFF;:BIAS:STAT OFF;:COMP:BIN:COUN:CLE;:LIST:CLE:ALL;:COMP:BIN:CLE;:AMPL:ALC ON;:APER LONG,16;:BIAS:POL:AUTO OFF;:BIAS:RANG:AUTO ON;:BIAS:VOLT:LEV 0;:COMP:ABIN OFF;:COMP:BIN:COUN:STAT OFF;:COMP:MODE PTOL;:COMP:SLIM -9.9e+037,9.9e+037;:COMP:STAT OFF;:COMP:SWAP OFF;:COMP:TOL:NOM 0;:CURR:LEV 0.1;:DISP:ENAB ON;:DISP:LINE """";:DISP:WIND:TEXT1:DATA:FMSD:DATA 1e-009;:DISP:WIND:TEXT2:DATA:FMSD:DATA 1e-009;:FORM:ASC:LONG ON;:FORM:BORD NORM;:FORM:DATA ASC,64;:FREQ:CW 800;:FUNC:DEV1:MODE OFF;:FUNC:DEV1:REF:VAL 0;:FUNC:DEV2:MODE OFF;:FUNC:DEV2:REF:VAL 0;:FUNC:IMP:TYPE LSRS;:FUNC:SMON:IDC:STAT OFF;:FUNC:SMON:VDC:STAT OFF;:INIT:CONT OFF;:LIST:MODE SEQ;:LIST:STIM:TYPE FREQ,NONE;:SOUR:DCS:VOLT:LEV 0;:TRIG:DEL 0;:TRIG:SOUR INT;:TRIG:TDEL 0;:DISP:WIND:TEXT1:DATA:FMSD:STAT OFF;:DISP:WIND:TEXT2:DATA:FMSD:STAT OFF;:FUNC:DCR:RANG:VAL 100;:FUNC:IMP:RANG:VAL 0.1;:OUTP:DC:ISOL:LEV:VAL 0.1;:OUTP:DC:ISOL:STAT OFF;:FUNC:DCR:RANG:AUTO ON;:FUNC:IMP:RANG:AUTO ON;:OUTP:DC:ISOL:LEV:AUTO ON;:DISP:PAGE MEASurement;
"
1000.0,3.463114639e-07,0.04744392616
1000.0,3.46337974e-07,0.0474439529
1000.0,3.463170451e-07,0.04744367194
1000.0,3.463365761e-07,0.04744377156
1000.0,3.463299806e-07,0.04744392417
1000.0,3.463061239e-07,0.04744366562
1000.0,3.463511742e-07,0.04744368937
1000.0,3.463251779e-07,0.0474433503
1000.0,3.463158449e-07,0.04744337765
1000.0,3.463055845e-07,0.04744310761
1000.0,3.463625002e-07,0.04744320799
1000.0,3.463664564e-07,0.04744281573
1000.0,3.463501227e-07,0.04744282106
1000.0,3.463268642e-07,0.04744258597
1000.0,3.462919133e-07,0.04744263044
1000.0,3.463392095e-07,0.04744241842
Freq,1000,Rs,0.047443307305625,5.232180692975828e-07,Ls,3.463296257125e-07,2.127542583868252e-11
":SOUR:DCS:STAT OFF;:BIAS:STAT OFF;:COMP:BIN:COUN:CLE;:LIST:CLE:ALL;:COMP:BIN:CLE;:AMPL:ALC ON;:APER LONG,16;:BIAS:POL:AUTO OFF;:BIAS:RANG:AUTO ON;:BIAS:VOLT:LEV 0;:COMP:ABIN OFF;:COMP:BIN:COUN:STAT OFF;:COMP:MODE PTOL;:COMP:SLIM -9.9e+037,9.9e+037;:COMP:STAT OFF;:COMP:SWAP OFF;:COMP:TOL:NOM 0;:CURR:LEV 0.1;:DISP:ENAB ON;:DISP:LINE """";:DISP:WIND:TEXT1:DATA:FMSD:DATA 1e-009;:DISP:WIND:TEXT2:DATA:FMSD:DATA 1e-009;:FORM:ASC:LONG ON;:FORM:BORD NORM;:FORM:DATA ASC,64;:FREQ:CW 1000;:FUNC:DEV1:MODE OFF;:FUNC:DEV1:REF:VAL 0;:FUNC:DEV2:MODE OFF;:FUNC:DEV2:REF:VAL 0;:FUNC:IMP:TYPE LSRS;:FUNC:SMON:IDC:STAT OFF;:FUNC:SMON:VDC:STAT OFF;:INIT:CONT OFF;:LIST:MODE SEQ;:LIST:STIM:TYPE FREQ,NONE;:SOUR:DCS:VOLT:LEV 0;:TRIG:DEL 0;:TRIG:SOUR INT;:TRIG:TDEL 0;:DISP:WIND:TEXT1:DATA:FMSD:STAT OFF;:DISP:WIND:TEXT2:DATA:FMSD:STAT OFF;:FUNC:DCR:RANG:VAL 100;:FUNC:IMP:RANG:VAL 0.1;:OUTP:DC:ISOL:LEV:VAL 0.1;:OUTP:DC:ISOL:STAT OFF;:FUNC:DCR:RANG:AUTO ON;:FUNC:IMP:RANG:AUTO ON;:OUTP:DC:ISOL:LEV:AUTO ON;:DISP:PAGE MEASurement;
"
1591.5494309189535,3.464239376e-07,0.04744106212
1591.5494309189535,3.464180925e-07,0.04744083205
1591.5494309189535,3.464302879e-07,0.04744055591
1591.5494309189535,3.464318823e-07,0.04744057127
1591.5494309189535,3.464244359e-07,0.0474404018
1591.5494309189535,3.464314374e-07,0.04744026841
1591.5494309189535,3.46431802e-07,0.04744007312
1591.5494309189535,3.464500422e-07,0.04744004406
1591.5494309189535,3.464396807e-07,0.04743985141
1591.5494309189535,3.464045308e-07,0.04743956574
1591.5494309189535,3.46415518e-07,0.04743954286
1591.5494309189535,3.464118735e-07,0.04743941877
1591.5494309189535,3.464343725e-07,0.04743945715
1591.5494309189535,3.464179993e-07,0.04743917564
1591.5494309189535,3.464257e-07,0.04743923989
1591.5494309189535,3.464162737e-07,0.04743899502
Freq,1591.5494309189535,Rs,0.04743994095125,6.303571431489524e-07,Ls,3.4642549164375003e-07,1.1389048484397143e-11
":SOUR:DCS:STAT OFF;:BIAS:STAT OFF;:COMP:BIN:COUN:CLE;:LIST:CLE:ALL;:COMP:BIN:CLE;:AMPL:ALC ON;:APER LONG,16;:BIAS:POL:AUTO OFF;:BIAS:RANG:AUTO ON;:BIAS:VOLT:LEV 0;:COMP:ABIN OFF;:COMP:BIN:COUN:STAT OFF;:COMP:MODE PTOL;:COMP:SLIM -9.9e+037,9.9e+037;:COMP:STAT OFF;:COMP:SWAP OFF;:COMP:TOL:NOM 0;:CURR:LEV 0.1;:DISP:ENAB ON;:DISP:LINE """";:DISP:WIND:TEXT1:DATA:FMSD:DATA 1e-009;:DISP:WIND:TEXT2:DATA:FMSD:DATA 1e-009;:FORM:ASC:LONG ON;:FORM:BORD NORM;:FORM:DATA ASC,64;:FREQ:CW 1592;:FUNC:DEV1:MODE OFF;:FUNC:DEV1:REF:VAL 0;:FUNC:DEV2:MODE OFF;:FUNC:DEV2:REF:VAL 0;:FUNC:IMP:TYPE LSRS;:FUNC:SMON:IDC:STAT OFF;:FUNC:SMON:VDC:STAT OFF;:INIT:CONT OFF;:LIST:MODE SEQ;:LIST:STIM:TYPE FREQ,NONE;:SOUR:DCS:VOLT:LEV 0;:TRIG:DEL 0;:TRIG:SOUR INT;:TRIG:TDEL 0;:DISP:WIND:TEXT1:DATA:FMSD:STAT OFF;:DISP:WIND:TEXT2:DATA:FMSD:STAT OFF;:FUNC:DCR:RANG:VAL 100;:FUNC:IMP:RANG:VAL 0.1;:OUTP:DC:ISOL:LEV:VAL 0.1;:OUTP:DC:ISOL:STAT OFF;:FUNC:DCR:RANG:AUTO ON;:FUNC:IMP:RANG:AUTO ON;:OUTP:DC:ISOL:LEV:AUTO ON;:DISP:PAGE MEASurement;
"
2000.0,3.469207908e-07,0.04744443915
2000.0,3.469192227e-07,0.04744454836
2000.0,3.469234148e-07,0.04744477498
2000.0,3.469180187e-07,0.04744443557
2000.0,3.469398666e-07,0.04744454654
2000.0,3.469122158e-07,0.04744451152
2000.0,3.469269113e-07,0.04744428691
2000.0,3.46916373e-07,0.04744442569
2000.0,3.469267894e-07,0.04744414869
2000.0,3.469459076e-07,0.04744434008
2000.0,3.469160762e-07,0.04744418465
2000.0,3.469423827e-07,0.04744409499
2000.0,3.469214003e-07,0.04744396313
2000.0,3.469274391e-07,0.04744401728
2000.0,3.469342588e-07,0.04744408039
2000.0,3.469463622e-07,0.04744401185
Freq,2000,Rs,0.047444300611250004,2.3819088711581715e-07,Ls,3.46927339375e-07,1.1136759239360906e-11
":SOUR:DCS:STAT OFF;:BIAS:STAT OFF;:COMP:BIN:COUN:CLE;:LIST:CLE:ALL;:COMP:BIN:CLE;:AMPL:ALC ON;:APER LONG,16;:BIAS:POL:AUTO OFF;:BIAS:RANG:AUTO ON;:BIAS:VOLT:LEV 0;:COMP:ABIN OFF;:COMP:BIN:COUN:STAT OFF;:COMP:MODE PTOL;:COMP:SLIM -9.9e+037,9.9e+037;:COMP:STAT OFF;:COMP:SWAP OFF;:COMP:TOL:NOM 0;:CURR:LEV 0.1;:DISP:ENAB ON;:DISP:LINE """";:DISP:WIND:TEXT1:DATA:FMSD:DATA 1e-009;:DISP:WIND:TEXT2:DATA:FMSD:DATA 1e-009;:FORM:ASC:LONG ON;:FORM:BORD NORM;:FORM:DATA ASC,64;:FREQ:CW 2000;:FUNC:DEV1:MODE OFF;:FUNC:DEV1:REF:VAL 0;:FUNC:DEV2:MODE OFF;:FUNC:DEV2:REF:VAL 0;:FUNC:IMP:TYPE LSRS;:FUNC:SMON:IDC:STAT OFF;:FUNC:SMON:VDC:STAT OFF;:INIT:CONT OFF;:LIST:MODE SEQ;:LIST:STIM:TYPE FREQ,NONE;:SOUR:DCS:VOLT:LEV 0;:TRIG:DEL 0;:TRIG:SOUR INT;:TRIG:TDEL 0;:DISP:WIND:TEXT1:DATA:FMSD:STAT OFF;:DISP:WIND:TEXT2:DATA:FMSD:STAT OFF;:FUNC:DCR:RANG:VAL 100;:FUNC:IMP:RANG:VAL 0.1;:OUTP:DC:ISOL:LEV:VAL 0.1;:OUTP:DC:ISOL:STAT OFF;:FUNC:DCR:RANG:AUTO ON;:FUNC:IMP:RANG:AUTO ON;:OUTP:DC:ISOL:LEV:AUTO ON;:DISP:PAGE MEASurement;
"
3000.0,3.470930143e-07,0.04744790938
3000.0,3.471068483e-07,0.04744820858
3000.0,3.470925259e-07,0.04744786303
3000.0,3.470941205e-07,0.04744834431
3000.0,3.470937626e-07,0.04744770096
3000.0,3.470947196e-07,0.04744781336
3000.0,3.47115012e-07,0.04744758497
3000.0,3.471067745e-07,0.04744809602
3000.0,3.470933099e-07,0.0474477445
3000.0,3.471127763e-07,0.04744752453
3000.0,3.471059018e-07,0.04744771562
3000.0,3.470805623e-07,0.04744718641
3000.0,3.470992041e-07,0.04744762716
3000.0,3.470797398e-07,0.04744699902
3000.0,3.47101182e-07,0.04744728379
3000.0,3.470870978e-07,0.04744699563
Freq,3000,Rs,0.047447662329375,3.97261695853618e-07,Ls,3.4709728448124995e-07,1.0346679874003762e-11
":SOUR:DCS:STAT OFF;:BIAS:STAT OFF;:COMP:BIN:COUN:CLE;:LIST:CLE:ALL;:COMP:BIN:CLE;:AMPL:ALC ON;:APER LONG,16;:BIAS:POL:AUTO OFF;:BIAS:RANG:AUTO ON;:BIAS:VOLT:LEV 0;:COMP:ABIN OFF;:COMP:BIN:COUN:STAT OFF;:COMP:MODE PTOL;:COMP:SLIM -9.9e+037,9.9e+037;:COMP:STAT OFF;:COMP:SWAP OFF;:COMP:TOL:NOM 0;:CURR:LEV 0.1;:DISP:ENAB ON;:DISP:LINE """";:DISP:WIND:TEXT1:DATA:FMSD:DATA 1e-009;:DISP:WIND:TEXT2:DATA:FMSD:DATA 1e-009;:FORM:ASC:LONG ON;:FORM:BORD NORM;:FORM:DATA ASC,64;:FREQ:CW 3000;:FUNC:DEV1:MODE OFF;:FUNC:DEV1:REF:VAL 0;:FUNC:DEV2:MODE OFF;:FUNC:DEV2:REF:VAL 0;:FUNC:IMP:TYPE LSRS;:FUNC:SMON:IDC:STAT OFF;:FUNC:SMON:VDC:STAT OFF;:INIT:CONT OFF;:LIST:MODE SEQ;:LIST:STIM:TYPE FREQ,NONE;:SOUR:DCS:VOLT:LEV 0;:TRIG:DEL 0;:TRIG:SOUR INT;:TRIG:TDEL 0;:DISP:WIND:TEXT1:DATA:FMSD:STAT OFF;:DISP:WIND:TEXT2:DATA:FMSD:STAT OFF;:FUNC:DCR:RANG:VAL 100;:FUNC:IMP:RANG:VAL 0.1;:OUTP:DC:ISOL:LEV:VAL 0.1;:OUTP:DC:ISOL:STAT OFF;:FUNC:DCR:RANG:AUTO ON;:FUNC:IMP:RANG:AUTO ON;:OUTP:DC:ISOL:LEV:AUTO ON;:DISP:PAGE MEASurement;
"
5000.0,3.467516841e-07,0.04749151674
5000.0,3.467516802e-07,0.04749115463
5000.0,3.467430783e-07,0.04749158645
5000.0,3.467391597e-07,0.04749099983
5000.0,3.467497596e-07,0.04749127556
5000.0,3.467590214e-07,0.04749154037
5000.0,3.467460427e-07,0.04749136096
5000.0,3.467636502e-07,0.04749103026
5000.0,3.46742594e-07,0.0474909945
5000.0,3.467602274e-07,0.04749102412
5000.0,3.467451897e-07,0.04749066365
5000.0,3.467428042e-07,0.04749077178
5000.0,3.467595907e-07,0.04749075804
5000.0,3.467635636e-07,0.04749092447
5000.0,3.467494335e-07,0.04749042789
5000.0,3.467553606e-07,0.04749040443
Freq,5000,Rs,0.047491027105,3.6826900077699007e-07,Ls,3.4675142749375e-07,8.005356187495581e-12
":SOUR:DCS:STAT OFF;:BIAS:STAT OFF;:COMP:BIN:COUN:CLE;:LIST:CLE:ALL;:COMP:BIN:CLE;:AMPL:ALC ON;:APER LONG,16;:BIAS:POL:AUTO OFF;:BIAS:RANG:AUTO ON;:BIAS:VOLT:LEV 0;:COMP:ABIN OFF;:COMP:BIN:COUN:STAT OFF;:COMP:MODE PTOL;:COMP:SLIM -9.9e+037,9.9e+037;:COMP:STAT OFF;:COMP:SWAP OFF;:COMP:TOL:NOM 0;:CURR:LEV 0.1;:DISP:ENAB ON;:DISP:LINE """";:DISP:WIND:TEXT1:DATA:FMSD:DATA 1e-009;:DISP:WIND:TEXT2:DATA:FMSD:DATA 1e-009;:FORM:ASC:LONG ON;:FORM:BORD NORM;:FORM:DATA ASC,64;:FREQ:CW 5000;:FUNC:DEV1:MODE OFF;:FUNC:DEV1:REF:VAL 0;:FUNC:DEV2:MODE OFF;:FUNC:DEV2:REF:VAL 0;:FUNC:IMP:TYPE LSRS;:FUNC:SMON:IDC:STAT OFF;:FUNC:SMON:VDC:STAT OFF;:INIT:CONT OFF;:LIST:MODE SEQ;:LIST:STIM:TYPE FREQ,NONE;:SOUR:DCS:VOLT:LEV 0;:TRIG:DEL 0;:TRIG:SOUR INT;:TRIG:TDEL 0;:DISP:WIND:TEXT1:DATA:FMSD:STAT OFF;:DISP:WIND:TEXT2:DATA:FMSD:STAT OFF;:FUNC:DCR:RANG:VAL 100;:FUNC:IMP:RANG:VAL 0.1;:OUTP:DC:ISOL:LEV:VAL 0.1;:OUTP:DC:ISOL:STAT OFF;:FUNC:DCR:RANG:AUTO ON;:FUNC:IMP:RANG:AUTO ON;:OUTP:DC:ISOL:LEV:AUTO ON;:DISP:PAGE MEASurement;
"
":SOUR:DCS:STAT OFF;:BIAS:STAT OFF;:COMP:BIN:COUN:CLE;:LIST:CLE:ALL;:COMP:BIN:CLE;:AMPL:ALC ON;:APER LONG,16;:BIAS:POL:AUTO OFF;:BIAS:RANG:AUTO ON;:BIAS:VOLT:LEV 0;:COMP:ABIN OFF;:COMP:BIN:COUN:STAT OFF;:COMP:MODE PTOL;:COMP:SLIM -9.9e+037,9.9e+037;:COMP:STAT OFF;:COMP:SWAP OFF;:COMP:TOL:NOM 0;:CURR:LEV 0.1;:DISP:ENAB ON;:DISP:LINE """";:DISP:WIND:TEXT1:DATA:FMSD:DATA 1e-009;:DISP:WIND:TEXT2:DATA:FMSD:DATA 1e-009;:FORM:ASC:LONG ON;:FORM:BORD NORM;:FORM:DATA ASC,64;:FREQ:CW 5000;:FUNC:DEV1:MODE OFF;:FUNC:DEV1:REF:VAL 0;:FUNC:DEV2:MODE OFF;:FUNC:DEV2:REF:VAL 0;:FUNC:IMP:TYPE LSRS;:FUNC:SMON:IDC:STAT OFF;:FUNC:SMON:VDC:STAT OFF;:INIT:CONT OFF;:LIST:MODE SEQ;:LIST:STIM:TYPE FREQ,NONE;:SOUR:DCS:VOLT:LEV 0;:TRIG:DEL 0;:TRIG:SOUR INT;:TRIG:TDEL 0;:DISP:WIND:TEXT1:DATA:FMSD:STAT OFF;:DISP:WIND:TEXT2:DATA:FMSD:STAT OFF;:FUNC:DCR:RANG:VAL 100;:FUNC:IMP:RANG:VAL 0.1;:OUTP:DC:ISOL:LEV:VAL 0.1;:OUTP:DC:ISOL:STAT OFF;:FUNC:DCR:RANG:AUTO ON;:FUNC:IMP:RANG:AUTO ON;:OUTP:DC:ISOL:LEV:AUTO ON;:DISP:PAGE MEASurement;
"
2022-09-19,13:58:22
---------run finished---------
lcr name:,KeySight E4980A
Name and description of Resistor under test: ,RM2
GPIB source:,<bound method MessageBasedResource.read of <'GPIBInstrument'('GPIB0::17::INSTR')>>
2022-09-19,14:14:29
select the freq range,"[50, 100, 200, 300, 500, 800, 1000, 1591.5494309189535, 2000, 3000, 5000]"
50.0,4.000876899e-07,0.04719110697
50.0,3.935617892e-07,0.04718568518
50.0,3.939356802e-07,0.0471829012
50.0,3.948040744e-07,0.04718242983
50.0,4.061103824e-07,0.0471812629
50.0,4.115469356e-07,0.0471748611
50.0,3.96119195e-07,0.04717297793
50.0,3.990518792e-07,0.04717622413
50.0,4.08509342e-07,0.04717372962
50.0,4.117395838e-07,0.04717182833
50.0,4.118430623e-07,0.04717059263
50.0,4.112424293e-07,0.04716997097
50.0,4.137833012e-07,0.04716664383
50.0,4.149458302e-07,0.04716347898
50.0,4.11228727e-07,0.04716166758
50.0,4.141225519e-07,0.04716241049
Freq,50,Rs,0.047174235729375,8.648397462455576e-06,Ls,4.0578952834999996e-07,8.047056642861759e-09
":SOUR:DCS:STAT OFF;:BIAS:STAT OFF;:COMP:BIN:COUN:CLE;:LIST:CLE:ALL;:COMP:BIN:CLE;:AMPL:ALC ON;:APER LONG,16;:BIAS:POL:AUTO OFF;:BIAS:RANG:AUTO ON;:BIAS:VOLT:LEV 0;:COMP:ABIN OFF;:COMP:BIN:COUN:STAT OFF;:COMP:MODE PTOL;:COMP:SLIM -9.9e+037,9.9e+037;:COMP:STAT OFF;:COMP:SWAP OFF;:COMP:TOL:NOM 0;:CURR:LEV 0.1;:DISP:ENAB ON;:DISP:LINE """";:DISP:WIND:TEXT1:DATA:FMSD:DATA 1e-009;:DISP:WIND:TEXT2:DATA:FMSD:DATA 1e-009;:FORM:ASC:LONG ON;:FORM:BORD NORM;:FORM:DATA ASC,64;:FREQ:CW 50;:FUNC:DEV1:MODE OFF;:FUNC:DEV1:REF:VAL 0;:FUNC:DEV2:MODE OFF;:FUNC:DEV2:REF:VAL 0;:FUNC:IMP:TYPE LSRS;:FUNC:SMON:IDC:STAT OFF;:FUNC:SMON:VDC:STAT OFF;:INIT:CONT OFF;:LIST:MODE SEQ;:LIST:STIM:TYPE FREQ,NONE;:SOUR:DCS:VOLT:LEV 0;:TRIG:DEL 0;:TRIG:SOUR INT;:TRIG:TDEL 0;:DISP:WIND:TEXT1:DATA:FMSD:STAT OFF;:DISP:WIND:TEXT2:DATA:FMSD:STAT OFF;:FUNC:DCR:RANG:VAL 100;:FUNC:IMP:RANG:VAL 0.1;:OUTP:DC:ISOL:LEV:VAL 0.1;:OUTP:DC:ISOL:STAT OFF;:FUNC:DCR:RANG:AUTO ON;:FUNC:IMP:RANG:AUTO ON;:OUTP:DC:ISOL:LEV:AUTO ON;:DISP:PAGE MEASurement;
"
100.0,3.662412355e-07,0.04714047655
100.0,3.671373265e-07,0.04713918828
100.0,3.662370066e-07,0.04713843225
100.0,3.663919101e-07,0.04713731678
100.0,3.663669757e-07,0.04713679916
100.0,3.669097729e-07,0.04713575819
100.0,3.670646157e-07,0.04713533847
100.0,3.665063305e-07,0.04713426876
100.0,3.671127379e-07,0.04713298984
100.0,3.664892215e-07,0.04713214129
100.0,3.666313942e-07,0.04713095801
100.0,3.659765593e-07,0.04712985903
100.0,3.666525952e-07,0.04712882903
100.0,3.672179266e-07,0.04712783864
100.0,3.659941128e-07,0.04712682514
100.0,3.661179174e-07,0.04712530078
Freq,100,Rs,0.0471332700125,4.665525106271247e-06,Ls,3.6656547739999996e-07,4.1611441463965256e-10
":SOUR:DCS:STAT OFF;:BIAS:STAT OFF;:COMP:BIN:COUN:CLE;:LIST:CLE:ALL;:COMP:BIN:CLE;:AMPL:ALC ON;:APER LONG,16;:BIAS:POL:AUTO OFF;:BIAS:RANG:AUTO ON;:BIAS:VOLT:LEV 0;:COMP:ABIN OFF;:COMP:BIN:COUN:STAT OFF;:COMP:MODE PTOL;:COMP:SLIM -9.9e+037,9.9e+037;:COMP:STAT OFF;:COMP:SWAP OFF;:COMP:TOL:NOM 0;:CURR:LEV 0.1;:DISP:ENAB ON;:DISP:LINE """";:DISP:WIND:TEXT1:DATA:FMSD:DATA 1e-009;:DISP:WIND:TEXT2:DATA:FMSD:DATA 1e-009;:FORM:ASC:LONG ON;:FORM:BORD NORM;:FORM:DATA ASC,64;:FREQ:CW 100;:FUNC:DEV1:MODE OFF;:FUNC:DEV1:REF:VAL 0;:FUNC:DEV2:MODE OFF;:FUNC:DEV2:REF:VAL 0;:FUNC:IMP:TYPE LSRS;:FUNC:SMON:IDC:STAT OFF;:FUNC:SMON:VDC:STAT OFF;:INIT:CONT OFF;:LIST:MODE SEQ;:LIST:STIM:TYPE FREQ,NONE;:SOUR:DCS:VOLT:LEV 0;:TRIG:DEL 0;:TRIG:SOUR INT;:TRIG:TDEL 0;:DISP:WIND:TEXT1:DATA:FMSD:STAT OFF;:DISP:WIND:TEXT2:DATA:FMSD:STAT OFF;:FUNC:DCR:RANG:VAL 100;:FUNC:IMP:RANG:VAL 0.1;:OUTP:DC:ISOL:LEV:VAL 0.1;:OUTP:DC:ISOL:STAT OFF;:FUNC:DCR:RANG:AUTO ON;:FUNC:IMP:RANG:AUTO ON;:OUTP:DC:ISOL:LEV:AUTO ON;:DISP:PAGE MEASurement;
"
200.0,3.654386343e-07,0.04714743129
200.0,3.653814948e-07,0.04714702641
200.0,3.653927194e-07,0.04714673745
200.0,3.650694542e-07,0.04714603574
200.0,3.651837251e-07,0.04714560689
200.0,3.654259529e-07,0.04714466518
200.0,3.654233798e-07,0.04714383319
200.0,3.652232658e-07,0.04714298956
200.0,3.653156241e-07,0.04714253834
200.0,3.653141617e-07,0.04714168088
200.0,3.654454625e-07,0.04714102399
200.0,3.653205267e-07,0.04714019074
200.0,3.651161869e-07,0.04713978623
200.0,3.653433692e-07,0.04713896248
200.0,3.652256452e-07,0.0471377778
200.0,3.654168102e-07,0.04713716507
Freq,200,Rs,0.0471427157025,3.363527938402983e-06,Ls,3.653147758e-07,1.1873707288165755e-10
":SOUR:DCS:STAT OFF;:BIAS:STAT OFF;:COMP:BIN:COUN:CLE;:LIST:CLE:ALL;:COMP:BIN:CLE;:AMPL:ALC ON;:APER LONG,16;:BIAS:POL:AUTO OFF;:BIAS:RANG:AUTO ON;:BIAS:VOLT:LEV 0;:COMP:ABIN OFF;:COMP:BIN:COUN:STAT OFF;:COMP:MODE PTOL;:COMP:SLIM -9.9e+037,9.9e+037;:COMP:STAT OFF;:COMP:SWAP OFF;:COMP:TOL:NOM 0;:CURR:LEV 0.1;:DISP:ENAB ON;:DISP:LINE """";:DISP:WIND:TEXT1:DATA:FMSD:DATA 1e-009;:DISP:WIND:TEXT2:DATA:FMSD:DATA 1e-009;:FORM:ASC:LONG ON;:FORM:BORD NORM;:FORM:DATA ASC,64;:FREQ:CW 200;:FUNC:DEV1:MODE OFF;:FUNC:DEV1:REF:VAL 0;:FUNC:DEV2:MODE OFF;:FUNC:DEV2:REF:VAL 0;:FUNC:IMP:TYPE LSRS;:FUNC:SMON:IDC:STAT OFF;:FUNC:SMON:VDC:STAT OFF;:INIT:CONT OFF;:LIST:MODE SEQ;:LIST:STIM:TYPE FREQ,NONE;:SOUR:DCS:VOLT:LEV 0;:TRIG:DEL 0;:TRIG:SOUR INT;:TRIG:TDEL 0;:DISP:WIND:TEXT1:DATA:FMSD:STAT OFF;:DISP:WIND:TEXT2:DATA:FMSD:STAT OFF;:FUNC:DCR:RANG:VAL 100;:FUNC:IMP:RANG:VAL 0.1;:OUTP:DC:ISOL:LEV:VAL 0.1;:OUTP:DC:ISOL:STAT OFF;:FUNC:DCR:RANG:AUTO ON;:FUNC:IMP:RANG:AUTO ON;:OUTP:DC:ISOL:LEV:AUTO ON;:DISP:PAGE MEASurement;
"
300.0,3.538716497e-07,0.0471426275
300.0,3.539592171e-07,0.04714206134
300.0,3.54008796e-07,0.0471413251
300.0,3.539187675e-07,0.0471410412
300.0,3.538100009e-07,0.04714035404
300.0,3.540293953e-07,0.04713981105
300.0,3.538028721e-07,0.04713914851
300.0,3.538521138e-07,0.04713862398
300.0,3.537679498e-07,0.04713853861
300.0,3.539709826e-07,0.04713786369
300.0,3.538815317e-07,0.04713742538
300.0,3.537848483e-07,0.04713713235
300.0,3.538693325e-07,0.04713687762
300.0,3.537434057e-07,0.04713628048
300.0,3.53882648e-07,0.04713607359
300.0,3.538623789e-07,0.04713533908
Freq,300,Rs,0.04713878272,2.2411391723878346e-06,Ls,3.5387599311875e-07,8.449981960036175e-11
":SOUR:DCS:STAT OFF;:BIAS:STAT OFF;:COMP:BIN:COUN:CLE;:LIST:CLE:ALL;:COMP:BIN:CLE;:AMPL:ALC ON;:APER LONG,16;:BIAS:POL:AUTO OFF;:BIAS:RANG:AUTO ON;:BIAS:VOLT:LEV 0;:COMP:ABIN OFF;:COMP:BIN:COUN:STAT OFF;:COMP:MODE PTOL;:COMP:SLIM -9.9e+037,9.9e+037;:COMP:STAT OFF;:COMP:SWAP OFF;:COMP:TOL:NOM 0;:CURR:LEV 0.1;:DISP:ENAB ON;:DISP:LINE """";:DISP:WIND:TEXT1:DATA:FMSD:DATA 1e-009;:DISP:WIND:TEXT2:DATA:FMSD:DATA 1e-009;:FORM:ASC:LONG ON;:FORM:BORD NORM;:FORM:DATA ASC,64;:FREQ:CW 300;:FUNC:DEV1:MODE OFF;:FUNC:DEV1:REF:VAL 0;:FUNC:DEV2:MODE OFF;:FUNC:DEV2:REF:VAL 0;:FUNC:IMP:TYPE LSRS;:FUNC:SMON:IDC:STAT OFF;:FUNC:SMON:VDC:STAT OFF;:INIT:CONT OFF;:LIST:MODE SEQ;:LIST:STIM:TYPE FREQ,NONE;:SOUR:DCS:VOLT:LEV 0;:TRIG:DEL 0;:TRIG:SOUR INT;:TRIG:TDEL 0;:DISP:WIND:TEXT1:DATA:FMSD:STAT OFF;:DISP:WIND:TEXT2:DATA:FMSD:STAT OFF;:FUNC:DCR:RANG:VAL 100;:FUNC:IMP:RANG:VAL 0.1;:OUTP:DC:ISOL:LEV:VAL 0.1;:OUTP:DC:ISOL:STAT OFF;:FUNC:DCR:RANG:AUTO ON;:FUNC:IMP:RANG:AUTO ON;:OUTP:DC:ISOL:LEV:AUTO ON;:DISP:PAGE MEASurement;
"
500.0,3.480540006e-07,0.04714580567
500.0,3.480229503e-07,0.04714549699
500.0,3.480363256e-07,0.04714493805
500.0,3.479738106e-07,0.04714478144
500.0,3.47944026e-07,0.04714440491
500.0,3.480387954e-07,0.04714382241
500.0,3.480256184e-07,0.04714354647
500.0,3.480003461e-07,0.04714289646
500.0,3.479435384e-07,0.04714261127
500.0,3.479822833e-07,0.04714238095
500.0,3.48038244e-07,0.04714198727
500.0,3.480095468e-07,0.04714168831
500.0,3.480253456e-07,0.04714151591
500.0,3.479541787e-07,0.04714107145
500.0,3.480048352e-07,0.04714105812
500.0,3.479948903e-07,0.04714032692
Freq,500,Rs,0.047143020787499997,1.7147875543259023e-06,Ls,3.4800304595625e-07,3.5063163132974185e-11
":SOUR:DCS:STAT OFF;:BIAS:STAT OFF;:COMP:BIN:COUN:CLE;:LIST:CLE:ALL;:COMP:BIN:CLE;:AMPL:ALC ON;:APER LONG,16;:BIAS:POL:AUTO OFF;:BIAS:RANG:AUTO ON;:BIAS:VOLT:LEV 0;:COMP:ABIN OFF;:COMP:BIN:COUN:STAT OFF;:COMP:MODE PTOL;:COMP:SLIM -9.9e+037,9.9e+037;:COMP:STAT OFF;:COMP:SWAP OFF;:COMP:TOL:NOM 0;:CURR:LEV 0.1;:DISP:ENAB ON;:DISP:LINE """";:DISP:WIND:TEXT1:DATA:FMSD:DATA 1e-009;:DISP:WIND:TEXT2:DATA:FMSD:DATA 1e-009;:FORM:ASC:LONG ON;:FORM:BORD NORM;:FORM:DATA ASC,64;:FREQ:CW 500;:FUNC:DEV1:MODE OFF;:FUNC:DEV1:REF:VAL 0;:FUNC:DEV2:MODE OFF;:FUNC:DEV2:REF:VAL 0;:FUNC:IMP:TYPE LSRS;:FUNC:SMON:IDC:STAT OFF;:FUNC:SMON:VDC:STAT OFF;:INIT:CONT OFF;:LIST:MODE SEQ;:LIST:STIM:TYPE FREQ,NONE;:SOUR:DCS:VOLT:LEV 0;:TRIG:DEL 0;:TRIG:SOUR INT;:TRIG:TDEL 0;:DISP:WIND:TEXT1:DATA:FMSD:STAT OFF;:DISP:WIND:TEXT2:DATA:FMSD:STAT OFF;:FUNC:DCR:RANG:VAL 100;:FUNC:IMP:RANG:VAL 0.1;:OUTP:DC:ISOL:LEV:VAL 0.1;:OUTP:DC:ISOL:STAT OFF;:FUNC:DCR:RANG:AUTO ON;:FUNC:IMP:RANG:AUTO ON;:OUTP:DC:ISOL:LEV:AUTO ON;:DISP:PAGE MEASurement;
"
800.0,3.461926947e-07,0.04714756138
800.0,3.46180742e-07,0.04714695245
800.0,3.46204839e-07,0.04714681783
800.0,3.461829096e-07,0.04714678918
800.0,3.461811857e-07,0.04714593997
800.0,3.462358398e-07,0.04714609054
800.0,3.46180402e-07,0.04714568364
800.0,3.461712065e-07,0.04714552111
800.0,3.461928151e-07,0.04714515581
800.0,3.461481624e-07,0.04714482553
800.0,3.461530258e-07,0.04714485911
800.0,3.461877832e-07,0.0471443263
800.0,3.461685624e-07,0.047144326
800.0,3.46205528e-07,0.04714373933
800.0,3.462574454e-07,0.047143564
800.0,3.462099732e-07,0.04714331299
Freq,800,Rs,0.047145341573125,1.2988067979235973e-06,Ls,3.46190819675e-07,2.799500383182063e-11
":SOUR:DCS:STAT OFF;:BIAS:STAT OFF;:COMP:BIN:COUN:CLE;:LIST:CLE:ALL;:COMP:BIN:CLE;:AMPL:ALC ON;:APER LONG,16;:BIAS:POL:AUTO OFF;:BIAS:RANG:AUTO ON;:BIAS:VOLT:LEV 0;:COMP:ABIN OFF;:COMP:BIN:COUN:STAT OFF;:COMP:MODE PTOL;:COMP:SLIM -9.9e+037,9.9e+037;:COMP:STAT OFF;:COMP:SWAP OFF;:COMP:TOL:NOM 0;:CURR:LEV 0.1;:DISP:ENAB ON;:DISP:LINE """";:DISP:WIND:TEXT1:DATA:FMSD:DATA 1e-009;:DISP:WIND:TEXT2:DATA:FMSD:DATA 1e-009;:FORM:ASC:LONG ON;:FORM:BORD NORM;:FORM:DATA ASC,64;:FREQ:CW 800;:FUNC:DEV1:MODE OFF;:FUNC:DEV1:REF:VAL 0;:FUNC:DEV2:MODE OFF;:FUNC:DEV2:REF:VAL 0;:FUNC:IMP:TYPE LSRS;:FUNC:SMON:IDC:STAT OFF;:FUNC:SMON:VDC:STAT OFF;:INIT:CONT OFF;:LIST:MODE SEQ;:LIST:STIM:TYPE FREQ,NONE;:SOUR:DCS:VOLT:LEV 0;:TRIG:DEL 0;:TRIG:SOUR INT;:TRIG:TDEL 0;:DISP:WIND:TEXT1:DATA:FMSD:STAT OFF;:DISP:WIND:TEXT2:DATA:FMSD:STAT OFF;:FUNC:DCR:RANG:VAL 100;:FUNC:IMP:RANG:VAL 0.1;:OUTP:DC:ISOL:LEV:VAL 0.1;:OUTP:DC:ISOL:STAT OFF;:FUNC:DCR:RANG:AUTO ON;:FUNC:IMP:RANG:AUTO ON;:OUTP:DC:ISOL:LEV:AUTO ON;:DISP:PAGE MEASurement;
"
1000.0,3.454601893e-07,0.04713400115
1000.0,3.454789134e-07,0.04713350537
1000.0,3.45458649e-07,0.04713303949
1000.0,3.454759324e-07,0.04713284331
1000.0,3.454633163e-07,0.04713243583
1000.0,3.454871758e-07,0.04713191528
1000.0,3.455048658e-07,0.04713179486
1000.0,3.454892609e-07,0.04713143607
1000.0,3.454891995e-07,0.04713129513
1000.0,3.45448635e-07,0.04713083906
1000.0,3.454912515e-07,0.04713044977
1000.0,3.454634915e-07,0.04713041119
1000.0,3.454896463e-07,0.04713021073
1000.0,3.454631489e-07,0.04713013346
1000.0,3.454643243e-07,0.04712977
1000.0,3.454861648e-07,0.04712962907
Freq,1000,Rs,0.047131481860625,1.3754030428814248e-06,Ls,3.4547588529375e-07,1.5826846955708134e-11
":SOUR:DCS:STAT OFF;:BIAS:STAT OFF;:COMP:BIN:COUN:CLE;:LIST:CLE:ALL;:COMP:BIN:CLE;:AMPL:ALC ON;:APER LONG,16;:BIAS:POL:AUTO OFF;:BIAS:RANG:AUTO ON;:BIAS:VOLT:LEV 0;:COMP:ABIN OFF;:COMP:BIN:COUN:STAT OFF;:COMP:MODE PTOL;:COMP:SLIM -9.9e+037,9.9e+037;:COMP:STAT OFF;:COMP:SWAP OFF;:COMP:TOL:NOM 0;:CURR:LEV 0.1;:DISP:ENAB ON;:DISP:LINE """";:DISP:WIND:TEXT1:DATA:FMSD:DATA 1e-009;:DISP:WIND:TEXT2:DATA:FMSD:DATA 1e-009;:FORM:ASC:LONG ON;:FORM:BORD NORM;:FORM:DATA ASC,64;:FREQ:CW 1000;:FUNC:DEV1:MODE OFF;:FUNC:DEV1:REF:VAL 0;:FUNC:DEV2:MODE OFF;:FUNC:DEV2:REF:VAL 0;:FUNC:IMP:TYPE LSRS;:FUNC:SMON:IDC:STAT OFF;:FUNC:SMON:VDC:STAT OFF;:INIT:CONT OFF;:LIST:MODE SEQ;:LIST:STIM:TYPE FREQ,NONE;:SOUR:DCS:VOLT:LEV 0;:TRIG:DEL 0;:TRIG:SOUR INT;:TRIG:TDEL 0;:DISP:WIND:TEXT1:DATA:FMSD:STAT OFF;:DISP:WIND:TEXT2:DATA:FMSD:STAT OFF;:FUNC:DCR:RANG:VAL 100;:FUNC:IMP:RANG:VAL 0.1;:OUTP:DC:ISOL:LEV:VAL 0.1;:OUTP:DC:ISOL:STAT OFF;:FUNC:DCR:RANG:AUTO ON;:FUNC:IMP:RANG:AUTO ON;:OUTP:DC:ISOL:LEV:AUTO ON;:DISP:PAGE MEASurement;
"
1591.5494309189535,3.455443961e-07,0.04712763314
1591.5494309189535,3.455406031e-07,0.04712766574
1591.5494309189535,3.45536157e-07,0.04712742761
1591.5494309189535,3.455520863e-07,0.04712695711
1591.5494309189535,3.455379508e-07,0.04712665809
1591.5494309189535,3.455359378e-07,0.04712628647
1591.5494309189535,3.455506522e-07,0.04712620466
1591.5494309189535,3.455390713e-07,0.04712597606
1591.5494309189535,3.455665674e-07,0.04712607027
1591.5494309189535,3.455448979e-07,0.04712601539
1591.5494309189535,3.455629508e-07,0.04712558414
1591.5494309189535,3.455357195e-07,0.04712549919
1591.5494309189535,3.455541832e-07,0.04712542647
1591.5494309189535,3.455575303e-07,0.04712523007
1591.5494309189535,3.455634194e-07,0.04712513946
1591.5494309189535,3.455604069e-07,0.04712517137
Freq,1591.5494309189535,Rs,0.047126184077499994,8.636832119273254e-07,Ls,3.45548908125e-07,1.0936656148414413e-11
":SOUR:DCS:STAT OFF;:BIAS:STAT OFF;:COMP:BIN:COUN:CLE;:LIST:CLE:ALL;:COMP:BIN:CLE;:AMPL:ALC ON;:APER LONG,16;:BIAS:POL:AUTO OFF;:BIAS:RANG:AUTO ON;:BIAS:VOLT:LEV 0;:COMP:ABIN OFF;:COMP:BIN:COUN:STAT OFF;:COMP:MODE PTOL;:COMP:SLIM -9.9e+037,9.9e+037;:COMP:STAT OFF;:COMP:SWAP OFF;:COMP:TOL:NOM 0;:CURR:LEV 0.1;:DISP:ENAB ON;:DISP:LINE """";:DISP:WIND:TEXT1:DATA:FMSD:DATA 1e-009;:DISP:WIND:TEXT2:DATA:FMSD:DATA 1e-009;:FORM:ASC:LONG ON;:FORM:BORD NORM;:FORM:DATA ASC,64;:FREQ:CW 1592;:FUNC:DEV1:MODE OFF;:FUNC:DEV1:REF:VAL 0;:FUNC:DEV2:MODE OFF;:FUNC:DEV2:REF:VAL 0;:FUNC:IMP:TYPE LSRS;:FUNC:SMON:IDC:STAT OFF;:FUNC:SMON:VDC:STAT OFF;:INIT:CONT OFF;:LIST:MODE SEQ;:LIST:STIM:TYPE FREQ,NONE;:SOUR:DCS:VOLT:LEV 0;:TRIG:DEL 0;:TRIG:SOUR INT;:TRIG:TDEL 0;:DISP:WIND:TEXT1:DATA:FMSD:STAT OFF;:DISP:WIND:TEXT2:DATA:FMSD:STAT OFF;:FUNC:DCR:RANG:VAL 100;:FUNC:IMP:RANG:VAL 0.1;:OUTP:DC:ISOL:LEV:VAL 0.1;:OUTP:DC:ISOL:STAT OFF;:FUNC:DCR:RANG:AUTO ON;:FUNC:IMP:RANG:AUTO ON;:OUTP:DC:ISOL:LEV:AUTO ON;:DISP:PAGE MEASurement;
"
2000.0,3.460440731e-07,0.04712997176
2000.0,3.460451673e-07,0.04712998553
2000.0,3.460619827e-07,0.04713001348
2000.0,3.460408777e-07,0.04712952996
2000.0,3.460279847e-07,0.0471291575
2000.0,3.460365048e-07,0.04712907841
2000.0,3.460503183e-07,0.04712884997
2000.0,3.460514056e-07,0.04712850865
2000.0,3.460721367e-07,0.04712809984
2000.0,3.460445122e-07,0.04712772835
2000.0,3.460536353e-07,0.04712746154
2000.0,3.460506052e-07,0.04712741017
2000.0,3.46057175e-07,0.04712695667
2000.0,3.46064244e-07,0.04712696563
2000.0,3.460686181e-07,0.04712648216
2000.0,3.460491996e-07,0.04712660037
Freq,2000,Rs,0.047128299999375,1.2493161310333566e-06,Ls,3.4605115251875003e-07,1.1742459251178862e-11
":SOUR:DCS:STAT OFF;:BIAS:STAT OFF;:COMP:BIN:COUN:CLE;:LIST:CLE:ALL;:COMP:BIN:CLE;:AMPL:ALC ON;:APER LONG,16;:BIAS:POL:AUTO OFF;:BIAS:RANG:AUTO ON;:BIAS:VOLT:LEV 0;:COMP:ABIN OFF;:COMP:BIN:COUN:STAT OFF;:COMP:MODE PTOL;:COMP:SLIM -9.9e+037,9.9e+037;:COMP:STAT OFF;:COMP:SWAP OFF;:COMP:TOL:NOM 0;:CURR:LEV 0.1;:DISP:ENAB ON;:DISP:LINE """";:DISP:WIND:TEXT1:DATA:FMSD:DATA 1e-009;:DISP:WIND:TEXT2:DATA:FMSD:DATA 1e-009;:FORM:ASC:LONG ON;:FORM:BORD NORM;:FORM:DATA ASC,64;:FREQ:CW 2000;:FUNC:DEV1:MODE OFF;:FUNC:DEV1:REF:VAL 0;:FUNC:DEV2:MODE OFF;:FUNC:DEV2:REF:VAL 0;:FUNC:IMP:TYPE LSRS;:FUNC:SMON:IDC:STAT OFF;:FUNC:SMON:VDC:STAT OFF;:INIT:CONT OFF;:LIST:MODE SEQ;:LIST:STIM:TYPE FREQ,NONE;:SOUR:DCS:VOLT:LEV 0;:TRIG:DEL 0;:TRIG:SOUR INT;:TRIG:TDEL 0;:DISP:WIND:TEXT1:DATA:FMSD:STAT OFF;:DISP:WIND:TEXT2:DATA:FMSD:STAT OFF;:FUNC:DCR:RANG:VAL 100;:FUNC:IMP:RANG:VAL 0.1;:OUTP:DC:ISOL:LEV:VAL 0.1;:OUTP:DC:ISOL:STAT OFF;:FUNC:DCR:RANG:AUTO ON;:FUNC:IMP:RANG:AUTO ON;:OUTP:DC:ISOL:LEV:AUTO ON;:DISP:PAGE MEASurement;
"
3000.0,3.462179952e-07,0.04712804071
3000.0,3.462292203e-07,0.04712823211
3000.0,3.462474247e-07,0.04712783139
3000.0,3.462231311e-07,0.04712750358
3000.0,3.462388001e-07,0.04712767469
3000.0,3.46227684e-07,0.04712768326
3000.0,3.462173823e-07,0.04712713298
3000.0,3.46223767e-07,0.04712669621
3000.0,3.462306357e-07,0.04712687542
3000.0,3.462139231e-07,0.04712673999
3000.0,3.46219166e-07,0.04712632881
3000.0,3.462049538e-07,0.04712644788
3000.0,3.462479468e-07,0.04712604636
3000.0,3.462168058e-07,0.04712630692
3000.0,3.462113207e-07,0.04712633508
3000.0,3.462335893e-07,0.04712575262
Freq,3000,Rs,0.047126976750624994,7.657532819255126e-07,Ls,3.4622523411875e-07,1.2313953523558474e-11
":SOUR:DCS:STAT OFF;:BIAS:STAT OFF;:COMP:BIN:COUN:CLE;:LIST:CLE:ALL;:COMP:BIN:CLE;:AMPL:ALC ON;:APER LONG,16;:BIAS:POL:AUTO OFF;:BIAS:RANG:AUTO ON;:BIAS:VOLT:LEV 0;:COMP:ABIN OFF;:COMP:BIN:COUN:STAT OFF;:COMP:MODE PTOL;:COMP:SLIM -9.9e+037,9.9e+037;:COMP:STAT OFF;:COMP:SWAP OFF;:COMP:TOL:NOM 0;:CURR:LEV 0.1;:DISP:ENAB ON;:DISP:LINE """";:DISP:WIND:TEXT1:DATA:FMSD:DATA 1e-009;:DISP:WIND:TEXT2:DATA:FMSD:DATA 1e-009;:FORM:ASC:LONG ON;:FORM:BORD NORM;:FORM:DATA ASC,64;:FREQ:CW 3000;:FUNC:DEV1:MODE OFF;:FUNC:DEV1:REF:VAL 0;:FUNC:DEV2:MODE OFF;:FUNC:DEV2:REF:VAL 0;:FUNC:IMP:TYPE LSRS;:FUNC:SMON:IDC:STAT OFF;:FUNC:SMON:VDC:STAT OFF;:INIT:CONT OFF;:LIST:MODE SEQ;:LIST:STIM:TYPE FREQ,NONE;:SOUR:DCS:VOLT:LEV 0;:TRIG:DEL 0;:TRIG:SOUR INT;:TRIG:TDEL 0;:DISP:WIND:TEXT1:DATA:FMSD:STAT OFF;:DISP:WIND:TEXT2:DATA:FMSD:STAT OFF;:FUNC:DCR:RANG:VAL 100;:FUNC:IMP:RANG:VAL 0.1;:OUTP:DC:ISOL:LEV:VAL 0.1;:OUTP:DC:ISOL:STAT OFF;:FUNC:DCR:RANG:AUTO ON;:FUNC:IMP:RANG:AUTO ON;:OUTP:DC:ISOL:LEV:AUTO ON;:DISP:PAGE MEASurement;
"
5000.0,3.459514182e-07,0.04716486358
5000.0,3.459376815e-07,0.04716469162
5000.0,3.459368076e-07,0.04716392956
5000.0,3.459416034e-07,0.04716402806
5000.0,3.459288269e-07,0.04716390749
5000.0,3.459457941e-07,0.04716387859
5000.0,3.459362003e-07,0.04716355631
5000.0,3.459485211e-07,0.04716368153
5000.0,3.459364115e-07,0.04716282996
5000.0,3.459408685e-07,0.04716216359
5000.0,3.459440776e-07,0.04716205977
5000.0,3.459405305e-07,0.04716215149
5000.0,3.459474865e-07,0.0471616158
5000.0,3.459301226e-07,0.04716144688
5000.0,3.459279359e-07,0.04716143745
5000.0,3.459459499e-07,0.04716153111
Freq,5000,Rs,0.047162985799375,1.207796406432547e-06,Ls,3.4594001475625e-07,7.113651621680479e-12
":SOUR:DCS:STAT OFF;:BIAS:STAT OFF;:COMP:BIN:COUN:CLE;:LIST:CLE:ALL;:COMP:BIN:CLE;:AMPL:ALC ON;:APER LONG,16;:BIAS:POL:AUTO OFF;:BIAS:RANG:AUTO ON;:BIAS:VOLT:LEV 0;:COMP:ABIN OFF;:COMP:BIN:COUN:STAT OFF;:COMP:MODE PTOL;:COMP:SLIM -9.9e+037,9.9e+037;:COMP:STAT OFF;:COMP:SWAP OFF;:COMP:TOL:NOM 0;:CURR:LEV 0.1;:DISP:ENAB ON;:DISP:LINE """";:DISP:WIND:TEXT1:DATA:FMSD:DATA 1e-009;:DISP:WIND:TEXT2:DATA:FMSD:DATA 1e-009;:FORM:ASC:LONG ON;:FORM:BORD NORM;:FORM:DATA ASC,64;:FREQ:CW 5000;:FUNC:DEV1:MODE OFF;:FUNC:DEV1:REF:VAL 0;:FUNC:DEV2:MODE OFF;:FUNC:DEV2:REF:VAL 0;:FUNC:IMP:TYPE LSRS;:FUNC:SMON:IDC:STAT OFF;:FUNC:SMON:VDC:STAT OFF;:INIT:CONT OFF;:LIST:MODE SEQ;:LIST:STIM:TYPE FREQ,NONE;:SOUR:DCS:VOLT:LEV 0;:TRIG:DEL 0;:TRIG:SOUR INT;:TRIG:TDEL 0;:DISP:WIND:TEXT1:DATA:FMSD:STAT OFF;:DISP:WIND:TEXT2:DATA:FMSD:STAT OFF;:FUNC:DCR:RANG:VAL 100;:FUNC:IMP:RANG:VAL 0.1;:OUTP:DC:ISOL:LEV:VAL 0.1;:OUTP:DC:ISOL:STAT OFF;:FUNC:DCR:RANG:AUTO ON;:FUNC:IMP:RANG:AUTO ON;:OUTP:DC:ISOL:LEV:AUTO ON;:DISP:PAGE MEASurement;
"
":SOUR:DCS:STAT OFF;:BIAS:STAT OFF;:COMP:BIN:COUN:CLE;:LIST:CLE:ALL;:COMP:BIN:CLE;:AMPL:ALC ON;:APER LONG,16;:BIAS:POL:AUTO OFF;:BIAS:RANG:AUTO ON;:BIAS:VOLT:LEV 0;:COMP:ABIN OFF;:COMP:BIN:COUN:STAT OFF;:COMP:MODE PTOL;:COMP:SLIM -9.9e+037,9.9e+037;:COMP:STAT OFF;:COMP:SWAP OFF;:COMP:TOL:NOM 0;:CURR:LEV 0.1;:DISP:ENAB ON;:DISP:LINE """";:DISP:WIND:TEXT1:DATA:FMSD:DATA 1e-009;:DISP:WIND:TEXT2:DATA:FMSD:DATA 1e-009;:FORM:ASC:LONG ON;:FORM:BORD NORM;:FORM:DATA ASC,64;:FREQ:CW 5000;:FUNC:DEV1:MODE OFF;:FUNC:DEV1:REF:VAL 0;:FUNC:DEV2:MODE OFF;:FUNC:DEV2:REF:VAL 0;:FUNC:IMP:TYPE LSRS;:FUNC:SMON:IDC:STAT OFF;:FUNC:SMON:VDC:STAT OFF;:INIT:CONT OFF;:LIST:MODE SEQ;:LIST:STIM:TYPE FREQ,NONE;:SOUR:DCS:VOLT:LEV 0;:TRIG:DEL 0;:TRIG:SOUR INT;:TRIG:TDEL 0;:DISP:WIND:TEXT1:DATA:FMSD:STAT OFF;:DISP:WIND:TEXT2:DATA:FMSD:STAT OFF;:FUNC:DCR:RANG:VAL 100;:FUNC:IMP:RANG:VAL 0.1;:OUTP:DC:ISOL:LEV:VAL 0.1;:OUTP:DC:ISOL:STAT OFF;:FUNC:DCR:RANG:AUTO ON;:FUNC:IMP:RANG:AUTO ON;:OUTP:DC:ISOL:LEV:AUTO ON;:DISP:PAGE MEASurement;
"
2022-09-19,14:25:47
---------run finished---------
lcr name:,KeySight E4980A
Name and description of Resistor under test: ,RM2R
GPIB source:,<bound method MessageBasedResource.read of <'GPIBInstrument'('GPIB0::17::INSTR')>>
2022-09-19,14:48:28
select the freq range,"[50, 100, 200, 300, 500, 800, 1000, 1591.5494309189535, 2000, 3000, 5000]"
50.0,4.09646272e-07,0.04687697719
50.0,3.955879455e-07,0.04687508101
50.0,4.060454223e-07,0.04686949032
50.0,4.085445178e-07,0.04687201912
50.0,3.961413791e-07,0.04687024085
50.0,3.94443162e-07,0.04686535259
50.0,3.942105477e-07,0.04686337611
50.0,3.946682888e-07,0.04686207915
50.0,3.944290682e-07,0.0468627262
50.0,3.999325e-07,0.04686237558
50.0,4.101857991e-07,0.04685903794
50.0,4.133443761e-07,0.04685617847
50.0,4.122360574e-07,0.0468538373
50.0,4.115464709e-07,0.04685150338
50.0,4.088509335e-07,0.04684909322
50.0,4.000338867e-07,0.04684780968
Freq,50,Rs,0.046862323631875,9.01622095550059e-06,Ls,4.0311541419375e-07,7.522132221464024e-09
":SOUR:DCS:STAT OFF;:BIAS:STAT OFF;:COMP:BIN:COUN:CLE;:LIST:CLE:ALL;:COMP:BIN:CLE;:AMPL:ALC ON;:APER LONG,16;:BIAS:POL:AUTO OFF;:BIAS:RANG:AUTO ON;:BIAS:VOLT:LEV 0;:COMP:ABIN OFF;:COMP:BIN:COUN:STAT OFF;:COMP:MODE PTOL;:COMP:SLIM -9.9e+037,9.9e+037;:COMP:STAT OFF;:COMP:SWAP OFF;:COMP:TOL:NOM 0;:CURR:LEV 0.1;:DISP:ENAB ON;:DISP:LINE """";:DISP:WIND:TEXT1:DATA:FMSD:DATA 1e-009;:DISP:WIND:TEXT2:DATA:FMSD:DATA 1e-009;:FORM:ASC:LONG ON;:FORM:BORD NORM;:FORM:DATA ASC,64;:FREQ:CW 50;:FUNC:DEV1:MODE OFF;:FUNC:DEV1:REF:VAL 0;:FUNC:DEV2:MODE OFF;:FUNC:DEV2:REF:VAL 0;:FUNC:IMP:TYPE LSRS;:FUNC:SMON:IDC:STAT OFF;:FUNC:SMON:VDC:STAT OFF;:INIT:CONT OFF;:LIST:MODE SEQ;:LIST:STIM:TYPE FREQ,NONE;:SOUR:DCS:VOLT:LEV 0;:TRIG:DEL 0;:TRIG:SOUR INT;:TRIG:TDEL 0;:DISP:WIND:TEXT1:DATA:FMSD:STAT OFF;:DISP:WIND:TEXT2:DATA:FMSD:STAT OFF;:FUNC:DCR:RANG:VAL 100;:FUNC:IMP:RANG:VAL 0.1;:OUTP:DC:ISOL:LEV:VAL 0.1;:OUTP:DC:ISOL:STAT OFF;:FUNC:DCR:RANG:AUTO ON;:FUNC:IMP:RANG:AUTO ON;:OUTP:DC:ISOL:LEV:AUTO ON;:DISP:PAGE MEASurement;
"
100.0,3.663868358e-07,0.04682783684
100.0,3.661305008e-07,0.04682684438
100.0,3.656654642e-07,0.04682536031
100.0,3.662799535e-07,0.04682397598
100.0,3.660501445e-07,0.04682246925
100.0,3.658933987e-07,0.04682170414
100.0,3.663963875e-07,0.04682009154
100.0,3.661030211e-07,0.04681852541
100.0,3.668275412e-07,0.04681771157
100.0,3.661933876e-07,0.0468166096
100.0,3.660327905e-07,0.04681560029
100.0,3.65741766e-07,0.04681466515
100.0,3.659461406e-07,0.04681355823
100.0,3.654805571e-07,0.04681311415
100.0,3.670461264e-07,0.04681204889
100.0,3.659730812e-07,0.04681079026
Freq,100,Rs,0.046818806624375,5.4326254275284184e-06,Ls,3.6613419354374997e-07,4.006876417676035e-10
":SOUR:DCS:STAT OFF;:BIAS:STAT OFF;:COMP:BIN:COUN:CLE;:LIST:CLE:ALL;:COMP:BIN:CLE;:AMPL:ALC ON;:APER LONG,16;:BIAS:POL:AUTO OFF;:BIAS:RANG:AUTO ON;:BIAS:VOLT:LEV 0;:COMP:ABIN OFF;:COMP:BIN:COUN:STAT OFF;:COMP:MODE PTOL;:COMP:SLIM -9.9e+037,9.9e+037;:COMP:STAT OFF;:COMP:SWAP OFF;:COMP:TOL:NOM 0;:CURR:LEV 0.1;:DISP:ENAB ON;:DISP:LINE """";:DISP:WIND:TEXT1:DATA:FMSD:DATA 1e-009;:DISP:WIND:TEXT2:DATA:FMSD:DATA 1e-009;:FORM:ASC:LONG ON;:FORM:BORD NORM;:FORM:DATA ASC,64;:FREQ:CW 100;:FUNC:DEV1:MODE OFF;:FUNC:DEV1:REF:VAL 0;:FUNC:DEV2:MODE OFF;:FUNC:DEV2:REF:VAL 0;:FUNC:IMP:TYPE LSRS;:FUNC:SMON:IDC:STAT OFF;:FUNC:SMON:VDC:STAT OFF;:INIT:CONT OFF;:LIST:MODE SEQ;:LIST:STIM:TYPE FREQ,NONE;:SOUR:DCS:VOLT:LEV 0;:TRIG:DEL 0;:TRIG:SOUR INT;:TRIG:TDEL 0;:DISP:WIND:TEXT1:DATA:FMSD:STAT OFF;:DISP:WIND:TEXT2:DATA:FMSD:STAT OFF;:FUNC:DCR:RANG:VAL 100;:FUNC:IMP:RANG:VAL 0.1;:OUTP:DC:ISOL:LEV:VAL 0.1;:OUTP:DC:ISOL:STAT OFF;:FUNC:DCR:RANG:AUTO ON;:FUNC:IMP:RANG:AUTO ON;:OUTP:DC:ISOL:LEV:AUTO ON;:DISP:PAGE MEASurement;
"
200.0,3.648568118e-07,0.04683282196
200.0,3.64932542e-07,0.046831815
200.0,3.650686961e-07,0.04683107343
200.0,3.651438856e-07,0.04683048252
200.0,3.649381822e-07,0.04682939364
200.0,3.647528612e-07,0.04682849304
200.0,3.648118641e-07,0.0468279521
200.0,3.652851376e-07,0.04682749606
200.0,3.652046531e-07,0.0468268562
200.0,3.647406826e-07,0.04682611837
200.0,3.649133411e-07,0.04682558587
200.0,3.647465678e-07,0.04682488273
200.0,3.651419802e-07,0.04682442489
200.0,3.653416474e-07,0.04682367686
200.0,3.650575977e-07,0.0468230065
200.0,3.650600736e-07,0.04682250581
Freq,200,Rs,0.04682728656125,3.211421043361391e-06,Ls,3.6499978275625e-07,1.9265620636816274e-10
":SOUR:DCS:STAT OFF;:BIAS:STAT OFF;:COMP:BIN:COUN:CLE;:LIST:CLE:ALL;:COMP:BIN:CLE;:AMPL:ALC ON;:APER LONG,16;:BIAS:POL:AUTO OFF;:BIAS:RANG:AUTO ON;:BIAS:VOLT:LEV 0;:COMP:ABIN OFF;:COMP:BIN:COUN:STAT OFF;:COMP:MODE PTOL;:COMP:SLIM -9.9e+037,9.9e+037;:COMP:STAT OFF;:COMP:SWAP OFF;:COMP:TOL:NOM 0;:CURR:LEV 0.1;:DISP:ENAB ON;:DISP:LINE """";:DISP:WIND:TEXT1:DATA:FMSD:DATA 1e-009;:DISP:WIND:TEXT2:DATA:FMSD:DATA 1e-009;:FORM:ASC:LONG ON;:FORM:BORD NORM;:FORM:DATA ASC,64;:FREQ:CW 200;:FUNC:DEV1:MODE OFF;:FUNC:DEV1:REF:VAL 0;:FUNC:DEV2:MODE OFF;:FUNC:DEV2:REF:VAL 0;:FUNC:IMP:TYPE LSRS;:FUNC:SMON:IDC:STAT OFF;:FUNC:SMON:VDC:STAT OFF;:INIT:CONT OFF;:LIST:MODE SEQ;:LIST:STIM:TYPE FREQ,NONE;:SOUR:DCS:VOLT:LEV 0;:TRIG:DEL 0;:TRIG:SOUR INT;:TRIG:TDEL 0;:DISP:WIND:TEXT1:DATA:FMSD:STAT OFF;:DISP:WIND:TEXT2:DATA:FMSD:STAT OFF;:FUNC:DCR:RANG:VAL 100;:FUNC:IMP:RANG:VAL 0.1;:OUTP:DC:ISOL:LEV:VAL 0.1;:OUTP:DC:ISOL:STAT OFF;:FUNC:DCR:RANG:AUTO ON;:FUNC:IMP:RANG:AUTO ON;:OUTP:DC:ISOL:LEV:AUTO ON;:DISP:PAGE MEASurement;
"
300.0,3.536431775e-07,0.0468275846
300.0,3.535799526e-07,0.04682706164
300.0,3.536007257e-07,0.04682644071
300.0,3.536356855e-07,0.04682565726
300.0,3.537538631e-07,0.04682509427
300.0,3.536705352e-07,0.04682473178
300.0,3.535416468e-07,0.04682406891
300.0,3.535494331e-07,0.04682317875
300.0,3.537455509e-07,0.04682278266
300.0,3.535848932e-07,0.04682225367
300.0,3.535683127e-07,0.04682154296
300.0,3.537458748e-07,0.04682102994
300.0,3.536083815e-07,0.04682054542
300.0,3.537075561e-07,0.04682019838
300.0,3.535885795e-07,0.04681971547
300.0,3.538311891e-07,0.04681940239
Freq,300,Rs,0.046823205550625004,2.6896324954129496e-06,Ls,3.5364720983125e-07,8.618015048554839e-11
":SOUR:DCS:STAT OFF;:BIAS:STAT OFF;:COMP:BIN:COUN:CLE;:LIST:CLE:ALL;:COMP:BIN:CLE;:AMPL:ALC ON;:APER LONG,16;:BIAS:POL:AUTO OFF;:BIAS:RANG:AUTO ON;:BIAS:VOLT:LEV 0;:COMP:ABIN OFF;:COMP:BIN:COUN:STAT OFF;:COMP:MODE PTOL;:COMP:SLIM -9.9e+037,9.9e+037;:COMP:STAT OFF;:COMP:SWAP OFF;:COMP:TOL:NOM 0;:CURR:LEV 0.1;:DISP:ENAB ON;:DISP:LINE """";:DISP:WIND:TEXT1:DATA:FMSD:DATA 1e-009;:DISP:WIND:TEXT2:DATA:FMSD:DATA 1e-009;:FORM:ASC:LONG ON;:FORM:BORD NORM;:FORM:DATA ASC,64;:FREQ:CW 300;:FUNC:DEV1:MODE OFF;:FUNC:DEV1:REF:VAL 0;:FUNC:DEV2:MODE OFF;:FUNC:DEV2:REF:VAL 0;:FUNC:IMP:TYPE LSRS;:FUNC:SMON:IDC:STAT OFF;:FUNC:SMON:VDC:STAT OFF;:INIT:CONT OFF;:LIST:MODE SEQ;:LIST:STIM:TYPE FREQ,NONE;:SOUR:DCS:VOLT:LEV 0;:TRIG:DEL 0;:TRIG:SOUR INT;:TRIG:TDEL 0;:DISP:WIND:TEXT1:DATA:FMSD:STAT OFF;:DISP:WIND:TEXT2:DATA:FMSD:STAT OFF;:FUNC:DCR:RANG:VAL 100;:FUNC:IMP:RANG:VAL 0.1;:OUTP:DC:ISOL:LEV:VAL 0.1;:OUTP:DC:ISOL:STAT OFF;:FUNC:DCR:RANG:AUTO ON;:FUNC:IMP:RANG:AUTO ON;:OUTP:DC:ISOL:LEV:AUTO ON;:DISP:PAGE MEASurement;
"
500.0,3.47886506e-07,0.04683047686
500.0,3.478766052e-07,0.04683041607
500.0,3.478140044e-07,0.04683048566
500.0,3.478558991e-07,0.04683034147
500.0,3.478644805e-07,0.04683034012
500.0,3.479228557e-07,0.04682970025
500.0,3.478827046e-07,0.04682964803
500.0,3.479152398e-07,0.04682956525
500.0,3.47795649e-07,0.04682925514
500.0,3.478303692e-07,0.04682888346
500.0,3.479074558e-07,0.04682865699
500.0,3.478565408e-07,0.04682831541
500.0,3.478273862e-07,0.04682816298
500.0,3.478426272e-07,0.04682794983
500.0,3.479035456e-07,0.04682784402
500.0,3.478468391e-07,0.0468277414
Freq,500,Rs,0.046829236433750004,1.0234980892400366e-06,Ls,3.478642942625e-07,3.7480188322909825e-11
":SOUR:DCS:STAT OFF;:BIAS:STAT OFF;:COMP:BIN:COUN:CLE;:LIST:CLE:ALL;:COMP:BIN:CLE;:AMPL:ALC ON;:APER LONG,16;:BIAS:POL:AUTO OFF;:BIAS:RANG:AUTO ON;:BIAS:VOLT:LEV 0;:COMP:ABIN OFF;:COMP:BIN:COUN:STAT OFF;:COMP:MODE PTOL;:COMP:SLIM -9.9e+037,9.9e+037;:COMP:STAT OFF;:COMP:SWAP OFF;:COMP:TOL:NOM 0;:CURR:LEV 0.1;:DISP:ENAB ON;:DISP:LINE """";:DISP:WIND:TEXT1:DATA:FMSD:DATA 1e-009;:DISP:WIND:TEXT2:DATA:FMSD:DATA 1e-009;:FORM:ASC:LONG ON;:FORM:BORD NORM;:FORM:DATA ASC,64;:FREQ:CW 500;:FUNC:DEV1:MODE OFF;:FUNC:DEV1:REF:VAL 0;:FUNC:DEV2:MODE OFF;:FUNC:DEV2:REF:VAL 0;:FUNC:IMP:TYPE LSRS;:FUNC:SMON:IDC:STAT OFF;:FUNC:SMON:VDC:STAT OFF;:INIT:CONT OFF;:LIST:MODE SEQ;:LIST:STIM:TYPE FREQ,NONE;:SOUR:DCS:VOLT:LEV 0;:TRIG:DEL 0;:TRIG:SOUR INT;:TRIG:TDEL 0;:DISP:WIND:TEXT1:DATA:FMSD:STAT OFF;:DISP:WIND:TEXT2:DATA:FMSD:STAT OFF;:FUNC:DCR:RANG:VAL 100;:FUNC:IMP:RANG:VAL 0.1;:OUTP:DC:ISOL:LEV:VAL 0.1;:OUTP:DC:ISOL:STAT OFF;:FUNC:DCR:RANG:AUTO ON;:FUNC:IMP:RANG:AUTO ON;:OUTP:DC:ISOL:LEV:AUTO ON;:DISP:PAGE MEASurement;
"
800.0,3.461326285e-07,0.0468352927
800.0,3.460945054e-07,0.04683500728
800.0,3.460985049e-07,0.04683497888
800.0,3.4611292e-07,0.0468348646
800.0,3.461001165e-07,0.04683485468
800.0,3.461316707e-07,0.04683462398
800.0,3.461027007e-07,0.04683430211
800.0,3.460925816e-07,0.0468340344
800.0,3.461014464e-07,0.04683382969
800.0,3.461250968e-07,0.04683344496
800.0,3.460952e-07,0.04683317162
800.0,3.461152238e-07,0.04683284038
800.0,3.461190136e-07,0.04683277309
800.0,3.461191871e-07,0.04683237188
800.0,3.460991364e-07,0.046832355
800.0,3.46126459e-07,0.04683241817
Freq,800,Rs,0.04683382271375,1.0593432721766335e-06,Ls,3.461103994625e-07,1.3943206942347843e-11
":SOUR:DCS:STAT OFF;:BIAS:STAT OFF;:COMP:BIN:COUN:CLE;:LIST:CLE:ALL;:COMP:BIN:CLE;:AMPL:ALC ON;:APER LONG,16;:BIAS:POL:AUTO OFF;:BIAS:RANG:AUTO ON;:BIAS:VOLT:LEV 0;:COMP:ABIN OFF;:COMP:BIN:COUN:STAT OFF;:COMP:MODE PTOL;:COMP:SLIM -9.9e+037,9.9e+037;:COMP:STAT OFF;:COMP:SWAP OFF;:COMP:TOL:NOM 0;:CURR:LEV 0.1;:DISP:ENAB ON;:DISP:LINE """";:DISP:WIND:TEXT1:DATA:FMSD:DATA 1e-009;:DISP:WIND:TEXT2:DATA:FMSD:DATA 1e-009;:FORM:ASC:LONG ON;:FORM:BORD NORM;:FORM:DATA ASC,64;:FREQ:CW 800;:FUNC:DEV1:MODE OFF;:FUNC:DEV1:REF:VAL 0;:FUNC:DEV2:MODE OFF;:FUNC:DEV2:REF:VAL 0;:FUNC:IMP:TYPE LSRS;:FUNC:SMON:IDC:STAT OFF;:FUNC:SMON:VDC:STAT OFF;:INIT:CONT OFF;:LIST:MODE SEQ;:LIST:STIM:TYPE FREQ,NONE;:SOUR:DCS:VOLT:LEV 0;:TRIG:DEL 0;:TRIG:SOUR INT;:TRIG:TDEL 0;:DISP:WIND:TEXT1:DATA:FMSD:STAT OFF;:DISP:WIND:TEXT2:DATA:FMSD:STAT OFF;:FUNC:DCR:RANG:VAL 100;:FUNC:IMP:RANG:VAL 0.1;:OUTP:DC:ISOL:LEV:VAL 0.1;:OUTP:DC:ISOL:STAT OFF;:FUNC:DCR:RANG:AUTO ON;:FUNC:IMP:RANG:AUTO ON;:OUTP:DC:ISOL:LEV:AUTO ON;:DISP:PAGE MEASurement;
"
1000.0,3.453817959e-07,0.04682310496
1000.0,3.454292491e-07,0.04682291679
1000.0,3.453876617e-07,0.04682248677
1000.0,3.453658185e-07,0.0468222011
1000.0,3.45376913e-07,0.04682232952
1000.0,3.453705584e-07,0.04682213997
1000.0,3.454156639e-07,0.04682200087
1000.0,3.453802883e-07,0.04682174051
1000.0,3.45400678e-07,0.04682182571
1000.0,3.45370067e-07,0.04682151086
1000.0,3.454157314e-07,0.04682114746
1000.0,3.453958875e-07,0.04682079984
1000.0,3.453884785e-07,0.0468204438
1000.0,3.453947953e-07,0.04682024117
1000.0,3.454155648e-07,0.04681969794
1000.0,3.453763365e-07,0.04681933601
Freq,1000,Rs,0.046821495204999994,1.1196921457261048e-06,Ls,3.453915929875e-07,1.920638796590807e-11
":SOUR:DCS:STAT OFF;:BIAS:STAT OFF;:COMP:BIN:COUN:CLE;:LIST:CLE:ALL;:COMP:BIN:CLE;:AMPL:ALC ON;:APER LONG,16;:BIAS:POL:AUTO OFF;:BIAS:RANG:AUTO ON;:BIAS:VOLT:LEV 0;:COMP:ABIN OFF;:COMP:BIN:COUN:STAT OFF;:COMP:MODE PTOL;:COMP:SLIM -9.9e+037,9.9e+037;:COMP:STAT OFF;:COMP:SWAP OFF;:COMP:TOL:NOM 0;:CURR:LEV 0.1;:DISP:ENAB ON;:DISP:LINE """";:DISP:WIND:TEXT1:DATA:FMSD:DATA 1e-009;:DISP:WIND:TEXT2:DATA:FMSD:DATA 1e-009;:FORM:ASC:LONG ON;:FORM:BORD NORM;:FORM:DATA ASC,64;:FREQ:CW 1000;:FUNC:DEV1:MODE OFF;:FUNC:DEV1:REF:VAL 0;:FUNC:DEV2:MODE OFF;:FUNC:DEV2:REF:VAL 0;:FUNC:IMP:TYPE LSRS;:FUNC:SMON:IDC:STAT OFF;:FUNC:SMON:VDC:STAT OFF;:INIT:CONT OFF;:LIST:MODE SEQ;:LIST:STIM:TYPE FREQ,NONE;:SOUR:DCS:VOLT:LEV 0;:TRIG:DEL 0;:TRIG:SOUR INT;:TRIG:TDEL 0;:DISP:WIND:TEXT1:DATA:FMSD:STAT OFF;:DISP:WIND:TEXT2:DATA:FMSD:STAT OFF;:FUNC:DCR:RANG:VAL 100;:FUNC:IMP:RANG:VAL 0.1;:OUTP:DC:ISOL:LEV:VAL 0.1;:OUTP:DC:ISOL:STAT OFF;:FUNC:DCR:RANG:AUTO ON;:FUNC:IMP:RANG:AUTO ON;:OUTP:DC:ISOL:LEV:AUTO ON;:DISP:PAGE MEASurement;
"
1591.5494309189535,3.454699739e-07,0.04681753322
1591.5494309189535,3.454666462e-07,0.04681734123
1591.5494309189535,3.454912375e-07,0.0468170804
1591.5494309189535,3.454644911e-07,0.04681699042
1591.5494309189535,3.454670807e-07,0.04681686213
1591.5494309189535,3.454719732e-07,0.04681689341
1591.5494309189535,3.454727221e-07,0.04681655074
1591.5494309189535,3.454584665e-07,0.04681618339
1591.5494309189535,3.454737509e-07,0.04681606279
1591.5494309189535,3.45489178e-07,0.04681603481
1591.5494309189535,3.45481877e-07,0.04681599591
1591.5494309189535,3.454590222e-07,0.04681577198
1591.5494309189535,3.454762027e-07,0.0468157412
1591.5494309189535,3.454680513e-07,0.04681585607
1591.5494309189535,3.454725061e-07,0.04681559258
1591.5494309189535,3.454756047e-07,0.04681540516
Freq,1591.5494309189535,Rs,0.046816368465,6.667669887050394e-07,Ls,3.4547242400625e-07,9.219062485334141e-12
":SOUR:DCS:STAT OFF;:BIAS:STAT OFF;:COMP:BIN:COUN:CLE;:LIST:CLE:ALL;:COMP:BIN:CLE;:AMPL:ALC ON;:APER LONG,16;:BIAS:POL:AUTO OFF;:BIAS:RANG:AUTO ON;:BIAS:VOLT:LEV 0;:COMP:ABIN OFF;:COMP:BIN:COUN:STAT OFF;:COMP:MODE PTOL;:COMP:SLIM -9.9e+037,9.9e+037;:COMP:STAT OFF;:COMP:SWAP OFF;:COMP:TOL:NOM 0;:CURR:LEV 0.1;:DISP:ENAB ON;:DISP:LINE """";:DISP:WIND:TEXT1:DATA:FMSD:DATA 1e-009;:DISP:WIND:TEXT2:DATA:FMSD:DATA 1e-009;:FORM:ASC:LONG ON;:FORM:BORD NORM;:FORM:DATA ASC,64;:FREQ:CW 1592;:FUNC:DEV1:MODE OFF;:FUNC:DEV1:REF:VAL 0;:FUNC:DEV2:MODE OFF;:FUNC:DEV2:REF:VAL 0;:FUNC:IMP:TYPE LSRS;:FUNC:SMON:IDC:STAT OFF;:FUNC:SMON:VDC:STAT OFF;:INIT:CONT OFF;:LIST:MODE SEQ;:LIST:STIM:TYPE FREQ,NONE;:SOUR:DCS:VOLT:LEV 0;:TRIG:DEL 0;:TRIG:SOUR INT;:TRIG:TDEL 0;:DISP:WIND:TEXT1:DATA:FMSD:STAT OFF;:DISP:WIND:TEXT2:DATA:FMSD:STAT OFF;:FUNC:DCR:RANG:VAL 100;:FUNC:IMP:RANG:VAL 0.1;:OUTP:DC:ISOL:LEV:VAL 0.1;:OUTP:DC:ISOL:STAT OFF;:FUNC:DCR:RANG:AUTO ON;:FUNC:IMP:RANG:AUTO ON;:OUTP:DC:ISOL:LEV:AUTO ON;:DISP:PAGE MEASurement;
"
2000.0,3.459804505e-07,0.04682048906
2000.0,3.459854944e-07,0.04682020076
2000.0,3.459859943e-07,0.04681995609
2000.0,3.459731015e-07,0.04681992279
2000.0,3.459874468e-07,0.04682013714
2000.0,3.459883673e-07,0.04682020138
2000.0,3.459791663e-07,0.04681990607
2000.0,3.459705702e-07,0.04681999816
2000.0,3.460014872e-07,0.04681978374
2000.0,3.459667871e-07,0.04681971167
2000.0,3.459653336e-07,0.04681946049
2000.0,3.459888925e-07,0.0468193665
2000.0,3.459544577e-07,0.04681925615
2000.0,3.459843028e-07,0.04681908521
2000.0,3.459804776e-07,0.04681891958
2000.0,3.459654475e-07,0.04681847687
Freq,2000,Rs,0.04681967947875,5.423099425714673e-07,Ls,3.4597861108125e-07,1.186455894812266e-11
":SOUR:DCS:STAT OFF;:BIAS:STAT OFF;:COMP:BIN:COUN:CLE;:LIST:CLE:ALL;:COMP:BIN:CLE;:AMPL:ALC ON;:APER LONG,16;:BIAS:POL:AUTO OFF;:BIAS:RANG:AUTO ON;:BIAS:VOLT:LEV 0;:COMP:ABIN OFF;:COMP:BIN:COUN:STAT OFF;:COMP:MODE PTOL;:COMP:SLIM -9.9e+037,9.9e+037;:COMP:STAT OFF;:COMP:SWAP OFF;:COMP:TOL:NOM 0;:CURR:LEV 0.1;:DISP:ENAB ON;:DISP:LINE """";:DISP:WIND:TEXT1:DATA:FMSD:DATA 1e-009;:DISP:WIND:TEXT2:DATA:FMSD:DATA 1e-009;:FORM:ASC:LONG ON;:FORM:BORD NORM;:FORM:DATA ASC,64;:FREQ:CW 2000;:FUNC:DEV1:MODE OFF;:FUNC:DEV1:REF:VAL 0;:FUNC:DEV2:MODE OFF;:FUNC:DEV2:REF:VAL 0;:FUNC:IMP:TYPE LSRS;:FUNC:SMON:IDC:STAT OFF;:FUNC:SMON:VDC:STAT OFF;:INIT:CONT OFF;:LIST:MODE SEQ;:LIST:STIM:TYPE FREQ,NONE;:SOUR:DCS:VOLT:LEV 0;:TRIG:DEL 0;:TRIG:SOUR INT;:TRIG:TDEL 0;:DISP:WIND:TEXT1:DATA:FMSD:STAT OFF;:DISP:WIND:TEXT2:DATA:FMSD:STAT OFF;:FUNC:DCR:RANG:VAL 100;:FUNC:IMP:RANG:VAL 0.1;:OUTP:DC:ISOL:LEV:VAL 0.1;:OUTP:DC:ISOL:STAT OFF;:FUNC:DCR:RANG:AUTO ON;:FUNC:IMP:RANG:AUTO ON;:OUTP:DC:ISOL:LEV:AUTO ON;:DISP:PAGE MEASurement;
"
3000.0,3.461418906e-07,0.04682070531
3000.0,3.461454567e-07,0.04682031551
3000.0,3.461496123e-07,0.04682050742
3000.0,3.461529741e-07,0.04682018782
3000.0,3.461424413e-07,0.04682031002
3000.0,3.461391307e-07,0.04682004765
3000.0,3.461488305e-07,0.04682012968
3000.0,3.461206924e-07,0.04681992207
3000.0,3.461379654e-07,0.0468198092
3000.0,3.46151178e-07,0.04682012918
3000.0,3.461319771e-07,0.04682016851
3000.0,3.46150744e-07,0.04682016934
3000.0,3.461636545e-07,0.04681999141
3000.0,3.461379131e-07,0.04681969314
3000.0,3.461585478e-07,0.04681987826
3000.0,3.461527473e-07,0.04681966172
Freq,3000,Rs,0.04682010164,2.804040707500887e-07,Ls,3.461453597375e-07,1.0555297343035853e-11
":SOUR:DCS:STAT OFF;:BIAS:STAT OFF;:COMP:BIN:COUN:CLE;:LIST:CLE:ALL;:COMP:BIN:CLE;:AMPL:ALC ON;:APER LONG,16;:BIAS:POL:AUTO OFF;:BIAS:RANG:AUTO ON;:BIAS:VOLT:LEV 0;:COMP:ABIN OFF;:COMP:BIN:COUN:STAT OFF;:COMP:MODE PTOL;:COMP:SLIM -9.9e+037,9.9e+037;:COMP:STAT OFF;:COMP:SWAP OFF;:COMP:TOL:NOM 0;:CURR:LEV 0.1;:DISP:ENAB ON;:DISP:LINE """";:DISP:WIND:TEXT1:DATA:FMSD:DATA 1e-009;:DISP:WIND:TEXT2:DATA:FMSD:DATA 1e-009;:FORM:ASC:LONG ON;:FORM:BORD NORM;:FORM:DATA ASC,64;:FREQ:CW 3000;:FUNC:DEV1:MODE OFF;:FUNC:DEV1:REF:VAL 0;:FUNC:DEV2:MODE OFF;:FUNC:DEV2:REF:VAL 0;:FUNC:IMP:TYPE LSRS;:FUNC:SMON:IDC:STAT OFF;:FUNC:SMON:VDC:STAT OFF;:INIT:CONT OFF;:LIST:MODE SEQ;:LIST:STIM:TYPE FREQ,NONE;:SOUR:DCS:VOLT:LEV 0;:TRIG:DEL 0;:TRIG:SOUR INT;:TRIG:TDEL 0;:DISP:WIND:TEXT1:DATA:FMSD:STAT OFF;:DISP:WIND:TEXT2:DATA:FMSD:STAT OFF;:FUNC:DCR:RANG:VAL 100;:FUNC:IMP:RANG:VAL 0.1;:OUTP:DC:ISOL:LEV:VAL 0.1;:OUTP:DC:ISOL:STAT OFF;:FUNC:DCR:RANG:AUTO ON;:FUNC:IMP:RANG:AUTO ON;:OUTP:DC:ISOL:LEV:AUTO ON;:DISP:PAGE MEASurement;
"
5000.0,3.458799718e-07,0.04685901489
5000.0,3.45861169e-07,0.04685866593
5000.0,3.458796547e-07,0.04685832148
5000.0,3.458681928e-07,0.04685871469
5000.0,3.458718673e-07,0.04685861848
5000.0,3.458800075e-07,0.04685867436
5000.0,3.458767632e-07,0.04685856726
5000.0,3.458791949e-07,0.04685840527
5000.0,3.458721716e-07,0.04685878549
5000.0,3.458665373e-07,0.04685844872
5000.0,3.458653077e-07,0.04685911308
5000.0,3.458720649e-07,0.04685882043
5000.0,3.458826472e-07,0.04685808745
5000.0,3.458700142e-07,0.04685861237
5000.0,3.458842117e-07,0.04685793079
5000.0,3.458646798e-07,0.04685812656
Freq,5000,Rs,0.046858556703125,3.251724650851674e-07,Ls,3.45873403475e-07,7.097908876607509e-12
":SOUR:DCS:STAT OFF;:BIAS:STAT OFF;:COMP:BIN:COUN:CLE;:LIST:CLE:ALL;:COMP:BIN:CLE;:AMPL:ALC ON;:APER LONG,16;:BIAS:POL:AUTO OFF;:BIAS:RANG:AUTO ON;:BIAS:VOLT:LEV 0;:COMP:ABIN OFF;:COMP:BIN:COUN:STAT OFF;:COMP:MODE PTOL;:COMP:SLIM -9.9e+037,9.9e+037;:COMP:STAT OFF;:COMP:SWAP OFF;:COMP:TOL:NOM 0;:CURR:LEV 0.1;:DISP:ENAB ON;:DISP:LINE """";:DISP:WIND:TEXT1:DATA:FMSD:DATA 1e-009;:DISP:WIND:TEXT2:DATA:FMSD:DATA 1e-009;:FORM:ASC:LONG ON;:FORM:BORD NORM;:FORM:DATA ASC,64;:FREQ:CW 5000;:FUNC:DEV1:MODE OFF;:FUNC:DEV1:REF:VAL 0;:FUNC:DEV2:MODE OFF;:FUNC:DEV2:REF:VAL 0;:FUNC:IMP:TYPE LSRS;:FUNC:SMON:IDC:STAT OFF;:FUNC:SMON:VDC:STAT OFF;:INIT:CONT OFF;:LIST:MODE SEQ;:LIST:STIM:TYPE FREQ,NONE;:SOUR:DCS:VOLT:LEV 0;:TRIG:DEL 0;:TRIG:SOUR INT;:TRIG:TDEL 0;:DISP:WIND:TEXT1:DATA:FMSD:STAT OFF;:DISP:WIND:TEXT2:DATA:FMSD:STAT OFF;:FUNC:DCR:RANG:VAL 100;:FUNC:IMP:RANG:VAL 0.1;:OUTP:DC:ISOL:LEV:VAL 0.1;:OUTP:DC:ISOL:STAT OFF;:FUNC:DCR:RANG:AUTO ON;:FUNC:IMP:RANG:AUTO ON;:OUTP:DC:ISOL:LEV:AUTO ON;:DISP:PAGE MEASurement;
"
":SOUR:DCS:STAT OFF;:BIAS:STAT OFF;:COMP:BIN:COUN:CLE;:LIST:CLE:ALL;:COMP:BIN:CLE;:AMPL:ALC ON;:APER LONG,16;:BIAS:POL:AUTO OFF;:BIAS:RANG:AUTO ON;:BIAS:VOLT:LEV 0;:COMP:ABIN OFF;:COMP:BIN:COUN:STAT OFF;:COMP:MODE PTOL;:COMP:SLIM -9.9e+037,9.9e+037;:COMP:STAT OFF;:COMP:SWAP OFF;:COMP:TOL:NOM 0;:CURR:LEV 0.1;:DISP:ENAB ON;:DISP:LINE """";:DISP:WIND:TEXT1:DATA:FMSD:DATA 1e-009;:DISP:WIND:TEXT2:DATA:FMSD:DATA 1e-009;:FORM:ASC:LONG ON;:FORM:BORD NORM;:FORM:DATA ASC,64;:FREQ:CW 5000;:FUNC:DEV1:MODE OFF;:FUNC:DEV1:REF:VAL 0;:FUNC:DEV2:MODE OFF;:FUNC:DEV2:REF:VAL 0;:FUNC:IMP:TYPE LSRS;:FUNC:SMON:IDC:STAT OFF;:FUNC:SMON:VDC:STAT OFF;:INIT:CONT OFF;:LIST:MODE SEQ;:LIST:STIM:TYPE FREQ,NONE;:SOUR:DCS:VOLT:LEV 0;:TRIG:DEL 0;:TRIG:SOUR INT;:TRIG:TDEL 0;:DISP:WIND:TEXT1:DATA:FMSD:STAT OFF;:DISP:WIND:TEXT2:DATA:FMSD:STAT OFF;:FUNC:DCR:RANG:VAL 100;:FUNC:IMP:RANG:VAL 0.1;:OUTP:DC:ISOL:LEV:VAL 0.1;:OUTP:DC:ISOL:STAT OFF;:FUNC:DCR:RANG:AUTO ON;:FUNC:IMP:RANG:AUTO ON;:OUTP:DC:ISOL:LEV:AUTO ON;:DISP:PAGE MEASurement;
"
2022-09-19,14:59:45
---------run finished---------
lcr name:,KeySight E4980A
Name and description of Resistor under test: ,B4E
GPIB source:,<bound method MessageBasedResource.read of <'GPIBInstrument'('GPIB0::17::INSTR')>>
2022-09-19,15:01:22
select the freq range,"[50, 100, 200, 300, 500, 800, 1000, 1591.5494309189535, 2000, 3000, 5000]"
50.0,5.114271691e-07,0.06600637994
50.0,5.116630876e-07,0.06600043234
50.0,5.00522513e-07,0.06598398227
50.0,5.168807544e-07,0.0659738404
50.0,5.107744897e-07,0.06596767154
50.0,4.982455977e-07,0.06595728349
50.0,4.993329433e-07,0.06594452939
50.0,5.034055153e-07,0.06593496443
50.0,5.001935621e-07,0.06592806584
50.0,4.977685461e-07,0.06592178214
50.0,4.977780523e-07,0.06591473803
50.0,4.996122894e-07,0.06590933192
50.0,4.953593941e-07,0.06590230966
50.0,5.000179283e-07,0.065900565
50.0,5.097424443e-07,0.06589555774
50.0,5.154212797e-07,0.0658874109
Freq,50,Rs,0.06593930281437499,3.830572370607785e-05,Ls,5.042590979e-07,7.104847959821824e-09
":SOUR:DCS:STAT OFF;:BIAS:STAT OFF;:COMP:BIN:COUN:CLE;:LIST:CLE:ALL;:COMP:BIN:CLE;:AMPL:ALC ON;:APER LONG,16;:BIAS:POL:AUTO OFF;:BIAS:RANG:AUTO ON;:BIAS:VOLT:LEV 0;:COMP:ABIN OFF;:COMP:BIN:COUN:STAT OFF;:COMP:MODE PTOL;:COMP:SLIM -9.9e+037,9.9e+037;:COMP:STAT OFF;:COMP:SWAP OFF;:COMP:TOL:NOM 0;:CURR:LEV 0.1;:DISP:ENAB ON;:DISP:LINE """";:DISP:WIND:TEXT1:DATA:FMSD:DATA 1e-009;:DISP:WIND:TEXT2:DATA:FMSD:DATA 1e-009;:FORM:ASC:LONG ON;:FORM:BORD NORM;:FORM:DATA ASC,64;:FREQ:CW 50;:FUNC:DEV1:MODE OFF;:FUNC:DEV1:REF:VAL 0;:FUNC:DEV2:MODE OFF;:FUNC:DEV2:REF:VAL 0;:FUNC:IMP:TYPE LSRS;:FUNC:SMON:IDC:STAT OFF;:FUNC:SMON:VDC:STAT OFF;:INIT:CONT OFF;:LIST:MODE SEQ;:LIST:STIM:TYPE FREQ,NONE;:SOUR:DCS:VOLT:LEV 0;:TRIG:DEL 0;:TRIG:SOUR INT;:TRIG:TDEL 0;:DISP:WIND:TEXT1:DATA:FMSD:STAT OFF;:DISP:WIND:TEXT2:DATA:FMSD:STAT OFF;:FUNC:DCR:RANG:VAL 100;:FUNC:IMP:RANG:VAL 0.1;:OUTP:DC:ISOL:LEV:VAL 0.1;:OUTP:DC:ISOL:STAT OFF;:FUNC:DCR:RANG:AUTO ON;:FUNC:IMP:RANG:AUTO ON;:OUTP:DC:ISOL:LEV:AUTO ON;:DISP:PAGE MEASurement;
"
100.0,4.758557349e-07,0.06585753392
100.0,4.757421173e-07,0.0658530408
100.0,4.768764556e-07,0.06584960045
100.0,4.759908937e-07,0.0658455921
100.0,4.764124794e-07,0.06584226955
100.0,4.761604843e-07,0.06583898
100.0,4.757116535e-07,0.0658352902
100.0,4.76844545e-07,0.06583205902
100.0,4.761988412e-07,0.06582954709
100.0,4.756871424e-07,0.06582666854
100.0,4.764490384e-07,0.06582376255
100.0,4.763439807e-07,0.06582054345
100.0,4.768095277e-07,0.0658179968
100.0,4.767822667e-07,0.06581508546
100.0,4.764257399e-07,0.06581219355
100.0,4.762160123e-07,0.06580964387
Freq,100,Rs,0.065831862959375,1.497055436455448e-05,Ls,4.762816820625e-07,4.1076506649261413e-10
":SOUR:DCS:STAT OFF;:BIAS:STAT OFF;:COMP:BIN:COUN:CLE;:LIST:CLE:ALL;:COMP:BIN:CLE;:AMPL:ALC ON;:APER LONG,16;:BIAS:POL:AUTO OFF;:BIAS:RANG:AUTO ON;:BIAS:VOLT:LEV 0;:COMP:ABIN OFF;:COMP:BIN:COUN:STAT OFF;:COMP:MODE PTOL;:COMP:SLIM -9.9e+037,9.9e+037;:COMP:STAT OFF;:COMP:SWAP OFF;:COMP:TOL:NOM 0;:CURR:LEV 0.1;:DISP:ENAB ON;:DISP:LINE """";:DISP:WIND:TEXT1:DATA:FMSD:DATA 1e-009;:DISP:WIND:TEXT2:DATA:FMSD:DATA 1e-009;:FORM:ASC:LONG ON;:FORM:BORD NORM;:FORM:DATA ASC,64;:FREQ:CW 100;:FUNC:DEV1:MODE OFF;:FUNC:DEV1:REF:VAL 0;:FUNC:DEV2:MODE OFF;:FUNC:DEV2:REF:VAL 0;:FUNC:IMP:TYPE LSRS;:FUNC:SMON:IDC:STAT OFF;:FUNC:SMON:VDC:STAT OFF;:INIT:CONT OFF;:LIST:MODE SEQ;:LIST:STIM:TYPE FREQ,NONE;:SOUR:DCS:VOLT:LEV 0;:TRIG:DEL 0;:TRIG:SOUR INT;:TRIG:TDEL 0;:DISP:WIND:TEXT1:DATA:FMSD:STAT OFF;:DISP:WIND:TEXT2:DATA:FMSD:STAT OFF;:FUNC:DCR:RANG:VAL 100;:FUNC:IMP:RANG:VAL 0.1;:OUTP:DC:ISOL:LEV:VAL 0.1;:OUTP:DC:ISOL:STAT OFF;:FUNC:DCR:RANG:AUTO ON;:FUNC:IMP:RANG:AUTO ON;:OUTP:DC:ISOL:LEV:AUTO ON;:DISP:PAGE MEASurement;
"
200.0,4.760029321e-07,0.06582776299
200.0,4.759193868e-07,0.06582560757
200.0,4.760436966e-07,0.06582335253
200.0,4.7625404e-07,0.06582164408
200.0,4.759530799e-07,0.06581961996
200.0,4.758980325e-07,0.06583247335
200.0,4.758480918e-07,0.06586129786
200.0,4.762303614e-07,0.06585337828
200.0,4.76160529e-07,0.06584812502
200.0,4.761568543e-07,0.06584363318
200.0,4.759996258e-07,0.06584009236
200.0,4.761942111e-07,0.06583668394
200.0,4.760995369e-07,0.06583376294
200.0,4.760559015e-07,0.06583123366
200.0,4.760066489e-07,0.06582877339
200.0,4.758997557e-07,0.06582624017
Freq,200,Rs,0.06583460508,1.1919719484724734e-05,Ls,4.7604516776874997e-07,1.265619024793527e-10
":SOUR:DCS:STAT OFF;:BIAS:STAT OFF;:COMP:BIN:COUN:CLE;:LIST:CLE:ALL;:COMP:BIN:CLE;:AMPL:ALC ON;:APER LONG,16;:BIAS:POL:AUTO OFF;:BIAS:RANG:AUTO ON;:BIAS:VOLT:LEV 0;:COMP:ABIN OFF;:COMP:BIN:COUN:STAT OFF;:COMP:MODE PTOL;:COMP:SLIM -9.9e+037,9.9e+037;:COMP:STAT OFF;:COMP:SWAP OFF;:COMP:TOL:NOM 0;:CURR:LEV 0.1;:DISP:ENAB ON;:DISP:LINE """";:DISP:WIND:TEXT1:DATA:FMSD:DATA 1e-009;:DISP:WIND:TEXT2:DATA:FMSD:DATA 1e-009;:FORM:ASC:LONG ON;:FORM:BORD NORM;:FORM:DATA ASC,64;:FREQ:CW 200;:FUNC:DEV1:MODE OFF;:FUNC:DEV1:REF:VAL 0;:FUNC:DEV2:MODE OFF;:FUNC:DEV2:REF:VAL 0;:FUNC:IMP:TYPE LSRS;:FUNC:SMON:IDC:STAT OFF;:FUNC:SMON:VDC:STAT OFF;:INIT:CONT OFF;:LIST:MODE SEQ;:LIST:STIM:TYPE FREQ,NONE;:SOUR:DCS:VOLT:LEV 0;:TRIG:DEL 0;:TRIG:SOUR INT;:TRIG:TDEL 0;:DISP:WIND:TEXT1:DATA:FMSD:STAT OFF;:DISP:WIND:TEXT2:DATA:FMSD:STAT OFF;:FUNC:DCR:RANG:VAL 100;:FUNC:IMP:RANG:VAL 0.1;:OUTP:DC:ISOL:LEV:VAL 0.1;:OUTP:DC:ISOL:STAT OFF;:FUNC:DCR:RANG:AUTO ON;:FUNC:IMP:RANG:AUTO ON;:OUTP:DC:ISOL:LEV:AUTO ON;:DISP:PAGE MEASurement;
"
300.0,4.657245508e-07,0.06582718002
300.0,4.656756403e-07,0.0658243047
300.0,4.654226123e-07,0.06582233799
300.0,4.656543732e-07,0.0658206882
300.0,4.657930511e-07,0.06581874644
300.0,4.655756373e-07,0.0658164444
300.0,4.656723976e-07,0.06581461783
300.0,4.655736849e-07,0.06581278164
300.0,4.656663424e-07,0.0658109136
300.0,4.656375782e-07,0.06580873561
300.0,4.656032311e-07,0.06580701603
300.0,4.655752188e-07,0.06580537096
300.0,4.656566094e-07,0.06580391149
300.0,4.657448434e-07,0.06580244724
300.0,4.657046349e-07,0.06580097074
300.0,4.656439167e-07,0.06580014047
Freq,300,Rs,0.06581228796,8.69940530663805e-06,Ls,4.6564527015e-07,8.569812753950255e-11
":SOUR:DCS:STAT OFF;:BIAS:STAT OFF;:COMP:BIN:COUN:CLE;:LIST:CLE:ALL;:COMP:BIN:CLE;:AMPL:ALC ON;:APER LONG,16;:BIAS:POL:AUTO OFF;:BIAS:RANG:AUTO ON;:BIAS:VOLT:LEV 0;:COMP:ABIN OFF;:COMP:BIN:COUN:STAT OFF;:COMP:MODE PTOL;:COMP:SLIM -9.9e+037,9.9e+037;:COMP:STAT OFF;:COMP:SWAP OFF;:COMP:TOL:NOM 0;:CURR:LEV 0.1;:DISP:ENAB ON;:DISP:LINE """";:DISP:WIND:TEXT1:DATA:FMSD:DATA 1e-009;:DISP:WIND:TEXT2:DATA:FMSD:DATA 1e-009;:FORM:ASC:LONG ON;:FORM:BORD NORM;:FORM:DATA ASC,64;:FREQ:CW 300;:FUNC:DEV1:MODE OFF;:FUNC:DEV1:REF:VAL 0;:FUNC:DEV2:MODE OFF;:FUNC:DEV2:REF:VAL 0;:FUNC:IMP:TYPE LSRS;:FUNC:SMON:IDC:STAT OFF;:FUNC:SMON:VDC:STAT OFF;:INIT:CONT OFF;:LIST:MODE SEQ;:LIST:STIM:TYPE FREQ,NONE;:SOUR:DCS:VOLT:LEV 0;:TRIG:DEL 0;:TRIG:SOUR INT;:TRIG:TDEL 0;:DISP:WIND:TEXT1:DATA:FMSD:STAT OFF;:DISP:WIND:TEXT2:DATA:FMSD:STAT OFF;:FUNC:DCR:RANG:VAL 100;:FUNC:IMP:RANG:VAL 0.1;:OUTP:DC:ISOL:LEV:VAL 0.1;:OUTP:DC:ISOL:STAT OFF;:FUNC:DCR:RANG:AUTO ON;:FUNC:IMP:RANG:AUTO ON;:OUTP:DC:ISOL:LEV:AUTO ON;:DISP:PAGE MEASurement;
"
500.0,4.603971516e-07,0.06580906482
500.0,4.60435349e-07,0.06580844525
500.0,4.603876406e-07,0.06580708035
500.0,4.604243028e-07,0.06580616251
500.0,4.60347727e-07,0.065805333
500.0,4.603872612e-07,0.06580427823
500.0,4.603893716e-07,0.06580321243
500.0,4.603757907e-07,0.06580187067
500.0,4.603225466e-07,0.06580080335
500.0,4.604416779e-07,0.0657996732
500.0,4.603818745e-07,0.06579862633
500.0,4.604107979e-07,0.06579748868
500.0,4.604185663e-07,0.06579662087
500.0,4.603432103e-07,0.06579530684
500.0,4.604025393e-07,0.06579439645
500.0,4.603460498e-07,0.06579342102
Freq,500,Rs,0.0658013615,5.096262160729412e-06,Ls,4.6038824106875e-07,3.4689612106904035e-11
":SOUR:DCS:STAT OFF;:BIAS:STAT OFF;:COMP:BIN:COUN:CLE;:LIST:CLE:ALL;:COMP:BIN:CLE;:AMPL:ALC ON;:APER LONG,16;:BIAS:POL:AUTO OFF;:BIAS:RANG:AUTO ON;:BIAS:VOLT:LEV 0;:COMP:ABIN OFF;:COMP:BIN:COUN:STAT OFF;:COMP:MODE PTOL;:COMP:SLIM -9.9e+037,9.9e+037;:COMP:STAT OFF;:COMP:SWAP OFF;:COMP:TOL:NOM 0;:CURR:LEV 0.1;:DISP:ENAB ON;:DISP:LINE """";:DISP:WIND:TEXT1:DATA:FMSD:DATA 1e-009;:DISP:WIND:TEXT2:DATA:FMSD:DATA 1e-009;:FORM:ASC:LONG ON;:FORM:BORD NORM;:FORM:DATA ASC,64;:FREQ:CW 500;:FUNC:DEV1:MODE OFF;:FUNC:DEV1:REF:VAL 0;:FUNC:DEV2:MODE OFF;:FUNC:DEV2:REF:VAL 0;:FUNC:IMP:TYPE LSRS;:FUNC:SMON:IDC:STAT OFF;:FUNC:SMON:VDC:STAT OFF;:INIT:CONT OFF;:LIST:MODE SEQ;:LIST:STIM:TYPE FREQ,NONE;:SOUR:DCS:VOLT:LEV 0;:TRIG:DEL 0;:TRIG:SOUR INT;:TRIG:TDEL 0;:DISP:WIND:TEXT1:DATA:FMSD:STAT OFF;:DISP:WIND:TEXT2:DATA:FMSD:STAT OFF;:FUNC:DCR:RANG:VAL 100;:FUNC:IMP:RANG:VAL 0.1;:OUTP:DC:ISOL:LEV:VAL 0.1;:OUTP:DC:ISOL:STAT OFF;:FUNC:DCR:RANG:AUTO ON;:FUNC:IMP:RANG:AUTO ON;:OUTP:DC:ISOL:LEV:AUTO ON;:DISP:PAGE MEASurement;
"
800.0,4.588814589e-07,0.06579873273
800.0,4.588729244e-07,0.06579830144
800.0,4.588792406e-07,0.06579760043
800.0,4.58812215e-07,0.06579653236
800.0,4.588670801e-07,0.06579545611
800.0,4.58842104e-07,0.06579492483
800.0,4.588433265e-07,0.06579387931
800.0,4.58840613e-07,0.06579270263
800.0,4.588708685e-07,0.06579218096
800.0,4.588787074e-07,0.06579132379
800.0,4.588671694e-07,0.06579040395
800.0,4.588731122e-07,0.06578937834
800.0,4.588754409e-07,0.06578850011
800.0,4.588481784e-07,0.06578749309
800.0,4.588354442e-07,0.06578671378
800.0,4.588121339e-07,0.06578567946
Freq,800,Rs,0.0657924877075,4.227128936053494e-06,Ls,4.588562510875e-07,2.3157808699871347e-11
":SOUR:DCS:STAT OFF;:BIAS:STAT OFF;:COMP:BIN:COUN:CLE;:LIST:CLE:ALL;:COMP:BIN:CLE;:AMPL:ALC ON;:APER LONG,16;:BIAS:POL:AUTO OFF;:BIAS:RANG:AUTO ON;:BIAS:VOLT:LEV 0;:COMP:ABIN OFF;:COMP:BIN:COUN:STAT OFF;:COMP:MODE PTOL;:COMP:SLIM -9.9e+037,9.9e+037;:COMP:STAT OFF;:COMP:SWAP OFF;:COMP:TOL:NOM 0;:CURR:LEV 0.1;:DISP:ENAB ON;:DISP:LINE """";:DISP:WIND:TEXT1:DATA:FMSD:DATA 1e-009;:DISP:WIND:TEXT2:DATA:FMSD:DATA 1e-009;:FORM:ASC:LONG ON;:FORM:BORD NORM;:FORM:DATA ASC,64;:FREQ:CW 800;:FUNC:DEV1:MODE OFF;:FUNC:DEV1:REF:VAL 0;:FUNC:DEV2:MODE OFF;:FUNC:DEV2:REF:VAL 0;:FUNC:IMP:TYPE LSRS;:FUNC:SMON:IDC:STAT OFF;:FUNC:SMON:VDC:STAT OFF;:INIT:CONT OFF;:LIST:MODE SEQ;:LIST:STIM:TYPE FREQ,NONE;:SOUR:DCS:VOLT:LEV 0;:TRIG:DEL 0;:TRIG:SOUR INT;:TRIG:TDEL 0;:DISP:WIND:TEXT1:DATA:FMSD:STAT OFF;:DISP:WIND:TEXT2:DATA:FMSD:STAT OFF;:FUNC:DCR:RANG:VAL 100;:FUNC:IMP:RANG:VAL 0.1;:OUTP:DC:ISOL:LEV:VAL 0.1;:OUTP:DC:ISOL:STAT OFF;:FUNC:DCR:RANG:AUTO ON;:FUNC:IMP:RANG:AUTO ON;:OUTP:DC:ISOL:LEV:AUTO ON;:DISP:PAGE MEASurement;
"
1000.0,4.582254673e-07,0.06577566793
1000.0,4.582241355e-07,0.065774512
1000.0,4.582577948e-07,0.06577378935
1000.0,4.582265268e-07,0.06577288851
1000.0,4.582485726e-07,0.06577212208
1000.0,4.582196217e-07,0.06577090227
1000.0,4.582110573e-07,0.06577014573
1000.0,4.582005386e-07,0.06576940428
1000.0,4.582247761e-07,0.0657682084
1000.0,4.582134073e-07,0.06576750489
1000.0,4.581919611e-07,0.06576698644
1000.0,4.582175035e-07,0.06576617367
1000.0,4.581619147e-07,0.06576578312
1000.0,4.58203103e-07,0.06576511066
1000.0,4.582509928e-07,0.06576451749
1000.0,4.582175298e-07,0.06576371376
Freq,1000,Rs,0.06576921441125,3.7896831761548997e-06,Ls,4.5821843143125005e-07,2.3435985517817226e-11
":SOUR:DCS:STAT OFF;:BIAS:STAT OFF;:COMP:BIN:COUN:CLE;:LIST:CLE:ALL;:COMP:BIN:CLE;:AMPL:ALC ON;:APER LONG,16;:BIAS:POL:AUTO OFF;:BIAS:RANG:AUTO ON;:BIAS:VOLT:LEV 0;:COMP:ABIN OFF;:COMP:BIN:COUN:STAT OFF;:COMP:MODE PTOL;:COMP:SLIM -9.9e+037,9.9e+037;:COMP:STAT OFF;:COMP:SWAP OFF;:COMP:TOL:NOM 0;:CURR:LEV 0.1;:DISP:ENAB ON;:DISP:LINE """";:DISP:WIND:TEXT1:DATA:FMSD:DATA 1e-009;:DISP:WIND:TEXT2:DATA:FMSD:DATA 1e-009;:FORM:ASC:LONG ON;:FORM:BORD NORM;:FORM:DATA ASC,64;:FREQ:CW 1000;:FUNC:DEV1:MODE OFF;:FUNC:DEV1:REF:VAL 0;:FUNC:DEV2:MODE OFF;:FUNC:DEV2:REF:VAL 0;:FUNC:IMP:TYPE LSRS;:FUNC:SMON:IDC:STAT OFF;:FUNC:SMON:VDC:STAT OFF;:INIT:CONT OFF;:LIST:MODE SEQ;:LIST:STIM:TYPE FREQ,NONE;:SOUR:DCS:VOLT:LEV 0;:TRIG:DEL 0;:TRIG:SOUR INT;:TRIG:TDEL 0;:DISP:WIND:TEXT1:DATA:FMSD:STAT OFF;:DISP:WIND:TEXT2:DATA:FMSD:STAT OFF;:FUNC:DCR:RANG:VAL 100;:FUNC:IMP:RANG:VAL 0.1;:OUTP:DC:ISOL:LEV:VAL 0.1;:OUTP:DC:ISOL:STAT OFF;:FUNC:DCR:RANG:AUTO ON;:FUNC:IMP:RANG:AUTO ON;:OUTP:DC:ISOL:LEV:AUTO ON;:DISP:PAGE MEASurement;
"
1591.5494309189535,4.583820105e-07,0.0657626845
1591.5494309189535,4.583960414e-07,0.06576190896
1591.5494309189535,4.583916146e-07,0.06576143903
1591.5494309189535,4.583770183e-07,0.0657607982
1591.5494309189535,4.58374301e-07,0.0657602375
1591.5494309189535,4.583831337e-07,0.06575965849
1591.5494309189535,4.583657637e-07,0.06575898849
1591.5494309189535,4.583833703e-07,0.06575822332
1591.5494309189535,4.583638204e-07,0.06575756465
1591.5494309189535,4.583937815e-07,0.0657569452
1591.5494309189535,4.58391886e-07,0.06575636122
1591.5494309189535,4.583771962e-07,0.06575563042
1591.5494309189535,4.583700424e-07,0.06575489589
1591.5494309189535,4.583901563e-07,0.06575402121
1591.5494309189535,4.58373407e-07,0.06575355449
1591.5494309189535,4.583558349e-07,0.06575271017
Freq,1591.5494309189535,Rs,0.06575785135875,3.1424576632337792e-06,Ls,4.5837933613749995e-07,1.1789848563735598e-11
":SOUR:DCS:STAT OFF;:BIAS:STAT OFF;:COMP:BIN:COUN:CLE;:LIST:CLE:ALL;:COMP:BIN:CLE;:AMPL:ALC ON;:APER LONG,16;:BIAS:POL:AUTO OFF;:BIAS:RANG:AUTO ON;:BIAS:VOLT:LEV 0;:COMP:ABIN OFF;:COMP:BIN:COUN:STAT OFF;:COMP:MODE PTOL;:COMP:SLIM -9.9e+037,9.9e+037;:COMP:STAT OFF;:COMP:SWAP OFF;:COMP:TOL:NOM 0;:CURR:LEV 0.1;:DISP:ENAB ON;:DISP:LINE """";:DISP:WIND:TEXT1:DATA:FMSD:DATA 1e-009;:DISP:WIND:TEXT2:DATA:FMSD:DATA 1e-009;:FORM:ASC:LONG ON;:FORM:BORD NORM;:FORM:DATA ASC,64;:FREQ:CW 1592;:FUNC:DEV1:MODE OFF;:FUNC:DEV1:REF:VAL 0;:FUNC:DEV2:MODE OFF;:FUNC:DEV2:REF:VAL 0;:FUNC:IMP:TYPE LSRS;:FUNC:SMON:IDC:STAT OFF;:FUNC:SMON:VDC:STAT OFF;:INIT:CONT OFF;:LIST:MODE SEQ;:LIST:STIM:TYPE FREQ,NONE;:SOUR:DCS:VOLT:LEV 0;:TRIG:DEL 0;:TRIG:SOUR INT;:TRIG:TDEL 0;:DISP:WIND:TEXT1:DATA:FMSD:STAT OFF;:DISP:WIND:TEXT2:DATA:FMSD:STAT OFF;:FUNC:DCR:RANG:VAL 100;:FUNC:IMP:RANG:VAL 0.1;:OUTP:DC:ISOL:LEV:VAL 0.1;:OUTP:DC:ISOL:STAT OFF;:FUNC:DCR:RANG:AUTO ON;:FUNC:IMP:RANG:AUTO ON;:OUTP:DC:ISOL:LEV:AUTO ON;:DISP:PAGE MEASurement;
"
2000.0,4.588854718e-07,0.06575748554
2000.0,4.588853334e-07,0.06575678306
2000.0,4.588989337e-07,0.06575594142
2000.0,4.588698563e-07,0.06575525854
2000.0,4.588695962e-07,0.06575474299
2000.0,4.588761981e-07,0.06575423281
2000.0,4.588693566e-07,0.06575369266
2000.0,4.588863823e-07,0.06575339426
2000.0,4.588807678e-07,0.06575296122
2000.0,4.588688766e-07,0.06575219379
2000.0,4.588853089e-07,0.06575169606
2000.0,4.588815072e-07,0.06575133027
2000.0,4.588937347e-07,0.06575069973
2000.0,4.58864881e-07,0.0657502461
2000.0,4.588730597e-07,0.06574990539
2000.0,4.58886534e-07,0.06574965265
Freq,2000,Rs,0.065753138530625,2.4747642975172885e-06,Ls,4.5887973739375e-07,9.859796816802776e-12
":SOUR:DCS:STAT OFF;:BIAS:STAT OFF;:COMP:BIN:COUN:CLE;:LIST:CLE:ALL;:COMP:BIN:CLE;:AMPL:ALC ON;:APER LONG,16;:BIAS:POL:AUTO OFF;:BIAS:RANG:AUTO ON;:BIAS:VOLT:LEV 0;:COMP:ABIN OFF;:COMP:BIN:COUN:STAT OFF;:COMP:MODE PTOL;:COMP:SLIM -9.9e+037,9.9e+037;:COMP:STAT OFF;:COMP:SWAP OFF;:COMP:TOL:NOM 0;:CURR:LEV 0.1;:DISP:ENAB ON;:DISP:LINE """";:DISP:WIND:TEXT1:DATA:FMSD:DATA 1e-009;:DISP:WIND:TEXT2:DATA:FMSD:DATA 1e-009;:FORM:ASC:LONG ON;:FORM:BORD NORM;:FORM:DATA ASC,64;:FREQ:CW 2000;:FUNC:DEV1:MODE OFF;:FUNC:DEV1:REF:VAL 0;:FUNC:DEV2:MODE OFF;:FUNC:DEV2:REF:VAL 0;:FUNC:IMP:TYPE LSRS;:FUNC:SMON:IDC:STAT OFF;:FUNC:SMON:VDC:STAT OFF;:INIT:CONT OFF;:LIST:MODE SEQ;:LIST:STIM:TYPE FREQ,NONE;:SOUR:DCS:VOLT:LEV 0;:TRIG:DEL 0;:TRIG:SOUR INT;:TRIG:TDEL 0;:DISP:WIND:TEXT1:DATA:FMSD:STAT OFF;:DISP:WIND:TEXT2:DATA:FMSD:STAT OFF;:FUNC:DCR:RANG:VAL 100;:FUNC:IMP:RANG:VAL 0.1;:OUTP:DC:ISOL:LEV:VAL 0.1;:OUTP:DC:ISOL:STAT OFF;:FUNC:DCR:RANG:AUTO ON;:FUNC:IMP:RANG:AUTO ON;:OUTP:DC:ISOL:LEV:AUTO ON;:DISP:PAGE MEASurement;
"
3000.0,4.590807847e-07,0.06575246327
3000.0,4.590622053e-07,0.06575200833
3000.0,4.590741841e-07,0.06575130423
3000.0,4.590738701e-07,0.06575086663
3000.0,4.590932117e-07,0.06575015521
3000.0,4.590777871e-07,0.06574969808
3000.0,4.590782492e-07,0.06574958363
3000.0,4.590827788e-07,0.06574890076
3000.0,4.590840979e-07,0.06574860273
3000.0,4.59068351e-07,0.06574817026
3000.0,4.590853061e-07,0.06574778369
3000.0,4.59060168e-07,0.06574736126
3000.0,4.591084143e-07,0.06574687166
3000.0,4.590651606e-07,0.0657463828
3000.0,4.591021243e-07,0.0657464666
3000.0,4.590642562e-07,0.06574541102
Freq,3000,Rs,0.065748876885,2.1206521667513167e-06,Ls,4.5907880933750004e-07,1.3892695058337644e-11
":SOUR:DCS:STAT OFF;:BIAS:STAT OFF;:COMP:BIN:COUN:CLE;:LIST:CLE:ALL;:COMP:BIN:CLE;:AMPL:ALC ON;:APER LONG,16;:BIAS:POL:AUTO OFF;:BIAS:RANG:AUTO ON;:BIAS:VOLT:LEV 0;:COMP:ABIN OFF;:COMP:BIN:COUN:STAT OFF;:COMP:MODE PTOL;:COMP:SLIM -9.9e+037,9.9e+037;:COMP:STAT OFF;:COMP:SWAP OFF;:COMP:TOL:NOM 0;:CURR:LEV 0.1;:DISP:ENAB ON;:DISP:LINE """";:DISP:WIND:TEXT1:DATA:FMSD:DATA 1e-009;:DISP:WIND:TEXT2:DATA:FMSD:DATA 1e-009;:FORM:ASC:LONG ON;:FORM:BORD NORM;:FORM:DATA ASC,64;:FREQ:CW 3000;:FUNC:DEV1:MODE OFF;:FUNC:DEV1:REF:VAL 0;:FUNC:DEV2:MODE OFF;:FUNC:DEV2:REF:VAL 0;:FUNC:IMP:TYPE LSRS;:FUNC:SMON:IDC:STAT OFF;:FUNC:SMON:VDC:STAT OFF;:INIT:CONT OFF;:LIST:MODE SEQ;:LIST:STIM:TYPE FREQ,NONE;:SOUR:DCS:VOLT:LEV 0;:TRIG:DEL 0;:TRIG:SOUR INT;:TRIG:TDEL 0;:DISP:WIND:TEXT1:DATA:FMSD:STAT OFF;:DISP:WIND:TEXT2:DATA:FMSD:STAT OFF;:FUNC:DCR:RANG:VAL 100;:FUNC:IMP:RANG:VAL 0.1;:OUTP:DC:ISOL:LEV:VAL 0.1;:OUTP:DC:ISOL:STAT OFF;:FUNC:DCR:RANG:AUTO ON;:FUNC:IMP:RANG:AUTO ON;:OUTP:DC:ISOL:LEV:AUTO ON;:DISP:PAGE MEASurement;
"
5000.0,4.587989937e-07,0.06579045343
5000.0,4.588047897e-07,0.06579041816
5000.0,4.58774771e-07,0.06578978395
5000.0,4.587809888e-07,0.06578994508
5000.0,4.587704297e-07,0.0657891301
5000.0,4.587828849e-07,0.06578851046
5000.0,4.588076695e-07,0.06578853084
5000.0,4.587927414e-07,0.06578828969
5000.0,4.587918472e-07,0.06578766348
5000.0,4.587805633e-07,0.06578714372
5000.0,4.587903951e-07,0.06578676315
5000.0,4.587805373e-07,0.06578658678
5000.0,4.587992032e-07,0.06578596697
5000.0,4.587870833e-07,0.06578609951
5000.0,4.587934915e-07,0.0657855326
5000.0,4.587927727e-07,0.06578529074
Freq,5000,Rs,0.06578788179125,1.7523154170750906e-06,Ls,4.5878932264375e-07,1.0500792222175185e-11
":SOUR:DCS:STAT OFF;:BIAS:STAT OFF;:COMP:BIN:COUN:CLE;:LIST:CLE:ALL;:COMP:BIN:CLE;:AMPL:ALC ON;:APER LONG,16;:BIAS:POL:AUTO OFF;:BIAS:RANG:AUTO ON;:BIAS:VOLT:LEV 0;:COMP:ABIN OFF;:COMP:BIN:COUN:STAT OFF;:COMP:MODE PTOL;:COMP:SLIM -9.9e+037,9.9e+037;:COMP:STAT OFF;:COMP:SWAP OFF;:COMP:TOL:NOM 0;:CURR:LEV 0.1;:DISP:ENAB ON;:DISP:LINE """";:DISP:WIND:TEXT1:DATA:FMSD:DATA 1e-009;:DISP:WIND:TEXT2:DATA:FMSD:DATA 1e-009;:FORM:ASC:LONG ON;:FORM:BORD NORM;:FORM:DATA ASC,64;:FREQ:CW 5000;:FUNC:DEV1:MODE OFF;:FUNC:DEV1:REF:VAL 0;:FUNC:DEV2:MODE OFF;:FUNC:DEV2:REF:VAL 0;:FUNC:IMP:TYPE LSRS;:FUNC:SMON:IDC:STAT OFF;:FUNC:SMON:VDC:STAT OFF;:INIT:CONT OFF;:LIST:MODE SEQ;:LIST:STIM:TYPE FREQ,NONE;:SOUR:DCS:VOLT:LEV 0;:TRIG:DEL 0;:TRIG:SOUR INT;:TRIG:TDEL 0;:DISP:WIND:TEXT1:DATA:FMSD:STAT OFF;:DISP:WIND:TEXT2:DATA:FMSD:STAT OFF;:FUNC:DCR:RANG:VAL 100;:FUNC:IMP:RANG:VAL 0.1;:OUTP:DC:ISOL:LEV:VAL 0.1;:OUTP:DC:ISOL:STAT OFF;:FUNC:DCR:RANG:AUTO ON;:FUNC:IMP:RANG:AUTO ON;:OUTP:DC:ISOL:LEV:AUTO ON;:DISP:PAGE MEASurement;
"
":SOUR:DCS:STAT OFF;:BIAS:STAT OFF;:COMP:BIN:COUN:CLE;:LIST:CLE:ALL;:COMP:BIN:CLE;:AMPL:ALC ON;:APER LONG,16;:BIAS:POL:AUTO OFF;:BIAS:RANG:AUTO ON;:BIAS:VOLT:LEV 0;:COMP:ABIN OFF;:COMP:BIN:COUN:STAT OFF;:COMP:MODE PTOL;:COMP:SLIM -9.9e+037,9.9e+037;:COMP:STAT OFF;:COMP:SWAP OFF;:COMP:TOL:NOM 0;:CURR:LEV 0.1;:DISP:ENAB ON;:DISP:LINE """";:DISP:WIND:TEXT1:DATA:FMSD:DATA 1e-009;:DISP:WIND:TEXT2:DATA:FMSD:DATA 1e-009;:FORM:ASC:LONG ON;:FORM:BORD NORM;:FORM:DATA ASC,64;:FREQ:CW 5000;:FUNC:DEV1:MODE OFF;:FUNC:DEV1:REF:VAL 0;:FUNC:DEV2:MODE OFF;:FUNC:DEV2:REF:VAL 0;:FUNC:IMP:TYPE LSRS;:FUNC:SMON:IDC:STAT OFF;:FUNC:SMON:VDC:STAT OFF;:INIT:CONT OFF;:LIST:MODE SEQ;:LIST:STIM:TYPE FREQ,NONE;:SOUR:DCS:VOLT:LEV 0;:TRIG:DEL 0;:TRIG:SOUR INT;:TRIG:TDEL 0;:DISP:WIND:TEXT1:DATA:FMSD:STAT OFF;:DISP:WIND:TEXT2:DATA:FMSD:STAT OFF;:FUNC:DCR:RANG:VAL 100;:FUNC:IMP:RANG:VAL 0.1;:OUTP:DC:ISOL:LEV:VAL 0.1;:OUTP:DC:ISOL:STAT OFF;:FUNC:DCR:RANG:AUTO ON;:FUNC:IMP:RANG:AUTO ON;:OUTP:DC:ISOL:LEV:AUTO ON;:DISP:PAGE MEASurement;
"
2022-09-19,15:12:39
---------run finished---------
lcr name:,KeySight E4980A
Name and description of Resistor under test: ,B4ER
GPIB source:,<bound method MessageBasedResource.read of <'GPIBInstrument'('GPIB0::17::INSTR')>>
2022-09-19,15:23:17
select the freq range,"[50, 100, 200, 300, 500, 800, 1000, 1591.5494309189535, 2000, 3000, 5000]"
50.0,5.024890359e-07,0.06531016367
50.0,5.138569021e-07,0.06530732087
50.0,4.974146722e-07,0.06530092836
50.0,5.097244811e-07,0.06529331521
50.0,5.177865803e-07,0.06529244889
50.0,5.03309556e-07,0.06528840369
50.0,5.00996376e-07,0.06528080443
50.0,5.129240245e-07,0.06527652912
50.0,5.153141715e-07,0.06527593837
50.0,4.994647752e-07,0.06527438379
50.0,5.021143208e-07,0.06526600378
50.0,5.141802501e-07,0.06526586169
50.0,4.978764832e-07,0.06526201199
50.0,5.128555446e-07,0.06525887327
50.0,4.996680367e-07,0.06525647971
50.0,5.112627878e-07,0.06525544938
Freq,50,Rs,0.06527905726375,1.8009826572553075e-05,Ls,5.06952374875e-07,7.1111372674971305e-09
":SOUR:DCS:STAT OFF;:BIAS:STAT OFF;:COMP:BIN:COUN:CLE;:LIST:CLE:ALL;:COMP:BIN:CLE;:AMPL:ALC ON;:APER LONG,16;:BIAS:POL:AUTO OFF;:BIAS:RANG:AUTO ON;:BIAS:VOLT:LEV 0;:COMP:ABIN OFF;:COMP:BIN:COUN:STAT OFF;:COMP:MODE PTOL;:COMP:SLIM -9.9e+037,9.9e+037;:COMP:STAT OFF;:COMP:SWAP OFF;:COMP:TOL:NOM 0;:CURR:LEV 0.1;:DISP:ENAB ON;:DISP:LINE """";:DISP:WIND:TEXT1:DATA:FMSD:DATA 1e-009;:DISP:WIND:TEXT2:DATA:FMSD:DATA 1e-009;:FORM:ASC:LONG ON;:FORM:BORD NORM;:FORM:DATA ASC,64;:FREQ:CW 50;:FUNC:DEV1:MODE OFF;:FUNC:DEV1:REF:VAL 0;:FUNC:DEV2:MODE OFF;:FUNC:DEV2:REF:VAL 0;:FUNC:IMP:TYPE LSRS;:FUNC:SMON:IDC:STAT OFF;:FUNC:SMON:VDC:STAT OFF;:INIT:CONT OFF;:LIST:MODE SEQ;:LIST:STIM:TYPE FREQ,NONE;:SOUR:DCS:VOLT:LEV 0;:TRIG:DEL 0;:TRIG:SOUR INT;:TRIG:TDEL 0;:DISP:WIND:TEXT1:DATA:FMSD:STAT OFF;:DISP:WIND:TEXT2:DATA:FMSD:STAT OFF;:FUNC:DCR:RANG:VAL 100;:FUNC:IMP:RANG:VAL 0.1;:OUTP:DC:ISOL:LEV:VAL 0.1;:OUTP:DC:ISOL:STAT OFF;:FUNC:DCR:RANG:AUTO ON;:FUNC:IMP:RANG:AUTO ON;:OUTP:DC:ISOL:LEV:AUTO ON;:DISP:PAGE MEASurement;
"
100.0,4.760241898e-07,0.06523042726
100.0,4.755327064e-07,0.06522814153
100.0,4.758458658e-07,0.06522646864
100.0,4.758324933e-07,0.0652250181
100.0,4.755465843e-07,0.06522262789
100.0,4.752709367e-07,0.06522126114
100.0,4.758660787e-07,0.0652194521
100.0,4.756123403e-07,0.06521796221
100.0,4.756767727e-07,0.06521672213
100.0,4.757494356e-07,0.06521531404
100.0,4.749069671e-07,0.06521388464
100.0,4.753760205e-07,0.06521281251
100.0,4.754035679e-07,0.06521209832
100.0,4.753288623e-07,0.06521070787
100.0,4.76013511e-07,0.06520982663
100.0,4.755628319e-07,0.06520940528
Freq,100,Rs,0.065218258143125,6.7957191352076345e-06,Ls,4.7559682276875e-07,2.971030768809262e-10
":SOUR:DCS:STAT OFF;:BIAS:STAT OFF;:COMP:BIN:COUN:CLE;:LIST:CLE:ALL;:COMP:BIN:CLE;:AMPL:ALC ON;:APER LONG,16;:BIAS:POL:AUTO OFF;:BIAS:RANG:AUTO ON;:BIAS:VOLT:LEV 0;:COMP:ABIN OFF;:COMP:BIN:COUN:STAT OFF;:COMP:MODE PTOL;:COMP:SLIM -9.9e+037,9.9e+037;:COMP:STAT OFF;:COMP:SWAP OFF;:COMP:TOL:NOM 0;:CURR:LEV 0.1;:DISP:ENAB ON;:DISP:LINE """";:DISP:WIND:TEXT1:DATA:FMSD:DATA 1e-009;:DISP:WIND:TEXT2:DATA:FMSD:DATA 1e-009;:FORM:ASC:LONG ON;:FORM:BORD NORM;:FORM:DATA ASC,64;:FREQ:CW 100;:FUNC:DEV1:MODE OFF;:FUNC:DEV1:REF:VAL 0;:FUNC:DEV2:MODE OFF;:FUNC:DEV2:REF:VAL 0;:FUNC:IMP:TYPE LSRS;:FUNC:SMON:IDC:STAT OFF;:FUNC:SMON:VDC:STAT OFF;:INIT:CONT OFF;:LIST:MODE SEQ;:LIST:STIM:TYPE FREQ,NONE;:SOUR:DCS:VOLT:LEV 0;:TRIG:DEL 0;:TRIG:SOUR INT;:TRIG:TDEL 0;:DISP:WIND:TEXT1:DATA:FMSD:STAT OFF;:DISP:WIND:TEXT2:DATA:FMSD:STAT OFF;:FUNC:DCR:RANG:VAL 100;:FUNC:IMP:RANG:VAL 0.1;:OUTP:DC:ISOL:LEV:VAL 0.1;:OUTP:DC:ISOL:STAT OFF;:FUNC:DCR:RANG:AUTO ON;:FUNC:IMP:RANG:AUTO ON;:OUTP:DC:ISOL:LEV:AUTO ON;:DISP:PAGE MEASurement;
"
200.0,4.754945108e-07,0.06523034827
200.0,4.755801066e-07,0.0652297185
200.0,4.757575333e-07,0.06522887069
200.0,4.757285826e-07,0.06522756568
200.0,4.756576698e-07,0.06522689197
200.0,4.756150834e-07,0.06522551766
200.0,4.757722062e-07,0.06522463305
200.0,4.757617974e-07,0.06522373522
200.0,4.755914069e-07,0.06522324045
200.0,4.755939844e-07,0.06522225655
200.0,4.75810189e-07,0.06522177781
200.0,4.757318417e-07,0.06522048068
200.0,4.756228132e-07,0.06521989857
200.0,4.75678746e-07,0.06521872119
200.0,4.756995249e-07,0.06521788673
200.0,4.754894668e-07,0.06521737363
Freq,200,Rs,0.065223682290625,4.210073416872097e-06,Ls,4.756615914375e-07,9.732433656420117e-11
":SOUR:DCS:STAT OFF;:BIAS:STAT OFF;:COMP:BIN:COUN:CLE;:LIST:CLE:ALL;:COMP:BIN:CLE;:AMPL:ALC ON;:APER LONG,16;:BIAS:POL:AUTO OFF;:BIAS:RANG:AUTO ON;:BIAS:VOLT:LEV 0;:COMP:ABIN OFF;:COMP:BIN:COUN:STAT OFF;:COMP:MODE PTOL;:COMP:SLIM -9.9e+037,9.9e+037;:COMP:STAT OFF;:COMP:SWAP OFF;:COMP:TOL:NOM 0;:CURR:LEV 0.1;:DISP:ENAB ON;:DISP:LINE """";:DISP:WIND:TEXT1:DATA:FMSD:DATA 1e-009;:DISP:WIND:TEXT2:DATA:FMSD:DATA 1e-009;:FORM:ASC:LONG ON;:FORM:BORD NORM;:FORM:DATA ASC,64;:FREQ:CW 200;:FUNC:DEV1:MODE OFF;:FUNC:DEV1:REF:VAL 0;:FUNC:DEV2:MODE OFF;:FUNC:DEV2:REF:VAL 0;:FUNC:IMP:TYPE LSRS;:FUNC:SMON:IDC:STAT OFF;:FUNC:SMON:VDC:STAT OFF;:INIT:CONT OFF;:LIST:MODE SEQ;:LIST:STIM:TYPE FREQ,NONE;:SOUR:DCS:VOLT:LEV 0;:TRIG:DEL 0;:TRIG:SOUR INT;:TRIG:TDEL 0;:DISP:WIND:TEXT1:DATA:FMSD:STAT OFF;:DISP:WIND:TEXT2:DATA:FMSD:STAT OFF;:FUNC:DCR:RANG:VAL 100;:FUNC:IMP:RANG:VAL 0.1;:OUTP:DC:ISOL:LEV:VAL 0.1;:OUTP:DC:ISOL:STAT OFF;:FUNC:DCR:RANG:AUTO ON;:FUNC:IMP:RANG:AUTO ON;:OUTP:DC:ISOL:LEV:AUTO ON;:DISP:PAGE MEASurement;
"
300.0,4.652328898e-07,0.06522110743
300.0,4.654066561e-07,0.06522014197
300.0,4.653210241e-07,0.0652193465
300.0,4.652696455e-07,0.06521867998
300.0,4.651767921e-07,0.06521742813
300.0,4.651323812e-07,0.06521669696
300.0,4.65279702e-07,0.06521594268
300.0,4.652618783e-07,0.06521528318
300.0,4.652432852e-07,0.06521421782
300.0,4.653475397e-07,0.06521380608
300.0,4.652786202e-07,0.06521291576
300.0,4.651823605e-07,0.06521193216
300.0,4.653722298e-07,0.06521121428
300.0,4.653195599e-07,0.06521047825
300.0,4.652295278e-07,0.06520962202
300.0,4.655292357e-07,0.06520912016
Freq,300,Rs,0.06521487083500001,3.827255715373704e-06,Ls,4.6528645799375e-07,9.741247966848511e-11
":SOUR:DCS:STAT OFF;:BIAS:STAT OFF;:COMP:BIN:COUN:CLE;:LIST:CLE:ALL;:COMP:BIN:CLE;:AMPL:ALC ON;:APER LONG,16;:BIAS:POL:AUTO OFF;:BIAS:RANG:AUTO ON;:BIAS:VOLT:LEV 0;:COMP:ABIN OFF;:COMP:BIN:COUN:STAT OFF;:COMP:MODE PTOL;:COMP:SLIM -9.9e+037,9.9e+037;:COMP:STAT OFF;:COMP:SWAP OFF;:COMP:TOL:NOM 0;:CURR:LEV 0.1;:DISP:ENAB ON;:DISP:LINE """";:DISP:WIND:TEXT1:DATA:FMSD:DATA 1e-009;:DISP:WIND:TEXT2:DATA:FMSD:DATA 1e-009;:FORM:ASC:LONG ON;:FORM:BORD NORM;:FORM:DATA ASC,64;:FREQ:CW 300;:FUNC:DEV1:MODE OFF;:FUNC:DEV1:REF:VAL 0;:FUNC:DEV2:MODE OFF;:FUNC:DEV2:REF:VAL 0;:FUNC:IMP:TYPE LSRS;:FUNC:SMON:IDC:STAT OFF;:FUNC:SMON:VDC:STAT OFF;:INIT:CONT OFF;:LIST:MODE SEQ;:LIST:STIM:TYPE FREQ,NONE;:SOUR:DCS:VOLT:LEV 0;:TRIG:DEL 0;:TRIG:SOUR INT;:TRIG:TDEL 0;:DISP:WIND:TEXT1:DATA:FMSD:STAT OFF;:DISP:WIND:TEXT2:DATA:FMSD:STAT OFF;:FUNC:DCR:RANG:VAL 100;:FUNC:IMP:RANG:VAL 0.1;:OUTP:DC:ISOL:LEV:VAL 0.1;:OUTP:DC:ISOL:STAT OFF;:FUNC:DCR:RANG:AUTO ON;:FUNC:IMP:RANG:AUTO ON;:OUTP:DC:ISOL:LEV:AUTO ON;:DISP:PAGE MEASurement;
"
500.0,4.601931598e-07,0.06521924883
500.0,4.601042834e-07,0.06521860945
500.0,4.60045582e-07,0.0652180717
500.0,4.600601709e-07,0.06521759667
500.0,4.601006739e-07,0.06521675576
500.0,4.600671069e-07,0.06521611301
500.0,4.600591714e-07,0.06521530928
500.0,4.600858896e-07,0.06521471743
500.0,4.60088999e-07,0.06526958285
500.0,4.599396411e-07,0.06535826181
500.0,4.599834573e-07,0.06533867454
500.0,4.600125044e-07,0.06533450421
500.0,4.60060282e-07,0.06533206272
500.0,4.600365412e-07,0.06532998486
500.0,4.599884789e-07,0.06532842688
500.0,4.599592138e-07,0.06532720036
Freq,500,Rs,0.0652721950225,5.953771030745602e-05,Ls,4.6004907222499997e-07,6.305076054739503e-11
":SOUR:DCS:STAT OFF;:BIAS:STAT OFF;:COMP:BIN:COUN:CLE;:LIST:CLE:ALL;:COMP:BIN:CLE;:AMPL:ALC ON;:APER LONG,16;:BIAS:POL:AUTO OFF;:BIAS:RANG:AUTO ON;:BIAS:VOLT:LEV 0;:COMP:ABIN OFF;:COMP:BIN:COUN:STAT OFF;:COMP:MODE PTOL;:COMP:SLIM -9.9e+037,9.9e+037;:COMP:STAT OFF;:COMP:SWAP OFF;:COMP:TOL:NOM 0;:CURR:LEV 0.1;:DISP:ENAB ON;:DISP:LINE """";:DISP:WIND:TEXT1:DATA:FMSD:DATA 1e-009;:DISP:WIND:TEXT2:DATA:FMSD:DATA 1e-009;:FORM:ASC:LONG ON;:FORM:BORD NORM;:FORM:DATA ASC,64;:FREQ:CW 500;:FUNC:DEV1:MODE OFF;:FUNC:DEV1:REF:VAL 0;:FUNC:DEV2:MODE OFF;:FUNC:DEV2:REF:VAL 0;:FUNC:IMP:TYPE LSRS;:FUNC:SMON:IDC:STAT OFF;:FUNC:SMON:VDC:STAT OFF;:INIT:CONT OFF;:LIST:MODE SEQ;:LIST:STIM:TYPE FREQ,NONE;:SOUR:DCS:VOLT:LEV 0;:TRIG:DEL 0;:TRIG:SOUR INT;:TRIG:TDEL 0;:DISP:WIND:TEXT1:DATA:FMSD:STAT OFF;:DISP:WIND:TEXT2:DATA:FMSD:STAT OFF;:FUNC:DCR:RANG:VAL 100;:FUNC:IMP:RANG:VAL 0.1;:OUTP:DC:ISOL:LEV:VAL 0.1;:OUTP:DC:ISOL:STAT OFF;:FUNC:DCR:RANG:AUTO ON;:FUNC:IMP:RANG:AUTO ON;:OUTP:DC:ISOL:LEV:AUTO ON;:DISP:PAGE MEASurement;
"
800.0,4.584467249e-07,0.06533156478
800.0,4.584604084e-07,0.06533028688
800.0,4.58461118e-07,0.06532941882
800.0,4.584810769e-07,0.06532867677
800.0,4.584752614e-07,0.06532769057
800.0,4.585023988e-07,0.06532632713
800.0,4.584648763e-07,0.06532575108
800.0,4.584804604e-07,0.06532493568
800.0,4.584881238e-07,0.06532432029
800.0,4.584376532e-07,0.06532381551
800.0,4.5848369e-07,0.06532298597
800.0,4.584560133e-07,0.06532247652
800.0,4.584843349e-07,0.06532220627
800.0,4.584348e-07,0.06532200615
800.0,4.584798076e-07,0.06532175445
800.0,4.584717859e-07,0.06532151647
Freq,800,Rs,0.06532535833375,3.2998204594676456e-06,Ls,4.5846928336250003e-07,1.8871275753867244e-11
":SOUR:DCS:STAT OFF;:BIAS:STAT OFF;:COMP:BIN:COUN:CLE;:LIST:CLE:ALL;:COMP:BIN:CLE;:AMPL:ALC ON;:APER LONG,16;:BIAS:POL:AUTO OFF;:BIAS:RANG:AUTO ON;:BIAS:VOLT:LEV 0;:COMP:ABIN OFF;:COMP:BIN:COUN:STAT OFF;:COMP:MODE PTOL;:COMP:SLIM -9.9e+037,9.9e+037;:COMP:STAT OFF;:COMP:SWAP OFF;:COMP:TOL:NOM 0;:CURR:LEV 0.1;:DISP:ENAB ON;:DISP:LINE """";:DISP:WIND:TEXT1:DATA:FMSD:DATA 1e-009;:DISP:WIND:TEXT2:DATA:FMSD:DATA 1e-009;:FORM:ASC:LONG ON;:FORM:BORD NORM;:FORM:DATA ASC,64;:FREQ:CW 800;:FUNC:DEV1:MODE OFF;:FUNC:DEV1:REF:VAL 0;:FUNC:DEV2:MODE OFF;:FUNC:DEV2:REF:VAL 0;:FUNC:IMP:TYPE LSRS;:FUNC:SMON:IDC:STAT OFF;:FUNC:SMON:VDC:STAT OFF;:INIT:CONT OFF;:LIST:MODE SEQ;:LIST:STIM:TYPE FREQ,NONE;:SOUR:DCS:VOLT:LEV 0;:TRIG:DEL 0;:TRIG:SOUR INT;:TRIG:TDEL 0;:DISP:WIND:TEXT1:DATA:FMSD:STAT OFF;:DISP:WIND:TEXT2:DATA:FMSD:STAT OFF;:FUNC:DCR:RANG:VAL 100;:FUNC:IMP:RANG:VAL 0.1;:OUTP:DC:ISOL:LEV:VAL 0.1;:OUTP:DC:ISOL:STAT OFF;:FUNC:DCR:RANG:AUTO ON;:FUNC:IMP:RANG:AUTO ON;:OUTP:DC:ISOL:LEV:AUTO ON;:DISP:PAGE MEASurement;
"
1000.0,4.578455654e-07,0.06531316191
1000.0,4.578379497e-07,0.06531300584
1000.0,4.578270645e-07,0.06531251323
1000.0,4.578385577e-07,0.06531260138
1000.0,4.578193721e-07,0.06531232767
1000.0,4.578136135e-07,0.0653123435
1000.0,4.578210392e-07,0.06531222578
1000.0,4.578579078e-07,0.065312054
1000.0,4.578450578e-07,0.06531177178
1000.0,4.578333545e-07,0.06531190655
1000.0,4.577975104e-07,0.06531161577
1000.0,4.578361831e-07,0.06531159615
1000.0,4.578628976e-07,0.0653111641
1000.0,4.578130584e-07,0.0653112177
1000.0,4.578489941e-07,0.06531116358
1000.0,4.578800027e-07,0.06531078502
Freq,1000,Rs,0.06531196587249999,6.882572726968051e-07,Ls,4.5783613303125e-07,2.095746024879513e-11
":SOUR:DCS:STAT OFF;:BIAS:STAT OFF;:COMP:BIN:COUN:CLE;:LIST:CLE:ALL;:COMP:BIN:CLE;:AMPL:ALC ON;:APER LONG,16;:BIAS:POL:AUTO OFF;:BIAS:RANG:AUTO ON;:BIAS:VOLT:LEV 0;:COMP:ABIN OFF;:COMP:BIN:COUN:STAT OFF;:COMP:MODE PTOL;:COMP:SLIM -9.9e+037,9.9e+037;:COMP:STAT OFF;:COMP:SWAP OFF;:COMP:TOL:NOM 0;:CURR:LEV 0.1;:DISP:ENAB ON;:DISP:LINE """";:DISP:WIND:TEXT1:DATA:FMSD:DATA 1e-009;:DISP:WIND:TEXT2:DATA:FMSD:DATA 1e-009;:FORM:ASC:LONG ON;:FORM:BORD NORM;:FORM:DATA ASC,64;:FREQ:CW 1000;:FUNC:DEV1:MODE OFF;:FUNC:DEV1:REF:VAL 0;:FUNC:DEV2:MODE OFF;:FUNC:DEV2:REF:VAL 0;:FUNC:IMP:TYPE LSRS;:FUNC:SMON:IDC:STAT OFF;:FUNC:SMON:VDC:STAT OFF;:INIT:CONT OFF;:LIST:MODE SEQ;:LIST:STIM:TYPE FREQ,NONE;:SOUR:DCS:VOLT:LEV 0;:TRIG:DEL 0;:TRIG:SOUR INT;:TRIG:TDEL 0;:DISP:WIND:TEXT1:DATA:FMSD:STAT OFF;:DISP:WIND:TEXT2:DATA:FMSD:STAT OFF;:FUNC:DCR:RANG:VAL 100;:FUNC:IMP:RANG:VAL 0.1;:OUTP:DC:ISOL:LEV:VAL 0.1;:OUTP:DC:ISOL:STAT OFF;:FUNC:DCR:RANG:AUTO ON;:FUNC:IMP:RANG:AUTO ON;:OUTP:DC:ISOL:LEV:AUTO ON;:DISP:PAGE MEASurement;
"
1591.5494309189535,4.579932832e-07,0.06531091941
1591.5494309189535,4.579923777e-07,0.0653106152
1591.5494309189535,4.579950545e-07,0.06531094469
1591.5494309189535,4.579955331e-07,0.06531085857
1591.5494309189535,4.580145888e-07,0.06531070601
1591.5494309189535,4.57973314e-07,0.0653105036
1591.5494309189535,4.579747125e-07,0.06531064308
1591.5494309189535,4.579796836e-07,0.06531028366
1591.5494309189535,4.579861766e-07,0.06531000622
1591.5494309189535,4.580033959e-07,0.06530996791
1591.5494309189535,4.579822909e-07,0.06530947304
1591.5494309189535,4.579917398e-07,0.06530937957
1591.5494309189535,4.579795666e-07,0.06530906233
1591.5494309189535,4.579869329e-07,0.0653089186
1591.5494309189535,4.579885517e-07,0.06530854926
1591.5494309189535,4.580128273e-07,0.06530847994
Freq,1591.5494309189535,Rs,0.065309956943125,8.639965934554063e-07,Ls,4.5799062681875e-07,1.2076006049139044e-11
":SOUR:DCS:STAT OFF;:BIAS:STAT OFF;:COMP:BIN:COUN:CLE;:LIST:CLE:ALL;:COMP:BIN:CLE;:AMPL:ALC ON;:APER LONG,16;:BIAS:POL:AUTO OFF;:BIAS:RANG:AUTO ON;:BIAS:VOLT:LEV 0;:COMP:ABIN OFF;:COMP:BIN:COUN:STAT OFF;:COMP:MODE PTOL;:COMP:SLIM -9.9e+037,9.9e+037;:COMP:STAT OFF;:COMP:SWAP OFF;:COMP:TOL:NOM 0;:CURR:LEV 0.1;:DISP:ENAB ON;:DISP:LINE """";:DISP:WIND:TEXT1:DATA:FMSD:DATA 1e-009;:DISP:WIND:TEXT2:DATA:FMSD:DATA 1e-009;:FORM:ASC:LONG ON;:FORM:BORD NORM;:FORM:DATA ASC,64;:FREQ:CW 1592;:FUNC:DEV1:MODE OFF;:FUNC:DEV1:REF:VAL 0;:FUNC:DEV2:MODE OFF;:FUNC:DEV2:REF:VAL 0;:FUNC:IMP:TYPE LSRS;:FUNC:SMON:IDC:STAT OFF;:FUNC:SMON:VDC:STAT OFF;:INIT:CONT OFF;:LIST:MODE SEQ;:LIST:STIM:TYPE FREQ,NONE;:SOUR:DCS:VOLT:LEV 0;:TRIG:DEL 0;:TRIG:SOUR INT;:TRIG:TDEL 0;:DISP:WIND:TEXT1:DATA:FMSD:STAT OFF;:DISP:WIND:TEXT2:DATA:FMSD:STAT OFF;:FUNC:DCR:RANG:VAL 100;:FUNC:IMP:RANG:VAL 0.1;:OUTP:DC:ISOL:LEV:VAL 0.1;:OUTP:DC:ISOL:STAT OFF;:FUNC:DCR:RANG:AUTO ON;:FUNC:IMP:RANG:AUTO ON;:OUTP:DC:ISOL:LEV:AUTO ON;:DISP:PAGE MEASurement;
"
2000.0,4.584895298e-07,0.06531354137
2000.0,4.585100214e-07,0.06531335164
2000.0,4.58508927e-07,0.06531286696
2000.0,4.584920968e-07,0.06531284699
2000.0,4.584967695e-07,0.06531242249
2000.0,4.585066093e-07,0.06531224683
2000.0,4.585120813e-07,0.06531204909
2000.0,4.584868273e-07,0.0653120787
2000.0,4.585078237e-07,0.06531164025
2000.0,4.584977129e-07,0.06531137085
2000.0,4.585078142e-07,0.06531117709
2000.0,4.585114705e-07,0.06531075418
2000.0,4.585012373e-07,0.06531046807
2000.0,4.585039965e-07,0.0653104958
2000.0,4.58508191e-07,0.06531042019
2000.0,4.584933187e-07,0.0653099444
Freq,2000,Rs,0.06531172968125,1.1205906447401652e-06,Ls,4.585021517e-07,8.326806610532048e-12
":SOUR:DCS:STAT OFF;:BIAS:STAT OFF;:COMP:BIN:COUN:CLE;:LIST:CLE:ALL;:COMP:BIN:CLE;:AMPL:ALC ON;:APER LONG,16;:BIAS:POL:AUTO OFF;:BIAS:RANG:AUTO ON;:BIAS:VOLT:LEV 0;:COMP:ABIN OFF;:COMP:BIN:COUN:STAT OFF;:COMP:MODE PTOL;:COMP:SLIM -9.9e+037,9.9e+037;:COMP:STAT OFF;:COMP:SWAP OFF;:COMP:TOL:NOM 0;:CURR:LEV 0.1;:DISP:ENAB ON;:DISP:LINE """";:DISP:WIND:TEXT1:DATA:FMSD:DATA 1e-009;:DISP:WIND:TEXT2:DATA:FMSD:DATA 1e-009;:FORM:ASC:LONG ON;:FORM:BORD NORM;:FORM:DATA ASC,64;:FREQ:CW 2000;:FUNC:DEV1:MODE OFF;:FUNC:DEV1:REF:VAL 0;:FUNC:DEV2:MODE OFF;:FUNC:DEV2:REF:VAL 0;:FUNC:IMP:TYPE LSRS;:FUNC:SMON:IDC:STAT OFF;:FUNC:SMON:VDC:STAT OFF;:INIT:CONT OFF;:LIST:MODE SEQ;:LIST:STIM:TYPE FREQ,NONE;:SOUR:DCS:VOLT:LEV 0;:TRIG:DEL 0;:TRIG:SOUR INT;:TRIG:TDEL 0;:DISP:WIND:TEXT1:DATA:FMSD:STAT OFF;:DISP:WIND:TEXT2:DATA:FMSD:STAT OFF;:FUNC:DCR:RANG:VAL 100;:FUNC:IMP:RANG:VAL 0.1;:OUTP:DC:ISOL:LEV:VAL 0.1;:OUTP:DC:ISOL:STAT OFF;:FUNC:DCR:RANG:AUTO ON;:FUNC:IMP:RANG:AUTO ON;:OUTP:DC:ISOL:LEV:AUTO ON;:DISP:PAGE MEASurement;
"
3000.0,4.587200967e-07,0.06531354726
3000.0,4.587242335e-07,0.06531339638
3000.0,4.587140785e-07,0.06531323583
3000.0,4.586972513e-07,0.06531266053
3000.0,4.586977648e-07,0.06531261729
3000.0,4.58725706e-07,0.06531268177
3000.0,4.586987816e-07,0.06531232696
3000.0,4.587065251e-07,0.06531202915
3000.0,4.587128135e-07,0.06531160054
3000.0,4.587327601e-07,0.06531177516
3000.0,4.587349687e-07,0.06531157954
3000.0,4.587161992e-07,0.06531163419
3000.0,4.58729657e-07,0.06531118839
3000.0,4.587050492e-07,0.06531081733
3000.0,4.58708662e-07,0.06531065628
3000.0,4.587115174e-07,0.06531076558
Freq,3000,Rs,0.06531203201124999,9.36383140298625e-07,Ls,4.587147540375e-07,1.2272452134376933e-11
":SOUR:DCS:STAT OFF;:BIAS:STAT OFF;:COMP:BIN:COUN:CLE;:LIST:CLE:ALL;:COMP:BIN:CLE;:AMPL:ALC ON;:APER LONG,16;:BIAS:POL:AUTO OFF;:BIAS:RANG:AUTO ON;:BIAS:VOLT:LEV 0;:COMP:ABIN OFF;:COMP:BIN:COUN:STAT OFF;:COMP:MODE PTOL;:COMP:SLIM -9.9e+037,9.9e+037;:COMP:STAT OFF;:COMP:SWAP OFF;:COMP:TOL:NOM 0;:CURR:LEV 0.1;:DISP:ENAB ON;:DISP:LINE """";:DISP:WIND:TEXT1:DATA:FMSD:DATA 1e-009;:DISP:WIND:TEXT2:DATA:FMSD:DATA 1e-009;:FORM:ASC:LONG ON;:FORM:BORD NORM;:FORM:DATA ASC,64;:FREQ:CW 3000;:FUNC:DEV1:MODE OFF;:FUNC:DEV1:REF:VAL 0;:FUNC:DEV2:MODE OFF;:FUNC:DEV2:REF:VAL 0;:FUNC:IMP:TYPE LSRS;:FUNC:SMON:IDC:STAT OFF;:FUNC:SMON:VDC:STAT OFF;:INIT:CONT OFF;:LIST:MODE SEQ;:LIST:STIM:TYPE FREQ,NONE;:SOUR:DCS:VOLT:LEV 0;:TRIG:DEL 0;:TRIG:SOUR INT;:TRIG:TDEL 0;:DISP:WIND:TEXT1:DATA:FMSD:STAT OFF;:DISP:WIND:TEXT2:DATA:FMSD:STAT OFF;:FUNC:DCR:RANG:VAL 100;:FUNC:IMP:RANG:VAL 0.1;:OUTP:DC:ISOL:LEV:VAL 0.1;:OUTP:DC:ISOL:STAT OFF;:FUNC:DCR:RANG:AUTO ON;:FUNC:IMP:RANG:AUTO ON;:OUTP:DC:ISOL:LEV:AUTO ON;:DISP:PAGE MEASurement;
"
5000.0,4.584301433e-07,0.06535599345
5000.0,4.584209903e-07,0.06535504909
5000.0,4.584160324e-07,0.06535480718
5000.0,4.58434248e-07,0.06535526969
5000.0,4.584399163e-07,0.06535443674
5000.0,4.584234633e-07,0.0653544408
5000.0,4.584174481e-07,0.06535369177
5000.0,4.584243612e-07,0.0653533633
5000.0,4.584222252e-07,0.06535286744
5000.0,4.584355391e-07,0.06535254138
5000.0,4.584187678e-07,0.06535235143
5000.0,4.584149654e-07,0.06535208813
5000.0,4.584408421e-07,0.06535143595
5000.0,4.584207444e-07,0.06535133497
5000.0,4.584344086e-07,0.06535088457
5000.0,4.584355263e-07,0.06535149396
Freq,5000,Rs,0.06535325311562501,1.6071572423663527e-06,Ls,4.584268513625e-07,8.803950900740969e-12
":SOUR:DCS:STAT OFF;:BIAS:STAT OFF;:COMP:BIN:COUN:CLE;:LIST:CLE:ALL;:COMP:BIN:CLE;:AMPL:ALC ON;:APER LONG,16;:BIAS:POL:AUTO OFF;:BIAS:RANG:AUTO ON;:BIAS:VOLT:LEV 0;:COMP:ABIN OFF;:COMP:BIN:COUN:STAT OFF;:COMP:MODE PTOL;:COMP:SLIM -9.9e+037,9.9e+037;:COMP:STAT OFF;:COMP:SWAP OFF;:COMP:TOL:NOM 0;:CURR:LEV 0.1;:DISP:ENAB ON;:DISP:LINE """";:DISP:WIND:TEXT1:DATA:FMSD:DATA 1e-009;:DISP:WIND:TEXT2:DATA:FMSD:DATA 1e-009;:FORM:ASC:LONG ON;:FORM:BORD NORM;:FORM:DATA ASC,64;:FREQ:CW 5000;:FUNC:DEV1:MODE OFF;:FUNC:DEV1:REF:VAL 0;:FUNC:DEV2:MODE OFF;:FUNC:DEV2:REF:VAL 0;:FUNC:IMP:TYPE LSRS;:FUNC:SMON:IDC:STAT OFF;:FUNC:SMON:VDC:STAT OFF;:INIT:CONT OFF;:LIST:MODE SEQ;:LIST:STIM:TYPE FREQ,NONE;:SOUR:DCS:VOLT:LEV 0;:TRIG:DEL 0;:TRIG:SOUR INT;:TRIG:TDEL 0;:DISP:WIND:TEXT1:DATA:FMSD:STAT OFF;:DISP:WIND:TEXT2:DATA:FMSD:STAT OFF;:FUNC:DCR:RANG:VAL 100;:FUNC:IMP:RANG:VAL 0.1;:OUTP:DC:ISOL:LEV:VAL 0.1;:OUTP:DC:ISOL:STAT OFF;:FUNC:DCR:RANG:AUTO ON;:FUNC:IMP:RANG:AUTO ON;:OUTP:DC:ISOL:LEV:AUTO ON;:DISP:PAGE MEASurement;
"
":SOUR:DCS:STAT OFF;:BIAS:STAT OFF;:COMP:BIN:COUN:CLE;:LIST:CLE:ALL;:COMP:BIN:CLE;:AMPL:ALC ON;:APER LONG,16;:BIAS:POL:AUTO OFF;:BIAS:RANG:AUTO ON;:BIAS:VOLT:LEV 0;:COMP:ABIN OFF;:COMP:BIN:COUN:STAT OFF;:COMP:MODE PTOL;:COMP:SLIM -9.9e+037,9.9e+037;:COMP:STAT OFF;:COMP:SWAP OFF;:COMP:TOL:NOM 0;:CURR:LEV 0.1;:DISP:ENAB ON;:DISP:LINE """";:DISP:WIND:TEXT1:DATA:FMSD:DATA 1e-009;:DISP:WIND:TEXT2:DATA:FMSD:DATA 1e-009;:FORM:ASC:LONG ON;:FORM:BORD NORM;:FORM:DATA ASC,64;:FREQ:CW 5000;:FUNC:DEV1:MODE OFF;:FUNC:DEV1:REF:VAL 0;:FUNC:DEV2:MODE OFF;:FUNC:DEV2:REF:VAL 0;:FUNC:IMP:TYPE LSRS;:FUNC:SMON:IDC:STAT OFF;:FUNC:SMON:VDC:STAT OFF;:INIT:CONT OFF;:LIST:MODE SEQ;:LIST:STIM:TYPE FREQ,NONE;:SOUR:DCS:VOLT:LEV 0;:TRIG:DEL 0;:TRIG:SOUR INT;:TRIG:TDEL 0;:DISP:WIND:TEXT1:DATA:FMSD:STAT OFF;:DISP:WIND:TEXT2:DATA:FMSD:STAT OFF;:FUNC:DCR:RANG:VAL 100;:FUNC:IMP:RANG:VAL 0.1;:OUTP:DC:ISOL:LEV:VAL 0.1;:OUTP:DC:ISOL:STAT OFF;:FUNC:DCR:RANG:AUTO ON;:FUNC:IMP:RANG:AUTO ON;:OUTP:DC:ISOL:LEV:AUTO ON;:DISP:PAGE MEASurement;
"
2022-09-19,15:34:35
---------run finished---------
lcr name:,KeySight E4980A
lcr name:,KeySight E4980A
Name and description of Resistor under test: ,BM4
GPIB source:,<bound method MessageBasedResource.read of <'GPIBInstrument'('GPIB0::17::INSTR')>>
2022-09-19,15:36:02
select the freq range,"[50, 100, 200, 300, 500, 800, 1000, 1591.5494309189535, 2000, 3000, 5000]"
50.0,5.111582419e-07,0.0505292891
50.0,5.003354488e-07,0.05052953887
50.0,5.012985729e-07,0.05053171132
50.0,5.027293843e-07,0.05053010508
50.0,4.994813133e-07,0.05052484047
50.0,5.135932233e-07,0.05052246338
50.0,5.140285628e-07,0.05052561963
50.0,5.014679543e-07,0.05052418066
50.0,4.985968715e-07,0.05052133016
50.0,4.997406843e-07,0.05052176562
50.0,5.084539009e-07,0.05052102387
50.0,5.154778658e-07,0.05051706102
50.0,5.070665414e-07,0.05051229601
50.0,4.979669177e-07,0.05051515447
50.0,5.039177516e-07,0.05051640583
50.0,5.108929955e-07,0.05051627455
Freq,50,Rs,0.0505224412525,5.910141109275271e-06,Ls,5.0538788939375e-07,6.0796362176628665e-09
":SOUR:DCS:STAT OFF;:BIAS:STAT OFF;:COMP:BIN:COUN:CLE;:LIST:CLE:ALL;:COMP:BIN:CLE;:AMPL:ALC ON;:APER LONG,16;:BIAS:POL:AUTO OFF;:BIAS:RANG:AUTO ON;:BIAS:VOLT:LEV 0;:COMP:ABIN OFF;:COMP:BIN:COUN:STAT OFF;:COMP:MODE PTOL;:COMP:SLIM -9.9e+037,9.9e+037;:COMP:STAT OFF;:COMP:SWAP OFF;:COMP:TOL:NOM 0;:CURR:LEV 0.1;:DISP:ENAB ON;:DISP:LINE """";:DISP:WIND:TEXT1:DATA:FMSD:DATA 1e-009;:DISP:WIND:TEXT2:DATA:FMSD:DATA 1e-009;:FORM:ASC:LONG ON;:FORM:BORD NORM;:FORM:DATA ASC,64;:FREQ:CW 50;:FUNC:DEV1:MODE OFF;:FUNC:DEV1:REF:VAL 0;:FUNC:DEV2:MODE OFF;:FUNC:DEV2:REF:VAL 0;:FUNC:IMP:TYPE LSRS;:FUNC:SMON:IDC:STAT OFF;:FUNC:SMON:VDC:STAT OFF;:INIT:CONT OFF;:LIST:MODE SEQ;:LIST:STIM:TYPE FREQ,NONE;:SOUR:DCS:VOLT:LEV 0;:TRIG:DEL 0;:TRIG:SOUR INT;:TRIG:TDEL 0;:DISP:WIND:TEXT1:DATA:FMSD:STAT OFF;:DISP:WIND:TEXT2:DATA:FMSD:STAT OFF;:FUNC:DCR:RANG:VAL 100;:FUNC:IMP:RANG:VAL 0.1;:OUTP:DC:ISOL:LEV:VAL 0.1;:OUTP:DC:ISOL:STAT OFF;:FUNC:DCR:RANG:AUTO ON;:FUNC:IMP:RANG:AUTO ON;:OUTP:DC:ISOL:LEV:AUTO ON;:DISP:PAGE MEASurement;
"
100.0,4.715871417e-07,0.05049054348
100.0,4.713107671e-07,0.05049076774
100.0,4.710537706e-07,0.05048982187
100.0,4.715009378e-07,0.05048891596
100.0,4.706770687e-07,0.05048853014
100.0,4.710997143e-07,0.05048736059
100.0,4.71600987e-07,0.05048672079
100.0,4.705670215e-07,0.05048545805
100.0,4.711743811e-07,0.05048490798
100.0,4.71445809e-07,0.05048408668
100.0,4.712833545e-07,0.05048382828
100.0,4.710355185e-07,0.05048300608
100.0,4.72299264e-07,0.0504817461
100.0,4.714868059e-07,0.05048115805
100.0,4.709249344e-07,0.05048099851
100.0,4.719599276e-07,0.05048054627
Freq,100,Rs,0.050485524785625,3.5286287664239374e-06,Ls,4.7131296273125e-07,4.4375388397272655e-10
":SOUR:DCS:STAT OFF;:BIAS:STAT OFF;:COMP:BIN:COUN:CLE;:LIST:CLE:ALL;:COMP:BIN:CLE;:AMPL:ALC ON;:APER LONG,16;:BIAS:POL:AUTO OFF;:BIAS:RANG:AUTO ON;:BIAS:VOLT:LEV 0;:COMP:ABIN OFF;:COMP:BIN:COUN:STAT OFF;:COMP:MODE PTOL;:COMP:SLIM -9.9e+037,9.9e+037;:COMP:STAT OFF;:COMP:SWAP OFF;:COMP:TOL:NOM 0;:CURR:LEV 0.1;:DISP:ENAB ON;:DISP:LINE """";:DISP:WIND:TEXT1:DATA:FMSD:DATA 1e-009;:DISP:WIND:TEXT2:DATA:FMSD:DATA 1e-009;:FORM:ASC:LONG ON;:FORM:BORD NORM;:FORM:DATA ASC,64;:FREQ:CW 100;:FUNC:DEV1:MODE OFF;:FUNC:DEV1:REF:VAL 0;:FUNC:DEV2:MODE OFF;:FUNC:DEV2:REF:VAL 0;:FUNC:IMP:TYPE LSRS;:FUNC:SMON:IDC:STAT OFF;:FUNC:SMON:VDC:STAT OFF;:INIT:CONT OFF;:LIST:MODE SEQ;:LIST:STIM:TYPE FREQ,NONE;:SOUR:DCS:VOLT:LEV 0;:TRIG:DEL 0;:TRIG:SOUR INT;:TRIG:TDEL 0;:DISP:WIND:TEXT1:DATA:FMSD:STAT OFF;:DISP:WIND:TEXT2:DATA:FMSD:STAT OFF;:FUNC:DCR:RANG:VAL 100;:FUNC:IMP:RANG:VAL 0.1;:OUTP:DC:ISOL:LEV:VAL 0.1;:OUTP:DC:ISOL:STAT OFF;:FUNC:DCR:RANG:AUTO ON;:FUNC:IMP:RANG:AUTO ON;:OUTP:DC:ISOL:LEV:AUTO ON;:DISP:PAGE MEASurement;
"
200.0,4.700143813e-07,0.05050444656
200.0,4.700480875e-07,0.05050397038
200.0,4.701511165e-07,0.05050330357
200.0,4.701037275e-07,0.0505029165
200.0,4.700665863e-07,0.05050237352
200.0,4.70409235e-07,0.05050233592
200.0,4.700905242e-07,0.05050194619
200.0,4.69764519e-07,0.05050133003
200.0,4.700514637e-07,0.05050067316
200.0,4.700284272e-07,0.05050051136
200.0,4.698887007e-07,0.0504999177
200.0,4.698699513e-07,0.05049963947
200.0,4.699009833e-07,0.05049907007
200.0,4.699619874e-07,0.05049858159
200.0,4.69991993e-07,0.05049846879
200.0,4.70140274e-07,0.05049799602
Freq,200,Rs,0.050501092551875,2.0427430345367343e-06,Ls,4.7003012236875e-07,1.4626392761952774e-10
":SOUR:DCS:STAT OFF;:BIAS:STAT OFF;:COMP:BIN:COUN:CLE;:LIST:CLE:ALL;:COMP:BIN:CLE;:AMPL:ALC ON;:APER LONG,16;:BIAS:POL:AUTO OFF;:BIAS:RANG:AUTO ON;:BIAS:VOLT:LEV 0;:COMP:ABIN OFF;:COMP:BIN:COUN:STAT OFF;:COMP:MODE PTOL;:COMP:SLIM -9.9e+037,9.9e+037;:COMP:STAT OFF;:COMP:SWAP OFF;:COMP:TOL:NOM 0;:CURR:LEV 0.1;:DISP:ENAB ON;:DISP:LINE """";:DISP:WIND:TEXT1:DATA:FMSD:DATA 1e-009;:DISP:WIND:TEXT2:DATA:FMSD:DATA 1e-009;:FORM:ASC:LONG ON;:FORM:BORD NORM;:FORM:DATA ASC,64;:FREQ:CW 200;:FUNC:DEV1:MODE OFF;:FUNC:DEV1:REF:VAL 0;:FUNC:DEV2:MODE OFF;:FUNC:DEV2:REF:VAL 0;:FUNC:IMP:TYPE LSRS;:FUNC:SMON:IDC:STAT OFF;:FUNC:SMON:VDC:STAT OFF;:INIT:CONT OFF;:LIST:MODE SEQ;:LIST:STIM:TYPE FREQ,NONE;:SOUR:DCS:VOLT:LEV 0;:TRIG:DEL 0;:TRIG:SOUR INT;:TRIG:TDEL 0;:DISP:WIND:TEXT1:DATA:FMSD:STAT OFF;:DISP:WIND:TEXT2:DATA:FMSD:STAT OFF;:FUNC:DCR:RANG:VAL 100;:FUNC:IMP:RANG:VAL 0.1;:OUTP:DC:ISOL:LEV:VAL 0.1;:OUTP:DC:ISOL:STAT OFF;:FUNC:DCR:RANG:AUTO ON;:FUNC:IMP:RANG:AUTO ON;:OUTP:DC:ISOL:LEV:AUTO ON;:DISP:PAGE MEASurement;
"
300.0,4.587127485e-07,0.05050309977
300.0,4.58664767e-07,0.05050261863
300.0,4.587736075e-07,0.05050243442
300.0,4.588578408e-07,0.05050214685
300.0,4.586875479e-07,0.05050190233
300.0,4.587276848e-07,0.05050096293
300.0,4.586832843e-07,0.05050065889
300.0,4.58682338e-07,0.0505002231
300.0,4.587358088e-07,0.05049986799
300.0,4.587945135e-07,0.05049996985
300.0,4.588043765e-07,0.05049927056
300.0,4.58640517e-07,0.0504987514
300.0,4.586817033e-07,0.05049816772
300.0,4.587214692e-07,0.05049802935
300.0,4.587969303e-07,0.05049754814
300.0,4.588102664e-07,0.05049722715
Freq,300,Rs,0.0505001799425,1.9072413504132835e-06,Ls,4.587359627375e-07,6.30095492390871e-11
":SOUR:DCS:STAT OFF;:BIAS:STAT OFF;:COMP:BIN:COUN:CLE;:LIST:CLE:ALL;:COMP:BIN:CLE;:AMPL:ALC ON;:APER LONG,16;:BIAS:POL:AUTO OFF;:BIAS:RANG:AUTO ON;:BIAS:VOLT:LEV 0;:COMP:ABIN OFF;:COMP:BIN:COUN:STAT OFF;:COMP:MODE PTOL;:COMP:SLIM -9.9e+037,9.9e+037;:COMP:STAT OFF;:COMP:SWAP OFF;:COMP:TOL:NOM 0;:CURR:LEV 0.1;:DISP:ENAB ON;:DISP:LINE """";:DISP:WIND:TEXT1:DATA:FMSD:DATA 1e-009;:DISP:WIND:TEXT2:DATA:FMSD:DATA 1e-009;:FORM:ASC:LONG ON;:FORM:BORD NORM;:FORM:DATA ASC,64;:FREQ:CW 300;:FUNC:DEV1:MODE OFF;:FUNC:DEV1:REF:VAL 0;:FUNC:DEV2:MODE OFF;:FUNC:DEV2:REF:VAL 0;:FUNC:IMP:TYPE LSRS;:FUNC:SMON:IDC:STAT OFF;:FUNC:SMON:VDC:STAT OFF;:INIT:CONT OFF;:LIST:MODE SEQ;:LIST:STIM:TYPE FREQ,NONE;:SOUR:DCS:VOLT:LEV 0;:TRIG:DEL 0;:TRIG:SOUR INT;:TRIG:TDEL 0;:DISP:WIND:TEXT1:DATA:FMSD:STAT OFF;:DISP:WIND:TEXT2:DATA:FMSD:STAT OFF;:FUNC:DCR:RANG:VAL 100;:FUNC:IMP:RANG:VAL 0.1;:OUTP:DC:ISOL:LEV:VAL 0.1;:OUTP:DC:ISOL:STAT OFF;:FUNC:DCR:RANG:AUTO ON;:FUNC:IMP:RANG:AUTO ON;:OUTP:DC:ISOL:LEV:AUTO ON;:DISP:PAGE MEASurement;
"
500.0,4.530072868e-07,0.05050777885
500.0,4.53007142e-07,0.05050755028
500.0,4.529787863e-07,0.05050729039
500.0,4.530177984e-07,0.05050680728
500.0,4.530025219e-07,0.05050659769
500.0,4.529649107e-07,0.05050631659
500.0,4.530412914e-07,0.05050590137
500.0,4.530240229e-07,0.05050571923
500.0,4.53008136e-07,0.05050511617
500.0,4.530065622e-07,0.05050461259
500.0,4.530548973e-07,0.05050434007
500.0,4.53044987e-07,0.05050415671
500.0,4.529568728e-07,0.05050361536
500.0,4.529253097e-07,0.05050305024
500.0,4.529839118e-07,0.05050277397
500.0,4.53052617e-07,0.05050261627
Freq,500,Rs,0.050505265191249996,1.7300296811945577e-06,Ls,4.530048158875e-07,3.6177617026423166e-11
":SOUR:DCS:STAT OFF;:BIAS:STAT OFF;:COMP:BIN:COUN:CLE;:LIST:CLE:ALL;:COMP:BIN:CLE;:AMPL:ALC ON;:APER LONG,16;:BIAS:POL:AUTO OFF;:BIAS:RANG:AUTO ON;:BIAS:VOLT:LEV 0;:COMP:ABIN OFF;:COMP:BIN:COUN:STAT OFF;:COMP:MODE PTOL;:COMP:SLIM -9.9e+037,9.9e+037;:COMP:STAT OFF;:COMP:SWAP OFF;:COMP:TOL:NOM 0;:CURR:LEV 0.1;:DISP:ENAB ON;:DISP:LINE """";:DISP:WIND:TEXT1:DATA:FMSD:DATA 1e-009;:DISP:WIND:TEXT2:DATA:FMSD:DATA 1e-009;:FORM:ASC:LONG ON;:FORM:BORD NORM;:FORM:DATA ASC,64;:FREQ:CW 500;:FUNC:DEV1:MODE OFF;:FUNC:DEV1:REF:VAL 0;:FUNC:DEV2:MODE OFF;:FUNC:DEV2:REF:VAL 0;:FUNC:IMP:TYPE LSRS;:FUNC:SMON:IDC:STAT OFF;:FUNC:SMON:VDC:STAT OFF;:INIT:CONT OFF;:LIST:MODE SEQ;:LIST:STIM:TYPE FREQ,NONE;:SOUR:DCS:VOLT:LEV 0;:TRIG:DEL 0;:TRIG:SOUR INT;:TRIG:TDEL 0;:DISP:WIND:TEXT1:DATA:FMSD:STAT OFF;:DISP:WIND:TEXT2:DATA:FMSD:STAT OFF;:FUNC:DCR:RANG:VAL 100;:FUNC:IMP:RANG:VAL 0.1;:OUTP:DC:ISOL:LEV:VAL 0.1;:OUTP:DC:ISOL:STAT OFF;:FUNC:DCR:RANG:AUTO ON;:FUNC:IMP:RANG:AUTO ON;:OUTP:DC:ISOL:LEV:AUTO ON;:DISP:PAGE MEASurement;
"
800.0,4.512824978e-07,0.05051023793
800.0,4.512702959e-07,0.05051001184
800.0,4.513165518e-07,0.05050950703
800.0,4.512351853e-07,0.05050919992
800.0,4.512562364e-07,0.05050911065
800.0,4.512397829e-07,0.05050848715
800.0,4.512147001e-07,0.050508316
800.0,4.512597157e-07,0.05050808567
800.0,4.512609986e-07,0.05050786525
800.0,4.512336945e-07,0.05050770158
800.0,4.513089765e-07,0.05050770063
800.0,4.512684314e-07,0.05050732021
800.0,4.512451918e-07,0.050507216
800.0,4.512745149e-07,0.05050682178
800.0,4.51244458e-07,0.05050678661
800.0,4.512602122e-07,0.05050639465
Freq,800,Rs,0.05050817268125,1.171295645825908e-06,Ls,4.512607152375e-07,2.6742264953257344e-11
":SOUR:DCS:STAT OFF;:BIAS:STAT OFF;:COMP:BIN:COUN:CLE;:LIST:CLE:ALL;:COMP:BIN:CLE;:AMPL:ALC ON;:APER LONG,16;:BIAS:POL:AUTO OFF;:BIAS:RANG:AUTO ON;:BIAS:VOLT:LEV 0;:COMP:ABIN OFF;:COMP:BIN:COUN:STAT OFF;:COMP:MODE PTOL;:COMP:SLIM -9.9e+037,9.9e+037;:COMP:STAT OFF;:COMP:SWAP OFF;:COMP:TOL:NOM 0;:CURR:LEV 0.1;:DISP:ENAB ON;:DISP:LINE """";:DISP:WIND:TEXT1:DATA:FMSD:DATA 1e-009;:DISP:WIND:TEXT2:DATA:FMSD:DATA 1e-009;:FORM:ASC:LONG ON;:FORM:BORD NORM;:FORM:DATA ASC,64;:FREQ:CW 800;:FUNC:DEV1:MODE OFF;:FUNC:DEV1:REF:VAL 0;:FUNC:DEV2:MODE OFF;:FUNC:DEV2:REF:VAL 0;:FUNC:IMP:TYPE LSRS;:FUNC:SMON:IDC:STAT OFF;:FUNC:SMON:VDC:STAT OFF;:INIT:CONT OFF;:LIST:MODE SEQ;:LIST:STIM:TYPE FREQ,NONE;:SOUR:DCS:VOLT:LEV 0;:TRIG:DEL 0;:TRIG:SOUR INT;:TRIG:TDEL 0;:DISP:WIND:TEXT1:DATA:FMSD:STAT OFF;:DISP:WIND:TEXT2:DATA:FMSD:STAT OFF;:FUNC:DCR:RANG:VAL 100;:FUNC:IMP:RANG:VAL 0.1;:OUTP:DC:ISOL:LEV:VAL 0.1;:OUTP:DC:ISOL:STAT OFF;:FUNC:DCR:RANG:AUTO ON;:FUNC:IMP:RANG:AUTO ON;:OUTP:DC:ISOL:LEV:AUTO ON;:DISP:PAGE MEASurement;
"
1000.0,4.505541149e-07,0.05049686209
1000.0,4.505837124e-07,0.05049691834
1000.0,4.505360561e-07,0.05049698474
1000.0,4.505618727e-07,0.0504970476
1000.0,4.50544027e-07,0.05049695997
1000.0,4.505730194e-07,0.05049701186
1000.0,4.505970517e-07,0.05049691024
1000.0,4.505372413e-07,0.05049688404
1000.0,4.505387703e-07,0.05049658729
1000.0,4.505706341e-07,0.05049652143
1000.0,4.505603424e-07,0.05049646131
1000.0,4.505478351e-07,0.05049615819
1000.0,4.505733454e-07,0.05049624561
1000.0,4.505291186e-07,0.05049598496
1000.0,4.505796563e-07,0.05049583305
1000.0,4.505331471e-07,0.05049573025
Freq,1000,Rs,0.050496568810624996,4.5079795748515267e-07,Ls,4.5055749655e-07,2.0558821450750008e-11
":SOUR:DCS:STAT OFF;:BIAS:STAT OFF;:COMP:BIN:COUN:CLE;:LIST:CLE:ALL;:COMP:BIN:CLE;:AMPL:ALC ON;:APER LONG,16;:BIAS:POL:AUTO OFF;:BIAS:RANG:AUTO ON;:BIAS:VOLT:LEV 0;:COMP:ABIN OFF;:COMP:BIN:COUN:STAT OFF;:COMP:MODE PTOL;:COMP:SLIM -9.9e+037,9.9e+037;:COMP:STAT OFF;:COMP:SWAP OFF;:COMP:TOL:NOM 0;:CURR:LEV 0.1;:DISP:ENAB ON;:DISP:LINE """";:DISP:WIND:TEXT1:DATA:FMSD:DATA 1e-009;:DISP:WIND:TEXT2:DATA:FMSD:DATA 1e-009;:FORM:ASC:LONG ON;:FORM:BORD NORM;:FORM:DATA ASC,64;:FREQ:CW 1000;:FUNC:DEV1:MODE OFF;:FUNC:DEV1:REF:VAL 0;:FUNC:DEV2:MODE OFF;:FUNC:DEV2:REF:VAL 0;:FUNC:IMP:TYPE LSRS;:FUNC:SMON:IDC:STAT OFF;:FUNC:SMON:VDC:STAT OFF;:INIT:CONT OFF;:LIST:MODE SEQ;:LIST:STIM:TYPE FREQ,NONE;:SOUR:DCS:VOLT:LEV 0;:TRIG:DEL 0;:TRIG:SOUR INT;:TRIG:TDEL 0;:DISP:WIND:TEXT1:DATA:FMSD:STAT OFF;:DISP:WIND:TEXT2:DATA:FMSD:STAT OFF;:FUNC:DCR:RANG:VAL 100;:FUNC:IMP:RANG:VAL 0.1;:OUTP:DC:ISOL:LEV:VAL 0.1;:OUTP:DC:ISOL:STAT OFF;:FUNC:DCR:RANG:AUTO ON;:FUNC:IMP:RANG:AUTO ON;:OUTP:DC:ISOL:LEV:AUTO ON;:DISP:PAGE MEASurement;
"
1591.5494309189535,4.506731484e-07,0.05049480743
1591.5494309189535,4.506671752e-07,0.05049463217
1591.5494309189535,4.506624591e-07,0.0504945456
1591.5494309189535,4.506706344e-07,0.05049443122
1591.5494309189535,4.506541503e-07,0.05049417813
1591.5494309189535,4.506580112e-07,0.05049421632
1591.5494309189535,4.506507065e-07,0.05049416236
1591.5494309189535,4.506527025e-07,0.05049393172
1591.5494309189535,4.506741638e-07,0.05049383519
1591.5494309189535,4.506553619e-07,0.05049360574
1591.5494309189535,4.506539556e-07,0.05049338163
1591.5494309189535,4.506566123e-07,0.05049336323
1591.5494309189535,4.506677277e-07,0.05049322188
1591.5494309189535,4.50661297e-07,0.05049321394
1591.5494309189535,4.506601112e-07,0.05049314015
1591.5494309189535,4.506594662e-07,0.05049294152
Freq,1591.5494309189535,Rs,0.050493850514375,5.967002743190583e-07,Ls,4.5066110520625e-07,7.454699515478198e-12
":SOUR:DCS:STAT OFF;:BIAS:STAT OFF;:COMP:BIN:COUN:CLE;:LIST:CLE:ALL;:COMP:BIN:CLE;:AMPL:ALC ON;:APER LONG,16;:BIAS:POL:AUTO OFF;:BIAS:RANG:AUTO ON;:BIAS:VOLT:LEV 0;:COMP:ABIN OFF;:COMP:BIN:COUN:STAT OFF;:COMP:MODE PTOL;:COMP:SLIM -9.9e+037,9.9e+037;:COMP:STAT OFF;:COMP:SWAP OFF;:COMP:TOL:NOM 0;:CURR:LEV 0.1;:DISP:ENAB ON;:DISP:LINE """";:DISP:WIND:TEXT1:DATA:FMSD:DATA 1e-009;:DISP:WIND:TEXT2:DATA:FMSD:DATA 1e-009;:FORM:ASC:LONG ON;:FORM:BORD NORM;:FORM:DATA ASC,64;:FREQ:CW 1592;:FUNC:DEV1:MODE OFF;:FUNC:DEV1:REF:VAL 0;:FUNC:DEV2:MODE OFF;:FUNC:DEV2:REF:VAL 0;:FUNC:IMP:TYPE LSRS;:FUNC:SMON:IDC:STAT OFF;:FUNC:SMON:VDC:STAT OFF;:INIT:CONT OFF;:LIST:MODE SEQ;:LIST:STIM:TYPE FREQ,NONE;:SOUR:DCS:VOLT:LEV 0;:TRIG:DEL 0;:TRIG:SOUR INT;:TRIG:TDEL 0;:DISP:WIND:TEXT1:DATA:FMSD:STAT OFF;:DISP:WIND:TEXT2:DATA:FMSD:STAT OFF;:FUNC:DCR:RANG:VAL 100;:FUNC:IMP:RANG:VAL 0.1;:OUTP:DC:ISOL:LEV:VAL 0.1;:OUTP:DC:ISOL:STAT OFF;:FUNC:DCR:RANG:AUTO ON;:FUNC:IMP:RANG:AUTO ON;:OUTP:DC:ISOL:LEV:AUTO ON;:DISP:PAGE MEASurement;
"
2000.0,4.511725368e-07,0.05049869008
2000.0,4.511703396e-07,0.05049892113
2000.0,4.511727902e-07,0.05049898419
2000.0,4.511747578e-07,0.05049915232
2000.0,4.511688083e-07,0.05049894054
2000.0,4.51179741e-07,0.050499221
2000.0,4.511653277e-07,0.05049877999
2000.0,4.511757007e-07,0.0504988904
2000.0,4.51160727e-07,0.0504986951
2000.0,4.511626493e-07,0.05049863859
2000.0,4.511621012e-07,0.05049845194
2000.0,4.511592042e-07,0.05049842646
2000.0,4.511675273e-07,0.05049833
2000.0,4.511596688e-07,0.05049809579
2000.0,4.511858447e-07,0.05049815837
2000.0,4.511738514e-07,0.05049803183
Freq,2000,Rs,0.050498650483125,3.6959541502731037e-07,Ls,4.5116947350000003e-07,7.663203500276956e-12
":SOUR:DCS:STAT OFF;:BIAS:STAT OFF;:COMP:BIN:COUN:CLE;:LIST:CLE:ALL;:COMP:BIN:CLE;:AMPL:ALC ON;:APER LONG,16;:BIAS:POL:AUTO OFF;:BIAS:RANG:AUTO ON;:BIAS:VOLT:LEV 0;:COMP:ABIN OFF;:COMP:BIN:COUN:STAT OFF;:COMP:MODE PTOL;:COMP:SLIM -9.9e+037,9.9e+037;:COMP:STAT OFF;:COMP:SWAP OFF;:COMP:TOL:NOM 0;:CURR:LEV 0.1;:DISP:ENAB ON;:DISP:LINE """";:DISP:WIND:TEXT1:DATA:FMSD:DATA 1e-009;:DISP:WIND:TEXT2:DATA:FMSD:DATA 1e-009;:FORM:ASC:LONG ON;:FORM:BORD NORM;:FORM:DATA ASC,64;:FREQ:CW 2000;:FUNC:DEV1:MODE OFF;:FUNC:DEV1:REF:VAL 0;:FUNC:DEV2:MODE OFF;:FUNC:DEV2:REF:VAL 0;:FUNC:IMP:TYPE LSRS;:FUNC:SMON:IDC:STAT OFF;:FUNC:SMON:VDC:STAT OFF;:INIT:CONT OFF;:LIST:MODE SEQ;:LIST:STIM:TYPE FREQ,NONE;:SOUR:DCS:VOLT:LEV 0;:TRIG:DEL 0;:TRIG:SOUR INT;:TRIG:TDEL 0;:DISP:WIND:TEXT1:DATA:FMSD:STAT OFF;:DISP:WIND:TEXT2:DATA:FMSD:STAT OFF;:FUNC:DCR:RANG:VAL 100;:FUNC:IMP:RANG:VAL 0.1;:OUTP:DC:ISOL:LEV:VAL 0.1;:OUTP:DC:ISOL:STAT OFF;:FUNC:DCR:RANG:AUTO ON;:FUNC:IMP:RANG:AUTO ON;:OUTP:DC:ISOL:LEV:AUTO ON;:DISP:PAGE MEASurement;
"
3000.0,4.513534757e-07,0.05050279206
3000.0,4.513604556e-07,0.05050272736
3000.0,4.513571738e-07,0.05050244821
3000.0,4.51393841e-07,0.05050245065
3000.0,4.513547933e-07,0.0505025228
3000.0,4.513753635e-07,0.05050232762
3000.0,4.513909762e-07,0.0505021119
3000.0,4.513582325e-07,0.05050185932
3000.0,4.513699262e-07,0.0505017867
3000.0,4.513614976e-07,0.05050154359
3000.0,4.513750783e-07,0.05050165709
3000.0,4.513945554e-07,0.05050144224
3000.0,4.513672048e-07,0.0505011277
3000.0,4.513602084e-07,0.05050128435
3000.0,4.513545292e-07,0.05050085223
3000.0,4.513830859e-07,0.05050104186
Freq,3000,Rs,0.05050187348,6.275986168993866e-07,Ls,4.513693998375e-07,1.4480109497738369e-11
":SOUR:DCS:STAT OFF;:BIAS:STAT OFF;:COMP:BIN:COUN:CLE;:LIST:CLE:ALL;:COMP:BIN:CLE;:AMPL:ALC ON;:APER LONG,16;:BIAS:POL:AUTO OFF;:BIAS:RANG:AUTO ON;:BIAS:VOLT:LEV 0;:COMP:ABIN OFF;:COMP:BIN:COUN:STAT OFF;:COMP:MODE PTOL;:COMP:SLIM -9.9e+037,9.9e+037;:COMP:STAT OFF;:COMP:SWAP OFF;:COMP:TOL:NOM 0;:CURR:LEV 0.1;:DISP:ENAB ON;:DISP:LINE """";:DISP:WIND:TEXT1:DATA:FMSD:DATA 1e-009;:DISP:WIND:TEXT2:DATA:FMSD:DATA 1e-009;:FORM:ASC:LONG ON;:FORM:BORD NORM;:FORM:DATA ASC,64;:FREQ:CW 3000;:FUNC:DEV1:MODE OFF;:FUNC:DEV1:REF:VAL 0;:FUNC:DEV2:MODE OFF;:FUNC:DEV2:REF:VAL 0;:FUNC:IMP:TYPE LSRS;:FUNC:SMON:IDC:STAT OFF;:FUNC:SMON:VDC:STAT OFF;:INIT:CONT OFF;:LIST:MODE SEQ;:LIST:STIM:TYPE FREQ,NONE;:SOUR:DCS:VOLT:LEV 0;:TRIG:DEL 0;:TRIG:SOUR INT;:TRIG:TDEL 0;:DISP:WIND:TEXT1:DATA:FMSD:STAT OFF;:DISP:WIND:TEXT2:DATA:FMSD:STAT OFF;:FUNC:DCR:RANG:VAL 100;:FUNC:IMP:RANG:VAL 0.1;:OUTP:DC:ISOL:LEV:VAL 0.1;:OUTP:DC:ISOL:STAT OFF;:FUNC:DCR:RANG:AUTO ON;:FUNC:IMP:RANG:AUTO ON;:OUTP:DC:ISOL:LEV:AUTO ON;:DISP:PAGE MEASurement;
"
5000.0,4.510680621e-07,0.05054839088
5000.0,4.510731063e-07,0.05054831252
5000.0,4.51076215e-07,0.05054807145
5000.0,4.510656759e-07,0.05054797711
5000.0,4.510757601e-07,0.05054797497
5000.0,4.510759609e-07,0.05054752531
5000.0,4.510735046e-07,0.05054788638
5000.0,4.510780866e-07,0.05054773345
5000.0,4.51066671e-07,0.05054783026
5000.0,4.510731588e-07,0.05054808427
5000.0,4.510645971e-07,0.05054878662
5000.0,4.510772869e-07,0.05054936178
5000.0,4.510726034e-07,0.05054898479
5000.0,4.510720461e-07,0.05054994129
5000.0,4.510732763e-07,0.05054971598
5000.0,4.510648835e-07,0.05055009758
Freq,5000,Rs,0.050548542165,8.348608908472947e-07,Ls,4.5107193091249995e-07,4.5364279875814e-12
":SOUR:DCS:STAT OFF;:BIAS:STAT OFF;:COMP:BIN:COUN:CLE;:LIST:CLE:ALL;:COMP:BIN:CLE;:AMPL:ALC ON;:APER LONG,16;:BIAS:POL:AUTO OFF;:BIAS:RANG:AUTO ON;:BIAS:VOLT:LEV 0;:COMP:ABIN OFF;:COMP:BIN:COUN:STAT OFF;:COMP:MODE PTOL;:COMP:SLIM -9.9e+037,9.9e+037;:COMP:STAT OFF;:COMP:SWAP OFF;:COMP:TOL:NOM 0;:CURR:LEV 0.1;:DISP:ENAB ON;:DISP:LINE """";:DISP:WIND:TEXT1:DATA:FMSD:DATA 1e-009;:DISP:WIND:TEXT2:DATA:FMSD:DATA 1e-009;:FORM:ASC:LONG ON;:FORM:BORD NORM;:FORM:DATA ASC,64;:FREQ:CW 5000;:FUNC:DEV1:MODE OFF;:FUNC:DEV1:REF:VAL 0;:FUNC:DEV2:MODE OFF;:FUNC:DEV2:REF:VAL 0;:FUNC:IMP:TYPE LSRS;:FUNC:SMON:IDC:STAT OFF;:FUNC:SMON:VDC:STAT OFF;:INIT:CONT OFF;:LIST:MODE SEQ;:LIST:STIM:TYPE FREQ,NONE;:SOUR:DCS:VOLT:LEV 0;:TRIG:DEL 0;:TRIG:SOUR INT;:TRIG:TDEL 0;:DISP:WIND:TEXT1:DATA:FMSD:STAT OFF;:DISP:WIND:TEXT2:DATA:FMSD:STAT OFF;:FUNC:DCR:RANG:VAL 100;:FUNC:IMP:RANG:VAL 0.1;:OUTP:DC:ISOL:LEV:VAL 0.1;:OUTP:DC:ISOL:STAT OFF;:FUNC:DCR:RANG:AUTO ON;:FUNC:IMP:RANG:AUTO ON;:OUTP:DC:ISOL:LEV:AUTO ON;:DISP:PAGE MEASurement;
"
":SOUR:DCS:STAT OFF;:BIAS:STAT OFF;:COMP:BIN:COUN:CLE;:LIST:CLE:ALL;:COMP:BIN:CLE;:AMPL:ALC ON;:APER LONG,16;:BIAS:POL:AUTO OFF;:BIAS:RANG:AUTO ON;:BIAS:VOLT:LEV 0;:COMP:ABIN OFF;:COMP:BIN:COUN:STAT OFF;:COMP:MODE PTOL;:COMP:SLIM -9.9e+037,9.9e+037;:COMP:STAT OFF;:COMP:SWAP OFF;:COMP:TOL:NOM 0;:CURR:LEV 0.1;:DISP:ENAB ON;:DISP:LINE """";:DISP:WIND:TEXT1:DATA:FMSD:DATA 1e-009;:DISP:WIND:TEXT2:DATA:FMSD:DATA 1e-009;:FORM:ASC:LONG ON;:FORM:BORD NORM;:FORM:DATA ASC,64;:FREQ:CW 5000;:FUNC:DEV1:MODE OFF;:FUNC:DEV1:REF:VAL 0;:FUNC:DEV2:MODE OFF;:FUNC:DEV2:REF:VAL 0;:FUNC:IMP:TYPE LSRS;:FUNC:SMON:IDC:STAT OFF;:FUNC:SMON:VDC:STAT OFF;:INIT:CONT OFF;:LIST:MODE SEQ;:LIST:STIM:TYPE FREQ,NONE;:SOUR:DCS:VOLT:LEV 0;:TRIG:DEL 0;:TRIG:SOUR INT;:TRIG:TDEL 0;:DISP:WIND:TEXT1:DATA:FMSD:STAT OFF;:DISP:WIND:TEXT2:DATA:FMSD:STAT OFF;:FUNC:DCR:RANG:VAL 100;:FUNC:IMP:RANG:VAL 0.1;:OUTP:DC:ISOL:LEV:VAL 0.1;:OUTP:DC:ISOL:STAT OFF;:FUNC:DCR:RANG:AUTO ON;:FUNC:IMP:RANG:AUTO ON;:OUTP:DC:ISOL:LEV:AUTO ON;:DISP:PAGE MEASurement;
"
2022-09-19,15:47:19
---------run finished---------
lcr name:,KeySight E4980A
Name and description of Resistor under test: ,BM4R
GPIB source:,<bound method MessageBasedResource.read of <'GPIBInstrument'('GPIB0::17::INSTR')>>
2022-09-19,15:49:10
select the freq range,"[50, 100, 200, 300, 500, 800, 1000, 1591.5494309189535, 2000, 3000, 5000]"
50.0,5.137946659e-07,0.05028860841
50.0,5.068407151e-07,0.05028634377
50.0,5.053225888e-07,0.05028451468
50.0,5.083563041e-07,0.0502828395
50.0,5.163565249e-07,0.05028210278
50.0,5.190052265e-07,0.05028232298
50.0,5.166917486e-07,0.05028270131
50.0,5.138114143e-07,0.05028188213
50.0,5.151868448e-07,0.05028025094
50.0,5.178949169e-07,0.05027685122
50.0,5.199167271e-07,0.05027355974
50.0,5.143086952e-07,0.05027038963
50.0,5.092497208e-07,0.05026839754
50.0,5.019438769e-07,0.05026737981
50.0,5.010215567e-07,0.05026633629
50.0,5.006327456e-07,0.05026464737
Freq,50,Rs,0.05027744550625,7.827916161191865e-06,Ls,5.112708920124999e-07,6.5517684600752405e-09
":SOUR:DCS:STAT OFF;:BIAS:STAT OFF;:COMP:BIN:COUN:CLE;:LIST:CLE:ALL;:COMP:BIN:CLE;:AMPL:ALC ON;:APER LONG,16;:BIAS:POL:AUTO OFF;:BIAS:RANG:AUTO ON;:BIAS:VOLT:LEV 0;:COMP:ABIN OFF;:COMP:BIN:COUN:STAT OFF;:COMP:MODE PTOL;:COMP:SLIM -9.9e+037,9.9e+037;:COMP:STAT OFF;:COMP:SWAP OFF;:COMP:TOL:NOM 0;:CURR:LEV 0.1;:DISP:ENAB ON;:DISP:LINE """";:DISP:WIND:TEXT1:DATA:FMSD:DATA 1e-009;:DISP:WIND:TEXT2:DATA:FMSD:DATA 1e-009;:FORM:ASC:LONG ON;:FORM:BORD NORM;:FORM:DATA ASC,64;:FREQ:CW 50;:FUNC:DEV1:MODE OFF;:FUNC:DEV1:REF:VAL 0;:FUNC:DEV2:MODE OFF;:FUNC:DEV2:REF:VAL 0;:FUNC:IMP:TYPE LSRS;:FUNC:SMON:IDC:STAT OFF;:FUNC:SMON:VDC:STAT OFF;:INIT:CONT OFF;:LIST:MODE SEQ;:LIST:STIM:TYPE FREQ,NONE;:SOUR:DCS:VOLT:LEV 0;:TRIG:DEL 0;:TRIG:SOUR INT;:TRIG:TDEL 0;:DISP:WIND:TEXT1:DATA:FMSD:STAT OFF;:DISP:WIND:TEXT2:DATA:FMSD:STAT OFF;:FUNC:DCR:RANG:VAL 100;:FUNC:IMP:RANG:VAL 0.1;:OUTP:DC:ISOL:LEV:VAL 0.1;:OUTP:DC:ISOL:STAT OFF;:FUNC:DCR:RANG:AUTO ON;:FUNC:IMP:RANG:AUTO ON;:OUTP:DC:ISOL:LEV:AUTO ON;:DISP:PAGE MEASurement;
"
100.0,4.704253004e-07,0.05024459034
100.0,4.71152568e-07,0.05024292658
100.0,4.707572979e-07,0.0502409008
100.0,4.704281365e-07,0.050239737
100.0,4.714550869e-07,0.05023877438
100.0,4.700602329e-07,0.05023738566
100.0,4.708444325e-07,0.0502360953
100.0,4.713421256e-07,0.05023508764
100.0,4.72000128e-07,0.0502340491
100.0,4.706160421e-07,0.05023342644
100.0,4.71601415e-07,0.05023207236
100.0,4.710606719e-07,0.05023110617
100.0,4.710447088e-07,0.05022989531
100.0,4.703613933e-07,0.05022914469
100.0,4.703980918e-07,0.05022813848
100.0,4.704212219e-07,0.05022678616
Freq,100,Rs,0.05023500727562499,5.386471725514027e-06,Ls,4.7087305334375e-07,5.374826963861397e-10
":SOUR:DCS:STAT OFF;:BIAS:STAT OFF;:COMP:BIN:COUN:CLE;:LIST:CLE:ALL;:COMP:BIN:CLE;:AMPL:ALC ON;:APER LONG,16;:BIAS:POL:AUTO OFF;:BIAS:RANG:AUTO ON;:BIAS:VOLT:LEV 0;:COMP:ABIN OFF;:COMP:BIN:COUN:STAT OFF;:COMP:MODE PTOL;:COMP:SLIM -9.9e+037,9.9e+037;:COMP:STAT OFF;:COMP:SWAP OFF;:COMP:TOL:NOM 0;:CURR:LEV 0.1;:DISP:ENAB ON;:DISP:LINE """";:DISP:WIND:TEXT1:DATA:FMSD:DATA 1e-009;:DISP:WIND:TEXT2:DATA:FMSD:DATA 1e-009;:FORM:ASC:LONG ON;:FORM:BORD NORM;:FORM:DATA ASC,64;:FREQ:CW 100;:FUNC:DEV1:MODE OFF;:FUNC:DEV1:REF:VAL 0;:FUNC:DEV2:MODE OFF;:FUNC:DEV2:REF:VAL 0;:FUNC:IMP:TYPE LSRS;:FUNC:SMON:IDC:STAT OFF;:FUNC:SMON:VDC:STAT OFF;:INIT:CONT OFF;:LIST:MODE SEQ;:LIST:STIM:TYPE FREQ,NONE;:SOUR:DCS:VOLT:LEV 0;:TRIG:DEL 0;:TRIG:SOUR INT;:TRIG:TDEL 0;:DISP:WIND:TEXT1:DATA:FMSD:STAT OFF;:DISP:WIND:TEXT2:DATA:FMSD:STAT OFF;:FUNC:DCR:RANG:VAL 100;:FUNC:IMP:RANG:VAL 0.1;:OUTP:DC:ISOL:LEV:VAL 0.1;:OUTP:DC:ISOL:STAT OFF;:FUNC:DCR:RANG:AUTO ON;:FUNC:IMP:RANG:AUTO ON;:OUTP:DC:ISOL:LEV:AUTO ON;:DISP:PAGE MEASurement;
"
200.0,4.695930611e-07,0.05025029382
200.0,4.697413179e-07,0.05024959981
200.0,4.697294174e-07,0.05024932095
200.0,4.699455164e-07,0.05024877174
200.0,4.696366516e-07,0.05024808403
200.0,4.696901959e-07,0.0502476369
200.0,4.698009955e-07,0.05024702239
200.0,4.693164637e-07,0.05024628301
200.0,4.694908816e-07,0.05024577335
200.0,4.696821751e-07,0.05024452808
200.0,4.69496603e-07,0.05024445372
200.0,4.69675373e-07,0.05024358481
200.0,4.698630865e-07,0.05024311919
200.0,4.699010455e-07,0.05024240074
200.0,4.697697991e-07,0.05024193194
200.0,4.696657544e-07,0.05024127762
Freq,200,Rs,0.050245880131250004,2.9276912772270433e-06,Ls,4.6968739610625006e-07,1.6170768147686477e-10
":SOUR:DCS:STAT OFF;:BIAS:STAT OFF;:COMP:BIN:COUN:CLE;:LIST:CLE:ALL;:COMP:BIN:CLE;:AMPL:ALC ON;:APER LONG,16;:BIAS:POL:AUTO OFF;:BIAS:RANG:AUTO ON;:BIAS:VOLT:LEV 0;:COMP:ABIN OFF;:COMP:BIN:COUN:STAT OFF;:COMP:MODE PTOL;:COMP:SLIM -9.9e+037,9.9e+037;:COMP:STAT OFF;:COMP:SWAP OFF;:COMP:TOL:NOM 0;:CURR:LEV 0.1;:DISP:ENAB ON;:DISP:LINE """";:DISP:WIND:TEXT1:DATA:FMSD:DATA 1e-009;:DISP:WIND:TEXT2:DATA:FMSD:DATA 1e-009;:FORM:ASC:LONG ON;:FORM:BORD NORM;:FORM:DATA ASC,64;:FREQ:CW 200;:FUNC:DEV1:MODE OFF;:FUNC:DEV1:REF:VAL 0;:FUNC:DEV2:MODE OFF;:FUNC:DEV2:REF:VAL 0;:FUNC:IMP:TYPE LSRS;:FUNC:SMON:IDC:STAT OFF;:FUNC:SMON:VDC:STAT OFF;:INIT:CONT OFF;:LIST:MODE SEQ;:LIST:STIM:TYPE FREQ,NONE;:SOUR:DCS:VOLT:LEV 0;:TRIG:DEL 0;:TRIG:SOUR INT;:TRIG:TDEL 0;:DISP:WIND:TEXT1:DATA:FMSD:STAT OFF;:DISP:WIND:TEXT2:DATA:FMSD:STAT OFF;:FUNC:DCR:RANG:VAL 100;:FUNC:IMP:RANG:VAL 0.1;:OUTP:DC:ISOL:LEV:VAL 0.1;:OUTP:DC:ISOL:STAT OFF;:FUNC:DCR:RANG:AUTO ON;:FUNC:IMP:RANG:AUTO ON;:OUTP:DC:ISOL:LEV:AUTO ON;:DISP:PAGE MEASurement;
"
300.0,4.58413704e-07,0.05024564563
300.0,4.583027498e-07,0.05024493405
300.0,4.583800816e-07,0.05024436
300.0,4.584070547e-07,0.05024363477
300.0,4.584207395e-07,0.05024283176
300.0,4.583670019e-07,0.05024256197
300.0,4.584834054e-07,0.05024212038
300.0,4.583570347e-07,0.05024158499
300.0,4.58452337e-07,0.05024123764
300.0,4.584012002e-07,0.05024073712
300.0,4.584041886e-07,0.05024032358
300.0,4.583444066e-07,0.05023978943
300.0,4.584707342e-07,0.05023912805
300.0,4.583928178e-07,0.05023891524
300.0,4.584030872e-07,0.05023863016
300.0,4.58362201e-07,0.05023779281
Freq,300,Rs,0.05024151422375,2.3699960031106845e-06,Ls,4.583976715125e-07,4.6668062464656e-11
":SOUR:DCS:STAT OFF;:BIAS:STAT OFF;:COMP:BIN:COUN:CLE;:LIST:CLE:ALL;:COMP:BIN:CLE;:AMPL:ALC ON;:APER LONG,16;:BIAS:POL:AUTO OFF;:BIAS:RANG:AUTO ON;:BIAS:VOLT:LEV 0;:COMP:ABIN OFF;:COMP:BIN:COUN:STAT OFF;:COMP:MODE PTOL;:COMP:SLIM -9.9e+037,9.9e+037;:COMP:STAT OFF;:COMP:SWAP OFF;:COMP:TOL:NOM 0;:CURR:LEV 0.1;:DISP:ENAB ON;:DISP:LINE """";:DISP:WIND:TEXT1:DATA:FMSD:DATA 1e-009;:DISP:WIND:TEXT2:DATA:FMSD:DATA 1e-009;:FORM:ASC:LONG ON;:FORM:BORD NORM;:FORM:DATA ASC,64;:FREQ:CW 300;:FUNC:DEV1:MODE OFF;:FUNC:DEV1:REF:VAL 0;:FUNC:DEV2:MODE OFF;:FUNC:DEV2:REF:VAL 0;:FUNC:IMP:TYPE LSRS;:FUNC:SMON:IDC:STAT OFF;:FUNC:SMON:VDC:STAT OFF;:INIT:CONT OFF;:LIST:MODE SEQ;:LIST:STIM:TYPE FREQ,NONE;:SOUR:DCS:VOLT:LEV 0;:TRIG:DEL 0;:TRIG:SOUR INT;:TRIG:TDEL 0;:DISP:WIND:TEXT1:DATA:FMSD:STAT OFF;:DISP:WIND:TEXT2:DATA:FMSD:STAT OFF;:FUNC:DCR:RANG:VAL 100;:FUNC:IMP:RANG:VAL 0.1;:OUTP:DC:ISOL:LEV:VAL 0.1;:OUTP:DC:ISOL:STAT OFF;:FUNC:DCR:RANG:AUTO ON;:FUNC:IMP:RANG:AUTO ON;:OUTP:DC:ISOL:LEV:AUTO ON;:DISP:PAGE MEASurement;
"
500.0,4.526282329e-07,0.05024876701
500.0,4.526093217e-07,0.05024832313
500.0,4.527399493e-07,0.05024814742
500.0,4.526732771e-07,0.05024751152
500.0,4.52663341e-07,0.05024728665
500.0,4.526035221e-07,0.05024723143
500.0,4.527029776e-07,0.05024664593
500.0,4.5274147e-07,0.05024674446
500.0,4.526861373e-07,0.05024616743
500.0,4.527229811e-07,0.05024583945
500.0,4.52695417e-07,0.05024564844
500.0,4.527028243e-07,0.05024494347
500.0,4.527230039e-07,0.05024484877
500.0,4.526539012e-07,0.05024429828
500.0,4.52651566e-07,0.05024395528
500.0,4.526667387e-07,0.05024343261
Freq,500,Rs,0.050246236954999995,1.6223761631013697e-06,Ls,4.52679041325e-07,4.312083751011729e-11
":SOUR:DCS:STAT OFF;:BIAS:STAT OFF;:COMP:BIN:COUN:CLE;:LIST:CLE:ALL;:COMP:BIN:CLE;:AMPL:ALC ON;:APER LONG,16;:BIAS:POL:AUTO OFF;:BIAS:RANG:AUTO ON;:BIAS:VOLT:LEV 0;:COMP:ABIN OFF;:COMP:BIN:COUN:STAT OFF;:COMP:MODE PTOL;:COMP:SLIM -9.9e+037,9.9e+037;:COMP:STAT OFF;:COMP:SWAP OFF;:COMP:TOL:NOM 0;:CURR:LEV 0.1;:DISP:ENAB ON;:DISP:LINE """";:DISP:WIND:TEXT1:DATA:FMSD:DATA 1e-009;:DISP:WIND:TEXT2:DATA:FMSD:DATA 1e-009;:FORM:ASC:LONG ON;:FORM:BORD NORM;:FORM:DATA ASC,64;:FREQ:CW 500;:FUNC:DEV1:MODE OFF;:FUNC:DEV1:REF:VAL 0;:FUNC:DEV2:MODE OFF;:FUNC:DEV2:REF:VAL 0;:FUNC:IMP:TYPE LSRS;:FUNC:SMON:IDC:STAT OFF;:FUNC:SMON:VDC:STAT OFF;:INIT:CONT OFF;:LIST:MODE SEQ;:LIST:STIM:TYPE FREQ,NONE;:SOUR:DCS:VOLT:LEV 0;:TRIG:DEL 0;:TRIG:SOUR INT;:TRIG:TDEL 0;:DISP:WIND:TEXT1:DATA:FMSD:STAT OFF;:DISP:WIND:TEXT2:DATA:FMSD:STAT OFF;:FUNC:DCR:RANG:VAL 100;:FUNC:IMP:RANG:VAL 0.1;:OUTP:DC:ISOL:LEV:VAL 0.1;:OUTP:DC:ISOL:STAT OFF;:FUNC:DCR:RANG:AUTO ON;:FUNC:IMP:RANG:AUTO ON;:OUTP:DC:ISOL:LEV:AUTO ON;:DISP:PAGE MEASurement;
"
800.0,4.509577714e-07,0.05025060674
800.0,4.509496129e-07,0.05025035708
800.0,4.509561885e-07,0.05024988586
800.0,4.509596058e-07,0.05024964444
800.0,4.509468045e-07,0.05024947595
800.0,4.509697233e-07,0.05024927087
800.0,4.509460116e-07,0.05024877497
800.0,4.509057696e-07,0.05024865281
800.0,4.509302125e-07,0.05024809136
800.0,4.508897017e-07,0.05024784229
800.0,4.509543868e-07,0.05024768794
800.0,4.509751284e-07,0.05024763248
800.0,4.5097419e-07,0.0502472419
800.0,4.509821738e-07,0.05024734697
800.0,4.509627627e-07,0.05024682275
800.0,4.509662977e-07,0.05024664489
Freq,800,Rs,0.05024849870625,1.2633710971361675e-06,Ls,4.50951646325e-07,2.4827571151164174e-11
":SOUR:DCS:STAT OFF;:BIAS:STAT OFF;:COMP:BIN:COUN:CLE;:LIST:CLE:ALL;:COMP:BIN:CLE;:AMPL:ALC ON;:APER LONG,16;:BIAS:POL:AUTO OFF;:BIAS:RANG:AUTO ON;:BIAS:VOLT:LEV 0;:COMP:ABIN OFF;:COMP:BIN:COUN:STAT OFF;:COMP:MODE PTOL;:COMP:SLIM -9.9e+037,9.9e+037;:COMP:STAT OFF;:COMP:SWAP OFF;:COMP:TOL:NOM 0;:CURR:LEV 0.1;:DISP:ENAB ON;:DISP:LINE """";:DISP:WIND:TEXT1:DATA:FMSD:DATA 1e-009;:DISP:WIND:TEXT2:DATA:FMSD:DATA 1e-009;:FORM:ASC:LONG ON;:FORM:BORD NORM;:FORM:DATA ASC,64;:FREQ:CW 800;:FUNC:DEV1:MODE OFF;:FUNC:DEV1:REF:VAL 0;:FUNC:DEV2:MODE OFF;:FUNC:DEV2:REF:VAL 0;:FUNC:IMP:TYPE LSRS;:FUNC:SMON:IDC:STAT OFF;:FUNC:SMON:VDC:STAT OFF;:INIT:CONT OFF;:LIST:MODE SEQ;:LIST:STIM:TYPE FREQ,NONE;:SOUR:DCS:VOLT:LEV 0;:TRIG:DEL 0;:TRIG:SOUR INT;:TRIG:TDEL 0;:DISP:WIND:TEXT1:DATA:FMSD:STAT OFF;:DISP:WIND:TEXT2:DATA:FMSD:STAT OFF;:FUNC:DCR:RANG:VAL 100;:FUNC:IMP:RANG:VAL 0.1;:OUTP:DC:ISOL:LEV:VAL 0.1;:OUTP:DC:ISOL:STAT OFF;:FUNC:DCR:RANG:AUTO ON;:FUNC:IMP:RANG:AUTO ON;:OUTP:DC:ISOL:LEV:AUTO ON;:DISP:PAGE MEASurement;
"
1000.0,4.502766498e-07,0.05023688445
1000.0,4.502590762e-07,0.05023680631
1000.0,4.502671451e-07,0.05023660603
1000.0,4.502986711e-07,0.05023630833
1000.0,4.502500057e-07,0.05023606723
1000.0,4.502769073e-07,0.05023585239
1000.0,4.502673235e-07,0.05023555274
1000.0,4.502664674e-07,0.05023540725
1000.0,4.502791571e-07,0.05023510108
1000.0,4.502463302e-07,0.05023513973
1000.0,4.502624804e-07,0.05023498468
1000.0,4.502815593e-07,0.05023472835
1000.0,4.502694309e-07,0.05023467223
1000.0,4.502462156e-07,0.05023445583
1000.0,4.502643922e-07,0.05023424935
1000.0,4.50241532e-07,0.05023405269
Freq,1000,Rs,0.050235429291875,9.114611597148868e-07,Ls,4.502658339875e-07,1.511144504495142e-11
":SOUR:DCS:STAT OFF;:BIAS:STAT OFF;:COMP:BIN:COUN:CLE;:LIST:CLE:ALL;:COMP:BIN:CLE;:AMPL:ALC ON;:APER LONG,16;:BIAS:POL:AUTO OFF;:BIAS:RANG:AUTO ON;:BIAS:VOLT:LEV 0;:COMP:ABIN OFF;:COMP:BIN:COUN:STAT OFF;:COMP:MODE PTOL;:COMP:SLIM -9.9e+037,9.9e+037;:COMP:STAT OFF;:COMP:SWAP OFF;:COMP:TOL:NOM 0;:CURR:LEV 0.1;:DISP:ENAB ON;:DISP:LINE """";:DISP:WIND:TEXT1:DATA:FMSD:DATA 1e-009;:DISP:WIND:TEXT2:DATA:FMSD:DATA 1e-009;:FORM:ASC:LONG ON;:FORM:BORD NORM;:FORM:DATA ASC,64;:FREQ:CW 1000;:FUNC:DEV1:MODE OFF;:FUNC:DEV1:REF:VAL 0;:FUNC:DEV2:MODE OFF;:FUNC:DEV2:REF:VAL 0;:FUNC:IMP:TYPE LSRS;:FUNC:SMON:IDC:STAT OFF;:FUNC:SMON:VDC:STAT OFF;:INIT:CONT OFF;:LIST:MODE SEQ;:LIST:STIM:TYPE FREQ,NONE;:SOUR:DCS:VOLT:LEV 0;:TRIG:DEL 0;:TRIG:SOUR INT;:TRIG:TDEL 0;:DISP:WIND:TEXT1:DATA:FMSD:STAT OFF;:DISP:WIND:TEXT2:DATA:FMSD:STAT OFF;:FUNC:DCR:RANG:VAL 100;:FUNC:IMP:RANG:VAL 0.1;:OUTP:DC:ISOL:LEV:VAL 0.1;:OUTP:DC:ISOL:STAT OFF;:FUNC:DCR:RANG:AUTO ON;:FUNC:IMP:RANG:AUTO ON;:OUTP:DC:ISOL:LEV:AUTO ON;:DISP:PAGE MEASurement;
"
1591.5494309189535,4.503603468e-07,0.05023279613
1591.5494309189535,4.503461292e-07,0.05023231003
1591.5494309189535,4.50376984e-07,0.05023223401
1591.5494309189535,4.503579875e-07,0.05023209502
1591.5494309189535,4.503498782e-07,0.05023219062
1591.5494309189535,4.503542575e-07,0.0502322498
1591.5494309189535,4.503425798e-07,0.0502321439
1591.5494309189535,4.503584001e-07,0.05023190931
1591.5494309189535,4.503492227e-07,0.05023163522
1591.5494309189535,4.503467586e-07,0.05023149471
1591.5494309189535,4.50336349e-07,0.05023151202
1591.5494309189535,4.503465454e-07,0.05023153526
1591.5494309189535,4.503728797e-07,0.05023138937
1591.5494309189535,4.503680941e-07,0.05023130878
1591.5494309189535,4.503523141e-07,0.05023107959
1591.5494309189535,4.503605632e-07,0.05023104856
Freq,1591.5494309189535,Rs,0.050231808270625,5.019145627497372e-07,Ls,4.5035495561875003e-07,1.1081563550647828e-11
":SOUR:DCS:STAT OFF;:BIAS:STAT OFF;:COMP:BIN:COUN:CLE;:LIST:CLE:ALL;:COMP:BIN:CLE;:AMPL:ALC ON;:APER LONG,16;:BIAS:POL:AUTO OFF;:BIAS:RANG:AUTO ON;:BIAS:VOLT:LEV 0;:COMP:ABIN OFF;:COMP:BIN:COUN:STAT OFF;:COMP:MODE PTOL;:COMP:SLIM -9.9e+037,9.9e+037;:COMP:STAT OFF;:COMP:SWAP OFF;:COMP:TOL:NOM 0;:CURR:LEV 0.1;:DISP:ENAB ON;:DISP:LINE """";:DISP:WIND:TEXT1:DATA:FMSD:DATA 1e-009;:DISP:WIND:TEXT2:DATA:FMSD:DATA 1e-009;:FORM:ASC:LONG ON;:FORM:BORD NORM;:FORM:DATA ASC,64;:FREQ:CW 1592;:FUNC:DEV1:MODE OFF;:FUNC:DEV1:REF:VAL 0;:FUNC:DEV2:MODE OFF;:FUNC:DEV2:REF:VAL 0;:FUNC:IMP:TYPE LSRS;:FUNC:SMON:IDC:STAT OFF;:FUNC:SMON:VDC:STAT OFF;:INIT:CONT OFF;:LIST:MODE SEQ;:LIST:STIM:TYPE FREQ,NONE;:SOUR:DCS:VOLT:LEV 0;:TRIG:DEL 0;:TRIG:SOUR INT;:TRIG:TDEL 0;:DISP:WIND:TEXT1:DATA:FMSD:STAT OFF;:DISP:WIND:TEXT2:DATA:FMSD:STAT OFF;:FUNC:DCR:RANG:VAL 100;:FUNC:IMP:RANG:VAL 0.1;:OUTP:DC:ISOL:LEV:VAL 0.1;:OUTP:DC:ISOL:STAT OFF;:FUNC:DCR:RANG:AUTO ON;:FUNC:IMP:RANG:AUTO ON;:OUTP:DC:ISOL:LEV:AUTO ON;:DISP:PAGE MEASurement;
"
2000.0,4.508666934e-07,0.05023613779
2000.0,4.508648429e-07,0.05023592885
2000.0,4.508656928e-07,0.05023585454
2000.0,4.508588444e-07,0.05023547464
2000.0,4.508653469e-07,0.05023515845
2000.0,4.50857957e-07,0.05023465885
2000.0,4.508713786e-07,0.05023446758
2000.0,4.508641795e-07,0.05023407976
2000.0,4.508563656e-07,0.0502341059
2000.0,4.508655746e-07,0.05023412675
2000.0,4.508476233e-07,0.05023403217
2000.0,4.50862243e-07,0.05023386681
2000.0,4.5085253e-07,0.05023355239
2000.0,4.508801883e-07,0.05023348415
2000.0,4.508563502e-07,0.05023339183
2000.0,4.508638396e-07,0.05023314318
Freq,2000,Rs,0.0502344664775,9.674872785418123e-07,Ls,4.5086247813125e-07,7.647985214479392e-12
":SOUR:DCS:STAT OFF;:BIAS:STAT OFF;:COMP:BIN:COUN:CLE;:LIST:CLE:ALL;:COMP:BIN:CLE;:AMPL:ALC ON;:APER LONG,16;:BIAS:POL:AUTO OFF;:BIAS:RANG:AUTO ON;:BIAS:VOLT:LEV 0;:COMP:ABIN OFF;:COMP:BIN:COUN:STAT OFF;:COMP:MODE PTOL;:COMP:SLIM -9.9e+037,9.9e+037;:COMP:STAT OFF;:COMP:SWAP OFF;:COMP:TOL:NOM 0;:CURR:LEV 0.1;:DISP:ENAB ON;:DISP:LINE """";:DISP:WIND:TEXT1:DATA:FMSD:DATA 1e-009;:DISP:WIND:TEXT2:DATA:FMSD:DATA 1e-009;:FORM:ASC:LONG ON;:FORM:BORD NORM;:FORM:DATA ASC,64;:FREQ:CW 2000;:FUNC:DEV1:MODE OFF;:FUNC:DEV1:REF:VAL 0;:FUNC:DEV2:MODE OFF;:FUNC:DEV2:REF:VAL 0;:FUNC:IMP:TYPE LSRS;:FUNC:SMON:IDC:STAT OFF;:FUNC:SMON:VDC:STAT OFF;:INIT:CONT OFF;:LIST:MODE SEQ;:LIST:STIM:TYPE FREQ,NONE;:SOUR:DCS:VOLT:LEV 0;:TRIG:DEL 0;:TRIG:SOUR INT;:TRIG:TDEL 0;:DISP:WIND:TEXT1:DATA:FMSD:STAT OFF;:DISP:WIND:TEXT2:DATA:FMSD:STAT OFF;:FUNC:DCR:RANG:VAL 100;:FUNC:IMP:RANG:VAL 0.1;:OUTP:DC:ISOL:LEV:VAL 0.1;:OUTP:DC:ISOL:STAT OFF;:FUNC:DCR:RANG:AUTO ON;:FUNC:IMP:RANG:AUTO ON;:OUTP:DC:ISOL:LEV:AUTO ON;:DISP:PAGE MEASurement;
"
3000.0,4.51052965e-07,0.05023761295
3000.0,4.510464953e-07,0.05023687545
3000.0,4.510369141e-07,0.05023649983
3000.0,4.510647013e-07,0.05023636923
3000.0,4.510610807e-07,0.05023605478
3000.0,4.510721692e-07,0.05023598434
3000.0,4.510817093e-07,0.05023558119
3000.0,4.510724046e-07,0.05023552849
3000.0,4.510695578e-07,0.05023545894
3000.0,4.510741298e-07,0.05023500124
3000.0,4.510625287e-07,0.05023552188
3000.0,4.510554482e-07,0.0502348908
3000.0,4.51058154e-07,0.0502352139
3000.0,4.510631274e-07,0.05023476319
3000.0,4.510475023e-07,0.0502352367
3000.0,4.510503158e-07,0.05023463083
Freq,3000,Rs,0.05023570148375,8.198965781690694e-07,Ls,4.5106057521875e-07,1.1936891968749177e-11
":SOUR:DCS:STAT OFF;:BIAS:STAT OFF;:COMP:BIN:COUN:CLE;:LIST:CLE:ALL;:COMP:BIN:CLE;:AMPL:ALC ON;:APER LONG,16;:BIAS:POL:AUTO OFF;:BIAS:RANG:AUTO ON;:BIAS:VOLT:LEV 0;:COMP:ABIN OFF;:COMP:BIN:COUN:STAT OFF;:COMP:MODE PTOL;:COMP:SLIM -9.9e+037,9.9e+037;:COMP:STAT OFF;:COMP:SWAP OFF;:COMP:TOL:NOM 0;:CURR:LEV 0.1;:DISP:ENAB ON;:DISP:LINE """";:DISP:WIND:TEXT1:DATA:FMSD:DATA 1e-009;:DISP:WIND:TEXT2:DATA:FMSD:DATA 1e-009;:FORM:ASC:LONG ON;:FORM:BORD NORM;:FORM:DATA ASC,64;:FREQ:CW 3000;:FUNC:DEV1:MODE OFF;:FUNC:DEV1:REF:VAL 0;:FUNC:DEV2:MODE OFF;:FUNC:DEV2:REF:VAL 0;:FUNC:IMP:TYPE LSRS;:FUNC:SMON:IDC:STAT OFF;:FUNC:SMON:VDC:STAT OFF;:INIT:CONT OFF;:LIST:MODE SEQ;:LIST:STIM:TYPE FREQ,NONE;:SOUR:DCS:VOLT:LEV 0;:TRIG:DEL 0;:TRIG:SOUR INT;:TRIG:TDEL 0;:DISP:WIND:TEXT1:DATA:FMSD:STAT OFF;:DISP:WIND:TEXT2:DATA:FMSD:STAT OFF;:FUNC:DCR:RANG:VAL 100;:FUNC:IMP:RANG:VAL 0.1;:OUTP:DC:ISOL:LEV:VAL 0.1;:OUTP:DC:ISOL:STAT OFF;:FUNC:DCR:RANG:AUTO ON;:FUNC:IMP:RANG:AUTO ON;:OUTP:DC:ISOL:LEV:AUTO ON;:DISP:PAGE MEASurement;
"
5000.0,4.507778445e-07,0.05028116497
5000.0,4.507668519e-07,0.05028130442
5000.0,4.507766794e-07,0.05028137666
5000.0,4.507794063e-07,0.0502812026
5000.0,4.507737782e-07,0.05028105771
5000.0,4.507664622e-07,0.05028098941
5000.0,4.507773484e-07,0.05028098001
5000.0,4.507665224e-07,0.05028110993
5000.0,4.507713234e-07,0.0502809599
5000.0,4.507705011e-07,0.05028093582
5000.0,4.507668232e-07,0.05028095005
5000.0,4.507759392e-07,0.05027996127
5000.0,4.507744019e-07,0.05028064567
5000.0,4.5077883e-07,0.05028028119
5000.0,4.507664549e-07,0.05028028149
5000.0,4.507758418e-07,0.05028035998
Freq,5000,Rs,0.0502808475675,4.165144383649214e-07,Ls,4.5077281305000003e-07,4.914059489392199e-12
":SOUR:DCS:STAT OFF;:BIAS:STAT OFF;:COMP:BIN:COUN:CLE;:LIST:CLE:ALL;:COMP:BIN:CLE;:AMPL:ALC ON;:APER LONG,16;:BIAS:POL:AUTO OFF;:BIAS:RANG:AUTO ON;:BIAS:VOLT:LEV 0;:COMP:ABIN OFF;:COMP:BIN:COUN:STAT OFF;:COMP:MODE PTOL;:COMP:SLIM -9.9e+037,9.9e+037;:COMP:STAT OFF;:COMP:SWAP OFF;:COMP:TOL:NOM 0;:CURR:LEV 0.1;:DISP:ENAB ON;:DISP:LINE """";:DISP:WIND:TEXT1:DATA:FMSD:DATA 1e-009;:DISP:WIND:TEXT2:DATA:FMSD:DATA 1e-009;:FORM:ASC:LONG ON;:FORM:BORD NORM;:FORM:DATA ASC,64;:FREQ:CW 5000;:FUNC:DEV1:MODE OFF;:FUNC:DEV1:REF:VAL 0;:FUNC:DEV2:MODE OFF;:FUNC:DEV2:REF:VAL 0;:FUNC:IMP:TYPE LSRS;:FUNC:SMON:IDC:STAT OFF;:FUNC:SMON:VDC:STAT OFF;:INIT:CONT OFF;:LIST:MODE SEQ;:LIST:STIM:TYPE FREQ,NONE;:SOUR:DCS:VOLT:LEV 0;:TRIG:DEL 0;:TRIG:SOUR INT;:TRIG:TDEL 0;:DISP:WIND:TEXT1:DATA:FMSD:STAT OFF;:DISP:WIND:TEXT2:DATA:FMSD:STAT OFF;:FUNC:DCR:RANG:VAL 100;:FUNC:IMP:RANG:VAL 0.1;:OUTP:DC:ISOL:LEV:VAL 0.1;:OUTP:DC:ISOL:STAT OFF;:FUNC:DCR:RANG:AUTO ON;:FUNC:IMP:RANG:AUTO ON;:OUTP:DC:ISOL:LEV:AUTO ON;:DISP:PAGE MEASurement;
"
":SOUR:DCS:STAT OFF;:BIAS:STAT OFF;:COMP:BIN:COUN:CLE;:LIST:CLE:ALL;:COMP:BIN:CLE;:AMPL:ALC ON;:APER LONG,16;:BIAS:POL:AUTO OFF;:BIAS:RANG:AUTO ON;:BIAS:VOLT:LEV 0;:COMP:ABIN OFF;:COMP:BIN:COUN:STAT OFF;:COMP:MODE PTOL;:COMP:SLIM -9.9e+037,9.9e+037;:COMP:STAT OFF;:COMP:SWAP OFF;:COMP:TOL:NOM 0;:CURR:LEV 0.1;:DISP:ENAB ON;:DISP:LINE """";:DISP:WIND:TEXT1:DATA:FMSD:DATA 1e-009;:DISP:WIND:TEXT2:DATA:FMSD:DATA 1e-009;:FORM:ASC:LONG ON;:FORM:BORD NORM;:FORM:DATA ASC,64;:FREQ:CW 5000;:FUNC:DEV1:MODE OFF;:FUNC:DEV1:REF:VAL 0;:FUNC:DEV2:MODE OFF;:FUNC:DEV2:REF:VAL 0;:FUNC:IMP:TYPE LSRS;:FUNC:SMON:IDC:STAT OFF;:FUNC:SMON:VDC:STAT OFF;:INIT:CONT OFF;:LIST:MODE SEQ;:LIST:STIM:TYPE FREQ,NONE;:SOUR:DCS:VOLT:LEV 0;:TRIG:DEL 0;:TRIG:SOUR INT;:TRIG:TDEL 0;:DISP:WIND:TEXT1:DATA:FMSD:STAT OFF;:DISP:WIND:TEXT2:DATA:FMSD:STAT OFF;:FUNC:DCR:RANG:VAL 100;:FUNC:IMP:RANG:VAL 0.1;:OUTP:DC:ISOL:LEV:VAL 0.1;:OUTP:DC:ISOL:STAT OFF;:FUNC:DCR:RANG:AUTO ON;:FUNC:IMP:RANG:AUTO ON;:OUTP:DC:ISOL:LEV:AUTO ON;:DISP:PAGE MEASurement;
"
2022-09-19,16:00:27
---------run finished---------
