lcr name:,KeySight E4980A
Name and description of Resistor under test: ,42036A 100 ohm no cable ... testing new data format
2024-04-29,14:02:44
select the freq range,"[20, 30, 40]"
20.0,-0.0001605004093,100.0331118,0.00499703,0.499875
20.0,-0.0001756317084,100.0342456,0.004997,0.499868
20.0,-0.0001701271479,100.033399,0.00499697,0.499862
20.0,-0.0001679912298,100.033347,0.004997,0.499863
20.0,-0.0001640554674,100.033466,0.004997,0.499865
20.0,-0.0001684207563,100.0342401,0.00499695,0.499869
20.0,-0.0001722136814,100.0333366,0.00499699,0.499869
20.0,-0.0001739496043,100.0333922,0.00499695,0.499858
20.0,-0.0001606736867,100.0340671,0.00499695,0.499869
20.0,-0.000166383443,100.0326336,0.00499698,0.499868
20.0,-0.0001660262944,100.034817,0.00499695,0.499864
20.0,-0.0001724276487,100.0336844,0.00499695,0.499866
20.0,-0.0001661617679,100.0329572,0.00499694,0.499867
20.0,-0.0001659262274,100.0331927,0.00499688,0.499856
20.0,-0.0001622372177,100.0335569,0.00499695,0.499868
20.0,-0.0001672044552,100.0337055,0.00499691,0.499865
Freq,20,Rs,100.03357204375,0.0005489192350673728,Ls,-0.00016749567161250002,4.510294017066835e-06
":SOUR:DCS:STAT OFF;:BIAS:STAT OFF;:COMP:BIN:COUN:CLE;:LIST:CLE:ALL;:COMP:BIN:CLE;:AMPL:ALC OFF;:APER LONG,1;:BIAS:POL:AUTO OFF;:BIAS:RANG:AUTO ON;:BIAS:VOLT:LEV 0;:COMP:ABIN OFF;:COMP:BIN:COUN:STAT OFF;:COMP:MODE PTOL;:COMP:SLIM -9.9e+037,9.9e+037;:COMP:STAT OFF;:COMP:SWAP OFF;:COMP:TOL:NOM 0;:DISP:ENAB ON;:DISP:LINE """";:DISP:WIND:TEXT1:DATA:FMSD:DATA 1e-009;:DISP:WIND:TEXT2:DATA:FMSD:DATA 1e-009;:FORM:ASC:LONG ON;:FORM:BORD NORM;:FORM:DATA ASC,64;:FREQ:CW 20;:FUNC:DEV1:MODE OFF;:FUNC:DEV1:REF:VAL 0;:FUNC:DEV2:MODE OFF;:FUNC:DEV2:REF:VAL 0;:FUNC:IMP:TYPE LSRS;:FUNC:SMON:IDC:STAT OFF;:FUNC:SMON:VDC:STAT OFF;:INIT:CONT OFF;:LIST:MODE SEQ;:LIST:STIM:TYPE FREQ,NONE;:SOUR:DCS:VOLT:LEV 0;:TRIG:DEL 0;:TRIG:SOUR INT;:TRIG:TDEL 0;:VOLT:LEV 1;:DISP:WIND:TEXT1:DATA:FMSD:STAT OFF;:DISP:WIND:TEXT2:DATA:FMSD:STAT OFF;:FUNC:DCR:RANG:VAL 100;:FUNC:IMP:RANG:VAL 100;:OUTP:DC:ISOL:LEV:VAL 0.02;:OUTP:DC:ISOL:STAT OFF;:FUNC:DCR:RANG:AUTO ON;:FUNC:IMP:RANG:AUTO ON;:OUTP:DC:ISOL:LEV:AUTO ON;:DISP:PAGE MEASurement;
"
30.0,-8.749519797e-05,100.0275753,0.00499907,0.500042
30.0,-8.568554168e-05,100.0269921,0.00499901,0.500039
30.0,-8.715925361e-05,100.0272333,0.00499906,0.500037
30.0,-8.460177457e-05,100.0276551,0.00499905,0.500044
30.0,-8.654255263e-05,100.0276586,0.00499907,0.500035
30.0,-8.735106061e-05,100.0279664,0.00499911,0.500038
30.0,-8.783889699e-05,100.0276114,0.00499898,0.500042
30.0,-8.480838364e-05,100.026816,0.00499901,0.500043
30.0,-8.527199911e-05,100.0278393,0.004999,0.500037
30.0,-8.736300739e-05,100.0278733,0.00499902,0.500035
30.0,-8.507545442e-05,100.0274555,0.004999,0.500039
30.0,-8.613455605e-05,100.0271303,0.00499909,0.500047
30.0,-8.283882874e-05,100.0274452,0.00499905,0.500039
30.0,-8.311371826e-05,100.0267479,0.00499904,0.500045
30.0,-8.18098585e-05,100.0269691,0.00499898,0.500034
30.0,-8.665169199e-05,100.0264122,0.00499903,0.500042
Freq,30,Rs,100.0273363125,0.00045313909104455,Ls,-8.560886100999999e-05,1.819763122205435e-06
":SOUR:DCS:STAT OFF;:BIAS:STAT OFF;:COMP:BIN:COUN:CLE;:LIST:CLE:ALL;:COMP:BIN:CLE;:AMPL:ALC OFF;:APER LONG,1;:BIAS:POL:AUTO OFF;:BIAS:RANG:AUTO ON;:BIAS:VOLT:LEV 0;:COMP:ABIN OFF;:COMP:BIN:COUN:STAT OFF;:COMP:MODE PTOL;:COMP:SLIM -9.9e+037,9.9e+037;:COMP:STAT OFF;:COMP:SWAP OFF;:COMP:TOL:NOM 0;:DISP:ENAB ON;:DISP:LINE """";:DISP:WIND:TEXT1:DATA:FMSD:DATA 1e-009;:DISP:WIND:TEXT2:DATA:FMSD:DATA 1e-009;:FORM:ASC:LONG ON;:FORM:BORD NORM;:FORM:DATA ASC,64;:FREQ:CW 30;:FUNC:DEV1:MODE OFF;:FUNC:DEV1:REF:VAL 0;:FUNC:DEV2:MODE OFF;:FUNC:DEV2:REF:VAL 0;:FUNC:IMP:TYPE LSRS;:FUNC:SMON:IDC:STAT OFF;:FUNC:SMON:VDC:STAT OFF;:INIT:CONT OFF;:LIST:MODE SEQ;:LIST:STIM:TYPE FREQ,NONE;:SOUR:DCS:VOLT:LEV 0;:TRIG:DEL 0;:TRIG:SOUR INT;:TRIG:TDEL 0;:VOLT:LEV 1;:DISP:WIND:TEXT1:DATA:FMSD:STAT OFF;:DISP:WIND:TEXT2:DATA:FMSD:STAT OFF;:FUNC:DCR:RANG:VAL 100;:FUNC:IMP:RANG:VAL 100;:OUTP:DC:ISOL:LEV:VAL 0.02;:OUTP:DC:ISOL:STAT OFF;:FUNC:DCR:RANG:AUTO ON;:FUNC:IMP:RANG:AUTO ON;:OUTP:DC:ISOL:LEV:AUTO ON;:DISP:PAGE MEASurement;
"
40.0,-5.412608323e-05,100.0247634,0.00499862,0.499978
40.0,-5.291955993e-05,100.0244742,0.00499856,0.499973
40.0,-5.26125982e-05,100.0246074,0.00499856,0.499986
40.0,-5.202238235e-05,100.0250366,0.00499864,0.499995
40.0,-5.384348649e-05,100.0252961,0.00499851,0.499989
40.0,-5.324070406e-05,100.0253982,0.0049986,0.499986
40.0,-5.343064287e-05,100.0252236,0.00499856,0.499984
40.0,-5.206187308e-05,100.025127,0.00499861,0.499986
40.0,-5.249524811e-05,100.0251964,0.00499858,0.499981
40.0,-5.382095019e-05,100.025288,0.00499855,0.499985
40.0,-5.366473731e-05,100.0247656,0.00499857,0.499985
40.0,-5.405739619e-05,100.0253227,0.00499863,0.499983
40.0,-5.327151169e-05,100.0248776,0.00499856,0.499983
40.0,-5.482932084e-05,100.0255508,0.00499853,0.499981
40.0,-5.188723487e-05,100.0246909,0.00499852,0.499979
40.0,-5.449788139e-05,100.0244607,0.00499857,0.499986
Freq,40,Rs,100.02500495000001,0.00034498668573514047,Ls,-5.3298850674999995e-05,9.01000572068231e-07
":SOUR:DCS:STAT OFF;:BIAS:STAT OFF;:COMP:BIN:COUN:CLE;:LIST:CLE:ALL;:COMP:BIN:CLE;:AMPL:ALC OFF;:APER LONG,1;:BIAS:POL:AUTO OFF;:BIAS:RANG:AUTO ON;:BIAS:VOLT:LEV 0;:COMP:ABIN OFF;:COMP:BIN:COUN:STAT OFF;:COMP:MODE PTOL;:COMP:SLIM -9.9e+037,9.9e+037;:COMP:STAT OFF;:COMP:SWAP OFF;:COMP:TOL:NOM 0;:DISP:ENAB ON;:DISP:LINE """";:DISP:WIND:TEXT1:DATA:FMSD:DATA 1e-009;:DISP:WIND:TEXT2:DATA:FMSD:DATA 1e-009;:FORM:ASC:LONG ON;:FORM:BORD NORM;:FORM:DATA ASC,64;:FREQ:CW 40;:FUNC:DEV1:MODE OFF;:FUNC:DEV1:REF:VAL 0;:FUNC:DEV2:MODE OFF;:FUNC:DEV2:REF:VAL 0;:FUNC:IMP:TYPE LSRS;:FUNC:SMON:IDC:STAT OFF;:FUNC:SMON:VDC:STAT OFF;:INIT:CONT OFF;:LIST:MODE SEQ;:LIST:STIM:TYPE FREQ,NONE;:SOUR:DCS:VOLT:LEV 0;:TRIG:DEL 0;:TRIG:SOUR INT;:TRIG:TDEL 0;:VOLT:LEV 1;:DISP:WIND:TEXT1:DATA:FMSD:STAT OFF;:DISP:WIND:TEXT2:DATA:FMSD:STAT OFF;:FUNC:DCR:RANG:VAL 100;:FUNC:IMP:RANG:VAL 100;:OUTP:DC:ISOL:LEV:VAL 0.02;:OUTP:DC:ISOL:STAT OFF;:FUNC:DCR:RANG:AUTO ON;:FUNC:IMP:RANG:AUTO ON;:OUTP:DC:ISOL:LEV:AUTO ON;:DISP:PAGE MEASurement;
"
":SOUR:DCS:STAT OFF;:BIAS:STAT OFF;:COMP:BIN:COUN:CLE;:LIST:CLE:ALL;:COMP:BIN:CLE;:AMPL:ALC OFF;:APER LONG,1;:BIAS:POL:AUTO OFF;:BIAS:RANG:AUTO ON;:BIAS:VOLT:LEV 0;:COMP:ABIN OFF;:COMP:BIN:COUN:STAT OFF;:COMP:MODE PTOL;:COMP:SLIM -9.9e+037,9.9e+037;:COMP:STAT OFF;:COMP:SWAP OFF;:COMP:TOL:NOM 0;:DISP:ENAB ON;:DISP:LINE """";:DISP:WIND:TEXT1:DATA:FMSD:DATA 1e-009;:DISP:WIND:TEXT2:DATA:FMSD:DATA 1e-009;:FORM:ASC:LONG ON;:FORM:BORD NORM;:FORM:DATA ASC,64;:FREQ:CW 40;:FUNC:DEV1:MODE OFF;:FUNC:DEV1:REF:VAL 0;:FUNC:DEV2:MODE OFF;:FUNC:DEV2:REF:VAL 0;:FUNC:IMP:TYPE LSRS;:FUNC:SMON:IDC:STAT OFF;:FUNC:SMON:VDC:STAT OFF;:INIT:CONT OFF;:LIST:MODE SEQ;:LIST:STIM:TYPE FREQ,NONE;:SOUR:DCS:VOLT:LEV 0;:TRIG:DEL 0;:TRIG:SOUR INT;:TRIG:TDEL 0;:VOLT:LEV 1;:DISP:WIND:TEXT1:DATA:FMSD:STAT OFF;:DISP:WIND:TEXT2:DATA:FMSD:STAT OFF;:FUNC:DCR:RANG:VAL 100;:FUNC:IMP:RANG:VAL 100;:OUTP:DC:ISOL:LEV:VAL 0.02;:OUTP:DC:ISOL:STAT OFF;:FUNC:DCR:RANG:AUTO ON;:FUNC:IMP:RANG:AUTO ON;:OUTP:DC:ISOL:LEV:AUTO ON;:DISP:PAGE MEASurement;
"
2024-04-29,14:04:35
---------run finished---------
Frequency,Resistance,uR,Inductance,uL
20,100.03357204375,0.0005489192350673728,-0.00016749567161250002,4.510294017066835e-06
30,100.0273363125,0.00045313909104455,-8.560886100999999e-05,1.819763122205435e-06
40,100.02500495000001,0.00034498668573514047,-5.3298850674999995e-05,9.01000572068231e-07
lcr name:,KeySight E4980A
Name and description of Resistor under test: ,"42036A 100 ohm, no lead"
2024-04-29,14:09:00
select the freq range,"[20, 30, 40, 55, 70, 105, 205, 305, 505, 805, 1005, 1205, 1591.549, 1805, 2005, 3005, 4005, 5005, 8005, 10005, 15005, 20005, 30005]"
20.0,-0.0001652065036,100.0332084,0.00499694,0.499861
20.0,-0.0001632283651,100.0326774,0.00499696,0.499865
20.0,-0.0001696032204,100.0334132,0.00499698,0.499871
20.0,-0.0001700614031,100.0334495,0.00499694,0.499863
20.0,-0.0001695072883,100.0331989,0.004997,0.499868
20.0,-0.0001632719849,100.0343175,0.00499698,0.499863
20.0,-0.0001673219639,100.033108,0.00499697,0.499867
20.0,-0.0001557204165,100.0331862,0.00499695,0.499869
20.0,-0.0001701913944,100.0338702,0.00499697,0.499873
20.0,-0.0001763302051,100.0322299,0.00499701,0.499858
20.0,-0.0001610860689,100.0323963,0.00499701,0.49987
20.0,-0.0001705620841,100.0331972,0.00499696,0.499858
20.0,-0.0001668703223,100.0331956,0.00499693,0.499864
20.0,-0.0001579661078,100.032866,0.00499689,0.499864
20.0,-0.0001657651238,100.033423,0.00499694,0.499868
20.0,-0.0001666314319,100.0341708,0.0049969,0.499863
Freq,20,Rs,100.03324425625,0.0005625519495630737,Ls,-0.00016620774275625,5.15916564101023e-06
":SOUR:DCS:STAT OFF;:BIAS:STAT OFF;:COMP:BIN:COUN:CLE;:LIST:CLE:ALL;:COMP:BIN:CLE;:AMPL:ALC OFF;:APER LONG,1;:BIAS:POL:AUTO OFF;:BIAS:RANG:AUTO ON;:BIAS:VOLT:LEV 0;:COMP:ABIN OFF;:COMP:BIN:COUN:STAT OFF;:COMP:MODE PTOL;:COMP:SLIM -9.9e+037,9.9e+037;:COMP:STAT OFF;:COMP:SWAP OFF;:COMP:TOL:NOM 0;:DISP:ENAB ON;:DISP:LINE """";:DISP:WIND:TEXT1:DATA:FMSD:DATA 1e-009;:DISP:WIND:TEXT2:DATA:FMSD:DATA 1e-009;:FORM:ASC:LONG ON;:FORM:BORD NORM;:FORM:DATA ASC,64;:FREQ:CW 20;:FUNC:DEV1:MODE OFF;:FUNC:DEV1:REF:VAL 0;:FUNC:DEV2:MODE OFF;:FUNC:DEV2:REF:VAL 0;:FUNC:IMP:TYPE LSRS;:FUNC:SMON:IDC:STAT OFF;:FUNC:SMON:VDC:STAT OFF;:INIT:CONT OFF;:LIST:MODE SEQ;:LIST:STIM:TYPE FREQ,NONE;:SOUR:DCS:VOLT:LEV 0;:TRIG:DEL 0;:TRIG:SOUR INT;:TRIG:TDEL 0;:VOLT:LEV 1;:DISP:WIND:TEXT1:DATA:FMSD:STAT OFF;:DISP:WIND:TEXT2:DATA:FMSD:STAT OFF;:FUNC:DCR:RANG:VAL 100;:FUNC:IMP:RANG:VAL 100;:OUTP:DC:ISOL:LEV:VAL 0.02;:OUTP:DC:ISOL:STAT OFF;:FUNC:DCR:RANG:AUTO ON;:FUNC:IMP:RANG:AUTO ON;:OUTP:DC:ISOL:LEV:AUTO ON;:DISP:PAGE MEASurement;
"
30.0,-8.291704235e-05,100.0272988,0.0049991,0.500041
30.0,-8.789181397e-05,100.0272107,0.00499915,0.500041
30.0,-8.218704475e-05,100.0268317,0.00499903,0.500044
30.0,-8.331071057e-05,100.027563,0.00499904,0.500044
30.0,-8.144880689e-05,100.0271094,0.00499916,0.50005
30.0,-8.468643092e-05,100.0269804,0.00499905,0.500043
30.0,-8.393409975e-05,100.0272244,0.00499905,0.50004
30.0,-8.306062987e-05,100.027723,0.0049991,0.500043
30.0,-8.560571651e-05,100.0264757,0.00499901,0.500042
30.0,-8.339328368e-05,100.0268393,0.00499909,0.500046
30.0,-8.267668767e-05,100.0284726,0.00499902,0.500046
30.0,-8.275540965e-05,100.0275129,0.00499901,0.500037
30.0,-8.789507848e-05,100.0272706,0.00499904,0.500046
30.0,-8.144260381e-05,100.0268123,0.00499903,0.500046
30.0,-8.88770739e-05,100.0268917,0.00499908,0.500046
30.0,-8.402052255e-05,100.0273975,0.00499909,0.500034
Freq,30,Rs,100.027225875,0.0004660913637179952,Ls,-8.41314347075e-05,2.3009540755860727e-06
":SOUR:DCS:STAT OFF;:BIAS:STAT OFF;:COMP:BIN:COUN:CLE;:LIST:CLE:ALL;:COMP:BIN:CLE;:AMPL:ALC OFF;:APER LONG,1;:BIAS:POL:AUTO OFF;:BIAS:RANG:AUTO ON;:BIAS:VOLT:LEV 0;:COMP:ABIN OFF;:COMP:BIN:COUN:STAT OFF;:COMP:MODE PTOL;:COMP:SLIM -9.9e+037,9.9e+037;:COMP:STAT OFF;:COMP:SWAP OFF;:COMP:TOL:NOM 0;:DISP:ENAB ON;:DISP:LINE """";:DISP:WIND:TEXT1:DATA:FMSD:DATA 1e-009;:DISP:WIND:TEXT2:DATA:FMSD:DATA 1e-009;:FORM:ASC:LONG ON;:FORM:BORD NORM;:FORM:DATA ASC,64;:FREQ:CW 30;:FUNC:DEV1:MODE OFF;:FUNC:DEV1:REF:VAL 0;:FUNC:DEV2:MODE OFF;:FUNC:DEV2:REF:VAL 0;:FUNC:IMP:TYPE LSRS;:FUNC:SMON:IDC:STAT OFF;:FUNC:SMON:VDC:STAT OFF;:INIT:CONT OFF;:LIST:MODE SEQ;:LIST:STIM:TYPE FREQ,NONE;:SOUR:DCS:VOLT:LEV 0;:TRIG:DEL 0;:TRIG:SOUR INT;:TRIG:TDEL 0;:VOLT:LEV 1;:DISP:WIND:TEXT1:DATA:FMSD:STAT OFF;:DISP:WIND:TEXT2:DATA:FMSD:STAT OFF;:FUNC:DCR:RANG:VAL 100;:FUNC:IMP:RANG:VAL 100;:OUTP:DC:ISOL:LEV:VAL 0.02;:OUTP:DC:ISOL:STAT OFF;:FUNC:DCR:RANG:AUTO ON;:FUNC:IMP:RANG:AUTO ON;:OUTP:DC:ISOL:LEV:AUTO ON;:DISP:PAGE MEASurement;
"
40.0,-5.220767456e-05,100.0251629,0.00499856,0.499985
40.0,-4.952290915e-05,100.0254881,0.00499867,0.499984
40.0,-5.085581383e-05,100.024644,0.00499863,0.49999
40.0,-5.278282836e-05,100.0244969,0.00499864,0.499989
40.0,-5.25477073e-05,100.024572,0.00499863,0.499983
40.0,-5.089680765e-05,100.0248202,0.00499864,0.499987
40.0,-5.330814467e-05,100.0246692,0.00499864,0.49999
40.0,-5.074489613e-05,100.0246906,0.00499858,0.499992
40.0,-5.468453247e-05,100.0252706,0.00499861,0.499989
40.0,-5.051541016e-05,100.0253183,0.00499868,0.499988
40.0,-5.256414877e-05,100.0252766,0.00499858,0.49999
40.0,-5.215524896e-05,100.0251141,0.00499869,0.499996
40.0,-5.289822953e-05,100.0252016,0.00499871,0.49999
40.0,-5.501737137e-05,100.0248403,0.0049987,0.499983
40.0,-5.315305821e-05,100.0255755,0.00499868,0.499995
40.0,-5.368637857e-05,100.0255776,0.00499864,0.499995
Freq,40,Rs,100.02504490625,0.00036770112948600905,Ls,-5.2346322480625e-05,1.5236678674620896e-06
":SOUR:DCS:STAT OFF;:BIAS:STAT OFF;:COMP:BIN:COUN:CLE;:LIST:CLE:ALL;:COMP:BIN:CLE;:AMPL:ALC OFF;:APER LONG,1;:BIAS:POL:AUTO OFF;:BIAS:RANG:AUTO ON;:BIAS:VOLT:LEV 0;:COMP:ABIN OFF;:COMP:BIN:COUN:STAT OFF;:COMP:MODE PTOL;:COMP:SLIM -9.9e+037,9.9e+037;:COMP:STAT OFF;:COMP:SWAP OFF;:COMP:TOL:NOM 0;:DISP:ENAB ON;:DISP:LINE """";:DISP:WIND:TEXT1:DATA:FMSD:DATA 1e-009;:DISP:WIND:TEXT2:DATA:FMSD:DATA 1e-009;:FORM:ASC:LONG ON;:FORM:BORD NORM;:FORM:DATA ASC,64;:FREQ:CW 40;:FUNC:DEV1:MODE OFF;:FUNC:DEV1:REF:VAL 0;:FUNC:DEV2:MODE OFF;:FUNC:DEV2:REF:VAL 0;:FUNC:IMP:TYPE LSRS;:FUNC:SMON:IDC:STAT OFF;:FUNC:SMON:VDC:STAT OFF;:INIT:CONT OFF;:LIST:MODE SEQ;:LIST:STIM:TYPE FREQ,NONE;:SOUR:DCS:VOLT:LEV 0;:TRIG:DEL 0;:TRIG:SOUR INT;:TRIG:TDEL 0;:VOLT:LEV 1;:DISP:WIND:TEXT1:DATA:FMSD:STAT OFF;:DISP:WIND:TEXT2:DATA:FMSD:STAT OFF;:FUNC:DCR:RANG:VAL 100;:FUNC:IMP:RANG:VAL 100;:OUTP:DC:ISOL:LEV:VAL 0.02;:OUTP:DC:ISOL:STAT OFF;:FUNC:DCR:RANG:AUTO ON;:FUNC:IMP:RANG:AUTO ON;:OUTP:DC:ISOL:LEV:AUTO ON;:DISP:PAGE MEASurement;
"
55.0,-2.851426009e-05,100.0210445,0.00500012,0.500124
55.0,-2.989859833e-05,100.0217403,0.00500005,0.500126
55.0,-2.802299178e-05,100.0215541,0.00500017,0.500127
55.0,-2.862661515e-05,100.0219343,0.00500011,0.500112
55.0,-2.839293776e-05,100.0210084,0.00500012,0.500117
55.0,-2.872474856e-05,100.0207032,0.00500017,0.500126
55.0,-2.768000706e-05,100.0213233,0.00500018,0.500128
55.0,-2.934786603e-05,100.0214152,0.00500015,0.500116
55.0,-2.769169579e-05,100.0215219,0.00500015,0.500128
55.0,-2.784744784e-05,100.0212088,0.00500008,0.500125
55.0,-2.900814019e-05,100.0212747,0.00500019,0.500128
55.0,-2.837166946e-05,100.0217478,0.00500019,0.50013
55.0,-2.950241827e-05,100.0210382,0.00500019,0.500123
55.0,-2.724830857e-05,100.0214661,0.0050002,0.500129
55.0,-2.822034863e-05,100.0209914,0.00500017,0.50013
55.0,-2.78964406e-05,100.0209229,0.00500024,0.50012
Freq,55,Rs,100.02130594375001,0.000343781511949293,Ls,-2.8437155881875e-05,7.283687743014354e-07
":SOUR:DCS:STAT OFF;:BIAS:STAT OFF;:COMP:BIN:COUN:CLE;:LIST:CLE:ALL;:COMP:BIN:CLE;:AMPL:ALC OFF;:APER LONG,1;:BIAS:POL:AUTO OFF;:BIAS:RANG:AUTO ON;:BIAS:VOLT:LEV 0;:COMP:ABIN OFF;:COMP:BIN:COUN:STAT OFF;:COMP:MODE PTOL;:COMP:SLIM -9.9e+037,9.9e+037;:COMP:STAT OFF;:COMP:SWAP OFF;:COMP:TOL:NOM 0;:DISP:ENAB ON;:DISP:LINE """";:DISP:WIND:TEXT1:DATA:FMSD:DATA 1e-009;:DISP:WIND:TEXT2:DATA:FMSD:DATA 1e-009;:FORM:ASC:LONG ON;:FORM:BORD NORM;:FORM:DATA ASC,64;:FREQ:CW 55;:FUNC:DEV1:MODE OFF;:FUNC:DEV1:REF:VAL 0;:FUNC:DEV2:MODE OFF;:FUNC:DEV2:REF:VAL 0;:FUNC:IMP:TYPE LSRS;:FUNC:SMON:IDC:STAT OFF;:FUNC:SMON:VDC:STAT OFF;:INIT:CONT OFF;:LIST:MODE SEQ;:LIST:STIM:TYPE FREQ,NONE;:SOUR:DCS:VOLT:LEV 0;:TRIG:DEL 0;:TRIG:SOUR INT;:TRIG:TDEL 0;:VOLT:LEV 1;:DISP:WIND:TEXT1:DATA:FMSD:STAT OFF;:DISP:WIND:TEXT2:DATA:FMSD:STAT OFF;:FUNC:DCR:RANG:VAL 100;:FUNC:IMP:RANG:VAL 100;:OUTP:DC:ISOL:LEV:VAL 0.02;:OUTP:DC:ISOL:STAT OFF;:FUNC:DCR:RANG:AUTO ON;:FUNC:IMP:RANG:AUTO ON;:OUTP:DC:ISOL:LEV:AUTO ON;:DISP:PAGE MEASurement;
"
70.0,-1.792629596e-05,100.0193314,0.00501291,0.501384
70.0,-1.710110848e-05,100.0192681,0.00501297,0.501393
70.0,-1.866232038e-05,100.0186973,0.00501292,0.501395
70.0,-1.817422852e-05,100.0188251,0.00501293,0.501389
70.0,-1.847260831e-05,100.0187396,0.00501289,0.501386
70.0,-1.676687341e-05,100.018945,0.00501295,0.501392
70.0,-1.847794395e-05,100.0188025,0.00501291,0.501388
70.0,-1.836049859e-05,100.0189729,0.00501299,0.501392
70.0,-1.807326283e-05,100.0193185,0.00501296,0.501388
70.0,-1.706334836e-05,100.0187571,0.00501293,0.501382
70.0,-1.789212221e-05,100.019003,0.00501294,0.501392
70.0,-1.907573568e-05,100.0188823,0.0050129,0.501386
70.0,-1.780753369e-05,100.0190754,0.0050129,0.501389
70.0,-1.87278329e-05,100.0185107,0.0050129,0.50139
70.0,-1.846904334e-05,100.0189394,0.00501293,0.501387
70.0,-1.869727384e-05,100.0192923,0.00501295,0.501397
Freq,70,Rs,100.01896003750001,0.0002446029323216354,Ls,-1.8109251903125e-05,6.592086667872044e-07
":SOUR:DCS:STAT OFF;:BIAS:STAT OFF;:COMP:BIN:COUN:CLE;:LIST:CLE:ALL;:COMP:BIN:CLE;:AMPL:ALC OFF;:APER LONG,1;:BIAS:POL:AUTO OFF;:BIAS:RANG:AUTO ON;:BIAS:VOLT:LEV 0;:COMP:ABIN OFF;:COMP:BIN:COUN:STAT OFF;:COMP:MODE PTOL;:COMP:SLIM -9.9e+037,9.9e+037;:COMP:STAT OFF;:COMP:SWAP OFF;:COMP:TOL:NOM 0;:DISP:ENAB ON;:DISP:LINE """";:DISP:WIND:TEXT1:DATA:FMSD:DATA 1e-009;:DISP:WIND:TEXT2:DATA:FMSD:DATA 1e-009;:FORM:ASC:LONG ON;:FORM:BORD NORM;:FORM:DATA ASC,64;:FREQ:CW 70;:FUNC:DEV1:MODE OFF;:FUNC:DEV1:REF:VAL 0;:FUNC:DEV2:MODE OFF;:FUNC:DEV2:REF:VAL 0;:FUNC:IMP:TYPE LSRS;:FUNC:SMON:IDC:STAT OFF;:FUNC:SMON:VDC:STAT OFF;:INIT:CONT OFF;:LIST:MODE SEQ;:LIST:STIM:TYPE FREQ,NONE;:SOUR:DCS:VOLT:LEV 0;:TRIG:DEL 0;:TRIG:SOUR INT;:TRIG:TDEL 0;:VOLT:LEV 1;:DISP:WIND:TEXT1:DATA:FMSD:STAT OFF;:DISP:WIND:TEXT2:DATA:FMSD:STAT OFF;:FUNC:DCR:RANG:VAL 100;:FUNC:IMP:RANG:VAL 100;:OUTP:DC:ISOL:LEV:VAL 0.02;:OUTP:DC:ISOL:STAT OFF;:FUNC:DCR:RANG:AUTO ON;:FUNC:IMP:RANG:AUTO ON;:OUTP:DC:ISOL:LEV:AUTO ON;:DISP:PAGE MEASurement;
"
105.0,-8.848462987e-06,100.0189265,0.00500919,0.501012
105.0,-8.258382694e-06,100.0188473,0.00500917,0.501009
105.0,-8.75705195e-06,100.0186128,0.0050091,0.50101
105.0,-8.779029913e-06,100.0192776,0.00500917,0.501006
105.0,-8.251736974e-06,100.0191932,0.00500916,0.501015
105.0,-8.912906459e-06,100.0191778,0.00500917,0.501016
105.0,-8.025928184e-06,100.0189419,0.00500919,0.501011
105.0,-8.404854585e-06,100.0191922,0.0050091,0.50101
105.0,-8.742268175e-06,100.0190152,0.00500916,0.501002
105.0,-9.155916639e-06,100.0188176,0.00500911,0.501009
105.0,-8.276902899e-06,100.0186146,0.00500911,0.501006
105.0,-8.844111091e-06,100.0188694,0.00500913,0.501008
105.0,-8.904056842e-06,100.0191074,0.00500912,0.501006
105.0,-8.696654634e-06,100.0186765,0.00500914,0.501006
105.0,-8.311015045e-06,100.0188972,0.00500916,0.501001
105.0,-8.49567843e-06,100.0187661,0.00500915,0.501013
Freq,105,Rs,100.01893333125,0.00021203765300368765,Ls,-8.6040598438125e-06,3.174041375043705e-07
":SOUR:DCS:STAT OFF;:BIAS:STAT OFF;:COMP:BIN:COUN:CLE;:LIST:CLE:ALL;:COMP:BIN:CLE;:AMPL:ALC OFF;:APER LONG,1;:BIAS:POL:AUTO OFF;:BIAS:RANG:AUTO ON;:BIAS:VOLT:LEV 0;:COMP:ABIN OFF;:COMP:BIN:COUN:STAT OFF;:COMP:MODE PTOL;:COMP:SLIM -9.9e+037,9.9e+037;:COMP:STAT OFF;:COMP:SWAP OFF;:COMP:TOL:NOM 0;:DISP:ENAB ON;:DISP:LINE """";:DISP:WIND:TEXT1:DATA:FMSD:DATA 1e-009;:DISP:WIND:TEXT2:DATA:FMSD:DATA 1e-009;:FORM:ASC:LONG ON;:FORM:BORD NORM;:FORM:DATA ASC,64;:FREQ:CW 105;:FUNC:DEV1:MODE OFF;:FUNC:DEV1:REF:VAL 0;:FUNC:DEV2:MODE OFF;:FUNC:DEV2:REF:VAL 0;:FUNC:IMP:TYPE LSRS;:FUNC:SMON:IDC:STAT OFF;:FUNC:SMON:VDC:STAT OFF;:INIT:CONT OFF;:LIST:MODE SEQ;:LIST:STIM:TYPE FREQ,NONE;:SOUR:DCS:VOLT:LEV 0;:TRIG:DEL 0;:TRIG:SOUR INT;:TRIG:TDEL 0;:VOLT:LEV 1;:DISP:WIND:TEXT1:DATA:FMSD:STAT OFF;:DISP:WIND:TEXT2:DATA:FMSD:STAT OFF;:FUNC:DCR:RANG:VAL 100;:FUNC:IMP:RANG:VAL 100;:OUTP:DC:ISOL:LEV:VAL 0.02;:OUTP:DC:ISOL:STAT OFF;:FUNC:DCR:RANG:AUTO ON;:FUNC:IMP:RANG:AUTO ON;:OUTP:DC:ISOL:LEV:AUTO ON;:DISP:PAGE MEASurement;
"
205.0,-7.204606345e-06,100.0210647,0.00500298,0.500409
205.0,-7.267927149e-06,100.0210706,0.00500297,0.5004
205.0,-7.324015473e-06,100.0209361,0.005003,0.500401
205.0,-7.62132948e-06,100.0208956,0.00500296,0.500396
205.0,-7.755772721e-06,100.0210663,0.00500293,0.500399
205.0,-7.627307677e-06,100.0213567,0.00500293,0.500408
205.0,-7.578614611e-06,100.0213647,0.00500299,0.500398
205.0,-7.432739314e-06,100.0213265,0.00500296,0.500404
205.0,-7.628040651e-06,100.0211991,0.00500298,0.500399
205.0,-7.569630276e-06,100.0211376,0.00500298,0.50041
205.0,-7.529927818e-06,100.0210077,0.00500299,0.500406
205.0,-7.52967605e-06,100.0214214,0.00500297,0.5004
205.0,-7.824704781e-06,100.0215877,0.00500298,0.5004
205.0,-7.486859024e-06,100.0211219,0.00500295,0.500401
205.0,-7.513681406e-06,100.0212353,0.00500299,0.500402
205.0,-7.55670468e-06,100.0214264,0.00500297,0.500407
Freq,205,Rs,100.02120114375,0.00019692583703341727,Ls,-7.528221091e-06,1.629769984428871e-07
":SOUR:DCS:STAT OFF;:BIAS:STAT OFF;:COMP:BIN:COUN:CLE;:LIST:CLE:ALL;:COMP:BIN:CLE;:AMPL:ALC OFF;:APER LONG,1;:BIAS:POL:AUTO OFF;:BIAS:RANG:AUTO ON;:BIAS:VOLT:LEV 0;:COMP:ABIN OFF;:COMP:BIN:COUN:STAT OFF;:COMP:MODE PTOL;:COMP:SLIM -9.9e+037,9.9e+037;:COMP:STAT OFF;:COMP:SWAP OFF;:COMP:TOL:NOM 0;:DISP:ENAB ON;:DISP:LINE """";:DISP:WIND:TEXT1:DATA:FMSD:DATA 1e-009;:DISP:WIND:TEXT2:DATA:FMSD:DATA 1e-009;:FORM:ASC:LONG ON;:FORM:BORD NORM;:FORM:DATA ASC,64;:FREQ:CW 205;:FUNC:DEV1:MODE OFF;:FUNC:DEV1:REF:VAL 0;:FUNC:DEV2:MODE OFF;:FUNC:DEV2:REF:VAL 0;:FUNC:IMP:TYPE LSRS;:FUNC:SMON:IDC:STAT OFF;:FUNC:SMON:VDC:STAT OFF;:INIT:CONT OFF;:LIST:MODE SEQ;:LIST:STIM:TYPE FREQ,NONE;:SOUR:DCS:VOLT:LEV 0;:TRIG:DEL 0;:TRIG:SOUR INT;:TRIG:TDEL 0;:VOLT:LEV 1;:DISP:WIND:TEXT1:DATA:FMSD:STAT OFF;:DISP:WIND:TEXT2:DATA:FMSD:STAT OFF;:FUNC:DCR:RANG:VAL 100;:FUNC:IMP:RANG:VAL 100;:OUTP:DC:ISOL:LEV:VAL 0.02;:OUTP:DC:ISOL:STAT OFF;:FUNC:DCR:RANG:AUTO ON;:FUNC:IMP:RANG:AUTO ON;:OUTP:DC:ISOL:LEV:AUTO ON;:DISP:PAGE MEASurement;
"
305.0,-3.265160039e-06,100.0207065,0.00500616,0.500719
305.0,-3.37943875e-06,100.0204103,0.00500609,0.500714
305.0,-3.197804463e-06,100.020232,0.0050061,0.500713
305.0,-3.207754395e-06,100.0206881,0.00500609,0.500717
305.0,-3.208442161e-06,100.0206477,0.00500608,0.500715
305.0,-3.278426023e-06,100.0203758,0.0050061,0.500716
305.0,-3.276034792e-06,100.0206259,0.00500613,0.500711
305.0,-3.260872604e-06,100.0204152,0.00500608,0.500708
305.0,-3.317445386e-06,100.0206505,0.00500609,0.500712
305.0,-3.312573263e-06,100.0202882,0.00500607,0.500711
305.0,-3.294723531e-06,100.0202177,0.00500614,0.500714
305.0,-3.403979347e-06,100.020577,0.00500609,0.500715
305.0,-3.265761657e-06,100.0204098,0.00500613,0.500714
305.0,-3.117810413e-06,100.0205821,0.00500614,0.500714
305.0,-3.281096003e-06,100.0202062,0.00500609,0.500715
305.0,-3.2347149e-06,100.0205696,0.00500608,0.50071
Freq,305,Rs,100.02047516249999,0.0001765365188857849,Ls,-3.2688773579374995e-06,6.938778167831079e-08
":SOUR:DCS:STAT OFF;:BIAS:STAT OFF;:COMP:BIN:COUN:CLE;:LIST:CLE:ALL;:COMP:BIN:CLE;:AMPL:ALC OFF;:APER LONG,1;:BIAS:POL:AUTO OFF;:BIAS:RANG:AUTO ON;:BIAS:VOLT:LEV 0;:COMP:ABIN OFF;:COMP:BIN:COUN:STAT OFF;:COMP:MODE PTOL;:COMP:SLIM -9.9e+037,9.9e+037;:COMP:STAT OFF;:COMP:SWAP OFF;:COMP:TOL:NOM 0;:DISP:ENAB ON;:DISP:LINE """";:DISP:WIND:TEXT1:DATA:FMSD:DATA 1e-009;:DISP:WIND:TEXT2:DATA:FMSD:DATA 1e-009;:FORM:ASC:LONG ON;:FORM:BORD NORM;:FORM:DATA ASC,64;:FREQ:CW 305;:FUNC:DEV1:MODE OFF;:FUNC:DEV1:REF:VAL 0;:FUNC:DEV2:MODE OFF;:FUNC:DEV2:REF:VAL 0;:FUNC:IMP:TYPE LSRS;:FUNC:SMON:IDC:STAT OFF;:FUNC:SMON:VDC:STAT OFF;:INIT:CONT OFF;:LIST:MODE SEQ;:LIST:STIM:TYPE FREQ,NONE;:SOUR:DCS:VOLT:LEV 0;:TRIG:DEL 0;:TRIG:SOUR INT;:TRIG:TDEL 0;:VOLT:LEV 1;:DISP:WIND:TEXT1:DATA:FMSD:STAT OFF;:DISP:WIND:TEXT2:DATA:FMSD:STAT OFF;:FUNC:DCR:RANG:VAL 100;:FUNC:IMP:RANG:VAL 100;:OUTP:DC:ISOL:LEV:VAL 0.02;:OUTP:DC:ISOL:STAT OFF;:FUNC:DCR:RANG:AUTO ON;:FUNC:IMP:RANG:AUTO ON;:OUTP:DC:ISOL:LEV:AUTO ON;:DISP:PAGE MEASurement;
"
505.0,-1.409390412e-06,100.0200704,0.00500528,0.50063
505.0,-1.258630084e-06,100.0200984,0.00500531,0.500634
505.0,-1.212791256e-06,100.019925,0.00500528,0.500639
505.0,-1.338538964e-06,100.0199308,0.00500535,0.500631
505.0,-1.209526575e-06,100.0196151,0.00500536,0.500631
505.0,-1.247038928e-06,100.0198156,0.00500534,0.500632
505.0,-1.241259392e-06,100.0199907,0.0050053,0.500629
505.0,-1.204327413e-06,100.0198405,0.00500536,0.50063
505.0,-1.106558504e-06,100.0200368,0.00500538,0.500634
505.0,-1.194062485e-06,100.0199349,0.00500532,0.500629
505.0,-1.31693768e-06,100.0198628,0.00500535,0.500627
505.0,-1.204734914e-06,100.0203493,0.00500533,0.50063
505.0,-1.22501854e-06,100.0197138,0.00500532,0.500634
505.0,-1.362112548e-06,100.0197693,0.00500537,0.500633
505.0,-1.266777297e-06,100.0196626,0.00500531,0.500633
505.0,-1.345567825e-06,100.0199244,0.00500532,0.500631
Freq,505,Rs,100.019908775,0.00018270049990824224,Ls,-1.2589545510625e-06,7.749054106755599e-08
":SOUR:DCS:STAT OFF;:BIAS:STAT OFF;:COMP:BIN:COUN:CLE;:LIST:CLE:ALL;:COMP:BIN:CLE;:AMPL:ALC OFF;:APER LONG,1;:BIAS:POL:AUTO OFF;:BIAS:RANG:AUTO ON;:BIAS:VOLT:LEV 0;:COMP:ABIN OFF;:COMP:BIN:COUN:STAT OFF;:COMP:MODE PTOL;:COMP:SLIM -9.9e+037,9.9e+037;:COMP:STAT OFF;:COMP:SWAP OFF;:COMP:TOL:NOM 0;:DISP:ENAB ON;:DISP:LINE """";:DISP:WIND:TEXT1:DATA:FMSD:DATA 1e-009;:DISP:WIND:TEXT2:DATA:FMSD:DATA 1e-009;:FORM:ASC:LONG ON;:FORM:BORD NORM;:FORM:DATA ASC,64;:FREQ:CW 505;:FUNC:DEV1:MODE OFF;:FUNC:DEV1:REF:VAL 0;:FUNC:DEV2:MODE OFF;:FUNC:DEV2:REF:VAL 0;:FUNC:IMP:TYPE LSRS;:FUNC:SMON:IDC:STAT OFF;:FUNC:SMON:VDC:STAT OFF;:INIT:CONT OFF;:LIST:MODE SEQ;:LIST:STIM:TYPE FREQ,NONE;:SOUR:DCS:VOLT:LEV 0;:TRIG:DEL 0;:TRIG:SOUR INT;:TRIG:TDEL 0;:VOLT:LEV 1;:DISP:WIND:TEXT1:DATA:FMSD:STAT OFF;:DISP:WIND:TEXT2:DATA:FMSD:STAT OFF;:FUNC:DCR:RANG:VAL 100;:FUNC:IMP:RANG:VAL 100;:OUTP:DC:ISOL:LEV:VAL 0.02;:OUTP:DC:ISOL:STAT OFF;:FUNC:DCR:RANG:AUTO ON;:FUNC:IMP:RANG:AUTO ON;:OUTP:DC:ISOL:LEV:AUTO ON;:DISP:PAGE MEASurement;
"
805.0,-5.553478853e-07,100.0189599,0.00501065,0.501158
805.0,-6.027748177e-07,100.0187687,0.00501063,0.501163
805.0,-4.895198009e-07,100.018936,0.00501067,0.501166
805.0,-4.651898918e-07,100.018934,0.00501068,0.501154
805.0,-5.482854068e-07,100.01873,0.00501067,0.501157
805.0,-5.538599297e-07,100.018987,0.00501065,0.501154
805.0,-5.528074255e-07,100.0187691,0.0050106,0.501159
805.0,-5.483425907e-07,100.0186233,0.00501064,0.501152
805.0,-5.15072276e-07,100.0189669,0.00501065,0.501163
805.0,-5.446476921e-07,100.0189365,0.00501068,0.501166
805.0,-5.393225133e-07,100.0186304,0.00501067,0.501164
805.0,-5.132120216e-07,100.01886,0.00501064,0.501161
805.0,-4.922629009e-07,100.0189866,0.00501072,0.501167
805.0,-5.28375234e-07,100.0187168,0.00501063,0.501165
805.0,-5.221635163e-07,100.0192302,0.00501064,0.501163
805.0,-4.55035866e-07,100.0186648,0.00501069,0.501166
Freq,805,Rs,100.0188562625,0.00016499369634218647,Ls,-5.266387355375e-07,3.765731071955822e-08
":SOUR:DCS:STAT OFF;:BIAS:STAT OFF;:COMP:BIN:COUN:CLE;:LIST:CLE:ALL;:COMP:BIN:CLE;:AMPL:ALC OFF;:APER LONG,1;:BIAS:POL:AUTO OFF;:BIAS:RANG:AUTO ON;:BIAS:VOLT:LEV 0;:COMP:ABIN OFF;:COMP:BIN:COUN:STAT OFF;:COMP:MODE PTOL;:COMP:SLIM -9.9e+037,9.9e+037;:COMP:STAT OFF;:COMP:SWAP OFF;:COMP:TOL:NOM 0;:DISP:ENAB ON;:DISP:LINE """";:DISP:WIND:TEXT1:DATA:FMSD:DATA 1e-009;:DISP:WIND:TEXT2:DATA:FMSD:DATA 1e-009;:FORM:ASC:LONG ON;:FORM:BORD NORM;:FORM:DATA ASC,64;:FREQ:CW 805;:FUNC:DEV1:MODE OFF;:FUNC:DEV1:REF:VAL 0;:FUNC:DEV2:MODE OFF;:FUNC:DEV2:REF:VAL 0;:FUNC:IMP:TYPE LSRS;:FUNC:SMON:IDC:STAT OFF;:FUNC:SMON:VDC:STAT OFF;:INIT:CONT OFF;:LIST:MODE SEQ;:LIST:STIM:TYPE FREQ,NONE;:SOUR:DCS:VOLT:LEV 0;:TRIG:DEL 0;:TRIG:SOUR INT;:TRIG:TDEL 0;:VOLT:LEV 1;:DISP:WIND:TEXT1:DATA:FMSD:STAT OFF;:DISP:WIND:TEXT2:DATA:FMSD:STAT OFF;:FUNC:DCR:RANG:VAL 100;:FUNC:IMP:RANG:VAL 100;:OUTP:DC:ISOL:LEV:VAL 0.02;:OUTP:DC:ISOL:STAT OFF;:FUNC:DCR:RANG:AUTO ON;:FUNC:IMP:RANG:AUTO ON;:OUTP:DC:ISOL:LEV:AUTO ON;:DISP:PAGE MEASurement;
"
1005.0,8.56345193e-09,100.0195692,0.00499416,0.499518
1005.0,6.549598575e-09,100.0193216,0.00499418,0.499516
1005.0,-4.668488875e-09,100.0193508,0.00499421,0.499515
1005.0,-1.181230537e-08,100.0196897,0.00499421,0.499519
1005.0,-2.827042803e-08,100.0196007,0.00499421,0.499521
1005.0,-2.069808645e-08,100.0194913,0.00499427,0.499523
1005.0,-3.67577468e-08,100.0192408,0.00499423,0.499516
1005.0,-6.274962187e-08,100.019365,0.00499423,0.499517
1005.0,-2.572230661e-08,100.0196485,0.00499428,0.49952
1005.0,2.731427232e-08,100.0195384,0.00499425,0.499523
1005.0,-5.013654515e-08,100.019287,0.00499428,0.499522
1005.0,-3.014169236e-09,100.0193286,0.00499425,0.499525
1005.0,1.638759832e-09,100.0194669,0.00499424,0.499519
1005.0,-2.213016123e-08,100.0195656,0.00499425,0.499522
1005.0,2.178299666e-08,100.019464,0.0049942,0.499519
1005.0,9.522367014e-09,100.01941,0.00499422,0.499516
Freq,1005,Rs,100.01945863125,0.00013568947745464432,Ls,-1.1911775830625e-08,2.5181544316755793e-08
":SOUR:DCS:STAT OFF;:BIAS:STAT OFF;:COMP:BIN:COUN:CLE;:LIST:CLE:ALL;:COMP:BIN:CLE;:AMPL:ALC OFF;:APER LONG,1;:BIAS:POL:AUTO OFF;:BIAS:RANG:AUTO ON;:BIAS:VOLT:LEV 0;:COMP:ABIN OFF;:COMP:BIN:COUN:STAT OFF;:COMP:MODE PTOL;:COMP:SLIM -9.9e+037,9.9e+037;:COMP:STAT OFF;:COMP:SWAP OFF;:COMP:TOL:NOM 0;:DISP:ENAB ON;:DISP:LINE """";:DISP:WIND:TEXT1:DATA:FMSD:DATA 1e-009;:DISP:WIND:TEXT2:DATA:FMSD:DATA 1e-009;:FORM:ASC:LONG ON;:FORM:BORD NORM;:FORM:DATA ASC,64;:FREQ:CW 1005;:FUNC:DEV1:MODE OFF;:FUNC:DEV1:REF:VAL 0;:FUNC:DEV2:MODE OFF;:FUNC:DEV2:REF:VAL 0;:FUNC:IMP:TYPE LSRS;:FUNC:SMON:IDC:STAT OFF;:FUNC:SMON:VDC:STAT OFF;:INIT:CONT OFF;:LIST:MODE SEQ;:LIST:STIM:TYPE FREQ,NONE;:SOUR:DCS:VOLT:LEV 0;:TRIG:DEL 0;:TRIG:SOUR INT;:TRIG:TDEL 0;:VOLT:LEV 1;:DISP:WIND:TEXT1:DATA:FMSD:STAT OFF;:DISP:WIND:TEXT2:DATA:FMSD:STAT OFF;:FUNC:DCR:RANG:VAL 100;:FUNC:IMP:RANG:VAL 100;:OUTP:DC:ISOL:LEV:VAL 0.02;:OUTP:DC:ISOL:STAT OFF;:FUNC:DCR:RANG:AUTO ON;:FUNC:IMP:RANG:AUTO ON;:OUTP:DC:ISOL:LEV:AUTO ON;:DISP:PAGE MEASurement;
"
1205.0,2.588143867e-07,100.0253368,0.00501862,0.502002
1205.0,2.321991921e-07,100.025322,0.00501868,0.502
1205.0,2.354498359e-07,100.0256017,0.0050187,0.501999
1205.0,2.610771634e-07,100.0252407,0.00501875,0.501993
1205.0,2.044013857e-07,100.0255258,0.00501864,0.501993
1205.0,2.162835372e-07,100.0257368,0.00501861,0.501996
1205.0,2.29668992e-07,100.025217,0.00501871,0.501997
1205.0,2.374643047e-07,100.0253395,0.00501858,0.50199
1205.0,2.079513116e-07,100.0254546,0.00501873,0.501997
1205.0,2.32056362e-07,100.0255917,0.00501875,0.501994
1205.0,2.345037923e-07,100.0256177,0.00501872,0.501998
1205.0,2.483390681e-07,100.0251944,0.00501865,0.501996
1205.0,2.025594788e-07,100.0255075,0.00501867,0.501997
1205.0,1.930234038e-07,100.025337,0.00501867,0.501997
1205.0,2.188621311e-07,100.0255256,0.00501868,0.501994
1205.0,2.193770673e-07,100.0255124,0.00501866,0.501994
Freq,1205,Rs,100.025441325,0.000160945483523785,Ls,2.2700196329375e-07,1.964716925523929e-08
":SOUR:DCS:STAT OFF;:BIAS:STAT OFF;:COMP:BIN:COUN:CLE;:LIST:CLE:ALL;:COMP:BIN:CLE;:AMPL:ALC OFF;:APER LONG,1;:BIAS:POL:AUTO OFF;:BIAS:RANG:AUTO ON;:BIAS:VOLT:LEV 0;:COMP:ABIN OFF;:COMP:BIN:COUN:STAT OFF;:COMP:MODE PTOL;:COMP:SLIM -9.9e+037,9.9e+037;:COMP:STAT OFF;:COMP:SWAP OFF;:COMP:TOL:NOM 0;:DISP:ENAB ON;:DISP:LINE """";:DISP:WIND:TEXT1:DATA:FMSD:DATA 1e-009;:DISP:WIND:TEXT2:DATA:FMSD:DATA 1e-009;:FORM:ASC:LONG ON;:FORM:BORD NORM;:FORM:DATA ASC,64;:FREQ:CW 1205;:FUNC:DEV1:MODE OFF;:FUNC:DEV1:REF:VAL 0;:FUNC:DEV2:MODE OFF;:FUNC:DEV2:REF:VAL 0;:FUNC:IMP:TYPE LSRS;:FUNC:SMON:IDC:STAT OFF;:FUNC:SMON:VDC:STAT OFF;:INIT:CONT OFF;:LIST:MODE SEQ;:LIST:STIM:TYPE FREQ,NONE;:SOUR:DCS:VOLT:LEV 0;:TRIG:DEL 0;:TRIG:SOUR INT;:TRIG:TDEL 0;:VOLT:LEV 1;:DISP:WIND:TEXT1:DATA:FMSD:STAT OFF;:DISP:WIND:TEXT2:DATA:FMSD:STAT OFF;:FUNC:DCR:RANG:VAL 100;:FUNC:IMP:RANG:VAL 100;:OUTP:DC:ISOL:LEV:VAL 0.02;:OUTP:DC:ISOL:STAT OFF;:FUNC:DCR:RANG:AUTO ON;:FUNC:IMP:RANG:AUTO ON;:OUTP:DC:ISOL:LEV:AUTO ON;:DISP:PAGE MEASurement;
"
1591.549,5.7200989e-08,100.0236028,0.00502284,0.502396
1591.549,1.095795266e-07,100.0232715,0.00502284,0.502399
1591.549,8.751612197e-08,100.0235859,0.00502286,0.502407
1591.549,6.853461974e-08,100.0236303,0.00502278,0.502401
1591.549,1.067129588e-07,100.02341,0.00502285,0.5024
1591.549,1.280915937e-07,100.0235072,0.00502282,0.502403
1591.549,7.076452298e-08,100.0235094,0.00502286,0.502407
1591.549,8.027389413e-08,100.0233641,0.00502287,0.502402
1591.549,9.253263871e-08,100.0231508,0.00502285,0.502401
1591.549,7.799663211e-08,100.0233147,0.00502289,0.502408
1591.549,9.525380576e-08,100.023693,0.00502288,0.50241
1591.549,9.548252395e-08,100.023312,0.00502289,0.502408
1591.549,9.203376308e-08,100.023444,0.00502288,0.502405
1591.549,1.085524339e-07,100.0234825,0.00502287,0.502411
1591.549,1.008291239e-07,100.0235134,0.00502297,0.502411
1591.549,9.1665612e-08,100.0237033,0.00502294,0.502409
Freq,1591.549,Rs,100.02346843125,0.00015742152634846276,Ls,9.1438797520625e-08,1.7822018240375865e-08
":SOUR:DCS:STAT OFF;:BIAS:STAT OFF;:COMP:BIN:COUN:CLE;:LIST:CLE:ALL;:COMP:BIN:CLE;:AMPL:ALC OFF;:APER LONG,1;:BIAS:POL:AUTO OFF;:BIAS:RANG:AUTO ON;:BIAS:VOLT:LEV 0;:COMP:ABIN OFF;:COMP:BIN:COUN:STAT OFF;:COMP:MODE PTOL;:COMP:SLIM -9.9e+037,9.9e+037;:COMP:STAT OFF;:COMP:SWAP OFF;:COMP:TOL:NOM 0;:DISP:ENAB ON;:DISP:LINE """";:DISP:WIND:TEXT1:DATA:FMSD:DATA 1e-009;:DISP:WIND:TEXT2:DATA:FMSD:DATA 1e-009;:FORM:ASC:LONG ON;:FORM:BORD NORM;:FORM:DATA ASC,64;:FREQ:CW 1592;:FUNC:DEV1:MODE OFF;:FUNC:DEV1:REF:VAL 0;:FUNC:DEV2:MODE OFF;:FUNC:DEV2:REF:VAL 0;:FUNC:IMP:TYPE LSRS;:FUNC:SMON:IDC:STAT OFF;:FUNC:SMON:VDC:STAT OFF;:INIT:CONT OFF;:LIST:MODE SEQ;:LIST:STIM:TYPE FREQ,NONE;:SOUR:DCS:VOLT:LEV 0;:TRIG:DEL 0;:TRIG:SOUR INT;:TRIG:TDEL 0;:VOLT:LEV 1;:DISP:WIND:TEXT1:DATA:FMSD:STAT OFF;:DISP:WIND:TEXT2:DATA:FMSD:STAT OFF;:FUNC:DCR:RANG:VAL 100;:FUNC:IMP:RANG:VAL 100;:OUTP:DC:ISOL:LEV:VAL 0.02;:OUTP:DC:ISOL:STAT OFF;:FUNC:DCR:RANG:AUTO ON;:FUNC:IMP:RANG:AUTO ON;:OUTP:DC:ISOL:LEV:AUTO ON;:DISP:PAGE MEASurement;
"
1805.0,6.478337692e-08,100.0230011,0.00502399,0.502513
1805.0,6.190883835e-08,100.0229535,0.005024,0.502516
1805.0,7.020089601e-08,100.0226361,0.00502397,0.502519
1805.0,7.807946405e-08,100.0227946,0.00502392,0.50251
1805.0,6.73372709e-08,100.0229486,0.005024,0.502513
1805.0,6.547828111e-08,100.0230899,0.00502401,0.502515
1805.0,5.931469533e-08,100.0229028,0.00502402,0.502516
1805.0,5.268160537e-08,100.0230981,0.00502406,0.502518
1805.0,6.649506182e-08,100.02302,0.00502406,0.502514
1805.0,6.662890856e-08,100.0229083,0.00502406,0.502517
1805.0,7.118920715e-08,100.0231714,0.00502404,0.502521
1805.0,5.743360898e-08,100.0228192,0.00502402,0.502524
1805.0,3.634661857e-08,100.0227312,0.00502399,0.502517
1805.0,4.784913102e-08,100.0227275,0.00502402,0.502517
1805.0,6.068776103e-08,100.022864,0.00502409,0.502526
1805.0,7.412792362e-08,100.0228064,0.00502411,0.502529
Freq,1805,Rs,100.02290454375,0.00014925214892416033,Ls,6.2533915549375e-08,1.0384937644304909e-08
":SOUR:DCS:STAT OFF;:BIAS:STAT OFF;:COMP:BIN:COUN:CLE;:LIST:CLE:ALL;:COMP:BIN:CLE;:AMPL:ALC OFF;:APER LONG,1;:BIAS:POL:AUTO OFF;:BIAS:RANG:AUTO ON;:BIAS:VOLT:LEV 0;:COMP:ABIN OFF;:COMP:BIN:COUN:STAT OFF;:COMP:MODE PTOL;:COMP:SLIM -9.9e+037,9.9e+037;:COMP:STAT OFF;:COMP:SWAP OFF;:COMP:TOL:NOM 0;:DISP:ENAB ON;:DISP:LINE """";:DISP:WIND:TEXT1:DATA:FMSD:DATA 1e-009;:DISP:WIND:TEXT2:DATA:FMSD:DATA 1e-009;:FORM:ASC:LONG ON;:FORM:BORD NORM;:FORM:DATA ASC,64;:FREQ:CW 1805;:FUNC:DEV1:MODE OFF;:FUNC:DEV1:REF:VAL 0;:FUNC:DEV2:MODE OFF;:FUNC:DEV2:REF:VAL 0;:FUNC:IMP:TYPE LSRS;:FUNC:SMON:IDC:STAT OFF;:FUNC:SMON:VDC:STAT OFF;:INIT:CONT OFF;:LIST:MODE SEQ;:LIST:STIM:TYPE FREQ,NONE;:SOUR:DCS:VOLT:LEV 0;:TRIG:DEL 0;:TRIG:SOUR INT;:TRIG:TDEL 0;:VOLT:LEV 1;:DISP:WIND:TEXT1:DATA:FMSD:STAT OFF;:DISP:WIND:TEXT2:DATA:FMSD:STAT OFF;:FUNC:DCR:RANG:VAL 100;:FUNC:IMP:RANG:VAL 100;:OUTP:DC:ISOL:LEV:VAL 0.02;:OUTP:DC:ISOL:STAT OFF;:FUNC:DCR:RANG:AUTO ON;:FUNC:IMP:RANG:AUTO ON;:OUTP:DC:ISOL:LEV:AUTO ON;:DISP:PAGE MEASurement;
"
2005.0,1.661597847e-08,100.0197682,0.00500354,0.500448
2005.0,2.77530453e-09,100.0198474,0.0050035,0.500454
2005.0,-9.04179902e-09,100.0196914,0.00500358,0.500454
2005.0,2.051446067e-08,100.01982,0.00500358,0.500453
2005.0,1.771634582e-08,100.0197739,0.00500359,0.500459
2005.0,7.185599839e-09,100.0196473,0.00500356,0.500461
2005.0,1.459565759e-08,100.0195721,0.00500356,0.500452
2005.0,1.448312155e-08,100.019778,0.00500357,0.500451
2005.0,2.902054653e-08,100.019992,0.00500353,0.500448
2005.0,9.449359145e-09,100.0197183,0.00500351,0.500449
2005.0,1.963637644e-08,100.0197809,0.00500355,0.500446
2005.0,3.077538998e-08,100.0196189,0.00500353,0.500454
2005.0,1.244956763e-08,100.0197145,0.00500355,0.500454
2005.0,3.03516756e-08,100.0195668,0.00500355,0.500446
2005.0,1.906202062e-08,100.0197304,0.0050035,0.500449
2005.0,2.135014799e-08,100.019725,0.00500353,0.500452
Freq,2005,Rs,100.01973406875,0.00010682838398512321,Ls,1.60587345865e-08,1.0354253794424734e-08
":SOUR:DCS:STAT OFF;:BIAS:STAT OFF;:COMP:BIN:COUN:CLE;:LIST:CLE:ALL;:COMP:BIN:CLE;:AMPL:ALC OFF;:APER LONG,1;:BIAS:POL:AUTO OFF;:BIAS:RANG:AUTO ON;:BIAS:VOLT:LEV 0;:COMP:ABIN OFF;:COMP:BIN:COUN:STAT OFF;:COMP:MODE PTOL;:COMP:SLIM -9.9e+037,9.9e+037;:COMP:STAT OFF;:COMP:SWAP OFF;:COMP:TOL:NOM 0;:DISP:ENAB ON;:DISP:LINE """";:DISP:WIND:TEXT1:DATA:FMSD:DATA 1e-009;:DISP:WIND:TEXT2:DATA:FMSD:DATA 1e-009;:FORM:ASC:LONG ON;:FORM:BORD NORM;:FORM:DATA ASC,64;:FREQ:CW 2005;:FUNC:DEV1:MODE OFF;:FUNC:DEV1:REF:VAL 0;:FUNC:DEV2:MODE OFF;:FUNC:DEV2:REF:VAL 0;:FUNC:IMP:TYPE LSRS;:FUNC:SMON:IDC:STAT OFF;:FUNC:SMON:VDC:STAT OFF;:INIT:CONT OFF;:LIST:MODE SEQ;:LIST:STIM:TYPE FREQ,NONE;:SOUR:DCS:VOLT:LEV 0;:TRIG:DEL 0;:TRIG:SOUR INT;:TRIG:TDEL 0;:VOLT:LEV 1;:DISP:WIND:TEXT1:DATA:FMSD:STAT OFF;:DISP:WIND:TEXT2:DATA:FMSD:STAT OFF;:FUNC:DCR:RANG:VAL 100;:FUNC:IMP:RANG:VAL 100;:OUTP:DC:ISOL:LEV:VAL 0.02;:OUTP:DC:ISOL:STAT OFF;:FUNC:DCR:RANG:AUTO ON;:FUNC:IMP:RANG:AUTO ON;:OUTP:DC:ISOL:LEV:AUTO ON;:DISP:PAGE MEASurement;
"
3005.0,1.009265218e-08,100.0193497,0.00500512,0.500615
3005.0,2.4951635e-08,100.0199324,0.00500517,0.500616
3005.0,1.431721258e-08,100.019702,0.00500512,0.500615
3005.0,2.188268595e-08,100.0196664,0.00500527,0.500622
3005.0,3.473735499e-08,100.0196097,0.00500518,0.500621
3005.0,1.473719804e-08,100.0196014,0.00500512,0.500613
3005.0,9.402331496e-09,100.0195644,0.00500514,0.500612
3005.0,1.036141686e-08,100.0195969,0.00500518,0.500617
3005.0,2.212275885e-09,100.0198211,0.00500509,0.500612
3005.0,1.902518878e-08,100.0200871,0.00500517,0.500618
3005.0,1.221110364e-08,100.0196146,0.00500522,0.500621
3005.0,1.12003689e-08,100.0193598,0.00500518,0.500616
3005.0,1.704461433e-08,100.0196464,0.0050052,0.500616
3005.0,1.375947716e-08,100.0197836,0.00500514,0.500617
3005.0,1.421160128e-08,100.0197009,0.00500516,0.500618
3005.0,1.334585001e-08,100.0194806,0.00500522,0.500625
Freq,3005,Rs,100.0196573125,0.00018993510777743153,Ls,1.52183104425625e-08,7.41033067108098e-09
":SOUR:DCS:STAT OFF;:BIAS:STAT OFF;:COMP:BIN:COUN:CLE;:LIST:CLE:ALL;:COMP:BIN:CLE;:AMPL:ALC OFF;:APER LONG,1;:BIAS:POL:AUTO OFF;:BIAS:RANG:AUTO ON;:BIAS:VOLT:LEV 0;:COMP:ABIN OFF;:COMP:BIN:COUN:STAT OFF;:COMP:MODE PTOL;:COMP:SLIM -9.9e+037,9.9e+037;:COMP:STAT OFF;:COMP:SWAP OFF;:COMP:TOL:NOM 0;:DISP:ENAB ON;:DISP:LINE """";:DISP:WIND:TEXT1:DATA:FMSD:DATA 1e-009;:DISP:WIND:TEXT2:DATA:FMSD:DATA 1e-009;:FORM:ASC:LONG ON;:FORM:BORD NORM;:FORM:DATA ASC,64;:FREQ:CW 3005;:FUNC:DEV1:MODE OFF;:FUNC:DEV1:REF:VAL 0;:FUNC:DEV2:MODE OFF;:FUNC:DEV2:REF:VAL 0;:FUNC:IMP:TYPE LSRS;:FUNC:SMON:IDC:STAT OFF;:FUNC:SMON:VDC:STAT OFF;:INIT:CONT OFF;:LIST:MODE SEQ;:LIST:STIM:TYPE FREQ,NONE;:SOUR:DCS:VOLT:LEV 0;:TRIG:DEL 0;:TRIG:SOUR INT;:TRIG:TDEL 0;:VOLT:LEV 1;:DISP:WIND:TEXT1:DATA:FMSD:STAT OFF;:DISP:WIND:TEXT2:DATA:FMSD:STAT OFF;:FUNC:DCR:RANG:VAL 100;:FUNC:IMP:RANG:VAL 100;:OUTP:DC:ISOL:LEV:VAL 0.02;:OUTP:DC:ISOL:STAT OFF;:FUNC:DCR:RANG:AUTO ON;:FUNC:IMP:RANG:AUTO ON;:OUTP:DC:ISOL:LEV:AUTO ON;:DISP:PAGE MEASurement;
"
4005.0,3.070272463e-08,100.0212513,0.00500662,0.500774
4005.0,2.615284701e-08,100.0213202,0.00500665,0.500768
4005.0,2.708061959e-08,100.0214293,0.00500665,0.500777
4005.0,2.321499384e-08,100.021226,0.00500656,0.500768
4005.0,2.292396065e-08,100.0213199,0.00500658,0.500765
4005.0,2.906669523e-08,100.0211826,0.00500663,0.500765
4005.0,3.143460265e-08,100.0217269,0.0050066,0.500767
4005.0,1.959882238e-08,100.0216719,0.00500659,0.500763
4005.0,1.735682946e-08,100.0216302,0.0050066,0.500762
4005.0,1.196023528e-08,100.0214773,0.0050066,0.500763
4005.0,2.782432971e-08,100.0217081,0.0050066,0.500769
4005.0,2.586487438e-08,100.0211792,0.00500663,0.500768
4005.0,2.048403825e-08,100.0215998,0.00500657,0.500758
4005.0,1.646524923e-08,100.0214951,0.00500659,0.500762
4005.0,1.807070075e-08,100.0212428,0.00500662,0.500773
4005.0,1.545638162e-08,100.0211925,0.00500661,0.500773
Freq,4005,Rs,100.02141581875,0.00020157053428470747,Ls,2.272861904125e-08,5.886444729732502e-09
":SOUR:DCS:STAT OFF;:BIAS:STAT OFF;:COMP:BIN:COUN:CLE;:LIST:CLE:ALL;:COMP:BIN:CLE;:AMPL:ALC OFF;:APER LONG,1;:BIAS:POL:AUTO OFF;:BIAS:RANG:AUTO ON;:BIAS:VOLT:LEV 0;:COMP:ABIN OFF;:COMP:BIN:COUN:STAT OFF;:COMP:MODE PTOL;:COMP:SLIM -9.9e+037,9.9e+037;:COMP:STAT OFF;:COMP:SWAP OFF;:COMP:TOL:NOM 0;:DISP:ENAB ON;:DISP:LINE """";:DISP:WIND:TEXT1:DATA:FMSD:DATA 1e-009;:DISP:WIND:TEXT2:DATA:FMSD:DATA 1e-009;:FORM:ASC:LONG ON;:FORM:BORD NORM;:FORM:DATA ASC,64;:FREQ:CW 4005;:FUNC:DEV1:MODE OFF;:FUNC:DEV1:REF:VAL 0;:FUNC:DEV2:MODE OFF;:FUNC:DEV2:REF:VAL 0;:FUNC:IMP:TYPE LSRS;:FUNC:SMON:IDC:STAT OFF;:FUNC:SMON:VDC:STAT OFF;:INIT:CONT OFF;:LIST:MODE SEQ;:LIST:STIM:TYPE FREQ,NONE;:SOUR:DCS:VOLT:LEV 0;:TRIG:DEL 0;:TRIG:SOUR INT;:TRIG:TDEL 0;:VOLT:LEV 1;:DISP:WIND:TEXT1:DATA:FMSD:STAT OFF;:DISP:WIND:TEXT2:DATA:FMSD:STAT OFF;:FUNC:DCR:RANG:VAL 100;:FUNC:IMP:RANG:VAL 100;:OUTP:DC:ISOL:LEV:VAL 0.02;:OUTP:DC:ISOL:STAT OFF;:FUNC:DCR:RANG:AUTO ON;:FUNC:IMP:RANG:AUTO ON;:OUTP:DC:ISOL:LEV:AUTO ON;:DISP:PAGE MEASurement;
"
5005.0,1.56539185e-08,100.0193996,0.00500033,0.500128
5005.0,1.02398636e-08,100.0195048,0.00500026,0.500125
5005.0,1.68755133e-08,100.0195407,0.00500028,0.500123
5005.0,1.203132333e-08,100.0194205,0.00500023,0.500117
5005.0,9.482128212e-09,100.0198411,0.00500034,0.500134
5005.0,9.131363245e-09,100.0195984,0.00500032,0.500123
5005.0,9.264700784e-09,100.0193083,0.00500028,0.500131
5005.0,1.443558815e-08,100.019615,0.00500034,0.500125
5005.0,8.250919777e-09,100.0192504,0.00500035,0.500128
5005.0,7.192067493e-09,100.0197561,0.00500025,0.500128
5005.0,9.715732408e-09,100.0197085,0.00500033,0.500133
5005.0,6.958293881e-09,100.0191632,0.00500031,0.500133
5005.0,6.774444993e-09,100.0196963,0.0050003,0.500127
5005.0,1.259521656e-08,100.0195854,0.00500034,0.500131
5005.0,5.773962276e-09,100.019381,0.00500031,0.500126
5005.0,7.588846741e-09,100.0195236,0.00500031,0.500133
Freq,5005,Rs,100.01951830625,0.00018869064088613928,Ls,1.0122742703124999e-08,3.3217367158815418e-09
":SOUR:DCS:STAT OFF;:BIAS:STAT OFF;:COMP:BIN:COUN:CLE;:LIST:CLE:ALL;:COMP:BIN:CLE;:AMPL:ALC OFF;:APER LONG,1;:BIAS:POL:AUTO OFF;:BIAS:RANG:AUTO ON;:BIAS:VOLT:LEV 0;:COMP:ABIN OFF;:COMP:BIN:COUN:STAT OFF;:COMP:MODE PTOL;:COMP:SLIM -9.9e+037,9.9e+037;:COMP:STAT OFF;:COMP:SWAP OFF;:COMP:TOL:NOM 0;:DISP:ENAB ON;:DISP:LINE """";:DISP:WIND:TEXT1:DATA:FMSD:DATA 1e-009;:DISP:WIND:TEXT2:DATA:FMSD:DATA 1e-009;:FORM:ASC:LONG ON;:FORM:BORD NORM;:FORM:DATA ASC,64;:FREQ:CW 5005;:FUNC:DEV1:MODE OFF;:FUNC:DEV1:REF:VAL 0;:FUNC:DEV2:MODE OFF;:FUNC:DEV2:REF:VAL 0;:FUNC:IMP:TYPE LSRS;:FUNC:SMON:IDC:STAT OFF;:FUNC:SMON:VDC:STAT OFF;:INIT:CONT OFF;:LIST:MODE SEQ;:LIST:STIM:TYPE FREQ,NONE;:SOUR:DCS:VOLT:LEV 0;:TRIG:DEL 0;:TRIG:SOUR INT;:TRIG:TDEL 0;:VOLT:LEV 1;:DISP:WIND:TEXT1:DATA:FMSD:STAT OFF;:DISP:WIND:TEXT2:DATA:FMSD:STAT OFF;:FUNC:DCR:RANG:VAL 100;:FUNC:IMP:RANG:VAL 100;:OUTP:DC:ISOL:LEV:VAL 0.02;:OUTP:DC:ISOL:STAT OFF;:FUNC:DCR:RANG:AUTO ON;:FUNC:IMP:RANG:AUTO ON;:OUTP:DC:ISOL:LEV:AUTO ON;:DISP:PAGE MEASurement;
"
8005.0,6.621100111e-09,100.0195119,0.00500476,0.500575
8005.0,1.095658168e-09,100.0195425,0.00500474,0.500572
8005.0,-1.44623749e-09,100.019926,0.00500469,0.500572
8005.0,7.494688777e-09,100.0195376,0.0050047,0.500573
8005.0,5.530765455e-09,100.0195567,0.00500471,0.500576
8005.0,8.915564305e-09,100.0199728,0.00500477,0.500573
8005.0,4.055018945e-09,100.0198185,0.00500473,0.500571
8005.0,-1.808633412e-09,100.0198128,0.00500474,0.500569
8005.0,7.994978398e-09,100.0195586,0.00500475,0.50057
8005.0,6.439584185e-09,100.019708,0.00500477,0.500574
8005.0,-9.526226735e-10,100.0193002,0.00500463,0.500565
8005.0,2.045951851e-09,100.0196456,0.00500469,0.500562
8005.0,6.814296631e-09,100.0199466,0.00500472,0.500577
8005.0,3.567084351e-09,100.0193789,0.00500474,0.500574
8005.0,3.105400054e-09,100.0199439,0.00500474,0.500577
8005.0,1.892163135e-09,100.0194636,0.00500479,0.500569
Freq,8005,Rs,100.0196640125,0.00021614549690676378,Ls,3.8352975494062496e-09,3.4699098891574208e-09
":SOUR:DCS:STAT OFF;:BIAS:STAT OFF;:COMP:BIN:COUN:CLE;:LIST:CLE:ALL;:COMP:BIN:CLE;:AMPL:ALC OFF;:APER LONG,1;:BIAS:POL:AUTO OFF;:BIAS:RANG:AUTO ON;:BIAS:VOLT:LEV 0;:COMP:ABIN OFF;:COMP:BIN:COUN:STAT OFF;:COMP:MODE PTOL;:COMP:SLIM -9.9e+037,9.9e+037;:COMP:STAT OFF;:COMP:SWAP OFF;:COMP:TOL:NOM 0;:DISP:ENAB ON;:DISP:LINE """";:DISP:WIND:TEXT1:DATA:FMSD:DATA 1e-009;:DISP:WIND:TEXT2:DATA:FMSD:DATA 1e-009;:FORM:ASC:LONG ON;:FORM:BORD NORM;:FORM:DATA ASC,64;:FREQ:CW 8005;:FUNC:DEV1:MODE OFF;:FUNC:DEV1:REF:VAL 0;:FUNC:DEV2:MODE OFF;:FUNC:DEV2:REF:VAL 0;:FUNC:IMP:TYPE LSRS;:FUNC:SMON:IDC:STAT OFF;:FUNC:SMON:VDC:STAT OFF;:INIT:CONT OFF;:LIST:MODE SEQ;:LIST:STIM:TYPE FREQ,NONE;:SOUR:DCS:VOLT:LEV 0;:TRIG:DEL 0;:TRIG:SOUR INT;:TRIG:TDEL 0;:VOLT:LEV 1;:DISP:WIND:TEXT1:DATA:FMSD:STAT OFF;:DISP:WIND:TEXT2:DATA:FMSD:STAT OFF;:FUNC:DCR:RANG:VAL 100;:FUNC:IMP:RANG:VAL 100;:OUTP:DC:ISOL:LEV:VAL 0.02;:OUTP:DC:ISOL:STAT OFF;:FUNC:DCR:RANG:AUTO ON;:FUNC:IMP:RANG:AUTO ON;:OUTP:DC:ISOL:LEV:AUTO ON;:DISP:PAGE MEASurement;
"
10005.0,2.388397158e-09,100.0198019,0.00500467,0.500561
10005.0,6.651136626e-09,100.0196593,0.00500468,0.500566
10005.0,4.46922453e-09,100.0198099,0.00500467,0.50057
10005.0,4.814027799e-09,100.019558,0.00500464,0.50056
10005.0,5.214022461e-09,100.0194816,0.00500463,0.500564
10005.0,5.842083411e-09,100.0195816,0.00500466,0.500561
10005.0,2.294504064e-09,100.0195938,0.0050046,0.500561
10005.0,2.445464315e-09,100.0191485,0.00500462,0.500562
10005.0,6.386091222e-09,100.0194647,0.00500463,0.500562
10005.0,-6.154422729e-10,100.0194273,0.00500466,0.500562
10005.0,6.015358556e-09,100.0195893,0.0050046,0.500561
10005.0,4.296314465e-09,100.0195731,0.00500466,0.500565
10005.0,2.953785833e-09,100.0195561,0.00500467,0.500565
10005.0,1.454826877e-09,100.0194803,0.00500469,0.500564
10005.0,5.116852245e-09,100.0195055,0.00500462,0.500566
10005.0,9.441937557e-09,100.019917,0.00500471,0.500573
Freq,10005,Rs,100.01957174374999,0.00017705353227762184,Ls,4.32303655288125e-09,2.430515779473652e-09
":SOUR:DCS:STAT OFF;:BIAS:STAT OFF;:COMP:BIN:COUN:CLE;:LIST:CLE:ALL;:COMP:BIN:CLE;:AMPL:ALC OFF;:APER LONG,1;:BIAS:POL:AUTO OFF;:BIAS:RANG:AUTO ON;:BIAS:VOLT:LEV 0;:COMP:ABIN OFF;:COMP:BIN:COUN:STAT OFF;:COMP:MODE PTOL;:COMP:SLIM -9.9e+037,9.9e+037;:COMP:STAT OFF;:COMP:SWAP OFF;:COMP:TOL:NOM 0;:DISP:ENAB ON;:DISP:LINE """";:DISP:WIND:TEXT1:DATA:FMSD:DATA 1e-009;:DISP:WIND:TEXT2:DATA:FMSD:DATA 1e-009;:FORM:ASC:LONG ON;:FORM:BORD NORM;:FORM:DATA ASC,64;:FREQ:CW 10010;:FUNC:DEV1:MODE OFF;:FUNC:DEV1:REF:VAL 0;:FUNC:DEV2:MODE OFF;:FUNC:DEV2:REF:VAL 0;:FUNC:IMP:TYPE LSRS;:FUNC:SMON:IDC:STAT OFF;:FUNC:SMON:VDC:STAT OFF;:INIT:CONT OFF;:LIST:MODE SEQ;:LIST:STIM:TYPE FREQ,NONE;:SOUR:DCS:VOLT:LEV 0;:TRIG:DEL 0;:TRIG:SOUR INT;:TRIG:TDEL 0;:VOLT:LEV 1;:DISP:WIND:TEXT1:DATA:FMSD:STAT OFF;:DISP:WIND:TEXT2:DATA:FMSD:STAT OFF;:FUNC:DCR:RANG:VAL 100;:FUNC:IMP:RANG:VAL 100;:OUTP:DC:ISOL:LEV:VAL 0.02;:OUTP:DC:ISOL:STAT OFF;:FUNC:DCR:RANG:AUTO ON;:FUNC:IMP:RANG:AUTO ON;:OUTP:DC:ISOL:LEV:AUTO ON;:DISP:PAGE MEASurement;
"
15005.0,-1.454326975e-09,100.0195401,0.00500328,0.500423
15005.0,-2.931228399e-09,100.0193573,0.00500327,0.500428
15005.0,-3.743379924e-09,100.019551,0.00500329,0.500426
15005.0,-1.953436708e-09,100.0198328,0.00500327,0.500426
15005.0,-4.510602406e-09,100.0200659,0.00500329,0.500427
15005.0,-3.617989441e-09,100.0197834,0.00500334,0.500435
15005.0,-1.267799242e-09,100.0195085,0.00500328,0.500427
15005.0,-1.342113161e-09,100.019842,0.00500328,0.50043
15005.0,-1.120466657e-09,100.0197393,0.00500332,0.500429
15005.0,-3.373413812e-09,100.0196095,0.00500329,0.500429
15005.0,-1.111957029e-09,100.019352,0.00500335,0.500428
15005.0,-2.61930627e-09,100.0192976,0.00500336,0.500431
15005.0,-1.862898894e-09,100.0195829,0.00500334,0.500433
15005.0,-2.367296854e-09,100.0198931,0.00500336,0.500434
15005.0,-1.823678257e-09,100.0200808,0.00500333,0.500434
15005.0,-1.091636184e-09,100.0197454,0.00500339,0.500441
Freq,15005,Rs,100.01967385,0.00023950169380162882,Ls,-2.2619706383125e-09,1.0905747535731518e-09
":SOUR:DCS:STAT OFF;:BIAS:STAT OFF;:COMP:BIN:COUN:CLE;:LIST:CLE:ALL;:COMP:BIN:CLE;:AMPL:ALC OFF;:APER LONG,1;:BIAS:POL:AUTO OFF;:BIAS:RANG:AUTO ON;:BIAS:VOLT:LEV 0;:COMP:ABIN OFF;:COMP:BIN:COUN:STAT OFF;:COMP:MODE PTOL;:COMP:SLIM -9.9e+037,9.9e+037;:COMP:STAT OFF;:COMP:SWAP OFF;:COMP:TOL:NOM 0;:DISP:ENAB ON;:DISP:LINE """";:DISP:WIND:TEXT1:DATA:FMSD:DATA 1e-009;:DISP:WIND:TEXT2:DATA:FMSD:DATA 1e-009;:FORM:ASC:LONG ON;:FORM:BORD NORM;:FORM:DATA ASC,64;:FREQ:CW 15010;:FUNC:DEV1:MODE OFF;:FUNC:DEV1:REF:VAL 0;:FUNC:DEV2:MODE OFF;:FUNC:DEV2:REF:VAL 0;:FUNC:IMP:TYPE LSRS;:FUNC:SMON:IDC:STAT OFF;:FUNC:SMON:VDC:STAT OFF;:INIT:CONT OFF;:LIST:MODE SEQ;:LIST:STIM:TYPE FREQ,NONE;:SOUR:DCS:VOLT:LEV 0;:TRIG:DEL 0;:TRIG:SOUR INT;:TRIG:TDEL 0;:VOLT:LEV 1;:DISP:WIND:TEXT1:DATA:FMSD:STAT OFF;:DISP:WIND:TEXT2:DATA:FMSD:STAT OFF;:FUNC:DCR:RANG:VAL 100;:FUNC:IMP:RANG:VAL 100;:OUTP:DC:ISOL:LEV:VAL 0.02;:OUTP:DC:ISOL:STAT OFF;:FUNC:DCR:RANG:AUTO ON;:FUNC:IMP:RANG:AUTO ON;:OUTP:DC:ISOL:LEV:AUTO ON;:DISP:PAGE MEASurement;
"
20005.0,-1.949858649e-09,100.0196214,0.00501012,0.501112
20005.0,-1.537877312e-09,100.0195422,0.00501008,0.501105
20005.0,-3.939999555e-09,100.0195816,0.00501011,0.501106
20005.0,-5.75877593e-10,100.0196977,0.00501006,0.501108
20005.0,-1.500479319e-09,100.0196013,0.00501005,0.501106
20005.0,-1.857621083e-09,100.0196932,0.00501005,0.501106
20005.0,-1.35624451e-09,100.0198095,0.00501016,0.501115
20005.0,1.209812043e-09,100.020036,0.00501016,0.50111
20005.0,2.780615366e-11,100.0197221,0.00501012,0.501108
20005.0,-2.60522492e-10,100.0199338,0.0050101,0.501109
20005.0,-3.063907217e-09,100.0194215,0.00501011,0.501111
20005.0,2.774042897e-10,100.0192351,0.00501015,0.501106
20005.0,-6.792306658e-10,100.019869,0.00501004,0.501104
20005.0,-3.124644001e-09,100.0198703,0.00501012,0.501107
20005.0,-2.692867801e-09,100.0198405,0.00501,0.501103
20005.0,1.273519201e-09,100.0197212,0.00501005,0.501112
Freq,20005,Rs,100.019699775,0.00020105951191842094,Ls,-1.2344117819025e-09,1.5335882682191062e-09
":SOUR:DCS:STAT OFF;:BIAS:STAT OFF;:COMP:BIN:COUN:CLE;:LIST:CLE:ALL;:COMP:BIN:CLE;:AMPL:ALC OFF;:APER LONG,1;:BIAS:POL:AUTO OFF;:BIAS:RANG:AUTO ON;:BIAS:VOLT:LEV 0;:COMP:ABIN OFF;:COMP:BIN:COUN:STAT OFF;:COMP:MODE PTOL;:COMP:SLIM -9.9e+037,9.9e+037;:COMP:STAT OFF;:COMP:SWAP OFF;:COMP:TOL:NOM 0;:DISP:ENAB ON;:DISP:LINE """";:DISP:WIND:TEXT1:DATA:FMSD:DATA 1e-009;:DISP:WIND:TEXT2:DATA:FMSD:DATA 1e-009;:FORM:ASC:LONG ON;:FORM:BORD NORM;:FORM:DATA ASC,64;:FREQ:CW 20010;:FUNC:DEV1:MODE OFF;:FUNC:DEV1:REF:VAL 0;:FUNC:DEV2:MODE OFF;:FUNC:DEV2:REF:VAL 0;:FUNC:IMP:TYPE LSRS;:FUNC:SMON:IDC:STAT OFF;:FUNC:SMON:VDC:STAT OFF;:INIT:CONT OFF;:LIST:MODE SEQ;:LIST:STIM:TYPE FREQ,NONE;:SOUR:DCS:VOLT:LEV 0;:TRIG:DEL 0;:TRIG:SOUR INT;:TRIG:TDEL 0;:VOLT:LEV 1;:DISP:WIND:TEXT1:DATA:FMSD:STAT OFF;:DISP:WIND:TEXT2:DATA:FMSD:STAT OFF;:FUNC:DCR:RANG:VAL 100;:FUNC:IMP:RANG:VAL 100;:OUTP:DC:ISOL:LEV:VAL 0.02;:OUTP:DC:ISOL:STAT OFF;:FUNC:DCR:RANG:AUTO ON;:FUNC:IMP:RANG:AUTO ON;:OUTP:DC:ISOL:LEV:AUTO ON;:DISP:PAGE MEASurement;
"
30005.0,5.527903912e-09,100.0190296,0.00499509,0.499614
30005.0,5.368349064e-09,100.018925,0.0049952,0.499609
30005.0,4.586856714e-09,100.0195063,0.00499517,0.499618
30005.0,3.463262392e-09,100.0190605,0.00499513,0.499619
30005.0,5.298950875e-09,100.0194574,0.00499512,0.499616
30005.0,5.841268016e-09,100.0189546,0.0049951,0.499607
30005.0,4.765613836e-09,100.0190065,0.00499507,0.499603
30005.0,4.688002686e-09,100.0190357,0.00499502,0.4996
30005.0,5.356047664e-09,100.0188435,0.00499512,0.499614
30005.0,4.882248151e-09,100.0194779,0.00499515,0.49961
30005.0,4.494636065e-09,100.0192638,0.0049951,0.4996
30005.0,5.952486931e-09,100.0197445,0.00499507,0.499603
30005.0,5.022616645e-09,100.0190552,0.00499502,0.499593
30005.0,5.341466937e-09,100.0193086,0.00499515,0.499598
30005.0,4.545512623e-09,100.0192944,0.0049951,0.499606
30005.0,4.410167757e-09,100.0191354,0.00499522,0.499602
Freq,30005,Rs,100.01919368125,0.00025284142650793,Ls,4.9715868917500005e-09,6.24921903200665e-10
":SOUR:DCS:STAT OFF;:BIAS:STAT OFF;:COMP:BIN:COUN:CLE;:LIST:CLE:ALL;:COMP:BIN:CLE;:AMPL:ALC OFF;:APER LONG,1;:BIAS:POL:AUTO OFF;:BIAS:RANG:AUTO ON;:BIAS:VOLT:LEV 0;:COMP:ABIN OFF;:COMP:BIN:COUN:STAT OFF;:COMP:MODE PTOL;:COMP:SLIM -9.9e+037,9.9e+037;:COMP:STAT OFF;:COMP:SWAP OFF;:COMP:TOL:NOM 0;:DISP:ENAB ON;:DISP:LINE """";:DISP:WIND:TEXT1:DATA:FMSD:DATA 1e-009;:DISP:WIND:TEXT2:DATA:FMSD:DATA 1e-009;:FORM:ASC:LONG ON;:FORM:BORD NORM;:FORM:DATA ASC,64;:FREQ:CW 30010;:FUNC:DEV1:MODE OFF;:FUNC:DEV1:REF:VAL 0;:FUNC:DEV2:MODE OFF;:FUNC:DEV2:REF:VAL 0;:FUNC:IMP:TYPE LSRS;:FUNC:SMON:IDC:STAT OFF;:FUNC:SMON:VDC:STAT OFF;:INIT:CONT OFF;:LIST:MODE SEQ;:LIST:STIM:TYPE FREQ,NONE;:SOUR:DCS:VOLT:LEV 0;:TRIG:DEL 0;:TRIG:SOUR INT;:TRIG:TDEL 0;:VOLT:LEV 1;:DISP:WIND:TEXT1:DATA:FMSD:STAT OFF;:DISP:WIND:TEXT2:DATA:FMSD:STAT OFF;:FUNC:DCR:RANG:VAL 100;:FUNC:IMP:RANG:VAL 100;:OUTP:DC:ISOL:LEV:VAL 0.02;:OUTP:DC:ISOL:STAT OFF;:FUNC:DCR:RANG:AUTO ON;:FUNC:IMP:RANG:AUTO ON;:OUTP:DC:ISOL:LEV:AUTO ON;:DISP:PAGE MEASurement;
"
":SOUR:DCS:STAT OFF;:BIAS:STAT OFF;:COMP:BIN:COUN:CLE;:LIST:CLE:ALL;:COMP:BIN:CLE;:AMPL:ALC OFF;:APER LONG,1;:BIAS:POL:AUTO OFF;:BIAS:RANG:AUTO ON;:BIAS:VOLT:LEV 0;:COMP:ABIN OFF;:COMP:BIN:COUN:STAT OFF;:COMP:MODE PTOL;:COMP:SLIM -9.9e+037,9.9e+037;:COMP:STAT OFF;:COMP:SWAP OFF;:COMP:TOL:NOM 0;:DISP:ENAB ON;:DISP:LINE """";:DISP:WIND:TEXT1:DATA:FMSD:DATA 1e-009;:DISP:WIND:TEXT2:DATA:FMSD:DATA 1e-009;:FORM:ASC:LONG ON;:FORM:BORD NORM;:FORM:DATA ASC,64;:FREQ:CW 30010;:FUNC:DEV1:MODE OFF;:FUNC:DEV1:REF:VAL 0;:FUNC:DEV2:MODE OFF;:FUNC:DEV2:REF:VAL 0;:FUNC:IMP:TYPE LSRS;:FUNC:SMON:IDC:STAT OFF;:FUNC:SMON:VDC:STAT OFF;:INIT:CONT OFF;:LIST:MODE SEQ;:LIST:STIM:TYPE FREQ,NONE;:SOUR:DCS:VOLT:LEV 0;:TRIG:DEL 0;:TRIG:SOUR INT;:TRIG:TDEL 0;:VOLT:LEV 1;:DISP:WIND:TEXT1:DATA:FMSD:STAT OFF;:DISP:WIND:TEXT2:DATA:FMSD:STAT OFF;:FUNC:DCR:RANG:VAL 100;:FUNC:IMP:RANG:VAL 100;:OUTP:DC:ISOL:LEV:VAL 0.02;:OUTP:DC:ISOL:STAT OFF;:FUNC:DCR:RANG:AUTO ON;:FUNC:IMP:RANG:AUTO ON;:OUTP:DC:ISOL:LEV:AUTO ON;:DISP:PAGE MEASurement;
"
2024-04-29,14:17:06
---------run finished---------
Frequency,Resistance,uR,Inductance,uL
20,100.03324425625,0.0005625519495630737,-0.00016620774275625,5.15916564101023e-06
30,100.027225875,0.0004660913637179952,-8.41314347075e-05,2.3009540755860727e-06
40,100.02504490625,0.00036770112948600905,-5.2346322480625e-05,1.5236678674620896e-06
55,100.02130594375001,0.000343781511949293,-2.8437155881875e-05,7.283687743014354e-07
70,100.01896003750001,0.0002446029323216354,-1.8109251903125e-05,6.592086667872044e-07
105,100.01893333125,0.00021203765300368765,-8.6040598438125e-06,3.174041375043705e-07
205,100.02120114375,0.00019692583703341727,-7.528221091e-06,1.629769984428871e-07
305,100.02047516249999,0.0001765365188857849,-3.2688773579374995e-06,6.938778167831079e-08
505,100.019908775,0.00018270049990824224,-1.2589545510625e-06,7.749054106755599e-08
805,100.0188562625,0.00016499369634218647,-5.266387355375e-07,3.765731071955822e-08
1005,100.01945863125,0.00013568947745464432,-1.1911775830625e-08,2.5181544316755793e-08
1205,100.025441325,0.000160945483523785,2.2700196329375e-07,1.964716925523929e-08
1591.549,100.02346843125,0.00015742152634846276,9.1438797520625e-08,1.7822018240375865e-08
1805,100.02290454375,0.00014925214892416033,6.2533915549375e-08,1.0384937644304909e-08
2005,100.01973406875,0.00010682838398512321,1.60587345865e-08,1.0354253794424734e-08
3005,100.0196573125,0.00018993510777743153,1.52183104425625e-08,7.41033067108098e-09
4005,100.02141581875,0.00020157053428470747,2.272861904125e-08,5.886444729732502e-09
5005,100.01951830625,0.00018869064088613928,1.0122742703124999e-08,3.3217367158815418e-09
8005,100.0196640125,0.00021614549690676378,3.8352975494062496e-09,3.4699098891574208e-09
10005,100.01957174374999,0.00017705353227762184,4.32303655288125e-09,2.430515779473652e-09
15005,100.01967385,0.00023950169380162882,-2.2619706383125e-09,1.0905747535731518e-09
20005,100.019699775,0.00020105951191842094,-1.2344117819025e-09,1.5335882682191062e-09
30005,100.01919368125,0.00025284142650793,4.9715868917500005e-09,6.24921903200665e-10
lcr name:,KeySight E4980A
Name and description of Resistor under test: ,"42035A 10 ohm, no leads"
2024-04-29,14:19:41
select the freq range,"[20, 30, 40, 55, 70, 105, 205, 305, 505, 805, 1005, 1205, 1591.549, 1805, 2005, 3005, 4005, 5005, 8005, 10005, 15005, 20005, 30005]"
20.0,-1.671508036e-05,9.999344368,0.00908876,0.0908836
20.0,-1.687959148e-05,9.999799998,0.00908873,0.0908877
20.0,-1.528202603e-05,9.999383894,0.0090887,0.0908832
20.0,-1.703791577e-05,9.999765773,0.00908865,0.0908868
20.0,-1.66908066e-05,9.999237276,0.00908892,0.0908806
20.0,-1.687781085e-05,9.999768187,0.00908882,0.090886
20.0,-1.647303491e-05,9.999788424,0.00908886,0.0908828
20.0,-1.801619172e-05,9.999403758,0.00908882,0.090886
20.0,-1.726020138e-05,9.999806627,0.00908878,0.0908816
20.0,-1.800647464e-05,9.999204535,0.00908877,0.0908863
20.0,-1.722200559e-05,9.999262569,0.00908875,0.0908821
20.0,-1.573760382e-05,9.999859176,0.00908876,0.0908855
20.0,-1.662261159e-05,9.999739153,0.00908877,0.0908826
20.0,-1.686781515e-05,9.999740274,0.00908884,0.0908865
20.0,-1.770340463e-05,9.999349649,0.00908879,0.0908838
20.0,-1.664693352e-05,9.999751352,0.00908877,0.0908857
Freq,20,Rs,9.9995753133125,0.0002460882157172981,Ls,-1.6877469252499997e-05,7.179671773116246e-07
":SOUR:DCS:STAT OFF;:BIAS:STAT OFF;:COMP:BIN:COUN:CLE;:LIST:CLE:ALL;:COMP:BIN:CLE;:AMPL:ALC OFF;:APER LONG,1;:BIAS:POL:AUTO OFF;:BIAS:RANG:AUTO ON;:BIAS:VOLT:LEV 0;:COMP:ABIN OFF;:COMP:BIN:COUN:STAT OFF;:COMP:MODE PTOL;:COMP:SLIM -9.9e+037,9.9e+037;:COMP:STAT OFF;:COMP:SWAP OFF;:COMP:TOL:NOM 0;:DISP:ENAB ON;:DISP:LINE """";:DISP:WIND:TEXT1:DATA:FMSD:DATA 1e-009;:DISP:WIND:TEXT2:DATA:FMSD:DATA 1e-009;:FORM:ASC:LONG ON;:FORM:BORD NORM;:FORM:DATA ASC,64;:FREQ:CW 20;:FUNC:DEV1:MODE OFF;:FUNC:DEV1:REF:VAL 0;:FUNC:DEV2:MODE OFF;:FUNC:DEV2:REF:VAL 0;:FUNC:IMP:TYPE LSRS;:FUNC:SMON:IDC:STAT OFF;:FUNC:SMON:VDC:STAT OFF;:INIT:CONT OFF;:LIST:MODE SEQ;:LIST:STIM:TYPE FREQ,NONE;:SOUR:DCS:VOLT:LEV 0;:TRIG:DEL 0;:TRIG:SOUR INT;:TRIG:TDEL 0;:VOLT:LEV 1;:DISP:WIND:TEXT1:DATA:FMSD:STAT OFF;:DISP:WIND:TEXT2:DATA:FMSD:STAT OFF;:FUNC:DCR:RANG:VAL 100;:FUNC:IMP:RANG:VAL 10;:OUTP:DC:ISOL:LEV:VAL 0.02;:OUTP:DC:ISOL:STAT OFF;:FUNC:DCR:RANG:AUTO ON;:FUNC:IMP:RANG:AUTO ON;:OUTP:DC:ISOL:LEV:AUTO ON;:DISP:PAGE MEASurement;
"
30.0,-9.207596887e-06,9.999501054,0.00909286,0.0909231
30.0,-9.303137597e-06,9.999393489,0.00909289,0.0909246
30.0,-7.835722274e-06,9.999461743,0.00909284,0.0909218
30.0,-9.498019969e-06,9.999449467,0.00909269,0.0909223
30.0,-9.30786771e-06,9.999513384,0.00909286,0.090925
30.0,-8.060787861e-06,9.999418674,0.00909292,0.0909207
30.0,-9.100996033e-06,9.999382255,0.00909275,0.0909246
30.0,-9.346216963e-06,9.999502725,0.00909288,0.0909232
30.0,-8.996567111e-06,9.999423979,0.00909282,0.0909226
30.0,-8.587760565e-06,9.999407504,0.00909272,0.0909216
30.0,-9.071801968e-06,9.999525134,0.00909269,0.0909215
30.0,-9.081255619e-06,9.999458442,0.00909265,0.0909205
30.0,-9.268592653e-06,9.999421968,0.0090926,0.0909225
30.0,-8.902197985e-06,9.999411667,0.00909262,0.0909214
30.0,-8.793351526e-06,9.99943012,0.00909269,0.0909214
30.0,-8.469078203e-06,9.99918234,0.00909269,0.0909233
Freq,30,Rs,9.9994302465625,7.93955765171889e-05,Ls,-8.92693443275e-06,4.724479816592436e-07
":SOUR:DCS:STAT OFF;:BIAS:STAT OFF;:COMP:BIN:COUN:CLE;:LIST:CLE:ALL;:COMP:BIN:CLE;:AMPL:ALC OFF;:APER LONG,1;:BIAS:POL:AUTO OFF;:BIAS:RANG:AUTO ON;:BIAS:VOLT:LEV 0;:COMP:ABIN OFF;:COMP:BIN:COUN:STAT OFF;:COMP:MODE PTOL;:COMP:SLIM -9.9e+037,9.9e+037;:COMP:STAT OFF;:COMP:SWAP OFF;:COMP:TOL:NOM 0;:DISP:ENAB ON;:DISP:LINE """";:DISP:WIND:TEXT1:DATA:FMSD:DATA 1e-009;:DISP:WIND:TEXT2:DATA:FMSD:DATA 1e-009;:FORM:ASC:LONG ON;:FORM:BORD NORM;:FORM:DATA ASC,64;:FREQ:CW 30;:FUNC:DEV1:MODE OFF;:FUNC:DEV1:REF:VAL 0;:FUNC:DEV2:MODE OFF;:FUNC:DEV2:REF:VAL 0;:FUNC:IMP:TYPE LSRS;:FUNC:SMON:IDC:STAT OFF;:FUNC:SMON:VDC:STAT OFF;:INIT:CONT OFF;:LIST:MODE SEQ;:LIST:STIM:TYPE FREQ,NONE;:SOUR:DCS:VOLT:LEV 0;:TRIG:DEL 0;:TRIG:SOUR INT;:TRIG:TDEL 0;:VOLT:LEV 1;:DISP:WIND:TEXT1:DATA:FMSD:STAT OFF;:DISP:WIND:TEXT2:DATA:FMSD:STAT OFF;:FUNC:DCR:RANG:VAL 100;:FUNC:IMP:RANG:VAL 100;:OUTP:DC:ISOL:LEV:VAL 0.02;:OUTP:DC:ISOL:STAT OFF;:FUNC:DCR:RANG:AUTO ON;:FUNC:IMP:RANG:AUTO ON;:OUTP:DC:ISOL:LEV:AUTO ON;:DISP:PAGE MEASurement;
"
40.0,-4.831686007e-06,9.999145536,0.00909195,0.0909128
40.0,-5.049039371e-06,9.99924485,0.00909205,0.0909096
40.0,-5.049455322e-06,9.999170085,0.00909195,0.0909119
40.0,-4.986252181e-06,9.999121521,0.00909206,0.0909082
40.0,-5.31225711e-06,9.999149387,0.00909202,0.0909114
40.0,-4.874463435e-06,9.999105855,0.00909206,0.0909115
40.0,-5.048159552e-06,9.999162049,0.00909204,0.0909125
40.0,-4.778316018e-06,9.999153904,0.00909207,0.0909137
40.0,-4.974188095e-06,9.999182305,0.0090921,0.0909132
40.0,-4.903642451e-06,9.999229994,0.00909196,0.0909131
40.0,-5.210297067e-06,9.999109322,0.00909207,0.0909125
40.0,-5.277047574e-06,9.999157919,0.00909197,0.0909127
40.0,-6.184142299e-06,9.998759962,0.00909198,0.0909121
40.0,-5.028017763e-06,9.999104397,0.00909201,0.0909129
40.0,-5.936633315e-06,9.998638671,0.00909198,0.090912
40.0,-5.079786657e-06,9.999227392,0.00909192,0.0909122
Freq,40,Rs,9.9991039468125,0.00016517109429813943,Ls,-5.1577115135625e-06,3.845071921887195e-07
":SOUR:DCS:STAT OFF;:BIAS:STAT OFF;:COMP:BIN:COUN:CLE;:LIST:CLE:ALL;:COMP:BIN:CLE;:AMPL:ALC OFF;:APER LONG,1;:BIAS:POL:AUTO OFF;:BIAS:RANG:AUTO ON;:BIAS:VOLT:LEV 0;:COMP:ABIN OFF;:COMP:BIN:COUN:STAT OFF;:COMP:MODE PTOL;:COMP:SLIM -9.9e+037,9.9e+037;:COMP:STAT OFF;:COMP:SWAP OFF;:COMP:TOL:NOM 0;:DISP:ENAB ON;:DISP:LINE """";:DISP:WIND:TEXT1:DATA:FMSD:DATA 1e-009;:DISP:WIND:TEXT2:DATA:FMSD:DATA 1e-009;:FORM:ASC:LONG ON;:FORM:BORD NORM;:FORM:DATA ASC,64;:FREQ:CW 40;:FUNC:DEV1:MODE OFF;:FUNC:DEV1:REF:VAL 0;:FUNC:DEV2:MODE OFF;:FUNC:DEV2:REF:VAL 0;:FUNC:IMP:TYPE LSRS;:FUNC:SMON:IDC:STAT OFF;:FUNC:SMON:VDC:STAT OFF;:INIT:CONT OFF;:LIST:MODE SEQ;:LIST:STIM:TYPE FREQ,NONE;:SOUR:DCS:VOLT:LEV 0;:TRIG:DEL 0;:TRIG:SOUR INT;:TRIG:TDEL 0;:VOLT:LEV 1;:DISP:WIND:TEXT1:DATA:FMSD:STAT OFF;:DISP:WIND:TEXT2:DATA:FMSD:STAT OFF;:FUNC:DCR:RANG:VAL 100;:FUNC:IMP:RANG:VAL 10;:OUTP:DC:ISOL:LEV:VAL 0.02;:OUTP:DC:ISOL:STAT OFF;:FUNC:DCR:RANG:AUTO ON;:FUNC:IMP:RANG:AUTO ON;:OUTP:DC:ISOL:LEV:AUTO ON;:DISP:PAGE MEASurement;
"
55.0,-2.80941888e-06,9.999024934,0.00909479,0.0909375
55.0,-2.933545713e-06,9.999074507,0.00909468,0.090939
55.0,-2.899316825e-06,9.999004006,0.00909479,0.0909383
55.0,-2.892235339e-06,9.998989622,0.00909478,0.090937
55.0,-2.79887222e-06,9.999051828,0.00909474,0.0909392
55.0,-2.950652465e-06,9.998995029,0.00909473,0.0909395
55.0,-2.889665856e-06,9.998982741,0.00909491,0.0909387
55.0,-2.897546133e-06,9.99899337,0.00909494,0.0909385
55.0,-2.989966895e-06,9.99903651,0.00909478,0.0909384
55.0,-2.774359347e-06,9.99891962,0.00909489,0.090939
55.0,-2.931578436e-06,9.999090126,0.00909486,0.090939
55.0,-2.873701169e-06,9.999071906,0.00909493,0.0909394
55.0,-2.837254358e-06,9.999029764,0.00909487,0.0909393
55.0,-2.833964973e-06,9.99902893,0.00909486,0.0909396
55.0,-2.878864638e-06,9.998986047,0.00909492,0.0909388
55.0,-2.961869139e-06,9.998957719,0.00909498,0.0909388
Freq,55,Rs,9.9990147911875,4.5196803770615304e-05,Ls,-2.884550774125e-06,6.143725576769432e-08
":SOUR:DCS:STAT OFF;:BIAS:STAT OFF;:COMP:BIN:COUN:CLE;:LIST:CLE:ALL;:COMP:BIN:CLE;:AMPL:ALC OFF;:APER LONG,1;:BIAS:POL:AUTO OFF;:BIAS:RANG:AUTO ON;:BIAS:VOLT:LEV 0;:COMP:ABIN OFF;:COMP:BIN:COUN:STAT OFF;:COMP:MODE PTOL;:COMP:SLIM -9.9e+037,9.9e+037;:COMP:STAT OFF;:COMP:SWAP OFF;:COMP:TOL:NOM 0;:DISP:ENAB ON;:DISP:LINE """";:DISP:WIND:TEXT1:DATA:FMSD:DATA 1e-009;:DISP:WIND:TEXT2:DATA:FMSD:DATA 1e-009;:FORM:ASC:LONG ON;:FORM:BORD NORM;:FORM:DATA ASC,64;:FREQ:CW 55;:FUNC:DEV1:MODE OFF;:FUNC:DEV1:REF:VAL 0;:FUNC:DEV2:MODE OFF;:FUNC:DEV2:REF:VAL 0;:FUNC:IMP:TYPE LSRS;:FUNC:SMON:IDC:STAT OFF;:FUNC:SMON:VDC:STAT OFF;:INIT:CONT OFF;:LIST:MODE SEQ;:LIST:STIM:TYPE FREQ,NONE;:SOUR:DCS:VOLT:LEV 0;:TRIG:DEL 0;:TRIG:SOUR INT;:TRIG:TDEL 0;:VOLT:LEV 1;:DISP:WIND:TEXT1:DATA:FMSD:STAT OFF;:DISP:WIND:TEXT2:DATA:FMSD:STAT OFF;:FUNC:DCR:RANG:VAL 100;:FUNC:IMP:RANG:VAL 10;:OUTP:DC:ISOL:LEV:VAL 0.02;:OUTP:DC:ISOL:STAT OFF;:FUNC:DCR:RANG:AUTO ON;:FUNC:IMP:RANG:AUTO ON;:OUTP:DC:ISOL:LEV:AUTO ON;:DISP:PAGE MEASurement;
"
70.0,-1.736529797e-06,9.998694884,0.00911817,0.0911695
70.0,-1.833297904e-06,9.998695487,0.00911803,0.0911681
70.0,-1.878169617e-06,9.99872604,0.00911804,0.0911688
70.0,-1.951281195e-06,9.998671454,0.00911802,0.09117
70.0,-1.785428902e-06,9.998626728,0.009118,0.0911695
70.0,-1.779091414e-06,9.99867544,0.00911802,0.0911686
70.0,-1.812750924e-06,9.998677912,0.00911814,0.0911682
70.0,-1.887392265e-06,9.998620362,0.00911801,0.0911683
70.0,-1.627043988e-06,9.998687849,0.00911802,0.0911695
70.0,-1.917760142e-06,9.998666908,0.00911808,0.0911682
70.0,-1.883750209e-06,9.998681681,0.00911808,0.0911687
70.0,-1.806578172e-06,9.998683848,0.00911816,0.0911687
70.0,-1.865723564e-06,9.998591879,0.00911805,0.0911678
70.0,-1.881219131e-06,9.998686543,0.00911808,0.0911687
70.0,-1.851982404e-06,9.998752713,0.00911814,0.0911674
70.0,-1.838565222e-06,9.998600852,0.00911814,0.0911685
Freq,70,Rs,9.998671286250001,4.2793553705534794e-05,Ls,-1.8335353031250002e-06,7.768891162637619e-08
":SOUR:DCS:STAT OFF;:BIAS:STAT OFF;:COMP:BIN:COUN:CLE;:LIST:CLE:ALL;:COMP:BIN:CLE;:AMPL:ALC OFF;:APER LONG,1;:BIAS:POL:AUTO OFF;:BIAS:RANG:AUTO ON;:BIAS:VOLT:LEV 0;:COMP:ABIN OFF;:COMP:BIN:COUN:STAT OFF;:COMP:MODE PTOL;:COMP:SLIM -9.9e+037,9.9e+037;:COMP:STAT OFF;:COMP:SWAP OFF;:COMP:TOL:NOM 0;:DISP:ENAB ON;:DISP:LINE """";:DISP:WIND:TEXT1:DATA:FMSD:DATA 1e-009;:DISP:WIND:TEXT2:DATA:FMSD:DATA 1e-009;:FORM:ASC:LONG ON;:FORM:BORD NORM;:FORM:DATA ASC,64;:FREQ:CW 70;:FUNC:DEV1:MODE OFF;:FUNC:DEV1:REF:VAL 0;:FUNC:DEV2:MODE OFF;:FUNC:DEV2:REF:VAL 0;:FUNC:IMP:TYPE LSRS;:FUNC:SMON:IDC:STAT OFF;:FUNC:SMON:VDC:STAT OFF;:INIT:CONT OFF;:LIST:MODE SEQ;:LIST:STIM:TYPE FREQ,NONE;:SOUR:DCS:VOLT:LEV 0;:TRIG:DEL 0;:TRIG:SOUR INT;:TRIG:TDEL 0;:VOLT:LEV 1;:DISP:WIND:TEXT1:DATA:FMSD:STAT OFF;:DISP:WIND:TEXT2:DATA:FMSD:STAT OFF;:FUNC:DCR:RANG:VAL 100;:FUNC:IMP:RANG:VAL 10;:OUTP:DC:ISOL:LEV:VAL 0.02;:OUTP:DC:ISOL:STAT OFF;:FUNC:DCR:RANG:AUTO ON;:FUNC:IMP:RANG:AUTO ON;:OUTP:DC:ISOL:LEV:AUTO ON;:DISP:PAGE MEASurement;
"
105.0,-8.523198281e-07,9.998595997,0.0091113,0.0910998
105.0,-8.222384415e-07,9.998572911,0.0091113,0.0910992
105.0,-8.812775213e-07,9.998549446,0.00911113,0.0910988
105.0,-8.050999416e-07,9.998605993,0.00911132,0.0910987
105.0,-7.850264276e-07,9.99854545,0.00911126,0.0910998
105.0,-7.285374737e-07,9.998551327,0.00911133,0.0910996
105.0,-7.495158361e-07,9.998564981,0.00911124,0.0911004
105.0,-8.869084925e-07,9.998534466,0.00911132,0.0910999
105.0,-8.613465846e-07,9.998559771,0.00911132,0.091099
105.0,-8.2135927e-07,9.998570267,0.00911122,0.0910999
105.0,-8.317280204e-07,9.998563284,0.00911125,0.0911009
105.0,-8.48322194e-07,9.998554785,0.00911125,0.0910998
105.0,-8.457748285e-07,9.99853917,0.00911133,0.0910997
105.0,-8.085398359e-07,9.998591904,0.00911126,0.0910992
105.0,-8.210799916e-07,9.998550336,0.00911129,0.0911002
105.0,-8.039002847e-07,9.998576389,0.00911124,0.0910995
Freq,105,Rs,9.9985641548125,2.0549016707078923e-05,Ls,-8.2206093575625e-07,4.2972085782975624e-08
":SOUR:DCS:STAT OFF;:BIAS:STAT OFF;:COMP:BIN:COUN:CLE;:LIST:CLE:ALL;:COMP:BIN:CLE;:AMPL:ALC OFF;:APER LONG,1;:BIAS:POL:AUTO OFF;:BIAS:RANG:AUTO ON;:BIAS:VOLT:LEV 0;:COMP:ABIN OFF;:COMP:BIN:COUN:STAT OFF;:COMP:MODE PTOL;:COMP:SLIM -9.9e+037,9.9e+037;:COMP:STAT OFF;:COMP:SWAP OFF;:COMP:TOL:NOM 0;:DISP:ENAB ON;:DISP:LINE """";:DISP:WIND:TEXT1:DATA:FMSD:DATA 1e-009;:DISP:WIND:TEXT2:DATA:FMSD:DATA 1e-009;:FORM:ASC:LONG ON;:FORM:BORD NORM;:FORM:DATA ASC,64;:FREQ:CW 105;:FUNC:DEV1:MODE OFF;:FUNC:DEV1:REF:VAL 0;:FUNC:DEV2:MODE OFF;:FUNC:DEV2:REF:VAL 0;:FUNC:IMP:TYPE LSRS;:FUNC:SMON:IDC:STAT OFF;:FUNC:SMON:VDC:STAT OFF;:INIT:CONT OFF;:LIST:MODE SEQ;:LIST:STIM:TYPE FREQ,NONE;:SOUR:DCS:VOLT:LEV 0;:TRIG:DEL 0;:TRIG:SOUR INT;:TRIG:TDEL 0;:VOLT:LEV 1;:DISP:WIND:TEXT1:DATA:FMSD:STAT OFF;:DISP:WIND:TEXT2:DATA:FMSD:STAT OFF;:FUNC:DCR:RANG:VAL 100;:FUNC:IMP:RANG:VAL 10;:OUTP:DC:ISOL:LEV:VAL 0.02;:OUTP:DC:ISOL:STAT OFF;:FUNC:DCR:RANG:AUTO ON;:FUNC:IMP:RANG:AUTO ON;:OUTP:DC:ISOL:LEV:AUTO ON;:DISP:PAGE MEASurement;
"
205.0,-7.181718398e-07,9.998884909,0.00910369,0.0910259
205.0,-6.659359745e-07,9.998810235,0.00910359,0.0910259
205.0,-7.10005743e-07,9.998861338,0.00910365,0.091026
205.0,-6.944142791e-07,9.998853016,0.00910362,0.0910242
205.0,-7.043386628e-07,9.998850695,0.00910355,0.0910255
205.0,-6.833096282e-07,9.998829876,0.00910348,0.0910247
205.0,-6.665219064e-07,9.99891273,0.00910363,0.0910241
205.0,-7.055360158e-07,9.998805927,0.00910353,0.0910251
205.0,-7.17183845e-07,9.998860146,0.00910363,0.0910261
205.0,-7.166601073e-07,9.998821528,0.00910369,0.0910262
205.0,-7.032854372e-07,9.998867276,0.00910365,0.0910255
205.0,-6.830513626e-07,9.998823832,0.00910366,0.0910255
205.0,-7.051787452e-07,9.998800113,0.00910369,0.0910264
205.0,-6.867612711e-07,9.998853527,0.00910358,0.0910258
205.0,-6.883377764e-07,9.998855581,0.00910371,0.0910259
205.0,-6.951806845e-07,9.998855816,0.00910362,0.0910247
Freq,205,Rs,9.9988466590625,3.000537422642201e-05,Ls,-6.9649207993125e-07,1.6544957257528155e-08
":SOUR:DCS:STAT OFF;:BIAS:STAT OFF;:COMP:BIN:COUN:CLE;:LIST:CLE:ALL;:COMP:BIN:CLE;:AMPL:ALC OFF;:APER LONG,1;:BIAS:POL:AUTO OFF;:BIAS:RANG:AUTO ON;:BIAS:VOLT:LEV 0;:COMP:ABIN OFF;:COMP:BIN:COUN:STAT OFF;:COMP:MODE PTOL;:COMP:SLIM -9.9e+037,9.9e+037;:COMP:STAT OFF;:COMP:SWAP OFF;:COMP:TOL:NOM 0;:DISP:ENAB ON;:DISP:LINE """";:DISP:WIND:TEXT1:DATA:FMSD:DATA 1e-009;:DISP:WIND:TEXT2:DATA:FMSD:DATA 1e-009;:FORM:ASC:LONG ON;:FORM:BORD NORM;:FORM:DATA ASC,64;:FREQ:CW 205;:FUNC:DEV1:MODE OFF;:FUNC:DEV1:REF:VAL 0;:FUNC:DEV2:MODE OFF;:FUNC:DEV2:REF:VAL 0;:FUNC:IMP:TYPE LSRS;:FUNC:SMON:IDC:STAT OFF;:FUNC:SMON:VDC:STAT OFF;:INIT:CONT OFF;:LIST:MODE SEQ;:LIST:STIM:TYPE FREQ,NONE;:SOUR:DCS:VOLT:LEV 0;:TRIG:DEL 0;:TRIG:SOUR INT;:TRIG:TDEL 0;:VOLT:LEV 1;:DISP:WIND:TEXT1:DATA:FMSD:STAT OFF;:DISP:WIND:TEXT2:DATA:FMSD:STAT OFF;:FUNC:DCR:RANG:VAL 100;:FUNC:IMP:RANG:VAL 10;:OUTP:DC:ISOL:LEV:VAL 0.02;:OUTP:DC:ISOL:STAT OFF;:FUNC:DCR:RANG:AUTO ON;:FUNC:IMP:RANG:AUTO ON;:OUTP:DC:ISOL:LEV:AUTO ON;:DISP:PAGE MEASurement;
"
305.0,-3.248064414e-07,9.998675192,0.00910949,0.0910818
305.0,-3.137207375e-07,9.998688297,0.00910942,0.0910831
305.0,-3.266031455e-07,9.998680797,0.00910957,0.0910836
305.0,-3.152844214e-07,9.998691784,0.00910951,0.0910821
305.0,-3.08824794e-07,9.998651815,0.00910944,0.0910829
305.0,-3.099510328e-07,9.998672247,0.00910947,0.0910828
305.0,-3.291904747e-07,9.998682475,0.00910947,0.0910832
305.0,-3.1515719e-07,9.998644594,0.00910955,0.0910835
305.0,-3.164384523e-07,9.998674217,0.00910953,0.0910837
305.0,-3.157206096e-07,9.998705262,0.00910957,0.0910839
305.0,-3.060872141e-07,9.998680763,0.00910949,0.0910825
305.0,-3.062855427e-07,9.998692941,0.00910948,0.0910831
305.0,-3.168665534e-07,9.998653122,0.00910942,0.0910831
305.0,-3.192685329e-07,9.998672843,0.00910953,0.0910838
305.0,-3.145578688e-07,9.998656086,0.00910959,0.0910825
305.0,-3.101430953e-07,9.998680317,0.00910938,0.0910811
Freq,305,Rs,9.998675172,1.664934050728156e-05,Ls,-3.1555663165e-07,6.811931323604745e-09
":SOUR:DCS:STAT OFF;:BIAS:STAT OFF;:COMP:BIN:COUN:CLE;:LIST:CLE:ALL;:COMP:BIN:CLE;:AMPL:ALC OFF;:APER LONG,1;:BIAS:POL:AUTO OFF;:BIAS:RANG:AUTO ON;:BIAS:VOLT:LEV 0;:COMP:ABIN OFF;:COMP:BIN:COUN:STAT OFF;:COMP:MODE PTOL;:COMP:SLIM -9.9e+037,9.9e+037;:COMP:STAT OFF;:COMP:SWAP OFF;:COMP:TOL:NOM 0;:DISP:ENAB ON;:DISP:LINE """";:DISP:WIND:TEXT1:DATA:FMSD:DATA 1e-009;:DISP:WIND:TEXT2:DATA:FMSD:DATA 1e-009;:FORM:ASC:LONG ON;:FORM:BORD NORM;:FORM:DATA ASC,64;:FREQ:CW 305;:FUNC:DEV1:MODE OFF;:FUNC:DEV1:REF:VAL 0;:FUNC:DEV2:MODE OFF;:FUNC:DEV2:REF:VAL 0;:FUNC:IMP:TYPE LSRS;:FUNC:SMON:IDC:STAT OFF;:FUNC:SMON:VDC:STAT OFF;:INIT:CONT OFF;:LIST:MODE SEQ;:LIST:STIM:TYPE FREQ,NONE;:SOUR:DCS:VOLT:LEV 0;:TRIG:DEL 0;:TRIG:SOUR INT;:TRIG:TDEL 0;:VOLT:LEV 1;:DISP:WIND:TEXT1:DATA:FMSD:STAT OFF;:DISP:WIND:TEXT2:DATA:FMSD:STAT OFF;:FUNC:DCR:RANG:VAL 100;:FUNC:IMP:RANG:VAL 10;:OUTP:DC:ISOL:LEV:VAL 0.02;:OUTP:DC:ISOL:STAT OFF;:FUNC:DCR:RANG:AUTO ON;:FUNC:IMP:RANG:AUTO ON;:OUTP:DC:ISOL:LEV:AUTO ON;:DISP:PAGE MEASurement;
"
505.0,-1.160622521e-07,9.998686854,0.00910836,0.0910723
505.0,-1.144643688e-07,9.998720691,0.00910837,0.0910712
505.0,-1.090803936e-07,9.998753163,0.00910834,0.0910705
505.0,-1.194341892e-07,9.998698798,0.00910829,0.0910705
505.0,-1.104526786e-07,9.998724946,0.00910819,0.0910708
505.0,-1.210189881e-07,9.998726261,0.00910829,0.0910713
505.0,-1.168267337e-07,9.99873028,0.00910812,0.0910701
505.0,-1.235534264e-07,9.998740466,0.0091082,0.0910696
505.0,-1.193218472e-07,9.998679625,0.00910826,0.0910719
505.0,-1.172357519e-07,9.998676406,0.00910825,0.0910712
505.0,-1.128753017e-07,9.998703453,0.00910836,0.091071
505.0,-1.171069983e-07,9.998690091,0.00910835,0.0910719
505.0,-1.171614358e-07,9.998708512,0.0091083,0.0910714
505.0,-1.196490808e-07,9.998734882,0.00910816,0.0910713
505.0,-1.167749319e-07,9.998734474,0.00910825,0.0910712
505.0,-1.095821994e-07,9.998691576,0.00910819,0.0910716
Freq,505,Rs,9.998712529875,2.368346251966165e-05,Ls,-1.1628753609375e-07,4.11840514393043e-09
":SOUR:DCS:STAT OFF;:BIAS:STAT OFF;:COMP:BIN:COUN:CLE;:LIST:CLE:ALL;:COMP:BIN:CLE;:AMPL:ALC OFF;:APER LONG,1;:BIAS:POL:AUTO OFF;:BIAS:RANG:AUTO ON;:BIAS:VOLT:LEV 0;:COMP:ABIN OFF;:COMP:BIN:COUN:STAT OFF;:COMP:MODE PTOL;:COMP:SLIM -9.9e+037,9.9e+037;:COMP:STAT OFF;:COMP:SWAP OFF;:COMP:TOL:NOM 0;:DISP:ENAB ON;:DISP:LINE """";:DISP:WIND:TEXT1:DATA:FMSD:DATA 1e-009;:DISP:WIND:TEXT2:DATA:FMSD:DATA 1e-009;:FORM:ASC:LONG ON;:FORM:BORD NORM;:FORM:DATA ASC,64;:FREQ:CW 505;:FUNC:DEV1:MODE OFF;:FUNC:DEV1:REF:VAL 0;:FUNC:DEV2:MODE OFF;:FUNC:DEV2:REF:VAL 0;:FUNC:IMP:TYPE LSRS;:FUNC:SMON:IDC:STAT OFF;:FUNC:SMON:VDC:STAT OFF;:INIT:CONT OFF;:LIST:MODE SEQ;:LIST:STIM:TYPE FREQ,NONE;:SOUR:DCS:VOLT:LEV 0;:TRIG:DEL 0;:TRIG:SOUR INT;:TRIG:TDEL 0;:VOLT:LEV 1;:DISP:WIND:TEXT1:DATA:FMSD:STAT OFF;:DISP:WIND:TEXT2:DATA:FMSD:STAT OFF;:FUNC:DCR:RANG:VAL 100;:FUNC:IMP:RANG:VAL 10;:OUTP:DC:ISOL:LEV:VAL 0.02;:OUTP:DC:ISOL:STAT OFF;:FUNC:DCR:RANG:AUTO ON;:FUNC:IMP:RANG:AUTO ON;:OUTP:DC:ISOL:LEV:AUTO ON;:DISP:PAGE MEASurement;
"
805.0,-4.519092923e-08,9.998562789,0.00911826,0.0911692
805.0,-4.076891269e-08,9.998620478,0.0091183,0.0911701
805.0,-4.133022185e-08,9.998591055,0.00911831,0.0911706
805.0,-4.217208003e-08,9.998568056,0.00911823,0.0911711
805.0,-4.016173699e-08,9.998615746,0.00911846,0.0911722
805.0,-4.978479439e-08,9.998602361,0.00911841,0.0911718
805.0,-3.781687862e-08,9.998586356,0.0091185,0.0911719
805.0,-4.335194447e-08,9.998579576,0.0091184,0.0911717
805.0,-4.015828614e-08,9.998593818,0.00911844,0.0911716
805.0,-4.180325154e-08,9.998576096,0.00911834,0.0911717
805.0,-3.551421464e-08,9.99858575,0.00911833,0.0911712
805.0,-4.279663822e-08,9.998601204,0.00911845,0.0911728
805.0,-3.970591344e-08,9.998566421,0.00911839,0.0911725
805.0,-4.765792772e-08,9.998586829,0.00911852,0.0911729
805.0,-4.482943921e-08,9.998595129,0.00911842,0.0911728
805.0,-4.514451544e-08,9.998584656,0.0091185,0.0911719
Freq,805,Rs,9.99858852,1.6384793824404896e-05,Ls,-4.238673028875e-08,3.599913835953466e-09
":SOUR:DCS:STAT OFF;:BIAS:STAT OFF;:COMP:BIN:COUN:CLE;:LIST:CLE:ALL;:COMP:BIN:CLE;:AMPL:ALC OFF;:APER LONG,1;:BIAS:POL:AUTO OFF;:BIAS:RANG:AUTO ON;:BIAS:VOLT:LEV 0;:COMP:ABIN OFF;:COMP:BIN:COUN:STAT OFF;:COMP:MODE PTOL;:COMP:SLIM -9.9e+037,9.9e+037;:COMP:STAT OFF;:COMP:SWAP OFF;:COMP:TOL:NOM 0;:DISP:ENAB ON;:DISP:LINE """";:DISP:WIND:TEXT1:DATA:FMSD:DATA 1e-009;:DISP:WIND:TEXT2:DATA:FMSD:DATA 1e-009;:FORM:ASC:LONG ON;:FORM:BORD NORM;:FORM:DATA ASC,64;:FREQ:CW 805;:FUNC:DEV1:MODE OFF;:FUNC:DEV1:REF:VAL 0;:FUNC:DEV2:MODE OFF;:FUNC:DEV2:REF:VAL 0;:FUNC:IMP:TYPE LSRS;:FUNC:SMON:IDC:STAT OFF;:FUNC:SMON:VDC:STAT OFF;:INIT:CONT OFF;:LIST:MODE SEQ;:LIST:STIM:TYPE FREQ,NONE;:SOUR:DCS:VOLT:LEV 0;:TRIG:DEL 0;:TRIG:SOUR INT;:TRIG:TDEL 0;:VOLT:LEV 1;:DISP:WIND:TEXT1:DATA:FMSD:STAT OFF;:DISP:WIND:TEXT2:DATA:FMSD:STAT OFF;:FUNC:DCR:RANG:VAL 100;:FUNC:IMP:RANG:VAL 10;:OUTP:DC:ISOL:LEV:VAL 0.02;:OUTP:DC:ISOL:STAT OFF;:FUNC:DCR:RANG:AUTO ON;:FUNC:IMP:RANG:AUTO ON;:OUTP:DC:ISOL:LEV:AUTO ON;:DISP:PAGE MEASurement;
"
1005.0,6.213390408e-09,9.998620537,0.00908871,0.0908747
1005.0,4.393502703e-09,9.998611699,0.00908874,0.090874
1005.0,1.11166713e-08,9.998532379,0.0090887,0.0908733
1005.0,9.653384025e-09,9.998587139,0.00908856,0.0908733
1005.0,1.100637736e-08,9.998598911,0.00908876,0.0908739
1005.0,8.700501387e-09,9.998557199,0.00908874,0.0908752
1005.0,3.591961062e-09,9.998566365,0.00908867,0.0908742
1005.0,6.999617758e-09,9.998592145,0.00908873,0.0908737
1005.0,5.997624546e-09,9.998578152,0.00908875,0.0908736
1005.0,3.08680835e-09,9.998606079,0.00908876,0.090876
1005.0,8.731270094e-09,9.998568341,0.00908876,0.090874
1005.0,1.092541978e-08,9.99858583,0.00908876,0.0908739
1005.0,2.534440644e-09,9.998535165,0.00908872,0.090875
1005.0,6.121317957e-09,9.998580857,0.00908856,0.0908747
1005.0,1.256281854e-08,9.998578122,0.00908865,0.0908738
1005.0,8.547717488e-09,9.998566141,0.0090887,0.0908759
Freq,1005,Rs,9.9985790663125,2.4797497604179622e-05,Ls,7.511426462625001e-09,3.125703311579868e-09
":SOUR:DCS:STAT OFF;:BIAS:STAT OFF;:COMP:BIN:COUN:CLE;:LIST:CLE:ALL;:COMP:BIN:CLE;:AMPL:ALC OFF;:APER LONG,1;:BIAS:POL:AUTO OFF;:BIAS:RANG:AUTO ON;:BIAS:VOLT:LEV 0;:COMP:ABIN OFF;:COMP:BIN:COUN:STAT OFF;:COMP:MODE PTOL;:COMP:SLIM -9.9e+037,9.9e+037;:COMP:STAT OFF;:COMP:SWAP OFF;:COMP:TOL:NOM 0;:DISP:ENAB ON;:DISP:LINE """";:DISP:WIND:TEXT1:DATA:FMSD:DATA 1e-009;:DISP:WIND:TEXT2:DATA:FMSD:DATA 1e-009;:FORM:ASC:LONG ON;:FORM:BORD NORM;:FORM:DATA ASC,64;:FREQ:CW 1005;:FUNC:DEV1:MODE OFF;:FUNC:DEV1:REF:VAL 0;:FUNC:DEV2:MODE OFF;:FUNC:DEV2:REF:VAL 0;:FUNC:IMP:TYPE LSRS;:FUNC:SMON:IDC:STAT OFF;:FUNC:SMON:VDC:STAT OFF;:INIT:CONT OFF;:LIST:MODE SEQ;:LIST:STIM:TYPE FREQ,NONE;:SOUR:DCS:VOLT:LEV 0;:TRIG:DEL 0;:TRIG:SOUR INT;:TRIG:TDEL 0;:VOLT:LEV 1;:DISP:WIND:TEXT1:DATA:FMSD:STAT OFF;:DISP:WIND:TEXT2:DATA:FMSD:STAT OFF;:FUNC:DCR:RANG:VAL 100;:FUNC:IMP:RANG:VAL 10;:OUTP:DC:ISOL:LEV:VAL 0.02;:OUTP:DC:ISOL:STAT OFF;:FUNC:DCR:RANG:AUTO ON;:FUNC:IMP:RANG:AUTO ON;:OUTP:DC:ISOL:LEV:AUTO ON;:DISP:PAGE MEASurement;
"
1205.0,3.026907484e-08,9.99917364,0.00913371,0.0913288
1205.0,3.323131707e-08,9.999185571,0.00913351,0.0913287
1205.0,3.251717654e-08,9.999197422,0.00913354,0.0913278
1205.0,3.215270901e-08,9.999181201,0.0091337,0.0913296
1205.0,2.982723974e-08,9.999207666,0.00913369,0.0913294
1205.0,3.027698154e-08,9.999225816,0.00913363,0.091328
1205.0,3.138156573e-08,9.999189684,0.00913349,0.0913282
1205.0,3.222805258e-08,9.999195496,0.00913373,0.0913295
1205.0,3.081822281e-08,9.999194112,0.00913361,0.0913296
1205.0,2.90696851e-08,9.999210901,0.00913368,0.0913301
1205.0,2.884493246e-08,9.999218658,0.00913378,0.0913295
1205.0,2.863360594e-08,9.999173567,0.00913379,0.0913294
1205.0,3.074561528e-08,9.999155843,0.00913371,0.0913292
1205.0,2.896996796e-08,9.999188816,0.00913385,0.0913309
1205.0,3.196891301e-08,9.999177152,0.00913366,0.0913294
1205.0,3.274212618e-08,9.999183234,0.00913363,0.0913291
Freq,1205,Rs,9.9991911736875,1.816030450431052e-05,Ls,3.0854824111875e-08,1.5170373462460064e-09
":SOUR:DCS:STAT OFF;:BIAS:STAT OFF;:COMP:BIN:COUN:CLE;:LIST:CLE:ALL;:COMP:BIN:CLE;:AMPL:ALC OFF;:APER LONG,1;:BIAS:POL:AUTO OFF;:BIAS:RANG:AUTO ON;:BIAS:VOLT:LEV 0;:COMP:ABIN OFF;:COMP:BIN:COUN:STAT OFF;:COMP:MODE PTOL;:COMP:SLIM -9.9e+037,9.9e+037;:COMP:STAT OFF;:COMP:SWAP OFF;:COMP:TOL:NOM 0;:DISP:ENAB ON;:DISP:LINE """";:DISP:WIND:TEXT1:DATA:FMSD:DATA 1e-009;:DISP:WIND:TEXT2:DATA:FMSD:DATA 1e-009;:FORM:ASC:LONG ON;:FORM:BORD NORM;:FORM:DATA ASC,64;:FREQ:CW 1205;:FUNC:DEV1:MODE OFF;:FUNC:DEV1:REF:VAL 0;:FUNC:DEV2:MODE OFF;:FUNC:DEV2:REF:VAL 0;:FUNC:IMP:TYPE LSRS;:FUNC:SMON:IDC:STAT OFF;:FUNC:SMON:VDC:STAT OFF;:INIT:CONT OFF;:LIST:MODE SEQ;:LIST:STIM:TYPE FREQ,NONE;:SOUR:DCS:VOLT:LEV 0;:TRIG:DEL 0;:TRIG:SOUR INT;:TRIG:TDEL 0;:VOLT:LEV 1;:DISP:WIND:TEXT1:DATA:FMSD:STAT OFF;:DISP:WIND:TEXT2:DATA:FMSD:STAT OFF;:FUNC:DCR:RANG:VAL 100;:FUNC:IMP:RANG:VAL 10;:OUTP:DC:ISOL:LEV:VAL 0.02;:OUTP:DC:ISOL:STAT OFF;:FUNC:DCR:RANG:AUTO ON;:FUNC:IMP:RANG:AUTO ON;:OUTP:DC:ISOL:LEV:AUTO ON;:DISP:PAGE MEASurement;
"
1591.549,1.411504023e-08,9.998978587,0.00914178,0.0914088
1591.549,1.405663005e-08,9.998994534,0.00914194,0.0914097
1591.549,1.373399343e-08,9.998990611,0.00914185,0.0914092
1591.549,1.374652896e-08,9.99897259,0.00914197,0.0914096
1591.549,1.360077711e-08,9.998996931,0.0091419,0.0914091
1591.549,1.485839763e-08,9.998987662,0.00914188,0.091409
1591.549,1.485261693e-08,9.998978961,0.00914185,0.0914093
1591.549,1.326530034e-08,9.998985658,0.00914184,0.0914098
1591.549,1.400628859e-08,9.998980994,0.00914183,0.0914102
1591.549,1.306826074e-08,9.998976946,0.00914198,0.0914106
1591.549,1.289850312e-08,9.999005432,0.00914191,0.0914107
1591.549,1.486756909e-08,9.99896733,0.00914204,0.0914106
1591.549,1.205281474e-08,9.998979799,0.00914203,0.0914103
1591.549,1.365421015e-08,9.998983654,0.00914195,0.0914092
1591.549,1.583234233e-08,9.998978093,0.009142,0.0914101
1591.549,1.571496975e-08,9.998978164,0.00914196,0.0914094
Freq,1591.549,Rs,9.998983496625,9.666438819593225e-06,Ls,1.4020265199375e-08,1.0116551410706501e-09
":SOUR:DCS:STAT OFF;:BIAS:STAT OFF;:COMP:BIN:COUN:CLE;:LIST:CLE:ALL;:COMP:BIN:CLE;:AMPL:ALC OFF;:APER LONG,1;:BIAS:POL:AUTO OFF;:BIAS:RANG:AUTO ON;:BIAS:VOLT:LEV 0;:COMP:ABIN OFF;:COMP:BIN:COUN:STAT OFF;:COMP:MODE PTOL;:COMP:SLIM -9.9e+037,9.9e+037;:COMP:STAT OFF;:COMP:SWAP OFF;:COMP:TOL:NOM 0;:DISP:ENAB ON;:DISP:LINE """";:DISP:WIND:TEXT1:DATA:FMSD:DATA 1e-009;:DISP:WIND:TEXT2:DATA:FMSD:DATA 1e-009;:FORM:ASC:LONG ON;:FORM:BORD NORM;:FORM:DATA ASC,64;:FREQ:CW 1592;:FUNC:DEV1:MODE OFF;:FUNC:DEV1:REF:VAL 0;:FUNC:DEV2:MODE OFF;:FUNC:DEV2:REF:VAL 0;:FUNC:IMP:TYPE LSRS;:FUNC:SMON:IDC:STAT OFF;:FUNC:SMON:VDC:STAT OFF;:INIT:CONT OFF;:LIST:MODE SEQ;:LIST:STIM:TYPE FREQ,NONE;:SOUR:DCS:VOLT:LEV 0;:TRIG:DEL 0;:TRIG:SOUR INT;:TRIG:TDEL 0;:VOLT:LEV 1;:DISP:WIND:TEXT1:DATA:FMSD:STAT OFF;:DISP:WIND:TEXT2:DATA:FMSD:STAT OFF;:FUNC:DCR:RANG:VAL 100;:FUNC:IMP:RANG:VAL 10;:OUTP:DC:ISOL:LEV:VAL 0.02;:OUTP:DC:ISOL:STAT OFF;:FUNC:DCR:RANG:AUTO ON;:FUNC:IMP:RANG:AUTO ON;:OUTP:DC:ISOL:LEV:AUTO ON;:DISP:PAGE MEASurement;
"
1805.0,1.410032053e-08,9.998953814,0.00914441,0.0914341
1805.0,1.254067826e-08,9.998935179,0.0091444,0.0914352
1805.0,1.339240836e-08,9.998961606,0.00914441,0.0914344
1805.0,1.223042064e-08,9.99893775,0.00914453,0.0914343
1805.0,1.321819491e-08,9.998934041,0.00914438,0.0914343
1805.0,1.265248932e-08,9.998933709,0.0091444,0.0914346
1805.0,1.401841396e-08,9.998980192,0.00914437,0.0914333
1805.0,1.100130235e-08,9.998952767,0.00914444,0.0914344
1805.0,1.073430467e-08,9.9989463,0.0091445,0.0914342
1805.0,1.259339758e-08,9.998939951,0.00914443,0.0914343
1805.0,1.20399275e-08,9.998968878,0.00914443,0.0914352
1805.0,1.243532916e-08,9.998950264,0.00914444,0.091435
1805.0,1.143277438e-08,9.998931135,0.00914449,0.0914354
1805.0,1.140944863e-08,9.998964951,0.00914451,0.0914351
1805.0,1.03862397e-08,9.998955865,0.00914457,0.0914353
1805.0,1.353855005e-08,9.998957381,0.00914442,0.0914346
Freq,1805,Rs,9.9989502364375,1.4368471126997715e-05,Ls,1.23577625e-08,1.1377131567858673e-09
":SOUR:DCS:STAT OFF;:BIAS:STAT OFF;:COMP:BIN:COUN:CLE;:LIST:CLE:ALL;:COMP:BIN:CLE;:AMPL:ALC OFF;:APER LONG,1;:BIAS:POL:AUTO OFF;:BIAS:RANG:AUTO ON;:BIAS:VOLT:LEV 0;:COMP:ABIN OFF;:COMP:BIN:COUN:STAT OFF;:COMP:MODE PTOL;:COMP:SLIM -9.9e+037,9.9e+037;:COMP:STAT OFF;:COMP:SWAP OFF;:COMP:TOL:NOM 0;:DISP:ENAB ON;:DISP:LINE """";:DISP:WIND:TEXT1:DATA:FMSD:DATA 1e-009;:DISP:WIND:TEXT2:DATA:FMSD:DATA 1e-009;:FORM:ASC:LONG ON;:FORM:BORD NORM;:FORM:DATA ASC,64;:FREQ:CW 1805;:FUNC:DEV1:MODE OFF;:FUNC:DEV1:REF:VAL 0;:FUNC:DEV2:MODE OFF;:FUNC:DEV2:REF:VAL 0;:FUNC:IMP:TYPE LSRS;:FUNC:SMON:IDC:STAT OFF;:FUNC:SMON:VDC:STAT OFF;:INIT:CONT OFF;:LIST:MODE SEQ;:LIST:STIM:TYPE FREQ,NONE;:SOUR:DCS:VOLT:LEV 0;:TRIG:DEL 0;:TRIG:SOUR INT;:TRIG:TDEL 0;:VOLT:LEV 1;:DISP:WIND:TEXT1:DATA:FMSD:STAT OFF;:DISP:WIND:TEXT2:DATA:FMSD:STAT OFF;:FUNC:DCR:RANG:VAL 100;:FUNC:IMP:RANG:VAL 10;:OUTP:DC:ISOL:LEV:VAL 0.02;:OUTP:DC:ISOL:STAT OFF;:FUNC:DCR:RANG:AUTO ON;:FUNC:IMP:RANG:AUTO ON;:OUTP:DC:ISOL:LEV:AUTO ON;:DISP:PAGE MEASurement;
"
2005.0,8.983647096e-09,9.998687057,0.00910473,0.0910355
2005.0,7.525730479e-09,9.998647737,0.00910467,0.0910343
2005.0,7.920978866e-09,9.998656509,0.00910486,0.0910351
2005.0,6.905211884e-09,9.998639802,0.00910475,0.0910352
2005.0,8.472078069e-09,9.998652872,0.00910481,0.0910356
2005.0,8.468849072e-09,9.998638381,0.00910482,0.0910345
2005.0,8.995616099e-09,9.998633842,0.00910476,0.0910357
2005.0,7.05041824e-09,9.998652431,0.00910468,0.0910354
2005.0,5.429936506e-09,9.998641129,0.00910465,0.0910348
2005.0,8.757234698e-09,9.998611434,0.00910471,0.0910349
2005.0,7.849469999e-09,9.998663777,0.00910472,0.0910355
2005.0,9.167765239e-09,9.99865822,0.00910473,0.0910342
2005.0,7.106647742e-09,9.99865393,0.00910469,0.0910336
2005.0,8.577701124e-09,9.998672224,0.00910468,0.0910349
2005.0,6.757655383e-09,9.998655484,0.00910471,0.0910342
2005.0,8.052704472e-09,9.998645147,0.00910466,0.091035
Freq,2005,Rs,9.9986506235,1.696095713486469e-05,Ls,7.8763528105e-09,1.0240864233731339e-09
":SOUR:DCS:STAT OFF;:BIAS:STAT OFF;:COMP:BIN:COUN:CLE;:LIST:CLE:ALL;:COMP:BIN:CLE;:AMPL:ALC OFF;:APER LONG,1;:BIAS:POL:AUTO OFF;:BIAS:RANG:AUTO ON;:BIAS:VOLT:LEV 0;:COMP:ABIN OFF;:COMP:BIN:COUN:STAT OFF;:COMP:MODE PTOL;:COMP:SLIM -9.9e+037,9.9e+037;:COMP:STAT OFF;:COMP:SWAP OFF;:COMP:TOL:NOM 0;:DISP:ENAB ON;:DISP:LINE """";:DISP:WIND:TEXT1:DATA:FMSD:DATA 1e-009;:DISP:WIND:TEXT2:DATA:FMSD:DATA 1e-009;:FORM:ASC:LONG ON;:FORM:BORD NORM;:FORM:DATA ASC,64;:FREQ:CW 2005;:FUNC:DEV1:MODE OFF;:FUNC:DEV1:REF:VAL 0;:FUNC:DEV2:MODE OFF;:FUNC:DEV2:REF:VAL 0;:FUNC:IMP:TYPE LSRS;:FUNC:SMON:IDC:STAT OFF;:FUNC:SMON:VDC:STAT OFF;:INIT:CONT OFF;:LIST:MODE SEQ;:LIST:STIM:TYPE FREQ,NONE;:SOUR:DCS:VOLT:LEV 0;:TRIG:DEL 0;:TRIG:SOUR INT;:TRIG:TDEL 0;:VOLT:LEV 1;:DISP:WIND:TEXT1:DATA:FMSD:STAT OFF;:DISP:WIND:TEXT2:DATA:FMSD:STAT OFF;:FUNC:DCR:RANG:VAL 100;:FUNC:IMP:RANG:VAL 10;:OUTP:DC:ISOL:LEV:VAL 0.02;:OUTP:DC:ISOL:STAT OFF;:FUNC:DCR:RANG:AUTO ON;:FUNC:IMP:RANG:AUTO ON;:OUTP:DC:ISOL:LEV:AUTO ON;:DISP:PAGE MEASurement;
"
3005.0,3.920519728e-09,9.998648329,0.00910775,0.0910647
3005.0,5.607270443e-09,9.998674041,0.00910765,0.0910649
3005.0,4.681791943e-09,9.9986629,0.00910764,0.0910646
3005.0,5.796063181e-09,9.998636702,0.00910763,0.0910643
3005.0,4.203551492e-09,9.998655904,0.00910767,0.0910644
3005.0,5.316499547e-09,9.998657372,0.00910764,0.091064
3005.0,5.235129862e-09,9.998647105,0.00910768,0.0910638
3005.0,4.66848352e-09,9.998668256,0.00910776,0.0910643
3005.0,4.695690734e-09,9.998672809,0.00910773,0.0910637
3005.0,4.500485589e-09,9.99866491,0.00910754,0.091063
3005.0,4.934585776e-09,9.998666776,0.00910769,0.091065
3005.0,5.475531036e-09,9.998652703,0.0091077,0.091065
3005.0,4.173700477e-09,9.99869203,0.00910776,0.0910657
3005.0,5.112178773e-09,9.998671571,0.00910762,0.0910656
3005.0,4.951445402e-09,9.998654386,0.00910772,0.0910649
3005.0,4.401819767e-09,9.998667061,0.00910776,0.0910653
Freq,3005,Rs,9.998662053437501,1.3175107392252389e-05,Ls,4.854671704375e-09,5.452127467211203e-10
":SOUR:DCS:STAT OFF;:BIAS:STAT OFF;:COMP:BIN:COUN:CLE;:LIST:CLE:ALL;:COMP:BIN:CLE;:AMPL:ALC OFF;:APER LONG,1;:BIAS:POL:AUTO OFF;:BIAS:RANG:AUTO ON;:BIAS:VOLT:LEV 0;:COMP:ABIN OFF;:COMP:BIN:COUN:STAT OFF;:COMP:MODE PTOL;:COMP:SLIM -9.9e+037,9.9e+037;:COMP:STAT OFF;:COMP:SWAP OFF;:COMP:TOL:NOM 0;:DISP:ENAB ON;:DISP:LINE """";:DISP:WIND:TEXT1:DATA:FMSD:DATA 1e-009;:DISP:WIND:TEXT2:DATA:FMSD:DATA 1e-009;:FORM:ASC:LONG ON;:FORM:BORD NORM;:FORM:DATA ASC,64;:FREQ:CW 3005;:FUNC:DEV1:MODE OFF;:FUNC:DEV1:REF:VAL 0;:FUNC:DEV2:MODE OFF;:FUNC:DEV2:REF:VAL 0;:FUNC:IMP:TYPE LSRS;:FUNC:SMON:IDC:STAT OFF;:FUNC:SMON:VDC:STAT OFF;:INIT:CONT OFF;:LIST:MODE SEQ;:LIST:STIM:TYPE FREQ,NONE;:SOUR:DCS:VOLT:LEV 0;:TRIG:DEL 0;:TRIG:SOUR INT;:TRIG:TDEL 0;:VOLT:LEV 1;:DISP:WIND:TEXT1:DATA:FMSD:STAT OFF;:DISP:WIND:TEXT2:DATA:FMSD:STAT OFF;:FUNC:DCR:RANG:VAL 100;:FUNC:IMP:RANG:VAL 10;:OUTP:DC:ISOL:LEV:VAL 0.02;:OUTP:DC:ISOL:STAT OFF;:FUNC:DCR:RANG:AUTO ON;:FUNC:IMP:RANG:AUTO ON;:OUTP:DC:ISOL:LEV:AUTO ON;:DISP:PAGE MEASurement;
"
4005.0,4.967185842e-09,9.998868916,0.00911022,0.0910912
4005.0,6.114869035e-09,9.998849651,0.00911029,0.0910905
4005.0,5.793694713e-09,9.998876292,0.00911016,0.0910921
4005.0,5.493173331e-09,9.998866761,0.0091102,0.0910915
4005.0,5.053791778e-09,9.998850192,0.00911013,0.0910913
4005.0,5.914739533e-09,9.998850583,0.0091102,0.0910904
4005.0,6.341013631e-09,9.998828389,0.0091101,0.0910919
4005.0,6.8009332e-09,9.99882679,0.0091101,0.0910909
4005.0,5.006771645e-09,9.99884304,0.00911013,0.0910901
4005.0,6.595631926e-09,9.998864351,0.00911016,0.0910911
4005.0,5.258192698e-09,9.998874191,0.00911008,0.0910903
4005.0,6.292444989e-09,9.998845889,0.00911012,0.0910915
4005.0,6.086725195e-09,9.9988613,0.00911013,0.0910914
4005.0,5.346279898e-09,9.998814427,0.00911013,0.0910903
4005.0,4.636224761e-09,9.998846264,0.0091102,0.0910907
4005.0,5.919248647e-09,9.998842998,0.00911018,0.0910919
Freq,4005,Rs,9.998850627125,1.759274940757779e-05,Ls,5.726307551375e-09,6.387245035297833e-10
":SOUR:DCS:STAT OFF;:BIAS:STAT OFF;:COMP:BIN:COUN:CLE;:LIST:CLE:ALL;:COMP:BIN:CLE;:AMPL:ALC OFF;:APER LONG,1;:BIAS:POL:AUTO OFF;:BIAS:RANG:AUTO ON;:BIAS:VOLT:LEV 0;:COMP:ABIN OFF;:COMP:BIN:COUN:STAT OFF;:COMP:MODE PTOL;:COMP:SLIM -9.9e+037,9.9e+037;:COMP:STAT OFF;:COMP:SWAP OFF;:COMP:TOL:NOM 0;:DISP:ENAB ON;:DISP:LINE """";:DISP:WIND:TEXT1:DATA:FMSD:DATA 1e-009;:DISP:WIND:TEXT2:DATA:FMSD:DATA 1e-009;:FORM:ASC:LONG ON;:FORM:BORD NORM;:FORM:DATA ASC,64;:FREQ:CW 4005;:FUNC:DEV1:MODE OFF;:FUNC:DEV1:REF:VAL 0;:FUNC:DEV2:MODE OFF;:FUNC:DEV2:REF:VAL 0;:FUNC:IMP:TYPE LSRS;:FUNC:SMON:IDC:STAT OFF;:FUNC:SMON:VDC:STAT OFF;:INIT:CONT OFF;:LIST:MODE SEQ;:LIST:STIM:TYPE FREQ,NONE;:SOUR:DCS:VOLT:LEV 0;:TRIG:DEL 0;:TRIG:SOUR INT;:TRIG:TDEL 0;:VOLT:LEV 1;:DISP:WIND:TEXT1:DATA:FMSD:STAT OFF;:DISP:WIND:TEXT2:DATA:FMSD:STAT OFF;:FUNC:DCR:RANG:VAL 100;:FUNC:IMP:RANG:VAL 10;:OUTP:DC:ISOL:LEV:VAL 0.02;:OUTP:DC:ISOL:STAT OFF;:FUNC:DCR:RANG:AUTO ON;:FUNC:IMP:RANG:AUTO ON;:OUTP:DC:ISOL:LEV:AUTO ON;:DISP:PAGE MEASurement;
"
5005.0,5.191293449e-09,9.998688696,0.00909868,0.0909742
5005.0,5.177768567e-09,9.998673324,0.00909868,0.0909747
5005.0,5.187920134e-09,9.998660948,0.00909864,0.0909754
5005.0,5.083944795e-09,9.998662662,0.00909875,0.0909746
5005.0,4.78503918e-09,9.998708477,0.00909871,0.0909743
5005.0,4.318100137e-09,9.998723248,0.00909859,0.0909742
5005.0,4.843934942e-09,9.998701556,0.00909864,0.0909748
5005.0,5.305390973e-09,9.998695846,0.00909863,0.0909755
5005.0,4.972762424e-09,9.998678167,0.00909878,0.0909749
5005.0,4.135406982e-09,9.998665099,0.00909875,0.0909738
5005.0,5.106878493e-09,9.998689309,0.00909861,0.0909738
5005.0,4.490237399e-09,9.998691563,0.00909867,0.0909745
5005.0,4.533183719e-09,9.99866118,0.00909868,0.0909737
5005.0,5.297337437e-09,9.998666283,0.00909871,0.0909738
5005.0,4.570618313e-09,9.998690268,0.00909856,0.0909745
5005.0,4.438971618e-09,9.998686587,0.00909867,0.0909756
Freq,5005,Rs,9.9986839508125,1.8381234155944162e-05,Ls,4.839924285125e-09,3.789789519834056e-10
":SOUR:DCS:STAT OFF;:BIAS:STAT OFF;:COMP:BIN:COUN:CLE;:LIST:CLE:ALL;:COMP:BIN:CLE;:AMPL:ALC OFF;:APER LONG,1;:BIAS:POL:AUTO OFF;:BIAS:RANG:AUTO ON;:BIAS:VOLT:LEV 0;:COMP:ABIN OFF;:COMP:BIN:COUN:STAT OFF;:COMP:MODE PTOL;:COMP:SLIM -9.9e+037,9.9e+037;:COMP:STAT OFF;:COMP:SWAP OFF;:COMP:TOL:NOM 0;:DISP:ENAB ON;:DISP:LINE """";:DISP:WIND:TEXT1:DATA:FMSD:DATA 1e-009;:DISP:WIND:TEXT2:DATA:FMSD:DATA 1e-009;:FORM:ASC:LONG ON;:FORM:BORD NORM;:FORM:DATA ASC,64;:FREQ:CW 5005;:FUNC:DEV1:MODE OFF;:FUNC:DEV1:REF:VAL 0;:FUNC:DEV2:MODE OFF;:FUNC:DEV2:REF:VAL 0;:FUNC:IMP:TYPE LSRS;:FUNC:SMON:IDC:STAT OFF;:FUNC:SMON:VDC:STAT OFF;:INIT:CONT OFF;:LIST:MODE SEQ;:LIST:STIM:TYPE FREQ,NONE;:SOUR:DCS:VOLT:LEV 0;:TRIG:DEL 0;:TRIG:SOUR INT;:TRIG:TDEL 0;:VOLT:LEV 1;:DISP:WIND:TEXT1:DATA:FMSD:STAT OFF;:DISP:WIND:TEXT2:DATA:FMSD:STAT OFF;:FUNC:DCR:RANG:VAL 100;:FUNC:IMP:RANG:VAL 10;:OUTP:DC:ISOL:LEV:VAL 0.02;:OUTP:DC:ISOL:STAT OFF;:FUNC:DCR:RANG:AUTO ON;:FUNC:IMP:RANG:AUTO ON;:OUTP:DC:ISOL:LEV:AUTO ON;:DISP:PAGE MEASurement;
"
8005.0,4.937313755e-09,9.99865305,0.00910675,0.0910548
8005.0,4.703166047e-09,9.998660977,0.00910666,0.0910559
8005.0,5.159214598e-09,9.998672339,0.00910672,0.0910557
8005.0,4.933748286e-09,9.998642801,0.00910676,0.0910553
8005.0,4.882222081e-09,9.998653061,0.00910686,0.0910557
8005.0,5.31531155e-09,9.998639887,0.00910682,0.0910561
8005.0,4.699368009e-09,9.998656084,0.00910683,0.0910553
8005.0,4.884193138e-09,9.99868767,0.00910673,0.0910565
8005.0,4.98434772e-09,9.99870452,0.00910679,0.0910555
8005.0,5.292071465e-09,9.998650079,0.00910673,0.0910566
8005.0,5.147464864e-09,9.998653599,0.00910685,0.0910572
8005.0,4.65626193e-09,9.998661624,0.00910687,0.0910553
8005.0,5.378857237e-09,9.998689371,0.00910683,0.0910564
8005.0,4.540026398e-09,9.998679725,0.00910692,0.0910559
8005.0,5.017780895e-09,9.998669418,0.00910674,0.091055
8005.0,4.848187314e-09,9.998668189,0.00910672,0.0910554
Freq,8005,Rs,9.998665149625001,1.7959618265694285e-05,Ls,4.9612209554375e-09,2.4748408688794737e-10
":SOUR:DCS:STAT OFF;:BIAS:STAT OFF;:COMP:BIN:COUN:CLE;:LIST:CLE:ALL;:COMP:BIN:CLE;:AMPL:ALC OFF;:APER LONG,1;:BIAS:POL:AUTO OFF;:BIAS:RANG:AUTO ON;:BIAS:VOLT:LEV 0;:COMP:ABIN OFF;:COMP:BIN:COUN:STAT OFF;:COMP:MODE PTOL;:COMP:SLIM -9.9e+037,9.9e+037;:COMP:STAT OFF;:COMP:SWAP OFF;:COMP:TOL:NOM 0;:DISP:ENAB ON;:DISP:LINE """";:DISP:WIND:TEXT1:DATA:FMSD:DATA 1e-009;:DISP:WIND:TEXT2:DATA:FMSD:DATA 1e-009;:FORM:ASC:LONG ON;:FORM:BORD NORM;:FORM:DATA ASC,64;:FREQ:CW 8005;:FUNC:DEV1:MODE OFF;:FUNC:DEV1:REF:VAL 0;:FUNC:DEV2:MODE OFF;:FUNC:DEV2:REF:VAL 0;:FUNC:IMP:TYPE LSRS;:FUNC:SMON:IDC:STAT OFF;:FUNC:SMON:VDC:STAT OFF;:INIT:CONT OFF;:LIST:MODE SEQ;:LIST:STIM:TYPE FREQ,NONE;:SOUR:DCS:VOLT:LEV 0;:TRIG:DEL 0;:TRIG:SOUR INT;:TRIG:TDEL 0;:VOLT:LEV 1;:DISP:WIND:TEXT1:DATA:FMSD:STAT OFF;:DISP:WIND:TEXT2:DATA:FMSD:STAT OFF;:FUNC:DCR:RANG:VAL 100;:FUNC:IMP:RANG:VAL 10;:OUTP:DC:ISOL:LEV:VAL 0.02;:OUTP:DC:ISOL:STAT OFF;:FUNC:DCR:RANG:AUTO ON;:FUNC:IMP:RANG:AUTO ON;:OUTP:DC:ISOL:LEV:AUTO ON;:DISP:PAGE MEASurement;
"
10005.0,4.186959247e-09,9.998756831,0.00910661,0.0910565
10005.0,4.456026216e-09,9.998780944,0.00910676,0.0910556
10005.0,4.039029948e-09,9.998758912,0.0091067,0.0910549
10005.0,4.498191681e-09,9.998748802,0.00910662,0.0910551
10005.0,4.956738762e-09,9.998769215,0.00910664,0.091055
10005.0,4.152241383e-09,9.998771202,0.00910664,0.0910557
10005.0,4.727092446e-09,9.998767491,0.00910671,0.0910559
10005.0,4.231772859e-09,9.998772719,0.00910664,0.091056
10005.0,4.521182889e-09,9.998749533,0.00910679,0.0910562
10005.0,4.531736102e-09,9.998747976,0.00910662,0.0910552
10005.0,4.547433729e-09,9.998763754,0.00910667,0.0910558
10005.0,3.680313117e-09,9.998769916,0.00910659,0.0910549
10005.0,3.957655708e-09,9.998753989,0.00910673,0.091055
10005.0,4.419872287e-09,9.998763662,0.00910662,0.0910556
10005.0,4.167496447e-09,9.9987404,0.00910667,0.0910554
10005.0,4.417064025e-09,9.998731052,0.00910668,0.0910553
Freq,10005,Rs,9.998759149875,1.3241957613871345e-05,Ls,4.343175427875e-09,3.12577677104422e-10
":SOUR:DCS:STAT OFF;:BIAS:STAT OFF;:COMP:BIN:COUN:CLE;:LIST:CLE:ALL;:COMP:BIN:CLE;:AMPL:ALC OFF;:APER LONG,1;:BIAS:POL:AUTO OFF;:BIAS:RANG:AUTO ON;:BIAS:VOLT:LEV 0;:COMP:ABIN OFF;:COMP:BIN:COUN:STAT OFF;:COMP:MODE PTOL;:COMP:SLIM -9.9e+037,9.9e+037;:COMP:STAT OFF;:COMP:SWAP OFF;:COMP:TOL:NOM 0;:DISP:ENAB ON;:DISP:LINE """";:DISP:WIND:TEXT1:DATA:FMSD:DATA 1e-009;:DISP:WIND:TEXT2:DATA:FMSD:DATA 1e-009;:FORM:ASC:LONG ON;:FORM:BORD NORM;:FORM:DATA ASC,64;:FREQ:CW 10010;:FUNC:DEV1:MODE OFF;:FUNC:DEV1:REF:VAL 0;:FUNC:DEV2:MODE OFF;:FUNC:DEV2:REF:VAL 0;:FUNC:IMP:TYPE LSRS;:FUNC:SMON:IDC:STAT OFF;:FUNC:SMON:VDC:STAT OFF;:INIT:CONT OFF;:LIST:MODE SEQ;:LIST:STIM:TYPE FREQ,NONE;:SOUR:DCS:VOLT:LEV 0;:TRIG:DEL 0;:TRIG:SOUR INT;:TRIG:TDEL 0;:VOLT:LEV 1;:DISP:WIND:TEXT1:DATA:FMSD:STAT OFF;:DISP:WIND:TEXT2:DATA:FMSD:STAT OFF;:FUNC:DCR:RANG:VAL 100;:FUNC:IMP:RANG:VAL 10;:OUTP:DC:ISOL:LEV:VAL 0.02;:OUTP:DC:ISOL:STAT OFF;:FUNC:DCR:RANG:AUTO ON;:FUNC:IMP:RANG:AUTO ON;:OUTP:DC:ISOL:LEV:AUTO ON;:DISP:PAGE MEASurement;
"
15005.0,3.88177239e-09,9.998695454,0.00910407,0.0910288
15005.0,3.657324226e-09,9.998746995,0.00910409,0.09103
15005.0,3.772310279e-09,9.998719722,0.00910408,0.0910292
15005.0,3.944706012e-09,9.998740205,0.00910413,0.0910288
15005.0,3.395425047e-09,9.998733928,0.00910403,0.0910293
15005.0,3.290050866e-09,9.998691171,0.00910412,0.0910289
15005.0,3.590214451e-09,9.998668309,0.00910412,0.0910291
15005.0,3.06137633e-09,9.998700398,0.00910414,0.0910302
15005.0,3.938950197e-09,9.99869571,0.00910416,0.0910293
15005.0,3.777525337e-09,9.998719963,0.00910417,0.0910293
15005.0,3.504704905e-09,9.998711187,0.0091041,0.0910293
15005.0,3.911288036e-09,9.99867479,0.00910417,0.09103
15005.0,3.685476156e-09,9.998705361,0.0091041,0.0910297
15005.0,3.487720183e-09,9.998701799,0.00910411,0.0910297
15005.0,3.469382537e-09,9.998730608,0.00910414,0.0910313
15005.0,4.038496566e-09,9.998693003,0.0091041,0.0910287
Freq,15005,Rs,9.9987080376875,2.255344167004202e-05,Ls,3.650420219875e-09,2.7083662932553497e-10
":SOUR:DCS:STAT OFF;:BIAS:STAT OFF;:COMP:BIN:COUN:CLE;:LIST:CLE:ALL;:COMP:BIN:CLE;:AMPL:ALC OFF;:APER LONG,1;:BIAS:POL:AUTO OFF;:BIAS:RANG:AUTO ON;:BIAS:VOLT:LEV 0;:COMP:ABIN OFF;:COMP:BIN:COUN:STAT OFF;:COMP:MODE PTOL;:COMP:SLIM -9.9e+037,9.9e+037;:COMP:STAT OFF;:COMP:SWAP OFF;:COMP:TOL:NOM 0;:DISP:ENAB ON;:DISP:LINE """";:DISP:WIND:TEXT1:DATA:FMSD:DATA 1e-009;:DISP:WIND:TEXT2:DATA:FMSD:DATA 1e-009;:FORM:ASC:LONG ON;:FORM:BORD NORM;:FORM:DATA ASC,64;:FREQ:CW 15010;:FUNC:DEV1:MODE OFF;:FUNC:DEV1:REF:VAL 0;:FUNC:DEV2:MODE OFF;:FUNC:DEV2:REF:VAL 0;:FUNC:IMP:TYPE LSRS;:FUNC:SMON:IDC:STAT OFF;:FUNC:SMON:VDC:STAT OFF;:INIT:CONT OFF;:LIST:MODE SEQ;:LIST:STIM:TYPE FREQ,NONE;:SOUR:DCS:VOLT:LEV 0;:TRIG:DEL 0;:TRIG:SOUR INT;:TRIG:TDEL 0;:VOLT:LEV 1;:DISP:WIND:TEXT1:DATA:FMSD:STAT OFF;:DISP:WIND:TEXT2:DATA:FMSD:STAT OFF;:FUNC:DCR:RANG:VAL 100;:FUNC:IMP:RANG:VAL 10;:OUTP:DC:ISOL:LEV:VAL 0.02;:OUTP:DC:ISOL:STAT OFF;:FUNC:DCR:RANG:AUTO ON;:FUNC:IMP:RANG:AUTO ON;:OUTP:DC:ISOL:LEV:AUTO ON;:DISP:PAGE MEASurement;
"
20005.0,3.405224868e-09,9.99869993,0.00911649,0.0911526
20005.0,4.08581805e-09,9.998678407,0.00911656,0.0911537
20005.0,3.888906904e-09,9.998694903,0.00911655,0.0911531
20005.0,3.575280255e-09,9.998636914,0.00911654,0.0911532
20005.0,3.581212416e-09,9.998668189,0.00911639,0.0911533
20005.0,3.498623386e-09,9.998659793,0.00911644,0.0911533
20005.0,3.555229856e-09,9.998641185,0.0091165,0.0911519
20005.0,3.78589121e-09,9.998700426,0.0091165,0.0911519
20005.0,3.645108659e-09,9.998698106,0.00911651,0.0911517
20005.0,3.435490452e-09,9.998651819,0.00911668,0.0911531
20005.0,3.391771555e-09,9.998685238,0.00911644,0.0911532
20005.0,3.523512023e-09,9.998739776,0.00911654,0.0911526
20005.0,3.732972463e-09,9.998722835,0.00911648,0.0911525
20005.0,3.666355454e-09,9.998635241,0.00911644,0.0911526
20005.0,3.690185527e-09,9.99866923,0.00911657,0.0911531
20005.0,3.458905946e-09,9.998667917,0.00911655,0.0911529
Freq,20005,Rs,9.998678119312501,3.023915978711531e-05,Ls,3.6200305639999997e-09,1.874813199091571e-10
":SOUR:DCS:STAT OFF;:BIAS:STAT OFF;:COMP:BIN:COUN:CLE;:LIST:CLE:ALL;:COMP:BIN:CLE;:AMPL:ALC OFF;:APER LONG,1;:BIAS:POL:AUTO OFF;:BIAS:RANG:AUTO ON;:BIAS:VOLT:LEV 0;:COMP:ABIN OFF;:COMP:BIN:COUN:STAT OFF;:COMP:MODE PTOL;:COMP:SLIM -9.9e+037,9.9e+037;:COMP:STAT OFF;:COMP:SWAP OFF;:COMP:TOL:NOM 0;:DISP:ENAB ON;:DISP:LINE """";:DISP:WIND:TEXT1:DATA:FMSD:DATA 1e-009;:DISP:WIND:TEXT2:DATA:FMSD:DATA 1e-009;:FORM:ASC:LONG ON;:FORM:BORD NORM;:FORM:DATA ASC,64;:FREQ:CW 20010;:FUNC:DEV1:MODE OFF;:FUNC:DEV1:REF:VAL 0;:FUNC:DEV2:MODE OFF;:FUNC:DEV2:REF:VAL 0;:FUNC:IMP:TYPE LSRS;:FUNC:SMON:IDC:STAT OFF;:FUNC:SMON:VDC:STAT OFF;:INIT:CONT OFF;:LIST:MODE SEQ;:LIST:STIM:TYPE FREQ,NONE;:SOUR:DCS:VOLT:LEV 0;:TRIG:DEL 0;:TRIG:SOUR INT;:TRIG:TDEL 0;:VOLT:LEV 1;:DISP:WIND:TEXT1:DATA:FMSD:STAT OFF;:DISP:WIND:TEXT2:DATA:FMSD:STAT OFF;:FUNC:DCR:RANG:VAL 100;:FUNC:IMP:RANG:VAL 10;:OUTP:DC:ISOL:LEV:VAL 0.02;:OUTP:DC:ISOL:STAT OFF;:FUNC:DCR:RANG:AUTO ON;:FUNC:IMP:RANG:AUTO ON;:OUTP:DC:ISOL:LEV:AUTO ON;:DISP:PAGE MEASurement;
"
30005.0,4.469681768e-09,9.998841688,0.0090892,0.0908822
30005.0,4.35929833e-09,9.998787627,0.00908933,0.0908811
30005.0,4.338648893e-09,9.998827236,0.0090895,0.0908822
30005.0,4.313004996e-09,9.998842575,0.00908941,0.0908841
30005.0,4.401707072e-09,9.998879316,0.00908955,0.0908847
30005.0,4.256376006e-09,9.998756044,0.00908933,0.0908827
30005.0,4.287168767e-09,9.998861942,0.00908939,0.0908824
30005.0,4.346352823e-09,9.998843711,0.00908944,0.0908824
30005.0,4.229104698e-09,9.998786469,0.00908936,0.090883
30005.0,4.351151664e-09,9.998776276,0.00908915,0.0908806
30005.0,4.299346726e-09,9.99880286,0.00908942,0.0908853
30005.0,4.34649632e-09,9.998772265,0.00908957,0.0908829
30005.0,4.323119306e-09,9.998756271,0.00908915,0.0908818
30005.0,4.307932867e-09,9.998759228,0.00908925,0.0908814
30005.0,4.311648863e-09,9.998794856,0.00908934,0.0908814
30005.0,4.344280726e-09,9.998762323,0.00908917,0.0908822
Freq,30005,Rs,9.9988031679375,4.066069574325599e-05,Ls,4.3303324890625e-09,5.556353210316452e-11
":SOUR:DCS:STAT OFF;:BIAS:STAT OFF;:COMP:BIN:COUN:CLE;:LIST:CLE:ALL;:COMP:BIN:CLE;:AMPL:ALC OFF;:APER LONG,1;:BIAS:POL:AUTO OFF;:BIAS:RANG:AUTO ON;:BIAS:VOLT:LEV 0;:COMP:ABIN OFF;:COMP:BIN:COUN:STAT OFF;:COMP:MODE PTOL;:COMP:SLIM -9.9e+037,9.9e+037;:COMP:STAT OFF;:COMP:SWAP OFF;:COMP:TOL:NOM 0;:DISP:ENAB ON;:DISP:LINE """";:DISP:WIND:TEXT1:DATA:FMSD:DATA 1e-009;:DISP:WIND:TEXT2:DATA:FMSD:DATA 1e-009;:FORM:ASC:LONG ON;:FORM:BORD NORM;:FORM:DATA ASC,64;:FREQ:CW 30010;:FUNC:DEV1:MODE OFF;:FUNC:DEV1:REF:VAL 0;:FUNC:DEV2:MODE OFF;:FUNC:DEV2:REF:VAL 0;:FUNC:IMP:TYPE LSRS;:FUNC:SMON:IDC:STAT OFF;:FUNC:SMON:VDC:STAT OFF;:INIT:CONT OFF;:LIST:MODE SEQ;:LIST:STIM:TYPE FREQ,NONE;:SOUR:DCS:VOLT:LEV 0;:TRIG:DEL 0;:TRIG:SOUR INT;:TRIG:TDEL 0;:VOLT:LEV 1;:DISP:WIND:TEXT1:DATA:FMSD:STAT OFF;:DISP:WIND:TEXT2:DATA:FMSD:STAT OFF;:FUNC:DCR:RANG:VAL 100;:FUNC:IMP:RANG:VAL 10;:OUTP:DC:ISOL:LEV:VAL 0.02;:OUTP:DC:ISOL:STAT OFF;:FUNC:DCR:RANG:AUTO ON;:FUNC:IMP:RANG:AUTO ON;:OUTP:DC:ISOL:LEV:AUTO ON;:DISP:PAGE MEASurement;
"
":SOUR:DCS:STAT OFF;:BIAS:STAT OFF;:COMP:BIN:COUN:CLE;:LIST:CLE:ALL;:COMP:BIN:CLE;:AMPL:ALC OFF;:APER LONG,1;:BIAS:POL:AUTO OFF;:BIAS:RANG:AUTO ON;:BIAS:VOLT:LEV 0;:COMP:ABIN OFF;:COMP:BIN:COUN:STAT OFF;:COMP:MODE PTOL;:COMP:SLIM -9.9e+037,9.9e+037;:COMP:STAT OFF;:COMP:SWAP OFF;:COMP:TOL:NOM 0;:DISP:ENAB ON;:DISP:LINE """";:DISP:WIND:TEXT1:DATA:FMSD:DATA 1e-009;:DISP:WIND:TEXT2:DATA:FMSD:DATA 1e-009;:FORM:ASC:LONG ON;:FORM:BORD NORM;:FORM:DATA ASC,64;:FREQ:CW 30010;:FUNC:DEV1:MODE OFF;:FUNC:DEV1:REF:VAL 0;:FUNC:DEV2:MODE OFF;:FUNC:DEV2:REF:VAL 0;:FUNC:IMP:TYPE LSRS;:FUNC:SMON:IDC:STAT OFF;:FUNC:SMON:VDC:STAT OFF;:INIT:CONT OFF;:LIST:MODE SEQ;:LIST:STIM:TYPE FREQ,NONE;:SOUR:DCS:VOLT:LEV 0;:TRIG:DEL 0;:TRIG:SOUR INT;:TRIG:TDEL 0;:VOLT:LEV 1;:DISP:WIND:TEXT1:DATA:FMSD:STAT OFF;:DISP:WIND:TEXT2:DATA:FMSD:STAT OFF;:FUNC:DCR:RANG:VAL 100;:FUNC:IMP:RANG:VAL 10;:OUTP:DC:ISOL:LEV:VAL 0.02;:OUTP:DC:ISOL:STAT OFF;:FUNC:DCR:RANG:AUTO ON;:FUNC:IMP:RANG:AUTO ON;:OUTP:DC:ISOL:LEV:AUTO ON;:DISP:PAGE MEASurement;
"
2024-04-29,14:28:20
---------run finished---------
Frequency,Resistance,uR,Inductance,uL
20,9.9995753133125,0.0002460882157172981,-1.6877469252499997e-05,7.179671773116246e-07
30,9.9994302465625,7.93955765171889e-05,-8.92693443275e-06,4.724479816592436e-07
40,9.9991039468125,0.00016517109429813943,-5.1577115135625e-06,3.845071921887195e-07
55,9.9990147911875,4.5196803770615304e-05,-2.884550774125e-06,6.143725576769432e-08
70,9.998671286250001,4.2793553705534794e-05,-1.8335353031250002e-06,7.768891162637619e-08
105,9.9985641548125,2.0549016707078923e-05,-8.2206093575625e-07,4.2972085782975624e-08
205,9.9988466590625,3.000537422642201e-05,-6.9649207993125e-07,1.6544957257528155e-08
305,9.998675172,1.664934050728156e-05,-3.1555663165e-07,6.811931323604745e-09
505,9.998712529875,2.368346251966165e-05,-1.1628753609375e-07,4.11840514393043e-09
805,9.99858852,1.6384793824404896e-05,-4.238673028875e-08,3.599913835953466e-09
1005,9.9985790663125,2.4797497604179622e-05,7.511426462625001e-09,3.125703311579868e-09
1205,9.9991911736875,1.816030450431052e-05,3.0854824111875e-08,1.5170373462460064e-09
1591.549,9.998983496625,9.666438819593225e-06,1.4020265199375e-08,1.0116551410706501e-09
1805,9.9989502364375,1.4368471126997715e-05,1.23577625e-08,1.1377131567858673e-09
2005,9.9986506235,1.696095713486469e-05,7.8763528105e-09,1.0240864233731339e-09
3005,9.998662053437501,1.3175107392252389e-05,4.854671704375e-09,5.452127467211203e-10
4005,9.998850627125,1.759274940757779e-05,5.726307551375e-09,6.387245035297833e-10
5005,9.9986839508125,1.8381234155944162e-05,4.839924285125e-09,3.789789519834056e-10
8005,9.998665149625001,1.7959618265694285e-05,4.9612209554375e-09,2.4748408688794737e-10
10005,9.998759149875,1.3241957613871345e-05,4.343175427875e-09,3.12577677104422e-10
15005,9.9987080376875,2.255344167004202e-05,3.650420219875e-09,2.7083662932553497e-10
20005,9.998678119312501,3.023915978711531e-05,3.6200305639999997e-09,1.874813199091571e-10
30005,9.9988031679375,4.066069574325599e-05,4.3303324890625e-09,5.556353210316452e-11
lcr name:,KeySight E4980A
Name and description of Resistor under test: ,"42091A short termination, no leads"
2024-04-29,14:30:22
select the freq range,"[20, 30, 40, 55, 70, 105, 205, 305, 505, 805, 1005, 1205, 1591.549, 1805, 2005, 3005, 4005, 5005, 8005, 10005, 15005, 20005, 30005]"
20.0,4.670353757e-07,-1.472030451e-05,0.0099965,2.66015e-07
20.0,-2.70785748e-07,-1.541274405e-05,0.00999648,5.93533e-07
20.0,2.688073597e-07,-1.45638719e-05,0.0099966,8.08975e-08
20.0,-3.068980526e-07,-3.422043511e-05,0.00999638,5.19833e-07
20.0,3.566572943e-07,2.95544319e-06,0.0099966,2.52977e-07
20.0,1.208782547e-07,-1.195951795e-05,0.0099965,5.84615e-07
20.0,1.531314214e-07,-6.504294854e-05,0.00999672,1.78119e-07
20.0,1.265559102e-07,-9.468922056e-06,0.0099967,3.60903e-07
20.0,-6.377237958e-08,-2.607471018e-05,0.00999667,2.5594e-07
20.0,3.267163915e-07,2.210238128e-07,0.00999664,1.28011e-07
20.0,-7.059068424e-08,-2.872215259e-05,0.00999655,3.2909e-07
20.0,2.699515335e-07,-3.137373045e-05,0.00999653,4.80366e-07
20.0,-9.36522116e-08,-3.292614643e-06,0.00999655,8.39707e-07
20.0,-2.424665296e-07,6.771505294e-06,0.00999665,2.89947e-07
20.0,-2.062815198e-08,2.637114377e-05,0.00999664,2.87239e-07
20.0,1.894962723e-07,-6.792388491e-05,0.00999671,2.65688e-07
Freq,20,Rs,-1.79035450513875e-05,2.454357006014119e-05,Ls,7.565225348124999e-08,2.366661041417353e-07
":SOUR:DCS:STAT OFF;:BIAS:STAT OFF;:COMP:BIN:COUN:CLE;:LIST:CLE:ALL;:COMP:BIN:CLE;:AMPL:ALC OFF;:APER LONG,1;:BIAS:POL:AUTO OFF;:BIAS:RANG:AUTO ON;:BIAS:VOLT:LEV 0;:COMP:ABIN OFF;:COMP:BIN:COUN:STAT OFF;:COMP:MODE PTOL;:COMP:SLIM -9.9e+037,9.9e+037;:COMP:STAT OFF;:COMP:SWAP OFF;:COMP:TOL:NOM 0;:DISP:ENAB ON;:DISP:LINE """";:DISP:WIND:TEXT1:DATA:FMSD:DATA 1e-009;:DISP:WIND:TEXT2:DATA:FMSD:DATA 1e-009;:FORM:ASC:LONG ON;:FORM:BORD NORM;:FORM:DATA ASC,64;:FREQ:CW 20;:FUNC:DEV1:MODE OFF;:FUNC:DEV1:REF:VAL 0;:FUNC:DEV2:MODE OFF;:FUNC:DEV2:REF:VAL 0;:FUNC:IMP:TYPE LSRS;:FUNC:SMON:IDC:STAT OFF;:FUNC:SMON:VDC:STAT OFF;:INIT:CONT OFF;:LIST:MODE SEQ;:LIST:STIM:TYPE FREQ,NONE;:SOUR:DCS:VOLT:LEV 0;:TRIG:DEL 0;:TRIG:SOUR INT;:TRIG:TDEL 0;:VOLT:LEV 1;:DISP:WIND:TEXT1:DATA:FMSD:STAT OFF;:DISP:WIND:TEXT2:DATA:FMSD:STAT OFF;:FUNC:DCR:RANG:VAL 100;:FUNC:IMP:RANG:VAL 1;:OUTP:DC:ISOL:LEV:VAL 0.02;:OUTP:DC:ISOL:STAT OFF;:FUNC:DCR:RANG:AUTO ON;:FUNC:IMP:RANG:AUTO ON;:OUTP:DC:ISOL:LEV:AUTO ON;:DISP:PAGE MEASurement;
"
30.0,-2.426821433e-08,1.25472751e-05,0.0100009,1.94275e-07
30.0,-6.574809972e-08,-1.755686795e-05,0.0100011,2.29828e-07
30.0,-6.165191545e-08,1.214448773e-05,0.0100011,2.30837e-07
30.0,3.560746215e-08,1.658095258e-05,0.0100011,3.75429e-07
30.0,1.749952643e-07,-5.076644673e-06,0.010001,2.65992e-07
30.0,-8.473925892e-08,9.234478553e-06,0.010001,4.83265e-07
30.0,-1.175237238e-08,-5.578291924e-07,0.0100009,1.79853e-07
30.0,1.68827196e-07,1.796459285e-05,0.0100009,5.48999e-08
30.0,1.154278513e-07,-2.554283077e-05,0.010001,2.43809e-07
30.0,8.083242391e-08,-9.844463628e-06,0.0100008,3.39426e-07
30.0,1.872091965e-07,4.461262499e-05,0.0100009,3.26433e-07
30.0,1.447513314e-07,1.10741972e-05,0.0100009,3.24411e-07
30.0,-3.386743264e-08,4.569059527e-06,0.0100009,4.00413e-08
30.0,1.620828048e-07,-1.702807618e-06,0.0100009,9.85939e-08
30.0,-1.935274548e-09,1.505134385e-05,0.010001,9.33815e-08
30.0,-2.297132009e-07,1.819034512e-05,0.0100011,2.53735e-07
Freq,30,Rs,6.3554946042875e-06,1.65718320847124e-05,Ls,3.4753610092e-08,1.1920510573952621e-07
":SOUR:DCS:STAT OFF;:BIAS:STAT OFF;:COMP:BIN:COUN:CLE;:LIST:CLE:ALL;:COMP:BIN:CLE;:AMPL:ALC OFF;:APER LONG,1;:BIAS:POL:AUTO OFF;:BIAS:RANG:AUTO ON;:BIAS:VOLT:LEV 0;:COMP:ABIN OFF;:COMP:BIN:COUN:STAT OFF;:COMP:MODE PTOL;:COMP:SLIM -9.9e+037,9.9e+037;:COMP:STAT OFF;:COMP:SWAP OFF;:COMP:TOL:NOM 0;:DISP:ENAB ON;:DISP:LINE """";:DISP:WIND:TEXT1:DATA:FMSD:DATA 1e-009;:DISP:WIND:TEXT2:DATA:FMSD:DATA 1e-009;:FORM:ASC:LONG ON;:FORM:BORD NORM;:FORM:DATA ASC,64;:FREQ:CW 30;:FUNC:DEV1:MODE OFF;:FUNC:DEV1:REF:VAL 0;:FUNC:DEV2:MODE OFF;:FUNC:DEV2:REF:VAL 0;:FUNC:IMP:TYPE LSRS;:FUNC:SMON:IDC:STAT OFF;:FUNC:SMON:VDC:STAT OFF;:INIT:CONT OFF;:LIST:MODE SEQ;:LIST:STIM:TYPE FREQ,NONE;:SOUR:DCS:VOLT:LEV 0;:TRIG:DEL 0;:TRIG:SOUR INT;:TRIG:TDEL 0;:VOLT:LEV 1;:DISP:WIND:TEXT1:DATA:FMSD:STAT OFF;:DISP:WIND:TEXT2:DATA:FMSD:STAT OFF;:FUNC:DCR:RANG:VAL 100;:FUNC:IMP:RANG:VAL 1;:OUTP:DC:ISOL:LEV:VAL 0.02;:OUTP:DC:ISOL:STAT OFF;:FUNC:DCR:RANG:AUTO ON;:FUNC:IMP:RANG:AUTO ON;:OUTP:DC:ISOL:LEV:AUTO ON;:DISP:PAGE MEASurement;
"
40.0,8.905312779e-08,-1.97642722e-05,0.0100002,4.37731e-07
40.0,1.94846383e-08,5.443290639e-06,0.0100002,6.46441e-07
40.0,1.049584198e-07,4.571785429e-06,0.0100003,1.36865e-07
40.0,1.270865169e-07,5.332914007e-06,0.0100003,1.90473e-07
40.0,3.737004993e-08,2.70773627e-06,0.0100002,6.69611e-08
40.0,1.516719344e-07,-8.165369777e-06,0.0100004,5.22143e-07
40.0,-3.500920801e-09,-4.576360837e-05,0.0100003,1.48037e-07
40.0,1.063941484e-07,6.873748702e-06,0.0100003,1.88757e-07
40.0,2.629895665e-08,-1.29045443e-05,0.0100003,2.32372e-07
40.0,9.184326046e-08,-1.317093594e-05,0.0100002,3.68734e-07
40.0,7.603610565e-08,7.010277832e-06,0.0100004,2.6344e-07
40.0,6.587773477e-09,-1.907416554e-05,0.0100004,3.11328e-07
40.0,1.193425081e-07,-1.452743223e-05,0.0100003,2.29286e-07
40.0,1.480263189e-07,-9.723328313e-06,0.0100003,3.07271e-08
40.0,7.042216929e-08,-1.449118308e-06,0.0100004,2.26778e-07
40.0,2.606652666e-08,-1.594089452e-06,0.0100004,9.63001e-08
Freq,40,Rs,-7.137319471937499e-06,1.3984029546187818e-05,Ls,7.4821345869125e-08,5.058548472860116e-08
":SOUR:DCS:STAT OFF;:BIAS:STAT OFF;:COMP:BIN:COUN:CLE;:LIST:CLE:ALL;:COMP:BIN:CLE;:AMPL:ALC OFF;:APER LONG,1;:BIAS:POL:AUTO OFF;:BIAS:RANG:AUTO ON;:BIAS:VOLT:LEV 0;:COMP:ABIN OFF;:COMP:BIN:COUN:STAT OFF;:COMP:MODE PTOL;:COMP:SLIM -9.9e+037,9.9e+037;:COMP:STAT OFF;:COMP:SWAP OFF;:COMP:TOL:NOM 0;:DISP:ENAB ON;:DISP:LINE """";:DISP:WIND:TEXT1:DATA:FMSD:DATA 1e-009;:DISP:WIND:TEXT2:DATA:FMSD:DATA 1e-009;:FORM:ASC:LONG ON;:FORM:BORD NORM;:FORM:DATA ASC,64;:FREQ:CW 40;:FUNC:DEV1:MODE OFF;:FUNC:DEV1:REF:VAL 0;:FUNC:DEV2:MODE OFF;:FUNC:DEV2:REF:VAL 0;:FUNC:IMP:TYPE LSRS;:FUNC:SMON:IDC:STAT OFF;:FUNC:SMON:VDC:STAT OFF;:INIT:CONT OFF;:LIST:MODE SEQ;:LIST:STIM:TYPE FREQ,NONE;:SOUR:DCS:VOLT:LEV 0;:TRIG:DEL 0;:TRIG:SOUR INT;:TRIG:TDEL 0;:VOLT:LEV 1;:DISP:WIND:TEXT1:DATA:FMSD:STAT OFF;:DISP:WIND:TEXT2:DATA:FMSD:STAT OFF;:FUNC:DCR:RANG:VAL 100;:FUNC:IMP:RANG:VAL 1;:OUTP:DC:ISOL:LEV:VAL 0.02;:OUTP:DC:ISOL:STAT OFF;:FUNC:DCR:RANG:AUTO ON;:FUNC:IMP:RANG:AUTO ON;:OUTP:DC:ISOL:LEV:AUTO ON;:DISP:PAGE MEASurement;
"
55.0,-7.119354092e-08,-7.395655023e-06,0.0100034,3.66147e-07
55.0,-5.971162895e-08,7.893380644e-06,0.0100034,3.37829e-08
55.0,-6.99483411e-08,1.799237121e-06,0.0100034,2.45974e-07
55.0,-6.934576033e-08,1.679348606e-05,0.0100034,5.33653e-08
55.0,-8.926831298e-08,6.510154375e-06,0.0100034,1.77263e-07
55.0,-6.051724614e-08,4.747771788e-07,0.0100034,1.077e-07
55.0,-9.890792078e-08,2.824294432e-05,0.0100033,2.10658e-07
55.0,-6.671855844e-08,-1.148434646e-05,0.0100036,8.1358e-08
55.0,-1.058628772e-07,1.95952076e-05,0.0100035,2.3969e-07
55.0,-6.771141631e-08,-4.41962379e-06,0.0100034,1.40309e-07
55.0,-7.381028843e-08,-1.0736166e-05,0.0100035,2.84719e-07
55.0,-1.259037493e-07,1.740084905e-05,0.0100035,3.35357e-07
55.0,-4.954147757e-08,-9.944995132e-06,0.0100035,4.272e-07
55.0,-8.415602882e-08,-1.722154529e-05,0.0100035,5.62722e-08
55.0,-4.266281302e-08,-9.28673659e-06,0.0100035,3.39783e-07
55.0,-4.114611427e-08,4.787582403e-06,0.0100035,4.36921e-07
Freq,55,Rs,2.063034404175e-06,1.3247723025847063e-05,Ls,-7.352537966e-08,2.2871267423238017e-08
":SOUR:DCS:STAT OFF;:BIAS:STAT OFF;:COMP:BIN:COUN:CLE;:LIST:CLE:ALL;:COMP:BIN:CLE;:AMPL:ALC OFF;:APER LONG,1;:BIAS:POL:AUTO OFF;:BIAS:RANG:AUTO ON;:BIAS:VOLT:LEV 0;:COMP:ABIN OFF;:COMP:BIN:COUN:STAT OFF;:COMP:MODE PTOL;:COMP:SLIM -9.9e+037,9.9e+037;:COMP:STAT OFF;:COMP:SWAP OFF;:COMP:TOL:NOM 0;:DISP:ENAB ON;:DISP:LINE """";:DISP:WIND:TEXT1:DATA:FMSD:DATA 1e-009;:DISP:WIND:TEXT2:DATA:FMSD:DATA 1e-009;:FORM:ASC:LONG ON;:FORM:BORD NORM;:FORM:DATA ASC,64;:FREQ:CW 55;:FUNC:DEV1:MODE OFF;:FUNC:DEV1:REF:VAL 0;:FUNC:DEV2:MODE OFF;:FUNC:DEV2:REF:VAL 0;:FUNC:IMP:TYPE LSRS;:FUNC:SMON:IDC:STAT OFF;:FUNC:SMON:VDC:STAT OFF;:INIT:CONT OFF;:LIST:MODE SEQ;:LIST:STIM:TYPE FREQ,NONE;:SOUR:DCS:VOLT:LEV 0;:TRIG:DEL 0;:TRIG:SOUR INT;:TRIG:TDEL 0;:VOLT:LEV 1;:DISP:WIND:TEXT1:DATA:FMSD:STAT OFF;:DISP:WIND:TEXT2:DATA:FMSD:STAT OFF;:FUNC:DCR:RANG:VAL 100;:FUNC:IMP:RANG:VAL 1;:OUTP:DC:ISOL:LEV:VAL 0.02;:OUTP:DC:ISOL:STAT OFF;:FUNC:DCR:RANG:AUTO ON;:FUNC:IMP:RANG:AUTO ON;:OUTP:DC:ISOL:LEV:AUTO ON;:DISP:PAGE MEASurement;
"
70.0,-9.361434142e-09,-1.403664096e-05,0.010029,2.68442e-07
70.0,-3.48652896e-08,-1.377026768e-05,0.010029,7.78888e-08
70.0,-1.01985248e-08,-1.324320798e-06,0.0100291,2.85916e-07
70.0,5.007839394e-08,-1.22390253e-05,0.0100289,3.30999e-07
70.0,-3.502806928e-08,-1.404644068e-05,0.0100292,1.3098e-07
70.0,-3.587164536e-09,-9.517151975e-06,0.0100289,2.89977e-07
70.0,-5.608694561e-08,-2.364798248e-05,0.0100289,1.87478e-07
70.0,2.820440163e-08,-4.882649858e-06,0.010029,2.91061e-07
70.0,2.884875315e-09,-5.634153973e-06,0.0100289,2.7021e-07
70.0,2.092913086e-08,-2.428498124e-05,0.0100288,3.281e-07
70.0,-1.464200808e-08,-2.526511593e-05,0.0100289,2.18803e-07
70.0,-2.219641122e-08,-7.92588487e-06,0.010029,1.47719e-07
70.0,-2.407060249e-09,-2.374259572e-05,0.0100289,2.51135e-07
70.0,-3.849676717e-09,-1.211546236e-05,0.010029,2.86694e-07
70.0,-3.115387752e-08,-3.00276997e-05,0.0100291,1.08668e-07
70.0,-1.687851961e-08,-2.116397632e-05,0.010029,4.37637e-07
Freq,70,Rs,-1.522652186525e-05,8.494356249488614e-06,Ls,-8.6348862261875e-09,2.6245824854057844e-08
":SOUR:DCS:STAT OFF;:BIAS:STAT OFF;:COMP:BIN:COUN:CLE;:LIST:CLE:ALL;:COMP:BIN:CLE;:AMPL:ALC OFF;:APER LONG,1;:BIAS:POL:AUTO OFF;:BIAS:RANG:AUTO ON;:BIAS:VOLT:LEV 0;:COMP:ABIN OFF;:COMP:BIN:COUN:STAT OFF;:COMP:MODE PTOL;:COMP:SLIM -9.9e+037,9.9e+037;:COMP:STAT OFF;:COMP:SWAP OFF;:COMP:TOL:NOM 0;:DISP:ENAB ON;:DISP:LINE """";:DISP:WIND:TEXT1:DATA:FMSD:DATA 1e-009;:DISP:WIND:TEXT2:DATA:FMSD:DATA 1e-009;:FORM:ASC:LONG ON;:FORM:BORD NORM;:FORM:DATA ASC,64;:FREQ:CW 70;:FUNC:DEV1:MODE OFF;:FUNC:DEV1:REF:VAL 0;:FUNC:DEV2:MODE OFF;:FUNC:DEV2:REF:VAL 0;:FUNC:IMP:TYPE LSRS;:FUNC:SMON:IDC:STAT OFF;:FUNC:SMON:VDC:STAT OFF;:INIT:CONT OFF;:LIST:MODE SEQ;:LIST:STIM:TYPE FREQ,NONE;:SOUR:DCS:VOLT:LEV 0;:TRIG:DEL 0;:TRIG:SOUR INT;:TRIG:TDEL 0;:VOLT:LEV 1;:DISP:WIND:TEXT1:DATA:FMSD:STAT OFF;:DISP:WIND:TEXT2:DATA:FMSD:STAT OFF;:FUNC:DCR:RANG:VAL 100;:FUNC:IMP:RANG:VAL 1;:OUTP:DC:ISOL:LEV:VAL 0.02;:OUTP:DC:ISOL:STAT OFF;:FUNC:DCR:RANG:AUTO ON;:FUNC:IMP:RANG:AUTO ON;:OUTP:DC:ISOL:LEV:AUTO ON;:DISP:PAGE MEASurement;
"
105.0,-1.199104073e-08,-2.465516747e-05,0.0100216,2.15587e-07
105.0,-2.149217671e-09,-2.915729168e-05,0.0100215,2.06085e-07
105.0,-1.895362396e-08,-2.87746783e-05,0.0100214,1.02276e-07
105.0,-1.576154467e-08,-2.010739321e-05,0.0100214,1.53948e-07
105.0,1.051303392e-08,-3.518810394e-05,0.0100216,3.39136e-07
105.0,-1.191749483e-08,-7.665648215e-06,0.0100215,2.23731e-07
105.0,-1.468363924e-08,-1.140896142e-05,0.0100215,2.67386e-07
105.0,-6.057877135e-09,-2.010064341e-05,0.0100216,2.69476e-07
105.0,1.395575093e-08,-1.994523433e-05,0.0100215,1.45491e-07
105.0,-2.677551721e-08,-3.485471208e-05,0.0100216,3.18484e-07
105.0,-7.815291731e-09,-1.43969831e-05,0.0100215,2.07322e-07
105.0,-1.196501767e-08,-3.01461413e-05,0.0100215,2.54541e-07
105.0,-1.885581948e-08,-2.466659523e-05,0.0100215,2.51578e-07
105.0,-1.932522168e-08,-2.1741582e-05,0.0100215,3.73288e-07
105.0,-1.964321218e-08,-2.578166048e-05,0.0100214,9.38842e-08
105.0,-4.861844838e-09,-1.099018997e-05,0.0100215,3.26782e-07
Freq,105,Rs,-2.24738116334375e-05,8.309295748039153e-06,Ls,-1.03929736359375e-08,1.091523953549372e-08
":SOUR:DCS:STAT OFF;:BIAS:STAT OFF;:COMP:BIN:COUN:CLE;:LIST:CLE:ALL;:COMP:BIN:CLE;:AMPL:ALC OFF;:APER LONG,1;:BIAS:POL:AUTO OFF;:BIAS:RANG:AUTO ON;:BIAS:VOLT:LEV 0;:COMP:ABIN OFF;:COMP:BIN:COUN:STAT OFF;:COMP:MODE PTOL;:COMP:SLIM -9.9e+037,9.9e+037;:COMP:STAT OFF;:COMP:SWAP OFF;:COMP:TOL:NOM 0;:DISP:ENAB ON;:DISP:LINE """";:DISP:WIND:TEXT1:DATA:FMSD:DATA 1e-009;:DISP:WIND:TEXT2:DATA:FMSD:DATA 1e-009;:FORM:ASC:LONG ON;:FORM:BORD NORM;:FORM:DATA ASC,64;:FREQ:CW 105;:FUNC:DEV1:MODE OFF;:FUNC:DEV1:REF:VAL 0;:FUNC:DEV2:MODE OFF;:FUNC:DEV2:REF:VAL 0;:FUNC:IMP:TYPE LSRS;:FUNC:SMON:IDC:STAT OFF;:FUNC:SMON:VDC:STAT OFF;:INIT:CONT OFF;:LIST:MODE SEQ;:LIST:STIM:TYPE FREQ,NONE;:SOUR:DCS:VOLT:LEV 0;:TRIG:DEL 0;:TRIG:SOUR INT;:TRIG:TDEL 0;:VOLT:LEV 1;:DISP:WIND:TEXT1:DATA:FMSD:STAT OFF;:DISP:WIND:TEXT2:DATA:FMSD:STAT OFF;:FUNC:DCR:RANG:VAL 100;:FUNC:IMP:RANG:VAL 1;:OUTP:DC:ISOL:LEV:VAL 0.02;:OUTP:DC:ISOL:STAT OFF;:FUNC:DCR:RANG:AUTO ON;:FUNC:IMP:RANG:AUTO ON;:OUTP:DC:ISOL:LEV:AUTO ON;:DISP:PAGE MEASurement;
"
205.0,3.847165999e-09,-1.067481389e-05,0.010014,1.34238e-07
205.0,-6.547236559e-09,-2.010188473e-05,0.0100141,1.72346e-07
205.0,-1.77333187e-08,-1.001962362e-05,0.0100141,2.42587e-07
205.0,-7.877661131e-09,-2.000313281e-05,0.010014,2.77044e-07
205.0,-1.003921728e-08,-2.720549521e-05,0.010014,2.24304e-07
205.0,-1.497941303e-08,-1.35924567e-05,0.010014,2.15351e-07
205.0,-7.437857378e-09,-1.578988762e-05,0.010014,2.98612e-07
205.0,-7.589755622e-09,-3.011187128e-05,0.0100141,1.23708e-07
205.0,-1.239272622e-08,-2.630488952e-05,0.0100139,1.04661e-07
205.0,-9.150675941e-09,-2.290155874e-05,0.010014,2.17289e-07
205.0,-4.079385337e-09,-2.191856459e-05,0.0100141,2.3915e-07
205.0,-7.550085475e-09,-1.931843884e-05,0.0100139,1.86143e-07
205.0,2.947590729e-09,-2.048622111e-05,0.010014,3.50321e-07
205.0,-5.846392442e-09,-2.277055031e-06,0.0100141,2.81071e-07
205.0,-1.024851803e-08,-9.694247793e-06,0.0100141,2.38551e-07
205.0,-1.216650756e-08,-1.763195572e-05,0.0100139,1.58183e-07
Freq,205,Rs,-1.8002006075249998e-05,7.367170081282503e-06,Ls,-7.9277496235625e-09,5.61893731261322e-09
":SOUR:DCS:STAT OFF;:BIAS:STAT OFF;:COMP:BIN:COUN:CLE;:LIST:CLE:ALL;:COMP:BIN:CLE;:AMPL:ALC OFF;:APER LONG,1;:BIAS:POL:AUTO OFF;:BIAS:RANG:AUTO ON;:BIAS:VOLT:LEV 0;:COMP:ABIN OFF;:COMP:BIN:COUN:STAT OFF;:COMP:MODE PTOL;:COMP:SLIM -9.9e+037,9.9e+037;:COMP:STAT OFF;:COMP:SWAP OFF;:COMP:TOL:NOM 0;:DISP:ENAB ON;:DISP:LINE """";:DISP:WIND:TEXT1:DATA:FMSD:DATA 1e-009;:DISP:WIND:TEXT2:DATA:FMSD:DATA 1e-009;:FORM:ASC:LONG ON;:FORM:BORD NORM;:FORM:DATA ASC,64;:FREQ:CW 205;:FUNC:DEV1:MODE OFF;:FUNC:DEV1:REF:VAL 0;:FUNC:DEV2:MODE OFF;:FUNC:DEV2:REF:VAL 0;:FUNC:IMP:TYPE LSRS;:FUNC:SMON:IDC:STAT OFF;:FUNC:SMON:VDC:STAT OFF;:INIT:CONT OFF;:LIST:MODE SEQ;:LIST:STIM:TYPE FREQ,NONE;:SOUR:DCS:VOLT:LEV 0;:TRIG:DEL 0;:TRIG:SOUR INT;:TRIG:TDEL 0;:VOLT:LEV 1;:DISP:WIND:TEXT1:DATA:FMSD:STAT OFF;:DISP:WIND:TEXT2:DATA:FMSD:STAT OFF;:FUNC:DCR:RANG:VAL 100;:FUNC:IMP:RANG:VAL 1;:OUTP:DC:ISOL:LEV:VAL 0.02;:OUTP:DC:ISOL:STAT OFF;:FUNC:DCR:RANG:AUTO ON;:FUNC:IMP:RANG:AUTO ON;:OUTP:DC:ISOL:LEV:AUTO ON;:DISP:PAGE MEASurement;
"
305.0,2.053809721e-09,-1.672888578e-05,0.0100207,1.99917e-08
305.0,6.627806036e-10,-1.77290836e-05,0.0100207,1.72137e-07
305.0,4.389491007e-09,-1.596920738e-05,0.0100206,1.38225e-07
305.0,3.91607518e-09,-3.757178109e-06,0.0100206,2.47312e-07
305.0,-4.491487522e-09,-9.686311565e-06,0.0100205,5.46419e-08
305.0,3.366435145e-09,-1.015454322e-05,0.0100205,1.75389e-07
305.0,-7.241059379e-09,-9.176263285e-06,0.0100205,8.4346e-08
305.0,-3.56534836e-09,-1.253383765e-05,0.0100206,8.39309e-08
305.0,8.433063234e-10,-8.190638786e-06,0.0100205,1.49641e-07
305.0,5.99310024e-09,-7.909992535e-06,0.0100206,7.09089e-08
305.0,-1.012585932e-09,3.529959568e-06,0.0100205,9.41301e-08
305.0,2.58473013e-09,-1.482525107e-05,0.0100206,1.9491e-07
305.0,4.984586192e-09,-1.13048578e-05,0.0100206,1.21719e-07
305.0,2.331548541e-09,-9.360622121e-06,0.0100206,6.59597e-08
305.0,6.782894001e-09,-2.205869411e-05,0.0100205,7.71808e-08
305.0,2.459137321e-09,-1.171883579e-05,0.0100206,1.58439e-07
Freq,305,Rs,-1.10983902020625e-05,5.955397624510729e-06,Ls,1.5035883257500002e-09,3.8851086661644745e-09
":SOUR:DCS:STAT OFF;:BIAS:STAT OFF;:COMP:BIN:COUN:CLE;:LIST:CLE:ALL;:COMP:BIN:CLE;:AMPL:ALC OFF;:APER LONG,1;:BIAS:POL:AUTO OFF;:BIAS:RANG:AUTO ON;:BIAS:VOLT:LEV 0;:COMP:ABIN OFF;:COMP:BIN:COUN:STAT OFF;:COMP:MODE PTOL;:COMP:SLIM -9.9e+037,9.9e+037;:COMP:STAT OFF;:COMP:SWAP OFF;:COMP:TOL:NOM 0;:DISP:ENAB ON;:DISP:LINE """";:DISP:WIND:TEXT1:DATA:FMSD:DATA 1e-009;:DISP:WIND:TEXT2:DATA:FMSD:DATA 1e-009;:FORM:ASC:LONG ON;:FORM:BORD NORM;:FORM:DATA ASC,64;:FREQ:CW 305;:FUNC:DEV1:MODE OFF;:FUNC:DEV1:REF:VAL 0;:FUNC:DEV2:MODE OFF;:FUNC:DEV2:REF:VAL 0;:FUNC:IMP:TYPE LSRS;:FUNC:SMON:IDC:STAT OFF;:FUNC:SMON:VDC:STAT OFF;:INIT:CONT OFF;:LIST:MODE SEQ;:LIST:STIM:TYPE FREQ,NONE;:SOUR:DCS:VOLT:LEV 0;:TRIG:DEL 0;:TRIG:SOUR INT;:TRIG:TDEL 0;:VOLT:LEV 1;:DISP:WIND:TEXT1:DATA:FMSD:STAT OFF;:DISP:WIND:TEXT2:DATA:FMSD:STAT OFF;:FUNC:DCR:RANG:VAL 100;:FUNC:IMP:RANG:VAL 1;:OUTP:DC:ISOL:LEV:VAL 0.02;:OUTP:DC:ISOL:STAT OFF;:FUNC:DCR:RANG:AUTO ON;:FUNC:IMP:RANG:AUTO ON;:OUTP:DC:ISOL:LEV:AUTO ON;:DISP:PAGE MEASurement;
"
505.0,-1.030135333e-09,-6.593280654e-06,0.0100196,1.28191e-07
505.0,3.232981367e-09,-1.210589627e-05,0.0100196,9.75018e-08
505.0,2.373939387e-09,-1.122897492e-05,0.0100196,2.56907e-08
505.0,4.918314837e-09,-1.110479926e-05,0.0100195,8.5575e-08
505.0,1.861206915e-09,-1.826795048e-06,0.0100192,9.53202e-08
505.0,-1.438263481e-09,-2.769562269e-06,0.0100195,1.8944e-07
505.0,3.859870295e-10,-1.601829661e-05,0.0100194,8.40467e-08
505.0,4.625359477e-09,-1.038459538e-05,0.0100194,1.6623e-07
505.0,-2.528146628e-10,-1.263930944e-05,0.0100195,1.50604e-07
505.0,-4.774323976e-10,-1.9193862e-07,0.0100194,1.60781e-07
505.0,3.334167535e-10,-9.453227179e-06,0.0100194,7.81395e-08
505.0,1.75445983e-09,-1.681922197e-05,0.0100194,1.0313e-07
505.0,-3.184986213e-09,-1.526801966e-05,0.0100193,1.40584e-07
505.0,-1.122820242e-09,-1.393412764e-05,0.0100195,1.46669e-07
505.0,4.104866915e-09,-8.860734533e-06,0.0100194,1.1693e-07
505.0,3.290392062e-09,-1.044617655e-05,0.0100193,2.03021e-07
Freq,505,Rs,-9.977809750187499e-06,4.959187410585808e-06,Ls,1.2109045152250001e-09,2.4154554782540417e-09
":SOUR:DCS:STAT OFF;:BIAS:STAT OFF;:COMP:BIN:COUN:CLE;:LIST:CLE:ALL;:COMP:BIN:CLE;:AMPL:ALC OFF;:APER LONG,1;:BIAS:POL:AUTO OFF;:BIAS:RANG:AUTO ON;:BIAS:VOLT:LEV 0;:COMP:ABIN OFF;:COMP:BIN:COUN:STAT OFF;:COMP:MODE PTOL;:COMP:SLIM -9.9e+037,9.9e+037;:COMP:STAT OFF;:COMP:SWAP OFF;:COMP:TOL:NOM 0;:DISP:ENAB ON;:DISP:LINE """";:DISP:WIND:TEXT1:DATA:FMSD:DATA 1e-009;:DISP:WIND:TEXT2:DATA:FMSD:DATA 1e-009;:FORM:ASC:LONG ON;:FORM:BORD NORM;:FORM:DATA ASC,64;:FREQ:CW 505;:FUNC:DEV1:MODE OFF;:FUNC:DEV1:REF:VAL 0;:FUNC:DEV2:MODE OFF;:FUNC:DEV2:REF:VAL 0;:FUNC:IMP:TYPE LSRS;:FUNC:SMON:IDC:STAT OFF;:FUNC:SMON:VDC:STAT OFF;:INIT:CONT OFF;:LIST:MODE SEQ;:LIST:STIM:TYPE FREQ,NONE;:SOUR:DCS:VOLT:LEV 0;:TRIG:DEL 0;:TRIG:SOUR INT;:TRIG:TDEL 0;:VOLT:LEV 1;:DISP:WIND:TEXT1:DATA:FMSD:STAT OFF;:DISP:WIND:TEXT2:DATA:FMSD:STAT OFF;:FUNC:DCR:RANG:VAL 100;:FUNC:IMP:RANG:VAL 1;:OUTP:DC:ISOL:LEV:VAL 0.02;:OUTP:DC:ISOL:STAT OFF;:FUNC:DCR:RANG:AUTO ON;:FUNC:IMP:RANG:AUTO ON;:OUTP:DC:ISOL:LEV:AUTO ON;:DISP:PAGE MEASurement;
"
805.0,1.337255808e-09,-4.751909932e-06,0.0100307,3.55913e-08
805.0,3.54357368e-10,-1.098337569e-05,0.0100308,1.42575e-07
805.0,5.009715689e-10,-7.349459704e-06,0.0100308,1.60447e-07
805.0,1.088489754e-09,-5.353927015e-06,0.0100307,8.70537e-08
805.0,1.515849112e-09,-1.162552006e-05,0.0100306,9.49496e-08
805.0,6.76398878e-10,-1.089277702e-06,0.0100307,1.46215e-07
805.0,5.889923631e-10,-6.366935887e-07,0.0100307,7.13238e-08
805.0,-5.253735033e-10,-1.075540705e-05,0.0100308,1.51121e-07
805.0,1.251446516e-09,-8.740906736e-06,0.0100307,9.68549e-08
805.0,5.302458128e-10,-6.786788699e-06,0.0100307,9.85706e-08
805.0,2.259340567e-09,-1.252770037e-05,0.0100307,1.0973e-07
805.0,1.664852372e-09,-7.262109195e-07,0.0100308,6.79279e-08
805.0,7.821274177e-10,-1.020958183e-05,0.0100308,6.36979e-08
805.0,9.018287781e-10,-7.34179148e-06,0.0100309,8.74833e-08
805.0,1.934592551e-09,9.412645011e-07,0.0100308,6.68071e-08
805.0,1.035748377e-09,-1.38663289e-05,0.0100307,1.075e-07
Freq,805,Rs,-6.987725948443751e-06,4.678303045433167e-06,Ls,9.9357023376875e-10,6.780861668490914e-10
":SOUR:DCS:STAT OFF;:BIAS:STAT OFF;:COMP:BIN:COUN:CLE;:LIST:CLE:ALL;:COMP:BIN:CLE;:AMPL:ALC OFF;:APER LONG,1;:BIAS:POL:AUTO OFF;:BIAS:RANG:AUTO ON;:BIAS:VOLT:LEV 0;:COMP:ABIN OFF;:COMP:BIN:COUN:STAT OFF;:COMP:MODE PTOL;:COMP:SLIM -9.9e+037,9.9e+037;:COMP:STAT OFF;:COMP:SWAP OFF;:COMP:TOL:NOM 0;:DISP:ENAB ON;:DISP:LINE """";:DISP:WIND:TEXT1:DATA:FMSD:DATA 1e-009;:DISP:WIND:TEXT2:DATA:FMSD:DATA 1e-009;:FORM:ASC:LONG ON;:FORM:BORD NORM;:FORM:DATA ASC,64;:FREQ:CW 805;:FUNC:DEV1:MODE OFF;:FUNC:DEV1:REF:VAL 0;:FUNC:DEV2:MODE OFF;:FUNC:DEV2:REF:VAL 0;:FUNC:IMP:TYPE LSRS;:FUNC:SMON:IDC:STAT OFF;:FUNC:SMON:VDC:STAT OFF;:INIT:CONT OFF;:LIST:MODE SEQ;:LIST:STIM:TYPE FREQ,NONE;:SOUR:DCS:VOLT:LEV 0;:TRIG:DEL 0;:TRIG:SOUR INT;:TRIG:TDEL 0;:VOLT:LEV 1;:DISP:WIND:TEXT1:DATA:FMSD:STAT OFF;:DISP:WIND:TEXT2:DATA:FMSD:STAT OFF;:FUNC:DCR:RANG:VAL 100;:FUNC:IMP:RANG:VAL 1;:OUTP:DC:ISOL:LEV:VAL 0.02;:OUTP:DC:ISOL:STAT OFF;:FUNC:DCR:RANG:AUTO ON;:FUNC:IMP:RANG:AUTO ON;:OUTP:DC:ISOL:LEV:AUTO ON;:DISP:PAGE MEASurement;
"
1005.0,1.142912429e-10,-2.828080719e-06,0.00999827,7.06554e-08
1005.0,-4.10318186e-10,1.047725006e-06,0.00999824,1.05201e-07
1005.0,3.043479413e-10,-1.532658523e-06,0.00999805,1.10384e-07
1005.0,-9.771687539e-10,-1.510896406e-05,0.0099982,5.43102e-08
1005.0,-1.32361572e-09,-6.922680778e-06,0.00999815,1.09707e-07
1005.0,-9.011126183e-10,-4.119340183e-06,0.00999816,1.48537e-07
1005.0,9.145330812e-10,-7.626706519e-06,0.0099982,1.27079e-07
1005.0,-6.657278813e-10,-1.297702642e-05,0.00999836,7.83504e-08
1005.0,-1.348543445e-09,-1.387763826e-05,0.00999836,4.86903e-08
1005.0,-7.770785191e-10,4.292676367e-06,0.00999827,8.71004e-08
1005.0,3.822857356e-10,-9.921703179e-07,0.00999821,1.10583e-07
1005.0,-1.630426318e-10,4.107119753e-06,0.00999829,9.93353e-08
1005.0,-6.243543581e-10,-1.432420335e-05,0.00999819,1.084e-07
1005.0,-1.665703556e-09,-3.895482763e-06,0.0099982,7.22877e-08
1005.0,-4.063875351e-10,-1.474763207e-06,0.00999829,1.39754e-07
1005.0,2.705059049e-10,9.293704146e-07,0.00999836,2.06966e-07
Freq,1005,Rs,-4.70642647245625e-06,6.475830628632607e-06,Ls,-4.5481808116874997e-10,7.192839843805834e-10
":SOUR:DCS:STAT OFF;:BIAS:STAT OFF;:COMP:BIN:COUN:CLE;:LIST:CLE:ALL;:COMP:BIN:CLE;:AMPL:ALC OFF;:APER LONG,1;:BIAS:POL:AUTO OFF;:BIAS:RANG:AUTO ON;:BIAS:VOLT:LEV 0;:COMP:ABIN OFF;:COMP:BIN:COUN:STAT OFF;:COMP:MODE PTOL;:COMP:SLIM -9.9e+037,9.9e+037;:COMP:STAT OFF;:COMP:SWAP OFF;:COMP:TOL:NOM 0;:DISP:ENAB ON;:DISP:LINE """";:DISP:WIND:TEXT1:DATA:FMSD:DATA 1e-009;:DISP:WIND:TEXT2:DATA:FMSD:DATA 1e-009;:FORM:ASC:LONG ON;:FORM:BORD NORM;:FORM:DATA ASC,64;:FREQ:CW 1005;:FUNC:DEV1:MODE OFF;:FUNC:DEV1:REF:VAL 0;:FUNC:DEV2:MODE OFF;:FUNC:DEV2:REF:VAL 0;:FUNC:IMP:TYPE LSRS;:FUNC:SMON:IDC:STAT OFF;:FUNC:SMON:VDC:STAT OFF;:INIT:CONT OFF;:LIST:MODE SEQ;:LIST:STIM:TYPE FREQ,NONE;:SOUR:DCS:VOLT:LEV 0;:TRIG:DEL 0;:TRIG:SOUR INT;:TRIG:TDEL 0;:VOLT:LEV 1;:DISP:WIND:TEXT1:DATA:FMSD:STAT OFF;:DISP:WIND:TEXT2:DATA:FMSD:STAT OFF;:FUNC:DCR:RANG:VAL 100;:FUNC:IMP:RANG:VAL 1;:OUTP:DC:ISOL:LEV:VAL 0.02;:OUTP:DC:ISOL:STAT OFF;:FUNC:DCR:RANG:AUTO ON;:FUNC:IMP:RANG:AUTO ON;:OUTP:DC:ISOL:LEV:AUTO ON;:DISP:PAGE MEASurement;
"
1205.0,-5.351028546e-11,1.147278767e-06,0.0100477,8.73047e-08
1205.0,-1.967986115e-12,-5.82377018e-06,0.0100478,1.90404e-08
1205.0,2.542370832e-10,-2.469348425e-06,0.0100476,4.10361e-08
1205.0,7.716648626e-11,-2.398109616e-06,0.0100477,8.94355e-08
1205.0,7.773330268e-10,-4.232512862e-07,0.0100477,1.33781e-07
1205.0,1.022809249e-10,-2.423269574e-06,0.0100477,9.45641e-08
1205.0,-5.388548842e-10,-6.788214492e-06,0.0100477,7.32429e-08
1205.0,4.715774171e-10,-3.837458892e-06,0.0100478,1.19536e-07
1205.0,-8.237146516e-11,-5.947872247e-06,0.0100477,1.0306e-07
1205.0,1.600359944e-10,-3.361112087e-06,0.0100478,6.68802e-08
1205.0,9.379920116e-10,-4.343429259e-06,0.010048,1.14658e-07
1205.0,3.788182328e-10,-4.675892138e-06,0.0100478,8.52695e-08
1205.0,-2.020425097e-10,-1.415318394e-06,0.0100479,3.80063e-08
1205.0,4.293407548e-10,-1.16852852e-05,0.0100478,3.61957e-08
1205.0,1.346778574e-09,-7.446881906e-06,0.0100479,5.14292e-08
1205.0,4.459510227e-10,-7.415932634e-07,0.0100478,3.49928e-08
Freq,1205,Rs,-3.9145955120375e-06,3.1697758627185465e-06,Ls,2.814227748703125e-10,4.638465370166627e-10
":SOUR:DCS:STAT OFF;:BIAS:STAT OFF;:COMP:BIN:COUN:CLE;:LIST:CLE:ALL;:COMP:BIN:CLE;:AMPL:ALC OFF;:APER LONG,1;:BIAS:POL:AUTO OFF;:BIAS:RANG:AUTO ON;:BIAS:VOLT:LEV 0;:COMP:ABIN OFF;:COMP:BIN:COUN:STAT OFF;:COMP:MODE PTOL;:COMP:SLIM -9.9e+037,9.9e+037;:COMP:STAT OFF;:COMP:SWAP OFF;:COMP:TOL:NOM 0;:DISP:ENAB ON;:DISP:LINE """";:DISP:WIND:TEXT1:DATA:FMSD:DATA 1e-009;:DISP:WIND:TEXT2:DATA:FMSD:DATA 1e-009;:FORM:ASC:LONG ON;:FORM:BORD NORM;:FORM:DATA ASC,64;:FREQ:CW 1205;:FUNC:DEV1:MODE OFF;:FUNC:DEV1:REF:VAL 0;:FUNC:DEV2:MODE OFF;:FUNC:DEV2:REF:VAL 0;:FUNC:IMP:TYPE LSRS;:FUNC:SMON:IDC:STAT OFF;:FUNC:SMON:VDC:STAT OFF;:INIT:CONT OFF;:LIST:MODE SEQ;:LIST:STIM:TYPE FREQ,NONE;:SOUR:DCS:VOLT:LEV 0;:TRIG:DEL 0;:TRIG:SOUR INT;:TRIG:TDEL 0;:VOLT:LEV 1;:DISP:WIND:TEXT1:DATA:FMSD:STAT OFF;:DISP:WIND:TEXT2:DATA:FMSD:STAT OFF;:FUNC:DCR:RANG:VAL 100;:FUNC:IMP:RANG:VAL 1;:OUTP:DC:ISOL:LEV:VAL 0.02;:OUTP:DC:ISOL:STAT OFF;:FUNC:DCR:RANG:AUTO ON;:FUNC:IMP:RANG:AUTO ON;:OUTP:DC:ISOL:LEV:AUTO ON;:DISP:PAGE MEASurement;
"
1591.549,3.016296986e-10,-8.27237777e-06,0.0100571,7.91536e-08
1591.549,3.536011627e-10,-2.337881586e-07,0.0100572,7.78044e-08
1591.549,-2.251621106e-10,-5.020305145e-06,0.0100573,5.15682e-08
1591.549,-1.586866159e-10,-3.165159063e-06,0.0100573,7.94843e-08
1591.549,3.503758091e-10,3.875874432e-07,0.0100573,1.00734e-08
1591.549,1.257222876e-10,1.667867837e-06,0.0100572,2.93077e-08
1591.549,3.282768652e-10,-4.775967054e-06,0.0100572,2.54965e-08
1591.549,4.529286848e-12,-2.60379305e-06,0.0100572,6.11462e-08
1591.549,2.468548184e-10,-1.087965556e-05,0.0100572,1.06605e-07
1591.549,-6.816372341e-11,-5.128619873e-06,0.0100573,1.69586e-08
1591.549,3.860099125e-10,-6.123188839e-06,0.0100573,4.67798e-08
1591.549,-2.638643477e-10,-4.466815715e-06,0.0100572,8.11612e-08
1591.549,-1.198495697e-10,-2.594524265e-06,0.0100573,2.0537e-08
1591.549,-4.937153489e-10,-4.655331928e-06,0.0100572,5.50033e-08
1591.549,-4.771160243e-10,-6.936919627e-06,0.0100573,7.80139e-08
1591.549,-2.678387955e-10,2.671152312e-06,0.0100573,5.48184e-08
Freq,1591.549,Rs,-3.7581149034625003e-06,3.615065350928873e-06,Ls,1.4127065586249977e-12,3.033067739317014e-10
":SOUR:DCS:STAT OFF;:BIAS:STAT OFF;:COMP:BIN:COUN:CLE;:LIST:CLE:ALL;:COMP:BIN:CLE;:AMPL:ALC OFF;:APER LONG,1;:BIAS:POL:AUTO OFF;:BIAS:RANG:AUTO ON;:BIAS:VOLT:LEV 0;:COMP:ABIN OFF;:COMP:BIN:COUN:STAT OFF;:COMP:MODE PTOL;:COMP:SLIM -9.9e+037,9.9e+037;:COMP:STAT OFF;:COMP:SWAP OFF;:COMP:TOL:NOM 0;:DISP:ENAB ON;:DISP:LINE """";:DISP:WIND:TEXT1:DATA:FMSD:DATA 1e-009;:DISP:WIND:TEXT2:DATA:FMSD:DATA 1e-009;:FORM:ASC:LONG ON;:FORM:BORD NORM;:FORM:DATA ASC,64;:FREQ:CW 1592;:FUNC:DEV1:MODE OFF;:FUNC:DEV1:REF:VAL 0;:FUNC:DEV2:MODE OFF;:FUNC:DEV2:REF:VAL 0;:FUNC:IMP:TYPE LSRS;:FUNC:SMON:IDC:STAT OFF;:FUNC:SMON:VDC:STAT OFF;:INIT:CONT OFF;:LIST:MODE SEQ;:LIST:STIM:TYPE FREQ,NONE;:SOUR:DCS:VOLT:LEV 0;:TRIG:DEL 0;:TRIG:SOUR INT;:TRIG:TDEL 0;:VOLT:LEV 1;:DISP:WIND:TEXT1:DATA:FMSD:STAT OFF;:DISP:WIND:TEXT2:DATA:FMSD:STAT OFF;:FUNC:DCR:RANG:VAL 100;:FUNC:IMP:RANG:VAL 1;:OUTP:DC:ISOL:LEV:VAL 0.02;:OUTP:DC:ISOL:STAT OFF;:FUNC:DCR:RANG:AUTO ON;:FUNC:IMP:RANG:AUTO ON;:OUTP:DC:ISOL:LEV:AUTO ON;:DISP:PAGE MEASurement;
"
1805.0,-1.649349434e-10,2.484847438e-06,0.0100601,6.57604e-08
1805.0,-4.954769342e-10,7.000503881e-06,0.0100601,6.6025e-08
1805.0,2.262781062e-10,2.065921334e-06,0.01006,5.34815e-08
1805.0,-5.369787433e-10,2.778743408e-06,0.0100601,4.07655e-08
1805.0,-1.035652492e-09,9.830740115e-07,0.01006,4.6203e-08
1805.0,-7.080943085e-10,1.791991842e-06,0.0100601,3.20564e-08
1805.0,-4.66774294e-11,-1.412144228e-06,0.01006,6.67038e-08
1805.0,-7.055141061e-10,4.357145917e-06,0.0100601,2.73989e-08
1805.0,4.16600899e-10,1.084957348e-06,0.01006,2.46339e-08
1805.0,3.237402267e-10,-8.316721326e-07,0.01006,4.62029e-08
1805.0,-3.446466867e-10,1.656888562e-06,0.0100599,5.26011e-08
1805.0,-4.775291085e-10,1.41507613e-06,0.0100601,2.87798e-08
1805.0,-4.442660583e-10,-3.369635667e-06,0.0100602,3.62728e-08
1805.0,-5.085594078e-10,-7.966500358e-07,0.0100601,3.39576e-08
1805.0,-9.887225719e-11,5.470491976e-06,0.0100601,6.49687e-08
1805.0,-8.123809414e-11,-3.979001524e-06,0.0100601,4.00611e-08
Freq,1805,Rs,1.29378364125625e-06,2.9428993999491668e-06,Ls,-2.9261383360187504e-10,4.011438266527873e-10
":SOUR:DCS:STAT OFF;:BIAS:STAT OFF;:COMP:BIN:COUN:CLE;:LIST:CLE:ALL;:COMP:BIN:CLE;:AMPL:ALC OFF;:APER LONG,1;:BIAS:POL:AUTO OFF;:BIAS:RANG:AUTO ON;:BIAS:VOLT:LEV 0;:COMP:ABIN OFF;:COMP:BIN:COUN:STAT OFF;:COMP:MODE PTOL;:COMP:SLIM -9.9e+037,9.9e+037;:COMP:STAT OFF;:COMP:SWAP OFF;:COMP:TOL:NOM 0;:DISP:ENAB ON;:DISP:LINE """";:DISP:WIND:TEXT1:DATA:FMSD:DATA 1e-009;:DISP:WIND:TEXT2:DATA:FMSD:DATA 1e-009;:FORM:ASC:LONG ON;:FORM:BORD NORM;:FORM:DATA ASC,64;:FREQ:CW 1805;:FUNC:DEV1:MODE OFF;:FUNC:DEV1:REF:VAL 0;:FUNC:DEV2:MODE OFF;:FUNC:DEV2:REF:VAL 0;:FUNC:IMP:TYPE LSRS;:FUNC:SMON:IDC:STAT OFF;:FUNC:SMON:VDC:STAT OFF;:INIT:CONT OFF;:LIST:MODE SEQ;:LIST:STIM:TYPE FREQ,NONE;:SOUR:DCS:VOLT:LEV 0;:TRIG:DEL 0;:TRIG:SOUR INT;:TRIG:TDEL 0;:VOLT:LEV 1;:DISP:WIND:TEXT1:DATA:FMSD:STAT OFF;:DISP:WIND:TEXT2:DATA:FMSD:STAT OFF;:FUNC:DCR:RANG:VAL 100;:FUNC:IMP:RANG:VAL 1;:OUTP:DC:ISOL:LEV:VAL 0.02;:OUTP:DC:ISOL:STAT OFF;:FUNC:DCR:RANG:AUTO ON;:FUNC:IMP:RANG:AUTO ON;:OUTP:DC:ISOL:LEV:AUTO ON;:DISP:PAGE MEASurement;
"
2005.0,1.125521149e-10,3.417427289e-06,0.0100151,1.03019e-07
2005.0,-4.865940552e-11,3.038478146e-06,0.0100151,4.97745e-08
2005.0,4.355075848e-10,7.886984771e-06,0.010015,1.35131e-07
2005.0,-2.965260072e-11,5.825741081e-06,0.010015,7.32369e-08
2005.0,6.056538534e-10,4.599622832e-07,0.0100149,7.78684e-08
2005.0,1.32557444e-09,9.998356409e-06,0.010015,1.14105e-07
2005.0,-1.781281834e-10,2.447139101e-06,0.0100148,7.61295e-08
2005.0,-2.016280299e-10,1.351599472e-05,0.010015,3.3504e-08
2005.0,4.259618658e-10,1.307715665e-06,0.010015,8.20016e-08
2005.0,7.344773667e-10,7.67409888e-06,0.010015,7.10042e-08
2005.0,4.914885339e-12,9.484148115e-06,0.010015,1.32665e-07
2005.0,1.336476944e-10,1.816867695e-06,0.0100149,8.41082e-08
2005.0,-1.819345791e-10,7.119048379e-06,0.0100149,9.66665e-09
2005.0,-4.206657918e-10,1.867484172e-06,0.0100149,6.47722e-08
2005.0,-3.776440272e-10,4.911807363e-06,0.010015,5.63955e-08
2005.0,2.853320355e-10,5.207429352e-06,0.010015,1.20518e-07
Freq,2005,Rs,5.373667713825e-06,3.6800985244777137e-06,Ls,1.640818264499375e-10,4.578238141656615e-10
":SOUR:DCS:STAT OFF;:BIAS:STAT OFF;:COMP:BIN:COUN:CLE;:LIST:CLE:ALL;:COMP:BIN:CLE;:AMPL:ALC OFF;:APER LONG,1;:BIAS:POL:AUTO OFF;:BIAS:RANG:AUTO ON;:BIAS:VOLT:LEV 0;:COMP:ABIN OFF;:COMP:BIN:COUN:STAT OFF;:COMP:MODE PTOL;:COMP:SLIM -9.9e+037,9.9e+037;:COMP:STAT OFF;:COMP:SWAP OFF;:COMP:TOL:NOM 0;:DISP:ENAB ON;:DISP:LINE """";:DISP:WIND:TEXT1:DATA:FMSD:DATA 1e-009;:DISP:WIND:TEXT2:DATA:FMSD:DATA 1e-009;:FORM:ASC:LONG ON;:FORM:BORD NORM;:FORM:DATA ASC,64;:FREQ:CW 2005;:FUNC:DEV1:MODE OFF;:FUNC:DEV1:REF:VAL 0;:FUNC:DEV2:MODE OFF;:FUNC:DEV2:REF:VAL 0;:FUNC:IMP:TYPE LSRS;:FUNC:SMON:IDC:STAT OFF;:FUNC:SMON:VDC:STAT OFF;:INIT:CONT OFF;:LIST:MODE SEQ;:LIST:STIM:TYPE FREQ,NONE;:SOUR:DCS:VOLT:LEV 0;:TRIG:DEL 0;:TRIG:SOUR INT;:TRIG:TDEL 0;:VOLT:LEV 1;:DISP:WIND:TEXT1:DATA:FMSD:STAT OFF;:DISP:WIND:TEXT2:DATA:FMSD:STAT OFF;:FUNC:DCR:RANG:VAL 100;:FUNC:IMP:RANG:VAL 1;:OUTP:DC:ISOL:LEV:VAL 0.02;:OUTP:DC:ISOL:STAT OFF;:FUNC:DCR:RANG:AUTO ON;:FUNC:IMP:RANG:AUTO ON;:OUTP:DC:ISOL:LEV:AUTO ON;:DISP:PAGE MEASurement;
"
3005.0,1.24904422e-10,-6.531822432e-06,0.0100183,1.25329e-07
3005.0,1.604245487e-10,-1.385529447e-06,0.0100182,2.39279e-08
3005.0,2.180525112e-10,-7.758034301e-06,0.0100183,1.29066e-07
3005.0,-1.915898088e-10,-6.856000333e-06,0.0100182,4.1757e-08
3005.0,6.378916791e-11,-4.778975593e-06,0.0100182,8.46754e-08
3005.0,3.787661841e-10,-5.589369904e-06,0.0100183,1.00859e-08
3005.0,2.931914701e-10,-8.006438232e-06,0.0100184,1.03913e-07
3005.0,2.40446674e-10,-1.205443069e-05,0.0100183,7.49134e-08
3005.0,6.70791792e-11,-6.498853524e-06,0.0100183,1.17893e-07
3005.0,1.605442559e-10,-3.832248058e-06,0.0100183,1.04207e-07
3005.0,7.912024861e-11,-2.07216858e-06,0.0100182,2.92602e-08
3005.0,-1.739778717e-11,-5.159052521e-06,0.0100183,6.45575e-08
3005.0,-1.642514687e-10,-8.463174154e-06,0.0100183,1.32024e-07
3005.0,-1.79007232e-10,-8.670751939e-06,0.0100183,1.08783e-07
3005.0,-1.801322326e-10,-1.109893471e-05,0.0100183,9.50467e-08
3005.0,-1.218454321e-10,-5.540972563e-06,0.0100184,7.69826e-08
Freq,3005,Rs,-6.518547311312501e-06,2.874390562808418e-06,Ls,5.8255918771875e-11,1.836213907056506e-10
":SOUR:DCS:STAT OFF;:BIAS:STAT OFF;:COMP:BIN:COUN:CLE;:LIST:CLE:ALL;:COMP:BIN:CLE;:AMPL:ALC OFF;:APER LONG,1;:BIAS:POL:AUTO OFF;:BIAS:RANG:AUTO ON;:BIAS:VOLT:LEV 0;:COMP:ABIN OFF;:COMP:BIN:COUN:STAT OFF;:COMP:MODE PTOL;:COMP:SLIM -9.9e+037,9.9e+037;:COMP:STAT OFF;:COMP:SWAP OFF;:COMP:TOL:NOM 0;:DISP:ENAB ON;:DISP:LINE """";:DISP:WIND:TEXT1:DATA:FMSD:DATA 1e-009;:DISP:WIND:TEXT2:DATA:FMSD:DATA 1e-009;:FORM:ASC:LONG ON;:FORM:BORD NORM;:FORM:DATA ASC,64;:FREQ:CW 3005;:FUNC:DEV1:MODE OFF;:FUNC:DEV1:REF:VAL 0;:FUNC:DEV2:MODE OFF;:FUNC:DEV2:REF:VAL 0;:FUNC:IMP:TYPE LSRS;:FUNC:SMON:IDC:STAT OFF;:FUNC:SMON:VDC:STAT OFF;:INIT:CONT OFF;:LIST:MODE SEQ;:LIST:STIM:TYPE FREQ,NONE;:SOUR:DCS:VOLT:LEV 0;:TRIG:DEL 0;:TRIG:SOUR INT;:TRIG:TDEL 0;:VOLT:LEV 1;:DISP:WIND:TEXT1:DATA:FMSD:STAT OFF;:DISP:WIND:TEXT2:DATA:FMSD:STAT OFF;:FUNC:DCR:RANG:VAL 100;:FUNC:IMP:RANG:VAL 1;:OUTP:DC:ISOL:LEV:VAL 0.02;:OUTP:DC:ISOL:STAT OFF;:FUNC:DCR:RANG:AUTO ON;:FUNC:IMP:RANG:AUTO ON;:OUTP:DC:ISOL:LEV:AUTO ON;:DISP:PAGE MEASurement;
"
4005.0,4.099366035e-11,-1.062359495e-05,0.010021,1.05262e-07
4005.0,-3.688448316e-11,-1.395601485e-05,0.0100212,1.10444e-07
4005.0,-4.070117451e-11,-5.687824406e-06,0.0100212,1.13635e-07
4005.0,-3.062295187e-10,-6.089559887e-06,0.010021,1.2527e-07
4005.0,1.855305221e-10,-5.998607166e-06,0.010021,5.3514e-08
4005.0,7.185112506e-11,-9.960791779e-06,0.0100209,3.71802e-08
4005.0,-7.169850574e-11,-8.744979217e-06,0.010021,1.18967e-07
4005.0,-1.555094012e-11,-9.097700514e-06,0.0100211,3.74632e-08
4005.0,-2.164145135e-10,-7.640439251e-06,0.0100211,3.24757e-08
4005.0,-2.890855391e-10,-7.518930319e-06,0.0100211,9.17149e-08
4005.0,-4.664559694e-12,-1.000756714e-05,0.0100211,5.27391e-08
4005.0,-1.845035585e-10,-1.199237908e-05,0.0100211,3.64027e-08
4005.0,-1.982481403e-11,-1.18950111e-05,0.0100212,9.93648e-08
4005.0,4.556655751e-11,-3.839590171e-06,0.0100211,9.65857e-08
4005.0,-1.404597684e-11,-3.97864364e-06,0.0100211,4.197e-08
4005.0,-8.691357771e-11,-2.978372294e-06,0.010021,8.25659e-08
Freq,4005,Rs,-8.12562536025e-06,3.213609734705161e-06,Ls,-5.89109560365e-11,1.3231334250743776e-10
":SOUR:DCS:STAT OFF;:BIAS:STAT OFF;:COMP:BIN:COUN:CLE;:LIST:CLE:ALL;:COMP:BIN:CLE;:AMPL:ALC OFF;:APER LONG,1;:BIAS:POL:AUTO OFF;:BIAS:RANG:AUTO ON;:BIAS:VOLT:LEV 0;:COMP:ABIN OFF;:COMP:BIN:COUN:STAT OFF;:COMP:MODE PTOL;:COMP:SLIM -9.9e+037,9.9e+037;:COMP:STAT OFF;:COMP:SWAP OFF;:COMP:TOL:NOM 0;:DISP:ENAB ON;:DISP:LINE """";:DISP:WIND:TEXT1:DATA:FMSD:DATA 1e-009;:DISP:WIND:TEXT2:DATA:FMSD:DATA 1e-009;:FORM:ASC:LONG ON;:FORM:BORD NORM;:FORM:DATA ASC,64;:FREQ:CW 4005;:FUNC:DEV1:MODE OFF;:FUNC:DEV1:REF:VAL 0;:FUNC:DEV2:MODE OFF;:FUNC:DEV2:REF:VAL 0;:FUNC:IMP:TYPE LSRS;:FUNC:SMON:IDC:STAT OFF;:FUNC:SMON:VDC:STAT OFF;:INIT:CONT OFF;:LIST:MODE SEQ;:LIST:STIM:TYPE FREQ,NONE;:SOUR:DCS:VOLT:LEV 0;:TRIG:DEL 0;:TRIG:SOUR INT;:TRIG:TDEL 0;:VOLT:LEV 1;:DISP:WIND:TEXT1:DATA:FMSD:STAT OFF;:DISP:WIND:TEXT2:DATA:FMSD:STAT OFF;:FUNC:DCR:RANG:VAL 100;:FUNC:IMP:RANG:VAL 1;:OUTP:DC:ISOL:LEV:VAL 0.02;:OUTP:DC:ISOL:STAT OFF;:FUNC:DCR:RANG:AUTO ON;:FUNC:IMP:RANG:AUTO ON;:OUTP:DC:ISOL:LEV:AUTO ON;:DISP:PAGE MEASurement;
"
5005.0,-1.822761201e-11,-3.059457655e-06,0.0100084,6.13171e-08
5005.0,-4.810420921e-11,-2.701508164e-06,0.0100084,3.52836e-08
5005.0,7.167583119e-13,-5.703987261e-06,0.0100085,5.55201e-08
5005.0,4.444062213e-11,-2.355062857e-06,0.0100084,7.37021e-08
5005.0,-1.044243259e-10,-6.675790349e-06,0.0100083,4.47331e-08
5005.0,-3.873812672e-11,-2.205669175e-06,0.0100084,4.6505e-08
5005.0,-1.510792402e-10,-1.18707514e-06,0.0100083,7.64435e-08
5005.0,1.334423762e-11,-8.883627025e-06,0.0100084,5.10265e-08
5005.0,-8.929987418e-11,-6.132594759e-06,0.0100084,4.59696e-08
5005.0,-5.874968652e-11,1.148227503e-06,0.0100083,3.10475e-08
5005.0,4.397657609e-11,-3.012549922e-06,0.0100084,1.28999e-07
5005.0,3.023253694e-11,-4.03283133e-06,0.0100083,8.91477e-08
5005.0,1.230250564e-10,-4.225674692e-06,0.0100084,2.77323e-08
5005.0,1.442512139e-11,-1.595594352e-06,0.0100083,4.8683e-08
5005.0,8.957455615e-13,-6.249485089e-06,0.0100083,1.28117e-08
5005.0,1.224752937e-10,-3.740397827e-06,0.0100084,3.53498e-08
Freq,5005,Rs,-3.788317380875e-06,2.4845253061290148e-06,Ls,-7.193195412287499e-12,7.475299126291882e-11
":SOUR:DCS:STAT OFF;:BIAS:STAT OFF;:COMP:BIN:COUN:CLE;:LIST:CLE:ALL;:COMP:BIN:CLE;:AMPL:ALC OFF;:APER LONG,1;:BIAS:POL:AUTO OFF;:BIAS:RANG:AUTO ON;:BIAS:VOLT:LEV 0;:COMP:ABIN OFF;:COMP:BIN:COUN:STAT OFF;:COMP:MODE PTOL;:COMP:SLIM -9.9e+037,9.9e+037;:COMP:STAT OFF;:COMP:SWAP OFF;:COMP:TOL:NOM 0;:DISP:ENAB ON;:DISP:LINE """";:DISP:WIND:TEXT1:DATA:FMSD:DATA 1e-009;:DISP:WIND:TEXT2:DATA:FMSD:DATA 1e-009;:FORM:ASC:LONG ON;:FORM:BORD NORM;:FORM:DATA ASC,64;:FREQ:CW 5005;:FUNC:DEV1:MODE OFF;:FUNC:DEV1:REF:VAL 0;:FUNC:DEV2:MODE OFF;:FUNC:DEV2:REF:VAL 0;:FUNC:IMP:TYPE LSRS;:FUNC:SMON:IDC:STAT OFF;:FUNC:SMON:VDC:STAT OFF;:INIT:CONT OFF;:LIST:MODE SEQ;:LIST:STIM:TYPE FREQ,NONE;:SOUR:DCS:VOLT:LEV 0;:TRIG:DEL 0;:TRIG:SOUR INT;:TRIG:TDEL 0;:VOLT:LEV 1;:DISP:WIND:TEXT1:DATA:FMSD:STAT OFF;:DISP:WIND:TEXT2:DATA:FMSD:STAT OFF;:FUNC:DCR:RANG:VAL 100;:FUNC:IMP:RANG:VAL 1;:OUTP:DC:ISOL:LEV:VAL 0.02;:OUTP:DC:ISOL:STAT OFF;:FUNC:DCR:RANG:AUTO ON;:FUNC:IMP:RANG:AUTO ON;:OUTP:DC:ISOL:LEV:AUTO ON;:DISP:PAGE MEASurement;
"
8005.0,-3.411346701e-11,-7.031740211e-06,0.0100172,5.89235e-08
8005.0,-8.308982821e-11,-1.414668392e-06,0.0100172,5.28223e-08
8005.0,2.26168323e-11,-1.07740178e-05,0.0100172,6.5507e-08
8005.0,-4.096847948e-11,-1.006136288e-05,0.0100172,3.6221e-08
8005.0,1.466815676e-10,-1.548524844e-06,0.0100172,6.22089e-08
8005.0,3.670925371e-11,-1.069578986e-05,0.0100173,4.70639e-08
8005.0,2.194395625e-12,-1.070052726e-05,0.0100173,9.28701e-08
8005.0,1.391108929e-11,-1.761702482e-06,0.0100172,2.83314e-08
8005.0,-4.64523341e-11,-5.929132573e-07,0.0100173,8.78371e-08
8005.0,9.458127158e-11,-1.639666373e-06,0.0100173,4.56988e-08
8005.0,7.664007528e-11,-6.267610347e-06,0.0100172,3.5053e-08
8005.0,6.860426344e-11,-3.328863801e-06,0.0100172,1.17959e-07
8005.0,-6.279123586e-11,-6.503466006e-06,0.0100172,6.0558e-08
8005.0,1.242677844e-10,-3.967528601e-06,0.0100172,7.32199e-09
8005.0,-2.124648374e-11,-3.74330037e-06,0.0100173,7.45393e-08
8005.0,-8.707460224e-12,-2.861197058e-06,0.0100173,8.61242e-08
Freq,8005,Rs,-5.18080497139375e-06,3.717951510833147e-06,Ls,1.8052327787562497e-11,6.81669143564588e-11
":SOUR:DCS:STAT OFF;:BIAS:STAT OFF;:COMP:BIN:COUN:CLE;:LIST:CLE:ALL;:COMP:BIN:CLE;:AMPL:ALC OFF;:APER LONG,1;:BIAS:POL:AUTO OFF;:BIAS:RANG:AUTO ON;:BIAS:VOLT:LEV 0;:COMP:ABIN OFF;:COMP:BIN:COUN:STAT OFF;:COMP:MODE PTOL;:COMP:SLIM -9.9e+037,9.9e+037;:COMP:STAT OFF;:COMP:SWAP OFF;:COMP:TOL:NOM 0;:DISP:ENAB ON;:DISP:LINE """";:DISP:WIND:TEXT1:DATA:FMSD:DATA 1e-009;:DISP:WIND:TEXT2:DATA:FMSD:DATA 1e-009;:FORM:ASC:LONG ON;:FORM:BORD NORM;:FORM:DATA ASC,64;:FREQ:CW 8005;:FUNC:DEV1:MODE OFF;:FUNC:DEV1:REF:VAL 0;:FUNC:DEV2:MODE OFF;:FUNC:DEV2:REF:VAL 0;:FUNC:IMP:TYPE LSRS;:FUNC:SMON:IDC:STAT OFF;:FUNC:SMON:VDC:STAT OFF;:INIT:CONT OFF;:LIST:MODE SEQ;:LIST:STIM:TYPE FREQ,NONE;:SOUR:DCS:VOLT:LEV 0;:TRIG:DEL 0;:TRIG:SOUR INT;:TRIG:TDEL 0;:VOLT:LEV 1;:DISP:WIND:TEXT1:DATA:FMSD:STAT OFF;:DISP:WIND:TEXT2:DATA:FMSD:STAT OFF;:FUNC:DCR:RANG:VAL 100;:FUNC:IMP:RANG:VAL 1;:OUTP:DC:ISOL:LEV:VAL 0.02;:OUTP:DC:ISOL:STAT OFF;:FUNC:DCR:RANG:AUTO ON;:FUNC:IMP:RANG:AUTO ON;:OUTP:DC:ISOL:LEV:AUTO ON;:DISP:PAGE MEASurement;
"
10005.0,1.159298638e-10,7.601927903e-07,0.0100172,7.32609e-08
10005.0,1.547798133e-10,1.177020052e-06,0.0100171,4.351e-08
10005.0,8.558519298e-11,-1.246154854e-06,0.0100171,8.77124e-08
10005.0,1.175848713e-10,-1.204029069e-06,0.0100174,6.13967e-08
10005.0,1.147256642e-10,-2.354455883e-06,0.0100174,8.60207e-08
10005.0,5.884624922e-11,-2.455975392e-06,0.0100172,6.28783e-08
10005.0,9.867952566e-11,-3.157612894e-06,0.0100172,9.31202e-08
10005.0,8.654155001e-11,1.121019015e-06,0.0100173,6.12884e-08
10005.0,9.91317676e-11,-2.477710667e-06,0.0100172,8.17498e-08
10005.0,1.298301571e-10,-3.806012534e-06,0.0100172,4.20595e-08
10005.0,1.899369748e-11,-4.850656272e-06,0.0100173,1.05015e-07
10005.0,3.979875671e-11,1.308742058e-06,0.0100172,8.3877e-08
10005.0,7.958357764e-11,-4.047978043e-06,0.0100172,1.11232e-07
10005.0,7.074586756e-11,-6.658040672e-07,0.0100172,6.3131e-08
10005.0,1.282852411e-10,-6.127525362e-06,0.0100173,7.46889e-08
10005.0,1.563900753e-10,-8.397880175e-07,0.0100171,3.74118e-08
Freq,10005,Rs,-1.8041705712125e-06,2.260317386592162e-06,Ls,9.7214491935e-11,3.835808542842544e-11
":SOUR:DCS:STAT OFF;:BIAS:STAT OFF;:COMP:BIN:COUN:CLE;:LIST:CLE:ALL;:COMP:BIN:CLE;:AMPL:ALC OFF;:APER LONG,1;:BIAS:POL:AUTO OFF;:BIAS:RANG:AUTO ON;:BIAS:VOLT:LEV 0;:COMP:ABIN OFF;:COMP:BIN:COUN:STAT OFF;:COMP:MODE PTOL;:COMP:SLIM -9.9e+037,9.9e+037;:COMP:STAT OFF;:COMP:SWAP OFF;:COMP:TOL:NOM 0;:DISP:ENAB ON;:DISP:LINE """";:DISP:WIND:TEXT1:DATA:FMSD:DATA 1e-009;:DISP:WIND:TEXT2:DATA:FMSD:DATA 1e-009;:FORM:ASC:LONG ON;:FORM:BORD NORM;:FORM:DATA ASC,64;:FREQ:CW 10010;:FUNC:DEV1:MODE OFF;:FUNC:DEV1:REF:VAL 0;:FUNC:DEV2:MODE OFF;:FUNC:DEV2:REF:VAL 0;:FUNC:IMP:TYPE LSRS;:FUNC:SMON:IDC:STAT OFF;:FUNC:SMON:VDC:STAT OFF;:INIT:CONT OFF;:LIST:MODE SEQ;:LIST:STIM:TYPE FREQ,NONE;:SOUR:DCS:VOLT:LEV 0;:TRIG:DEL 0;:TRIG:SOUR INT;:TRIG:TDEL 0;:VOLT:LEV 1;:DISP:WIND:TEXT1:DATA:FMSD:STAT OFF;:DISP:WIND:TEXT2:DATA:FMSD:STAT OFF;:FUNC:DCR:RANG:VAL 100;:FUNC:IMP:RANG:VAL 1;:OUTP:DC:ISOL:LEV:VAL 0.02;:OUTP:DC:ISOL:STAT OFF;:FUNC:DCR:RANG:AUTO ON;:FUNC:IMP:RANG:AUTO ON;:OUTP:DC:ISOL:LEV:AUTO ON;:DISP:PAGE MEASurement;
"
15005.0,-1.712078551e-11,6.69015493e-06,0.0100143,7.1617e-08
15005.0,6.25342177e-11,3.08014173e-06,0.0100144,7.73912e-08
15005.0,3.974127479e-11,8.975972712e-06,0.0100143,9.83099e-08
15005.0,-3.485921284e-11,6.86704044e-06,0.0100145,8.57812e-08
15005.0,2.916433346e-11,9.994257716e-06,0.0100144,1.28289e-07
15005.0,-3.539408134e-11,2.469668023e-06,0.0100144,1.02749e-07
15005.0,-2.770552205e-11,6.439143202e-06,0.0100142,4.1644e-08
15005.0,6.7481956e-11,6.841722821e-06,0.0100142,1.06155e-07
15005.0,5.332763895e-11,4.554500772e-06,0.0100143,1.22192e-07
15005.0,2.257961573e-12,7.772676024e-06,0.0100145,7.25027e-08
15005.0,-4.668416779e-11,1.165110795e-05,0.0100144,7.08646e-08
15005.0,-1.558392672e-11,6.321510958e-06,0.0100145,2.93416e-08
15005.0,5.343602937e-11,9.974023455e-06,0.0100144,7.41254e-08
15005.0,1.586010963e-11,1.655198901e-06,0.0100145,5.0393e-08
15005.0,3.654081701e-11,2.331243971e-06,0.0100143,7.27857e-08
15005.0,2.98772156e-11,3.766989485e-06,0.0100144,5.27086e-08
Freq,15005,Rs,6.211584568125001e-06,3.028739643734472e-06,Ls,1.3304616114562503e-11,3.846793074132695e-11
":SOUR:DCS:STAT OFF;:BIAS:STAT OFF;:COMP:BIN:COUN:CLE;:LIST:CLE:ALL;:COMP:BIN:CLE;:AMPL:ALC OFF;:APER LONG,1;:BIAS:POL:AUTO OFF;:BIAS:RANG:AUTO ON;:BIAS:VOLT:LEV 0;:COMP:ABIN OFF;:COMP:BIN:COUN:STAT OFF;:COMP:MODE PTOL;:COMP:SLIM -9.9e+037,9.9e+037;:COMP:STAT OFF;:COMP:SWAP OFF;:COMP:TOL:NOM 0;:DISP:ENAB ON;:DISP:LINE """";:DISP:WIND:TEXT1:DATA:FMSD:DATA 1e-009;:DISP:WIND:TEXT2:DATA:FMSD:DATA 1e-009;:FORM:ASC:LONG ON;:FORM:BORD NORM;:FORM:DATA ASC,64;:FREQ:CW 15010;:FUNC:DEV1:MODE OFF;:FUNC:DEV1:REF:VAL 0;:FUNC:DEV2:MODE OFF;:FUNC:DEV2:REF:VAL 0;:FUNC:IMP:TYPE LSRS;:FUNC:SMON:IDC:STAT OFF;:FUNC:SMON:VDC:STAT OFF;:INIT:CONT OFF;:LIST:MODE SEQ;:LIST:STIM:TYPE FREQ,NONE;:SOUR:DCS:VOLT:LEV 0;:TRIG:DEL 0;:TRIG:SOUR INT;:TRIG:TDEL 0;:VOLT:LEV 1;:DISP:WIND:TEXT1:DATA:FMSD:STAT OFF;:DISP:WIND:TEXT2:DATA:FMSD:STAT OFF;:FUNC:DCR:RANG:VAL 100;:FUNC:IMP:RANG:VAL 1;:OUTP:DC:ISOL:LEV:VAL 0.02;:OUTP:DC:ISOL:STAT OFF;:FUNC:DCR:RANG:AUTO ON;:FUNC:IMP:RANG:AUTO ON;:OUTP:DC:ISOL:LEV:AUTO ON;:DISP:PAGE MEASurement;
"
20005.0,-5.992706831e-12,1.233248118e-05,0.0100281,1.11298e-07
20005.0,3.019701041e-11,5.754373578e-06,0.010028,4.94498e-08
20005.0,-5.642872535e-12,1.352502331e-06,0.0100281,6.91681e-08
20005.0,5.497477728e-12,3.639614881e-06,0.0100279,4.41603e-08
20005.0,-2.644735056e-11,4.982187834e-06,0.0100282,4.36609e-08
20005.0,-7.325414384e-12,4.629651649e-06,0.0100281,9.70699e-08
20005.0,-2.894908919e-11,6.533632388e-07,0.010028,7.27086e-08
20005.0,8.49868681e-12,6.540492593e-06,0.0100281,1.19665e-07
20005.0,3.061356674e-11,6.422633248e-06,0.010028,4.13247e-08
20005.0,2.145291253e-11,6.182585599e-06,0.0100279,9.39579e-08
20005.0,-1.777907031e-12,2.352603966e-06,0.0100279,4.24826e-08
20005.0,1.143236067e-11,8.087760972e-06,0.0100281,7.89615e-08
20005.0,3.806035318e-11,3.386266118e-06,0.0100281,4.02762e-09
20005.0,2.683656235e-11,5.347389408e-06,0.010028,5.79132e-08
20005.0,-2.040094174e-12,-3.042250961e-07,0.010028,3.85093e-08
20005.0,1.767826776e-11,6.66318512e-06,0.010028,9.07765e-08
Freq,20005,Rs,4.87642916373125e-06,3.10096702201255e-06,Ls,7.0057352170625e-12,1.9840539250718386e-11
":SOUR:DCS:STAT OFF;:BIAS:STAT OFF;:COMP:BIN:COUN:CLE;:LIST:CLE:ALL;:COMP:BIN:CLE;:AMPL:ALC OFF;:APER LONG,1;:BIAS:POL:AUTO OFF;:BIAS:RANG:AUTO ON;:BIAS:VOLT:LEV 0;:COMP:ABIN OFF;:COMP:BIN:COUN:STAT OFF;:COMP:MODE PTOL;:COMP:SLIM -9.9e+037,9.9e+037;:COMP:STAT OFF;:COMP:SWAP OFF;:COMP:TOL:NOM 0;:DISP:ENAB ON;:DISP:LINE """";:DISP:WIND:TEXT1:DATA:FMSD:DATA 1e-009;:DISP:WIND:TEXT2:DATA:FMSD:DATA 1e-009;:FORM:ASC:LONG ON;:FORM:BORD NORM;:FORM:DATA ASC,64;:FREQ:CW 20010;:FUNC:DEV1:MODE OFF;:FUNC:DEV1:REF:VAL 0;:FUNC:DEV2:MODE OFF;:FUNC:DEV2:REF:VAL 0;:FUNC:IMP:TYPE LSRS;:FUNC:SMON:IDC:STAT OFF;:FUNC:SMON:VDC:STAT OFF;:INIT:CONT OFF;:LIST:MODE SEQ;:LIST:STIM:TYPE FREQ,NONE;:SOUR:DCS:VOLT:LEV 0;:TRIG:DEL 0;:TRIG:SOUR INT;:TRIG:TDEL 0;:VOLT:LEV 1;:DISP:WIND:TEXT1:DATA:FMSD:STAT OFF;:DISP:WIND:TEXT2:DATA:FMSD:STAT OFF;:FUNC:DCR:RANG:VAL 100;:FUNC:IMP:RANG:VAL 1;:OUTP:DC:ISOL:LEV:VAL 0.02;:OUTP:DC:ISOL:STAT OFF;:FUNC:DCR:RANG:AUTO ON;:FUNC:IMP:RANG:AUTO ON;:OUTP:DC:ISOL:LEV:AUTO ON;:DISP:PAGE MEASurement;
"
30005.0,-2.541399812e-11,1.416949858e-05,0.00999793,1.12628e-07
30005.0,-1.107399041e-11,1.383832417e-05,0.00999788,1.22027e-07
30005.0,1.401793474e-11,1.02448305e-05,0.00999792,1.44523e-07
30005.0,-3.023577475e-12,1.340060594e-05,0.009998,1.21607e-07
30005.0,-1.987562023e-11,1.105979202e-05,0.00999794,1.60304e-07
30005.0,-8.275245931e-12,5.238951463e-06,0.00999808,1.2273e-07
30005.0,-2.439209507e-11,1.335512198e-05,0.0099979,9.98932e-08
30005.0,1.581807683e-12,7.693201331e-06,0.009998,1.32362e-07
30005.0,1.125631975e-11,1.307508626e-05,0.00999799,1.5032e-07
30005.0,-2.811485055e-12,1.023930879e-05,0.00999784,1.42621e-07
30005.0,-2.374403792e-12,1.33070104e-05,0.00999782,1.39202e-07
30005.0,-1.593651687e-12,9.684105837e-06,0.00999789,1.37676e-07
30005.0,-2.072804254e-12,1.351366932e-05,0.00999808,1.06559e-07
30005.0,8.640695575e-12,7.919682492e-06,0.00999791,1.32202e-07
30005.0,-5.798912198e-12,1.154777195e-05,0.00999803,1.28597e-07
30005.0,5.145038867e-12,1.419040621e-05,0.00999795,1.01904e-07
Freq,30005,Rs,1.1404835452687501e-05,2.704461048422712e-06,Ls,-4.1289992254375004e-12,1.1673933825457265e-11
":SOUR:DCS:STAT OFF;:BIAS:STAT OFF;:COMP:BIN:COUN:CLE;:LIST:CLE:ALL;:COMP:BIN:CLE;:AMPL:ALC OFF;:APER LONG,1;:BIAS:POL:AUTO OFF;:BIAS:RANG:AUTO ON;:BIAS:VOLT:LEV 0;:COMP:ABIN OFF;:COMP:BIN:COUN:STAT OFF;:COMP:MODE PTOL;:COMP:SLIM -9.9e+037,9.9e+037;:COMP:STAT OFF;:COMP:SWAP OFF;:COMP:TOL:NOM 0;:DISP:ENAB ON;:DISP:LINE """";:DISP:WIND:TEXT1:DATA:FMSD:DATA 1e-009;:DISP:WIND:TEXT2:DATA:FMSD:DATA 1e-009;:FORM:ASC:LONG ON;:FORM:BORD NORM;:FORM:DATA ASC,64;:FREQ:CW 30010;:FUNC:DEV1:MODE OFF;:FUNC:DEV1:REF:VAL 0;:FUNC:DEV2:MODE OFF;:FUNC:DEV2:REF:VAL 0;:FUNC:IMP:TYPE LSRS;:FUNC:SMON:IDC:STAT OFF;:FUNC:SMON:VDC:STAT OFF;:INIT:CONT OFF;:LIST:MODE SEQ;:LIST:STIM:TYPE FREQ,NONE;:SOUR:DCS:VOLT:LEV 0;:TRIG:DEL 0;:TRIG:SOUR INT;:TRIG:TDEL 0;:VOLT:LEV 1;:DISP:WIND:TEXT1:DATA:FMSD:STAT OFF;:DISP:WIND:TEXT2:DATA:FMSD:STAT OFF;:FUNC:DCR:RANG:VAL 100;:FUNC:IMP:RANG:VAL 1;:OUTP:DC:ISOL:LEV:VAL 0.02;:OUTP:DC:ISOL:STAT OFF;:FUNC:DCR:RANG:AUTO ON;:FUNC:IMP:RANG:AUTO ON;:OUTP:DC:ISOL:LEV:AUTO ON;:DISP:PAGE MEASurement;
"
":SOUR:DCS:STAT OFF;:BIAS:STAT OFF;:COMP:BIN:COUN:CLE;:LIST:CLE:ALL;:COMP:BIN:CLE;:AMPL:ALC OFF;:APER LONG,1;:BIAS:POL:AUTO OFF;:BIAS:RANG:AUTO ON;:BIAS:VOLT:LEV 0;:COMP:ABIN OFF;:COMP:BIN:COUN:STAT OFF;:COMP:MODE PTOL;:COMP:SLIM -9.9e+037,9.9e+037;:COMP:STAT OFF;:COMP:SWAP OFF;:COMP:TOL:NOM 0;:DISP:ENAB ON;:DISP:LINE """";:DISP:WIND:TEXT1:DATA:FMSD:DATA 1e-009;:DISP:WIND:TEXT2:DATA:FMSD:DATA 1e-009;:FORM:ASC:LONG ON;:FORM:BORD NORM;:FORM:DATA ASC,64;:FREQ:CW 30010;:FUNC:DEV1:MODE OFF;:FUNC:DEV1:REF:VAL 0;:FUNC:DEV2:MODE OFF;:FUNC:DEV2:REF:VAL 0;:FUNC:IMP:TYPE LSRS;:FUNC:SMON:IDC:STAT OFF;:FUNC:SMON:VDC:STAT OFF;:INIT:CONT OFF;:LIST:MODE SEQ;:LIST:STIM:TYPE FREQ,NONE;:SOUR:DCS:VOLT:LEV 0;:TRIG:DEL 0;:TRIG:SOUR INT;:TRIG:TDEL 0;:VOLT:LEV 1;:DISP:WIND:TEXT1:DATA:FMSD:STAT OFF;:DISP:WIND:TEXT2:DATA:FMSD:STAT OFF;:FUNC:DCR:RANG:VAL 100;:FUNC:IMP:RANG:VAL 1;:OUTP:DC:ISOL:LEV:VAL 0.02;:OUTP:DC:ISOL:STAT OFF;:FUNC:DCR:RANG:AUTO ON;:FUNC:IMP:RANG:AUTO ON;:OUTP:DC:ISOL:LEV:AUTO ON;:DISP:PAGE MEASurement;
"
2024-04-29,14:38:30
---------run finished---------
Frequency,Resistance,uR,Inductance,uL
20,-1.79035450513875e-05,2.454357006014119e-05,7.565225348124999e-08,2.366661041417353e-07
30,6.3554946042875e-06,1.65718320847124e-05,3.4753610092e-08,1.1920510573952621e-07
40,-7.137319471937499e-06,1.3984029546187818e-05,7.4821345869125e-08,5.058548472860116e-08
55,2.063034404175e-06,1.3247723025847063e-05,-7.352537966e-08,2.2871267423238017e-08
70,-1.522652186525e-05,8.494356249488614e-06,-8.6348862261875e-09,2.6245824854057844e-08
105,-2.24738116334375e-05,8.309295748039153e-06,-1.03929736359375e-08,1.091523953549372e-08
205,-1.8002006075249998e-05,7.367170081282503e-06,-7.9277496235625e-09,5.61893731261322e-09
305,-1.10983902020625e-05,5.955397624510729e-06,1.5035883257500002e-09,3.8851086661644745e-09
505,-9.977809750187499e-06,4.959187410585808e-06,1.2109045152250001e-09,2.4154554782540417e-09
805,-6.987725948443751e-06,4.678303045433167e-06,9.9357023376875e-10,6.780861668490914e-10
1005,-4.70642647245625e-06,6.475830628632607e-06,-4.5481808116874997e-10,7.192839843805834e-10
1205,-3.9145955120375e-06,3.1697758627185465e-06,2.814227748703125e-10,4.638465370166627e-10
1591.549,-3.7581149034625003e-06,3.615065350928873e-06,1.4127065586249977e-12,3.033067739317014e-10
1805,1.29378364125625e-06,2.9428993999491668e-06,-2.9261383360187504e-10,4.011438266527873e-10
2005,5.373667713825e-06,3.6800985244777137e-06,1.640818264499375e-10,4.578238141656615e-10
3005,-6.518547311312501e-06,2.874390562808418e-06,5.8255918771875e-11,1.836213907056506e-10
4005,-8.12562536025e-06,3.213609734705161e-06,-5.89109560365e-11,1.3231334250743776e-10
5005,-3.788317380875e-06,2.4845253061290148e-06,-7.193195412287499e-12,7.475299126291882e-11
8005,-5.18080497139375e-06,3.717951510833147e-06,1.8052327787562497e-11,6.81669143564588e-11
10005,-1.8041705712125e-06,2.260317386592162e-06,9.7214491935e-11,3.835808542842544e-11
15005,6.211584568125001e-06,3.028739643734472e-06,1.3304616114562503e-11,3.846793074132695e-11
20005,4.87642916373125e-06,3.10096702201255e-06,7.0057352170625e-12,1.9840539250718386e-11
30005,1.1404835452687501e-05,2.704461048422712e-06,-4.1289992254375004e-12,1.1673933825457265e-11
lcr name:,KeySight E4980A
Name and description of Resistor under test: ,"Gibbings 100 ohm, short BNC to BPO white leads"
2024-04-29,16:22:56
select the freq range,"[20, 30, 40, 55, 70, 105, 205, 305, 505, 805, 1005, 1205, 1591.549, 1805, 2005, 3005, 4005, 5005, 8005, 10005, 15005, 20005, 30005]"
20.0,-0.0001578642761,100.0329721,0.00499633,0.499796
20.0,-0.0001641247165,100.0329926,0.00499628,0.499796
20.0,-0.0001602396637,100.0335208,0.00499625,0.499795
20.0,-0.0001713771057,100.0338511,0.00499631,0.499792
20.0,-0.0001633153912,100.0333519,0.00499624,0.499791
20.0,-0.0001635046913,100.0329094,0.00499636,0.499793
20.0,-0.0001663473254,100.033981,0.00499626,0.499788
20.0,-0.0001699916627,100.0318056,0.0049964,0.4998
20.0,-0.0001624581718,100.0331153,0.0049963,0.499796
20.0,-0.0001639893299,100.0325329,0.00499632,0.499795
20.0,-0.0001657444591,100.0333231,0.0049962,0.499786
20.0,-0.0001614096432,100.0332246,0.00499624,0.499791
20.0,-0.0001540713169,100.0336475,0.00499627,0.499795
20.0,-0.0001605394334,100.0333255,0.00499626,0.499788
20.0,-0.0001652977175,100.0325795,0.00499635,0.499795
20.0,-0.0001650287646,100.0339673,0.00499625,0.499792
Freq,20,Rs,100.0331937625,0.0005739187025769735,Ls,-0.0001634564793125,4.235161962235716e-06
":SOUR:DCS:STAT OFF;:BIAS:STAT OFF;:COMP:BIN:COUN:CLE;:LIST:CLE:ALL;:COMP:BIN:CLE;:AMPL:ALC OFF;:APER LONG,1;:BIAS:POL:AUTO OFF;:BIAS:RANG:AUTO ON;:BIAS:VOLT:LEV 0;:COMP:ABIN OFF;:COMP:BIN:COUN:STAT OFF;:COMP:MODE PTOL;:COMP:SLIM -9.9e+037,9.9e+037;:COMP:STAT OFF;:COMP:SWAP OFF;:COMP:TOL:NOM 0;:DISP:ENAB ON;:DISP:LINE """";:DISP:WIND:TEXT1:DATA:FMSD:DATA 1e-009;:DISP:WIND:TEXT2:DATA:FMSD:DATA 1e-009;:FORM:ASC:LONG ON;:FORM:BORD NORM;:FORM:DATA ASC,64;:FREQ:CW 20;:FUNC:DEV1:MODE OFF;:FUNC:DEV1:REF:VAL 0;:FUNC:DEV2:MODE OFF;:FUNC:DEV2:REF:VAL 0;:FUNC:IMP:TYPE LSRS;:FUNC:SMON:IDC:STAT OFF;:FUNC:SMON:VDC:STAT OFF;:INIT:CONT OFF;:LIST:MODE SEQ;:LIST:STIM:TYPE FREQ,NONE;:SOUR:DCS:VOLT:LEV 0;:TRIG:DEL 0;:TRIG:SOUR INT;:TRIG:TDEL 0;:VOLT:LEV 1;:DISP:WIND:TEXT1:DATA:FMSD:STAT OFF;:DISP:WIND:TEXT2:DATA:FMSD:STAT OFF;:FUNC:DCR:RANG:VAL 100;:FUNC:IMP:RANG:VAL 100;:OUTP:DC:ISOL:LEV:VAL 0.02;:OUTP:DC:ISOL:STAT OFF;:FUNC:DCR:RANG:AUTO ON;:FUNC:IMP:RANG:AUTO ON;:OUTP:DC:ISOL:LEV:AUTO ON;:DISP:PAGE MEASurement;
"
30.0,-8.298102518e-05,100.0272733,0.00499837,0.499979
30.0,-8.119744437e-05,100.0271059,0.0049983,0.499975
30.0,-8.097148539e-05,100.0278683,0.00499834,0.499976
30.0,-8.460374098e-05,100.0269929,0.0049983,0.499976
30.0,-8.478175227e-05,100.0272831,0.00499835,0.499975
30.0,-8.532632872e-05,100.0268274,0.00499837,0.499971
30.0,-8.274832512e-05,100.0267353,0.00499839,0.499973
30.0,-8.882900619e-05,100.0270004,0.00499835,0.499964
30.0,-8.162906122e-05,100.0266313,0.00499841,0.499974
30.0,-8.651607094e-05,100.0274631,0.00499839,0.49997
30.0,-8.414693864e-05,100.0275895,0.00499833,0.499969
30.0,-8.419330887e-05,100.027286,0.00499834,0.499967
30.0,-8.061724738e-05,100.0265206,0.00499841,0.499976
30.0,-8.413742109e-05,100.027617,0.00499831,0.499964
30.0,-8.188736989e-05,100.0278798,0.00499838,0.499972
30.0,-8.092954251e-05,100.0273521,0.00499837,0.499963
Freq,30,Rs,100.027214125,0.00041429109975115087,Ls,-8.346850429750001e-05,2.288074037298644e-06
":SOUR:DCS:STAT OFF;:BIAS:STAT OFF;:COMP:BIN:COUN:CLE;:LIST:CLE:ALL;:COMP:BIN:CLE;:AMPL:ALC OFF;:APER LONG,1;:BIAS:POL:AUTO OFF;:BIAS:RANG:AUTO ON;:BIAS:VOLT:LEV 0;:COMP:ABIN OFF;:COMP:BIN:COUN:STAT OFF;:COMP:MODE PTOL;:COMP:SLIM -9.9e+037,9.9e+037;:COMP:STAT OFF;:COMP:SWAP OFF;:COMP:TOL:NOM 0;:DISP:ENAB ON;:DISP:LINE """";:DISP:WIND:TEXT1:DATA:FMSD:DATA 1e-009;:DISP:WIND:TEXT2:DATA:FMSD:DATA 1e-009;:FORM:ASC:LONG ON;:FORM:BORD NORM;:FORM:DATA ASC,64;:FREQ:CW 30;:FUNC:DEV1:MODE OFF;:FUNC:DEV1:REF:VAL 0;:FUNC:DEV2:MODE OFF;:FUNC:DEV2:REF:VAL 0;:FUNC:IMP:TYPE LSRS;:FUNC:SMON:IDC:STAT OFF;:FUNC:SMON:VDC:STAT OFF;:INIT:CONT OFF;:LIST:MODE SEQ;:LIST:STIM:TYPE FREQ,NONE;:SOUR:DCS:VOLT:LEV 0;:TRIG:DEL 0;:TRIG:SOUR INT;:TRIG:TDEL 0;:VOLT:LEV 1;:DISP:WIND:TEXT1:DATA:FMSD:STAT OFF;:DISP:WIND:TEXT2:DATA:FMSD:STAT OFF;:FUNC:DCR:RANG:VAL 100;:FUNC:IMP:RANG:VAL 100;:OUTP:DC:ISOL:LEV:VAL 0.02;:OUTP:DC:ISOL:STAT OFF;:FUNC:DCR:RANG:AUTO ON;:FUNC:IMP:RANG:AUTO ON;:OUTP:DC:ISOL:LEV:AUTO ON;:DISP:PAGE MEASurement;
"
40.0,-5.095823378e-05,100.0246028,0.00499792,0.499915
40.0,-5.133181948e-05,100.0245238,0.00499788,0.499912
40.0,-5.192617956e-05,100.0244814,0.00499794,0.499913
40.0,-5.03145162e-05,100.0252355,0.00499796,0.49992
40.0,-5.319439353e-05,100.0249844,0.00499799,0.499921
40.0,-4.941987327e-05,100.0250224,0.00499796,0.499917
40.0,-5.087371397e-05,100.0253321,0.00499794,0.499919
40.0,-5.122767017e-05,100.0242374,0.00499801,0.499919
40.0,-5.143523241e-05,100.0250108,0.00499795,0.499917
40.0,-4.889900062e-05,100.025067,0.00499795,0.499923
40.0,-5.188151711e-05,100.0251018,0.00499798,0.499922
40.0,-5.110585282e-05,100.0243749,0.00499795,0.499918
40.0,-5.046926184e-05,100.0252846,0.00499792,0.499917
40.0,-4.878164252e-05,100.0249311,0.00499792,0.499921
40.0,-5.242483603e-05,100.0250015,0.00499794,0.499918
40.0,-5.1739299e-05,100.0252705,0.00499794,0.499915
Freq,40,Rs,100.024903875,0.00034816952671636487,Ls,-5.0998940144375004e-05,1.2108093450731701e-06
":SOUR:DCS:STAT OFF;:BIAS:STAT OFF;:COMP:BIN:COUN:CLE;:LIST:CLE:ALL;:COMP:BIN:CLE;:AMPL:ALC OFF;:APER LONG,1;:BIAS:POL:AUTO OFF;:BIAS:RANG:AUTO ON;:BIAS:VOLT:LEV 0;:COMP:ABIN OFF;:COMP:BIN:COUN:STAT OFF;:COMP:MODE PTOL;:COMP:SLIM -9.9e+037,9.9e+037;:COMP:STAT OFF;:COMP:SWAP OFF;:COMP:TOL:NOM 0;:DISP:ENAB ON;:DISP:LINE """";:DISP:WIND:TEXT1:DATA:FMSD:DATA 1e-009;:DISP:WIND:TEXT2:DATA:FMSD:DATA 1e-009;:FORM:ASC:LONG ON;:FORM:BORD NORM;:FORM:DATA ASC,64;:FREQ:CW 40;:FUNC:DEV1:MODE OFF;:FUNC:DEV1:REF:VAL 0;:FUNC:DEV2:MODE OFF;:FUNC:DEV2:REF:VAL 0;:FUNC:IMP:TYPE LSRS;:FUNC:SMON:IDC:STAT OFF;:FUNC:SMON:VDC:STAT OFF;:INIT:CONT OFF;:LIST:MODE SEQ;:LIST:STIM:TYPE FREQ,NONE;:SOUR:DCS:VOLT:LEV 0;:TRIG:DEL 0;:TRIG:SOUR INT;:TRIG:TDEL 0;:VOLT:LEV 1;:DISP:WIND:TEXT1:DATA:FMSD:STAT OFF;:DISP:WIND:TEXT2:DATA:FMSD:STAT OFF;:FUNC:DCR:RANG:VAL 100;:FUNC:IMP:RANG:VAL 100;:OUTP:DC:ISOL:LEV:VAL 0.02;:OUTP:DC:ISOL:STAT OFF;:FUNC:DCR:RANG:AUTO ON;:FUNC:IMP:RANG:AUTO ON;:OUTP:DC:ISOL:LEV:AUTO ON;:DISP:PAGE MEASurement;
"
55.0,-2.733921e-05,100.0208303,0.00499942,0.500049
55.0,-2.637121951e-05,100.0212684,0.00499947,0.500047
55.0,-2.643225304e-05,100.0202756,0.00499946,0.500049
55.0,-2.659558554e-05,100.021031,0.00499945,0.500045
55.0,-2.615653174e-05,100.021504,0.00499952,0.500058
55.0,-2.616491714e-05,100.0210677,0.00499942,0.500051
55.0,-2.647414364e-05,100.0210913,0.0049995,0.500051
55.0,-2.682502214e-05,100.0210817,0.00499945,0.500062
55.0,-2.695676439e-05,100.0210184,0.00499951,0.500054
55.0,-2.783574905e-05,100.0217245,0.00499948,0.500062
55.0,-2.519123165e-05,100.0207693,0.00499947,0.500049
55.0,-2.692099211e-05,100.0208741,0.00499951,0.500061
55.0,-2.72719211e-05,100.0204292,0.00499946,0.500051
55.0,-2.694153456e-05,100.0211319,0.0049995,0.500048
55.0,-2.781094528e-05,100.0211199,0.00499951,0.500055
55.0,-2.772356699e-05,100.021239,0.00499945,0.500059
Freq,55,Rs,100.02102851875,0.0003555436348626148,Ls,-2.6813224242499998e-05,7.019434459895432e-07
":SOUR:DCS:STAT OFF;:BIAS:STAT OFF;:COMP:BIN:COUN:CLE;:LIST:CLE:ALL;:COMP:BIN:CLE;:AMPL:ALC OFF;:APER LONG,1;:BIAS:POL:AUTO OFF;:BIAS:RANG:AUTO ON;:BIAS:VOLT:LEV 0;:COMP:ABIN OFF;:COMP:BIN:COUN:STAT OFF;:COMP:MODE PTOL;:COMP:SLIM -9.9e+037,9.9e+037;:COMP:STAT OFF;:COMP:SWAP OFF;:COMP:TOL:NOM 0;:DISP:ENAB ON;:DISP:LINE """";:DISP:WIND:TEXT1:DATA:FMSD:DATA 1e-009;:DISP:WIND:TEXT2:DATA:FMSD:DATA 1e-009;:FORM:ASC:LONG ON;:FORM:BORD NORM;:FORM:DATA ASC,64;:FREQ:CW 55;:FUNC:DEV1:MODE OFF;:FUNC:DEV1:REF:VAL 0;:FUNC:DEV2:MODE OFF;:FUNC:DEV2:REF:VAL 0;:FUNC:IMP:TYPE LSRS;:FUNC:SMON:IDC:STAT OFF;:FUNC:SMON:VDC:STAT OFF;:INIT:CONT OFF;:LIST:MODE SEQ;:LIST:STIM:TYPE FREQ,NONE;:SOUR:DCS:VOLT:LEV 0;:TRIG:DEL 0;:TRIG:SOUR INT;:TRIG:TDEL 0;:VOLT:LEV 1;:DISP:WIND:TEXT1:DATA:FMSD:STAT OFF;:DISP:WIND:TEXT2:DATA:FMSD:STAT OFF;:FUNC:DCR:RANG:VAL 100;:FUNC:IMP:RANG:VAL 100;:OUTP:DC:ISOL:LEV:VAL 0.02;:OUTP:DC:ISOL:STAT OFF;:FUNC:DCR:RANG:AUTO ON;:FUNC:IMP:RANG:AUTO ON;:OUTP:DC:ISOL:LEV:AUTO ON;:DISP:PAGE MEASurement;
"
70.0,-1.666952483e-05,100.0193601,0.00501231,0.501322
70.0,-1.597573773e-05,100.0191001,0.00501232,0.501328
70.0,-1.739088228e-05,100.0187495,0.00501231,0.501319
70.0,-1.639764777e-05,100.0185038,0.00501234,0.50133
70.0,-1.78280347e-05,100.0185084,0.00501237,0.501329
70.0,-1.756288361e-05,100.018949,0.00501235,0.501328
70.0,-1.616509106e-05,100.0191747,0.00501238,0.50133
70.0,-1.713583824e-05,100.01869,0.00501235,0.501324
70.0,-1.679856246e-05,100.0192068,0.00501231,0.501325
70.0,-1.653060658e-05,100.0186417,0.00501228,0.501328
70.0,-1.65127874e-05,100.0188963,0.0050123,0.501322
70.0,-1.606993933e-05,100.0190905,0.00501232,0.501325
70.0,-1.702565572e-05,100.0179339,0.00501229,0.50133
70.0,-1.741885194e-05,100.0188529,0.00501224,0.501318
70.0,-1.647522015e-05,100.0192563,0.00501224,0.501331
70.0,-1.743504499e-05,100.0190074,0.00501222,0.501322
Freq,70,Rs,100.0188700875,0.0003618059680260399,Ls,-1.6837019299375e-05,5.756732105460706e-07
":SOUR:DCS:STAT OFF;:BIAS:STAT OFF;:COMP:BIN:COUN:CLE;:LIST:CLE:ALL;:COMP:BIN:CLE;:AMPL:ALC OFF;:APER LONG,1;:BIAS:POL:AUTO OFF;:BIAS:RANG:AUTO ON;:BIAS:VOLT:LEV 0;:COMP:ABIN OFF;:COMP:BIN:COUN:STAT OFF;:COMP:MODE PTOL;:COMP:SLIM -9.9e+037,9.9e+037;:COMP:STAT OFF;:COMP:SWAP OFF;:COMP:TOL:NOM 0;:DISP:ENAB ON;:DISP:LINE """";:DISP:WIND:TEXT1:DATA:FMSD:DATA 1e-009;:DISP:WIND:TEXT2:DATA:FMSD:DATA 1e-009;:FORM:ASC:LONG ON;:FORM:BORD NORM;:FORM:DATA ASC,64;:FREQ:CW 70;:FUNC:DEV1:MODE OFF;:FUNC:DEV1:REF:VAL 0;:FUNC:DEV2:MODE OFF;:FUNC:DEV2:REF:VAL 0;:FUNC:IMP:TYPE LSRS;:FUNC:SMON:IDC:STAT OFF;:FUNC:SMON:VDC:STAT OFF;:INIT:CONT OFF;:LIST:MODE SEQ;:LIST:STIM:TYPE FREQ,NONE;:SOUR:DCS:VOLT:LEV 0;:TRIG:DEL 0;:TRIG:SOUR INT;:TRIG:TDEL 0;:VOLT:LEV 1;:DISP:WIND:TEXT1:DATA:FMSD:STAT OFF;:DISP:WIND:TEXT2:DATA:FMSD:STAT OFF;:FUNC:DCR:RANG:VAL 100;:FUNC:IMP:RANG:VAL 100;:OUTP:DC:ISOL:LEV:VAL 0.02;:OUTP:DC:ISOL:STAT OFF;:FUNC:DCR:RANG:AUTO ON;:FUNC:IMP:RANG:AUTO ON;:OUTP:DC:ISOL:LEV:AUTO ON;:DISP:PAGE MEASurement;
"
105.0,-8.076842876e-06,100.0180304,0.0050086,0.500947
105.0,-7.57723812e-06,100.0188318,0.00500859,0.500949
105.0,-7.619964589e-06,100.0190554,0.00500854,0.500938
105.0,-7.452561956e-06,100.0190228,0.00500846,0.500949
105.0,-8.04195041e-06,100.019111,0.00500845,0.500952
105.0,-8.037899866e-06,100.0188953,0.00500851,0.500945
105.0,-7.875389128e-06,100.0190341,0.00500855,0.500944
105.0,-7.299478061e-06,100.0187262,0.00500857,0.500946
105.0,-7.84539235e-06,100.0190489,0.00500855,0.500949
105.0,-7.797308568e-06,100.0192866,0.00500859,0.500944
105.0,-7.188345822e-06,100.0186426,0.00500857,0.50095
105.0,-7.791260804e-06,100.0193175,0.00500851,0.50095
105.0,-7.991596576e-06,100.018634,0.0050086,0.500952
105.0,-7.945211218e-06,100.0190442,0.00500857,0.500951
105.0,-7.200119553e-06,100.0191989,0.00500858,0.50095
105.0,-7.52030889e-06,100.0189923,0.00500853,0.500948
Freq,105,Rs,100.0189295,0.00031416499486637014,Ls,-7.7038042991875e-06,3.0274512713301523e-07
":SOUR:DCS:STAT OFF;:BIAS:STAT OFF;:COMP:BIN:COUN:CLE;:LIST:CLE:ALL;:COMP:BIN:CLE;:AMPL:ALC OFF;:APER LONG,1;:BIAS:POL:AUTO OFF;:BIAS:RANG:AUTO ON;:BIAS:VOLT:LEV 0;:COMP:ABIN OFF;:COMP:BIN:COUN:STAT OFF;:COMP:MODE PTOL;:COMP:SLIM -9.9e+037,9.9e+037;:COMP:STAT OFF;:COMP:SWAP OFF;:COMP:TOL:NOM 0;:DISP:ENAB ON;:DISP:LINE """";:DISP:WIND:TEXT1:DATA:FMSD:DATA 1e-009;:DISP:WIND:TEXT2:DATA:FMSD:DATA 1e-009;:FORM:ASC:LONG ON;:FORM:BORD NORM;:FORM:DATA ASC,64;:FREQ:CW 105;:FUNC:DEV1:MODE OFF;:FUNC:DEV1:REF:VAL 0;:FUNC:DEV2:MODE OFF;:FUNC:DEV2:REF:VAL 0;:FUNC:IMP:TYPE LSRS;:FUNC:SMON:IDC:STAT OFF;:FUNC:SMON:VDC:STAT OFF;:INIT:CONT OFF;:LIST:MODE SEQ;:LIST:STIM:TYPE FREQ,NONE;:SOUR:DCS:VOLT:LEV 0;:TRIG:DEL 0;:TRIG:SOUR INT;:TRIG:TDEL 0;:VOLT:LEV 1;:DISP:WIND:TEXT1:DATA:FMSD:STAT OFF;:DISP:WIND:TEXT2:DATA:FMSD:STAT OFF;:FUNC:DCR:RANG:VAL 100;:FUNC:IMP:RANG:VAL 100;:OUTP:DC:ISOL:LEV:VAL 0.02;:OUTP:DC:ISOL:STAT OFF;:FUNC:DCR:RANG:AUTO ON;:FUNC:IMP:RANG:AUTO ON;:OUTP:DC:ISOL:LEV:AUTO ON;:DISP:PAGE MEASurement;
"
205.0,-6.536101303e-06,100.0210228,0.00500254,0.500359
205.0,-6.726881266e-06,100.0207427,0.00500252,0.50036
205.0,-6.556937937e-06,100.0213597,0.00500253,0.50036
205.0,-6.841281115e-06,100.0210166,0.0050026,0.500366
205.0,-6.605763749e-06,100.0206923,0.00500259,0.500358
205.0,-6.437627516e-06,100.021205,0.00500257,0.500357
205.0,-6.633710961e-06,100.021063,0.0050026,0.500363
205.0,-6.602212044e-06,100.0211209,0.00500255,0.500357
205.0,-6.43247502e-06,100.0210638,0.00500257,0.500361
205.0,-6.357577431e-06,100.0209647,0.00500251,0.500361
205.0,-6.707196577e-06,100.0208031,0.00500257,0.500365
205.0,-6.412729022e-06,100.0212366,0.00500259,0.500364
205.0,-6.616023238e-06,100.0212179,0.00500253,0.500363
205.0,-6.366092486e-06,100.0213135,0.0050026,0.500366
205.0,-6.556714494e-06,100.0210019,0.00500258,0.500362
205.0,-6.447093512e-06,100.0207048,0.00500256,0.500364
Freq,205,Rs,100.02103308125001,0.00021089301938512366,Ls,-6.5522761044375e-06,1.3783308855423858e-07
":SOUR:DCS:STAT OFF;:BIAS:STAT OFF;:COMP:BIN:COUN:CLE;:LIST:CLE:ALL;:COMP:BIN:CLE;:AMPL:ALC OFF;:APER LONG,1;:BIAS:POL:AUTO OFF;:BIAS:RANG:AUTO ON;:BIAS:VOLT:LEV 0;:COMP:ABIN OFF;:COMP:BIN:COUN:STAT OFF;:COMP:MODE PTOL;:COMP:SLIM -9.9e+037,9.9e+037;:COMP:STAT OFF;:COMP:SWAP OFF;:COMP:TOL:NOM 0;:DISP:ENAB ON;:DISP:LINE """";:DISP:WIND:TEXT1:DATA:FMSD:DATA 1e-009;:DISP:WIND:TEXT2:DATA:FMSD:DATA 1e-009;:FORM:ASC:LONG ON;:FORM:BORD NORM;:FORM:DATA ASC,64;:FREQ:CW 205;:FUNC:DEV1:MODE OFF;:FUNC:DEV1:REF:VAL 0;:FUNC:DEV2:MODE OFF;:FUNC:DEV2:REF:VAL 0;:FUNC:IMP:TYPE LSRS;:FUNC:SMON:IDC:STAT OFF;:FUNC:SMON:VDC:STAT OFF;:INIT:CONT OFF;:LIST:MODE SEQ;:LIST:STIM:TYPE FREQ,NONE;:SOUR:DCS:VOLT:LEV 0;:TRIG:DEL 0;:TRIG:SOUR INT;:TRIG:TDEL 0;:VOLT:LEV 1;:DISP:WIND:TEXT1:DATA:FMSD:STAT OFF;:DISP:WIND:TEXT2:DATA:FMSD:STAT OFF;:FUNC:DCR:RANG:VAL 100;:FUNC:IMP:RANG:VAL 100;:OUTP:DC:ISOL:LEV:VAL 0.02;:OUTP:DC:ISOL:STAT OFF;:FUNC:DCR:RANG:AUTO ON;:FUNC:IMP:RANG:AUTO ON;:OUTP:DC:ISOL:LEV:AUTO ON;:DISP:PAGE MEASurement;
"
305.0,-2.315241828e-06,100.0200727,0.00500595,0.50069
305.0,-2.302746289e-06,100.0204447,0.00500588,0.500684
305.0,-2.294319056e-06,100.0199847,0.00500586,0.500681
305.0,-2.221104423e-06,100.0205954,0.00500582,0.500682
305.0,-2.352215038e-06,100.0203624,0.0050058,0.500689
305.0,-2.237489541e-06,100.0202375,0.00500585,0.500687
305.0,-2.307361634e-06,100.0205257,0.00500581,0.500684
305.0,-2.305390818e-06,100.0202632,0.0050059,0.500696
305.0,-2.403668004e-06,100.0203812,0.0050059,0.500692
305.0,-2.50012975e-06,100.0204453,0.0050059,0.500687
305.0,-2.44284929e-06,100.0205594,0.00500584,0.500687
305.0,-2.422903358e-06,100.020192,0.00500584,0.50069
305.0,-2.214051238e-06,100.0201852,0.00500583,0.500682
305.0,-2.226243579e-06,100.0203361,0.00500583,0.500691
305.0,-2.237121147e-06,100.0205491,0.00500587,0.500691
305.0,-2.430899427e-06,100.0208857,0.00500583,0.50069
Freq,305,Rs,100.02037626875,0.00022398482900630288,Ls,-2.32585840125e-06,9.045849458855517e-08
":SOUR:DCS:STAT OFF;:BIAS:STAT OFF;:COMP:BIN:COUN:CLE;:LIST:CLE:ALL;:COMP:BIN:CLE;:AMPL:ALC OFF;:APER LONG,1;:BIAS:POL:AUTO OFF;:BIAS:RANG:AUTO ON;:BIAS:VOLT:LEV 0;:COMP:ABIN OFF;:COMP:BIN:COUN:STAT OFF;:COMP:MODE PTOL;:COMP:SLIM -9.9e+037,9.9e+037;:COMP:STAT OFF;:COMP:SWAP OFF;:COMP:TOL:NOM 0;:DISP:ENAB ON;:DISP:LINE """";:DISP:WIND:TEXT1:DATA:FMSD:DATA 1e-009;:DISP:WIND:TEXT2:DATA:FMSD:DATA 1e-009;:FORM:ASC:LONG ON;:FORM:BORD NORM;:FORM:DATA ASC,64;:FREQ:CW 305;:FUNC:DEV1:MODE OFF;:FUNC:DEV1:REF:VAL 0;:FUNC:DEV2:MODE OFF;:FUNC:DEV2:REF:VAL 0;:FUNC:IMP:TYPE LSRS;:FUNC:SMON:IDC:STAT OFF;:FUNC:SMON:VDC:STAT OFF;:INIT:CONT OFF;:LIST:MODE SEQ;:LIST:STIM:TYPE FREQ,NONE;:SOUR:DCS:VOLT:LEV 0;:TRIG:DEL 0;:TRIG:SOUR INT;:TRIG:TDEL 0;:VOLT:LEV 1;:DISP:WIND:TEXT1:DATA:FMSD:STAT OFF;:DISP:WIND:TEXT2:DATA:FMSD:STAT OFF;:FUNC:DCR:RANG:VAL 100;:FUNC:IMP:RANG:VAL 100;:OUTP:DC:ISOL:LEV:VAL 0.02;:OUTP:DC:ISOL:STAT OFF;:FUNC:DCR:RANG:AUTO ON;:FUNC:IMP:RANG:AUTO ON;:OUTP:DC:ISOL:LEV:AUTO ON;:DISP:PAGE MEASurement;
"
505.0,-3.515464998e-07,100.0196591,0.00500544,0.500641
505.0,-2.567117118e-07,100.0198128,0.00500542,0.50064
505.0,-2.039804288e-07,100.019828,0.00500541,0.500645
505.0,-3.196907245e-07,100.0199573,0.00500542,0.500642
505.0,-3.466332948e-07,100.0194974,0.00500542,0.500637
505.0,-3.745581989e-07,100.0195711,0.00500542,0.500636
505.0,-2.263715999e-07,100.0195482,0.00500537,0.500642
505.0,-2.409093642e-07,100.0195744,0.00500543,0.500643
505.0,-3.741485315e-07,100.0194755,0.00500538,0.500642
505.0,-3.204571295e-07,100.0197257,0.00500542,0.500636
505.0,-3.660062811e-07,100.0198968,0.00500536,0.50064
505.0,-3.57740651e-07,100.019777,0.00500543,0.500641
505.0,-2.396867949e-07,100.0194793,0.00500537,0.500635
505.0,-3.726581405e-07,100.0196126,0.00500537,0.500633
505.0,-3.544140342e-07,100.0195464,0.0050054,0.500634
505.0,-2.44395766e-07,100.0195839,0.00500539,0.500642
Freq,505,Rs,100.01965909375,0.00015401964579799557,Ls,-3.093693219625e-07,6.215958156513093e-08
":SOUR:DCS:STAT OFF;:BIAS:STAT OFF;:COMP:BIN:COUN:CLE;:LIST:CLE:ALL;:COMP:BIN:CLE;:AMPL:ALC OFF;:APER LONG,1;:BIAS:POL:AUTO OFF;:BIAS:RANG:AUTO ON;:BIAS:VOLT:LEV 0;:COMP:ABIN OFF;:COMP:BIN:COUN:STAT OFF;:COMP:MODE PTOL;:COMP:SLIM -9.9e+037,9.9e+037;:COMP:STAT OFF;:COMP:SWAP OFF;:COMP:TOL:NOM 0;:DISP:ENAB ON;:DISP:LINE """";:DISP:WIND:TEXT1:DATA:FMSD:DATA 1e-009;:DISP:WIND:TEXT2:DATA:FMSD:DATA 1e-009;:FORM:ASC:LONG ON;:FORM:BORD NORM;:FORM:DATA ASC,64;:FREQ:CW 505;:FUNC:DEV1:MODE OFF;:FUNC:DEV1:REF:VAL 0;:FUNC:DEV2:MODE OFF;:FUNC:DEV2:REF:VAL 0;:FUNC:IMP:TYPE LSRS;:FUNC:SMON:IDC:STAT OFF;:FUNC:SMON:VDC:STAT OFF;:INIT:CONT OFF;:LIST:MODE SEQ;:LIST:STIM:TYPE FREQ,NONE;:SOUR:DCS:VOLT:LEV 0;:TRIG:DEL 0;:TRIG:SOUR INT;:TRIG:TDEL 0;:VOLT:LEV 1;:DISP:WIND:TEXT1:DATA:FMSD:STAT OFF;:DISP:WIND:TEXT2:DATA:FMSD:STAT OFF;:FUNC:DCR:RANG:VAL 100;:FUNC:IMP:RANG:VAL 100;:OUTP:DC:ISOL:LEV:VAL 0.02;:OUTP:DC:ISOL:STAT OFF;:FUNC:DCR:RANG:AUTO ON;:FUNC:IMP:RANG:AUTO ON;:OUTP:DC:ISOL:LEV:AUTO ON;:DISP:PAGE MEASurement;
"
805.0,3.743562328e-07,100.0187016,0.0050113,0.501228
805.0,3.715809088e-07,100.0187589,0.00501134,0.501227
805.0,4.156935394e-07,100.0185644,0.00501132,0.501228
805.0,4.390595867e-07,100.0186391,0.00501134,0.501222
805.0,4.396494822e-07,100.0186871,0.00501136,0.501229
805.0,4.374266988e-07,100.0187877,0.00501135,0.501233
805.0,4.089377029e-07,100.0183852,0.00501143,0.501234
805.0,4.968993948e-07,100.0189386,0.00501146,0.501239
805.0,3.73087463e-07,100.0186039,0.00501134,0.50123
805.0,3.94946364e-07,100.0185934,0.00501139,0.501233
805.0,4.434083112e-07,100.0187487,0.00501142,0.501233
805.0,4.334095469e-07,100.0186916,0.00501142,0.501236
805.0,4.381606588e-07,100.0188648,0.0050114,0.501229
805.0,4.597612256e-07,100.0187671,0.00501143,0.501235
805.0,4.446116408e-07,100.0186933,0.0050114,0.501231
805.0,4.576484246e-07,100.0185275,0.00501146,0.501237
Freq,805,Rs,100.01868455625,0.00013419937887969644,Ls,4.2678982383125e-07,3.491682348552029e-08
":SOUR:DCS:STAT OFF;:BIAS:STAT OFF;:COMP:BIN:COUN:CLE;:LIST:CLE:ALL;:COMP:BIN:CLE;:AMPL:ALC OFF;:APER LONG,1;:BIAS:POL:AUTO OFF;:BIAS:RANG:AUTO ON;:BIAS:VOLT:LEV 0;:COMP:ABIN OFF;:COMP:BIN:COUN:STAT OFF;:COMP:MODE PTOL;:COMP:SLIM -9.9e+037,9.9e+037;:COMP:STAT OFF;:COMP:SWAP OFF;:COMP:TOL:NOM 0;:DISP:ENAB ON;:DISP:LINE """";:DISP:WIND:TEXT1:DATA:FMSD:DATA 1e-009;:DISP:WIND:TEXT2:DATA:FMSD:DATA 1e-009;:FORM:ASC:LONG ON;:FORM:BORD NORM;:FORM:DATA ASC,64;:FREQ:CW 805;:FUNC:DEV1:MODE OFF;:FUNC:DEV1:REF:VAL 0;:FUNC:DEV2:MODE OFF;:FUNC:DEV2:REF:VAL 0;:FUNC:IMP:TYPE LSRS;:FUNC:SMON:IDC:STAT OFF;:FUNC:SMON:VDC:STAT OFF;:INIT:CONT OFF;:LIST:MODE SEQ;:LIST:STIM:TYPE FREQ,NONE;:SOUR:DCS:VOLT:LEV 0;:TRIG:DEL 0;:TRIG:SOUR INT;:TRIG:TDEL 0;:VOLT:LEV 1;:DISP:WIND:TEXT1:DATA:FMSD:STAT OFF;:DISP:WIND:TEXT2:DATA:FMSD:STAT OFF;:FUNC:DCR:RANG:VAL 100;:FUNC:IMP:RANG:VAL 100;:OUTP:DC:ISOL:LEV:VAL 0.02;:OUTP:DC:ISOL:STAT OFF;:FUNC:DCR:RANG:AUTO ON;:FUNC:IMP:RANG:AUTO ON;:OUTP:DC:ISOL:LEV:AUTO ON;:DISP:PAGE MEASurement;
"
1005.0,9.096381741e-07,100.0191029,0.00499546,0.499643
1005.0,9.678305872e-07,100.0191879,0.00499546,0.499646
1005.0,9.729917368e-07,100.0192361,0.00499542,0.499646
1005.0,9.628160802e-07,100.0194224,0.00499546,0.499645
1005.0,9.370821635e-07,100.0194102,0.00499541,0.499641
1005.0,9.537369533e-07,100.019227,0.00499554,0.499645
1005.0,9.220780237e-07,100.0194596,0.0049955,0.499644
1005.0,9.440282989e-07,100.0192505,0.00499549,0.499646
1005.0,9.244386228e-07,100.0189262,0.00499542,0.499639
1005.0,9.847311839e-07,100.0191101,0.00499544,0.499641
1005.0,9.511022376e-07,100.0196479,0.00499543,0.499638
1005.0,9.630874075e-07,100.01938,0.00499541,0.499639
1005.0,1.007680229e-06,100.0188956,0.00499546,0.499641
1005.0,1.002987974e-06,100.019043,0.00499539,0.499636
1005.0,8.779868507e-07,100.0192601,0.00499547,0.499641
1005.0,9.300131915e-07,100.0193733,0.00499541,0.499639
Freq,1005,Rs,100.0192458,0.00020143636215988041,Ls,9.507643571687501e-07,3.403811473566362e-08
":SOUR:DCS:STAT OFF;:BIAS:STAT OFF;:COMP:BIN:COUN:CLE;:LIST:CLE:ALL;:COMP:BIN:CLE;:AMPL:ALC OFF;:APER LONG,1;:BIAS:POL:AUTO OFF;:BIAS:RANG:AUTO ON;:BIAS:VOLT:LEV 0;:COMP:ABIN OFF;:COMP:BIN:COUN:STAT OFF;:COMP:MODE PTOL;:COMP:SLIM -9.9e+037,9.9e+037;:COMP:STAT OFF;:COMP:SWAP OFF;:COMP:TOL:NOM 0;:DISP:ENAB ON;:DISP:LINE """";:DISP:WIND:TEXT1:DATA:FMSD:DATA 1e-009;:DISP:WIND:TEXT2:DATA:FMSD:DATA 1e-009;:FORM:ASC:LONG ON;:FORM:BORD NORM;:FORM:DATA ASC,64;:FREQ:CW 1005;:FUNC:DEV1:MODE OFF;:FUNC:DEV1:REF:VAL 0;:FUNC:DEV2:MODE OFF;:FUNC:DEV2:REF:VAL 0;:FUNC:IMP:TYPE LSRS;:FUNC:SMON:IDC:STAT OFF;:FUNC:SMON:VDC:STAT OFF;:INIT:CONT OFF;:LIST:MODE SEQ;:LIST:STIM:TYPE FREQ,NONE;:SOUR:DCS:VOLT:LEV 0;:TRIG:DEL 0;:TRIG:SOUR INT;:TRIG:TDEL 0;:VOLT:LEV 1;:DISP:WIND:TEXT1:DATA:FMSD:STAT OFF;:DISP:WIND:TEXT2:DATA:FMSD:STAT OFF;:FUNC:DCR:RANG:VAL 100;:FUNC:IMP:RANG:VAL 100;:OUTP:DC:ISOL:LEV:VAL 0.02;:OUTP:DC:ISOL:STAT OFF;:FUNC:DCR:RANG:AUTO ON;:FUNC:IMP:RANG:AUTO ON;:OUTP:DC:ISOL:LEV:AUTO ON;:DISP:PAGE MEASurement;
"
1205.0,1.207683039e-06,100.0253877,0.00502046,0.502173
1205.0,1.175061966e-06,100.0251843,0.00502045,0.502168
1205.0,1.212124833e-06,100.025186,0.00502043,0.502172
1205.0,1.190168851e-06,100.0247789,0.00502043,0.502174
1205.0,1.188729524e-06,100.0253567,0.00502042,0.502179
1205.0,1.228378175e-06,100.0251541,0.00502044,0.502173
1205.0,1.195287439e-06,100.0250455,0.00502046,0.502174
1205.0,1.191940511e-06,100.0253164,0.00502048,0.502174
1205.0,1.235103112e-06,100.0255413,0.00502043,0.502176
1205.0,1.208118491e-06,100.0252503,0.00502047,0.502175
1205.0,1.163388398e-06,100.0252789,0.00502043,0.502178
1205.0,1.194426415e-06,100.0252089,0.00502044,0.502173
1205.0,1.179588623e-06,100.02537,0.00502042,0.502179
1205.0,1.18047063e-06,100.0251839,0.00502051,0.502178
1205.0,1.199315859e-06,100.0254417,0.00502045,0.502171
1205.0,1.14964622e-06,100.0251606,0.00502051,0.502177
Freq,1205,Rs,100.025240325,0.00017616523871912126,Ls,1.1937145053749998e-06,2.2084068288566327e-08
":SOUR:DCS:STAT OFF;:BIAS:STAT OFF;:COMP:BIN:COUN:CLE;:LIST:CLE:ALL;:COMP:BIN:CLE;:AMPL:ALC OFF;:APER LONG,1;:BIAS:POL:AUTO OFF;:BIAS:RANG:AUTO ON;:BIAS:VOLT:LEV 0;:COMP:ABIN OFF;:COMP:BIN:COUN:STAT OFF;:COMP:MODE PTOL;:COMP:SLIM -9.9e+037,9.9e+037;:COMP:STAT OFF;:COMP:SWAP OFF;:COMP:TOL:NOM 0;:DISP:ENAB ON;:DISP:LINE """";:DISP:WIND:TEXT1:DATA:FMSD:DATA 1e-009;:DISP:WIND:TEXT2:DATA:FMSD:DATA 1e-009;:FORM:ASC:LONG ON;:FORM:BORD NORM;:FORM:DATA ASC,64;:FREQ:CW 1205;:FUNC:DEV1:MODE OFF;:FUNC:DEV1:REF:VAL 0;:FUNC:DEV2:MODE OFF;:FUNC:DEV2:REF:VAL 0;:FUNC:IMP:TYPE LSRS;:FUNC:SMON:IDC:STAT OFF;:FUNC:SMON:VDC:STAT OFF;:INIT:CONT OFF;:LIST:MODE SEQ;:LIST:STIM:TYPE FREQ,NONE;:SOUR:DCS:VOLT:LEV 0;:TRIG:DEL 0;:TRIG:SOUR INT;:TRIG:TDEL 0;:VOLT:LEV 1;:DISP:WIND:TEXT1:DATA:FMSD:STAT OFF;:DISP:WIND:TEXT2:DATA:FMSD:STAT OFF;:FUNC:DCR:RANG:VAL 100;:FUNC:IMP:RANG:VAL 100;:OUTP:DC:ISOL:LEV:VAL 0.02;:OUTP:DC:ISOL:STAT OFF;:FUNC:DCR:RANG:AUTO ON;:FUNC:IMP:RANG:AUTO ON;:OUTP:DC:ISOL:LEV:AUTO ON;:DISP:PAGE MEASurement;
"
1591.549,1.02297632e-06,100.0234109,0.00502584,0.502699
1591.549,1.013559525e-06,100.0232878,0.0050258,0.502701
1591.549,1.035407779e-06,100.0235957,0.00502584,0.502697
1591.549,1.074743106e-06,100.0231369,0.0050258,0.502698
1591.549,1.040993573e-06,100.0233068,0.00502576,0.502699
1591.549,1.022739323e-06,100.0234056,0.00502576,0.502691
1591.549,1.056818281e-06,100.0232827,0.00502576,0.502701
1591.549,1.042759529e-06,100.0230103,0.00502586,0.502698
1591.549,1.033647417e-06,100.0235264,0.00502582,0.502705
1591.549,1.038687641e-06,100.0231764,0.00502584,0.502699
1591.549,1.062250311e-06,100.0230447,0.00502585,0.502695
1591.549,1.042507784e-06,100.0231583,0.0050258,0.502699
1591.549,1.060522072e-06,100.0230496,0.00502579,0.502698
1591.549,1.056855787e-06,100.0232858,0.00502582,0.502702
1591.549,1.064736661e-06,100.0230498,0.00502585,0.502699
1591.549,1.003762364e-06,100.0233514,0.0050258,0.502697
Freq,1591.549,Rs,100.02325494375,0.00017689250584852737,Ls,1.0420604670625e-06,1.985332922681284e-08
":SOUR:DCS:STAT OFF;:BIAS:STAT OFF;:COMP:BIN:COUN:CLE;:LIST:CLE:ALL;:COMP:BIN:CLE;:AMPL:ALC OFF;:APER LONG,1;:BIAS:POL:AUTO OFF;:BIAS:RANG:AUTO ON;:BIAS:VOLT:LEV 0;:COMP:ABIN OFF;:COMP:BIN:COUN:STAT OFF;:COMP:MODE PTOL;:COMP:SLIM -9.9e+037,9.9e+037;:COMP:STAT OFF;:COMP:SWAP OFF;:COMP:TOL:NOM 0;:DISP:ENAB ON;:DISP:LINE """";:DISP:WIND:TEXT1:DATA:FMSD:DATA 1e-009;:DISP:WIND:TEXT2:DATA:FMSD:DATA 1e-009;:FORM:ASC:LONG ON;:FORM:BORD NORM;:FORM:DATA ASC,64;:FREQ:CW 1592;:FUNC:DEV1:MODE OFF;:FUNC:DEV1:REF:VAL 0;:FUNC:DEV2:MODE OFF;:FUNC:DEV2:REF:VAL 0;:FUNC:IMP:TYPE LSRS;:FUNC:SMON:IDC:STAT OFF;:FUNC:SMON:VDC:STAT OFF;:INIT:CONT OFF;:LIST:MODE SEQ;:LIST:STIM:TYPE FREQ,NONE;:SOUR:DCS:VOLT:LEV 0;:TRIG:DEL 0;:TRIG:SOUR INT;:TRIG:TDEL 0;:VOLT:LEV 1;:DISP:WIND:TEXT1:DATA:FMSD:STAT OFF;:DISP:WIND:TEXT2:DATA:FMSD:STAT OFF;:FUNC:DCR:RANG:VAL 100;:FUNC:IMP:RANG:VAL 100;:OUTP:DC:ISOL:LEV:VAL 0.02;:OUTP:DC:ISOL:STAT OFF;:FUNC:DCR:RANG:AUTO ON;:FUNC:IMP:RANG:AUTO ON;:OUTP:DC:ISOL:LEV:AUTO ON;:DISP:PAGE MEASurement;
"
1805.0,1.014856346e-06,100.0224619,0.0050275,0.502871
1805.0,1.025903058e-06,100.0225483,0.00502762,0.502875
1805.0,1.01334609e-06,100.0226904,0.00502763,0.502875
1805.0,1.024507699e-06,100.0225476,0.00502759,0.50288
1805.0,1.032377415e-06,100.022778,0.00502762,0.502878
1805.0,1.014760087e-06,100.0227041,0.00502759,0.502876
1805.0,1.032553403e-06,100.0228559,0.00502761,0.502873
1805.0,1.028096206e-06,100.0225717,0.00502766,0.502883
1805.0,1.014515842e-06,100.0227535,0.00502761,0.502881
1805.0,1.001544404e-06,100.0225744,0.00502765,0.502879
1805.0,9.990875892e-07,100.0225998,0.00502764,0.502878
1805.0,1.022845401e-06,100.0226741,0.00502759,0.502876
1805.0,1.031028163e-06,100.0226267,0.00502763,0.502881
1805.0,1.016149212e-06,100.0225437,0.0050277,0.502887
1805.0,1.005461704e-06,100.0227642,0.00502771,0.502881
1805.0,1.009066554e-06,100.0227611,0.00502764,0.502877
Freq,1805,Rs,100.0226534625,0.00011022492080604969,Ls,1.017881198325e-06,1.0774423614528602e-08
":SOUR:DCS:STAT OFF;:BIAS:STAT OFF;:COMP:BIN:COUN:CLE;:LIST:CLE:ALL;:COMP:BIN:CLE;:AMPL:ALC OFF;:APER LONG,1;:BIAS:POL:AUTO OFF;:BIAS:RANG:AUTO ON;:BIAS:VOLT:LEV 0;:COMP:ABIN OFF;:COMP:BIN:COUN:STAT OFF;:COMP:MODE PTOL;:COMP:SLIM -9.9e+037,9.9e+037;:COMP:STAT OFF;:COMP:SWAP OFF;:COMP:TOL:NOM 0;:DISP:ENAB ON;:DISP:LINE """";:DISP:WIND:TEXT1:DATA:FMSD:DATA 1e-009;:DISP:WIND:TEXT2:DATA:FMSD:DATA 1e-009;:FORM:ASC:LONG ON;:FORM:BORD NORM;:FORM:DATA ASC,64;:FREQ:CW 1805;:FUNC:DEV1:MODE OFF;:FUNC:DEV1:REF:VAL 0;:FUNC:DEV2:MODE OFF;:FUNC:DEV2:REF:VAL 0;:FUNC:IMP:TYPE LSRS;:FUNC:SMON:IDC:STAT OFF;:FUNC:SMON:VDC:STAT OFF;:INIT:CONT OFF;:LIST:MODE SEQ;:LIST:STIM:TYPE FREQ,NONE;:SOUR:DCS:VOLT:LEV 0;:TRIG:DEL 0;:TRIG:SOUR INT;:TRIG:TDEL 0;:VOLT:LEV 1;:DISP:WIND:TEXT1:DATA:FMSD:STAT OFF;:DISP:WIND:TEXT2:DATA:FMSD:STAT OFF;:FUNC:DCR:RANG:VAL 100;:FUNC:IMP:RANG:VAL 100;:OUTP:DC:ISOL:LEV:VAL 0.02;:OUTP:DC:ISOL:STAT OFF;:FUNC:DCR:RANG:AUTO ON;:FUNC:IMP:RANG:AUTO ON;:OUTP:DC:ISOL:LEV:AUTO ON;:DISP:PAGE MEASurement;
"
2005.0,9.798377427e-07,100.0195662,0.00500284,0.500381
2005.0,9.822245311e-07,100.0198037,0.00500274,0.500375
2005.0,9.875284783e-07,100.0195384,0.00500284,0.500382
2005.0,9.678953338e-07,100.0195873,0.00500276,0.500378
2005.0,9.725371878e-07,100.0196019,0.00500282,0.500383
2005.0,9.753371399e-07,100.0195593,0.00500282,0.500377
2005.0,9.699359548e-07,100.0194821,0.0050028,0.500379
2005.0,9.740590358e-07,100.0196815,0.00500276,0.500384
2005.0,1.001326936e-06,100.0195826,0.00500285,0.500377
2005.0,9.704539966e-07,100.0195713,0.00500279,0.500374
2005.0,9.785619498e-07,100.0194558,0.00500276,0.500376
2005.0,9.623948447e-07,100.0195678,0.0050028,0.500379
2005.0,9.579787973e-07,100.0196707,0.00500275,0.500374
2005.0,9.722556069e-07,100.0197029,0.00500272,0.500379
2005.0,9.566927513e-07,100.0194793,0.00500277,0.500371
2005.0,9.989875032e-07,100.0194518,0.00500274,0.500373
Freq,2005,Rs,100.0195814125,9.603554116357668e-05,Ls,9.75500486875e-07,1.2662010812899319e-08
":SOUR:DCS:STAT OFF;:BIAS:STAT OFF;:COMP:BIN:COUN:CLE;:LIST:CLE:ALL;:COMP:BIN:CLE;:AMPL:ALC OFF;:APER LONG,1;:BIAS:POL:AUTO OFF;:BIAS:RANG:AUTO ON;:BIAS:VOLT:LEV 0;:COMP:ABIN OFF;:COMP:BIN:COUN:STAT OFF;:COMP:MODE PTOL;:COMP:SLIM -9.9e+037,9.9e+037;:COMP:STAT OFF;:COMP:SWAP OFF;:COMP:TOL:NOM 0;:DISP:ENAB ON;:DISP:LINE """";:DISP:WIND:TEXT1:DATA:FMSD:DATA 1e-009;:DISP:WIND:TEXT2:DATA:FMSD:DATA 1e-009;:FORM:ASC:LONG ON;:FORM:BORD NORM;:FORM:DATA ASC,64;:FREQ:CW 2005;:FUNC:DEV1:MODE OFF;:FUNC:DEV1:REF:VAL 0;:FUNC:DEV2:MODE OFF;:FUNC:DEV2:REF:VAL 0;:FUNC:IMP:TYPE LSRS;:FUNC:SMON:IDC:STAT OFF;:FUNC:SMON:VDC:STAT OFF;:INIT:CONT OFF;:LIST:MODE SEQ;:LIST:STIM:TYPE FREQ,NONE;:SOUR:DCS:VOLT:LEV 0;:TRIG:DEL 0;:TRIG:SOUR INT;:TRIG:TDEL 0;:VOLT:LEV 1;:DISP:WIND:TEXT1:DATA:FMSD:STAT OFF;:DISP:WIND:TEXT2:DATA:FMSD:STAT OFF;:FUNC:DCR:RANG:VAL 100;:FUNC:IMP:RANG:VAL 100;:OUTP:DC:ISOL:LEV:VAL 0.02;:OUTP:DC:ISOL:STAT OFF;:FUNC:DCR:RANG:AUTO ON;:FUNC:IMP:RANG:AUTO ON;:OUTP:DC:ISOL:LEV:AUTO ON;:DISP:PAGE MEASurement;
"
3005.0,9.673636504e-07,100.0195056,0.00500447,0.500539
3005.0,9.739971422e-07,100.0193321,0.00500447,0.500541
3005.0,9.792986993e-07,100.019451,0.00500448,0.500548
3005.0,9.634783527e-07,100.0194656,0.00500443,0.500545
3005.0,9.761703691e-07,100.0196988,0.00500446,0.500542
3005.0,9.70862242e-07,100.0194151,0.00500443,0.500544
3005.0,9.795079124e-07,100.0196021,0.00500451,0.50054
3005.0,9.721730605e-07,100.0194371,0.0050044,0.500539
3005.0,9.800502882e-07,100.0195697,0.00500448,0.500544
3005.0,9.75206348e-07,100.0196446,0.00500448,0.500546
3005.0,9.68985315e-07,100.0195148,0.00500444,0.500538
3005.0,9.747889227e-07,100.0195886,0.00500446,0.500546
3005.0,9.856118591e-07,100.0197766,0.00500448,0.500543
3005.0,9.719410925e-07,100.0195021,0.00500439,0.500544
3005.0,9.796152801e-07,100.0194568,0.00500439,0.500544
3005.0,9.682050732e-07,100.0195524,0.00500448,0.500551
Freq,3005,Rs,100.0195320625,0.000112968596668888,Ls,9.742034754625e-07,5.764306636086955e-09
":SOUR:DCS:STAT OFF;:BIAS:STAT OFF;:COMP:BIN:COUN:CLE;:LIST:CLE:ALL;:COMP:BIN:CLE;:AMPL:ALC OFF;:APER LONG,1;:BIAS:POL:AUTO OFF;:BIAS:RANG:AUTO ON;:BIAS:VOLT:LEV 0;:COMP:ABIN OFF;:COMP:BIN:COUN:STAT OFF;:COMP:MODE PTOL;:COMP:SLIM -9.9e+037,9.9e+037;:COMP:STAT OFF;:COMP:SWAP OFF;:COMP:TOL:NOM 0;:DISP:ENAB ON;:DISP:LINE """";:DISP:WIND:TEXT1:DATA:FMSD:DATA 1e-009;:DISP:WIND:TEXT2:DATA:FMSD:DATA 1e-009;:FORM:ASC:LONG ON;:FORM:BORD NORM;:FORM:DATA ASC,64;:FREQ:CW 3005;:FUNC:DEV1:MODE OFF;:FUNC:DEV1:REF:VAL 0;:FUNC:DEV2:MODE OFF;:FUNC:DEV2:REF:VAL 0;:FUNC:IMP:TYPE LSRS;:FUNC:SMON:IDC:STAT OFF;:FUNC:SMON:VDC:STAT OFF;:INIT:CONT OFF;:LIST:MODE SEQ;:LIST:STIM:TYPE FREQ,NONE;:SOUR:DCS:VOLT:LEV 0;:TRIG:DEL 0;:TRIG:SOUR INT;:TRIG:TDEL 0;:VOLT:LEV 1;:DISP:WIND:TEXT1:DATA:FMSD:STAT OFF;:DISP:WIND:TEXT2:DATA:FMSD:STAT OFF;:FUNC:DCR:RANG:VAL 100;:FUNC:IMP:RANG:VAL 100;:OUTP:DC:ISOL:LEV:VAL 0.02;:OUTP:DC:ISOL:STAT OFF;:FUNC:DCR:RANG:AUTO ON;:FUNC:IMP:RANG:AUTO ON;:OUTP:DC:ISOL:LEV:AUTO ON;:DISP:PAGE MEASurement;
"
4005.0,9.889684544e-07,100.0214308,0.0050059,0.500695
4005.0,9.731215122e-07,100.0209951,0.00500589,0.500698
4005.0,9.626024672e-07,100.0214328,0.00500588,0.50069
4005.0,9.792578712e-07,100.0214342,0.00500582,0.500687
4005.0,9.758377473e-07,100.0211665,0.00500586,0.500682
4005.0,9.789093488e-07,100.0214385,0.00500577,0.500692
4005.0,9.825209729e-07,100.0217578,0.00500584,0.500687
4005.0,9.794156549e-07,100.0213804,0.00500581,0.500685
4005.0,9.707517186e-07,100.0211595,0.00500575,0.500685
4005.0,9.799941951e-07,100.0211829,0.00500582,0.500687
4005.0,9.806132106e-07,100.0214994,0.00500579,0.500688
4005.0,9.871561602e-07,100.0211387,0.00500582,0.500688
4005.0,9.8016295e-07,100.0210805,0.0050058,0.500692
4005.0,9.910899848e-07,100.0212419,0.00500584,0.500688
4005.0,9.77710879e-07,100.0208847,0.00500577,0.50068
4005.0,9.860212479e-07,100.0211801,0.00500572,0.50068
Freq,4005,Rs,100.02127523749999,0.00022008989034982083,Ls,9.796333984437501e-07,7.0976952631776255e-09
":SOUR:DCS:STAT OFF;:BIAS:STAT OFF;:COMP:BIN:COUN:CLE;:LIST:CLE:ALL;:COMP:BIN:CLE;:AMPL:ALC OFF;:APER LONG,1;:BIAS:POL:AUTO OFF;:BIAS:RANG:AUTO ON;:BIAS:VOLT:LEV 0;:COMP:ABIN OFF;:COMP:BIN:COUN:STAT OFF;:COMP:MODE PTOL;:COMP:SLIM -9.9e+037,9.9e+037;:COMP:STAT OFF;:COMP:SWAP OFF;:COMP:TOL:NOM 0;:DISP:ENAB ON;:DISP:LINE """";:DISP:WIND:TEXT1:DATA:FMSD:DATA 1e-009;:DISP:WIND:TEXT2:DATA:FMSD:DATA 1e-009;:FORM:ASC:LONG ON;:FORM:BORD NORM;:FORM:DATA ASC,64;:FREQ:CW 4005;:FUNC:DEV1:MODE OFF;:FUNC:DEV1:REF:VAL 0;:FUNC:DEV2:MODE OFF;:FUNC:DEV2:REF:VAL 0;:FUNC:IMP:TYPE LSRS;:FUNC:SMON:IDC:STAT OFF;:FUNC:SMON:VDC:STAT OFF;:INIT:CONT OFF;:LIST:MODE SEQ;:LIST:STIM:TYPE FREQ,NONE;:SOUR:DCS:VOLT:LEV 0;:TRIG:DEL 0;:TRIG:SOUR INT;:TRIG:TDEL 0;:VOLT:LEV 1;:DISP:WIND:TEXT1:DATA:FMSD:STAT OFF;:DISP:WIND:TEXT2:DATA:FMSD:STAT OFF;:FUNC:DCR:RANG:VAL 100;:FUNC:IMP:RANG:VAL 100;:OUTP:DC:ISOL:LEV:VAL 0.02;:OUTP:DC:ISOL:STAT OFF;:FUNC:DCR:RANG:AUTO ON;:FUNC:IMP:RANG:AUTO ON;:OUTP:DC:ISOL:LEV:AUTO ON;:DISP:PAGE MEASurement;
"
5005.0,9.675315852e-07,100.0195167,0.00499944,0.500039
5005.0,9.63544042e-07,100.0196677,0.00499941,0.50004
5005.0,9.609922654e-07,100.0197925,0.00499943,0.500039
5005.0,9.639895634e-07,100.0196815,0.00499943,0.500036
5005.0,9.746264472e-07,100.0197103,0.0049994,0.500042
5005.0,9.706350492e-07,100.0193562,0.00499953,0.500046
5005.0,9.619787061e-07,100.019365,0.00499943,0.500035
5005.0,9.630793205e-07,100.019665,0.00499945,0.500045
5005.0,9.629437574e-07,100.0192105,0.00499948,0.500042
5005.0,9.687424683e-07,100.0198584,0.00499942,0.500039
5005.0,9.651428292e-07,100.0196642,0.0049994,0.50004
5005.0,9.617211329e-07,100.0195393,0.00499944,0.500047
5005.0,9.650159619e-07,100.019646,0.00499937,0.500039
5005.0,9.688233011e-07,100.0191998,0.00499947,0.500039
5005.0,9.756112549e-07,100.0194093,0.00499941,0.500037
5005.0,9.673691624e-07,100.0195634,0.00499938,0.500042
Freq,5005,Rs,100.0195528625,0.0001961280427851628,Ls,9.6635917794375e-07,4.435676816133888e-09
":SOUR:DCS:STAT OFF;:BIAS:STAT OFF;:COMP:BIN:COUN:CLE;:LIST:CLE:ALL;:COMP:BIN:CLE;:AMPL:ALC OFF;:APER LONG,1;:BIAS:POL:AUTO OFF;:BIAS:RANG:AUTO ON;:BIAS:VOLT:LEV 0;:COMP:ABIN OFF;:COMP:BIN:COUN:STAT OFF;:COMP:MODE PTOL;:COMP:SLIM -9.9e+037,9.9e+037;:COMP:STAT OFF;:COMP:SWAP OFF;:COMP:TOL:NOM 0;:DISP:ENAB ON;:DISP:LINE """";:DISP:WIND:TEXT1:DATA:FMSD:DATA 1e-009;:DISP:WIND:TEXT2:DATA:FMSD:DATA 1e-009;:FORM:ASC:LONG ON;:FORM:BORD NORM;:FORM:DATA ASC,64;:FREQ:CW 5005;:FUNC:DEV1:MODE OFF;:FUNC:DEV1:REF:VAL 0;:FUNC:DEV2:MODE OFF;:FUNC:DEV2:REF:VAL 0;:FUNC:IMP:TYPE LSRS;:FUNC:SMON:IDC:STAT OFF;:FUNC:SMON:VDC:STAT OFF;:INIT:CONT OFF;:LIST:MODE SEQ;:LIST:STIM:TYPE FREQ,NONE;:SOUR:DCS:VOLT:LEV 0;:TRIG:DEL 0;:TRIG:SOUR INT;:TRIG:TDEL 0;:VOLT:LEV 1;:DISP:WIND:TEXT1:DATA:FMSD:STAT OFF;:DISP:WIND:TEXT2:DATA:FMSD:STAT OFF;:FUNC:DCR:RANG:VAL 100;:FUNC:IMP:RANG:VAL 100;:OUTP:DC:ISOL:LEV:VAL 0.02;:OUTP:DC:ISOL:STAT OFF;:FUNC:DCR:RANG:AUTO ON;:FUNC:IMP:RANG:AUTO ON;:OUTP:DC:ISOL:LEV:AUTO ON;:DISP:PAGE MEASurement;
"
8005.0,9.634404977e-07,100.0196264,0.00500382,0.500481
8005.0,9.610685058e-07,100.0200731,0.00500377,0.500482
8005.0,9.585100567e-07,100.0196543,0.00500383,0.500479
8005.0,9.616492008e-07,100.0191941,0.00500379,0.50048
8005.0,9.625033507e-07,100.0202886,0.00500381,0.50048
8005.0,9.654437813e-07,100.0193988,0.00500382,0.500478
8005.0,9.578622578e-07,100.0193871,0.00500385,0.500488
8005.0,9.659021327e-07,100.0198791,0.00500374,0.500475
8005.0,9.634369193e-07,100.0197244,0.00500386,0.500481
8005.0,9.599829306e-07,100.0196899,0.00500386,0.500484
8005.0,9.613231395e-07,100.0196707,0.00500378,0.500473
8005.0,9.574857448e-07,100.0193727,0.00500372,0.500471
8005.0,9.636642278e-07,100.0195116,0.00500372,0.500478
8005.0,9.640730428e-07,100.0196747,0.00500379,0.500479
8005.0,9.609770587e-07,100.0192878,0.0050038,0.500483
8005.0,9.629441996e-07,100.0191462,0.0050038,0.500474
Freq,8005,Rs,100.01959871875,0.00030844678680698093,Ls,9.618916904125002e-07,2.5231376525136477e-09
":SOUR:DCS:STAT OFF;:BIAS:STAT OFF;:COMP:BIN:COUN:CLE;:LIST:CLE:ALL;:COMP:BIN:CLE;:AMPL:ALC OFF;:APER LONG,1;:BIAS:POL:AUTO OFF;:BIAS:RANG:AUTO ON;:BIAS:VOLT:LEV 0;:COMP:ABIN OFF;:COMP:BIN:COUN:STAT OFF;:COMP:MODE PTOL;:COMP:SLIM -9.9e+037,9.9e+037;:COMP:STAT OFF;:COMP:SWAP OFF;:COMP:TOL:NOM 0;:DISP:ENAB ON;:DISP:LINE """";:DISP:WIND:TEXT1:DATA:FMSD:DATA 1e-009;:DISP:WIND:TEXT2:DATA:FMSD:DATA 1e-009;:FORM:ASC:LONG ON;:FORM:BORD NORM;:FORM:DATA ASC,64;:FREQ:CW 8005;:FUNC:DEV1:MODE OFF;:FUNC:DEV1:REF:VAL 0;:FUNC:DEV2:MODE OFF;:FUNC:DEV2:REF:VAL 0;:FUNC:IMP:TYPE LSRS;:FUNC:SMON:IDC:STAT OFF;:FUNC:SMON:VDC:STAT OFF;:INIT:CONT OFF;:LIST:MODE SEQ;:LIST:STIM:TYPE FREQ,NONE;:SOUR:DCS:VOLT:LEV 0;:TRIG:DEL 0;:TRIG:SOUR INT;:TRIG:TDEL 0;:VOLT:LEV 1;:DISP:WIND:TEXT1:DATA:FMSD:STAT OFF;:DISP:WIND:TEXT2:DATA:FMSD:STAT OFF;:FUNC:DCR:RANG:VAL 100;:FUNC:IMP:RANG:VAL 100;:OUTP:DC:ISOL:LEV:VAL 0.02;:OUTP:DC:ISOL:STAT OFF;:FUNC:DCR:RANG:AUTO ON;:FUNC:IMP:RANG:AUTO ON;:OUTP:DC:ISOL:LEV:AUTO ON;:DISP:PAGE MEASurement;
"
10005.0,9.637484721e-07,100.0191479,0.00500374,0.500467
10005.0,9.600737412e-07,100.0198518,0.00500368,0.500476
10005.0,9.563215606e-07,100.0191014,0.00500372,0.500475
10005.0,9.583592221e-07,100.0191865,0.00500369,0.500466
10005.0,9.570009336e-07,100.0190392,0.00500374,0.500473
10005.0,9.608056634e-07,100.019599,0.00500368,0.500467
10005.0,9.588572459e-07,100.0195457,0.00500374,0.500463
10005.0,9.610650471e-07,100.0198204,0.00500376,0.500472
10005.0,9.567804054e-07,100.0196965,0.00500373,0.500465
10005.0,9.589183156e-07,100.0193481,0.00500372,0.500465
10005.0,9.591821881e-07,100.0191974,0.00500373,0.500466
10005.0,9.592419053e-07,100.0194453,0.00500371,0.500469
10005.0,9.681354135e-07,100.0195828,0.00500375,0.500469
10005.0,9.636346037e-07,100.0197402,0.0050037,0.500467
10005.0,9.567779483e-07,100.019604,0.00500369,0.500461
10005.0,9.587979703e-07,100.0193799,0.00500372,0.500468
Freq,10005,Rs,100.01945538125,0.0002640665855903206,Ls,9.598562897625e-07,3.120191833296447e-09
":SOUR:DCS:STAT OFF;:BIAS:STAT OFF;:COMP:BIN:COUN:CLE;:LIST:CLE:ALL;:COMP:BIN:CLE;:AMPL:ALC OFF;:APER LONG,1;:BIAS:POL:AUTO OFF;:BIAS:RANG:AUTO ON;:BIAS:VOLT:LEV 0;:COMP:ABIN OFF;:COMP:BIN:COUN:STAT OFF;:COMP:MODE PTOL;:COMP:SLIM -9.9e+037,9.9e+037;:COMP:STAT OFF;:COMP:SWAP OFF;:COMP:TOL:NOM 0;:DISP:ENAB ON;:DISP:LINE """";:DISP:WIND:TEXT1:DATA:FMSD:DATA 1e-009;:DISP:WIND:TEXT2:DATA:FMSD:DATA 1e-009;:FORM:ASC:LONG ON;:FORM:BORD NORM;:FORM:DATA ASC,64;:FREQ:CW 10010;:FUNC:DEV1:MODE OFF;:FUNC:DEV1:REF:VAL 0;:FUNC:DEV2:MODE OFF;:FUNC:DEV2:REF:VAL 0;:FUNC:IMP:TYPE LSRS;:FUNC:SMON:IDC:STAT OFF;:FUNC:SMON:VDC:STAT OFF;:INIT:CONT OFF;:LIST:MODE SEQ;:LIST:STIM:TYPE FREQ,NONE;:SOUR:DCS:VOLT:LEV 0;:TRIG:DEL 0;:TRIG:SOUR INT;:TRIG:TDEL 0;:VOLT:LEV 1;:DISP:WIND:TEXT1:DATA:FMSD:STAT OFF;:DISP:WIND:TEXT2:DATA:FMSD:STAT OFF;:FUNC:DCR:RANG:VAL 100;:FUNC:IMP:RANG:VAL 100;:OUTP:DC:ISOL:LEV:VAL 0.02;:OUTP:DC:ISOL:STAT OFF;:FUNC:DCR:RANG:AUTO ON;:FUNC:IMP:RANG:AUTO ON;:OUTP:DC:ISOL:LEV:AUTO ON;:DISP:PAGE MEASurement;
"
15005.0,9.538215029e-07,100.019345,0.00500218,0.500322
15005.0,9.522783017e-07,100.0199147,0.00500226,0.50032
15005.0,9.556358656e-07,100.0197394,0.00500223,0.500321
15005.0,9.528875812e-07,100.019966,0.00500211,0.500316
15005.0,9.545250541e-07,100.0193656,0.00500221,0.500316
15005.0,9.545540519e-07,100.0200242,0.00500222,0.500316
15005.0,9.533555143e-07,100.0197018,0.00500217,0.500316
15005.0,9.537410239e-07,100.0196566,0.00500222,0.500327
15005.0,9.552568686e-07,100.0200272,0.00500222,0.500323
15005.0,9.516729041e-07,100.0196945,0.00500218,0.500323
15005.0,9.559244447e-07,100.0191299,0.00500221,0.50032
15005.0,9.555647636e-07,100.0199345,0.00500224,0.500319
15005.0,9.564797429e-07,100.0195493,0.00500232,0.500329
15005.0,9.543232827e-07,100.0196579,0.00500227,0.500332
15005.0,9.541693515e-07,100.0196235,0.00500224,0.500325
15005.0,9.530002489e-07,100.0196957,0.00500233,0.500327
Freq,15005,Rs,100.01968911249999,0.0002554468813021266,Ls,9.541994064125e-07,1.3605734686613138e-09
":SOUR:DCS:STAT OFF;:BIAS:STAT OFF;:COMP:BIN:COUN:CLE;:LIST:CLE:ALL;:COMP:BIN:CLE;:AMPL:ALC OFF;:APER LONG,1;:BIAS:POL:AUTO OFF;:BIAS:RANG:AUTO ON;:BIAS:VOLT:LEV 0;:COMP:ABIN OFF;:COMP:BIN:COUN:STAT OFF;:COMP:MODE PTOL;:COMP:SLIM -9.9e+037,9.9e+037;:COMP:STAT OFF;:COMP:SWAP OFF;:COMP:TOL:NOM 0;:DISP:ENAB ON;:DISP:LINE """";:DISP:WIND:TEXT1:DATA:FMSD:DATA 1e-009;:DISP:WIND:TEXT2:DATA:FMSD:DATA 1e-009;:FORM:ASC:LONG ON;:FORM:BORD NORM;:FORM:DATA ASC,64;:FREQ:CW 15010;:FUNC:DEV1:MODE OFF;:FUNC:DEV1:REF:VAL 0;:FUNC:DEV2:MODE OFF;:FUNC:DEV2:REF:VAL 0;:FUNC:IMP:TYPE LSRS;:FUNC:SMON:IDC:STAT OFF;:FUNC:SMON:VDC:STAT OFF;:INIT:CONT OFF;:LIST:MODE SEQ;:LIST:STIM:TYPE FREQ,NONE;:SOUR:DCS:VOLT:LEV 0;:TRIG:DEL 0;:TRIG:SOUR INT;:TRIG:TDEL 0;:VOLT:LEV 1;:DISP:WIND:TEXT1:DATA:FMSD:STAT OFF;:DISP:WIND:TEXT2:DATA:FMSD:STAT OFF;:FUNC:DCR:RANG:VAL 100;:FUNC:IMP:RANG:VAL 100;:OUTP:DC:ISOL:LEV:VAL 0.02;:OUTP:DC:ISOL:STAT OFF;:FUNC:DCR:RANG:AUTO ON;:FUNC:IMP:RANG:AUTO ON;:OUTP:DC:ISOL:LEV:AUTO ON;:DISP:PAGE MEASurement;
"
20005.0,9.51649101e-07,100.0200026,0.00500902,0.500998
20005.0,9.549838446e-07,100.0190558,0.00500901,0.501004
20005.0,9.556105016e-07,100.0198063,0.00500907,0.501003
20005.0,9.554354833e-07,100.0198065,0.00500904,0.501004
20005.0,9.570135632e-07,100.0199203,0.00500904,0.501003
20005.0,9.55910816e-07,100.0196905,0.00500895,0.501001
20005.0,9.50980057e-07,100.0191978,0.00500902,0.500996
20005.0,9.547714951e-07,100.0194245,0.00500903,0.501002
20005.0,9.544470199e-07,100.0198386,0.00500908,0.501012
20005.0,9.523556578e-07,100.0196937,0.00500902,0.501001
20005.0,9.557288357e-07,100.0199358,0.00500906,0.501006
20005.0,9.541791821e-07,100.0200044,0.00500903,0.501007
20005.0,9.552275825e-07,100.0197842,0.00500907,0.501
20005.0,9.515111834e-07,100.0198356,0.00500905,0.500999
20005.0,9.536316161e-07,100.0198173,0.00500903,0.500997
20005.0,9.540751799e-07,100.0196578,0.00500906,0.501001
Freq,20005,Rs,100.01971698125,0.00027201026259650063,Ls,9.5421944495e-07,1.7624554980103568e-09
":SOUR:DCS:STAT OFF;:BIAS:STAT OFF;:COMP:BIN:COUN:CLE;:LIST:CLE:ALL;:COMP:BIN:CLE;:AMPL:ALC OFF;:APER LONG,1;:BIAS:POL:AUTO OFF;:BIAS:RANG:AUTO ON;:BIAS:VOLT:LEV 0;:COMP:ABIN OFF;:COMP:BIN:COUN:STAT OFF;:COMP:MODE PTOL;:COMP:SLIM -9.9e+037,9.9e+037;:COMP:STAT OFF;:COMP:SWAP OFF;:COMP:TOL:NOM 0;:DISP:ENAB ON;:DISP:LINE """";:DISP:WIND:TEXT1:DATA:FMSD:DATA 1e-009;:DISP:WIND:TEXT2:DATA:FMSD:DATA 1e-009;:FORM:ASC:LONG ON;:FORM:BORD NORM;:FORM:DATA ASC,64;:FREQ:CW 20010;:FUNC:DEV1:MODE OFF;:FUNC:DEV1:REF:VAL 0;:FUNC:DEV2:MODE OFF;:FUNC:DEV2:REF:VAL 0;:FUNC:IMP:TYPE LSRS;:FUNC:SMON:IDC:STAT OFF;:FUNC:SMON:VDC:STAT OFF;:INIT:CONT OFF;:LIST:MODE SEQ;:LIST:STIM:TYPE FREQ,NONE;:SOUR:DCS:VOLT:LEV 0;:TRIG:DEL 0;:TRIG:SOUR INT;:TRIG:TDEL 0;:VOLT:LEV 1;:DISP:WIND:TEXT1:DATA:FMSD:STAT OFF;:DISP:WIND:TEXT2:DATA:FMSD:STAT OFF;:FUNC:DCR:RANG:VAL 100;:FUNC:IMP:RANG:VAL 100;:OUTP:DC:ISOL:LEV:VAL 0.02;:OUTP:DC:ISOL:STAT OFF;:FUNC:DCR:RANG:AUTO ON;:FUNC:IMP:RANG:AUTO ON;:OUTP:DC:ISOL:LEV:AUTO ON;:DISP:PAGE MEASurement;
"
30005.0,9.602421955e-07,100.0199454,0.00499406,0.499486
30005.0,9.601905434e-07,100.0193008,0.00499391,0.499486
30005.0,9.600126831e-07,100.0200128,0.00499391,0.499485
30005.0,9.600076486e-07,100.0194901,0.00499393,0.499492
30005.0,9.597400116e-07,100.0193359,0.00499391,0.49948
30005.0,9.606341485e-07,100.0195767,0.00499377,0.499478
30005.0,9.61326789e-07,100.0193772,0.00499383,0.499476
30005.0,9.578692674e-07,100.019487,0.00499392,0.499477
30005.0,9.608708324e-07,100.0197421,0.00499377,0.499466
30005.0,9.595260858e-07,100.0193756,0.00499371,0.499471
30005.0,9.608074153e-07,100.0198799,0.00499371,0.499473
30005.0,9.607855584e-07,100.0198762,0.00499369,0.499467
30005.0,9.611062249e-07,100.0193867,0.00499385,0.499486
30005.0,9.596877198e-07,100.0193165,0.00499393,0.49949
30005.0,9.602635844e-07,100.0189987,0.00499386,0.499485
30005.0,9.606629797e-07,100.019298,0.00499381,0.499484
Freq,30005,Rs,100.019524975,0.00028725798277362655,Ls,9.602333554875002e-07,8.196045184454748e-10
":SOUR:DCS:STAT OFF;:BIAS:STAT OFF;:COMP:BIN:COUN:CLE;:LIST:CLE:ALL;:COMP:BIN:CLE;:AMPL:ALC OFF;:APER LONG,1;:BIAS:POL:AUTO OFF;:BIAS:RANG:AUTO ON;:BIAS:VOLT:LEV 0;:COMP:ABIN OFF;:COMP:BIN:COUN:STAT OFF;:COMP:MODE PTOL;:COMP:SLIM -9.9e+037,9.9e+037;:COMP:STAT OFF;:COMP:SWAP OFF;:COMP:TOL:NOM 0;:DISP:ENAB ON;:DISP:LINE """";:DISP:WIND:TEXT1:DATA:FMSD:DATA 1e-009;:DISP:WIND:TEXT2:DATA:FMSD:DATA 1e-009;:FORM:ASC:LONG ON;:FORM:BORD NORM;:FORM:DATA ASC,64;:FREQ:CW 30010;:FUNC:DEV1:MODE OFF;:FUNC:DEV1:REF:VAL 0;:FUNC:DEV2:MODE OFF;:FUNC:DEV2:REF:VAL 0;:FUNC:IMP:TYPE LSRS;:FUNC:SMON:IDC:STAT OFF;:FUNC:SMON:VDC:STAT OFF;:INIT:CONT OFF;:LIST:MODE SEQ;:LIST:STIM:TYPE FREQ,NONE;:SOUR:DCS:VOLT:LEV 0;:TRIG:DEL 0;:TRIG:SOUR INT;:TRIG:TDEL 0;:VOLT:LEV 1;:DISP:WIND:TEXT1:DATA:FMSD:STAT OFF;:DISP:WIND:TEXT2:DATA:FMSD:STAT OFF;:FUNC:DCR:RANG:VAL 100;:FUNC:IMP:RANG:VAL 100;:OUTP:DC:ISOL:LEV:VAL 0.02;:OUTP:DC:ISOL:STAT OFF;:FUNC:DCR:RANG:AUTO ON;:FUNC:IMP:RANG:AUTO ON;:OUTP:DC:ISOL:LEV:AUTO ON;:DISP:PAGE MEASurement;
"
":SOUR:DCS:STAT OFF;:BIAS:STAT OFF;:COMP:BIN:COUN:CLE;:LIST:CLE:ALL;:COMP:BIN:CLE;:AMPL:ALC OFF;:APER LONG,1;:BIAS:POL:AUTO OFF;:BIAS:RANG:AUTO ON;:BIAS:VOLT:LEV 0;:COMP:ABIN OFF;:COMP:BIN:COUN:STAT OFF;:COMP:MODE PTOL;:COMP:SLIM -9.9e+037,9.9e+037;:COMP:STAT OFF;:COMP:SWAP OFF;:COMP:TOL:NOM 0;:DISP:ENAB ON;:DISP:LINE """";:DISP:WIND:TEXT1:DATA:FMSD:DATA 1e-009;:DISP:WIND:TEXT2:DATA:FMSD:DATA 1e-009;:FORM:ASC:LONG ON;:FORM:BORD NORM;:FORM:DATA ASC,64;:FREQ:CW 30010;:FUNC:DEV1:MODE OFF;:FUNC:DEV1:REF:VAL 0;:FUNC:DEV2:MODE OFF;:FUNC:DEV2:REF:VAL 0;:FUNC:IMP:TYPE LSRS;:FUNC:SMON:IDC:STAT OFF;:FUNC:SMON:VDC:STAT OFF;:INIT:CONT OFF;:LIST:MODE SEQ;:LIST:STIM:TYPE FREQ,NONE;:SOUR:DCS:VOLT:LEV 0;:TRIG:DEL 0;:TRIG:SOUR INT;:TRIG:TDEL 0;:VOLT:LEV 1;:DISP:WIND:TEXT1:DATA:FMSD:STAT OFF;:DISP:WIND:TEXT2:DATA:FMSD:STAT OFF;:FUNC:DCR:RANG:VAL 100;:FUNC:IMP:RANG:VAL 100;:OUTP:DC:ISOL:LEV:VAL 0.02;:OUTP:DC:ISOL:STAT OFF;:FUNC:DCR:RANG:AUTO ON;:FUNC:IMP:RANG:AUTO ON;:OUTP:DC:ISOL:LEV:AUTO ON;:DISP:PAGE MEASurement;
"
2024-04-29,16:31:03
---------run finished---------
Frequency,Resistance,uR,Inductance,uL
20,100.0331937625,0.0005739187025769735,-0.0001634564793125,4.235161962235716e-06
30,100.027214125,0.00041429109975115087,-8.346850429750001e-05,2.288074037298644e-06
40,100.024903875,0.00034816952671636487,-5.0998940144375004e-05,1.2108093450731701e-06
55,100.02102851875,0.0003555436348626148,-2.6813224242499998e-05,7.019434459895432e-07
70,100.0188700875,0.0003618059680260399,-1.6837019299375e-05,5.756732105460706e-07
105,100.0189295,0.00031416499486637014,-7.7038042991875e-06,3.0274512713301523e-07
205,100.02103308125001,0.00021089301938512366,-6.5522761044375e-06,1.3783308855423858e-07
305,100.02037626875,0.00022398482900630288,-2.32585840125e-06,9.045849458855517e-08
505,100.01965909375,0.00015401964579799557,-3.093693219625e-07,6.215958156513093e-08
805,100.01868455625,0.00013419937887969644,4.2678982383125e-07,3.491682348552029e-08
1005,100.0192458,0.00020143636215988041,9.507643571687501e-07,3.403811473566362e-08
1205,100.025240325,0.00017616523871912126,1.1937145053749998e-06,2.2084068288566327e-08
1591.549,100.02325494375,0.00017689250584852737,1.0420604670625e-06,1.985332922681284e-08
1805,100.0226534625,0.00011022492080604969,1.017881198325e-06,1.0774423614528602e-08
2005,100.0195814125,9.603554116357668e-05,9.75500486875e-07,1.2662010812899319e-08
3005,100.0195320625,0.000112968596668888,9.742034754625e-07,5.764306636086955e-09
4005,100.02127523749999,0.00022008989034982083,9.796333984437501e-07,7.0976952631776255e-09
5005,100.0195528625,0.0001961280427851628,9.6635917794375e-07,4.435676816133888e-09
8005,100.01959871875,0.00030844678680698093,9.618916904125002e-07,2.5231376525136477e-09
10005,100.01945538125,0.0002640665855903206,9.598562897625e-07,3.120191833296447e-09
15005,100.01968911249999,0.0002554468813021266,9.541994064125e-07,1.3605734686613138e-09
20005,100.01971698125,0.00027201026259650063,9.5421944495e-07,1.7624554980103568e-09
30005,100.019524975,0.00028725798277362655,9.602333554875002e-07,8.196045184454748e-10
lcr name:,KeySight E4980A
Name and description of Resistor under test: ,BPO zero at end of short white BNC to BPO leads
2024-04-29,16:33:14
select the freq range,"[20, 30, 40, 55, 70, 105, 205, 305, 505, 805, 1005, 1205, 1591.549, 1805, 2005, 3005, 4005, 5005, 8005, 10005, 15005, 20005, 30005]"
20.0,-1.886343512e-08,1.2629054e-05,0.00999548,4.16838e-07
20.0,2.819742616e-07,4.067668173e-05,0.00999541,2.74988e-07
20.0,-9.243923235e-08,1.307877028e-05,0.00999542,5.61298e-07
20.0,-7.090203617e-09,3.079693524e-05,0.0099953,8.84024e-07
20.0,9.423345378e-08,6.545442947e-05,0.00999528,5.09755e-07
20.0,3.002135351e-07,-6.944376914e-06,0.00999534,1.77218e-07
20.0,-2.827098348e-07,2.93180899e-05,0.00999549,4.83337e-07
20.0,-9.199946792e-08,1.307428139e-05,0.00999534,4.82815e-07
20.0,1.737887765e-07,1.038930992e-05,0.00999528,4.25039e-07
20.0,1.739628985e-07,1.468434542e-05,0.00999538,3.70711e-07
20.0,-1.468565018e-07,3.076892577e-05,0.00999551,4.04498e-07
20.0,-8.258479734e-08,3.009263146e-05,0.00999536,3.92317e-07
20.0,8.656528872e-08,3.328355236e-06,0.00999554,2.73876e-07
20.0,5.003603513e-08,5.419809692e-06,0.00999542,3.24003e-07
20.0,-2.924090377e-07,-2.683359712e-05,0.0099953,2.50107e-08
20.0,2.815218372e-07,1.440721809e-05,0.00999541,3.89071e-07
Freq,20,Rs,1.7521303972750003e-05,2.086235927831308e-05,Ls,2.6708973492687493e-08,1.8762569209443293e-07
":SOUR:DCS:STAT OFF;:BIAS:STAT OFF;:COMP:BIN:COUN:CLE;:LIST:CLE:ALL;:COMP:BIN:CLE;:AMPL:ALC OFF;:APER LONG,1;:BIAS:POL:AUTO OFF;:BIAS:RANG:AUTO ON;:BIAS:VOLT:LEV 0;:COMP:ABIN OFF;:COMP:BIN:COUN:STAT OFF;:COMP:MODE PTOL;:COMP:SLIM -9.9e+037,9.9e+037;:COMP:STAT OFF;:COMP:SWAP OFF;:COMP:TOL:NOM 0;:DISP:ENAB ON;:DISP:LINE """";:DISP:WIND:TEXT1:DATA:FMSD:DATA 1e-009;:DISP:WIND:TEXT2:DATA:FMSD:DATA 1e-009;:FORM:ASC:LONG ON;:FORM:BORD NORM;:FORM:DATA ASC,64;:FREQ:CW 20;:FUNC:DEV1:MODE OFF;:FUNC:DEV1:REF:VAL 0;:FUNC:DEV2:MODE OFF;:FUNC:DEV2:REF:VAL 0;:FUNC:IMP:TYPE LSRS;:FUNC:SMON:IDC:STAT OFF;:FUNC:SMON:VDC:STAT OFF;:INIT:CONT OFF;:LIST:MODE SEQ;:LIST:STIM:TYPE FREQ,NONE;:SOUR:DCS:VOLT:LEV 0;:TRIG:DEL 0;:TRIG:SOUR INT;:TRIG:TDEL 0;:VOLT:LEV 1;:DISP:WIND:TEXT1:DATA:FMSD:STAT OFF;:DISP:WIND:TEXT2:DATA:FMSD:STAT OFF;:FUNC:DCR:RANG:VAL 100;:FUNC:IMP:RANG:VAL 1;:OUTP:DC:ISOL:LEV:VAL 0.02;:OUTP:DC:ISOL:STAT OFF;:FUNC:DCR:RANG:AUTO ON;:FUNC:IMP:RANG:AUTO ON;:OUTP:DC:ISOL:LEV:AUTO ON;:DISP:PAGE MEASurement;
"
30.0,1.09860076e-07,3.049569258e-05,0.00999969,3.52739e-07
30.0,-7.986437575e-08,4.702647395e-05,0.00999973,3.97453e-07
30.0,-1.736914325e-07,1.164150841e-05,0.00999984,3.26987e-07
30.0,7.58462681e-08,3.108590378e-05,0.00999989,2.21159e-07
30.0,5.678889834e-08,2.109962925e-05,0.00999967,4.19105e-07
30.0,1.32452459e-07,2.14925618e-05,0.00999971,2.23503e-07
30.0,-1.609093005e-07,2.763846315e-05,0.0099997,4.88425e-07
30.0,-8.955311031e-08,6.094329407e-05,0.0099997,4.04499e-07
30.0,4.59708225e-08,2.684717899e-05,0.00999973,2.04836e-07
30.0,6.0812626e-09,3.181289718e-05,0.00999975,9.13365e-08
30.0,-1.726922523e-08,4.855189482e-05,0.00999983,8.31474e-08
30.0,-5.651121246e-08,4.992374676e-05,0.00999973,4.43914e-07
30.0,-4.312306617e-08,2.04240792e-05,0.00999979,1.27278e-07
30.0,-1.306683298e-08,3.20863832e-05,0.00999987,6.60193e-07
30.0,1.316589894e-07,1.049065957e-05,0.00999993,2.70132e-07
30.0,-4.356166472e-08,1.969107203e-05,0.00999964,3.50581e-07
Freq,30,Rs,3.070321492125e-05,1.4311767029013327e-05,Ls,-7.430715292499999e-09,9.489283868359428e-08
":SOUR:DCS:STAT OFF;:BIAS:STAT OFF;:COMP:BIN:COUN:CLE;:LIST:CLE:ALL;:COMP:BIN:CLE;:AMPL:ALC OFF;:APER LONG,1;:BIAS:POL:AUTO OFF;:BIAS:RANG:AUTO ON;:BIAS:VOLT:LEV 0;:COMP:ABIN OFF;:COMP:BIN:COUN:STAT OFF;:COMP:MODE PTOL;:COMP:SLIM -9.9e+037,9.9e+037;:COMP:STAT OFF;:COMP:SWAP OFF;:COMP:TOL:NOM 0;:DISP:ENAB ON;:DISP:LINE """";:DISP:WIND:TEXT1:DATA:FMSD:DATA 1e-009;:DISP:WIND:TEXT2:DATA:FMSD:DATA 1e-009;:FORM:ASC:LONG ON;:FORM:BORD NORM;:FORM:DATA ASC,64;:FREQ:CW 30;:FUNC:DEV1:MODE OFF;:FUNC:DEV1:REF:VAL 0;:FUNC:DEV2:MODE OFF;:FUNC:DEV2:REF:VAL 0;:FUNC:IMP:TYPE LSRS;:FUNC:SMON:IDC:STAT OFF;:FUNC:SMON:VDC:STAT OFF;:INIT:CONT OFF;:LIST:MODE SEQ;:LIST:STIM:TYPE FREQ,NONE;:SOUR:DCS:VOLT:LEV 0;:TRIG:DEL 0;:TRIG:SOUR INT;:TRIG:TDEL 0;:VOLT:LEV 1;:DISP:WIND:TEXT1:DATA:FMSD:STAT OFF;:DISP:WIND:TEXT2:DATA:FMSD:STAT OFF;:FUNC:DCR:RANG:VAL 100;:FUNC:IMP:RANG:VAL 1;:OUTP:DC:ISOL:LEV:VAL 0.02;:OUTP:DC:ISOL:STAT OFF;:FUNC:DCR:RANG:AUTO ON;:FUNC:IMP:RANG:AUTO ON;:OUTP:DC:ISOL:LEV:AUTO ON;:DISP:PAGE MEASurement;
"
40.0,2.713463561e-08,7.202043803e-06,0.00999904,3.73329e-07
40.0,4.413675913e-08,3.620154381e-05,0.00999913,2.67077e-07
40.0,-1.098587492e-08,3.981303393e-05,0.00999914,1.52623e-07
40.0,6.579266487e-08,1.71532065e-05,0.00999915,1.57377e-07
40.0,6.888983998e-08,3.687607141e-05,0.00999913,4.59587e-07
40.0,1.613478609e-07,1.665967346e-05,0.00999905,2.44899e-07
40.0,8.146799132e-08,1.227452824e-05,0.00999895,1.45233e-07
40.0,4.023236292e-08,1.136965751e-05,0.00999901,3.86441e-07
40.0,1.361656755e-07,-5.992869817e-06,0.00999918,8.83193e-08
40.0,-1.060456287e-08,-3.815736674e-06,0.00999923,3.32139e-07
40.0,2.365969614e-08,1.431779357e-05,0.00999929,1.66742e-07
40.0,1.653271231e-07,-1.202158372e-06,0.00999925,1.12486e-07
40.0,4.96280589e-09,2.268352478e-05,0.00999931,3.91995e-07
40.0,8.410703741e-08,-7.233411417e-06,0.00999925,2.10309e-07
40.0,4.839855696e-08,2.429986877e-05,0.00999922,3.49467e-07
40.0,6.528389971e-08,1.545883051e-05,0.00999908,5.28785e-08
Freq,40,Rs,1.47541000008125e-05,1.489823424487493e-05,Ls,6.2207279478125e-08,5.446822498312551e-08
":SOUR:DCS:STAT OFF;:BIAS:STAT OFF;:COMP:BIN:COUN:CLE;:LIST:CLE:ALL;:COMP:BIN:CLE;:AMPL:ALC OFF;:APER LONG,1;:BIAS:POL:AUTO OFF;:BIAS:RANG:AUTO ON;:BIAS:VOLT:LEV 0;:COMP:ABIN OFF;:COMP:BIN:COUN:STAT OFF;:COMP:MODE PTOL;:COMP:SLIM -9.9e+037,9.9e+037;:COMP:STAT OFF;:COMP:SWAP OFF;:COMP:TOL:NOM 0;:DISP:ENAB ON;:DISP:LINE """";:DISP:WIND:TEXT1:DATA:FMSD:DATA 1e-009;:DISP:WIND:TEXT2:DATA:FMSD:DATA 1e-009;:FORM:ASC:LONG ON;:FORM:BORD NORM;:FORM:DATA ASC,64;:FREQ:CW 40;:FUNC:DEV1:MODE OFF;:FUNC:DEV1:REF:VAL 0;:FUNC:DEV2:MODE OFF;:FUNC:DEV2:REF:VAL 0;:FUNC:IMP:TYPE LSRS;:FUNC:SMON:IDC:STAT OFF;:FUNC:SMON:VDC:STAT OFF;:INIT:CONT OFF;:LIST:MODE SEQ;:LIST:STIM:TYPE FREQ,NONE;:SOUR:DCS:VOLT:LEV 0;:TRIG:DEL 0;:TRIG:SOUR INT;:TRIG:TDEL 0;:VOLT:LEV 1;:DISP:WIND:TEXT1:DATA:FMSD:STAT OFF;:DISP:WIND:TEXT2:DATA:FMSD:STAT OFF;:FUNC:DCR:RANG:VAL 100;:FUNC:IMP:RANG:VAL 1;:OUTP:DC:ISOL:LEV:VAL 0.02;:OUTP:DC:ISOL:STAT OFF;:FUNC:DCR:RANG:AUTO ON;:FUNC:IMP:RANG:AUTO ON;:OUTP:DC:ISOL:LEV:AUTO ON;:DISP:PAGE MEASurement;
"
55.0,-1.456688208e-07,1.445400336e-05,0.0100024,2.48887e-07
55.0,-1.299753364e-07,1.880681428e-05,0.0100023,2.98338e-07
55.0,3.268216669e-08,1.411373899e-05,0.0100022,3.41171e-07
55.0,-9.828990799e-09,-1.063813504e-05,0.0100023,1.81686e-07
55.0,-8.491466394e-08,1.164927412e-05,0.0100024,5.66813e-07
55.0,-4.623717556e-08,3.153168702e-05,0.0100023,3.96416e-07
55.0,-1.314703565e-07,1.890422657e-05,0.0100022,3.31154e-07
55.0,-1.149954593e-07,1.66521682e-05,0.0100023,3.62752e-07
55.0,-7.095739468e-10,-5.495755311e-06,0.0100023,2.1947e-07
55.0,-1.238484107e-07,1.009637963e-05,0.0100024,2.90803e-07
55.0,-8.748683279e-08,3.993580431e-05,0.0100024,3.70865e-07
55.0,-5.106704374e-08,2.005743774e-05,0.0100024,2.70415e-07
55.0,-6.964083802e-08,1.2347054e-05,0.0100024,2.98775e-07
55.0,-5.092878512e-08,8.745889073e-06,0.0100021,4.19973e-07
55.0,-9.36146329e-08,2.662899743e-05,0.0100024,4.27421e-07
55.0,-6.385861175e-08,5.186631039e-06,0.0100023,4.20539e-07
Freq,55,Rs,1.45610134631875e-05,1.2493955928072748e-05,Ls,-7.32227103484875e-08,5.114384866503516e-08
":SOUR:DCS:STAT OFF;:BIAS:STAT OFF;:COMP:BIN:COUN:CLE;:LIST:CLE:ALL;:COMP:BIN:CLE;:AMPL:ALC OFF;:APER LONG,1;:BIAS:POL:AUTO OFF;:BIAS:RANG:AUTO ON;:BIAS:VOLT:LEV 0;:COMP:ABIN OFF;:COMP:BIN:COUN:STAT OFF;:COMP:MODE PTOL;:COMP:SLIM -9.9e+037,9.9e+037;:COMP:STAT OFF;:COMP:SWAP OFF;:COMP:TOL:NOM 0;:DISP:ENAB ON;:DISP:LINE """";:DISP:WIND:TEXT1:DATA:FMSD:DATA 1e-009;:DISP:WIND:TEXT2:DATA:FMSD:DATA 1e-009;:FORM:ASC:LONG ON;:FORM:BORD NORM;:FORM:DATA ASC,64;:FREQ:CW 55;:FUNC:DEV1:MODE OFF;:FUNC:DEV1:REF:VAL 0;:FUNC:DEV2:MODE OFF;:FUNC:DEV2:REF:VAL 0;:FUNC:IMP:TYPE LSRS;:FUNC:SMON:IDC:STAT OFF;:FUNC:SMON:VDC:STAT OFF;:INIT:CONT OFF;:LIST:MODE SEQ;:LIST:STIM:TYPE FREQ,NONE;:SOUR:DCS:VOLT:LEV 0;:TRIG:DEL 0;:TRIG:SOUR INT;:TRIG:TDEL 0;:VOLT:LEV 1;:DISP:WIND:TEXT1:DATA:FMSD:STAT OFF;:DISP:WIND:TEXT2:DATA:FMSD:STAT OFF;:FUNC:DCR:RANG:VAL 100;:FUNC:IMP:RANG:VAL 1;:OUTP:DC:ISOL:LEV:VAL 0.02;:OUTP:DC:ISOL:STAT OFF;:FUNC:DCR:RANG:AUTO ON;:FUNC:IMP:RANG:AUTO ON;:OUTP:DC:ISOL:LEV:AUTO ON;:DISP:PAGE MEASurement;
"
70.0,-1.211164609e-08,1.71191355e-06,0.0100278,1.02909e-08
70.0,-1.710519203e-08,-1.16830559e-05,0.0100279,1.48725e-07
70.0,-3.873348847e-08,-5.282502031e-06,0.0100279,1.86916e-07
70.0,1.714433038e-08,-1.29695865e-06,0.0100278,2.07488e-07
70.0,1.204561536e-08,5.54227862e-06,0.0100279,1.79064e-07
70.0,-9.138973491e-09,8.679792896e-06,0.010028,1.22875e-07
70.0,-5.117748098e-08,-7.523552376e-06,0.0100279,8.20664e-08
70.0,-2.603258936e-08,1.607781436e-07,0.0100276,1.11862e-07
70.0,1.580045112e-08,-2.580649593e-05,0.0100276,7.44586e-08
70.0,-8.346468174e-10,-1.817279258e-06,0.0100277,2.30383e-07
70.0,-6.709853982e-08,1.545682852e-05,0.0100279,1.18282e-07
70.0,-2.014515104e-08,-2.024562213e-05,0.0100277,1.62067e-07
70.0,1.140454774e-08,-2.93565511e-06,0.0100278,1.66683e-07
70.0,-3.828360892e-08,-1.114542602e-05,0.0100277,2.79325e-07
70.0,-1.472974242e-08,-4.669030402e-06,0.0100279,1.28116e-07
70.0,-1.589622624e-10,-9.415810503e-06,0.0100279,4.54155e-07
Freq,70,Rs,-4.391862286275e-06,1.0277658209149108e-05,Ls,-1.49471923188e-08,2.4705360862855007e-08
":SOUR:DCS:STAT OFF;:BIAS:STAT OFF;:COMP:BIN:COUN:CLE;:LIST:CLE:ALL;:COMP:BIN:CLE;:AMPL:ALC OFF;:APER LONG,1;:BIAS:POL:AUTO OFF;:BIAS:RANG:AUTO ON;:BIAS:VOLT:LEV 0;:COMP:ABIN OFF;:COMP:BIN:COUN:STAT OFF;:COMP:MODE PTOL;:COMP:SLIM -9.9e+037,9.9e+037;:COMP:STAT OFF;:COMP:SWAP OFF;:COMP:TOL:NOM 0;:DISP:ENAB ON;:DISP:LINE """";:DISP:WIND:TEXT1:DATA:FMSD:DATA 1e-009;:DISP:WIND:TEXT2:DATA:FMSD:DATA 1e-009;:FORM:ASC:LONG ON;:FORM:BORD NORM;:FORM:DATA ASC,64;:FREQ:CW 70;:FUNC:DEV1:MODE OFF;:FUNC:DEV1:REF:VAL 0;:FUNC:DEV2:MODE OFF;:FUNC:DEV2:REF:VAL 0;:FUNC:IMP:TYPE LSRS;:FUNC:SMON:IDC:STAT OFF;:FUNC:SMON:VDC:STAT OFF;:INIT:CONT OFF;:LIST:MODE SEQ;:LIST:STIM:TYPE FREQ,NONE;:SOUR:DCS:VOLT:LEV 0;:TRIG:DEL 0;:TRIG:SOUR INT;:TRIG:TDEL 0;:VOLT:LEV 1;:DISP:WIND:TEXT1:DATA:FMSD:STAT OFF;:DISP:WIND:TEXT2:DATA:FMSD:STAT OFF;:FUNC:DCR:RANG:VAL 100;:FUNC:IMP:RANG:VAL 1;:OUTP:DC:ISOL:LEV:VAL 0.02;:OUTP:DC:ISOL:STAT OFF;:FUNC:DCR:RANG:AUTO ON;:FUNC:IMP:RANG:AUTO ON;:OUTP:DC:ISOL:LEV:AUTO ON;:DISP:PAGE MEASurement;
"
105.0,-1.901449505e-08,-3.708948724e-06,0.0100204,5.95766e-08
105.0,-8.347891988e-09,-1.281434087e-05,0.0100204,1.17638e-07
105.0,-1.327332106e-08,-2.447944877e-05,0.0100204,7.71866e-08
105.0,2.759224477e-08,-1.19797177e-05,0.0100205,1.98923e-07
105.0,-3.104465559e-08,-8.752722685e-06,0.0100204,1.68947e-07
105.0,4.635905672e-10,9.166614339e-06,0.0100204,1.45617e-07
105.0,-9.076150656e-09,-2.158662549e-05,0.0100203,1.06495e-07
105.0,-1.77286869e-09,-7.789122416e-06,0.0100204,7.35819e-08
105.0,-2.328744267e-09,-9.081060105e-06,0.0100204,2.5167e-07
105.0,1.091400514e-08,-1.370739655e-05,0.0100204,1.42058e-07
105.0,-9.160487442e-09,-1.131220608e-05,0.0100203,1.93603e-07
105.0,-2.343811566e-08,1.480732453e-05,0.0100202,4.84934e-08
105.0,1.697821196e-08,-9.039684639e-06,0.0100205,1.50698e-07
105.0,-1.734837054e-08,-1.770996972e-06,0.0100205,4.2359e-08
105.0,-3.118792604e-08,-4.516667063e-06,0.0100204,1.09322e-07
105.0,-2.445421654e-09,-1.079923343e-07,0.0100204,1.05703e-07
Freq,105,Rs,-7.29206197058125e-06,9.933342198506993e-06,Ls,-7.030649762487499e-09,1.6233846767768625e-08
":SOUR:DCS:STAT OFF;:BIAS:STAT OFF;:COMP:BIN:COUN:CLE;:LIST:CLE:ALL;:COMP:BIN:CLE;:AMPL:ALC OFF;:APER LONG,1;:BIAS:POL:AUTO OFF;:BIAS:RANG:AUTO ON;:BIAS:VOLT:LEV 0;:COMP:ABIN OFF;:COMP:BIN:COUN:STAT OFF;:COMP:MODE PTOL;:COMP:SLIM -9.9e+037,9.9e+037;:COMP:STAT OFF;:COMP:SWAP OFF;:COMP:TOL:NOM 0;:DISP:ENAB ON;:DISP:LINE """";:DISP:WIND:TEXT1:DATA:FMSD:DATA 1e-009;:DISP:WIND:TEXT2:DATA:FMSD:DATA 1e-009;:FORM:ASC:LONG ON;:FORM:BORD NORM;:FORM:DATA ASC,64;:FREQ:CW 105;:FUNC:DEV1:MODE OFF;:FUNC:DEV1:REF:VAL 0;:FUNC:DEV2:MODE OFF;:FUNC:DEV2:REF:VAL 0;:FUNC:IMP:TYPE LSRS;:FUNC:SMON:IDC:STAT OFF;:FUNC:SMON:VDC:STAT OFF;:INIT:CONT OFF;:LIST:MODE SEQ;:LIST:STIM:TYPE FREQ,NONE;:SOUR:DCS:VOLT:LEV 0;:TRIG:DEL 0;:TRIG:SOUR INT;:TRIG:TDEL 0;:VOLT:LEV 1;:DISP:WIND:TEXT1:DATA:FMSD:STAT OFF;:DISP:WIND:TEXT2:DATA:FMSD:STAT OFF;:FUNC:DCR:RANG:VAL 100;:FUNC:IMP:RANG:VAL 1;:OUTP:DC:ISOL:LEV:VAL 0.02;:OUTP:DC:ISOL:STAT OFF;:FUNC:DCR:RANG:AUTO ON;:FUNC:IMP:RANG:AUTO ON;:OUTP:DC:ISOL:LEV:AUTO ON;:DISP:PAGE MEASurement;
"
205.0,-1.533360685e-08,-4.710894316e-06,0.010013,9.17576e-08
205.0,-7.984651389e-09,1.907919213e-06,0.0100129,1.18311e-07
205.0,-1.201929235e-08,3.407592347e-06,0.010013,2.34112e-07
205.0,-5.700577338e-09,5.100243442e-06,0.010013,1.27124e-07
205.0,-4.885370782e-09,7.529789573e-06,0.0100131,1.60974e-07
205.0,-2.372849236e-09,7.044386241e-07,0.010013,2.05605e-07
205.0,-7.222056353e-09,1.008306992e-05,0.0100131,2.24842e-07
205.0,-1.670799025e-08,1.60983273e-05,0.0100131,1.21229e-07
205.0,-1.22821233e-08,-3.381572184e-06,0.010013,1.10053e-07
205.0,3.23231152e-09,2.029756157e-06,0.0100131,1.18706e-07
205.0,-1.015972031e-08,1.20223393e-05,0.0100132,1.1206e-07
205.0,-7.670417264e-09,-3.466383735e-06,0.0100131,9.39442e-08
205.0,-1.309563328e-08,-5.495807515e-06,0.010013,2.22808e-07
205.0,-1.406667045e-08,-9.142796792e-06,0.010013,6.09694e-08
205.0,-6.633577966e-10,1.348930367e-05,0.0100131,1.04764e-07
205.0,-9.712304968e-10,-9.382489454e-06,0.0100132,2.02819e-07
Freq,205,Rs,2.29955222188125e-06,7.969787378524549e-06,Ls,-7.993952245337501e-09,5.821213125775607e-09
":SOUR:DCS:STAT OFF;:BIAS:STAT OFF;:COMP:BIN:COUN:CLE;:LIST:CLE:ALL;:COMP:BIN:CLE;:AMPL:ALC OFF;:APER LONG,1;:BIAS:POL:AUTO OFF;:BIAS:RANG:AUTO ON;:BIAS:VOLT:LEV 0;:COMP:ABIN OFF;:COMP:BIN:COUN:STAT OFF;:COMP:MODE PTOL;:COMP:SLIM -9.9e+037,9.9e+037;:COMP:STAT OFF;:COMP:SWAP OFF;:COMP:TOL:NOM 0;:DISP:ENAB ON;:DISP:LINE """";:DISP:WIND:TEXT1:DATA:FMSD:DATA 1e-009;:DISP:WIND:TEXT2:DATA:FMSD:DATA 1e-009;:FORM:ASC:LONG ON;:FORM:BORD NORM;:FORM:DATA ASC,64;:FREQ:CW 205;:FUNC:DEV1:MODE OFF;:FUNC:DEV1:REF:VAL 0;:FUNC:DEV2:MODE OFF;:FUNC:DEV2:REF:VAL 0;:FUNC:IMP:TYPE LSRS;:FUNC:SMON:IDC:STAT OFF;:FUNC:SMON:VDC:STAT OFF;:INIT:CONT OFF;:LIST:MODE SEQ;:LIST:STIM:TYPE FREQ,NONE;:SOUR:DCS:VOLT:LEV 0;:TRIG:DEL 0;:TRIG:SOUR INT;:TRIG:TDEL 0;:VOLT:LEV 1;:DISP:WIND:TEXT1:DATA:FMSD:STAT OFF;:DISP:WIND:TEXT2:DATA:FMSD:STAT OFF;:FUNC:DCR:RANG:VAL 100;:FUNC:IMP:RANG:VAL 1;:OUTP:DC:ISOL:LEV:VAL 0.02;:OUTP:DC:ISOL:STAT OFF;:FUNC:DCR:RANG:AUTO ON;:FUNC:IMP:RANG:AUTO ON;:OUTP:DC:ISOL:LEV:AUTO ON;:DISP:PAGE MEASurement;
"
305.0,-3.488054408e-09,1.51142471e-06,0.0100199,1.30599e-08
305.0,-8.092340743e-10,2.963947906e-06,0.01002,4.35257e-08
305.0,1.507281273e-09,3.557420088e-06,0.0100198,1.0142e-07
305.0,2.547356475e-09,2.11234946e-06,0.0100198,1.94348e-07
305.0,9.440548329e-10,1.391473493e-05,0.01002,1.54149e-07
305.0,3.820895427e-09,1.965227243e-06,0.0100197,1.12338e-07
305.0,2.06655694e-09,6.693985999e-06,0.0100199,1.93329e-07
305.0,-8.229313492e-09,1.693589988e-06,0.0100198,1.09816e-07
305.0,-6.700590681e-10,3.740368818e-08,0.0100199,6.54086e-08
305.0,2.335019553e-09,4.610426214e-06,0.01002,6.37215e-08
305.0,-3.397828271e-09,4.906515911e-06,0.0100199,2.16086e-08
305.0,-4.341545655e-09,8.308410441e-06,0.0100199,8.05375e-08
305.0,-3.200137836e-09,5.888356839e-06,0.0100199,1.16634e-07
305.0,6.215153226e-09,2.969935802e-06,0.0100198,1.71186e-07
305.0,-4.570656081e-09,2.084313981e-06,0.0100197,1.21304e-07
305.0,-2.09277091e-09,1.002918337e-05,0.0100198,1.31294e-07
Freq,305,Rs,4.577951660636249e-06,3.658845075227652e-06,Ls,-7.1020512928125e-10,3.754374634917324e-09
":SOUR:DCS:STAT OFF;:BIAS:STAT OFF;:COMP:BIN:COUN:CLE;:LIST:CLE:ALL;:COMP:BIN:CLE;:AMPL:ALC OFF;:APER LONG,1;:BIAS:POL:AUTO OFF;:BIAS:RANG:AUTO ON;:BIAS:VOLT:LEV 0;:COMP:ABIN OFF;:COMP:BIN:COUN:STAT OFF;:COMP:MODE PTOL;:COMP:SLIM -9.9e+037,9.9e+037;:COMP:STAT OFF;:COMP:SWAP OFF;:COMP:TOL:NOM 0;:DISP:ENAB ON;:DISP:LINE """";:DISP:WIND:TEXT1:DATA:FMSD:DATA 1e-009;:DISP:WIND:TEXT2:DATA:FMSD:DATA 1e-009;:FORM:ASC:LONG ON;:FORM:BORD NORM;:FORM:DATA ASC,64;:FREQ:CW 305;:FUNC:DEV1:MODE OFF;:FUNC:DEV1:REF:VAL 0;:FUNC:DEV2:MODE OFF;:FUNC:DEV2:REF:VAL 0;:FUNC:IMP:TYPE LSRS;:FUNC:SMON:IDC:STAT OFF;:FUNC:SMON:VDC:STAT OFF;:INIT:CONT OFF;:LIST:MODE SEQ;:LIST:STIM:TYPE FREQ,NONE;:SOUR:DCS:VOLT:LEV 0;:TRIG:DEL 0;:TRIG:SOUR INT;:TRIG:TDEL 0;:VOLT:LEV 1;:DISP:WIND:TEXT1:DATA:FMSD:STAT OFF;:DISP:WIND:TEXT2:DATA:FMSD:STAT OFF;:FUNC:DCR:RANG:VAL 100;:FUNC:IMP:RANG:VAL 1;:OUTP:DC:ISOL:LEV:VAL 0.02;:OUTP:DC:ISOL:STAT OFF;:FUNC:DCR:RANG:AUTO ON;:FUNC:IMP:RANG:AUTO ON;:OUTP:DC:ISOL:LEV:AUTO ON;:DISP:PAGE MEASurement;
"
505.0,1.591404581e-09,5.595233092e-06,0.0100192,1.49058e-07
505.0,7.20508202e-10,4.983780232e-06,0.0100191,3.85936e-08
505.0,-8.942889056e-10,-5.853918597e-07,0.0100191,3.6193e-08
505.0,-1.249624949e-10,3.283165156e-07,0.0100191,1.59561e-07
505.0,-1.686704936e-09,-2.502079313e-06,0.0100192,5.22414e-08
505.0,1.725018849e-09,8.552123476e-06,0.0100191,9.10528e-08
505.0,-1.030061086e-09,1.877812388e-05,0.0100191,2.96081e-08
505.0,2.27863114e-09,2.498658607e-06,0.010019,1.54228e-07
505.0,-1.752819307e-10,1.854590535e-05,0.0100191,5.32653e-08
505.0,3.869465297e-12,9.941085875e-06,0.0100191,1.58503e-07
505.0,-2.2365775e-10,1.499738896e-05,0.0100191,6.51434e-08
505.0,4.130630511e-10,1.203142689e-05,0.0100193,7.47957e-08
505.0,2.830501034e-09,1.849583262e-06,0.0100191,9.59151e-08
505.0,1.255103868e-09,3.958429979e-06,0.0100191,3.54246e-08
505.0,2.209332331e-09,-4.279908471e-07,0.0100191,8.64225e-08
505.0,2.71306963e-09,9.259700919e-06,0.0100191,1.78868e-07
Freq,505,Rs,6.737768438612501e-06,6.762461639538424e-06,Ls,7.253465655123125e-10,1.4048292070251965e-09
":SOUR:DCS:STAT OFF;:BIAS:STAT OFF;:COMP:BIN:COUN:CLE;:LIST:CLE:ALL;:COMP:BIN:CLE;:AMPL:ALC OFF;:APER LONG,1;:BIAS:POL:AUTO OFF;:BIAS:RANG:AUTO ON;:BIAS:VOLT:LEV 0;:COMP:ABIN OFF;:COMP:BIN:COUN:STAT OFF;:COMP:MODE PTOL;:COMP:SLIM -9.9e+037,9.9e+037;:COMP:STAT OFF;:COMP:SWAP OFF;:COMP:TOL:NOM 0;:DISP:ENAB ON;:DISP:LINE """";:DISP:WIND:TEXT1:DATA:FMSD:DATA 1e-009;:DISP:WIND:TEXT2:DATA:FMSD:DATA 1e-009;:FORM:ASC:LONG ON;:FORM:BORD NORM;:FORM:DATA ASC,64;:FREQ:CW 505;:FUNC:DEV1:MODE OFF;:FUNC:DEV1:REF:VAL 0;:FUNC:DEV2:MODE OFF;:FUNC:DEV2:REF:VAL 0;:FUNC:IMP:TYPE LSRS;:FUNC:SMON:IDC:STAT OFF;:FUNC:SMON:VDC:STAT OFF;:INIT:CONT OFF;:LIST:MODE SEQ;:LIST:STIM:TYPE FREQ,NONE;:SOUR:DCS:VOLT:LEV 0;:TRIG:DEL 0;:TRIG:SOUR INT;:TRIG:TDEL 0;:VOLT:LEV 1;:DISP:WIND:TEXT1:DATA:FMSD:STAT OFF;:DISP:WIND:TEXT2:DATA:FMSD:STAT OFF;:FUNC:DCR:RANG:VAL 100;:FUNC:IMP:RANG:VAL 1;:OUTP:DC:ISOL:LEV:VAL 0.02;:OUTP:DC:ISOL:STAT OFF;:FUNC:DCR:RANG:AUTO ON;:FUNC:IMP:RANG:AUTO ON;:OUTP:DC:ISOL:LEV:AUTO ON;:DISP:PAGE MEASurement;
"
805.0,3.383865188e-10,5.452078996e-07,0.0100311,2.69312e-08
805.0,1.613681991e-09,6.857579594e-06,0.0100311,7.97619e-08
805.0,-2.065066701e-10,5.005889115e-06,0.0100311,1.05427e-07
805.0,2.449730234e-10,5.242779343e-06,0.0100311,1.1101e-07
805.0,-7.291920691e-10,1.406829321e-05,0.010031,4.44133e-08
805.0,-6.555768671e-10,1.286836635e-05,0.0100312,1.04627e-07
805.0,8.543720667e-12,2.128800084e-05,0.0100311,9.91458e-08
805.0,2.546588746e-10,1.068939238e-06,0.0100312,7.14794e-08
805.0,1.128261598e-09,7.514180036e-06,0.0100312,1.46376e-07
805.0,2.728224812e-11,9.821598104e-06,0.0100312,1.32321e-07
805.0,5.109052298e-10,1.042208086e-05,0.0100313,1.16691e-07
805.0,6.025881143e-10,1.037654902e-06,0.0100311,1.10361e-07
805.0,4.383856063e-10,1.027514234e-05,0.0100311,2.57172e-08
805.0,1.259283877e-09,2.679470291e-06,0.010031,8.29689e-08
805.0,-1.391447162e-09,7.945588021e-06,0.0100312,1.14072e-07
805.0,3.140400904e-10,7.371669793e-06,0.0100313,1.27711e-07
Freq,805,Rs,7.750777496037499e-06,5.473359741538124e-06,Ls,2.348917577554375e-10,7.604976955869647e-10
":SOUR:DCS:STAT OFF;:BIAS:STAT OFF;:COMP:BIN:COUN:CLE;:LIST:CLE:ALL;:COMP:BIN:CLE;:AMPL:ALC OFF;:APER LONG,1;:BIAS:POL:AUTO OFF;:BIAS:RANG:AUTO ON;:BIAS:VOLT:LEV 0;:COMP:ABIN OFF;:COMP:BIN:COUN:STAT OFF;:COMP:MODE PTOL;:COMP:SLIM -9.9e+037,9.9e+037;:COMP:STAT OFF;:COMP:SWAP OFF;:COMP:TOL:NOM 0;:DISP:ENAB ON;:DISP:LINE """";:DISP:WIND:TEXT1:DATA:FMSD:DATA 1e-009;:DISP:WIND:TEXT2:DATA:FMSD:DATA 1e-009;:FORM:ASC:LONG ON;:FORM:BORD NORM;:FORM:DATA ASC,64;:FREQ:CW 805;:FUNC:DEV1:MODE OFF;:FUNC:DEV1:REF:VAL 0;:FUNC:DEV2:MODE OFF;:FUNC:DEV2:REF:VAL 0;:FUNC:IMP:TYPE LSRS;:FUNC:SMON:IDC:STAT OFF;:FUNC:SMON:VDC:STAT OFF;:INIT:CONT OFF;:LIST:MODE SEQ;:LIST:STIM:TYPE FREQ,NONE;:SOUR:DCS:VOLT:LEV 0;:TRIG:DEL 0;:TRIG:SOUR INT;:TRIG:TDEL 0;:VOLT:LEV 1;:DISP:WIND:TEXT1:DATA:FMSD:STAT OFF;:DISP:WIND:TEXT2:DATA:FMSD:STAT OFF;:FUNC:DCR:RANG:VAL 100;:FUNC:IMP:RANG:VAL 1;:OUTP:DC:ISOL:LEV:VAL 0.02;:OUTP:DC:ISOL:STAT OFF;:FUNC:DCR:RANG:AUTO ON;:FUNC:IMP:RANG:AUTO ON;:OUTP:DC:ISOL:LEV:AUTO ON;:DISP:PAGE MEASurement;
"
1005.0,-1.849240063e-09,-2.444364898e-07,0.00999925,5.79946e-08
1005.0,-1.204698046e-09,8.632024208e-06,0.00999898,1.36794e-07
1005.0,-1.885549984e-09,3.833441975e-06,0.0099991,1.7938e-08
1005.0,3.98085615e-11,-2.092895095e-08,0.00999912,1.04396e-07
1005.0,-1.556246531e-09,3.195910798e-07,0.00999922,1.65026e-07
1005.0,-2.285521528e-09,9.020399081e-06,0.0099993,3.97617e-08
1005.0,-1.869262203e-09,8.900148103e-08,0.00999919,9.31272e-08
1005.0,-1.295043072e-09,8.736052372e-06,0.00999913,8.54713e-08
1005.0,-8.229380877e-10,7.475890468e-06,0.00999922,1.19786e-07
1005.0,-4.448286262e-10,-2.075579891e-06,0.0099991,1.15175e-07
1005.0,-9.950978197e-10,3.663927779e-06,0.00999929,4.51696e-08
1005.0,-1.755101259e-09,4.572702841e-07,0.00999926,1.94482e-07
1005.0,-4.787559623e-10,2.327548013e-06,0.00999929,7.84489e-08
1005.0,-1.373686166e-09,-3.210001788e-06,0.00999926,1.33611e-07
1005.0,-1.581593164e-09,1.882195557e-06,0.00999914,7.16198e-08
1005.0,-1.131047604e-09,-2.006098239e-06,0.00999924,1.29119e-07
Freq,1005,Rs,2.43001855869875e-06,4.080055949677996e-06,Ls,-1.2805500971500002e-09,6.245184157151712e-10
":SOUR:DCS:STAT OFF;:BIAS:STAT OFF;:COMP:BIN:COUN:CLE;:LIST:CLE:ALL;:COMP:BIN:CLE;:AMPL:ALC OFF;:APER LONG,1;:BIAS:POL:AUTO OFF;:BIAS:RANG:AUTO ON;:BIAS:VOLT:LEV 0;:COMP:ABIN OFF;:COMP:BIN:COUN:STAT OFF;:COMP:MODE PTOL;:COMP:SLIM -9.9e+037,9.9e+037;:COMP:STAT OFF;:COMP:SWAP OFF;:COMP:TOL:NOM 0;:DISP:ENAB ON;:DISP:LINE """";:DISP:WIND:TEXT1:DATA:FMSD:DATA 1e-009;:DISP:WIND:TEXT2:DATA:FMSD:DATA 1e-009;:FORM:ASC:LONG ON;:FORM:BORD NORM;:FORM:DATA ASC,64;:FREQ:CW 1005;:FUNC:DEV1:MODE OFF;:FUNC:DEV1:REF:VAL 0;:FUNC:DEV2:MODE OFF;:FUNC:DEV2:REF:VAL 0;:FUNC:IMP:TYPE LSRS;:FUNC:SMON:IDC:STAT OFF;:FUNC:SMON:VDC:STAT OFF;:INIT:CONT OFF;:LIST:MODE SEQ;:LIST:STIM:TYPE FREQ,NONE;:SOUR:DCS:VOLT:LEV 0;:TRIG:DEL 0;:TRIG:SOUR INT;:TRIG:TDEL 0;:VOLT:LEV 1;:DISP:WIND:TEXT1:DATA:FMSD:STAT OFF;:DISP:WIND:TEXT2:DATA:FMSD:STAT OFF;:FUNC:DCR:RANG:VAL 100;:FUNC:IMP:RANG:VAL 1;:OUTP:DC:ISOL:LEV:VAL 0.02;:OUTP:DC:ISOL:STAT OFF;:FUNC:DCR:RANG:AUTO ON;:FUNC:IMP:RANG:AUTO ON;:OUTP:DC:ISOL:LEV:AUTO ON;:DISP:PAGE MEASurement;
"
1205.0,-3.716471352e-10,-4.788978833e-06,0.0100493,1.05405e-07
1205.0,-1.086470122e-09,6.111348274e-06,0.0100493,9.69828e-08
1205.0,-1.135027451e-09,-6.976370535e-06,0.0100493,2.19221e-08
1205.0,-8.08368819e-10,6.687392864e-06,0.0100493,6.64349e-08
1205.0,-6.024240302e-10,1.45928393e-06,0.0100494,1.04672e-07
1205.0,1.054532195e-10,2.560046952e-06,0.0100494,6.78321e-08
1205.0,-6.960541964e-10,-1.379238788e-06,0.0100494,1.17196e-08
1205.0,7.506250819e-10,-9.180525476e-07,0.0100493,5.34727e-08
1205.0,2.371227207e-12,6.571693314e-06,0.0100493,1.24242e-07
1205.0,-1.741156998e-10,-2.521226571e-06,0.0100494,4.00542e-08
1205.0,-9.91360662e-11,1.137170614e-06,0.0100492,6.65176e-08
1205.0,6.221934184e-10,1.060169597e-06,0.0100493,1.35063e-08
1205.0,-6.370760358e-10,7.384406557e-06,0.0100493,7.63318e-09
1205.0,-1.381125762e-10,5.344837029e-06,0.0100492,2.74661e-08
1205.0,-1.354181225e-09,1.306190457e-06,0.0100493,6.29019e-08
1205.0,-4.117930684e-10,8.413242218e-06,0.0100492,6.74595e-08
Freq,1205,Rs,1.9657446582125e-06,4.552085796470516e-06,Ls,-3.771102173870625e-10,5.923092022121881e-10
":SOUR:DCS:STAT OFF;:BIAS:STAT OFF;:COMP:BIN:COUN:CLE;:LIST:CLE:ALL;:COMP:BIN:CLE;:AMPL:ALC OFF;:APER LONG,1;:BIAS:POL:AUTO OFF;:BIAS:RANG:AUTO ON;:BIAS:VOLT:LEV 0;:COMP:ABIN OFF;:COMP:BIN:COUN:STAT OFF;:COMP:MODE PTOL;:COMP:SLIM -9.9e+037,9.9e+037;:COMP:STAT OFF;:COMP:SWAP OFF;:COMP:TOL:NOM 0;:DISP:ENAB ON;:DISP:LINE """";:DISP:WIND:TEXT1:DATA:FMSD:DATA 1e-009;:DISP:WIND:TEXT2:DATA:FMSD:DATA 1e-009;:FORM:ASC:LONG ON;:FORM:BORD NORM;:FORM:DATA ASC,64;:FREQ:CW 1205;:FUNC:DEV1:MODE OFF;:FUNC:DEV1:REF:VAL 0;:FUNC:DEV2:MODE OFF;:FUNC:DEV2:REF:VAL 0;:FUNC:IMP:TYPE LSRS;:FUNC:SMON:IDC:STAT OFF;:FUNC:SMON:VDC:STAT OFF;:INIT:CONT OFF;:LIST:MODE SEQ;:LIST:STIM:TYPE FREQ,NONE;:SOUR:DCS:VOLT:LEV 0;:TRIG:DEL 0;:TRIG:SOUR INT;:TRIG:TDEL 0;:VOLT:LEV 1;:DISP:WIND:TEXT1:DATA:FMSD:STAT OFF;:DISP:WIND:TEXT2:DATA:FMSD:STAT OFF;:FUNC:DCR:RANG:VAL 100;:FUNC:IMP:RANG:VAL 1;:OUTP:DC:ISOL:LEV:VAL 0.02;:OUTP:DC:ISOL:STAT OFF;:FUNC:DCR:RANG:AUTO ON;:FUNC:IMP:RANG:AUTO ON;:OUTP:DC:ISOL:LEV:AUTO ON;:DISP:PAGE MEASurement;
"
1591.549,-5.575741095e-11,9.317537737e-06,0.01006,2.70968e-08
1591.549,1.003523024e-10,5.664022465e-06,0.01006,4.84943e-08
1591.549,3.923721435e-10,9.752168871e-06,0.01006,4.28361e-08
1591.549,2.210102703e-10,2.314922407e-06,0.0100599,3.4424e-08
1591.549,5.018016277e-11,1.582491148e-06,0.01006,5.50606e-08
1591.549,-6.480741174e-10,1.206302745e-05,0.01006,1.00907e-07
1591.549,5.221167985e-10,4.047019872e-06,0.0100599,1.05351e-07
1591.549,-1.003174736e-11,5.169983853e-06,0.0100601,5.20963e-08
1591.549,1.459647863e-10,8.321173878e-06,0.01006,5.19072e-08
1591.549,-1.635244255e-10,5.126283482e-06,0.01006,3.42562e-08
1591.549,5.019527494e-11,6.271953882e-06,0.0100599,3.11653e-09
1591.549,-6.483556121e-11,1.025585572e-05,0.01006,1.15934e-07
1591.549,3.557803731e-10,3.296268214e-06,0.0100601,3.18633e-08
1591.549,2.097908587e-10,8.679040209e-06,0.01006,8.40197e-08
1591.549,3.812199621e-11,4.729531205e-06,0.0100602,5.17542e-08
1591.549,3.302002266e-10,-6.522481257e-08,0.0100599,6.71331e-08
Freq,1591.549,Rs,6.032878473776875e-06,3.4328211409630345e-06,Ls,9.211637068125e-11,2.7218686282451066e-10
":SOUR:DCS:STAT OFF;:BIAS:STAT OFF;:COMP:BIN:COUN:CLE;:LIST:CLE:ALL;:COMP:BIN:CLE;:AMPL:ALC OFF;:APER LONG,1;:BIAS:POL:AUTO OFF;:BIAS:RANG:AUTO ON;:BIAS:VOLT:LEV 0;:COMP:ABIN OFF;:COMP:BIN:COUN:STAT OFF;:COMP:MODE PTOL;:COMP:SLIM -9.9e+037,9.9e+037;:COMP:STAT OFF;:COMP:SWAP OFF;:COMP:TOL:NOM 0;:DISP:ENAB ON;:DISP:LINE """";:DISP:WIND:TEXT1:DATA:FMSD:DATA 1e-009;:DISP:WIND:TEXT2:DATA:FMSD:DATA 1e-009;:FORM:ASC:LONG ON;:FORM:BORD NORM;:FORM:DATA ASC,64;:FREQ:CW 1592;:FUNC:DEV1:MODE OFF;:FUNC:DEV1:REF:VAL 0;:FUNC:DEV2:MODE OFF;:FUNC:DEV2:REF:VAL 0;:FUNC:IMP:TYPE LSRS;:FUNC:SMON:IDC:STAT OFF;:FUNC:SMON:VDC:STAT OFF;:INIT:CONT OFF;:LIST:MODE SEQ;:LIST:STIM:TYPE FREQ,NONE;:SOUR:DCS:VOLT:LEV 0;:TRIG:DEL 0;:TRIG:SOUR INT;:TRIG:TDEL 0;:VOLT:LEV 1;:DISP:WIND:TEXT1:DATA:FMSD:STAT OFF;:DISP:WIND:TEXT2:DATA:FMSD:STAT OFF;:FUNC:DCR:RANG:VAL 100;:FUNC:IMP:RANG:VAL 1;:OUTP:DC:ISOL:LEV:VAL 0.02;:OUTP:DC:ISOL:STAT OFF;:FUNC:DCR:RANG:AUTO ON;:FUNC:IMP:RANG:AUTO ON;:OUTP:DC:ISOL:LEV:AUTO ON;:DISP:PAGE MEASurement;
"
1805.0,-2.951427448e-10,4.083063164e-06,0.0100634,5.44494e-08
1805.0,-2.471675595e-10,-7.740079843e-07,0.0100635,9.84562e-08
1805.0,1.943181099e-10,3.807809683e-06,0.0100634,5.88744e-08
1805.0,-5.108554257e-11,2.825792463e-06,0.0100636,3.87539e-08
1805.0,2.744239387e-10,1.031488969e-06,0.0100636,9.17088e-08
1805.0,-3.695114061e-11,6.925617278e-06,0.0100635,7.1441e-08
1805.0,1.77889351e-10,4.000152309e-06,0.0100636,5.18048e-08
1805.0,1.805233228e-10,9.922757613e-06,0.0100636,1.79091e-08
1805.0,9.748929737e-11,5.50066223e-06,0.0100636,5.14546e-08
1805.0,4.092454925e-11,3.878205685e-06,0.0100635,2.13705e-08
1805.0,3.077462411e-10,3.099392141e-06,0.0100635,1.31801e-07
1805.0,1.81006753e-10,5.637189691e-06,0.0100637,1.11987e-07
1805.0,2.19381462e-10,7.345809133e-06,0.0100636,6.23804e-08
1805.0,-1.689392503e-10,6.940997911e-06,0.0100636,9.47161e-08
1805.0,1.803142289e-10,-9.032819608e-07,0.0100638,1.01197e-07
1805.0,-1.943637872e-11,6.315212217e-06,0.0100636,1.0248e-07
Freq,1805,Rs,4.35230378386875e-06,2.9403266427934606e-06,Ls,6.4705914845e-11,1.8451696540131872e-10
":SOUR:DCS:STAT OFF;:BIAS:STAT OFF;:COMP:BIN:COUN:CLE;:LIST:CLE:ALL;:COMP:BIN:CLE;:AMPL:ALC OFF;:APER LONG,1;:BIAS:POL:AUTO OFF;:BIAS:RANG:AUTO ON;:BIAS:VOLT:LEV 0;:COMP:ABIN OFF;:COMP:BIN:COUN:STAT OFF;:COMP:MODE PTOL;:COMP:SLIM -9.9e+037,9.9e+037;:COMP:STAT OFF;:COMP:SWAP OFF;:COMP:TOL:NOM 0;:DISP:ENAB ON;:DISP:LINE """";:DISP:WIND:TEXT1:DATA:FMSD:DATA 1e-009;:DISP:WIND:TEXT2:DATA:FMSD:DATA 1e-009;:FORM:ASC:LONG ON;:FORM:BORD NORM;:FORM:DATA ASC,64;:FREQ:CW 1805;:FUNC:DEV1:MODE OFF;:FUNC:DEV1:REF:VAL 0;:FUNC:DEV2:MODE OFF;:FUNC:DEV2:REF:VAL 0;:FUNC:IMP:TYPE LSRS;:FUNC:SMON:IDC:STAT OFF;:FUNC:SMON:VDC:STAT OFF;:INIT:CONT OFF;:LIST:MODE SEQ;:LIST:STIM:TYPE FREQ,NONE;:SOUR:DCS:VOLT:LEV 0;:TRIG:DEL 0;:TRIG:SOUR INT;:TRIG:TDEL 0;:VOLT:LEV 1;:DISP:WIND:TEXT1:DATA:FMSD:STAT OFF;:DISP:WIND:TEXT2:DATA:FMSD:STAT OFF;:FUNC:DCR:RANG:VAL 100;:FUNC:IMP:RANG:VAL 1;:OUTP:DC:ISOL:LEV:VAL 0.02;:OUTP:DC:ISOL:STAT OFF;:FUNC:DCR:RANG:AUTO ON;:FUNC:IMP:RANG:AUTO ON;:OUTP:DC:ISOL:LEV:AUTO ON;:DISP:PAGE MEASurement;
"
2005.0,7.324875664e-11,6.436065272e-06,0.0100138,1.92187e-07
2005.0,8.129408139e-10,1.540582548e-05,0.0100137,1.03117e-07
2005.0,-4.492544912e-11,1.201118173e-05,0.0100137,1.20919e-07
2005.0,2.737698485e-12,1.0834856e-05,0.0100137,2.21231e-07
2005.0,-2.493592594e-10,1.207902256e-05,0.0100137,1.81831e-07
2005.0,5.05624922e-10,1.782504201e-05,0.0100138,1.9163e-07
2005.0,4.632144712e-10,1.972264437e-05,0.0100137,1.25829e-07
2005.0,8.943717233e-10,1.471313358e-05,0.0100138,9.32081e-08
2005.0,4.563519988e-10,9.965792616e-06,0.0100136,1.4672e-07
2005.0,3.355832315e-10,1.135176586e-05,0.0100138,1.48297e-07
2005.0,4.63591527e-10,1.778942297e-05,0.0100136,1.84808e-07
2005.0,5.379164335e-10,1.461083374e-05,0.0100138,1.03074e-07
2005.0,-2.562140965e-10,7.679297874e-06,0.0100137,9.76498e-08
2005.0,1.02622437e-09,1.291733265e-05,0.0100136,2.39598e-07
2005.0,5.428278016e-10,1.005525686e-05,0.0100138,1.07351e-07
2005.0,2.101420532e-10,2.143145454e-05,0.0100138,1.35723e-07
Freq,2005,Rs,1.3426808006999999e-05,4.238052216743229e-06,Ls,3.608923122565625e-10,3.8292079774659634e-10
":SOUR:DCS:STAT OFF;:BIAS:STAT OFF;:COMP:BIN:COUN:CLE;:LIST:CLE:ALL;:COMP:BIN:CLE;:AMPL:ALC OFF;:APER LONG,1;:BIAS:POL:AUTO OFF;:BIAS:RANG:AUTO ON;:BIAS:VOLT:LEV 0;:COMP:ABIN OFF;:COMP:BIN:COUN:STAT OFF;:COMP:MODE PTOL;:COMP:SLIM -9.9e+037,9.9e+037;:COMP:STAT OFF;:COMP:SWAP OFF;:COMP:TOL:NOM 0;:DISP:ENAB ON;:DISP:LINE """";:DISP:WIND:TEXT1:DATA:FMSD:DATA 1e-009;:DISP:WIND:TEXT2:DATA:FMSD:DATA 1e-009;:FORM:ASC:LONG ON;:FORM:BORD NORM;:FORM:DATA ASC,64;:FREQ:CW 2005;:FUNC:DEV1:MODE OFF;:FUNC:DEV1:REF:VAL 0;:FUNC:DEV2:MODE OFF;:FUNC:DEV2:REF:VAL 0;:FUNC:IMP:TYPE LSRS;:FUNC:SMON:IDC:STAT OFF;:FUNC:SMON:VDC:STAT OFF;:INIT:CONT OFF;:LIST:MODE SEQ;:LIST:STIM:TYPE FREQ,NONE;:SOUR:DCS:VOLT:LEV 0;:TRIG:DEL 0;:TRIG:SOUR INT;:TRIG:TDEL 0;:VOLT:LEV 1;:DISP:WIND:TEXT1:DATA:FMSD:STAT OFF;:DISP:WIND:TEXT2:DATA:FMSD:STAT OFF;:FUNC:DCR:RANG:VAL 100;:FUNC:IMP:RANG:VAL 1;:OUTP:DC:ISOL:LEV:VAL 0.02;:OUTP:DC:ISOL:STAT OFF;:FUNC:DCR:RANG:AUTO ON;:FUNC:IMP:RANG:AUTO ON;:OUTP:DC:ISOL:LEV:AUTO ON;:DISP:PAGE MEASurement;
"
3005.0,7.442183503e-10,-5.306525929e-06,0.010017,1.18095e-07
3005.0,6.433508208e-10,-1.784055745e-06,0.010017,7.13375e-08
3005.0,6.214103502e-10,-2.544150998e-06,0.010017,8.41535e-08
3005.0,4.53667035e-10,7.018377247e-08,0.0100169,9.98644e-08
3005.0,5.472994298e-10,-2.129949682e-08,0.0100169,1.69695e-07
3005.0,1.529633325e-10,1.220369003e-06,0.010017,5.75002e-08
3005.0,5.851979081e-10,2.458199873e-07,0.010017,1.2173e-07
3005.0,2.654445292e-11,-3.076748933e-06,0.0100169,4.75441e-08
3005.0,2.270283039e-10,2.647818268e-06,0.0100169,1.43327e-07
3005.0,7.580643647e-10,9.537024646e-07,0.010017,6.92372e-08
3005.0,1.647007512e-10,-1.967870307e-07,0.0100168,1.79686e-08
3005.0,5.045514817e-10,-2.366432547e-06,0.010017,1.91804e-07
3005.0,6.236268744e-11,-1.703000806e-06,0.010017,1.06669e-07
3005.0,2.356429511e-10,-1.019681947e-06,0.0100171,5.40431e-08
3005.0,4.627866097e-10,4.474464214e-06,0.010017,1.07108e-07
3005.0,5.998922566e-10,-2.109664396e-06,0.0100171,4.03749e-08
Freq,3005,Rs,-6.572493824468749e-07,2.3649571527187505e-06,Ls,4.2435506787250003e-10,2.430290435048426e-10
":SOUR:DCS:STAT OFF;:BIAS:STAT OFF;:COMP:BIN:COUN:CLE;:LIST:CLE:ALL;:COMP:BIN:CLE;:AMPL:ALC OFF;:APER LONG,1;:BIAS:POL:AUTO OFF;:BIAS:RANG:AUTO ON;:BIAS:VOLT:LEV 0;:COMP:ABIN OFF;:COMP:BIN:COUN:STAT OFF;:COMP:MODE PTOL;:COMP:SLIM -9.9e+037,9.9e+037;:COMP:STAT OFF;:COMP:SWAP OFF;:COMP:TOL:NOM 0;:DISP:ENAB ON;:DISP:LINE """";:DISP:WIND:TEXT1:DATA:FMSD:DATA 1e-009;:DISP:WIND:TEXT2:DATA:FMSD:DATA 1e-009;:FORM:ASC:LONG ON;:FORM:BORD NORM;:FORM:DATA ASC,64;:FREQ:CW 3005;:FUNC:DEV1:MODE OFF;:FUNC:DEV1:REF:VAL 0;:FUNC:DEV2:MODE OFF;:FUNC:DEV2:REF:VAL 0;:FUNC:IMP:TYPE LSRS;:FUNC:SMON:IDC:STAT OFF;:FUNC:SMON:VDC:STAT OFF;:INIT:CONT OFF;:LIST:MODE SEQ;:LIST:STIM:TYPE FREQ,NONE;:SOUR:DCS:VOLT:LEV 0;:TRIG:DEL 0;:TRIG:SOUR INT;:TRIG:TDEL 0;:VOLT:LEV 1;:DISP:WIND:TEXT1:DATA:FMSD:STAT OFF;:DISP:WIND:TEXT2:DATA:FMSD:STAT OFF;:FUNC:DCR:RANG:VAL 100;:FUNC:IMP:RANG:VAL 1;:OUTP:DC:ISOL:LEV:VAL 0.02;:OUTP:DC:ISOL:STAT OFF;:FUNC:DCR:RANG:AUTO ON;:FUNC:IMP:RANG:AUTO ON;:OUTP:DC:ISOL:LEV:AUTO ON;:DISP:PAGE MEASurement;
"
4005.0,6.143390459e-10,-2.769875534e-06,0.0100195,1.30211e-07
4005.0,6.7157226e-10,-6.198956696e-06,0.0100196,8.4052e-08
4005.0,3.961861276e-10,2.07089792e-06,0.0100195,1.62963e-07
4005.0,6.270391483e-10,1.997115396e-06,0.0100196,1.34437e-07
4005.0,4.955438916e-10,-1.905313971e-06,0.0100196,7.70338e-08
4005.0,4.659867097e-10,2.82344575e-06,0.0100196,1.23701e-07
4005.0,4.225126759e-10,-1.180784961e-06,0.0100195,1.59587e-07
4005.0,4.062476356e-10,5.342873374e-06,0.0100195,1.57544e-07
4005.0,5.241565916e-10,-3.562313194e-07,0.0100196,1.67965e-07
4005.0,6.545261128e-10,2.628136829e-07,0.0100196,9.6413e-08
4005.0,3.32398962e-10,-1.898895468e-06,0.0100194,1.62248e-07
4005.0,7.35339661e-10,2.42856202e-06,0.0100196,1.48208e-07
4005.0,4.469650824e-10,3.719170126e-06,0.0100195,1.76071e-07
4005.0,6.831054236e-10,-5.313319019e-08,0.0100195,9.12382e-08
4005.0,5.324465557e-10,4.622608782e-06,0.0100195,8.56819e-08
4005.0,2.936479587e-10,4.100054998e-06,0.0100194,1.75706e-07
Freq,4005,Rs,8.127719318318751e-07,3.1311670805654997e-06,Ls,5.1887586515e-10,1.335683269842879e-10
":SOUR:DCS:STAT OFF;:BIAS:STAT OFF;:COMP:BIN:COUN:CLE;:LIST:CLE:ALL;:COMP:BIN:CLE;:AMPL:ALC OFF;:APER LONG,1;:BIAS:POL:AUTO OFF;:BIAS:RANG:AUTO ON;:BIAS:VOLT:LEV 0;:COMP:ABIN OFF;:COMP:BIN:COUN:STAT OFF;:COMP:MODE PTOL;:COMP:SLIM -9.9e+037,9.9e+037;:COMP:STAT OFF;:COMP:SWAP OFF;:COMP:TOL:NOM 0;:DISP:ENAB ON;:DISP:LINE """";:DISP:WIND:TEXT1:DATA:FMSD:DATA 1e-009;:DISP:WIND:TEXT2:DATA:FMSD:DATA 1e-009;:FORM:ASC:LONG ON;:FORM:BORD NORM;:FORM:DATA ASC,64;:FREQ:CW 4005;:FUNC:DEV1:MODE OFF;:FUNC:DEV1:REF:VAL 0;:FUNC:DEV2:MODE OFF;:FUNC:DEV2:REF:VAL 0;:FUNC:IMP:TYPE LSRS;:FUNC:SMON:IDC:STAT OFF;:FUNC:SMON:VDC:STAT OFF;:INIT:CONT OFF;:LIST:MODE SEQ;:LIST:STIM:TYPE FREQ,NONE;:SOUR:DCS:VOLT:LEV 0;:TRIG:DEL 0;:TRIG:SOUR INT;:TRIG:TDEL 0;:VOLT:LEV 1;:DISP:WIND:TEXT1:DATA:FMSD:STAT OFF;:DISP:WIND:TEXT2:DATA:FMSD:STAT OFF;:FUNC:DCR:RANG:VAL 100;:FUNC:IMP:RANG:VAL 1;:OUTP:DC:ISOL:LEV:VAL 0.02;:OUTP:DC:ISOL:STAT OFF;:FUNC:DCR:RANG:AUTO ON;:FUNC:IMP:RANG:AUTO ON;:OUTP:DC:ISOL:LEV:AUTO ON;:DISP:PAGE MEASurement;
"
5005.0,6.03757466e-10,1.063801298e-05,0.0100067,2.31912e-07
5005.0,6.95135117e-10,8.907018503e-06,0.0100067,1.84005e-07
5005.0,6.173760189e-10,6.440434269e-06,0.0100067,2.05924e-07
5005.0,5.018684e-10,6.078905928e-06,0.0100068,1.63376e-07
5005.0,5.304274894e-10,7.84674399e-06,0.0100067,2.01161e-07
5005.0,6.728123519e-10,3.327839341e-06,0.0100067,2.2547e-07
5005.0,5.664973891e-10,5.815325215e-06,0.0100068,2.02279e-07
5005.0,4.951158774e-10,1.400268078e-05,0.0100069,1.67682e-07
5005.0,5.559479512e-10,9.630888236e-06,0.0100068,2.01409e-07
5005.0,6.073610355e-10,6.792775321e-06,0.0100069,1.76115e-07
5005.0,5.48624056e-10,7.84684689e-06,0.0100067,2.14304e-07
5005.0,6.206902877e-10,9.582235247e-06,0.0100068,1.74819e-07
5005.0,5.364128636e-10,3.204749467e-06,0.0100068,1.65292e-07
5005.0,4.061884811e-10,8.308021963e-06,0.0100067,1.77586e-07
5005.0,5.759940134e-10,2.651226222e-06,0.0100068,2.15888e-07
5005.0,5.274673049e-10,5.619599793e-06,0.0100068,2.09078e-07
Freq,5005,Rs,7.2933315090625e-06,2.9730031229636396e-06,Ls,5.663547564437501e-10,7.101898140429267e-11
":SOUR:DCS:STAT OFF;:BIAS:STAT OFF;:COMP:BIN:COUN:CLE;:LIST:CLE:ALL;:COMP:BIN:CLE;:AMPL:ALC OFF;:APER LONG,1;:BIAS:POL:AUTO OFF;:BIAS:RANG:AUTO ON;:BIAS:VOLT:LEV 0;:COMP:ABIN OFF;:COMP:BIN:COUN:STAT OFF;:COMP:MODE PTOL;:COMP:SLIM -9.9e+037,9.9e+037;:COMP:STAT OFF;:COMP:SWAP OFF;:COMP:TOL:NOM 0;:DISP:ENAB ON;:DISP:LINE """";:DISP:WIND:TEXT1:DATA:FMSD:DATA 1e-009;:DISP:WIND:TEXT2:DATA:FMSD:DATA 1e-009;:FORM:ASC:LONG ON;:FORM:BORD NORM;:FORM:DATA ASC,64;:FREQ:CW 5005;:FUNC:DEV1:MODE OFF;:FUNC:DEV1:REF:VAL 0;:FUNC:DEV2:MODE OFF;:FUNC:DEV2:REF:VAL 0;:FUNC:IMP:TYPE LSRS;:FUNC:SMON:IDC:STAT OFF;:FUNC:SMON:VDC:STAT OFF;:INIT:CONT OFF;:LIST:MODE SEQ;:LIST:STIM:TYPE FREQ,NONE;:SOUR:DCS:VOLT:LEV 0;:TRIG:DEL 0;:TRIG:SOUR INT;:TRIG:TDEL 0;:VOLT:LEV 1;:DISP:WIND:TEXT1:DATA:FMSD:STAT OFF;:DISP:WIND:TEXT2:DATA:FMSD:STAT OFF;:FUNC:DCR:RANG:VAL 100;:FUNC:IMP:RANG:VAL 1;:OUTP:DC:ISOL:LEV:VAL 0.02;:OUTP:DC:ISOL:STAT OFF;:FUNC:DCR:RANG:AUTO ON;:FUNC:IMP:RANG:AUTO ON;:OUTP:DC:ISOL:LEV:AUTO ON;:DISP:PAGE MEASurement;
"
8005.0,3.611936308e-10,1.823597572e-05,0.0100153,2.79603e-07
8005.0,3.849532327e-10,2.084791603e-05,0.0100154,3.21059e-07
8005.0,4.459522716e-10,2.163136447e-05,0.0100152,2.95331e-07
8005.0,4.734798891e-10,1.970941563e-05,0.0100153,2.78958e-07
8005.0,4.540334723e-10,1.359739784e-05,0.0100153,2.89188e-07
8005.0,5.049106913e-10,1.394212138e-05,0.0100152,2.76028e-07
8005.0,4.522284114e-10,1.453196954e-05,0.0100153,2.38515e-07
8005.0,4.6856193e-10,1.068139971e-05,0.0100153,2.01024e-07
8005.0,3.698659406e-10,1.48772539e-05,0.0100152,3.22878e-07
8005.0,3.948523293e-10,2.099984966e-05,0.0100154,3.11539e-07
8005.0,4.080318767e-10,1.855615682e-05,0.0100153,2.65329e-07
8005.0,3.522042109e-10,2.066761399e-05,0.0100154,2.41073e-07
8005.0,4.7185374e-10,1.951206555e-05,0.0100153,2.49974e-07
8005.0,3.892489481e-10,2.085061783e-05,0.0100153,2.54254e-07
8005.0,2.779506251e-10,1.995943109e-05,0.0100153,2.57554e-07
8005.0,3.235395146e-10,2.113243617e-05,0.0100153,2.60522e-07
Freq,8005,Rs,1.8108311583125e-05,3.423117044658813e-06,Ls,4.0830379465625e-10,6.260922222381123e-11
":SOUR:DCS:STAT OFF;:BIAS:STAT OFF;:COMP:BIN:COUN:CLE;:LIST:CLE:ALL;:COMP:BIN:CLE;:AMPL:ALC OFF;:APER LONG,1;:BIAS:POL:AUTO OFF;:BIAS:RANG:AUTO ON;:BIAS:VOLT:LEV 0;:COMP:ABIN OFF;:COMP:BIN:COUN:STAT OFF;:COMP:MODE PTOL;:COMP:SLIM -9.9e+037,9.9e+037;:COMP:STAT OFF;:COMP:SWAP OFF;:COMP:TOL:NOM 0;:DISP:ENAB ON;:DISP:LINE """";:DISP:WIND:TEXT1:DATA:FMSD:DATA 1e-009;:DISP:WIND:TEXT2:DATA:FMSD:DATA 1e-009;:FORM:ASC:LONG ON;:FORM:BORD NORM;:FORM:DATA ASC,64;:FREQ:CW 8005;:FUNC:DEV1:MODE OFF;:FUNC:DEV1:REF:VAL 0;:FUNC:DEV2:MODE OFF;:FUNC:DEV2:REF:VAL 0;:FUNC:IMP:TYPE LSRS;:FUNC:SMON:IDC:STAT OFF;:FUNC:SMON:VDC:STAT OFF;:INIT:CONT OFF;:LIST:MODE SEQ;:LIST:STIM:TYPE FREQ,NONE;:SOUR:DCS:VOLT:LEV 0;:TRIG:DEL 0;:TRIG:SOUR INT;:TRIG:TDEL 0;:VOLT:LEV 1;:DISP:WIND:TEXT1:DATA:FMSD:STAT OFF;:DISP:WIND:TEXT2:DATA:FMSD:STAT OFF;:FUNC:DCR:RANG:VAL 100;:FUNC:IMP:RANG:VAL 1;:OUTP:DC:ISOL:LEV:VAL 0.02;:OUTP:DC:ISOL:STAT OFF;:FUNC:DCR:RANG:AUTO ON;:FUNC:IMP:RANG:AUTO ON;:OUTP:DC:ISOL:LEV:AUTO ON;:DISP:PAGE MEASurement;
"
10005.0,3.63257919e-10,1.846897372e-05,0.010015,3.45891e-07
10005.0,4.025574105e-10,2.366114486e-05,0.0100152,3.87767e-07
10005.0,4.677207078e-10,2.317077939e-05,0.0100152,3.82785e-07
10005.0,3.603203106e-10,2.103843301e-05,0.0100153,3.07975e-07
10005.0,4.390196804e-10,2.683869913e-05,0.0100151,4.02937e-07
10005.0,3.645010711e-10,2.981413109e-05,0.0100152,3.53856e-07
10005.0,4.524211222e-10,2.792268452e-05,0.0100151,3.24741e-07
10005.0,3.798893051e-10,2.52995785e-05,0.0100152,3.46399e-07
10005.0,3.682836809e-10,2.977769452e-05,0.0100152,3.66186e-07
10005.0,3.939141501e-10,2.833382196e-05,0.0100151,4.10861e-07
10005.0,4.270462217e-10,2.034456136e-05,0.0100151,3.60438e-07
10005.0,4.299987867e-10,2.221734309e-05,0.0100152,3.83672e-07
10005.0,4.235972285e-10,1.902019372e-05,0.0100151,4.17384e-07
10005.0,4.099047095e-10,2.324070756e-05,0.0100151,4.05421e-07
10005.0,3.080438852e-10,2.317115369e-05,0.0100151,3.50372e-07
10005.0,3.521085049e-10,2.632941508e-05,0.0100152,3.42054e-07
Freq,10005,Rs,2.4290582199999998e-05,3.6326782021874898e-06,Ls,3.9641154338750004e-10,4.268100799616236e-11
":SOUR:DCS:STAT OFF;:BIAS:STAT OFF;:COMP:BIN:COUN:CLE;:LIST:CLE:ALL;:COMP:BIN:CLE;:AMPL:ALC OFF;:APER LONG,1;:BIAS:POL:AUTO OFF;:BIAS:RANG:AUTO ON;:BIAS:VOLT:LEV 0;:COMP:ABIN OFF;:COMP:BIN:COUN:STAT OFF;:COMP:MODE PTOL;:COMP:SLIM -9.9e+037,9.9e+037;:COMP:STAT OFF;:COMP:SWAP OFF;:COMP:TOL:NOM 0;:DISP:ENAB ON;:DISP:LINE """";:DISP:WIND:TEXT1:DATA:FMSD:DATA 1e-009;:DISP:WIND:TEXT2:DATA:FMSD:DATA 1e-009;:FORM:ASC:LONG ON;:FORM:BORD NORM;:FORM:DATA ASC,64;:FREQ:CW 10010;:FUNC:DEV1:MODE OFF;:FUNC:DEV1:REF:VAL 0;:FUNC:DEV2:MODE OFF;:FUNC:DEV2:REF:VAL 0;:FUNC:IMP:TYPE LSRS;:FUNC:SMON:IDC:STAT OFF;:FUNC:SMON:VDC:STAT OFF;:INIT:CONT OFF;:LIST:MODE SEQ;:LIST:STIM:TYPE FREQ,NONE;:SOUR:DCS:VOLT:LEV 0;:TRIG:DEL 0;:TRIG:SOUR INT;:TRIG:TDEL 0;:VOLT:LEV 1;:DISP:WIND:TEXT1:DATA:FMSD:STAT OFF;:DISP:WIND:TEXT2:DATA:FMSD:STAT OFF;:FUNC:DCR:RANG:VAL 100;:FUNC:IMP:RANG:VAL 1;:OUTP:DC:ISOL:LEV:VAL 0.02;:OUTP:DC:ISOL:STAT OFF;:FUNC:DCR:RANG:AUTO ON;:FUNC:IMP:RANG:AUTO ON;:OUTP:DC:ISOL:LEV:AUTO ON;:DISP:PAGE MEASurement;
"
15005.0,2.343526331e-10,3.899657509e-05,0.010012,4.56436e-07
15005.0,2.250546542e-10,3.923538508e-05,0.0100121,4.24674e-07
15005.0,2.362418167e-10,3.966669084e-05,0.010012,4.35709e-07
15005.0,1.832898779e-10,3.901702101e-05,0.010012,4.7507e-07
15005.0,1.82586217e-10,3.830096765e-05,0.010012,4.8468e-07
15005.0,2.281894726e-10,4.508299934e-05,0.010012,4.02418e-07
15005.0,2.695577493e-10,4.082050083e-05,0.0100121,4.33218e-07
15005.0,1.945372443e-10,4.35736172e-05,0.0100121,4.40331e-07
15005.0,2.227814863e-10,4.010824679e-05,0.0100121,4.43032e-07
15005.0,2.216423216e-10,4.012591834e-05,0.0100122,4.75224e-07
15005.0,1.878460766e-10,4.405787561e-05,0.0100122,4.40414e-07
15005.0,2.353815417e-10,3.949292092e-05,0.0100123,4.61422e-07
15005.0,2.174670484e-10,4.298943628e-05,0.0100122,4.51796e-07
15005.0,2.282962968e-10,4.133487127e-05,0.0100123,4.34299e-07
15005.0,1.825526827e-10,3.538426879e-05,0.0100122,4.53638e-07
15005.0,2.070108067e-10,3.934640715e-05,0.0100121,4.25895e-07
Freq,15005,Rs,4.0470856386875e-05,2.4561613464440164e-06,Ls,2.1604924536875e-10,2.461921817126271e-11
":SOUR:DCS:STAT OFF;:BIAS:STAT OFF;:COMP:BIN:COUN:CLE;:LIST:CLE:ALL;:COMP:BIN:CLE;:AMPL:ALC OFF;:APER LONG,1;:BIAS:POL:AUTO OFF;:BIAS:RANG:AUTO ON;:BIAS:VOLT:LEV 0;:COMP:ABIN OFF;:COMP:BIN:COUN:STAT OFF;:COMP:MODE PTOL;:COMP:SLIM -9.9e+037,9.9e+037;:COMP:STAT OFF;:COMP:SWAP OFF;:COMP:TOL:NOM 0;:DISP:ENAB ON;:DISP:LINE """";:DISP:WIND:TEXT1:DATA:FMSD:DATA 1e-009;:DISP:WIND:TEXT2:DATA:FMSD:DATA 1e-009;:FORM:ASC:LONG ON;:FORM:BORD NORM;:FORM:DATA ASC,64;:FREQ:CW 15010;:FUNC:DEV1:MODE OFF;:FUNC:DEV1:REF:VAL 0;:FUNC:DEV2:MODE OFF;:FUNC:DEV2:REF:VAL 0;:FUNC:IMP:TYPE LSRS;:FUNC:SMON:IDC:STAT OFF;:FUNC:SMON:VDC:STAT OFF;:INIT:CONT OFF;:LIST:MODE SEQ;:LIST:STIM:TYPE FREQ,NONE;:SOUR:DCS:VOLT:LEV 0;:TRIG:DEL 0;:TRIG:SOUR INT;:TRIG:TDEL 0;:VOLT:LEV 1;:DISP:WIND:TEXT1:DATA:FMSD:STAT OFF;:DISP:WIND:TEXT2:DATA:FMSD:STAT OFF;:FUNC:DCR:RANG:VAL 100;:FUNC:IMP:RANG:VAL 1;:OUTP:DC:ISOL:LEV:VAL 0.02;:OUTP:DC:ISOL:STAT OFF;:FUNC:DCR:RANG:AUTO ON;:FUNC:IMP:RANG:AUTO ON;:OUTP:DC:ISOL:LEV:AUTO ON;:DISP:PAGE MEASurement;
"
20005.0,1.18433173e-10,4.370554173e-05,0.0100258,4.94062e-07
20005.0,1.191684542e-10,4.744974213e-05,0.0100257,4.52431e-07
20005.0,1.118007922e-10,3.841025689e-05,0.0100258,4.95219e-07
20005.0,7.10920935e-11,5.040109639e-05,0.0100256,4.97059e-07
20005.0,1.445163911e-10,4.292993981e-05,0.0100257,5.19568e-07
20005.0,1.40505462e-10,4.398350414e-05,0.0100258,4.6371e-07
20005.0,1.154914508e-10,4.608564276e-05,0.0100258,5.18145e-07
20005.0,1.012503061e-10,3.964090506e-05,0.0100257,5.15552e-07
20005.0,1.049218354e-10,5.317703697e-05,0.0100257,4.54289e-07
20005.0,9.241800826e-11,4.015867161e-05,0.0100257,4.35046e-07
20005.0,1.463912061e-10,4.74191018e-05,0.0100258,4.67992e-07
20005.0,1.235360953e-10,4.83539794e-05,0.0100258,4.24564e-07
20005.0,9.306001512e-11,4.700498331e-05,0.0100257,4.17848e-07
20005.0,1.401398986e-10,4.245294742e-05,0.0100256,5.22511e-07
20005.0,1.462823181e-10,4.294958267e-05,0.0100257,4.66603e-07
20005.0,1.59065068e-10,4.488002039e-05,0.0100257,4.65978e-07
Freq,20005,Rs,4.4937684530000006e-05,3.979596983605269e-06,Ls,1.2050453548625e-10,2.435436225907015e-11
":SOUR:DCS:STAT OFF;:BIAS:STAT OFF;:COMP:BIN:COUN:CLE;:LIST:CLE:ALL;:COMP:BIN:CLE;:AMPL:ALC OFF;:APER LONG,1;:BIAS:POL:AUTO OFF;:BIAS:RANG:AUTO ON;:BIAS:VOLT:LEV 0;:COMP:ABIN OFF;:COMP:BIN:COUN:STAT OFF;:COMP:MODE PTOL;:COMP:SLIM -9.9e+037,9.9e+037;:COMP:STAT OFF;:COMP:SWAP OFF;:COMP:TOL:NOM 0;:DISP:ENAB ON;:DISP:LINE """";:DISP:WIND:TEXT1:DATA:FMSD:DATA 1e-009;:DISP:WIND:TEXT2:DATA:FMSD:DATA 1e-009;:FORM:ASC:LONG ON;:FORM:BORD NORM;:FORM:DATA ASC,64;:FREQ:CW 20010;:FUNC:DEV1:MODE OFF;:FUNC:DEV1:REF:VAL 0;:FUNC:DEV2:MODE OFF;:FUNC:DEV2:REF:VAL 0;:FUNC:IMP:TYPE LSRS;:FUNC:SMON:IDC:STAT OFF;:FUNC:SMON:VDC:STAT OFF;:INIT:CONT OFF;:LIST:MODE SEQ;:LIST:STIM:TYPE FREQ,NONE;:SOUR:DCS:VOLT:LEV 0;:TRIG:DEL 0;:TRIG:SOUR INT;:TRIG:TDEL 0;:VOLT:LEV 1;:DISP:WIND:TEXT1:DATA:FMSD:STAT OFF;:DISP:WIND:TEXT2:DATA:FMSD:STAT OFF;:FUNC:DCR:RANG:VAL 100;:FUNC:IMP:RANG:VAL 1;:OUTP:DC:ISOL:LEV:VAL 0.02;:OUTP:DC:ISOL:STAT OFF;:FUNC:DCR:RANG:AUTO ON;:FUNC:IMP:RANG:AUTO ON;:OUTP:DC:ISOL:LEV:AUTO ON;:DISP:PAGE MEASurement;
"
30005.0,4.233958597e-11,5.913320912e-05,0.00999584,6.27896e-07
30005.0,1.24712377e-11,6.222924579e-05,0.00999593,5.5841e-07
30005.0,3.349180102e-11,6.181916989e-05,0.00999583,5.70547e-07
30005.0,3.37354315e-11,5.587923685e-05,0.00999591,6.20392e-07
30005.0,2.629920678e-11,5.715891143e-05,0.00999584,6.0019e-07
30005.0,5.184772049e-11,6.269078165e-05,0.00999593,5.96857e-07
30005.0,3.008224491e-11,5.767669087e-05,0.00999573,6.18603e-07
30005.0,5.999975586e-11,6.126291563e-05,0.00999578,6.20485e-07
30005.0,2.732436829e-11,6.229932035e-05,0.00999586,6.14894e-07
30005.0,6.060106812e-11,5.835215147e-05,0.00999574,6.11509e-07
30005.0,3.555661881e-11,6.084737325e-05,0.00999568,6.32008e-07
30005.0,3.357511519e-11,5.559619874e-05,0.00999561,5.53982e-07
30005.0,5.874320819e-11,5.891593691e-05,0.00999584,5.68184e-07
30005.0,2.00780972e-11,6.15707985e-05,0.00999575,6.08607e-07
30005.0,4.229039664e-11,5.78170225e-05,0.00999585,5.43808e-07
30005.0,5.057846102e-11,5.646291114e-05,0.00999575,5.28151e-07
Freq,30005,Rs,5.9356992130625e-05,2.4594467070488296e-06,Ls,3.8688394855625e-11,1.4503455962656916e-11
":SOUR:DCS:STAT OFF;:BIAS:STAT OFF;:COMP:BIN:COUN:CLE;:LIST:CLE:ALL;:COMP:BIN:CLE;:AMPL:ALC OFF;:APER LONG,1;:BIAS:POL:AUTO OFF;:BIAS:RANG:AUTO ON;:BIAS:VOLT:LEV 0;:COMP:ABIN OFF;:COMP:BIN:COUN:STAT OFF;:COMP:MODE PTOL;:COMP:SLIM -9.9e+037,9.9e+037;:COMP:STAT OFF;:COMP:SWAP OFF;:COMP:TOL:NOM 0;:DISP:ENAB ON;:DISP:LINE """";:DISP:WIND:TEXT1:DATA:FMSD:DATA 1e-009;:DISP:WIND:TEXT2:DATA:FMSD:DATA 1e-009;:FORM:ASC:LONG ON;:FORM:BORD NORM;:FORM:DATA ASC,64;:FREQ:CW 30010;:FUNC:DEV1:MODE OFF;:FUNC:DEV1:REF:VAL 0;:FUNC:DEV2:MODE OFF;:FUNC:DEV2:REF:VAL 0;:FUNC:IMP:TYPE LSRS;:FUNC:SMON:IDC:STAT OFF;:FUNC:SMON:VDC:STAT OFF;:INIT:CONT OFF;:LIST:MODE SEQ;:LIST:STIM:TYPE FREQ,NONE;:SOUR:DCS:VOLT:LEV 0;:TRIG:DEL 0;:TRIG:SOUR INT;:TRIG:TDEL 0;:VOLT:LEV 1;:DISP:WIND:TEXT1:DATA:FMSD:STAT OFF;:DISP:WIND:TEXT2:DATA:FMSD:STAT OFF;:FUNC:DCR:RANG:VAL 100;:FUNC:IMP:RANG:VAL 1;:OUTP:DC:ISOL:LEV:VAL 0.02;:OUTP:DC:ISOL:STAT OFF;:FUNC:DCR:RANG:AUTO ON;:FUNC:IMP:RANG:AUTO ON;:OUTP:DC:ISOL:LEV:AUTO ON;:DISP:PAGE MEASurement;
"
":SOUR:DCS:STAT OFF;:BIAS:STAT OFF;:COMP:BIN:COUN:CLE;:LIST:CLE:ALL;:COMP:BIN:CLE;:AMPL:ALC OFF;:APER LONG,1;:BIAS:POL:AUTO OFF;:BIAS:RANG:AUTO ON;:BIAS:VOLT:LEV 0;:COMP:ABIN OFF;:COMP:BIN:COUN:STAT OFF;:COMP:MODE PTOL;:COMP:SLIM -9.9e+037,9.9e+037;:COMP:STAT OFF;:COMP:SWAP OFF;:COMP:TOL:NOM 0;:DISP:ENAB ON;:DISP:LINE """";:DISP:WIND:TEXT1:DATA:FMSD:DATA 1e-009;:DISP:WIND:TEXT2:DATA:FMSD:DATA 1e-009;:FORM:ASC:LONG ON;:FORM:BORD NORM;:FORM:DATA ASC,64;:FREQ:CW 30010;:FUNC:DEV1:MODE OFF;:FUNC:DEV1:REF:VAL 0;:FUNC:DEV2:MODE OFF;:FUNC:DEV2:REF:VAL 0;:FUNC:IMP:TYPE LSRS;:FUNC:SMON:IDC:STAT OFF;:FUNC:SMON:VDC:STAT OFF;:INIT:CONT OFF;:LIST:MODE SEQ;:LIST:STIM:TYPE FREQ,NONE;:SOUR:DCS:VOLT:LEV 0;:TRIG:DEL 0;:TRIG:SOUR INT;:TRIG:TDEL 0;:VOLT:LEV 1;:DISP:WIND:TEXT1:DATA:FMSD:STAT OFF;:DISP:WIND:TEXT2:DATA:FMSD:STAT OFF;:FUNC:DCR:RANG:VAL 100;:FUNC:IMP:RANG:VAL 1;:OUTP:DC:ISOL:LEV:VAL 0.02;:OUTP:DC:ISOL:STAT OFF;:FUNC:DCR:RANG:AUTO ON;:FUNC:IMP:RANG:AUTO ON;:OUTP:DC:ISOL:LEV:AUTO ON;:DISP:PAGE MEASurement;
"
2024-04-29,16:41:21
---------run finished---------
Frequency,Resistance,uR,Inductance,uL
20,1.7521303972750003e-05,2.086235927831308e-05,2.6708973492687493e-08,1.8762569209443293e-07
30,3.070321492125e-05,1.4311767029013327e-05,-7.430715292499999e-09,9.489283868359428e-08
40,1.47541000008125e-05,1.489823424487493e-05,6.2207279478125e-08,5.446822498312551e-08
55,1.45610134631875e-05,1.2493955928072748e-05,-7.32227103484875e-08,5.114384866503516e-08
70,-4.391862286275e-06,1.0277658209149108e-05,-1.49471923188e-08,2.4705360862855007e-08
105,-7.29206197058125e-06,9.933342198506993e-06,-7.030649762487499e-09,1.6233846767768625e-08
205,2.29955222188125e-06,7.969787378524549e-06,-7.993952245337501e-09,5.821213125775607e-09
305,4.577951660636249e-06,3.658845075227652e-06,-7.1020512928125e-10,3.754374634917324e-09
505,6.737768438612501e-06,6.762461639538424e-06,7.253465655123125e-10,1.4048292070251965e-09
805,7.750777496037499e-06,5.473359741538124e-06,2.348917577554375e-10,7.604976955869647e-10
1005,2.43001855869875e-06,4.080055949677996e-06,-1.2805500971500002e-09,6.245184157151712e-10
1205,1.9657446582125e-06,4.552085796470516e-06,-3.771102173870625e-10,5.923092022121881e-10
1591.549,6.032878473776875e-06,3.4328211409630345e-06,9.211637068125e-11,2.7218686282451066e-10
1805,4.35230378386875e-06,2.9403266427934606e-06,6.4705914845e-11,1.8451696540131872e-10
2005,1.3426808006999999e-05,4.238052216743229e-06,3.608923122565625e-10,3.8292079774659634e-10
3005,-6.572493824468749e-07,2.3649571527187505e-06,4.2435506787250003e-10,2.430290435048426e-10
4005,8.127719318318751e-07,3.1311670805654997e-06,5.1887586515e-10,1.335683269842879e-10
5005,7.2933315090625e-06,2.9730031229636396e-06,5.663547564437501e-10,7.101898140429267e-11
8005,1.8108311583125e-05,3.423117044658813e-06,4.0830379465625e-10,6.260922222381123e-11
10005,2.4290582199999998e-05,3.6326782021874898e-06,3.9641154338750004e-10,4.268100799616236e-11
15005,4.0470856386875e-05,2.4561613464440164e-06,2.1604924536875e-10,2.461921817126271e-11
20005,4.4937684530000006e-05,3.979596983605269e-06,1.2050453548625e-10,2.435436225907015e-11
30005,5.9356992130625e-05,2.4594467070488296e-06,3.8688394855625e-11,1.4503455962656916e-11
