lcr name:,KeySight E4980A
Name and description of Resistor under test: ,Coaxial Zero
GPIB source:,<bound method MessageBasedResource.read of <'GPIBInstrument'('GPIB0::17::INSTR')>>
2022-09-12,14:35:53
select the freq range,"[50, 100, 200, 300, 500, 800, 1000, 1591.5494309189535, 2000, 3000, 5000]"
50.0,1.101189323e-07,0.002047452235
50.0,1.050814194e-07,0.002049159495
50.0,1.069056907e-07,0.002051758143
50.0,1.147301414e-07,0.002051618837
50.0,1.204083775e-07,0.00205033852
50.0,1.221917873e-07,0.002048576418
50.0,1.154019561e-07,0.002044907718
50.0,1.044923145e-07,0.002045796395
50.0,1.09278421e-07,0.002056185752
50.0,1.205422201e-07,0.002054894908
50.0,1.23484215e-07,0.002051026104
50.0,1.213762025e-07,0.002051411749
50.0,1.19644756e-07,0.002053524804
50.0,1.095075254e-07,0.002053822112
50.0,1.056195392e-07,0.002049536937
50.0,1.158712612e-07,0.002048511717
Freq,50,Rs,0.00205053261525,3.1500791247652e-06,Ls,1.14040922475e-07,6.738968953616088e-09
":SOUR:DCS:STAT OFF;:BIAS:STAT OFF;:COMP:BIN:COUN:CLE;:LIST:CLE:ALL;:COMP:BIN:CLE;:AMPL:ALC ON;:APER LONG,16;:BIAS:POL:AUTO OFF;:BIAS:RANG:AUTO ON;:BIAS:VOLT:LEV 0;:COMP:ABIN OFF;:COMP:BIN:COUN:STAT OFF;:COMP:MODE PTOL;:COMP:SLIM -9.9e+037,9.9e+037;:COMP:STAT OFF;:COMP:SWAP OFF;:COMP:TOL:NOM 0;:CURR:LEV 0.1;:DISP:ENAB ON;:DISP:LINE """";:DISP:WIND:TEXT1:DATA:FMSD:DATA 1e-009;:DISP:WIND:TEXT2:DATA:FMSD:DATA 1e-009;:FORM:ASC:LONG ON;:FORM:BORD NORM;:FORM:DATA ASC,64;:FREQ:CW 50;:FUNC:DEV1:MODE OFF;:FUNC:DEV1:REF:VAL 0;:FUNC:DEV2:MODE OFF;:FUNC:DEV2:REF:VAL 0;:FUNC:IMP:TYPE LSRS;:FUNC:SMON:IDC:STAT OFF;:FUNC:SMON:VDC:STAT OFF;:INIT:CONT OFF;:LIST:MODE SEQ;:LIST:STIM:TYPE FREQ,NONE;:SOUR:DCS:VOLT:LEV 0;:TRIG:DEL 0;:TRIG:SOUR INT;:TRIG:TDEL 0;:DISP:WIND:TEXT1:DATA:FMSD:STAT OFF;:DISP:WIND:TEXT2:DATA:FMSD:STAT OFF;:FUNC:DCR:RANG:VAL 100;:FUNC:IMP:RANG:VAL 0.1;:OUTP:DC:ISOL:LEV:VAL 0.1;:OUTP:DC:ISOL:STAT OFF;:FUNC:DCR:RANG:AUTO ON;:FUNC:IMP:RANG:AUTO ON;:OUTP:DC:ISOL:LEV:AUTO ON;:DISP:PAGE MLARge;
"
100.0,5.946589355e-08,0.002031065821
100.0,5.862891058e-08,0.002031156599
100.0,5.962593881e-08,0.002030805858
100.0,6.006468246e-08,0.002030247584
100.0,5.920094958e-08,0.002030477314
100.0,5.923072684e-08,0.00203026431
100.0,5.962860618e-08,0.002029927473
100.0,5.954543475e-08,0.002029635795
100.0,6.010159254e-08,0.002029321593
100.0,5.933269892e-08,0.002030016227
100.0,5.959916307e-08,0.002029432171
100.0,6.009728252e-08,0.002029511003
100.0,6.021786198e-08,0.002029080616
100.0,5.924997152e-08,0.00202931411
100.0,5.972292317e-08,0.002029302105
100.0,5.948471606e-08,0.00202902016
Freq,100,Rs,0.0020299111711874996,6.965940308021784e-07,Ls,5.9574834533125e-08,4.139144830616365e-10
":SOUR:DCS:STAT OFF;:BIAS:STAT OFF;:COMP:BIN:COUN:CLE;:LIST:CLE:ALL;:COMP:BIN:CLE;:AMPL:ALC ON;:APER LONG,16;:BIAS:POL:AUTO OFF;:BIAS:RANG:AUTO ON;:BIAS:VOLT:LEV 0;:COMP:ABIN OFF;:COMP:BIN:COUN:STAT OFF;:COMP:MODE PTOL;:COMP:SLIM -9.9e+037,9.9e+037;:COMP:STAT OFF;:COMP:SWAP OFF;:COMP:TOL:NOM 0;:CURR:LEV 0.1;:DISP:ENAB ON;:DISP:LINE """";:DISP:WIND:TEXT1:DATA:FMSD:DATA 1e-009;:DISP:WIND:TEXT2:DATA:FMSD:DATA 1e-009;:FORM:ASC:LONG ON;:FORM:BORD NORM;:FORM:DATA ASC,64;:FREQ:CW 100;:FUNC:DEV1:MODE OFF;:FUNC:DEV1:REF:VAL 0;:FUNC:DEV2:MODE OFF;:FUNC:DEV2:REF:VAL 0;:FUNC:IMP:TYPE LSRS;:FUNC:SMON:IDC:STAT OFF;:FUNC:SMON:VDC:STAT OFF;:INIT:CONT OFF;:LIST:MODE SEQ;:LIST:STIM:TYPE FREQ,NONE;:SOUR:DCS:VOLT:LEV 0;:TRIG:DEL 0;:TRIG:SOUR INT;:TRIG:TDEL 0;:DISP:WIND:TEXT1:DATA:FMSD:STAT OFF;:DISP:WIND:TEXT2:DATA:FMSD:STAT OFF;:FUNC:DCR:RANG:VAL 100;:FUNC:IMP:RANG:VAL 0.1;:OUTP:DC:ISOL:LEV:VAL 0.1;:OUTP:DC:ISOL:STAT OFF;:FUNC:DCR:RANG:AUTO ON;:FUNC:IMP:RANG:AUTO ON;:OUTP:DC:ISOL:LEV:AUTO ON;:DISP:PAGE MLARge;
"
200.0,5.631742193e-08,0.002049297936
200.0,5.641808939e-08,0.002049364894
200.0,5.652094706e-08,0.002049345332
200.0,5.636833968e-08,0.002048944075
200.0,5.648813461e-08,0.002049331889
200.0,5.642915491e-08,0.002049096888
200.0,5.632866268e-08,0.002049007691
200.0,5.637399534e-08,0.002048841966
200.0,5.637292923e-08,0.002048392992
200.0,5.659050598e-08,0.002048992979
200.0,5.659985061e-08,0.002048601349
200.0,5.637918913e-08,0.00204870282
200.0,5.66167342e-08,0.002048367033
200.0,5.629284264e-08,0.00204817225
200.0,5.629932949e-08,0.002048192221
200.0,5.628997042e-08,0.002047717414
Freq,200,Rs,0.0020487731080624997,4.942526466208181e-07,Ls,5.641788108125e-08,1.1258785090157303e-10
":SOUR:DCS:STAT OFF;:BIAS:STAT OFF;:COMP:BIN:COUN:CLE;:LIST:CLE:ALL;:COMP:BIN:CLE;:AMPL:ALC ON;:APER LONG,16;:BIAS:POL:AUTO OFF;:BIAS:RANG:AUTO ON;:BIAS:VOLT:LEV 0;:COMP:ABIN OFF;:COMP:BIN:COUN:STAT OFF;:COMP:MODE PTOL;:COMP:SLIM -9.9e+037,9.9e+037;:COMP:STAT OFF;:COMP:SWAP OFF;:COMP:TOL:NOM 0;:CURR:LEV 0.1;:DISP:ENAB ON;:DISP:LINE """";:DISP:WIND:TEXT1:DATA:FMSD:DATA 1e-009;:DISP:WIND:TEXT2:DATA:FMSD:DATA 1e-009;:FORM:ASC:LONG ON;:FORM:BORD NORM;:FORM:DATA ASC,64;:FREQ:CW 200;:FUNC:DEV1:MODE OFF;:FUNC:DEV1:REF:VAL 0;:FUNC:DEV2:MODE OFF;:FUNC:DEV2:REF:VAL 0;:FUNC:IMP:TYPE LSRS;:FUNC:SMON:IDC:STAT OFF;:FUNC:SMON:VDC:STAT OFF;:INIT:CONT OFF;:LIST:MODE SEQ;:LIST:STIM:TYPE FREQ,NONE;:SOUR:DCS:VOLT:LEV 0;:TRIG:DEL 0;:TRIG:SOUR INT;:TRIG:TDEL 0;:DISP:WIND:TEXT1:DATA:FMSD:STAT OFF;:DISP:WIND:TEXT2:DATA:FMSD:STAT OFF;:FUNC:DCR:RANG:VAL 100;:FUNC:IMP:RANG:VAL 0.1;:OUTP:DC:ISOL:LEV:VAL 0.1;:OUTP:DC:ISOL:STAT OFF;:FUNC:DCR:RANG:AUTO ON;:FUNC:IMP:RANG:AUTO ON;:OUTP:DC:ISOL:LEV:AUTO ON;:DISP:PAGE MLARge;
"
300.0,4.313848565e-08,0.002055659004
300.0,4.311301506e-08,0.002055519738
300.0,4.326015858e-08,0.002055289607
300.0,4.321311007e-08,0.002055376206
300.0,4.311711319e-08,0.002055323557
300.0,4.302157983e-08,0.002055214076
300.0,4.325913938e-08,0.002055182382
300.0,4.310804939e-08,0.002054929213
300.0,4.309298306e-08,0.002055019508
300.0,4.309404287e-08,0.002055017101
300.0,4.319486421e-08,0.00205498321
300.0,4.30558356e-08,0.002054797548
300.0,4.320203876e-08,0.002054764604
300.0,4.326277436e-08,0.002055058592
300.0,4.299050148e-08,0.002054614941
300.0,4.322259743e-08,0.002054305242
Freq,300,Rs,0.0020550659080625,3.4456270446434894e-07,Ls,4.3146643057499996e-08,8.644096712059779e-11
":SOUR:DCS:STAT OFF;:BIAS:STAT OFF;:COMP:BIN:COUN:CLE;:LIST:CLE:ALL;:COMP:BIN:CLE;:AMPL:ALC ON;:APER LONG,16;:BIAS:POL:AUTO OFF;:BIAS:RANG:AUTO ON;:BIAS:VOLT:LEV 0;:COMP:ABIN OFF;:COMP:BIN:COUN:STAT OFF;:COMP:MODE PTOL;:COMP:SLIM -9.9e+037,9.9e+037;:COMP:STAT OFF;:COMP:SWAP OFF;:COMP:TOL:NOM 0;:CURR:LEV 0.1;:DISP:ENAB ON;:DISP:LINE """";:DISP:WIND:TEXT1:DATA:FMSD:DATA 1e-009;:DISP:WIND:TEXT2:DATA:FMSD:DATA 1e-009;:FORM:ASC:LONG ON;:FORM:BORD NORM;:FORM:DATA ASC,64;:FREQ:CW 300;:FUNC:DEV1:MODE OFF;:FUNC:DEV1:REF:VAL 0;:FUNC:DEV2:MODE OFF;:FUNC:DEV2:REF:VAL 0;:FUNC:IMP:TYPE LSRS;:FUNC:SMON:IDC:STAT OFF;:FUNC:SMON:VDC:STAT OFF;:INIT:CONT OFF;:LIST:MODE SEQ;:LIST:STIM:TYPE FREQ,NONE;:SOUR:DCS:VOLT:LEV 0;:TRIG:DEL 0;:TRIG:SOUR INT;:TRIG:TDEL 0;:DISP:WIND:TEXT1:DATA:FMSD:STAT OFF;:DISP:WIND:TEXT2:DATA:FMSD:STAT OFF;:FUNC:DCR:RANG:VAL 100;:FUNC:IMP:RANG:VAL 0.1;:OUTP:DC:ISOL:LEV:VAL 0.1;:OUTP:DC:ISOL:STAT OFF;:FUNC:DCR:RANG:AUTO ON;:FUNC:IMP:RANG:AUTO ON;:OUTP:DC:ISOL:LEV:AUTO ON;:DISP:PAGE MLARge;
"
500.0,3.611301536e-08,0.00206502228
500.0,3.62178473e-08,0.002065045382
500.0,3.613148669e-08,0.002065208222
500.0,3.612727736e-08,0.00206514181
500.0,3.616735797e-08,0.002064745762
500.0,3.615714717e-08,0.002064751849
500.0,3.609286968e-08,0.002064769069
500.0,3.612205508e-08,0.002064430933
500.0,3.608459017e-08,0.002064500675
500.0,3.607789883e-08,0.002064336056
500.0,3.607807098e-08,0.002064493469
500.0,3.613708756e-08,0.00206428406
500.0,3.616014854e-08,0.002064324286
500.0,3.608822566e-08,0.00206402733
500.0,3.613823726e-08,0.002064309003
500.0,3.610722604e-08,0.002064275711
Freq,500,Rs,0.0020646041185625,3.583191718787577e-07,Ls,3.6125033853125e-08,3.8261375933533005e-11
":SOUR:DCS:STAT OFF;:BIAS:STAT OFF;:COMP:BIN:COUN:CLE;:LIST:CLE:ALL;:COMP:BIN:CLE;:AMPL:ALC ON;:APER LONG,16;:BIAS:POL:AUTO OFF;:BIAS:RANG:AUTO ON;:BIAS:VOLT:LEV 0;:COMP:ABIN OFF;:COMP:BIN:COUN:STAT OFF;:COMP:MODE PTOL;:COMP:SLIM -9.9e+037,9.9e+037;:COMP:STAT OFF;:COMP:SWAP OFF;:COMP:TOL:NOM 0;:CURR:LEV 0.1;:DISP:ENAB ON;:DISP:LINE """";:DISP:WIND:TEXT1:DATA:FMSD:DATA 1e-009;:DISP:WIND:TEXT2:DATA:FMSD:DATA 1e-009;:FORM:ASC:LONG ON;:FORM:BORD NORM;:FORM:DATA ASC,64;:FREQ:CW 500;:FUNC:DEV1:MODE OFF;:FUNC:DEV1:REF:VAL 0;:FUNC:DEV2:MODE OFF;:FUNC:DEV2:REF:VAL 0;:FUNC:IMP:TYPE LSRS;:FUNC:SMON:IDC:STAT OFF;:FUNC:SMON:VDC:STAT OFF;:INIT:CONT OFF;:LIST:MODE SEQ;:LIST:STIM:TYPE FREQ,NONE;:SOUR:DCS:VOLT:LEV 0;:TRIG:DEL 0;:TRIG:SOUR INT;:TRIG:TDEL 0;:DISP:WIND:TEXT1:DATA:FMSD:STAT OFF;:DISP:WIND:TEXT2:DATA:FMSD:STAT OFF;:FUNC:DCR:RANG:VAL 100;:FUNC:IMP:RANG:VAL 0.1;:OUTP:DC:ISOL:LEV:VAL 0.1;:OUTP:DC:ISOL:STAT OFF;:FUNC:DCR:RANG:AUTO ON;:FUNC:IMP:RANG:AUTO ON;:OUTP:DC:ISOL:LEV:AUTO ON;:DISP:PAGE MLARge;
"
800.0,3.393214539e-08,0.002071988776
800.0,3.393072525e-08,0.002071926226
800.0,3.396389804e-08,0.002071983697
800.0,3.397282072e-08,0.002072061661
800.0,3.39113574e-08,0.002071970948
800.0,3.39209055e-08,0.002071841196
800.0,3.393880745e-08,0.002071913167
800.0,3.392556524e-08,0.002071932099
800.0,3.388937657e-08,0.002071613045
800.0,3.392834555e-08,0.002071763695
800.0,3.391401005e-08,0.002071650222
800.0,3.390858589e-08,0.002071374154
800.0,3.38920731e-08,0.002071510171
800.0,3.38745208e-08,0.002071463011
800.0,3.390819222e-08,0.002071488139
800.0,3.391063314e-08,0.002071290677
Freq,800,Rs,0.00207173568025,2.507380221150939e-07,Ls,3.3920122644375e-08,2.541470561487463e-11
":SOUR:DCS:STAT OFF;:BIAS:STAT OFF;:COMP:BIN:COUN:CLE;:LIST:CLE:ALL;:COMP:BIN:CLE;:AMPL:ALC ON;:APER LONG,16;:BIAS:POL:AUTO OFF;:BIAS:RANG:AUTO ON;:BIAS:VOLT:LEV 0;:COMP:ABIN OFF;:COMP:BIN:COUN:STAT OFF;:COMP:MODE PTOL;:COMP:SLIM -9.9e+037,9.9e+037;:COMP:STAT OFF;:COMP:SWAP OFF;:COMP:TOL:NOM 0;:CURR:LEV 0.1;:DISP:ENAB ON;:DISP:LINE """";:DISP:WIND:TEXT1:DATA:FMSD:DATA 1e-009;:DISP:WIND:TEXT2:DATA:FMSD:DATA 1e-009;:FORM:ASC:LONG ON;:FORM:BORD NORM;:FORM:DATA ASC,64;:FREQ:CW 800;:FUNC:DEV1:MODE OFF;:FUNC:DEV1:REF:VAL 0;:FUNC:DEV2:MODE OFF;:FUNC:DEV2:REF:VAL 0;:FUNC:IMP:TYPE LSRS;:FUNC:SMON:IDC:STAT OFF;:FUNC:SMON:VDC:STAT OFF;:INIT:CONT OFF;:LIST:MODE SEQ;:LIST:STIM:TYPE FREQ,NONE;:SOUR:DCS:VOLT:LEV 0;:TRIG:DEL 0;:TRIG:SOUR INT;:TRIG:TDEL 0;:DISP:WIND:TEXT1:DATA:FMSD:STAT OFF;:DISP:WIND:TEXT2:DATA:FMSD:STAT OFF;:FUNC:DCR:RANG:VAL 100;:FUNC:IMP:RANG:VAL 0.1;:OUTP:DC:ISOL:LEV:VAL 0.1;:OUTP:DC:ISOL:STAT OFF;:FUNC:DCR:RANG:AUTO ON;:FUNC:IMP:RANG:AUTO ON;:OUTP:DC:ISOL:LEV:AUTO ON;:DISP:PAGE MLARge;
"
1000.0,3.302961009e-08,0.002063746813
1000.0,3.301827273e-08,0.002063677496
1000.0,3.300505727e-08,0.002063617121
1000.0,3.304531802e-08,0.002063633303
1000.0,3.303564607e-08,0.002063685585
1000.0,3.30333042e-08,0.00206375037
1000.0,3.300602669e-08,0.00206383165
1000.0,3.303907424e-08,0.002063571363
1000.0,3.303451409e-08,0.002063454992
1000.0,3.302652952e-08,0.002063404601
1000.0,3.302443836e-08,0.00206327839
1000.0,3.303222224e-08,0.002063396776
1000.0,3.301120433e-08,0.002063423377
1000.0,3.304903072e-08,0.002063401729
1000.0,3.303678269e-08,0.002063350724
1000.0,3.303957147e-08,0.002063287723
Freq,1000,Rs,0.0020635320008125,1.7767029405323156e-07,Ls,3.3029162670625e-08,1.3176890413313166e-11
":SOUR:DCS:STAT OFF;:BIAS:STAT OFF;:COMP:BIN:COUN:CLE;:LIST:CLE:ALL;:COMP:BIN:CLE;:AMPL:ALC ON;:APER LONG,16;:BIAS:POL:AUTO OFF;:BIAS:RANG:AUTO ON;:BIAS:VOLT:LEV 0;:COMP:ABIN OFF;:COMP:BIN:COUN:STAT OFF;:COMP:MODE PTOL;:COMP:SLIM -9.9e+037,9.9e+037;:COMP:STAT OFF;:COMP:SWAP OFF;:COMP:TOL:NOM 0;:CURR:LEV 0.1;:DISP:ENAB ON;:DISP:LINE """";:DISP:WIND:TEXT1:DATA:FMSD:DATA 1e-009;:DISP:WIND:TEXT2:DATA:FMSD:DATA 1e-009;:FORM:ASC:LONG ON;:FORM:BORD NORM;:FORM:DATA ASC,64;:FREQ:CW 1000;:FUNC:DEV1:MODE OFF;:FUNC:DEV1:REF:VAL 0;:FUNC:DEV2:MODE OFF;:FUNC:DEV2:REF:VAL 0;:FUNC:IMP:TYPE LSRS;:FUNC:SMON:IDC:STAT OFF;:FUNC:SMON:VDC:STAT OFF;:INIT:CONT OFF;:LIST:MODE SEQ;:LIST:STIM:TYPE FREQ,NONE;:SOUR:DCS:VOLT:LEV 0;:TRIG:DEL 0;:TRIG:SOUR INT;:TRIG:TDEL 0;:DISP:WIND:TEXT1:DATA:FMSD:STAT OFF;:DISP:WIND:TEXT2:DATA:FMSD:STAT OFF;:FUNC:DCR:RANG:VAL 100;:FUNC:IMP:RANG:VAL 0.1;:OUTP:DC:ISOL:LEV:VAL 0.1;:OUTP:DC:ISOL:STAT OFF;:FUNC:DCR:RANG:AUTO ON;:FUNC:IMP:RANG:AUTO ON;:OUTP:DC:ISOL:LEV:AUTO ON;:DISP:PAGE MLARge;
"
1591.5494309189535,3.279165303e-08,0.002059973347
1591.5494309189535,3.281064678e-08,0.002059843103
1591.5494309189535,3.280134683e-08,0.002059848285
1591.5494309189535,3.280952534e-08,0.002059719197
1591.5494309189535,3.281885009e-08,0.002059627115
1591.5494309189535,3.279977679e-08,0.002059811261
1591.5494309189535,3.279808123e-08,0.002059490771
1591.5494309189535,3.280025976e-08,0.002059754633
1591.5494309189535,3.279650196e-08,0.002059744692
1591.5494309189535,3.281001673e-08,0.002059432372
1591.5494309189535,3.27965983e-08,0.002059599639
1591.5494309189535,3.280992208e-08,0.002059544601
1591.5494309189535,3.280193131e-08,0.002059539089
1591.5494309189535,3.279915146e-08,0.002059557011
1591.5494309189535,3.278337744e-08,0.002059329596
1591.5494309189535,3.281132881e-08,0.002059361621
Freq,1591.5494309189535,Rs,0.0020596360208125003,1.866180381181894e-07,Ls,3.2802435496249996e-08,8.837353664321625e-12
":SOUR:DCS:STAT OFF;:BIAS:STAT OFF;:COMP:BIN:COUN:CLE;:LIST:CLE:ALL;:COMP:BIN:CLE;:AMPL:ALC ON;:APER LONG,16;:BIAS:POL:AUTO OFF;:BIAS:RANG:AUTO ON;:BIAS:VOLT:LEV 0;:COMP:ABIN OFF;:COMP:BIN:COUN:STAT OFF;:COMP:MODE PTOL;:COMP:SLIM -9.9e+037,9.9e+037;:COMP:STAT OFF;:COMP:SWAP OFF;:COMP:TOL:NOM 0;:CURR:LEV 0.1;:DISP:ENAB ON;:DISP:LINE """";:DISP:WIND:TEXT1:DATA:FMSD:DATA 1e-009;:DISP:WIND:TEXT2:DATA:FMSD:DATA 1e-009;:FORM:ASC:LONG ON;:FORM:BORD NORM;:FORM:DATA ASC,64;:FREQ:CW 1592;:FUNC:DEV1:MODE OFF;:FUNC:DEV1:REF:VAL 0;:FUNC:DEV2:MODE OFF;:FUNC:DEV2:REF:VAL 0;:FUNC:IMP:TYPE LSRS;:FUNC:SMON:IDC:STAT OFF;:FUNC:SMON:VDC:STAT OFF;:INIT:CONT OFF;:LIST:MODE SEQ;:LIST:STIM:TYPE FREQ,NONE;:SOUR:DCS:VOLT:LEV 0;:TRIG:DEL 0;:TRIG:SOUR INT;:TRIG:TDEL 0;:DISP:WIND:TEXT1:DATA:FMSD:STAT OFF;:DISP:WIND:TEXT2:DATA:FMSD:STAT OFF;:FUNC:DCR:RANG:VAL 100;:FUNC:IMP:RANG:VAL 0.1;:OUTP:DC:ISOL:LEV:VAL 0.1;:OUTP:DC:ISOL:STAT OFF;:FUNC:DCR:RANG:AUTO ON;:FUNC:IMP:RANG:AUTO ON;:OUTP:DC:ISOL:LEV:AUTO ON;:DISP:PAGE MLARge;
"
2000.0,3.325403033e-08,0.002064922478
2000.0,3.325537309e-08,0.002064903299
2000.0,3.32635206e-08,0.002064854334
2000.0,3.325741008e-08,0.002064677254
2000.0,3.325653288e-08,0.002064772579
2000.0,3.32566297e-08,0.002064686132
2000.0,3.325641177e-08,0.002064713371
2000.0,3.326481714e-08,0.002064701384
2000.0,3.325316525e-08,0.002064718871
2000.0,3.326116426e-08,0.002064688436
2000.0,3.326604323e-08,0.002064508134
2000.0,3.324844703e-08,0.00206465453
2000.0,3.326720015e-08,0.002064581956
2000.0,3.325580685e-08,0.002064619417
2000.0,3.326610831e-08,0.002064473119
2000.0,3.327123566e-08,0.002064459555
Freq,2000,Rs,0.0020646834280625,1.3796054738537823e-07,Ls,3.3259618520625e-08,6.241348382649946e-12
":SOUR:DCS:STAT OFF;:BIAS:STAT OFF;:COMP:BIN:COUN:CLE;:LIST:CLE:ALL;:COMP:BIN:CLE;:AMPL:ALC ON;:APER LONG,16;:BIAS:POL:AUTO OFF;:BIAS:RANG:AUTO ON;:BIAS:VOLT:LEV 0;:COMP:ABIN OFF;:COMP:BIN:COUN:STAT OFF;:COMP:MODE PTOL;:COMP:SLIM -9.9e+037,9.9e+037;:COMP:STAT OFF;:COMP:SWAP OFF;:COMP:TOL:NOM 0;:CURR:LEV 0.1;:DISP:ENAB ON;:DISP:LINE """";:DISP:WIND:TEXT1:DATA:FMSD:DATA 1e-009;:DISP:WIND:TEXT2:DATA:FMSD:DATA 1e-009;:FORM:ASC:LONG ON;:FORM:BORD NORM;:FORM:DATA ASC,64;:FREQ:CW 2000;:FUNC:DEV1:MODE OFF;:FUNC:DEV1:REF:VAL 0;:FUNC:DEV2:MODE OFF;:FUNC:DEV2:REF:VAL 0;:FUNC:IMP:TYPE LSRS;:FUNC:SMON:IDC:STAT OFF;:FUNC:SMON:VDC:STAT OFF;:INIT:CONT OFF;:LIST:MODE SEQ;:LIST:STIM:TYPE FREQ,NONE;:SOUR:DCS:VOLT:LEV 0;:TRIG:DEL 0;:TRIG:SOUR INT;:TRIG:TDEL 0;:DISP:WIND:TEXT1:DATA:FMSD:STAT OFF;:DISP:WIND:TEXT2:DATA:FMSD:STAT OFF;:FUNC:DCR:RANG:VAL 100;:FUNC:IMP:RANG:VAL 0.1;:OUTP:DC:ISOL:LEV:VAL 0.1;:OUTP:DC:ISOL:STAT OFF;:FUNC:DCR:RANG:AUTO ON;:FUNC:IMP:RANG:AUTO ON;:OUTP:DC:ISOL:LEV:AUTO ON;:DISP:PAGE MLARge;
"
3000.0,3.330657151e-08,0.00205914319
3000.0,3.331594146e-08,0.002059289988
3000.0,3.332362278e-08,0.002059132677
3000.0,3.331116734e-08,0.002059160587
3000.0,3.331214336e-08,0.002059041835
3000.0,3.331833738e-08,0.002059122678
3000.0,3.331094334e-08,0.002058823319
3000.0,3.330306363e-08,0.002059071598
3000.0,3.330125837e-08,0.002059084812
3000.0,3.332618242e-08,0.002058940576
3000.0,3.331571871e-08,0.002058595705
3000.0,3.331116871e-08,0.002058698517
3000.0,3.331594791e-08,0.002059087869
3000.0,3.330039636e-08,0.002058705878
3000.0,3.332026282e-08,0.002058879826
3000.0,3.329882857e-08,0.002058754474
Freq,3000,Rs,0.0020589708455624996,2.0356077687538307e-07,Ls,3.3311972166875e-08,8.26626254213692e-12
":SOUR:DCS:STAT OFF;:BIAS:STAT OFF;:COMP:BIN:COUN:CLE;:LIST:CLE:ALL;:COMP:BIN:CLE;:AMPL:ALC ON;:APER LONG,16;:BIAS:POL:AUTO OFF;:BIAS:RANG:AUTO ON;:BIAS:VOLT:LEV 0;:COMP:ABIN OFF;:COMP:BIN:COUN:STAT OFF;:COMP:MODE PTOL;:COMP:SLIM -9.9e+037,9.9e+037;:COMP:STAT OFF;:COMP:SWAP OFF;:COMP:TOL:NOM 0;:CURR:LEV 0.1;:DISP:ENAB ON;:DISP:LINE """";:DISP:WIND:TEXT1:DATA:FMSD:DATA 1e-009;:DISP:WIND:TEXT2:DATA:FMSD:DATA 1e-009;:FORM:ASC:LONG ON;:FORM:BORD NORM;:FORM:DATA ASC,64;:FREQ:CW 3000;:FUNC:DEV1:MODE OFF;:FUNC:DEV1:REF:VAL 0;:FUNC:DEV2:MODE OFF;:FUNC:DEV2:REF:VAL 0;:FUNC:IMP:TYPE LSRS;:FUNC:SMON:IDC:STAT OFF;:FUNC:SMON:VDC:STAT OFF;:INIT:CONT OFF;:LIST:MODE SEQ;:LIST:STIM:TYPE FREQ,NONE;:SOUR:DCS:VOLT:LEV 0;:TRIG:DEL 0;:TRIG:SOUR INT;:TRIG:TDEL 0;:DISP:WIND:TEXT1:DATA:FMSD:STAT OFF;:DISP:WIND:TEXT2:DATA:FMSD:STAT OFF;:FUNC:DCR:RANG:VAL 100;:FUNC:IMP:RANG:VAL 0.1;:OUTP:DC:ISOL:LEV:VAL 0.1;:OUTP:DC:ISOL:STAT OFF;:FUNC:DCR:RANG:AUTO ON;:FUNC:IMP:RANG:AUTO ON;:OUTP:DC:ISOL:LEV:AUTO ON;:DISP:PAGE MLARge;
"
5000.0,3.303362043e-08,0.002075513293
5000.0,3.302874581e-08,0.002075879995
5000.0,3.302904792e-08,0.002075499985
5000.0,3.304011024e-08,0.002075471805
5000.0,3.303151751e-08,0.00207548074
5000.0,3.303888523e-08,0.002075865012
5000.0,3.302429139e-08,0.0020756511
5000.0,3.302599188e-08,0.002075513522
5000.0,3.301813824e-08,0.002075311424
5000.0,3.303916729e-08,0.002075639264
5000.0,3.30202566e-08,0.002075692658
5000.0,3.302243727e-08,0.00207567707
5000.0,3.3033716e-08,0.00207539837
5000.0,3.302867451e-08,0.00207511355
5000.0,3.30391896e-08,0.002075240477
5000.0,3.303616455e-08,0.002075197978
Freq,5000,Rs,0.0020755091401875,2.2245867491297544e-07,Ls,3.3030622154375e-08,7.101170750144322e-12
":SOUR:DCS:STAT OFF;:BIAS:STAT OFF;:COMP:BIN:COUN:CLE;:LIST:CLE:ALL;:COMP:BIN:CLE;:AMPL:ALC ON;:APER LONG,16;:BIAS:POL:AUTO OFF;:BIAS:RANG:AUTO ON;:BIAS:VOLT:LEV 0;:COMP:ABIN OFF;:COMP:BIN:COUN:STAT OFF;:COMP:MODE PTOL;:COMP:SLIM -9.9e+037,9.9e+037;:COMP:STAT OFF;:COMP:SWAP OFF;:COMP:TOL:NOM 0;:CURR:LEV 0.1;:DISP:ENAB ON;:DISP:LINE """";:DISP:WIND:TEXT1:DATA:FMSD:DATA 1e-009;:DISP:WIND:TEXT2:DATA:FMSD:DATA 1e-009;:FORM:ASC:LONG ON;:FORM:BORD NORM;:FORM:DATA ASC,64;:FREQ:CW 5000;:FUNC:DEV1:MODE OFF;:FUNC:DEV1:REF:VAL 0;:FUNC:DEV2:MODE OFF;:FUNC:DEV2:REF:VAL 0;:FUNC:IMP:TYPE LSRS;:FUNC:SMON:IDC:STAT OFF;:FUNC:SMON:VDC:STAT OFF;:INIT:CONT OFF;:LIST:MODE SEQ;:LIST:STIM:TYPE FREQ,NONE;:SOUR:DCS:VOLT:LEV 0;:TRIG:DEL 0;:TRIG:SOUR INT;:TRIG:TDEL 0;:DISP:WIND:TEXT1:DATA:FMSD:STAT OFF;:DISP:WIND:TEXT2:DATA:FMSD:STAT OFF;:FUNC:DCR:RANG:VAL 100;:FUNC:IMP:RANG:VAL 0.1;:OUTP:DC:ISOL:LEV:VAL 0.1;:OUTP:DC:ISOL:STAT OFF;:FUNC:DCR:RANG:AUTO ON;:FUNC:IMP:RANG:AUTO ON;:OUTP:DC:ISOL:LEV:AUTO ON;:DISP:PAGE MLARge;
"
":SOUR:DCS:STAT OFF;:BIAS:STAT OFF;:COMP:BIN:COUN:CLE;:LIST:CLE:ALL;:COMP:BIN:CLE;:AMPL:ALC ON;:APER LONG,16;:BIAS:POL:AUTO OFF;:BIAS:RANG:AUTO ON;:BIAS:VOLT:LEV 0;:COMP:ABIN OFF;:COMP:BIN:COUN:STAT OFF;:COMP:MODE PTOL;:COMP:SLIM -9.9e+037,9.9e+037;:COMP:STAT OFF;:COMP:SWAP OFF;:COMP:TOL:NOM 0;:CURR:LEV 0.1;:DISP:ENAB ON;:DISP:LINE """";:DISP:WIND:TEXT1:DATA:FMSD:DATA 1e-009;:DISP:WIND:TEXT2:DATA:FMSD:DATA 1e-009;:FORM:ASC:LONG ON;:FORM:BORD NORM;:FORM:DATA ASC,64;:FREQ:CW 5000;:FUNC:DEV1:MODE OFF;:FUNC:DEV1:REF:VAL 0;:FUNC:DEV2:MODE OFF;:FUNC:DEV2:REF:VAL 0;:FUNC:IMP:TYPE LSRS;:FUNC:SMON:IDC:STAT OFF;:FUNC:SMON:VDC:STAT OFF;:INIT:CONT OFF;:LIST:MODE SEQ;:LIST:STIM:TYPE FREQ,NONE;:SOUR:DCS:VOLT:LEV 0;:TRIG:DEL 0;:TRIG:SOUR INT;:TRIG:TDEL 0;:DISP:WIND:TEXT1:DATA:FMSD:STAT OFF;:DISP:WIND:TEXT2:DATA:FMSD:STAT OFF;:FUNC:DCR:RANG:VAL 100;:FUNC:IMP:RANG:VAL 0.1;:OUTP:DC:ISOL:LEV:VAL 0.1;:OUTP:DC:ISOL:STAT OFF;:FUNC:DCR:RANG:AUTO ON;:FUNC:IMP:RANG:AUTO ON;:OUTP:DC:ISOL:LEV:AUTO ON;:DISP:PAGE MLARge;
"
2022-09-12,14:47:11
---------run finished---------
lcr name:,KeySight E4980A
Name and description of Resistor under test: ,RE0
GPIB source:,<bound method MessageBasedResource.read of <'GPIBInstrument'('GPIB0::17::INSTR')>>
2022-09-12,14:50:06
select the freq range,"[50, 100, 200, 300, 500, 800, 1000, 1591.5494309189535, 2000, 3000, 5000]"
50.0,2.934204999e-07,0.0297509367
50.0,2.923906787e-07,0.02974940567
50.0,2.922320847e-07,0.02974642201
50.0,2.965163781e-07,0.02974440667
50.0,3.031222252e-07,0.02974293223
50.0,3.052885736e-07,0.02974449838
50.0,2.95419014e-07,0.02974345653
50.0,2.87866765e-07,0.029739725
50.0,2.900838926e-07,0.02973564204
50.0,2.967839579e-07,0.02973249741
50.0,3.022366679e-07,0.0297312411
50.0,3.06331983e-07,0.0297302157
50.0,3.058174237e-07,0.02972904339
50.0,3.057999024e-07,0.02972740343
50.0,3.05192627e-07,0.02972416972
50.0,3.030871097e-07,0.02972270137
Freq,50,Rs,0.029737168584375,9.156483123719018e-06,Ls,2.9884936146249996e-07,6.409087584354131e-09
":SOUR:DCS:STAT OFF;:BIAS:STAT OFF;:COMP:BIN:COUN:CLE;:LIST:CLE:ALL;:COMP:BIN:CLE;:AMPL:ALC ON;:APER LONG,16;:BIAS:POL:AUTO OFF;:BIAS:RANG:AUTO ON;:BIAS:VOLT:LEV 0;:COMP:ABIN OFF;:COMP:BIN:COUN:STAT OFF;:COMP:MODE PTOL;:COMP:SLIM -9.9e+037,9.9e+037;:COMP:STAT OFF;:COMP:SWAP OFF;:COMP:TOL:NOM 0;:CURR:LEV 0.1;:DISP:ENAB ON;:DISP:LINE """";:DISP:WIND:TEXT1:DATA:FMSD:DATA 1e-009;:DISP:WIND:TEXT2:DATA:FMSD:DATA 1e-009;:FORM:ASC:LONG ON;:FORM:BORD NORM;:FORM:DATA ASC,64;:FREQ:CW 50;:FUNC:DEV1:MODE OFF;:FUNC:DEV1:REF:VAL 0;:FUNC:DEV2:MODE OFF;:FUNC:DEV2:REF:VAL 0;:FUNC:IMP:TYPE LSRS;:FUNC:SMON:IDC:STAT OFF;:FUNC:SMON:VDC:STAT OFF;:INIT:CONT OFF;:LIST:MODE SEQ;:LIST:STIM:TYPE FREQ,NONE;:SOUR:DCS:VOLT:LEV 0;:TRIG:DEL 0;:TRIG:SOUR INT;:TRIG:TDEL 0;:DISP:WIND:TEXT1:DATA:FMSD:STAT OFF;:DISP:WIND:TEXT2:DATA:FMSD:STAT OFF;:FUNC:DCR:RANG:VAL 100;:FUNC:IMP:RANG:VAL 0.1;:OUTP:DC:ISOL:LEV:VAL 0.1;:OUTP:DC:ISOL:STAT OFF;:FUNC:DCR:RANG:AUTO ON;:FUNC:IMP:RANG:AUTO ON;:OUTP:DC:ISOL:LEV:AUTO ON;:DISP:PAGE MLARge;
"
100.0,2.520125917e-07,0.02970288271
100.0,2.510506564e-07,0.02970203337
100.0,2.518073119e-07,0.02970112942
100.0,2.515978778e-07,0.02969951057
100.0,2.514142288e-07,0.02969872169
100.0,2.519060641e-07,0.02969791781
100.0,2.512541524e-07,0.02969665812
100.0,2.511095573e-07,0.0296955191
100.0,2.520685623e-07,0.02969407423
100.0,2.521777275e-07,0.02969336879
100.0,2.517567061e-07,0.02969200156
100.0,2.513888702e-07,0.02969148447
100.0,2.51480622e-07,0.02969047148
100.0,2.516177917e-07,0.02969032764
100.0,2.522955077e-07,0.02968877961
100.0,2.511401231e-07,0.02968829327
Freq,100,Rs,0.029695198365,4.796899634581687e-06,Ls,2.516298969375e-07,3.9338363283611734e-10
":SOUR:DCS:STAT OFF;:BIAS:STAT OFF;:COMP:BIN:COUN:CLE;:LIST:CLE:ALL;:COMP:BIN:CLE;:AMPL:ALC ON;:APER LONG,16;:BIAS:POL:AUTO OFF;:BIAS:RANG:AUTO ON;:BIAS:VOLT:LEV 0;:COMP:ABIN OFF;:COMP:BIN:COUN:STAT OFF;:COMP:MODE PTOL;:COMP:SLIM -9.9e+037,9.9e+037;:COMP:STAT OFF;:COMP:SWAP OFF;:COMP:TOL:NOM 0;:CURR:LEV 0.1;:DISP:ENAB ON;:DISP:LINE """";:DISP:WIND:TEXT1:DATA:FMSD:DATA 1e-009;:DISP:WIND:TEXT2:DATA:FMSD:DATA 1e-009;:FORM:ASC:LONG ON;:FORM:BORD NORM;:FORM:DATA ASC,64;:FREQ:CW 100;:FUNC:DEV1:MODE OFF;:FUNC:DEV1:REF:VAL 0;:FUNC:DEV2:MODE OFF;:FUNC:DEV2:REF:VAL 0;:FUNC:IMP:TYPE LSRS;:FUNC:SMON:IDC:STAT OFF;:FUNC:SMON:VDC:STAT OFF;:INIT:CONT OFF;:LIST:MODE SEQ;:LIST:STIM:TYPE FREQ,NONE;:SOUR:DCS:VOLT:LEV 0;:TRIG:DEL 0;:TRIG:SOUR INT;:TRIG:TDEL 0;:DISP:WIND:TEXT1:DATA:FMSD:STAT OFF;:DISP:WIND:TEXT2:DATA:FMSD:STAT OFF;:FUNC:DCR:RANG:VAL 100;:FUNC:IMP:RANG:VAL 0.1;:OUTP:DC:ISOL:LEV:VAL 0.1;:OUTP:DC:ISOL:STAT OFF;:FUNC:DCR:RANG:AUTO ON;:FUNC:IMP:RANG:AUTO ON;:OUTP:DC:ISOL:LEV:AUTO ON;:DISP:PAGE MLARge;
"
200.0,2.494850713e-07,0.0297078238
200.0,2.496711047e-07,0.02970771052
200.0,2.498832813e-07,0.02970686468
200.0,2.499922805e-07,0.02970641251
200.0,2.496937325e-07,0.02970538288
200.0,2.498286055e-07,0.02970457928
200.0,2.497843477e-07,0.02970406182
200.0,2.496119608e-07,0.02970310637
200.0,2.49788817e-07,0.02970223378
200.0,2.496629566e-07,0.029702062
200.0,2.497306171e-07,0.02970148196
200.0,2.4984591e-07,0.02970103718
200.0,2.498020472e-07,0.02970029204
200.0,2.495132117e-07,0.02969910866
200.0,2.499213235e-07,0.02969876977
200.0,2.496704673e-07,0.02969859993
Freq,200,Rs,0.02970309544875,3.1470552742773284e-06,Ls,2.4974285841874996e-07,1.4017878500956295e-10
":SOUR:DCS:STAT OFF;:BIAS:STAT OFF;:COMP:BIN:COUN:CLE;:LIST:CLE:ALL;:COMP:BIN:CLE;:AMPL:ALC ON;:APER LONG,16;:BIAS:POL:AUTO OFF;:BIAS:RANG:AUTO ON;:BIAS:VOLT:LEV 0;:COMP:ABIN OFF;:COMP:BIN:COUN:STAT OFF;:COMP:MODE PTOL;:COMP:SLIM -9.9e+037,9.9e+037;:COMP:STAT OFF;:COMP:SWAP OFF;:COMP:TOL:NOM 0;:CURR:LEV 0.1;:DISP:ENAB ON;:DISP:LINE """";:DISP:WIND:TEXT1:DATA:FMSD:DATA 1e-009;:DISP:WIND:TEXT2:DATA:FMSD:DATA 1e-009;:FORM:ASC:LONG ON;:FORM:BORD NORM;:FORM:DATA ASC,64;:FREQ:CW 200;:FUNC:DEV1:MODE OFF;:FUNC:DEV1:REF:VAL 0;:FUNC:DEV2:MODE OFF;:FUNC:DEV2:REF:VAL 0;:FUNC:IMP:TYPE LSRS;:FUNC:SMON:IDC:STAT OFF;:FUNC:SMON:VDC:STAT OFF;:INIT:CONT OFF;:LIST:MODE SEQ;:LIST:STIM:TYPE FREQ,NONE;:SOUR:DCS:VOLT:LEV 0;:TRIG:DEL 0;:TRIG:SOUR INT;:TRIG:TDEL 0;:DISP:WIND:TEXT1:DATA:FMSD:STAT OFF;:DISP:WIND:TEXT2:DATA:FMSD:STAT OFF;:FUNC:DCR:RANG:VAL 100;:FUNC:IMP:RANG:VAL 0.1;:OUTP:DC:ISOL:LEV:VAL 0.1;:OUTP:DC:ISOL:STAT OFF;:FUNC:DCR:RANG:AUTO ON;:FUNC:IMP:RANG:AUTO ON;:OUTP:DC:ISOL:LEV:AUTO ON;:DISP:PAGE MLARge;
"
300.0,2.376366412e-07,0.02970444407
300.0,2.377147835e-07,0.02970333753
300.0,2.375215527e-07,0.02970318729
300.0,2.376521681e-07,0.02970259883
300.0,2.378947342e-07,0.02970247289
300.0,2.377193009e-07,0.02970193071
300.0,2.378649509e-07,0.02970182214
300.0,2.377058074e-07,0.02970107961
300.0,2.378294449e-07,0.02970055312
300.0,2.377257785e-07,0.02970023269
300.0,2.378118287e-07,0.02969948091
300.0,2.377400601e-07,0.02969914582
300.0,2.379099715e-07,0.02969899192
300.0,2.378284168e-07,0.02969855685
300.0,2.378086854e-07,0.02969823029
300.0,2.376775618e-07,0.02969798199
Freq,300,Rs,0.02970087791625,2.024198537999038e-06,Ls,2.377526054125e-07,1.0457829096988523e-10
":SOUR:DCS:STAT OFF;:BIAS:STAT OFF;:COMP:BIN:COUN:CLE;:LIST:CLE:ALL;:COMP:BIN:CLE;:AMPL:ALC ON;:APER LONG,16;:BIAS:POL:AUTO OFF;:BIAS:RANG:AUTO ON;:BIAS:VOLT:LEV 0;:COMP:ABIN OFF;:COMP:BIN:COUN:STAT OFF;:COMP:MODE PTOL;:COMP:SLIM -9.9e+037,9.9e+037;:COMP:STAT OFF;:COMP:SWAP OFF;:COMP:TOL:NOM 0;:CURR:LEV 0.1;:DISP:ENAB ON;:DISP:LINE """";:DISP:WIND:TEXT1:DATA:FMSD:DATA 1e-009;:DISP:WIND:TEXT2:DATA:FMSD:DATA 1e-009;:FORM:ASC:LONG ON;:FORM:BORD NORM;:FORM:DATA ASC,64;:FREQ:CW 300;:FUNC:DEV1:MODE OFF;:FUNC:DEV1:REF:VAL 0;:FUNC:DEV2:MODE OFF;:FUNC:DEV2:REF:VAL 0;:FUNC:IMP:TYPE LSRS;:FUNC:SMON:IDC:STAT OFF;:FUNC:SMON:VDC:STAT OFF;:INIT:CONT OFF;:LIST:MODE SEQ;:LIST:STIM:TYPE FREQ,NONE;:SOUR:DCS:VOLT:LEV 0;:TRIG:DEL 0;:TRIG:SOUR INT;:TRIG:TDEL 0;:DISP:WIND:TEXT1:DATA:FMSD:STAT OFF;:DISP:WIND:TEXT2:DATA:FMSD:STAT OFF;:FUNC:DCR:RANG:VAL 100;:FUNC:IMP:RANG:VAL 0.1;:OUTP:DC:ISOL:LEV:VAL 0.1;:OUTP:DC:ISOL:STAT OFF;:FUNC:DCR:RANG:AUTO ON;:FUNC:IMP:RANG:AUTO ON;:OUTP:DC:ISOL:LEV:AUTO ON;:DISP:PAGE MLARge;
"
500.0,2.317190838e-07,0.0297086491
500.0,2.316268133e-07,0.02970816693
500.0,2.316823428e-07,0.02970782785
500.0,2.316185689e-07,0.02970749968
500.0,2.316823568e-07,0.02970765807
500.0,2.317304618e-07,0.02970785704
500.0,2.316058823e-07,0.02970761629
500.0,2.316427932e-07,0.02970727519
500.0,2.31677078e-07,0.02970694376
500.0,2.315862218e-07,0.02970647517
500.0,2.316605328e-07,0.02970622224
500.0,2.316555858e-07,0.02970563058
500.0,2.316617664e-07,0.02970553704
500.0,2.316471246e-07,0.02970510276
500.0,2.317564208e-07,0.02970480251
500.0,2.315939173e-07,0.0297044996
Freq,500,Rs,0.029706735238125,1.2935061499413763e-06,Ls,2.3165918439999998e-07,4.83558180521577e-11
":SOUR:DCS:STAT OFF;:BIAS:STAT OFF;:COMP:BIN:COUN:CLE;:LIST:CLE:ALL;:COMP:BIN:CLE;:AMPL:ALC ON;:APER LONG,16;:BIAS:POL:AUTO OFF;:BIAS:RANG:AUTO ON;:BIAS:VOLT:LEV 0;:COMP:ABIN OFF;:COMP:BIN:COUN:STAT OFF;:COMP:MODE PTOL;:COMP:SLIM -9.9e+037,9.9e+037;:COMP:STAT OFF;:COMP:SWAP OFF;:COMP:TOL:NOM 0;:CURR:LEV 0.1;:DISP:ENAB ON;:DISP:LINE """";:DISP:WIND:TEXT1:DATA:FMSD:DATA 1e-009;:DISP:WIND:TEXT2:DATA:FMSD:DATA 1e-009;:FORM:ASC:LONG ON;:FORM:BORD NORM;:FORM:DATA ASC,64;:FREQ:CW 500;:FUNC:DEV1:MODE OFF;:FUNC:DEV1:REF:VAL 0;:FUNC:DEV2:MODE OFF;:FUNC:DEV2:REF:VAL 0;:FUNC:IMP:TYPE LSRS;:FUNC:SMON:IDC:STAT OFF;:FUNC:SMON:VDC:STAT OFF;:INIT:CONT OFF;:LIST:MODE SEQ;:LIST:STIM:TYPE FREQ,NONE;:SOUR:DCS:VOLT:LEV 0;:TRIG:DEL 0;:TRIG:SOUR INT;:TRIG:TDEL 0;:DISP:WIND:TEXT1:DATA:FMSD:STAT OFF;:DISP:WIND:TEXT2:DATA:FMSD:STAT OFF;:FUNC:DCR:RANG:VAL 100;:FUNC:IMP:RANG:VAL 0.1;:OUTP:DC:ISOL:LEV:VAL 0.1;:OUTP:DC:ISOL:STAT OFF;:FUNC:DCR:RANG:AUTO ON;:FUNC:IMP:RANG:AUTO ON;:OUTP:DC:ISOL:LEV:AUTO ON;:DISP:PAGE MLARge;
"
800.0,2.297262999e-07,0.02971080138
800.0,2.297387643e-07,0.02971057346
800.0,2.296905233e-07,0.02971005418
800.0,2.297491341e-07,0.02970964518
800.0,2.297304296e-07,0.02970916402
800.0,2.297258823e-07,0.02970882904
800.0,2.297259141e-07,0.02970861133
800.0,2.297321663e-07,0.02970786612
800.0,2.297294655e-07,0.02970753781
800.0,2.297339178e-07,0.0297071835
800.0,2.297354929e-07,0.0297068926
800.0,2.297519027e-07,0.02970641375
800.0,2.29734731e-07,0.02970594561
800.0,2.297566392e-07,0.02970561501
800.0,2.297226339e-07,0.02970555761
800.0,2.296904208e-07,0.02970518537
Freq,800,Rs,0.029707867248125,1.861317639215967e-06,Ls,2.2972964485625e-07,1.8128933844549154e-11
":SOUR:DCS:STAT OFF;:BIAS:STAT OFF;:COMP:BIN:COUN:CLE;:LIST:CLE:ALL;:COMP:BIN:CLE;:AMPL:ALC ON;:APER LONG,16;:BIAS:POL:AUTO OFF;:BIAS:RANG:AUTO ON;:BIAS:VOLT:LEV 0;:COMP:ABIN OFF;:COMP:BIN:COUN:STAT OFF;:COMP:MODE PTOL;:COMP:SLIM -9.9e+037,9.9e+037;:COMP:STAT OFF;:COMP:SWAP OFF;:COMP:TOL:NOM 0;:CURR:LEV 0.1;:DISP:ENAB ON;:DISP:LINE """";:DISP:WIND:TEXT1:DATA:FMSD:DATA 1e-009;:DISP:WIND:TEXT2:DATA:FMSD:DATA 1e-009;:FORM:ASC:LONG ON;:FORM:BORD NORM;:FORM:DATA ASC,64;:FREQ:CW 800;:FUNC:DEV1:MODE OFF;:FUNC:DEV1:REF:VAL 0;:FUNC:DEV2:MODE OFF;:FUNC:DEV2:REF:VAL 0;:FUNC:IMP:TYPE LSRS;:FUNC:SMON:IDC:STAT OFF;:FUNC:SMON:VDC:STAT OFF;:INIT:CONT OFF;:LIST:MODE SEQ;:LIST:STIM:TYPE FREQ,NONE;:SOUR:DCS:VOLT:LEV 0;:TRIG:DEL 0;:TRIG:SOUR INT;:TRIG:TDEL 0;:DISP:WIND:TEXT1:DATA:FMSD:STAT OFF;:DISP:WIND:TEXT2:DATA:FMSD:STAT OFF;:FUNC:DCR:RANG:VAL 100;:FUNC:IMP:RANG:VAL 0.1;:OUTP:DC:ISOL:LEV:VAL 0.1;:OUTP:DC:ISOL:STAT OFF;:FUNC:DCR:RANG:AUTO ON;:FUNC:IMP:RANG:AUTO ON;:OUTP:DC:ISOL:LEV:AUTO ON;:DISP:PAGE MLARge;
"
1000.0,2.290435817e-07,0.02969667004
1000.0,2.290481579e-07,0.0296963406
1000.0,2.290360058e-07,0.02969572552
1000.0,2.290444738e-07,0.0296950403
1000.0,2.290397828e-07,0.0296947474
1000.0,2.290456249e-07,0.02969433853
1000.0,2.290247998e-07,0.02969367055
1000.0,2.290252173e-07,0.02969361124
1000.0,2.290248546e-07,0.02969327374
1000.0,2.290202214e-07,0.02969274087
1000.0,2.290508822e-07,0.02969286961
1000.0,2.290273049e-07,0.02969255261
1000.0,2.290255842e-07,0.02969237036
1000.0,2.290560917e-07,0.02969208303
1000.0,2.290454726e-07,0.0296921438
1000.0,2.290241117e-07,0.02969175088
Freq,1000,Rs,0.0296937455675,1.5681065644846574e-06,Ls,2.2903638545625002e-07,1.1652982749432515e-11
":SOUR:DCS:STAT OFF;:BIAS:STAT OFF;:COMP:BIN:COUN:CLE;:LIST:CLE:ALL;:COMP:BIN:CLE;:AMPL:ALC ON;:APER LONG,16;:BIAS:POL:AUTO OFF;:BIAS:RANG:AUTO ON;:BIAS:VOLT:LEV 0;:COMP:ABIN OFF;:COMP:BIN:COUN:STAT OFF;:COMP:MODE PTOL;:COMP:SLIM -9.9e+037,9.9e+037;:COMP:STAT OFF;:COMP:SWAP OFF;:COMP:TOL:NOM 0;:CURR:LEV 0.1;:DISP:ENAB ON;:DISP:LINE """";:DISP:WIND:TEXT1:DATA:FMSD:DATA 1e-009;:DISP:WIND:TEXT2:DATA:FMSD:DATA 1e-009;:FORM:ASC:LONG ON;:FORM:BORD NORM;:FORM:DATA ASC,64;:FREQ:CW 1000;:FUNC:DEV1:MODE OFF;:FUNC:DEV1:REF:VAL 0;:FUNC:DEV2:MODE OFF;:FUNC:DEV2:REF:VAL 0;:FUNC:IMP:TYPE LSRS;:FUNC:SMON:IDC:STAT OFF;:FUNC:SMON:VDC:STAT OFF;:INIT:CONT OFF;:LIST:MODE SEQ;:LIST:STIM:TYPE FREQ,NONE;:SOUR:DCS:VOLT:LEV 0;:TRIG:DEL 0;:TRIG:SOUR INT;:TRIG:TDEL 0;:DISP:WIND:TEXT1:DATA:FMSD:STAT OFF;:DISP:WIND:TEXT2:DATA:FMSD:STAT OFF;:FUNC:DCR:RANG:VAL 100;:FUNC:IMP:RANG:VAL 0.1;:OUTP:DC:ISOL:LEV:VAL 0.1;:OUTP:DC:ISOL:STAT OFF;:FUNC:DCR:RANG:AUTO ON;:FUNC:IMP:RANG:AUTO ON;:OUTP:DC:ISOL:LEV:AUTO ON;:DISP:PAGE MLARge;
"
1591.5494309189535,2.288861339e-07,0.02969145686
1591.5494309189535,2.289027081e-07,0.02969114609
1591.5494309189535,2.28909147e-07,0.02969107724
1591.5494309189535,2.288857186e-07,0.02969089343
1591.5494309189535,2.289100446e-07,0.02969080287
1591.5494309189535,2.289011497e-07,0.02969037535
1591.5494309189535,2.288865499e-07,0.02969026953
1591.5494309189535,2.289025586e-07,0.0296900752
1591.5494309189535,2.289046794e-07,0.02968976561
1591.5494309189535,2.289090068e-07,0.02968948507
1591.5494309189535,2.289020789e-07,0.0296891988
1591.5494309189535,2.289001188e-07,0.02968885559
1591.5494309189535,2.28893507e-07,0.0296888007
1591.5494309189535,2.289031295e-07,0.02968837047
1591.5494309189535,2.288995698e-07,0.02968827073
1591.5494309189535,2.289129847e-07,0.02968814404
Freq,1591.5494309189535,Rs,0.02968981172375,1.1103028637859728e-06,Ls,2.2890056783125e-07,8.56283648633148e-12
":SOUR:DCS:STAT OFF;:BIAS:STAT OFF;:COMP:BIN:COUN:CLE;:LIST:CLE:ALL;:COMP:BIN:CLE;:AMPL:ALC ON;:APER LONG,16;:BIAS:POL:AUTO OFF;:BIAS:RANG:AUTO ON;:BIAS:VOLT:LEV 0;:COMP:ABIN OFF;:COMP:BIN:COUN:STAT OFF;:COMP:MODE PTOL;:COMP:SLIM -9.9e+037,9.9e+037;:COMP:STAT OFF;:COMP:SWAP OFF;:COMP:TOL:NOM 0;:CURR:LEV 0.1;:DISP:ENAB ON;:DISP:LINE """";:DISP:WIND:TEXT1:DATA:FMSD:DATA 1e-009;:DISP:WIND:TEXT2:DATA:FMSD:DATA 1e-009;:FORM:ASC:LONG ON;:FORM:BORD NORM;:FORM:DATA ASC,64;:FREQ:CW 1592;:FUNC:DEV1:MODE OFF;:FUNC:DEV1:REF:VAL 0;:FUNC:DEV2:MODE OFF;:FUNC:DEV2:REF:VAL 0;:FUNC:IMP:TYPE LSRS;:FUNC:SMON:IDC:STAT OFF;:FUNC:SMON:VDC:STAT OFF;:INIT:CONT OFF;:LIST:MODE SEQ;:LIST:STIM:TYPE FREQ,NONE;:SOUR:DCS:VOLT:LEV 0;:TRIG:DEL 0;:TRIG:SOUR INT;:TRIG:TDEL 0;:DISP:WIND:TEXT1:DATA:FMSD:STAT OFF;:DISP:WIND:TEXT2:DATA:FMSD:STAT OFF;:FUNC:DCR:RANG:VAL 100;:FUNC:IMP:RANG:VAL 0.1;:OUTP:DC:ISOL:LEV:VAL 0.1;:OUTP:DC:ISOL:STAT OFF;:FUNC:DCR:RANG:AUTO ON;:FUNC:IMP:RANG:AUTO ON;:OUTP:DC:ISOL:LEV:AUTO ON;:DISP:PAGE MLARge;
"
2000.0,2.293390323e-07,0.02969498033
2000.0,2.293515819e-07,0.02969488942
2000.0,2.293453874e-07,0.02969467047
2000.0,2.293523934e-07,0.02969441878
2000.0,2.293510354e-07,0.0296942184
2000.0,2.293518826e-07,0.02969403738
2000.0,2.293559613e-07,0.02969400207
2000.0,2.293549734e-07,0.02969385437
2000.0,2.293472798e-07,0.02969369876
2000.0,2.293549026e-07,0.02969344777
2000.0,2.29348772e-07,0.02969343552
2000.0,2.293589197e-07,0.029693286
2000.0,2.293571495e-07,0.02969321606
2000.0,2.293411226e-07,0.02969284827
2000.0,2.293527643e-07,0.02969287996
2000.0,2.293571626e-07,0.02969276811
Freq,2000,Rs,0.029693790729375003,7.1572091022914e-07,Ls,2.2935127005e-07,5.716926234144797e-12
":SOUR:DCS:STAT OFF;:BIAS:STAT OFF;:COMP:BIN:COUN:CLE;:LIST:CLE:ALL;:COMP:BIN:CLE;:AMPL:ALC ON;:APER LONG,16;:BIAS:POL:AUTO OFF;:BIAS:RANG:AUTO ON;:BIAS:VOLT:LEV 0;:COMP:ABIN OFF;:COMP:BIN:COUN:STAT OFF;:COMP:MODE PTOL;:COMP:SLIM -9.9e+037,9.9e+037;:COMP:STAT OFF;:COMP:SWAP OFF;:COMP:TOL:NOM 0;:CURR:LEV 0.1;:DISP:ENAB ON;:DISP:LINE """";:DISP:WIND:TEXT1:DATA:FMSD:DATA 1e-009;:DISP:WIND:TEXT2:DATA:FMSD:DATA 1e-009;:FORM:ASC:LONG ON;:FORM:BORD NORM;:FORM:DATA ASC,64;:FREQ:CW 2000;:FUNC:DEV1:MODE OFF;:FUNC:DEV1:REF:VAL 0;:FUNC:DEV2:MODE OFF;:FUNC:DEV2:REF:VAL 0;:FUNC:IMP:TYPE LSRS;:FUNC:SMON:IDC:STAT OFF;:FUNC:SMON:VDC:STAT OFF;:INIT:CONT OFF;:LIST:MODE SEQ;:LIST:STIM:TYPE FREQ,NONE;:SOUR:DCS:VOLT:LEV 0;:TRIG:DEL 0;:TRIG:SOUR INT;:TRIG:TDEL 0;:DISP:WIND:TEXT1:DATA:FMSD:STAT OFF;:DISP:WIND:TEXT2:DATA:FMSD:STAT OFF;:FUNC:DCR:RANG:VAL 100;:FUNC:IMP:RANG:VAL 0.1;:OUTP:DC:ISOL:LEV:VAL 0.1;:OUTP:DC:ISOL:STAT OFF;:FUNC:DCR:RANG:AUTO ON;:FUNC:IMP:RANG:AUTO ON;:OUTP:DC:ISOL:LEV:AUTO ON;:DISP:PAGE MLARge;
"
3000.0,2.294023366e-07,0.02969372887
3000.0,2.294002313e-07,0.02969352283
3000.0,2.293860738e-07,0.02969325546
3000.0,2.294225672e-07,0.02969371696
3000.0,2.294182831e-07,0.02969325194
3000.0,2.293968587e-07,0.02969320747
3000.0,2.294191176e-07,0.02969312458
3000.0,2.294080911e-07,0.02969287745
3000.0,2.293950832e-07,0.02969270983
3000.0,2.294079212e-07,0.02969270407
3000.0,2.293658792e-07,0.02969254157
3000.0,2.294127812e-07,0.02969258435
3000.0,2.294149134e-07,0.02969242351
3000.0,2.293916874e-07,0.02969237343
3000.0,2.294027308e-07,0.029691894
3000.0,2.294043951e-07,0.02969176528
Freq,3000,Rs,0.0296928551,5.894862490341386e-07,Ls,2.2940305943125e-07,1.4298830435518527e-11
":SOUR:DCS:STAT OFF;:BIAS:STAT OFF;:COMP:BIN:COUN:CLE;:LIST:CLE:ALL;:COMP:BIN:CLE;:AMPL:ALC ON;:APER LONG,16;:BIAS:POL:AUTO OFF;:BIAS:RANG:AUTO ON;:BIAS:VOLT:LEV 0;:COMP:ABIN OFF;:COMP:BIN:COUN:STAT OFF;:COMP:MODE PTOL;:COMP:SLIM -9.9e+037,9.9e+037;:COMP:STAT OFF;:COMP:SWAP OFF;:COMP:TOL:NOM 0;:CURR:LEV 0.1;:DISP:ENAB ON;:DISP:LINE """";:DISP:WIND:TEXT1:DATA:FMSD:DATA 1e-009;:DISP:WIND:TEXT2:DATA:FMSD:DATA 1e-009;:FORM:ASC:LONG ON;:FORM:BORD NORM;:FORM:DATA ASC,64;:FREQ:CW 3000;:FUNC:DEV1:MODE OFF;:FUNC:DEV1:REF:VAL 0;:FUNC:DEV2:MODE OFF;:FUNC:DEV2:REF:VAL 0;:FUNC:IMP:TYPE LSRS;:FUNC:SMON:IDC:STAT OFF;:FUNC:SMON:VDC:STAT OFF;:INIT:CONT OFF;:LIST:MODE SEQ;:LIST:STIM:TYPE FREQ,NONE;:SOUR:DCS:VOLT:LEV 0;:TRIG:DEL 0;:TRIG:SOUR INT;:TRIG:TDEL 0;:DISP:WIND:TEXT1:DATA:FMSD:STAT OFF;:DISP:WIND:TEXT2:DATA:FMSD:STAT OFF;:FUNC:DCR:RANG:VAL 100;:FUNC:IMP:RANG:VAL 0.1;:OUTP:DC:ISOL:LEV:VAL 0.1;:OUTP:DC:ISOL:STAT OFF;:FUNC:DCR:RANG:AUTO ON;:FUNC:IMP:RANG:AUTO ON;:OUTP:DC:ISOL:LEV:AUTO ON;:DISP:PAGE MLARge;
"
5000.0,2.290388769e-07,0.02972926039
5000.0,2.29036872e-07,0.02972915474
5000.0,2.290396414e-07,0.02972892833
5000.0,2.2903859e-07,0.02972805466
5000.0,2.290364072e-07,0.02972748386
5000.0,2.290383445e-07,0.02972704313
5000.0,2.290394309e-07,0.02972647119
5000.0,2.290434725e-07,0.02972637261
5000.0,2.290531409e-07,0.02972619187
5000.0,2.290462097e-07,0.02972534158
5000.0,2.290342154e-07,0.02972689265
5000.0,2.290408346e-07,0.02972867365
5000.0,2.290410012e-07,0.0297281134
5000.0,2.290464302e-07,0.02972800856
5000.0,2.29046978e-07,0.02972748471
5000.0,2.290531125e-07,0.02972722883
Freq,5000,Rs,0.02972754401,1.140682242993531e-06,Ls,2.2904209736875e-07,5.652090816055673e-12
":SOUR:DCS:STAT OFF;:BIAS:STAT OFF;:COMP:BIN:COUN:CLE;:LIST:CLE:ALL;:COMP:BIN:CLE;:AMPL:ALC ON;:APER LONG,16;:BIAS:POL:AUTO OFF;:BIAS:RANG:AUTO ON;:BIAS:VOLT:LEV 0;:COMP:ABIN OFF;:COMP:BIN:COUN:STAT OFF;:COMP:MODE PTOL;:COMP:SLIM -9.9e+037,9.9e+037;:COMP:STAT OFF;:COMP:SWAP OFF;:COMP:TOL:NOM 0;:CURR:LEV 0.1;:DISP:ENAB ON;:DISP:LINE """";:DISP:WIND:TEXT1:DATA:FMSD:DATA 1e-009;:DISP:WIND:TEXT2:DATA:FMSD:DATA 1e-009;:FORM:ASC:LONG ON;:FORM:BORD NORM;:FORM:DATA ASC,64;:FREQ:CW 5000;:FUNC:DEV1:MODE OFF;:FUNC:DEV1:REF:VAL 0;:FUNC:DEV2:MODE OFF;:FUNC:DEV2:REF:VAL 0;:FUNC:IMP:TYPE LSRS;:FUNC:SMON:IDC:STAT OFF;:FUNC:SMON:VDC:STAT OFF;:INIT:CONT OFF;:LIST:MODE SEQ;:LIST:STIM:TYPE FREQ,NONE;:SOUR:DCS:VOLT:LEV 0;:TRIG:DEL 0;:TRIG:SOUR INT;:TRIG:TDEL 0;:DISP:WIND:TEXT1:DATA:FMSD:STAT OFF;:DISP:WIND:TEXT2:DATA:FMSD:STAT OFF;:FUNC:DCR:RANG:VAL 100;:FUNC:IMP:RANG:VAL 0.1;:OUTP:DC:ISOL:LEV:VAL 0.1;:OUTP:DC:ISOL:STAT OFF;:FUNC:DCR:RANG:AUTO ON;:FUNC:IMP:RANG:AUTO ON;:OUTP:DC:ISOL:LEV:AUTO ON;:DISP:PAGE MLARge;
"
":SOUR:DCS:STAT OFF;:BIAS:STAT OFF;:COMP:BIN:COUN:CLE;:LIST:CLE:ALL;:COMP:BIN:CLE;:AMPL:ALC ON;:APER LONG,16;:BIAS:POL:AUTO OFF;:BIAS:RANG:AUTO ON;:BIAS:VOLT:LEV 0;:COMP:ABIN OFF;:COMP:BIN:COUN:STAT OFF;:COMP:MODE PTOL;:COMP:SLIM -9.9e+037,9.9e+037;:COMP:STAT OFF;:COMP:SWAP OFF;:COMP:TOL:NOM 0;:CURR:LEV 0.1;:DISP:ENAB ON;:DISP:LINE """";:DISP:WIND:TEXT1:DATA:FMSD:DATA 1e-009;:DISP:WIND:TEXT2:DATA:FMSD:DATA 1e-009;:FORM:ASC:LONG ON;:FORM:BORD NORM;:FORM:DATA ASC,64;:FREQ:CW 5000;:FUNC:DEV1:MODE OFF;:FUNC:DEV1:REF:VAL 0;:FUNC:DEV2:MODE OFF;:FUNC:DEV2:REF:VAL 0;:FUNC:IMP:TYPE LSRS;:FUNC:SMON:IDC:STAT OFF;:FUNC:SMON:VDC:STAT OFF;:INIT:CONT OFF;:LIST:MODE SEQ;:LIST:STIM:TYPE FREQ,NONE;:SOUR:DCS:VOLT:LEV 0;:TRIG:DEL 0;:TRIG:SOUR INT;:TRIG:TDEL 0;:DISP:WIND:TEXT1:DATA:FMSD:STAT OFF;:DISP:WIND:TEXT2:DATA:FMSD:STAT OFF;:FUNC:DCR:RANG:VAL 100;:FUNC:IMP:RANG:VAL 0.1;:OUTP:DC:ISOL:LEV:VAL 0.1;:OUTP:DC:ISOL:STAT OFF;:FUNC:DCR:RANG:AUTO ON;:FUNC:IMP:RANG:AUTO ON;:OUTP:DC:ISOL:LEV:AUTO ON;:DISP:PAGE MLARge;
"
2022-09-12,15:01:24
---------run finished---------
lcr name:,KeySight E4980A
Name and description of Resistor under test: ,RE0R
GPIB source:,<bound method MessageBasedResource.read of <'GPIBInstrument'('GPIB0::17::INSTR')>>
2022-09-12,15:08:27
select the freq range,"[50, 100, 200, 300, 500, 800, 1000, 1591.5494309189535, 2000, 3000, 5000]"
lcr name:,KeySight E4980A
Name and description of Resistor under test: ,RE0R
GPIB source:,<bound method MessageBasedResource.read of <'GPIBInstrument'('GPIB0::17::INSTR')>>
2022-09-12,15:23:29
select the freq range,"[50, 100, 200, 300, 500, 800, 1000, 1591.5494309189535, 2000, 3000, 5000]"
lcr name:,KeySight E4980A
Name and description of Resistor under test: ,RE0r
GPIB source:,<bound method MessageBasedResource.read of <'GPIBInstrument'('GPIB0::17::INSTR')>>
2022-09-12,15:24:26
select the freq range,"[50, 100, 200, 300, 500, 800, 1000, 1591.5494309189535, 2000, 3000, 5000]"
50.0,2.925557597e-07,0.02964631877
50.0,3.017051141e-07,0.02964742684
50.0,3.070341391e-07,0.02964393654
50.0,3.045318591e-07,0.02964163748
50.0,2.986321718e-07,0.02964077339
50.0,3.052597503e-07,0.0296417482
50.0,3.050085028e-07,0.02964545546
50.0,2.896757829e-07,0.02964491505
50.0,2.958130307e-07,0.02964067409
50.0,3.07230841e-07,0.02964320104
50.0,2.974722869e-07,0.02964569499
50.0,2.939607762e-07,0.02964534967
50.0,2.934206024e-07,0.02964554376
50.0,2.893650381e-07,0.0296437716
50.0,2.905538329e-07,0.02964066629
50.0,2.9710417e-07,0.02963862776
Freq,50,Rs,0.029643483808125003,2.5256556447207707e-06,Ls,2.9808272862499996e-07,6.310946701898436e-09
":SOUR:DCS:STAT OFF;:BIAS:STAT OFF;:COMP:BIN:COUN:CLE;:LIST:CLE:ALL;:COMP:BIN:CLE;:AMPL:ALC ON;:APER LONG,16;:BIAS:POL:AUTO OFF;:BIAS:RANG:AUTO ON;:BIAS:VOLT:LEV 0;:COMP:ABIN OFF;:COMP:BIN:COUN:STAT OFF;:COMP:MODE PTOL;:COMP:SLIM -9.9e+037,9.9e+037;:COMP:STAT OFF;:COMP:SWAP OFF;:COMP:TOL:NOM 0;:CURR:LEV 0.1;:DISP:ENAB ON;:DISP:LINE """";:DISP:WIND:TEXT1:DATA:FMSD:DATA 1e-009;:DISP:WIND:TEXT2:DATA:FMSD:DATA 1e-009;:FORM:ASC:LONG ON;:FORM:BORD NORM;:FORM:DATA ASC,64;:FREQ:CW 50;:FUNC:DEV1:MODE OFF;:FUNC:DEV1:REF:VAL 0;:FUNC:DEV2:MODE OFF;:FUNC:DEV2:REF:VAL 0;:FUNC:IMP:TYPE LSRS;:FUNC:SMON:IDC:STAT OFF;:FUNC:SMON:VDC:STAT OFF;:INIT:CONT OFF;:LIST:MODE SEQ;:LIST:STIM:TYPE FREQ,NONE;:SOUR:DCS:VOLT:LEV 0;:TRIG:DEL 0;:TRIG:SOUR INT;:TRIG:TDEL 0;:DISP:WIND:TEXT1:DATA:FMSD:STAT OFF;:DISP:WIND:TEXT2:DATA:FMSD:STAT OFF;:FUNC:DCR:RANG:VAL 100;:FUNC:IMP:RANG:VAL 0.1;:OUTP:DC:ISOL:LEV:VAL 0.1;:OUTP:DC:ISOL:STAT OFF;:FUNC:DCR:RANG:AUTO ON;:FUNC:IMP:RANG:AUTO ON;:OUTP:DC:ISOL:LEV:AUTO ON;:DISP:PAGE MEASurement;
"
100.0,2.514202915e-07,0.02962208627
100.0,2.529623448e-07,0.02962223552
100.0,2.517797575e-07,0.02962209871
100.0,2.521463994e-07,0.02962208892
100.0,2.516046359e-07,0.02962236559
100.0,2.514781123e-07,0.02962221873
100.0,2.516735507e-07,0.02962233956
100.0,2.51760562e-07,0.02962223523
100.0,2.514609626e-07,0.02962198109
100.0,2.523000404e-07,0.0296219541
100.0,2.518297083e-07,0.02962126554
100.0,2.519120392e-07,0.02962127548
100.0,2.514418426e-07,0.02962123688
100.0,2.520724152e-07,0.02962151077
100.0,2.519531881e-07,0.02962103995
100.0,2.525328905e-07,0.02962112541
Freq,100,Rs,0.029621816109374997,4.807473590076179e-07,Ls,2.518955463125e-07,4.297587144865518e-10
":SOUR:DCS:STAT OFF;:BIAS:STAT OFF;:COMP:BIN:COUN:CLE;:LIST:CLE:ALL;:COMP:BIN:CLE;:AMPL:ALC ON;:APER LONG,16;:BIAS:POL:AUTO OFF;:BIAS:RANG:AUTO ON;:BIAS:VOLT:LEV 0;:COMP:ABIN OFF;:COMP:BIN:COUN:STAT OFF;:COMP:MODE PTOL;:COMP:SLIM -9.9e+037,9.9e+037;:COMP:STAT OFF;:COMP:SWAP OFF;:COMP:TOL:NOM 0;:CURR:LEV 0.1;:DISP:ENAB ON;:DISP:LINE """";:DISP:WIND:TEXT1:DATA:FMSD:DATA 1e-009;:DISP:WIND:TEXT2:DATA:FMSD:DATA 1e-009;:FORM:ASC:LONG ON;:FORM:BORD NORM;:FORM:DATA ASC,64;:FREQ:CW 100;:FUNC:DEV1:MODE OFF;:FUNC:DEV1:REF:VAL 0;:FUNC:DEV2:MODE OFF;:FUNC:DEV2:REF:VAL 0;:FUNC:IMP:TYPE LSRS;:FUNC:SMON:IDC:STAT OFF;:FUNC:SMON:VDC:STAT OFF;:INIT:CONT OFF;:LIST:MODE SEQ;:LIST:STIM:TYPE FREQ,NONE;:SOUR:DCS:VOLT:LEV 0;:TRIG:DEL 0;:TRIG:SOUR INT;:TRIG:TDEL 0;:DISP:WIND:TEXT1:DATA:FMSD:STAT OFF;:DISP:WIND:TEXT2:DATA:FMSD:STAT OFF;:FUNC:DCR:RANG:VAL 100;:FUNC:IMP:RANG:VAL 0.1;:OUTP:DC:ISOL:LEV:VAL 0.1;:OUTP:DC:ISOL:STAT OFF;:FUNC:DCR:RANG:AUTO ON;:FUNC:IMP:RANG:AUTO ON;:OUTP:DC:ISOL:LEV:AUTO ON;:DISP:PAGE MEASurement;
"
200.0,2.496723915e-07,0.0296416963
200.0,2.498580038e-07,0.02964157681
200.0,2.499561845e-07,0.02964160396
200.0,2.496955186e-07,0.02964171309
200.0,2.497044692e-07,0.02964229653
200.0,2.498573678e-07,0.02964194305
200.0,2.497843919e-07,0.02964192126
200.0,2.498127635e-07,0.02964215659
200.0,2.494952622e-07,0.02964200239
200.0,2.497018262e-07,0.02964217494
200.0,2.49978693e-07,0.02964162835
200.0,2.498624518e-07,0.02964224428
200.0,2.49881607e-07,0.02964149608
200.0,2.497105893e-07,0.02964125084
200.0,2.498429757e-07,0.02964126025
200.0,2.496313908e-07,0.02964152159
Freq,200,Rs,0.029641780394375,3.347082894695038e-07,Ls,2.49777867925e-07,1.2733404239283005e-10
":SOUR:DCS:STAT OFF;:BIAS:STAT OFF;:COMP:BIN:COUN:CLE;:LIST:CLE:ALL;:COMP:BIN:CLE;:AMPL:ALC ON;:APER LONG,16;:BIAS:POL:AUTO OFF;:BIAS:RANG:AUTO ON;:BIAS:VOLT:LEV 0;:COMP:ABIN OFF;:COMP:BIN:COUN:STAT OFF;:COMP:MODE PTOL;:COMP:SLIM -9.9e+037,9.9e+037;:COMP:STAT OFF;:COMP:SWAP OFF;:COMP:TOL:NOM 0;:CURR:LEV 0.1;:DISP:ENAB ON;:DISP:LINE """";:DISP:WIND:TEXT1:DATA:FMSD:DATA 1e-009;:DISP:WIND:TEXT2:DATA:FMSD:DATA 1e-009;:FORM:ASC:LONG ON;:FORM:BORD NORM;:FORM:DATA ASC,64;:FREQ:CW 200;:FUNC:DEV1:MODE OFF;:FUNC:DEV1:REF:VAL 0;:FUNC:DEV2:MODE OFF;:FUNC:DEV2:REF:VAL 0;:FUNC:IMP:TYPE LSRS;:FUNC:SMON:IDC:STAT OFF;:FUNC:SMON:VDC:STAT OFF;:INIT:CONT OFF;:LIST:MODE SEQ;:LIST:STIM:TYPE FREQ,NONE;:SOUR:DCS:VOLT:LEV 0;:TRIG:DEL 0;:TRIG:SOUR INT;:TRIG:TDEL 0;:DISP:WIND:TEXT1:DATA:FMSD:STAT OFF;:DISP:WIND:TEXT2:DATA:FMSD:STAT OFF;:FUNC:DCR:RANG:VAL 100;:FUNC:IMP:RANG:VAL 0.1;:OUTP:DC:ISOL:LEV:VAL 0.1;:OUTP:DC:ISOL:STAT OFF;:FUNC:DCR:RANG:AUTO ON;:FUNC:IMP:RANG:AUTO ON;:OUTP:DC:ISOL:LEV:AUTO ON;:DISP:PAGE MEASurement;
"
300.0,2.378440011e-07,0.02964782415
300.0,2.377286368e-07,0.02964748639
300.0,2.377657944e-07,0.02964721405
300.0,2.377555639e-07,0.02964730459
300.0,2.377496511e-07,0.02964687899
300.0,2.377974302e-07,0.02964696182
300.0,2.376879841e-07,0.02964673679
300.0,2.377535776e-07,0.02964641628
300.0,2.378836573e-07,0.02964654289
300.0,2.377742286e-07,0.02964579566
300.0,2.37705438e-07,0.02964589559
300.0,2.377385126e-07,0.02964539451
300.0,2.377213567e-07,0.02964553898
300.0,2.376220745e-07,0.0296449102
300.0,2.376936009e-07,0.02964468026
300.0,2.377737659e-07,0.02964409851
Freq,300,Rs,0.02964622997875,1.0878713875263847e-06,Ls,2.3774970460624997e-07,6.17415114279598e-11
":SOUR:DCS:STAT OFF;:BIAS:STAT OFF;:COMP:BIN:COUN:CLE;:LIST:CLE:ALL;:COMP:BIN:CLE;:AMPL:ALC ON;:APER LONG,16;:BIAS:POL:AUTO OFF;:BIAS:RANG:AUTO ON;:BIAS:VOLT:LEV 0;:COMP:ABIN OFF;:COMP:BIN:COUN:STAT OFF;:COMP:MODE PTOL;:COMP:SLIM -9.9e+037,9.9e+037;:COMP:STAT OFF;:COMP:SWAP OFF;:COMP:TOL:NOM 0;:CURR:LEV 0.1;:DISP:ENAB ON;:DISP:LINE """";:DISP:WIND:TEXT1:DATA:FMSD:DATA 1e-009;:DISP:WIND:TEXT2:DATA:FMSD:DATA 1e-009;:FORM:ASC:LONG ON;:FORM:BORD NORM;:FORM:DATA ASC,64;:FREQ:CW 300;:FUNC:DEV1:MODE OFF;:FUNC:DEV1:REF:VAL 0;:FUNC:DEV2:MODE OFF;:FUNC:DEV2:REF:VAL 0;:FUNC:IMP:TYPE LSRS;:FUNC:SMON:IDC:STAT OFF;:FUNC:SMON:VDC:STAT OFF;:INIT:CONT OFF;:LIST:MODE SEQ;:LIST:STIM:TYPE FREQ,NONE;:SOUR:DCS:VOLT:LEV 0;:TRIG:DEL 0;:TRIG:SOUR INT;:TRIG:TDEL 0;:DISP:WIND:TEXT1:DATA:FMSD:STAT OFF;:DISP:WIND:TEXT2:DATA:FMSD:STAT OFF;:FUNC:DCR:RANG:VAL 100;:FUNC:IMP:RANG:VAL 0.1;:OUTP:DC:ISOL:LEV:VAL 0.1;:OUTP:DC:ISOL:STAT OFF;:FUNC:DCR:RANG:AUTO ON;:FUNC:IMP:RANG:AUTO ON;:OUTP:DC:ISOL:LEV:AUTO ON;:DISP:PAGE MEASurement;
"
500.0,2.315746208e-07,0.02965422761
500.0,2.31583934e-07,0.02965385388
500.0,2.316295006e-07,0.02965318317
500.0,2.316315161e-07,0.02965286737
500.0,2.315977817e-07,0.02965233483
500.0,2.31604188e-07,0.02965239548
500.0,2.315838297e-07,0.0296517883
500.0,2.316220276e-07,0.02965166702
500.0,2.315436077e-07,0.02965117283
500.0,2.316240481e-07,0.02965101484
500.0,2.315684587e-07,0.02965076376
500.0,2.315746005e-07,0.02965054075
500.0,2.315749481e-07,0.02965031858
500.0,2.315973411e-07,0.0296501979
500.0,2.316341663e-07,0.02965003987
500.0,2.316068736e-07,0.02964994867
Freq,500,Rs,0.02965164467875,1.3758088229009217e-06,Ls,2.315969651625e-07,2.662730546743163e-11
":SOUR:DCS:STAT OFF;:BIAS:STAT OFF;:COMP:BIN:COUN:CLE;:LIST:CLE:ALL;:COMP:BIN:CLE;:AMPL:ALC ON;:APER LONG,16;:BIAS:POL:AUTO OFF;:BIAS:RANG:AUTO ON;:BIAS:VOLT:LEV 0;:COMP:ABIN OFF;:COMP:BIN:COUN:STAT OFF;:COMP:MODE PTOL;:COMP:SLIM -9.9e+037,9.9e+037;:COMP:STAT OFF;:COMP:SWAP OFF;:COMP:TOL:NOM 0;:CURR:LEV 0.1;:DISP:ENAB ON;:DISP:LINE """";:DISP:WIND:TEXT1:DATA:FMSD:DATA 1e-009;:DISP:WIND:TEXT2:DATA:FMSD:DATA 1e-009;:FORM:ASC:LONG ON;:FORM:BORD NORM;:FORM:DATA ASC,64;:FREQ:CW 500;:FUNC:DEV1:MODE OFF;:FUNC:DEV1:REF:VAL 0;:FUNC:DEV2:MODE OFF;:FUNC:DEV2:REF:VAL 0;:FUNC:IMP:TYPE LSRS;:FUNC:SMON:IDC:STAT OFF;:FUNC:SMON:VDC:STAT OFF;:INIT:CONT OFF;:LIST:MODE SEQ;:LIST:STIM:TYPE FREQ,NONE;:SOUR:DCS:VOLT:LEV 0;:TRIG:DEL 0;:TRIG:SOUR INT;:TRIG:TDEL 0;:DISP:WIND:TEXT1:DATA:FMSD:STAT OFF;:DISP:WIND:TEXT2:DATA:FMSD:STAT OFF;:FUNC:DCR:RANG:VAL 100;:FUNC:IMP:RANG:VAL 0.1;:OUTP:DC:ISOL:LEV:VAL 0.1;:OUTP:DC:ISOL:STAT OFF;:FUNC:DCR:RANG:AUTO ON;:FUNC:IMP:RANG:AUTO ON;:OUTP:DC:ISOL:LEV:AUTO ON;:DISP:PAGE MEASurement;
"
800.0,2.296829291e-07,0.02965783394
800.0,2.29679266e-07,0.02965774073
800.0,2.297041623e-07,0.02965759868
800.0,2.296692197e-07,0.02965748431
800.0,2.296801746e-07,0.02965724862
800.0,2.296736043e-07,0.02965714618
800.0,2.296814724e-07,0.02965687139
800.0,2.296948422e-07,0.02965714416
800.0,2.296652475e-07,0.02965678075
800.0,2.297126632e-07,0.02965681265
800.0,2.296944429e-07,0.02965657
800.0,2.296697196e-07,0.02965628552
800.0,2.296626696e-07,0.02965613577
800.0,2.296903284e-07,0.02965599875
800.0,2.296655427e-07,0.02965561306
800.0,2.296719809e-07,0.02965547468
Freq,800,Rs,0.029656796199375,7.33539808976528e-07,Ls,2.2968114158750003e-07,1.4676138774658774e-11
":SOUR:DCS:STAT OFF;:BIAS:STAT OFF;:COMP:BIN:COUN:CLE;:LIST:CLE:ALL;:COMP:BIN:CLE;:AMPL:ALC ON;:APER LONG,16;:BIAS:POL:AUTO OFF;:BIAS:RANG:AUTO ON;:BIAS:VOLT:LEV 0;:COMP:ABIN OFF;:COMP:BIN:COUN:STAT OFF;:COMP:MODE PTOL;:COMP:SLIM -9.9e+037,9.9e+037;:COMP:STAT OFF;:COMP:SWAP OFF;:COMP:TOL:NOM 0;:CURR:LEV 0.1;:DISP:ENAB ON;:DISP:LINE """";:DISP:WIND:TEXT1:DATA:FMSD:DATA 1e-009;:DISP:WIND:TEXT2:DATA:FMSD:DATA 1e-009;:FORM:ASC:LONG ON;:FORM:BORD NORM;:FORM:DATA ASC,64;:FREQ:CW 800;:FUNC:DEV1:MODE OFF;:FUNC:DEV1:REF:VAL 0;:FUNC:DEV2:MODE OFF;:FUNC:DEV2:REF:VAL 0;:FUNC:IMP:TYPE LSRS;:FUNC:SMON:IDC:STAT OFF;:FUNC:SMON:VDC:STAT OFF;:INIT:CONT OFF;:LIST:MODE SEQ;:LIST:STIM:TYPE FREQ,NONE;:SOUR:DCS:VOLT:LEV 0;:TRIG:DEL 0;:TRIG:SOUR INT;:TRIG:TDEL 0;:DISP:WIND:TEXT1:DATA:FMSD:STAT OFF;:DISP:WIND:TEXT2:DATA:FMSD:STAT OFF;:FUNC:DCR:RANG:VAL 100;:FUNC:IMP:RANG:VAL 0.1;:OUTP:DC:ISOL:LEV:VAL 0.1;:OUTP:DC:ISOL:STAT OFF;:FUNC:DCR:RANG:AUTO ON;:FUNC:IMP:RANG:AUTO ON;:OUTP:DC:ISOL:LEV:AUTO ON;:DISP:PAGE MEASurement;
"
1000.0,2.289847908e-07,0.02964759436
1000.0,2.289445631e-07,0.02964745547
1000.0,2.289771451e-07,0.02964780826
1000.0,2.289790978e-07,0.02964771127
1000.0,2.289992394e-07,0.02964754319
1000.0,2.289776942e-07,0.02964771321
1000.0,2.289944974e-07,0.029647876
1000.0,2.289826451e-07,0.02964804648
1000.0,2.289858233e-07,0.02964811865
1000.0,2.289878932e-07,0.02964816216
1000.0,2.289980229e-07,0.02964770468
1000.0,2.289560853e-07,0.02964781124
1000.0,2.289770589e-07,0.02964757754
1000.0,2.289849429e-07,0.02964751867
1000.0,2.28997928e-07,0.02964724734
1000.0,2.290340425e-07,0.02964706949
Freq,1000,Rs,0.029647684875625004,2.9512790203491405e-07,Ls,2.2898509186875e-07,1.9550851581616716e-11
":SOUR:DCS:STAT OFF;:BIAS:STAT OFF;:COMP:BIN:COUN:CLE;:LIST:CLE:ALL;:COMP:BIN:CLE;:AMPL:ALC ON;:APER LONG,16;:BIAS:POL:AUTO OFF;:BIAS:RANG:AUTO ON;:BIAS:VOLT:LEV 0;:COMP:ABIN OFF;:COMP:BIN:COUN:STAT OFF;:COMP:MODE PTOL;:COMP:SLIM -9.9e+037,9.9e+037;:COMP:STAT OFF;:COMP:SWAP OFF;:COMP:TOL:NOM 0;:CURR:LEV 0.1;:DISP:ENAB ON;:DISP:LINE """";:DISP:WIND:TEXT1:DATA:FMSD:DATA 1e-009;:DISP:WIND:TEXT2:DATA:FMSD:DATA 1e-009;:FORM:ASC:LONG ON;:FORM:BORD NORM;:FORM:DATA ASC,64;:FREQ:CW 1000;:FUNC:DEV1:MODE OFF;:FUNC:DEV1:REF:VAL 0;:FUNC:DEV2:MODE OFF;:FUNC:DEV2:REF:VAL 0;:FUNC:IMP:TYPE LSRS;:FUNC:SMON:IDC:STAT OFF;:FUNC:SMON:VDC:STAT OFF;:INIT:CONT OFF;:LIST:MODE SEQ;:LIST:STIM:TYPE FREQ,NONE;:SOUR:DCS:VOLT:LEV 0;:TRIG:DEL 0;:TRIG:SOUR INT;:TRIG:TDEL 0;:DISP:WIND:TEXT1:DATA:FMSD:STAT OFF;:DISP:WIND:TEXT2:DATA:FMSD:STAT OFF;:FUNC:DCR:RANG:VAL 100;:FUNC:IMP:RANG:VAL 0.1;:OUTP:DC:ISOL:LEV:VAL 0.1;:OUTP:DC:ISOL:STAT OFF;:FUNC:DCR:RANG:AUTO ON;:FUNC:IMP:RANG:AUTO ON;:OUTP:DC:ISOL:LEV:AUTO ON;:DISP:PAGE MEASurement;
"
1591.5494309189535,2.288252402e-07,0.02964649041
1591.5494309189535,2.288227333e-07,0.0296461683
1591.5494309189535,2.288364774e-07,0.02964569213
1591.5494309189535,2.288239987e-07,0.02964550089
1591.5494309189535,2.288477196e-07,0.02964522077
1591.5494309189535,2.288464e-07,0.02964494432
1591.5494309189535,2.288277295e-07,0.02964489295
1591.5494309189535,2.288357651e-07,0.02964458302
1591.5494309189535,2.28839776e-07,0.02964431846
1591.5494309189535,2.288527452e-07,0.02964410507
1591.5494309189535,2.288213493e-07,0.02964386477
1591.5494309189535,2.288485088e-07,0.02964329622
1591.5494309189535,2.288244266e-07,0.02964332356
1591.5494309189535,2.288306158e-07,0.02964295579
1591.5494309189535,2.288480592e-07,0.02964296643
1591.5494309189535,2.288180849e-07,0.02964256456
Freq,1591.5494309189535,Rs,0.029644430478124997,1.2076616816985346e-06,Ls,2.2883435185e-07,1.1551686837458436e-11
":SOUR:DCS:STAT OFF;:BIAS:STAT OFF;:COMP:BIN:COUN:CLE;:LIST:CLE:ALL;:COMP:BIN:CLE;:AMPL:ALC ON;:APER LONG,16;:BIAS:POL:AUTO OFF;:BIAS:RANG:AUTO ON;:BIAS:VOLT:LEV 0;:COMP:ABIN OFF;:COMP:BIN:COUN:STAT OFF;:COMP:MODE PTOL;:COMP:SLIM -9.9e+037,9.9e+037;:COMP:STAT OFF;:COMP:SWAP OFF;:COMP:TOL:NOM 0;:CURR:LEV 0.1;:DISP:ENAB ON;:DISP:LINE """";:DISP:WIND:TEXT1:DATA:FMSD:DATA 1e-009;:DISP:WIND:TEXT2:DATA:FMSD:DATA 1e-009;:FORM:ASC:LONG ON;:FORM:BORD NORM;:FORM:DATA ASC,64;:FREQ:CW 1592;:FUNC:DEV1:MODE OFF;:FUNC:DEV1:REF:VAL 0;:FUNC:DEV2:MODE OFF;:FUNC:DEV2:REF:VAL 0;:FUNC:IMP:TYPE LSRS;:FUNC:SMON:IDC:STAT OFF;:FUNC:SMON:VDC:STAT OFF;:INIT:CONT OFF;:LIST:MODE SEQ;:LIST:STIM:TYPE FREQ,NONE;:SOUR:DCS:VOLT:LEV 0;:TRIG:DEL 0;:TRIG:SOUR INT;:TRIG:TDEL 0;:DISP:WIND:TEXT1:DATA:FMSD:STAT OFF;:DISP:WIND:TEXT2:DATA:FMSD:STAT OFF;:FUNC:DCR:RANG:VAL 100;:FUNC:IMP:RANG:VAL 0.1;:OUTP:DC:ISOL:LEV:VAL 0.1;:OUTP:DC:ISOL:STAT OFF;:FUNC:DCR:RANG:AUTO ON;:FUNC:IMP:RANG:AUTO ON;:OUTP:DC:ISOL:LEV:AUTO ON;:DISP:PAGE MEASurement;
"
2000.0,2.292810661e-07,0.02964946106
2000.0,2.292785421e-07,0.0296495821
2000.0,2.292783695e-07,0.02964931421
2000.0,2.292816211e-07,0.0296490754
2000.0,2.292740893e-07,0.02964913049
2000.0,2.2927069e-07,0.02964881506
2000.0,2.292813042e-07,0.02964890967
2000.0,2.292778229e-07,0.02964892614
2000.0,2.292821136e-07,0.02964888782
2000.0,2.292878655e-07,0.02964916092
2000.0,2.292703649e-07,0.02964901799
2000.0,2.292820598e-07,0.02964914853
2000.0,2.292778642e-07,0.02964909223
2000.0,2.292690306e-07,0.02964906808
2000.0,2.292697754e-07,0.02964905065
2000.0,2.29280345e-07,0.02964916631
Freq,2000,Rs,0.029649112916249998,2.0345415460209221e-07,Ls,2.292776827625e-07,5.438446168635989e-12
":SOUR:DCS:STAT OFF;:BIAS:STAT OFF;:COMP:BIN:COUN:CLE;:LIST:CLE:ALL;:COMP:BIN:CLE;:AMPL:ALC ON;:APER LONG,16;:BIAS:POL:AUTO OFF;:BIAS:RANG:AUTO ON;:BIAS:VOLT:LEV 0;:COMP:ABIN OFF;:COMP:BIN:COUN:STAT OFF;:COMP:MODE PTOL;:COMP:SLIM -9.9e+037,9.9e+037;:COMP:STAT OFF;:COMP:SWAP OFF;:COMP:TOL:NOM 0;:CURR:LEV 0.1;:DISP:ENAB ON;:DISP:LINE """";:DISP:WIND:TEXT1:DATA:FMSD:DATA 1e-009;:DISP:WIND:TEXT2:DATA:FMSD:DATA 1e-009;:FORM:ASC:LONG ON;:FORM:BORD NORM;:FORM:DATA ASC,64;:FREQ:CW 2000;:FUNC:DEV1:MODE OFF;:FUNC:DEV1:REF:VAL 0;:FUNC:DEV2:MODE OFF;:FUNC:DEV2:REF:VAL 0;:FUNC:IMP:TYPE LSRS;:FUNC:SMON:IDC:STAT OFF;:FUNC:SMON:VDC:STAT OFF;:INIT:CONT OFF;:LIST:MODE SEQ;:LIST:STIM:TYPE FREQ,NONE;:SOUR:DCS:VOLT:LEV 0;:TRIG:DEL 0;:TRIG:SOUR INT;:TRIG:TDEL 0;:DISP:WIND:TEXT1:DATA:FMSD:STAT OFF;:DISP:WIND:TEXT2:DATA:FMSD:STAT OFF;:FUNC:DCR:RANG:VAL 100;:FUNC:IMP:RANG:VAL 0.1;:OUTP:DC:ISOL:LEV:VAL 0.1;:OUTP:DC:ISOL:STAT OFF;:FUNC:DCR:RANG:AUTO ON;:FUNC:IMP:RANG:AUTO ON;:OUTP:DC:ISOL:LEV:AUTO ON;:DISP:PAGE MEASurement;
"
3000.0,2.293095098e-07,0.02965071535
3000.0,2.293254397e-07,0.02965064925
3000.0,2.293202686e-07,0.02965080168
3000.0,2.293117926e-07,0.02965061334
3000.0,2.293318684e-07,0.02965094413
3000.0,2.293367892e-07,0.02965077137
3000.0,2.293317721e-07,0.02965091413
3000.0,2.293336805e-07,0.0296508651
3000.0,2.293153366e-07,0.02965090715
3000.0,2.293280869e-07,0.0296509119
3000.0,2.292933065e-07,0.02965047477
3000.0,2.29304252e-07,0.02965037542
3000.0,2.293149962e-07,0.02965054487
3000.0,2.293177198e-07,0.02965052311
3000.0,2.293044078e-07,0.02965063268
3000.0,2.293184239e-07,0.02965060343
Freq,3000,Rs,0.02965070298,1.7728080839908627e-07,Ls,2.293186031625e-07,1.2241596036026218e-11
":SOUR:DCS:STAT OFF;:BIAS:STAT OFF;:COMP:BIN:COUN:CLE;:LIST:CLE:ALL;:COMP:BIN:CLE;:AMPL:ALC ON;:APER LONG,16;:BIAS:POL:AUTO OFF;:BIAS:RANG:AUTO ON;:BIAS:VOLT:LEV 0;:COMP:ABIN OFF;:COMP:BIN:COUN:STAT OFF;:COMP:MODE PTOL;:COMP:SLIM -9.9e+037,9.9e+037;:COMP:STAT OFF;:COMP:SWAP OFF;:COMP:TOL:NOM 0;:CURR:LEV 0.1;:DISP:ENAB ON;:DISP:LINE """";:DISP:WIND:TEXT1:DATA:FMSD:DATA 1e-009;:DISP:WIND:TEXT2:DATA:FMSD:DATA 1e-009;:FORM:ASC:LONG ON;:FORM:BORD NORM;:FORM:DATA ASC,64;:FREQ:CW 3000;:FUNC:DEV1:MODE OFF;:FUNC:DEV1:REF:VAL 0;:FUNC:DEV2:MODE OFF;:FUNC:DEV2:REF:VAL 0;:FUNC:IMP:TYPE LSRS;:FUNC:SMON:IDC:STAT OFF;:FUNC:SMON:VDC:STAT OFF;:INIT:CONT OFF;:LIST:MODE SEQ;:LIST:STIM:TYPE FREQ,NONE;:SOUR:DCS:VOLT:LEV 0;:TRIG:DEL 0;:TRIG:SOUR INT;:TRIG:TDEL 0;:DISP:WIND:TEXT1:DATA:FMSD:STAT OFF;:DISP:WIND:TEXT2:DATA:FMSD:STAT OFF;:FUNC:DCR:RANG:VAL 100;:FUNC:IMP:RANG:VAL 0.1;:OUTP:DC:ISOL:LEV:VAL 0.1;:OUTP:DC:ISOL:STAT OFF;:FUNC:DCR:RANG:AUTO ON;:FUNC:IMP:RANG:AUTO ON;:OUTP:DC:ISOL:LEV:AUTO ON;:DISP:PAGE MEASurement;
"
5000.0,2.289312056e-07,0.02968858378
5000.0,2.289336055e-07,0.02968835129
5000.0,2.289426885e-07,0.02968791964
5000.0,2.289353952e-07,0.02968817395
5000.0,2.289423886e-07,0.02968858332
5000.0,2.289288343e-07,0.02968806487
5000.0,2.28949921e-07,0.02968869016
5000.0,2.289506869e-07,0.02968871248
5000.0,2.289372284e-07,0.02968847381
5000.0,2.28934772e-07,0.02968847917
5000.0,2.289311831e-07,0.02968851552
5000.0,2.289318138e-07,0.02968832723
5000.0,2.289408262e-07,0.02968831109
5000.0,2.289474586e-07,0.02968807614
5000.0,2.289492307e-07,0.02968787191
5000.0,2.289445668e-07,0.02968752402
Freq,5000,Rs,0.029688291148749997,3.3121351928659483e-07,Ls,2.28939487825e-07,7.42796803085196e-12
":SOUR:DCS:STAT OFF;:BIAS:STAT OFF;:COMP:BIN:COUN:CLE;:LIST:CLE:ALL;:COMP:BIN:CLE;:AMPL:ALC ON;:APER LONG,16;:BIAS:POL:AUTO OFF;:BIAS:RANG:AUTO ON;:BIAS:VOLT:LEV 0;:COMP:ABIN OFF;:COMP:BIN:COUN:STAT OFF;:COMP:MODE PTOL;:COMP:SLIM -9.9e+037,9.9e+037;:COMP:STAT OFF;:COMP:SWAP OFF;:COMP:TOL:NOM 0;:CURR:LEV 0.1;:DISP:ENAB ON;:DISP:LINE """";:DISP:WIND:TEXT1:DATA:FMSD:DATA 1e-009;:DISP:WIND:TEXT2:DATA:FMSD:DATA 1e-009;:FORM:ASC:LONG ON;:FORM:BORD NORM;:FORM:DATA ASC,64;:FREQ:CW 5000;:FUNC:DEV1:MODE OFF;:FUNC:DEV1:REF:VAL 0;:FUNC:DEV2:MODE OFF;:FUNC:DEV2:REF:VAL 0;:FUNC:IMP:TYPE LSRS;:FUNC:SMON:IDC:STAT OFF;:FUNC:SMON:VDC:STAT OFF;:INIT:CONT OFF;:LIST:MODE SEQ;:LIST:STIM:TYPE FREQ,NONE;:SOUR:DCS:VOLT:LEV 0;:TRIG:DEL 0;:TRIG:SOUR INT;:TRIG:TDEL 0;:DISP:WIND:TEXT1:DATA:FMSD:STAT OFF;:DISP:WIND:TEXT2:DATA:FMSD:STAT OFF;:FUNC:DCR:RANG:VAL 100;:FUNC:IMP:RANG:VAL 0.1;:OUTP:DC:ISOL:LEV:VAL 0.1;:OUTP:DC:ISOL:STAT OFF;:FUNC:DCR:RANG:AUTO ON;:FUNC:IMP:RANG:AUTO ON;:OUTP:DC:ISOL:LEV:AUTO ON;:DISP:PAGE MEASurement;
"
":SOUR:DCS:STAT OFF;:BIAS:STAT OFF;:COMP:BIN:COUN:CLE;:LIST:CLE:ALL;:COMP:BIN:CLE;:AMPL:ALC ON;:APER LONG,16;:BIAS:POL:AUTO OFF;:BIAS:RANG:AUTO ON;:BIAS:VOLT:LEV 0;:COMP:ABIN OFF;:COMP:BIN:COUN:STAT OFF;:COMP:MODE PTOL;:COMP:SLIM -9.9e+037,9.9e+037;:COMP:STAT OFF;:COMP:SWAP OFF;:COMP:TOL:NOM 0;:CURR:LEV 0.1;:DISP:ENAB ON;:DISP:LINE """";:DISP:WIND:TEXT1:DATA:FMSD:DATA 1e-009;:DISP:WIND:TEXT2:DATA:FMSD:DATA 1e-009;:FORM:ASC:LONG ON;:FORM:BORD NORM;:FORM:DATA ASC,64;:FREQ:CW 5000;:FUNC:DEV1:MODE OFF;:FUNC:DEV1:REF:VAL 0;:FUNC:DEV2:MODE OFF;:FUNC:DEV2:REF:VAL 0;:FUNC:IMP:TYPE LSRS;:FUNC:SMON:IDC:STAT OFF;:FUNC:SMON:VDC:STAT OFF;:INIT:CONT OFF;:LIST:MODE SEQ;:LIST:STIM:TYPE FREQ,NONE;:SOUR:DCS:VOLT:LEV 0;:TRIG:DEL 0;:TRIG:SOUR INT;:TRIG:TDEL 0;:DISP:WIND:TEXT1:DATA:FMSD:STAT OFF;:DISP:WIND:TEXT2:DATA:FMSD:STAT OFF;:FUNC:DCR:RANG:VAL 100;:FUNC:IMP:RANG:VAL 0.1;:OUTP:DC:ISOL:LEV:VAL 0.1;:OUTP:DC:ISOL:STAT OFF;:FUNC:DCR:RANG:AUTO ON;:FUNC:IMP:RANG:AUTO ON;:OUTP:DC:ISOL:LEV:AUTO ON;:DISP:PAGE MEASurement;
"
2022-09-12,15:35:43
---------run finished---------
lcr name:,KeySight E4980A
Name and description of Resistor under test: ,BE0
GPIB source:,<bound method MessageBasedResource.read of <'GPIBInstrument'('GPIB0::17::INSTR')>>
2022-09-12,15:59:35
select the freq range,"[50, 100, 200, 300, 500, 800, 1000, 1591.5494309189535, 2000, 3000, 5000]"
50.0,2.937316374e-07,0.02345634352
50.0,2.942671083e-07,0.0234568986
50.0,2.953860385e-07,0.02345720838
50.0,2.977882188e-07,0.02345520911
50.0,2.985882409e-07,0.02345405665
50.0,2.973944882e-07,0.02345295084
50.0,2.978998924e-07,0.02345265027
50.0,2.992014833e-07,0.02345052251
50.0,2.971044941e-07,0.02344908604
50.0,2.984589298e-07,0.02344657287
50.0,2.969534719e-07,0.02344517377
50.0,2.971964818e-07,0.02344200063
50.0,2.886449323e-07,0.02343904846
50.0,2.815706237e-07,0.02343843306
50.0,2.800106674e-07,0.02343685348
50.0,2.812630866e-07,0.02343366358
Freq,50,Rs,0.023447916985625,7.845453137008754e-06,Ls,2.934662372125e-07,6.714425693164268e-09
":SOUR:DCS:STAT OFF;:BIAS:STAT OFF;:COMP:BIN:COUN:CLE;:LIST:CLE:ALL;:COMP:BIN:CLE;:AMPL:ALC ON;:APER LONG,16;:BIAS:POL:AUTO OFF;:BIAS:RANG:AUTO ON;:BIAS:VOLT:LEV 0;:COMP:ABIN OFF;:COMP:BIN:COUN:STAT OFF;:COMP:MODE PTOL;:COMP:SLIM -9.9e+037,9.9e+037;:COMP:STAT OFF;:COMP:SWAP OFF;:COMP:TOL:NOM 0;:CURR:LEV 0.1;:DISP:ENAB ON;:DISP:LINE """";:DISP:WIND:TEXT1:DATA:FMSD:DATA 1e-009;:DISP:WIND:TEXT2:DATA:FMSD:DATA 1e-009;:FORM:ASC:LONG ON;:FORM:BORD NORM;:FORM:DATA ASC,64;:FREQ:CW 50;:FUNC:DEV1:MODE OFF;:FUNC:DEV1:REF:VAL 0;:FUNC:DEV2:MODE OFF;:FUNC:DEV2:REF:VAL 0;:FUNC:IMP:TYPE LSRS;:FUNC:SMON:IDC:STAT OFF;:FUNC:SMON:VDC:STAT OFF;:INIT:CONT OFF;:LIST:MODE SEQ;:LIST:STIM:TYPE FREQ,NONE;:SOUR:DCS:VOLT:LEV 0;:TRIG:DEL 0;:TRIG:SOUR INT;:TRIG:TDEL 0;:DISP:WIND:TEXT1:DATA:FMSD:STAT OFF;:DISP:WIND:TEXT2:DATA:FMSD:STAT OFF;:FUNC:DCR:RANG:VAL 100;:FUNC:IMP:RANG:VAL 0.1;:OUTP:DC:ISOL:LEV:VAL 0.1;:OUTP:DC:ISOL:STAT OFF;:FUNC:DCR:RANG:AUTO ON;:FUNC:IMP:RANG:AUTO ON;:OUTP:DC:ISOL:LEV:AUTO ON;:DISP:PAGE MEASurement;
"
100.0,2.400610013e-07,0.02341461243
100.0,2.406327645e-07,0.02341305896
100.0,2.406787023e-07,0.02341169189
100.0,2.408464798e-07,0.02341036043
100.0,2.406661936e-07,0.02340920686
100.0,2.403982941e-07,0.0234080359
100.0,2.400077565e-07,0.02340667279
100.0,2.404977715e-07,0.02340492482
100.0,2.41322007e-07,0.02340339455
100.0,2.400485021e-07,0.02340265629
100.0,2.405499705e-07,0.02340108902
100.0,2.398758271e-07,0.02339961522
100.0,2.403833989e-07,0.02339845464
100.0,2.404428461e-07,0.02339738422
100.0,2.4108393e-07,0.02339604337
100.0,2.404307056e-07,0.02339531449
Freq,100,Rs,0.0234045322425,6.241329811821667e-06,Ls,2.4049538443124994e-07,3.89575348028525e-10
":SOUR:DCS:STAT OFF;:BIAS:STAT OFF;:COMP:BIN:COUN:CLE;:LIST:CLE:ALL;:COMP:BIN:CLE;:AMPL:ALC ON;:APER LONG,16;:BIAS:POL:AUTO OFF;:BIAS:RANG:AUTO ON;:BIAS:VOLT:LEV 0;:COMP:ABIN OFF;:COMP:BIN:COUN:STAT OFF;:COMP:MODE PTOL;:COMP:SLIM -9.9e+037,9.9e+037;:COMP:STAT OFF;:COMP:SWAP OFF;:COMP:TOL:NOM 0;:CURR:LEV 0.1;:DISP:ENAB ON;:DISP:LINE """";:DISP:WIND:TEXT1:DATA:FMSD:DATA 1e-009;:DISP:WIND:TEXT2:DATA:FMSD:DATA 1e-009;:FORM:ASC:LONG ON;:FORM:BORD NORM;:FORM:DATA ASC,64;:FREQ:CW 100;:FUNC:DEV1:MODE OFF;:FUNC:DEV1:REF:VAL 0;:FUNC:DEV2:MODE OFF;:FUNC:DEV2:REF:VAL 0;:FUNC:IMP:TYPE LSRS;:FUNC:SMON:IDC:STAT OFF;:FUNC:SMON:VDC:STAT OFF;:INIT:CONT OFF;:LIST:MODE SEQ;:LIST:STIM:TYPE FREQ,NONE;:SOUR:DCS:VOLT:LEV 0;:TRIG:DEL 0;:TRIG:SOUR INT;:TRIG:TDEL 0;:DISP:WIND:TEXT1:DATA:FMSD:STAT OFF;:DISP:WIND:TEXT2:DATA:FMSD:STAT OFF;:FUNC:DCR:RANG:VAL 100;:FUNC:IMP:RANG:VAL 0.1;:OUTP:DC:ISOL:LEV:VAL 0.1;:OUTP:DC:ISOL:STAT OFF;:FUNC:DCR:RANG:AUTO ON;:FUNC:IMP:RANG:AUTO ON;:OUTP:DC:ISOL:LEV:AUTO ON;:DISP:PAGE MEASurement;
"
200.0,2.379491979e-07,0.02341495339
200.0,2.383463191e-07,0.02341378277
200.0,2.380660202e-07,0.0234129893
200.0,2.378195818e-07,0.0234120006
200.0,2.378924982e-07,0.02341082204
200.0,2.38002922e-07,0.02340980898
200.0,2.383535196e-07,0.02340895821
200.0,2.378369426e-07,0.02340830723
200.0,2.37985497e-07,0.02340758936
200.0,2.378473971e-07,0.0234069715
200.0,2.381838167e-07,0.02340603118
200.0,2.380694944e-07,0.02340557826
200.0,2.380636751e-07,0.02340462323
200.0,2.380676511e-07,0.02340371423
200.0,2.378562318e-07,0.02340313487
200.0,2.380192647e-07,0.02340228196
Freq,200,Rs,0.023408221694375002,3.9264391223545515e-06,Ls,2.3802250183125e-07,1.6456862651939614e-10
":SOUR:DCS:STAT OFF;:BIAS:STAT OFF;:COMP:BIN:COUN:CLE;:LIST:CLE:ALL;:COMP:BIN:CLE;:AMPL:ALC ON;:APER LONG,16;:BIAS:POL:AUTO OFF;:BIAS:RANG:AUTO ON;:BIAS:VOLT:LEV 0;:COMP:ABIN OFF;:COMP:BIN:COUN:STAT OFF;:COMP:MODE PTOL;:COMP:SLIM -9.9e+037,9.9e+037;:COMP:STAT OFF;:COMP:SWAP OFF;:COMP:TOL:NOM 0;:CURR:LEV 0.1;:DISP:ENAB ON;:DISP:LINE """";:DISP:WIND:TEXT1:DATA:FMSD:DATA 1e-009;:DISP:WIND:TEXT2:DATA:FMSD:DATA 1e-009;:FORM:ASC:LONG ON;:FORM:BORD NORM;:FORM:DATA ASC,64;:FREQ:CW 200;:FUNC:DEV1:MODE OFF;:FUNC:DEV1:REF:VAL 0;:FUNC:DEV2:MODE OFF;:FUNC:DEV2:REF:VAL 0;:FUNC:IMP:TYPE LSRS;:FUNC:SMON:IDC:STAT OFF;:FUNC:SMON:VDC:STAT OFF;:INIT:CONT OFF;:LIST:MODE SEQ;:LIST:STIM:TYPE FREQ,NONE;:SOUR:DCS:VOLT:LEV 0;:TRIG:DEL 0;:TRIG:SOUR INT;:TRIG:TDEL 0;:DISP:WIND:TEXT1:DATA:FMSD:STAT OFF;:DISP:WIND:TEXT2:DATA:FMSD:STAT OFF;:FUNC:DCR:RANG:VAL 100;:FUNC:IMP:RANG:VAL 0.1;:OUTP:DC:ISOL:LEV:VAL 0.1;:OUTP:DC:ISOL:STAT OFF;:FUNC:DCR:RANG:AUTO ON;:FUNC:IMP:RANG:AUTO ON;:OUTP:DC:ISOL:LEV:AUTO ON;:DISP:PAGE MEASurement;
"
300.0,2.257011762e-07,0.02340755296
300.0,2.255629716e-07,0.02340700169
300.0,2.255642773e-07,0.02340638661
300.0,2.254885916e-07,0.0234059092
300.0,2.25608933e-07,0.02340569014
300.0,2.256283262e-07,0.02340509053
300.0,2.255627991e-07,0.02340443778
300.0,2.256674186e-07,0.02340378065
300.0,2.255441904e-07,0.02340299904
300.0,2.257789478e-07,0.02340276107
300.0,2.256230023e-07,0.02340183807
300.0,2.257841847e-07,0.0234013928
300.0,2.256531277e-07,0.02340072584
300.0,2.256481111e-07,0.023400613
300.0,2.256658226e-07,0.02340014994
300.0,2.25856141e-07,0.02339961123
Freq,300,Rs,0.023403496284375,2.601089537876961e-06,Ls,2.2564612632500002e-07,9.754759617458772e-11
":SOUR:DCS:STAT OFF;:BIAS:STAT OFF;:COMP:BIN:COUN:CLE;:LIST:CLE:ALL;:COMP:BIN:CLE;:AMPL:ALC ON;:APER LONG,16;:BIAS:POL:AUTO OFF;:BIAS:RANG:AUTO ON;:BIAS:VOLT:LEV 0;:COMP:ABIN OFF;:COMP:BIN:COUN:STAT OFF;:COMP:MODE PTOL;:COMP:SLIM -9.9e+037,9.9e+037;:COMP:STAT OFF;:COMP:SWAP OFF;:COMP:TOL:NOM 0;:CURR:LEV 0.1;:DISP:ENAB ON;:DISP:LINE """";:DISP:WIND:TEXT1:DATA:FMSD:DATA 1e-009;:DISP:WIND:TEXT2:DATA:FMSD:DATA 1e-009;:FORM:ASC:LONG ON;:FORM:BORD NORM;:FORM:DATA ASC,64;:FREQ:CW 300;:FUNC:DEV1:MODE OFF;:FUNC:DEV1:REF:VAL 0;:FUNC:DEV2:MODE OFF;:FUNC:DEV2:REF:VAL 0;:FUNC:IMP:TYPE LSRS;:FUNC:SMON:IDC:STAT OFF;:FUNC:SMON:VDC:STAT OFF;:INIT:CONT OFF;:LIST:MODE SEQ;:LIST:STIM:TYPE FREQ,NONE;:SOUR:DCS:VOLT:LEV 0;:TRIG:DEL 0;:TRIG:SOUR INT;:TRIG:TDEL 0;:DISP:WIND:TEXT1:DATA:FMSD:STAT OFF;:DISP:WIND:TEXT2:DATA:FMSD:STAT OFF;:FUNC:DCR:RANG:VAL 100;:FUNC:IMP:RANG:VAL 0.1;:OUTP:DC:ISOL:LEV:VAL 0.1;:OUTP:DC:ISOL:STAT OFF;:FUNC:DCR:RANG:AUTO ON;:FUNC:IMP:RANG:AUTO ON;:OUTP:DC:ISOL:LEV:AUTO ON;:DISP:PAGE MEASurement;
"
500.0,2.192179606e-07,0.02340999353
500.0,2.193063509e-07,0.0234095695
500.0,2.192831107e-07,0.02340887891
500.0,2.192990895e-07,0.02340831924
500.0,2.192519968e-07,0.02340812915
500.0,2.192533062e-07,0.02340799284
500.0,2.191684273e-07,0.02340740249
500.0,2.192403706e-07,0.02340656854
500.0,2.192378312e-07,0.02340628787
500.0,2.19309746e-07,0.02340596272
500.0,2.192453164e-07,0.02340541157
500.0,2.192385883e-07,0.02340494842
500.0,2.192630688e-07,0.02340425945
500.0,2.192159629e-07,0.02340389984
500.0,2.191769101e-07,0.02340361671
500.0,2.19216047e-07,0.02340302542
Freq,500,Rs,0.0234065166375,2.196749115080576e-06,Ls,2.1924525520625e-07,4.1475831499569856e-11
":SOUR:DCS:STAT OFF;:BIAS:STAT OFF;:COMP:BIN:COUN:CLE;:LIST:CLE:ALL;:COMP:BIN:CLE;:AMPL:ALC ON;:APER LONG,16;:BIAS:POL:AUTO OFF;:BIAS:RANG:AUTO ON;:BIAS:VOLT:LEV 0;:COMP:ABIN OFF;:COMP:BIN:COUN:STAT OFF;:COMP:MODE PTOL;:COMP:SLIM -9.9e+037,9.9e+037;:COMP:STAT OFF;:COMP:SWAP OFF;:COMP:TOL:NOM 0;:CURR:LEV 0.1;:DISP:ENAB ON;:DISP:LINE """";:DISP:WIND:TEXT1:DATA:FMSD:DATA 1e-009;:DISP:WIND:TEXT2:DATA:FMSD:DATA 1e-009;:FORM:ASC:LONG ON;:FORM:BORD NORM;:FORM:DATA ASC,64;:FREQ:CW 500;:FUNC:DEV1:MODE OFF;:FUNC:DEV1:REF:VAL 0;:FUNC:DEV2:MODE OFF;:FUNC:DEV2:REF:VAL 0;:FUNC:IMP:TYPE LSRS;:FUNC:SMON:IDC:STAT OFF;:FUNC:SMON:VDC:STAT OFF;:INIT:CONT OFF;:LIST:MODE SEQ;:LIST:STIM:TYPE FREQ,NONE;:SOUR:DCS:VOLT:LEV 0;:TRIG:DEL 0;:TRIG:SOUR INT;:TRIG:TDEL 0;:DISP:WIND:TEXT1:DATA:FMSD:STAT OFF;:DISP:WIND:TEXT2:DATA:FMSD:STAT OFF;:FUNC:DCR:RANG:VAL 100;:FUNC:IMP:RANG:VAL 0.1;:OUTP:DC:ISOL:LEV:VAL 0.1;:OUTP:DC:ISOL:STAT OFF;:FUNC:DCR:RANG:AUTO ON;:FUNC:IMP:RANG:AUTO ON;:OUTP:DC:ISOL:LEV:AUTO ON;:DISP:PAGE MEASurement;
"
800.0,2.172580406e-07,0.02341060366
800.0,2.17232384e-07,0.02341003563
800.0,2.172090565e-07,0.02340951125
800.0,2.172684215e-07,0.0234092288
800.0,2.171790795e-07,0.02340866006
800.0,2.172014203e-07,0.0234084376
800.0,2.172428921e-07,0.02340810832
800.0,2.172044615e-07,0.02340772807
800.0,2.172287726e-07,0.02340736445
800.0,2.172018912e-07,0.02340692436
800.0,2.171801329e-07,0.02340675933
800.0,2.172145597e-07,0.02340642477
800.0,2.171986479e-07,0.0234060847
800.0,2.17187431e-07,0.02340585357
800.0,2.172179918e-07,0.02340544601
800.0,2.172171885e-07,0.02340510396
Freq,800,Rs,0.02340764215875,1.6762595760240166e-06,Ls,2.17215148225e-07,2.5853254901528812e-11
":SOUR:DCS:STAT OFF;:BIAS:STAT OFF;:COMP:BIN:COUN:CLE;:LIST:CLE:ALL;:COMP:BIN:CLE;:AMPL:ALC ON;:APER LONG,16;:BIAS:POL:AUTO OFF;:BIAS:RANG:AUTO ON;:BIAS:VOLT:LEV 0;:COMP:ABIN OFF;:COMP:BIN:COUN:STAT OFF;:COMP:MODE PTOL;:COMP:SLIM -9.9e+037,9.9e+037;:COMP:STAT OFF;:COMP:SWAP OFF;:COMP:TOL:NOM 0;:CURR:LEV 0.1;:DISP:ENAB ON;:DISP:LINE """";:DISP:WIND:TEXT1:DATA:FMSD:DATA 1e-009;:DISP:WIND:TEXT2:DATA:FMSD:DATA 1e-009;:FORM:ASC:LONG ON;:FORM:BORD NORM;:FORM:DATA ASC,64;:FREQ:CW 800;:FUNC:DEV1:MODE OFF;:FUNC:DEV1:REF:VAL 0;:FUNC:DEV2:MODE OFF;:FUNC:DEV2:REF:VAL 0;:FUNC:IMP:TYPE LSRS;:FUNC:SMON:IDC:STAT OFF;:FUNC:SMON:VDC:STAT OFF;:INIT:CONT OFF;:LIST:MODE SEQ;:LIST:STIM:TYPE FREQ,NONE;:SOUR:DCS:VOLT:LEV 0;:TRIG:DEL 0;:TRIG:SOUR INT;:TRIG:TDEL 0;:DISP:WIND:TEXT1:DATA:FMSD:STAT OFF;:DISP:WIND:TEXT2:DATA:FMSD:STAT OFF;:FUNC:DCR:RANG:VAL 100;:FUNC:IMP:RANG:VAL 0.1;:OUTP:DC:ISOL:LEV:VAL 0.1;:OUTP:DC:ISOL:STAT OFF;:FUNC:DCR:RANG:AUTO ON;:FUNC:IMP:RANG:AUTO ON;:OUTP:DC:ISOL:LEV:AUTO ON;:DISP:PAGE MEASurement;
"
1000.0,2.164572054e-07,0.02339694308
1000.0,2.164733858e-07,0.02339644054
1000.0,2.164633876e-07,0.02339625363
1000.0,2.164736917e-07,0.02339603814
1000.0,2.164616602e-07,0.02339562823
1000.0,2.164625042e-07,0.02339520285
1000.0,2.164774038e-07,0.02339482542
1000.0,2.164721855e-07,0.02339436458
1000.0,2.164852354e-07,0.02339408506
1000.0,2.164524341e-07,0.02339385219
1000.0,2.164689194e-07,0.02339382396
1000.0,2.164946215e-07,0.02339364602
1000.0,2.164560011e-07,0.02339349475
1000.0,2.165029133e-07,0.02339321434
1000.0,2.164443445e-07,0.02339336121
1000.0,2.164466779e-07,0.0233928882
Freq,1000,Rs,0.023394628887499998,1.2945297793430938e-06,Ls,2.164682857125e-07,1.6330489102776465e-11
":SOUR:DCS:STAT OFF;:BIAS:STAT OFF;:COMP:BIN:COUN:CLE;:LIST:CLE:ALL;:COMP:BIN:CLE;:AMPL:ALC ON;:APER LONG,16;:BIAS:POL:AUTO OFF;:BIAS:RANG:AUTO ON;:BIAS:VOLT:LEV 0;:COMP:ABIN OFF;:COMP:BIN:COUN:STAT OFF;:COMP:MODE PTOL;:COMP:SLIM -9.9e+037,9.9e+037;:COMP:STAT OFF;:COMP:SWAP OFF;:COMP:TOL:NOM 0;:CURR:LEV 0.1;:DISP:ENAB ON;:DISP:LINE """";:DISP:WIND:TEXT1:DATA:FMSD:DATA 1e-009;:DISP:WIND:TEXT2:DATA:FMSD:DATA 1e-009;:FORM:ASC:LONG ON;:FORM:BORD NORM;:FORM:DATA ASC,64;:FREQ:CW 1000;:FUNC:DEV1:MODE OFF;:FUNC:DEV1:REF:VAL 0;:FUNC:DEV2:MODE OFF;:FUNC:DEV2:REF:VAL 0;:FUNC:IMP:TYPE LSRS;:FUNC:SMON:IDC:STAT OFF;:FUNC:SMON:VDC:STAT OFF;:INIT:CONT OFF;:LIST:MODE SEQ;:LIST:STIM:TYPE FREQ,NONE;:SOUR:DCS:VOLT:LEV 0;:TRIG:DEL 0;:TRIG:SOUR INT;:TRIG:TDEL 0;:DISP:WIND:TEXT1:DATA:FMSD:STAT OFF;:DISP:WIND:TEXT2:DATA:FMSD:STAT OFF;:FUNC:DCR:RANG:VAL 100;:FUNC:IMP:RANG:VAL 0.1;:OUTP:DC:ISOL:LEV:VAL 0.1;:OUTP:DC:ISOL:STAT OFF;:FUNC:DCR:RANG:AUTO ON;:FUNC:IMP:RANG:AUTO ON;:OUTP:DC:ISOL:LEV:AUTO ON;:DISP:PAGE MEASurement;
"
1591.5494309189535,2.162766306e-07,0.02339188271
1591.5494309189535,2.162810632e-07,0.02339160195
1591.5494309189535,2.162899461e-07,0.02339146225
1591.5494309189535,2.162808052e-07,0.0233911046
1591.5494309189535,2.16289714e-07,0.02339102702
1591.5494309189535,2.162817483e-07,0.02339076505
1591.5494309189535,2.162822695e-07,0.02339081612
1591.5494309189535,2.162775762e-07,0.02339071106
1591.5494309189535,2.162978465e-07,0.02339079055
1591.5494309189535,2.162655419e-07,0.02339076671
1591.5494309189535,2.162885944e-07,0.02339094094
1591.5494309189535,2.162793405e-07,0.02339083091
1591.5494309189535,2.162812191e-07,0.02339106052
1591.5494309189535,2.16277843e-07,0.02339097832
1591.5494309189535,2.162744606e-07,0.02339118839
1591.5494309189535,2.162894364e-07,0.02339088998
Freq,1591.5494309189535,Rs,0.0233910510675,3.346382545077732e-07,Ls,2.1628212721875003e-07,7.641124067677951e-12
":SOUR:DCS:STAT OFF;:BIAS:STAT OFF;:COMP:BIN:COUN:CLE;:LIST:CLE:ALL;:COMP:BIN:CLE;:AMPL:ALC ON;:APER LONG,16;:BIAS:POL:AUTO OFF;:BIAS:RANG:AUTO ON;:BIAS:VOLT:LEV 0;:COMP:ABIN OFF;:COMP:BIN:COUN:STAT OFF;:COMP:MODE PTOL;:COMP:SLIM -9.9e+037,9.9e+037;:COMP:STAT OFF;:COMP:SWAP OFF;:COMP:TOL:NOM 0;:CURR:LEV 0.1;:DISP:ENAB ON;:DISP:LINE """";:DISP:WIND:TEXT1:DATA:FMSD:DATA 1e-009;:DISP:WIND:TEXT2:DATA:FMSD:DATA 1e-009;:FORM:ASC:LONG ON;:FORM:BORD NORM;:FORM:DATA ASC,64;:FREQ:CW 1592;:FUNC:DEV1:MODE OFF;:FUNC:DEV1:REF:VAL 0;:FUNC:DEV2:MODE OFF;:FUNC:DEV2:REF:VAL 0;:FUNC:IMP:TYPE LSRS;:FUNC:SMON:IDC:STAT OFF;:FUNC:SMON:VDC:STAT OFF;:INIT:CONT OFF;:LIST:MODE SEQ;:LIST:STIM:TYPE FREQ,NONE;:SOUR:DCS:VOLT:LEV 0;:TRIG:DEL 0;:TRIG:SOUR INT;:TRIG:TDEL 0;:DISP:WIND:TEXT1:DATA:FMSD:STAT OFF;:DISP:WIND:TEXT2:DATA:FMSD:STAT OFF;:FUNC:DCR:RANG:VAL 100;:FUNC:IMP:RANG:VAL 0.1;:OUTP:DC:ISOL:LEV:VAL 0.1;:OUTP:DC:ISOL:STAT OFF;:FUNC:DCR:RANG:AUTO ON;:FUNC:IMP:RANG:AUTO ON;:OUTP:DC:ISOL:LEV:AUTO ON;:DISP:PAGE MEASurement;
"
2000.0,2.167210293e-07,0.0233983763
2000.0,2.167099704e-07,0.02339838413
2000.0,2.167073003e-07,0.02339812125
2000.0,2.167032332e-07,0.02339834556
2000.0,2.167162165e-07,0.0233984153
2000.0,2.167247424e-07,0.02339807677
2000.0,2.166986753e-07,0.02339795115
2000.0,2.166973567e-07,0.0233975988
2000.0,2.167093075e-07,0.0233975091
2000.0,2.167270235e-07,0.02339704947
2000.0,2.167082673e-07,0.02339717132
2000.0,2.167084284e-07,0.02339692955
2000.0,2.167151986e-07,0.02339655103
2000.0,2.16713775e-07,0.02339609565
2000.0,2.16711919e-07,0.02339608751
2000.0,2.167083503e-07,0.0233955314
Freq,2000,Rs,0.023397387143125,9.384462442407447e-07,Ls,2.1671129960625e-07,8.30749537823064e-12
":SOUR:DCS:STAT OFF;:BIAS:STAT OFF;:COMP:BIN:COUN:CLE;:LIST:CLE:ALL;:COMP:BIN:CLE;:AMPL:ALC ON;:APER LONG,16;:BIAS:POL:AUTO OFF;:BIAS:RANG:AUTO ON;:BIAS:VOLT:LEV 0;:COMP:ABIN OFF;:COMP:BIN:COUN:STAT OFF;:COMP:MODE PTOL;:COMP:SLIM -9.9e+037,9.9e+037;:COMP:STAT OFF;:COMP:SWAP OFF;:COMP:TOL:NOM 0;:CURR:LEV 0.1;:DISP:ENAB ON;:DISP:LINE """";:DISP:WIND:TEXT1:DATA:FMSD:DATA 1e-009;:DISP:WIND:TEXT2:DATA:FMSD:DATA 1e-009;:FORM:ASC:LONG ON;:FORM:BORD NORM;:FORM:DATA ASC,64;:FREQ:CW 2000;:FUNC:DEV1:MODE OFF;:FUNC:DEV1:REF:VAL 0;:FUNC:DEV2:MODE OFF;:FUNC:DEV2:REF:VAL 0;:FUNC:IMP:TYPE LSRS;:FUNC:SMON:IDC:STAT OFF;:FUNC:SMON:VDC:STAT OFF;:INIT:CONT OFF;:LIST:MODE SEQ;:LIST:STIM:TYPE FREQ,NONE;:SOUR:DCS:VOLT:LEV 0;:TRIG:DEL 0;:TRIG:SOUR INT;:TRIG:TDEL 0;:DISP:WIND:TEXT1:DATA:FMSD:STAT OFF;:DISP:WIND:TEXT2:DATA:FMSD:STAT OFF;:FUNC:DCR:RANG:VAL 100;:FUNC:IMP:RANG:VAL 0.1;:OUTP:DC:ISOL:LEV:VAL 0.1;:OUTP:DC:ISOL:STAT OFF;:FUNC:DCR:RANG:AUTO ON;:FUNC:IMP:RANG:AUTO ON;:OUTP:DC:ISOL:LEV:AUTO ON;:DISP:PAGE MEASurement;
"
3000.0,2.167649586e-07,0.02339716223
3000.0,2.167289295e-07,0.02339652985
3000.0,2.167352457e-07,0.0233962464
3000.0,2.167582648e-07,0.02339600317
3000.0,2.167483432e-07,0.02339559477
3000.0,2.167273099e-07,0.02339532421
3000.0,2.167283476e-07,0.02339511349
3000.0,2.16737907e-07,0.02339468647
3000.0,2.167424808e-07,0.02339469294
3000.0,2.167419483e-07,0.02339441659
3000.0,2.167481463e-07,0.02339415016
3000.0,2.167562626e-07,0.0233939636
3000.0,2.167318445e-07,0.02339367743
3000.0,2.167171365e-07,0.02339323756
3000.0,2.167559461e-07,0.02339345388
3000.0,2.16735159e-07,0.02339307151
Freq,3000,Rs,0.023394832766250002,1.2354234372172585e-06,Ls,2.167411394e-07,1.331535143028482e-11
":SOUR:DCS:STAT OFF;:BIAS:STAT OFF;:COMP:BIN:COUN:CLE;:LIST:CLE:ALL;:COMP:BIN:CLE;:AMPL:ALC ON;:APER LONG,16;:BIAS:POL:AUTO OFF;:BIAS:RANG:AUTO ON;:BIAS:VOLT:LEV 0;:COMP:ABIN OFF;:COMP:BIN:COUN:STAT OFF;:COMP:MODE PTOL;:COMP:SLIM -9.9e+037,9.9e+037;:COMP:STAT OFF;:COMP:SWAP OFF;:COMP:TOL:NOM 0;:CURR:LEV 0.1;:DISP:ENAB ON;:DISP:LINE """";:DISP:WIND:TEXT1:DATA:FMSD:DATA 1e-009;:DISP:WIND:TEXT2:DATA:FMSD:DATA 1e-009;:FORM:ASC:LONG ON;:FORM:BORD NORM;:FORM:DATA ASC,64;:FREQ:CW 3000;:FUNC:DEV1:MODE OFF;:FUNC:DEV1:REF:VAL 0;:FUNC:DEV2:MODE OFF;:FUNC:DEV2:REF:VAL 0;:FUNC:IMP:TYPE LSRS;:FUNC:SMON:IDC:STAT OFF;:FUNC:SMON:VDC:STAT OFF;:INIT:CONT OFF;:LIST:MODE SEQ;:LIST:STIM:TYPE FREQ,NONE;:SOUR:DCS:VOLT:LEV 0;:TRIG:DEL 0;:TRIG:SOUR INT;:TRIG:TDEL 0;:DISP:WIND:TEXT1:DATA:FMSD:STAT OFF;:DISP:WIND:TEXT2:DATA:FMSD:STAT OFF;:FUNC:DCR:RANG:VAL 100;:FUNC:IMP:RANG:VAL 0.1;:OUTP:DC:ISOL:LEV:VAL 0.1;:OUTP:DC:ISOL:STAT OFF;:FUNC:DCR:RANG:AUTO ON;:FUNC:IMP:RANG:AUTO ON;:OUTP:DC:ISOL:LEV:AUTO ON;:DISP:PAGE MEASurement;
"
5000.0,2.163544657e-07,0.02343188644
5000.0,2.163586339e-07,0.02343138852
5000.0,2.163705603e-07,0.02343112584
5000.0,2.163692704e-07,0.02343147476
5000.0,2.163702565e-07,0.02343087879
5000.0,2.163527539e-07,0.02343058264
5000.0,2.163545537e-07,0.02343018106
5000.0,2.163727695e-07,0.02343008745
5000.0,2.163791185e-07,0.02342975434
5000.0,2.163703228e-07,0.02342985093
5000.0,2.163762193e-07,0.02342943891
5000.0,2.163637272e-07,0.02342928715
5000.0,2.163468501e-07,0.0234291347
5000.0,2.16361042e-07,0.02342883741
5000.0,2.163694285e-07,0.02342862062
5000.0,2.163722475e-07,0.02342888912
Freq,5000,Rs,0.0234300886675,1.0359571434542083e-06,Ls,2.163651387375e-07,9.380161749767928e-12
":SOUR:DCS:STAT OFF;:BIAS:STAT OFF;:COMP:BIN:COUN:CLE;:LIST:CLE:ALL;:COMP:BIN:CLE;:AMPL:ALC ON;:APER LONG,16;:BIAS:POL:AUTO OFF;:BIAS:RANG:AUTO ON;:BIAS:VOLT:LEV 0;:COMP:ABIN OFF;:COMP:BIN:COUN:STAT OFF;:COMP:MODE PTOL;:COMP:SLIM -9.9e+037,9.9e+037;:COMP:STAT OFF;:COMP:SWAP OFF;:COMP:TOL:NOM 0;:CURR:LEV 0.1;:DISP:ENAB ON;:DISP:LINE """";:DISP:WIND:TEXT1:DATA:FMSD:DATA 1e-009;:DISP:WIND:TEXT2:DATA:FMSD:DATA 1e-009;:FORM:ASC:LONG ON;:FORM:BORD NORM;:FORM:DATA ASC,64;:FREQ:CW 5000;:FUNC:DEV1:MODE OFF;:FUNC:DEV1:REF:VAL 0;:FUNC:DEV2:MODE OFF;:FUNC:DEV2:REF:VAL 0;:FUNC:IMP:TYPE LSRS;:FUNC:SMON:IDC:STAT OFF;:FUNC:SMON:VDC:STAT OFF;:INIT:CONT OFF;:LIST:MODE SEQ;:LIST:STIM:TYPE FREQ,NONE;:SOUR:DCS:VOLT:LEV 0;:TRIG:DEL 0;:TRIG:SOUR INT;:TRIG:TDEL 0;:DISP:WIND:TEXT1:DATA:FMSD:STAT OFF;:DISP:WIND:TEXT2:DATA:FMSD:STAT OFF;:FUNC:DCR:RANG:VAL 100;:FUNC:IMP:RANG:VAL 0.1;:OUTP:DC:ISOL:LEV:VAL 0.1;:OUTP:DC:ISOL:STAT OFF;:FUNC:DCR:RANG:AUTO ON;:FUNC:IMP:RANG:AUTO ON;:OUTP:DC:ISOL:LEV:AUTO ON;:DISP:PAGE MEASurement;
"
":SOUR:DCS:STAT OFF;:BIAS:STAT OFF;:COMP:BIN:COUN:CLE;:LIST:CLE:ALL;:COMP:BIN:CLE;:AMPL:ALC ON;:APER LONG,16;:BIAS:POL:AUTO OFF;:BIAS:RANG:AUTO ON;:BIAS:VOLT:LEV 0;:COMP:ABIN OFF;:COMP:BIN:COUN:STAT OFF;:COMP:MODE PTOL;:COMP:SLIM -9.9e+037,9.9e+037;:COMP:STAT OFF;:COMP:SWAP OFF;:COMP:TOL:NOM 0;:CURR:LEV 0.1;:DISP:ENAB ON;:DISP:LINE """";:DISP:WIND:TEXT1:DATA:FMSD:DATA 1e-009;:DISP:WIND:TEXT2:DATA:FMSD:DATA 1e-009;:FORM:ASC:LONG ON;:FORM:BORD NORM;:FORM:DATA ASC,64;:FREQ:CW 5000;:FUNC:DEV1:MODE OFF;:FUNC:DEV1:REF:VAL 0;:FUNC:DEV2:MODE OFF;:FUNC:DEV2:REF:VAL 0;:FUNC:IMP:TYPE LSRS;:FUNC:SMON:IDC:STAT OFF;:FUNC:SMON:VDC:STAT OFF;:INIT:CONT OFF;:LIST:MODE SEQ;:LIST:STIM:TYPE FREQ,NONE;:SOUR:DCS:VOLT:LEV 0;:TRIG:DEL 0;:TRIG:SOUR INT;:TRIG:TDEL 0;:DISP:WIND:TEXT1:DATA:FMSD:STAT OFF;:DISP:WIND:TEXT2:DATA:FMSD:STAT OFF;:FUNC:DCR:RANG:VAL 100;:FUNC:IMP:RANG:VAL 0.1;:OUTP:DC:ISOL:LEV:VAL 0.1;:OUTP:DC:ISOL:STAT OFF;:FUNC:DCR:RANG:AUTO ON;:FUNC:IMP:RANG:AUTO ON;:OUTP:DC:ISOL:LEV:AUTO ON;:DISP:PAGE MEASurement;
"
2022-09-12,16:10:52
---------run finished---------
lcr name:,KeySight E4980A
Name and description of Resistor under test: ,BE0R
GPIB source:,<bound method MessageBasedResource.read of <'GPIBInstrument'('GPIB0::17::INSTR')>>
2022-09-12,16:24:55
select the freq range,"[50, 100, 200, 300, 500, 800, 1000, 1591.5494309189535, 2000, 3000, 5000]"
50.0,2.878687795e-07,0.02321755803
50.0,2.921777153e-07,0.0232157689
50.0,2.965270415e-07,0.0232158262
50.0,2.981016491e-07,0.02321497894
50.0,3.002345421e-07,0.02321437162
50.0,2.961927262e-07,0.02321312564
50.0,2.974152634e-07,0.02321297866
50.0,2.985213617e-07,0.02321181163
50.0,2.945557787e-07,0.02320851732
50.0,2.862443626e-07,0.02320652781
50.0,2.81781182e-07,0.02320773014
50.0,2.870118908e-07,0.02320982406
50.0,2.983156713e-07,0.02320589827
50.0,2.873607583e-07,0.02320173036
50.0,2.779512839e-07,0.02320356591
50.0,2.81517863e-07,0.02320538172
Freq,50,Rs,0.023210349700625,4.868892778977589e-06,Ls,2.913611168375e-07,7.1327818164709875e-09
":SOUR:DCS:STAT OFF;:BIAS:STAT OFF;:COMP:BIN:COUN:CLE;:LIST:CLE:ALL;:COMP:BIN:CLE;:AMPL:ALC ON;:APER LONG,16;:BIAS:POL:AUTO OFF;:BIAS:RANG:AUTO ON;:BIAS:VOLT:LEV 0;:COMP:ABIN OFF;:COMP:BIN:COUN:STAT OFF;:COMP:MODE PTOL;:COMP:SLIM -9.9e+037,9.9e+037;:COMP:STAT OFF;:COMP:SWAP OFF;:COMP:TOL:NOM 0;:CURR:LEV 0.1;:DISP:ENAB ON;:DISP:LINE """";:DISP:WIND:TEXT1:DATA:FMSD:DATA 1e-009;:DISP:WIND:TEXT2:DATA:FMSD:DATA 1e-009;:FORM:ASC:LONG ON;:FORM:BORD NORM;:FORM:DATA ASC,64;:FREQ:CW 50;:FUNC:DEV1:MODE OFF;:FUNC:DEV1:REF:VAL 0;:FUNC:DEV2:MODE OFF;:FUNC:DEV2:REF:VAL 0;:FUNC:IMP:TYPE LSRS;:FUNC:SMON:IDC:STAT OFF;:FUNC:SMON:VDC:STAT OFF;:INIT:CONT OFF;:LIST:MODE SEQ;:LIST:STIM:TYPE FREQ,NONE;:SOUR:DCS:VOLT:LEV 0;:TRIG:DEL 0;:TRIG:SOUR INT;:TRIG:TDEL 0;:DISP:WIND:TEXT1:DATA:FMSD:STAT OFF;:DISP:WIND:TEXT2:DATA:FMSD:STAT OFF;:FUNC:DCR:RANG:VAL 100;:FUNC:IMP:RANG:VAL 0.1;:OUTP:DC:ISOL:LEV:VAL 0.1;:OUTP:DC:ISOL:STAT OFF;:FUNC:DCR:RANG:AUTO ON;:FUNC:IMP:RANG:AUTO ON;:OUTP:DC:ISOL:LEV:AUTO ON;:DISP:PAGE MEASurement;
"
100.0,2.406847913e-07,0.02318232214
100.0,2.411380245e-07,0.02318067895
100.0,2.406636002e-07,0.023180028
100.0,2.405086088e-07,0.02317877297
100.0,2.407262143e-07,0.02317789713
100.0,2.401914802e-07,0.02317704043
100.0,2.400321487e-07,0.02317651862
100.0,2.403356785e-07,0.02317561797
100.0,2.404235795e-07,0.02317486257
100.0,2.402862789e-07,0.02317422179
100.0,2.394579796e-07,0.02317387503
100.0,2.404863649e-07,0.02317271821
100.0,2.403556233e-07,0.02317221041
100.0,2.407999301e-07,0.02317096844
100.0,2.400176194e-07,0.02317075258
100.0,2.397780347e-07,0.02316974322
Freq,100,Rs,0.02317551427875,3.77005397103156e-06,Ls,2.4036787230625004e-07,4.1498748743833726e-10
":SOUR:DCS:STAT OFF;:BIAS:STAT OFF;:COMP:BIN:COUN:CLE;:LIST:CLE:ALL;:COMP:BIN:CLE;:AMPL:ALC ON;:APER LONG,16;:BIAS:POL:AUTO OFF;:BIAS:RANG:AUTO ON;:BIAS:VOLT:LEV 0;:COMP:ABIN OFF;:COMP:BIN:COUN:STAT OFF;:COMP:MODE PTOL;:COMP:SLIM -9.9e+037,9.9e+037;:COMP:STAT OFF;:COMP:SWAP OFF;:COMP:TOL:NOM 0;:CURR:LEV 0.1;:DISP:ENAB ON;:DISP:LINE """";:DISP:WIND:TEXT1:DATA:FMSD:DATA 1e-009;:DISP:WIND:TEXT2:DATA:FMSD:DATA 1e-009;:FORM:ASC:LONG ON;:FORM:BORD NORM;:FORM:DATA ASC,64;:FREQ:CW 100;:FUNC:DEV1:MODE OFF;:FUNC:DEV1:REF:VAL 0;:FUNC:DEV2:MODE OFF;:FUNC:DEV2:REF:VAL 0;:FUNC:IMP:TYPE LSRS;:FUNC:SMON:IDC:STAT OFF;:FUNC:SMON:VDC:STAT OFF;:INIT:CONT OFF;:LIST:MODE SEQ;:LIST:STIM:TYPE FREQ,NONE;:SOUR:DCS:VOLT:LEV 0;:TRIG:DEL 0;:TRIG:SOUR INT;:TRIG:TDEL 0;:DISP:WIND:TEXT1:DATA:FMSD:STAT OFF;:DISP:WIND:TEXT2:DATA:FMSD:STAT OFF;:FUNC:DCR:RANG:VAL 100;:FUNC:IMP:RANG:VAL 0.1;:OUTP:DC:ISOL:LEV:VAL 0.1;:OUTP:DC:ISOL:STAT OFF;:FUNC:DCR:RANG:AUTO ON;:FUNC:IMP:RANG:AUTO ON;:OUTP:DC:ISOL:LEV:AUTO ON;:DISP:PAGE MEASurement;
"
200.0,2.379234093e-07,0.02319028774
200.0,2.379651027e-07,0.02318969521
200.0,2.377381795e-07,0.02318917692
200.0,2.381148027e-07,0.02318820908
200.0,2.377364457e-07,0.02318756812
200.0,2.379699482e-07,0.02318670116
200.0,2.379144623e-07,0.023186371
200.0,2.380277466e-07,0.02318637518
200.0,2.378667989e-07,0.02318564944
200.0,2.377237532e-07,0.023185272
200.0,2.37568448e-07,0.02318482787
200.0,2.377481065e-07,0.02318463078
200.0,2.379224771e-07,0.0231838843
200.0,2.380098363e-07,0.02318355066
200.0,2.377043986e-07,0.02318283674
200.0,2.378746757e-07,0.02318237544
Freq,200,Rs,0.0231860882275,2.4171230562315736e-06,Ls,2.3786303695625e-07,1.460724362102357e-10
":SOUR:DCS:STAT OFF;:BIAS:STAT OFF;:COMP:BIN:COUN:CLE;:LIST:CLE:ALL;:COMP:BIN:CLE;:AMPL:ALC ON;:APER LONG,16;:BIAS:POL:AUTO OFF;:BIAS:RANG:AUTO ON;:BIAS:VOLT:LEV 0;:COMP:ABIN OFF;:COMP:BIN:COUN:STAT OFF;:COMP:MODE PTOL;:COMP:SLIM -9.9e+037,9.9e+037;:COMP:STAT OFF;:COMP:SWAP OFF;:COMP:TOL:NOM 0;:CURR:LEV 0.1;:DISP:ENAB ON;:DISP:LINE """";:DISP:WIND:TEXT1:DATA:FMSD:DATA 1e-009;:DISP:WIND:TEXT2:DATA:FMSD:DATA 1e-009;:FORM:ASC:LONG ON;:FORM:BORD NORM;:FORM:DATA ASC,64;:FREQ:CW 200;:FUNC:DEV1:MODE OFF;:FUNC:DEV1:REF:VAL 0;:FUNC:DEV2:MODE OFF;:FUNC:DEV2:REF:VAL 0;:FUNC:IMP:TYPE LSRS;:FUNC:SMON:IDC:STAT OFF;:FUNC:SMON:VDC:STAT OFF;:INIT:CONT OFF;:LIST:MODE SEQ;:LIST:STIM:TYPE FREQ,NONE;:SOUR:DCS:VOLT:LEV 0;:TRIG:DEL 0;:TRIG:SOUR INT;:TRIG:TDEL 0;:DISP:WIND:TEXT1:DATA:FMSD:STAT OFF;:DISP:WIND:TEXT2:DATA:FMSD:STAT OFF;:FUNC:DCR:RANG:VAL 100;:FUNC:IMP:RANG:VAL 0.1;:OUTP:DC:ISOL:LEV:VAL 0.1;:OUTP:DC:ISOL:STAT OFF;:FUNC:DCR:RANG:AUTO ON;:FUNC:IMP:RANG:AUTO ON;:OUTP:DC:ISOL:LEV:AUTO ON;:DISP:PAGE MEASurement;
"
300.0,2.253658006e-07,0.0231884168
300.0,2.255783812e-07,0.0231881347
300.0,2.255577418e-07,0.02318796887
300.0,2.255506361e-07,0.02318777275
300.0,2.256013836e-07,0.02318738348
300.0,2.255623765e-07,0.02318698666
300.0,2.254046585e-07,0.02318645974
300.0,2.253725561e-07,0.02318632037
300.0,2.255550729e-07,0.02318604968
300.0,2.254349772e-07,0.02318588804
300.0,2.254709318e-07,0.02318538564
300.0,2.25461664e-07,0.02318502881
300.0,2.254613966e-07,0.0231847286
300.0,2.25361444e-07,0.0231841756
300.0,2.254496038e-07,0.02318381477
300.0,2.256679419e-07,0.0231837318
Freq,300,Rs,0.023186140394375,1.559991611815123e-06,Ls,2.254910354125e-07,9.283485553365002e-11
":SOUR:DCS:STAT OFF;:BIAS:STAT OFF;:COMP:BIN:COUN:CLE;:LIST:CLE:ALL;:COMP:BIN:CLE;:AMPL:ALC ON;:APER LONG,16;:BIAS:POL:AUTO OFF;:BIAS:RANG:AUTO ON;:BIAS:VOLT:LEV 0;:COMP:ABIN OFF;:COMP:BIN:COUN:STAT OFF;:COMP:MODE PTOL;:COMP:SLIM -9.9e+037,9.9e+037;:COMP:STAT OFF;:COMP:SWAP OFF;:COMP:TOL:NOM 0;:CURR:LEV 0.1;:DISP:ENAB ON;:DISP:LINE """";:DISP:WIND:TEXT1:DATA:FMSD:DATA 1e-009;:DISP:WIND:TEXT2:DATA:FMSD:DATA 1e-009;:FORM:ASC:LONG ON;:FORM:BORD NORM;:FORM:DATA ASC,64;:FREQ:CW 300;:FUNC:DEV1:MODE OFF;:FUNC:DEV1:REF:VAL 0;:FUNC:DEV2:MODE OFF;:FUNC:DEV2:REF:VAL 0;:FUNC:IMP:TYPE LSRS;:FUNC:SMON:IDC:STAT OFF;:FUNC:SMON:VDC:STAT OFF;:INIT:CONT OFF;:LIST:MODE SEQ;:LIST:STIM:TYPE FREQ,NONE;:SOUR:DCS:VOLT:LEV 0;:TRIG:DEL 0;:TRIG:SOUR INT;:TRIG:TDEL 0;:DISP:WIND:TEXT1:DATA:FMSD:STAT OFF;:DISP:WIND:TEXT2:DATA:FMSD:STAT OFF;:FUNC:DCR:RANG:VAL 100;:FUNC:IMP:RANG:VAL 0.1;:OUTP:DC:ISOL:LEV:VAL 0.1;:OUTP:DC:ISOL:STAT OFF;:FUNC:DCR:RANG:AUTO ON;:FUNC:IMP:RANG:AUTO ON;:OUTP:DC:ISOL:LEV:AUTO ON;:DISP:PAGE MEASurement;
"
500.0,2.190852564e-07,0.0231940117
500.0,2.191114281e-07,0.02319363876
500.0,2.191971079e-07,0.02319323182
500.0,2.191047059e-07,0.02319282529
500.0,2.19101834e-07,0.02319258407
500.0,2.190974432e-07,0.02319231779
500.0,2.191057234e-07,0.02319226901
500.0,2.191500702e-07,0.02319207958
500.0,2.191028295e-07,0.02319157911
500.0,2.191072108e-07,0.02319158906
500.0,2.190287043e-07,0.02319149105
500.0,2.190825934e-07,0.02319128826
500.0,2.190560629e-07,0.02319117017
500.0,2.190367718e-07,0.02319127747
500.0,2.190381725e-07,0.02319125969
500.0,2.189629695e-07,0.02319103671
Freq,500,Rs,0.02319210309625,9.338093844451017e-07,Ls,2.190855552375e-07,5.353233872082742e-11
":SOUR:DCS:STAT OFF;:BIAS:STAT OFF;:COMP:BIN:COUN:CLE;:LIST:CLE:ALL;:COMP:BIN:CLE;:AMPL:ALC ON;:APER LONG,16;:BIAS:POL:AUTO OFF;:BIAS:RANG:AUTO ON;:BIAS:VOLT:LEV 0;:COMP:ABIN OFF;:COMP:BIN:COUN:STAT OFF;:COMP:MODE PTOL;:COMP:SLIM -9.9e+037,9.9e+037;:COMP:STAT OFF;:COMP:SWAP OFF;:COMP:TOL:NOM 0;:CURR:LEV 0.1;:DISP:ENAB ON;:DISP:LINE """";:DISP:WIND:TEXT1:DATA:FMSD:DATA 1e-009;:DISP:WIND:TEXT2:DATA:FMSD:DATA 1e-009;:FORM:ASC:LONG ON;:FORM:BORD NORM;:FORM:DATA ASC,64;:FREQ:CW 500;:FUNC:DEV1:MODE OFF;:FUNC:DEV1:REF:VAL 0;:FUNC:DEV2:MODE OFF;:FUNC:DEV2:REF:VAL 0;:FUNC:IMP:TYPE LSRS;:FUNC:SMON:IDC:STAT OFF;:FUNC:SMON:VDC:STAT OFF;:INIT:CONT OFF;:LIST:MODE SEQ;:LIST:STIM:TYPE FREQ,NONE;:SOUR:DCS:VOLT:LEV 0;:TRIG:DEL 0;:TRIG:SOUR INT;:TRIG:TDEL 0;:DISP:WIND:TEXT1:DATA:FMSD:STAT OFF;:DISP:WIND:TEXT2:DATA:FMSD:STAT OFF;:FUNC:DCR:RANG:VAL 100;:FUNC:IMP:RANG:VAL 0.1;:OUTP:DC:ISOL:LEV:VAL 0.1;:OUTP:DC:ISOL:STAT OFF;:FUNC:DCR:RANG:AUTO ON;:FUNC:IMP:RANG:AUTO ON;:OUTP:DC:ISOL:LEV:AUTO ON;:DISP:PAGE MEASurement;
"
800.0,2.170648259e-07,0.02319903541
800.0,2.170485996e-07,0.02319873252
800.0,2.170660454e-07,0.02319868732
800.0,2.170134219e-07,0.02319852443
800.0,2.170573655e-07,0.02319820143
800.0,2.170344113e-07,0.02319780698
800.0,2.170226811e-07,0.02319759657
800.0,2.170658319e-07,0.02319716112
800.0,2.1712117e-07,0.02319738116
800.0,2.170422353e-07,0.02319701213
800.0,2.170925282e-07,0.02319683476
800.0,2.170789252e-07,0.02319639522
800.0,2.170776343e-07,0.02319622443
800.0,2.17057749e-07,0.02319611863
800.0,2.170577487e-07,0.0231959298
800.0,2.170601892e-07,0.02319593583
Freq,800,Rs,0.02319734860875,1.0658990934223626e-06,Ls,2.1706008515625e-07,2.6130929721051428e-11
":SOUR:DCS:STAT OFF;:BIAS:STAT OFF;:COMP:BIN:COUN:CLE;:LIST:CLE:ALL;:COMP:BIN:CLE;:AMPL:ALC ON;:APER LONG,16;:BIAS:POL:AUTO OFF;:BIAS:RANG:AUTO ON;:BIAS:VOLT:LEV 0;:COMP:ABIN OFF;:COMP:BIN:COUN:STAT OFF;:COMP:MODE PTOL;:COMP:SLIM -9.9e+037,9.9e+037;:COMP:STAT OFF;:COMP:SWAP OFF;:COMP:TOL:NOM 0;:CURR:LEV 0.1;:DISP:ENAB ON;:DISP:LINE """";:DISP:WIND:TEXT1:DATA:FMSD:DATA 1e-009;:DISP:WIND:TEXT2:DATA:FMSD:DATA 1e-009;:FORM:ASC:LONG ON;:FORM:BORD NORM;:FORM:DATA ASC,64;:FREQ:CW 800;:FUNC:DEV1:MODE OFF;:FUNC:DEV1:REF:VAL 0;:FUNC:DEV2:MODE OFF;:FUNC:DEV2:REF:VAL 0;:FUNC:IMP:TYPE LSRS;:FUNC:SMON:IDC:STAT OFF;:FUNC:SMON:VDC:STAT OFF;:INIT:CONT OFF;:LIST:MODE SEQ;:LIST:STIM:TYPE FREQ,NONE;:SOUR:DCS:VOLT:LEV 0;:TRIG:DEL 0;:TRIG:SOUR INT;:TRIG:TDEL 0;:DISP:WIND:TEXT1:DATA:FMSD:STAT OFF;:DISP:WIND:TEXT2:DATA:FMSD:STAT OFF;:FUNC:DCR:RANG:VAL 100;:FUNC:IMP:RANG:VAL 0.1;:OUTP:DC:ISOL:LEV:VAL 0.1;:OUTP:DC:ISOL:STAT OFF;:FUNC:DCR:RANG:AUTO ON;:FUNC:IMP:RANG:AUTO ON;:OUTP:DC:ISOL:LEV:AUTO ON;:DISP:PAGE MEASurement;
"
1000.0,2.163156409e-07,0.02318831706
1000.0,2.16345931e-07,0.02318822111
1000.0,2.163244021e-07,0.02318819263
1000.0,2.16375821e-07,0.02318811175
1000.0,2.163139608e-07,0.02318796706
1000.0,2.163272473e-07,0.02318764146
1000.0,2.16342941e-07,0.02318769434
1000.0,2.163458104e-07,0.02318754842
1000.0,2.163442295e-07,0.02318764988
1000.0,2.163493176e-07,0.02318752083
1000.0,2.163258733e-07,0.0231874472
1000.0,2.163452038e-07,0.02318715603
1000.0,2.163153914e-07,0.02318676643
1000.0,2.163450751e-07,0.02318684663
1000.0,2.163313716e-07,0.02318682874
1000.0,2.163244225e-07,0.02318683615
Freq,1000,Rs,0.023187546607499998,5.345015518221858e-07,Ls,2.1633578995625003e-07,1.6399732157161828e-11
":SOUR:DCS:STAT OFF;:BIAS:STAT OFF;:COMP:BIN:COUN:CLE;:LIST:CLE:ALL;:COMP:BIN:CLE;:AMPL:ALC ON;:APER LONG,16;:BIAS:POL:AUTO OFF;:BIAS:RANG:AUTO ON;:BIAS:VOLT:LEV 0;:COMP:ABIN OFF;:COMP:BIN:COUN:STAT OFF;:COMP:MODE PTOL;:COMP:SLIM -9.9e+037,9.9e+037;:COMP:STAT OFF;:COMP:SWAP OFF;:COMP:TOL:NOM 0;:CURR:LEV 0.1;:DISP:ENAB ON;:DISP:LINE """";:DISP:WIND:TEXT1:DATA:FMSD:DATA 1e-009;:DISP:WIND:TEXT2:DATA:FMSD:DATA 1e-009;:FORM:ASC:LONG ON;:FORM:BORD NORM;:FORM:DATA ASC,64;:FREQ:CW 1000;:FUNC:DEV1:MODE OFF;:FUNC:DEV1:REF:VAL 0;:FUNC:DEV2:MODE OFF;:FUNC:DEV2:REF:VAL 0;:FUNC:IMP:TYPE LSRS;:FUNC:SMON:IDC:STAT OFF;:FUNC:SMON:VDC:STAT OFF;:INIT:CONT OFF;:LIST:MODE SEQ;:LIST:STIM:TYPE FREQ,NONE;:SOUR:DCS:VOLT:LEV 0;:TRIG:DEL 0;:TRIG:SOUR INT;:TRIG:TDEL 0;:DISP:WIND:TEXT1:DATA:FMSD:STAT OFF;:DISP:WIND:TEXT2:DATA:FMSD:STAT OFF;:FUNC:DCR:RANG:VAL 100;:FUNC:IMP:RANG:VAL 0.1;:OUTP:DC:ISOL:LEV:VAL 0.1;:OUTP:DC:ISOL:STAT OFF;:FUNC:DCR:RANG:AUTO ON;:FUNC:IMP:RANG:AUTO ON;:OUTP:DC:ISOL:LEV:AUTO ON;:DISP:PAGE MEASurement;
"
1591.5494309189535,2.161513172e-07,0.02318536413
1591.5494309189535,2.161475744e-07,0.02318521012
1591.5494309189535,2.161529025e-07,0.02318511523
1591.5494309189535,2.161498918e-07,0.02318518456
1591.5494309189535,2.16143806e-07,0.02318475241
1591.5494309189535,2.161431973e-07,0.02318453209
1591.5494309189535,2.16148311e-07,0.02318453454
1591.5494309189535,2.161435058e-07,0.02318428024
1591.5494309189535,2.161515629e-07,0.02318413262
1591.5494309189535,2.161528425e-07,0.02318405521
1591.5494309189535,2.161362622e-07,0.02318409861
1591.5494309189535,2.161593574e-07,0.02318403223
1591.5494309189535,2.161704748e-07,0.02318395794
1591.5494309189535,2.161525082e-07,0.02318401239
1591.5494309189535,2.16144095e-07,0.0231835013
1591.5494309189535,2.16148561e-07,0.02318362581
Freq,1591.5494309189535,Rs,0.023184399339375,5.805836026905718e-07,Ls,2.16149760625e-07,7.72039062444228e-12
":SOUR:DCS:STAT OFF;:BIAS:STAT OFF;:COMP:BIN:COUN:CLE;:LIST:CLE:ALL;:COMP:BIN:CLE;:AMPL:ALC ON;:APER LONG,16;:BIAS:POL:AUTO OFF;:BIAS:RANG:AUTO ON;:BIAS:VOLT:LEV 0;:COMP:ABIN OFF;:COMP:BIN:COUN:STAT OFF;:COMP:MODE PTOL;:COMP:SLIM -9.9e+037,9.9e+037;:COMP:STAT OFF;:COMP:SWAP OFF;:COMP:TOL:NOM 0;:CURR:LEV 0.1;:DISP:ENAB ON;:DISP:LINE """";:DISP:WIND:TEXT1:DATA:FMSD:DATA 1e-009;:DISP:WIND:TEXT2:DATA:FMSD:DATA 1e-009;:FORM:ASC:LONG ON;:FORM:BORD NORM;:FORM:DATA ASC,64;:FREQ:CW 1592;:FUNC:DEV1:MODE OFF;:FUNC:DEV1:REF:VAL 0;:FUNC:DEV2:MODE OFF;:FUNC:DEV2:REF:VAL 0;:FUNC:IMP:TYPE LSRS;:FUNC:SMON:IDC:STAT OFF;:FUNC:SMON:VDC:STAT OFF;:INIT:CONT OFF;:LIST:MODE SEQ;:LIST:STIM:TYPE FREQ,NONE;:SOUR:DCS:VOLT:LEV 0;:TRIG:DEL 0;:TRIG:SOUR INT;:TRIG:TDEL 0;:DISP:WIND:TEXT1:DATA:FMSD:STAT OFF;:DISP:WIND:TEXT2:DATA:FMSD:STAT OFF;:FUNC:DCR:RANG:VAL 100;:FUNC:IMP:RANG:VAL 0.1;:OUTP:DC:ISOL:LEV:VAL 0.1;:OUTP:DC:ISOL:STAT OFF;:FUNC:DCR:RANG:AUTO ON;:FUNC:IMP:RANG:AUTO ON;:OUTP:DC:ISOL:LEV:AUTO ON;:DISP:PAGE MEASurement;
"
2000.0,2.165921992e-07,0.02319007962
2000.0,2.165862749e-07,0.02318970929
2000.0,2.165934525e-07,0.02318940676
2000.0,2.165802236e-07,0.02318896155
2000.0,2.165880336e-07,0.02318865994
2000.0,2.165888516e-07,0.02318868247
2000.0,2.165890454e-07,0.02318798987
2000.0,2.165833031e-07,0.02318781886
2000.0,2.165857552e-07,0.02318756463
2000.0,2.165942654e-07,0.02318727799
2000.0,2.165794823e-07,0.02318760784
2000.0,2.166784814e-07,0.02333658102
2000.0,2.165482428e-07,0.02340264741
2000.0,2.165634755e-07,0.02337561647
2000.0,2.165720366e-07,0.0233660969
2000.0,2.165561091e-07,0.02336017743
Freq,2000,Rs,0.023244679878125,8.69189487055226e-05,Ls,2.1658620201249998e-07,2.809583878946991e-11
":SOUR:DCS:STAT OFF;:BIAS:STAT OFF;:COMP:BIN:COUN:CLE;:LIST:CLE:ALL;:COMP:BIN:CLE;:AMPL:ALC ON;:APER LONG,16;:BIAS:POL:AUTO OFF;:BIAS:RANG:AUTO ON;:BIAS:VOLT:LEV 0;:COMP:ABIN OFF;:COMP:BIN:COUN:STAT OFF;:COMP:MODE PTOL;:COMP:SLIM -9.9e+037,9.9e+037;:COMP:STAT OFF;:COMP:SWAP OFF;:COMP:TOL:NOM 0;:CURR:LEV 0.1;:DISP:ENAB ON;:DISP:LINE """";:DISP:WIND:TEXT1:DATA:FMSD:DATA 1e-009;:DISP:WIND:TEXT2:DATA:FMSD:DATA 1e-009;:FORM:ASC:LONG ON;:FORM:BORD NORM;:FORM:DATA ASC,64;:FREQ:CW 2000;:FUNC:DEV1:MODE OFF;:FUNC:DEV1:REF:VAL 0;:FUNC:DEV2:MODE OFF;:FUNC:DEV2:REF:VAL 0;:FUNC:IMP:TYPE LSRS;:FUNC:SMON:IDC:STAT OFF;:FUNC:SMON:VDC:STAT OFF;:INIT:CONT OFF;:LIST:MODE SEQ;:LIST:STIM:TYPE FREQ,NONE;:SOUR:DCS:VOLT:LEV 0;:TRIG:DEL 0;:TRIG:SOUR INT;:TRIG:TDEL 0;:DISP:WIND:TEXT1:DATA:FMSD:STAT OFF;:DISP:WIND:TEXT2:DATA:FMSD:STAT OFF;:FUNC:DCR:RANG:VAL 100;:FUNC:IMP:RANG:VAL 0.1;:OUTP:DC:ISOL:LEV:VAL 0.1;:OUTP:DC:ISOL:STAT OFF;:FUNC:DCR:RANG:AUTO ON;:FUNC:IMP:RANG:AUTO ON;:OUTP:DC:ISOL:LEV:AUTO ON;:DISP:PAGE MEASurement;
"
3000.0,2.166170092e-07,0.02335949258
3000.0,2.166453796e-07,0.02335800645
3000.0,2.166021873e-07,0.0233563186
3000.0,2.16636246e-07,0.02335586366
3000.0,2.166426482e-07,0.02335603435
3000.0,2.166477461e-07,0.02335537547
3000.0,2.16636559e-07,0.02335446588
3000.0,2.166771337e-07,0.02335321964
3000.0,2.166484296e-07,0.02335242618
3000.0,2.166555564e-07,0.02335142212
3000.0,2.166858877e-07,0.02335193727
3000.0,2.167005392e-07,0.02335152981
3000.0,2.166739522e-07,0.02335126043
3000.0,2.166690917e-07,0.02335066951
3000.0,2.16666771e-07,0.0233499774
3000.0,2.166834129e-07,0.02334981831
Freq,3000,Rs,0.023353613603749997,2.958391450169477e-06,Ls,2.166555343625e-07,2.6181793899471637e-11
":SOUR:DCS:STAT OFF;:BIAS:STAT OFF;:COMP:BIN:COUN:CLE;:LIST:CLE:ALL;:COMP:BIN:CLE;:AMPL:ALC ON;:APER LONG,16;:BIAS:POL:AUTO OFF;:BIAS:RANG:AUTO ON;:BIAS:VOLT:LEV 0;:COMP:ABIN OFF;:COMP:BIN:COUN:STAT OFF;:COMP:MODE PTOL;:COMP:SLIM -9.9e+037,9.9e+037;:COMP:STAT OFF;:COMP:SWAP OFF;:COMP:TOL:NOM 0;:CURR:LEV 0.1;:DISP:ENAB ON;:DISP:LINE """";:DISP:WIND:TEXT1:DATA:FMSD:DATA 1e-009;:DISP:WIND:TEXT2:DATA:FMSD:DATA 1e-009;:FORM:ASC:LONG ON;:FORM:BORD NORM;:FORM:DATA ASC,64;:FREQ:CW 3000;:FUNC:DEV1:MODE OFF;:FUNC:DEV1:REF:VAL 0;:FUNC:DEV2:MODE OFF;:FUNC:DEV2:REF:VAL 0;:FUNC:IMP:TYPE LSRS;:FUNC:SMON:IDC:STAT OFF;:FUNC:SMON:VDC:STAT OFF;:INIT:CONT OFF;:LIST:MODE SEQ;:LIST:STIM:TYPE FREQ,NONE;:SOUR:DCS:VOLT:LEV 0;:TRIG:DEL 0;:TRIG:SOUR INT;:TRIG:TDEL 0;:DISP:WIND:TEXT1:DATA:FMSD:STAT OFF;:DISP:WIND:TEXT2:DATA:FMSD:STAT OFF;:FUNC:DCR:RANG:VAL 100;:FUNC:IMP:RANG:VAL 0.1;:OUTP:DC:ISOL:LEV:VAL 0.1;:OUTP:DC:ISOL:STAT OFF;:FUNC:DCR:RANG:AUTO ON;:FUNC:IMP:RANG:AUTO ON;:OUTP:DC:ISOL:LEV:AUTO ON;:DISP:PAGE MEASurement;
"
5000.0,2.163195811e-07,0.02338702549
5000.0,2.163058473e-07,0.02338620373
5000.0,2.163172133e-07,0.0233858458
5000.0,2.163239895e-07,0.02338567297
5000.0,2.163226702e-07,0.02338524871
5000.0,2.163140992e-07,0.02338515475
5000.0,2.163376369e-07,0.02338593734
5000.0,2.163146646e-07,0.02338562474
5000.0,2.163330391e-07,0.02338582282
5000.0,2.163525991e-07,0.02338607108
5000.0,2.163570972e-07,0.02338635674
5000.0,2.163559166e-07,0.02338586643
5000.0,2.163453526e-07,0.02338628425
5000.0,2.163538167e-07,0.02338519337
5000.0,2.1635936e-07,0.02338594375
5000.0,2.16345078e-07,0.02338563543
Freq,5000,Rs,0.0233858679625,4.773276246840514e-07,Ls,2.163348725875e-07,1.8128970672447195e-11
":SOUR:DCS:STAT OFF;:BIAS:STAT OFF;:COMP:BIN:COUN:CLE;:LIST:CLE:ALL;:COMP:BIN:CLE;:AMPL:ALC ON;:APER LONG,16;:BIAS:POL:AUTO OFF;:BIAS:RANG:AUTO ON;:BIAS:VOLT:LEV 0;:COMP:ABIN OFF;:COMP:BIN:COUN:STAT OFF;:COMP:MODE PTOL;:COMP:SLIM -9.9e+037,9.9e+037;:COMP:STAT OFF;:COMP:SWAP OFF;:COMP:TOL:NOM 0;:CURR:LEV 0.1;:DISP:ENAB ON;:DISP:LINE """";:DISP:WIND:TEXT1:DATA:FMSD:DATA 1e-009;:DISP:WIND:TEXT2:DATA:FMSD:DATA 1e-009;:FORM:ASC:LONG ON;:FORM:BORD NORM;:FORM:DATA ASC,64;:FREQ:CW 5000;:FUNC:DEV1:MODE OFF;:FUNC:DEV1:REF:VAL 0;:FUNC:DEV2:MODE OFF;:FUNC:DEV2:REF:VAL 0;:FUNC:IMP:TYPE LSRS;:FUNC:SMON:IDC:STAT OFF;:FUNC:SMON:VDC:STAT OFF;:INIT:CONT OFF;:LIST:MODE SEQ;:LIST:STIM:TYPE FREQ,NONE;:SOUR:DCS:VOLT:LEV 0;:TRIG:DEL 0;:TRIG:SOUR INT;:TRIG:TDEL 0;:DISP:WIND:TEXT1:DATA:FMSD:STAT OFF;:DISP:WIND:TEXT2:DATA:FMSD:STAT OFF;:FUNC:DCR:RANG:VAL 100;:FUNC:IMP:RANG:VAL 0.1;:OUTP:DC:ISOL:LEV:VAL 0.1;:OUTP:DC:ISOL:STAT OFF;:FUNC:DCR:RANG:AUTO ON;:FUNC:IMP:RANG:AUTO ON;:OUTP:DC:ISOL:LEV:AUTO ON;:DISP:PAGE MEASurement;
"
":SOUR:DCS:STAT OFF;:BIAS:STAT OFF;:COMP:BIN:COUN:CLE;:LIST:CLE:ALL;:COMP:BIN:CLE;:AMPL:ALC ON;:APER LONG,16;:BIAS:POL:AUTO OFF;:BIAS:RANG:AUTO ON;:BIAS:VOLT:LEV 0;:COMP:ABIN OFF;:COMP:BIN:COUN:STAT OFF;:COMP:MODE PTOL;:COMP:SLIM -9.9e+037,9.9e+037;:COMP:STAT OFF;:COMP:SWAP OFF;:COMP:TOL:NOM 0;:CURR:LEV 0.1;:DISP:ENAB ON;:DISP:LINE """";:DISP:WIND:TEXT1:DATA:FMSD:DATA 1e-009;:DISP:WIND:TEXT2:DATA:FMSD:DATA 1e-009;:FORM:ASC:LONG ON;:FORM:BORD NORM;:FORM:DATA ASC,64;:FREQ:CW 5000;:FUNC:DEV1:MODE OFF;:FUNC:DEV1:REF:VAL 0;:FUNC:DEV2:MODE OFF;:FUNC:DEV2:REF:VAL 0;:FUNC:IMP:TYPE LSRS;:FUNC:SMON:IDC:STAT OFF;:FUNC:SMON:VDC:STAT OFF;:INIT:CONT OFF;:LIST:MODE SEQ;:LIST:STIM:TYPE FREQ,NONE;:SOUR:DCS:VOLT:LEV 0;:TRIG:DEL 0;:TRIG:SOUR INT;:TRIG:TDEL 0;:DISP:WIND:TEXT1:DATA:FMSD:STAT OFF;:DISP:WIND:TEXT2:DATA:FMSD:STAT OFF;:FUNC:DCR:RANG:VAL 100;:FUNC:IMP:RANG:VAL 0.1;:OUTP:DC:ISOL:LEV:VAL 0.1;:OUTP:DC:ISOL:STAT OFF;:FUNC:DCR:RANG:AUTO ON;:FUNC:IMP:RANG:AUTO ON;:OUTP:DC:ISOL:LEV:AUTO ON;:DISP:PAGE MEASurement;
"
2022-09-12,16:36:13
---------run finished---------
