lcr name:,KeySight E4980A
Name and description of Resistor under test: ,"kelvin clip zero on screw, 1 V set, it will auto"
2024-05-10,10:41:38
select the freq range,"[20, 25, 30, 40, 53, 60, 65, 80, 90, 95, 103, 105, 107, 110, 112, 115, 120, 122, 125, 127, 130, 132, 135, 137, 140, 142, 145, 150, 153, 155, 160, 165, 170, 172, 175, 180, 185, 200, 220, 240, 400, 800, 1000, 2000, 3000, 4000, 5000, 6000, 7000, 8000, 10000, 12000, 14000, 16000, 16500, 17000, 17500, 18000, 18500, 19000, 19500, 20000, 20500, 21000, 22000, 24000, 25000, 30000, 40000, 50000, 60000, 70000, 80000, 90000, 100000, 200000]"
20.0,3.512172037e-07,0.0001101998974,0.0099042,1.42164e-06
20.0,2.604557034e-07,0.0001279109239,0.00990439,1.50777e-06
20.0,2.799172249e-07,9.03192579e-05,0.0099043,1.11345e-06
20.0,1.867764689e-07,9.929852955e-05,0.00990429,1.2626e-06
20.0,7.145824591e-08,0.0001102114522,0.00990436,9.15974e-07
20.0,1.301570614e-07,0.0001137595414,0.00990432,1.18069e-06
20.0,1.981102245e-07,0.0001104556912,0.00990436,1.20942e-06
20.0,1.596486834e-07,0.0001057940624,0.00990423,9.9339e-07
20.0,2.461502719e-07,0.0001305759935,0.00990435,1.58421e-06
20.0,1.841180992e-07,9.707569513e-05,0.00990426,9.20805e-07
20.0,1.752121423e-07,0.0001090569121,0.00990434,1.30615e-06
20.0,2.77729054e-07,0.0001424434348,0.00990429,1.3427e-06
20.0,1.328582465e-07,0.0001021081777,0.00990443,1.13202e-06
20.0,2.239713626e-07,0.0001122441984,0.00990441,1.0058e-06
20.0,2.533326883e-07,0.0001264047524,0.00990439,1.41484e-06
20.0,2.775453187e-07,0.0001037722593,0.00990434,7.97918e-07
Freq,20,Rs,0.00011197692370500001,1.3690220372196732e-05,Ls,2.13041124975625e-07,7.135519715925371e-08
":SOUR:DCS:STAT OFF;:BIAS:STAT OFF;:COMP:BIN:COUN:CLE;:LIST:CLE:ALL;:COMP:BIN:CLE;:AMPL:ALC OFF;:APER MED,4;:BIAS:POL:AUTO OFF;:BIAS:RANG:AUTO ON;:BIAS:VOLT:LEV 0;:COMP:ABIN OFF;:COMP:BIN:COUN:STAT OFF;:COMP:MODE PTOL;:COMP:SLIM -9.9e+037,9.9e+037;:COMP:STAT OFF;:COMP:SWAP OFF;:COMP:TOL:NOM 0;:DISP:ENAB ON;:DISP:LINE """";:DISP:WIND:TEXT1:DATA:FMSD:DATA 1e-009;:DISP:WIND:TEXT2:DATA:FMSD:DATA 1e-009;:FORM:ASC:LONG ON;:FORM:BORD NORM;:FORM:DATA ASC,64;:FREQ:CW 20;:FUNC:DEV1:MODE OFF;:FUNC:DEV1:REF:VAL 0;:FUNC:DEV2:MODE OFF;:FUNC:DEV2:REF:VAL 0;:FUNC:IMP:TYPE LSRS;:FUNC:SMON:IDC:STAT OFF;:FUNC:SMON:VDC:STAT OFF;:INIT:CONT OFF;:LIST:MODE SEQ;:LIST:STIM:TYPE FREQ,NONE;:SOUR:DCS:VOLT:LEV 0;:TRIG:DEL 0;:TRIG:SOUR INT;:TRIG:TDEL 0;:VOLT:LEV 1;:DISP:WIND:TEXT1:DATA:FMSD:STAT OFF;:DISP:WIND:TEXT2:DATA:FMSD:STAT OFF;:FUNC:DCR:RANG:VAL 100;:FUNC:IMP:RANG:VAL 1;:OUTP:DC:ISOL:LEV:VAL 0.02;:OUTP:DC:ISOL:STAT OFF;:FUNC:DCR:RANG:AUTO ON;:FUNC:IMP:RANG:AUTO ON;:OUTP:DC:ISOL:LEV:AUTO ON;:DISP:PAGE MEASurement;
"
25.0,2.139254526e-07,0.0001063304903,0.00991444,1.40832e-06
25.0,1.857534337e-07,0.0001368476561,0.0099145,1.62812e-06
25.0,1.902862724e-07,0.0001432664079,0.00991448,1.40533e-06
25.0,1.483327073e-07,9.021110439e-05,0.00991447,1.58599e-06
25.0,1.196061844e-07,0.0001388429976,0.00991454,1.85145e-06
25.0,1.386044861e-07,0.0001541072689,0.00991438,1.38153e-06
25.0,3.287271627e-07,0.0001207321601,0.00991446,1.71758e-06
25.0,-9.278770598e-08,0.0001253854053,0.00991435,1.49307e-06
25.0,3.968267863e-07,0.0001505203078,0.00991456,1.08715e-06
25.0,3.033522969e-07,0.0001202239802,0.0099145,1.02248e-06
25.0,-7.494474059e-08,0.0001568220339,0.00991446,1.39928e-06
25.0,1.006783373e-07,0.0001419867184,0.00991456,1.54347e-06
25.0,3.883147331e-07,0.0001400333892,0.0099145,1.25625e-06
25.0,1.001510368e-08,0.0001751761947,0.00991445,1.29517e-06
25.0,2.109530345e-07,0.0001139874441,0.00991449,1.17733e-06
25.0,1.466465796e-07,0.0001019313797,0.00991446,1.20541e-06
Freq,25,Rs,0.00013227530866187498,2.2532298505525267e-05,Ls,1.69643132750625e-07,1.4383999358115836e-07
":SOUR:DCS:STAT OFF;:BIAS:STAT OFF;:COMP:BIN:COUN:CLE;:LIST:CLE:ALL;:COMP:BIN:CLE;:AMPL:ALC OFF;:APER MED,4;:BIAS:POL:AUTO OFF;:BIAS:RANG:AUTO ON;:BIAS:VOLT:LEV 0;:COMP:ABIN OFF;:COMP:BIN:COUN:STAT OFF;:COMP:MODE PTOL;:COMP:SLIM -9.9e+037,9.9e+037;:COMP:STAT OFF;:COMP:SWAP OFF;:COMP:TOL:NOM 0;:DISP:ENAB ON;:DISP:LINE """";:DISP:WIND:TEXT1:DATA:FMSD:DATA 1e-009;:DISP:WIND:TEXT2:DATA:FMSD:DATA 1e-009;:FORM:ASC:LONG ON;:FORM:BORD NORM;:FORM:DATA ASC,64;:FREQ:CW 25;:FUNC:DEV1:MODE OFF;:FUNC:DEV1:REF:VAL 0;:FUNC:DEV2:MODE OFF;:FUNC:DEV2:REF:VAL 0;:FUNC:IMP:TYPE LSRS;:FUNC:SMON:IDC:STAT OFF;:FUNC:SMON:VDC:STAT OFF;:INIT:CONT OFF;:LIST:MODE SEQ;:LIST:STIM:TYPE FREQ,NONE;:SOUR:DCS:VOLT:LEV 0;:TRIG:DEL 0;:TRIG:SOUR INT;:TRIG:TDEL 0;:VOLT:LEV 1;:DISP:WIND:TEXT1:DATA:FMSD:STAT OFF;:DISP:WIND:TEXT2:DATA:FMSD:STAT OFF;:FUNC:DCR:RANG:VAL 100;:FUNC:IMP:RANG:VAL 1;:OUTP:DC:ISOL:LEV:VAL 0.02;:OUTP:DC:ISOL:STAT OFF;:FUNC:DCR:RANG:AUTO ON;:FUNC:IMP:RANG:AUTO ON;:OUTP:DC:ISOL:LEV:AUTO ON;:DISP:PAGE MEASurement;
"
30.0,2.470204961e-07,0.0001257208024,0.00990922,1.31868e-06
30.0,1.025050086e-07,0.0001397882932,0.00990929,1.09822e-06
30.0,1.014535192e-07,0.0001442427753,0.00990914,1.13542e-06
30.0,1.923309689e-07,0.0001304008145,0.00990916,1.33828e-06
30.0,1.768317489e-07,0.0001360749461,0.00990921,1.26311e-06
30.0,4.715528039e-08,0.000132243464,0.00990922,1.28049e-06
30.0,1.923137083e-07,0.0001445259231,0.00990938,1.38404e-06
30.0,2.321356084e-07,0.0001271832352,0.00990924,1.256e-06
30.0,1.412778395e-07,9.965742114e-05,0.00990928,1.22207e-06
30.0,1.803896508e-07,0.0001373010778,0.00990931,1.31903e-06
30.0,1.230627646e-07,0.0001448652967,0.00990923,1.31172e-06
30.0,9.70116709e-08,0.0001083509063,0.00990909,1.29971e-06
30.0,2.19906494e-07,0.0001423198397,0.00990919,1.1316e-06
30.0,1.802119451e-07,0.0001297389413,0.00990915,1.29803e-06
30.0,2.250753753e-07,0.0001320286195,0.00990913,1.07589e-06
30.0,6.192753785e-08,0.0001445918405,0.00990923,1.22851e-06
Freq,30,Rs,0.00013243963729625002,1.2949406117462495e-05,Ls,1.5753810105250002e-07,6.24327248714291e-08
":SOUR:DCS:STAT OFF;:BIAS:STAT OFF;:COMP:BIN:COUN:CLE;:LIST:CLE:ALL;:COMP:BIN:CLE;:AMPL:ALC OFF;:APER MED,4;:BIAS:POL:AUTO OFF;:BIAS:RANG:AUTO ON;:BIAS:VOLT:LEV 0;:COMP:ABIN OFF;:COMP:BIN:COUN:STAT OFF;:COMP:MODE PTOL;:COMP:SLIM -9.9e+037,9.9e+037;:COMP:STAT OFF;:COMP:SWAP OFF;:COMP:TOL:NOM 0;:DISP:ENAB ON;:DISP:LINE """";:DISP:WIND:TEXT1:DATA:FMSD:DATA 1e-009;:DISP:WIND:TEXT2:DATA:FMSD:DATA 1e-009;:FORM:ASC:LONG ON;:FORM:BORD NORM;:FORM:DATA ASC,64;:FREQ:CW 30;:FUNC:DEV1:MODE OFF;:FUNC:DEV1:REF:VAL 0;:FUNC:DEV2:MODE OFF;:FUNC:DEV2:REF:VAL 0;:FUNC:IMP:TYPE LSRS;:FUNC:SMON:IDC:STAT OFF;:FUNC:SMON:VDC:STAT OFF;:INIT:CONT OFF;:LIST:MODE SEQ;:LIST:STIM:TYPE FREQ,NONE;:SOUR:DCS:VOLT:LEV 0;:TRIG:DEL 0;:TRIG:SOUR INT;:TRIG:TDEL 0;:VOLT:LEV 1;:DISP:WIND:TEXT1:DATA:FMSD:STAT OFF;:DISP:WIND:TEXT2:DATA:FMSD:STAT OFF;:FUNC:DCR:RANG:VAL 100;:FUNC:IMP:RANG:VAL 1;:OUTP:DC:ISOL:LEV:VAL 0.02;:OUTP:DC:ISOL:STAT OFF;:FUNC:DCR:RANG:AUTO ON;:FUNC:IMP:RANG:AUTO ON;:OUTP:DC:ISOL:LEV:AUTO ON;:DISP:PAGE MEASurement;
"
40.0,2.322636442e-07,0.0001071338924,0.00990869,1.4916e-06
40.0,1.305831249e-07,0.000102667546,0.00990873,1.12902e-06
40.0,2.355522328e-07,0.0001141668839,0.00990866,1.36693e-06
40.0,1.954081101e-07,0.0001175650047,0.00990871,1.27745e-06
40.0,1.758257072e-07,0.0001138112801,0.0099088,1.06534e-06
40.0,2.045275836e-07,9.372767273e-05,0.00990872,1.15283e-06
40.0,2.116529444e-07,8.241936087e-05,0.00990882,1.24842e-06
40.0,1.982032478e-07,0.0001289116828,0.00990883,1.438e-06
40.0,2.317483937e-07,0.0001105745875,0.0099087,1.10163e-06
40.0,1.99459099e-07,0.0001050004165,0.00990884,1.32544e-06
40.0,1.99246696e-07,0.0001258213085,0.00990873,1.2214e-06
40.0,1.980671604e-07,0.0001041580431,0.00990879,1.20482e-06
40.0,2.0216645e-07,0.0001157583411,0.00990881,1.20504e-06
40.0,1.86413775e-07,0.000125576304,0.0099088,1.45588e-06
40.0,2.3648135e-07,0.0001076175053,0.00990877,1.26983e-06
40.0,1.373134977e-07,0.000112299596,0.00990891,1.07512e-06
Freq,40,Rs,0.00011045058909374999,1.1909361823754744e-05,Ls,1.9843206355000002e-07,3.0888610601737534e-08
":SOUR:DCS:STAT OFF;:BIAS:STAT OFF;:COMP:BIN:COUN:CLE;:LIST:CLE:ALL;:COMP:BIN:CLE;:AMPL:ALC OFF;:APER MED,4;:BIAS:POL:AUTO OFF;:BIAS:RANG:AUTO ON;:BIAS:VOLT:LEV 0;:COMP:ABIN OFF;:COMP:BIN:COUN:STAT OFF;:COMP:MODE PTOL;:COMP:SLIM -9.9e+037,9.9e+037;:COMP:STAT OFF;:COMP:SWAP OFF;:COMP:TOL:NOM 0;:DISP:ENAB ON;:DISP:LINE """";:DISP:WIND:TEXT1:DATA:FMSD:DATA 1e-009;:DISP:WIND:TEXT2:DATA:FMSD:DATA 1e-009;:FORM:ASC:LONG ON;:FORM:BORD NORM;:FORM:DATA ASC,64;:FREQ:CW 40;:FUNC:DEV1:MODE OFF;:FUNC:DEV1:REF:VAL 0;:FUNC:DEV2:MODE OFF;:FUNC:DEV2:REF:VAL 0;:FUNC:IMP:TYPE LSRS;:FUNC:SMON:IDC:STAT OFF;:FUNC:SMON:VDC:STAT OFF;:INIT:CONT OFF;:LIST:MODE SEQ;:LIST:STIM:TYPE FREQ,NONE;:SOUR:DCS:VOLT:LEV 0;:TRIG:DEL 0;:TRIG:SOUR INT;:TRIG:TDEL 0;:VOLT:LEV 1;:DISP:WIND:TEXT1:DATA:FMSD:STAT OFF;:DISP:WIND:TEXT2:DATA:FMSD:STAT OFF;:FUNC:DCR:RANG:VAL 100;:FUNC:IMP:RANG:VAL 1;:OUTP:DC:ISOL:LEV:VAL 0.02;:OUTP:DC:ISOL:STAT OFF;:FUNC:DCR:RANG:AUTO ON;:FUNC:IMP:RANG:AUTO ON;:OUTP:DC:ISOL:LEV:AUTO ON;:DISP:PAGE MEASurement;
"
53.0,1.221583627e-07,0.0001085079598,0.00992474,1.21364e-06
53.0,7.769764377e-08,0.0001227362474,0.00992471,1.38189e-06
53.0,1.042363839e-07,0.0001254927229,0.00992478,1.1484e-06
53.0,1.241777032e-07,0.0001217341291,0.00992472,1.11914e-06
53.0,5.557937687e-08,0.0001090089918,0.00992477,1.3269e-06
53.0,9.854394318e-08,0.0001186740798,0.00992474,1.17938e-06
53.0,1.009627563e-07,0.000111630697,0.00992472,1.4188e-06
53.0,1.14945275e-07,0.0001234248634,0.00992468,1.10506e-06
53.0,1.251250139e-07,0.0001163149362,0.00992483,1.2789e-06
53.0,6.068166787e-08,0.0001123396122,0.0099248,1.21892e-06
53.0,1.261415511e-07,0.0001203941023,0.00992478,1.22063e-06
53.0,5.392883802e-08,0.0001188106193,0.00992476,1.1694e-06
53.0,1.319284718e-07,0.0001295277941,0.00992465,1.02684e-06
53.0,1.018961625e-07,0.0001080131651,0.00992479,1.06978e-06
53.0,1.147203267e-07,0.0001315620727,0.00992468,1.35558e-06
53.0,1.32918258e-07,0.0001000244121,0.00992473,1.1414e-06
Freq,53,Rs,0.00011738727532499999,8.597848949287792e-06,Ls,1.02852608425625e-07,2.7039170495376836e-08
":SOUR:DCS:STAT OFF;:BIAS:STAT OFF;:COMP:BIN:COUN:CLE;:LIST:CLE:ALL;:COMP:BIN:CLE;:AMPL:ALC OFF;:APER MED,4;:BIAS:POL:AUTO OFF;:BIAS:RANG:AUTO ON;:BIAS:VOLT:LEV 0;:COMP:ABIN OFF;:COMP:BIN:COUN:STAT OFF;:COMP:MODE PTOL;:COMP:SLIM -9.9e+037,9.9e+037;:COMP:STAT OFF;:COMP:SWAP OFF;:COMP:TOL:NOM 0;:DISP:ENAB ON;:DISP:LINE """";:DISP:WIND:TEXT1:DATA:FMSD:DATA 1e-009;:DISP:WIND:TEXT2:DATA:FMSD:DATA 1e-009;:FORM:ASC:LONG ON;:FORM:BORD NORM;:FORM:DATA ASC,64;:FREQ:CW 53;:FUNC:DEV1:MODE OFF;:FUNC:DEV1:REF:VAL 0;:FUNC:DEV2:MODE OFF;:FUNC:DEV2:REF:VAL 0;:FUNC:IMP:TYPE LSRS;:FUNC:SMON:IDC:STAT OFF;:FUNC:SMON:VDC:STAT OFF;:INIT:CONT OFF;:LIST:MODE SEQ;:LIST:STIM:TYPE FREQ,NONE;:SOUR:DCS:VOLT:LEV 0;:TRIG:DEL 0;:TRIG:SOUR INT;:TRIG:TDEL 0;:VOLT:LEV 1;:DISP:WIND:TEXT1:DATA:FMSD:STAT OFF;:DISP:WIND:TEXT2:DATA:FMSD:STAT OFF;:FUNC:DCR:RANG:VAL 100;:FUNC:IMP:RANG:VAL 1;:OUTP:DC:ISOL:LEV:VAL 0.02;:OUTP:DC:ISOL:STAT OFF;:FUNC:DCR:RANG:AUTO ON;:FUNC:IMP:RANG:AUTO ON;:OUTP:DC:ISOL:LEV:AUTO ON;:DISP:PAGE MEASurement;
"
60.0,1.611161945e-07,0.0001185016102,0.00993213,1.32704e-06
60.0,1.235795027e-07,0.0001036675857,0.00993206,1.20697e-06
60.0,1.050603688e-07,0.0001130874571,0.00993213,1.31801e-06
60.0,1.1575003e-07,9.448943762e-05,0.00993218,1.07711e-06
60.0,1.166427471e-07,0.0001128993547,0.0099321,1.11121e-06
60.0,8.077619221e-08,0.0001235752754,0.00993213,1.12987e-06
60.0,1.205619075e-07,0.0001205007466,0.009932,1.28947e-06
60.0,1.328483779e-07,0.0001030927892,0.00993205,1.25196e-06
60.0,1.09491053e-07,0.0001114314702,0.00993202,1.21303e-06
60.0,1.125665359e-07,0.0001076873801,0.00993212,1.28875e-06
60.0,8.25773516e-08,0.0001001675778,0.00993196,1.15533e-06
60.0,1.422024131e-07,0.000106429328,0.00993212,1.0706e-06
60.0,1.188382226e-07,0.0001071748811,0.00993215,1.22066e-06
60.0,1.442586011e-07,0.0001305317242,0.009932,9.82605e-07
60.0,6.514335705e-08,0.0001174128843,0.0099321,1.17275e-06
60.0,1.269549835e-07,0.0001142632026,0.00993203,1.0375e-06
Freq,60,Rs,0.00011155704405125,9.287441315476917e-06,Ls,1.1614798991e-07,2.4669718074693448e-08
":SOUR:DCS:STAT OFF;:BIAS:STAT OFF;:COMP:BIN:COUN:CLE;:LIST:CLE:ALL;:COMP:BIN:CLE;:AMPL:ALC OFF;:APER MED,4;:BIAS:POL:AUTO OFF;:BIAS:RANG:AUTO ON;:BIAS:VOLT:LEV 0;:COMP:ABIN OFF;:COMP:BIN:COUN:STAT OFF;:COMP:MODE PTOL;:COMP:SLIM -9.9e+037,9.9e+037;:COMP:STAT OFF;:COMP:SWAP OFF;:COMP:TOL:NOM 0;:DISP:ENAB ON;:DISP:LINE """";:DISP:WIND:TEXT1:DATA:FMSD:DATA 1e-009;:DISP:WIND:TEXT2:DATA:FMSD:DATA 1e-009;:FORM:ASC:LONG ON;:FORM:BORD NORM;:FORM:DATA ASC,64;:FREQ:CW 60;:FUNC:DEV1:MODE OFF;:FUNC:DEV1:REF:VAL 0;:FUNC:DEV2:MODE OFF;:FUNC:DEV2:REF:VAL 0;:FUNC:IMP:TYPE LSRS;:FUNC:SMON:IDC:STAT OFF;:FUNC:SMON:VDC:STAT OFF;:INIT:CONT OFF;:LIST:MODE SEQ;:LIST:STIM:TYPE FREQ,NONE;:SOUR:DCS:VOLT:LEV 0;:TRIG:DEL 0;:TRIG:SOUR INT;:TRIG:TDEL 0;:VOLT:LEV 1;:DISP:WIND:TEXT1:DATA:FMSD:STAT OFF;:DISP:WIND:TEXT2:DATA:FMSD:STAT OFF;:FUNC:DCR:RANG:VAL 100;:FUNC:IMP:RANG:VAL 1;:OUTP:DC:ISOL:LEV:VAL 0.02;:OUTP:DC:ISOL:STAT OFF;:FUNC:DCR:RANG:AUTO ON;:FUNC:IMP:RANG:AUTO ON;:OUTP:DC:ISOL:LEV:AUTO ON;:DISP:PAGE MEASurement;
"
65.0,1.38571909e-07,0.0001125104747,0.00993967,1.22849e-06
65.0,1.245190457e-07,0.0001140803152,0.00993972,1.34248e-06
65.0,1.17019357e-07,9.582391242e-05,0.00993973,1.2814e-06
65.0,1.344236331e-07,0.0001023809408,0.00993991,1.11823e-06
65.0,1.152904302e-07,0.0001248213267,0.00993977,1.31013e-06
65.0,9.477197076e-08,9.560384936e-05,0.00993984,1.22141e-06
65.0,1.310549572e-07,0.0001173987738,0.00993967,1.22064e-06
65.0,1.203530688e-07,0.0001274610059,0.00993972,1.16253e-06
65.0,1.603468016e-07,0.0001078472719,0.0099397,1.16803e-06
65.0,1.194764799e-07,9.929828518e-05,0.00993975,1.22327e-06
65.0,1.026899666e-07,0.0001038815994,0.00993969,1.14654e-06
65.0,1.234243679e-07,9.765659225e-05,0.00993967,1.15257e-06
65.0,1.155669032e-07,0.0001070156111,0.00993967,1.02398e-06
65.0,1.440719198e-07,0.0001031760515,0.00993966,1.13248e-06
65.0,1.434324481e-07,0.000106692338,0.00993958,1.36283e-06
65.0,1.256377271e-07,0.0001101075857,0.00993969,1.22918e-06
Freq,65,Rs,0.000107859745869375,9.558946820559876e-06,Ls,1.256656866225e-07,1.626675229346485e-08
":SOUR:DCS:STAT OFF;:BIAS:STAT OFF;:COMP:BIN:COUN:CLE;:LIST:CLE:ALL;:COMP:BIN:CLE;:AMPL:ALC OFF;:APER MED,4;:BIAS:POL:AUTO OFF;:BIAS:RANG:AUTO ON;:BIAS:VOLT:LEV 0;:COMP:ABIN OFF;:COMP:BIN:COUN:STAT OFF;:COMP:MODE PTOL;:COMP:SLIM -9.9e+037,9.9e+037;:COMP:STAT OFF;:COMP:SWAP OFF;:COMP:TOL:NOM 0;:DISP:ENAB ON;:DISP:LINE """";:DISP:WIND:TEXT1:DATA:FMSD:DATA 1e-009;:DISP:WIND:TEXT2:DATA:FMSD:DATA 1e-009;:FORM:ASC:LONG ON;:FORM:BORD NORM;:FORM:DATA ASC,64;:FREQ:CW 65;:FUNC:DEV1:MODE OFF;:FUNC:DEV1:REF:VAL 0;:FUNC:DEV2:MODE OFF;:FUNC:DEV2:REF:VAL 0;:FUNC:IMP:TYPE LSRS;:FUNC:SMON:IDC:STAT OFF;:FUNC:SMON:VDC:STAT OFF;:INIT:CONT OFF;:LIST:MODE SEQ;:LIST:STIM:TYPE FREQ,NONE;:SOUR:DCS:VOLT:LEV 0;:TRIG:DEL 0;:TRIG:SOUR INT;:TRIG:TDEL 0;:VOLT:LEV 1;:DISP:WIND:TEXT1:DATA:FMSD:STAT OFF;:DISP:WIND:TEXT2:DATA:FMSD:STAT OFF;:FUNC:DCR:RANG:VAL 100;:FUNC:IMP:RANG:VAL 1;:OUTP:DC:ISOL:LEV:VAL 0.02;:OUTP:DC:ISOL:STAT OFF;:FUNC:DCR:RANG:AUTO ON;:FUNC:IMP:RANG:AUTO ON;:OUTP:DC:ISOL:LEV:AUTO ON;:DISP:PAGE MEASurement;
"
80.0,1.722200369e-07,9.003939422e-05,0.00991288,1.26329e-06
80.0,1.569789777e-07,0.0001009755605,0.00991271,1.25401e-06
80.0,1.335559964e-07,9.618009348e-05,0.00991294,1.35949e-06
80.0,1.690821939e-07,9.733384196e-05,0.00991282,1.30577e-06
80.0,1.485888884e-07,9.45071772e-05,0.00991302,1.19446e-06
80.0,1.512255164e-07,8.06101142e-05,0.00991297,1.15901e-06
80.0,1.555558206e-07,0.0001055937429,0.00991291,1.1007e-06
80.0,1.343413838e-07,8.788839364e-05,0.0099128,1.19944e-06
80.0,1.525346269e-07,9.410310759e-05,0.00991291,1.22046e-06
80.0,1.662115036e-07,9.118700115e-05,0.00991286,1.2054e-06
80.0,1.479365218e-07,8.529704294e-05,0.009913,1.39904e-06
80.0,1.370719072e-07,8.49310482e-05,0.0099129,1.3297e-06
80.0,1.842714981e-07,9.813605511e-05,0.00991294,1.19173e-06
80.0,1.65619769e-07,9.532420393e-05,0.00991287,1.29834e-06
80.0,1.268598408e-07,0.0001000587549,0.00991301,1.23842e-06
80.0,1.688274867e-07,8.909572437e-05,0.0099129,1.36156e-06
Freq,80,Rs,9.320382851812499e-05,6.6679064446119155e-06,Ls,1.544301230125e-07,1.6107126656319876e-08
":SOUR:DCS:STAT OFF;:BIAS:STAT OFF;:COMP:BIN:COUN:CLE;:LIST:CLE:ALL;:COMP:BIN:CLE;:AMPL:ALC OFF;:APER MED,4;:BIAS:POL:AUTO OFF;:BIAS:RANG:AUTO ON;:BIAS:VOLT:LEV 0;:COMP:ABIN OFF;:COMP:BIN:COUN:STAT OFF;:COMP:MODE PTOL;:COMP:SLIM -9.9e+037,9.9e+037;:COMP:STAT OFF;:COMP:SWAP OFF;:COMP:TOL:NOM 0;:DISP:ENAB ON;:DISP:LINE """";:DISP:WIND:TEXT1:DATA:FMSD:DATA 1e-009;:DISP:WIND:TEXT2:DATA:FMSD:DATA 1e-009;:FORM:ASC:LONG ON;:FORM:BORD NORM;:FORM:DATA ASC,64;:FREQ:CW 80;:FUNC:DEV1:MODE OFF;:FUNC:DEV1:REF:VAL 0;:FUNC:DEV2:MODE OFF;:FUNC:DEV2:REF:VAL 0;:FUNC:IMP:TYPE LSRS;:FUNC:SMON:IDC:STAT OFF;:FUNC:SMON:VDC:STAT OFF;:INIT:CONT OFF;:LIST:MODE SEQ;:LIST:STIM:TYPE FREQ,NONE;:SOUR:DCS:VOLT:LEV 0;:TRIG:DEL 0;:TRIG:SOUR INT;:TRIG:TDEL 0;:VOLT:LEV 1;:DISP:WIND:TEXT1:DATA:FMSD:STAT OFF;:DISP:WIND:TEXT2:DATA:FMSD:STAT OFF;:FUNC:DCR:RANG:VAL 100;:FUNC:IMP:RANG:VAL 1;:OUTP:DC:ISOL:LEV:VAL 0.02;:OUTP:DC:ISOL:STAT OFF;:FUNC:DCR:RANG:AUTO ON;:FUNC:IMP:RANG:AUTO ON;:OUTP:DC:ISOL:LEV:AUTO ON;:DISP:PAGE MEASurement;
"
90.0,1.559218506e-07,0.0001042257817,0.00992742,1.20794e-06
90.0,1.372126042e-07,9.050118794e-05,0.0099274,1.3416e-06
90.0,1.425956857e-07,0.0001150808923,0.00992736,1.33812e-06
90.0,1.668921109e-07,0.0001048117568,0.00992733,1.32971e-06
90.0,1.746256922e-07,9.675586543e-05,0.00992726,1.31976e-06
90.0,1.596834595e-07,9.333427027e-05,0.00992737,1.31708e-06
90.0,1.280862429e-07,9.501080461e-05,0.00992729,1.38167e-06
90.0,1.739353023e-07,9.218357334e-05,0.00992747,1.37778e-06
90.0,1.446842921e-07,0.0001140663926,0.00992746,1.21151e-06
90.0,1.399066942e-07,9.085322313e-05,0.00992738,1.41184e-06
90.0,1.610819599e-07,9.941371984e-05,0.00992743,1.27434e-06
90.0,1.530240965e-07,9.512796968e-05,0.00992738,1.15204e-06
90.0,1.373605648e-07,0.0001055238532,0.00992747,1.30802e-06
90.0,1.416498244e-07,0.0001000499882,0.0099275,1.24873e-06
90.0,1.408384277e-07,8.836076066e-05,0.00992752,1.43072e-06
90.0,1.786510744e-07,0.0001048875383,0.00992747,1.19988e-06
Freq,90,Rs,9.9386723625e-05,8.12026648621449e-06,Ls,1.5225936764375e-07,1.550649016028319e-08
":SOUR:DCS:STAT OFF;:BIAS:STAT OFF;:COMP:BIN:COUN:CLE;:LIST:CLE:ALL;:COMP:BIN:CLE;:AMPL:ALC OFF;:APER MED,4;:BIAS:POL:AUTO OFF;:BIAS:RANG:AUTO ON;:BIAS:VOLT:LEV 0;:COMP:ABIN OFF;:COMP:BIN:COUN:STAT OFF;:COMP:MODE PTOL;:COMP:SLIM -9.9e+037,9.9e+037;:COMP:STAT OFF;:COMP:SWAP OFF;:COMP:TOL:NOM 0;:DISP:ENAB ON;:DISP:LINE """";:DISP:WIND:TEXT1:DATA:FMSD:DATA 1e-009;:DISP:WIND:TEXT2:DATA:FMSD:DATA 1e-009;:FORM:ASC:LONG ON;:FORM:BORD NORM;:FORM:DATA ASC,64;:FREQ:CW 90;:FUNC:DEV1:MODE OFF;:FUNC:DEV1:REF:VAL 0;:FUNC:DEV2:MODE OFF;:FUNC:DEV2:REF:VAL 0;:FUNC:IMP:TYPE LSRS;:FUNC:SMON:IDC:STAT OFF;:FUNC:SMON:VDC:STAT OFF;:INIT:CONT OFF;:LIST:MODE SEQ;:LIST:STIM:TYPE FREQ,NONE;:SOUR:DCS:VOLT:LEV 0;:TRIG:DEL 0;:TRIG:SOUR INT;:TRIG:TDEL 0;:VOLT:LEV 1;:DISP:WIND:TEXT1:DATA:FMSD:STAT OFF;:DISP:WIND:TEXT2:DATA:FMSD:STAT OFF;:FUNC:DCR:RANG:VAL 100;:FUNC:IMP:RANG:VAL 1;:OUTP:DC:ISOL:LEV:VAL 0.02;:OUTP:DC:ISOL:STAT OFF;:FUNC:DCR:RANG:AUTO ON;:FUNC:IMP:RANG:AUTO ON;:OUTP:DC:ISOL:LEV:AUTO ON;:DISP:PAGE MEASurement;
"
95.0,1.304668142e-07,8.244197514e-05,0.00993045,1.27011e-06
95.0,1.796636529e-07,0.0001169310875,0.0099306,1.45297e-06
95.0,1.20599643e-07,0.0001051124222,0.00993048,1.34873e-06
95.0,1.557963028e-07,8.830738007e-05,0.00993057,1.40101e-06
95.0,1.490477078e-07,0.0001049330838,0.00993041,1.41632e-06
95.0,1.403974292e-07,9.797585516e-05,0.00993043,1.34612e-06
95.0,1.314055647e-07,0.0001149833109,0.0099304,1.67107e-06
95.0,1.421623078e-07,8.998516295e-05,0.00993037,1.22948e-06
95.0,1.678602955e-07,0.000104668423,0.00993053,1.49148e-06
95.0,1.447672647e-07,8.293928916e-05,0.00993043,1.41133e-06
95.0,1.887328275e-07,7.934945389e-05,0.00993046,1.45505e-06
95.0,1.306069418e-07,0.0001002328291,0.00993051,1.39324e-06
95.0,1.482017234e-07,7.561148608e-05,0.00993052,1.33094e-06
95.0,1.793239374e-07,0.000117924217,0.00993049,1.58618e-06
95.0,1.605852287e-07,9.782348104e-05,0.00993049,1.39687e-06
95.0,1.706518909e-07,9.626561481e-05,0.00993062,1.29125e-06
Freq,95,Rs,9.72178169875e-05,1.3319914603714682e-05,Ls,1.5251684576875e-07,2.0302333709247192e-08
":SOUR:DCS:STAT OFF;:BIAS:STAT OFF;:COMP:BIN:COUN:CLE;:LIST:CLE:ALL;:COMP:BIN:CLE;:AMPL:ALC OFF;:APER MED,4;:BIAS:POL:AUTO OFF;:BIAS:RANG:AUTO ON;:BIAS:VOLT:LEV 0;:COMP:ABIN OFF;:COMP:BIN:COUN:STAT OFF;:COMP:MODE PTOL;:COMP:SLIM -9.9e+037,9.9e+037;:COMP:STAT OFF;:COMP:SWAP OFF;:COMP:TOL:NOM 0;:DISP:ENAB ON;:DISP:LINE """";:DISP:WIND:TEXT1:DATA:FMSD:DATA 1e-009;:DISP:WIND:TEXT2:DATA:FMSD:DATA 1e-009;:FORM:ASC:LONG ON;:FORM:BORD NORM;:FORM:DATA ASC,64;:FREQ:CW 95;:FUNC:DEV1:MODE OFF;:FUNC:DEV1:REF:VAL 0;:FUNC:DEV2:MODE OFF;:FUNC:DEV2:REF:VAL 0;:FUNC:IMP:TYPE LSRS;:FUNC:SMON:IDC:STAT OFF;:FUNC:SMON:VDC:STAT OFF;:INIT:CONT OFF;:LIST:MODE SEQ;:LIST:STIM:TYPE FREQ,NONE;:SOUR:DCS:VOLT:LEV 0;:TRIG:DEL 0;:TRIG:SOUR INT;:TRIG:TDEL 0;:VOLT:LEV 1;:DISP:WIND:TEXT1:DATA:FMSD:STAT OFF;:DISP:WIND:TEXT2:DATA:FMSD:STAT OFF;:FUNC:DCR:RANG:VAL 100;:FUNC:IMP:RANG:VAL 1;:OUTP:DC:ISOL:LEV:VAL 0.02;:OUTP:DC:ISOL:STAT OFF;:FUNC:DCR:RANG:AUTO ON;:FUNC:IMP:RANG:AUTO ON;:OUTP:DC:ISOL:LEV:AUTO ON;:DISP:PAGE MEASurement;
"
103.0,1.443432359e-07,0.000109417168,0.00993304,1.40763e-06
103.0,1.414283249e-07,9.459239141e-05,0.00993314,1.34659e-06
103.0,1.495559456e-07,0.0001196590334,0.00993295,1.48731e-06
103.0,1.361289238e-07,0.0001035053614,0.0099332,1.34929e-06
103.0,1.477232214e-07,0.0001062227197,0.00993312,1.33684e-06
103.0,1.536212884e-07,0.0001066545636,0.00993296,1.37166e-06
103.0,1.546058341e-07,9.742640366e-05,0.009933,1.43415e-06
103.0,1.469325069e-07,9.880273169e-05,0.00993302,1.47845e-06
103.0,1.474415083e-07,9.806619736e-05,0.00993319,1.48627e-06
103.0,1.533216095e-07,0.0001105922417,0.00993308,1.39424e-06
103.0,1.737689821e-07,0.0001221754666,0.00993298,1.43599e-06
103.0,1.619107445e-07,0.000102943371,0.00993296,1.42224e-06
103.0,1.431169304e-07,9.53951338e-05,0.00993309,1.41331e-06
103.0,1.355217508e-07,9.418034722e-05,0.00993313,1.45574e-06
103.0,1.670531192e-07,0.0001154866439,0.00993304,1.39097e-06
103.0,1.662511991e-07,0.0001057592211,0.00993306,1.38488e-06
Freq,103,Rs,0.00010505493722125,8.73056830953839e-06,Ls,1.5142032030625001e-07,1.1108664056682226e-08
":SOUR:DCS:STAT OFF;:BIAS:STAT OFF;:COMP:BIN:COUN:CLE;:LIST:CLE:ALL;:COMP:BIN:CLE;:AMPL:ALC OFF;:APER MED,4;:BIAS:POL:AUTO OFF;:BIAS:RANG:AUTO ON;:BIAS:VOLT:LEV 0;:COMP:ABIN OFF;:COMP:BIN:COUN:STAT OFF;:COMP:MODE PTOL;:COMP:SLIM -9.9e+037,9.9e+037;:COMP:STAT OFF;:COMP:SWAP OFF;:COMP:TOL:NOM 0;:DISP:ENAB ON;:DISP:LINE """";:DISP:WIND:TEXT1:DATA:FMSD:DATA 1e-009;:DISP:WIND:TEXT2:DATA:FMSD:DATA 1e-009;:FORM:ASC:LONG ON;:FORM:BORD NORM;:FORM:DATA ASC,64;:FREQ:CW 103;:FUNC:DEV1:MODE OFF;:FUNC:DEV1:REF:VAL 0;:FUNC:DEV2:MODE OFF;:FUNC:DEV2:REF:VAL 0;:FUNC:IMP:TYPE LSRS;:FUNC:SMON:IDC:STAT OFF;:FUNC:SMON:VDC:STAT OFF;:INIT:CONT OFF;:LIST:MODE SEQ;:LIST:STIM:TYPE FREQ,NONE;:SOUR:DCS:VOLT:LEV 0;:TRIG:DEL 0;:TRIG:SOUR INT;:TRIG:TDEL 0;:VOLT:LEV 1;:DISP:WIND:TEXT1:DATA:FMSD:STAT OFF;:DISP:WIND:TEXT2:DATA:FMSD:STAT OFF;:FUNC:DCR:RANG:VAL 100;:FUNC:IMP:RANG:VAL 1;:OUTP:DC:ISOL:LEV:VAL 0.02;:OUTP:DC:ISOL:STAT OFF;:FUNC:DCR:RANG:AUTO ON;:FUNC:IMP:RANG:AUTO ON;:OUTP:DC:ISOL:LEV:AUTO ON;:DISP:PAGE MEASurement;
"
105.0,1.610537834e-07,9.529075533e-05,0.00993043,1.39656e-06
105.0,1.402536259e-07,0.0001061314614,0.00993059,1.4524e-06
105.0,1.570266958e-07,9.568788648e-05,0.00993044,1.5306e-06
105.0,1.559747043e-07,0.0001000122558,0.0099305,1.39906e-06
105.0,1.407241427e-07,0.0001045065142,0.00993033,1.46617e-06
105.0,1.401339348e-07,0.0001033653754,0.00993052,1.34832e-06
105.0,1.462909812e-07,0.0001103413538,0.00993037,1.4941e-06
105.0,1.507340702e-07,0.0001068352954,0.00993046,1.48037e-06
105.0,1.415065654e-07,0.0001028853641,0.00993046,1.47598e-06
105.0,1.413417443e-07,0.0001082284228,0.0099305,1.41667e-06
105.0,1.674522123e-07,0.0001160193238,0.00993039,1.4062e-06
105.0,1.462402375e-07,0.0001098110737,0.00993055,1.40366e-06
105.0,1.346860724e-07,0.0001081192276,0.00993054,1.44412e-06
105.0,1.661835108e-07,9.593668566e-05,0.00993047,1.45276e-06
105.0,1.509356456e-07,0.0001152686097,0.00993048,1.4519e-06
105.0,1.593005751e-07,0.0001032753234,0.00993045,1.48236e-06
Freq,105,Rs,0.000105107183035625,6.332620309047136e-06,Ls,1.4998990635625e-07,1.016379910271111e-08
":SOUR:DCS:STAT OFF;:BIAS:STAT OFF;:COMP:BIN:COUN:CLE;:LIST:CLE:ALL;:COMP:BIN:CLE;:AMPL:ALC OFF;:APER MED,4;:BIAS:POL:AUTO OFF;:BIAS:RANG:AUTO ON;:BIAS:VOLT:LEV 0;:COMP:ABIN OFF;:COMP:BIN:COUN:STAT OFF;:COMP:MODE PTOL;:COMP:SLIM -9.9e+037,9.9e+037;:COMP:STAT OFF;:COMP:SWAP OFF;:COMP:TOL:NOM 0;:DISP:ENAB ON;:DISP:LINE """";:DISP:WIND:TEXT1:DATA:FMSD:DATA 1e-009;:DISP:WIND:TEXT2:DATA:FMSD:DATA 1e-009;:FORM:ASC:LONG ON;:FORM:BORD NORM;:FORM:DATA ASC,64;:FREQ:CW 105;:FUNC:DEV1:MODE OFF;:FUNC:DEV1:REF:VAL 0;:FUNC:DEV2:MODE OFF;:FUNC:DEV2:REF:VAL 0;:FUNC:IMP:TYPE LSRS;:FUNC:SMON:IDC:STAT OFF;:FUNC:SMON:VDC:STAT OFF;:INIT:CONT OFF;:LIST:MODE SEQ;:LIST:STIM:TYPE FREQ,NONE;:SOUR:DCS:VOLT:LEV 0;:TRIG:DEL 0;:TRIG:SOUR INT;:TRIG:TDEL 0;:VOLT:LEV 1;:DISP:WIND:TEXT1:DATA:FMSD:STAT OFF;:DISP:WIND:TEXT2:DATA:FMSD:STAT OFF;:FUNC:DCR:RANG:VAL 100;:FUNC:IMP:RANG:VAL 1;:OUTP:DC:ISOL:LEV:VAL 0.02;:OUTP:DC:ISOL:STAT OFF;:FUNC:DCR:RANG:AUTO ON;:FUNC:IMP:RANG:AUTO ON;:OUTP:DC:ISOL:LEV:AUTO ON;:DISP:PAGE MEASurement;
"
107.0,1.532548331e-07,9.914915112e-05,0.00993109,1.44355e-06
107.0,1.46663253e-07,0.0001002368872,0.00993119,1.5368e-06
107.0,1.622034726e-07,0.0001085715566,0.00993124,1.3923e-06
107.0,1.526117899e-07,0.0001112800875,0.00993122,1.43291e-06
107.0,1.359814764e-07,0.0001029916777,0.00993118,1.50176e-06
107.0,1.412199844e-07,9.988498338e-05,0.00993119,1.24915e-06
107.0,1.525179497e-07,0.0001174497909,0.00993119,1.46002e-06
107.0,1.505580875e-07,0.0001039709412,0.00993117,1.5214e-06
107.0,1.4342595e-07,0.0001170239893,0.00993113,1.39818e-06
107.0,1.316946723e-07,0.000111416609,0.00993113,1.61855e-06
107.0,1.489045981e-07,0.0001109074869,0.0099312,1.42626e-06
107.0,1.444258285e-07,0.0001045735043,0.00993107,1.56568e-06
107.0,1.546752151e-07,9.434881843e-05,0.00993113,1.48459e-06
107.0,1.393949295e-07,0.000101823234,0.00993106,1.40431e-06
107.0,1.47274236e-07,9.907054752e-05,0.00993102,1.55569e-06
107.0,1.549683445e-07,9.561396998e-05,0.00993101,1.36154e-06
Freq,107,Rs,0.000104894577189375,7.1312240383162e-06,Ls,1.474859137875e-07,7.88930495179079e-09
":SOUR:DCS:STAT OFF;:BIAS:STAT OFF;:COMP:BIN:COUN:CLE;:LIST:CLE:ALL;:COMP:BIN:CLE;:AMPL:ALC OFF;:APER MED,4;:BIAS:POL:AUTO OFF;:BIAS:RANG:AUTO ON;:BIAS:VOLT:LEV 0;:COMP:ABIN OFF;:COMP:BIN:COUN:STAT OFF;:COMP:MODE PTOL;:COMP:SLIM -9.9e+037,9.9e+037;:COMP:STAT OFF;:COMP:SWAP OFF;:COMP:TOL:NOM 0;:DISP:ENAB ON;:DISP:LINE """";:DISP:WIND:TEXT1:DATA:FMSD:DATA 1e-009;:DISP:WIND:TEXT2:DATA:FMSD:DATA 1e-009;:FORM:ASC:LONG ON;:FORM:BORD NORM;:FORM:DATA ASC,64;:FREQ:CW 107;:FUNC:DEV1:MODE OFF;:FUNC:DEV1:REF:VAL 0;:FUNC:DEV2:MODE OFF;:FUNC:DEV2:REF:VAL 0;:FUNC:IMP:TYPE LSRS;:FUNC:SMON:IDC:STAT OFF;:FUNC:SMON:VDC:STAT OFF;:INIT:CONT OFF;:LIST:MODE SEQ;:LIST:STIM:TYPE FREQ,NONE;:SOUR:DCS:VOLT:LEV 0;:TRIG:DEL 0;:TRIG:SOUR INT;:TRIG:TDEL 0;:VOLT:LEV 1;:DISP:WIND:TEXT1:DATA:FMSD:STAT OFF;:DISP:WIND:TEXT2:DATA:FMSD:STAT OFF;:FUNC:DCR:RANG:VAL 100;:FUNC:IMP:RANG:VAL 1;:OUTP:DC:ISOL:LEV:VAL 0.02;:OUTP:DC:ISOL:STAT OFF;:FUNC:DCR:RANG:AUTO ON;:FUNC:IMP:RANG:AUTO ON;:OUTP:DC:ISOL:LEV:AUTO ON;:DISP:PAGE MEASurement;
"
110.0,1.473426421e-07,0.0001261836858,0.009928,1.43061e-06
110.0,1.682364693e-07,0.0001131307313,0.00992793,1.5025e-06
110.0,1.358746331e-07,0.0001178695573,0.00992787,1.36419e-06
110.0,1.51079486e-07,0.0001112138,0.00992789,1.39446e-06
110.0,1.35160668e-07,0.0001104649831,0.00992796,1.46706e-06
110.0,1.426887864e-07,0.000111241213,0.00992794,1.45654e-06
110.0,1.445112052e-07,0.0001134353585,0.00992799,1.42175e-06
110.0,1.62136185e-07,0.0001142666908,0.00992788,1.60142e-06
110.0,1.359856005e-07,0.0001161245303,0.00992791,1.59187e-06
110.0,1.658889373e-07,9.957486441e-05,0.00992787,1.54744e-06
110.0,1.393810973e-07,0.0001186531056,0.00992783,1.48044e-06
110.0,1.363228447e-07,0.0001193346285,0.00992779,1.51921e-06
110.0,1.342010918e-07,0.0001065434739,0.00992795,1.51965e-06
110.0,1.517202325e-07,0.000102010336,0.00992791,1.469e-06
110.0,1.22681257e-07,0.0001044843882,0.00992798,1.4864e-06
110.0,1.394127894e-07,0.0001095146173,0.00992791,1.5258e-06
Freq,110,Rs,0.000112127872750625,6.875457841865997e-06,Ls,1.4453899535e-07,1.2580113431717495e-08
":SOUR:DCS:STAT OFF;:BIAS:STAT OFF;:COMP:BIN:COUN:CLE;:LIST:CLE:ALL;:COMP:BIN:CLE;:AMPL:ALC OFF;:APER MED,4;:BIAS:POL:AUTO OFF;:BIAS:RANG:AUTO ON;:BIAS:VOLT:LEV 0;:COMP:ABIN OFF;:COMP:BIN:COUN:STAT OFF;:COMP:MODE PTOL;:COMP:SLIM -9.9e+037,9.9e+037;:COMP:STAT OFF;:COMP:SWAP OFF;:COMP:TOL:NOM 0;:DISP:ENAB ON;:DISP:LINE """";:DISP:WIND:TEXT1:DATA:FMSD:DATA 1e-009;:DISP:WIND:TEXT2:DATA:FMSD:DATA 1e-009;:FORM:ASC:LONG ON;:FORM:BORD NORM;:FORM:DATA ASC,64;:FREQ:CW 110;:FUNC:DEV1:MODE OFF;:FUNC:DEV1:REF:VAL 0;:FUNC:DEV2:MODE OFF;:FUNC:DEV2:REF:VAL 0;:FUNC:IMP:TYPE LSRS;:FUNC:SMON:IDC:STAT OFF;:FUNC:SMON:VDC:STAT OFF;:INIT:CONT OFF;:LIST:MODE SEQ;:LIST:STIM:TYPE FREQ,NONE;:SOUR:DCS:VOLT:LEV 0;:TRIG:DEL 0;:TRIG:SOUR INT;:TRIG:TDEL 0;:VOLT:LEV 1;:DISP:WIND:TEXT1:DATA:FMSD:STAT OFF;:DISP:WIND:TEXT2:DATA:FMSD:STAT OFF;:FUNC:DCR:RANG:VAL 100;:FUNC:IMP:RANG:VAL 1;:OUTP:DC:ISOL:LEV:VAL 0.02;:OUTP:DC:ISOL:STAT OFF;:FUNC:DCR:RANG:AUTO ON;:FUNC:IMP:RANG:AUTO ON;:OUTP:DC:ISOL:LEV:AUTO ON;:DISP:PAGE MEASurement;
"
112.0,1.431235055e-07,0.0001126935635,0.009928,1.42799e-06
112.0,1.411012741e-07,0.0001229420426,0.00992797,1.38689e-06
112.0,1.340496901e-07,0.0001083401934,0.00992815,1.58395e-06
112.0,1.443579792e-07,0.0001054386271,0.00992803,1.44191e-06
112.0,1.669645976e-07,0.0001104973827,0.00992807,1.44824e-06
112.0,1.585769911e-07,0.0001110060609,0.00992804,1.40278e-06
112.0,1.357114232e-07,0.0001118234481,0.00992799,1.50081e-06
112.0,1.357752831e-07,0.0001153516524,0.00992802,1.43713e-06
112.0,1.502144174e-07,0.000116635652,0.00992805,1.49557e-06
112.0,1.52469207e-07,0.0001171465438,0.0099281,1.48311e-06
112.0,1.492704295e-07,0.0001076518515,0.00992805,1.48399e-06
112.0,1.392007538e-07,0.000106056317,0.00992805,1.58158e-06
112.0,1.519815423e-07,0.0001160274473,0.00992806,1.65047e-06
112.0,1.445499851e-07,0.0001006254623,0.00992807,1.51557e-06
112.0,1.464627111e-07,0.0001051705484,0.009928,1.55246e-06
112.0,1.540683232e-07,0.0001225578546,0.00992801,1.47458e-06
Freq,112,Rs,0.000111872790475,6.307808997399053e-06,Ls,1.4674238208125e-07,8.932283120077018e-09
":SOUR:DCS:STAT OFF;:BIAS:STAT OFF;:COMP:BIN:COUN:CLE;:LIST:CLE:ALL;:COMP:BIN:CLE;:AMPL:ALC OFF;:APER MED,4;:BIAS:POL:AUTO OFF;:BIAS:RANG:AUTO ON;:BIAS:VOLT:LEV 0;:COMP:ABIN OFF;:COMP:BIN:COUN:STAT OFF;:COMP:MODE PTOL;:COMP:SLIM -9.9e+037,9.9e+037;:COMP:STAT OFF;:COMP:SWAP OFF;:COMP:TOL:NOM 0;:DISP:ENAB ON;:DISP:LINE """";:DISP:WIND:TEXT1:DATA:FMSD:DATA 1e-009;:DISP:WIND:TEXT2:DATA:FMSD:DATA 1e-009;:FORM:ASC:LONG ON;:FORM:BORD NORM;:FORM:DATA ASC,64;:FREQ:CW 112;:FUNC:DEV1:MODE OFF;:FUNC:DEV1:REF:VAL 0;:FUNC:DEV2:MODE OFF;:FUNC:DEV2:REF:VAL 0;:FUNC:IMP:TYPE LSRS;:FUNC:SMON:IDC:STAT OFF;:FUNC:SMON:VDC:STAT OFF;:INIT:CONT OFF;:LIST:MODE SEQ;:LIST:STIM:TYPE FREQ,NONE;:SOUR:DCS:VOLT:LEV 0;:TRIG:DEL 0;:TRIG:SOUR INT;:TRIG:TDEL 0;:VOLT:LEV 1;:DISP:WIND:TEXT1:DATA:FMSD:STAT OFF;:DISP:WIND:TEXT2:DATA:FMSD:STAT OFF;:FUNC:DCR:RANG:VAL 100;:FUNC:IMP:RANG:VAL 1;:OUTP:DC:ISOL:LEV:VAL 0.02;:OUTP:DC:ISOL:STAT OFF;:FUNC:DCR:RANG:AUTO ON;:FUNC:IMP:RANG:AUTO ON;:OUTP:DC:ISOL:LEV:AUTO ON;:DISP:PAGE MEASurement;
"
115.0,1.352272876e-07,0.0001192113256,0.00992446,1.52987e-06
115.0,1.423372001e-07,0.000119859781,0.00992433,1.57305e-06
115.0,1.604334913e-07,0.0001220421336,0.00992438,1.39059e-06
115.0,1.233204904e-07,0.0001145794445,0.00992438,1.41047e-06
115.0,1.355074379e-07,0.0001147556528,0.00992439,1.58127e-06
115.0,1.519466077e-07,0.0001107396163,0.00992434,1.56638e-06
115.0,1.640634042e-07,0.0001133589336,0.00992438,1.57931e-06
115.0,1.331962012e-07,0.0001129242132,0.00992435,1.45509e-06
115.0,1.267901444e-07,0.0001089544188,0.00992446,1.57797e-06
115.0,1.462648312e-07,0.0001197611227,0.0099244,1.53401e-06
115.0,1.420227419e-07,0.0001027884984,0.00992425,1.49086e-06
115.0,1.353494555e-07,0.0001095850368,0.00992438,1.46922e-06
115.0,1.247913832e-07,0.0001079247253,0.00992434,1.48306e-06
115.0,1.205293552e-07,0.0001065785529,0.00992436,1.5895e-06
115.0,1.437635262e-07,0.0001060619126,0.00992436,1.54027e-06
115.0,1.431289967e-07,0.0001081819237,0.00992418,1.56489e-06
Freq,115,Rs,0.00011233170573750001,5.70048475619761e-06,Ls,1.3929203466875003e-07,1.2591079735922183e-08
":SOUR:DCS:STAT OFF;:BIAS:STAT OFF;:COMP:BIN:COUN:CLE;:LIST:CLE:ALL;:COMP:BIN:CLE;:AMPL:ALC OFF;:APER MED,4;:BIAS:POL:AUTO OFF;:BIAS:RANG:AUTO ON;:BIAS:VOLT:LEV 0;:COMP:ABIN OFF;:COMP:BIN:COUN:STAT OFF;:COMP:MODE PTOL;:COMP:SLIM -9.9e+037,9.9e+037;:COMP:STAT OFF;:COMP:SWAP OFF;:COMP:TOL:NOM 0;:DISP:ENAB ON;:DISP:LINE """";:DISP:WIND:TEXT1:DATA:FMSD:DATA 1e-009;:DISP:WIND:TEXT2:DATA:FMSD:DATA 1e-009;:FORM:ASC:LONG ON;:FORM:BORD NORM;:FORM:DATA ASC,64;:FREQ:CW 115;:FUNC:DEV1:MODE OFF;:FUNC:DEV1:REF:VAL 0;:FUNC:DEV2:MODE OFF;:FUNC:DEV2:REF:VAL 0;:FUNC:IMP:TYPE LSRS;:FUNC:SMON:IDC:STAT OFF;:FUNC:SMON:VDC:STAT OFF;:INIT:CONT OFF;:LIST:MODE SEQ;:LIST:STIM:TYPE FREQ,NONE;:SOUR:DCS:VOLT:LEV 0;:TRIG:DEL 0;:TRIG:SOUR INT;:TRIG:TDEL 0;:VOLT:LEV 1;:DISP:WIND:TEXT1:DATA:FMSD:STAT OFF;:DISP:WIND:TEXT2:DATA:FMSD:STAT OFF;:FUNC:DCR:RANG:VAL 100;:FUNC:IMP:RANG:VAL 1;:OUTP:DC:ISOL:LEV:VAL 0.02;:OUTP:DC:ISOL:STAT OFF;:FUNC:DCR:RANG:AUTO ON;:FUNC:IMP:RANG:AUTO ON;:OUTP:DC:ISOL:LEV:AUTO ON;:DISP:PAGE MEASurement;
"
120.0,1.381363364e-07,0.0001200799184,0.00991963,1.65702e-06
120.0,1.456809413e-07,0.0001231387137,0.00991978,1.6035e-06
120.0,1.353540099e-07,0.0001195259138,0.00991969,1.52907e-06
120.0,1.416901951e-07,0.000111578204,0.00991961,1.51649e-06
120.0,1.484743893e-07,0.000113416412,0.00991964,1.51304e-06
120.0,1.509375692e-07,0.0001075334246,0.00991964,1.54727e-06
120.0,1.61923787e-07,0.0001094705949,0.0099196,1.50852e-06
120.0,1.478103189e-07,0.0001108090464,0.0099196,1.60769e-06
120.0,1.442354626e-07,0.0001052002271,0.00991971,1.57443e-06
120.0,1.388348081e-07,0.0001053464098,0.00991963,1.49401e-06
120.0,1.465426778e-07,0.000124452594,0.00991957,1.45771e-06
120.0,1.299457385e-07,0.0001192773223,0.0099196,1.60588e-06
120.0,1.379312884e-07,0.0001217922031,0.0099196,1.58545e-06
120.0,1.245430225e-07,0.0001122576672,0.00991959,1.51634e-06
120.0,1.297330076e-07,0.0001079836698,0.00991971,1.6263e-06
120.0,1.417898154e-07,0.0001061360136,0.00991973,1.50408e-06
Freq,120,Rs,0.00011362489591874999,6.726594363761802e-06,Ls,1.414727105e-07,9.214443111298167e-09
":SOUR:DCS:STAT OFF;:BIAS:STAT OFF;:COMP:BIN:COUN:CLE;:LIST:CLE:ALL;:COMP:BIN:CLE;:AMPL:ALC OFF;:APER MED,4;:BIAS:POL:AUTO OFF;:BIAS:RANG:AUTO ON;:BIAS:VOLT:LEV 0;:COMP:ABIN OFF;:COMP:BIN:COUN:STAT OFF;:COMP:MODE PTOL;:COMP:SLIM -9.9e+037,9.9e+037;:COMP:STAT OFF;:COMP:SWAP OFF;:COMP:TOL:NOM 0;:DISP:ENAB ON;:DISP:LINE """";:DISP:WIND:TEXT1:DATA:FMSD:DATA 1e-009;:DISP:WIND:TEXT2:DATA:FMSD:DATA 1e-009;:FORM:ASC:LONG ON;:FORM:BORD NORM;:FORM:DATA ASC,64;:FREQ:CW 120;:FUNC:DEV1:MODE OFF;:FUNC:DEV1:REF:VAL 0;:FUNC:DEV2:MODE OFF;:FUNC:DEV2:REF:VAL 0;:FUNC:IMP:TYPE LSRS;:FUNC:SMON:IDC:STAT OFF;:FUNC:SMON:VDC:STAT OFF;:INIT:CONT OFF;:LIST:MODE SEQ;:LIST:STIM:TYPE FREQ,NONE;:SOUR:DCS:VOLT:LEV 0;:TRIG:DEL 0;:TRIG:SOUR INT;:TRIG:TDEL 0;:VOLT:LEV 1;:DISP:WIND:TEXT1:DATA:FMSD:STAT OFF;:DISP:WIND:TEXT2:DATA:FMSD:STAT OFF;:FUNC:DCR:RANG:VAL 100;:FUNC:IMP:RANG:VAL 1;:OUTP:DC:ISOL:LEV:VAL 0.02;:OUTP:DC:ISOL:STAT OFF;:FUNC:DCR:RANG:AUTO ON;:FUNC:IMP:RANG:AUTO ON;:OUTP:DC:ISOL:LEV:AUTO ON;:DISP:PAGE MEASurement;
"
122.0,1.347036632e-07,0.0001108948022,0.00991898,1.78095e-06
122.0,1.436981722e-07,0.0001102064925,0.00991901,1.61032e-06
122.0,1.316007779e-07,0.0001221413947,0.00991895,1.55682e-06
122.0,1.387286166e-07,0.0001117008341,0.0099189,1.59674e-06
122.0,1.41664039e-07,0.0001100416117,0.0099189,1.49723e-06
122.0,1.39023401e-07,0.0001082026936,0.00991899,1.57776e-06
122.0,1.463494894e-07,0.0001164331887,0.00991887,1.45191e-06
122.0,1.356520758e-07,0.0001205610374,0.00991899,1.60104e-06
122.0,1.493773907e-07,0.0001221062826,0.00991892,1.58626e-06
122.0,1.26102867e-07,0.00010094134,0.00991909,1.60592e-06
122.0,1.401998233e-07,0.000109973957,0.00991901,1.58727e-06
122.0,1.253004867e-07,0.0001228260986,0.00991902,1.6162e-06
122.0,1.407052604e-07,0.000120940296,0.00991904,1.59212e-06
122.0,1.311018613e-07,0.0001174620919,0.00991892,1.50403e-06
122.0,1.469447122e-07,0.0001092406746,0.00991899,1.53939e-06
122.0,1.394777408e-07,0.0001132186236,0.00991903,1.5506e-06
Freq,122,Rs,0.0001141807137,6.3618084271818495e-06,Ls,1.3816439859374999e-07,7.062958537893566e-09
":SOUR:DCS:STAT OFF;:BIAS:STAT OFF;:COMP:BIN:COUN:CLE;:LIST:CLE:ALL;:COMP:BIN:CLE;:AMPL:ALC OFF;:APER MED,4;:BIAS:POL:AUTO OFF;:BIAS:RANG:AUTO ON;:BIAS:VOLT:LEV 0;:COMP:ABIN OFF;:COMP:BIN:COUN:STAT OFF;:COMP:MODE PTOL;:COMP:SLIM -9.9e+037,9.9e+037;:COMP:STAT OFF;:COMP:SWAP OFF;:COMP:TOL:NOM 0;:DISP:ENAB ON;:DISP:LINE """";:DISP:WIND:TEXT1:DATA:FMSD:DATA 1e-009;:DISP:WIND:TEXT2:DATA:FMSD:DATA 1e-009;:FORM:ASC:LONG ON;:FORM:BORD NORM;:FORM:DATA ASC,64;:FREQ:CW 122;:FUNC:DEV1:MODE OFF;:FUNC:DEV1:REF:VAL 0;:FUNC:DEV2:MODE OFF;:FUNC:DEV2:REF:VAL 0;:FUNC:IMP:TYPE LSRS;:FUNC:SMON:IDC:STAT OFF;:FUNC:SMON:VDC:STAT OFF;:INIT:CONT OFF;:LIST:MODE SEQ;:LIST:STIM:TYPE FREQ,NONE;:SOUR:DCS:VOLT:LEV 0;:TRIG:DEL 0;:TRIG:SOUR INT;:TRIG:TDEL 0;:VOLT:LEV 1;:DISP:WIND:TEXT1:DATA:FMSD:STAT OFF;:DISP:WIND:TEXT2:DATA:FMSD:STAT OFF;:FUNC:DCR:RANG:VAL 100;:FUNC:IMP:RANG:VAL 1;:OUTP:DC:ISOL:LEV:VAL 0.02;:OUTP:DC:ISOL:STAT OFF;:FUNC:DCR:RANG:AUTO ON;:FUNC:IMP:RANG:AUTO ON;:OUTP:DC:ISOL:LEV:AUTO ON;:DISP:PAGE MEASurement;
"
125.0,1.721637873e-07,0.0001295553664,0.00993276,1.77448e-06
125.0,1.666647329e-07,0.0001122372284,0.00993265,1.82026e-06
125.0,1.48577497e-07,0.0001309935252,0.00993276,1.75538e-06
125.0,1.765770307e-07,0.0001206748979,0.00993256,1.83501e-06
125.0,1.835488783e-07,0.0001318250115,0.00993259,1.79738e-06
125.0,1.57266383e-07,0.0001217686408,0.0099326,1.65935e-06
125.0,1.64264941e-07,0.000115561832,0.00993255,1.80921e-06
125.0,1.852934139e-07,0.0001303088609,0.0099326,1.83555e-06
125.0,1.658562047e-07,0.000105001091,0.00993272,1.96811e-06
125.0,1.651436442e-07,0.0001251815431,0.00993264,1.76317e-06
125.0,1.6611191e-07,0.0001207434294,0.00993271,1.89604e-06
125.0,1.488814247e-07,0.0001388977784,0.00993266,1.7904e-06
125.0,1.786314324e-07,0.0001375390272,0.00993258,1.87268e-06
125.0,1.555971561e-07,0.0001217529238,0.00993261,1.87922e-06
125.0,1.678883209e-07,0.0001308873683,0.00993256,1.80854e-06
125.0,1.723290743e-07,0.0001336728035,0.00993256,1.81942e-06
Freq,125,Rs,0.0001254125829875,9.304965456671499e-06,Ls,1.671747394625e-07,1.0943685919838138e-08
":SOUR:DCS:STAT OFF;:BIAS:STAT OFF;:COMP:BIN:COUN:CLE;:LIST:CLE:ALL;:COMP:BIN:CLE;:AMPL:ALC OFF;:APER MED,4;:BIAS:POL:AUTO OFF;:BIAS:RANG:AUTO ON;:BIAS:VOLT:LEV 0;:COMP:ABIN OFF;:COMP:BIN:COUN:STAT OFF;:COMP:MODE PTOL;:COMP:SLIM -9.9e+037,9.9e+037;:COMP:STAT OFF;:COMP:SWAP OFF;:COMP:TOL:NOM 0;:DISP:ENAB ON;:DISP:LINE """";:DISP:WIND:TEXT1:DATA:FMSD:DATA 1e-009;:DISP:WIND:TEXT2:DATA:FMSD:DATA 1e-009;:FORM:ASC:LONG ON;:FORM:BORD NORM;:FORM:DATA ASC,64;:FREQ:CW 125;:FUNC:DEV1:MODE OFF;:FUNC:DEV1:REF:VAL 0;:FUNC:DEV2:MODE OFF;:FUNC:DEV2:REF:VAL 0;:FUNC:IMP:TYPE LSRS;:FUNC:SMON:IDC:STAT OFF;:FUNC:SMON:VDC:STAT OFF;:INIT:CONT OFF;:LIST:MODE SEQ;:LIST:STIM:TYPE FREQ,NONE;:SOUR:DCS:VOLT:LEV 0;:TRIG:DEL 0;:TRIG:SOUR INT;:TRIG:TDEL 0;:VOLT:LEV 1;:DISP:WIND:TEXT1:DATA:FMSD:STAT OFF;:DISP:WIND:TEXT2:DATA:FMSD:STAT OFF;:FUNC:DCR:RANG:VAL 100;:FUNC:IMP:RANG:VAL 1;:OUTP:DC:ISOL:LEV:VAL 0.02;:OUTP:DC:ISOL:STAT OFF;:FUNC:DCR:RANG:AUTO ON;:FUNC:IMP:RANG:AUTO ON;:OUTP:DC:ISOL:LEV:AUTO ON;:DISP:PAGE MEASurement;
"
127.0,1.609921334e-07,0.0001250724907,0.0099367,1.88301e-06
127.0,1.558242337e-07,0.0001178249179,0.00993675,1.9217e-06
127.0,1.59491996e-07,0.0001275196097,0.00993679,1.85757e-06
127.0,1.636095926e-07,0.0001202374392,0.00993669,1.79634e-06
127.0,1.759001007e-07,0.000118127283,0.00993673,1.82411e-06
127.0,1.728205041e-07,0.0001328803259,0.00993674,1.8454e-06
127.0,1.703283363e-07,0.0001290167416,0.00993662,1.92469e-06
127.0,1.736105115e-07,0.0001262787434,0.00993667,1.79135e-06
127.0,1.745663901e-07,0.0001278359218,0.00993676,1.88713e-06
127.0,1.734520048e-07,0.0001283448377,0.00993676,1.80801e-06
127.0,1.587162794e-07,0.000124208104,0.00993661,1.89252e-06
127.0,1.686740764e-07,0.0001256541396,0.00993667,1.88171e-06
127.0,1.628290961e-07,0.0001107868615,0.00993666,1.82273e-06
127.0,1.695493556e-07,0.0001202666893,0.00993673,1.86184e-06
127.0,1.544412396e-07,0.0001328277594,0.0099368,1.82948e-06
127.0,1.476343423e-07,0.0001330772662,0.0099367,1.78581e-06
Freq,127,Rs,0.00012499744568125,6.212028747305188e-06,Ls,1.6515251203750003e-07,8.442197798010651e-09
":SOUR:DCS:STAT OFF;:BIAS:STAT OFF;:COMP:BIN:COUN:CLE;:LIST:CLE:ALL;:COMP:BIN:CLE;:AMPL:ALC OFF;:APER MED,4;:BIAS:POL:AUTO OFF;:BIAS:RANG:AUTO ON;:BIAS:VOLT:LEV 0;:COMP:ABIN OFF;:COMP:BIN:COUN:STAT OFF;:COMP:MODE PTOL;:COMP:SLIM -9.9e+037,9.9e+037;:COMP:STAT OFF;:COMP:SWAP OFF;:COMP:TOL:NOM 0;:DISP:ENAB ON;:DISP:LINE """";:DISP:WIND:TEXT1:DATA:FMSD:DATA 1e-009;:DISP:WIND:TEXT2:DATA:FMSD:DATA 1e-009;:FORM:ASC:LONG ON;:FORM:BORD NORM;:FORM:DATA ASC,64;:FREQ:CW 127;:FUNC:DEV1:MODE OFF;:FUNC:DEV1:REF:VAL 0;:FUNC:DEV2:MODE OFF;:FUNC:DEV2:REF:VAL 0;:FUNC:IMP:TYPE LSRS;:FUNC:SMON:IDC:STAT OFF;:FUNC:SMON:VDC:STAT OFF;:INIT:CONT OFF;:LIST:MODE SEQ;:LIST:STIM:TYPE FREQ,NONE;:SOUR:DCS:VOLT:LEV 0;:TRIG:DEL 0;:TRIG:SOUR INT;:TRIG:TDEL 0;:VOLT:LEV 1;:DISP:WIND:TEXT1:DATA:FMSD:STAT OFF;:DISP:WIND:TEXT2:DATA:FMSD:STAT OFF;:FUNC:DCR:RANG:VAL 100;:FUNC:IMP:RANG:VAL 1;:OUTP:DC:ISOL:LEV:VAL 0.02;:OUTP:DC:ISOL:STAT OFF;:FUNC:DCR:RANG:AUTO ON;:FUNC:IMP:RANG:AUTO ON;:OUTP:DC:ISOL:LEV:AUTO ON;:DISP:PAGE MEASurement;
"
130.0,1.591739452e-07,0.0001209638954,0.0099414,1.83563e-06
130.0,1.612502028e-07,0.00013352897,0.00994119,1.83774e-06
130.0,1.662942322e-07,0.000128915739,0.00994119,1.95084e-06
130.0,1.674592854e-07,0.0001304281544,0.00994117,1.90649e-06
130.0,1.676856572e-07,0.0001324612661,0.00994126,1.70319e-06
130.0,1.716172748e-07,0.000130141181,0.00994111,1.74468e-06
130.0,1.633229725e-07,0.0001266814286,0.00994117,1.75302e-06
130.0,1.744934882e-07,0.0001334669249,0.00994131,1.88641e-06
130.0,1.73518173e-07,0.0001257591451,0.00994134,1.86733e-06
130.0,1.654096253e-07,0.0001388495708,0.00994131,1.76494e-06
130.0,1.634170086e-07,0.0001263585333,0.00994122,1.83682e-06
130.0,1.549084455e-07,0.0001247694177,0.00994131,1.89258e-06
130.0,1.777195359e-07,0.0001299846647,0.00994127,1.73856e-06
130.0,1.653416857e-07,0.0001360406052,0.00994133,1.62505e-06
130.0,1.673383282e-07,0.000129815623,0.00994135,1.93066e-06
130.0,1.587584809e-07,0.0001311413195,0.00994139,2.0539e-06
Freq,130,Rs,0.00012995665241875002,4.46683118685389e-06,Ls,1.661067713375e-07,6.128990295181664e-09
":SOUR:DCS:STAT OFF;:BIAS:STAT OFF;:COMP:BIN:COUN:CLE;:LIST:CLE:ALL;:COMP:BIN:CLE;:AMPL:ALC OFF;:APER MED,4;:BIAS:POL:AUTO OFF;:BIAS:RANG:AUTO ON;:BIAS:VOLT:LEV 0;:COMP:ABIN OFF;:COMP:BIN:COUN:STAT OFF;:COMP:MODE PTOL;:COMP:SLIM -9.9e+037,9.9e+037;:COMP:STAT OFF;:COMP:SWAP OFF;:COMP:TOL:NOM 0;:DISP:ENAB ON;:DISP:LINE """";:DISP:WIND:TEXT1:DATA:FMSD:DATA 1e-009;:DISP:WIND:TEXT2:DATA:FMSD:DATA 1e-009;:FORM:ASC:LONG ON;:FORM:BORD NORM;:FORM:DATA ASC,64;:FREQ:CW 130;:FUNC:DEV1:MODE OFF;:FUNC:DEV1:REF:VAL 0;:FUNC:DEV2:MODE OFF;:FUNC:DEV2:REF:VAL 0;:FUNC:IMP:TYPE LSRS;:FUNC:SMON:IDC:STAT OFF;:FUNC:SMON:VDC:STAT OFF;:INIT:CONT OFF;:LIST:MODE SEQ;:LIST:STIM:TYPE FREQ,NONE;:SOUR:DCS:VOLT:LEV 0;:TRIG:DEL 0;:TRIG:SOUR INT;:TRIG:TDEL 0;:VOLT:LEV 1;:DISP:WIND:TEXT1:DATA:FMSD:STAT OFF;:DISP:WIND:TEXT2:DATA:FMSD:STAT OFF;:FUNC:DCR:RANG:VAL 100;:FUNC:IMP:RANG:VAL 1;:OUTP:DC:ISOL:LEV:VAL 0.02;:OUTP:DC:ISOL:STAT OFF;:FUNC:DCR:RANG:AUTO ON;:FUNC:IMP:RANG:AUTO ON;:OUTP:DC:ISOL:LEV:AUTO ON;:DISP:PAGE MEASurement;
"
132.0,1.798616684e-07,0.0001329877799,0.00994327,1.89692e-06
132.0,1.66011022e-07,0.0001347391022,0.00994331,1.87496e-06
132.0,1.6881631e-07,0.0001277839892,0.0099433,1.91868e-06
132.0,1.59587511e-07,0.0001260950514,0.00994327,1.88134e-06
132.0,1.543705376e-07,0.0001252060948,0.00994328,1.98512e-06
132.0,1.554720271e-07,0.0001249615198,0.00994324,1.81111e-06
132.0,1.67897857e-07,0.0001253295557,0.0099433,1.89517e-06
132.0,1.598556022e-07,0.0001281638191,0.00994321,1.87384e-06
132.0,1.567108479e-07,0.0001295854897,0.00994326,1.85165e-06
132.0,1.781054741e-07,0.0001315925205,0.00994329,1.8969e-06
132.0,1.611338301e-07,0.0001275868613,0.00994337,1.94046e-06
132.0,1.711801151e-07,0.0001259123208,0.00994329,1.84879e-06
132.0,1.635138609e-07,0.0001309352654,0.00994322,1.97694e-06
132.0,1.587177203e-07,0.0001236332,0.00994321,1.75652e-06
132.0,1.49965012e-07,0.0001216642397,0.00994323,1.86215e-06
132.0,1.651525675e-07,0.0001284146455,0.00994325,1.88148e-06
Freq,132,Rs,0.00012778696593749997,3.515553649383738e-06,Ls,1.635219977e-07,8.289685465939067e-09
":SOUR:DCS:STAT OFF;:BIAS:STAT OFF;:COMP:BIN:COUN:CLE;:LIST:CLE:ALL;:COMP:BIN:CLE;:AMPL:ALC OFF;:APER MED,4;:BIAS:POL:AUTO OFF;:BIAS:RANG:AUTO ON;:BIAS:VOLT:LEV 0;:COMP:ABIN OFF;:COMP:BIN:COUN:STAT OFF;:COMP:MODE PTOL;:COMP:SLIM -9.9e+037,9.9e+037;:COMP:STAT OFF;:COMP:SWAP OFF;:COMP:TOL:NOM 0;:DISP:ENAB ON;:DISP:LINE """";:DISP:WIND:TEXT1:DATA:FMSD:DATA 1e-009;:DISP:WIND:TEXT2:DATA:FMSD:DATA 1e-009;:FORM:ASC:LONG ON;:FORM:BORD NORM;:FORM:DATA ASC,64;:FREQ:CW 132;:FUNC:DEV1:MODE OFF;:FUNC:DEV1:REF:VAL 0;:FUNC:DEV2:MODE OFF;:FUNC:DEV2:REF:VAL 0;:FUNC:IMP:TYPE LSRS;:FUNC:SMON:IDC:STAT OFF;:FUNC:SMON:VDC:STAT OFF;:INIT:CONT OFF;:LIST:MODE SEQ;:LIST:STIM:TYPE FREQ,NONE;:SOUR:DCS:VOLT:LEV 0;:TRIG:DEL 0;:TRIG:SOUR INT;:TRIG:TDEL 0;:VOLT:LEV 1;:DISP:WIND:TEXT1:DATA:FMSD:STAT OFF;:DISP:WIND:TEXT2:DATA:FMSD:STAT OFF;:FUNC:DCR:RANG:VAL 100;:FUNC:IMP:RANG:VAL 1;:OUTP:DC:ISOL:LEV:VAL 0.02;:OUTP:DC:ISOL:STAT OFF;:FUNC:DCR:RANG:AUTO ON;:FUNC:IMP:RANG:AUTO ON;:OUTP:DC:ISOL:LEV:AUTO ON;:DISP:PAGE MEASurement;
"
135.0,1.670063486e-07,0.000130335551,0.00994132,1.92079e-06
135.0,1.769580937e-07,0.0001293125936,0.00994141,1.97423e-06
135.0,1.633715251e-07,0.0001234644169,0.00994136,1.932e-06
135.0,1.517944847e-07,0.0001283223799,0.00994145,1.92316e-06
135.0,1.711793521e-07,0.0001249043539,0.00994146,1.89696e-06
135.0,1.755429783e-07,0.0001226513827,0.00994136,1.93716e-06
135.0,1.796520463e-07,0.0001204850474,0.00994144,2.0134e-06
135.0,1.705501865e-07,0.0001231902927,0.00994137,1.87895e-06
135.0,1.926653883e-07,0.0001338431912,0.00994145,1.94507e-06
135.0,1.685321389e-07,0.000122074858,0.00994146,1.88834e-06
135.0,1.729469356e-07,0.0001278621303,0.00994149,2.00598e-06
135.0,1.722376621e-07,0.0001252298521,0.00994143,1.68681e-06
135.0,1.746103498e-07,0.0001200346198,0.00994135,1.86704e-06
135.0,1.674181016e-07,0.0001324667154,0.00994133,1.97166e-06
135.0,1.765048441e-07,0.000123636005,0.00994134,1.80371e-06
135.0,1.856574491e-07,0.0001295660755,0.00994141,1.84904e-06
Freq,135,Rs,0.00012608621658750002,4.2339059379332965e-06,Ls,1.729142428e-07,9.192047020874004e-09
":SOUR:DCS:STAT OFF;:BIAS:STAT OFF;:COMP:BIN:COUN:CLE;:LIST:CLE:ALL;:COMP:BIN:CLE;:AMPL:ALC OFF;:APER MED,4;:BIAS:POL:AUTO OFF;:BIAS:RANG:AUTO ON;:BIAS:VOLT:LEV 0;:COMP:ABIN OFF;:COMP:BIN:COUN:STAT OFF;:COMP:MODE PTOL;:COMP:SLIM -9.9e+037,9.9e+037;:COMP:STAT OFF;:COMP:SWAP OFF;:COMP:TOL:NOM 0;:DISP:ENAB ON;:DISP:LINE """";:DISP:WIND:TEXT1:DATA:FMSD:DATA 1e-009;:DISP:WIND:TEXT2:DATA:FMSD:DATA 1e-009;:FORM:ASC:LONG ON;:FORM:BORD NORM;:FORM:DATA ASC,64;:FREQ:CW 135;:FUNC:DEV1:MODE OFF;:FUNC:DEV1:REF:VAL 0;:FUNC:DEV2:MODE OFF;:FUNC:DEV2:REF:VAL 0;:FUNC:IMP:TYPE LSRS;:FUNC:SMON:IDC:STAT OFF;:FUNC:SMON:VDC:STAT OFF;:INIT:CONT OFF;:LIST:MODE SEQ;:LIST:STIM:TYPE FREQ,NONE;:SOUR:DCS:VOLT:LEV 0;:TRIG:DEL 0;:TRIG:SOUR INT;:TRIG:TDEL 0;:VOLT:LEV 1;:DISP:WIND:TEXT1:DATA:FMSD:STAT OFF;:DISP:WIND:TEXT2:DATA:FMSD:STAT OFF;:FUNC:DCR:RANG:VAL 100;:FUNC:IMP:RANG:VAL 1;:OUTP:DC:ISOL:LEV:VAL 0.02;:OUTP:DC:ISOL:STAT OFF;:FUNC:DCR:RANG:AUTO ON;:FUNC:IMP:RANG:AUTO ON;:OUTP:DC:ISOL:LEV:AUTO ON;:DISP:PAGE MEASurement;
"
137.0,1.687768587e-07,0.0001393462964,0.00994155,1.93074e-06
137.0,1.614243112e-07,0.0001213241686,0.00994172,1.85309e-06
137.0,1.579478805e-07,0.0001303022987,0.00994158,1.94638e-06
137.0,1.615401806e-07,0.0001357688134,0.0099417,1.94711e-06
137.0,1.634253206e-07,0.0001339581415,0.00994162,1.93025e-06
137.0,1.761330513e-07,0.0001153813686,0.00994154,1.80683e-06
137.0,1.707975867e-07,0.0001229740329,0.00994156,2.04674e-06
137.0,1.661367438e-07,0.0001231690274,0.00994169,1.93816e-06
137.0,1.588302288e-07,0.0001294006843,0.00994154,1.96903e-06
137.0,1.5250776e-07,0.000140467287,0.00994163,1.93695e-06
137.0,1.696439967e-07,0.0001266757833,0.00994155,2.04649e-06
137.0,1.647250102e-07,0.0001243263179,0.00994155,1.91971e-06
137.0,1.659023263e-07,0.0001193421264,0.00994151,1.94501e-06
137.0,1.698282879e-07,0.0001423413476,0.00994148,1.95677e-06
137.0,1.717206844e-07,0.0001265272591,0.00994169,1.89485e-06
137.0,1.739768152e-07,0.0001275270662,0.00994156,1.89351e-06
Freq,137,Rs,0.00012867700120625,7.876654018356572e-06,Ls,1.6583231518125e-07,6.348960269777136e-09
":SOUR:DCS:STAT OFF;:BIAS:STAT OFF;:COMP:BIN:COUN:CLE;:LIST:CLE:ALL;:COMP:BIN:CLE;:AMPL:ALC OFF;:APER MED,4;:BIAS:POL:AUTO OFF;:BIAS:RANG:AUTO ON;:BIAS:VOLT:LEV 0;:COMP:ABIN OFF;:COMP:BIN:COUN:STAT OFF;:COMP:MODE PTOL;:COMP:SLIM -9.9e+037,9.9e+037;:COMP:STAT OFF;:COMP:SWAP OFF;:COMP:TOL:NOM 0;:DISP:ENAB ON;:DISP:LINE """";:DISP:WIND:TEXT1:DATA:FMSD:DATA 1e-009;:DISP:WIND:TEXT2:DATA:FMSD:DATA 1e-009;:FORM:ASC:LONG ON;:FORM:BORD NORM;:FORM:DATA ASC,64;:FREQ:CW 137;:FUNC:DEV1:MODE OFF;:FUNC:DEV1:REF:VAL 0;:FUNC:DEV2:MODE OFF;:FUNC:DEV2:REF:VAL 0;:FUNC:IMP:TYPE LSRS;:FUNC:SMON:IDC:STAT OFF;:FUNC:SMON:VDC:STAT OFF;:INIT:CONT OFF;:LIST:MODE SEQ;:LIST:STIM:TYPE FREQ,NONE;:SOUR:DCS:VOLT:LEV 0;:TRIG:DEL 0;:TRIG:SOUR INT;:TRIG:TDEL 0;:VOLT:LEV 1;:DISP:WIND:TEXT1:DATA:FMSD:STAT OFF;:DISP:WIND:TEXT2:DATA:FMSD:STAT OFF;:FUNC:DCR:RANG:VAL 100;:FUNC:IMP:RANG:VAL 1;:OUTP:DC:ISOL:LEV:VAL 0.02;:OUTP:DC:ISOL:STAT OFF;:FUNC:DCR:RANG:AUTO ON;:FUNC:IMP:RANG:AUTO ON;:OUTP:DC:ISOL:LEV:AUTO ON;:DISP:PAGE MEASurement;
"
140.0,1.532261223e-07,0.0001354422434,0.00994064,1.91301e-06
140.0,1.725354268e-07,0.0001254109192,0.00994054,1.86368e-06
140.0,1.631860277e-07,0.0001362705773,0.00994065,1.93251e-06
140.0,1.593444899e-07,0.0001213616352,0.00994065,1.90053e-06
140.0,1.685232312e-07,0.0001268754593,0.00994059,1.85491e-06
140.0,1.652241434e-07,0.0001186222498,0.00994058,1.84469e-06
140.0,1.702338007e-07,0.0001357282864,0.00994061,1.90615e-06
140.0,1.577793812e-07,0.0001214197333,0.00994054,2.01257e-06
140.0,1.633292999e-07,0.000126455527,0.00994058,2.01929e-06
140.0,1.494134205e-07,0.0001285863085,0.00994059,1.94964e-06
140.0,1.842607909e-07,0.0001324807276,0.00994037,1.97962e-06
140.0,1.736857651e-07,0.0001292681977,0.00994057,1.99616e-06
140.0,1.746516129e-07,0.0001442064854,0.00994051,1.96585e-06
140.0,1.659860522e-07,0.0001160281481,0.00994066,1.94498e-06
140.0,1.752738608e-07,0.000134602466,0.00994062,1.93342e-06
140.0,1.636208603e-07,0.0001405077366,0.00994064,1.97081e-06
Freq,140,Rs,0.0001295791688,7.988822302260462e-06,Ls,1.662671428625e-07,8.909614970888867e-09
":SOUR:DCS:STAT OFF;:BIAS:STAT OFF;:COMP:BIN:COUN:CLE;:LIST:CLE:ALL;:COMP:BIN:CLE;:AMPL:ALC OFF;:APER MED,4;:BIAS:POL:AUTO OFF;:BIAS:RANG:AUTO ON;:BIAS:VOLT:LEV 0;:COMP:ABIN OFF;:COMP:BIN:COUN:STAT OFF;:COMP:MODE PTOL;:COMP:SLIM -9.9e+037,9.9e+037;:COMP:STAT OFF;:COMP:SWAP OFF;:COMP:TOL:NOM 0;:DISP:ENAB ON;:DISP:LINE """";:DISP:WIND:TEXT1:DATA:FMSD:DATA 1e-009;:DISP:WIND:TEXT2:DATA:FMSD:DATA 1e-009;:FORM:ASC:LONG ON;:FORM:BORD NORM;:FORM:DATA ASC,64;:FREQ:CW 140;:FUNC:DEV1:MODE OFF;:FUNC:DEV1:REF:VAL 0;:FUNC:DEV2:MODE OFF;:FUNC:DEV2:REF:VAL 0;:FUNC:IMP:TYPE LSRS;:FUNC:SMON:IDC:STAT OFF;:FUNC:SMON:VDC:STAT OFF;:INIT:CONT OFF;:LIST:MODE SEQ;:LIST:STIM:TYPE FREQ,NONE;:SOUR:DCS:VOLT:LEV 0;:TRIG:DEL 0;:TRIG:SOUR INT;:TRIG:TDEL 0;:VOLT:LEV 1;:DISP:WIND:TEXT1:DATA:FMSD:STAT OFF;:DISP:WIND:TEXT2:DATA:FMSD:STAT OFF;:FUNC:DCR:RANG:VAL 100;:FUNC:IMP:RANG:VAL 1;:OUTP:DC:ISOL:LEV:VAL 0.02;:OUTP:DC:ISOL:STAT OFF;:FUNC:DCR:RANG:AUTO ON;:FUNC:IMP:RANG:AUTO ON;:OUTP:DC:ISOL:LEV:AUTO ON;:DISP:PAGE MEASurement;
"
142.0,1.445380152e-07,0.0001442073245,0.00993554,1.98335e-06
142.0,1.652238826e-07,0.0001257244885,0.00993551,1.90877e-06
142.0,1.694294195e-07,0.0001259775097,0.00993558,1.94686e-06
142.0,1.68356088e-07,0.0001237764552,0.00993552,2.05713e-06
142.0,1.747909976e-07,0.0001406589492,0.00993566,1.9708e-06
142.0,1.697586467e-07,0.0001349395257,0.00993569,1.95712e-06
142.0,1.737363794e-07,0.0001340996828,0.0099356,1.91878e-06
142.0,1.614751734e-07,0.000138627766,0.00993558,1.94191e-06
142.0,1.703030923e-07,0.0001317455343,0.00993566,1.97445e-06
142.0,1.645344465e-07,0.0001359425753,0.00993556,2.17962e-06
142.0,1.576545013e-07,0.00012745655,0.00993565,1.90087e-06
142.0,1.693621115e-07,0.0001291836283,0.00993562,2.00008e-06
142.0,1.65910617e-07,0.0001311223987,0.00993571,1.8113e-06
142.0,1.753692926e-07,0.0001337754261,0.00993556,2.0172e-06
142.0,1.627787389e-07,0.0001301316286,0.00993563,2.04846e-06
142.0,1.723317096e-07,0.0001324337429,0.0099356,2.06422e-06
Freq,142,Rs,0.00013248769911249997,5.6108897514920776e-06,Ls,1.6659706950625002e-07,7.678699229216293e-09
":SOUR:DCS:STAT OFF;:BIAS:STAT OFF;:COMP:BIN:COUN:CLE;:LIST:CLE:ALL;:COMP:BIN:CLE;:AMPL:ALC OFF;:APER MED,4;:BIAS:POL:AUTO OFF;:BIAS:RANG:AUTO ON;:BIAS:VOLT:LEV 0;:COMP:ABIN OFF;:COMP:BIN:COUN:STAT OFF;:COMP:MODE PTOL;:COMP:SLIM -9.9e+037,9.9e+037;:COMP:STAT OFF;:COMP:SWAP OFF;:COMP:TOL:NOM 0;:DISP:ENAB ON;:DISP:LINE """";:DISP:WIND:TEXT1:DATA:FMSD:DATA 1e-009;:DISP:WIND:TEXT2:DATA:FMSD:DATA 1e-009;:FORM:ASC:LONG ON;:FORM:BORD NORM;:FORM:DATA ASC,64;:FREQ:CW 142;:FUNC:DEV1:MODE OFF;:FUNC:DEV1:REF:VAL 0;:FUNC:DEV2:MODE OFF;:FUNC:DEV2:REF:VAL 0;:FUNC:IMP:TYPE LSRS;:FUNC:SMON:IDC:STAT OFF;:FUNC:SMON:VDC:STAT OFF;:INIT:CONT OFF;:LIST:MODE SEQ;:LIST:STIM:TYPE FREQ,NONE;:SOUR:DCS:VOLT:LEV 0;:TRIG:DEL 0;:TRIG:SOUR INT;:TRIG:TDEL 0;:VOLT:LEV 1;:DISP:WIND:TEXT1:DATA:FMSD:STAT OFF;:DISP:WIND:TEXT2:DATA:FMSD:STAT OFF;:FUNC:DCR:RANG:VAL 100;:FUNC:IMP:RANG:VAL 1;:OUTP:DC:ISOL:LEV:VAL 0.02;:OUTP:DC:ISOL:STAT OFF;:FUNC:DCR:RANG:AUTO ON;:FUNC:IMP:RANG:AUTO ON;:OUTP:DC:ISOL:LEV:AUTO ON;:DISP:PAGE MEASurement;
"
145.0,1.61071439e-07,0.0001413596295,0.00993227,1.97564e-06
145.0,1.718095644e-07,0.0001361470418,0.00993224,2.09614e-06
145.0,1.548980188e-07,0.0001235597991,0.00993214,2.09764e-06
145.0,1.638428275e-07,0.0001330427437,0.0099322,1.91924e-06
145.0,1.631969456e-07,0.0001351179631,0.00993215,1.99333e-06
145.0,1.575458173e-07,0.0001367729895,0.00993207,1.94022e-06
145.0,1.726023322e-07,0.0001424579189,0.00993224,1.94958e-06
145.0,1.678044135e-07,0.0001258292361,0.00993211,2.04652e-06
145.0,1.752862222e-07,0.0001286116784,0.00993228,2.05638e-06
145.0,1.733902706e-07,0.0001394531831,0.0099322,1.94982e-06
145.0,1.671148649e-07,0.0001335578564,0.00993215,2.07948e-06
145.0,1.703443053e-07,0.0001293596135,0.00993214,2.06225e-06
145.0,1.658711044e-07,0.0001317323919,0.00993216,1.96376e-06
145.0,1.68789958e-07,0.0001272884688,0.00993205,2.02736e-06
145.0,1.700992128e-07,0.0001358014583,0.00993214,2.021e-06
145.0,1.648066278e-07,0.000136276851,0.00993202,1.99209e-06
Freq,145,Rs,0.00013352305144375,5.485747418260471e-06,Ls,1.6677962026875001e-07,5.711948426030355e-09
":SOUR:DCS:STAT OFF;:BIAS:STAT OFF;:COMP:BIN:COUN:CLE;:LIST:CLE:ALL;:COMP:BIN:CLE;:AMPL:ALC OFF;:APER MED,4;:BIAS:POL:AUTO OFF;:BIAS:RANG:AUTO ON;:BIAS:VOLT:LEV 0;:COMP:ABIN OFF;:COMP:BIN:COUN:STAT OFF;:COMP:MODE PTOL;:COMP:SLIM -9.9e+037,9.9e+037;:COMP:STAT OFF;:COMP:SWAP OFF;:COMP:TOL:NOM 0;:DISP:ENAB ON;:DISP:LINE """";:DISP:WIND:TEXT1:DATA:FMSD:DATA 1e-009;:DISP:WIND:TEXT2:DATA:FMSD:DATA 1e-009;:FORM:ASC:LONG ON;:FORM:BORD NORM;:FORM:DATA ASC,64;:FREQ:CW 145;:FUNC:DEV1:MODE OFF;:FUNC:DEV1:REF:VAL 0;:FUNC:DEV2:MODE OFF;:FUNC:DEV2:REF:VAL 0;:FUNC:IMP:TYPE LSRS;:FUNC:SMON:IDC:STAT OFF;:FUNC:SMON:VDC:STAT OFF;:INIT:CONT OFF;:LIST:MODE SEQ;:LIST:STIM:TYPE FREQ,NONE;:SOUR:DCS:VOLT:LEV 0;:TRIG:DEL 0;:TRIG:SOUR INT;:TRIG:TDEL 0;:VOLT:LEV 1;:DISP:WIND:TEXT1:DATA:FMSD:STAT OFF;:DISP:WIND:TEXT2:DATA:FMSD:STAT OFF;:FUNC:DCR:RANG:VAL 100;:FUNC:IMP:RANG:VAL 1;:OUTP:DC:ISOL:LEV:VAL 0.02;:OUTP:DC:ISOL:STAT OFF;:FUNC:DCR:RANG:AUTO ON;:FUNC:IMP:RANG:AUTO ON;:OUTP:DC:ISOL:LEV:AUTO ON;:DISP:PAGE MEASurement;
"
150.0,1.628731575e-07,0.0001381537169,0.00992407,1.93735e-06
150.0,1.635672002e-07,0.0001219199613,0.00992401,1.98524e-06
150.0,1.899956365e-07,0.000132899955,0.00992405,2.21456e-06
150.0,1.631021944e-07,0.0001396824351,0.00992388,2.03999e-06
150.0,1.469100323e-07,0.0001296385658,0.00992405,2.01767e-06
150.0,1.501355148e-07,0.0001381558505,0.00992394,2.17512e-06
150.0,1.739314027e-07,0.0001309000336,0.00992398,2.12645e-06
150.0,1.75414886e-07,0.000133508291,0.00992396,2.31175e-06
150.0,1.77809029e-07,0.0001415543739,0.00992397,2.03006e-06
150.0,1.506254733e-07,0.0001484032224,0.00992393,2.02708e-06
150.0,1.441105891e-07,0.0001375432836,0.00992403,1.96294e-06
150.0,1.476137449e-07,0.000115732076,0.009924,1.90665e-06
150.0,1.56542894e-07,0.0001308717678,0.00992398,1.88113e-06
150.0,1.601600666e-07,0.0001250165902,0.00992395,1.9591e-06
150.0,1.629417677e-07,0.0001225487102,0.00992401,1.98726e-06
150.0,1.638182806e-07,0.0001204772721,0.00992408,2.00433e-06
Freq,150,Rs,0.0001316878815875,8.841449186306012e-06,Ls,1.6184699184999997e-07,1.27076463816746e-08
":SOUR:DCS:STAT OFF;:BIAS:STAT OFF;:COMP:BIN:COUN:CLE;:LIST:CLE:ALL;:COMP:BIN:CLE;:AMPL:ALC OFF;:APER MED,4;:BIAS:POL:AUTO OFF;:BIAS:RANG:AUTO ON;:BIAS:VOLT:LEV 0;:COMP:ABIN OFF;:COMP:BIN:COUN:STAT OFF;:COMP:MODE PTOL;:COMP:SLIM -9.9e+037,9.9e+037;:COMP:STAT OFF;:COMP:SWAP OFF;:COMP:TOL:NOM 0;:DISP:ENAB ON;:DISP:LINE """";:DISP:WIND:TEXT1:DATA:FMSD:DATA 1e-009;:DISP:WIND:TEXT2:DATA:FMSD:DATA 1e-009;:FORM:ASC:LONG ON;:FORM:BORD NORM;:FORM:DATA ASC,64;:FREQ:CW 150;:FUNC:DEV1:MODE OFF;:FUNC:DEV1:REF:VAL 0;:FUNC:DEV2:MODE OFF;:FUNC:DEV2:REF:VAL 0;:FUNC:IMP:TYPE LSRS;:FUNC:SMON:IDC:STAT OFF;:FUNC:SMON:VDC:STAT OFF;:INIT:CONT OFF;:LIST:MODE SEQ;:LIST:STIM:TYPE FREQ,NONE;:SOUR:DCS:VOLT:LEV 0;:TRIG:DEL 0;:TRIG:SOUR INT;:TRIG:TDEL 0;:VOLT:LEV 1;:DISP:WIND:TEXT1:DATA:FMSD:STAT OFF;:DISP:WIND:TEXT2:DATA:FMSD:STAT OFF;:FUNC:DCR:RANG:VAL 100;:FUNC:IMP:RANG:VAL 1;:OUTP:DC:ISOL:LEV:VAL 0.02;:OUTP:DC:ISOL:STAT OFF;:FUNC:DCR:RANG:AUTO ON;:FUNC:IMP:RANG:AUTO ON;:OUTP:DC:ISOL:LEV:AUTO ON;:DISP:PAGE MEASurement;
"
153.0,1.68806989e-07,0.0001342279656,0.00992775,1.98222e-06
153.0,1.588976298e-07,0.0001331690354,0.00992769,2.05167e-06
153.0,1.641103193e-07,0.0001322872292,0.00992759,1.97178e-06
153.0,1.692999372e-07,0.0001308413458,0.0099277,2.13356e-06
153.0,1.617087355e-07,0.0001336468699,0.00992766,1.95024e-06
153.0,1.585810303e-07,0.0001373707176,0.0099277,1.93932e-06
153.0,1.594945342e-07,0.0001429274952,0.00992771,2.06557e-06
153.0,1.613186173e-07,0.0001389538753,0.00992767,2.08674e-06
153.0,1.580847338e-07,0.0001409649273,0.00992762,1.96421e-06
153.0,1.505450683e-07,0.0001395899634,0.00992767,2.11858e-06
153.0,1.668486822e-07,0.0001277807449,0.00992759,2.02575e-06
153.0,1.637963576e-07,0.0001310759219,0.00992767,2.13154e-06
153.0,1.597325107e-07,0.0001229722406,0.00992759,2.04232e-06
153.0,1.568565004e-07,0.0001353517398,0.00992764,2.1076e-06
153.0,1.682256041e-07,0.000135888441,0.00992775,2.06243e-06
153.0,1.607925311e-07,0.0001423623635,0.00992758,2.10605e-06
Freq,153,Rs,0.000134963179775,5.40652985229218e-06,Ls,1.616937363e-07,5.005410501830927e-09
":SOUR:DCS:STAT OFF;:BIAS:STAT OFF;:COMP:BIN:COUN:CLE;:LIST:CLE:ALL;:COMP:BIN:CLE;:AMPL:ALC OFF;:APER MED,4;:BIAS:POL:AUTO OFF;:BIAS:RANG:AUTO ON;:BIAS:VOLT:LEV 0;:COMP:ABIN OFF;:COMP:BIN:COUN:STAT OFF;:COMP:MODE PTOL;:COMP:SLIM -9.9e+037,9.9e+037;:COMP:STAT OFF;:COMP:SWAP OFF;:COMP:TOL:NOM 0;:DISP:ENAB ON;:DISP:LINE """";:DISP:WIND:TEXT1:DATA:FMSD:DATA 1e-009;:DISP:WIND:TEXT2:DATA:FMSD:DATA 1e-009;:FORM:ASC:LONG ON;:FORM:BORD NORM;:FORM:DATA ASC,64;:FREQ:CW 153;:FUNC:DEV1:MODE OFF;:FUNC:DEV1:REF:VAL 0;:FUNC:DEV2:MODE OFF;:FUNC:DEV2:REF:VAL 0;:FUNC:IMP:TYPE LSRS;:FUNC:SMON:IDC:STAT OFF;:FUNC:SMON:VDC:STAT OFF;:INIT:CONT OFF;:LIST:MODE SEQ;:LIST:STIM:TYPE FREQ,NONE;:SOUR:DCS:VOLT:LEV 0;:TRIG:DEL 0;:TRIG:SOUR INT;:TRIG:TDEL 0;:VOLT:LEV 1;:DISP:WIND:TEXT1:DATA:FMSD:STAT OFF;:DISP:WIND:TEXT2:DATA:FMSD:STAT OFF;:FUNC:DCR:RANG:VAL 100;:FUNC:IMP:RANG:VAL 1;:OUTP:DC:ISOL:LEV:VAL 0.02;:OUTP:DC:ISOL:STAT OFF;:FUNC:DCR:RANG:AUTO ON;:FUNC:IMP:RANG:AUTO ON;:OUTP:DC:ISOL:LEV:AUTO ON;:DISP:PAGE MEASurement;
"
155.0,1.618338596e-07,0.0001321534988,0.00993167,2.14262e-06
155.0,1.56200976e-07,0.0001233456572,0.0099318,2.08627e-06
155.0,1.624121647e-07,0.0001416883877,0.00993166,2.0276e-06
155.0,1.592239694e-07,0.0001343535651,0.00993181,2.1048e-06
155.0,1.598834177e-07,0.0001297973836,0.00993169,1.92437e-06
155.0,1.655001746e-07,0.0001363927844,0.00993165,1.99646e-06
155.0,1.67896366e-07,0.0001428389222,0.00993168,2.1286e-06
155.0,1.554305892e-07,0.0001410185214,0.00993174,2.04991e-06
155.0,1.715107317e-07,0.0001344749364,0.00993189,1.93765e-06
155.0,1.698443598e-07,0.0001246639464,0.0099318,2.10611e-06
155.0,1.58891624e-07,0.000132704751,0.00993174,2.05168e-06
155.0,1.647541309e-07,0.0001387568489,0.00993179,2.01483e-06
155.0,1.621922757e-07,0.0001343530072,0.00993165,2.12805e-06
155.0,1.47280562e-07,0.0001464894339,0.00993169,2.13732e-06
155.0,1.682373967e-07,0.0001423018498,0.00993174,2.04025e-06
155.0,1.65096261e-07,0.0001428171667,0.00993176,2.08796e-06
Freq,155,Rs,0.00013613441629375,6.67587307206839e-06,Ls,1.622618036875e-07,6.161803271119595e-09
":SOUR:DCS:STAT OFF;:BIAS:STAT OFF;:COMP:BIN:COUN:CLE;:LIST:CLE:ALL;:COMP:BIN:CLE;:AMPL:ALC OFF;:APER MED,4;:BIAS:POL:AUTO OFF;:BIAS:RANG:AUTO ON;:BIAS:VOLT:LEV 0;:COMP:ABIN OFF;:COMP:BIN:COUN:STAT OFF;:COMP:MODE PTOL;:COMP:SLIM -9.9e+037,9.9e+037;:COMP:STAT OFF;:COMP:SWAP OFF;:COMP:TOL:NOM 0;:DISP:ENAB ON;:DISP:LINE """";:DISP:WIND:TEXT1:DATA:FMSD:DATA 1e-009;:DISP:WIND:TEXT2:DATA:FMSD:DATA 1e-009;:FORM:ASC:LONG ON;:FORM:BORD NORM;:FORM:DATA ASC,64;:FREQ:CW 155;:FUNC:DEV1:MODE OFF;:FUNC:DEV1:REF:VAL 0;:FUNC:DEV2:MODE OFF;:FUNC:DEV2:REF:VAL 0;:FUNC:IMP:TYPE LSRS;:FUNC:SMON:IDC:STAT OFF;:FUNC:SMON:VDC:STAT OFF;:INIT:CONT OFF;:LIST:MODE SEQ;:LIST:STIM:TYPE FREQ,NONE;:SOUR:DCS:VOLT:LEV 0;:TRIG:DEL 0;:TRIG:SOUR INT;:TRIG:TDEL 0;:VOLT:LEV 1;:DISP:WIND:TEXT1:DATA:FMSD:STAT OFF;:DISP:WIND:TEXT2:DATA:FMSD:STAT OFF;:FUNC:DCR:RANG:VAL 100;:FUNC:IMP:RANG:VAL 1;:OUTP:DC:ISOL:LEV:VAL 0.02;:OUTP:DC:ISOL:STAT OFF;:FUNC:DCR:RANG:AUTO ON;:FUNC:IMP:RANG:AUTO ON;:OUTP:DC:ISOL:LEV:AUTO ON;:DISP:PAGE MEASurement;
"
160.0,1.476202335e-07,0.000138381279,0.00994018,2.15168e-06
160.0,1.606184768e-07,0.0001354486135,0.00994022,2.0219e-06
160.0,1.634445267e-07,0.0001311960521,0.0099402,2.12134e-06
160.0,1.620994595e-07,0.0001345609084,0.00994019,2.06767e-06
160.0,1.492375091e-07,0.0001268776219,0.00994029,2.07955e-06
160.0,1.614119814e-07,0.0001362330231,0.00994022,2.16438e-06
160.0,1.563387518e-07,0.0001240420074,0.00994015,2.09146e-06
160.0,1.451799671e-07,0.000125560205,0.00994012,2.11756e-06
160.0,1.492926604e-07,0.000139643863,0.00994017,2.02804e-06
160.0,1.514784046e-07,0.0001351092027,0.00994023,2.06427e-06
160.0,1.668465996e-07,0.0001336169525,0.00994023,2.06108e-06
160.0,1.468554355e-07,0.0001368705042,0.00994028,2.04244e-06
160.0,1.516503984e-07,0.0001287945351,0.00994032,1.93767e-06
160.0,1.527392267e-07,0.0001287865546,0.00994029,2.03356e-06
160.0,1.505741225e-07,0.0001262026092,0.00994028,2.04599e-06
160.0,1.596724441e-07,0.00012308141,0.00994032,2.07552e-06
Freq,160,Rs,0.00013152533385625,5.374976063506449e-06,Ls,1.5469126235625e-07,6.7732949280858e-09
":SOUR:DCS:STAT OFF;:BIAS:STAT OFF;:COMP:BIN:COUN:CLE;:LIST:CLE:ALL;:COMP:BIN:CLE;:AMPL:ALC OFF;:APER MED,4;:BIAS:POL:AUTO OFF;:BIAS:RANG:AUTO ON;:BIAS:VOLT:LEV 0;:COMP:ABIN OFF;:COMP:BIN:COUN:STAT OFF;:COMP:MODE PTOL;:COMP:SLIM -9.9e+037,9.9e+037;:COMP:STAT OFF;:COMP:SWAP OFF;:COMP:TOL:NOM 0;:DISP:ENAB ON;:DISP:LINE """";:DISP:WIND:TEXT1:DATA:FMSD:DATA 1e-009;:DISP:WIND:TEXT2:DATA:FMSD:DATA 1e-009;:FORM:ASC:LONG ON;:FORM:BORD NORM;:FORM:DATA ASC,64;:FREQ:CW 160;:FUNC:DEV1:MODE OFF;:FUNC:DEV1:REF:VAL 0;:FUNC:DEV2:MODE OFF;:FUNC:DEV2:REF:VAL 0;:FUNC:IMP:TYPE LSRS;:FUNC:SMON:IDC:STAT OFF;:FUNC:SMON:VDC:STAT OFF;:INIT:CONT OFF;:LIST:MODE SEQ;:LIST:STIM:TYPE FREQ,NONE;:SOUR:DCS:VOLT:LEV 0;:TRIG:DEL 0;:TRIG:SOUR INT;:TRIG:TDEL 0;:VOLT:LEV 1;:DISP:WIND:TEXT1:DATA:FMSD:STAT OFF;:DISP:WIND:TEXT2:DATA:FMSD:STAT OFF;:FUNC:DCR:RANG:VAL 100;:FUNC:IMP:RANG:VAL 1;:OUTP:DC:ISOL:LEV:VAL 0.02;:OUTP:DC:ISOL:STAT OFF;:FUNC:DCR:RANG:AUTO ON;:FUNC:IMP:RANG:AUTO ON;:OUTP:DC:ISOL:LEV:AUTO ON;:DISP:PAGE MEASurement;
"
165.0,1.4214279e-07,0.0001397341772,0.00994232,2.12521e-06
165.0,1.469909496e-07,0.0001320995778,0.00994241,2.04568e-06
165.0,1.607563743e-07,0.0001313340239,0.00994243,2.01904e-06
165.0,1.576977527e-07,0.0001453849898,0.00994231,2.08668e-06
165.0,1.545684861e-07,0.0001406772524,0.0099424,2.03503e-06
165.0,1.548776177e-07,0.0001410593656,0.00994231,1.96998e-06
165.0,1.539092589e-07,0.0001423547207,0.00994234,1.99404e-06
165.0,1.507886508e-07,0.0001377103784,0.00994232,2.04539e-06
165.0,1.496970474e-07,0.0001425877484,0.00994241,2.04545e-06
165.0,1.545014479e-07,0.0001422178637,0.00994238,2.07243e-06
165.0,1.511781849e-07,0.0001427414623,0.00994236,1.89983e-06
165.0,1.433668472e-07,0.0001258014122,0.00994222,2.04933e-06
165.0,1.657378812e-07,0.0001461908383,0.00994225,2.03543e-06
165.0,1.545739604e-07,0.0001323931462,0.00994238,2.06138e-06
165.0,1.495549689e-07,0.0001327019471,0.00994229,2.15966e-06
165.0,1.60628682e-07,0.0001345371322,0.00994228,2.10182e-06
Freq,165,Rs,0.00013809537726250002,5.893144405396084e-06,Ls,1.5318568125e-07,6.279305555177576e-09
":SOUR:DCS:STAT OFF;:BIAS:STAT OFF;:COMP:BIN:COUN:CLE;:LIST:CLE:ALL;:COMP:BIN:CLE;:AMPL:ALC OFF;:APER MED,4;:BIAS:POL:AUTO OFF;:BIAS:RANG:AUTO ON;:BIAS:VOLT:LEV 0;:COMP:ABIN OFF;:COMP:BIN:COUN:STAT OFF;:COMP:MODE PTOL;:COMP:SLIM -9.9e+037,9.9e+037;:COMP:STAT OFF;:COMP:SWAP OFF;:COMP:TOL:NOM 0;:DISP:ENAB ON;:DISP:LINE """";:DISP:WIND:TEXT1:DATA:FMSD:DATA 1e-009;:DISP:WIND:TEXT2:DATA:FMSD:DATA 1e-009;:FORM:ASC:LONG ON;:FORM:BORD NORM;:FORM:DATA ASC,64;:FREQ:CW 165;:FUNC:DEV1:MODE OFF;:FUNC:DEV1:REF:VAL 0;:FUNC:DEV2:MODE OFF;:FUNC:DEV2:REF:VAL 0;:FUNC:IMP:TYPE LSRS;:FUNC:SMON:IDC:STAT OFF;:FUNC:SMON:VDC:STAT OFF;:INIT:CONT OFF;:LIST:MODE SEQ;:LIST:STIM:TYPE FREQ,NONE;:SOUR:DCS:VOLT:LEV 0;:TRIG:DEL 0;:TRIG:SOUR INT;:TRIG:TDEL 0;:VOLT:LEV 1;:DISP:WIND:TEXT1:DATA:FMSD:STAT OFF;:DISP:WIND:TEXT2:DATA:FMSD:STAT OFF;:FUNC:DCR:RANG:VAL 100;:FUNC:IMP:RANG:VAL 1;:OUTP:DC:ISOL:LEV:VAL 0.02;:OUTP:DC:ISOL:STAT OFF;:FUNC:DCR:RANG:AUTO ON;:FUNC:IMP:RANG:AUTO ON;:OUTP:DC:ISOL:LEV:AUTO ON;:DISP:PAGE MEASurement;
"
170.0,1.472458015e-07,0.0001256369859,0.00994618,1.95758e-06
170.0,1.570318835e-07,0.000121955742,0.0099463,2.18772e-06
170.0,1.43984556e-07,0.0001416400955,0.00994621,2.04448e-06
170.0,1.286124487e-07,0.0001296316325,0.00994622,2.03929e-06
170.0,1.390573705e-07,0.0001359253513,0.00994631,2.15807e-06
170.0,1.407086928e-07,0.0001285983956,0.00994618,2.01682e-06
170.0,1.619577046e-07,0.0001456267049,0.00994626,2.09562e-06
170.0,1.509841164e-07,0.0001249148577,0.00994639,2.15394e-06
170.0,1.479791275e-07,0.0001274456863,0.0099463,2.00091e-06
170.0,1.384152466e-07,0.0001209992472,0.00994626,1.87226e-06
170.0,1.479579417e-07,0.0001312714494,0.00994628,2.07956e-06
170.0,1.535799673e-07,0.0001351023729,0.00994618,1.96973e-06
170.0,1.481955446e-07,0.0001196682985,0.00994612,2.08278e-06
170.0,1.50497801e-07,0.000122730362,0.00994618,2.05854e-06
170.0,1.628010966e-07,0.0001346702228,0.0099462,2.09015e-06
170.0,1.566114028e-07,0.0001446710298,0.00994628,1.95684e-06
Freq,170,Rs,0.00013065552714375,8.292388299399634e-06,Ls,1.4847629388125e-07,9.05495419525371e-09
":SOUR:DCS:STAT OFF;:BIAS:STAT OFF;:COMP:BIN:COUN:CLE;:LIST:CLE:ALL;:COMP:BIN:CLE;:AMPL:ALC OFF;:APER MED,4;:BIAS:POL:AUTO OFF;:BIAS:RANG:AUTO ON;:BIAS:VOLT:LEV 0;:COMP:ABIN OFF;:COMP:BIN:COUN:STAT OFF;:COMP:MODE PTOL;:COMP:SLIM -9.9e+037,9.9e+037;:COMP:STAT OFF;:COMP:SWAP OFF;:COMP:TOL:NOM 0;:DISP:ENAB ON;:DISP:LINE """";:DISP:WIND:TEXT1:DATA:FMSD:DATA 1e-009;:DISP:WIND:TEXT2:DATA:FMSD:DATA 1e-009;:FORM:ASC:LONG ON;:FORM:BORD NORM;:FORM:DATA ASC,64;:FREQ:CW 170;:FUNC:DEV1:MODE OFF;:FUNC:DEV1:REF:VAL 0;:FUNC:DEV2:MODE OFF;:FUNC:DEV2:REF:VAL 0;:FUNC:IMP:TYPE LSRS;:FUNC:SMON:IDC:STAT OFF;:FUNC:SMON:VDC:STAT OFF;:INIT:CONT OFF;:LIST:MODE SEQ;:LIST:STIM:TYPE FREQ,NONE;:SOUR:DCS:VOLT:LEV 0;:TRIG:DEL 0;:TRIG:SOUR INT;:TRIG:TDEL 0;:VOLT:LEV 1;:DISP:WIND:TEXT1:DATA:FMSD:STAT OFF;:DISP:WIND:TEXT2:DATA:FMSD:STAT OFF;:FUNC:DCR:RANG:VAL 100;:FUNC:IMP:RANG:VAL 1;:OUTP:DC:ISOL:LEV:VAL 0.02;:OUTP:DC:ISOL:STAT OFF;:FUNC:DCR:RANG:AUTO ON;:FUNC:IMP:RANG:AUTO ON;:OUTP:DC:ISOL:LEV:AUTO ON;:DISP:PAGE MEASurement;
"
172.0,1.499205918e-07,0.0001261226664,0.00994364,2.11507e-06
172.0,1.53044295e-07,0.0001287110192,0.00994362,2.17351e-06
172.0,1.522059926e-07,0.0001372572961,0.00994363,2.10056e-06
172.0,1.375122924e-07,0.0001308527702,0.00994365,2.06217e-06
172.0,1.669662439e-07,0.0001259788808,0.00994364,2.03768e-06
172.0,1.473368017e-07,0.0001298384831,0.00994363,1.91579e-06
172.0,1.431557958e-07,0.0001260623016,0.00994367,1.97844e-06
172.0,1.421197519e-07,0.0001230666546,0.00994351,2.05571e-06
172.0,1.435561291e-07,0.0001182664979,0.00994351,2.02641e-06
172.0,1.390367091e-07,0.0001271947499,0.00994347,2.06903e-06
172.0,1.421233283e-07,0.0001304508448,0.00994368,2.06709e-06
172.0,1.545779184e-07,0.0001207946785,0.00994373,2.12383e-06
172.0,1.476814704e-07,0.0001322963468,0.00994368,1.95534e-06
172.0,1.524928111e-07,0.0001355702971,0.00994379,2.08191e-06
172.0,1.397865659e-07,0.000122619914,0.00994362,2.09638e-06
172.0,1.490736989e-07,0.0001346104818,0.00994364,2.10747e-06
Freq,172,Rs,0.00012810586767499999,5.384969972534105e-06,Ls,1.4753689976875e-07,7.476092770490558e-09
":SOUR:DCS:STAT OFF;:BIAS:STAT OFF;:COMP:BIN:COUN:CLE;:LIST:CLE:ALL;:COMP:BIN:CLE;:AMPL:ALC OFF;:APER MED,4;:BIAS:POL:AUTO OFF;:BIAS:RANG:AUTO ON;:BIAS:VOLT:LEV 0;:COMP:ABIN OFF;:COMP:BIN:COUN:STAT OFF;:COMP:MODE PTOL;:COMP:SLIM -9.9e+037,9.9e+037;:COMP:STAT OFF;:COMP:SWAP OFF;:COMP:TOL:NOM 0;:DISP:ENAB ON;:DISP:LINE """";:DISP:WIND:TEXT1:DATA:FMSD:DATA 1e-009;:DISP:WIND:TEXT2:DATA:FMSD:DATA 1e-009;:FORM:ASC:LONG ON;:FORM:BORD NORM;:FORM:DATA ASC,64;:FREQ:CW 172;:FUNC:DEV1:MODE OFF;:FUNC:DEV1:REF:VAL 0;:FUNC:DEV2:MODE OFF;:FUNC:DEV2:REF:VAL 0;:FUNC:IMP:TYPE LSRS;:FUNC:SMON:IDC:STAT OFF;:FUNC:SMON:VDC:STAT OFF;:INIT:CONT OFF;:LIST:MODE SEQ;:LIST:STIM:TYPE FREQ,NONE;:SOUR:DCS:VOLT:LEV 0;:TRIG:DEL 0;:TRIG:SOUR INT;:TRIG:TDEL 0;:VOLT:LEV 1;:DISP:WIND:TEXT1:DATA:FMSD:STAT OFF;:DISP:WIND:TEXT2:DATA:FMSD:STAT OFF;:FUNC:DCR:RANG:VAL 100;:FUNC:IMP:RANG:VAL 1;:OUTP:DC:ISOL:LEV:VAL 0.02;:OUTP:DC:ISOL:STAT OFF;:FUNC:DCR:RANG:AUTO ON;:FUNC:IMP:RANG:AUTO ON;:OUTP:DC:ISOL:LEV:AUTO ON;:DISP:PAGE MEASurement;
"
175.0,1.531103127e-07,0.0001250488434,0.00994491,2.01504e-06
175.0,1.41117018e-07,0.0001448270865,0.00994473,2.03829e-06
175.0,1.345173015e-07,0.0001218939456,0.00994504,2.00241e-06
175.0,1.402112986e-07,0.0001290618576,0.0099448,2.16423e-06
175.0,1.480598877e-07,0.0001429795128,0.0099448,2.11614e-06
175.0,1.450789424e-07,0.0001251516659,0.0099448,2.17171e-06
175.0,1.457564085e-07,0.0001347794487,0.00994476,1.98506e-06
175.0,1.410363608e-07,0.0001339453906,0.0099448,2.04125e-06
175.0,1.506221956e-07,0.0001167630012,0.0099448,2.07588e-06
175.0,1.55793418e-07,0.0001281135689,0.00994472,2.02352e-06
175.0,1.496464769e-07,0.000144730192,0.0099447,2.11932e-06
175.0,1.384781654e-07,0.0001378601895,0.00994477,2.16741e-06
175.0,1.448095469e-07,0.0001342585413,0.00994481,2.17817e-06
175.0,1.505802104e-07,0.0001292528922,0.00994483,2.11957e-06
175.0,1.481198034e-07,0.0001266116277,0.00994486,2.02556e-06
175.0,1.420363557e-07,0.0001396811618,0.00994483,1.97849e-06
Freq,175,Rs,0.00013218493285625002,8.352174575025087e-06,Ls,1.4556085640625e-07,5.751605786084191e-09
":SOUR:DCS:STAT OFF;:BIAS:STAT OFF;:COMP:BIN:COUN:CLE;:LIST:CLE:ALL;:COMP:BIN:CLE;:AMPL:ALC OFF;:APER MED,4;:BIAS:POL:AUTO OFF;:BIAS:RANG:AUTO ON;:BIAS:VOLT:LEV 0;:COMP:ABIN OFF;:COMP:BIN:COUN:STAT OFF;:COMP:MODE PTOL;:COMP:SLIM -9.9e+037,9.9e+037;:COMP:STAT OFF;:COMP:SWAP OFF;:COMP:TOL:NOM 0;:DISP:ENAB ON;:DISP:LINE """";:DISP:WIND:TEXT1:DATA:FMSD:DATA 1e-009;:DISP:WIND:TEXT2:DATA:FMSD:DATA 1e-009;:FORM:ASC:LONG ON;:FORM:BORD NORM;:FORM:DATA ASC,64;:FREQ:CW 175;:FUNC:DEV1:MODE OFF;:FUNC:DEV1:REF:VAL 0;:FUNC:DEV2:MODE OFF;:FUNC:DEV2:REF:VAL 0;:FUNC:IMP:TYPE LSRS;:FUNC:SMON:IDC:STAT OFF;:FUNC:SMON:VDC:STAT OFF;:INIT:CONT OFF;:LIST:MODE SEQ;:LIST:STIM:TYPE FREQ,NONE;:SOUR:DCS:VOLT:LEV 0;:TRIG:DEL 0;:TRIG:SOUR INT;:TRIG:TDEL 0;:VOLT:LEV 1;:DISP:WIND:TEXT1:DATA:FMSD:STAT OFF;:DISP:WIND:TEXT2:DATA:FMSD:STAT OFF;:FUNC:DCR:RANG:VAL 100;:FUNC:IMP:RANG:VAL 1;:OUTP:DC:ISOL:LEV:VAL 0.02;:OUTP:DC:ISOL:STAT OFF;:FUNC:DCR:RANG:AUTO ON;:FUNC:IMP:RANG:AUTO ON;:OUTP:DC:ISOL:LEV:AUTO ON;:DISP:PAGE MEASurement;
"
180.0,1.392128737e-07,0.0001269706183,0.00994514,2.13018e-06
180.0,1.395287013e-07,0.0001261206057,0.00994514,1.99643e-06
180.0,1.397689944e-07,0.0001234647087,0.00994515,2.08531e-06
180.0,1.474099162e-07,0.0001319466761,0.00994525,2.00175e-06
180.0,1.399659188e-07,0.0001233689921,0.00994512,2.06612e-06
180.0,1.382707957e-07,0.0001277292747,0.00994519,2.12847e-06
180.0,1.371446997e-07,0.0001329329444,0.0099453,1.98557e-06
180.0,1.352070029e-07,0.0001355348862,0.0099453,2.03857e-06
180.0,1.475986478e-07,0.0001398123564,0.00994525,2.08246e-06
180.0,1.342872831e-07,0.0001244350509,0.00994519,2.059e-06
180.0,1.541082248e-07,0.0001357015802,0.00994526,2.11435e-06
180.0,1.424338581e-07,0.0001333305152,0.00994522,2.11896e-06
180.0,1.334568802e-07,0.0001387101641,0.00994519,2.1463e-06
180.0,1.400499784e-07,0.0001263730899,0.00994517,2.0336e-06
180.0,1.475327962e-07,0.0001314275302,0.00994522,2.05858e-06
180.0,1.394093561e-07,0.0001304932575,0.00994516,1.96799e-06
Freq,180,Rs,0.0001305220156625,5.2718367532747545e-06,Ls,1.409616204625e-07,5.599823852985553e-09
":SOUR:DCS:STAT OFF;:BIAS:STAT OFF;:COMP:BIN:COUN:CLE;:LIST:CLE:ALL;:COMP:BIN:CLE;:AMPL:ALC OFF;:APER MED,4;:BIAS:POL:AUTO OFF;:BIAS:RANG:AUTO ON;:BIAS:VOLT:LEV 0;:COMP:ABIN OFF;:COMP:BIN:COUN:STAT OFF;:COMP:MODE PTOL;:COMP:SLIM -9.9e+037,9.9e+037;:COMP:STAT OFF;:COMP:SWAP OFF;:COMP:TOL:NOM 0;:DISP:ENAB ON;:DISP:LINE """";:DISP:WIND:TEXT1:DATA:FMSD:DATA 1e-009;:DISP:WIND:TEXT2:DATA:FMSD:DATA 1e-009;:FORM:ASC:LONG ON;:FORM:BORD NORM;:FORM:DATA ASC,64;:FREQ:CW 180;:FUNC:DEV1:MODE OFF;:FUNC:DEV1:REF:VAL 0;:FUNC:DEV2:MODE OFF;:FUNC:DEV2:REF:VAL 0;:FUNC:IMP:TYPE LSRS;:FUNC:SMON:IDC:STAT OFF;:FUNC:SMON:VDC:STAT OFF;:INIT:CONT OFF;:LIST:MODE SEQ;:LIST:STIM:TYPE FREQ,NONE;:SOUR:DCS:VOLT:LEV 0;:TRIG:DEL 0;:TRIG:SOUR INT;:TRIG:TDEL 0;:VOLT:LEV 1;:DISP:WIND:TEXT1:DATA:FMSD:STAT OFF;:DISP:WIND:TEXT2:DATA:FMSD:STAT OFF;:FUNC:DCR:RANG:VAL 100;:FUNC:IMP:RANG:VAL 1;:OUTP:DC:ISOL:LEV:VAL 0.02;:OUTP:DC:ISOL:STAT OFF;:FUNC:DCR:RANG:AUTO ON;:FUNC:IMP:RANG:AUTO ON;:OUTP:DC:ISOL:LEV:AUTO ON;:DISP:PAGE MEASurement;
"
185.0,1.357908462e-07,0.0001208066785,0.00994037,2.08436e-06
185.0,1.471235657e-07,0.0001216636123,0.00994036,2.19658e-06
185.0,1.475177605e-07,0.0001327443343,0.00994035,2.00577e-06
185.0,1.429163092e-07,0.0001197324098,0.00994039,2.07177e-06
185.0,1.341178746e-07,0.000133993512,0.00994045,2.10865e-06
185.0,1.402124384e-07,0.000142501002,0.00994044,2.00334e-06
185.0,1.358081761e-07,0.0001338769652,0.0099404,2.09604e-06
185.0,1.280277091e-07,0.0001211422398,0.00994032,2.16169e-06
185.0,1.450264199e-07,0.0001112157993,0.00994033,2.10592e-06
185.0,1.353146447e-07,0.0001369495597,0.00994027,2.00735e-06
185.0,1.386882872e-07,0.0001341202621,0.00994034,2.06688e-06
185.0,1.461042334e-07,0.0001265345944,0.00994023,2.088e-06
185.0,1.420584548e-07,0.0001314964298,0.00994031,2.02631e-06
185.0,1.344376096e-07,0.0001347739668,0.00994036,2.07067e-06
185.0,1.394797122e-07,0.0001250336375,0.00994052,1.94181e-06
185.0,1.47062118e-07,0.0001252433307,0.00994026,2.05052e-06
Freq,185,Rs,0.0001282392708875,8.105666673890556e-06,Ls,1.3998038497500001e-07,5.776680690075797e-09
":SOUR:DCS:STAT OFF;:BIAS:STAT OFF;:COMP:BIN:COUN:CLE;:LIST:CLE:ALL;:COMP:BIN:CLE;:AMPL:ALC OFF;:APER MED,4;:BIAS:POL:AUTO OFF;:BIAS:RANG:AUTO ON;:BIAS:VOLT:LEV 0;:COMP:ABIN OFF;:COMP:BIN:COUN:STAT OFF;:COMP:MODE PTOL;:COMP:SLIM -9.9e+037,9.9e+037;:COMP:STAT OFF;:COMP:SWAP OFF;:COMP:TOL:NOM 0;:DISP:ENAB ON;:DISP:LINE """";:DISP:WIND:TEXT1:DATA:FMSD:DATA 1e-009;:DISP:WIND:TEXT2:DATA:FMSD:DATA 1e-009;:FORM:ASC:LONG ON;:FORM:BORD NORM;:FORM:DATA ASC,64;:FREQ:CW 185;:FUNC:DEV1:MODE OFF;:FUNC:DEV1:REF:VAL 0;:FUNC:DEV2:MODE OFF;:FUNC:DEV2:REF:VAL 0;:FUNC:IMP:TYPE LSRS;:FUNC:SMON:IDC:STAT OFF;:FUNC:SMON:VDC:STAT OFF;:INIT:CONT OFF;:LIST:MODE SEQ;:LIST:STIM:TYPE FREQ,NONE;:SOUR:DCS:VOLT:LEV 0;:TRIG:DEL 0;:TRIG:SOUR INT;:TRIG:TDEL 0;:VOLT:LEV 1;:DISP:WIND:TEXT1:DATA:FMSD:STAT OFF;:DISP:WIND:TEXT2:DATA:FMSD:STAT OFF;:FUNC:DCR:RANG:VAL 100;:FUNC:IMP:RANG:VAL 1;:OUTP:DC:ISOL:LEV:VAL 0.02;:OUTP:DC:ISOL:STAT OFF;:FUNC:DCR:RANG:AUTO ON;:FUNC:IMP:RANG:AUTO ON;:OUTP:DC:ISOL:LEV:AUTO ON;:DISP:PAGE MEASurement;
"
200.0,1.285348719e-07,0.0001251924857,0.00992613,1.98599e-06
200.0,1.272972509e-07,0.0001174446692,0.00992601,2.1491e-06
200.0,1.348199478e-07,0.0001253198547,0.00992598,2.03582e-06
200.0,1.18959401e-07,0.0001267205727,0.00992607,2.08227e-06
200.0,1.349861471e-07,0.0001195602599,0.009926,2.04184e-06
200.0,1.364197904e-07,0.0001100366271,0.0099261,2.05838e-06
200.0,1.278327525e-07,0.0001182224594,0.00992606,2.07692e-06
200.0,1.372732211e-07,0.000115477039,0.00992607,2.10941e-06
200.0,1.323484418e-07,0.0001199634805,0.00992628,2.05473e-06
200.0,1.261312981e-07,0.0001088415191,0.00992614,2.05459e-06
200.0,1.306794426e-07,0.0001146055646,0.00992616,2.06687e-06
200.0,1.371043606e-07,0.0001183485595,0.00992618,2.07814e-06
200.0,1.381632082e-07,0.0001090420056,0.00992609,2.01803e-06
200.0,1.266299685e-07,0.0001260959764,0.00992607,1.96084e-06
200.0,1.353013004e-07,0.0001185688499,0.00992615,1.91597e-06
200.0,1.274536526e-07,0.0001297697,0.00992609,2.00948e-06
Freq,200,Rs,0.00011895060145624999,6.447179189068066e-06,Ls,1.3124594096875e-07,5.400066165260616e-09
":SOUR:DCS:STAT OFF;:BIAS:STAT OFF;:COMP:BIN:COUN:CLE;:LIST:CLE:ALL;:COMP:BIN:CLE;:AMPL:ALC OFF;:APER MED,4;:BIAS:POL:AUTO OFF;:BIAS:RANG:AUTO ON;:BIAS:VOLT:LEV 0;:COMP:ABIN OFF;:COMP:BIN:COUN:STAT OFF;:COMP:MODE PTOL;:COMP:SLIM -9.9e+037,9.9e+037;:COMP:STAT OFF;:COMP:SWAP OFF;:COMP:TOL:NOM 0;:DISP:ENAB ON;:DISP:LINE """";:DISP:WIND:TEXT1:DATA:FMSD:DATA 1e-009;:DISP:WIND:TEXT2:DATA:FMSD:DATA 1e-009;:FORM:ASC:LONG ON;:FORM:BORD NORM;:FORM:DATA ASC,64;:FREQ:CW 200;:FUNC:DEV1:MODE OFF;:FUNC:DEV1:REF:VAL 0;:FUNC:DEV2:MODE OFF;:FUNC:DEV2:REF:VAL 0;:FUNC:IMP:TYPE LSRS;:FUNC:SMON:IDC:STAT OFF;:FUNC:SMON:VDC:STAT OFF;:INIT:CONT OFF;:LIST:MODE SEQ;:LIST:STIM:TYPE FREQ,NONE;:SOUR:DCS:VOLT:LEV 0;:TRIG:DEL 0;:TRIG:SOUR INT;:TRIG:TDEL 0;:VOLT:LEV 1;:DISP:WIND:TEXT1:DATA:FMSD:STAT OFF;:DISP:WIND:TEXT2:DATA:FMSD:STAT OFF;:FUNC:DCR:RANG:VAL 100;:FUNC:IMP:RANG:VAL 1;:OUTP:DC:ISOL:LEV:VAL 0.02;:OUTP:DC:ISOL:STAT OFF;:FUNC:DCR:RANG:AUTO ON;:FUNC:IMP:RANG:AUTO ON;:OUTP:DC:ISOL:LEV:AUTO ON;:DISP:PAGE MEASurement;
"
220.0,1.345274068e-07,0.00013126872,0.00992236,2.257e-06
220.0,1.367704454e-07,0.0001319669571,0.00992241,2.07051e-06
220.0,1.400002549e-07,0.0001283503435,0.00992247,2.22632e-06
220.0,1.309437935e-07,0.0001336971666,0.00992244,2.10327e-06
220.0,1.343524562e-07,0.0001379874867,0.00992252,2.21959e-06
220.0,1.283456485e-07,0.0001228998276,0.00992245,2.24523e-06
220.0,1.34398878e-07,0.0001292653989,0.00992241,2.26938e-06
220.0,1.370138809e-07,0.000125499244,0.00992246,2.20147e-06
220.0,1.298855099e-07,0.0001328760195,0.00992257,2.29338e-06
220.0,1.371164293e-07,0.0001325512256,0.00992242,2.36931e-06
220.0,1.307947718e-07,0.0001262809138,0.00992243,2.17036e-06
220.0,1.313801819e-07,0.0001302515102,0.00992244,2.29861e-06
220.0,1.331749525e-07,0.0001268779418,0.00992241,2.2964e-06
220.0,1.277010259e-07,0.0001309459328,0.00992247,2.24953e-06
220.0,1.322615089e-07,0.000141444614,0.00992249,2.1216e-06
220.0,1.320264634e-07,0.0001375555045,0.00992244,2.34027e-06
Freq,220,Rs,0.0001312324254125,4.8986925390683635e-06,Ls,1.3316835048749998e-07,3.411962262933796e-09
":SOUR:DCS:STAT OFF;:BIAS:STAT OFF;:COMP:BIN:COUN:CLE;:LIST:CLE:ALL;:COMP:BIN:CLE;:AMPL:ALC OFF;:APER MED,4;:BIAS:POL:AUTO OFF;:BIAS:RANG:AUTO ON;:BIAS:VOLT:LEV 0;:COMP:ABIN OFF;:COMP:BIN:COUN:STAT OFF;:COMP:MODE PTOL;:COMP:SLIM -9.9e+037,9.9e+037;:COMP:STAT OFF;:COMP:SWAP OFF;:COMP:TOL:NOM 0;:DISP:ENAB ON;:DISP:LINE """";:DISP:WIND:TEXT1:DATA:FMSD:DATA 1e-009;:DISP:WIND:TEXT2:DATA:FMSD:DATA 1e-009;:FORM:ASC:LONG ON;:FORM:BORD NORM;:FORM:DATA ASC,64;:FREQ:CW 220;:FUNC:DEV1:MODE OFF;:FUNC:DEV1:REF:VAL 0;:FUNC:DEV2:MODE OFF;:FUNC:DEV2:REF:VAL 0;:FUNC:IMP:TYPE LSRS;:FUNC:SMON:IDC:STAT OFF;:FUNC:SMON:VDC:STAT OFF;:INIT:CONT OFF;:LIST:MODE SEQ;:LIST:STIM:TYPE FREQ,NONE;:SOUR:DCS:VOLT:LEV 0;:TRIG:DEL 0;:TRIG:SOUR INT;:TRIG:TDEL 0;:VOLT:LEV 1;:DISP:WIND:TEXT1:DATA:FMSD:STAT OFF;:DISP:WIND:TEXT2:DATA:FMSD:STAT OFF;:FUNC:DCR:RANG:VAL 100;:FUNC:IMP:RANG:VAL 1;:OUTP:DC:ISOL:LEV:VAL 0.02;:OUTP:DC:ISOL:STAT OFF;:FUNC:DCR:RANG:AUTO ON;:FUNC:IMP:RANG:AUTO ON;:OUTP:DC:ISOL:LEV:AUTO ON;:DISP:PAGE MEASurement;
"
240.0,1.272383041e-07,0.0001444461192,0.00990775,2.44848e-06
240.0,1.324651807e-07,0.0001478645468,0.00990774,2.43708e-06
240.0,1.332908256e-07,0.0001461627811,0.00990769,2.40288e-06
240.0,1.256136771e-07,0.0001457334244,0.00990782,2.32256e-06
240.0,1.273493564e-07,0.0001346464461,0.00990783,2.42044e-06
240.0,1.333745784e-07,0.000141126793,0.00990785,2.43436e-06
240.0,1.307352694e-07,0.0001379970325,0.00990777,2.44801e-06
240.0,1.353659666e-07,0.0001383709848,0.00990772,2.38523e-06
240.0,1.32343349e-07,0.0001377384434,0.0099076,2.41658e-06
240.0,1.285872984e-07,0.0001473545346,0.00990772,2.43913e-06
240.0,1.342598525e-07,0.0001466559071,0.00990781,2.36217e-06
240.0,1.360662113e-07,0.0001378563233,0.00990784,2.40222e-06
240.0,1.343564007e-07,0.0001480221941,0.00990773,2.371e-06
240.0,1.289234007e-07,0.0001453134352,0.00990778,2.46682e-06
240.0,1.262679903e-07,0.0001450469897,0.00990789,2.41712e-06
240.0,1.397109992e-07,0.0001423473428,0.00990782,2.35822e-06
Freq,240,Rs,0.00014291770613125,4.355297970805038e-06,Ls,1.31621791275e-07,4.001991241870093e-09
":SOUR:DCS:STAT OFF;:BIAS:STAT OFF;:COMP:BIN:COUN:CLE;:LIST:CLE:ALL;:COMP:BIN:CLE;:AMPL:ALC OFF;:APER MED,4;:BIAS:POL:AUTO OFF;:BIAS:RANG:AUTO ON;:BIAS:VOLT:LEV 0;:COMP:ABIN OFF;:COMP:BIN:COUN:STAT OFF;:COMP:MODE PTOL;:COMP:SLIM -9.9e+037,9.9e+037;:COMP:STAT OFF;:COMP:SWAP OFF;:COMP:TOL:NOM 0;:DISP:ENAB ON;:DISP:LINE """";:DISP:WIND:TEXT1:DATA:FMSD:DATA 1e-009;:DISP:WIND:TEXT2:DATA:FMSD:DATA 1e-009;:FORM:ASC:LONG ON;:FORM:BORD NORM;:FORM:DATA ASC,64;:FREQ:CW 240;:FUNC:DEV1:MODE OFF;:FUNC:DEV1:REF:VAL 0;:FUNC:DEV2:MODE OFF;:FUNC:DEV2:REF:VAL 0;:FUNC:IMP:TYPE LSRS;:FUNC:SMON:IDC:STAT OFF;:FUNC:SMON:VDC:STAT OFF;:INIT:CONT OFF;:LIST:MODE SEQ;:LIST:STIM:TYPE FREQ,NONE;:SOUR:DCS:VOLT:LEV 0;:TRIG:DEL 0;:TRIG:SOUR INT;:TRIG:TDEL 0;:VOLT:LEV 1;:DISP:WIND:TEXT1:DATA:FMSD:STAT OFF;:DISP:WIND:TEXT2:DATA:FMSD:STAT OFF;:FUNC:DCR:RANG:VAL 100;:FUNC:IMP:RANG:VAL 1;:OUTP:DC:ISOL:LEV:VAL 0.02;:OUTP:DC:ISOL:STAT OFF;:FUNC:DCR:RANG:AUTO ON;:FUNC:IMP:RANG:AUTO ON;:OUTP:DC:ISOL:LEV:AUTO ON;:DISP:PAGE MEASurement;
"
400.0,1.29578141e-07,0.000139058062,0.00994312,3.53873e-06
400.0,1.312775596e-07,0.0001342426849,0.00994323,3.52615e-06
400.0,1.325356456e-07,0.000118654317,0.00994318,3.63835e-06
400.0,1.284752772e-07,0.0001279004368,0.00994324,3.50983e-06
400.0,1.317941864e-07,0.0001210766518,0.00994314,3.52221e-06
400.0,1.33575341e-07,0.0001316439775,0.0099433,3.47058e-06
400.0,1.298673277e-07,0.0001281070246,0.00994325,3.60801e-06
400.0,1.308353024e-07,0.0001241068867,0.00994318,3.51211e-06
400.0,1.349878724e-07,0.0001354726953,0.00994328,3.50639e-06
400.0,1.317329186e-07,0.0001320943752,0.00994311,3.51095e-06
400.0,1.331784654e-07,0.000137084755,0.00994336,3.47407e-06
400.0,1.34350652e-07,0.0001433266328,0.00994332,3.56944e-06
400.0,1.327100877e-07,0.0001214976386,0.00994325,3.56094e-06
400.0,1.301610092e-07,0.0001375405312,0.00994321,3.55982e-06
400.0,1.290210131e-07,0.0001244447328,0.00994312,3.61457e-06
400.0,1.275650139e-07,0.000133803356,0.00994315,3.54449e-06
Freq,400,Rs,0.0001306284223875,7.230075279101968e-06,Ls,1.31352863325e-07,2.1473835263191053e-09
":SOUR:DCS:STAT OFF;:BIAS:STAT OFF;:COMP:BIN:COUN:CLE;:LIST:CLE:ALL;:COMP:BIN:CLE;:AMPL:ALC OFF;:APER MED,4;:BIAS:POL:AUTO OFF;:BIAS:RANG:AUTO ON;:BIAS:VOLT:LEV 0;:COMP:ABIN OFF;:COMP:BIN:COUN:STAT OFF;:COMP:MODE PTOL;:COMP:SLIM -9.9e+037,9.9e+037;:COMP:STAT OFF;:COMP:SWAP OFF;:COMP:TOL:NOM 0;:DISP:ENAB ON;:DISP:LINE """";:DISP:WIND:TEXT1:DATA:FMSD:DATA 1e-009;:DISP:WIND:TEXT2:DATA:FMSD:DATA 1e-009;:FORM:ASC:LONG ON;:FORM:BORD NORM;:FORM:DATA ASC,64;:FREQ:CW 400;:FUNC:DEV1:MODE OFF;:FUNC:DEV1:REF:VAL 0;:FUNC:DEV2:MODE OFF;:FUNC:DEV2:REF:VAL 0;:FUNC:IMP:TYPE LSRS;:FUNC:SMON:IDC:STAT OFF;:FUNC:SMON:VDC:STAT OFF;:INIT:CONT OFF;:LIST:MODE SEQ;:LIST:STIM:TYPE FREQ,NONE;:SOUR:DCS:VOLT:LEV 0;:TRIG:DEL 0;:TRIG:SOUR INT;:TRIG:TDEL 0;:VOLT:LEV 1;:DISP:WIND:TEXT1:DATA:FMSD:STAT OFF;:DISP:WIND:TEXT2:DATA:FMSD:STAT OFF;:FUNC:DCR:RANG:VAL 100;:FUNC:IMP:RANG:VAL 1;:OUTP:DC:ISOL:LEV:VAL 0.02;:OUTP:DC:ISOL:STAT OFF;:FUNC:DCR:RANG:AUTO ON;:FUNC:IMP:RANG:AUTO ON;:OUTP:DC:ISOL:LEV:AUTO ON;:DISP:PAGE MEASurement;
"
800.0,1.287918262e-07,0.000128973827,0.00994453,6.52539e-06
800.0,1.295749354e-07,0.0001279844638,0.0099445,6.56736e-06
800.0,1.276892195e-07,0.0001175628856,0.00994447,6.50473e-06
800.0,1.286804877e-07,0.0001345117219,0.00994449,6.5895e-06
800.0,1.306253621e-07,0.0001245080253,0.00994462,6.50941e-06
800.0,1.281797764e-07,0.0001218829248,0.00994452,6.54793e-06
800.0,1.272839308e-07,0.0001237441975,0.00994449,6.56376e-06
800.0,1.285558479e-07,0.0001285642773,0.00994452,6.57678e-06
800.0,1.283692092e-07,0.00012552786,0.00994456,6.59651e-06
800.0,1.304182182e-07,0.0001223242323,0.00994447,6.57013e-06
800.0,1.297504286e-07,0.0001222102793,0.00994439,6.54912e-06
800.0,1.281880587e-07,0.0001243969091,0.00994451,6.53005e-06
800.0,1.297393344e-07,0.0001247673156,0.00994451,6.55714e-06
800.0,1.284168965e-07,0.0001234145335,0.00994452,6.54783e-06
800.0,1.28560004e-07,0.00012016171,0.00994452,6.69231e-06
800.0,1.293420038e-07,0.0001204928202,0.00994451,6.55489e-06
Freq,800,Rs,0.00012443924895,4.09525160859854e-06,Ls,1.288853462125e-07,9.405440232873626e-10
":SOUR:DCS:STAT OFF;:BIAS:STAT OFF;:COMP:BIN:COUN:CLE;:LIST:CLE:ALL;:COMP:BIN:CLE;:AMPL:ALC OFF;:APER MED,4;:BIAS:POL:AUTO OFF;:BIAS:RANG:AUTO ON;:BIAS:VOLT:LEV 0;:COMP:ABIN OFF;:COMP:BIN:COUN:STAT OFF;:COMP:MODE PTOL;:COMP:SLIM -9.9e+037,9.9e+037;:COMP:STAT OFF;:COMP:SWAP OFF;:COMP:TOL:NOM 0;:DISP:ENAB ON;:DISP:LINE """";:DISP:WIND:TEXT1:DATA:FMSD:DATA 1e-009;:DISP:WIND:TEXT2:DATA:FMSD:DATA 1e-009;:FORM:ASC:LONG ON;:FORM:BORD NORM;:FORM:DATA ASC,64;:FREQ:CW 800;:FUNC:DEV1:MODE OFF;:FUNC:DEV1:REF:VAL 0;:FUNC:DEV2:MODE OFF;:FUNC:DEV2:REF:VAL 0;:FUNC:IMP:TYPE LSRS;:FUNC:SMON:IDC:STAT OFF;:FUNC:SMON:VDC:STAT OFF;:INIT:CONT OFF;:LIST:MODE SEQ;:LIST:STIM:TYPE FREQ,NONE;:SOUR:DCS:VOLT:LEV 0;:TRIG:DEL 0;:TRIG:SOUR INT;:TRIG:TDEL 0;:VOLT:LEV 1;:DISP:WIND:TEXT1:DATA:FMSD:STAT OFF;:DISP:WIND:TEXT2:DATA:FMSD:STAT OFF;:FUNC:DCR:RANG:VAL 100;:FUNC:IMP:RANG:VAL 1;:OUTP:DC:ISOL:LEV:VAL 0.02;:OUTP:DC:ISOL:STAT OFF;:FUNC:DCR:RANG:AUTO ON;:FUNC:IMP:RANG:AUTO ON;:OUTP:DC:ISOL:LEV:AUTO ON;:DISP:PAGE MEASurement;
"
1000.0,1.282704734e-07,0.0001043706248,0.00991126,8.06698e-06
1000.0,1.279576044e-07,0.0001030260844,0.00991129,8.10608e-06
1000.0,1.289811588e-07,9.743448069e-05,0.00991134,8.03665e-06
1000.0,1.28075409e-07,9.168462647e-05,0.00991123,8.00453e-06
1000.0,1.282251681e-07,0.0001013439974,0.00991135,8.04778e-06
1000.0,1.27123944e-07,0.000109433279,0.00991136,8.06945e-06
1000.0,1.299141336e-07,0.0001057610575,0.00991116,8.10542e-06
1000.0,1.291549191e-07,0.0001043314471,0.00991126,8.04684e-06
1000.0,1.275067729e-07,0.000106520724,0.00991126,8.07509e-06
1000.0,1.280599966e-07,0.0001076443447,0.0099112,8.04915e-06
1000.0,1.27393613e-07,0.0001024902248,0.00991123,8.04728e-06
1000.0,1.28475302e-07,0.0001132983641,0.00991128,8.00889e-06
1000.0,1.286519874e-07,0.000105952049,0.00991126,8.06283e-06
1000.0,1.287106413e-07,0.0001055239172,0.00991118,8.06324e-06
1000.0,1.289545657e-07,0.0001031114808,0.00991124,8.03488e-06
1000.0,1.27349932e-07,0.0001067764516,0.00991104,8.10791e-06
Freq,1000,Rs,0.0001042939470975,4.880363229987193e-06,Ls,1.2830035133125e-07,7.536679379841112e-10
":SOUR:DCS:STAT OFF;:BIAS:STAT OFF;:COMP:BIN:COUN:CLE;:LIST:CLE:ALL;:COMP:BIN:CLE;:AMPL:ALC OFF;:APER MED,4;:BIAS:POL:AUTO OFF;:BIAS:RANG:AUTO ON;:BIAS:VOLT:LEV 0;:COMP:ABIN OFF;:COMP:BIN:COUN:STAT OFF;:COMP:MODE PTOL;:COMP:SLIM -9.9e+037,9.9e+037;:COMP:STAT OFF;:COMP:SWAP OFF;:COMP:TOL:NOM 0;:DISP:ENAB ON;:DISP:LINE """";:DISP:WIND:TEXT1:DATA:FMSD:DATA 1e-009;:DISP:WIND:TEXT2:DATA:FMSD:DATA 1e-009;:FORM:ASC:LONG ON;:FORM:BORD NORM;:FORM:DATA ASC,64;:FREQ:CW 1000;:FUNC:DEV1:MODE OFF;:FUNC:DEV1:REF:VAL 0;:FUNC:DEV2:MODE OFF;:FUNC:DEV2:REF:VAL 0;:FUNC:IMP:TYPE LSRS;:FUNC:SMON:IDC:STAT OFF;:FUNC:SMON:VDC:STAT OFF;:INIT:CONT OFF;:LIST:MODE SEQ;:LIST:STIM:TYPE FREQ,NONE;:SOUR:DCS:VOLT:LEV 0;:TRIG:DEL 0;:TRIG:SOUR INT;:TRIG:TDEL 0;:VOLT:LEV 1;:DISP:WIND:TEXT1:DATA:FMSD:STAT OFF;:DISP:WIND:TEXT2:DATA:FMSD:STAT OFF;:FUNC:DCR:RANG:VAL 100;:FUNC:IMP:RANG:VAL 1;:OUTP:DC:ISOL:LEV:VAL 0.02;:OUTP:DC:ISOL:STAT OFF;:FUNC:DCR:RANG:AUTO ON;:FUNC:IMP:RANG:AUTO ON;:OUTP:DC:ISOL:LEV:AUTO ON;:DISP:PAGE MEASurement;
"
2000.0,1.313102436e-07,6.80422888e-05,0.00996605,1.64618e-05
2000.0,1.313159166e-07,6.931591216e-05,0.00996626,1.64559e-05
2000.0,1.314624639e-07,6.804206437e-05,0.00996621,1.64926e-05
2000.0,1.317404758e-07,6.940309397e-05,0.00996611,1.64345e-05
2000.0,1.312299841e-07,7.12234711e-05,0.0099662,1.64707e-05
2000.0,1.31621876e-07,6.608946567e-05,0.00996624,1.6421e-05
2000.0,1.317438028e-07,6.540963721e-05,0.00996637,1.6528e-05
2000.0,1.312361477e-07,6.485660657e-05,0.00996636,1.65276e-05
2000.0,1.314330104e-07,6.819984595e-05,0.00996627,1.64824e-05
2000.0,1.308096482e-07,7.466448885e-05,0.00996623,1.6527e-05
2000.0,1.314460133e-07,6.740556862e-05,0.0099662,1.64813e-05
2000.0,1.318129379e-07,6.846702384e-05,0.00996634,1.64771e-05
2000.0,1.315175597e-07,6.920429946e-05,0.0099662,1.6527e-05
2000.0,1.311175808e-07,6.617812077e-05,0.00996624,1.64188e-05
2000.0,1.314060549e-07,7.319554903e-05,0.00996621,1.6518e-05
2000.0,1.314247293e-07,6.898713066e-05,0.00996632,1.64684e-05
Freq,2000,Rs,6.8667785439375e-05,2.645313008752815e-06,Ls,1.3141427781249998e-07,2.5447217345329997e-10
":SOUR:DCS:STAT OFF;:BIAS:STAT OFF;:COMP:BIN:COUN:CLE;:LIST:CLE:ALL;:COMP:BIN:CLE;:AMPL:ALC OFF;:APER MED,4;:BIAS:POL:AUTO OFF;:BIAS:RANG:AUTO ON;:BIAS:VOLT:LEV 0;:COMP:ABIN OFF;:COMP:BIN:COUN:STAT OFF;:COMP:MODE PTOL;:COMP:SLIM -9.9e+037,9.9e+037;:COMP:STAT OFF;:COMP:SWAP OFF;:COMP:TOL:NOM 0;:DISP:ENAB ON;:DISP:LINE """";:DISP:WIND:TEXT1:DATA:FMSD:DATA 1e-009;:DISP:WIND:TEXT2:DATA:FMSD:DATA 1e-009;:FORM:ASC:LONG ON;:FORM:BORD NORM;:FORM:DATA ASC,64;:FREQ:CW 2000;:FUNC:DEV1:MODE OFF;:FUNC:DEV1:REF:VAL 0;:FUNC:DEV2:MODE OFF;:FUNC:DEV2:REF:VAL 0;:FUNC:IMP:TYPE LSRS;:FUNC:SMON:IDC:STAT OFF;:FUNC:SMON:VDC:STAT OFF;:INIT:CONT OFF;:LIST:MODE SEQ;:LIST:STIM:TYPE FREQ,NONE;:SOUR:DCS:VOLT:LEV 0;:TRIG:DEL 0;:TRIG:SOUR INT;:TRIG:TDEL 0;:VOLT:LEV 1;:DISP:WIND:TEXT1:DATA:FMSD:STAT OFF;:DISP:WIND:TEXT2:DATA:FMSD:STAT OFF;:FUNC:DCR:RANG:VAL 100;:FUNC:IMP:RANG:VAL 1;:OUTP:DC:ISOL:LEV:VAL 0.02;:OUTP:DC:ISOL:STAT OFF;:FUNC:DCR:RANG:AUTO ON;:FUNC:IMP:RANG:AUTO ON;:OUTP:DC:ISOL:LEV:AUTO ON;:DISP:PAGE MEASurement;
"
3000.0,1.33119692e-07,4.281743372e-05,0.00992681,2.49286e-05
3000.0,1.334772014e-07,5.085739166e-05,0.00992681,2.50001e-05
3000.0,1.332902673e-07,4.398578674e-05,0.00992684,2.49628e-05
3000.0,1.334692683e-07,4.284613391e-05,0.00992676,2.50105e-05
3000.0,1.335788246e-07,4.334255666e-05,0.00992672,2.50168e-05
3000.0,1.334597105e-07,4.551301256e-05,0.00992679,2.49854e-05
3000.0,1.333409648e-07,4.659879986e-05,0.00992676,2.49425e-05
3000.0,1.334898067e-07,4.623455087e-05,0.0099268,2.49589e-05
3000.0,1.335156846e-07,4.258194574e-05,0.00992682,2.49743e-05
3000.0,1.333842225e-07,4.539204681e-05,0.00992692,2.5015e-05
3000.0,1.334854063e-07,4.345623039e-05,0.00992686,2.49663e-05
3000.0,1.336761627e-07,4.724717152e-05,0.00992677,2.49431e-05
3000.0,1.332746647e-07,4.34449872e-05,0.00992677,2.50044e-05
3000.0,1.334108078e-07,4.427457635e-05,0.00992685,2.49572e-05
3000.0,1.336329971e-07,4.99321044e-05,0.00992681,2.49714e-05
3000.0,1.332826034e-07,3.917080593e-05,0.00992689,2.49655e-05
Freq,3000,Rs,4.4855970895e-05,2.9003703266329085e-06,Ls,1.3343051779375e-07,1.4483367174679692e-10
":SOUR:DCS:STAT OFF;:BIAS:STAT OFF;:COMP:BIN:COUN:CLE;:LIST:CLE:ALL;:COMP:BIN:CLE;:AMPL:ALC OFF;:APER MED,4;:BIAS:POL:AUTO OFF;:BIAS:RANG:AUTO ON;:BIAS:VOLT:LEV 0;:COMP:ABIN OFF;:COMP:BIN:COUN:STAT OFF;:COMP:MODE PTOL;:COMP:SLIM -9.9e+037,9.9e+037;:COMP:STAT OFF;:COMP:SWAP OFF;:COMP:TOL:NOM 0;:DISP:ENAB ON;:DISP:LINE """";:DISP:WIND:TEXT1:DATA:FMSD:DATA 1e-009;:DISP:WIND:TEXT2:DATA:FMSD:DATA 1e-009;:FORM:ASC:LONG ON;:FORM:BORD NORM;:FORM:DATA ASC,64;:FREQ:CW 3000;:FUNC:DEV1:MODE OFF;:FUNC:DEV1:REF:VAL 0;:FUNC:DEV2:MODE OFF;:FUNC:DEV2:REF:VAL 0;:FUNC:IMP:TYPE LSRS;:FUNC:SMON:IDC:STAT OFF;:FUNC:SMON:VDC:STAT OFF;:INIT:CONT OFF;:LIST:MODE SEQ;:LIST:STIM:TYPE FREQ,NONE;:SOUR:DCS:VOLT:LEV 0;:TRIG:DEL 0;:TRIG:SOUR INT;:TRIG:TDEL 0;:VOLT:LEV 1;:DISP:WIND:TEXT1:DATA:FMSD:STAT OFF;:DISP:WIND:TEXT2:DATA:FMSD:STAT OFF;:FUNC:DCR:RANG:VAL 100;:FUNC:IMP:RANG:VAL 1;:OUTP:DC:ISOL:LEV:VAL 0.02;:OUTP:DC:ISOL:STAT OFF;:FUNC:DCR:RANG:AUTO ON;:FUNC:IMP:RANG:AUTO ON;:OUTP:DC:ISOL:LEV:AUTO ON;:DISP:PAGE MEASurement;
"
4000.0,1.346457232e-07,3.629375675e-05,0.00992965,3.35498e-05
4000.0,1.341243347e-07,3.56632514e-05,0.00992972,3.34662e-05
4000.0,1.341727877e-07,3.828527983e-05,0.00992968,3.35442e-05
4000.0,1.342236588e-07,4.263606161e-05,0.00992961,3.3581e-05
4000.0,1.344520666e-07,4.244262232e-05,0.00992955,3.35108e-05
4000.0,1.344451741e-07,4.589328655e-05,0.00992956,3.34572e-05
4000.0,1.344041338e-07,4.14333363e-05,0.00992967,3.35819e-05
4000.0,1.343957277e-07,4.736951914e-05,0.00992965,3.34016e-05
4000.0,1.343191839e-07,3.851635359e-05,0.00992958,3.34295e-05
4000.0,1.343938269e-07,4.914568213e-05,0.00992963,3.34984e-05
4000.0,1.34440733e-07,4.481895377e-05,0.00992955,3.35398e-05
4000.0,1.340382228e-07,3.831481469e-05,0.00992962,3.35254e-05
4000.0,1.34531901e-07,3.515467853e-05,0.00992965,3.35911e-05
4000.0,1.343326884e-07,3.7313584e-05,0.00992963,3.35254e-05
4000.0,1.340781465e-07,4.123184777e-05,0.00992973,3.3551e-05
4000.0,1.339715953e-07,2.927065213e-05,0.00992968,3.35017e-05
Freq,4000,Rs,4.0236480031874994e-05,5.149994453534562e-06,Ls,1.34310619025e-07,1.9047603266684153e-10
":SOUR:DCS:STAT OFF;:BIAS:STAT OFF;:COMP:BIN:COUN:CLE;:LIST:CLE:ALL;:COMP:BIN:CLE;:AMPL:ALC OFF;:APER MED,4;:BIAS:POL:AUTO OFF;:BIAS:RANG:AUTO ON;:BIAS:VOLT:LEV 0;:COMP:ABIN OFF;:COMP:BIN:COUN:STAT OFF;:COMP:MODE PTOL;:COMP:SLIM -9.9e+037,9.9e+037;:COMP:STAT OFF;:COMP:SWAP OFF;:COMP:TOL:NOM 0;:DISP:ENAB ON;:DISP:LINE """";:DISP:WIND:TEXT1:DATA:FMSD:DATA 1e-009;:DISP:WIND:TEXT2:DATA:FMSD:DATA 1e-009;:FORM:ASC:LONG ON;:FORM:BORD NORM;:FORM:DATA ASC,64;:FREQ:CW 4000;:FUNC:DEV1:MODE OFF;:FUNC:DEV1:REF:VAL 0;:FUNC:DEV2:MODE OFF;:FUNC:DEV2:REF:VAL 0;:FUNC:IMP:TYPE LSRS;:FUNC:SMON:IDC:STAT OFF;:FUNC:SMON:VDC:STAT OFF;:INIT:CONT OFF;:LIST:MODE SEQ;:LIST:STIM:TYPE FREQ,NONE;:SOUR:DCS:VOLT:LEV 0;:TRIG:DEL 0;:TRIG:SOUR INT;:TRIG:TDEL 0;:VOLT:LEV 1;:DISP:WIND:TEXT1:DATA:FMSD:STAT OFF;:DISP:WIND:TEXT2:DATA:FMSD:STAT OFF;:FUNC:DCR:RANG:VAL 100;:FUNC:IMP:RANG:VAL 1;:OUTP:DC:ISOL:LEV:VAL 0.02;:OUTP:DC:ISOL:STAT OFF;:FUNC:DCR:RANG:AUTO ON;:FUNC:IMP:RANG:AUTO ON;:OUTP:DC:ISOL:LEV:AUTO ON;:DISP:PAGE MEASurement;
"
5000.0,1.349495985e-07,4.906666451e-05,0.00991701,4.20375e-05
5000.0,1.347100736e-07,4.910626697e-05,0.00991714,4.19908e-05
5000.0,1.351065248e-07,5.296750735e-05,0.00991694,4.21088e-05
5000.0,1.349090872e-07,5.569794726e-05,0.00991699,4.20587e-05
5000.0,1.351651855e-07,5.970481173e-05,0.00991696,4.21595e-05
5000.0,1.352652278e-07,4.993034469e-05,0.00991701,4.20534e-05
5000.0,1.349458674e-07,5.064136504e-05,0.00991696,4.20735e-05
5000.0,1.348360957e-07,4.914075953e-05,0.009917,4.1979e-05
5000.0,1.349184893e-07,5.281904567e-05,0.00991688,4.20177e-05
5000.0,1.34750081e-07,5.483625439e-05,0.00991686,4.20425e-05
5000.0,1.350223509e-07,6.105809335e-05,0.009917,4.20808e-05
5000.0,1.350846716e-07,5.697404803e-05,0.00991703,4.20956e-05
5000.0,1.351822897e-07,4.321616096e-05,0.00991701,4.20629e-05
5000.0,1.351855593e-07,4.681707841e-05,0.00991703,4.20366e-05
5000.0,1.349754598e-07,4.571957641e-05,0.00991686,4.20692e-05
5000.0,1.348406111e-07,5.478794211e-05,0.00991706,4.20089e-05
Freq,5000,Rs,5.2030241650624995e-05,4.979848533421912e-06,Ls,1.3499044832499998e-07,1.6383298709605587e-10
":SOUR:DCS:STAT OFF;:BIAS:STAT OFF;:COMP:BIN:COUN:CLE;:LIST:CLE:ALL;:COMP:BIN:CLE;:AMPL:ALC OFF;:APER MED,4;:BIAS:POL:AUTO OFF;:BIAS:RANG:AUTO ON;:BIAS:VOLT:LEV 0;:COMP:ABIN OFF;:COMP:BIN:COUN:STAT OFF;:COMP:MODE PTOL;:COMP:SLIM -9.9e+037,9.9e+037;:COMP:STAT OFF;:COMP:SWAP OFF;:COMP:TOL:NOM 0;:DISP:ENAB ON;:DISP:LINE """";:DISP:WIND:TEXT1:DATA:FMSD:DATA 1e-009;:DISP:WIND:TEXT2:DATA:FMSD:DATA 1e-009;:FORM:ASC:LONG ON;:FORM:BORD NORM;:FORM:DATA ASC,64;:FREQ:CW 5000;:FUNC:DEV1:MODE OFF;:FUNC:DEV1:REF:VAL 0;:FUNC:DEV2:MODE OFF;:FUNC:DEV2:REF:VAL 0;:FUNC:IMP:TYPE LSRS;:FUNC:SMON:IDC:STAT OFF;:FUNC:SMON:VDC:STAT OFF;:INIT:CONT OFF;:LIST:MODE SEQ;:LIST:STIM:TYPE FREQ,NONE;:SOUR:DCS:VOLT:LEV 0;:TRIG:DEL 0;:TRIG:SOUR INT;:TRIG:TDEL 0;:VOLT:LEV 1;:DISP:WIND:TEXT1:DATA:FMSD:STAT OFF;:DISP:WIND:TEXT2:DATA:FMSD:STAT OFF;:FUNC:DCR:RANG:VAL 100;:FUNC:IMP:RANG:VAL 1;:OUTP:DC:ISOL:LEV:VAL 0.02;:OUTP:DC:ISOL:STAT OFF;:FUNC:DCR:RANG:AUTO ON;:FUNC:IMP:RANG:AUTO ON;:OUTP:DC:ISOL:LEV:AUTO ON;:DISP:PAGE MEASurement;
"
6000.0,1.35222135e-07,6.162288687e-05,0.0099216,5.05937e-05
6000.0,1.353042794e-07,6.39310298e-05,0.00992159,5.05497e-05
6000.0,1.351868945e-07,6.25409107e-05,0.00992158,5.05786e-05
6000.0,1.35141323e-07,5.49191651e-05,0.00992168,5.05684e-05
6000.0,1.351115251e-07,6.147285996e-05,0.00992163,5.05767e-05
6000.0,1.352401464e-07,6.080663864e-05,0.0099217,5.05634e-05
6000.0,1.351131702e-07,6.196953562e-05,0.00992163,5.05913e-05
6000.0,1.354019375e-07,5.95476188e-05,0.00992173,5.05569e-05
6000.0,1.352081657e-07,6.115096932e-05,0.00992176,5.05574e-05
6000.0,1.351426585e-07,6.051535656e-05,0.00992161,5.05675e-05
6000.0,1.352796895e-07,6.373459701e-05,0.00992163,5.06106e-05
6000.0,1.351258829e-07,6.203906603e-05,0.00992167,5.05695e-05
6000.0,1.353067337e-07,6.140774689e-05,0.00992168,5.05529e-05
6000.0,1.352082077e-07,6.123336972e-05,0.00992161,5.06131e-05
6000.0,1.351938745e-07,6.104749656e-05,0.00992171,5.05618e-05
6000.0,1.352672763e-07,6.651812439e-05,0.00992175,5.05541e-05
Freq,6000,Rs,6.1528585748125e-05,2.403578632293093e-06,Ls,1.3521586874375e-07,8.162070467838242e-11
":SOUR:DCS:STAT OFF;:BIAS:STAT OFF;:COMP:BIN:COUN:CLE;:LIST:CLE:ALL;:COMP:BIN:CLE;:AMPL:ALC OFF;:APER MED,4;:BIAS:POL:AUTO OFF;:BIAS:RANG:AUTO ON;:BIAS:VOLT:LEV 0;:COMP:ABIN OFF;:COMP:BIN:COUN:STAT OFF;:COMP:MODE PTOL;:COMP:SLIM -9.9e+037,9.9e+037;:COMP:STAT OFF;:COMP:SWAP OFF;:COMP:TOL:NOM 0;:DISP:ENAB ON;:DISP:LINE """";:DISP:WIND:TEXT1:DATA:FMSD:DATA 1e-009;:DISP:WIND:TEXT2:DATA:FMSD:DATA 1e-009;:FORM:ASC:LONG ON;:FORM:BORD NORM;:FORM:DATA ASC,64;:FREQ:CW 6000;:FUNC:DEV1:MODE OFF;:FUNC:DEV1:REF:VAL 0;:FUNC:DEV2:MODE OFF;:FUNC:DEV2:REF:VAL 0;:FUNC:IMP:TYPE LSRS;:FUNC:SMON:IDC:STAT OFF;:FUNC:SMON:VDC:STAT OFF;:INIT:CONT OFF;:LIST:MODE SEQ;:LIST:STIM:TYPE FREQ,NONE;:SOUR:DCS:VOLT:LEV 0;:TRIG:DEL 0;:TRIG:SOUR INT;:TRIG:TDEL 0;:VOLT:LEV 1;:DISP:WIND:TEXT1:DATA:FMSD:STAT OFF;:DISP:WIND:TEXT2:DATA:FMSD:STAT OFF;:FUNC:DCR:RANG:VAL 100;:FUNC:IMP:RANG:VAL 1;:OUTP:DC:ISOL:LEV:VAL 0.02;:OUTP:DC:ISOL:STAT OFF;:FUNC:DCR:RANG:AUTO ON;:FUNC:IMP:RANG:AUTO ON;:OUTP:DC:ISOL:LEV:AUTO ON;:DISP:PAGE MEASurement;
"
7000.0,1.353317398e-07,6.863169238e-05,0.00992435,5.9041e-05
7000.0,1.351479873e-07,6.956763453e-05,0.00992436,5.90476e-05
7000.0,1.352007685e-07,6.877665243e-05,0.00992427,5.90338e-05
7000.0,1.352775609e-07,7.101134737e-05,0.00992439,5.90422e-05
7000.0,1.352448303e-07,6.601744631e-05,0.00992436,5.90528e-05
7000.0,1.351988665e-07,6.716447434e-05,0.00992427,5.90605e-05
7000.0,1.352259554e-07,7.034971211e-05,0.00992436,5.9055e-05
7000.0,1.352542383e-07,6.983486371e-05,0.00992438,5.90451e-05
7000.0,1.351601906e-07,6.83124505e-05,0.00992447,5.90387e-05
7000.0,1.352153736e-07,7.106835362e-05,0.00992429,5.90193e-05
7000.0,1.351171659e-07,6.851874472e-05,0.00992424,5.90424e-05
7000.0,1.352892751e-07,6.774976825e-05,0.00992432,5.90871e-05
7000.0,1.351694461e-07,6.623558001e-05,0.00992428,5.90485e-05
7000.0,1.352719011e-07,6.647228788e-05,0.00992435,5.90437e-05
7000.0,1.352557555e-07,7.001265168e-05,0.00992436,5.90276e-05
7000.0,1.351622493e-07,6.91009334e-05,0.00992433,5.9063e-05
Freq,7000,Rs,6.86765370775e-05,1.6181307179916415e-06,Ls,1.352202065125e-07,5.913848917553698e-11
":SOUR:DCS:STAT OFF;:BIAS:STAT OFF;:COMP:BIN:COUN:CLE;:LIST:CLE:ALL;:COMP:BIN:CLE;:AMPL:ALC OFF;:APER MED,4;:BIAS:POL:AUTO OFF;:BIAS:RANG:AUTO ON;:BIAS:VOLT:LEV 0;:COMP:ABIN OFF;:COMP:BIN:COUN:STAT OFF;:COMP:MODE PTOL;:COMP:SLIM -9.9e+037,9.9e+037;:COMP:STAT OFF;:COMP:SWAP OFF;:COMP:TOL:NOM 0;:DISP:ENAB ON;:DISP:LINE """";:DISP:WIND:TEXT1:DATA:FMSD:DATA 1e-009;:DISP:WIND:TEXT2:DATA:FMSD:DATA 1e-009;:FORM:ASC:LONG ON;:FORM:BORD NORM;:FORM:DATA ASC,64;:FREQ:CW 7000;:FUNC:DEV1:MODE OFF;:FUNC:DEV1:REF:VAL 0;:FUNC:DEV2:MODE OFF;:FUNC:DEV2:REF:VAL 0;:FUNC:IMP:TYPE LSRS;:FUNC:SMON:IDC:STAT OFF;:FUNC:SMON:VDC:STAT OFF;:INIT:CONT OFF;:LIST:MODE SEQ;:LIST:STIM:TYPE FREQ,NONE;:SOUR:DCS:VOLT:LEV 0;:TRIG:DEL 0;:TRIG:SOUR INT;:TRIG:TDEL 0;:VOLT:LEV 1;:DISP:WIND:TEXT1:DATA:FMSD:STAT OFF;:DISP:WIND:TEXT2:DATA:FMSD:STAT OFF;:FUNC:DCR:RANG:VAL 100;:FUNC:IMP:RANG:VAL 1;:OUTP:DC:ISOL:LEV:VAL 0.02;:OUTP:DC:ISOL:STAT OFF;:FUNC:DCR:RANG:AUTO ON;:FUNC:IMP:RANG:AUTO ON;:OUTP:DC:ISOL:LEV:AUTO ON;:DISP:PAGE MEASurement;
"
8000.0,1.352470069e-07,7.55263315e-05,0.00992589,6.74959e-05
8000.0,1.35284889e-07,7.672154195e-05,0.00992606,6.74573e-05
8000.0,1.352813528e-07,7.981092787e-05,0.00992607,6.74629e-05
8000.0,1.352312167e-07,7.891630551e-05,0.00992601,6.74819e-05
8000.0,1.351922328e-07,8.158763917e-05,0.00992595,6.74986e-05
8000.0,1.3520947e-07,7.983859669e-05,0.00992599,6.75335e-05
8000.0,1.352479439e-07,8.082944045e-05,0.00992607,6.75434e-05
8000.0,1.351726772e-07,8.190009748e-05,0.00992596,6.74681e-05
8000.0,1.35216948e-07,8.398160655e-05,0.00992589,6.74959e-05
8000.0,1.352796333e-07,8.129876506e-05,0.00992591,6.74956e-05
8000.0,1.35224487e-07,7.741953212e-05,0.009926,6.7476e-05
8000.0,1.352030891e-07,7.971071425e-05,0.00992594,6.75175e-05
8000.0,1.352878797e-07,8.158793316e-05,0.0099261,6.74864e-05
8000.0,1.353073368e-07,8.352570908e-05,0.00992604,6.74343e-05
8000.0,1.352273998e-07,7.614550472e-05,0.00992603,6.74557e-05
8000.0,1.352807695e-07,7.748542402e-05,0.00992587,6.7516e-05
Freq,8000,Rs,7.976787934875e-05,2.5608581210863808e-06,Ls,1.3524339578125e-07,3.9857209896316197e-11
":SOUR:DCS:STAT OFF;:BIAS:STAT OFF;:COMP:BIN:COUN:CLE;:LIST:CLE:ALL;:COMP:BIN:CLE;:AMPL:ALC OFF;:APER MED,4;:BIAS:POL:AUTO OFF;:BIAS:RANG:AUTO ON;:BIAS:VOLT:LEV 0;:COMP:ABIN OFF;:COMP:BIN:COUN:STAT OFF;:COMP:MODE PTOL;:COMP:SLIM -9.9e+037,9.9e+037;:COMP:STAT OFF;:COMP:SWAP OFF;:COMP:TOL:NOM 0;:DISP:ENAB ON;:DISP:LINE """";:DISP:WIND:TEXT1:DATA:FMSD:DATA 1e-009;:DISP:WIND:TEXT2:DATA:FMSD:DATA 1e-009;:FORM:ASC:LONG ON;:FORM:BORD NORM;:FORM:DATA ASC,64;:FREQ:CW 8000;:FUNC:DEV1:MODE OFF;:FUNC:DEV1:REF:VAL 0;:FUNC:DEV2:MODE OFF;:FUNC:DEV2:REF:VAL 0;:FUNC:IMP:TYPE LSRS;:FUNC:SMON:IDC:STAT OFF;:FUNC:SMON:VDC:STAT OFF;:INIT:CONT OFF;:LIST:MODE SEQ;:LIST:STIM:TYPE FREQ,NONE;:SOUR:DCS:VOLT:LEV 0;:TRIG:DEL 0;:TRIG:SOUR INT;:TRIG:TDEL 0;:VOLT:LEV 1;:DISP:WIND:TEXT1:DATA:FMSD:STAT OFF;:DISP:WIND:TEXT2:DATA:FMSD:STAT OFF;:FUNC:DCR:RANG:VAL 100;:FUNC:IMP:RANG:VAL 1;:OUTP:DC:ISOL:LEV:VAL 0.02;:OUTP:DC:ISOL:STAT OFF;:FUNC:DCR:RANG:AUTO ON;:FUNC:IMP:RANG:AUTO ON;:OUTP:DC:ISOL:LEV:AUTO ON;:DISP:PAGE MEASurement;
"
10000.0,1.352476392e-07,9.32591166e-05,0.0099257,8.43447e-05
10000.0,1.351956483e-07,0.0001030340201,0.00992559,8.4283e-05
10000.0,1.351699298e-07,9.534931754e-05,0.00992576,8.43146e-05
10000.0,1.35172516e-07,9.767663352e-05,0.00992575,8.4336e-05
10000.0,1.351938325e-07,0.000104668124,0.0099257,8.43258e-05
10000.0,1.351478963e-07,0.0001002442843,0.00992556,8.42882e-05
10000.0,1.351803665e-07,9.818643295e-05,0.00992566,8.43231e-05
10000.0,1.351739065e-07,9.698704655e-05,0.00992562,8.43161e-05
10000.0,1.352056117e-07,9.149035844e-05,0.00992555,8.42903e-05
10000.0,1.352326421e-07,9.719772729e-05,0.00992571,8.43177e-05
10000.0,1.351660916e-07,9.828123992e-05,0.00992566,8.43618e-05
10000.0,1.351341395e-07,9.947909243e-05,0.00992574,8.43044e-05
10000.0,1.352415342e-07,9.186853117e-05,0.00992565,8.43285e-05
10000.0,1.351224059e-07,0.0001001343393,0.00992565,8.42902e-05
10000.0,1.351936584e-07,9.724702839e-05,0.00992566,8.43417e-05
10000.0,1.351680194e-07,9.61524592e-05,0.00992568,8.43003e-05
Freq,10000,Rs,9.757848448125e-05,3.5970664533032293e-06,Ls,1.3518411486875e-07,3.570535900226981e-11
":SOUR:DCS:STAT OFF;:BIAS:STAT OFF;:COMP:BIN:COUN:CLE;:LIST:CLE:ALL;:COMP:BIN:CLE;:AMPL:ALC OFF;:APER MED,4;:BIAS:POL:AUTO OFF;:BIAS:RANG:AUTO ON;:BIAS:VOLT:LEV 0;:COMP:ABIN OFF;:COMP:BIN:COUN:STAT OFF;:COMP:MODE PTOL;:COMP:SLIM -9.9e+037,9.9e+037;:COMP:STAT OFF;:COMP:SWAP OFF;:COMP:TOL:NOM 0;:DISP:ENAB ON;:DISP:LINE """";:DISP:WIND:TEXT1:DATA:FMSD:DATA 1e-009;:DISP:WIND:TEXT2:DATA:FMSD:DATA 1e-009;:FORM:ASC:LONG ON;:FORM:BORD NORM;:FORM:DATA ASC,64;:FREQ:CW 10000;:FUNC:DEV1:MODE OFF;:FUNC:DEV1:REF:VAL 0;:FUNC:DEV2:MODE OFF;:FUNC:DEV2:REF:VAL 0;:FUNC:IMP:TYPE LSRS;:FUNC:SMON:IDC:STAT OFF;:FUNC:SMON:VDC:STAT OFF;:INIT:CONT OFF;:LIST:MODE SEQ;:LIST:STIM:TYPE FREQ,NONE;:SOUR:DCS:VOLT:LEV 0;:TRIG:DEL 0;:TRIG:SOUR INT;:TRIG:TDEL 0;:VOLT:LEV 1;:DISP:WIND:TEXT1:DATA:FMSD:STAT OFF;:DISP:WIND:TEXT2:DATA:FMSD:STAT OFF;:FUNC:DCR:RANG:VAL 100;:FUNC:IMP:RANG:VAL 1;:OUTP:DC:ISOL:LEV:VAL 0.02;:OUTP:DC:ISOL:STAT OFF;:FUNC:DCR:RANG:AUTO ON;:FUNC:IMP:RANG:AUTO ON;:OUTP:DC:ISOL:LEV:AUTO ON;:DISP:PAGE MEASurement;
"
12000.0,1.353418156e-07,0.0001207442239,0.00992455,0.000101317
12000.0,1.353715822e-07,0.0001207395387,0.00992457,0.000101332
12000.0,1.353648818e-07,0.0001217613286,0.00992457,0.000101329
12000.0,1.354238549e-07,0.0001193480704,0.0099244,0.000101328
12000.0,1.35381831e-07,0.0001124229794,0.00992446,0.0001013
12000.0,1.353343211e-07,0.0001180836094,0.00992451,0.000101354
12000.0,1.354627622e-07,0.0001178416779,0.00992456,0.000101307
12000.0,1.353894057e-07,0.0001150132425,0.00992459,0.000101313
12000.0,1.353865806e-07,0.0001140249886,0.0099246,0.000101313
12000.0,1.354234034e-07,0.0001203348107,0.00992466,0.000101319
12000.0,1.353749871e-07,0.0001175192634,0.00992458,0.000101301
12000.0,1.353632552e-07,0.000117347349,0.00992446,0.000101331
12000.0,1.353794096e-07,0.0001199000111,0.00992459,0.000101276
12000.0,1.353698151e-07,0.0001187821823,0.00992451,0.000101329
12000.0,1.353251229e-07,0.0001202144843,0.00992469,0.000101299
12000.0,1.353887747e-07,0.0001160769509,0.00992456,0.000101258
Freq,12000,Rs,0.00011813466944375,2.6520371173997577e-06,Ls,1.3538011269375e-07,3.476945914728938e-11
":SOUR:DCS:STAT OFF;:BIAS:STAT OFF;:COMP:BIN:COUN:CLE;:LIST:CLE:ALL;:COMP:BIN:CLE;:AMPL:ALC OFF;:APER MED,4;:BIAS:POL:AUTO OFF;:BIAS:RANG:AUTO ON;:BIAS:VOLT:LEV 0;:COMP:ABIN OFF;:COMP:BIN:COUN:STAT OFF;:COMP:MODE PTOL;:COMP:SLIM -9.9e+037,9.9e+037;:COMP:STAT OFF;:COMP:SWAP OFF;:COMP:TOL:NOM 0;:DISP:ENAB ON;:DISP:LINE """";:DISP:WIND:TEXT1:DATA:FMSD:DATA 1e-009;:DISP:WIND:TEXT2:DATA:FMSD:DATA 1e-009;:FORM:ASC:LONG ON;:FORM:BORD NORM;:FORM:DATA ASC,64;:FREQ:CW 12000;:FUNC:DEV1:MODE OFF;:FUNC:DEV1:REF:VAL 0;:FUNC:DEV2:MODE OFF;:FUNC:DEV2:REF:VAL 0;:FUNC:IMP:TYPE LSRS;:FUNC:SMON:IDC:STAT OFF;:FUNC:SMON:VDC:STAT OFF;:INIT:CONT OFF;:LIST:MODE SEQ;:LIST:STIM:TYPE FREQ,NONE;:SOUR:DCS:VOLT:LEV 0;:TRIG:DEL 0;:TRIG:SOUR INT;:TRIG:TDEL 0;:VOLT:LEV 1;:DISP:WIND:TEXT1:DATA:FMSD:STAT OFF;:DISP:WIND:TEXT2:DATA:FMSD:STAT OFF;:FUNC:DCR:RANG:VAL 100;:FUNC:IMP:RANG:VAL 1;:OUTP:DC:ISOL:LEV:VAL 0.02;:OUTP:DC:ISOL:STAT OFF;:FUNC:DCR:RANG:AUTO ON;:FUNC:IMP:RANG:AUTO ON;:OUTP:DC:ISOL:LEV:AUTO ON;:DISP:PAGE MEASurement;
"
14000.0,1.352157374e-07,0.000146717497,0.00992472,0.000118078
14000.0,1.352167831e-07,0.0001486501515,0.00992482,0.000118094
14000.0,1.352191312e-07,0.0001379252663,0.00992481,0.00011803
14000.0,1.352402396e-07,0.0001464602899,0.0099248,0.000118092
14000.0,1.352368261e-07,0.0001427621068,0.00992474,0.000118073
14000.0,1.3521219e-07,0.0001414675344,0.00992477,0.000118047
14000.0,1.351933089e-07,0.0001385955779,0.00992469,0.000118032
14000.0,1.351960496e-07,0.000139320348,0.00992491,0.000118085
14000.0,1.352172271e-07,0.0001398128693,0.00992486,0.000118061
14000.0,1.351926561e-07,0.0001414500826,0.00992484,0.000118018
14000.0,1.352078068e-07,0.0001436565642,0.00992484,0.000118065
14000.0,1.352392011e-07,0.0001380023727,0.00992492,0.000118089
14000.0,1.351853334e-07,0.0001421611692,0.00992484,0.000118044
14000.0,1.352312752e-07,0.0001388365796,0.00992489,0.000118036
14000.0,1.352373853e-07,0.000141607306,0.00992477,0.000118079
14000.0,1.352187112e-07,0.0001417247133,0.00992479,0.000118042
Freq,14000,Rs,0.00014182190179375,3.226750227621173e-06,Ls,1.3521624138125e-07,1.779246351544001e-11
":SOUR:DCS:STAT OFF;:BIAS:STAT OFF;:COMP:BIN:COUN:CLE;:LIST:CLE:ALL;:COMP:BIN:CLE;:AMPL:ALC OFF;:APER MED,4;:BIAS:POL:AUTO OFF;:BIAS:RANG:AUTO ON;:BIAS:VOLT:LEV 0;:COMP:ABIN OFF;:COMP:BIN:COUN:STAT OFF;:COMP:MODE PTOL;:COMP:SLIM -9.9e+037,9.9e+037;:COMP:STAT OFF;:COMP:SWAP OFF;:COMP:TOL:NOM 0;:DISP:ENAB ON;:DISP:LINE """";:DISP:WIND:TEXT1:DATA:FMSD:DATA 1e-009;:DISP:WIND:TEXT2:DATA:FMSD:DATA 1e-009;:FORM:ASC:LONG ON;:FORM:BORD NORM;:FORM:DATA ASC,64;:FREQ:CW 14000;:FUNC:DEV1:MODE OFF;:FUNC:DEV1:REF:VAL 0;:FUNC:DEV2:MODE OFF;:FUNC:DEV2:REF:VAL 0;:FUNC:IMP:TYPE LSRS;:FUNC:SMON:IDC:STAT OFF;:FUNC:SMON:VDC:STAT OFF;:INIT:CONT OFF;:LIST:MODE SEQ;:LIST:STIM:TYPE FREQ,NONE;:SOUR:DCS:VOLT:LEV 0;:TRIG:DEL 0;:TRIG:SOUR INT;:TRIG:TDEL 0;:VOLT:LEV 1;:DISP:WIND:TEXT1:DATA:FMSD:STAT OFF;:DISP:WIND:TEXT2:DATA:FMSD:STAT OFF;:FUNC:DCR:RANG:VAL 100;:FUNC:IMP:RANG:VAL 1;:OUTP:DC:ISOL:LEV:VAL 0.02;:OUTP:DC:ISOL:STAT OFF;:FUNC:DCR:RANG:AUTO ON;:FUNC:IMP:RANG:AUTO ON;:OUTP:DC:ISOL:LEV:AUTO ON;:DISP:PAGE MEASurement;
"
16000.0,1.351050124e-07,0.0001668998711,0.00992438,0.000134894
16000.0,1.351429674e-07,0.0001654634596,0.00992435,0.000134833
16000.0,1.351535291e-07,0.0001679073614,0.00992438,0.000134862
16000.0,1.3512814e-07,0.0001652760116,0.00992428,0.000134844
16000.0,1.351381031e-07,0.0001631073178,0.00992445,0.000134805
16000.0,1.35116733e-07,0.0001667578674,0.00992448,0.000134848
16000.0,1.351068485e-07,0.0001656482353,0.00992432,0.000134817
16000.0,1.351075856e-07,0.0001619465382,0.00992436,0.00013483
16000.0,1.351543237e-07,0.000164743087,0.00992431,0.000134875
16000.0,1.351596682e-07,0.0001650295437,0.00992434,0.000134819
16000.0,1.351461022e-07,0.0001660178877,0.00992434,0.00013481
16000.0,1.351271158e-07,0.0001654272461,0.00992436,0.000134888
16000.0,1.35124011e-07,0.0001672846,0.0099243,0.000134819
16000.0,1.351396934e-07,0.0001656052066,0.00992447,0.000134843
16000.0,1.351389714e-07,0.0001637628383,0.0099244,0.000134815
16000.0,1.351302764e-07,0.0001640014428,0.00992428,0.000134849
Freq,16000,Rs,0.00016530490716249997,1.563773103817676e-06,Ls,1.35132442575e-07,1.7289804830885337e-11
":SOUR:DCS:STAT OFF;:BIAS:STAT OFF;:COMP:BIN:COUN:CLE;:LIST:CLE:ALL;:COMP:BIN:CLE;:AMPL:ALC OFF;:APER MED,4;:BIAS:POL:AUTO OFF;:BIAS:RANG:AUTO ON;:BIAS:VOLT:LEV 0;:COMP:ABIN OFF;:COMP:BIN:COUN:STAT OFF;:COMP:MODE PTOL;:COMP:SLIM -9.9e+037,9.9e+037;:COMP:STAT OFF;:COMP:SWAP OFF;:COMP:TOL:NOM 0;:DISP:ENAB ON;:DISP:LINE """";:DISP:WIND:TEXT1:DATA:FMSD:DATA 1e-009;:DISP:WIND:TEXT2:DATA:FMSD:DATA 1e-009;:FORM:ASC:LONG ON;:FORM:BORD NORM;:FORM:DATA ASC,64;:FREQ:CW 16000;:FUNC:DEV1:MODE OFF;:FUNC:DEV1:REF:VAL 0;:FUNC:DEV2:MODE OFF;:FUNC:DEV2:REF:VAL 0;:FUNC:IMP:TYPE LSRS;:FUNC:SMON:IDC:STAT OFF;:FUNC:SMON:VDC:STAT OFF;:INIT:CONT OFF;:LIST:MODE SEQ;:LIST:STIM:TYPE FREQ,NONE;:SOUR:DCS:VOLT:LEV 0;:TRIG:DEL 0;:TRIG:SOUR INT;:TRIG:TDEL 0;:VOLT:LEV 1;:DISP:WIND:TEXT1:DATA:FMSD:STAT OFF;:DISP:WIND:TEXT2:DATA:FMSD:STAT OFF;:FUNC:DCR:RANG:VAL 100;:FUNC:IMP:RANG:VAL 1;:OUTP:DC:ISOL:LEV:VAL 0.02;:OUTP:DC:ISOL:STAT OFF;:FUNC:DCR:RANG:AUTO ON;:FUNC:IMP:RANG:AUTO ON;:OUTP:DC:ISOL:LEV:AUTO ON;:DISP:PAGE MEASurement;
"
16500.0,1.350431652e-07,0.0001743946074,0.00992665,0.000139044
16500.0,1.350894229e-07,0.0001683271951,0.00992657,0.000139025
16500.0,1.351158116e-07,0.0001660613435,0.00992667,0.000138989
16500.0,1.350938756e-07,0.000171524264,0.00992657,0.000139046
16500.0,1.351318725e-07,0.0001758221033,0.00992665,0.000139054
16500.0,1.351154636e-07,0.0001641819286,0.0099266,0.000139019
16500.0,1.350548402e-07,0.0001714176984,0.00992663,0.000139043
16500.0,1.350953602e-07,0.0001682624204,0.00992658,0.000139047
16500.0,1.349762697e-07,0.0001770206942,0.00992667,0.000138994
16500.0,1.350160292e-07,0.0001742715048,0.00992661,0.000139011
16500.0,1.350908814e-07,0.0001776806122,0.00992665,0.000139055
16500.0,1.351170099e-07,0.0001741009054,0.00992659,0.000138936
16500.0,1.350935543e-07,0.0001646797602,0.00992667,0.000139024
16500.0,1.350636875e-07,0.0001734181118,0.0099265,0.000139064
16500.0,1.351320958e-07,0.000177467137,0.00992646,0.000138997
16500.0,1.351107439e-07,0.0001685388947,0.00992653,0.000139006
Freq,16500,Rs,0.0001716980738125,4.530006603102749e-06,Ls,1.3508375521875e-07,4.3175376242472325e-11
":SOUR:DCS:STAT OFF;:BIAS:STAT OFF;:COMP:BIN:COUN:CLE;:LIST:CLE:ALL;:COMP:BIN:CLE;:AMPL:ALC OFF;:APER MED,4;:BIAS:POL:AUTO OFF;:BIAS:RANG:AUTO ON;:BIAS:VOLT:LEV 0;:COMP:ABIN OFF;:COMP:BIN:COUN:STAT OFF;:COMP:MODE PTOL;:COMP:SLIM -9.9e+037,9.9e+037;:COMP:STAT OFF;:COMP:SWAP OFF;:COMP:TOL:NOM 0;:DISP:ENAB ON;:DISP:LINE """";:DISP:WIND:TEXT1:DATA:FMSD:DATA 1e-009;:DISP:WIND:TEXT2:DATA:FMSD:DATA 1e-009;:FORM:ASC:LONG ON;:FORM:BORD NORM;:FORM:DATA ASC,64;:FREQ:CW 16500;:FUNC:DEV1:MODE OFF;:FUNC:DEV1:REF:VAL 0;:FUNC:DEV2:MODE OFF;:FUNC:DEV2:REF:VAL 0;:FUNC:IMP:TYPE LSRS;:FUNC:SMON:IDC:STAT OFF;:FUNC:SMON:VDC:STAT OFF;:INIT:CONT OFF;:LIST:MODE SEQ;:LIST:STIM:TYPE FREQ,NONE;:SOUR:DCS:VOLT:LEV 0;:TRIG:DEL 0;:TRIG:SOUR INT;:TRIG:TDEL 0;:VOLT:LEV 1;:DISP:WIND:TEXT1:DATA:FMSD:STAT OFF;:DISP:WIND:TEXT2:DATA:FMSD:STAT OFF;:FUNC:DCR:RANG:VAL 100;:FUNC:IMP:RANG:VAL 1;:OUTP:DC:ISOL:LEV:VAL 0.02;:OUTP:DC:ISOL:STAT OFF;:FUNC:DCR:RANG:AUTO ON;:FUNC:IMP:RANG:AUTO ON;:OUTP:DC:ISOL:LEV:AUTO ON;:DISP:PAGE MEASurement;
"
17000.0,1.350553645e-07,0.000176560898,0.00992896,0.000143141
17000.0,1.35041225e-07,0.0001777664236,0.00992896,0.000143153
17000.0,1.350472571e-07,0.0001810985689,0.00992892,0.000143239
17000.0,1.350290269e-07,0.0001721165166,0.00992892,0.000143213
17000.0,1.350252757e-07,0.0001746974176,0.00992887,0.000143152
17000.0,1.350524095e-07,0.0001841718148,0.0099289,0.000143133
17000.0,1.350867503e-07,0.0001736265079,0.00992892,0.000143194
17000.0,1.350112425e-07,0.0001803896052,0.00992884,0.000143263
17000.0,1.350551365e-07,0.0001746349102,0.00992888,0.000143162
17000.0,1.34979739e-07,0.0001776032107,0.00992874,0.000143202
17000.0,1.350803582e-07,0.0001803255978,0.00992884,0.00014328
17000.0,1.350365439e-07,0.0001772514856,0.00992876,0.000143237
17000.0,1.350509078e-07,0.0001729812553,0.00992885,0.000143325
17000.0,1.350157418e-07,0.0001796867736,0.00992885,0.000143283
17000.0,1.349972545e-07,0.000179813764,0.00992884,0.000143186
17000.0,1.35073569e-07,0.0001836683182,0.00992885,0.000143161
Freq,17000,Rs,0.00017789956674999998,3.659865284309484e-06,Ls,1.350398626375e-07,2.938985387065999e-11
":SOUR:DCS:STAT OFF;:BIAS:STAT OFF;:COMP:BIN:COUN:CLE;:LIST:CLE:ALL;:COMP:BIN:CLE;:AMPL:ALC OFF;:APER MED,4;:BIAS:POL:AUTO OFF;:BIAS:RANG:AUTO ON;:BIAS:VOLT:LEV 0;:COMP:ABIN OFF;:COMP:BIN:COUN:STAT OFF;:COMP:MODE PTOL;:COMP:SLIM -9.9e+037,9.9e+037;:COMP:STAT OFF;:COMP:SWAP OFF;:COMP:TOL:NOM 0;:DISP:ENAB ON;:DISP:LINE """";:DISP:WIND:TEXT1:DATA:FMSD:DATA 1e-009;:DISP:WIND:TEXT2:DATA:FMSD:DATA 1e-009;:FORM:ASC:LONG ON;:FORM:BORD NORM;:FORM:DATA ASC,64;:FREQ:CW 17000;:FUNC:DEV1:MODE OFF;:FUNC:DEV1:REF:VAL 0;:FUNC:DEV2:MODE OFF;:FUNC:DEV2:REF:VAL 0;:FUNC:IMP:TYPE LSRS;:FUNC:SMON:IDC:STAT OFF;:FUNC:SMON:VDC:STAT OFF;:INIT:CONT OFF;:LIST:MODE SEQ;:LIST:STIM:TYPE FREQ,NONE;:SOUR:DCS:VOLT:LEV 0;:TRIG:DEL 0;:TRIG:SOUR INT;:TRIG:TDEL 0;:VOLT:LEV 1;:DISP:WIND:TEXT1:DATA:FMSD:STAT OFF;:DISP:WIND:TEXT2:DATA:FMSD:STAT OFF;:FUNC:DCR:RANG:VAL 100;:FUNC:IMP:RANG:VAL 1;:OUTP:DC:ISOL:LEV:VAL 0.02;:OUTP:DC:ISOL:STAT OFF;:FUNC:DCR:RANG:AUTO ON;:FUNC:IMP:RANG:AUTO ON;:OUTP:DC:ISOL:LEV:AUTO ON;:DISP:PAGE MEASurement;
"
17500.0,1.349194157e-07,0.0001890229315,0.00993112,0.000147423
17500.0,1.350321653e-07,0.0001831286395,0.00993106,0.00014749
17500.0,1.350736047e-07,0.0001836428462,0.00993116,0.000147479
17500.0,1.349454912e-07,0.000192018141,0.00993103,0.000147466
17500.0,1.34957823e-07,0.0001764172162,0.00993121,0.00014738
17500.0,1.350409237e-07,0.0001819778456,0.00993097,0.000147351
17500.0,1.349987348e-07,0.0001790992011,0.00993111,0.00014741
17500.0,1.350048135e-07,0.0001811406333,0.00993111,0.00014745
17500.0,1.349944476e-07,0.0001832102894,0.00993116,0.000147429
17500.0,1.349354707e-07,0.0001863076128,0.00993112,0.000147431
17500.0,1.349943623e-07,0.0001837426269,0.00993117,0.000147394
17500.0,1.349558925e-07,0.0001908653481,0.00993118,0.000147426
17500.0,1.350465517e-07,0.000181697012,0.00993136,0.000147484
17500.0,1.349685882e-07,0.0001911469804,0.00993115,0.000147455
17500.0,1.350671288e-07,0.000174035163,0.00993119,0.000147364
17500.0,1.350151939e-07,0.0001826171818,0.00993128,0.000147437
Freq,17500,Rs,0.00018375435429999999,5.1248708705490055e-06,Ls,1.3499691297499998e-07,4.7121295837478836e-11
":SOUR:DCS:STAT OFF;:BIAS:STAT OFF;:COMP:BIN:COUN:CLE;:LIST:CLE:ALL;:COMP:BIN:CLE;:AMPL:ALC OFF;:APER MED,4;:BIAS:POL:AUTO OFF;:BIAS:RANG:AUTO ON;:BIAS:VOLT:LEV 0;:COMP:ABIN OFF;:COMP:BIN:COUN:STAT OFF;:COMP:MODE PTOL;:COMP:SLIM -9.9e+037,9.9e+037;:COMP:STAT OFF;:COMP:SWAP OFF;:COMP:TOL:NOM 0;:DISP:ENAB ON;:DISP:LINE """";:DISP:WIND:TEXT1:DATA:FMSD:DATA 1e-009;:DISP:WIND:TEXT2:DATA:FMSD:DATA 1e-009;:FORM:ASC:LONG ON;:FORM:BORD NORM;:FORM:DATA ASC,64;:FREQ:CW 17500;:FUNC:DEV1:MODE OFF;:FUNC:DEV1:REF:VAL 0;:FUNC:DEV2:MODE OFF;:FUNC:DEV2:REF:VAL 0;:FUNC:IMP:TYPE LSRS;:FUNC:SMON:IDC:STAT OFF;:FUNC:SMON:VDC:STAT OFF;:INIT:CONT OFF;:LIST:MODE SEQ;:LIST:STIM:TYPE FREQ,NONE;:SOUR:DCS:VOLT:LEV 0;:TRIG:DEL 0;:TRIG:SOUR INT;:TRIG:TDEL 0;:VOLT:LEV 1;:DISP:WIND:TEXT1:DATA:FMSD:STAT OFF;:DISP:WIND:TEXT2:DATA:FMSD:STAT OFF;:FUNC:DCR:RANG:VAL 100;:FUNC:IMP:RANG:VAL 1;:OUTP:DC:ISOL:LEV:VAL 0.02;:OUTP:DC:ISOL:STAT OFF;:FUNC:DCR:RANG:AUTO ON;:FUNC:IMP:RANG:AUTO ON;:OUTP:DC:ISOL:LEV:AUTO ON;:DISP:PAGE MEASurement;
"
18000.0,1.34978195e-07,0.0001887866748,0.00993324,0.000151686
18000.0,1.349389747e-07,0.0001916526584,0.00993318,0.000151668
18000.0,1.349080607e-07,0.0001968487573,0.00993319,0.000151602
18000.0,1.349844704e-07,0.0001885943558,0.00993324,0.000151573
18000.0,1.349608859e-07,0.0001966287778,0.00993317,0.00015155
18000.0,1.349565645e-07,0.0001897053452,0.00993316,0.000151599
18000.0,1.350015502e-07,0.0001846094,0.00993321,0.000151592
18000.0,1.349535254e-07,0.0001863288185,0.00993317,0.000151575
18000.0,1.349979489e-07,0.0001891010621,0.00993334,0.00015168
18000.0,1.349350098e-07,0.0001816689429,0.00993319,0.000151654
18000.0,1.349299493e-07,0.0001861325245,0.00993326,0.000151666
18000.0,1.34914058e-07,0.0001891320889,0.00993316,0.000151704
18000.0,1.349825782e-07,0.000193810772,0.00993308,0.000151674
18000.0,1.348876879e-07,0.0001920676445,0.00993318,0.000151676
18000.0,1.349021188e-07,0.0001972370544,0.00993323,0.000151622
18000.0,1.350072134e-07,0.0001875232588,0.00993333,0.000151626
Freq,18000,Rs,0.00018998925849375,4.493537144282795e-06,Ls,1.3495242444375e-07,3.7708362685609345e-11
":SOUR:DCS:STAT OFF;:BIAS:STAT OFF;:COMP:BIN:COUN:CLE;:LIST:CLE:ALL;:COMP:BIN:CLE;:AMPL:ALC OFF;:APER MED,4;:BIAS:POL:AUTO OFF;:BIAS:RANG:AUTO ON;:BIAS:VOLT:LEV 0;:COMP:ABIN OFF;:COMP:BIN:COUN:STAT OFF;:COMP:MODE PTOL;:COMP:SLIM -9.9e+037,9.9e+037;:COMP:STAT OFF;:COMP:SWAP OFF;:COMP:TOL:NOM 0;:DISP:ENAB ON;:DISP:LINE """";:DISP:WIND:TEXT1:DATA:FMSD:DATA 1e-009;:DISP:WIND:TEXT2:DATA:FMSD:DATA 1e-009;:FORM:ASC:LONG ON;:FORM:BORD NORM;:FORM:DATA ASC,64;:FREQ:CW 18000;:FUNC:DEV1:MODE OFF;:FUNC:DEV1:REF:VAL 0;:FUNC:DEV2:MODE OFF;:FUNC:DEV2:REF:VAL 0;:FUNC:IMP:TYPE LSRS;:FUNC:SMON:IDC:STAT OFF;:FUNC:SMON:VDC:STAT OFF;:INIT:CONT OFF;:LIST:MODE SEQ;:LIST:STIM:TYPE FREQ,NONE;:SOUR:DCS:VOLT:LEV 0;:TRIG:DEL 0;:TRIG:SOUR INT;:TRIG:TDEL 0;:VOLT:LEV 1;:DISP:WIND:TEXT1:DATA:FMSD:STAT OFF;:DISP:WIND:TEXT2:DATA:FMSD:STAT OFF;:FUNC:DCR:RANG:VAL 100;:FUNC:IMP:RANG:VAL 1;:OUTP:DC:ISOL:LEV:VAL 0.02;:OUTP:DC:ISOL:STAT OFF;:FUNC:DCR:RANG:AUTO ON;:FUNC:IMP:RANG:AUTO ON;:OUTP:DC:ISOL:LEV:AUTO ON;:DISP:PAGE MEASurement;
"
18500.0,1.349607485e-07,0.000204740796,0.00993487,0.000155832
18500.0,1.349531102e-07,0.0001983257893,0.00993497,0.000155825
18500.0,1.349434379e-07,0.0001931768356,0.00993502,0.000155796
18500.0,1.349775939e-07,0.0001955192521,0.00993498,0.000155842
18500.0,1.349571578e-07,0.0001928763769,0.00993503,0.000155889
18500.0,1.34946092e-07,0.0001895824637,0.009935,0.000155881
18500.0,1.349424052e-07,0.0001911425617,0.00993504,0.000155776
18500.0,1.349751611e-07,0.0001949001123,0.00993508,0.000155891
18500.0,1.34947109e-07,0.0001938304997,0.00993521,0.000155882
18500.0,1.349480943e-07,0.0001933250483,0.00993497,0.000155925
18500.0,1.349362921e-07,0.0001941355211,0.00993505,0.000155833
18500.0,1.349472198e-07,0.0001808018687,0.00993503,0.000155831
18500.0,1.349641924e-07,0.0001931351587,0.00993503,0.000155834
18500.0,1.349961329e-07,0.0001966077164,0.00993507,0.000155826
18500.0,1.349132677e-07,0.0002003640282,0.00993505,0.000155887
18500.0,1.349732132e-07,0.0001930533623,0.00993491,0.000155882
Freq,18500,Rs,0.0001940948369375,5.101043843205957e-06,Ls,1.3495507675000002e-07,1.949357352503755e-11
":SOUR:DCS:STAT OFF;:BIAS:STAT OFF;:COMP:BIN:COUN:CLE;:LIST:CLE:ALL;:COMP:BIN:CLE;:AMPL:ALC OFF;:APER MED,4;:BIAS:POL:AUTO OFF;:BIAS:RANG:AUTO ON;:BIAS:VOLT:LEV 0;:COMP:ABIN OFF;:COMP:BIN:COUN:STAT OFF;:COMP:MODE PTOL;:COMP:SLIM -9.9e+037,9.9e+037;:COMP:STAT OFF;:COMP:SWAP OFF;:COMP:TOL:NOM 0;:DISP:ENAB ON;:DISP:LINE """";:DISP:WIND:TEXT1:DATA:FMSD:DATA 1e-009;:DISP:WIND:TEXT2:DATA:FMSD:DATA 1e-009;:FORM:ASC:LONG ON;:FORM:BORD NORM;:FORM:DATA ASC,64;:FREQ:CW 18500;:FUNC:DEV1:MODE OFF;:FUNC:DEV1:REF:VAL 0;:FUNC:DEV2:MODE OFF;:FUNC:DEV2:REF:VAL 0;:FUNC:IMP:TYPE LSRS;:FUNC:SMON:IDC:STAT OFF;:FUNC:SMON:VDC:STAT OFF;:INIT:CONT OFF;:LIST:MODE SEQ;:LIST:STIM:TYPE FREQ,NONE;:SOUR:DCS:VOLT:LEV 0;:TRIG:DEL 0;:TRIG:SOUR INT;:TRIG:TDEL 0;:VOLT:LEV 1;:DISP:WIND:TEXT1:DATA:FMSD:STAT OFF;:DISP:WIND:TEXT2:DATA:FMSD:STAT OFF;:FUNC:DCR:RANG:VAL 100;:FUNC:IMP:RANG:VAL 1;:OUTP:DC:ISOL:LEV:VAL 0.02;:OUTP:DC:ISOL:STAT OFF;:FUNC:DCR:RANG:AUTO ON;:FUNC:IMP:RANG:AUTO ON;:OUTP:DC:ISOL:LEV:AUTO ON;:DISP:PAGE MEASurement;
"
19000.0,1.348921221e-07,0.0001997203363,0.0099366,0.00016011
19000.0,1.348848815e-07,0.0001920475,0.00993673,0.000160088
19000.0,1.348877338e-07,0.0001996175744,0.0099367,0.00016009
19000.0,1.348790968e-07,0.0002029649154,0.00993658,0.000160038
19000.0,1.349214652e-07,0.0002019902752,0.00993654,0.000160062
19000.0,1.349445707e-07,0.0001939308933,0.00993652,0.000160065
19000.0,1.349112329e-07,0.0001922938646,0.00993658,0.000160051
19000.0,1.349644163e-07,0.0002005165931,0.0099365,0.000160003
19000.0,1.34933591e-07,0.0001974343789,0.00993652,0.000160068
19000.0,1.349346737e-07,0.0002026529307,0.00993659,0.000160024
19000.0,1.349319866e-07,0.0001951161274,0.00993659,0.000159943
19000.0,1.348916009e-07,0.000203400683,0.00993687,0.000160073
19000.0,1.348855242e-07,0.0001989501718,0.00993659,0.000160063
19000.0,1.349181511e-07,0.0002038977906,0.00993662,0.000160091
19000.0,1.348100922e-07,0.0001999137057,0.00993654,0.00016005
19000.0,1.348710133e-07,0.0001931117181,0.00993665,0.000160007
Freq,19000,Rs,0.00019859746615625,4.1151634956432015e-06,Ls,1.3490388451875e-07,3.6739173075347185e-11
":SOUR:DCS:STAT OFF;:BIAS:STAT OFF;:COMP:BIN:COUN:CLE;:LIST:CLE:ALL;:COMP:BIN:CLE;:AMPL:ALC OFF;:APER MED,4;:BIAS:POL:AUTO OFF;:BIAS:RANG:AUTO ON;:BIAS:VOLT:LEV 0;:COMP:ABIN OFF;:COMP:BIN:COUN:STAT OFF;:COMP:MODE PTOL;:COMP:SLIM -9.9e+037,9.9e+037;:COMP:STAT OFF;:COMP:SWAP OFF;:COMP:TOL:NOM 0;:DISP:ENAB ON;:DISP:LINE """";:DISP:WIND:TEXT1:DATA:FMSD:DATA 1e-009;:DISP:WIND:TEXT2:DATA:FMSD:DATA 1e-009;:FORM:ASC:LONG ON;:FORM:BORD NORM;:FORM:DATA ASC,64;:FREQ:CW 19000;:FUNC:DEV1:MODE OFF;:FUNC:DEV1:REF:VAL 0;:FUNC:DEV2:MODE OFF;:FUNC:DEV2:REF:VAL 0;:FUNC:IMP:TYPE LSRS;:FUNC:SMON:IDC:STAT OFF;:FUNC:SMON:VDC:STAT OFF;:INIT:CONT OFF;:LIST:MODE SEQ;:LIST:STIM:TYPE FREQ,NONE;:SOUR:DCS:VOLT:LEV 0;:TRIG:DEL 0;:TRIG:SOUR INT;:TRIG:TDEL 0;:VOLT:LEV 1;:DISP:WIND:TEXT1:DATA:FMSD:STAT OFF;:DISP:WIND:TEXT2:DATA:FMSD:STAT OFF;:FUNC:DCR:RANG:VAL 100;:FUNC:IMP:RANG:VAL 1;:OUTP:DC:ISOL:LEV:VAL 0.02;:OUTP:DC:ISOL:STAT OFF;:FUNC:DCR:RANG:AUTO ON;:FUNC:IMP:RANG:AUTO ON;:OUTP:DC:ISOL:LEV:AUTO ON;:DISP:PAGE MEASurement;
"
19500.0,1.349226413e-07,0.0001998650313,0.00993789,0.000164286
19500.0,1.348764664e-07,0.0001965186571,0.00993785,0.000164228
19500.0,1.349209494e-07,0.0002031653103,0.00993799,0.000164328
19500.0,1.348835386e-07,0.0002014709342,0.00993799,0.000164274
19500.0,1.348857581e-07,0.0002050917545,0.00993803,0.000164313
19500.0,1.348539404e-07,0.0002026292003,0.00993788,0.000164203
19500.0,1.348741209e-07,0.0001996187528,0.00993785,0.000164238
19500.0,1.349114281e-07,0.0002115375408,0.00993798,0.000164252
19500.0,1.348938024e-07,0.0002034302542,0.009938,0.000164229
19500.0,1.348686656e-07,0.0002056833633,0.0099379,0.000164233
19500.0,1.348624837e-07,0.0002065840215,0.00993796,0.000164269
19500.0,1.349203155e-07,0.0002044258059,0.00993794,0.000164283
19500.0,1.348428152e-07,0.0002047035488,0.00993808,0.000164265
19500.0,1.349299942e-07,0.0002047031955,0.00993805,0.000164294
19500.0,1.34886911e-07,0.0002062364477,0.00993792,0.000164293
19500.0,1.34901416e-07,0.0002117669541,0.00993796,0.000164255
Freq,19500,Rs,0.00020421442326875,3.9567672686367005e-06,Ls,1.34889702925e-07,2.6316044635686272e-11
":SOUR:DCS:STAT OFF;:BIAS:STAT OFF;:COMP:BIN:COUN:CLE;:LIST:CLE:ALL;:COMP:BIN:CLE;:AMPL:ALC OFF;:APER MED,4;:BIAS:POL:AUTO OFF;:BIAS:RANG:AUTO ON;:BIAS:VOLT:LEV 0;:COMP:ABIN OFF;:COMP:BIN:COUN:STAT OFF;:COMP:MODE PTOL;:COMP:SLIM -9.9e+037,9.9e+037;:COMP:STAT OFF;:COMP:SWAP OFF;:COMP:TOL:NOM 0;:DISP:ENAB ON;:DISP:LINE """";:DISP:WIND:TEXT1:DATA:FMSD:DATA 1e-009;:DISP:WIND:TEXT2:DATA:FMSD:DATA 1e-009;:FORM:ASC:LONG ON;:FORM:BORD NORM;:FORM:DATA ASC,64;:FREQ:CW 19500;:FUNC:DEV1:MODE OFF;:FUNC:DEV1:REF:VAL 0;:FUNC:DEV2:MODE OFF;:FUNC:DEV2:REF:VAL 0;:FUNC:IMP:TYPE LSRS;:FUNC:SMON:IDC:STAT OFF;:FUNC:SMON:VDC:STAT OFF;:INIT:CONT OFF;:LIST:MODE SEQ;:LIST:STIM:TYPE FREQ,NONE;:SOUR:DCS:VOLT:LEV 0;:TRIG:DEL 0;:TRIG:SOUR INT;:TRIG:TDEL 0;:VOLT:LEV 1;:DISP:WIND:TEXT1:DATA:FMSD:STAT OFF;:DISP:WIND:TEXT2:DATA:FMSD:STAT OFF;:FUNC:DCR:RANG:VAL 100;:FUNC:IMP:RANG:VAL 1;:OUTP:DC:ISOL:LEV:VAL 0.02;:OUTP:DC:ISOL:STAT OFF;:FUNC:DCR:RANG:AUTO ON;:FUNC:IMP:RANG:AUTO ON;:OUTP:DC:ISOL:LEV:AUTO ON;:DISP:PAGE MEASurement;
"
20000.0,1.34920827e-07,0.000206504167,0.00993557,0.000168477
20000.0,1.348372773e-07,0.0002100515553,0.00993553,0.000168434
20000.0,1.348529699e-07,0.0002078252492,0.00993563,0.000168374
20000.0,1.348471733e-07,0.0002070173315,0.00993552,0.000168392
20000.0,1.348624716e-07,0.0002059207776,0.0099356,0.00016842
20000.0,1.348372918e-07,0.000214555504,0.00993552,0.000168374
20000.0,1.348803476e-07,0.0002079815789,0.00993552,0.000168382
20000.0,1.348995026e-07,0.0002068520436,0.00993564,0.000168459
20000.0,1.348531825e-07,0.0002100904362,0.00993557,0.000168421
20000.0,1.348973368e-07,0.0002066124047,0.00993554,0.000168328
20000.0,1.348426776e-07,0.0002101968424,0.00993566,0.000168437
20000.0,1.348634137e-07,0.0002087478606,0.00993559,0.000168306
20000.0,1.349110406e-07,0.0002039699425,0.00993575,0.00016842
20000.0,1.348487051e-07,0.0002073238464,0.00993563,0.000168378
20000.0,1.348504469e-07,0.0002060668169,0.0099356,0.000168388
20000.0,1.348516939e-07,0.0002047050898,0.00993565,0.000168379
Freq,20000,Rs,0.0002077763404125,2.5590501906379845e-06,Ls,1.348660223875e-07,2.7069467414337805e-11
":SOUR:DCS:STAT OFF;:BIAS:STAT OFF;:COMP:BIN:COUN:CLE;:LIST:CLE:ALL;:COMP:BIN:CLE;:AMPL:ALC OFF;:APER MED,4;:BIAS:POL:AUTO OFF;:BIAS:RANG:AUTO ON;:BIAS:VOLT:LEV 0;:COMP:ABIN OFF;:COMP:BIN:COUN:STAT OFF;:COMP:MODE PTOL;:COMP:SLIM -9.9e+037,9.9e+037;:COMP:STAT OFF;:COMP:SWAP OFF;:COMP:TOL:NOM 0;:DISP:ENAB ON;:DISP:LINE """";:DISP:WIND:TEXT1:DATA:FMSD:DATA 1e-009;:DISP:WIND:TEXT2:DATA:FMSD:DATA 1e-009;:FORM:ASC:LONG ON;:FORM:BORD NORM;:FORM:DATA ASC,64;:FREQ:CW 20000;:FUNC:DEV1:MODE OFF;:FUNC:DEV1:REF:VAL 0;:FUNC:DEV2:MODE OFF;:FUNC:DEV2:REF:VAL 0;:FUNC:IMP:TYPE LSRS;:FUNC:SMON:IDC:STAT OFF;:FUNC:SMON:VDC:STAT OFF;:INIT:CONT OFF;:LIST:MODE SEQ;:LIST:STIM:TYPE FREQ,NONE;:SOUR:DCS:VOLT:LEV 0;:TRIG:DEL 0;:TRIG:SOUR INT;:TRIG:TDEL 0;:VOLT:LEV 1;:DISP:WIND:TEXT1:DATA:FMSD:STAT OFF;:DISP:WIND:TEXT2:DATA:FMSD:STAT OFF;:FUNC:DCR:RANG:VAL 100;:FUNC:IMP:RANG:VAL 1;:OUTP:DC:ISOL:LEV:VAL 0.02;:OUTP:DC:ISOL:STAT OFF;:FUNC:DCR:RANG:AUTO ON;:FUNC:IMP:RANG:AUTO ON;:OUTP:DC:ISOL:LEV:AUTO ON;:DISP:PAGE MEASurement;
"
20500.0,1.348305153e-07,0.0002112663704,0.00993623,0.000172586
20500.0,1.348729926e-07,0.0002153657695,0.00993625,0.000172588
20500.0,1.348509274e-07,0.000210000409,0.00993628,0.000172577
20500.0,1.348500132e-07,0.0002153512942,0.00993611,0.000172559
20500.0,1.348793644e-07,0.0002114876899,0.00993611,0.000172579
20500.0,1.348572245e-07,0.0002050638252,0.00993611,0.000172578
20500.0,1.348322785e-07,0.0002186025355,0.00993621,0.000172624
20500.0,1.348370055e-07,0.0002163622529,0.00993618,0.000172563
20500.0,1.348210311e-07,0.0002114303715,0.00993618,0.000172563
20500.0,1.348355552e-07,0.0002081901215,0.00993613,0.000172607
20500.0,1.348685865e-07,0.0002122489795,0.00993614,0.000172597
20500.0,1.34813004e-07,0.0002103003321,0.00993609,0.000172612
20500.0,1.348644798e-07,0.000210361668,0.00993613,0.000172582
20500.0,1.348181462e-07,0.0002095330806,0.00993613,0.000172567
20500.0,1.348499036e-07,0.0002157959669,0.00993608,0.000172599
20500.0,1.348477803e-07,0.0002155502886,0.0099362,0.000172642
Freq,20500,Rs,0.00021230693470625,3.560512776328482e-06,Ls,1.3484555050625e-07,1.9968395789163825e-11
":SOUR:DCS:STAT OFF;:BIAS:STAT OFF;:COMP:BIN:COUN:CLE;:LIST:CLE:ALL;:COMP:BIN:CLE;:AMPL:ALC OFF;:APER MED,4;:BIAS:POL:AUTO OFF;:BIAS:RANG:AUTO ON;:BIAS:VOLT:LEV 0;:COMP:ABIN OFF;:COMP:BIN:COUN:STAT OFF;:COMP:MODE PTOL;:COMP:SLIM -9.9e+037,9.9e+037;:COMP:STAT OFF;:COMP:SWAP OFF;:COMP:TOL:NOM 0;:DISP:ENAB ON;:DISP:LINE """";:DISP:WIND:TEXT1:DATA:FMSD:DATA 1e-009;:DISP:WIND:TEXT2:DATA:FMSD:DATA 1e-009;:FORM:ASC:LONG ON;:FORM:BORD NORM;:FORM:DATA ASC,64;:FREQ:CW 20500;:FUNC:DEV1:MODE OFF;:FUNC:DEV1:REF:VAL 0;:FUNC:DEV2:MODE OFF;:FUNC:DEV2:REF:VAL 0;:FUNC:IMP:TYPE LSRS;:FUNC:SMON:IDC:STAT OFF;:FUNC:SMON:VDC:STAT OFF;:INIT:CONT OFF;:LIST:MODE SEQ;:LIST:STIM:TYPE FREQ,NONE;:SOUR:DCS:VOLT:LEV 0;:TRIG:DEL 0;:TRIG:SOUR INT;:TRIG:TDEL 0;:VOLT:LEV 1;:DISP:WIND:TEXT1:DATA:FMSD:STAT OFF;:DISP:WIND:TEXT2:DATA:FMSD:STAT OFF;:FUNC:DCR:RANG:VAL 100;:FUNC:IMP:RANG:VAL 1;:OUTP:DC:ISOL:LEV:VAL 0.02;:OUTP:DC:ISOL:STAT OFF;:FUNC:DCR:RANG:AUTO ON;:FUNC:IMP:RANG:AUTO ON;:OUTP:DC:ISOL:LEV:AUTO ON;:DISP:PAGE MEASurement;
"
21000.0,1.34857265e-07,0.0002202115465,0.00993625,0.000176809
21000.0,1.348440223e-07,0.0002121491886,0.00993625,0.000176783
21000.0,1.34853607e-07,0.0002104073204,0.00993626,0.00017679
21000.0,1.348547791e-07,0.0002143649279,0.00993626,0.000176807
21000.0,1.348263328e-07,0.0002116341878,0.00993625,0.000176752
21000.0,1.347787925e-07,0.0002146621349,0.00993631,0.000176824
21000.0,1.348664936e-07,0.0002193572544,0.0099363,0.000176796
21000.0,1.34857804e-07,0.0002189117448,0.00993634,0.000176793
21000.0,1.347751915e-07,0.0002183391446,0.00993641,0.000176813
21000.0,1.348230163e-07,0.0002111706708,0.00993627,0.000176846
21000.0,1.348408776e-07,0.0002193964545,0.00993637,0.000176821
21000.0,1.348751103e-07,0.0002127806518,0.00993647,0.000176795
21000.0,1.348161758e-07,0.0002142823834,0.00993641,0.000176711
21000.0,1.348368983e-07,0.0002137828467,0.00993643,0.000176809
21000.0,1.348661998e-07,0.000216248023,0.00993644,0.000176754
21000.0,1.348300549e-07,0.0002150477806,0.00993639,0.00017677
Freq,21000,Rs,0.00021517164129375,3.2214541095467495e-06,Ls,1.348376638e-07,2.9059924774486557e-11
":SOUR:DCS:STAT OFF;:BIAS:STAT OFF;:COMP:BIN:COUN:CLE;:LIST:CLE:ALL;:COMP:BIN:CLE;:AMPL:ALC OFF;:APER MED,4;:BIAS:POL:AUTO OFF;:BIAS:RANG:AUTO ON;:BIAS:VOLT:LEV 0;:COMP:ABIN OFF;:COMP:BIN:COUN:STAT OFF;:COMP:MODE PTOL;:COMP:SLIM -9.9e+037,9.9e+037;:COMP:STAT OFF;:COMP:SWAP OFF;:COMP:TOL:NOM 0;:DISP:ENAB ON;:DISP:LINE """";:DISP:WIND:TEXT1:DATA:FMSD:DATA 1e-009;:DISP:WIND:TEXT2:DATA:FMSD:DATA 1e-009;:FORM:ASC:LONG ON;:FORM:BORD NORM;:FORM:DATA ASC,64;:FREQ:CW 21000;:FUNC:DEV1:MODE OFF;:FUNC:DEV1:REF:VAL 0;:FUNC:DEV2:MODE OFF;:FUNC:DEV2:REF:VAL 0;:FUNC:IMP:TYPE LSRS;:FUNC:SMON:IDC:STAT OFF;:FUNC:SMON:VDC:STAT OFF;:INIT:CONT OFF;:LIST:MODE SEQ;:LIST:STIM:TYPE FREQ,NONE;:SOUR:DCS:VOLT:LEV 0;:TRIG:DEL 0;:TRIG:SOUR INT;:TRIG:TDEL 0;:VOLT:LEV 1;:DISP:WIND:TEXT1:DATA:FMSD:STAT OFF;:DISP:WIND:TEXT2:DATA:FMSD:STAT OFF;:FUNC:DCR:RANG:VAL 100;:FUNC:IMP:RANG:VAL 1;:OUTP:DC:ISOL:LEV:VAL 0.02;:OUTP:DC:ISOL:STAT OFF;:FUNC:DCR:RANG:AUTO ON;:FUNC:IMP:RANG:AUTO ON;:OUTP:DC:ISOL:LEV:AUTO ON;:DISP:PAGE MEASurement;
"
22000.0,1.347743073e-07,0.0002267775851,0.00993534,0.000185102
22000.0,1.347825225e-07,0.0002278550158,0.00993524,0.000185131
22000.0,1.348113699e-07,0.000224711493,0.00993535,0.00018515
22000.0,1.347959729e-07,0.0002275369201,0.00993529,0.000185163
22000.0,1.34809044e-07,0.0002295113195,0.00993546,0.000185147
22000.0,1.347815112e-07,0.0002267238897,0.00993544,0.000185141
22000.0,1.347906182e-07,0.0002254764443,0.00993541,0.000185107
22000.0,1.347631015e-07,0.0002280047473,0.00993558,0.000185126
22000.0,1.348018343e-07,0.0002218173475,0.0099354,0.000185139
22000.0,1.348111127e-07,0.0002281448071,0.00993536,0.000185116
22000.0,1.347783219e-07,0.0002259314028,0.00993542,0.000185135
22000.0,1.347927841e-07,0.0002292484063,0.00993528,0.000185084
22000.0,1.347778295e-07,0.0002293569179,0.00993532,0.000185112
22000.0,1.347953695e-07,0.0002235960715,0.00993525,0.000185125
22000.0,1.347798212e-07,0.0002250829889,0.00993529,0.000185105
22000.0,1.34736407e-07,0.000232687117,0.00993526,0.000185143
Freq,22000,Rs,0.00022702890461249997,2.627218117412529e-06,Ls,1.3478637048125e-07,1.936506965703198e-11
":SOUR:DCS:STAT OFF;:BIAS:STAT OFF;:COMP:BIN:COUN:CLE;:LIST:CLE:ALL;:COMP:BIN:CLE;:AMPL:ALC OFF;:APER MED,4;:BIAS:POL:AUTO OFF;:BIAS:RANG:AUTO ON;:BIAS:VOLT:LEV 0;:COMP:ABIN OFF;:COMP:BIN:COUN:STAT OFF;:COMP:MODE PTOL;:COMP:SLIM -9.9e+037,9.9e+037;:COMP:STAT OFF;:COMP:SWAP OFF;:COMP:TOL:NOM 0;:DISP:ENAB ON;:DISP:LINE """";:DISP:WIND:TEXT1:DATA:FMSD:DATA 1e-009;:DISP:WIND:TEXT2:DATA:FMSD:DATA 1e-009;:FORM:ASC:LONG ON;:FORM:BORD NORM;:FORM:DATA ASC,64;:FREQ:CW 22000;:FUNC:DEV1:MODE OFF;:FUNC:DEV1:REF:VAL 0;:FUNC:DEV2:MODE OFF;:FUNC:DEV2:REF:VAL 0;:FUNC:IMP:TYPE LSRS;:FUNC:SMON:IDC:STAT OFF;:FUNC:SMON:VDC:STAT OFF;:INIT:CONT OFF;:LIST:MODE SEQ;:LIST:STIM:TYPE FREQ,NONE;:SOUR:DCS:VOLT:LEV 0;:TRIG:DEL 0;:TRIG:SOUR INT;:TRIG:TDEL 0;:VOLT:LEV 1;:DISP:WIND:TEXT1:DATA:FMSD:STAT OFF;:DISP:WIND:TEXT2:DATA:FMSD:STAT OFF;:FUNC:DCR:RANG:VAL 100;:FUNC:IMP:RANG:VAL 1;:OUTP:DC:ISOL:LEV:VAL 0.02;:OUTP:DC:ISOL:STAT OFF;:FUNC:DCR:RANG:AUTO ON;:FUNC:IMP:RANG:AUTO ON;:OUTP:DC:ISOL:LEV:AUTO ON;:DISP:PAGE MEASurement;
"
24000.0,1.347279835e-07,0.0002449330643,0.00992586,0.000201643
24000.0,1.347195522e-07,0.0002443105473,0.00992578,0.000201609
24000.0,1.347044821e-07,0.0002490153633,0.00992599,0.000201612
24000.0,1.34714214e-07,0.0002452552909,0.00992578,0.000201642
24000.0,1.346887578e-07,0.0002456219862,0.0099259,0.000201629
24000.0,1.346761096e-07,0.0002496428489,0.0099259,0.000201604
24000.0,1.346840295e-07,0.0002453916295,0.00992585,0.000201619
24000.0,1.347095185e-07,0.0002453625326,0.00992582,0.000201618
24000.0,1.347211687e-07,0.0002514381036,0.00992589,0.000201618
24000.0,1.347125232e-07,0.0002431611387,0.00992593,0.000201647
24000.0,1.346754254e-07,0.0002484914206,0.00992582,0.000201614
24000.0,1.347014256e-07,0.0002435853226,0.00992598,0.00020167
24000.0,1.347212843e-07,0.0002456254432,0.00992581,0.000201645
24000.0,1.346768195e-07,0.0002432415263,0.00992565,0.00020167
24000.0,1.346760149e-07,0.0002469976251,0.00992584,0.000201643
24000.0,1.347101637e-07,0.0002467338932,0.00992587,0.000201654
Freq,24000,Rs,0.00024617548351875,2.398470247905385e-06,Ls,1.3470121703124999e-07,1.8773067024998574e-11
":SOUR:DCS:STAT OFF;:BIAS:STAT OFF;:COMP:BIN:COUN:CLE;:LIST:CLE:ALL;:COMP:BIN:CLE;:AMPL:ALC OFF;:APER MED,4;:BIAS:POL:AUTO OFF;:BIAS:RANG:AUTO ON;:BIAS:VOLT:LEV 0;:COMP:ABIN OFF;:COMP:BIN:COUN:STAT OFF;:COMP:MODE PTOL;:COMP:SLIM -9.9e+037,9.9e+037;:COMP:STAT OFF;:COMP:SWAP OFF;:COMP:TOL:NOM 0;:DISP:ENAB ON;:DISP:LINE """";:DISP:WIND:TEXT1:DATA:FMSD:DATA 1e-009;:DISP:WIND:TEXT2:DATA:FMSD:DATA 1e-009;:FORM:ASC:LONG ON;:FORM:BORD NORM;:FORM:DATA ASC,64;:FREQ:CW 24000;:FUNC:DEV1:MODE OFF;:FUNC:DEV1:REF:VAL 0;:FUNC:DEV2:MODE OFF;:FUNC:DEV2:REF:VAL 0;:FUNC:IMP:TYPE LSRS;:FUNC:SMON:IDC:STAT OFF;:FUNC:SMON:VDC:STAT OFF;:INIT:CONT OFF;:LIST:MODE SEQ;:LIST:STIM:TYPE FREQ,NONE;:SOUR:DCS:VOLT:LEV 0;:TRIG:DEL 0;:TRIG:SOUR INT;:TRIG:TDEL 0;:VOLT:LEV 1;:DISP:WIND:TEXT1:DATA:FMSD:STAT OFF;:DISP:WIND:TEXT2:DATA:FMSD:STAT OFF;:FUNC:DCR:RANG:VAL 100;:FUNC:IMP:RANG:VAL 1;:OUTP:DC:ISOL:LEV:VAL 0.02;:OUTP:DC:ISOL:STAT OFF;:FUNC:DCR:RANG:AUTO ON;:FUNC:IMP:RANG:AUTO ON;:OUTP:DC:ISOL:LEV:AUTO ON;:DISP:PAGE MEASurement;
"
25000.0,1.346897315e-07,0.0002592353559,0.00993841,0.000210259
25000.0,1.346841632e-07,0.0002549123776,0.00993835,0.000210272
25000.0,1.346747271e-07,0.0002593208703,0.00993837,0.00021028
25000.0,1.346886212e-07,0.0002619227288,0.00993839,0.000210233
25000.0,1.346555081e-07,0.0002585821135,0.00993836,0.000210255
25000.0,1.346527327e-07,0.0002592607142,0.00993818,0.000210251
25000.0,1.346731618e-07,0.000262052679,0.00993824,0.000210224
25000.0,1.346633499e-07,0.0002613318817,0.00993822,0.000210271
25000.0,1.347028918e-07,0.0002617973397,0.00993843,0.000210257
25000.0,1.346655445e-07,0.0002598821902,0.00993852,0.000210266
25000.0,1.346918295e-07,0.0002603245986,0.00993841,0.000210256
25000.0,1.346722418e-07,0.0002501605097,0.00993835,0.000210247
25000.0,1.346740189e-07,0.0002557315641,0.0099384,0.000210243
25000.0,1.346738259e-07,0.0002619451792,0.00993838,0.000210258
25000.0,1.346803257e-07,0.0002539579094,0.00993852,0.000210229
25000.0,1.346547263e-07,0.0002593615413,0.00993838,0.000210175
Freq,25000,Rs,0.000258736222075,3.3931290866255482e-06,Ls,1.3467483749375e-07,1.4378147231517728e-11
":SOUR:DCS:STAT OFF;:BIAS:STAT OFF;:COMP:BIN:COUN:CLE;:LIST:CLE:ALL;:COMP:BIN:CLE;:AMPL:ALC OFF;:APER MED,4;:BIAS:POL:AUTO OFF;:BIAS:RANG:AUTO ON;:BIAS:VOLT:LEV 0;:COMP:ABIN OFF;:COMP:BIN:COUN:STAT OFF;:COMP:MODE PTOL;:COMP:SLIM -9.9e+037,9.9e+037;:COMP:STAT OFF;:COMP:SWAP OFF;:COMP:TOL:NOM 0;:DISP:ENAB ON;:DISP:LINE """";:DISP:WIND:TEXT1:DATA:FMSD:DATA 1e-009;:DISP:WIND:TEXT2:DATA:FMSD:DATA 1e-009;:FORM:ASC:LONG ON;:FORM:BORD NORM;:FORM:DATA ASC,64;:FREQ:CW 25000;:FUNC:DEV1:MODE OFF;:FUNC:DEV1:REF:VAL 0;:FUNC:DEV2:MODE OFF;:FUNC:DEV2:REF:VAL 0;:FUNC:IMP:TYPE LSRS;:FUNC:SMON:IDC:STAT OFF;:FUNC:SMON:VDC:STAT OFF;:INIT:CONT OFF;:LIST:MODE SEQ;:LIST:STIM:TYPE FREQ,NONE;:SOUR:DCS:VOLT:LEV 0;:TRIG:DEL 0;:TRIG:SOUR INT;:TRIG:TDEL 0;:VOLT:LEV 1;:DISP:WIND:TEXT1:DATA:FMSD:STAT OFF;:DISP:WIND:TEXT2:DATA:FMSD:STAT OFF;:FUNC:DCR:RANG:VAL 100;:FUNC:IMP:RANG:VAL 1;:OUTP:DC:ISOL:LEV:VAL 0.02;:OUTP:DC:ISOL:STAT OFF;:FUNC:DCR:RANG:AUTO ON;:FUNC:IMP:RANG:AUTO ON;:OUTP:DC:ISOL:LEV:AUTO ON;:DISP:PAGE MEASurement;
"
30000.0,1.34472206e-07,0.0003196713939,0.00992514,0.000251554
30000.0,1.344382602e-07,0.0003275184431,0.00992516,0.00025156
30000.0,1.344163078e-07,0.0003211698598,0.00992532,0.000251527
30000.0,1.344257221e-07,0.0003279367788,0.00992506,0.000251542
30000.0,1.344401677e-07,0.0003198925799,0.00992518,0.000251537
30000.0,1.344337777e-07,0.0003232643506,0.00992517,0.000251543
30000.0,1.344448823e-07,0.0003261982813,0.00992518,0.000251556
30000.0,1.34442833e-07,0.0003214873723,0.00992533,0.000251563
30000.0,1.344313171e-07,0.0003181785746,0.00992533,0.000251521
30000.0,1.344445473e-07,0.0003177137474,0.00992521,0.00025153
30000.0,1.344521112e-07,0.0003263733398,0.00992522,0.000251498
30000.0,1.344522688e-07,0.0003180356113,0.00992525,0.000251536
30000.0,1.344466747e-07,0.0003220555243,0.00992525,0.000251544
30000.0,1.344283049e-07,0.0003274737246,0.00992529,0.000251524
30000.0,1.344425558e-07,0.0003257191697,0.00992524,0.000251566
30000.0,1.344510321e-07,0.0003268278723,0.00992538,0.000251537
Freq,30000,Rs,0.00032309478898125,3.7548572505518237e-06,Ls,1.3444143554375e-07,1.3027941907451474e-11
":SOUR:DCS:STAT OFF;:BIAS:STAT OFF;:COMP:BIN:COUN:CLE;:LIST:CLE:ALL;:COMP:BIN:CLE;:AMPL:ALC OFF;:APER MED,4;:BIAS:POL:AUTO OFF;:BIAS:RANG:AUTO ON;:BIAS:VOLT:LEV 0;:COMP:ABIN OFF;:COMP:BIN:COUN:STAT OFF;:COMP:MODE PTOL;:COMP:SLIM -9.9e+037,9.9e+037;:COMP:STAT OFF;:COMP:SWAP OFF;:COMP:TOL:NOM 0;:DISP:ENAB ON;:DISP:LINE """";:DISP:WIND:TEXT1:DATA:FMSD:DATA 1e-009;:DISP:WIND:TEXT2:DATA:FMSD:DATA 1e-009;:FORM:ASC:LONG ON;:FORM:BORD NORM;:FORM:DATA ASC,64;:FREQ:CW 30000;:FUNC:DEV1:MODE OFF;:FUNC:DEV1:REF:VAL 0;:FUNC:DEV2:MODE OFF;:FUNC:DEV2:REF:VAL 0;:FUNC:IMP:TYPE LSRS;:FUNC:SMON:IDC:STAT OFF;:FUNC:SMON:VDC:STAT OFF;:INIT:CONT OFF;:LIST:MODE SEQ;:LIST:STIM:TYPE FREQ,NONE;:SOUR:DCS:VOLT:LEV 0;:TRIG:DEL 0;:TRIG:SOUR INT;:TRIG:TDEL 0;:VOLT:LEV 1;:DISP:WIND:TEXT1:DATA:FMSD:STAT OFF;:DISP:WIND:TEXT2:DATA:FMSD:STAT OFF;:FUNC:DCR:RANG:VAL 100;:FUNC:IMP:RANG:VAL 1;:OUTP:DC:ISOL:LEV:VAL 0.02;:OUTP:DC:ISOL:STAT OFF;:FUNC:DCR:RANG:AUTO ON;:FUNC:IMP:RANG:AUTO ON;:OUTP:DC:ISOL:LEV:AUTO ON;:DISP:PAGE MEASurement;
"
40000.0,1.339566206e-07,0.0004451853298,0.0100157,0.000337217
40000.0,1.339644184e-07,0.0004501768695,0.0100159,0.000337234
40000.0,1.339657158e-07,0.0004456695081,0.0100158,0.000337201
40000.0,1.339725296e-07,0.0004467012588,0.0100159,0.000337227
40000.0,1.339600173e-07,0.000448431042,0.0100157,0.000337203
40000.0,1.339659117e-07,0.0004458329052,0.010016,0.000337285
40000.0,1.339469458e-07,0.0004463314759,0.0100157,0.000337238
40000.0,1.339690509e-07,0.0004413620465,0.010016,0.000337261
40000.0,1.339429646e-07,0.0004454908637,0.0100157,0.000337255
40000.0,1.339449224e-07,0.000447163733,0.0100155,0.00033721
40000.0,1.339485646e-07,0.0004472527444,0.0100157,0.00033725
40000.0,1.339459715e-07,0.0004398152802,0.0100155,0.00033722
40000.0,1.339515161e-07,0.0004466817788,0.0100155,0.000337205
40000.0,1.339583654e-07,0.0004514670439,0.0100155,0.000337222
40000.0,1.33958816e-07,0.0004459431115,0.0100155,0.000337226
40000.0,1.339691003e-07,0.0004425965377,0.0100155,0.000337241
Freq,40000,Rs,0.0004460063455625,2.939869053594512e-06,Ls,1.339575894375e-07,9.72584920397897e-12
":SOUR:DCS:STAT OFF;:BIAS:STAT OFF;:COMP:BIN:COUN:CLE;:LIST:CLE:ALL;:COMP:BIN:CLE;:AMPL:ALC OFF;:APER MED,4;:BIAS:POL:AUTO OFF;:BIAS:RANG:AUTO ON;:BIAS:VOLT:LEV 0;:COMP:ABIN OFF;:COMP:BIN:COUN:STAT OFF;:COMP:MODE PTOL;:COMP:SLIM -9.9e+037,9.9e+037;:COMP:STAT OFF;:COMP:SWAP OFF;:COMP:TOL:NOM 0;:DISP:ENAB ON;:DISP:LINE """";:DISP:WIND:TEXT1:DATA:FMSD:DATA 1e-009;:DISP:WIND:TEXT2:DATA:FMSD:DATA 1e-009;:FORM:ASC:LONG ON;:FORM:BORD NORM;:FORM:DATA ASC,64;:FREQ:CW 40000;:FUNC:DEV1:MODE OFF;:FUNC:DEV1:REF:VAL 0;:FUNC:DEV2:MODE OFF;:FUNC:DEV2:REF:VAL 0;:FUNC:IMP:TYPE LSRS;:FUNC:SMON:IDC:STAT OFF;:FUNC:SMON:VDC:STAT OFF;:INIT:CONT OFF;:LIST:MODE SEQ;:LIST:STIM:TYPE FREQ,NONE;:SOUR:DCS:VOLT:LEV 0;:TRIG:DEL 0;:TRIG:SOUR INT;:TRIG:TDEL 0;:VOLT:LEV 1;:DISP:WIND:TEXT1:DATA:FMSD:STAT OFF;:DISP:WIND:TEXT2:DATA:FMSD:STAT OFF;:FUNC:DCR:RANG:VAL 100;:FUNC:IMP:RANG:VAL 1;:OUTP:DC:ISOL:LEV:VAL 0.02;:OUTP:DC:ISOL:STAT OFF;:FUNC:DCR:RANG:AUTO ON;:FUNC:IMP:RANG:AUTO ON;:OUTP:DC:ISOL:LEV:AUTO ON;:DISP:PAGE MEASurement;
"
50000.0,1.335784453e-07,0.0005384439753,0.00990583,0.000415784
50000.0,1.335929618e-07,0.0005375726613,0.00990572,0.000415773
50000.0,1.335930603e-07,0.0005438973354,0.00990571,0.000415754
50000.0,1.335938287e-07,0.0005403649016,0.00990556,0.000415763
50000.0,1.335846226e-07,0.0005405452552,0.00990578,0.000415805
50000.0,1.335990208e-07,0.0005427911352,0.00990563,0.000415768
50000.0,1.335930118e-07,0.0005377583808,0.00990619,0.000415809
50000.0,1.335826236e-07,0.0005395879923,0.00990589,0.000415756
50000.0,1.335951924e-07,0.0005422743715,0.00990577,0.000415719
50000.0,1.335921701e-07,0.0005407625003,0.00990597,0.000415759
50000.0,1.336129204e-07,0.000539675751,0.00990576,0.000415791
50000.0,1.335917359e-07,0.000544250828,0.00990589,0.000415742
50000.0,1.335890557e-07,0.0005403372604,0.00990579,0.000415772
50000.0,1.335857531e-07,0.0005424100803,0.00990595,0.000415764
50000.0,1.335905841e-07,0.0005392509851,0.0099058,0.000415777
50000.0,1.33588196e-07,0.0005390971737,0.00990575,0.000415782
Freq,50000,Rs,0.0005405637867125,2.0503563891847235e-06,Ls,1.335914489125e-07,7.698673216593115e-12
":SOUR:DCS:STAT OFF;:BIAS:STAT OFF;:COMP:BIN:COUN:CLE;:LIST:CLE:ALL;:COMP:BIN:CLE;:AMPL:ALC OFF;:APER MED,4;:BIAS:POL:AUTO OFF;:BIAS:RANG:AUTO ON;:BIAS:VOLT:LEV 0;:COMP:ABIN OFF;:COMP:BIN:COUN:STAT OFF;:COMP:MODE PTOL;:COMP:SLIM -9.9e+037,9.9e+037;:COMP:STAT OFF;:COMP:SWAP OFF;:COMP:TOL:NOM 0;:DISP:ENAB ON;:DISP:LINE """";:DISP:WIND:TEXT1:DATA:FMSD:DATA 1e-009;:DISP:WIND:TEXT2:DATA:FMSD:DATA 1e-009;:FORM:ASC:LONG ON;:FORM:BORD NORM;:FORM:DATA ASC,64;:FREQ:CW 50000;:FUNC:DEV1:MODE OFF;:FUNC:DEV1:REF:VAL 0;:FUNC:DEV2:MODE OFF;:FUNC:DEV2:REF:VAL 0;:FUNC:IMP:TYPE LSRS;:FUNC:SMON:IDC:STAT OFF;:FUNC:SMON:VDC:STAT OFF;:INIT:CONT OFF;:LIST:MODE SEQ;:LIST:STIM:TYPE FREQ,NONE;:SOUR:DCS:VOLT:LEV 0;:TRIG:DEL 0;:TRIG:SOUR INT;:TRIG:TDEL 0;:VOLT:LEV 1;:DISP:WIND:TEXT1:DATA:FMSD:STAT OFF;:DISP:WIND:TEXT2:DATA:FMSD:STAT OFF;:FUNC:DCR:RANG:VAL 100;:FUNC:IMP:RANG:VAL 1;:OUTP:DC:ISOL:LEV:VAL 0.02;:OUTP:DC:ISOL:STAT OFF;:FUNC:DCR:RANG:AUTO ON;:FUNC:IMP:RANG:AUTO ON;:OUTP:DC:ISOL:LEV:AUTO ON;:DISP:PAGE MEASurement;
"
60000.0,1.332705831e-07,0.0006142233508,0.00993114,0.000498999
60000.0,1.33281081e-07,0.0006105899771,0.00993074,0.000499007
60000.0,1.332761952e-07,0.0006110765484,0.00993102,0.000498996
60000.0,1.332746598e-07,0.0006114204427,0.00993071,0.000498967
60000.0,1.332768269e-07,0.0006130440871,0.00993065,0.000498973
60000.0,1.332727006e-07,0.0006105380311,0.00993068,0.000498998
60000.0,1.332805807e-07,0.0006116642116,0.00993097,0.000498982
60000.0,1.332631748e-07,0.0006115257183,0.00993052,0.00049899
60000.0,1.332640155e-07,0.0006104537209,0.00993055,0.000498954
60000.0,1.332723996e-07,0.0006107900703,0.00993034,0.000498987
60000.0,1.332711349e-07,0.0006116847534,0.00993062,0.000498994
60000.0,1.332750276e-07,0.0006083443111,0.00993058,0.000498968
60000.0,1.332847836e-07,0.0006093543837,0.00993069,0.000498969
60000.0,1.332738028e-07,0.0006077976469,0.00993067,0.000498973
60000.0,1.332746828e-07,0.0006107958472,0.00993045,0.000498934
60000.0,1.332784488e-07,0.0006104182709,0.00993049,0.000498998
Freq,60000,Rs,0.00061085758571875,1.564880471243821e-06,Ls,1.3327438110625e-07,5.674596842473564e-12
":SOUR:DCS:STAT OFF;:BIAS:STAT OFF;:COMP:BIN:COUN:CLE;:LIST:CLE:ALL;:COMP:BIN:CLE;:AMPL:ALC OFF;:APER MED,4;:BIAS:POL:AUTO OFF;:BIAS:RANG:AUTO ON;:BIAS:VOLT:LEV 0;:COMP:ABIN OFF;:COMP:BIN:COUN:STAT OFF;:COMP:MODE PTOL;:COMP:SLIM -9.9e+037,9.9e+037;:COMP:STAT OFF;:COMP:SWAP OFF;:COMP:TOL:NOM 0;:DISP:ENAB ON;:DISP:LINE """";:DISP:WIND:TEXT1:DATA:FMSD:DATA 1e-009;:DISP:WIND:TEXT2:DATA:FMSD:DATA 1e-009;:FORM:ASC:LONG ON;:FORM:BORD NORM;:FORM:DATA ASC,64;:FREQ:CW 60000;:FUNC:DEV1:MODE OFF;:FUNC:DEV1:REF:VAL 0;:FUNC:DEV2:MODE OFF;:FUNC:DEV2:REF:VAL 0;:FUNC:IMP:TYPE LSRS;:FUNC:SMON:IDC:STAT OFF;:FUNC:SMON:VDC:STAT OFF;:INIT:CONT OFF;:LIST:MODE SEQ;:LIST:STIM:TYPE FREQ,NONE;:SOUR:DCS:VOLT:LEV 0;:TRIG:DEL 0;:TRIG:SOUR INT;:TRIG:TDEL 0;:VOLT:LEV 1;:DISP:WIND:TEXT1:DATA:FMSD:STAT OFF;:DISP:WIND:TEXT2:DATA:FMSD:STAT OFF;:FUNC:DCR:RANG:VAL 100;:FUNC:IMP:RANG:VAL 1;:OUTP:DC:ISOL:LEV:VAL 0.02;:OUTP:DC:ISOL:STAT OFF;:FUNC:DCR:RANG:AUTO ON;:FUNC:IMP:RANG:AUTO ON;:OUTP:DC:ISOL:LEV:AUTO ON;:DISP:PAGE MEASurement;
"
70000.0,1.329924502e-07,0.0006476553566,0.00990324,0.000579262
70000.0,1.32986224e-07,0.0006473858644,0.00990314,0.000579287
70000.0,1.329830028e-07,0.0006479049274,0.00990316,0.000579286
70000.0,1.329867249e-07,0.000652131109,0.00990326,0.000579307
70000.0,1.329870876e-07,0.0006493570787,0.00990337,0.000579296
70000.0,1.329855628e-07,0.0006478984586,0.00990354,0.000579267
70000.0,1.329750407e-07,0.0006500480752,0.00990341,0.000579253
70000.0,1.329994899e-07,0.000651321183,0.00990338,0.000579285
70000.0,1.329844992e-07,0.0006519702496,0.00990349,0.000579299
70000.0,1.329888254e-07,0.0006550613431,0.00990339,0.000579316
70000.0,1.329842537e-07,0.0006507083371,0.00990341,0.000579247
70000.0,1.329795005e-07,0.0006510857872,0.00990336,0.000579321
70000.0,1.329990642e-07,0.0006529001373,0.00990342,0.000579304
70000.0,1.329899976e-07,0.0006501044425,0.00990346,0.000579325
70000.0,1.329794722e-07,0.0006538864984,0.00990359,0.000579278
70000.0,1.329804971e-07,0.0006496852735,0.0099035,0.000579296
Freq,70000,Rs,0.0006505690076,2.272513112904305e-06,Ls,1.329863558e-07,6.671694837846684e-12
":SOUR:DCS:STAT OFF;:BIAS:STAT OFF;:COMP:BIN:COUN:CLE;:LIST:CLE:ALL;:COMP:BIN:CLE;:AMPL:ALC OFF;:APER MED,4;:BIAS:POL:AUTO OFF;:BIAS:RANG:AUTO ON;:BIAS:VOLT:LEV 0;:COMP:ABIN OFF;:COMP:BIN:COUN:STAT OFF;:COMP:MODE PTOL;:COMP:SLIM -9.9e+037,9.9e+037;:COMP:STAT OFF;:COMP:SWAP OFF;:COMP:TOL:NOM 0;:DISP:ENAB ON;:DISP:LINE """";:DISP:WIND:TEXT1:DATA:FMSD:DATA 1e-009;:DISP:WIND:TEXT2:DATA:FMSD:DATA 1e-009;:FORM:ASC:LONG ON;:FORM:BORD NORM;:FORM:DATA ASC,64;:FREQ:CW 70000;:FUNC:DEV1:MODE OFF;:FUNC:DEV1:REF:VAL 0;:FUNC:DEV2:MODE OFF;:FUNC:DEV2:REF:VAL 0;:FUNC:IMP:TYPE LSRS;:FUNC:SMON:IDC:STAT OFF;:FUNC:SMON:VDC:STAT OFF;:INIT:CONT OFF;:LIST:MODE SEQ;:LIST:STIM:TYPE FREQ,NONE;:SOUR:DCS:VOLT:LEV 0;:TRIG:DEL 0;:TRIG:SOUR INT;:TRIG:TDEL 0;:VOLT:LEV 1;:DISP:WIND:TEXT1:DATA:FMSD:STAT OFF;:DISP:WIND:TEXT2:DATA:FMSD:STAT OFF;:FUNC:DCR:RANG:VAL 100;:FUNC:IMP:RANG:VAL 1;:OUTP:DC:ISOL:LEV:VAL 0.02;:OUTP:DC:ISOL:STAT OFF;:FUNC:DCR:RANG:AUTO ON;:FUNC:IMP:RANG:AUTO ON;:OUTP:DC:ISOL:LEV:AUTO ON;:DISP:PAGE MEASurement;
"
80000.0,1.327703497e-07,0.0006548818066,0.00992013,0.000662044
80000.0,1.327716951e-07,0.0006508220639,0.00992018,0.000662072
80000.0,1.327721709e-07,0.0006540207,0.00992007,0.000662107
80000.0,1.327674883e-07,0.00065083019,0.0099202,0.000662082
80000.0,1.327720057e-07,0.0006544364882,0.00992015,0.000662029
80000.0,1.327787354e-07,0.0006513845285,0.00992,0.000662075
80000.0,1.327697546e-07,0.0006518296609,0.00992015,0.000662026
80000.0,1.327634237e-07,0.0006504218939,0.00992011,0.000662082
80000.0,1.3276374e-07,0.0006512924894,0.00992021,0.000662005
80000.0,1.327598069e-07,0.0006504299635,0.00992007,0.000662066
80000.0,1.327659798e-07,0.0006532366093,0.00992011,0.000662018
80000.0,1.327675992e-07,0.0006552053573,0.00992011,0.000662033
80000.0,1.327612966e-07,0.0006503706866,0.00992043,0.000662086
80000.0,1.32767715e-07,0.0006519725894,0.00991992,0.000662031
80000.0,1.327635154e-07,0.0006530956297,0.00992011,0.000662062
80000.0,1.327671674e-07,0.0006508661607,0.00992018,0.000662045
Freq,80000,Rs,0.0006521935511187499,1.6988204067624186e-06,Ls,1.3276765273125e-07,4.79970241934883e-12
":SOUR:DCS:STAT OFF;:BIAS:STAT OFF;:COMP:BIN:COUN:CLE;:LIST:CLE:ALL;:COMP:BIN:CLE;:AMPL:ALC OFF;:APER MED,4;:BIAS:POL:AUTO OFF;:BIAS:RANG:AUTO ON;:BIAS:VOLT:LEV 0;:COMP:ABIN OFF;:COMP:BIN:COUN:STAT OFF;:COMP:MODE PTOL;:COMP:SLIM -9.9e+037,9.9e+037;:COMP:STAT OFF;:COMP:SWAP OFF;:COMP:TOL:NOM 0;:DISP:ENAB ON;:DISP:LINE """";:DISP:WIND:TEXT1:DATA:FMSD:DATA 1e-009;:DISP:WIND:TEXT2:DATA:FMSD:DATA 1e-009;:FORM:ASC:LONG ON;:FORM:BORD NORM;:FORM:DATA ASC,64;:FREQ:CW 80000;:FUNC:DEV1:MODE OFF;:FUNC:DEV1:REF:VAL 0;:FUNC:DEV2:MODE OFF;:FUNC:DEV2:REF:VAL 0;:FUNC:IMP:TYPE LSRS;:FUNC:SMON:IDC:STAT OFF;:FUNC:SMON:VDC:STAT OFF;:INIT:CONT OFF;:LIST:MODE SEQ;:LIST:STIM:TYPE FREQ,NONE;:SOUR:DCS:VOLT:LEV 0;:TRIG:DEL 0;:TRIG:SOUR INT;:TRIG:TDEL 0;:VOLT:LEV 1;:DISP:WIND:TEXT1:DATA:FMSD:STAT OFF;:DISP:WIND:TEXT2:DATA:FMSD:STAT OFF;:FUNC:DCR:RANG:VAL 100;:FUNC:IMP:RANG:VAL 1;:OUTP:DC:ISOL:LEV:VAL 0.02;:OUTP:DC:ISOL:STAT OFF;:FUNC:DCR:RANG:AUTO ON;:FUNC:IMP:RANG:AUTO ON;:OUTP:DC:ISOL:LEV:AUTO ON;:DISP:PAGE MEASurement;
"
90000.0,1.326137333e-07,0.0006195221731,0.00991557,0.000743569
90000.0,1.326065691e-07,0.0006174744175,0.00991542,0.00074358
90000.0,1.326060718e-07,0.0006194352681,0.0099156,0.000743553
90000.0,1.326044638e-07,0.0006167834841,0.00991541,0.000743544
90000.0,1.326072969e-07,0.0006175172311,0.00991519,0.000743548
90000.0,1.326037348e-07,0.0006199001612,0.0099155,0.000743533
90000.0,1.326076556e-07,0.0006218527087,0.00991568,0.000743588
90000.0,1.326133499e-07,0.0006161993863,0.00991561,0.000743577
90000.0,1.326050382e-07,0.0006173197982,0.00991565,0.000743607
90000.0,1.326040937e-07,0.000617387927,0.00991573,0.000743613
90000.0,1.326016239e-07,0.0006251101202,0.00991568,0.000743559
90000.0,1.326070603e-07,0.0006193121098,0.00991578,0.000743577
90000.0,1.326044249e-07,0.0006203352142,0.00991571,0.000743593
90000.0,1.326007632e-07,0.0006164653283,0.00991581,0.000743612
90000.0,1.326043141e-07,0.0006230300664,0.00991567,0.000743587
90000.0,1.32604713e-07,0.0006185217512,0.00991546,0.000743617
Freq,90000,Rs,0.0006191354465875,2.5023930767362125e-06,Ls,1.3260593165625e-07,3.5140710085729927e-12
":SOUR:DCS:STAT OFF;:BIAS:STAT OFF;:COMP:BIN:COUN:CLE;:LIST:CLE:ALL;:COMP:BIN:CLE;:AMPL:ALC OFF;:APER MED,4;:BIAS:POL:AUTO OFF;:BIAS:RANG:AUTO ON;:BIAS:VOLT:LEV 0;:COMP:ABIN OFF;:COMP:BIN:COUN:STAT OFF;:COMP:MODE PTOL;:COMP:SLIM -9.9e+037,9.9e+037;:COMP:STAT OFF;:COMP:SWAP OFF;:COMP:TOL:NOM 0;:DISP:ENAB ON;:DISP:LINE """";:DISP:WIND:TEXT1:DATA:FMSD:DATA 1e-009;:DISP:WIND:TEXT2:DATA:FMSD:DATA 1e-009;:FORM:ASC:LONG ON;:FORM:BORD NORM;:FORM:DATA ASC,64;:FREQ:CW 90000;:FUNC:DEV1:MODE OFF;:FUNC:DEV1:REF:VAL 0;:FUNC:DEV2:MODE OFF;:FUNC:DEV2:REF:VAL 0;:FUNC:IMP:TYPE LSRS;:FUNC:SMON:IDC:STAT OFF;:FUNC:SMON:VDC:STAT OFF;:INIT:CONT OFF;:LIST:MODE SEQ;:LIST:STIM:TYPE FREQ,NONE;:SOUR:DCS:VOLT:LEV 0;:TRIG:DEL 0;:TRIG:SOUR INT;:TRIG:TDEL 0;:VOLT:LEV 1;:DISP:WIND:TEXT1:DATA:FMSD:STAT OFF;:DISP:WIND:TEXT2:DATA:FMSD:STAT OFF;:FUNC:DCR:RANG:VAL 100;:FUNC:IMP:RANG:VAL 1;:OUTP:DC:ISOL:LEV:VAL 0.02;:OUTP:DC:ISOL:STAT OFF;:FUNC:DCR:RANG:AUTO ON;:FUNC:IMP:RANG:AUTO ON;:OUTP:DC:ISOL:LEV:AUTO ON;:DISP:PAGE MEASurement;
"
100000.0,1.324965989e-07,0.0005613610621,0.0098994,0.000824163
100000.0,1.325039798e-07,0.0005604924232,0.00989927,0.000824143
100000.0,1.324982424e-07,0.0005588011302,0.00989925,0.000824135
100000.0,1.324963358e-07,0.0005595947641,0.00989911,0.000824158
100000.0,1.325035504e-07,0.0005585402519,0.0098991,0.000824118
100000.0,1.324965324e-07,0.0005634220852,0.00989879,0.000824113
100000.0,1.325021962e-07,0.0005611147018,0.00989879,0.000824101
100000.0,1.324992591e-07,0.0005617722041,0.00989933,0.000824162
100000.0,1.324963061e-07,0.0005590069801,0.00989896,0.000824147
100000.0,1.324994425e-07,0.0005607408818,0.009899,0.000824143
100000.0,1.325048925e-07,0.0005611960032,0.00989908,0.000824096
100000.0,1.324998934e-07,0.0005623547801,0.00989908,0.000824078
100000.0,1.325022039e-07,0.0005617619774,0.00989903,0.000824102
100000.0,1.325049018e-07,0.0005621498831,0.00989901,0.000824081
100000.0,1.324954663e-07,0.0005601236817,0.00989926,0.000824112
100000.0,1.324958067e-07,0.0005601257756,0.00989921,0.000824123
Freq,100000,Rs,0.0005607849116000001,1.374335739494908e-06,Ls,1.324997255125e-07,3.4413638179967824e-12
":SOUR:DCS:STAT OFF;:BIAS:STAT OFF;:COMP:BIN:COUN:CLE;:LIST:CLE:ALL;:COMP:BIN:CLE;:AMPL:ALC OFF;:APER MED,4;:BIAS:POL:AUTO OFF;:BIAS:RANG:AUTO ON;:BIAS:VOLT:LEV 0;:COMP:ABIN OFF;:COMP:BIN:COUN:STAT OFF;:COMP:MODE PTOL;:COMP:SLIM -9.9e+037,9.9e+037;:COMP:STAT OFF;:COMP:SWAP OFF;:COMP:TOL:NOM 0;:DISP:ENAB ON;:DISP:LINE """";:DISP:WIND:TEXT1:DATA:FMSD:DATA 1e-009;:DISP:WIND:TEXT2:DATA:FMSD:DATA 1e-009;:FORM:ASC:LONG ON;:FORM:BORD NORM;:FORM:DATA ASC,64;:FREQ:CW 100000;:FUNC:DEV1:MODE OFF;:FUNC:DEV1:REF:VAL 0;:FUNC:DEV2:MODE OFF;:FUNC:DEV2:REF:VAL 0;:FUNC:IMP:TYPE LSRS;:FUNC:SMON:IDC:STAT OFF;:FUNC:SMON:VDC:STAT OFF;:INIT:CONT OFF;:LIST:MODE SEQ;:LIST:STIM:TYPE FREQ,NONE;:SOUR:DCS:VOLT:LEV 0;:TRIG:DEL 0;:TRIG:SOUR INT;:TRIG:TDEL 0;:VOLT:LEV 1;:DISP:WIND:TEXT1:DATA:FMSD:STAT OFF;:DISP:WIND:TEXT2:DATA:FMSD:STAT OFF;:FUNC:DCR:RANG:VAL 100;:FUNC:IMP:RANG:VAL 1;:OUTP:DC:ISOL:LEV:VAL 0.02;:OUTP:DC:ISOL:STAT OFF;:FUNC:DCR:RANG:AUTO ON;:FUNC:IMP:RANG:AUTO ON;:OUTP:DC:ISOL:LEV:AUTO ON;:DISP:PAGE MEASurement;
"
200000.0,1.327216341e-07,-0.0003597976801,0.00988535,0.00164868
200000.0,1.327208017e-07,-0.0003563288405,0.00988535,0.00164868
200000.0,1.327187028e-07,-0.0003578958021,0.00988529,0.00164865
200000.0,1.327207716e-07,-0.0003582407403,0.0098853,0.00164864
200000.0,1.327189933e-07,-0.0003596231208,0.00988522,0.00164867
200000.0,1.327199914e-07,-0.0003563206936,0.00988516,0.00164861
200000.0,1.32719091e-07,-0.0003580889569,0.00988513,0.00164866
200000.0,1.327204838e-07,-0.0003569591694,0.0098852,0.00164865
200000.0,1.32718013e-07,-0.000353540508,0.00988509,0.00164862
200000.0,1.327198027e-07,-0.0003580083586,0.00988524,0.00164863
200000.0,1.327187387e-07,-0.0003569071345,0.00988523,0.00164867
200000.0,1.327217267e-07,-0.0003569627452,0.00988512,0.00164866
200000.0,1.327161854e-07,-0.0003561715057,0.00988543,0.0016487
200000.0,1.327191905e-07,-0.0003587585407,0.00988531,0.00164868
200000.0,1.327186531e-07,-0.0003581447315,0.00988569,0.00164872
200000.0,1.327155657e-07,-0.0003583164432,0.00988568,0.0016487
Freq,200000,Rs,-0.00035750406069375,1.525364025570102e-06,Ls,1.3271927159375002e-07,1.720829996044275e-12
":SOUR:DCS:STAT OFF;:BIAS:STAT OFF;:COMP:BIN:COUN:CLE;:LIST:CLE:ALL;:COMP:BIN:CLE;:AMPL:ALC OFF;:APER MED,4;:BIAS:POL:AUTO OFF;:BIAS:RANG:AUTO ON;:BIAS:VOLT:LEV 0;:COMP:ABIN OFF;:COMP:BIN:COUN:STAT OFF;:COMP:MODE PTOL;:COMP:SLIM -9.9e+037,9.9e+037;:COMP:STAT OFF;:COMP:SWAP OFF;:COMP:TOL:NOM 0;:DISP:ENAB ON;:DISP:LINE """";:DISP:WIND:TEXT1:DATA:FMSD:DATA 1e-009;:DISP:WIND:TEXT2:DATA:FMSD:DATA 1e-009;:FORM:ASC:LONG ON;:FORM:BORD NORM;:FORM:DATA ASC,64;:FREQ:CW 200000;:FUNC:DEV1:MODE OFF;:FUNC:DEV1:REF:VAL 0;:FUNC:DEV2:MODE OFF;:FUNC:DEV2:REF:VAL 0;:FUNC:IMP:TYPE LSRS;:FUNC:SMON:IDC:STAT OFF;:FUNC:SMON:VDC:STAT OFF;:INIT:CONT OFF;:LIST:MODE SEQ;:LIST:STIM:TYPE FREQ,NONE;:SOUR:DCS:VOLT:LEV 0;:TRIG:DEL 0;:TRIG:SOUR INT;:TRIG:TDEL 0;:VOLT:LEV 1;:DISP:WIND:TEXT1:DATA:FMSD:STAT OFF;:DISP:WIND:TEXT2:DATA:FMSD:STAT OFF;:FUNC:DCR:RANG:VAL 100;:FUNC:IMP:RANG:VAL 1;:OUTP:DC:ISOL:LEV:VAL 0.02;:OUTP:DC:ISOL:STAT OFF;:FUNC:DCR:RANG:AUTO ON;:FUNC:IMP:RANG:AUTO ON;:OUTP:DC:ISOL:LEV:AUTO ON;:DISP:PAGE MEASurement;
"
":SOUR:DCS:STAT OFF;:BIAS:STAT OFF;:COMP:BIN:COUN:CLE;:LIST:CLE:ALL;:COMP:BIN:CLE;:AMPL:ALC OFF;:APER MED,4;:BIAS:POL:AUTO OFF;:BIAS:RANG:AUTO ON;:BIAS:VOLT:LEV 0;:COMP:ABIN OFF;:COMP:BIN:COUN:STAT OFF;:COMP:MODE PTOL;:COMP:SLIM -9.9e+037,9.9e+037;:COMP:STAT OFF;:COMP:SWAP OFF;:COMP:TOL:NOM 0;:DISP:ENAB ON;:DISP:LINE """";:DISP:WIND:TEXT1:DATA:FMSD:DATA 1e-009;:DISP:WIND:TEXT2:DATA:FMSD:DATA 1e-009;:FORM:ASC:LONG ON;:FORM:BORD NORM;:FORM:DATA ASC,64;:FREQ:CW 200000;:FUNC:DEV1:MODE OFF;:FUNC:DEV1:REF:VAL 0;:FUNC:DEV2:MODE OFF;:FUNC:DEV2:REF:VAL 0;:FUNC:IMP:TYPE LSRS;:FUNC:SMON:IDC:STAT OFF;:FUNC:SMON:VDC:STAT OFF;:INIT:CONT OFF;:LIST:MODE SEQ;:LIST:STIM:TYPE FREQ,NONE;:SOUR:DCS:VOLT:LEV 0;:TRIG:DEL 0;:TRIG:SOUR INT;:TRIG:TDEL 0;:VOLT:LEV 1;:DISP:WIND:TEXT1:DATA:FMSD:STAT OFF;:DISP:WIND:TEXT2:DATA:FMSD:STAT OFF;:FUNC:DCR:RANG:VAL 100;:FUNC:IMP:RANG:VAL 1;:OUTP:DC:ISOL:LEV:VAL 0.02;:OUTP:DC:ISOL:STAT OFF;:FUNC:DCR:RANG:AUTO ON;:FUNC:IMP:RANG:AUTO ON;:OUTP:DC:ISOL:LEV:AUTO ON;:DISP:PAGE MEASurement;
"
2024-05-10,11:16:17
---------run finished---------
Frequency,Resistance,uR,Inductance,uL
20,0.00011197692370500001,1.3690220372196732e-05,2.13041124975625e-07,7.135519715925371e-08
25,0.00013227530866187498,2.2532298505525267e-05,1.69643132750625e-07,1.4383999358115836e-07
30,0.00013243963729625002,1.2949406117462495e-05,1.5753810105250002e-07,6.24327248714291e-08
40,0.00011045058909374999,1.1909361823754744e-05,1.9843206355000002e-07,3.0888610601737534e-08
53,0.00011738727532499999,8.597848949287792e-06,1.02852608425625e-07,2.7039170495376836e-08
60,0.00011155704405125,9.287441315476917e-06,1.1614798991e-07,2.4669718074693448e-08
65,0.000107859745869375,9.558946820559876e-06,1.256656866225e-07,1.626675229346485e-08
80,9.320382851812499e-05,6.6679064446119155e-06,1.544301230125e-07,1.6107126656319876e-08
90,9.9386723625e-05,8.12026648621449e-06,1.5225936764375e-07,1.550649016028319e-08
95,9.72178169875e-05,1.3319914603714682e-05,1.5251684576875e-07,2.0302333709247192e-08
103,0.00010505493722125,8.73056830953839e-06,1.5142032030625001e-07,1.1108664056682226e-08
105,0.000105107183035625,6.332620309047136e-06,1.4998990635625e-07,1.016379910271111e-08
107,0.000104894577189375,7.1312240383162e-06,1.474859137875e-07,7.88930495179079e-09
110,0.000112127872750625,6.875457841865997e-06,1.4453899535e-07,1.2580113431717495e-08
112,0.000111872790475,6.307808997399053e-06,1.4674238208125e-07,8.932283120077018e-09
115,0.00011233170573750001,5.70048475619761e-06,1.3929203466875003e-07,1.2591079735922183e-08
120,0.00011362489591874999,6.726594363761802e-06,1.414727105e-07,9.214443111298167e-09
122,0.0001141807137,6.3618084271818495e-06,1.3816439859374999e-07,7.062958537893566e-09
125,0.0001254125829875,9.304965456671499e-06,1.671747394625e-07,1.0943685919838138e-08
127,0.00012499744568125,6.212028747305188e-06,1.6515251203750003e-07,8.442197798010651e-09
130,0.00012995665241875002,4.46683118685389e-06,1.661067713375e-07,6.128990295181664e-09
132,0.00012778696593749997,3.515553649383738e-06,1.635219977e-07,8.289685465939067e-09
135,0.00012608621658750002,4.2339059379332965e-06,1.729142428e-07,9.192047020874004e-09
137,0.00012867700120625,7.876654018356572e-06,1.6583231518125e-07,6.348960269777136e-09
140,0.0001295791688,7.988822302260462e-06,1.662671428625e-07,8.909614970888867e-09
142,0.00013248769911249997,5.6108897514920776e-06,1.6659706950625002e-07,7.678699229216293e-09
145,0.00013352305144375,5.485747418260471e-06,1.6677962026875001e-07,5.711948426030355e-09
150,0.0001316878815875,8.841449186306012e-06,1.6184699184999997e-07,1.27076463816746e-08
153,0.000134963179775,5.40652985229218e-06,1.616937363e-07,5.005410501830927e-09
155,0.00013613441629375,6.67587307206839e-06,1.622618036875e-07,6.161803271119595e-09
160,0.00013152533385625,5.374976063506449e-06,1.5469126235625e-07,6.7732949280858e-09
165,0.00013809537726250002,5.893144405396084e-06,1.5318568125e-07,6.279305555177576e-09
170,0.00013065552714375,8.292388299399634e-06,1.4847629388125e-07,9.05495419525371e-09
172,0.00012810586767499999,5.384969972534105e-06,1.4753689976875e-07,7.476092770490558e-09
175,0.00013218493285625002,8.352174575025087e-06,1.4556085640625e-07,5.751605786084191e-09
180,0.0001305220156625,5.2718367532747545e-06,1.409616204625e-07,5.599823852985553e-09
185,0.0001282392708875,8.105666673890556e-06,1.3998038497500001e-07,5.776680690075797e-09
200,0.00011895060145624999,6.447179189068066e-06,1.3124594096875e-07,5.400066165260616e-09
220,0.0001312324254125,4.8986925390683635e-06,1.3316835048749998e-07,3.411962262933796e-09
240,0.00014291770613125,4.355297970805038e-06,1.31621791275e-07,4.001991241870093e-09
400,0.0001306284223875,7.230075279101968e-06,1.31352863325e-07,2.1473835263191053e-09
800,0.00012443924895,4.09525160859854e-06,1.288853462125e-07,9.405440232873626e-10
1000,0.0001042939470975,4.880363229987193e-06,1.2830035133125e-07,7.536679379841112e-10
2000,6.8667785439375e-05,2.645313008752815e-06,1.3141427781249998e-07,2.5447217345329997e-10
3000,4.4855970895e-05,2.9003703266329085e-06,1.3343051779375e-07,1.4483367174679692e-10
4000,4.0236480031874994e-05,5.149994453534562e-06,1.34310619025e-07,1.9047603266684153e-10
5000,5.2030241650624995e-05,4.979848533421912e-06,1.3499044832499998e-07,1.6383298709605587e-10
6000,6.1528585748125e-05,2.403578632293093e-06,1.3521586874375e-07,8.162070467838242e-11
7000,6.86765370775e-05,1.6181307179916415e-06,1.352202065125e-07,5.913848917553698e-11
8000,7.976787934875e-05,2.5608581210863808e-06,1.3524339578125e-07,3.9857209896316197e-11
10000,9.757848448125e-05,3.5970664533032293e-06,1.3518411486875e-07,3.570535900226981e-11
12000,0.00011813466944375,2.6520371173997577e-06,1.3538011269375e-07,3.476945914728938e-11
14000,0.00014182190179375,3.226750227621173e-06,1.3521624138125e-07,1.779246351544001e-11
16000,0.00016530490716249997,1.563773103817676e-06,1.35132442575e-07,1.7289804830885337e-11
16500,0.0001716980738125,4.530006603102749e-06,1.3508375521875e-07,4.3175376242472325e-11
17000,0.00017789956674999998,3.659865284309484e-06,1.350398626375e-07,2.938985387065999e-11
17500,0.00018375435429999999,5.1248708705490055e-06,1.3499691297499998e-07,4.7121295837478836e-11
18000,0.00018998925849375,4.493537144282795e-06,1.3495242444375e-07,3.7708362685609345e-11
18500,0.0001940948369375,5.101043843205957e-06,1.3495507675000002e-07,1.949357352503755e-11
19000,0.00019859746615625,4.1151634956432015e-06,1.3490388451875e-07,3.6739173075347185e-11
19500,0.00020421442326875,3.9567672686367005e-06,1.34889702925e-07,2.6316044635686272e-11
20000,0.0002077763404125,2.5590501906379845e-06,1.348660223875e-07,2.7069467414337805e-11
20500,0.00021230693470625,3.560512776328482e-06,1.3484555050625e-07,1.9968395789163825e-11
21000,0.00021517164129375,3.2214541095467495e-06,1.348376638e-07,2.9059924774486557e-11
22000,0.00022702890461249997,2.627218117412529e-06,1.3478637048125e-07,1.936506965703198e-11
24000,0.00024617548351875,2.398470247905385e-06,1.3470121703124999e-07,1.8773067024998574e-11
25000,0.000258736222075,3.3931290866255482e-06,1.3467483749375e-07,1.4378147231517728e-11
30000,0.00032309478898125,3.7548572505518237e-06,1.3444143554375e-07,1.3027941907451474e-11
40000,0.0004460063455625,2.939869053594512e-06,1.339575894375e-07,9.72584920397897e-12
50000,0.0005405637867125,2.0503563891847235e-06,1.335914489125e-07,7.698673216593115e-12
60000,0.00061085758571875,1.564880471243821e-06,1.3327438110625e-07,5.674596842473564e-12
70000,0.0006505690076,2.272513112904305e-06,1.329863558e-07,6.671694837846684e-12
80000,0.0006521935511187499,1.6988204067624186e-06,1.3276765273125e-07,4.79970241934883e-12
90000,0.0006191354465875,2.5023930767362125e-06,1.3260593165625e-07,3.5140710085729927e-12
100000,0.0005607849116000001,1.374335739494908e-06,1.324997255125e-07,3.4413638179967824e-12
200000,-0.00035750406069375,1.525364025570102e-06,1.3271927159375002e-07,1.720829996044275e-12
