lcr name:,KeySight E4980A
Name and description of Resistor under test: ,100 ohm
lcr name:,KeySight E4980A
Name and description of Resistor under test: ,100 ohm
lcr name:,KeySight E4980A
Name and description of Resistor under test: ,100 ohm
2024-04-18,14:05:33
select the freq range,"[50, 100]"
50.0,-2.651818409e-05,100.0203352
50.0,-2.7773952e-05,100.0196963
50.0,-2.821817226e-05,100.0201312
50.0,-2.909276761e-05,100.0203992
50.0,-2.778678787e-05,100.0199539
50.0,-2.929675173e-05,100.0200826
50.0,-2.901397836e-05,100.0203439
50.0,-2.819813948e-05,100.0203539
50.0,-2.762860519e-05,100.0203407
50.0,-2.935451579e-05,100.0202609
50.0,-2.757355162e-05,100.0195463
50.0,-2.912261078e-05,100.0199827
50.0,-2.912024511e-05,100.0198497
50.0,-2.979560574e-05,100.0203203
50.0,-3.010944204e-05,100.0200362
50.0,-2.928353746e-05,100.0202485
Freq,50,Rs,100.02011759375,0.0002570223997202705,Ls,-2.8617927945625004e-05,9.717618533253942e-07
":SOUR:DCS:STAT OFF;:BIAS:STAT OFF;:COMP:BIN:COUN:CLE;:LIST:CLE:ALL;:COMP:BIN:CLE;:AMPL:ALC OFF;:APER LONG,1;:BIAS:POL:AUTO OFF;:BIAS:RANG:AUTO ON;:BIAS:VOLT:LEV 0;:COMP:ABIN OFF;:COMP:BIN:COUN:STAT OFF;:COMP:MODE PTOL;:COMP:SLIM -9.9e+037,9.9e+037;:COMP:STAT OFF;:COMP:SWAP OFF;:COMP:TOL:NOM 0;:DISP:ENAB ON;:DISP:LINE """";:DISP:WIND:TEXT1:DATA:FMSD:DATA 1e-009;:DISP:WIND:TEXT2:DATA:FMSD:DATA 1e-009;:FORM:ASC:LONG ON;:FORM:BORD NORM;:FORM:DATA ASC,64;:FREQ:CW 50;:FUNC:DEV1:MODE OFF;:FUNC:DEV1:REF:VAL 0;:FUNC:DEV2:MODE OFF;:FUNC:DEV2:REF:VAL 0;:FUNC:IMP:TYPE LSRS;:FUNC:SMON:IDC:STAT OFF;:FUNC:SMON:VDC:STAT OFF;:INIT:CONT OFF;:LIST:MODE SEQ;:LIST:STIM:TYPE FREQ,NONE;:SOUR:DCS:VOLT:LEV 0;:TRIG:DEL 0;:TRIG:SOUR INT;:TRIG:TDEL 0;:VOLT:LEV 1;:DISP:WIND:TEXT1:DATA:FMSD:STAT OFF;:DISP:WIND:TEXT2:DATA:FMSD:STAT OFF;:FUNC:DCR:RANG:VAL 100;:FUNC:IMP:RANG:VAL 100;:OUTP:DC:ISOL:LEV:VAL 0.02;:OUTP:DC:ISOL:STAT OFF;:FUNC:DCR:RANG:AUTO ON;:FUNC:IMP:RANG:AUTO ON;:OUTP:DC:ISOL:LEV:AUTO ON;:DISP:PAGE MEASurement;
"
100.0,-7.215491876e-06,100.0194255
100.0,-7.130708533e-06,100.0197643
100.0,-7.565328538e-06,100.0195694
100.0,-7.353688152e-06,100.0193382
100.0,-6.974524133e-06,100.0192837
100.0,-7.55498871e-06,100.0195148
100.0,-7.101871294e-06,100.0190924
100.0,-7.371790981e-06,100.0196336
100.0,-6.78985501e-06,100.0193386
100.0,-7.038252008e-06,100.0192533
100.0,-7.02398641e-06,100.019099
100.0,-6.616935482e-06,100.0194589
100.0,-7.782542968e-06,100.0195334
100.0,-7.203405345e-06,100.0193564
100.0,-7.591299918e-06,100.0193838
100.0,-7.64948008e-06,100.0197189
Freq,100,Rs,100.0194227625,0.00019570367353050777,Ls,-7.247759339875e-06,3.267487283726889e-07
":SOUR:DCS:STAT OFF;:BIAS:STAT OFF;:COMP:BIN:COUN:CLE;:LIST:CLE:ALL;:COMP:BIN:CLE;:AMPL:ALC OFF;:APER LONG,1;:BIAS:POL:AUTO OFF;:BIAS:RANG:AUTO ON;:BIAS:VOLT:LEV 0;:COMP:ABIN OFF;:COMP:BIN:COUN:STAT OFF;:COMP:MODE PTOL;:COMP:SLIM -9.9e+037,9.9e+037;:COMP:STAT OFF;:COMP:SWAP OFF;:COMP:TOL:NOM 0;:DISP:ENAB ON;:DISP:LINE """";:DISP:WIND:TEXT1:DATA:FMSD:DATA 1e-009;:DISP:WIND:TEXT2:DATA:FMSD:DATA 1e-009;:FORM:ASC:LONG ON;:FORM:BORD NORM;:FORM:DATA ASC,64;:FREQ:CW 100;:FUNC:DEV1:MODE OFF;:FUNC:DEV1:REF:VAL 0;:FUNC:DEV2:MODE OFF;:FUNC:DEV2:REF:VAL 0;:FUNC:IMP:TYPE LSRS;:FUNC:SMON:IDC:STAT OFF;:FUNC:SMON:VDC:STAT OFF;:INIT:CONT OFF;:LIST:MODE SEQ;:LIST:STIM:TYPE FREQ,NONE;:SOUR:DCS:VOLT:LEV 0;:TRIG:DEL 0;:TRIG:SOUR INT;:TRIG:TDEL 0;:VOLT:LEV 1;:DISP:WIND:TEXT1:DATA:FMSD:STAT OFF;:DISP:WIND:TEXT2:DATA:FMSD:STAT OFF;:FUNC:DCR:RANG:VAL 100;:FUNC:IMP:RANG:VAL 100;:OUTP:DC:ISOL:LEV:VAL 0.02;:OUTP:DC:ISOL:STAT OFF;:FUNC:DCR:RANG:AUTO ON;:FUNC:IMP:RANG:AUTO ON;:OUTP:DC:ISOL:LEV:AUTO ON;:DISP:PAGE MEASurement;
"
":SOUR:DCS:STAT OFF;:BIAS:STAT OFF;:COMP:BIN:COUN:CLE;:LIST:CLE:ALL;:COMP:BIN:CLE;:AMPL:ALC OFF;:APER LONG,1;:BIAS:POL:AUTO OFF;:BIAS:RANG:AUTO ON;:BIAS:VOLT:LEV 0;:COMP:ABIN OFF;:COMP:BIN:COUN:STAT OFF;:COMP:MODE PTOL;:COMP:SLIM -9.9e+037,9.9e+037;:COMP:STAT OFF;:COMP:SWAP OFF;:COMP:TOL:NOM 0;:DISP:ENAB ON;:DISP:LINE """";:DISP:WIND:TEXT1:DATA:FMSD:DATA 1e-009;:DISP:WIND:TEXT2:DATA:FMSD:DATA 1e-009;:FORM:ASC:LONG ON;:FORM:BORD NORM;:FORM:DATA ASC,64;:FREQ:CW 100;:FUNC:DEV1:MODE OFF;:FUNC:DEV1:REF:VAL 0;:FUNC:DEV2:MODE OFF;:FUNC:DEV2:REF:VAL 0;:FUNC:IMP:TYPE LSRS;:FUNC:SMON:IDC:STAT OFF;:FUNC:SMON:VDC:STAT OFF;:INIT:CONT OFF;:LIST:MODE SEQ;:LIST:STIM:TYPE FREQ,NONE;:SOUR:DCS:VOLT:LEV 0;:TRIG:DEL 0;:TRIG:SOUR INT;:TRIG:TDEL 0;:VOLT:LEV 1;:DISP:WIND:TEXT1:DATA:FMSD:STAT OFF;:DISP:WIND:TEXT2:DATA:FMSD:STAT OFF;:FUNC:DCR:RANG:VAL 100;:FUNC:IMP:RANG:VAL 100;:OUTP:DC:ISOL:LEV:VAL 0.02;:OUTP:DC:ISOL:STAT OFF;:FUNC:DCR:RANG:AUTO ON;:FUNC:IMP:RANG:AUTO ON;:OUTP:DC:ISOL:LEV:AUTO ON;:DISP:PAGE MEASurement;
"
2024-04-18,14:05:57
---------run finished---------
lcr name:,KeySight E4980A
Name and description of Resistor under test: ,100 ohm
2024-04-18,14:35:47
select the freq range,"[50, 100]"
50.0,-2.893900577e-05,100.0203423
50.0,-2.747347985e-05,100.0206115
50.0,-2.897227481e-05,100.0203901
50.0,-3.066437374e-05,100.0204139
50.0,-2.84964448e-05,100.0200539
50.0,-2.973676047e-05,100.0207298
50.0,-2.731004636e-05,100.0200965
50.0,-2.84123409e-05,100.0209375
50.0,-2.997461646e-05,100.0210925
50.0,-3.085590968e-05,100.020095
50.0,-3.095104312e-05,100.0202093
50.0,-3.120054855e-05,100.0207819
50.0,-2.926635552e-05,100.0206482
50.0,-2.898178377e-05,100.0205538
50.0,-3.1835157e-05,100.0207061
50.0,-2.958047847e-05,100.0203782
Freq,50,Rs,100.02050253125,0.00030810685098767436,Ls,-2.9540663704375e-05,1.31440977665259e-06
":SOUR:DCS:STAT OFF;:BIAS:STAT OFF;:COMP:BIN:COUN:CLE;:LIST:CLE:ALL;:COMP:BIN:CLE;:AMPL:ALC OFF;:APER LONG,1;:BIAS:POL:AUTO OFF;:BIAS:RANG:AUTO ON;:BIAS:VOLT:LEV 0;:COMP:ABIN OFF;:COMP:BIN:COUN:STAT OFF;:COMP:MODE PTOL;:COMP:SLIM -9.9e+037,9.9e+037;:COMP:STAT OFF;:COMP:SWAP OFF;:COMP:TOL:NOM 0;:DISP:ENAB ON;:DISP:LINE """";:DISP:WIND:TEXT1:DATA:FMSD:DATA 1e-009;:DISP:WIND:TEXT2:DATA:FMSD:DATA 1e-009;:FORM:ASC:LONG ON;:FORM:BORD NORM;:FORM:DATA ASC,64;:FREQ:CW 50;:FUNC:DEV1:MODE OFF;:FUNC:DEV1:REF:VAL 0;:FUNC:DEV2:MODE OFF;:FUNC:DEV2:REF:VAL 0;:FUNC:IMP:TYPE LSRS;:FUNC:SMON:IDC:STAT OFF;:FUNC:SMON:VDC:STAT OFF;:INIT:CONT OFF;:LIST:MODE SEQ;:LIST:STIM:TYPE FREQ,NONE;:SOUR:DCS:VOLT:LEV 0;:TRIG:DEL 0;:TRIG:SOUR INT;:TRIG:TDEL 0;:VOLT:LEV 1;:DISP:WIND:TEXT1:DATA:FMSD:STAT OFF;:DISP:WIND:TEXT2:DATA:FMSD:STAT OFF;:FUNC:DCR:RANG:VAL 100;:FUNC:IMP:RANG:VAL 100;:OUTP:DC:ISOL:LEV:VAL 0.02;:OUTP:DC:ISOL:STAT OFF;:FUNC:DCR:RANG:AUTO ON;:FUNC:IMP:RANG:AUTO ON;:OUTP:DC:ISOL:LEV:AUTO ON;:DISP:PAGE MEASurement;
"
100.0,-7.603076122e-06,100.0192529
100.0,-7.877556624e-06,100.0191382
100.0,-7.598621677e-06,100.0194142
100.0,-7.535682715e-06,100.0195836
100.0,-7.535681086e-06,100.0194462
100.0,-7.136702666e-06,100.0191567
100.0,-6.885611952e-06,100.0191928
100.0,-7.771663163e-06,100.0192202
100.0,-7.645247467e-06,100.0193689
100.0,-7.150326656e-06,100.0195413
100.0,-7.646744331e-06,100.0195599
100.0,-7.449314689e-06,100.0192189
100.0,-7.233897084e-06,100.0192541
100.0,-7.281559728e-06,100.0191114
100.0,-7.68317065e-06,100.0196412
100.0,-7.429816468e-06,100.019577
Freq,100,Rs,100.01935484375,0.0001828357002661771,Ls,-7.466542067375e-06,2.6523815638789677e-07
":SOUR:DCS:STAT OFF;:BIAS:STAT OFF;:COMP:BIN:COUN:CLE;:LIST:CLE:ALL;:COMP:BIN:CLE;:AMPL:ALC OFF;:APER LONG,1;:BIAS:POL:AUTO OFF;:BIAS:RANG:AUTO ON;:BIAS:VOLT:LEV 0;:COMP:ABIN OFF;:COMP:BIN:COUN:STAT OFF;:COMP:MODE PTOL;:COMP:SLIM -9.9e+037,9.9e+037;:COMP:STAT OFF;:COMP:SWAP OFF;:COMP:TOL:NOM 0;:DISP:ENAB ON;:DISP:LINE """";:DISP:WIND:TEXT1:DATA:FMSD:DATA 1e-009;:DISP:WIND:TEXT2:DATA:FMSD:DATA 1e-009;:FORM:ASC:LONG ON;:FORM:BORD NORM;:FORM:DATA ASC,64;:FREQ:CW 100;:FUNC:DEV1:MODE OFF;:FUNC:DEV1:REF:VAL 0;:FUNC:DEV2:MODE OFF;:FUNC:DEV2:REF:VAL 0;:FUNC:IMP:TYPE LSRS;:FUNC:SMON:IDC:STAT OFF;:FUNC:SMON:VDC:STAT OFF;:INIT:CONT OFF;:LIST:MODE SEQ;:LIST:STIM:TYPE FREQ,NONE;:SOUR:DCS:VOLT:LEV 0;:TRIG:DEL 0;:TRIG:SOUR INT;:TRIG:TDEL 0;:VOLT:LEV 1;:DISP:WIND:TEXT1:DATA:FMSD:STAT OFF;:DISP:WIND:TEXT2:DATA:FMSD:STAT OFF;:FUNC:DCR:RANG:VAL 100;:FUNC:IMP:RANG:VAL 100;:OUTP:DC:ISOL:LEV:VAL 0.02;:OUTP:DC:ISOL:STAT OFF;:FUNC:DCR:RANG:AUTO ON;:FUNC:IMP:RANG:AUTO ON;:OUTP:DC:ISOL:LEV:AUTO ON;:DISP:PAGE MEASurement;
"
":SOUR:DCS:STAT OFF;:BIAS:STAT OFF;:COMP:BIN:COUN:CLE;:LIST:CLE:ALL;:COMP:BIN:CLE;:AMPL:ALC OFF;:APER LONG,1;:BIAS:POL:AUTO OFF;:BIAS:RANG:AUTO ON;:BIAS:VOLT:LEV 0;:COMP:ABIN OFF;:COMP:BIN:COUN:STAT OFF;:COMP:MODE PTOL;:COMP:SLIM -9.9e+037,9.9e+037;:COMP:STAT OFF;:COMP:SWAP OFF;:COMP:TOL:NOM 0;:DISP:ENAB ON;:DISP:LINE """";:DISP:WIND:TEXT1:DATA:FMSD:DATA 1e-009;:DISP:WIND:TEXT2:DATA:FMSD:DATA 1e-009;:FORM:ASC:LONG ON;:FORM:BORD NORM;:FORM:DATA ASC,64;:FREQ:CW 100;:FUNC:DEV1:MODE OFF;:FUNC:DEV1:REF:VAL 0;:FUNC:DEV2:MODE OFF;:FUNC:DEV2:REF:VAL 0;:FUNC:IMP:TYPE LSRS;:FUNC:SMON:IDC:STAT OFF;:FUNC:SMON:VDC:STAT OFF;:INIT:CONT OFF;:LIST:MODE SEQ;:LIST:STIM:TYPE FREQ,NONE;:SOUR:DCS:VOLT:LEV 0;:TRIG:DEL 0;:TRIG:SOUR INT;:TRIG:TDEL 0;:VOLT:LEV 1;:DISP:WIND:TEXT1:DATA:FMSD:STAT OFF;:DISP:WIND:TEXT2:DATA:FMSD:STAT OFF;:FUNC:DCR:RANG:VAL 100;:FUNC:IMP:RANG:VAL 100;:OUTP:DC:ISOL:LEV:VAL 0.02;:OUTP:DC:ISOL:STAT OFF;:FUNC:DCR:RANG:AUTO ON;:FUNC:IMP:RANG:AUTO ON;:OUTP:DC:ISOL:LEV:AUTO ON;:DISP:PAGE MEASurement;
"
2024-04-18,14:36:12
---------run finished---------
lcr name:,KeySight E4980A
Name and description of Resistor under test: ,100 ohm
lcr name:,KeySight E4980A
Name and description of Resistor under test: ,100 ohm
lcr name:,KeySight E4980A
Name and description of Resistor under test: ,100 ohm
2024-04-18,15:56:42
select the freq range,"[50, 100]"
50.0,-3.026262756e-05,100.0206571
50.0,-3.036463869e-05,100.0209174
50.0,-3.190306863e-05,100.0204667
50.0,-2.923889189e-05,100.0204901
50.0,-2.950102565e-05,100.021092
50.0,-2.974624742e-05,100.0205462
50.0,-3.010576127e-05,100.0205904
50.0,-3.034218479e-05,100.0199442
50.0,-3.186661451e-05,100.0204229
50.0,-3.026085418e-05,100.0207904
50.0,-3.110431471e-05,100.0204867
50.0,-2.953493213e-05,100.0203293
50.0,-2.787791747e-05,100.0205451
50.0,-2.850812139e-05,100.0203322
50.0,-2.897505672e-05,100.0204747
50.0,-2.769826387e-05,100.0205348
Freq,50,Rs,100.0205387625,0.000257861427579078,Ls,-2.9830657555e-05,1.2234167982029402e-06
":SOUR:DCS:STAT OFF;:BIAS:STAT OFF;:COMP:BIN:COUN:CLE;:LIST:CLE:ALL;:COMP:BIN:CLE;:AMPL:ALC OFF;:APER LONG,1;:BIAS:POL:AUTO OFF;:BIAS:RANG:AUTO ON;:BIAS:VOLT:LEV 0;:COMP:ABIN OFF;:COMP:BIN:COUN:STAT OFF;:COMP:MODE PTOL;:COMP:SLIM -9.9e+037,9.9e+037;:COMP:STAT OFF;:COMP:SWAP OFF;:COMP:TOL:NOM 0;:DISP:ENAB ON;:DISP:LINE """";:DISP:WIND:TEXT1:DATA:FMSD:DATA 1e-009;:DISP:WIND:TEXT2:DATA:FMSD:DATA 1e-009;:FORM:ASC:LONG ON;:FORM:BORD NORM;:FORM:DATA ASC,64;:FREQ:CW 50;:FUNC:DEV1:MODE OFF;:FUNC:DEV1:REF:VAL 0;:FUNC:DEV2:MODE OFF;:FUNC:DEV2:REF:VAL 0;:FUNC:IMP:TYPE LSRS;:FUNC:SMON:IDC:STAT OFF;:FUNC:SMON:VDC:STAT OFF;:INIT:CONT OFF;:LIST:MODE SEQ;:LIST:STIM:TYPE FREQ,NONE;:SOUR:DCS:VOLT:LEV 0;:TRIG:DEL 0;:TRIG:SOUR INT;:TRIG:TDEL 0;:VOLT:LEV 1;:DISP:WIND:TEXT1:DATA:FMSD:STAT OFF;:DISP:WIND:TEXT2:DATA:FMSD:STAT OFF;:FUNC:DCR:RANG:VAL 100;:FUNC:IMP:RANG:VAL 100;:OUTP:DC:ISOL:LEV:VAL 0.02;:OUTP:DC:ISOL:STAT OFF;:FUNC:DCR:RANG:AUTO ON;:FUNC:IMP:RANG:AUTO ON;:OUTP:DC:ISOL:LEV:AUTO ON;:DISP:PAGE MEASurement;
"
100.0,-6.668236896e-06,100.0192262
100.0,-7.614463916e-06,100.0193671
100.0,-7.11840343e-06,100.0191198
100.0,-7.225559528e-06,100.0191482
100.0,-7.003832827e-06,100.0192498
100.0,-7.073136865e-06,100.0191171
100.0,-7.342806112e-06,100.0187432
100.0,-7.335350703e-06,100.0192325
100.0,-7.490141498e-06,100.018976
100.0,-8.528980502e-06,100.0194405
100.0,-7.618324056e-06,100.0187988
100.0,-7.145940592e-06,100.0194099
100.0,-7.942961565e-06,100.0193802
100.0,-7.645541046e-06,100.0189581
100.0,-7.870413853e-06,100.0190811
100.0,-7.614653498e-06,100.0197041
Freq,100,Rs,100.0191845375,0.0002483614325261367,Ls,-7.4524216804375e-06,4.4240744649386034e-07
":SOUR:DCS:STAT OFF;:BIAS:STAT OFF;:COMP:BIN:COUN:CLE;:LIST:CLE:ALL;:COMP:BIN:CLE;:AMPL:ALC OFF;:APER LONG,1;:BIAS:POL:AUTO OFF;:BIAS:RANG:AUTO ON;:BIAS:VOLT:LEV 0;:COMP:ABIN OFF;:COMP:BIN:COUN:STAT OFF;:COMP:MODE PTOL;:COMP:SLIM -9.9e+037,9.9e+037;:COMP:STAT OFF;:COMP:SWAP OFF;:COMP:TOL:NOM 0;:DISP:ENAB ON;:DISP:LINE """";:DISP:WIND:TEXT1:DATA:FMSD:DATA 1e-009;:DISP:WIND:TEXT2:DATA:FMSD:DATA 1e-009;:FORM:ASC:LONG ON;:FORM:BORD NORM;:FORM:DATA ASC,64;:FREQ:CW 100;:FUNC:DEV1:MODE OFF;:FUNC:DEV1:REF:VAL 0;:FUNC:DEV2:MODE OFF;:FUNC:DEV2:REF:VAL 0;:FUNC:IMP:TYPE LSRS;:FUNC:SMON:IDC:STAT OFF;:FUNC:SMON:VDC:STAT OFF;:INIT:CONT OFF;:LIST:MODE SEQ;:LIST:STIM:TYPE FREQ,NONE;:SOUR:DCS:VOLT:LEV 0;:TRIG:DEL 0;:TRIG:SOUR INT;:TRIG:TDEL 0;:VOLT:LEV 1;:DISP:WIND:TEXT1:DATA:FMSD:STAT OFF;:DISP:WIND:TEXT2:DATA:FMSD:STAT OFF;:FUNC:DCR:RANG:VAL 100;:FUNC:IMP:RANG:VAL 100;:OUTP:DC:ISOL:LEV:VAL 0.02;:OUTP:DC:ISOL:STAT OFF;:FUNC:DCR:RANG:AUTO ON;:FUNC:IMP:RANG:AUTO ON;:OUTP:DC:ISOL:LEV:AUTO ON;:DISP:PAGE MEASurement;
"
":SOUR:DCS:STAT OFF;:BIAS:STAT OFF;:COMP:BIN:COUN:CLE;:LIST:CLE:ALL;:COMP:BIN:CLE;:AMPL:ALC OFF;:APER LONG,1;:BIAS:POL:AUTO OFF;:BIAS:RANG:AUTO ON;:BIAS:VOLT:LEV 0;:COMP:ABIN OFF;:COMP:BIN:COUN:STAT OFF;:COMP:MODE PTOL;:COMP:SLIM -9.9e+037,9.9e+037;:COMP:STAT OFF;:COMP:SWAP OFF;:COMP:TOL:NOM 0;:DISP:ENAB ON;:DISP:LINE """";:DISP:WIND:TEXT1:DATA:FMSD:DATA 1e-009;:DISP:WIND:TEXT2:DATA:FMSD:DATA 1e-009;:FORM:ASC:LONG ON;:FORM:BORD NORM;:FORM:DATA ASC,64;:FREQ:CW 100;:FUNC:DEV1:MODE OFF;:FUNC:DEV1:REF:VAL 0;:FUNC:DEV2:MODE OFF;:FUNC:DEV2:REF:VAL 0;:FUNC:IMP:TYPE LSRS;:FUNC:SMON:IDC:STAT OFF;:FUNC:SMON:VDC:STAT OFF;:INIT:CONT OFF;:LIST:MODE SEQ;:LIST:STIM:TYPE FREQ,NONE;:SOUR:DCS:VOLT:LEV 0;:TRIG:DEL 0;:TRIG:SOUR INT;:TRIG:TDEL 0;:VOLT:LEV 1;:DISP:WIND:TEXT1:DATA:FMSD:STAT OFF;:DISP:WIND:TEXT2:DATA:FMSD:STAT OFF;:FUNC:DCR:RANG:VAL 100;:FUNC:IMP:RANG:VAL 100;:OUTP:DC:ISOL:LEV:VAL 0.02;:OUTP:DC:ISOL:STAT OFF;:FUNC:DCR:RANG:AUTO ON;:FUNC:IMP:RANG:AUTO ON;:OUTP:DC:ISOL:LEV:AUTO ON;:DISP:PAGE MEASurement;
"
2024-04-18,15:57:07
---------run finished---------
lcr name:,KeySight E4980A
Name and description of Resistor under test: ,100 ohm
lcr name:,KeySight E4980A
Name and description of Resistor under test: ,100 ohm
2024-04-18,16:12:23
select the freq range,"[50, 100]"
50.0,-2.839831723e-05,100.0202898
50.0,-2.886156028e-05,100.020536
50.0,-2.827188552e-05,100.0202762
50.0,-2.972830745e-05,100.0201434
50.0,-2.915543029e-05,100.0200747
50.0,-2.975211475e-05,100.0200272
50.0,-3.000323295e-05,100.0204725
50.0,-2.989347363e-05,100.0202544
50.0,-2.85756627e-05,100.0206728
50.0,-2.952684387e-05,100.0204609
50.0,-2.964372895e-05,100.0199747
50.0,-2.957161935e-05,100.0199635
50.0,-2.959628651e-05,100.0202452
50.0,-2.945564296e-05,100.0199847
50.0,-3.000152914e-05,100.0208522
50.0,-3.008250067e-05,100.0202918
Freq,50,Rs,100.02028250000001,0.00026132174038855885,Ls,-2.9407383515625e-05,5.841115314764021e-07
":SOUR:DCS:STAT OFF;:BIAS:STAT OFF;:COMP:BIN:COUN:CLE;:LIST:CLE:ALL;:COMP:BIN:CLE;:AMPL:ALC OFF;:APER LONG,1;:BIAS:POL:AUTO OFF;:BIAS:RANG:AUTO ON;:BIAS:VOLT:LEV 0;:COMP:ABIN OFF;:COMP:BIN:COUN:STAT OFF;:COMP:MODE PTOL;:COMP:SLIM -9.9e+037,9.9e+037;:COMP:STAT OFF;:COMP:SWAP OFF;:COMP:TOL:NOM 0;:DISP:ENAB ON;:DISP:LINE """";:DISP:WIND:TEXT1:DATA:FMSD:DATA 1e-009;:DISP:WIND:TEXT2:DATA:FMSD:DATA 1e-009;:FORM:ASC:LONG ON;:FORM:BORD NORM;:FORM:DATA ASC,64;:FREQ:CW 50;:FUNC:DEV1:MODE OFF;:FUNC:DEV1:REF:VAL 0;:FUNC:DEV2:MODE OFF;:FUNC:DEV2:REF:VAL 0;:FUNC:IMP:TYPE LSRS;:FUNC:SMON:IDC:STAT OFF;:FUNC:SMON:VDC:STAT OFF;:INIT:CONT OFF;:LIST:MODE SEQ;:LIST:STIM:TYPE FREQ,NONE;:SOUR:DCS:VOLT:LEV 0;:TRIG:DEL 0;:TRIG:SOUR INT;:TRIG:TDEL 0;:VOLT:LEV 1;:DISP:WIND:TEXT1:DATA:FMSD:STAT OFF;:DISP:WIND:TEXT2:DATA:FMSD:STAT OFF;:FUNC:DCR:RANG:VAL 100;:FUNC:IMP:RANG:VAL 100;:OUTP:DC:ISOL:LEV:VAL 0.02;:OUTP:DC:ISOL:STAT OFF;:FUNC:DCR:RANG:AUTO ON;:FUNC:IMP:RANG:AUTO ON;:OUTP:DC:ISOL:LEV:AUTO ON;:DISP:PAGE MEASurement;
"
100.0,-7.221953347e-06,100.0194074
100.0,-6.821034439e-06,100.0187655
100.0,-6.826958827e-06,100.019485
100.0,-7.590684609e-06,100.0188377
100.0,-7.382438941e-06,100.0195704
100.0,-7.186447799e-06,100.0194364
100.0,-7.529783681e-06,100.0195463
100.0,-7.152430289e-06,100.0192983
100.0,-7.3473386e-06,100.019243
100.0,-7.49384128e-06,100.019294
100.0,-7.120490281e-06,100.019213
100.0,-7.700105549e-06,100.0189117
100.0,-7.544228083e-06,100.0194162
100.0,-7.760766507e-06,100.0193151
100.0,-7.361595722e-06,100.0193342
100.0,-7.836534004e-06,100.0193956
Freq,100,Rs,100.0192793625,0.00024171813302528868,Ls,-7.367289497375e-06,3.0125580215459204e-07
":SOUR:DCS:STAT OFF;:BIAS:STAT OFF;:COMP:BIN:COUN:CLE;:LIST:CLE:ALL;:COMP:BIN:CLE;:AMPL:ALC OFF;:APER LONG,1;:BIAS:POL:AUTO OFF;:BIAS:RANG:AUTO ON;:BIAS:VOLT:LEV 0;:COMP:ABIN OFF;:COMP:BIN:COUN:STAT OFF;:COMP:MODE PTOL;:COMP:SLIM -9.9e+037,9.9e+037;:COMP:STAT OFF;:COMP:SWAP OFF;:COMP:TOL:NOM 0;:DISP:ENAB ON;:DISP:LINE """";:DISP:WIND:TEXT1:DATA:FMSD:DATA 1e-009;:DISP:WIND:TEXT2:DATA:FMSD:DATA 1e-009;:FORM:ASC:LONG ON;:FORM:BORD NORM;:FORM:DATA ASC,64;:FREQ:CW 100;:FUNC:DEV1:MODE OFF;:FUNC:DEV1:REF:VAL 0;:FUNC:DEV2:MODE OFF;:FUNC:DEV2:REF:VAL 0;:FUNC:IMP:TYPE LSRS;:FUNC:SMON:IDC:STAT OFF;:FUNC:SMON:VDC:STAT OFF;:INIT:CONT OFF;:LIST:MODE SEQ;:LIST:STIM:TYPE FREQ,NONE;:SOUR:DCS:VOLT:LEV 0;:TRIG:DEL 0;:TRIG:SOUR INT;:TRIG:TDEL 0;:VOLT:LEV 1;:DISP:WIND:TEXT1:DATA:FMSD:STAT OFF;:DISP:WIND:TEXT2:DATA:FMSD:STAT OFF;:FUNC:DCR:RANG:VAL 100;:FUNC:IMP:RANG:VAL 100;:OUTP:DC:ISOL:LEV:VAL 0.02;:OUTP:DC:ISOL:STAT OFF;:FUNC:DCR:RANG:AUTO ON;:FUNC:IMP:RANG:AUTO ON;:OUTP:DC:ISOL:LEV:AUTO ON;:DISP:PAGE MEASurement;
"
":SOUR:DCS:STAT OFF;:BIAS:STAT OFF;:COMP:BIN:COUN:CLE;:LIST:CLE:ALL;:COMP:BIN:CLE;:AMPL:ALC OFF;:APER LONG,1;:BIAS:POL:AUTO OFF;:BIAS:RANG:AUTO ON;:BIAS:VOLT:LEV 0;:COMP:ABIN OFF;:COMP:BIN:COUN:STAT OFF;:COMP:MODE PTOL;:COMP:SLIM -9.9e+037,9.9e+037;:COMP:STAT OFF;:COMP:SWAP OFF;:COMP:TOL:NOM 0;:DISP:ENAB ON;:DISP:LINE """";:DISP:WIND:TEXT1:DATA:FMSD:DATA 1e-009;:DISP:WIND:TEXT2:DATA:FMSD:DATA 1e-009;:FORM:ASC:LONG ON;:FORM:BORD NORM;:FORM:DATA ASC,64;:FREQ:CW 100;:FUNC:DEV1:MODE OFF;:FUNC:DEV1:REF:VAL 0;:FUNC:DEV2:MODE OFF;:FUNC:DEV2:REF:VAL 0;:FUNC:IMP:TYPE LSRS;:FUNC:SMON:IDC:STAT OFF;:FUNC:SMON:VDC:STAT OFF;:INIT:CONT OFF;:LIST:MODE SEQ;:LIST:STIM:TYPE FREQ,NONE;:SOUR:DCS:VOLT:LEV 0;:TRIG:DEL 0;:TRIG:SOUR INT;:TRIG:TDEL 0;:VOLT:LEV 1;:DISP:WIND:TEXT1:DATA:FMSD:STAT OFF;:DISP:WIND:TEXT2:DATA:FMSD:STAT OFF;:FUNC:DCR:RANG:VAL 100;:FUNC:IMP:RANG:VAL 100;:OUTP:DC:ISOL:LEV:VAL 0.02;:OUTP:DC:ISOL:STAT OFF;:FUNC:DCR:RANG:AUTO ON;:FUNC:IMP:RANG:AUTO ON;:OUTP:DC:ISOL:LEV:AUTO ON;:DISP:PAGE MEASurement;
"
2024-04-18,16:12:48
---------run finished---------
lcr name:,KeySight E4980A
Name and description of Resistor under test: ,100 ohm
2024-04-18,16:14:21
select the freq range,"[50, 100]"
50.0,-2.60047128e-05,100.0206681
50.0,-2.625195714e-05,100.0207447
50.0,-2.523317055e-05,100.0206359
50.0,-2.713026996e-05,100.0207492
50.0,-2.603232321e-05,100.0205443
50.0,-2.580554316e-05,100.0212291
50.0,-2.600647944e-05,100.0211118
50.0,-2.557381907e-05,100.0215534
50.0,-2.631112396e-05,100.0209654
50.0,-2.484758108e-05,100.0206016
50.0,-2.591351834e-05,100.0209189
50.0,-2.583715484e-05,100.0214537
50.0,-2.682039976e-05,100.0206717
50.0,-2.727184125e-05,100.0209551
50.0,-2.638880446e-05,100.0207643
50.0,-2.455080935e-05,100.0209157
Freq,50,Rs,100.02090518125,0.00030007268279272803,Ls,-2.5998719273125e-05,7.371282052314417e-07
":SOUR:DCS:STAT OFF;:BIAS:STAT OFF;:COMP:BIN:COUN:CLE;:LIST:CLE:ALL;:COMP:BIN:CLE;:AMPL:ALC OFF;:APER LONG,1;:BIAS:POL:AUTO OFF;:BIAS:RANG:AUTO ON;:BIAS:VOLT:LEV 0;:COMP:ABIN OFF;:COMP:BIN:COUN:STAT OFF;:COMP:MODE PTOL;:COMP:SLIM -9.9e+037,9.9e+037;:COMP:STAT OFF;:COMP:SWAP OFF;:COMP:TOL:NOM 0;:DISP:ENAB ON;:DISP:LINE """";:DISP:WIND:TEXT1:DATA:FMSD:DATA 1e-009;:DISP:WIND:TEXT2:DATA:FMSD:DATA 1e-009;:FORM:ASC:LONG ON;:FORM:BORD NORM;:FORM:DATA ASC,64;:FREQ:CW 50;:FUNC:DEV1:MODE OFF;:FUNC:DEV1:REF:VAL 0;:FUNC:DEV2:MODE OFF;:FUNC:DEV2:REF:VAL 0;:FUNC:IMP:TYPE LSRS;:FUNC:SMON:IDC:STAT OFF;:FUNC:SMON:VDC:STAT OFF;:INIT:CONT OFF;:LIST:MODE SEQ;:LIST:STIM:TYPE FREQ,NONE;:SOUR:DCS:VOLT:LEV 0;:TRIG:DEL 0;:TRIG:SOUR INT;:TRIG:TDEL 0;:VOLT:LEV 1;:DISP:WIND:TEXT1:DATA:FMSD:STAT OFF;:DISP:WIND:TEXT2:DATA:FMSD:STAT OFF;:FUNC:DCR:RANG:VAL 100;:FUNC:IMP:RANG:VAL 100;:OUTP:DC:ISOL:LEV:VAL 0.02;:OUTP:DC:ISOL:STAT OFF;:FUNC:DCR:RANG:AUTO ON;:FUNC:IMP:RANG:AUTO ON;:OUTP:DC:ISOL:LEV:AUTO ON;:DISP:PAGE MEASurement;
"
100.0,-6.828780555e-06,100.0191613
100.0,-6.952410301e-06,100.0197198
100.0,-6.532580714e-06,100.0192946
100.0,-7.865511153e-06,100.0190299
100.0,-7.576796087e-06,100.0192714
100.0,-7.729269994e-06,100.0191429
100.0,-6.859862029e-06,100.0194979
100.0,-7.441507042e-06,100.0187179
100.0,-7.226727329e-06,100.0191201
100.0,-6.431625894e-06,100.0190778
100.0,-7.244124142e-06,100.0196422
100.0,-7.757618889e-06,100.019437
100.0,-7.502416843e-06,100.0193906
100.0,-7.085845844e-06,100.0193735
100.0,-7.375587588e-06,100.0195736
100.0,-7.10705865e-06,100.0193388
Freq,100,Rs,100.01929933125,0.00025554238192281243,Ls,-7.219857690875e-06,4.2624136290002534e-07
":SOUR:DCS:STAT OFF;:BIAS:STAT OFF;:COMP:BIN:COUN:CLE;:LIST:CLE:ALL;:COMP:BIN:CLE;:AMPL:ALC OFF;:APER LONG,1;:BIAS:POL:AUTO OFF;:BIAS:RANG:AUTO ON;:BIAS:VOLT:LEV 0;:COMP:ABIN OFF;:COMP:BIN:COUN:STAT OFF;:COMP:MODE PTOL;:COMP:SLIM -9.9e+037,9.9e+037;:COMP:STAT OFF;:COMP:SWAP OFF;:COMP:TOL:NOM 0;:DISP:ENAB ON;:DISP:LINE """";:DISP:WIND:TEXT1:DATA:FMSD:DATA 1e-009;:DISP:WIND:TEXT2:DATA:FMSD:DATA 1e-009;:FORM:ASC:LONG ON;:FORM:BORD NORM;:FORM:DATA ASC,64;:FREQ:CW 100;:FUNC:DEV1:MODE OFF;:FUNC:DEV1:REF:VAL 0;:FUNC:DEV2:MODE OFF;:FUNC:DEV2:REF:VAL 0;:FUNC:IMP:TYPE LSRS;:FUNC:SMON:IDC:STAT OFF;:FUNC:SMON:VDC:STAT OFF;:INIT:CONT OFF;:LIST:MODE SEQ;:LIST:STIM:TYPE FREQ,NONE;:SOUR:DCS:VOLT:LEV 0;:TRIG:DEL 0;:TRIG:SOUR INT;:TRIG:TDEL 0;:VOLT:LEV 1;:DISP:WIND:TEXT1:DATA:FMSD:STAT OFF;:DISP:WIND:TEXT2:DATA:FMSD:STAT OFF;:FUNC:DCR:RANG:VAL 100;:FUNC:IMP:RANG:VAL 100;:OUTP:DC:ISOL:LEV:VAL 0.02;:OUTP:DC:ISOL:STAT OFF;:FUNC:DCR:RANG:AUTO ON;:FUNC:IMP:RANG:AUTO ON;:OUTP:DC:ISOL:LEV:AUTO ON;:DISP:PAGE MEASurement;
"
":SOUR:DCS:STAT OFF;:BIAS:STAT OFF;:COMP:BIN:COUN:CLE;:LIST:CLE:ALL;:COMP:BIN:CLE;:AMPL:ALC OFF;:APER LONG,1;:BIAS:POL:AUTO OFF;:BIAS:RANG:AUTO ON;:BIAS:VOLT:LEV 0;:COMP:ABIN OFF;:COMP:BIN:COUN:STAT OFF;:COMP:MODE PTOL;:COMP:SLIM -9.9e+037,9.9e+037;:COMP:STAT OFF;:COMP:SWAP OFF;:COMP:TOL:NOM 0;:DISP:ENAB ON;:DISP:LINE """";:DISP:WIND:TEXT1:DATA:FMSD:DATA 1e-009;:DISP:WIND:TEXT2:DATA:FMSD:DATA 1e-009;:FORM:ASC:LONG ON;:FORM:BORD NORM;:FORM:DATA ASC,64;:FREQ:CW 100;:FUNC:DEV1:MODE OFF;:FUNC:DEV1:REF:VAL 0;:FUNC:DEV2:MODE OFF;:FUNC:DEV2:REF:VAL 0;:FUNC:IMP:TYPE LSRS;:FUNC:SMON:IDC:STAT OFF;:FUNC:SMON:VDC:STAT OFF;:INIT:CONT OFF;:LIST:MODE SEQ;:LIST:STIM:TYPE FREQ,NONE;:SOUR:DCS:VOLT:LEV 0;:TRIG:DEL 0;:TRIG:SOUR INT;:TRIG:TDEL 0;:VOLT:LEV 1;:DISP:WIND:TEXT1:DATA:FMSD:STAT OFF;:DISP:WIND:TEXT2:DATA:FMSD:STAT OFF;:FUNC:DCR:RANG:VAL 100;:FUNC:IMP:RANG:VAL 100;:OUTP:DC:ISOL:LEV:VAL 0.02;:OUTP:DC:ISOL:STAT OFF;:FUNC:DCR:RANG:AUTO ON;:FUNC:IMP:RANG:AUTO ON;:OUTP:DC:ISOL:LEV:AUTO ON;:DISP:PAGE MEASurement;
"
2024-04-18,16:14:46
---------run finished---------
lcr name:,KeySight E4980A
Name and description of Resistor under test: ,100 ohm
2024-04-18,16:19:19
select the freq range,"[50, 100]"
50.0,-3.128187721e-05,100.0203958,"+5.01433E-003
","+5.01442E-003
"
50.0,-3.149753534e-05,100.0206723,"+5.01434E-003
","+5.01431E-003
"
50.0,-3.179954355e-05,100.02017,"+5.01429E-003
","+5.01433E-003
"
50.0,-2.941437358e-05,100.020772,"+5.01432E-003
","+5.01432E-003
"
50.0,-2.926898698e-05,100.0201127,"+5.01431E-003
","+5.01434E-003
"
50.0,-2.937004008e-05,100.0205241,"+5.01430E-003
","+5.01432E-003
"
50.0,-2.987028266e-05,100.0199129,"+5.01431E-003
","+5.01439E-003
"
50.0,-2.850662459e-05,100.0200921,"+5.01438E-003
","+5.01435E-003
"
50.0,-2.820664489e-05,100.0202809,"+5.01437E-003
","+5.01431E-003
"
50.0,-2.783945922e-05,100.02024,"+5.01438E-003
","+5.01435E-003
"
50.0,-2.668357672e-05,100.0205319,"+5.01433E-003
","+5.01430E-003
"
50.0,-2.596243113e-05,100.020501,"+5.01438E-003
","+5.01432E-003
"
50.0,-2.723076067e-05,100.0213313,"+5.01434E-003
","+5.01425E-003
"
50.0,-2.812884322e-05,100.0217119,"+5.01435E-003
","+5.01434E-003
"
50.0,-3.060211148e-05,100.020593,"+5.01433E-003
","+5.01431E-003
"
50.0,-2.9004729e-05,100.0206533,"+5.01435E-003
","+5.01441E-003
"
Freq,50,Rs,100.02053095,0.00046031062121207794,Ls,-2.9041738769999997e-05,1.7060838387733691e-06
":SOUR:DCS:STAT OFF;:BIAS:STAT OFF;:COMP:BIN:COUN:CLE;:LIST:CLE:ALL;:COMP:BIN:CLE;:AMPL:ALC OFF;:APER LONG,1;:BIAS:POL:AUTO OFF;:BIAS:RANG:AUTO ON;:BIAS:VOLT:LEV 0;:COMP:ABIN OFF;:COMP:BIN:COUN:STAT OFF;:COMP:MODE PTOL;:COMP:SLIM -9.9e+037,9.9e+037;:COMP:STAT OFF;:COMP:SWAP OFF;:COMP:TOL:NOM 0;:DISP:ENAB ON;:DISP:LINE """";:DISP:WIND:TEXT1:DATA:FMSD:DATA 1e-009;:DISP:WIND:TEXT2:DATA:FMSD:DATA 1e-009;:FORM:ASC:LONG ON;:FORM:BORD NORM;:FORM:DATA ASC,64;:FREQ:CW 50;:FUNC:DEV1:MODE OFF;:FUNC:DEV1:REF:VAL 0;:FUNC:DEV2:MODE OFF;:FUNC:DEV2:REF:VAL 0;:FUNC:IMP:TYPE LSRS;:FUNC:SMON:IDC:STAT OFF;:FUNC:SMON:VDC:STAT OFF;:INIT:CONT OFF;:LIST:MODE SEQ;:LIST:STIM:TYPE FREQ,NONE;:SOUR:DCS:VOLT:LEV 0;:TRIG:DEL 0;:TRIG:SOUR INT;:TRIG:TDEL 0;:VOLT:LEV 1;:DISP:WIND:TEXT1:DATA:FMSD:STAT OFF;:DISP:WIND:TEXT2:DATA:FMSD:STAT OFF;:FUNC:DCR:RANG:VAL 100;:FUNC:IMP:RANG:VAL 100;:OUTP:DC:ISOL:LEV:VAL 0.02;:OUTP:DC:ISOL:STAT OFF;:FUNC:DCR:RANG:AUTO ON;:FUNC:IMP:RANG:AUTO ON;:OUTP:DC:ISOL:LEV:AUTO ON;:DISP:PAGE MEASurement;
"
100.0,-7.723761588e-06,100.0197346,"+5.00969E-003
","+5.00975E-003
"
100.0,-7.670521969e-06,100.0196762,"+5.00977E-003
","+5.00976E-003
"
100.0,-7.573376475e-06,100.0193158,"+5.00967E-003
","+5.00968E-003
"
100.0,-7.176149577e-06,100.0194973,"+5.00978E-003
","+5.00974E-003
"
100.0,-7.001027436e-06,100.0195904,"+5.00975E-003
","+5.00970E-003
"
100.0,-7.436004526e-06,100.0193444,"+5.00971E-003
","+5.00965E-003
"
100.0,-7.791872015e-06,100.0199825,"+5.00967E-003
","+5.00970E-003
"
100.0,-7.66939227e-06,100.0196051,"+5.00972E-003
","+5.00972E-003
"
100.0,-7.469102984e-06,100.0197665,"+5.00970E-003
","+5.00974E-003
"
100.0,-7.300889947e-06,100.0194204,"+5.00967E-003
","+5.00967E-003
"
100.0,-7.308890027e-06,100.0197452,"+5.00972E-003
","+5.00970E-003
"
100.0,-7.244211373e-06,100.0197001,"+5.00970E-003
","+5.00964E-003
"
100.0,-7.24253849e-06,100.019863,"+5.00970E-003
","+5.00967E-003
"
100.0,-7.740363772e-06,100.0193179,"+5.00965E-003
","+5.00967E-003
"
100.0,-7.584771621e-06,100.0192078,"+5.00969E-003
","+5.00974E-003
"
100.0,-6.680295552e-06,100.0197995,"+5.00959E-003
","+5.00971E-003
"
Freq,100,Rs,100.01959791875,0.00022514868633505706,Ls,-7.413323101375001e-06,3.0352036245269734e-07
":SOUR:DCS:STAT OFF;:BIAS:STAT OFF;:COMP:BIN:COUN:CLE;:LIST:CLE:ALL;:COMP:BIN:CLE;:AMPL:ALC OFF;:APER LONG,1;:BIAS:POL:AUTO OFF;:BIAS:RANG:AUTO ON;:BIAS:VOLT:LEV 0;:COMP:ABIN OFF;:COMP:BIN:COUN:STAT OFF;:COMP:MODE PTOL;:COMP:SLIM -9.9e+037,9.9e+037;:COMP:STAT OFF;:COMP:SWAP OFF;:COMP:TOL:NOM 0;:DISP:ENAB ON;:DISP:LINE """";:DISP:WIND:TEXT1:DATA:FMSD:DATA 1e-009;:DISP:WIND:TEXT2:DATA:FMSD:DATA 1e-009;:FORM:ASC:LONG ON;:FORM:BORD NORM;:FORM:DATA ASC,64;:FREQ:CW 100;:FUNC:DEV1:MODE OFF;:FUNC:DEV1:REF:VAL 0;:FUNC:DEV2:MODE OFF;:FUNC:DEV2:REF:VAL 0;:FUNC:IMP:TYPE LSRS;:FUNC:SMON:IDC:STAT OFF;:FUNC:SMON:VDC:STAT OFF;:INIT:CONT OFF;:LIST:MODE SEQ;:LIST:STIM:TYPE FREQ,NONE;:SOUR:DCS:VOLT:LEV 0;:TRIG:DEL 0;:TRIG:SOUR INT;:TRIG:TDEL 0;:VOLT:LEV 1;:DISP:WIND:TEXT1:DATA:FMSD:STAT OFF;:DISP:WIND:TEXT2:DATA:FMSD:STAT OFF;:FUNC:DCR:RANG:VAL 100;:FUNC:IMP:RANG:VAL 100;:OUTP:DC:ISOL:LEV:VAL 0.02;:OUTP:DC:ISOL:STAT OFF;:FUNC:DCR:RANG:AUTO ON;:FUNC:IMP:RANG:AUTO ON;:OUTP:DC:ISOL:LEV:AUTO ON;:DISP:PAGE MEASurement;
"
":SOUR:DCS:STAT OFF;:BIAS:STAT OFF;:COMP:BIN:COUN:CLE;:LIST:CLE:ALL;:COMP:BIN:CLE;:AMPL:ALC OFF;:APER LONG,1;:BIAS:POL:AUTO OFF;:BIAS:RANG:AUTO ON;:BIAS:VOLT:LEV 0;:COMP:ABIN OFF;:COMP:BIN:COUN:STAT OFF;:COMP:MODE PTOL;:COMP:SLIM -9.9e+037,9.9e+037;:COMP:STAT OFF;:COMP:SWAP OFF;:COMP:TOL:NOM 0;:DISP:ENAB ON;:DISP:LINE """";:DISP:WIND:TEXT1:DATA:FMSD:DATA 1e-009;:DISP:WIND:TEXT2:DATA:FMSD:DATA 1e-009;:FORM:ASC:LONG ON;:FORM:BORD NORM;:FORM:DATA ASC,64;:FREQ:CW 100;:FUNC:DEV1:MODE OFF;:FUNC:DEV1:REF:VAL 0;:FUNC:DEV2:MODE OFF;:FUNC:DEV2:REF:VAL 0;:FUNC:IMP:TYPE LSRS;:FUNC:SMON:IDC:STAT OFF;:FUNC:SMON:VDC:STAT OFF;:INIT:CONT OFF;:LIST:MODE SEQ;:LIST:STIM:TYPE FREQ,NONE;:SOUR:DCS:VOLT:LEV 0;:TRIG:DEL 0;:TRIG:SOUR INT;:TRIG:TDEL 0;:VOLT:LEV 1;:DISP:WIND:TEXT1:DATA:FMSD:STAT OFF;:DISP:WIND:TEXT2:DATA:FMSD:STAT OFF;:FUNC:DCR:RANG:VAL 100;:FUNC:IMP:RANG:VAL 100;:OUTP:DC:ISOL:LEV:VAL 0.02;:OUTP:DC:ISOL:STAT OFF;:FUNC:DCR:RANG:AUTO ON;:FUNC:IMP:RANG:AUTO ON;:OUTP:DC:ISOL:LEV:AUTO ON;:DISP:PAGE MEASurement;
"
2024-04-18,16:20:13
---------run finished---------
lcr name:,KeySight E4980A
Name and description of Resistor under test: ,100 ohm
2024-04-18,16:21:00
select the freq range,"[50, 100]"
50.0,-2.654815896e-05,100.0204369,0.00501443,"+5.01542E-001
"
50.0,-2.77821952e-05,100.0206853,0.00501439,"+5.01535E-001
"
50.0,-2.797024075e-05,100.0206333,0.00501438,"+5.01540E-001
"
50.0,-2.980371018e-05,100.0207119,0.00501438,"+5.01542E-001
"
50.0,-3.155980688e-05,100.0206348,0.0050144,"+5.01539E-001
"
50.0,-2.999772666e-05,100.0214922,0.00501436,"+5.01546E-001
"
50.0,-2.832101049e-05,100.0219083,0.00501436,"+5.01547E-001
"
50.0,-2.829946976e-05,100.0207768,0.0050143,"+5.01545E-001
"
50.0,-2.660889124e-05,100.0198583,0.00501438,"+5.01542E-001
"
50.0,-2.772067819e-05,100.0207028,0.00501448,"+5.01545E-001
"
50.0,-2.938526924e-05,100.020378,0.00501444,"+5.01546E-001
"
50.0,-2.958058028e-05,100.0200344,0.00501437,"+5.01547E-001
"
50.0,-3.176508419e-05,100.0208322,0.00501438,"+5.01539E-001
"
50.0,-2.94239064e-05,100.0202719,0.0050144,"+5.01547E-001
"
50.0,-2.973893549e-05,100.0212291,0.00501438,"+5.01539E-001
"
50.0,-3.120026168e-05,100.02151,0.00501439,"+5.01541E-001
"
Freq,50,Rs,100.0207560125,0.0005485445079197221,Ls,-2.9106620349375e-05,1.6035588649467762e-06
":SOUR:DCS:STAT OFF;:BIAS:STAT OFF;:COMP:BIN:COUN:CLE;:LIST:CLE:ALL;:COMP:BIN:CLE;:AMPL:ALC OFF;:APER LONG,1;:BIAS:POL:AUTO OFF;:BIAS:RANG:AUTO ON;:BIAS:VOLT:LEV 0;:COMP:ABIN OFF;:COMP:BIN:COUN:STAT OFF;:COMP:MODE PTOL;:COMP:SLIM -9.9e+037,9.9e+037;:COMP:STAT OFF;:COMP:SWAP OFF;:COMP:TOL:NOM 0;:DISP:ENAB ON;:DISP:LINE """";:DISP:WIND:TEXT1:DATA:FMSD:DATA 1e-009;:DISP:WIND:TEXT2:DATA:FMSD:DATA 1e-009;:FORM:ASC:LONG ON;:FORM:BORD NORM;:FORM:DATA ASC,64;:FREQ:CW 50;:FUNC:DEV1:MODE OFF;:FUNC:DEV1:REF:VAL 0;:FUNC:DEV2:MODE OFF;:FUNC:DEV2:REF:VAL 0;:FUNC:IMP:TYPE LSRS;:FUNC:SMON:IDC:STAT OFF;:FUNC:SMON:VDC:STAT OFF;:INIT:CONT OFF;:LIST:MODE SEQ;:LIST:STIM:TYPE FREQ,NONE;:SOUR:DCS:VOLT:LEV 0;:TRIG:DEL 0;:TRIG:SOUR INT;:TRIG:TDEL 0;:VOLT:LEV 1;:DISP:WIND:TEXT1:DATA:FMSD:STAT OFF;:DISP:WIND:TEXT2:DATA:FMSD:STAT OFF;:FUNC:DCR:RANG:VAL 100;:FUNC:IMP:RANG:VAL 100;:OUTP:DC:ISOL:LEV:VAL 0.02;:OUTP:DC:ISOL:STAT OFF;:FUNC:DCR:RANG:AUTO ON;:FUNC:IMP:RANG:AUTO ON;:OUTP:DC:ISOL:LEV:AUTO ON;:DISP:PAGE MEASurement;
"
100.0,-8.668236765e-06,100.0191187,0.0050098,"+5.01078E-001
"
100.0,-7.21691088e-06,100.0195398,0.00500974,"+5.01077E-001
"
100.0,-7.355294847e-06,100.019163,0.00500977,"+5.01071E-001
"
100.0,-7.312905159e-06,100.0197688,0.00500973,"+5.01075E-001
"
100.0,-7.526921721e-06,100.0195874,0.00500972,"+5.01070E-001
"
100.0,-7.587741812e-06,100.0195115,0.00500977,"+5.01070E-001
"
100.0,-7.492645023e-06,100.0197586,0.00500974,"+5.01067E-001
"
100.0,-7.417748187e-06,100.0193333,0.00500973,"+5.01074E-001
"
100.0,-7.842906881e-06,100.0193384,0.00500975,"+5.01066E-001
"
100.0,-7.448709368e-06,100.0190009,0.00500967,"+5.01069E-001
"
100.0,-7.374416215e-06,100.0192966,0.00500973,"+5.01061E-001
"
100.0,-7.648553774e-06,100.0195503,0.00500977,"+5.01073E-001
"
100.0,-8.121583983e-06,100.0195969,0.00500974,"+5.01075E-001
"
100.0,-7.267496983e-06,100.0194209,0.00500966,"+5.01070E-001
"
100.0,-7.151105062e-06,100.0192932,0.0050097,"+5.01074E-001
"
100.0,-7.300559919e-06,100.0194824,0.00500976,"+5.01072E-001
"
Freq,100,Rs,100.01942254375001,0.00021864399364723226,Ls,-7.5458585361875005e-06,3.8664704996476044e-07
":SOUR:DCS:STAT OFF;:BIAS:STAT OFF;:COMP:BIN:COUN:CLE;:LIST:CLE:ALL;:COMP:BIN:CLE;:AMPL:ALC OFF;:APER LONG,1;:BIAS:POL:AUTO OFF;:BIAS:RANG:AUTO ON;:BIAS:VOLT:LEV 0;:COMP:ABIN OFF;:COMP:BIN:COUN:STAT OFF;:COMP:MODE PTOL;:COMP:SLIM -9.9e+037,9.9e+037;:COMP:STAT OFF;:COMP:SWAP OFF;:COMP:TOL:NOM 0;:DISP:ENAB ON;:DISP:LINE """";:DISP:WIND:TEXT1:DATA:FMSD:DATA 1e-009;:DISP:WIND:TEXT2:DATA:FMSD:DATA 1e-009;:FORM:ASC:LONG ON;:FORM:BORD NORM;:FORM:DATA ASC,64;:FREQ:CW 100;:FUNC:DEV1:MODE OFF;:FUNC:DEV1:REF:VAL 0;:FUNC:DEV2:MODE OFF;:FUNC:DEV2:REF:VAL 0;:FUNC:IMP:TYPE LSRS;:FUNC:SMON:IDC:STAT OFF;:FUNC:SMON:VDC:STAT OFF;:INIT:CONT OFF;:LIST:MODE SEQ;:LIST:STIM:TYPE FREQ,NONE;:SOUR:DCS:VOLT:LEV 0;:TRIG:DEL 0;:TRIG:SOUR INT;:TRIG:TDEL 0;:VOLT:LEV 1;:DISP:WIND:TEXT1:DATA:FMSD:STAT OFF;:DISP:WIND:TEXT2:DATA:FMSD:STAT OFF;:FUNC:DCR:RANG:VAL 100;:FUNC:IMP:RANG:VAL 100;:OUTP:DC:ISOL:LEV:VAL 0.02;:OUTP:DC:ISOL:STAT OFF;:FUNC:DCR:RANG:AUTO ON;:FUNC:IMP:RANG:AUTO ON;:OUTP:DC:ISOL:LEV:AUTO ON;:DISP:PAGE MEASurement;
"
":SOUR:DCS:STAT OFF;:BIAS:STAT OFF;:COMP:BIN:COUN:CLE;:LIST:CLE:ALL;:COMP:BIN:CLE;:AMPL:ALC OFF;:APER LONG,1;:BIAS:POL:AUTO OFF;:BIAS:RANG:AUTO ON;:BIAS:VOLT:LEV 0;:COMP:ABIN OFF;:COMP:BIN:COUN:STAT OFF;:COMP:MODE PTOL;:COMP:SLIM -9.9e+037,9.9e+037;:COMP:STAT OFF;:COMP:SWAP OFF;:COMP:TOL:NOM 0;:DISP:ENAB ON;:DISP:LINE """";:DISP:WIND:TEXT1:DATA:FMSD:DATA 1e-009;:DISP:WIND:TEXT2:DATA:FMSD:DATA 1e-009;:FORM:ASC:LONG ON;:FORM:BORD NORM;:FORM:DATA ASC,64;:FREQ:CW 100;:FUNC:DEV1:MODE OFF;:FUNC:DEV1:REF:VAL 0;:FUNC:DEV2:MODE OFF;:FUNC:DEV2:REF:VAL 0;:FUNC:IMP:TYPE LSRS;:FUNC:SMON:IDC:STAT OFF;:FUNC:SMON:VDC:STAT OFF;:INIT:CONT OFF;:LIST:MODE SEQ;:LIST:STIM:TYPE FREQ,NONE;:SOUR:DCS:VOLT:LEV 0;:TRIG:DEL 0;:TRIG:SOUR INT;:TRIG:TDEL 0;:VOLT:LEV 1;:DISP:WIND:TEXT1:DATA:FMSD:STAT OFF;:DISP:WIND:TEXT2:DATA:FMSD:STAT OFF;:FUNC:DCR:RANG:VAL 100;:FUNC:IMP:RANG:VAL 100;:OUTP:DC:ISOL:LEV:VAL 0.02;:OUTP:DC:ISOL:STAT OFF;:FUNC:DCR:RANG:AUTO ON;:FUNC:IMP:RANG:AUTO ON;:OUTP:DC:ISOL:LEV:AUTO ON;:DISP:PAGE MEASurement;
"
2024-04-18,16:21:54
---------run finished---------
lcr name:,KeySight E4980A
Name and description of Resistor under test: ,"100 ohm, no leads"
2024-04-18,16:24:54
select the freq range,"[20, 50, 100, 200, 300, 500, 800, 1000, 1591.5494309189535, 2000, 3000, 5000]"
20.0,-0.0001346207404,100.0315763,0.00499727,0.499879
20.0,-0.0001296913271,100.0325102,0.00499727,0.499879
20.0,-0.000134680177,100.0306368,0.00499723,0.499886
20.0,-0.0001366021933,100.0316929,0.00499723,0.499884
20.0,-0.0001283270257,100.0322927,0.00499722,0.499881
20.0,-0.0001345354269,100.0323504,0.00499731,0.499879
20.0,-0.0001337281525,100.0307207,0.00499725,0.499888
20.0,-0.0001310053999,100.0314718,0.00499723,0.499891
20.0,-0.0001247957974,100.0315055,0.00499726,0.499883
20.0,-0.000135117097,100.0307749,0.00499725,0.499889
20.0,-0.0001344933743,100.031454,0.00499726,0.499878
20.0,-0.0001369439502,100.0311122,0.00499724,0.49988
20.0,-0.0001327884463,100.0316505,0.00499716,0.499875
20.0,-0.0001259341777,100.0306798,0.00499726,0.499881
20.0,-0.0001269204979,100.03202,0.00499723,0.499878
20.0,-0.0001349706765,100.0307388,0.00499723,0.499882
Freq,20,Rs,100.03144921875,0.0006298442465876192,Ls,-0.00013219715375625,3.900027651589655e-06
":SOUR:DCS:STAT OFF;:BIAS:STAT OFF;:COMP:BIN:COUN:CLE;:LIST:CLE:ALL;:COMP:BIN:CLE;:AMPL:ALC OFF;:APER LONG,1;:BIAS:POL:AUTO OFF;:BIAS:RANG:AUTO ON;:BIAS:VOLT:LEV 0;:COMP:ABIN OFF;:COMP:BIN:COUN:STAT OFF;:COMP:MODE PTOL;:COMP:SLIM -9.9e+037,9.9e+037;:COMP:STAT OFF;:COMP:SWAP OFF;:COMP:TOL:NOM 0;:DISP:ENAB ON;:DISP:LINE """";:DISP:WIND:TEXT1:DATA:FMSD:DATA 1e-009;:DISP:WIND:TEXT2:DATA:FMSD:DATA 1e-009;:FORM:ASC:LONG ON;:FORM:BORD NORM;:FORM:DATA ASC,64;:FREQ:CW 20;:FUNC:DEV1:MODE OFF;:FUNC:DEV1:REF:VAL 0;:FUNC:DEV2:MODE OFF;:FUNC:DEV2:REF:VAL 0;:FUNC:IMP:TYPE LSRS;:FUNC:SMON:IDC:STAT OFF;:FUNC:SMON:VDC:STAT OFF;:INIT:CONT OFF;:LIST:MODE SEQ;:LIST:STIM:TYPE FREQ,NONE;:SOUR:DCS:VOLT:LEV 0;:TRIG:DEL 0;:TRIG:SOUR INT;:TRIG:TDEL 0;:VOLT:LEV 1;:DISP:WIND:TEXT1:DATA:FMSD:STAT OFF;:DISP:WIND:TEXT2:DATA:FMSD:STAT OFF;:FUNC:DCR:RANG:VAL 100;:FUNC:IMP:RANG:VAL 100;:OUTP:DC:ISOL:LEV:VAL 0.02;:OUTP:DC:ISOL:STAT OFF;:FUNC:DCR:RANG:AUTO ON;:FUNC:IMP:RANG:AUTO ON;:OUTP:DC:ISOL:LEV:AUTO ON;:DISP:PAGE MEASurement;
"
50.0,-2.699331262e-05,100.020374,0.00501434,0.501547
50.0,-2.589364202e-05,100.020537,0.00501438,0.50154
50.0,-2.699177548e-05,100.0205767,0.00501436,0.501541
50.0,-2.834680518e-05,100.0205875,0.00501441,0.501547
50.0,-2.728122438e-05,100.0194087,0.0050144,0.501544
50.0,-2.885334688e-05,100.0209659,0.00501442,0.50154
50.0,-3.04879815e-05,100.0207959,0.0050144,0.501552
50.0,-2.92835249e-05,100.020715,0.00501445,0.501552
50.0,-2.978459973e-05,100.0206531,0.00501443,0.501556
50.0,-2.942262133e-05,100.0213395,0.00501442,0.501547
50.0,-2.89765606e-05,100.0210898,0.00501443,0.50154
50.0,-3.112698019e-05,100.021715,0.00501443,0.501549
50.0,-2.965507223e-05,100.0207353,0.00501438,0.501547
50.0,-2.869793571e-05,100.0214347,0.00501442,0.501546
50.0,-2.966357958e-05,100.0210189,0.00501443,0.501548
50.0,-3.031284712e-05,100.0213263,0.00501442,0.501546
Freq,50,Rs,100.02082958125,0.0005334123873301047,Ls,-2.8860738090625e-05,1.4398801081849958e-06
":SOUR:DCS:STAT OFF;:BIAS:STAT OFF;:COMP:BIN:COUN:CLE;:LIST:CLE:ALL;:COMP:BIN:CLE;:AMPL:ALC OFF;:APER LONG,1;:BIAS:POL:AUTO OFF;:BIAS:RANG:AUTO ON;:BIAS:VOLT:LEV 0;:COMP:ABIN OFF;:COMP:BIN:COUN:STAT OFF;:COMP:MODE PTOL;:COMP:SLIM -9.9e+037,9.9e+037;:COMP:STAT OFF;:COMP:SWAP OFF;:COMP:TOL:NOM 0;:DISP:ENAB ON;:DISP:LINE """";:DISP:WIND:TEXT1:DATA:FMSD:DATA 1e-009;:DISP:WIND:TEXT2:DATA:FMSD:DATA 1e-009;:FORM:ASC:LONG ON;:FORM:BORD NORM;:FORM:DATA ASC,64;:FREQ:CW 50;:FUNC:DEV1:MODE OFF;:FUNC:DEV1:REF:VAL 0;:FUNC:DEV2:MODE OFF;:FUNC:DEV2:REF:VAL 0;:FUNC:IMP:TYPE LSRS;:FUNC:SMON:IDC:STAT OFF;:FUNC:SMON:VDC:STAT OFF;:INIT:CONT OFF;:LIST:MODE SEQ;:LIST:STIM:TYPE FREQ,NONE;:SOUR:DCS:VOLT:LEV 0;:TRIG:DEL 0;:TRIG:SOUR INT;:TRIG:TDEL 0;:VOLT:LEV 1;:DISP:WIND:TEXT1:DATA:FMSD:STAT OFF;:DISP:WIND:TEXT2:DATA:FMSD:STAT OFF;:FUNC:DCR:RANG:VAL 100;:FUNC:IMP:RANG:VAL 100;:OUTP:DC:ISOL:LEV:VAL 0.02;:OUTP:DC:ISOL:STAT OFF;:FUNC:DCR:RANG:AUTO ON;:FUNC:IMP:RANG:AUTO ON;:OUTP:DC:ISOL:LEV:AUTO ON;:DISP:PAGE MEASurement;
"
100.0,-6.807611504e-06,100.0198829,0.00500971,0.501074
100.0,-7.128014315e-06,100.0192975,0.00500972,0.501073
100.0,-7.118000961e-06,100.0194767,0.00500973,0.50107
100.0,-7.577126521e-06,100.0192308,0.0050097,0.501071
100.0,-7.572795477e-06,100.0194257,0.00500975,0.50107
100.0,-7.735699917e-06,100.0191624,0.00500972,0.501076
100.0,-7.158472452e-06,100.0193805,0.00500972,0.501073
100.0,-7.516861877e-06,100.019832,0.00500977,0.501066
100.0,-7.515131233e-06,100.0196036,0.00500972,0.501071
100.0,-7.3672265e-06,100.0194445,0.00500973,0.501067
100.0,-7.011918293e-06,100.0193432,0.00500972,0.50107
100.0,-6.98022437e-06,100.0193293,0.00500973,0.501068
100.0,-7.001308756e-06,100.0196514,0.00500978,0.501067
100.0,-6.945949442e-06,100.0195476,0.00500976,0.501067
100.0,-7.02260455e-06,100.0196002,0.00500975,0.501076
100.0,-7.288807018e-06,100.0190195,0.00500977,0.501072
Freq,100,Rs,100.01945173749999,0.00023108531433184204,Ls,-7.234234574125e-06,2.7949333502678985e-07
":SOUR:DCS:STAT OFF;:BIAS:STAT OFF;:COMP:BIN:COUN:CLE;:LIST:CLE:ALL;:COMP:BIN:CLE;:AMPL:ALC OFF;:APER LONG,1;:BIAS:POL:AUTO OFF;:BIAS:RANG:AUTO ON;:BIAS:VOLT:LEV 0;:COMP:ABIN OFF;:COMP:BIN:COUN:STAT OFF;:COMP:MODE PTOL;:COMP:SLIM -9.9e+037,9.9e+037;:COMP:STAT OFF;:COMP:SWAP OFF;:COMP:TOL:NOM 0;:DISP:ENAB ON;:DISP:LINE """";:DISP:WIND:TEXT1:DATA:FMSD:DATA 1e-009;:DISP:WIND:TEXT2:DATA:FMSD:DATA 1e-009;:FORM:ASC:LONG ON;:FORM:BORD NORM;:FORM:DATA ASC,64;:FREQ:CW 100;:FUNC:DEV1:MODE OFF;:FUNC:DEV1:REF:VAL 0;:FUNC:DEV2:MODE OFF;:FUNC:DEV2:REF:VAL 0;:FUNC:IMP:TYPE LSRS;:FUNC:SMON:IDC:STAT OFF;:FUNC:SMON:VDC:STAT OFF;:INIT:CONT OFF;:LIST:MODE SEQ;:LIST:STIM:TYPE FREQ,NONE;:SOUR:DCS:VOLT:LEV 0;:TRIG:DEL 0;:TRIG:SOUR INT;:TRIG:TDEL 0;:VOLT:LEV 1;:DISP:WIND:TEXT1:DATA:FMSD:STAT OFF;:DISP:WIND:TEXT2:DATA:FMSD:STAT OFF;:FUNC:DCR:RANG:VAL 100;:FUNC:IMP:RANG:VAL 100;:OUTP:DC:ISOL:LEV:VAL 0.02;:OUTP:DC:ISOL:STAT OFF;:FUNC:DCR:RANG:AUTO ON;:FUNC:IMP:RANG:AUTO ON;:OUTP:DC:ISOL:LEV:AUTO ON;:DISP:PAGE MEASurement;
"
200.0,-6.174347711e-06,100.0218168,0.00500482,0.500596
200.0,-6.4371945e-06,100.0219335,0.00500482,0.500584
200.0,-6.631396338e-06,100.0219563,0.00500479,0.500594
200.0,-6.559654301e-06,100.0218285,0.00500479,0.500587
200.0,-6.4934418e-06,100.0219567,0.00500483,0.500593
200.0,-6.381250001e-06,100.0217961,0.00500479,0.500591
200.0,-6.403862397e-06,100.0218245,0.00500484,0.50059
200.0,-6.264800447e-06,100.0219575,0.0050048,0.500586
200.0,-6.575324577e-06,100.021958,0.00500481,0.500585
200.0,-6.505520868e-06,100.0217256,0.00500481,0.500587
200.0,-6.347099874e-06,100.021897,0.00500476,0.500592
200.0,-6.337785469e-06,100.0217808,0.00500489,0.500591
200.0,-6.409635536e-06,100.0220637,0.00500488,0.5006
200.0,-6.258248139e-06,100.021271,0.00500485,0.500589
200.0,-6.598999653e-06,100.0219152,0.0050048,0.500592
200.0,-6.307710906e-06,100.0215235,0.00500482,0.500598
Freq,200,Rs,100.02182529375,0.00019364325091562518,Ls,-6.4178920323125e-06,1.3427283778304503e-07
":SOUR:DCS:STAT OFF;:BIAS:STAT OFF;:COMP:BIN:COUN:CLE;:LIST:CLE:ALL;:COMP:BIN:CLE;:AMPL:ALC OFF;:APER LONG,1;:BIAS:POL:AUTO OFF;:BIAS:RANG:AUTO ON;:BIAS:VOLT:LEV 0;:COMP:ABIN OFF;:COMP:BIN:COUN:STAT OFF;:COMP:MODE PTOL;:COMP:SLIM -9.9e+037,9.9e+037;:COMP:STAT OFF;:COMP:SWAP OFF;:COMP:TOL:NOM 0;:DISP:ENAB ON;:DISP:LINE """";:DISP:WIND:TEXT1:DATA:FMSD:DATA 1e-009;:DISP:WIND:TEXT2:DATA:FMSD:DATA 1e-009;:FORM:ASC:LONG ON;:FORM:BORD NORM;:FORM:DATA ASC,64;:FREQ:CW 200;:FUNC:DEV1:MODE OFF;:FUNC:DEV1:REF:VAL 0;:FUNC:DEV2:MODE OFF;:FUNC:DEV2:REF:VAL 0;:FUNC:IMP:TYPE LSRS;:FUNC:SMON:IDC:STAT OFF;:FUNC:SMON:VDC:STAT OFF;:INIT:CONT OFF;:LIST:MODE SEQ;:LIST:STIM:TYPE FREQ,NONE;:SOUR:DCS:VOLT:LEV 0;:TRIG:DEL 0;:TRIG:SOUR INT;:TRIG:TDEL 0;:VOLT:LEV 1;:DISP:WIND:TEXT1:DATA:FMSD:STAT OFF;:DISP:WIND:TEXT2:DATA:FMSD:STAT OFF;:FUNC:DCR:RANG:VAL 100;:FUNC:IMP:RANG:VAL 100;:OUTP:DC:ISOL:LEV:VAL 0.02;:OUTP:DC:ISOL:STAT OFF;:FUNC:DCR:RANG:AUTO ON;:FUNC:IMP:RANG:AUTO ON;:OUTP:DC:ISOL:LEV:AUTO ON;:DISP:PAGE MEASurement;
"
300.0,-2.747401572e-06,100.0211282,0.00500457,0.500561
300.0,-2.631016288e-06,100.0212601,0.00500453,0.50056
300.0,-2.873630544e-06,100.0212858,0.00500454,0.500559
300.0,-2.765965231e-06,100.021203,0.00500454,0.500561
300.0,-2.792985639e-06,100.0210764,0.00500456,0.500564
300.0,-2.770598794e-06,100.0209088,0.0050046,0.500559
300.0,-2.617631647e-06,100.0209613,0.00500453,0.500553
300.0,-2.779399987e-06,100.0214253,0.0050045,0.500559
300.0,-2.698403891e-06,100.021246,0.0050045,0.500558
300.0,-2.767919943e-06,100.0211906,0.00500446,0.500559
300.0,-2.603685793e-06,100.0207258,0.00500456,0.500556
300.0,-2.796309846e-06,100.0214005,0.00500451,0.500558
300.0,-2.720823054e-06,100.0213722,0.00500453,0.500562
300.0,-2.822270833e-06,100.0209686,0.00500451,0.500559
300.0,-2.822357386e-06,100.021269,0.00500444,0.500559
300.0,-2.749433316e-06,100.0214546,0.00500447,0.50056
Freq,300,Rs,100.0211797625,0.0002061469342497865,Ls,-2.74748961025e-06,7.664040274181751e-08
":SOUR:DCS:STAT OFF;:BIAS:STAT OFF;:COMP:BIN:COUN:CLE;:LIST:CLE:ALL;:COMP:BIN:CLE;:AMPL:ALC OFF;:APER LONG,1;:BIAS:POL:AUTO OFF;:BIAS:RANG:AUTO ON;:BIAS:VOLT:LEV 0;:COMP:ABIN OFF;:COMP:BIN:COUN:STAT OFF;:COMP:MODE PTOL;:COMP:SLIM -9.9e+037,9.9e+037;:COMP:STAT OFF;:COMP:SWAP OFF;:COMP:TOL:NOM 0;:DISP:ENAB ON;:DISP:LINE """";:DISP:WIND:TEXT1:DATA:FMSD:DATA 1e-009;:DISP:WIND:TEXT2:DATA:FMSD:DATA 1e-009;:FORM:ASC:LONG ON;:FORM:BORD NORM;:FORM:DATA ASC,64;:FREQ:CW 300;:FUNC:DEV1:MODE OFF;:FUNC:DEV1:REF:VAL 0;:FUNC:DEV2:MODE OFF;:FUNC:DEV2:REF:VAL 0;:FUNC:IMP:TYPE LSRS;:FUNC:SMON:IDC:STAT OFF;:FUNC:SMON:VDC:STAT OFF;:INIT:CONT OFF;:LIST:MODE SEQ;:LIST:STIM:TYPE FREQ,NONE;:SOUR:DCS:VOLT:LEV 0;:TRIG:DEL 0;:TRIG:SOUR INT;:TRIG:TDEL 0;:VOLT:LEV 1;:DISP:WIND:TEXT1:DATA:FMSD:STAT OFF;:DISP:WIND:TEXT2:DATA:FMSD:STAT OFF;:FUNC:DCR:RANG:VAL 100;:FUNC:IMP:RANG:VAL 100;:OUTP:DC:ISOL:LEV:VAL 0.02;:OUTP:DC:ISOL:STAT OFF;:FUNC:DCR:RANG:AUTO ON;:FUNC:IMP:RANG:AUTO ON;:OUTP:DC:ISOL:LEV:AUTO ON;:DISP:PAGE MEASurement;
"
500.0,-1.091953325e-06,100.0205473,0.00500661,0.500765
500.0,-9.671352271e-07,100.0203478,0.00500662,0.500761
500.0,-1.018623676e-06,100.0203739,0.00500663,0.500768
500.0,-1.0142354e-06,100.0205634,0.00500661,0.500769
500.0,-9.934482371e-07,100.0206782,0.00500658,0.500757
500.0,-9.470879924e-07,100.0201842,0.00500665,0.500764
500.0,-9.888271357e-07,100.0203191,0.00500653,0.500764
500.0,-1.062395319e-06,100.0204198,0.0050066,0.500767
500.0,-1.1422847e-06,100.0205562,0.00500666,0.500766
500.0,-1.089551236e-06,100.0205285,0.00500663,0.500764
500.0,-1.007570816e-06,100.0203974,0.00500659,0.500765
500.0,-1.114021788e-06,100.0203344,0.00500662,0.500764
500.0,-1.00496979e-06,100.020313,0.00500665,0.500765
500.0,-1.098710167e-06,100.0200961,0.00500667,0.500765
500.0,-1.125690797e-06,100.0199325,0.00500661,0.500767
500.0,-1.209758204e-06,100.0205555,0.00500662,0.500767
Freq,500,Rs,100.02038420625,0.00019435278394052958,Ls,-1.05476648814375e-06,7.295817984262704e-08
":SOUR:DCS:STAT OFF;:BIAS:STAT OFF;:COMP:BIN:COUN:CLE;:LIST:CLE:ALL;:COMP:BIN:CLE;:AMPL:ALC OFF;:APER LONG,1;:BIAS:POL:AUTO OFF;:BIAS:RANG:AUTO ON;:BIAS:VOLT:LEV 0;:COMP:ABIN OFF;:COMP:BIN:COUN:STAT OFF;:COMP:MODE PTOL;:COMP:SLIM -9.9e+037,9.9e+037;:COMP:STAT OFF;:COMP:SWAP OFF;:COMP:TOL:NOM 0;:DISP:ENAB ON;:DISP:LINE """";:DISP:WIND:TEXT1:DATA:FMSD:DATA 1e-009;:DISP:WIND:TEXT2:DATA:FMSD:DATA 1e-009;:FORM:ASC:LONG ON;:FORM:BORD NORM;:FORM:DATA ASC,64;:FREQ:CW 500;:FUNC:DEV1:MODE OFF;:FUNC:DEV1:REF:VAL 0;:FUNC:DEV2:MODE OFF;:FUNC:DEV2:REF:VAL 0;:FUNC:IMP:TYPE LSRS;:FUNC:SMON:IDC:STAT OFF;:FUNC:SMON:VDC:STAT OFF;:INIT:CONT OFF;:LIST:MODE SEQ;:LIST:STIM:TYPE FREQ,NONE;:SOUR:DCS:VOLT:LEV 0;:TRIG:DEL 0;:TRIG:SOUR INT;:TRIG:TDEL 0;:VOLT:LEV 1;:DISP:WIND:TEXT1:DATA:FMSD:STAT OFF;:DISP:WIND:TEXT2:DATA:FMSD:STAT OFF;:FUNC:DCR:RANG:VAL 100;:FUNC:IMP:RANG:VAL 100;:OUTP:DC:ISOL:LEV:VAL 0.02;:OUTP:DC:ISOL:STAT OFF;:FUNC:DCR:RANG:AUTO ON;:FUNC:IMP:RANG:AUTO ON;:OUTP:DC:ISOL:LEV:AUTO ON;:DISP:PAGE MEASurement;
"
800.0,-4.328431254e-07,100.0193818,0.0050134,0.501429
800.0,-3.922912732e-07,100.0193524,0.00501337,0.501433
800.0,-4.17933607e-07,100.0193362,0.00501328,0.50143
800.0,-4.631744304e-07,100.0191686,0.00501332,0.501431
800.0,-4.332548115e-07,100.0193628,0.0050133,0.501425
800.0,-4.759895773e-07,100.0195111,0.00501329,0.501432
800.0,-4.594785172e-07,100.0191783,0.00501337,0.501428
800.0,-4.186592624e-07,100.0194468,0.00501335,0.501429
800.0,-4.137202734e-07,100.0193974,0.00501332,0.501436
800.0,-4.519243087e-07,100.0194052,0.00501332,0.501429
800.0,-4.684343441e-07,100.0191258,0.00501329,0.501431
800.0,-3.911651214e-07,100.0192193,0.00501336,0.501428
800.0,-4.047015708e-07,100.0195558,0.00501339,0.501433
800.0,-4.425094746e-07,100.0193029,0.00501336,0.501433
800.0,-4.685789908e-07,100.0195043,0.00501337,0.501432
800.0,-4.368154587e-07,100.0189479,0.00501336,0.501438
Freq,800,Rs,100.0193247875,0.0001615792349494291,Ls,-4.3571713418125004e-07,2.7493963408642115e-08
":SOUR:DCS:STAT OFF;:BIAS:STAT OFF;:COMP:BIN:COUN:CLE;:LIST:CLE:ALL;:COMP:BIN:CLE;:AMPL:ALC OFF;:APER LONG,1;:BIAS:POL:AUTO OFF;:BIAS:RANG:AUTO ON;:BIAS:VOLT:LEV 0;:COMP:ABIN OFF;:COMP:BIN:COUN:STAT OFF;:COMP:MODE PTOL;:COMP:SLIM -9.9e+037,9.9e+037;:COMP:STAT OFF;:COMP:SWAP OFF;:COMP:TOL:NOM 0;:DISP:ENAB ON;:DISP:LINE """";:DISP:WIND:TEXT1:DATA:FMSD:DATA 1e-009;:DISP:WIND:TEXT2:DATA:FMSD:DATA 1e-009;:FORM:ASC:LONG ON;:FORM:BORD NORM;:FORM:DATA ASC,64;:FREQ:CW 800;:FUNC:DEV1:MODE OFF;:FUNC:DEV1:REF:VAL 0;:FUNC:DEV2:MODE OFF;:FUNC:DEV2:REF:VAL 0;:FUNC:IMP:TYPE LSRS;:FUNC:SMON:IDC:STAT OFF;:FUNC:SMON:VDC:STAT OFF;:INIT:CONT OFF;:LIST:MODE SEQ;:LIST:STIM:TYPE FREQ,NONE;:SOUR:DCS:VOLT:LEV 0;:TRIG:DEL 0;:TRIG:SOUR INT;:TRIG:TDEL 0;:VOLT:LEV 1;:DISP:WIND:TEXT1:DATA:FMSD:STAT OFF;:DISP:WIND:TEXT2:DATA:FMSD:STAT OFF;:FUNC:DCR:RANG:VAL 100;:FUNC:IMP:RANG:VAL 100;:OUTP:DC:ISOL:LEV:VAL 0.02;:OUTP:DC:ISOL:STAT OFF;:FUNC:DCR:RANG:AUTO ON;:FUNC:IMP:RANG:AUTO ON;:OUTP:DC:ISOL:LEV:AUTO ON;:DISP:PAGE MEASurement;
"
1000.0,3.879210304e-07,100.0187032,0.00499644,0.499751
1000.0,3.956858448e-07,100.018851,0.00499647,0.49974
1000.0,3.88264089e-07,100.0191203,0.00499651,0.499737
1000.0,3.867775356e-07,100.0188006,0.00499649,0.499742
1000.0,4.140328411e-07,100.0187827,0.00499644,0.499738
1000.0,3.974012162e-07,100.0187772,0.00499644,0.499742
1000.0,4.216566287e-07,100.018678,0.0049965,0.499741
1000.0,4.156836727e-07,100.0186811,0.0049964,0.499738
1000.0,4.287771343e-07,100.0184611,0.00499644,0.499736
1000.0,4.096518929e-07,100.0188519,0.00499647,0.499738
1000.0,3.859118131e-07,100.0188185,0.00499648,0.499738
1000.0,5.045019276e-07,100.0190998,0.00499639,0.499732
1000.0,3.889750394e-07,100.0189833,0.00499644,0.499743
1000.0,3.912195347e-07,100.0186397,0.00499639,0.499738
1000.0,3.777361332e-07,100.0188962,0.00499645,0.499736
1000.0,4.106802137e-07,100.018584,0.00499645,0.499747
Freq,1000,Rs,100.0187955375,0.00017645772628913523,Ls,4.065547842125e-07,3.006338013034585e-08
":SOUR:DCS:STAT OFF;:BIAS:STAT OFF;:COMP:BIN:COUN:CLE;:LIST:CLE:ALL;:COMP:BIN:CLE;:AMPL:ALC OFF;:APER LONG,1;:BIAS:POL:AUTO OFF;:BIAS:RANG:AUTO ON;:BIAS:VOLT:LEV 0;:COMP:ABIN OFF;:COMP:BIN:COUN:STAT OFF;:COMP:MODE PTOL;:COMP:SLIM -9.9e+037,9.9e+037;:COMP:STAT OFF;:COMP:SWAP OFF;:COMP:TOL:NOM 0;:DISP:ENAB ON;:DISP:LINE """";:DISP:WIND:TEXT1:DATA:FMSD:DATA 1e-009;:DISP:WIND:TEXT2:DATA:FMSD:DATA 1e-009;:FORM:ASC:LONG ON;:FORM:BORD NORM;:FORM:DATA ASC,64;:FREQ:CW 1000;:FUNC:DEV1:MODE OFF;:FUNC:DEV1:REF:VAL 0;:FUNC:DEV2:MODE OFF;:FUNC:DEV2:REF:VAL 0;:FUNC:IMP:TYPE LSRS;:FUNC:SMON:IDC:STAT OFF;:FUNC:SMON:VDC:STAT OFF;:INIT:CONT OFF;:LIST:MODE SEQ;:LIST:STIM:TYPE FREQ,NONE;:SOUR:DCS:VOLT:LEV 0;:TRIG:DEL 0;:TRIG:SOUR INT;:TRIG:TDEL 0;:VOLT:LEV 1;:DISP:WIND:TEXT1:DATA:FMSD:STAT OFF;:DISP:WIND:TEXT2:DATA:FMSD:STAT OFF;:FUNC:DCR:RANG:VAL 100;:FUNC:IMP:RANG:VAL 100;:OUTP:DC:ISOL:LEV:VAL 0.02;:OUTP:DC:ISOL:STAT OFF;:FUNC:DCR:RANG:AUTO ON;:FUNC:IMP:RANG:AUTO ON;:OUTP:DC:ISOL:LEV:AUTO ON;:DISP:PAGE MEASurement;
"
1591.5494309189535,2.615381985e-07,100.0236979,0.00502806,0.502927
1591.5494309189535,2.73219568e-07,100.0236748,0.00502805,0.502924
1591.5494309189535,2.534052661e-07,100.0233701,0.00502801,0.502923
1591.5494309189535,2.672863284e-07,100.0237218,0.00502809,0.502924
1591.5494309189535,2.694238399e-07,100.0237898,0.00502805,0.502924
1591.5494309189535,2.752146067e-07,100.023707,0.00502809,0.50292
1591.5494309189535,2.626203899e-07,100.0235315,0.00502807,0.502925
1591.5494309189535,2.762157558e-07,100.0234728,0.00502808,0.502922
1591.5494309189535,2.872379119e-07,100.0235875,0.00502804,0.502922
1591.5494309189535,2.961067466e-07,100.0235231,0.00502808,0.502931
1591.5494309189535,2.67017862e-07,100.0236355,0.0050281,0.502934
1591.5494309189535,2.936008292e-07,100.0236033,0.00502804,0.50293
1591.5494309189535,2.811788329e-07,100.0235373,0.00502806,0.502933
1591.5494309189535,2.842398291e-07,100.0236346,0.00502803,0.502922
1591.5494309189535,2.763072936e-07,100.023623,0.00502803,0.502925
1591.5494309189535,2.521172016e-07,100.0236199,0.00502805,0.502921
Freq,1591.5494309189535,Rs,100.02360811875,0.00010442019740110408,Ls,2.7354565376250003e-07,1.2951458781136411e-08
":SOUR:DCS:STAT OFF;:BIAS:STAT OFF;:COMP:BIN:COUN:CLE;:LIST:CLE:ALL;:COMP:BIN:CLE;:AMPL:ALC OFF;:APER LONG,1;:BIAS:POL:AUTO OFF;:BIAS:RANG:AUTO ON;:BIAS:VOLT:LEV 0;:COMP:ABIN OFF;:COMP:BIN:COUN:STAT OFF;:COMP:MODE PTOL;:COMP:SLIM -9.9e+037,9.9e+037;:COMP:STAT OFF;:COMP:SWAP OFF;:COMP:TOL:NOM 0;:DISP:ENAB ON;:DISP:LINE """";:DISP:WIND:TEXT1:DATA:FMSD:DATA 1e-009;:DISP:WIND:TEXT2:DATA:FMSD:DATA 1e-009;:FORM:ASC:LONG ON;:FORM:BORD NORM;:FORM:DATA ASC,64;:FREQ:CW 1592;:FUNC:DEV1:MODE OFF;:FUNC:DEV1:REF:VAL 0;:FUNC:DEV2:MODE OFF;:FUNC:DEV2:REF:VAL 0;:FUNC:IMP:TYPE LSRS;:FUNC:SMON:IDC:STAT OFF;:FUNC:SMON:VDC:STAT OFF;:INIT:CONT OFF;:LIST:MODE SEQ;:LIST:STIM:TYPE FREQ,NONE;:SOUR:DCS:VOLT:LEV 0;:TRIG:DEL 0;:TRIG:SOUR INT;:TRIG:TDEL 0;:VOLT:LEV 1;:DISP:WIND:TEXT1:DATA:FMSD:STAT OFF;:DISP:WIND:TEXT2:DATA:FMSD:STAT OFF;:FUNC:DCR:RANG:VAL 100;:FUNC:IMP:RANG:VAL 100;:OUTP:DC:ISOL:LEV:VAL 0.02;:OUTP:DC:ISOL:STAT OFF;:FUNC:DCR:RANG:AUTO ON;:FUNC:IMP:RANG:AUTO ON;:OUTP:DC:ISOL:LEV:AUTO ON;:DISP:PAGE MEASurement;
"
2000.0,1.306952022e-07,100.0198249,0.00502275,0.502372
2000.0,1.107982668e-07,100.0199957,0.00502275,0.502377
2000.0,1.273654468e-07,100.0198575,0.00502274,0.502373
2000.0,1.250120801e-07,100.0199262,0.00502278,0.502373
2000.0,1.272995852e-07,100.0199022,0.00502274,0.502373
2000.0,1.2324213e-07,100.0198594,0.00502275,0.502377
2000.0,1.190704912e-07,100.0198038,0.00502271,0.502372
2000.0,1.03133416e-07,100.0198746,0.00502281,0.502377
2000.0,1.15735372e-07,100.0197583,0.00502274,0.502376
2000.0,1.098210032e-07,100.0200107,0.00502277,0.502378
2000.0,1.165964503e-07,100.0196164,0.00502283,0.502378
2000.0,1.120171766e-07,100.0197788,0.00502275,0.502376
2000.0,1.142785122e-07,100.019971,0.00502278,0.502376
2000.0,1.165223908e-07,100.0196374,0.00502272,0.502376
2000.0,1.12222293e-07,100.0199536,0.00502276,0.502381
2000.0,1.090578034e-07,100.0195145,0.00502274,0.502383
Freq,2000,Rs,100.01983031249999,0.000142379113050791,Ls,1.170542262375e-07,7.792696969250107e-09
":SOUR:DCS:STAT OFF;:BIAS:STAT OFF;:COMP:BIN:COUN:CLE;:LIST:CLE:ALL;:COMP:BIN:CLE;:AMPL:ALC OFF;:APER LONG,1;:BIAS:POL:AUTO OFF;:BIAS:RANG:AUTO ON;:BIAS:VOLT:LEV 0;:COMP:ABIN OFF;:COMP:BIN:COUN:STAT OFF;:COMP:MODE PTOL;:COMP:SLIM -9.9e+037,9.9e+037;:COMP:STAT OFF;:COMP:SWAP OFF;:COMP:TOL:NOM 0;:DISP:ENAB ON;:DISP:LINE """";:DISP:WIND:TEXT1:DATA:FMSD:DATA 1e-009;:DISP:WIND:TEXT2:DATA:FMSD:DATA 1e-009;:FORM:ASC:LONG ON;:FORM:BORD NORM;:FORM:DATA ASC,64;:FREQ:CW 2000;:FUNC:DEV1:MODE OFF;:FUNC:DEV1:REF:VAL 0;:FUNC:DEV2:MODE OFF;:FUNC:DEV2:REF:VAL 0;:FUNC:IMP:TYPE LSRS;:FUNC:SMON:IDC:STAT OFF;:FUNC:SMON:VDC:STAT OFF;:INIT:CONT OFF;:LIST:MODE SEQ;:LIST:STIM:TYPE FREQ,NONE;:SOUR:DCS:VOLT:LEV 0;:TRIG:DEL 0;:TRIG:SOUR INT;:TRIG:TDEL 0;:VOLT:LEV 1;:DISP:WIND:TEXT1:DATA:FMSD:STAT OFF;:DISP:WIND:TEXT2:DATA:FMSD:STAT OFF;:FUNC:DCR:RANG:VAL 100;:FUNC:IMP:RANG:VAL 100;:OUTP:DC:ISOL:LEV:VAL 0.02;:OUTP:DC:ISOL:STAT OFF;:FUNC:DCR:RANG:AUTO ON;:FUNC:IMP:RANG:AUTO ON;:OUTP:DC:ISOL:LEV:AUTO ON;:DISP:PAGE MEASurement;
"
3000.0,5.111990994e-08,100.0201708,0.00500501,0.500599
3000.0,6.801967437e-08,100.01975,0.00500496,0.500598
3000.0,6.375878621e-08,100.0200226,0.00500499,0.500604
3000.0,6.543740711e-08,100.0199977,0.00500493,0.500598
3000.0,7.424445074e-08,100.0201648,0.00500503,0.500596
3000.0,6.313753428e-08,100.0199822,0.00500496,0.500599
3000.0,8.003071544e-08,100.0203245,0.00500495,0.500596
3000.0,6.443324202e-08,100.0198959,0.00500502,0.500599
3000.0,7.627942742e-08,100.0201124,0.00500494,0.500592
3000.0,8.311931648e-08,100.0202993,0.00500494,0.500599
3000.0,8.072954691e-08,100.0203424,0.005005,0.500602
3000.0,7.132430228e-08,100.0200735,0.00500498,0.500597
3000.0,7.078323354e-08,100.0202039,0.00500489,0.500594
3000.0,6.509786341e-08,100.0202481,0.00500499,0.500597
3000.0,6.721932768e-08,100.0201831,0.00500504,0.500599
3000.0,7.742460513e-08,100.0202384,0.00500495,0.500593
Freq,3000,Rs,100.0201256,0.0001636539275428383,Ls,7.0134958935e-08,8.296572948916215e-09
":SOUR:DCS:STAT OFF;:BIAS:STAT OFF;:COMP:BIN:COUN:CLE;:LIST:CLE:ALL;:COMP:BIN:CLE;:AMPL:ALC OFF;:APER LONG,1;:BIAS:POL:AUTO OFF;:BIAS:RANG:AUTO ON;:BIAS:VOLT:LEV 0;:COMP:ABIN OFF;:COMP:BIN:COUN:STAT OFF;:COMP:MODE PTOL;:COMP:SLIM -9.9e+037,9.9e+037;:COMP:STAT OFF;:COMP:SWAP OFF;:COMP:TOL:NOM 0;:DISP:ENAB ON;:DISP:LINE """";:DISP:WIND:TEXT1:DATA:FMSD:DATA 1e-009;:DISP:WIND:TEXT2:DATA:FMSD:DATA 1e-009;:FORM:ASC:LONG ON;:FORM:BORD NORM;:FORM:DATA ASC,64;:FREQ:CW 3000;:FUNC:DEV1:MODE OFF;:FUNC:DEV1:REF:VAL 0;:FUNC:DEV2:MODE OFF;:FUNC:DEV2:REF:VAL 0;:FUNC:IMP:TYPE LSRS;:FUNC:SMON:IDC:STAT OFF;:FUNC:SMON:VDC:STAT OFF;:INIT:CONT OFF;:LIST:MODE SEQ;:LIST:STIM:TYPE FREQ,NONE;:SOUR:DCS:VOLT:LEV 0;:TRIG:DEL 0;:TRIG:SOUR INT;:TRIG:TDEL 0;:VOLT:LEV 1;:DISP:WIND:TEXT1:DATA:FMSD:STAT OFF;:DISP:WIND:TEXT2:DATA:FMSD:STAT OFF;:FUNC:DCR:RANG:VAL 100;:FUNC:IMP:RANG:VAL 100;:OUTP:DC:ISOL:LEV:VAL 0.02;:OUTP:DC:ISOL:STAT OFF;:FUNC:DCR:RANG:AUTO ON;:FUNC:IMP:RANG:AUTO ON;:OUTP:DC:ISOL:LEV:AUTO ON;:DISP:PAGE MEASurement;
"
5000.0,3.144707643e-08,100.0201599,0.00500006,0.500107
5000.0,2.520542791e-08,100.0201872,0.0050001,0.500106
5000.0,2.299920697e-08,100.0202043,0.00500008,0.500112
5000.0,3.059745667e-08,100.0201802,0.00500009,0.500115
5000.0,2.046165675e-08,100.0202078,0.00500012,0.500114
5000.0,2.914281488e-08,100.0200672,0.00500007,0.500107
5000.0,2.569283195e-08,100.0197382,0.00500009,0.500109
5000.0,2.598816208e-08,100.0198689,0.00500007,0.500099
5000.0,2.17768615e-08,100.0202911,0.00500005,0.500113
5000.0,2.948106577e-08,100.0202573,0.00500004,0.500106
5000.0,3.298941759e-08,100.0200985,0.00500006,0.500111
5000.0,3.009104933e-08,100.0202978,0.00500005,0.500106
5000.0,3.073925462e-08,100.0199843,0.00500005,0.500099
5000.0,3.4636826e-08,100.0200721,0.00500004,0.500102
5000.0,3.205032946e-08,100.0201276,0.00500001,0.500103
5000.0,2.554067393e-08,100.0200534,0.00500004,0.50011
Freq,5000,Rs,100.0201122375,0.000150686698702026,Ls,2.805250699e-08,4.188061945766858e-09
":SOUR:DCS:STAT OFF;:BIAS:STAT OFF;:COMP:BIN:COUN:CLE;:LIST:CLE:ALL;:COMP:BIN:CLE;:AMPL:ALC OFF;:APER LONG,1;:BIAS:POL:AUTO OFF;:BIAS:RANG:AUTO ON;:BIAS:VOLT:LEV 0;:COMP:ABIN OFF;:COMP:BIN:COUN:STAT OFF;:COMP:MODE PTOL;:COMP:SLIM -9.9e+037,9.9e+037;:COMP:STAT OFF;:COMP:SWAP OFF;:COMP:TOL:NOM 0;:DISP:ENAB ON;:DISP:LINE """";:DISP:WIND:TEXT1:DATA:FMSD:DATA 1e-009;:DISP:WIND:TEXT2:DATA:FMSD:DATA 1e-009;:FORM:ASC:LONG ON;:FORM:BORD NORM;:FORM:DATA ASC,64;:FREQ:CW 5000;:FUNC:DEV1:MODE OFF;:FUNC:DEV1:REF:VAL 0;:FUNC:DEV2:MODE OFF;:FUNC:DEV2:REF:VAL 0;:FUNC:IMP:TYPE LSRS;:FUNC:SMON:IDC:STAT OFF;:FUNC:SMON:VDC:STAT OFF;:INIT:CONT OFF;:LIST:MODE SEQ;:LIST:STIM:TYPE FREQ,NONE;:SOUR:DCS:VOLT:LEV 0;:TRIG:DEL 0;:TRIG:SOUR INT;:TRIG:TDEL 0;:VOLT:LEV 1;:DISP:WIND:TEXT1:DATA:FMSD:STAT OFF;:DISP:WIND:TEXT2:DATA:FMSD:STAT OFF;:FUNC:DCR:RANG:VAL 100;:FUNC:IMP:RANG:VAL 100;:OUTP:DC:ISOL:LEV:VAL 0.02;:OUTP:DC:ISOL:STAT OFF;:FUNC:DCR:RANG:AUTO ON;:FUNC:IMP:RANG:AUTO ON;:OUTP:DC:ISOL:LEV:AUTO ON;:DISP:PAGE MEASurement;
"
":SOUR:DCS:STAT OFF;:BIAS:STAT OFF;:COMP:BIN:COUN:CLE;:LIST:CLE:ALL;:COMP:BIN:CLE;:AMPL:ALC OFF;:APER LONG,1;:BIAS:POL:AUTO OFF;:BIAS:RANG:AUTO ON;:BIAS:VOLT:LEV 0;:COMP:ABIN OFF;:COMP:BIN:COUN:STAT OFF;:COMP:MODE PTOL;:COMP:SLIM -9.9e+037,9.9e+037;:COMP:STAT OFF;:COMP:SWAP OFF;:COMP:TOL:NOM 0;:DISP:ENAB ON;:DISP:LINE """";:DISP:WIND:TEXT1:DATA:FMSD:DATA 1e-009;:DISP:WIND:TEXT2:DATA:FMSD:DATA 1e-009;:FORM:ASC:LONG ON;:FORM:BORD NORM;:FORM:DATA ASC,64;:FREQ:CW 5000;:FUNC:DEV1:MODE OFF;:FUNC:DEV1:REF:VAL 0;:FUNC:DEV2:MODE OFF;:FUNC:DEV2:REF:VAL 0;:FUNC:IMP:TYPE LSRS;:FUNC:SMON:IDC:STAT OFF;:FUNC:SMON:VDC:STAT OFF;:INIT:CONT OFF;:LIST:MODE SEQ;:LIST:STIM:TYPE FREQ,NONE;:SOUR:DCS:VOLT:LEV 0;:TRIG:DEL 0;:TRIG:SOUR INT;:TRIG:TDEL 0;:VOLT:LEV 1;:DISP:WIND:TEXT1:DATA:FMSD:STAT OFF;:DISP:WIND:TEXT2:DATA:FMSD:STAT OFF;:FUNC:DCR:RANG:VAL 100;:FUNC:IMP:RANG:VAL 100;:OUTP:DC:ISOL:LEV:VAL 0.02;:OUTP:DC:ISOL:STAT OFF;:FUNC:DCR:RANG:AUTO ON;:FUNC:IMP:RANG:AUTO ON;:OUTP:DC:ISOL:LEV:AUTO ON;:DISP:PAGE MEASurement;
"
2024-04-18,16:29:12
---------run finished---------
lcr name:,KeySight E4980A
Name and description of Resistor under test: ,100 ohm no leads
2024-04-18,16:36:41
select the freq range,"[20, 30, 40, 50, 70, 100, 200, 300, 500, 800, 1000, 1591.5494309189535, 2000, 3000, 5000]"
20.0,-0.0001366863089,100.0309821,0.00499729,0.499871
20.0,-0.0001390848279,100.031243,0.00499716,0.49988
20.0,-0.0001291890005,100.0313882,0.00499722,0.499873
20.0,-0.0001377646625,100.0312497,0.00499721,0.499879
20.0,-0.0001369662993,100.0309304,0.00499716,0.499878
20.0,-0.0001324360679,100.0314362,0.00499721,0.499881
20.0,-0.0001362055103,100.0317124,0.00499716,0.499871
20.0,-0.0001364160298,100.0304761,0.00499719,0.49987
20.0,-0.0001338344223,100.0323469,0.00499715,0.499865
20.0,-0.0001293940396,100.0311249,0.00499714,0.49987
20.0,-0.0001378542696,100.0309737,0.00499719,0.499874
20.0,-0.0001329250181,100.0298206,0.00499719,0.499875
20.0,-0.0001333529015,100.0309845,0.00499714,0.499877
20.0,-0.0001341109439,100.0303623,0.00499716,0.499866
20.0,-0.0001311902632,100.031076,0.00499713,0.499876
20.0,-0.0001310621569,100.0316388,0.00499714,0.499875
Freq,20,Rs,100.03110911249999,0.0005831631194045725,Ls,-0.00013427954513749998,3.112297636708173e-06
":SOUR:DCS:STAT OFF;:BIAS:STAT OFF;:COMP:BIN:COUN:CLE;:LIST:CLE:ALL;:COMP:BIN:CLE;:AMPL:ALC OFF;:APER LONG,1;:BIAS:POL:AUTO OFF;:BIAS:RANG:AUTO ON;:BIAS:VOLT:LEV 0;:COMP:ABIN OFF;:COMP:BIN:COUN:STAT OFF;:COMP:MODE PTOL;:COMP:SLIM -9.9e+037,9.9e+037;:COMP:STAT OFF;:COMP:SWAP OFF;:COMP:TOL:NOM 0;:DISP:ENAB ON;:DISP:LINE """";:DISP:WIND:TEXT1:DATA:FMSD:DATA 1e-009;:DISP:WIND:TEXT2:DATA:FMSD:DATA 1e-009;:FORM:ASC:LONG ON;:FORM:BORD NORM;:FORM:DATA ASC,64;:FREQ:CW 20;:FUNC:DEV1:MODE OFF;:FUNC:DEV1:REF:VAL 0;:FUNC:DEV2:MODE OFF;:FUNC:DEV2:REF:VAL 0;:FUNC:IMP:TYPE LSRS;:FUNC:SMON:IDC:STAT OFF;:FUNC:SMON:VDC:STAT OFF;:INIT:CONT OFF;:LIST:MODE SEQ;:LIST:STIM:TYPE FREQ,NONE;:SOUR:DCS:VOLT:LEV 0;:TRIG:DEL 0;:TRIG:SOUR INT;:TRIG:TDEL 0;:VOLT:LEV 1;:DISP:WIND:TEXT1:DATA:FMSD:STAT OFF;:DISP:WIND:TEXT2:DATA:FMSD:STAT OFF;:FUNC:DCR:RANG:VAL 100;:FUNC:IMP:RANG:VAL 100;:OUTP:DC:ISOL:LEV:VAL 0.02;:OUTP:DC:ISOL:STAT OFF;:FUNC:DCR:RANG:AUTO ON;:FUNC:IMP:RANG:AUTO ON;:OUTP:DC:ISOL:LEV:AUTO ON;:DISP:PAGE MEASurement;
"
30.0,-6.969003676e-05,100.0267229,0.00499921,0.500053
30.0,-6.769267639e-05,100.0262076,0.00499913,0.500048
30.0,-6.968270306e-05,100.0257974,0.0049992,0.500054
30.0,-6.880390706e-05,100.0270858,0.00499919,0.500055
30.0,-7.096827286e-05,100.0274095,0.00499923,0.500055
30.0,-6.646773381e-05,100.0266374,0.00499918,0.500049
30.0,-6.8903408e-05,100.0265888,0.00499918,0.500054
30.0,-6.687797838e-05,100.0261475,0.00499923,0.500049
30.0,-6.549873943e-05,100.0263138,0.00499918,0.50005
30.0,-6.479511239e-05,100.0268722,0.00499927,0.500059
30.0,-6.624597221e-05,100.0258221,0.00499926,0.500055
30.0,-6.731684586e-05,100.026409,0.00499924,0.500053
30.0,-6.78106196e-05,100.0259723,0.00499918,0.500055
30.0,-6.415572755e-05,100.0259726,0.0049992,0.500047
30.0,-6.620053941e-05,100.026497,0.00499926,0.50005
30.0,-6.692071048e-05,100.0277341,0.00499913,0.500048
Freq,30,Rs,100.02651187500001,0.000557889330124309,Ls,-6.737693645312499e-05,1.8750786869130522e-06
":SOUR:DCS:STAT OFF;:BIAS:STAT OFF;:COMP:BIN:COUN:CLE;:LIST:CLE:ALL;:COMP:BIN:CLE;:AMPL:ALC OFF;:APER LONG,1;:BIAS:POL:AUTO OFF;:BIAS:RANG:AUTO ON;:BIAS:VOLT:LEV 0;:COMP:ABIN OFF;:COMP:BIN:COUN:STAT OFF;:COMP:MODE PTOL;:COMP:SLIM -9.9e+037,9.9e+037;:COMP:STAT OFF;:COMP:SWAP OFF;:COMP:TOL:NOM 0;:DISP:ENAB ON;:DISP:LINE """";:DISP:WIND:TEXT1:DATA:FMSD:DATA 1e-009;:DISP:WIND:TEXT2:DATA:FMSD:DATA 1e-009;:FORM:ASC:LONG ON;:FORM:BORD NORM;:FORM:DATA ASC,64;:FREQ:CW 30;:FUNC:DEV1:MODE OFF;:FUNC:DEV1:REF:VAL 0;:FUNC:DEV2:MODE OFF;:FUNC:DEV2:REF:VAL 0;:FUNC:IMP:TYPE LSRS;:FUNC:SMON:IDC:STAT OFF;:FUNC:SMON:VDC:STAT OFF;:INIT:CONT OFF;:LIST:MODE SEQ;:LIST:STIM:TYPE FREQ,NONE;:SOUR:DCS:VOLT:LEV 0;:TRIG:DEL 0;:TRIG:SOUR INT;:TRIG:TDEL 0;:VOLT:LEV 1;:DISP:WIND:TEXT1:DATA:FMSD:STAT OFF;:DISP:WIND:TEXT2:DATA:FMSD:STAT OFF;:FUNC:DCR:RANG:VAL 100;:FUNC:IMP:RANG:VAL 100;:OUTP:DC:ISOL:LEV:VAL 0.02;:OUTP:DC:ISOL:STAT OFF;:FUNC:DCR:RANG:AUTO ON;:FUNC:IMP:RANG:AUTO ON;:OUTP:DC:ISOL:LEV:AUTO ON;:DISP:PAGE MEASurement;
"
40.0,-4.255402391e-05,100.0250302,0.00499864,0.499997
40.0,-4.22433229e-05,100.0245539,0.00499871,0.499997
40.0,-4.27408807e-05,100.024802,0.00499875,0.499999
40.0,-4.214119318e-05,100.0247469,0.00499874,0.49999
40.0,-4.235963328e-05,100.0247329,0.00499875,0.499996
40.0,-4.087267657e-05,100.0249815,0.00499871,0.499997
40.0,-4.101057377e-05,100.0241927,0.0049987,0.500002
40.0,-4.245266699e-05,100.025206,0.00499877,0.499995
40.0,-4.273157732e-05,100.0253159,0.00499863,0.499992
40.0,-4.255742622e-05,100.0240188,0.00499865,0.499998
40.0,-4.152343805e-05,100.0252103,0.00499873,0.499993
40.0,-4.199989791e-05,100.0251242,0.00499872,0.499994
40.0,-4.033700013e-05,100.0249435,0.00499876,0.499998
40.0,-4.04896473e-05,100.0253612,0.00499874,0.5
40.0,-4.193708421e-05,100.0244233,0.00499871,0.499997
40.0,-4.28948996e-05,100.0249911,0.00499871,0.499993
Freq,40,Rs,100.02485214999999,0.0003922413049819418,Ls,-4.19278713775e-05,8.310792873072209e-07
":SOUR:DCS:STAT OFF;:BIAS:STAT OFF;:COMP:BIN:COUN:CLE;:LIST:CLE:ALL;:COMP:BIN:CLE;:AMPL:ALC OFF;:APER LONG,1;:BIAS:POL:AUTO OFF;:BIAS:RANG:AUTO ON;:BIAS:VOLT:LEV 0;:COMP:ABIN OFF;:COMP:BIN:COUN:STAT OFF;:COMP:MODE PTOL;:COMP:SLIM -9.9e+037,9.9e+037;:COMP:STAT OFF;:COMP:SWAP OFF;:COMP:TOL:NOM 0;:DISP:ENAB ON;:DISP:LINE """";:DISP:WIND:TEXT1:DATA:FMSD:DATA 1e-009;:DISP:WIND:TEXT2:DATA:FMSD:DATA 1e-009;:FORM:ASC:LONG ON;:FORM:BORD NORM;:FORM:DATA ASC,64;:FREQ:CW 40;:FUNC:DEV1:MODE OFF;:FUNC:DEV1:REF:VAL 0;:FUNC:DEV2:MODE OFF;:FUNC:DEV2:REF:VAL 0;:FUNC:IMP:TYPE LSRS;:FUNC:SMON:IDC:STAT OFF;:FUNC:SMON:VDC:STAT OFF;:INIT:CONT OFF;:LIST:MODE SEQ;:LIST:STIM:TYPE FREQ,NONE;:SOUR:DCS:VOLT:LEV 0;:TRIG:DEL 0;:TRIG:SOUR INT;:TRIG:TDEL 0;:VOLT:LEV 1;:DISP:WIND:TEXT1:DATA:FMSD:STAT OFF;:DISP:WIND:TEXT2:DATA:FMSD:STAT OFF;:FUNC:DCR:RANG:VAL 100;:FUNC:IMP:RANG:VAL 100;:OUTP:DC:ISOL:LEV:VAL 0.02;:OUTP:DC:ISOL:STAT OFF;:FUNC:DCR:RANG:AUTO ON;:FUNC:IMP:RANG:AUTO ON;:OUTP:DC:ISOL:LEV:AUTO ON;:DISP:PAGE MEASurement;
"
50.0,-2.837959647e-05,100.0196789,0.00501435,0.501536
50.0,-2.828538022e-05,100.01978,0.00501433,0.50154
50.0,-3.027048033e-05,100.0204961,0.00501437,0.501537
50.0,-3.08975226e-05,100.020338,0.00501437,0.501538
50.0,-3.018737975e-05,100.0199723,0.0050144,0.501531
50.0,-2.834212265e-05,100.0202002,0.00501434,0.50153
50.0,-2.776307418e-05,100.020278,0.00501441,0.501541
50.0,-2.756490751e-05,100.0209779,0.00501433,0.501539
50.0,-2.677315508e-05,100.0210277,0.00501433,0.501542
50.0,-2.894574949e-05,100.0215565,0.00501433,0.501544
50.0,-2.945505045e-05,100.0206302,0.00501435,0.501538
50.0,-3.158995778e-05,100.0202998,0.00501442,0.501541
50.0,-3.120884741e-05,100.0199589,0.00501439,0.501545
50.0,-2.642988548e-05,100.0208568,0.00501442,0.501535
50.0,-2.448151366e-05,100.0210907,0.00501436,0.501543
50.0,-2.781618667e-05,100.0213731,0.0050144,0.501542
Freq,50,Rs,100.02053219375,0.0005675278747564799,Ls,-2.8649425608125e-05,1.9105909551310515e-06
":SOUR:DCS:STAT OFF;:BIAS:STAT OFF;:COMP:BIN:COUN:CLE;:LIST:CLE:ALL;:COMP:BIN:CLE;:AMPL:ALC OFF;:APER LONG,1;:BIAS:POL:AUTO OFF;:BIAS:RANG:AUTO ON;:BIAS:VOLT:LEV 0;:COMP:ABIN OFF;:COMP:BIN:COUN:STAT OFF;:COMP:MODE PTOL;:COMP:SLIM -9.9e+037,9.9e+037;:COMP:STAT OFF;:COMP:SWAP OFF;:COMP:TOL:NOM 0;:DISP:ENAB ON;:DISP:LINE """";:DISP:WIND:TEXT1:DATA:FMSD:DATA 1e-009;:DISP:WIND:TEXT2:DATA:FMSD:DATA 1e-009;:FORM:ASC:LONG ON;:FORM:BORD NORM;:FORM:DATA ASC,64;:FREQ:CW 50;:FUNC:DEV1:MODE OFF;:FUNC:DEV1:REF:VAL 0;:FUNC:DEV2:MODE OFF;:FUNC:DEV2:REF:VAL 0;:FUNC:IMP:TYPE LSRS;:FUNC:SMON:IDC:STAT OFF;:FUNC:SMON:VDC:STAT OFF;:INIT:CONT OFF;:LIST:MODE SEQ;:LIST:STIM:TYPE FREQ,NONE;:SOUR:DCS:VOLT:LEV 0;:TRIG:DEL 0;:TRIG:SOUR INT;:TRIG:TDEL 0;:VOLT:LEV 1;:DISP:WIND:TEXT1:DATA:FMSD:STAT OFF;:DISP:WIND:TEXT2:DATA:FMSD:STAT OFF;:FUNC:DCR:RANG:VAL 100;:FUNC:IMP:RANG:VAL 100;:OUTP:DC:ISOL:LEV:VAL 0.02;:OUTP:DC:ISOL:STAT OFF;:FUNC:DCR:RANG:AUTO ON;:FUNC:IMP:RANG:AUTO ON;:OUTP:DC:ISOL:LEV:AUTO ON;:DISP:PAGE MEASurement;
"
70.0,-1.345763019e-05,100.0197761,0.00501301,0.5014
70.0,-1.461796721e-05,100.0193236,0.00501302,0.501403
70.0,-1.503974808e-05,100.0197999,0.005013,0.501399
70.0,-1.578472921e-05,100.019464,0.00501299,0.501391
70.0,-1.481479696e-05,100.0194344,0.00501301,0.5014
70.0,-1.347691679e-05,100.0195158,0.00501295,0.501401
70.0,-1.335218713e-05,100.0192188,0.00501305,0.501404
70.0,-1.36567544e-05,100.0199538,0.00501304,0.501391
70.0,-1.470743858e-05,100.0196036,0.005013,0.501392
70.0,-1.503286277e-05,100.0190561,0.00501299,0.5014
70.0,-1.472312927e-05,100.0193003,0.00501295,0.501401
70.0,-1.412139322e-05,100.0190072,0.00501304,0.501392
70.0,-1.57009067e-05,100.0189268,0.00501298,0.501396
70.0,-1.332349268e-05,100.0198511,0.005013,0.501397
70.0,-1.417243624e-05,100.0192592,0.00501301,0.501398
70.0,-1.304651039e-05,100.019349,0.00501293,0.501399
Freq,70,Rs,100.01942748125,0.0003084508328572911,Ls,-1.431430623875e-05,8.653056129251241e-07
":SOUR:DCS:STAT OFF;:BIAS:STAT OFF;:COMP:BIN:COUN:CLE;:LIST:CLE:ALL;:COMP:BIN:CLE;:AMPL:ALC OFF;:APER LONG,1;:BIAS:POL:AUTO OFF;:BIAS:RANG:AUTO ON;:BIAS:VOLT:LEV 0;:COMP:ABIN OFF;:COMP:BIN:COUN:STAT OFF;:COMP:MODE PTOL;:COMP:SLIM -9.9e+037,9.9e+037;:COMP:STAT OFF;:COMP:SWAP OFF;:COMP:TOL:NOM 0;:DISP:ENAB ON;:DISP:LINE """";:DISP:WIND:TEXT1:DATA:FMSD:DATA 1e-009;:DISP:WIND:TEXT2:DATA:FMSD:DATA 1e-009;:FORM:ASC:LONG ON;:FORM:BORD NORM;:FORM:DATA ASC,64;:FREQ:CW 70;:FUNC:DEV1:MODE OFF;:FUNC:DEV1:REF:VAL 0;:FUNC:DEV2:MODE OFF;:FUNC:DEV2:REF:VAL 0;:FUNC:IMP:TYPE LSRS;:FUNC:SMON:IDC:STAT OFF;:FUNC:SMON:VDC:STAT OFF;:INIT:CONT OFF;:LIST:MODE SEQ;:LIST:STIM:TYPE FREQ,NONE;:SOUR:DCS:VOLT:LEV 0;:TRIG:DEL 0;:TRIG:SOUR INT;:TRIG:TDEL 0;:VOLT:LEV 1;:DISP:WIND:TEXT1:DATA:FMSD:STAT OFF;:DISP:WIND:TEXT2:DATA:FMSD:STAT OFF;:FUNC:DCR:RANG:VAL 100;:FUNC:IMP:RANG:VAL 100;:OUTP:DC:ISOL:LEV:VAL 0.02;:OUTP:DC:ISOL:STAT OFF;:FUNC:DCR:RANG:AUTO ON;:FUNC:IMP:RANG:AUTO ON;:OUTP:DC:ISOL:LEV:AUTO ON;:DISP:PAGE MEASurement;
"
100.0,-7.476286896e-06,100.0195706,0.00500971,0.501064
100.0,-7.697528779e-06,100.0194047,0.00500963,0.501067
100.0,-7.735911572e-06,100.0188964,0.00500967,0.501067
100.0,-8.196003202e-06,100.0187448,0.00500969,0.501066
100.0,-7.287670581e-06,100.0189098,0.00500972,0.501066
100.0,-7.173325499e-06,100.0193934,0.00500968,0.501072
100.0,-8.081822395e-06,100.0199132,0.00500971,0.501069
100.0,-7.598708493e-06,100.0193913,0.00500971,0.501065
100.0,-7.337361925e-06,100.0196982,0.00500972,0.501073
100.0,-7.65090828e-06,100.0195816,0.00500971,0.501067
100.0,-7.452561802e-06,100.0189854,0.00500967,0.501073
100.0,-7.041979092e-06,100.0193001,0.00500971,0.501066
100.0,-7.061902874e-06,100.0199777,0.00500967,0.501067
100.0,-8.083486398e-06,100.0194456,0.00500972,0.501063
100.0,-7.530604382e-06,100.0194364,0.00500972,0.501072
100.0,-7.744530604e-06,100.0192264,0.00500968,0.501069
Freq,100,Rs,100.019367225,0.000353051677992088,Ls,-7.571912048375e-06,3.513164908793226e-07
":SOUR:DCS:STAT OFF;:BIAS:STAT OFF;:COMP:BIN:COUN:CLE;:LIST:CLE:ALL;:COMP:BIN:CLE;:AMPL:ALC OFF;:APER LONG,1;:BIAS:POL:AUTO OFF;:BIAS:RANG:AUTO ON;:BIAS:VOLT:LEV 0;:COMP:ABIN OFF;:COMP:BIN:COUN:STAT OFF;:COMP:MODE PTOL;:COMP:SLIM -9.9e+037,9.9e+037;:COMP:STAT OFF;:COMP:SWAP OFF;:COMP:TOL:NOM 0;:DISP:ENAB ON;:DISP:LINE """";:DISP:WIND:TEXT1:DATA:FMSD:DATA 1e-009;:DISP:WIND:TEXT2:DATA:FMSD:DATA 1e-009;:FORM:ASC:LONG ON;:FORM:BORD NORM;:FORM:DATA ASC,64;:FREQ:CW 100;:FUNC:DEV1:MODE OFF;:FUNC:DEV1:REF:VAL 0;:FUNC:DEV2:MODE OFF;:FUNC:DEV2:REF:VAL 0;:FUNC:IMP:TYPE LSRS;:FUNC:SMON:IDC:STAT OFF;:FUNC:SMON:VDC:STAT OFF;:INIT:CONT OFF;:LIST:MODE SEQ;:LIST:STIM:TYPE FREQ,NONE;:SOUR:DCS:VOLT:LEV 0;:TRIG:DEL 0;:TRIG:SOUR INT;:TRIG:TDEL 0;:VOLT:LEV 1;:DISP:WIND:TEXT1:DATA:FMSD:STAT OFF;:DISP:WIND:TEXT2:DATA:FMSD:STAT OFF;:FUNC:DCR:RANG:VAL 100;:FUNC:IMP:RANG:VAL 100;:OUTP:DC:ISOL:LEV:VAL 0.02;:OUTP:DC:ISOL:STAT OFF;:FUNC:DCR:RANG:AUTO ON;:FUNC:IMP:RANG:AUTO ON;:OUTP:DC:ISOL:LEV:AUTO ON;:DISP:PAGE MEASurement;
"
200.0,-6.700262996e-06,100.0219317,0.00500477,0.500584
200.0,-6.401035794e-06,100.0215786,0.00500465,0.50058
200.0,-6.767133823e-06,100.022101,0.00500472,0.500585
200.0,-6.576113508e-06,100.021907,0.00500475,0.500583
200.0,-6.511315447e-06,100.0212968,0.00500477,0.500585
200.0,-6.320309055e-06,100.0216811,0.00500471,0.500581
200.0,-6.430001445e-06,100.0218902,0.00500479,0.500586
200.0,-6.540863488e-06,100.0219082,0.0050047,0.500585
200.0,-6.509769658e-06,100.0219581,0.00500473,0.500588
200.0,-6.538280452e-06,100.0219263,0.00500475,0.500585
200.0,-6.210725821e-06,100.0218396,0.00500481,0.500587
200.0,-6.619110879e-06,100.0218886,0.00500481,0.500592
200.0,-6.532522089e-06,100.0215203,0.00500473,0.50058
200.0,-6.424914051e-06,100.0216674,0.00500479,0.500589
200.0,-6.66031435e-06,100.0218687,0.00500469,0.500587
200.0,-6.586274723e-06,100.0217377,0.00500482,0.50059
Freq,200,Rs,100.02179383125,0.00020162274580307838,Ls,-6.5205592236875e-06,1.4107773594438496e-07
":SOUR:DCS:STAT OFF;:BIAS:STAT OFF;:COMP:BIN:COUN:CLE;:LIST:CLE:ALL;:COMP:BIN:CLE;:AMPL:ALC OFF;:APER LONG,1;:BIAS:POL:AUTO OFF;:BIAS:RANG:AUTO ON;:BIAS:VOLT:LEV 0;:COMP:ABIN OFF;:COMP:BIN:COUN:STAT OFF;:COMP:MODE PTOL;:COMP:SLIM -9.9e+037,9.9e+037;:COMP:STAT OFF;:COMP:SWAP OFF;:COMP:TOL:NOM 0;:DISP:ENAB ON;:DISP:LINE """";:DISP:WIND:TEXT1:DATA:FMSD:DATA 1e-009;:DISP:WIND:TEXT2:DATA:FMSD:DATA 1e-009;:FORM:ASC:LONG ON;:FORM:BORD NORM;:FORM:DATA ASC,64;:FREQ:CW 200;:FUNC:DEV1:MODE OFF;:FUNC:DEV1:REF:VAL 0;:FUNC:DEV2:MODE OFF;:FUNC:DEV2:REF:VAL 0;:FUNC:IMP:TYPE LSRS;:FUNC:SMON:IDC:STAT OFF;:FUNC:SMON:VDC:STAT OFF;:INIT:CONT OFF;:LIST:MODE SEQ;:LIST:STIM:TYPE FREQ,NONE;:SOUR:DCS:VOLT:LEV 0;:TRIG:DEL 0;:TRIG:SOUR INT;:TRIG:TDEL 0;:VOLT:LEV 1;:DISP:WIND:TEXT1:DATA:FMSD:STAT OFF;:DISP:WIND:TEXT2:DATA:FMSD:STAT OFF;:FUNC:DCR:RANG:VAL 100;:FUNC:IMP:RANG:VAL 100;:OUTP:DC:ISOL:LEV:VAL 0.02;:OUTP:DC:ISOL:STAT OFF;:FUNC:DCR:RANG:AUTO ON;:FUNC:IMP:RANG:AUTO ON;:OUTP:DC:ISOL:LEV:AUTO ON;:DISP:PAGE MEASurement;
"
300.0,-2.797146555e-06,100.0210021,0.00500453,0.500552
300.0,-2.949712784e-06,100.0211845,0.0050045,0.500555
300.0,-2.762396322e-06,100.0208553,0.00500454,0.500558
300.0,-3.046902181e-06,100.0211832,0.00500447,0.500557
300.0,-2.910061144e-06,100.0210262,0.00500447,0.500552
300.0,-2.804542685e-06,100.0209137,0.00500447,0.500547
300.0,-2.698387669e-06,100.0209614,0.00500446,0.50055
300.0,-2.822267805e-06,100.0214529,0.00500446,0.500553
300.0,-2.829668912e-06,100.020969,0.00500445,0.500555
300.0,-2.773269311e-06,100.0211224,0.00500447,0.500549
300.0,-2.785062341e-06,100.0208695,0.00500444,0.500552
300.0,-2.798014658e-06,100.0209289,0.00500449,0.500554
300.0,-2.911904022e-06,100.0210567,0.00500449,0.500556
300.0,-2.679968232e-06,100.0215405,0.00500451,0.500554
300.0,-2.687856885e-06,100.0209342,0.00500445,0.500546
300.0,-2.914231442e-06,100.0210582,0.00500445,0.500548
Freq,300,Rs,100.02106616875001,0.00019567573080275436,Ls,-2.8232120592500002e-06,1.0116253787203549e-07
":SOUR:DCS:STAT OFF;:BIAS:STAT OFF;:COMP:BIN:COUN:CLE;:LIST:CLE:ALL;:COMP:BIN:CLE;:AMPL:ALC OFF;:APER LONG,1;:BIAS:POL:AUTO OFF;:BIAS:RANG:AUTO ON;:BIAS:VOLT:LEV 0;:COMP:ABIN OFF;:COMP:BIN:COUN:STAT OFF;:COMP:MODE PTOL;:COMP:SLIM -9.9e+037,9.9e+037;:COMP:STAT OFF;:COMP:SWAP OFF;:COMP:TOL:NOM 0;:DISP:ENAB ON;:DISP:LINE """";:DISP:WIND:TEXT1:DATA:FMSD:DATA 1e-009;:DISP:WIND:TEXT2:DATA:FMSD:DATA 1e-009;:FORM:ASC:LONG ON;:FORM:BORD NORM;:FORM:DATA ASC,64;:FREQ:CW 300;:FUNC:DEV1:MODE OFF;:FUNC:DEV1:REF:VAL 0;:FUNC:DEV2:MODE OFF;:FUNC:DEV2:REF:VAL 0;:FUNC:IMP:TYPE LSRS;:FUNC:SMON:IDC:STAT OFF;:FUNC:SMON:VDC:STAT OFF;:INIT:CONT OFF;:LIST:MODE SEQ;:LIST:STIM:TYPE FREQ,NONE;:SOUR:DCS:VOLT:LEV 0;:TRIG:DEL 0;:TRIG:SOUR INT;:TRIG:TDEL 0;:VOLT:LEV 1;:DISP:WIND:TEXT1:DATA:FMSD:STAT OFF;:DISP:WIND:TEXT2:DATA:FMSD:STAT OFF;:FUNC:DCR:RANG:VAL 100;:FUNC:IMP:RANG:VAL 100;:OUTP:DC:ISOL:LEV:VAL 0.02;:OUTP:DC:ISOL:STAT OFF;:FUNC:DCR:RANG:AUTO ON;:FUNC:IMP:RANG:AUTO ON;:OUTP:DC:ISOL:LEV:AUTO ON;:DISP:PAGE MEASurement;
"
500.0,-1.02793654e-06,100.0205388,0.00500661,0.500763
500.0,-1.098910886e-06,100.0202799,0.00500662,0.500757
500.0,-1.112685501e-06,100.0205278,0.00500662,0.50076
500.0,-1.043869084e-06,100.0203651,0.00500662,0.500764
500.0,-1.001155983e-06,100.0207491,0.0050066,0.500764
500.0,-1.13924517e-06,100.0204443,0.00500661,0.500763
500.0,-1.090856342e-06,100.0202512,0.00500668,0.500762
500.0,-1.076512933e-06,100.0203196,0.00500654,0.500758
500.0,-1.10559264e-06,100.0202156,0.0050066,0.500759
500.0,-1.058388957e-06,100.0205918,0.00500656,0.500757
500.0,-1.043837656e-06,100.0201799,0.00500662,0.500759
500.0,-1.037224287e-06,100.020396,0.00500657,0.500766
500.0,-1.160276333e-06,100.0202903,0.00500663,0.500758
500.0,-1.082416348e-06,100.0202281,0.00500652,0.500761
500.0,-1.17143819e-06,100.0205856,0.00500654,0.500762
500.0,-1.084265602e-06,100.0203776,0.00500663,0.50076
Freq,500,Rs,100.02039629375,0.00016314469025513755,Ls,-1.08341327825e-06,4.774987295469814e-08
":SOUR:DCS:STAT OFF;:BIAS:STAT OFF;:COMP:BIN:COUN:CLE;:LIST:CLE:ALL;:COMP:BIN:CLE;:AMPL:ALC OFF;:APER LONG,1;:BIAS:POL:AUTO OFF;:BIAS:RANG:AUTO ON;:BIAS:VOLT:LEV 0;:COMP:ABIN OFF;:COMP:BIN:COUN:STAT OFF;:COMP:MODE PTOL;:COMP:SLIM -9.9e+037,9.9e+037;:COMP:STAT OFF;:COMP:SWAP OFF;:COMP:TOL:NOM 0;:DISP:ENAB ON;:DISP:LINE """";:DISP:WIND:TEXT1:DATA:FMSD:DATA 1e-009;:DISP:WIND:TEXT2:DATA:FMSD:DATA 1e-009;:FORM:ASC:LONG ON;:FORM:BORD NORM;:FORM:DATA ASC,64;:FREQ:CW 500;:FUNC:DEV1:MODE OFF;:FUNC:DEV1:REF:VAL 0;:FUNC:DEV2:MODE OFF;:FUNC:DEV2:REF:VAL 0;:FUNC:IMP:TYPE LSRS;:FUNC:SMON:IDC:STAT OFF;:FUNC:SMON:VDC:STAT OFF;:INIT:CONT OFF;:LIST:MODE SEQ;:LIST:STIM:TYPE FREQ,NONE;:SOUR:DCS:VOLT:LEV 0;:TRIG:DEL 0;:TRIG:SOUR INT;:TRIG:TDEL 0;:VOLT:LEV 1;:DISP:WIND:TEXT1:DATA:FMSD:STAT OFF;:DISP:WIND:TEXT2:DATA:FMSD:STAT OFF;:FUNC:DCR:RANG:VAL 100;:FUNC:IMP:RANG:VAL 100;:OUTP:DC:ISOL:LEV:VAL 0.02;:OUTP:DC:ISOL:STAT OFF;:FUNC:DCR:RANG:AUTO ON;:FUNC:IMP:RANG:AUTO ON;:OUTP:DC:ISOL:LEV:AUTO ON;:DISP:PAGE MEASurement;
"
800.0,-4.557367027e-07,100.0188726,0.00501333,0.501427
800.0,-4.344582802e-07,100.0192509,0.00501333,0.501435
800.0,-4.466260241e-07,100.0192608,0.00501337,0.501437
800.0,-4.45832018e-07,100.0194754,0.00501342,0.501435
800.0,-5.056875449e-07,100.0195155,0.00501339,0.501439
800.0,-4.489519462e-07,100.0196487,0.00501338,0.501443
800.0,-4.439138351e-07,100.0191171,0.00501336,0.501435
800.0,-4.601879385e-07,100.0194918,0.00501335,0.501429
800.0,-4.383769442e-07,100.0191269,0.00501334,0.501431
800.0,-4.223639896e-07,100.0190446,0.00501345,0.501436
800.0,-4.296151104e-07,100.0191481,0.00501334,0.501438
800.0,-4.056216258e-07,100.019172,0.00501335,0.501436
800.0,-4.017473695e-07,100.0190272,0.00501342,0.501442
800.0,-4.203894793e-07,100.0189181,0.00501342,0.501435
800.0,-5.013996759e-07,100.0192284,0.0050134,0.501436
800.0,-3.815907862e-07,100.01937,0.00501335,0.501431
Freq,800,Rs,100.01922925625,0.00022218978365136594,Ls,-4.401562044125e-07,3.2461789847469684e-08
":SOUR:DCS:STAT OFF;:BIAS:STAT OFF;:COMP:BIN:COUN:CLE;:LIST:CLE:ALL;:COMP:BIN:CLE;:AMPL:ALC OFF;:APER LONG,1;:BIAS:POL:AUTO OFF;:BIAS:RANG:AUTO ON;:BIAS:VOLT:LEV 0;:COMP:ABIN OFF;:COMP:BIN:COUN:STAT OFF;:COMP:MODE PTOL;:COMP:SLIM -9.9e+037,9.9e+037;:COMP:STAT OFF;:COMP:SWAP OFF;:COMP:TOL:NOM 0;:DISP:ENAB ON;:DISP:LINE """";:DISP:WIND:TEXT1:DATA:FMSD:DATA 1e-009;:DISP:WIND:TEXT2:DATA:FMSD:DATA 1e-009;:FORM:ASC:LONG ON;:FORM:BORD NORM;:FORM:DATA ASC,64;:FREQ:CW 800;:FUNC:DEV1:MODE OFF;:FUNC:DEV1:REF:VAL 0;:FUNC:DEV2:MODE OFF;:FUNC:DEV2:REF:VAL 0;:FUNC:IMP:TYPE LSRS;:FUNC:SMON:IDC:STAT OFF;:FUNC:SMON:VDC:STAT OFF;:INIT:CONT OFF;:LIST:MODE SEQ;:LIST:STIM:TYPE FREQ,NONE;:SOUR:DCS:VOLT:LEV 0;:TRIG:DEL 0;:TRIG:SOUR INT;:TRIG:TDEL 0;:VOLT:LEV 1;:DISP:WIND:TEXT1:DATA:FMSD:STAT OFF;:DISP:WIND:TEXT2:DATA:FMSD:STAT OFF;:FUNC:DCR:RANG:VAL 100;:FUNC:IMP:RANG:VAL 100;:OUTP:DC:ISOL:LEV:VAL 0.02;:OUTP:DC:ISOL:STAT OFF;:FUNC:DCR:RANG:AUTO ON;:FUNC:IMP:RANG:AUTO ON;:OUTP:DC:ISOL:LEV:AUTO ON;:DISP:PAGE MEASurement;
"
1000.0,4.107429796e-07,100.0185699,0.00499651,0.49975
1000.0,4.409286864e-07,100.0186748,0.00499652,0.499746
1000.0,4.400260868e-07,100.018485,0.00499653,0.499747
1000.0,4.359083372e-07,100.0188101,0.00499657,0.499743
1000.0,3.962975809e-07,100.0188533,0.00499656,0.499745
1000.0,4.003038455e-07,100.0187071,0.00499654,0.499742
1000.0,4.115226314e-07,100.0189644,0.00499655,0.49975
1000.0,4.432976984e-07,100.0186685,0.00499647,0.499744
1000.0,4.28007275e-07,100.0183868,0.00499652,0.499745
1000.0,4.098431136e-07,100.0186913,0.00499651,0.499736
1000.0,4.191927722e-07,100.0183884,0.00499651,0.499744
1000.0,4.226891736e-07,100.0185707,0.00499654,0.499741
1000.0,4.236094462e-07,100.0187006,0.00499649,0.499745
1000.0,3.903238413e-07,100.0184116,0.00499652,0.499739
1000.0,3.999520078e-07,100.0186355,0.00499653,0.499739
1000.0,4.13876879e-07,100.0184456,0.00499652,0.499745
Freq,1000,Rs,100.018622725,0.00017104651803901804,Ls,4.1790764718124997e-07,1.6694201604436168e-08
":SOUR:DCS:STAT OFF;:BIAS:STAT OFF;:COMP:BIN:COUN:CLE;:LIST:CLE:ALL;:COMP:BIN:CLE;:AMPL:ALC OFF;:APER LONG,1;:BIAS:POL:AUTO OFF;:BIAS:RANG:AUTO ON;:BIAS:VOLT:LEV 0;:COMP:ABIN OFF;:COMP:BIN:COUN:STAT OFF;:COMP:MODE PTOL;:COMP:SLIM -9.9e+037,9.9e+037;:COMP:STAT OFF;:COMP:SWAP OFF;:COMP:TOL:NOM 0;:DISP:ENAB ON;:DISP:LINE """";:DISP:WIND:TEXT1:DATA:FMSD:DATA 1e-009;:DISP:WIND:TEXT2:DATA:FMSD:DATA 1e-009;:FORM:ASC:LONG ON;:FORM:BORD NORM;:FORM:DATA ASC,64;:FREQ:CW 1000;:FUNC:DEV1:MODE OFF;:FUNC:DEV1:REF:VAL 0;:FUNC:DEV2:MODE OFF;:FUNC:DEV2:REF:VAL 0;:FUNC:IMP:TYPE LSRS;:FUNC:SMON:IDC:STAT OFF;:FUNC:SMON:VDC:STAT OFF;:INIT:CONT OFF;:LIST:MODE SEQ;:LIST:STIM:TYPE FREQ,NONE;:SOUR:DCS:VOLT:LEV 0;:TRIG:DEL 0;:TRIG:SOUR INT;:TRIG:TDEL 0;:VOLT:LEV 1;:DISP:WIND:TEXT1:DATA:FMSD:STAT OFF;:DISP:WIND:TEXT2:DATA:FMSD:STAT OFF;:FUNC:DCR:RANG:VAL 100;:FUNC:IMP:RANG:VAL 100;:OUTP:DC:ISOL:LEV:VAL 0.02;:OUTP:DC:ISOL:STAT OFF;:FUNC:DCR:RANG:AUTO ON;:FUNC:IMP:RANG:AUTO ON;:OUTP:DC:ISOL:LEV:AUTO ON;:DISP:PAGE MEASurement;
"
1591.5494309189535,2.555658595e-07,100.0235173,0.00502822,0.502944
1591.5494309189535,2.962476675e-07,100.0236738,0.00502826,0.502938
1591.5494309189535,2.570384354e-07,100.0235696,0.00502819,0.502932
1591.5494309189535,3.016523824e-07,100.0234956,0.00502822,0.502936
1591.5494309189535,2.825159704e-07,100.0233862,0.00502828,0.502939
1591.5494309189535,2.887156227e-07,100.0234574,0.00502828,0.502942
1591.5494309189535,2.833940297e-07,100.0234838,0.00502827,0.502944
1591.5494309189535,2.780916194e-07,100.023458,0.00502824,0.502946
1591.5494309189535,2.817823041e-07,100.0238188,0.00502828,0.502944
1591.5494309189535,3.026523638e-07,100.0231403,0.00502824,0.502945
1591.5494309189535,2.878083926e-07,100.023597,0.00502831,0.502946
1591.5494309189535,2.598545532e-07,100.0236107,0.00502826,0.502948
1591.5494309189535,2.7909369e-07,100.0235854,0.00502831,0.502946
1591.5494309189535,2.796468574e-07,100.0233707,0.00502835,0.502948
1591.5494309189535,2.808939868e-07,100.0233509,0.00502819,0.502944
1591.5494309189535,2.784435408e-07,100.0235611,0.00502833,0.502947
Freq,1591.5494309189535,Rs,100.02350478749999,0.0001537207115742671,Ls,2.8083732973125e-07,1.3977583809208635e-08
":SOUR:DCS:STAT OFF;:BIAS:STAT OFF;:COMP:BIN:COUN:CLE;:LIST:CLE:ALL;:COMP:BIN:CLE;:AMPL:ALC OFF;:APER LONG,1;:BIAS:POL:AUTO OFF;:BIAS:RANG:AUTO ON;:BIAS:VOLT:LEV 0;:COMP:ABIN OFF;:COMP:BIN:COUN:STAT OFF;:COMP:MODE PTOL;:COMP:SLIM -9.9e+037,9.9e+037;:COMP:STAT OFF;:COMP:SWAP OFF;:COMP:TOL:NOM 0;:DISP:ENAB ON;:DISP:LINE """";:DISP:WIND:TEXT1:DATA:FMSD:DATA 1e-009;:DISP:WIND:TEXT2:DATA:FMSD:DATA 1e-009;:FORM:ASC:LONG ON;:FORM:BORD NORM;:FORM:DATA ASC,64;:FREQ:CW 1592;:FUNC:DEV1:MODE OFF;:FUNC:DEV1:REF:VAL 0;:FUNC:DEV2:MODE OFF;:FUNC:DEV2:REF:VAL 0;:FUNC:IMP:TYPE LSRS;:FUNC:SMON:IDC:STAT OFF;:FUNC:SMON:VDC:STAT OFF;:INIT:CONT OFF;:LIST:MODE SEQ;:LIST:STIM:TYPE FREQ,NONE;:SOUR:DCS:VOLT:LEV 0;:TRIG:DEL 0;:TRIG:SOUR INT;:TRIG:TDEL 0;:VOLT:LEV 1;:DISP:WIND:TEXT1:DATA:FMSD:STAT OFF;:DISP:WIND:TEXT2:DATA:FMSD:STAT OFF;:FUNC:DCR:RANG:VAL 100;:FUNC:IMP:RANG:VAL 100;:OUTP:DC:ISOL:LEV:VAL 0.02;:OUTP:DC:ISOL:STAT OFF;:FUNC:DCR:RANG:AUTO ON;:FUNC:IMP:RANG:AUTO ON;:OUTP:DC:ISOL:LEV:AUTO ON;:DISP:PAGE MEASurement;
"
2000.0,1.295983549e-07,100.0197044,0.00502309,0.502405
2000.0,1.261585625e-07,100.0197678,0.00502313,0.502415
2000.0,1.14359183e-07,100.0198783,0.00502311,0.502413
2000.0,1.259612363e-07,100.0199565,0.0050232,0.502408
2000.0,1.219049293e-07,100.0198201,0.0050231,0.502411
2000.0,1.140533515e-07,100.0197689,0.00502315,0.50241
2000.0,1.332920569e-07,100.0196698,0.00502309,0.502407
2000.0,1.169901024e-07,100.0197266,0.00502317,0.502408
2000.0,1.125455286e-07,100.0199631,0.00502313,0.502409
2000.0,1.317588214e-07,100.0199797,0.00502311,0.502411
2000.0,1.282028049e-07,100.0197443,0.0050232,0.502414
2000.0,1.182169261e-07,100.0196487,0.00502314,0.502416
2000.0,1.135228884e-07,100.0195821,0.00502313,0.502412
2000.0,1.099052579e-07,100.0198571,0.00502311,0.502413
2000.0,1.22976379e-07,100.0198876,0.00502315,0.502418
2000.0,1.195278951e-07,100.019569,0.00502315,0.50241
Freq,2000,Rs,100.01978275,0.00013074469269018133,Ls,1.211858923875e-07,7.379623064937337e-09
":SOUR:DCS:STAT OFF;:BIAS:STAT OFF;:COMP:BIN:COUN:CLE;:LIST:CLE:ALL;:COMP:BIN:CLE;:AMPL:ALC OFF;:APER LONG,1;:BIAS:POL:AUTO OFF;:BIAS:RANG:AUTO ON;:BIAS:VOLT:LEV 0;:COMP:ABIN OFF;:COMP:BIN:COUN:STAT OFF;:COMP:MODE PTOL;:COMP:SLIM -9.9e+037,9.9e+037;:COMP:STAT OFF;:COMP:SWAP OFF;:COMP:TOL:NOM 0;:DISP:ENAB ON;:DISP:LINE """";:DISP:WIND:TEXT1:DATA:FMSD:DATA 1e-009;:DISP:WIND:TEXT2:DATA:FMSD:DATA 1e-009;:FORM:ASC:LONG ON;:FORM:BORD NORM;:FORM:DATA ASC,64;:FREQ:CW 2000;:FUNC:DEV1:MODE OFF;:FUNC:DEV1:REF:VAL 0;:FUNC:DEV2:MODE OFF;:FUNC:DEV2:REF:VAL 0;:FUNC:IMP:TYPE LSRS;:FUNC:SMON:IDC:STAT OFF;:FUNC:SMON:VDC:STAT OFF;:INIT:CONT OFF;:LIST:MODE SEQ;:LIST:STIM:TYPE FREQ,NONE;:SOUR:DCS:VOLT:LEV 0;:TRIG:DEL 0;:TRIG:SOUR INT;:TRIG:TDEL 0;:VOLT:LEV 1;:DISP:WIND:TEXT1:DATA:FMSD:STAT OFF;:DISP:WIND:TEXT2:DATA:FMSD:STAT OFF;:FUNC:DCR:RANG:VAL 100;:FUNC:IMP:RANG:VAL 100;:OUTP:DC:ISOL:LEV:VAL 0.02;:OUTP:DC:ISOL:STAT OFF;:FUNC:DCR:RANG:AUTO ON;:FUNC:IMP:RANG:AUTO ON;:OUTP:DC:ISOL:LEV:AUTO ON;:DISP:PAGE MEASurement;
"
3000.0,6.651494357e-08,100.0202169,0.00500497,0.500598
3000.0,7.680522245e-08,100.0199067,0.00500495,0.500602
3000.0,7.040083817e-08,100.0201303,0.00500503,0.500599
3000.0,7.478552298e-08,100.0200993,0.00500498,0.500596
3000.0,7.079327434e-08,100.02003,0.00500495,0.500595
3000.0,7.284165817e-08,100.0201106,0.00500501,0.500603
3000.0,7.682020661e-08,100.0200042,0.00500496,0.500595
3000.0,7.783503372e-08,100.0197638,0.00500503,0.500603
3000.0,7.324023684e-08,100.0200253,0.00500499,0.500606
3000.0,7.837026031e-08,100.0200126,0.00500498,0.500604
3000.0,6.783700928e-08,100.0202538,0.00500504,0.500594
3000.0,7.114810917e-08,100.0197739,0.00500503,0.500601
3000.0,7.45218516e-08,100.0203668,0.00500502,0.500604
3000.0,7.942837427e-08,100.0200437,0.00500503,0.500603
3000.0,6.793768611e-08,100.0199806,0.00500505,0.500603
3000.0,7.221493609e-08,100.0202959,0.005005,0.500598
Freq,3000,Rs,100.0200634,0.0001689055278336872,Ls,7.321844773e-08,3.978684006151419e-09
":SOUR:DCS:STAT OFF;:BIAS:STAT OFF;:COMP:BIN:COUN:CLE;:LIST:CLE:ALL;:COMP:BIN:CLE;:AMPL:ALC OFF;:APER LONG,1;:BIAS:POL:AUTO OFF;:BIAS:RANG:AUTO ON;:BIAS:VOLT:LEV 0;:COMP:ABIN OFF;:COMP:BIN:COUN:STAT OFF;:COMP:MODE PTOL;:COMP:SLIM -9.9e+037,9.9e+037;:COMP:STAT OFF;:COMP:SWAP OFF;:COMP:TOL:NOM 0;:DISP:ENAB ON;:DISP:LINE """";:DISP:WIND:TEXT1:DATA:FMSD:DATA 1e-009;:DISP:WIND:TEXT2:DATA:FMSD:DATA 1e-009;:FORM:ASC:LONG ON;:FORM:BORD NORM;:FORM:DATA ASC,64;:FREQ:CW 3000;:FUNC:DEV1:MODE OFF;:FUNC:DEV1:REF:VAL 0;:FUNC:DEV2:MODE OFF;:FUNC:DEV2:REF:VAL 0;:FUNC:IMP:TYPE LSRS;:FUNC:SMON:IDC:STAT OFF;:FUNC:SMON:VDC:STAT OFF;:INIT:CONT OFF;:LIST:MODE SEQ;:LIST:STIM:TYPE FREQ,NONE;:SOUR:DCS:VOLT:LEV 0;:TRIG:DEL 0;:TRIG:SOUR INT;:TRIG:TDEL 0;:VOLT:LEV 1;:DISP:WIND:TEXT1:DATA:FMSD:STAT OFF;:DISP:WIND:TEXT2:DATA:FMSD:STAT OFF;:FUNC:DCR:RANG:VAL 100;:FUNC:IMP:RANG:VAL 100;:OUTP:DC:ISOL:LEV:VAL 0.02;:OUTP:DC:ISOL:STAT OFF;:FUNC:DCR:RANG:AUTO ON;:FUNC:IMP:RANG:AUTO ON;:OUTP:DC:ISOL:LEV:AUTO ON;:DISP:PAGE MEASurement;
"
5000.0,3.490889737e-08,100.0199444,0.00500014,0.500112
5000.0,1.994960247e-08,100.0203291,0.00500017,0.500111
5000.0,3.022135446e-08,100.0199538,0.00500014,0.500108
5000.0,3.778035798e-08,100.0200175,0.00500011,0.500118
5000.0,3.266132765e-08,100.0201998,0.00500009,0.50011
5000.0,3.363443888e-08,100.0197969,0.00500011,0.500117
5000.0,3.215054454e-08,100.0201949,0.00500011,0.50011
5000.0,3.274488407e-08,100.0200691,0.00500012,0.500112
5000.0,1.589190136e-08,100.020291,0.00500014,0.500106
5000.0,3.53163725e-08,100.0199003,0.00500003,0.500111
5000.0,2.812222231e-08,100.02012,0.00500007,0.500108
5000.0,1.909658395e-08,100.0197333,0.00500009,0.500112
5000.0,3.622230156e-08,100.0201728,0.00500014,0.500111
5000.0,2.830488085e-08,100.0199925,0.0050001,0.50011
5000.0,3.797569458e-08,100.0197584,0.00500006,0.500103
5000.0,2.862807434e-08,100.0199576,0.00500001,0.500108
Freq,5000,Rs,100.0200269625,0.00018191061862004568,Ls,3.0225589929375005e-08,6.703852943082856e-09
":SOUR:DCS:STAT OFF;:BIAS:STAT OFF;:COMP:BIN:COUN:CLE;:LIST:CLE:ALL;:COMP:BIN:CLE;:AMPL:ALC OFF;:APER LONG,1;:BIAS:POL:AUTO OFF;:BIAS:RANG:AUTO ON;:BIAS:VOLT:LEV 0;:COMP:ABIN OFF;:COMP:BIN:COUN:STAT OFF;:COMP:MODE PTOL;:COMP:SLIM -9.9e+037,9.9e+037;:COMP:STAT OFF;:COMP:SWAP OFF;:COMP:TOL:NOM 0;:DISP:ENAB ON;:DISP:LINE """";:DISP:WIND:TEXT1:DATA:FMSD:DATA 1e-009;:DISP:WIND:TEXT2:DATA:FMSD:DATA 1e-009;:FORM:ASC:LONG ON;:FORM:BORD NORM;:FORM:DATA ASC,64;:FREQ:CW 5000;:FUNC:DEV1:MODE OFF;:FUNC:DEV1:REF:VAL 0;:FUNC:DEV2:MODE OFF;:FUNC:DEV2:REF:VAL 0;:FUNC:IMP:TYPE LSRS;:FUNC:SMON:IDC:STAT OFF;:FUNC:SMON:VDC:STAT OFF;:INIT:CONT OFF;:LIST:MODE SEQ;:LIST:STIM:TYPE FREQ,NONE;:SOUR:DCS:VOLT:LEV 0;:TRIG:DEL 0;:TRIG:SOUR INT;:TRIG:TDEL 0;:VOLT:LEV 1;:DISP:WIND:TEXT1:DATA:FMSD:STAT OFF;:DISP:WIND:TEXT2:DATA:FMSD:STAT OFF;:FUNC:DCR:RANG:VAL 100;:FUNC:IMP:RANG:VAL 100;:OUTP:DC:ISOL:LEV:VAL 0.02;:OUTP:DC:ISOL:STAT OFF;:FUNC:DCR:RANG:AUTO ON;:FUNC:IMP:RANG:AUTO ON;:OUTP:DC:ISOL:LEV:AUTO ON;:DISP:PAGE MEASurement;
"
":SOUR:DCS:STAT OFF;:BIAS:STAT OFF;:COMP:BIN:COUN:CLE;:LIST:CLE:ALL;:COMP:BIN:CLE;:AMPL:ALC OFF;:APER LONG,1;:BIAS:POL:AUTO OFF;:BIAS:RANG:AUTO ON;:BIAS:VOLT:LEV 0;:COMP:ABIN OFF;:COMP:BIN:COUN:STAT OFF;:COMP:MODE PTOL;:COMP:SLIM -9.9e+037,9.9e+037;:COMP:STAT OFF;:COMP:SWAP OFF;:COMP:TOL:NOM 0;:DISP:ENAB ON;:DISP:LINE """";:DISP:WIND:TEXT1:DATA:FMSD:DATA 1e-009;:DISP:WIND:TEXT2:DATA:FMSD:DATA 1e-009;:FORM:ASC:LONG ON;:FORM:BORD NORM;:FORM:DATA ASC,64;:FREQ:CW 5000;:FUNC:DEV1:MODE OFF;:FUNC:DEV1:REF:VAL 0;:FUNC:DEV2:MODE OFF;:FUNC:DEV2:REF:VAL 0;:FUNC:IMP:TYPE LSRS;:FUNC:SMON:IDC:STAT OFF;:FUNC:SMON:VDC:STAT OFF;:INIT:CONT OFF;:LIST:MODE SEQ;:LIST:STIM:TYPE FREQ,NONE;:SOUR:DCS:VOLT:LEV 0;:TRIG:DEL 0;:TRIG:SOUR INT;:TRIG:TDEL 0;:VOLT:LEV 1;:DISP:WIND:TEXT1:DATA:FMSD:STAT OFF;:DISP:WIND:TEXT2:DATA:FMSD:STAT OFF;:FUNC:DCR:RANG:VAL 100;:FUNC:IMP:RANG:VAL 100;:OUTP:DC:ISOL:LEV:VAL 0.02;:OUTP:DC:ISOL:STAT OFF;:FUNC:DCR:RANG:AUTO ON;:FUNC:IMP:RANG:AUTO ON;:OUTP:DC:ISOL:LEV:AUTO ON;:DISP:PAGE MEASurement;
"
2024-04-18,16:42:32
---------run finished---------
lcr name:,KeySight E4980A
Name and description of Resistor under test: ,42091A no leads (short)
2024-04-18,16:43:53
select the freq range,"[20, 30, 40, 50, 70, 100, 200, 300, 500, 800, 1000, 1591.5494309189535, 2000, 3000, 5000]"
20.0,-8.192116155e-10,-5.456967438e-05,0.00999661,3.2649e-07
20.0,-2.716696052e-07,-6.267840272e-05,0.00999656,3.30173e-07
20.0,-4.48140931e-09,-7.672559419e-05,0.00999646,6.82673e-07
20.0,-4.257211004e-08,-3.376103735e-06,0.00999645,3.06438e-07
20.0,1.26415158e-07,-8.678635744e-05,0.00999641,7.72357e-07
20.0,-2.053986479e-07,-7.955371852e-05,0.0099965,6.84985e-07
20.0,-7.374955893e-09,-4.482566051e-05,0.00999645,4.6865e-07
20.0,-3.181549696e-07,-0.0001048235089,0.00999646,1.08915e-06
20.0,1.846114884e-07,-5.129436526e-05,0.00999644,2.48526e-07
20.0,6.516424082e-08,-4.897145951e-05,0.00999642,8.03808e-07
20.0,-5.726160018e-08,-3.246465249e-05,0.00999646,5.111e-07
20.0,-2.499618375e-07,-8.393963567e-05,0.00999632,6.81816e-07
20.0,6.036118016e-08,-5.695632676e-05,0.00999638,4.43849e-07
20.0,-2.495822744e-07,-1.970590018e-05,0.00999631,8.8902e-07
20.0,-2.052913217e-07,-3.203096751e-05,0.00999624,6.76773e-07
20.0,-3.506955225e-07,-4.86735411e-06,0.00999634,4.00469e-07
Freq,20,Rs,-5.27231051178125e-05,2.9437118010026894e-05,Ls,-9.541946240365625e-08,1.6823795739064607e-07
":SOUR:DCS:STAT OFF;:BIAS:STAT OFF;:COMP:BIN:COUN:CLE;:LIST:CLE:ALL;:COMP:BIN:CLE;:AMPL:ALC OFF;:APER LONG,1;:BIAS:POL:AUTO OFF;:BIAS:RANG:AUTO ON;:BIAS:VOLT:LEV 0;:COMP:ABIN OFF;:COMP:BIN:COUN:STAT OFF;:COMP:MODE PTOL;:COMP:SLIM -9.9e+037,9.9e+037;:COMP:STAT OFF;:COMP:SWAP OFF;:COMP:TOL:NOM 0;:DISP:ENAB ON;:DISP:LINE """";:DISP:WIND:TEXT1:DATA:FMSD:DATA 1e-009;:DISP:WIND:TEXT2:DATA:FMSD:DATA 1e-009;:FORM:ASC:LONG ON;:FORM:BORD NORM;:FORM:DATA ASC,64;:FREQ:CW 20;:FUNC:DEV1:MODE OFF;:FUNC:DEV1:REF:VAL 0;:FUNC:DEV2:MODE OFF;:FUNC:DEV2:REF:VAL 0;:FUNC:IMP:TYPE LSRS;:FUNC:SMON:IDC:STAT OFF;:FUNC:SMON:VDC:STAT OFF;:INIT:CONT OFF;:LIST:MODE SEQ;:LIST:STIM:TYPE FREQ,NONE;:SOUR:DCS:VOLT:LEV 0;:TRIG:DEL 0;:TRIG:SOUR INT;:TRIG:TDEL 0;:VOLT:LEV 1;:DISP:WIND:TEXT1:DATA:FMSD:STAT OFF;:DISP:WIND:TEXT2:DATA:FMSD:STAT OFF;:FUNC:DCR:RANG:VAL 100;:FUNC:IMP:RANG:VAL 1;:OUTP:DC:ISOL:LEV:VAL 0.02;:OUTP:DC:ISOL:STAT OFF;:FUNC:DCR:RANG:AUTO ON;:FUNC:IMP:RANG:AUTO ON;:OUTP:DC:ISOL:LEV:AUTO ON;:DISP:PAGE MEASurement;
"
30.0,2.456388334e-07,2.696040277e-06,0.0100005,2.36705e-07
30.0,-4.310603588e-08,2.199014994e-05,0.0100005,6.9633e-08
30.0,-2.57963339e-08,2.785131994e-05,0.0100006,1.20601e-07
30.0,8.168227541e-08,4.158396736e-05,0.0100005,1.33792e-07
30.0,8.908529159e-09,1.770933697e-05,0.0100004,4.57825e-07
30.0,1.870921941e-07,2.092450682e-05,0.0100005,2.50823e-07
30.0,-1.095231644e-07,4.481800779e-05,0.0100005,1.58012e-07
30.0,6.224458973e-08,3.50962919e-05,0.0100005,3.79708e-07
30.0,4.045663072e-08,6.572185675e-06,0.0100006,1.10745e-07
30.0,-1.606081773e-07,4.688591604e-05,0.0100005,1.61933e-07
30.0,6.697268501e-08,1.215620905e-05,0.0100004,1.34547e-07
30.0,5.099075951e-08,1.312929941e-05,0.0100005,4.31469e-07
30.0,-8.432932873e-08,1.739873953e-05,0.0100005,5.73344e-07
30.0,-2.796786561e-07,2.958336402e-05,0.0100004,2.41629e-07
30.0,-9.403573353e-08,2.137003095e-05,0.0100005,2.84595e-07
30.0,3.366147597e-07,2.148540473e-05,0.0100004,1.4606e-07
Freq,30,Rs,2.3828173150125e-05,1.3066329557762376e-05,Ls,1.77202391811875e-08,1.5437257763386626e-07
":SOUR:DCS:STAT OFF;:BIAS:STAT OFF;:COMP:BIN:COUN:CLE;:LIST:CLE:ALL;:COMP:BIN:CLE;:AMPL:ALC OFF;:APER LONG,1;:BIAS:POL:AUTO OFF;:BIAS:RANG:AUTO ON;:BIAS:VOLT:LEV 0;:COMP:ABIN OFF;:COMP:BIN:COUN:STAT OFF;:COMP:MODE PTOL;:COMP:SLIM -9.9e+037,9.9e+037;:COMP:STAT OFF;:COMP:SWAP OFF;:COMP:TOL:NOM 0;:DISP:ENAB ON;:DISP:LINE """";:DISP:WIND:TEXT1:DATA:FMSD:DATA 1e-009;:DISP:WIND:TEXT2:DATA:FMSD:DATA 1e-009;:FORM:ASC:LONG ON;:FORM:BORD NORM;:FORM:DATA ASC,64;:FREQ:CW 30;:FUNC:DEV1:MODE OFF;:FUNC:DEV1:REF:VAL 0;:FUNC:DEV2:MODE OFF;:FUNC:DEV2:REF:VAL 0;:FUNC:IMP:TYPE LSRS;:FUNC:SMON:IDC:STAT OFF;:FUNC:SMON:VDC:STAT OFF;:INIT:CONT OFF;:LIST:MODE SEQ;:LIST:STIM:TYPE FREQ,NONE;:SOUR:DCS:VOLT:LEV 0;:TRIG:DEL 0;:TRIG:SOUR INT;:TRIG:TDEL 0;:VOLT:LEV 1;:DISP:WIND:TEXT1:DATA:FMSD:STAT OFF;:DISP:WIND:TEXT2:DATA:FMSD:STAT OFF;:FUNC:DCR:RANG:VAL 100;:FUNC:IMP:RANG:VAL 1;:OUTP:DC:ISOL:LEV:VAL 0.02;:OUTP:DC:ISOL:STAT OFF;:FUNC:DCR:RANG:AUTO ON;:FUNC:IMP:RANG:AUTO ON;:OUTP:DC:ISOL:LEV:AUTO ON;:DISP:PAGE MEASurement;
"
40.0,-7.516425048e-08,5.916418806e-06,0.00999977,2.37371e-07
40.0,-1.641414677e-07,-3.778140757e-06,0.00999975,2.51193e-07
40.0,-1.684327465e-07,-1.616507751e-05,0.00999978,1.33342e-07
40.0,-4.971019026e-08,2.776897071e-05,0.00999983,1.04535e-07
40.0,3.465462431e-08,-1.080859118e-05,0.00999972,3.40741e-07
40.0,-1.004689686e-07,-1.791184194e-06,0.00999953,3.15539e-07
40.0,-8.314995679e-09,-7.923259968e-07,0.00999976,7.38354e-09
40.0,-7.378961161e-08,1.613786066e-05,0.00999967,3.91032e-07
40.0,-1.940749921e-07,-4.10416266e-06,0.00999979,3.04634e-07
40.0,-1.078818966e-07,-1.110405215e-05,0.00999974,2.28884e-07
40.0,-1.48192723e-08,1.257153701e-05,0.00999956,3.8465e-07
40.0,-6.048246625e-08,5.682442243e-06,0.00999966,4.41059e-07
40.0,8.774161317e-09,-2.49759267e-05,0.00999967,2.41804e-07
40.0,-1.256771422e-09,-1.720631804e-05,0.00999978,1.98918e-07
40.0,2.509559567e-08,1.129985412e-05,0.00999969,2.73029e-07
40.0,-3.411941237e-08,-9.46623349e-06,0.00999966,1.97276e-07
Freq,40,Rs,-1.3009330705499997e-06,1.3912454129175989e-05,Ls,-6.150829128587499e-08,7.05990073733212e-08
":SOUR:DCS:STAT OFF;:BIAS:STAT OFF;:COMP:BIN:COUN:CLE;:LIST:CLE:ALL;:COMP:BIN:CLE;:AMPL:ALC OFF;:APER LONG,1;:BIAS:POL:AUTO OFF;:BIAS:RANG:AUTO ON;:BIAS:VOLT:LEV 0;:COMP:ABIN OFF;:COMP:BIN:COUN:STAT OFF;:COMP:MODE PTOL;:COMP:SLIM -9.9e+037,9.9e+037;:COMP:STAT OFF;:COMP:SWAP OFF;:COMP:TOL:NOM 0;:DISP:ENAB ON;:DISP:LINE """";:DISP:WIND:TEXT1:DATA:FMSD:DATA 1e-009;:DISP:WIND:TEXT2:DATA:FMSD:DATA 1e-009;:FORM:ASC:LONG ON;:FORM:BORD NORM;:FORM:DATA ASC,64;:FREQ:CW 40;:FUNC:DEV1:MODE OFF;:FUNC:DEV1:REF:VAL 0;:FUNC:DEV2:MODE OFF;:FUNC:DEV2:REF:VAL 0;:FUNC:IMP:TYPE LSRS;:FUNC:SMON:IDC:STAT OFF;:FUNC:SMON:VDC:STAT OFF;:INIT:CONT OFF;:LIST:MODE SEQ;:LIST:STIM:TYPE FREQ,NONE;:SOUR:DCS:VOLT:LEV 0;:TRIG:DEL 0;:TRIG:SOUR INT;:TRIG:TDEL 0;:VOLT:LEV 1;:DISP:WIND:TEXT1:DATA:FMSD:STAT OFF;:DISP:WIND:TEXT2:DATA:FMSD:STAT OFF;:FUNC:DCR:RANG:VAL 100;:FUNC:IMP:RANG:VAL 1;:OUTP:DC:ISOL:LEV:VAL 0.02;:OUTP:DC:ISOL:STAT OFF;:FUNC:DCR:RANG:AUTO ON;:FUNC:IMP:RANG:AUTO ON;:OUTP:DC:ISOL:LEV:AUTO ON;:DISP:PAGE MEASurement;
"
50.0,-3.348302601e-09,6.87427234e-06,0.010031,5.05336e-07
50.0,6.952800386e-08,3.538636264e-05,0.0100312,5.31185e-07
50.0,5.268293324e-08,1.110638234e-05,0.0100311,2.29996e-07
50.0,1.821331753e-07,3.473997224e-06,0.0100311,6.96716e-07
50.0,3.87055488e-08,1.102335378e-05,0.010031,2.44648e-07
50.0,1.245711922e-07,-3.984405414e-05,0.0100311,2.12596e-07
50.0,6.977777645e-08,-3.266760611e-05,0.0100313,1.68247e-07
50.0,9.984669009e-08,-2.404849881e-05,0.0100311,2.06451e-07
50.0,5.256848457e-08,-3.169258575e-05,0.0100312,3.33464e-07
50.0,1.014828467e-07,-2.66875824e-05,0.0100313,1.67743e-07
50.0,-7.179613699e-09,-1.045641185e-06,0.0100311,1.78477e-07
50.0,8.0963487e-08,6.917840312e-06,0.0100312,3.7592e-08
50.0,7.203563208e-08,-1.708046345e-05,0.0100312,5.4528e-07
50.0,1.881544227e-07,-1.034386426e-05,0.0100311,2.87786e-07
50.0,1.86051251e-07,-3.300145797e-05,0.0100313,6.36146e-07
50.0,1.021523673e-07,-2.421514369e-05,0.0100311,2.73738e-07
Freq,50,Rs,-1.0365293070562501e-05,2.1463475518238522e-05,Ls,8.8132868436875e-08,5.982170205377886e-08
":SOUR:DCS:STAT OFF;:BIAS:STAT OFF;:COMP:BIN:COUN:CLE;:LIST:CLE:ALL;:COMP:BIN:CLE;:AMPL:ALC OFF;:APER LONG,1;:BIAS:POL:AUTO OFF;:BIAS:RANG:AUTO ON;:BIAS:VOLT:LEV 0;:COMP:ABIN OFF;:COMP:BIN:COUN:STAT OFF;:COMP:MODE PTOL;:COMP:SLIM -9.9e+037,9.9e+037;:COMP:STAT OFF;:COMP:SWAP OFF;:COMP:TOL:NOM 0;:DISP:ENAB ON;:DISP:LINE """";:DISP:WIND:TEXT1:DATA:FMSD:DATA 1e-009;:DISP:WIND:TEXT2:DATA:FMSD:DATA 1e-009;:FORM:ASC:LONG ON;:FORM:BORD NORM;:FORM:DATA ASC,64;:FREQ:CW 50;:FUNC:DEV1:MODE OFF;:FUNC:DEV1:REF:VAL 0;:FUNC:DEV2:MODE OFF;:FUNC:DEV2:REF:VAL 0;:FUNC:IMP:TYPE LSRS;:FUNC:SMON:IDC:STAT OFF;:FUNC:SMON:VDC:STAT OFF;:INIT:CONT OFF;:LIST:MODE SEQ;:LIST:STIM:TYPE FREQ,NONE;:SOUR:DCS:VOLT:LEV 0;:TRIG:DEL 0;:TRIG:SOUR INT;:TRIG:TDEL 0;:VOLT:LEV 1;:DISP:WIND:TEXT1:DATA:FMSD:STAT OFF;:DISP:WIND:TEXT2:DATA:FMSD:STAT OFF;:FUNC:DCR:RANG:VAL 100;:FUNC:IMP:RANG:VAL 1;:OUTP:DC:ISOL:LEV:VAL 0.02;:OUTP:DC:ISOL:STAT OFF;:FUNC:DCR:RANG:AUTO ON;:FUNC:IMP:RANG:AUTO ON;:OUTP:DC:ISOL:LEV:AUTO ON;:DISP:PAGE MEASurement;
"
70.0,1.289833433e-09,1.045668072e-05,0.0100284,1.21568e-07
70.0,-1.463434249e-08,-1.389464232e-05,0.0100284,2.18776e-07
70.0,3.356434596e-09,-7.154188337e-07,0.0100284,3.34843e-07
70.0,-1.698247566e-08,-8.924770308e-06,0.0100284,1.6719e-07
70.0,-2.159206193e-08,-2.749584662e-05,0.0100284,4.45537e-08
70.0,5.241318973e-08,-2.836166662e-05,0.0100282,2.89992e-07
70.0,-4.593518348e-09,2.051228424e-07,0.0100284,1.07721e-07
70.0,5.63252142e-08,-2.764597077e-06,0.0100285,1.4122e-07
70.0,-9.486618745e-09,-2.187320967e-06,0.0100286,3.24837e-08
70.0,7.015297204e-09,-3.942285392e-06,0.0100286,1.59715e-07
70.0,7.944233053e-09,8.896333903e-06,0.0100285,2.36924e-07
70.0,-2.042890585e-08,-1.373019645e-05,0.0100285,3.20313e-07
70.0,1.307648127e-08,-8.748992801e-06,0.0100285,2.24918e-07
70.0,-1.309803603e-08,-6.783018129e-06,0.0100286,6.56151e-08
70.0,-1.898463805e-08,-1.782336462e-05,0.0100284,1.58598e-07
70.0,-7.848737031e-09,1.297495832e-06,0.0100284,8.69232e-08
Freq,70,Rs,-7.15728042751875e-06,1.1138311822167633e-05,Ls,8.607093345e-10,2.3515764703670088e-08
":SOUR:DCS:STAT OFF;:BIAS:STAT OFF;:COMP:BIN:COUN:CLE;:LIST:CLE:ALL;:COMP:BIN:CLE;:AMPL:ALC OFF;:APER LONG,1;:BIAS:POL:AUTO OFF;:BIAS:RANG:AUTO ON;:BIAS:VOLT:LEV 0;:COMP:ABIN OFF;:COMP:BIN:COUN:STAT OFF;:COMP:MODE PTOL;:COMP:SLIM -9.9e+037,9.9e+037;:COMP:STAT OFF;:COMP:SWAP OFF;:COMP:TOL:NOM 0;:DISP:ENAB ON;:DISP:LINE """";:DISP:WIND:TEXT1:DATA:FMSD:DATA 1e-009;:DISP:WIND:TEXT2:DATA:FMSD:DATA 1e-009;:FORM:ASC:LONG ON;:FORM:BORD NORM;:FORM:DATA ASC,64;:FREQ:CW 70;:FUNC:DEV1:MODE OFF;:FUNC:DEV1:REF:VAL 0;:FUNC:DEV2:MODE OFF;:FUNC:DEV2:REF:VAL 0;:FUNC:IMP:TYPE LSRS;:FUNC:SMON:IDC:STAT OFF;:FUNC:SMON:VDC:STAT OFF;:INIT:CONT OFF;:LIST:MODE SEQ;:LIST:STIM:TYPE FREQ,NONE;:SOUR:DCS:VOLT:LEV 0;:TRIG:DEL 0;:TRIG:SOUR INT;:TRIG:TDEL 0;:VOLT:LEV 1;:DISP:WIND:TEXT1:DATA:FMSD:STAT OFF;:DISP:WIND:TEXT2:DATA:FMSD:STAT OFF;:FUNC:DCR:RANG:VAL 100;:FUNC:IMP:RANG:VAL 1;:OUTP:DC:ISOL:LEV:VAL 0.02;:OUTP:DC:ISOL:STAT OFF;:FUNC:DCR:RANG:AUTO ON;:FUNC:IMP:RANG:AUTO ON;:OUTP:DC:ISOL:LEV:AUTO ON;:DISP:PAGE MEASurement;
"
100.0,-1.776695183e-08,-2.483996795e-05,0.0100219,2.18127e-07
100.0,-6.667847327e-09,-3.416360853e-05,0.010022,1.07211e-07
100.0,2.892861095e-08,-1.974475842e-05,0.010022,2.02342e-07
100.0,1.018205968e-08,-5.885258176e-06,0.010022,1.95546e-07
100.0,-1.092548721e-08,2.606552172e-06,0.0100219,1.6422e-07
100.0,1.846157938e-08,-1.354335306e-05,0.010022,3.91636e-07
100.0,1.675637277e-08,-4.672848414e-06,0.010022,2.03861e-07
100.0,-8.561764131e-09,-1.887133448e-05,0.0100218,2.07873e-07
100.0,3.193877113e-08,-1.642263306e-05,0.0100218,4.29821e-07
100.0,3.292757886e-08,-1.787009907e-05,0.0100219,3.22971e-07
100.0,4.644117571e-08,-2.62868967e-05,0.010022,3.55677e-07
100.0,1.879944947e-08,-2.614094712e-05,0.010022,2.3784e-07
100.0,6.192032149e-08,-1.877297237e-05,0.0100221,4.1992e-07
100.0,4.347537559e-08,-1.660592116e-05,0.0100222,2.92118e-07
100.0,2.126640387e-08,-1.975823901e-05,0.010022,2.4025e-07
100.0,-8.758433632e-09,-4.446341722e-06,0.010022,4.04773e-07
Freq,100,Rs,-1.6588664191875e-05,9.576496150719833e-06,Ls,1.7401075923125e-08,2.329219869824276e-08
":SOUR:DCS:STAT OFF;:BIAS:STAT OFF;:COMP:BIN:COUN:CLE;:LIST:CLE:ALL;:COMP:BIN:CLE;:AMPL:ALC OFF;:APER LONG,1;:BIAS:POL:AUTO OFF;:BIAS:RANG:AUTO ON;:BIAS:VOLT:LEV 0;:COMP:ABIN OFF;:COMP:BIN:COUN:STAT OFF;:COMP:MODE PTOL;:COMP:SLIM -9.9e+037,9.9e+037;:COMP:STAT OFF;:COMP:SWAP OFF;:COMP:TOL:NOM 0;:DISP:ENAB ON;:DISP:LINE """";:DISP:WIND:TEXT1:DATA:FMSD:DATA 1e-009;:DISP:WIND:TEXT2:DATA:FMSD:DATA 1e-009;:FORM:ASC:LONG ON;:FORM:BORD NORM;:FORM:DATA ASC,64;:FREQ:CW 100;:FUNC:DEV1:MODE OFF;:FUNC:DEV1:REF:VAL 0;:FUNC:DEV2:MODE OFF;:FUNC:DEV2:REF:VAL 0;:FUNC:IMP:TYPE LSRS;:FUNC:SMON:IDC:STAT OFF;:FUNC:SMON:VDC:STAT OFF;:INIT:CONT OFF;:LIST:MODE SEQ;:LIST:STIM:TYPE FREQ,NONE;:SOUR:DCS:VOLT:LEV 0;:TRIG:DEL 0;:TRIG:SOUR INT;:TRIG:TDEL 0;:VOLT:LEV 1;:DISP:WIND:TEXT1:DATA:FMSD:STAT OFF;:DISP:WIND:TEXT2:DATA:FMSD:STAT OFF;:FUNC:DCR:RANG:VAL 100;:FUNC:IMP:RANG:VAL 1;:OUTP:DC:ISOL:LEV:VAL 0.02;:OUTP:DC:ISOL:STAT OFF;:FUNC:DCR:RANG:AUTO ON;:FUNC:IMP:RANG:AUTO ON;:OUTP:DC:ISOL:LEV:AUTO ON;:DISP:PAGE MEASurement;
"
200.0,1.063460658e-08,5.60072573e-06,0.0100168,2.05344e-07
200.0,1.670098659e-08,-2.149623716e-05,0.0100169,2.31586e-08
200.0,1.640669322e-08,1.548629178e-05,0.0100169,1.61721e-07
200.0,-2.831122567e-09,-9.572935742e-06,0.0100168,1.59952e-07
200.0,8.858018836e-09,1.315074823e-05,0.0100167,3.54644e-07
200.0,4.949642035e-09,-7.282972562e-06,0.0100168,8.31942e-08
200.0,2.284080177e-08,-2.95483622e-06,0.0100167,1.78813e-07
200.0,2.425709961e-08,-6.474631203e-06,0.0100168,3.1224e-07
200.0,7.455547678e-09,-1.653330651e-05,0.0100167,2.19759e-07
200.0,1.978760311e-08,5.56215243e-06,0.0100168,2.95136e-07
200.0,2.370285653e-08,1.036782611e-05,0.0100168,1.1991e-07
200.0,6.967806815e-09,-3.439135478e-06,0.0100168,9.29104e-08
200.0,2.155679133e-08,-1.451595199e-05,0.0100167,1.47921e-07
200.0,1.202901979e-08,1.143688053e-05,0.0100168,4.42623e-08
200.0,2.119385959e-08,8.293687824e-06,0.0100167,2.09879e-07
200.0,2.594050794e-08,-1.068867595e-05,0.0100168,2.89951e-07
Freq,200,Rs,-1.4412731363125e-06,1.1594474372914706e-05,Ls,1.50281699285625e-08,8.397393721453988e-09
":SOUR:DCS:STAT OFF;:BIAS:STAT OFF;:COMP:BIN:COUN:CLE;:LIST:CLE:ALL;:COMP:BIN:CLE;:AMPL:ALC OFF;:APER LONG,1;:BIAS:POL:AUTO OFF;:BIAS:RANG:AUTO ON;:BIAS:VOLT:LEV 0;:COMP:ABIN OFF;:COMP:BIN:COUN:STAT OFF;:COMP:MODE PTOL;:COMP:SLIM -9.9e+037,9.9e+037;:COMP:STAT OFF;:COMP:SWAP OFF;:COMP:TOL:NOM 0;:DISP:ENAB ON;:DISP:LINE """";:DISP:WIND:TEXT1:DATA:FMSD:DATA 1e-009;:DISP:WIND:TEXT2:DATA:FMSD:DATA 1e-009;:FORM:ASC:LONG ON;:FORM:BORD NORM;:FORM:DATA ASC,64;:FREQ:CW 200;:FUNC:DEV1:MODE OFF;:FUNC:DEV1:REF:VAL 0;:FUNC:DEV2:MODE OFF;:FUNC:DEV2:REF:VAL 0;:FUNC:IMP:TYPE LSRS;:FUNC:SMON:IDC:STAT OFF;:FUNC:SMON:VDC:STAT OFF;:INIT:CONT OFF;:LIST:MODE SEQ;:LIST:STIM:TYPE FREQ,NONE;:SOUR:DCS:VOLT:LEV 0;:TRIG:DEL 0;:TRIG:SOUR INT;:TRIG:TDEL 0;:VOLT:LEV 1;:DISP:WIND:TEXT1:DATA:FMSD:STAT OFF;:DISP:WIND:TEXT2:DATA:FMSD:STAT OFF;:FUNC:DCR:RANG:VAL 100;:FUNC:IMP:RANG:VAL 1;:OUTP:DC:ISOL:LEV:VAL 0.02;:OUTP:DC:ISOL:STAT OFF;:FUNC:DCR:RANG:AUTO ON;:FUNC:IMP:RANG:AUTO ON;:OUTP:DC:ISOL:LEV:AUTO ON;:DISP:PAGE MEASurement;
"
300.0,2.568056032e-09,-5.532327302e-06,0.0100164,6.49934e-08
300.0,1.029320211e-08,-2.483753073e-06,0.0100164,1.27686e-07
300.0,1.648624986e-08,2.054734184e-05,0.0100164,1.17124e-07
300.0,-3.515883534e-09,1.360403556e-05,0.0100163,1.75018e-07
300.0,9.831280218e-09,1.117503918e-05,0.0100164,8.94155e-08
300.0,5.219105122e-10,7.193868017e-06,0.0100164,1.93589e-07
300.0,8.482127835e-09,6.270360535e-06,0.0100165,2.17653e-07
300.0,2.375330401e-09,1.355176653e-05,0.0100164,5.87485e-08
300.0,-7.625670376e-09,9.955131143e-06,0.0100164,6.10611e-08
300.0,-1.160537915e-09,-4.905137813e-06,0.0100165,1.29565e-07
300.0,-6.817143211e-11,2.503241375e-06,0.0100164,2.06627e-07
300.0,-6.829847233e-09,3.85641409e-07,0.0100165,5.02186e-08
300.0,-3.527860886e-09,-1.322545379e-07,0.0100165,2.04837e-07
300.0,-9.379056038e-09,2.696054056e-06,0.0100164,9.48491e-08
300.0,-1.069596648e-09,1.072638607e-05,0.0100165,1.76305e-07
300.0,6.447018607e-09,-1.239803558e-05,0.0100163,9.24573e-08
Freq,300,Rs,4.57233483806875e-06,8.620798914369996e-06,Ls,1.4892844695681252e-09,7.234179002812474e-09
":SOUR:DCS:STAT OFF;:BIAS:STAT OFF;:COMP:BIN:COUN:CLE;:LIST:CLE:ALL;:COMP:BIN:CLE;:AMPL:ALC OFF;:APER LONG,1;:BIAS:POL:AUTO OFF;:BIAS:RANG:AUTO ON;:BIAS:VOLT:LEV 0;:COMP:ABIN OFF;:COMP:BIN:COUN:STAT OFF;:COMP:MODE PTOL;:COMP:SLIM -9.9e+037,9.9e+037;:COMP:STAT OFF;:COMP:SWAP OFF;:COMP:TOL:NOM 0;:DISP:ENAB ON;:DISP:LINE """";:DISP:WIND:TEXT1:DATA:FMSD:DATA 1e-009;:DISP:WIND:TEXT2:DATA:FMSD:DATA 1e-009;:FORM:ASC:LONG ON;:FORM:BORD NORM;:FORM:DATA ASC,64;:FREQ:CW 300;:FUNC:DEV1:MODE OFF;:FUNC:DEV1:REF:VAL 0;:FUNC:DEV2:MODE OFF;:FUNC:DEV2:REF:VAL 0;:FUNC:IMP:TYPE LSRS;:FUNC:SMON:IDC:STAT OFF;:FUNC:SMON:VDC:STAT OFF;:INIT:CONT OFF;:LIST:MODE SEQ;:LIST:STIM:TYPE FREQ,NONE;:SOUR:DCS:VOLT:LEV 0;:TRIG:DEL 0;:TRIG:SOUR INT;:TRIG:TDEL 0;:VOLT:LEV 1;:DISP:WIND:TEXT1:DATA:FMSD:STAT OFF;:DISP:WIND:TEXT2:DATA:FMSD:STAT OFF;:FUNC:DCR:RANG:VAL 100;:FUNC:IMP:RANG:VAL 1;:OUTP:DC:ISOL:LEV:VAL 0.02;:OUTP:DC:ISOL:STAT OFF;:FUNC:DCR:RANG:AUTO ON;:FUNC:IMP:RANG:AUTO ON;:OUTP:DC:ISOL:LEV:AUTO ON;:DISP:PAGE MEASurement;
"
500.0,-4.684665936e-09,-7.35409184e-06,0.0100207,5.33763e-08
500.0,-2.219862264e-09,-3.813741503e-06,0.0100208,7.16219e-08
500.0,1.260972709e-09,7.227495405e-07,0.0100206,6.83337e-08
500.0,-3.847817156e-10,-2.596432092e-06,0.0100207,3.54629e-08
500.0,6.287567546e-11,-1.327832044e-06,0.0100207,1.07102e-07
500.0,2.605639613e-09,-9.186276754e-06,0.0100207,1.00198e-07
500.0,-1.09214474e-09,9.462059906e-06,0.0100206,1.00428e-07
500.0,-2.55481298e-09,6.500736717e-07,0.0100206,1.86038e-07
500.0,-1.087808004e-09,-3.995803245e-06,0.0100207,7.09103e-08
500.0,4.712300957e-10,-8.961250107e-06,0.0100207,3.33443e-08
500.0,4.421476062e-09,1.098304687e-05,0.0100208,6.39584e-08
500.0,-2.551616236e-09,2.67496588e-06,0.0100206,2.60156e-08
500.0,-2.330755337e-09,-1.060157838e-07,0.0100206,2.19039e-08
500.0,-2.686186005e-10,-4.729673535e-06,0.0100207,1.35816e-07
500.0,1.265262451e-09,1.515853745e-06,0.0100208,5.32414e-08
500.0,-1.147380341e-09,7.249731993e-06,0.0100207,5.03002e-08
Freq,500,Rs,-5.507897060999998e-07,6.0466623654536656e-06,Ls,-5.1468684674625e-10,2.2327000026880888e-09
":SOUR:DCS:STAT OFF;:BIAS:STAT OFF;:COMP:BIN:COUN:CLE;:LIST:CLE:ALL;:COMP:BIN:CLE;:AMPL:ALC OFF;:APER LONG,1;:BIAS:POL:AUTO OFF;:BIAS:RANG:AUTO ON;:BIAS:VOLT:LEV 0;:COMP:ABIN OFF;:COMP:BIN:COUN:STAT OFF;:COMP:MODE PTOL;:COMP:SLIM -9.9e+037,9.9e+037;:COMP:STAT OFF;:COMP:SWAP OFF;:COMP:TOL:NOM 0;:DISP:ENAB ON;:DISP:LINE """";:DISP:WIND:TEXT1:DATA:FMSD:DATA 1e-009;:DISP:WIND:TEXT2:DATA:FMSD:DATA 1e-009;:FORM:ASC:LONG ON;:FORM:BORD NORM;:FORM:DATA ASC,64;:FREQ:CW 500;:FUNC:DEV1:MODE OFF;:FUNC:DEV1:REF:VAL 0;:FUNC:DEV2:MODE OFF;:FUNC:DEV2:REF:VAL 0;:FUNC:IMP:TYPE LSRS;:FUNC:SMON:IDC:STAT OFF;:FUNC:SMON:VDC:STAT OFF;:INIT:CONT OFF;:LIST:MODE SEQ;:LIST:STIM:TYPE FREQ,NONE;:SOUR:DCS:VOLT:LEV 0;:TRIG:DEL 0;:TRIG:SOUR INT;:TRIG:TDEL 0;:VOLT:LEV 1;:DISP:WIND:TEXT1:DATA:FMSD:STAT OFF;:DISP:WIND:TEXT2:DATA:FMSD:STAT OFF;:FUNC:DCR:RANG:VAL 100;:FUNC:IMP:RANG:VAL 1;:OUTP:DC:ISOL:LEV:VAL 0.02;:OUTP:DC:ISOL:STAT OFF;:FUNC:DCR:RANG:AUTO ON;:FUNC:IMP:RANG:AUTO ON;:OUTP:DC:ISOL:LEV:AUTO ON;:DISP:PAGE MEASurement;
"
800.0,-1.84662742e-09,7.544059162e-06,0.0100343,9.86633e-09
800.0,-1.010070299e-09,8.624721574e-06,0.0100343,1.21715e-07
800.0,-1.460169635e-09,6.474858281e-06,0.0100343,9.42996e-08
800.0,8.891995029e-10,1.807751851e-05,0.0100343,3.37392e-08
800.0,-3.158783985e-10,1.650191745e-05,0.0100344,4.43073e-08
800.0,3.413057432e-10,-3.170552013e-06,0.0100343,1.5253e-07
800.0,-3.409471164e-10,9.641585854e-06,0.0100344,1.79126e-07
800.0,-1.248751434e-09,1.589451939e-05,0.0100343,6.23273e-08
800.0,4.484111307e-10,-1.10243952e-07,0.0100344,5.42858e-08
800.0,-1.270633508e-09,3.164402386e-06,0.0100342,1.46232e-07
800.0,-1.166187324e-09,1.200633766e-05,0.0100342,1.29441e-07
800.0,-2.169791555e-09,8.164972599e-08,0.0100344,1.03021e-07
800.0,-1.843221071e-09,4.075558946e-06,0.0100343,9.49207e-08
800.0,-1.540432573e-09,4.743644309e-06,0.0100342,2.33795e-08
800.0,-6.42461536e-10,9.552033095e-06,0.0100343,1.49326e-07
800.0,-1.189842531e-09,1.174274858e-05,0.0100343,4.53975e-08
Freq,800,Rs,7.802797434874377e-06,6.19823945193064e-06,Ls,-8.978811265062499e-10,8.880067700493233e-10
":SOUR:DCS:STAT OFF;:BIAS:STAT OFF;:COMP:BIN:COUN:CLE;:LIST:CLE:ALL;:COMP:BIN:CLE;:AMPL:ALC OFF;:APER LONG,1;:BIAS:POL:AUTO OFF;:BIAS:RANG:AUTO ON;:BIAS:VOLT:LEV 0;:COMP:ABIN OFF;:COMP:BIN:COUN:STAT OFF;:COMP:MODE PTOL;:COMP:SLIM -9.9e+037,9.9e+037;:COMP:STAT OFF;:COMP:SWAP OFF;:COMP:TOL:NOM 0;:DISP:ENAB ON;:DISP:LINE """";:DISP:WIND:TEXT1:DATA:FMSD:DATA 1e-009;:DISP:WIND:TEXT2:DATA:FMSD:DATA 1e-009;:FORM:ASC:LONG ON;:FORM:BORD NORM;:FORM:DATA ASC,64;:FREQ:CW 800;:FUNC:DEV1:MODE OFF;:FUNC:DEV1:REF:VAL 0;:FUNC:DEV2:MODE OFF;:FUNC:DEV2:REF:VAL 0;:FUNC:IMP:TYPE LSRS;:FUNC:SMON:IDC:STAT OFF;:FUNC:SMON:VDC:STAT OFF;:INIT:CONT OFF;:LIST:MODE SEQ;:LIST:STIM:TYPE FREQ,NONE;:SOUR:DCS:VOLT:LEV 0;:TRIG:DEL 0;:TRIG:SOUR INT;:TRIG:TDEL 0;:VOLT:LEV 1;:DISP:WIND:TEXT1:DATA:FMSD:STAT OFF;:DISP:WIND:TEXT2:DATA:FMSD:STAT OFF;:FUNC:DCR:RANG:VAL 100;:FUNC:IMP:RANG:VAL 1;:OUTP:DC:ISOL:LEV:VAL 0.02;:OUTP:DC:ISOL:STAT OFF;:FUNC:DCR:RANG:AUTO ON;:FUNC:IMP:RANG:AUTO ON;:OUTP:DC:ISOL:LEV:AUTO ON;:DISP:PAGE MEASurement;
"
1000.0,-1.014503426e-09,-3.216620546e-07,0.0100004,6.89495e-08
1000.0,-8.995184748e-10,-3.754590684e-06,0.0100007,5.32738e-08
1000.0,-7.78235401e-10,3.136764093e-06,0.0100005,8.33234e-08
1000.0,1.701847746e-10,-3.767829004e-06,0.0100005,1.96392e-08
1000.0,-5.252169761e-10,-8.047365711e-06,0.0100005,7.36507e-08
1000.0,-4.599897258e-10,2.947466479e-06,0.0100006,3.67174e-08
1000.0,-1.127588977e-09,-3.580083759e-06,0.0100006,1.58715e-07
1000.0,-1.260870245e-09,2.40436498e-06,0.0100005,2.25012e-08
1000.0,-1.089251295e-09,-3.579349344e-06,0.0100006,1.58222e-08
1000.0,-2.311077781e-10,-6.09911593e-06,0.0100005,1.36163e-07
1000.0,-4.25861578e-10,-8.496250067e-06,0.0100005,1.2489e-07
1000.0,-1.252794357e-09,-4.7847301e-06,0.0100006,9.17245e-08
1000.0,-3.996395296e-10,9.615207538e-06,0.0100006,5.64355e-08
1000.0,-7.184708952e-10,1.311087541e-06,0.0100006,7.6669e-08
1000.0,-9.219332238e-10,9.822902989e-06,0.0100006,4.14742e-08
1000.0,-3.379824277e-10,-3.448595743e-06,0.0100007,6.63255e-08
Freq,1000,Rs,-1.0401111735374998e-06,5.541460894450343e-06,Ls,-7.0454872096875e-10,4.090861133148376e-10
":SOUR:DCS:STAT OFF;:BIAS:STAT OFF;:COMP:BIN:COUN:CLE;:LIST:CLE:ALL;:COMP:BIN:CLE;:AMPL:ALC OFF;:APER LONG,1;:BIAS:POL:AUTO OFF;:BIAS:RANG:AUTO ON;:BIAS:VOLT:LEV 0;:COMP:ABIN OFF;:COMP:BIN:COUN:STAT OFF;:COMP:MODE PTOL;:COMP:SLIM -9.9e+037,9.9e+037;:COMP:STAT OFF;:COMP:SWAP OFF;:COMP:TOL:NOM 0;:DISP:ENAB ON;:DISP:LINE """";:DISP:WIND:TEXT1:DATA:FMSD:DATA 1e-009;:DISP:WIND:TEXT2:DATA:FMSD:DATA 1e-009;:FORM:ASC:LONG ON;:FORM:BORD NORM;:FORM:DATA ASC,64;:FREQ:CW 1000;:FUNC:DEV1:MODE OFF;:FUNC:DEV1:REF:VAL 0;:FUNC:DEV2:MODE OFF;:FUNC:DEV2:REF:VAL 0;:FUNC:IMP:TYPE LSRS;:FUNC:SMON:IDC:STAT OFF;:FUNC:SMON:VDC:STAT OFF;:INIT:CONT OFF;:LIST:MODE SEQ;:LIST:STIM:TYPE FREQ,NONE;:SOUR:DCS:VOLT:LEV 0;:TRIG:DEL 0;:TRIG:SOUR INT;:TRIG:TDEL 0;:VOLT:LEV 1;:DISP:WIND:TEXT1:DATA:FMSD:STAT OFF;:DISP:WIND:TEXT2:DATA:FMSD:STAT OFF;:FUNC:DCR:RANG:VAL 100;:FUNC:IMP:RANG:VAL 1;:OUTP:DC:ISOL:LEV:VAL 0.02;:OUTP:DC:ISOL:STAT OFF;:FUNC:DCR:RANG:AUTO ON;:FUNC:IMP:RANG:AUTO ON;:OUTP:DC:ISOL:LEV:AUTO ON;:DISP:PAGE MEASurement;
"
1591.5494309189535,-2.401286913e-10,1.15292563e-06,0.0100639,9.56502e-08
1591.5494309189535,-3.744350581e-10,-1.68250253e-07,0.010064,3.35214e-08
1591.5494309189535,-1.377719173e-10,8.206280785e-07,0.0100641,7.96536e-08
1591.5494309189535,1.351229373e-10,-2.653266989e-06,0.010064,1.03139e-07
1591.5494309189535,-4.422006958e-10,3.128912538e-06,0.010064,1.42863e-07
1591.5494309189535,-3.225600156e-10,2.203448367e-06,0.0100641,5.39235e-08
1591.5494309189535,-6.197487857e-10,-5.975539748e-06,0.010064,6.58556e-08
1591.5494309189535,-5.380585247e-10,7.641179119e-07,0.0100641,4.81584e-08
1591.5494309189535,-1.043938927e-09,1.043993237e-06,0.0100641,6.78717e-08
1591.5494309189535,-3.94197796e-10,-2.248470634e-06,0.0100641,1.09534e-07
1591.5494309189535,-4.578274142e-10,-2.266140271e-06,0.0100641,7.74608e-08
1591.5494309189535,-3.748772835e-11,8.298951001e-07,0.0100642,7.35647e-08
1591.5494309189535,-2.17781855e-11,1.433711286e-06,0.0100641,1.3471e-08
1591.5494309189535,-2.863932692e-11,1.247625747e-06,0.0100642,7.1627e-08
1591.5494309189535,-8.143651063e-10,-7.258290687e-07,0.0100642,1.35017e-07
1591.5494309189535,-4.245206695e-10,-1.089993324e-05,0.0100641,4.33976e-08
Freq,1591.5494309189535,Rs,-7.695107692625e-07,3.5161514252100563e-06,Ls,-3.60158494060625e-10,3.0916801167589295e-10
":SOUR:DCS:STAT OFF;:BIAS:STAT OFF;:COMP:BIN:COUN:CLE;:LIST:CLE:ALL;:COMP:BIN:CLE;:AMPL:ALC OFF;:APER LONG,1;:BIAS:POL:AUTO OFF;:BIAS:RANG:AUTO ON;:BIAS:VOLT:LEV 0;:COMP:ABIN OFF;:COMP:BIN:COUN:STAT OFF;:COMP:MODE PTOL;:COMP:SLIM -9.9e+037,9.9e+037;:COMP:STAT OFF;:COMP:SWAP OFF;:COMP:TOL:NOM 0;:DISP:ENAB ON;:DISP:LINE """";:DISP:WIND:TEXT1:DATA:FMSD:DATA 1e-009;:DISP:WIND:TEXT2:DATA:FMSD:DATA 1e-009;:FORM:ASC:LONG ON;:FORM:BORD NORM;:FORM:DATA ASC,64;:FREQ:CW 1592;:FUNC:DEV1:MODE OFF;:FUNC:DEV1:REF:VAL 0;:FUNC:DEV2:MODE OFF;:FUNC:DEV2:REF:VAL 0;:FUNC:IMP:TYPE LSRS;:FUNC:SMON:IDC:STAT OFF;:FUNC:SMON:VDC:STAT OFF;:INIT:CONT OFF;:LIST:MODE SEQ;:LIST:STIM:TYPE FREQ,NONE;:SOUR:DCS:VOLT:LEV 0;:TRIG:DEL 0;:TRIG:SOUR INT;:TRIG:TDEL 0;:VOLT:LEV 1;:DISP:WIND:TEXT1:DATA:FMSD:STAT OFF;:DISP:WIND:TEXT2:DATA:FMSD:STAT OFF;:FUNC:DCR:RANG:VAL 100;:FUNC:IMP:RANG:VAL 1;:OUTP:DC:ISOL:LEV:VAL 0.02;:OUTP:DC:ISOL:STAT OFF;:FUNC:DCR:RANG:AUTO ON;:FUNC:IMP:RANG:AUTO ON;:OUTP:DC:ISOL:LEV:AUTO ON;:DISP:PAGE MEASurement;
"
2000.0,4.049298437e-10,-3.2493191e-06,0.0100535,6.94946e-08
2000.0,-1.762383022e-10,-3.096793221e-06,0.0100536,6.83602e-08
2000.0,5.223832461e-10,-2.914733494e-06,0.0100537,4.72875e-08
2000.0,-2.581082256e-10,-6.511126731e-06,0.0100537,5.39636e-08
2000.0,3.595955297e-10,-2.300863042e-06,0.0100537,6.7002e-08
2000.0,4.748747898e-10,1.849196878e-06,0.0100536,3.32898e-08
2000.0,3.236237339e-10,2.70264402e-06,0.0100536,8.39933e-08
2000.0,-1.741540275e-11,3.033291902e-06,0.0100537,1.99667e-08
2000.0,3.573818752e-10,-2.244929951e-06,0.0100537,5.037e-08
2000.0,-4.492939652e-12,6.135458128e-06,0.0100537,5.55345e-08
2000.0,7.432807034e-11,9.125642331e-06,0.0100536,5.80982e-08
2000.0,8.598110418e-11,7.64446641e-06,0.0100537,4.52817e-08
2000.0,1.307443425e-10,-5.674367552e-06,0.0100537,9.39585e-08
2000.0,4.577466397e-10,1.743994341e-06,0.0100538,1.03565e-07
2000.0,7.284402648e-11,1.287550887e-05,0.0100538,4.44796e-08
2000.0,3.510170198e-10,7.721235795e-07,0.0100538,9.09094e-08
Freq,2000,Rs,1.24313708553125e-06,5.5229502455740445e-06,Ls,1.9744970944987498e-10,2.4033384097465407e-10
":SOUR:DCS:STAT OFF;:BIAS:STAT OFF;:COMP:BIN:COUN:CLE;:LIST:CLE:ALL;:COMP:BIN:CLE;:AMPL:ALC OFF;:APER LONG,1;:BIAS:POL:AUTO OFF;:BIAS:RANG:AUTO ON;:BIAS:VOLT:LEV 0;:COMP:ABIN OFF;:COMP:BIN:COUN:STAT OFF;:COMP:MODE PTOL;:COMP:SLIM -9.9e+037,9.9e+037;:COMP:STAT OFF;:COMP:SWAP OFF;:COMP:TOL:NOM 0;:DISP:ENAB ON;:DISP:LINE """";:DISP:WIND:TEXT1:DATA:FMSD:DATA 1e-009;:DISP:WIND:TEXT2:DATA:FMSD:DATA 1e-009;:FORM:ASC:LONG ON;:FORM:BORD NORM;:FORM:DATA ASC,64;:FREQ:CW 2000;:FUNC:DEV1:MODE OFF;:FUNC:DEV1:REF:VAL 0;:FUNC:DEV2:MODE OFF;:FUNC:DEV2:REF:VAL 0;:FUNC:IMP:TYPE LSRS;:FUNC:SMON:IDC:STAT OFF;:FUNC:SMON:VDC:STAT OFF;:INIT:CONT OFF;:LIST:MODE SEQ;:LIST:STIM:TYPE FREQ,NONE;:SOUR:DCS:VOLT:LEV 0;:TRIG:DEL 0;:TRIG:SOUR INT;:TRIG:TDEL 0;:VOLT:LEV 1;:DISP:WIND:TEXT1:DATA:FMSD:STAT OFF;:DISP:WIND:TEXT2:DATA:FMSD:STAT OFF;:FUNC:DCR:RANG:VAL 100;:FUNC:IMP:RANG:VAL 1;:OUTP:DC:ISOL:LEV:VAL 0.02;:OUTP:DC:ISOL:STAT OFF;:FUNC:DCR:RANG:AUTO ON;:FUNC:IMP:RANG:AUTO ON;:OUTP:DC:ISOL:LEV:AUTO ON;:DISP:PAGE MEASurement;
"
3000.0,5.182022754e-10,-6.016108292e-07,0.0100173,6.51566e-08
3000.0,-2.281115038e-11,-1.49297119e-06,0.0100172,5.72198e-08
3000.0,6.625643773e-10,-1.036413568e-06,0.0100173,7.30015e-08
3000.0,2.244319844e-10,-2.455727072e-06,0.0100172,5.68505e-08
3000.0,1.927504869e-10,-7.623958004e-06,0.0100174,7.52621e-08
3000.0,1.250469851e-10,-6.075700795e-06,0.0100171,1.03619e-07
3000.0,3.276757732e-10,-5.683214464e-06,0.0100172,8.50059e-08
3000.0,2.008909828e-10,-3.229100645e-06,0.0100173,4.08221e-08
3000.0,4.234926819e-10,-9.394247914e-07,0.0100173,7.67151e-08
3000.0,1.505716234e-10,-3.451392664e-06,0.0100172,5.23541e-08
3000.0,1.525553401e-10,-3.962345028e-06,0.0100172,8.59849e-08
3000.0,4.682986268e-10,-4.939258159e-06,0.0100172,6.43205e-08
3000.0,2.001755875e-10,-5.168498527e-06,0.0100173,8.24246e-08
3000.0,2.930718804e-10,-3.126473688e-06,0.0100173,6.06972e-08
3000.0,3.432570883e-10,4.174990144e-06,0.0100173,5.62287e-08
3000.0,1.906239822e-10,-6.746234409e-06,0.0100172,5.38593e-08
Freq,3000,Rs,-3.2723333555999996e-06,2.92633339140517e-06,Ls,2.781749078325e-10,1.723468924689567e-10
":SOUR:DCS:STAT OFF;:BIAS:STAT OFF;:COMP:BIN:COUN:CLE;:LIST:CLE:ALL;:COMP:BIN:CLE;:AMPL:ALC OFF;:APER LONG,1;:BIAS:POL:AUTO OFF;:BIAS:RANG:AUTO ON;:BIAS:VOLT:LEV 0;:COMP:ABIN OFF;:COMP:BIN:COUN:STAT OFF;:COMP:MODE PTOL;:COMP:SLIM -9.9e+037,9.9e+037;:COMP:STAT OFF;:COMP:SWAP OFF;:COMP:TOL:NOM 0;:DISP:ENAB ON;:DISP:LINE """";:DISP:WIND:TEXT1:DATA:FMSD:DATA 1e-009;:DISP:WIND:TEXT2:DATA:FMSD:DATA 1e-009;:FORM:ASC:LONG ON;:FORM:BORD NORM;:FORM:DATA ASC,64;:FREQ:CW 3000;:FUNC:DEV1:MODE OFF;:FUNC:DEV1:REF:VAL 0;:FUNC:DEV2:MODE OFF;:FUNC:DEV2:REF:VAL 0;:FUNC:IMP:TYPE LSRS;:FUNC:SMON:IDC:STAT OFF;:FUNC:SMON:VDC:STAT OFF;:INIT:CONT OFF;:LIST:MODE SEQ;:LIST:STIM:TYPE FREQ,NONE;:SOUR:DCS:VOLT:LEV 0;:TRIG:DEL 0;:TRIG:SOUR INT;:TRIG:TDEL 0;:VOLT:LEV 1;:DISP:WIND:TEXT1:DATA:FMSD:STAT OFF;:DISP:WIND:TEXT2:DATA:FMSD:STAT OFF;:FUNC:DCR:RANG:VAL 100;:FUNC:IMP:RANG:VAL 1;:OUTP:DC:ISOL:LEV:VAL 0.02;:OUTP:DC:ISOL:STAT OFF;:FUNC:DCR:RANG:AUTO ON;:FUNC:IMP:RANG:AUTO ON;:OUTP:DC:ISOL:LEV:AUTO ON;:DISP:PAGE MEASurement;
"
5000.0,-1.352656161e-10,-6.114475079e-06,0.0100072,3.38302e-08
5000.0,-1.060395104e-10,3.681110494e-07,0.0100074,8.10906e-08
5000.0,-1.448033124e-10,-1.102896196e-06,0.0100074,7.63757e-08
5000.0,1.481877792e-11,-2.310974364e-06,0.0100072,3.67328e-08
5000.0,-1.490764129e-10,-2.809888302e-06,0.0100074,8.08371e-08
5000.0,-1.454767591e-10,-3.213185497e-06,0.0100073,1.19339e-07
5000.0,-2.782954152e-11,-4.726524412e-06,0.0100073,5.21221e-08
5000.0,-1.630594994e-10,-1.602128506e-07,0.0100073,8.2464e-08
5000.0,-3.719615492e-11,-3.94382371e-06,0.0100072,7.43249e-08
5000.0,-2.66143598e-10,-2.22880896e-06,0.0100073,9.89389e-08
5000.0,-6.201368207e-11,-2.986647542e-06,0.0100074,4.5902e-08
5000.0,-2.989936533e-10,-3.671800668e-07,0.0100074,8.61528e-08
5000.0,-2.678830253e-12,-3.487969491e-06,0.0100072,9.47177e-08
5000.0,-1.193554477e-10,2.466734249e-06,0.0100074,7.52925e-08
5000.0,-2.686151232e-10,-2.836672679e-06,0.0100074,3.98335e-08
5000.0,-5.123942142e-11,-1.650658727e-06,0.0100073,9.64546e-08
Freq,5000,Rs,-2.194067036125e-06,2.1014353892597217e-06,Ls,-1.226854865476875e-10,9.491841491270052e-11
":SOUR:DCS:STAT OFF;:BIAS:STAT OFF;:COMP:BIN:COUN:CLE;:LIST:CLE:ALL;:COMP:BIN:CLE;:AMPL:ALC OFF;:APER LONG,1;:BIAS:POL:AUTO OFF;:BIAS:RANG:AUTO ON;:BIAS:VOLT:LEV 0;:COMP:ABIN OFF;:COMP:BIN:COUN:STAT OFF;:COMP:MODE PTOL;:COMP:SLIM -9.9e+037,9.9e+037;:COMP:STAT OFF;:COMP:SWAP OFF;:COMP:TOL:NOM 0;:DISP:ENAB ON;:DISP:LINE """";:DISP:WIND:TEXT1:DATA:FMSD:DATA 1e-009;:DISP:WIND:TEXT2:DATA:FMSD:DATA 1e-009;:FORM:ASC:LONG ON;:FORM:BORD NORM;:FORM:DATA ASC,64;:FREQ:CW 5000;:FUNC:DEV1:MODE OFF;:FUNC:DEV1:REF:VAL 0;:FUNC:DEV2:MODE OFF;:FUNC:DEV2:REF:VAL 0;:FUNC:IMP:TYPE LSRS;:FUNC:SMON:IDC:STAT OFF;:FUNC:SMON:VDC:STAT OFF;:INIT:CONT OFF;:LIST:MODE SEQ;:LIST:STIM:TYPE FREQ,NONE;:SOUR:DCS:VOLT:LEV 0;:TRIG:DEL 0;:TRIG:SOUR INT;:TRIG:TDEL 0;:VOLT:LEV 1;:DISP:WIND:TEXT1:DATA:FMSD:STAT OFF;:DISP:WIND:TEXT2:DATA:FMSD:STAT OFF;:FUNC:DCR:RANG:VAL 100;:FUNC:IMP:RANG:VAL 1;:OUTP:DC:ISOL:LEV:VAL 0.02;:OUTP:DC:ISOL:STAT OFF;:FUNC:DCR:RANG:AUTO ON;:FUNC:IMP:RANG:AUTO ON;:OUTP:DC:ISOL:LEV:AUTO ON;:DISP:PAGE MEASurement;
"
":SOUR:DCS:STAT OFF;:BIAS:STAT OFF;:COMP:BIN:COUN:CLE;:LIST:CLE:ALL;:COMP:BIN:CLE;:AMPL:ALC OFF;:APER LONG,1;:BIAS:POL:AUTO OFF;:BIAS:RANG:AUTO ON;:BIAS:VOLT:LEV 0;:COMP:ABIN OFF;:COMP:BIN:COUN:STAT OFF;:COMP:MODE PTOL;:COMP:SLIM -9.9e+037,9.9e+037;:COMP:STAT OFF;:COMP:SWAP OFF;:COMP:TOL:NOM 0;:DISP:ENAB ON;:DISP:LINE """";:DISP:WIND:TEXT1:DATA:FMSD:DATA 1e-009;:DISP:WIND:TEXT2:DATA:FMSD:DATA 1e-009;:FORM:ASC:LONG ON;:FORM:BORD NORM;:FORM:DATA ASC,64;:FREQ:CW 5000;:FUNC:DEV1:MODE OFF;:FUNC:DEV1:REF:VAL 0;:FUNC:DEV2:MODE OFF;:FUNC:DEV2:REF:VAL 0;:FUNC:IMP:TYPE LSRS;:FUNC:SMON:IDC:STAT OFF;:FUNC:SMON:VDC:STAT OFF;:INIT:CONT OFF;:LIST:MODE SEQ;:LIST:STIM:TYPE FREQ,NONE;:SOUR:DCS:VOLT:LEV 0;:TRIG:DEL 0;:TRIG:SOUR INT;:TRIG:TDEL 0;:VOLT:LEV 1;:DISP:WIND:TEXT1:DATA:FMSD:STAT OFF;:DISP:WIND:TEXT2:DATA:FMSD:STAT OFF;:FUNC:DCR:RANG:VAL 100;:FUNC:IMP:RANG:VAL 1;:OUTP:DC:ISOL:LEV:VAL 0.02;:OUTP:DC:ISOL:STAT OFF;:FUNC:DCR:RANG:AUTO ON;:FUNC:IMP:RANG:AUTO ON;:OUTP:DC:ISOL:LEV:AUTO ON;:DISP:PAGE MEASurement;
"
2024-04-18,16:49:44
---------run finished---------
lcr name:,KeySight E4980A
Name and description of Resistor under test: ,short after doing a short correction
2024-04-18,16:56:33
select the freq range,"[20, 30, 40, 50, 70, 100, 200, 300, 500, 800, 1000, 1591.5494309189535, 2000, 3000, 5000]"
20.0,-1.968521368e-07,1.965797873e-05,0.00999605,3.3415e-08
20.0,-2.902778806e-07,1.38797479e-06,0.00999589,3.31331e-07
20.0,-2.556043537e-07,3.193770635e-05,0.00999605,6.63105e-07
20.0,-1.831286648e-07,-1.931776173e-05,0.00999597,2.90946e-07
20.0,4.848901248e-08,3.33167377e-05,0.00999603,2.39863e-07
20.0,4.30044009e-09,5.18246526e-05,0.00999599,3.69832e-07
20.0,-3.270159657e-08,-2.552690737e-05,0.00999595,3.73527e-07
20.0,-2.561876452e-07,1.424469562e-05,0.00999598,1.62684e-07
20.0,-2.363215782e-07,3.084938135e-05,0.00999599,8.74421e-08
20.0,-3.499415187e-07,1.722849734e-05,0.00999612,5.93674e-07
20.0,2.292665629e-08,4.699606814e-06,0.00999593,1.61427e-07
20.0,-2.31830606e-07,1.455388512e-05,0.00999596,1.95414e-07
20.0,-6.520898535e-08,2.67658483e-05,0.0099959,4.66638e-07
20.0,-2.765644548e-07,-1.955456464e-05,0.00999585,4.09752e-07
20.0,-4.312915431e-07,1.490571995e-05,0.00999592,4.89194e-07
20.0,-6.404105754e-07,3.343797095e-05,0.00999598,3.55398e-07
Freq,20,Rs,1.4400713867125e-05,2.1656835685430406e-05,Ls,-2.106628393975e-07,1.8080335594459428e-07
":SOUR:DCS:STAT OFF;:BIAS:STAT OFF;:COMP:BIN:COUN:CLE;:LIST:CLE:ALL;:COMP:BIN:CLE;:AMPL:ALC OFF;:APER LONG,1;:BIAS:POL:AUTO OFF;:BIAS:RANG:AUTO ON;:BIAS:VOLT:LEV 0;:COMP:ABIN OFF;:COMP:BIN:COUN:STAT OFF;:COMP:MODE PTOL;:COMP:SLIM -9.9e+037,9.9e+037;:COMP:STAT OFF;:COMP:SWAP OFF;:COMP:TOL:NOM 0;:DISP:ENAB ON;:DISP:LINE """";:DISP:WIND:TEXT1:DATA:FMSD:DATA 1e-009;:DISP:WIND:TEXT2:DATA:FMSD:DATA 1e-009;:FORM:ASC:LONG ON;:FORM:BORD NORM;:FORM:DATA ASC,64;:FREQ:CW 20;:FUNC:DEV1:MODE OFF;:FUNC:DEV1:REF:VAL 0;:FUNC:DEV2:MODE OFF;:FUNC:DEV2:REF:VAL 0;:FUNC:IMP:TYPE LSRS;:FUNC:SMON:IDC:STAT OFF;:FUNC:SMON:VDC:STAT OFF;:INIT:CONT OFF;:LIST:MODE SEQ;:LIST:STIM:TYPE FREQ,NONE;:SOUR:DCS:VOLT:LEV 0;:TRIG:DEL 0;:TRIG:SOUR INT;:TRIG:TDEL 0;:VOLT:LEV 1;:DISP:WIND:TEXT1:DATA:FMSD:STAT OFF;:DISP:WIND:TEXT2:DATA:FMSD:STAT OFF;:FUNC:DCR:RANG:VAL 100;:FUNC:IMP:RANG:VAL 1;:OUTP:DC:ISOL:LEV:VAL 0.02;:OUTP:DC:ISOL:STAT OFF;:FUNC:DCR:RANG:AUTO ON;:FUNC:IMP:RANG:AUTO ON;:OUTP:DC:ISOL:LEV:AUTO ON;:DISP:PAGE MEASurement;
"
30.0,-1.318847931e-07,4.233506747e-05,0.0100003,7.37357e-08
30.0,5.745833315e-08,9.327812128e-06,0.0100003,2.03144e-07
30.0,1.146921217e-07,-1.477393019e-05,0.0100003,3.0815e-07
30.0,1.60596144e-07,-3.391845703e-06,0.0100003,2.90096e-08
30.0,1.446424008e-08,2.514505515e-05,0.0100003,2.58383e-07
30.0,-3.612581638e-09,-1.438590899e-05,0.0100004,1.37879e-07
30.0,2.789804778e-08,-1.692176804e-05,0.0100003,3.36326e-07
30.0,8.436498303e-08,-2.042664398e-06,0.0100003,4.90525e-08
30.0,-8.227203108e-10,-1.446648721e-05,0.0100003,5.28848e-07
30.0,7.891456082e-08,-6.829502229e-06,0.0100002,1.65606e-07
30.0,2.632393277e-08,1.165139732e-05,0.0100003,2.10047e-07
30.0,2.464733627e-08,3.117438811e-05,0.0100004,1.56625e-07
30.0,1.52320431e-07,3.142341933e-05,0.0100003,5.00308e-08
30.0,-8.31413399e-08,1.186113898e-05,0.0100002,2.69706e-07
30.0,5.661303252e-08,6.645341667e-06,0.01,5.82821e-07
30.0,-1.146429347e-07,1.220328845e-05,0.0100003,2.07206e-08
Freq,30,Rs,6.8096751153125e-06,1.8585939727829886e-05,Ls,2.9011799591950005e-08,8.496359477047364e-08
":SOUR:DCS:STAT OFF;:BIAS:STAT OFF;:COMP:BIN:COUN:CLE;:LIST:CLE:ALL;:COMP:BIN:CLE;:AMPL:ALC OFF;:APER LONG,1;:BIAS:POL:AUTO OFF;:BIAS:RANG:AUTO ON;:BIAS:VOLT:LEV 0;:COMP:ABIN OFF;:COMP:BIN:COUN:STAT OFF;:COMP:MODE PTOL;:COMP:SLIM -9.9e+037,9.9e+037;:COMP:STAT OFF;:COMP:SWAP OFF;:COMP:TOL:NOM 0;:DISP:ENAB ON;:DISP:LINE """";:DISP:WIND:TEXT1:DATA:FMSD:DATA 1e-009;:DISP:WIND:TEXT2:DATA:FMSD:DATA 1e-009;:FORM:ASC:LONG ON;:FORM:BORD NORM;:FORM:DATA ASC,64;:FREQ:CW 30;:FUNC:DEV1:MODE OFF;:FUNC:DEV1:REF:VAL 0;:FUNC:DEV2:MODE OFF;:FUNC:DEV2:REF:VAL 0;:FUNC:IMP:TYPE LSRS;:FUNC:SMON:IDC:STAT OFF;:FUNC:SMON:VDC:STAT OFF;:INIT:CONT OFF;:LIST:MODE SEQ;:LIST:STIM:TYPE FREQ,NONE;:SOUR:DCS:VOLT:LEV 0;:TRIG:DEL 0;:TRIG:SOUR INT;:TRIG:TDEL 0;:VOLT:LEV 1;:DISP:WIND:TEXT1:DATA:FMSD:STAT OFF;:DISP:WIND:TEXT2:DATA:FMSD:STAT OFF;:FUNC:DCR:RANG:VAL 100;:FUNC:IMP:RANG:VAL 1;:OUTP:DC:ISOL:LEV:VAL 0.02;:OUTP:DC:ISOL:STAT OFF;:FUNC:DCR:RANG:AUTO ON;:FUNC:IMP:RANG:AUTO ON;:OUTP:DC:ISOL:LEV:AUTO ON;:DISP:PAGE MEASurement;
"
40.0,-1.749564635e-08,-9.969562483e-07,0.00999945,1.19033e-07
40.0,-3.777624433e-09,2.429680496e-05,0.00999935,1.68569e-07
40.0,-3.230601986e-08,1.592340522e-05,0.00999936,3.86513e-07
40.0,-5.658000597e-08,-4.604805412e-06,0.00999946,2.09354e-07
40.0,-7.579805524e-08,-4.516579087e-06,0.00999957,1.99024e-07
40.0,4.267783293e-09,-4.136435156e-06,0.00999946,1.24841e-07
40.0,2.999674176e-08,-1.24351002e-05,0.00999949,1.75021e-07
40.0,-1.661989142e-07,9.24223117e-06,0.00999955,2.35886e-07
40.0,-1.080485678e-08,1.677362425e-05,0.00999953,6.53517e-08
40.0,-7.26678753e-08,-7.84690708e-06,0.00999963,1.9354e-07
40.0,1.537795912e-08,8.52369513e-06,0.00999958,1.32873e-07
40.0,3.655051808e-08,-2.257906759e-05,0.00999956,2.20874e-07
40.0,-1.957223011e-10,-2.762022543e-06,0.0099994,2.10541e-07
40.0,1.181895097e-08,9.913155811e-06,0.00999939,1.82731e-07
40.0,-1.050765888e-07,6.752794773e-06,0.00999954,2.38298e-07
40.0,-2.23071915e-08,1.020463505e-05,0.00999956,2.87612e-07
Freq,40,Rs,2.6095295654812496e-06,1.2153802907752022e-05,Ls,-2.907478421944375e-08,5.41439506246454e-08
":SOUR:DCS:STAT OFF;:BIAS:STAT OFF;:COMP:BIN:COUN:CLE;:LIST:CLE:ALL;:COMP:BIN:CLE;:AMPL:ALC OFF;:APER LONG,1;:BIAS:POL:AUTO OFF;:BIAS:RANG:AUTO ON;:BIAS:VOLT:LEV 0;:COMP:ABIN OFF;:COMP:BIN:COUN:STAT OFF;:COMP:MODE PTOL;:COMP:SLIM -9.9e+037,9.9e+037;:COMP:STAT OFF;:COMP:SWAP OFF;:COMP:TOL:NOM 0;:DISP:ENAB ON;:DISP:LINE """";:DISP:WIND:TEXT1:DATA:FMSD:DATA 1e-009;:DISP:WIND:TEXT2:DATA:FMSD:DATA 1e-009;:FORM:ASC:LONG ON;:FORM:BORD NORM;:FORM:DATA ASC,64;:FREQ:CW 40;:FUNC:DEV1:MODE OFF;:FUNC:DEV1:REF:VAL 0;:FUNC:DEV2:MODE OFF;:FUNC:DEV2:REF:VAL 0;:FUNC:IMP:TYPE LSRS;:FUNC:SMON:IDC:STAT OFF;:FUNC:SMON:VDC:STAT OFF;:INIT:CONT OFF;:LIST:MODE SEQ;:LIST:STIM:TYPE FREQ,NONE;:SOUR:DCS:VOLT:LEV 0;:TRIG:DEL 0;:TRIG:SOUR INT;:TRIG:TDEL 0;:VOLT:LEV 1;:DISP:WIND:TEXT1:DATA:FMSD:STAT OFF;:DISP:WIND:TEXT2:DATA:FMSD:STAT OFF;:FUNC:DCR:RANG:VAL 100;:FUNC:IMP:RANG:VAL 1;:OUTP:DC:ISOL:LEV:VAL 0.02;:OUTP:DC:ISOL:STAT OFF;:FUNC:DCR:RANG:AUTO ON;:FUNC:IMP:RANG:AUTO ON;:OUTP:DC:ISOL:LEV:AUTO ON;:DISP:PAGE MEASurement;
"
50.0,2.322589903e-07,-9.15919963e-06,0.0100307,6.95724e-07
50.0,1.323215696e-07,5.344362114e-06,0.0100308,8.26335e-07
50.0,2.19213505e-07,-4.726382915e-06,0.0100309,7.7716e-07
50.0,2.83589111e-07,-4.777189259e-05,0.0100308,7.24733e-07
50.0,2.280275619e-07,-4.541143231e-05,0.010031,2.13473e-07
50.0,1.230160225e-07,-3.149503954e-05,0.0100308,4.9385e-07
50.0,2.898085994e-08,-2.27183693e-05,0.0100309,5.65727e-07
50.0,6.424445867e-08,-1.468032809e-05,0.0100309,2.50045e-07
50.0,1.914192707e-07,1.644683657e-05,0.010031,5.02616e-07
50.0,2.071646748e-07,6.127092283e-06,0.0100309,6.99062e-07
50.0,2.632271183e-07,-4.401686095e-05,0.0100309,5.89155e-07
50.0,2.335195619e-07,-2.073269478e-05,0.0100309,7.27791e-07
50.0,1.578724621e-07,-2.26535963e-05,0.0100308,4.10151e-07
50.0,1.593267682e-07,-3.788012689e-05,0.0100308,2.07162e-07
50.0,1.148945615e-07,1.895133666e-06,0.0100309,1.29935e-07
50.0,2.229535706e-08,-2.442649571e-06,0.0100308,1.44083e-07
Freq,50,Rs,-1.71171967645625e-05,2.0244766694109893e-05,Ls,1.66335740841875e-07,8.030404366681108e-08
":SOUR:DCS:STAT OFF;:BIAS:STAT OFF;:COMP:BIN:COUN:CLE;:LIST:CLE:ALL;:COMP:BIN:CLE;:AMPL:ALC OFF;:APER LONG,1;:BIAS:POL:AUTO OFF;:BIAS:RANG:AUTO ON;:BIAS:VOLT:LEV 0;:COMP:ABIN OFF;:COMP:BIN:COUN:STAT OFF;:COMP:MODE PTOL;:COMP:SLIM -9.9e+037,9.9e+037;:COMP:STAT OFF;:COMP:SWAP OFF;:COMP:TOL:NOM 0;:DISP:ENAB ON;:DISP:LINE """";:DISP:WIND:TEXT1:DATA:FMSD:DATA 1e-009;:DISP:WIND:TEXT2:DATA:FMSD:DATA 1e-009;:FORM:ASC:LONG ON;:FORM:BORD NORM;:FORM:DATA ASC,64;:FREQ:CW 50;:FUNC:DEV1:MODE OFF;:FUNC:DEV1:REF:VAL 0;:FUNC:DEV2:MODE OFF;:FUNC:DEV2:REF:VAL 0;:FUNC:IMP:TYPE LSRS;:FUNC:SMON:IDC:STAT OFF;:FUNC:SMON:VDC:STAT OFF;:INIT:CONT OFF;:LIST:MODE SEQ;:LIST:STIM:TYPE FREQ,NONE;:SOUR:DCS:VOLT:LEV 0;:TRIG:DEL 0;:TRIG:SOUR INT;:TRIG:TDEL 0;:VOLT:LEV 1;:DISP:WIND:TEXT1:DATA:FMSD:STAT OFF;:DISP:WIND:TEXT2:DATA:FMSD:STAT OFF;:FUNC:DCR:RANG:VAL 100;:FUNC:IMP:RANG:VAL 1;:OUTP:DC:ISOL:LEV:VAL 0.02;:OUTP:DC:ISOL:STAT OFF;:FUNC:DCR:RANG:AUTO ON;:FUNC:IMP:RANG:AUTO ON;:OUTP:DC:ISOL:LEV:AUTO ON;:DISP:PAGE MEASurement;
"
70.0,2.469700044e-08,-5.094465833e-06,0.0100282,1.41033e-07
70.0,2.927970309e-08,-1.208639804e-05,0.0100284,2.95708e-07
70.0,2.186672305e-08,-4.224862416e-06,0.0100282,1.45435e-07
70.0,4.264981985e-08,1.190020605e-05,0.0100282,1.78079e-07
70.0,2.268764608e-08,-2.065266849e-05,0.0100284,2.67171e-07
70.0,3.494070034e-09,-2.042914613e-05,0.0100283,6.7272e-08
70.0,4.602151791e-08,1.676796475e-05,0.0100283,1.93912e-07
70.0,1.960005755e-08,-1.610420254e-05,0.0100282,3.84636e-07
70.0,-4.839241045e-10,-3.285781584e-06,0.0100282,1.86444e-07
70.0,8.562425562e-09,-1.224115404e-05,0.0100281,2.44422e-07
70.0,5.578822953e-08,2.781794163e-07,0.0100282,2.11644e-07
70.0,5.727048493e-08,-1.826184641e-05,0.0100283,2.16325e-07
70.0,8.954464699e-08,1.164802336e-05,0.0100283,2.47559e-07
70.0,2.780899512e-08,3.079053145e-05,0.0100282,2.31827e-07
70.0,2.060679989e-08,-2.198602902e-05,0.0100282,1.09332e-07
70.0,4.019925236e-08,1.352337304e-06,0.0100282,2.80136e-07
Freq,70,Rs,-3.8518320107937495e-06,1.5365910563682363e-05,Ls,3.184959051759375e-08,2.2892690960083605e-08
":SOUR:DCS:STAT OFF;:BIAS:STAT OFF;:COMP:BIN:COUN:CLE;:LIST:CLE:ALL;:COMP:BIN:CLE;:AMPL:ALC OFF;:APER LONG,1;:BIAS:POL:AUTO OFF;:BIAS:RANG:AUTO ON;:BIAS:VOLT:LEV 0;:COMP:ABIN OFF;:COMP:BIN:COUN:STAT OFF;:COMP:MODE PTOL;:COMP:SLIM -9.9e+037,9.9e+037;:COMP:STAT OFF;:COMP:SWAP OFF;:COMP:TOL:NOM 0;:DISP:ENAB ON;:DISP:LINE """";:DISP:WIND:TEXT1:DATA:FMSD:DATA 1e-009;:DISP:WIND:TEXT2:DATA:FMSD:DATA 1e-009;:FORM:ASC:LONG ON;:FORM:BORD NORM;:FORM:DATA ASC,64;:FREQ:CW 70;:FUNC:DEV1:MODE OFF;:FUNC:DEV1:REF:VAL 0;:FUNC:DEV2:MODE OFF;:FUNC:DEV2:REF:VAL 0;:FUNC:IMP:TYPE LSRS;:FUNC:SMON:IDC:STAT OFF;:FUNC:SMON:VDC:STAT OFF;:INIT:CONT OFF;:LIST:MODE SEQ;:LIST:STIM:TYPE FREQ,NONE;:SOUR:DCS:VOLT:LEV 0;:TRIG:DEL 0;:TRIG:SOUR INT;:TRIG:TDEL 0;:VOLT:LEV 1;:DISP:WIND:TEXT1:DATA:FMSD:STAT OFF;:DISP:WIND:TEXT2:DATA:FMSD:STAT OFF;:FUNC:DCR:RANG:VAL 100;:FUNC:IMP:RANG:VAL 1;:OUTP:DC:ISOL:LEV:VAL 0.02;:OUTP:DC:ISOL:STAT OFF;:FUNC:DCR:RANG:AUTO ON;:FUNC:IMP:RANG:AUTO ON;:OUTP:DC:ISOL:LEV:AUTO ON;:DISP:PAGE MEASurement;
"
100.0,-3.617544226e-09,-1.795541961e-05,0.0100216,2.94068e-07
100.0,4.080661908e-09,-3.87424093e-05,0.0100216,1.39223e-07
100.0,-1.787833083e-08,-1.760826282e-05,0.0100217,3.35226e-07
100.0,-2.74805944e-09,-2.12326701e-05,0.0100218,1.56314e-07
100.0,-1.236481342e-08,-2.616851983e-05,0.0100218,3.1263e-07
100.0,1.959005537e-09,-6.567013865e-06,0.0100218,3.27375e-07
100.0,-6.200818588e-09,-3.632008399e-05,0.0100217,2.78518e-07
100.0,1.387076068e-08,-1.64786077e-05,0.0100216,1.92767e-07
100.0,-1.740698646e-08,-5.671741794e-06,0.0100217,1.00004e-07
100.0,-9.743598917e-09,-1.090539887e-05,0.0100217,1.31423e-07
100.0,-4.108746121e-09,-2.689699039e-05,0.0100217,3.86817e-07
100.0,1.083387669e-08,-3.166667458e-05,0.0100217,4.8826e-07
100.0,-1.340881159e-08,5.217494167e-06,0.0100217,3.6964e-08
100.0,2.099783696e-08,-1.428995587e-05,0.0100217,5.93658e-08
100.0,-2.915122416e-08,-2.148533837e-05,0.0100217,3.88792e-07
100.0,-2.288581273e-08,-2.833326436e-05,0.0100218,3.50066e-07
Freq,100,Rs,-1.9694053580125e-05,1.1748214647212793e-05,Ls,-5.4857877941875e-09,1.3636844235914693e-08
":SOUR:DCS:STAT OFF;:BIAS:STAT OFF;:COMP:BIN:COUN:CLE;:LIST:CLE:ALL;:COMP:BIN:CLE;:AMPL:ALC OFF;:APER LONG,1;:BIAS:POL:AUTO OFF;:BIAS:RANG:AUTO ON;:BIAS:VOLT:LEV 0;:COMP:ABIN OFF;:COMP:BIN:COUN:STAT OFF;:COMP:MODE PTOL;:COMP:SLIM -9.9e+037,9.9e+037;:COMP:STAT OFF;:COMP:SWAP OFF;:COMP:TOL:NOM 0;:DISP:ENAB ON;:DISP:LINE """";:DISP:WIND:TEXT1:DATA:FMSD:DATA 1e-009;:DISP:WIND:TEXT2:DATA:FMSD:DATA 1e-009;:FORM:ASC:LONG ON;:FORM:BORD NORM;:FORM:DATA ASC,64;:FREQ:CW 100;:FUNC:DEV1:MODE OFF;:FUNC:DEV1:REF:VAL 0;:FUNC:DEV2:MODE OFF;:FUNC:DEV2:REF:VAL 0;:FUNC:IMP:TYPE LSRS;:FUNC:SMON:IDC:STAT OFF;:FUNC:SMON:VDC:STAT OFF;:INIT:CONT OFF;:LIST:MODE SEQ;:LIST:STIM:TYPE FREQ,NONE;:SOUR:DCS:VOLT:LEV 0;:TRIG:DEL 0;:TRIG:SOUR INT;:TRIG:TDEL 0;:VOLT:LEV 1;:DISP:WIND:TEXT1:DATA:FMSD:STAT OFF;:DISP:WIND:TEXT2:DATA:FMSD:STAT OFF;:FUNC:DCR:RANG:VAL 100;:FUNC:IMP:RANG:VAL 1;:OUTP:DC:ISOL:LEV:VAL 0.02;:OUTP:DC:ISOL:STAT OFF;:FUNC:DCR:RANG:AUTO ON;:FUNC:IMP:RANG:AUTO ON;:OUTP:DC:ISOL:LEV:AUTO ON;:DISP:PAGE MEASurement;
"
200.0,-4.913158043e-09,-1.361204646e-05,0.0100164,2.46464e-07
200.0,-4.736065773e-09,-6.914185314e-07,0.0100164,1.46328e-07
200.0,-1.745572407e-08,-1.82180981e-06,0.0100164,1.25328e-07
200.0,-3.321347122e-09,3.159559677e-06,0.0100166,1.26823e-07
200.0,-4.895295128e-09,3.649145099e-06,0.0100165,7.21123e-08
200.0,-1.905692662e-09,-9.821799286e-06,0.0100165,3.76428e-08
200.0,-5.826569755e-09,1.313705299e-05,0.0100165,2.73374e-08
200.0,-5.296618789e-09,-7.255348049e-06,0.0100166,2.50738e-07
200.0,-7.621198832e-09,-1.059492903e-05,0.0100164,3.28841e-08
200.0,-3.771947521e-09,-4.369812772e-06,0.0100164,1.80275e-08
200.0,2.643618686e-09,2.503288561e-06,0.0100164,1.1886e-07
200.0,-1.353929884e-08,-3.511667639e-07,0.0100165,1.6956e-07
200.0,-1.788454405e-09,-5.502936412e-06,0.0100166,1.59754e-07
200.0,-7.409775407e-09,-1.615804304e-05,0.0100166,7.33376e-08
200.0,-1.041134331e-09,1.462838499e-06,0.0100165,1.30481e-07
200.0,6.473038624e-09,-1.389589525e-05,0.0100166,1.81304e-07
Freq,200,Rs,-3.76020753614375e-06,7.883253832837782e-06,Ls,-4.6503514605e-09,5.5951680274533855e-09
":SOUR:DCS:STAT OFF;:BIAS:STAT OFF;:COMP:BIN:COUN:CLE;:LIST:CLE:ALL;:COMP:BIN:CLE;:AMPL:ALC OFF;:APER LONG,1;:BIAS:POL:AUTO OFF;:BIAS:RANG:AUTO ON;:BIAS:VOLT:LEV 0;:COMP:ABIN OFF;:COMP:BIN:COUN:STAT OFF;:COMP:MODE PTOL;:COMP:SLIM -9.9e+037,9.9e+037;:COMP:STAT OFF;:COMP:SWAP OFF;:COMP:TOL:NOM 0;:DISP:ENAB ON;:DISP:LINE """";:DISP:WIND:TEXT1:DATA:FMSD:DATA 1e-009;:DISP:WIND:TEXT2:DATA:FMSD:DATA 1e-009;:FORM:ASC:LONG ON;:FORM:BORD NORM;:FORM:DATA ASC,64;:FREQ:CW 200;:FUNC:DEV1:MODE OFF;:FUNC:DEV1:REF:VAL 0;:FUNC:DEV2:MODE OFF;:FUNC:DEV2:REF:VAL 0;:FUNC:IMP:TYPE LSRS;:FUNC:SMON:IDC:STAT OFF;:FUNC:SMON:VDC:STAT OFF;:INIT:CONT OFF;:LIST:MODE SEQ;:LIST:STIM:TYPE FREQ,NONE;:SOUR:DCS:VOLT:LEV 0;:TRIG:DEL 0;:TRIG:SOUR INT;:TRIG:TDEL 0;:VOLT:LEV 1;:DISP:WIND:TEXT1:DATA:FMSD:STAT OFF;:DISP:WIND:TEXT2:DATA:FMSD:STAT OFF;:FUNC:DCR:RANG:VAL 100;:FUNC:IMP:RANG:VAL 1;:OUTP:DC:ISOL:LEV:VAL 0.02;:OUTP:DC:ISOL:STAT OFF;:FUNC:DCR:RANG:AUTO ON;:FUNC:IMP:RANG:AUTO ON;:OUTP:DC:ISOL:LEV:AUTO ON;:DISP:PAGE MEASurement;
"
300.0,4.919388198e-09,-7.412652319e-07,0.010016,2.80412e-07
300.0,1.977911376e-08,3.067343275e-06,0.010016,1.04341e-07
300.0,9.433329049e-10,9.20902929e-06,0.0100161,5.80883e-08
300.0,7.672857805e-09,-1.191320443e-06,0.0100161,1.41973e-07
300.0,6.686488379e-09,-1.385215494e-06,0.0100161,2.54544e-07
300.0,2.419133262e-09,1.672943742e-05,0.0100162,2.12643e-07
300.0,4.488880761e-09,1.649072101e-05,0.010016,2.16595e-07
300.0,7.879713204e-09,1.31129487e-05,0.0100162,8.38166e-08
300.0,1.209954412e-09,2.269143239e-05,0.010016,2.62786e-07
300.0,2.305680476e-09,1.961695294e-05,0.0100161,3.36639e-07
300.0,1.248752897e-08,2.806056412e-06,0.0100161,1.61049e-07
300.0,1.320111699e-08,-2.233110603e-06,0.010016,1.62212e-07
300.0,1.392759186e-08,5.960941678e-06,0.0100161,2.53711e-07
300.0,7.853983883e-09,1.79866263e-07,0.010016,2.92417e-07
300.0,2.992058532e-09,-4.449237517e-06,0.0100159,1.55108e-07
300.0,9.779079751e-09,2.674331169e-06,0.0100162,2.54801e-07
Freq,300,Rs,6.408681953631251e-06,8.717148181979546e-06,Ls,7.40911894674375e-09,5.334732895517605e-09
":SOUR:DCS:STAT OFF;:BIAS:STAT OFF;:COMP:BIN:COUN:CLE;:LIST:CLE:ALL;:COMP:BIN:CLE;:AMPL:ALC OFF;:APER LONG,1;:BIAS:POL:AUTO OFF;:BIAS:RANG:AUTO ON;:BIAS:VOLT:LEV 0;:COMP:ABIN OFF;:COMP:BIN:COUN:STAT OFF;:COMP:MODE PTOL;:COMP:SLIM -9.9e+037,9.9e+037;:COMP:STAT OFF;:COMP:SWAP OFF;:COMP:TOL:NOM 0;:DISP:ENAB ON;:DISP:LINE """";:DISP:WIND:TEXT1:DATA:FMSD:DATA 1e-009;:DISP:WIND:TEXT2:DATA:FMSD:DATA 1e-009;:FORM:ASC:LONG ON;:FORM:BORD NORM;:FORM:DATA ASC,64;:FREQ:CW 300;:FUNC:DEV1:MODE OFF;:FUNC:DEV1:REF:VAL 0;:FUNC:DEV2:MODE OFF;:FUNC:DEV2:REF:VAL 0;:FUNC:IMP:TYPE LSRS;:FUNC:SMON:IDC:STAT OFF;:FUNC:SMON:VDC:STAT OFF;:INIT:CONT OFF;:LIST:MODE SEQ;:LIST:STIM:TYPE FREQ,NONE;:SOUR:DCS:VOLT:LEV 0;:TRIG:DEL 0;:TRIG:SOUR INT;:TRIG:TDEL 0;:VOLT:LEV 1;:DISP:WIND:TEXT1:DATA:FMSD:STAT OFF;:DISP:WIND:TEXT2:DATA:FMSD:STAT OFF;:FUNC:DCR:RANG:VAL 100;:FUNC:IMP:RANG:VAL 1;:OUTP:DC:ISOL:LEV:VAL 0.02;:OUTP:DC:ISOL:STAT OFF;:FUNC:DCR:RANG:AUTO ON;:FUNC:IMP:RANG:AUTO ON;:OUTP:DC:ISOL:LEV:AUTO ON;:DISP:PAGE MEASurement;
"
500.0,-1.183499854e-09,5.032461317e-06,0.0100204,1.16627e-07
500.0,2.863958653e-09,-2.179242868e-06,0.0100204,1.78914e-07
500.0,3.095395732e-10,-1.24735588e-05,0.0100205,1.35763e-07
500.0,1.749561654e-09,-1.05879432e-05,0.0100206,7.53031e-08
500.0,2.521365201e-09,-7.628895082e-06,0.0100205,7.8983e-08
500.0,1.754907709e-09,-1.252139314e-05,0.0100204,2.93707e-08
500.0,3.27593418e-09,-1.327030158e-05,0.0100204,1.36282e-07
500.0,1.802120182e-09,-1.039054871e-05,0.0100205,8.39133e-08
500.0,2.386045875e-09,-1.169846939e-05,0.0100205,1.65194e-07
500.0,-7.962378452e-10,-7.729022466e-06,0.0100205,7.68793e-08
500.0,1.103590202e-09,-1.38954773e-05,0.0100205,1.41615e-08
500.0,3.837288572e-09,-1.284904152e-05,0.0100204,1.72457e-07
500.0,-2.553193458e-09,-8.606755047e-06,0.0100204,2.6639e-08
500.0,1.346380271e-10,-7.177123502e-06,0.0100204,7.51825e-08
500.0,2.538030294e-09,-7.390959577e-06,0.0100204,4.1748e-08
500.0,6.813458339e-10,-1.402498299e-05,0.0100204,1.78833e-07
Freq,500,Rs,-9.2119533659375e-06,4.971554081595888e-06,Ls,1.2765871749374998e-09,1.7476448703902052e-09
":SOUR:DCS:STAT OFF;:BIAS:STAT OFF;:COMP:BIN:COUN:CLE;:LIST:CLE:ALL;:COMP:BIN:CLE;:AMPL:ALC OFF;:APER LONG,1;:BIAS:POL:AUTO OFF;:BIAS:RANG:AUTO ON;:BIAS:VOLT:LEV 0;:COMP:ABIN OFF;:COMP:BIN:COUN:STAT OFF;:COMP:MODE PTOL;:COMP:SLIM -9.9e+037,9.9e+037;:COMP:STAT OFF;:COMP:SWAP OFF;:COMP:TOL:NOM 0;:DISP:ENAB ON;:DISP:LINE """";:DISP:WIND:TEXT1:DATA:FMSD:DATA 1e-009;:DISP:WIND:TEXT2:DATA:FMSD:DATA 1e-009;:FORM:ASC:LONG ON;:FORM:BORD NORM;:FORM:DATA ASC,64;:FREQ:CW 500;:FUNC:DEV1:MODE OFF;:FUNC:DEV1:REF:VAL 0;:FUNC:DEV2:MODE OFF;:FUNC:DEV2:REF:VAL 0;:FUNC:IMP:TYPE LSRS;:FUNC:SMON:IDC:STAT OFF;:FUNC:SMON:VDC:STAT OFF;:INIT:CONT OFF;:LIST:MODE SEQ;:LIST:STIM:TYPE FREQ,NONE;:SOUR:DCS:VOLT:LEV 0;:TRIG:DEL 0;:TRIG:SOUR INT;:TRIG:TDEL 0;:VOLT:LEV 1;:DISP:WIND:TEXT1:DATA:FMSD:STAT OFF;:DISP:WIND:TEXT2:DATA:FMSD:STAT OFF;:FUNC:DCR:RANG:VAL 100;:FUNC:IMP:RANG:VAL 1;:OUTP:DC:ISOL:LEV:VAL 0.02;:OUTP:DC:ISOL:STAT OFF;:FUNC:DCR:RANG:AUTO ON;:FUNC:IMP:RANG:AUTO ON;:OUTP:DC:ISOL:LEV:AUTO ON;:DISP:PAGE MEASurement;
"
800.0,8.365409596e-10,-6.24676787e-06,0.0100342,1.39595e-07
800.0,-7.039430882e-10,-4.697774688e-06,0.0100342,1.1948e-07
800.0,-1.713027214e-09,-1.281893899e-05,0.0100341,7.89803e-08
800.0,1.27907645e-10,-4.4165823e-06,0.0100342,1.04152e-07
800.0,-6.971694127e-10,-1.212902925e-05,0.0100342,1.13986e-07
800.0,6.171539387e-10,-1.402533543e-05,0.0100341,1.40313e-07
800.0,1.631596335e-09,-1.429123521e-05,0.0100342,1.32502e-07
800.0,-5.465877452e-10,-1.304518768e-05,0.0100342,1.39472e-07
800.0,1.154839256e-09,-4.873226161e-06,0.0100341,1.26088e-07
800.0,3.595681668e-10,-6.191566532e-06,0.0100341,1.7121e-07
800.0,9.134052178e-10,-1.964973166e-05,0.010034,2.34672e-07
800.0,1.197095759e-09,-1.603594957e-05,0.0100341,1.44221e-07
800.0,-3.325020456e-10,-1.488787181e-05,0.010034,1.2448e-07
800.0,-1.158917017e-09,-9.171937935e-06,0.0100342,1.34052e-07
800.0,-6.062668504e-10,-9.164878485e-06,0.0100342,4.76158e-08
800.0,-8.495116477e-10,-3.089127023e-06,0.0100341,7.79913e-08
Freq,800,Rs,-1.0295946287125e-05,4.9780617433694475e-06,Ls,1.4386391068749985e-11,9.74467472134802e-10
":SOUR:DCS:STAT OFF;:BIAS:STAT OFF;:COMP:BIN:COUN:CLE;:LIST:CLE:ALL;:COMP:BIN:CLE;:AMPL:ALC OFF;:APER LONG,1;:BIAS:POL:AUTO OFF;:BIAS:RANG:AUTO ON;:BIAS:VOLT:LEV 0;:COMP:ABIN OFF;:COMP:BIN:COUN:STAT OFF;:COMP:MODE PTOL;:COMP:SLIM -9.9e+037,9.9e+037;:COMP:STAT OFF;:COMP:SWAP OFF;:COMP:TOL:NOM 0;:DISP:ENAB ON;:DISP:LINE """";:DISP:WIND:TEXT1:DATA:FMSD:DATA 1e-009;:DISP:WIND:TEXT2:DATA:FMSD:DATA 1e-009;:FORM:ASC:LONG ON;:FORM:BORD NORM;:FORM:DATA ASC,64;:FREQ:CW 800;:FUNC:DEV1:MODE OFF;:FUNC:DEV1:REF:VAL 0;:FUNC:DEV2:MODE OFF;:FUNC:DEV2:REF:VAL 0;:FUNC:IMP:TYPE LSRS;:FUNC:SMON:IDC:STAT OFF;:FUNC:SMON:VDC:STAT OFF;:INIT:CONT OFF;:LIST:MODE SEQ;:LIST:STIM:TYPE FREQ,NONE;:SOUR:DCS:VOLT:LEV 0;:TRIG:DEL 0;:TRIG:SOUR INT;:TRIG:TDEL 0;:VOLT:LEV 1;:DISP:WIND:TEXT1:DATA:FMSD:STAT OFF;:DISP:WIND:TEXT2:DATA:FMSD:STAT OFF;:FUNC:DCR:RANG:VAL 100;:FUNC:IMP:RANG:VAL 1;:OUTP:DC:ISOL:LEV:VAL 0.02;:OUTP:DC:ISOL:STAT OFF;:FUNC:DCR:RANG:AUTO ON;:FUNC:IMP:RANG:AUTO ON;:OUTP:DC:ISOL:LEV:AUTO ON;:DISP:PAGE MEASurement;
"
1000.0,1.24600837e-09,8.109338208e-06,0.0100006,7.95789e-08
1000.0,3.062412547e-09,-2.843866241e-06,0.0100006,1.30474e-07
1000.0,1.743968118e-09,3.414525006e-07,0.0100005,8.65507e-08
1000.0,2.536161906e-09,-1.796873288e-06,0.0100008,1.14669e-07
1000.0,7.272994143e-10,7.65752798e-07,0.0100005,1.06083e-07
1000.0,2.096559357e-09,4.213555383e-06,0.0100006,1.64108e-07
1000.0,1.608926997e-09,-6.835242495e-06,0.0100005,1.04593e-07
1000.0,1.97053185e-09,-2.956725331e-06,0.0100005,1.29003e-07
1000.0,1.477561147e-09,5.014540467e-07,0.0100006,1.53678e-07
1000.0,2.617137963e-09,2.969075225e-06,0.0100005,9.86592e-08
1000.0,1.881813526e-09,5.998645311e-11,0.0100005,1.10957e-07
1000.0,1.059477479e-09,2.453731107e-06,0.0100005,1.07425e-07
1000.0,1.294246234e-09,2.886612047e-06,0.0100004,9.9521e-08
1000.0,1.259729308e-09,4.309257225e-06,0.0100005,1.43456e-07
1000.0,1.265142887e-09,3.834407263e-06,0.0100005,1.92146e-07
1000.0,1.592611089e-09,5.503256264e-06,0.0100005,1.18673e-07
Freq,1000,Rs,1.3409527936720695e-06,3.7345718285975454e-06,Ls,1.71497426201875e-09,6.238445308264195e-10
":SOUR:DCS:STAT OFF;:BIAS:STAT OFF;:COMP:BIN:COUN:CLE;:LIST:CLE:ALL;:COMP:BIN:CLE;:AMPL:ALC OFF;:APER LONG,1;:BIAS:POL:AUTO OFF;:BIAS:RANG:AUTO ON;:BIAS:VOLT:LEV 0;:COMP:ABIN OFF;:COMP:BIN:COUN:STAT OFF;:COMP:MODE PTOL;:COMP:SLIM -9.9e+037,9.9e+037;:COMP:STAT OFF;:COMP:SWAP OFF;:COMP:TOL:NOM 0;:DISP:ENAB ON;:DISP:LINE """";:DISP:WIND:TEXT1:DATA:FMSD:DATA 1e-009;:DISP:WIND:TEXT2:DATA:FMSD:DATA 1e-009;:FORM:ASC:LONG ON;:FORM:BORD NORM;:FORM:DATA ASC,64;:FREQ:CW 1000;:FUNC:DEV1:MODE OFF;:FUNC:DEV1:REF:VAL 0;:FUNC:DEV2:MODE OFF;:FUNC:DEV2:REF:VAL 0;:FUNC:IMP:TYPE LSRS;:FUNC:SMON:IDC:STAT OFF;:FUNC:SMON:VDC:STAT OFF;:INIT:CONT OFF;:LIST:MODE SEQ;:LIST:STIM:TYPE FREQ,NONE;:SOUR:DCS:VOLT:LEV 0;:TRIG:DEL 0;:TRIG:SOUR INT;:TRIG:TDEL 0;:VOLT:LEV 1;:DISP:WIND:TEXT1:DATA:FMSD:STAT OFF;:DISP:WIND:TEXT2:DATA:FMSD:STAT OFF;:FUNC:DCR:RANG:VAL 100;:FUNC:IMP:RANG:VAL 1;:OUTP:DC:ISOL:LEV:VAL 0.02;:OUTP:DC:ISOL:STAT OFF;:FUNC:DCR:RANG:AUTO ON;:FUNC:IMP:RANG:AUTO ON;:OUTP:DC:ISOL:LEV:AUTO ON;:DISP:PAGE MEASurement;
"
1591.5494309189535,2.866172251e-11,6.634775027e-06,0.0100641,5.81767e-08
1591.5494309189535,-5.546867721e-10,5.899987308e-06,0.0100641,1.26555e-07
1591.5494309189535,-4.282630484e-10,5.367714087e-06,0.0100642,1.53436e-08
1591.5494309189535,-1.542283044e-11,-6.902772091e-07,0.010064,6.7222e-08
1591.5494309189535,4.922976408e-10,7.185085891e-06,0.0100643,1.2011e-08
1591.5494309189535,-2.71486182e-10,9.784341244e-08,0.010064,1.03505e-07
1591.5494309189535,3.671708525e-10,4.982244797e-07,0.0100642,8.31369e-08
1591.5494309189535,-3.75506518e-10,1.08131353e-05,0.0100642,6.7001e-08
1591.5494309189535,3.137773948e-10,2.232922677e-07,0.0100641,8.12874e-08
1591.5494309189535,4.448809775e-10,1.481374971e-06,0.0100642,5.32723e-08
1591.5494309189535,7.1822573e-10,1.33236006e-05,0.0100642,4.01977e-08
1591.5494309189535,1.426469004e-11,9.282454452e-06,0.0100642,6.87262e-08
1591.5494309189535,-2.057893837e-10,2.451349688e-08,0.0100642,1.06156e-07
1591.5494309189535,3.486546563e-11,2.30280653e-06,0.0100641,6.44822e-08
1591.5494309189535,3.735103648e-10,-4.378458574e-06,0.0100641,1.02799e-07
1591.5494309189535,6.632696571e-10,7.877653851e-06,0.0100641,8.92642e-08
Freq,1591.5494309189535,Rs,4.12148286816375e-06,4.8826128190419795e-06,Ls,9.9985610065e-11,3.966107975036588e-10
":SOUR:DCS:STAT OFF;:BIAS:STAT OFF;:COMP:BIN:COUN:CLE;:LIST:CLE:ALL;:COMP:BIN:CLE;:AMPL:ALC OFF;:APER LONG,1;:BIAS:POL:AUTO OFF;:BIAS:RANG:AUTO ON;:BIAS:VOLT:LEV 0;:COMP:ABIN OFF;:COMP:BIN:COUN:STAT OFF;:COMP:MODE PTOL;:COMP:SLIM -9.9e+037,9.9e+037;:COMP:STAT OFF;:COMP:SWAP OFF;:COMP:TOL:NOM 0;:DISP:ENAB ON;:DISP:LINE """";:DISP:WIND:TEXT1:DATA:FMSD:DATA 1e-009;:DISP:WIND:TEXT2:DATA:FMSD:DATA 1e-009;:FORM:ASC:LONG ON;:FORM:BORD NORM;:FORM:DATA ASC,64;:FREQ:CW 1592;:FUNC:DEV1:MODE OFF;:FUNC:DEV1:REF:VAL 0;:FUNC:DEV2:MODE OFF;:FUNC:DEV2:REF:VAL 0;:FUNC:IMP:TYPE LSRS;:FUNC:SMON:IDC:STAT OFF;:FUNC:SMON:VDC:STAT OFF;:INIT:CONT OFF;:LIST:MODE SEQ;:LIST:STIM:TYPE FREQ,NONE;:SOUR:DCS:VOLT:LEV 0;:TRIG:DEL 0;:TRIG:SOUR INT;:TRIG:TDEL 0;:VOLT:LEV 1;:DISP:WIND:TEXT1:DATA:FMSD:STAT OFF;:DISP:WIND:TEXT2:DATA:FMSD:STAT OFF;:FUNC:DCR:RANG:VAL 100;:FUNC:IMP:RANG:VAL 1;:OUTP:DC:ISOL:LEV:VAL 0.02;:OUTP:DC:ISOL:STAT OFF;:FUNC:DCR:RANG:AUTO ON;:FUNC:IMP:RANG:AUTO ON;:OUTP:DC:ISOL:LEV:AUTO ON;:DISP:PAGE MEASurement;
"
2000.0,2.363150166e-10,-6.067602341e-06,0.0100538,5.6575e-08
2000.0,5.533231898e-10,-7.668787369e-06,0.010054,7.73286e-08
2000.0,1.104711708e-09,-1.011676554e-05,0.0100539,1.22883e-07
2000.0,5.966580341e-10,-8.473732646e-06,0.0100539,1.05697e-07
2000.0,3.795235007e-10,9.833346134e-07,0.0100538,5.92231e-08
2000.0,7.957984601e-10,-4.264837882e-06,0.0100539,2.72214e-07
2000.0,8.233182797e-10,-3.021682675e-06,0.0100538,7.15714e-08
2000.0,6.22764053e-10,-8.71796875e-06,0.0100539,1.51983e-07
2000.0,-3.136148461e-10,-4.218137735e-06,0.010054,7.81731e-08
2000.0,3.880752564e-10,-5.614929381e-07,0.0100539,1.67031e-07
2000.0,-5.124036731e-10,-8.116147202e-06,0.0100538,7.91245e-08
2000.0,6.896222458e-10,1.193214313e-06,0.0100538,1.01136e-07
2000.0,-2.601122004e-10,-9.010933637e-07,0.0100539,1.01847e-07
2000.0,1.141030071e-09,-2.235437301e-06,0.0100538,5.00588e-08
2000.0,4.172713339e-10,-1.34033706e-06,0.0100539,1.31233e-07
2000.0,7.38103699e-10,-5.348041596e-06,0.0100539,5.66385e-08
Freq,2000,Rs,-4.304719717025e-06,3.644077390180708e-06,Ls,4.6252400803125e-10,4.784822929228961e-10
":SOUR:DCS:STAT OFF;:BIAS:STAT OFF;:COMP:BIN:COUN:CLE;:LIST:CLE:ALL;:COMP:BIN:CLE;:AMPL:ALC OFF;:APER LONG,1;:BIAS:POL:AUTO OFF;:BIAS:RANG:AUTO ON;:BIAS:VOLT:LEV 0;:COMP:ABIN OFF;:COMP:BIN:COUN:STAT OFF;:COMP:MODE PTOL;:COMP:SLIM -9.9e+037,9.9e+037;:COMP:STAT OFF;:COMP:SWAP OFF;:COMP:TOL:NOM 0;:DISP:ENAB ON;:DISP:LINE """";:DISP:WIND:TEXT1:DATA:FMSD:DATA 1e-009;:DISP:WIND:TEXT2:DATA:FMSD:DATA 1e-009;:FORM:ASC:LONG ON;:FORM:BORD NORM;:FORM:DATA ASC,64;:FREQ:CW 2000;:FUNC:DEV1:MODE OFF;:FUNC:DEV1:REF:VAL 0;:FUNC:DEV2:MODE OFF;:FUNC:DEV2:REF:VAL 0;:FUNC:IMP:TYPE LSRS;:FUNC:SMON:IDC:STAT OFF;:FUNC:SMON:VDC:STAT OFF;:INIT:CONT OFF;:LIST:MODE SEQ;:LIST:STIM:TYPE FREQ,NONE;:SOUR:DCS:VOLT:LEV 0;:TRIG:DEL 0;:TRIG:SOUR INT;:TRIG:TDEL 0;:VOLT:LEV 1;:DISP:WIND:TEXT1:DATA:FMSD:STAT OFF;:DISP:WIND:TEXT2:DATA:FMSD:STAT OFF;:FUNC:DCR:RANG:VAL 100;:FUNC:IMP:RANG:VAL 1;:OUTP:DC:ISOL:LEV:VAL 0.02;:OUTP:DC:ISOL:STAT OFF;:FUNC:DCR:RANG:AUTO ON;:FUNC:IMP:RANG:AUTO ON;:OUTP:DC:ISOL:LEV:AUTO ON;:DISP:PAGE MEASurement;
"
3000.0,-5.501368901e-10,-3.245558293e-06,0.0100172,1.47977e-07
3000.0,-4.412174949e-10,-7.850345033e-06,0.0100171,1.00853e-07
3000.0,-4.9081663e-10,-1.790808198e-06,0.0100171,1.45909e-07
3000.0,-3.175715694e-10,-1.348849542e-05,0.010017,1.2017e-07
3000.0,-3.270200324e-10,1.568854862e-06,0.0100171,7.63511e-08
3000.0,-4.672409679e-10,-9.070373723e-06,0.0100172,1.12694e-07
3000.0,-1.143397304e-10,-3.758748285e-06,0.0100172,8.08706e-08
3000.0,-2.379649359e-10,-5.376275146e-06,0.0100172,1.12724e-07
3000.0,-2.057007419e-10,-5.722230632e-06,0.0100172,4.09696e-08
3000.0,-6.067557459e-10,-1.964089251e-06,0.0100172,6.77633e-08
3000.0,-7.38650578e-10,-6.590856943e-06,0.0100172,1.44553e-07
3000.0,-1.228290758e-10,-2.448623759e-06,0.0100173,4.05623e-08
3000.0,-6.29424054e-11,-4.902254992e-06,0.0100172,1.12836e-07
3000.0,-4.158510782e-10,-3.213819036e-06,0.0100172,1.05902e-07
3000.0,-3.367526212e-10,-5.916747965e-06,0.0100173,6.23905e-08
3000.0,-3.834922861e-10,-6.449971257e-06,0.0100172,6.57985e-08
Freq,3000,Rs,-5.0137714419375e-06,3.462894815348464e-06,Ls,-3.6370517396875e-10,1.8726977127280256e-10
":SOUR:DCS:STAT OFF;:BIAS:STAT OFF;:COMP:BIN:COUN:CLE;:LIST:CLE:ALL;:COMP:BIN:CLE;:AMPL:ALC OFF;:APER LONG,1;:BIAS:POL:AUTO OFF;:BIAS:RANG:AUTO ON;:BIAS:VOLT:LEV 0;:COMP:ABIN OFF;:COMP:BIN:COUN:STAT OFF;:COMP:MODE PTOL;:COMP:SLIM -9.9e+037,9.9e+037;:COMP:STAT OFF;:COMP:SWAP OFF;:COMP:TOL:NOM 0;:DISP:ENAB ON;:DISP:LINE """";:DISP:WIND:TEXT1:DATA:FMSD:DATA 1e-009;:DISP:WIND:TEXT2:DATA:FMSD:DATA 1e-009;:FORM:ASC:LONG ON;:FORM:BORD NORM;:FORM:DATA ASC,64;:FREQ:CW 3000;:FUNC:DEV1:MODE OFF;:FUNC:DEV1:REF:VAL 0;:FUNC:DEV2:MODE OFF;:FUNC:DEV2:REF:VAL 0;:FUNC:IMP:TYPE LSRS;:FUNC:SMON:IDC:STAT OFF;:FUNC:SMON:VDC:STAT OFF;:INIT:CONT OFF;:LIST:MODE SEQ;:LIST:STIM:TYPE FREQ,NONE;:SOUR:DCS:VOLT:LEV 0;:TRIG:DEL 0;:TRIG:SOUR INT;:TRIG:TDEL 0;:VOLT:LEV 1;:DISP:WIND:TEXT1:DATA:FMSD:STAT OFF;:DISP:WIND:TEXT2:DATA:FMSD:STAT OFF;:FUNC:DCR:RANG:VAL 100;:FUNC:IMP:RANG:VAL 1;:OUTP:DC:ISOL:LEV:VAL 0.02;:OUTP:DC:ISOL:STAT OFF;:FUNC:DCR:RANG:AUTO ON;:FUNC:IMP:RANG:AUTO ON;:OUTP:DC:ISOL:LEV:AUTO ON;:DISP:PAGE MEASurement;
"
5000.0,-1.507863009e-10,-2.646887643e-06,0.0100073,7.82005e-09
5000.0,-4.858722127e-12,-4.526428198e-06,0.0100072,5.17416e-08
5000.0,-2.21649383e-10,-5.166825852e-06,0.0100072,3.56839e-08
5000.0,3.194801693e-11,-1.942496539e-06,0.0100072,6.0878e-08
5000.0,-1.734924594e-10,-8.611318519e-06,0.0100073,6.21225e-08
5000.0,2.818499982e-11,-5.078681836e-07,0.0100072,6.93037e-08
5000.0,-5.078726547e-11,-3.406178687e-06,0.0100073,3.51467e-08
5000.0,-1.844033722e-10,-3.805779852e-06,0.0100073,7.58204e-08
5000.0,4.682674951e-11,-7.889476805e-06,0.0100072,3.3197e-08
5000.0,2.959870164e-11,-6.173550986e-06,0.0100073,7.46563e-08
5000.0,-4.386705251e-11,-9.098064897e-08,0.0100073,6.04277e-08
5000.0,6.414562097e-11,-2.504103254e-06,0.0100072,7.21532e-08
5000.0,3.880534664e-11,-5.770471418e-06,0.0100073,3.47808e-08
5000.0,-1.303971009e-10,-1.081810399e-05,0.0100072,7.21757e-08
5000.0,-1.109714858e-10,-8.803529298e-07,0.0100072,6.80359e-08
5000.0,5.967179624e-11,-1.42197572e-06,0.0100074,6.90822e-09
Freq,5000,Rs,-4.135174951585625e-06,3.105157923640254e-06,Ls,-4.82519944098125e-11,9.886947561499347e-11
":SOUR:DCS:STAT OFF;:BIAS:STAT OFF;:COMP:BIN:COUN:CLE;:LIST:CLE:ALL;:COMP:BIN:CLE;:AMPL:ALC OFF;:APER LONG,1;:BIAS:POL:AUTO OFF;:BIAS:RANG:AUTO ON;:BIAS:VOLT:LEV 0;:COMP:ABIN OFF;:COMP:BIN:COUN:STAT OFF;:COMP:MODE PTOL;:COMP:SLIM -9.9e+037,9.9e+037;:COMP:STAT OFF;:COMP:SWAP OFF;:COMP:TOL:NOM 0;:DISP:ENAB ON;:DISP:LINE """";:DISP:WIND:TEXT1:DATA:FMSD:DATA 1e-009;:DISP:WIND:TEXT2:DATA:FMSD:DATA 1e-009;:FORM:ASC:LONG ON;:FORM:BORD NORM;:FORM:DATA ASC,64;:FREQ:CW 5000;:FUNC:DEV1:MODE OFF;:FUNC:DEV1:REF:VAL 0;:FUNC:DEV2:MODE OFF;:FUNC:DEV2:REF:VAL 0;:FUNC:IMP:TYPE LSRS;:FUNC:SMON:IDC:STAT OFF;:FUNC:SMON:VDC:STAT OFF;:INIT:CONT OFF;:LIST:MODE SEQ;:LIST:STIM:TYPE FREQ,NONE;:SOUR:DCS:VOLT:LEV 0;:TRIG:DEL 0;:TRIG:SOUR INT;:TRIG:TDEL 0;:VOLT:LEV 1;:DISP:WIND:TEXT1:DATA:FMSD:STAT OFF;:DISP:WIND:TEXT2:DATA:FMSD:STAT OFF;:FUNC:DCR:RANG:VAL 100;:FUNC:IMP:RANG:VAL 1;:OUTP:DC:ISOL:LEV:VAL 0.02;:OUTP:DC:ISOL:STAT OFF;:FUNC:DCR:RANG:AUTO ON;:FUNC:IMP:RANG:AUTO ON;:OUTP:DC:ISOL:LEV:AUTO ON;:DISP:PAGE MEASurement;
"
":SOUR:DCS:STAT OFF;:BIAS:STAT OFF;:COMP:BIN:COUN:CLE;:LIST:CLE:ALL;:COMP:BIN:CLE;:AMPL:ALC OFF;:APER LONG,1;:BIAS:POL:AUTO OFF;:BIAS:RANG:AUTO ON;:BIAS:VOLT:LEV 0;:COMP:ABIN OFF;:COMP:BIN:COUN:STAT OFF;:COMP:MODE PTOL;:COMP:SLIM -9.9e+037,9.9e+037;:COMP:STAT OFF;:COMP:SWAP OFF;:COMP:TOL:NOM 0;:DISP:ENAB ON;:DISP:LINE """";:DISP:WIND:TEXT1:DATA:FMSD:DATA 1e-009;:DISP:WIND:TEXT2:DATA:FMSD:DATA 1e-009;:FORM:ASC:LONG ON;:FORM:BORD NORM;:FORM:DATA ASC,64;:FREQ:CW 5000;:FUNC:DEV1:MODE OFF;:FUNC:DEV1:REF:VAL 0;:FUNC:DEV2:MODE OFF;:FUNC:DEV2:REF:VAL 0;:FUNC:IMP:TYPE LSRS;:FUNC:SMON:IDC:STAT OFF;:FUNC:SMON:VDC:STAT OFF;:INIT:CONT OFF;:LIST:MODE SEQ;:LIST:STIM:TYPE FREQ,NONE;:SOUR:DCS:VOLT:LEV 0;:TRIG:DEL 0;:TRIG:SOUR INT;:TRIG:TDEL 0;:VOLT:LEV 1;:DISP:WIND:TEXT1:DATA:FMSD:STAT OFF;:DISP:WIND:TEXT2:DATA:FMSD:STAT OFF;:FUNC:DCR:RANG:VAL 100;:FUNC:IMP:RANG:VAL 1;:OUTP:DC:ISOL:LEV:VAL 0.02;:OUTP:DC:ISOL:STAT OFF;:FUNC:DCR:RANG:AUTO ON;:FUNC:IMP:RANG:AUTO ON;:OUTP:DC:ISOL:LEV:AUTO ON;:DISP:PAGE MEASurement;
"
2024-04-18,17:02:24
---------run finished---------
